3436
89 2 0 1 2 3 12 37
5 10
6 10
7 10
8 10
9 10
5 11
6 11
7 11
8 11
9 11
0 12
1 12
2 12
3 12
4 12
10 12
11 12
0 13
1 13
2 13
3 13
4 13
5 13
6 13
7 13
8 13
9 13
0 14
1 14
2 14
3 14
4 14
5 14
6 14
7 14
8 14
9 14
107 1 0 1 2 10 11 34
0 10
0 11
0 12
1 12
2 12
3 12
4 12
5 12
6 12
7 12
8 12
9 12
1 13
2 13
3 13
4 13
5 13
6 13
7 13
8 13
9 13
10 13
11 13
1 14
2 14
3 14
4 14
5 14
6 14
7 14
8 14
9 14
10 14
11 14
131 4 0 1 2 3 10 34
0 10
1 10
2 10
3 10
4 10
0 11
1 11
2 11
3 11
4 11
5 12
6 12
7 12
8 12
9 12
10 12
11 12
5 13
6 13
7 13
8 13
9 13
10 13
11 13
0 14
1 14
2 14
3 14
4 14
5 14
6 14
7 14
8 14
9 14
184 3 6 7 8 9 11 39
6 9
7 9
8 9
2 10
3 10
4 10
5 10
9 10
0 11
1 11
6 11
7 11
8 11
10 11
0 12
1 12
2 12
3 12
4 12
5 12
9 12
0 13
1 13
2 13
3 13
4 13
5 13
6 13
7 13
8 13
0 14
1 14
2 14
3 14
4 14
5 14
6 14
7 14
8 14
186 3 0 1 2 10 11 38
6 9
7 9
8 9
0 10
1 10
9 10
0 11
1 11
2 11
3 11
4 11
5 11
9 11
2 12
3 12
4 12
5 12
6 12
7 12
8 12
10 12
2 13
3 13
4 13
5 13
6 13
7 13
8 13
10 13
0 14
1 14
2 14
3 14
4 14
5 14
6 14
7 14
8 14
228 4 0 1 2 3 12 36
4 9
5 9
6 9
4 10
5 10
6 10
7 10
8 10
4 11
5 11
6 11
7 11
8 11
0 12
1 12
2 12
3 12
9 12
10 12
11 12
0 13
1 13
2 13
3 13
7 13
8 13
9 13
0 14
1 14
2 14
3 14
4 14
5 14
6 14
7 14
8 14
230 5 0 1 2 3 13 36
4 9
5 9
6 9
7 9
8 9
5 10
6 10
7 10
8 10
5 11
6 11
7 11
8 11
0 12
1 12
2 12
3 12
4 12
10 12
11 12
0 13
1 13
2 13
3 13
9 13
10 13
11 13
0 14
1 14
2 14
3 14
4 14
5 14
6 14
7 14
8 14
232 4 0 1 2 3 12 38
4 9
5 9
6 9
7 9
8 9
4 10
5 10
6 10
7 10
8 10
4 11
5 11
6 11
7 11
8 11
0 12
1 12
2 12
3 12
9 12
10 12
11 12
0 13
1 13
2 13
3 13
9 13
10 13
11 13
0 14
1 14
2 14
3 14
4 14
5 14
6 14
7 14
8 14
233 3 0 1 2 3 12 40
4 9
5 9
6 9
7 9
8 9
4 10
5 10
6 10
7 10
8 10
4 11
5 11
6 11
7 11
8 11
0 12
1 12
2 12
3 12
9 12
10 12
11 12
0 13
1 13
2 13
3 13
4 13
5 13
6 13
7 13
8 13
0 14
1 14
2 14
3 14
4 14
5 14
6 14
7 14
8 14
242 4 0 1 2 9 10 37
3 9
4 9
0 10
1 10
2 10
9 10
3 11
4 11
5 11
6 11
7 11
8 11
10 11
3 12
4 12
5 12
6 12
7 12
8 12
10 12
0 13
1 13
2 13
5 13
6 13
7 13
8 13
9 13
0 14
1 14
2 14
3 14
4 14
5 14
6 14
7 14
8 14
258 3 0 1 9 10 11 38
2 9
3 9
0 10
1 10
9 10
0 11
1 11
4 11
5 11
6 11
7 11
8 11
9 11
2 12
3 12
4 12
5 12
6 12
7 12
8 12
10 12
2 13
3 13
4 13
5 13
6 13
7 13
8 13
10 13
0 14
1 14
2 14
3 14
4 14
5 14
6 14
7 14
8 14
296 3 0 1 2 9 11 38
0 9
1 9
5 10
6 10
7 10
8 10
9 10
0 11
1 11
2 11
3 11
4 11
10 11
2 12
3 12
4 12
5 12
6 12
7 12
8 12
9 12
2 13
3 13
4 13
5 13
6 13
7 13
8 13
9 13
0 14
1 14
2 14
3 14
4 14
5 14
6 14
7 14
8 14
303 2 0 1 2 9 10 38
0 9
1 9
1 10
2 10
3 10
7 10
8 10
2 11
4 11
5 11
6 11
7 11
8 11
9 11
3 12
4 12
5 12
6 12
7 12
8 12
9 12
2 13
3 13
4 13
5 13
6 13
7 13
8 13
9 13
0 14
1 14
2 14
3 14
4 14
5 14
6 14
7 14
8 14
378 3 5 6 8 9 10 35
6 8
5 9
6 9
7 9
0 10
5 10
8 10
2 11
3 11
4 11
5 11
7 11
8 11
1 12
2 12
3 12
4 12
6 12
7 12
10 12
0 13
1 13
2 13
3 13
4 13
8 13
9 13
0 14
1 14
2 14
3 14
4 14
5 14
6 14
7 14
396 2 6 7 8 9 10 39
6 8
7 8
6 9
7 9
6 10
7 10
0 11
1 11
2 11
3 11
4 11
5 11
6 11
7 11
1 12
2 12
3 12
4 12
5 12
8 12
9 12
10 12
1 13
2 13
3 13
4 13
5 13
8 13
9 13
10 13
0 14
1 14
2 14
3 14
4 14
5 14
8 14
9 14
10 14
402 4 6 7 8 9 10 36
6 8
7 8
6 9
7 9
1 10
2 10
6 10
7 10
3 11
4 11
5 11
8 11
9 11
10 11
0 12
2 12
3 12
4 12
5 12
8 12
9 12
1 13
2 13
3 13
4 13
5 13
8 13
9 13
0 14
1 14
2 14
3 14
4 14
5 14
6 14
7 14
416 6 0 1 2 3 13 34
6 8
7 8
4 9
5 9
4 10
5 10
6 10
7 10
0 11
1 11
4 11
5 11
8 11
2 12
3 12
6 12
7 12
9 12
11 12
0 13
1 13
2 13
3 13
8 13
9 13
10 13
0 14
1 14
2 14
3 14
4 14
5 14
6 14
7 14
419 4 4 5 7 9 10 37
6 8
7 8
4 9
5 9
7 9
4 10
5 10
8 10
0 11
1 11
2 11
3 11
6 11
7 11
10 11
0 12
1 12
2 12
3 12
6 12
9 12
10 12
0 13
1 13
2 13
3 13
4 13
5 13
8 13
0 14
1 14
2 14
3 14
4 14
5 14
6 14
7 14
425 4 0 1 2 10 14 36
6 8
7 8
2 9
0 10
1 10
2 10
8 10
3 11
4 11
5 11
6 11
7 11
9 11
10 11
3 12
4 12
5 12
6 12
7 12
9 12
10 12
0 13
1 13
3 13
4 13
5 13
8 13
9 13
0 14
1 14
2 14
3 14
4 14
5 14
6 14
7 14
426 5 0 1 2 12 14 35
6 8
7 8
2 9
6 9
3 10
4 10
5 10
7 10
9 10
3 11
4 11
5 11
6 11
7 11
0 12
1 12
2 12
8 12
10 12
11 12
0 13
1 13
3 13
4 13
5 13
8 13
9 13
0 14
1 14
2 14
3 14
4 14
5 14
6 14
7 14
434 3 0 6 7 9 10 39
6 8
7 8
0 9
6 9
7 9
0 10
6 10
7 10
2 11
3 11
4 11
5 11
8 11
9 11
10 11
1 12
2 12
3 12
4 12
5 12
8 12
9 12
10 12
1 13
2 13
3 13
4 13
5 13
8 13
9 13
10 13
0 14
1 14
2 14
3 14
4 14
5 14
6 14
7 14
437 3 0 1 8 9 10 38
6 8
7 8
0 9
1 9
8 9
0 10
8 10
0 11
1 11
2 11
3 11
4 11
5 11
8 11
1 12
2 12
3 12
4 12
5 12
6 12
7 12
10 12
2 13
3 13
4 13
5 13
6 13
7 13
9 13
10 13
2 14
3 14
4 14
5 14
6 14
7 14
9 14
10 14
438 5 0 1 2 9 10 39
6 8
7 8
0 9
1 9
8 9
0 10
1 10
8 10
0 11
1 11
2 11
3 11
4 11
5 11
8 11
2 12
3 12
4 12
5 12
6 12
7 12
9 12
10 12
2 13
3 13
4 13
5 13
6 13
7 13
9 13
10 13
0 14
1 14
2 14
3 14
4 14
5 14
6 14
7 14
454 4 0 1 5 9 10 36
5 8
5 9
6 9
7 9
0 10
1 10
5 10
2 11
3 11
4 11
6 11
7 11
8 11
10 11
2 12
3 12
4 12
6 12
7 12
8 12
10 12
0 13
1 13
2 13
3 13
4 13
8 13
9 13
0 14
1 14
2 14
3 14
4 14
5 14
6 14
7 14
482 5 5 6 7 8 9 38
5 8
6 8
7 8
6 9
7 9
3 10
4 10
8 10
9 10
0 11
1 11
2 11
3 11
4 11
5 11
9 11
0 12
1 12
2 12
5 12
6 12
7 12
10 12
0 13
1 13
2 13
3 13
4 13
8 13
9 13
0 14
1 14
2 14
3 14
4 14
5 14
6 14
7 14
484 5 0 1 5 10 12 38
5 8
6 8
7 8
6 9
7 9
0 10
1 10
5 10
6 10
7 10
2 11
3 11
4 11
8 11
9 11
10 11
0 12
1 12
2 12
3 12
4 12
5 12
9 12
0 13
1 13
2 13
3 13
4 13
8 13
9 13
0 14
1 14
2 14
3 14
4 14
5 14
6 14
7 14
495 5 0 1 2 3 13 36
5 8
6 8
7 8
5 9
6 9
7 9
4 10
5 10
6 10
7 10
0 11
4 11
8 11
9 11
1 12
2 12
3 12
5 12
6 12
7 12
11 12
0 13
1 13
2 13
3 13
8 13
9 13
10 13
0 14
1 14
2 14
3 14
4 14
5 14
6 14
7 14
496 5 0 1 2 3 12 36
5 8
6 8
7 8
5 9
6 9
7 9
3 10
5 10
6 10
7 10
4 11
5 11
6 11
7 11
0 12
1 12
2 12
3 12
8 12
9 12
11 12
0 13
1 13
2 13
4 13
8 13
9 13
10 13
0 14
1 14
2 14
3 14
4 14
5 14
6 14
7 14
499 5 0 1 2 12 14 38
5 8
6 8
7 8
5 9
6 9
7 9
3 10
4 10
5 10
6 10
7 10
3 11
4 11
5 11
6 11
7 11
0 12
1 12
2 12
8 12
9 12
10 12
11 12
0 13
1 13
2 13
3 13
4 13
8 13
9 13
0 14
1 14
2 14
3 14
4 14
5 14
6 14
7 14
508 4 0 2 3 10 11 39
5 8
6 8
7 8
4 9
5 9
6 9
7 9
0 10
2 10
3 10
8 10
9 10
0 11
1 11
2 11
3 11
4 11
8 11
1 12
4 12
5 12
6 12
7 12
10 12
1 13
2 13
3 13
4 13
5 13
6 13
7 13
0 14
1 14
2 14
3 14
4 14
5 14
6 14
7 14
510 6 0 1 2 13 14 35
5 8
6 8
7 8
3 9
4 9
7 9
0 10
3 10
4 10
8 10
3 11
4 11
5 11
6 11
7 11
1 12
2 12
5 12
6 12
9 12
10 12
0 13
1 13
2 13
8 13
9 13
11 13
0 14
1 14
2 14
3 14
4 14
5 14
6 14
7 14
512 5 0 1 2 10 11 36
5 8
6 8
7 8
2 9
3 9
8 9
0 10
1 10
9 10
0 11
1 11
2 11
3 11
4 11
8 11
2 12
3 12
4 12
5 12
6 12
7 12
10 12
2 13
3 13
4 13
5 13
6 13
7 13
10 13
0 14
1 14
4 14
5 14
6 14
7 14
9 14
514 5 2 3 4 9 11 36
5 8
6 8
7 8
2 9
3 9
4 9
0 10
1 10
8 10
9 10
0 11
2 11
3 11
4 11
8 11
1 12
5 12
6 12
7 12
9 12
11 12
2 13
3 13
4 13
5 13
6 13
7 13
10 13
0 14
1 14
2 14
3 14
4 14
5 14
6 14
7 14
518 5 1 5 6 8 9 36
5 8
6 8
7 8
1 9
5 9
6 9
0 10
1 10
8 10
2 11
3 11
4 11
7 11
9 11
10 11
0 12
2 12
3 12
4 12
8 12
9 12
2 13
3 13
4 13
5 13
6 13
7 13
10 13
0 14
1 14
2 14
3 14
4 14
5 14
6 14
7 14
522 3 0 1 8 9 10 39
5 8
6 8
7 8
0 9
8 9
0 10
1 10
2 10
8 10
3 11
4 11
5 11
6 11
7 11
9 11
10 11
0 12
2 12
3 12
4 12
5 12
6 12
7 12
1 13
2 13
3 13
4 13
5 13
6 13
7 13
9 13
1 14
2 14
3 14
4 14
5 14
6 14
7 14
9 14
225 4 0 1 2 3 12 36
4 9
5 9
4 10
5 10
6 10
7 10
8 10
4 11
5 11
6 11
7 11
8 11
0 12
1 12
2 12
3 12
9 12
10 12
11 12
0 13
1 13
2 13
3 13
6 13
7 13
8 13
9 13
0 14
1 14
2 14
3 14
4 14
5 14
6 14
7 14
8 14
524 5 0 1 2 13 14 37
5 8
6 8
7 8
0 9
5 9
6 9
7 9
3 10
4 10
5 10
6 10
7 10
3 11
4 11
5 11
6 11
7 11
1 12
2 12
3 12
4 12
8 12
9 12
0 13
1 13
2 13
8 13
10 13
11 13
0 14
1 14
2 14
3 14
4 14
5 14
6 14
7 14
500 5 0 1 2 12 14 36
5 8
6 8
7 8
5 9
6 9
7 9
2 10
5 10
6 10
7 10
3 11
4 11
5 11
6 11
7 11
0 12
1 12
2 12
8 12
9 12
11 12
0 13
1 13
3 13
4 13
8 13
9 13
10 13
0 14
1 14
2 14
3 14
4 14
5 14
6 14
7 14
423 5 0 1 3 11 14 35
6 8
7 8
3 9
4 9
5 9
8 9
0 10
6 10
7 10
9 10
0 11
1 11
3 11
8 11
2 12
4 12
5 12
6 12
7 12
11 12
1 13
2 13
3 13
4 13
5 13
8 13
10 13
0 14
1 14
2 14
3 14
4 14
5 14
6 14
7 14
528 5 0 1 2 9 12 36
5 8
6 8
7 8
0 9
1 9
2 10
3 10
4 10
8 10
9 10
0 11
1 11
5 11
6 11
7 11
10 11
0 12
1 12
2 12
3 12
4 12
8 12
2 13
3 13
4 13
5 13
6 13
7 13
9 13
2 14
3 14
4 14
5 14
6 14
7 14
9 14
559 6 0 1 2 3 12 36
4 8
7 8
4 9
7 9
5 10
6 10
8 10
9 10
5 11
6 11
8 11
9 11
0 12
1 12
2 12
3 12
4 12
7 12
10 12
11 12
0 13
1 13
2 13
3 13
5 13
6 13
8 13
9 13
0 14
1 14
2 14
3 14
4 14
5 14
6 14
7 14
563 5 1 4 7 8 9 35
4 8
7 8
1 9
7 9
4 10
5 10
6 10
7 10
2 11
3 11
5 11
6 11
8 11
9 11
0 12
1 12
2 12
3 12
8 12
10 12
0 13
2 13
3 13
4 13
5 13
6 13
9 13
0 14
1 14
2 14
3 14
4 14
5 14
6 14
7 14
575 5 4 6 7 8 10 37
4 8
6 8
7 8
5 9
6 9
7 9
3 10
4 10
5 10
6 10
7 10
0 11
1 11
2 11
3 11
4 11
9 11
0 12
1 12
2 12
3 12
5 12
8 12
0 13
1 13
2 13
8 13
9 13
10 13
0 14
1 14
2 14
3 14
4 14
5 14
6 14
7 14
576 4 2 3 8 10 12 37
4 8
6 8
7 8
5 9
6 9
7 9
2 10
3 10
8 10
9 10
4 11
5 11
6 11
7 11
10 11
0 12
1 12
2 12
3 12
8 12
9 12
11 12
0 13
1 13
4 13
5 13
6 13
7 13
10 13
0 14
1 14
2 14
3 14
4 14
5 14
6 14
7 14
557 4 4 6 8 9 10 36
4 8
7 8
5 9
6 9
8 9
2 10
3 10
4 10
6 10
0 11
1 11
5 11
7 11
10 11
0 12
1 12
2 12
3 12
4 12
7 12
9 12
0 13
1 13
2 13
3 13
5 13
6 13
8 13
0 14
1 14
2 14
3 14
4 14
5 14
6 14
7 14
577 4 6 7 8 9 10 37
4 8
6 8
7 8
5 9
6 9
7 9
2 10
3 10
8 10
9 10
0 11
1 11
2 11
3 11
4 11
9 11
0 12
1 12
2 12
3 12
5 12
8 12
0 13
1 13
4 13
5 13
6 13
7 13
10 13
0 14
1 14
2 14
3 14
4 14
5 14
6 14
7 14
583 5 0 1 2 3 12 35
4 8
5 8
6 9
7 9
8 9
4 10
5 10
6 10
7 10
4 11
5 11
6 11
7 11
0 12
1 12
2 12
3 12
8 12
10 12
11 12
0 13
1 13
2 13
3 13
9 13
10 13
11 13
0 14
1 14
2 14
3 14
4 14
5 14
6 14
7 14
600 5 2 3 8 10 13 35
4 8
5 8
0 9
1 9
2 10
3 10
6 10
7 10
8 10
9 10
4 11
5 11
6 11
7 11
9 11
4 12
5 12
6 12
7 12
9 12
0 13
1 13
2 13
3 13
8 13
11 13
12 13
0 14
1 14
2 14
3 14
4 14
5 14
6 14
7 14
525 5 0 1 2 12 13 37
5 8
6 8
7 8
0 9
3 9
4 9
8 9
3 10
4 10
5 10
6 10
7 10
3 11
4 11
5 11
6 11
7 11
1 12
2 12
5 12
6 12
7 12
9 12
0 13
1 13
2 13
8 13
10 13
11 13
0 14
1 14
2 14
3 14
4 14
5 14
6 14
7 14
616 4 0 1 8 12 13 38
4 8
5 8
6 8
7 8
4 9
5 9
6 9
7 9
2 10
4 10
5 10
6 10
7 10
3 11
4 11
5 11
6 11
7 11
0 12
1 12
2 12
8 12
9 12
11 12
0 13
1 13
3 13
8 13
9 13
10 13
0 14
1 14
2 14
3 14
4 14
5 14
6 14
7 14
618 4 1 2 3 11 12 38
4 8
5 8
6 8
7 8
4 9
5 9
6 9
7 9
0 10
4 10
5 10
1 11
2 11
3 11
8 11
9 11
10 11
1 12
2 12
3 12
6 12
7 12
10 12
0 13
2 13
3 13
4 13
5 13
6 13
7 13
0 14
1 14
2 14
3 14
4 14
5 14
6 14
7 14
624 3 0 1 2 4 12 36
4 8
5 8
6 8
7 8
3 9
5 9
7 9
2 10
3 10
6 10
7 10
0 11
1 11
8 11
9 11
10 11
0 12
1 12
2 12
4 12
6 12
9 12
2 13
3 13
4 13
5 13
6 13
7 13
11 13
0 14
1 14
3 14
4 14
5 14
6 14
7 14
632 4 0 1 2 3 12 37
3 8
5 9
6 9
7 9
8 9
4 10
5 10
6 10
7 10
8 10
4 11
5 11
6 11
7 11
8 11
0 12
1 12
2 12
3 12
9 12
10 12
11 12
0 13
1 13
2 13
4 13
6 13
7 13
8 13
0 14
1 14
2 14
3 14
4 14
5 14
6 14
7 14
650 5 3 6 7 8 10 37
3 8
6 8
7 8
4 9
5 9
7 9
3 10
4 10
5 10
6 10
7 10
0 11
1 11
2 11
3 11
6 11
9 11
0 12
1 12
2 12
4 12
5 12
8 12
0 13
1 13
2 13
8 13
9 13
10 13
0 14
1 14
2 14
3 14
4 14
5 14
6 14
7 14
661 4 0 1 2 12 14 37
3 8
5 8
6 8
7 8
0 9
3 9
4 10
5 10
6 10
7 10
9 10
4 11
5 11
6 11
7 11
9 11
0 12
1 12
2 12
8 12
10 12
11 12
1 13
2 13
4 13
5 13
6 13
7 13
9 13
0 14
1 14
2 14
3 14
4 14
5 14
6 14
7 14
665 6 0 1 2 8 10 35
3 8
4 8
5 9
6 9
7 9
0 10
1 10
2 10
8 10
9 10
0 11
5 11
6 11
7 11
8 11
1 12
2 12
3 12
4 12
9 12
11 12
3 13
4 13
5 13
6 13
7 13
10 13
0 14
1 14
2 14
3 14
4 14
5 14
6 14
7 14
677 5 2 3 4 8 9 36
3 8
4 8
2 9
3 9
4 9
5 10
6 10
7 10
8 10
9 10
2 11
5 11
6 11
7 11
8 11
0 12
1 12
3 12
4 12
10 12
11 12
0 13
1 13
5 13
6 13
7 13
8 13
9 13
0 14
1 14
2 14
3 14
4 14
5 14
6 14
7 14
679 5 0 2 6 9 12 36
3 8
4 8
0 9
2 9
8 9
3 10
4 10
5 10
6 10
7 10
9 10
1 11
3 11
4 11
5 11
9 11
0 12
2 12
6 12
7 12
8 12
11 12
1 13
2 13
5 13
6 13
7 13
8 13
0 14
1 14
2 14
3 14
4 14
5 14
6 14
7 14
682 3 0 1 2 10 14 36
3 8
4 8
7 8
3 9
4 9
6 9
7 9
1 10
2 10
5 10
6 10
8 10
2 11
3 11
4 11
5 11
6 11
7 11
0 12
2 12
3 12
5 12
6 12
7 12
0 13
1 13
4 13
5 13
6 13
7 13
0 14
1 14
2 14
5 14
8 14
9 14
683 3 0 1 2 10 14 36
3 8
4 8
7 8
3 9
4 9
5 9
7 9
1 10
2 10
6 10
8 10
9 10
2 11
3 11
4 11
5 11
6 11
7 11
0 12
2 12
3 12
5 12
6 12
7 12
0 13
1 13
4 13
5 13
6 13
7 13
0 14
1 14
2 14
5 14
6 14
8 14
502 5 0 3 4 10 12 36
5 8
6 8
7 8
5 9
6 9
7 9
0 10
3 10
4 10
8 10
9 10
1 11
2 11
4 11
8 11
9 11
0 12
3 12
5 12
6 12
7 12
11 12
1 13
2 13
5 13
6 13
7 13
10 13
0 14
1 14
2 14
3 14
4 14
5 14
6 14
7 14
685 3 0 1 5 10 13 37
3 8
4 8
7 8
1 9
4 9
5 9
6 9
7 9
0 10
1 10
5 10
8 10
2 11
3 11
4 11
6 11
7 11
10 11
2 12
3 12
4 12
5 12
6 12
7 12
0 13
1 13
2 13
5 13
6 13
8 13
0 14
1 14
2 14
3 14
5 14
6 14
7 14
692 6 0 1 2 3 14 36
3 8
4 8
5 8
0 9
3 9
1 10
6 10
7 10
8 10
9 10
2 11
6 11
7 11
8 11
9 11
0 12
3 12
4 12
5 12
10 12
11 12
1 13
2 13
4 13
5 13
6 13
7 13
9 13
0 14
1 14
2 14
3 14
4 14
5 14
6 14
7 14
695 4 0 1 2 12 13 39
3 8
4 8
5 8
6 8
7 8
4 9
5 9
6 9
7 9
4 10
5 10
6 10
7 10
4 11
5 11
6 11
7 11
0 12
1 12
2 12
3 12
9 12
10 12
11 12
0 13
1 13
2 13
8 13
9 13
10 13
11 13
0 14
1 14
2 14
3 14
4 14
5 14
6 14
7 14
294 4 0 1 2 3 12 36
0 9
1 9
5 10
6 10
7 10
8 10
9 10
5 11
6 11
7 11
8 11
9 11
0 12
1 12
2 12
3 12
4 12
10 12
11 12
2 13
3 13
4 13
5 13
6 13
7 13
8 13
9 13
0 14
1 14
2 14
3 14
4 14
5 14
6 14
7 14
8 14
696 3 0 1 2 12 13 42
3 8
4 8
5 8
6 8
7 8
3 9
4 9
5 9
6 9
7 9
3 10
4 10
5 10
6 10
7 10
3 11
4 11
5 11
6 11
7 11
0 12
1 12
2 12
8 12
9 12
10 12
11 12
0 13
1 13
2 13
8 13
9 13
10 13
11 13
0 14
1 14
2 14
3 14
4 14
5 14
6 14
7 14
706 4 0 1 2 10 11 36
2 8
2 9
5 9
6 9
7 9
0 10
1 10
2 10
0 11
1 11
3 11
4 11
8 11
9 11
3 12
4 12
5 12
6 12
7 12
8 12
10 12
3 13
4 13
5 13
6 13
7 13
8 13
10 13
0 14
1 14
2 14
3 14
4 14
5 14
6 14
7 14
728 4 2 6 7 8 9 37
2 8
5 8
6 8
7 8
3 9
4 9
6 9
7 9
6 10
7 10
0 11
1 11
2 11
5 11
9 11
10 11
0 12
1 12
3 12
4 12
8 12
10 12
0 13
1 13
2 13
3 13
4 13
5 13
10 13
0 14
1 14
2 14
3 14
4 14
5 14
6 14
7 14
735 6 2 4 5 8 11 34
2 8
4 8
5 8
3 9
6 9
7 9
8 9
2 10
6 10
7 10
3 11
4 11
5 11
10 11
0 12
1 12
6 12
7 12
8 12
11 12
0 13
1 13
4 13
5 13
9 13
10 13
0 14
1 14
2 14
3 14
4 14
5 14
6 14
7 14
736 5 0 1 10 11 12 35
2 8
4 8
5 8
3 9
6 9
7 9
8 9
0 10
1 10
3 10
8 10
0 11
1 11
2 11
9 11
4 12
5 12
6 12
7 12
10 12
11 12
4 13
5 13
6 13
7 13
10 13
11 13
0 14
1 14
2 14
3 14
4 14
5 14
6 14
7 14
739 4 0 1 2 12 13 39
2 8
3 8
4 9
5 9
6 9
7 9
8 9
4 10
5 10
6 10
7 10
8 10
4 11
5 11
6 11
7 11
8 11
0 12
1 12
2 12
3 12
9 12
10 12
11 12
0 13
1 13
4 13
5 13
6 13
7 13
8 13
0 14
1 14
2 14
3 14
4 14
5 14
6 14
7 14
740 5 0 1 3 10 14 35
2 8
3 8
2 9
6 9
7 9
0 10
1 10
3 10
9 10
0 11
1 11
4 11
5 11
8 11
9 11
4 12
5 12
6 12
7 12
8 12
10 12
4 13
5 13
6 13
7 13
8 13
10 13
0 14
1 14
2 14
3 14
4 14
5 14
6 14
7 14
746 5 0 2 3 8 12 35
2 8
3 8
1 9
2 9
1 10
6 10
7 10
8 10
3 11
4 11
5 11
6 11
7 11
9 11
0 12
2 12
3 12
4 12
5 12
10 12
0 13
4 13
5 13
6 13
7 13
8 13
9 13
0 14
1 14
2 14
3 14
4 14
5 14
6 14
7 14
742 5 0 2 3 8 9 36
2 8
3 8
2 9
3 9
0 10
1 10
8 10
4 11
5 11
6 11
7 11
9 11
10 11
2 12
3 12
4 12
5 12
6 12
7 12
10 12
0 13
1 13
4 13
5 13
6 13
7 13
8 13
9 13
0 14
1 14
2 14
3 14
4 14
5 14
6 14
7 14
747 4 0 2 3 8 9 37
2 8
3 8
0 9
2 9
3 9
1 10
2 10
3 10
4 11
5 11
6 11
7 11
8 11
9 11
10 11
0 12
4 12
5 12
6 12
7 12
8 12
10 12
1 13
4 13
5 13
6 13
7 13
8 13
9 13
0 14
1 14
2 14
3 14
4 14
5 14
6 14
7 14
749 5 0 1 9 10 12 36
2 8
3 8
0 9
1 9
0 10
1 10
6 10
7 10
8 10
4 11
5 11
6 11
7 11
8 11
9 11
2 12
3 12
4 12
5 12
9 12
10 12
2 13
3 13
4 13
5 13
6 13
7 13
9 13
0 14
1 14
2 14
3 14
4 14
5 14
6 14
7 14
751 5 0 1 2 8 9 36
2 8
3 8
0 9
1 9
8 9
4 10
5 10
6 10
7 10
8 10
4 11
5 11
6 11
7 11
9 11
0 12
1 12
2 12
3 12
10 12
11 12
2 13
3 13
4 13
5 13
6 13
7 13
9 13
0 14
1 14
2 14
3 14
4 14
5 14
6 14
7 14
755 5 2 3 7 8 10 37
2 8
3 8
7 8
4 9
5 9
6 9
7 9
0 10
1 10
2 10
3 10
7 10
4 11
5 11
6 11
8 11
10 11
0 12
1 12
2 12
3 12
9 12
11 12
0 13
1 13
4 13
5 13
6 13
8 13
0 14
1 14
2 14
3 14
4 14
5 14
6 14
7 14
777 3 0 1 3 9 12 37
1 8
0 9
1 9
3 9
4 10
5 10
6 10
7 10
8 10
9 10
2 11
3 11
5 11
6 11
7 11
8 11
0 12
3 12
4 12
6 12
7 12
8 12
2 13
4 13
5 13
6 13
7 13
8 13
9 13
0 14
1 14
2 14
3 14
4 14
5 14
6 14
7 14
796 3 0 2 4 10 13 37
1 8
3 8
7 8
3 9
4 9
5 9
6 9
7 9
0 10
2 10
4 10
8 10
1 11
3 11
5 11
6 11
7 11
10 11
2 12
3 12
4 12
5 12
6 12
7 12
0 13
2 13
4 13
5 13
6 13
8 13
0 14
1 14
2 14
4 14
5 14
6 14
7 14
798 4 0 1 8 9 10 36
1 8
2 8
6 9
7 9
8 9
0 10
1 10
3 10
9 10
2 11
4 11
5 11
6 11
7 11
10 11
1 12
2 12
3 12
4 12
5 12
9 12
0 13
3 13
4 13
5 13
6 13
7 13
8 13
0 14
1 14
2 14
3 14
4 14
5 14
6 14
7 14
800 3 0 1 2 8 9 41
1 8
2 8
0 9
1 9
2 9
3 10
4 10
5 10
6 10
7 10
8 10
9 10
3 11
4 11
5 11
6 11
7 11
8 11
9 11
3 12
4 12
5 12
6 12
7 12
8 12
9 12
0 13
3 13
4 13
5 13
6 13
7 13
8 13
0 14
1 14
2 14
3 14
4 14
5 14
6 14
7 14
812 5 1 2 3 8 13 37
1 8
2 8
3 8
4 8
0 9
5 9
6 9
7 9
8 9
0 10
1 10
2 10
3 10
4 11
5 11
6 11
7 11
10 11
4 12
5 12
6 12
7 12
10 12
1 13
2 13
3 13
9 13
11 13
12 13
0 14
1 14
2 14
3 14
4 14
5 14
6 14
7 14
816 4 0 6 7 9 10 37
0 8
6 9
7 9
8 9
0 10
1 10
6 10
7 10
2 11
3 11
4 11
5 11
9 11
10 11
0 12
1 12
2 12
3 12
4 12
5 12
9 12
1 13
2 13
3 13
4 13
5 13
6 13
7 13
8 13
1 14
2 14
3 14
4 14
5 14
6 14
7 14
8 14
820 4 0 2 6 8 9 35
0 8
2 9
6 9
7 9
8 9
0 10
6 10
7 10
3 11
4 11
5 11
6 11
7 11
8 11
1 12
3 12
4 12
5 12
9 12
10 12
1 13
2 13
3 13
4 13
5 13
8 13
10 13
0 14
1 14
2 14
3 14
4 14
5 14
6 14
7 14
825 3 0 1 8 9 10 39
0 8
0 9
1 10
2 10
8 10
9 10
0 11
3 11
4 11
5 11
6 11
7 11
10 11
0 12
1 12
2 12
3 12
4 12
5 12
6 12
7 12
1 13
2 13
3 13
4 13
5 13
6 13
7 13
8 13
9 13
1 14
2 14
3 14
4 14
5 14
6 14
7 14
8 14
9 14
831 4 1 2 9 10 13 36
0 8
0 9
6 9
7 9
1 10
2 10
9 10
3 11
4 11
5 11
6 11
7 11
8 11
10 11
3 12
4 12
5 12
6 12
7 12
8 12
10 12
1 13
2 13
3 13
4 13
5 13
8 13
9 13
0 14
1 14
2 14
3 14
4 14
5 14
6 14
7 14
832 2 0 1 3 9 12 37
0 8
0 9
2 9
3 9
5 9
1 10
4 10
6 10
7 10
8 10
9 10
2 11
4 11
5 11
6 11
7 11
8 11
0 12
1 12
3 12
5 12
6 12
7 12
1 13
3 13
4 13
5 13
6 13
7 13
8 13
2 14
3 14
4 14
5 14
6 14
7 14
8 14
835 4 1 2 3 9 11 37
0 8
0 9
1 9
2 9
3 9
4 10
5 10
6 10
7 10
9 10
1 11
2 11
3 11
8 11
10 11
0 12
4 12
5 12
6 12
7 12
11 12
1 13
2 13
3 13
4 13
5 13
6 13
7 13
8 13
1 14
2 14
3 14
4 14
5 14
6 14
7 14
8 14
773 4 1 2 3 9 11 37
1 8
1 9
2 9
3 9
0 10
6 10
7 10
8 10
9 10
1 11
2 11
3 11
4 11
5 11
10 11
0 12
4 12
5 12
6 12
7 12
8 12
9 12
2 13
3 13
4 13
5 13
6 13
7 13
8 13
0 14
1 14
2 14
3 14
4 14
5 14
6 14
7 14
401 6 0 1 2 3 13 33
6 8
7 8
6 9
7 9
2 10
3 10
6 10
4 11
5 11
7 11
10 11
0 12
1 12
4 12
5 12
8 12
9 12
10 12
0 13
1 13
2 13
3 13
8 13
9 13
11 13
0 14
1 14
2 14
3 14
4 14
5 14
6 14
7 14
610 4 4 5 8 9 10 39
4 8
5 8
6 8
7 8
4 9
5 9
4 10
5 10
0 11
1 11
2 11
3 11
8 11
9 11
10 11
0 12
1 12
2 12
3 12
6 12
7 12
9 12
10 12
0 13
1 13
2 13
3 13
6 13
7 13
9 13
10 13
0 14
1 14
2 14
3 14
4 14
5 14
6 14
7 14
837 4 0 6 7 8 9 36
0 8
7 8
0 9
6 9
1 10
2 10
6 10
8 10
3 11
4 11
5 11
7 11
9 11
10 11
1 12
2 12
3 12
4 12
5 12
7 12
9 12
1 13
2 13
3 13
4 13
5 13
6 13
8 13
0 14
1 14
2 14
3 14
4 14
5 14
6 14
7 14
839 5 0 6 7 8 9 37
0 8
6 8
7 8
6 9
7 9
1 10
2 10
8 10
9 10
3 11
4 11
5 11
6 11
7 11
10 11
0 12
1 12
2 12
3 12
4 12
5 12
9 12
1 13
2 13
3 13
4 13
5 13
8 13
9 13
0 14
1 14
2 14
3 14
4 14
5 14
6 14
7 14
841 4 3 4 5 9 13 38
0 8
6 8
7 8
3 9
4 9
5 9
8 9
4 10
5 10
8 10
1 11
2 11
6 11
7 11
9 11
10 11
0 12
1 12
2 12
3 12
6 12
7 12
10 12
1 13
2 13
3 13
4 13
5 13
6 13
7 13
0 14
1 14
2 14
3 14
4 14
5 14
6 14
7 14
842 5 0 1 2 9 14 37
0 8
6 8
7 8
0 9
1 9
2 9
1 10
2 10
8 10
1 11
2 11
3 11
4 11
5 11
8 11
3 12
4 12
5 12
6 12
7 12
9 12
10 12
3 13
4 13
5 13
6 13
7 13
9 13
10 13
0 14
1 14
2 14
3 14
4 14
5 14
6 14
7 14
838 4 0 1 8 9 10 36
0 8
7 8
0 9
1 9
1 10
2 10
8 10
3 11
4 11
5 11
6 11
7 11
9 11
10 11
2 12
3 12
4 12
5 12
6 12
7 12
9 12
1 13
2 13
3 13
4 13
5 13
6 13
8 13
0 14
1 14
2 14
3 14
4 14
5 14
6 14
7 14
843 5 0 1 2 9 10 36
0 8
6 8
7 8
0 9
1 9
2 9
1 10
2 10
3 10
8 10
4 11
5 11
6 11
7 11
9 11
10 11
3 12
4 12
5 12
6 12
7 12
9 12
1 13
2 13
3 13
4 13
5 13
8 13
0 14
1 14
2 14
3 14
4 14
5 14
6 14
7 14
684 4 0 5 6 9 11 35
3 8
4 8
7 8
1 9
5 9
6 9
7 9
1 10
5 10
8 10
0 11
2 11
5 11
6 11
8 11
2 12
3 12
4 12
6 12
7 12
10 12
0 13
2 13
3 13
4 13
9 13
10 13
0 14
1 14
2 14
3 14
4 14
5 14
6 14
7 14
853 5 0 1 4 8 10 35
0 8
4 8
3 9
5 9
6 9
7 9
8 9
1 10
2 10
3 10
8 10
4 11
5 11
6 11
7 11
10 11
4 12
5 12
6 12
7 12
10 12
0 13
1 13
2 13
9 13
11 13
12 13
0 14
1 14
2 14
3 14
4 14
5 14
6 14
7 14
856 5 0 2 3 8 10 35
0 8
4 8
0 9
1 9
1 10
2 10
3 10
8 10
4 11
5 11
6 11
7 11
9 11
10 11
4 12
5 12
6 12
7 12
9 12
10 12
2 13
3 13
5 13
6 13
7 13
8 13
9 13
0 14
1 14
2 14
3 14
4 14
5 14
6 14
7 14
861 5 0 1 2 13 14 35
0 8
3 8
3 9
6 9
7 9
4 10
5 10
6 10
7 10
8 10
1 11
2 11
4 11
5 11
8 11
9 11
3 12
4 12
5 12
6 12
7 12
0 13
1 13
2 13
9 13
10 13
12 13
0 14
1 14
2 14
3 14
4 14
5 14
6 14
7 14
865 4 0 1 2 8 11 35
0 8
3 8
0 9
2 9
3 10
4 10
5 10
9 10
1 11
2 11
6 11
7 11
8 11
10 11
3 12
4 12
5 12
6 12
7 12
9 12
1 13
4 13
5 13
6 13
7 13
8 13
9 13
0 14
1 14
2 14
3 14
4 14
5 14
6 14
7 14
866 3 0 2 3 8 9 37
0 8
3 8
0 9
2 9
3 9
5 9
4 10
5 10
6 10
7 10
8 10
1 11
2 11
3 11
6 11
7 11
1 12
4 12
6 12
7 12
8 12
9 12
1 13
2 13
4 13
5 13
6 13
7 13
8 13
0 14
1 14
2 14
3 14
4 14
5 14
6 14
7 14
868 4 0 1 3 8 9 36
0 8
3 8
4 8
1 9
2 9
8 9
0 10
1 10
2 11
5 11
6 11
7 11
8 11
10 11
3 12
4 12
5 12
6 12
7 12
9 12
10 12
3 13
4 13
5 13
6 13
7 13
9 13
10 13
0 14
1 14
2 14
3 14
4 14
5 14
6 14
7 14
869 5 0 1 3 8 11 40
0 8
3 8
4 8
0 9
3 9
4 9
2 10
3 10
4 10
5 10
6 10
7 10
1 11
5 11
6 11
7 11
8 11
9 11
1 12
2 12
5 12
6 12
7 12
8 12
9 12
1 13
2 13
5 13
6 13
7 13
8 13
9 13
0 14
1 14
2 14
3 14
4 14
5 14
6 14
7 14
871 3 0 1 2 8 13 40
0 8
2 8
1 9
2 9
3 10
4 10
5 10
6 10
7 10
8 10
9 10
3 11
4 11
5 11
6 11
7 11
8 11
9 11
0 12
3 12
4 12
5 12
6 12
7 12
9 12
1 13
3 13
4 13
5 13
6 13
7 13
8 13
0 14
1 14
2 14
3 14
4 14
5 14
6 14
7 14
608 4 4 6 7 8 11 36
4 8
5 8
6 8
7 8
6 9
7 9
2 10
3 10
5 10
9 10
0 11
1 11
4 11
6 11
7 11
10 11
0 12
1 12
2 12
3 12
8 12
9 12
0 13
1 13
2 13
3 13
4 13
5 13
9 13
1 14
2 14
3 14
4 14
5 14
6 14
7 14
873 3 0 1 2 8 9 39
0 8
2 8
6 8
7 8
0 9
1 9
2 9
1 10
3 10
4 10
5 10
8 10
3 11
4 11
5 11
6 11
7 11
9 11
3 12
4 12
5 12
6 12
7 12
9 12
1 13
2 13
3 13
4 13
5 13
6 13
7 13
0 14
1 14
2 14
3 14
4 14
5 14
6 14
7 14
882 4 0 1 6 8 10 37
0 8
1 8
6 9
7 9
8 9
0 10
1 10
6 10
7 10
2 11
3 11
4 11
5 11
9 11
10 11
2 12
3 12
4 12
5 12
6 12
7 12
8 12
0 13
1 13
2 13
3 13
4 13
5 13
9 13
0 14
1 14
2 14
3 14
4 14
5 14
6 14
7 14
877 4 0 2 3 8 9 39
0 8
2 8
3 8
1 9
2 9
3 9
0 10
4 10
5 10
6 10
7 10
9 10
4 11
5 11
6 11
7 11
8 11
9 11
1 12
4 12
5 12
6 12
7 12
8 12
1 13
2 13
3 13
4 13
5 13
6 13
7 13
0 14
1 14
2 14
3 14
4 14
5 14
6 14
7 14
888 5 2 3 4 10 11 37
0 8
1 8
5 9
6 9
7 9
8 9
2 10
3 10
4 10
8 10
0 11
2 11
3 11
4 11
9 11
1 12
5 12
6 12
7 12
10 12
11 12
0 13
1 13
2 13
3 13
4 13
5 13
6 13
7 13
0 14
1 14
2 14
3 14
4 14
5 14
6 14
7 14
890 4 0 2 3 12 14 38
0 8
1 8
4 9
5 9
6 9
7 9
8 9
4 10
5 10
6 10
7 10
8 10
1 11
4 11
5 11
6 11
7 11
0 12
2 12
3 12
9 12
10 12
11 12
2 13
3 13
4 13
5 13
6 13
7 13
8 13
0 14
1 14
2 14
3 14
4 14
5 14
6 14
7 14
892 5 0 1 2 8 10 37
0 8
1 8
2 9
3 9
8 9
0 10
2 10
3 10
2 11
3 11
4 11
5 11
6 11
7 11
8 11
1 12
4 12
5 12
6 12
7 12
9 12
10 12
1 13
4 13
5 13
6 13
7 13
9 13
10 13
0 14
1 14
2 14
3 14
4 14
5 14
6 14
7 14
895 6 0 1 5 8 12 38
0 8
1 8
2 9
3 9
4 9
2 10
3 10
4 10
8 10
2 11
3 11
4 11
5 11
6 11
7 11
8 11
0 12
1 12
5 12
6 12
7 12
9 12
10 12
0 13
1 13
5 13
6 13
7 13
9 13
10 13
0 14
1 14
2 14
3 14
4 14
5 14
6 14
7 14
894 5 2 3 4 9 12 37
0 8
1 8
2 9
3 9
4 9
5 10
6 10
7 10
8 10
9 10
0 11
1 11
5 11
6 11
7 11
9 11
0 12
1 12
2 12
3 12
4 12
10 12
2 13
3 13
4 13
5 13
6 13
7 13
8 13
0 14
1 14
2 14
3 14
4 14
5 14
6 14
7 14
897 4 0 1 8 9 12 36
0 8
1 8
2 9
3 9
4 9
8 9
1 10
3 10
4 10
7 10
0 11
2 11
5 11
6 11
10 11
0 12
1 12
5 12
6 12
7 12
9 12
2 13
3 13
4 13
5 13
6 13
7 13
8 13
0 14
1 14
2 14
3 14
4 14
5 14
6 14
7 14
898 3 0 1 5 8 10 40
0 8
1 8
2 9
3 9
4 9
8 9
0 10
1 10
5 10
6 10
7 10
9 10
3 11
4 11
5 11
6 11
7 11
8 11
2 12
3 12
4 12
5 12
6 12
7 12
8 12
1 13
2 13
3 13
4 13
5 13
6 13
7 13
0 14
1 14
2 14
3 14
4 14
5 14
6 14
7 14
903 5 1 2 3 10 12 36
0 8
1 8
0 9
6 9
7 9
1 10
2 10
3 10
9 10
4 11
5 11
6 11
7 11
8 11
10 11
1 12
2 12
3 12
4 12
5 12
9 12
2 13
3 13
4 13
5 13
6 13
7 13
8 13
0 14
1 14
2 14
3 14
4 14
5 14
6 14
7 14
901 2 0 1 8 9 10 39
0 8
1 8
1 9
1 10
0 11
1 11
2 11
3 11
4 11
5 11
6 11
7 11
0 12
2 12
3 12
4 12
5 12
6 12
7 12
9 12
10 12
2 13
3 13
4 13
5 13
6 13
7 13
8 13
9 13
10 13
2 14
3 14
4 14
5 14
6 14
7 14
8 14
9 14
10 14
906 5 0 2 3 9 12 37
0 8
1 8
0 9
2 9
3 9
5 10
6 10
7 10
8 10
9 10
1 11
4 11
5 11
6 11
7 11
9 11
0 12
1 12
2 12
3 12
4 12
10 12
2 13
3 13
4 13
5 13
6 13
7 13
8 13
0 14
1 14
2 14
3 14
4 14
5 14
6 14
7 14
907 5 2 3 4 9 10 37
0 8
1 8
0 9
2 9
3 9
4 9
2 10
3 10
4 10
8 10
1 11
5 11
6 11
7 11
9 11
10 11
0 12
1 12
5 12
6 12
7 12
10 12
2 13
3 13
4 13
5 13
6 13
7 13
8 13
0 14
1 14
2 14
3 14
4 14
5 14
6 14
7 14
909 5 0 1 2 8 9 37
0 8
1 8
0 9
1 9
2 10
3 10
4 10
8 10
5 11
6 11
7 11
9 11
10 11
2 12
3 12
4 12
5 12
6 12
7 12
8 12
9 12
0 13
1 13
2 13
3 13
4 13
5 13
6 13
7 13
0 14
1 14
2 14
3 14
4 14
5 14
6 14
7 14
851 3 0 2 3 9 12 37
0 8
5 8
6 8
7 8
0 9
2 9
3 9
4 9
4 10
5 10
6 10
7 10
1 11
5 11
6 11
7 11
9 11
1 12
2 12
3 12
8 12
10 12
1 13
2 13
3 13
4 13
5 13
6 13
7 13
0 14
1 14
2 14
3 14
4 14
5 14
6 14
7 14
916 4 0 1 6 8 9 36
0 8
1 8
0 9
1 9
6 9
7 9
0 10
2 10
3 10
6 10
1 11
4 11
5 11
7 11
10 11
2 12
3 12
4 12
5 12
8 12
9 12
2 13
3 13
4 13
5 13
6 13
7 13
8 13
0 14
1 14
2 14
3 14
4 14
5 14
6 14
7 14
918 4 0 1 6 9 10 39
0 8
1 8
0 9
1 9
6 9
7 9
0 10
1 10
6 10
7 10
2 11
3 11
4 11
5 11
8 11
9 11
10 11
2 12
3 12
4 12
5 12
6 12
7 12
8 12
2 13
3 13
4 13
5 13
6 13
7 13
8 13
0 14
1 14
2 14
3 14
4 14
5 14
6 14
7 14
926 3 0 1 8 9 10 39
0 8
1 8
4 8
5 8
2 9
3 9
6 9
7 9
8 9
0 10
1 10
9 10
2 11
4 11
5 11
6 11
7 11
10 11
3 12
4 12
5 12
6 12
7 12
10 12
2 13
3 13
4 13
5 13
6 13
7 13
10 13
0 14
1 14
2 14
3 14
4 14
5 14
6 14
7 14
931 3 0 1 2 8 9 39
0 8
1 8
2 8
1 9
2 9
1 10
2 10
0 11
3 11
4 11
5 11
6 11
7 11
9 11
10 11
0 12
1 12
2 12
3 12
4 12
5 12
6 12
7 12
3 13
4 13
5 13
6 13
7 13
8 13
9 13
10 13
3 14
4 14
5 14
6 14
7 14
8 14
9 14
10 14
932 5 0 1 2 8 14 37
0 8
1 8
2 8
1 9
2 9
1 10
2 10
6 10
7 10
0 11
3 11
4 11
5 11
9 11
10 11
3 12
4 12
5 12
6 12
7 12
8 12
9 12
3 13
4 13
5 13
6 13
7 13
8 13
9 13
0 14
1 14
2 14
3 14
4 14
5 14
6 14
7 14
934 4 0 1 2 8 9 37
0 8
1 8
2 8
1 9
2 9
0 10
3 10
4 10
9 10
1 11
2 11
5 11
6 11
7 11
10 11
3 12
4 12
5 12
6 12
7 12
8 12
9 12
0 13
3 13
4 13
5 13
6 13
7 13
9 13
0 14
1 14
2 14
3 14
4 14
5 14
6 14
7 14
935 4 0 1 2 8 14 41
0 8
1 8
2 8
1 9
2 9
0 10
3 10
4 10
5 10
6 10
7 10
9 10
3 11
4 11
5 11
6 11
7 11
8 11
9 11
3 12
4 12
5 12
6 12
7 12
8 12
9 12
1 13
2 13
3 13
4 13
5 13
6 13
7 13
0 14
1 14
2 14
3 14
4 14
5 14
6 14
7 14
938 4 0 1 2 8 9 37
0 8
1 8
2 8
1 9
2 9
6 9
7 9
1 10
2 10
6 10
7 10
0 11
3 11
4 11
5 11
9 11
10 11
3 12
4 12
5 12
6 12
7 12
8 12
3 13
4 13
5 13
6 13
7 13
8 13
0 14
1 14
2 14
3 14
4 14
5 14
6 14
7 14
940 3 0 1 2 8 14 41
0 8
1 8
2 8
0 9
1 9
3 10
4 10
5 10
6 10
7 10
8 10
9 10
3 11
4 11
5 11
6 11
7 11
8 11
9 11
2 12
3 12
4 12
5 12
6 12
7 12
9 12
2 13
3 13
4 13
5 13
6 13
7 13
9 13
0 14
1 14
2 14
3 14
4 14
5 14
6 14
7 14
951 4 0 1 2 8 12 41
0 8
1 8
2 8
3 8
4 9
5 9
6 9
7 9
8 9
3 10
4 10
5 10
6 10
7 10
3 11
4 11
5 11
6 11
7 11
0 12
1 12
2 12
9 12
10 12
11 12
0 13
1 13
2 13
3 13
4 13
5 13
6 13
7 13
0 14
1 14
2 14
3 14
4 14
5 14
6 14
7 14
760 3 0 1 5 9 14 41
2 8
3 8
4 8
0 9
1 9
5 9
6 9
7 9
8 9
0 10
1 10
8 10
2 11
3 11
4 11
5 11
6 11
7 11
10 11
2 12
3 12
4 12
5 12
6 12
7 12
10 12
2 13
3 13
4 13
5 13
6 13
7 13
10 13
0 14
1 14
2 14
3 14
4 14
5 14
6 14
7 14
956 4 1 2 3 8 9 39
0 8
1 8
2 8
3 8
1 9
2 9
3 9
1 10
2 10
3 10
4 11
5 11
6 11
7 11
8 11
9 11
10 11
0 12
4 12
5 12
6 12
7 12
9 12
10 12
0 13
4 13
5 13
6 13
7 13
9 13
10 13
0 14
1 14
2 14
3 14
4 14
5 14
6 14
7 14
1022 5 0 1 2 3 13 35
6 7
6 8
2 9
3 9
7 9
8 9
4 10
5 10
7 10
8 10
4 11
5 11
7 11
8 11
0 12
1 12
4 12
5 12
6 12
9 12
0 13
1 13
2 13
3 13
6 13
10 13
11 13
0 14
1 14
2 14
3 14
4 14
5 14
7 14
8 14
1029 5 0 1 5 9 11 36
6 7
6 8
0 9
1 9
2 10
3 10
4 10
6 10
9 10
0 11
1 11
5 11
7 11
8 11
10 11
2 12
3 12
4 12
5 12
7 12
8 12
9 12
2 13
3 13
4 13
5 13
7 13
8 13
9 13
0 14
1 14
2 14
3 14
4 14
5 14
6 14
912 2 0 1 8 9 10 41
0 8
1 8
0 9
1 9
0 10
1 10
0 11
1 11
2 11
3 11
4 11
5 11
6 11
7 11
2 12
3 12
4 12
5 12
6 12
7 12
8 12
9 12
10 12
2 13
3 13
4 13
5 13
6 13
7 13
8 13
9 13
10 13
2 14
3 14
4 14
5 14
6 14
7 14
8 14
9 14
10 14
1049 5 0 2 6 9 13 35
6 7
5 8
7 8
2 9
6 9
8 9
1 10
3 10
4 10
5 10
7 10
2 11
3 11
4 11
6 11
8 11
1 12
5 12
7 12
9 12
11 12
0 13
2 13
3 13
4 13
6 13
8 13
12 13
0 14
1 14
3 14
4 14
5 14
7 14
9 14
1079 6 0 1 4 11 12 36
6 7
4 8
5 8
2 9
3 9
5 9
6 9
2 10
3 10
6 10
8 10
0 11
1 11
4 11
7 11
9 11
10 11
0 12
1 12
4 12
5 12
7 12
10 12
0 13
1 13
2 13
3 13
7 13
8 13
0 14
1 14
2 14
3 14
4 14
5 14
6 14
1081 6 0 1 7 12 13 36
6 7
4 8
5 8
0 9
4 9
7 9
1 10
2 10
3 10
5 10
6 10
9 10
2 11
3 11
6 11
8 11
9 11
0 12
1 12
4 12
5 12
7 12
11 12
0 13
1 13
2 13
3 13
7 13
8 13
0 14
1 14
2 14
3 14
4 14
5 14
6 14
1082 6 0 1 7 9 12 36
6 7
4 8
5 8
0 9
1 9
7 9
2 10
3 10
4 10
5 10
6 10
9 10
2 11
3 11
6 11
8 11
9 11
0 12
1 12
4 12
5 12
7 12
11 12
0 13
1 13
2 13
3 13
7 13
8 13
0 14
1 14
2 14
3 14
4 14
5 14
6 14
1085 6 2 3 7 9 13 36
6 7
4 8
5 8
7 8
2 9
3 9
7 9
4 10
5 10
6 10
9 10
0 11
1 11
4 11
5 11
6 11
9 11
0 12
1 12
2 12
3 12
8 12
10 12
0 13
1 13
2 13
3 13
7 13
10 13
0 14
1 14
2 14
3 14
4 14
5 14
6 14
1108 6 0 1 2 9 10 36
6 7
2 8
7 8
1 9
6 9
8 9
0 10
2 10
7 10
9 10
3 11
4 11
5 11
6 11
8 11
10 11
1 12
3 12
4 12
5 12
6 12
8 12
0 13
2 13
3 13
4 13
5 13
7 13
9 13
0 14
1 14
2 14
3 14
4 14
5 14
7 14
1088 5 0 1 2 9 13 36
6 7
4 8
5 8
6 8
0 9
1 9
2 9
6 9
3 10
4 10
5 10
7 10
9 10
0 11
1 11
7 11
8 11
2 12
3 12
4 12
5 12
6 12
11 12
0 13
1 13
2 13
3 13
7 13
8 13
0 14
1 14
2 14
3 14
4 14
5 14
7 14
1109 6 0 1 2 13 14 35
6 7
2 8
7 8
0 9
1 9
8 9
3 10
4 10
5 10
6 10
8 10
3 11
4 11
5 11
6 11
9 11
2 12
3 12
4 12
5 12
7 12
9 12
0 13
1 13
2 13
7 13
10 13
11 13
0 14
1 14
2 14
3 14
4 14
5 14
6 14
1124 6 0 2 3 10 11 35
6 7
1 8
4 8
5 8
6 8
1 9
2 9
6 9
0 10
2 10
6 10
0 11
2 11
3 11
7 11
8 11
3 12
4 12
5 12
7 12
9 12
10 12
3 13
4 13
5 13
7 13
9 13
10 13
0 14
1 14
2 14
3 14
4 14
5 14
7 14
1122 5 1 3 4 11 14 35
6 7
1 8
5 8
6 8
2 9
5 9
6 9
0 10
7 10
8 10
9 10
1 11
3 11
4 11
7 11
9 11
2 12
3 12
4 12
5 12
6 12
10 12
0 13
2 13
3 13
4 13
7 13
8 13
0 14
1 14
2 14
3 14
4 14
5 14
7 14
1125 6 0 1 2 8 14 34
6 7
1 8
2 8
3 9
4 9
5 9
7 9
8 9
2 10
4 10
5 10
6 10
1 11
3 11
7 11
10 11
0 12
5 12
6 12
8 12
11 12
1 13
2 13
3 13
4 13
7 13
12 13
0 14
1 14
2 14
3 14
4 14
5 14
6 14
1137 5 1 2 7 10 11 36
6 7
0 8
1 8
2 8
6 8
3 9
4 9
5 9
7 9
8 9
1 10
2 10
5 10
7 10
1 11
2 11
7 11
0 12
3 12
4 12
5 12
6 12
11 12
0 13
3 13
4 13
6 13
10 13
11 13
0 14
1 14
2 14
3 14
4 14
5 14
7 14
872 5 0 1 2 8 9 36
0 8
2 8
1 9
2 9
0 10
3 10
4 10
9 10
1 11
2 11
5 11
6 11
7 11
10 11
3 12
4 12
5 12
6 12
7 12
8 12
9 12
1 13
3 13
4 13
5 13
6 13
7 13
8 13
0 14
1 14
2 14
3 14
4 14
5 14
6 14
7 14
1179 5 0 1 5 6 10 36
5 7
5 8
6 8
0 9
4 9
7 9
8 9
0 10
1 10
5 10
6 10
2 11
3 11
4 11
7 11
8 11
10 11
1 12
2 12
3 12
4 12
6 12
7 12
1 13
2 13
3 13
5 13
6 13
9 13
0 14
1 14
2 14
3 14
4 14
7 14
8 14
1198 5 0 4 7 8 11 35
5 7
4 8
6 8
7 8
2 9
3 9
6 9
0 10
4 10
5 10
9 10
0 11
1 11
4 11
7 11
9 11
1 12
2 12
3 12
6 12
7 12
10 12
0 13
1 13
2 13
3 13
5 13
8 13
0 14
1 14
2 14
3 14
4 14
5 14
6 14
1221 4 0 1 2 7 13 34
5 7
2 8
7 8
2 9
6 9
7 9
3 10
4 10
5 10
9 10
1 11
3 11
4 11
6 11
8 11
3 12
4 12
5 12
8 12
9 12
0 13
1 13
2 13
6 13
7 13
10 13
12 13
0 14
1 14
3 14
4 14
5 14
6 14
8 14
1247 3 0 1 2 9 10 35
5 7
6 7
2 9
7 9
0 10
1 10
8 10
9 10
2 11
3 11
4 11
7 11
8 11
2 12
3 12
4 12
5 12
6 12
10 12
0 13
1 13
3 13
4 13
5 13
6 13
8 13
9 13
0 14
1 14
2 14
3 14
4 14
5 14
6 14
8 14
1259 6 0 1 2 13 14 35
5 7
6 7
6 8
0 9
1 9
3 10
4 10
5 10
6 10
9 10
2 11
3 11
4 11
5 11
8 11
9 11
2 12
3 12
4 12
7 12
8 12
9 12
0 13
1 13
2 13
7 13
8 13
10 13
0 14
1 14
2 14
3 14
4 14
5 14
6 14
1268 5 5 6 7 8 9 38
5 7
6 7
5 8
6 8
7 9
8 9
0 10
1 10
5 10
6 10
9 10
2 11
3 11
4 11
7 11
8 11
10 11
0 12
1 12
2 12
3 12
4 12
5 12
9 12
0 13
1 13
2 13
3 13
4 13
6 13
9 13
0 14
1 14
2 14
3 14
4 14
7 14
8 14
1280 6 0 1 2 12 13 36
5 7
6 7
5 8
6 8
3 9
4 9
6 9
2 10
3 10
4 10
7 10
8 10
2 11
3 11
4 11
7 11
8 11
0 12
1 12
5 12
9 12
10 12
11 12
0 13
1 13
2 13
7 13
8 13
9 13
0 14
1 14
2 14
3 14
4 14
5 14
6 14
1285 6 2 3 4 9 11 36
5 7
6 7
5 8
6 8
2 9
3 9
4 9
0 10
7 10
8 10
9 10
2 11
3 11
4 11
7 11
8 11
0 12
1 12
5 12
6 12
9 12
11 12
1 13
2 13
3 13
4 13
5 13
6 13
10 13
0 14
1 14
2 14
3 14
4 14
7 14
8 14
1281 6 0 1 2 13 14 37
5 7
6 7
5 8
6 8
3 9
4 9
5 9
6 9
2 10
3 10
4 10
7 10
8 10
2 11
3 11
4 11
7 11
8 11
0 12
1 12
5 12
6 12
10 12
11 12
0 13
1 13
2 13
7 13
8 13
9 13
0 14
1 14
2 14
3 14
4 14
5 14
6 14
1286 6 0 1 9 10 11 36
5 7
6 7
5 8
6 8
2 9
3 9
4 9
0 10
1 10
7 10
8 10
9 10
0 11
1 11
5 11
6 11
9 11
2 12
3 12
4 12
7 12
8 12
11 12
2 13
3 13
4 13
5 13
6 13
10 13
0 14
1 14
2 14
3 14
4 14
7 14
8 14
1287 6 2 3 4 9 11 37
5 7
6 7
5 8
6 8
2 9
3 9
4 9
0 10
1 10
5 10
6 10
9 10
2 11
3 11
4 11
5 11
6 11
0 12
1 12
7 12
8 12
9 12
11 12
0 13
1 13
2 13
3 13
4 13
7 13
8 13
0 14
1 14
2 14
3 14
4 14
7 14
8 14
1291 5 0 1 2 9 13 36
5 7
6 7
5 8
6 8
1 9
2 9
3 10
4 10
7 10
8 10
9 10
3 11
4 11
7 11
8 11
9 11
0 12
3 12
4 12
5 12
6 12
9 12
0 13
1 13
2 13
5 13
6 13
10 13
11 13
0 14
1 14
2 14
3 14
4 14
7 14
8 14
1298 6 0 5 6 7 9 37
5 7
6 7
5 8
6 8
0 9
4 9
5 9
6 9
1 10
2 10
3 10
9 10
4 11
7 11
8 11
10 11
0 12
1 12
2 12
3 12
5 12
6 12
11 12
0 13
1 13
2 13
3 13
4 13
7 13
8 13
0 14
1 14
2 14
3 14
4 14
7 14
8 14
1300 4 0 1 5 9 11 37
5 7
6 7
5 8
6 8
0 9
1 9
2 10
3 10
4 10
5 10
6 10
9 10
0 11
1 11
5 11
6 11
2 12
3 12
4 12
7 12
8 12
9 12
11 12
2 13
3 13
4 13
7 13
8 13
9 13
11 13
0 14
1 14
2 14
3 14
4 14
7 14
8 14
1134 5 4 5 6 8 11 37
6 7
0 8
4 8
5 8
6 8
0 9
1 9
7 9
2 10
3 10
4 10
5 10
6 10
9 10
4 11
5 11
6 11
9 11
0 12
1 12
2 12
3 12
7 12
11 12
1 13
2 13
3 13
7 13
8 13
11 13
0 14
1 14
2 14
3 14
4 14
5 14
7 14
921 3 0 7 8 9 10 40
0 8
1 8
7 8
0 9
5 9
6 9
7 9
2 10
3 10
4 10
8 10
9 10
2 11
3 11
4 11
5 11
6 11
8 11
1 12
2 12
3 12
4 12
5 12
6 12
7 12
1 13
2 13
3 13
4 13
5 13
6 13
7 13
0 14
1 14
2 14
3 14
4 14
5 14
6 14
7 14
1317 6 3 5 9 10 11 35
5 7
6 7
4 8
6 8
3 9
5 9
0 10
3 10
5 10
8 10
1 11
2 11
4 11
6 11
9 11
10 11
0 12
1 12
2 12
3 12
4 12
7 12
0 13
1 13
2 13
7 13
8 13
9 13
0 14
1 14
2 14
3 14
4 14
5 14
6 14
1321 6 0 1 5 10 12 35
5 7
6 7
4 8
6 8
2 9
3 9
6 9
0 10
1 10
4 10
5 10
9 10
2 11
3 11
4 11
7 11
0 12
1 12
5 12
8 12
9 12
11 12
0 13
1 13
2 13
3 13
7 13
8 13
0 14
1 14
2 14
3 14
4 14
5 14
6 14
1322 6 0 4 9 10 11 35
5 7
6 7
4 8
6 8
2 9
3 9
6 9
0 10
1 10
4 10
5 10
9 10
0 11
4 11
7 11
9 11
1 12
2 12
3 12
5 12
8 12
11 12
0 13
1 13
2 13
3 13
7 13
8 13
0 14
1 14
2 14
3 14
4 14
5 14
6 14
1318 6 5 6 7 8 9 35
5 7
6 7
4 8
6 8
3 9
5 9
8 9
3 10
4 10
5 10
0 11
1 11
2 11
6 11
9 11
10 11
0 12
1 12
2 12
3 12
4 12
7 12
0 13
1 13
2 13
7 13
8 13
10 13
0 14
1 14
2 14
3 14
4 14
5 14
6 14
1323 6 5 6 7 8 9 35
5 7
6 7
4 8
6 8
2 9
3 9
5 9
8 9
0 10
1 10
5 10
8 10
0 11
1 11
7 11
9 11
2 12
3 12
4 12
6 12
10 12
11 12
0 13
1 13
2 13
3 13
4 13
7 13
0 14
1 14
2 14
3 14
4 14
5 14
6 14
1328 6 0 1 4 11 12 36
5 7
6 7
4 8
5 8
2 9
3 9
6 9
8 9
2 10
3 10
7 10
8 10
0 11
1 11
4 11
7 11
9 11
0 12
1 12
4 12
5 12
6 12
10 12
0 13
1 13
2 13
3 13
7 13
8 13
0 14
1 14
2 14
3 14
4 14
5 14
6 14
1330 5 0 1 3 10 12 36
5 7
6 7
4 8
5 8
6 8
3 9
5 9
6 9
0 10
1 10
3 10
8 10
2 11
4 11
7 11
9 11
10 11
0 12
1 12
2 12
3 12
4 12
7 12
0 13
1 13
2 13
7 13
8 13
9 13
0 14
1 14
2 14
3 14
4 14
5 14
6 14
1332 6 2 3 7 10 11 36
5 7
6 7
4 8
5 8
6 8
3 9
4 9
5 9
6 9
2 10
3 10
7 10
8 10
2 11
3 11
4 11
7 11
0 12
1 12
5 12
6 12
10 12
11 12
0 13
1 13
2 13
7 13
8 13
9 13
0 14
1 14
2 14
3 14
4 14
5 14
6 14
1338 6 4 5 6 8 13 36
5 7
6 7
4 8
5 8
6 8
2 9
3 9
8 9
1 10
4 10
7 10
9 10
0 11
1 11
2 11
3 11
4 11
7 11
0 12
2 12
3 12
5 12
6 12
10 12
0 13
1 13
4 13
5 13
6 13
9 13
0 14
1 14
2 14
3 14
7 14
8 14
1352 7 0 1 9 10 13 36
5 7
6 7
3 8
5 8
6 8
3 9
4 9
5 9
0 10
1 10
6 10
9 10
2 11
4 11
7 11
8 11
10 11
0 12
1 12
2 12
3 12
4 12
7 12
0 13
1 13
2 13
7 13
8 13
9 13
0 14
1 14
2 14
3 14
4 14
5 14
6 14
1299 6 0 1 2 9 13 36
5 7
6 7
5 8
6 8
0 9
1 9
3 10
4 10
5 10
6 10
9 10
2 11
3 11
4 11
7 11
8 11
9 11
2 12
3 12
4 12
7 12
8 12
9 12
0 13
1 13
2 13
7 13
8 13
10 13
0 14
1 14
2 14
3 14
4 14
5 14
6 14
1362 5 0 3 4 12 13 35
5 7
6 7
3 8
4 8
7 8
2 9
5 9
6 9
1 10
8 10
9 10
2 11
3 11
4 11
5 11
6 11
10 11
0 12
2 12
3 12
4 12
7 12
10 12
0 13
1 13
3 13
4 13
7 13
9 13
0 14
1 14
2 14
5 14
6 14
8 14
1127 6 1 2 3 8 12 36
6 7
1 8
2 8
3 8
6 8
0 9
4 9
5 9
7 9
8 9
3 10
5 10
7 10
3 11
5 11
7 11
1 12
2 12
3 12
4 12
5 12
7 12
0 13
1 13
2 13
4 13
6 13
10 13
11 13
0 14
1 14
2 14
4 14
6 14
10 14
11 14
1364 6 0 3 4 8 11 37
5 7
6 7
3 8
4 8
7 8
0 9
3 9
5 9
6 9
1 10
2 10
4 10
7 10
9 10
0 11
3 11
4 11
7 11
1 12
2 12
5 12
6 12
8 12
11 12
0 13
1 13
2 13
5 13
6 13
8 13
0 14
1 14
2 14
3 14
4 14
5 14
6 14
1365 6 0 1 2 10 13 35
5 7
6 7
3 8
4 8
6 8
4 9
6 9
0 10
1 10
2 10
5 10
9 10
0 11
3 11
4 11
7 11
1 12
2 12
5 12
8 12
9 12
11 12
0 13
1 13
2 13
3 13
7 13
9 13
0 14
1 14
2 14
3 14
4 14
5 14
6 14
836 3 0 2 8 9 10 35
0 8
7 8
2 9
8 9
0 10
2 10
3 10
4 10
1 11
5 11
6 11
7 11
9 11
10 11
3 12
4 12
5 12
6 12
7 12
9 12
1 13
2 13
3 13
4 13
5 13
6 13
8 13
0 14
1 14
3 14
4 14
5 14
6 14
7 14
9 14
1382 6 0 1 4 11 14 36
5 7
6 7
2 8
5 8
6 8
2 9
3 9
5 9
6 9
1 10
5 10
6 10
1 11
3 11
4 11
7 11
8 11
0 12
4 12
7 12
8 12
9 12
10 12
0 13
2 13
3 13
4 13
7 13
10 13
0 14
1 14
2 14
3 14
4 14
5 14
6 14
1387 6 0 1 3 11 12 34
5 7
6 7
2 8
4 8
6 8
3 9
6 9
4 10
5 10
9 10
0 11
1 11
3 11
5 11
8 11
0 12
1 12
2 12
3 12
7 12
10 12
0 13
1 13
2 13
4 13
7 13
9 13
0 14
1 14
2 14
3 14
4 14
5 14
6 14
1393 5 0 1 2 13 14 37
5 7
6 7
2 8
3 8
4 8
7 8
3 9
4 9
5 9
6 9
3 10
4 10
5 10
6 10
0 11
5 11
6 11
8 11
1 12
2 12
7 12
9 12
10 12
11 12
0 13
1 13
2 13
3 13
4 13
7 13
0 14
1 14
2 14
3 14
4 14
5 14
6 14
1404 2 0 1 2 3 13 36
5 7
6 7
1 8
4 8
7 8
0 9
3 9
4 9
5 10
6 10
8 10
9 10
5 11
6 11
8 11
9 11
2 12
3 12
4 12
7 12
10 12
11 12
0 13
1 13
2 13
3 13
5 13
6 13
0 14
1 14
2 14
3 14
4 14
7 14
10 14
11 14
1417 5 2 4 7 12 13 36
5 7
6 7
0 8
1 8
5 8
6 8
0 9
2 9
5 9
6 9
1 10
3 10
5 10
6 10
1 11
3 11
4 11
7 11
9 11
0 12
2 12
4 12
7 12
10 12
2 13
3 13
4 13
7 13
8 13
0 14
1 14
2 14
3 14
4 14
5 14
6 14
1374 5 0 1 2 13 14 37
5 7
6 7
2 8
7 8
2 9
3 9
4 9
7 9
3 10
4 10
5 10
6 10
8 10
3 11
4 11
5 11
6 11
8 11
0 12
1 12
5 12
6 12
8 12
9 12
0 13
1 13
2 13
7 13
10 13
11 13
0 14
1 14
2 14
3 14
4 14
5 14
6 14
1473 5 0 1 2 3 13 37
4 7
4 8
5 9
6 9
7 9
8 9
5 10
6 10
7 10
8 10
5 11
6 11
7 11
8 11
0 12
1 12
2 12
3 12
4 12
5 12
6 12
0 13
1 13
2 13
3 13
4 13
9 13
10 13
11 13
0 14
1 14
2 14
3 14
5 14
6 14
7 14
8 14
1479 4 1 3 5 10 12 37
4 7
4 8
5 8
0 9
3 9
6 9
7 9
8 9
1 10
3 10
4 10
5 10
0 11
2 11
6 11
7 11
8 11
10 11
1 12
2 12
3 12
5 12
6 12
7 12
0 13
1 13
2 13
4 13
5 13
6 13
0 14
1 14
2 14
3 14
6 14
7 14
8 14
1304 5 0 1 2 9 12 37
5 7
6 7
5 8
6 8
0 9
1 9
2 9
3 10
4 10
7 10
8 10
9 10
3 11
4 11
5 11
6 11
9 11
0 12
1 12
2 12
7 12
8 12
11 12
0 13
1 13
2 13
3 13
4 13
5 13
6 13
0 14
1 14
2 14
3 14
4 14
7 14
8 14
1363 6 0 1 2 10 14 34
5 7
6 7
3 8
4 8
7 8
0 9
3 9
5 9
0 10
1 10
2 10
8 10
1 11
2 11
4 11
6 11
9 11
1 12
2 12
7 12
9 12
3 13
4 13
5 13
6 13
10 13
12 13
0 14
1 14
2 14
3 14
4 14
5 14
6 14
1521 6 0 1 7 10 14 36
4 7
2 8
3 8
7 8
2 9
3 9
7 9
0 10
1 10
7 10
4 11
5 11
6 11
8 11
9 11
10 11
2 12
3 12
4 12
5 12
6 12
10 12
0 13
1 13
4 13
5 13
6 13
8 13
9 13
0 14
1 14
2 14
3 14
5 14
6 14
7 14
1518 5 2 4 7 8 9 34
4 7
2 8
4 8
2 9
7 9
0 10
3 10
4 10
9 10
1 11
2 11
5 11
6 11
7 11
10 11
1 12
3 12
5 12
6 12
8 12
9 12
0 13
3 13
5 13
6 13
7 13
8 13
0 14
1 14
3 14
4 14
5 14
6 14
9 14
1535 5 0 1 2 9 13 36
4 7
0 8
7 8
0 9
1 9
2 9
5 10
6 10
7 10
9 10
3 11
4 11
5 11
6 11
8 11
9 11
1 12
2 12
3 12
4 12
8 12
10 12
0 13
1 13
2 13
3 13
5 13
6 13
7 13
1 14
2 14
3 14
4 14
5 14
6 14
8 14
1537 5 0 1 4 8 10 34
4 7
0 8
5 8
2 9
3 9
6 9
7 9
8 9
1 10
4 10
8 10
1 11
4 11
5 11
6 11
2 12
3 12
5 12
6 12
7 12
10 12
0 13
2 13
3 13
7 13
10 13
11 13
0 14
1 14
2 14
3 14
4 14
5 14
6 14
1538 4 1 4 6 10 12 38
4 7
0 8
5 8
7 8
1 9
4 9
8 9
1 10
2 10
4 10
6 10
8 10
2 11
3 11
5 11
6 11
7 11
9 11
0 12
1 12
3 12
4 12
5 12
6 12
0 13
2 13
3 13
5 13
6 13
7 13
9 13
0 14
1 14
2 14
3 14
5 14
6 14
7 14
1564 5 0 3 4 8 11 35
4 7
6 7
3 8
4 8
0 9
8 9
1 10
2 10
7 10
9 10
0 11
3 11
4 11
5 11
6 11
10 11
0 12
1 12
2 12
5 12
6 12
8 12
1 13
2 13
3 13
5 13
7 13
9 13
1 14
2 14
3 14
4 14
5 14
6 14
9 14
1574 4 0 2 5 10 14 36
4 7
6 7
0 8
7 8
1 9
3 9
7 9
0 10
2 10
3 10
5 10
7 10
2 11
4 11
5 11
6 11
8 11
9 11
1 12
3 12
4 12
5 12
6 12
8 12
1 13
2 13
3 13
5 13
6 13
8 13
0 14
2 14
4 14
5 14
6 14
9 14
1587 4 0 1 6 12 13 35
4 7
5 7
6 8
7 8
1 9
3 9
4 9
8 9
2 10
3 10
5 10
8 10
0 11
2 11
5 11
6 11
9 11
0 12
1 12
4 12
6 12
10 12
0 13
1 13
2 13
3 13
6 13
7 13
0 14
1 14
2 14
3 14
4 14
5 14
8 14
1588 5 1 2 3 9 13 36
4 7
5 7
6 8
7 8
1 9
2 9
3 9
8 9
2 10
3 10
8 10
0 11
1 11
4 11
5 11
6 11
10 11
0 12
4 12
5 12
6 12
9 12
10 12
0 13
1 13
2 13
3 13
6 13
7 13
0 14
1 14
2 14
3 14
4 14
5 14
8 14
1590 5 2 4 6 10 12 36
4 7
5 7
6 8
7 8
0 9
1 9
8 9
2 10
4 10
6 10
9 10
0 11
1 11
3 11
5 11
8 11
10 11
2 12
3 12
4 12
5 12
6 12
9 12
0 13
1 13
2 13
3 13
6 13
7 13
0 14
1 14
2 14
3 14
4 14
5 14
8 14
1602 5 0 1 7 10 11 38
4 7
5 7
4 8
5 8
6 8
0 9
2 9
7 9
8 9
0 10
1 10
2 10
7 10
8 10
0 11
1 11
2 11
3 11
6 11
7 11
3 12
4 12
5 12
6 12
9 12
10 12
1 13
3 13
4 13
5 13
6 13
9 13
1 14
2 14
3 14
4 14
5 14
6 14
1618 5 4 5 7 10 11 37
4 7
5 7
2 8
3 8
6 8
7 8
0 9
1 9
8 9
4 10
5 10
6 10
9 10
4 11
5 11
6 11
9 11
0 12
1 12
2 12
3 12
6 12
7 12
0 13
1 13
2 13
3 13
7 13
10 13
11 13
0 14
1 14
2 14
3 14
4 14
5 14
6 14
1522 5 2 3 8 9 11 39
4 7
2 8
3 8
4 8
2 9
3 9
4 9
0 10
1 10
5 10
6 10
7 10
9 10
0 11
5 11
6 11
7 11
8 11
9 11
1 12
5 12
6 12
7 12
8 12
9 12
0 13
1 13
2 13
3 13
4 13
5 13
6 13
0 14
1 14
2 14
3 14
5 14
6 14
7 14
1627 5 0 1 7 8 12 39
4 7
5 7
0 8
1 8
2 8
6 8
7 8
3 9
4 9
5 9
6 9
3 10
4 10
5 10
6 10
2 11
3 11
4 11
5 11
6 11
0 12
1 12
7 12
9 12
10 12
11 12
0 13
1 13
2 13
7 13
9 13
10 13
0 14
1 14
2 14
3 14
4 14
5 14
6 14
1630 5 0 1 6 10 13 36
4 7
5 7
6 7
6 8
4 9
5 9
8 9
0 10
1 10
6 10
9 10
2 11
3 11
4 11
5 11
8 11
10 11
0 12
1 12
2 12
3 12
7 12
8 12
0 13
1 13
2 13
3 13
6 13
9 13
0 14
1 14
2 14
3 14
4 14
5 14
8 14
1634 5 0 2 4 11 14 34
4 7
5 7
6 7
5 8
1 9
5 9
1 10
3 10
6 10
8 10
0 11
2 11
4 11
9 11
10 11
2 12
3 12
4 12
6 12
8 12
9 12
0 13
2 13
3 13
7 13
8 13
9 13
0 14
1 14
2 14
3 14
4 14
5 14
6 14
1635 4 5 6 7 8 9 37
4 7
5 7
6 7
5 8
6 8
5 9
6 9
0 10
1 10
4 10
8 10
2 11
3 11
7 11
9 11
10 11
0 12
1 12
2 12
3 12
4 12
5 12
6 12
0 13
1 13
2 13
3 13
4 13
8 13
9 13
0 14
1 14
2 14
3 14
7 14
8 14
9 14
1636 4 5 6 7 8 9 37
4 7
5 7
6 7
5 8
6 8
5 9
6 9
0 10
1 10
2 10
7 10
3 11
4 11
8 11
9 11
10 11
0 12
1 12
2 12
3 12
4 12
5 12
6 12
0 13
1 13
2 13
3 13
4 13
8 13
9 13
0 14
1 14
2 14
3 14
7 14
8 14
9 14
1637 6 0 1 8 10 12 36
4 7
5 7
6 7
5 8
6 8
4 9
6 9
0 10
1 10
4 10
8 10
2 11
3 11
5 11
9 11
10 11
0 12
1 12
2 12
3 12
8 12
9 12
0 13
1 13
2 13
3 13
7 13
8 13
9 13
0 14
1 14
2 14
3 14
4 14
5 14
6 14
1640 4 0 2 3 9 14 38
4 7
5 7
6 7
5 8
6 8
0 9
2 9
3 9
4 9
8 9
2 10
4 10
5 10
6 10
1 11
3 11
7 11
8 11
10 11
1 12
3 12
7 12
8 12
10 12
0 13
2 13
4 13
5 13
6 13
11 13
12 13
0 14
1 14
2 14
3 14
4 14
5 14
6 14
1646 4 0 1 2 3 14 38
4 7
5 7
6 7
4 8
5 8
6 8
4 9
5 9
6 9
0 10
3 10
7 10
8 10
9 10
1 11
2 11
7 11
8 11
9 11
0 12
3 12
4 12
5 12
6 12
11 12
1 13
2 13
4 13
5 13
6 13
10 13
0 14
1 14
2 14
3 14
7 14
8 14
9 14
1648 5 0 1 2 3 14 36
4 7
5 7
6 7
4 8
5 8
6 8
4 9
5 9
6 9
0 10
1 10
4 10
2 11
3 11
5 11
6 11
10 11
2 12
3 12
7 12
8 12
9 12
10 12
0 13
1 13
7 13
8 13
9 13
11 13
0 14
1 14
2 14
3 14
4 14
5 14
6 14
1652 5 0 1 10 12 13 37
4 7
5 7
6 7
4 8
5 8
6 8
2 9
3 9
7 9
8 9
2 10
3 10
6 10
2 11
3 11
4 11
5 11
6 11
0 12
1 12
7 12
8 12
10 12
11 12
0 13
1 13
4 13
5 13
9 13
10 13
0 14
1 14
2 14
3 14
4 14
5 14
6 14
1343 6 2 3 4 11 12 37
5 7
6 7
4 8
5 8
6 8
0 9
1 9
7 9
8 9
0 10
1 10
5 10
6 10
2 11
3 11
4 11
7 11
10 11
2 12
3 12
4 12
5 12
6 12
9 12
0 13
1 13
2 13
3 13
7 13
8 13
0 14
1 14
2 14
3 14
4 14
5 14
6 14
1656 5 0 1 4 10 14 37
4 7
5 7
6 7
4 8
5 8
6 8
2 9
3 9
7 9
8 9
0 10
1 10
4 10
9 10
2 11
3 11
5 11
6 11
10 11
2 12
3 12
4 12
5 12
6 12
0 13
1 13
7 13
8 13
11 13
12 13
0 14
1 14
2 14
3 14
4 14
5 14
6 14
1657 6 2 3 6 9 10 36
4 7
5 7
6 7
4 8
5 8
6 8
2 9
3 9
6 9
2 10
3 10
6 10
0 11
1 11
7 11
8 11
9 11
10 11
0 12
2 12
3 12
7 12
8 12
1 13
4 13
5 13
9 13
10 13
12 13
0 14
1 14
2 14
3 14
4 14
5 14
6 14
1659 5 0 1 3 4 12 34
4 7
5 7
6 7
4 8
5 8
6 8
1 9
5 9
6 9
2 10
3 10
5 10
6 10
2 11
3 11
4 11
9 11
0 12
1 12
3 12
4 12
6 12
0 13
1 13
7 13
8 13
10 13
11 13
0 14
2 14
3 14
7 14
8 14
9 14
1361 6 0 1 2 10 13 37
5 7
6 7
3 8
4 8
7 8
3 9
4 9
5 9
6 9
0 10
1 10
2 10
7 10
9 10
0 11
3 11
4 11
7 11
1 12
2 12
5 12
6 12
8 12
11 12
0 13
1 13
2 13
5 13
6 13
8 13
0 14
1 14
2 14
3 14
4 14
5 14
6 14
1663 5 1 2 3 10 14 38
4 7
5 7
6 7
4 8
5 8
6 8
0 9
4 9
5 9
1 10
2 10
3 10
6 10
9 10
2 11
3 11
7 11
8 11
9 11
0 12
1 12
4 12
5 12
6 12
11 12
0 13
1 13
2 13
3 13
7 13
8 13
0 14
1 14
2 14
3 14
4 14
5 14
6 14
1530 2 0 4 5 8 12 36
4 7
1 8
4 8
5 8
1 10
2 10
3 10
7 10
9 10
1 11
3 11
5 11
6 11
7 11
9 11
0 12
2 12
4 12
5 12
6 12
9 12
0 13
2 13
3 13
6 13
7 13
8 13
9 13
0 14
1 14
2 14
3 14
4 14
5 14
6 14
9 14
1654 5 0 1 10 11 13 37
4 7
5 7
6 7
4 8
5 8
6 8
2 9
3 9
7 9
8 9
0 10
1 10
9 10
3 11
4 11
5 11
6 11
10 11
2 12
3 12
4 12
5 12
6 12
10 12
0 13
1 13
2 13
7 13
8 13
11 13
0 14
1 14
2 14
3 14
4 14
5 14
6 14
1672 6 0 1 2 10 11 35
4 7
5 7
6 7
3 8
6 8
2 9
4 9
5 9
8 9
1 10
2 10
3 10
7 10
0 11
2 11
7 11
8 11
1 12
3 12
6 12
9 12
11 12
0 13
4 13
5 13
8 13
10 13
12 13
0 14
1 14
2 14
3 14
4 14
5 14
6 14
1674 7 0 1 8 11 13 36
4 7
5 7
6 7
3 8
5 8
6 8
4 9
5 9
2 10
3 10
6 10
9 10
0 11
1 11
4 11
8 11
10 11
0 12
1 12
2 12
3 12
7 12
9 12
0 13
1 13
2 13
7 13
8 13
9 13
0 14
1 14
2 14
3 14
4 14
5 14
6 14
1675 4 0 2 4 12 13 36
4 7
5 7
6 7
3 8
5 8
6 8
3 9
4 9
5 9
6 9
1 10
3 10
7 10
1 11
2 11
7 11
8 11
9 11
0 12
2 12
4 12
8 12
10 12
0 13
2 13
4 13
5 13
6 13
10 13
0 14
1 14
2 14
3 14
4 14
5 14
6 14
1676 6 0 1 3 11 14 37
4 7
5 7
6 7
3 8
5 8
6 8
2 9
4 9
5 9
6 9
3 10
4 10
5 10
6 10
0 11
1 11
3 11
7 11
9 11
0 12
1 12
2 12
4 12
8 12
0 13
1 13
2 13
7 13
8 13
10 13
0 14
1 14
2 14
3 14
4 14
5 14
6 14
1677 6 0 1 2 13 14 36
4 7
5 7
6 7
3 8
5 8
6 8
2 9
4 9
5 9
6 9
1 10
3 10
5 10
6 10
0 11
1 11
3 11
7 11
9 11
0 12
2 12
4 12
8 12
10 12
0 13
1 13
2 13
7 13
8 13
0 14
1 14
2 14
3 14
4 14
5 14
6 14
1678 5 0 1 2 12 14 37
4 7
5 7
6 7
3 8
5 8
6 8
0 9
4 9
5 9
6 9
0 10
1 10
7 10
8 10
1 11
2 11
3 11
7 11
9 11
0 12
1 12
2 12
4 12
8 12
2 13
3 13
4 13
5 13
6 13
10 13
0 14
1 14
2 14
3 14
4 14
5 14
6 14
1681 3 0 1 2 11 12 39
4 7
5 7
6 7
3 8
4 8
6 8
3 9
5 9
6 9
7 10
8 10
9 10
0 11
1 11
2 11
7 11
8 11
9 11
0 12
1 12
2 12
4 12
5 12
10 12
1 13
2 13
3 13
4 13
5 13
6 13
10 13
0 14
1 14
2 14
3 14
4 14
5 14
6 14
10 14
1671 4 4 5 7 9 10 34
4 7
5 7
6 7
3 8
6 8
2 9
5 9
4 10
8 10
9 10
0 11
1 11
2 11
5 11
8 11
0 12
1 12
3 12
4 12
6 12
9 12
0 13
1 13
2 13
3 13
7 13
10 13
0 14
1 14
2 14
3 14
4 14
5 14
6 14
1684 4 0 2 3 9 14 38
4 7
5 7
6 7
2 8
7 8
0 9
2 9
3 9
4 9
3 10
4 10
5 10
6 10
8 10
1 11
5 11
6 11
8 11
9 11
0 12
2 12
7 12
10 12
11 12
1 13
3 13
4 13
5 13
6 13
8 13
12 13
0 14
1 14
2 14
3 14
4 14
5 14
6 14
1685 6 5 6 7 8 9 34
4 7
5 7
6 7
2 8
6 8
1 9
3 9
5 9
8 9
3 10
4 10
6 10
3 11
4 11
8 11
0 12
1 12
2 12
5 12
10 12
11 12
0 13
1 13
2 13
7 13
10 13
11 13
0 14
1 14
2 14
3 14
4 14
5 14
6 14
1687 7 0 1 7 12 13 35
4 7
5 7
6 7
2 8
4 8
5 8
3 9
4 9
6 9
3 10
6 10
8 10
2 11
5 11
9 11
10 11
0 12
1 12
3 12
7 12
8 12
11 12
0 13
1 13
2 13
7 13
9 13
10 13
0 14
1 14
2 14
3 14
4 14
5 14
6 14
1688 3 0 2 4 10 14 36
4 7
5 7
6 7
2 8
4 8
5 8
6 8
1 9
3 9
7 9
0 10
2 10
4 10
9 10
1 11
2 11
3 11
5 11
6 11
0 12
4 12
5 12
6 12
9 12
1 13
3 13
7 13
8 13
10 13
12 13
0 14
2 14
3 14
4 14
5 14
6 14
1689 5 0 1 7 10 14 36
4 7
5 7
6 7
2 8
3 8
2 9
3 9
0 10
1 10
7 10
8 10
9 10
4 11
5 11
6 11
8 11
9 11
4 12
5 12
6 12
8 12
9 12
0 13
1 13
2 13
3 13
4 13
5 13
6 13
0 14
1 14
2 14
3 14
7 14
11 14
12 14
1690 6 0 1 4 10 11 36
4 7
5 7
6 7
2 8
3 8
7 8
2 9
3 9
5 9
6 9
1 10
5 10
6 10
0 11
4 11
8 11
9 11
10 11
1 12
4 12
5 12
6 12
8 12
0 13
2 13
3 13
7 13
10 13
12 13
0 14
1 14
2 14
3 14
4 14
5 14
6 14
1691 3 0 1 8 9 10 38
4 7
5 7
6 7
2 8
3 8
7 8
0 9
1 9
8 9
0 10
1 10
8 10
0 11
1 11
7 11
0 12
1 12
2 12
3 12
4 12
5 12
6 12
2 13
3 13
4 13
5 13
6 13
9 13
10 13
11 13
2 14
3 14
4 14
5 14
6 14
9 14
10 14
11 14
1621 4 0 2 3 9 13 39
4 7
5 7
0 8
7 8
2 9
3 9
4 9
5 9
6 9
8 9
1 10
4 10
5 10
6 10
8 10
1 11
4 11
5 11
6 11
8 11
0 12
1 12
2 12
3 12
6 12
7 12
0 13
2 13
3 13
7 13
10 13
11 13
1 14
2 14
3 14
4 14
5 14
6 14
8 14
1699 5 0 2 3 9 14 37
4 7
5 7
6 7
1 8
4 8
5 8
0 9
2 9
3 9
6 9
8 9
1 10
2 10
7 10
3 11
4 11
5 11
6 11
10 11
3 12
4 12
5 12
6 12
10 12
0 13
2 13
7 13
8 13
11 13
12 13
0 14
1 14
2 14
3 14
4 14
5 14
6 14
1700 4 0 1 3 8 13 36
4 7
5 7
6 7
1 8
3 8
2 9
3 9
7 9
0 10
5 10
6 10
8 10
9 10
4 11
5 11
6 11
8 11
9 11
2 12
4 12
5 12
6 12
8 12
0 13
1 13
3 13
7 13
11 13
12 13
0 14
1 14
2 14
3 14
4 14
5 14
6 14
1702 2 4 5 7 9 11 36
4 7
5 7
6 7
1 8
2 8
5 8
6 8
3 9
4 9
5 9
2 10
3 10
6 10
0 11
1 11
7 11
9 11
10 11
0 12
7 12
8 12
9 12
10 12
0 13
1 13
2 13
3 13
4 13
6 13
1 14
2 14
3 14
4 14
5 14
6 14
12 14
1703 3 1 5 6 7 12 35
4 7
5 7
6 7
0 8
7 9
8 9
5 10
6 10
8 10
2 11
3 11
4 11
9 11
10 11
1 12
2 12
3 12
5 12
6 12
8 12
0 13
1 13
2 13
3 13
4 13
9 13
10 13
0 14
1 14
2 14
3 14
4 14
5 14
6 14
9 14
810 4 0 2 3 8 11 38
1 8
2 8
3 8
4 8
5 9
6 9
7 9
8 9
4 10
5 10
6 10
7 10
0 11
2 11
3 11
9 11
10 11
1 12
4 12
5 12
6 12
7 12
11 12
1 13
2 13
3 13
4 13
5 13
6 13
7 13
0 14
1 14
2 14
3 14
4 14
5 14
6 14
7 14
1749 3 0 1 3 9 13 40
3 7
3 8
0 9
1 9
3 9
1 10
4 10
5 10
6 10
7 10
8 10
2 11
4 11
5 11
6 11
7 11
8 11
9 11
2 12
4 12
5 12
6 12
7 12
8 12
9 12
0 13
1 13
2 13
3 13
4 13
5 13
6 13
0 14
1 14
2 14
4 14
5 14
6 14
7 14
8 14
1778 6 0 3 7 8 11 34
3 7
0 8
5 8
6 8
7 8
1 9
4 9
5 9
7 9
2 10
6 10
9 10
3 11
4 11
8 11
10 11
1 12
2 12
6 12
7 12
11 12
0 13
3 13
4 13
5 13
10 13
12 13
0 14
1 14
2 14
3 14
4 14
5 14
6 14
1788 1 0 1 3 4 11 36
3 7
6 7
7 8
7 9
2 10
6 10
8 10
9 10
0 11
1 11
3 11
4 11
5 11
10 11
2 12
3 12
4 12
5 12
6 12
8 12
9 12
1 13
2 13
4 13
5 13
6 13
8 13
9 13
0 14
1 14
2 14
3 14
4 14
5 14
8 14
9 14
1799 6 3 6 7 9 10 37
3 7
6 7
4 8
5 8
3 9
6 9
8 9
4 10
5 10
7 10
9 10
0 11
1 11
2 11
7 11
8 11
0 12
1 12
2 12
3 12
4 12
5 12
6 12
0 13
1 13
2 13
3 13
6 13
8 13
10 13
0 14
1 14
2 14
4 14
5 14
7 14
9 14
1807 4 0 1 3 12 13 36
3 7
6 7
3 8
6 8
2 9
4 9
5 9
6 9
4 10
5 10
7 10
8 10
4 11
5 11
7 11
8 11
0 12
1 12
3 12
9 12
10 12
11 12
0 13
1 13
2 13
3 13
6 13
10 13
11 13
0 14
1 14
2 14
4 14
5 14
7 14
8 14
1818 5 0 1 7 11 14 37
3 7
6 7
2 8
4 8
5 8
6 8
0 9
3 9
4 9
5 9
6 9
0 10
1 10
4 10
7 10
0 11
1 11
7 11
8 11
2 12
3 12
5 12
6 12
10 12
11 12
1 13
2 13
3 13
4 13
5 13
6 13
0 14
1 14
2 14
4 14
5 14
7 14
1824 6 0 6 7 9 10 35
3 7
6 7
1 8
3 8
0 9
6 9
1 10
2 10
7 10
9 10
0 11
4 11
5 11
6 11
8 11
10 11
2 12
4 12
5 12
7 12
8 12
9 12
1 13
2 13
3 13
4 13
5 13
9 13
0 14
1 14
2 14
3 14
4 14
5 14
6 14
1848 5 5 6 7 8 9 36
3 7
5 7
6 7
4 8
5 8
6 8
5 9
6 9
2 10
3 10
4 10
9 10
0 11
1 11
7 11
8 11
10 11
0 12
1 12
2 12
3 12
8 12
9 12
0 13
1 13
2 13
4 13
7 13
9 13
0 14
1 14
2 14
3 14
4 14
5 14
6 14
1849 6 0 1 2 13 14 36
3 7
5 7
6 7
4 8
5 8
6 8
4 9
5 9
6 9
2 10
3 10
8 10
9 10
2 11
3 11
5 11
6 11
0 12
1 12
4 12
7 12
10 12
11 12
0 13
1 13
2 13
7 13
8 13
9 13
0 14
1 14
2 14
3 14
4 14
5 14
6 14
1850 4 0 1 2 9 10 39
3 7
5 7
6 7
4 8
5 8
6 8
0 9
1 9
2 9
3 9
8 9
0 10
1 10
2 10
4 10
7 10
2 11
3 11
4 11
5 11
6 11
2 12
3 12
4 12
5 12
6 12
0 13
1 13
7 13
8 13
11 13
12 13
0 14
1 14
2 14
3 14
4 14
5 14
6 14
1853 4 2 3 4 9 14 35
3 7
5 7
6 7
2 8
4 8
5 8
6 8
2 9
3 9
4 9
1 10
5 10
6 10
9 10
0 11
2 11
7 11
10 11
3 12
4 12
5 12
6 12
11 12
0 13
1 13
7 13
8 13
9 13
12 13
0 14
1 14
2 14
3 14
4 14
6 14
1864 4 3 4 7 8 9 37
3 7
4 7
3 8
4 8
5 9
6 9
7 9
8 9
1 10
4 10
9 10
2 11
5 11
6 11
7 11
8 11
10 11
0 12
2 12
3 12
5 12
6 12
10 12
0 13
1 13
2 13
3 13
4 13
5 13
6 13
0 14
1 14
2 14
5 14
6 14
7 14
8 14
1866 4 0 1 2 12 14 36
3 7
4 7
3 8
4 8
2 9
5 9
6 9
8 9
2 10
3 10
4 10
5 10
6 10
5 11
6 11
7 11
8 11
0 12
1 12
2 12
5 12
6 12
7 12
0 13
1 13
3 13
4 13
9 13
11 13
0 14
1 14
2 14
5 14
6 14
7 14
8 14
1662 3 1 2 3 11 12 38
4 7
5 7
6 7
4 8
5 8
6 8
0 9
4 9
5 9
7 10
8 10
9 10
1 11
2 11
3 11
7 11
8 11
9 11
1 12
2 12
3 12
5 12
6 12
10 12
0 13
2 13
3 13
4 13
6 13
10 13
0 14
1 14
2 14
3 14
4 14
5 14
6 14
10 14
1694 6 0 1 3 11 13 36
4 7
5 7
6 7
2 8
3 8
6 8
2 9
6 9
4 10
5 10
8 10
9 10
0 11
1 11
3 11
7 11
9 11
0 12
1 12
4 12
5 12
8 12
9 12
0 13
1 13
2 13
3 13
7 13
10 13
0 14
1 14
2 14
3 14
4 14
5 14
6 14
1891 6 5 6 8 9 10 37
3 7
4 7
6 7
5 8
6 8
5 9
6 9
3 10
4 10
8 10
9 10
0 11
1 11
2 11
5 11
7 11
10 11
0 12
1 12
2 12
7 12
8 12
9 12
0 13
1 13
2 13
3 13
4 13
5 13
6 13
0 14
1 14
2 14
3 14
4 14
8 14
9 14
1899 3 0 1 2 8 9 38
3 7
4 7
5 7
0 8
1 9
2 9
6 9
7 9
8 9
3 10
4 10
5 10
6 10
8 10
3 11
4 11
5 11
6 11
8 11
0 12
1 12
7 12
10 12
11 12
2 13
3 13
4 13
5 13
6 13
8 13
12 13
0 14
1 14
2 14
3 14
4 14
5 14
6 14
1900 4 0 2 6 9 10 39
3 7
4 7
5 7
0 8
7 8
0 9
2 9
6 9
7 9
0 10
2 10
3 10
6 10
1 11
4 11
5 11
8 11
9 11
10 11
0 12
1 12
3 12
4 12
5 12
6 12
1 13
2 13
3 13
4 13
5 13
6 13
8 13
1 14
2 14
3 14
4 14
5 14
6 14
8 14
1901 4 1 2 8 9 10 37
3 7
4 7
5 7
0 8
6 8
7 8
1 9
2 9
8 9
1 10
2 10
8 10
0 11
1 11
2 11
7 11
3 12
4 12
5 12
6 12
9 12
10 12
11 12
3 13
4 13
5 13
6 13
9 13
10 13
11 13
0 14
1 14
2 14
3 14
4 14
5 14
6 14
1906 6 5 6 7 8 10 37
3 7
4 7
5 7
6 7
5 8
6 8
3 9
4 9
5 10
6 10
9 10
0 11
1 11
2 11
5 11
6 11
9 11
0 12
1 12
2 12
7 12
8 12
9 12
0 13
1 13
2 13
3 13
4 13
8 13
10 13
0 14
1 14
2 14
3 14
4 14
8 14
10 14
1908 4 1 2 8 9 10 38
3 7
4 7
5 7
6 7
5 8
6 8
1 9
2 9
8 9
1 10
2 10
3 10
4 10
8 10
3 11
4 11
5 11
6 11
9 11
1 12
2 12
7 12
8 12
11 12
0 13
3 13
4 13
5 13
6 13
9 13
12 13
0 14
1 14
2 14
3 14
4 14
5 14
6 14
1910 4 0 1 2 3 14 38
3 7
4 7
5 7
6 7
3 8
4 9
5 9
6 9
8 9
4 10
5 10
6 10
8 10
4 11
5 11
6 11
8 11
0 12
1 12
2 12
4 12
5 12
6 12
8 12
0 13
1 13
2 13
7 13
9 13
10 13
11 13
0 14
1 14
2 14
3 14
9 14
10 14
11 14
1911 5 0 1 2 12 13 36
3 7
4 7
5 7
6 7
3 8
2 9
6 9
8 9
2 10
6 10
8 10
3 11
4 11
5 11
9 11
10 11
0 12
1 12
2 12
7 12
8 12
11 12
0 13
1 13
2 13
4 13
5 13
6 13
8 13
0 14
1 14
3 14
4 14
5 14
9 14
10 14
1914 3 0 1 2 12 14 42
3 7
4 7
5 7
6 7
3 8
4 8
5 8
6 8
3 9
4 9
5 9
6 9
3 10
4 10
5 10
6 10
0 11
3 11
4 11
5 11
6 11
1 12
2 12
7 12
8 12
9 12
10 12
11 12
0 13
1 13
2 13
3 13
4 13
5 13
6 13
0 14
1 14
2 14
7 14
8 14
9 14
10 14
1918 5 0 1 4 11 12 37
3 7
4 7
5 7
6 7
3 8
4 8
5 8
6 8
2 9
5 9
6 9
2 10
3 10
5 10
6 10
0 11
1 11
4 11
9 11
10 11
0 12
1 12
3 12
4 12
9 12
0 13
1 13
2 13
7 13
8 13
0 14
1 14
2 14
3 14
4 14
5 14
6 14
1921 6 0 1 2 13 14 38
3 7
4 7
5 7
6 7
3 8
4 8
5 8
6 8
0 9
3 9
4 9
5 9
1 10
2 10
6 10
9 10
0 11
1 11
2 11
6 11
3 12
4 12
5 12
10 12
11 12
0 13
1 13
2 13
7 13
8 13
12 13
0 14
1 14
2 14
3 14
4 14
5 14
6 14
1936 5 0 1 2 10 13 38
3 7
4 7
5 7
6 7
0 8
4 8
5 8
6 8
1 9
2 9
3 9
8 9
0 10
1 10
2 10
4 11
5 11
6 11
9 11
10 11
3 12
4 12
5 12
6 12
10 12
0 13
1 13
2 13
7 13
11 13
12 13
0 14
1 14
2 14
3 14
4 14
5 14
6 14
1961 6 0 2 6 9 14 35
2 7
5 8
6 8
7 8
0 9
2 9
6 9
3 10
4 10
8 10
9 10
1 11
5 11
6 11
7 11
10 11
1 12
3 12
4 12
5 12
7 12
9 12
0 13
2 13
3 13
4 13
8 13
11 13
0 14
1 14
2 14
3 14
4 14
5 14
6 14
1971 4 0 1 2 12 14 38
2 7
3 8
4 9
5 9
6 9
7 9
8 9
4 10
5 10
6 10
7 10
8 10
4 11
5 11
6 11
7 11
8 11
0 12
1 12
2 12
4 12
5 12
6 12
8 12
0 13
1 13
3 13
4 13
5 13
6 13
7 13
0 14
1 14
2 14
3 14
9 14
10 14
11 14
1683 5 0 1 2 11 12 37
4 7
5 7
6 7
3 8
4 8
5 8
6 8
2 9
3 9
7 9
2 10
3 10
5 10
6 10
0 11
1 11
4 11
9 11
10 11
0 12
1 12
2 12
7 12
8 12
0 13
1 13
4 13
5 13
6 13
9 13
0 14
1 14
2 14
3 14
4 14
5 14
6 14
1978 5 3 4 7 8 11 36
2 7
3 8
4 8
7 8
1 9
4 9
2 10
5 10
6 10
8 10
9 10
1 11
3 11
4 11
7 11
10 11
0 12
3 12
5 12
6 12
7 12
9 12
0 13
2 13
5 13
6 13
8 13
9 13
11 13
0 14
1 14
2 14
3 14
4 14
5 14
6 14
1984 3 0 1 3 13 14 41
2 7
2 8
0 9
1 9
2 9
3 10
4 10
5 10
6 10
7 10
8 10
9 10
3 11
4 11
5 11
6 11
7 11
8 11
9 11
3 12
4 12
5 12
6 12
7 12
8 12
9 12
0 13
1 13
2 13
3 13
4 13
5 13
6 13
0 14
1 14
3 14
4 14
5 14
6 14
7 14
8 14
1987 4 0 1 2 13 14 38
2 7
2 8
5 8
6 8
3 9
4 9
5 9
6 9
7 9
3 10
4 10
5 10
6 10
7 10
3 11
4 11
5 11
6 11
7 11
0 12
1 12
8 12
9 12
10 12
11 12
0 13
1 13
3 13
4 13
7 13
8 13
0 14
1 14
2 14
3 14
4 14
5 14
6 14
1434 5 0 1 6 12 13 34
4 7
7 8
3 9
8 9
2 10
5 10
6 10
7 10
9 10
2 11
3 11
4 11
5 11
8 11
0 12
1 12
6 12
7 12
9 12
11 12
0 13
1 13
3 13
4 13
5 13
6 13
8 13
0 14
1 14
2 14
4 14
5 14
6 14
9 14
1991 5 0 1 2 9 11 38
2 7
2 8
3 8
0 9
1 9
2 9
3 9
1 10
3 10
4 10
5 10
6 10
7 10
1 11
2 11
3 11
4 11
5 11
6 11
4 12
5 12
6 12
7 12
8 12
9 12
4 13
5 13
6 13
7 13
8 13
9 13
0 14
1 14
4 14
5 14
6 14
7 14
8 14
1993 4 1 2 6 9 10 39
2 7
2 8
3 8
4 8
5 8
6 8
1 9
2 9
6 9
1 10
2 10
5 10
6 10
0 11
3 11
4 11
5 11
7 11
9 11
0 12
3 12
4 12
7 12
9 12
10 12
0 13
1 13
3 13
4 13
5 13
6 13
7 13
0 14
1 14
3 14
4 14
5 14
6 14
7 14
1997 4 0 3 4 11 13 35
2 7
1 8
7 8
1 9
6 9
7 9
2 10
5 10
6 10
8 10
0 11
3 11
4 11
9 11
10 11
2 12
3 12
4 12
5 12
6 12
8 12
0 13
1 13
3 13
4 13
5 13
6 13
7 13
0 14
2 14
3 14
4 14
5 14
8 14
9 14
2005 5 1 2 8 10 11 36
2 7
1 8
2 8
5 9
6 9
7 9
3 10
4 10
8 10
9 10
0 11
1 11
2 11
5 11
6 11
10 11
0 12
1 12
2 12
3 12
4 12
9 12
0 13
3 13
4 13
5 13
6 13
7 13
8 13
0 14
1 14
3 14
4 14
5 14
6 14
7 14
2006 4 2 3 4 10 12 36
2 7
0 8
5 9
6 9
7 9
8 9
2 10
3 10
4 10
8 10
0 11
1 11
5 11
6 11
7 11
10 11
0 12
1 12
2 12
3 12
4 12
9 12
1 13
3 13
4 13
5 13
6 13
7 13
8 13
0 14
1 14
2 14
3 14
4 14
5 14
6 14
2010 5 0 1 2 7 9 36
2 7
0 8
7 8
0 9
1 9
2 9
5 10
6 10
7 10
9 10
3 11
4 11
5 11
6 11
8 11
9 11
1 12
2 12
3 12
4 12
8 12
10 12
0 13
1 13
3 13
4 13
5 13
6 13
7 13
1 14
2 14
3 14
4 14
5 14
6 14
8 14
952 3 0 1 8 9 10 41
0 8
1 8
2 8
3 8
4 9
5 9
6 9
7 9
8 9
0 10
1 10
9 10
2 11
3 11
4 11
5 11
6 11
7 11
10 11
2 12
3 12
4 12
5 12
6 12
7 12
10 12
2 13
3 13
4 13
5 13
6 13
7 13
10 13
0 14
1 14
2 14
3 14
4 14
5 14
6 14
7 14
2014 4 0 1 9 11 12 34
2 7
0 8
3 8
4 8
6 8
7 8
3 9
5 9
7 9
4 10
5 10
7 10
1 11
2 11
6 11
9 11
10 11
0 12
1 12
9 12
10 12
2 13
3 13
4 13
5 13
6 13
12 13
0 14
1 14
3 14
4 14
5 14
6 14
7 14
1977 6 0 1 2 13 14 35
2 7
3 8
4 8
7 8
4 9
5 9
6 9
2 10
5 10
6 10
8 10
3 11
4 11
5 11
6 11
7 11
0 12
1 12
3 12
7 12
9 12
10 12
0 13
1 13
2 13
8 13
9 13
11 13
0 14
1 14
2 14
3 14
4 14
5 14
6 14
2039 6 0 2 8 9 14 35
2 7
6 7
0 8
2 8
5 9
6 9
8 9
3 10
4 10
7 10
9 10
1 11
3 11
4 11
5 11
6 11
8 11
0 12
1 12
3 12
4 12
5 12
7 12
0 13
1 13
2 13
5 13
6 13
10 13
0 14
1 14
2 14
3 14
4 14
9 14
2029 5 2 6 7 10 11 36
2 7
6 7
2 8
5 9
6 9
8 9
3 10
4 10
7 10
9 10
0 11
1 11
2 11
5 11
6 11
10 11
0 12
1 12
2 12
3 12
4 12
9 12
0 13
1 13
3 13
4 13
5 13
6 13
8 13
0 14
1 14
3 14
4 14
5 14
7 14
8 14
1994 3 0 1 2 9 10 40
2 7
2 8
3 8
4 8
5 8
6 8
0 9
1 9
8 9
0 10
1 10
2 10
3 11
4 11
5 11
6 11
7 11
9 11
10 11
3 12
4 12
5 12
6 12
7 12
9 12
10 12
3 13
4 13
5 13
6 13
7 13
9 13
10 13
0 14
1 14
3 14
4 14
5 14
6 14
7 14
2052 6 2 5 6 7 14 35
2 7
5 7
6 7
3 8
5 8
4 9
6 9
8 9
5 10
6 10
0 11
1 11
3 11
4 11
7 11
10 11
0 12
1 12
2 12
4 12
8 12
10 12
0 13
1 13
2 13
3 13
9 13
10 13
0 14
1 14
2 14
3 14
4 14
5 14
6 14
2056 5 0 1 2 13 14 37
2 7
5 7
6 7
2 8
5 8
6 8
3 9
4 9
7 9
8 9
3 10
4 10
5 10
6 10
3 11
4 11
5 11
6 11
0 12
1 12
7 12
8 12
10 12
11 12
0 13
1 13
2 13
9 13
10 13
11 13
0 14
1 14
2 14
3 14
4 14
5 14
6 14
2058 6 2 5 6 7 8 37
2 7
5 7
6 7
2 8
5 8
6 8
3 9
4 9
6 9
3 10
4 10
6 10
0 11
1 11
2 11
5 11
9 11
10 11
0 12
1 12
3 12
4 12
7 12
8 12
0 13
1 13
7 13
8 13
9 13
10 13
0 14
1 14
2 14
3 14
4 14
5 14
6 14
2057 6 0 1 2 12 14 37
2 7
5 7
6 7
2 8
5 8
6 8
3 9
4 9
7 9
8 9
3 10
4 10
5 10
6 10
3 11
4 11
5 11
6 11
0 12
1 12
2 12
9 12
10 12
11 12
0 13
1 13
3 13
4 13
7 13
8 13
0 14
1 14
2 14
3 14
4 14
5 14
6 14
2086 5 0 1 2 13 14 38
2 7
4 7
5 7
6 7
2 8
0 9
1 9
3 9
7 9
8 9
3 10
4 10
5 10
6 10
8 10
3 11
4 11
5 11
6 11
8 11
3 12
4 12
5 12
6 12
8 12
0 13
1 13
2 13
10 13
11 13
12 13
0 14
1 14
2 14
3 14
4 14
5 14
6 14
2095 4 0 2 3 7 13 35
2 7
3 7
5 8
6 8
1 9
3 9
4 9
8 9
2 10
4 10
8 10
1 11
5 11
6 11
7 11
10 11
0 12
5 12
6 12
7 12
9 12
10 12
0 13
2 13
3 13
4 13
8 13
11 13
0 14
1 14
2 14
3 14
4 14
5 14
6 14
2107 5 0 4 5 9 14 36
2 7
3 7
1 8
6 8
7 8
0 9
4 9
5 9
8 9
4 10
5 10
6 10
7 10
4 11
5 11
6 11
7 11
1 12
2 12
3 12
9 12
10 12
11 12
0 13
2 13
3 13
8 13
10 13
11 13
0 14
1 14
2 14
3 14
4 14
5 14
6 14
2108 4 0 1 2 8 13 35
2 7
3 7
1 8
2 8
6 9
7 9
8 9
3 10
4 10
5 10
6 10
4 11
5 11
6 11
7 11
8 11
3 12
4 12
5 12
6 12
8 12
0 13
1 13
2 13
9 13
10 13
11 13
12 13
0 14
1 14
2 14
3 14
4 14
5 14
9 14
2124 5 0 1 2 9 14 36
2 7
3 7
5 7
6 7
0 8
4 8
6 8
0 9
1 9
2 9
1 10
2 10
3 10
8 10
1 11
7 11
8 11
3 12
4 12
5 12
6 12
9 12
11 12
4 13
5 13
6 13
9 13
10 13
11 13
0 14
1 14
2 14
3 14
4 14
5 14
6 14
2111 6 0 2 7 8 11 35
2 7
3 7
0 8
4 8
7 8
1 9
3 9
4 9
3 10
4 10
0 11
5 11
6 11
7 11
9 11
10 11
1 12
2 12
5 12
6 12
8 12
10 12
2 13
5 13
6 13
8 13
9 13
10 13
0 14
1 14
2 14
3 14
4 14
5 14
6 14
2128 5 0 1 7 10 13 36
2 7
3 7
4 7
2 8
3 8
2 9
3 9
0 10
1 10
7 10
4 11
5 11
6 11
8 11
9 11
10 11
4 12
5 12
6 12
8 12
9 12
10 12
0 13
1 13
5 13
6 13
7 13
8 13
9 13
0 14
1 14
2 14
3 14
4 14
5 14
6 14
2132 5 0 3 5 12 14 35
2 7
3 7
4 7
6 7
1 8
4 8
6 8
2 9
6 9
1 10
4 10
5 10
9 10
5 11
7 11
8 11
9 11
0 12
3 12
5 12
8 12
9 12
0 13
2 13
3 13
6 13
10 13
11 13
0 14
1 14
2 14
3 14
4 14
5 14
6 14
2142 2 0 1 3 11 13 36
1 7
4 9
6 9
7 9
8 9
2 10
4 10
5 10
7 10
8 10
0 11
1 11
2 11
3 11
9 11
2 12
3 12
5 12
6 12
7 12
8 12
0 13
1 13
3 13
4 13
5 13
6 13
8 13
0 14
1 14
2 14
3 14
4 14
5 14
6 14
8 14
2137 5 0 4 9 10 13 36
2 7
3 7
4 7
5 7
6 7
1 8
3 8
4 8
0 9
4 9
1 10
5 10
6 10
9 10
2 11
5 11
6 11
8 11
9 11
2 12
5 12
6 12
8 12
9 12
0 13
3 13
4 13
10 13
11 13
12 13
0 14
1 14
2 14
3 14
5 14
6 14
2147 4 1 6 7 8 9 37
1 7
6 8
7 8
6 9
7 9
0 10
1 10
6 10
2 11
3 11
4 11
5 11
8 11
9 11
10 11
2 12
3 12
4 12
5 12
8 12
9 12
10 12
0 13
2 13
3 13
4 13
5 13
6 13
7 13
0 14
1 14
2 14
3 14
4 14
5 14
8 14
9 14
2153 5 2 3 4 10 13 35
1 7
5 8
6 8
7 8
4 9
5 9
6 9
7 9
2 10
3 10
4 10
7 10
2 11
3 11
8 11
9 11
0 12
1 12
5 12
6 12
10 12
11 12
0 13
1 13
2 13
3 13
4 13
8 13
0 14
2 14
3 14
4 14
5 14
6 14
7 14
1705 4 1 2 3 9 12 39
4 7
5 7
6 7
0 8
4 8
5 8
1 9
2 9
3 9
6 9
8 9
0 10
4 10
5 10
6 10
0 11
4 11
5 11
6 11
1 12
2 12
3 12
7 12
10 12
11 12
1 13
2 13
3 13
7 13
8 13
10 13
11 13
0 14
1 14
2 14
3 14
4 14
5 14
6 14
2184 4 0 1 2 8 9 41
1 7
0 8
1 8
2 8
0 9
1 9
2 9
1 10
2 10
3 10
4 10
5 10
6 10
0 11
2 11
3 11
4 11
5 11
6 11
7 11
3 12
4 12
5 12
6 12
7 12
8 12
9 12
3 13
4 13
5 13
6 13
7 13
8 13
9 13
3 14
4 14
5 14
6 14
7 14
8 14
9 14
2212 4 0 1 4 7 14 36
1 7
4 7
5 8
6 8
1 9
5 9
6 9
5 10
6 10
7 10
2 11
3 11
4 11
8 11
9 11
10 11
0 12
2 12
3 12
5 12
6 12
7 12
0 13
2 13
3 13
4 13
8 13
9 13
10 13
0 14
1 14
2 14
3 14
4 14
8 14
10 14
2216 4 0 1 2 9 10 36
1 7
4 7
2 8
4 8
0 9
4 9
1 10
2 10
5 10
6 10
9 10
3 11
5 11
6 11
7 11
8 11
9 11
3 12
5 12
6 12
7 12
8 12
9 12
0 13
3 13
5 13
6 13
7 13
8 13
0 14
1 14
2 14
3 14
4 14
5 14
6 14
2217 3 0 1 2 7 10 36
1 7
4 7
0 8
0 10
2 10
3 10
7 10
9 10
2 11
4 11
5 11
6 11
8 11
9 11
2 12
3 12
5 12
6 12
7 12
8 12
9 12
1 13
3 13
4 13
5 13
6 13
8 13
9 13
0 14
1 14
2 14
3 14
4 14
5 14
6 14
9 14
2011 6 1 2 3 9 10 36
2 7
0 8
7 8
0 9
1 9
2 9
1 10
2 10
3 10
8 10
4 11
5 11
6 11
7 11
9 11
10 11
3 12
4 12
5 12
6 12
8 12
9 12
0 13
1 13
3 13
4 13
5 13
6 13
7 13
1 14
2 14
3 14
4 14
5 14
6 14
8 14
2246 5 0 2 6 10 14 35
1 7
2 7
4 8
5 8
7 8
0 9
2 9
0 10
2 10
6 10
8 10
1 11
3 11
6 11
8 11
9 11
3 12
4 12
5 12
6 12
7 12
9 12
1 13
3 13
4 13
5 13
9 13
10 13
0 14
1 14
2 14
3 14
4 14
5 14
6 14
2250 6 1 2 7 8 14 35
1 7
2 7
3 8
6 8
7 8
4 9
5 9
7 9
3 10
6 10
9 10
4 11
5 11
8 11
10 11
0 12
3 12
4 12
5 12
6 12
7 12
0 13
1 13
2 13
3 13
6 13
9 13
11 13
0 14
1 14
2 14
4 14
5 14
8 14
10 14
2252 6 0 4 8 9 10 35
1 7
2 7
3 8
4 8
5 8
7 8
0 9
6 9
8 9
2 10
4 10
9 10
1 11
3 11
5 11
6 11
10 11
0 12
5 12
6 12
7 12
10 12
1 13
2 13
3 13
4 13
9 13
12 13
0 14
1 14
2 14
3 14
4 14
5 14
6 14
2254 3 1 2 7 8 10 36
1 7
2 7
1 8
1 9
2 10
3 10
8 10
9 10
4 11
5 11
6 11
7 11
10 11
0 12
1 12
2 12
3 12
4 12
5 12
6 12
0 13
2 13
3 13
4 13
5 13
6 13
8 13
9 13
0 14
3 14
4 14
5 14
6 14
7 14
8 14
9 14
2260 5 0 3 4 11 13 36
1 7
2 7
0 8
7 8
5 9
6 9
8 9
1 10
2 10
9 10
0 11
1 11
2 11
3 11
4 11
9 11
3 12
4 12
5 12
6 12
8 12
10 12
0 13
3 13
4 13
5 13
6 13
7 13
10 13
1 14
2 14
3 14
4 14
5 14
6 14
8 14
2263 6 1 2 5 7 10 35
1 7
2 7
0 8
6 8
7 8
3 9
4 9
5 9
7 9
1 10
2 10
5 10
6 10
3 11
4 11
8 11
10 11
0 12
2 12
6 12
9 12
11 12
1 13
3 13
4 13
5 13
8 13
12 13
0 14
1 14
2 14
3 14
4 14
5 14
6 14
2242 3 0 2 6 9 10 35
1 7
2 7
7 8
0 9
5 9
6 9
7 9
0 10
2 10
6 10
8 10
2 11
3 11
4 11
8 11
9 11
1 12
3 12
4 12
5 12
10 12
1 13
3 13
4 13
5 13
6 13
8 13
0 14
1 14
2 14
3 14
4 14
5 14
6 14
8 14
2264 6 0 1 3 11 13 34
1 7
2 7
0 8
6 8
7 8
3 9
4 9
5 9
6 9
7 9
2 10
5 10
6 10
0 11
1 11
3 11
10 11
2 12
4 12
5 12
8 12
11 12
1 13
3 13
4 13
8 13
10 13
0 14
1 14
2 14
3 14
4 14
5 14
6 14
2265 5 0 1 2 7 8 35
1 7
2 7
0 8
6 8
7 8
0 9
2 9
1 10
5 10
6 10
9 10
2 11
3 11
4 11
8 11
10 11
3 12
4 12
5 12
6 12
7 12
9 12
1 13
3 13
4 13
5 13
8 13
9 13
0 14
1 14
2 14
3 14
4 14
5 14
6 14
2267 5 0 1 2 11 14 38
1 7
2 7
6 7
1 8
2 8
6 8
3 9
4 9
5 9
6 9
3 10
4 10
5 10
6 10
0 11
1 11
2 11
9 11
10 11
0 12
3 12
4 12
5 12
7 12
8 12
3 13
4 13
5 13
7 13
8 13
11 13
0 14
1 14
2 14
3 14
4 14
5 14
6 14
1871 5 0 2 5 9 13 34
3 7
4 7
2 8
2 9
5 9
6 9
3 10
4 10
8 10
9 10
1 11
5 11
6 11
7 11
8 11
1 12
3 12
4 12
8 12
9 12
0 13
2 13
5 13
6 13
7 13
10 13
12 13
0 14
1 14
3 14
4 14
5 14
6 14
8 14
2160 4 0 2 3 11 14 38
1 7
4 8
5 8
6 8
7 8
4 9
5 9
6 9
7 9
4 10
5 10
6 10
7 10
2 11
3 11
8 11
9 11
10 11
0 12
1 12
4 12
5 12
6 12
11 12
0 13
2 13
3 13
4 13
5 13
6 13
7 13
0 14
1 14
2 14
3 14
8 14
9 14
10 14
2299 5 0 1 2 3 14 36
0 7
5 8
6 8
5 9
6 9
3 10
4 10
7 10
8 10
9 10
3 11
4 11
7 11
8 11
9 11
1 12
2 12
3 12
4 12
5 12
6 12
7 12
0 13
1 13
2 13
5 13
6 13
10 13
11 13
0 14
1 14
2 14
3 14
4 14
8 14
9 14
2300 5 5 6 8 9 10 35
0 7
5 8
6 8
5 9
6 9
1 10
5 10
6 10
7 10
2 11
3 11
4 11
7 11
8 11
9 11
1 12
3 12
4 12
7 12
8 12
9 12
0 13
2 13
3 13
4 13
8 13
9 13
10 13
0 14
1 14
2 14
3 14
4 14
5 14
6 14
2306 6 1 2 3 10 13 36
0 7
5 8
6 8
7 8
4 9
5 9
6 9
7 9
1 10
2 10
3 10
7 10
0 11
4 11
5 11
6 11
10 11
0 12
1 12
2 12
3 12
4 12
8 12
1 13
2 13
3 13
8 13
9 13
11 13
1 14
2 14
3 14
4 14
5 14
6 14
7 14
2302 6 0 1 7 9 10 37
0 7
5 8
6 8
1 9
7 9
8 9
0 10
5 10
6 10
9 10
0 11
1 11
2 11
3 11
4 11
8 11
1 12
2 12
3 12
4 12
7 12
8 12
10 12
1 13
2 13
3 13
4 13
5 13
6 13
7 13
0 14
2 14
3 14
4 14
5 14
6 14
9 14
2310 5 0 3 7 8 10 34
0 7
5 8
6 8
7 8
3 9
4 9
6 9
7 9
0 10
3 10
8 10
2 11
5 11
9 11
10 11
1 12
3 12
4 12
8 12
11 12
1 13
2 13
4 13
5 13
6 13
7 13
10 13
0 14
1 14
2 14
3 14
4 14
5 14
6 14
2311 5 0 3 7 9 10 34
0 7
5 8
6 8
7 8
3 9
4 9
5 9
7 9
0 10
6 10
9 10
1 11
3 11
8 11
10 11
2 12
4 12
5 12
6 12
7 12
11 12
1 13
2 13
3 13
4 13
8 13
10 13
0 14
1 14
2 14
3 14
4 14
5 14
6 14
2312 3 0 1 8 10 13 37
0 7
5 8
6 8
7 8
2 9
3 9
5 9
6 9
0 10
1 10
8 10
9 10
2 11
4 11
5 11
6 11
7 11
10 11
1 12
3 12
4 12
5 12
6 12
7 12
0 13
1 13
2 13
3 13
4 13
8 13
2 14
3 14
4 14
5 14
6 14
7 14
10 14
2314 5 0 5 7 8 9 35
0 7
5 8
6 8
7 8
1 9
2 9
5 9
7 9
3 10
4 10
6 10
9 10
1 11
2 11
3 11
4 11
8 11
3 12
4 12
5 12
6 12
7 12
0 13
1 13
2 13
8 13
10 13
12 13
0 14
1 14
2 14
3 14
4 14
5 14
6 14
2315 5 5 6 7 8 11 36
0 7
5 8
6 8
7 8
1 9
2 9
5 9
7 9
1 10
2 10
8 10
3 11
4 11
5 11
6 11
7 11
10 11
0 12
3 12
4 12
6 12
9 12
10 12
0 13
1 13
2 13
3 13
4 13
8 13
0 14
1 14
2 14
3 14
4 14
5 14
6 14
2317 5 5 6 7 8 11 36
0 7
5 8
6 8
7 8
0 9
5 9
6 9
1 10
2 10
8 10
9 10
3 11
4 11
5 11
6 11
7 11
10 11
1 12
2 12
3 12
4 12
7 12
9 12
0 13
1 13
2 13
3 13
4 13
8 13
0 14
1 14
2 14
3 14
4 14
5 14
6 14
2316 5 1 2 3 9 13 36
0 7
5 8
6 8
7 8
1 9
2 9
3 9
7 9
1 10
2 10
8 10
3 11
4 11
5 11
6 11
7 11
10 11
0 12
4 12
5 12
6 12
9 12
10 12
0 13
1 13
2 13
3 13
4 13
8 13
0 14
1 14
2 14
3 14
4 14
5 14
6 14
2318 5 5 6 7 8 11 36
0 7
5 8
6 8
7 8
0 9
4 9
6 9
1 10
2 10
8 10
9 10
3 11
4 11
5 11
6 11
7 11
10 11
1 12
2 12
3 12
5 12
7 12
9 12
0 13
1 13
2 13
3 13
4 13
8 13
0 14
1 14
2 14
3 14
4 14
5 14
6 14
2321 5 0 1 2 10 14 35
0 7
4 8
6 8
5 9
6 9
0 10
1 10
2 10
8 10
9 10
3 11
4 11
5 11
6 11
7 11
10 11
1 12
2 12
3 12
4 12
7 12
9 12
1 13
2 13
3 13
5 13
7 13
8 13
0 14
1 14
2 14
3 14
4 14
5 14
6 14
2323 6 0 1 2 13 14 36
0 7
4 8
5 8
6 8
5 9
6 9
3 10
4 10
5 10
6 10
7 10
1 11
2 11
3 11
4 11
7 11
9 11
1 12
2 12
3 12
7 12
8 12
9 12
0 13
1 13
2 13
8 13
9 13
10 13
0 14
1 14
2 14
3 14
4 14
5 14
6 14
2324 5 0 1 4 10 14 36
0 7
4 8
5 8
6 8
7 8
5 9
6 9
0 10
1 10
4 10
9 10
2 11
3 11
5 11
6 11
7 11
10 11
1 12
2 12
3 12
4 12
7 12
9 12
0 13
1 13
2 13
3 13
8 13
9 13
0 14
1 14
2 14
3 14
4 14
5 14
6 14
2325 6 0 1 2 11 14 37
0 7
4 8
5 8
6 8
7 8
4 9
5 9
0 10
4 10
5 10
0 11
1 11
2 11
3 11
8 11
9 11
1 12
2 12
3 12
6 12
7 12
9 12
10 12
1 13
2 13
3 13
6 13
7 13
9 13
10 13
0 14
1 14
2 14
3 14
4 14
5 14
6 14
2326 5 0 1 4 10 14 36
0 7
4 8
5 8
6 8
7 8
4 9
5 9
0 10
1 10
4 10
5 10
2 11
3 11
6 11
7 11
9 11
10 11
1 12
2 12
3 12
6 12
7 12
9 12
0 13
1 13
2 13
3 13
8 13
9 13
0 14
1 14
2 14
3 14
4 14
5 14
6 14
2328 5 4 5 6 8 9 37
0 7
4 8
5 8
6 8
7 8
4 9
5 9
6 9
7 9
0 10
4 10
5 10
1 11
2 11
3 11
6 11
7 11
10 11
1 12
2 12
3 12
6 12
7 12
10 12
1 13
2 13
3 13
8 13
9 13
10 13
0 14
1 14
2 14
3 14
4 14
5 14
6 14
2329 6 1 2 3 10 11 36
0 7
4 8
5 8
6 8
7 8
3 9
6 9
7 9
1 10
2 10
3 10
8 10
1 11
2 11
3 11
6 11
7 11
0 12
4 12
5 12
9 12
10 12
11 12
0 13
1 13
2 13
4 13
5 13
9 13
0 14
1 14
2 14
3 14
4 14
5 14
6 14
2331 6 1 2 3 9 10 36
0 7
4 8
5 8
6 8
7 8
2 9
3 9
7 9
1 10
2 10
3 10
8 10
1 11
2 11
3 11
4 11
7 11
0 12
5 12
6 12
9 12
10 12
11 12
0 13
1 13
4 13
5 13
6 13
9 13
0 14
1 14
2 14
3 14
4 14
5 14
6 14
2344 5 0 1 7 8 10 35
0 7
1 8
4 9
5 9
6 9
2 10
3 10
7 10
8 10
9 10
4 11
5 11
6 11
7 11
8 11
0 12
1 12
2 12
3 12
9 12
11 12
0 13
2 13
3 13
4 13
5 13
6 13
8 13
1 14
2 14
3 14
4 14
5 14
6 14
7 14
2346 4 0 1 8 9 10 37
0 7
1 8
1 9
0 10
5 10
6 10
8 10
9 10
1 11
2 11
3 11
4 11
7 11
10 11
0 12
1 12
2 12
3 12
4 12
5 12
6 12
2 13
3 13
4 13
5 13
6 13
7 13
8 13
9 13
2 14
3 14
4 14
5 14
6 14
7 14
8 14
9 14
2348 5 0 1 7 8 12 35
0 7
1 8
7 8
1 9
5 9
6 9
3 10
4 10
7 10
9 10
2 11
5 11
6 11
8 11
10 11
0 12
2 12
3 12
4 12
8 12
9 12
1 13
2 13
3 13
4 13
5 13
6 13
7 13
0 14
2 14
3 14
4 14
5 14
6 14
8 14
2354 4 0 1 2 7 8 36
0 7
1 8
2 8
6 8
7 8
3 9
5 9
6 9
7 9
4 10
5 10
6 10
7 10
3 11
4 11
5 11
8 11
3 12
4 12
5 12
6 12
7 12
0 13
1 13
2 13
9 13
10 13
11 13
12 13
0 14
1 14
2 14
3 14
4 14
5 14
6 14
2356 6 3 5 6 9 12 36
0 7
1 8
2 8
4 8
7 8
3 9
5 9
6 9
8 9
0 10
1 10
2 10
3 10
4 11
5 11
6 11
7 11
10 11
3 12
4 12
5 12
6 12
7 12
0 13
1 13
2 13
9 13
11 13
12 13
0 14
1 14
2 14
3 14
4 14
5 14
6 14
2358 5 1 2 3 8 12 37
0 7
1 8
2 8
3 8
7 8
4 9
5 9
6 9
7 9
4 10
5 10
6 10
7 10
0 11
4 11
5 11
6 11
8 11
0 12
1 12
2 12
3 12
9 12
10 12
1 13
2 13
3 13
9 13
10 13
11 13
0 14
1 14
2 14
3 14
4 14
5 14
6 14
2360 5 1 2 3 8 10 37
0 7
1 8
2 8
3 8
7 8
0 9
4 9
5 9
6 9
8 9
1 10
2 10
3 10
9 10
4 11
5 11
6 11
7 11
10 11
4 12
5 12
6 12
7 12
10 12
0 13
1 13
2 13
3 13
11 13
12 13
1 14
2 14
3 14
4 14
5 14
6 14
7 14
2370 5 0 5 6 8 9 37
0 7
0 8
5 8
6 8
5 9
6 9
7 9
5 10
6 10
7 10
1 11
2 11
3 11
4 11
7 11
8 11
0 12
1 12
2 12
3 12
4 12
9 12
10 12
1 13
2 13
3 13
4 13
8 13
9 13
10 13
1 14
2 14
3 14
4 14
5 14
6 14
7 14
2371 5 0 5 6 8 9 36
0 7
0 8
5 8
6 8
5 9
6 9
7 9
1 10
2 10
8 10
9 10
0 11
1 11
2 11
3 11
4 11
9 11
3 12
4 12
5 12
6 12
7 12
10 12
1 13
2 13
3 13
4 13
7 13
8 13
1 14
2 14
3 14
4 14
5 14
6 14
7 14
2373 6 1 2 3 10 13 36
0 7
0 8
5 8
6 8
0 9
1 9
2 9
1 10
2 10
3 10
8 10
4 11
5 11
6 11
7 11
9 11
10 11
3 12
4 12
5 12
6 12
7 12
9 12
1 13
2 13
3 13
4 13
7 13
8 13
0 14
1 14
2 14
3 14
4 14
5 14
6 14
2270 1 0 1 7 9 10 36
1 7
2 7
3 7
0 9
7 9
1 10
4 10
5 10
8 10
9 10
1 11
4 11
5 11
6 11
8 11
9 11
2 12
3 12
5 12
6 12
8 12
9 12
0 13
2 13
3 13
4 13
6 13
8 13
0 14
1 14
2 14
3 14
4 14
5 14
6 14
8 14
2377 5 0 3 4 8 9 36
0 7
0 8
3 8
4 8
0 9
3 9
5 9
1 10
2 10
8 10
9 10
3 11
4 11
5 11
6 11
7 11
10 11
1 12
2 12
4 12
6 12
7 12
9 12
1 13
2 13
5 13
6 13
7 13
8 13
0 14
1 14
2 14
3 14
4 14
5 14
6 14
2378 5 5 6 7 9 11 36
0 7
0 8
2 8
5 9
6 9
7 9
3 10
4 10
8 10
9 10
1 11
2 11
5 11
6 11
7 11
10 11
0 12
1 12
2 12
3 12
4 12
9 12
1 13
3 13
4 13
5 13
6 13
7 13
8 13
0 14
1 14
2 14
3 14
4 14
5 14
6 14
2383 3 0 1 7 8 9 38
0 7
0 8
1 8
1 9
7 9
1 10
7 10
1 11
2 11
3 11
4 11
5 11
6 11
7 11
2 12
3 12
4 12
5 12
6 12
8 12
9 12
10 12
2 13
3 13
4 13
5 13
6 13
8 13
9 13
10 13
0 14
2 14
3 14
4 14
5 14
6 14
9 14
10 14
2391 5 1 2 8 9 11 40
0 7
0 8
1 8
2 8
4 9
5 9
6 9
7 9
8 9
3 10
4 10
5 10
6 10
7 10
0 11
1 11
2 11
9 11
10 11
3 12
4 12
5 12
6 12
7 12
8 12
11 12
1 13
2 13
3 13
4 13
5 13
6 13
7 13
0 14
1 14
2 14
3 14
4 14
5 14
6 14
2392 5 1 2 8 10 11 41
0 7
0 8
1 8
2 8
3 9
4 9
5 9
6 9
7 9
0 10
1 10
2 10
9 10
3 11
4 11
5 11
6 11
7 11
8 11
10 11
3 12
4 12
5 12
6 12
7 12
8 12
10 12
1 13
2 13
3 13
4 13
5 13
6 13
7 13
0 14
1 14
2 14
3 14
4 14
5 14
6 14
2396 5 0 1 2 12 14 40
0 7
0 8
1 8
2 8
3 8
4 9
5 9
6 9
7 9
8 9
3 10
4 10
5 10
6 10
7 10
3 11
4 11
5 11
6 11
7 11
0 12
1 12
2 12
9 12
10 12
11 12
1 13
2 13
3 13
4 13
5 13
6 13
7 13
0 14
1 14
2 14
3 14
4 14
5 14
6 14
2399 4 0 6 7 9 10 37
0 7
6 7
1 9
2 9
7 9
0 10
3 10
5 10
6 10
8 10
9 10
3 11
4 11
5 11
6 11
8 11
9 11
1 12
2 12
3 12
4 12
7 12
8 12
0 13
1 13
2 13
4 13
5 13
6 13
8 13
1 14
2 14
3 14
4 14
5 14
7 14
8 14
2410 6 1 2 3 11 13 36
0 7
6 7
0 8
5 8
3 9
4 9
6 9
8 9
4 10
6 10
8 10
1 11
2 11
3 11
5 11
7 11
10 11
1 12
2 12
5 12
7 12
9 12
10 12
1 13
2 13
3 13
4 13
7 13
8 13
0 14
1 14
2 14
3 14
4 14
5 14
6 14
2333 6 0 1 2 13 14 35
0 7
3 8
6 8
7 8
4 9
5 9
7 9
3 10
6 10
9 10
4 11
5 11
8 11
10 11
1 12
2 12
3 12
4 12
5 12
6 12
7 12
0 13
1 13
2 13
3 13
6 13
9 13
11 13
0 14
1 14
2 14
4 14
5 14
8 14
10 14
2415 6 0 5 7 11 13 36
0 7
5 7
5 8
6 8
1 9
2 9
8 9
3 10
4 10
6 10
7 10
9 10
0 11
5 11
6 11
9 11
0 12
1 12
2 12
3 12
4 12
8 12
1 13
2 13
3 13
4 13
7 13
8 13
11 13
0 14
1 14
2 14
3 14
4 14
5 14
6 14
2437 6 1 2 4 11 14 36
0 7
5 7
6 7
0 8
1 8
2 9
5 9
6 9
8 9
3 10
5 10
6 10
8 10
1 11
2 11
4 11
7 11
10 11
1 12
3 12
4 12
7 12
9 12
2 13
3 13
4 13
5 13
6 13
8 13
0 14
1 14
2 14
3 14
4 14
5 14
6 14
2438 4 0 1 2 8 11 37
0 7
5 7
6 7
0 8
1 8
2 8
2 9
4 9
5 9
6 9
1 10
7 10
9 10
1 11
2 11
3 11
4 11
7 11
3 12
4 12
5 12
6 12
8 12
10 12
3 13
4 13
5 13
6 13
8 13
10 13
0 14
1 14
2 14
3 14
4 14
5 14
6 14
2376 4 0 3 8 9 10 38
0 7
0 8
3 8
0 9
3 9
1 10
2 10
8 10
9 10
3 11
4 11
5 11
6 11
7 11
10 11
0 12
1 12
2 12
3 12
4 12
5 12
6 12
1 13
2 13
4 13
5 13
6 13
7 13
8 13
9 13
1 14
2 14
4 14
5 14
6 14
7 14
8 14
9 14
2452 4 0 4 5 7 11 38
0 7
4 7
5 7
6 7
1 8
2 8
3 8
6 8
6 9
6 10
0 11
4 11
5 11
8 11
9 11
10 11
1 12
2 12
3 12
7 12
9 12
10 12
0 13
1 13
2 13
3 13
4 13
5 13
9 13
10 13
0 14
1 14
2 14
3 14
4 14
5 14
9 14
10 14
2456 5 0 1 2 11 14 34
0 7
3 7
4 8
5 8
7 8
3 9
4 9
6 9
1 10
2 10
5 10
6 10
7 10
1 11
2 11
8 11
9 11
3 12
4 12
5 12
6 12
11 12
0 13
2 13
3 13
4 13
5 13
6 13
0 14
1 14
2 14
8 14
9 14
12 14
2463 5 0 1 3 7 14 37
0 7
3 7
2 8
3 8
2 9
3 9
4 9
5 9
1 10
6 10
7 10
8 10
9 10
4 11
5 11
6 11
7 11
8 11
0 12
1 12
4 12
5 12
6 12
8 12
1 13
2 13
4 13
5 13
6 13
7 13
0 14
1 14
2 14
3 14
4 14
5 14
6 14
2471 6 0 3 5 7 9 35
0 7
3 7
5 7
5 8
6 8
3 9
4 9
5 9
6 9
1 10
2 10
4 10
6 10
7 10
1 11
2 11
3 11
8 11
0 12
4 12
5 12
6 12
11 12
0 13
1 13
2 13
3 13
4 13
8 13
1 14
2 14
7 14
8 14
9 14
12 14
2477 6 0 1 2 13 14 37
0 7
3 7
4 7
1 8
2 8
6 8
7 8
1 9
2 9
5 9
6 9
7 9
3 10
4 10
5 10
6 10
3 11
4 11
5 11
6 11
3 12
4 12
5 12
8 12
0 13
1 13
2 13
10 13
11 13
12 13
0 14
1 14
2 14
3 14
4 14
5 14
6 14
2480 5 0 3 4 7 14 38
0 7
3 7
4 7
0 8
2 8
1 9
2 9
7 9
1 10
2 10
5 10
6 10
7 10
3 11
4 11
5 11
6 11
8 11
9 11
3 12
4 12
5 12
6 12
8 12
9 12
1 13
3 13
4 13
5 13
6 13
8 13
0 14
1 14
2 14
3 14
4 14
5 14
6 14
2411 5 1 5 7 9 10 37
0 7
6 7
0 8
5 8
1 9
5 9
7 9
1 10
5 10
7 10
1 11
2 11
3 11
4 11
7 11
8 11
2 12
3 12
4 12
6 12
8 12
9 12
10 12
2 13
3 13
4 13
6 13
8 13
9 13
10 13
0 14
1 14
2 14
3 14
4 14
5 14
6 14
2491 5 1 2 3 8 12 38
0 7
2 7
1 8
2 8
3 8
4 9
5 9
6 9
7 9
8 9
4 10
5 10
6 10
7 10
8 10
3 11
4 11
5 11
6 11
7 11
2 12
3 12
4 12
5 12
6 12
0 13
1 13
9 13
10 13
11 13
12 13
0 14
1 14
2 14
3 14
4 14
5 14
6 14
2444 5 0 1 2 3 14 37
0 7
4 7
2 8
5 8
6 8
7 8
2 9
7 9
1 10
4 10
8 10
9 10
2 11
3 11
5 11
6 11
7 11
10 11
1 12
3 12
4 12
5 12
6 12
9 12
1 13
3 13
4 13
5 13
6 13
9 13
0 14
1 14
2 14
3 14
4 14
5 14
6 14
2177 5 5 6 8 9 11 35
1 7
0 8
5 9
6 9
8 9
2 10
3 10
7 10
9 10
1 11
4 11
5 11
6 11
8 11
10 11
0 12
1 12
2 12
3 12
4 12
9 12
2 13
3 13
4 13
5 13
6 13
7 13
8 13
0 14
2 14
3 14
4 14
5 14
6 14
7 14
2502 5 0 1 2 7 14 37
0 7
1 7
5 8
6 8
7 8
5 9
6 9
7 9
2 10
3 10
4 10
8 10
9 10
2 11
3 11
4 11
8 11
9 11
2 12
3 12
4 12
5 12
6 12
7 12
0 13
1 13
5 13
6 13
10 13
11 13
0 14
1 14
2 14
3 14
4 14
8 14
9 14
2504 6 0 1 4 7 12 36
0 7
1 7
5 8
6 8
7 8
2 9
3 9
4 9
7 9
2 10
3 10
8 10
1 11
5 11
6 11
9 11
10 11
0 12
1 12
4 12
5 12
6 12
10 12
0 13
2 13
3 13
4 13
8 13
11 13
0 14
1 14
2 14
3 14
4 14
5 14
6 14
2505 6 2 3 4 9 13 36
0 7
1 7
5 8
6 8
7 8
2 9
3 9
4 9
7 9
1 10
2 10
8 10
0 11
5 11
6 11
9 11
10 11
3 12
4 12
5 12
6 12
7 12
10 12
1 13
2 13
3 13
4 13
8 13
11 13
0 14
1 14
2 14
3 14
4 14
5 14
6 14
2500 6 0 1 2 7 10 36
0 7
1 7
5 8
6 8
1 9
5 9
6 9
0 10
1 10
2 10
8 10
3 11
4 11
5 11
6 11
7 11
10 11
2 12
3 12
4 12
7 12
8 12
9 12
0 13
2 13
3 13
4 13
8 13
9 13
0 14
1 14
2 14
3 14
4 14
5 14
6 14
2509 5 2 3 4 10 12 36
0 7
1 7
4 8
5 8
6 8
7 8
5 9
6 9
7 9
2 10
3 10
4 10
7 10
0 11
5 11
6 11
10 11
1 12
2 12
3 12
4 12
9 12
11 12
1 13
2 13
3 13
8 13
9 13
11 13
0 14
1 14
2 14
3 14
4 14
5 14
6 14
2506 7 0 1 2 7 10 36
0 7
1 7
5 8
6 8
7 8
2 9
3 9
4 9
7 9
0 10
2 10
8 10
1 11
5 11
6 11
9 11
10 11
1 12
3 12
4 12
5 12
6 12
10 12
0 13
2 13
3 13
4 13
8 13
11 13
0 14
1 14
2 14
3 14
4 14
5 14
6 14
2512 6 4 5 6 8 12 36
0 7
1 7
4 8
5 8
6 8
7 8
2 9
3 9
7 9
0 10
2 10
3 10
4 10
1 11
5 11
6 11
9 11
10 11
1 12
4 12
5 12
6 12
9 12
0 13
2 13
3 13
8 13
11 13
12 13
0 14
1 14
2 14
3 14
4 14
5 14
6 14
2513 6 2 3 9 10 11 35
0 7
1 7
4 8
5 8
6 8
7 8
2 9
3 9
7 9
0 10
2 10
3 10
4 10
1 11
5 11
6 11
9 11
10 11
1 12
2 12
3 12
8 12
0 13
4 13
5 13
6 13
9 13
12 13
0 14
1 14
2 14
3 14
4 14
5 14
6 14
2522 3 2 3 8 9 10 38
0 7
1 7
2 8
3 8
7 8
2 9
3 9
2 10
3 10
4 11
5 11
6 11
7 11
9 11
10 11
0 12
1 12
2 12
3 12
4 12
5 12
6 12
0 13
1 13
4 13
5 13
6 13
8 13
9 13
10 13
0 14
1 14
4 14
5 14
6 14
8 14
9 14
10 14
2525 5 1 5 6 10 12 36
0 7
1 7
2 8
3 8
7 8
0 9
4 9
5 9
6 9
8 9
1 10
5 10
6 10
2 11
3 11
4 11
7 11
10 11
1 12
5 12
6 12
8 12
11 12
0 13
2 13
3 13
4 13
10 13
12 13
0 14
1 14
2 14
3 14
4 14
5 14
6 14
2526 5 2 3 8 9 10 36
0 7
1 7
2 8
3 8
7 8
0 9
2 9
3 9
1 10
2 10
3 10
4 11
5 11
6 11
7 11
9 11
10 11
0 12
4 12
5 12
6 12
8 12
10 12
1 13
4 13
5 13
6 13
8 13
9 13
0 14
1 14
2 14
3 14
4 14
5 14
6 14
2528 6 2 3 8 9 10 36
0 7
1 7
2 8
3 8
4 8
7 8
5 9
6 9
8 9
2 10
3 10
9 10
4 11
5 11
6 11
7 11
10 11
0 12
1 12
4 12
5 12
6 12
10 12
0 13
1 13
2 13
3 13
9 13
11 13
0 14
1 14
2 14
3 14
4 14
5 14
6 14
2527 6 0 1 3 7 9 36
0 7
1 7
2 8
3 8
7 8
0 9
1 9
3 9
1 10
2 10
3 10
2 11
4 11
5 11
6 11
7 11
9 11
0 12
4 12
5 12
6 12
8 12
10 12
4 13
5 13
6 13
8 13
9 13
10 13
0 14
1 14
2 14
3 14
4 14
5 14
6 14
2530 6 0 1 3 7 13 36
0 7
1 7
2 8
3 8
4 8
7 8
5 9
6 9
8 9
0 10
2 10
5 10
6 10
2 11
5 11
6 11
7 11
1 12
3 12
4 12
9 12
10 12
11 12
0 13
1 13
3 13
4 13
9 13
11 13
0 14
1 14
2 14
3 14
4 14
5 14
6 14
2532 5 3 4 8 9 10 36
0 7
1 7
2 8
3 8
4 8
7 8
3 9
4 9
0 10
3 10
4 10
2 11
5 11
6 11
7 11
9 11
10 11
1 12
5 12
6 12
8 12
9 12
10 12
0 13
1 13
2 13
5 13
6 13
9 13
0 14
1 14
2 14
3 14
4 14
5 14
6 14
2534 6 2 3 7 8 11 36
0 7
1 7
2 8
3 8
4 8
7 8
1 9
4 9
1 10
3 10
4 10
2 11
3 11
5 11
6 11
7 11
9 11
0 12
5 12
6 12
8 12
9 12
10 12
0 13
2 13
5 13
6 13
9 13
10 13
0 14
1 14
2 14
3 14
4 14
5 14
6 14
2537 6 2 4 7 8 13 35
0 7
1 7
2 8
3 8
4 8
7 8
0 9
5 9
6 9
8 9
1 10
3 10
9 10
1 11
3 11
4 11
6 11
0 12
2 12
5 12
10 12
11 12
2 13
4 13
5 13
6 13
7 13
10 13
0 14
1 14
2 14
3 14
4 14
5 14
6 14
2542 6 0 2 8 10 13 36
0 7
1 7
1 8
6 8
1 9
5 9
6 9
0 10
2 10
8 10
9 10
3 11
4 11
5 11
6 11
7 11
10 11
2 12
3 12
4 12
7 12
8 12
9 12
0 13
2 13
3 13
4 13
5 13
8 13
0 14
1 14
2 14
3 14
4 14
5 14
6 14
2543 6 0 2 9 10 13 36
0 7
1 7
1 8
6 8
1 9
5 9
6 9
0 10
2 10
8 10
9 10
3 11
4 11
5 11
6 11
7 11
10 11
2 12
3 12
4 12
5 12
7 12
8 12
0 13
2 13
3 13
4 13
8 13
9 13
0 14
1 14
2 14
3 14
4 14
5 14
6 14
2546 3 0 2 7 8 10 37
0 7
1 7
0 8
0 9
2 10
3 10
7 10
8 10
1 11
4 11
5 11
6 11
9 11
10 11
0 12
1 12
2 12
3 12
4 12
5 12
6 12
1 13
2 13
3 13
4 13
5 13
6 13
8 13
9 13
2 14
3 14
4 14
5 14
6 14
7 14
8 14
9 14
2548 3 0 1 7 8 10 37
0 7
1 7
0 8
0 9
1 10
2 10
8 10
9 10
3 11
4 11
5 11
6 11
7 11
10 11
0 12
1 12
2 12
3 12
4 12
5 12
6 12
1 13
2 13
3 13
4 13
5 13
6 13
8 13
9 13
2 14
3 14
4 14
5 14
6 14
7 14
8 14
9 14
2560 4 0 1 7 8 11 41
0 7
1 7
6 7
0 8
1 8
6 8
2 9
3 9
4 9
5 9
6 9
2 10
3 10
4 10
5 10
6 10
0 11
1 11
9 11
10 11
2 12
3 12
4 12
5 12
7 12
8 12
11 12
2 13
3 13
4 13
5 13
7 13
8 13
11 13
0 14
1 14
2 14
3 14
4 14
5 14
6 14
2561 5 0 1 7 9 13 36
0 7
1 7
5 7
4 8
6 8
7 8
2 9
4 9
6 9
7 9
3 10
4 10
5 10
6 10
2 11
3 11
5 11
6 11
1 12
2 12
3 12
5 12
8 12
0 13
1 13
8 13
9 13
10 13
11 13
0 14
1 14
2 14
3 14
4 14
5 14
6 14
2563 6 2 3 8 9 12 36
0 7
1 7
5 7
6 7
2 8
3 8
7 8
4 9
6 9
8 9
4 10
5 10
6 10
8 10
2 11
4 11
5 11
6 11
1 12
2 12
3 12
5 12
9 12
0 13
1 13
3 13
9 13
10 13
11 13
0 14
1 14
2 14
3 14
4 14
5 14
6 14
2565 5 0 1 5 7 14 40
0 7
1 7
5 7
6 7
0 8
1 8
6 8
2 9
3 9
4 9
5 9
6 9
2 10
3 10
4 10
5 10
6 10
2 11
3 11
4 11
5 11
8 11
2 12
3 12
4 12
7 12
8 12
0 13
1 13
9 13
10 13
11 13
12 13
0 14
1 14
2 14
3 14
4 14
5 14
6 14
2501 6 5 6 8 9 10 36
0 7
1 7
5 8
6 8
0 9
4 9
8 9
1 10
5 10
6 10
9 10
2 11
3 11
4 11
7 11
8 11
10 11
2 12
3 12
5 12
6 12
7 12
9 12
0 13
1 13
2 13
3 13
4 13
8 13
0 14
1 14
2 14
3 14
4 14
5 14
6 14
2572 6 0 1 2 7 12 35
0 7
1 7
2 7
4 8
5 8
6 8
7 8
3 9
4 9
7 9
2 10
5 10
6 10
9 10
1 11
3 11
4 11
10 11
1 12
2 12
3 12
8 12
0 13
5 13
6 13
9 13
11 13
12 13
0 14
1 14
2 14
3 14
4 14
5 14
6 14
2574 5 0 1 2 7 10 37
0 7
1 7
2 7
3 8
4 8
5 9
6 9
7 9
8 9
1 10
2 10
5 10
6 10
8 10
2 11
5 11
6 11
8 11
0 12
1 12
3 12
4 12
9 12
11 12
0 13
3 13
4 13
9 13
10 13
11 13
0 14
1 14
2 14
3 14
4 14
5 14
6 14
2576 5 0 1 2 7 10 38
0 7
1 7
2 7
2 8
4 8
5 8
6 8
3 9
5 9
6 9
0 10
1 10
8 10
9 10
0 11
1 11
2 11
4 11
9 11
3 12
5 12
6 12
7 12
10 12
11 12
3 13
4 13
5 13
6 13
7 13
10 13
0 14
1 14
2 14
3 14
4 14
5 14
6 14
2586 6 2 5 10 11 12 35
0 7
1 7
2 7
3 7
4 8
5 8
6 8
7 8
3 9
4 9
6 9
2 10
4 10
5 10
0 11
2 11
5 11
9 11
1 12
3 12
6 12
10 12
11 12
0 13
1 13
8 13
9 13
10 13
0 14
1 14
2 14
3 14
4 14
5 14
6 14
2487 3 0 1 7 8 10 37
0 7
2 7
1 8
7 8
1 9
0 10
1 10
3 11
4 11
5 11
6 11
7 11
9 11
10 11
0 12
1 12
2 12
3 12
4 12
5 12
6 12
2 13
3 13
4 13
5 13
6 13
8 13
9 13
10 13
2 14
3 14
4 14
5 14
6 14
8 14
9 14
10 14
2589 5 0 1 7 8 10 40
0 7
1 7
2 7
3 7
4 8
5 8
6 8
7 8
1 9
2 9
8 9
0 10
1 10
2 10
8 10
0 11
3 11
4 11
5 11
6 11
9 11
3 12
4 12
5 12
6 12
9 12
10 12
3 13
4 13
5 13
6 13
9 13
10 13
0 14
1 14
2 14
3 14
4 14
5 14
6 14
2606 4 0 1 2 3 12 36
5 6
4 9
5 9
7 9
8 9
2 10
3 10
6 10
9 10
0 11
4 11
5 11
7 11
8 11
10 11
0 12
1 12
2 12
3 12
6 12
7 12
8 12
1 13
2 13
3 13
4 13
6 13
7 13
8 13
0 14
1 14
4 14
5 14
7 14
8 14
10 14
2629 6 0 1 2 11 12 37
5 6
6 8
7 8
3 9
4 9
5 9
7 9
3 10
4 10
6 10
7 10
0 11
1 11
2 11
5 11
8 11
10 11
0 12
1 12
2 12
8 12
9 12
10 12
0 13
1 13
2 13
3 13
4 13
6 13
7 13
0 14
1 14
2 14
3 14
4 14
5 14
8 14
2685 5 0 2 4 8 14 36
5 6
0 8
2 8
4 8
5 8
7 8
1 9
5 9
7 9
3 10
4 10
6 10
9 10
3 11
4 11
6 11
9 11
1 12
2 12
5 12
7 12
10 12
11 12
0 13
1 13
2 13
3 13
6 13
7 13
0 14
1 14
2 14
3 14
4 14
6 14
7 14
2690 3 0 1 2 3 14 34
5 6
6 7
1 9
4 9
6 9
2 10
3 10
4 10
6 10
8 10
3 11
5 11
7 11
8 11
9 11
0 12
2 12
5 12
7 12
8 12
9 12
1 13
3 13
4 13
5 13
7 13
8 13
0 14
1 14
2 14
3 14
4 14
7 14
8 14
2710 5 5 6 7 8 9 37
5 6
6 7
4 8
6 8
5 9
7 9
8 9
3 10
5 10
7 10
8 10
0 11
1 11
2 11
3 11
4 11
7 11
0 12
1 12
2 12
4 12
9 12
10 12
0 13
1 13
2 13
3 13
4 13
6 13
9 13
0 14
1 14
2 14
3 14
5 14
7 14
8 14
2720 5 0 1 2 3 14 34
5 6
6 7
3 8
4 8
7 8
2 9
5 9
8 9
0 10
3 10
6 10
9 10
1 11
4 11
5 11
7 11
10 11
1 12
3 12
4 12
7 12
9 12
0 13
2 13
6 13
8 13
11 13
12 13
0 14
1 14
2 14
3 14
4 14
5 14
2733 2 1 5 6 9 10 37
5 6
5 7
5 9
1 10
6 10
8 10
9 10
2 11
3 11
4 11
7 11
8 11
9 11
0 12
2 12
3 12
4 12
5 12
10 12
0 13
1 13
2 13
3 13
4 13
6 13
7 13
8 13
9 13
0 14
1 14
2 14
3 14
4 14
6 14
7 14
8 14
9 14
2740 2 0 2 4 9 10 36
5 6
5 7
0 9
2 9
4 9
5 9
8 9
0 10
3 10
4 10
6 10
7 10
0 11
1 11
6 11
7 11
8 11
1 12
2 12
3 12
4 12
5 12
8 12
1 13
2 13
3 13
6 13
7 13
8 13
1 14
2 14
3 14
4 14
6 14
7 14
8 14
2751 6 0 1 2 13 14 35
5 6
5 7
6 8
7 8
3 9
4 9
8 9
2 10
3 10
4 10
8 10
2 11
3 11
4 11
6 11
7 11
0 12
1 12
5 12
9 12
10 12
11 12
0 13
1 13
2 13
6 13
7 13
9 13
0 14
1 14
2 14
3 14
4 14
5 14
8 14
2752 6 5 6 7 8 10 37
5 6
5 7
6 8
7 8
3 9
4 9
5 9
3 10
4 10
6 10
7 10
0 11
1 11
2 11
8 11
9 11
10 11
0 12
1 12
2 12
8 12
9 12
10 12
0 13
1 13
2 13
3 13
4 13
6 13
7 13
0 14
1 14
2 14
3 14
4 14
5 14
8 14
2755 5 0 5 6 7 13 36
5 6
5 7
6 8
7 8
2 9
3 9
4 9
8 9
2 10
3 10
4 10
8 10
2 11
3 11
4 11
6 11
7 11
0 12
1 12
5 12
9 12
10 12
11 12
0 13
1 13
6 13
7 13
9 13
10 13
0 14
1 14
2 14
3 14
4 14
5 14
8 14
2567 5 0 1 3 7 14 38
0 7
1 7
3 7
3 8
4 8
5 8
6 8
2 9
4 9
7 9
1 10
3 10
5 10
6 10
9 10
0 11
1 11
8 11
9 11
2 12
4 12
5 12
6 12
7 12
11 12
2 13
3 13
4 13
5 13
6 13
11 13
0 14
1 14
2 14
3 14
4 14
5 14
6 14
2764 4 0 7 8 9 10 38
5 6
5 7
5 8
0 9
7 9
8 9
0 10
6 10
7 10
8 10
1 11
2 11
3 11
4 11
6 11
9 11
1 12
2 12
3 12
4 12
5 12
9 12
10 12
1 13
2 13
3 13
4 13
6 13
7 13
8 13
0 14
1 14
2 14
3 14
4 14
6 14
7 14
8 14
2756 5 5 6 7 8 12 36
5 6
5 7
6 8
7 8
0 9
5 9
2 10
3 10
4 10
8 10
9 10
2 11
3 11
4 11
8 11
9 11
0 12
1 12
6 12
7 12
10 12
11 12
1 13
2 13
3 13
4 13
6 13
7 13
9 13
0 14
1 14
2 14
3 14
4 14
5 14
8 14
2777 5 2 3 4 9 12 37
5 6
5 7
4 8
5 8
2 9
3 9
4 9
1 10
6 10
7 10
8 10
9 10
1 11
6 11
7 11
8 11
9 11
0 12
2 12
3 12
4 12
6 12
7 12
0 13
2 13
3 13
4 13
5 13
10 13
11 13
0 14
1 14
2 14
3 14
6 14
7 14
8 14
2779 4 1 2 4 11 13 36
5 6
5 7
4 8
5 8
0 9
3 9
7 9
8 9
1 10
6 10
7 10
8 10
1 11
2 11
4 11
6 11
9 11
0 12
2 12
3 12
4 12
5 12
10 12
1 13
2 13
3 13
4 13
6 13
7 13
0 14
1 14
2 14
3 14
6 14
7 14
8 14
2799 5 3 4 8 9 10 36
5 6
5 7
3 8
4 8
5 8
3 9
4 9
6 10
7 10
8 10
9 10
1 11
2 11
6 11
7 11
9 11
0 12
2 12
3 12
4 12
6 12
7 12
0 13
1 13
2 13
3 13
4 13
5 13
10 13
0 14
1 14
2 14
6 14
7 14
8 14
9 14
2313 6 0 5 6 12 14 36
0 7
5 8
6 8
7 8
1 9
2 9
8 9
3 10
4 10
5 10
6 10
7 10
9 10
1 11
2 11
3 11
4 11
7 11
0 12
5 12
6 12
9 12
11 12
1 13
2 13
3 13
4 13
8 13
12 13
0 14
1 14
2 14
3 14
4 14
5 14
6 14
2800 4 3 4 5 8 10 38
5 6
5 7
3 8
4 8
5 8
3 9
4 9
0 10
1 10
3 10
4 10
5 10
0 11
1 11
2 11
6 11
7 11
9 11
2 12
6 12
7 12
8 12
9 12
10 12
0 13
1 13
2 13
3 13
4 13
6 13
7 13
0 14
1 14
2 14
6 14
7 14
8 14
9 14
2803 6 0 1 2 9 10 37
5 6
5 7
3 8
4 8
5 8
0 9
1 9
2 9
5 9
0 10
1 10
8 10
2 11
3 11
4 11
6 11
7 11
10 11
3 12
4 12
6 12
7 12
9 12
10 12
0 13
1 13
2 13
6 13
7 13
8 13
0 14
1 14
2 14
3 14
4 14
6 14
7 14
2801 6 0 1 2 11 12 37
5 6
5 7
3 8
4 8
5 8
3 9
4 9
6 9
3 10
4 10
6 10
7 10
0 11
1 11
2 11
5 11
9 11
10 11
0 12
1 12
2 12
7 12
8 12
9 12
0 13
1 13
2 13
6 13
7 13
8 13
0 14
1 14
2 14
3 14
4 14
6 14
7 14
2816 6 0 1 2 12 14 36
5 6
5 7
2 8
3 8
5 8
0 9
4 9
8 9
3 10
6 10
7 10
9 10
1 11
4 11
6 11
7 11
8 11
0 12
1 12
2 12
4 12
5 12
10 12
1 13
2 13
3 13
6 13
7 13
9 13
0 14
1 14
2 14
3 14
4 14
6 14
7 14
2773 5 0 2 3 11 13 36
5 6
5 7
4 8
6 8
7 8
4 9
6 9
7 9
1 10
6 10
7 10
0 11
2 11
3 11
4 11
5 11
10 11
1 12
2 12
3 12
5 12
8 12
9 12
0 13
2 13
3 13
8 13
9 13
10 13
0 14
1 14
2 14
3 14
4 14
6 14
7 14
2809 4 0 1 2 12 13 38
5 6
5 7
2 8
5 8
4 9
6 9
7 9
8 9
3 10
4 10
6 10
7 10
8 10
3 11
4 11
6 11
7 11
8 11
0 12
1 12
2 12
3 12
5 12
9 12
0 13
1 13
2 13
5 13
9 13
10 13
11 13
0 14
1 14
2 14
3 14
4 14
6 14
7 14
2821 5 0 1 6 11 12 36
5 6
5 7
2 8
3 8
4 8
5 8
0 9
2 9
5 9
3 10
4 10
7 10
9 10
0 11
1 11
2 11
6 11
10 11
0 12
1 12
6 12
7 12
8 12
1 13
3 13
4 13
6 13
7 13
9 13
0 14
1 14
2 14
3 14
4 14
6 14
7 14
2822 5 0 1 6 11 12 36
5 6
5 7
2 8
3 8
4 8
5 8
0 9
1 9
5 9
3 10
4 10
7 10
9 10
0 11
1 11
2 11
6 11
10 11
0 12
1 12
6 12
7 12
8 12
2 13
3 13
4 13
6 13
7 13
9 13
0 14
1 14
2 14
3 14
4 14
6 14
7 14
2826 6 0 1 2 13 14 36
5 6
5 7
1 8
6 8
7 8
3 9
4 9
5 9
8 9
1 10
3 10
6 10
7 10
2 11
3 11
4 11
6 11
7 11
0 12
2 12
4 12
5 12
8 12
10 12
0 13
1 13
2 13
6 13
7 13
9 13
0 14
1 14
2 14
3 14
4 14
5 14
2827 4 0 1 4 12 13 35
5 6
5 7
1 8
5 8
0 9
2 9
3 9
5 9
4 10
6 10
7 10
8 10
9 10
2 11
3 11
7 11
8 11
0 12
1 12
4 12
6 12
11 12
1 13
2 13
3 13
4 13
6 13
7 13
0 14
2 14
3 14
4 14
6 14
7 14
8 14
2828 6 1 4 7 8 10 36
5 6
5 7
1 8
4 8
7 8
2 9
3 9
6 9
8 9
1 10
4 10
6 10
7 10
2 11
3 11
6 11
7 11
0 12
1 12
4 12
5 12
9 12
11 12
0 13
2 13
3 13
5 13
8 13
10 13
0 14
1 14
2 14
3 14
4 14
6 14
7 14
2830 5 0 1 2 13 14 37
5 6
5 7
1 8
3 8
4 8
6 8
2 9
6 9
7 9
3 10
4 10
5 10
9 10
1 11
3 11
4 11
5 11
9 11
0 12
2 12
7 12
8 12
10 12
11 12
0 13
1 13
2 13
6 13
7 13
10 13
0 14
1 14
2 14
3 14
4 14
6 14
7 14
2829 6 0 1 4 8 12 36
5 6
5 7
1 8
4 8
5 8
2 9
3 9
8 9
1 10
6 10
7 10
9 10
0 11
2 11
3 11
4 11
5 11
10 11
0 12
1 12
4 12
6 12
7 12
9 12
0 13
2 13
3 13
6 13
7 13
8 13
1 14
2 14
3 14
4 14
6 14
7 14
2846 3 0 3 4 9 10 36
5 6
5 7
0 8
2 8
5 8
2 9
3 9
4 9
0 10
3 10
4 10
2 11
3 11
4 11
5 11
1 12
6 12
7 12
8 12
9 12
10 12
11 12
1 13
6 13
7 13
8 13
9 13
10 13
11 13
0 14
1 14
2 14
3 14
4 14
6 14
7 14
2850 6 0 1 6 9 10 37
5 6
5 7
0 8
1 8
5 8
0 9
1 9
6 9
7 9
0 10
1 10
6 10
7 10
2 11
3 11
4 11
5 11
9 11
10 11
2 12
3 12
4 12
6 12
7 12
8 12
2 13
3 13
4 13
6 13
7 13
8 13
0 14
1 14
2 14
3 14
4 14
5 14
2852 6 0 3 4 12 13 36
5 6
5 7
0 8
1 8
2 8
5 8
3 9
4 9
6 9
7 9
8 9
1 10
2 10
7 10
1 11
2 11
6 11
7 11
0 12
3 12
4 12
6 12
10 12
0 13
3 13
4 13
5 13
10 13
11 13
0 14
1 14
2 14
3 14
4 14
6 14
7 14
2853 6 0 1 2 8 14 37
5 6
5 7
0 8
1 8
2 8
5 8
0 9
1 9
0 10
1 10
6 10
7 10
2 11
3 11
4 11
5 11
9 11
10 11
2 12
3 12
4 12
6 12
7 12
9 12
3 13
4 13
6 13
7 13
8 13
9 13
0 14
1 14
2 14
3 14
4 14
6 14
7 14
2885 4 0 3 7 8 9 35
5 6
4 7
3 8
5 8
7 8
0 9
6 9
7 9
8 10
1 11
2 11
4 11
5 11
9 11
10 11
1 12
2 12
3 12
6 12
7 12
10 12
0 13
1 13
2 13
3 13
4 13
6 13
10 13
1 14
2 14
3 14
4 14
5 14
9 14
10 14
2913 5 0 1 5 12 14 37
5 6
4 7
6 7
4 8
6 8
2 9
3 9
4 9
6 9
2 10
3 10
5 10
7 10
8 10
2 11
3 11
5 11
7 11
8 11
0 12
1 12
5 12
7 12
8 12
9 12
0 13
1 13
4 13
6 13
10 13
11 13
0 14
1 14
2 14
3 14
4 14
5 14
2916 5 0 2 3 13 14 37
5 6
4 7
6 7
3 8
5 8
7 8
1 9
5 9
7 9
2 10
4 10
6 10
8 10
9 10
0 11
3 11
5 11
7 11
10 11
1 12
2 12
4 12
6 12
8 12
11 12
0 13
2 13
3 13
4 13
6 13
9 13
0 14
1 14
2 14
3 14
4 14
5 14
2924 4 0 3 4 12 14 35
5 6
4 7
6 7
2 8
3 8
6 8
1 9
7 9
8 9
0 10
5 10
7 10
8 10
1 11
2 11
5 11
7 11
0 12
3 12
4 12
6 12
9 12
11 12
1 13
2 13
3 13
4 13
6 13
10 13
0 14
2 14
3 14
4 14
5 14
9 14
2925 5 2 3 6 8 10 36
5 6
4 7
6 7
2 8
3 8
6 8
1 9
3 9
5 9
7 9
2 10
3 10
4 10
6 10
0 11
2 11
4 11
6 11
9 11
0 12
1 12
4 12
5 12
8 12
0 13
1 13
5 13
7 13
8 13
10 13
0 14
1 14
2 14
3 14
5 14
7 14
2939 6 2 3 7 10 13 35
5 6
4 7
5 7
6 8
0 9
1 9
5 9
8 9
2 10
3 10
7 10
8 10
2 11
3 11
4 11
6 11
9 11
0 12
1 12
4 12
6 12
10 12
0 13
1 13
2 13
3 13
7 13
8 13
0 14
1 14
2 14
3 14
4 14
5 14
8 14
2940 6 0 1 9 11 12 35
5 6
4 7
5 7
6 8
7 8
2 9
3 9
8 9
2 10
3 10
4 10
8 10
0 11
1 11
5 11
9 11
10 11
0 12
1 12
4 12
6 12
9 12
0 13
1 13
2 13
3 13
6 13
7 13
0 14
1 14
2 14
3 14
4 14
5 14
8 14
2941 4 0 1 4 11 12 35
5 6
4 7
5 7
6 8
7 8
2 9
3 9
6 9
2 10
3 10
4 10
5 10
8 10
0 11
1 11
4 11
8 11
9 11
1 12
4 12
5 12
8 12
9 12
0 13
1 13
2 13
3 13
6 13
7 13
2 14
3 14
6 14
7 14
11 14
12 14
2942 4 0 1 2 10 12 37
5 6
4 7
5 7
4 8
5 8
3 9
6 9
8 9
0 10
1 10
2 10
7 10
9 10
2 11
3 11
6 11
7 11
8 11
0 12
1 12
2 12
3 12
4 12
6 12
0 13
1 13
4 13
5 13
9 13
11 13
0 14
1 14
2 14
3 14
6 14
7 14
8 14
2946 6 0 1 2 12 13 34
5 6
4 7
5 7
3 8
7 8
0 9
6 9
8 9
1 10
2 10
7 10
9 10
3 11
4 11
6 11
10 11
0 12
1 12
2 12
5 12
8 12
11 12
0 13
1 13
2 13
3 13
4 13
6 13
1 14
2 14
3 14
4 14
5 14
9 14
2951 5 0 1 3 13 14 37
5 6
4 7
5 7
3 8
4 8
5 8
2 9
4 9
5 9
0 10
2 10
6 10
7 10
8 10
1 11
2 11
3 11
4 11
6 11
0 12
1 12
6 12
7 12
8 12
9 12
0 13
1 13
3 13
6 13
7 13
9 13
0 14
1 14
2 14
3 14
4 14
5 14
2952 6 3 4 8 9 10 35
5 6
4 7
5 7
3 8
4 8
5 8
2 9
3 9
4 9
6 9
0 10
8 10
9 10
0 11
3 11
6 11
7 11
1 12
2 12
4 12
5 12
10 12
11 12
1 13
2 13
3 13
6 13
7 13
10 13
0 14
1 14
2 14
6 14
7 14
8 14
2956 5 0 1 3 9 12 36
5 6
4 7
5 7
2 8
4 8
5 8
0 9
1 9
3 9
8 9
3 10
6 10
7 10
8 10
2 11
6 11
7 11
9 11
0 12
1 12
2 12
3 12
4 12
6 12
0 13
1 13
4 13
5 13
10 13
11 13
0 14
1 14
2 14
3 14
6 14
7 14
2958 6 0 1 6 9 10 36
5 6
4 7
5 7
2 8
3 8
6 8
7 8
0 9
1 9
6 9
7 9
0 10
1 10
6 10
7 10
0 11
1 11
5 11
8 11
2 12
3 12
4 12
6 12
11 12
2 13
3 13
4 13
5 13
9 13
10 13
0 14
1 14
2 14
3 14
4 14
5 14
2961 6 0 5 6 7 13 34
5 6
4 7
5 7
1 8
0 9
6 10
7 10
8 10
9 10
2 11
3 11
4 11
5 11
8 11
9 11
1 12
2 12
3 12
4 12
6 12
9 12
0 13
2 13
3 13
6 13
7 13
8 13
0 14
1 14
2 14
3 14
4 14
5 14
10 14
2969 5 0 1 2 12 14 34
5 6
4 7
5 7
0 8
4 8
5 8
1 9
3 9
6 9
8 9
2 10
3 10
6 10
8 10
0 11
7 11
9 11
10 11
0 12
1 12
2 12
3 12
7 12
1 13
2 13
4 13
6 13
11 13
0 14
1 14
2 14
3 14
4 14
5 14
3002 4 3 4 5 8 11 37
5 6
3 7
5 7
3 8
4 8
5 8
0 9
1 9
8 9
2 10
4 10
6 10
7 10
9 10
3 11
4 11
5 11
9 11
0 12
1 12
2 12
6 12
7 12
11 12
0 13
1 13
2 13
3 13
4 13
6 13
0 14
1 14
2 14
6 14
7 14
8 14
11 14
3009 4 0 1 6 10 13 35
5 6
3 7
4 7
6 8
2 9
3 9
8 9
0 10
4 10
6 10
9 10
2 11
3 11
4 11
5 11
8 11
1 12
2 12
5 12
7 12
8 12
10 12
0 13
1 13
6 13
7 13
9 13
11 13
0 14
1 14
2 14
3 14
4 14
5 14
8 14
3012 6 0 3 6 10 13 36
5 6
3 7
4 7
6 8
7 8
4 9
8 9
0 10
3 10
6 10
9 10
1 11
2 11
4 11
5 11
8 11
10 11
0 12
1 12
2 12
5 12
7 12
9 12
0 13
1 13
2 13
3 13
6 13
9 13
0 14
1 14
2 14
3 14
4 14
5 14
8 14
3017 4 0 3 4 13 14 35
5 6
3 7
4 7
2 8
5 8
0 9
6 9
7 9
8 9
1 10
2 10
6 10
7 10
2 11
3 11
4 11
5 11
9 11
1 12
6 12
7 12
8 12
11 12
0 13
3 13
4 13
5 13
10 13
12 13
0 14
1 14
3 14
4 14
6 14
8 14
3025 6 0 1 2 11 12 36
5 6
3 7
4 7
6 7
6 8
3 9
5 9
3 10
4 10
5 10
8 10
0 11
1 11
2 11
4 11
8 11
9 11
0 12
1 12
2 12
6 12
9 12
10 12
0 13
1 13
2 13
7 13
8 13
9 13
0 14
1 14
2 14
3 14
4 14
5 14
8 14
2817 4 2 3 5 8 12 37
5 6
5 7
2 8
3 8
5 8
0 9
2 9
4 10
6 10
7 10
8 10
9 10
1 11
3 11
4 11
6 11
7 11
9 11
0 12
2 12
3 12
5 12
10 12
1 13
4 13
6 13
7 13
8 13
9 13
12 13
0 14
1 14
2 14
3 14
4 14
6 14
7 14
3033 4 0 1 2 9 10 39
5 6
3 7
4 7
6 7
0 8
5 8
7 8
0 9
1 9
2 9
5 9
0 10
1 10
2 10
3 10
4 10
5 10
3 11
4 11
6 11
8 11
9 11
3 12
4 12
6 12
8 12
9 12
1 13
2 13
5 13
7 13
11 13
12 13
1 14
2 14
3 14
4 14
6 14
8 14
3036 4 4 5 7 8 9 36
5 6
3 7
4 7
5 7
4 8
5 8
2 9
4 9
5 9
1 10
3 10
6 10
9 10
0 11
2 11
7 11
8 11
10 11
0 12
1 12
2 12
3 12
4 12
6 12
0 13
1 13
3 13
6 13
8 13
9 13
0 14
1 14
2 14
6 14
7 14
8 14
3039 4 1 2 4 9 13 36
5 6
3 7
4 7
5 7
1 8
6 8
7 8
1 9
2 9
4 9
5 9
2 10
4 10
6 10
0 11
3 11
5 11
8 11
10 11
0 12
3 12
8 12
9 12
10 12
0 13
1 13
2 13
3 13
4 13
6 13
1 14
2 14
6 14
7 14
11 14
12 14
3042 6 0 1 5 6 11 34
5 6
2 7
6 8
7 8
3 9
4 9
7 9
1 10
5 10
8 10
9 10
0 11
1 11
6 11
9 11
2 12
3 12
4 12
5 12
8 12
11 12
0 13
3 13
4 13
6 13
7 13
10 13
0 14
1 14
2 14
3 14
4 14
5 14
8 14
3043 5 0 1 2 11 14 34
5 6
2 7
6 8
7 8
3 9
4 9
5 9
7 9
1 10
5 10
8 10
0 11
1 11
8 11
9 11
2 12
3 12
4 12
6 12
10 12
11 12
0 13
3 13
4 13
6 13
7 13
10 13
0 14
1 14
2 14
3 14
4 14
5 14
8 14
3067 3 0 1 2 8 13 38
5 6
2 7
6 7
0 8
1 8
2 8
6 8
0 9
1 9
6 9
3 10
4 10
5 10
7 10
9 10
3 11
4 11
5 11
7 11
9 11
3 12
4 12
5 12
7 12
8 12
9 12
0 13
1 13
2 13
6 13
10 13
11 13
0 14
1 14
2 14
3 14
4 14
5 14
3073 5 0 1 6 8 13 35
5 6
2 7
5 7
1 8
6 8
7 9
1 10
2 10
6 10
9 10
0 11
3 11
4 11
7 11
8 11
10 11
2 12
3 12
4 12
5 12
8 12
9 12
0 13
1 13
3 13
4 13
6 13
9 13
0 14
1 14
2 14
3 14
4 14
5 14
9 14
3076 7 0 2 4 10 14 35
5 6
2 7
4 7
6 7
1 8
3 8
6 8
3 9
4 9
6 9
0 10
2 10
4 10
5 10
8 10
1 11
3 11
5 11
7 11
0 12
2 12
8 12
9 12
11 12
0 13
1 13
5 13
7 13
9 13
0 14
1 14
2 14
3 14
4 14
6 14
3082 5 1 5 6 9 10 35
5 6
2 7
3 7
4 7
0 8
6 9
8 9
1 10
2 10
5 10
9 10
3 11
4 11
6 11
8 11
10 11
0 12
5 12
7 12
9 12
11 12
1 13
2 13
3 13
4 13
6 13
8 13
12 13
0 14
1 14
2 14
3 14
4 14
5 14
9 14
2531 5 0 1 7 8 12 36
0 7
1 7
2 8
3 8
4 8
7 8
3 9
4 9
1 10
3 10
4 10
2 11
5 11
6 11
7 11
9 11
10 11
0 12
1 12
5 12
6 12
8 12
9 12
0 13
2 13
5 13
6 13
9 13
10 13
0 14
1 14
2 14
3 14
4 14
5 14
6 14
3109 3 0 1 2 4 12 35
5 6
1 7
4 7
6 7
3 8
5 8
7 8
3 9
4 9
5 9
2 10
6 10
8 10
9 10
1 11
2 11
6 11
9 11
0 12
2 12
4 12
6 12
8 12
3 13
5 13
7 13
10 13
11 13
12 13
0 14
3 14
4 14
5 14
10 14
11 14
3110 4 0 2 6 10 13 36
5 6
1 7
3 7
1 8
3 8
4 8
5 8
2 9
6 9
8 9
0 10
2 10
4 10
6 10
7 10
4 11
5 11
7 11
9 11
4 12
5 12
7 12
9 12
0 13
2 13
3 13
6 13
11 13
12 13
0 14
1 14
2 14
3 14
6 14
11 14
12 14
3112 5 1 2 7 9 12 36
5 6
1 7
2 7
6 8
7 8
1 9
2 9
3 10
4 10
5 10
8 10
9 10
3 11
4 11
5 11
8 11
9 11
0 12
3 12
4 12
6 12
7 12
9 12
0 13
1 13
2 13
6 13
10 13
11 13
0 14
1 14
2 14
3 14
4 14
5 14
8 14
3113 5 0 5 6 8 11 36
5 6
1 7
2 7
0 8
6 8
6 9
0 10
3 10
4 10
5 10
7 10
9 10
0 11
1 11
2 11
3 11
6 11
4 12
5 12
7 12
8 12
9 12
11 12
1 13
2 13
3 13
4 13
8 13
9 13
1 14
2 14
3 14
4 14
5 14
8 14
9 14
3116 4 0 1 2 7 14 37
5 6
1 7
2 7
5 7
0 8
5 8
4 9
6 9
7 9
8 9
3 10
4 10
6 10
7 10
8 10
2 11
3 11
4 11
6 11
8 11
1 12
5 12
9 12
10 12
11 12
0 13
2 13
3 13
4 13
6 13
12 13
0 14
1 14
2 14
3 14
5 14
9 14
3211 5 0 1 2 3 14 34
4 6
6 7
3 8
5 8
7 8
1 9
4 9
7 9
2 10
5 10
6 10
9 10
0 11
6 11
8 11
9 11
2 12
3 12
5 12
7 12
11 12
0 13
1 13
4 13
8 13
10 13
12 13
0 14
1 14
2 14
3 14
4 14
5 14
7 14
3254 4 3 4 5 9 12 36
4 6
5 7
6 7
6 8
3 9
4 9
5 9
1 10
2 10
7 10
8 10
9 10
0 11
1 11
2 11
3 11
5 11
6 11
0 12
1 12
3 12
4 12
5 12
8 12
0 13
2 13
3 13
4 13
7 13
8 13
0 14
1 14
2 14
7 14
8 14
9 14
3265 6 0 8 9 10 12 36
4 6
5 7
6 7
0 8
4 9
7 9
8 9
5 10
6 10
8 10
1 11
2 11
3 11
4 11
5 11
8 11
0 12
1 12
2 12
3 12
9 12
10 12
0 13
1 13
2 13
3 13
4 13
7 13
10 13
0 14
1 14
2 14
3 14
5 14
6 14
9 14
3292 5 0 1 5 12 13 36
4 6
4 7
5 7
3 8
6 8
7 8
3 9
7 9
1 10
2 10
4 10
8 10
9 10
0 11
4 11
5 11
8 11
9 11
0 12
1 12
2 12
5 12
6 12
9 12
0 13
1 13
2 13
3 13
5 13
6 13
1 14
2 14
3 14
6 14
7 14
11 14
2840 6 0 1 2 13 14 36
5 6
5 7
0 8
4 8
7 8
1 9
2 9
3 9
6 9
8 9
4 10
6 10
7 10
3 11
4 11
6 11
7 11
1 12
2 12
3 12
5 12
8 12
10 12
0 13
1 13
2 13
5 13
10 13
11 13
0 14
1 14
2 14
3 14
4 14
6 14
7 14
3323 4 0 1 3 12 13 36
4 6
3 7
6 7
3 8
2 9
5 9
6 9
8 9
4 10
5 10
7 10
8 10
4 11
5 11
7 11
8 11
0 12
1 12
3 12
9 12
10 12
11 12
0 13
1 13
2 13
3 13
6 13
10 13
11 13
0 14
1 14
2 14
4 14
5 14
7 14
8 14
3297 7 0 1 6 9 11 36
4 6
4 7
5 7
2 8
3 8
7 8
0 9
1 9
6 9
7 9
2 10
3 10
6 10
7 10
0 11
1 11
5 11
6 11
8 11
2 12
3 12
4 12
5 12
9 12
0 13
1 13
4 13
5 13
8 13
10 13
0 14
1 14
2 14
3 14
5 14
6 14
3332 6 0 4 5 9 10 35
4 6
3 7
5 7
6 8
7 8
0 9
4 9
5 9
4 10
5 10
8 10
1 11
2 11
3 11
8 11
9 11
0 12
1 12
2 12
6 12
7 12
10 12
1 13
2 13
3 13
6 13
9 13
10 13
0 14
1 14
2 14
3 14
4 14
5 14
8 14
3337 3 0 1 2 3 14 33
4 6
3 7
5 7
2 8
4 8
6 9
7 9
2 10
5 10
9 10
0 11
4 11
5 11
9 11
1 12
3 12
6 12
8 12
10 12
11 12
0 13
1 13
6 13
7 13
8 13
10 13
0 14
1 14
2 14
3 14
4 14
5 14
9 14
3339 4 0 3 8 9 13 35
4 6
3 7
5 7
1 8
2 8
5 8
0 9
3 9
6 9
8 9
2 10
6 10
7 10
2 11
6 11
7 11
1 12
4 12
5 12
9 12
10 12
11 12
0 13
3 13
4 13
8 13
10 13
11 13
0 14
1 14
3 14
4 14
5 14
10 14
11 14
3411 5 0 2 4 8 12 35
4 6
1 7
6 7
2 8
4 8
1 10
2 10
3 10
6 10
9 10
1 11
3 11
5 11
6 11
8 11
9 11
0 12
2 12
4 12
5 12
7 12
9 12
0 13
3 13
5 13
7 13
8 13
9 13
0 14
1 14
2 14
3 14
4 14
5 14
9 14
3344 6 1 3 4 11 14 37
4 6
3 7
5 7
6 7
3 8
5 8
6 8
2 9
5 9
6 9
0 10
2 10
5 10
6 10
0 11
1 11
3 11
4 11
9 11
1 12
4 12
7 12
8 12
9 12
10 12
0 13
1 13
2 13
4 13
7 13
8 13
0 14
1 14
2 14
3 14
4 14
5 14
3419 5 0 1 4 7 14 35
4 6
1 7
4 7
6 8
0 9
5 9
7 9
8 9
0 10
1 10
6 10
1 11
2 11
3 11
6 11
9 11
2 12
3 12
5 12
7 12
8 12
10 12
2 13
3 13
4 13
5 13
8 13
10 13
0 14
1 14
2 14
3 14
4 14
5 14
8 14
3416 3 2 4 7 8 9 38
4 6
1 7
5 7
2 8
4 8
7 8
2 9
3 9
4 9
7 9
0 10
5 10
6 10
8 10
9 10
4 11
7 11
10 11
1 12
2 12
3 12
5 12
6 12
11 12
0 13
1 13
3 13
5 13
6 13
8 13
11 13
0 14
1 14
2 14
3 14
5 14
6 14
11 14
3436 5 1 2 4 10 13 37
4 6
0 7
6 7
2 8
3 8
5 8
7 8
1 9
4 9
8 9
1 10
2 10
4 10
5 10
7 10
0 11
3 11
5 11
6 11
9 11
0 12
3 12
5 12
6 12
9 12
1 13
2 13
4 13
7 13
11 13
12 13
0 14
1 14
2 14
3 14
5 14
6 14
3437 5 2 3 7 8 11 36
4 6
0 7
5 7
2 8
3 8
6 8
7 8
2 9
4 9
7 9
1 10
3 10
5 10
6 10
9 10
2 11
3 11
4 11
7 11
0 12
1 12
4 12
5 12
8 12
0 13
1 13
5 13
6 13
9 13
11 13
0 14
1 14
2 14
3 14
5 14
6 14
3457 4 0 3 5 8 10 35
4 6
5 6
3 8
5 8
7 8
6 9
7 9
0 10
3 10
5 10
9 10
1 11
2 11
4 11
7 11
10 11
0 12
1 12
2 12
4 12
8 12
9 12
0 13
1 13
2 13
3 13
6 13
7 13
0 14
1 14
2 14
3 14
4 14
5 14
9 14
3466 5 0 1 4 12 13 35
4 6
5 6
6 7
7 8
2 9
3 9
5 9
8 9
3 10
5 10
8 10
1 11
2 11
3 11
6 11
8 11
0 12
1 12
2 12
4 12
7 12
10 12
0 13
1 13
4 13
7 13
9 13
10 13
0 14
1 14
2 14
3 14
4 14
5 14
8 14
3475 5 0 5 6 7 12 35
4 6
5 6
5 7
7 8
3 9
4 9
8 9
1 10
2 10
3 10
4 10
8 10
0 11
2 11
3 11
5 11
8 11
0 12
1 12
6 12
7 12
9 12
0 13
1 13
2 13
6 13
7 13
9 13
0 14
1 14
2 14
3 14
4 14
5 14
8 14
3476 5 3 5 6 7 10 36
4 6
5 6
5 7
7 8
3 9
4 9
7 9
0 10
3 10
6 10
7 10
1 11
2 11
5 11
8 11
9 11
10 11
0 12
1 12
2 12
3 12
4 12
8 12
0 13
1 13
2 13
6 13
8 13
9 13
0 14
1 14
2 14
3 14
4 14
5 14
8 14
3486 5 0 1 5 12 13 34
4 6
5 6
5 7
2 8
4 8
7 8
2 9
3 9
6 9
2 10
3 10
4 10
7 10
0 11
4 11
7 11
9 11
1 12
3 12
5 12
8 12
11 12
0 13
1 13
5 13
8 13
9 13
10 13
0 14
1 14
2 14
3 14
6 14
7 14
3501 5 0 1 2 13 14 34
4 6
5 6
4 7
0 8
7 9
8 9
2 10
3 10
5 10
7 10
8 10
2 11
4 11
5 11
9 11
1 12
3 12
6 12
7 12
8 12
11 12
0 13
1 13
2 13
3 13
6 13
9 13
0 14
1 14
2 14
3 14
4 14
5 14
9 14
3479 7 4 5 6 7 8 36
4 6
5 6
5 7
6 8
7 8
2 9
3 9
8 9
2 10
3 10
8 10
0 11
1 11
4 11
5 11
9 11
10 11
0 12
1 12
4 12
7 12
9 12
10 12
0 13
1 13
2 13
3 13
6 13
7 13
0 14
1 14
2 14
3 14
4 14
5 14
8 14
3505 2 0 1 2 12 14 37
4 6
5 6
4 7
5 7
5 8
0 9
3 9
4 9
8 9
5 10
9 10
2 11
3 11
6 11
7 11
8 11
10 11
0 12
1 12
2 12
4 12
8 12
10 12
1 13
2 13
3 13
6 13
7 13
8 13
10 13
0 14
1 14
2 14
3 14
6 14
7 14
10 14
3507 5 0 1 2 12 13 36
4 6
5 6
4 7
5 7
4 8
5 8
3 9
7 9
8 9
2 10
3 10
7 10
8 10
0 11
1 11
6 11
9 11
10 11
0 12
1 12
2 12
6 12
9 12
0 13
1 13
2 13
3 13
4 13
5 13
0 14
1 14
2 14
3 14
6 14
7 14
8 14
3509 6 0 1 4 13 14 37
4 6
5 6
4 7
5 7
4 8
5 8
2 9
3 9
5 9
2 10
3 10
6 10
7 10
8 10
2 11
3 11
6 11
7 11
8 11
0 12
1 12
6 12
7 12
8 12
9 12
0 13
1 13
4 13
9 13
10 13
11 13
0 14
1 14
2 14
3 14
4 14
5 14
3511 6 0 1 9 10 14 37
4 6
5 6
4 7
5 7
4 8
5 8
0 9
1 9
2 10
3 10
4 10
5 10
9 10
2 11
3 11
6 11
7 11
8 11
9 11
2 12
3 12
6 12
7 12
8 12
9 12
0 13
1 13
2 13
3 13
4 13
5 13
0 14
1 14
6 14
7 14
8 14
10 14
3512 5 0 1 6 9 12 36
4 6
5 6
4 7
5 7
4 8
5 8
0 9
1 9
6 9
2 10
3 10
7 10
9 10
2 11
3 11
7 11
8 11
9 11
0 12
1 12
6 12
8 12
10 12
0 13
1 13
2 13
3 13
4 13
5 13
0 14
1 14
2 14
3 14
6 14
7 14
8 14
3515 5 0 1 2 11 13 37
4 6
5 6
4 7
5 7
3 8
6 8
7 8
3 9
4 9
5 9
0 10
4 10
5 10
8 10
0 11
1 11
2 11
8 11
9 11
1 12
2 12
6 12
7 12
9 12
10 12
0 13
1 13
2 13
3 13
4 13
5 13
0 14
1 14
2 14
3 14
6 14
7 14
3508 6 2 3 8 9 10 37
4 6
5 6
4 7
5 7
4 8
5 8
2 9
3 9
8 9
2 10
3 10
8 10
0 11
1 11
6 11
7 11
9 11
10 11
0 12
1 12
6 12
7 12
9 12
10 12
0 13
1 13
2 13
3 13
4 13
5 13
0 14
1 14
2 14
3 14
6 14
7 14
8 14
3529 4 0 1 3 9 14 35
4 6
5 6
4 7
5 7
2 8
4 8
1 9
3 9
4 9
5 9
0 10
3 10
6 10
7 10
8 10
1 11
2 11
6 11
7 11
2 12
6 12
7 12
9 12
0 13
3 13
5 13
8 13
11 13
12 13
0 14
1 14
3 14
5 14
8 14
12 14
3530 6 0 1 5 12 14 36
4 6
5 6
4 7
5 7
2 8
4 8
5 8
3 9
6 9
7 9
8 9
2 10
3 10
4 10
2 11
3 11
6 11
7 11
0 12
1 12
5 12
9 12
10 12
11 12
0 13
1 13
6 13
7 13
8 13
10 13
0 14
1 14
2 14
3 14
4 14
5 14
3531 5 0 1 2 12 14 37
4 6
5 6
4 7
5 7
2 8
4 8
5 8
3 9
4 9
5 9
0 10
6 10
8 10
9 10
1 11
2 11
3 11
7 11
10 11
0 12
1 12
2 12
6 12
7 12
9 12
0 13
1 13
3 13
6 13
7 13
8 13
0 14
1 14
2 14
3 14
4 14
5 14
3526 7 0 1 2 3 12 36
4 6
5 6
4 7
5 7
2 8
6 8
3 9
7 9
8 9
3 10
7 10
8 10
2 11
6 11
9 11
10 11
0 12
1 12
2 12
3 12
6 12
7 12
0 13
1 13
3 13
4 13
5 13
8 13
11 13
0 14
1 14
2 14
4 14
5 14
9 14
10 14
3535 6 2 3 8 9 10 36
4 6
5 6
4 7
5 7
2 8
3 8
2 9
3 9
6 10
7 10
8 10
9 10
2 11
3 11
6 11
7 11
0 12
1 12
6 12
7 12
8 12
9 12
0 13
1 13
4 13
5 13
8 13
9 13
11 13
0 14
1 14
2 14
3 14
4 14
5 14
10 14
3533 5 0 2 4 11 14 36
4 6
5 6
4 7
5 7
2 8
4 8
5 8
2 9
3 9
6 9
7 9
1 10
5 10
9 10
0 11
2 11
4 11
10 11
1 12
3 12
6 12
7 12
8 12
11 12
0 13
3 13
6 13
7 13
8 13
10 13
0 14
1 14
2 14
3 14
4 14
5 14
3537 6 2 3 8 9 10 36
4 6
5 6
4 7
5 7
2 8
3 8
2 9
3 9
6 9
0 10
1 10
7 10
8 10
9 10
1 11
6 11
7 11
8 11
0 12
2 12
3 12
4 12
5 12
11 12
0 13
1 13
4 13
5 13
8 13
9 13
0 14
1 14
2 14
3 14
6 14
7 14
3558 5 4 5 6 7 8 38
4 6
5 6
4 7
5 7
0 8
4 8
5 8
0 9
6 9
0 10
6 10
0 11
1 11
2 11
3 11
6 11
7 11
1 12
2 12
3 12
7 12
8 12
9 12
10 12
1 13
2 13
3 13
7 13
8 13
9 13
10 13
1 14
2 14
3 14
4 14
5 14
9 14
10 14
3555 6 0 1 9 10 11 37
4 6
5 6
4 7
5 7
0 8
4 8
5 8
2 9
3 9
5 9
0 10
1 10
4 10
9 10
0 11
1 11
6 11
7 11
9 11
2 12
3 12
6 12
7 12
8 12
10 12
1 13
2 13
3 13
6 13
7 13
8 13
0 14
1 14
2 14
3 14
4 14
5 14
3561 7 0 3 7 8 10 37
4 6
5 6
4 7
5 7
0 8
3 8
7 8
1 9
2 9
6 9
8 9
0 10
3 10
6 10
7 10
1 11
2 11
6 11
7 11
0 12
3 12
4 12
5 12
9 12
11 12
1 13
2 13
4 13
5 13
8 13
10 13
0 14
1 14
2 14
3 14
4 14
5 14
3559 6 0 1 7 9 11 37
4 6
5 6
4 7
5 7
0 8
4 8
5 8
0 9
1 9
7 9
2 10
3 10
6 10
8 10
9 10
0 11
1 11
6 11
7 11
2 12
3 12
4 12
5 12
9 12
11 12
1 13
2 13
3 13
6 13
7 13
8 13
0 14
1 14
2 14
3 14
4 14
5 14
3568 6 2 3 9 10 11 36
4 6
5 6
4 7
5 7
0 8
1 8
4 8
5 8
2 9
3 9
8 9
0 10
2 10
3 10
6 10
1 11
7 11
9 11
10 11
2 12
3 12
4 12
5 12
11 12
0 13
1 13
2 13
3 13
6 13
7 13
0 14
1 14
6 14
7 14
9 14
12 14
3577 4 1 4 5 6 11 37
4 6
5 6
3 7
2 8
3 8
4 8
5 8
1 9
7 9
8 9
1 10
7 10
8 10
1 11
4 11
5 11
7 11
0 12
2 12
6 12
9 12
10 12
11 12
0 13
2 13
3 13
4 13
5 13
9 13
10 13
0 14
2 14
3 14
6 14
9 14
10 14
11 14
3584 6 1 2 6 10 13 37
4 6
5 6
3 7
6 7
3 8
4 8
5 8
0 9
4 9
5 9
7 9
1 10
2 10
3 10
6 10
0 11
1 11
2 11
7 11
8 11
0 12
4 12
5 12
7 12
10 12
1 13
2 13
6 13
8 13
9 13
12 13
0 14
1 14
2 14
3 14
4 14
5 14
3589 6 0 1 8 10 14 35
4 6
5 6
3 7
6 7
2 8
4 8
5 8
0 9
4 9
5 9
7 9
0 10
1 10
7 10
8 10
2 11
3 11
4 11
5 11
10 11
0 12
1 12
2 12
5 12
7 12
1 13
2 13
3 13
6 13
9 13
0 14
1 14
3 14
6 14
8 14
3590 2 0 1 2 8 9 36
4 6
5 6
3 7
6 7
2 8
4 8
5 8
0 9
1 9
7 9
8 9
3 10
6 10
8 10
1 11
4 11
5 11
7 11
10 11
2 12
3 12
6 12
9 12
11 12
0 13
2 13
4 13
5 13
7 13
10 13
0 14
1 14
4 14
5 14
10 14
12 14
3591 5 0 3 9 10 14 36
4 6
5 6
3 7
6 7
2 8
4 8
5 8
7 8
1 9
8 9
0 10
3 10
6 10
9 10
1 11
2 11
3 11
6 11
0 12
4 12
5 12
7 12
9 12
11 12
1 13
2 13
4 13
5 13
7 13
10 13
0 14
2 14
3 14
4 14
5 14
9 14
3583 6 0 1 2 11 14 37
4 6
5 6
3 7
6 7
3 8
4 8
5 8
2 9
3 9
6 9
2 10
3 10
4 10
5 10
0 11
1 11
2 11
6 11
8 11
0 12
1 12
7 12
8 12
9 12
10 12
0 13
1 13
4 13
5 13
7 13
9 13
0 14
1 14
2 14
4 14
5 14
7 14
3594 5 0 2 3 10 11 36
4 6
5 6
3 7
6 7
2 8
3 8
6 8
1 9
6 9
0 10
2 10
3 10
9 10
1 11
2 11
3 11
4 11
5 11
0 12
4 12
5 12
7 12
8 12
9 12
1 13
4 13
5 13
7 13
8 13
10 13
0 14
2 14
4 14
5 14
7 14
9 14
3596 5 0 1 2 11 14 37
4 6
5 6
3 7
6 7
1 8
6 8
3 9
4 9
5 9
8 9
0 10
1 10
7 10
9 10
0 11
1 11
2 11
3 11
6 11
2 12
3 12
4 12
5 12
8 12
10 12
0 13
2 13
4 13
5 13
7 13
8 13
0 14
1 14
2 14
4 14
5 14
7 14
3603 6 3 6 7 8 11 37
4 6
5 6
3 7
6 7
0 8
3 8
6 8
1 9
2 9
8 9
0 10
3 10
4 10
5 10
9 10
1 11
2 11
3 11
6 11
0 12
4 12
5 12
7 12
9 12
11 12
1 13
2 13
4 13
5 13
7 13
8 13
0 14
1 14
2 14
4 14
5 14
7 14
3607 6 3 5 7 9 10 36
4 6
5 6
3 7
5 7
4 8
1 9
3 9
5 9
8 9
0 10
2 10
4 10
7 10
9 10
2 11
6 11
7 11
8 11
0 12
1 12
3 12
4 12
5 12
11 12
0 13
1 13
2 13
3 13
6 13
8 13
0 14
1 14
2 14
6 14
7 14
8 14
3610 5 0 4 5 11 12 36
4 6
5 6
3 7
5 7
3 8
6 9
7 9
8 9
1 10
2 10
3 10
4 10
9 10
0 11
3 11
4 11
5 11
9 11
0 12
1 12
2 12
4 12
5 12
8 12
0 13
1 13
2 13
6 13
7 13
8 13
1 14
2 14
6 14
7 14
8 14
11 14
3026 7 3 4 5 6 7 36
5 6
3 7
4 7
6 7
6 8
2 9
4 9
8 9
2 10
4 10
8 10
0 11
1 11
3 11
5 11
9 11
10 11
0 12
1 12
2 12
5 12
7 12
8 12
0 13
1 13
3 13
6 13
9 13
10 13
0 14
1 14
2 14
3 14
4 14
5 14
8 14
3617 6 0 3 5 9 14 36
4 6
5 6
3 7
5 7
0 8
4 8
5 8
0 9
3 9
5 9
1 10
3 10
6 10
8 10
2 11
4 11
7 11
9 11
10 11
0 12
1 12
2 12
6 12
7 12
1 13
2 13
6 13
7 13
8 13
9 13
0 14
1 14
2 14
3 14
4 14
5 14
3622 5 0 2 5 8 12 36
4 6
5 6
3 7
4 7
0 8
2 8
5 8
7 8
1 9
2 9
3 9
6 9
8 10
9 10
1 11
6 11
7 11
10 11
0 12
2 12
3 12
4 12
5 12
11 12
0 13
1 13
3 13
4 13
5 13
10 13
0 14
1 14
2 14
6 14
7 14
10 14
3625 6 0 1 2 12 14 37
4 6
5 6
3 7
4 7
5 7
3 8
4 8
5 8
1 9
4 9
5 9
0 10
3 10
6 10
9 10
1 11
2 11
7 11
8 11
10 11
0 12
1 12
2 12
3 12
6 12
0 13
2 13
6 13
7 13
8 13
9 13
0 14
1 14
2 14
3 14
4 14
5 14
3626 6 0 1 2 13 14 36
4 6
5 6
3 7
4 7
5 7
2 8
4 8
5 8
1 9
4 9
5 9
0 10
1 10
7 10
8 10
2 11
3 11
6 11
9 11
10 11
0 12
3 12
6 12
8 12
9 12
0 13
1 13
2 13
6 13
7 13
0 14
1 14
2 14
3 14
4 14
5 14
3624 7 0 1 2 12 13 36
4 6
5 6
3 7
4 7
5 7
5 8
0 9
3 9
4 9
8 9
1 10
2 10
7 10
9 10
3 11
6 11
8 11
10 11
0 12
1 12
2 12
4 12
5 12
11 12
0 13
1 13
2 13
3 13
6 13
8 13
0 14
1 14
2 14
6 14
7 14
8 14
3627 6 0 1 8 11 12 36
4 6
5 6
3 7
4 7
5 7
2 8
4 8
5 8
0 9
4 9
5 9
2 10
6 10
7 10
9 10
0 11
1 11
6 11
7 11
8 11
0 12
1 12
3 12
8 12
10 12
1 13
2 13
3 13
6 13
9 13
0 14
1 14
2 14
3 14
4 14
5 14
3638 4 0 2 3 10 12 36
4 6
5 6
2 7
6 7
3 8
6 8
0 9
7 9
8 9
2 10
3 10
9 10
1 11
2 11
3 11
4 11
5 11
9 11
0 12
2 12
3 12
6 12
1 13
4 13
5 13
7 13
8 13
10 13
12 13
1 14
4 14
5 14
7 14
8 14
10 14
12 14
3645 5 0 1 2 13 14 36
4 6
5 6
2 7
6 7
0 8
5 8
7 8
1 9
3 9
6 9
8 9
0 10
2 10
9 10
3 11
4 11
5 11
7 11
10 11
3 12
4 12
5 12
7 12
10 12
1 13
2 13
6 13
8 13
11 13
12 13
0 14
1 14
2 14
3 14
4 14
5 14
3655 5 0 3 7 9 11 37
4 6
5 6
2 7
5 7
0 8
4 8
5 8
0 9
3 9
6 9
7 9
1 10
2 10
3 10
6 10
8 10
0 11
1 11
3 11
4 11
7 11
3 12
6 12
7 12
8 12
1 13
2 13
4 13
5 13
9 13
12 13
0 14
1 14
2 14
4 14
5 14
12 14
3659 5 0 1 2 12 13 35
4 6
5 6
2 7
3 7
6 8
7 8
3 9
8 9
0 10
3 10
4 10
8 10
1 11
5 11
7 11
9 11
10 11
0 12
1 12
2 12
6 12
9 12
0 13
1 13
2 13
4 13
5 13
9 13
0 14
1 14
2 14
3 14
4 14
5 14
8 14
3657 7 0 1 6 13 14 36
4 6
5 6
2 7
4 7
3 8
5 8
3 9
5 9
7 9
2 10
4 10
8 10
9 10
0 11
1 11
6 11
7 11
8 11
0 12
1 12
2 12
3 12
4 12
5 12
0 13
1 13
3 13
6 13
7 13
10 13
0 14
1 14
2 14
6 14
8 14
9 14
3670 5 0 1 8 9 10 35
4 6
5 6
2 7
3 7
6 7
1 8
6 8
0 9
5 9
7 9
8 9
1 10
2 10
3 10
9 10
1 11
3 11
4 11
5 11
0 12
2 12
6 12
11 12
4 13
5 13
7 13
8 13
10 13
12 13
0 14
2 14
3 14
4 14
5 14
8 14
3671 6 0 1 4 9 10 38
4 6
5 6
2 7
3 7
6 7
1 8
6 8
0 9
1 9
4 9
5 9
7 9
0 10
1 10
7 10
0 11
1 11
2 11
3 11
6 11
2 12
3 12
4 12
5 12
8 12
10 12
2 13
3 13
4 13
5 13
8 13
10 13
0 14
2 14
3 14
4 14
5 14
8 14
3677 4 2 3 5 7 10 37
4 6
5 6
2 7
3 7
5 7
4 8
0 9
1 9
5 9
8 9
0 10
2 10
3 10
4 10
5 10
2 11
3 11
4 11
9 11
0 12
1 12
2 12
3 12
6 12
8 12
1 13
6 13
7 13
8 13
10 13
11 13
0 14
1 14
6 14
7 14
8 14
11 14
3678 6 2 3 4 7 12 36
4 6
5 6
2 7
3 7
4 7
0 8
1 8
4 8
5 8
2 9
3 9
8 9
0 10
1 10
6 10
5 11
7 11
9 11
10 11
2 12
3 12
4 12
5 12
10 12
0 13
1 13
2 13
3 13
6 13
11 13
0 14
1 14
6 14
7 14
9 14
12 14
3679 6 0 1 2 8 13 36
4 6
5 6
2 7
3 7
4 7
0 8
1 8
2 8
5 8
3 9
4 9
8 9
0 10
1 10
6 10
5 11
7 11
9 11
10 11
2 12
3 12
4 12
5 12
10 12
0 13
1 13
2 13
3 13
6 13
11 13
0 14
1 14
6 14
7 14
9 14
12 14
3681 4 1 2 6 8 9 38
4 6
5 6
2 7
3 7
4 7
5 7
1 8
2 8
6 8
1 9
2 9
6 9
0 10
1 10
3 10
6 10
7 11
8 11
9 11
10 11
0 12
3 12
4 12
5 12
8 12
9 12
0 13
2 13
3 13
4 13
5 13
11 13
0 14
1 14
3 14
4 14
5 14
11 14
3682 3 0 1 2 8 14 37
4 6
5 6
2 7
3 7
4 7
5 7
0 8
1 8
2 8
3 9
6 9
8 9
2 10
3 10
6 10
6 11
7 11
8 11
1 12
4 12
5 12
9 12
10 12
11 12
0 13
1 13
5 13
9 13
10 13
11 13
0 14
1 14
2 14
3 14
4 14
5 14
11 14
3667 7 0 1 8 12 13 37
4 6
5 6
2 7
3 7
6 7
3 8
4 8
5 8
2 9
3 9
4 9
5 9
1 10
4 10
5 10
7 10
0 11
2 11
3 11
6 11
10 11
0 12
1 12
7 12
8 12
9 12
0 13
1 13
2 13
6 13
8 13
0 14
1 14
2 14
3 14
4 14
5 14
3688 5 0 1 9 10 12 38
4 6
5 6
1 7
6 7
2 8
6 8
0 9
1 9
2 9
4 9
3 10
5 10
7 10
8 10
9 10
3 11
4 11
5 11
7 11
8 11
0 12
1 12
2 12
6 12
10 12
11 12
0 13
1 13
3 13
4 13
5 13
8 13
0 14
2 14
3 14
4 14
5 14
7 14
3692 7 2 3 7 9 12 36
4 6
5 6
1 7
5 7
3 8
4 8
5 8
2 9
3 9
6 9
7 9
0 10
1 10
6 10
8 10
0 11
2 11
6 11
7 11
8 11
2 12
3 12
4 12
7 12
10 12
0 13
1 13
4 13
5 13
9 13
0 14
1 14
2 14
3 14
4 14
5 14
3693 7 0 2 3 12 14 36
4 6
5 6
1 7
5 7
2 8
6 8
7 8
3 9
4 9
5 9
8 9
0 10
1 10
5 10
8 10
0 11
1 11
6 11
9 11
0 12
2 12
3 12
6 12
7 12
2 13
3 13
4 13
7 13
10 13
11 13
0 14
1 14
2 14
3 14
4 14
5 14
3699 5 0 1 2 7 12 35
4 6
5 6
1 7
2 7
7 8
0 9
4 9
7 9
3 10
5 10
8 10
9 10
3 11
4 11
5 11
8 11
0 12
1 12
2 12
6 12
10 12
11 12
1 13
2 13
3 13
6 13
8 13
9 13
0 14
1 14
2 14
3 14
4 14
5 14
8 14
3700 4 1 2 3 7 12 39
4 6
5 6
1 7
2 7
3 7
4 8
5 8
7 8
3 9
6 9
8 9
3 10
6 10
8 10
1 11
2 11
4 11
5 11
9 11
10 11
1 12
2 12
3 12
6 12
8 12
0 13
4 13
5 13
7 13
9 13
10 13
12 13
0 14
1 14
2 14
4 14
5 14
9 14
10 14
3705 6 0 4 5 6 12 34
4 6
5 6
0 7
1 8
2 8
1 9
6 10
7 10
8 10
9 10
1 11
2 11
3 11
6 11
7 11
0 12
3 12
4 12
5 12
8 12
9 12
2 13
3 13
4 13
5 13
7 13
9 13
0 14
1 14
2 14
3 14
4 14
5 14
10 14
3706 5 0 7 8 9 10 37
4 6
5 6
0 7
0 8
6 10
7 10
8 10
9 10
0 11
1 11
2 11
3 11
6 11
9 11
0 12
1 12
2 12
3 12
4 12
5 12
10 12
1 13
2 13
3 13
4 13
5 13
7 13
8 13
9 13
1 14
2 14
3 14
4 14
5 14
7 14
8 14
9 14
3710 6 0 1 10 11 12 37
4 6
5 6
0 7
6 7
1 8
4 8
5 8
7 8
2 9
3 9
6 9
8 9
0 10
1 10
9 10
0 11
1 11
2 11
6 11
3 12
4 12
5 12
7 12
10 12
11 12
2 13
3 13
4 13
5 13
7 13
10 13
0 14
1 14
2 14
3 14
4 14
5 14
3712 4 1 2 3 9 14 38
4 6
5 6
0 7
6 7
0 8
1 9
2 9
3 9
6 9
8 9
3 10
4 10
5 10
7 10
8 10
3 11
4 11
5 11
7 11
8 11
1 12
2 12
4 12
5 12
7 12
8 12
0 13
1 13
2 13
6 13
10 13
11 13
0 14
1 14
2 14
3 14
4 14
5 14
3717 5 0 3 8 9 10 37
4 6
5 6
0 7
4 7
5 7
0 8
3 8
6 8
0 9
3 9
4 9
5 9
1 10
2 10
8 10
9 10
1 11
2 11
3 11
6 11
7 11
3 12
6 12
7 12
10 12
1 13
2 13
4 13
5 13
8 13
12 13
0 14
1 14
2 14
4 14
5 14
12 14
3730 5 0 1 2 3 12 35
3 6
6 8
7 8
6 9
7 9
4 10
5 10
8 10
9 10
4 11
5 11
8 11
9 11
0 12
1 12
2 12
3 12
7 12
10 12
11 12
0 13
1 13
2 13
4 13
5 13
6 13
7 13
0 14
1 14
2 14
3 14
4 14
5 14
8 14
9 14
3733 5 1 2 4 11 14 35
3 6
6 8
7 8
3 9
8 9
2 10
5 10
6 10
7 10
9 10
1 11
2 11
4 11
5 11
7 11
9 11
0 12
4 12
5 12
6 12
7 12
9 12
0 13
1 13
3 13
4 13
8 13
10 13
0 14
1 14
2 14
3 14
4 14
5 14
8 14
3762 5 0 5 7 11 12 35
3 6
1 8
4 8
6 9
7 9
8 9
1 10
2 10
3 10
9 10
0 11
4 11
5 11
6 11
7 11
10 11
0 12
2 12
3 12
5 12
7 12
8 12
1 13
2 13
4 13
5 13
6 13
7 13
0 14
1 14
2 14
3 14
4 14
5 14
9 14
3772 3 0 3 6 7 9 36
3 6
6 7
0 9
3 9
7 9
8 9
1 10
2 10
5 10
7 10
8 10
0 11
2 11
4 11
5 11
6 11
8 11
1 12
2 12
4 12
5 12
6 12
9 12
1 13
3 13
4 13
5 13
7 13
8 13
0 14
1 14
2 14
3 14
4 14
7 14
8 14
3789 5 0 1 2 5 13 34
3 6
6 7
2 8
3 8
5 8
4 9
7 9
8 9
0 10
4 10
5 10
7 10
2 11
6 11
9 11
10 11
0 12
1 12
4 12
7 12
8 12
11 12
0 13
1 13
2 13
5 13
6 13
9 13
1 14
3 14
4 14
5 14
7 14
11 14
3792 3 0 4 6 8 9 35
3 6
6 7
0 8
4 8
6 8
2 9
4 9
6 9
0 10
4 10
1 11
3 11
5 11
7 11
9 11
10 11
2 12
3 12
5 12
7 12
8 12
10 12
1 13
5 13
7 13
8 13
9 13
10 13
0 14
1 14
2 14
3 14
4 14
5 14
7 14
3842 3 0 2 4 11 14 34
3 6
4 7
7 8
2 9
6 9
7 9
1 10
6 10
7 10
0 11
2 11
4 11
5 11
8 11
10 11
1 12
3 12
4 12
5 12
8 12
9 12
0 13
3 13
5 13
8 13
9 13
10 13
0 14
1 14
2 14
4 14
5 14
6 14
8 14
3865 6 0 1 6 11 12 35
3 6
4 7
5 7
5 8
6 9
7 9
8 9
2 10
3 10
4 10
9 10
0 11
1 11
5 11
6 11
10 11
0 12
1 12
2 12
4 12
6 12
8 12
0 13
1 13
2 13
3 13
7 13
8 13
0 14
1 14
2 14
3 14
4 14
5 14
9 14
3866 5 0 1 3 10 13 36
3 6
4 7
5 7
4 8
5 8
4 9
5 9
6 9
0 10
1 10
3 10
9 10
2 11
6 11
7 11
8 11
10 11
0 12
1 12
2 12
6 12
7 12
8 12
0 13
1 13
2 13
3 13
4 13
5 13
0 14
1 14
2 14
3 14
7 14
8 14
9 14
3609 5 3 5 6 7 9 34
4 6
5 6
3 7
5 7
4 8
7 8
2 9
3 9
6 9
8 10
9 10
0 11
1 11
2 11
5 11
8 11
0 12
1 12
6 12
7 12
10 12
0 13
1 13
2 13
3 13
4 13
10 13
0 14
1 14
2 14
3 14
4 14
5 14
10 14
3870 5 0 3 8 11 14 35
3 6
4 7
5 7
1 8
6 8
1 9
2 9
6 9
7 9
0 10
2 10
6 10
7 10
0 11
3 11
7 11
8 11
3 12
4 12
5 12
8 12
9 12
10 12
1 13
2 13
4 13
5 13
6 13
11 13
0 14
2 14
3 14
4 14
5 14
8 14
3872 6 0 1 2 13 14 34
3 6
4 7
5 7
0 8
2 8
4 8
0 9
3 9
4 9
2 10
5 10
6 10
9 10
1 11
5 11
6 11
8 11
9 11
1 12
3 12
7 12
8 12
10 12
0 13
1 13
2 13
6 13
7 13
0 14
1 14
2 14
3 14
4 14
5 14
3882 4 0 1 2 11 14 34
3 6
3 7
4 8
5 8
6 8
4 9
6 9
7 9
1 10
8 10
9 10
1 11
2 11
4 11
5 11
7 11
0 12
2 12
5 12
6 12
7 12
10 12
0 13
2 13
3 13
4 13
5 13
10 13
0 14
1 14
2 14
3 14
8 14
9 14
3875 5 0 2 3 8 14 39
3 6
4 7
5 7
6 7
0 8
1 8
2 8
3 8
4 9
5 9
6 9
8 9
2 10
3 10
7 10
9 10
0 11
4 11
5 11
6 11
10 11
1 12
2 12
3 12
7 12
9 12
11 12
0 13
1 13
4 13
5 13
6 13
10 13
0 14
1 14
2 14
3 14
4 14
5 14
3902 6 0 1 7 10 12 35
3 6
2 7
5 8
6 8
7 8
4 9
5 9
6 9
0 10
1 10
7 10
9 10
2 11
3 11
4 11
8 11
10 11
0 12
1 12
3 12
4 12
5 12
7 12
0 13
1 13
2 13
4 13
5 13
6 13
0 14
1 14
2 14
3 14
8 14
9 14
3887 4 0 1 3 9 13 38
3 6
3 7
2 8
3 8
4 8
5 8
0 9
1 9
8 9
4 10
5 10
6 10
7 10
9 10
4 11
5 11
6 11
7 11
9 11
2 12
4 12
5 12
6 12
7 12
9 12
0 13
1 13
2 13
3 13
10 13
11 13
0 14
1 14
2 14
4 14
5 14
6 14
7 14
3905 6 2 4 6 9 14 35
3 6
2 7
4 8
5 8
6 8
7 8
2 9
4 9
6 9
3 10
5 10
7 10
0 11
1 11
8 11
9 11
10 11
0 12
1 12
2 12
3 12
4 12
5 12
0 13
1 13
3 13
5 13
7 13
9 13
0 14
1 14
2 14
4 14
6 14
10 14
3915 2 0 1 2 7 9 36
3 6
2 7
6 7
6 8
0 9
1 9
7 9
2 10
6 10
9 10
2 11
3 11
4 11
5 11
8 11
9 11
1 12
3 12
4 12
5 12
8 12
10 12
0 13
4 13
5 13
7 13
8 13
10 13
0 14
1 14
3 14
4 14
5 14
7 14
8 14
10 14
3914 1 2 3 6 7 12 35
3 6
2 7
6 7
7 8
7 9
0 10
4 10
5 10
6 10
8 10
9 10
1 11
3 11
4 11
5 11
8 11
9 11
2 12
3 12
4 12
5 12
8 12
9 12
0 13
1 13
5 13
6 13
8 13
9 13
0 14
1 14
2 14
4 14
8 14
9 14
3921 4 1 2 6 9 10 38
3 6
2 7
6 7
0 8
3 8
4 8
5 8
1 9
2 9
4 9
5 9
6 9
0 10
1 10
2 10
6 10
3 11
4 11
5 11
7 11
10 11
0 12
3 12
4 12
5 12
7 12
1 13
2 13
6 13
8 13
11 13
12 13
0 14
1 14
3 14
4 14
5 14
7 14
3938 5 0 4 5 10 11 36
3 6
2 7
3 7
1 8
6 8
7 8
1 9
4 9
5 9
6 9
0 10
4 10
5 10
6 10
7 10
0 11
2 11
4 11
5 11
8 11
0 12
2 12
3 12
8 12
9 12
1 13
2 13
3 13
4 13
5 13
0 14
1 14
4 14
5 14
6 14
7 14
3940 5 0 2 8 11 12 37
3 6
2 7
3 7
0 8
2 8
1 9
3 9
4 9
5 9
8 9
0 10
2 10
4 10
5 10
6 10
0 11
1 11
2 11
3 11
4 12
5 12
6 12
7 12
8 12
11 12
1 13
4 13
5 13
6 13
7 13
8 13
0 14
1 14
4 14
5 14
6 14
7 14
3942 5 0 2 3 13 14 37
3 6
2 7
3 7
4 7
5 7
1 8
4 8
5 8
6 8
1 9
7 9
4 10
5 10
6 10
9 10
4 11
5 11
6 11
9 11
0 12
2 12
4 12
5 12
6 12
9 12
0 13
2 13
3 13
8 13
10 13
11 13
0 14
1 14
2 14
3 14
10 14
11 14
3944 1 0 1 2 7 10 34
3 6
1 7
4 9
5 9
6 9
8 9
2 10
6 10
7 10
8 10
1 11
9 11
10 11
2 12
5 12
6 12
7 12
8 12
11 12
0 13
3 13
4 13
5 13
7 13
8 13
11 13
0 14
2 14
3 14
4 14
5 14
7 14
8 14
11 14
3980 5 0 4 5 8 9 35
3 6
0 7
6 7
0 8
4 8
5 8
4 9
5 9
6 9
1 10
2 10
6 10
8 10
4 11
5 11
7 11
10 11
0 12
1 12
2 12
3 12
9 12
11 12
1 13
2 13
3 13
4 13
5 13
7 13
1 14
2 14
3 14
7 14
8 14
9 14
3981 4 0 3 6 7 8 36
3 6
0 7
6 7
0 8
4 8
5 8
6 8
4 9
5 9
4 10
5 10
0 11
1 11
2 11
6 11
9 11
10 11
1 12
2 12
3 12
7 12
9 12
10 12
1 13
2 13
3 13
4 13
5 13
7 13
1 14
2 14
3 14
7 14
8 14
9 14
10 14
3985 2 0 1 2 4 13 37
3 6
0 7
5 7
6 7
3 8
7 8
1 9
2 9
7 9
1 10
2 10
3 10
4 11
5 11
6 11
8 11
9 11
10 11
4 12
5 12
6 12
8 12
9 12
10 12
0 13
1 13
2 13
4 13
5 13
8 13
0 14
4 14
5 14
6 14
8 14
9 14
10 14
3988 5 1 2 7 8 9 37
3 6
0 7
4 7
1 8
2 8
5 8
6 8
7 8
1 9
2 9
6 9
7 9
2 10
3 10
4 10
5 10
0 11
3 11
4 11
5 11
1 12
6 12
7 12
10 12
11 12
0 13
3 13
4 13
5 13
9 13
12 13
0 14
1 14
2 14
4 14
5 14
6 14
4001 3 0 1 2 7 12 39
3 6
0 7
1 7
2 7
6 7
4 8
5 8
7 8
4 9
5 9
6 9
4 10
5 10
6 10
4 11
5 11
6 11
0 12
1 12
2 12
3 12
4 12
5 12
0 13
1 13
2 13
3 13
8 13
9 13
10 13
11 13
0 14
1 14
2 14
3 14
8 14
9 14
10 14
11 14
4022 5 0 1 2 13 14 35
3 6
5 6
4 7
6 8
7 8
5 9
7 9
2 10
4 10
8 10
9 10
1 11
3 11
5 11
7 11
10 11
0 12
2 12
4 12
6 12
9 12
11 12
0 13
1 13
2 13
3 13
8 13
9 13
0 14
1 14
2 14
3 14
4 14
5 14
8 14
4023 2 3 5 6 9 11 37
3 6
5 6
4 7
4 8
4 9
6 9
0 10
1 10
2 10
6 10
7 10
8 10
2 11
3 11
5 11
7 11
8 11
9 11
0 12
1 12
5 12
7 12
8 12
9 12
0 13
1 13
2 13
3 13
4 13
5 13
0 14
1 14
2 14
3 14
7 14
8 14
9 14
1907 4 5 6 7 8 10 37
3 7
4 7
5 7
6 7
5 8
6 8
2 9
3 9
4 9
0 10
1 10
5 10
6 10
9 10
5 11
6 11
9 11
0 12
1 12
2 12
7 12
8 12
11 12
0 13
1 13
2 13
3 13
4 13
8 13
11 13
0 14
1 14
2 14
3 14
4 14
8 14
11 14
4025 7 0 3 5 6 12 35
3 6
5 6
4 7
4 8
5 8
1 9
2 9
4 9
1 10
2 10
6 10
8 10
0 11
6 11
7 11
8 11
9 11
0 12
3 12
5 12
7 12
9 12
10 12
0 13
1 13
2 13
3 13
7 13
8 13
1 14
2 14
3 14
4 14
5 14
11 14
4029 5 0 1 7 8 13 34
3 6
5 6
4 7
1 8
7 8
1 9
6 9
7 9
4 10
5 10
9 10
2 11
3 11
4 11
5 11
8 11
0 12
2 12
6 12
8 12
10 12
0 13
1 13
2 13
3 13
7 13
10 13
0 14
2 14
3 14
4 14
5 14
8 14
9 14
4037 4 0 1 8 10 12 36
3 6
5 6
4 7
5 7
1 8
5 8
1 9
6 9
7 9
0 10
2 10
6 10
7 10
8 10
2 11
3 11
4 11
5 11
9 11
0 12
6 12
7 12
8 12
11 12
0 13
2 13
3 13
4 13
8 13
9 13
1 14
2 14
3 14
4 14
5 14
12 14
4036 3 0 1 2 9 10 36
3 6
5 6
4 7
5 7
3 8
4 8
1 9
2 9
5 9
1 10
2 10
6 10
7 10
8 10
6 11
7 11
8 11
9 11
0 12
6 12
7 12
8 12
9 12
0 13
2 13
3 13
4 13
5 13
11 13
1 14
2 14
3 14
4 14
5 14
11 14
12 14
4038 4 0 1 2 10 11 38
3 6
5 6
4 7
5 7
0 8
6 8
7 8
1 9
6 9
7 9
0 10
1 10
2 10
3 10
7 10
0 11
1 11
2 11
4 11
6 11
2 12
3 12
4 12
5 12
8 12
9 12
0 13
2 13
3 13
4 13
5 13
9 13
1 14
2 14
3 14
4 14
5 14
8 14
4044 6 0 3 6 8 10 35
3 6
5 6
3 7
0 8
3 8
5 9
7 9
4 10
6 10
8 10
9 10
1 11
2 11
4 11
5 11
7 11
8 11
0 12
1 12
2 12
5 12
7 12
10 12
0 13
1 13
2 13
4 13
6 13
9 13
0 14
1 14
2 14
3 14
4 14
9 14
3986 6 0 3 4 8 10 35
3 6
0 7
5 7
6 7
0 8
3 8
4 8
0 9
3 10
4 10
5 10
9 10
1 11
2 11
7 11
8 11
10 11
1 12
2 12
4 12
5 12
6 12
9 12
1 13
2 13
5 13
6 13
8 13
9 13
1 14
2 14
3 14
4 14
7 14
9 14
4054 6 0 1 3 8 12 34
3 6
5 6
2 7
0 8
1 8
2 8
3 8
4 9
5 9
8 9
2 10
6 10
9 10
2 11
3 11
4 11
5 11
1 12
3 12
4 12
7 12
10 12
0 13
1 13
4 13
5 13
7 13
10 13
0 14
1 14
6 14
7 14
9 14
11 14
4074 5 2 4 7 8 9 36
3 6
5 6
2 7
4 7
5 7
2 8
4 8
6 8
1 9
7 9
8 9
0 10
6 10
7 10
1 11
3 11
5 11
8 11
10 11
0 12
2 12
6 12
9 12
11 12
1 13
3 13
4 13
5 13
10 13
12 13
0 14
2 14
3 14
4 14
5 14
9 14
4056 4 0 1 2 7 14 36
3 6
5 6
2 7
6 7
2 8
3 8
5 8
2 9
3 9
4 9
1 10
5 10
7 10
9 10
1 11
5 11
7 11
9 11
0 12
4 12
6 12
8 12
10 12
11 12
0 13
4 13
6 13
8 13
10 13
11 13
0 14
1 14
3 14
4 14
5 14
7 14
4075 3 0 1 2 8 12 34
3 6
5 6
2 7
4 7
5 7
0 8
1 8
2 8
3 8
8 9
2 10
6 10
1 11
3 11
7 11
9 11
10 11
1 12
2 12
4 12
6 12
9 12
0 13
1 13
4 13
5 13
9 13
10 13
0 14
3 14
4 14
5 14
9 14
10 14
4085 6 0 1 2 13 14 36
3 6
5 6
1 7
4 7
6 7
0 8
6 8
2 9
5 9
7 9
8 9
2 10
5 10
7 10
8 10
1 11
3 11
4 11
5 11
8 11
0 12
3 12
4 12
9 12
10 12
0 13
1 13
2 13
4 13
6 13
0 14
1 14
2 14
3 14
4 14
5 14
4082 6 0 2 4 12 14 36
3 6
5 6
1 7
5 7
0 8
6 8
7 8
3 9
4 9
5 9
8 9
0 10
3 10
7 10
1 11
2 11
6 11
9 11
10 11
0 12
2 12
4 12
6 12
7 12
1 13
2 13
4 13
5 13
8 13
10 13
0 14
1 14
2 14
3 14
4 14
5 14
4092 6 0 5 6 7 11 35
3 6
5 6
0 7
5 7
4 8
6 8
4 9
5 9
3 10
7 10
8 10
9 10
1 11
2 11
4 11
6 11
7 11
0 12
1 12
2 12
3 12
8 12
9 12
0 13
1 13
2 13
4 13
5 13
10 13
1 14
2 14
3 14
7 14
8 14
9 14
4088 4 0 2 4 8 14 35
3 6
5 6
1 7
2 7
0 8
2 8
4 8
4 9
5 9
7 9
3 10
4 10
5 10
0 11
1 11
3 11
9 11
6 12
7 12
8 12
10 12
11 12
0 13
1 13
2 13
6 13
9 13
10 13
0 14
1 14
2 14
3 14
4 14
5 14
12 14
4110 4 0 1 2 10 12 36
3 6
4 6
6 7
5 8
6 8
4 9
8 9
1 10
2 10
4 10
8 10
0 11
3 11
5 11
7 11
9 11
10 11
0 12
1 12
2 12
5 12
7 12
9 12
1 13
2 13
3 13
5 13
7 13
9 13
0 14
1 14
2 14
3 14
4 14
7 14
8 14
4115 5 3 4 6 10 13 36
3 6
4 6
5 7
5 8
0 9
3 9
7 9
8 9
2 10
6 10
7 10
8 10
1 11
2 11
5 11
6 11
9 11
0 12
1 12
2 12
4 12
7 12
8 12
0 13
1 13
3 13
4 13
5 13
10 13
0 14
1 14
2 14
3 14
4 14
7 14
8 14
4116 6 0 3 4 6 13 36
3 6
4 6
5 7
5 8
0 9
3 9
7 9
8 9
2 10
6 10
7 10
8 10
1 11
2 11
4 11
5 11
9 11
0 12
1 12
2 12
6 12
7 12
8 12
0 13
1 13
3 13
4 13
5 13
10 13
0 14
1 14
2 14
3 14
4 14
7 14
8 14
4117 4 0 1 2 9 14 37
3 6
4 6
5 7
5 8
6 8
0 9
1 9
2 9
6 9
7 9
0 10
3 10
4 10
5 10
1 11
2 11
7 11
8 11
10 11
1 12
2 12
7 12
8 12
10 12
3 13
4 13
5 13
9 13
11 13
12 13
0 14
1 14
2 14
3 14
4 14
7 14
8 14
4142 6 0 1 4 10 14 33
3 6
4 6
2 7
3 8
5 8
7 8
2 9
5 9
6 9
1 10
4 10
8 10
9 10
0 11
4 11
8 11
9 11
0 12
2 12
3 12
10 12
1 13
5 13
6 13
7 13
11 13
12 13
0 14
1 14
3 14
4 14
5 14
7 14
4151 4 1 2 5 11 12 37
3 6
4 6
2 7
6 7
0 8
6 8
2 9
3 9
4 9
5 9
8 9
0 10
3 10
4 10
7 10
1 11
2 11
5 11
8 11
10 11
0 12
1 12
2 12
5 12
6 12
1 13
3 13
4 13
5 13
7 13
8 13
0 14
1 14
3 14
4 14
5 14
7 14
4133 3 0 2 8 9 10 34
3 6
4 6
3 7
5 7
0 8
6 8
2 9
7 9
8 9
0 10
2 10
3 10
2 11
6 11
7 11
1 12
4 12
5 12
8 12
10 12
11 12
1 13
4 13
5 13
9 13
10 13
11 13
0 14
1 14
3 14
4 14
5 14
9 14
11 14
4166 5 0 2 5 8 9 34
3 6
4 6
1 7
0 8
5 8
0 9
1 9
2 9
5 9
6 9
5 10
6 10
7 10
2 11
3 11
4 11
7 11
8 11
1 12
2 12
8 12
10 12
0 13
3 13
4 13
5 13
7 13
12 13
1 14
2 14
3 14
4 14
8 14
10 14
4170 5 0 1 2 8 13 34
3 6
4 6
1 7
5 7
1 8
2 8
0 9
2 9
3 9
7 9
4 10
5 10
8 10
9 10
3 11
4 11
5 11
0 12
6 12
7 12
8 12
11 12
0 13
1 13
2 13
6 13
10 13
11 13
1 14
2 14
3 14
4 14
5 14
12 14
4177 3 0 1 2 5 12 36
3 6
4 6
0 7
3 10
4 10
7 10
8 10
9 10
3 11
4 11
5 11
7 11
8 11
9 11
0 12
1 12
2 12
5 12
6 12
8 12
9 12
1 13
2 13
5 13
6 13
7 13
8 13
9 13
1 14
2 14
3 14
4 14
5 14
7 14
8 14
9 14
4189 4 2 7 8 9 10 37
3 6
4 6
5 6
6 7
6 8
2 9
7 9
8 9
2 10
7 10
8 10
2 11
3 11
4 11
5 11
7 11
8 11
1 12
3 12
4 12
5 12
9 12
10 12
0 13
1 13
3 13
4 13
5 13
7 13
8 13
0 14
1 14
3 14
4 14
5 14
9 14
10 14
4195 5 3 4 5 6 10 35
3 6
4 6
5 6
4 7
6 8
7 8
0 9
5 9
7 9
4 10
5 10
1 11
2 11
8 11
9 11
10 11
0 12
1 12
2 12
3 12
7 12
10 12
1 13
2 13
3 13
8 13
9 13
10 13
0 14
1 14
2 14
3 14
4 14
5 14
8 14
4203 5 0 1 6 9 11 38
3 6
4 6
5 6
4 7
5 7
1 8
2 8
3 8
7 8
0 9
6 9
8 9
0 10
1 10
7 10
0 11
1 11
2 11
6 11
7 11
2 12
3 12
4 12
5 12
9 12
10 12
2 13
3 13
4 13
5 13
9 13
10 13
0 14
1 14
2 14
3 14
4 14
5 14
4205 4 0 1 2 12 14 37
3 6
4 6
5 6
4 7
5 7
0 8
3 8
4 8
2 9
6 9
7 9
8 9
0 10
6 10
7 10
1 11
2 11
5 11
8 11
10 11
0 12
1 12
2 12
3 12
7 12
1 13
3 13
4 13
5 13
9 13
10 13
0 14
1 14
2 14
3 14
4 14
5 14
4207 6 3 4 6 7 9 36
3 6
4 6
5 6
3 7
4 7
5 8
3 9
4 9
8 9
2 10
5 10
7 10
9 10
0 11
1 11
6 11
8 11
10 11
0 12
1 12
2 12
3 12
4 12
8 12
0 13
1 13
2 13
5 13
7 13
9 13
0 14
1 14
2 14
6 14
7 14
8 14
4210 6 0 1 2 12 14 37
3 6
4 6
5 6
3 7
4 7
5 7
4 8
5 8
0 9
3 9
8 9
0 10
6 10
7 10
8 10
1 11
2 11
6 11
7 11
9 11
0 12
1 12
2 12
3 12
8 12
1 13
2 13
4 13
5 13
9 13
10 13
0 14
1 14
2 14
3 14
4 14
5 14
4211 5 0 1 2 12 14 37
3 6
4 6
5 6
3 7
4 7
5 7
4 8
5 8
0 9
3 9
4 9
0 10
6 10
7 10
8 10
1 11
2 11
5 11
9 11
10 11
0 12
1 12
2 12
3 12
8 12
1 13
2 13
6 13
7 13
8 13
9 13
0 14
1 14
2 14
3 14
4 14
5 14
4219 4 0 1 8 9 10 39
3 6
4 6
5 6
3 7
4 7
5 7
2 8
6 8
7 8
0 9
1 9
8 9
0 10
1 10
8 10
0 11
1 11
6 11
7 11
0 12
1 12
2 12
3 12
4 12
5 12
2 13
3 13
4 13
5 13
9 13
10 13
11 13
2 14
3 14
4 14
5 14
9 14
10 14
11 14
4156 6 0 1 5 11 12 37
3 6
4 6
2 7
5 7
6 7
2 8
5 8
6 8
2 9
3 9
4 9
1 10
7 10
8 10
9 10
0 11
1 11
3 11
4 11
5 11
0 12
1 12
5 12
6 12
9 12
0 13
2 13
3 13
4 13
5 13
10 13
0 14
1 14
3 14
4 14
7 14
8 14
4220 5 0 1 8 9 10 38
3 6
4 6
5 6
3 7
4 7
5 7
2 8
6 8
7 8
0 9
1 9
8 9
0 10
1 10
8 10
0 11
1 11
2 11
6 11
7 11
2 12
3 12
4 12
5 12
9 12
10 12
2 13
3 13
4 13
5 13
9 13
10 13
0 14
1 14
2 14
3 14
4 14
5 14
4230 6 0 1 3 10 14 37
3 6
4 6
5 6
3 7
4 7
5 7
2 8
3 8
4 8
5 8
2 9
4 9
5 9
0 10
1 10
3 10
9 10
0 11
1 11
8 11
9 11
0 12
1 12
2 12
6 12
7 12
2 13
6 13
7 13
10 13
11 13
0 14
1 14
3 14
4 14
5 14
13 14
4234 5 1 2 8 9 10 38
3 6
4 6
5 6
3 7
4 7
5 7
0 8
6 8
7 8
1 9
2 9
8 9
1 10
2 10
8 10
3 11
4 11
5 11
9 11
10 11
0 12
3 12
4 12
5 12
9 12
10 12
0 13
1 13
2 13
3 13
4 13
5 13
0 14
1 14
2 14
6 14
7 14
11 14
4049 4 0 1 2 8 14 34
3 6
5 6
3 7
4 7
5 7
2 8
6 8
7 8
2 9
4 9
6 9
2 10
3 10
4 10
1 11
5 11
8 11
9 11
1 12
3 12
4 12
5 12
0 13
6 13
7 13
10 13
11 13
12 13
0 14
1 14
5 14
8 14
9 14
10 14
4242 3 0 1 2 10 14 38
3 6
4 6
5 6
3 7
4 7
5 7
0 8
3 8
4 8
1 9
2 9
5 9
8 9
0 10
1 10
2 10
5 10
6 11
7 11
9 11
10 11
0 12
3 12
4 12
5 12
11 12
1 13
2 13
6 13
7 13
8 13
12 13
0 14
1 14
2 14
3 14
4 14
11 14
4235 5 1 2 5 9 14 38
3 6
4 6
5 6
3 7
4 7
5 7
0 8
6 8
7 8
1 9
2 9
5 9
8 9
1 10
2 10
8 10
0 11
3 11
4 11
5 11
10 11
0 12
3 12
4 12
9 12
10 12
1 13
2 13
6 13
7 13
11 13
12 13
0 14
1 14
2 14
3 14
4 14
5 14
4243 6 0 1 8 9 14 38
3 6
4 6
5 6
3 7
4 7
5 7
0 8
1 8
0 9
1 9
0 10
1 10
2 10
6 10
7 10
2 11
6 11
7 11
8 11
9 11
2 12
3 12
4 12
5 12
8 12
9 12
2 13
3 13
4 13
5 13
8 13
9 13
0 14
1 14
3 14
4 14
5 14
11 14
4251 6 0 1 3 10 14 37
3 6
4 6
5 6
2 7
6 7
2 8
3 8
4 8
5 8
2 9
4 9
5 9
0 10
1 10
3 10
7 10
9 10
0 11
1 11
8 11
9 11
0 12
1 12
2 12
6 12
3 13
4 13
5 13
7 13
11 13
12 13
0 14
1 14
3 14
4 14
5 14
7 14
4257 4 1 2 4 11 12 37
3 6
4 6
5 6
2 7
6 7
1 8
6 8
0 9
3 9
4 9
7 9
8 9
0 10
2 10
3 10
5 10
8 10
1 11
2 11
4 11
5 11
1 12
2 12
4 12
5 12
0 13
3 13
7 13
8 13
11 13
12 13
0 14
1 14
3 14
4 14
5 14
7 14
4258 6 0 3 8 9 12 37
3 6
4 6
5 6
2 7
6 7
1 8
5 8
7 8
0 9
3 9
8 9
1 10
2 10
6 10
9 10
1 11
2 11
4 11
5 11
9 11
0 12
2 12
3 12
4 12
8 12
0 13
3 13
4 13
5 13
7 13
10 13
0 14
1 14
3 14
4 14
5 14
7 14
4259 6 0 1 10 12 13 37
3 6
4 6
5 6
2 7
6 7
1 8
4 8
5 8
7 8
2 9
3 9
4 9
5 9
0 10
1 10
6 10
9 10
0 11
2 11
3 11
8 11
0 12
1 12
2 12
3 12
4 13
5 13
7 13
10 13
11 13
12 13
0 14
1 14
3 14
4 14
5 14
7 14
4264 4 0 1 5 8 9 38
3 6
4 6
5 6
2 7
6 7
0 8
1 8
5 8
7 8
0 9
1 9
4 9
5 9
7 9
2 10
3 10
4 10
5 10
2 11
3 11
4 11
5 11
2 12
3 12
4 12
8 12
0 13
1 13
7 13
10 13
11 13
12 13
0 14
1 14
6 14
10 14
11 14
12 14
4266 4 0 1 8 13 14 36
3 6
4 6
5 6
2 7
5 7
4 8
7 8
4 9
7 9
1 10
6 10
7 10
2 11
3 11
5 11
8 11
9 11
10 11
0 12
2 12
3 12
4 12
5 12
10 12
0 13
1 13
3 13
5 13
8 13
9 13
0 14
1 14
2 14
6 14
8 14
9 14
4274 6 0 1 2 12 13 36
3 6
4 6
5 6
2 7
3 7
5 7
3 8
4 8
5 9
0 10
2 10
5 10
8 10
1 11
4 11
7 11
9 11
10 11
0 12
1 12
2 12
3 12
4 12
9 12
0 13
1 13
2 13
6 13
8 13
9 13
0 14
1 14
6 14
7 14
8 14
9 14
4292 4 1 2 7 9 10 38
3 6
4 6
5 6
0 7
3 7
1 8
2 8
6 8
1 9
2 9
5 9
7 9
1 10
2 10
4 10
5 10
7 10
2 11
6 11
7 11
0 12
3 12
4 12
5 12
8 12
11 12
0 13
3 13
4 13
8 13
9 13
11 13
0 14
1 14
3 14
4 14
5 14
11 14
4300 4 2 3 4 9 11 36
2 6
2 9
3 9
4 9
1 10
6 10
7 10
8 10
9 10
0 11
2 11
3 11
4 11
5 11
10 11
0 12
1 12
5 12
6 12
7 12
8 12
9 12
0 13
3 13
4 13
5 13
6 13
7 13
8 13
1 14
2 14
3 14
4 14
5 14
7 14
8 14
4301 3 0 1 2 3 11 34
2 6
1 9
0 10
6 10
7 10
8 10
9 10
1 11
2 11
3 11
4 11
5 11
10 11
0 12
1 12
4 12
5 12
6 12
7 12
8 12
3 13
4 13
5 13
6 13
7 13
8 13
9 13
2 14
3 14
4 14
5 14
7 14
8 14
9 14
4302 3 0 1 2 6 12 36
2 6
0 9
1 9
4 10
5 10
6 10
7 10
8 10
9 10
2 11
3 11
5 11
7 11
8 11
9 11
0 12
1 12
4 12
6 12
7 12
8 12
3 13
4 13
5 13
6 13
7 13
8 13
9 13
0 14
1 14
2 14
3 14
4 14
5 14
7 14
8 14
4328 4 0 1 3 9 13 34
2 6
2 8
0 9
3 9
1 10
7 10
8 10
9 10
3 11
4 11
5 11
6 11
10 11
4 12
5 12
6 12
7 12
8 12
9 12
0 13
1 13
2 13
3 13
4 13
5 13
7 13
0 14
1 14
3 14
4 14
5 14
6 14
7 14
8 14
4331 3 1 5 6 9 10 35
2 6
1 8
4 9
5 9
6 9
7 9
8 9
1 10
5 10
6 10
7 10
2 11
3 11
4 11
8 11
10 11
0 12
3 12
5 12
6 12
7 12
8 12
0 13
1 13
2 13
3 13
4 13
7 13
0 14
2 14
3 14
4 14
5 14
7 14
8 14
4332 3 0 2 6 9 10 36
2 6
1 8
6 8
0 9
6 9
1 10
2 10
3 10
7 10
9 10
3 11
4 11
5 11
7 11
8 11
9 11
0 12
1 12
4 12
5 12
6 12
7 12
2 13
3 13
4 13
5 13
7 13
8 13
9 13
0 14
2 14
3 14
4 14
5 14
7 14
8 14
4336 5 0 6 7 8 13 35
2 6
0 8
5 8
6 8
7 8
1 9
2 9
5 9
7 9
2 10
5 10
3 11
4 11
8 11
9 11
10 11
1 12
3 12
4 12
6 12
7 12
10 12
0 13
3 13
4 13
6 13
7 13
10 13
0 14
1 14
2 14
3 14
4 14
5 14
7 14
4345 4 0 1 2 9 12 37
2 6
6 7
6 8
0 9
1 9
3 10
4 10
5 10
6 10
9 10
3 11
4 11
5 11
7 11
8 11
9 11
0 12
1 12
2 12
7 12
8 12
10 12
2 13
3 13
4 13
5 13
7 13
8 13
9 13
0 14
1 14
2 14
3 14
4 14
5 14
7 14
8 14
4186 3 0 1 3 7 11 38
3 6
4 6
0 7
1 7
3 7
4 7
2 8
3 8
5 8
4 9
8 9
4 10
8 10
0 11
1 11
5 11
6 11
9 11
10 11
2 12
5 12
6 12
7 12
9 12
10 12
1 13
2 13
3 13
5 13
9 13
10 13
0 14
1 14
2 14
5 14
6 14
9 14
10 14
4395 4 0 1 2 6 12 34
2 6
3 7
1 9
5 9
7 9
8 9
3 10
4 10
5 10
6 10
8 10
2 11
3 11
4 11
9 11
0 12
1 12
6 12
7 12
8 12
11 12
0 13
2 13
4 13
5 13
7 13
8 13
0 14
1 14
3 14
4 14
5 14
6 14
8 14
4355 5 0 1 2 9 10 34
2 6
6 7
1 8
6 8
1 9
2 9
4 9
5 9
1 10
2 10
3 10
7 10
3 11
7 11
8 11
9 11
3 12
4 12
5 12
7 12
8 12
0 13
4 13
5 13
6 13
10 13
11 13
0 14
2 14
3 14
4 14
5 14
7 14
8 14
4415 3 0 1 4 10 11 38
2 6
3 7
2 8
3 8
1 9
2 9
3 9
0 10
1 10
4 10
5 10
6 10
7 10
0 11
1 11
2 11
3 11
4 11
5 11
4 12
5 12
6 12
7 12
8 12
9 12
1 13
4 13
5 13
6 13
7 13
8 13
0 14
4 14
5 14
6 14
7 14
8 14
9 14
4414 5 0 1 2 9 12 36
2 6
3 7
2 8
3 8
1 9
2 9
4 9
5 9
7 9
1 10
3 10
4 10
5 10
6 10
4 11
6 11
7 11
8 11
0 12
1 12
2 12
3 12
5 12
11 12
0 13
4 13
5 13
6 13
7 13
8 13
1 14
4 14
5 14
6 14
7 14
8 14
4420 4 2 3 8 9 10 38
2 6
3 7
0 8
2 8
3 8
1 9
2 9
3 9
4 10
5 10
6 10
7 10
8 10
9 10
0 11
4 11
5 11
6 11
7 11
9 11
1 12
4 12
5 12
6 12
7 12
8 12
0 13
1 13
4 13
5 13
6 13
7 13
0 14
1 14
2 14
3 14
4 14
5 14
4436 3 0 2 7 8 10 37
2 6
2 7
7 8
7 9
0 10
2 10
8 10
9 10
1 11
3 11
4 11
5 11
6 11
7 11
10 11
0 12
3 12
4 12
5 12
6 12
8 12
9 12
1 13
3 13
4 13
5 13
6 13
8 13
9 13
0 14
1 14
2 14
3 14
4 14
5 14
8 14
9 14
4445 5 0 2 5 9 10 36
2 6
2 7
1 8
5 8
7 8
0 9
5 9
7 9
0 10
2 10
5 10
1 11
3 11
4 11
6 11
7 11
10 11
3 12
4 12
6 12
8 12
9 12
10 12
3 13
4 13
6 13
8 13
9 13
10 13
0 14
1 14
3 14
4 14
5 14
6 14
7 14
4448 4 0 1 2 7 10 35
2 6
2 7
0 8
6 8
0 9
0 10
1 10
2 10
3 10
4 11
5 11
7 11
8 11
9 11
10 11
2 12
3 12
4 12
5 12
8 12
9 12
1 13
3 13
4 13
5 13
6 13
7 13
9 13
1 14
3 14
4 14
5 14
6 14
7 14
9 14
4450 6 0 1 3 8 11 36
2 6
2 7
0 8
1 8
0 9
0 10
1 10
6 10
7 10
0 11
1 11
2 11
3 11
4 11
5 11
2 12
3 12
4 12
5 12
8 12
9 12
10 12
1 13
3 13
4 13
5 13
6 13
7 13
9 13
3 14
4 14
5 14
6 14
7 14
8 14
9 14
4451 6 0 1 8 9 10 37
2 6
2 7
0 8
1 8
6 8
7 8
0 9
1 9
0 10
1 10
0 11
1 11
2 11
3 11
4 11
5 11
2 12
3 12
4 12
5 12
8 12
9 12
10 12
3 13
4 13
5 13
6 13
7 13
9 13
10 13
3 14
4 14
5 14
6 14
7 14
9 14
10 14
4452 6 0 1 8 9 12 35
2 6
2 7
0 8
1 8
2 8
4 9
5 9
8 9
3 10
4 10
5 10
8 10
0 11
2 11
3 11
4 11
5 11
0 12
1 12
3 12
6 12
7 12
9 12
1 13
6 13
7 13
9 13
10 13
11 13
1 14
3 14
4 14
5 14
6 14
7 14
4241 5 1 2 3 11 14 37
3 6
4 6
5 6
3 7
4 7
5 7
0 8
3 8
5 8
0 9
4 9
5 9
0 10
6 10
7 10
1 11
2 11
3 11
9 11
10 11
1 12
2 12
4 12
8 12
10 12
1 13
2 13
6 13
7 13
8 13
9 13
0 14
1 14
2 14
3 14
4 14
5 14
4455 5 0 1 2 8 14 36
2 6
2 7
0 8
1 8
2 8
3 8
3 9
7 9
3 10
7 10
4 11
5 11
6 11
8 11
9 11
10 11
1 12
4 12
5 12
6 12
9 12
10 12
0 13
1 13
3 13
4 13
5 13
6 13
7 13
0 14
1 14
2 14
4 14
5 14
9 14
10 14
4467 5 0 1 2 10 14 38
2 6
2 7
4 7
5 7
1 8
7 8
0 9
1 9
3 9
6 9
7 9
0 10
1 10
2 10
3 11
4 11
5 11
6 11
8 11
10 11
3 12
4 12
5 12
6 12
8 12
10 12
0 13
3 13
4 13
5 13
6 13
8 13
0 14
1 14
2 14
3 14
4 14
5 14
4472 6 0 1 7 11 12 37
2 6
2 7
3 7
4 7
3 8
4 8
5 8
6 8
3 9
4 9
5 9
6 9
2 10
3 10
4 10
5 10
0 11
1 11
6 11
7 11
10 11
0 12
1 12
5 12
6 12
7 12
0 13
1 13
2 13
8 13
9 13
0 14
1 14
2 14
3 14
4 14
5 14
4483 4 0 1 7 8 11 35
2 6
1 7
1 8
0 9
3 9
6 9
7 9
2 10
4 10
5 10
8 10
9 10
0 11
2 11
7 11
8 11
1 12
3 12
4 12
5 12
6 12
11 12
3 13
4 13
5 13
6 13
7 13
8 13
0 14
2 14
3 14
4 14
5 14
7 14
8 14
4479 7 0 2 7 10 13 35
2 6
1 7
4 8
5 8
7 8
4 9
5 9
6 9
0 10
2 10
3 10
7 10
9 10
1 11
3 11
6 11
8 11
0 12
1 12
3 12
4 12
5 12
6 12
0 13
2 13
4 13
5 13
7 13
11 13
0 14
1 14
2 14
3 14
8 14
9 14
4518 6 0 1 7 10 13 34
2 6
0 7
6 8
7 8
2 9
3 9
4 9
5 9
8 9
0 10
4 10
5 10
6 10
0 11
4 11
8 11
1 12
3 12
5 12
6 12
7 12
11 12
1 13
2 13
3 13
7 13
10 13
11 13
1 14
2 14
3 14
4 14
5 14
8 14
4575 4 2 5 6 7 10 35
2 6
5 6
3 7
5 7
4 8
5 8
8 9
6 10
7 10
9 10
0 11
1 11
2 11
3 11
8 11
10 11
0 12
1 12
2 12
4 12
7 12
9 12
0 13
1 13
3 13
4 13
6 13
9 13
0 14
1 14
2 14
3 14
4 14
5 14
10 14
4583 5 0 3 4 7 11 35
2 6
5 6
3 7
4 7
6 7
7 8
3 9
5 9
1 10
2 10
8 10
9 10
0 11
3 11
4 11
5 11
10 11
0 12
1 12
2 12
8 12
9 12
0 13
1 13
4 13
6 13
8 13
9 13
0 14
1 14
2 14
3 14
4 14
5 14
8 14
4605 1 0 1 2 3 8 36
2 6
5 6
1 7
6 7
1 8
2 8
3 8
5 8
0 9
3 9
4 9
7 9
0 10
2 10
4 10
5 10
3 11
4 11
5 11
7 11
3 12
4 12
5 12
7 12
6 13
8 13
9 13
10 13
11 13
12 13
1 14
6 14
9 14
10 14
11 14
12 14
4607 5 1 5 6 7 11 34
2 6
5 6
1 7
5 7
0 8
2 10
3 10
5 10
8 10
9 10
1 11
4 11
6 11
8 11
9 11
3 12
4 12
6 12
7 12
8 12
9 12
0 13
2 13
3 13
4 13
7 13
9 13
0 14
1 14
2 14
3 14
4 14
5 14
9 14
4608 4 0 1 4 7 12 34
2 6
5 6
1 7
4 7
3 9
5 9
7 9
8 9
3 10
4 10
6 10
8 10
1 11
9 11
10 11
0 12
4 12
6 12
8 12
11 12
0 13
2 13
3 13
5 13
7 13
8 13
11 13
0 14
1 14
2 14
3 14
4 14
5 14
8 14
4609 4 1 4 6 7 14 36
2 6
5 6
1 7
4 7
6 7
0 8
1 8
2 8
2 9
2 10
3 11
4 11
5 11
8 11
9 11
10 11
3 12
5 12
7 12
8 12
9 12
10 12
0 13
1 13
3 13
4 13
5 13
9 13
10 13
0 14
1 14
3 14
4 14
6 14
9 14
10 14
4454 6 1 6 7 9 10 36
2 6
2 7
0 8
1 8
2 8
1 9
6 9
1 10
6 10
7 10
3 11
4 11
5 11
8 11
9 11
10 11
3 12
4 12
5 12
7 12
8 12
9 12
0 13
2 13
3 13
4 13
5 13
9 13
10 13
0 14
1 14
3 14
4 14
5 14
6 14
7 14
4620 6 2 3 5 11 12 36
2 6
5 6
0 7
5 7
0 8
5 8
2 9
4 9
7 9
8 9
0 10
1 10
6 10
9 10
2 11
3 11
4 11
5 11
10 11
0 12
1 12
2 12
3 12
5 12
1 13
3 13
4 13
6 13
7 13
8 13
1 14
3 14
4 14
6 14
7 14
8 14
4632 5 0 1 3 9 14 34
2 6
4 6
5 7
6 7
2 8
0 9
3 9
7 9
8 9
2 10
5 10
9 10
1 11
4 11
7 11
10 11
0 12
3 12
5 12
6 12
8 12
11 12
1 13
3 13
4 13
7 13
8 13
10 13
0 14
1 14
3 14
4 14
5 14
8 14
4656 6 0 1 3 9 10 38
2 6
4 6
5 6
2 7
0 8
2 8
0 9
1 9
6 9
0 10
1 10
3 10
6 10
7 10
3 11
4 11
5 11
7 11
8 11
9 11
3 12
4 12
5 12
7 12
8 12
9 12
1 13
3 13
4 13
5 13
7 13
8 13
0 14
1 14
2 14
3 14
4 14
5 14
4662 2 0 1 9 10 11 36
2 6
4 6
5 6
2 7
3 7
5 7
1 8
6 8
7 8
1 9
6 9
0 10
4 10
7 10
9 10
1 11
2 11
10 11
3 12
4 12
5 12
8 12
9 12
11 12
0 13
3 13
4 13
5 13
9 13
11 13
0 14
2 14
3 14
4 14
5 14
8 14
4394 4 0 1 3 10 14 35
2 6
4 7
5 7
6 7
2 8
3 8
1 9
7 9
8 9
0 10
3 10
9 10
4 11
5 11
6 11
8 11
10 11
1 12
4 12
5 12
6 12
8 12
10 12
0 13
2 13
3 13
4 13
5 13
9 13
0 14
1 14
2 14
3 14
7 14
11 14
4678 4 0 1 5 10 12 35
2 6
3 6
4 8
5 8
6 8
7 8
0 9
8 9
1 10
3 10
5 10
7 10
9 10
2 11
4 11
7 11
9 11
0 12
1 12
5 12
6 12
11 12
2 13
3 13
4 13
7 13
9 13
12 13
0 14
1 14
2 14
3 14
4 14
5 14
7 14
4676 4 0 2 6 8 11 35
2 6
3 6
5 8
6 8
7 8
1 9
3 9
7 9
3 10
4 10
5 10
7 10
0 11
2 11
4 11
8 11
9 11
1 12
4 12
5 12
6 12
7 12
0 13
2 13
8 13
9 13
10 13
12 13
0 14
1 14
2 14
3 14
4 14
5 14
7 14
4681 5 0 2 3 6 12 35
2 6
3 6
1 8
7 8
4 9
5 9
7 9
4 10
5 10
6 10
8 10
4 11
5 11
6 11
7 11
0 12
2 12
3 12
8 12
9 12
11 12
0 13
1 13
2 13
3 13
9 13
10 13
11 13
0 14
1 14
2 14
3 14
4 14
5 14
7 14
4680 5 0 1 4 8 10 35
2 6
3 6
1 8
5 9
6 9
7 9
8 9
0 10
4 10
7 10
8 10
4 11
5 11
6 11
7 11
8 11
1 12
2 12
3 12
9 12
10 12
11 12
1 13
2 13
3 13
4 13
5 13
7 13
0 14
2 14
3 14
4 14
5 14
7 14
8 14
4688 2 0 1 5 13 14 36
2 6
3 6
5 7
4 8
7 8
4 9
7 9
2 10
3 10
4 10
7 10
2 11
3 11
4 11
7 11
1 12
5 12
6 12
8 12
9 12
10 12
11 12
0 13
1 13
5 13
6 13
8 13
9 13
11 13
0 14
1 14
2 14
3 14
5 14
8 14
9 14
4686 4 0 1 4 11 13 35
2 6
3 6
6 7
1 8
5 9
6 9
8 9
2 10
3 10
5 10
8 10
1 11
2 11
4 11
7 11
9 11
0 12
3 12
4 12
5 12
7 12
8 12
0 13
1 13
4 13
7 13
9 13
10 13
0 14
2 14
3 14
4 14
5 14
7 14
8 14
4699 5 0 1 8 10 12 34
2 6
3 6
4 7
5 7
6 7
2 8
5 8
3 9
4 9
5 9
1 10
3 10
4 10
8 10
0 11
2 11
7 11
10 11
0 12
1 12
7 12
8 12
9 12
1 13
6 13
8 13
9 13
11 13
0 14
2 14
3 14
4 14
5 14
13 14
4712 5 1 4 5 8 14 35
2 6
3 6
2 7
1 8
3 8
4 8
5 8
0 9
2 9
0 10
1 10
6 11
7 11
8 11
9 11
10 11
3 12
4 12
5 12
7 12
9 12
10 12
4 13
5 13
6 13
7 13
9 13
10 13
0 14
1 14
2 14
3 14
4 14
5 14
11 14
4716 5 0 1 4 11 13 35
2 6
3 6
1 7
1 8
6 9
7 9
8 9
4 10
5 10
6 10
7 10
8 10
0 11
1 11
4 11
9 11
2 12
3 12
5 12
7 12
8 12
11 12
0 13
2 13
3 13
4 13
5 13
9 13
0 14
2 14
3 14
4 14
5 14
7 14
8 14
4719 6 0 1 4 10 11 38
2 6
3 6
1 7
0 8
5 8
6 8
7 8
1 9
2 9
3 9
4 9
8 9
0 10
1 10
4 10
5 10
6 10
0 11
1 11
6 11
2 12
3 12
4 12
5 12
7 12
11 12
2 13
3 13
4 13
5 13
7 13
11 13
0 14
2 14
3 14
4 14
5 14
7 14
4720 5 0 1 10 11 13 38
2 6
3 6
1 7
0 8
4 8
5 8
6 8
7 8
1 9
2 9
3 9
4 9
5 9
0 10
1 10
5 10
6 10
0 11
1 11
6 11
2 12
3 12
4 12
5 12
7 12
11 12
2 13
3 13
4 13
7 13
10 13
11 13
0 14
2 14
3 14
4 14
5 14
7 14
4739 6 0 1 6 7 10 34
2 6
3 6
0 7
4 8
5 8
6 8
4 9
5 9
1 10
6 10
7 10
9 10
0 11
3 11
8 11
9 11
1 12
2 12
3 12
7 12
8 12
9 12
1 13
2 13
4 13
5 13
7 13
11 13
0 14
2 14
3 14
4 14
5 14
10 14
4749 6 0 1 7 9 10 36
2 6
3 6
0 7
1 7
6 7
2 8
3 8
0 9
1 9
4 10
5 10
7 10
8 10
9 10
4 11
5 11
6 11
8 11
9 11
0 12
1 12
2 12
3 12
4 12
5 12
0 13
1 13
4 13
6 13
8 13
2 14
3 14
5 14
7 14
9 14
13 14
4694 3 2 3 5 8 12 36
2 6
3 6
4 7
6 7
2 8
3 8
5 8
7 8
0 9
6 9
1 10
5 10
7 10
9 10
1 11
5 11
7 11
9 11
1 12
2 12
3 12
4 12
5 12
9 12
0 13
4 13
6 13
8 13
10 13
11 13
0 14
2 14
3 14
4 14
10 14
11 14
4775 4 0 1 7 11 13 38
2 6
3 6
4 6
5 6
6 7
2 8
3 8
5 8
7 8
2 9
3 9
4 9
0 10
1 10
8 10
9 10
0 11
1 11
7 11
9 11
2 12
3 12
4 12
5 12
10 12
11 12
0 13
1 13
2 13
4 13
5 13
7 13
0 14
1 14
3 14
4 14
5 14
7 14
4777 6 0 1 2 12 13 36
2 6
3 6
4 6
5 6
5 7
4 8
5 8
3 9
4 9
0 10
1 10
5 10
9 10
2 11
3 11
7 11
8 11
10 11
0 12
1 12
2 12
3 12
4 12
7 12
0 13
1 13
2 13
7 13
8 13
9 13
0 14
1 14
6 14
7 14
8 14
9 14
4778 6 0 1 2 12 13 36
2 6
3 6
4 6
5 6
5 7
3 8
5 8
3 9
4 9
0 10
2 10
5 10
9 10
1 11
4 11
7 11
8 11
10 11
0 12
1 12
2 12
3 12
4 12
7 12
0 13
1 13
2 13
7 13
8 13
9 13
0 14
1 14
6 14
7 14
8 14
9 14
4779 4 3 4 5 6 11 37
2 6
3 6
4 6
5 6
5 7
3 8
4 8
2 9
7 9
8 9
4 10
5 10
9 10
0 11
1 11
3 11
4 11
5 11
9 11
0 12
1 12
2 12
3 12
7 12
10 12
0 13
1 13
2 13
7 13
8 13
10 13
0 14
1 14
6 14
7 14
8 14
10 14
4782 7 0 1 3 11 13 36
2 6
3 6
4 6
5 6
4 7
5 7
2 8
3 8
2 9
4 10
5 10
8 10
9 10
0 11
1 11
3 11
7 11
9 11
0 12
1 12
4 12
5 12
8 12
9 12
0 13
1 13
2 13
3 13
7 13
10 13
0 14
1 14
6 14
7 14
8 14
9 14
4789 4 0 1 2 8 14 39
2 6
3 6
4 6
5 6
2 7
0 8
1 8
2 8
3 8
4 9
5 9
7 9
8 9
3 10
4 10
5 10
7 10
3 11
4 11
5 11
7 11
0 12
1 12
3 12
4 12
5 12
7 12
0 13
1 13
6 13
9 13
10 13
11 13
0 14
1 14
2 14
9 14
10 14
11 14
4801 6 0 1 4 11 14 36
1 6
5 8
6 8
7 8
5 9
6 9
7 9
2 10
3 10
6 10
7 10
0 11
1 11
4 11
8 11
9 11
10 11
1 12
2 12
3 12
4 12
5 12
7 12
0 13
2 13
3 13
4 13
8 13
9 13
0 14
1 14
2 14
3 14
4 14
5 14
7 14
4807 4 0 1 6 11 12 35
1 6
3 8
5 8
7 8
4 9
5 9
7 9
2 10
3 10
4 10
6 10
7 10
0 11
2 11
6 11
8 11
9 11
0 12
1 12
8 12
9 12
2 13
3 13
4 13
5 13
6 13
7 13
12 13
0 14
1 14
2 14
3 14
4 14
5 14
7 14
4816 5 0 2 3 10 14 36
1 6
1 8
2 8
3 8
4 8
7 8
3 9
5 9
6 9
7 9
0 10
2 10
3 10
0 11
1 11
2 11
9 11
4 12
5 12
6 12
7 12
10 12
11 12
4 13
5 13
6 13
7 13
10 13
11 13
0 14
2 14
3 14
4 14
5 14
6 14
7 14
4752 4 2 3 5 6 10 38
2 6
3 6
5 6
4 7
5 7
1 8
7 8
0 9
1 9
7 9
2 10
3 10
4 10
5 10
8 10
9 10
4 11
6 11
8 11
9 11
4 12
6 12
8 12
9 12
0 13
1 13
2 13
3 13
5 13
11 13
12 13
0 14
1 14
2 14
3 14
7 14
11 14
12 14
4821 0 0 1 6 8 9 36
1 6
6 7
6 8
1 9
3 9
4 9
8 9
6 10
9 10
0 11
2 11
5 11
7 11
8 11
10 11
3 12
4 12
5 12
7 12
8 12
10 12
2 13
3 13
4 13
5 13
7 13
8 13
10 13
0 14
1 14
2 14
3 14
4 14
5 14
7 14
10 14
4827 6 0 2 3 10 12 36
1 6
6 7
4 8
5 8
7 8
4 9
5 9
7 9
1 10
2 10
3 10
7 10
0 11
4 11
5 11
6 11
10 11
0 12
2 12
3 12
6 12
8 12
9 12
1 13
2 13
3 13
8 13
9 13
11 13
0 14
1 14
2 14
3 14
4 14
5 14
7 14
4830 6 0 2 3 11 12 35
1 6
6 7
4 8
5 8
6 8
1 9
4 9
7 9
1 10
2 10
7 10
8 10
2 11
3 11
4 11
5 11
7 11
0 12
2 12
3 12
8 12
9 12
0 13
3 13
5 13
6 13
9 13
10 13
0 14
1 14
2 14
3 14
4 14
5 14
7 14
4836 6 1 6 7 9 10 35
1 6
6 7
2 8
3 8
5 8
6 8
1 9
4 9
5 9
7 9
1 10
2 10
3 10
7 10
0 11
4 11
7 11
8 11
2 12
3 12
9 12
11 12
0 13
4 13
5 13
6 13
10 13
12 13
0 14
1 14
2 14
3 14
4 14
5 14
7 14
4859 6 0 1 6 10 12 34
1 6
4 7
5 7
6 7
4 8
5 8
0 9
4 9
5 9
0 10
3 10
6 10
8 10
2 11
3 11
6 11
8 11
9 11
1 12
2 12
7 12
9 12
10 12
1 13
2 13
3 13
4 13
5 13
0 14
1 14
2 14
3 14
7 14
8 14
4896 6 0 5 7 11 12 35
1 6
2 7
0 8
1 8
2 9
3 9
4 9
8 9
1 10
2 10
3 10
0 11
5 11
6 11
7 11
9 11
10 11
0 12
1 12
3 12
4 12
5 12
7 12
4 13
5 13
6 13
7 13
8 13
10 13
2 14
3 14
4 14
5 14
6 14
8 14
4898 5 0 1 8 9 14 39
1 6
2 7
0 8
1 8
2 8
3 8
4 9
5 9
6 9
7 9
8 9
3 10
4 10
5 10
6 10
7 10
3 11
4 11
5 11
6 11
7 11
0 12
1 12
3 12
4 12
5 12
7 12
0 13
2 13
3 13
4 13
5 13
6 13
0 14
1 14
2 14
9 14
10 14
11 14
4899 3 0 1 2 8 9 41
1 6
2 7
0 8
1 8
2 8
3 8
4 8
5 8
0 9
1 9
2 9
1 10
2 10
0 11
3 11
4 11
5 11
6 11
7 11
10 11
3 12
4 12
5 12
6 12
7 12
9 12
10 12
3 13
4 13
5 13
6 13
7 13
9 13
10 13
3 14
4 14
5 14
6 14
7 14
9 14
10 14
4820 3 0 2 3 9 10 37
1 6
6 7
6 8
2 9
3 9
6 9
0 10
2 10
3 10
7 10
1 11
4 11
5 11
8 11
9 11
10 11
0 12
4 12
5 12
7 12
8 12
9 12
1 13
2 13
3 13
4 13
5 13
7 13
8 13
0 14
1 14
2 14
3 14
4 14
5 14
7 14
8 14
4908 4 1 2 3 8 12 39
1 6
2 7
3 7
1 8
2 8
3 8
1 9
2 9
0 10
4 10
5 10
6 10
7 10
9 10
0 11
3 11
4 11
5 11
6 11
9 11
0 12
1 12
2 12
3 12
4 12
5 12
4 13
5 13
6 13
7 13
8 13
9 13
0 14
4 14
5 14
6 14
7 14
8 14
9 14
4913 3 0 1 6 7 10 37
1 6
1 7
0 8
2 9
4 9
5 9
6 9
8 9
0 10
2 10
6 10
7 10
2 11
3 11
4 11
5 11
7 11
8 11
1 12
3 12
4 12
5 12
8 12
10 12
0 13
3 13
4 13
5 13
6 13
7 13
2 14
3 14
4 14
5 14
6 14
7 14
8 14
4914 5 0 6 8 9 10 36
1 6
1 7
0 8
6 8
0 9
0 10
2 10
6 10
7 10
0 11
1 11
2 11
3 11
4 11
5 11
1 12
3 12
4 12
5 12
8 12
9 12
10 12
2 13
3 13
4 13
5 13
6 13
7 13
9 13
2 14
3 14
4 14
5 14
7 14
8 14
9 14
4916 5 0 1 5 8 11 36
1 6
1 7
0 8
5 8
6 8
3 9
4 9
8 9
2 10
5 10
6 10
7 10
9 10
0 11
1 11
5 11
9 11
2 12
3 12
4 12
7 12
8 12
11 12
2 13
3 13
4 13
6 13
7 13
11 13
0 14
2 14
3 14
4 14
5 14
6 14
7 14
4929 6 0 1 6 8 13 35
1 6
0 7
4 8
5 8
6 8
7 8
2 9
3 9
6 9
7 9
4 10
5 10
9 10
1 11
2 11
7 11
10 11
0 12
3 12
4 12
5 12
6 12
11 12
0 13
1 13
2 13
3 13
8 13
10 13
1 14
2 14
3 14
4 14
5 14
7 14
4930 5 2 3 6 9 10 36
1 6
0 7
4 8
5 8
6 8
7 8
2 9
3 9
6 9
7 9
0 10
2 10
3 10
6 10
1 11
4 11
5 11
7 11
10 11
0 12
1 12
2 12
3 12
4 12
5 12
1 13
4 13
5 13
9 13
10 13
0 14
2 14
3 14
8 14
11 14
13 14
4940 4 0 1 6 7 9 36
1 6
0 7
6 7
0 8
1 9
7 9
8 9
2 10
3 10
4 10
5 10
9 10
0 11
4 11
5 11
6 11
9 11
2 12
3 12
4 12
5 12
6 12
8 12
1 13
2 13
3 13
7 13
8 13
11 13
1 14
2 14
3 14
4 14
5 14
7 14
8 14
4945 5 0 1 6 7 8 35
1 6
0 7
5 7
6 7
0 8
3 8
4 8
6 8
2 9
4 9
5 9
2 10
5 10
8 10
1 11
2 11
3 11
4 11
7 11
0 12
1 12
3 12
9 12
10 12
2 13
4 13
5 13
6 13
12 13
1 14
3 14
7 14
9 14
10 14
13 14
2051 6 5 6 7 8 9 34
2 7
5 7
6 7
4 8
6 8
3 9
5 9
8 9
3 10
4 10
5 10
0 11
1 11
3 11
4 11
7 11
0 12
1 12
2 12
8 12
10 12
0 13
1 13
2 13
6 13
9 13
10 13
0 14
1 14
2 14
3 14
4 14
5 14
6 14
4953 4 0 2 3 7 12 38
1 6
0 7
2 7
3 7
6 7
0 8
4 8
5 8
6 8
4 9
5 9
6 9
4 10
5 10
6 10
4 11
5 11
7 11
0 12
1 12
2 12
3 12
4 12
5 12
1 13
2 13
3 13
8 13
9 13
10 13
11 13
0 14
1 14
2 14
3 14
9 14
10 14
11 14
4955 5 0 1 6 7 8 36
1 6
0 7
1 7
5 8
6 8
7 8
5 9
6 9
0 10
1 10
5 10
2 11
3 11
4 11
7 11
9 11
10 11
2 12
3 12
4 12
8 12
9 12
10 12
0 13
2 13
3 13
4 13
5 13
6 13
0 14
1 14
2 14
3 14
4 14
8 14
9 14
4959 6 0 1 6 7 13 36
1 6
0 7
1 7
5 7
5 8
5 9
6 9
0 10
1 10
8 10
9 10
2 11
3 11
4 11
5 11
6 11
10 11
2 12
3 12
4 12
7 12
8 12
9 12
0 13
2 13
3 13
4 13
6 13
8 13
0 14
1 14
2 14
3 14
4 14
8 14
9 14
4972 6 0 1 2 12 13 34
1 6
5 6
5 7
4 8
5 8
3 9
4 9
6 9
2 10
3 10
4 10
5 10
2 11
3 11
6 11
7 11
8 11
0 12
2 12
7 12
8 12
9 12
0 13
1 13
2 13
3 13
4 13
7 13
0 14
1 14
7 14
8 14
9 14
10 14
4904 5 0 1 2 6 10 35
1 6
2 7
5 7
2 8
5 8
2 9
3 9
4 9
5 9
0 10
2 10
6 10
1 11
3 11
4 11
5 11
10 11
1 12
3 12
4 12
7 12
8 12
10 12
0 13
3 13
4 13
6 13
7 13
8 13
0 14
6 14
7 14
8 14
9 14
11 14
4998 5 0 1 5 6 11 35
1 6
5 6
2 7
5 7
0 8
1 8
7 9
8 9
2 10
3 10
4 10
8 10
0 11
1 11
5 11
9 11
10 11
0 12
2 12
3 12
4 12
6 12
9 12
3 13
4 13
6 13
7 13
8 13
11 13
1 14
2 14
3 14
4 14
5 14
9 14
5000 6 0 3 6 12 14 34
1 6
5 6
1 7
0 8
4 8
5 8
7 8
2 9
4 9
5 9
7 9
1 10
2 10
3 10
5 10
4 11
7 11
10 11
0 12
3 12
6 12
9 12
11 12
2 13
3 13
6 13
8 13
11 13
0 14
2 14
3 14
4 14
6 14
7 14
5017 0 1 2 3 10 12 37
1 6
4 6
6 7
6 9
1 10
2 10
3 10
7 10
8 10
0 11
4 11
5 11
7 11
8 11
9 11
0 12
1 12
2 12
3 12
5 12
8 12
9 12
2 13
3 13
4 13
5 13
7 13
8 13
9 13
0 14
2 14
3 14
4 14
5 14
7 14
8 14
9 14
5019 5 0 1 4 6 14 35
1 6
4 6
5 7
5 8
4 9
7 9
8 9
2 10
3 10
6 10
7 10
8 10
0 11
1 11
5 11
9 11
2 12
3 12
4 12
7 12
8 12
11 12
0 13
2 13
3 13
5 13
6 13
9 13
0 14
1 14
2 14
3 14
4 14
7 14
8 14
5031 2 0 1 2 8 9 39
1 6
4 6
0 7
3 7
6 7
0 8
1 8
2 8
5 8
0 9
1 9
2 9
3 9
4 9
5 9
3 10
6 10
8 10
3 11
6 11
8 11
2 12
4 12
5 12
7 12
10 12
11 12
2 13
4 13
5 13
7 13
10 13
11 13
1 14
4 14
5 14
7 14
10 14
11 14
5036 5 1 4 6 7 8 34
1 6
4 6
5 6
1 7
3 7
2 8
4 8
7 8
1 9
8 9
0 10
5 10
8 10
0 11
5 11
7 11
2 12
3 12
4 12
9 12
10 12
11 12
2 13
3 13
6 13
9 13
10 13
11 13
0 14
2 14
3 14
4 14
5 14
9 14
5045 4 1 2 6 7 9 35
1 6
3 6
2 7
6 7
0 8
7 8
1 9
2 9
3 10
4 10
5 10
8 10
9 10
3 11
4 11
5 11
8 11
9 11
2 12
4 12
5 12
6 12
8 12
0 13
3 13
4 13
5 13
7 13
9 13
0 14
1 14
7 14
10 14
11 14
12 14
4977 6 0 1 2 8 9 36
1 6
5 6
5 7
1 8
0 9
1 9
2 9
7 9
0 10
6 10
7 10
2 11
3 11
4 11
5 11
8 11
10 11
3 12
4 12
5 12
8 12
9 12
10 12
2 13
3 13
4 13
6 13
7 13
8 13
0 14
2 14
3 14
4 14
6 14
7 14
8 14
5071 5 0 2 6 8 9 35
1 6
2 6
3 8
5 8
6 8
0 9
2 9
7 9
8 9
2 10
4 10
7 10
8 10
1 11
3 11
4 11
5 11
7 11
1 12
3 12
9 12
10 12
0 13
4 13
5 13
6 13
7 13
12 13
0 14
1 14
2 14
3 14
4 14
5 14
7 14
5075 4 0 2 6 8 12 35
1 6
2 6
0 8
4 8
6 8
7 8
3 9
5 9
6 9
7 9
1 10
3 10
4 10
7 10
0 11
9 11
10 11
2 12
3 12
5 12
8 12
11 12
1 13
2 13
4 13
5 13
7 13
11 13
0 14
1 14
2 14
3 14
4 14
5 14
7 14
5077 6 0 1 2 6 14 35
1 6
2 6
6 7
3 8
4 8
5 8
6 8
0 9
7 9
8 9
0 10
5 10
7 10
2 11
4 11
5 11
7 11
1 12
3 12
9 12
10 12
11 12
1 13
2 13
3 13
4 13
9 13
10 13
0 14
1 14
2 14
3 14
4 14
5 14
7 14
5082 5 0 4 6 10 13 36
1 6
2 6
5 7
5 8
3 9
7 9
8 9
0 10
4 10
5 10
6 10
9 10
1 11
2 11
5 11
9 11
1 12
2 12
3 12
4 12
7 12
8 12
0 13
3 13
4 13
6 13
7 13
8 13
11 13
0 14
1 14
2 14
3 14
4 14
7 14
8 14
5088 3 0 1 2 6 8 37
1 6
2 6
4 7
5 7
0 8
3 8
6 8
7 8
2 9
7 9
2 10
7 10
1 11
4 11
5 11
8 11
9 11
10 11
0 12
3 12
5 12
6 12
9 12
10 12
3 13
4 13
5 13
6 13
9 13
10 13
0 14
1 14
3 14
4 14
5 14
9 14
10 14
5098 5 1 2 6 7 10 36
1 6
2 6
1 7
0 8
0 9
0 10
3 10
6 10
7 10
0 11
1 11
2 11
3 11
4 11
5 11
3 12
4 12
5 12
6 12
7 12
8 12
9 12
2 13
3 13
4 13
5 13
7 13
8 13
9 13
1 14
2 14
4 14
5 14
8 14
9 14
10 14
5100 4 0 1 6 7 10 35
1 6
2 6
0 7
6 7
2 9
5 9
7 9
1 10
4 10
5 10
7 10
8 10
2 11
3 11
5 11
7 11
8 11
0 12
3 12
4 12
6 12
8 12
9 12
0 13
1 13
3 13
4 13
8 13
9 13
1 14
2 14
3 14
4 14
5 14
8 14
5108 4 1 2 4 6 12 36
1 6
2 6
4 6
5 6
0 7
4 7
5 7
0 8
2 8
3 8
5 8
3 9
4 9
5 9
3 10
7 10
1 11
8 11
9 11
10 11
0 12
1 12
2 12
4 12
10 12
0 13
1 13
2 13
9 13
10 13
3 14
6 14
7 14
11 14
12 14
13 14
4949 5 0 2 3 7 10 35
1 6
0 7
2 7
4 8
5 8
6 8
7 8
1 9
3 9
7 9
0 10
2 10
3 10
6 10
4 11
5 11
9 11
10 11
0 12
1 12
2 12
3 12
4 12
5 12
2 13
4 13
5 13
6 13
9 13
0 14
1 14
3 14
8 14
11 14
13 14
5111 6 1 2 3 6 12 36
1 6
2 6
3 6
4 7
5 7
4 8
5 8
1 9
2 9
0 10
3 10
7 10
8 10
9 10
0 11
6 11
7 11
8 11
9 11
0 12
1 12
2 12
3 12
4 12
5 12
0 13
4 13
5 13
6 13
9 13
1 14
2 14
3 14
7 14
8 14
13 14
5113 5 0 7 8 10 11 38
1 6
2 6
3 6
0 7
6 7
0 8
4 9
5 9
6 9
8 9
4 10
5 10
7 10
8 10
4 11
5 11
7 11
8 11
0 12
1 12
2 12
3 12
4 12
5 12
0 13
1 13
2 13
3 13
9 13
10 13
11 13
1 14
2 14
3 14
4 14
5 14
7 14
8 14
3083 5 0 1 4 12 13 37
5 6
2 7
3 7
4 7
0 8
1 8
5 8
7 8
4 9
6 9
8 9
2 10
3 10
5 10
9 10
2 11
3 11
5 11
9 11
0 12
1 12
4 12
6 12
10 12
11 12
0 13
1 13
2 13
3 13
4 13
6 13
0 14
1 14
6 14
7 14
10 14
11 14
5065 4 0 1 2 6 11 37
1 6
2 6
4 9
6 9
7 9
8 9
3 10
4 10
7 10
8 10
0 11
1 11
2 11
5 11
9 11
10 11
1 12
2 12
3 12
5 12
7 12
8 12
0 13
3 13
4 13
5 13
6 13
7 13
8 13
0 14
1 14
2 14
3 14
4 14
5 14
7 14
8 14
5115 4 0 2 4 7 14 38
1 6
2 6
3 6
0 7
2 7
3 7
4 7
5 8
6 8
7 8
1 9
4 9
5 9
3 10
8 10
9 10
3 11
8 11
9 11
1 12
2 12
4 12
5 12
10 12
11 12
0 13
4 13
5 13
6 13
10 13
11 13
0 14
1 14
2 14
4 14
5 14
10 14
11 14
5122 1 0 1 3 6 11 36
0 6
2 10
3 10
7 10
8 10
9 10
1 11
3 11
4 11
5 11
6 11
9 11
1 12
3 12
4 12
5 12
6 12
7 12
8 12
9 12
2 13
3 13
4 13
5 13
6 13
7 13
8 13
9 13
0 14
1 14
2 14
4 14
5 14
7 14
8 14
9 14
5124 4 6 7 8 9 11 38
0 6
6 9
7 9
8 9
0 10
1 10
2 10
3 10
9 10
4 11
5 11
6 11
7 11
8 11
10 11
0 12
1 12
2 12
3 12
4 12
5 12
9 12
0 13
1 13
2 13
3 13
4 13
5 13
7 13
8 13
1 14
2 14
3 14
4 14
5 14
6 14
7 14
8 14
5127 3 1 5 6 10 11 37
0 6
2 9
3 9
4 9
1 10
5 10
6 10
7 10
8 10
9 10
1 11
5 11
6 11
7 11
8 11
9 11
0 12
2 12
3 12
4 12
7 12
8 12
2 13
3 13
4 13
5 13
6 13
7 13
8 13
0 14
1 14
2 14
3 14
4 14
5 14
7 14
8 14
5148 6 3 4 5 10 12 37
0 6
1 8
2 8
6 8
7 8
0 9
1 9
2 9
7 9
3 10
4 10
5 10
6 10
7 10
3 11
4 11
5 11
6 11
7 11
3 12
4 12
5 12
8 12
9 12
0 13
1 13
2 13
10 13
11 13
12 13
0 14
1 14
2 14
3 14
4 14
5 14
7 14
5154 5 0 2 3 12 14 36
0 6
6 7
5 8
7 8
5 9
7 9
1 10
2 10
5 10
7 10
3 11
4 11
6 11
8 11
9 11
10 11
0 12
2 12
3 12
4 12
8 12
9 12
1 13
2 13
3 13
4 13
6 13
8 13
9 13
0 14
1 14
2 14
3 14
4 14
5 14
7 14
5155 6 0 1 2 13 14 36
0 6
6 7
5 8
7 8
4 9
5 9
7 9
3 10
4 10
5 10
7 10
1 11
2 11
3 11
4 11
6 11
8 11
1 12
2 12
3 12
6 12
8 12
9 12
0 13
1 13
2 13
8 13
9 13
10 13
0 14
1 14
2 14
3 14
4 14
5 14
7 14
5157 6 1 2 3 9 12 36
0 6
6 7
4 8
5 8
6 8
1 9
2 9
3 9
6 9
4 10
5 10
7 10
9 10
3 11
4 11
5 11
7 11
0 12
1 12
2 12
3 12
7 12
8 12
0 13
1 13
2 13
8 13
10 13
11 13
0 14
1 14
2 14
3 14
4 14
5 14
7 14
4614 6 0 4 7 8 9 35
2 6
5 6
1 7
2 7
0 8
4 8
7 8
0 9
4 9
6 9
7 9
0 10
3 10
6 10
7 10
1 11
3 11
6 11
8 11
2 12
4 12
5 12
10 12
11 12
1 13
3 13
5 13
8 13
9 13
0 14
1 14
2 14
3 14
4 14
5 14
5109 4 0 1 2 7 14 39
1 6
2 6
4 6
5 6
0 7
1 7
2 7
3 7
4 8
5 8
7 8
3 9
4 9
5 9
3 10
4 10
5 10
0 11
6 11
8 11
9 11
10 11
2 12
3 12
4 12
5 12
11 12
0 13
1 13
8 13
9 13
10 13
12 13
0 14
1 14
2 14
8 14
9 14
10 14
5162 6 0 6 7 8 11 36
0 6
6 7
3 8
4 8
5 8
6 8
4 9
5 9
7 9
4 10
5 10
7 10
0 11
1 11
2 11
7 11
8 11
1 12
2 12
3 12
6 12
9 12
10 12
0 13
1 13
2 13
3 13
9 13
10 13
0 14
1 14
2 14
3 14
4 14
5 14
7 14
5163 4 0 6 7 8 12 36
0 6
6 7
3 8
4 8
5 8
6 8
2 9
5 9
7 9
2 10
5 10
7 10
1 11
3 11
4 11
9 11
10 11
0 12
2 12
7 12
8 12
11 12
1 13
3 13
4 13
6 13
9 13
10 13
12 13
0 14
1 14
2 14
3 14
4 14
5 14
7 14
5166 6 0 6 7 9 10 37
0 6
6 7
1 8
2 8
6 8
0 9
1 9
2 9
7 9
3 10
4 10
5 10
6 10
9 10
0 11
1 11
2 11
10 11
3 12
4 12
5 12
7 12
8 12
11 12
3 13
4 13
5 13
7 13
8 13
11 13
0 14
1 14
2 14
3 14
4 14
5 14
7 14
5165 6 0 6 7 8 10 35
0 6
6 7
1 8
4 8
5 8
6 8
1 9
2 9
3 9
6 9
0 10
2 10
3 10
7 10
8 10
0 11
1 11
2 11
4 12
5 12
7 12
9 12
11 12
3 13
4 13
5 13
7 13
11 13
0 14
1 14
2 14
3 14
4 14
5 14
7 14
5178 6 2 4 6 9 12 35
0 6
5 7
6 7
5 8
2 9
3 9
4 9
6 9
8 9
1 10
4 10
7 10
8 10
1 11
7 11
8 11
2 12
3 12
4 12
5 12
6 12
11 12
0 13
2 13
3 13
5 13
10 13
11 13
0 14
1 14
2 14
3 14
4 14
7 14
8 14
5158 5 0 1 3 9 14 37
0 6
6 7
3 8
6 8
0 9
1 9
2 9
3 9
1 10
2 10
3 10
6 10
4 11
5 11
7 11
8 11
9 11
10 11
0 12
4 12
5 12
7 12
8 12
10 12
1 13
2 13
4 13
5 13
7 13
8 13
0 14
1 14
2 14
3 14
4 14
5 14
7 14
5194 5 4 5 7 8 10 37
0 6
4 7
5 7
6 7
4 8
5 8
6 8
4 9
5 9
7 10
8 10
1 11
2 11
3 11
6 11
9 11
10 11
1 12
2 12
3 12
6 12
9 12
10 12
0 13
1 13
2 13
3 13
4 13
5 13
10 13
0 14
1 14
2 14
3 14
7 14
8 14
9 14
5193 6 0 6 7 10 12 35
0 6
4 7
5 7
6 7
4 8
5 8
2 9
3 9
6 9
8 9
1 10
2 10
6 10
8 10
1 11
4 11
5 11
9 11
0 12
3 12
7 12
10 12
11 12
0 13
1 13
2 13
3 13
4 13
5 13
0 14
1 14
2 14
3 14
7 14
8 14
5196 5 0 1 4 13 14 34
0 6
3 7
3 8
2 9
6 9
7 9
8 9
4 10
5 10
6 10
7 10
8 10
2 11
7 11
8 11
1 12
3 12
4 12
5 12
6 12
11 12
0 13
1 13
4 13
5 13
9 13
11 13
0 14
1 14
2 14
4 14
5 14
7 14
8 14
5203 2 0 1 2 3 11 37
0 6
2 7
2 8
3 10
6 10
7 10
8 10
9 10
0 11
1 11
2 11
3 11
4 11
5 11
9 11
1 12
4 12
5 12
6 12
7 12
8 12
9 12
3 13
4 13
5 13
6 13
7 13
8 13
9 13
1 14
3 14
4 14
5 14
6 14
7 14
8 14
9 14
5219 4 0 1 2 6 9 37
0 6
1 7
2 8
0 9
1 9
2 9
3 9
0 10
3 10
4 10
5 10
7 10
8 10
1 11
3 11
4 11
5 11
6 11
8 11
2 12
3 12
4 12
5 12
6 12
7 12
4 13
5 13
6 13
7 13
8 13
9 13
4 14
5 14
6 14
7 14
8 14
9 14
5211 3 0 2 6 7 8 36
0 6
2 7
5 7
6 7
0 8
2 8
2 9
3 9
4 9
5 9
3 10
4 10
5 10
6 10
1 11
7 11
8 11
9 11
10 11
1 12
7 12
8 12
9 12
10 12
1 13
3 13
4 13
5 13
6 13
8 13
0 14
2 14
3 14
4 14
11 14
12 14
5225 5 0 4 5 8 13 39
0 6
1 7
0 8
1 8
4 8
5 8
0 9
1 9
5 9
2 10
3 10
4 10
5 10
6 10
7 10
2 11
3 11
4 11
6 11
7 11
9 11
2 12
3 12
6 12
7 12
8 12
9 12
0 13
2 13
3 13
4 13
5 13
7 13
1 14
2 14
3 14
4 14
5 14
6 14
5224 4 0 1 6 8 9 40
0 6
1 7
0 8
1 8
5 8
0 9
1 9
5 9
2 10
3 10
4 10
5 10
6 10
7 10
0 11
2 11
3 11
4 11
5 11
7 11
1 12
2 12
3 12
4 12
5 12
6 12
2 13
3 13
4 13
6 13
7 13
8 13
9 13
2 14
3 14
4 14
6 14
7 14
8 14
9 14
5230 6 0 1 3 11 14 37
0 6
1 7
4 7
6 7
0 8
5 8
7 8
2 9
5 9
7 9
2 10
3 10
4 10
5 10
6 10
0 11
1 11
2 11
5 11
3 12
4 12
6 12
8 12
9 12
11 12
1 13
3 13
4 13
6 13
8 13
9 13
0 14
1 14
2 14
3 14
4 14
5 14
5233 5 0 2 3 8 14 35
0 6
1 7
3 7
4 7
5 7
6 7
0 8
2 8
3 8
5 8
4 9
5 9
1 10
2 10
6 10
9 10
3 11
6 11
9 11
4 12
8 12
10 12
11 12
0 13
1 13
2 13
4 13
5 13
11 13
0 14
1 14
2 14
3 14
9 14
12 14
5231 6 1 4 5 7 10 37
0 6
1 7
4 7
5 7
6 7
2 8
3 8
7 8
0 9
1 9
0 10
1 10
4 10
5 10
8 10
0 11
1 11
2 11
3 11
4 12
5 12
6 12
8 12
9 12
11 12
2 13
3 13
4 13
5 13
6 13
9 13
2 14
3 14
4 14
5 14
6 14
9 14
5234 3 0 1 2 7 9 35
0 6
1 7
2 7
2 8
0 9
2 9
0 10
3 10
4 10
7 10
1 11
5 11
6 11
8 11
9 11
10 11
3 12
4 12
5 12
7 12
8 12
9 12
1 13
3 13
4 13
5 13
6 13
8 13
3 14
4 14
5 14
6 14
7 14
8 14
9 14
5237 5 0 6 7 8 9 37
0 6
0 7
6 9
7 9
8 9
0 10
4 10
5 10
8 10
1 11
2 11
3 11
9 11
10 11
0 12
1 12
2 12
3 12
4 12
5 12
9 12
1 13
2 13
3 13
4 13
5 13
6 13
7 13
8 13
1 14
2 14
3 14
4 14
5 14
6 14
7 14
8 14
5241 4 4 5 8 9 10 37
0 6
0 7
4 8
5 8
4 9
5 9
6 9
0 10
4 10
5 10
0 11
1 11
2 11
3 11
8 11
9 11
1 12
2 12
3 12
7 12
8 12
9 12
10 12
1 13
2 13
3 13
6 13
7 13
8 13
10 13
1 14
2 14
3 14
4 14
5 14
6 14
7 14
5242 6 0 1 2 10 14 36
0 6
0 7
3 8
6 9
7 9
8 9
0 10
1 10
2 10
8 10
3 11
4 11
5 11
9 11
10 11
1 12
2 12
3 12
4 12
5 12
6 12
7 12
1 13
2 13
4 13
5 13
6 13
7 13
8 13
0 14
1 14
2 14
3 14
4 14
5 14
9 14
5248 6 0 6 7 8 14 37
0 6
0 7
0 8
3 8
1 9
2 9
8 9
1 10
2 10
8 10
0 11
1 11
2 11
3 11
4 11
5 11
3 12
4 12
5 12
6 12
7 12
9 12
10 12
3 13
4 13
5 13
6 13
7 13
9 13
10 13
1 14
2 14
4 14
5 14
6 14
7 14
8 14
5240 4 4 5 8 9 10 37
0 6
0 7
4 8
5 8
4 9
5 9
0 10
1 10
4 10
5 10
0 11
1 11
2 11
3 11
8 11
9 11
2 12
3 12
6 12
7 12
8 12
9 12
10 12
1 13
2 13
3 13
6 13
7 13
8 13
9 13
1 14
2 14
3 14
4 14
5 14
6 14
7 14
5269 5 0 1 4 11 13 37
0 6
5 6
3 7
4 7
5 7
1 8
6 8
7 8
2 9
6 9
7 9
1 10
2 10
4 10
6 10
0 11
1 11
2 11
4 11
3 12
5 12
8 12
9 12
10 12
11 12
0 13
1 13
3 13
4 13
5 13
9 13
0 14
2 14
3 14
4 14
5 14
8 14
2588 6 0 1 7 8 13 35
0 7
1 7
2 7
3 7
4 8
5 8
6 8
7 8
2 9
3 9
6 9
2 10
4 10
5 10
1 11
3 11
6 11
10 11
0 12
4 12
5 12
9 12
11 12
0 13
1 13
8 13
9 13
10 13
0 14
1 14
2 14
3 14
4 14
5 14
6 14
5287 4 1 2 5 10 11 36
0 6
5 6
0 7
3 7
4 7
5 9
7 9
1 10
2 10
5 10
7 10
8 10
0 11
1 11
2 11
4 11
5 11
8 11
1 12
3 12
4 12
6 12
8 12
9 12
2 13
3 13
4 13
6 13
8 13
9 13
1 14
2 14
3 14
6 14
8 14
9 14
5290 6 0 1 7 8 13 35
0 6
5 6
0 7
1 7
3 7
5 8
7 8
1 9
2 9
6 9
8 9
3 10
4 10
5 10
9 10
2 11
4 11
5 11
7 11
2 12
3 12
4 12
6 12
0 13
1 13
8 13
10 13
11 13
12 13
1 14
2 14
3 14
4 14
6 14
8 14
5299 3 0 1 6 9 12 35
0 6
4 6
3 7
4 7
6 9
2 10
3 10
4 10
8 10
9 10
1 11
2 11
3 11
5 11
8 11
9 11
0 12
1 12
5 12
7 12
8 12
9 12
1 13
2 13
5 13
6 13
7 13
8 13
0 14
2 14
3 14
4 14
5 14
8 14
9 14
5305 6 0 1 3 11 14 34
0 6
4 6
5 6
5 7
4 8
2 9
4 9
7 9
2 10
3 10
6 10
7 10
8 10
1 11
3 11
5 11
8 11
9 11
1 12
2 12
4 12
7 12
0 13
3 13
5 13
8 13
9 13
12 13
0 14
1 14
2 14
3 14
7 14
8 14
5319 4 0 1 2 11 14 36
0 6
3 6
5 9
6 9
7 9
8 9
3 10
4 10
7 10
8 10
0 11
1 11
2 11
9 11
10 11
3 12
4 12
5 12
7 12
8 12
11 12
1 13
2 13
4 13
5 13
6 13
7 13
8 13
0 14
1 14
2 14
3 14
4 14
5 14
7 14
8 14
5328 3 0 1 2 6 13 34
0 6
3 6
2 7
2 8
1 9
4 9
6 9
7 9
8 9
4 10
5 10
6 10
7 10
3 11
5 11
7 11
8 11
3 12
4 12
5 12
8 12
0 13
1 13
2 13
10 13
11 13
12 13
0 14
1 14
3 14
4 14
5 14
7 14
8 14
5268 5 0 1 3 10 14 37
0 6
5 6
3 7
6 7
3 8
6 8
1 9
2 9
6 9
0 10
1 10
2 10
3 10
4 11
5 11
7 11
8 11
9 11
10 11
0 12
4 12
5 12
7 12
8 12
9 12
1 13
2 13
4 13
5 13
7 13
8 13
0 14
1 14
2 14
3 14
4 14
5 14
5333 5 0 3 6 7 9 36
0 6
3 6
0 7
6 9
7 9
8 9
0 10
1 10
2 10
8 10
3 11
4 11
5 11
9 11
10 11
1 12
2 12
3 12
4 12
5 12
7 12
8 12
1 13
2 13
4 13
5 13
6 13
7 13
8 13
0 14
1 14
2 14
3 14
4 14
5 14
9 14
5364 6 0 1 8 9 14 36
0 6
2 6
1 7
3 7
0 8
1 8
0 9
1 9
2 9
3 9
3 10
4 10
5 10
6 10
8 10
2 11
4 11
5 11
7 11
8 11
1 12
3 12
4 12
5 12
6 12
0 13
2 13
4 13
5 13
7 13
4 14
5 14
6 14
7 14
8 14
9 14
5352 5 0 1 10 11 12 34
0 6
2 6
4 7
5 7
6 7
2 8
3 8
4 8
5 8
2 9
7 9
0 10
5 10
9 10
0 11
8 11
9 11
1 12
3 12
7 12
10 12
11 12
1 13
3 13
4 13
5 13
6 13
9 13
1 14
2 14
3 14
4 14
10 14
11 14
5371 6 0 2 5 6 14 35
0 6
2 6
5 6
1 7
3 7
5 7
2 8
5 8
1 9
5 9
0 10
4 10
7 10
8 10
9 10
3 11
4 11
6 11
8 11
9 11
2 12
4 12
7 12
9 12
1 13
3 13
6 13
8 13
12 13
0 14
1 14
2 14
3 14
4 14
5 14
5378 3 0 2 3 6 13 37
0 6
2 6
3 6
4 6
5 7
6 7
0 8
5 8
2 9
4 9
7 9
8 9
4 10
7 10
8 10
4 11
7 11
8 11
1 12
3 12
5 12
9 12
10 12
11 12
1 13
2 13
3 13
5 13
10 13
11 13
0 14
1 14
3 14
5 14
9 14
10 14
11 14
5384 3 0 1 2 6 10 37
0 6
1 6
2 9
5 9
6 9
7 9
8 9
0 10
1 10
2 10
5 10
2 11
3 11
4 11
7 11
8 11
3 12
4 12
6 12
7 12
8 12
10 12
0 13
1 13
3 13
4 13
5 13
7 13
8 13
0 14
1 14
2 14
3 14
4 14
5 14
7 14
8 14
5387 3 0 1 6 8 9 38
0 6
1 6
6 8
7 8
1 9
8 9
1 10
8 10
1 11
2 11
3 11
4 11
5 11
8 11
0 12
2 12
3 12
4 12
5 12
7 12
9 12
10 12
0 13
2 13
3 13
4 13
5 13
7 13
9 13
10 13
2 14
3 14
4 14
5 14
6 14
7 14
9 14
10 14
5388 6 0 1 2 6 12 36
0 6
1 6
4 8
5 8
6 8
7 8
2 9
3 9
6 9
7 9
1 10
4 10
5 10
7 10
4 11
5 11
9 11
0 12
1 12
2 12
3 12
7 12
11 12
0 13
2 13
3 13
8 13
10 13
11 13
0 14
1 14
2 14
3 14
4 14
5 14
7 14
5390 5 1 5 8 9 10 36
0 6
1 6
3 8
6 8
7 8
1 9
5 9
8 9
1 10
4 10
5 10
8 10
0 11
2 11
7 11
9 11
10 11
2 12
3 12
4 12
5 12
6 12
7 12
0 13
2 13
3 13
4 13
7 13
9 13
0 14
1 14
2 14
3 14
4 14
5 14
7 14
5395 5 0 1 6 7 10 38
0 6
1 6
6 7
5 8
7 8
5 9
7 9
0 10
1 10
5 10
7 10
1 11
2 11
3 11
4 11
5 11
7 11
0 12
1 12
2 12
3 12
4 12
8 12
9 12
2 13
3 13
4 13
6 13
8 13
9 13
10 13
2 14
3 14
4 14
6 14
8 14
9 14
10 14
5397 6 0 1 3 6 10 36
0 6
1 6
6 7
2 8
3 8
6 8
2 9
4 9
5 9
7 9
0 10
1 10
3 10
9 10
0 11
2 11
3 11
1 12
4 12
5 12
7 12
8 12
11 12
4 13
5 13
7 13
8 13
10 13
11 13
0 14
1 14
2 14
3 14
4 14
5 14
7 14
5281 5 0 7 8 9 10 37
0 6
5 6
0 7
0 8
6 9
7 10
8 10
9 10
1 11
2 11
3 11
4 11
6 11
10 11
0 12
1 12
2 12
3 12
4 12
5 12
10 12
1 13
2 13
3 13
4 13
5 13
7 13
8 13
9 13
1 14
2 14
3 14
4 14
5 14
7 14
8 14
9 14
5401 4 0 1 6 7 12 36
0 6
1 6
5 7
6 7
2 8
3 8
6 8
1 9
7 9
8 9
1 10
2 10
4 10
5 10
0 11
7 11
8 11
10 11
0 12
1 12
2 12
3 12
4 12
7 12
3 13
4 13
5 13
6 13
9 13
11 13
2 14
3 14
4 14
5 14
9 14
11 14
5412 5 2 4 5 7 13 36
0 6
1 6
2 7
4 7
5 7
6 7
1 8
5 8
1 9
3 10
7 10
8 10
9 10
0 11
1 11
4 11
5 11
10 11
0 12
2 12
3 12
4 12
8 12
9 12
2 13
3 13
4 13
5 13
6 13
9 13
2 14
3 14
6 14
8 14
9 14
11 14
5428 5 0 1 7 8 9 38
0 6
1 6
5 6
0 7
1 7
0 8
1 8
5 9
7 9
8 9
5 10
7 10
8 10
2 11
3 11
4 11
5 11
7 11
8 11
2 12
3 12
4 12
6 12
9 12
10 12
2 13
3 13
4 13
6 13
9 13
10 13
0 14
1 14
2 14
3 14
4 14
9 14
10 14
5435 4 0 1 6 7 11 36
0 6
1 6
2 6
6 7
4 8
5 8
6 8
4 9
5 9
2 10
3 10
7 10
9 10
0 11
1 11
3 11
4 11
5 11
7 11
0 12
1 12
4 12
5 12
10 12
2 13
3 13
7 13
8 13
9 13
12 13
1 14
2 14
3 14
7 14
8 14
9 14
5169 6 1 2 8 10 11 35
0 6
5 7
6 8
7 8
3 9
4 9
5 9
6 9
1 10
2 10
5 10
8 10
1 11
2 11
8 11
9 11
0 12
3 12
4 12
7 12
10 12
11 12
1 13
2 13
3 13
4 13
6 13
7 13
0 14
1 14
2 14
3 14
4 14
5 14
8 14
4951 4 0 2 5 7 11 39
1 6
0 7
2 7
5 7
6 7
3 8
4 8
7 8
1 9
2 9
8 9
1 10
2 10
8 10
0 11
1 11
2 11
3 11
4 11
5 11
3 12
4 12
5 12
6 12
9 12
10 12
3 13
4 13
5 13
6 13
9 13
10 13
0 14
3 14
4 14
5 14
6 14
9 14
10 14
5441 5 2 4 5 10 14 36
0 6
1 6
2 6
3 7
6 7
7 8
2 9
7 9
2 10
4 10
5 10
7 10
0 11
1 11
3 11
8 11
9 11
10 11
0 12
1 12
4 12
5 12
8 12
9 12
3 13
4 13
5 13
6 13
8 13
9 13
1 14
2 14
3 14
4 14
5 14
8 14
5442 7 0 1 2 6 13 36
0 6
1 6
2 6
3 7
4 7
6 7
2 8
5 8
3 9
4 9
8 9
5 10
6 10
9 10
1 11
7 11
8 11
10 11
0 12
2 12
3 12
4 12
5 12
11 12
0 13
1 13
2 13
5 13
7 13
9 13
0 14
1 14
3 14
4 14
8 14
10 14
5449 4 0 1 5 6 14 40
0 6
1 6
2 6
5 6
1 7
2 7
5 7
2 8
2 9
0 10
3 10
4 10
7 10
8 10
9 10
3 11
4 11
6 11
7 11
8 11
9 11
0 12
3 12
4 12
5 12
8 12
9 12
1 13
3 13
4 13
5 13
8 13
9 13
0 14
1 14
3 14
4 14
5 14
8 14
9 14
5450 4 0 3 6 8 12 38
0 6
1 6
2 6
3 6
1 7
2 7
4 7
5 7
0 8
3 8
7 8
3 9
4 9
5 9
3 10
4 10
5 10
4 11
5 11
6 11
0 12
3 12
4 12
5 12
1 13
2 13
8 13
9 13
10 13
11 13
12 13
1 14
2 14
8 14
9 14
10 14
11 14
12 14
5549 4 0 1 2 3 12 37
4 5
6 7
6 8
5 9
6 9
3 10
4 10
7 10
8 10
9 10
3 11
4 11
7 11
8 11
9 11
0 12
1 12
2 12
3 12
5 12
7 12
8 12
0 13
1 13
2 13
5 13
6 13
10 13
11 13
0 14
1 14
2 14
3 14
4 14
7 14
8 14
9 14
5478 5 0 1 2 3 12 35
4 5
2 9
3 9
5 10
6 10
7 10
8 10
9 10
5 11
6 11
7 11
8 11
9 11
0 12
1 12
2 12
3 12
4 12
10 12
11 12
0 13
1 13
4 13
6 13
7 13
8 13
9 13
0 14
1 14
2 14
3 14
5 14
6 14
7 14
8 14
5564 5 0 1 5 11 13 36
4 5
6 7
5 8
6 8
0 9
1 9
7 9
8 9
2 10
3 10
4 10
6 10
9 10
0 11
1 11
5 11
6 11
2 12
3 12
4 12
7 12
8 12
11 12
0 13
1 13
2 13
3 13
5 13
7 13
0 14
1 14
2 14
3 14
4 14
7 14
8 14
5584 4 1 2 4 11 13 36
4 5
5 7
4 8
3 9
5 9
6 9
8 9
2 10
3 10
5 10
6 10
8 10
1 11
2 11
4 11
7 11
9 11
0 12
1 12
3 12
6 12
7 12
8 12
0 13
1 13
2 13
4 13
6 13
7 13
0 14
1 14
2 14
3 14
6 14
7 14
8 14
5588 4 0 1 9 10 11 35
4 5
5 7
2 8
3 8
5 8
6 8
0 9
8 9
1 10
4 10
7 10
9 10
0 11
2 11
5 11
6 11
10 11
1 12
3 12
4 12
6 12
7 12
9 12
1 13
2 13
3 13
6 13
7 13
9 13
0 14
2 14
3 14
4 14
6 14
7 14
5596 6 0 1 8 10 11 36
4 5
5 7
6 7
5 8
6 8
2 9
3 9
4 9
7 9
0 10
1 10
8 10
9 10
0 11
1 11
7 11
8 11
2 12
3 12
4 12
6 12
10 12
11 12
0 13
1 13
2 13
3 13
5 13
6 13
0 14
1 14
2 14
3 14
4 14
7 14
8 14
5595 5 0 1 3 12 13 36
4 5
5 7
6 7
5 8
6 8
2 9
3 9
4 9
8 9
0 10
1 10
7 10
9 10
2 11
4 11
6 11
10 11
0 12
1 12
3 12
7 12
8 12
11 12
0 13
1 13
2 13
3 13
5 13
6 13
0 14
1 14
2 14
3 14
4 14
7 14
8 14
5603 5 0 2 6 9 13 35
4 5
5 7
6 7
1 8
3 8
5 8
0 9
2 9
6 9
8 9
0 10
1 10
6 10
3 11
4 11
7 11
9 11
10 11
2 12
4 12
7 12
8 12
10 12
0 13
1 13
2 13
3 13
5 13
6 13
0 14
1 14
2 14
3 14
4 14
7 14
5606 3 0 1 3 10 12 36
4 5
4 7
3 8
4 8
0 9
6 9
7 9
8 9
0 10
1 10
3 10
4 10
6 10
2 11
3 11
5 11
6 11
7 11
1 12
2 12
3 12
5 12
9 12
1 13
2 13
5 13
6 13
7 13
8 13
0 14
1 14
2 14
5 14
6 14
7 14
8 14
5655 4 1 2 5 8 10 35
4 5
3 7
4 7
2 8
3 8
5 8
6 8
1 9
8 9
1 10
2 10
5 10
6 10
7 10
1 11
3 11
4 11
0 12
5 12
6 12
7 12
9 12
11 12
0 13
2 13
6 13
7 13
9 13
11 13
0 14
2 14
3 14
4 14
6 14
9 14
5658 5 4 5 6 7 10 36
4 5
3 7
4 7
1 8
2 8
5 10
6 10
7 10
8 10
9 10
0 11
1 11
2 11
3 11
5 11
9 11
0 12
3 12
4 12
6 12
8 12
9 12
0 13
1 13
2 13
3 13
4 13
6 13
9 13
0 14
1 14
2 14
5 14
6 14
7 14
9 14
5660 6 0 1 9 10 11 35
4 5
3 7
4 7
6 7
2 8
5 8
7 8
1 9
8 9
0 10
7 10
9 10
0 11
2 11
4 11
6 11
9 11
1 12
3 12
4 12
6 12
8 12
10 12
1 13
2 13
3 13
5 13
6 13
10 13
0 14
2 14
3 14
5 14
6 14
9 14
5661 4 0 1 3 11 14 35
4 5
3 7
4 7
6 7
2 8
4 8
2 9
5 9
7 9
1 10
6 10
8 10
9 10
0 11
3 11
5 11
6 11
8 11
1 12
3 12
6 12
8 12
9 12
0 13
2 13
5 13
7 13
10 13
12 13
0 14
1 14
2 14
3 14
4 14
6 14
5689 5 0 3 10 11 13 35
4 5
2 7
4 7
6 7
2 8
5 8
6 8
1 9
7 9
8 9
1 10
4 10
0 11
3 11
7 11
8 11
10 11
2 12
3 12
5 12
6 12
9 12
10 12
0 13
3 13
5 13
6 13
9 13
10 13
0 14
1 14
2 14
3 14
4 14
6 14
5690 4 0 1 9 10 11 35
4 5
2 7
4 7
6 7
2 8
3 8
4 8
6 8
0 9
5 9
6 9
1 10
3 10
7 10
9 10
0 11
4 11
10 11
1 12
7 12
8 12
9 12
11 12
1 13
2 13
3 13
5 13
6 13
11 13
0 14
2 14
3 14
5 14
6 14
12 14
5724 5 0 1 5 10 13 36
4 5
0 7
6 8
7 8
5 9
6 9
7 9
0 10
1 10
5 10
6 10
2 11
3 11
4 11
8 11
9 11
10 11
1 12
2 12
3 12
4 12
6 12
7 12
0 13
1 13
2 13
3 13
5 13
8 13
0 14
1 14
2 14
3 14
4 14
8 14
9 14
5699 5 1 6 8 9 10 35
4 5
2 7
3 7
4 7
6 7
2 8
3 8
1 9
4 9
6 9
8 9
1 10
5 10
6 10
8 10
0 11
5 11
6 11
8 11
0 12
5 12
7 12
9 12
2 13
3 13
4 13
10 13
11 13
12 13
0 14
1 14
2 14
3 14
5 14
6 14
5731 6 0 5 6 8 11 35
4 5
0 7
0 8
5 8
6 8
2 9
3 9
8 9
4 10
6 10
7 10
9 10
1 11
5 11
6 11
7 11
9 11
0 12
1 12
2 12
3 12
5 12
10 12
1 13
2 13
3 13
4 13
6 13
7 13
1 14
2 14
3 14
4 14
7 14
8 14
5732 6 0 3 4 10 12 35
4 5
0 7
0 8
5 8
6 8
1 9
2 9
8 9
3 10
4 10
6 10
7 10
9 10
5 11
6 11
7 11
9 11
0 12
1 12
2 12
3 12
4 12
11 12
1 13
2 13
3 13
5 13
6 13
7 13
1 14
2 14
3 14
4 14
7 14
8 14
5760 2 0 1 4 5 9 37
4 5
5 6
1 8
3 8
4 8
7 8
0 9
1 9
5 9
5 10
8 10
2 11
3 11
6 11
7 11
9 11
10 11
0 12
2 12
4 12
6 12
7 12
10 12
2 13
3 13
4 13
6 13
7 13
9 13
10 13
0 14
1 14
2 14
3 14
6 14
7 14
10 14
5766 3 0 5 6 7 8 36
4 5
5 6
6 7
0 8
5 8
7 8
2 9
3 9
6 9
8 9
1 10
2 10
3 10
5 10
6 11
8 11
10 11
0 12
1 12
4 12
7 12
9 12
11 12
1 13
2 13
3 13
4 13
7 13
11 13
0 14
1 14
2 14
3 14
4 14
7 14
11 14
5778 6 1 4 5 7 10 35
4 5
5 6
4 7
2 8
3 8
6 8
7 8
0 9
8 9
1 10
5 10
7 10
9 10
0 11
3 11
5 11
7 11
1 12
2 12
3 12
6 12
7 12
9 12
1 13
2 13
4 13
6 13
9 13
11 13
0 14
2 14
3 14
4 14
6 14
10 14
5800 3 0 2 6 10 13 36
4 5
5 6
3 7
4 7
1 8
5 8
1 9
3 9
5 9
0 10
2 10
6 10
7 10
1 11
3 11
4 11
10 11
2 12
6 12
7 12
8 12
9 12
11 12
0 13
2 13
3 13
4 13
6 13
8 13
0 14
2 14
6 14
7 14
8 14
9 14
11 14
5439 3 0 1 2 6 14 38
0 6
1 6
2 6
4 7
5 7
6 7
2 8
3 8
5 8
1 9
4 9
5 9
7 10
8 10
9 10
0 11
7 11
8 11
9 11
3 12
4 12
5 12
6 12
10 12
11 12
1 13
2 13
3 13
4 13
10 13
11 13
0 14
1 14
2 14
3 14
4 14
5 14
10 14
5809 4 0 4 5 6 11 35
4 5
5 6
2 7
3 7
0 8
7 8
0 9
6 9
7 9
1 10
4 10
6 10
7 10
0 11
2 11
4 11
6 11
3 12
5 12
8 12
9 12
10 12
11 12
1 13
2 13
3 13
5 13
8 13
9 13
1 14
2 14
3 14
4 14
6 14
8 14
5821 3 0 1 2 12 13 35
4 5
5 6
0 7
2 7
6 7
6 8
6 9
1 10
4 10
7 10
8 10
9 10
3 11
5 11
7 11
8 11
9 11
0 12
1 12
2 12
3 12
4 12
9 12
0 13
1 13
2 13
3 13
5 13
8 13
1 14
2 14
3 14
4 14
8 14
9 14
5420 4 0 6 7 8 10 38
0 6
1 6
0 7
6 10
7 10
8 10
9 10
0 11
1 11
2 11
3 11
4 11
5 11
10 11
1 12
2 12
3 12
4 12
5 12
7 12
8 12
9 12
2 13
3 13
4 13
5 13
6 13
7 13
8 13
9 13
0 14
1 14
2 14
3 14
4 14
5 14
8 14
9 14
5826 3 0 1 2 3 13 38
4 5
4 6
0 9
1 9
4 9
2 10
5 10
6 10
7 10
8 10
9 10
3 11
5 11
6 11
7 11
8 11
9 11
3 12
5 12
6 12
7 12
8 12
9 12
0 13
1 13
2 13
3 13
4 13
7 13
8 13
0 14
1 14
2 14
3 14
5 14
6 14
7 14
8 14
5827 3 0 1 2 3 12 39
4 5
4 6
0 9
1 9
4 9
2 10
5 10
6 10
7 10
8 10
9 10
3 11
5 11
6 11
7 11
8 11
9 11
0 12
1 12
2 12
3 12
4 12
7 12
8 12
2 13
3 13
5 13
6 13
7 13
8 13
9 13
0 14
1 14
2 14
3 14
5 14
6 14
7 14
8 14
5872 4 0 1 2 3 12 36
4 5
4 6
5 7
5 8
6 9
7 9
8 9
6 10
7 10
8 10
6 11
7 11
8 11
0 12
1 12
2 12
3 12
6 12
7 12
8 12
0 13
1 13
2 13
3 13
4 13
9 13
10 13
11 13
0 14
1 14
2 14
3 14
5 14
9 14
10 14
11 14
5873 4 0 1 2 9 14 36
4 5
4 6
5 7
5 8
0 9
1 9
2 9
6 9
3 10
4 10
7 10
8 10
9 10
1 11
4 11
7 11
8 11
0 12
2 12
3 12
5 12
6 12
11 12
1 13
2 13
3 13
6 13
7 13
8 13
0 14
1 14
2 14
3 14
6 14
7 14
8 14
5877 2 0 2 3 10 13 36
4 5
4 6
5 7
6 7
4 8
1 9
2 9
7 9
8 9
0 10
2 10
3 10
7 10
4 11
9 11
10 11
1 12
3 12
5 12
6 12
8 12
11 12
0 13
2 13
3 13
5 13
6 13
8 13
11 13
0 14
1 14
2 14
3 14
7 14
8 14
11 14
5878 5 1 3 6 9 14 36
4 5
4 6
5 7
6 7
0 8
2 8
7 8
1 9
3 9
6 9
8 9
0 10
5 10
9 10
2 11
3 11
4 11
7 11
10 11
2 12
3 12
4 12
7 12
10 12
1 13
5 13
6 13
8 13
11 13
12 13
0 14
1 14
2 14
3 14
5 14
6 14
5886 6 0 2 3 13 14 36
4 5
4 6
4 7
2 8
3 8
7 8
1 9
2 9
3 9
7 9
1 10
5 10
6 10
8 10
0 11
5 11
6 11
8 11
9 11
1 12
5 12
6 12
7 12
0 13
2 13
3 13
4 13
10 13
12 13
0 14
1 14
2 14
3 14
5 14
6 14
7 14
5889 5 0 1 2 8 12 36
4 5
4 6
4 7
1 8
2 8
4 8
3 9
5 9
6 9
7 9
8 9
0 10
5 10
8 10
3 11
6 11
7 11
10 11
0 12
1 12
2 12
5 12
11 12
1 13
2 13
3 13
6 13
7 13
10 13
0 14
1 14
2 14
3 14
5 14
6 14
7 14
5890 5 0 3 4 9 11 37
4 5
4 6
4 7
1 8
2 8
3 8
7 8
0 9
3 9
5 10
6 10
8 10
9 10
0 11
1 11
3 11
4 11
10 11
2 12
5 12
6 12
7 12
9 12
11 12
1 13
2 13
5 13
6 13
7 13
9 13
0 14
1 14
2 14
3 14
5 14
6 14
7 14
5894 5 2 3 7 10 11 36
4 5
4 6
4 7
0 8
1 8
4 8
5 9
6 9
8 9
2 10
3 10
7 10
9 10
1 11
2 11
3 11
7 11
9 11
0 12
1 12
5 12
6 12
10 12
2 13
3 13
5 13
6 13
7 13
8 13
0 14
1 14
2 14
3 14
5 14
6 14
7 14
5895 5 2 3 5 9 11 37
4 5
4 6
4 7
0 8
1 8
4 8
2 9
3 9
5 9
8 9
2 10
5 10
8 10
2 11
3 11
5 11
6 11
7 11
0 12
1 12
3 12
6 12
7 12
10 12
0 13
1 13
6 13
7 13
9 13
10 13
0 14
1 14
2 14
3 14
5 14
6 14
7 14
5907 6 0 1 2 12 13 35
4 5
4 6
3 7
6 7
6 8
5 9
7 9
3 10
4 10
8 10
9 10
1 11
2 11
5 11
7 11
8 11
0 12
1 12
2 12
3 12
8 12
9 12
0 13
1 13
2 13
5 13
6 13
10 13
0 14
1 14
2 14
3 14
4 14
8 14
9 14
5897 5 0 1 2 10 14 36
4 5
4 6
3 7
3 8
0 9
3 9
5 9
6 9
0 10
1 10
2 10
3 10
4 10
2 11
4 11
7 11
8 11
9 11
1 12
5 12
6 12
7 12
8 12
1 13
2 13
5 13
6 13
7 13
8 13
0 14
1 14
2 14
5 14
6 14
7 14
8 14
5913 5 0 4 5 7 10 36
4 5
4 6
3 7
5 7
3 8
5 8
3 9
4 9
0 10
1 10
4 10
7 10
2 11
6 11
8 11
9 11
10 11
0 12
1 12
2 12
3 12
5 12
6 12
1 13
2 13
6 13
7 13
8 13
9 13
0 14
1 14
2 14
6 14
7 14
8 14
9 14
5920 6 0 1 3 11 14 37
4 5
4 6
3 7
5 7
6 7
2 8
5 8
6 8
2 9
5 9
6 9
2 10
4 10
7 10
0 11
1 11
2 11
3 11
4 11
0 12
1 12
4 12
7 12
8 12
9 12
0 13
1 13
3 13
8 13
9 13
10 13
0 14
1 14
3 14
5 14
6 14
10 14
5924 4 1 2 3 9 10 39
4 5
4 6
3 7
5 7
6 7
0 8
5 8
1 9
2 9
3 9
6 9
8 9
0 10
1 10
2 10
3 10
4 10
2 11
4 11
7 11
8 11
2 12
4 12
7 12
8 12
0 13
1 13
3 13
5 13
6 13
11 13
12 13
0 14
1 14
3 14
5 14
6 14
11 14
12 14
5925 5 1 2 3 11 12 37
4 5
4 6
3 7
5 7
6 7
0 8
5 8
6 8
0 9
4 9
7 9
0 10
3 10
5 10
6 10
1 11
2 11
3 11
8 11
9 11
0 12
1 12
2 12
3 12
4 12
1 13
2 13
4 13
7 13
8 13
10 13
1 14
2 14
3 14
5 14
6 14
9 14
5927 4 0 1 2 10 14 35
4 5
4 6
3 7
4 7
2 8
7 8
2 9
5 9
6 9
7 9
0 10
2 10
5 10
1 11
3 11
6 11
8 11
10 11
0 12
3 12
5 12
6 12
8 12
1 13
3 13
4 13
8 13
9 13
10 13
0 14
1 14
2 14
5 14
6 14
7 14
5930 5 1 3 8 9 10 37
4 5
4 6
3 7
4 7
2 8
4 8
1 9
3 9
5 9
6 9
8 9
1 10
3 10
8 10
0 11
1 11
2 11
3 11
4 11
0 12
2 12
5 12
6 12
7 12
10 12
0 13
2 13
5 13
6 13
7 13
10 13
0 14
1 14
5 14
6 14
7 14
8 14
5917 6 0 1 2 11 14 37
4 5
4 6
3 7
5 7
6 7
3 8
4 8
0 9
7 9
8 9
1 10
3 10
4 10
9 10
0 11
1 11
2 11
4 11
7 11
0 12
2 12
5 12
6 12
8 12
10 12
1 13
2 13
3 13
5 13
6 13
9 13
0 14
1 14
2 14
5 14
6 14
8 14
5931 4 0 1 3 9 13 38
4 5
4 6
3 7
4 7
2 8
3 8
5 8
6 8
0 9
1 9
3 9
5 9
2 10
6 10
7 10
9 10
2 11
5 11
6 11
7 11
0 12
1 12
4 12
8 12
10 12
11 12
0 13
1 13
3 13
4 13
10 13
11 13
0 14
1 14
2 14
5 14
6 14
7 14
5797 4 0 1 2 10 14 34
4 5
5 6
3 7
5 7
3 8
5 8
2 9
4 9
7 9
8 9
1 10
2 10
6 10
8 10
0 11
2 11
3 11
4 11
6 11
1 12
3 12
6 12
9 12
0 13
4 13
7 13
10 13
12 13
0 14
1 14
2 14
6 14
7 14
8 14
5941 3 0 1 3 12 13 35
4 5
4 6
2 7
6 7
2 8
5 8
6 9
8 9
6 10
8 10
3 11
5 11
7 11
9 11
10 11
0 12
1 12
3 12
4 12
7 12
8 12
0 13
1 13
2 13
3 13
5 13
9 13
10 13
0 14
1 14
3 14
4 14
7 14
9 14
10 14
5951 6 0 1 2 13 14 36
4 5
4 6
2 7
4 7
3 8
7 8
3 9
7 9
5 10
6 10
8 10
9 10
5 11
6 11
8 11
9 11
0 12
1 12
3 12
5 12
6 12
7 12
0 13
1 13
2 13
3 13
4 13
10 13
11 13
0 14
1 14
2 14
5 14
6 14
8 14
9 14
5958 3 0 1 4 10 14 36
4 5
4 6
2 7
3 7
2 8
3 8
5 8
6 8
1 9
5 9
6 9
7 9
0 10
4 10
8 10
5 11
6 11
7 11
10 11
1 12
5 12
6 12
7 12
10 12
0 13
2 13
3 13
9 13
11 13
12 13
0 14
1 14
2 14
3 14
4 14
11 14
5976 5 0 2 3 10 11 36
4 5
4 6
1 7
5 7
6 7
1 8
2 8
5 8
1 9
4 9
0 10
3 10
6 10
8 10
9 10
0 11
2 11
3 11
4 11
7 11
2 12
3 12
5 12
6 12
9 12
2 13
3 13
5 13
6 13
9 13
0 14
4 14
7 14
8 14
12 14
13 14
5978 6 0 1 9 10 11 37
4 5
4 6
1 7
4 7
0 8
5 8
6 8
7 8
0 9
1 9
5 9
6 9
0 10
1 10
0 11
1 11
2 11
3 11
4 11
2 12
3 12
4 12
8 12
9 12
10 12
2 13
3 13
5 13
6 13
7 13
10 13
2 14
3 14
5 14
6 14
7 14
10 14
5982 3 0 1 2 9 14 38
4 5
4 6
1 7
3 7
5 7
6 7
2 8
3 8
5 8
6 8
0 9
1 9
2 9
5 9
3 10
6 10
9 10
3 11
5 11
6 11
0 12
1 12
4 12
8 12
10 12
11 12
0 13
2 13
4 13
7 13
10 13
11 13
0 14
1 14
2 14
4 14
10 14
11 14
5970 5 0 1 3 11 14 34
4 5
4 6
1 7
2 9
3 9
5 9
7 9
8 9
3 10
5 10
6 10
8 10
1 11
3 11
6 11
8 11
0 12
2 12
4 12
7 12
10 12
11 12
0 13
2 13
5 13
6 13
7 13
8 13
0 14
1 14
2 14
3 14
4 14
8 14
5986 5 1 2 4 7 14 36
4 5
4 6
1 7
2 7
4 7
3 8
6 8
3 9
6 9
5 10
7 10
8 10
9 10
0 11
5 11
7 11
8 11
9 11
0 12
1 12
2 12
3 12
5 12
6 12
0 13
1 13
2 13
3 13
6 13
10 13
0 14
1 14
2 14
4 14
8 14
9 14
5990 4 0 1 3 11 14 34
4 5
4 6
0 7
6 7
2 9
5 9
7 9
8 9
1 10
6 10
9 10
0 11
3 11
5 11
8 11
10 11
2 12
3 12
4 12
7 12
8 12
10 12
1 13
2 13
3 13
5 13
6 13
8 13
0 14
1 14
2 14
3 14
4 14
8 14
5992 6 2 3 4 9 14 37
4 5
4 6
0 7
4 7
3 8
5 8
6 8
7 8
2 9
3 9
4 9
0 10
1 10
5 10
6 10
9 10
0 11
1 11
2 11
8 11
5 12
6 12
7 12
9 12
11 12
1 13
2 13
3 13
5 13
6 13
7 13
0 14
1 14
2 14
3 14
4 14
12 14
6001 4 5 6 7 9 10 36
4 5
3 6
5 9
6 9
7 9
8 9
5 10
6 10
7 10
8 10
0 11
2 11
3 11
4 11
7 11
8 11
1 12
2 12
4 12
6 12
7 12
8 12
0 13
1 13
2 13
3 13
4 13
9 13
10 13
0 14
1 14
2 14
3 14
5 14
7 14
8 14
6002 3 2 5 6 9 13 36
4 5
3 6
2 9
5 9
6 9
8 9
1 10
3 10
4 10
7 10
9 10
0 11
2 11
4 11
6 11
7 11
8 11
0 12
1 12
3 12
5 12
7 12
8 12
1 13
2 13
5 13
6 13
7 13
8 13
0 14
1 14
2 14
3 14
4 14
7 14
8 14
5389 7 0 2 3 12 14 36
0 6
1 6
4 8
5 8
6 8
7 8
2 9
3 9
6 9
7 9
1 10
4 10
5 10
7 10
0 11
2 11
3 11
7 11
0 12
2 12
3 12
8 12
10 12
1 13
4 13
5 13
9 13
11 13
12 13
0 14
1 14
2 14
3 14
4 14
5 14
7 14
5934 5 0 3 8 9 10 37
4 5
4 6
3 7
4 7
0 8
3 8
0 9
3 9
5 9
0 10
3 10
5 10
6 10
1 11
2 11
6 11
7 11
8 11
9 11
1 12
2 12
5 12
6 12
7 12
8 12
1 13
2 13
4 13
8 13
9 13
10 13
0 14
1 14
2 14
5 14
6 14
7 14
6057 5 0 1 5 9 14 35
4 5
3 6
2 7
3 7
4 7
2 8
3 8
0 9
1 9
2 9
5 9
6 9
0 10
4 10
8 10
1 11
4 11
6 11
8 11
1 12
5 12
6 12
7 12
10 12
2 13
3 13
5 13
10 13
11 13
0 14
1 14
5 14
6 14
7 14
8 14
6058 4 0 1 2 8 11 35
4 5
3 6
2 7
3 7
4 7
1 8
2 8
4 8
1 9
3 9
4 9
0 10
2 10
3 10
0 11
1 11
2 11
5 11
6 11
5 12
6 12
8 12
9 12
10 12
1 13
5 13
6 13
7 13
10 13
0 14
5 14
6 14
7 14
8 14
9 14
6066 5 0 2 4 11 14 34
4 5
3 6
1 7
2 7
5 8
6 8
7 8
0 9
2 9
8 9
0 10
3 10
4 10
7 10
0 11
2 11
4 11
6 11
1 12
3 12
5 12
9 12
11 12
1 13
5 13
6 13
9 13
10 13
0 14
1 14
2 14
3 14
4 14
8 14
6074 5 0 2 3 13 14 35
4 5
3 6
5 6
4 8
2 9
5 9
7 9
8 9
1 10
6 10
7 10
8 10
0 11
3 11
4 11
9 11
10 11
1 12
2 12
6 12
7 12
8 12
11 12
0 13
2 13
3 13
5 13
7 13
8 13
0 14
1 14
2 14
3 14
4 14
7 14
6080 3 0 3 4 5 6 35
4 5
3 6
5 6
5 7
4 8
2 9
3 9
7 9
8 9
1 10
6 10
7 10
8 10
0 11
4 11
9 11
10 11
0 12
4 12
9 12
10 12
1 13
2 13
3 13
5 13
8 13
11 13
12 13
1 14
2 14
6 14
7 14
8 14
11 14
12 14
6088 6 1 2 4 11 13 36
4 5
3 6
5 6
3 7
5 7
0 8
5 8
0 9
6 9
7 9
2 10
3 10
8 10
9 10
1 11
2 11
4 11
8 11
9 11
0 12
1 12
2 12
3 12
5 12
1 13
2 13
4 13
6 13
7 13
8 13
0 14
1 14
4 14
6 14
7 14
10 14
6094 4 0 1 2 11 12 34
4 5
3 6
5 6
3 7
4 7
2 8
3 8
0 9
5 9
7 9
8 9
1 10
4 10
6 10
8 10
0 11
4 11
6 11
1 12
2 12
5 12
7 12
11 12
2 13
3 13
9 13
10 13
11 13
0 14
1 14
6 14
7 14
8 14
13 14
6096 5 0 1 8 10 11 34
4 5
3 6
5 6
3 7
4 7
0 8
2 9
6 9
7 9
8 9
1 10
6 10
7 10
8 10
1 11
4 11
6 11
8 11
2 12
5 12
7 12
8 12
0 13
2 13
3 13
5 13
10 13
11 13
0 14
1 14
3 14
4 14
9 14
12 14
6105 7 2 4 7 8 11 36
4 5
3 6
5 6
1 7
5 7
2 8
4 8
6 8
7 8
2 9
3 9
5 9
0 10
4 10
6 10
7 10
9 10
2 11
3 11
4 11
7 11
0 12
1 12
6 12
9 12
11 12
0 13
1 13
3 13
5 13
8 13
0 14
1 14
2 14
3 14
4 14
6085 6 0 1 2 3 12 35
4 5
3 6
5 6
3 7
5 7
2 8
7 8
2 9
7 9
1 10
4 10
6 10
8 10
9 10
0 11
4 11
6 11
8 11
9 11
0 12
1 12
2 12
3 12
5 12
1 13
3 13
5 13
8 13
9 13
0 14
2 14
4 14
6 14
7 14
13 14
6107 5 1 4 5 6 11 35
4 5
3 6
5 6
0 7
5 8
7 8
5 9
2 10
3 10
8 10
9 10
1 11
4 11
6 11
7 11
10 11
1 12
2 12
4 12
6 12
7 12
9 12
0 13
2 13
3 13
8 13
9 13
11 13
0 14
1 14
2 14
3 14
4 14
8 14
9 14
6119 5 0 6 7 9 13 35
4 5
3 6
4 6
5 7
5 8
0 9
6 9
7 9
8 9
3 10
4 10
8 10
1 11
2 11
3 11
7 11
8 11
1 12
2 12
5 12
9 12
10 12
0 13
1 13
2 13
6 13
7 13
10 13
0 14
1 14
2 14
3 14
4 14
7 14
8 14
6115 5 4 5 6 7 10 36
4 5
3 6
4 6
4 8
7 8
8 9
5 10
6 10
7 10
9 10
0 11
1 11
2 11
3 11
8 11
10 11
0 12
1 12
2 12
3 12
5 12
9 12
0 13
1 13
2 13
3 13
4 13
7 13
9 13
0 14
1 14
2 14
5 14
6 14
7 14
9 14
6120 5 0 1 2 9 12 36
4 5
3 6
4 6
5 7
3 8
5 8
0 9
1 9
2 9
6 9
4 10
7 10
8 10
9 10
2 11
6 11
7 11
8 11
0 12
1 12
2 12
3 12
4 12
7 12
0 13
1 13
3 13
5 13
10 13
11 13
0 14
1 14
2 14
6 14
7 14
8 14
6129 6 0 1 3 11 12 37
4 5
3 6
4 6
3 7
4 7
2 8
4 8
0 9
5 9
6 9
7 9
8 9
0 10
3 10
8 10
0 11
1 11
3 11
5 11
8 11
0 12
1 12
2 12
3 12
4 12
1 13
2 13
5 13
6 13
7 13
10 13
1 14
2 14
5 14
6 14
7 14
10 14
6132 6 0 2 7 9 10 34
4 5
3 6
4 6
2 7
7 8
2 9
5 9
8 9
0 10
6 10
7 10
9 10
1 11
3 11
5 11
8 11
10 11
1 12
3 12
4 12
7 12
9 12
0 13
2 13
5 13
6 13
8 13
12 13
0 14
1 14
2 14
3 14
4 14
8 14
5909 6 1 2 3 12 14 36
4 5
4 6
3 7
6 7
3 8
6 8
0 9
5 9
6 9
2 10
4 10
7 10
8 10
9 10
0 11
1 11
5 11
7 11
8 11
1 12
2 12
3 12
4 12
9 12
0 13
1 13
2 13
5 13
7 13
8 13
0 14
1 14
2 14
3 14
5 14
6 14
6142 6 0 1 3 13 14 36
4 5
3 6
4 6
2 7
5 7
6 7
0 8
5 8
6 8
2 9
4 9
8 9
0 10
3 10
7 10
9 10
1 11
3 11
4 11
7 11
8 11
1 12
2 12
5 12
6 12
10 12
0 13
1 13
3 13
5 13
9 13
0 14
1 14
2 14
3 14
4 14
5929 5 1 3 9 10 12 35
4 5
4 6
3 7
4 7
2 8
5 8
6 8
7 8
0 9
7 9
1 10
2 10
3 10
6 10
9 10
0 11
2 11
4 11
1 12
3 12
8 12
9 12
11 12
1 13
3 13
5 13
6 13
9 13
11 13
0 14
2 14
5 14
6 14
7 14
12 14
6143 2 0 1 2 3 14 37
4 5
3 6
4 6
2 7
5 7
6 7
0 8
4 8
7 8
0 9
2 9
5 9
5 10
6 10
8 10
2 11
5 11
6 11
8 11
1 12
3 12
7 12
9 12
10 12
11 12
1 13
3 13
4 13
9 13
10 13
11 13
0 14
1 14
2 14
3 14
4 14
10 14
5801 4 0 1 2 11 14 37
4 5
5 6
3 7
4 7
6 7
0 8
5 8
7 8
0 9
3 9
4 9
6 9
1 10
2 10
5 10
9 10
0 11
1 11
2 11
4 11
3 12
6 12
8 12
10 12
11 12
1 13
2 13
3 13
4 13
6 13
8 13
0 14
1 14
2 14
5 14
7 14
12 14
6155 6 0 1 2 13 14 33
4 5
3 6
4 6
0 7
6 8
5 9
6 9
7 9
2 10
3 10
9 10
1 11
4 11
7 11
8 11
10 11
2 12
3 12
5 12
7 12
8 12
0 13
1 13
5 13
8 13
10 13
0 14
1 14
2 14
3 14
4 14
8 14
9 14
6168 2 0 1 4 5 8 38
4 5
2 6
6 7
0 8
1 8
5 8
5 9
6 9
5 10
6 10
2 11
3 11
7 11
8 11
9 11
10 11
2 12
3 12
4 12
7 12
8 12
9 12
10 12
0 13
1 13
3 13
4 13
7 13
9 13
10 13
0 14
1 14
2 14
3 14
4 14
7 14
9 14
10 14
6171 5 0 1 2 13 14 35
4 5
2 6
5 7
5 8
3 9
6 9
7 9
3 10
6 10
7 10
8 10
0 11
2 11
4 11
8 11
9 11
1 12
3 12
4 12
6 12
7 12
8 12
0 13
1 13
2 13
5 13
9 13
10 13
0 14
1 14
2 14
3 14
4 14
7 14
8 14
6178 4 0 1 7 11 14 35
4 5
2 6
5 7
6 7
5 8
6 8
3 9
4 9
6 9
1 10
5 10
9 10
0 11
1 11
7 11
9 11
2 12
3 12
4 12
8 12
10 12
11 12
0 13
2 13
3 13
7 13
8 13
10 13
0 14
1 14
2 14
3 14
4 14
7 14
8 14
6196 5 1 3 6 9 11 37
4 5
2 6
2 7
5 7
1 8
5 8
1 9
3 9
4 9
6 9
7 9
0 10
2 10
3 10
4 10
8 10
0 11
1 11
3 11
5 11
6 11
0 12
1 12
2 12
5 12
3 13
4 13
6 13
7 13
8 13
12 13
0 14
3 14
4 14
6 14
7 14
8 14
5996 2 0 1 2 3 14 36
4 5
4 6
0 7
3 7
2 8
5 8
7 8
2 9
6 9
7 9
3 10
4 10
8 10
9 10
3 11
4 11
8 11
9 11
1 12
5 12
6 12
7 12
10 12
11 12
0 13
1 13
5 13
6 13
10 13
11 13
0 14
1 14
2 14
3 14
5 14
6 14
6227 5 1 2 7 9 10 36
4 5
2 6
5 6
0 7
5 7
3 8
4 8
6 8
7 8
1 9
2 9
7 9
1 10
2 10
7 10
0 11
3 11
5 11
9 11
10 11
0 12
1 12
3 12
4 12
6 12
3 13
4 13
6 13
9 13
10 13
0 14
1 14
2 14
5 14
8 14
13 14
6228 5 0 1 6 9 12 36
4 5
2 6
5 6
0 7
5 7
3 8
4 8
6 8
7 8
0 9
1 9
6 9
2 10
3 10
4 10
7 10
9 10
1 11
2 11
3 11
5 11
0 12
1 12
3 12
6 12
4 13
7 13
9 13
11 13
12 13
0 14
1 14
2 14
5 14
8 14
13 14
6235 5 0 1 3 13 14 35
4 5
2 6
4 6
3 7
6 7
6 8
7 9
2 10
5 10
8 10
9 10
0 11
1 11
4 11
7 11
10 11
2 12
3 12
5 12
8 12
9 12
11 12
0 13
1 13
3 13
5 13
8 13
9 13
0 14
1 14
2 14
3 14
4 14
8 14
9 14
6237 4 0 1 5 11 12 35
4 5
2 6
4 6
2 7
3 7
4 7
3 8
5 8
6 8
2 9
3 9
5 9
0 10
3 10
6 10
0 11
2 11
5 11
0 12
1 12
5 12
6 12
7 12
1 13
7 13
8 13
9 13
10 13
11 13
1 14
4 14
8 14
9 14
10 14
11 14
6241 6 0 1 3 7 13 36
4 5
2 6
4 6
0 7
1 7
5 8
5 9
0 10
1 10
2 10
5 10
3 11
6 11
7 11
8 11
9 11
10 11
2 12
3 12
4 12
7 12
8 12
9 12
0 13
1 13
3 13
6 13
8 13
9 13
0 14
1 14
2 14
3 14
4 14
8 14
9 14
6242 4 0 5 7 10 11 36
4 5
2 6
3 6
1 9
4 9
6 9
7 9
8 9
0 10
3 10
5 10
7 10
8 10
0 11
5 11
6 11
7 11
1 12
2 12
3 12
4 12
8 12
11 12
0 13
1 13
2 13
5 13
7 13
8 13
0 14
1 14
2 14
3 14
4 14
7 14
8 14
6243 3 0 5 7 8 10 35
4 5
2 6
3 6
5 8
7 8
5 9
7 9
0 10
5 10
6 10
7 10
1 11
2 11
3 11
4 11
7 11
0 12
1 12
4 12
6 12
8 12
9 12
1 13
2 13
3 13
8 13
9 13
10 13
0 14
1 14
2 14
3 14
4 14
8 14
9 14
6246 2 0 1 5 9 10 36
4 5
2 6
3 6
5 7
1 8
2 8
7 8
0 9
5 9
6 9
8 9
0 10
1 10
5 10
6 10
3 11
4 11
7 11
9 11
10 11
5 12
6 12
8 12
11 12
1 13
2 13
3 13
4 13
7 13
12 13
0 14
2 14
3 14
4 14
7 14
12 14
6273 2 0 3 4 9 12 36
4 5
1 6
6 7
5 8
6 8
2 9
3 9
4 9
8 9
1 10
2 10
5 10
7 10
6 11
9 11
10 11
0 12
3 12
4 12
7 12
8 12
11 12
1 13
2 13
3 13
5 13
7 13
11 13
0 14
1 14
2 14
3 14
4 14
7 14
8 14
11 14
6279 4 0 1 2 9 11 34
4 5
1 6
4 7
6 7
2 8
5 8
7 8
1 9
3 9
5 9
0 10
3 10
5 10
6 10
0 11
2 11
7 11
9 11
3 12
4 12
6 12
8 12
11 12
2 13
7 13
9 13
10 13
12 13
0 14
1 14
3 14
4 14
8 14
13 14
6248 7 0 2 7 12 14 34
4 5
2 6
3 6
3 7
2 8
7 8
1 9
4 9
6 9
7 9
1 10
3 10
4 10
8 10
0 11
3 11
5 11
8 11
9 11
0 12
2 12
5 12
7 12
10 12
0 13
1 13
5 13
6 13
8 13
0 14
1 14
2 14
4 14
7 14
6291 4 1 2 4 10 13 37
4 5
1 6
0 7
5 7
6 7
2 8
3 8
5 8
6 8
0 9
3 9
6 9
1 10
2 10
3 10
4 10
4 11
7 11
8 11
9 11
0 12
5 12
6 12
10 12
11 12
1 13
2 13
4 13
7 13
9 13
12 13
0 14
1 14
2 14
3 14
5 14
11 14
6148 3 1 2 5 10 11 35
4 5
3 6
4 6
1 7
6 7
1 8
6 9
1 10
2 10
3 10
5 10
2 11
5 11
7 11
8 11
9 11
0 12
4 12
7 12
8 12
9 12
10 12
0 13
2 13
3 13
5 13
8 13
9 13
0 14
2 14
3 14
4 14
7 14
8 14
9 14
6284 4 0 1 6 11 12 34
4 5
1 6
2 7
3 7
6 7
2 8
3 8
5 8
0 9
5 9
7 9
1 10
4 10
8 10
9 10
0 11
4 11
6 11
8 11
0 12
1 12
2 12
3 12
5 13
7 13
10 13
11 13
12 13
2 14
3 14
4 14
6 14
9 14
13 14
6296 6 0 5 6 10 11 36
4 5
1 6
0 7
1 7
5 8
6 8
7 8
1 9
8 9
0 10
5 10
6 10
0 11
2 11
3 11
5 11
6 11
9 11
2 12
3 12
4 12
7 12
9 12
10 12
2 13
3 13
4 13
7 13
9 13
10 13
1 14
2 14
3 14
4 14
8 14
10 14
6299 4 1 4 5 6 9 37
4 5
1 6
5 6
5 7
4 9
6 9
2 10
3 10
7 10
8 10
9 10
0 11
3 11
4 11
6 11
7 11
8 11
0 12
1 12
2 12
4 12
7 12
8 12
0 13
1 13
2 13
3 13
5 13
8 13
9 13
0 14
1 14
2 14
3 14
7 14
8 14
9 14
6300 6 0 1 2 6 12 34
4 5
1 6
5 6
5 7
6 8
3 9
4 9
8 9
2 10
3 10
5 10
8 10
2 11
3 11
4 11
7 11
8 11
0 12
2 12
6 12
7 12
9 12
0 13
1 13
7 13
9 13
10 13
0 14
1 14
2 14
3 14
4 14
7 14
8 14
6311 4 0 1 2 8 11 34
4 5
1 6
4 6
3 7
6 7
2 8
5 8
2 9
4 9
7 9
0 10
7 10
8 10
0 11
1 11
3 11
8 11
9 11
2 12
3 12
5 12
6 12
10 12
1 13
3 13
5 13
9 13
10 13
0 14
4 14
7 14
8 14
12 14
13 14
6315 5 0 1 4 6 7 36
4 5
1 6
4 6
0 7
1 7
7 8
5 9
7 9
0 10
1 10
5 10
2 11
3 11
4 11
8 11
9 11
10 11
2 12
3 12
6 12
8 12
9 12
10 12
0 13
2 13
3 13
5 13
6 13
8 13
0 14
1 14
2 14
3 14
4 14
8 14
9 14
6317 4 1 3 4 6 9 36
4 5
1 6
3 6
0 7
2 8
6 8
7 8
1 9
2 9
3 9
4 9
0 10
3 10
4 10
8 10
0 11
4 11
8 11
5 12
6 12
7 12
9 12
10 12
11 12
1 13
2 13
3 13
5 13
7 13
11 13
1 14
2 14
5 14
7 14
10 14
11 14
6318 2 1 2 3 6 12 36
4 5
1 6
3 6
5 6
1 8
2 9
5 9
7 9
8 9
6 10
9 10
0 11
3 11
4 11
7 11
8 11
10 11
1 12
2 12
3 12
4 12
7 12
10 12
0 13
2 13
5 13
7 13
8 13
10 13
0 14
2 14
3 14
4 14
7 14
8 14
10 14
6323 4 0 1 5 7 10 36
4 5
1 6
2 6
0 7
1 7
5 7
0 10
5 10
6 10
8 10
9 10
2 11
3 11
4 11
7 11
8 11
9 11
0 12
3 12
4 12
6 12
8 12
9 12
1 13
2 13
3 13
5 13
8 13
9 13
0 14
1 14
2 14
3 14
4 14
8 14
9 14
6354 5 0 4 5 8 9 35
4 5
0 6
0 7
0 8
1 8
4 8
5 9
6 9
7 9
8 9
4 10
6 10
7 10
2 11
3 11
5 11
8 11
10 11
1 12
2 12
3 12
9 12
10 12
1 13
2 13
3 13
4 13
6 13
7 13
1 14
2 14
3 14
5 14
6 14
7 14
6355 5 0 4 5 7 9 35
4 5
0 6
0 7
4 7
0 8
2 8
5 8
5 9
7 9
1 10
3 10
6 10
7 10
8 10
1 11
4 11
8 11
9 11
1 12
2 12
3 12
6 12
9 12
2 13
3 13
5 13
6 13
7 13
11 13
1 14
2 14
3 14
4 14
6 14
9 14
6360 4 0 2 3 7 8 35
4 5
0 6
0 7
2 7
0 8
2 8
3 8
5 8
8 9
2 10
5 10
6 10
9 10
1 11
4 11
6 11
7 11
9 11
1 12
3 12
4 12
7 12
10 12
1 13
3 13
5 13
6 13
7 13
9 13
1 14
2 14
3 14
4 14
6 14
9 14
6138 4 0 1 5 10 13 39
4 5
3 6
4 6
2 7
6 7
2 8
5 8
0 9
1 9
3 9
4 9
8 9
0 10
1 10
3 10
5 10
7 10
3 11
4 11
7 11
8 11
3 12
4 12
7 12
8 12
0 13
1 13
2 13
5 13
6 13
11 13
12 13
0 14
1 14
2 14
5 14
6 14
11 14
12 14
6191 3 0 1 3 9 13 36
4 5
2 6
3 7
5 7
6 7
6 8
0 9
1 9
3 9
4 9
0 10
2 10
5 10
8 10
6 11
9 11
10 11
1 12
2 12
4 12
7 12
8 12
11 12
0 13
1 13
3 13
5 13
8 13
11 13
0 14
1 14
2 14
3 14
4 14
8 14
11 14
6366 6 0 1 3 13 14 36
4 5
0 6
5 6
2 7
6 7
2 8
5 8
3 9
4 9
7 9
8 9
2 10
4 10
6 10
1 11
3 11
4 11
6 11
8 11
0 12
1 12
2 12
5 12
9 12
0 13
1 13
3 13
7 13
8 13
10 13
0 14
1 14
3 14
5 14
7 14
10 14
6368 5 0 4 5 8 12 35
4 5
0 6
5 6
0 7
1 7
0 8
3 8
4 8
3 9
7 9
3 10
5 10
7 10
2 11
3 11
4 11
6 11
7 11
1 12
2 12
5 12
8 12
9 12
1 13
2 13
6 13
8 13
9 13
10 13
1 14
2 14
4 14
6 14
9 14
10 14
6369 5 0 1 2 7 8 35
4 5
0 6
5 6
0 7
1 7
2 7
0 8
1 8
3 8
4 8
2 9
6 9
2 10
6 10
3 11
4 11
7 11
9 11
10 11
1 12
3 12
5 12
9 12
10 12
5 13
7 13
8 13
9 13
10 13
1 14
2 14
3 14
4 14
6 14
13 14
6370 4 0 1 2 10 13 37
4 5
0 6
4 6
1 9
3 9
4 9
7 9
8 9
1 10
2 10
5 10
6 10
0 11
3 11
4 11
7 11
8 11
10 11
2 12
3 12
5 12
6 12
7 12
8 12
0 13
1 13
2 13
5 13
7 13
8 13
1 14
2 14
3 14
5 14
6 14
7 14
8 14
6372 6 0 6 9 11 12 35
4 5
0 6
4 6
4 7
1 8
2 8
4 8
3 9
6 9
8 9
0 10
3 10
5 10
7 10
8 10
1 11
3 11
5 11
6 11
0 12
2 12
7 12
9 12
11 12
1 13
2 13
5 13
7 13
9 13
1 14
2 14
3 14
5 14
6 14
7 14
6389 4 1 2 3 10 11 37
4 5
0 6
1 6
2 7
3 7
6 7
4 8
6 8
4 9
6 9
1 10
2 10
3 10
1 11
2 11
3 11
5 11
8 11
9 11
1 12
2 12
3 12
4 12
0 13
5 13
7 13
8 13
9 13
10 13
12 13
0 14
5 14
7 14
8 14
9 14
10 14
12 14
6016 4 0 3 6 9 11 35
4 5
3 6
6 7
5 8
6 8
2 9
3 9
7 9
1 10
4 10
8 10
9 10
0 11
5 11
6 11
9 11
0 12
2 12
5 12
7 12
10 12
1 13
2 13
3 13
4 13
7 13
8 13
11 13
0 14
1 14
2 14
3 14
4 14
7 14
8 14
6423 5 1 2 3 11 12 35
3 5
1 8
5 8
6 9
7 9
8 9
4 10
5 10
6 10
7 10
1 11
2 11
3 11
4 11
9 11
0 12
1 12
2 12
3 12
9 12
10 12
0 13
2 13
3 13
4 13
6 13
7 13
8 13
0 14
1 14
2 14
4 14
5 14
6 14
7 14
6361 4 0 3 5 7 8 35
4 5
0 6
0 7
2 7
3 7
4 7
0 8
1 8
3 8
5 8
3 9
1 10
6 10
7 10
9 10
3 11
5 11
10 11
1 12
2 12
5 12
6 12
9 12
2 13
4 13
6 13
8 13
9 13
11 13
1 14
2 14
4 14
6 14
9 14
11 14
6494 3 0 2 3 7 10 35
3 5
2 7
6 7
0 10
3 10
4 10
7 10
8 10
9 10
1 11
4 11
5 11
6 11
8 11
9 11
2 12
4 12
5 12
6 12
8 12
9 12
0 13
1 13
3 13
4 13
7 13
8 13
9 13
0 14
1 14
2 14
5 14
6 14
8 14
9 14
6520 5 0 1 4 12 13 36
3 5
5 6
5 7
2 8
7 8
2 9
3 9
7 9
1 10
4 10
6 10
8 10
9 10
0 11
4 11
5 11
8 11
9 11
0 12
1 12
2 12
4 12
6 12
7 12
0 13
1 13
3 13
4 13
6 13
8 13
1 14
2 14
3 14
6 14
7 14
11 14
6522 4 0 1 2 12 13 36
3 5
5 6
4 7
4 8
5 8
3 9
4 9
6 9
2 10
3 10
6 10
7 10
8 10
0 11
1 11
5 11
7 11
9 11
0 12
1 12
2 12
4 12
6 12
0 13
1 13
2 13
7 13
8 13
9 13
0 14
1 14
2 14
3 14
6 14
7 14
8 14
6544 4 5 6 7 9 10 38
3 5
4 6
5 9
6 9
7 9
8 9
5 10
6 10
7 10
8 10
0 11
1 11
2 11
3 11
4 11
7 11
8 11
0 12
1 12
2 12
3 12
4 12
9 12
10 12
0 13
1 13
2 13
3 13
6 13
7 13
8 13
0 14
1 14
2 14
4 14
5 14
7 14
8 14
6523 5 0 1 2 11 12 36
3 5
5 6
4 7
4 8
5 8
2 9
7 9
8 9
3 10
4 10
6 10
9 10
0 11
1 11
2 11
6 11
7 11
8 11
0 12
1 12
2 12
5 12
7 12
10 12
0 13
1 13
3 13
4 13
6 13
9 13
1 14
2 14
3 14
6 14
7 14
8 14
6558 4 0 1 3 8 14 35
3 5
4 6
1 8
3 8
1 9
4 9
5 10
6 10
7 10
8 10
9 10
2 11
5 11
6 11
7 11
8 11
9 11
0 12
2 12
3 12
6 12
7 12
9 12
0 13
2 13
4 13
5 13
7 13
8 13
0 14
1 14
2 14
3 14
4 14
10 14
6568 4 1 4 6 8 10 35
3 5
4 6
5 7
5 8
6 8
2 9
4 9
7 9
8 9
1 10
4 10
8 10
0 11
5 11
9 11
10 11
1 12
2 12
3 12
6 12
7 12
11 12
0 13
2 13
3 13
6 13
7 13
10 13
0 14
1 14
2 14
3 14
4 14
7 14
8 14
6570 5 1 2 3 10 14 36
3 5
4 6
5 7
6 7
3 8
6 8
1 9
2 9
5 9
6 9
1 10
2 10
3 10
7 10
0 11
4 11
5 11
8 11
10 11
0 12
4 12
7 12
8 12
9 12
0 13
1 13
2 13
4 13
7 13
8 13
1 14
2 14
3 14
6 14
11 14
12 14
6577 4 0 2 3 8 12 35
3 5
4 6
4 7
5 7
2 8
3 8
4 8
0 9
7 9
8 9
1 10
6 10
7 10
8 10
1 11
2 11
5 11
6 11
9 11
0 12
2 12
3 12
6 12
4 13
5 13
9 13
10 13
12 13
0 14
1 14
2 14
3 14
6 14
7 14
13 14
6615 6 0 3 5 10 11 36
3 5
4 6
5 6
5 7
6 8
4 9
7 9
8 9
3 10
7 10
8 10
0 11
1 11
2 11
5 11
9 11
10 11
0 12
1 12
2 12
6 12
9 12
10 12
1 13
2 13
3 13
4 13
7 13
8 13
0 14
1 14
2 14
3 14
4 14
7 14
8 14
6616 6 0 1 2 13 14 35
3 5
4 6
5 6
5 7
4 8
7 8
2 9
3 9
4 9
7 9
0 10
3 10
6 10
8 10
1 11
2 11
4 11
7 11
10 11
0 12
1 12
6 12
8 12
9 12
0 13
1 13
2 13
5 13
8 13
0 14
1 14
2 14
3 14
6 14
7 14
6630 4 0 2 4 9 14 37
3 5
4 6
5 6
0 7
2 7
6 7
1 8
2 8
3 8
0 9
2 9
4 9
3 10
6 10
9 10
4 11
5 11
7 11
8 11
10 11
4 12
5 12
7 12
8 12
10 12
1 13
3 13
6 13
9 13
11 13
12 13
0 14
1 14
2 14
4 14
5 14
10 14
6633 3 0 1 3 5 13 35
3 5
3 6
6 7
6 8
0 9
2 10
5 10
7 10
8 10
9 10
1 11
2 11
4 11
5 11
6 11
9 11
2 12
3 12
4 12
7 12
8 12
9 12
0 13
1 13
4 13
5 13
7 13
8 13
1 14
2 14
3 14
4 14
7 14
8 14
9 14
6617 4 3 5 6 8 10 36
3 5
4 6
5 6
5 7
3 8
7 9
8 9
6 10
7 10
8 10
0 11
1 11
2 11
4 11
7 11
8 11
0 12
1 12
2 12
3 12
6 12
9 12
0 13
1 13
2 13
4 13
5 13
9 13
10 13
0 14
1 14
2 14
3 14
4 14
9 14
10 14
6125 6 3 4 6 7 8 35
4 5
3 6
4 6
3 7
4 8
7 8
6 9
8 9
5 10
7 10
9 10
0 11
1 11
2 11
3 11
4 11
10 11
0 12
1 12
2 12
3 12
5 12
9 12
0 13
1 13
2 13
6 13
8 13
10 13
0 14
1 14
2 14
5 14
7 14
9 14
6641 4 0 1 4 13 14 35
3 5
3 6
4 7
2 8
7 8
0 9
2 9
3 9
5 10
6 10
7 10
9 10
2 11
5 11
6 11
7 11
1 12
4 12
5 12
6 12
8 12
9 12
0 13
1 13
4 13
8 13
10 13
11 13
0 14
1 14
3 14
4 14
8 14
10 14
11 14
6656 6 0 2 7 8 14 35
3 5
3 6
3 7
4 7
0 8
2 8
7 8
0 9
1 9
3 9
2 10
5 10
7 10
9 10
2 11
4 11
5 11
6 11
9 11
1 12
4 12
6 12
8 12
10 12
1 13
4 13
5 13
6 13
8 13
0 14
1 14
2 14
5 14
6 14
7 14
6649 4 0 1 2 8 9 38
3 5
3 6
3 7
2 8
0 9
1 9
3 9
4 9
8 9
4 10
5 10
6 10
7 10
8 10
4 11
5 11
6 11
7 11
8 11
4 12
5 12
6 12
7 12
8 12
0 13
1 13
2 13
4 13
5 13
6 13
7 13
0 14
1 14
2 14
3 14
10 14
11 14
12 14
6659 6 0 1 2 11 13 36
3 5
3 6
2 7
4 8
6 8
7 8
0 9
4 9
5 9
6 9
7 9
1 10
3 10
4 10
7 10
1 11
2 11
4 11
5 11
6 11
0 12
2 12
5 12
8 12
10 12
0 13
1 13
2 13
3 13
8 13
0 14
1 14
4 14
5 14
6 14
7 14
6662 6 3 5 6 9 11 36
3 5
3 6
2 7
1 8
6 8
7 8
0 9
4 9
5 9
6 9
7 9
1 10
3 10
4 10
7 10
1 11
2 11
4 11
5 11
6 11
0 12
2 12
5 12
8 12
10 12
0 13
2 13
3 13
4 13
8 13
0 14
1 14
4 14
5 14
6 14
7 14
6664 5 0 1 4 11 14 37
3 5
3 6
2 7
5 7
2 8
3 8
0 9
2 9
4 9
5 9
6 9
0 10
2 10
5 10
0 11
1 11
3 11
4 11
7 11
1 12
4 12
6 12
7 12
8 12
10 12
1 13
4 13
6 13
7 13
8 13
10 13
0 14
1 14
4 14
5 14
6 14
8 14
6680 3 1 2 7 8 9 38
3 5
3 6
1 7
2 7
1 8
2 8
0 9
3 9
4 9
7 9
8 9
4 10
5 10
6 10
7 10
1 11
2 11
3 11
10 11
0 12
4 12
5 12
6 12
8 12
11 12
0 13
1 13
2 13
4 13
5 13
6 13
0 14
4 14
5 14
6 14
7 14
8 14
11 14
6688 6 0 1 2 12 13 36
3 5
3 6
4 6
4 7
5 7
5 8
1 9
2 9
5 9
3 10
4 10
8 10
9 10
0 11
6 11
7 11
8 11
9 11
0 12
1 12
2 12
3 12
4 12
8 12
0 13
1 13
2 13
6 13
7 13
10 13
0 14
1 14
2 14
6 14
7 14
8 14
6706 4 1 5 6 11 12 36
3 5
2 6
2 8
4 8
7 8
3 9
4 9
6 9
7 9
1 10
5 10
8 10
9 10
1 11
5 11
6 11
8 11
0 12
1 12
4 12
5 12
6 12
7 12
0 13
2 13
3 13
7 13
10 13
11 13
0 14
2 14
3 14
4 14
7 14
10 14
11 14
6690 6 1 2 4 11 12 37
3 5
3 6
4 6
3 7
4 7
0 8
5 8
6 8
7 8
0 9
5 9
6 9
7 9
0 10
3 10
1 11
2 11
4 11
5 11
10 11
0 12
1 12
2 12
3 12
4 12
1 13
2 13
5 13
6 13
7 13
10 13
1 14
2 14
4 14
8 14
9 14
10 14
6707 6 0 1 6 11 12 35
3 5
2 6
2 8
4 8
5 8
7 8
4 9
5 9
6 9
3 10
7 10
9 10
0 11
1 11
6 11
8 11
10 11
0 12
1 12
3 12
4 12
6 12
7 12
0 13
1 13
2 13
3 13
7 13
9 13
0 14
1 14
2 14
4 14
5 14
10 14
6709 6 0 2 4 11 14 35
3 5
2 6
1 8
5 8
6 8
7 8
4 9
5 9
6 9
3 10
7 10
9 10
0 11
2 11
4 11
8 11
10 11
0 12
1 12
3 12
4 12
6 12
7 12
0 13
1 13
2 13
3 13
7 13
9 13
0 14
1 14
2 14
4 14
5 14
10 14
6717 4 1 4 8 11 12 35
3 5
2 6
5 7
6 7
5 8
4 9
5 9
6 9
0 10
7 10
9 10
1 11
2 11
4 11
8 11
10 11
1 12
3 12
4 12
6 12
8 12
10 12
0 13
2 13
3 13
4 13
7 13
8 13
0 14
1 14
2 14
3 14
7 14
8 14
9 14
6719 3 0 1 2 3 14 34
3 5
2 6
5 7
6 7
4 8
5 8
6 8
2 9
8 9
1 10
3 10
4 10
9 10
0 11
4 11
7 11
9 11
5 12
6 12
10 12
11 12
0 13
1 13
4 13
7 13
9 13
12 13
0 14
1 14
2 14
3 14
7 14
8 14
12 14
6725 5 4 6 8 9 10 36
3 5
2 6
4 7
4 8
6 8
4 9
5 9
6 9
3 10
7 10
8 10
9 10
0 11
1 11
3 11
6 11
7 11
0 12
1 12
2 12
5 12
7 12
8 12
0 13
1 13
2 13
4 13
5 13
10 13
0 14
1 14
2 14
3 14
7 14
8 14
9 14
6728 5 0 1 2 10 14 35
3 5
2 6
4 7
6 7
2 8
4 8
5 8
1 9
7 9
8 9
1 10
2 10
5 10
4 11
5 11
6 11
9 11
0 12
3 12
7 12
8 12
10 12
11 12
0 13
3 13
4 13
6 13
9 13
10 13
0 14
1 14
2 14
3 14
7 14
11 14
6729 5 0 1 2 6 14 34
3 5
2 6
4 7
5 7
2 8
4 8
5 8
1 9
7 9
1 10
7 10
2 11
3 11
4 11
9 11
10 11
0 12
3 12
6 12
8 12
9 12
10 12
0 13
4 13
5 13
6 13
9 13
10 13
0 14
1 14
3 14
6 14
7 14
8 14
6736 6 0 2 4 12 13 36
3 5
2 6
2 7
3 7
1 8
5 8
6 8
0 9
4 9
7 9
8 9
1 10
4 10
5 10
6 10
7 10
1 11
3 11
6 11
9 11
0 12
2 12
4 12
5 12
11 12
0 13
2 13
3 13
4 13
8 13
0 14
1 14
4 14
5 14
6 14
7 14
6743 6 0 3 7 9 10 36
3 5
2 6
1 7
1 8
2 8
3 8
0 9
3 9
4 9
6 9
7 9
0 10
2 10
3 10
7 10
0 11
1 11
2 11
4 11
5 11
4 12
5 12
6 12
7 12
8 12
1 13
4 13
5 13
6 13
10 13
0 14
4 14
5 14
6 14
7 14
8 14
6768 6 3 5 6 9 13 35
3 5
2 6
5 6
0 8
5 9
7 9
8 9
4 10
6 10
7 10
8 10
1 11
2 11
3 11
4 11
7 11
8 11
0 12
1 12
2 12
4 12
5 12
7 12
0 13
1 13
3 13
4 13
6 13
9 13
0 14
1 14
2 14
3 14
9 14
10 14
6763 5 1 3 6 8 9 37
3 5
2 6
0 7
4 7
5 7
1 8
3 8
6 8
1 9
3 9
4 9
6 9
0 10
2 10
4 10
5 10
8 10
1 11
2 11
3 11
7 11
2 12
7 12
8 12
9 12
0 13
4 13
5 13
6 13
11 13
12 13
0 14
1 14
4 14
5 14
6 14
12 14
6772 5 0 3 5 6 12 36
3 5
2 6
5 6
4 7
4 8
6 8
3 9
7 9
8 9
1 10
2 10
7 10
8 10
4 11
5 11
9 11
10 11
0 12
1 12
3 12
6 12
7 12
11 12
0 13
1 13
2 13
4 13
5 13
9 13
0 14
1 14
2 14
3 14
7 14
8 14
11 14
6770 5 2 3 5 6 10 34
3 5
2 6
5 6
5 7
6 8
1 9
6 9
7 9
2 10
3 10
4 10
7 10
8 10
1 11
2 11
7 11
0 12
4 12
5 12
8 12
9 12
11 12
0 13
3 13
4 13
8 13
9 13
11 13
0 14
1 14
3 14
4 14
7 14
8 14
6634 5 3 4 5 6 10 36
3 5
3 6
6 7
3 8
7 9
8 9
4 10
5 10
6 10
9 10
0 11
1 11
2 11
7 11
8 11
10 11
0 12
1 12
2 12
3 12
4 12
9 12
0 13
1 13
2 13
4 13
5 13
7 13
8 13
0 14
1 14
2 14
4 14
5 14
6 14
9 14
6807 5 0 4 8 9 11 36
3 5
2 6
3 6
6 7
6 8
0 9
4 9
8 9
1 10
5 10
7 10
9 10
0 11
3 11
4 11
8 11
10 11
1 12
2 12
4 12
5 12
7 12
8 12
1 13
2 13
5 13
7 13
9 13
11 13
0 14
1 14
2 14
3 14
4 14
7 14
8 14
6822 5 0 1 2 3 14 34
3 5
1 6
5 7
3 8
4 8
6 8
7 8
0 9
8 9
2 10
4 10
6 10
7 10
9 10
0 11
3 11
7 11
4 12
5 12
6 12
9 12
11 12
1 13
2 13
4 13
5 13
9 13
11 13
0 14
1 14
2 14
3 14
7 14
12 14
6828 4 2 3 6 8 13 35
3 5
1 6
4 7
5 7
2 8
3 8
6 8
2 9
4 9
5 9
0 10
7 10
8 10
9 10
4 11
5 11
6 11
10 11
1 12
7 12
8 12
9 12
11 12
0 13
2 13
3 13
4 13
6 13
12 13
0 14
1 14
2 14
3 14
7 14
11 14
6859 1 0 2 3 9 14 36
3 5
1 6
4 6
5 6
6 7
5 8
0 9
2 9
3 9
4 9
2 10
4 10
7 10
8 10
5 11
9 11
10 11
0 12
1 12
3 12
7 12
8 12
11 12
1 13
2 13
4 13
7 13
8 13
11 13
0 14
1 14
2 14
3 14
7 14
8 14
11 14
6873 4 0 1 2 6 14 35
3 5
1 6
2 6
2 7
3 7
5 8
5 9
7 9
2 10
5 10
1 11
3 11
4 11
8 11
9 11
10 11
0 12
4 12
6 12
8 12
9 12
10 12
0 13
4 13
6 13
7 13
8 13
10 13
0 14
1 14
2 14
3 14
4 14
8 14
9 14
6881 4 0 2 3 11 14 35
3 5
0 6
6 7
6 8
4 9
5 9
6 9
4 10
5 10
7 10
8 10
0 11
2 11
3 11
9 11
10 11
1 12
2 12
4 12
5 12
7 12
8 12
1 13
2 13
3 13
7 13
8 13
9 13
0 14
1 14
2 14
3 14
4 14
7 14
8 14
6894 6 0 2 3 7 10 35
3 5
0 6
0 7
2 7
3 7
4 8
5 8
7 8
1 9
6 9
8 9
2 10
3 10
4 10
9 10
1 11
6 11
7 11
10 11
1 12
2 12
4 12
5 12
6 12
0 13
4 13
5 13
9 13
11 13
1 14
2 14
3 14
6 14
8 14
13 14
6909 5 0 1 2 6 12 34
3 5
0 6
2 6
6 7
5 8
4 9
6 9
8 9
2 10
5 10
7 10
9 10
0 11
3 11
4 11
8 11
10 11
1 12
2 12
5 12
7 12
9 12
1 13
3 13
4 13
7 13
8 13
0 14
1 14
2 14
3 14
4 14
7 14
8 14
6914 5 0 2 4 11 12 36
3 5
0 6
1 6
2 7
5 7
6 7
1 8
7 8
1 9
2 9
5 9
7 10
0 11
1 11
2 11
4 11
5 11
10 11
0 12
2 12
3 12
4 12
8 12
10 12
3 13
4 13
6 13
8 13
9 13
10 13
3 14
4 14
6 14
8 14
9 14
10 14
6716 6 0 2 4 9 12 34
3 5
2 6
5 7
4 8
5 8
6 8
2 9
3 9
4 9
7 9
0 10
8 10
9 10
1 11
4 11
6 11
7 11
10 11
0 12
2 12
4 12
5 12
1 13
3 13
6 13
7 13
10 13
12 13
0 14
1 14
2 14
3 14
7 14
8 14
6918 5 0 1 6 7 12 36
3 5
0 6
1 6
2 6
3 7
4 7
6 7
2 8
2 9
1 10
4 10
5 10
8 10
9 10
0 11
2 11
5 11
7 11
0 12
1 12
5 12
7 12
8 12
9 12
3 13
4 13
6 13
8 13
9 13
11 13
1 14
3 14
4 14
8 14
9 14
11 14
6917 5 0 1 2 6 13 36
3 5
0 6
1 6
2 6
5 7
6 7
3 8
4 8
6 8
2 9
5 9
1 10
3 10
4 10
7 10
9 10
7 11
8 11
9 11
7 12
8 12
9 12
0 13
1 13
2 13
4 13
5 13
11 13
12 13
0 14
1 14
2 14
3 14
4 14
11 14
12 14
6919 6 0 3 4 6 12 36
3 5
0 6
1 6
2 6
3 6
4 7
6 7
1 8
2 8
5 8
2 9
4 9
2 10
4 10
0 11
3 11
7 11
8 11
9 11
10 11
0 12
3 12
4 12
8 12
1 13
5 13
7 13
9 13
10 13
12 13
1 14
5 14
7 14
9 14
10 14
12 14
6926 3 6 7 8 9 10 36
3 5
4 5
6 8
7 8
6 9
7 9
5 10
6 10
7 10
0 11
2 11
5 11
8 11
9 11
1 12
2 12
3 12
4 12
8 12
9 12
10 12
0 13
1 13
2 13
3 13
4 13
6 13
7 13
0 14
1 14
2 14
3 14
4 14
8 14
9 14
10 14
6928 5 0 1 2 12 13 36
3 5
4 5
5 8
6 8
7 8
4 9
6 9
7 9
4 10
6 10
7 10
3 11
8 11
9 11
10 11
0 12
1 12
2 12
5 12
6 12
7 12
11 12
0 13
1 13
2 13
3 13
8 13
9 13
10 13
0 14
1 14
2 14
3 14
4 14
6 14
7 14
6933 4 0 3 4 5 11 36
3 5
4 5
3 8
6 9
7 9
8 9
0 10
5 10
9 10
0 11
1 11
2 11
3 11
4 11
9 11
1 12
2 12
4 12
6 12
7 12
8 12
10 12
1 13
2 13
3 13
4 13
6 13
7 13
10 13
0 14
1 14
2 14
5 14
6 14
7 14
8 14
6938 5 0 1 7 10 11 35
3 5
4 5
6 7
5 8
6 8
2 9
4 9
7 9
8 9
0 10
1 10
7 10
8 10
0 11
1 11
2 11
5 11
7 11
2 12
3 12
4 12
6 12
10 12
0 13
1 13
3 13
6 13
9 13
0 14
1 14
2 14
3 14
4 14
7 14
8 14
6944 5 0 1 2 12 13 35
3 5
4 5
4 7
6 8
7 8
5 9
6 9
7 9
0 10
1 10
8 10
9 10
2 11
3 11
4 11
6 11
10 11
0 12
1 12
2 12
5 12
8 12
0 13
1 13
2 13
3 13
6 13
7 13
0 14
1 14
2 14
3 14
4 14
8 14
9 14
6947 3 0 3 4 5 14 35
3 5
4 5
4 7
0 8
4 8
1 9
3 9
6 9
7 9
8 9
1 10
2 10
5 10
6 10
0 11
2 11
3 11
6 11
7 11
2 12
5 12
6 12
7 12
8 12
1 13
2 13
6 13
7 13
8 13
0 14
3 14
4 14
10 14
12 14
13 14
6961 5 0 1 2 9 14 35
3 5
4 5
5 6
5 7
2 8
4 8
1 9
2 9
6 10
7 10
8 10
9 10
6 11
7 11
8 11
9 11
0 12
1 12
3 12
4 12
10 12
11 12
0 13
3 13
6 13
7 13
8 13
9 13
0 14
1 14
2 14
3 14
4 14
6 14
7 14
6969 5 0 1 2 12 14 36
3 5
4 5
4 6
3 9
6 9
7 9
8 9
5 10
6 10
7 10
8 10
5 11
6 11
7 11
8 11
0 12
1 12
2 12
3 12
4 12
7 12
8 12
0 13
1 13
2 13
4 13
9 13
10 13
11 13
0 14
1 14
2 14
5 14
6 14
7 14
8 14
6971 5 0 1 2 11 13 35
3 5
4 5
4 6
0 8
4 8
7 8
6 9
7 9
5 10
6 10
7 10
0 11
1 11
2 11
5 11
9 11
1 12
2 12
3 12
8 12
9 12
10 12
0 13
1 13
2 13
3 13
6 13
7 13
0 14
1 14
2 14
3 14
4 14
9 14
10 14
6787 3 0 1 4 9 11 37
3 5
2 6
5 6
1 7
4 7
5 7
2 8
7 8
0 9
1 9
4 9
5 9
0 10
3 10
6 10
8 10
0 11
1 11
2 11
4 11
5 11
2 12
7 12
9 12
10 12
0 13
3 13
4 13
6 13
8 13
12 13
1 14
3 14
4 14
6 14
8 14
12 14
6987 4 3 4 5 6 10 35
3 5
4 5
4 6
2 7
7 8
6 9
7 9
3 10
4 10
8 10
9 10
1 11
2 11
3 11
6 11
8 11
0 12
1 12
2 12
5 12
8 12
9 12
0 13
1 13
5 13
6 13
7 13
10 13
0 14
1 14
2 14
3 14
4 14
8 14
9 14
6988 4 2 7 8 9 10 36
3 5
4 5
4 6
2 7
7 8
0 9
2 9
8 9
1 10
3 10
6 10
7 10
9 10
5 11
6 11
7 11
9 11
0 12
1 12
3 12
4 12
8 12
11 12
0 13
1 13
2 13
5 13
6 13
8 13
0 14
1 14
2 14
3 14
4 14
8 14
11 14
6989 5 0 1 3 11 13 34
3 5
4 5
4 6
2 7
6 8
7 8
5 9
6 9
7 9
2 10
5 10
8 10
1 11
3 11
9 11
10 11
0 12
2 12
4 12
8 12
11 12
0 13
1 13
3 13
6 13
7 13
10 13
0 14
1 14
2 14
3 14
4 14
8 14
9 14
6992 5 0 1 6 10 11 35
3 5
4 5
4 6
2 7
5 7
6 8
7 8
1 9
5 9
8 9
0 10
2 10
3 10
6 10
9 10
0 11
1 11
6 11
7 11
2 12
3 12
4 12
8 12
11 12
1 13
2 13
3 13
4 13
8 13
0 14
6 14
7 14
9 14
12 14
13 14
6996 6 0 5 8 12 13 34
3 5
4 5
4 6
1 7
2 7
6 7
6 8
1 9
4 9
0 10
3 10
7 10
8 10
9 10
2 11
3 11
6 11
9 11
0 12
2 12
5 12
8 12
9 12
0 13
1 13
5 13
8 13
11 13
0 14
1 14
2 14
3 14
4 14
8 14
6998 4 0 4 5 6 11 36
3 5
4 5
4 6
0 7
0 8
1 9
4 9
7 9
2 10
3 10
6 10
8 10
9 10
0 11
5 11
6 11
9 11
1 12
2 12
3 12
7 12
8 12
11 12
1 13
2 13
5 13
6 13
7 13
8 13
1 14
2 14
3 14
4 14
7 14
8 14
11 14
7008 3 0 3 6 8 10 35
3 5
4 5
3 6
2 7
4 7
4 8
6 8
1 9
4 9
0 10
2 10
3 10
8 10
9 10
2 11
8 11
9 11
2 12
3 12
8 12
9 12
0 13
1 13
5 13
6 13
7 13
11 13
12 13
0 14
1 14
5 14
6 14
7 14
11 14
12 14
7018 5 1 2 8 9 10 38
3 5
4 5
3 6
4 6
3 7
4 7
0 8
3 8
4 8
1 9
2 9
8 9
1 10
2 10
8 10
5 11
6 11
7 11
9 11
10 11
5 12
6 12
7 12
9 12
10 12
0 13
1 13
2 13
5 13
6 13
7 13
0 14
1 14
2 14
3 14
4 14
11 14
12 14
7027 6 0 1 3 13 14 36
3 5
4 5
3 6
4 6
2 7
5 7
6 7
1 8
5 8
6 8
2 9
4 9
8 9
1 10
3 10
9 10
0 11
4 11
7 11
8 11
10 11
0 12
2 12
5 12
6 12
10 12
0 13
1 13
3 13
7 13
9 13
0 14
1 14
2 14
3 14
4 14
7031 4 0 1 7 9 10 38
3 5
4 5
3 6
4 6
2 7
3 7
4 7
1 8
2 8
5 8
6 8
0 9
1 9
7 9
0 10
1 10
5 10
7 10
2 11
6 11
9 11
10 11
2 12
5 12
6 12
9 12
0 13
3 13
4 13
8 13
11 13
12 13
0 14
1 14
3 14
4 14
11 14
12 14
6910 6 0 2 6 9 14 34
3 5
0 6
2 6
1 7
3 7
6 7
4 8
7 8
4 9
5 9
6 9
2 10
8 10
9 10
1 11
2 11
5 11
8 11
0 12
3 12
4 12
10 12
11 12
0 13
1 13
4 13
5 13
10 13
0 14
1 14
2 14
3 14
8 14
9 14
6979 2 0 1 2 5 11 35
3 5
4 5
4 6
4 7
2 8
4 8
3 9
6 9
7 9
2 10
5 10
9 10
0 11
2 11
5 11
9 11
1 12
6 12
7 12
8 12
10 12
11 12
3 13
6 13
7 13
8 13
10 13
11 13
0 14
1 14
3 14
6 14
7 14
8 14
10 14
7038 5 1 2 9 10 11 38
3 5
4 5
3 6
4 6
0 7
3 7
4 7
0 8
5 8
6 8
1 9
2 9
8 9
1 10
2 10
8 10
5 11
6 11
7 11
9 11
10 11
0 12
3 12
4 12
9 12
10 12
1 13
2 13
5 13
6 13
7 13
12 13
0 14
1 14
2 14
3 14
4 14
11 14
7044 4 0 1 4 9 14 35
3 5
4 5
2 6
6 7
5 8
7 8
1 9
4 9
8 9
1 10
6 10
8 10
2 11
5 11
7 11
9 11
10 11
0 12
3 12
4 12
6 12
8 12
11 12
0 13
2 13
3 13
7 13
9 13
10 13
0 14
1 14
2 14
3 14
4 14
7 14
7039 6 0 1 7 11 12 36
3 5
4 5
2 6
6 8
1 9
4 9
6 9
7 9
3 10
4 10
6 10
7 10
0 11
1 11
5 11
7 11
8 11
0 12
1 12
2 12
3 12
7 12
8 12
0 13
2 13
5 13
8 13
9 13
10 13
0 14
1 14
2 14
3 14
4 14
7 14
8 14
7055 3 0 4 7 11 13 35
3 5
4 5
2 6
1 7
6 7
6 8
5 9
6 9
1 10
2 10
3 10
8 10
0 11
4 11
7 11
9 11
10 11
0 12
1 12
2 12
5 12
8 12
0 13
3 13
4 13
7 13
8 13
9 13
0 14
1 14
2 14
3 14
4 14
8 14
9 14
7050 3 0 1 5 10 13 36
3 5
4 5
2 6
4 7
6 7
7 8
0 9
2 9
3 9
8 9
0 10
1 10
5 10
6 10
7 11
9 11
10 11
1 12
3 12
4 12
6 12
8 12
11 12
0 13
1 13
2 13
5 13
8 13
11 13
0 14
1 14
2 14
3 14
4 14
8 14
11 14
7080 5 0 1 3 12 14 36
3 5
4 5
2 6
5 6
1 7
4 7
6 7
1 8
5 8
2 9
4 9
8 9
0 10
5 10
7 10
9 10
2 11
3 11
4 11
8 11
10 11
0 12
1 12
3 12
6 12
9 12
0 13
2 13
3 13
7 13
8 13
0 14
1 14
3 14
4 14
6 14
7089 5 0 1 3 9 12 36
3 5
4 5
2 6
4 6
0 9
1 9
3 9
2 10
4 10
7 10
8 10
9 10
5 11
6 11
7 11
8 11
9 11
0 12
1 12
3 12
6 12
7 12
8 12
0 13
1 13
2 13
5 13
7 13
8 13
0 14
1 14
2 14
3 14
4 14
7 14
8 14
7090 6 0 1 7 13 14 34
3 5
4 5
2 6
4 6
3 8
6 8
7 8
1 9
4 9
8 9
0 10
3 10
7 10
9 10
1 11
2 11
5 11
8 11
10 11
0 12
2 12
3 12
7 12
9 12
0 13
1 13
5 13
6 13
7 13
0 14
1 14
2 14
4 14
7 14
7102 1 0 1 5 6 11 36
3 5
4 5
1 6
5 7
6 8
6 9
2 10
7 10
8 10
9 10
0 11
5 11
6 11
10 11
2 12
3 12
4 12
7 12
8 12
9 12
11 12
0 13
1 13
3 13
4 13
7 13
8 13
9 13
0 14
1 14
2 14
3 14
4 14
7 14
8 14
9 14
7116 5 0 3 5 6 12 35
3 5
4 5
1 6
5 6
5 7
4 8
2 9
7 9
8 9
3 10
4 10
9 10
2 11
6 11
7 11
8 11
10 11
0 12
2 12
3 12
6 12
7 12
8 12
0 13
1 13
2 13
7 13
8 13
10 13
0 14
1 14
3 14
4 14
9 14
11 14
7119 5 0 1 3 11 12 37
3 5
4 5
1 6
5 6
2 7
4 7
6 7
2 8
4 8
6 8
0 9
3 9
7 9
8 9
1 10
2 10
5 10
9 10
0 11
1 11
3 11
4 11
0 12
1 12
2 12
3 12
5 13
7 13
8 13
11 13
12 13
0 14
3 14
4 14
6 14
10 14
13 14
7121 3 1 2 4 7 8 40
3 5
4 5
1 6
5 6
1 7
2 7
4 7
1 8
2 8
4 8
2 9
5 9
2 10
5 10
0 11
3 11
4 11
6 11
9 11
10 11
0 12
1 12
3 12
4 12
9 12
10 12
0 13
3 13
6 13
7 13
8 13
9 13
10 13
0 14
3 14
6 14
7 14
8 14
9 14
10 14
7140 5 0 3 5 7 8 35
3 5
4 5
0 6
0 7
3 7
0 8
1 8
2 8
3 8
4 9
6 9
8 9
3 10
9 10
2 11
4 11
6 11
10 11
1 12
5 12
7 12
9 12
11 12
1 13
2 13
4 13
6 13
7 13
10 13
1 14
2 14
5 14
6 14
7 14
10 14
7149 5 0 1 3 8 14 34
3 5
4 5
0 6
2 6
0 7
4 7
0 8
1 8
3 8
2 9
7 9
8 9
5 10
6 10
7 10
8 10
3 11
6 11
9 11
1 12
2 12
4 12
10 12
11 12
1 13
2 13
5 13
7 13
11 13
1 14
3 14
4 14
6 14
9 14
7138 6 0 1 3 11 12 37
3 5
4 5
0 6
1 7
5 7
2 8
4 8
6 8
7 8
2 9
3 9
4 9
6 9
7 9
1 10
2 10
5 10
6 10
0 11
1 11
3 11
8 11
0 12
1 12
3 12
4 12
2 13
5 13
6 13
11 13
12 13
0 14
3 14
4 14
7 14
10 14
13 14
7165 2 0 1 2 3 14 36
2 5
0 9
1 10
5 10
6 10
7 10
8 10
9 10
4 11
5 11
6 11
7 11
8 11
9 11
2 12
3 12
4 12
6 12
7 12
8 12
9 12
3 13
4 13
5 13
6 13
7 13
8 13
9 13
0 14
1 14
3 14
4 14
5 14
6 14
7 14
8 14
7166 3 0 2 3 9 13 38
2 5
0 9
2 9
3 9
4 10
5 10
6 10
7 10
8 10
9 10
1 11
3 11
5 11
6 11
7 11
8 11
1 12
4 12
5 12
6 12
7 12
8 12
9 12
0 13
2 13
3 13
4 13
6 13
7 13
8 13
0 14
1 14
2 14
3 14
4 14
6 14
7 14
8 14
7035 5 0 2 5 8 11 38
3 5
4 5
3 6
4 6
1 7
6 7
0 8
2 8
5 8
7 8
1 9
2 9
3 9
4 9
0 10
1 10
5 10
6 10
0 11
1 11
2 11
5 11
6 12
8 12
9 12
11 12
2 13
3 13
4 13
7 13
10 13
12 13
0 14
2 14
3 14
4 14
7 14
12 14
6962 4 0 2 9 10 14 35
3 5
4 5
5 6
4 7
6 7
1 8
7 8
1 9
0 10
2 10
5 10
7 10
9 10
1 11
2 11
3 11
7 11
2 12
3 12
4 12
6 12
8 12
9 12
0 13
4 13
6 13
8 13
9 13
11 13
0 14
2 14
3 14
6 14
8 14
9 14
7176 5 0 1 6 9 12 35
2 5
5 8
6 8
7 8
1 9
5 9
6 9
7 9
3 10
4 10
5 10
6 10
7 10
2 11
3 11
4 11
8 11
0 12
1 12
6 12
7 12
11 12
0 13
2 13
3 13
4 13
8 13
9 13
0 14
1 14
2 14
3 14
4 14
6 14
7 14
7177 5 2 3 4 10 13 36
2 5
5 8
6 8
7 8
0 9
1 9
8 9
2 10
3 10
4 10
8 10
0 11
1 11
5 11
6 11
7 11
10 11
3 12
4 12
5 12
6 12
7 12
9 12
2 13
3 13
4 13
6 13
7 13
9 13
0 14
1 14
2 14
3 14
4 14
6 14
7 14
7187 4 1 2 3 12 13 37
2 5
1 8
4 9
5 9
6 9
7 9
8 9
4 10
5 10
6 10
7 10
8 10
0 11
3 11
5 11
6 11
7 11
8 11
0 12
1 12
2 12
3 12
9 12
10 12
1 13
2 13
3 13
4 13
6 13
7 13
0 14
2 14
3 14
4 14
6 14
7 14
8 14
7188 3 0 1 5 9 11 36
2 5
1 8
0 9
5 9
7 9
8 9
4 10
5 10
6 10
7 10
8 10
0 11
1 11
3 11
5 11
6 11
7 11
2 12
3 12
4 12
6 12
7 12
8 12
1 13
2 13
3 13
4 13
6 13
9 13
0 14
2 14
3 14
4 14
6 14
7 14
8 14
7217 5 5 6 7 8 9 37
2 5
5 7
6 7
5 8
6 8
7 9
8 9
3 10
4 10
7 10
8 10
0 11
1 11
3 11
4 11
5 11
9 11
0 12
1 12
2 12
6 12
9 12
10 12
0 13
1 13
2 13
3 13
4 13
6 13
9 13
0 14
1 14
2 14
3 14
4 14
7 14
8 14
7257 6 3 4 5 7 12 36
2 5
3 7
4 7
5 7
6 7
6 8
4 9
6 9
3 10
5 10
8 10
9 10
0 11
1 11
2 11
4 11
6 11
10 11
0 12
1 12
3 12
4 12
5 12
8 12
0 13
1 13
2 13
3 13
8 13
9 13
0 14
1 14
2 14
7 14
8 14
9 14
7261 2 0 2 4 7 12 36
2 5
2 7
4 7
6 7
1 8
7 8
4 9
5 9
6 9
8 9
1 10
3 10
5 10
6 10
7 11
9 11
10 11
0 12
2 12
3 12
4 12
8 12
11 12
0 13
3 13
5 13
6 13
8 13
11 13
0 14
1 14
3 14
4 14
5 14
6 14
11 14
7263 2 0 1 2 3 12 37
2 5
1 7
2 8
4 8
6 8
7 8
3 9
5 9
6 9
7 9
8 10
9 10
0 11
4 11
5 11
6 11
7 11
10 11
0 12
1 12
2 12
3 12
4 12
10 12
1 13
3 13
4 13
5 13
6 13
10 13
0 14
3 14
4 14
5 14
6 14
7 14
10 14
7271 4 1 5 6 12 13 35
2 5
0 7
6 7
3 8
4 8
5 8
7 8
0 9
2 9
2 10
3 10
4 10
7 10
1 11
6 11
8 11
9 11
10 11
1 12
5 12
6 12
9 12
10 12
1 13
3 13
4 13
5 13
6 13
9 13
0 14
2 14
3 14
4 14
11 14
12 14
7282 6 2 5 6 8 10 36
2 5
5 6
6 8
7 8
3 9
4 9
5 9
7 9
0 10
1 10
5 10
8 10
0 11
1 11
8 11
9 11
0 12
1 12
2 12
3 12
4 12
8 12
2 13
3 13
4 13
6 13
7 13
10 13
11 13
0 14
1 14
2 14
3 14
4 14
6 14
7 14
7292 3 0 2 5 6 11 36
2 5
5 6
5 7
1 9
3 9
5 9
8 9
2 10
4 10
6 10
7 10
8 10
0 11
2 11
6 11
9 11
1 12
3 12
4 12
7 12
8 12
11 12
0 13
3 13
4 13
6 13
7 13
8 13
0 14
1 14
2 14
3 14
4 14
6 14
7 14
8 14
7295 5 0 1 2 3 14 35
2 5
5 6
5 7
2 8
4 8
1 9
7 9
8 9
3 10
6 10
7 10
8 10
2 11
3 11
4 11
6 11
9 11
0 12
4 12
5 12
9 12
10 12
1 13
3 13
6 13
7 13
8 13
12 13
0 14
1 14
2 14
3 14
4 14
6 14
7 14
7294 5 0 1 3 12 14 36
2 5
5 6
5 7
2 8
4 8
6 9
7 9
8 9
3 10
6 10
7 10
8 10
1 11
4 11
5 11
9 11
10 11
0 12
1 12
2 12
3 12
4 12
9 12
0 13
3 13
6 13
7 13
8 13
11 13
0 14
1 14
2 14
3 14
4 14
6 14
7 14
7306 6 0 1 3 12 13 36
2 5
5 6
3 7
4 7
5 7
2 8
4 8
2 9
4 9
0 10
3 10
5 10
8 10
1 11
6 11
7 11
9 11
10 11
0 12
1 12
2 12
3 12
4 12
6 12
0 13
1 13
3 13
6 13
8 13
9 13
0 14
1 14
6 14
7 14
8 14
9 14
7333 5 0 1 2 13 14 34
2 5
4 6
4 7
5 7
3 8
5 8
6 8
2 9
3 9
6 9
7 9
0 10
4 10
8 10
9 10
0 11
5 11
6 11
1 12
3 12
7 12
10 12
11 12
1 13
2 13
4 13
8 13
11 13
0 14
1 14
2 14
3 14
6 14
7 14
7340 4 0 1 5 10 11 35
2 5
4 6
3 7
6 7
7 8
5 9
7 9
0 10
3 10
4 10
5 10
0 11
1 11
5 11
6 11
8 11
1 12
2 12
3 12
4 12
8 12
9 12
1 13
2 13
6 13
8 13
9 13
10 13
0 14
1 14
2 14
3 14
4 14
8 14
9 14
7347 5 0 2 5 7 11 35
2 5
4 6
2 7
3 7
6 7
6 8
0 9
6 9
1 10
3 10
5 10
8 10
9 10
0 11
4 11
5 11
7 11
8 11
4 12
5 12
7 12
8 12
9 12
1 13
2 13
3 13
4 13
8 13
9 13
0 14
1 14
2 14
3 14
6 14
12 14
7356 3 0 1 2 11 13 35
2 5
4 6
5 6
4 7
5 8
6 9
7 9
8 9
1 10
4 10
5 10
9 10
1 11
2 11
3 11
7 11
8 11
0 12
3 12
6 12
7 12
8 12
10 12
0 13
1 13
2 13
3 13
4 13
9 13
1 14
2 14
3 14
6 14
7 14
8 14
7365 3 0 1 7 10 11 34
2 5
4 6
5 6
1 7
4 7
0 8
4 8
1 9
3 9
4 9
5 9
0 10
1 10
3 11
5 11
7 11
8 11
10 11
2 12
3 12
6 12
8 12
10 12
0 13
2 13
3 13
6 13
7 13
2 14
6 14
7 14
8 14
9 14
10 14
7395 5 0 1 2 7 8 39
2 5
3 6
0 7
2 7
3 7
0 8
1 8
2 8
4 8
6 8
0 9
1 9
3 9
4 9
5 9
4 10
5 10
6 10
7 10
4 11
5 11
6 11
7 11
1 12
2 12
3 12
10 12
11 12
1 13
2 13
3 13
10 13
11 13
0 14
4 14
5 14
6 14
12 14
13 14
7399 5 2 5 6 8 13 36
2 5
3 6
5 6
4 7
4 8
5 8
4 9
6 9
1 10
7 10
8 10
9 10
0 11
2 11
3 11
4 11
10 11
0 12
1 12
3 12
5 12
7 12
9 12
0 13
1 13
2 13
6 13
7 13
8 13
0 14
1 14
2 14
3 14
7 14
8 14
9 14
7411 2 0 1 2 3 11 35
2 5
3 6
4 6
3 7
5 7
2 8
6 8
5 9
5 10
6 10
0 11
1 11
2 11
3 11
9 11
10 11
0 12
4 12
7 12
8 12
9 12
10 12
1 13
4 13
7 13
8 13
9 13
10 13
0 14
1 14
3 14
4 14
8 14
9 14
10 14
7428 3 0 2 5 9 10 36
2 5
2 6
5 7
5 8
2 9
3 9
4 9
0 10
5 10
9 10
3 11
4 11
6 11
7 11
8 11
10 11
0 12
1 12
6 12
7 12
8 12
9 12
1 13
3 13
4 13
6 13
7 13
8 13
10 13
0 14
1 14
2 14
3 14
4 14
7 14
8 14
7438 5 0 4 8 12 13 36
2 5
2 6
2 7
3 7
1 8
5 8
7 8
1 9
6 9
7 9
1 10
3 10
4 10
5 10
6 10
0 11
3 11
4 11
5 11
9 11
0 12
3 12
4 12
6 12
8 12
0 13
2 13
4 13
8 13
9 13
0 14
1 14
4 14
5 14
6 14
7 14
7175 5 0 1 3 11 14 35
2 5
5 8
6 8
7 8
3 9
4 9
5 9
6 9
7 9
2 10
4 10
8 10
1 11
3 11
6 11
7 11
10 11
0 12
5 12
6 12
7 12
10 12
1 13
2 13
3 13
4 13
8 13
12 13
0 14
1 14
2 14
3 14
4 14
6 14
7 14
7467 3 0 1 2 9 12 37
2 5
2 6
3 6
4 6
4 7
5 7
0 8
6 8
7 8
0 9
1 9
2 9
4 9
3 10
5 10
8 10
9 10
3 11
4 11
5 11
8 11
1 12
2 12
7 12
10 12
11 12
1 13
6 13
7 13
10 13
11 13
0 14
3 14
4 14
5 14
12 14
13 14
7483 5 0 1 6 10 12 35
2 5
1 6
5 7
2 8
6 8
7 8
0 9
7 9
0 10
1 10
7 10
3 11
4 11
5 11
8 11
9 11
10 11
2 12
3 12
4 12
6 12
9 12
10 12
1 13
3 13
4 13
5 13
8 13
9 13
0 14
2 14
3 14
4 14
6 14
7 14
7503 6 0 1 2 7 8 34
2 5
1 6
1 7
2 7
0 8
7 8
0 9
3 9
5 9
4 10
6 10
7 10
9 10
3 11
4 11
5 11
6 11
8 11
2 12
4 12
6 12
8 12
9 12
1 13
3 13
5 13
8 13
10 13
0 14
3 14
4 14
5 14
6 14
7 14
7508 4 0 1 5 8 9 39
2 5
1 6
0 7
5 7
0 8
1 8
4 8
5 8
0 9
1 9
3 9
4 9
5 9
2 10
3 10
4 10
6 10
7 10
2 11
3 11
4 11
6 11
7 11
2 12
3 12
6 12
7 12
8 12
1 13
5 13
10 13
11 13
12 13
0 14
2 14
3 14
4 14
6 14
13 14
7512 4 0 1 3 7 10 34
2 5
1 6
0 7
3 7
5 7
3 8
1 9
4 9
5 9
8 9
1 10
2 10
3 10
0 11
2 11
4 11
6 11
8 11
4 12
5 12
6 12
8 12
10 12
4 13
6 13
7 13
8 13
10 13
0 14
2 14
3 14
9 14
12 14
13 14
7520 5 0 2 5 9 10 34
2 5
1 6
5 6
1 7
5 8
7 8
0 9
3 9
5 9
7 9
0 10
2 10
7 10
4 11
6 11
8 11
9 11
10 11
3 12
4 12
6 12
8 12
10 12
1 13
2 13
3 13
4 13
8 13
0 14
2 14
3 14
4 14
6 14
7 14
7530 4 0 3 7 10 13 35
2 5
1 6
5 6
0 7
3 7
6 7
4 8
5 8
3 9
4 9
5 9
7 10
8 10
9 10
1 11
2 11
3 11
8 11
0 12
4 12
6 12
10 12
11 12
0 13
1 13
2 13
3 13
4 13
10 13
1 14
2 14
7 14
8 14
9 14
12 14
7466 4 2 3 4 6 12 37
2 5
2 6
3 6
4 6
5 7
1 8
5 8
0 9
4 9
7 9
8 9
1 10
3 10
4 10
5 10
1 11
2 11
3 11
9 11
0 12
1 12
2 12
3 12
4 12
7 12
0 13
6 13
7 13
8 13
10 13
11 13
0 14
6 14
7 14
8 14
10 14
11 14
7535 5 0 1 8 11 13 34
2 5
1 6
4 6
2 7
3 7
4 7
4 8
3 9
5 9
6 9
3 10
4 10
5 10
0 11
1 11
7 11
8 11
9 11
0 12
2 12
6 12
8 12
10 12
0 13
1 13
3 13
5 13
8 13
0 14
1 14
2 14
8 14
9 14
10 14
7541 4 0 1 4 6 7 34
2 5
1 6
4 6
5 6
1 7
2 7
4 7
5 8
7 8
0 9
0 10
6 10
3 11
5 11
7 11
9 11
10 11
2 12
3 12
6 12
8 12
9 12
1 13
3 13
4 13
8 13
9 13
10 13
2 14
3 14
4 14
8 14
9 14
10 14
7550 3 0 1 2 8 14 39
2 5
1 6
3 6
5 6
0 7
3 7
4 7
0 8
1 8
2 8
6 9
7 9
3 10
4 10
5 10
8 10
9 10
3 11
4 11
5 11
8 11
9 11
2 12
6 12
7 12
10 12
11 12
0 13
1 13
4 13
5 13
9 13
12 13
0 14
1 14
2 14
3 14
4 14
9 14
7558 4 0 1 2 6 13 35
2 5
1 6
2 6
0 7
3 8
4 8
6 8
7 8
4 9
5 9
7 9
3 10
4 10
5 10
1 11
3 11
5 11
7 11
0 12
6 12
9 12
10 12
11 12
0 13
1 13
2 13
8 13
9 13
10 13
1 14
2 14
3 14
4 14
7 14
12 14
7565 5 0 1 6 9 13 35
2 5
0 6
3 7
5 7
7 8
1 9
2 9
6 9
7 9
1 10
7 10
2 11
3 11
4 11
6 11
8 11
10 11
1 12
3 12
4 12
5 12
6 12
8 12
0 13
4 13
5 13
8 13
9 13
10 13
0 14
2 14
3 14
4 14
8 14
10 14
7570 4 1 3 4 7 8 38
2 5
0 6
1 7
3 7
4 7
5 7
1 8
2 8
3 8
4 8
6 8
0 9
1 9
3 9
4 10
5 10
6 10
9 10
4 11
5 11
6 11
9 11
3 12
4 12
5 12
6 12
0 13
2 13
7 13
10 13
11 13
12 13
0 14
1 14
2 14
10 14
11 14
12 14
7572 4 0 4 6 7 9 35
2 5
0 6
0 7
3 7
4 7
5 7
1 8
3 8
4 9
6 9
8 9
4 10
5 10
6 10
5 11
8 11
1 12
2 12
3 12
4 12
6 12
11 12
0 13
1 13
2 13
9 13
10 13
11 13
0 14
1 14
2 14
3 14
9 14
10 14
11 14
7582 4 0 1 2 5 14 34
2 5
0 6
3 6
3 7
3 8
1 9
5 9
6 9
7 9
2 10
4 10
7 10
8 10
1 11
3 11
10 11
4 12
5 12
6 12
7 12
8 12
11 12
0 13
2 13
4 13
8 13
9 13
11 13
0 14
1 14
4 14
5 14
7 14
8 14
7595 3 0 1 3 11 12 36
2 5
0 6
1 6
4 7
5 7
6 7
4 8
5 8
6 8
1 9
2 9
3 9
7 10
8 10
9 10
0 11
1 11
3 11
5 11
10 11
0 12
1 12
2 12
3 12
4 12
2 13
3 13
4 13
6 13
10 13
7 14
8 14
9 14
11 14
12 14
13 14
7170 5 0 2 5 9 10 37
2 5
6 8
7 8
0 9
1 9
5 9
8 9
0 10
5 10
8 10
0 11
1 11
2 11
3 11
4 11
8 11
2 12
3 12
4 12
6 12
7 12
9 12
10 12
1 13
2 13
3 13
4 13
6 13
7 13
10 13
0 14
1 14
3 14
4 14
5 14
6 14
7 14
7598 5 0 1 6 10 11 36
2 5
0 6
1 6
0 7
5 7
5 10
6 10
8 10
9 10
0 11
1 11
2 11
3 11
4 11
10 11
2 12
3 12
4 12
6 12
7 12
8 12
9 12
1 13
2 13
3 13
4 13
7 13
8 13
9 13
0 14
1 14
3 14
4 14
5 14
8 14
9 14
7596 5 0 1 6 7 9 36
2 5
0 6
1 6
2 7
4 7
6 7
1 8
4 8
5 8
1 9
7 9
7 10
0 11
1 11
3 11
4 11
5 11
10 11
0 12
2 12
3 12
8 12
9 12
10 12
2 13
3 13
6 13
8 13
9 13
10 13
3 14
4 14
5 14
6 14
9 14
10 14
7601 4 0 2 6 8 12 36
2 5
0 6
1 6
2 6
4 7
6 7
3 8
6 8
4 9
5 9
8 9
1 10
3 10
5 10
7 10
0 11
4 11
5 11
8 11
0 12
2 12
4 12
8 12
10 12
1 13
3 13
7 13
9 13
11 13
12 13
1 14
2 14
3 14
7 14
9 14
11 14
7607 5 0 1 7 8 11 35
2 5
4 5
5 7
6 7
1 8
7 8
0 9
7 9
1 10
3 10
5 10
6 10
9 10
0 11
1 11
2 11
7 11
3 12
4 12
6 12
8 12
9 12
11 12
2 13
3 13
4 13
6 13
8 13
9 13
0 14
2 14
3 14
4 14
6 14
8 14
7611 1 0 2 4 5 13 38
2 5
4 5
0 7
1 8
3 8
6 8
7 8
5 9
8 9
5 10
8 10
2 11
3 11
6 11
7 11
9 11
10 11
1 12
3 12
4 12
6 12
7 12
9 12
10 12
0 13
1 13
2 13
4 13
6 13
9 13
10 13
2 14
3 14
4 14
6 14
7 14
9 14
10 14
7614 4 0 4 5 7 10 36
2 5
4 5
5 6
4 7
0 8
3 8
4 8
1 9
2 9
6 9
8 9
0 10
3 10
5 10
7 10
1 11
3 11
6 11
7 11
4 12
9 12
10 12
11 12
1 13
2 13
6 13
7 13
8 13
12 13
0 14
1 14
2 14
3 14
6 14
7 14
12 14
7618 4 0 1 2 13 14 36
2 5
4 5
4 6
5 7
3 8
4 8
3 9
5 9
6 10
7 10
8 10
9 10
0 11
2 11
3 11
4 11
10 11
1 12
6 12
7 12
8 12
9 12
11 12
0 13
1 13
2 13
3 13
6 13
7 13
0 14
1 14
2 14
6 14
7 14
8 14
9 14
7622 2 0 1 2 9 12 38
2 5
4 5
4 6
4 7
1 8
3 8
6 8
7 8
0 9
2 9
8 9
1 10
2 10
4 10
0 11
3 11
5 11
6 11
7 11
10 11
0 12
1 12
2 12
4 12
3 13
5 13
6 13
7 13
9 13
10 13
12 13
3 14
5 14
6 14
7 14
9 14
10 14
12 14
7627 3 0 1 2 7 14 39
2 5
4 5
4 6
0 7
1 7
5 7
3 8
6 8
7 8
3 9
6 9
7 9
3 10
5 10
6 10
0 11
1 11
3 11
5 11
6 11
2 12
4 12
8 12
9 12
10 12
11 12
1 13
2 13
4 13
8 13
9 13
10 13
0 14
1 14
2 14
4 14
8 14
9 14
10 14
7628 5 0 1 2 11 14 34
2 5
4 5
3 6
4 8
6 8
7 8
2 9
3 9
4 9
7 9
2 10
3 10
8 10
0 11
1 11
8 11
9 11
5 12
6 12
7 12
10 12
11 12
0 13
1 13
5 13
6 13
7 13
10 13
0 14
1 14
2 14
3 14
4 14
12 14
7629 3 0 1 2 5 14 35
2 5
4 5
3 6
3 7
3 8
5 8
0 9
4 9
8 9
1 10
2 10
6 10
7 10
9 10
2 11
3 11
9 11
1 12
4 12
6 12
7 12
8 12
11 12
0 13
4 13
6 13
7 13
8 13
11 13
0 14
1 14
5 14
6 14
7 14
11 14
7633 4 0 1 3 7 9 35
2 5
4 5
3 6
5 6
3 7
5 8
0 9
1 9
4 9
7 9
8 9
0 10
2 10
8 10
2 11
3 11
8 11
0 12
2 12
3 12
8 12
1 13
4 13
6 13
7 13
10 13
11 13
12 13
1 14
4 14
6 14
7 14
10 14
11 14
12 14
7599 4 0 1 2 6 14 37
2 5
0 6
1 6
2 6
6 7
5 8
0 9
1 9
5 9
3 10
4 10
7 10
8 10
9 10
3 11
4 11
7 11
8 11
9 11
2 12
3 12
4 12
7 12
8 12
0 13
1 13
5 13
10 13
11 13
12 13
0 14
1 14
2 14
3 14
4 14
7 14
8 14
7634 5 0 1 6 12 13 35
2 5
4 5
3 6
5 6
3 7
4 8
2 9
7 9
8 9
5 10
7 10
8 10
3 11
4 11
9 11
10 11
0 12
1 12
6 12
7 12
8 12
11 12
0 13
1 13
4 13
6 13
9 13
10 13
0 14
1 14
2 14
6 14
7 14
8 14
11 14
7640 5 0 4 5 6 13 35
2 5
4 5
3 6
4 6
2 9
3 9
7 9
8 9
2 10
6 10
7 10
8 10
3 11
5 11
7 11
8 11
0 12
1 12
4 12
9 12
10 12
11 12
0 13
1 13
5 13
6 13
7 13
8 13
0 14
1 14
2 14
3 14
4 14
7 14
8 14
7644 6 0 1 3 11 14 34
2 5
4 5
2 6
3 8
4 8
6 8
7 8
2 9
4 9
7 9
0 10
5 10
7 10
1 11
3 11
6 11
9 11
10 11
1 12
8 12
9 12
10 12
0 13
3 13
5 13
6 13
7 13
12 13
0 14
1 14
2 14
3 14
4 14
7 14
7663 4 0 3 6 8 10 35
2 5
4 5
1 6
0 7
4 7
0 8
3 8
5 8
6 8
4 9
6 9
2 10
3 10
6 10
7 10
1 11
2 11
7 11
9 11
0 12
1 12
2 12
3 12
9 12
4 13
8 13
10 13
11 13
12 13
1 14
3 14
5 14
7 14
9 14
13 14
7639 6 2 4 5 6 9 35
2 5
4 5
3 6
4 6
2 9
6 9
7 9
8 9
3 10
5 10
7 10
8 10
0 11
1 11
9 11
10 11
2 12
3 12
4 12
7 12
8 12
11 12
0 13
1 13
5 13
6 13
7 13
8 13
0 14
1 14
2 14
3 14
4 14
7 14
8 14
7669 3 1 4 5 6 10 36
2 5
4 5
1 6
4 6
5 7
4 8
2 9
3 9
7 9
8 9
1 10
5 10
9 10
1 11
2 11
4 11
0 12
1 12
2 12
3 12
7 12
8 12
0 13
3 13
6 13
7 13
8 13
10 13
11 13
0 14
3 14
6 14
7 14
8 14
10 14
11 14
7680 3 0 1 6 10 13 35
2 5
4 5
0 6
2 8
3 8
7 8
1 9
5 9
8 9
0 10
8 10
3 11
4 11
6 11
7 11
9 11
10 11
2 12
4 12
6 12
7 12
9 12
10 12
1 13
3 13
5 13
6 13
7 13
10 13
0 14
1 14
2 14
3 14
4 14
7 14
7685 5 0 2 4 5 13 35
2 5
4 5
0 6
4 6
0 7
3 7
5 7
3 8
3 9
4 10
7 10
8 10
9 10
1 11
5 11
6 11
8 11
9 11
1 12
2 12
3 12
6 12
10 12
0 13
1 13
2 13
4 13
8 13
9 13
1 14
2 14
6 14
7 14
8 14
9 14
7691 4 0 1 2 10 14 37
2 5
3 5
5 9
6 9
7 9
8 9
0 10
1 10
9 10
1 11
4 11
5 11
6 11
7 11
8 11
2 12
3 12
4 12
6 12
7 12
8 12
10 12
2 13
3 13
4 13
6 13
7 13
8 13
10 13
0 14
1 14
2 14
3 14
4 14
6 14
7 14
8 14
7693 6 6 7 8 9 11 36
2 5
3 5
6 8
7 8
4 9
5 9
6 9
7 9
0 10
1 10
5 10
8 10
0 11
1 11
8 11
9 11
0 12
1 12
2 12
3 12
4 12
8 12
2 13
3 13
4 13
6 13
7 13
10 13
11 13
0 14
1 14
2 14
3 14
4 14
6 14
7 14
7696 2 0 2 3 5 13 36
2 5
3 5
3 8
4 8
6 8
7 8
1 9
4 9
5 9
7 9
5 10
8 10
1 11
3 11
4 11
6 11
7 11
10 11
0 12
2 12
4 12
6 12
7 12
10 12
0 13
2 13
3 13
6 13
9 13
10 13
0 14
1 14
2 14
6 14
7 14
10 14
7703 1 0 2 3 5 13 36
2 5
3 5
4 7
4 8
5 8
4 9
5 9
0 10
1 10
6 10
7 10
8 10
1 11
6 11
7 11
8 11
9 11
1 12
2 12
3 12
4 12
6 12
0 13
2 13
3 13
6 13
7 13
9 13
0 14
1 14
2 14
3 14
6 14
7 14
8 14
9 14
7705 5 0 1 4 12 13 35
2 5
3 5
2 7
6 8
7 8
3 9
4 9
6 9
0 10
5 10
8 10
9 10
2 11
8 11
9 11
0 12
1 12
2 12
3 12
4 12
8 12
0 13
1 13
4 13
5 13
6 13
7 13
11 13
1 14
3 14
4 14
6 14
7 14
10 14
11 14
7706 3 2 3 5 6 12 37
2 5
3 5
5 6
2 9
3 9
4 10
6 10
7 10
8 10
9 10
0 11
1 11
5 11
7 11
8 11
9 11
2 12
3 12
4 12
6 12
7 12
8 12
0 13
1 13
4 13
6 13
7 13
8 13
9 13
0 14
1 14
2 14
3 14
4 14
6 14
7 14
8 14
7708 3 0 2 3 5 13 36
2 5
3 5
5 6
1 8
6 8
7 8
4 9
6 9
7 9
2 10
3 10
4 10
7 10
0 11
5 11
8 11
9 11
10 11
1 12
4 12
6 12
7 12
11 12
0 13
2 13
3 13
8 13
9 13
12 13
0 14
1 14
2 14
3 14
4 14
6 14
7 14
7716 4 0 1 4 10 13 36
2 5
3 5
4 6
4 7
5 8
6 8
7 8
2 9
3 9
6 9
0 10
1 10
5 10
7 10
4 11
8 11
9 11
10 11
2 12
3 12
6 12
7 12
11 12
0 13
1 13
4 13
8 13
9 13
12 13
0 14
1 14
2 14
3 14
6 14
7 14
11 14
7728 1 0 1 4 8 14 38
2 5
3 5
4 6
5 6
1 7
2 7
6 7
0 8
1 8
4 8
2 9
3 9
8 9
3 10
6 10
8 10
2 11
3 11
6 11
4 12
5 12
7 12
9 12
10 12
11 12
0 13
4 13
7 13
9 13
10 13
11 13
0 14
1 14
4 14
5 14
9 14
10 14
11 14
7732 2 2 3 5 6 10 36
2 5
3 5
3 6
1 7
6 8
1 9
6 9
1 10
2 10
6 10
0 11
2 11
4 11
7 11
8 11
9 11
4 12
5 12
7 12
8 12
9 12
10 12
0 13
3 13
4 13
7 13
8 13
9 13
10 13
0 14
4 14
5 14
7 14
8 14
9 14
10 14
7735 4 0 1 2 8 11 35
2 5
3 5
3 6
4 6
3 7
4 7
1 8
2 8
1 9
2 9
3 9
0 10
4 10
8 10
9 10
0 11
1 11
2 11
4 11
5 12
6 12
7 12
8 12
11 12
1 13
5 13
6 13
7 13
10 13
0 14
5 14
6 14
7 14
8 14
9 14
7737 5 0 1 3 13 14 35
2 5
3 5
2 6
6 7
6 8
4 9
5 9
8 9
4 10
5 10
7 10
8 10
0 11
4 11
7 11
8 11
1 12
3 12
6 12
9 12
10 12
11 12
0 13
1 13
2 13
3 13
7 13
9 13
0 14
1 14
2 14
3 14
4 14
7 14
8 14
7740 5 0 1 4 7 12 34
2 5
3 5
2 6
0 7
4 7
5 8
6 8
5 9
7 9
4 10
6 10
9 10
3 11
4 11
6 11
9 11
0 12
1 12
8 12
10 12
11 12
1 13
2 13
3 13
7 13
8 13
10 13
0 14
1 14
2 14
3 14
4 14
8 14
9 14
7750 5 0 2 3 5 13 36
2 5
3 5
1 6
5 9
6 9
7 9
8 9
0 10
2 10
9 10
4 11
5 11
6 11
7 11
8 11
10 11
1 12
3 12
4 12
7 12
8 12
10 12
0 13
2 13
3 13
4 13
6 13
7 13
8 13
0 14
1 14
2 14
3 14
4 14
7 14
8 14
7756 3 0 1 2 3 12 37
2 5
3 5
1 6
1 7
4 10
5 10
6 10
7 10
8 10
9 10
0 11
5 11
6 11
7 11
8 11
9 11
0 12
1 12
2 12
3 12
4 12
8 12
9 12
0 13
4 13
5 13
6 13
7 13
8 13
9 13
2 14
3 14
4 14
6 14
7 14
8 14
9 14
7773 2 0 1 2 7 10 35
2 5
3 5
0 6
2 7
6 7
4 8
5 8
1 9
4 9
6 9
0 10
1 10
3 10
7 10
8 10
2 11
4 11
6 11
10 11
3 12
7 12
8 12
9 12
11 12
3 13
7 13
8 13
9 13
11 13
1 14
4 14
5 14
6 14
12 14
13 14
6297 3 0 5 6 8 10 36
4 5
1 6
5 6
0 8
3 8
6 8
2 9
4 9
7 9
8 9
2 10
5 10
7 10
8 10
6 11
9 11
10 11
0 12
1 12
3 12
4 12
7 12
11 12
1 13
2 13
3 13
5 13
7 13
11 13
0 14
1 14
2 14
3 14
4 14
7 14
11 14
7776 7 0 1 6 7 10 35
2 5
3 5
0 6
0 7
1 7
7 8
2 9
3 9
7 9
1 10
6 10
9 10
0 11
4 11
5 11
8 11
10 11
1 12
2 12
3 12
4 12
6 12
8 12
1 13
4 13
5 13
6 13
8 13
9 13
0 14
2 14
3 14
4 14
8 14
10 14
7783 4 0 1 2 6 14 37
2 5
3 5
0 6
1 6
2 6
5 7
6 7
7 8
7 9
2 10
7 10
3 11
4 11
6 11
8 11
9 11
10 11
1 12
3 12
4 12
8 12
9 12
10 12
0 13
1 13
4 13
5 13
8 13
9 13
10 13
0 14
1 14
2 14
3 14
4 14
8 14
9 14
7788 1 0 2 3 5 12 35
2 5
3 5
4 5
6 7
6 8
5 9
6 9
0 10
2 10
7 10
8 10
9 10
0 11
1 11
4 11
7 11
8 11
0 12
1 12
2 12
3 12
6 12
1 13
3 13
4 13
7 13
8 13
9 13
0 14
1 14
2 14
3 14
4 14
8 14
9 14
7805 3 0 3 4 5 12 35
2 5
3 5
4 5
1 6
4 7
6 8
6 9
7 9
1 10
2 10
3 10
7 10
8 10
2 11
6 11
7 11
0 12
3 12
4 12
8 12
9 12
11 12
0 13
1 13
5 13
8 13
9 13
11 13
0 14
1 14
2 14
3 14
4 14
8 14
9 14
7833 3 0 1 3 10 12 36
1 5
5 8
3 9
4 9
6 9
7 9
8 9
0 10
3 10
5 10
2 11
4 11
6 11
7 11
8 11
10 11
0 12
1 12
3 12
6 12
7 12
8 12
1 13
2 13
4 13
6 13
7 13
8 13
10 13
0 14
2 14
3 14
4 14
5 14
6 14
7 14
7845 5 0 1 3 10 11 37
1 5
2 8
3 8
5 8
6 8
7 8
0 9
2 9
1 10
3 10
4 10
6 10
7 10
9 10
0 11
1 11
2 11
3 11
4 12
5 12
6 12
7 12
9 12
11 12
4 13
5 13
6 13
7 13
9 13
11 13
0 14
2 14
3 14
4 14
5 14
6 14
7 14
7848 4 1 4 7 8 12 36
1 5
1 8
4 8
7 8
3 9
4 9
6 9
7 9
2 10
3 10
5 10
6 10
7 10
0 11
5 11
8 11
9 11
1 12
2 12
4 12
6 12
7 12
11 12
0 13
2 13
3 13
5 13
6 13
8 13
0 14
2 14
3 14
4 14
5 14
6 14
7 14
7851 5 1 2 3 9 12 36
1 5
0 8
1 9
2 9
3 9
5 10
6 10
7 10
8 10
9 10
0 11
4 11
5 11
6 11
7 11
9 11
0 12
1 12
2 12
3 12
4 12
10 12
1 13
2 13
3 13
4 13
6 13
7 13
8 13
2 14
3 14
4 14
5 14
6 14
7 14
8 14
7855 5 0 1 5 6 9 36
1 5
6 7
6 8
0 9
5 9
6 9
5 10
7 10
8 10
1 11
2 11
3 11
4 11
9 11
10 11
0 12
1 12
2 12
3 12
4 12
6 12
10 12
0 13
2 13
3 13
4 13
5 13
7 13
8 13
1 14
2 14
3 14
4 14
7 14
8 14
9 14
7872 5 0 1 3 10 14 35
1 5
4 7
2 8
7 8
2 9
5 9
6 9
7 9
0 10
3 10
6 10
7 10
1 11
4 11
8 11
9 11
10 11
0 12
3 12
4 12
5 12
6 12
8 12
2 13
3 13
5 13
6 13
7 13
11 13
0 14
1 14
3 14
4 14
6 14
8 14
7877 3 0 1 5 11 12 37
1 5
4 7
6 7
2 8
3 8
6 8
5 9
7 9
8 9
5 10
7 10
8 10
0 11
2 11
3 11
5 11
7 11
1 12
4 12
6 12
9 12
10 12
11 12
2 13
3 13
4 13
6 13
9 13
10 13
0 14
1 14
2 14
3 14
4 14
6 14
9 14
10 14
7886 4 0 1 2 5 14 34
1 5
3 7
6 7
2 8
7 8
0 9
7 9
2 10
4 10
5 10
6 10
9 10
1 11
4 11
6 11
8 11
9 11
3 12
5 12
6 12
8 12
9 12
0 13
3 13
4 13
5 13
6 13
8 13
0 14
1 14
2 14
4 14
7 14
12 14
7407 5 0 1 7 13 14 34
2 5
3 6
4 6
5 7
6 7
3 8
5 8
1 9
4 9
7 9
0 10
3 10
5 10
9 10
1 11
2 11
4 11
8 11
10 11
0 12
2 12
6 12
8 12
9 12
0 13
1 13
4 13
7 13
8 13
0 14
1 14
2 14
3 14
7 14
4493 5 0 1 7 8 10 36
2 6
1 7
6 7
0 8
7 8
0 9
0 10
1 10
6 10
0 11
1 11
2 11
3 11
4 11
5 11
2 12
3 12
4 12
5 12
7 12
9 12
10 12
2 13
3 13
4 13
5 13
8 13
9 13
10 13
1 14
3 14
4 14
5 14
6 14
8 14
9 14
7897 6 1 5 7 8 12 35
1 5
2 7
3 7
5 7
6 7
0 8
5 8
6 8
0 9
1 9
6 9
0 10
2 10
6 10
3 11
4 11
5 11
9 11
10 11
1 12
4 12
7 12
8 12
10 12
2 13
3 13
4 13
8 13
9 13
0 14
1 14
2 14
3 14
4 14
6 14
7904 2 0 3 4 11 12 37
1 5
0 7
4 8
5 8
6 8
7 8
2 9
5 9
6 9
7 9
8 10
9 10
0 11
2 11
3 11
4 11
5 11
10 11
0 12
1 12
3 12
4 12
6 12
10 12
1 13
2 13
3 13
6 13
7 13
10 13
1 14
2 14
3 14
4 14
6 14
7 14
10 14
7905 6 0 3 4 7 10 36
1 5
0 7
3 7
0 8
1 9
2 9
7 9
0 10
3 10
4 10
5 10
9 10
3 11
4 11
5 11
6 11
8 11
9 11
1 12
2 12
6 12
7 12
8 12
10 12
2 13
4 13
5 13
6 13
7 13
8 13
1 14
2 14
3 14
4 14
6 14
8 14
7534 4 0 1 2 3 12 34
2 5
1 6
4 6
4 7
2 8
3 8
4 8
3 9
4 9
2 10
3 10
6 10
0 11
5 11
7 11
9 11
10 11
0 12
1 12
2 12
3 12
7 12
1 13
5 13
7 13
8 13
9 13
10 13
0 14
5 14
6 14
7 14
8 14
9 14
7929 4 3 4 7 9 11 36
1 5
5 6
3 7
4 7
5 7
4 8
3 9
4 9
0 10
5 10
8 10
9 10
2 11
3 11
4 11
6 11
10 11
0 12
1 12
2 12
3 12
6 12
8 12
1 13
2 13
6 13
7 13
8 13
9 13
0 14
1 14
2 14
6 14
7 14
8 14
9 14
7932 7 2 5 9 10 12 35
1 5
5 6
2 7
4 7
6 7
3 8
4 8
6 8
3 9
6 9
2 10
4 10
5 10
9 10
0 11
1 11
3 11
7 11
10 11
0 12
2 12
5 12
8 12
9 12
0 13
1 13
7 13
8 13
9 13
0 14
1 14
2 14
3 14
4 14
6 14
7935 5 0 1 3 11 14 35
1 5
5 6
1 7
4 7
6 7
3 8
4 8
6 8
2 9
4 9
6 9
0 10
3 10
5 10
9 10
0 11
1 11
3 11
9 11
0 12
2 12
5 12
7 12
8 12
2 13
7 13
8 13
10 13
11 13
0 14
1 14
2 14
3 14
4 14
6 14
7943 6 0 1 3 10 14 35
1 5
4 6
2 8
5 8
6 8
7 8
2 9
6 9
1 10
3 10
4 10
7 10
9 10
0 11
4 11
8 11
9 11
2 12
3 12
5 12
6 12
7 12
11 12
0 13
3 13
4 13
5 13
7 13
9 13
0 14
1 14
2 14
3 14
6 14
7 14
7950 5 1 5 7 10 11 36
1 5
4 6
4 7
5 7
4 8
3 9
6 9
7 9
8 9
2 10
3 10
5 10
8 10
0 11
1 11
6 11
7 11
10 11
0 12
1 12
2 12
4 12
9 12
0 13
2 13
3 13
5 13
6 13
8 13
0 14
1 14
2 14
3 14
6 14
7 14
8 14
7952 3 0 1 2 11 14 36
1 5
4 6
4 7
5 7
2 8
3 8
7 8
3 9
6 9
7 9
2 10
3 10
5 10
6 10
0 11
1 11
2 11
6 11
4 12
5 12
8 12
9 12
11 12
0 13
1 13
4 13
8 13
9 13
10 13
0 14
1 14
2 14
3 14
6 14
7 14
12 14
7957 4 1 3 5 7 11 34
1 5
4 6
3 7
5 7
2 8
6 8
2 9
5 9
6 9
0 10
4 10
7 10
9 10
1 11
3 11
8 11
10 11
2 12
6 12
7 12
11 12
0 13
3 13
4 13
5 13
8 13
12 13
0 14
1 14
3 14
4 14
8 14
9 14
12 14
7960 6 0 1 6 13 14 35
1 5
4 6
3 7
4 7
2 8
3 8
2 9
3 9
4 9
5 9
2 10
5 10
6 10
7 10
0 11
5 11
6 11
7 11
8 11
0 12
1 12
4 12
8 12
10 12
0 13
1 13
2 13
3 13
6 13
0 14
1 14
6 14
7 14
8 14
9 14
7968 4 0 1 5 10 11 36
1 5
4 6
5 6
4 7
3 8
4 8
5 8
3 9
4 9
0 10
5 10
9 10
1 11
2 11
3 11
7 11
10 11
0 12
2 12
6 12
7 12
8 12
9 12
1 13
2 13
3 13
6 13
7 13
10 13
0 14
1 14
2 14
6 14
7 14
8 14
9 14
7971 6 0 2 6 10 13 35
1 5
4 6
5 6
3 7
4 7
2 8
3 8
4 8
2 9
3 9
5 9
0 10
2 10
6 10
7 10
1 11
4 11
9 11
10 11
0 12
5 12
7 12
8 12
11 12
0 13
1 13
2 13
3 13
6 13
0 14
1 14
6 14
7 14
8 14
9 14
7972 5 0 1 2 3 12 34
1 5
3 6
6 9
7 9
8 9
3 10
4 10
5 10
7 10
8 10
0 11
3 11
5 11
9 11
0 12
1 12
2 12
3 12
4 12
9 12
1 13
2 13
4 13
6 13
7 13
8 13
11 13
0 14
2 14
4 14
5 14
6 14
7 14
8 14
6363 6 0 1 5 7 8 35
4 5
0 6
0 7
1 7
5 7
0 8
2 8
3 8
5 8
7 9
1 10
6 10
8 10
9 10
1 11
5 11
6 11
9 11
2 12
3 12
4 12
6 12
9 12
2 13
3 13
4 13
7 13
10 13
11 13
1 14
2 14
3 14
4 14
6 14
9 14
7896 5 0 1 5 8 11 35
1 5
2 7
3 7
1 8
4 9
5 9
7 9
0 10
1 10
4 10
0 11
4 11
5 11
6 11
7 11
8 11
2 12
3 12
6 12
8 12
9 12
10 12
2 13
3 13
6 13
8 13
9 13
10 13
0 14
2 14
3 14
4 14
5 14
6 14
8 14
7992 3 2 3 6 10 12 33
1 5
3 6
4 6
6 7
4 8
7 8
3 9
5 9
8 9
2 10
5 10
6 10
8 10
0 11
4 11
5 11
7 11
2 12
3 12
8 12
11 12
0 13
1 13
7 13
9 13
10 13
12 13
0 14
1 14
2 14
4 14
7 14
9 14
7914 4 3 4 8 10 11 36
1 5
5 6
3 8
4 8
5 8
7 8
0 9
2 9
5 9
7 9
3 10
4 10
6 10
9 10
0 11
8 11
10 11
1 12
2 12
3 12
6 12
7 12
11 12
1 13
2 13
4 13
6 13
7 13
11 13
0 14
1 14
2 14
3 14
4 14
6 14
7 14
7679 5 0 1 3 6 8 35
2 5
4 5
1 6
2 6
3 6
5 7
6 7
0 8
6 8
3 9
5 9
8 9
4 10
7 10
8 10
1 11
2 11
9 11
10 11
1 12
2 12
9 12
10 12
3 13
4 13
7 13
8 13
11 13
12 13
0 14
3 14
4 14
7 14
11 14
12 14
7890 6 0 1 5 9 10 36
1 5
2 7
6 8
7 8
5 9
6 9
7 9
0 10
1 10
8 10
9 10
2 11
3 11
4 11
5 11
6 11
10 11
0 12
1 12
3 12
4 12
6 12
7 12
0 13
2 13
3 13
4 13
5 13
8 13
0 14
1 14
2 14
3 14
4 14
8 14
9 14
8002 4 0 4 6 12 13 35
1 5
2 6
1 8
4 9
5 9
6 9
7 9
8 9
2 10
3 10
5 10
7 10
1 11
2 11
3 11
7 11
0 12
4 12
6 12
8 12
10 12
11 12
0 13
3 13
4 13
6 13
7 13
8 13
0 14
2 14
3 14
4 14
5 14
7 14
8 14
7997 5 0 3 7 10 12 36
1 5
3 6
4 6
5 6
4 8
3 9
4 9
0 10
3 10
5 10
7 10
8 10
2 11
5 11
7 11
8 11
9 11
0 12
1 12
2 12
3 12
4 12
7 12
1 13
2 13
6 13
7 13
8 13
9 13
0 14
1 14
2 14
6 14
7 14
8 14
9 14
8010 4 0 1 5 11 12 34
1 5
2 6
4 7
6 7
3 8
4 8
3 9
4 9
5 9
6 9
1 10
6 10
8 10
0 11
1 11
7 11
8 11
3 12
4 12
5 12
10 12
11 12
0 13
2 13
7 13
8 13
9 13
12 13
0 14
2 14
3 14
5 14
7 14
10 14
8018 3 0 1 2 7 11 38
1 5
2 6
1 7
2 7
1 8
3 8
4 8
6 8
2 9
3 9
4 9
5 9
0 10
8 10
9 10
0 11
1 11
2 11
0 12
3 12
4 12
5 12
6 12
7 12
3 13
4 13
5 13
6 13
7 13
10 13
11 13
3 14
4 14
5 14
6 14
7 14
10 14
11 14
8015 6 0 1 5 8 9 38
1 5
2 6
2 7
0 8
1 8
6 8
7 8
0 9
1 9
0 10
1 10
2 10
3 10
4 10
3 11
4 11
5 11
6 11
7 11
9 11
3 12
4 12
5 12
6 12
7 12
9 12
2 13
3 13
4 13
5 13
8 13
9 13
0 14
3 14
4 14
5 14
6 14
7 14
8023 4 0 5 6 7 10 36
1 5
2 6
0 7
5 7
6 7
5 10
6 10
8 10
9 10
0 11
1 11
2 11
3 11
4 11
10 11
1 12
2 12
3 12
4 12
7 12
8 12
9 12
0 13
1 13
3 13
4 13
6 13
8 13
9 13
0 14
2 14
3 14
4 14
5 14
8 14
9 14
8020 5 1 2 7 9 10 36
1 5
2 6
1 7
2 7
0 8
7 8
0 9
1 9
2 9
3 9
4 10
5 10
6 10
7 10
9 10
3 11
4 11
5 11
6 11
8 11
1 12
3 12
4 12
6 12
8 12
2 13
3 13
4 13
5 13
8 13
0 14
3 14
4 14
5 14
6 14
7 14
8029 5 0 1 5 7 11 34
1 5
2 6
4 6
3 7
5 7
6 7
3 8
4 8
5 8
3 9
4 9
0 10
2 10
8 10
9 10
0 11
1 11
4 11
7 11
2 12
5 12
9 12
11 12
1 13
3 13
6 13
10 13
12 13
0 14
1 14
2 14
7 14
8 14
9 14
7991 3 1 5 6 7 10 34
1 5
3 6
5 6
4 7
6 7
3 8
4 8
2 9
6 9
0 10
1 10
7 10
9 10
2 11
5 11
8 11
10 11
2 12
5 12
7 12
8 12
0 13
3 13
4 13
9 13
11 13
12 13
0 14
1 14
3 14
4 14
9 14
11 14
12 14
8058 6 1 5 6 9 10 36
1 5
1 6
0 7
0 8
5 8
5 10
6 10
7 10
9 10
0 11
1 11
2 11
3 11
4 11
10 11
1 12
2 12
3 12
4 12
7 12
8 12
9 12
2 13
3 13
4 13
6 13
7 13
8 13
9 13
0 14
2 14
3 14
4 14
5 14
6 14
9 14
8060 5 1 5 6 8 9 37
1 5
1 6
0 7
5 7
5 8
6 8
0 9
8 9
0 10
8 10
0 11
1 11
2 11
3 11
4 11
8 11
1 12
2 12
3 12
4 12
7 12
9 12
10 12
2 13
3 13
4 13
5 13
6 13
9 13
10 13
2 14
3 14
4 14
6 14
7 14
9 14
10 14
8065 4 0 2 3 10 14 37
1 5
1 6
0 7
4 7
5 7
6 7
2 8
3 8
7 8
0 9
1 9
0 10
2 10
3 10
5 10
4 11
6 11
8 11
9 11
10 11
4 12
5 12
6 12
8 12
9 12
2 13
3 13
4 13
5 13
6 13
9 13
0 14
1 14
2 14
3 14
11 14
12 14
8072 3 0 1 5 7 13 35
1 5
1 6
3 6
1 7
3 7
4 7
4 8
6 8
4 9
6 9
2 10
5 10
7 10
8 10
2 11
3 11
5 11
9 11
0 12
4 12
6 12
10 12
11 12
0 13
2 13
5 13
7 13
8 13
9 13
2 14
3 14
5 14
8 14
9 14
12 14
8079 5 0 1 2 6 12 35
1 5
1 6
2 6
2 7
5 7
1 10
4 10
7 10
8 10
9 10
3 11
5 11
6 11
8 11
9 11
0 12
1 12
2 12
3 12
4 12
9 12
0 13
3 13
4 13
6 13
7 13
8 13
9 13
0 14
2 14
3 14
4 14
5 14
8 14
9 14
8081 2 0 1 2 5 8 36
1 5
1 6
2 6
2 7
3 7
0 8
2 8
5 8
4 9
5 9
6 9
3 10
8 10
9 10
3 11
8 11
9 11
0 12
1 12
4 12
7 12
10 12
11 12
4 13
5 13
6 13
7 13
10 13
11 13
0 14
4 14
5 14
6 14
7 14
10 14
11 14
8083 6 0 1 2 6 14 34
1 5
1 6
2 6
4 6
4 7
5 7
5 8
0 9
4 9
5 9
0 10
1 10
7 10
3 11
6 11
7 11
8 11
9 11
2 12
3 12
8 12
9 12
10 12
2 13
3 13
4 13
8 13
10 13
0 14
1 14
2 14
3 14
7 14
8 14
8085 4 0 2 3 6 13 36
1 5
1 6
2 6
3 6
6 7
2 8
4 9
5 9
7 9
8 9
4 10
5 10
7 10
8 10
1 11
4 11
7 11
8 11
0 12
3 12
4 12
5 12
7 12
8 12
0 13
2 13
3 13
9 13
10 13
11 13
0 14
2 14
3 14
9 14
10 14
11 14
8086 3 1 2 3 6 14 39
1 5
1 6
2 6
3 6
4 6
4 7
4 8
0 9
5 9
6 9
7 9
8 9
1 10
4 10
9 10
0 11
2 11
5 11
7 11
8 11
10 11
0 12
3 12
5 12
7 12
8 12
10 12
2 13
3 13
5 13
7 13
8 13
10 13
0 14
1 14
2 14
3 14
7 14
8 14
8087 4 1 3 4 9 13 36
1 5
0 6
1 9
3 9
4 9
0 10
2 10
7 10
8 10
9 10
2 11
5 11
6 11
7 11
8 11
9 11
3 12
4 12
5 12
6 12
7 12
8 12
1 13
2 13
3 13
4 13
6 13
7 13
8 13
0 14
2 14
3 14
4 14
5 14
7 14
8 14
8090 6 0 4 7 11 14 34
1 5
0 6
4 8
6 8
7 8
2 9
5 9
8 9
2 10
3 10
5 10
6 10
7 10
0 11
4 11
7 11
9 11
1 12
2 12
3 12
8 12
11 12
1 13
3 13
4 13
6 13
7 13
9 13
0 14
2 14
3 14
4 14
5 14
7 14
8092 5 0 1 4 5 12 34
1 5
0 6
3 8
5 8
6 8
3 9
6 9
2 10
4 10
7 10
8 10
9 10
2 11
3 11
4 11
5 11
7 11
0 12
4 12
5 12
7 12
9 12
1 13
2 13
3 13
4 13
6 13
7 13
0 14
1 14
2 14
7 14
8 14
9 14
7875 5 0 1 3 5 12 34
1 5
4 7
6 7
2 8
5 8
7 8
0 9
3 9
6 9
8 9
1 10
7 10
9 10
2 11
4 11
6 11
10 11
0 12
3 12
5 12
7 12
11 12
2 13
3 13
4 13
5 13
6 13
10 13
0 14
1 14
3 14
4 14
6 14
8 14
8108 6 0 2 7 9 14 36
1 5
0 6
0 7
2 7
1 8
3 8
0 9
1 9
2 9
3 9
3 10
4 10
5 10
6 10
7 10
2 11
4 11
5 11
6 11
8 11
1 12
3 12
4 12
6 12
7 12
0 13
2 13
4 13
5 13
8 13
4 14
5 14
6 14
7 14
8 14
9 14
8114 4 0 5 6 7 10 36
1 5
0 6
5 6
6 7
0 8
5 10
7 10
8 10
9 10
0 11
1 11
2 11
3 11
4 11
10 11
1 12
2 12
3 12
4 12
6 12
8 12
9 12
0 13
1 13
2 13
3 13
4 13
7 13
9 13
2 14
3 14
4 14
5 14
7 14
8 14
9 14
8115 5 1 5 6 8 10 36
1 5
0 6
5 6
0 7
6 8
0 9
5 10
7 10
8 10
0 11
1 11
2 11
3 11
4 11
10 11
1 12
2 12
3 12
4 12
6 12
9 12
10 12
1 13
2 13
3 13
4 13
7 13
8 13
9 13
2 14
3 14
4 14
5 14
7 14
8 14
9 14
8116 3 0 1 5 6 7 35
1 5
0 6
5 6
0 7
1 7
6 8
1 9
2 9
3 9
8 9
3 10
4 10
5 10
8 10
2 11
4 11
7 11
8 11
0 12
9 12
10 12
11 12
2 13
3 13
4 13
6 13
7 13
12 13
2 14
3 14
4 14
5 14
7 14
8 14
12 14
8118 3 0 1 4 5 6 38
1 5
0 6
4 6
1 10
6 10
7 10
8 10
9 10
2 11
3 11
4 11
5 11
7 11
8 11
9 11
2 12
3 12
5 12
6 12
7 12
8 12
9 12
0 13
2 13
3 13
4 13
5 13
7 13
8 13
9 13
0 14
1 14
2 14
3 14
4 14
7 14
8 14
9 14
8036 4 0 2 3 6 11 36
1 5
2 6
3 6
0 7
1 7
4 8
7 8
1 9
8 9
0 10
4 10
5 10
6 10
9 10
0 11
2 11
3 11
5 11
8 11
4 12
6 12
7 12
9 12
11 12
2 13
3 13
4 13
5 13
7 13
9 13
1 14
2 14
3 14
8 14
10 14
12 14
8119 5 0 2 4 6 13 35
1 5
0 6
4 6
3 7
3 8
3 9
4 9
2 10
5 10
7 10
8 10
9 10
1 11
6 11
7 11
8 11
9 11
1 12
2 12
6 12
7 12
8 12
9 12
0 13
2 13
3 13
4 13
5 13
11 13
0 14
2 14
4 14
5 14
7 14
8 14
8135 6 0 5 7 11 12 36
1 5
0 6
1 6
6 7
2 8
6 8
5 9
7 9
8 9
1 10
3 10
4 10
7 10
8 10
0 11
5 11
7 11
8 11
0 12
2 12
3 12
4 12
5 12
7 12
2 13
3 13
4 13
6 13
9 13
11 13
1 14
2 14
3 14
4 14
9 14
11 14
8121 6 0 1 4 6 10 35
1 5
0 6
4 6
1 7
2 7
3 7
6 7
5 8
6 8
4 9
5 9
0 10
1 10
4 10
2 11
3 11
8 11
9 11
10 11
7 12
8 12
9 12
10 12
0 13
2 13
3 13
4 13
5 13
12 13
0 14
1 14
2 14
3 14
8 14
9 14
8137 4 0 4 6 7 8 37
1 5
0 6
1 6
4 7
5 7
6 7
4 8
6 8
1 9
1 10
4 10
2 11
3 11
4 11
5 11
6 11
9 11
2 12
3 12
7 12
8 12
9 12
10 12
0 13
2 13
3 13
5 13
8 13
9 13
10 13
0 14
2 14
3 14
7 14
8 14
9 14
10 14
8146 4 6 7 8 9 10 36
1 5
4 5
5 8
6 8
7 8
4 9
6 9
7 9
6 10
7 10
2 11
3 11
5 11
9 11
10 11
0 12
1 12
2 12
3 12
4 12
6 12
7 12
0 13
1 13
2 13
3 13
4 13
8 13
10 13
0 14
1 14
2 14
3 14
8 14
9 14
10 14
8141 5 0 1 6 8 12 36
1 5
0 6
1 6
2 6
4 7
6 7
3 8
6 8
4 9
8 9
1 10
3 10
7 10
9 10
0 11
2 11
4 11
5 11
8 11
10 11
0 12
1 12
4 12
8 12
2 13
3 13
5 13
7 13
9 13
12 13
2 14
3 14
5 14
7 14
9 14
12 14
6392 4 0 1 5 6 7 36
4 5
0 6
1 6
5 6
1 7
5 7
1 8
5 8
2 9
3 9
4 9
7 9
8 9
2 10
3 10
8 10
2 11
3 11
8 11
4 12
6 12
7 12
10 12
11 12
4 13
6 13
7 13
10 13
11 13
0 14
1 14
2 14
3 14
5 14
12 14
13 14
8150 4 0 2 3 12 13 37
1 5
4 5
5 7
6 7
5 8
6 8
2 9
3 9
6 9
4 10
7 10
8 10
9 10
1 11
4 11
7 11
8 11
9 11
0 12
2 12
3 12
4 12
7 12
8 12
0 13
1 13
2 13
3 13
6 13
10 13
0 14
2 14
3 14
5 14
6 14
10 14
11 14
8158 3 0 3 4 8 9 36
1 5
4 5
0 7
3 8
4 8
6 8
7 8
0 9
3 9
4 9
2 10
5 10
6 10
7 10
9 10
0 11
1 11
2 11
6 11
5 12
8 12
9 12
11 12
1 13
2 13
3 13
6 13
7 13
12 13
1 14
2 14
3 14
4 14
6 14
7 14
12 14
8166 5 0 1 4 5 10 34
1 5
4 5
3 6
2 7
4 7
6 7
7 8
2 9
3 9
0 10
1 10
4 10
8 10
9 10
1 11
6 11
8 11
9 11
0 12
2 12
3 12
5 12
11 12
0 13
5 13
6 13
8 13
9 13
0 14
1 14
2 14
3 14
4 14
8 14
8163 5 0 1 2 13 14 35
1 5
4 5
4 6
3 7
5 7
3 8
0 9
3 9
4 9
2 10
5 10
6 10
8 10
9 10
1 11
6 11
7 11
8 11
9 11
0 12
2 12
4 12
7 12
8 12
0 13
1 13
2 13
3 13
6 13
0 14
1 14
2 14
6 14
7 14
8 14
8168 4 0 1 2 12 14 35
1 5
4 5
2 6
4 7
3 8
4 8
3 9
4 9
6 9
3 10
5 10
6 10
0 11
5 11
6 11
7 11
8 11
0 12
1 12
2 12
3 12
7 12
1 13
2 13
7 13
8 13
9 13
10 13
0 14
1 14
2 14
7 14
8 14
9 14
10 14
8185 2 1 4 5 6 7 35
1 5
4 5
1 6
3 6
2 7
4 7
6 7
1 8
7 8
0 9
2 9
8 9
0 10
3 10
8 10
5 11
7 11
9 11
10 11
5 12
6 12
9 12
10 12
2 13
3 13
4 13
8 13
11 13
12 13
0 14
2 14
3 14
4 14
11 14
12 14
8175 5 1 5 6 7 11 34
1 5
4 5
2 6
3 6
1 7
6 7
5 8
7 9
8 9
7 10
8 10
5 11
6 11
9 11
10 11
0 12
2 12
3 12
4 12
8 12
11 12
0 13
2 13
3 13
4 13
9 13
10 13
0 14
1 14
2 14
3 14
4 14
9 14
10 14
8193 4 2 3 4 9 14 36
1 5
4 5
0 6
4 7
6 7
5 8
6 8
2 9
3 9
4 9
1 10
7 10
8 10
9 10
0 11
7 11
8 11
9 11
0 12
1 12
2 12
3 12
7 12
8 12
2 13
3 13
5 13
6 13
10 13
11 13
1 14
2 14
3 14
4 14
6 14
11 14
8194 4 2 3 6 7 10 37
1 5
4 5
0 6
2 7
3 7
5 7
6 7
0 8
1 8
1 9
2 9
4 9
2 10
3 10
4 10
6 10
8 10
0 11
2 11
3 11
4 11
5 12
6 12
8 12
9 12
11 12
3 13
5 13
6 13
8 13
9 13
0 14
1 14
4 14
7 14
12 14
13 14
8203 6 0 4 5 6 7 35
1 5
4 5
0 6
4 6
0 7
4 7
4 8
2 9
3 9
5 9
6 9
8 9
2 10
6 10
8 10
1 11
3 11
7 11
10 11
1 12
3 12
7 12
10 12
0 13
2 13
5 13
8 13
11 13
12 13
1 14
2 14
3 14
6 14
7 14
8 14
8220 5 1 2 10 12 13 35
1 5
3 5
0 7
4 7
5 7
6 7
0 8
3 8
6 8
0 9
2 9
6 9
1 10
2 10
6 10
4 11
5 11
8 11
9 11
10 11
3 12
4 12
9 12
10 12
1 13
2 13
7 13
8 13
12 13
0 14
1 14
2 14
3 14
4 14
6 14
8210 4 1 3 5 8 13 36
1 5
3 5
4 8
5 8
0 9
2 9
8 9
4 10
5 10
6 10
7 10
9 10
1 11
4 11
6 11
7 11
9 11
0 12
2 12
3 12
4 12
6 12
7 12
1 13
2 13
3 13
6 13
7 13
8 13
0 14
1 14
2 14
3 14
6 14
7 14
8 14
8221 7 0 1 4 10 13 35
1 5
3 5
5 6
4 7
6 7
4 8
6 8
2 9
3 9
6 9
0 10
1 10
4 10
9 10
2 11
3 11
7 11
8 11
10 11
0 12
2 12
5 12
7 12
8 12
0 13
1 13
7 13
8 13
9 13
0 14
1 14
2 14
3 14
4 14
6 14
8222 6 0 1 2 13 14 35
1 5
3 5
4 6
4 7
3 8
6 8
7 8
2 9
5 9
6 9
7 9
1 10
6 10
7 10
0 11
2 11
5 11
8 11
10 11
0 12
3 12
4 12
9 12
10 12
0 13
1 13
2 13
4 13
8 13
0 14
1 14
2 14
3 14
6 14
7 14
8228 5 0 1 2 11 14 37
1 5
3 5
4 6
5 6
4 7
3 8
6 9
7 9
8 9
3 10
4 10
9 10
0 11
1 11
2 11
3 11
4 11
9 11
0 12
2 12
5 12
7 12
8 12
10 12
1 13
2 13
6 13
7 13
8 13
10 13
0 14
1 14
2 14
6 14
7 14
8 14
10 14
8236 4 1 3 5 6 8 34
1 5
3 5
1 6
4 7
6 7
2 8
3 8
6 8
2 9
3 9
4 9
1 10
4 10
0 11
2 11
4 11
6 11
0 12
2 12
3 12
7 12
10 12
5 13
7 13
8 13
9 13
10 13
11 13
0 14
5 14
7 14
8 14
9 14
10 14
8254 5 1 3 4 5 6 38
1 5
3 5
4 5
1 6
3 6
4 6
1 7
2 7
4 7
0 8
2 8
0 9
2 9
5 10
6 10
7 10
8 10
9 10
3 11
4 11
8 11
9 11
3 12
4 12
8 12
9 12
0 13
5 13
6 13
7 13
11 13
12 13
0 14
1 14
2 14
10 14
11 14
12 14
7994 4 0 1 2 10 14 35
1 5
3 6
4 6
3 7
5 7
2 8
4 8
7 8
2 9
3 9
5 9
0 10
2 10
4 10
7 10
0 11
6 11
8 11
9 11
3 12
4 12
5 12
11 12
1 13
6 13
8 13
9 13
10 13
12 13
0 14
1 14
2 14
6 14
7 14
12 14
8263 6 0 3 4 12 13 36
1 5
2 5
5 8
6 8
7 8
2 9
6 9
7 9
1 10
2 10
6 10
7 10
1 11
3 11
4 11
8 11
9 11
0 12
3 12
4 12
5 12
6 12
7 12
0 13
3 13
4 13
8 13
9 13
10 13
0 14
1 14
2 14
3 14
4 14
6 14
7 14
8266 5 0 2 4 11 12 37
1 5
2 5
3 8
4 8
5 8
6 8
7 8
1 9
6 9
7 9
3 10
5 10
6 10
7 10
0 11
2 11
4 11
9 11
10 11
0 12
2 12
4 12
9 12
10 12
1 13
3 13
6 13
7 13
11 13
12 13
0 14
1 14
2 14
3 14
4 14
6 14
7 14
8269 5 0 1 2 5 14 36
1 5
2 5
0 8
5 8
6 8
7 8
0 9
2 9
1 10
6 10
7 10
9 10
2 11
3 11
4 11
8 11
10 11
3 12
4 12
5 12
6 12
7 12
9 12
1 13
3 13
4 13
6 13
7 13
9 13
0 14
1 14
2 14
3 14
4 14
6 14
7 14
8270 4 0 2 5 8 11 37
1 5
2 5
0 8
2 8
4 8
1 9
4 9
6 9
7 9
3 10
4 10
5 10
6 10
7 10
3 11
5 11
6 11
7 11
8 11
0 12
2 12
9 12
10 12
11 12
1 13
3 13
6 13
7 13
8 13
12 13
0 14
1 14
2 14
3 14
4 14
6 14
7 14
8271 5 0 1 3 11 12 36
1 5
2 5
6 7
4 8
5 8
6 8
3 9
7 9
8 9
0 10
3 10
5 10
7 10
0 11
1 11
2 11
3 11
4 11
7 11
0 12
1 12
3 12
7 12
8 12
2 13
4 13
6 13
9 13
10 13
12 13
1 14
2 14
4 14
6 14
9 14
10 14
8275 4 0 1 2 5 11 37
1 5
2 5
4 7
4 8
5 9
6 9
7 9
8 9
1 10
4 10
9 10
0 11
1 11
2 11
3 11
4 11
6 11
1 12
2 12
3 12
6 12
7 12
8 12
0 13
2 13
3 13
6 13
7 13
8 13
10 13
0 14
3 14
5 14
6 14
7 14
8 14
10 14
8278 2 0 1 5 8 12 36
1 5
2 5
3 7
4 7
5 8
6 8
6 9
7 9
2 10
3 10
4 10
6 10
5 11
6 11
7 11
0 12
1 12
8 12
9 12
10 12
11 12
1 13
2 13
3 13
4 13
8 13
9 13
11 13
0 14
1 14
2 14
3 14
4 14
8 14
9 14
11 14
8280 4 0 1 2 5 9 38
1 5
2 5
5 6
0 9
1 9
2 9
3 10
4 10
5 10
7 10
8 10
9 10
3 11
4 11
6 11
7 11
8 11
9 11
3 12
4 12
6 12
7 12
8 12
9 12
0 13
1 13
2 13
3 13
6 13
7 13
8 13
0 14
1 14
2 14
4 14
6 14
7 14
8 14
8282 4 0 1 2 5 13 36
1 5
2 5
5 6
0 8
4 9
5 9
7 9
8 9
4 10
6 10
7 10
8 10
0 11
3 11
4 11
6 11
7 11
1 12
2 12
3 12
6 12
7 12
8 12
0 13
1 13
2 13
3 13
9 13
10 13
1 14
2 14
3 14
4 14
6 14
7 14
8 14
8281 6 0 1 2 5 14 36
1 5
2 5
5 6
6 8
7 8
6 9
7 9
1 10
8 10
9 10
0 11
3 11
4 11
5 11
7 11
10 11
1 12
2 12
3 12
4 12
8 12
9 12
0 13
2 13
3 13
4 13
6 13
7 13
10 13
0 14
1 14
2 14
3 14
4 14
8 14
9 14
8289 3 0 1 2 5 11 35
1 5
2 5
4 6
5 7
3 8
4 8
5 8
3 9
4 9
2 10
6 10
7 10
9 10
0 11
2 11
3 11
6 11
7 11
2 12
6 12
7 12
8 12
9 12
0 13
1 13
3 13
4 13
10 13
12 13
0 14
1 14
6 14
7 14
8 14
9 14
8291 6 0 1 2 5 13 35
1 5
2 5
4 6
4 7
5 7
7 8
0 9
6 9
7 9
1 10
3 10
4 10
8 10
9 10
2 11
3 11
4 11
8 11
9 11
0 12
3 12
5 12
6 12
8 12
0 13
1 13
2 13
6 13
8 13
0 14
1 14
2 14
3 14
6 14
7 14
8294 2 1 2 3 5 10 37
1 5
2 5
4 6
5 6
3 7
4 7
5 7
2 8
3 8
1 9
4 9
1 10
2 10
3 10
0 11
6 11
8 11
9 11
10 11
0 12
6 12
7 12
8 12
9 12
0 13
6 13
7 13
8 13
9 13
10 13
1 14
2 14
3 14
4 14
11 14
12 14
13 14
8295 4 0 1 2 5 12 35
1 5
2 5
3 6
0 7
4 7
5 7
6 7
6 8
6 9
3 10
4 10
5 10
1 11
3 11
4 11
8 11
9 11
0 12
1 12
2 12
8 12
9 12
10 12
0 13
2 13
3 13
4 13
8 13
9 13
1 14
2 14
7 14
8 14
9 14
10 14
8306 5 1 5 6 7 9 35
1 5
2 5
1 6
5 7
6 9
7 9
8 9
3 10
4 10
5 10
8 10
0 11
1 11
9 11
10 11
0 12
1 12
2 12
3 12
4 12
9 12
2 13
3 13
4 13
6 13
7 13
8 13
11 13
0 14
2 14
3 14
4 14
6 14
7 14
8 14
8318 3 0 1 2 5 8 38
1 5
2 5
4 5
4 6
4 7
0 8
5 8
3 9
6 9
7 9
8 9
3 10
6 10
7 10
8 10
3 11
5 11
6 11
7 11
0 12
4 12
9 12
10 12
11 12
1 13
2 13
3 13
6 13
7 13
8 13
12 13
0 14
1 14
2 14
4 14
9 14
10 14
11 14
8320 2 0 1 4 5 8 38
1 5
2 5
4 5
2 6
3 6
2 7
3 7
0 8
1 8
4 8
6 8
3 9
4 9
0 10
6 10
7 10
9 10
5 11
6 11
7 11
9 11
5 12
7 12
8 12
9 12
1 13
3 13
4 13
10 13
11 13
12 13
1 14
2 14
3 14
4 14
10 14
11 14
12 14
8321 3 1 4 5 6 7 35
1 5
2 5
4 5
1 6
4 7
6 7
2 9
3 9
7 9
8 9
0 10
2 10
7 10
8 10
5 11
9 11
10 11
0 12
3 12
4 12
6 12
8 12
11 12
0 13
3 13
4 13
6 13
8 13
11 13
1 14
2 14
3 14
7 14
8 14
11 14
8337 3 0 1 2 3 12 36
0 5
5 10
6 10
7 10
8 10
9 10
5 11
6 11
7 11
8 11
9 11
0 12
1 12
2 12
3 12
4 12
10 12
11 12
0 13
1 13
2 13
3 13
4 13
6 13
7 13
8 13
9 13
1 14
2 14
3 14
4 14
5 14
6 14
7 14
8 14
9 14
8339 3 0 1 2 4 11 37
0 5
5 9
6 9
7 9
8 9
3 10
6 10
7 10
8 10
0 11
1 11
2 11
4 11
9 11
10 11
1 12
3 12
4 12
5 12
6 12
7 12
8 12
2 13
3 13
4 13
5 13
6 13
7 13
8 13
0 14
1 14
2 14
3 14
4 14
6 14
7 14
8 14
8037 6 0 1 3 11 13 34
1 5
2 6
3 6
5 6
4 7
5 7
4 8
6 8
3 9
5 9
0 10
2 10
4 10
9 10
0 11
1 11
3 11
4 11
2 12
7 12
8 12
9 12
11 12
1 13
3 13
7 13
8 13
10 13
0 14
1 14
2 14
7 14
8 14
9 14
8350 4 0 1 2 4 14 34
0 5
5 8
6 8
7 8
0 9
6 9
7 9
1 10
2 10
8 10
9 10
1 11
3 11
8 11
9 11
2 12
4 12
5 12
6 12
7 12
11 12
3 13
4 13
5 13
6 13
7 13
10 13
0 14
1 14
2 14
3 14
4 14
6 14
7 14
8353 1 0 1 2 5 10 37
0 5
4 8
6 8
7 8
2 9
4 9
6 9
7 9
1 10
2 10
3 10
5 10
8 10
0 11
8 11
9 11
2 12
3 12
5 12
6 12
7 12
11 12
1 13
3 13
4 13
5 13
6 13
7 13
11 13
1 14
2 14
3 14
4 14
5 14
6 14
7 14
11 14
8356 4 0 1 2 5 13 35
0 5
3 8
6 8
7 8
1 9
4 9
5 9
8 9
0 10
4 10
6 10
7 10
2 11
3 11
4 11
5 11
6 11
7 11
0 12
3 12
6 12
7 12
9 12
1 13
2 13
5 13
8 13
10 13
12 13
1 14
2 14
3 14
4 14
6 14
7 14
7993 5 0 1 5 8 14 35
1 5
3 6
4 6
3 7
3 8
5 8
2 9
3 9
4 9
5 10
6 10
9 10
0 11
5 11
6 11
7 11
9 11
1 12
2 12
4 12
7 12
8 12
10 12
0 13
2 13
4 13
7 13
8 13
10 13
0 14
1 14
2 14
6 14
7 14
8 14
8357 3 0 2 5 10 12 35
0 5
3 8
5 8
6 8
7 8
2 9
8 9
2 10
4 10
5 10
6 10
7 10
1 11
4 11
6 11
9 11
0 12
2 12
3 12
7 12
11 12
1 13
3 13
4 13
5 13
6 13
7 13
9 13
0 14
1 14
3 14
4 14
6 14
7 14
9 14
8358 5 1 3 4 9 12 37
0 5
3 8
4 8
1 9
3 9
4 9
2 10
5 10
6 10
7 10
8 10
9 10
2 11
5 11
6 11
7 11
8 11
9 11
1 12
3 12
4 12
5 12
6 12
7 12
0 13
1 13
2 13
6 13
7 13
8 13
0 14
1 14
2 14
3 14
4 14
6 14
7 14
8362 4 2 4 6 8 9 36
0 5
2 8
4 8
5 8
6 8
7 8
1 9
2 9
4 9
6 9
3 10
5 10
7 10
9 10
1 11
3 11
5 11
7 11
0 12
2 12
4 12
6 12
10 12
11 12
0 13
1 13
3 13
4 13
6 13
7 13
1 14
2 14
3 14
5 14
6 14
7 14
8367 4 1 2 6 8 13 37
0 5
1 8
2 8
5 8
6 8
0 9
4 9
7 9
8 9
1 10
2 10
9 10
3 11
4 11
5 11
6 11
7 11
10 11
3 12
4 12
5 12
6 12
7 12
10 12
0 13
1 13
2 13
3 13
6 13
7 13
0 14
1 14
2 14
3 14
4 14
6 14
7 14
8381 6 0 4 5 7 8 35
0 5
4 7
5 7
6 7
2 8
4 8
5 8
6 8
2 9
3 9
7 9
1 10
6 10
9 10
1 11
6 11
9 11
2 12
3 12
4 12
5 12
10 12
11 12
0 13
3 13
7 13
8 13
10 13
11 13
0 14
1 14
2 14
3 14
4 14
6 14
8147 2 1 2 4 5 10 39
1 5
4 5
4 8
4 9
1 10
2 10
4 10
6 10
7 10
0 11
3 11
5 11
6 11
7 11
8 11
9 11
1 12
2 12
3 12
6 12
7 12
8 12
9 12
0 13
2 13
3 13
5 13
6 13
7 13
8 13
9 13
0 14
1 14
2 14
3 14
6 14
7 14
8 14
9 14
8401 4 4 5 7 8 9 37
0 5
2 7
4 7
5 7
3 8
4 8
5 8
1 9
6 9
7 9
8 9
1 10
6 10
7 10
8 10
5 11
9 11
10 11
0 12
2 12
3 12
4 12
6 12
11 12
0 13
1 13
2 13
3 13
6 13
11 13
0 14
1 14
2 14
3 14
4 14
6 14
11 14
8391 7 1 3 4 12 13 35
0 5
3 7
4 7
5 7
6 7
5 8
6 8
1 9
2 9
5 9
6 9
3 10
4 10
9 10
0 11
2 11
6 11
10 11
1 12
3 12
4 12
8 12
11 12
0 13
1 13
2 13
3 13
4 13
8 13
0 14
1 14
2 14
7 14
8 14
10 14
8407 5 0 1 5 8 13 34
0 5
1 7
1 8
2 8
3 8
5 8
6 8
4 9
5 9
6 9
7 9
4 10
5 10
6 10
7 10
2 11
3 11
9 11
10 11
2 12
3 12
4 12
7 12
0 13
1 13
6 13
11 13
12 13
0 14
2 14
3 14
4 14
6 14
7 14
8416 5 0 5 8 9 10 35
0 5
0 7
2 7
3 7
6 7
0 8
1 8
2 9
4 9
5 9
6 9
8 9
3 10
5 10
6 10
8 10
2 11
6 11
8 11
1 12
3 12
4 12
5 12
11 12
1 13
4 13
7 13
10 13
11 13
1 14
2 14
3 14
4 14
5 14
6 14
8414 5 0 5 8 9 10 35
0 5
0 7
4 7
6 7
0 8
1 8
2 8
4 9
5 9
6 9
8 9
3 10
5 10
6 10
8 10
1 11
3 11
4 11
6 11
2 12
7 12
9 12
10 12
11 12
1 13
2 13
3 13
5 13
7 13
1 14
2 14
3 14
4 14
5 14
6 14
8422 3 0 5 6 9 10 39
0 5
5 6
1 9
2 9
5 9
0 10
6 10
7 10
8 10
9 10
1 11
2 11
3 11
4 11
5 11
7 11
8 11
0 12
3 12
4 12
6 12
7 12
8 12
9 12
1 13
2 13
3 13
4 13
6 13
7 13
8 13
0 14
1 14
2 14
3 14
4 14
6 14
7 14
8 14
8423 3 0 4 6 9 10 38
0 5
5 6
0 9
4 9
6 9
8 9
0 10
4 10
6 10
7 10
8 10
1 11
2 11
3 11
5 11
7 11
9 11
1 12
2 12
3 12
6 12
7 12
8 12
1 13
2 13
3 13
4 13
5 13
7 13
8 13
0 14
1 14
2 14
3 14
4 14
6 14
7 14
8 14
8428 3 3 4 5 8 10 38
0 5
5 6
3 8
4 8
5 8
8 9
1 10
3 10
4 10
5 10
7 10
9 10
0 11
1 11
2 11
6 11
7 11
9 11
0 12
1 12
2 12
6 12
7 12
8 12
0 13
2 13
3 13
4 13
6 13
7 13
9 13
1 14
2 14
3 14
4 14
6 14
7 14
9 14
8430 3 0 5 6 8 10 36
0 5
5 6
1 8
5 8
3 9
4 9
7 9
8 9
0 10
4 10
6 10
7 10
8 10
2 11
3 11
6 11
7 11
8 11
0 12
1 12
2 12
6 12
9 12
1 13
2 13
3 13
4 13
5 13
7 13
0 14
1 14
2 14
3 14
4 14
6 14
7 14
8432 5 0 5 6 10 12 36
0 5
5 6
1 8
2 8
5 8
7 8
3 9
4 9
8 9
0 10
2 10
6 10
9 10
1 11
2 11
6 11
7 11
9 11
0 12
3 12
4 12
6 12
7 12
1 13
3 13
4 13
5 13
7 13
10 13
0 14
1 14
2 14
3 14
4 14
6 14
7 14
8431 2 0 1 5 8 12 36
0 5
5 6
1 8
3 8
5 8
2 9
6 9
7 9
8 9
3 10
4 10
6 10
7 10
5 11
9 11
10 11
0 12
2 12
4 12
7 12
8 12
11 12
1 13
3 13
4 13
6 13
7 13
11 13
0 14
1 14
2 14
3 14
4 14
6 14
7 14
11 14
8245 5 0 1 3 5 12 36
1 5
3 5
0 6
1 6
2 6
2 8
2 9
1 10
2 10
3 10
4 10
7 10
0 11
4 11
5 11
7 11
8 11
9 11
0 12
1 12
3 12
7 12
8 12
9 12
4 13
5 13
6 13
7 13
8 13
9 13
3 14
4 14
6 14
7 14
8 14
9 14
8449 6 0 1 2 8 9 37
0 5
5 6
5 7
0 8
1 8
2 8
0 9
1 9
6 10
7 10
8 10
9 10
1 11
2 11
3 11
4 11
5 11
10 11
2 12
3 12
4 12
6 12
7 12
9 12
3 13
4 13
6 13
7 13
8 13
9 13
0 14
1 14
2 14
3 14
4 14
6 14
7 14
8461 6 1 3 7 11 12 35
0 5
5 6
1 7
3 7
6 7
2 8
4 8
6 8
3 9
4 9
6 9
2 10
4 10
5 10
7 10
1 11
3 11
5 11
8 11
0 12
2 12
7 12
9 12
11 12
0 13
1 13
8 13
9 13
10 13
0 14
1 14
2 14
3 14
4 14
6 14
8462 2 0 1 3 5 7 36
0 5
5 6
1 7
3 7
5 7
1 8
0 9
3 9
4 9
6 9
2 10
3 10
4 10
5 10
8 10
2 11
4 11
6 11
7 11
8 11
2 12
3 12
4 12
6 12
8 12
1 13
9 13
10 13
11 13
12 13
0 14
2 14
6 14
7 14
8 14
13 14
8472 4 0 1 5 7 14 36
0 5
4 6
5 7
4 8
7 8
2 9
3 9
5 9
6 9
8 9
2 10
5 10
6 10
8 10
1 11
3 11
4 11
7 11
10 11
1 12
3 12
4 12
7 12
10 12
0 13
2 13
6 13
8 13
11 13
12 13
0 14
1 14
2 14
3 14
6 14
7 14
8477 4 0 1 5 10 13 35
0 5
4 6
4 7
2 8
3 8
4 8
5 8
2 9
6 9
7 9
1 10
4 10
5 10
9 10
0 11
8 11
9 11
2 12
3 12
6 12
7 12
10 12
11 12
1 13
3 13
5 13
6 13
7 13
11 13
0 14
1 14
2 14
3 14
6 14
7 14
8473 3 0 4 5 8 10 36
0 5
4 6
5 7
4 8
5 8
3 9
6 9
7 9
0 10
4 10
9 10
3 11
6 11
7 11
8 11
10 11
1 12
2 12
4 12
5 12
9 12
11 12
1 13
2 13
3 13
6 13
7 13
8 13
10 13
0 14
1 14
2 14
3 14
6 14
7 14
8 14
8495 3 0 1 2 3 14 34
0 5
4 6
5 6
5 7
3 8
4 8
7 8
6 9
8 9
1 10
3 10
4 10
5 10
9 10
2 11
3 11
7 11
9 11
0 12
6 12
8 12
11 12
1 13
2 13
4 13
7 13
9 13
12 13
0 14
1 14
2 14
3 14
6 14
7 14
8493 2 0 5 6 7 10 35
0 5
4 6
5 6
6 7
5 8
5 9
0 10
1 10
2 10
7 10
9 10
1 11
2 11
3 11
6 11
8 11
1 12
3 12
4 12
7 12
8 12
9 12
2 13
3 13
4 13
7 13
8 13
9 13
0 14
1 14
2 14
3 14
4 14
8 14
9 14
8496 6 1 2 8 11 13 35
0 5
4 6
5 6
4 7
3 8
5 8
7 8
1 9
2 9
5 9
7 9
0 10
3 10
4 10
9 10
1 11
2 11
6 11
8 11
10 11
0 12
3 12
6 12
7 12
1 13
2 13
4 13
8 13
12 13
0 14
1 14
2 14
3 14
6 14
7 14
8348 5 1 2 5 10 11 37
0 5
5 8
6 8
7 8
6 9
7 9
1 10
2 10
5 10
6 10
7 10
1 11
2 11
3 11
4 11
5 11
9 11
0 12
3 12
4 12
8 12
9 12
10 12
0 13
1 13
2 13
3 13
4 13
6 13
7 13
0 14
1 14
2 14
3 14
4 14
8 14
9 14
8499 6 0 4 5 6 7 36
0 5
4 6
5 6
4 7
5 7
6 8
7 8
1 9
2 9
5 9
8 9
3 10
6 10
7 10
9 10
1 11
2 11
3 11
5 11
0 12
4 12
8 12
10 12
11 12
0 13
1 13
2 13
3 13
4 13
8 13
1 14
2 14
3 14
6 14
7 14
12 14
8498 7 0 1 12 13 14 35
0 5
4 6
5 6
4 7
2 8
6 8
1 9
3 9
5 9
7 9
8 9
2 10
3 10
4 10
5 10
2 11
3 11
6 11
7 11
0 12
1 12
7 12
8 12
10 12
0 13
1 13
4 13
8 13
11 13
0 14
1 14
2 14
3 14
6 14
7 14
8507 5 0 3 5 7 11 34
0 5
4 6
5 6
0 7
3 7
1 9
2 9
6 10
7 10
8 10
9 10
3 11
4 11
5 11
8 11
9 11
1 12
2 12
4 12
5 12
7 12
8 12
0 13
1 13
2 13
3 13
6 13
8 13
0 14
1 14
2 14
3 14
4 14
10 14
8513 6 0 1 2 11 12 36
0 5
3 6
4 8
5 8
6 8
7 8
3 9
7 9
3 10
4 10
5 10
7 10
0 11
1 11
2 11
3 11
4 11
7 11
0 12
1 12
2 12
6 12
9 12
10 12
1 13
2 13
4 13
5 13
6 13
9 13
0 14
1 14
2 14
8 14
9 14
10 14
8502 1 0 3 5 7 8 35
0 5
4 6
5 6
3 7
5 7
0 8
3 8
4 8
2 9
7 9
8 9
2 10
6 10
8 10
2 11
6 11
7 11
0 12
1 12
4 12
9 12
10 12
11 12
1 13
3 13
5 13
9 13
10 13
11 13
1 14
3 14
4 14
9 14
10 14
11 14
8527 6 1 2 4 11 12 37
0 5
3 6
5 6
1 7
2 7
5 7
6 8
7 8
4 9
6 9
7 9
1 10
2 10
4 10
5 10
1 11
2 11
4 11
6 11
0 12
1 12
2 12
3 12
4 12
8 12
0 13
3 13
8 13
9 13
10 13
11 13
0 14
3 14
8 14
9 14
10 14
11 14
8531 2 1 3 6 7 11 35
0 5
3 6
4 6
1 7
6 7
6 9
4 10
5 10
7 10
8 10
9 10
2 11
3 11
5 11
7 11
8 11
0 12
1 12
2 12
4 12
8 12
9 12
1 13
2 13
3 13
5 13
8 13
9 13
0 14
2 14
3 14
4 14
7 14
8 14
9 14
8533 5 0 1 3 9 13 36
0 5
3 6
4 6
5 6
5 7
0 9
1 9
3 9
2 10
4 10
7 10
8 10
9 10
2 11
6 11
7 11
8 11
9 11
1 12
2 12
3 12
4 12
5 12
8 12
0 13
1 13
3 13
4 13
7 13
8 13
0 14
1 14
2 14
6 14
7 14
8 14
8536 5 0 1 10 11 14 36
0 5
3 6
4 6
5 6
2 7
3 7
5 8
7 8
1 9
5 9
7 9
0 10
1 10
2 10
6 10
4 11
8 11
9 11
10 11
0 12
1 12
2 12
3 12
4 12
8 12
2 13
3 13
4 13
8 13
9 13
0 14
1 14
6 14
7 14
11 14
13 14
8534 5 1 2 9 11 13 35
0 5
3 6
4 6
5 6
4 7
5 7
3 8
4 8
0 9
4 9
1 10
6 10
8 10
9 10
1 11
2 11
5 11
8 11
9 11
0 12
2 12
3 12
7 12
10 12
1 13
2 13
3 13
7 13
9 13
0 14
1 14
2 14
6 14
7 14
8 14
8537 5 1 2 7 9 10 36
0 5
3 6
4 6
5 6
1 7
2 7
5 7
3 8
5 8
1 9
2 9
4 9
8 9
0 10
7 10
9 10
6 11
8 11
10 11
0 12
1 12
2 12
3 12
4 12
11 12
0 13
3 13
4 13
7 13
11 13
1 14
2 14
6 14
8 14
10 14
13 14
8539 5 0 1 2 5 14 34
0 5
2 6
1 7
6 8
7 8
3 9
4 9
5 9
8 9
1 10
9 10
4 11
5 11
6 11
7 11
10 11
2 12
3 12
4 12
5 12
8 12
10 12
0 13
3 13
4 13
6 13
7 13
10 13
0 14
1 14
2 14
3 14
8 14
11 14
8551 4 0 1 2 3 12 35
0 5
1 6
5 10
6 10
7 10
8 10
9 10
5 11
6 11
7 11
8 11
9 11
0 12
1 12
2 12
3 12
4 12
10 12
11 12
0 13
2 13
3 13
4 13
6 13
7 13
8 13
9 13
1 14
2 14
3 14
4 14
5 14
7 14
8 14
9 14
8543 4 0 1 5 6 13 35
0 5
2 6
5 6
2 7
1 8
1 9
3 10
5 10
7 10
8 10
9 10
4 11
6 11
7 11
8 11
9 11
2 12
3 12
4 12
5 12
8 12
9 12
0 13
1 13
3 13
4 13
6 13
7 13
0 14
3 14
4 14
6 14
7 14
8 14
9 14
8554 5 0 2 3 9 11 37
0 5
1 6
0 9
1 9
2 9
5 10
6 10
7 10
8 10
9 10
0 11
1 11
2 11
3 11
4 11
10 11
3 12
4 12
5 12
6 12
7 12
8 12
9 12
0 13
2 13
3 13
4 13
6 13
7 13
8 13
1 14
2 14
3 14
4 14
5 14
7 14
8 14
8555 6 0 1 5 6 8 35
0 5
1 6
5 8
6 8
7 8
5 9
6 9
7 9
0 10
1 10
7 10
2 11
3 11
4 11
8 11
9 11
10 11
2 12
3 12
4 12
8 12
9 12
10 12
0 13
2 13
3 13
4 13
6 13
7 13
1 14
2 14
3 14
4 14
5 14
7 14
8563 5 2 3 4 10 13 35
0 5
1 6
2 7
6 8
7 8
5 9
6 9
7 9
2 10
3 10
4 10
9 10
1 11
5 11
8 11
10 11
0 12
3 12
4 12
6 12
7 12
11 12
1 13
2 13
3 13
4 13
5 13
8 13
0 14
1 14
2 14
3 14
4 14
8 14
9 14
8562 6 1 3 4 12 14 35
0 5
1 6
2 7
1 9
2 9
3 9
5 10
6 10
7 10
8 10
9 10
0 11
4 11
6 11
7 11
8 11
9 11
1 12
3 12
4 12
5 12
7 12
8 12
2 13
3 13
4 13
5 13
6 13
8 13
0 14
1 14
2 14
3 14
4 14
10 14
8573 4 0 1 5 6 10 36
0 5
1 6
5 6
1 7
2 7
1 10
2 10
3 10
5 10
8 10
9 10
3 11
4 11
5 11
7 11
8 11
9 11
0 12
2 12
4 12
6 12
8 12
9 12
3 13
4 13
6 13
7 13
8 13
9 13
0 14
3 14
4 14
6 14
7 14
8 14
9 14
8581 4 1 2 8 9 12 37
0 5
1 6
3 6
4 6
5 6
2 7
3 7
4 7
5 7
0 8
3 8
4 8
1 9
2 9
5 9
8 9
0 10
1 10
7 10
0 11
2 11
6 11
1 12
2 12
8 12
3 13
4 13
5 13
10 13
11 13
12 13
3 14
4 14
9 14
10 14
11 14
12 14
8590 5 1 5 8 9 10 37
0 5
0 6
6 8
7 8
1 9
5 9
8 9
1 10
5 10
8 10
0 11
1 11
2 11
3 11
4 11
8 11
1 12
2 12
3 12
4 12
5 12
6 12
7 12
2 13
3 13
4 13
6 13
7 13
9 13
10 13
0 14
2 14
3 14
4 14
7 14
9 14
10 14
8569 5 0 5 7 8 9 37
0 5
1 6
5 6
5 7
6 8
7 8
0 9
8 9
0 10
8 10
0 11
1 11
2 11
3 11
4 11
8 11
1 12
2 12
3 12
4 12
7 12
9 12
10 12
2 13
3 13
4 13
6 13
7 13
9 13
10 13
1 14
2 14
3 14
4 14
5 14
9 14
10 14
8604 4 1 2 4 8 9 38
0 5
0 6
0 7
1 8
2 8
4 8
7 8
1 9
2 9
4 9
7 9
3 10
4 10
5 10
6 10
7 10
3 11
4 11
5 11
6 11
7 11
3 12
5 12
6 12
8 12
9 12
1 13
2 13
3 13
4 13
5 13
6 13
0 14
1 14
2 14
10 14
11 14
12 14
8594 5 0 1 5 6 13 36
0 5
0 6
3 7
2 8
5 8
7 8
2 9
7 9
1 10
2 10
5 10
7 10
3 11
4 11
6 11
8 11
9 11
10 11
1 12
2 12
4 12
5 12
6 12
7 12
1 13
3 13
4 13
5 13
6 13
9 13
1 14
3 14
4 14
6 14
8 14
9 14
8611 5 0 2 5 7 9 36
0 5
0 6
3 6
0 7
2 7
4 8
6 8
2 9
4 9
5 9
1 10
4 10
5 10
6 10
7 10
1 11
2 11
3 11
5 11
8 11
2 12
4 12
5 12
6 12
1 13
3 13
7 13
8 13
9 13
12 13
1 14
3 14
7 14
8 14
9 14
12 14
8497 6 0 5 6 9 13 35
0 5
4 6
5 6
4 7
2 8
7 8
2 9
3 9
5 9
7 9
1 10
3 10
4 10
5 10
8 10
1 11
2 11
6 11
7 11
0 12
3 12
4 12
8 12
11 12
0 13
1 13
6 13
8 13
9 13
0 14
1 14
2 14
3 14
6 14
7 14
8617 5 1 2 3 11 14 36
0 5
0 6
2 6
5 7
4 8
6 8
7 8
1 9
5 9
8 9
1 10
3 10
4 10
6 10
7 10
1 11
2 11
3 11
5 11
0 12
2 12
3 12
4 12
7 12
9 12
4 13
6 13
7 13
9 13
11 13
1 14
2 14
3 14
5 14
8 14
13 14
8626 3 0 5 6 8 9 36
0 5
0 6
1 6
2 6
4 8
5 8
6 8
7 8
3 9
4 9
5 9
6 9
3 10
4 10
5 10
7 10
1 11
2 11
7 11
9 11
0 12
8 12
10 12
11 12
1 13
2 13
3 13
5 13
7 13
12 13
1 14
2 14
3 14
4 14
7 14
12 14
8627 4 0 1 2 6 7 36
0 5
0 6
1 6
2 6
0 7
2 7
3 7
4 7
4 8
3 9
4 9
6 9
2 10
3 10
5 10
8 10
1 11
3 11
5 11
8 11
4 12
6 12
10 12
11 12
1 13
5 13
7 13
8 13
9 13
12 13
1 14
2 14
5 14
8 14
9 14
12 14
8628 5 0 1 2 3 13 36
0 5
4 5
5 9
6 9
7 9
8 9
4 10
6 10
7 10
8 10
4 11
6 11
7 11
8 11
1 12
2 12
3 12
5 12
6 12
7 12
8 12
0 13
1 13
2 13
3 13
9 13
10 13
11 13
0 14
1 14
2 14
3 14
4 14
6 14
7 14
8 14
8636 6 0 1 7 10 12 35
0 5
4 5
4 6
5 8
6 8
7 8
4 9
7 9
0 10
1 10
6 10
7 10
2 11
3 11
8 11
9 11
10 11
0 12
1 12
2 12
3 12
4 12
7 12
1 13
2 13
3 13
5 13
6 13
9 13
0 14
1 14
2 14
3 14
8 14
9 14
8639 4 0 2 3 7 12 35
0 5
4 5
4 6
2 7
3 7
4 7
1 8
6 9
8 9
1 10
5 10
9 10
6 11
7 11
8 11
10 11
0 12
2 12
3 12
6 12
8 12
10 12
1 13
2 13
3 13
5 13
9 13
11 13
0 14
1 14
2 14
3 14
4 14
9 14
11 14
8624 7 0 1 6 7 13 37
0 5
0 6
1 6
0 7
1 7
4 8
5 8
7 8
4 9
5 9
7 9
2 10
3 10
6 10
8 10
9 10
2 11
3 11
6 11
8 11
9 11
1 12
2 12
3 12
4 12
5 12
0 13
1 13
2 13
3 13
4 13
2 14
3 14
4 14
5 14
6 14
7 14
8640 3 0 4 5 6 7 36
0 5
4 5
4 6
0 7
6 7
4 8
2 10
3 10
4 10
7 10
9 10
1 11
5 11
7 11
8 11
9 11
1 12
2 12
3 12
7 12
8 12
9 12
0 13
1 13
2 13
3 13
6 13
8 13
9 13
1 14
2 14
3 14
5 14
6 14
8 14
9 14
8643 3 0 1 2 7 10 39
0 5
4 5
3 6
5 6
1 7
2 7
5 7
1 8
3 8
4 8
2 9
3 9
4 9
0 10
1 10
2 10
4 10
6 10
6 11
7 11
8 11
9 11
6 12
7 12
8 12
9 12
1 13
2 13
3 13
5 13
11 13
12 13
0 14
1 14
2 14
3 14
4 14
11 14
12 14
8649 4 0 1 2 3 14 34
0 5
4 5
1 6
4 7
6 7
5 8
6 8
5 9
7 9
1 10
3 10
8 10
9 10
0 11
7 11
10 11
2 12
3 12
4 12
6 12
9 12
11 12
2 13
3 13
4 13
8 13
9 13
11 13
0 14
1 14
2 14
3 14
7 14
8 14
8664 6 0 4 5 9 12 36
0 5
4 5
0 6
3 6
6 7
4 8
6 8
3 9
5 9
3 10
5 10
7 10
8 10
1 11
2 11
7 11
8 11
9 11
0 12
1 12
2 12
4 12
7 12
9 12
1 13
2 13
4 13
6 13
9 13
10 13
1 14
2 14
3 14
5 14
7 14
8 14
8666 5 0 3 6 7 14 36
0 5
4 5
0 6
3 6
0 7
3 7
5 8
5 9
6 9
3 10
4 10
8 10
9 10
1 11
2 11
3 11
8 11
9 11
1 12
2 12
5 12
6 12
7 12
10 12
1 13
2 13
4 13
7 13
8 13
9 13
1 14
2 14
4 14
6 14
7 14
8 14
8669 1 0 2 3 7 11 36
0 5
4 5
0 6
1 6
0 7
2 7
3 7
4 8
6 8
7 8
2 9
5 9
8 9
1 10
3 10
5 10
1 11
2 11
3 11
8 11
4 12
6 12
7 12
9 12
10 12
4 13
6 13
9 13
10 13
11 13
1 14
2 14
3 14
5 14
12 14
13 14
8672 4 1 2 6 10 11 36
0 5
3 5
3 7
4 7
3 8
4 8
4 9
5 9
1 10
2 10
4 10
5 10
6 10
1 11
2 11
3 11
6 11
9 11
0 12
1 12
6 12
7 12
8 12
9 12
0 13
2 13
6 13
7 13
8 13
9 13
1 14
2 14
5 14
6 14
7 14
8 14
8677 6 0 3 5 8 13 36
0 5
3 5
4 6
3 7
4 8
5 8
7 8
1 9
6 9
8 9
2 10
4 10
5 10
7 10
9 10
1 11
2 11
6 11
7 11
0 12
3 12
4 12
9 12
11 12
0 13
1 13
2 13
3 13
6 13
8 13
1 14
2 14
5 14
6 14
7 14
12 14
8673 7 0 1 10 12 13 35
0 5
3 5
2 7
3 7
4 7
6 7
2 8
5 8
6 8
1 9
5 9
6 9
0 10
1 10
6 10
3 11
4 11
8 11
9 11
10 11
2 12
4 12
9 12
10 12
0 13
1 13
7 13
8 13
12 13
0 14
1 14
2 14
3 14
4 14
6 14
8685 4 0 4 6 9 10 35
0 5
3 5
1 6
0 9
4 9
6 9
8 9
3 10
4 10
6 10
7 10
8 10
2 11
5 11
6 11
7 11
8 11
1 12
2 12
3 12
7 12
9 12
1 13
2 13
4 13
5 13
7 13
8 13
0 14
1 14
2 14
3 14
4 14
7 14
8 14
8696 4 0 3 4 5 6 37
0 5
3 5
4 5
3 6
4 6
0 7
3 8
5 10
6 10
7 10
8 10
9 10
0 11
1 11
2 11
6 11
8 11
9 11
1 12
2 12
3 12
4 12
7 12
9 12
1 13
2 13
4 13
7 13
8 13
9 13
1 14
2 14
5 14
6 14
7 14
8 14
9 14
8707 4 0 1 3 10 11 36
0 5
2 5
1 8
3 9
5 9
6 9
7 9
8 9
0 10
1 10
3 10
1 11
3 11
4 11
5 11
6 11
7 11
2 12
4 12
6 12
7 12
8 12
10 12
2 13
4 13
6 13
7 13
8 13
10 13
0 14
2 14
3 14
4 14
6 14
7 14
8 14
8719 6 0 3 4 12 13 36
0 5
2 5
5 6
3 7
4 7
3 8
5 8
2 9
4 9
6 9
8 9
1 10
6 10
7 10
8 10
1 11
5 11
7 11
9 11
0 12
3 12
4 12
10 12
11 12
0 13
1 13
2 13
3 13
4 13
6 13
1 14
2 14
6 14
7 14
8 14
12 14
8725 2 1 4 6 7 8 36
0 5
2 5
3 6
4 6
5 6
1 7
6 7
4 8
7 8
4 9
0 10
1 10
8 10
9 10
4 11
5 11
10 11
0 12
2 12
3 12
7 12
9 12
11 12
1 13
2 13
3 13
8 13
9 13
11 13
0 14
1 14
2 14
3 14
8 14
9 14
11 14
8741 5 0 2 5 8 9 36
0 5
2 5
3 5
5 6
3 7
4 7
4 8
5 8
2 9
7 9
8 9
1 10
2 10
4 10
6 10
1 11
6 11
7 11
8 11
0 12
3 12
9 12
10 12
11 12
0 13
1 13
3 13
4 13
6 13
9 13
1 14
2 14
6 14
7 14
8 14
12 14
8730 2 0 1 2 5 9 36
0 5
2 5
0 6
1 7
3 7
4 7
3 8
1 9
4 9
5 9
6 9
8 9
5 10
6 10
8 10
6 11
7 11
8 11
5 12
6 12
7 12
8 12
0 13
2 13
3 13
4 13
10 13
11 13
12 13
1 14
2 14
3 14
4 14
10 14
11 14
12 14
8380 6 0 5 6 9 10 38
0 5
4 7
5 7
6 7
4 8
5 8
6 8
0 9
6 9
0 10
6 10
0 11
1 11
2 11
3 11
4 11
6 11
1 12
2 12
3 12
4 12
5 12
9 12
10 12
1 13
2 13
3 13
7 13
8 13
9 13
10 13
1 14
2 14
3 14
7 14
8 14
9 14
10 14
8100 3 0 1 5 6 8 36
1 5
0 6
4 7
2 8
3 8
5 8
6 8
7 8
1 9
7 9
1 10
7 10
0 11
5 11
7 11
2 12
3 12
4 12
6 12
9 12
10 12
11 12
2 13
3 13
4 13
6 13
9 13
10 13
11 13
0 14
2 14
3 14
4 14
5 14
9 14
10 14
8749 3 0 1 5 9 10 37
0 5
1 5
4 9
5 9
7 9
8 9
1 10
2 10
3 10
6 10
9 10
2 11
4 11
5 11
6 11
7 11
8 11
1 12
3 12
4 12
6 12
7 12
8 12
0 13
2 13
3 13
6 13
7 13
8 13
0 14
1 14
2 14
3 14
4 14
6 14
7 14
8 14
8752 3 0 1 2 5 9 38
0 5
1 5
0 9
1 9
2 9
6 9
2 10
4 10
6 10
7 10
8 10
3 11
4 11
5 11
7 11
8 11
9 11
2 12
3 12
5 12
6 12
7 12
8 12
0 13
1 13
3 13
4 13
6 13
7 13
8 13
0 14
1 14
2 14
3 14
4 14
6 14
7 14
8 14
8758 5 2 3 4 9 13 36
0 5
1 5
5 8
6 8
7 8
2 9
3 9
4 9
8 9
0 10
2 10
3 10
8 10
1 11
4 11
6 11
7 11
10 11
0 12
1 12
6 12
7 12
9 12
2 13
3 13
4 13
5 13
6 13
7 13
0 14
1 14
2 14
3 14
4 14
6 14
7 14
8761 5 1 3 4 9 12 36
0 5
1 5
5 8
6 8
7 8
1 9
3 9
4 9
0 10
2 10
6 10
7 10
9 10
0 11
8 11
9 11
0 12
1 12
2 12
3 12
4 12
8 12
2 13
3 13
4 13
5 13
6 13
7 13
11 13
1 14
2 14
3 14
4 14
6 14
7 14
11 14
8762 5 0 2 8 9 10 36
0 5
1 5
5 8
6 8
7 8
0 9
2 9
3 9
8 9
0 10
2 10
4 10
8 10
1 11
3 11
6 11
7 11
10 11
1 12
4 12
6 12
7 12
9 12
2 13
3 13
4 13
5 13
6 13
7 13
0 14
1 14
2 14
3 14
4 14
6 14
7 14
8765 6 0 2 6 10 11 36
0 5
1 5
3 8
4 8
5 8
7 8
2 9
5 9
6 9
7 9
0 10
2 10
6 10
8 10
0 11
2 11
6 11
7 11
1 12
3 12
4 12
6 12
7 12
1 13
3 13
4 13
9 13
10 13
11 13
0 14
1 14
2 14
3 14
4 14
6 14
7 14
8756 6 0 1 2 5 12 37
0 5
1 5
5 8
6 8
7 8
2 9
3 9
4 9
8 9
3 10
4 10
8 10
2 11
3 11
4 11
5 11
6 11
7 11
0 12
1 12
2 12
6 12
7 12
10 12
0 13
1 13
6 13
7 13
9 13
10 13
0 14
1 14
2 14
3 14
4 14
6 14
7 14
8769 6 0 2 4 11 14 36
0 5
1 5
2 8
5 8
6 8
7 8
0 9
3 9
4 9
8 9
1 10
6 10
7 10
9 10
0 11
2 11
4 11
10 11
1 12
3 12
6 12
7 12
11 12
2 13
3 13
4 13
5 13
6 13
7 13
0 14
1 14
2 14
3 14
4 14
6 14
7 14
8435 5 0 1 5 10 12 35
0 5
5 6
6 7
2 8
3 8
4 8
6 8
2 9
6 9
1 10
5 10
7 10
8 10
9 10
1 11
2 11
6 11
1 12
2 12
3 12
4 12
5 12
7 12
0 13
3 13
4 13
7 13
9 13
11 13
0 14
3 14
4 14
7 14
9 14
11 14
8773 5 1 3 8 9 10 37
0 5
1 5
1 8
3 8
4 8
1 9
3 9
0 10
6 10
7 10
8 10
9 10
2 11
4 11
5 11
6 11
7 11
9 11
2 12
3 12
4 12
5 12
6 12
7 12
0 13
2 13
6 13
7 13
8 13
9 13
0 14
1 14
2 14
3 14
4 14
6 14
7 14
8777 4 2 4 6 10 11 36
0 5
1 5
3 7
4 7
5 7
3 8
5 8
1 9
6 9
7 9
8 9
2 10
4 10
6 10
8 10
2 11
4 11
5 11
6 11
0 12
3 12
9 12
10 12
11 12
0 13
1 13
2 13
3 13
4 13
6 13
1 14
2 14
6 14
7 14
8 14
12 14
8766 3 0 1 5 9 11 36
0 5
1 5
3 8
4 8
5 8
7 8
0 9
3 10
4 10
6 10
7 10
9 10
1 11
2 11
6 11
8 11
9 11
2 12
4 12
5 12
6 12
7 12
9 12
1 13
2 13
3 13
6 13
7 13
9 13
0 14
1 14
2 14
3 14
4 14
6 14
7 14
8794 5 0 1 2 5 10 36
0 5
1 5
4 6
6 7
7 8
7 9
0 10
1 10
2 10
4 10
7 10
3 11
5 11
6 11
8 11
9 11
10 11
2 12
3 12
4 12
5 12
8 12
9 12
1 13
2 13
3 13
6 13
8 13
9 13
0 14
1 14
2 14
3 14
4 14
8 14
9 14
8802 4 0 1 5 8 14 35
0 5
1 5
3 6
4 7
3 8
4 8
5 8
5 9
6 9
7 9
0 10
3 10
4 10
9 10
1 11
2 11
6 11
7 11
10 11
0 12
2 12
6 12
7 12
8 12
1 13
2 13
3 13
4 13
9 13
0 14
1 14
2 14
6 14
7 14
8 14
8806 5 0 1 5 8 11 35
0 5
1 5
2 6
5 6
3 7
6 7
4 8
6 9
8 9
7 10
8 10
0 11
1 11
2 11
7 11
8 11
3 12
4 12
5 12
9 12
10 12
11 12
1 13
2 13
3 13
4 13
9 13
10 13
0 14
1 14
2 14
3 14
4 14
9 14
10 14
8809 4 0 3 4 7 8 36
0 5
1 5
1 6
4 6
0 7
3 7
4 7
1 8
3 8
4 8
2 9
3 9
6 9
2 10
6 10
7 10
2 11
6 11
7 11
5 12
8 12
9 12
10 12
11 12
5 13
8 13
9 13
10 13
11 13
0 14
1 14
2 14
3 14
4 14
12 14
13 14
8811 5 0 1 5 10 11 36
0 5
1 5
0 6
6 7
6 8
0 9
5 10
7 10
8 10
0 11
1 11
2 11
3 11
4 11
10 11
1 12
2 12
3 12
4 12
6 12
9 12
10 12
1 13
2 13
3 13
4 13
7 13
8 13
9 13
2 14
3 14
4 14
5 14
7 14
8 14
9 14
8812 6 0 1 5 6 11 36
0 5
1 5
0 6
5 7
0 8
6 9
7 9
8 9
7 10
8 10
1 11
2 11
3 11
4 11
6 11
10 11
2 12
3 12
4 12
5 12
9 12
10 12
1 13
2 13
3 13
4 13
6 13
7 13
8 13
0 14
1 14
2 14
3 14
4 14
9 14
10 14
8839 2 0 1 2 5 14 41
0 5
1 5
2 5
3 5
4 6
5 6
3 7
4 7
3 8
4 8
3 9
4 9
2 10
6 10
7 10
8 10
9 10
2 11
6 11
7 11
8 11
9 11
0 12
3 12
4 12
10 12
11 12
1 13
2 13
6 13
7 13
8 13
9 13
12 13
0 14
1 14
2 14
6 14
7 14
8 14
9 14
8284 5 0 1 2 5 13 36
1 5
2 5
5 6
4 7
3 8
6 8
7 8
3 9
6 9
7 9
0 10
2 10
7 10
1 11
3 11
4 11
6 11
10 11
4 12
5 12
8 12
9 12
10 12
0 13
1 13
2 13
4 13
8 13
9 13
0 14
1 14
2 14
3 14
6 14
7 14
12 14
8866 4 1 2 3 5 10 35
3 4
6 8
7 8
6 9
7 9
1 10
2 10
3 10
5 10
8 10
9 10
1 11
3 11
6 11
7 11
0 12
4 12
5 12
8 12
9 12
11 12
0 13
2 13
4 13
5 13
8 13
9 13
11 13
0 14
1 14
2 14
4 14
5 14
6 14
7 14
8875 1 0 1 5 10 14 36
3 4
4 8
4 9
0 10
1 10
5 10
7 10
8 10
9 10
2 11
5 11
6 11
7 11
8 11
9 11
0 12
2 12
3 12
6 12
7 12
8 12
9 12
1 13
3 13
5 13
6 13
7 13
8 13
9 13
0 14
1 14
2 14
4 14
5 14
6 14
7 14
8340 3 0 5 8 9 10 36
0 5
5 9
6 9
7 9
8 9
3 10
4 10
5 10
8 10
1 11
2 11
6 11
7 11
10 11
0 12
1 12
2 12
3 12
4 12
9 12
0 13
1 13
2 13
3 13
4 13
6 13
7 13
8 13
1 14
2 14
3 14
4 14
5 14
6 14
7 14
8 14
8894 5 0 1 2 10 12 38
3 4
3 8
5 8
6 8
7 8
3 9
5 9
6 9
7 9
0 10
1 10
2 10
3 10
4 11
5 11
6 11
7 11
10 11
0 12
1 12
2 12
8 12
9 12
11 12
0 13
1 13
2 13
4 13
5 13
6 13
7 13
0 14
1 14
2 14
4 14
5 14
6 14
7 14
8886 5 1 2 3 10 13 38
3 4
4 8
5 8
6 8
7 8
0 9
5 9
6 9
7 9
1 10
2 10
3 10
9 10
4 11
5 11
6 11
7 11
10 11
0 12
1 12
2 12
3 12
8 12
11 12
0 13
1 13
2 13
3 13
5 13
6 13
7 13
0 14
1 14
2 14
4 14
5 14
6 14
7 14
8919 4 0 2 7 8 14 35
3 4
0 8
2 8
3 8
7 8
1 9
4 9
5 9
8 9
0 10
4 10
2 11
3 11
6 11
7 11
9 11
10 11
1 12
3 12
5 12
6 12
7 12
10 12
1 13
2 13
5 13
6 13
7 13
10 13
0 14
2 14
4 14
5 14
6 14
7 14
8918 5 0 3 4 8 9 35
3 4
0 8
3 8
1 9
2 9
8 9
1 10
2 10
3 10
4 11
5 11
6 11
7 11
8 11
10 11
1 12
2 12
3 12
5 12
6 12
7 12
0 13
4 13
5 13
6 13
7 13
9 13
10 13
0 14
1 14
2 14
4 14
5 14
6 14
7 14
8947 5 0 4 6 10 13 37
3 4
5 7
4 8
5 8
1 9
2 9
5 9
0 10
4 10
6 10
7 10
9 10
0 11
3 11
6 11
7 11
8 11
9 11
1 12
2 12
3 12
6 12
7 12
8 12
0 13
1 13
2 13
4 13
5 13
6 13
0 14
1 14
2 14
3 14
6 14
7 14
8 14
8965 3 0 2 3 10 14 35
3 4
5 7
6 7
5 8
6 8
1 9
3 9
7 9
0 10
2 10
3 10
8 10
1 11
2 11
4 11
7 11
8 11
4 12
5 12
6 12
9 12
10 12
0 13
2 13
4 13
5 13
6 13
9 13
0 14
1 14
2 14
3 14
7 14
8 14
12 14
8972 6 0 1 7 9 12 36
3 4
5 7
6 7
4 8
5 8
6 8
0 9
1 9
7 9
8 9
2 10
3 10
5 10
6 10
9 10
0 11
4 11
5 11
6 11
0 12
1 12
2 12
4 12
7 12
1 13
2 13
3 13
7 13
8 13
11 13
0 14
1 14
2 14
3 14
5 14
6 14
8974 4 0 2 3 12 13 39
3 4
5 7
6 7
3 8
7 8
1 9
2 9
4 9
5 9
6 9
8 9
1 10
4 10
5 10
6 10
8 10
4 11
5 11
6 11
8 11
0 12
1 12
2 12
3 12
7 12
11 12
0 13
2 13
3 13
7 13
10 13
11 13
0 14
1 14
2 14
4 14
5 14
6 14
8 14
8979 6 0 2 4 10 14 37
3 4
5 7
6 7
2 8
7 8
4 9
5 9
6 9
8 9
0 10
2 10
4 10
7 10
1 11
3 11
5 11
6 11
8 11
10 11
0 12
1 12
3 12
5 12
6 12
8 12
0 13
1 13
2 13
3 13
7 13
9 13
0 14
1 14
2 14
4 14
5 14
6 14
8983 5 1 3 7 9 11 37
3 4
5 7
6 7
2 8
5 8
6 8
1 9
2 9
3 9
7 9
0 10
1 10
4 10
7 10
8 10
1 11
3 11
7 11
8 11
0 12
4 12
5 12
6 12
9 12
11 12
0 13
2 13
4 13
5 13
6 13
11 13
0 14
1 14
2 14
3 14
5 14
6 14
8984 6 0 1 4 10 12 36
3 4
5 7
6 7
2 8
5 8
6 8
0 9
3 9
7 9
8 9
0 10
4 10
5 10
6 10
1 11
2 11
3 11
7 11
10 11
0 12
1 12
4 12
7 12
8 12
1 13
2 13
4 13
5 13
6 13
9 13
0 14
1 14
2 14
3 14
5 14
6 14
8985 7 1 2 4 11 13 36
3 4
5 7
6 7
2 8
5 8
6 8
0 9
3 9
7 9
8 9
0 10
3 10
5 10
6 10
1 11
2 11
4 11
7 11
10 11
0 12
1 12
4 12
7 12
8 12
1 13
2 13
4 13
5 13
6 13
9 13
0 14
1 14
2 14
3 14
5 14
6 14
8988 6 0 2 3 9 14 37
3 4
5 7
6 7
0 8
7 8
0 9
2 9
3 9
7 9
0 10
1 10
4 10
7 10
2 11
3 11
5 11
6 11
8 11
10 11
1 12
4 12
5 12
6 12
8 12
9 12
1 13
2 13
4 13
5 13
6 13
8 13
0 14
1 14
2 14
3 14
5 14
6 14
8990 6 1 4 7 11 12 36
3 4
5 7
6 7
0 8
5 8
6 8
2 9
3 9
5 9
6 9
0 10
4 10
5 10
6 10
1 11
2 11
4 11
7 11
8 11
0 12
1 12
4 12
7 12
9 12
1 13
2 13
3 13
7 13
8 13
10 13
0 14
1 14
2 14
3 14
5 14
6 14
9005 1 0 1 5 10 13 37
3 4
4 7
0 8
2 8
3 8
7 8
3 9
5 9
6 9
7 9
0 10
1 10
4 10
5 10
6 10
4 11
8 11
9 11
1 12
2 12
5 12
6 12
7 12
11 12
0 13
1 13
2 13
5 13
6 13
11 13
0 14
1 14
2 14
3 14
6 14
7 14
11 14
9008 6 0 2 5 13 14 36
3 4
4 7
6 7
4 8
5 8
6 8
3 9
5 9
6 9
1 10
2 10
7 10
8 10
9 10
1 11
3 11
5 11
6 11
0 12
2 12
7 12
8 12
9 12
11 12
0 13
1 13
2 13
4 13
5 13
6 13
0 14
1 14
2 14
3 14
5 14
7 14
9009 5 0 1 7 13 14 35
3 4
4 7
6 7
4 8
5 8
6 8
2 9
4 9
5 9
6 9
2 10
3 10
5 10
6 10
1 11
2 11
7 11
8 11
0 12
3 12
5 12
6 12
11 12
0 13
1 13
7 13
8 13
9 13
10 13
0 14
1 14
2 14
3 14
5 14
7 14
9010 4 0 1 2 12 14 38
3 4
4 7
6 7
4 8
5 8
6 8
1 9
5 9
6 9
3 10
7 10
8 10
9 10
0 11
2 11
3 11
7 11
8 11
9 11
0 12
1 12
2 12
3 12
5 12
7 12
1 13
2 13
4 13
5 13
6 13
10 13
0 14
1 14
2 14
4 14
5 14
6 14
10 14
8993 7 2 3 4 9 11 36
3 4
5 7
6 7
0 8
1 8
7 8
2 9
4 9
5 9
6 9
8 9
0 10
4 10
5 10
6 10
1 11
2 11
3 11
7 11
10 11
0 12
1 12
4 12
7 12
2 13
3 13
5 13
6 13
8 13
12 13
0 14
1 14
2 14
3 14
5 14
6 14
9013 5 0 1 3 13 14 36
3 4
4 7
6 7
2 8
7 8
3 9
5 9
6 9
8 9
1 10
2 10
7 10
9 10
1 11
2 11
4 11
5 11
6 11
0 12
4 12
5 12
6 12
8 12
10 12
0 13
1 13
3 13
5 13
6 13
8 13
0 14
1 14
2 14
3 14
5 14
7 14
9016 5 0 1 2 13 14 36
3 4
4 7
5 7
7 8
2 9
3 9
6 9
8 9
4 10
5 10
6 10
8 10
4 11
5 11
6 11
8 11
0 12
1 12
7 12
9 12
10 12
11 12
0 13
1 13
2 13
3 13
5 13
6 13
8 13
0 14
1 14
2 14
3 14
7 14
10 14
11 14
9012 6 0 1 2 11 12 36
3 4
4 7
6 7
3 8
5 8
6 8
5 9
6 9
2 10
4 10
8 10
9 10
0 11
1 11
2 11
4 11
5 11
6 11
0 12
1 12
2 12
3 12
7 12
9 12
0 13
1 13
3 13
5 13
7 13
10 13
0 14
1 14
2 14
7 14
8 14
9 14
9025 6 0 1 2 13 14 37
3 4
4 7
5 7
6 7
4 8
5 8
6 8
0 9
7 9
8 9
0 10
1 10
2 10
4 10
3 11
5 11
6 11
9 11
10 11
1 12
2 12
3 12
5 12
6 12
9 12
0 13
1 13
2 13
7 13
8 13
11 13
0 14
1 14
2 14
3 14
5 14
6 14
9026 5 5 6 7 8 11 36
3 4
4 7
5 7
6 7
3 8
5 8
6 8
4 9
5 9
1 10
2 10
3 10
9 10
7 11
8 11
10 11
0 12
1 12
2 12
7 12
8 12
9 12
0 13
1 13
2 13
4 13
5 13
6 13
11 13
0 14
1 14
2 14
3 14
6 14
9 14
11 14
9027 5 0 1 6 11 14 35
3 4
4 7
5 7
6 7
3 8
5 8
6 8
2 9
4 9
5 9
6 9
2 10
3 10
5 10
1 11
4 11
6 11
10 11
0 12
2 12
7 12
8 12
11 12
0 13
1 13
7 13
8 13
9 13
10 13
0 14
1 14
2 14
3 14
5 14
6 14
9028 5 0 1 2 12 14 36
3 4
4 7
5 7
6 7
3 8
5 8
6 8
0 9
7 9
8 9
1 10
3 10
5 10
9 10
0 11
2 11
4 11
6 11
10 11
0 12
1 12
2 12
7 12
8 12
1 13
2 13
4 13
5 13
6 13
9 13
0 14
1 14
2 14
3 14
5 14
6 14
9029 6 0 1 2 12 14 36
3 4
4 7
5 7
6 7
3 8
5 8
6 8
0 9
5 9
6 9
1 10
3 10
7 10
9 10
1 11
2 11
4 11
8 11
9 11
0 12
1 12
2 12
7 12
8 12
0 13
2 13
4 13
5 13
6 13
10 13
0 14
1 14
2 14
3 14
5 14
6 14
8615 4 0 3 4 6 11 36
0 5
0 6
3 6
4 6
0 7
1 7
2 7
7 8
2 9
5 9
8 9
1 10
5 10
6 10
8 10
1 11
3 11
4 11
9 11
2 12
5 12
6 12
8 12
11 12
3 13
4 13
7 13
9 13
10 13
12 13
1 14
2 14
3 14
4 14
5 14
8 14
8916 4 0 1 3 9 11 38
3 4
1 8
2 8
3 8
7 8
0 9
1 9
3 9
0 10
4 10
5 10
6 10
8 10
0 11
1 11
3 11
5 11
6 11
7 11
2 12
4 12
5 12
6 12
7 12
9 12
2 13
4 13
5 13
6 13
7 13
9 13
0 14
1 14
2 14
4 14
5 14
6 14
7 14
9038 6 0 1 2 10 14 37
3 4
4 7
5 7
6 7
1 8
7 8
1 9
2 9
4 9
0 10
1 10
2 10
7 10
3 11
5 11
6 11
8 11
9 11
10 11
0 12
3 12
5 12
6 12
8 12
9 12
0 13
2 13
4 13
5 13
6 13
8 13
0 14
1 14
2 14
3 14
5 14
6 14
9037 7 0 1 9 10 12 35
3 4
4 7
5 7
6 7
2 8
3 8
5 8
6 8
4 9
6 9
0 10
1 10
5 10
9 10
2 11
3 11
7 11
10 11
0 12
1 12
8 12
9 12
11 12
0 13
1 13
2 13
4 13
5 13
6 13
0 14
1 14
2 14
3 14
7 14
9 14
9040 3 0 1 2 8 12 38
3 4
4 7
5 7
6 7
1 8
2 8
3 8
1 9
5 9
6 9
4 10
5 10
6 10
8 10
4 11
5 11
6 11
8 11
0 12
1 12
2 12
4 12
5 12
6 12
0 13
2 13
3 13
7 13
9 13
10 13
11 13
0 14
2 14
3 14
7 14
9 14
10 14
11 14
9041 6 0 4 5 10 13 35
3 4
4 7
5 7
6 7
1 8
2 8
3 8
5 8
2 9
3 9
6 9
0 10
4 10
5 10
9 10
6 11
8 11
10 11
0 12
1 12
7 12
9 12
11 12
0 13
1 13
2 13
4 13
5 13
6 13
0 14
1 14
2 14
3 14
7 14
11 14
9042 5 0 3 4 8 9 38
3 4
4 7
5 7
6 7
1 8
2 8
3 8
5 8
0 9
4 9
6 9
8 9
0 10
4 10
5 10
6 10
1 11
2 11
7 11
9 11
10 11
1 12
2 12
7 12
9 12
10 12
0 13
3 13
5 13
6 13
11 13
12 13
0 14
1 14
2 14
3 14
5 14
6 14
9043 6 0 1 2 10 14 37
3 4
4 7
5 7
6 7
0 8
7 8
0 9
1 9
4 9
0 10
1 10
3 10
7 10
2 11
5 11
6 11
8 11
9 11
10 11
2 12
3 12
5 12
6 12
8 12
9 12
1 13
2 13
4 13
5 13
6 13
8 13
0 14
1 14
2 14
3 14
5 14
6 14
9044 6 1 2 8 9 10 36
3 4
4 7
5 7
6 7
0 8
4 8
5 8
1 9
2 9
6 9
8 9
1 10
2 10
7 10
8 10
0 11
3 11
5 11
6 11
10 11
0 12
3 12
7 12
9 12
1 13
2 13
4 13
5 13
6 13
12 13
0 14
1 14
2 14
3 14
5 14
6 14
9046 5 1 2 7 9 12 36
3 4
4 7
5 7
6 7
0 8
4 8
5 8
6 8
1 9
2 9
7 9
8 9
0 10
3 10
5 10
6 10
1 11
2 11
4 11
10 11
0 12
1 12
2 12
7 12
3 13
5 13
6 13
9 13
11 13
12 13
0 14
1 14
2 14
3 14
5 14
6 14
9047 5 1 2 7 10 12 37
3 4
4 7
5 7
6 7
0 8
4 8
5 8
6 8
1 9
2 9
4 9
0 10
1 10
2 10
7 10
3 11
5 11
6 11
9 11
10 11
1 12
2 12
7 12
8 12
11 12
0 13
3 13
5 13
6 13
9 13
12 13
0 14
1 14
2 14
3 14
5 14
6 14
9051 4 0 1 2 6 14 35
3 4
3 7
4 8
5 8
0 9
6 9
7 9
8 9
1 10
6 10
7 10
8 10
1 11
6 11
7 11
8 11
2 12
3 12
5 12
9 12
10 12
11 12
2 13
4 13
5 13
9 13
10 13
11 13
0 14
1 14
2 14
4 14
5 14
6 14
7 14
9050 5 3 4 7 8 10 37
3 4
3 7
4 8
7 8
5 9
6 9
7 9
4 10
5 10
6 10
7 10
0 11
1 11
2 11
4 11
5 11
6 11
0 12
1 12
2 12
8 12
9 12
10 12
0 13
1 13
2 13
3 13
5 13
6 13
8 13
0 14
1 14
2 14
3 14
8 14
9 14
10 14
9053 5 0 3 4 8 12 35
3 4
3 7
2 8
4 8
6 8
7 8
2 9
4 9
5 9
6 9
1 10
7 10
9 10
1 11
4 11
5 11
6 11
7 11
0 12
3 12
5 12
8 12
10 12
0 13
2 13
3 13
5 13
6 13
10 13
0 14
1 14
2 14
5 14
6 14
7 14
9060 6 0 1 2 11 13 36
3 4
3 7
6 7
4 8
5 8
6 8
1 9
2 9
8 9
0 10
4 10
5 10
7 10
9 10
0 11
1 11
2 11
3 11
5 11
6 11
3 12
5 12
6 12
9 12
0 13
1 13
2 13
4 13
7 13
12 13
0 14
1 14
2 14
7 14
8 14
12 14
9061 5 0 1 2 11 14 36
3 4
3 7
6 7
3 8
5 8
6 8
3 9
5 9
6 9
2 10
4 10
5 10
6 10
0 11
2 11
4 11
5 11
6 11
1 12
2 12
4 12
7 12
8 12
9 12
0 13
1 13
7 13
8 13
9 13
10 13
0 14
1 14
2 14
4 14
5 14
7 14
9058 7 0 1 6 11 12 36
3 4
3 7
6 7
4 8
5 8
6 8
4 9
5 9
2 10
7 10
8 10
9 10
0 11
1 11
2 11
3 11
6 11
9 11
0 12
1 12
3 12
5 12
6 12
10 12
0 13
1 13
2 13
4 13
5 13
7 13
0 14
1 14
2 14
7 14
8 14
9 14
9076 6 0 1 7 12 13 36
3 4
3 7
5 7
6 7
2 8
3 8
5 8
6 8
0 9
1 9
3 9
5 9
2 10
4 10
6 10
9 10
2 11
4 11
5 11
6 11
0 12
1 12
4 12
7 12
8 12
0 13
1 13
7 13
10 13
11 13
0 14
1 14
2 14
4 14
5 14
6 14
8840 3 0 1 2 5 13 39
0 5
1 5
2 5
3 5
4 6
5 6
2 7
4 7
3 8
4 8
2 9
3 9
6 10
7 10
8 10
9 10
1 11
6 11
7 11
8 11
9 11
1 12
6 12
7 12
8 12
9 12
0 13
1 13
2 13
3 13
4 13
10 13
0 14
2 14
3 14
4 14
10 14
11 14
12 14
9077 6 0 1 2 9 14 36
3 4
3 7
5 7
6 7
1 8
3 8
5 8
6 8
0 9
1 9
2 9
3 9
4 10
5 10
6 10
9 10
2 11
4 11
5 11
6 11
0 12
2 12
4 12
7 12
8 12
0 13
1 13
7 13
10 13
11 13
0 14
1 14
2 14
4 14
5 14
6 14
9079 6 0 3 4 7 9 36
3 4
3 7
5 7
6 7
0 8
5 8
6 8
0 9
4 9
7 9
2 10
3 10
8 10
9 10
1 11
2 11
5 11
6 11
9 11
1 12
2 12
4 12
7 12
8 12
0 13
1 13
4 13
5 13
6 13
10 13
0 14
1 14
2 14
3 14
5 14
6 14
9078 6 0 1 2 10 14 37
3 4
3 7
5 7
6 7
0 8
7 8
0 9
1 9
4 9
7 9
0 10
1 10
3 10
2 11
5 11
6 11
8 11
9 11
10 11
2 12
4 12
5 12
6 12
8 12
10 12
1 13
2 13
4 13
5 13
6 13
8 13
0 14
1 14
2 14
3 14
5 14
6 14
9091 4 1 2 6 9 10 38
3 4
2 7
2 8
1 9
2 9
4 9
6 9
1 10
2 10
3 10
5 10
6 10
0 11
3 11
5 11
6 11
7 11
8 11
0 12
3 12
5 12
7 12
8 12
9 12
0 13
1 13
4 13
5 13
6 13
7 13
8 13
0 14
1 14
4 14
5 14
6 14
7 14
8 14
9094 5 3 6 8 9 11 35
3 4
2 7
1 8
3 9
6 9
7 9
8 9
4 10
5 10
7 10
8 10
0 11
2 11
3 11
5 11
6 11
8 11
0 12
1 12
4 12
5 12
6 12
7 12
0 13
1 13
2 13
3 13
6 13
10 13
0 14
1 14
2 14
4 14
5 14
9 14
9098 5 0 1 3 10 13 37
3 4
2 7
0 8
7 8
2 9
3 9
5 9
6 9
8 9
0 10
1 10
3 10
7 10
2 11
4 11
5 11
6 11
8 11
10 11
1 12
2 12
4 12
5 12
6 12
8 12
0 13
1 13
3 13
5 13
6 13
7 13
0 14
1 14
4 14
5 14
6 14
7 14
9095 5 0 2 10 11 13 37
3 4
2 7
1 8
5 8
6 8
7 8
0 9
4 9
5 9
6 9
7 9
0 10
1 10
2 10
4 10
3 11
5 11
6 11
7 11
10 11
1 12
3 12
5 12
6 12
7 12
0 13
2 13
4 13
8 13
11 13
12 13
0 14
1 14
2 14
3 14
5 14
6 14
9108 5 0 3 4 11 12 35
3 4
2 7
5 7
6 7
3 8
5 8
6 8
2 9
4 9
6 9
2 10
4 10
5 10
6 10
1 11
4 11
7 11
8 11
0 12
3 12
5 12
9 12
11 12
0 13
1 13
7 13
8 13
9 13
10 13
0 14
1 14
2 14
3 14
5 14
6 14
9111 5 2 5 6 7 8 37
3 4
2 7
5 7
6 7
2 8
5 8
6 8
1 9
4 9
7 9
8 9
0 10
3 10
7 10
8 10
0 11
2 11
3 11
9 11
0 12
1 12
2 12
3 12
5 12
6 12
1 13
4 13
5 13
6 13
10 13
11 13
1 14
4 14
5 14
6 14
10 14
11 14
9117 5 2 3 4 7 10 36
3 4
2 7
3 7
5 8
6 8
5 9
6 9
4 10
5 10
6 10
7 10
0 11
1 11
2 11
4 11
8 11
9 11
0 12
1 12
4 12
7 12
8 12
9 12
0 13
1 13
2 13
3 13
5 13
6 13
0 14
1 14
2 14
3 14
8 14
9 14
10 14
9121 6 0 1 5 8 11 36
3 4
2 7
3 7
6 7
0 8
1 8
5 8
4 9
6 9
8 9
4 10
5 10
7 10
0 11
1 11
2 11
4 11
5 11
6 11
0 12
1 12
2 12
3 12
9 12
10 12
2 13
3 13
6 13
8 13
10 13
0 14
1 14
5 14
7 14
9 14
13 14
9122 6 0 1 2 11 13 36
3 4
2 7
3 7
5 7
6 7
4 8
6 8
4 9
5 9
6 9
3 10
5 10
0 11
1 11
2 11
4 11
6 11
10 11
0 12
1 12
2 12
3 12
5 12
8 12
0 13
1 13
2 13
8 13
9 13
10 13
0 14
1 14
7 14
8 14
9 14
10 14
9124 6 0 1 9 10 13 36
3 4
2 7
3 7
5 7
6 7
1 8
2 8
3 8
0 9
1 9
3 9
5 9
2 10
4 10
6 10
9 10
4 11
5 11
6 11
8 11
0 12
4 12
5 12
6 12
8 12
0 13
1 13
7 13
10 13
11 13
0 14
1 14
2 14
4 14
5 14
6 14
9030 6 0 1 2 12 14 36
3 4
4 7
5 7
6 7
3 8
5 8
6 8
0 9
4 9
5 9
6 9
1 10
2 10
8 10
9 10
0 11
3 11
7 11
10 11
0 12
1 12
2 12
7 12
8 12
1 13
2 13
4 13
5 13
6 13
11 13
0 14
1 14
2 14
3 14
5 14
6 14
9149 2 0 1 5 8 10 38
3 4
1 7
3 7
0 8
1 8
3 8
5 8
6 8
0 9
2 9
4 9
7 9
0 10
1 10
5 10
6 10
3 11
9 11
10 11
2 12
4 12
5 12
6 12
7 12
11 12
2 13
4 13
5 13
6 13
7 13
11 13
0 14
1 14
2 14
4 14
5 14
6 14
11 14
9151 6 1 2 7 11 13 36
3 4
1 7
2 7
3 7
0 8
3 8
5 8
6 8
1 9
3 9
5 9
6 9
0 10
2 10
4 10
9 10
1 11
2 11
4 11
8 11
0 12
4 12
5 12
6 12
7 12
5 13
6 13
7 13
10 13
11 13
0 14
1 14
2 14
4 14
5 14
6 14
9073 3 3 4 7 8 9 38
3 4
3 7
5 7
6 7
2 8
4 8
7 8
0 9
3 9
5 9
8 9
1 10
2 10
4 10
6 10
7 11
9 11
10 11
0 12
1 12
5 12
6 12
8 12
11 12
0 13
1 13
2 13
3 13
5 13
6 13
11 13
0 14
1 14
2 14
4 14
5 14
6 14
11 14
9153 6 0 1 8 10 13 36
3 4
1 7
2 7
3 7
0 8
1 8
3 8
2 9
3 9
5 9
6 9
0 10
1 10
4 10
9 10
2 11
4 11
5 11
6 11
8 11
0 12
4 12
5 12
6 12
7 12
5 13
6 13
7 13
8 13
10 13
0 14
1 14
2 14
4 14
5 14
6 14
9162 5 3 4 8 9 10 36
3 4
0 7
4 7
5 7
1 8
4 8
5 8
6 8
2 9
4 9
5 9
6 9
0 10
3 10
8 10
9 10
1 11
2 11
6 11
7 11
0 12
3 12
5 12
11 12
1 13
2 13
6 13
7 13
10 13
12 13
0 14
1 14
2 14
3 14
5 14
6 14
9167 6 0 1 4 10 14 36
3 4
0 7
2 7
3 7
1 8
2 8
3 8
2 9
3 9
5 9
6 9
0 10
1 10
4 10
9 10
0 11
4 11
5 11
6 11
8 11
1 12
4 12
5 12
6 12
7 12
5 13
6 13
7 13
8 13
10 13
0 14
1 14
2 14
4 14
5 14
6 14
9173 4 0 1 5 7 13 39
3 4
0 7
1 7
3 7
5 7
4 8
5 8
6 8
3 9
8 9
0 10
1 10
3 10
8 10
2 11
4 11
6 11
7 11
9 11
10 11
2 12
4 12
5 12
6 12
9 12
10 12
0 13
1 13
2 13
5 13
6 13
9 13
0 14
1 14
2 14
4 14
5 14
6 14
9 14
9181 4 0 1 2 10 14 35
3 4
5 6
4 8
6 8
7 8
0 9
3 9
5 9
8 9
1 10
2 10
4 10
5 10
7 10
0 11
2 11
6 11
7 11
2 12
4 12
6 12
7 12
9 12
1 13
3 13
5 13
8 13
11 13
12 13
0 14
1 14
2 14
3 14
6 14
7 14
9201 5 0 1 4 10 13 36
3 4
5 6
5 7
4 8
6 8
7 8
0 9
5 9
8 9
1 10
2 10
4 10
6 10
7 10
2 11
3 11
6 11
7 11
9 11
2 12
3 12
6 12
7 12
9 12
0 13
1 13
4 13
5 13
11 13
12 13
0 14
1 14
2 14
3 14
5 14
8 14
9206 6 0 1 3 12 14 36
3 4
5 6
5 7
3 8
6 8
7 8
2 9
4 9
6 9
7 9
0 10
2 10
5 10
8 10
1 11
4 11
6 11
7 11
10 11
0 12
1 12
3 12
5 12
9 12
0 13
1 13
2 13
4 13
5 13
8 13
0 14
1 14
2 14
3 14
6 14
7 14
9222 6 0 3 6 11 13 36
3 4
5 6
4 7
6 7
2 8
5 8
7 8
1 9
5 9
7 9
1 10
2 10
4 10
5 10
0 11
2 11
3 11
6 11
9 11
0 12
1 12
4 12
6 12
8 12
0 13
3 13
6 13
8 13
9 13
10 13
0 14
1 14
2 14
3 14
5 14
7 14
9148 6 1 3 7 9 11 36
3 4
1 7
3 7
0 8
3 8
5 8
6 8
1 9
3 9
5 9
6 9
1 10
2 10
4 10
8 10
0 11
2 11
4 11
7 11
9 11
2 12
4 12
5 12
6 12
7 12
0 13
5 13
6 13
7 13
10 13
0 14
1 14
2 14
4 14
5 14
6 14
9223 5 0 1 6 11 12 36
3 4
5 6
4 7
6 7
2 8
5 8
7 8
0 9
6 9
8 9
1 10
2 10
4 10
5 10
9 10
0 11
1 11
3 11
6 11
8 11
0 12
1 12
4 12
6 12
2 13
3 13
5 13
7 13
9 13
12 13
0 14
1 14
2 14
3 14
5 14
7 14
9224 5 0 2 3 11 14 36
3 4
5 6
4 7
6 7
1 8
5 8
7 8
0 9
6 9
8 9
1 10
2 10
4 10
5 10
9 10
0 11
2 11
3 11
6 11
8 11
0 12
1 12
4 12
6 12
2 13
3 13
5 13
7 13
9 13
12 13
0 14
1 14
2 14
3 14
5 14
7 14
9229 5 5 6 8 9 10 36
3 4
5 6
4 7
5 7
6 8
6 9
4 10
5 10
8 10
9 10
1 11
2 11
3 11
7 11
8 11
9 11
1 12
2 12
3 12
7 12
8 12
9 12
0 13
1 13
2 13
3 13
6 13
7 13
10 13
0 14
1 14
2 14
4 14
5 14
8 14
9 14
9245 4 1 2 4 10 13 37
3 4
5 6
2 7
6 7
4 8
6 8
1 9
2 9
3 9
6 9
0 10
1 10
2 10
4 10
5 10
0 11
5 11
7 11
8 11
9 11
0 12
3 12
5 12
7 12
8 12
1 13
2 13
4 13
6 13
11 13
12 13
0 14
1 14
3 14
5 14
7 14
8 14
9231 5 0 2 6 10 12 37
3 4
5 6
4 7
5 7
2 8
4 8
6 8
1 9
4 9
5 9
0 10
2 10
6 10
7 10
9 10
0 11
1 11
3 11
5 11
8 11
0 12
1 12
2 12
3 12
6 12
7 12
2 13
6 13
7 13
9 13
11 13
1 14
3 14
5 14
8 14
10 14
13 14
9256 5 0 2 6 12 14 36
3 4
5 6
1 7
5 7
3 8
6 8
7 8
4 9
5 9
8 9
2 10
4 10
6 10
7 10
1 11
3 11
5 11
10 11
0 12
2 12
6 12
7 12
9 12
11 12
0 13
1 13
2 13
4 13
5 13
8 13
0 14
1 14
2 14
3 14
6 14
9 14
9257 6 0 6 7 8 12 36
3 4
5 6
1 7
5 7
0 8
6 8
7 8
4 9
5 9
8 9
3 10
6 10
7 10
9 10
1 11
2 11
3 11
5 11
8 11
0 12
2 12
4 12
6 12
7 12
0 13
1 13
2 13
4 13
5 13
10 13
0 14
1 14
2 14
3 14
6 14
9 14
9274 5 3 4 6 7 12 38
3 4
4 6
4 7
0 8
1 8
0 9
1 9
2 10
4 10
5 10
8 10
9 10
0 11
1 11
2 11
5 11
6 11
7 11
0 12
1 12
3 12
5 12
6 12
7 12
2 13
3 13
5 13
6 13
7 13
8 13
9 13
2 14
3 14
5 14
6 14
7 14
8 14
9 14
9281 6 3 4 6 7 9 36
3 4
4 6
3 7
6 7
0 8
6 8
0 9
4 9
5 9
7 9
1 10
3 10
8 10
9 10
0 11
2 11
5 11
6 11
10 11
1 12
2 12
5 12
7 12
8 12
1 13
2 13
4 13
5 13
7 13
8 13
0 14
1 14
2 14
3 14
5 14
6 14
9287 6 0 1 2 12 14 36
3 4
4 6
2 7
6 7
2 8
3 9
5 9
7 9
8 9
4 10
5 10
7 10
8 10
1 11
3 11
5 11
6 11
8 11
0 12
1 12
2 12
6 12
9 12
10 12
0 13
1 13
4 13
5 13
7 13
8 13
0 14
1 14
2 14
3 14
5 14
6 14
9289 4 0 1 3 11 14 36
3 4
4 6
2 7
5 7
6 7
3 8
7 8
2 9
5 9
8 9
0 10
4 10
7 10
9 10
0 11
1 11
3 11
6 11
9 11
0 12
1 12
4 12
5 12
8 12
1 13
2 13
5 13
6 13
8 13
10 13
0 14
1 14
2 14
3 14
5 14
6 14
9290 6 0 1 3 12 14 36
3 4
4 6
2 7
5 7
6 7
1 8
7 8
4 9
5 9
8 9
1 10
2 10
6 10
9 10
0 11
4 11
5 11
8 11
10 11
0 12
1 12
3 12
7 12
9 12
0 13
2 13
3 13
5 13
6 13
8 13
0 14
1 14
2 14
3 14
5 14
6 14
9292 4 1 4 9 11 12 36
3 4
4 6
2 7
5 7
6 7
0 8
5 8
6 8
3 9
7 9
1 10
3 10
7 10
8 10
1 11
2 11
4 11
8 11
9 11
0 12
1 12
4 12
5 12
9 12
0 13
2 13
5 13
6 13
9 13
10 13
0 14
1 14
2 14
3 14
5 14
6 14
9152 6 1 2 7 10 13 36
3 4
1 7
2 7
3 7
0 8
3 8
5 8
6 8
0 9
1 9
3 9
1 10
2 10
4 10
8 10
2 11
4 11
5 11
6 11
9 11
4 12
5 12
6 12
7 12
9 12
0 13
5 13
6 13
7 13
10 13
0 14
1 14
2 14
4 14
5 14
6 14
9298 4 1 2 4 7 10 38
3 4
4 6
1 7
2 7
0 8
3 8
5 8
7 8
1 9
2 9
5 9
6 9
1 10
2 10
4 10
4 11
8 11
9 11
0 12
5 12
6 12
7 12
10 12
11 12
0 13
3 13
5 13
6 13
7 13
10 13
11 13
0 14
1 14
2 14
3 14
5 14
6 14
11 14
9301 6 0 2 4 11 12 36
3 4
4 6
0 7
6 7
1 8
6 8
3 9
5 9
7 9
8 9
3 10
5 10
7 10
8 10
0 11
2 11
4 11
5 11
8 11
1 12
2 12
4 12
5 12
7 12
0 13
1 13
2 13
6 13
9 13
10 13
0 14
1 14
2 14
3 14
5 14
6 14
9310 6 0 1 2 12 14 36
3 4
4 6
5 6
4 7
5 7
3 8
5 8
0 9
1 9
3 9
7 10
8 10
9 10
2 11
6 11
7 11
8 11
9 11
0 12
1 12
2 12
4 12
5 12
10 12
0 13
1 13
2 13
3 13
6 13
10 13
0 14
1 14
2 14
6 14
7 14
8 14
9314 5 0 1 2 9 13 34
3 4
4 6
5 6
3 7
5 7
4 8
5 8
2 9
7 9
8 9
2 10
4 10
5 10
1 11
6 11
7 11
8 11
0 12
3 12
9 12
10 12
11 12
0 13
1 13
3 13
6 13
9 13
10 13
1 14
2 14
6 14
7 14
8 14
12 14
9316 6 0 1 3 11 12 36
3 4
4 6
5 6
2 7
6 7
2 8
6 8
3 9
5 9
7 9
8 9
2 10
4 10
5 10
0 11
1 11
6 11
9 11
10 11
0 12
1 12
2 12
3 12
5 12
0 13
1 13
4 13
5 13
7 13
8 13
0 14
1 14
3 14
7 14
8 14
10 14
9317 6 1 2 8 10 13 35
3 4
4 6
5 6
2 7
6 7
0 8
6 8
0 9
4 9
5 9
7 9
1 10
2 10
8 10
9 10
0 11
3 11
5 11
7 11
10 11
1 12
3 12
5 12
7 12
8 12
1 13
2 13
4 13
5 13
8 13
0 14
1 14
2 14
3 14
6 14
9320 5 2 3 7 8 10 35
3 4
4 6
5 6
2 7
3 7
5 7
2 8
3 8
1 9
5 9
8 9
1 10
6 10
7 10
8 10
0 11
6 11
7 11
9 11
0 12
2 12
4 12
5 12
10 12
1 13
4 13
5 13
8 13
11 13
0 14
2 14
3 14
6 14
9 14
13 14
9322 6 3 4 6 10 11 35
3 4
4 6
5 6
1 7
5 7
2 8
6 8
7 8
3 9
5 9
8 9
0 10
3 10
6 10
7 10
1 11
2 11
4 11
5 11
10 11
0 12
2 12
4 12
7 12
9 12
0 13
1 13
2 13
6 13
9 13
0 14
1 14
3 14
5 14
8 14
9323 5 3 4 6 8 9 37
3 4
4 6
5 6
1 7
5 7
2 8
4 8
7 8
0 9
3 9
6 9
8 9
0 10
1 10
2 10
3 10
5 10
1 11
4 11
5 11
9 11
0 12
2 12
6 12
7 12
11 12
0 13
2 13
6 13
7 13
11 13
1 14
3 14
5 14
8 14
12 14
13 14
9295 4 0 1 2 11 14 35
3 4
4 6
2 7
3 7
5 7
6 7
2 8
6 8
0 9
6 9
1 10
3 10
5 10
8 10
9 10
0 11
1 11
7 11
4 12
5 12
8 12
9 12
11 12
4 13
5 13
8 13
9 13
11 13
0 14
1 14
2 14
3 14
6 14
12 14
13 14
9349 5 0 1 2 12 13 35
3 4
3 6
0 7
6 7
5 8
6 8
5 9
6 9
4 10
7 10
8 10
9 10
1 11
2 11
4 11
5 11
7 11
0 12
1 12
2 12
3 12
5 12
10 12
0 13
1 13
2 13
4 13
8 13
9 13
1 14
2 14
3 14
7 14
8 14
9 14
9351 3 0 1 2 7 14 36
3 4
3 6
0 7
2 7
3 7
5 7
1 8
6 8
7 8
0 9
8 9
1 10
4 10
5 10
9 10
3 11
8 11
10 11
2 12
4 12
5 12
6 12
9 12
11 12
2 13
4 13
5 13
6 13
9 13
11 13
0 14
1 14
2 14
5 14
6 14
11 14
9371 3 0 1 2 4 13 35
3 4
2 6
2 8
1 9
4 9
7 9
8 9
4 10
5 10
6 10
7 10
8 10
3 11
5 11
6 11
7 11
8 11
0 12
3 12
5 12
6 12
9 12
0 13
1 13
2 13
4 13
5 13
7 13
0 14
1 14
3 14
5 14
6 14
7 14
8 14
9373 6 0 5 6 9 12 35
3 4
2 6
1 8
2 8
4 8
7 8
0 9
4 9
5 9
6 9
3 10
7 10
9 10
5 11
6 11
8 11
10 11
0 12
1 12
3 12
5 12
6 12
7 12
0 13
1 13
2 13
3 13
7 13
11 13
0 14
1 14
2 14
4 14
5 14
10 14
9383 5 3 4 7 8 10 36
3 4
2 6
4 7
3 8
5 8
6 8
7 8
0 9
4 9
5 9
6 9
1 10
2 10
4 10
8 10
1 11
2 11
3 11
9 11
0 12
1 12
2 12
5 12
7 12
0 13
5 13
6 13
7 13
10 13
11 13
0 14
1 14
3 14
5 14
6 14
7 14
9390 4 0 1 3 10 14 37
3 4
2 6
3 7
5 7
6 7
0 8
2 8
7 8
0 9
2 9
4 9
5 9
0 10
1 10
3 10
6 10
7 11
9 11
10 11
1 12
4 12
5 12
6 12
8 12
11 12
1 13
4 13
5 13
6 13
8 13
11 13
0 14
1 14
2 14
3 14
5 14
11 14
9391 4 0 1 3 12 14 36
3 4
2 6
2 7
4 8
5 8
6 8
7 8
3 9
5 9
6 9
0 10
2 10
8 10
9 10
0 11
1 11
4 11
7 11
9 11
0 12
1 12
2 12
3 12
5 12
1 13
4 13
5 13
6 13
7 13
10 13
0 14
1 14
3 14
5 14
6 14
7 14
9395 4 0 3 4 8 10 34
3 4
2 6
1 7
4 8
5 8
7 8
3 9
6 9
8 9
0 10
3 10
8 10
0 11
3 11
5 11
6 11
7 11
0 12
4 12
5 12
6 12
7 12
1 13
2 13
9 13
10 13
11 13
12 13
1 14
2 14
4 14
5 14
9 14
10 14
9397 3 0 1 2 6 11 35
3 4
2 6
1 7
6 7
2 8
5 8
7 8
1 9
4 9
5 9
0 10
4 10
5 10
7 10
0 11
1 11
3 11
5 11
6 11
3 12
6 12
8 12
9 12
10 12
0 13
3 13
6 13
8 13
9 13
2 14
4 14
5 14
7 14
12 14
13 14
9400 6 0 2 5 12 13 35
3 4
2 6
1 7
6 7
0 8
7 8
2 9
4 9
5 9
8 9
1 10
4 10
5 10
6 10
8 10
1 11
3 11
5 11
6 11
8 11
0 12
2 12
4 12
5 12
7 12
0 13
2 13
3 13
5 13
7 13
0 14
1 14
3 14
6 14
9 14
9406 6 0 4 5 11 12 35
3 4
2 6
0 7
6 7
3 8
6 8
1 9
2 9
5 9
7 9
8 9
1 10
4 10
5 10
7 10
8 10
0 11
4 11
5 11
6 11
0 12
2 12
4 12
5 12
8 12
1 13
2 13
3 13
7 13
11 13
0 14
1 14
3 14
5 14
6 14
9412 4 0 1 2 6 10 37
3 4
2 6
5 6
5 7
4 8
5 8
4 9
5 9
0 10
1 10
4 10
6 10
7 10
3 11
6 11
7 11
8 11
9 11
3 12
6 12
7 12
8 12
9 12
0 13
1 13
2 13
3 13
7 13
8 13
9 13
0 14
1 14
2 14
4 14
5 14
11 14
12 14
9414 5 2 3 8 10 12 36
3 4
2 6
5 6
4 7
5 7
1 8
6 8
7 8
2 9
4 9
5 9
2 10
3 10
8 10
0 11
1 11
4 11
5 11
10 11
0 12
2 12
3 12
5 12
8 12
0 13
1 13
6 13
7 13
9 13
10 13
0 14
1 14
3 14
6 14
7 14
9 14
9416 6 0 4 7 11 14 35
3 4
2 6
5 6
2 7
0 8
2 8
5 8
0 9
3 9
5 9
7 9
1 10
4 10
6 10
8 10
9 10
0 11
4 11
6 11
7 11
1 12
3 12
6 12
7 12
8 12
1 13
2 13
3 13
5 13
11 13
0 14
1 14
4 14
5 14
7 14
9032 5 0 1 2 11 14 36
3 4
4 7
5 7
6 7
2 8
7 8
3 9
5 9
6 9
8 9
2 10
4 10
5 10
6 10
0 11
1 11
2 11
7 11
9 11
0 12
1 12
3 12
8 12
10 12
0 13
1 13
4 13
5 13
6 13
8 13
0 14
1 14
2 14
3 14
5 14
6 14
9426 5 0 1 3 13 14 39
3 4
2 6
4 6
5 6
2 7
3 7
0 8
1 8
2 8
5 8
4 9
5 9
7 9
4 10
5 10
7 10
3 11
6 11
8 11
9 11
10 11
0 12
1 12
4 12
5 12
7 12
11 12
0 13
1 13
3 13
6 13
9 13
10 13
0 14
1 14
2 14
3 14
9 14
10 14
9421 6 3 4 8 9 11 36
3 4
2 6
5 6
0 7
6 7
4 8
7 8
3 9
6 9
8 9
0 10
1 10
6 10
8 10
1 11
4 11
5 11
7 11
9 11
2 12
3 12
5 12
7 12
10 12
0 13
1 13
2 13
4 13
5 13
9 13
0 14
1 14
2 14
3 14
5 14
8 14
9429 5 2 3 6 8 12 36
3 4
2 6
3 6
2 7
2 8
3 8
5 8
0 9
3 9
5 9
7 9
1 10
4 10
8 10
9 10
0 11
5 11
6 11
7 11
10 11
1 12
4 12
6 12
7 12
8 12
0 13
1 13
2 13
4 13
5 13
0 14
1 14
4 14
5 14
6 14
7 14
9428 6 0 1 2 13 14 34
3 4
2 6
3 6
5 7
6 7
4 8
7 8
4 9
5 9
0 10
1 10
6 10
8 10
9 10
0 11
1 11
7 11
9 11
2 12
3 12
5 12
8 12
11 12
0 13
1 13
2 13
4 13
5 13
0 14
1 14
2 14
3 14
8 14
9 14
9431 3 0 3 4 7 10 35
3 4
2 6
3 6
2 7
4 7
1 8
2 8
3 8
0 9
4 9
5 9
8 9
0 10
3 10
5 10
7 10
1 11
4 11
5 11
6 11
1 12
5 12
6 12
7 12
2 13
9 13
10 13
11 13
12 13
0 14
5 14
6 14
7 14
8 14
13 14
9439 5 2 3 5 6 7 37
3 4
2 6
3 6
5 6
2 7
3 7
5 7
2 8
5 8
1 9
4 9
5 9
1 10
4 10
6 10
0 11
3 11
8 11
9 11
10 11
0 12
7 12
8 12
9 12
10 12
0 13
1 13
4 13
6 13
7 13
8 13
1 14
2 14
4 14
5 14
11 14
12 14
9440 4 0 1 2 11 14 34
3 4
2 6
3 6
5 6
1 7
4 7
5 8
7 8
2 9
3 9
8 9
1 10
5 10
9 10
0 11
2 11
4 11
10 11
5 12
7 12
9 12
11 12
0 13
4 13
6 13
8 13
10 13
12 13
0 14
1 14
2 14
3 14
8 14
12 14
9441 3 2 5 6 8 13 36
3 4
2 6
3 6
5 6
0 7
0 8
6 8
4 9
5 9
1 10
7 10
8 10
9 10
0 11
4 11
5 11
10 11
1 12
2 12
3 12
7 12
9 12
11 12
1 13
2 13
4 13
5 13
7 13
8 13
1 14
2 14
3 14
7 14
8 14
9 14
11 14
9452 3 1 2 7 8 12 36
3 4
1 6
4 7
5 7
6 7
1 8
2 8
7 8
1 9
2 9
0 10
3 10
5 10
8 10
9 10
0 11
2 11
4 11
5 11
6 11
1 12
2 12
3 12
7 12
0 13
4 13
5 13
6 13
9 13
12 13
0 14
3 14
5 14
6 14
8 14
9 14
9455 6 1 2 9 11 13 35
3 4
1 6
3 7
5 7
6 7
4 8
5 8
6 8
0 9
7 9
8 9
0 10
3 10
5 10
6 10
1 11
2 11
4 11
9 11
10 11
0 12
2 12
4 12
5 12
6 12
1 13
2 13
3 13
5 13
9 13
0 14
1 14
2 14
7 14
8 14
9462 5 0 1 5 12 14 35
3 4
1 6
5 6
1 7
5 7
3 8
6 8
0 9
4 9
5 9
8 9
2 10
4 10
6 10
7 10
2 11
3 11
6 11
7 11
9 11
0 12
1 12
2 12
5 12
8 12
0 13
2 13
4 13
7 13
8 13
0 14
1 14
3 14
5 14
10 14
9464 4 1 3 4 6 11 34
3 4
1 6
4 6
5 7
5 8
6 9
7 9
8 9
2 10
4 10
5 10
9 10
1 11
3 11
5 11
9 11
0 12
3 12
6 12
7 12
8 12
10 12
0 13
2 13
4 13
7 13
8 13
11 13
0 14
1 14
2 14
3 14
7 14
8 14
9471 2 0 1 2 9 14 38
3 4
1 6
3 6
4 7
5 7
6 7
4 8
5 8
6 8
0 9
1 9
2 9
7 9
3 10
8 10
9 10
3 11
7 11
8 11
0 12
2 12
5 12
6 12
10 12
11 12
1 13
2 13
4 13
5 13
10 13
11 13
0 14
1 14
2 14
4 14
5 14
10 14
11 14
9479 4 0 1 2 6 13 35
3 4
1 6
2 6
5 6
0 7
3 7
5 7
4 8
4 9
5 9
3 10
6 10
8 10
9 10
1 11
2 11
7 11
8 11
0 12
4 12
5 12
10 12
11 12
0 13
1 13
2 13
3 13
8 13
9 13
1 14
2 14
7 14
8 14
9 14
12 14
9488 4 0 1 2 6 12 34
3 4
0 6
5 7
6 7
4 8
5 8
3 9
7 9
8 9
1 10
6 10
9 10
1 11
3 11
7 11
8 11
1 12
2 12
4 12
5 12
6 12
9 12
0 13
2 13
4 13
5 13
10 13
11 13
0 14
2 14
3 14
7 14
8 14
10 14
9480 3 0 1 3 6 13 37
3 4
1 6
2 6
3 6
2 7
4 8
5 9
6 9
7 9
8 9
5 10
6 10
7 10
8 10
0 11
2 11
4 11
9 11
10 11
2 12
4 12
9 12
10 12
0 13
1 13
3 13
5 13
7 13
8 13
12 13
1 14
3 14
5 14
7 14
8 14
11 14
12 14
9492 5 1 2 4 8 13 35
3 4
0 6
4 7
5 7
6 7
1 8
2 8
4 8
6 8
0 9
3 9
5 9
3 10
5 10
6 10
8 11
9 11
10 11
1 12
2 12
7 12
9 12
10 12
0 13
1 13
2 13
4 13
5 13
11 13
0 14
1 14
2 14
3 14
7 14
11 14
9496 5 0 3 4 7 9 36
3 4
0 6
0 7
4 7
5 7
7 8
2 9
3 9
7 9
1 10
6 10
8 10
9 10
0 11
2 11
3 11
5 11
10 11
1 12
2 12
3 12
5 12
6 12
8 12
1 13
4 13
6 13
8 13
9 13
11 13
1 14
2 14
4 14
5 14
6 14
8 14
9498 3 1 2 3 9 13 36
3 4
0 6
4 6
5 7
6 8
7 8
1 9
2 9
3 9
5 9
8 9
0 10
2 10
7 10
4 11
5 11
8 11
10 11
4 12
5 12
8 12
10 12
1 13
2 13
3 13
6 13
7 13
11 13
12 13
0 14
1 14
2 14
3 14
7 14
11 14
12 14
9501 4 0 1 5 6 11 37
3 4
0 6
4 6
5 6
4 9
5 9
0 10
1 10
2 10
7 10
8 10
9 10
0 11
1 11
3 11
5 11
7 11
8 11
2 12
3 12
6 12
7 12
8 12
9 12
1 13
2 13
4 13
5 13
7 13
8 13
1 14
2 14
3 14
6 14
7 14
8 14
9 14
9514 6 0 1 2 11 12 36
3 4
0 6
1 6
3 7
5 7
6 7
2 8
3 8
6 8
3 9
6 9
1 10
2 10
7 10
0 11
1 11
2 11
4 11
5 11
9 11
0 12
1 12
2 12
7 12
4 13
5 13
8 13
9 13
10 13
12 13
4 14
5 14
8 14
9 14
10 14
12 14
9515 5 0 1 6 9 13 35
3 4
0 6
1 6
2 7
4 7
6 7
2 8
3 8
6 8
6 9
4 10
5 10
8 10
9 10
5 11
7 11
8 11
9 11
1 12
3 12
5 12
7 12
9 12
0 13
1 13
2 13
4 13
5 13
9 13
0 14
1 14
2 14
3 14
10 14
11 14
9517 5 0 1 2 6 7 38
3 4
0 6
1 6
5 6
2 7
6 7
4 8
6 8
2 9
4 9
5 9
3 10
7 10
8 10
9 10
3 11
7 11
8 11
9 11
0 12
1 12
3 12
5 12
7 12
8 12
1 13
2 13
4 13
5 13
10 13
11 13
0 14
1 14
2 14
4 14
5 14
10 14
11 14
9518 3 0 1 5 6 13 39
3 4
0 6
1 6
3 6
5 6
2 7
4 7
4 8
5 8
3 9
7 9
8 9
6 10
7 10
8 10
0 11
1 11
3 11
7 11
8 11
2 12
4 12
5 12
9 12
10 12
11 12
0 13
1 13
2 13
5 13
9 13
10 13
0 14
1 14
2 14
4 14
5 14
9 14
10 14
9519 3 0 1 2 6 9 36
3 4
0 6
1 6
2 6
3 6
5 7
2 8
3 8
5 8
1 9
2 9
7 9
4 10
7 10
8 10
0 11
3 11
5 11
9 11
10 11
0 12
1 12
4 12
7 12
8 12
5 13
6 13
9 13
10 13
12 13
1 14
2 14
4 14
7 14
11 14
13 14
9533 4 0 4 5 7 10 37
3 4
4 5
5 7
5 8
1 9
2 9
6 9
8 9
0 10
4 10
7 10
9 10
0 11
2 11
3 11
6 11
7 11
8 11
1 12
2 12
3 12
5 12
6 12
10 12
0 13
1 13
4 13
6 13
7 13
8 13
0 14
1 14
2 14
3 14
6 14
7 14
8 14
9540 4 0 1 5 9 11 35
3 4
4 5
3 7
6 7
5 8
7 8
0 9
5 9
7 9
1 10
5 10
7 10
0 11
1 11
3 11
5 11
6 11
2 12
3 12
6 12
8 12
9 12
10 12
0 13
2 13
4 13
6 13
8 13
10 13
1 14
2 14
4 14
6 14
8 14
9 14
9560 4 0 2 8 10 11 35
3 4
4 5
5 6
2 7
4 7
6 7
2 8
1 9
4 9
6 9
8 9
0 10
6 10
8 10
0 11
6 11
8 11
1 12
3 12
5 12
7 12
10 12
11 12
2 13
3 13
5 13
9 13
10 13
11 13
0 14
1 14
3 14
5 14
7 14
8 14
9563 4 0 3 4 7 8 36
3 4
4 5
5 6
1 7
3 7
6 7
0 8
4 8
7 8
1 9
3 9
5 9
2 10
4 10
6 10
9 10
2 11
6 11
8 11
9 11
2 12
3 12
6 12
8 12
0 13
5 13
7 13
10 13
11 13
12 13
0 14
1 14
5 14
10 14
11 14
12 14
9569 5 2 3 8 9 10 38
3 4
4 5
4 6
4 7
2 8
3 8
2 9
3 9
5 10
6 10
7 10
8 10
9 10
5 11
6 11
7 11
8 11
9 11
0 12
1 12
2 12
4 12
10 12
11 12
0 13
1 13
2 13
3 13
5 13
6 13
7 13
0 14
1 14
5 14
6 14
7 14
8 14
9 14
9574 6 0 2 3 13 14 36
3 4
4 5
4 6
3 7
6 7
2 8
6 8
1 9
5 9
8 9
1 10
5 10
7 10
8 10
0 11
1 11
5 11
7 11
8 11
0 12
2 12
4 12
7 12
9 12
0 13
2 13
3 13
6 13
9 13
10 13
0 14
1 14
2 14
3 14
5 14
6 14
9576 5 0 1 7 9 14 38
3 4
4 5
4 6
2 7
2 8
5 8
6 8
0 9
1 9
4 9
7 9
0 10
1 10
3 10
7 10
8 10
2 11
3 11
5 11
6 11
9 11
0 12
4 12
7 12
8 12
11 12
1 13
2 13
3 13
5 13
6 13
12 13
0 14
1 14
3 14
5 14
6 14
7 14
9581 6 0 5 6 9 14 35
3 4
4 5
3 6
5 8
6 8
0 9
5 9
6 9
7 9
1 10
2 10
3 10
9 10
4 11
7 11
8 11
10 11
0 12
1 12
2 12
4 12
7 12
8 12
0 13
1 13
2 13
3 13
7 13
8 13
0 14
1 14
2 14
5 14
6 14
11 14
9593 5 0 1 2 6 14 34
3 4
4 5
2 6
3 7
0 8
3 8
1 9
4 9
6 9
7 9
8 9
0 10
5 10
6 10
7 10
1 11
4 11
10 11
2 12
5 12
7 12
8 12
11 12
2 13
5 13
7 13
8 13
11 13
0 14
1 14
3 14
6 14
12 14
13 14
9600 4 0 2 5 12 13 35
3 4
4 5
2 6
5 6
4 7
3 8
6 8
7 8
1 9
6 9
7 9
1 10
2 10
5 10
7 10
0 11
4 11
8 11
10 11
0 12
2 12
3 12
5 12
9 12
0 13
2 13
5 13
8 13
9 13
1 14
3 14
6 14
7 14
11 14
13 14
9116 6 0 1 8 9 10 36
3 4
2 7
4 7
5 7
6 7
0 8
3 8
7 8
1 9
5 9
6 9
8 9
1 10
4 10
8 10
0 11
4 11
9 11
2 12
3 12
5 12
6 12
10 12
11 12
2 13
3 13
5 13
6 13
10 13
11 13
0 14
1 14
2 14
4 14
5 14
6 14
9601 4 0 3 4 5 12 35
3 4
4 5
2 6
5 6
3 7
6 7
2 8
4 8
7 8
1 9
5 9
7 9
0 10
6 10
8 10
9 10
1 11
4 11
6 11
0 12
2 12
3 12
5 12
11 12
1 13
2 13
5 13
7 13
10 13
0 14
3 14
8 14
9 14
11 14
13 14
9607 4 0 1 7 8 12 34
3 4
4 5
2 6
3 6
1 7
5 7
0 8
6 8
7 8
0 9
3 9
7 9
5 10
9 10
5 11
6 11
9 11
1 12
2 12
4 12
8 12
10 12
0 13
1 13
2 13
4 13
10 13
11 13
1 14
2 14
3 14
8 14
10 14
11 14
9611 4 0 1 2 6 13 34
3 4
4 5
1 6
3 7
6 7
5 8
7 8
5 9
7 9
1 10
7 10
2 11
4 11
8 11
9 11
10 11
1 12
4 12
8 12
9 12
0 13
2 13
3 13
5 13
6 13
10 13
12 13
0 14
2 14
3 14
6 14
8 14
9 14
10 14
9621 5 0 3 7 9 14 37
3 4
4 5
1 6
4 6
1 7
2 7
1 8
2 8
5 8
0 9
3 9
5 9
6 9
7 9
0 10
1 10
3 10
2 11
5 11
6 11
10 11
2 12
5 12
6 12
10 12
0 13
4 13
7 13
8 13
11 13
12 13
0 14
3 14
7 14
8 14
11 14
12 14
9634 4 0 1 2 12 14 39
3 4
3 5
4 9
5 9
6 9
7 9
8 9
4 10
5 10
6 10
7 10
8 10
4 11
5 11
6 11
7 11
8 11
0 12
1 12
2 12
3 12
6 12
7 12
8 12
0 13
1 13
2 13
3 13
9 13
10 13
11 13
0 14
1 14
2 14
4 14
5 14
6 14
7 14
8 14
9636 3 0 1 3 9 12 40
3 4
3 5
0 9
1 9
3 9
4 10
5 10
6 10
7 10
8 10
9 10
2 11
4 11
5 11
6 11
7 11
8 11
9 11
0 12
1 12
2 12
3 12
6 12
7 12
8 12
1 13
2 13
4 13
5 13
6 13
7 13
8 13
0 14
1 14
2 14
4 14
5 14
6 14
7 14
8 14
9637 6 6 7 8 9 10 35
3 4
3 5
6 8
7 8
6 9
7 9
4 10
5 10
8 10
9 10
2 11
4 11
5 11
6 11
7 11
0 12
1 12
3 12
8 12
9 12
11 12
0 13
1 13
2 13
3 13
6 13
7 13
10 13
0 14
1 14
2 14
4 14
5 14
8 14
9 14
9638 6 0 1 2 13 14 35
3 4
3 5
6 8
7 8
6 9
7 9
4 10
5 10
8 10
9 10
0 11
3 11
8 11
9 11
1 12
2 12
4 12
5 12
6 12
7 12
11 12
0 13
1 13
2 13
3 13
6 13
7 13
10 13
0 14
1 14
2 14
4 14
5 14
8 14
9 14
9641 6 0 1 3 12 13 35
3 4
3 5
5 8
6 8
7 8
6 9
7 9
2 10
4 10
5 10
9 10
2 11
4 11
8 11
9 11
0 12
1 12
2 12
3 12
8 12
9 12
0 13
1 13
3 13
6 13
7 13
10 13
11 13
0 14
1 14
2 14
4 14
5 14
6 14
7 14
9649 6 6 7 8 9 11 35
3 4
3 5
2 8
6 9
7 9
8 9
2 10
4 10
5 10
9 10
4 11
5 11
6 11
7 11
8 11
0 12
1 12
2 12
3 12
9 12
11 12
0 13
1 13
3 13
6 13
7 13
8 13
10 13
0 14
1 14
2 14
4 14
5 14
6 14
7 14
9655 5 0 1 2 13 14 36
3 4
3 5
2 8
3 8
6 8
7 8
0 9
1 9
4 9
8 9
2 10
5 10
6 10
7 10
9 10
4 11
5 11
6 11
7 11
4 12
5 12
6 12
7 12
0 13
1 13
2 13
3 13
11 13
12 13
0 14
1 14
2 14
4 14
5 14
6 14
7 14
9644 6 0 1 2 13 14 35
3 4
3 5
4 8
6 8
5 9
7 9
8 9
5 10
7 10
8 10
4 11
6 11
9 11
10 11
0 12
1 12
2 12
4 12
5 12
6 12
7 12
0 13
1 13
2 13
3 13
7 13
8 13
11 13
0 14
1 14
2 14
3 14
6 14
9 14
10 14
9661 4 0 1 2 8 9 38
3 4
3 5
0 8
1 9
2 9
3 9
6 9
7 9
8 9
4 10
5 10
6 10
7 10
8 10
4 11
5 11
6 11
7 11
8 11
4 12
5 12
6 12
7 12
8 12
0 13
1 13
2 13
3 13
10 13
11 13
12 13
0 14
1 14
2 14
4 14
5 14
6 14
7 14
9675 4 0 3 4 5 11 36
3 4
3 5
4 7
3 8
1 9
2 9
6 9
7 9
8 9
1 10
2 10
6 10
7 10
0 11
4 11
5 11
8 11
10 11
0 12
2 12
5 12
6 12
7 12
8 12
0 13
1 13
4 13
5 13
6 13
8 13
1 14
2 14
3 14
6 14
7 14
11 14
9676 5 3 5 8 9 10 36
3 4
3 5
4 7
1 8
3 8
6 8
5 9
7 9
8 9
0 10
5 10
7 10
8 10
2 11
4 11
6 11
9 11
10 11
0 12
1 12
2 12
3 12
6 12
7 12
0 13
1 13
2 13
5 13
6 13
7 13
0 14
1 14
2 14
4 14
6 14
9 14
9680 6 0 1 3 11 12 37
3 4
3 5
4 7
5 7
6 7
4 8
5 8
6 8
2 9
4 9
5 9
6 9
2 10
7 10
8 10
0 11
1 11
3 11
6 11
10 11
0 12
1 12
3 12
9 12
10 12
0 13
1 13
2 13
3 13
7 13
8 13
0 14
1 14
2 14
4 14
5 14
6 14
9681 5 1 2 6 10 11 37
3 4
3 5
4 7
5 7
6 7
4 8
5 8
6 8
0 9
4 9
5 9
1 10
2 10
6 10
9 10
1 11
2 11
6 11
9 11
3 12
7 12
8 12
10 12
11 12
0 13
1 13
2 13
3 13
7 13
8 13
0 14
1 14
2 14
4 14
5 14
6 14
12 14
9695 6 0 1 2 9 14 36
3 4
3 5
2 7
3 7
6 7
1 8
3 8
6 8
0 9
1 9
2 9
6 9
1 10
4 10
5 10
6 10
0 11
2 11
8 11
10 11
4 12
5 12
7 12
9 12
11 12
0 13
4 13
5 13
7 13
8 13
0 14
1 14
2 14
4 14
5 14
6 14
9697 4 0 1 2 8 14 36
3 4
3 5
2 7
3 7
6 7
0 8
1 8
2 8
3 8
6 8
0 9
1 9
6 9
1 10
6 10
2 11
4 11
5 11
9 11
10 11
0 12
4 12
5 12
7 12
10 12
4 13
5 13
7 13
9 13
10 13
0 14
1 14
2 14
4 14
5 14
6 14
9699 3 0 1 2 3 14 34
3 4
3 5
1 7
4 8
5 8
6 8
7 8
4 9
6 9
2 10
7 10
9 10
2 11
3 11
7 11
9 11
0 12
4 12
5 12
6 12
10 12
11 12
0 13
1 13
5 13
6 13
10 13
11 13
0 14
1 14
2 14
3 14
8 14
9 14
9713 2 1 3 4 5 11 36
3 4
3 5
5 6
4 8
6 8
7 8
0 9
5 9
8 9
0 10
8 10
1 11
2 11
4 11
5 11
7 11
10 11
2 12
3 12
6 12
7 12
9 12
10 12
1 13
4 13
6 13
7 13
9 13
10 13
1 14
2 14
3 14
6 14
7 14
9 14
10 14
9716 5 0 1 2 3 11 34
3 4
3 5
5 6
6 7
7 8
2 9
4 9
5 9
8 9
1 10
7 10
9 10
0 11
1 11
2 11
3 11
8 11
0 12
3 12
6 12
8 12
10 12
1 13
2 13
4 13
5 13
7 13
12 13
0 14
2 14
4 14
6 14
8 14
10 14
9718 5 3 4 8 9 10 37
3 4
3 5
5 6
5 7
4 8
2 9
3 9
8 9
4 10
6 10
7 10
9 10
0 11
1 11
2 11
6 11
7 11
8 11
0 12
1 12
2 12
5 12
8 12
10 12
0 13
1 13
4 13
6 13
7 13
9 13
0 14
1 14
2 14
3 14
6 14
7 14
8 14
9503 3 0 3 4 7 10 36
3 4
0 6
4 6
5 6
0 7
3 7
2 9
5 9
7 9
8 9
1 10
4 10
5 10
7 10
8 10
0 11
4 11
9 11
1 12
2 12
3 12
5 12
8 12
11 12
1 13
2 13
3 13
6 13
8 13
11 13
1 14
2 14
6 14
7 14
8 14
11 14
8770 6 0 1 4 5 12 37
0 5
1 5
2 8
3 8
5 8
6 8
7 8
1 9
2 9
3 9
2 10
3 10
4 11
5 11
6 11
7 11
9 11
10 11
0 12
1 12
4 12
6 12
7 12
10 12
0 13
4 13
6 13
7 13
9 13
10 13
0 14
1 14
2 14
3 14
4 14
6 14
7 14
9724 4 0 1 2 12 13 36
3 4
3 5
4 6
5 7
3 8
1 9
6 9
7 9
8 9
2 10
6 10
7 10
8 10
0 11
4 11
5 11
9 11
10 11
0 12
1 12
2 12
4 12
7 12
8 12
0 13
1 13
2 13
5 13
6 13
8 13
1 14
2 14
3 14
6 14
7 14
11 14
9726 7 0 1 2 13 14 36
3 4
3 5
4 6
5 7
6 7
3 8
6 8
4 9
5 9
7 10
8 10
9 10
0 11
1 11
2 11
3 11
6 11
10 11
0 12
1 12
2 12
4 12
5 12
10 12
0 13
1 13
2 13
7 13
8 13
9 13
0 14
1 14
2 14
7 14
8 14
9 14
9730 3 1 2 8 9 10 35
3 4
3 5
4 6
2 7
4 7
2 8
1 9
4 9
8 9
1 10
5 10
6 10
8 10
0 11
5 11
6 11
7 11
9 11
2 12
3 12
9 12
10 12
0 13
5 13
6 13
7 13
8 13
12 13
0 14
1 14
5 14
6 14
7 14
8 14
12 14
9732 3 0 1 4 7 13 35
3 4
3 5
4 6
1 7
4 7
6 8
5 9
6 9
7 9
5 10
6 10
1 11
2 11
8 11
9 11
10 11
0 12
2 12
3 12
7 12
8 12
10 12
0 13
1 13
2 13
4 13
5 13
8 13
0 14
1 14
2 14
3 14
8 14
9 14
10 14
9720 7 2 3 4 5 7 36
3 4
3 5
5 6
2 7
4 7
5 7
7 8
0 9
1 9
7 9
3 10
6 10
8 10
9 10
4 11
6 11
8 11
9 11
0 12
1 12
2 12
3 12
6 12
8 12
0 13
1 13
2 13
5 13
10 13
11 13
0 14
1 14
2 14
4 14
6 14
8 14
9663 5 0 1 2 10 13 37
3 4
3 5
0 8
3 8
6 8
7 8
1 9
2 9
4 9
5 9
8 9
0 10
1 10
2 10
4 11
5 11
6 11
7 11
10 11
4 12
5 12
6 12
7 12
10 12
0 13
1 13
2 13
3 13
6 13
7 13
0 14
1 14
2 14
4 14
5 14
6 14
7 14
9753 4 0 1 2 12 13 38
3 4
3 5
3 6
4 7
4 8
5 9
6 9
7 9
8 9
5 10
6 10
7 10
8 10
5 11
6 11
7 11
8 11
0 12
1 12
2 12
5 12
6 12
7 12
8 12
0 13
1 13
2 13
3 13
9 13
10 13
11 13
0 14
1 14
2 14
4 14
9 14
10 14
11 14
9773 5 0 1 2 13 14 36
3 4
3 5
3 6
0 7
3 7
4 8
5 8
6 8
7 8
1 9
2 9
4 9
7 9
1 10
4 10
7 10
0 11
2 11
5 11
6 11
10 11
5 12
6 12
9 12
10 12
0 13
1 13
2 13
8 13
12 13
0 14
1 14
2 14
4 14
5 14
6 14
9737 7 0 3 4 5 6 36
3 4
3 5
4 6
5 6
3 7
5 8
7 8
6 9
7 9
4 10
8 10
9 10
0 11
1 11
2 11
3 11
8 11
9 11
0 12
1 12
2 12
5 12
7 12
10 12
0 13
1 13
2 13
6 13
7 13
10 13
0 14
1 14
2 14
4 14
8 14
9 14
9776 4 0 1 2 7 12 38
3 4
3 5
3 6
0 7
1 7
2 7
3 7
4 8
7 8
5 9
6 9
8 9
5 10
6 10
8 10
5 11
6 11
8 11
0 12
1 12
2 12
4 12
5 12
6 12
0 13
1 13
2 13
4 13
9 13
10 13
11 13
0 14
1 14
2 14
4 14
9 14
10 14
11 14
9780 5 0 2 6 9 10 36
3 4
3 5
2 6
4 8
4 9
5 9
6 9
0 10
2 10
7 10
8 10
9 10
1 11
5 11
6 11
7 11
8 11
0 12
1 12
3 12
6 12
7 12
8 12
0 13
1 13
2 13
4 13
5 13
7 13
0 14
1 14
2 14
3 14
7 14
8 14
9 14
9775 3 0 1 2 7 11 42
3 4
3 5
3 6
0 7
1 7
2 7
4 8
5 8
6 8
7 8
4 9
5 9
6 9
7 9
4 10
5 10
6 10
7 10
0 11
1 11
2 11
4 11
5 11
6 11
0 12
4 12
5 12
6 12
1 13
2 13
3 13
8 13
9 13
10 13
12 13
1 14
2 14
3 14
8 14
9 14
10 14
12 14
9802 3 0 1 7 9 11 35
3 4
3 5
2 6
5 6
1 7
4 8
5 8
3 9
6 9
7 9
0 10
4 10
6 10
7 10
0 11
1 11
2 11
8 11
9 11
4 12
5 12
7 12
11 12
1 13
2 13
3 13
8 13
10 13
12 13
1 14
2 14
8 14
9 14
10 14
12 14
9804 3 0 2 6 9 11 35
3 4
3 5
2 6
5 6
0 7
0 8
5 8
0 9
4 9
6 9
4 10
5 10
1 11
2 11
7 11
9 11
10 11
1 12
2 12
4 12
7 12
8 12
1 13
3 13
6 13
7 13
8 13
10 13
1 14
2 14
3 14
7 14
8 14
9 14
10 14
9805 4 0 1 2 4 13 37
3 4
3 5
2 6
4 6
5 10
6 10
7 10
8 10
9 10
3 11
6 11
7 11
8 11
9 11
0 12
1 12
3 12
6 12
7 12
8 12
9 12
0 13
1 13
2 13
4 13
5 13
7 13
8 13
9 13
0 14
1 14
2 14
4 14
5 14
7 14
8 14
9 14
9745 3 3 4 5 6 8 38
3 4
3 5
4 6
5 6
0 7
4 7
1 8
2 8
3 8
6 8
7 8
2 9
5 9
7 9
2 10
5 10
7 10
2 11
4 11
5 11
0 12
1 12
6 12
9 12
10 12
11 12
0 13
1 13
6 13
9 13
10 13
11 13
0 14
1 14
3 14
9 14
10 14
11 14
9818 6 0 1 9 10 11 35
3 4
3 5
1 6
2 8
3 8
6 8
0 9
3 9
6 9
7 9
1 10
2 10
5 10
9 10
0 11
4 11
7 11
8 11
10 11
1 12
4 12
5 12
7 12
8 12
2 13
4 13
5 13
6 13
7 13
0 14
2 14
4 14
5 14
6 14
7 14
9822 1 0 2 7 8 13 36
3 4
3 5
1 6
3 7
6 7
0 8
2 8
7 8
1 9
2 9
7 9
4 10
5 10
6 10
9 10
4 11
5 11
6 11
8 11
4 12
5 12
8 12
9 12
0 13
2 13
7 13
10 13
11 13
12 13
0 14
1 14
2 14
3 14
10 14
11 14
12 14
9325 4 2 3 5 8 9 37
3 4
4 6
5 6
0 7
2 8
3 8
5 8
7 8
1 9
2 9
3 9
5 9
7 9
0 10
1 10
2 10
6 10
4 11
5 11
7 11
10 11
2 12
4 12
5 12
7 12
0 13
1 13
6 13
8 13
11 13
12 13
0 14
1 14
3 14
6 14
11 14
12 14
9833 2 0 1 2 7 9 35
3 4
3 5
1 6
3 6
2 7
3 7
0 8
7 8
0 9
1 9
7 9
0 10
7 10
1 11
4 11
5 11
8 11
10 11
4 12
5 12
6 12
8 12
9 12
2 13
4 13
5 13
6 13
9 13
10 13
2 14
4 14
5 14
6 14
8 14
10 14
9831 5 1 2 9 10 13 37
3 4
3 5
1 6
4 6
5 6
2 7
4 7
5 7
0 8
4 8
5 8
1 9
2 9
8 9
1 10
2 10
8 10
0 11
1 11
3 11
7 11
0 12
2 12
3 12
6 12
4 13
5 13
9 13
10 13
11 13
12 13
0 14
3 14
6 14
7 14
9 14
10 14
9830 6 0 1 2 10 13 34
3 4
3 5
1 6
4 6
0 7
5 7
6 7
0 8
4 8
4 9
5 9
0 10
1 10
2 10
9 10
3 11
7 11
10 11
2 12
6 12
8 12
9 12
11 12
1 13
2 13
5 13
8 13
11 13
1 14
2 14
3 14
7 14
8 14
9 14
9847 4 0 1 3 8 14 38
3 4
3 5
0 6
4 6
0 7
1 7
5 7
0 8
1 8
3 8
4 9
7 9
4 10
7 10
2 11
5 11
6 11
8 11
9 11
10 11
2 12
5 12
6 12
8 12
9 12
10 12
1 13
2 13
5 13
6 13
9 13
10 13
0 14
1 14
2 14
3 14
9 14
10 14
9843 3 0 1 2 7 9 38
3 4
3 5
0 6
1 7
2 7
4 7
5 7
6 7
0 8
1 8
0 9
1 9
2 9
4 9
5 10
6 10
8 10
9 10
4 11
5 11
6 11
8 11
4 12
5 12
6 12
8 12
1 13
2 13
3 13
10 13
11 13
12 13
0 14
2 14
3 14
10 14
11 14
12 14
9849 4 0 1 2 6 9 38
3 4
3 5
0 6
3 6
6 7
6 8
1 9
2 9
6 9
4 10
5 10
7 10
8 10
9 10
4 11
5 11
7 11
8 11
9 11
4 12
5 12
7 12
8 12
9 12
0 13
1 13
2 13
3 13
10 13
11 13
12 13
0 14
1 14
2 14
4 14
5 14
7 14
8 14
9857 5 0 1 2 13 14 39
3 4
3 5
0 6
2 6
3 6
6 7
1 8
6 8
4 9
5 9
7 9
8 9
4 10
5 10
7 10
8 10
4 11
5 11
7 11
8 11
1 12
2 12
3 12
9 12
10 12
11 12
0 13
1 13
2 13
4 13
5 13
7 13
0 14
1 14
2 14
3 14
9 14
10 14
11 14
9880 5 3 4 8 9 10 36
3 4
2 5
5 7
6 7
4 8
5 8
3 9
6 9
8 9
4 10
7 10
9 10
0 11
1 11
3 11
5 11
6 11
10 11
0 12
1 12
2 12
3 12
7 12
8 12
0 13
1 13
2 13
6 13
8 13
10 13
0 14
1 14
2 14
4 14
7 14
9 14
9850 5 1 2 4 9 14 36
3 4
3 5
0 6
3 6
6 7
6 8
1 9
2 9
4 9
6 9
5 10
7 10
8 10
9 10
4 11
5 11
7 11
8 11
4 12
5 12
7 12
8 12
0 13
1 13
2 13
3 13
10 13
11 13
12 13
0 14
1 14
2 14
4 14
5 14
7 14
8 14
9883 4 1 2 5 10 12 34
3 4
2 5
4 7
3 8
2 9
4 9
8 9
1 10
4 10
5 10
6 10
8 10
0 11
3 11
6 11
7 11
9 11
1 12
2 12
6 12
7 12
8 12
0 13
3 13
5 13
6 13
7 13
9 13
0 14
1 14
5 14
6 14
7 14
8 14
9892 7 2 5 8 11 12 34
3 4
2 5
2 7
3 7
6 7
5 8
6 8
4 9
6 9
0 10
1 10
7 10
8 10
9 10
0 11
2 11
4 11
8 11
1 12
3 12
5 12
9 12
11 12
0 13
1 13
4 13
5 13
6 13
0 14
1 14
2 14
3 14
8 14
9 14
9903 6 0 1 8 10 12 35
3 4
2 5
5 6
4 7
5 7
3 8
6 8
2 9
4 9
6 9
0 10
1 10
7 10
8 10
9 10
1 11
3 11
6 11
7 11
0 12
1 12
5 12
8 12
9 12
0 13
2 13
4 13
8 13
11 13
0 14
1 14
2 14
3 14
6 14
7 14
9907 4 2 5 8 9 11 36
3 4
2 5
4 6
4 7
4 8
5 8
2 9
6 9
8 9
1 10
2 10
6 10
7 10
0 11
1 11
5 11
7 11
9 11
0 12
3 12
5 12
9 12
10 12
0 13
1 13
3 13
6 13
7 13
8 13
0 14
1 14
2 14
3 14
6 14
7 14
8 14
9807 5 0 1 3 10 11 34
3 4
3 5
2 6
4 6
5 7
6 7
5 8
4 9
5 9
0 10
3 10
1 11
6 11
8 11
9 11
10 11
2 12
7 12
8 12
9 12
10 12
1 13
2 13
4 13
7 13
8 13
10 13
0 14
1 14
2 14
3 14
7 14
8 14
9 14
9842 4 0 5 6 8 9 37
3 4
3 5
0 6
3 7
5 8
6 8
5 9
6 9
0 10
3 10
0 11
1 11
2 11
7 11
8 11
9 11
1 12
2 12
4 12
5 12
6 12
7 12
10 12
1 13
2 13
4 13
7 13
8 13
9 13
10 13
1 14
2 14
4 14
7 14
8 14
9 14
10 14
9921 4 0 3 8 10 14 36
3 4
2 5
4 6
5 6
2 7
3 7
1 8
6 8
7 8
1 9
4 9
5 9
7 9
0 10
3 10
8 10
2 11
6 11
9 11
10 11
0 12
4 12
5 12
7 12
11 12
1 13
2 13
6 13
10 13
12 13
0 14
3 14
5 14
8 14
11 14
13 14
9923 5 1 3 4 6 11 36
3 4
2 5
3 6
3 7
2 8
4 8
2 9
4 9
1 10
2 10
6 10
7 10
1 11
4 11
5 11
6 11
7 11
0 12
5 12
6 12
7 12
8 12
9 12
0 13
3 13
5 13
8 13
9 13
10 13
0 14
1 14
5 14
6 14
7 14
8 14
9 14
9916 3 0 2 5 6 12 36
3 4
2 5
4 6
5 6
6 8
1 9
3 9
7 9
8 9
2 10
3 10
7 10
8 10
4 11
5 11
9 11
10 11
0 12
1 12
2 12
6 12
7 12
11 12
0 13
1 13
4 13
5 13
7 13
8 13
0 14
1 14
2 14
3 14
7 14
8 14
11 14
9927 5 0 1 4 10 11 36
3 4
2 5
3 6
2 7
3 7
1 8
3 8
0 9
2 9
6 9
8 9
0 10
1 10
4 10
5 10
6 10
0 11
1 11
2 11
4 11
5 12
6 12
7 12
8 12
11 12
1 13
4 13
5 13
7 13
9 13
0 14
4 14
5 14
6 14
7 14
8 14
9932 5 0 1 2 10 11 37
3 4
2 5
3 6
5 6
4 7
5 7
4 8
5 8
1 9
3 9
5 9
0 10
1 10
2 10
6 10
7 10
8 10
0 11
1 11
2 11
3 11
0 12
1 12
2 12
4 12
6 13
7 13
8 13
9 13
11 13
12 13
6 14
7 14
8 14
9 14
11 14
12 14
9937 4 0 1 9 10 11 36
3 4
2 5
2 6
4 7
5 7
6 7
1 8
3 8
7 8
2 9
3 9
7 9
0 10
1 10
5 10
9 10
0 11
1 11
6 11
9 11
0 12
4 12
5 12
6 12
8 12
2 13
4 13
8 13
10 13
11 13
0 14
1 14
3 14
5 14
6 14
13 14
9938 5 0 1 6 8 14 36
3 4
2 5
2 6
3 7
5 7
0 8
1 8
6 8
7 8
1 9
3 9
5 9
6 9
0 10
4 10
5 10
6 10
1 11
2 11
4 11
7 11
0 12
2 12
4 12
7 12
8 13
9 13
10 13
11 13
12 13
0 14
1 14
3 14
5 14
6 14
13 14
8782 3 0 1 5 6 11 39
0 5
1 5
5 6
0 9
1 9
3 10
4 10
6 10
7 10
8 10
9 10
0 11
1 11
2 11
6 11
7 11
8 11
2 12
3 12
4 12
5 12
7 12
8 12
9 12
2 13
3 13
4 13
6 13
7 13
8 13
9 13
0 14
1 14
2 14
3 14
4 14
6 14
7 14
8 14
9942 4 1 4 6 7 8 37
3 4
2 5
2 6
1 7
4 7
6 7
1 8
4 8
6 8
1 9
2 9
0 10
1 10
3 10
5 10
2 11
7 11
8 11
10 11
0 12
3 12
5 12
6 12
9 12
11 12
0 13
4 13
5 13
6 13
9 13
11 13
0 14
3 14
5 14
7 14
8 14
9 14
9943 1 0 1 3 4 8 38
3 4
2 5
2 6
0 7
5 7
0 8
1 8
3 8
6 8
4 9
7 9
8 9
3 10
5 10
6 10
9 10
3 11
5 11
6 11
9 11
0 12
5 12
6 12
9 12
1 13
2 13
4 13
7 13
10 13
11 13
12 13
1 14
2 14
4 14
7 14
10 14
11 14
12 14
9944 2 0 1 4 7 8 35
3 4
2 5
2 6
0 7
4 7
1 8
6 8
7 8
4 9
5 9
3 10
8 10
9 10
2 11
3 11
9 11
0 12
2 12
3 12
8 12
9 12
1 13
5 13
6 13
7 13
10 13
11 13
12 13
0 14
1 14
4 14
5 14
6 14
10 14
11 14
9951 5 2 5 8 10 11 36
3 4
2 5
1 6
6 7
5 8
6 8
4 9
6 9
2 10
3 10
8 10
9 10
0 11
2 11
4 11
7 11
8 11
0 12
1 12
3 12
5 12
7 12
9 12
0 13
1 13
4 13
5 13
7 13
10 13
0 14
1 14
2 14
3 14
7 14
8 14
9 14
9963 4 0 2 6 9 10 35
3 4
2 5
1 6
5 6
4 7
3 8
6 8
7 8
0 9
2 9
6 9
7 9
0 10
2 10
6 10
7 10
1 11
3 11
5 11
9 11
10 11
0 12
3 12
5 12
7 12
1 13
2 13
4 13
8 13
12 13
0 14
1 14
4 14
5 14
8 14
9981 4 0 1 2 5 14 34
3 4
2 5
0 6
4 7
6 7
4 8
6 8
3 9
5 9
6 9
2 10
7 10
8 10
9 10
2 11
4 11
1 12
3 12
5 12
7 12
8 12
11 12
0 13
1 13
7 13
8 13
9 13
11 13
0 14
1 14
3 14
5 14
10 14
11 14
9985 3 1 2 10 11 12 37
3 4
2 5
0 6
5 6
3 7
5 7
0 8
1 8
5 8
0 9
3 9
5 9
0 10
1 10
2 10
1 11
2 11
4 11
6 11
7 11
1 12
2 12
3 12
4 13
6 13
7 13
8 13
9 13
10 13
12 13
4 14
6 14
7 14
8 14
9 14
10 14
12 14
9962 5 0 1 6 7 11 34
3 4
2 5
1 6
0 7
4 7
6 7
0 8
3 8
5 8
3 9
5 9
6 9
4 10
5 10
6 10
0 11
1 11
2 11
4 11
8 12
9 12
10 12
11 12
1 13
2 13
3 13
7 13
12 13
1 14
2 14
7 14
8 14
9 14
10 14
9989 3 0 2 5 6 10 36
3 4
2 5
0 6
5 6
0 7
4 7
2 8
3 8
7 8
1 9
6 9
8 9
1 10
2 10
6 10
7 10
0 11
1 11
2 11
4 11
3 12
5 12
9 12
10 12
11 12
3 13
5 13
7 13
9 13
11 13
1 14
4 14
6 14
8 14
12 14
13 14
9990 3 0 2 5 6 9 36
3 4
2 5
0 6
5 6
0 7
4 7
1 8
7 8
2 9
6 9
8 9
2 10
4 10
6 10
8 10
0 11
4 11
8 11
1 12
3 12
5 12
9 12
10 12
11 12
1 13
3 13
5 13
7 13
9 13
11 13
1 14
2 14
3 14
6 14
7 14
11 14
9991 6 0 1 2 8 11 34
3 4
2 5
0 6
5 6
0 7
1 7
3 7
0 8
1 8
2 8
4 8
6 9
8 9
4 10
6 10
7 10
1 11
2 11
6 11
3 12
5 12
9 12
10 12
11 12
4 13
5 13
7 13
9 13
11 13
1 14
2 14
3 14
9 14
10 14
9998 6 0 1 5 6 13 36
3 4
2 5
0 6
1 6
5 6
4 7
5 7
7 8
7 9
2 10
3 10
6 10
8 10
9 10
4 11
6 11
8 11
9 11
0 12
1 12
2 12
3 12
7 12
11 12
0 13
1 13
3 13
5 13
8 13
9 13
0 14
1 14
2 14
4 14
8 14
9 14
9940 6 0 1 3 4 10 37
3 4
2 5
2 6
1 7
1 8
2 9
4 9
7 9
8 9
0 10
1 10
2 10
3 10
4 11
5 11
6 11
7 11
8 11
10 11
0 12
4 12
5 12
6 12
7 12
8 12
0 13
3 13
5 13
6 13
7 13
8 13
0 14
1 14
3 14
5 14
6 14
9 14
9885 7 0 6 9 10 11 35
3 4
2 5
4 7
5 7
0 8
7 8
0 9
4 9
5 9
6 9
1 10
3 10
8 10
9 10
0 11
2 11
6 11
7 11
10 11
1 12
3 12
5 12
6 12
8 12
1 13
2 13
4 13
6 13
8 13
0 14
1 14
2 14
3 14
6 14
7 14
10006 4 0 1 7 10 11 34
3 4
2 5
4 5
5 6
0 7
4 7
6 8
2 9
3 9
8 9
1 10
6 10
7 10
9 10
0 11
1 11
2 11
8 11
4 12
6 12
9 12
11 12
1 13
2 13
3 13
7 13
8 13
12 13
0 14
3 14
5 14
8 14
10 14
12 14
10012 3 0 1 3 9 14 35
3 4
2 5
4 5
2 6
1 7
3 8
5 8
7 8
1 9
3 9
6 9
4 10
6 10
8 10
4 11
6 11
8 11
0 12
5 12
7 12
9 12
10 12
11 12
0 13
2 13
7 13
9 13
10 13
11 13
0 14
1 14
2 14
3 14
10 14
11 14
10008 6 0 1 2 13 14 35
3 4
2 5
4 5
4 6
3 7
3 8
5 8
6 9
7 9
8 9
2 10
6 10
7 10
8 10
0 11
1 11
4 11
9 11
10 11
0 12
1 12
5 12
6 12
7 12
0 13
1 13
2 13
3 13
9 13
0 14
1 14
2 14
6 14
7 14
8 14
10024 5 0 1 2 13 14 35
3 4
2 5
4 5
1 6
3 6
1 9
2 9
4 10
6 10
7 10
8 10
9 10
5 11
6 11
7 11
8 11
9 11
0 12
3 12
5 12
7 12
8 12
9 12
0 13
1 13
2 13
4 13
7 13
8 13
0 14
1 14
2 14
3 14
10 14
11 14
10035 3 0 2 5 7 11 35
3 4
2 5
4 5
0 6
4 6
0 7
2 7
0 8
1 8
4 8
8 9
2 10
8 10
1 11
5 11
7 11
9 11
10 11
1 12
2 12
3 12
6 12
9 12
3 13
5 13
6 13
7 13
9 13
10 13
1 14
3 14
6 14
7 14
9 14
10 14
10033 5 0 2 5 6 7 35
3 4
2 5
4 5
0 6
5 6
0 7
2 7
0 8
1 8
3 8
4 9
7 9
5 10
8 10
9 10
2 11
8 11
9 11
1 12
2 12
3 12
6 12
9 12
1 13
3 13
6 13
7 13
10 13
11 13
1 14
4 14
6 14
7 14
10 14
11 14
10037 6 0 1 3 6 8 34
3 4
2 5
4 5
0 6
3 6
0 7
5 7
0 8
1 8
2 8
3 8
7 9
8 9
5 10
6 10
9 10
2 11
6 11
9 11
1 12
3 12
7 12
10 12
11 12
1 13
4 13
7 13
10 13
11 13
1 14
2 14
4 14
6 14
9 14
10045 4 0 1 7 8 12 34
3 4
2 5
3 5
0 7
0 8
6 8
4 9
6 9
1 10
2 10
4 10
6 10
7 10
4 11
5 11
6 11
7 11
1 12
5 12
7 12
8 12
9 12
1 13
2 13
3 13
8 13
9 13
11 13
1 14
2 14
3 14
7 14
8 14
9 14
10040 5 0 1 4 10 13 37
3 4
2 5
3 5
4 8
5 9
6 9
7 9
8 9
0 10
1 10
4 10
9 10
2 11
3 11
6 11
7 11
8 11
10 11
0 12
1 12
5 12
6 12
7 12
8 12
0 13
1 13
2 13
4 13
6 13
7 13
0 14
1 14
2 14
3 14
6 14
7 14
8 14
10047 4 0 1 2 12 13 35
3 4
2 5
3 5
5 6
0 7
4 7
6 7
6 8
4 9
5 9
1 10
7 10
8 10
9 10
3 11
6 11
10 11
0 12
1 12
2 12
8 12
9 12
11 12
0 13
1 13
2 13
4 13
8 13
11 13
1 14
2 14
3 14
7 14
8 14
9 14
10046 5 0 2 3 10 14 37
3 4
2 5
3 5
5 6
1 9
6 9
7 9
8 9
0 10
2 10
3 10
9 10
1 11
4 11
5 11
7 11
8 11
10 11
1 12
4 12
6 12
7 12
8 12
10 12
0 13
2 13
4 13
6 13
7 13
8 13
0 14
1 14
2 14
3 14
6 14
7 14
8 14
10052 5 0 1 2 8 10 36
3 4
2 5
3 5
4 6
5 6
4 7
5 7
1 8
3 8
1 9
2 9
4 9
0 10
2 10
6 10
7 10
8 10
0 11
2 11
3 11
6 12
7 12
8 12
9 12
11 12
6 13
7 13
8 13
9 13
11 13
0 14
1 14
4 14
5 14
12 14
13 14
10051 6 0 2 6 13 14 34
3 4
2 5
3 5
4 6
5 7
3 8
7 8
2 9
6 9
8 9
1 10
4 10
7 10
9 10
1 11
5 11
6 11
8 11
0 12
4 12
7 12
9 12
11 12
0 13
2 13
6 13
8 13
10 13
0 14
1 14
2 14
3 14
6 14
7 14
10056 3 0 1 3 9 14 35
3 4
2 5
3 5
1 6
6 7
5 8
7 8
0 9
3 9
7 9
0 10
2 10
4 10
8 10
4 11
6 11
8 11
9 11
2 12
4 12
6 12
8 12
9 12
1 13
5 13
7 13
10 13
11 13
12 13
0 14
1 14
2 14
3 14
7 14
11 14
10061 5 0 1 4 7 8 35
3 4
2 5
3 5
1 6
0 7
1 7
4 7
0 8
4 8
1 9
4 9
5 10
6 10
8 10
9 10
5 11
6 11
8 11
9 11
0 12
4 12
5 12
6 12
2 13
3 13
7 13
10 13
11 13
12 13
2 14
3 14
6 14
7 14
8 14
9 14
10069 4 0 1 7 8 13 35
3 4
2 5
3 5
0 6
5 6
0 7
1 7
4 8
7 8
4 9
5 9
3 10
6 10
7 10
2 11
4 11
6 11
7 11
1 12
2 12
8 12
9 12
10 12
0 13
1 13
8 13
9 13
10 13
11 13
1 14
2 14
3 14
6 14
8 14
9 14
10078 5 0 1 2 10 11 36
3 4
1 5
0 7
4 8
5 8
7 8
8 9
0 10
1 10
2 10
4 10
6 10
9 10
0 11
1 11
2 11
3 11
8 11
4 12
5 12
6 12
7 12
9 12
11 12
2 13
3 13
5 13
6 13
7 13
9 13
1 14
2 14
3 14
6 14
7 14
9 14
10079 2 0 1 5 7 11 36
3 4
1 5
0 7
1 7
0 8
4 8
3 9
5 9
6 9
8 9
2 10
6 10
7 10
8 10
2 11
4 11
5 11
6 11
7 11
1 12
4 12
9 12
10 12
0 13
2 13
3 13
5 13
6 13
12 13
2 14
3 14
5 14
6 14
7 14
8 14
12 14
10082 2 0 2 7 8 12 37
3 4
1 5
5 6
4 7
0 8
1 8
2 8
7 8
3 9
6 9
8 9
0 10
4 10
5 10
9 10
4 11
5 11
9 11
0 12
2 12
3 12
6 12
7 12
11 12
1 13
2 13
6 13
7 13
10 13
11 13
1 14
2 14
3 14
6 14
7 14
10 14
11 14
10084 5 0 1 2 13 14 35
3 4
1 5
4 6
4 7
3 8
3 9
5 9
2 10
6 10
7 10
8 10
9 10
2 11
3 11
5 11
6 11
7 11
0 12
5 12
6 12
7 12
8 12
0 13
1 13
2 13
4 13
8 13
9 13
0 14
1 14
2 14
6 14
7 14
8 14
9 14
10081 4 0 1 2 3 14 34
3 4
1 5
5 6
5 7
3 8
6 8
2 9
4 9
7 9
8 9
1 10
4 10
7 10
8 10
0 11
3 11
6 11
7 11
0 12
6 12
9 12
10 12
2 13
4 13
5 13
8 13
11 13
12 13
0 14
1 14
2 14
3 14
6 14
7 14
10085 5 0 1 2 5 11 35
3 4
1 5
4 6
4 7
2 8
7 8
2 9
7 9
3 10
5 10
6 10
8 10
9 10
0 11
2 11
5 11
6 11
7 11
2 12
3 12
5 12
6 12
7 12
0 13
1 13
4 13
8 13
9 13
12 13
0 14
1 14
3 14
6 14
8 14
9 14
10087 4 0 1 7 12 13 35
3 4
1 5
4 6
5 6
5 7
2 8
3 8
2 9
3 9
5 9
4 10
7 10
8 10
9 10
0 11
2 11
3 11
6 11
10 11
0 12
1 12
6 12
7 12
8 12
0 13
1 13
2 13
4 13
7 13
0 14
1 14
6 14
7 14
8 14
9 14
10089 6 0 1 5 11 12 35
3 4
1 5
4 6
5 6
3 7
3 8
2 9
6 9
7 9
8 9
2 10
3 10
6 10
0 11
1 11
9 11
10 11
2 12
4 12
5 12
7 12
8 12
11 12
0 13
4 13
5 13
7 13
8 13
10 13
0 14
1 14
2 14
6 14
7 14
8 14
10092 4 5 6 8 9 10 36
3 4
1 5
2 6
4 8
5 8
6 8
8 9
3 10
5 10
6 10
7 10
9 10
0 11
1 11
4 11
6 11
7 11
9 11
0 12
2 12
4 12
5 12
7 12
9 12
0 13
1 13
2 13
3 13
7 13
8 13
0 14
1 14
2 14
3 14
7 14
9 14
10104 6 0 2 7 10 11 36
3 4
1 5
2 6
3 6
1 7
3 7
1 8
2 8
0 9
3 9
5 9
8 9
0 10
2 10
7 10
0 11
2 11
4 11
5 11
7 11
4 12
5 12
6 12
8 12
10 12
1 13
4 13
6 13
9 13
10 13
0 14
4 14
5 14
6 14
7 14
8 14
10107 3 3 4 7 9 11 36
3 4
1 5
1 6
2 7
4 7
1 8
2 8
1 9
4 9
2 10
3 10
5 10
6 10
9 10
0 11
3 11
7 11
8 11
9 11
0 12
2 12
4 12
5 12
6 12
0 13
5 13
6 13
7 13
8 13
9 13
0 14
3 14
5 14
6 14
7 14
8 14
10111 4 0 1 5 6 8 38
3 4
1 5
1 6
0 7
3 7
0 8
2 8
4 8
5 8
6 8
1 9
2 9
3 9
0 10
2 10
3 10
6 10
4 11
5 11
6 11
7 11
9 11
4 12
5 12
7 12
9 12
10 12
2 13
4 13
5 13
6 13
7 13
0 14
1 14
3 14
11 14
12 14
13 14
10117 5 0 1 2 5 12 34
3 4
1 5
1 6
2 6
5 7
4 8
5 8
3 9
6 9
7 9
8 9
2 10
3 10
7 10
8 10
0 11
4 11
6 11
7 11
0 12
2 12
4 12
5 12
1 13
9 13
10 13
11 13
12 13
0 14
2 14
3 14
7 14
8 14
13 14
9910 5 0 1 7 8 14 34
3 4
2 5
4 6
1 7
6 8
7 8
4 9
5 9
7 9
2 10
4 10
8 10
1 11
5 11
6 11
10 11
0 12
3 12
5 12
6 12
7 12
10 12
0 13
2 13
3 13
8 13
9 13
11 13
0 14
1 14
2 14
3 14
8 14
9 14
10001 4 0 2 4 5 13 36
3 4
2 5
4 5
3 8
2 9
3 9
1 10
5 10
6 10
7 10
8 10
9 10
0 11
5 11
6 11
7 11
8 11
9 11
1 12
4 12
6 12
7 12
8 12
9 12
0 13
2 13
4 13
6 13
7 13
8 13
0 14
1 14
2 14
3 14
6 14
7 14
10125 4 0 1 2 6 12 34
3 4
1 5
0 6
4 8
2 9
6 9
7 9
8 9
2 10
3 10
5 10
7 10
8 10
0 11
4 11
5 11
9 11
1 12
2 12
4 12
6 12
7 12
1 13
3 13
6 13
7 13
8 13
11 13
0 14
2 14
3 14
5 14
7 14
8 14
10142 3 0 3 4 5 14 35
3 4
1 5
4 5
1 6
3 6
5 8
6 8
7 8
4 9
8 9
2 10
6 10
7 10
9 10
2 11
5 11
6 11
7 11
1 12
2 12
3 12
7 12
9 12
0 13
4 13
8 13
10 13
11 13
12 13
0 14
2 14
3 14
5 14
7 14
9 14
10156 6 1 2 3 5 14 34
3 4
1 5
3 5
2 6
4 6
4 7
0 8
3 8
2 9
5 9
7 9
8 9
1 10
2 10
8 10
1 11
6 11
7 11
8 11
0 12
4 12
9 12
10 12
11 12
0 13
5 13
6 13
7 13
10 13
0 14
1 14
2 14
3 14
7 14
10116 6 1 2 5 6 9 33
3 4
1 5
1 6
2 6
5 7
6 8
7 8
2 9
3 9
5 9
8 9
2 10
3 10
7 10
1 11
4 11
8 11
10 11
0 12
4 12
5 12
8 12
10 12
0 13
4 13
6 13
7 13
9 13
0 14
2 14
3 14
7 14
11 14
10184 6 0 1 2 11 12 36
3 4
0 5
4 7
6 7
3 8
5 8
6 8
4 9
5 9
6 9
8 10
9 10
0 11
1 11
2 11
4 11
6 11
10 11
0 12
1 12
2 12
3 12
7 12
10 12
1 13
2 13
3 13
5 13
7 13
10 13
0 14
1 14
2 14
7 14
8 14
9 14
10188 6 0 2 6 9 13 35
3 4
0 5
3 7
5 7
6 7
4 8
5 8
0 9
2 9
4 9
6 9
1 10
2 10
4 10
5 10
3 11
6 11
10 11
1 12
7 12
8 12
9 12
11 12
0 13
1 13
2 13
3 13
6 13
8 13
0 14
1 14
2 14
7 14
8 14
11 14
10189 7 0 1 2 13 14 35
3 4
0 5
2 7
3 7
5 7
6 7
1 8
2 8
4 8
5 8
4 9
6 9
3 10
5 10
9 10
6 11
8 11
10 11
0 12
1 12
7 12
9 12
11 12
0 13
1 13
2 13
4 13
6 13
10 13
0 14
1 14
2 14
3 14
9 14
11 14
10194 5 0 2 5 11 12 34
3 4
0 5
4 6
3 8
5 8
6 8
7 8
2 9
8 9
1 10
4 10
7 10
9 10
2 11
3 11
5 11
6 11
7 11
0 12
2 12
6 12
10 12
1 13
4 13
5 13
7 13
9 13
12 13
0 14
1 14
3 14
6 14
7 14
9 14
10197 5 0 1 2 11 14 34
3 4
0 5
4 6
5 6
2 9
3 9
5 9
7 9
8 9
2 10
4 10
5 10
7 10
8 10
1 11
2 11
4 11
8 11
1 12
3 12
6 12
7 12
8 12
0 13
3 13
6 13
7 13
11 13
0 14
1 14
2 14
6 14
7 14
8 14
10000 5 0 1 6 12 13 36
3 4
2 5
4 5
4 8
6 8
7 8
5 9
6 9
7 9
5 10
6 10
7 10
3 11
8 11
9 11
10 11
0 12
1 12
3 12
5 12
6 12
7 12
0 13
1 13
2 13
4 13
6 13
7 13
11 13
0 14
1 14
2 14
3 14
8 14
9 14
10 14
10200 5 0 4 5 6 8 35
3 4
0 5
4 6
5 6
3 7
5 7
2 8
4 8
5 8
2 9
6 9
7 9
0 10
9 10
1 11
3 11
6 11
8 11
10 11
0 12
3 12
8 12
9 12
1 13
2 13
4 13
7 13
10 13
12 13
1 14
2 14
6 14
7 14
10 14
12 14
10204 3 0 1 4 7 12 39
3 4
0 5
3 6
0 7
1 7
4 7
3 8
3 9
2 10
5 10
6 10
7 10
8 10
9 10
2 11
5 11
6 11
7 11
8 11
9 11
0 12
1 12
2 12
4 12
8 12
9 12
1 13
4 13
5 13
6 13
8 13
9 13
1 14
2 14
4 14
5 14
6 14
8 14
9 14
10206 4 0 3 4 6 11 35
3 4
0 5
3 6
5 6
3 7
2 8
7 8
2 9
7 9
1 10
2 10
4 10
6 10
7 10
0 11
4 11
6 11
8 11
9 11
1 12
3 12
5 12
8 12
9 12
1 13
4 13
5 13
8 13
9 13
0 14
2 14
6 14
7 14
12 14
13 14
10213 6 0 1 2 12 13 36
3 4
0 5
1 6
2 6
4 6
5 6
4 7
5 7
3 8
5 8
3 9
6 9
7 10
8 10
9 10
7 11
8 11
9 11
0 12
1 12
2 12
4 12
10 12
11 12
0 13
1 13
2 13
3 13
10 13
11 13
0 14
1 14
2 14
7 14
8 14
9 14
10220 5 0 5 6 7 8 36
3 4
0 5
0 6
0 7
2 8
5 8
6 8
7 8
3 9
5 9
1 10
4 10
8 10
9 10
1 11
4 11
6 11
9 11
2 12
3 12
5 12
7 12
10 12
11 12
1 13
2 13
4 13
6 13
7 13
9 13
1 14
2 14
3 14
5 14
6 14
7 14
10221 2 0 3 4 5 6 36
3 4
0 5
0 6
4 6
4 9
2 10
5 10
7 10
8 10
9 10
1 11
3 11
6 11
7 11
8 11
9 11
1 12
2 12
4 12
5 12
7 12
8 12
2 13
3 13
5 13
6 13
7 13
8 13
9 13
0 14
1 14
2 14
3 14
7 14
8 14
9 14
10227 5 0 3 4 6 7 36
3 4
0 5
0 6
3 6
0 7
1 7
2 7
4 7
6 8
6 9
4 10
5 10
8 10
9 10
1 11
2 11
6 11
10 11
3 12
5 12
7 12
8 12
9 12
11 12
1 13
2 13
4 13
5 13
8 13
9 13
1 14
2 14
3 14
5 14
8 14
9 14
10171 4 0 1 2 5 12 36
3 4
1 5
2 5
0 6
0 7
4 7
5 8
3 10
5 10
6 10
7 10
9 10
3 11
6 11
7 11
8 11
9 11
0 12
1 12
2 12
4 12
8 12
9 12
1 13
2 13
4 13
6 13
8 13
9 13
1 14
2 14
3 14
6 14
7 14
8 14
9 14
10233 5 0 3 4 6 10 36
3 4
0 5
0 6
1 6
4 6
4 7
2 8
5 8
6 8
7 8
3 9
8 9
3 10
6 10
1 11
3 11
5 11
7 11
0 12
2 12
4 12
9 12
10 12
11 12
1 13
2 13
5 13
7 13
9 13
10 13
1 14
2 14
5 14
7 14
9 14
10 14
10234 4 0 1 3 6 9 37
3 4
0 5
0 6
1 6
3 6
1 9
3 9
0 10
2 10
4 10
7 10
8 10
9 10
4 11
5 11
6 11
7 11
8 11
9 11
2 12
5 12
6 12
7 12
8 12
9 12
1 13
2 13
4 13
5 13
7 13
8 13
1 14
2 14
3 14
5 14
7 14
8 14
10236 5 0 4 5 10 11 36
3 4
0 5
4 5
4 9
6 9
7 9
8 9
5 10
7 10
8 10
0 11
1 11
2 11
4 11
6 11
10 11
0 12
1 12
2 12
3 12
9 12
10 12
1 13
2 13
3 13
5 13
6 13
7 13
8 13
0 14
1 14
2 14
3 14
6 14
7 14
8 14
10247 4 0 3 4 5 14 37
3 4
0 5
4 5
0 6
3 6
1 7
6 7
2 8
6 8
3 9
5 9
7 9
8 9
0 10
1 10
2 10
9 10
4 11
7 11
8 11
10 11
4 12
7 12
8 12
10 12
1 13
2 13
5 13
6 13
11 13
12 13
1 14
2 14
3 14
5 14
11 14
12 14
10248 5 0 2 6 8 12 36
3 4
0 5
4 5
0 6
2 6
6 7
4 8
6 8
3 9
6 9
1 10
5 10
7 10
9 10
1 11
4 11
7 11
9 11
0 12
2 12
3 12
8 12
10 12
11 12
1 13
2 13
5 13
7 13
8 13
9 13
1 14
2 14
3 14
5 14
7 14
8 14
10249 5 0 2 3 6 11 36
3 4
0 5
4 5
0 6
2 6
3 6
2 7
5 7
3 8
5 8
1 9
7 9
8 9
2 10
4 10
9 10
1 11
2 11
3 11
5 11
0 12
4 12
9 12
11 12
1 13
6 13
7 13
8 13
10 13
12 13
1 14
6 14
7 14
8 14
10 14
12 14
10228 6 0 3 4 6 7 36
3 4
0 5
0 6
3 6
0 7
1 7
2 7
4 7
4 8
5 8
4 9
5 9
3 10
5 10
1 11
2 11
3 11
5 11
6 12
7 12
8 12
9 12
10 12
11 12
1 13
2 13
6 13
8 13
9 13
10 13
1 14
2 14
6 14
8 14
9 14
10 14
10255 6 0 3 4 5 8 35
3 4
0 5
3 5
4 8
5 8
6 8
7 8
3 9
6 9
7 9
4 10
7 10
1 11
2 11
5 11
9 11
10 11
0 12
1 12
2 12
4 12
6 12
7 12
0 13
1 13
2 13
3 13
6 13
10 13
0 14
1 14
2 14
8 14
9 14
10 14
10253 5 0 1 2 6 7 36
3 4
0 5
4 5
0 6
1 6
2 6
0 7
1 7
3 7
3 8
2 9
5 9
8 9
1 10
5 10
8 10
2 11
4 11
7 11
8 11
4 12
6 12
7 12
9 12
10 12
3 13
6 13
9 13
10 13
11 13
1 14
2 14
5 14
8 14
12 14
13 14
9293 5 0 2 4 7 10 35
3 4
4 6
2 7
4 7
2 8
3 8
0 9
3 9
5 9
7 9
0 10
2 10
4 10
5 10
1 11
6 11
8 11
9 11
10 11
1 12
5 12
6 12
7 12
8 12
1 13
2 13
3 13
5 13
6 13
0 14
1 14
5 14
6 14
7 14
8 14
10259 5 0 3 4 5 8 35
3 4
0 5
3 5
3 6
4 7
2 8
4 8
5 8
2 9
4 9
1 10
2 10
3 10
7 10
1 11
5 11
6 11
7 11
9 11
0 12
6 12
8 12
9 12
10 12
0 13
1 13
2 13
6 13
7 13
0 14
1 14
6 14
7 14
8 14
9 14
10260 4 3 4 5 7 8 36
3 4
0 5
3 5
3 6
2 7
4 7
5 7
2 8
4 8
5 8
1 9
6 9
7 9
1 10
6 10
8 10
1 11
2 11
5 11
6 11
0 12
4 12
9 12
10 12
11 12
0 13
2 13
3 13
9 13
10 13
1 14
6 14
7 14
8 14
12 14
13 14
10257 1 0 1 5 8 9 37
3 4
0 5
3 5
4 6
5 7
0 8
1 8
1 9
4 9
5 9
1 10
4 10
2 11
3 11
6 11
7 11
8 11
10 11
2 12
6 12
7 12
8 12
9 12
10 12
0 13
2 13
6 13
7 13
9 13
10 13
2 14
3 14
6 14
7 14
8 14
9 14
10 14
10261 2 0 1 3 5 6 36
3 4
0 5
3 5
1 6
5 6
4 9
6 9
7 9
8 9
2 10
3 10
7 10
8 10
1 11
5 11
9 11
10 11
0 12
1 12
2 12
4 12
7 12
8 12
2 13
4 13
6 13
7 13
8 13
11 13
0 14
2 14
3 14
6 14
7 14
8 14
11 14
10263 3 0 1 2 5 14 36
3 4
0 5
2 5
4 7
5 8
6 8
7 8
2 9
6 9
7 9
2 10
3 10
6 10
4 11
8 11
9 11
10 11
1 12
3 12
5 12
6 12
7 12
11 12
0 13
1 13
4 13
8 13
9 13
10 13
0 14
1 14
2 14
3 14
6 14
7 14
11 14
10262 3 0 3 4 5 6 36
3 4
0 5
3 5
0 6
2 6
4 6
6 7
6 8
2 9
3 9
7 9
8 9
1 10
2 10
5 10
8 10
1 11
2 11
3 11
7 11
0 12
9 12
10 12
11 12
1 13
4 13
5 13
7 13
8 13
12 13
1 14
4 14
5 14
7 14
8 14
12 14
10267 0 0 1 2 5 9 36
3 4
0 5
2 5
5 6
4 7
2 8
6 8
7 8
1 9
2 9
6 9
1 10
3 10
7 10
0 11
3 11
6 11
7 11
4 12
5 12
8 12
9 12
10 12
4 13
8 13
9 13
10 13
11 13
0 14
1 14
2 14
3 14
6 14
7 14
12 14
13 14
10270 5 0 2 4 5 14 35
3 4
0 5
2 5
3 6
5 6
2 7
4 7
6 7
2 8
4 8
6 8
3 9
8 9
1 10
6 10
9 10
1 11
7 11
9 11
1 12
5 12
7 12
9 12
0 13
3 13
8 13
10 13
11 13
12 13
0 14
2 14
4 14
10 14
11 14
12 14
10276 6 0 1 5 6 14 35
3 4
0 5
1 5
5 6
4 7
3 8
6 8
7 8
0 9
6 9
7 9
0 10
4 10
6 10
2 11
3 11
5 11
7 11
10 11
1 12
2 12
8 12
9 12
10 12
1 13
2 13
4 13
8 13
9 13
0 14
1 14
2 14
3 14
6 14
7 14
9433 4 0 1 5 11 12 37
3 4
2 6
3 6
2 7
3 7
2 8
6 9
7 9
8 9
0 10
2 10
4 10
5 10
9 10
0 11
1 11
3 11
5 11
8 11
0 12
1 12
4 12
5 12
9 12
1 13
4 13
5 13
6 13
7 13
8 13
0 14
1 14
4 14
5 14
6 14
7 14
8 14
10281 5 0 1 4 5 13 35
3 4
0 5
1 5
4 5
5 6
4 7
0 8
6 8
7 8
2 9
6 9
7 9
2 10
6 10
7 10
1 11
3 11
8 11
9 11
10 11
0 12
3 12
9 12
10 12
1 13
2 13
4 13
8 13
12 13
0 14
1 14
2 14
3 14
6 14
7 14
10287 2 1 3 4 9 13 38
2 4
1 9
3 9
4 9
8 9
2 10
5 10
6 10
7 10
8 10
0 11
2 11
5 11
6 11
7 11
9 11
0 12
3 12
4 12
5 12
6 12
7 12
8 12
1 13
3 13
4 13
5 13
6 13
7 13
8 13
0 14
1 14
2 14
3 14
5 14
6 14
7 14
8 14
10297 6 0 1 2 13 14 37
2 4
5 8
6 8
7 8
2 9
5 9
6 9
7 9
3 10
4 10
5 10
6 10
7 10
3 11
4 11
5 11
6 11
7 11
0 12
1 12
3 12
4 12
8 12
9 12
0 13
1 13
2 13
8 13
10 13
11 13
0 14
1 14
2 14
3 14
5 14
6 14
7 14
10302 3 0 1 2 10 12 37
2 4
4 8
5 8
6 8
0 9
8 9
0 10
1 10
2 10
7 10
8 10
3 11
4 11
5 11
6 11
7 11
9 11
0 12
2 12
3 12
5 12
6 12
7 12
1 13
3 13
4 13
5 13
6 13
7 13
9 13
1 14
2 14
3 14
5 14
6 14
7 14
9 14
10311 4 0 1 2 9 11 38
2 4
2 8
3 8
5 8
6 8
7 8
0 9
1 9
2 9
3 9
3 10
4 10
5 10
6 10
7 10
0 11
1 11
8 11
10 11
4 12
5 12
6 12
7 12
9 12
11 12
4 13
5 13
6 13
7 13
9 13
11 13
0 14
1 14
3 14
4 14
5 14
6 14
7 14
10280 5 0 1 5 6 7 36
3 4
0 5
1 5
0 6
1 6
4 6
6 7
6 8
4 9
5 9
8 9
1 10
9 10
1 11
2 11
3 11
7 11
9 11
0 12
2 12
3 12
7 12
8 12
10 12
2 13
3 13
5 13
7 13
8 13
10 13
2 14
4 14
5 14
7 14
8 14
10 14
10354 3 0 2 4 11 13 35
2 4
3 7
2 8
4 9
5 9
6 9
7 9
8 9
0 10
5 10
6 10
7 10
8 10
0 11
2 11
7 11
1 12
3 12
5 12
6 12
8 12
11 12
1 13
3 13
4 13
5 13
6 13
11 13
0 14
1 14
4 14
5 14
6 14
7 14
8 14
10360 6 5 6 8 9 10 36
2 4
3 7
4 7
6 7
5 8
6 8
5 9
6 9
3 10
4 10
8 10
9 10
0 11
1 11
2 11
3 11
5 11
6 11
0 12
1 12
2 12
5 12
7 12
10 12
0 13
1 13
3 13
4 13
8 13
9 13
0 14
1 14
2 14
7 14
8 14
9 14
10363 3 0 1 6 9 11 35
2 4
3 7
4 7
5 7
2 8
6 8
7 8
1 9
2 9
3 9
5 9
6 9
0 10
3 10
6 10
0 11
1 11
6 11
7 11
4 12
5 12
8 12
10 12
11 12
1 13
4 13
5 13
8 13
10 13
0 14
2 14
3 14
6 14
12 14
13 14
10323 5 0 1 3 8 14 38
2 4
0 8
1 8
3 8
4 8
3 9
4 9
5 9
6 9
7 9
3 10
4 10
5 10
6 10
7 10
0 11
1 11
9 11
10 11
2 12
5 12
6 12
7 12
8 12
11 12
2 13
5 13
6 13
7 13
8 13
11 13
0 14
1 14
2 14
3 14
5 14
6 14
7 14
10364 4 0 2 4 11 12 35
2 4
3 7
4 7
5 7
6 7
2 8
3 8
1 9
7 9
8 9
1 10
5 10
6 10
8 10
0 11
4 11
5 11
6 11
2 12
3 12
9 12
10 12
11 12
0 13
3 13
4 13
5 13
6 13
9 13
0 14
1 14
5 14
6 14
8 14
12 14
10366 6 3 4 8 9 10 36
2 4
2 7
5 7
3 8
4 8
3 9
4 9
5 9
0 10
6 10
7 10
8 10
9 10
1 11
6 11
7 11
8 11
9 11
0 12
1 12
2 12
3 12
5 12
6 12
0 13
1 13
2 13
5 13
6 13
8 13
0 14
1 14
3 14
4 14
6 14
7 14
10398 5 0 2 4 8 13 35
2 4
5 6
4 7
5 7
2 8
3 8
5 8
2 9
5 9
1 10
3 10
6 10
7 10
9 10
1 11
3 11
6 11
7 11
0 12
4 12
8 12
9 12
11 12
0 13
1 13
4 13
6 13
8 13
9 13
1 14
2 14
3 14
6 14
7 14
12 14
10273 5 0 2 5 6 13 36
3 4
0 5
2 5
4 5
0 6
2 6
3 6
2 9
4 10
6 10
7 10
8 10
9 10
1 11
2 11
4 11
7 11
8 11
0 12
1 12
3 12
7 12
8 12
9 12
1 13
5 13
6 13
7 13
8 13
9 13
1 14
3 14
5 14
7 14
8 14
9 14
10406 2 0 1 2 4 9 35
2 4
5 6
3 7
4 7
5 7
0 8
5 8
1 9
4 9
6 9
0 10
3 10
9 10
3 11
5 11
9 11
1 12
4 12
6 12
8 12
10 12
11 12
2 13
6 13
7 13
8 13
10 13
11 13
1 14
2 14
6 14
7 14
8 14
10 14
11 14
10412 1 1 2 4 5 9 37
2 4
4 6
2 8
1 9
4 9
5 9
7 9
2 10
9 10
0 11
3 11
6 11
7 11
8 11
10 11
0 12
3 12
5 12
6 12
7 12
8 12
10 12
1 13
3 13
5 13
6 13
7 13
8 13
10 13
0 14
1 14
3 14
4 14
5 14
7 14
8 14
10 14
10417 6 3 4 7 8 11 35
2 4
4 6
3 7
4 7
0 8
7 8
0 9
3 9
5 9
6 9
3 10
5 10
6 10
8 10
1 11
3 11
4 11
5 11
8 11
1 12
2 12
7 12
9 12
10 12
1 13
2 13
5 13
6 13
8 13
0 14
1 14
2 14
5 14
6 14
7 14
10451 3 0 1 5 9 10 36
2 4
3 6
4 6
4 8
0 9
3 9
4 9
5 9
7 9
0 10
1 10
5 10
6 10
2 11
3 11
7 11
8 11
10 11
1 12
5 12
6 12
7 12
8 12
1 13
2 13
3 13
5 13
7 13
8 13
0 14
1 14
2 14
5 14
6 14
7 14
8 14
10453 4 0 1 5 9 12 36
2 4
3 6
4 6
4 7
5 7
3 8
5 8
0 9
1 9
5 9
6 9
2 10
7 10
8 10
9 10
6 11
7 11
8 11
0 12
1 12
2 12
3 12
5 12
11 12
0 13
1 13
3 13
4 13
10 13
11 13
0 14
1 14
2 14
6 14
7 14
8 14
10466 3 0 1 3 8 14 36
2 4
2 6
5 6
1 7
4 7
5 7
1 8
3 8
0 9
4 9
5 9
8 9
4 10
5 10
8 10
3 11
6 11
7 11
9 11
10 11
2 12
5 12
8 12
11 12
0 13
3 13
6 13
7 13
10 13
12 13
0 14
1 14
3 14
6 14
10 14
12 14
10455 6 0 1 5 10 12 36
2 4
3 6
4 6
5 6
2 7
5 7
3 8
4 8
2 9
0 10
1 10
5 10
8 10
9 10
6 11
7 11
8 11
9 11
0 12
1 12
2 12
3 12
5 12
11 12
0 13
1 13
3 13
4 13
7 13
9 13
0 14
1 14
6 14
7 14
8 14
9 14
10470 6 0 1 2 10 14 35
2 4
1 6
4 8
5 8
6 8
7 8
6 9
7 9
0 10
1 10
2 10
7 10
3 11
4 11
5 11
9 11
10 11
0 12
2 12
3 12
5 12
6 12
7 12
0 13
1 13
3 13
4 13
5 13
9 13
0 14
1 14
2 14
3 14
8 14
9 14
10481 5 0 1 2 12 14 34
2 4
1 6
4 6
5 6
3 7
6 7
3 8
5 8
2 9
7 9
8 9
0 10
3 10
4 10
9 10
1 11
8 11
10 11
0 12
2 12
5 12
7 12
11 12
3 13
4 13
5 13
9 13
11 13
0 14
1 14
2 14
7 14
8 14
13 14
10478 3 0 2 4 9 12 36
2 4
1 6
5 6
2 9
3 10
6 10
7 10
8 10
9 10
0 11
2 11
3 11
5 11
7 11
8 11
0 12
4 12
6 12
7 12
8 12
9 12
1 13
3 13
4 13
5 13
7 13
8 13
9 13
0 14
1 14
3 14
4 14
5 14
7 14
8 14
9 14
10483 3 0 1 4 6 13 35
2 4
1 6
4 6
5 6
0 7
2 7
3 7
5 7
5 8
5 9
4 10
7 10
1 11
2 11
8 11
9 11
10 11
0 12
3 12
6 12
8 12
9 12
10 12
0 13
1 13
3 13
4 13
8 13
9 13
1 14
2 14
3 14
8 14
9 14
10 14
10488 5 0 1 2 4 12 34
2 4
1 6
3 6
2 7
5 7
6 7
2 8
6 8
1 9
5 9
8 9
0 10
3 10
4 10
7 10
9 10
0 11
7 11
9 11
0 12
1 12
2 12
3 13
4 13
5 13
8 13
11 13
12 13
3 14
4 14
5 14
8 14
11 14
12 14
10490 3 1 2 5 6 10 38
2 4
1 6
2 6
5 6
0 7
3 7
6 7
1 8
4 8
5 8
3 9
4 9
5 9
1 10
2 10
3 10
5 10
7 11
8 11
9 11
10 11
2 12
7 12
8 12
9 12
0 13
3 13
4 13
6 13
11 13
12 13
0 14
1 14
3 14
4 14
5 14
11 14
12 14
10487 3 0 1 3 6 11 35
2 4
1 6
3 6
4 7
5 7
4 8
5 8
5 9
6 9
1 10
5 10
0 11
3 11
4 11
9 11
10 11
2 12
3 12
7 12
8 12
9 12
10 12
0 13
2 13
6 13
7 13
8 13
10 13
0 14
1 14
2 14
3 14
7 14
8 14
9 14
10502 5 0 1 2 12 14 34
2 4
0 6
5 6
4 7
5 7
3 8
4 8
5 8
3 9
4 9
2 10
3 10
6 10
7 10
1 11
5 11
9 11
10 11
0 12
2 12
3 12
11 12
1 13
6 13
7 13
8 13
9 13
12 13
0 14
1 14
2 14
7 14
8 14
9 14
10507 5 0 1 2 6 12 35
2 4
0 6
1 6
2 6
5 7
6 7
3 8
4 8
6 8
5 9
8 9
3 10
7 10
9 10
2 11
3 11
7 11
9 11
1 12
2 12
5 12
8 12
10 12
0 13
1 13
4 13
5 13
10 13
11 13
0 14
1 14
3 14
4 14
7 14
9 14
10508 6 0 1 6 7 14 35
2 4
0 6
1 6
2 6
5 7
6 7
3 8
4 8
6 8
1 9
3 9
4 9
5 9
2 10
7 10
9 10
5 11
8 11
10 11
2 12
3 12
7 12
11 12
0 13
1 13
5 13
8 13
10 13
12 13
0 14
1 14
3 14
4 14
7 14
11 14
10501 5 0 1 5 6 10 35
2 4
0 6
5 6
4 7
5 7
3 8
4 8
6 8
2 9
3 9
7 9
1 10
5 10
9 10
3 11
4 11
6 11
10 11
1 12
5 12
8 12
9 12
11 12
0 13
2 13
3 13
7 13
10 13
12 13
0 14
1 14
2 14
7 14
8 14
11 14
10513 5 0 1 9 12 13 36
2 4
4 5
3 8
4 8
6 8
7 8
5 9
6 9
7 9
3 10
5 10
6 10
7 10
2 11
5 11
6 11
7 11
0 12
1 12
3 12
4 12
9 12
11 12
0 13
1 13
2 13
8 13
9 13
10 13
0 14
1 14
2 14
3 14
5 14
6 14
7 14
10514 4 0 1 3 12 14 36
2 4
4 5
3 8
4 8
6 8
7 8
0 9
8 9
1 10
5 10
6 10
7 10
9 10
2 11
5 11
6 11
9 11
0 12
1 12
3 12
4 12
7 12
11 12
2 13
3 13
5 13
6 13
7 13
9 13
0 14
1 14
2 14
3 14
5 14
6 14
7 14
10509 6 0 1 4 11 14 36
2 4
4 5
6 8
7 8
5 9
6 9
7 9
2 10
3 10
5 10
6 10
7 10
0 11
1 11
3 11
4 11
6 11
7 11
0 12
1 12
2 12
3 12
5 12
8 12
0 13
1 13
2 13
3 13
8 13
9 13
0 14
1 14
4 14
8 14
9 14
10 14
10521 6 0 1 7 9 12 35
2 4
4 5
1 7
0 8
4 9
6 9
7 9
8 9
5 10
7 10
8 10
0 11
1 11
3 11
4 11
6 11
10 11
0 12
1 12
2 12
3 12
9 12
10 12
1 13
2 13
3 13
5 13
6 13
8 13
2 14
3 14
5 14
6 14
7 14
8 14
10405 4 0 2 3 10 13 36
2 4
5 6
3 7
4 7
5 7
4 8
5 8
2 9
5 9
0 10
2 10
3 10
6 10
1 11
7 11
8 11
9 11
10 11
0 12
1 12
3 12
4 12
6 12
9 12
0 13
1 13
2 13
3 13
6 13
8 13
0 14
1 14
6 14
7 14
8 14
9 14
10540 5 0 1 3 8 9 35
2 4
4 5
3 6
4 6
3 7
0 8
1 8
3 8
0 9
1 9
5 9
7 9
4 10
7 10
8 10
5 11
6 11
7 11
8 11
2 12
3 12
9 12
10 12
11 12
1 13
2 13
5 13
6 13
10 13
0 14
1 14
2 14
5 14
6 14
7 14
10547 6 0 1 4 11 14 35
2 4
3 5
2 8
5 8
6 8
7 8
3 9
4 9
6 9
7 9
6 10
7 10
0 11
1 11
4 11
5 11
10 11
0 12
1 12
2 12
3 12
6 12
7 12
0 13
1 13
2 13
5 13
9 13
10 13
0 14
1 14
3 14
4 14
8 14
10 14
10551 6 0 1 2 8 11 35
2 4
3 5
0 8
1 8
4 9
5 9
7 9
8 9
2 10
3 10
6 10
8 10
0 11
1 11
2 11
5 11
6 11
7 11
0 12
1 12
3 12
4 12
6 12
7 12
0 13
2 13
3 13
6 13
9 13
1 14
4 14
5 14
7 14
10 14
13 14
10575 6 0 1 9 13 14 35
2 4
3 5
4 6
5 7
6 7
5 8
6 8
2 9
3 9
2 10
3 10
7 10
8 10
0 11
2 11
3 11
6 11
1 12
4 12
7 12
8 12
9 12
11 12
0 13
1 13
5 13
6 13
9 13
10 13
0 14
1 14
4 14
7 14
8 14
9 14
10557 3 0 1 2 4 14 36
2 4
3 5
3 7
4 7
4 8
5 8
6 8
1 9
3 9
8 9
3 10
8 10
0 11
5 11
6 11
7 11
9 11
10 11
0 12
2 12
6 12
7 12
9 12
10 12
1 13
2 13
5 13
6 13
7 13
10 13
0 14
1 14
4 14
5 14
6 14
10 14
10577 3 2 4 6 7 10 37
2 4
3 5
4 6
3 7
4 7
1 8
2 8
3 8
0 9
5 9
6 9
8 9
1 10
2 10
6 10
7 10
0 11
1 11
4 11
5 11
3 12
9 12
10 12
11 12
0 13
5 13
6 13
7 13
8 13
12 13
0 14
1 14
2 14
5 14
6 14
7 14
12 14
10583 6 0 1 2 12 13 36
2 4
3 5
3 6
6 7
4 8
5 8
6 9
8 9
4 10
5 10
7 10
9 10
0 11
1 11
2 11
3 11
7 11
8 11
0 12
1 12
2 12
6 12
8 12
10 12
0 13
1 13
2 13
5 13
7 13
9 13
0 14
1 14
3 14
4 14
7 14
9 14
10610 4 0 1 3 10 14 35
2 4
3 5
4 5
4 7
6 7
2 8
6 8
0 9
4 9
6 9
1 10
3 10
7 10
8 10
9 10
0 11
5 11
7 11
8 11
5 12
7 12
8 12
9 12
1 13
2 13
3 13
6 13
11 13
12 13
0 14
1 14
2 14
3 14
6 14
12 14
10118 4 1 2 5 6 11 34
3 4
1 5
1 6
2 6
4 7
4 8
5 8
4 9
6 9
3 10
5 10
9 10
2 11
3 11
5 11
7 11
9 11
0 12
6 12
7 12
8 12
10 12
0 13
2 13
7 13
8 13
10 13
0 14
1 14
2 14
3 14
7 14
8 14
9 14
10622 6 0 1 7 10 13 34
2 4
3 5
4 5
2 6
0 7
5 8
6 8
5 9
6 9
0 10
2 10
8 10
0 11
4 11
8 11
9 11
1 12
3 12
6 12
7 12
10 12
11 12
1 13
3 13
4 13
7 13
9 13
10 13
1 14
2 14
3 14
7 14
8 14
9 14
10620 5 0 1 8 13 14 35
2 4
3 5
4 5
2 6
3 7
5 10
6 10
7 10
8 10
9 10
4 11
6 11
7 11
8 11
9 11
0 12
1 12
2 12
3 12
10 12
11 12
0 13
1 13
2 13
5 13
7 13
8 13
9 13
0 14
1 14
3 14
4 14
6 14
8 14
9 14
10628 5 0 2 4 7 8 36
2 4
3 5
4 5
0 6
5 6
0 7
4 7
2 8
3 8
7 8
1 9
6 9
8 9
1 10
2 10
6 10
0 11
1 11
2 11
5 11
3 12
7 12
9 12
10 12
11 12
3 13
7 13
9 13
10 13
11 13
1 14
4 14
6 14
8 14
12 14
13 14
10635 6 0 1 2 12 14 36
2 4
2 5
3 8
5 8
3 9
5 9
4 10
6 10
7 10
8 10
9 10
4 11
6 11
7 11
8 11
9 11
0 12
1 12
2 12
3 12
10 12
11 12
0 13
1 13
3 13
4 13
5 13
6 13
7 13
0 14
1 14
2 14
6 14
7 14
8 14
9 14
10633 5 0 1 2 12 14 36
2 4
2 5
6 8
7 8
6 9
7 9
3 10
4 10
5 10
8 10
9 10
3 11
4 11
5 11
8 11
9 11
0 12
1 12
2 12
3 12
8 12
9 12
0 13
1 13
3 13
4 13
5 13
6 13
7 13
0 14
1 14
2 14
6 14
7 14
10 14
11 14
10636 4 0 1 2 3 13 34
2 4
2 5
3 8
4 8
1 9
4 9
6 9
7 9
0 10
3 10
9 10
5 11
6 11
7 11
8 11
10 11
5 12
6 12
7 12
8 12
10 12
0 13
1 13
2 13
3 13
11 13
12 13
0 14
1 14
3 14
4 14
5 14
6 14
7 14
10649 2 2 3 4 5 8 37
2 4
2 5
3 6
6 7
3 8
4 8
5 8
5 9
6 9
4 10
5 10
6 10
0 11
1 11
7 11
8 11
9 11
10 11
0 12
1 12
3 12
4 12
7 12
9 12
1 13
2 13
3 13
7 13
9 13
10 13
0 14
1 14
2 14
7 14
8 14
9 14
10 14
10645 5 0 1 6 10 13 35
2 4
2 5
4 6
5 7
4 8
7 8
5 9
6 9
0 10
1 10
6 10
7 10
2 11
3 11
8 11
9 11
10 11
0 12
1 12
3 12
4 12
7 12
9 12
0 13
1 13
3 13
5 13
6 13
8 13
0 14
1 14
2 14
3 14
8 14
9 14
10199 6 0 1 2 13 14 35
3 4
0 5
4 6
5 6
3 7
5 7
3 8
6 9
7 9
8 9
2 10
6 10
7 10
8 10
1 11
2 11
4 11
5 11
8 11
0 12
1 12
4 12
9 12
10 12
0 13
1 13
2 13
3 13
9 13
0 14
1 14
2 14
6 14
7 14
8 14
10652 6 3 4 7 10 11 35
2 4
2 5
3 6
5 6
3 7
4 7
5 8
2 9
3 9
8 9
1 10
3 10
4 10
8 10
0 11
6 11
7 11
9 11
10 11
0 12
1 12
5 12
7 12
9 12
0 13
1 13
4 13
6 13
8 13
0 14
1 14
2 14
6 14
7 14
8 14
10664 5 0 2 4 10 11 34
2 4
2 5
1 6
3 7
4 7
6 7
3 8
5 8
6 8
3 9
5 9
0 10
4 10
6 10
9 10
0 11
1 11
3 11
4 11
2 12
8 12
9 12
11 12
1 13
5 13
7 13
10 13
12 13
0 14
1 14
2 14
7 14
8 14
9 14
10667 5 0 1 6 8 12 34
2 4
2 5
1 6
5 6
0 7
4 7
6 7
3 8
6 8
3 9
5 9
3 10
4 10
5 10
0 11
8 11
9 11
10 11
0 12
1 12
4 12
8 12
9 12
1 13
2 13
3 13
7 13
11 13
1 14
2 14
7 14
8 14
9 14
10 14
10670 5 0 3 5 6 12 34
2 4
2 5
1 6
3 6
5 6
1 7
4 7
1 8
4 8
3 9
4 9
0 10
5 10
8 10
9 10
6 11
8 11
9 11
0 12
3 12
5 12
7 12
11 12
2 13
3 13
7 13
10 13
11 13
0 14
2 14
6 14
7 14
8 14
9 14
10654 4 2 3 4 5 8 35
2 4
2 5
3 6
4 6
3 7
3 8
4 8
5 8
0 9
3 9
4 9
1 10
7 10
8 10
9 10
0 11
5 11
6 11
10 11
1 12
2 12
7 12
9 12
11 12
0 13
1 13
5 13
6 13
7 13
0 14
1 14
2 14
6 14
7 14
8 14
10672 4 0 3 6 8 11 34
2 4
2 5
0 6
4 7
6 7
4 8
5 8
6 8
4 9
3 10
5 10
6 10
9 10
0 11
3 11
8 11
9 11
1 12
3 12
5 12
7 12
9 12
1 13
2 13
7 13
10 13
11 13
0 14
1 14
2 14
3 14
7 14
8 14
9 14
10679 4 0 1 6 7 13 35
2 4
2 5
0 6
1 6
3 7
5 7
6 7
4 8
6 8
2 9
3 9
6 9
7 10
8 10
9 10
1 11
5 11
8 11
9 11
3 12
4 12
10 12
11 12
0 13
1 13
2 13
7 13
8 13
12 13
0 14
1 14
3 14
4 14
5 14
10 14
10680 4 0 1 6 9 13 35
2 4
2 5
0 6
1 6
3 7
5 7
6 7
3 8
4 8
6 8
2 9
3 9
6 9
1 10
5 10
9 10
1 11
3 11
4 11
7 12
8 12
10 12
11 12
0 13
1 13
4 13
5 13
9 13
12 13
0 14
2 14
7 14
8 14
10 14
11 14
10684 1 0 1 7 8 11 35
2 4
2 5
3 5
5 6
3 7
4 7
1 8
2 8
6 8
7 8
1 9
3 9
6 9
0 10
3 10
6 10
0 11
1 11
7 11
4 12
5 12
9 12
10 12
11 12
4 13
8 13
9 13
10 13
11 13
0 14
2 14
6 14
7 14
12 14
13 14
10699 4 1 5 7 9 12 37
2 4
1 5
4 7
5 7
6 7
5 9
2 10
3 10
6 10
8 10
9 10
0 11
3 11
4 11
5 11
6 11
8 11
0 12
1 12
2 12
7 12
8 12
9 12
0 13
1 13
3 13
4 13
6 13
8 13
9 13
0 14
1 14
2 14
3 14
7 14
8 14
9 14
10710 1 0 1 5 7 10 36
2 4
1 5
4 6
1 7
3 7
6 7
1 8
3 8
6 8
0 9
2 9
6 9
0 10
5 10
7 10
8 10
2 11
3 11
10 11
4 12
5 12
7 12
9 12
11 12
4 13
5 13
8 13
9 13
11 13
0 14
1 14
2 14
3 14
6 14
12 14
13 14
10729 5 2 3 5 10 11 35
2 4
1 5
0 6
4 9
6 9
7 9
8 9
2 10
3 10
5 10
9 10
2 11
3 11
5 11
6 11
7 11
8 11
1 12
4 12
6 12
7 12
8 12
10 12
0 13
3 13
4 13
5 13
7 13
8 13
0 14
1 14
2 14
3 14
7 14
8 14
10732 2 0 1 5 6 9 36
2 4
1 5
0 6
5 6
3 7
4 7
3 8
0 9
3 9
4 9
5 9
2 10
5 10
7 10
8 10
1 11
4 11
6 11
8 11
0 12
3 12
10 12
11 12
1 13
2 13
6 13
7 13
8 13
12 13
1 14
2 14
6 14
7 14
8 14
9 14
12 14
10739 6 0 1 5 6 7 36
2 4
1 5
0 6
1 6
2 6
5 7
6 7
6 8
3 9
4 9
7 9
8 9
3 10
4 10
7 10
8 10
0 11
1 11
9 11
10 11
0 12
1 12
4 12
7 12
2 13
3 13
5 13
8 13
11 13
12 13
2 14
3 14
5 14
8 14
11 14
12 14
10742 5 0 1 2 13 14 35
2 4
1 5
4 5
4 6
5 7
3 8
7 8
0 9
5 9
6 9
8 9
0 10
4 10
8 10
2 11
3 11
6 11
7 11
10 11
1 12
3 12
7 12
9 12
10 12
0 13
1 13
2 13
6 13
8 13
0 14
1 14
2 14
3 14
6 14
7 14
10745 2 1 2 4 5 9 37
2 4
1 5
4 5
0 6
3 7
4 7
6 7
2 8
3 8
6 8
2 9
5 9
3 10
4 10
6 10
2 11
3 11
5 11
0 12
1 12
7 12
9 12
10 12
11 12
0 13
1 13
8 13
9 13
10 13
11 13
0 14
1 14
7 14
8 14
9 14
10 14
11 14
10751 4 0 1 2 8 14 35
2 4
1 5
3 5
5 6
4 7
1 8
2 8
6 9
7 9
8 9
6 10
7 10
8 10
0 11
3 11
4 11
9 11
10 11
4 12
5 12
9 12
10 12
0 13
3 13
6 13
7 13
8 13
12 13
0 14
1 14
2 14
3 14
6 14
7 14
12 14
10756 6 0 2 6 7 11 35
2 4
1 5
3 5
2 6
3 6
0 7
6 7
0 8
6 9
4 10
5 10
8 10
9 10
1 11
2 11
7 11
8 11
9 11
0 12
1 12
2 12
3 12
10 12
4 13
5 13
7 13
8 13
9 13
12 13
1 14
3 14
4 14
7 14
8 14
9 14
10758 4 0 2 4 7 10 35
2 4
1 5
3 5
1 6
4 7
5 8
2 9
5 9
7 9
0 10
2 10
7 10
8 10
2 11
3 11
6 11
7 11
8 11
1 12
4 12
9 12
10 12
11 12
0 13
3 13
4 13
6 13
8 13
9 13
0 14
3 14
6 14
7 14
8 14
12 14
10760 5 0 2 4 7 8 35
2 4
1 5
3 5
1 6
0 7
2 7
4 8
6 8
7 8
5 9
6 9
7 9
3 10
4 10
7 10
2 11
5 11
10 11
0 12
3 12
4 12
6 12
11 12
0 13
1 13
3 13
8 13
9 13
11 13
1 14
2 14
8 14
9 14
10 14
12 14
10772 4 1 2 4 5 10 36
2 4
1 5
2 5
3 7
4 7
3 8
5 8
3 9
1 10
4 10
6 10
8 10
9 10
0 11
5 11
6 11
7 11
9 11
0 12
1 12
3 12
4 12
6 12
0 13
2 13
6 13
7 13
8 13
9 13
0 14
1 14
2 14
6 14
7 14
8 14
9 14
10774 3 0 1 2 5 13 36
2 4
1 5
2 5
4 6
4 8
3 9
5 9
7 9
8 9
3 10
6 10
7 10
8 10
1 11
4 11
9 11
10 11
0 12
5 12
6 12
7 12
8 12
11 12
0 13
1 13
2 13
3 13
6 13
7 13
0 14
1 14
2 14
3 14
6 14
7 14
8 14
10775 2 0 1 5 7 9 36
2 4
1 5
2 5
3 6
5 7
0 8
3 8
4 8
7 8
0 9
1 9
6 9
7 9
2 10
6 10
7 10
1 11
6 11
8 11
3 12
4 12
9 12
10 12
11 12
3 13
4 13
5 13
10 13
11 13
0 14
1 14
2 14
6 14
7 14
12 14
13 14
10776 5 1 2 5 8 14 35
2 4
1 5
2 5
3 6
3 7
4 7
3 8
5 8
2 9
3 9
1 10
4 10
8 10
9 10
0 11
4 11
6 11
8 11
9 11
0 12
5 12
6 12
7 12
10 12
0 13
1 13
6 13
7 13
9 13
0 14
1 14
2 14
6 14
7 14
8 14
10617 3 0 1 6 8 9 36
2 4
3 5
4 5
4 6
5 7
0 8
1 8
6 8
7 8
0 9
6 9
7 9
2 10
3 10
8 10
1 11
4 11
9 11
10 11
1 12
5 12
9 12
10 12
2 13
3 13
6 13
7 13
11 13
12 13
0 14
2 14
3 14
6 14
7 14
11 14
12 14
10778 4 0 1 5 7 8 35
2 4
1 5
2 5
0 6
4 6
0 7
1 7
4 7
5 8
7 8
7 9
3 10
5 10
6 10
9 10
1 11
4 11
10 11
3 12
6 12
8 12
9 12
11 12
0 13
2 13
3 13
8 13
9 13
11 13
1 14
2 14
3 14
6 14
8 14
9 14
10784 6 0 1 5 10 14 35
2 4
0 5
3 8
4 8
6 8
7 8
2 9
6 9
7 9
1 10
5 10
8 10
9 10
0 11
3 11
4 11
9 11
1 12
3 12
4 12
5 12
6 12
7 12
1 13
2 13
5 13
6 13
7 13
11 13
0 14
2 14
3 14
6 14
7 14
10 14
10786 3 0 1 3 8 12 38
2 4
0 5
0 8
2 8
3 8
2 9
2 10
3 10
5 10
6 10
7 10
1 11
5 11
6 11
7 11
8 11
9 11
0 12
1 12
3 12
4 12
6 12
7 12
9 12
1 13
3 13
4 13
5 13
6 13
7 13
9 13
1 14
4 14
5 14
6 14
7 14
8 14
9 14
9719 5 3 4 5 8 10 37
3 4
3 5
5 6
4 7
4 8
2 9
5 9
7 9
2 10
5 10
7 10
8 10
0 11
1 11
3 11
6 11
8 11
9 11
0 12
1 12
2 12
6 12
7 12
8 12
0 13
1 13
4 13
6 13
9 13
10 13
0 14
1 14
2 14
3 14
6 14
7 14
8 14
10793 2 0 1 2 4 10 35
2 4
0 5
4 6
0 9
0 10
1 10
6 10
7 10
8 10
3 11
4 11
5 11
7 11
8 11
9 11
1 12
5 12
6 12
7 12
8 12
9 12
2 13
3 13
5 13
6 13
7 13
8 13
9 13
1 14
2 14
3 14
6 14
7 14
8 14
9 14
10798 5 0 2 4 9 11 35
2 4
0 5
3 6
3 7
3 8
2 9
5 9
6 9
1 10
3 10
4 10
9 10
0 11
4 11
7 11
8 11
9 11
2 12
5 12
6 12
7 12
8 12
10 12
1 13
4 13
5 13
6 13
7 13
8 13
0 14
1 14
2 14
6 14
7 14
8 14
10801 6 0 1 3 9 13 36
2 4
0 5
3 6
4 6
5 6
0 9
1 9
3 9
4 10
5 10
7 10
8 10
9 10
2 11
6 11
7 11
8 11
9 11
1 12
2 12
3 12
5 12
7 12
8 12
0 13
1 13
3 13
4 13
7 13
8 13
0 14
1 14
2 14
6 14
7 14
8 14
10802 7 0 4 9 11 13 35
2 4
0 5
1 6
5 7
6 7
2 8
3 8
5 8
6 8
0 9
4 9
6 9
1 10
4 10
5 10
8 11
9 11
10 11
2 12
3 12
7 12
9 12
10 12
0 13
1 13
3 13
4 13
7 13
11 13
0 14
1 14
2 14
3 14
7 14
11 14
10803 3 0 1 3 5 11 34
2 4
0 5
1 6
4 7
6 7
7 8
2 9
3 9
5 9
6 9
8 9
1 10
4 10
8 10
1 11
3 11
5 11
8 11
0 12
2 12
3 12
7 12
10 12
3 13
4 13
5 13
6 13
8 13
0 14
2 14
7 14
10 14
11 14
13 14
10788 6 0 4 5 9 11 36
2 4
0 5
3 7
4 7
3 8
4 9
5 9
6 9
8 9
5 10
6 10
7 10
8 10
1 11
3 11
4 11
5 11
6 11
0 12
1 12
2 12
6 12
7 12
8 12
0 13
1 13
2 13
3 13
9 13
10 13
1 14
2 14
5 14
6 14
7 14
8 14
10813 5 0 2 4 5 10 35
2 4
0 5
4 5
0 6
3 6
4 7
3 8
0 9
1 9
7 9
8 9
2 10
3 10
5 10
9 10
1 11
6 11
7 11
8 11
10 11
1 12
4 12
6 12
8 12
2 13
3 13
5 13
7 13
12 13
1 14
2 14
5 14
6 14
7 14
8 14
10817 5 4 6 7 9 10 36
2 4
0 5
3 5
4 6
6 7
3 9
6 9
4 10
5 10
7 10
8 10
9 10
0 11
1 11
2 11
3 11
6 11
8 11
0 12
1 12
3 12
4 12
7 12
8 12
1 13
2 13
5 13
7 13
8 13
9 13
0 14
1 14
2 14
7 14
8 14
9 14
10821 4 0 2 4 5 11 36
2 4
0 5
3 5
4 5
4 6
2 8
3 8
1 9
4 9
7 9
8 9
1 10
6 10
7 10
8 10
2 11
5 11
6 11
7 11
0 12
3 12
9 12
10 12
11 12
0 13
1 13
2 13
3 13
6 13
7 13
1 14
5 14
6 14
7 14
8 14
12 14
10822 6 0 3 4 5 10 36
2 4
0 5
3 5
4 5
3 6
5 9
6 9
7 9
8 9
1 10
3 10
4 10
7 10
8 10
1 11
2 11
3 11
9 11
0 12
4 12
6 12
7 12
8 12
11 12
0 13
1 13
2 13
6 13
7 13
8 13
1 14
2 14
5 14
6 14
7 14
8 14
10826 5 0 2 3 5 9 35
2 4
0 5
2 5
3 5
3 6
4 6
4 7
4 8
2 9
3 9
8 9
0 10
6 10
9 10
1 11
3 11
7 11
8 11
10 11
1 12
5 12
7 12
8 12
10 12
0 13
1 13
6 13
7 13
9 13
0 14
1 14
2 14
6 14
7 14
8 14
10828 2 0 1 2 5 7 37
2 4
0 5
1 5
2 7
5 7
6 7
3 8
6 8
4 9
5 9
8 9
4 10
7 10
8 10
2 11
3 11
6 11
9 11
10 11
1 12
3 12
6 12
9 12
10 12
0 13
4 13
7 13
8 13
11 13
12 13
0 14
1 14
2 14
3 14
6 14
9 14
10 14
10829 4 0 1 5 6 13 36
2 4
0 5
1 5
5 6
4 8
2 9
5 9
7 9
8 9
2 10
6 10
7 10
8 10
1 11
3 11
4 11
9 11
10 11
0 12
3 12
4 12
6 12
7 12
0 13
1 13
3 13
6 13
7 13
8 13
0 14
1 14
2 14
3 14
6 14
7 14
8 14
10777 7 1 2 4 5 7 35
2 4
1 5
2 5
0 6
1 7
3 7
4 7
6 7
5 8
6 8
2 9
6 9
0 10
3 10
5 10
4 11
8 11
9 11
10 11
7 12
8 12
9 12
10 12
0 13
1 13
2 13
3 13
11 13
12 13
0 14
1 14
3 14
4 14
8 14
9 14
10844 6 0 1 8 10 12 37
2 4
3 4
5 8
6 8
7 8
2 9
5 9
6 9
7 9
0 10
1 10
3 10
8 10
9 10
0 11
1 11
4 11
5 11
6 11
7 11
0 12
1 12
2 12
3 12
8 12
4 13
5 13
6 13
7 13
10 13
12 13
1 14
2 14
3 14
5 14
6 14
7 14
10846 4 0 1 9 10 11 37
2 4
3 4
4 8
5 8
6 8
7 8
5 9
6 9
7 9
0 10
1 10
4 10
9 10
0 11
1 11
2 11
8 11
9 11
3 12
5 12
6 12
7 12
10 12
11 12
2 13
3 13
5 13
6 13
7 13
10 13
0 14
1 14
2 14
3 14
5 14
6 14
7 14
10847 5 1 2 3 13 14 36
2 4
3 4
4 8
5 8
6 8
7 8
0 9
4 9
5 10
6 10
7 10
9 10
5 11
6 11
7 11
9 11
0 12
1 12
4 12
5 12
6 12
7 12
1 13
2 13
3 13
5 13
6 13
7 13
9 13
0 14
1 14
2 14
3 14
8 14
10 14
11 14
10851 5 0 2 9 10 11 38
2 4
3 4
0 8
4 8
5 8
6 8
7 8
0 9
2 9
0 10
2 10
3 10
1 11
5 11
6 11
7 11
9 11
10 11
1 12
3 12
5 12
6 12
7 12
9 12
1 13
4 13
5 13
6 13
7 13
9 13
10 13
0 14
1 14
2 14
3 14
5 14
6 14
7 14
10853 4 0 2 4 8 10 38
2 4
3 4
0 8
1 8
2 8
3 9
5 9
6 9
7 9
8 9
4 10
5 10
6 10
7 10
8 10
1 11
3 11
5 11
6 11
7 11
0 12
2 12
9 12
10 12
11 12
1 13
4 13
5 13
6 13
7 13
12 13
0 14
1 14
2 14
3 14
5 14
6 14
7 14
10854 4 0 2 3 4 13 36
2 4
3 4
6 7
5 8
6 8
4 9
5 9
6 9
1 10
4 10
7 10
8 10
0 11
2 11
5 11
6 11
10 11
1 12
3 12
7 12
8 12
9 12
11 12
0 13
1 13
2 13
3 13
5 13
7 13
0 14
1 14
2 14
3 14
7 14
8 14
9 14
10861 6 2 3 4 10 11 37
2 4
3 4
5 7
6 7
5 8
6 8
3 9
5 9
6 9
2 10
3 10
7 10
8 10
0 11
1 11
4 11
5 11
6 11
10 11
0 12
1 12
4 12
7 12
8 12
9 12
0 13
1 13
2 13
7 13
8 13
9 13
0 14
1 14
2 14
3 14
5 14
6 14
10863 5 1 2 3 4 12 37
2 4
3 4
5 7
6 7
5 8
6 8
2 9
7 9
8 9
0 10
4 10
7 10
8 10
0 11
1 11
4 11
5 11
6 11
9 11
0 12
1 12
2 12
3 12
7 12
8 12
1 13
3 13
5 13
6 13
9 13
10 13
1 14
2 14
3 14
5 14
6 14
10 14
10865 5 2 3 4 10 13 37
2 4
3 4
5 7
6 7
5 8
6 8
2 9
5 9
6 9
1 10
4 10
5 10
6 10
0 11
1 11
4 11
7 11
8 11
9 11
0 12
1 12
3 12
7 12
8 12
9 12
0 13
2 13
3 13
7 13
8 13
10 13
0 14
1 14
2 14
3 14
5 14
6 14
10807 4 0 2 5 6 8 38
2 4
0 5
0 6
4 6
1 7
3 7
4 7
2 8
3 8
5 8
6 8
2 9
3 9
6 9
1 10
4 10
5 10
9 10
1 11
4 11
5 11
9 11
0 12
7 12
8 12
10 12
11 12
1 13
3 13
5 13
6 13
12 13
0 14
2 14
7 14
10 14
11 14
13 14
10871 6 2 3 4 9 13 36
2 4
3 4
5 7
6 7
5 8
6 8
0 9
4 9
5 9
6 9
1 10
3 10
5 10
6 10
0 11
2 11
7 11
8 11
10 11
0 12
1 12
4 12
7 12
8 12
1 13
2 13
3 13
7 13
8 13
9 13
0 14
1 14
2 14
3 14
5 14
6 14
10877 6 0 1 3 12 14 36
2 4
3 4
5 7
6 7
3 8
5 8
6 8
2 9
5 9
6 9
1 10
2 10
7 10
8 10
0 11
4 11
5 11
6 11
10 11
0 12
1 12
3 12
7 12
9 12
0 13
1 13
4 13
7 13
8 13
9 13
0 14
1 14
2 14
3 14
5 14
6 14
10878 6 0 1 2 12 14 36
2 4
3 4
5 7
6 7
3 8
5 8
6 8
1 9
5 9
6 9
2 10
3 10
7 10
9 10
0 11
4 11
7 11
8 11
9 11
0 12
1 12
2 12
7 12
8 12
0 13
1 13
4 13
5 13
6 13
10 13
0 14
1 14
2 14
3 14
5 14
6 14
10879 5 0 1 2 12 14 36
2 4
3 4
5 7
6 7
3 8
5 8
6 8
1 9
3 9
7 9
1 10
4 10
7 10
8 10
0 11
4 11
5 11
6 11
9 11
0 12
1 12
2 12
7 12
8 12
0 13
2 13
5 13
6 13
9 13
10 13
0 14
1 14
2 14
3 14
5 14
6 14
10880 5 0 2 4 8 12 37
2 4
3 4
5 7
6 7
2 8
7 8
3 9
5 9
6 9
8 9
3 10
5 10
6 10
8 10
1 11
2 11
7 11
9 11
10 11
0 12
4 12
5 12
6 12
8 12
11 12
0 13
1 13
4 13
7 13
9 13
10 13
0 14
1 14
2 14
3 14
5 14
6 14
10607 7 6 7 8 9 10 35
2 4
3 5
4 5
6 8
7 8
6 9
7 9
2 10
5 10
8 10
9 10
3 11
4 11
8 11
9 11
0 12
1 12
2 12
3 12
8 12
9 12
0 13
1 13
2 13
5 13
6 13
7 13
11 13
0 14
1 14
3 14
4 14
6 14
7 14
10 14
10882 5 0 1 2 10 14 36
2 4
3 4
5 7
6 7
2 8
5 8
6 8
3 9
5 9
6 9
1 10
2 10
7 10
9 10
1 11
3 11
7 11
8 11
0 12
4 12
5 12
6 12
10 12
11 12
0 13
1 13
4 13
7 13
8 13
9 13
0 14
1 14
2 14
3 14
5 14
6 14
10883 4 0 1 7 10 11 36
2 4
3 4
5 7
6 7
2 8
5 8
6 8
1 9
4 9
7 9
0 10
1 10
7 10
8 10
0 11
1 11
3 11
7 11
8 11
0 12
1 12
4 12
5 12
6 12
2 13
3 13
5 13
6 13
9 13
10 13
0 14
2 14
3 14
5 14
6 14
9 14
10887 6 0 1 3 12 14 36
2 4
3 4
5 7
6 7
0 8
5 8
6 8
2 9
5 9
6 9
1 10
4 10
7 10
8 10
9 10
0 11
4 11
5 11
6 11
0 12
1 12
3 12
7 12
9 12
1 13
2 13
3 13
7 13
8 13
11 13
0 14
1 14
2 14
3 14
5 14
6 14
10842 5 0 2 3 13 14 37
2 4
3 4
5 8
6 8
7 8
5 9
6 9
7 9
1 10
4 10
5 10
6 10
7 10
0 11
1 11
4 11
8 11
9 11
2 12
3 12
5 12
6 12
7 12
11 12
0 13
2 13
3 13
8 13
9 13
10 13
0 14
1 14
2 14
3 14
5 14
6 14
7 14
10891 4 2 3 4 7 11 38
2 4
3 4
4 7
4 8
5 8
6 8
2 9
8 9
0 10
5 10
6 10
9 10
1 11
2 11
3 11
7 11
8 11
10 11
0 12
1 12
2 12
5 12
6 12
7 12
0 13
1 13
3 13
5 13
6 13
7 13
9 13
0 14
1 14
3 14
5 14
6 14
7 14
9 14
10893 6 0 1 7 10 12 36
2 4
3 4
4 7
6 7
2 8
7 8
3 9
5 9
6 9
8 9
0 10
1 10
7 10
9 10
2 11
3 11
5 11
6 11
10 11
0 12
1 12
2 12
5 12
7 12
0 13
1 13
3 13
5 13
6 13
8 13
0 14
1 14
4 14
5 14
6 14
8 14
10898 6 0 1 2 12 13 36
2 4
3 4
4 7
5 7
6 7
3 8
5 8
6 8
3 9
7 9
1 10
4 10
8 10
9 10
0 11
1 11
5 11
6 11
9 11
0 12
1 12
2 12
7 12
8 12
0 13
1 13
2 13
5 13
6 13
9 13
0 14
2 14
3 14
5 14
6 14
10 14
10902 3 2 3 4 8 12 37
2 4
3 4
3 7
4 8
2 9
6 9
7 9
8 9
0 10
5 10
6 10
7 10
8 10
0 11
1 11
3 11
5 11
9 11
1 12
2 12
3 12
5 12
6 12
8 12
0 13
1 13
4 13
5 13
6 13
7 13
0 14
1 14
2 14
5 14
6 14
7 14
8 14
10762 5 0 2 4 6 8 35
2 4
1 5
3 5
0 6
4 6
0 7
5 7
0 8
2 8
4 9
8 9
3 10
7 10
8 10
5 11
6 11
9 11
10 11
1 12
2 12
6 12
9 12
10 12
1 13
3 13
4 13
7 13
8 13
11 13
1 14
2 14
3 14
6 14
7 14
9 14
10903 3 0 2 3 4 12 37
2 4
3 4
3 7
4 8
5 8
6 8
7 8
1 9
3 9
5 9
6 9
0 10
1 10
5 10
6 10
7 10
0 11
2 11
5 11
6 11
7 11
0 12
1 12
2 12
3 12
8 12
4 13
9 13
10 13
11 13
12 13
1 14
2 14
5 14
6 14
7 14
13 14
10905 6 0 1 5 12 13 36
2 4
3 4
3 7
6 7
2 8
7 8
4 9
5 9
6 9
8 9
0 10
1 10
7 10
9 10
2 11
3 11
5 11
6 11
10 11
0 12
1 12
2 12
5 12
7 12
0 13
1 13
3 13
5 13
6 13
8 13
0 14
1 14
4 14
5 14
6 14
8 14
10909 3 2 4 8 9 10 38
2 4
3 4
3 7
5 7
6 7
2 8
7 8
1 9
4 9
8 9
0 10
2 10
5 10
6 10
9 10
2 11
7 11
9 11
0 12
1 12
4 12
5 12
6 12
11 12
0 13
1 13
3 13
5 13
6 13
8 13
11 13
0 14
1 14
3 14
5 14
6 14
8 14
11 14
10904 6 0 1 6 12 14 36
2 4
3 4
3 7
1 8
7 8
1 9
4 9
5 9
6 9
7 9
0 10
4 10
5 10
6 10
8 10
2 11
3 11
5 11
8 11
0 12
1 12
6 12
7 12
11 12
0 13
2 13
3 13
5 13
6 13
8 13
0 14
1 14
2 14
5 14
6 14
7 14
10910 2 0 2 3 4 14 36
2 4
3 4
2 7
2 8
3 8
1 9
5 9
6 9
7 9
0 10
3 10
5 10
6 10
7 10
1 11
5 11
6 11
7 11
8 11
1 12
4 12
5 12
6 12
8 12
0 13
4 13
5 13
6 13
7 13
8 13
0 14
2 14
3 14
9 14
11 14
12 14
10897 6 0 2 4 7 11 36
2 4
3 4
4 7
5 7
6 7
3 8
0 9
3 9
5 9
6 9
1 10
3 10
5 10
6 10
0 11
2 11
7 11
8 11
10 11
1 12
2 12
7 12
8 12
9 12
0 13
1 13
4 13
5 13
6 13
8 13
0 14
1 14
2 14
5 14
6 14
8 14
10914 6 0 1 7 8 11 36
2 4
3 4
1 7
2 8
5 8
6 8
7 8
3 9
5 9
6 9
7 9
0 10
1 10
2 10
9 10
0 11
1 11
3 11
8 11
0 12
1 12
4 12
5 12
6 12
4 13
5 13
6 13
7 13
10 13
11 13
0 14
2 14
3 14
5 14
6 14
7 14
10886 6 2 3 4 7 9 37
2 4
3 4
5 7
6 7
1 8
3 8
7 8
2 9
3 9
7 9
1 10
4 10
7 10
0 11
5 11
6 11
8 11
9 11
10 11
0 12
2 12
5 12
6 12
8 12
10 12
0 13
1 13
4 13
5 13
6 13
9 13
0 14
1 14
2 14
3 14
5 14
6 14
10917 5 0 1 3 9 10 38
2 4
3 4
1 7
0 8
1 8
0 9
1 9
3 9
0 10
1 10
2 10
3 10
5 10
6 10
4 11
5 11
6 11
7 11
8 11
9 11
4 12
5 12
6 12
7 12
8 12
9 12
2 13
5 13
6 13
7 13
8 13
9 13
2 14
3 14
5 14
6 14
7 14
8 14
10866 5 1 2 3 12 14 37
2 4
3 4
5 7
6 7
5 8
6 8
1 9
5 9
6 9
0 10
4 10
7 10
8 10
9 10
0 11
1 11
4 11
5 11
6 11
0 12
1 12
2 12
3 12
7 12
8 12
2 13
3 13
7 13
8 13
9 13
11 13
1 14
2 14
3 14
5 14
6 14
10 14
10912 4 1 3 6 8 9 36
2 4
3 4
2 7
1 8
3 8
6 8
7 8
1 9
3 9
5 9
6 9
7 9
1 10
2 10
0 11
4 11
5 11
8 11
10 11
0 12
1 12
2 12
5 12
6 12
0 13
3 13
5 13
6 13
7 13
10 13
0 14
4 14
5 14
6 14
7 14
10 14
10925 6 0 2 4 9 11 37
2 4
3 4
5 6
5 7
4 8
6 8
7 8
0 9
4 9
5 9
0 10
1 10
2 10
6 10
7 10
0 11
2 11
5 11
8 11
1 12
3 12
6 12
7 12
9 12
11 12
1 13
3 13
6 13
7 13
9 13
11 13
0 14
1 14
2 14
3 14
5 14
8 14
10926 5 2 3 4 9 14 37
2 4
3 4
5 6
5 7
2 8
6 8
7 8
2 9
3 9
6 9
7 9
0 10
1 10
4 10
6 10
7 10
4 11
6 11
7 11
0 12
1 12
5 12
8 12
9 12
11 12
0 13
1 13
3 13
5 13
8 13
11 13
0 14
1 14
2 14
3 14
5 14
11 14
10928 3 0 2 3 4 12 37
2 4
3 4
5 6
4 7
6 7
2 8
5 8
7 8
1 9
4 9
6 9
0 10
5 10
7 10
9 10
0 11
2 11
5 11
9 11
0 12
1 12
2 12
3 12
5 12
7 12
1 13
3 13
6 13
8 13
10 13
11 13
1 14
3 14
6 14
8 14
10 14
11 14
10930 4 0 1 2 11 14 36
2 4
3 4
5 6
3 7
6 7
3 8
6 8
0 9
3 9
6 9
1 10
2 10
5 10
8 10
9 10
0 11
1 11
2 11
6 11
0 12
1 12
4 12
5 12
7 12
4 13
5 13
7 13
8 13
9 13
11 13
0 14
1 14
2 14
5 14
7 14
8 14
10932 5 2 3 4 9 14 37
2 4
3 4
5 6
1 7
6 7
2 8
6 8
1 9
4 9
6 9
0 10
1 10
3 10
5 10
8 10
0 11
5 11
7 11
8 11
9 11
0 12
4 12
5 12
7 12
8 12
1 13
2 13
3 13
6 13
11 13
12 13
0 14
2 14
3 14
5 14
7 14
9 14
10935 6 2 3 4 6 14 36
2 4
3 4
4 6
1 7
5 7
6 7
0 8
5 8
6 8
2 9
7 9
8 9
0 10
4 10
5 10
9 10
1 11
3 11
8 11
10 11
0 12
2 12
7 12
11 12
1 13
3 13
5 13
6 13
9 13
12 13
0 14
1 14
2 14
3 14
5 14
6 14
10939 6 0 1 5 12 14 36
2 4
3 4
3 6
4 7
3 8
5 8
7 8
0 9
5 9
6 9
7 9
1 10
2 10
8 10
9 10
1 11
2 11
6 11
8 11
0 12
1 12
4 12
5 12
6 12
0 13
3 13
5 13
7 13
10 13
11 13
0 14
1 14
2 14
5 14
6 14
7 14
10940 6 1 2 5 10 11 35
2 4
3 4
3 6
4 7
5 7
0 8
6 8
7 8
1 9
3 9
5 9
8 9
1 10
2 10
5 10
8 10
1 11
2 11
5 11
6 11
0 12
3 12
7 12
10 12
11 12
0 13
2 13
6 13
7 13
9 13
0 14
1 14
4 14
5 14
6 14
10881 6 2 3 4 8 9 37
2 4
3 4
5 7
6 7
2 8
7 8
3 9
5 9
6 9
8 9
0 10
1 10
2 10
7 10
3 11
5 11
6 11
8 11
10 11
0 12
1 12
4 12
7 12
9 12
11 12
0 13
1 13
4 13
5 13
6 13
8 13
0 14
1 14
2 14
3 14
5 14
6 14
10943 4 0 2 6 11 12 36
2 4
3 4
3 6
3 7
5 7
2 8
7 8
1 9
5 9
6 9
8 9
4 10
7 10
9 10
0 11
2 11
5 11
6 11
10 11
0 12
1 12
2 12
6 12
7 12
0 13
1 13
3 13
5 13
8 13
10 13
0 14
1 14
4 14
5 14
6 14
8 14
10921 4 0 2 3 4 7 35
2 4
3 4
0 7
3 7
1 8
1 9
2 9
4 10
5 10
6 10
7 10
8 10
9 10
4 11
7 11
8 11
9 11
0 12
3 12
5 12
6 12
8 12
9 12
0 13
1 13
2 13
5 13
6 13
11 13
1 14
2 14
3 14
5 14
6 14
11 14
10913 4 2 3 4 7 13 37
2 4
3 4
2 7
3 7
5 8
6 8
7 8
5 9
6 9
7 9
4 10
8 10
9 10
0 11
1 11
4 11
8 11
9 11
0 12
1 12
5 12
6 12
7 12
10 12
2 13
3 13
5 13
6 13
10 13
11 13
0 14
1 14
2 14
3 14
5 14
6 14
10 14
10945 5 0 1 5 11 12 36
2 4
3 4
3 6
1 7
5 7
6 7
2 8
5 8
6 8
2 9
6 9
0 10
4 10
7 10
8 10
9 10
0 11
1 11
3 11
5 11
9 11
0 12
1 12
4 12
5 12
3 13
7 13
8 13
9 13
12 13
0 14
1 14
2 14
5 14
6 14
13 14
10944 3 0 2 3 4 12 36
2 4
3 4
3 6
2 7
0 8
5 8
6 8
7 8
1 9
3 9
5 9
7 9
1 10
4 10
5 10
6 10
7 10
0 11
2 11
5 11
6 11
0 12
1 12
2 12
3 12
4 13
8 13
9 13
11 13
12 13
0 14
1 14
5 14
6 14
7 14
13 14
10946 3 0 1 8 10 13 37
2 4
3 4
3 6
5 6
4 7
5 7
2 8
5 8
1 9
2 9
3 9
5 9
0 10
1 10
4 10
8 10
3 11
5 11
10 11
0 12
6 12
7 12
8 12
9 12
11 12
0 13
1 13
6 13
7 13
8 13
11 13
0 14
1 14
2 14
6 14
7 14
11 14
10924 5 0 1 2 10 13 38
2 4
3 4
5 6
5 7
4 8
6 8
7 8
1 9
4 9
5 9
0 10
1 10
2 10
3 10
6 10
7 10
3 11
6 11
7 11
9 11
3 12
6 12
7 12
9 12
0 13
1 13
2 13
5 13
8 13
11 13
12 13
0 14
1 14
2 14
5 14
8 14
11 14
12 14
10955 5 1 3 6 11 12 36
2 4
3 4
2 6
0 7
5 7
6 7
1 8
4 8
7 8
0 9
3 9
5 9
8 9
0 10
2 10
5 10
8 10
1 11
3 11
6 11
10 11
1 12
3 12
5 12
6 12
2 13
7 13
9 13
11 13
12 13
0 14
1 14
4 14
5 14
6 14
13 14
10958 3 0 1 6 8 10 36
2 4
3 4
1 6
5 7
0 8
3 8
5 8
6 8
2 9
3 9
6 9
7 9
0 10
1 10
7 10
4 11
5 11
9 11
10 11
4 12
5 12
6 12
10 12
1 13
2 13
7 13
8 13
11 13
12 13
0 14
1 14
2 14
3 14
7 14
11 14
12 14
10961 6 0 2 3 4 14 35
2 4
3 4
1 6
0 7
6 7
3 8
1 9
4 9
5 9
7 9
8 9
1 10
3 10
5 10
7 10
1 11
2 11
5 11
7 11
8 11
0 12
4 12
5 12
6 12
8 12
0 13
2 13
6 13
8 13
10 13
0 14
2 14
3 14
5 14
6 14
10963 4 2 3 4 7 13 36
2 4
3 4
1 6
5 6
4 7
5 7
6 8
6 9
1 10
2 10
7 10
0 11
3 11
5 11
8 11
9 11
10 11
0 12
4 12
5 12
8 12
9 12
10 12
1 13
2 13
3 13
7 13
8 13
9 13
0 14
1 14
2 14
3 14
7 14
8 14
9 14
10965 2 2 3 4 8 9 37
2 4
3 4
1 6
2 6
1 7
3 7
1 8
2 8
3 8
0 9
4 9
5 9
8 9
0 10
2 10
5 10
7 10
0 11
3 11
5 11
6 11
4 12
5 12
6 12
7 12
1 13
9 13
10 13
11 13
12 13
0 14
4 14
5 14
6 14
7 14
8 14
13 14
10959 6 0 2 3 4 12 36
2 4
3 4
1 6
3 7
5 7
6 7
4 8
5 8
6 8
4 9
6 9
2 10
7 10
8 10
0 11
1 11
5 11
9 11
10 11
0 12
2 12
3 12
5 12
6 12
0 13
1 13
3 13
5 13
9 13
10 13
0 14
1 14
2 14
7 14
8 14
9 14
10966 4 0 4 6 8 11 35
2 4
3 4
0 6
5 7
5 8
6 8
4 9
5 9
2 10
7 10
8 10
9 10
0 11
4 11
7 11
8 11
1 12
3 12
5 12
6 12
10 12
11 12
1 13
2 13
3 13
6 13
7 13
9 13
0 14
1 14
2 14
3 14
7 14
8 14
9 14
10974 6 0 1 2 13 14 36
2 4
3 4
4 5
5 8
6 8
7 8
5 9
6 9
7 9
3 10
5 10
6 10
7 10
2 11
3 11
8 11
9 11
0 12
1 12
4 12
6 12
7 12
11 12
0 13
1 13
2 13
8 13
9 13
10 13
0 14
1 14
2 14
3 14
5 14
6 14
7 14
10979 5 0 1 2 10 14 37
2 4
3 4
4 5
4 6
5 7
6 7
5 8
6 8
5 9
6 9
0 10
1 10
4 10
3 11
7 11
8 11
9 11
10 11
3 12
7 12
8 12
9 12
10 12
0 13
1 13
2 13
3 13
7 13
8 13
9 13
0 14
1 14
2 14
5 14
6 14
11 14
12 14
10983 5 3 4 5 6 9 36
2 4
3 4
4 5
3 6
5 6
1 7
1 8
5 8
1 9
3 9
5 9
0 10
3 10
5 10
7 10
1 11
2 11
6 11
10 11
0 12
2 12
6 12
7 12
8 12
0 13
4 13
7 13
8 13
9 13
11 13
0 14
2 14
6 14
7 14
8 14
9 14
10988 5 2 3 4 5 13 37
2 4
3 4
4 5
1 6
5 6
1 7
1 8
0 9
4 9
6 9
7 9
8 9
0 10
2 10
5 10
3 11
6 11
7 11
8 11
10 11
3 12
6 12
7 12
8 12
10 12
0 13
2 13
3 13
5 13
7 13
8 13
0 14
1 14
2 14
5 14
11 14
12 14
10994 4 0 1 3 10 13 36
2 4
3 4
3 5
0 10
1 10
3 10
2 11
5 11
6 11
7 11
8 11
9 11
10 11
4 12
5 12
6 12
7 12
8 12
9 12
10 12
0 13
1 13
2 13
3 13
6 13
7 13
8 13
9 13
0 14
1 14
4 14
5 14
6 14
7 14
8 14
9 14
10995 4 0 1 2 4 14 38
2 4
3 4
3 5
0 9
1 9
3 9
2 10
5 10
6 10
7 10
8 10
9 10
4 11
5 11
6 11
7 11
8 11
9 11
4 12
5 12
6 12
7 12
8 12
9 12
0 13
1 13
2 13
3 13
6 13
7 13
8 13
0 14
1 14
4 14
5 14
6 14
7 14
8 14
10997 4 0 1 5 10 11 35
2 4
3 4
3 5
6 7
6 8
4 9
5 9
6 9
0 10
2 10
5 10
6 10
0 11
1 11
5 11
7 11
8 11
1 12
4 12
7 12
8 12
10 12
1 13
2 13
3 13
7 13
8 13
9 13
0 14
1 14
2 14
3 14
7 14
8 14
9 14
10526 5 0 1 2 13 14 37
2 4
4 5
4 6
5 8
6 8
7 8
2 9
8 9
0 10
1 10
3 10
4 10
7 10
9 10
3 11
5 11
6 11
7 11
9 11
3 12
5 12
6 12
7 12
9 12
0 13
1 13
2 13
8 13
11 13
12 13
0 14
1 14
2 14
3 14
5 14
6 14
7 14
10947 4 3 4 6 7 10 37
2 4
3 4
3 6
5 6
3 7
1 8
5 8
2 9
6 9
7 9
8 9
0 10
4 10
6 10
7 10
8 10
4 11
6 11
8 11
0 12
1 12
3 12
5 12
9 12
11 12
0 13
1 13
2 13
5 13
7 13
11 13
0 14
1 14
2 14
5 14
7 14
11 14
11002 5 0 1 6 10 12 36
2 4
3 4
3 5
4 6
2 7
5 7
1 8
3 8
7 8
1 9
4 9
7 9
0 10
1 10
6 10
7 10
2 11
3 11
10 11
0 12
1 12
5 12
6 12
11 12
0 13
5 13
6 13
8 13
9 13
11 13
0 14
2 14
5 14
6 14
8 14
9 14
11003 6 0 2 5 12 14 36
2 4
3 4
3 5
4 6
1 7
6 7
2 8
5 8
7 8
0 9
5 9
7 9
0 10
3 10
6 10
8 10
1 11
4 11
9 11
10 11
0 12
1 12
2 12
5 12
6 12
1 13
3 13
6 13
8 13
9 13
0 14
2 14
5 14
7 14
11 14
13 14
11006 4 0 1 2 9 14 37
2 4
3 4
3 5
3 6
4 7
4 8
0 9
1 9
2 9
3 9
5 10
6 10
7 10
8 10
9 10
5 11
6 11
7 11
8 11
9 11
2 12
5 12
6 12
7 12
8 12
0 13
1 13
5 13
6 13
7 13
8 13
0 14
1 14
4 14
10 14
11 14
12 14
11007 6 0 1 6 12 14 35
2 4
3 4
3 5
3 6
4 7
5 7
1 8
6 8
7 8
2 9
8 9
1 10
3 10
7 10
9 10
0 11
4 11
5 11
6 11
9 11
0 12
1 12
6 12
7 12
9 12
0 13
2 13
5 13
8 13
10 13
0 14
1 14
2 14
5 14
6 14
11008 3 0 2 4 7 10 35
2 4
3 4
3 5
3 6
2 7
4 8
6 8
7 8
5 9
6 9
7 9
0 10
4 10
5 10
7 10
1 11
8 11
9 11
10 11
2 12
5 12
6 12
11 12
0 13
1 13
3 13
8 13
9 13
12 13
0 14
1 14
4 14
5 14
6 14
7 14
11009 5 1 2 4 8 11 35
2 4
3 4
3 5
3 6
2 7
6 7
2 8
5 9
6 9
8 9
5 10
6 10
8 10
1 11
4 11
5 11
6 11
8 11
0 12
4 12
7 12
9 12
10 12
0 13
1 13
3 13
7 13
9 13
10 13
0 14
1 14
4 14
5 14
7 14
8 14
11017 3 0 2 7 8 11 36
2 4
3 4
3 5
1 6
0 8
2 8
7 8
1 9
3 9
7 9
0 10
1 10
4 10
7 10
0 11
2 11
5 11
6 11
7 11
5 12
6 12
8 12
9 12
10 12
4 13
5 13
6 13
8 13
9 13
0 14
1 14
2 14
3 14
7 14
12 14
13 14
11019 5 1 2 5 9 14 35
2 4
3 4
3 5
1 6
0 7
4 8
6 8
7 8
1 9
2 9
5 9
7 9
3 10
7 10
0 11
5 11
6 11
10 11
1 12
2 12
3 12
8 12
11 12
0 13
4 13
6 13
9 13
10 13
12 13
0 14
1 14
2 14
5 14
8 14
10 14
11024 5 0 1 7 8 13 35
2 4
3 4
3 5
0 6
0 7
1 7
4 7
7 8
2 10
5 10
6 10
7 10
9 10
1 11
3 11
6 11
8 11
9 11
4 12
5 12
6 12
8 12
9 12
0 13
1 13
2 13
5 13
8 13
9 13
1 14
2 14
3 14
6 14
8 14
9 14
11025 4 0 1 7 10 13 35
2 4
3 4
3 5
0 6
0 7
1 7
2 7
5 8
7 8
5 9
3 10
6 10
7 10
9 10
2 11
6 11
8 11
9 11
1 12
4 12
6 12
8 12
9 12
0 13
1 13
4 13
5 13
10 13
11 13
1 14
2 14
3 14
6 14
8 14
9 14
11027 5 0 1 7 13 14 35
2 4
3 4
3 5
0 6
3 6
2 7
6 7
6 8
1 9
6 9
2 10
5 10
8 10
9 10
4 11
5 11
8 11
9 11
4 12
5 12
7 12
8 12
9 12
0 13
1 13
3 13
7 13
10 13
11 13
0 14
1 14
4 14
5 14
7 14
8 14
11039 5 0 1 6 13 14 40
2 4
3 4
2 5
0 6
1 6
2 6
3 7
5 7
3 8
5 8
3 9
5 9
4 10
6 10
7 10
8 10
9 10
4 11
6 11
7 11
8 11
9 11
0 12
1 12
3 12
5 12
10 12
11 12
0 13
1 13
4 13
7 13
8 13
9 13
0 14
1 14
2 14
7 14
8 14
9 14
11057 6 0 2 3 4 12 35
2 4
3 4
1 5
3 7
5 7
6 7
4 8
5 8
4 9
6 9
1 10
6 10
8 10
2 11
7 11
9 11
10 11
0 12
2 12
3 12
5 12
9 12
10 12
0 13
1 13
3 13
6 13
8 13
11 13
0 14
1 14
2 14
7 14
8 14
9 14
11059 2 0 1 3 10 14 35
2 4
3 4
1 5
5 6
3 7
6 7
2 8
5 8
7 8
2 9
7 9
0 10
3 10
6 10
9 10
0 11
4 11
8 11
9 11
5 12
7 12
10 12
11 12
1 13
4 13
6 13
8 13
9 13
12 13
0 14
1 14
2 14
3 14
6 14
12 14
11060 4 0 1 7 8 12 34
2 4
3 4
1 5
4 6
0 7
6 7
0 8
1 9
2 9
6 9
1 10
2 10
3 11
5 11
6 11
8 11
10 11
1 12
2 12
3 12
7 12
8 12
3 13
5 13
7 13
8 13
9 13
10 13
4 14
5 14
7 14
8 14
9 14
10 14
11064 5 0 1 5 10 11 34
2 4
3 4
1 5
2 6
3 7
6 7
3 8
5 8
4 9
0 10
3 10
5 10
6 10
9 10
0 11
4 11
5 11
7 11
1 12
6 12
8 12
9 12
11 12
1 13
2 13
7 13
8 13
9 13
0 14
1 14
2 14
7 14
8 14
9 14
11067 5 2 3 4 10 14 36
2 4
3 4
1 5
1 6
3 7
5 7
6 7
2 8
7 8
0 9
5 9
6 9
8 9
1 10
4 10
8 10
1 11
3 11
9 11
0 12
2 12
7 12
10 12
11 12
0 13
4 13
5 13
6 13
8 13
11 13
0 14
2 14
3 14
5 14
6 14
10 14
10998 5 2 3 4 9 14 36
2 4
3 4
3 5
6 7
5 8
7 8
4 9
6 9
0 10
1 10
3 10
6 10
8 10
2 11
5 11
7 11
9 11
10 11
0 12
1 12
2 12
5 12
7 12
9 12
0 13
1 13
4 13
6 13
8 13
11 13
0 14
1 14
2 14
3 14
8 14
9 14
11077 5 0 4 6 8 9 39
2 4
3 4
1 5
0 6
4 6
5 6
1 7
2 7
3 7
0 8
1 8
4 8
0 9
1 9
4 9
6 10
7 10
9 10
6 11
7 11
9 11
2 12
3 12
5 12
8 12
10 12
11 12
2 13
3 13
5 13
8 13
10 13
11 13
0 14
2 14
3 14
5 14
10 14
11 14
11080 5 0 1 5 6 7 35
2 4
3 4
1 5
0 6
2 6
5 6
0 7
1 7
4 7
3 8
5 8
3 9
6 9
7 9
3 10
7 10
2 11
8 11
9 11
10 11
1 12
6 12
8 12
10 12
0 13
4 13
5 13
11 13
12 13
1 14
2 14
8 14
9 14
10 14
13 14
11085 5 1 3 5 9 12 37
2 4
3 4
1 5
3 5
0 9
1 9
3 9
4 10
6 10
7 10
8 10
9 10
0 11
2 11
5 11
6 11
7 11
8 11
2 12
5 12
6 12
7 12
8 12
9 12
0 13
1 13
4 13
6 13
7 13
8 13
0 14
1 14
2 14
3 14
6 14
7 14
8 14
11086 4 1 3 4 5 8 36
2 4
3 4
1 5
3 5
4 8
5 8
0 9
6 9
7 9
8 9
2 10
6 10
7 10
8 10
1 11
3 11
9 11
10 11
0 12
1 12
4 12
6 12
7 12
0 13
2 13
5 13
6 13
7 13
11 13
0 14
1 14
2 14
3 14
6 14
7 14
8 14
10942 6 1 2 7 9 12 36
2 4
3 4
3 6
3 7
0 8
5 8
6 8
1 9
2 9
7 9
8 9
0 10
3 10
5 10
9 10
0 11
2 11
5 11
6 11
1 12
2 12
5 12
6 12
7 12
1 13
4 13
7 13
8 13
10 13
11 13
0 14
1 14
4 14
5 14
6 14
7 14
11089 5 2 3 4 6 7 34
2 4
3 4
1 5
3 5
3 6
2 7
6 7
6 8
4 9
0 10
1 10
7 10
8 10
9 10
0 11
2 11
5 11
8 11
9 11
5 12
7 12
8 12
9 12
0 13
1 13
4 13
6 13
12 13
0 14
1 14
2 14
3 14
8 14
9 14
11094 5 0 5 7 9 10 38
2 4
3 4
1 5
3 5
0 6
3 6
0 7
4 7
5 7
1 8
2 8
6 8
0 9
2 9
5 9
0 10
2 10
5 10
3 11
7 11
8 11
10 11
3 12
7 12
8 12
10 12
1 13
4 13
6 13
9 13
11 13
12 13
1 14
4 14
6 14
9 14
11 14
12 14
11100 4 0 2 3 4 12 36
2 4
3 4
0 5
3 6
5 6
4 7
5 7
3 8
4 9
6 10
7 10
8 10
9 10
1 11
2 11
5 11
8 11
9 11
0 12
1 12
2 12
3 12
10 12
0 13
1 13
6 13
7 13
8 13
9 13
0 14
1 14
2 14
6 14
7 14
8 14
9 14
11102 5 0 2 3 4 12 35
2 4
3 4
0 5
1 6
1 7
6 8
6 9
4 10
5 10
6 10
7 10
1 11
4 11
5 11
8 11
9 11
0 12
2 12
3 12
7 12
8 12
9 12
2 13
3 13
5 13
7 13
8 13
9 13
0 14
1 14
2 14
3 14
8 14
9 14
10 14
11095 4 0 1 5 10 11 35
2 4
3 4
1 5
2 5
4 7
3 8
3 9
5 9
0 10
5 10
6 10
7 10
8 10
0 11
1 11
3 11
6 11
7 11
2 12
6 12
7 12
8 12
9 12
1 13
4 13
6 13
8 13
9 13
0 14
1 14
2 14
6 14
7 14
8 14
9 14
11108 4 0 2 3 4 12 36
2 4
3 4
0 5
0 6
4 7
5 7
2 8
5 8
1 9
4 9
5 9
6 9
1 10
3 10
6 10
7 10
8 10
2 11
3 11
5 11
0 12
2 12
3 12
9 12
1 13
6 13
7 13
8 13
11 13
12 13
1 14
6 14
7 14
8 14
11 14
12 14
11112 3 1 2 3 4 10 37
2 4
3 4
0 5
0 6
3 6
3 7
4 8
0 9
1 9
7 9
8 9
1 10
2 10
3 10
5 10
4 11
9 11
10 11
2 12
5 12
6 12
7 12
8 12
11 12
1 13
5 13
6 13
7 13
8 13
11 13
1 14
2 14
5 14
6 14
7 14
8 14
11 14
11001 6 2 3 4 9 14 35
2 4
3 4
3 5
5 6
0 7
5 7
6 8
4 9
6 9
1 10
7 10
8 10
9 10
1 11
4 11
7 11
8 11
0 12
2 12
3 12
6 12
10 12
11 12
0 13
1 13
2 13
5 13
8 13
9 13
1 14
2 14
3 14
7 14
8 14
9 14
11076 5 0 3 4 6 10 34
2 4
3 4
1 5
0 6
4 6
1 7
3 7
4 8
5 8
2 9
5 9
0 10
3 10
8 10
9 10
1 11
2 11
10 11
6 12
7 12
8 12
9 12
11 12
6 13
7 13
8 13
9 13
11 13
0 14
2 14
3 14
5 14
12 14
13 14
11117 5 0 2 3 4 12 36
2 4
3 4
0 5
4 5
0 6
3 6
5 8
5 9
1 10
3 10
7 10
8 10
9 10
1 11
2 11
5 11
6 11
7 11
0 12
2 12
3 12
7 12
8 12
9 12
1 13
4 13
6 13
7 13
8 13
9 13
1 14
2 14
6 14
7 14
8 14
9 14
10920 5 0 1 7 10 11 36
2 4
3 4
0 7
1 8
0 9
4 9
5 9
6 9
8 9
1 10
4 10
5 10
6 10
7 10
0 11
1 11
2 11
3 11
4 12
5 12
6 12
7 12
8 12
11 12
2 13
3 13
5 13
6 13
7 13
8 13
2 14
3 14
5 14
6 14
7 14
8 14
11127 6 0 1 5 6 14 35
2 4
3 4
0 5
1 5
3 6
5 6
3 7
4 8
5 9
7 9
8 9
1 10
4 10
6 10
9 10
0 11
7 11
8 11
10 11
1 12
2 12
3 12
9 12
11 12
0 13
2 13
6 13
7 13
8 13
0 14
1 14
2 14
6 14
7 14
8 14
11120 5 2 3 4 5 14 36
2 4
3 4
0 5
4 5
0 6
1 6
3 6
1 9
5 9
7 9
8 9
3 10
9 10
2 11
6 11
7 11
8 11
10 11
0 12
1 12
4 12
7 12
8 12
10 12
2 13
5 13
6 13
7 13
8 13
10 13
1 14
2 14
3 14
5 14
7 14
8 14
11132 4 0 1 2 4 9 38
1 4
5 8
6 8
7 8
0 9
2 9
4 9
8 9
3 10
5 10
6 10
7 10
9 10
0 11
1 11
8 11
10 11
2 12
3 12
4 12
5 12
6 12
7 12
11 12
2 13
3 13
4 13
5 13
6 13
7 13
11 13
0 14
1 14
2 14
3 14
5 14
6 14
7 14
11141 4 2 4 5 8 9 36
1 4
2 8
3 8
4 8
5 8
2 9
4 9
5 9
3 10
4 10
5 10
6 10
7 10
0 11
3 11
6 11
7 11
9 11
1 12
2 12
5 12
6 12
7 12
0 13
1 13
6 13
7 13
8 13
9 13
0 14
1 14
2 14
3 14
5 14
6 14
7 14
11144 5 1 2 3 9 11 36
1 4
0 8
0 9
1 9
2 9
3 9
4 10
5 10
6 10
7 10
9 10
1 11
2 11
3 11
8 11
10 11
0 12
4 12
5 12
6 12
7 12
11 12
1 13
2 13
3 13
5 13
6 13
7 13
8 13
2 14
3 14
4 14
5 14
6 14
7 14
8 14
11145 4 0 2 4 8 9 37
1 4
0 8
2 8
4 8
7 8
2 9
4 9
5 9
6 9
7 9
0 10
2 10
3 11
4 11
5 11
6 11
7 11
10 11
1 12
3 12
5 12
6 12
7 12
10 12
1 13
3 13
5 13
6 13
8 13
10 13
0 14
1 14
2 14
3 14
5 14
6 14
7 14
11146 3 0 1 7 8 9 36
1 4
0 8
1 8
5 8
7 8
1 9
2 9
3 9
6 9
7 9
4 10
5 10
6 10
7 10
4 11
5 11
6 11
7 11
2 12
3 12
8 12
10 12
11 12
0 13
2 13
3 13
4 13
5 13
6 13
0 14
2 14
3 14
4 14
5 14
6 14
7 14
11160 5 0 1 4 8 14 36
1 4
5 7
6 7
3 8
4 8
5 8
6 8
2 9
3 9
7 9
2 10
3 10
7 10
4 11
5 11
6 11
9 11
10 11
0 12
2 12
3 12
4 12
5 12
6 12
0 13
1 13
5 13
6 13
9 13
10 13
0 14
1 14
2 14
7 14
8 14
11 14
11162 7 1 4 8 10 13 36
1 4
5 7
6 7
0 8
1 8
5 8
2 9
3 9
7 9
4 10
6 10
8 10
9 10
0 11
2 11
3 11
4 11
5 11
6 11
0 12
1 12
5 12
6 12
9 12
2 13
3 13
4 13
7 13
8 13
12 13
0 14
1 14
2 14
3 14
7 14
10 14
11168 6 0 4 5 11 13 35
1 4
4 7
5 7
6 7
1 8
2 8
3 8
6 8
0 9
1 9
5 9
6 9
6 10
0 11
4 11
5 11
8 11
10 11
2 12
3 12
7 12
9 12
10 12
0 13
2 13
3 13
4 13
5 13
10 13
0 14
1 14
2 14
3 14
7 14
10 14
11176 5 0 1 4 7 13 35
1 4
2 7
4 7
2 8
3 8
4 8
6 8
3 9
4 9
5 9
6 9
1 10
2 10
9 10
0 11
5 11
7 11
8 11
10 11
3 12
5 12
6 12
7 12
10 12
0 13
1 13
5 13
6 13
7 13
0 14
1 14
2 14
3 14
5 14
6 14
11174 6 3 4 5 7 12 36
1 4
3 7
4 7
5 7
6 7
6 8
5 9
6 9
2 10
4 10
8 10
9 10
0 11
1 11
3 11
5 11
6 11
10 11
0 12
2 12
3 12
4 12
5 12
8 12
0 13
1 13
2 13
3 13
8 13
9 13
0 14
1 14
2 14
7 14
8 14
9 14
11178 2 0 5 6 8 9 38
1 4
2 7
3 7
4 7
0 8
5 8
6 8
0 9
5 9
6 9
1 10
2 10
3 10
5 10
6 10
1 11
5 11
6 11
7 11
2 12
3 12
4 12
8 12
9 12
11 12
2 13
3 13
4 13
8 13
9 13
11 13
0 14
1 14
5 14
6 14
7 14
12 14
13 14
11181 6 0 1 4 9 10 35
1 4
0 7
4 7
5 7
4 8
5 8
2 9
4 9
5 9
6 9
0 10
1 10
8 10
9 10
1 11
3 11
6 11
7 11
8 11
2 12
3 12
6 12
7 12
8 12
2 13
3 13
5 13
6 13
10 13
0 14
1 14
2 14
3 14
5 14
6 14
11204 4 0 1 4 11 12 35
1 4
5 6
2 7
4 7
5 7
2 8
4 8
5 8
0 9
5 9
1 10
2 10
3 10
6 10
9 10
0 11
2 11
3 11
4 11
6 11
0 12
1 12
5 12
3 13
6 13
7 13
8 13
9 13
12 13
3 14
6 14
7 14
8 14
9 14
12 14
11237 6 0 2 3 7 13 36
1 4
3 6
4 6
5 6
0 7
1 7
2 7
3 7
5 8
5 9
4 10
7 10
8 10
9 10
2 11
6 11
8 11
9 11
0 12
1 12
3 12
5 12
10 12
11 12
0 13
2 13
3 13
4 13
8 13
9 13
0 14
1 14
2 14
6 14
8 14
9 14
11246 4 0 1 3 12 14 35
1 4
2 6
3 7
6 8
7 8
5 9
6 9
7 9
2 10
4 10
5 10
8 10
4 11
5 11
6 11
7 11
0 12
1 12
3 12
9 12
10 12
11 12
0 13
2 13
3 13
4 13
5 13
8 13
0 14
1 14
2 14
3 14
8 14
9 14
11 14
11251 5 0 1 4 7 10 35
1 4
2 6
0 7
1 7
3 7
6 7
5 8
6 8
5 9
6 9
4 10
5 10
7 10
1 11
8 11
9 11
10 11
0 12
2 12
3 12
4 12
5 12
11 12
0 13
2 13
3 13
4 13
8 13
9 13
1 14
2 14
3 14
8 14
9 14
10 14
11260 3 1 2 5 6 14 37
1 4
1 6
2 6
5 6
4 10
5 10
7 10
8 10
9 10
3 11
6 11
7 11
8 11
9 11
0 12
3 12
4 12
6 12
7 12
8 12
9 12
0 13
2 13
3 13
4 13
5 13
7 13
8 13
9 13
0 14
1 14
2 14
3 14
5 14
7 14
8 14
9 14
11266 6 1 5 9 10 12 35
1 4
0 6
4 7
5 7
6 7
2 8
3 8
4 8
6 8
6 9
1 10
2 10
5 10
9 10
0 11
3 11
7 11
10 11
1 12
5 12
8 12
9 12
11 12
0 13
2 13
3 13
4 13
5 13
9 13
0 14
1 14
2 14
3 14
7 14
9 14
11119 3 0 2 3 4 10 37
2 4
3 4
0 5
4 5
0 6
1 6
5 7
2 8
6 8
7 8
1 9
2 9
5 9
0 10
2 10
3 10
7 10
3 11
6 11
7 11
9 11
3 12
6 12
7 12
9 12
1 13
5 13
8 13
10 13
11 13
12 13
1 14
4 14
8 14
10 14
11 14
12 14
11284 2 0 1 4 8 9 38
1 4
4 5
0 8
3 8
4 8
7 8
1 9
2 9
6 9
8 9
4 10
9 10
0 11
3 11
5 11
6 11
7 11
10 11
1 12
2 12
5 12
6 12
7 12
10 12
2 13
3 13
5 13
6 13
7 13
10 13
0 14
1 14
2 14
3 14
5 14
6 14
7 14
10 14
11286 4 0 1 4 8 9 37
1 4
4 5
0 8
2 8
4 8
1 9
5 9
6 9
7 9
8 9
0 10
1 10
2 11
3 11
4 11
6 11
7 11
10 11
3 12
5 12
6 12
7 12
8 12
10 12
2 13
3 13
5 13
6 13
7 13
10 13
0 14
1 14
2 14
3 14
5 14
6 14
7 14
11301 1 0 1 3 9 11 36
1 4
4 5
4 6
4 8
0 9
1 9
3 9
8 9
0 10
2 10
6 10
7 10
8 10
1 11
3 11
5 11
7 11
8 11
2 12
5 12
6 12
7 12
9 12
2 13
3 13
5 13
6 13
7 13
8 13
0 14
1 14
2 14
3 14
5 14
6 14
7 14
11303 4 0 1 4 6 9 37
1 4
4 5
4 6
2 8
5 8
7 8
0 9
1 9
6 9
8 9
1 10
8 10
2 11
3 11
4 11
7 11
9 11
10 11
0 12
3 12
5 12
6 12
7 12
10 12
2 13
3 13
5 13
6 13
7 13
10 13
0 14
1 14
2 14
3 14
5 14
6 14
7 14
11304 5 0 1 3 10 11 36
1 4
4 5
4 6
2 8
3 8
4 8
7 8
5 9
6 9
8 9
1 10
3 10
9 10
0 11
1 11
3 11
7 11
9 11
2 12
5 12
6 12
7 12
10 12
0 13
2 13
5 13
6 13
7 13
10 13
0 14
1 14
2 14
3 14
5 14
6 14
7 14
11305 4 0 1 2 10 14 37
1 4
4 5
4 6
2 8
3 8
4 8
7 8
0 9
8 9
0 10
1 10
2 10
3 11
5 11
6 11
7 11
9 11
10 11
3 12
5 12
6 12
7 12
9 12
10 12
1 13
2 13
5 13
6 13
7 13
9 13
0 14
1 14
2 14
3 14
5 14
6 14
7 14
11114 3 0 1 4 6 9 37
2 4
3 4
0 5
0 6
1 6
4 6
6 7
2 8
5 8
7 8
1 9
4 9
5 9
0 10
8 10
9 10
6 11
8 11
9 11
1 12
3 12
5 12
7 12
10 12
11 12
2 13
3 13
5 13
7 13
10 13
11 13
1 14
2 14
3 14
7 14
10 14
11 14
11322 6 0 1 4 7 11 35
1 4
4 5
1 6
0 7
1 7
5 8
6 8
2 9
3 9
5 9
7 9
6 10
9 10
4 11
7 11
8 11
10 11
0 12
2 12
3 12
5 12
6 12
11 12
0 13
2 13
3 13
4 13
8 13
10 13
0 14
1 14
2 14
3 14
8 14
10 14
11309 5 0 7 10 11 12 35
1 4
4 5
4 6
0 7
2 8
3 8
4 8
1 9
6 9
7 9
8 9
0 10
1 10
8 10
2 11
5 11
6 11
7 11
10 11
3 12
5 12
6 12
7 12
10 12
0 13
2 13
3 13
5 13
9 13
1 14
2 14
3 14
5 14
6 14
7 14
11325 4 0 1 4 6 11 35
1 4
4 5
0 6
4 6
2 8
4 8
3 9
6 9
7 9
8 9
0 10
3 10
5 10
7 10
8 10
1 11
6 11
7 11
8 11
1 12
2 12
3 12
5 12
7 12
0 13
2 13
5 13
9 13
11 13
1 14
2 14
3 14
5 14
6 14
7 14
11329 5 0 2 3 12 13 36
1 4
3 5
5 8
6 8
7 8
5 9
6 9
7 9
1 10
3 10
8 10
9 10
2 11
4 11
5 11
6 11
7 11
10 11
0 12
2 12
3 12
4 12
6 12
7 12
0 13
2 13
3 13
4 13
8 13
9 13
0 14
1 14
2 14
5 14
6 14
7 14
11332 6 2 3 7 8 9 35
1 4
3 5
2 8
3 8
7 8
2 9
3 9
4 9
6 9
7 9
4 10
5 10
6 10
8 10
1 11
5 11
6 11
8 11
0 12
4 12
5 12
6 12
7 12
0 13
2 13
3 13
7 13
10 13
11 13
0 14
1 14
2 14
5 14
6 14
7 14
11349 4 0 1 4 10 13 36
1 4
3 5
3 6
3 7
3 8
4 9
6 9
7 9
8 9
1 10
7 10
8 10
0 11
2 11
5 11
9 11
10 11
2 12
4 12
5 12
6 12
7 12
8 12
0 13
2 13
4 13
5 13
6 13
10 13
0 14
1 14
2 14
5 14
6 14
7 14
8 14
11046 5 0 1 3 11 13 36
2 4
3 4
2 5
3 5
3 6
4 7
4 8
5 9
6 9
7 9
8 9
5 10
6 10
7 10
8 10
0 11
1 11
4 11
5 11
2 12
6 12
7 12
8 12
11 12
0 13
1 13
3 13
9 13
10 13
12 13
0 14
1 14
2 14
6 14
7 14
8 14
11353 4 0 1 7 10 12 35
1 4
3 5
2 6
5 7
5 8
6 8
4 9
5 9
6 9
0 10
1 10
7 10
9 10
2 11
3 11
4 11
8 11
10 11
0 12
1 12
3 12
6 12
7 12
0 13
2 13
4 13
7 13
8 13
0 14
1 14
2 14
3 14
7 14
8 14
9 14
11368 2 3 4 5 8 9 36
1 4
3 5
4 5
3 6
3 8
4 8
0 9
5 9
7 9
8 9
2 10
6 10
7 10
8 10
1 11
3 11
9 11
10 11
1 12
2 12
5 12
6 12
7 12
0 13
2 13
4 13
6 13
7 13
11 13
0 14
1 14
2 14
5 14
6 14
7 14
8 14
11369 4 1 4 5 8 9 37
1 4
3 5
4 5
3 6
2 8
3 8
4 8
7 8
1 9
5 9
8 9
2 10
6 10
7 10
9 10
3 11
4 11
10 11
0 12
1 12
5 12
6 12
7 12
11 12
0 13
2 13
6 13
7 13
9 13
11 13
0 14
1 14
2 14
5 14
6 14
7 14
11 14
11370 4 1 4 5 10 11 36
1 4
3 5
4 5
3 6
3 7
3 8
0 9
2 9
5 9
6 9
4 10
7 10
8 10
9 10
1 11
2 11
5 11
10 11
1 12
2 12
6 12
7 12
8 12
0 13
4 13
6 13
7 13
8 13
11 13
0 14
1 14
2 14
5 14
6 14
7 14
8 14
11374 3 0 1 4 5 13 34
1 4
3 5
4 5
1 6
4 7
4 8
0 9
1 9
2 10
3 10
7 10
8 10
9 10
2 11
5 11
6 11
8 11
9 11
3 12
6 12
7 12
8 12
9 12
0 13
2 13
5 13
6 13
7 13
0 14
2 14
3 14
6 14
7 14
8 14
11147 3 0 1 2 8 10 39
1 4
0 8
1 8
2 8
0 9
0 10
2 10
4 10
5 10
6 10
7 10
1 11
2 11
3 11
5 11
6 11
7 11
9 11
2 12
3 12
4 12
5 12
6 12
7 12
9 12
3 13
4 13
5 13
6 13
7 13
8 13
9 13
3 14
4 14
5 14
6 14
7 14
8 14
9 14
11378 1 0 1 4 6 8 37
1 4
3 5
4 5
0 6
1 6
5 7
6 7
4 8
6 8
5 9
2 10
3 10
7 10
9 10
4 11
6 11
10 11
1 12
2 12
7 12
8 12
9 12
11 12
0 13
2 13
3 13
7 13
8 13
9 13
11 13
0 14
1 14
2 14
3 14
8 14
9 14
11 14
11379 4 0 1 4 5 9 36
1 4
2 5
1 8
0 9
4 9
5 9
2 10
6 10
7 10
8 10
9 10
3 11
4 11
5 11
6 11
7 11
8 11
0 12
1 12
3 12
5 12
6 12
7 12
2 13
3 13
6 13
7 13
8 13
9 13
0 14
2 14
3 14
4 14
6 14
7 14
8 14
11395 4 0 1 4 6 7 35
1 4
2 5
0 6
4 6
5 6
0 7
1 7
5 8
7 8
7 9
2 10
4 10
7 10
1 11
3 11
5 11
9 11
10 11
3 12
6 12
8 12
9 12
10 12
0 13
2 13
3 13
4 13
8 13
9 13
1 14
2 14
3 14
6 14
8 14
9 14
11308 7 2 3 7 9 11 35
1 4
4 5
4 6
2 7
3 7
4 7
5 8
6 8
7 8
0 9
6 9
7 9
3 10
5 10
6 10
2 11
3 11
5 11
9 11
0 12
1 12
8 12
10 12
11 12
1 13
2 13
8 13
9 13
10 13
0 14
1 14
2 14
3 14
5 14
6 14
11401 4 0 1 4 8 9 36
1 4
2 5
3 5
0 8
3 8
4 8
1 9
6 9
7 9
8 9
2 10
3 10
6 10
7 10
0 11
4 11
5 11
6 11
7 11
4 12
5 12
9 12
10 12
1 13
2 13
6 13
7 13
8 13
12 13
0 14
1 14
2 14
3 14
6 14
7 14
12 14
11407 5 0 7 8 10 11 35
1 4
2 5
3 5
1 6
0 7
6 7
0 8
4 9
5 9
6 9
2 10
3 10
7 10
8 10
4 11
5 11
7 11
8 11
0 12
1 12
9 12
10 12
11 12
2 13
3 13
4 13
6 13
8 13
12 13
1 14
2 14
3 14
7 14
8 14
9 14
11404 1 0 1 4 8 10 37
1 4
2 5
3 5
3 6
1 7
5 7
6 7
0 8
4 8
4 9
6 9
0 10
4 10
5 10
6 10
1 11
2 11
8 11
9 11
10 11
2 12
3 12
7 12
8 12
9 12
2 13
3 13
7 13
8 13
9 13
0 14
4 14
5 14
6 14
11 14
12 14
13 14
11410 3 0 1 4 8 10 35
1 4
2 5
3 5
0 6
0 7
0 8
2 8
4 8
3 9
6 9
7 9
8 9
1 10
5 10
8 10
1 11
5 11
9 11
1 12
2 12
3 12
6 12
7 12
3 13
4 13
6 13
7 13
10 13
11 13
2 14
4 14
6 14
7 14
10 14
11 14
11416 5 0 1 2 4 8 35
1 4
2 5
3 5
4 5
3 6
4 6
2 7
3 7
4 7
0 8
2 8
4 8
3 9
8 9
0 10
7 10
7 11
8 11
2 12
6 12
9 12
10 12
11 12
1 13
5 13
6 13
9 13
10 13
11 13
1 14
5 14
6 14
9 14
10 14
11 14
11434 6 0 2 6 9 13 34
1 4
1 5
2 6
4 6
4 7
5 7
4 8
0 9
5 9
6 9
8 9
0 10
1 10
3 11
6 11
7 11
8 11
10 11
2 12
3 12
5 12
8 12
10 12
2 13
3 13
7 13
9 13
10 13
0 14
1 14
2 14
3 14
7 14
8 14
11422 4 0 1 4 5 11 36
1 4
1 5
4 7
2 8
3 8
5 8
6 8
3 9
5 9
6 9
7 9
2 10
6 10
7 10
0 11
3 11
4 11
5 11
10 11
0 12
4 12
8 12
9 12
10 12
0 13
1 13
2 13
3 13
6 13
7 13
1 14
2 14
6 14
7 14
11 14
12 14
11443 5 0 1 2 12 14 36
1 4
1 5
0 6
5 6
3 9
4 9
6 9
2 10
5 10
7 10
8 10
9 10
2 11
3 11
4 11
6 11
7 11
8 11
0 12
1 12
2 12
3 12
7 12
8 12
0 13
3 13
4 13
5 13
7 13
8 13
0 14
1 14
2 14
7 14
8 14
9 14
11435 4 1 4 5 11 12 36
1 4
1 5
1 6
3 8
6 8
7 8
3 9
6 9
7 9
0 10
2 10
6 10
7 10
2 11
3 11
4 11
5 11
7 11
4 12
5 12
8 12
9 12
10 12
0 13
2 13
4 13
5 13
8 13
9 13
0 14
2 14
3 14
4 14
5 14
6 14
7 14
11445 2 0 1 4 5 11 36
1 4
1 5
0 6
3 6
5 6
0 7
4 7
2 8
5 8
2 9
6 9
2 10
4 10
6 10
0 11
2 11
4 11
5 11
3 12
7 12
8 12
9 12
10 12
11 12
1 13
3 13
7 13
8 13
9 13
11 13
1 14
3 14
7 14
8 14
9 14
10 14
11459 6 0 3 6 10 13 35
1 4
1 5
2 5
5 6
3 7
3 8
2 9
7 9
8 9
0 10
3 10
4 10
6 10
9 10
2 11
4 11
6 11
7 11
8 11
0 12
4 12
5 12
7 12
8 12
0 13
1 13
3 13
6 13
9 13
0 14
1 14
2 14
6 14
7 14
8 14
11350 4 0 1 2 12 14 35
1 4
3 5
3 6
4 6
4 7
3 8
7 8
3 9
7 9
2 10
4 10
5 10
8 10
9 10
1 11
6 11
8 11
9 11
0 12
2 12
5 12
7 12
11 12
0 13
2 13
5 13
6 13
8 13
9 13
0 14
1 14
2 14
5 14
6 14
7 14
11464 3 0 1 2 4 9 36
1 4
1 5
2 5
1 6
3 6
0 7
5 7
2 8
6 8
7 8
0 9
2 9
4 9
2 10
3 10
4 10
6 11
7 11
9 11
10 11
6 12
7 12
9 12
10 12
3 13
4 13
5 13
8 13
11 13
12 13
3 14
4 14
5 14
8 14
11 14
12 14
11469 3 1 2 3 5 13 37
1 4
1 5
2 5
3 5
5 6
4 9
5 9
7 9
8 9
0 10
9 10
2 11
4 11
6 11
7 11
8 11
10 11
3 12
4 12
6 12
7 12
8 12
10 12
1 13
2 13
3 13
6 13
7 13
8 13
10 13
0 14
2 14
3 14
4 14
6 14
7 14
8 14
11477 4 0 3 4 8 9 37
1 4
0 5
0 8
3 8
4 8
3 9
4 9
1 10
3 10
5 10
6 10
7 10
2 11
3 11
4 11
5 11
6 11
7 11
0 12
1 12
2 12
6 12
7 12
9 12
2 13
5 13
6 13
7 13
8 13
9 13
1 14
2 14
5 14
6 14
7 14
8 14
9 14
11470 4 1 3 4 5 7 36
1 4
1 5
2 5
3 5
3 6
3 7
4 7
3 8
5 9
2 10
4 10
8 10
9 10
0 11
4 11
6 11
8 11
9 11
0 12
1 12
6 12
7 12
10 12
0 13
2 13
6 13
7 13
8 13
9 13
0 14
1 14
2 14
6 14
7 14
8 14
9 14
11376 6 3 4 5 8 13 35
1 4
3 5
4 5
0 6
3 7
5 8
6 8
7 8
6 9
7 9
3 10
4 10
1 11
2 11
6 11
7 11
10 11
0 12
1 12
2 12
5 12
9 12
10 12
0 13
2 13
3 13
4 13
8 13
9 13
0 14
1 14
2 14
8 14
9 14
10 14
11485 5 2 3 4 9 12 36
1 4
0 5
5 6
4 8
2 9
3 9
4 9
6 9
2 10
3 10
5 10
7 10
8 10
1 11
5 11
7 11
8 11
9 11
0 12
2 12
3 12
4 12
6 12
7 12
0 13
1 13
2 13
6 13
7 13
8 13
0 14
1 14
3 14
6 14
7 14
8 14
11483 5 0 1 3 5 12 34
1 4
0 5
0 7
2 8
3 8
6 8
7 8
2 9
7 9
4 10
5 10
8 10
9 10
1 11
2 11
6 11
7 11
10 11
1 12
3 12
5 12
6 12
9 12
0 13
3 13
4 13
6 13
9 13
2 14
3 14
4 14
5 14
6 14
7 14
11490 4 0 1 4 5 11 35
1 4
0 5
5 6
4 7
6 7
6 8
3 9
7 9
8 9
1 10
6 10
9 10
0 11
2 11
4 11
6 11
9 11
2 12
3 12
4 12
5 12
8 12
10 12
0 13
2 13
3 13
7 13
8 13
10 13
1 14
2 14
3 14
5 14
7 14
8 14
11487 3 0 5 6 7 12 37
1 4
0 5
5 6
5 7
0 9
2 10
3 10
4 10
5 10
8 10
9 10
3 11
4 11
6 11
7 11
8 11
9 11
0 12
2 12
4 12
6 12
7 12
8 12
1 13
2 13
3 13
6 13
7 13
8 13
9 13
1 14
2 14
3 14
6 14
7 14
8 14
9 14
11493 5 0 2 3 11 13 36
1 4
0 5
4 6
4 7
2 8
4 8
5 8
6 9
7 9
8 9
1 10
5 10
9 10
1 11
2 11
3 11
5 11
9 11
0 12
3 12
6 12
7 12
8 12
10 12
0 13
2 13
3 13
6 13
7 13
10 13
1 14
2 14
3 14
5 14
6 14
7 14
11481 4 0 1 4 5 7 35
1 4
0 5
2 7
4 7
5 7
4 8
2 9
3 9
6 9
8 9
3 10
6 10
7 10
8 10
0 11
6 11
7 11
8 11
1 12
5 12
9 12
10 12
11 12
1 13
2 13
3 13
5 13
6 13
8 13
0 14
2 14
3 14
4 14
6 14
12 14
11511 2 0 1 4 5 8 38
1 4
0 5
4 5
1 8
3 9
5 9
6 9
7 9
8 9
1 10
9 10
0 11
2 11
6 11
7 11
8 11
10 11
2 12
3 12
4 12
6 12
7 12
8 12
10 12
2 13
3 13
5 13
6 13
7 13
8 13
10 13
0 14
2 14
3 14
4 14
6 14
7 14
10 14
11510 3 0 1 4 5 12 37
1 4
0 5
4 5
4 8
2 9
6 9
7 9
8 9
3 10
5 10
6 10
7 10
8 10
2 11
3 11
4 11
6 11
7 11
0 12
1 12
9 12
10 12
11 12
2 13
3 13
5 13
6 13
7 13
8 13
12 13
0 14
1 14
2 14
3 14
6 14
7 14
8 14
11519 4 0 5 6 12 13 35
1 4
0 5
3 5
5 6
2 7
3 7
2 8
4 8
5 8
2 9
3 9
4 9
3 10
8 10
1 11
6 11
7 11
9 11
10 11
0 12
2 12
4 12
6 12
10 12
0 13
1 13
6 13
7 13
10 13
0 14
1 14
6 14
7 14
8 14
9 14
11523 5 0 2 5 9 13 36
1 4
0 5
2 5
4 6
4 7
3 8
5 8
7 8
3 9
5 9
7 9
3 10
5 10
6 10
7 10
1 11
2 11
6 11
8 11
0 12
4 12
9 12
10 12
11 12
0 13
1 13
2 13
6 13
8 13
9 13
1 14
2 14
3 14
6 14
7 14
12 14
11531 6 2 3 6 10 13 35
1 4
0 5
1 5
3 7
4 7
4 8
5 9
6 9
7 9
8 9
2 10
3 10
5 10
6 10
8 10
0 11
6 11
7 11
8 11
1 12
2 12
3 12
9 12
11 12
0 13
2 13
3 13
4 13
6 13
0 14
1 14
2 14
6 14
7 14
8 14
11115 5 0 5 6 9 10 36
2 4
3 4
0 5
0 6
1 6
3 6
5 9
6 9
7 9
8 9
2 10
5 10
6 10
7 10
8 10
2 11
3 11
9 11
0 12
1 12
4 12
7 12
8 12
11 12
1 13
4 13
5 13
7 13
8 13
11 13
1 14
2 14
3 14
5 14
7 14
8 14
11554 3 0 1 2 8 9 36
1 4
3 4
3 5
0 8
2 8
3 8
7 8
1 9
2 9
6 9
7 9
1 10
5 10
6 10
7 10
4 11
5 11
6 11
8 11
3 12
9 12
10 12
11 12
2 13
4 13
5 13
6 13
7 13
12 13
0 14
2 14
4 14
5 14
6 14
7 14
12 14
11566 3 1 2 5 6 10 36
1 4
3 4
2 5
3 6
5 6
4 9
6 9
1 10
2 10
6 10
7 10
8 10
0 11
4 11
5 11
7 11
8 11
0 12
1 12
2 12
7 12
8 12
9 12
0 13
3 13
5 13
7 13
8 13
9 13
0 14
1 14
2 14
3 14
7 14
8 14
9 14
11495 3 0 1 4 5 7 35
1 4
0 5
3 6
5 6
4 7
5 7
2 8
7 8
2 9
4 9
6 9
1 10
6 10
7 10
3 11
4 11
5 11
8 11
10 11
2 12
6 12
7 12
11 12
0 13
3 13
8 13
9 13
10 13
12 13
0 14
1 14
3 14
8 14
9 14
12 14
11575 4 1 2 7 11 12 36
1 4
3 4
2 5
3 5
0 6
3 6
0 9
0 10
4 10
5 10
7 10
8 10
1 11
2 11
3 11
7 11
8 11
9 11
1 12
2 12
6 12
7 12
8 12
9 12
4 13
5 13
6 13
7 13
8 13
9 13
4 14
5 14
6 14
7 14
8 14
9 14
11569 3 0 3 4 5 10 38
1 4
3 4
2 5
4 5
5 6
0 10
3 10
5 10
7 10
8 10
9 10
0 11
4 11
6 11
7 11
8 11
9 11
1 12
2 12
6 12
7 12
8 12
9 12
1 13
2 13
3 13
6 13
7 13
8 13
9 13
0 14
1 14
2 14
3 14
6 14
7 14
8 14
9 14
11577 4 0 2 5 6 11 36
1 4
3 4
2 5
3 5
0 6
2 6
6 9
1 10
2 10
7 10
8 10
9 10
4 11
5 11
6 11
7 11
8 11
0 12
1 12
3 12
7 12
8 12
9 12
0 13
4 13
5 13
7 13
8 13
9 13
0 14
1 14
2 14
3 14
7 14
8 14
9 14
11393 5 1 3 4 6 7 34
1 4
2 5
1 6
3 6
5 6
2 7
3 7
4 7
6 8
5 9
7 9
2 10
3 10
0 11
1 11
8 11
9 11
10 11
0 12
4 12
8 12
9 12
10 12
0 13
4 13
5 13
8 13
10 13
0 14
1 14
2 14
3 14
8 14
9 14
11462 4 0 2 6 11 14 35
1 4
1 5
2 5
4 6
3 7
5 7
3 8
5 8
6 8
3 9
6 9
1 10
7 10
9 10
0 11
2 11
6 11
10 11
4 12
7 12
8 12
9 12
11 12
0 13
2 13
4 13
7 13
8 13
9 13
0 14
2 14
3 14
6 14
10 14
12 14
11588 3 0 1 3 4 5 37
1 4
3 4
1 5
2 5
3 5
5 6
3 10
6 10
7 10
8 10
9 10
0 11
4 11
5 11
7 11
8 11
9 11
2 12
4 12
6 12
7 12
8 12
9 12
1 13
2 13
3 13
6 13
7 13
8 13
9 13
0 14
2 14
4 14
6 14
7 14
8 14
9 14
11590 3 0 1 3 4 11 35
1 4
3 4
0 5
3 6
5 7
2 8
3 8
7 8
2 9
6 9
7 9
1 10
5 10
8 10
9 10
0 11
4 11
6 11
8 11
3 12
5 12
9 12
11 12
2 13
4 13
6 13
7 13
10 13
12 13
0 14
1 14
2 14
6 14
7 14
12 14
11586 1 1 2 4 5 12 37
1 4
3 4
1 5
2 5
2 7
6 7
1 8
6 8
0 9
6 9
3 10
7 10
8 10
9 10
3 11
5 11
7 11
8 11
9 11
0 12
2 12
4 12
6 12
10 12
3 13
5 13
7 13
8 13
9 13
12 13
0 14
2 14
4 14
6 14
10 14
11 14
13 14
11600 4 0 1 3 4 11 37
1 4
3 4
0 5
1 5
2 5
3 6
5 6
6 7
6 8
2 9
7 9
8 9
0 10
6 10
9 10
0 11
1 11
3 11
9 11
4 12
5 12
7 12
8 12
10 12
11 12
2 13
4 13
7 13
8 13
10 13
11 13
1 14
2 14
3 14
7 14
8 14
10 14
11595 3 0 1 2 5 6 36
1 4
3 4
0 5
2 5
1 6
2 6
4 7
6 7
5 8
6 8
1 9
5 9
0 10
2 10
4 10
3 11
7 11
8 11
9 11
10 11
3 12
7 12
8 12
9 12
10 12
0 13
3 13
7 13
8 13
9 13
4 14
5 14
6 14
11 14
12 14
13 14
11603 3 0 1 2 4 9 39
1 4
2 4
4 8
0 9
1 9
2 9
3 10
5 10
6 10
7 10
8 10
9 10
3 11
5 11
6 11
7 11
8 11
9 11
0 12
3 12
4 12
5 12
6 12
7 12
0 13
1 13
2 13
5 13
6 13
7 13
8 13
0 14
1 14
2 14
3 14
5 14
6 14
7 14
8 14
11607 6 0 1 3 10 13 37
1 4
2 4
0 8
2 8
2 9
5 9
6 9
7 9
0 10
1 10
3 10
9 10
4 11
5 11
6 11
7 11
8 11
10 11
3 12
4 12
5 12
6 12
7 12
8 12
1 13
3 13
5 13
6 13
7 13
8 13
0 14
1 14
2 14
3 14
5 14
6 14
7 14
11608 3 0 1 3 10 13 37
1 4
2 4
4 7
3 8
4 8
5 9
6 9
7 9
8 9
0 10
1 10
3 10
9 10
0 11
2 11
3 11
5 11
6 11
2 12
5 12
6 12
7 12
8 12
10 12
0 13
1 13
3 13
5 13
6 13
7 13
0 14
1 14
2 14
5 14
6 14
7 14
8 14
11615 5 0 3 6 7 8 35
1 4
2 4
3 6
0 7
5 7
6 7
0 8
6 8
1 9
6 9
2 10
3 10
5 10
8 10
9 10
1 11
2 11
7 11
0 12
4 12
5 12
9 12
11 12
3 13
4 13
5 13
8 13
9 13
11 13
1 14
2 14
3 14
7 14
8 14
12 14
11616 6 0 6 8 10 11 35
1 4
2 4
0 6
4 7
5 7
6 7
1 8
3 8
6 8
3 9
4 9
5 9
6 10
9 10
0 11
2 11
5 11
8 11
10 11
2 12
7 12
8 12
9 12
0 13
1 13
3 13
5 13
10 13
12 13
0 14
1 14
2 14
3 14
7 14
10 14
11620 6 0 1 2 4 14 36
1 4
2 4
4 5
4 8
6 8
7 8
1 9
3 9
5 9
6 9
7 9
0 10
6 10
7 10
1 11
6 11
7 11
2 12
3 12
5 12
8 12
10 12
11 12
2 13
3 13
5 13
8 13
10 13
11 13
0 14
1 14
2 14
3 14
5 14
6 14
7 14
11621 3 0 1 2 4 13 37
1 4
2 4
4 5
3 7
3 8
2 9
3 9
2 10
5 10
6 10
7 10
8 10
0 11
4 11
6 11
7 11
8 11
9 11
1 12
5 12
6 12
7 12
8 12
9 12
0 13
1 13
2 13
3 13
5 13
6 13
0 14
1 14
5 14
6 14
7 14
8 14
9 14
11641 5 0 5 6 7 10 36
1 4
2 4
1 5
0 7
5 7
6 7
2 10
5 10
6 10
8 10
9 10
3 11
4 11
7 11
8 11
9 11
1 12
2 12
3 12
7 12
8 12
9 12
0 13
3 13
4 13
5 13
6 13
8 13
9 13
0 14
1 14
2 14
3 14
6 14
8 14
9 14
11642 3 0 1 4 7 10 37
1 4
2 4
1 5
0 6
0 7
1 7
4 10
6 10
7 10
8 10
9 10
0 11
2 11
3 11
5 11
8 11
9 11
1 12
2 12
3 12
6 12
8 12
9 12
3 13
4 13
5 13
6 13
7 13
8 13
9 13
2 14
3 14
5 14
6 14
7 14
8 14
9 14
11648 3 0 1 2 4 14 36
1 4
2 4
0 5
3 6
4 6
5 6
3 7
3 8
4 9
6 10
7 10
8 10
9 10
0 11
1 11
3 11
10 11
2 12
5 12
7 12
8 12
9 12
11 12
2 13
5 13
7 13
8 13
9 13
11 13
0 14
1 14
2 14
6 14
7 14
8 14
9 14
11639 2 1 2 4 5 6 36
1 4
2 4
2 5
3 5
1 6
5 6
5 7
3 8
3 9
4 9
2 10
6 10
7 10
8 10
3 11
4 11
10 11
0 12
1 12
7 12
8 12
9 12
11 12
0 13
6 13
7 13
8 13
9 13
11 13
0 14
2 14
6 14
7 14
8 14
9 14
11 14
11653 5 0 1 2 4 13 36
1 4
2 4
0 5
1 5
3 5
3 6
4 6
3 7
5 8
2 9
5 9
4 10
7 10
8 10
9 10
6 11
7 11
8 11
9 11
0 12
2 12
3 12
10 12
11 12
0 13
1 13
2 13
6 13
7 13
8 13
1 14
6 14
7 14
8 14
9 14
12 14
11656 4 0 1 3 4 12 36
1 4
2 4
3 4
3 7
2 8
6 8
7 8
2 9
5 9
6 9
7 9
1 10
8 10
9 10
0 11
3 11
5 11
6 11
10 11
0 12
1 12
3 12
5 12
8 12
0 13
4 13
5 13
6 13
7 13
10 13
0 14
1 14
2 14
5 14
6 14
7 14
11654 5 2 3 4 8 11 37
1 4
2 4
3 4
4 8
5 8
6 8
7 8
3 9
5 9
6 9
7 9
0 10
2 10
9 10
0 11
2 11
3 11
8 11
1 12
5 12
6 12
7 12
10 12
11 12
1 13
5 13
6 13
7 13
10 13
11 13
0 14
1 14
2 14
3 14
5 14
6 14
7 14
11657 5 1 2 3 4 11 36
1 4
2 4
3 4
3 7
2 8
5 8
6 8
7 8
0 9
5 9
6 9
1 10
2 10
7 10
9 10
1 11
3 11
8 11
9 11
0 12
3 12
5 12
6 12
10 12
0 13
4 13
5 13
6 13
7 13
11 13
0 14
1 14
2 14
5 14
6 14
7 14
11667 5 0 6 7 8 12 36
1 4
2 4
3 4
3 5
0 6
0 7
2 8
5 8
6 8
7 8
1 9
5 9
6 9
0 10
3 10
9 10
2 11
3 11
7 11
9 11
0 12
1 12
8 12
11 12
4 13
5 13
6 13
7 13
10 13
12 13
1 14
2 14
5 14
6 14
7 14
10 14
11658 4 1 2 3 4 10 36
1 4
2 4
3 4
5 6
5 7
5 8
0 9
3 9
6 9
7 9
1 10
2 10
8 10
9 10
4 11
6 11
7 11
8 11
0 12
3 12
5 12
10 12
11 12
1 13
2 13
6 13
7 13
8 13
12 13
0 14
1 14
2 14
3 14
6 14
7 14
8 14
11676 4 0 2 4 6 9 36
1 4
2 4
3 4
0 5
0 6
2 6
5 7
3 8
7 8
4 9
6 9
7 9
1 10
5 10
6 10
8 10
1 11
3 11
6 11
7 11
0 12
3 12
7 12
10 12
2 13
5 13
8 13
9 13
11 13
12 13
1 14
2 14
5 14
8 14
9 14
12 14
11675 2 0 2 3 4 11 37
1 4
2 4
3 4
0 5
1 6
5 6
2 7
5 7
5 8
1 9
0 10
4 10
7 10
8 10
9 10
0 11
2 11
3 11
6 11
8 11
9 11
1 12
2 12
5 12
10 12
3 13
6 13
7 13
8 13
9 13
12 13
3 14
6 14
7 14
8 14
9 14
12 14
11585 5 0 1 2 5 14 37
1 4
3 4
1 5
2 5
4 9
6 9
7 9
8 9
0 10
3 10
5 10
9 10
0 11
3 11
5 11
6 11
7 11
8 11
2 12
4 12
6 12
7 12
8 12
10 12
1 13
2 13
6 13
7 13
8 13
10 13
0 14
1 14
2 14
3 14
6 14
7 14
8 14
11578 2 0 4 6 7 10 36
1 4
3 4
1 5
4 6
0 7
4 7
0 10
5 10
6 10
8 10
9 10
2 11
5 11
7 11
8 11
9 11
1 12
2 12
3 12
7 12
8 12
9 12
0 13
2 13
3 13
5 13
6 13
8 13
9 13
1 14
2 14
3 14
6 14
7 14
8 14
9 14
11685 4 1 2 3 12 13 38
0 4
4 9
5 9
6 9
7 9
8 9
4 10
5 10
6 10
7 10
8 10
0 11
5 11
6 11
7 11
8 11
1 12
2 12
3 12
9 12
10 12
11 12
1 13
2 13
3 13
4 13
5 13
6 13
7 13
8 13
0 14
1 14
2 14
3 14
5 14
6 14
7 14
8 14
11697 6 0 1 4 8 10 36
0 4
4 8
6 8
7 8
5 9
6 9
7 9
0 10
1 10
5 10
8 10
2 11
3 11
4 11
9 11
10 11
0 12
1 12
2 12
3 12
8 12
9 12
0 13
1 13
2 13
3 13
5 13
6 13
7 13
1 14
2 14
3 14
4 14
5 14
6 14
7 14
11687 4 1 2 3 9 12 37
0 4
1 9
2 9
3 9
0 10
6 10
7 10
8 10
9 10
4 11
5 11
6 11
7 11
8 11
9 11
1 12
2 12
3 12
4 12
5 12
10 12
0 13
1 13
2 13
3 13
5 13
6 13
7 13
8 13
1 14
2 14
3 14
4 14
5 14
6 14
7 14
8 14
11701 5 1 2 3 10 12 38
0 4
4 8
5 8
6 8
7 8
4 9
5 9
6 9
7 9
1 10
2 10
3 10
4 10
0 11
5 11
6 11
7 11
10 11
1 12
2 12
3 12
8 12
9 12
11 12
0 13
1 13
2 13
3 13
5 13
6 13
7 13
1 14
2 14
3 14
4 14
5 14
6 14
7 14
11707 4 3 4 7 8 9 37
0 4
2 8
3 8
4 8
7 8
3 9
4 9
5 9
6 9
7 9
1 10
4 10
5 10
6 10
1 11
5 11
6 11
8 11
0 12
2 12
3 12
7 12
10 12
11 12
0 13
1 13
2 13
5 13
6 13
7 13
0 14
1 14
2 14
3 14
5 14
6 14
7 14
11714 5 1 2 3 8 11 37
0 4
1 8
2 8
3 8
4 8
4 9
5 9
6 9
7 9
4 10
5 10
6 10
7 10
1 11
2 11
3 11
9 11
10 11
1 12
2 12
3 12
9 12
10 12
0 13
5 13
6 13
7 13
8 13
11 13
12 13
0 14
1 14
2 14
3 14
5 14
6 14
7 14
11723 5 1 3 5 12 13 35
0 4
4 7
6 7
4 8
5 8
0 9
1 9
5 9
7 9
0 10
2 10
6 10
8 10
2 11
3 11
6 11
8 11
9 11
1 12
3 12
5 12
7 12
10 12
1 13
2 13
3 13
4 13
5 13
6 13
0 14
1 14
2 14
3 14
7 14
8 14
11719 6 0 1 3 10 14 36
0 4
5 7
6 7
5 8
6 8
2 9
4 9
7 9
0 10
1 10
3 10
8 10
9 10
1 11
2 11
3 11
4 11
5 11
6 11
0 12
1 12
5 12
6 12
9 12
2 13
3 13
4 13
7 13
8 13
12 13
0 14
1 14
2 14
3 14
7 14
8 14
11724 5 3 5 6 8 11 36
0 4
4 7
6 7
3 8
5 8
6 8
5 9
6 9
1 10
2 10
4 10
8 10
9 10
2 11
3 11
4 11
5 11
6 11
0 12
1 12
2 12
3 12
5 12
7 12
0 13
1 13
2 13
3 13
7 13
9 13
0 14
1 14
7 14
8 14
9 14
11 14
11725 4 0 4 5 7 11 36
0 4
4 7
5 7
2 9
6 9
7 9
8 9
3 10
6 10
7 10
8 10
1 11
4 11
5 11
9 11
10 11
0 12
1 12
2 12
3 12
7 12
8 12
0 13
1 13
2 13
3 13
5 13
6 13
8 13
1 14
2 14
3 14
4 14
5 14
6 14
8 14
11727 5 5 6 7 8 9 37
0 4
4 7
5 7
6 7
5 8
6 8
5 9
6 9
4 10
8 10
9 10
1 11
2 11
3 11
4 11
8 11
9 11
0 12
1 12
2 12
3 12
7 12
10 12
0 13
1 13
2 13
3 13
5 13
6 13
10 13
0 14
1 14
2 14
3 14
7 14
8 14
9 14
11731 4 0 1 3 9 13 38
0 4
3 7
3 8
0 9
1 9
3 9
5 9
2 10
4 10
6 10
7 10
8 10
9 10
1 11
4 11
5 11
6 11
7 11
8 11
2 12
4 12
5 12
6 12
7 12
8 12
0 13
1 13
2 13
3 13
5 13
6 13
0 14
1 14
2 14
5 14
6 14
7 14
8 14
11732 3 1 3 9 10 12 37
0 4
3 7
2 8
3 8
4 8
5 8
6 8
1 9
3 9
1 10
3 10
1 11
2 11
4 11
5 11
6 11
7 11
0 12
5 12
6 12
7 12
9 12
10 12
2 13
4 13
5 13
6 13
7 13
9 13
10 13
0 14
2 14
5 14
6 14
7 14
9 14
10 14
11736 3 0 4 7 8 9 38
0 4
3 7
4 7
0 8
1 8
2 8
7 8
0 9
5 9
6 9
7 9
8 10
9 10
1 11
3 11
4 11
5 11
6 11
10 11
2 12
3 12
4 12
5 12
6 12
10 12
1 13
2 13
5 13
6 13
7 13
10 13
0 14
1 14
2 14
3 14
5 14
6 14
10 14
11742 5 0 1 2 8 13 35
0 4
2 7
3 7
4 7
5 7
6 7
0 8
1 8
2 8
4 9
6 9
1 10
4 10
6 10
3 11
5 11
8 11
9 11
10 11
5 12
8 12
9 12
10 12
0 13
1 13
2 13
3 13
6 13
12 13
0 14
1 14
2 14
3 14
5 14
9 14
11520 3 0 1 4 5 12 36
1 4
0 5
3 5
4 5
0 6
3 6
4 7
3 8
3 9
0 10
2 10
7 10
8 10
9 10
2 11
4 11
6 11
9 11
1 12
5 12
7 12
8 12
11 12
1 13
2 13
6 13
7 13
8 13
9 13
1 14
2 14
5 14
6 14
7 14
8 14
9 14
11549 7 0 1 3 4 13 35
1 4
3 4
0 6
4 7
5 7
6 7
3 8
5 8
6 8
3 9
5 9
1 10
2 10
6 10
9 10
0 11
2 11
4 11
9 11
7 12
8 12
10 12
11 12
0 13
1 13
2 13
3 13
5 13
12 13
0 14
1 14
2 14
7 14
8 14
9 14
11770 6 0 4 5 7 10 36
0 4
4 6
0 7
6 9
7 9
8 9
4 10
5 10
7 10
8 10
1 11
2 11
3 11
4 11
5 11
9 11
0 12
1 12
2 12
3 12
9 12
10 12
0 13
1 13
2 13
3 13
5 13
6 13
8 13
1 14
2 14
3 14
5 14
6 14
7 14
8 14
11775 4 0 1 4 7 14 36
0 4
4 6
5 6
2 7
4 7
1 8
6 8
7 8
2 9
6 9
3 10
4 10
5 10
8 10
9 10
2 11
6 11
10 11
1 12
3 12
5 12
7 12
9 12
11 12
0 13
3 13
5 13
8 13
9 13
11 13
0 14
1 14
3 14
5 14
7 14
11 14
11747 6 0 1 4 7 13 35
0 4
1 7
2 7
3 7
4 7
3 8
4 8
5 8
6 8
4 9
5 9
6 9
2 10
3 10
9 10
1 11
2 11
8 11
9 11
5 12
6 12
7 12
10 12
11 12
0 13
1 13
5 13
6 13
10 13
0 14
1 14
2 14
3 14
5 14
6 14
11794 5 1 2 4 11 12 37
0 4
3 6
4 6
3 7
3 8
6 9
7 9
8 9
0 10
5 10
6 10
7 10
8 10
1 11
2 11
4 11
5 11
9 11
1 12
2 12
4 12
5 12
7 12
8 12
0 13
1 13
2 13
3 13
5 13
9 13
0 14
1 14
2 14
5 14
6 14
7 14
8 14
11802 5 0 2 3 11 14 37
0 4
2 6
3 6
5 6
1 7
5 7
4 8
6 8
7 9
8 9
1 10
2 10
4 10
5 10
9 10
0 11
1 11
2 11
3 11
5 11
9 11
1 12
4 12
6 12
9 12
0 13
3 13
7 13
8 13
10 13
12 13
0 14
2 14
3 14
7 14
8 14
12 14
11803 3 0 4 7 9 10 36
0 4
2 6
3 6
4 6
0 7
1 7
2 7
5 7
1 8
3 8
0 9
5 9
8 9
4 10
7 10
9 10
5 11
6 11
8 11
10 11
1 12
2 12
3 12
4 12
5 12
1 13
2 13
3 13
9 13
11 13
0 14
6 14
8 14
10 14
12 14
13 14
11804 6 0 1 4 9 11 36
0 4
2 6
3 6
4 6
5 6
5 7
5 8
0 9
1 9
5 9
2 10
3 10
9 10
1 11
4 11
7 11
8 11
10 11
0 12
1 12
2 12
3 12
7 12
8 12
2 13
3 13
4 13
7 13
8 13
9 13
0 14
1 14
6 14
7 14
8 14
10 14
11805 5 1 2 3 9 12 36
0 4
1 6
1 9
2 9
3 9
0 10
6 10
7 10
8 10
9 10
4 11
5 11
6 11
7 11
8 11
9 11
1 12
2 12
3 12
4 12
5 12
10 12
2 13
3 13
4 13
5 13
6 13
7 13
8 13
0 14
1 14
2 14
3 14
5 14
7 14
8 14
11810 3 0 1 4 6 9 35
0 4
1 6
5 6
3 7
5 7
1 8
0 9
1 9
2 10
3 10
8 10
9 10
0 11
6 11
7 11
10 11
2 12
3 12
4 12
5 12
8 12
11 12
2 13
4 13
6 13
7 13
8 13
9 13
2 14
3 14
4 14
5 14
8 14
9 14
11 14
11813 3 0 1 2 4 14 34
0 4
0 6
3 8
5 8
6 8
7 8
1 9
5 9
7 9
3 10
4 10
9 10
4 11
8 11
9 11
1 12
2 12
6 12
7 12
10 12
11 12
2 13
5 13
6 13
7 13
10 13
11 13
1 14
2 14
3 14
4 14
5 14
6 14
7 14
11814 6 0 4 5 6 7 35
0 4
0 6
4 7
5 7
6 7
1 8
2 8
3 8
6 8
6 9
0 10
1 10
5 10
9 10
2 11
3 11
7 11
10 11
4 12
5 12
8 12
9 12
11 12
1 13
2 13
3 13
4 13
5 13
9 13
0 14
1 14
2 14
3 14
7 14
9 14
11679 3 0 1 2 4 6 36
1 4
2 4
3 4
0 5
3 5
0 6
2 6
6 7
5 8
7 8
2 9
7 9
1 10
5 10
7 10
1 11
3 11
6 11
8 11
9 11
0 12
4 12
8 12
9 12
10 12
3 13
6 13
8 13
9 13
10 13
1 14
2 14
5 14
7 14
12 14
13 14
11829 6 0 2 3 9 14 37
0 4
4 5
3 8
4 8
6 8
7 8
0 9
2 9
3 9
0 10
2 10
5 10
8 10
1 11
5 11
6 11
7 11
9 11
1 12
4 12
6 12
7 12
9 12
10 12
1 13
2 13
3 13
5 13
6 13
7 13
0 14
1 14
2 14
3 14
5 14
6 14
7 14
11734 5 0 1 2 4 12 35
0 4
3 7
5 7
6 7
3 8
3 9
4 10
5 10
6 10
8 10
9 10
0 11
7 11
8 11
9 11
0 12
1 12
2 12
7 12
8 12
9 12
1 13
2 13
3 13
4 13
5 13
6 13
11 13
1 14
2 14
4 14
5 14
6 14
8 14
9 14
11834 4 0 1 4 9 13 35
0 4
4 5
2 8
3 8
4 8
6 8
1 9
4 9
6 9
7 9
1 10
5 10
7 10
8 10
3 11
5 11
6 11
7 11
3 12
5 12
6 12
7 12
0 13
2 13
9 13
10 13
11 13
12 13
0 14
1 14
2 14
3 14
5 14
6 14
7 14
11684 4 0 1 2 3 12 39
0 4
4 9
5 9
6 9
7 9
8 9
4 10
5 10
6 10
7 10
8 10
4 11
5 11
6 11
7 11
8 11
0 12
1 12
2 12
3 12
9 12
10 12
11 12
0 13
1 13
2 13
3 13
5 13
6 13
7 13
8 13
1 14
2 14
3 14
4 14
5 14
6 14
7 14
8 14
11837 5 0 1 2 3 14 36
0 4
4 5
0 8
5 9
6 9
7 9
8 9
5 10
6 10
7 10
8 10
5 11
6 11
7 11
8 11
1 12
2 12
3 12
4 12
6 12
7 12
8 12
1 13
2 13
3 13
4 13
9 13
10 13
11 13
0 14
1 14
2 14
3 14
5 14
6 14
7 14
11842 4 0 1 4 9 13 36
0 4
4 5
3 7
5 8
6 8
7 8
0 9
3 9
8 9
1 10
2 10
3 10
5 10
6 10
2 11
5 11
6 11
7 11
9 11
1 12
3 12
4 12
8 12
11 12
1 13
2 13
4 13
6 13
7 13
9 13
0 14
2 14
5 14
6 14
7 14
12 14
11844 2 0 1 2 4 12 36
0 4
4 5
5 6
1 8
4 8
7 8
3 9
6 9
7 9
2 10
5 10
8 10
9 10
2 11
5 11
8 11
9 11
1 12
2 12
3 12
4 12
6 12
7 12
0 13
3 13
6 13
7 13
10 13
11 13
0 14
1 14
3 14
6 14
7 14
10 14
11 14
11853 5 0 4 6 8 9 37
0 4
4 5
4 6
1 8
4 8
7 8
0 9
3 9
6 9
8 9
2 10
3 10
5 10
6 10
7 10
1 11
2 11
5 11
7 11
0 12
3 12
6 12
8 12
11 12
1 13
2 13
5 13
7 13
9 13
12 13
0 14
1 14
2 14
3 14
5 14
6 14
7 14
11855 5 1 2 3 8 12 37
0 4
4 5
4 6
1 8
2 8
3 8
4 8
7 8
0 9
1 9
5 10
6 10
7 10
9 10
5 11
6 11
7 11
9 11
0 12
1 12
2 12
3 12
10 12
11 12
2 13
3 13
5 13
6 13
7 13
9 13
0 14
1 14
2 14
3 14
5 14
6 14
7 14
11859 6 1 2 3 11 12 36
0 4
4 5
4 6
5 7
6 8
7 8
5 9
8 9
6 10
7 10
1 11
2 11
3 11
4 11
9 11
10 11
0 12
1 12
2 12
3 12
9 12
10 12
0 13
1 13
2 13
3 13
5 13
8 13
10 13
0 14
1 14
2 14
3 14
6 14
7 14
9 14
11833 5 2 3 4 8 12 37
0 4
4 5
2 8
3 8
4 8
0 9
1 9
2 9
3 10
5 10
6 10
7 10
9 10
5 11
6 11
7 11
8 11
9 11
1 12
2 12
3 12
4 12
6 12
7 12
0 13
1 13
5 13
6 13
7 13
8 13
0 14
1 14
2 14
3 14
5 14
6 14
7 14
11863 5 0 1 8 11 12 37
0 4
4 5
4 6
3 7
5 7
5 8
2 9
3 9
5 9
6 9
3 10
5 10
6 10
0 11
1 11
2 11
3 11
6 11
8 11
0 12
1 12
2 12
6 12
7 12
8 12
1 13
2 13
4 13
7 13
8 13
10 13
1 14
4 14
7 14
8 14
9 14
10 14
11867 6 1 2 3 12 14 37
0 4
4 5
4 6
1 7
2 7
3 7
4 7
5 8
6 8
5 9
6 9
1 10
5 10
6 10
0 11
7 11
8 11
9 11
10 11
0 12
1 12
2 12
3 12
8 12
9 12
2 13
3 13
4 13
8 13
9 13
10 13
1 14
2 14
3 14
5 14
6 14
11 14
11873 5 0 1 2 4 10 35
0 4
4 5
3 6
5 6
3 7
5 7
5 8
2 9
6 9
7 9
8 9
1 10
2 10
3 10
4 10
8 10
1 11
3 11
9 11
0 12
2 12
5 12
11 12
1 13
4 13
6 13
7 13
8 13
12 13
0 14
2 14
6 14
7 14
8 14
11 14
11874 4 0 1 4 11 13 35
0 4
4 5
3 6
5 6
3 7
5 7
2 8
3 8
5 8
6 9
7 9
8 9
1 10
2 10
5 10
9 10
0 11
8 11
10 11
0 12
2 12
6 12
7 12
1 13
3 13
4 13
9 13
11 13
12 13
1 14
2 14
4 14
6 14
7 14
11 14
11876 4 0 1 3 9 13 38
0 4
4 5
3 6
4 6
0 9
1 9
3 9
2 10
5 10
6 10
7 10
8 10
9 10
2 11
5 11
6 11
7 11
8 11
9 11
1 12
2 12
3 12
4 12
7 12
8 12
0 13
1 13
3 13
5 13
7 13
8 13
0 14
1 14
2 14
5 14
6 14
7 14
8 14
11880 5 0 1 2 8 10 36
0 4
4 5
2 6
3 6
5 6
2 7
5 7
0 8
2 8
5 8
0 9
3 9
7 9
1 10
6 10
8 10
3 11
4 11
7 11
10 11
3 12
4 12
7 12
10 12
1 13
2 13
5 13
9 13
11 13
12 13
1 14
6 14
8 14
9 14
11 14
12 14
11822 5 1 2 4 11 13 36
0 4
4 5
5 8
6 8
7 8
5 9
6 9
7 9
5 10
6 10
7 10
1 11
2 11
4 11
6 11
7 11
0 12
3 12
8 12
9 12
10 12
11 12
1 13
2 13
3 13
4 13
8 13
9 13
10 13
0 14
1 14
2 14
3 14
5 14
6 14
7 14
11887 4 0 1 2 6 12 36
0 4
4 5
1 6
2 6
4 6
1 7
4 7
4 8
3 9
6 9
7 9
8 9
3 10
5 10
7 10
8 10
6 11
10 11
0 12
1 12
2 12
5 12
9 12
11 12
1 13
2 13
3 13
5 13
8 13
11 13
2 14
3 14
5 14
7 14
8 14
11 14
11888 5 0 4 5 6 8 35
0 4
4 5
0 6
4 8
6 8
7 8
5 9
6 9
0 10
3 10
7 10
9 10
1 11
2 11
5 11
8 11
10 11
1 12
2 12
3 12
5 12
6 12
7 12
1 13
2 13
3 13
4 13
7 13
9 13
0 14
1 14
2 14
3 14
8 14
9 14
11890 2 0 4 8 9 10 36
0 4
3 5
5 7
4 8
5 8
4 9
0 10
6 10
7 10
8 10
9 10
1 11
2 11
4 11
5 11
6 11
0 12
1 12
2 12
3 12
8 12
9 12
1 13
2 13
3 13
6 13
7 13
8 13
9 13
0 14
1 14
2 14
3 14
6 14
7 14
9 14
11907 4 0 1 4 7 14 35
0 4
3 5
3 6
3 7
4 7
2 8
4 8
3 9
8 9
2 10
5 10
6 10
7 10
9 10
1 11
6 11
7 11
8 11
0 12
2 12
5 12
9 12
11 12
1 13
2 13
4 13
5 13
6 13
9 13
0 14
1 14
5 14
6 14
7 14
8 14
11909 5 0 1 4 12 13 35
0 4
3 5
3 6
2 7
4 7
6 7
2 8
5 8
6 8
1 9
3 9
8 9
1 10
7 10
8 10
0 11
5 11
7 11
9 11
0 12
1 12
5 12
6 12
2 13
3 13
4 13
10 13
11 13
12 13
2 14
4 14
5 14
6 14
9 14
10 14
11914 6 3 4 5 9 13 36
0 4
3 5
4 5
6 8
7 8
5 9
6 9
7 9
3 10
4 10
6 10
7 10
0 11
1 11
2 11
3 11
6 11
7 11
0 12
1 12
2 12
5 12
8 12
10 12
1 13
2 13
3 13
4 13
8 13
9 13
0 14
1 14
2 14
8 14
9 14
10 14
11916 5 0 4 7 8 9 35
0 4
3 5
4 5
4 7
0 8
7 9
8 9
5 10
6 10
7 10
8 10
1 11
2 11
3 11
6 11
7 11
8 11
1 12
2 12
3 12
4 12
6 12
9 12
0 13
1 13
2 13
5 13
6 13
9 13
0 14
1 14
2 14
3 14
9 14
10 14
11917 6 0 4 7 8 12 35
0 4
3 5
4 5
0 7
4 8
6 8
7 8
5 9
1 10
5 10
6 10
7 10
2 11
3 11
8 11
9 11
10 11
1 12
2 12
4 12
6 12
7 12
9 12
0 13
1 13
2 13
3 13
6 13
9 13
0 14
1 14
2 14
3 14
8 14
9 14
11886 6 0 1 2 6 14 34
0 4
4 5
1 6
2 6
5 6
5 7
4 8
0 9
1 9
3 10
5 10
8 10
9 10
3 11
6 11
7 11
8 11
9 11
2 12
3 12
7 12
8 12
9 12
1 13
2 13
4 13
7 13
10 13
0 14
1 14
2 14
3 14
7 14
8 14
11929 5 1 3 4 6 8 37
0 4
3 5
4 5
1 6
3 6
4 6
2 7
4 7
1 8
3 8
4 8
7 9
8 9
7 10
8 10
0 11
1 11
3 11
7 11
0 12
1 12
2 12
5 12
9 12
10 12
2 13
5 13
6 13
9 13
10 13
11 13
2 14
5 14
6 14
9 14
10 14
11 14
11932 4 2 5 7 9 10 36
0 4
2 5
5 7
4 8
3 9
4 9
5 9
6 9
1 10
2 10
7 10
8 10
9 10
0 11
3 11
6 11
7 11
8 11
0 12
1 12
3 12
5 12
6 12
8 12
1 13
2 13
3 13
4 13
6 13
7 13
0 14
1 14
2 14
6 14
7 14
8 14
11933 4 2 3 9 10 11 36
0 4
2 5
5 6
4 7
5 7
4 8
2 9
3 9
4 9
1 10
5 10
8 10
9 10
2 11
3 11
6 11
7 11
10 11
0 12
1 12
2 12
3 12
6 12
8 12
0 13
1 13
3 13
6 13
7 13
8 13
0 14
1 14
6 14
7 14
8 14
9 14
11936 5 0 1 4 7 9 34
0 4
2 5
2 6
4 7
5 7
6 7
6 8
0 9
1 9
7 9
8 9
2 10
9 10
1 11
3 11
4 11
6 11
10 11
3 12
4 12
5 12
8 12
10 12
1 13
3 13
5 13
8 13
10 13
0 14
1 14
2 14
3 14
7 14
8 14
11937 4 0 2 4 8 12 35
0 4
2 5
2 6
3 7
2 8
4 8
7 9
8 9
7 10
8 10
1 11
4 11
5 11
6 11
7 11
0 12
1 12
2 12
3 12
9 12
10 12
1 13
3 13
4 13
5 13
6 13
9 13
10 13
0 14
1 14
3 14
5 14
6 14
9 14
10 14
11959 6 0 1 6 13 14 35
0 4
1 5
4 7
5 7
3 8
7 8
0 9
5 9
6 9
8 9
1 10
4 10
6 10
8 10
2 11
3 11
7 11
9 11
10 11
2 12
3 12
4 12
5 12
6 12
0 13
1 13
2 13
6 13
8 13
0 14
1 14
2 14
3 14
6 14
7 14
11835 6 2 3 4 8 12 37
0 4
4 5
2 8
3 8
4 8
6 8
7 8
5 9
6 9
7 9
5 10
6 10
7 10
0 11
1 11
5 11
6 11
7 11
1 12
2 12
3 12
4 12
9 12
10 12
0 13
1 13
2 13
3 13
9 13
10 13
0 14
1 14
2 14
3 14
5 14
6 14
7 14
11964 5 1 5 6 9 11 36
0 4
1 5
5 6
4 8
3 9
5 9
8 9
2 10
3 10
6 10
7 10
8 10
1 11
4 11
6 11
7 11
9 11
0 12
2 12
3 12
5 12
7 12
8 12
1 13
2 13
4 13
6 13
7 13
9 13
0 14
1 14
2 14
3 14
6 14
7 14
8 14
11960 3 0 1 2 13 14 35
0 4
1 5
3 7
3 8
0 9
4 10
5 10
6 10
7 10
8 10
9 10
4 11
5 11
6 11
7 11
8 11
9 11
2 12
3 12
4 12
5 12
6 12
9 12
1 13
2 13
6 13
7 13
8 13
9 13
0 14
1 14
2 14
6 14
7 14
8 14
11970 5 0 4 7 8 12 35
0 4
1 5
3 6
5 6
3 7
4 7
4 8
3 9
5 9
8 9
0 10
6 10
7 10
9 10
1 11
2 11
3 11
8 11
10 11
0 12
2 12
5 12
7 12
8 12
1 13
2 13
4 13
6 13
9 13
0 14
1 14
2 14
6 14
7 14
8 14
11974 6 0 2 4 6 11 36
0 4
1 5
2 6
3 6
4 6
2 7
3 7
5 7
1 10
4 10
7 10
8 10
9 10
0 11
5 11
6 11
8 11
9 11
2 12
3 12
4 12
5 12
8 12
9 12
0 13
1 13
2 13
3 13
8 13
9 13
0 14
1 14
6 14
7 14
8 14
9 14
11975 5 2 3 4 6 12 36
0 4
1 5
2 6
3 6
4 6
5 6
2 9
3 9
0 10
5 10
7 10
8 10
9 10
1 11
4 11
7 11
8 11
9 11
2 12
3 12
4 12
5 12
7 12
8 12
0 13
1 13
2 13
3 13
7 13
8 13
0 14
1 14
6 14
7 14
8 14
9 14
11976 4 1 3 4 6 12 36
0 4
1 5
1 6
3 6
4 6
5 7
5 8
0 9
2 9
3 9
5 9
4 10
9 10
2 11
6 11
7 11
8 11
10 11
1 12
2 12
3 12
4 12
7 12
8 12
0 13
1 13
3 13
7 13
8 13
10 13
0 14
2 14
6 14
7 14
8 14
10 14
11977 6 0 2 4 6 8 35
0 4
1 5
0 6
5 7
6 7
2 8
4 8
5 8
6 8
1 9
3 9
6 9
0 10
3 10
5 10
8 11
9 11
10 11
2 12
4 12
7 12
9 12
10 12
1 13
2 13
3 13
4 13
7 13
11 13
0 14
1 14
2 14
3 14
7 14
11 14
11987 5 0 2 3 13 14 36
0 4
1 5
4 5
1 6
4 6
2 7
4 7
3 8
4 8
5 9
6 9
7 9
8 9
6 10
7 10
8 10
2 11
3 11
5 11
6 11
1 12
7 12
8 12
11 12
0 13
2 13
3 13
5 13
10 13
12 13
0 14
1 14
2 14
3 14
9 14
10 14
11994 5 1 2 3 5 9 37
0 4
1 5
2 5
1 9
2 9
3 9
4 10
5 10
6 10
7 10
8 10
9 10
0 11
5 11
6 11
7 11
8 11
9 11
1 12
3 12
4 12
6 12
7 12
8 12
2 13
3 13
4 13
6 13
7 13
8 13
0 14
1 14
2 14
3 14
6 14
7 14
8 14
12001 6 0 4 7 8 12 35
0 4
1 5
2 5
3 5
3 6
3 7
4 7
4 8
2 9
3 9
8 9
2 10
7 10
8 10
1 11
4 11
6 11
9 11
10 11
0 12
5 12
6 12
7 12
8 12
0 13
1 13
6 13
9 13
10 13
0 14
1 14
2 14
6 14
7 14
8 14
11920 5 0 1 2 13 14 36
0 4
3 5
4 5
4 6
6 7
6 8
6 9
5 10
7 10
8 10
9 10
5 11
7 11
8 11
9 11
1 12
2 12
3 12
4 12
7 12
8 12
9 12
0 13
1 13
2 13
3 13
6 13
10 13
11 13
0 14
1 14
2 14
5 14
7 14
8 14
9 14
12006 6 0 1 3 11 13 36
0 4
1 5
2 5
3 5
4 5
1 6
4 6
2 7
4 7
4 8
6 9
7 9
8 9
6 10
7 10
8 10
1 11
3 11
7 11
8 11
2 12
3 12
6 12
8 12
0 13
1 13
2 13
3 13
9 13
10 13
0 14
5 14
9 14
10 14
11 14
12 14
12008 4 0 1 4 5 10 39
0 4
0 5
2 9
6 9
7 9
8 9
1 10
4 10
5 10
9 10
0 11
3 11
6 11
7 11
8 11
10 11
0 12
1 12
2 12
3 12
6 12
7 12
8 12
1 13
2 13
3 13
4 13
5 13
6 13
7 13
8 13
1 14
2 14
3 14
4 14
5 14
6 14
7 14
8 14
12013 6 6 7 8 9 10 37
0 4
0 5
6 8
7 8
6 9
7 9
4 10
5 10
8 10
9 10
0 11
1 11
2 11
3 11
8 11
9 11
0 12
1 12
2 12
3 12
6 12
7 12
10 12
1 13
2 13
3 13
4 13
5 13
8 13
9 13
1 14
2 14
3 14
4 14
5 14
6 14
7 14
12018 5 0 1 4 5 11 37
0 4
0 5
2 8
3 8
6 8
7 8
3 9
6 9
7 9
2 10
4 10
5 10
9 10
1 11
4 11
5 11
8 11
9 11
0 12
1 12
3 12
6 12
7 12
10 12
1 13
2 13
4 13
5 13
6 13
7 13
1 14
2 14
3 14
4 14
5 14
6 14
7 14
12017 5 0 4 5 6 8 36
0 4
0 5
4 8
5 8
6 8
7 8
4 9
3 10
5 10
7 10
9 10
1 11
2 11
4 11
6 11
10 11
0 12
1 12
2 12
3 12
8 12
9 12
0 13
1 13
2 13
3 13
6 13
7 13
9 13
1 14
2 14
3 14
5 14
6 14
7 14
9 14
12023 6 1 2 4 10 13 35
0 4
0 5
5 7
6 7
4 8
6 8
0 9
2 9
6 9
1 10
2 10
4 10
7 10
3 11
5 11
8 11
9 11
10 11
1 12
3 12
7 12
8 12
9 12
1 13
2 13
3 13
4 13
5 13
6 13
0 14
1 14
2 14
3 14
7 14
8 14
12026 6 0 4 5 7 14 35
0 4
0 5
4 7
5 7
4 8
6 8
0 9
2 9
6 9
1 10
2 10
6 10
7 10
3 11
5 11
8 11
9 11
10 11
1 12
3 12
7 12
8 12
9 12
1 13
2 13
3 13
4 13
5 13
6 13
0 14
1 14
2 14
3 14
7 14
8 14
12027 6 0 1 4 11 13 35
0 4
0 5
3 7
2 8
3 8
4 8
2 9
3 9
5 9
2 10
4 10
5 10
6 10
7 10
1 11
4 11
6 11
7 11
9 11
1 12
5 12
6 12
7 12
8 12
0 13
1 13
2 13
3 13
6 13
0 14
1 14
6 14
7 14
8 14
9 14
12033 5 0 3 4 5 9 38
0 4
0 5
5 6
5 7
3 9
4 9
5 9
8 9
3 10
4 10
5 10
8 10
1 11
2 11
4 11
6 11
7 11
8 11
1 12
2 12
6 12
7 12
9 12
10 12
0 13
1 13
2 13
3 13
6 13
7 13
8 13
1 14
2 14
3 14
4 14
6 14
7 14
8 14
12049 6 0 4 5 10 12 37
0 4
0 5
3 6
6 8
7 8
6 9
7 9
0 10
8 10
9 10
0 11
1 11
2 11
3 11
8 11
9 11
1 12
2 12
3 12
4 12
5 12
7 12
10 12
1 13
2 13
4 13
5 13
6 13
7 13
10 13
1 14
2 14
3 14
4 14
5 14
8 14
9 14
12042 6 0 4 5 7 10 36
0 4
0 5
4 6
6 9
7 9
8 9
4 10
5 10
7 10
8 10
1 11
2 11
3 11
4 11
5 11
9 11
0 12
1 12
2 12
3 12
9 12
10 12
0 13
1 13
2 13
3 13
6 13
7 13
8 13
1 14
2 14
3 14
5 14
6 14
7 14
8 14
12050 5 1 2 4 9 12 36
0 4
0 5
3 6
3 7
3 8
4 8
1 9
2 9
3 9
4 9
5 9
5 10
6 10
7 10
8 10
5 11
6 11
7 11
8 11
1 12
2 12
4 12
10 12
11 12
0 13
1 13
2 13
6 13
7 13
8 13
1 14
2 14
4 14
5 14
6 14
7 14
12054 3 0 5 6 7 9 37
0 4
0 5
1 6
5 7
6 7
6 8
0 9
7 9
8 9
5 10
6 10
9 10
1 11
2 11
3 11
4 11
5 11
9 11
1 12
2 12
3 12
4 12
8 12
10 12
2 13
3 13
4 13
7 13
8 13
10 13
0 14
1 14
2 14
3 14
7 14
8 14
10 14
12062 5 0 4 5 9 11 36
0 4
0 5
0 6
6 7
4 8
7 8
4 9
5 9
7 9
1 10
2 10
5 10
6 10
8 10
1 11
3 11
4 11
5 11
7 11
2 12
3 12
4 12
5 12
7 12
1 13
2 13
3 13
6 13
8 13
9 13
1 14
2 14
3 14
6 14
8 14
9 14
12068 5 0 4 5 6 12 35
0 4
0 5
0 6
1 6
3 7
6 7
2 8
6 8
1 9
4 9
5 9
7 9
8 9
2 10
4 10
5 10
7 10
2 11
4 11
7 11
2 12
3 12
4 12
5 12
6 12
1 13
3 13
5 13
8 13
11 13
1 14
3 14
8 14
10 14
11 14
12070 5 1 2 6 10 11 37
0 4
0 5
0 6
1 6
2 6
5 7
5 8
1 9
5 9
1 10
2 10
3 10
5 10
4 11
6 11
7 11
8 11
9 11
10 11
3 12
4 12
6 12
7 12
8 12
9 12
2 13
3 13
4 13
7 13
8 13
9 13
1 14
2 14
3 14
4 14
7 14
8 14
12075 4 2 3 4 9 10 37
0 4
0 5
3 5
4 6
2 8
5 8
6 8
7 8
2 9
3 9
4 9
1 10
2 10
3 10
4 10
7 10
0 11
1 11
6 11
7 11
9 11
3 12
4 12
8 12
11 12
1 13
5 13
6 13
7 13
9 13
12 13
1 14
2 14
5 14
6 14
7 14
12 14
12078 3 0 3 4 5 9 35
0 4
0 5
3 5
2 6
2 7
3 7
4 8
6 8
7 8
3 9
4 9
6 9
1 10
6 10
7 10
1 11
2 11
3 11
4 11
5 12
8 12
9 12
10 12
11 12
2 13
5 13
8 13
9 13
10 13
0 14
1 14
6 14
7 14
12 14
13 14
12079 6 0 4 6 7 12 35
0 4
0 5
3 5
0 6
3 6
4 7
6 7
5 8
7 8
3 9
4 9
1 10
5 10
7 10
9 10
2 11
3 11
4 11
8 11
10 11
1 12
2 12
4 12
6 12
8 12
1 13
2 13
5 13
7 13
9 13
1 14
2 14
6 14
8 14
9 14
12082 5 0 2 5 9 13 36
0 4
0 5
2 5
3 6
3 7
1 8
3 8
4 8
1 9
3 9
5 9
1 10
2 10
4 10
6 10
7 10
4 11
5 11
6 11
7 11
2 12
6 12
7 12
8 12
9 12
0 13
2 13
8 13
9 13
11 13
1 14
4 14
5 14
6 14
7 14
13 14
11861 4 0 1 4 5 13 36
0 4
4 5
4 6
4 7
2 8
7 8
3 9
7 9
5 10
6 10
8 10
9 10
2 11
3 11
7 11
10 11
1 12
5 12
6 12
8 12
9 12
11 12
0 13
1 13
2 13
3 13
5 13
6 13
7 13
0 14
1 14
5 14
6 14
8 14
9 14
11 14
11998 4 0 1 5 7 10 36
0 4
1 5
2 5
4 6
5 7
6 7
6 8
6 9
0 10
1 10
7 10
3 11
4 11
5 11
8 11
9 11
10 11
2 12
3 12
4 12
8 12
9 12
10 12
1 13
2 13
3 13
7 13
8 13
9 13
0 14
1 14
2 14
3 14
7 14
8 14
9 14
12101 4 1 2 7 10 11 36
0 4
0 5
1 5
2 6
3 6
5 6
5 7
3 8
2 9
4 9
5 9
8 9
1 10
2 10
3 10
4 10
7 10
1 11
2 11
7 11
8 11
4 12
6 12
7 12
8 12
0 13
3 13
9 13
11 13
12 13
1 14
4 14
6 14
7 14
8 14
13 14
12099 6 0 1 5 6 13 36
0 4
0 5
1 5
3 6
5 6
5 7
3 8
2 9
5 9
8 9
3 10
4 10
7 10
9 10
1 11
3 11
4 11
7 11
9 11
2 12
4 12
6 12
7 12
8 12
0 13
1 13
2 13
6 13
8 13
10 13
1 14
2 14
4 14
6 14
7 14
8 14
12107 5 1 2 5 6 14 37
0 4
0 5
1 5
2 5
5 6
4 8
6 8
7 8
1 9
8 9
1 10
2 10
8 10
0 11
3 11
6 11
7 11
9 11
10 11
3 12
4 12
5 12
7 12
9 12
10 12
2 13
3 13
4 13
6 13
7 13
9 13
1 14
2 14
3 14
4 14
6 14
7 14
12108 5 0 1 5 8 13 36
0 4
0 5
1 5
2 5
5 6
3 8
4 8
5 8
7 8
2 9
6 9
7 9
2 10
6 10
7 10
3 11
4 11
6 11
7 11
1 12
3 12
4 12
9 12
10 12
0 13
1 13
8 13
9 13
10 13
11 13
1 14
2 14
3 14
4 14
6 14
7 14
12103 2 0 1 4 5 9 39
0 4
0 5
1 5
3 5
3 7
3 8
1 9
3 9
4 9
6 9
0 10
9 10
1 11
2 11
6 11
7 11
8 11
10 11
1 12
2 12
4 12
6 12
7 12
8 12
10 12
2 13
4 13
5 13
6 13
7 13
8 13
10 13
2 14
4 14
5 14
6 14
7 14
8 14
10 14
12112 4 0 1 2 5 13 38
0 4
0 5
1 5
2 5
3 5
3 8
3 9
1 10
3 10
4 10
6 10
7 10
2 11
4 11
6 11
7 11
8 11
9 11
4 12
5 12
6 12
7 12
8 12
9 12
0 13
1 13
2 13
6 13
7 13
8 13
9 13
1 14
2 14
4 14
6 14
7 14
8 14
9 14
12115 4 0 1 2 10 14 38
0 4
3 4
4 9
5 9
6 9
7 9
8 9
0 10
1 10
2 10
9 10
3 11
5 11
6 11
7 11
8 11
10 11
3 12
5 12
6 12
7 12
8 12
10 12
1 13
2 13
4 13
5 13
6 13
7 13
8 13
0 14
1 14
2 14
3 14
5 14
6 14
7 14
8 14
12120 3 0 1 2 12 14 35
0 4
3 4
4 7
3 8
5 8
6 8
7 8
2 9
4 9
5 9
6 9
1 10
3 10
6 10
7 10
1 11
8 11
9 11
0 12
2 12
5 12
10 12
11 12
2 13
3 13
5 13
6 13
7 13
11 13
0 14
1 14
2 14
5 14
6 14
7 14
12122 7 0 3 4 7 14 35
0 4
3 4
4 7
5 7
6 7
2 8
3 8
5 8
6 8
5 9
6 9
1 10
2 10
4 10
9 10
3 11
7 11
10 11
0 12
1 12
8 12
9 12
11 12
0 13
1 13
2 13
5 13
6 13
11 13
0 14
1 14
2 14
3 14
7 14
9 14
11786 4 1 2 5 10 13 36
0 4
3 6
2 7
5 7
6 7
1 8
4 8
5 8
6 8
0 9
6 9
1 10
2 10
5 10
3 11
4 11
7 11
9 11
10 11
3 12
7 12
8 12
9 12
10 12
1 13
2 13
3 13
4 13
5 13
9 13
0 14
2 14
5 14
6 14
11 14
12 14
12135 2 0 1 2 4 14 37
0 4
3 4
4 5
4 6
1 8
5 8
7 8
1 9
3 9
6 9
7 9
3 10
5 10
6 10
7 10
3 11
5 11
6 11
7 11
2 12
4 12
8 12
9 12
10 12
11 12
0 13
2 13
8 13
9 13
10 13
11 13
0 14
1 14
2 14
5 14
6 14
7 14
12144 4 0 3 4 7 8 35
0 4
3 4
3 5
3 6
0 7
1 8
2 8
3 8
7 8
4 9
8 9
5 10
6 10
7 10
9 10
5 11
6 11
7 11
9 11
1 12
2 12
5 12
6 12
9 12
1 13
2 13
4 13
10 13
11 13
1 14
2 14
4 14
5 14
6 14
7 14
12148 4 0 1 2 8 14 39
0 4
3 4
2 5
4 5
0 6
1 7
2 7
6 7
0 8
1 8
2 8
4 9
7 9
4 10
7 10
3 11
5 11
6 11
8 11
9 11
10 11
3 12
5 12
6 12
8 12
9 12
10 12
1 13
3 13
5 13
6 13
9 13
10 13
0 14
1 14
2 14
3 14
9 14
10 14
12149 5 0 2 3 4 5 34
0 4
3 4
2 5
3 5
1 6
5 6
1 7
5 8
1 9
2 9
3 10
7 10
8 10
9 10
4 11
7 11
8 11
9 11
4 12
6 12
7 12
8 12
9 12
0 13
2 13
6 13
10 13
11 13
0 14
2 14
3 14
6 14
7 14
8 14
11279 4 0 1 4 6 12 35
1 4
0 6
1 6
3 7
5 7
6 7
2 8
3 8
5 8
6 8
4 9
5 9
4 10
7 10
8 10
1 11
2 11
7 11
9 11
0 12
4 12
5 12
11 12
2 13
3 13
6 13
9 13
10 13
12 13
1 14
2 14
3 14
9 14
10 14
12 14
12151 3 0 1 3 4 7 36
0 4
3 4
1 5
1 7
3 7
0 8
1 8
2 8
7 9
8 9
7 10
8 10
0 11
3 11
5 11
6 11
9 11
10 11
1 12
2 12
3 12
6 12
9 12
10 12
2 13
4 13
5 13
6 13
9 13
10 13
2 14
4 14
5 14
6 14
9 14
10 14
12153 6 1 2 5 6 7 34
0 4
3 4
1 5
1 6
2 6
4 6
0 7
2 7
5 7
3 8
7 8
3 9
5 9
4 10
5 10
6 11
8 11
9 11
10 11
2 12
8 12
9 12
10 12
0 13
1 13
3 13
11 13
12 13
0 14
1 14
2 14
8 14
9 14
10 14
12154 4 0 1 4 6 11 36
0 4
3 4
1 5
0 6
5 6
0 7
5 8
4 9
2 10
3 10
7 10
8 10
9 10
1 11
4 11
6 11
8 11
2 12
3 12
5 12
7 12
9 12
11 12
1 13
2 13
6 13
7 13
8 13
9 13
1 14
2 14
3 14
6 14
7 14
8 14
9 14
12155 5 0 1 3 4 5 34
0 4
3 4
1 5
3 5
2 6
5 6
0 7
6 7
6 8
5 9
0 10
1 10
8 10
9 10
2 11
3 11
7 11
10 11
1 12
4 12
8 12
9 12
11 12
2 13
4 13
7 13
8 13
9 13
1 14
2 14
3 14
7 14
8 14
9 14
12164 5 0 3 4 5 9 35
0 4
3 4
0 5
1 7
4 8
6 8
7 8
2 9
3 9
5 9
6 9
7 10
9 10
1 11
5 11
8 11
10 11
0 12
2 12
3 12
6 12
7 12
11 12
1 13
2 13
4 13
5 13
6 13
10 13
0 14
1 14
2 14
3 14
8 14
10 14
12139 7 0 3 4 5 6 36
0 4
3 4
3 5
4 6
5 6
1 7
2 7
4 7
5 8
7 8
3 9
7 9
6 10
8 10
9 10
6 11
8 11
9 11
0 12
1 12
2 12
5 12
10 12
11 12
0 13
1 13
2 13
3 13
10 13
11 13
0 14
1 14
2 14
6 14
8 14
9 14
12165 5 3 4 6 7 8 37
0 4
3 4
0 5
4 6
3 8
5 8
6 8
7 8
3 9
3 10
0 11
1 11
2 11
8 11
9 11
10 11
0 12
1 12
2 12
6 12
7 12
9 12
10 12
1 13
2 13
4 13
5 13
7 13
9 13
10 13
1 14
2 14
5 14
6 14
7 14
9 14
10 14
12166 4 2 3 8 9 12 36
0 4
3 4
0 5
3 6
2 8
3 8
5 8
2 9
3 9
2 10
4 10
5 10
6 10
7 10
1 11
5 11
6 11
7 11
9 11
1 12
4 12
7 12
8 12
9 12
0 13
1 13
6 13
7 13
8 13
9 13
1 14
2 14
4 14
5 14
6 14
7 14
12172 5 0 1 2 5 12 36
0 4
3 4
0 5
1 5
5 6
4 9
6 9
7 9
8 9
3 10
6 10
7 10
8 10
2 11
3 11
5 11
7 11
8 11
0 12
1 12
2 12
9 12
10 12
1 13
2 13
4 13
6 13
7 13
8 13
0 14
1 14
2 14
3 14
6 14
7 14
8 14
12175 4 0 2 3 4 6 36
0 4
3 4
0 5
1 5
0 6
2 6
3 6
5 7
5 8
6 8
4 9
7 9
8 9
3 10
9 10
2 11
3 11
5 11
9 11
1 12
2 12
7 12
8 12
10 12
1 13
4 13
6 13
7 13
10 13
11 13
1 14
2 14
4 14
7 14
8 14
10 14
12176 3 0 1 2 4 8 38
0 4
2 4
1 8
4 8
3 9
4 9
5 9
6 9
7 9
3 10
5 10
6 10
7 10
8 10
2 11
5 11
6 11
7 11
8 11
0 12
1 12
9 12
10 12
11 12
2 13
3 13
5 13
6 13
7 13
8 13
12 13
0 14
1 14
2 14
3 14
5 14
6 14
7 14
12180 5 0 1 2 4 14 38
0 4
2 4
3 7
3 8
0 9
1 9
3 9
4 10
5 10
6 10
7 10
8 10
9 10
2 11
5 11
6 11
7 11
8 11
9 11
1 12
4 12
5 12
6 12
7 12
8 12
0 13
1 13
2 13
3 13
5 13
6 13
0 14
1 14
2 14
5 14
6 14
7 14
8 14
12184 4 0 2 4 7 10 36
0 4
2 4
0 6
5 6
0 7
4 8
5 8
5 9
2 10
3 10
5 10
7 10
1 11
6 11
8 11
9 11
10 11
1 12
2 12
3 12
7 12
8 12
9 12
1 13
3 13
4 13
6 13
7 13
9 13
1 14
2 14
3 14
6 14
7 14
8 14
9 14
12181 4 0 1 4 9 11 36
0 4
2 4
5 6
5 7
0 9
1 9
5 9
1 10
2 10
3 10
5 10
8 10
1 11
4 11
6 11
7 11
8 11
3 12
4 12
6 12
7 12
8 12
9 12
2 13
3 13
6 13
7 13
8 13
9 13
0 14
1 14
2 14
3 14
6 14
7 14
8 14
12185 4 0 2 4 5 14 37
0 4
2 4
4 5
1 8
5 8
6 8
7 8
1 9
2 9
3 10
4 10
6 10
7 10
9 10
3 11
5 11
6 11
7 11
9 11
3 12
5 12
6 12
7 12
9 12
0 13
2 13
8 13
10 13
11 13
12 13
0 14
1 14
2 14
3 14
5 14
6 14
7 14
12190 3 2 4 6 7 8 39
0 4
2 4
3 5
4 6
4 7
1 8
2 8
5 8
6 8
7 8
0 9
3 9
7 9
0 10
3 10
7 10
0 11
3 11
7 11
1 12
5 12
6 12
9 12
10 12
11 12
1 13
2 13
5 13
6 13
9 13
10 13
11 13
1 14
2 14
5 14
6 14
9 14
10 14
11 14
12198 4 0 1 4 7 10 37
0 4
2 4
1 5
1 6
0 7
1 10
4 10
7 10
8 10
9 10
1 11
2 11
3 11
7 11
8 11
9 11
3 12
4 12
5 12
6 12
7 12
8 12
9 12
0 13
2 13
3 13
5 13
6 13
8 13
9 13
2 14
3 14
5 14
6 14
7 14
8 14
9 14
12199 4 0 1 4 5 12 36
0 4
2 4
1 5
4 5
5 6
0 9
1 9
3 10
5 10
7 10
8 10
9 10
2 11
6 11
7 11
8 11
9 11
1 12
3 12
4 12
6 12
7 12
8 12
2 13
3 13
6 13
7 13
8 13
9 13
0 14
1 14
2 14
3 14
6 14
7 14
8 14
12208 3 2 3 7 9 10 37
0 4
2 4
0 5
3 5
1 8
4 8
5 8
6 8
2 9
3 9
7 9
8 9
2 10
3 10
6 10
7 10
0 11
9 11
10 11
1 12
4 12
5 12
6 12
7 12
11 12
1 13
2 13
5 13
6 13
7 13
11 13
1 14
3 14
4 14
6 14
7 14
11 14
12128 1 0 1 3 4 14 37
0 4
3 4
5 6
3 7
5 7
0 8
2 8
6 8
2 9
4 9
6 9
7 9
4 10
6 10
7 10
2 11
6 11
7 11
1 12
3 12
5 12
8 12
10 12
11 12
1 13
5 13
8 13
9 13
10 13
11 13
0 14
1 14
3 14
5 14
9 14
10 14
11 14
12214 5 0 2 4 7 13 36
0 4
2 4
0 5
1 5
3 6
5 6
3 7
4 7
5 7
1 10
3 10
4 10
8 10
9 10
2 11
3 11
5 11
8 11
9 11
1 12
4 12
6 12
8 12
9 12
0 13
2 13
6 13
7 13
8 13
9 13
1 14
2 14
6 14
7 14
8 14
9 14
12216 4 0 1 2 4 5 37
0 4
2 4
0 5
1 5
2 5
5 6
3 7
4 7
6 7
2 8
6 8
1 9
8 9
1 10
7 10
8 10
0 11
2 11
3 11
6 11
9 11
3 12
4 12
5 12
9 12
10 12
3 13
4 13
6 13
9 13
10 13
1 14
7 14
8 14
11 14
12 14
13 14
12219 2 0 1 2 4 11 36
0 4
2 4
3 4
4 5
3 7
1 8
3 8
0 9
6 9
7 9
8 9
5 10
6 10
7 10
8 10
1 11
2 11
5 11
6 11
3 12
9 12
10 12
11 12
1 13
2 13
5 13
6 13
7 13
12 13
0 14
2 14
5 14
6 14
7 14
8 14
12 14
12222 2 0 1 2 4 9 36
0 4
2 4
3 4
3 5
3 7
5 8
6 8
7 8
1 9
2 9
5 9
6 9
7 9
0 10
6 10
7 10
2 11
5 11
6 11
7 11
1 12
4 12
8 12
10 12
11 12
1 13
3 13
8 13
10 13
11 13
0 14
2 14
5 14
6 14
12 14
13 14
12228 5 0 2 3 4 5 37
0 4
2 4
3 4
0 5
1 5
3 5
3 8
6 8
7 8
1 9
4 9
8 9
1 10
4 10
6 10
7 10
0 11
8 11
10 11
2 12
5 12
6 12
7 12
9 12
11 12
2 13
5 13
6 13
7 13
9 13
11 13
1 14
2 14
3 14
6 14
7 14
11 14
12229 4 0 1 3 5 10 37
0 4
2 4
3 4
0 5
1 5
3 5
4 7
3 8
1 9
4 9
6 9
8 9
1 10
3 10
6 10
7 10
0 11
9 11
10 11
2 12
5 12
6 12
7 12
8 12
11 12
2 13
5 13
6 13
7 13
8 13
11 13
1 14
2 14
6 14
7 14
8 14
11 14
12232 5 6 7 8 9 11 37
0 4
1 4
6 9
7 9
8 9
2 10
3 10
4 10
5 10
9 10
4 11
5 11
6 11
7 11
8 11
0 12
1 12
2 12
3 12
9 12
11 12
0 13
1 13
2 13
3 13
5 13
6 13
7 13
8 13
0 14
1 14
2 14
3 14
5 14
6 14
7 14
8 14
12236 6 0 1 4 8 13 37
0 4
1 4
4 8
5 8
6 8
7 8
5 9
6 9
7 9
1 10
2 10
3 10
9 10
0 11
5 11
6 11
7 11
10 11
2 12
3 12
4 12
5 12
6 12
7 12
0 13
1 13
2 13
3 13
8 13
9 13
0 14
1 14
2 14
3 14
5 14
6 14
7 14
12237 5 0 2 3 11 14 37
0 4
1 4
4 8
5 8
6 8
7 8
2 9
3 9
8 9
1 10
6 10
7 10
9 10
0 11
2 11
3 11
5 11
10 11
2 12
3 12
4 12
5 12
6 12
7 12
0 13
1 13
5 13
6 13
7 13
9 13
0 14
1 14
2 14
3 14
5 14
6 14
7 14
12240 5 0 2 7 10 13 37
0 4
1 4
4 8
5 8
6 8
7 8
1 9
3 9
8 9
0 10
2 10
7 10
9 10
1 11
3 11
5 11
6 11
10 11
2 12
3 12
4 12
5 12
6 12
7 12
0 13
2 13
5 13
6 13
7 13
9 13
0 14
1 14
2 14
3 14
5 14
6 14
7 14
11180 5 0 1 4 7 10 35
1 4
0 7
4 7
3 8
4 8
6 8
2 9
4 9
5 9
6 9
0 10
1 10
8 10
9 10
1 11
2 11
5 11
7 11
8 11
3 12
5 12
6 12
7 12
10 12
2 13
3 13
5 13
6 13
7 13
0 14
1 14
2 14
3 14
5 14
6 14
12241 6 0 1 4 9 13 37
0 4
1 4
2 8
3 8
4 8
4 9
5 9
6 9
7 9
5 10
6 10
7 10
8 10
5 11
6 11
7 11
8 11
2 12
3 12
4 12
5 12
6 12
7 12
0 13
1 13
2 13
3 13
9 13
10 13
11 13
0 14
1 14
2 14
3 14
5 14
6 14
7 14
12245 5 0 5 8 9 11 37
0 4
1 4
1 8
3 8
0 9
2 9
5 9
8 9
1 10
3 10
6 10
7 10
9 10
0 11
5 11
6 11
7 11
8 11
2 12
4 12
5 12
6 12
7 12
8 12
2 13
3 13
4 13
5 13
6 13
7 13
0 14
1 14
2 14
3 14
5 14
6 14
7 14
12251 2 0 1 4 7 13 38
0 4
1 4
3 7
4 7
3 8
3 9
1 10
2 10
3 10
5 10
6 10
2 11
4 11
5 11
6 11
8 11
9 11
2 12
5 12
6 12
7 12
8 12
9 12
0 13
1 13
5 13
6 13
7 13
8 13
9 13
0 14
1 14
2 14
5 14
6 14
7 14
8 14
9 14
12263 6 0 1 3 4 12 36
0 4
1 4
2 6
6 9
7 9
8 9
2 10
3 10
4 10
5 10
9 10
4 11
5 11
6 11
7 11
8 11
0 12
1 12
2 12
3 12
9 12
11 12
0 13
1 13
3 13
5 13
6 13
7 13
8 13
0 14
1 14
2 14
3 14
5 14
7 14
8 14
12264 3 0 1 3 4 11 37
0 4
1 4
2 6
5 6
1 7
6 7
1 8
5 8
4 9
5 9
4 10
5 10
0 11
3 11
6 11
8 11
9 11
10 11
2 12
3 12
7 12
8 12
9 12
10 12
2 13
3 13
7 13
8 13
9 13
10 13
0 14
2 14
3 14
7 14
8 14
9 14
10 14
12267 6 5 7 8 10 11 35
0 4
1 4
1 6
4 7
0 8
7 9
8 9
5 10
6 10
7 10
8 10
1 11
2 11
3 11
5 11
7 11
8 11
2 12
3 12
4 12
5 12
6 12
9 12
0 13
2 13
3 13
5 13
6 13
9 13
0 14
1 14
2 14
3 14
9 14
10 14
12268 6 0 1 4 6 11 36
0 4
1 4
0 6
6 9
7 9
8 9
2 10
3 10
4 10
5 10
9 10
4 11
5 11
6 11
7 11
8 11
0 12
1 12
2 12
3 12
9 12
11 12
1 13
2 13
3 13
5 13
6 13
7 13
8 13
0 14
1 14
2 14
3 14
5 14
7 14
8 14
12269 6 2 3 5 10 13 35
0 4
1 4
0 6
2 7
6 9
7 9
8 9
2 10
3 10
4 10
5 10
9 10
4 11
5 11
6 11
7 11
8 11
0 12
1 12
3 12
5 12
7 12
8 12
1 13
2 13
3 13
5 13
6 13
8 13
0 14
1 14
2 14
3 14
9 14
11 14
12273 4 0 1 2 4 11 37
0 4
1 4
4 5
3 8
5 8
7 8
2 9
5 9
6 9
7 9
3 10
5 10
6 10
7 10
0 11
1 11
2 11
6 11
8 11
2 12
3 12
4 12
6 12
7 12
0 13
1 13
8 13
9 13
10 13
12 13
0 14
1 14
2 14
3 14
5 14
6 14
7 14
12275 5 0 1 4 5 12 36
0 4
1 4
4 5
2 8
3 8
4 8
6 8
7 8
5 9
6 9
7 9
0 10
2 10
3 10
9 10
1 11
2 11
3 11
9 11
0 12
5 12
6 12
7 12
11 12
1 13
5 13
6 13
7 13
10 13
0 14
1 14
2 14
3 14
5 14
6 14
7 14
12276 5 0 1 2 4 13 36
0 4
1 4
4 5
2 8
3 8
4 8
6 8
7 8
3 9
5 9
6 9
7 9
5 10
6 10
7 10
1 11
2 11
3 11
10 11
0 12
5 12
6 12
7 12
11 12
0 13
1 13
2 13
9 13
10 13
0 14
1 14
2 14
3 14
5 14
6 14
7 14
12280 5 0 1 4 8 12 37
0 4
1 4
4 5
0 8
1 8
5 9
6 9
7 9
8 9
1 10
2 10
3 10
9 10
0 11
5 11
6 11
7 11
10 11
2 12
3 12
4 12
6 12
7 12
8 12
2 13
3 13
5 13
6 13
7 13
8 13
0 14
1 14
2 14
3 14
5 14
6 14
7 14
12239 6 1 6 7 9 10 37
0 4
1 4
4 8
5 8
6 8
7 8
1 9
6 9
7 9
1 10
5 10
6 10
7 10
0 11
2 11
3 11
5 11
9 11
2 12
3 12
4 12
5 12
6 12
7 12
0 13
2 13
3 13
8 13
9 13
10 13
0 14
1 14
2 14
3 14
5 14
6 14
7 14
12286 5 0 1 4 6 9 36
0 4
1 4
4 5
4 6
4 7
2 8
5 8
1 9
3 9
6 9
7 9
8 9
2 10
5 10
6 10
2 11
3 11
5 11
6 11
7 11
0 12
2 12
5 12
6 12
1 13
3 13
7 13
8 13
10 13
12 13
1 14
3 14
7 14
8 14
10 14
12 14
12287 5 0 1 3 11 12 37
0 4
1 4
4 5
4 6
3 7
3 8
2 9
5 9
7 9
8 9
2 10
5 10
6 10
7 10
8 10
0 11
1 11
3 11
6 11
9 11
0 12
1 12
3 12
5 12
6 12
2 13
4 13
7 13
8 13
11 13
12 13
1 14
2 14
5 14
6 14
7 14
8 14
12288 5 0 4 5 6 12 37
0 4
1 4
4 5
4 6
2 7
4 7
1 8
2 8
3 8
1 9
3 10
5 10
6 10
7 10
9 10
0 11
1 11
2 11
3 11
0 12
2 12
3 12
5 12
6 12
9 12
5 13
6 13
7 13
8 13
9 13
11 13
5 14
6 14
7 14
8 14
9 14
11 14
12295 6 2 3 7 8 9 36
0 4
1 4
4 5
3 6
4 6
2 7
3 7
4 7
1 8
7 8
2 9
3 9
5 9
8 9
2 10
5 10
6 10
8 10
5 11
6 11
8 11
5 12
6 12
7 12
0 13
1 13
9 13
10 13
11 13
12 13
0 14
1 14
2 14
3 14
11 14
12 14
12150 5 0 3 4 5 7 34
0 4
3 4
2 5
3 5
1 6
3 6
0 7
5 7
4 8
5 9
0 10
1 10
2 10
8 10
9 10
1 11
2 11
4 11
6 12
7 12
8 12
9 12
11 12
6 13
7 13
8 13
9 13
11 13
1 14
2 14
3 14
7 14
8 14
9 14
12307 5 0 1 2 11 12 37
0 4
1 4
3 5
4 5
4 6
3 7
6 7
3 8
6 8
5 9
6 9
5 10
6 10
0 11
1 11
2 11
3 11
9 11
10 11
0 12
1 12
2 12
5 12
7 12
8 12
2 13
4 13
7 13
8 13
9 13
10 13
1 14
2 14
7 14
8 14
9 14
10 14
12298 5 0 1 4 5 12 37
0 4
1 4
4 5
2 6
3 6
4 6
1 8
5 9
6 9
7 9
8 9
5 10
6 10
7 10
8 10
0 11
1 11
9 11
10 11
0 12
1 12
2 12
3 12
5 12
7 12
2 13
3 13
4 13
7 13
8 13
11 13
2 14
3 14
5 14
7 14
8 14
11 14
12213 3 0 1 5 8 13 36
0 4
2 4
0 5
1 5
4 6
4 7
5 7
5 8
3 9
4 9
8 9
2 10
5 10
9 10
3 11
6 11
7 11
8 11
10 11
1 12
2 12
6 12
7 12
9 12
0 13
1 13
3 13
6 13
8 13
10 13
1 14
2 14
3 14
6 14
7 14
8 14
12310 5 0 1 4 5 14 36
0 4
1 4
3 5
4 5
3 6
4 6
4 7
3 8
7 8
1 9
2 9
3 9
7 9
2 10
6 10
7 10
2 11
6 11
7 11
1 12
2 12
5 12
6 12
8 12
0 13
5 13
8 13
9 13
10 13
11 13
0 14
1 14
5 14
8 14
10 14
11 14
12313 5 0 1 4 6 13 36
0 4
1 4
3 5
4 5
2 6
4 6
2 7
3 7
4 7
7 8
7 9
1 10
3 10
6 10
2 11
5 11
8 11
9 11
10 11
1 12
5 12
6 12
8 12
9 12
0 13
1 13
3 13
6 13
8 13
9 13
0 14
2 14
5 14
8 14
9 14
10 14
12318 3 0 1 4 5 6 37
0 4
1 4
2 5
4 5
1 6
3 6
5 6
5 7
6 8
7 8
1 9
2 9
7 9
0 10
3 10
5 10
8 10
3 11
4 11
8 11
9 11
3 12
4 12
8 12
9 12
1 13
2 13
7 13
10 13
11 13
12 13
2 14
6 14
7 14
10 14
11 14
12 14
12314 5 0 1 4 11 14 34
0 4
1 4
3 5
4 5
2 6
3 6
4 6
2 8
5 8
7 8
5 9
6 9
7 9
5 10
6 10
7 10
0 11
8 11
9 11
10 11
1 12
8 12
9 12
10 12
0 13
2 13
3 13
7 13
12 13
1 14
2 14
3 14
7 14
11 14
12321 5 0 1 4 7 10 34
0 4
1 4
2 5
3 5
0 7
6 7
0 8
5 8
5 9
6 9
3 10
4 10
7 10
9 10
1 11
2 11
7 11
9 11
3 12
4 12
6 12
8 12
11 12
1 13
2 13
6 13
8 13
10 13
1 14
2 14
3 14
7 14
8 14
9 14
12326 6 2 3 7 8 11 36
0 4
1 4
2 5
3 5
4 5
4 6
2 7
3 7
4 7
1 8
2 8
3 8
1 9
2 9
6 9
1 10
3 10
6 10
6 11
7 11
8 11
6 12
7 12
8 12
0 13
5 13
9 13
10 13
11 13
12 13
0 14
5 14
9 14
10 14
11 14
12 14
12328 6 2 3 5 8 9 36
0 4
1 4
2 5
3 5
4 5
3 6
4 6
4 7
2 8
3 8
7 8
1 9
5 9
8 9
6 10
7 10
9 10
6 11
7 11
9 11
1 12
2 12
6 12
7 12
0 13
1 13
2 13
3 13
10 13
11 13
0 14
5 14
8 14
10 14
11 14
12 14
12327 3 0 1 4 7 8 40
0 4
1 4
2 5
3 5
4 5
3 6
1 7
2 7
4 8
6 8
7 8
4 9
6 9
7 9
5 10
6 10
7 10
0 11
1 11
5 11
6 11
2 12
3 12
8 12
9 12
10 12
11 12
2 13
3 13
8 13
9 13
10 13
11 13
0 14
1 14
2 14
3 14
8 14
9 14
10 14
12330 4 0 1 4 6 9 37
0 4
1 4
2 5
3 5
4 5
2 6
3 6
4 6
2 7
4 7
3 8
7 8
1 9
6 9
5 10
8 10
9 10
0 11
5 11
8 11
9 11
0 12
2 12
8 12
9 12
1 13
3 13
7 13
10 13
11 13
12 13
1 14
6 14
7 14
10 14
11 14
12 14
12309 6 0 1 4 5 14 36
0 4
1 4
3 5
4 5
3 6
4 6
4 7
3 8
7 8
5 9
8 9
2 10
6 10
7 10
9 10
2 11
6 11
7 11
9 11
1 12
2 12
5 12
6 12
8 12
0 13
1 13
2 13
3 13
7 13
9 13
0 14
1 14
5 14
8 14
10 14
11 14
11760 4 1 2 4 11 13 37
0 4
5 6
5 7
0 8
2 8
5 8
3 9
4 9
6 9
7 9
8 9
3 10
6 10
7 10
8 10
1 11
2 11
3 11
4 11
6 11
7 11
0 12
3 12
6 12
7 12
1 13
2 13
4 13
5 13
10 13
12 13
1 14
2 14
5 14
9 14
10 14
12 14
12346 2 0 1 4 5 8 38
0 4
1 4
0 5
3 6
3 7
4 8
5 8
6 8
1 9
3 9
8 9
3 10
8 10
1 11
2 11
5 11
6 11
7 11
10 11
0 12
2 12
6 12
7 12
9 12
10 12
2 13
4 13
5 13
7 13
9 13
10 13
2 14
4 14
5 14
6 14
7 14
9 14
10 14
12348 6 0 1 4 9 13 35
0 4
1 4
0 5
2 5
2 7
3 7
4 7
6 7
1 8
3 8
5 8
2 9
4 9
6 10
8 10
9 10
6 11
8 11
9 11
5 12
7 12
10 12
11 12
0 13
1 13
3 13
6 13
9 13
12 13
0 14
1 14
2 14
3 14
10 14
11 14
12342 6 0 1 4 5 10 36
0 4
1 4
0 5
6 9
7 9
8 9
2 10
3 10
4 10
5 10
9 10
4 11
5 11
6 11
7 11
8 11
0 12
1 12
2 12
3 12
9 12
11 12
1 13
2 13
3 13
5 13
6 13
7 13
8 13
0 14
1 14
2 14
3 14
6 14
7 14
8 14
12357 4 0 1 4 6 10 40
0 4
1 4
3 4
3 5
4 6
5 7
6 7
5 8
6 8
5 9
6 9
0 10
1 10
5 10
6 10
2 11
3 11
7 11
8 11
9 11
10 11
2 12
4 12
7 12
8 12
9 12
10 12
1 13
2 13
3 13
7 13
8 13
9 13
0 14
1 14
2 14
3 14
7 14
8 14
9 14
12362 3 0 1 2 4 5 38
0 4
1 4
3 4
0 5
2 5
1 7
3 7
5 7
6 7
4 8
6 8
0 9
1 9
6 9
2 10
3 10
8 10
9 10
2 11
3 11
8 11
9 11
2 12
7 12
8 12
9 12
1 13
5 13
6 13
10 13
11 13
12 13
4 14
5 14
6 14
10 14
11 14
12 14
12398 3 2 6 7 9 11 37
2 3
2 9
6 9
7 9
8 9
3 10
4 10
5 10
8 10
0 11
1 11
2 11
6 11
7 11
10 11
0 12
1 12
3 12
4 12
5 12
9 12
0 13
1 13
2 13
4 13
5 13
6 13
7 13
8 13
0 14
1 14
3 14
4 14
5 14
6 14
7 14
8 14
12351 3 0 1 3 4 6 36
0 4
1 4
0 5
2 5
3 5
0 6
1 6
3 6
5 7
3 8
4 8
3 9
4 9
2 10
6 10
7 10
8 10
2 11
6 11
7 11
9 11
1 12
7 12
8 12
9 12
4 13
5 13
10 13
11 13
12 13
1 14
2 14
7 14
8 14
9 14
13 14
12402 4 0 1 2 6 11 36
2 3
0 9
1 9
3 10
4 10
5 10
9 10
0 11
1 11
2 11
6 11
7 11
8 11
10 11
2 12
4 12
5 12
6 12
7 12
8 12
9 12
3 13
4 13
5 13
6 13
7 13
8 13
9 13
0 14
1 14
3 14
4 14
5 14
6 14
7 14
8 14
12438 4 0 1 6 9 14 38
2 3
2 8
4 8
5 8
0 9
1 9
3 9
6 9
7 9
8 9
0 10
1 10
8 10
2 11
4 11
5 11
6 11
7 11
10 11
3 12
4 12
5 12
6 12
7 12
10 12
3 13
4 13
5 13
6 13
7 13
10 13
0 14
1 14
2 14
4 14
5 14
6 14
7 14
12433 4 0 1 8 9 10 38
2 3
3 8
4 8
5 8
0 9
1 9
2 9
6 9
7 9
8 9
0 10
1 10
8 10
2 11
4 11
5 11
6 11
7 11
10 11
3 12
4 12
5 12
6 12
7 12
10 12
3 13
4 13
5 13
6 13
7 13
10 13
0 14
1 14
3 14
4 14
5 14
6 14
7 14
12447 4 0 1 3 10 14 36
2 3
1 8
2 8
2 9
5 9
6 9
7 9
0 10
1 10
3 10
9 10
0 11
3 11
4 11
6 11
7 11
8 11
4 12
5 12
6 12
7 12
8 12
10 12
4 13
5 13
6 13
7 13
8 13
10 13
0 14
1 14
3 14
4 14
5 14
6 14
7 14
12452 3 0 1 7 9 14 38
2 3
0 8
0 9
1 9
3 9
7 9
3 10
4 10
5 10
6 10
7 10
8 10
3 11
4 11
5 11
6 11
7 11
8 11
2 12
4 12
5 12
6 12
8 12
9 12
1 13
2 13
4 13
5 13
6 13
7 13
8 13
0 14
1 14
2 14
4 14
5 14
6 14
7 14
12347 4 0 4 5 6 7 38
0 4
1 4
0 5
2 6
3 6
4 6
5 6
4 7
5 7
3 8
4 8
0 9
1 9
6 9
2 10
7 10
8 10
9 10
2 11
7 11
8 11
9 11
2 12
7 12
8 12
9 12
1 13
3 13
5 13
10 13
11 13
12 13
1 14
3 14
5 14
10 14
11 14
12 14
12454 3 0 1 8 10 11 35
2 3
0 8
3 8
6 8
7 8
1 9
3 9
5 9
7 9
1 10
8 10
0 11
4 11
6 11
9 11
10 11
2 12
4 12
5 12
6 12
7 12
10 12
2 13
4 13
5 13
6 13
7 13
10 13
0 14
1 14
3 14
4 14
5 14
6 14
7 14
12455 6 2 4 5 10 14 36
2 3
0 8
1 8
3 9
6 9
7 9
8 9
2 10
4 10
5 10
8 10
0 11
2 11
4 11
5 11
9 11
1 12
3 12
6 12
7 12
10 12
11 12
0 13
1 13
3 13
4 13
5 13
6 13
7 13
0 14
1 14
2 14
4 14
5 14
6 14
7 14
12459 4 0 1 2 3 8 39
2 3
0 8
1 8
3 8
3 9
4 9
5 9
6 9
7 9
3 10
4 10
5 10
6 10
7 10
0 11
1 11
9 11
10 11
2 12
4 12
5 12
6 12
7 12
8 12
11 12
2 13
4 13
5 13
6 13
7 13
8 13
11 13
0 14
1 14
2 14
4 14
5 14
6 14
7 14
12461 4 0 1 3 8 14 38
2 3
0 8
1 8
3 8
4 8
2 9
5 9
6 9
7 9
8 9
0 10
1 10
9 10
2 11
4 11
5 11
6 11
7 11
10 11
3 12
4 12
5 12
6 12
7 12
10 12
3 13
4 13
5 13
6 13
7 13
10 13
0 14
1 14
3 14
4 14
5 14
6 14
7 14
12211 5 0 1 5 8 13 36
0 4
2 4
0 5
1 5
4 7
6 7
5 8
6 8
2 9
3 9
5 9
7 10
8 10
9 10
1 11
3 11
4 11
6 11
10 11
1 12
2 12
3 12
6 12
10 12
0 13
1 13
2 13
3 13
7 13
8 13
0 14
7 14
8 14
9 14
11 14
12 14
12465 3 1 2 7 8 9 38
2 3
0 8
1 8
2 8
7 8
1 9
2 9
6 9
7 9
0 10
3 10
4 10
5 10
9 10
3 11
4 11
5 11
6 11
8 11
1 12
2 12
4 12
5 12
6 12
7 12
0 13
3 13
4 13
5 13
6 13
7 13
0 14
1 14
3 14
4 14
5 14
6 14
7 14
12484 3 0 1 2 3 14 35
2 3
6 7
1 8
5 8
6 8
2 9
5 9
6 9
2 10
6 10
1 11
3 11
4 11
5 11
7 11
10 11
0 12
4 12
7 12
8 12
9 12
10 12
3 13
4 13
7 13
8 13
9 13
10 13
0 14
1 14
3 14
4 14
5 14
7 14
10 14
12509 6 0 1 6 10 14 37
2 3
4 7
5 7
3 8
4 8
5 8
6 8
3 9
4 9
5 9
6 9
0 10
1 10
2 10
6 10
7 10
0 11
1 11
3 11
7 11
2 12
4 12
5 12
6 12
11 12
0 13
1 13
7 13
8 13
9 13
12 13
0 14
1 14
2 14
4 14
5 14
6 14
12511 6 1 3 6 11 13 37
2 3
4 7
5 7
2 8
4 8
5 8
6 8
0 9
1 9
7 9
8 9
0 10
2 10
7 10
0 11
1 11
3 11
6 11
7 11
3 12
4 12
5 12
6 12
9 12
10 12
1 13
3 13
4 13
5 13
6 13
10 13
0 14
1 14
2 14
4 14
5 14
6 14
12517 6 0 1 4 11 14 37
2 3
4 7
5 7
6 7
5 8
6 8
1 9
3 9
7 9
8 9
0 10
2 10
7 10
8 10
0 11
1 11
3 11
4 11
8 11
1 12
3 12
4 12
5 12
6 12
10 12
0 13
2 13
4 13
5 13
6 13
9 13
0 14
1 14
2 14
4 14
5 14
6 14
12518 6 0 2 6 11 14 37
2 3
4 7
5 7
6 7
4 8
5 8
6 8
3 9
4 9
5 9
0 10
1 10
3 10
7 10
8 10
0 11
1 11
2 11
6 11
9 11
1 12
3 12
4 12
5 12
6 12
0 13
2 13
7 13
8 13
9 13
12 13
0 14
1 14
2 14
4 14
5 14
6 14
12522 6 0 1 7 10 13 37
2 3
4 7
5 7
6 7
2 8
5 8
6 8
3 9
4 9
5 9
6 9
0 10
1 10
2 10
7 10
0 11
1 11
3 11
4 11
8 11
3 12
4 12
5 12
6 12
10 12
0 13
1 13
7 13
8 13
9 13
12 13
0 14
1 14
2 14
4 14
5 14
6 14
12523 5 0 3 8 9 11 37
2 3
4 7
5 7
6 7
2 8
4 8
5 8
0 9
3 9
7 9
8 9
0 10
2 10
7 10
0 11
1 11
3 11
6 11
8 11
1 12
4 12
5 12
6 12
9 12
10 12
1 13
3 13
4 13
5 13
6 13
10 13
0 14
1 14
2 14
4 14
5 14
6 14
12094 5 0 1 5 6 13 36
0 4
0 5
1 5
5 6
5 7
2 8
5 8
3 9
7 9
8 9
3 10
4 10
7 10
8 10
3 11
4 11
6 11
7 11
8 11
1 12
2 12
4 12
6 12
9 12
0 13
1 13
2 13
6 13
9 13
10 13
1 14
2 14
3 14
4 14
6 14
7 14
12529 5 5 6 8 9 10 36
2 3
3 7
5 8
6 8
4 9
5 9
6 9
7 9
3 10
5 10
6 10
0 11
1 11
3 11
4 11
8 11
0 12
1 12
2 12
8 12
9 12
10 12
0 13
1 13
2 13
4 13
7 13
8 13
10 13
0 14
1 14
2 14
4 14
5 14
6 14
7 14
12333 3 0 1 4 5 7 35
0 4
1 4
1 5
2 6
0 7
5 7
6 7
3 8
4 8
7 9
8 9
5 10
6 10
8 10
4 11
5 11
6 11
0 12
1 12
2 12
3 12
9 12
11 12
0 13
2 13
3 13
9 13
10 13
11 13
1 14
2 14
3 14
9 14
10 14
11 14
12531 4 0 2 3 7 14 38
2 3
3 7
4 8
5 8
6 8
7 8
4 9
5 9
6 9
7 9
4 10
5 10
6 10
7 10
0 11
3 11
4 11
5 11
6 11
1 12
2 12
8 12
9 12
10 12
11 12
0 13
1 13
3 13
8 13
9 13
10 13
0 14
1 14
2 14
4 14
5 14
6 14
7 14
12533 4 0 1 2 3 13 38
2 3
3 7
3 8
4 8
5 8
6 8
0 9
1 9
2 9
8 9
2 10
4 10
5 10
6 10
7 10
4 11
5 11
6 11
7 11
9 11
4 12
5 12
6 12
7 12
9 12
0 13
1 13
3 13
10 13
11 13
12 13
0 14
1 14
2 14
4 14
5 14
6 14
7 14
12544 5 4 5 6 8 11 36
2 3
3 7
6 7
2 8
4 8
5 8
6 8
4 9
5 9
0 10
1 10
3 10
6 10
9 10
3 11
4 11
5 11
6 11
0 12
1 12
2 12
4 12
5 12
7 12
0 13
1 13
2 13
7 13
9 13
11 13
0 14
1 14
7 14
8 14
9 14
11 14
12553 3 0 1 2 11 13 37
2 3
3 7
4 7
7 8
4 9
5 9
6 9
8 9
3 10
5 10
6 10
8 10
0 11
1 11
2 11
7 11
10 11
3 12
4 12
5 12
6 12
8 12
11 12
0 13
1 13
2 13
7 13
9 13
10 13
12 13
0 14
1 14
2 14
4 14
5 14
6 14
8 14
12548 6 0 1 4 10 14 37
2 3
3 7
5 7
6 7
3 8
4 8
5 8
6 8
2 9
4 9
5 9
6 9
0 10
1 10
4 10
7 10
0 11
1 11
3 11
4 11
2 12
5 12
6 12
10 12
11 12
0 13
1 13
7 13
8 13
9 13
12 13
0 14
1 14
2 14
4 14
5 14
6 14
12555 5 0 1 5 12 14 36
2 3
3 7
4 7
4 8
3 9
5 9
6 9
8 9
5 10
6 10
7 10
8 10
5 11
6 11
7 11
8 11
0 12
1 12
3 12
4 12
5 12
6 12
0 13
1 13
2 13
4 13
9 13
10 13
11 13
0 14
1 14
2 14
5 14
6 14
7 14
8 14
12580 6 0 1 6 10 13 35
2 3
2 7
4 7
5 7
6 7
3 8
4 8
5 8
3 9
6 9
0 10
1 10
6 10
8 10
2 11
5 11
9 11
10 11
0 12
1 12
7 12
8 12
9 12
0 13
1 13
3 13
4 13
6 13
11 13
0 14
1 14
2 14
4 14
5 14
9 14
12622 4 0 1 2 4 9 37
2 3
0 7
1 8
0 9
1 9
2 9
4 9
3 10
5 10
6 10
7 10
8 10
9 10
2 11
4 11
5 11
6 11
7 11
8 11
2 12
4 12
5 12
6 12
7 12
8 12
0 13
3 13
4 13
5 13
6 13
8 13
1 14
3 14
4 14
5 14
6 14
7 14
12598 6 0 1 4 9 14 38
2 3
1 7
0 8
1 8
3 8
0 9
1 9
2 9
4 10
5 10
6 10
7 10
8 10
9 10
3 11
4 11
5 11
6 11
7 11
9 11
2 12
4 12
5 12
6 12
7 12
8 12
0 13
3 13
4 13
5 13
6 13
7 13
0 14
1 14
2 14
4 14
5 14
6 14
12660 6 0 2 5 10 11 37
2 3
5 6
5 7
4 8
6 8
7 8
2 9
4 9
6 9
7 9
0 10
2 10
5 10
8 10
0 11
1 11
2 11
4 11
5 11
1 12
3 12
4 12
6 12
7 12
10 12
0 13
1 13
3 13
5 13
8 13
9 13
0 14
1 14
3 14
4 14
6 14
7 14
12673 5 0 1 2 11 14 37
2 3
5 6
4 7
6 7
4 8
6 8
3 9
5 9
7 9
8 9
2 10
5 10
7 10
8 10
0 11
1 11
2 11
4 11
5 11
0 12
1 12
3 12
4 12
6 12
10 12
0 13
1 13
3 13
5 13
7 13
8 13
0 14
1 14
2 14
4 14
6 14
9 14
12674 6 0 1 4 11 14 37
2 3
5 6
4 7
6 7
4 8
6 8
3 9
5 9
7 9
8 9
0 10
3 10
4 10
6 10
0 11
1 11
2 11
4 11
5 11
1 12
2 12
5 12
7 12
8 12
10 12
0 13
1 13
3 13
5 13
7 13
8 13
0 14
1 14
2 14
4 14
6 14
9 14
12682 5 1 3 6 9 11 37
2 3
5 6
4 7
5 7
1 8
4 8
5 8
1 9
3 9
6 9
7 9
0 10
2 10
6 10
7 10
8 10
0 11
1 11
3 11
4 11
6 11
3 12
6 12
7 12
8 12
0 13
2 13
4 13
5 13
9 13
12 13
0 14
1 14
2 14
4 14
5 14
12 14
12691 5 0 1 6 9 11 37
2 3
5 6
3 7
4 7
5 7
1 8
3 8
6 8
0 9
1 9
6 9
7 9
0 10
3 10
4 10
5 10
0 11
1 11
2 11
4 11
6 11
1 12
6 12
7 12
10 12
2 13
4 13
5 13
8 13
9 13
12 13
0 14
2 14
4 14
5 14
8 14
12 14
12694 5 0 2 5 10 12 34
2 3
5 6
1 7
7 8
6 9
7 9
2 10
5 10
8 10
9 10
1 11
3 11
4 11
6 11
8 11
0 12
2 12
4 12
5 12
8 12
9 12
0 13
3 13
4 13
6 13
7 13
10 13
0 14
1 14
3 14
4 14
5 14
8 14
9 14
12713 1 0 1 2 3 9 35
2 3
4 6
5 7
4 8
5 8
1 9
3 9
6 9
7 9
8 9
3 10
6 10
7 10
2 11
4 11
5 11
10 11
1 12
2 12
4 12
5 12
10 12
0 13
6 13
7 13
8 13
11 13
12 13
0 14
1 14
3 14
6 14
7 14
8 14
11 14
12738 5 1 2 5 10 11 37
2 3
4 6
5 6
6 7
3 8
4 8
7 8
0 9
6 9
8 9
1 10
2 10
5 10
7 10
9 10
0 11
1 11
2 11
4 11
5 11
3 12
4 12
5 12
7 12
9 12
0 13
1 13
3 13
4 13
5 13
7 13
0 14
1 14
2 14
6 14
8 14
12 14
12525 5 0 1 2 11 14 37
2 3
4 7
5 7
6 7
0 8
7 8
3 9
5 9
6 9
8 9
0 10
1 10
3 10
7 10
0 11
1 11
2 11
4 11
9 11
2 12
4 12
5 12
6 12
8 12
10 12
1 13
3 13
4 13
5 13
6 13
8 13
0 14
1 14
2 14
4 14
5 14
6 14
12747 5 0 1 2 11 14 37
2 3
4 6
5 6
4 7
5 7
3 8
4 8
5 8
2 9
6 9
7 9
8 9
0 10
1 10
3 10
6 10
7 10
0 11
1 11
2 11
8 11
3 12
6 12
7 12
11 12
0 13
1 13
4 13
5 13
9 13
12 13
0 14
1 14
2 14
4 14
5 14
12 14
12754 4 2 3 8 9 10 37
2 3
4 6
5 6
3 7
6 7
2 8
6 8
3 9
5 9
8 9
1 10
2 10
6 10
9 10
0 11
1 11
4 11
7 11
9 11
0 12
1 12
4 12
5 12
7 12
8 12
0 13
3 13
4 13
5 13
8 13
10 13
0 14
1 14
2 14
4 14
5 14
7 14
12750 6 0 2 11 12 14 37
2 3
4 6
5 6
4 7
5 7
3 8
4 8
5 8
1 9
4 9
5 9
0 10
1 10
3 10
6 10
7 10
0 11
1 11
2 11
8 11
3 12
6 12
7 12
9 12
11 12
0 13
2 13
6 13
7 13
8 13
9 13
0 14
1 14
2 14
4 14
5 14
12 14
12761 4 0 1 9 10 11 36
2 3
4 6
5 6
2 7
4 7
5 7
1 8
6 8
7 8
0 9
6 9
7 9
1 10
2 10
5 10
9 10
0 11
3 11
4 11
10 11
3 12
4 12
5 12
8 12
9 12
1 13
2 13
6 13
11 13
12 13
0 14
3 14
4 14
5 14
8 14
13 14
12764 6 2 3 8 11 13 37
2 3
4 6
5 6
1 7
6 7
3 8
6 8
0 9
1 9
6 9
0 10
1 10
3 10
4 10
5 10
0 11
1 11
2 11
8 11
3 12
4 12
5 12
7 12
9 12
11 12
2 13
4 13
5 13
7 13
8 13
9 13
0 14
2 14
4 14
5 14
7 14
8 14
12765 5 0 3 5 10 14 37
2 3
4 6
5 6
1 7
6 7
2 8
4 8
7 8
1 9
3 9
6 9
8 9
0 10
3 10
5 10
8 10
0 11
1 11
2 11
4 11
5 11
0 12
4 12
5 12
7 12
9 12
1 13
2 13
6 13
10 13
12 13
0 14
3 14
4 14
5 14
7 14
13 14
12755 6 2 3 8 9 11 37
2 3
4 6
5 6
3 7
6 7
2 8
6 8
3 9
4 9
5 9
8 9
0 10
1 10
6 10
9 10
0 11
1 11
3 11
8 11
2 12
4 12
5 12
7 12
10 12
11 12
0 13
1 13
4 13
5 13
7 13
8 13
0 14
1 14
2 14
4 14
5 14
7 14
12766 6 0 2 3 9 10 37
2 3
4 6
5 6
1 7
6 7
1 8
6 8
0 9
2 9
6 9
0 10
2 10
7 10
8 10
0 11
1 11
2 11
4 11
5 11
3 12
4 12
5 12
7 12
8 12
9 12
1 13
3 13
4 13
5 13
9 13
10 13
0 14
3 14
4 14
5 14
7 14
8 14
12773 4 0 1 2 10 14 37
2 3
4 6
5 6
0 7
6 7
3 8
4 8
5 8
7 8
3 9
4 9
5 9
7 9
0 10
1 10
2 10
6 10
0 11
1 11
3 11
6 11
8 12
9 12
10 12
11 12
1 13
2 13
4 13
5 13
7 13
12 13
0 14
1 14
2 14
4 14
5 14
12 14
12793 4 0 1 2 12 14 38
2 3
3 6
3 7
3 8
4 8
5 8
0 9
8 9
4 10
5 10
6 10
7 10
9 10
4 11
5 11
6 11
7 11
9 11
0 12
1 12
2 12
8 12
10 12
11 12
1 13
2 13
4 13
5 13
6 13
7 13
9 13
0 14
1 14
2 14
4 14
5 14
6 14
7 14
12794 5 0 1 2 13 14 38
2 3
3 6
3 7
2 8
4 9
5 9
6 9
7 9
8 9
4 10
5 10
6 10
7 10
8 10
4 11
5 11
6 11
7 11
8 11
0 12
1 12
3 12
4 12
5 12
8 12
0 13
1 13
2 13
9 13
10 13
11 13
0 14
1 14
2 14
4 14
5 14
6 14
7 14
12803 5 0 1 3 9 13 38
2 3
3 6
2 7
1 8
2 8
0 9
1 9
3 9
4 10
5 10
6 10
7 10
8 10
9 10
4 11
5 11
6 11
7 11
8 11
9 11
0 12
4 12
5 12
6 12
7 12
8 12
0 13
1 13
3 13
4 13
5 13
7 13
0 14
1 14
2 14
4 14
5 14
6 14
12821 5 0 1 9 10 13 38
2 3
3 6
0 7
1 8
3 8
4 8
5 8
7 8
0 9
1 9
2 9
4 10
5 10
6 10
7 10
9 10
4 11
5 11
6 11
7 11
9 11
2 12
4 12
5 12
6 12
7 12
0 13
1 13
3 13
10 13
11 13
12 13
0 14
1 14
2 14
4 14
5 14
6 14
12820 5 0 2 3 7 13 38
2 3
3 6
1 7
3 7
4 7
5 7
0 8
3 8
0 9
1 9
2 9
4 10
5 10
6 10
8 10
9 10
4 11
5 11
6 11
8 11
9 11
1 12
4 12
5 12
6 12
8 12
0 13
2 13
7 13
10 13
11 13
12 13
0 14
1 14
2 14
4 14
5 14
6 14
12829 5 0 1 10 11 12 37
2 3
3 6
0 7
4 7
5 7
6 7
1 8
7 8
3 9
4 9
5 9
8 9
0 10
1 10
2 10
9 10
0 11
1 11
3 11
4 12
5 12
6 12
8 12
10 12
11 12
2 13
4 13
5 13
6 13
8 13
11 13
0 14
1 14
2 14
4 14
5 14
6 14
12828 6 0 1 2 11 14 37
2 3
3 6
0 7
4 7
5 7
6 7
3 8
4 8
5 8
0 9
8 9
1 10
3 10
7 10
9 10
0 11
2 11
8 11
10 11
1 12
4 12
5 12
6 12
9 12
11 12
1 13
2 13
4 13
5 13
6 13
9 13
0 14
1 14
2 14
4 14
5 14
6 14
12833 4 0 1 2 9 14 37
2 3
3 6
5 6
4 7
5 7
0 8
6 8
7 8
1 9
2 9
4 9
8 9
6 10
7 10
9 10
3 11
4 11
5 11
8 11
10 11
1 12
2 12
6 12
7 12
11 12
0 13
3 13
4 13
5 13
10 13
12 13
0 14
1 14
2 14
4 14
5 14
10 14
12832 6 2 3 5 6 12 33
2 3
3 6
5 6
6 7
1 8
2 8
4 8
7 8
0 9
4 9
7 9
3 10
4 10
7 10
1 11
5 11
9 11
10 11
2 12
5 12
9 12
10 12
0 13
6 13
8 13
11 13
12 13
0 14
1 14
3 14
4 14
5 14
7 14
12835 4 0 1 2 10 12 36
2 3
3 6
5 6
3 7
5 7
2 8
0 9
3 9
4 9
5 9
8 9
0 10
1 10
2 10
5 10
4 11
6 11
7 11
8 11
10 11
0 12
2 12
5 12
11 12
1 13
4 13
6 13
7 13
8 13
12 13
1 14
4 14
6 14
7 14
8 14
12 14
12836 5 0 1 4 10 11 37
2 3
3 6
5 6
3 7
4 7
5 7
2 8
5 8
2 9
4 9
5 9
0 10
1 10
4 10
6 10
8 10
0 11
1 11
3 11
4 11
6 12
7 12
8 12
9 12
11 12
0 13
1 13
6 13
7 13
8 13
9 13
0 14
1 14
2 14
4 14
5 14
12 14
12839 3 0 2 4 10 11 37
2 3
3 6
5 6
2 7
5 7
1 8
4 8
6 8
7 8
1 9
3 9
5 9
0 10
2 10
4 10
9 10
0 11
1 11
2 11
4 11
5 11
3 12
5 12
8 12
10 12
0 13
4 13
6 13
7 13
9 13
12 13
0 14
1 14
4 14
6 14
7 14
12 14
12856 6 0 1 3 9 13 36
2 3
3 6
4 6
5 6
5 7
5 8
0 9
1 9
3 9
2 10
4 10
7 10
8 10
9 10
6 11
7 11
8 11
9 11
0 12
1 12
2 12
4 12
5 12
11 12
0 13
1 13
3 13
4 13
7 13
8 13
0 14
1 14
2 14
6 14
7 14
8 14
12448 4 1 2 7 8 9 39
2 3
1 8
2 8
6 8
7 8
1 9
2 9
7 9
0 10
2 10
4 10
5 10
6 10
7 10
1 11
3 11
4 11
5 11
6 11
7 11
0 12
3 12
4 12
5 12
6 12
9 12
0 13
3 13
4 13
5 13
8 13
9 13
0 14
1 14
3 14
4 14
5 14
6 14
7 14
12681 5 0 1 2 11 14 37
2 3
5 6
4 7
5 7
3 8
6 8
7 8
1 9
3 9
4 9
5 9
0 10
3 10
6 10
7 10
0 11
1 11
2 11
4 11
6 11
1 12
4 12
5 12
8 12
10 12
0 13
2 13
6 13
7 13
9 13
12 13
0 14
1 14
2 14
4 14
5 14
8 14
12874 6 2 3 6 9 10 37
2 3
2 6
3 7
2 8
4 8
5 8
7 8
3 9
4 9
5 9
6 9
0 10
1 10
2 10
9 10
0 11
1 11
3 11
8 11
4 12
5 12
6 12
7 12
10 12
11 12
0 13
1 13
4 13
5 13
6 13
7 13
0 14
1 14
4 14
5 14
6 14
7 14
12886 7 2 5 6 8 12 36
2 3
2 6
5 6
3 7
4 7
2 8
4 8
5 8
3 9
4 9
5 9
0 10
1 10
6 10
7 10
8 11
9 11
10 11
0 12
1 12
2 12
5 12
7 12
11 12
0 13
1 13
3 13
4 13
6 13
11 13
0 14
1 14
6 14
7 14
8 14
9 14
12888 3 0 1 3 4 13 37
2 3
2 6
4 6
2 7
5 7
3 8
4 8
5 8
4 9
5 9
6 10
7 10
8 10
9 10
1 11
3 11
6 11
7 11
9 11
1 12
6 12
7 12
8 12
9 12
0 13
1 13
3 13
4 13
5 13
10 13
0 14
2 14
4 14
5 14
10 14
11 14
12 14
12911 5 1 3 7 9 10 37
2 3
1 6
0 7
2 8
4 8
5 8
6 8
7 8
1 9
3 9
7 9
1 10
3 10
4 10
5 10
7 10
1 11
2 11
7 11
0 12
4 12
5 12
6 12
9 12
11 12
0 13
3 13
4 13
5 13
6 13
11 13
0 14
2 14
4 14
5 14
6 14
9 14
12912 5 0 1 10 11 12 37
2 3
1 6
0 7
1 8
2 8
4 8
5 8
7 8
0 9
3 9
4 9
5 9
6 9
0 10
1 10
0 11
1 11
2 11
4 11
3 12
5 12
6 12
7 12
10 12
11 12
2 13
4 13
5 13
6 13
7 13
10 13
3 14
4 14
5 14
6 14
7 14
10 14
12924 5 0 2 4 9 11 37
2 3
1 6
5 6
1 7
5 7
3 8
4 8
5 8
0 9
2 9
4 9
5 9
0 10
3 10
4 10
6 10
7 10
0 11
1 11
2 11
4 11
6 12
7 12
8 12
9 12
11 12
1 13
3 13
4 13
5 13
12 13
0 14
2 14
6 14
7 14
8 14
13 14
12944 4 0 1 2 3 12 35
2 3
0 6
6 7
1 8
4 8
5 8
6 8
3 9
7 9
8 9
4 10
5 10
7 10
2 11
6 11
9 11
10 11
0 12
1 12
2 12
9 12
10 12
3 13
4 13
5 13
7 13
11 13
12 13
0 14
1 14
3 14
4 14
5 14
7 14
11 14
12949 6 2 3 7 11 12 37
2 3
0 6
3 7
2 8
4 8
5 8
6 8
0 9
1 9
7 9
8 9
0 10
1 10
4 10
5 10
7 10
0 11
2 11
7 11
3 12
4 12
5 12
6 12
9 12
11 12
1 13
3 13
4 13
5 13
6 13
11 13
1 14
2 14
4 14
5 14
6 14
7 14
12962 5 3 4 5 9 11 37
2 3
0 6
1 6
3 9
4 9
5 9
2 10
6 10
7 10
8 10
9 10
3 11
4 11
5 11
6 11
7 11
8 11
0 12
1 12
2 12
7 12
8 12
9 12
0 13
1 13
2 13
4 13
5 13
7 13
8 13
0 14
1 14
3 14
4 14
5 14
7 14
8 14
12963 4 0 1 6 9 10 35
2 3
0 6
1 6
2 7
5 7
6 7
3 8
4 8
6 8
2 9
6 9
1 10
3 10
4 10
5 10
9 10
2 11
4 11
5 11
0 12
3 12
4 12
5 12
1 13
7 13
8 13
9 13
11 13
12 13
1 14
7 14
8 14
9 14
11 14
12 14
12989 5 0 1 2 9 10 37
2 3
4 5
1 7
5 7
6 7
0 8
4 8
7 8
1 9
2 9
4 9
0 10
1 10
2 10
5 10
6 10
0 11
1 11
3 11
4 11
6 11
3 12
5 12
6 12
8 12
9 12
3 13
5 13
6 13
8 13
9 13
0 14
2 14
4 14
7 14
12 14
13 14
12992 1 0 1 2 3 13 36
2 3
4 5
5 6
5 7
5 9
3 10
4 10
6 10
7 10
8 10
9 10
1 11
2 11
4 11
6 11
8 11
9 11
0 12
3 12
6 12
7 12
8 12
9 12
0 13
1 13
2 13
7 13
8 13
9 13
0 14
1 14
3 14
4 14
7 14
8 14
9 14
13002 4 0 2 3 5 11 35
2 3
4 5
4 6
5 7
5 8
3 9
4 9
0 10
6 10
7 10
8 10
9 10
0 11
3 11
5 11
0 12
1 12
3 12
4 12
7 12
8 12
1 13
2 13
6 13
7 13
8 13
9 13
11 13
1 14
2 14
6 14
7 14
8 14
9 14
11 14
12960 3 0 2 4 6 7 39
2 3
0 6
2 6
4 6
5 6
0 7
2 7
4 7
1 8
5 8
7 8
1 9
3 9
4 9
2 10
8 10
9 10
6 11
8 11
9 11
1 12
3 12
5 12
7 12
10 12
11 12
0 13
3 13
4 13
5 13
10 13
11 13
0 14
1 14
3 14
4 14
5 14
10 14
11 14
13004 6 0 1 4 11 13 37
2 3
4 5
4 6
5 7
6 7
5 8
6 8
3 9
7 9
8 9
0 10
3 10
5 10
6 10
0 11
1 11
2 11
4 11
9 11
1 12
2 12
4 12
7 12
8 12
10 12
0 13
1 13
3 13
4 13
7 13
8 13
0 14
1 14
2 14
5 14
6 14
9 14
13006 6 0 1 4 13 14 36
2 3
4 5
4 6
5 7
6 7
3 8
7 8
3 9
5 9
6 9
2 10
4 10
7 10
9 10
2 11
5 11
6 11
8 11
0 12
1 12
5 12
6 12
8 12
10 12
0 13
1 13
3 13
4 13
7 13
11 13
0 14
1 14
2 14
4 14
8 14
9 14
13007 5 2 3 8 10 11 37
2 3
4 5
4 6
5 7
6 7
3 8
7 8
2 9
4 9
7 9
2 10
5 10
6 10
8 10
0 11
1 11
2 11
4 11
8 11
0 12
1 12
5 12
6 12
8 12
9 12
0 13
1 13
3 13
4 13
7 13
10 13
0 14
1 14
3 14
5 14
6 14
9 14
12630 6 1 2 3 7 9 35
2 3
0 7
3 7
5 8
6 8
7 8
1 9
2 9
4 9
7 9
5 10
6 10
9 10
3 11
4 11
8 11
10 11
0 12
1 12
3 12
4 12
5 12
6 12
0 13
1 13
2 13
5 13
6 13
11 13
0 14
1 14
2 14
4 14
8 14
10 14
13013 6 2 3 7 10 11 37
2 3
4 5
4 6
3 7
3 8
5 8
6 8
2 9
4 9
8 9
2 10
5 10
6 10
7 10
0 11
1 11
3 11
4 11
10 11
0 12
1 12
5 12
6 12
7 12
9 12
0 13
1 13
5 13
6 13
7 13
9 13
0 14
1 14
2 14
4 14
7 14
8 14
13024 4 0 1 7 9 12 38
2 3
4 5
4 6
2 7
5 7
6 7
2 8
4 8
0 9
1 9
3 9
7 9
5 10
6 10
8 10
9 10
3 11
5 11
6 11
8 11
0 12
1 12
4 12
7 12
10 12
11 12
0 13
1 13
3 13
5 13
6 13
8 13
0 14
1 14
2 14
4 14
10 14
11 14
13029 5 0 1 8 9 11 37
2 3
4 5
4 6
1 7
4 7
2 8
0 9
1 9
5 9
6 9
8 9
0 10
2 10
5 10
6 10
7 10
0 11
1 11
3 11
4 11
8 11
3 12
5 12
6 12
7 12
8 12
3 13
5 13
6 13
7 13
8 13
0 14
1 14
2 14
4 14
12 14
13 14
13031 5 1 2 4 9 11 37
2 3
4 5
4 6
0 7
4 7
0 8
1 9
2 9
4 9
8 9
0 10
3 10
5 10
6 10
9 10
0 11
1 11
2 11
4 11
3 12
5 12
6 12
7 12
8 12
11 12
1 13
2 13
5 13
6 13
7 13
8 13
1 14
3 14
5 14
6 14
7 14
8 14
13036 4 1 2 5 9 10 37
2 3
4 5
3 6
0 7
4 7
6 7
0 8
4 8
6 8
1 9
2 9
5 9
8 9
1 10
2 10
5 10
6 10
1 11
3 11
5 11
7 11
3 12
5 12
7 12
8 12
0 13
4 13
9 13
10 13
11 13
12 13
0 14
1 14
2 14
4 14
6 14
12 14
13039 6 0 2 5 8 9 37
2 3
4 5
3 6
5 6
3 7
5 7
2 8
5 8
0 9
2 9
5 9
0 10
1 10
3 10
4 10
0 11
1 11
2 11
4 11
6 12
7 12
8 12
9 12
10 12
11 12
1 13
4 13
6 13
7 13
8 13
9 13
0 14
1 14
4 14
6 14
7 14
8 14
13046 6 0 1 3 11 13 36
2 3
4 5
2 6
5 7
6 7
4 8
6 8
3 9
5 9
6 9
2 10
4 10
0 11
1 11
3 11
5 11
8 11
10 11
0 12
1 12
2 12
4 12
7 12
9 12
0 13
1 13
3 13
7 13
8 13
10 13
0 14
1 14
7 14
8 14
9 14
10 14
13061 4 0 1 5 10 11 37
2 3
4 5
1 6
3 7
4 7
6 7
0 8
5 8
7 8
0 9
2 9
4 9
6 9
0 10
1 10
2 10
5 10
0 11
1 11
3 11
5 11
1 12
5 12
7 12
9 12
2 13
4 13
6 13
8 13
11 13
12 13
3 14
4 14
6 14
8 14
10 14
12 14
13067 4 0 2 3 10 11 37
2 3
4 5
1 6
4 6
1 7
4 7
0 8
4 8
1 9
3 9
5 9
8 9
0 10
2 10
5 10
6 10
7 10
0 11
1 11
2 11
5 11
3 12
6 12
7 12
8 12
11 12
3 13
5 13
6 13
7 13
8 13
0 14
2 14
4 14
9 14
12 14
13 14
13076 5 2 3 7 9 11 37
2 3
4 5
0 6
5 6
2 7
2 8
4 8
6 8
1 9
2 9
5 9
1 10
3 10
4 10
6 10
7 10
0 11
3 11
4 11
7 11
9 11
3 12
4 12
6 12
9 12
0 13
1 13
5 13
7 13
8 13
12 13
0 14
1 14
5 14
7 14
8 14
12 14
13091 3 0 1 4 8 14 40
2 3
3 5
4 6
2 7
5 7
6 7
0 8
1 8
2 8
4 8
5 9
6 9
8 9
5 10
6 10
8 10
3 11
4 11
7 11
9 11
10 11
3 12
4 12
7 12
9 12
10 12
0 13
1 13
2 13
5 13
6 13
11 13
12 13
0 14
1 14
3 14
4 14
7 14
9 14
10 14
13104 6 2 3 5 7 13 36
2 3
3 5
2 6
1 7
3 7
1 8
2 8
0 9
1 9
6 9
0 10
3 10
4 10
6 10
8 10
0 11
1 11
4 11
5 11
6 11
4 12
5 12
7 12
8 12
9 12
2 13
4 13
5 13
7 13
9 13
0 14
4 14
5 14
6 14
7 14
8 14
13099 3 0 1 2 3 9 39
2 3
3 5
2 6
3 7
3 8
0 9
1 9
2 9
4 10
5 10
6 10
7 10
8 10
9 10
4 11
5 11
6 11
7 11
8 11
9 11
4 12
5 12
6 12
7 12
8 12
9 12
0 13
1 13
4 13
6 13
7 13
8 13
0 14
1 14
4 14
5 14
6 14
7 14
8 14
13107 3 2 3 5 6 10 37
2 3
3 5
2 6
4 6
5 6
2 7
1 8
4 8
7 8
0 9
1 9
5 9
7 9
0 10
3 10
6 10
8 10
0 11
3 11
4 11
7 11
6 12
8 12
9 12
11 12
1 13
4 13
5 13
7 13
10 13
12 13
0 14
1 14
2 14
4 14
5 14
12 14
13108 5 0 1 5 10 11 36
2 3
3 5
1 6
2 7
1 8
3 8
0 9
3 9
4 9
6 9
7 9
0 10
1 10
4 10
5 10
7 10
0 11
1 11
2 11
5 11
4 12
6 12
7 12
8 12
11 12
2 13
4 13
5 13
6 13
8 13
0 14
4 14
5 14
6 14
7 14
8 14
13117 6 1 2 3 9 11 37
2 3
3 5
0 6
4 6
5 6
2 7
4 7
3 8
4 8
1 9
2 9
4 9
5 9
0 10
1 10
5 10
7 10
8 10
0 11
3 11
9 11
1 12
6 12
7 12
8 12
11 12
1 13
6 13
7 13
8 13
11 13
0 14
2 14
4 14
5 14
12 14
13 14
13129 4 0 1 7 8 14 36
2 3
3 5
4 5
4 6
3 7
4 7
0 8
1 8
7 8
0 9
7 9
1 10
5 10
6 10
9 10
2 11
6 11
8 11
9 11
3 12
4 12
10 12
11 12
2 13
5 13
6 13
8 13
9 13
12 13
0 14
1 14
2 14
5 14
6 14
7 14
12 14
13131 4 0 1 2 3 9 37
2 3
3 5
4 5
4 6
1 7
5 7
6 7
0 8
3 8
6 8
0 9
1 9
2 9
5 10
6 10
9 10
5 11
6 11
9 11
2 12
4 12
7 12
8 12
10 12
11 12
1 13
2 13
4 13
8 13
10 13
11 13
0 14
3 14
4 14
7 14
10 14
11 14
13132 5 0 1 8 9 11 35
2 3
3 5
4 5
3 6
3 7
4 7
1 8
7 8
1 9
7 9
0 10
5 10
7 10
0 11
5 11
6 11
8 11
9 11
0 12
1 12
2 12
5 12
6 12
2 13
4 13
6 13
8 13
9 13
10 13
2 14
4 14
6 14
8 14
9 14
10 14
13137 4 2 3 8 9 10 37
2 3
3 5
4 5
0 6
5 6
1 7
5 7
3 8
0 9
2 9
4 9
7 9
8 9
1 10
2 10
4 10
6 10
8 10
0 11
1 11
3 11
4 12
6 12
7 12
8 12
11 12
4 13
6 13
7 13
8 13
11 13
0 14
1 14
2 14
5 14
12 14
13 14
12841 6 0 4 5 7 12 36
2 3
3 6
5 6
0 7
4 7
5 7
1 8
2 8
7 8
6 9
8 9
3 10
7 10
9 10
4 11
6 11
8 11
10 11
0 12
1 12
3 12
4 12
5 12
9 12
0 13
1 13
2 13
5 13
9 13
11 13
0 14
1 14
2 14
4 14
6 14
10 14
13139 5 0 1 6 7 13 35
2 3
3 5
4 5
0 6
1 6
3 7
6 7
2 8
6 8
3 9
6 9
5 10
8 10
9 10
1 11
5 11
8 11
9 11
1 12
4 12
7 12
8 12
9 12
0 13
1 13
2 13
4 13
7 13
10 13
0 14
2 14
4 14
7 14
10 14
11 14
13155 2 2 3 4 5 6 37
2 3
2 5
3 6
4 6
5 6
5 7
4 8
5 8
1 9
3 9
7 9
2 10
4 10
9 10
2 11
4 11
9 11
0 12
6 12
7 12
8 12
10 12
11 12
0 13
1 13
3 13
7 13
8 13
10 13
11 13
0 14
1 14
6 14
7 14
8 14
10 14
11 14
13156 5 2 5 6 7 8 36
2 3
2 5
2 6
4 7
5 8
6 8
7 8
3 9
4 9
3 10
4 10
0 11
1 11
3 11
4 11
8 11
0 12
1 12
2 12
8 12
9 12
10 12
0 13
1 13
5 13
6 13
7 13
9 13
10 13
0 14
1 14
5 14
6 14
7 14
9 14
10 14
13167 5 0 3 6 7 9 35
2 3
2 5
0 6
0 7
5 7
7 8
3 9
4 9
6 9
7 9
5 10
9 10
1 11
2 11
6 11
8 11
10 11
1 12
3 12
4 12
5 12
6 12
8 12
0 13
1 13
2 13
4 13
8 13
10 13
0 14
1 14
3 14
4 14
8 14
10 14
13163 4 0 1 2 7 14 39
2 3
2 5
1 6
3 6
0 7
1 7
2 7
4 8
5 8
6 8
7 8
4 9
5 9
6 9
7 9
3 10
8 10
9 10
3 11
8 11
9 11
0 12
4 12
5 12
6 12
10 12
11 12
0 13
1 13
4 13
5 13
10 13
11 13
0 14
1 14
2 14
4 14
10 14
11 14
13178 5 0 1 6 11 14 34
2 3
2 5
4 5
1 6
5 7
3 8
4 8
3 9
4 9
2 10
6 10
7 10
8 10
1 11
5 11
9 11
10 11
0 12
1 12
7 12
8 12
9 12
0 13
2 13
6 13
7 13
8 13
9 13
0 14
3 14
4 14
6 14
7 14
11 14
13204 2 0 2 3 6 12 37
2 3
1 5
3 6
1 7
3 7
1 8
2 8
4 9
5 9
6 9
8 9
2 10
4 10
5 10
7 10
3 11
9 11
10 11
0 12
1 12
2 12
4 12
6 12
11 12
4 13
5 13
6 13
7 13
8 13
11 13
0 14
4 14
5 14
6 14
7 14
8 14
11 14
13205 3 0 2 3 10 11 35
2 3
1 5
3 6
1 7
2 7
4 7
6 8
7 8
4 9
5 9
6 9
3 10
4 10
5 10
0 11
2 11
8 11
10 11
4 12
5 12
6 12
11 12
0 13
1 13
3 13
8 13
9 13
12 13
0 14
1 14
2 14
8 14
9 14
10 14
12 14
13206 4 0 1 5 11 13 35
2 3
1 5
3 6
5 6
3 7
4 7
2 8
5 8
7 8
4 9
6 9
8 9
0 10
7 10
9 10
0 11
5 11
9 11
3 12
4 12
8 12
10 12
11 12
1 13
2 13
4 13
6 13
10 13
11 13
0 14
1 14
2 14
6 14
7 14
12 14
13212 5 2 3 8 9 13 37
2 3
1 5
1 6
2 7
4 7
5 7
6 7
2 8
6 8
2 9
0 10
1 10
4 10
8 10
9 10
0 11
1 11
7 11
8 11
3 12
4 12
5 12
6 12
9 12
11 12
0 13
3 13
4 13
5 13
8 13
9 13
0 14
3 14
4 14
5 14
6 14
9 14
13219 4 0 1 2 11 13 35
2 3
1 5
0 6
3 7
5 7
6 7
2 8
4 8
5 8
3 9
4 9
6 9
3 10
4 10
5 10
0 11
1 11
2 11
9 11
6 12
8 12
10 12
11 12
0 13
1 13
2 13
4 13
7 13
12 13
0 14
1 14
7 14
8 14
9 14
10 14
13227 4 1 4 5 8 14 37
2 3
1 5
4 5
5 8
3 9
4 9
8 9
0 10
1 10
2 10
6 10
7 10
9 10
0 11
2 11
5 11
6 11
7 11
9 11
0 12
2 12
4 12
6 12
7 12
8 12
0 13
1 13
3 13
6 13
7 13
8 13
1 14
3 14
4 14
6 14
7 14
8 14
13242 2 0 3 8 10 12 37
2 3
1 5
2 5
5 6
5 7
0 10
3 10
4 10
5 10
8 10
9 10
2 11
4 11
6 11
7 11
8 11
9 11
0 12
3 12
6 12
7 12
8 12
9 12
1 13
2 13
4 13
6 13
7 13
8 13
9 13
1 14
3 14
4 14
6 14
7 14
8 14
9 14
13243 3 0 1 2 3 13 37
2 3
1 5
2 5
5 6
2 7
4 7
3 8
6 8
6 9
7 9
4 10
5 10
8 10
9 10
4 11
5 11
8 11
9 11
3 12
6 12
7 12
10 12
11 12
0 13
1 13
2 13
4 13
8 13
9 13
12 13
0 14
1 14
3 14
6 14
7 14
10 14
11 14
13254 5 0 3 6 10 13 35
2 3
0 5
3 7
4 7
5 7
6 7
1 8
2 8
4 8
5 8
4 9
5 9
0 10
3 10
6 10
9 10
1 11
2 11
6 11
9 11
8 12
10 12
11 12
0 13
1 13
3 13
4 13
6 13
12 13
0 14
1 14
2 14
7 14
9 14
12 14
13264 3 0 1 2 5 10 37
2 3
0 5
1 6
1 7
1 10
2 10
4 10
5 10
8 10
9 10
3 11
5 11
6 11
7 11
8 11
9 11
0 12
3 12
4 12
6 12
7 12
8 12
9 12
2 13
4 13
5 13
6 13
7 13
8 13
9 13
3 14
4 14
5 14
6 14
7 14
8 14
9 14
13265 3 0 1 5 7 14 38
2 3
0 5
1 6
0 7
1 7
2 7
7 8
7 9
3 10
4 10
5 10
6 10
8 10
9 10
2 11
4 11
5 11
6 11
8 11
9 11
2 12
4 12
5 12
6 12
8 12
9 12
0 13
3 13
4 13
6 13
8 13
9 13
1 14
3 14
4 14
5 14
8 14
9 14
13266 5 1 4 5 6 12 36
2 3
0 5
1 6
3 6
4 6
5 6
2 7
4 7
3 10
5 10
7 10
8 10
9 10
0 11
6 11
7 11
8 11
9 11
1 12
2 12
4 12
5 12
8 12
9 12
0 13
1 13
2 13
4 13
8 13
9 13
0 14
1 14
3 14
7 14
8 14
9 14
12281 4 0 1 3 4 8 38
0 4
1 4
4 5
0 8
1 8
3 8
1 9
2 10
3 10
4 10
6 10
7 10
9 10
0 11
3 11
5 11
6 11
7 11
9 11
2 12
5 12
6 12
7 12
8 12
9 12
2 13
5 13
6 13
7 13
8 13
9 13
0 14
1 14
2 14
3 14
5 14
6 14
7 14
13276 3 0 2 3 6 9 37
2 3
0 5
4 5
0 6
3 6
4 6
4 7
1 9
2 9
6 9
8 9
3 10
5 10
7 10
8 10
4 11
9 11
10 11
0 12
1 12
2 12
7 12
8 12
11 12
1 13
3 13
5 13
7 13
8 13
11 13
1 14
2 14
5 14
6 14
7 14
8 14
11 14
13277 4 1 2 4 12 13 37
2 3
0 5
3 5
4 6
3 7
3 8
4 8
5 9
6 9
7 9
8 9
5 10
6 10
7 10
8 10
0 11
6 11
7 11
8 11
1 12
2 12
4 12
9 12
10 12
11 12
1 13
2 13
4 13
9 13
10 13
11 13
0 14
1 14
2 14
6 14
7 14
8 14
13278 5 0 1 2 11 14 35
2 3
0 5
3 5
3 6
5 7
3 8
4 8
5 9
8 9
4 10
6 10
7 10
9 10
1 11
2 11
8 11
10 11
1 12
2 12
4 12
6 12
7 12
9 12
0 13
4 13
6 13
7 13
9 13
11 13
0 14
1 14
2 14
6 14
7 14
8 14
13279 5 0 1 3 5 11 35
2 3
0 5
3 5
3 6
4 6
4 7
4 8
3 9
7 9
8 9
6 10
7 10
8 10
0 11
1 11
9 11
10 11
2 12
5 12
6 12
7 12
8 12
11 12
1 13
2 13
4 13
5 13
9 13
10 13
0 14
1 14
2 14
6 14
7 14
8 14
13285 4 0 3 4 6 12 40
2 3
0 5
2 5
0 6
1 6
3 6
4 6
0 7
1 7
3 7
4 8
5 8
7 8
4 9
5 9
7 9
3 10
4 10
5 10
2 11
6 11
8 11
9 11
10 11
0 12
3 12
4 12
11 12
1 13
2 13
8 13
9 13
10 13
12 13
1 14
2 14
8 14
9 14
10 14
12 14
13295 3 0 2 3 5 6 37
2 3
0 5
1 5
2 5
3 6
5 6
1 7
6 7
2 8
7 8
7 9
0 10
4 10
6 10
8 10
9 10
0 11
3 11
4 11
8 11
9 11
5 12
7 12
10 12
11 12
1 13
2 13
4 13
6 13
9 13
12 13
1 14
3 14
4 14
8 14
9 14
12 14
13297 3 0 1 3 9 11 39
2 3
3 4
0 9
1 9
3 9
4 10
5 10
6 10
7 10
8 10
9 10
1 11
3 11
5 11
6 11
7 11
8 11
2 12
4 12
5 12
6 12
7 12
8 12
9 12
0 13
2 13
4 13
5 13
6 13
7 13
8 13
0 14
1 14
2 14
4 14
5 14
6 14
7 14
8 14
12462 4 0 1 2 3 8 38
2 3
0 8
1 8
2 8
2 9
4 9
5 9
6 9
7 9
0 10
1 10
3 10
9 10
3 11
4 11
5 11
6 11
7 11
8 11
4 12
5 12
6 12
7 12
8 12
10 12
4 13
5 13
6 13
7 13
8 13
10 13
0 14
1 14
3 14
4 14
5 14
6 14
7 14
13314 6 0 2 3 7 10 35
2 3
3 4
3 7
5 7
3 8
5 8
6 8
1 9
4 9
7 9
8 9
0 10
2 10
4 10
6 10
7 10
1 11
4 11
5 11
6 11
0 12
7 12
8 12
11 12
2 13
5 13
6 13
9 13
12 13
0 14
1 14
2 14
4 14
5 14
6 14
13318 5 0 2 3 7 12 36
2 3
3 4
2 7
5 7
6 7
2 8
5 8
6 8
3 9
5 9
6 9
1 10
4 10
8 10
9 10
1 11
4 11
5 11
6 11
0 12
3 12
7 12
10 12
11 12
0 13
1 13
4 13
7 13
8 13
9 13
1 14
2 14
4 14
5 14
6 14
12 14
13323 6 0 2 4 11 14 36
2 3
3 4
5 6
5 7
2 8
5 8
4 9
6 9
7 9
8 9
4 10
6 10
7 10
8 10
0 11
2 11
4 11
5 11
1 12
3 12
6 12
7 12
8 12
11 12
0 13
1 13
3 13
5 13
9 13
10 13
0 14
1 14
2 14
4 14
6 14
7 14
13330 5 0 1 6 10 12 37
2 3
3 4
4 6
5 6
4 7
4 8
5 9
7 9
8 9
0 10
1 10
3 10
6 10
9 10
3 11
6 11
9 11
0 12
1 12
2 12
6 12
7 12
8 12
0 13
1 13
2 13
5 13
7 13
8 13
11 13
0 14
1 14
2 14
5 14
7 14
8 14
11 14
13337 5 0 1 5 13 14 36
2 3
3 4
1 6
3 7
6 7
2 8
2 9
0 10
2 10
7 10
3 11
5 11
6 11
8 11
9 11
10 11
4 12
5 12
6 12
8 12
9 12
10 12
0 13
1 13
4 13
5 13
7 13
8 13
9 13
0 14
1 14
4 14
5 14
7 14
8 14
9 14
13339 5 0 1 2 3 12 36
2 3
3 4
4 5
5 8
6 8
7 8
5 9
6 9
7 9
5 10
6 10
7 10
3 11
8 11
9 11
10 11
0 12
1 12
3 12
5 12
6 12
7 12
0 13
1 13
2 13
4 13
6 13
7 13
11 13
0 14
1 14
2 14
4 14
8 14
9 14
10 14
13349 4 0 1 2 9 11 35
2 3
3 4
4 5
4 6
4 7
2 8
1 9
7 9
8 9
5 10
6 10
7 10
8 10
0 11
2 11
5 11
6 11
9 11
0 12
3 12
9 12
10 12
1 13
5 13
6 13
7 13
8 13
12 13
0 14
1 14
3 14
5 14
6 14
7 14
8 14
13357 5 0 1 6 8 14 37
2 3
3 4
3 5
0 8
3 8
6 8
7 8
1 9
2 9
8 9
0 10
2 10
1 11
4 11
5 11
6 11
7 11
10 11
4 12
5 12
6 12
7 12
9 12
10 12
4 13
5 13
6 13
7 13
9 13
10 13
0 14
1 14
2 14
4 14
5 14
6 14
7 14
13361 2 0 1 4 9 12 39
2 3
3 4
3 5
5 7
6 7
5 8
6 8
0 9
1 9
4 9
7 9
8 9
3 10
7 10
8 10
3 11
7 11
8 11
0 12
1 12
2 12
4 12
6 12
10 12
11 12
0 13
2 13
4 13
5 13
6 13
10 13
11 13
1 14
2 14
4 14
5 14
6 14
10 14
11 14
13371 4 0 1 2 3 14 38
2 3
3 4
2 5
3 9
5 9
6 9
7 9
8 9
4 10
5 10
6 10
7 10
8 10
4 11
5 11
6 11
7 11
8 11
0 12
1 12
2 12
9 12
10 12
11 12
0 13
1 13
2 13
4 13
6 13
7 13
8 13
0 14
1 14
3 14
5 14
6 14
7 14
8 14
13372 6 0 1 9 10 14 35
2 3
3 4
2 5
2 9
4 9
6 9
0 10
1 10
9 10
3 11
5 11
6 11
7 11
8 11
10 11
4 12
5 12
6 12
7 12
8 12
10 12
0 13
1 13
2 13
4 13
6 13
7 13
8 13
0 14
1 14
3 14
5 14
7 14
8 14
9 14
12743 6 2 3 9 10 11 37
2 3
4 6
5 6
4 7
5 7
6 8
7 8
2 9
4 9
5 9
1 10
3 10
8 10
9 10
0 11
2 11
6 11
7 11
10 11
0 12
1 12
3 12
6 12
7 12
9 12
0 13
1 13
2 13
4 13
5 13
8 13
0 14
1 14
3 14
4 14
5 14
8 14
13382 4 0 1 8 10 12 36
2 3
3 4
1 5
3 9
5 9
6 9
7 9
1 10
2 10
4 10
8 10
9 10
4 11
5 11
6 11
7 11
8 11
0 12
1 12
3 12
6 12
7 12
8 12
2 13
4 13
5 13
6 13
7 13
8 13
0 14
2 14
4 14
5 14
6 14
7 14
8 14
13383 5 0 2 3 4 12 36
2 3
3 4
1 5
4 6
5 6
4 7
3 9
1 10
6 10
7 10
8 10
9 10
0 11
2 11
5 11
7 11
8 11
9 11
0 12
2 12
4 12
5 12
8 12
9 12
0 13
1 13
3 13
6 13
7 13
8 13
1 14
2 14
6 14
7 14
8 14
9 14
13387 4 2 3 6 7 10 37
2 3
3 4
1 5
4 5
2 6
5 6
2 7
5 7
0 8
4 8
7 8
0 9
4 9
7 9
1 10
3 10
6 10
7 10
0 11
3 11
5 11
1 12
6 12
8 12
9 12
11 12
1 13
6 13
8 13
9 13
11 13
0 14
2 14
4 14
10 14
12 14
13 14
13390 5 0 1 2 5 14 34
2 3
3 4
1 5
2 5
0 6
4 6
4 7
3 8
2 9
4 9
1 10
6 10
8 10
9 10
1 11
6 11
7 11
8 11
9 11
0 12
5 12
7 12
8 12
9 12
0 13
3 13
5 13
7 13
10 13
0 14
1 14
2 14
7 14
8 14
13229 4 0 1 4 5 13 36
2 3
1 5
4 5
5 6
3 7
4 7
2 8
5 8
1 9
6 9
7 9
2 10
6 10
7 10
0 11
4 11
8 11
9 11
10 11
0 12
3 12
8 12
9 12
10 12
0 13
1 13
3 13
4 13
6 13
8 13
1 14
2 14
6 14
7 14
11 14
12 14
13392 4 0 1 2 3 12 35
2 3
3 4
0 5
4 7
5 7
3 8
6 8
7 8
0 9
6 9
7 9
1 10
8 10
9 10
1 11
8 11
9 11
0 12
1 12
3 12
7 12
2 13
4 13
5 13
6 13
10 13
11 13
12 13
2 14
4 14
5 14
6 14
10 14
11 14
12 14
13397 4 0 2 3 5 6 37
2 3
3 4
0 5
1 5
2 5
3 6
5 6
6 7
3 8
1 9
7 9
8 9
0 10
2 10
6 10
9 10
0 11
1 11
4 11
7 11
8 11
4 12
5 12
7 12
8 12
10 12
2 13
6 13
9 13
11 13
12 13
1 14
4 14
7 14
8 14
10 14
13 14
12869 6 0 1 2 12 14 36
2 3
2 6
4 7
5 7
4 8
5 8
3 9
6 9
7 9
8 9
3 10
4 10
5 10
6 10
0 11
4 11
5 11
6 11
1 12
2 12
7 12
8 12
10 12
11 12
0 13
1 13
3 13
6 13
7 13
8 13
0 14
1 14
2 14
4 14
5 14
9 14
13410 5 0 1 9 12 13 38
2 3
2 4
2 8
5 8
6 8
7 8
5 9
6 9
7 9
3 10
4 10
5 10
6 10
7 10
3 11
4 11
5 11
6 11
7 11
0 12
1 12
2 12
9 12
10 12
11 12
0 13
1 13
3 13
4 13
8 13
9 13
0 14
1 14
3 14
4 14
5 14
6 14
7 14
13411 5 0 1 9 12 13 38
2 3
2 4
2 8
5 8
6 8
7 8
3 9
4 9
5 9
3 10
4 10
5 10
6 10
7 10
3 11
4 11
5 11
6 11
7 11
0 12
1 12
2 12
6 12
7 12
9 12
0 13
1 13
8 13
9 13
10 13
11 13
0 14
1 14
3 14
4 14
5 14
6 14
7 14
13412 4 0 1 2 9 13 38
2 3
2 4
2 8
5 8
6 8
7 8
0 9
1 9
3 9
8 9
4 10
5 10
6 10
7 10
9 10
3 11
4 11
5 11
6 11
7 11
3 12
4 12
5 12
6 12
7 12
0 13
1 13
2 13
10 13
11 13
12 13
0 14
1 14
3 14
4 14
5 14
6 14
7 14
13413 4 0 1 2 9 13 38
2 3
2 4
2 8
5 8
6 8
7 8
0 9
1 9
2 9
5 9
3 10
4 10
6 10
7 10
9 10
3 11
4 11
5 11
6 11
7 11
3 12
4 12
5 12
6 12
7 12
0 13
1 13
8 13
10 13
11 13
12 13
0 14
1 14
3 14
4 14
5 14
6 14
7 14
13422 5 0 1 3 8 10 38
2 3
2 4
0 8
1 8
3 8
4 8
2 9
5 9
6 9
7 9
8 9
0 10
1 10
2 10
5 10
6 10
7 10
0 11
1 11
9 11
3 12
4 12
5 12
6 12
7 12
11 12
3 13
4 13
5 13
6 13
7 13
11 13
3 14
4 14
5 14
6 14
7 14
11 14
13428 5 0 1 2 12 14 37
2 3
2 4
5 7
6 7
5 8
6 8
5 9
6 9
3 10
4 10
7 10
8 10
9 10
3 11
4 11
7 11
8 11
9 11
0 12
1 12
2 12
7 12
8 12
9 12
0 13
1 13
3 13
4 13
5 13
6 13
0 14
1 14
2 14
5 14
6 14
10 14
11 14
13432 5 2 3 4 8 12 37
2 3
2 4
4 7
3 8
4 8
1 9
7 9
8 9
1 10
5 10
6 10
7 10
8 10
0 11
2 11
5 11
6 11
9 11
0 12
3 12
4 12
5 12
6 12
9 12
0 13
1 13
3 13
5 13
6 13
7 13
0 14
1 14
2 14
5 14
6 14
7 14
8 14
13430 3 0 1 2 4 10 38
2 3
2 4
4 7
4 8
4 9
0 10
1 10
2 10
3 11
5 11
6 11
7 11
8 11
9 11
10 11
3 12
5 12
6 12
7 12
8 12
9 12
10 12
0 13
1 13
2 13
5 13
6 13
7 13
8 13
9 13
0 14
1 14
3 14
5 14
6 14
7 14
8 14
9 14
13433 3 0 1 5 8 9 37
2 3
2 4
4 7
6 7
0 8
1 8
3 8
5 8
7 8
1 9
4 9
5 9
6 9
3 10
5 10
6 10
1 11
2 11
7 11
10 11
0 12
2 12
7 12
9 12
10 12
3 13
4 13
5 13
6 13
11 13
12 13
0 14
3 14
4 14
5 14
6 14
11 14
13435 6 0 2 4 8 10 35
2 3
2 4
3 7
2 8
5 8
6 8
3 9
5 9
6 9
0 10
4 10
7 10
8 10
9 10
1 11
4 11
5 11
6 11
7 11
0 12
3 12
5 12
6 12
1 13
4 13
7 13
8 13
9 13
12 13
0 14
1 14
2 14
5 14
6 14
7 14
13436 3 1 2 3 7 8 38
2 3
2 4
3 7
1 8
2 8
7 8
1 9
4 9
5 9
6 9
3 10
8 10
9 10
0 11
1 11
5 11
6 11
7 11
10 11
0 12
4 12
5 12
6 12
7 12
10 12
0 13
3 13
4 13
5 13
6 13
8 13
0 14
1 14
2 14
5 14
6 14
7 14
10 14
13010 4 0 1 3 9 13 38
2 3
4 5
4 6
4 7
3 8
5 8
6 8
7 8
0 9
1 9
3 9
5 9
2 10
6 10
7 10
9 10
2 11
5 11
6 11
7 11
0 12
1 12
4 12
8 12
10 12
11 12
0 13
1 13
3 13
4 13
10 13
11 13
0 14
1 14
2 14
5 14
6 14
7 14
13299 4 0 2 3 9 12 37
2 3
3 4
4 8
5 8
6 8
7 8
0 9
2 9
4 10
5 10
6 10
7 10
9 10
4 11
5 11
6 11
7 11
9 11
1 12
3 12
5 12
6 12
7 12
9 12
0 13
1 13
3 13
8 13
10 13
11 13
0 14
1 14
2 14
4 14
5 14
6 14
7 14
13451 2 0 1 5 8 9 39
2 3
2 4
0 7
2 7
0 8
1 8
2 8
5 8
6 8
0 9
1 9
3 9
5 9
3 10
4 10
5 10
6 10
7 10
2 11
9 11
10 11
1 12
4 12
5 12
6 12
7 12
11 12
1 13
3 13
4 13
6 13
7 13
11 13
0 14
3 14
4 14
5 14
6 14
11 14
13457 3 0 1 6 10 11 35
2 3
2 4
5 6
3 7
6 8
7 8
1 9
2 9
5 9
8 9
0 10
4 10
6 10
7 10
9 10
0 11
1 11
6 11
7 11
3 12
4 12
5 12
8 12
11 12
1 13
3 13
4 13
5 13
8 13
0 14
2 14
6 14
7 14
12 14
13 14
13462 5 0 1 8 13 14 34
2 3
2 4
3 6
4 7
6 8
7 8
3 9
5 9
7 9
4 10
5 10
6 10
0 11
8 11
9 11
10 11
1 12
2 12
5 12
6 12
7 12
11 12
0 13
1 13
3 13
4 13
5 13
8 13
0 14
1 14
2 14
8 14
9 14
10 14
13464 6 0 2 4 9 13 34
2 3
2 4
3 6
5 6
4 7
3 8
2 9
5 9
7 9
8 9
1 10
5 10
7 10
8 10
0 11
3 11
5 11
7 11
1 12
4 12
6 12
8 12
11 12
0 13
4 13
6 13
9 13
10 13
0 14
1 14
2 14
6 14
7 14
8 14
13465 4 0 1 5 10 11 36
2 3
2 4
2 6
6 7
2 8
5 8
7 8
4 9
5 9
7 9
0 10
3 10
4 10
5 10
7 10
0 11
1 11
4 11
5 11
6 11
1 12
3 12
6 12
8 12
9 12
1 13
3 13
6 13
8 13
9 13
0 14
4 14
5 14
7 14
12 14
13 14
13489 3 1 5 6 7 8 34
2 3
2 4
4 5
5 6
1 7
2 7
6 7
1 8
5 8
3 9
8 9
0 10
2 10
9 10
3 11
7 11
8 11
10 11
1 12
3 12
5 12
10 12
0 13
4 13
6 13
9 13
11 13
12 13
0 14
4 14
6 14
9 14
11 14
12 14
13500 5 0 1 2 6 8 36
2 3
2 4
3 5
1 6
2 6
0 7
3 7
0 8
1 8
2 8
0 9
1 9
3 9
8 10
9 10
4 11
5 11
6 11
7 11
10 11
1 12
4 12
5 12
7 12
10 12
0 13
4 13
5 13
6 13
10 13
4 14
5 14
6 14
7 14
8 14
9 14
13502 4 0 1 6 8 13 35
2 3
2 4
3 5
0 6
1 6
4 7
5 7
6 7
3 8
6 8
6 9
1 10
2 10
8 10
9 10
1 11
3 11
7 11
9 11
4 12
5 12
10 12
11 12
0 13
1 13
4 13
5 13
8 13
9 13
0 14
2 14
7 14
8 14
9 14
12 14
13505 3 0 1 2 3 12 35
2 3
2 4
3 5
4 5
4 6
5 7
5 8
4 9
2 10
7 10
8 10
9 10
0 11
6 11
7 11
8 11
9 11
0 12
1 12
3 12
6 12
10 12
1 13
3 13
6 13
7 13
8 13
9 13
0 14
1 14
2 14
6 14
7 14
8 14
9 14
13445 0 0 1 3 8 13 39
2 3
2 4
1 7
4 7
6 7
0 8
1 8
3 8
5 8
2 9
7 9
2 10
7 10
8 10
0 11
4 11
5 11
6 11
9 11
10 11
3 12
4 12
5 12
6 12
9 12
10 12
0 13
1 13
3 13
5 13
6 13
9 13
1 14
3 14
4 14
5 14
6 14
9 14
10 14
13517 5 0 1 6 9 11 38
2 3
2 4
2 5
5 7
5 8
0 9
1 9
2 9
6 9
7 9
8 9
0 10
1 10
5 10
0 11
1 11
3 11
4 11
5 11
6 11
3 12
4 12
6 12
7 12
8 12
10 12
3 13
4 13
6 13
7 13
8 13
10 13
3 14
4 14
6 14
7 14
8 14
10 14
13520 3 0 2 3 4 9 35
2 3
2 4
2 5
4 6
4 7
3 8
3 9
4 9
0 10
3 10
6 10
7 10
1 11
5 11
8 11
9 11
10 11
1 12
5 12
6 12
7 12
8 12
1 13
5 13
6 13
7 13
8 13
9 13
0 14
1 14
2 14
6 14
7 14
8 14
9 14
13529 4 1 6 8 9 11 36
2 3
2 4
2 5
1 6
5 8
6 8
7 8
5 9
6 9
7 9
3 10
4 10
6 10
7 10
1 11
3 11
4 11
8 11
9 11
0 12
2 12
8 12
9 12
10 12
1 13
3 13
4 13
5 13
7 13
12 13
0 14
3 14
4 14
5 14
6 14
7 14
13439 5 2 3 4 7 11 37
2 3
2 4
3 7
4 7
5 7
6 7
5 8
6 8
5 9
6 9
5 10
6 10
3 11
4 11
8 11
9 11
10 11
0 12
1 12
2 12
5 12
6 12
11 12
0 13
1 13
2 13
7 13
8 13
9 13
10 13
0 14
1 14
3 14
4 14
8 14
9 14
10 14
13120 3 0 1 6 7 8 38
2 3
3 5
0 6
1 6
4 6
0 7
1 7
3 7
1 8
5 8
4 9
7 9
8 9
4 10
7 10
8 10
3 11
4 11
8 11
2 12
5 12
6 12
9 12
10 12
11 12
2 13
5 13
6 13
9 13
10 13
11 13
0 14
1 14
2 14
5 14
9 14
10 14
11 14
13550 2 1 3 5 7 9 36
2 3
2 4
1 5
0 6
4 6
1 7
3 7
6 8
7 8
3 9
4 9
5 9
0 10
8 10
9 10
3 11
4 11
5 11
10 11
5 12
6 12
7 12
10 12
0 13
1 13
2 13
8 13
11 13
12 13
0 14
1 14
2 14
8 14
9 14
11 14
12 14
13552 3 0 1 4 5 11 35
2 3
2 4
1 5
4 5
4 6
5 8
2 9
3 10
6 10
7 10
8 10
9 10
0 11
4 11
7 11
8 11
9 11
1 12
3 12
6 12
7 12
8 12
9 12
0 13
3 13
5 13
6 13
7 13
9 13
0 14
1 14
2 14
6 14
7 14
8 14
13553 4 0 1 2 7 14 39
2 3
2 4
1 5
4 5
0 6
5 6
0 7
1 7
2 7
4 8
6 8
4 9
6 9
4 10
6 10
3 11
5 11
7 11
8 11
9 11
10 11
3 12
5 12
7 12
8 12
9 12
10 12
0 13
1 13
3 13
8 13
9 13
10 13
0 14
1 14
2 14
8 14
9 14
10 14
13548 6 0 6 7 8 14 35
2 3
2 4
1 5
0 6
6 7
6 8
0 9
1 10
2 10
7 10
8 10
9 10
3 11
4 11
5 11
7 11
8 11
9 11
3 12
4 12
5 12
7 12
8 12
9 12
1 13
3 13
4 13
6 13
9 13
0 14
2 14
5 14
7 14
8 14
13 14
13571 4 0 1 2 4 14 36
2 3
2 4
0 5
4 6
1 9
4 9
2 10
5 10
6 10
7 10
8 10
9 10
3 11
5 11
6 11
7 11
8 11
9 11
1 12
3 12
4 12
5 12
7 12
8 12
0 13
3 13
6 13
7 13
8 13
9 13
0 14
1 14
2 14
6 14
7 14
8 14
13573 4 1 6 7 8 9 37
2 3
2 4
0 5
1 6
1 7
4 8
5 8
6 8
7 8
0 9
3 9
6 9
7 9
3 10
4 10
5 10
2 11
8 11
9 11
10 11
0 12
2 12
6 12
7 12
10 12
1 13
3 13
4 13
5 13
11 13
12 13
3 14
4 14
5 14
6 14
7 14
11 14
13578 5 0 1 5 8 14 39
2 3
2 4
0 5
4 5
1 6
4 6
0 7
1 7
3 7
0 8
1 8
2 8
3 9
5 9
6 9
3 10
5 10
6 10
3 11
5 11
6 11
4 12
7 12
8 12
9 12
10 12
11 12
4 13
7 13
8 13
9 13
10 13
11 13
0 14
1 14
2 14
9 14
10 14
11 14
13594 3 0 1 5 6 14 42
2 3
2 4
0 5
1 5
2 5
5 6
5 7
5 8
3 9
4 9
6 9
7 9
8 9
3 10
4 10
6 10
7 10
8 10
3 11
4 11
6 11
7 11
8 11
3 12
4 12
6 12
7 12
8 12
0 13
1 13
2 13
9 13
10 13
11 13
12 13
0 14
1 14
3 14
4 14
6 14
7 14
8 14
13597 4 0 2 3 8 9 37
2 3
1 4
3 8
0 9
2 9
4 9
8 9
1 10
5 10
6 10
7 10
8 10
0 11
3 11
4 11
5 11
6 11
7 11
2 12
4 12
5 12
6 12
7 12
8 12
1 13
3 13
5 13
6 13
7 13
9 13
0 14
1 14
2 14
5 14
6 14
7 14
8 14
13601 4 3 4 6 11 12 36
2 3
1 4
3 8
4 8
0 9
1 9
5 9
7 9
8 9
1 10
2 10
5 10
6 10
7 10
3 11
4 11
5 11
6 11
7 11
0 12
3 12
4 12
6 12
7 12
0 13
2 13
5 13
6 13
7 13
8 13
0 14
1 14
2 14
5 14
6 14
8 14
13609 6 0 1 5 10 14 36
2 3
1 4
3 7
4 8
5 8
6 8
7 8
0 9
2 9
8 9
0 10
1 10
5 10
6 10
7 10
1 11
3 11
5 11
9 11
3 12
4 12
5 12
6 12
9 12
0 13
2 13
4 13
6 13
7 13
11 13
0 14
1 14
2 14
5 14
6 14
7 14
13611 4 1 4 8 9 11 36
2 3
1 4
3 7
1 8
0 9
4 9
6 9
7 9
8 9
0 10
3 10
5 10
6 10
8 10
2 11
4 11
5 11
7 11
8 11
1 12
2 12
5 12
6 12
7 12
0 13
3 13
4 13
5 13
6 13
8 13
0 14
1 14
2 14
5 14
6 14
7 14
13613 6 0 2 3 9 13 35
2 3
1 4
3 7
4 7
0 8
1 8
0 9
2 9
4 9
5 10
6 10
7 10
8 10
9 10
3 11
4 11
5 11
6 11
8 11
2 12
5 12
6 12
7 12
8 12
1 13
3 13
5 13
6 13
9 13
0 14
1 14
2 14
5 14
6 14
7 14
13615 6 1 2 5 11 12 36
2 3
1 4
2 7
5 7
6 7
3 8
5 8
6 8
1 9
7 9
8 9
0 10
4 10
7 10
8 10
1 11
2 11
5 11
10 11
0 12
1 12
2 12
5 12
6 12
0 13
3 13
4 13
6 13
9 13
11 13
0 14
3 14
4 14
5 14
6 14
9 14
13623 4 2 3 7 10 11 36
2 3
1 4
5 6
3 7
5 7
3 8
4 8
6 8
0 9
1 9
5 9
8 9
1 10
2 10
6 10
7 10
0 11
3 11
5 11
10 11
0 12
2 12
4 12
6 12
7 12
4 13
6 13
7 13
9 13
11 13
0 14
1 14
2 14
5 14
8 14
13 14
13631 4 2 3 8 9 10 36
2 3
1 4
4 6
5 6
0 7
5 7
2 8
6 8
3 9
4 9
7 9
8 9
0 10
3 10
5 10
8 10
1 11
3 11
6 11
7 11
0 12
1 12
2 12
5 12
9 12
0 13
4 13
5 13
8 13
11 13
1 14
2 14
6 14
7 14
10 14
13 14
13632 4 0 1 4 11 12 36
2 3
1 4
3 6
0 7
5 7
6 7
1 8
5 8
6 8
2 9
4 9
7 9
8 9
0 10
3 10
5 10
9 10
1 11
3 11
5 11
0 12
2 12
4 12
6 12
11 12
4 13
7 13
8 13
10 13
11 13
0 14
1 14
2 14
5 14
6 14
13 14
13559 5 0 2 3 8 9 36
2 3
2 4
1 5
3 5
1 6
3 6
1 7
2 7
0 8
3 8
0 9
2 9
4 10
7 10
8 10
9 10
1 11
4 11
8 11
9 11
0 12
4 12
5 12
6 12
7 12
0 13
5 13
6 13
10 13
11 13
4 14
5 14
6 14
7 14
8 14
9 14
13650 6 1 4 8 10 12 36
2 3
1 4
3 5
0 6
5 6
0 7
5 7
1 8
5 8
2 9
6 9
7 9
8 9
1 10
6 10
7 10
3 11
4 11
9 11
10 11
0 12
2 12
4 12
8 12
10 12
3 13
4 13
6 13
7 13
8 13
0 14
1 14
2 14
5 14
11 14
13 14
13657 5 0 1 4 7 11 35
2 3
1 4
2 5
2 6
3 7
4 7
3 8
4 8
1 9
3 9
0 10
5 10
6 10
8 10
9 10
0 11
1 11
2 11
7 11
4 12
5 12
6 12
9 12
11 12
1 13
5 13
6 13
7 13
8 13
0 14
5 14
6 14
7 14
8 14
9 14
13658 4 1 3 7 8 11 36
2 3
1 4
2 5
2 6
1 7
3 7
1 8
3 8
0 9
5 9
6 9
8 9
0 10
4 10
5 10
6 10
8 10
0 11
1 11
3 11
4 12
5 12
6 12
7 12
11 12
2 13
4 13
7 13
9 13
11 13
0 14
4 14
5 14
6 14
7 14
8 14
13671 1 0 1 5 6 11 36
2 3
1 4
1 5
3 5
0 6
5 6
0 7
4 8
5 8
2 9
7 9
8 9
2 10
6 10
7 10
8 10
1 11
6 11
7 11
0 12
3 12
4 12
9 12
11 12
3 13
4 13
9 13
10 13
11 13
1 14
2 14
6 14
7 14
8 14
12 14
13 14
13677 5 1 4 8 10 12 35
2 3
1 4
0 5
3 7
5 7
6 7
3 8
4 8
6 8
4 9
5 9
2 10
4 10
5 10
0 11
2 11
6 11
9 11
1 12
7 12
8 12
10 12
11 12
0 13
1 13
3 13
6 13
9 13
10 13
0 14
1 14
2 14
7 14
8 14
9 14
13679 3 0 1 4 5 9 36
2 3
1 4
0 5
5 6
1 7
3 7
1 8
6 8
0 9
2 9
4 9
6 9
3 10
4 10
6 10
3 11
4 11
6 11
5 12
7 12
8 12
9 12
10 12
11 12
2 13
5 13
7 13
8 13
10 13
11 13
0 14
2 14
7 14
8 14
10 14
11 14
13685 2 0 1 4 5 8 38
2 3
1 4
0 5
4 5
3 6
4 7
1 8
3 8
5 8
0 9
3 9
0 10
4 10
2 11
6 11
7 11
8 11
9 11
10 11
2 12
6 12
7 12
8 12
9 12
10 12
1 13
5 13
6 13
7 13
9 13
10 13
1 14
2 14
5 14
6 14
7 14
9 14
10 14
13687 5 0 1 2 6 12 36
2 3
1 4
0 5
3 5
0 6
1 6
2 6
4 7
5 7
1 8
5 8
2 9
7 9
8 9
3 10
4 10
9 10
2 11
4 11
5 11
0 12
1 12
3 12
9 12
6 13
7 13
8 13
10 13
11 13
12 13
6 14
7 14
8 14
10 14
11 14
12 14
13688 4 0 1 2 5 9 36
2 3
1 4
0 5
2 5
0 9
1 9
3 10
5 10
6 10
7 10
8 10
9 10
3 11
4 11
6 11
7 11
8 11
9 11
2 12
4 12
6 12
7 12
8 12
9 12
1 13
3 13
5 13
6 13
7 13
8 13
0 14
2 14
4 14
6 14
7 14
8 14
13695 5 0 1 5 9 13 36
2 3
1 4
3 4
4 8
5 8
0 9
1 9
5 9
2 10
6 10
7 10
8 10
9 10
3 11
6 11
7 11
8 11
9 11
0 12
2 12
4 12
5 12
6 12
7 12
0 13
1 13
3 13
5 13
6 13
7 13
0 14
1 14
2 14
6 14
7 14
8 14
13696 4 1 2 3 4 9 37
2 3
1 4
3 4
3 8
5 8
6 8
7 8
1 9
2 9
0 10
1 10
2 10
8 10
4 11
5 11
6 11
7 11
9 11
10 11
0 12
4 12
5 12
6 12
7 12
9 12
0 13
3 13
5 13
6 13
7 13
9 13
0 14
1 14
2 14
5 14
6 14
7 14
13698 6 1 3 4 10 11 37
2 3
1 4
3 4
5 7
6 7
5 8
6 8
5 9
6 9
0 10
1 10
3 10
5 10
6 10
1 11
3 11
7 11
8 11
9 11
0 12
2 12
4 12
7 12
8 12
9 12
0 13
2 13
4 13
5 13
6 13
11 13
0 14
1 14
2 14
7 14
8 14
9 14
13648 4 0 1 4 8 11 35
2 3
1 4
3 5
1 6
0 7
5 7
6 7
0 8
3 8
4 8
0 9
2 9
2 10
7 10
1 11
5 11
8 11
9 11
10 11
4 12
5 12
6 12
9 12
10 12
3 13
4 13
6 13
9 13
10 13
1 14
2 14
7 14
8 14
12 14
13 14
13700 5 2 3 4 9 13 37
2 3
1 4
3 4
5 7
6 7
5 8
6 8
3 9
5 9
6 9
0 10
1 10
2 10
5 10
6 10
2 11
4 11
5 11
6 11
0 12
1 12
7 12
8 12
9 12
11 12
0 13
2 13
4 13
7 13
8 13
9 13
0 14
1 14
3 14
7 14
8 14
11 14
13701 6 1 3 4 5 10 37
2 3
1 4
3 4
5 7
6 7
5 8
6 8
1 9
7 9
8 9
0 10
1 10
3 10
5 10
6 10
3 11
5 11
6 11
9 11
0 12
2 12
4 12
5 12
6 12
9 12
0 13
2 13
4 13
7 13
8 13
11 13
0 14
1 14
2 14
7 14
8 14
11 14
13702 5 0 2 3 4 11 36
2 3
1 4
3 4
5 7
6 7
5 8
6 8
1 9
5 9
6 9
0 10
3 10
7 10
8 10
9 10
0 11
2 11
4 11
5 11
6 11
0 12
1 12
2 12
7 12
8 12
2 13
4 13
7 13
8 13
9 13
0 14
1 14
3 14
5 14
6 14
13 14
13537 5 0 2 3 6 9 36
2 3
2 4
2 5
0 6
3 6
1 7
3 7
1 8
3 8
0 9
1 9
2 9
4 10
5 10
6 10
9 10
0 11
7 11
8 11
10 11
1 12
4 12
5 12
6 12
11 12
0 13
4 13
5 13
7 13
8 13
4 14
5 14
6 14
7 14
8 14
9 14
13699 6 1 3 4 9 14 36
2 3
1 4
3 4
5 7
6 7
5 8
6 8
4 9
7 9
8 9
0 10
3 10
7 10
8 10
0 11
2 11
4 11
5 11
6 11
0 12
1 12
2 12
7 12
8 12
1 13
2 13
5 13
6 13
9 13
10 13
0 14
1 14
3 14
5 14
6 14
9 14
13705 5 0 2 3 10 11 36
2 3
1 4
3 4
5 7
6 7
3 8
7 8
1 9
5 9
6 9
8 9
1 10
2 10
7 10
0 11
3 11
5 11
6 11
10 11
0 12
2 12
4 12
7 12
9 12
0 13
4 13
5 13
6 13
8 13
10 13
0 14
1 14
2 14
5 14
6 14
8 14
13708 4 0 1 2 10 14 37
2 3
1 4
3 4
3 7
1 8
3 9
5 9
6 9
8 9
0 10
1 10
2 10
9 10
4 11
5 11
6 11
7 11
8 11
10 11
0 12
4 12
5 12
6 12
7 12
8 12
0 13
2 13
5 13
6 13
7 13
8 13
0 14
1 14
2 14
5 14
6 14
7 14
13709 3 1 2 3 4 9 38
2 3
1 4
3 4
2 7
3 8
2 9
4 9
1 10
2 10
5 10
6 10
8 10
0 11
5 11
6 11
7 11
8 11
9 11
0 12
4 12
5 12
6 12
7 12
8 12
0 13
1 13
5 13
6 13
7 13
8 13
9 13
0 14
1 14
3 14
5 14
6 14
7 14
9 14
13712 5 0 2 3 10 12 36
2 3
1 4
3 4
5 6
4 7
6 7
4 8
6 8
0 9
5 9
7 9
1 10
2 10
6 10
9 10
1 11
3 11
6 11
9 11
0 12
3 12
5 12
8 12
10 12
0 13
2 13
5 13
7 13
8 13
11 13
0 14
1 14
2 14
5 14
7 14
8 14
13713 4 1 2 3 4 12 36
2 3
1 4
3 4
5 6
3 7
6 7
1 8
5 8
7 8
0 9
5 9
7 9
1 10
2 10
6 10
9 10
0 11
3 11
5 11
10 11
0 12
2 12
4 12
6 12
8 12
4 13
6 13
8 13
9 13
11 13
0 14
1 14
2 14
5 14
7 14
13 14
13714 5 1 3 4 10 11 37
2 3
1 4
3 4
5 6
3 7
6 7
0 8
4 8
6 8
0 9
1 9
6 9
0 10
1 10
3 10
5 10
4 11
6 11
10 11
2 12
5 12
7 12
8 12
9 12
11 12
2 13
5 13
7 13
8 13
9 13
11 13
0 14
1 14
2 14
5 14
7 14
11 14
13716 5 0 1 6 9 12 36
2 3
1 4
3 4
3 6
4 7
5 7
3 8
5 8
0 9
1 9
6 9
7 9
8 9
0 10
4 10
5 10
0 11
1 11
5 11
0 12
1 12
2 12
5 12
6 12
2 13
6 13
7 13
8 13
10 13
11 13
2 14
6 14
7 14
8 14
10 14
11 14
13718 5 2 3 6 7 12 36
2 3
1 4
3 4
3 6
2 7
6 7
1 8
6 8
4 9
5 9
7 9
8 9
2 10
9 10
0 11
1 11
5 11
6 11
10 11
0 12
1 12
2 12
5 12
6 12
0 13
4 13
5 13
7 13
8 13
10 13
0 14
3 14
5 14
7 14
8 14
10 14
13719 5 0 1 3 4 12 36
2 3
1 4
3 4
2 6
3 7
5 7
6 7
4 8
5 8
6 8
2 9
5 9
2 10
5 10
0 11
4 11
6 11
9 11
10 11
0 12
1 12
3 12
5 12
6 12
0 13
1 13
7 13
8 13
9 13
10 13
0 14
1 14
7 14
8 14
9 14
10 14
13721 3 1 3 4 8 9 38
2 3
1 4
3 4
0 6
0 7
1 7
0 8
1 8
3 8
5 8
4 9
8 9
2 10
5 10
6 10
7 10
9 10
2 11
5 11
6 11
7 11
9 11
3 12
5 12
6 12
7 12
9 12
1 13
2 13
5 13
6 13
9 13
0 14
4 14
10 14
11 14
12 14
13 14
13722 6 0 5 6 7 8 36
2 3
1 4
3 4
0 6
5 6
0 7
5 7
3 8
6 8
7 8
0 9
4 9
5 9
0 10
3 10
5 10
1 11
2 11
5 11
8 11
1 12
2 12
8 12
9 12
4 13
6 13
7 13
10 13
11 13
12 13
1 14
2 14
6 14
7 14
9 14
10 14
13703 4 1 2 3 4 10 37
2 3
1 4
3 4
5 7
6 7
4 8
7 8
1 9
2 9
7 9
1 10
3 10
7 10
0 11
5 11
6 11
8 11
9 11
10 11
0 12
3 12
5 12
6 12
8 12
9 12
0 13
2 13
4 13
5 13
6 13
10 13
0 14
1 14
2 14
5 14
6 14
8 14
13724 3 1 2 3 4 14 36
2 3
1 4
3 4
4 5
3 6
2 7
5 7
6 7
1 8
7 8
0 9
3 9
5 10
6 10
8 10
9 10
5 11
6 11
8 11
9 11
5 12
6 12
8 12
9 12
0 13
4 13
7 13
10 13
11 13
12 13
0 14
1 14
2 14
10 14
11 14
12 14
13377 5 0 1 9 10 13 36
2 3
3 4
2 5
2 6
0 7
3 7
1 8
3 8
0 9
1 9
2 9
6 10
7 10
8 10
9 10
0 11
4 11
5 11
6 11
8 11
1 12
4 12
5 12
6 12
7 12
0 13
1 13
4 13
5 13
10 13
4 14
5 14
6 14
7 14
8 14
9 14
13704 5 1 2 3 4 10 36
2 3
1 4
3 4
5 7
6 7
4 8
7 8
0 9
5 9
6 9
8 9
1 10
2 10
7 10
9 10
0 11
1 11
2 11
7 11
0 12
2 12
4 12
5 12
6 12
3 13
5 13
6 13
8 13
10 13
11 13
0 14
1 14
3 14
5 14
6 14
8 14
13738 4 0 3 4 6 9 36
2 3
1 4
3 4
0 5
1 5
0 6
3 6
5 7
2 8
5 8
4 9
6 9
7 9
2 10
5 10
9 10
1 11
3 11
7 11
8 11
0 12
2 12
9 12
11 12
4 13
6 13
7 13
8 13
10 13
12 13
1 14
6 14
7 14
8 14
10 14
12 14
13741 5 0 1 2 4 11 37
2 3
1 4
2 4
3 8
4 8
5 9
6 9
7 9
8 9
5 10
6 10
7 10
8 10
0 11
1 11
2 11
9 11
10 11
0 12
3 12
4 12
5 12
6 12
7 12
0 13
1 13
3 13
5 13
6 13
7 13
0 14
1 14
2 14
5 14
6 14
7 14
8 14
13743 4 0 1 3 11 13 37
2 3
1 4
2 4
4 7
3 8
5 9
6 9
7 9
8 9
0 10
4 10
5 10
6 10
8 10
0 11
1 11
3 11
9 11
2 12
5 12
6 12
7 12
8 12
11 12
0 13
1 13
3 13
5 13
6 13
7 13
0 14
1 14
2 14
5 14
6 14
7 14
8 14
13745 2 0 2 3 4 9 38
2 3
1 4
2 4
5 6
5 7
5 8
0 9
3 9
4 9
0 10
1 10
3 10
6 10
7 10
8 10
1 11
6 11
7 11
8 11
9 11
2 12
6 12
7 12
8 12
9 12
0 13
3 13
4 13
5 13
11 13
12 13
1 14
2 14
6 14
7 14
8 14
9 14
13 14
13551 4 0 2 4 6 11 34
2 3
2 4
1 5
0 6
4 6
1 7
3 7
5 8
6 8
1 9
2 9
8 9
0 10
3 10
9 10
0 11
2 11
5 11
4 12
7 12
8 12
10 12
11 12
4 13
7 13
8 13
10 13
11 13
3 14
5 14
6 14
9 14
12 14
13 14
13748 6 0 1 2 4 14 36
2 3
1 4
2 4
0 6
3 7
6 7
3 8
6 8
1 9
3 9
5 9
6 9
4 10
5 10
7 10
8 10
4 11
5 11
7 11
8 11
3 12
4 12
5 12
6 12
0 13
2 13
9 13
10 13
11 13
12 13
0 14
1 14
2 14
5 14
7 14
8 14
13759 6 0 1 5 6 9 36
2 3
1 4
2 4
0 5
1 6
5 6
3 7
6 7
3 8
6 8
1 9
3 9
5 9
4 10
5 10
7 10
8 10
0 11
4 11
7 11
8 11
3 12
4 12
5 12
2 13
6 13
9 13
10 13
11 13
12 13
0 14
2 14
7 14
8 14
9 14
12 14
13760 4 1 2 3 4 9 35
2 3
1 4
2 4
0 5
0 6
2 7
6 7
2 8
5 8
1 9
3 9
8 9
1 10
5 10
7 10
3 11
6 11
8 11
10 11
3 12
6 12
8 12
10 12
4 13
5 13
7 13
9 13
11 13
12 13
0 14
4 14
7 14
9 14
11 14
12 14
13769 6 0 1 2 10 14 35
2 3
0 4
3 7
4 7
5 7
6 7
4 8
6 8
1 9
2 9
4 9
5 9
0 10
1 10
2 10
6 10
6 11
9 11
3 12
5 12
8 12
10 12
11 12
0 13
1 13
3 13
5 13
8 13
11 13
0 14
1 14
2 14
7 14
8 14
11 14
13733 5 1 4 6 7 9 37
2 3
1 4
3 4
0 5
1 6
1 7
3 8
5 8
6 8
7 8
0 9
4 9
6 9
7 9
0 10
3 10
2 11
5 11
6 11
7 11
10 11
2 12
5 12
6 12
7 12
10 12
0 13
4 13
8 13
11 13
12 13
1 14
2 14
5 14
9 14
10 14
13 14
13772 4 0 1 4 8 14 37
2 3
0 4
5 6
5 7
3 8
4 8
6 8
7 8
2 9
6 9
7 9
2 10
6 10
7 10
1 11
3 11
4 11
6 11
7 11
1 12
3 12
4 12
5 12
9 12
10 12
0 13
5 13
8 13
9 13
10 13
11 13
0 14
1 14
5 14
8 14
9 14
10 14
13779 2 0 1 8 9 10 36
2 3
0 4
4 5
3 7
4 7
0 8
1 9
2 9
6 9
8 9
1 10
3 10
5 10
6 10
8 10
5 11
6 11
7 11
8 11
3 12
4 12
9 12
11 12
2 13
5 13
6 13
7 13
8 13
12 13
0 14
1 14
2 14
5 14
6 14
7 14
12 14
13783 6 0 2 3 9 14 36
2 3
0 4
4 5
4 6
2 7
4 7
1 8
4 8
3 9
6 9
7 9
8 9
3 10
5 10
6 10
7 10
8 10
7 11
8 11
1 12
2 12
5 12
6 12
11 12
0 13
1 13
3 13
5 13
6 13
11 13
0 14
1 14
2 14
5 14
9 14
11 14
13731 5 1 2 3 4 5 35
2 3
1 4
3 4
1 5
2 5
4 6
4 7
5 8
3 9
7 9
8 9
2 10
7 10
8 10
0 11
5 11
6 11
9 11
10 11
0 12
3 12
6 12
7 12
8 12
0 13
1 13
6 13
9 13
10 13
0 14
1 14
2 14
6 14
7 14
8 14
13785 4 0 4 5 11 13 35
2 3
0 4
4 5
3 6
5 6
3 7
1 8
5 8
7 8
1 9
3 9
1 10
2 10
5 10
7 10
0 11
5 11
7 11
0 12
2 12
6 12
7 12
9 12
4 13
6 13
8 13
9 13
10 13
11 13
2 14
4 14
6 14
8 14
9 14
11 14
13799 6 2 3 7 9 13 35
2 3
0 4
1 5
3 7
4 7
5 7
3 8
2 9
7 9
0 10
5 10
6 10
8 10
9 10
1 11
4 11
6 11
8 11
9 11
2 12
4 12
5 12
6 12
8 12
0 13
1 13
3 13
6 13
9 13
0 14
1 14
2 14
6 14
7 14
8 14
13805 6 1 2 3 5 11 35
2 3
0 4
1 5
2 5
3 7
4 9
5 9
6 9
7 9
8 9
2 10
4 10
7 10
8 10
1 11
3 11
4 11
6 11
8 11
0 12
5 12
6 12
7 12
8 12
0 13
1 13
3 13
6 13
10 13
0 14
1 14
2 14
6 14
7 14
8 14
13813 5 0 1 2 6 14 35
2 3
0 4
0 5
0 6
1 6
2 6
4 7
6 7
3 9
4 9
6 9
8 9
1 10
7 10
9 10
3 11
4 11
5 11
8 11
10 11
2 12
4 12
5 12
8 12
10 12
1 13
3 13
5 13
7 13
8 13
1 14
2 14
5 14
7 14
8 14
13790 2 0 1 2 3 13 37
2 3
0 4
4 5
0 6
1 8
6 8
7 8
4 9
8 9
4 10
8 10
2 11
5 11
6 11
7 11
9 11
10 11
3 12
5 12
6 12
7 12
9 12
10 12
0 13
1 13
3 13
5 13
7 13
9 13
10 13
1 14
2 14
5 14
6 14
7 14
9 14
10 14
13736 3 0 2 3 4 12 36
2 3
1 4
3 4
0 5
3 5
0 6
1 6
6 7
5 8
7 8
2 9
6 9
8 9
4 10
5 10
7 10
9 10
1 11
3 11
7 11
0 12
2 12
4 12
8 12
11 12
2 13
6 13
8 13
10 13
11 13
1 14
5 14
7 14
9 14
12 14
13 14
13817 6 0 2 3 5 9 35
2 3
0 4
0 5
3 5
3 6
4 6
2 7
4 7
3 8
2 9
5 9
1 10
4 10
8 10
9 10
1 11
7 11
8 11
9 11
1 12
5 12
6 12
7 12
8 12
0 13
2 13
6 13
10 13
11 13
0 14
1 14
6 14
7 14
8 14
9 14
13477 4 0 2 3 9 10 35
2 3
2 4
0 6
2 7
6 7
1 8
4 8
5 8
7 8
0 9
2 9
5 9
0 10
3 10
8 10
4 11
7 11
9 11
10 11
4 12
7 12
9 12
10 12
1 13
3 13
5 13
6 13
11 13
12 13
1 14
3 14
5 14
6 14
11 14
12 14
13819 3 0 2 3 5 6 36
2 3
0 4
0 5
3 5
0 6
1 6
2 6
6 7
6 8
1 10
5 10
7 10
8 10
9 10
3 11
4 11
7 11
8 11
9 11
2 12
4 12
5 12
8 12
9 12
1 13
3 13
4 13
7 13
8 13
9 13
1 14
2 14
4 14
5 14
7 14
9 14
13784 3 2 3 7 8 9 37
2 3
0 4
4 5
3 6
3 7
2 8
5 8
7 8
2 9
5 9
7 9
1 10
4 10
6 10
8 10
9 10
0 11
1 11
6 11
8 11
3 12
4 12
9 12
11 12
0 13
1 13
5 13
6 13
7 13
12 13
0 14
1 14
2 14
5 14
6 14
7 14
12 14
13818 3 0 2 3 5 6 36
2 3
0 4
0 5
3 5
0 6
2 6
4 7
5 7
3 8
6 8
7 8
2 9
7 9
1 10
4 10
6 10
9 10
1 11
5 11
6 11
9 11
1 12
2 12
4 12
8 12
3 13
7 13
10 13
11 13
12 13
1 14
4 14
5 14
8 14
9 14
13 14
13823 4 0 2 3 10 11 37
2 3
0 4
0 5
1 5
5 6
4 7
6 7
2 8
5 8
7 8
3 9
4 9
6 9
8 9
1 10
2 10
9 10
0 11
3 11
7 11
10 11
3 12
5 12
7 12
10 12
1 13
4 13
6 13
8 13
11 13
12 13
1 14
2 14
4 14
6 14
11 14
12 14
13826 3 0 2 5 6 8 38
2 3
0 4
0 5
1 5
0 6
1 6
2 6
2 8
5 8
7 8
6 9
8 9
6 10
8 10
3 11
4 11
5 11
7 11
9 11
10 11
2 12
4 12
5 12
7 12
9 12
10 12
1 13
3 13
4 13
7 13
9 13
10 13
1 14
3 14
4 14
7 14
9 14
10 14
13829 5 0 2 3 5 11 37
2 3
0 4
0 5
1 5
3 5
4 6
1 7
6 7
3 8
4 8
7 8
1 9
3 9
6 9
1 10
2 10
4 10
0 11
2 11
7 11
9 11
5 12
6 12
8 12
10 12
11 12
5 13
6 13
8 13
10 13
11 13
2 14
4 14
7 14
9 14
12 14
13 14
13831 5 0 1 2 5 11 37
2 3
0 4
0 5
1 5
2 5
4 8
6 8
7 8
3 9
5 9
8 9
2 10
8 10
0 11
1 11
3 11
6 11
7 11
10 11
1 12
4 12
6 12
7 12
9 12
10 12
3 13
4 13
5 13
6 13
7 13
10 13
1 14
2 14
4 14
6 14
7 14
9 14
13833 5 1 2 5 6 10 37
2 3
0 4
0 5
1 5
2 5
5 6
5 7
1 8
1 9
1 10
2 10
4 10
6 10
0 11
3 11
7 11
8 11
9 11
10 11
3 12
4 12
6 12
7 12
8 12
9 12
3 13
4 13
6 13
7 13
8 13
9 13
2 14
4 14
6 14
7 14
8 14
9 14
13832 2 0 1 5 6 13 36
2 3
0 4
0 5
1 5
2 5
5 6
5 7
2 8
2 9
1 10
3 10
4 10
7 10
9 10
3 11
4 11
6 11
7 11
8 11
4 12
6 12
7 12
8 12
9 12
0 13
1 13
3 13
6 13
8 13
9 13
1 14
4 14
6 14
7 14
8 14
9 14
13834 5 0 1 2 5 12 35
2 3
0 4
0 5
1 5
2 5
3 6
4 6
3 7
2 8
5 10
6 10
7 10
8 10
9 10
1 11
3 11
4 11
8 11
9 11
1 12
2 12
4 12
7 12
9 12
0 13
6 13
7 13
8 13
9 13
0 14
1 14
6 14
7 14
8 14
9 14
13836 3 0 1 3 4 11 37
2 3
0 4
3 4
4 6
3 9
5 9
6 9
7 9
8 9
2 10
6 10
7 10
8 10
0 11
1 11
3 11
5 11
10 11
1 12
2 12
4 12
5 12
7 12
8 12
0 13
1 13
5 13
6 13
7 13
8 13
0 14
1 14
2 14
5 14
6 14
7 14
8 14
13843 5 0 2 3 5 11 37
2 3
0 4
3 4
0 5
3 5
4 7
6 7
4 8
6 8
1 9
3 9
6 9
1 10
2 10
5 10
7 10
8 10
0 11
1 11
2 11
6 11
5 12
7 12
8 12
9 12
11 12
5 13
7 13
8 13
9 13
11 13
1 14
2 14
4 14
6 14
12 14
13 14
13844 4 0 3 4 9 11 37
2 3
0 4
3 4
0 5
1 5
3 8
5 8
6 8
7 8
1 9
4 9
1 10
2 10
4 10
6 10
7 10
0 11
3 11
6 11
7 11
9 11
2 12
5 12
6 12
7 12
9 12
2 13
5 13
6 13
7 13
9 13
1 14
4 14
8 14
11 14
12 14
13 14
13835 2 0 2 3 4 11 37
2 3
0 4
3 4
4 7
3 8
4 9
2 10
5 10
6 10
7 10
8 10
9 10
0 11
2 11
5 11
6 11
8 11
9 11
1 12
5 12
6 12
7 12
8 12
9 12
1 13
5 13
6 13
7 13
8 13
9 13
0 14
1 14
3 14
5 14
6 14
7 14
9 14
13846 4 0 2 3 4 9 36
2 3
0 4
2 4
5 8
6 8
7 8
0 9
3 9
8 9
1 10
3 10
5 10
6 10
7 10
2 11
5 11
6 11
7 11
9 11
1 12
3 12
4 12
8 12
11 12
1 13
4 13
5 13
6 13
7 13
9 13
0 14
2 14
5 14
6 14
7 14
12 14
13847 5 2 3 8 9 11 38
2 3
0 4
2 4
3 8
0 9
1 9
3 9
4 10
5 10
6 10
7 10
8 10
9 10
2 11
5 11
6 11
7 11
8 11
9 11
1 12
4 12
5 12
6 12
7 12
8 12
0 13
1 13
3 13
5 13
6 13
7 13
0 14
1 14
2 14
5 14
6 14
7 14
8 14
13849 3 0 2 3 4 7 38
2 3
0 4
2 4
5 6
3 7
4 7
6 7
1 8
3 8
5 8
0 9
2 9
6 9
8 9
0 10
1 10
2 10
5 10
4 11
6 11
8 11
10 11
3 12
4 12
6 12
10 12
1 13
5 13
7 13
9 13
11 13
12 13
1 14
5 14
7 14
9 14
11 14
12 14
13850 6 1 5 8 10 11 35
2 3
0 4
2 4
1 5
4 7
5 7
6 7
2 8
5 8
6 8
4 9
6 9
3 10
5 10
9 10
0 11
1 11
8 11
10 11
3 12
7 12
9 12
11 12
0 13
1 13
2 13
6 13
10 13
12 13
0 14
1 14
3 14
7 14
8 14
9 14
13854 4 0 2 3 4 11 36
2 3
0 4
2 4
0 5
2 6
5 6
5 7
3 8
5 8
2 9
1 10
3 10
5 10
9 10
1 11
3 11
4 11
7 11
9 11
4 12
6 12
7 12
8 12
10 12
0 13
1 13
6 13
7 13
8 13
9 13
1 14
4 14
6 14
7 14
8 14
9 14
13856 4 0 1 5 8 13 36
2 3
0 4
2 4
0 5
1 5
2 6
5 6
3 7
5 7
5 8
2 9
1 10
3 10
8 10
9 10
4 11
6 11
7 11
8 11
9 11
4 12
6 12
7 12
10 12
0 13
1 13
3 13
8 13
9 13
12 13
1 14
4 14
6 14
7 14
8 14
9 14
13820 6 0 1 5 6 10 36
2 3
0 4
0 5
3 5
0 6
1 6
2 6
4 7
4 8
3 9
4 9
1 10
5 10
7 10
8 10
9 10
3 11
6 11
7 11
8 11
1 12
2 12
4 12
11 12
5 13
6 13
7 13
8 13
9 13
12 13
1 14
2 14
5 14
7 14
8 14
9 14
13855 6 0 2 4 5 14 36
2 3
0 4
2 4
0 5
2 5
1 8
2 8
6 8
7 8
3 9
4 9
8 9
5 10
6 10
7 10
9 10
5 11
6 11
7 11
9 11
1 12
3 12
4 12
10 12
11 12
0 13
1 13
3 13
6 13
7 13
1 14
3 14
4 14
5 14
6 14
7 14
13869 6 0 2 6 11 12 36
2 3
0 4
1 4
1 7
5 7
6 7
1 8
5 8
6 8
3 9
4 9
5 9
6 9
1 10
3 10
5 10
0 11
2 11
6 11
10 11
0 12
2 12
5 12
6 12
3 13
4 13
7 13
8 13
11 13
12 13
0 14
2 14
7 14
8 14
9 14
10 14
13870 3 0 1 4 5 12 37
2 3
0 4
1 4
4 5
4 6
1 7
3 7
1 8
5 8
6 8
2 9
5 9
7 9
2 10
6 10
7 10
0 11
3 11
8 11
9 11
10 11
0 12
1 12
3 12
5 12
6 12
4 13
8 13
9 13
10 13
12 13
2 14
5 14
6 14
7 14
11 14
13 14
13873 6 0 1 4 6 14 36
2 3
0 4
1 4
3 5
4 5
4 6
3 7
4 7
7 8
3 9
6 9
8 9
1 10
7 10
9 10
2 11
5 11
6 11
8 11
10 11
1 12
5 12
7 12
9 12
0 13
2 13
6 13
8 13
10 13
12 13
0 14
1 14
2 14
5 14
6 14
8 14
13877 5 0 4 10 11 12 35
2 3
0 4
1 4
2 5
3 6
1 7
5 7
6 7
1 8
5 8
6 8
1 9
5 9
6 9
0 10
5 10
6 10
2 11
4 11
9 11
10 11
3 12
4 12
8 12
10 12
0 13
2 13
7 13
9 13
12 13
0 14
3 14
7 14
8 14
11 14
13882 4 0 2 3 5 9 37
2 3
0 4
1 4
0 5
3 5
4 7
5 7
6 7
3 8
4 8
6 8
1 9
2 9
5 9
1 10
3 10
6 10
0 11
1 11
2 11
6 11
7 12
8 12
9 12
10 12
11 12
7 13
8 13
9 13
10 13
11 13
2 14
4 14
5 14
6 14
12 14
13 14
13883 5 0 2 3 5 8 37
2 3
0 4
1 4
0 5
2 5
5 6
4 7
3 8
5 8
7 8
2 9
4 9
6 9
0 10
8 10
9 10
0 11
8 11
9 11
1 12
3 12
6 12
7 12
10 12
11 12
1 13
3 13
6 13
7 13
10 13
11 13
1 14
2 14
6 14
7 14
10 14
11 14
13890 3 0 1 2 4 11 36
2 3
0 4
1 4
3 4
3 7
5 7
6 7
5 8
6 8
5 9
6 9
2 10
4 10
8 10
9 10
0 11
1 11
2 11
5 11
3 12
6 12
10 12
11 12
0 13
1 13
7 13
8 13
9 13
12 13
0 14
1 14
2 14
7 14
8 14
9 14
12 14
13889 5 2 3 10 11 12 36
2 3
0 4
1 4
3 4
3 7
0 8
5 8
6 8
7 8
1 9
5 9
6 9
7 9
3 10
5 10
6 10
0 11
2 11
9 11
10 11
1 12
2 12
8 12
10 12
4 13
5 13
6 13
7 13
11 13
12 13
0 14
1 14
2 14
5 14
6 14
7 14
13892 4 0 1 3 4 10 37
2 3
0 4
1 4
3 4
4 5
2 6
5 6
2 7
0 8
6 8
7 8
0 9
2 9
5 9
0 10
1 10
7 10
3 11
5 11
8 11
10 11
3 12
5 12
8 12
10 12
1 13
6 13
7 13
9 13
11 13
12 13
1 14
6 14
7 14
9 14
11 14
12 14
13891 5 0 1 2 4 14 37
2 3
0 4
1 4
3 4
3 6
0 7
5 7
6 7
1 8
7 8
3 9
5 9
8 9
0 10
1 10
9 10
4 11
7 11
9 11
2 12
5 12
6 12
8 12
10 12
11 12
2 13
5 13
6 13
8 13
10 13
11 13
0 14
1 14
2 14
5 14
6 14
11 14
13894 3 0 1 3 4 9 37
2 3
0 4
1 4
3 4
0 5
0 6
4 9
2 10
5 10
7 10
8 10
9 10
2 11
6 11
7 11
8 11
9 11
2 12
4 12
5 12
6 12
7 12
8 12
1 13
3 13
5 13
6 13
7 13
8 13
9 13
1 14
3 14
5 14
6 14
7 14
8 14
9 14
13896 4 0 1 2 3 4 37
2 3
0 4
1 4
2 4
4 5
2 6
1 8
2 9
5 9
7 9
8 9
5 10
6 10
7 10
8 10
0 11
1 11
9 11
10 11
0 12
1 12
3 12
5 12
6 12
7 12
3 13
4 13
6 13
7 13
8 13
11 13
3 14
5 14
6 14
7 14
8 14
11 14
13916 3 0 1 2 3 9 38
1 3
1 8
0 9
2 9
3 9
4 10
5 10
6 10
7 10
8 10
9 10
4 11
5 11
6 11
7 11
8 11
9 11
2 12
3 12
5 12
6 12
7 12
8 12
0 13
1 13
2 13
4 13
5 13
6 13
7 13
0 14
2 14
3 14
4 14
5 14
6 14
7 14
8 14
13902 2 0 1 3 4 10 38
1 3
2 9
3 9
5 9
6 9
0 10
1 10
4 10
7 10
8 10
9 10
3 11
4 11
5 11
6 11
7 11
8 11
1 12
2 12
5 12
6 12
7 12
8 12
0 13
2 13
4 13
5 13
6 13
7 13
8 13
0 14
2 14
3 14
4 14
5 14
6 14
7 14
8 14
13919 4 0 1 3 8 11 37
1 3
0 8
3 8
6 8
7 8
2 9
3 9
6 9
0 10
4 10
5 10
7 10
9 10
1 11
4 11
5 11
8 11
9 11
2 12
3 12
4 12
5 12
6 12
7 12
1 13
2 13
4 13
5 13
6 13
7 13
0 14
1 14
2 14
4 14
5 14
6 14
7 14
13933 3 0 1 3 8 12 38
1 3
3 7
1 8
2 8
7 8
1 9
2 10
4 10
5 10
6 10
7 10
9 10
2 11
4 11
5 11
6 11
7 11
9 11
0 12
3 12
4 12
5 12
6 12
8 12
0 13
2 13
4 13
5 13
6 13
7 13
9 13
0 14
3 14
4 14
5 14
6 14
8 14
9 14
13963 7 2 3 9 10 12 36
1 3
4 6
5 6
3 7
4 7
0 8
1 8
5 8
7 8
2 9
3 9
6 9
8 10
9 10
2 11
6 11
7 11
10 11
0 12
2 12
3 12
4 12
5 12
10 12
0 13
1 13
4 13
5 13
9 13
11 13
0 14
1 14
2 14
6 14
7 14
10 14
13816 5 0 2 3 5 11 37
2 3
0 4
0 5
3 5
4 6
4 7
3 8
6 8
7 8
1 9
3 9
4 9
1 10
2 10
5 10
6 10
7 10
0 11
1 11
2 11
8 11
5 12
6 12
7 12
9 12
11 12
5 13
6 13
7 13
9 13
11 13
1 14
2 14
4 14
8 14
12 14
13 14
13763 6 0 2 4 5 12 35
2 3
1 4
2 4
0 5
2 5
3 6
5 9
6 9
7 9
8 9
4 10
6 10
7 10
8 10
1 11
3 11
5 11
7 11
8 11
0 12
4 12
6 12
7 12
8 12
0 13
1 13
3 13
9 13
10 13
0 14
1 14
2 14
6 14
7 14
8 14
13973 6 3 4 5 6 12 36
1 3
3 6
4 6
5 6
5 7
3 8
0 9
1 9
5 9
2 10
4 10
7 10
8 10
9 10
6 11
7 11
8 11
9 11
0 12
2 12
3 12
4 12
5 12
11 12
0 13
1 13
2 13
4 13
7 13
8 13
0 14
1 14
2 14
6 14
7 14
8 14
13974 4 0 1 2 10 13 37
1 3
3 6
4 6
5 6
4 7
5 7
4 8
5 8
2 9
4 9
5 9
0 10
2 10
6 10
3 11
7 11
8 11
9 11
10 11
3 12
7 12
8 12
9 12
10 12
0 13
1 13
2 13
6 13
7 13
8 13
0 14
1 14
2 14
4 14
5 14
11 14
12 14
13982 6 0 1 8 12 13 36
1 3
2 6
2 7
3 7
5 8
6 8
7 8
4 9
5 9
6 9
7 9
2 10
3 10
4 10
5 10
0 11
3 11
4 11
5 11
6 11
0 12
1 12
8 12
9 12
10 12
0 13
1 13
2 13
4 13
8 13
0 14
1 14
4 14
5 14
6 14
7 14
13984 6 0 1 3 7 12 34
1 3
2 6
5 6
1 7
3 8
6 9
7 9
8 9
4 10
5 10
7 10
8 10
2 11
3 11
9 11
10 11
0 12
2 12
3 12
4 12
5 12
7 12
0 13
1 13
4 13
6 13
8 13
11 13
0 14
1 14
2 14
4 14
5 14
9 14
13987 5 0 2 4 11 13 36
1 3
2 6
3 6
3 7
5 8
6 8
7 8
2 9
4 9
5 9
7 9
4 10
5 10
6 10
7 10
0 11
2 11
3 11
4 11
8 11
0 12
1 12
8 12
9 12
10 12
0 13
1 13
2 13
4 13
5 13
0 14
1 14
4 14
5 14
6 14
7 14
13981 3 0 1 3 10 11 36
1 3
2 6
2 7
4 7
5 7
3 8
4 8
5 8
6 8
1 9
6 9
7 9
0 10
3 10
4 10
6 10
0 11
1 11
5 11
6 11
7 12
8 12
10 12
11 12
2 13
3 13
4 13
5 13
9 13
12 13
0 14
2 14
4 14
5 14
9 14
12 14
13988 5 0 2 4 11 12 36
1 3
2 6
3 6
3 7
2 8
4 8
5 8
7 8
5 9
6 9
7 9
4 10
5 10
6 10
7 10
0 11
2 11
3 11
4 11
5 11
0 12
1 12
2 12
4 12
9 12
0 13
1 13
8 13
9 13
10 13
0 14
1 14
4 14
5 14
6 14
7 14
13989 5 0 1 3 7 12 36
1 3
2 6
3 6
3 7
2 8
4 8
5 8
7 8
4 9
5 9
6 9
7 9
4 10
5 10
6 10
0 11
2 11
3 11
4 11
5 11
0 12
1 12
2 12
7 12
10 12
0 13
1 13
8 13
9 13
10 13
0 14
1 14
4 14
5 14
6 14
7 14
13991 3 0 1 2 3 11 38
1 3
2 6
3 6
5 6
4 7
5 7
0 8
3 8
7 8
6 9
7 9
6 10
7 10
0 11
2 11
3 11
4 11
9 11
10 11
1 12
4 12
5 12
8 12
9 12
10 12
2 13
4 13
5 13
8 13
9 13
10 13
1 14
2 14
4 14
5 14
8 14
9 14
10 14
13997 4 0 2 4 8 14 37
1 3
1 6
5 6
0 7
5 7
0 8
2 8
3 8
4 8
5 8
1 9
4 9
7 9
3 10
5 10
9 10
3 11
5 11
9 11
2 12
4 12
6 12
7 12
10 12
11 12
2 13
4 13
6 13
7 13
10 13
11 13
0 14
2 14
4 14
6 14
10 14
11 14
14006 5 3 4 5 7 13 35
1 3
0 6
3 7
4 7
5 7
6 7
1 8
2 8
4 8
6 8
2 9
3 9
6 9
1 10
6 10
4 11
5 11
9 11
10 11
5 12
8 12
9 12
10 12
0 13
2 13
3 13
4 13
5 13
10 13
0 14
1 14
2 14
7 14
11 14
12 14
14008 6 0 2 3 13 14 36
1 3
0 6
1 7
6 8
7 8
4 9
5 9
7 9
2 10
3 10
4 10
5 10
6 10
7 10
1 11
4 11
5 11
6 11
0 12
1 12
2 12
4 12
5 12
8 12
0 13
2 13
3 13
8 13
9 13
11 13
0 14
2 14
3 14
8 14
9 14
11 14
14009 2 0 1 2 3 10 36
1 3
0 6
5 6
5 7
0 8
5 8
1 9
4 9
7 9
8 9
0 10
2 10
3 10
4 10
5 11
9 11
10 11
1 12
2 12
4 12
6 12
7 12
11 12
2 13
3 13
6 13
7 13
8 13
11 13
2 14
3 14
4 14
6 14
7 14
8 14
11 14
14012 4 0 1 3 6 7 38
1 3
0 6
3 6
4 6
5 6
1 7
2 7
6 7
0 8
1 8
4 9
5 9
8 9
3 10
7 10
9 10
3 11
7 11
9 11
2 12
4 12
5 12
8 12
10 12
11 12
2 13
4 13
5 13
8 13
10 13
11 13
0 14
1 14
2 14
4 14
5 14
10 14
11 14
14016 5 0 3 5 13 14 35
1 3
0 6
1 6
2 7
4 7
6 7
6 8
2 9
6 9
1 10
4 10
5 10
8 10
9 10
3 11
5 11
7 11
9 11
1 12
2 12
4 12
8 12
11 12
0 13
3 13
5 13
7 13
8 13
9 13
0 14
2 14
3 14
4 14
5 14
8 14
14026 2 0 1 3 8 9 37
1 3
4 5
4 6
3 7
5 7
6 7
0 8
2 8
3 8
4 8
0 9
1 9
4 9
2 10
5 10
6 10
9 10
2 11
5 11
6 11
9 11
2 12
3 12
5 12
6 12
1 13
7 13
8 13
10 13
11 13
12 13
0 14
4 14
7 14
10 14
11 14
12 14
14028 3 1 3 6 7 11 37
1 3
4 5
3 6
4 6
3 7
4 7
6 8
7 8
2 9
5 9
8 9
0 10
2 10
5 10
8 10
0 11
1 11
6 11
7 11
9 11
3 12
4 12
9 12
10 12
0 13
1 13
2 13
5 13
8 13
12 13
0 14
1 14
2 14
5 14
6 14
7 14
12 14
13815 6 1 2 3 5 9 36
2 3
0 4
0 5
3 5
5 6
5 7
3 8
1 9
2 9
5 9
3 10
4 10
7 10
9 10
4 11
6 11
7 11
8 11
9 11
1 12
4 12
6 12
7 12
8 12
0 13
1 13
2 13
6 13
8 13
10 13
1 14
2 14
4 14
6 14
7 14
8 14
13972 6 0 5 8 9 12 35
1 3
3 6
4 6
0 7
0 8
5 8
6 8
8 9
1 10
2 10
6 10
7 10
9 10
1 11
2 11
7 11
8 11
0 12
3 12
4 12
5 12
9 12
11 12
2 13
3 13
4 13
5 13
7 13
9 13
1 14
2 14
4 14
5 14
7 14
9 14
13267 5 2 3 7 8 9 37
2 3
0 5
0 6
3 7
6 7
3 8
2 9
4 9
5 9
7 9
8 9
0 10
1 10
4 10
7 10
8 10
0 11
2 11
7 11
1 12
4 12
5 12
6 12
8 12
11 12
1 13
3 13
4 13
5 13
6 13
11 13
1 14
2 14
4 14
5 14
6 14
8 14
14045 5 0 1 2 6 11 35
1 3
3 5
0 6
1 6
2 6
5 7
6 7
4 8
5 8
6 8
1 9
8 9
8 10
1 11
2 11
4 11
7 11
10 11
2 12
3 12
7 12
9 12
10 12
0 13
2 13
4 13
5 13
9 13
10 13
0 14
3 14
4 14
7 14
9 14
10 14
14072 3 0 1 3 6 8 35
1 3
2 5
4 5
0 6
3 6
0 7
2 7
0 8
1 8
5 8
4 9
8 9
2 10
6 10
9 10
3 11
4 11
7 11
10 11
1 12
5 12
6 12
7 12
9 12
3 13
4 13
7 13
8 13
10 13
1 14
2 14
6 14
9 14
11 14
13 14
13825 5 2 3 6 12 13 35
2 3
0 4
0 5
1 5
0 6
2 6
5 7
6 7
4 8
7 8
1 9
4 9
6 9
3 10
5 10
8 10
9 10
2 11
5 11
8 11
9 11
2 12
4 12
7 12
10 12
1 13
3 13
6 13
8 13
12 13
1 14
3 14
4 14
7 14
11 14
14075 3 0 1 2 12 13 35
1 3
2 5
3 5
5 6
5 7
3 9
4 9
6 9
8 9
1 10
4 10
7 10
8 10
4 11
6 11
7 11
8 11
0 12
2 12
9 12
10 12
11 12
0 13
1 13
2 13
6 13
7 13
8 13
0 14
2 14
3 14
4 14
6 14
7 14
8 14
14083 5 2 5 7 8 12 35
1 3
1 5
2 5
2 6
5 7
5 8
3 9
4 9
6 9
7 9
2 10
7 10
0 11
1 11
8 11
9 11
10 11
0 12
2 12
3 12
4 12
7 12
8 12
0 13
1 13
4 13
6 13
8 13
10 13
0 14
3 14
4 14
6 14
8 14
10 14
14092 2 0 1 3 5 11 35
1 3
0 5
2 6
5 7
6 7
4 8
5 8
4 9
6 9
3 10
4 10
6 10
2 11
3 11
4 11
5 11
1 12
7 12
8 12
9 12
10 12
11 12
0 13
2 13
3 13
7 13
8 13
9 13
0 14
1 14
2 14
7 14
8 14
9 14
10 14
14097 6 0 1 3 6 14 37
1 3
0 5
4 5
3 6
3 9
4 9
7 9
8 9
2 10
5 10
6 10
7 10
8 10
1 11
5 11
6 11
9 11
1 12
2 12
5 12
6 12
7 12
8 12
0 13
2 13
3 13
4 13
7 13
8 13
11 13
0 14
1 14
2 14
4 14
6 14
7 14
8 14
14098 3 0 1 3 5 10 38
1 3
0 5
3 5
4 5
0 8
0 9
1 10
2 10
5 10
6 10
7 10
1 11
5 11
6 11
7 11
8 11
9 11
1 12
2 12
4 12
6 12
7 12
8 12
9 12
2 13
3 13
4 13
6 13
7 13
8 13
9 13
2 14
3 14
4 14
6 14
7 14
8 14
9 14
14107 5 1 3 4 10 12 37
1 3
3 4
3 8
5 8
6 8
7 8
0 9
2 9
8 9
1 10
4 10
7 10
9 10
4 11
5 11
6 11
7 11
9 11
0 12
2 12
3 12
5 12
6 12
10 12
1 13
2 13
4 13
5 13
6 13
7 13
0 14
1 14
2 14
4 14
5 14
6 14
7 14
14103 6 0 1 2 5 13 37
1 3
0 5
1 5
2 5
5 6
6 7
6 8
1 9
7 9
8 9
0 10
2 10
3 10
4 10
6 10
9 10
0 11
6 11
9 11
3 12
4 12
5 12
7 12
8 12
11 12
1 13
2 13
4 13
7 13
8 13
11 13
2 14
3 14
4 14
7 14
8 14
11 14
14108 5 1 3 4 10 12 37
1 3
3 4
3 8
5 8
6 8
7 8
0 9
2 9
8 9
1 10
4 10
7 10
9 10
2 11
4 11
5 11
6 11
7 11
0 12
2 12
3 12
5 12
6 12
10 12
1 13
4 13
5 13
6 13
7 13
9 13
0 14
1 14
2 14
4 14
5 14
6 14
7 14
14111 4 0 1 3 4 8 38
1 3
3 4
0 8
2 8
3 8
4 9
5 9
6 9
7 9
8 9
4 10
5 10
6 10
7 10
8 10
0 11
1 11
9 11
10 11
2 12
3 12
5 12
6 12
7 12
11 12
2 13
4 13
5 13
6 13
7 13
11 13
0 14
1 14
2 14
4 14
5 14
6 14
7 14
14118 3 0 1 3 7 9 38
1 3
3 4
0 7
3 7
5 7
4 8
5 8
6 8
1 9
7 9
8 9
7 10
8 10
2 11
3 11
5 11
6 11
9 11
10 11
0 12
2 12
4 12
6 12
9 12
10 12
1 13
2 13
4 13
5 13
6 13
10 13
0 14
1 14
2 14
4 14
5 14
6 14
10 14
14129 3 0 1 3 4 6 38
1 3
3 4
4 5
0 6
4 6
2 7
3 7
2 8
3 9
5 9
6 9
8 9
5 10
6 10
7 10
8 10
5 11
6 11
7 11
8 11
2 12
4 12
9 12
10 12
11 12
0 13
1 13
5 13
7 13
8 13
12 13
0 14
1 14
2 14
4 14
9 14
10 14
11 14
14134 3 0 1 3 4 10 37
1 3
3 4
3 5
0 8
3 8
2 9
4 9
5 9
6 9
7 9
0 10
1 10
4 10
1 11
4 11
6 11
7 11
8 11
2 12
5 12
6 12
7 12
8 12
10 12
2 13
5 13
6 13
7 13
8 13
10 13
0 14
1 14
2 14
4 14
5 14
6 14
7 14
14135 5 0 1 2 10 12 36
1 3
3 4
3 5
4 6
5 7
6 8
4 9
7 9
8 9
0 10
1 10
2 10
5 10
6 10
9 10
0 11
2 11
3 11
7 11
8 11
0 12
1 12
2 12
7 12
8 12
5 13
6 13
9 13
11 13
12 13
1 14
2 14
4 14
7 14
8 14
13 14
14141 2 1 3 4 9 12 36
1 3
3 4
2 5
5 6
4 7
5 7
5 8
3 9
0 10
1 10
7 10
8 10
9 10
2 11
4 11
6 11
8 11
9 11
0 12
1 12
2 12
4 12
6 12
9 12
0 13
2 13
3 13
6 13
7 13
8 13
0 14
1 14
6 14
7 14
8 14
9 14
14136 4 1 3 4 5 10 37
1 3
3 4
3 5
2 6
6 7
5 8
6 8
4 9
5 9
6 9
1 10
2 10
4 10
5 10
7 10
0 11
3 11
7 11
8 11
9 11
0 12
2 12
7 12
8 12
9 12
0 13
1 13
2 13
4 13
7 13
8 13
1 14
4 14
5 14
6 14
11 14
12 14
14142 3 0 1 3 4 14 38
1 3
3 4
2 5
4 6
4 7
5 8
6 8
7 8
5 9
6 9
7 9
2 10
4 10
8 10
9 10
1 11
5 11
6 11
7 11
10 11
0 12
3 12
5 12
6 12
7 12
10 12
0 13
2 13
3 13
8 13
9 13
11 13
0 14
1 14
2 14
4 14
8 14
9 14
14146 2 0 2 5 7 8 36
1 3
3 4
2 5
1 6
0 7
1 7
2 7
5 8
7 8
3 9
8 9
0 10
4 10
5 10
6 10
9 10
0 11
2 11
3 11
8 11
4 12
6 12
7 12
9 12
11 12
4 13
5 13
6 13
9 13
11 13
1 14
2 14
8 14
10 14
12 14
13 14
14147 4 0 1 6 7 12 36
1 3
3 4
2 5
4 5
0 6
1 6
5 7
6 7
6 8
1 9
4 9
2 10
7 10
8 10
9 10
0 11
3 11
5 11
8 11
9 11
0 12
1 12
2 12
7 12
8 12
4 13
6 13
10 13
11 13
12 13
2 14
3 14
7 14
8 14
9 14
13 14
14160 3 2 4 7 8 10 37
1 3
2 4
4 7
3 8
4 8
2 9
3 9
2 10
5 10
6 10
7 10
8 10
1 11
5 11
6 11
7 11
8 11
9 11
0 12
1 12
4 12
5 12
6 12
9 12
0 13
2 13
3 13
5 13
6 13
7 13
0 14
1 14
5 14
6 14
7 14
8 14
9 14
14149 6 0 4 6 7 10 36
1 3
3 4
1 5
0 6
0 7
4 7
5 7
3 10
6 10
7 10
8 10
9 10
0 11
1 11
2 11
4 11
8 11
9 11
2 12
3 12
5 12
6 12
8 12
9 12
2 13
4 13
5 13
6 13
8 13
9 13
1 14
2 14
6 14
7 14
8 14
9 14
14162 5 0 4 5 10 11 36
1 3
2 4
3 7
4 7
6 7
0 8
1 8
7 8
2 9
3 9
5 9
6 9
8 9
0 10
4 10
5 10
6 10
0 11
4 11
5 11
6 11
1 12
2 12
5 12
6 12
3 13
8 13
10 13
11 13
12 13
0 14
1 14
2 14
5 14
7 14
13 14
14166 5 2 3 7 9 11 36
1 3
2 4
0 7
3 8
4 8
7 8
2 9
3 9
7 9
0 10
4 10
5 10
6 10
9 10
2 11
3 11
5 11
6 11
7 11
1 12
4 12
5 12
6 12
7 12
0 13
1 13
5 13
6 13
8 13
9 13
0 14
1 14
2 14
5 14
6 14
8 14
14173 6 2 4 6 11 14 35
1 3
2 4
4 6
0 7
6 7
0 8
0 9
3 9
5 9
6 9
1 10
2 10
7 10
8 10
9 10
2 11
3 11
5 11
6 11
8 11
3 12
4 12
5 12
7 12
8 12
1 13
4 13
5 13
7 13
8 13
0 14
1 14
2 14
5 14
6 14
14181 5 0 1 7 11 12 34
1 3
2 4
1 6
4 6
5 6
1 7
3 8
4 8
5 8
3 9
4 9
2 10
3 10
5 10
7 10
0 11
2 11
7 11
9 11
0 12
5 12
7 12
9 12
6 13
8 13
10 13
11 13
12 13
0 14
2 14
6 14
7 14
8 14
9 14
14183 6 1 3 9 11 13 35
1 3
2 4
0 6
4 7
6 7
2 8
5 8
6 8
1 9
7 9
8 9
0 10
3 10
7 10
8 10
2 11
3 11
5 11
6 11
9 11
1 12
4 12
5 12
6 12
10 12
0 13
3 13
4 13
5 13
9 13
0 14
1 14
2 14
5 14
7 14
14194 4 1 3 5 10 14 35
1 3
2 4
3 5
4 6
5 6
2 7
6 7
1 8
6 8
1 9
6 9
3 10
4 10
7 10
9 10
0 11
2 11
5 11
8 11
9 11
0 12
4 12
5 12
7 12
8 12
0 13
3 13
7 13
8 13
9 13
0 14
1 14
2 14
5 14
10 14
14165 6 0 1 5 9 13 35
1 3
2 4
0 7
4 8
6 8
7 8
0 9
1 9
5 9
8 9
2 10
3 10
6 10
7 10
9 10
3 11
4 11
5 11
6 11
7 11
1 12
2 12
5 12
6 12
7 12
0 13
1 13
4 13
5 13
6 13
0 14
2 14
3 14
5 14
8 14
14207 5 0 1 3 6 9 36
1 3
2 4
0 5
4 5
0 6
2 6
3 6
6 8
1 9
5 9
6 9
7 9
1 10
4 10
7 10
8 10
3 11
4 11
7 11
8 11
0 12
9 12
10 12
11 12
1 13
2 13
5 13
7 13
8 13
12 13
2 14
3 14
5 14
7 14
8 14
12 14
14208 5 0 1 3 5 14 35
1 3
2 4
0 5
3 5
4 6
3 7
4 7
3 8
6 8
2 9
5 9
7 9
8 9
1 10
6 10
7 10
2 11
5 11
8 11
10 11
1 12
6 12
9 12
11 12
0 13
4 13
8 13
10 13
12 13
1 14
2 14
5 14
6 14
7 14
13 14
14212 6 0 1 5 12 13 36
1 3
2 4
3 4
5 7
6 7
5 8
6 8
3 9
5 9
6 9
4 10
7 10
8 10
9 10
0 11
2 11
3 11
7 11
8 11
0 12
1 12
4 12
5 12
6 12
0 13
1 13
2 13
5 13
6 13
10 13
0 14
1 14
2 14
7 14
8 14
9 14
14213 4 1 2 3 4 10 37
1 3
2 4
3 4
5 7
6 7
2 8
7 8
4 9
7 9
0 10
2 10
3 10
7 10
1 11
5 11
6 11
8 11
9 11
10 11
0 12
3 12
5 12
6 12
8 12
9 12
0 13
1 13
2 13
5 13
6 13
9 13
0 14
1 14
4 14
5 14
6 14
8 14
14214 6 0 1 7 13 14 35
1 3
2 4
3 4
4 7
6 7
3 8
5 8
6 8
2 9
7 9
8 9
2 10
3 10
5 10
6 10
0 11
4 11
5 11
6 11
9 11
0 12
1 12
5 12
6 12
9 12
0 13
1 13
7 13
8 13
10 13
0 14
1 14
2 14
5 14
7 14
14119 3 0 1 3 7 8 38
1 3
3 4
0 7
2 7
3 7
1 8
5 8
6 8
7 8
0 9
1 9
3 10
8 10
4 11
5 11
6 11
7 11
9 11
10 11
2 12
4 12
5 12
6 12
9 12
10 12
2 13
4 13
5 13
6 13
9 13
10 13
0 14
1 14
2 14
4 14
5 14
6 14
10 14
14042 2 0 1 3 6 10 39
1 3
3 5
1 6
2 6
2 7
2 8
2 9
3 9
0 10
3 10
4 10
6 10
7 10
8 10
4 11
5 11
6 11
7 11
8 11
9 11
4 12
5 12
6 12
7 12
8 12
9 12
1 13
4 13
5 13
7 13
8 13
9 13
0 14
1 14
4 14
5 14
7 14
8 14
9 14
14227 4 1 3 8 9 12 36
1 3
2 4
3 4
0 5
4 6
5 6
2 7
6 7
1 8
5 8
7 8
0 9
3 9
8 9
0 10
4 10
8 10
0 11
2 11
6 11
1 12
2 12
6 12
9 12
3 13
5 13
7 13
10 13
11 13
12 13
1 14
5 14
7 14
9 14
10 14
11 14
14228 5 0 1 3 4 12 36
1 3
2 4
3 4
0 5
0 6
1 6
2 6
3 9
2 10
5 10
7 10
8 10
9 10
3 11
5 11
6 11
7 11
8 11
0 12
1 12
4 12
7 12
8 12
9 12
4 13
5 13
6 13
7 13
8 13
9 13
1 14
2 14
5 14
7 14
8 14
9 14
14229 6 0 1 3 6 9 35
1 3
2 4
3 4
0 5
4 5
0 6
3 6
0 9
3 9
7 9
8 9
1 10
2 10
9 10
4 11
6 11
7 11
8 11
10 11
5 12
6 12
7 12
8 12
10 12
1 13
2 13
5 13
7 13
8 13
1 14
2 14
5 14
6 14
7 14
8 14
14230 4 0 1 3 6 12 36
1 3
2 4
3 4
0 5
4 5
0 6
3 6
2 7
2 8
6 8
2 9
6 9
1 10
5 10
6 10
7 10
4 11
10 11
0 12
1 12
7 12
8 12
9 12
11 12
1 13
5 13
7 13
8 13
9 13
11 13
3 14
5 14
7 14
8 14
9 14
11 14
14231 1 0 1 3 4 9 38
1 3
1 4
0 9
3 9
4 9
7 9
8 9
3 10
4 10
5 10
6 10
8 10
1 11
2 11
5 11
6 11
7 11
8 11
2 12
4 12
5 12
6 12
7 12
8 12
0 13
2 13
3 13
5 13
6 13
7 13
0 14
2 14
3 14
4 14
5 14
6 14
7 14
8 14
14235 6 0 1 3 4 13 35
1 3
1 4
4 7
5 7
6 7
5 8
6 8
1 9
5 9
6 9
4 10
9 10
2 11
3 11
7 11
8 11
10 11
0 12
2 12
3 12
5 12
6 12
10 12
0 13
2 13
3 13
4 13
8 13
9 13
0 14
1 14
2 14
7 14
8 14
10 14
14249 6 0 3 6 12 13 35
1 3
1 4
0 5
2 6
2 7
2 8
3 8
2 9
4 9
5 9
4 10
5 10
7 10
8 10
1 11
5 11
6 11
7 11
8 11
0 12
3 12
6 12
9 12
10 12
0 13
3 13
4 13
6 13
7 13
0 14
1 14
6 14
7 14
8 14
9 14
13867 7 0 2 3 9 11 35
2 3
0 4
1 4
1 7
0 8
7 8
3 9
4 9
5 9
8 9
2 10
4 10
5 10
6 10
7 10
0 11
2 11
6 11
7 11
9 11
1 12
2 12
5 12
6 12
8 12
1 13
3 13
5 13
6 13
8 13
0 14
3 14
5 14
6 14
7 14
14255 4 0 1 2 5 8 35
1 3
1 4
0 5
2 5
3 7
4 7
5 7
0 8
1 8
2 8
6 8
2 9
3 9
5 10
6 10
9 10
4 11
8 11
10 11
6 12
7 12
9 12
11 12
0 13
2 13
3 13
4 13
10 13
12 13
0 14
1 14
6 14
7 14
9 14
11 14
14263 3 0 2 4 5 8 36
1 3
1 4
2 4
0 5
2 5
3 5
3 7
4 8
5 8
6 8
7 8
4 9
6 9
7 9
5 10
6 10
7 10
1 11
2 11
6 11
0 12
8 12
9 12
10 12
11 12
0 13
3 13
9 13
10 13
11 13
1 14
2 14
6 14
7 14
12 14
13 14
14211 5 1 2 8 11 12 36
1 3
2 4
3 4
0 8
5 8
6 8
3 9
5 9
6 9
0 10
4 10
5 10
6 10
7 10
1 11
2 11
7 11
8 11
9 11
1 12
2 12
7 12
8 12
9 12
0 13
2 13
3 13
5 13
6 13
7 13
0 14
1 14
4 14
5 14
6 14
7 14
14269 4 0 1 3 4 10 36
1 3
0 4
5 7
6 7
3 8
4 8
7 8
0 9
7 9
1 10
4 10
7 10
2 11
5 11
6 11
8 11
9 11
10 11
2 12
3 12
4 12
5 12
6 12
9 12
1 13
2 13
5 13
6 13
8 13
9 13
0 14
2 14
3 14
5 14
6 14
10 14
14223 4 0 1 8 10 11 36
1 3
2 4
3 4
2 5
3 5
4 6
4 7
1 8
6 8
7 8
0 9
5 9
6 9
7 9
0 10
4 10
8 10
0 11
1 11
2 11
5 12
6 12
7 12
10 12
11 12
5 13
6 13
7 13
10 13
11 13
2 14
3 14
8 14
9 14
12 14
13 14
14273 3 1 3 8 9 11 36
1 3
0 4
4 6
5 6
4 7
5 7
3 8
5 8
2 9
3 9
6 9
1 10
2 10
7 10
8 10
0 11
1 11
7 11
8 11
9 11
4 12
5 12
9 12
10 12
0 13
1 13
2 13
6 13
8 13
12 13
0 14
2 14
3 14
6 14
7 14
12 14
14277 3 0 2 4 5 9 37
1 3
0 4
4 5
3 7
6 7
1 8
6 8
0 9
2 9
5 9
7 9
8 9
4 10
7 10
8 10
4 11
7 11
8 11
2 12
3 12
5 12
6 12
10 12
11 12
1 13
2 13
5 13
6 13
10 13
11 13
0 14
2 14
3 14
5 14
6 14
10 14
11 14
14225 4 1 2 3 4 5 35
1 3
2 4
3 4
1 5
2 5
5 6
0 7
4 7
6 7
6 8
6 9
5 10
3 11
7 11
8 11
9 11
10 11
0 12
2 12
3 12
8 12
9 12
10 12
0 13
1 13
4 13
8 13
9 13
10 13
1 14
2 14
7 14
8 14
9 14
10 14
14285 4 0 1 2 3 10 36
1 3
0 4
2 5
2 6
1 9
2 9
4 9
7 9
8 9
0 10
2 10
3 10
4 11
5 11
6 11
7 11
8 11
10 11
3 12
4 12
5 12
6 12
7 12
8 12
1 13
5 13
6 13
7 13
8 13
10 13
0 14
3 14
5 14
6 14
7 14
8 14
14280 5 0 4 6 9 10 36
1 3
0 4
3 5
0 6
6 7
5 8
6 8
5 9
6 9
3 10
4 10
9 10
0 11
1 11
2 11
5 11
7 11
10 11
0 12
1 12
2 12
7 12
8 12
10 12
2 13
3 13
4 13
7 13
8 13
9 13
1 14
2 14
4 14
7 14
8 14
9 14
14289 6 0 1 4 7 9 34
1 3
0 4
1 5
4 5
3 7
4 7
2 8
0 9
1 9
6 9
7 9
8 9
7 10
8 10
3 11
5 11
8 11
2 12
4 12
6 12
10 12
11 12
0 13
2 13
3 13
5 13
6 13
10 13
0 14
1 14
2 14
6 14
10 14
11 14
14292 3 0 1 3 5 9 37
1 3
0 4
0 5
5 6
1 9
2 9
5 9
7 9
8 9
3 10
4 10
6 10
7 10
8 10
2 11
4 11
6 11
7 11
8 11
1 12
5 12
10 12
11 12
2 13
3 13
4 13
6 13
7 13
8 13
12 13
0 14
2 14
3 14
6 14
7 14
8 14
12 14
14294 6 0 1 3 6 9 38
1 3
0 4
0 5
1 6
4 6
5 6
6 7
4 8
5 8
0 9
6 9
2 10
3 10
7 10
8 10
9 10
2 11
3 11
7 11
8 11
9 11
2 12
3 12
7 12
8 12
9 12
1 13
2 13
4 13
5 13
7 13
9 13
1 14
4 14
5 14
10 14
11 14
12 14
14298 4 0 1 3 5 7 36
1 3
0 4
0 5
1 5
3 6
3 7
4 7
5 7
5 9
2 10
3 10
4 10
8 10
9 10
2 11
4 11
5 11
6 11
8 11
1 12
4 12
6 12
8 12
9 12
0 13
2 13
6 13
7 13
8 13
9 13
1 14
2 14
6 14
7 14
8 14
9 14
14299 4 0 1 3 4 5 38
1 3
0 4
0 5
1 5
3 6
5 6
4 9
6 9
7 9
8 9
1 10
9 10
0 11
2 11
6 11
7 11
8 11
10 11
1 12
2 12
4 12
6 12
7 12
8 12
2 13
3 13
4 13
5 13
7 13
8 13
10 13
2 14
3 14
4 14
5 14
7 14
8 14
10 14
14300 6 1 2 3 5 6 36
1 3
0 4
0 5
1 5
2 5
3 6
5 6
5 7
2 8
2 9
3 10
4 10
7 10
8 10
9 10
4 11
6 11
7 11
8 11
9 11
1 12
2 12
4 12
6 12
0 13
3 13
7 13
8 13
9 13
12 13
1 14
4 14
6 14
7 14
8 14
9 14
14301 5 0 1 3 5 6 36
1 3
0 4
0 5
1 5
2 5
3 6
5 6
5 7
2 8
2 9
2 10
3 10
4 10
7 10
3 11
4 11
7 11
8 11
9 11
4 12
6 12
7 12
8 12
9 12
0 13
1 13
6 13
8 13
9 13
10 13
1 14
4 14
6 14
7 14
8 14
9 14
14287 5 1 2 3 10 12 35
1 3
0 4
2 5
3 5
4 5
2 6
5 9
6 9
7 9
8 9
1 10
2 10
9 10
1 11
4 11
6 11
7 11
8 11
0 12
2 12
3 12
7 12
8 12
3 13
4 13
6 13
7 13
8 13
10 13
0 14
5 14
6 14
7 14
8 14
10 14
14302 3 0 1 3 4 7 39
1 3
0 4
3 4
1 7
4 7
0 8
3 8
0 9
2 10
3 10
5 10
6 10
7 10
9 10
2 11
5 11
6 11
7 11
8 11
9 11
2 12
5 12
6 12
7 12
8 12
9 12
1 13
4 13
5 13
6 13
8 13
9 13
1 14
2 14
4 14
5 14
6 14
8 14
9 14
14303 4 0 1 3 4 10 38
1 3
0 4
3 4
4 6
5 9
6 9
7 9
8 9
0 10
3 10
9 10
0 11
1 11
2 11
6 11
7 11
8 11
1 12
2 12
4 12
5 12
7 12
8 12
10 12
1 13
2 13
5 13
6 13
7 13
8 13
10 13
0 14
2 14
3 14
5 14
6 14
7 14
8 14
14308 2 0 1 3 4 5 39
1 3
0 4
3 4
3 5
4 10
5 10
6 10
7 10
8 10
9 10
2 11
3 11
6 11
7 11
8 11
9 11
0 12
2 12
5 12
6 12
7 12
8 12
9 12
1 13
2 13
4 13
5 13
6 13
7 13
8 13
9 13
0 14
1 14
2 14
5 14
6 14
7 14
8 14
9 14
14313 5 0 1 2 12 13 36
1 3
0 4
3 4
0 5
3 6
2 8
3 8
5 8
7 8
4 9
8 9
5 10
6 10
7 10
9 10
5 11
6 11
7 11
9 11
1 12
2 12
4 12
10 12
11 12
0 13
1 13
2 13
6 13
7 13
9 13
1 14
2 14
4 14
5 14
6 14
7 14
14316 5 0 2 4 5 10 37
1 3
0 4
2 4
0 8
0 9
3 9
5 9
6 9
7 9
0 10
1 10
2 10
5 10
3 11
4 11
6 11
7 11
8 11
10 11
2 12
3 12
5 12
6 12
7 12
8 12
1 13
2 13
5 13
6 13
7 13
8 13
1 14
4 14
5 14
6 14
7 14
8 14
14315 3 0 1 3 4 5 35
1 3
0 4
3 4
0 5
1 5
2 5
2 6
4 6
4 7
5 10
6 10
7 10
8 10
9 10
3 11
6 11
7 11
8 11
9 11
1 12
2 12
7 12
8 12
9 12
0 13
2 13
3 13
8 13
9 13
0 14
1 14
6 14
7 14
8 14
9 14
14271 6 0 3 4 8 10 36
1 3
0 4
5 6
5 7
4 8
5 8
1 9
2 9
5 9
0 10
3 10
8 10
9 10
3 11
4 11
6 11
7 11
9 11
1 12
2 12
4 12
6 12
7 12
10 12
0 13
2 13
3 13
6 13
7 13
8 13
0 14
1 14
2 14
6 14
7 14
8 14
14321 5 1 3 7 9 12 36
1 3
0 4
2 4
3 7
2 8
5 8
6 8
7 8
1 9
5 9
7 9
0 10
8 10
9 10
3 11
4 11
5 11
6 11
10 11
0 12
2 12
3 12
6 12
9 12
1 13
4 13
5 13
6 13
7 13
10 13
0 14
1 14
2 14
5 14
6 14
7 14
14210 6 1 3 4 11 14 37
1 3
2 4
3 4
5 8
6 8
7 8
5 9
6 9
7 9
0 10
1 10
2 10
5 10
6 10
7 10
0 11
1 11
4 11
8 11
9 11
0 12
2 12
3 12
8 12
9 12
1 13
4 13
5 13
6 13
7 13
12 13
2 14
3 14
5 14
6 14
7 14
11 14
14323 4 0 1 2 4 10 37
1 3
0 4
2 4
5 6
5 7
2 8
5 8
1 9
4 9
5 9
0 10
1 10
2 10
6 10
7 10
3 11
6 11
7 11
8 11
9 11
3 12
4 12
6 12
7 12
8 12
0 13
3 13
6 13
7 13
8 13
9 13
0 14
1 14
2 14
5 14
11 14
12 14
14324 1 0 2 4 6 13 38
1 3
0 4
2 4
4 6
3 7
4 7
5 8
6 8
7 8
1 9
4 9
5 9
3 10
8 10
9 10
3 11
8 11
9 11
1 12
2 12
5 12
6 12
10 12
11 12
0 13
2 13
5 13
6 13
7 13
10 13
11 13
1 14
2 14
5 14
6 14
7 14
10 14
11 14
14326 3 0 1 4 5 6 36
1 3
0 4
2 4
0 5
1 6
4 6
5 6
3 7
5 7
2 8
5 8
3 9
8 9
4 10
7 10
9 10
6 11
8 11
10 11
1 12
2 12
7 12
9 12
11 12
0 13
1 13
2 13
7 13
9 13
11 13
0 14
3 14
6 14
8 14
10 14
12 14
14328 5 0 1 2 10 14 37
1 3
0 4
2 4
3 4
5 8
6 8
7 8
0 9
8 9
0 10
1 10
2 10
8 10
3 11
5 11
6 11
7 11
9 11
10 11
2 12
3 12
5 12
6 12
7 12
9 12
1 13
4 13
5 13
6 13
7 13
9 13
0 14
1 14
2 14
5 14
6 14
7 14
14334 4 0 1 2 4 5 38
1 3
0 4
2 4
3 4
0 5
1 5
2 5
3 6
2 7
6 8
7 8
0 9
6 9
7 9
2 10
3 10
8 10
9 10
1 11
4 11
8 11
9 11
1 12
4 12
8 12
9 12
5 13
6 13
7 13
10 13
11 13
12 13
5 14
6 14
7 14
10 14
11 14
12 14
14337 6 0 1 4 6 12 36
1 3
0 4
1 4
4 6
2 7
3 7
5 7
5 8
5 9
4 10
7 10
8 10
9 10
2 11
3 11
6 11
8 11
9 11
0 12
1 12
2 12
5 12
6 12
10 12
0 13
2 13
3 13
6 13
8 13
9 13
0 14
1 14
6 14
7 14
8 14
9 14
14340 2 0 1 3 4 7 38
1 3
0 4
1 4
4 5
4 6
2 7
3 7
4 7
1 8
1 9
7 9
7 10
2 11
3 11
5 11
6 11
8 11
10 11
2 12
5 12
6 12
8 12
9 12
10 12
0 13
3 13
5 13
6 13
8 13
9 13
10 13
0 14
2 14
5 14
6 14
8 14
9 14
10 14
14329 5 0 1 3 4 13 35
1 3
0 4
2 4
3 4
3 7
6 7
1 8
7 8
0 9
7 9
2 10
5 10
6 10
8 10
9 10
4 11
5 11
6 11
8 11
9 11
1 12
2 12
5 12
6 12
9 12
0 13
3 13
5 13
6 13
8 13
0 14
1 14
2 14
5 14
7 14
14342 3 0 1 3 4 6 39
1 3
0 4
1 4
3 5
3 6
4 6
2 10
3 10
4 10
7 10
8 10
9 10
2 11
4 11
5 11
7 11
8 11
9 11
0 12
1 12
5 12
6 12
7 12
8 12
9 12
0 13
2 13
5 13
6 13
7 13
8 13
9 13
1 14
2 14
5 14
6 14
7 14
8 14
9 14
14345 4 0 1 3 4 5 36
1 3
0 4
1 4
2 5
3 5
2 7
4 7
6 7
5 8
6 8
1 9
2 9
8 9
0 10
2 10
6 10
3 11
7 11
8 11
10 11
3 12
7 12
8 12
10 12
4 13
5 13
6 13
9 13
11 13
12 13
0 14
5 14
6 14
9 14
11 14
12 14
14348 2 0 1 2 4 11 37
1 3
0 4
1 4
2 4
2 6
3 6
3 7
4 7
5 8
6 8
7 8
5 9
6 9
7 9
0 10
3 10
5 10
0 11
1 11
5 11
2 12
8 12
9 12
10 12
11 12
2 13
8 13
9 13
10 13
11 13
0 14
1 14
5 14
6 14
7 14
12 14
13 14
14264 5 2 4 8 11 13 35
1 3
1 4
2 4
0 5
1 5
2 6
3 6
4 8
3 9
5 10
6 10
7 10
8 10
9 10
2 11
5 11
7 11
8 11
9 11
0 12
4 12
6 12
7 12
9 12
0 13
2 13
3 13
7 13
8 13
0 14
1 14
6 14
7 14
8 14
9 14
14350 6 0 1 2 4 10 37
1 3
0 4
1 4
2 4
4 5
4 6
3 7
5 7
6 8
7 8
1 9
8 9
1 10
5 10
8 10
0 11
3 11
5 11
8 11
0 12
2 12
3 12
5 12
6 12
9 12
2 13
6 13
7 13
9 13
10 13
11 13
2 14
6 14
7 14
9 14
10 14
11 14
14351 5 0 1 2 4 12 36
1 3
0 4
1 4
2 4
4 5
4 6
2 7
3 7
5 7
6 7
3 8
5 8
6 9
8 9
6 10
8 10
2 11
6 11
8 11
1 12
2 12
5 12
9 12
10 12
0 13
3 13
5 13
9 13
10 13
11 13
0 14
1 14
7 14
9 14
10 14
11 14
14354 5 0 1 4 6 11 37
1 3
0 4
1 4
2 4
3 5
4 5
4 6
3 7
6 7
2 8
3 8
6 9
8 9
5 10
7 10
9 10
0 11
1 11
6 11
8 11
10 11
0 12
2 12
5 12
7 12
9 12
1 13
6 13
8 13
10 13
12 13
2 14
5 14
7 14
9 14
11 14
13 14
14358 3 0 1 2 3 14 40
1 3
2 3
0 9
1 9
2 10
4 10
5 10
6 10
7 10
8 10
9 10
2 11
4 11
5 11
6 11
7 11
8 11
9 11
3 12
4 12
5 12
6 12
7 12
8 12
9 12
0 13
3 13
4 13
5 13
6 13
7 13
8 13
0 14
1 14
2 14
4 14
5 14
6 14
7 14
8 14
14359 3 0 1 2 3 9 40
1 3
2 3
3 8
0 9
1 9
2 9
4 10
5 10
6 10
7 10
8 10
9 10
4 11
5 11
6 11
7 11
8 11
9 11
0 12
3 12
4 12
5 12
6 12
7 12
0 13
1 13
2 13
4 13
5 13
6 13
7 13
8 13
0 14
1 14
2 14
4 14
5 14
6 14
7 14
8 14
14360 4 1 2 3 4 9 39
1 3
2 3
1 8
1 9
2 9
4 9
5 9
2 10
4 10
5 10
6 10
7 10
8 10
0 11
3 11
6 11
7 11
8 11
9 11
0 12
1 12
4 12
5 12
6 12
7 12
0 13
2 13
4 13
5 13
6 13
7 13
8 13
0 14
3 14
4 14
5 14
6 14
7 14
8 14
14361 5 1 2 3 8 11 40
1 3
2 3
0 8
1 8
2 8
0 9
0 10
3 10
4 10
5 10
6 10
7 10
3 11
4 11
5 11
6 11
7 11
8 11
9 11
3 12
4 12
5 12
6 12
7 12
8 12
9 12
1 13
2 13
4 13
5 13
6 13
7 13
9 13
1 14
2 14
4 14
5 14
6 14
7 14
9 14
14367 6 2 3 8 9 12 37
1 3
2 3
4 7
5 7
6 7
3 8
6 8
2 9
7 9
8 9
2 10
4 10
5 10
6 10
0 11
1 11
7 11
8 11
10 11
0 12
3 12
4 12
5 12
6 12
9 12
0 13
1 13
4 13
5 13
6 13
9 13
0 14
1 14
2 14
4 14
5 14
8 14
14319 4 0 2 3 4 12 36
1 3
0 4
2 4
4 7
1 8
6 8
7 8
1 9
5 9
6 9
7 9
0 10
8 10
9 10
3 11
4 11
5 11
6 11
10 11
0 12
2 12
3 12
5 12
8 12
2 13
3 13
5 13
6 13
7 13
10 13
0 14
1 14
2 14
5 14
6 14
7 14
14370 4 0 1 2 3 9 39
1 3
2 3
3 7
1 8
0 9
1 9
2 9
4 10
5 10
6 10
7 10
8 10
9 10
4 11
5 11
6 11
7 11
8 11
9 11
0 12
3 12
4 12
5 12
6 12
8 12
0 13
2 13
4 13
5 13
6 13
7 13
8 13
0 14
1 14
2 14
4 14
5 14
6 14
7 14
14374 5 0 1 2 9 14 38
1 3
2 3
3 7
4 7
5 7
6 7
0 8
3 8
0 9
1 9
2 9
4 10
5 10
6 10
8 10
9 10
4 11
5 11
6 11
8 11
9 11
1 12
4 12
5 12
6 12
8 12
0 13
2 13
7 13
10 13
11 13
12 13
0 14
1 14
2 14
4 14
5 14
6 14
14376 6 0 1 6 9 14 37
1 3
2 3
2 7
2 8
4 8
5 8
0 9
1 9
6 9
7 9
8 9
0 10
1 10
8 10
0 11
2 11
4 11
5 11
6 11
3 12
4 12
5 12
6 12
7 12
10 12
3 13
4 13
5 13
6 13
7 13
10 13
0 14
1 14
4 14
5 14
6 14
7 14
14250 4 0 1 3 4 10 37
1 3
1 4
0 5
1 6
5 6
6 7
6 8
0 10
2 10
3 10
4 10
6 10
9 10
0 11
1 11
2 11
7 11
8 11
9 11
2 12
3 12
5 12
7 12
8 12
9 12
2 13
4 13
5 13
7 13
8 13
9 13
3 14
4 14
5 14
7 14
8 14
9 14
14383 5 0 1 2 9 14 38
1 3
2 3
1 7
0 8
3 8
0 9
1 9
2 9
4 10
5 10
6 10
7 10
8 10
9 10
4 11
5 11
6 11
7 11
8 11
9 11
2 12
4 12
5 12
6 12
7 12
8 12
0 13
3 13
4 13
5 13
6 13
7 13
0 14
1 14
2 14
4 14
5 14
6 14
14384 5 1 2 3 8 13 38
1 3
2 3
1 7
0 8
3 8
0 9
1 9
2 9
4 10
5 10
6 10
7 10
8 10
9 10
4 11
5 11
6 11
7 11
8 11
9 11
0 12
2 12
4 12
5 12
6 12
7 12
1 13
2 13
4 13
5 13
6 13
8 13
0 14
3 14
4 14
5 14
6 14
7 14
14385 5 1 2 3 4 9 35
1 3
2 3
0 7
5 8
6 8
7 8
1 9
2 9
4 9
7 9
5 10
6 10
9 10
0 11
3 11
4 11
8 11
10 11
3 12
4 12
5 12
6 12
7 12
0 13
1 13
2 13
4 13
5 13
6 13
0 14
1 14
2 14
8 14
10 14
12 14
14392 4 0 1 2 3 9 39
1 3
2 3
0 7
3 7
0 8
3 8
4 8
5 8
6 8
0 9
1 9
2 9
4 10
5 10
6 10
7 10
9 10
4 11
5 11
6 11
7 11
9 11
4 12
5 12
6 12
7 12
9 12
1 13
2 13
8 13
10 13
11 13
12 13
1 14
2 14
4 14
5 14
6 14
7 14
14320 5 0 4 8 10 11 36
1 3
0 4
2 4
3 7
4 8
5 8
6 8
7 8
1 9
5 9
7 9
0 10
8 10
9 10
3 11
4 11
5 11
6 11
10 11
0 12
2 12
3 12
6 12
9 12
1 13
2 13
5 13
6 13
7 13
10 13
0 14
1 14
2 14
5 14
6 14
7 14
14395 5 0 1 2 7 9 38
1 3
2 3
0 7
2 7
0 8
3 8
4 8
5 8
6 8
0 9
1 9
2 9
4 10
5 10
6 10
7 10
9 10
4 11
5 11
6 11
7 11
9 11
1 12
4 12
5 12
6 12
7 12
0 13
3 13
10 13
11 13
12 13
1 14
2 14
4 14
5 14
6 14
13 14
14349 5 2 3 5 9 13 35
1 3
0 4
1 4
2 4
1 6
0 7
6 8
7 8
2 9
3 9
5 9
7 9
6 10
9 10
4 11
5 11
8 11
10 11
2 12
3 12
6 12
7 12
11 12
0 13
2 13
3 13
5 13
8 13
10 13
0 14
1 14
5 14
8 14
10 14
12 14
14399 6 1 2 3 8 14 37
1 3
2 3
4 6
5 6
4 7
5 7
3 8
6 8
7 8
2 9
8 9
2 10
6 10
7 10
0 11
1 11
6 11
7 11
9 11
0 12
3 12
4 12
5 12
9 12
10 12
0 13
1 13
4 13
5 13
9 13
10 13
0 14
1 14
2 14
4 14
5 14
8 14
14369 3 1 2 3 8 9 39
1 3
2 3
4 7
5 7
6 7
1 8
2 8
4 8
5 8
0 9
3 9
6 9
8 9
2 10
7 10
9 10
2 11
7 11
9 11
1 12
4 12
5 12
6 12
10 12
11 12
0 13
3 13
4 13
5 13
6 13
10 13
11 13
0 14
1 14
4 14
5 14
6 14
10 14
11 14
14401 5 1 2 3 7 14 37
1 3
2 3
4 6
5 6
3 7
0 8
6 8
7 8
1 9
6 9
7 9
1 10
4 10
5 10
8 10
0 11
2 11
4 11
5 11
9 11
3 12
4 12
5 12
8 12
9 12
0 13
2 13
6 13
7 13
10 13
12 13
0 14
1 14
2 14
4 14
5 14
7 14
14400 4 0 2 8 9 10 38
1 3
2 3
4 6
5 6
4 7
5 7
0 8
2 8
6 8
0 9
1 9
2 9
7 9
4 10
5 10
8 10
9 10
3 11
6 11
7 11
10 11
1 12
4 12
5 12
8 12
11 12
0 13
3 13
6 13
7 13
10 13
12 13
0 14
1 14
2 14
4 14
5 14
11 14
14408 5 0 1 2 9 11 37
1 3
2 3
3 6
2 7
2 8
4 8
5 8
6 8
0 9
1 9
8 9
0 10
3 10
4 10
5 10
7 10
0 11
1 11
2 11
4 12
5 12
6 12
7 12
9 12
11 12
4 13
5 13
6 13
7 13
9 13
11 13
0 14
1 14
4 14
5 14
6 14
7 14
14407 4 0 1 2 3 13 39
1 3
2 3
3 6
3 7
4 7
5 7
4 8
5 8
6 8
4 9
5 9
6 9
4 10
5 10
6 10
0 11
1 11
7 11
8 11
9 11
10 11
0 12
2 12
7 12
8 12
9 12
10 12
0 13
1 13
2 13
8 13
9 13
10 13
0 14
1 14
2 14
4 14
5 14
6 14
14410 6 0 1 10 12 13 36
1 3
2 3
2 6
3 7
2 8
4 8
5 8
7 8
4 9
5 9
6 9
7 9
4 10
5 10
7 10
0 11
3 11
4 11
5 11
6 11
0 12
1 12
2 12
9 12
10 12
0 13
1 13
6 13
8 13
10 13
0 14
1 14
4 14
5 14
6 14
7 14
14411 4 0 1 2 3 11 38
1 3
2 3
2 6
3 7
2 8
4 8
5 8
7 8
0 9
1 9
8 9
0 10
1 10
4 10
5 10
6 10
7 10
0 11
1 11
2 11
4 12
5 12
6 12
7 12
9 12
11 12
4 13
5 13
6 13
7 13
9 13
11 13
3 14
4 14
5 14
6 14
9 14
11 14
14416 6 1 2 3 6 11 37
1 3
2 3
2 6
4 6
5 6
2 7
0 8
6 8
7 8
2 9
3 10
4 10
5 10
8 10
9 10
0 11
3 11
6 11
7 11
1 12
4 12
5 12
8 12
9 12
11 12
0 13
1 13
4 13
5 13
7 13
9 13
0 14
1 14
4 14
5 14
7 14
9 14
14417 4 0 1 2 3 11 37
1 3
2 3
2 6
4 6
5 6
1 7
4 7
5 7
1 8
6 8
0 9
3 9
4 9
5 9
8 9
0 10
2 10
7 10
0 11
1 11
2 11
4 12
5 12
8 12
10 12
11 12
4 13
5 13
8 13
10 13
11 13
0 14
3 14
6 14
7 14
12 14
13 14
14409 4 1 2 3 7 9 38
1 3
2 3
3 6
1 7
2 8
0 9
1 9
2 9
4 10
5 10
6 10
7 10
8 10
9 10
4 11
5 11
6 11
7 11
8 11
9 11
0 12
3 12
4 12
5 12
7 12
8 12
0 13
1 13
4 13
5 13
6 13
8 13
0 14
2 14
4 14
5 14
6 14
7 14
14423 4 1 2 3 6 12 39
1 3
2 3
1 6
2 6
4 6
5 6
0 7
1 7
4 8
5 8
7 8
4 9
5 9
7 9
3 10
4 10
5 10
7 10
1 11
4 11
5 11
0 12
3 12
6 12
8 12
9 12
11 12
0 13
2 13
8 13
9 13
10 13
11 13
0 14
2 14
8 14
9 14
10 14
11 14
14426 5 1 2 3 9 13 38
1 3
2 3
0 6
1 7
0 8
2 8
4 8
5 8
7 8
0 9
3 9
4 10
5 10
6 10
7 10
9 10
4 11
5 11
6 11
7 11
9 11
3 12
4 12
5 12
6 12
7 12
1 13
2 13
4 13
5 13
6 13
9 13
0 14
1 14
2 14
10 14
11 14
12 14
14427 5 2 3 8 9 10 37
1 3
2 3
0 6
0 7
3 8
4 8
5 8
2 9
6 9
7 9
8 9
0 10
2 10
8 10
0 11
1 11
4 11
5 11
9 11
3 12
4 12
5 12
6 12
7 12
10 12
1 13
4 13
5 13
6 13
7 13
10 13
1 14
2 14
4 14
5 14
6 14
7 14
14430 5 0 1 2 3 13 35
1 3
2 3
0 6
1 6
3 7
4 7
5 7
6 7
3 8
4 8
6 8
2 9
6 9
1 10
4 10
5 10
9 10
5 11
8 11
9 11
5 12
8 12
9 12
0 13
1 13
2 13
4 13
11 13
12 13
0 14
2 14
7 14
10 14
11 14
12 14
14431 2 0 1 6 8 10 38
1 3
2 3
0 6
1 6
0 7
2 7
0 8
1 8
4 9
5 9
7 9
8 9
2 10
4 10
5 10
6 10
8 10
0 11
3 11
4 11
5 11
1 12
2 12
9 12
11 12
3 13
4 13
5 13
6 13
7 13
12 13
3 14
4 14
5 14
6 14
7 14
8 14
12 14
14433 5 1 2 3 11 12 37
1 3
2 3
4 5
5 6
5 7
1 8
4 8
6 8
7 8
1 9
5 9
0 10
2 10
5 10
8 10
0 11
1 11
2 11
4 11
3 12
6 12
7 12
9 12
10 12
11 12
0 13
2 13
4 13
6 13
7 13
9 13
0 14
3 14
4 14
6 14
7 14
9 14
14394 6 1 2 3 9 10 38
1 3
2 3
0 7
2 7
0 8
3 8
1 9
2 9
4 10
5 10
6 10
7 10
8 10
9 10
4 11
5 11
6 11
7 11
8 11
9 11
1 12
4 12
5 12
6 12
7 12
8 12
0 13
3 13
4 13
5 13
6 13
9 13
0 14
1 14
2 14
4 14
5 14
6 14
14445 3 1 2 3 9 11 38
1 3
2 3
4 5
1 6
5 6
2 7
5 7
0 8
3 8
6 8
7 8
1 9
2 9
4 9
5 10
8 10
9 10
3 11
5 11
9 11
0 12
4 12
6 12
7 12
10 12
11 12
0 13
1 13
4 13
7 13
10 13
11 13
0 14
2 14
4 14
6 14
10 14
11 14
14446 5 0 1 4 10 11 37
1 3
2 3
4 5
0 6
5 6
0 7
5 7
2 8
5 8
3 9
6 9
7 9
8 9
0 10
1 10
4 10
8 10
0 11
1 11
2 11
4 11
5 12
9 12
10 12
11 12
3 13
4 13
6 13
7 13
8 13
12 13
1 14
2 14
4 14
6 14
7 14
12 14
14450 3 1 2 3 5 14 38
1 3
2 3
3 5
4 5
1 6
5 6
2 7
4 7
6 7
1 8
4 8
0 9
2 9
8 9
4 10
6 10
9 10
4 11
6 11
9 11
0 12
5 12
7 12
8 12
10 12
11 12
0 13
3 13
7 13
8 13
10 13
11 13
0 14
1 14
2 14
5 14
10 14
11 14
14453 6 0 1 2 3 11 36
1 3
2 3
2 5
0 6
0 7
4 7
5 7
3 10
6 10
7 10
8 10
9 10
0 11
1 11
2 11
4 11
8 11
9 11
3 12
4 12
5 12
6 12
8 12
9 12
1 13
4 13
5 13
6 13
8 13
9 13
1 14
2 14
6 14
7 14
8 14
9 14
14458 4 0 1 2 3 7 39
1 3
2 3
1 5
2 6
0 7
1 7
2 7
4 8
5 8
6 8
7 8
4 9
5 9
6 9
7 9
0 10
4 10
5 10
6 10
3 11
8 11
9 11
10 11
3 12
8 12
9 12
10 12
0 13
1 13
4 13
6 13
11 13
12 13
0 14
2 14
4 14
5 14
11 14
12 14
14418 2 1 3 5 6 7 38
1 3
2 3
1 6
3 7
5 7
6 7
4 8
6 8
0 9
3 9
8 9
0 10
7 10
8 10
0 11
7 11
8 11
2 12
4 12
5 12
6 12
9 12
10 12
11 12
1 13
2 13
4 13
5 13
9 13
10 13
11 13
1 14
2 14
4 14
5 14
9 14
10 14
11 14
14465 3 1 2 3 6 7 36
1 3
2 3
0 5
2 6
3 7
4 7
5 7
6 7
6 8
2 9
5 9
1 10
4 10
8 10
9 10
5 11
6 11
10 11
0 12
1 12
2 12
4 12
8 12
11 12
0 13
3 13
4 13
8 13
9 13
11 13
0 14
1 14
7 14
8 14
9 14
11 14
14470 1 0 1 3 5 14 40
1 3
2 3
0 5
1 5
4 6
2 7
6 7
5 8
6 8
1 9
4 9
7 9
8 9
3 10
4 10
7 10
8 10
3 11
4 11
7 11
8 11
2 12
5 12
6 12
9 12
10 12
11 12
2 13
5 13
6 13
9 13
10 13
11 13
0 14
3 14
4 14
7 14
8 14
12 14
13 14
14442 4 1 2 3 8 14 38
1 3
2 3
4 5
2 6
5 6
1 7
4 7
6 7
0 8
3 8
6 8
0 9
1 9
5 9
0 10
5 10
7 10
0 11
5 11
7 11
2 12
4 12
8 12
9 12
10 12
11 12
3 13
4 13
6 13
9 13
10 13
11 13
1 14
2 14
4 14
8 14
10 14
11 14
14472 4 1 2 3 8 9 39
1 3
2 3
3 4
0 8
3 8
5 8
6 8
7 8
1 9
2 9
8 9
4 10
5 10
6 10
7 10
9 10
4 11
5 11
6 11
7 11
9 11
4 12
5 12
6 12
7 12
9 12
0 13
1 13
2 13
10 13
11 13
12 13
0 14
1 14
2 14
4 14
5 14
6 14
7 14
14479 5 0 1 10 12 13 36
1 3
2 3
2 4
3 7
2 8
5 8
6 8
7 8
4 9
5 9
6 9
7 9
4 10
5 10
7 10
0 11
3 11
4 11
5 11
6 11
0 12
1 12
2 12
6 12
10 12
0 13
1 13
8 13
9 13
10 13
0 14
1 14
4 14
5 14
6 14
7 14
14482 3 0 1 3 6 13 38
1 3
2 3
2 4
1 6
4 6
0 7
4 7
3 8
5 8
7 8
0 9
1 9
2 9
5 9
2 10
5 10
6 10
7 10
4 11
8 11
9 11
10 11
4 12
8 12
9 12
10 12
0 13
3 13
5 13
6 13
11 13
12 13
3 14
5 14
6 14
7 14
11 14
12 14
14484 6 2 3 4 5 12 36
1 3
2 3
2 4
2 5
3 7
5 8
6 8
7 8
5 9
6 9
7 9
0 10
2 10
6 10
7 10
1 11
4 11
8 11
9 11
10 11
0 12
3 12
4 12
5 12
6 12
0 13
1 13
4 13
8 13
9 13
0 14
1 14
4 14
5 14
6 14
7 14
14463 3 0 1 2 3 13 40
1 3
2 3
0 5
3 9
4 9
5 9
6 9
7 9
8 9
3 10
4 10
5 10
6 10
7 10
8 10
1 11
4 11
5 11
6 11
7 11
8 11
2 12
4 12
5 12
6 12
7 12
8 12
0 13
1 13
2 13
6 13
7 13
8 13
0 14
1 14
2 14
4 14
6 14
7 14
8 14
14414 5 1 2 3 6 8 37
1 3
2 3
2 6
1 7
1 8
4 8
5 8
6 8
0 9
3 9
8 9
0 10
2 10
4 10
5 10
7 10
0 11
1 11
2 11
4 12
5 12
6 12
7 12
9 12
11 12
4 13
5 13
6 13
7 13
9 13
11 13
0 14
3 14
4 14
5 14
6 14
7 14
14488 5 0 2 3 4 14 37
1 3
2 3
2 4
2 5
0 6
0 7
4 7
0 8
4 8
5 8
3 9
5 9
6 9
7 9
2 10
9 10
1 11
4 11
5 11
6 11
10 11
1 12
6 12
7 12
8 12
10 12
1 13
6 13
7 13
8 13
10 13
0 14
3 14
4 14
5 14
12 14
13 14
14491 2 0 1 2 3 14 35
1 3
2 3
2 4
1 5
0 6
4 6
3 7
3 8
6 8
2 9
8 9
0 10
8 10
4 11
5 11
7 11
9 11
10 11
4 12
5 12
7 12
9 12
10 12
5 13
6 13
7 13
9 13
10 13
0 14
1 14
2 14
8 14
11 14
12 14
13 14
14492 4 1 3 8 9 11 37
1 3
2 3
2 4
1 5
0 6
4 6
5 6
2 7
5 7
1 8
4 8
1 9
4 9
0 10
2 10
5 10
0 11
3 11
7 11
8 11
9 11
6 12
7 12
8 12
9 12
10 12
6 13
7 13
8 13
9 13
10 13
0 14
3 14
4 14
5 14
12 14
13 14
14509 5 1 2 3 9 12 40
1 3
2 3
0 4
0 9
1 9
2 9
4 10
5 10
6 10
7 10
8 10
9 10
0 11
1 11
2 11
5 11
6 11
7 11
8 11
3 12
4 12
5 12
6 12
7 12
8 12
9 12
3 13
4 13
5 13
6 13
7 13
8 13
9 13
1 14
2 14
4 14
5 14
6 14
7 14
8 14
14501 4 1 2 3 4 9 36
1 3
2 3
1 4
0 5
0 6
6 7
6 8
2 9
4 9
5 9
7 9
3 10
4 10
5 10
8 10
6 11
9 11
10 11
1 12
2 12
5 12
7 12
8 12
11 12
0 13
3 13
4 13
7 13
8 13
11 13
0 14
1 14
2 14
7 14
8 14
11 14
14514 4 1 2 3 4 8 37
1 3
2 3
0 4
4 5
1 8
2 8
4 8
7 8
2 9
4 9
6 9
7 9
0 10
3 10
5 10
6 10
1 11
5 11
6 11
7 11
8 12
9 12
10 12
11 12
0 13
3 13
5 13
6 13
7 13
12 13
0 14
1 14
2 14
5 14
6 14
7 14
12 14
14518 3 1 2 3 4 11 37
1 3
2 3
0 4
2 5
5 6
5 7
6 8
7 8
3 9
4 9
5 9
8 9
4 10
5 10
8 10
1 11
2 11
4 11
8 11
1 12
2 12
6 12
7 12
9 12
10 12
0 13
3 13
6 13
7 13
10 13
11 13
0 14
6 14
7 14
9 14
10 14
11 14
14519 4 1 2 3 6 13 39
1 3
2 3
0 4
2 5
3 6
1 7
5 7
6 7
4 8
5 8
6 8
4 9
5 9
6 9
3 10
4 10
5 10
0 11
7 11
8 11
9 11
10 11
0 12
7 12
8 12
9 12
10 12
1 13
2 13
4 13
6 13
11 13
12 13
0 14
1 14
2 14
8 14
9 14
10 14
14522 5 0 3 4 5 8 35
1 3
2 3
0 4
0 5
3 7
5 7
6 7
3 8
4 8
5 8
5 9
6 9
1 10
2 10
4 10
9 10
6 11
8 11
10 11
4 12
7 12
9 12
11 12
0 13
1 13
2 13
6 13
8 13
12 13
0 14
1 14
2 14
7 14
9 14
11 14
14515 3 0 1 2 3 10 38
1 3
2 3
0 4
4 5
4 6
3 7
4 7
1 8
5 8
6 8
7 8
0 9
2 9
8 9
0 10
1 10
2 10
5 11
6 11
7 11
9 11
10 11
5 12
6 12
7 12
9 12
10 12
3 13
5 13
6 13
9 13
10 13
1 14
2 14
4 14
11 14
12 14
13 14
14524 5 0 1 3 6 10 35
1 3
2 3
0 4
0 5
0 6
1 6
2 8
5 8
6 8
2 9
4 9
5 9
6 9
7 9
3 10
5 10
6 10
7 10
2 11
10 11
3 12
4 12
7 12
8 12
11 12
1 13
4 13
5 13
7 13
11 13
1 14
4 14
7 14
8 14
11 14
14534 4 0 1 2 3 4 39
1 3
2 3
0 4
3 4
0 9
1 9
2 9
3 10
5 10
6 10
7 10
8 10
9 10
4 11
5 11
6 11
7 11
8 11
9 11
4 12
5 12
6 12
7 12
8 12
9 12
0 13
1 13
2 13
5 13
6 13
7 13
8 13
1 14
2 14
4 14
5 14
6 14
7 14
8 14
14526 3 0 1 3 5 6 36
1 3
2 3
0 4
0 5
3 5
0 6
1 6
4 7
5 7
2 8
6 8
7 8
2 9
4 9
5 9
3 10
4 10
8 10
1 11
5 11
8 11
1 12
2 12
4 12
6 13
7 13
9 13
10 13
11 13
12 13
6 14
7 14
9 14
10 14
11 14
12 14
14535 5 1 2 3 4 14 38
1 3
2 3
0 4
3 4
1 8
0 9
2 9
5 9
6 9
7 9
8 9
0 10
1 10
2 10
4 11
5 11
6 11
7 11
8 11
10 11
4 12
5 12
6 12
7 12
8 12
10 12
3 13
5 13
6 13
7 13
8 13
10 13
1 14
2 14
4 14
5 14
6 14
7 14
14553 4 0 1 2 3 4 38
1 3
2 3
0 4
2 4
0 5
2 5
0 6
3 6
5 7
1 8
4 9
6 9
7 9
8 9
4 10
6 10
7 10
8 10
2 11
6 11
7 11
8 11
3 12
4 12
7 12
8 12
1 13
5 13
9 13
10 13
11 13
12 13
1 14
5 14
9 14
10 14
11 14
12 14
14471 5 1 2 3 8 10 38
1 3
2 3
3 4
1 8
2 8
0 9
2 9
0 10
3 10
5 10
6 10
7 10
8 10
1 11
4 11
5 11
6 11
7 11
9 11
4 12
5 12
6 12
7 12
8 12
9 12
4 13
5 13
6 13
7 13
8 13
9 13
0 14
1 14
2 14
4 14
5 14
6 14
7 14
14558 4 0 2 3 5 6 36
1 3
2 3
0 4
1 4
0 5
2 5
0 6
2 6
6 7
4 8
7 8
2 9
8 9
1 10
6 10
8 10
3 11
6 11
8 11
1 12
5 12
7 12
9 12
11 12
4 13
5 13
7 13
9 13
10 13
11 13
3 14
4 14
5 14
7 14
9 14
10 14
14574 3 0 1 2 9 13 41
0 3
0 9
1 9
2 9
3 10
4 10
5 10
6 10
7 10
8 10
9 10
3 11
4 11
5 11
6 11
7 11
8 11
9 11
3 12
4 12
5 12
6 12
7 12
8 12
9 12
0 13
1 13
2 13
4 13
5 13
6 13
7 13
8 13
1 14
2 14
3 14
4 14
5 14
6 14
7 14
8 14
14579 4 1 2 4 9 10 38
0 3
3 8
5 8
6 8
7 8
1 9
2 9
3 9
4 9
1 10
2 10
4 10
8 10
2 11
3 11
4 11
5 11
6 11
7 11
0 12
5 12
6 12
7 12
9 12
10 12
0 13
1 13
4 13
5 13
6 13
7 13
0 14
1 14
2 14
4 14
5 14
6 14
7 14
14599 5 0 4 5 10 11 36
0 3
5 7
6 7
5 8
6 8
1 9
2 9
3 9
4 9
6 9
0 10
4 10
5 10
0 11
1 11
4 11
5 11
6 11
0 12
1 12
2 12
4 12
7 12
8 12
2 13
3 13
7 13
8 13
10 13
11 13
1 14
2 14
3 14
7 14
8 14
10 14
14606 5 0 2 3 8 9 35
0 3
4 7
0 8
4 8
5 8
2 9
3 9
7 9
8 9
1 10
2 10
6 10
7 10
8 10
1 11
3 11
5 11
6 11
7 11
2 12
3 12
4 12
5 12
6 12
1 13
4 13
5 13
6 13
9 13
0 14
1 14
2 14
5 14
6 14
7 14
14347 3 0 1 3 4 9 40
1 3
0 4
1 4
2 4
0 9
1 9
4 10
5 10
6 10
7 10
8 10
9 10
0 11
1 11
2 11
5 11
6 11
7 11
8 11
2 12
3 12
5 12
6 12
7 12
8 12
9 12
2 13
3 13
5 13
6 13
7 13
8 13
9 13
3 14
4 14
5 14
6 14
7 14
8 14
9 14
14617 7 2 3 9 11 12 35
0 3
3 7
4 7
5 7
6 7
5 8
6 8
4 9
5 9
0 10
1 10
4 10
8 10
2 11
3 11
6 11
9 11
10 11
1 12
2 12
3 12
8 12
9 12
0 13
1 13
2 13
4 13
5 13
6 13
0 14
1 14
2 14
7 14
8 14
9 14
14619 6 5 6 7 8 10 36
0 3
3 7
4 7
5 7
6 7
5 8
6 8
3 9
4 9
5 10
6 10
9 10
0 11
1 11
2 11
5 11
6 11
9 11
0 12
1 12
2 12
4 12
8 12
10 12
1 13
2 13
3 13
4 13
8 13
10 13
0 14
1 14
2 14
7 14
8 14
9 14
14653 6 0 1 2 9 12 36
0 3
4 6
5 6
4 7
5 7
0 9
1 9
2 9
3 10
4 10
5 10
8 10
9 10
3 11
6 11
7 11
8 11
9 11
0 12
1 12
2 12
4 12
5 12
8 12
0 13
1 13
2 13
6 13
7 13
8 13
1 14
2 14
3 14
6 14
7 14
8 14
14487 6 1 2 3 6 9 37
1 3
2 3
2 4
2 5
2 6
3 7
0 8
4 8
5 8
7 8
1 9
6 9
8 9
3 10
5 10
6 10
1 11
5 11
6 11
0 12
4 12
7 12
9 12
10 12
11 12
0 13
4 13
7 13
9 13
10 13
11 13
0 14
1 14
4 14
5 14
6 14
7 14
14666 5 4 5 7 8 11 36
0 3
3 6
5 6
4 7
5 7
2 8
4 8
5 8
2 9
3 9
4 9
5 10
9 10
1 11
3 11
7 11
8 11
10 11
0 12
1 12
2 12
4 12
6 12
10 12
0 13
1 13
2 13
6 13
7 13
10 13
0 14
1 14
6 14
7 14
8 14
9 14
14671 6 0 1 2 13 14 36
0 3
3 6
4 6
5 6
5 7
3 8
5 8
0 9
1 9
5 9
2 10
4 10
7 10
8 10
9 10
6 11
8 11
9 11
1 12
2 12
3 12
4 12
7 12
11 12
0 13
1 13
2 13
4 13
7 13
11 13
0 14
1 14
2 14
6 14
7 14
8 14
14680 5 0 1 3 6 10 36
0 3
1 6
6 9
7 9
8 9
0 10
1 10
2 10
9 10
1 11
2 11
3 11
4 11
5 11
9 11
3 12
4 12
5 12
6 12
7 12
8 12
10 12
1 13
2 13
3 13
4 13
5 13
7 13
8 13
0 14
2 14
4 14
5 14
6 14
7 14
8 14
14654 6 0 3 7 9 11 37
0 3
4 6
5 6
3 7
3 9
4 9
5 9
8 9
1 10
2 10
6 10
7 10
8 10
0 11
6 11
7 11
9 11
0 12
1 12
2 12
6 12
7 12
8 12
1 13
2 13
3 13
4 13
5 13
8 13
11 13
0 14
1 14
2 14
4 14
5 14
7 14
8 14
14689 3 0 1 3 6 10 36
0 3
0 6
4 7
5 7
4 8
5 8
3 9
7 9
8 9
1 10
2 10
3 10
6 10
1 11
2 11
6 11
7 11
8 11
0 12
4 12
5 12
9 12
10 12
1 13
2 13
4 13
5 13
6 13
9 13
1 14
2 14
3 14
6 14
7 14
8 14
12 14
14687 4 0 1 3 6 14 38
0 3
1 6
2 6
3 6
0 7
2 7
2 8
4 8
5 8
3 9
8 9
3 10
8 10
4 11
5 11
6 11
7 11
9 11
10 11
4 12
5 12
6 12
7 12
9 12
10 12
1 13
4 13
5 13
7 13
9 13
10 13
0 14
1 14
2 14
4 14
5 14
9 14
10 14
14699 3 0 2 3 8 10 35
0 3
4 5
3 7
4 7
0 8
4 8
1 9
2 9
6 9
7 9
8 9
2 10
3 10
5 10
6 10
8 10
1 11
5 11
6 11
8 11
2 12
3 12
4 12
11 12
1 13
5 13
6 13
7 13
12 13
0 14
1 14
2 14
5 14
6 14
7 14
14708 2 0 1 3 8 12 36
0 3
4 5
4 6
1 7
1 8
3 8
2 9
3 9
4 9
7 9
5 10
6 10
8 10
9 10
2 11
5 11
6 11
7 11
1 12
3 12
4 12
10 12
11 12
0 13
2 13
5 13
6 13
7 13
8 13
0 14
2 14
5 14
6 14
7 14
8 14
12 14
14712 6 0 3 4 6 9 35
0 3
4 5
3 6
4 6
0 8
5 8
2 9
3 9
4 9
7 9
8 9
1 10
4 10
7 10
8 10
1 11
6 11
7 11
8 11
2 12
3 12
5 12
10 12
11 12
1 13
2 13
5 13
6 13
7 13
0 14
1 14
2 14
5 14
6 14
7 14
14691 5 0 1 2 3 6 35
0 3
0 6
1 6
2 6
6 7
0 8
2 9
5 9
8 9
2 10
5 10
8 10
1 11
4 11
7 11
9 11
10 11
3 12
4 12
7 12
9 12
10 12
1 13
3 13
4 13
5 13
7 13
8 13
1 14
2 14
3 14
4 14
5 14
7 14
8 14
14730 4 0 3 4 5 12 35
0 3
3 5
4 5
0 8
6 8
7 8
6 9
7 9
5 10
6 10
7 10
1 11
2 11
5 11
8 11
9 11
0 12
1 12
2 12
4 12
9 12
10 12
1 13
2 13
3 13
4 13
6 13
7 13
1 14
2 14
3 14
4 14
8 14
9 14
10 14
14746 1 0 3 4 8 9 36
0 3
2 5
4 5
5 7
0 8
4 8
3 9
6 9
7 9
8 9
1 10
2 10
3 10
4 10
6 10
1 11
4 11
6 11
7 11
0 12
5 12
9 12
11 12
1 13
2 13
6 13
7 13
8 13
12 13
1 14
2 14
3 14
6 14
7 14
8 14
12 14
14741 5 1 3 4 9 10 36
0 3
2 5
2 6
2 8
3 8
4 8
7 8
1 9
3 9
4 9
5 9
7 9
1 10
3 10
4 10
6 10
7 10
1 11
2 11
4 11
0 12
5 12
6 12
7 12
11 12
0 13
5 13
6 13
8 13
11 13
0 14
1 14
4 14
5 14
6 14
7 14
14751 2 1 2 4 8 10 38
0 3
2 5
3 5
4 6
5 6
0 7
5 7
1 8
2 8
4 8
1 9
4 9
0 10
1 10
2 10
4 10
6 11
7 11
8 11
9 11
10 11
2 12
3 12
6 12
7 12
9 12
3 13
6 13
7 13
8 13
9 13
0 14
1 14
4 14
5 14
11 14
12 14
13 14
14752 2 0 3 5 6 8 39
0 3
2 5
3 5
3 6
4 7
5 7
6 7
0 8
5 8
6 8
7 9
8 9
7 10
8 10
1 11
2 11
4 11
6 11
9 11
10 11
1 12
2 12
3 12
4 12
9 12
10 12
0 13
1 13
2 13
4 13
9 13
10 13
0 14
1 14
4 14
5 14
6 14
9 14
10 14
14753 3 0 1 3 5 6 37
0 3
2 5
3 5
0 6
1 6
0 9
1 10
4 10
5 10
7 10
8 10
9 10
1 11
2 11
4 11
7 11
8 11
9 11
4 12
5 12
6 12
7 12
8 12
9 12
2 13
3 13
6 13
7 13
8 13
9 13
2 14
3 14
4 14
6 14
7 14
8 14
9 14
14754 2 2 3 4 5 10 38
0 3
2 5
3 5
4 5
4 6
0 7
1 7
4 7
1 8
6 8
1 9
3 9
6 9
2 10
3 10
4 10
8 10
2 11
7 11
8 11
9 11
2 12
7 12
8 12
9 12
0 13
5 13
6 13
10 13
11 13
12 13
0 14
1 14
5 14
6 14
10 14
11 14
12 14
14766 5 1 2 4 5 10 36
0 3
1 5
2 5
1 6
1 10
2 10
3 10
4 10
0 11
5 11
6 11
7 11
8 11
9 11
10 11
3 12
4 12
5 12
6 12
7 12
8 12
9 12
2 13
3 13
4 13
6 13
7 13
8 13
9 13
0 14
1 14
2 14
4 14
7 14
8 14
9 14
14759 6 0 1 4 10 13 34
0 3
1 5
2 6
5 6
5 7
3 8
4 8
6 8
4 9
5 9
0 10
1 10
4 10
3 11
6 11
7 11
9 11
10 11
2 12
7 12
8 12
9 12
10 12
1 13
2 13
3 13
4 13
7 13
0 14
1 14
2 14
7 14
8 14
9 14
14768 0 0 5 7 8 11 37
0 3
0 5
2 7
4 7
5 7
1 8
5 8
6 8
3 9
4 9
6 9
7 10
8 10
9 10
0 11
7 11
8 11
9 11
1 12
2 12
4 12
5 12
6 12
10 12
1 13
2 13
3 13
6 13
10 13
11 13
1 14
2 14
3 14
4 14
6 14
10 14
11 14
14556 2 0 1 3 4 5 38
1 3
2 3
0 4
1 4
3 5
4 5
4 6
1 7
2 8
1 9
2 9
5 10
6 10
7 10
8 10
2 11
4 11
10 11
5 12
6 12
7 12
8 12
9 12
11 12
0 13
3 13
6 13
7 13
8 13
9 13
11 13
0 14
5 14
6 14
7 14
8 14
9 14
11 14
14786 6 0 1 2 10 13 35
0 3
3 4
3 8
6 8
7 8
4 9
5 9
6 9
7 9
0 10
1 10
2 10
9 10
4 11
5 11
8 11
10 11
1 12
2 12
3 12
5 12
6 12
7 12
0 13
1 13
2 13
6 13
7 13
11 13
0 14
1 14
2 14
4 14
5 14
8 14
14793 5 0 3 4 8 9 37
0 3
3 4
1 8
3 8
5 8
6 8
0 9
2 9
4 9
7 9
8 9
0 10
1 10
2 10
4 11
5 11
6 11
7 11
10 11
4 12
5 12
6 12
7 12
10 12
1 13
2 13
3 13
5 13
6 13
7 13
0 14
1 14
2 14
4 14
5 14
6 14
7 14
14794 3 0 1 2 3 10 37
0 3
3 4
1 8
3 8
5 8
6 8
7 8
4 9
6 9
7 9
0 10
1 10
2 10
5 10
9 10
1 11
3 11
9 11
2 12
4 12
5 12
6 12
7 12
11 12
2 13
4 13
5 13
6 13
7 13
11 13
0 14
2 14
4 14
5 14
6 14
7 14
11 14
14796 5 1 2 3 8 10 38
0 3
3 4
1 8
2 8
3 8
0 9
1 9
1 10
2 10
3 10
5 10
6 10
7 10
2 11
4 11
5 11
6 11
7 11
9 11
4 12
5 12
6 12
7 12
8 12
9 12
4 13
5 13
6 13
7 13
8 13
9 13
0 14
1 14
2 14
4 14
5 14
6 14
7 14
14797 4 0 1 2 3 8 37
0 3
3 4
1 8
2 8
3 8
7 8
3 9
5 9
6 9
7 9
4 10
5 10
6 10
8 10
0 11
1 11
9 11
10 11
2 12
4 12
5 12
6 12
7 12
11 12
2 13
4 13
5 13
6 13
7 13
11 13
0 14
1 14
2 14
4 14
5 14
6 14
7 14
14798 5 1 2 3 8 12 37
0 3
3 4
1 8
2 8
3 8
5 8
4 9
6 9
7 9
8 9
4 10
5 10
6 10
7 10
4 11
5 11
6 11
7 11
1 12
2 12
3 12
5 12
6 12
7 12
0 13
1 13
2 13
9 13
10 13
11 13
0 14
1 14
2 14
4 14
5 14
6 14
7 14
14799 5 0 3 4 8 9 37
0 3
3 4
1 8
2 8
3 8
5 8
0 9
4 9
6 9
7 9
8 9
0 10
1 10
2 10
4 11
5 11
6 11
7 11
10 11
4 12
5 12
6 12
7 12
10 12
1 13
2 13
3 13
5 13
6 13
7 13
0 14
1 14
2 14
4 14
5 14
6 14
7 14
14810 4 0 1 2 10 13 38
0 3
3 4
2 7
3 7
2 8
1 9
3 9
5 9
6 9
8 9
0 10
1 10
2 10
4 11
5 11
6 11
7 11
8 11
10 11
4 12
5 12
6 12
7 12
8 12
10 12
0 13
1 13
2 13
4 13
5 13
6 13
0 14
1 14
4 14
5 14
6 14
7 14
8 14
14800 4 1 2 3 9 13 38
0 3
3 4
0 8
1 9
2 9
3 9
4 10
5 10
6 10
7 10
8 10
9 10
4 11
5 11
6 11
7 11
8 11
9 11
4 12
5 12
6 12
7 12
8 12
9 12
1 13
2 13
3 13
5 13
6 13
7 13
8 13
0 14
1 14
2 14
4 14
5 14
6 14
7 14
14811 5 0 1 9 12 13 36
0 3
3 4
2 7
3 7
2 8
3 8
5 8
6 8
2 9
4 9
6 9
4 10
5 10
6 10
7 10
1 11
4 11
5 11
6 11
7 11
0 12
1 12
8 12
9 12
10 12
0 13
1 13
5 13
7 13
9 13
0 14
1 14
2 14
4 14
5 14
6 14
14812 4 0 1 3 8 13 38
0 3
3 4
2 7
3 7
1 8
2 8
3 8
5 8
6 8
4 9
5 9
6 9
7 9
4 10
5 10
6 10
7 10
4 11
5 11
6 11
7 11
1 12
4 12
5 12
6 12
7 12
0 13
8 13
9 13
10 13
11 13
12 13
0 14
1 14
2 14
9 14
10 14
11 14
14815 6 0 1 2 12 14 36
0 3
3 4
2 7
3 7
5 7
6 7
1 8
3 8
5 8
6 8
0 9
2 9
4 9
8 9
4 10
5 10
6 10
4 11
5 11
6 11
0 12
1 12
2 12
10 12
11 12
1 13
7 13
9 13
10 13
11 13
0 14
1 14
2 14
4 14
5 14
6 14
14820 6 0 2 3 7 8 36
0 3
3 4
1 7
2 7
3 7
2 8
3 8
5 8
6 8
0 9
1 9
4 9
1 10
4 10
8 10
0 11
4 11
5 11
6 11
7 11
2 12
5 12
6 12
9 12
10 12
5 13
6 13
7 13
9 13
10 13
0 14
1 14
2 14
4 14
5 14
6 14
14822 6 1 2 7 9 13 36
0 3
3 4
1 7
2 7
3 7
6 7
3 8
5 8
6 8
4 9
5 9
7 9
0 10
4 10
5 10
6 10
1 11
4 11
5 11
6 11
0 12
2 12
8 12
9 12
11 12
1 13
2 13
8 13
9 13
10 13
0 14
1 14
2 14
4 14
5 14
6 14
14823 6 0 3 4 7 9 36
0 3
3 4
1 7
2 7
3 7
6 7
3 8
5 8
6 8
0 9
4 9
5 9
7 9
2 10
4 10
5 10
6 10
4 11
5 11
6 11
1 12
2 12
8 12
9 12
11 12
0 13
1 13
8 13
10 13
11 13
0 14
1 14
2 14
4 14
5 14
6 14
14785 6 0 3 4 10 11 38
0 3
3 4
4 8
5 8
6 8
7 8
4 9
5 9
6 9
7 9
0 10
1 10
2 10
4 10
3 11
5 11
6 11
7 11
10 11
1 12
2 12
3 12
5 12
6 12
7 12
0 13
1 13
2 13
8 13
9 13
11 13
0 14
1 14
2 14
4 14
5 14
6 14
7 14
14825 4 0 1 5 11 13 35
0 3
3 4
1 7
2 7
3 7
5 7
6 7
4 8
5 8
6 8
4 9
6 9
4 10
6 10
0 11
1 11
5 11
9 11
2 12
3 12
8 12
10 12
11 12
0 13
1 13
2 13
5 13
9 13
10 13
0 14
1 14
2 14
8 14
9 14
10 14
14542 7 0 2 3 4 13 35
1 3
2 3
0 4
2 4
2 7
4 8
5 8
6 8
2 9
5 9
6 9
1 10
7 10
8 10
9 10
1 11
4 11
5 11
6 11
7 11
0 12
3 12
7 12
8 12
9 12
0 13
3 13
5 13
6 13
10 13
0 14
1 14
5 14
6 14
7 14
14829 6 3 4 6 9 10 36
0 3
3 4
4 6
5 6
5 7
5 8
1 9
2 9
3 9
6 9
4 10
7 10
8 10
9 10
3 11
6 11
7 11
8 11
0 12
1 12
2 12
5 12
10 12
11 12
0 13
1 13
2 13
4 13
7 13
8 13
0 14
1 14
2 14
6 14
7 14
8 14
14830 5 0 3 4 6 10 35
0 3
3 4
3 6
1 8
2 8
3 8
5 8
7 8
6 9
7 9
4 10
6 10
7 10
0 11
5 11
9 11
10 11
1 12
2 12
4 12
6 12
7 12
11 12
0 13
1 13
2 13
4 13
5 13
9 13
0 14
1 14
2 14
5 14
9 14
10 14
14850 5 0 1 2 12 13 37
0 3
3 4
3 5
1 8
2 8
3 8
6 8
7 8
5 9
6 9
7 9
4 10
5 10
6 10
7 10
4 11
5 11
6 11
7 11
0 12
1 12
2 12
4 12
9 12
0 13
1 13
2 13
9 13
10 13
11 13
0 14
1 14
2 14
4 14
5 14
6 14
7 14
14851 5 0 1 2 12 13 37
0 3
3 4
3 5
1 8
2 8
3 8
6 8
7 8
4 9
5 9
7 9
4 10
5 10
6 10
7 10
4 11
5 11
6 11
7 11
0 12
1 12
2 12
6 12
9 12
0 13
1 13
2 13
9 13
10 13
11 13
0 14
1 14
2 14
4 14
5 14
6 14
7 14
14853 5 0 3 5 8 11 38
0 3
3 4
3 5
0 8
5 8
0 9
1 9
5 9
4 10
6 10
7 10
8 10
9 10
2 11
3 11
6 11
7 11
8 11
9 11
1 12
2 12
4 12
5 12
6 12
7 12
1 13
2 13
4 13
6 13
7 13
8 13
0 14
1 14
2 14
4 14
5 14
6 14
7 14
14857 4 1 2 5 7 9 38
0 3
3 4
3 5
1 7
2 7
5 7
6 7
4 8
6 8
1 9
2 9
5 9
8 9
2 10
5 10
8 10
3 11
7 11
8 11
0 12
1 12
4 12
6 12
10 12
11 12
0 13
4 13
6 13
9 13
10 13
11 13
0 14
1 14
2 14
4 14
5 14
6 14
11 14
14860 4 0 1 2 3 9 38
0 3
3 4
3 5
4 6
4 7
4 8
1 9
2 9
3 9
5 10
6 10
7 10
8 10
9 10
5 11
6 11
7 11
8 11
9 11
5 12
6 12
7 12
8 12
9 12
0 13
1 13
2 13
5 13
6 13
7 13
8 13
0 14
1 14
2 14
4 14
10 14
11 14
12 14
14824 6 0 1 2 13 14 36
0 3
3 4
1 7
2 7
3 7
5 7
1 8
3 8
5 8
6 8
0 9
4 9
6 9
7 9
4 10
5 10
6 10
4 11
5 11
6 11
2 12
8 12
9 12
10 12
11 12
0 13
1 13
2 13
10 13
11 13
0 14
1 14
2 14
4 14
5 14
6 14
14861 6 1 2 4 11 14 37
0 3
3 4
3 5
3 6
5 7
6 7
4 8
5 8
6 8
4 9
5 9
6 9
1 10
2 10
3 10
7 10
1 11
2 11
4 11
7 11
0 12
8 12
9 12
10 12
11 12
0 13
1 13
2 13
7 13
8 13
9 13
1 14
2 14
4 14
5 14
6 14
12 14
14869 3 0 3 4 8 10 38
0 3
3 4
2 5
2 7
1 8
2 8
3 8
6 8
1 9
4 9
6 9
7 9
0 10
4 10
5 10
8 10
2 11
9 11
10 11
1 12
3 12
5 12
6 12
7 12
11 12
0 13
4 13
5 13
6 13
7 13
11 13
0 14
1 14
4 14
5 14
6 14
7 14
11 14
14878 5 3 4 9 10 11 36
0 3
3 4
1 5
2 6
4 6
5 6
6 7
4 9
3 10
5 10
7 10
8 10
9 10
1 11
3 11
6 11
8 11
9 11
0 12
1 12
2 12
4 12
7 12
8 12
0 13
2 13
5 13
7 13
8 13
9 13
0 14
1 14
2 14
7 14
8 14
9 14
14879 3 0 3 4 6 7 37
0 3
3 4
1 5
0 6
0 7
4 7
3 8
5 8
4 9
5 9
3 10
5 10
2 11
6 11
7 11
8 11
9 11
10 11
1 12
2 12
6 12
7 12
9 12
10 12
1 13
2 13
4 13
6 13
8 13
10 13
1 14
2 14
6 14
7 14
8 14
9 14
10 14
14886 6 1 2 5 11 13 35
0 3
3 4
0 5
4 8
5 8
6 8
7 8
3 9
6 9
7 9
4 10
7 10
1 11
2 11
5 11
9 11
10 11
0 12
1 12
2 12
4 12
6 12
7 12
1 13
2 13
3 13
5 13
6 13
10 13
0 14
1 14
2 14
8 14
9 14
10 14
14881 1 0 1 3 5 11 37
0 3
3 4
1 5
3 5
2 6
4 6
5 7
0 8
4 8
6 9
7 9
8 9
0 10
6 10
7 10
1 11
3 11
7 11
8 11
1 12
6 12
7 12
8 12
2 13
4 13
5 13
9 13
10 13
11 13
12 13
2 14
4 14
5 14
9 14
10 14
11 14
12 14
14897 4 0 3 5 6 8 36
0 3
2 4
3 6
5 6
5 7
3 8
4 8
5 8
4 9
5 9
0 10
8 10
1 11
4 11
6 11
7 11
10 11
1 12
2 12
3 12
7 12
9 12
10 12
1 13
2 13
6 13
7 13
9 13
10 13
0 14
1 14
2 14
6 14
7 14
8 14
9 14
14900 5 0 1 4 7 9 36
0 3
2 4
2 6
3 6
5 6
0 7
1 7
4 7
5 7
4 8
5 8
1 9
3 9
4 9
2 10
9 10
3 11
7 11
8 11
10 11
2 12
5 12
9 12
11 12
0 13
1 13
6 13
8 13
10 13
12 13
0 14
1 14
6 14
8 14
10 14
12 14
14903 5 0 3 4 5 8 35
0 3
2 4
3 5
4 5
4 6
4 7
0 8
5 8
6 8
1 9
2 9
7 9
8 9
1 10
7 10
8 10
1 11
5 11
7 11
2 12
3 12
6 12
10 12
11 12
3 13
6 13
9 13
10 13
11 13
0 14
1 14
2 14
5 14
6 14
7 14
14906 6 0 2 3 8 13 36
0 3
2 4
2 5
3 6
3 8
4 8
5 8
7 8
4 9
6 9
7 9
0 10
2 10
6 10
7 10
1 11
3 11
5 11
9 11
10 11
1 12
4 12
5 12
6 12
7 12
0 13
1 13
2 13
8 13
9 13
0 14
1 14
4 14
5 14
6 14
7 14
14913 4 0 1 3 4 14 38
0 3
2 4
3 4
3 9
5 9
6 9
7 9
8 9
0 10
1 10
2 10
9 10
4 11
5 11
6 11
7 11
8 11
10 11
4 12
5 12
6 12
7 12
8 12
10 12
1 13
2 13
3 13
5 13
6 13
7 13
8 13
0 14
1 14
4 14
5 14
6 14
7 14
8 14
14915 4 0 1 3 4 14 35
0 3
2 4
3 4
2 8
3 8
5 8
6 8
4 9
5 9
6 9
7 9
4 10
5 10
6 10
7 10
1 11
2 11
3 11
6 11
7 11
1 12
8 12
9 12
10 12
0 13
2 13
5 13
7 13
12 13
0 14
1 14
4 14
5 14
6 14
7 14
14917 4 0 1 3 4 9 36
0 3
2 4
3 4
4 7
5 8
6 8
7 8
1 9
4 9
8 9
1 10
2 10
8 10
0 11
4 11
5 11
6 11
10 11
3 12
5 12
6 12
7 12
9 12
10 12
1 13
2 13
3 13
5 13
6 13
7 13
0 14
2 14
5 14
6 14
7 14
9 14
14925 5 0 1 3 4 10 36
0 3
2 4
3 4
4 5
2 6
2 7
1 8
2 8
5 8
1 9
5 9
6 9
7 9
1 10
4 10
0 11
6 11
7 11
8 11
10 11
3 12
5 12
6 12
7 12
10 12
3 13
5 13
6 13
7 13
10 13
0 14
4 14
8 14
9 14
12 14
13 14
14926 5 1 2 6 10 11 36
0 3
2 4
3 4
3 5
3 6
2 8
5 8
7 8
5 9
6 9
7 9
1 10
2 10
6 10
7 10
1 11
2 11
5 11
6 11
7 11
0 12
4 12
8 12
9 12
10 12
0 13
1 13
4 13
8 13
9 13
0 14
1 14
4 14
5 14
6 14
7 14
14927 4 0 1 3 4 14 36
0 3
2 4
3 4
3 5
3 6
2 7
5 7
6 8
7 8
6 9
7 9
1 10
6 10
7 10
0 11
1 11
2 11
6 11
4 12
5 12
8 12
9 12
10 12
11 12
4 13
5 13
8 13
9 13
10 13
11 13
0 14
1 14
4 14
5 14
8 14
9 14
14931 6 0 1 7 13 14 36
0 3
2 4
3 4
3 5
2 6
5 6
4 7
5 7
5 8
5 9
4 10
6 10
8 10
9 10
4 11
6 11
8 11
9 11
1 12
2 12
3 12
7 12
8 12
9 12
0 13
1 13
2 13
7 13
10 13
11 13
0 14
1 14
6 14
7 14
8 14
9 14
14936 5 2 3 4 8 9 36
0 3
2 4
3 4
2 5
4 8
5 8
6 8
7 8
1 9
2 9
3 9
8 9
1 10
3 10
5 10
6 10
7 10
1 11
4 11
5 11
0 12
2 12
6 12
7 12
11 12
0 13
6 13
7 13
9 13
11 13
0 14
1 14
4 14
5 14
6 14
7 14
14942 4 0 3 4 9 13 36
0 3
2 4
3 4
1 5
2 5
4 6
3 9
5 9
3 10
5 10
6 10
7 10
8 10
2 11
6 11
7 11
8 11
9 11
0 12
1 12
6 12
7 12
8 12
0 13
1 13
4 13
7 13
8 13
9 13
0 14
1 14
2 14
6 14
7 14
8 14
9 14
14947 5 0 1 3 4 10 35
0 3
1 4
2 8
2 9
3 10
4 10
8 10
9 10
2 11
3 11
4 11
5 11
6 11
7 11
0 12
4 12
5 12
6 12
7 12
8 12
9 12
1 13
3 13
5 13
6 13
7 13
8 13
9 13
0 14
1 14
2 14
5 14
6 14
7 14
10 14
14813 5 0 1 5 13 14 36
0 3
3 4
2 7
3 7
1 8
2 8
3 8
5 8
6 8
2 9
4 9
6 9
4 10
5 10
6 10
7 10
4 11
5 11
6 11
7 11
0 12
1 12
9 12
10 12
11 12
0 13
1 13
5 13
7 13
9 13
0 14
1 14
2 14
4 14
5 14
6 14
14956 4 0 2 3 9 10 36
0 3
1 4
4 5
0 6
4 6
2 9
3 9
4 9
7 9
8 9
1 10
2 10
3 10
5 11
6 11
7 11
8 11
10 11
5 12
6 12
7 12
8 12
10 12
0 13
1 13
2 13
5 13
7 13
8 13
1 14
2 14
3 14
5 14
6 14
7 14
8 14
14958 4 3 4 5 9 14 37
0 3
1 4
2 5
3 9
4 9
5 9
8 9
0 10
1 10
2 10
6 10
7 10
9 10
0 11
1 11
5 11
6 11
7 11
8 11
0 12
2 12
4 12
6 12
7 12
8 12
1 13
2 13
3 13
6 13
7 13
8 13
3 14
4 14
5 14
6 14
7 14
8 14
14961 5 0 1 4 8 14 35
0 3
1 4
2 5
4 8
5 8
2 9
2 10
3 10
6 10
7 10
8 10
3 11
4 11
5 11
6 11
7 11
9 11
1 12
3 12
6 12
7 12
8 12
9 12
0 13
4 13
5 13
6 13
7 13
9 13
0 14
1 14
6 14
7 14
8 14
9 14
14974 2 0 1 2 3 13 37
0 3
1 4
3 4
4 5
1 6
5 7
5 8
3 9
6 9
7 9
8 9
3 10
6 10
7 10
8 10
2 11
4 11
6 11
7 11
8 11
2 12
4 12
6 12
7 12
8 12
0 13
1 13
2 13
5 13
9 13
10 13
0 14
5 14
9 14
10 14
11 14
12 14
14858 7 1 6 7 8 10 36
0 3
3 4
3 5
1 7
2 7
3 7
6 7
0 8
4 8
7 8
5 9
6 9
8 9
1 10
5 10
6 10
8 10
0 11
5 11
6 11
2 12
4 12
9 12
10 12
11 12
1 13
2 13
4 13
9 13
11 13
0 14
1 14
2 14
4 14
5 14
6 14
14975 5 0 3 4 5 13 37
0 3
1 4
3 4
3 5
4 6
5 9
6 9
7 9
8 9
5 10
6 10
7 10
8 10
0 11
1 11
2 11
9 11
10 11
1 12
2 12
3 12
6 12
7 12
8 12
0 13
2 13
4 13
5 13
7 13
8 13
0 14
1 14
2 14
5 14
6 14
7 14
8 14
14984 6 1 2 4 9 13 37
0 3
1 4
2 4
4 7
0 8
5 8
6 8
7 8
1 9
2 9
8 9
0 10
1 10
3 11
5 11
6 11
7 11
9 11
10 11
2 12
3 12
5 12
6 12
7 12
10 12
3 13
4 13
5 13
6 13
9 13
10 13
0 14
1 14
2 14
5 14
6 14
7 14
14985 5 1 4 8 9 12 36
0 3
1 4
2 4
3 6
3 7
4 8
5 8
7 8
1 9
8 9
2 10
5 10
6 10
7 10
9 10
2 11
3 11
5 11
9 11
0 12
1 12
6 12
8 12
11 12
0 13
4 13
5 13
6 13
7 13
9 13
0 14
1 14
2 14
5 14
6 14
7 14
14986 5 0 3 6 7 12 36
0 3
1 4
2 4
3 6
3 7
2 8
7 8
2 9
7 9
1 10
5 10
6 10
8 10
9 10
1 11
3 11
5 11
8 11
9 11
0 12
4 12
5 12
6 12
7 12
0 13
4 13
5 13
6 13
8 13
9 13
0 14
1 14
2 14
5 14
6 14
7 14
14988 7 0 1 5 11 12 36
0 3
1 4
2 4
3 6
5 6
3 7
5 7
4 8
5 8
4 9
6 9
7 9
2 10
3 10
8 10
9 10
0 11
1 11
5 11
9 11
0 12
1 12
5 12
10 12
2 13
6 13
7 13
8 13
11 13
12 13
0 14
1 14
2 14
6 14
7 14
8 14
14992 4 0 1 3 5 11 36
0 3
1 4
2 4
0 5
1 5
3 6
3 7
4 7
4 10
5 10
6 10
8 10
9 10
2 11
3 11
5 11
8 11
9 11
1 12
6 12
7 12
8 12
9 12
0 13
2 13
6 13
7 13
8 13
9 13
0 14
1 14
2 14
6 14
7 14
8 14
9 14
14989 2 0 1 2 4 9 36
0 3
1 4
2 4
3 5
4 5
3 6
0 9
2 9
7 9
8 9
4 10
6 10
7 10
8 10
1 11
5 11
6 11
7 11
8 11
1 12
3 12
9 12
10 12
2 13
5 13
6 13
7 13
8 13
12 13
0 14
2 14
5 14
6 14
7 14
8 14
12 14
15021 6 0 4 9 10 12 35
0 3
0 4
3 7
5 7
6 7
4 8
5 8
6 8
4 9
0 10
5 10
6 10
9 10
1 11
2 11
3 11
8 11
9 11
1 12
2 12
4 12
7 12
10 12
1 13
2 13
3 13
5 13
6 13
9 13
0 14
1 14
2 14
7 14
8 14
9 14
15028 5 1 2 3 9 12 36
0 3
0 4
5 6
5 7
1 9
2 9
3 9
5 9
8 9
4 10
6 10
7 10
8 10
4 11
6 11
7 11
8 11
1 12
2 12
3 12
5 12
10 12
11 12
0 13
1 13
2 13
6 13
7 13
8 13
1 14
2 14
3 14
4 14
6 14
7 14
8 14
15034 4 0 1 3 4 6 36
0 3
0 4
1 6
3 6
4 7
5 7
6 7
5 8
5 9
3 10
5 10
2 11
4 11
6 11
8 11
9 11
10 11
1 12
2 12
3 12
4 12
8 12
9 12
1 13
2 13
7 13
8 13
9 13
10 13
0 14
1 14
2 14
7 14
8 14
9 14
10 14
15036 5 0 3 4 6 10 35
0 3
0 4
0 6
5 6
3 7
6 8
7 8
4 9
5 9
7 9
3 10
6 10
1 11
2 11
8 11
9 11
10 11
1 12
2 12
4 12
5 12
7 12
10 12
1 13
2 13
3 13
4 13
5 13
8 13
0 14
1 14
2 14
8 14
9 14
10 14
15052 6 0 1 2 9 14 35
0 3
0 4
3 5
4 7
5 7
6 7
3 8
6 8
0 9
1 9
2 9
6 9
6 10
1 11
2 11
3 11
7 11
10 11
4 12
5 12
8 12
9 12
10 12
1 13
2 13
4 13
5 13
8 13
10 13
0 14
1 14
2 14
7 14
8 14
10 14
14955 5 0 1 3 11 13 35
0 3
1 4
4 5
4 6
0 8
2 8
4 8
7 8
1 9
5 9
8 9
2 10
6 10
7 10
9 10
3 11
6 11
7 11
9 11
2 12
3 12
5 12
6 12
7 12
0 13
1 13
5 13
10 13
11 13
1 14
2 14
3 14
5 14
6 14
7 14
15054 6 0 3 4 5 8 35
0 3
0 4
3 5
0 6
3 7
6 7
4 8
5 8
3 9
2 10
4 10
5 10
7 10
1 11
2 11
6 11
8 11
9 11
1 12
6 12
8 12
9 12
10 12
1 13
2 13
4 13
5 13
7 13
9 13
0 14
1 14
2 14
7 14
8 14
9 14
15055 5 0 1 2 11 14 37
0 3
0 4
3 5
4 5
3 6
5 9
6 9
7 9
8 9
5 10
6 10
7 10
8 10
0 11
1 11
2 11
9 11
10 11
1 12
2 12
4 12
6 12
7 12
8 12
1 13
2 13
3 13
4 13
7 13
8 13
0 14
1 14
2 14
5 14
6 14
7 14
8 14
14023 2 1 2 3 7 9 36
1 3
4 5
2 7
3 7
4 7
3 8
4 8
1 9
2 9
6 9
8 9
2 10
5 10
6 10
8 10
0 11
5 11
6 11
7 11
4 12
9 12
10 12
11 12
0 13
2 13
3 13
5 13
6 13
12 13
0 14
1 14
5 14
6 14
7 14
8 14
12 14
15058 5 0 3 5 6 12 37
0 3
0 4
3 5
4 5
3 6
4 6
1 7
2 8
3 8
7 8
2 9
4 9
7 9
1 10
3 10
9 10
1 11
4 11
8 11
0 12
1 12
5 12
6 12
8 12
9 12
2 13
5 13
6 13
7 13
10 13
11 13
2 14
5 14
6 14
7 14
10 14
11 14
15069 6 0 3 4 5 10 35
0 3
0 4
0 5
3 6
5 8
6 8
7 8
6 9
7 9
3 10
4 10
7 10
1 11
2 11
5 11
9 11
10 11
1 12
2 12
4 12
5 12
6 12
7 12
1 13
2 13
3 13
4 13
8 13
9 13
0 14
1 14
2 14
8 14
9 14
10 14
15079 3 0 2 4 9 12 37
0 3
0 4
2 4
3 7
4 7
5 7
6 7
3 8
5 8
6 8
4 9
8 9
7 10
8 10
1 11
3 11
4 11
5 11
6 11
0 12
1 12
2 12
5 12
9 12
10 12
1 13
2 13
3 13
6 13
9 13
10 13
1 14
2 14
5 14
6 14
9 14
10 14
15075 5 0 1 2 5 14 37
0 3
0 4
0 5
1 5
2 5
5 6
4 7
6 7
4 8
6 8
3 9
7 9
8 9
3 10
7 10
8 10
1 11
2 11
3 11
6 11
4 12
5 12
9 12
10 12
11 12
1 13
2 13
4 13
6 13
9 13
10 13
1 14
2 14
3 14
7 14
8 14
12 14
15084 4 1 2 9 10 11 37
0 3
0 4
2 4
3 5
3 6
4 7
5 7
6 7
4 8
5 8
6 8
1 9
2 9
3 9
7 9
1 10
2 10
5 10
1 11
2 11
6 11
0 12
8 12
9 12
10 12
11 12
3 13
7 13
8 13
10 13
11 13
1 14
4 14
5 14
6 14
12 14
13 14
15089 4 0 1 3 5 12 35
0 3
0 4
2 4
0 5
1 5
1 6
5 7
4 8
2 9
5 9
6 9
8 9
3 10
4 10
6 10
7 10
9 11
10 11
1 12
3 12
7 12
8 12
11 12
0 13
2 13
6 13
7 13
8 13
11 13
1 14
2 14
3 14
7 14
8 14
11 14
15096 3 0 1 4 5 12 37
0 3
0 4
1 4
4 5
3 7
4 7
3 8
2 9
4 9
6 9
8 9
1 10
3 10
9 10
1 11
2 11
3 11
5 11
6 11
0 12
1 12
5 12
6 12
7 12
8 12
2 13
5 13
6 13
7 13
8 13
10 13
2 14
5 14
6 14
7 14
8 14
10 14
14377 6 0 1 4 10 14 37
1 3
2 3
2 7
2 8
4 8
5 8
6 8
2 9
5 9
6 9
0 10
1 10
4 10
7 10
9 10
0 11
1 11
8 11
9 11
3 12
4 12
5 12
6 12
7 12
11 12
0 13
3 13
4 13
5 13
6 13
7 13
0 14
1 14
4 14
5 14
6 14
7 14
15104 4 0 1 3 4 12 39
0 3
0 4
1 4
3 5
3 6
4 6
0 7
5 7
6 8
7 8
6 9
7 9
6 10
7 10
2 11
4 11
5 11
8 11
9 11
10 11
1 12
2 12
3 12
8 12
9 12
10 12
1 13
2 13
5 13
8 13
9 13
10 13
0 14
1 14
2 14
5 14
8 14
9 14
10 14
15105 6 0 1 3 4 5 36
0 3
0 4
1 4
3 5
4 5
3 6
3 7
3 8
2 9
4 9
6 9
7 9
8 9
1 10
5 10
8 10
1 11
5 11
8 11
2 12
6 12
7 12
10 12
11 12
2 13
4 13
6 13
7 13
10 13
11 13
1 14
2 14
5 14
6 14
7 14
8 14
15108 5 0 1 2 4 13 39
0 3
0 4
1 4
2 4
1 9
2 9
3 9
0 10
5 10
6 10
7 10
8 10
9 10
4 11
5 11
6 11
7 11
8 11
9 11
3 12
4 12
5 12
6 12
7 12
8 12
1 13
2 13
3 13
5 13
6 13
7 13
8 13
1 14
2 14
3 14
5 14
6 14
7 14
8 14
15109 5 1 2 4 9 12 38
0 3
0 4
1 4
2 4
2 8
1 9
2 9
3 9
0 10
5 10
6 10
7 10
8 10
9 10
3 11
4 11
5 11
6 11
7 11
8 11
4 12
5 12
6 12
7 12
8 12
9 12
1 13
3 13
5 13
6 13
7 13
8 13
1 14
2 14
3 14
5 14
6 14
7 14
14901 5 0 1 2 8 12 36
0 3
2 4
3 5
0 8
1 8
2 8
5 9
8 9
3 10
4 10
6 10
7 10
9 10
4 11
5 11
6 11
7 11
8 11
0 12
1 12
2 12
5 12
6 12
7 12
1 13
2 13
3 13
6 13
7 13
9 13
0 14
1 14
4 14
6 14
7 14
9 14
15111 4 0 1 2 4 11 37
0 3
0 4
1 4
2 4
1 7
2 8
1 9
3 9
5 9
6 9
8 9
2 10
3 10
5 10
6 10
7 10
1 11
2 11
3 11
0 12
5 12
6 12
7 12
8 12
11 12
4 13
5 13
6 13
7 13
8 13
11 13
3 14
4 14
5 14
6 14
7 14
8 14
15051 4 0 3 4 5 10 37
0 3
0 4
3 5
2 9
4 9
5 9
8 9
4 10
5 10
6 10
7 10
8 10
1 11
3 11
6 11
7 11
9 11
0 12
1 12
2 12
6 12
7 12
8 12
0 13
1 13
2 13
5 13
6 13
7 13
8 13
1 14
2 14
3 14
4 14
6 14
7 14
8 14
15113 4 0 1 2 4 14 37
0 3
0 4
1 4
2 4
4 6
4 7
3 8
5 8
6 8
2 9
8 9
1 10
3 10
5 10
7 10
9 10
1 11
2 11
8 11
0 12
5 12
6 12
7 12
9 12
11 12
3 13
5 13
6 13
7 13
9 13
11 13
1 14
2 14
3 14
5 14
6 14
7 14
15114 5 0 1 3 4 12 36
0 3
0 4
1 4
2 4
1 6
2 7
1 8
2 8
0 9
5 9
6 9
7 9
8 9
4 10
8 10
3 11
5 11
6 11
7 11
10 11
1 12
3 12
5 12
7 12
10 12
2 13
3 13
5 13
6 13
10 13
3 14
4 14
5 14
6 14
7 14
8 14
15115 4 0 1 2 4 5 39
0 3
0 4
1 4
2 4
4 5
1 9
2 9
0 10
5 10
6 10
7 10
8 10
9 10
3 11
4 11
6 11
7 11
8 11
9 11
3 12
5 12
6 12
7 12
8 12
9 12
1 13
2 13
3 13
5 13
6 13
7 13
8 13
1 14
2 14
3 14
5 14
6 14
7 14
8 14
15116 5 1 2 4 5 14 38
0 3
0 4
1 4
2 4
4 5
2 8
1 9
2 9
0 10
5 10
6 10
7 10
8 10
9 10
3 11
4 11
6 11
7 11
8 11
9 11
3 12
5 12
6 12
7 12
8 12
9 12
1 13
3 13
5 13
6 13
7 13
8 13
1 14
2 14
3 14
5 14
6 14
7 14
15118 4 0 1 2 4 11 37
0 3
0 4
1 4
2 4
4 5
1 7
2 8
1 9
3 9
5 9
6 9
8 9
2 10
3 10
5 10
6 10
7 10
1 11
2 11
0 12
5 12
6 12
7 12
8 12
11 12
3 13
4 13
6 13
7 13
8 13
11 13
3 14
5 14
6 14
7 14
8 14
11 14
15119 5 1 2 4 5 11 37
0 3
0 4
1 4
2 4
4 5
5 6
5 7
4 8
3 9
6 9
7 9
8 9
3 10
6 10
7 10
8 10
1 11
2 11
3 11
5 11
0 12
6 12
7 12
8 12
11 12
1 13
2 13
5 13
9 13
10 13
12 13
1 14
2 14
3 14
6 14
7 14
8 14
15120 4 0 1 4 5 10 38
0 3
0 4
1 4
2 4
4 5
3 6
3 7
3 8
5 8
1 9
2 9
5 9
6 9
7 9
0 10
1 10
5 10
4 11
6 11
7 11
8 11
10 11
2 12
6 12
7 12
8 12
10 12
2 13
6 13
7 13
8 13
10 13
1 14
3 14
5 14
11 14
12 14
13 14
15112 5 0 1 3 4 11 36
0 3
0 4
1 4
2 4
1 7
2 8
0 9
6 9
7 9
8 9
4 10
5 10
6 10
7 10
8 10
1 11
3 11
5 11
6 11
8 11
2 12
3 12
5 12
6 12
7 12
1 13
2 13
3 13
5 13
9 13
3 14
4 14
5 14
6 14
7 14
8 14
15126 5 0 1 4 5 10 38
0 3
0 4
1 4
2 4
1 5
2 6
1 7
3 7
6 7
2 8
3 8
5 8
1 9
2 9
0 10
5 10
6 10
9 10
3 11
5 11
6 11
9 11
3 12
5 12
6 12
9 12
4 13
7 13
8 13
10 13
11 13
12 13
4 14
7 14
8 14
10 14
11 14
12 14
15132 6 0 1 2 12 13 36
0 3
2 3
2 7
5 7
6 7
1 8
3 8
4 8
5 8
6 9
8 9
4 10
7 10
9 10
3 11
5 11
6 11
10 11
0 12
1 12
2 12
5 12
6 12
10 12
0 13
1 13
2 13
4 13
9 13
11 13
0 14
1 14
4 14
7 14
9 14
11 14
15127 4 0 1 3 5 8 41
0 3
0 4
1 4
2 4
0 5
1 5
2 5
2 6
3 6
2 7
3 7
3 8
5 8
3 9
5 9
4 10
6 10
7 10
8 10
9 10
4 11
6 11
7 11
8 11
9 11
1 12
6 12
7 12
8 12
9 12
1 13
6 13
7 13
8 13
9 13
0 14
2 14
10 14
11 14
12 14
13 14
15138 5 0 2 3 8 13 36
0 3
2 3
2 6
4 7
5 7
6 7
3 8
2 9
4 9
5 9
1 10
6 10
8 10
9 10
3 11
4 11
5 11
10 11
0 12
1 12
4 12
5 12
6 12
8 12
0 13
1 13
2 13
7 13
8 13
11 13
0 14
1 14
7 14
8 14
9 14
11 14
15144 4 0 1 3 6 7 38
0 3
2 3
3 5
1 6
3 6
4 6
0 7
5 7
6 7
3 8
4 8
4 9
5 9
4 10
5 10
2 11
6 11
8 11
9 11
10 11
0 12
4 12
5 12
11 12
1 13
2 13
7 13
8 13
9 13
10 13
12 13
1 14
2 14
7 14
8 14
9 14
10 14
12 14
15139 4 0 1 3 10 11 36
0 3
2 3
2 6
3 7
2 8
4 8
5 8
7 8
1 9
2 9
1 10
3 10
4 10
5 10
6 10
0 11
1 11
8 11
4 12
5 12
6 12
7 12
9 12
11 12
4 13
5 13
6 13
7 13
9 13
11 13
0 14
4 14
5 14
6 14
7 14
9 14
15146 3 0 1 2 3 10 38
0 3
2 3
2 5
3 6
5 9
6 9
7 9
8 9
0 10
1 10
2 10
4 10
9 10
1 11
2 11
4 11
6 11
7 11
8 11
1 12
3 12
4 12
5 12
7 12
8 12
0 13
4 13
5 13
6 13
7 13
8 13
0 14
1 14
4 14
5 14
6 14
7 14
8 14
15147 5 0 1 2 3 13 37
0 3
2 3
2 5
4 5
3 6
4 6
2 7
5 10
6 10
7 10
8 10
9 10
1 11
5 11
6 11
7 11
8 11
9 11
1 12
3 12
4 12
7 12
8 12
9 12
0 13
1 13
2 13
4 13
8 13
9 13
0 14
1 14
5 14
6 14
7 14
8 14
9 14
15151 4 0 1 2 3 6 37
0 3
2 3
3 4
1 6
3 6
5 6
0 7
1 7
4 7
3 8
5 8
7 8
4 9
5 9
4 10
5 10
1 11
2 11
8 11
9 11
10 11
2 12
6 12
8 12
9 12
10 12
2 13
6 13
7 13
9 13
10 13
0 14
4 14
5 14
11 14
12 14
13 14
15154 4 0 2 3 9 13 37
0 3
2 3
3 4
3 5
2 6
2 7
5 8
6 8
7 8
3 9
6 9
7 9
1 10
4 10
5 10
6 10
1 11
4 11
5 11
7 11
0 12
8 12
9 12
10 12
11 12
0 13
1 13
2 13
4 13
8 13
9 13
1 14
4 14
5 14
6 14
7 14
12 14
15157 2 2 3 7 8 9 37
0 3
2 3
2 4
3 7
3 8
2 9
6 9
7 9
8 9
1 10
2 10
5 10
6 10
8 10
1 11
4 11
5 11
6 11
7 11
0 12
1 12
4 12
5 12
9 12
0 13
4 13
5 13
6 13
7 13
8 13
0 14
1 14
4 14
5 14
6 14
7 14
8 14
15153 4 0 1 2 3 9 36
0 3
2 3
3 4
3 5
5 6
4 7
6 7
4 8
6 8
1 9
2 9
5 9
1 10
4 10
6 10
0 11
7 11
8 11
9 11
10 11
2 12
5 12
7 12
8 12
10 12
1 13
2 13
5 13
7 13
8 13
0 14
4 14
6 14
9 14
12 14
13 14
15164 3 0 2 3 8 11 38
0 3
2 3
2 4
2 5
3 8
4 8
1 9
5 9
6 9
7 9
8 9
4 10
5 10
6 10
7 10
0 11
2 11
8 11
10 11
0 12
1 12
5 12
6 12
7 12
8 12
1 13
3 13
4 13
6 13
7 13
11 13
1 14
3 14
4 14
5 14
6 14
7 14
11 14
15110 4 0 1 2 4 9 39
0 3
0 4
1 4
2 4
1 8
1 9
2 9
0 10
5 10
6 10
7 10
8 10
9 10
2 11
3 11
5 11
6 11
7 11
8 11
1 12
2 12
3 12
5 12
6 12
7 12
3 13
4 13
5 13
6 13
7 13
8 13
9 13
3 14
4 14
5 14
6 14
7 14
8 14
9 14
15172 4 1 4 8 9 10 37
0 3
2 3
1 4
2 5
2 6
3 7
4 7
4 8
4 9
1 10
2 10
8 10
9 10
0 11
5 11
6 11
7 11
10 11
0 12
5 12
6 12
7 12
8 12
9 12
1 13
3 13
5 13
6 13
8 13
9 13
0 14
1 14
5 14
6 14
7 14
8 14
9 14
15169 3 0 1 2 3 7 39
0 3
2 3
1 4
0 7
1 7
2 7
5 7
0 8
2 8
4 8
6 8
2 9
4 9
5 9
6 9
1 10
3 10
5 10
6 10
3 11
4 11
5 11
6 11
3 12
4 12
5 12
6 12
7 13
8 13
9 13
10 13
11 13
12 13
7 14
8 14
9 14
10 14
11 14
12 14
15189 4 0 1 2 3 4 37
0 3
2 3
1 4
2 4
0 5
5 6
0 7
1 7
3 8
6 8
7 8
1 9
3 9
6 9
3 10
4 10
5 10
2 11
6 11
7 11
10 11
2 12
6 12
7 12
10 12
4 13
5 13
8 13
9 13
11 13
12 13
4 14
5 14
8 14
9 14
11 14
12 14
15183 4 0 2 3 4 10 37
0 3
2 3
1 4
2 4
3 7
4 8
5 8
6 8
7 8
0 9
8 9
0 10
4 10
1 11
5 11
6 11
7 11
9 11
10 11
2 12
5 12
6 12
7 12
9 12
10 12
1 13
3 13
5 13
6 13
9 13
10 13
0 14
1 14
2 14
5 14
6 14
7 14
15197 7 0 3 4 5 9 35
0 3
2 3
0 4
4 5
1 6
3 6
4 7
6 7
5 8
6 8
3 9
5 9
1 10
2 10
4 10
7 11
8 11
9 11
10 11
7 12
8 12
9 12
10 12
0 13
1 13
2 13
5 13
11 13
12 13
0 14
1 14
2 14
7 14
8 14
9 14
15200 2 0 2 3 4 12 40
0 3
2 3
0 4
2 4
1 5
2 5
3 6
2 7
6 7
5 8
6 8
5 9
6 9
5 10
6 10
1 11
4 11
7 11
8 11
9 11
10 11
3 12
4 12
7 12
8 12
9 12
10 12
0 13
1 13
7 13
8 13
9 13
10 13
1 14
3 14
4 14
7 14
8 14
9 14
10 14
15203 4 0 1 4 9 12 37
0 3
2 3
0 4
1 4
4 7
5 7
6 7
3 8
5 8
6 8
2 9
4 9
8 9
2 10
7 10
1 11
2 11
7 11
8 11
0 12
1 12
5 12
6 12
9 12
10 12
3 13
4 13
5 13
6 13
10 13
11 13
1 14
3 14
5 14
6 14
9 14
10 14
15206 5 0 1 3 4 12 34
0 3
2 3
0 4
1 4
4 6
0 7
3 8
6 9
7 9
8 9
2 10
5 10
6 10
7 10
4 11
8 11
10 11
1 12
3 12
5 12
9 12
11 12
1 13
2 13
5 13
6 13
7 13
8 13
0 14
1 14
2 14
5 14
9 14
11 14
15210 5 0 2 3 4 13 37
0 3
2 3
0 4
1 4
2 4
4 8
5 8
6 8
7 8
2 9
1 10
3 10
8 10
9 10
2 11
5 11
6 11
7 11
10 11
0 12
1 12
5 12
6 12
7 12
9 12
3 13
4 13
5 13
6 13
7 13
9 13
1 14
3 14
5 14
6 14
7 14
9 14
14032 5 1 3 4 6 9 36
1 3
4 5
1 6
4 6
2 9
3 9
4 9
7 9
8 9
5 10
6 10
7 10
8 10
5 11
6 11
7 11
8 11
0 12
2 12
3 12
4 12
10 12
11 12
0 13
1 13
2 13
5 13
7 13
8 13
0 14
2 14
3 14
5 14
6 14
7 14
8 14
15167 3 0 1 2 3 5 40
0 3
2 3
2 4
0 5
1 5
2 5
3 6
5 6
3 7
4 8
5 8
7 8
4 9
6 9
7 9
4 10
6 10
7 10
4 11
6 11
7 11
1 12
2 12
8 12
9 12
10 12
11 12
1 13
3 13
8 13
9 13
10 13
11 13
0 14
1 14
2 14
8 14
9 14
10 14
11 14
15213 4 0 1 2 3 4 38
0 3
2 3
0 4
1 4
2 4
4 5
5 8
6 8
7 8
1 9
2 9
8 9
0 10
8 10
3 11
4 11
6 11
7 11
9 11
10 11
3 12
5 12
6 12
7 12
9 12
10 12
1 13
3 13
5 13
6 13
7 13
10 13
1 14
2 14
5 14
6 14
7 14
10 14
15219 6 0 1 3 8 14 35
0 3
1 3
3 8
6 8
7 8
0 9
4 9
5 9
6 9
1 10
2 10
7 10
9 10
4 11
5 11
8 11
10 11
2 12
3 12
4 12
5 12
6 12
7 12
0 13
1 13
2 13
6 13
7 13
11 13
0 14
1 14
2 14
4 14
5 14
8 14
15211 4 0 1 2 3 4 38
0 3
2 3
0 4
1 4
2 4
5 6
2 7
6 7
1 8
3 8
6 8
1 9
2 9
5 9
0 10
1 10
5 10
7 10
3 11
6 11
9 11
10 11
3 12
6 12
9 12
10 12
4 13
5 13
7 13
8 13
11 13
12 13
4 14
5 14
7 14
8 14
11 14
12 14
15221 5 0 1 2 3 14 38
0 3
1 3
1 8
2 8
1 9
2 9
6 9
7 9
0 10
4 10
5 10
8 10
9 10
2 11
3 11
4 11
5 11
6 11
7 11
3 12
4 12
5 12
6 12
7 12
8 12
0 13
4 13
5 13
6 13
7 13
8 13
0 14
1 14
2 14
4 14
5 14
6 14
7 14
15225 6 0 1 3 13 14 36
0 3
1 3
2 7
3 7
4 7
5 7
6 7
3 8
4 8
2 9
5 9
6 9
8 9
1 10
2 10
4 10
5 11
6 11
8 11
10 11
0 12
5 12
6 12
8 12
10 12
0 13
1 13
4 13
9 13
11 13
0 14
1 14
2 14
4 14
5 14
6 14
15229 6 5 7 8 9 10 37
0 3
1 3
3 6
4 6
5 7
5 8
2 9
3 9
4 9
7 9
8 9
6 10
7 10
8 10
6 11
7 11
8 11
0 12
1 12
2 12
6 12
7 12
8 12
0 13
1 13
2 13
4 13
5 13
10 13
11 13
0 14
1 14
2 14
4 14
5 14
10 14
11 14
15230 2 0 1 3 6 13 37
0 3
1 3
3 6
4 6
5 6
5 7
5 8
2 9
3 9
4 9
8 9
5 10
9 10
1 11
2 11
4 11
7 11
8 11
10 11
0 12
1 12
4 12
7 12
8 12
10 12
0 13
1 13
2 13
6 13
7 13
10 13
0 14
2 14
6 14
7 14
8 14
10 14
15227 5 0 1 3 7 9 35
0 3
1 3
0 7
2 7
5 8
6 8
7 8
1 9
4 9
7 9
5 10
6 10
9 10
2 11
3 11
4 11
8 11
10 11
0 12
1 12
2 12
4 12
5 12
6 12
2 13
3 13
5 13
6 13
9 13
0 14
1 14
4 14
8 14
10 14
13 14
15236 3 0 1 3 5 6 40
0 3
1 3
1 5
0 6
1 6
4 6
3 7
4 7
5 7
4 8
5 8
4 9
5 9
4 10
5 10
2 11
3 11
6 11
8 11
9 11
10 11
2 12
6 12
7 12
8 12
9 12
10 12
0 13
2 13
7 13
8 13
9 13
10 13
0 14
1 14
2 14
7 14
8 14
9 14
10 14
15240 5 0 1 2 12 13 37
0 3
1 3
3 4
2 8
3 8
5 8
6 8
7 8
4 9
6 9
7 9
4 10
5 10
6 10
7 10
4 11
5 11
6 11
7 11
0 12
1 12
2 12
5 12
9 12
0 13
1 13
2 13
9 13
10 13
11 13
0 14
1 14
2 14
4 14
5 14
6 14
7 14
15241 4 0 1 3 4 10 37
0 3
1 3
3 4
2 8
3 8
5 8
6 8
7 8
1 9
2 9
0 10
4 10
7 10
9 10
4 11
5 11
6 11
7 11
9 11
1 12
2 12
5 12
6 12
10 12
0 13
4 13
5 13
6 13
7 13
9 13
0 14
1 14
2 14
4 14
5 14
6 14
7 14
15244 4 0 1 3 8 13 39
0 3
1 3
3 4
0 8
1 8
2 8
4 9
5 9
6 9
7 9
8 9
4 10
5 10
6 10
7 10
8 10
2 11
3 11
5 11
6 11
7 11
2 12
4 12
5 12
6 12
7 12
0 13
1 13
9 13
10 13
11 13
12 13
0 14
1 14
2 14
4 14
5 14
6 14
7 14
15242 5 0 1 2 10 14 38
0 3
1 3
3 4
2 8
3 8
5 8
6 8
7 8
1 9
2 9
0 10
1 10
2 10
0 11
4 11
5 11
6 11
7 11
9 11
4 12
5 12
6 12
7 12
9 12
10 12
4 13
5 13
6 13
7 13
9 13
10 13
0 14
1 14
2 14
4 14
5 14
6 14
7 14
15246 6 0 1 3 4 14 36
0 3
1 3
3 4
2 7
3 7
5 7
6 7
0 8
4 8
7 8
1 9
2 9
8 9
1 10
5 10
6 10
8 10
0 11
2 11
10 11
4 12
5 12
6 12
9 12
11 12
4 13
5 13
6 13
9 13
11 13
0 14
1 14
2 14
4 14
5 14
6 14
15248 3 0 1 2 3 8 39
0 3
1 3
3 4
3 6
5 6
4 7
5 7
0 8
1 8
2 8
6 9
7 9
8 9
6 10
7 10
8 10
0 11
1 11
6 11
7 11
2 12
4 12
5 12
9 12
10 12
11 12
2 13
4 13
5 13
9 13
10 13
11 13
0 14
1 14
2 14
4 14
5 14
9 14
10 14
15247 3 0 1 3 4 8 38
0 3
1 3
3 4
0 7
1 8
4 8
7 8
2 9
5 9
6 9
8 9
3 10
9 10
1 11
4 11
5 11
6 11
7 11
10 11
2 12
4 12
5 12
6 12
7 12
10 12
0 13
2 13
5 13
6 13
8 13
10 13
1 14
2 14
4 14
5 14
6 14
7 14
10 14
15249 5 0 7 8 10 11 38
0 3
1 3
3 4
4 5
4 6
1 9
2 9
4 9
0 10
5 10
6 10
7 10
8 10
9 10
0 11
1 11
2 11
4 11
7 11
8 11
3 12
5 12
6 12
7 12
8 12
9 12
2 13
3 13
5 13
6 13
7 13
8 13
1 14
2 14
5 14
6 14
7 14
8 14
15254 4 0 1 3 4 11 38
0 3
1 3
3 4
3 5
3 6
1 7
2 7
4 7
6 7
5 8
7 8
4 9
5 9
0 10
2 10
6 10
8 10
9 10
0 11
1 11
4 11
5 11
2 12
6 12
8 12
9 12
11 12
2 13
6 13
8 13
9 13
11 13
1 14
4 14
5 14
10 14
12 14
13 14
15257 3 0 1 3 4 7 41
0 3
1 3
3 4
3 5
0 6
5 6
0 7
1 7
4 7
5 8
7 8
5 9
7 9
5 10
7 10
2 11
3 11
6 11
8 11
9 11
10 11
2 12
4 12
6 12
8 12
9 12
10 12
1 13
2 13
4 13
6 13
8 13
9 13
10 13
1 14
2 14
4 14
6 14
8 14
9 14
10 14
15267 3 0 1 3 6 14 41
0 3
1 3
2 4
3 4
3 6
5 6
3 7
5 7
4 8
5 8
4 9
5 9
0 10
1 10
4 10
5 10
1 11
2 11
6 11
7 11
8 11
9 11
2 12
6 12
7 12
8 12
9 12
10 12
2 13
6 13
7 13
8 13
9 13
10 13
0 14
1 14
2 14
6 14
7 14
8 14
9 14
15261 7 0 1 3 4 10 35
0 3
1 3
2 4
4 7
5 7
6 7
2 8
3 8
5 8
6 8
5 9
6 9
0 10
1 10
4 10
9 10
8 11
10 11
2 12
3 12
7 12
9 12
11 12
0 13
1 13
4 13
5 13
6 13
11 13
0 14
1 14
2 14
7 14
9 14
11 14
15272 5 0 1 3 4 14 36
0 3
1 3
2 4
3 4
2 5
2 6
3 8
5 8
6 8
7 8
4 9
8 9
1 10
2 10
7 10
9 10
1 11
6 11
7 11
9 11
0 12
5 12
6 12
7 12
9 12
0 13
4 13
5 13
10 13
11 13
0 14
1 14
4 14
5 14
6 14
7 14
15053 6 0 3 4 5 6 36
0 3
0 4
3 5
4 6
5 6
1 7
2 7
4 7
5 8
7 8
3 9
7 9
6 10
8 10
9 10
6 11
8 11
9 11
0 12
1 12
2 12
5 12
10 12
11 12
1 13
2 13
3 13
4 13
10 13
11 13
0 14
1 14
2 14
6 14
8 14
9 14
15199 5 0 1 3 7 11 37
0 3
2 3
0 4
2 4
2 5
2 6
1 7
3 7
6 7
6 8
6 9
4 10
5 10
8 10
9 10
1 11
3 11
6 11
10 11
1 12
3 12
4 12
5 12
8 12
9 12
0 13
5 13
7 13
8 13
9 13
11 13
4 14
5 14
7 14
8 14
9 14
11 14
15283 5 0 1 3 10 12 36
0 3
1 3
0 4
1 6
2 6
4 6
5 6
5 7
5 8
6 9
3 10
7 10
8 10
9 10
4 11
7 11
8 11
9 11
0 12
1 12
2 12
5 12
10 12
11 12
2 13
3 13
4 13
7 13
8 13
9 13
0 14
1 14
2 14
7 14
8 14
9 14
15307 4 0 1 2 3 9 39
0 3
1 3
2 3
2 8
0 9
1 9
8 9
2 10
4 10
5 10
6 10
7 10
9 10
2 11
4 11
5 11
6 11
7 11
9 11
3 12
4 12
5 12
6 12
7 12
8 12
0 13
1 13
4 13
5 13
6 13
7 13
8 13
0 14
1 14
4 14
5 14
6 14
7 14
8 14
15311 5 0 1 3 9 14 38
0 3
1 3
2 3
2 7
0 8
0 9
1 9
7 9
1 10
4 10
5 10
6 10
7 10
8 10
2 11
4 11
5 11
6 11
8 11
9 11
2 12
4 12
5 12
6 12
8 12
9 12
3 13
4 13
5 13
6 13
7 13
8 13
0 14
1 14
4 14
5 14
6 14
7 14
15312 4 0 1 2 3 11 37
0 3
1 3
2 3
2 7
0 8
4 8
7 8
1 9
8 9
2 10
4 10
5 10
6 10
9 10
1 11
2 11
5 11
6 11
8 11
3 12
4 12
5 12
6 12
7 12
9 12
0 13
4 13
5 13
6 13
7 13
9 13
0 14
1 14
4 14
5 14
6 14
7 14
15316 5 0 3 7 8 9 37
0 3
1 3
2 3
4 6
5 6
3 7
4 7
5 7
0 8
6 8
7 8
0 9
7 9
2 10
6 10
9 10
2 11
6 11
9 11
1 12
4 12
5 12
8 12
10 12
11 12
1 13
2 13
4 13
5 13
8 13
9 13
0 14
1 14
4 14
5 14
10 14
11 14
15317 5 0 1 3 11 12 37
0 3
1 3
2 3
4 6
5 6
2 7
6 7
2 8
6 8
1 9
6 9
2 10
4 10
5 10
9 10
0 11
1 11
7 11
10 11
3 12
4 12
5 12
8 12
9 12
11 12
0 13
4 13
5 13
7 13
8 13
9 13
0 14
1 14
4 14
5 14
7 14
8 14
15282 5 0 1 3 4 11 35
0 3
1 3
0 4
4 7
5 7
6 7
5 8
6 8
4 9
3 10
5 10
6 10
9 10
1 11
2 11
4 11
8 11
10 11
2 12
3 12
7 12
8 12
9 12
0 13
1 13
2 13
5 13
6 13
9 13
0 14
1 14
2 14
7 14
8 14
9 14
15322 3 0 1 2 3 8 37
0 3
1 3
2 3
3 5
2 6
1 7
1 8
2 8
4 9
5 9
7 9
8 9
3 10
4 10
6 10
7 10
1 11
4 11
5 11
6 11
0 12
2 12
9 12
10 12
11 12
0 13
4 13
5 13
6 13
7 13
8 13
4 14
5 14
6 14
7 14
8 14
12 14
15324 3 0 1 2 3 7 39
0 3
1 3
2 3
3 5
4 5
2 6
1 7
2 7
4 7
0 8
4 8
6 8
0 9
1 9
6 9
5 10
7 10
8 10
9 10
5 11
7 11
8 11
9 11
3 12
4 12
6 12
10 12
11 12
2 13
5 13
8 13
9 13
12 13
1 14
4 14
6 14
10 14
11 14
13 14
15327 3 0 1 2 3 5 40
0 3
1 3
2 3
1 5
2 5
4 5
2 6
4 6
0 7
2 7
0 8
4 8
3 9
4 9
3 10
4 10
1 11
6 11
7 11
8 11
9 11
10 11
5 12
6 12
7 12
8 12
9 12
10 12
5 13
6 13
7 13
8 13
9 13
10 13
5 14
6 14
7 14
8 14
9 14
10 14
15328 4 0 1 2 3 14 40
0 3
1 3
2 3
3 4
3 8
5 8
6 8
7 8
4 9
5 9
6 9
7 9
4 10
5 10
6 10
7 10
4 11
5 11
6 11
7 11
1 12
2 12
8 12
9 12
10 12
11 12
0 13
1 13
2 13
4 13
5 13
6 13
7 13
0 14
1 14
2 14
8 14
9 14
10 14
11 14
15333 3 0 1 2 3 13 42
0 3
1 3
2 3
3 4
3 5
2 6
2 7
2 8
4 9
5 9
6 9
7 9
8 9
4 10
5 10
6 10
7 10
8 10
4 11
5 11
6 11
7 11
8 11
4 12
5 12
6 12
7 12
8 12
0 13
1 13
2 13
9 13
10 13
11 13
12 13
0 14
1 14
4 14
5 14
6 14
7 14
8 14
15335 3 0 1 2 3 6 39
0 3
1 3
2 3
3 4
3 5
1 6
2 6
5 7
5 8
1 9
4 9
7 9
8 9
4 10
6 10
7 10
8 10
2 11
5 11
9 11
10 11
1 12
2 12
5 12
10 12
0 13
4 13
6 13
7 13
8 13
11 13
12 13
0 14
4 14
6 14
7 14
8 14
11 14
12 14
15336 3 0 1 2 3 9 38
0 3
1 3
2 3
3 4
3 5
0 6
1 7
5 7
6 7
0 8
4 8
1 9
2 9
8 9
2 10
7 10
8 10
2 11
7 11
8 11
4 12
5 12
6 12
9 12
10 12
11 12
4 13
5 13
6 13
9 13
10 13
11 13
4 14
5 14
6 14
9 14
10 14
11 14
15280 4 0 1 2 3 4 40
0 3
1 3
1 4
2 4
0 10
4 10
5 10
6 10
7 10
8 10
9 10
3 11
4 11
5 11
6 11
7 11
8 11
9 11
2 12
3 12
5 12
6 12
7 12
8 12
9 12
1 13
2 13
5 13
6 13
7 13
8 13
9 13
0 14
1 14
2 14
5 14
6 14
7 14
8 14
9 14
15350 4 0 1 2 3 4 35
0 3
1 3
2 3
0 4
1 5
2 6
1 9
6 9
7 9
8 9
2 10
4 10
5 10
9 10
2 11
4 11
5 11
7 11
8 11
4 12
5 12
6 12
7 12
8 12
3 13
6 13
7 13
8 13
10 13
3 14
4 14
5 14
6 14
7 14
8 14
15351 4 0 1 2 3 5 39
0 3
1 3
2 3
0 4
1 5
2 5
3 6
0 8
5 8
6 8
7 8
2 9
8 9
2 10
8 10
3 11
4 11
5 11
7 11
9 11
10 11
4 12
5 12
6 12
7 12
9 12
10 12
1 13
4 13
6 13
7 13
9 13
10 13
1 14
4 14
6 14
7 14
9 14
10 14
15345 3 0 2 3 5 10 38
0 3
1 3
2 3
2 4
0 5
2 9
2 10
5 10
6 10
7 10
8 10
1 11
5 11
6 11
7 11
8 11
9 11
1 12
4 12
5 12
6 12
7 12
8 12
9 12
3 13
4 13
5 13
6 13
7 13
8 13
9 13
0 14
1 14
4 14
6 14
7 14
8 14
9 14
15357 4 0 1 2 3 4 39
0 3
1 3
2 3
0 4
1 4
2 5
4 6
1 7
5 7
0 8
5 8
2 9
6 9
7 9
8 9
3 10
6 10
7 10
8 10
3 11
6 11
7 11
8 11
1 12
2 12
6 12
8 12
4 13
5 13
9 13
10 13
11 13
12 13
4 14
5 14
9 14
10 14
11 14
12 14
15352 3 0 2 3 4 13 40
0 3
1 3
2 3
0 4
1 5
2 5
0 6
5 6
1 7
6 7
1 8
6 8
3 9
6 9
3 10
6 10
4 11
5 11
7 11
8 11
9 11
10 11
4 12
5 12
7 12
8 12
9 12
10 12
2 13
4 13
7 13
8 13
9 13
10 13
2 14
4 14
7 14
8 14
9 14
10 14
15381 6 0 1 2 8 12 35
1 2
2 8
6 8
7 8
5 9
6 9
7 9
2 10
3 10
4 10
9 10
1 11
5 11
6 11
7 11
10 11
0 12
1 12
3 12
4 12
5 12
8 12
0 13
3 13
4 13
8 13
9 13
11 13
0 14
2 14
3 14
4 14
5 14
6 14
7 14
15385 4 0 2 4 12 13 36
1 2
1 8
3 8
6 8
7 8
1 9
4 9
5 9
6 9
7 9
3 10
6 10
7 10
3 11
4 11
5 11
6 11
7 11
0 12
2 12
4 12
5 12
10 12
0 13
2 13
4 13
5 13
8 13
10 13
0 14
2 14
3 14
4 14
5 14
6 14
7 14
15390 4 0 1 2 8 11 35
1 2
0 8
1 8
4 9
6 9
7 9
8 9
5 10
6 10
7 10
8 10
0 11
2 11
3 11
9 11
10 11
1 12
3 12
4 12
5 12
6 12
7 12
2 13
3 13
4 13
5 13
7 13
8 13
0 14
2 14
3 14
4 14
5 14
6 14
7 14
15371 3 0 1 2 7 10 37
1 2
7 8
7 9
0 10
1 10
7 10
0 11
2 11
3 11
4 11
5 11
6 11
7 11
0 12
1 12
3 12
4 12
5 12
6 12
8 12
9 12
2 13
3 13
4 13
5 13
6 13
8 13
9 13
10 13
2 14
3 14
4 14
5 14
6 14
8 14
9 14
10 14
15396 3 0 1 2 3 12 36
1 2
6 7
5 8
6 8
1 9
5 9
6 9
3 10
4 10
7 10
8 10
9 10
2 11
5 11
6 11
10 11
0 12
2 12
3 12
4 12
5 12
7 12
0 13
3 13
4 13
7 13
8 13
9 13
11 13
0 14
1 14
3 14
4 14
7 14
8 14
11 14
15411 5 0 1 2 9 11 35
1 2
5 7
6 7
3 8
4 8
7 8
1 9
7 9
2 10
8 10
9 10
0 11
2 11
5 11
6 11
8 11
9 11
0 12
1 12
3 12
4 12
7 12
10 12
2 13
3 13
4 13
5 13
6 13
9 13
1 14
3 14
4 14
5 14
6 14
10 14
15416 6 0 1 2 9 13 34
1 2
5 7
6 7
0 8
6 8
1 9
8 9
3 10
4 10
5 10
6 10
2 11
3 11
4 11
7 11
9 11
1 12
3 12
4 12
5 12
8 12
0 13
2 13
7 13
9 13
10 13
12 13
0 14
2 14
3 14
4 14
5 14
6 14
9 14
15392 4 0 1 2 8 10 37
1 2
0 8
1 8
3 8
2 9
3 9
0 10
2 10
3 10
1 11
4 11
5 11
6 11
7 11
9 11
10 11
4 12
5 12
6 12
7 12
8 12
9 12
10 12
4 13
5 13
6 13
7 13
8 13
9 13
10 13
0 14
2 14
3 14
4 14
5 14
6 14
7 14
15424 5 0 1 7 11 12 37
1 2
4 7
5 7
6 7
5 8
6 8
2 9
3 9
4 9
5 9
6 9
0 10
2 10
3 10
4 10
8 10
0 11
1 11
7 11
8 11
0 12
1 12
3 12
7 12
8 12
2 13
3 13
4 13
5 13
6 13
11 13
0 14
1 14
3 14
4 14
5 14
6 14
15446 5 0 2 7 8 10 38
1 2
3 7
4 7
0 8
2 8
7 8
0 9
1 9
7 9
0 10
2 10
5 10
6 10
7 10
3 11
4 11
5 11
6 11
8 11
9 11
2 12
3 12
4 12
5 12
6 12
9 12
1 13
3 13
4 13
5 13
6 13
8 13
0 14
1 14
3 14
4 14
5 14
6 14
15451 5 0 1 7 11 12 37
1 2
3 7
4 7
5 7
0 8
4 8
5 8
6 8
2 9
3 9
4 9
5 9
6 9
2 10
3 10
8 10
0 11
1 11
6 11
7 11
10 11
0 12
1 12
7 12
10 12
2 13
3 13
4 13
5 13
6 13
12 13
0 14
1 14
3 14
4 14
5 14
6 14
15459 4 1 2 7 8 9 40
1 2
2 7
1 8
7 8
0 9
1 9
7 9
3 10
4 10
5 10
6 10
8 10
9 10
0 11
3 11
4 11
5 11
6 11
7 11
2 12
3 12
4 12
5 12
6 12
8 12
9 12
0 13
2 13
3 13
4 13
5 13
6 13
8 13
0 14
1 14
3 14
4 14
5 14
6 14
7 14
15477 6 0 1 2 7 10 36
1 2
1 7
5 8
6 8
7 8
3 9
4 9
8 9
0 10
2 10
3 10
4 10
7 10
0 11
1 11
3 11
4 11
5 11
6 11
1 12
5 12
6 12
9 12
10 12
0 13
2 13
5 13
6 13
7 13
9 13
0 14
2 14
3 14
4 14
8 14
12 14
15481 5 1 2 4 10 11 35
1 2
1 7
5 7
6 7
6 8
5 9
6 9
1 10
4 10
8 10
9 10
2 11
3 11
4 11
5 11
8 11
0 12
3 12
4 12
7 12
8 12
9 12
0 13
2 13
3 13
5 13
6 13
10 13
0 14
2 14
3 14
4 14
7 14
8 14
9 14
15419 4 0 1 2 9 10 35
1 2
4 7
3 8
4 8
0 9
1 9
5 9
7 9
8 9
0 10
2 10
3 10
4 10
6 10
1 11
3 11
4 11
5 11
6 11
2 12
5 12
6 12
7 12
8 12
2 13
3 13
5 13
6 13
7 13
0 14
1 14
5 14
6 14
7 14
8 14
15493 5 0 2 7 8 9 38
1 2
1 7
3 7
4 7
0 8
2 8
5 8
6 8
7 8
0 9
2 9
7 9
0 10
1 10
3 11
4 11
5 11
6 11
9 11
10 11
3 12
4 12
5 12
6 12
9 12
10 12
2 13
3 13
4 13
5 13
6 13
10 13
0 14
1 14
3 14
4 14
5 14
6 14
15508 3 0 1 2 7 13 35
1 2
0 7
1 7
5 8
6 8
7 8
2 9
3 9
4 9
8 9
4 10
5 10
6 10
7 10
0 11
3 11
5 11
6 11
1 12
9 12
10 12
11 12
0 13
2 13
3 13
4 13
8 13
12 13
2 14
3 14
4 14
5 14
6 14
7 14
12 14
15521 1 0 1 2 3 12 36
1 2
5 6
6 7
3 8
5 8
7 8
2 9
4 9
5 9
7 9
6 10
8 10
9 10
2 11
6 11
8 11
0 12
1 12
3 12
4 12
10 12
11 12
0 13
3 13
4 13
5 13
7 13
10 13
11 13
0 14
1 14
3 14
4 14
7 14
10 14
11 14
15212 5 0 1 3 4 8 38
0 3
2 3
0 4
1 4
2 4
1 6
2 7
5 7
6 7
1 8
3 8
5 8
1 9
2 9
0 10
5 10
6 10
9 10
3 11
5 11
6 11
9 11
3 12
5 12
6 12
9 12
4 13
7 13
8 13
10 13
11 13
12 13
4 14
7 14
8 14
10 14
11 14
12 14
15528 4 0 1 2 5 13 34
1 2
5 6
4 7
6 8
4 9
5 9
8 9
1 10
3 10
4 10
8 10
0 11
6 11
7 11
9 11
10 11
2 12
3 12
4 12
5 12
8 12
11 12
0 13
1 13
3 13
5 13
7 13
8 13
0 14
2 14
3 14
6 14
7 14
9 14
15558 6 0 1 3 11 14 34
1 2
4 6
1 7
0 8
2 8
3 9
4 9
5 9
7 9
8 9
6 10
7 10
8 10
0 11
1 11
3 11
6 11
2 12
4 12
5 12
10 12
11 12
0 13
2 13
3 13
5 13
6 13
7 13
0 14
1 14
3 14
4 14
5 14
10 14
15538 5 0 1 6 11 12 37
1 2
5 6
3 7
4 7
5 7
3 8
4 8
5 8
2 9
6 9
7 9
8 9
0 10
2 10
3 10
4 10
6 10
0 11
1 11
6 11
7 11
0 12
1 12
6 12
8 12
2 13
3 13
4 13
5 13
11 13
12 13
0 14
1 14
3 14
4 14
5 14
9 14
15564 5 0 1 2 9 14 37
1 2
4 6
5 6
5 7
5 8
2 9
3 9
4 9
0 10
2 10
3 10
4 10
5 10
0 11
1 11
3 11
4 11
7 11
8 11
0 12
2 12
3 12
6 12
7 12
8 12
1 13
6 13
7 13
8 13
9 13
10 13
0 14
1 14
6 14
7 14
8 14
9 14
15567 5 0 1 7 11 12 37
1 2
4 6
5 6
5 7
2 8
3 8
4 8
5 8
2 9
3 9
4 9
5 9
0 10
2 10
6 10
7 10
0 11
1 11
3 11
4 11
7 11
0 12
1 12
3 12
6 12
7 12
0 13
6 13
7 13
8 13
9 13
1 14
3 14
4 14
5 14
10 14
13 14
15573 5 0 1 8 11 12 37
1 2
4 6
5 6
3 7
4 7
5 7
2 8
5 8
2 9
3 9
4 9
5 9
0 10
2 10
6 10
7 10
0 11
1 11
3 11
4 11
8 11
0 12
1 12
3 12
6 12
8 12
0 13
6 13
7 13
8 13
9 13
1 14
3 14
4 14
5 14
10 14
13 14
15580 6 1 2 9 11 13 36
1 2
4 6
5 6
0 7
4 7
5 7
0 8
3 8
6 8
1 9
5 9
8 9
2 10
4 10
5 10
8 10
2 11
3 11
6 11
7 11
9 11
1 12
3 12
6 12
7 12
10 12
0 13
2 13
3 13
4 13
9 13
0 14
1 14
3 14
4 14
5 14
15593 5 0 4 5 8 12 37
1 2
3 6
2 7
6 7
0 8
3 8
4 8
5 8
7 8
2 9
3 9
4 9
5 9
0 10
2 10
6 10
0 11
1 11
6 11
9 11
0 12
1 12
4 12
5 12
6 12
3 13
4 13
5 13
7 13
10 13
11 13
1 14
3 14
4 14
5 14
7 14
10 14
15607 6 1 2 10 11 12 36
1 2
3 6
4 6
3 7
4 7
0 8
3 8
4 8
2 9
5 9
6 9
7 9
8 9
1 10
5 10
7 10
8 10
1 11
3 11
4 11
5 11
0 12
2 12
6 12
10 12
11 12
0 13
1 13
5 13
6 13
7 13
0 14
2 14
3 14
4 14
5 14
15613 4 0 2 5 9 10 38
1 2
3 6
4 6
0 7
6 7
2 8
4 8
5 8
7 8
0 9
2 9
5 9
6 9
0 10
2 10
3 10
5 10
6 11
8 11
10 11
1 12
3 12
4 12
5 12
7 12
11 12
1 13
3 13
4 13
7 13
9 13
11 13
0 14
1 14
3 14
4 14
5 14
11 14
15618 4 1 2 7 8 9 38
1 2
3 6
4 6
5 6
1 7
6 7
2 8
5 8
7 8
2 9
3 9
5 9
7 9
0 10
1 10
4 10
8 10
6 11
9 11
10 11
0 12
3 12
4 12
5 12
7 12
11 12
0 13
2 13
3 13
4 13
5 13
11 13
0 14
1 14
3 14
4 14
8 14
11 14
15619 5 1 2 9 10 13 36
1 2
3 6
4 6
5 6
0 7
5 7
0 8
6 8
1 9
6 9
7 9
2 10
4 10
5 10
8 10
9 10
2 11
3 11
4 11
7 11
8 11
1 12
3 12
4 12
7 12
8 12
0 13
2 13
3 13
5 13
9 13
0 14
1 14
3 14
4 14
5 14
15483 6 1 2 3 7 8 38
1 2
1 7
5 7
6 7
2 8
3 8
4 8
7 8
0 9
1 9
8 9
0 10
2 10
7 10
3 11
4 11
5 11
6 11
9 11
10 11
3 12
4 12
5 12
6 12
9 12
10 12
0 13
1 13
3 13
4 13
5 13
6 13
0 14
2 14
3 14
4 14
5 14
6 14
15638 5 1 2 6 7 9 38
1 2
2 6
1 7
5 7
6 7
0 8
7 8
0 9
2 9
3 9
4 9
7 9
0 10
1 10
3 11
4 11
5 11
6 11
8 11
10 11
3 12
4 12
5 12
6 12
8 12
10 12
2 13
3 13
4 13
5 13
8 13
10 13
0 14
1 14
3 14
4 14
5 14
6 14
15643 5 1 2 9 10 11 37
1 2
2 6
0 7
5 7
6 7
0 8
5 8
6 8
2 9
3 9
4 9
5 9
1 10
8 10
9 10
2 11
3 11
4 11
7 11
10 11
1 12
3 12
4 12
7 12
8 12
0 13
3 13
4 13
5 13
6 13
10 13
0 14
1 14
3 14
4 14
5 14
6 14
15653 4 1 2 4 6 12 34
1 2
2 6
4 6
6 7
4 8
3 9
5 9
6 9
8 9
3 10
5 10
7 10
8 10
0 11
3 11
7 11
8 11
1 12
4 12
9 12
10 12
11 12
0 13
2 13
5 13
7 13
8 13
12 13
0 14
1 14
3 14
4 14
5 14
7 14
15664 5 0 4 5 8 9 38
1 2
2 6
3 6
2 7
3 7
0 8
2 8
4 8
5 8
0 9
1 9
3 9
4 9
5 9
0 10
1 10
3 10
4 11
5 11
6 11
7 11
10 11
4 12
5 12
6 12
7 12
10 12
0 13
4 13
5 13
6 13
7 13
1 14
3 14
8 14
11 14
12 14
13 14
15670 5 0 2 7 8 9 38
1 2
2 6
3 6
4 6
1 7
5 7
6 7
0 8
7 8
0 9
2 9
7 9
0 10
1 10
3 10
4 10
5 10
3 11
4 11
5 11
8 11
9 11
3 12
4 12
5 12
8 12
9 12
2 13
3 13
4 13
5 13
8 13
0 14
1 14
6 14
11 14
12 14
13 14
15678 6 0 1 2 6 12 35
1 2
1 6
0 7
6 7
0 8
4 9
5 9
6 9
8 9
1 10
5 10
8 10
2 11
3 11
7 11
9 11
10 11
0 12
2 12
3 12
4 12
6 12
10 12
1 13
3 13
4 13
5 13
7 13
8 13
2 14
3 14
4 14
5 14
7 14
8 14
15684 4 0 2 4 10 11 36
1 2
1 6
5 6
6 7
4 8
5 8
3 9
7 9
8 9
0 10
2 10
4 10
5 10
9 10
0 11
2 11
3 11
4 11
5 11
7 11
0 12
1 12
3 12
7 12
8 12
2 13
4 13
6 13
9 13
12 13
1 14
3 14
7 14
8 14
10 14
13 14
15688 2 1 4 6 9 11 36
1 2
1 6
4 6
4 7
5 7
5 8
3 9
6 9
8 9
3 10
6 10
7 10
8 10
1 11
4 11
5 11
9 11
0 12
2 12
4 12
5 12
9 12
10 12
0 13
2 13
3 13
7 13
8 13
11 13
0 14
2 14
3 14
6 14
7 14
8 14
11 14
14615 6 0 1 2 10 14 36
0 3
3 7
4 7
3 8
4 8
5 8
6 8
1 9
3 9
4 9
5 9
6 9
0 10
1 10
2 10
7 10
8 10
0 11
1 11
4 11
2 12
5 12
6 12
7 12
11 12
2 13
5 13
6 13
7 13
11 13
0 14
1 14
2 14
4 14
5 14
6 14
15732 4 0 4 5 11 12 37
1 2
0 6
1 6
6 7
1 8
3 8
7 8
3 9
7 9
3 10
7 10
0 11
1 11
4 11
5 11
9 11
10 11
0 12
2 12
3 12
4 12
5 12
7 12
2 13
4 13
5 13
6 13
8 13
9 13
10 13
2 14
4 14
5 14
6 14
8 14
9 14
10 14
15704 5 0 1 3 9 11 36
1 2
0 6
6 7
5 8
6 8
1 9
3 9
7 9
8 9
2 10
3 10
4 10
7 10
8 10
0 11
1 11
3 11
4 11
5 11
7 11
0 12
1 12
7 12
8 12
2 13
4 13
5 13
6 13
9 13
12 13
2 14
3 14
4 14
5 14
6 14
12 14
15733 5 2 4 5 12 13 35
1 2
0 6
1 6
3 7
4 7
6 7
6 8
3 9
6 9
1 10
3 10
4 10
5 10
1 11
5 11
7 11
8 11
9 11
2 12
4 12
5 12
8 12
9 12
0 13
2 13
3 13
4 13
5 13
8 13
0 14
2 14
7 14
8 14
9 14
10 14
15757 3 1 2 3 7 11 35
1 2
4 5
4 6
1 7
6 8
6 9
0 10
1 10
5 10
8 10
9 10
2 11
3 11
5 11
6 11
7 11
0 12
3 12
4 12
7 12
8 12
9 12
2 13
3 13
5 13
7 13
8 13
9 13
0 14
2 14
3 14
4 14
7 14
8 14
9 14
15736 3 0 1 4 6 10 40
1 2
0 6
1 6
4 6
2 7
3 7
6 7
7 8
7 9
0 10
1 10
4 10
5 10
8 10
9 10
2 11
3 11
5 11
6 11
8 11
9 11
1 12
3 12
4 12
5 12
8 12
9 12
2 13
3 13
4 13
5 13
8 13
9 13
0 14
2 14
3 14
4 14
5 14
8 14
9 14
15774 3 0 1 2 3 11 35
1 2
4 5
2 6
1 7
5 7
1 8
5 9
6 10
7 10
8 10
9 10
0 11
2 11
3 11
5 11
10 11
0 12
3 12
4 12
6 12
8 12
9 12
3 13
4 13
6 13
7 13
8 13
9 13
0 14
2 14
3 14
4 14
7 14
8 14
9 14
15781 5 0 1 2 9 11 36
1 2
4 5
0 6
5 7
6 7
3 8
4 8
6 8
1 9
8 9
1 10
7 10
8 10
0 11
2 11
3 11
4 11
7 11
9 11
0 12
1 12
3 12
4 12
7 12
2 13
5 13
6 13
9 13
10 13
12 13
2 14
3 14
5 14
6 14
9 14
10 14
15799 1 0 1 2 4 9 36
1 2
3 5
5 6
4 7
5 7
4 8
5 8
0 9
1 9
4 9
3 10
6 10
7 10
9 10
1 11
4 11
10 11
2 12
6 12
7 12
8 12
9 12
11 12
0 13
2 13
3 13
6 13
8 13
11 13
0 14
2 14
3 14
6 14
7 14
8 14
11 14
15819 3 0 3 5 6 12 35
1 2
3 5
2 6
3 6
1 7
6 8
1 10
4 10
5 10
8 10
9 10
2 11
5 11
7 11
8 11
9 11
0 12
4 12
5 12
6 12
7 12
9 12
0 13
3 13
4 13
7 13
8 13
9 13
0 14
2 14
3 14
4 14
7 14
8 14
9 14
15807 6 1 2 9 10 13 36
1 2
3 5
4 6
5 6
0 7
4 7
5 7
0 8
3 8
6 8
1 9
5 9
8 9
2 10
6 10
7 10
9 10
2 11
4 11
5 11
8 11
1 12
3 12
6 12
7 12
11 12
0 13
2 13
3 13
4 13
9 13
0 14
1 14
3 14
4 14
10 14
15837 4 1 3 4 9 13 37
1 2
3 5
4 5
1 9
3 9
4 9
6 9
2 10
5 10
7 10
8 10
9 10
2 11
5 11
6 11
7 11
8 11
0 12
1 12
5 12
6 12
7 12
8 12
0 13
1 13
3 13
4 13
6 13
7 13
8 13
0 14
2 14
3 14
4 14
6 14
7 14
8 14
15836 6 0 1 2 6 8 35
1 2
3 5
0 6
1 6
4 7
5 7
6 7
2 8
3 8
6 8
4 9
6 9
1 10
5 10
8 10
9 10
1 11
7 11
9 11
4 12
5 12
8 12
11 12
0 13
2 13
3 13
7 13
9 13
12 13
0 14
2 14
3 14
4 14
10 14
11 14
15847 6 1 2 9 11 13 36
1 2
3 5
4 5
3 6
4 6
0 7
0 8
5 8
6 8
1 9
4 9
7 9
8 9
2 10
5 10
6 10
7 10
1 11
5 11
6 11
7 11
2 12
3 12
4 12
7 12
8 12
0 13
2 13
3 13
9 13
11 13
0 14
1 14
3 14
4 14
10 14
15845 5 1 2 7 10 11 37
1 2
3 5
4 5
3 6
4 6
2 7
6 7
2 8
5 8
0 9
3 9
4 9
8 9
1 10
5 10
7 10
9 10
0 11
2 11
6 11
10 11
0 12
1 12
5 12
6 12
3 13
4 13
7 13
8 13
11 13
12 13
0 14
1 14
3 14
4 14
7 14
8 14
15880 5 0 1 2 5 13 33
1 2
2 5
4 6
0 7
5 8
5 9
6 9
7 9
1 10
4 10
8 10
9 10
1 11
3 11
6 11
7 11
8 11
2 12
3 12
4 12
7 12
8 12
0 13
3 13
5 13
6 13
10 13
0 14
2 14
3 14
4 14
8 14
9 14
15895 3 1 2 5 6 10 38
1 2
2 5
1 6
3 6
5 6
0 7
4 7
6 7
1 8
7 8
0 9
3 9
4 9
8 9
0 10
2 10
6 10
3 11
4 11
5 11
8 11
10 11
3 12
4 12
5 12
8 12
10 12
2 13
7 13
9 13
11 13
12 13
0 14
1 14
3 14
4 14
5 14
13 14
15884 6 0 3 4 10 14 38
1 2
2 5
2 6
1 7
5 7
0 8
5 8
0 9
5 9
0 10
2 10
3 10
4 10
7 10
3 11
4 11
6 11
7 11
8 11
9 11
3 12
4 12
6 12
7 12
8 12
9 12
1 13
3 13
4 13
6 13
8 13
9 13
0 14
1 14
3 14
4 14
5 14
6 14
15918 5 0 1 2 5 12 37
1 2
2 5
3 5
4 5
1 9
3 9
4 9
2 10
6 10
7 10
8 10
9 10
5 11
6 11
7 11
8 11
9 11
0 12
1 12
5 12
6 12
7 12
8 12
0 13
1 13
3 13
4 13
6 13
7 13
8 13
0 14
2 14
3 14
4 14
6 14
7 14
8 14
15920 4 0 3 4 5 10 37
1 2
2 5
3 5
4 5
4 8
4 9
0 10
1 10
3 10
4 10
6 10
7 10
1 11
5 11
6 11
7 11
8 11
9 11
2 12
3 12
6 12
7 12
8 12
9 12
2 13
3 13
6 13
7 13
8 13
9 13
0 14
1 14
5 14
6 14
7 14
8 14
9 14
15926 6 0 1 2 10 11 35
1 2
1 5
2 6
3 6
0 8
1 8
6 9
7 9
8 9
2 10
9 10
0 11
1 11
3 11
4 11
7 11
10 11
0 12
2 12
3 12
4 12
5 12
9 12
4 13
5 13
6 13
7 13
8 13
10 13
3 14
4 14
5 14
7 14
8 14
10 14
15949 5 2 3 4 6 13 36
1 2
0 5
2 6
3 6
4 6
5 6
3 9
4 9
1 10
5 10
7 10
8 10
9 10
2 11
5 11
7 11
8 11
9 11
0 12
1 12
3 12
4 12
7 12
8 12
0 13
2 13
3 13
4 13
7 13
8 13
0 14
1 14
6 14
7 14
8 14
9 14
15637 6 0 2 3 9 10 38
1 2
2 6
1 7
5 7
1 8
5 8
0 9
2 9
3 9
4 9
5 9
0 10
2 10
5 10
3 11
4 11
6 11
7 11
8 11
10 11
3 12
4 12
6 12
7 12
8 12
10 12
0 13
3 13
4 13
6 13
7 13
8 13
0 14
1 14
3 14
4 14
5 14
6 14
15963 6 0 2 3 6 9 35
1 2
0 5
0 6
2 6
3 6
4 7
4 8
2 9
3 9
4 9
0 10
7 10
8 10
9 10
1 11
4 11
5 11
6 11
10 11
1 12
3 12
5 12
7 12
8 12
2 13
3 13
5 13
7 13
8 13
1 14
5 14
6 14
7 14
8 14
9 14
15971 5 1 4 6 9 10 36
1 2
0 5
2 5
5 6
3 7
5 7
3 8
4 8
5 8
1 9
4 9
6 9
7 9
1 10
3 10
4 10
6 10
6 11
7 11
8 11
0 12
2 12
9 12
10 12
11 12
0 13
2 13
3 13
4 13
11 13
1 14
6 14
7 14
8 14
12 14
13 14
15974 3 0 2 4 5 8 35
1 2
0 5
2 5
4 5
0 6
0 7
3 7
2 8
4 8
3 9
4 9
1 10
7 10
9 10
1 11
6 11
7 11
8 11
9 11
2 12
3 12
4 12
6 12
10 12
3 13
5 13
6 13
8 13
10 13
1 14
5 14
6 14
7 14
8 14
9 14
15976 4 0 1 2 5 7 37
1 2
0 5
1 5
4 6
5 6
2 7
3 7
5 7
4 8
7 8
1 9
6 9
7 9
0 10
4 10
9 10
0 11
4 11
9 11
2 12
3 12
5 12
8 12
10 12
11 12
1 13
3 13
6 13
8 13
10 13
11 13
2 14
3 14
6 14
8 14
10 14
11 14
15980 6 0 1 2 5 7 37
1 2
0 5
1 5
1 6
3 6
4 6
1 7
2 8
2 9
0 10
3 10
4 10
7 10
8 10
9 10
0 11
2 11
3 11
4 11
3 12
4 12
5 12
7 12
8 12
9 12
5 13
6 13
7 13
8 13
9 13
11 13
5 14
6 14
7 14
8 14
9 14
11 14
15975 6 0 1 2 5 10 35
1 2
0 5
1 5
5 7
6 7
1 8
6 8
3 9
4 9
5 9
0 10
2 10
6 10
9 10
3 11
4 11
7 11
8 11
10 11
2 12
7 12
8 12
9 12
0 13
1 13
3 13
4 13
6 13
12 13
0 14
2 14
3 14
4 14
7 14
8 14
15985 3 0 1 2 5 7 36
1 2
0 5
1 5
3 5
4 5
2 6
3 6
4 6
2 7
5 7
3 8
1 9
4 9
8 9
4 10
7 10
8 10
6 11
7 11
8 11
0 12
2 12
9 12
10 12
11 12
0 13
3 13
9 13
10 13
11 13
1 14
6 14
7 14
8 14
12 14
13 14
16009 6 0 1 3 9 11 35
1 2
3 4
2 6
4 6
4 7
3 8
0 9
1 9
3 9
0 10
2 10
4 10
5 10
8 10
1 11
3 11
5 11
6 11
7 11
2 12
5 12
7 12
8 12
9 12
5 13
6 13
7 13
8 13
9 13
0 14
1 14
5 14
6 14
7 14
8 14
16012 3 1 2 3 6 12 37
1 2
3 4
1 6
4 6
0 7
3 7
5 7
2 8
3 8
5 8
4 9
5 9
6 10
7 10
8 10
9 10
6 11
7 11
8 11
9 11
2 12
3 12
6 12
9 12
0 13
4 13
5 13
10 13
11 13
12 13
0 14
1 14
4 14
5 14
10 14
11 14
12 14
16013 5 0 1 2 5 10 34
1 2
3 4
1 6
3 6
3 7
3 8
5 8
4 9
5 9
0 10
1 10
4 10
5 10
7 10
0 11
6 11
8 11
9 11
2 12
6 12
7 12
8 12
9 12
2 13
4 13
5 13
7 13
11 13
0 14
2 14
6 14
7 14
8 14
9 14
16033 5 1 2 7 8 13 38
1 2
3 4
3 5
1 7
0 8
2 8
3 8
6 8
7 8
0 9
2 9
3 9
0 10
1 10
4 10
5 10
6 10
4 11
5 11
6 11
7 11
9 11
4 12
5 12
6 12
7 12
9 12
2 13
4 13
5 13
6 13
7 13
0 14
1 14
3 14
11 14
12 14
13 14
16038 5 0 2 7 10 11 37
1 2
3 4
3 5
3 6
5 7
6 7
0 8
3 8
7 8
1 9
3 9
0 10
2 10
7 10
9 10
0 11
2 11
4 11
7 11
9 11
0 12
1 12
4 12
5 12
6 12
2 13
4 13
5 13
6 13
8 13
9 13
1 14
4 14
5 14
6 14
8 14
10 14
16037 6 0 1 3 12 14 37
1 2
3 4
3 5
4 6
5 6
4 7
5 7
2 9
4 9
5 9
8 9
2 10
6 10
7 10
8 10
0 11
1 11
4 11
5 11
8 11
0 12
1 12
3 12
9 12
10 12
0 13
2 13
3 13
6 13
7 13
8 13
0 14
1 14
3 14
6 14
7 14
8 14
16040 4 1 2 7 8 12 37
1 2
3 4
3 5
3 6
2 7
2 8
5 8
6 8
0 9
3 9
7 9
1 10
4 10
5 10
6 10
9 10
0 11
4 11
5 11
6 11
7 11
0 12
1 12
4 12
7 12
8 12
2 13
4 13
5 13
6 13
9 13
0 14
1 14
3 14
7 14
8 14
13 14
16056 5 0 3 4 5 10 35
1 2
3 4
2 5
4 5
2 6
4 6
3 7
4 8
0 9
2 9
7 9
8 9
0 10
3 10
5 10
6 10
1 11
7 11
8 11
10 11
1 12
6 12
7 12
8 12
3 13
5 13
9 13
11 13
12 13
0 14
1 14
5 14
6 14
7 14
8 14
16053 1 0 1 2 3 12 36
1 2
3 4
2 5
1 6
4 7
6 7
2 8
7 8
5 9
6 9
8 9
0 10
3 10
9 10
1 11
3 11
7 11
9 11
0 12
2 12
3 12
7 12
4 13
5 13
6 13
8 13
10 13
11 13
12 13
4 14
5 14
6 14
8 14
10 14
11 14
12 14
16057 4 0 2 5 6 10 36
1 2
3 4
2 5
4 5
0 6
5 6
0 7
4 7
3 8
2 9
3 9
2 10
6 10
7 10
8 10
0 11
3 11
10 11
1 12
5 12
7 12
8 12
9 12
11 12
1 13
4 13
6 13
8 13
9 13
11 13
1 14
6 14
7 14
8 14
9 14
11 14
16067 5 0 5 9 11 12 37
1 2
3 4
0 5
4 5
0 6
4 6
2 7
4 7
1 8
4 8
0 9
3 9
7 9
8 9
2 10
3 10
6 10
8 10
1 11
5 11
9 11
10 11
0 12
2 12
11 12
3 13
5 13
6 13
7 13
8 13
12 13
1 14
3 14
5 14
6 14
7 14
12 14
16068 4 1 2 7 8 9 37
1 2
3 4
0 5
4 5
0 6
3 6
2 7
5 7
1 8
4 8
6 8
7 8
2 9
3 9
5 9
8 9
2 10
3 10
5 10
0 11
1 11
9 11
0 12
1 12
3 12
4 13
6 13
7 13
10 13
11 13
12 13
4 14
6 14
7 14
10 14
11 14
12 14
16070 2 0 2 5 11 13 36
1 2
3 4
0 5
2 5
4 5
4 6
2 7
3 7
3 8
5 8
1 9
6 9
8 9
1 10
6 10
7 10
8 10
5 11
6 11
7 11
0 12
4 12
9 12
10 12
11 12
0 13
2 13
3 13
9 13
11 13
1 14
6 14
7 14
8 14
12 14
13 14
16072 5 0 4 5 9 12 36
1 2
2 4
4 7
5 7
0 9
4 9
5 9
6 9
1 10
3 10
7 10
8 10
9 10
2 11
3 11
6 11
7 11
8 11
0 12
1 12
4 12
5 12
6 12
8 12
0 13
2 13
3 13
5 13
6 13
8 13
0 14
1 14
3 14
6 14
7 14
8 14
16073 3 0 1 2 4 13 37
1 2
2 4
3 7
3 8
4 8
2 9
3 9
2 10
5 10
6 10
7 10
8 10
0 11
5 11
6 11
7 11
8 11
9 11
1 12
4 12
5 12
6 12
7 12
9 12
0 13
1 13
3 13
4 13
5 13
6 13
0 14
1 14
5 14
6 14
7 14
8 14
9 14
16077 5 0 1 2 10 11 36
1 2
2 4
0 6
5 7
6 7
3 8
4 8
6 8
7 9
8 9
1 10
7 10
8 10
0 11
2 11
3 11
5 11
9 11
10 11
0 12
1 12
3 12
4 12
7 12
2 13
5 13
6 13
9 13
10 13
12 13
1 14
3 14
4 14
5 14
6 14
9 14
16078 7 0 1 2 4 14 35
1 2
2 4
0 6
2 7
5 7
6 7
4 8
5 8
6 8
1 9
3 9
6 9
2 10
3 10
6 10
7 11
8 11
9 11
10 11
4 12
5 12
9 12
10 12
0 13
1 13
3 13
7 13
8 13
12 13
0 14
1 14
3 14
4 14
5 14
11 14
16079 3 0 1 6 7 8 35
1 2
2 4
0 6
0 7
5 7
1 8
3 8
4 8
6 8
7 8
2 9
5 9
4 10
5 10
6 10
3 11
7 11
9 11
10 11
2 12
5 12
6 12
11 12
0 13
1 13
3 13
4 13
9 13
12 13
0 14
1 14
3 14
9 14
10 14
12 14
16082 6 0 1 3 9 11 35
1 2
2 4
4 5
4 6
3 7
4 7
2 8
3 8
0 9
1 9
3 9
5 9
6 9
0 10
2 10
5 10
1 11
3 11
5 11
6 12
7 12
8 12
10 12
11 12
6 13
7 13
8 13
10 13
11 13
0 14
1 14
5 14
6 14
7 14
8 14
16113 5 0 3 6 9 12 37
1 2
2 4
3 4
3 5
0 9
1 9
3 9
6 9
2 10
5 10
7 10
8 10
9 10
4 11
5 11
6 11
7 11
8 11
0 12
2 12
3 12
6 12
7 12
8 12
1 13
4 13
5 13
6 13
7 13
8 13
0 14
1 14
4 14
5 14
6 14
7 14
8 14
16109 6 1 2 3 4 9 34
1 2
2 4
3 4
5 6
5 7
4 8
1 9
3 9
6 9
7 9
8 9
0 10
1 10
5 10
8 10
0 11
3 11
6 11
7 11
2 12
5 12
8 12
11 12
4 13
6 13
7 13
10 13
12 13
0 14
2 14
3 14
6 14
7 14
8 14
16115 4 1 2 3 4 10 39
1 2
2 4
3 4
2 5
1 6
1 9
4 9
5 9
7 9
8 9
1 10
4 10
0 11
4 11
5 11
6 11
7 11
8 11
0 12
2 12
3 12
6 12
7 12
8 12
10 12
0 13
3 13
5 13
6 13
7 13
8 13
10 13
0 14
3 14
5 14
6 14
7 14
8 14
10 14
16123 6 1 2 4 6 7 34
1 2
1 4
4 6
2 7
3 7
6 7
0 8
1 8
5 9
7 9
8 9
5 10
6 10
8 10
3 11
4 11
5 11
8 11
2 12
9 12
10 12
11 12
0 13
1 13
3 13
5 13
6 13
12 13
0 14
2 14
3 14
4 14
9 14
10 14
16130 4 1 2 4 10 12 36
1 2
1 4
1 6
3 6
5 6
5 7
5 8
6 9
2 10
4 10
7 10
8 10
9 10
0 11
4 11
6 11
7 11
8 11
0 12
2 12
3 12
4 12
5 12
9 12
0 13
1 13
3 13
7 13
8 13
9 13
0 14
2 14
3 14
7 14
8 14
9 14
15934 2 0 1 2 5 7 37
1 2
1 5
4 5
0 7
5 7
2 8
6 8
7 8
2 9
3 9
6 9
5 10
8 10
9 10
5 11
8 11
9 11
3 12
4 12
6 12
7 12
10 12
11 12
1 13
3 13
4 13
6 13
7 13
10 13
11 13
0 14
2 14
3 14
4 14
6 14
10 14
11 14
16132 3 0 1 2 4 12 36
1 2
1 4
0 6
1 6
5 7
6 7
4 8
5 8
6 8
3 9
7 9
8 9
2 10
3 10
4 10
0 11
1 11
5 11
9 11
10 11
0 12
2 12
3 12
4 12
7 12
5 13
6 13
9 13
10 13
12 13
2 14
3 14
7 14
8 14
11 14
13 14
16133 1 0 3 6 10 13 37
1 2
1 4
4 5
2 7
4 7
4 8
2 9
0 10
2 10
3 10
5 10
6 10
1 11
3 11
5 11
6 11
8 11
9 11
3 12
5 12
6 12
7 12
8 12
9 12
0 13
3 13
6 13
7 13
8 13
9 13
0 14
1 14
5 14
6 14
7 14
8 14
9 14
16140 6 0 3 6 10 13 35
1 2
1 4
0 5
1 7
5 7
6 7
4 8
5 8
2 9
3 9
5 9
6 9
0 10
3 10
4 10
6 10
4 11
9 11
2 12
7 12
8 12
10 12
11 12
0 13
1 13
3 13
6 13
8 13
11 13
0 14
2 14
3 14
7 14
8 14
11 14
16138 3 0 1 2 4 5 36
1 2
1 4
2 5
4 5
0 6
4 6
4 7
5 8
6 8
7 8
2 9
3 9
7 9
2 10
3 10
6 10
1 11
8 11
9 11
10 11
4 12
8 12
9 12
10 12
0 13
3 13
5 13
7 13
11 13
12 13
3 14
5 14
6 14
7 14
11 14
12 14
16146 5 1 2 4 7 11 33
1 2
1 4
3 4
3 6
2 7
6 7
1 8
5 8
6 8
4 9
5 9
7 9
5 10
6 10
0 11
4 11
7 11
10 11
0 12
8 12
9 12
10 12
2 13
3 13
5 13
11 13
12 13
0 14
2 14
3 14
8 14
9 14
10 14
16149 4 0 1 2 7 11 36
1 2
1 4
3 4
1 5
3 6
5 6
2 7
6 7
6 8
4 9
5 9
8 9
4 10
7 10
8 10
0 11
2 11
3 11
9 11
10 11
0 12
3 12
5 12
7 12
8 12
2 13
6 13
9 13
10 13
12 13
4 14
5 14
7 14
8 14
11 14
13 14
16166 4 1 2 7 8 9 37
1 2
0 4
3 5
4 5
4 6
1 7
3 7
2 8
6 8
7 8
1 9
5 9
8 9
1 10
5 10
6 10
0 11
2 11
6 11
7 11
9 11
0 12
5 12
6 12
7 12
2 13
3 13
4 13
9 13
10 13
12 13
3 14
4 14
8 14
10 14
11 14
12 14
16148 5 1 2 4 5 6 35
1 2
1 4
3 4
2 5
0 6
4 6
5 6
0 7
2 7
3 8
5 8
7 8
4 9
7 9
3 10
7 10
1 11
5 11
9 11
10 11
6 12
8 12
9 12
10 12
0 13
2 13
3 13
11 13
12 13
1 14
6 14
8 14
9 14
10 14
13 14
16173 5 2 3 4 5 6 36
1 2
0 4
2 5
3 5
4 5
2 6
3 6
4 6
4 7
1 8
4 8
2 9
1 10
6 10
3 11
7 11
8 11
9 11
10 11
3 12
7 12
8 12
9 12
10 12
0 13
1 13
5 13
6 13
7 13
9 13
0 14
5 14
7 14
8 14
9 14
10 14
16186 6 0 1 2 5 10 36
1 2
0 4
3 4
0 5
1 5
2 6
3 6
5 6
5 7
2 10
4 10
5 10
8 10
9 10
1 11
3 11
7 11
8 11
9 11
4 12
6 12
7 12
8 12
9 12
0 13
2 13
3 13
7 13
8 13
9 13
1 14
4 14
6 14
7 14
8 14
9 14
16188 5 0 1 2 4 5 36
1 2
0 4
2 4
1 5
0 9
3 9
5 9
1 10
6 10
7 10
8 10
9 10
2 11
6 11
7 11
8 11
9 11
3 12
4 12
5 12
6 12
7 12
8 12
3 13
4 13
5 13
6 13
7 13
8 13
0 14
2 14
3 14
5 14
6 14
7 14
8 14
16192 5 0 1 2 5 8 36
1 2
0 4
2 4
3 4
0 5
1 5
5 6
5 7
2 8
3 8
5 8
1 9
1 10
3 10
2 11
3 11
6 11
7 11
9 11
4 12
6 12
7 12
9 12
10 12
0 13
6 13
7 13
8 13
9 13
10 13
4 14
6 14
7 14
8 14
9 14
10 14
16197 4 0 1 2 4 6 37
1 2
0 4
1 4
4 5
2 6
4 6
3 7
3 8
5 9
7 9
8 9
2 10
5 10
7 10
8 10
0 11
1 11
3 11
6 11
9 11
10 11
0 12
5 12
6 12
7 12
8 12
2 13
3 13
4 13
9 13
12 13
1 14
5 14
6 14
7 14
8 14
13 14
16198 6 0 2 3 13 14 36
1 2
0 4
1 4
4 5
2 6
3 6
4 6
3 7
4 7
1 8
1 9
6 9
5 10
7 10
8 10
9 10
5 11
7 11
8 11
9 11
5 12
6 12
7 12
8 12
0 13
2 13
3 13
10 13
11 13
12 13
0 14
2 14
3 14
5 14
8 14
9 14
16200 3 0 1 2 4 6 37
1 2
0 4
1 4
3 5
4 5
2 6
3 6
4 6
4 7
6 8
7 8
3 9
7 9
5 10
8 10
9 10
0 11
1 11
3 11
7 11
10 11
0 12
2 12
5 12
8 12
9 12
1 13
6 13
7 13
10 13
12 13
2 14
5 14
8 14
9 14
11 14
13 14
16126 6 0 1 2 4 7 36
1 2
1 4
3 6
5 6
0 7
1 7
6 8
7 8
2 9
3 9
8 9
0 10
1 10
6 10
0 11
2 11
3 11
8 11
4 12
5 12
7 12
9 12
10 12
11 12
4 13
5 13
7 13
9 13
10 13
11 13
2 14
3 14
4 14
5 14
8 14
10 14
16201 4 0 1 2 4 5 37
1 2
0 4
1 4
2 5
3 5
4 5
5 6
5 7
3 8
1 9
3 9
1 10
6 10
7 10
8 10
0 11
2 11
3 11
10 11
0 12
2 12
6 12
7 12
8 12
9 12
4 13
6 13
7 13
8 13
9 13
11 13
4 14
6 14
7 14
8 14
9 14
11 14
16202 3 0 1 2 4 7 38
1 2
0 4
1 4
1 5
0 7
2 7
3 7
6 7
1 8
3 8
6 8
2 9
3 9
6 9
2 10
4 10
6 10
3 11
4 11
6 11
5 12
7 12
8 12
9 12
10 12
11 12
5 13
7 13
8 13
9 13
10 13
11 13
0 14
5 14
8 14
9 14
10 14
11 14
16209 5 0 1 2 3 13 34
1 2
2 3
2 8
6 8
7 8
2 9
4 9
5 9
4 10
5 10
8 10
1 11
6 11
7 11
9 11
10 11
1 12
3 12
4 12
5 12
6 12
7 12
0 13
3 13
6 13
7 13
9 13
10 13
0 14
3 14
4 14
5 14
8 14
11 14
16215 5 1 2 3 8 9 38
1 2
2 3
0 8
2 8
4 8
5 8
1 9
3 9
6 9
7 9
8 9
0 10
1 10
2 11
4 11
5 11
6 11
7 11
10 11
3 12
4 12
5 12
6 12
7 12
10 12
3 13
4 13
5 13
6 13
7 13
10 13
0 14
1 14
3 14
4 14
5 14
6 14
7 14
16253 4 1 2 5 6 10 40
1 2
2 3
2 5
0 6
1 6
5 6
5 7
5 8
5 9
2 10
4 10
6 10
7 10
8 10
9 10
0 11
3 11
4 11
7 11
8 11
9 11
1 12
3 12
4 12
7 12
8 12
9 12
3 13
4 13
6 13
7 13
8 13
9 13
0 14
1 14
3 14
4 14
7 14
8 14
9 14
16193 5 0 1 5 6 13 36
1 2
0 4
2 4
3 4
0 5
1 5
3 6
5 6
3 7
2 10
3 10
5 10
8 10
9 10
4 11
5 11
7 11
8 11
9 11
2 12
6 12
7 12
8 12
9 12
0 13
1 13
6 13
7 13
8 13
9 13
1 14
4 14
6 14
7 14
8 14
9 14
16257 5 0 1 2 5 11 35
1 2
2 3
0 5
2 5
0 6
3 6
2 7
4 7
3 8
3 9
4 9
0 10
1 10
4 10
8 10
1 11
4 11
5 11
8 11
6 12
7 12
9 12
10 12
11 12
5 13
6 13
7 13
8 13
9 13
1 14
5 14
6 14
7 14
8 14
9 14
16292 3 1 2 3 4 13 39
1 2
2 3
2 4
2 5
1 6
3 6
5 6
4 7
6 7
0 8
3 8
5 9
7 9
8 9
5 10
7 10
8 10
5 11
7 11
8 11
0 12
4 12
6 12
9 12
10 12
11 12
1 13
3 13
4 13
9 13
10 13
11 13
0 14
1 14
3 14
4 14
9 14
10 14
11 14
16303 4 1 2 4 7 13 35
1 2
2 3
1 4
0 6
1 7
6 7
4 8
6 8
6 9
0 10
3 10
4 10
7 10
2 11
5 11
8 11
9 11
10 11
3 12
5 12
7 12
8 12
9 12
0 13
2 13
4 13
5 13
7 13
9 13
0 14
1 14
3 14
5 14
8 14
9 14
15086 2 0 2 3 4 11 36
0 3
0 4
2 4
1 5
3 5
5 6
3 9
6 9
7 9
8 9
1 10
4 10
6 10
7 10
8 10
2 11
3 11
7 11
8 11
4 12
5 12
9 12
11 12
1 13
2 13
6 13
7 13
8 13
12 13
0 14
1 14
2 14
6 14
7 14
8 14
12 14
16340 5 0 1 2 3 14 34
1 2
1 3
6 7
0 8
7 9
8 9
1 10
4 10
5 10
6 10
9 10
2 11
4 11
7 11
8 11
0 12
3 12
5 12
6 12
9 12
11 12
2 13
3 13
4 13
5 13
7 13
8 13
0 14
2 14
3 14
4 14
5 14
6 14
9 14
16344 5 0 1 2 4 13 34
1 2
1 3
4 7
7 8
3 9
5 9
7 9
2 10
6 10
8 10
9 10
1 11
4 11
6 11
8 11
9 11
0 12
3 12
5 12
7 12
10 12
11 12
0 13
2 13
4 13
5 13
6 13
8 13
2 14
3 14
4 14
5 14
6 14
8 14
16317 5 0 2 3 4 11 35
1 2
2 3
0 4
2 4
3 7
5 7
6 7
4 8
5 8
6 8
4 9
6 9
2 10
0 11
3 11
5 11
9 11
10 11
1 12
7 12
8 12
9 12
10 12
0 13
1 13
3 13
5 13
6 13
10 13
0 14
1 14
7 14
8 14
9 14
10 14
16366 4 1 2 3 8 9 39
1 2
1 3
0 7
1 7
2 8
3 8
2 9
3 9
4 10
5 10
6 10
7 10
8 10
9 10
4 11
5 11
6 11
7 11
8 11
9 11
4 12
5 12
6 12
7 12
8 12
9 12
0 13
2 13
3 13
4 13
5 13
6 13
0 14
1 14
4 14
5 14
6 14
8 14
9 14
15320 3 0 1 2 3 14 41
0 3
1 3
2 3
4 5
4 6
4 7
4 8
3 9
5 9
6 9
7 9
8 9
0 10
1 10
4 10
9 10
2 11
5 11
6 11
7 11
8 11
10 11
2 12
5 12
6 12
7 12
8 12
10 12
0 13
1 13
5 13
6 13
7 13
8 13
0 14
1 14
2 14
5 14
6 14
7 14
8 14
15101 3 0 1 3 4 11 35
0 3
0 4
1 4
3 5
4 7
5 8
6 8
7 8
2 9
3 9
6 9
7 9
2 10
5 10
6 10
7 10
1 11
3 11
8 11
1 12
8 12
9 12
10 12
2 13
4 13
5 13
6 13
11 13
12 13
0 14
2 14
5 14
6 14
7 14
11 14
16384 5 0 3 4 11 12 36
1 2
1 3
3 6
2 7
5 8
6 8
7 8
4 9
5 9
6 9
7 9
2 10
4 10
5 10
6 10
0 11
3 11
4 11
5 11
7 11
0 12
2 12
3 12
4 12
8 12
0 13
1 13
8 13
9 13
10 13
0 14
1 14
4 14
5 14
6 14
7 14
15570 7 1 2 9 10 12 36
1 2
4 6
5 6
4 7
5 7
0 8
3 8
4 8
5 8
1 9
6 9
8 9
2 10
3 10
4 10
5 10
9 10
1 11
3 11
4 11
5 11
0 12
2 12
7 12
9 12
11 12
0 13
2 13
3 13
6 13
7 13
0 14
1 14
3 14
6 14
7 14
16405 5 0 1 4 6 14 36
1 2
1 3
0 6
1 6
4 6
5 6
5 7
5 8
2 9
3 9
4 10
7 10
8 10
9 10
6 11
7 11
8 11
9 11
0 12
2 12
3 12
5 12
10 12
11 12
0 13
2 13
3 13
4 13
7 13
8 13
0 14
1 14
4 14
7 14
8 14
9 14
16411 5 0 1 2 10 11 35
1 2
1 3
4 5
3 6
3 7
4 7
2 8
4 8
0 9
3 9
5 9
8 9
0 10
2 10
4 10
6 10
1 11
9 11
10 11
5 12
6 12
7 12
8 12
11 12
2 13
5 13
6 13
7 13
11 13
0 14
1 14
5 14
6 14
7 14
8 14
16349 5 1 2 3 7 8 38
1 2
1 3
3 7
2 8
3 8
0 9
1 9
4 10
5 10
6 10
7 10
8 10
9 10
4 11
5 11
6 11
7 11
8 11
9 11
2 12
4 12
5 12
6 12
7 12
9 12
0 13
2 13
3 13
4 13
5 13
6 13
0 14
1 14
4 14
5 14
6 14
7 14
8 14
16427 5 0 1 2 6 7 35
1 2
1 3
2 5
0 6
2 6
4 6
0 7
2 7
5 8
5 9
1 10
6 10
8 10
9 10
3 11
4 11
7 11
8 11
9 11
3 12
4 12
7 12
8 12
9 12
0 13
3 13
4 13
5 13
10 13
1 14
6 14
7 14
8 14
9 14
13 14
16441 3 0 2 5 7 11 35
1 2
1 3
3 4
3 6
0 7
2 7
5 7
6 7
5 8
6 8
4 9
6 9
4 10
5 10
2 11
4 11
5 11
0 12
1 12
8 12
9 12
10 12
11 12
0 13
2 13
3 13
8 13
9 13
10 13
1 14
7 14
8 14
9 14
10 14
11 14
16446 5 0 1 2 8 12 36
1 2
1 3
3 4
0 6
1 6
3 7
6 7
1 8
2 9
7 9
2 10
7 10
0 11
3 11
5 11
8 11
9 11
10 11
0 12
2 12
4 12
5 12
7 12
8 12
4 13
5 13
6 13
8 13
9 13
10 13
4 14
5 14
6 14
8 14
9 14
10 14
16418 6 1 2 3 7 11 36
1 2
1 3
3 5
3 6
2 7
4 8
6 8
7 8
4 9
6 9
7 9
1 10
5 10
8 10
9 10
0 11
3 11
4 11
7 11
10 11
0 12
2 12
4 12
5 12
6 12
0 13
2 13
5 13
8 13
9 13
0 14
1 14
4 14
5 14
6 14
7 14
16452 3 1 2 3 4 6 39
1 2
1 3
2 4
4 5
3 6
4 6
2 9
3 9
7 9
8 9
4 10
9 10
0 11
3 11
5 11
7 11
8 11
10 11
0 12
1 12
5 12
6 12
7 12
8 12
10 12
0 13
1 13
5 13
6 13
7 13
8 13
10 13
0 14
2 14
5 14
6 14
7 14
8 14
10 14
16449 4 0 3 4 8 9 35
1 2
1 3
3 4
2 5
5 6
0 7
6 7
0 8
4 8
5 8
3 9
8 9
2 10
7 10
9 10
1 11
6 11
8 11
10 11
0 12
3 12
6 12
10 12
2 13
4 13
7 13
9 13
11 13
12 13
1 14
4 14
5 14
7 14
9 14
12 14
16454 6 1 2 3 4 6 35
1 2
1 3
2 4
3 5
4 5
3 6
4 6
4 7
2 8
0 9
3 9
7 9
8 9
0 10
2 10
5 10
1 11
5 11
9 11
6 12
7 12
8 12
10 12
11 12
6 13
7 13
8 13
10 13
11 13
0 14
1 14
5 14
6 14
7 14
8 14
16371 7 0 1 6 7 8 37
1 2
1 3
0 7
1 7
6 7
0 8
1 8
4 8
5 8
6 8
0 9
2 9
4 9
3 10
5 10
6 10
9 10
3 11
5 11
6 11
9 11
2 12
4 12
7 12
10 12
11 12
2 13
3 13
4 13
5 13
7 13
0 14
2 14
3 14
4 14
5 14
6 14
16484 4 0 7 8 9 10 37
1 2
1 3
1 4
1 5
0 7
5 8
6 8
7 8
5 9
6 9
7 9
0 10
2 10
8 10
9 10
2 11
3 11
4 11
6 11
7 11
2 12
3 12
4 12
5 12
6 12
3 13
4 13
5 13
6 13
7 13
10 13
0 14
2 14
3 14
4 14
8 14
9 14
16506 3 0 1 2 3 11 36
1 2
1 3
0 4
4 5
2 6
4 6
2 9
3 10
4 10
7 10
8 10
9 10
2 11
3 11
5 11
7 11
8 11
3 12
5 12
6 12
7 12
8 12
9 12
0 13
5 13
6 13
7 13
8 13
9 13
0 14
1 14
5 14
6 14
7 14
8 14
9 14
16455 3 1 2 4 5 9 36
1 2
1 3
2 4
0 5
4 5
2 6
4 7
4 8
1 9
5 9
7 9
8 9
0 10
3 10
6 10
7 10
3 11
5 11
6 11
8 11
2 12
9 12
10 12
11 12
0 13
1 13
6 13
7 13
8 13
12 13
0 14
3 14
6 14
7 14
8 14
12 14
16520 3 0 4 5 6 7 35
1 2
1 3
0 4
2 4
0 5
4 7
5 7
6 7
3 8
5 8
6 8
2 9
6 9
3 10
4 10
1 11
5 11
9 11
10 11
7 12
8 12
9 12
10 12
0 13
2 13
3 13
6 13
11 13
12 13
0 14
1 14
7 14
8 14
9 14
10 14
16532 4 0 1 2 4 5 37
1 2
1 3
0 4
1 4
2 5
4 5
3 6
4 6
5 9
6 9
7 9
8 9
2 10
3 10
7 10
8 10
0 11
2 11
6 11
7 11
8 11
0 12
3 12
5 12
7 12
8 12
4 13
9 13
10 13
11 13
12 13
1 14
5 14
6 14
7 14
8 14
13 14
16240 4 0 1 2 3 13 39
1 2
2 3
0 6
1 6
2 7
6 7
7 8
7 9
7 10
2 11
4 11
5 11
6 11
8 11
9 11
10 11
3 12
4 12
5 12
6 12
8 12
9 12
10 12
0 13
1 13
3 13
4 13
5 13
8 13
9 13
10 13
0 14
1 14
3 14
4 14
5 14
8 14
9 14
10 14
16539 5 0 1 2 3 8 38
1 2
0 3
2 8
3 8
0 9
4 9
5 9
8 9
1 10
3 10
6 10
7 10
9 10
2 11
3 11
4 11
5 11
6 11
7 11
1 12
4 12
5 12
6 12
7 12
8 12
0 13
2 13
4 13
5 13
6 13
7 13
0 14
1 14
4 14
5 14
6 14
7 14
8 14
16541 4 3 4 5 8 12 36
1 2
0 3
5 7
6 7
1 8
3 8
4 8
5 8
6 9
8 9
0 10
2 10
4 10
7 10
9 10
2 11
3 11
5 11
6 11
2 12
3 12
4 12
5 12
6 12
0 13
1 13
7 13
9 13
11 13
12 13
0 14
1 14
4 14
7 14
9 14
11 14
16546 6 0 2 3 7 10 36
1 2
0 3
2 7
3 7
5 8
6 8
7 8
3 9
5 9
6 9
2 10
3 10
4 10
5 10
6 10
1 11
4 11
5 11
6 11
7 11
0 12
2 12
4 12
8 12
9 12
0 13
1 13
4 13
8 13
9 13
0 14
1 14
4 14
5 14
6 14
7 14
16555 6 0 3 6 11 12 36
1 2
0 3
3 6
2 7
4 8
5 8
6 8
7 8
4 9
5 9
6 9
7 9
2 10
3 10
4 10
5 10
0 11
2 11
4 11
6 11
1 12
3 12
5 12
7 12
11 12
0 13
1 13
8 13
9 13
10 13
0 14
1 14
4 14
5 14
6 14
7 14
16559 1 0 1 2 3 11 35
1 2
0 3
2 6
3 8
4 8
7 8
4 9
5 9
6 9
0 10
5 10
6 10
7 10
0 11
2 11
8 11
9 11
2 12
8 12
9 12
10 12
1 13
3 13
4 13
5 13
7 13
11 13
12 13
1 14
3 14
4 14
5 14
6 14
7 14
12 14
16571 6 0 3 5 11 12 36
1 2
0 3
3 5
3 6
2 7
4 8
6 8
7 8
4 9
5 9
6 9
7 9
2 10
4 10
5 10
6 10
1 11
3 11
4 11
7 11
0 12
2 12
5 12
8 12
11 12
0 13
1 13
8 13
9 13
10 13
0 14
1 14
4 14
5 14
6 14
7 14
16572 6 1 2 7 11 12 36
1 2
0 3
3 5
3 6
2 7
4 8
5 8
6 8
7 8
3 9
4 9
7 9
2 10
4 10
5 10
6 10
1 11
4 11
6 11
7 11
0 12
2 12
5 12
9 12
11 12
0 13
1 13
8 13
9 13
10 13
0 14
1 14
4 14
5 14
6 14
7 14
16573 4 3 4 9 10 11 36
1 2
0 3
3 5
2 6
4 6
5 6
5 7
5 8
1 9
3 9
4 9
7 9
9 10
2 11
3 11
4 11
8 11
10 11
0 12
2 12
4 12
7 12
8 12
10 12
0 13
1 13
6 13
7 13
8 13
10 13
0 14
1 14
6 14
7 14
8 14
10 14
16574 6 0 3 8 10 12 36
1 2
0 3
3 5
1 6
4 6
5 6
5 7
3 8
5 9
2 10
3 10
6 10
9 10
2 11
4 11
7 11
8 11
9 11
0 12
1 12
4 12
7 12
8 12
10 12
0 13
1 13
4 13
7 13
8 13
9 13
0 14
2 14
6 14
7 14
8 14
9 14
16586 4 0 3 4 9 10 38
1 2
0 3
3 4
2 6
2 9
3 9
7 9
8 9
0 10
4 10
5 10
6 10
9 10
1 11
3 11
5 11
6 11
7 11
8 11
1 12
4 12
5 12
6 12
7 12
8 12
0 13
2 13
4 13
5 13
7 13
8 13
0 14
1 14
4 14
5 14
6 14
7 14
8 14
16620 5 0 1 2 9 10 38
1 2
0 3
0 4
1 4
4 5
2 8
4 8
1 9
0 10
2 10
5 10
6 10
7 10
9 10
3 11
5 11
6 11
7 11
8 11
9 11
3 12
5 12
6 12
7 12
8 12
9 12
2 13
3 13
4 13
6 13
7 13
9 13
1 14
3 14
5 14
6 14
7 14
8 14
16621 4 1 2 4 7 14 38
1 2
0 3
0 4
1 4
4 5
5 6
2 7
4 7
6 7
1 8
6 8
2 9
3 9
8 9
0 10
6 10
9 10
4 11
6 11
9 11
3 12
5 12
7 12
8 12
10 12
11 12
2 13
3 13
5 13
8 13
10 13
11 13
1 14
3 14
5 14
7 14
10 14
11 14
16625 4 0 1 2 3 9 38
1 2
0 3
2 3
0 8
0 9
2 9
4 9
5 9
1 10
4 10
5 10
6 10
7 10
8 10
2 11
4 11
5 11
6 11
7 11
8 11
3 12
4 12
5 12
6 12
7 12
8 12
1 13
3 13
6 13
7 13
8 13
9 13
0 14
1 14
4 14
5 14
6 14
7 14
16627 5 0 1 2 3 13 36
1 2
0 3
2 3
3 7
3 8
4 8
5 8
6 8
2 9
4 9
5 9
6 9
7 9
1 10
7 10
8 10
1 11
5 11
6 11
7 11
0 12
4 12
5 12
6 12
10 12
0 13
2 13
4 13
10 13
11 13
0 14
1 14
4 14
5 14
6 14
7 14
16628 3 0 1 2 3 9 39
1 2
0 3
2 3
3 7
0 8
0 9
2 9
3 10
4 10
5 10
6 10
8 10
9 10
2 11
4 11
5 11
6 11
7 11
8 11
0 12
1 12
4 12
5 12
6 12
7 12
1 13
4 13
5 13
6 13
7 13
8 13
9 13
1 14
4 14
5 14
6 14
7 14
8 14
9 14
16630 5 0 2 3 7 14 38
1 2
0 3
2 3
3 7
0 8
0 9
1 9
7 9
2 10
4 10
5 10
6 10
8 10
9 10
3 11
4 11
5 11
6 11
8 11
9 11
1 12
4 12
5 12
6 12
7 12
8 12
1 13
4 13
5 13
6 13
7 13
8 13
0 14
2 14
4 14
5 14
6 14
7 14
16632 4 0 1 2 3 9 38
1 2
0 3
2 3
3 7
0 8
1 8
0 9
2 9
4 10
5 10
6 10
7 10
8 10
9 10
4 11
5 11
6 11
7 11
8 11
9 11
2 12
4 12
5 12
6 12
7 12
8 12
1 13
3 13
4 13
5 13
6 13
9 13
0 14
1 14
4 14
5 14
6 14
7 14
16633 4 0 1 2 3 9 38
1 2
0 3
2 3
3 7
0 8
1 8
0 9
2 9
4 10
5 10
6 10
7 10
8 10
9 10
1 11
4 11
5 11
6 11
7 11
9 11
3 12
4 12
5 12
6 12
8 12
9 12
2 13
4 13
5 13
6 13
7 13
8 13
0 14
1 14
4 14
5 14
6 14
7 14
16634 3 0 1 2 3 9 39
1 2
0 3
2 3
1 7
2 8
1 9
3 9
4 10
5 10
6 10
7 10
8 10
9 10
3 11
4 11
5 11
6 11
7 11
8 11
0 12
1 12
4 12
5 12
6 12
8 12
0 13
4 13
5 13
6 13
7 13
8 13
9 13
0 14
2 14
4 14
5 14
6 14
7 14
9 14
16635 5 0 2 3 7 11 37
1 2
0 3
2 3
1 7
5 7
6 7
1 8
0 9
7 9
0 10
1 10
4 10
5 10
6 10
0 11
2 11
4 11
7 11
8 11
3 12
4 12
5 12
6 12
8 12
9 12
3 13
4 13
5 13
6 13
8 13
9 13
2 14
4 14
5 14
6 14
8 14
9 14
16551 6 0 1 4 7 14 35
1 2
0 3
0 7
1 7
4 7
5 7
6 7
2 8
3 8
6 8
5 9
6 9
1 10
4 10
9 10
2 11
3 11
4 11
9 11
0 12
5 12
8 12
10 12
11 12
2 13
3 13
5 13
6 13
10 13
0 14
1 14
4 14
8 14
9 14
13 14
16638 3 0 2 3 9 11 38
1 2
0 3
2 3
4 6
5 6
0 7
6 7
2 8
5 8
7 8
0 9
2 9
4 9
6 10
8 10
9 10
3 11
6 11
8 11
9 11
1 12
4 12
5 12
7 12
10 12
11 12
0 13
1 13
4 13
5 13
10 13
11 13
1 14
3 14
4 14
5 14
7 14
10 14
16524 5 0 1 2 4 13 38
1 2
1 3
0 4
1 4
3 8
2 9
3 9
4 10
5 10
6 10
7 10
8 10
9 10
4 11
5 11
6 11
7 11
8 11
9 11
0 12
2 12
3 12
5 12
6 12
7 12
0 13
2 13
5 13
6 13
7 13
8 13
0 14
1 14
5 14
6 14
7 14
8 14
9 14
16254 6 1 2 3 6 11 35
1 2
2 3
2 5
4 5
3 6
5 7
6 7
5 8
6 8
3 9
4 9
2 10
4 10
1 11
6 11
9 11
10 11
0 12
3 12
4 12
7 12
8 12
11 12
0 13
1 13
7 13
8 13
9 13
10 13
0 14
1 14
7 14
8 14
9 14
10 14
16640 6 0 1 2 3 13 36
1 2
0 3
2 3
3 6
2 7
4 8
5 8
6 8
7 8
4 9
5 9
6 9
7 9
3 10
4 10
5 10
1 11
6 11
7 11
10 11
0 12
2 12
4 12
5 12
11 12
0 13
1 13
8 13
9 13
10 13
0 14
1 14
4 14
5 14
6 14
7 14
16646 4 0 1 2 3 7 39
1 2
0 3
2 3
3 5
3 6
4 6
1 7
3 7
0 8
6 8
7 8
0 9
1 9
4 9
5 9
6 10
7 10
9 10
6 11
7 11
9 11
2 12
4 12
5 12
8 12
10 12
11 12
2 13
4 13
5 13
8 13
10 13
11 13
1 14
4 14
5 14
8 14
10 14
11 14
16644 3 0 1 2 3 9 38
1 2
0 3
2 3
4 5
1 6
3 7
5 7
2 8
5 8
0 9
1 9
5 9
4 10
6 10
7 10
8 10
9 10
1 11
5 11
10 11
3 12
4 12
6 12
8 12
9 12
11 12
0 13
4 13
6 13
7 13
8 13
11 13
0 14
2 14
4 14
6 14
7 14
11 14
16649 5 1 2 3 6 7 35
1 2
0 3
2 3
2 5
3 6
2 7
6 7
5 8
6 8
1 9
4 9
6 9
5 10
9 10
3 11
4 11
8 11
10 11
0 12
5 12
7 12
9 12
11 12
0 13
1 13
4 13
7 13
8 13
10 13
0 14
1 14
4 14
7 14
8 14
10 14
16651 5 0 2 3 11 13 37
1 2
0 3
2 3
1 5
4 5
1 6
1 7
3 8
5 8
0 9
5 9
0 10
4 10
6 10
7 10
8 10
0 11
2 11
5 11
4 12
6 12
7 12
8 12
9 12
11 12
3 13
4 13
6 13
7 13
9 13
11 13
2 14
4 14
6 14
7 14
8 14
9 14
16653 6 1 2 3 4 8 35
1 2
0 3
2 3
0 5
2 7
4 7
5 7
6 7
1 8
3 8
4 8
2 9
3 10
5 11
6 11
8 11
9 11
10 11
0 12
7 12
8 12
9 12
10 12
0 13
1 13
4 13
6 13
9 13
10 13
1 14
4 14
5 14
6 14
9 14
10 14
16658 2 0 1 2 3 4 37
1 2
0 3
2 3
3 4
2 5
5 6
4 7
5 7
2 8
4 9
4 10
5 10
0 11
1 11
6 11
8 11
9 11
10 11
1 12
6 12
7 12
8 12
9 12
10 12
3 13
6 13
7 13
8 13
9 13
10 13
0 14
1 14
6 14
7 14
8 14
9 14
10 14
16664 4 0 1 2 3 7 39
1 2
0 3
2 3
0 4
2 5
1 7
3 7
0 8
1 8
5 8
6 8
3 9
8 9
3 10
8 10
2 11
4 11
6 11
7 11
9 11
10 11
4 12
5 12
6 12
7 12
9 12
10 12
4 13
5 13
6 13
7 13
9 13
10 13
1 14
4 14
5 14
6 14
9 14
10 14
16650 3 0 1 2 3 9 38
1 2
0 3
2 3
1 5
3 6
4 6
5 6
2 7
1 8
4 8
7 8
0 9
1 9
7 9
6 10
8 10
9 10
6 11
8 11
9 11
3 12
4 12
5 12
7 12
10 12
11 12
0 13
4 13
5 13
7 13
10 13
11 13
0 14
2 14
4 14
5 14
10 14
11 14
16666 3 0 1 2 3 4 38
1 2
0 3
2 3
0 4
2 4
4 5
1 6
1 7
2 8
6 8
7 8
1 9
3 9
5 9
0 10
5 10
6 10
7 10
4 11
8 11
9 11
10 11
4 12
8 12
9 12
10 12
3 13
5 13
6 13
7 13
11 13
12 13
3 14
5 14
6 14
7 14
11 14
12 14
16400 6 2 4 5 10 14 35
1 2
1 3
0 6
3 6
2 7
3 8
7 8
6 9
7 9
2 10
4 10
5 10
6 10
1 11
8 11
9 11
10 11
0 12
3 12
4 12
5 12
7 12
11 12
0 13
1 13
4 13
5 13
8 13
9 13
0 14
2 14
4 14
5 14
8 14
9 14
16671 5 0 2 3 9 10 38
1 2
0 3
2 3
0 4
1 4
2 8
1 9
3 9
0 10
2 10
5 10
6 10
7 10
9 10
4 11
5 11
6 11
7 11
8 11
9 11
4 12
5 12
6 12
7 12
8 12
9 12
3 13
4 13
5 13
6 13
7 13
8 13
1 14
3 14
5 14
6 14
7 14
8 14
16672 5 0 1 2 3 14 38
1 2
0 3
2 3
0 4
1 4
1 8
2 9
4 9
0 10
5 10
6 10
7 10
8 10
9 10
3 11
5 11
6 11
7 11
8 11
9 11
3 12
4 12
5 12
6 12
7 12
8 12
2 13
4 13
5 13
6 13
7 13
8 13
1 14
3 14
5 14
6 14
7 14
9 14
16698 4 1 2 8 11 12 37
1 2
0 3
1 3
3 4
2 8
3 9
5 9
6 9
7 9
8 9
4 10
5 10
6 10
7 10
8 10
1 11
4 11
7 11
8 11
0 12
2 12
5 12
6 12
11 12
0 13
2 13
4 13
5 13
6 13
7 13
0 14
1 14
4 14
5 14
6 14
7 14
8 14
16704 4 0 1 2 3 10 36
1 2
0 3
1 3
2 4
3 6
4 6
5 6
2 7
5 7
4 8
5 9
0 10
1 10
7 10
8 10
9 10
3 11
7 11
8 11
9 11
1 12
4 12
5 12
11 12
0 13
2 13
6 13
8 13
9 13
12 13
0 14
6 14
7 14
8 14
9 14
12 14
16678 5 0 1 2 3 13 38
1 2
0 3
1 3
2 8
1 9
6 9
7 9
8 9
0 10
2 10
4 10
5 10
9 10
3 11
4 11
5 11
6 11
7 11
8 11
3 12
4 12
5 12
6 12
7 12
8 12
0 13
2 13
4 13
5 13
6 13
7 13
0 14
1 14
4 14
5 14
6 14
7 14
8 14
16552 5 1 2 3 9 10 37
1 2
0 3
5 6
5 7
0 8
4 8
5 8
1 9
3 9
4 9
5 9
1 10
3 10
4 10
6 10
7 10
0 11
2 11
4 11
6 11
7 11
2 12
6 12
7 12
8 12
9 12
2 13
3 13
6 13
7 13
8 13
0 14
1 14
4 14
5 14
12 14
13 14
16453 2 0 1 2 3 4 36
1 2
1 3
2 4
3 5
3 6
3 8
2 9
5 9
6 9
7 9
1 10
9 10
0 11
4 11
5 11
7 11
8 11
10 11
0 12
4 12
6 12
7 12
8 12
10 12
4 13
5 13
6 13
7 13
8 13
10 13
2 14
5 14
6 14
7 14
8 14
10 14
16708 5 0 1 3 6 10 38
1 2
0 3
1 3
2 4
3 4
3 5
5 6
4 7
5 7
1 8
4 8
6 9
7 9
8 9
0 10
1 10
4 10
6 10
0 11
6 11
7 11
8 11
3 12
6 12
7 12
8 12
2 13
5 13
9 13
10 13
11 13
12 13
2 14
5 14
9 14
10 14
11 14
12 14
16709 5 0 1 2 8 10 38
1 2
0 3
1 3
2 4
3 4
3 5
3 6
4 7
6 7
1 8
5 8
5 9
7 9
0 10
2 10
6 10
8 10
9 10
0 11
2 11
5 11
7 11
4 12
6 12
8 12
9 12
11 12
4 13
6 13
8 13
9 13
11 13
1 14
5 14
7 14
10 14
12 14
13 14
16750 4 2 4 5 10 11 38
0 2
0 8
3 8
7 8
1 9
3 9
6 9
7 9
2 10
4 10
5 10
6 10
8 10
2 11
4 11
5 11
8 11
9 11
0 12
1 12
4 12
5 12
6 12
7 12
0 13
1 13
3 13
4 13
5 13
6 13
7 13
1 14
2 14
3 14
4 14
5 14
6 14
7 14
16738 5 0 1 3 13 14 37
0 2
4 8
5 8
4 9
5 9
2 10
4 10
5 10
6 10
7 10
2 11
3 11
6 11
7 11
8 11
9 11
1 12
2 12
3 12
6 12
7 12
8 12
9 12
0 13
1 13
3 13
6 13
7 13
8 13
9 13
0 14
1 14
3 14
4 14
5 14
6 14
7 14
16752 6 0 2 6 8 9 36
0 2
0 8
1 8
2 9
6 9
7 9
8 9
3 10
4 10
5 10
8 10
1 11
2 11
6 11
7 11
10 11
0 12
3 12
4 12
5 12
9 12
11 12
0 13
1 13
3 13
4 13
5 13
6 13
7 13
1 14
2 14
3 14
4 14
5 14
6 14
7 14
16751 5 0 1 2 8 10 36
0 2
0 8
1 8
6 9
7 9
8 9
1 10
2 10
9 10
1 11
2 11
3 11
4 11
5 11
9 11
3 12
4 12
5 12
6 12
7 12
8 12
10 12
0 13
3 13
4 13
5 13
6 13
7 13
10 13
1 14
2 14
3 14
4 14
5 14
6 14
7 14
16755 3 0 1 7 8 9 39
0 2
0 8
1 8
5 8
7 8
0 9
1 9
6 9
7 9
2 10
3 10
4 10
5 10
9 10
2 11
3 11
4 11
6 11
8 11
2 12
3 12
4 12
5 12
6 12
7 12
1 13
2 13
3 13
4 13
5 13
6 13
7 13
0 14
1 14
3 14
4 14
5 14
6 14
7 14
15271 4 0 1 2 9 10 38
0 3
1 3
2 4
3 4
2 5
1 9
2 9
6 9
7 9
8 9
0 10
1 10
2 10
3 11
5 11
6 11
7 11
8 11
10 11
4 12
5 12
6 12
7 12
8 12
10 12
0 13
4 13
5 13
6 13
7 13
8 13
0 14
1 14
4 14
5 14
6 14
7 14
8 14
16707 5 0 1 2 10 14 38
1 2
0 3
1 3
2 4
3 4
4 5
4 6
1 9
4 9
7 9
8 9
0 10
2 10
9 10
0 11
2 11
5 11
6 11
7 11
8 11
3 12
5 12
6 12
7 12
8 12
10 12
3 13
5 13
6 13
7 13
8 13
10 13
1 14
5 14
6 14
7 14
8 14
10 14
16769 5 0 1 2 7 10 36
0 2
1 7
2 7
3 7
2 8
4 8
5 8
6 8
2 9
3 9
4 9
5 9
6 9
0 10
4 10
7 10
1 11
3 11
8 11
10 11
4 12
5 12
6 12
7 12
11 12
1 13
3 13
5 13
6 13
10 13
0 14
1 14
3 14
4 14
5 14
6 14
16767 4 0 1 2 7 8 40
0 2
1 7
2 7
1 8
2 8
0 9
0 10
1 10
3 10
4 10
5 10
6 10
1 11
2 11
3 11
4 11
5 11
6 11
9 11
3 12
4 12
5 12
6 12
7 12
8 12
9 12
3 13
4 13
5 13
6 13
7 13
8 13
9 13
3 14
4 14
5 14
6 14
7 14
8 14
9 14
16782 5 0 2 4 9 11 34
0 2
3 6
2 7
6 7
6 8
0 9
4 9
6 9
1 10
3 10
9 10
2 11
4 11
5 11
8 11
10 11
4 12
5 12
7 12
8 12
10 12
1 13
3 13
5 13
7 13
8 13
9 13
0 14
1 14
3 14
4 14
5 14
7 14
8 14
16785 3 0 3 4 7 12 36
0 2
3 6
4 6
5 6
0 7
3 7
4 7
1 8
2 8
3 8
4 8
5 9
8 9
2 10
5 10
7 10
1 11
6 11
9 11
10 11
0 12
1 12
3 12
4 12
9 12
2 13
5 13
7 13
11 13
12 13
0 14
1 14
6 14
9 14
10 14
13 14
16803 6 0 1 8 9 13 35
0 2
4 5
1 8
5 8
1 9
1 10
2 10
3 10
4 10
0 11
5 11
6 11
7 11
9 11
10 11
1 12
2 12
3 12
5 12
6 12
7 12
0 13
3 13
4 13
6 13
7 13
8 13
9 13
2 14
3 14
4 14
6 14
7 14
8 14
9 14
16790 5 0 2 6 7 10 34
0 2
2 6
3 6
0 7
1 8
2 8
0 9
6 10
7 10
8 10
9 10
3 11
4 11
5 11
8 11
9 11
1 12
4 12
5 12
6 12
7 12
9 12
1 13
2 13
3 13
4 13
5 13
7 13
0 14
1 14
3 14
4 14
5 14
10 14
16816 4 0 2 7 10 11 37
0 2
3 5
4 5
1 9
3 9
4 9
6 9
2 10
5 10
7 10
8 10
9 10
2 11
5 11
6 11
7 11
8 11
0 12
1 12
5 12
6 12
7 12
8 12
0 13
1 13
3 13
4 13
6 13
7 13
8 13
1 14
2 14
3 14
4 14
6 14
7 14
8 14
16828 4 0 2 3 9 11 36
0 2
1 5
5 6
5 7
0 9
4 9
5 9
8 9
1 10
4 10
7 10
8 10
2 11
3 11
6 11
9 11
10 11
2 12
3 12
4 12
6 12
7 12
8 12
0 13
1 13
3 13
6 13
7 13
8 13
1 14
2 14
3 14
4 14
6 14
7 14
8 14
16830 5 0 1 2 5 10 36
0 2
1 5
1 6
2 9
6 9
7 9
8 9
0 10
1 10
7 10
8 10
3 11
4 11
5 11
9 11
10 11
1 12
2 12
3 12
4 12
7 12
8 12
2 13
3 13
4 13
5 13
6 13
7 13
8 13
0 14
3 14
4 14
5 14
6 14
7 14
8 14
16758 7 5 6 7 8 11 36
0 2
5 7
6 7
5 8
6 8
2 9
3 9
4 9
0 10
1 10
5 10
6 10
9 10
2 11
3 11
4 11
5 11
6 11
1 12
2 12
3 12
4 12
7 12
8 12
0 13
1 13
3 13
4 13
7 13
8 13
0 14
1 14
7 14
8 14
9 14
11 14
16844 4 0 1 5 6 7 35
0 2
0 5
1 5
0 6
1 7
3 7
4 7
6 7
5 8
6 9
3 10
5 10
6 10
2 11
4 11
8 11
9 11
10 11
2 12
7 12
8 12
9 12
10 12
1 13
2 13
3 13
4 13
8 13
9 13
0 14
1 14
3 14
4 14
8 14
9 14
16847 4 0 1 2 5 12 38
0 2
3 4
2 8
3 8
4 9
5 9
6 9
7 9
8 9
4 10
5 10
6 10
7 10
8 10
4 11
5 11
6 11
7 11
8 11
1 12
2 12
3 12
5 12
6 12
7 12
0 13
1 13
3 13
9 13
10 13
11 13
0 14
1 14
4 14
5 14
6 14
7 14
8 14
16754 3 0 1 2 8 9 37
0 2
0 8
1 8
1 9
2 9
1 10
1 11
2 11
3 11
4 11
5 11
6 11
7 11
0 12
3 12
4 12
5 12
6 12
7 12
9 12
10 12
2 13
3 13
4 13
5 13
6 13
7 13
8 13
10 13
3 14
4 14
5 14
6 14
7 14
8 14
9 14
10 14
16848 2 0 2 3 7 11 38
0 2
3 4
4 6
2 7
3 7
2 8
3 8
5 8
6 8
4 9
8 9
2 10
4 10
0 11
1 11
3 11
5 11
9 11
10 11
1 12
5 12
6 12
7 12
9 12
10 12
1 13
5 13
6 13
7 13
9 13
10 13
0 14
1 14
5 14
6 14
7 14
9 14
10 14
16851 2 0 1 2 5 7 36
0 2
3 4
1 6
1 7
5 7
3 8
2 9
4 9
6 9
8 9
0 10
5 10
6 10
8 10
3 11
7 11
9 11
10 11
3 12
7 12
9 12
10 12
0 13
4 13
5 13
6 13
8 13
11 13
12 13
1 14
2 14
4 14
5 14
8 14
11 14
12 14
16852 2 0 1 2 3 13 37
0 2
3 4
1 6
1 7
4 7
5 8
6 8
7 8
4 9
8 9
4 10
8 10
0 11
3 11
5 11
6 11
9 11
10 11
2 12
5 12
6 12
7 12
9 12
10 12
1 13
2 13
3 13
5 13
9 13
10 13
2 14
3 14
5 14
6 14
7 14
9 14
10 14
16858 2 0 2 7 8 11 38
0 2
3 4
2 5
3 5
2 7
2 8
4 9
5 9
6 9
7 9
0 10
3 10
9 10
0 11
1 11
3 11
6 11
7 11
8 11
1 12
4 12
5 12
6 12
8 12
10 12
1 13
4 13
6 13
7 13
8 13
10 13
1 14
4 14
5 14
6 14
7 14
8 14
10 14
16860 5 0 1 3 10 13 36
0 2
2 4
3 7
4 7
5 7
6 7
4 8
6 8
2 9
5 9
6 9
0 10
1 10
3 10
9 10
4 11
6 11
10 11
1 12
2 12
3 12
5 12
8 12
11 12
0 13
1 13
3 13
5 13
8 13
11 13
0 14
1 14
7 14
8 14
9 14
11 14
16867 5 0 1 2 9 10 37
0 2
2 4
3 4
3 5
0 9
3 9
6 9
7 9
1 10
2 10
5 10
8 10
9 10
4 11
5 11
6 11
7 11
8 11
1 12
2 12
3 12
6 12
7 12
8 12
1 13
4 13
5 13
6 13
7 13
8 13
0 14
1 14
4 14
5 14
6 14
7 14
8 14
16836 5 0 1 2 5 13 36
0 2
1 5
2 5
0 8
5 9
6 9
7 9
8 9
1 10
6 10
7 10
8 10
2 11
3 11
4 11
9 11
10 11
3 12
4 12
5 12
6 12
7 12
8 12
0 13
1 13
3 13
4 13
6 13
7 13
1 14
2 14
3 14
4 14
6 14
7 14
8 14
16871 5 0 1 5 9 10 34
0 2
2 4
3 4
1 5
4 5
0 6
2 7
0 9
1 9
5 10
6 10
7 10
8 10
9 10
4 11
9 11
0 12
3 12
5 12
7 12
8 12
11 12
1 13
2 13
3 13
6 13
8 13
11 13
1 14
3 14
6 14
7 14
8 14
11 14
16874 4 0 1 4 8 10 37
0 2
1 4
4 8
5 8
6 8
1 9
8 9
0 10
1 10
3 10
7 10
8 10
2 11
5 11
6 11
7 11
9 11
1 12
2 12
3 12
5 12
6 12
7 12
0 13
3 13
4 13
5 13
6 13
7 13
9 13
2 14
3 14
4 14
5 14
6 14
7 14
9 14
16881 4 3 4 6 7 11 36
0 2
1 4
0 5
3 5
2 6
3 6
4 6
3 7
4 7
5 8
5 9
1 10
2 10
8 10
9 10
6 11
7 11
8 11
9 11
0 12
3 12
4 12
10 12
11 12
1 13
2 13
7 13
8 13
9 13
12 13
0 14
1 14
6 14
7 14
8 14
9 14
16899 4 0 2 3 8 9 38
0 2
2 3
2 8
6 8
7 8
0 9
1 9
3 9
8 9
3 10
4 10
5 10
6 10
7 10
4 11
5 11
6 11
7 11
9 11
1 12
2 12
4 12
5 12
6 12
7 12
0 13
1 13
3 13
4 13
5 13
8 13
0 14
1 14
3 14
4 14
5 14
6 14
7 14
16900 4 0 2 3 8 9 38
0 2
2 3
2 8
4 8
5 8
0 9
1 9
3 9
8 9
1 10
3 10
6 10
7 10
8 10
4 11
5 11
6 11
7 11
9 11
1 12
2 12
4 12
5 12
6 12
7 12
0 13
3 13
4 13
5 13
6 13
7 13
0 14
1 14
3 14
4 14
5 14
6 14
7 14
16883 2 0 1 2 4 11 37
0 2
1 4
2 4
2 6
3 6
6 7
6 8
1 9
5 9
7 9
8 9
0 10
9 10
0 11
1 11
6 11
3 12
4 12
5 12
7 12
8 12
10 12
11 12
3 13
4 13
5 13
7 13
8 13
10 13
11 13
2 14
3 14
5 14
7 14
8 14
10 14
11 14
16913 5 2 5 6 7 12 36
0 2
2 3
2 7
4 7
5 7
6 7
3 8
5 8
3 9
6 9
1 10
4 10
8 10
9 10
0 11
1 11
3 11
4 11
5 11
6 11
2 12
5 12
6 12
10 12
0 13
1 13
4 13
8 13
9 13
12 13
0 14
1 14
7 14
8 14
9 14
12 14
16917 5 0 2 3 7 12 36
0 2
2 3
3 6
4 6
5 6
2 7
5 7
1 8
4 8
5 8
2 9
4 9
5 9
3 10
8 10
9 10
8 11
9 11
0 12
1 12
3 12
4 12
7 12
11 12
0 13
1 13
6 13
7 13
10 13
11 13
0 14
1 14
6 14
7 14
10 14
11 14
16927 4 0 1 2 5 8 35
0 2
2 3
1 5
2 5
3 6
5 7
6 7
0 8
1 8
6 8
4 9
5 9
6 9
3 10
8 10
9 10
8 11
9 11
2 12
4 12
7 12
10 12
11 12
0 13
1 13
3 13
4 13
7 13
11 13
0 14
1 14
4 14
7 14
10 14
11 14
16929 2 0 2 3 5 6 37
0 2
2 3
0 5
3 5
0 6
2 7
2 8
3 10
4 10
6 10
8 10
9 10
1 11
3 11
4 11
7 11
9 11
1 12
5 12
6 12
7 12
8 12
9 12
1 13
4 13
5 13
6 13
7 13
8 13
9 13
1 14
4 14
5 14
6 14
7 14
8 14
9 14
16930 1 0 1 5 6 13 37
0 2
2 3
0 5
1 5
5 6
4 8
6 8
7 8
3 9
5 9
7 9
0 10
1 10
3 10
4 10
2 11
8 11
9 11
10 11
2 12
8 12
9 12
10 12
0 13
1 13
4 13
6 13
7 13
11 13
12 13
1 14
3 14
4 14
6 14
7 14
11 14
12 14
16931 6 0 2 3 11 12 35
0 2
2 3
0 5
1 5
1 6
4 6
6 8
7 8
6 9
7 9
3 10
4 10
5 10
7 10
2 11
8 11
9 11
10 11
0 12
1 12
3 12
7 12
11 12
2 13
4 13
5 13
8 13
9 13
12 13
0 14
1 14
3 14
4 14
8 14
9 14
16859 2 0 1 2 5 10 36
0 2
3 4
1 5
2 5
2 6
4 6
6 7
4 8
4 9
5 9
0 10
1 10
7 10
8 10
5 11
6 11
10 11
0 12
3 12
7 12
8 12
9 12
11 12
1 13
3 13
7 13
8 13
9 13
11 13
1 14
2 14
3 14
7 14
8 14
9 14
11 14
16886 2 0 1 2 4 5 37
0 2
1 4
2 4
0 5
4 6
3 7
4 7
2 8
3 8
1 9
5 9
6 9
7 9
1 10
5 10
6 10
8 10
5 11
6 11
7 11
8 11
5 12
6 12
7 12
8 12
3 13
4 13
9 13
10 13
11 13
12 13
2 14
3 14
9 14
10 14
11 14
12 14
16909 5 0 1 2 3 8 38
0 2
2 3
0 8
1 8
3 8
3 9
4 9
5 9
6 9
7 9
0 10
1 10
3 10
4 10
4 11
5 11
6 11
7 11
8 11
2 12
5 12
6 12
7 12
8 12
10 12
1 13
2 13
4 13
5 13
6 13
7 13
0 14
1 14
3 14
4 14
5 14
6 14
7 14
16939 4 1 6 7 8 9 38
0 2
2 3
2 4
1 8
2 8
5 8
6 8
7 8
0 9
1 9
6 9
7 9
0 10
1 10
3 11
4 11
5 11
9 11
10 11
3 12
4 12
5 12
6 12
7 12
10 12
3 13
4 13
5 13
6 13
7 13
10 13
0 14
1 14
3 14
4 14
5 14
6 14
7 14
16940 4 0 1 2 4 9 38
0 2
2 3
2 4
1 8
2 8
5 8
6 8
7 8
0 9
1 9
4 9
7 9
0 10
1 10
3 11
5 11
6 11
9 11
10 11
3 12
4 12
5 12
6 12
7 12
10 12
3 13
4 13
5 13
6 13
7 13
10 13
0 14
1 14
3 14
4 14
5 14
6 14
7 14
16944 3 0 1 2 7 10 38
0 2
2 3
2 4
0 7
1 7
3 8
5 8
6 8
7 8
3 9
4 9
5 9
7 9
0 10
1 10
6 10
9 10
1 11
4 11
5 11
6 11
2 12
8 12
10 12
11 12
3 13
4 13
5 13
6 13
7 13
12 13
0 14
1 14
3 14
4 14
5 14
6 14
12 14
16948 4 0 2 3 4 14 36
0 2
2 3
2 4
2 5
1 6
3 6
4 6
1 7
5 8
7 8
5 9
7 9
5 10
6 10
7 10
3 11
4 11
5 11
7 11
0 12
6 12
8 12
9 12
11 12
1 13
3 13
4 13
8 13
9 13
10 13
0 14
3 14
4 14
8 14
9 14
10 14
16953 3 0 1 2 10 12 39
0 2
2 3
1 4
3 4
3 5
3 6
0 10
1 10
3 10
7 10
8 10
9 10
4 11
5 11
6 11
7 11
8 11
9 11
1 12
2 12
5 12
6 12
7 12
8 12
9 12
2 13
4 13
5 13
6 13
7 13
8 13
9 13
0 14
4 14
5 14
6 14
7 14
8 14
9 14
16955 4 0 1 2 3 4 37
0 2
2 3
1 4
2 4
0 7
3 8
3 9
1 10
3 10
5 10
6 10
7 10
4 11
5 11
6 11
7 11
8 11
9 11
4 12
5 12
6 12
7 12
8 12
9 12
0 13
1 13
5 13
6 13
8 13
9 13
1 14
2 14
5 14
6 14
7 14
8 14
9 14
16956 5 0 1 8 9 14 35
0 2
2 3
1 4
2 4
1 5
3 5
0 6
0 8
1 8
8 9
8 10
2 11
5 11
6 11
7 11
9 11
10 11
3 12
4 12
6 12
7 12
9 12
10 12
4 13
5 13
6 13
7 13
9 13
10 13
0 14
1 14
3 14
7 14
9 14
10 14
16957 3 0 1 2 4 7 39
0 2
2 3
0 4
1 7
2 7
4 7
5 7
3 8
6 8
7 8
2 9
8 9
0 10
8 10
1 11
3 11
5 11
6 11
9 11
10 11
1 12
4 12
5 12
6 12
9 12
10 12
3 13
4 13
5 13
6 13
9 13
10 13
1 14
3 14
4 14
5 14
6 14
9 14
10 14
16959 1 0 2 3 4 7 35
0 2
2 3
0 4
1 6
3 7
4 7
6 7
4 8
5 8
7 9
8 9
1 10
8 10
2 11
5 11
6 11
9 11
10 11
3 12
5 12
6 12
9 12
10 12
3 13
4 13
5 13
9 13
10 13
0 14
1 14
7 14
8 14
11 14
12 14
13 14
16962 3 0 2 3 4 6 36
0 2
2 3
0 4
0 5
3 6
4 6
5 6
2 7
4 7
3 8
5 8
5 9
2 10
1 11
4 11
8 11
9 11
10 11
0 12
1 12
3 12
7 12
9 12
10 12
1 13
6 13
7 13
8 13
9 13
10 13
1 14
6 14
7 14
8 14
9 14
10 14
16967 4 0 1 2 3 10 36
0 2
1 3
2 9
1 10
2 10
4 10
5 10
3 11
6 11
7 11
8 11
9 11
10 11
2 12
3 12
4 12
5 12
6 12
7 12
8 12
0 13
1 13
4 13
5 13
6 13
7 13
8 13
9 13
0 14
3 14
4 14
5 14
6 14
7 14
8 14
9 14
16933 4 0 2 3 4 10 34
0 2
2 3
3 4
3 6
5 6
4 7
5 8
1 9
4 9
5 9
0 10
4 10
5 10
1 11
2 11
6 11
7 11
8 11
1 12
3 12
7 12
8 12
10 12
0 13
6 13
7 13
8 13
9 13
2 14
6 14
7 14
8 14
9 14
10 14
16973 6 0 2 6 8 9 35
0 2
1 3
0 8
1 8
2 9
6 9
7 9
8 9
3 10
4 10
5 10
8 10
1 11
2 11
4 11
5 11
6 11
7 11
0 12
3 12
4 12
5 12
6 12
7 12
1 13
2 13
6 13
7 13
10 13
0 14
3 14
4 14
5 14
9 14
13 14
16974 5 0 1 2 3 10 36
0 2
1 3
5 7
6 7
5 8
6 8
5 9
6 9
2 10
3 10
4 10
5 10
6 10
0 11
1 11
4 11
5 11
6 11
2 12
3 12
4 12
7 12
8 12
9 12
0 13
3 13
4 13
7 13
8 13
9 13
1 14
2 14
4 14
7 14
8 14
9 14
16977 4 0 1 2 10 11 36
0 2
1 3
2 7
3 7
2 8
3 8
0 9
3 9
4 9
5 9
6 9
1 10
2 10
4 10
5 10
6 10
0 11
1 11
4 12
5 12
6 12
7 12
8 12
11 12
4 13
5 13
6 13
7 13
8 13
11 13
4 14
5 14
6 14
7 14
8 14
11 14
16988 5 0 2 7 11 13 36
0 2
1 3
3 5
3 6
2 7
4 8
5 8
6 8
7 8
2 9
4 9
5 9
6 9
1 10
8 10
9 10
0 11
4 11
5 11
7 11
10 11
1 12
2 12
4 12
6 12
0 13
3 13
7 13
10 13
12 13
0 14
1 14
4 14
5 14
6 14
7 14
16997 3 0 1 3 5 9 37
0 2
1 3
3 4
3 5
0 9
1 9
5 9
8 9
2 10
3 10
6 10
7 10
8 10
2 11
4 11
6 11
7 11
9 11
1 12
4 12
5 12
6 12
7 12
8 12
2 13
4 13
5 13
6 13
7 13
8 13
0 14
1 14
4 14
5 14
6 14
7 14
8 14
17014 4 0 1 2 6 8 35
0 2
1 3
0 4
2 5
0 6
1 6
2 8
3 8
6 8
7 8
1 9
4 9
7 9
5 10
6 10
7 10
4 11
5 11
7 11
1 12
4 12
5 12
8 12
0 13
3 13
9 13
10 13
11 13
12 13
2 14
3 14
9 14
10 14
11 14
12 14
17026 6 0 2 3 10 13 37
0 2
1 3
2 3
4 8
5 8
6 8
4 9
5 9
6 9
0 10
3 10
7 10
8 10
9 10
1 11
2 11
7 11
8 11
9 11
0 12
1 12
4 12
5 12
6 12
7 12
0 13
3 13
4 13
5 13
6 13
7 13
1 14
2 14
4 14
5 14
6 14
7 14
17027 5 0 1 2 3 13 36
0 2
1 3
2 3
2 8
6 8
7 8
2 9
4 9
5 9
6 9
7 9
3 10
4 10
5 10
6 10
7 10
1 11
4 11
5 11
8 11
0 12
3 12
6 12
7 12
11 12
0 13
1 13
4 13
5 13
8 13
0 14
1 14
4 14
5 14
6 14
7 14
17030 5 0 2 3 8 14 39
0 2
1 3
2 3
0 8
3 8
1 9
2 9
4 10
5 10
6 10
7 10
8 10
9 10
4 11
5 11
6 11
7 11
8 11
9 11
0 12
1 12
4 12
5 12
6 12
7 12
0 13
3 13
4 13
5 13
6 13
7 13
9 13
1 14
2 14
4 14
5 14
6 14
7 14
8 14
16972 6 0 1 2 11 14 36
0 2
1 3
5 8
6 8
7 8
5 9
6 9
7 9
0 10
3 10
4 10
8 10
9 10
1 11
2 11
4 11
8 11
9 11
2 12
3 12
4 12
5 12
6 12
7 12
2 13
3 13
4 13
5 13
6 13
7 13
0 14
1 14
4 14
5 14
6 14
7 14
17036 3 1 2 3 11 12 37
0 2
1 3
2 3
1 7
2 8
5 8
6 8
7 8
0 9
4 9
6 9
7 9
3 10
4 10
5 10
6 10
7 10
1 11
2 11
4 11
5 11
3 12
8 12
9 12
11 12
0 13
4 13
5 13
6 13
7 13
12 13
0 14
1 14
4 14
5 14
6 14
12 14
17037 5 0 2 3 9 12 38
0 2
1 3
2 3
0 7
1 7
4 7
5 7
6 7
1 8
2 8
0 9
3 9
4 10
5 10
6 10
8 10
9 10
4 11
5 11
6 11
8 11
9 11
2 12
4 12
5 12
6 12
9 12
3 13
4 13
5 13
6 13
8 13
0 14
1 14
10 14
11 14
12 14
13 14
17040 6 0 1 2 3 13 36
0 2
1 3
2 3
2 6
3 7
6 8
7 8
4 9
5 9
6 9
7 9
4 10
5 10
6 10
7 10
1 11
2 11
4 11
5 11
8 11
0 12
3 12
4 12
5 12
8 12
0 13
1 13
8 13
9 13
10 13
0 14
1 14
4 14
5 14
6 14
7 14
17043 5 0 2 3 7 14 38
0 2
1 3
2 3
1 6
2 7
1 8
4 8
5 8
7 8
0 9
1 9
4 10
5 10
6 10
7 10
9 10
4 11
5 11
6 11
7 11
9 11
2 12
4 12
5 12
6 12
9 12
0 13
3 13
8 13
10 13
11 13
12 13
0 14
3 14
4 14
5 14
6 14
7 14
16891 5 0 2 4 6 7 35
0 2
0 4
1 5
4 5
0 6
4 7
6 7
5 8
6 8
5 9
1 10
3 10
6 10
9 10
2 11
4 11
8 11
10 11
2 12
3 12
7 12
8 12
9 12
0 13
1 13
3 13
7 13
9 13
11 13
1 14
2 14
3 14
7 14
8 14
9 14
17058 2 0 1 2 3 4 37
0 2
1 3
2 3
2 4
1 5
2 6
5 6
5 7
1 8
7 8
6 9
7 9
4 10
5 10
8 10
9 10
3 11
4 11
8 11
9 11
3 12
4 12
8 12
9 12
0 13
6 13
7 13
10 13
11 13
12 13
0 14
1 14
6 14
7 14
10 14
11 14
12 14
17072 5 0 2 3 5 13 38
0 2
1 3
2 3
0 4
1 4
2 5
3 6
4 10
5 10
6 10
7 10
8 10
9 10
4 11
5 11
6 11
7 11
8 11
9 11
1 12
2 12
6 12
7 12
8 12
9 12
0 13
3 13
5 13
7 13
8 13
9 13
0 14
1 14
5 14
6 14
7 14
8 14
9 14
17085 6 0 2 3 7 14 36
0 2
0 3
3 4
4 6
5 6
2 7
3 7
5 7
0 10
4 10
5 10
8 10
9 10
1 11
6 11
7 11
8 11
9 11
1 12
2 12
4 12
5 12
8 12
9 12
1 13
2 13
3 13
6 13
8 13
9 13
0 14
1 14
6 14
7 14
8 14
9 14
17086 5 0 2 3 4 6 36
0 2
0 3
3 4
2 6
3 6
5 6
4 7
5 7
4 8
5 8
1 9
2 9
5 9
3 10
9 10
1 11
7 11
8 11
10 11
0 12
4 12
6 12
9 12
11 12
1 13
2 13
7 13
8 13
10 13
12 13
0 14
1 14
6 14
7 14
8 14
10 14
17057 5 0 1 2 3 6 36
0 2
1 3
2 3
2 4
2 5
0 6
1 6
1 7
3 8
4 8
5 8
6 8
7 8
5 9
7 9
0 10
4 10
9 10
4 11
6 11
9 11
4 12
6 12
9 12
3 13
5 13
7 13
10 13
11 13
12 13
3 14
5 14
7 14
10 14
11 14
12 14
17087 4 0 2 3 5 6 36
0 2
0 3
3 4
2 5
3 6
5 6
4 7
5 7
1 10
4 10
5 10
8 10
9 10
2 11
6 11
7 11
8 11
9 11
1 12
2 12
3 12
7 12
8 12
9 12
0 13
1 13
4 13
6 13
8 13
9 13
0 14
1 14
6 14
7 14
8 14
9 14
16637 3 0 1 2 3 8 39
1 2
0 3
2 3
4 6
5 6
4 7
5 7
0 8
1 8
7 8
0 9
2 9
6 9
4 10
5 10
8 10
9 10
4 11
5 11
8 11
9 11
0 12
2 12
4 12
5 12
1 13
3 13
6 13
7 13
10 13
11 13
12 13
1 14
3 14
6 14
7 14
10 14
11 14
12 14
17091 4 0 2 3 5 7 36
0 2
0 3
1 4
3 6
4 6
5 6
2 7
3 7
5 7
4 8
5 9
1 10
7 10
8 10
9 10
2 11
6 11
8 11
9 11
0 12
4 12
5 12
10 12
11 12
1 13
2 13
3 13
8 13
9 13
12 13
0 14
1 14
6 14
7 14
8 14
9 14
16842 5 0 2 3 6 9 35
0 2
0 5
4 5
0 6
3 6
2 7
4 7
2 8
2 9
3 9
4 9
1 10
6 10
8 10
9 10
1 11
4 11
6 11
8 11
1 12
3 12
5 12
7 12
8 12
3 13
5 13
7 13
10 13
11 13
1 14
5 14
6 14
7 14
8 14
9 14
16667 5 0 1 2 3 4 36
1 2
0 3
2 3
0 4
2 4
2 5
1 6
1 7
1 8
0 9
5 9
6 9
4 10
5 10
6 10
7 10
8 10
4 11
5 11
6 11
3 12
7 12
8 12
9 12
11 12
3 13
7 13
8 13
9 13
11 13
3 14
4 14
5 14
6 14
7 14
8 14
17101 3 1 2 6 9 10 38
0 2
0 3
1 4
3 4
1 5
0 7
4 7
5 7
4 8
5 8
6 8
1 9
2 9
6 9
1 10
2 10
6 10
2 11
5 11
6 11
0 12
4 12
5 12
6 12
3 13
7 13
8 13
9 13
10 13
11 13
12 13
3 14
7 14
8 14
9 14
10 14
11 14
12 14
17104 5 0 2 3 10 14 36
0 2
0 3
0 4
4 6
5 6
3 7
5 7
5 8
4 9
5 9
2 10
3 10
9 10
1 11
4 11
7 11
8 11
10 11
1 12
2 12
3 12
6 12
8 12
9 12
1 13
2 13
6 13
7 13
8 13
9 13
0 14
1 14
6 14
7 14
8 14
10 14
17090 4 0 2 4 9 12 37
0 2
0 3
2 4
2 5
3 5
3 6
2 9
6 9
7 9
8 9
5 10
6 10
7 10
8 10
1 11
3 11
4 11
7 11
8 11
0 12
1 12
4 12
9 12
10 12
1 13
4 13
5 13
6 13
7 13
8 13
0 14
1 14
4 14
5 14
6 14
7 14
8 14
17111 4 0 1 2 3 4 38
0 2
0 3
1 3
2 4
3 4
2 5
1 9
2 9
6 9
7 9
8 9
0 10
1 10
3 11
5 11
6 11
7 11
8 11
10 11
4 12
5 12
6 12
7 12
8 12
10 12
4 13
5 13
6 13
7 13
8 13
10 13
0 14
1 14
4 14
5 14
6 14
7 14
8 14
17144 6 1 2 3 7 9 38
0 2
1 2
2 7
3 7
4 7
1 8
7 8
1 9
5 9
6 9
7 9
0 10
8 10
9 10
2 11
3 11
4 11
5 11
6 11
10 11
1 12
3 12
4 12
5 12
6 12
10 12
0 13
3 13
4 13
5 13
6 13
8 13
0 14
3 14
4 14
5 14
6 14
8 14
17145 6 0 1 2 8 13 38
0 2
1 2
2 7
3 7
4 7
5 7
6 7
2 8
3 8
0 9
3 9
0 10
1 10
3 10
4 11
5 11
6 11
8 11
9 11
10 11
4 12
5 12
6 12
8 12
9 12
10 12
1 13
4 13
5 13
6 13
8 13
9 13
0 14
1 14
3 14
4 14
5 14
6 14
17155 5 1 2 7 9 11 37
0 2
1 2
3 6
4 6
2 7
5 7
6 7
1 8
6 8
1 9
7 9
0 10
5 10
6 10
9 10
1 11
3 11
4 11
7 11
10 11
0 12
3 12
4 12
5 12
8 12
2 13
3 13
4 13
5 13
8 13
9 13
0 14
3 14
4 14
5 14
8 14
9 14
17158 5 0 3 5 10 13 35
0 2
1 2
2 6
3 7
4 7
5 7
6 7
6 8
5 9
6 9
0 10
3 10
5 10
1 11
4 11
8 11
9 11
10 11
2 12
7 12
8 12
9 12
10 12
0 13
1 13
3 13
4 13
5 13
8 13
0 14
1 14
3 14
4 14
8 14
9 14
17159 4 0 1 2 6 14 38
0 2
1 2
2 6
0 7
3 7
6 7
1 8
4 8
5 8
7 8
1 9
7 9
0 10
8 10
3 11
4 11
5 11
6 11
9 11
10 11
3 12
4 12
5 12
6 12
9 12
10 12
2 13
3 13
4 13
5 13
9 13
10 13
0 14
1 14
3 14
4 14
5 14
6 14
17089 5 2 4 8 10 11 36
0 2
0 3
2 4
3 5
5 6
5 7
4 8
5 8
3 9
1 10
2 10
8 10
9 10
3 11
4 11
6 11
7 11
10 11
0 12
1 12
4 12
6 12
7 12
9 12
1 13
2 13
6 13
7 13
8 13
9 13
0 14
1 14
6 14
7 14
8 14
9 14
17171 3 0 1 2 7 14 38
0 2
1 2
4 5
3 6
4 6
2 7
5 7
6 7
1 8
5 8
1 9
5 9
6 9
0 10
3 10
7 10
8 10
5 11
6 11
10 11
2 12
3 12
4 12
8 12
9 12
11 12
0 13
3 13
4 13
8 13
9 13
11 13
0 14
1 14
3 14
4 14
7 14
11 14
17172 3 0 1 2 10 11 40
0 2
1 2
4 5
1 6
3 6
2 7
5 7
6 7
5 8
6 8
5 9
6 9
2 10
3 10
4 10
8 10
9 10
0 11
1 11
5 11
10 11
3 12
4 12
7 12
8 12
9 12
11 12
3 13
4 13
7 13
8 13
9 13
11 13
0 14
1 14
3 14
4 14
7 14
8 14
9 14
17181 5 0 2 6 7 8 38
0 2
1 2
2 5
2 6
3 6
4 6
0 7
6 7
0 8
6 8
1 9
8 9
1 10
8 10
3 11
4 11
5 11
7 11
9 11
10 11
3 12
4 12
5 12
7 12
9 12
10 12
1 13
3 13
4 13
5 13
7 13
8 13
0 14
3 14
4 14
5 14
9 14
10 14
17184 3 0 1 2 9 10 41
0 2
1 2
2 5
4 5
4 6
4 7
4 8
0 9
1 9
4 9
2 10
3 10
6 10
7 10
8 10
9 10
3 11
5 11
6 11
7 11
8 11
9 11
3 12
5 12
6 12
7 12
8 12
9 12
1 13
3 13
5 13
6 13
7 13
8 13
0 14
1 14
3 14
5 14
6 14
7 14
8 14
17189 4 0 1 2 4 6 40
0 2
1 2
2 5
3 5
0 6
1 6
4 6
4 7
5 7
4 8
5 8
3 9
6 9
7 9
8 9
3 10
6 10
7 10
8 10
2 11
4 11
9 11
10 11
1 12
4 12
5 12
9 12
10 12
0 13
3 13
7 13
8 13
11 13
12 13
0 14
1 14
3 14
7 14
8 14
11 14
17034 4 0 1 2 3 13 38
0 2
1 3
2 3
2 7
3 8
4 9
5 9
6 9
7 9
8 9
4 10
5 10
6 10
7 10
8 10
2 11
4 11
5 11
6 11
8 11
3 12
4 12
5 12
6 12
7 12
0 13
1 13
9 13
10 13
11 13
12 13
0 14
1 14
4 14
5 14
6 14
7 14
8 14
17200 2 0 2 5 6 7 40
0 2
1 2
0 5
0 6
2 7
5 7
6 7
2 8
3 8
4 8
7 9
8 9
7 10
8 10
3 11
4 11
5 11
6 11
9 11
10 11
0 12
1 12
3 12
4 12
9 12
10 12
1 13
3 13
4 13
5 13
6 13
9 13
10 13
1 14
3 14
4 14
5 14
6 14
9 14
10 14
17203 6 0 1 2 4 14 35
0 2
1 2
3 4
2 8
4 8
5 8
7 8
0 9
4 9
6 9
7 9
3 10
6 10
8 10
1 11
5 11
9 11
10 11
0 12
1 12
3 12
5 12
6 12
7 12
2 13
3 13
6 13
7 13
11 13
0 14
1 14
4 14
5 14
10 14
13 14
17205 3 0 1 2 7 14 40
0 2
1 2
3 4
5 6
2 7
3 7
6 7
2 8
4 8
5 8
3 9
6 9
8 9
3 10
6 10
8 10
4 11
5 11
7 11
9 11
10 11
4 12
5 12
7 12
9 12
10 12
0 13
1 13
3 13
6 13
8 13
11 13
12 13
0 14
1 14
4 14
5 14
7 14
9 14
10 14
17206 4 0 1 2 8 11 39
0 2
1 2
3 4
1 6
4 6
5 6
0 7
5 7
0 8
1 8
3 8
4 9
5 9
8 9
3 10
6 10
7 10
9 10
2 11
4 11
5 11
8 11
10 11
0 12
4 12
5 12
10 12
1 13
3 13
7 13
9 13
11 13
12 13
2 14
3 14
6 14
7 14
9 14
12 14
17207 3 0 1 2 6 14 39
0 2
1 2
3 4
4 5
2 6
4 6
1 7
5 7
0 8
6 8
7 8
4 9
7 9
4 10
7 10
1 11
3 11
5 11
8 11
9 11
10 11
2 12
3 12
5 12
8 12
9 12
10 12
0 13
3 13
5 13
6 13
9 13
10 13
0 14
1 14
3 14
6 14
9 14
10 14
17212 6 0 2 7 12 14 37
0 2
1 2
3 4
3 5
3 6
2 7
6 7
1 8
4 8
6 8
1 9
4 9
5 9
6 9
1 10
3 10
0 11
5 11
7 11
8 11
10 11
0 12
4 12
5 12
7 12
10 12
2 13
4 13
5 13
6 13
10 13
0 14
3 14
7 14
8 14
9 14
13 14
17221 3 0 1 2 4 14 40
0 2
1 2
2 4
1 5
4 5
0 6
5 7
5 8
3 9
4 9
6 9
7 9
8 9
3 10
4 10
6 10
7 10
8 10
2 11
3 11
6 11
7 11
8 11
1 12
3 12
6 12
7 12
8 12
0 13
5 13
9 13
10 13
11 13
12 13
0 14
1 14
3 14
4 14
7 14
8 14
17223 3 0 1 2 4 14 39
0 2
1 2
2 4
0 5
4 5
1 6
5 6
0 7
1 8
3 8
7 8
5 9
8 9
5 10
8 10
3 11
4 11
6 11
7 11
9 11
10 11
3 12
4 12
6 12
7 12
9 12
10 12
2 13
3 13
6 13
7 13
9 13
10 13
0 14
1 14
3 14
4 14
9 14
10 14
17224 3 0 1 2 4 14 40
0 2
1 2
2 4
0 5
3 5
1 6
3 6
3 7
3 8
3 9
4 10
5 10
6 10
7 10
8 10
9 10
2 11
5 11
6 11
7 11
8 11
9 11
0 12
4 12
6 12
7 12
8 12
9 12
1 13
4 13
5 13
7 13
8 13
9 13
0 14
1 14
4 14
7 14
8 14
9 14
17231 5 0 1 2 5 11 35
0 2
1 2
1 4
2 5
4 7
5 7
6 7
0 8
3 8
4 8
6 8
6 9
6 10
1 11
5 11
8 11
9 11
10 11
2 12
3 12
7 12
9 12
10 12
0 13
3 13
4 13
5 13
9 13
10 13
0 14
1 14
3 14
7 14
9 14
10 14
17166 5 0 1 2 10 13 38
0 2
1 2
1 6
2 7
1 8
3 8
4 8
5 8
0 9
6 9
7 9
8 9
0 10
1 10
3 11
4 11
5 11
6 11
7 11
10 11
3 12
4 12
5 12
6 12
7 12
10 12
2 13
3 13
4 13
5 13
9 13
10 13
0 14
3 14
4 14
5 14
6 14
7 14
17240 3 0 1 2 3 14 41
0 2
1 2
2 3
0 9
1 9
2 10
4 10
5 10
6 10
7 10
8 10
9 10
3 11
4 11
5 11
6 11
7 11
8 11
9 11
3 12
4 12
5 12
6 12
7 12
8 12
9 12
3 13
4 13
5 13
6 13
7 13
8 13
9 13
0 14
1 14
3 14
4 14
5 14
6 14
7 14
8 14
17241 4 0 1 2 3 9 39
0 2
1 2
2 3
3 8
4 8
5 8
0 9
1 9
6 9
7 9
8 9
2 10
4 10
5 10
6 10
7 10
3 11
4 11
5 11
6 11
7 11
3 12
4 12
5 12
6 12
7 12
0 13
1 13
8 13
10 13
11 13
12 13
0 14
1 14
3 14
4 14
5 14
6 14
7 14
17244 2 0 1 2 3 14 39
0 2
1 2
2 3
4 5
3 6
6 7
5 8
7 8
0 9
1 9
5 9
7 9
4 10
6 10
8 10
9 10
0 11
1 11
4 11
6 11
8 11
3 12
5 12
7 12
10 12
11 12
2 13
4 13
6 13
8 13
9 13
12 13
0 14
1 14
3 14
5 14
7 14
10 14
13 14
17256 3 0 1 2 3 13 42
0 2
1 2
2 3
2 4
3 5
3 6
3 7
3 8
4 9
5 9
6 9
7 9
8 9
4 10
5 10
6 10
7 10
8 10
4 11
5 11
6 11
7 11
8 11
4 12
5 12
6 12
7 12
8 12
0 13
1 13
3 13
9 13
10 13
11 13
12 13
0 14
1 14
4 14
5 14
6 14
7 14
8 14
17248 3 0 1 2 5 7 36
0 2
1 2
2 3
0 5
0 6
1 7
5 7
6 7
2 8
4 8
4 9
5 9
3 10
6 10
8 10
9 10
1 11
4 11
5 11
6 11
0 12
1 12
4 12
10 12
3 13
7 13
8 13
9 13
11 13
12 13
3 14
7 14
8 14
9 14
11 14
12 14
17238 3 0 1 2 6 11 40
0 2
1 2
0 4
1 5
0 6
1 6
6 7
6 8
3 9
4 9
5 9
7 9
8 9
3 10
4 10
5 10
7 10
8 10
2 11
6 11
9 11
10 11
0 12
3 12
5 12
7 12
8 12
11 12
1 13
3 13
4 13
7 13
8 13
11 13
2 14
3 14
4 14
5 14
7 14
8 14
17277 6 0 1 2 9 13 37
0 2
1 2
1 3
0 6
3 6
3 7
2 8
6 8
7 8
2 9
3 10
4 10
5 10
8 10
9 10
3 11
4 11
5 11
8 11
9 11
2 12
4 12
5 12
6 12
7 12
0 13
1 13
4 13
5 13
7 13
9 13
1 14
4 14
5 14
6 14
7 14
9 14
17278 5 0 1 2 10 11 38
0 2
1 2
1 3
0 6
3 6
2 7
3 8
4 8
5 8
7 8
2 9
3 9
2 10
3 10
4 10
5 10
0 11
1 11
8 11
10 11
1 12
4 12
5 12
6 12
7 12
9 12
4 13
5 13
6 13
7 13
9 13
11 13
4 14
5 14
6 14
7 14
9 14
11 14
17280 5 0 1 2 3 10 35
0 2
1 2
1 3
2 5
3 7
4 7
5 7
6 7
5 8
6 8
2 9
6 9
0 10
1 10
4 10
6 10
5 11
10 11
3 12
4 12
8 12
9 12
11 12
0 13
3 13
4 13
8 13
9 13
11 13
0 14
1 14
7 14
8 14
9 14
11 14
17285 4 0 2 3 4 9 36
0 2
1 2
1 3
2 4
2 6
5 6
4 7
5 7
3 8
4 8
5 8
0 9
3 9
4 9
1 10
9 10
6 11
7 11
8 11
10 11
1 12
5 12
9 12
11 12
0 13
3 13
6 13
7 13
10 13
12 13
0 14
6 14
7 14
8 14
10 14
12 14
17198 6 0 1 2 5 10 36
0 2
1 2
0 5
3 6
4 6
5 6
3 9
4 9
1 10
5 10
7 10
8 10
9 10
2 11
6 11
7 11
8 11
9 11
2 12
3 12
4 12
5 12
7 12
8 12
0 13
1 13
3 13
4 13
7 13
8 13
0 14
1 14
6 14
7 14
8 14
9 14
17296 5 0 1 2 3 10 36
0 2
1 2
1 3
1 4
0 5
4 5
5 6
4 7
6 7
5 8
6 9
2 10
3 10
8 10
9 10
4 11
6 11
10 11
0 12
3 12
7 12
8 12
9 12
11 12
2 13
3 13
7 13
8 13
9 13
11 13
0 14
1 14
7 14
8 14
9 14
11 14
17352 2 0 1 2 10 11 37
0 1
0 10
3 10
4 10
5 10
1 11
2 11
6 11
7 11
8 11
9 11
10 11
3 12
4 12
5 12
6 12
7 12
8 12
9 12
0 13
2 13
3 13
4 13
5 13
6 13
7 13
8 13
9 13
1 14
2 14
3 14
4 14
5 14
6 14
7 14
8 14
9 14
16936 5 0 2 3 5 7 36
0 2
2 3
3 4
0 5
5 6
3 7
5 7
2 8
4 8
6 8
6 9
1 10
4 10
5 10
9 10
3 11
6 11
10 11
1 12
2 12
4 12
7 12
9 12
11 12
0 13
1 13
7 13
8 13
9 13
11 13
0 14
1 14
7 14
8 14
9 14
11 14
17368 4 2 3 4 9 11 37
0 1
1 9
2 9
3 9
4 9
5 10
6 10
7 10
8 10
9 10
0 11
2 11
3 11
4 11
10 11
1 12
5 12
6 12
7 12
8 12
11 12
1 13
2 13
3 13
4 13
5 13
6 13
7 13
8 13
0 14
2 14
3 14
4 14
5 14
6 14
7 14
8 14
17396 5 0 2 3 8 12 36
0 1
2 8
3 8
2 9
0 10
6 10
7 10
8 10
9 10
1 11
2 11
3 11
4 11
5 11
10 11
0 12
2 12
3 12
4 12
5 12
6 12
7 12
1 13
3 13
4 13
5 13
6 13
7 13
9 13
1 14
4 14
5 14
6 14
7 14
8 14
9 14
17401 5 0 2 3 11 13 37
0 1
1 8
6 8
7 8
3 9
4 9
5 9
8 9
4 10
5 10
8 10
0 11
2 11
3 11
6 11
7 11
10 11
1 12
2 12
6 12
7 12
9 12
10 12
0 13
2 13
3 13
4 13
5 13
6 13
7 13
1 14
2 14
3 14
4 14
5 14
6 14
7 14
17372 4 0 7 8 9 10 37
0 1
0 9
7 9
8 9
1 10
2 10
7 10
8 10
3 11
4 11
5 11
6 11
9 11
10 11
1 12
2 12
3 12
4 12
5 12
6 12
9 12
0 13
2 13
3 13
4 13
5 13
6 13
7 13
8 13
1 14
2 14
3 14
4 14
5 14
6 14
7 14
8 14
17402 5 0 1 6 7 8 34
0 1
1 8
6 8
7 8
2 9
6 9
1 10
3 10
4 10
9 10
2 11
3 11
4 11
5 11
8 11
0 12
3 12
4 12
5 12
7 12
9 12
0 13
2 13
5 13
6 13
7 13
10 13
1 14
2 14
3 14
4 14
5 14
6 14
7 14
17408 6 0 1 2 8 9 37
0 1
1 8
2 8
6 9
7 9
8 9
6 10
7 10
8 10
0 11
3 11
4 11
5 11
6 11
7 11
8 11
0 12
2 12
3 12
4 12
5 12
9 12
10 12
1 13
2 13
3 13
4 13
5 13
9 13
10 13
1 14
2 14
3 14
4 14
5 14
6 14
7 14
17412 6 0 4 5 11 13 36
0 1
1 8
2 8
3 8
6 9
7 9
8 9
2 10
3 10
9 10
0 11
2 11
3 11
4 11
5 11
9 11
1 12
4 12
5 12
6 12
7 12
10 12
0 13
4 13
5 13
6 13
7 13
8 13
10 13
1 14
2 14
3 14
4 14
5 14
6 14
7 14
17414 5 2 3 8 9 10 37
0 1
1 8
2 8
3 8
4 8
2 9
3 9
2 10
3 10
0 11
5 11
6 11
7 11
8 11
9 11
10 11
0 12
2 12
3 12
4 12
5 12
6 12
7 12
1 13
4 13
5 13
6 13
7 13
9 13
10 13
1 14
4 14
5 14
6 14
7 14
9 14
10 14
17273 3 0 1 2 6 7 40
0 2
1 2
1 3
2 6
0 7
1 7
4 7
6 7
1 8
4 8
5 8
6 8
7 9
8 9
7 10
8 10
0 11
3 11
5 11
6 11
9 11
10 11
3 12
4 12
5 12
6 12
9 12
10 12
2 13
3 13
4 13
5 13
9 13
10 13
2 14
3 14
4 14
5 14
9 14
10 14
17427 6 0 1 2 8 13 37
0 1
0 8
2 8
6 9
7 9
8 9
6 10
7 10
8 10
0 11
2 11
3 11
4 11
5 11
6 11
7 11
1 12
3 12
4 12
5 12
6 12
7 12
8 12
1 13
2 13
3 13
4 13
5 13
9 13
10 13
1 14
2 14
3 14
4 14
5 14
9 14
10 14
17430 5 0 1 3 8 9 37
0 1
0 8
2 8
3 8
1 9
3 9
1 10
2 10
3 10
0 11
2 11
4 11
5 11
6 11
7 11
9 11
1 12
2 12
3 12
4 12
5 12
6 12
7 12
4 13
5 13
6 13
7 13
8 13
9 13
10 13
4 14
5 14
6 14
7 14
8 14
9 14
10 14
17431 4 0 3 4 8 9 37
0 1
0 8
2 8
3 8
4 8
3 9
4 9
3 10
4 10
0 11
2 11
5 11
6 11
7 11
9 11
10 11
1 12
5 12
6 12
7 12
8 12
9 12
10 12
1 13
2 13
3 13
4 13
5 13
6 13
7 13
1 14
2 14
5 14
6 14
7 14
9 14
10 14
17433 6 0 2 3 8 9 36
0 1
0 8
2 8
3 8
4 8
2 9
3 9
0 10
5 10
6 10
7 10
9 10
5 11
6 11
7 11
8 11
9 11
1 12
4 12
5 12
6 12
7 12
9 12
1 13
2 13
3 13
4 13
10 13
11 13
1 14
2 14
3 14
4 14
5 14
6 14
7 14
17435 3 0 1 2 3 10 35
0 1
6 7
6 8
6 9
1 10
2 10
3 10
7 10
4 11
5 11
8 11
9 11
10 11
0 12
2 12
3 12
4 12
5 12
6 12
1 13
2 13
3 13
4 13
5 13
7 13
8 13
9 13
0 14
2 14
3 14
4 14
5 14
7 14
8 14
9 14
17268 6 0 1 2 3 8 35
0 2
1 2
1 3
0 8
1 8
6 8
7 8
2 9
4 9
5 9
6 9
3 10
7 10
9 10
4 11
5 11
8 11
10 11
0 12
3 12
4 12
5 12
6 12
7 12
2 13
3 13
6 13
7 13
11 13
0 14
1 14
4 14
5 14
10 14
13 14
17463 5 1 5 6 9 14 36
0 1
2 7
7 8
1 9
5 9
6 9
7 9
3 10
4 10
8 10
9 10
0 11
5 11
6 11
7 11
10 11
1 12
2 12
3 12
4 12
8 12
11 12
0 13
2 13
3 13
4 13
5 13
6 13
8 13
1 14
2 14
3 14
4 14
5 14
6 14
8 14
17289 5 0 1 2 9 11 38
0 2
1 2
1 3
1 4
4 7
0 8
4 8
2 9
4 9
2 10
3 10
4 10
5 10
6 10
0 11
1 11
5 11
6 11
7 11
9 11
3 12
5 12
6 12
7 12
8 12
9 12
3 13
5 13
6 13
7 13
8 13
9 13
2 14
3 14
5 14
6 14
7 14
8 14
17467 5 0 1 5 8 11 35
0 1
2 7
0 8
5 8
6 8
7 9
8 9
4 10
5 10
6 10
7 10
1 11
3 11
4 11
7 11
8 11
1 12
2 12
3 12
9 12
10 12
0 13
2 13
3 13
4 13
5 13
6 13
9 13
1 14
2 14
3 14
4 14
5 14
6 14
9 14
17409 6 0 3 4 11 13 36
0 1
1 8
2 8
5 9
6 9
7 9
8 9
6 10
7 10
8 10
0 11
2 11
3 11
4 11
9 11
10 11
1 12
2 12
3 12
4 12
5 12
10 12
0 13
3 13
4 13
5 13
6 13
7 13
8 13
1 14
2 14
3 14
4 14
5 14
6 14
7 14
17480 3 0 1 2 7 10 35
0 1
1 7
0 9
5 9
6 9
2 10
3 10
7 10
8 10
9 10
1 11
3 11
4 11
5 11
6 11
8 11
2 12
3 12
4 12
7 12
8 12
9 12
2 13
4 13
5 13
6 13
7 13
8 13
0 14
3 14
4 14
5 14
6 14
7 14
8 14
17468 5 0 1 7 8 9 35
0 1
2 7
0 8
5 8
6 8
7 8
1 9
3 9
4 9
7 9
5 10
6 10
9 10
0 11
2 11
3 11
4 11
10 11
1 12
5 12
6 12
7 12
11 12
1 13
2 13
3 13
4 13
5 13
6 13
2 14
3 14
4 14
8 14
10 14
12 14
17490 5 1 5 6 7 12 36
0 1
1 7
5 7
6 7
6 8
2 9
7 9
8 9
0 10
5 10
6 10
9 10
0 11
2 11
3 11
4 11
5 11
8 11
1 12
3 12
4 12
5 12
6 12
9 12
1 13
2 13
3 13
4 13
8 13
10 13
2 14
3 14
4 14
7 14
8 14
10 14
17488 3 0 1 5 7 8 36
0 1
1 7
5 7
0 8
5 8
6 8
5 9
6 9
5 10
6 10
0 11
2 11
3 11
4 11
6 11
7 11
1 12
2 12
3 12
4 12
9 12
10 12
2 13
3 13
4 13
7 13
8 13
9 13
10 13
1 14
2 14
3 14
4 14
8 14
9 14
10 14
17507 4 5 6 7 9 10 36
0 1
0 7
7 8
5 9
6 9
7 9
1 10
2 10
3 10
5 10
6 10
7 10
0 11
2 11
4 11
5 11
6 11
8 11
1 12
3 12
4 12
5 12
6 12
8 12
0 13
2 13
3 13
4 13
8 13
9 13
1 14
2 14
3 14
4 14
8 14
9 14
17517 5 0 4 5 7 11 37
0 1
0 7
4 7
5 7
6 7
1 8
2 8
3 8
6 8
6 9
6 10
0 11
4 11
5 11
8 11
9 11
10 11
1 12
2 12
3 12
7 12
9 12
10 12
0 13
2 13
3 13
4 13
5 13
9 13
10 13
1 14
2 14
3 14
4 14
5 14
9 14
10 14
17466 5 1 3 4 8 14 35
0 1
2 7
1 8
2 8
3 8
4 8
5 9
6 9
8 9
2 10
5 10
6 10
0 11
3 11
4 11
7 11
9 11
10 11
0 12
2 12
3 12
5 12
6 12
1 13
4 13
7 13
9 13
10 13
12 13
1 14
3 14
4 14
5 14
6 14
7 14
17527 4 0 1 4 7 8 36
0 1
0 7
2 7
3 7
5 7
1 8
4 8
6 8
7 8
3 9
5 9
6 9
3 10
5 10
6 10
2 11
4 11
5 11
6 11
1 12
2 12
4 12
9 12
10 12
0 13
8 13
9 13
10 13
11 13
1 14
2 14
3 14
4 14
5 14
6 14
13 14
17541 3 0 1 2 9 13 36
0 1
5 6
4 7
5 7
4 8
5 8
0 9
2 9
4 9
6 9
2 10
3 10
6 10
8 10
4 11
5 11
10 11
1 12
3 12
7 12
8 12
9 12
11 12
1 13
2 13
3 13
6 13
7 13
11 13
0 14
2 14
3 14
6 14
7 14
8 14
11 14
17554 6 0 3 5 7 13 34
0 1
4 6
3 7
5 7
0 8
4 8
7 8
8 9
1 10
4 10
5 10
9 10
1 11
2 11
6 11
7 11
9 11
2 12
3 12
6 12
8 12
10 12
0 13
2 13
3 13
5 13
6 13
9 13
1 14
2 14
3 14
4 14
5 14
9 14
17555 5 1 3 8 9 10 36
0 1
4 6
3 7
4 7
1 9
3 9
4 9
8 9
1 10
3 10
5 10
6 10
8 10
2 11
5 11
6 11
7 11
9 11
0 12
2 12
5 12
6 12
7 12
8 12
0 13
2 13
3 13
4 13
5 13
8 13
1 14
2 14
5 14
6 14
7 14
8 14
17562 4 0 1 5 8 9 35
0 1
4 6
5 6
6 7
1 8
5 8
1 9
2 9
5 9
3 10
4 10
7 10
8 10
9 10
2 11
3 11
5 11
7 11
0 12
6 12
8 12
9 12
11 12
0 13
2 13
3 13
4 13
7 13
8 13
1 14
2 14
3 14
4 14
7 14
12 14
17578 4 0 1 5 9 10 34
0 1
3 6
2 7
4 7
0 8
7 8
0 9
4 9
5 9
6 9
1 10
2 10
3 10
5 10
4 11
6 11
8 11
10 11
3 12
7 12
9 12
11 12
1 13
2 13
5 13
6 13
8 13
12 13
1 14
2 14
3 14
4 14
5 14
8 14
17579 3 0 4 6 7 11 36
0 1
3 6
2 7
4 7
6 7
1 10
2 10
3 10
8 10
9 10
0 11
4 11
5 11
6 11
8 11
9 11
1 12
3 12
5 12
7 12
8 12
9 12
0 13
2 13
4 13
5 13
6 13
8 13
9 13
1 14
2 14
3 14
4 14
5 14
8 14
9 14
17582 5 0 1 2 8 11 34
0 1
3 6
5 6
4 7
6 7
0 8
4 8
5 8
7 9
1 10
5 10
7 10
1 11
2 11
6 11
8 11
9 11
2 12
3 12
8 12
9 12
10 12
0 13
2 13
3 13
4 13
9 13
10 13
1 14
2 14
3 14
4 14
5 14
9 14
17599 6 0 1 2 6 7 35
0 1
2 6
0 7
2 7
3 7
1 8
3 8
6 8
4 9
5 9
7 9
8 9
7 10
8 10
2 11
3 11
9 11
0 12
4 12
5 12
6 12
10 12
11 12
1 13
4 13
5 13
6 13
10 13
11 13
1 14
2 14
3 14
4 14
5 14
10 14
17602 2 0 1 2 6 9 35
0 1
2 6
5 6
3 7
4 7
6 7
2 8
0 9
2 9
3 10
4 10
5 10
8 10
9 10
2 11
7 11
10 11
1 12
4 12
5 12
8 12
9 12
11 12
1 13
3 13
6 13
8 13
9 13
11 13
0 14
3 14
4 14
5 14
8 14
11 14
17603 4 2 5 6 7 10 36
0 1
2 6
5 6
2 7
5 7
0 10
2 10
4 10
5 10
8 10
9 10
1 11
3 11
4 11
5 11
8 11
9 11
3 12
4 12
6 12
7 12
8 12
9 12
1 13
3 13
6 13
7 13
8 13
9 13
0 14
3 14
4 14
6 14
7 14
8 14
9 14
17606 5 0 2 4 6 12 35
0 1
2 6
4 6
0 7
1 8
3 8
6 8
5 9
6 9
7 9
5 10
7 10
8 10
4 11
5 11
7 11
8 11
0 12
2 12
3 12
4 12
9 12
10 12
1 13
2 13
3 13
4 13
5 13
7 13
1 14
2 14
3 14
9 14
10 14
11 14
17614 5 0 1 8 10 11 38
0 1
2 6
3 6
1 7
6 7
1 8
4 8
5 8
6 8
0 9
4 9
5 9
6 9
1 10
2 10
3 10
9 10
0 11
8 11
10 11
2 12
3 12
4 12
5 12
7 12
11 12
2 13
3 13
4 13
5 13
7 13
11 13
0 14
2 14
3 14
4 14
5 14
7 14
17629 6 0 1 2 6 7 34
0 1
1 6
2 7
6 7
0 8
2 8
6 9
8 9
1 10
2 10
3 10
9 10
4 11
5 11
7 11
8 11
10 11
3 12
4 12
5 12
6 12
8 12
0 13
3 13
4 13
5 13
7 13
9 13
1 14
2 14
3 14
4 14
5 14
9 14
17631 5 0 1 6 7 14 35
0 1
1 6
1 7
5 7
1 8
3 8
5 8
7 9
8 9
2 10
6 10
7 10
8 10
2 11
4 11
5 11
6 11
9 11
2 12
3 12
4 12
6 12
9 12
0 13
3 13
4 13
5 13
9 13
10 13
0 14
2 14
3 14
4 14
6 14
7 14
17634 6 0 1 6 8 10 35
0 1
1 6
1 7
3 7
1 8
3 8
4 8
5 8
5 9
7 9
2 10
6 10
8 10
9 10
2 11
3 11
6 11
9 11
2 12
4 12
5 12
6 12
7 12
0 13
4 13
5 13
7 13
10 13
11 13
0 14
2 14
3 14
4 14
6 14
9 14
17635 5 2 3 4 12 14 35
0 1
1 6
1 7
3 7
4 7
1 8
2 8
5 8
5 9
7 9
3 10
6 10
8 10
9 10
4 11
6 11
8 11
9 11
2 12
3 12
4 12
5 12
6 12
0 13
2 13
5 13
7 13
10 13
11 13
0 14
2 14
3 14
4 14
6 14
9 14
17639 5 2 5 6 7 8 36
0 1
1 6
5 6
2 7
6 7
2 8
5 8
5 9
5 10
1 11
2 11
3 11
4 11
9 11
10 11
0 12
2 12
3 12
4 12
6 12
9 12
10 12
0 13
3 13
4 13
7 13
8 13
9 13
10 13
1 14
3 14
4 14
7 14
8 14
9 14
10 14
17640 6 0 1 2 6 13 34
0 1
1 6
5 6
1 7
2 8
3 8
7 9
8 9
3 10
4 10
5 10
7 10
2 11
6 11
9 11
10 11
0 12
4 12
5 12
7 12
8 12
11 12
0 13
2 13
3 13
4 13
6 13
9 13
1 14
2 14
3 14
4 14
5 14
9 14
17651 5 0 4 5 11 12 38
0 1
1 6
2 6
3 6
6 7
6 8
2 9
3 9
2 10
3 10
0 11
2 11
3 11
4 11
5 11
7 11
8 11
0 12
4 12
5 12
7 12
8 12
9 12
10 12
1 13
4 13
5 13
7 13
8 13
9 13
10 13
1 14
4 14
5 14
7 14
8 14
9 14
10 14
17522 4 0 1 2 7 11 35
0 1
0 7
2 7
2 8
5 9
6 9
7 9
1 10
3 10
4 10
8 10
9 10
1 11
2 11
9 11
1 12
2 12
3 12
4 12
5 12
6 12
3 13
4 13
5 13
6 13
7 13
8 13
11 13
0 14
3 14
4 14
5 14
6 14
8 14
11 14
17652 5 1 4 5 13 14 36
0 1
1 6
2 6
3 6
4 7
6 7
5 8
6 8
3 9
7 9
8 9
7 10
8 10
0 11
2 11
3 11
7 11
8 11
0 12
2 12
4 12
5 12
9 12
10 12
1 13
2 13
3 13
4 13
5 13
10 13
1 14
4 14
5 14
9 14
10 14
11 14
17658 5 4 5 6 11 12 36
0 1
0 6
6 7
6 8
1 9
2 9
7 9
8 9
1 10
3 10
7 10
8 10
2 11
4 11
5 11
6 11
10 11
3 12
4 12
5 12
6 12
9 12
0 13
2 13
3 13
4 13
5 13
7 13
8 13
1 14
2 14
3 14
4 14
5 14
7 14
8 14
17662 5 2 5 6 7 8 35
0 1
0 6
2 7
5 7
6 7
2 8
5 8
6 8
3 9
4 9
6 9
3 10
4 10
6 10
1 11
2 11
5 11
9 11
10 11
1 12
3 12
4 12
7 12
8 12
0 13
2 13
3 13
4 13
5 13
1 14
7 14
8 14
9 14
10 14
13 14
17669 5 0 1 4 6 11 35
0 1
0 6
5 6
5 7
1 8
5 8
2 9
3 9
5 9
4 10
6 10
7 10
8 10
9 10
1 11
4 11
6 11
9 11
1 12
2 12
3 12
4 12
7 12
0 13
2 13
3 13
7 13
8 13
11 13
2 14
3 14
4 14
6 14
7 14
8 14
17670 4 0 1 2 6 13 36
0 1
0 6
5 6
2 7
3 7
0 10
4 10
5 10
7 10
8 10
9 10
1 11
4 11
6 11
7 11
8 11
9 11
2 12
3 12
4 12
5 12
8 12
9 12
1 13
2 13
3 13
6 13
8 13
9 13
1 14
2 14
3 14
4 14
5 14
8 14
9 14
17594 5 0 1 8 9 11 38
0 1
2 6
1 7
6 7
0 8
4 8
5 8
6 8
0 9
6 9
1 10
3 10
4 10
5 10
6 10
1 11
2 11
3 11
8 11
9 11
2 12
3 12
4 12
5 12
7 12
9 12
2 13
3 13
4 13
5 13
7 13
9 13
0 14
2 14
3 14
4 14
5 14
7 14
17462 5 0 1 2 3 10 36
0 1
3 7
4 7
1 8
5 8
6 8
7 8
5 9
6 9
7 9
1 10
2 10
3 10
4 10
9 10
2 11
4 11
5 11
6 11
0 12
3 12
8 12
9 12
11 12
0 13
2 13
3 13
4 13
5 13
6 13
1 14
2 14
5 14
6 14
7 14
12 14
17685 5 0 1 2 6 10 34
0 1
0 6
2 6
5 6
0 7
3 7
4 7
1 8
1 9
1 10
2 10
3 10
4 10
5 10
2 11
5 11
7 11
8 11
9 11
2 12
5 12
7 12
8 12
9 12
3 13
4 13
6 13
8 13
9 13
3 14
4 14
6 14
8 14
9 14
17686 5 0 1 5 6 9 36
0 1
0 6
2 6
4 6
1 9
5 9
6 9
7 9
8 9
1 10
4 10
5 10
3 11
6 11
7 11
8 11
10 11
2 12
3 12
7 12
8 12
10 12
0 13
2 13
3 13
4 13
5 13
7 13
8 13
1 14
2 14
3 14
4 14
5 14
7 14
8 14
17687 4 0 1 2 6 10 35
0 1
0 6
2 6
3 6
4 7
5 7
6 7
4 8
5 8
3 9
5 9
1 10
6 10
8 10
9 10
1 11
2 11
3 11
4 11
5 11
2 12
7 12
8 12
9 12
0 13
3 13
4 13
10 13
12 13
1 14
2 14
7 14
8 14
9 14
13 14
17690 5 1 3 4 10 12 36
0 1
0 6
2 6
3 6
4 6
5 6
3 7
4 7
5 8
5 9
1 10
3 10
4 10
8 10
9 10
1 11
2 11
7 11
8 11
9 11
1 12
3 12
4 12
5 12
0 13
2 13
7 13
8 13
9 13
12 13
0 14
2 14
7 14
8 14
9 14
12 14
17697 6 0 6 7 11 12 35
0 1
4 5
1 8
2 8
3 8
4 8
3 9
5 9
2 10
3 10
5 10
0 11
6 11
7 11
8 11
9 11
10 11
0 12
2 12
3 12
5 12
6 12
7 12
1 13
2 13
4 13
6 13
7 13
9 13
1 14
4 14
6 14
7 14
9 14
10 14
17702 5 1 3 4 8 13 35
0 1
4 5
2 7
1 8
2 8
3 8
4 8
8 9
2 10
5 10
6 10
9 10
0 11
3 11
4 11
6 11
7 11
9 11
0 12
2 12
5 12
6 12
9 12
1 13
3 13
4 13
7 13
10 13
12 13
1 14
3 14
5 14
6 14
7 14
9 14
17703 5 0 1 2 7 8 35
0 1
4 5
2 7
6 7
1 8
2 8
3 8
5 9
6 9
8 9
5 10
6 10
0 11
4 11
7 11
8 11
10 11
0 12
2 12
3 12
4 12
9 12
10 12
1 13
3 13
4 13
7 13
9 13
10 13
1 14
2 14
3 14
5 14
6 14
11 14
17698 4 0 1 4 8 10 37
0 1
4 5
0 8
2 8
4 8
5 9
6 9
7 9
8 9
1 10
4 10
9 10
1 11
2 11
3 11
4 11
6 11
7 11
3 12
5 12
6 12
7 12
8 12
10 12
2 13
3 13
5 13
6 13
7 13
10 13
0 14
2 14
3 14
5 14
6 14
7 14
10 14
17715 3 1 2 4 7 11 38
0 1
4 5
4 6
1 7
2 7
4 7
3 8
5 8
6 8
7 9
8 9
7 10
8 10
1 11
2 11
3 11
4 11
9 11
10 11
0 12
3 12
5 12
6 12
9 12
10 12
0 13
2 13
5 13
6 13
9 13
10 13
1 14
2 14
3 14
5 14
6 14
9 14
10 14
17720 4 0 2 4 10 11 36
0 1
4 5
3 6
1 7
5 7
2 8
3 8
7 8
3 9
7 9
0 10
2 10
4 10
6 10
9 10
0 11
2 11
4 11
6 11
9 11
1 12
5 12
8 12
10 12
11 12
1 13
5 13
6 13
8 13
9 13
2 14
3 14
4 14
7 14
12 14
13 14
17733 4 0 1 3 7 9 35
0 1
4 5
0 6
0 7
3 7
5 7
1 8
5 8
1 9
3 9
1 10
3 10
4 10
2 11
5 11
6 11
9 11
10 11
2 12
3 12
4 12
6 12
8 12
2 13
6 13
7 13
8 13
9 13
10 13
2 14
4 14
6 14
7 14
8 14
9 14
17737 4 0 1 2 6 9 34
0 1
4 5
0 6
2 6
5 6
0 7
2 7
3 7
4 7
1 8
5 8
1 9
3 9
6 9
1 10
2 10
3 10
7 11
8 11
9 11
10 11
4 12
6 12
8 12
10 12
3 13
5 13
11 13
12 13
2 14
4 14
8 14
9 14
13 14
17734 5 0 1 6 7 8 35
0 1
4 5
0 6
5 6
1 7
6 8
7 8
2 9
3 9
4 9
6 9
7 10
9 10
1 11
5 11
8 11
10 11
0 12
2 12
3 12
4 12
7 12
11 12
0 13
2 13
3 13
5 13
8 13
10 13
1 14
2 14
3 14
4 14
8 14
10 14
17740 5 0 1 2 4 14 35
0 1
3 5
5 6
5 7
3 8
4 8
0 9
6 9
7 9
8 9
1 10
6 10
7 10
8 10
0 11
5 11
8 11
2 12
3 12
4 12
9 12
10 12
11 12
2 13
3 13
4 13
9 13
10 13
11 13
1 14
2 14
4 14
6 14
7 14
11 14
17747 4 0 1 2 10 11 36
0 1
3 5
3 6
2 7
2 8
3 8
0 9
2 9
4 9
5 9
6 9
0 10
2 10
3 10
4 10
1 11
5 11
6 11
7 11
10 11
1 12
4 12
5 12
7 12
8 12
1 13
4 13
6 13
7 13
8 13
0 14
4 14
5 14
6 14
7 14
8 14
17751 3 0 3 5 6 10 36
0 1
3 5
3 6
4 6
1 7
5 7
1 8
3 8
2 9
3 9
7 9
0 10
5 10
6 10
9 10
0 11
2 11
4 11
5 11
8 11
1 12
6 12
9 12
11 12
2 13
4 13
7 13
8 13
10 13
12 13
2 14
4 14
7 14
8 14
10 14
12 14
17752 5 0 1 2 6 11 34
0 1
3 5
2 6
5 7
4 8
6 8
7 8
4 9
5 9
6 9
1 10
8 10
9 10
1 11
2 11
3 11
7 11
9 11
0 12
2 12
5 12
8 12
3 13
4 13
6 13
7 13
10 13
12 13
0 14
2 14
3 14
4 14
7 14
10 14
17693 5 2 3 4 9 11 36
0 1
4 5
1 9
2 9
3 9
4 9
5 10
6 10
7 10
8 10
9 10
0 11
2 11
3 11
4 11
10 11
1 12
5 12
6 12
7 12
8 12
11 12
1 13
2 13
3 13
4 13
6 13
7 13
8 13
0 14
2 14
3 14
5 14
6 14
7 14
8 14
17761 5 3 5 7 9 10 36
0 1
3 5
0 6
4 6
5 6
3 7
5 8
1 9
2 9
3 9
8 9
4 10
5 10
7 10
9 10
1 11
2 11
6 11
7 11
8 11
0 12
2 12
4 12
7 12
8 12
0 13
2 13
4 13
7 13
8 13
1 14
3 14
6 14
10 14
12 14
13 14
17768 5 0 1 2 6 8 35
0 1
3 5
4 5
2 6
4 7
6 7
1 8
2 8
4 8
1 9
2 9
5 9
3 10
7 10
8 10
9 10
3 11
7 11
8 11
0 12
4 12
6 12
9 12
11 12
0 13
5 13
6 13
10 13
11 13
1 14
2 14
3 14
7 14
12 14
13 14
17771 5 0 1 2 5 10 36
0 1
2 5
5 9
6 9
7 9
8 9
0 10
5 10
6 10
1 11
2 11
3 11
4 11
9 11
10 11
1 12
2 12
3 12
4 12
7 12
8 12
10 12
0 13
2 13
3 13
4 13
6 13
7 13
8 13
1 14
3 14
4 14
5 14
6 14
7 14
8 14
17773 3 0 1 5 9 10 37
0 1
2 5
1 9
5 9
6 9
7 9
8 9
1 10
5 10
7 10
8 10
2 11
3 11
4 11
6 11
10 11
0 12
3 12
4 12
5 12
6 12
7 12
8 12
0 13
2 13
3 13
4 13
6 13
7 13
8 13
1 14
2 14
3 14
4 14
6 14
7 14
8 14
17772 3 1 2 3 11 12 36
0 1
2 5
4 9
5 9
6 9
8 9
1 10
5 10
6 10
7 10
8 10
1 11
2 11
3 11
7 11
9 11
1 12
2 12
3 12
4 12
7 12
8 12
0 13
2 13
3 13
4 13
6 13
7 13
8 13
0 14
3 14
4 14
5 14
6 14
7 14
8 14
17786 3 2 5 6 8 9 37
0 1
2 5
4 6
5 6
3 7
4 7
1 8
5 8
7 8
2 9
6 9
8 9
0 10
3 10
4 10
9 10
0 11
3 11
5 11
9 11
0 12
2 12
3 12
4 12
8 12
1 13
6 13
7 13
10 13
11 13
12 13
1 14
2 14
6 14
7 14
10 14
11 14
17781 4 0 1 7 9 11 38
0 1
2 5
1 7
2 7
2 8
0 9
6 9
7 9
8 9
0 10
2 10
3 10
4 10
6 10
1 11
3 11
4 11
5 11
9 11
1 12
3 12
4 12
5 12
6 12
8 12
3 13
4 13
5 13
6 13
7 13
8 13
0 14
3 14
4 14
5 14
6 14
7 14
8 14
17787 5 0 1 2 9 10 34
0 1
2 5
3 6
0 8
4 8
6 8
7 8
0 9
3 9
5 9
7 9
1 10
2 10
4 10
9 10
5 11
6 11
10 11
2 12
3 12
8 12
11 12
1 13
4 13
5 13
6 13
7 13
12 13
1 14
2 14
3 14
4 14
7 14
11 14
17792 1 0 1 2 3 6 36
0 1
2 5
2 6
3 6
3 7
5 7
3 8
4 8
7 9
8 9
1 10
4 10
6 10
9 10
4 11
5 11
6 11
9 11
2 12
7 12
8 12
10 12
11 12
1 13
3 13
4 13
5 13
9 13
12 13
0 14
2 14
7 14
8 14
10 14
11 14
13 14
17796 5 0 3 4 11 12 36
0 1
2 5
1 6
2 6
6 7
6 8
5 9
7 9
8 9
2 10
3 10
4 10
9 10
0 11
3 11
4 11
6 11
9 11
0 12
2 12
3 12
4 12
7 12
8 12
1 13
5 13
7 13
8 13
10 13
11 13
1 14
3 14
4 14
5 14
7 14
8 14
17798 5 0 1 5 6 9 35
0 1
2 5
0 6
5 6
1 8
3 8
4 8
5 8
7 8
1 9
5 9
7 9
2 10
3 10
7 10
4 11
6 11
9 11
10 11
4 12
6 12
9 12
10 12
0 13
2 13
3 13
7 13
11 13
12 13
1 14
2 14
3 14
4 14
6 14
7 14
17799 5 0 1 2 7 10 35
0 1
2 5
0 6
5 6
0 7
5 8
7 8
6 9
1 10
2 10
7 10
9 10
3 11
4 11
6 11
8 11
10 11
1 12
3 12
4 12
5 12
7 12
9 12
0 13
2 13
3 13
4 13
8 13
9 13
1 14
2 14
3 14
4 14
8 14
9 14
17801 5 0 2 5 6 10 35
0 1
2 5
0 6
3 6
5 6
5 7
6 8
1 9
5 9
8 9
2 10
6 10
9 10
1 11
4 11
7 11
8 11
10 11
3 12
4 12
7 12
8 12
10 12
0 13
2 13
3 13
4 13
7 13
9 13
1 14
2 14
3 14
4 14
7 14
8 14
17797 5 0 1 3 6 14 36
0 1
2 5
0 6
5 9
6 9
7 9
8 9
5 10
6 10
1 11
2 11
3 11
4 11
9 11
10 11
0 12
2 12
3 12
4 12
7 12
8 12
10 12
1 13
2 13
3 13
4 13
7 13
8 13
10 13
1 14
3 14
4 14
5 14
6 14
7 14
8 14
17802 4 0 1 8 9 13 35
0 1
2 5
0 6
2 6
4 6
1 7
5 7
1 8
1 9
3 10
5 10
6 10
8 10
2 11
4 11
7 11
9 11
10 11
3 12
6 12
7 12
8 12
9 12
0 13
3 13
4 13
5 13
8 13
9 13
2 14
3 14
4 14
7 14
8 14
9 14
17418 5 5 6 8 9 10 36
0 1
0 8
7 8
4 9
5 9
6 9
8 9
5 10
6 10
8 10
1 11
2 11
3 11
4 11
7 11
10 11
1 12
2 12
3 12
7 12
9 12
10 12
0 13
2 13
3 13
4 13
5 13
6 13
7 13
1 14
2 14
3 14
4 14
5 14
6 14
8 14
17803 5 0 1 5 7 8 35
0 1
2 5
0 6
2 6
3 6
1 7
5 7
1 8
5 8
4 9
6 9
7 9
8 9
6 10
7 10
8 10
1 11
3 11
4 11
10 11
2 12
3 12
4 12
10 12
0 13
5 13
9 13
11 13
12 13
2 14
3 14
4 14
7 14
8 14
13 14
17809 5 0 2 4 5 13 37
0 1
2 5
4 5
3 6
4 6
0 10
5 10
6 10
7 10
8 10
9 10
1 11
2 11
6 11
7 11
8 11
9 11
1 12
3 12
5 12
7 12
8 12
9 12
0 13
2 13
3 13
4 13
7 13
8 13
9 13
1 14
2 14
3 14
4 14
7 14
8 14
9 14
17810 4 0 1 4 6 9 35
0 1
2 5
4 5
0 6
5 7
1 9
4 9
6 9
7 9
8 9
1 10
2 10
7 10
3 11
4 11
6 11
8 11
10 11
3 12
5 12
6 12
8 12
10 12
0 13
2 13
3 13
4 13
7 13
8 13
1 14
2 14
3 14
6 14
7 14
8 14
17818 4 2 3 4 5 12 36
0 1
2 5
3 5
0 6
5 7
6 7
6 8
6 9
1 10
4 10
5 10
8 10
9 10
1 11
7 11
8 11
9 11
2 12
3 12
4 12
6 12
11 12
0 13
2 13
3 13
4 13
7 13
8 13
9 13
1 14
2 14
3 14
4 14
7 14
8 14
9 14
17822 5 0 1 6 8 14 39
0 1
2 5
3 5
4 5
1 6
1 7
5 7
1 8
4 8
0 9
7 9
8 9
2 10
3 10
4 10
6 10
9 10
2 11
3 11
4 11
6 11
9 11
2 12
3 12
4 12
6 12
7 12
0 13
5 13
8 13
10 13
11 13
12 13
0 14
2 14
3 14
6 14
7 14
8 14
17829 5 0 1 3 8 10 34
0 1
1 5
2 7
3 7
0 8
2 8
4 8
1 9
4 9
6 9
7 9
1 10
3 10
6 10
8 10
3 11
5 11
8 11
9 11
2 12
4 12
5 12
6 12
0 13
7 13
10 13
11 13
12 13
2 14
3 14
4 14
5 14
6 14
13 14
17843 4 2 3 5 10 12 36
0 1
1 5
2 6
1 9
4 9
6 9
8 9
2 10
3 10
5 10
7 10
9 10
0 11
3 11
4 11
6 11
7 11
8 11
0 12
2 12
3 12
5 12
7 12
8 12
0 13
4 13
5 13
6 13
7 13
8 13
1 14
2 14
3 14
4 14
7 14
8 14
17850 4 0 1 2 6 10 35
0 1
1 5
1 6
4 6
1 7
2 7
3 7
4 7
4 8
2 9
4 9
0 10
2 10
6 10
3 11
5 11
8 11
9 11
10 11
3 12
5 12
8 12
9 12
10 12
2 13
3 13
5 13
6 13
8 13
0 14
5 14
6 14
7 14
8 14
9 14
17837 4 0 1 5 7 9 34
0 1
1 5
4 6
5 7
6 7
4 8
0 9
7 9
8 9
0 10
2 10
3 10
6 10
2 11
3 11
4 11
5 11
9 11
4 12
5 12
9 12
10 12
1 13
2 13
3 13
6 13
8 13
12 13
1 14
2 14
3 14
7 14
8 14
12 14
17857 4 0 1 4 5 9 36
0 1
1 5
4 5
4 6
1 9
3 9
4 9
8 9
1 10
3 10
6 10
7 10
8 10
2 11
5 11
6 11
7 11
8 11
0 12
2 12
3 12
4 12
7 12
8 12
0 13
2 13
5 13
6 13
7 13
9 13
2 14
3 14
5 14
6 14
7 14
8 14
17871 2 0 1 2 3 5 37
0 1
1 5
2 5
3 5
4 5
0 7
6 7
6 8
4 9
7 9
8 9
1 10
6 10
9 10
1 11
6 11
9 11
2 12
3 12
7 12
8 12
10 12
11 12
0 13
2 13
3 13
4 13
8 13
10 13
11 13
2 14
3 14
4 14
7 14
8 14
10 14
11 14
17874 1 0 1 2 5 9 38
0 1
0 5
3 8
4 8
6 8
7 8
1 9
2 9
5 9
6 9
8 10
9 10
1 11
4 11
5 11
6 11
7 11
10 11
2 12
3 12
4 12
5 12
7 12
10 12
0 13
2 13
3 13
4 13
6 13
7 13
10 13
1 14
2 14
3 14
5 14
6 14
7 14
10 14
17867 6 0 1 2 5 13 34
0 1
1 5
2 5
2 6
0 8
6 8
7 8
1 10
3 10
6 10
7 10
9 10
4 11
5 11
6 11
7 11
9 11
3 12
4 12
5 12
8 12
9 12
0 13
2 13
3 13
4 13
7 13
9 13
1 14
2 14
3 14
4 14
8 14
9 14
17875 5 0 1 2 4 8 36
0 1
0 5
1 8
2 8
4 8
1 9
3 9
4 9
5 10
6 10
7 10
8 10
9 10
2 11
5 11
6 11
7 11
9 11
3 12
5 12
6 12
7 12
8 12
0 13
2 13
3 13
4 13
6 13
7 13
1 14
2 14
3 14
4 14
5 14
6 14
7 14
17877 2 0 1 2 5 10 37
0 1
0 5
1 7
2 8
4 8
6 8
7 8
3 9
5 9
6 9
7 9
1 10
2 10
5 10
6 10
8 11
9 11
10 11
0 12
3 12
4 12
6 12
7 12
11 12
2 13
3 13
4 13
5 13
7 13
11 13
1 14
2 14
3 14
4 14
5 14
6 14
11 14
17764 4 0 1 5 10 11 35
0 1
3 5
4 5
6 8
7 8
6 9
7 9
0 10
5 10
6 10
7 10
1 11
2 11
5 11
8 11
9 11
0 12
2 12
3 12
4 12
8 12
9 12
1 13
2 13
3 13
4 13
6 13
7 13
1 14
2 14
3 14
4 14
8 14
9 14
10 14
17885 5 0 1 5 6 10 36
0 1
0 5
1 6
5 9
6 9
7 9
8 9
5 10
6 10
1 11
2 11
3 11
4 11
9 11
10 11
0 12
2 12
3 12
4 12
7 12
8 12
10 12
1 13
2 13
3 13
4 13
7 13
8 13
10 13
2 14
3 14
4 14
5 14
6 14
7 14
8 14
17888 5 0 1 5 6 12 34
0 1
0 5
1 6
4 7
5 7
3 8
4 8
5 8
4 9
1 10
7 10
8 10
9 10
2 11
3 11
4 11
6 11
10 11
2 12
3 12
5 12
6 12
9 12
2 13
3 13
6 13
7 13
9 13
0 14
2 14
6 14
7 14
8 14
9 14
17887 5 0 1 5 6 9 35
0 1
0 5
1 6
5 7
6 8
7 8
5 9
6 9
1 10
4 10
7 10
9 10
2 11
3 11
5 11
8 11
10 11
0 12
2 12
3 12
4 12
6 12
7 12
0 13
2 13
3 13
4 13
8 13
9 13
1 14
2 14
3 14
4 14
8 14
9 14
17892 3 0 1 5 6 9 36
0 1
0 5
1 6
2 6
5 9
6 9
1 10
3 10
7 10
8 10
9 10
3 11
4 11
5 11
6 11
7 11
8 11
2 12
3 12
4 12
7 12
8 12
9 12
0 13
2 13
4 13
7 13
8 13
9 13
1 14
2 14
3 14
4 14
5 14
7 14
8 14
17893 5 0 1 4 6 10 35
0 1
0 5
0 6
1 7
6 8
7 8
5 9
7 9
1 10
4 10
6 10
9 10
2 11
3 11
5 11
8 11
10 11
2 12
3 12
4 12
5 12
6 12
7 12
0 13
2 13
3 13
4 13
8 13
9 13
1 14
2 14
3 14
4 14
8 14
9 14
17889 4 0 1 2 8 10 37
0 1
0 5
1 6
1 7
1 8
2 8
3 8
4 8
2 9
3 9
0 10
2 10
3 10
4 11
5 11
6 11
7 11
9 11
10 11
4 12
5 12
6 12
7 12
9 12
10 12
5 13
6 13
7 13
8 13
9 13
10 13
2 14
3 14
4 14
5 14
6 14
7 14
17901 5 0 1 4 5 6 35
0 1
0 5
4 5
0 6
2 6
3 6
4 6
2 7
2 8
2 9
3 9
1 10
4 10
7 10
8 10
9 10
1 11
4 11
9 11
3 12
5 12
7 12
8 12
11 12
3 13
5 13
7 13
8 13
11 13
1 14
5 14
6 14
7 14
8 14
9 14
17897 4 1 2 4 9 12 38
0 1
0 5
4 5
1 9
2 9
4 9
3 10
5 10
6 10
7 10
8 10
9 10
3 11
5 11
6 11
7 11
8 11
9 11
1 12
2 12
4 12
6 12
7 12
8 12
0 13
2 13
3 13
4 13
6 13
7 13
8 13
1 14
2 14
3 14
5 14
6 14
7 14
8 14
17902 4 0 1 2 6 7 36
0 1
0 5
4 5
0 6
2 6
3 6
4 6
1 7
6 7
3 8
2 9
4 9
7 9
8 9
2 10
5 10
8 10
5 11
7 11
8 11
1 12
3 12
4 12
10 12
11 12
1 13
3 13
9 13
10 13
11 13
2 14
5 14
7 14
8 14
12 14
13 14
17905 4 2 3 7 8 9 36
0 1
0 5
3 5
0 6
4 6
1 7
2 8
3 8
4 8
7 8
2 9
3 9
6 9
7 9
2 10
5 10
7 10
5 11
6 11
8 11
1 12
3 12
4 12
10 12
11 12
1 13
4 13
9 13
10 13
11 13
2 14
5 14
6 14
7 14
12 14
13 14
17906 5 0 1 5 6 8 35
0 1
0 5
2 5
1 8
5 8
6 8
7 8
0 9
3 9
4 9
7 9
3 10
4 10
5 10
2 11
6 11
9 11
10 11
1 12
2 12
3 12
4 12
6 12
7 12
1 13
2 13
6 13
7 13
10 13
0 14
3 14
4 14
8 14
11 14
13 14
17904 5 0 1 3 5 13 34
0 1
0 5
3 5
3 6
4 6
0 7
6 7
5 8
1 9
2 9
6 9
8 9
2 10
7 10
8 10
2 11
7 11
8 11
4 12
5 12
9 12
10 12
11 12
1 13
3 13
4 13
10 13
11 13
1 14
2 14
3 14
4 14
7 14
8 14
17883 3 0 1 5 9 13 35
0 1
0 5
3 6
2 7
4 8
5 8
6 8
7 8
0 9
3 9
7 9
2 10
5 10
6 10
1 11
3 11
4 11
7 11
10 11
1 12
2 12
4 12
6 12
9 12
1 13
2 13
4 13
5 13
9 13
0 14
3 14
8 14
10 14
12 14
13 14
17099 4 0 1 2 3 5 35
0 2
0 3
1 4
1 5
2 5
3 7
2 8
1 9
6 9
7 9
8 9
4 10
6 10
7 10
8 10
3 11
5 11
9 11
10 11
3 12
4 12
5 12
6 12
8 12
2 13
4 13
6 13
7 13
11 13
0 14
4 14
5 14
6 14
7 14
8 14
17914 5 0 1 2 5 6 36
0 1
0 5
2 5
1 6
5 6
3 7
4 7
5 7
1 10
2 10
7 10
8 10
9 10
2 11
6 11
7 11
8 11
9 11
0 12
3 12
4 12
6 12
8 12
9 12
1 13
3 13
4 13
5 13
8 13
9 13
2 14
3 14
4 14
6 14
8 14
9 14
17917 3 0 2 3 5 13 39
0 1
0 5
2 5
3 5
4 6
2 7
3 7
6 7
0 8
6 8
5 9
6 9
5 10
6 10
1 11
4 11
7 11
8 11
9 11
10 11
1 12
4 12
7 12
8 12
9 12
10 12
2 13
3 13
4 13
8 13
9 13
10 13
1 14
2 14
3 14
4 14
8 14
9 14
10 14
17927 5 0 1 3 7 8 35
0 1
3 4
0 7
3 7
1 8
3 8
1 9
4 9
1 10
4 10
5 10
6 10
2 11
7 11
8 11
9 11
10 11
0 12
2 12
3 12
5 12
6 12
9 12
2 13
4 13
5 13
6 13
7 13
8 13
2 14
5 14
6 14
7 14
8 14
9 14
17932 4 0 1 4 7 8 35
0 1
3 4
2 6
0 7
4 7
5 7
0 8
4 8
1 9
5 9
6 9
8 9
5 10
6 10
8 10
4 11
6 11
1 12
2 12
3 12
5 12
8 12
11 12
1 13
2 13
3 13
7 13
10 13
11 13
2 14
3 14
7 14
9 14
10 14
11 14
17933 3 1 2 3 6 11 37
0 1
3 4
1 6
2 6
3 6
6 7
4 8
5 8
6 8
8 9
8 10
1 11
2 11
3 11
7 11
9 11
10 11
1 12
4 12
5 12
7 12
9 12
10 12
0 13
2 13
3 13
5 13
7 13
9 13
10 13
0 14
2 14
4 14
5 14
7 14
9 14
10 14
17918 5 0 1 2 5 8 36
0 1
0 5
2 5
3 5
4 6
5 6
5 7
1 8
2 8
3 8
7 8
6 9
8 9
2 10
3 10
6 10
2 11
6 11
0 12
4 12
7 12
9 12
10 12
11 12
1 13
3 13
4 13
7 13
9 13
11 13
1 14
4 14
7 14
9 14
10 14
11 14
17939 5 0 1 3 4 12 35
0 1
3 4
4 5
2 6
4 7
6 7
2 8
5 8
7 8
2 9
5 9
7 9
2 10
4 10
1 11
5 11
7 11
10 11
0 12
3 12
5 12
6 12
10 12
1 13
3 13
6 13
8 13
9 13
10 13
0 14
3 14
6 14
8 14
9 14
11 14
17947 4 0 1 8 9 12 36
0 1
3 4
3 5
2 6
4 6
2 7
3 7
1 8
5 8
6 8
1 9
2 9
5 9
5 10
6 10
7 10
4 11
7 11
8 11
9 11
0 12
4 12
8 12
9 12
10 12
0 13
2 13
3 13
10 13
11 13
1 14
5 14
6 14
7 14
12 14
13 14
17936 3 0 1 3 6 11 37
0 1
3 4
0 6
2 6
3 6
6 7
4 8
5 8
6 8
8 9
8 10
1 11
3 11
7 11
9 11
10 11
0 12
2 12
4 12
5 12
7 12
9 12
10 12
1 13
2 13
3 13
5 13
7 13
9 13
10 13
1 14
2 14
4 14
5 14
7 14
9 14
10 14
17958 5 0 1 3 7 8 35
0 1
3 4
2 5
4 5
1 6
1 7
3 7
1 8
3 8
5 8
5 9
6 9
7 9
2 10
6 10
7 10
2 11
3 11
6 11
2 12
4 12
6 12
7 12
0 13
8 13
9 13
10 13
11 13
12 13
0 14
4 14
8 14
9 14
10 14
11 14
17963 4 0 1 2 5 11 37
0 1
3 4
1 5
1 6
4 6
6 8
3 9
5 9
7 9
8 9
0 10
6 10
9 10
0 11
2 11
3 11
5 11
6 11
7 11
1 12
2 12
3 12
7 12
8 12
10 12
2 13
4 13
5 13
7 13
8 13
10 13
2 14
4 14
5 14
7 14
8 14
10 14
17967 4 1 2 3 5 11 38
0 1
3 4
1 5
2 5
3 5
5 6
3 7
6 7
0 8
5 8
7 8
0 9
2 9
7 9
1 10
2 10
7 10
1 11
2 11
3 11
4 12
6 12
8 12
9 12
10 12
11 12
4 13
6 13
8 13
9 13
10 13
11 13
4 14
6 14
8 14
9 14
10 14
11 14
17969 5 0 1 3 4 6 36
0 1
3 4
0 5
0 6
2 6
3 6
1 7
3 7
1 8
2 8
4 8
4 9
2 10
5 10
7 10
9 10
2 11
3 11
5 11
9 11
1 12
4 12
10 12
11 12
5 13
6 13
7 13
8 13
9 13
12 13
5 14
6 14
7 14
8 14
9 14
12 14
17806 3 0 4 5 7 8 37
0 1
2 5
4 5
5 6
4 7
0 8
3 8
5 8
7 8
3 9
6 9
7 9
0 10
4 10
9 10
4 11
8 11
9 11
1 12
2 12
6 12
7 12
10 12
11 12
1 13
2 13
3 13
6 13
10 13
11 13
1 14
2 14
3 14
6 14
7 14
10 14
11 14
17970 4 0 1 2 5 9 37
0 1
3 4
0 5
2 5
3 6
5 6
6 7
1 8
3 8
7 8
1 9
2 9
3 9
0 10
4 10
7 10
9 10
4 11
5 11
7 11
9 11
1 12
4 12
5 12
7 12
2 13
6 13
8 13
10 13
11 13
12 13
2 14
6 14
8 14
10 14
11 14
12 14
17979 5 0 1 9 10 12 36
0 1
2 4
4 5
3 8
4 8
6 8
7 8
1 9
3 9
5 9
1 10
5 10
8 10
2 11
6 11
7 11
9 11
10 11
0 12
4 12
6 12
7 12
9 12
10 12
0 13
2 13
3 13
5 13
6 13
7 13
1 14
2 14
3 14
5 14
6 14
7 14
17980 5 0 1 2 3 11 36
0 1
2 4
4 5
1 8
3 8
4 8
6 8
7 8
5 9
6 9
7 9
5 10
6 10
7 10
1 11
2 11
3 11
9 11
10 11
0 12
3 12
4 12
9 12
10 12
0 13
2 13
3 13
5 13
6 13
7 13
1 14
2 14
5 14
6 14
7 14
12 14
17986 4 0 2 3 6 8 36
0 1
2 4
3 5
0 6
2 6
3 6
6 7
2 8
3 8
7 8
8 9
8 10
0 11
4 11
5 11
7 11
9 11
10 11
1 12
4 12
5 12
6 12
9 12
10 12
1 13
2 13
5 13
7 13
9 13
10 13
1 14
3 14
4 14
7 14
9 14
10 14
17988 6 1 2 4 6 14 35
0 1
2 4
3 5
4 5
2 6
3 7
1 8
2 8
3 8
8 9
8 10
0 11
2 11
5 11
7 11
9 11
10 11
0 12
3 12
4 12
6 12
9 12
10 12
1 13
5 13
6 13
7 13
9 13
10 13
1 14
4 14
6 14
7 14
9 14
10 14
17989 3 0 1 4 7 10 34
0 1
2 4
3 5
4 5
0 6
5 6
0 7
4 7
1 8
1 9
5 9
1 10
3 10
4 10
6 11
7 11
8 11
9 11
10 11
2 12
6 12
8 12
9 12
10 12
2 13
3 13
6 13
7 13
8 13
2 14
3 14
7 14
8 14
9 14
17991 5 0 2 4 5 12 36
0 1
2 4
2 5
3 6
3 7
1 8
2 8
3 8
8 9
8 10
0 11
2 11
6 11
7 11
9 11
10 11
0 12
3 12
4 12
5 12
9 12
10 12
1 13
4 13
5 13
6 13
7 13
9 13
10 13
1 14
4 14
5 14
6 14
7 14
9 14
10 14
17995 4 0 1 3 6 10 35
0 1
2 4
2 5
3 5
0 6
3 6
4 6
4 7
1 9
5 9
7 9
8 9
1 10
3 10
4 10
8 10
5 11
6 11
7 11
8 11
2 12
6 12
7 12
8 12
0 13
9 13
10 13
11 13
12 13
1 14
2 14
3 14
7 14
8 14
13 14
17996 5 0 5 6 8 11 36
0 1
2 4
0 5
5 6
5 8
1 9
4 9
8 9
2 10
3 10
5 10
7 10
9 10
0 11
4 11
6 11
7 11
8 11
0 12
2 12
3 12
6 12
7 12
9 12
1 13
3 13
4 13
6 13
7 13
8 13
1 14
2 14
3 14
6 14
7 14
8 14
17997 5 0 2 4 5 6 36
0 1
2 4
0 5
2 5
4 6
5 6
3 7
4 7
5 7
2 8
7 8
2 9
1 10
6 10
7 10
9 10
1 11
3 11
8 11
9 11
0 12
3 12
6 12
8 12
9 12
4 13
5 13
10 13
11 13
12 13
1 14
3 14
6 14
8 14
9 14
13 14
17998 2 0 1 2 5 6 36
0 1
2 4
0 5
2 5
1 6
5 6
4 7
6 7
6 8
1 9
4 9
2 10
3 10
8 10
9 10
2 11
3 11
7 11
8 11
9 11
0 12
4 12
6 12
10 12
1 13
3 13
5 13
7 13
8 13
12 13
3 14
5 14
7 14
8 14
9 14
12 14
17966 4 0 1 5 7 12 40
0 1
3 4
1 5
0 6
3 6
5 6
0 7
2 7
3 7
5 7
2 8
4 8
5 8
2 9
4 9
5 9
2 10
4 10
6 10
2 11
4 11
6 11
1 12
7 12
8 12
9 12
10 12
11 12
1 13
3 13
8 13
9 13
10 13
11 13
0 14
3 14
8 14
9 14
10 14
11 14
18006 5 0 1 9 10 13 36
0 1
2 4
3 4
3 5
3 6
4 7
3 8
1 9
2 9
8 9
1 10
4 10
8 10
5 11
6 11
7 11
9 11
10 11
0 12
2 12
5 12
6 12
7 12
8 12
0 13
5 13
6 13
7 13
9 13
10 13
1 14
2 14
5 14
6 14
7 14
8 14
18000 5 0 2 4 5 6 36
0 1
2 4
0 5
2 5
3 5
4 6
5 6
6 7
6 8
3 9
4 9
3 10
6 10
1 11
3 11
4 11
7 11
8 11
0 12
2 12
7 12
8 12
9 12
10 12
1 13
5 13
7 13
8 13
9 13
10 13
1 14
2 14
7 14
8 14
9 14
10 14
18008 5 0 1 5 6 11 34
0 1
2 4
3 4
2 5
1 6
5 6
5 7
1 9
4 9
7 9
8 9
2 10
9 10
0 11
3 11
5 11
8 11
10 11
3 12
6 12
7 12
8 12
10 12
4 13
6 13
7 13
8 13
10 13
0 14
2 14
3 14
6 14
7 14
8 14
18015 3 0 1 2 5 9 37
0 1
2 4
3 4
1 5
3 5
3 8
0 9
2 9
5 9
6 9
7 9
3 10
9 10
1 11
4 11
6 11
7 11
8 11
10 11
1 12
4 12
6 12
7 12
8 12
10 12
2 13
5 13
6 13
7 13
8 13
10 13
2 14
5 14
6 14
7 14
8 14
10 14
18019 2 0 1 2 4 13 37
0 1
1 4
2 8
4 8
5 8
6 8
1 9
5 9
6 9
7 9
2 10
3 10
6 10
7 10
0 11
8 11
9 11
10 11
3 12
4 12
5 12
6 12
7 12
11 12
0 13
2 13
3 13
4 13
5 13
7 13
1 14
2 14
3 14
5 14
6 14
7 14
11 14
18022 5 0 1 4 12 13 36
0 1
1 4
1 7
2 7
3 7
5 8
6 8
7 8
5 9
6 9
7 9
3 10
5 10
6 10
2 11
4 11
8 11
9 11
10 11
0 12
4 12
8 12
9 12
10 12
0 13
2 13
3 13
4 13
5 13
6 13
1 14
2 14
3 14
5 14
6 14
12 14
18023 3 0 1 4 8 9 36
0 1
1 4
5 6
5 7
4 8
5 8
0 9
7 9
8 9
2 10
3 10
4 10
6 10
9 10
4 11
5 11
9 11
1 12
2 12
3 12
6 12
7 12
11 12
2 13
3 13
6 13
7 13
8 13
11 13
0 14
2 14
3 14
6 14
7 14
8 14
11 14
17912 5 1 2 4 11 14 36
0 1
0 5
2 5
3 6
5 6
3 7
5 7
4 8
5 8
6 9
7 9
8 9
7 10
8 10
1 11
2 11
4 11
6 11
10 11
0 12
3 12
4 12
9 12
10 12
1 13
2 13
6 13
7 13
8 13
12 13
1 14
2 14
3 14
4 14
9 14
10 14
18029 5 0 1 3 6 9 35
0 1
1 4
0 6
3 6
5 7
4 8
5 8
6 8
1 9
2 9
5 9
6 9
3 10
7 10
8 10
9 10
2 11
3 11
4 11
7 11
2 12
4 12
6 12
7 12
0 13
5 13
10 13
11 13
12 13
1 14
2 14
3 14
7 14
8 14
13 14
18036 5 0 1 2 4 13 35
0 1
1 4
3 5
3 6
5 8
4 9
5 9
1 10
6 10
7 10
8 10
9 10
2 11
3 11
4 11
7 11
8 11
0 12
2 12
6 12
7 12
8 12
9 12
0 13
2 13
4 13
5 13
6 13
7 13
1 14
2 14
3 14
7 14
8 14
9 14
18040 2 0 1 3 4 5 37
0 1
1 4
3 5
4 5
5 6
1 9
6 9
7 9
8 9
2 10
6 10
7 10
8 10
0 11
5 11
9 11
10 11
2 12
3 12
4 12
7 12
8 12
11 12
0 13
2 13
3 13
4 13
6 13
7 13
8 13
1 14
2 14
3 14
6 14
7 14
8 14
11 14
18046 3 0 1 4 8 10 37
0 1
1 4
2 5
0 6
3 6
5 6
4 7
5 7
4 8
6 9
1 10
5 10
8 10
9 10
4 11
6 11
10 11
2 12
3 12
7 12
8 12
9 12
11 12
0 13
2 13
3 13
7 13
8 13
9 13
11 13
1 14
2 14
3 14
7 14
8 14
9 14
11 14
18028 4 0 1 2 6 12 37
0 1
1 4
0 6
1 9
5 9
7 9
8 9
2 10
4 10
6 10
9 10
0 11
3 11
5 11
7 11
8 11
10 11
1 12
2 12
3 12
6 12
7 12
8 12
2 13
3 13
4 13
5 13
6 13
7 13
8 13
2 14
3 14
4 14
5 14
6 14
7 14
8 14
18050 4 0 1 4 5 9 36
0 1
1 4
1 5
3 5
2 6
2 7
3 7
2 8
3 8
0 9
4 9
5 9
6 9
0 10
3 10
4 10
6 10
1 11
7 11
8 11
9 11
4 12
6 12
7 12
8 12
2 13
5 13
10 13
11 13
12 13
0 14
4 14
5 14
6 14
7 14
8 14
18051 6 0 1 4 5 14 36
0 1
1 4
1 5
2 5
3 5
3 7
2 8
3 8
0 9
5 9
0 10
2 10
3 10
4 10
6 10
1 11
6 11
7 11
8 11
9 11
4 12
6 12
7 12
8 12
9 12
2 13
4 13
6 13
7 13
9 13
0 14
4 14
5 14
6 14
7 14
8 14
18053 4 0 1 4 5 7 37
0 1
1 4
0 5
5 6
1 7
5 7
0 8
2 8
4 8
6 8
3 9
7 9
8 9
4 10
5 10
9 10
0 11
4 11
9 11
1 12
2 12
3 12
6 12
10 12
11 12
2 13
3 13
6 13
7 13
10 13
11 13
2 14
3 14
6 14
7 14
10 14
11 14
18054 5 0 1 3 5 9 35
0 1
1 4
0 5
1 6
4 7
5 7
6 7
2 8
3 8
6 8
1 9
3 9
5 9
4 10
8 10
9 10
8 11
9 11
0 12
2 12
7 12
10 12
11 12
2 13
3 13
4 13
5 13
6 13
11 13
0 14
2 14
3 14
7 14
10 14
11 14
17911 4 0 1 2 5 13 37
0 1
0 5
2 5
3 6
5 6
6 7
6 8
1 9
2 9
3 9
0 10
3 10
4 10
7 10
8 10
4 11
5 11
7 11
8 11
9 11
4 12
5 12
7 12
8 12
9 12
1 13
2 13
6 13
10 13
11 13
12 13
1 14
2 14
3 14
4 14
7 14
8 14
18062 4 0 1 2 6 10 36
0 1
1 4
3 4
3 5
0 6
5 7
5 8
1 10
2 10
5 10
6 10
9 10
4 11
6 11
7 11
8 11
9 11
0 12
2 12
3 12
7 12
8 12
9 12
2 13
4 13
6 13
7 13
8 13
9 13
1 14
2 14
3 14
6 14
7 14
8 14
9 14
18059 5 0 1 4 5 6 36
0 1
1 4
0 5
2 5
3 5
4 6
5 6
5 7
6 8
6 9
1 10
7 10
8 10
9 10
2 11
3 11
6 11
10 11
0 12
4 12
7 12
8 12
9 12
11 12
2 13
3 13
4 13
7 13
8 13
9 13
1 14
2 14
3 14
7 14
8 14
9 14
18065 4 0 1 2 5 11 37
0 1
1 4
3 4
1 5
2 5
4 9
2 10
4 10
6 10
7 10
8 10
0 11
2 11
6 11
7 11
8 11
9 11
3 12
5 12
6 12
7 12
8 12
9 12
0 13
3 13
5 13
6 13
7 13
8 13
9 13
1 14
2 14
3 14
6 14
7 14
8 14
9 14
18066 6 0 1 3 4 10 36
0 1
1 4
3 4
1 5
2 5
3 5
2 8
3 8
0 9
5 9
0 10
2 10
3 10
6 10
7 10
1 11
6 11
7 11
8 11
9 11
4 12
6 12
7 12
8 12
9 12
2 13
4 13
6 13
7 13
9 13
0 14
4 14
5 14
6 14
7 14
8 14
18067 4 0 1 3 4 5 36
0 1
1 4
3 4
0 5
2 5
3 5
5 6
2 7
3 7
2 8
4 8
1 9
2 9
6 9
6 10
7 10
8 10
6 11
7 11
8 11
0 12
3 12
9 12
10 12
11 12
4 13
5 13
9 13
10 13
11 13
1 14
6 14
7 14
8 14
12 14
13 14
18047 3 0 1 4 5 6 37
0 1
1 4
2 5
4 5
0 6
5 6
0 10
3 10
4 10
7 10
8 10
9 10
1 11
3 11
5 11
7 11
8 11
9 11
2 12
3 12
6 12
7 12
8 12
9 12
2 13
4 13
6 13
7 13
8 13
9 13
1 14
2 14
3 14
6 14
7 14
8 14
9 14
18073 5 0 1 2 10 11 38
0 1
1 4
2 4
3 4
2 8
0 9
3 9
5 9
6 9
7 9
8 9
0 10
2 10
3 10
1 11
5 11
6 11
7 11
8 11
10 11
1 12
2 12
3 12
5 12
6 12
7 12
4 13
5 13
6 13
7 13
8 13
10 13
4 14
5 14
6 14
7 14
8 14
10 14
18078 6 1 2 4 5 14 37
0 1
1 4
2 4
3 4
4 5
4 6
6 7
6 8
5 9
7 9
8 9
5 10
7 10
8 10
0 11
3 11
6 11
9 11
10 11
0 12
2 12
3 12
5 12
7 12
8 12
1 13
2 13
3 13
6 13
9 13
10 13
1 14
2 14
5 14
7 14
8 14
11 14
18079 6 1 6 7 11 12 36
0 1
1 4
2 4
3 4
2 5
3 5
2 7
3 8
0 9
2 9
6 9
8 9
0 10
3 10
6 10
7 10
1 11
6 11
7 11
8 11
1 12
5 12
6 12
7 12
8 12
4 13
5 13
9 13
10 13
11 13
0 14
4 14
5 14
6 14
7 14
8 14
18081 4 0 1 2 4 11 38
0 1
1 4
2 4
3 4
1 5
3 5
3 7
2 8
3 8
6 8
0 9
8 9
0 10
8 10
1 11
2 11
6 11
7 11
9 11
10 11
2 12
5 12
6 12
7 12
9 12
10 12
4 13
5 13
6 13
7 13
9 13
10 13
4 14
5 14
6 14
7 14
9 14
10 14
18082 5 1 2 3 11 13 37
0 1
0 4
4 8
6 8
7 8
4 9
5 9
6 9
7 9
4 10
5 10
6 10
7 10
1 11
2 11
3 11
5 11
8 11
0 12
2 12
3 12
5 12
6 12
7 12
1 13
2 13
3 13
8 13
9 13
10 13
1 14
2 14
3 14
4 14
5 14
6 14
7 14
18071 4 0 1 2 4 10 37
0 1
1 4
2 4
1 5
3 5
0 6
0 10
2 10
3 10
7 10
8 10
9 10
2 11
5 11
6 11
7 11
8 11
9 11
3 12
4 12
6 12
7 12
8 12
9 12
4 13
5 13
6 13
7 13
8 13
9 13
1 14
2 14
3 14
6 14
7 14
8 14
9 14
18087 5 0 1 4 8 12 36
0 1
0 4
4 7
0 8
5 9
6 9
7 9
8 9
4 10
8 10
1 11
2 11
3 11
9 11
10 11
1 12
2 12
3 12
4 12
5 12
6 12
8 12
0 13
2 13
3 13
5 13
6 13
7 13
10 13
1 14
2 14
3 14
5 14
6 14
7 14
10 14
18097 5 0 1 2 4 10 34
0 1
0 4
4 5
1 6
3 6
3 7
3 8
5 8
3 9
4 9
1 10
2 10
7 10
8 10
5 11
6 11
9 11
10 11
2 12
5 12
6 12
7 12
9 12
2 13
4 13
7 13
8 13
11 13
0 14
2 14
6 14
7 14
8 14
9 14
18083 5 0 1 2 9 10 38
0 1
0 4
1 8
3 8
1 9
2 9
3 9
0 10
2 10
3 10
5 10
6 10
7 10
2 11
4 11
5 11
6 11
7 11
8 11
4 12
5 12
6 12
7 12
8 12
9 12
4 13
5 13
6 13
7 13
8 13
9 13
1 14
2 14
3 14
4 14
5 14
6 14
7 14
18098 6 0 1 2 4 8 36
0 1
0 4
3 5
4 6
4 7
1 8
2 8
3 8
4 8
1 9
3 9
6 9
7 9
2 10
4 10
5 10
9 10
2 11
5 11
6 11
7 11
5 12
6 12
7 12
8 12
0 13
3 13
10 13
11 13
12 13
1 14
2 14
5 14
6 14
7 14
13 14
18099 5 0 1 3 4 10 36
0 1
0 4
3 5
4 5
4 6
2 9
3 9
4 9
8 9
1 10
3 10
4 10
7 10
8 10
2 11
5 11
6 11
7 11
8 11
1 12
5 12
6 12
7 12
9 12
0 13
2 13
3 13
6 13
7 13
8 13
1 14
2 14
5 14
6 14
7 14
8 14
18070 3 0 1 2 4 13 35
0 1
1 4
2 4
0 6
4 7
5 7
6 7
4 8
1 10
5 10
6 10
8 10
9 10
2 11
3 11
5 11
6 11
9 11
3 12
5 12
6 12
8 12
9 12
0 13
2 13
3 13
7 13
8 13
9 13
1 14
2 14
3 14
7 14
8 14
9 14
18109 4 0 1 2 5 10 34
0 1
0 4
1 5
2 5
3 6
4 6
4 7
5 7
4 8
5 9
0 10
2 10
3 10
1 11
6 11
8 11
9 11
10 11
6 12
7 12
8 12
9 12
10 12
2 13
3 13
7 13
8 13
9 13
1 14
2 14
3 14
7 14
8 14
9 14
18110 2 0 1 2 4 5 39
0 1
0 4
1 5
2 5
4 5
3 6
1 7
3 7
1 8
0 9
6 9
7 9
8 9
2 10
4 10
6 10
8 10
3 11
5 11
9 11
10 11
3 12
5 12
9 12
10 12
2 13
4 13
6 13
7 13
8 13
11 13
12 13
2 14
4 14
6 14
7 14
8 14
11 14
12 14
18112 3 0 1 3 5 7 36
0 1
0 4
0 5
3 5
1 6
5 6
1 7
3 7
2 9
5 9
7 9
8 9
4 10
6 10
7 10
8 10
2 11
4 11
5 11
8 11
2 12
3 12
4 12
6 12
8 12
1 13
3 13
9 13
10 13
11 13
2 14
4 14
6 14
7 14
8 14
13 14
18117 4 0 1 2 4 8 36
0 1
0 4
3 4
0 5
2 5
1 6
5 6
1 7
3 7
1 8
2 8
4 8
5 9
7 9
5 10
7 10
2 11
4 11
6 11
9 11
10 11
2 12
4 12
7 12
3 13
6 13
8 13
9 13
10 13
12 13
3 14
6 14
8 14
9 14
10 14
12 14
18114 6 0 1 2 9 13 36
0 1
0 4
3 4
3 5
3 6
4 7
4 8
1 9
2 9
3 9
4 10
5 10
6 10
9 10
5 11
6 11
7 11
8 11
9 11
1 12
2 12
7 12
8 12
10 12
0 13
2 13
5 13
6 13
7 13
8 13
1 14
2 14
5 14
6 14
7 14
8 14
18121 4 0 1 2 4 7 37
0 1
0 4
2 4
4 5
4 6
1 7
2 7
3 7
1 8
3 8
5 8
6 8
2 9
8 9
5 10
6 10
9 10
0 11
2 11
3 11
10 11
1 12
3 12
4 12
10 12
5 13
6 13
7 13
9 13
11 13
12 13
5 14
6 14
7 14
9 14
11 14
12 14
18122 4 0 1 4 8 10 35
0 1
0 4
2 4
4 5
0 6
0 7
3 7
1 8
5 9
6 9
7 9
8 9
4 10
8 10
7 11
8 11
2 12
3 12
9 12
10 12
11 12
1 13
2 13
3 13
5 13
6 13
10 13
11 13
1 14
2 14
3 14
5 14
6 14
10 14
11 14
18124 4 0 1 2 4 6 36
0 1
0 4
2 4
0 5
1 6
2 6
1 7
2 7
3 8
7 8
3 9
7 9
3 10
4 10
5 10
6 10
7 10
5 11
6 11
8 11
9 11
4 12
5 12
8 12
9 12
1 13
2 13
3 13
11 13
12 13
4 14
5 14
6 14
8 14
9 14
13 14
18127 6 2 3 4 10 12 36
0 1
0 4
2 4
3 4
4 5
1 8
5 8
6 8
7 8
1 9
2 9
4 10
6 10
7 10
9 10
3 11
5 11
6 11
7 11
9 11
2 12
3 12
8 12
10 12
0 13
5 13
6 13
7 13
9 13
12 13
1 14
2 14
3 14
5 14
6 14
7 14
18154 4 0 1 2 7 10 34
0 1
2 3
2 6
2 7
5 7
4 8
6 8
7 9
8 9
0 10
2 10
9 10
3 11
4 11
5 11
6 11
9 11
1 12
7 12
8 12
10 12
11 12
1 13
3 13
4 13
5 13
6 13
10 13
0 14
3 14
4 14
5 14
9 14
12 14
18160 5 0 1 2 6 12 36
0 1
2 3
0 6
2 6
3 7
4 7
5 7
6 7
4 8
6 8
4 9
4 10
0 11
3 11
5 11
8 11
9 11
10 11
1 12
3 12
5 12
6 12
9 12
10 12
1 13
2 13
5 13
8 13
9 13
10 13
1 14
2 14
7 14
8 14
9 14
10 14
18111 5 2 3 7 8 12 36
0 1
0 4
0 5
1 6
5 6
1 7
2 7
3 7
5 8
7 8
3 9
5 9
3 10
5 10
4 11
6 11
7 11
9 11
10 11
2 12
3 12
4 12
6 12
8 12
1 13
2 13
4 13
8 13
9 13
10 13
2 14
4 14
6 14
8 14
9 14
10 14
18162 5 1 3 8 9 11 36
0 1
2 3
0 6
2 6
5 6
2 7
1 8
3 8
5 8
7 8
1 9
3 9
4 10
6 10
7 10
9 10
4 11
6 11
8 11
9 11
0 12
3 12
4 12
5 12
7 12
0 13
4 13
5 13
7 13
9 13
1 14
2 14
10 14
11 14
12 14
13 14
18167 4 2 3 6 8 9 38
0 1
2 3
4 5
3 6
2 7
5 7
1 8
3 8
5 8
0 9
2 9
4 9
6 9
8 9
4 10
6 10
7 10
8 10
1 11
4 11
6 11
7 11
1 12
4 12
6 12
7 12
0 13
2 13
5 13
10 13
11 13
12 13
0 14
3 14
5 14
10 14
11 14
12 14
18166 3 0 1 3 10 12 35
0 1
2 3
4 5
4 6
3 7
5 9
6 9
7 9
8 9
0 10
3 10
4 10
9 10
1 11
2 11
4 11
7 11
8 11
1 12
3 12
5 12
6 12
8 12
2 13
5 13
6 13
7 13
8 13
10 13
0 14
2 14
5 14
6 14
7 14
8 14
18168 2 0 1 2 8 10 38
0 1
2 3
3 5
5 6
5 7
0 8
4 9
6 9
7 9
8 9
1 10
2 10
4 10
6 10
7 10
8 10
1 11
2 11
5 11
9 11
0 12
2 12
5 12
9 12
3 13
4 13
6 13
7 13
8 13
11 13
12 13
3 14
4 14
6 14
7 14
8 14
11 14
12 14
18184 4 0 1 6 9 14 39
0 1
2 3
3 4
4 5
1 6
3 6
5 6
0 7
2 7
0 8
5 8
1 9
4 9
7 9
8 9
3 10
5 10
7 10
3 11
5 11
7 11
2 12
4 12
6 12
8 12
10 12
11 12
1 13
2 13
4 13
8 13
10 13
11 13
0 14
2 14
6 14
9 14
10 14
11 14
18187 4 0 1 6 7 10 38
0 1
2 3
3 4
3 5
1 6
3 6
1 7
4 8
5 8
4 9
5 9
0 10
2 10
4 10
5 10
6 10
7 10
0 11
3 11
7 11
8 11
9 11
2 12
6 12
7 12
8 12
9 12
2 13
6 13
7 13
8 13
9 13
1 14
4 14
5 14
11 14
12 14
13 14
18192 6 0 2 3 4 12 35
0 1
2 3
2 4
0 7
2 7
1 8
2 8
5 8
6 8
7 9
8 9
5 10
6 10
7 10
5 11
6 11
7 11
0 12
3 12
4 12
5 12
6 12
9 12
1 13
3 13
4 13
9 13
10 13
11 13
1 14
3 14
4 14
9 14
10 14
11 14
18193 3 0 1 6 7 8 38
0 1
2 3
2 4
1 6
1 7
0 8
5 8
6 8
7 8
0 9
3 9
4 9
2 10
5 10
6 10
7 10
9 10
1 11
3 11
4 11
5 11
2 12
8 12
9 12
11 12
3 13
4 13
5 13
6 13
7 13
12 13
0 14
3 14
4 14
5 14
6 14
7 14
12 14
18205 3 0 1 2 4 5 34
0 1
2 3
2 4
1 5
2 5
3 6
5 7
6 7
5 8
4 9
6 9
4 10
6 10
0 11
3 11
8 11
9 11
10 11
0 12
7 12
8 12
9 12
10 12
1 13
3 13
4 13
7 13
8 13
1 14
2 14
7 14
8 14
9 14
10 14
18207 4 0 1 2 5 7 36
0 1
2 3
2 4
0 5
2 5
4 6
5 6
1 7
5 7
3 8
5 8
4 9
7 9
8 9
7 10
8 10
1 11
3 11
6 11
10 11
0 12
3 12
6 12
9 12
10 12
4 13
7 13
8 13
11 13
12 13
1 14
2 14
6 14
9 14
10 14
13 14
18194 1 0 1 2 6 10 38
0 1
2 3
2 4
1 6
2 6
5 6
1 7
3 7
5 7
4 8
5 8
3 9
4 9
0 10
2 10
8 10
9 10
6 11
7 11
8 11
9 11
6 12
7 12
8 12
9 12
3 13
4 13
5 13
10 13
11 13
12 13
1 14
3 14
4 14
5 14
10 14
11 14
12 14
18212 4 0 1 5 6 9 38
0 1
2 3
1 4
1 5
1 6
3 6
3 7
5 7
3 8
4 8
0 9
5 9
6 9
8 9
0 10
2 10
4 10
7 10
5 11
6 11
8 11
10 11
5 12
6 12
8 12
10 12
2 13
4 13
7 13
9 13
11 13
12 13
2 14
4 14
7 14
9 14
11 14
12 14
18213 5 2 3 5 10 11 36
0 1
2 3
1 4
1 5
3 5
1 6
2 6
6 7
5 8
6 8
3 9
4 9
7 9
8 9
2 10
4 10
5 10
7 10
3 11
6 11
10 11
2 12
5 12
9 12
0 13
4 13
7 13
8 13
11 13
12 13
0 14
4 14
7 14
8 14
11 14
12 14
18215 6 0 1 2 4 10 37
0 1
2 3
1 4
0 5
3 9
4 9
5 9
0 10
2 10
4 10
6 10
7 10
8 10
1 11
3 11
5 11
6 11
7 11
8 11
3 12
4 12
5 12
6 12
7 12
8 12
1 13
2 13
6 13
7 13
8 13
9 13
0 14
2 14
6 14
7 14
8 14
9 14
18221 3 0 1 2 4 10 37
0 1
2 3
1 4
2 4
0 8
3 8
5 8
6 8
2 9
5 9
6 9
7 9
1 10
2 10
5 10
6 10
7 10
3 11
4 11
5 11
7 11
3 12
4 12
6 12
7 12
1 13
8 13
9 13
11 13
12 13
0 14
3 14
4 14
5 14
6 14
7 14
13 14
18229 4 0 2 3 5 11 36
0 1
2 3
0 4
0 5
3 5
1 6
3 6
1 7
2 7
5 8
7 8
5 9
7 9
7 10
2 11
4 11
5 11
6 11
10 11
4 12
6 12
8 12
9 12
10 12
1 13
3 13
4 13
8 13
9 13
10 13
2 14
4 14
6 14
8 14
9 14
10 14
18238 4 0 2 3 4 6 38
0 1
2 3
0 4
2 4
3 6
4 6
2 7
5 8
6 8
7 8
0 9
5 9
6 9
7 9
4 10
8 10
9 10
4 11
8 11
9 11
1 12
3 12
5 12
7 12
10 12
11 12
1 13
3 13
5 13
7 13
10 13
11 13
1 14
2 14
5 14
6 14
10 14
11 14
18248 5 0 1 2 3 12 36
0 1
1 3
4 5
2 6
3 6
4 6
1 7
5 7
3 8
5 8
0 9
2 9
4 10
7 10
8 10
9 10
6 11
7 11
8 11
9 11
0 12
2 12
3 12
10 12
11 12
1 13
5 13
6 13
9 13
12 13
0 14
2 14
4 14
7 14
8 14
13 14
18254 2 0 1 2 5 6 37
0 1
1 3
0 5
2 5
1 6
5 6
5 7
1 8
4 8
7 8
2 9
4 9
7 9
0 10
8 10
9 10
5 11
8 11
9 11
2 12
3 12
6 12
7 12
10 12
11 12
3 13
4 13
6 13
7 13
10 13
11 13
2 14
3 14
4 14
6 14
10 14
11 14
18252 3 0 1 3 4 12 36
0 1
1 3
0 5
1 6
4 6
5 6
3 7
4 7
5 7
5 8
1 9
2 9
4 9
8 9
2 10
6 10
8 10
2 11
7 11
8 11
0 12
3 12
4 12
10 12
11 12
3 13
5 13
9 13
10 13
11 13
2 14
6 14
7 14
8 14
12 14
13 14
18260 4 0 1 3 5 6 36
0 1
1 3
2 4
0 5
1 6
4 6
5 6
2 7
3 7
5 7
4 8
5 8
1 9
8 9
7 10
8 10
7 11
8 11
0 12
2 12
6 12
9 12
10 12
11 12
3 13
4 13
5 13
9 13
10 13
11 13
2 14
3 14
6 14
9 14
10 14
11 14
18261 5 0 1 3 5 13 35
0 1
1 3
2 4
0 5
4 5
4 6
0 9
2 9
6 9
7 9
8 9
1 10
5 10
6 10
2 11
3 11
7 11
8 11
10 11
3 12
4 12
7 12
8 12
10 12
3 13
5 13
6 13
7 13
8 13
1 14
2 14
5 14
6 14
7 14
8 14
17513 4 0 1 6 7 8 36
0 1
0 7
6 7
1 8
3 8
6 8
2 9
7 9
8 9
0 10
6 10
9 10
1 11
3 11
4 11
5 11
6 11
9 11
1 12
2 12
3 12
4 12
5 12
10 12
2 13
4 13
5 13
7 13
8 13
10 13
2 14
3 14
4 14
5 14
7 14
10 14
18263 5 2 3 4 5 9 37
0 1
1 3
2 4
3 4
3 5
4 9
5 9
0 10
2 10
5 10
6 10
7 10
8 10
0 11
4 11
5 11
6 11
7 11
8 11
1 12
2 12
6 12
7 12
8 12
9 12
1 13
2 13
6 13
7 13
8 13
9 13
0 14
3 14
6 14
7 14
8 14
9 14
18265 4 0 1 2 3 4 36
0 1
1 3
2 4
3 4
0 5
2 5
4 6
5 6
1 7
5 7
1 8
4 9
7 9
8 9
2 10
6 10
8 10
6 11
7 11
8 11
0 12
3 12
9 12
10 12
11 12
3 13
5 13
9 13
10 13
11 13
2 14
6 14
7 14
8 14
12 14
13 14
18295 4 0 1 2 3 4 36
0 1
1 3
2 3
3 4
0 5
2 5
1 6
5 6
5 7
2 8
4 8
1 9
7 9
8 9
6 10
7 10
8 10
2 11
6 11
7 11
0 12
4 12
9 12
10 12
11 12
4 13
5 13
9 13
10 13
11 13
3 14
6 14
7 14
8 14
12 14
13 14
18301 4 0 1 3 4 14 40
0 1
1 3
2 3
1 4
1 5
0 6
2 6
0 7
3 7
5 7
2 8
5 8
2 9
5 9
2 10
5 10
4 11
6 11
7 11
8 11
9 11
10 11
4 12
6 12
7 12
8 12
9 12
10 12
3 13
4 13
6 13
8 13
9 13
10 13
0 14
3 14
4 14
8 14
9 14
10 14
18292 3 0 1 2 3 12 37
0 1
1 3
2 3
3 4
4 5
4 6
1 9
6 9
7 9
8 9
2 10
5 10
7 10
8 10
0 11
4 11
9 11
10 11
0 12
2 12
5 12
6 12
7 12
8 12
3 13
5 13
6 13
7 13
8 13
11 13
1 14
2 14
5 14
6 14
7 14
8 14
11 14
18302 5 1 2 3 4 9 38
0 1
1 3
2 3
1 4
2 4
3 7
3 8
3 9
4 9
5 9
6 9
0 10
2 10
9 10
0 11
2 11
5 11
6 11
7 11
8 11
1 12
5 12
6 12
7 12
8 12
10 12
4 13
5 13
6 13
7 13
8 13
10 13
4 14
5 14
6 14
7 14
8 14
10 14
18303 4 0 1 2 3 4 39
0 1
1 3
2 3
1 4
2 4
2 5
3 9
4 9
0 10
2 10
6 10
7 10
8 10
9 10
0 11
5 11
6 11
7 11
8 11
9 11
1 12
5 12
6 12
7 12
8 12
9 12
3 13
4 13
5 13
6 13
7 13
8 13
0 14
3 14
4 14
5 14
6 14
7 14
8 14
18310 4 0 1 2 3 13 37
0 1
1 3
2 3
0 4
2 4
3 5
4 5
4 6
4 7
1 8
5 8
5 9
6 10
7 10
8 10
9 10
0 11
5 11
10 11
3 12
6 12
7 12
8 12
9 12
11 12
1 13
2 13
6 13
7 13
9 13
11 13
2 14
6 14
7 14
8 14
9 14
11 14
18262 4 0 1 2 5 8 36
0 1
1 3
2 4
0 5
2 5
4 6
5 6
5 7
1 8
4 8
5 8
8 9
8 10
3 11
4 11
7 11
9 11
10 11
0 12
3 12
6 12
7 12
9 12
10 12
1 13
2 13
6 13
7 13
9 13
10 13
2 14
3 14
6 14
7 14
9 14
10 14
18316 4 0 1 3 5 9 34
0 1
0 3
1 5
4 5
2 6
3 6
4 6
0 7
4 7
3 8
3 9
5 9
5 10
1 11
6 11
7 11
8 11
10 11
2 12
7 12
8 12
9 12
10 12
2 13
4 13
8 13
9 13
10 13
1 14
2 14
7 14
8 14
9 14
10 14
18315 3 0 1 3 6 8 38
0 1
0 3
3 6
4 6
5 6
4 7
5 7
1 8
2 8
6 8
3 9
7 9
8 9
3 10
7 10
8 10
1 11
6 11
7 11
2 12
4 12
5 12
9 12
10 12
11 12
2 13
4 13
5 13
9 13
10 13
11 13
0 14
2 14
4 14
5 14
9 14
10 14
11 14
18327 4 0 1 2 3 7 39
0 1
0 3
2 4
4 6
5 6
1 7
2 7
3 7
0 8
4 8
5 8
1 9
2 9
6 9
8 9
6 10
7 10
8 10
6 11
7 11
8 11
3 12
4 12
5 12
9 12
10 12
11 12
3 13
4 13
5 13
9 13
10 13
11 13
1 14
2 14
3 14
5 14
10 14
11 14
18157 1 0 1 6 7 9 35
0 1
2 3
0 6
1 7
3 8
4 8
7 8
5 9
6 9
7 9
4 10
5 10
6 10
2 11
8 11
9 11
10 11
1 12
2 12
8 12
9 12
10 12
0 13
3 13
4 13
5 13
7 13
11 13
3 14
4 14
5 14
6 14
7 14
11 14
12 14
18326 4 0 1 3 5 11 36
0 1
0 3
3 4
1 5
4 6
3 7
4 8
4 9
1 10
7 10
8 10
9 10
2 11
3 11
5 11
6 11
10 11
2 12
5 12
6 12
7 12
8 12
9 12
2 13
5 13
6 13
7 13
8 13
9 13
0 14
2 14
5 14
6 14
7 14
8 14
9 14
18331 3 0 1 2 4 8 39
0 1
0 3
1 4
3 5
1 6
2 6
1 7
2 7
5 7
0 8
2 8
4 8
5 9
6 9
8 9
5 10
6 10
8 10
5 11
6 11
8 11
3 12
4 12
7 12
9 12
10 12
11 12
3 13
4 13
7 13
9 13
10 13
11 13
2 14
3 14
4 14
9 14
10 14
11 14
18344 5 0 1 3 5 13 37
0 1
0 3
2 3
3 4
1 5
3 5
2 6
5 6
2 7
4 10
5 10
7 10
8 10
9 10
2 11
4 11
5 11
8 11
9 11
0 12
4 12
6 12
7 12
8 12
9 12
1 13
3 13
6 13
7 13
8 13
9 13
1 14
4 14
6 14
7 14
8 14
9 14
18347 4 0 1 2 3 10 35
0 1
0 3
2 3
1 4
1 6
2 7
4 7
5 7
6 7
3 8
6 8
6 9
1 10
3 10
5 10
9 10
4 11
5 11
8 11
9 11
7 12
10 12
11 12
0 13
2 13
4 13
8 13
9 13
12 13
0 14
2 14
5 14
8 14
9 14
12 14
18341 4 0 1 2 3 8 36
0 1
0 3
2 3
0 6
3 7
5 7
6 7
1 8
2 8
4 9
6 9
8 9
7 10
9 10
1 11
2 11
4 11
5 11
6 11
10 11
0 12
4 12
5 12
8 12
10 12
3 13
4 13
5 13
8 13
10 13
1 14
2 14
7 14
9 14
12 14
13 14
18372 6 0 1 2 3 12 34
0 1
1 2
2 7
6 7
3 8
4 8
0 9
5 9
7 9
8 9
1 10
5 10
6 10
8 10
9 11
10 11
0 12
2 12
3 12
4 12
6 12
11 12
1 13
3 13
4 13
5 13
7 13
11 13
2 14
3 14
4 14
5 14
6 14
11 14
18374 4 0 1 2 7 8 36
0 1
1 2
1 7
3 7
6 7
2 8
7 8
3 9
4 9
5 9
0 10
6 10
8 10
9 10
0 11
3 11
4 11
5 11
6 11
8 11
1 12
6 12
8 12
9 12
2 13
3 13
4 13
5 13
10 13
12 13
2 14
4 14
5 14
7 14
10 14
12 14
18329 4 0 1 3 5 12 38
0 1
0 3
2 4
3 4
1 5
2 5
3 5
1 6
2 6
4 7
4 8
4 9
0 10
2 10
3 11
6 11
7 11
8 11
9 11
10 11
1 12
3 12
7 12
8 12
9 12
10 12
5 13
6 13
7 13
8 13
9 13
10 13
5 14
6 14
7 14
8 14
9 14
10 14
18393 3 1 4 5 6 8 37
0 1
1 2
4 6
5 6
0 7
1 8
4 8
5 8
3 9
7 9
8 9
0 10
6 10
9 10
1 11
6 11
9 11
2 12
3 12
7 12
8 12
10 12
11 12
2 13
3 13
4 13
5 13
7 13
10 13
11 13
2 14
3 14
4 14
5 14
7 14
10 14
11 14
18396 3 0 1 2 8 10 35
0 1
1 2
3 6
0 7
4 7
5 7
6 7
1 8
5 8
6 8
3 9
4 9
5 9
2 10
3 10
8 10
2 11
4 11
8 11
0 12
6 12
9 12
10 12
11 12
1 13
7 13
9 13
10 13
11 13
2 14
3 14
4 14
5 14
12 14
13 14
18403 4 0 1 2 5 9 37
0 1
1 2
0 6
1 9
5 9
7 9
8 9
2 10
3 10
6 10
9 10
0 11
4 11
5 11
7 11
8 11
10 11
2 12
3 12
4 12
6 12
7 12
8 12
1 13
3 13
4 13
5 13
6 13
7 13
8 13
2 14
3 14
4 14
5 14
6 14
7 14
8 14
18404 5 0 1 2 5 11 36
0 1
1 2
0 6
1 7
6 8
7 8
3 9
4 9
5 9
6 9
7 9
3 10
4 10
8 10
0 11
2 11
3 11
4 11
5 11
8 11
1 12
3 12
4 12
8 12
2 13
5 13
6 13
7 13
10 13
12 13
2 14
5 14
6 14
7 14
10 14
12 14
18405 6 0 1 2 7 9 35
0 1
1 2
0 6
0 7
1 8
7 8
2 9
3 9
7 9
6 10
8 10
9 10
4 11
5 11
6 11
8 11
9 11
0 12
2 12
3 12
4 12
5 12
10 12
1 13
3 13
4 13
5 13
7 13
10 13
2 14
3 14
4 14
5 14
6 14
8 14
18406 5 0 1 2 6 9 35
0 1
1 2
0 6
0 7
1 8
5 8
1 9
5 9
6 9
2 10
3 10
8 10
9 10
4 11
5 11
6 11
7 11
10 11
3 12
4 12
6 12
7 12
8 12
2 13
3 13
4 13
7 13
8 13
9 13
2 14
3 14
4 14
5 14
6 14
7 14
18407 5 0 1 2 7 8 35
0 1
1 2
0 6
0 7
5 7
1 8
7 8
1 9
3 9
4 9
2 10
7 10
9 10
2 11
5 11
6 11
8 11
9 11
2 12
3 12
4 12
6 12
7 12
3 13
4 13
5 13
6 13
8 13
10 13
3 14
4 14
5 14
6 14
8 14
10 14
18408 6 0 1 2 7 11 35
0 1
1 2
0 6
0 7
3 7
1 8
3 8
5 8
6 8
5 9
7 9
5 10
7 10
2 11
4 11
5 11
6 11
7 11
2 12
4 12
8 12
9 12
10 12
1 13
3 13
4 13
6 13
9 13
10 13
2 14
3 14
4 14
6 14
9 14
10 14
18410 4 0 1 2 7 8 34
0 1
1 2
4 5
2 7
3 7
5 7
0 8
6 8
7 8
0 9
3 9
4 9
1 10
3 10
4 10
6 10
5 11
6 11
9 11
2 12
8 12
10 12
11 12
1 13
5 13
6 13
9 13
12 13
2 14
3 14
4 14
8 14
11 14
13 14
18412 4 0 1 2 7 10 35
0 1
1 2
4 5
0 7
3 7
4 7
1 8
3 8
5 8
6 8
4 9
6 9
2 10
7 10
9 10
2 11
3 11
5 11
9 11
0 12
3 12
5 12
6 12
10 12
1 13
4 13
6 13
10 13
11 13
2 14
7 14
8 14
9 14
12 14
13 14
18413 5 0 1 2 7 11 37
0 1
1 2
4 5
4 6
2 9
3 9
4 9
0 10
5 10
6 10
7 10
8 10
9 10
0 11
2 11
3 11
4 11
7 11
8 11
1 12
5 12
6 12
7 12
8 12
9 12
1 13
3 13
5 13
6 13
7 13
8 13
2 14
3 14
5 14
6 14
7 14
8 14
18414 5 0 6 7 11 12 35
0 1
1 2
4 5
4 6
0 7
6 7
1 8
2 9
5 9
6 9
8 9
2 10
3 10
5 10
8 10
3 11
5 11
7 11
8 11
0 12
6 12
10 12
11 12
1 13
3 13
4 13
7 13
9 13
12 13
2 14
3 14
4 14
7 14
8 14
12 14
18417 5 0 1 2 6 10 35
0 1
1 2
4 5
0 6
0 7
1 8
1 9
3 9
4 9
2 10
3 10
4 10
6 10
5 11
7 11
8 11
9 11
10 11
3 12
5 12
6 12
7 12
8 12
2 13
5 13
6 13
7 13
8 13
9 13
2 14
3 14
4 14
6 14
7 14
8 14
18418 4 0 1 6 7 11 36
0 1
1 2
4 5
0 6
0 7
5 7
2 8
5 8
4 9
8 9
4 10
8 10
1 11
3 11
4 11
6 11
7 11
8 11
1 12
3 12
6 12
7 12
9 12
10 12
2 13
3 13
5 13
6 13
9 13
10 13
2 14
3 14
6 14
7 14
9 14
10 14
18422 3 0 1 2 6 7 36
0 1
1 2
3 5
1 6
2 7
4 7
5 7
6 7
2 8
3 8
6 8
4 9
6 9
3 10
4 10
0 11
2 11
5 11
9 11
10 11
0 12
7 12
8 12
9 12
10 12
1 13
5 13
8 13
9 13
10 13
3 14
4 14
6 14
11 14
12 14
13 14
18424 5 0 1 2 6 11 35
0 1
1 2
3 5
0 6
4 6
5 6
1 7
3 7
4 7
5 8
5 9
3 10
4 10
1 11
6 11
8 11
9 11
10 11
2 12
7 12
8 12
9 12
10 12
0 13
2 13
3 13
4 13
8 13
9 13
2 14
6 14
7 14
8 14
9 14
10 14
18427 4 0 1 2 6 12 35
0 1
1 2
3 5
4 5
0 6
5 6
0 7
3 7
1 8
4 8
2 9
5 9
7 9
2 10
4 10
7 10
6 11
8 11
9 11
10 11
2 12
3 12
6 12
8 12
1 13
4 13
7 13
11 13
12 13
3 14
6 14
8 14
9 14
10 14
13 14
18429 4 0 1 2 5 12 35
0 1
1 2
2 5
3 6
5 7
1 8
4 8
6 8
7 8
1 9
3 9
4 9
2 10
6 10
7 10
9 10
3 11
4 11
7 11
0 12
5 12
6 12
9 12
11 12
0 13
5 13
8 13
10 13
11 13
2 14
3 14
4 14
7 14
12 14
13 14
18433 3 0 1 2 3 8 38
0 1
1 2
2 5
4 5
5 7
6 7
0 8
2 8
3 8
4 8
6 8
0 9
4 9
7 9
1 10
7 10
8 10
1 11
4 11
7 11
2 12
3 12
6 12
9 12
10 12
11 12
3 13
5 13
6 13
9 13
10 13
11 13
3 14
5 14
6 14
9 14
10 14
11 14
18434 4 0 1 2 3 5 37
0 1
1 2
2 5
3 5
0 6
5 7
6 7
6 8
6 9
2 10
6 10
0 11
4 11
5 11
8 11
9 11
10 11
2 12
3 12
4 12
7 12
8 12
9 12
1 13
3 13
4 13
7 13
8 13
9 13
10 13
1 14
3 14
4 14
7 14
8 14
9 14
10 14
18435 4 0 1 2 5 6 36
0 1
1 2
2 5
3 5
0 6
5 6
4 9
5 9
7 9
8 9
2 10
9 10
0 11
3 11
4 11
7 11
8 11
10 11
1 12
4 12
6 12
7 12
8 12
10 12
1 13
3 13
6 13
7 13
8 13
10 13
2 14
3 14
4 14
6 14
7 14
8 14
18440 5 0 1 2 5 6 36
0 1
1 2
0 5
2 6
3 6
4 6
5 6
5 7
5 8
0 9
3 9
4 9
1 10
7 10
8 10
9 10
2 11
7 11
8 11
9 11
1 12
3 12
4 12
7 12
8 12
2 13
3 13
4 13
7 13
8 13
0 14
6 14
10 14
11 14
12 14
13 14
18443 2 0 1 2 3 11 38
0 1
1 2
3 4
2 7
1 8
3 8
5 8
6 8
7 8
2 9
4 9
5 9
6 9
0 10
3 10
9 10
0 11
2 11
3 11
4 12
5 12
6 12
7 12
10 12
11 12
4 13
5 13
6 13
7 13
10 13
11 13
1 14
4 14
5 14
6 14
7 14
10 14
11 14
18444 3 0 1 2 7 8 35
0 1
1 2
3 4
0 7
5 7
1 8
3 8
6 8
7 8
1 9
3 9
2 10
4 10
6 10
7 10
3 11
7 11
0 12
5 12
8 12
9 12
10 12
11 12
2 13
4 13
5 13
6 13
9 13
11 13
2 14
4 14
5 14
6 14
9 14
11 14
18450 4 0 1 2 3 10 39
0 1
1 2
3 4
2 5
3 5
0 9
3 9
0 10
2 10
3 10
6 10
7 10
8 10
2 11
4 11
6 11
7 11
8 11
9 11
4 12
5 12
6 12
7 12
8 12
9 12
1 13
4 13
5 13
6 13
7 13
8 13
9 13
1 14
4 14
5 14
6 14
7 14
8 14
9 14
18452 3 0 1 2 4 10 38
0 1
1 2
2 4
1 6
5 7
6 7
2 8
3 8
5 8
0 9
7 9
8 9
0 10
2 10
7 10
1 11
7 11
8 11
3 12
4 12
6 12
9 12
10 12
11 12
3 13
4 13
5 13
6 13
9 13
10 13
11 13
3 14
4 14
5 14
6 14
9 14
10 14
11 14
18456 3 0 1 2 4 12 36
0 1
1 2
2 4
2 5
0 6
3 6
5 7
6 7
6 8
5 9
6 9
2 10
3 10
7 10
8 10
0 11
5 11
10 11
1 12
4 12
7 12
8 12
9 12
11 12
1 13
3 13
4 13
8 13
9 13
11 13
3 14
4 14
7 14
8 14
9 14
11 14
18460 4 0 1 2 4 9 35
0 1
1 2
2 4
0 5
3 5
2 8
5 8
6 8
7 8
0 9
4 9
1 10
4 10
5 10
6 10
3 11
7 11
9 11
10 11
1 12
3 12
6 12
7 12
9 12
2 13
3 13
6 13
7 13
9 13
0 14
4 14
8 14
11 14
12 14
13 14
18466 6 0 1 2 4 13 36
0 1
1 2
1 4
3 4
3 5
2 7
2 8
0 9
3 9
8 9
0 10
3 10
6 10
7 10
8 10
1 11
5 11
6 11
7 11
9 11
4 12
5 12
6 12
7 12
8 12
2 13
4 13
5 13
6 13
9 13
0 14
4 14
5 14
6 14
7 14
8 14
18467 4 0 1 2 4 9 38
0 1
1 2
1 4
3 4
2 5
2 6
4 6
2 9
4 9
7 9
8 9
4 10
5 10
7 10
8 10
1 11
9 11
10 11
3 12
5 12
6 12
7 12
8 12
11 12
0 13
3 13
5 13
6 13
7 13
8 13
11 13
0 14
3 14
5 14
6 14
7 14
8 14
11 14
18471 2 0 1 2 4 6 37
0 1
1 2
0 4
1 6
3 6
4 6
2 7
5 7
4 8
5 8
7 9
8 9
0 10
2 10
3 10
5 10
9 10
2 11
3 11
4 11
9 11
1 12
3 12
5 12
9 12
0 13
6 13
7 13
8 13
11 13
12 13
6 14
7 14
8 14
10 14
11 14
12 14
18477 5 0 1 2 7 12 34
0 1
1 2
0 4
3 4
0 5
2 6
3 6
1 7
4 9
6 9
7 9
8 9
3 10
5 10
7 10
8 10
5 11
6 11
8 11
2 12
4 12
7 12
11 12
1 13
3 13
5 13
8 13
12 13
0 14
2 14
9 14
10 14
11 14
13 14
18385 4 0 1 2 7 9 40
0 1
1 2
0 7
2 7
6 7
0 8
2 8
1 9
7 9
1 10
3 10
4 10
5 10
7 10
8 10
2 11
3 11
4 11
5 11
6 11
9 11
3 12
4 12
5 12
6 12
8 12
9 12
3 13
4 13
5 13
6 13
8 13
9 13
0 14
2 14
3 14
4 14
5 14
6 14
9 14
17110 5 0 1 2 3 12 36
0 2
0 3
1 3
2 4
2 5
5 8
6 8
7 8
5 9
6 9
7 9
3 10
4 10
5 10
6 10
7 10
3 11
4 11
8 11
9 11
1 12
2 12
6 12
7 12
11 12
0 13
1 13
4 13
8 13
9 13
0 14
1 14
4 14
5 14
6 14
7 14
18500 5 0 1 2 3 6 34
0 1
1 2
2 3
0 6
3 6
4 6
5 6
0 7
1 8
5 8
7 8
1 9
4 9
5 9
2 10
4 10
5 10
7 10
2 11
4 11
8 11
3 12
7 12
9 12
11 12
3 13
7 13
9 13
11 13
6 14
8 14
10 14
12 14
13 14
18505 2 0 1 2 3 7 35
0 1
1 2
2 3
4 5
4 6
0 7
3 7
5 7
1 8
6 8
7 8
1 9
5 9
3 10
4 10
9 10
4 11
8 11
9 11
0 12
3 12
8 12
9 12
2 13
6 13
7 13
10 13
11 13
12 13
2 14
5 14
6 14
10 14
11 14
12 14
18507 6 0 1 2 3 13 35
0 1
1 2
2 3
4 5
1 6
1 7
2 8
5 8
2 9
4 9
3 10
6 10
7 10
8 10
9 10
4 11
6 11
7 11
8 11
4 12
6 12
7 12
8 12
0 13
3 13
5 13
9 13
11 13
12 13
0 14
3 14
5 14
6 14
7 14
9 14
18485 5 0 1 2 3 11 35
0 1
1 2
2 3
2 8
6 8
7 8
2 9
4 9
5 9
4 10
5 10
8 10
0 11
3 11
6 11
7 11
9 11
10 11
0 12
3 12
4 12
5 12
8 12
1 13
6 13
7 13
9 13
10 13
12 13
1 14
3 14
4 14
5 14
6 14
7 14
18309 4 0 1 2 3 4 38
0 1
1 3
2 3
0 4
2 4
3 5
0 9
5 9
6 9
7 9
8 9
1 10
2 10
9 10
3 11
4 11
6 11
7 11
8 11
10 11
4 12
5 12
6 12
7 12
8 12
10 12
4 13
5 13
6 13
7 13
8 13
10 13
1 14
2 14
5 14
6 14
7 14
8 14
18516 4 0 1 2 3 7 36
0 1
1 2
2 3
3 4
0 7
3 7
5 7
6 7
6 8
4 9
7 9
8 9
0 10
4 10
5 10
8 10
1 11
3 11
5 11
8 11
1 12
4 12
5 12
8 12
2 13
6 13
9 13
10 13
11 13
12 13
2 14
6 14
9 14
10 14
11 14
12 14
18508 3 0 1 2 5 11 40
0 1
1 2
2 3
1 5
3 6
5 6
4 7
5 7
2 8
6 8
7 8
6 9
7 9
6 10
7 10
0 11
2 11
4 11
5 11
9 11
10 11
0 12
3 12
4 12
8 12
9 12
10 12
1 13
3 13
4 13
8 13
9 13
10 13
0 14
3 14
4 14
5 14
8 14
9 14
10 14
18530 4 0 1 2 3 13 35
0 1
1 2
2 3
2 4
0 7
5 7
1 8
6 8
5 9
6 9
4 10
7 10
8 10
9 10
3 11
4 11
7 11
8 11
9 11
0 12
3 12
4 12
5 12
6 12
1 13
3 13
5 13
6 13
10 13
2 14
7 14
8 14
9 14
12 14
13 14
18517 5 0 1 2 3 4 34
0 1
1 2
2 3
3 4
5 6
1 8
4 8
5 8
7 8
1 9
5 9
2 10
6 10
7 10
9 10
3 11
6 11
7 11
9 11
3 12
8 12
9 12
0 13
2 13
4 13
6 13
7 13
12 13
0 14
4 14
5 14
10 14
11 14
12 14
18537 5 0 1 2 3 9 34
0 1
1 2
2 3
2 4
4 5
6 7
6 8
0 9
3 9
5 9
2 10
6 10
9 10
3 11
5 11
6 11
0 12
4 12
7 12
8 12
10 12
11 12
1 13
4 13
7 13
8 13
9 13
11 13
1 14
3 14
5 14
7 14
8 14
10 14
18550 5 0 1 2 3 9 36
0 1
1 2
2 3
1 4
2 5
2 6
3 8
0 9
3 9
4 9
5 9
7 9
0 10
3 10
5 10
1 11
6 11
7 11
8 11
10 11
4 12
6 12
7 12
8 12
10 12
4 13
5 13
6 13
7 13
8 13
0 14
4 14
5 14
6 14
7 14
8 14
18593 4 0 1 2 7 8 35
0 1
1 2
1 3
4 6
5 6
0 7
4 7
1 8
5 8
7 8
2 9
7 9
2 10
7 10
2 11
4 11
5 11
0 12
3 12
4 12
5 12
9 12
10 12
3 13
6 13
8 13
9 13
10 13
11 13
3 14
6 14
8 14
9 14
10 14
11 14
18587 7 0 1 2 7 8 37
0 1
1 2
1 3
1 7
4 7
5 7
6 7
0 8
2 8
7 8
3 9
4 9
8 9
3 10
4 10
5 10
6 10
8 10
0 11
3 11
4 11
2 12
5 12
6 12
9 12
11 12
2 13
5 13
6 13
9 13
11 13
0 14
2 14
3 14
4 14
5 14
6 14
18599 4 0 1 2 3 6 34
0 1
1 2
1 3
3 6
5 6
0 8
5 8
7 8
1 9
5 9
7 9
5 10
3 11
4 11
8 11
9 11
10 11
2 12
4 12
6 12
7 12
10 12
0 13
2 13
4 13
6 13
7 13
10 13
2 14
3 14
4 14
8 14
9 14
10 14
18603 4 0 1 2 3 6 36
0 1
1 2
1 3
2 6
5 6
1 7
5 7
3 8
3 9
0 10
3 10
5 10
0 11
2 11
4 11
5 11
8 11
9 11
4 12
6 12
7 12
8 12
9 12
10 12
4 13
6 13
7 13
8 13
9 13
10 13
2 14
4 14
7 14
8 14
9 14
10 14
18612 2 0 1 3 6 8 35
0 1
1 2
1 3
4 5
3 6
2 7
4 7
0 8
6 8
2 9
8 9
3 10
4 10
8 10
0 11
3 11
5 11
7 11
9 11
1 12
5 12
6 12
9 12
10 12
5 13
6 13
7 13
9 13
10 13
2 14
4 14
8 14
11 14
12 14
13 14
18596 4 0 1 3 6 8 34
0 1
1 2
1 3
3 6
2 7
5 7
0 8
6 8
0 9
4 9
5 9
6 9
6 10
7 10
3 11
7 11
9 11
2 12
4 12
8 12
10 12
11 12
1 13
4 13
5 13
8 13
10 13
11 13
2 14
3 14
4 14
5 14
8 14
10 14
18620 3 0 1 2 3 10 38
0 1
1 2
1 3
2 5
0 6
0 10
2 10
4 10
7 10
8 10
9 10
2 11
3 11
6 11
7 11
8 11
9 11
3 12
4 12
5 12
6 12
7 12
8 12
9 12
3 13
4 13
5 13
6 13
7 13
8 13
9 13
1 14
4 14
5 14
6 14
7 14
8 14
9 14
17987 4 0 1 8 9 12 36
0 1
2 4
3 5
4 5
3 6
4 6
3 7
1 8
7 8
1 9
7 9
5 10
6 10
7 10
2 11
3 11
8 11
9 11
10 11
0 12
4 12
8 12
9 12
10 12
0 13
2 13
5 13
6 13
8 13
9 13
1 14
2 14
5 14
6 14
7 14
12 14
18495 3 0 1 2 3 7 35
0 1
1 2
2 3
3 6
0 7
3 7
1 8
4 8
5 8
6 8
5 9
6 9
7 9
4 10
5 10
7 10
2 11
9 11
10 11
0 12
3 12
4 12
5 12
11 12
1 13
4 13
6 13
7 13
11 13
2 14
8 14
9 14
10 14
12 14
13 14
18731 6 0 1 2 3 13 35
0 1
1 2
0 3
0 8
4 8
5 8
7 8
1 9
4 9
5 9
6 9
3 10
7 10
9 10
2 11
6 11
8 11
10 11
2 12
3 12
4 12
5 12
6 12
7 12
0 13
2 13
4 13
6 13
10 13
1 14
3 14
5 14
7 14
11 14
13 14
18635 5 0 1 2 3 4 35
0 1
1 2
1 3
3 4
3 6
3 8
7 8
6 9
7 9
2 10
5 10
8 10
9 10
0 11
6 11
7 11
10 11
0 12
2 12
4 12
5 12
6 12
7 12
1 13
4 13
5 13
8 13
9 13
11 13
2 14
4 14
5 14
8 14
9 14
11 14
18733 3 0 1 2 3 9 36
0 1
1 2
0 3
4 6
5 6
3 7
5 7
1 8
4 8
2 9
3 9
6 9
0 10
7 10
8 10
9 10
2 11
6 11
7 11
8 11
2 12
3 12
4 12
5 12
10 12
1 13
4 13
5 13
9 13
11 13
0 14
6 14
7 14
8 14
12 14
13 14
18737 4 1 2 4 8 13 37
0 1
1 2
0 3
2 4
3 4
1 7
2 8
0 9
0 10
5 10
6 10
7 10
8 10
4 11
5 11
6 11
7 11
8 11
9 11
3 12
5 12
6 12
7 12
8 12
9 12
1 13
4 13
5 13
6 13
8 13
9 13
2 14
3 14
5 14
6 14
7 14
9 14
18732 5 0 1 2 3 12 35
0 1
1 2
0 3
4 7
5 7
6 7
3 8
4 8
5 8
1 9
6 9
2 10
4 10
5 10
9 10
0 11
6 11
8 11
10 11
2 12
3 12
7 12
9 12
11 12
1 13
3 13
4 13
5 13
6 13
0 14
2 14
7 14
8 14
9 14
13 14
18755 2 0 1 2 9 10 39
0 1
0 2
1 9
1 10
1 11
2 11
3 11
4 11
5 11
6 11
7 11
8 11
2 12
3 12
4 12
5 12
6 12
7 12
8 12
9 12
10 12
2 13
3 13
4 13
5 13
6 13
7 13
8 13
9 13
10 13
0 14
3 14
4 14
5 14
6 14
7 14
8 14
9 14
10 14
18756 4 1 5 6 9 12 36
0 1
0 2
1 9
5 9
6 9
2 10
7 10
8 10
9 10
2 11
3 11
4 11
7 11
8 11
9 11
1 12
3 12
4 12
5 12
6 12
10 12
0 13
3 13
4 13
5 13
6 13
7 13
8 13
1 14
2 14
3 14
4 14
5 14
6 14
7 14
8 14
18762 4 0 1 2 8 11 35
0 1
0 2
2 8
2 9
3 9
6 9
7 9
2 10
4 10
5 10
7 10
1 11
3 11
6 11
8 11
10 11
1 12
4 12
5 12
8 12
9 12
0 13
3 13
4 13
5 13
6 13
7 13
8 13
1 14
3 14
4 14
5 14
6 14
7 14
8 14
18767 5 0 1 2 8 9 34
0 1
0 2
1 8
3 8
2 9
7 9
8 9
2 10
3 10
6 10
7 10
1 11
4 11
5 11
9 11
10 11
0 12
3 12
4 12
5 12
6 12
7 12
2 13
4 13
5 13
6 13
7 13
8 13
1 14
3 14
4 14
5 14
6 14
9 14
18770 5 0 1 2 3 13 36
0 1
0 2
5 7
6 7
4 8
7 8
3 9
4 9
7 9
2 10
5 10
6 10
8 10
9 10
1 11
3 11
5 11
6 11
8 11
0 12
5 12
6 12
8 12
9 12
1 13
2 13
3 13
4 13
7 13
12 13
1 14
2 14
3 14
4 14
5 14
6 14
18775 6 0 1 2 12 13 35
0 1
0 2
3 7
4 7
5 7
6 7
1 8
3 8
4 8
2 9
5 9
6 9
8 9
1 10
5 10
6 10
2 11
3 11
4 11
10 11
1 12
2 12
7 12
0 13
5 13
6 13
8 13
11 13
12 13
0 14
3 14
4 14
9 14
10 14
12 14
18783 4 0 1 2 7 12 35
0 1
0 2
1 7
5 9
6 9
7 9
8 9
1 10
5 10
6 10
8 10
2 11
3 11
4 11
9 11
10 11
0 12
3 12
4 12
6 12
7 12
8 12
2 13
3 13
4 13
5 13
7 13
8 13
1 14
2 14
3 14
4 14
5 14
6 14
8 14
18800 5 0 1 2 9 11 33
0 1
0 2
5 6
4 7
5 7
2 8
7 8
2 9
6 9
6 10
8 10
1 11
3 11
7 11
9 11
10 11
1 12
3 12
4 12
6 12
8 12
0 13
3 13
4 13
5 13
9 13
10 13
1 14
2 14
3 14
4 14
5 14
10 14
18810 5 0 1 2 4 11 36
0 1
0 2
3 6
3 7
2 8
2 9
5 9
6 9
7 9
1 10
3 10
8 10
9 10
1 11
3 11
4 11
5 11
8 11
0 12
4 12
5 12
6 12
7 12
8 12
2 13
4 13
5 13
6 13
7 13
10 13
1 14
4 14
5 14
6 14
7 14
8 14
18627 2 0 1 2 3 13 37
0 1
1 2
1 3
1 5
4 5
5 6
3 7
4 7
6 7
2 8
4 8
2 9
6 9
0 10
5 10
8 10
9 10
0 11
7 11
8 11
9 11
5 12
7 12
8 12
9 12
2 13
3 13
6 13
10 13
11 13
12 13
3 14
4 14
6 14
10 14
11 14
12 14
18825 4 0 2 7 9 10 36
0 1
0 2
3 6
4 6
5 6
2 7
4 7
5 7
1 8
5 8
2 9
4 9
8 9
0 10
3 10
7 10
9 10
6 11
8 11
10 11
1 12
2 12
3 12
4 12
11 12
1 13
3 13
5 13
9 13
11 13
0 14
6 14
7 14
8 14
12 14
13 14
18827 3 3 4 5 7 12 36
0 1
0 2
2 6
3 7
4 7
5 7
6 7
5 8
6 8
2 9
3 9
4 9
1 10
8 10
9 10
0 11
5 11
6 11
10 11
0 12
3 12
4 12
5 12
10 12
1 13
2 13
3 13
4 13
8 13
11 13
1 14
7 14
8 14
9 14
11 14
12 14
18829 4 0 1 8 9 11 38
0 1
0 2
2 6
2 7
1 8
0 9
5 9
7 9
8 9
2 10
3 10
4 10
5 10
8 10
1 11
3 11
4 11
6 11
9 11
3 12
4 12
5 12
6 12
7 12
8 12
1 13
3 13
4 13
5 13
6 13
7 13
0 14
3 14
4 14
5 14
6 14
7 14
8 14
18629 5 0 1 2 3 12 36
0 1
1 2
1 3
0 5
1 6
4 6
5 6
5 7
3 8
4 8
7 8
3 9
4 9
7 9
6 10
7 10
6 11
7 11
0 12
2 12
8 12
9 12
10 12
11 12
2 13
3 13
4 13
5 13
10 13
11 13
2 14
5 14
8 14
9 14
10 14
11 14
18841 2 0 1 2 3 14 35
0 1
0 2
2 6
5 6
6 7
6 8
3 9
5 9
7 9
8 9
2 10
9 10
1 11
4 11
7 11
8 11
10 11
0 12
3 12
4 12
5 12
7 12
10 12
1 13
3 13
4 13
5 13
8 13
10 13
1 14
2 14
3 14
4 14
7 14
8 14
18861 5 0 1 2 5 8 34
0 1
0 2
4 5
3 6
2 7
6 7
1 8
5 8
3 9
4 9
8 9
2 10
3 10
4 10
1 11
3 11
7 11
0 12
5 12
6 12
9 12
10 12
11 12
2 13
4 13
6 13
8 13
11 13
1 14
5 14
7 14
9 14
10 14
13 14
18862 3 0 1 2 3 13 35
0 1
0 2
4 5
3 6
2 7
5 7
4 8
7 8
3 9
7 9
1 10
3 10
4 10
0 11
6 11
8 11
9 11
10 11
5 12
6 12
8 12
9 12
10 12
1 13
2 13
3 13
4 13
11 13
12 13
1 14
2 14
5 14
6 14
8 14
9 14
17680 5 0 1 6 7 10 37
0 1
0 6
2 6
6 7
6 8
1 9
2 9
1 10
2 10
7 10
8 10
3 11
4 11
5 11
6 11
9 11
10 11
3 12
4 12
5 12
7 12
8 12
9 12
0 13
3 13
4 13
5 13
7 13
8 13
9 13
1 14
2 14
3 14
4 14
5 14
7 14
8 14
18871 1 0 1 2 8 9 36
0 1
0 2
3 5
2 7
3 7
6 7
1 8
4 8
6 8
2 9
5 9
8 9
0 10
5 10
7 10
5 11
7 11
8 11
2 12
3 12
4 12
6 12
10 12
11 12
1 13
4 13
6 13
9 13
10 13
11 13
1 14
3 14
4 14
9 14
10 14
11 14
18872 4 0 1 2 3 7 35
0 1
0 2
3 5
1 7
3 7
0 8
4 8
6 8
2 9
5 9
6 9
7 9
1 10
4 10
9 10
4 11
5 11
6 11
7 11
2 12
3 12
8 12
10 12
11 12
2 13
3 13
8 13
10 13
11 13
1 14
4 14
5 14
6 14
12 14
13 14
18873 5 0 2 9 10 11 36
0 1
0 2
3 5
5 6
5 7
1 8
5 8
2 9
8 9
2 10
3 10
8 10
0 11
4 11
6 11
7 11
9 11
10 11
2 12
3 12
4 12
6 12
7 12
8 12
1 13
3 13
4 13
6 13
7 13
9 13
1 14
4 14
6 14
7 14
9 14
10 14
18874 3 2 5 6 7 11 36
0 1
0 2
3 5
4 6
2 7
5 7
6 7
4 8
5 8
3 9
6 9
8 9
1 10
4 10
7 10
9 10
1 11
2 11
5 11
6 11
1 12
2 12
4 12
9 12
0 13
3 13
8 13
10 13
11 13
12 13
0 14
3 14
7 14
8 14
11 14
12 14
18868 4 0 1 2 3 6 35
0 1
0 2
4 5
1 6
3 6
5 6
5 7
2 10
3 10
5 10
8 10
9 10
1 11
4 11
7 11
8 11
9 11
0 12
3 12
4 12
7 12
8 12
9 12
2 13
4 13
6 13
7 13
8 13
9 13
1 14
2 14
3 14
7 14
8 14
9 14
18875 5 0 2 7 9 10 35
0 1
0 2
3 5
4 6
0 7
4 7
5 7
1 8
4 8
5 8
0 9
3 9
8 9
2 10
6 10
7 10
9 10
2 11
6 11
8 11
1 12
3 12
7 12
11 12
2 13
5 13
6 13
9 13
12 13
1 14
3 14
4 14
10 14
11 14
13 14
18911 2 0 1 2 3 5 37
0 1
0 2
2 5
3 5
5 6
2 7
1 8
4 8
7 8
1 9
4 9
6 9
3 10
6 10
7 10
2 11
8 11
9 11
10 11
3 12
4 12
6 12
7 12
11 12
0 13
5 13
8 13
9 13
10 13
12 13
1 14
3 14
4 14
6 14
7 14
11 14
13 14
18900 6 0 1 2 7 11 36
0 1
0 2
2 5
1 6
3 6
4 6
5 6
2 7
5 8
5 9
2 10
3 10
4 10
1 11
7 11
8 11
9 11
10 11
0 12
3 12
4 12
7 12
8 12
9 12
1 13
3 13
4 13
7 13
8 13
9 13
0 14
6 14
7 14
8 14
9 14
10 14
18913 2 0 1 2 5 8 35
0 1
0 2
1 5
2 8
4 8
5 8
7 8
2 9
5 9
6 9
7 9
3 10
5 10
6 10
7 10
8 11
9 11
10 11
1 12
3 12
4 12
6 12
11 12
0 13
3 13
4 13
6 13
7 13
11 13
1 14
2 14
3 14
4 14
6 14
7 14
18927 6 5 6 7 8 12 35
0 1
0 2
1 5
0 6
2 7
5 8
6 8
7 8
6 9
7 9
1 10
3 10
4 10
9 10
2 11
8 11
10 11
3 12
4 12
5 12
6 12
7 12
11 12
0 13
3 13
4 13
5 13
9 13
11 13
1 14
2 14
3 14
4 14
8 14
9 14
18879 5 0 1 2 6 10 35
0 1
0 2
3 5
2 6
2 7
0 8
3 8
3 9
4 9
6 9
1 10
4 10
6 10
5 11
7 11
8 11
9 11
10 11
5 12
7 12
8 12
9 12
10 12
1 13
4 13
5 13
6 13
7 13
8 13
1 14
2 14
3 14
4 14
11 14
12 14
18928 6 0 1 2 5 7 36
0 1
0 2
1 5
0 6
2 7
4 7
2 8
4 8
2 9
1 10
7 10
8 10
3 11
4 11
5 11
6 11
9 11
10 11
3 12
4 12
5 12
6 12
9 12
10 12
3 13
5 13
6 13
7 13
8 13
9 13
1 14
3 14
6 14
7 14
8 14
9 14
18931 4 0 1 2 9 10 35
0 1
0 2
1 5
4 5
0 6
3 6
5 7
6 7
5 8
6 8
2 9
4 9
1 10
3 10
9 10
3 11
7 11
8 11
9 11
2 12
4 12
7 12
8 12
10 12
2 13
4 13
6 13
10 13
11 13
1 14
3 14
7 14
8 14
9 14
13 14
18813 4 0 1 2 8 10 34
0 1
0 2
3 6
2 7
6 7
2 8
0 9
3 9
1 10
4 10
5 10
8 10
9 10
1 11
3 11
7 11
4 12
5 12
6 12
8 12
9 12
11 12
2 13
4 13
5 13
6 13
9 13
11 13
1 14
3 14
4 14
5 14
7 14
8 14
18971 5 2 3 4 10 12 36
0 1
0 2
2 4
3 4
3 5
1 6
1 7
1 8
0 9
3 9
6 9
2 10
3 10
6 10
7 10
2 11
5 11
7 11
8 11
9 11
4 12
5 12
8 12
9 12
10 12
4 13
5 13
6 13
7 13
8 13
0 14
4 14
5 14
6 14
7 14
8 14
18960 4 0 1 2 4 11 36
0 1
0 2
2 4
3 5
4 5
3 6
5 9
6 9
7 9
8 9
2 10
6 10
7 10
8 10
1 11
3 11
4 11
7 11
8 11
0 12
5 12
6 12
7 12
8 12
1 13
3 13
4 13
9 13
10 13
12 13
1 14
2 14
5 14
6 14
7 14
8 14
18973 6 0 1 2 6 14 36
0 1
0 2
2 4
3 4
2 5
3 5
1 6
2 6
0 9
5 9
1 10
3 10
7 10
8 10
9 10
3 11
6 11
7 11
8 11
9 11
1 12
4 12
7 12
8 12
9 12
4 13
5 13
6 13
7 13
8 13
0 14
4 14
5 14
6 14
7 14
8 14
18914 6 1 3 9 10 13 35
0 1
0 2
1 5
5 6
5 7
2 8
3 8
4 8
5 8
1 9
3 9
4 9
1 10
3 10
0 11
3 11
4 11
6 11
7 11
2 12
4 12
6 12
7 12
10 12
2 13
6 13
7 13
9 13
10 13
0 14
6 14
7 14
8 14
9 14
10 14
18943 5 0 1 2 3 13 35
0 1
0 2
3 4
4 6
5 6
2 7
6 8
7 8
5 9
7 9
1 10
3 10
8 10
9 10
0 11
3 11
6 11
9 11
4 12
5 12
7 12
10 12
11 12
1 13
2 13
3 13
8 13
9 13
12 13
1 14
2 14
4 14
5 14
8 14
11 14
19032 4 0 1 2 3 13 38
0 1
0 2
2 3
1 4
3 4
0 8
4 9
5 9
6 9
7 9
8 9
4 10
5 10
6 10
7 10
8 10
3 11
5 11
6 11
7 11
8 11
1 12
2 12
5 12
6 12
7 12
8 12
0 13
3 13
5 13
6 13
7 13
1 14
2 14
9 14
10 14
11 14
13 14
19026 5 0 1 2 3 10 35
0 1
0 2
2 3
2 4
0 5
1 6
3 7
4 7
5 7
6 7
4 8
6 8
2 9
6 9
1 10
3 10
5 11
8 11
9 11
10 11
5 12
8 12
9 12
10 12
1 13
3 13
4 13
11 13
12 13
0 14
7 14
8 14
9 14
10 14
13 14
19052 4 0 1 3 9 14 35
0 1
0 2
1 3
2 5
2 7
4 7
6 7
4 8
5 8
6 8
1 9
4 9
3 10
5 10
9 10
3 11
5 11
6 11
9 11
0 12
7 12
8 12
10 12
11 12
1 13
2 13
4 13
6 13
10 13
0 14
3 14
7 14
8 14
9 14
13 14
19054 5 0 2 6 9 11 36
0 1
0 2
1 3
3 4
2 6
1 7
0 9
3 9
5 9
6 9
2 10
3 10
5 10
7 10
8 10
2 11
4 11
7 11
8 11
9 11
1 12
4 12
5 12
6 12
8 12
4 13
5 13
6 13
7 13
8 13
0 14
4 14
5 14
6 14
7 14
8 14
19048 3 0 1 2 8 10 38
0 1
0 2
1 3
1 8
0 9
3 9
4 9
5 9
2 10
6 10
7 10
8 10
9 10
1 11
4 11
5 11
6 11
7 11
0 12
4 12
5 12
6 12
7 12
8 12
2 13
3 13
4 13
5 13
6 13
7 13
8 13
2 14
3 14
4 14
5 14
6 14
7 14
8 14
19056 5 0 1 2 4 12 36
0 1
0 2
1 3
2 4
3 6
2 9
3 9
7 9
8 9
2 10
5 10
6 10
7 10
8 10
3 11
4 11
5 11
7 11
8 11
1 12
4 12
5 12
6 12
9 12
0 13
4 13
5 13
6 13
7 13
8 13
1 14
4 14
5 14
6 14
7 14
8 14
19072 6 1 3 4 5 13 36
0 1
0 2
1 3
2 4
3 4
3 5
2 6
1 8
0 9
4 9
3 10
6 10
7 10
8 10
9 10
2 11
5 11
7 11
8 11
9 11
5 12
6 12
7 12
8 12
9 12
1 13
4 13
5 13
6 13
7 13
0 14
4 14
5 14
6 14
7 14
8 14
19073 6 0 1 2 11 13 35
0 1
0 2
1 3
2 4
3 4
2 5
1 6
5 6
3 7
5 7
3 8
5 8
4 9
6 9
4 10
6 10
1 11
2 11
7 12
8 12
9 12
10 12
11 12
0 13
7 13
8 13
9 13
10 13
11 13
0 14
7 14
8 14
9 14
10 14
11 14
19103 6 0 1 2 3 9 35
0 1
0 2
1 3
2 3
0 9
4 9
5 9
6 9
1 10
4 10
7 10
8 10
3 11
7 11
8 11
9 11
2 12
5 12
6 12
10 12
11 12
0 13
3 13
4 13
5 13
6 13
7 13
8 13
1 14
2 14
4 14
5 14
6 14
7 14
8 14
19112 4 0 1 2 3 4 40
0 1
0 2
1 3
2 3
1 4
0 9
0 10
4 10
5 10
6 10
7 10
8 10
3 11
4 11
5 11
6 11
7 11
8 11
9 11
3 12
4 12
5 12
6 12
7 12
8 12
9 12
2 13
4 13
5 13
6 13
7 13
8 13
9 13
1 14
2 14
5 14
6 14
7 14
8 14
9 14
19137 5 0 1 2 4 13 36
0 1
0 2
0 3
3 6
1 7
2 8
3 9
5 9
7 9
8 9
1 10
4 10
5 10
6 10
8 10
2 11
4 11
5 11
6 11
7 11
3 12
4 12
5 12
7 12
8 12
1 13
2 13
4 13
6 13
9 13
0 14
4 14
5 14
6 14
7 14
8 14
18738 5 0 1 2 3 11 38
0 1
1 2
0 3
2 4
3 4
2 5
1 9
4 9
0 10
4 10
5 10
6 10
7 10
8 10
2 11
3 11
6 11
7 11
8 11
9 11
3 12
5 12
6 12
7 12
8 12
9 12
3 13
5 13
6 13
7 13
8 13
9 13
1 14
4 14
5 14
6 14
7 14
8 14
18979 5 0 1 2 4 13 35
0 1
0 2
1 4
3 5
0 6
3 6
1 7
6 7
6 8
6 9
2 10
3 10
8 10
9 10
1 11
3 11
8 11
9 11
4 12
5 12
7 12
10 12
11 12
2 13
4 13
5 13
7 13
8 13
9 13
2 14
4 14
5 14
7 14
8 14
9 14
18007 4 0 1 2 6 7 37
0 1
2 4
3 4
3 5
0 6
1 7
2 7
5 7
6 7
1 8
3 8
1 9
4 9
0 10
2 10
3 10
5 11
6 11
8 11
9 11
10 11
5 12
6 12
8 12
9 12
10 12
2 13
5 13
6 13
8 13
9 13
0 14
4 14
7 14
11 14
12 14
13 14
18352 5 1 2 6 7 13 37
0 1
0 3
2 3
0 4
2 5
1 6
2 6
1 7
2 7
4 8
5 8
3 9
6 9
7 9
8 9
3 10
8 10
3 11
8 11
1 12
4 12
5 12
9 12
10 12
11 12
4 13
5 13
6 13
7 13
10 13
11 13
4 14
5 14
6 14
7 14
10 14
11 14
18515 5 0 1 2 3 4 35
0 1
1 2
2 3
3 4
0 7
2 8
6 8
7 8
2 9
5 9
6 9
7 9
3 10
6 10
7 10
4 11
5 11
8 11
10 11
0 12
3 12
9 12
11 12
1 13
4 13
5 13
8 13
10 13
12 13
1 14
4 14
5 14
6 14
7 14
12 14
19011 4 0 1 2 3 11 36
0 1
0 2
2 3
0 5
2 7
5 7
6 7
1 8
3 8
4 8
6 8
5 9
8 9
4 10
7 10
9 10
0 11
3 11
6 11
10 11
3 12
5 12
6 12
10 12
1 13
2 13
4 13
9 13
11 13
12 13
1 14
4 14
7 14
9 14
11 14
12 14
19076 5 0 1 2 3 4 36
0 1
0 2
1 3
2 4
3 4
1 5
2 8
0 9
3 9
8 9
3 10
5 10
6 10
7 10
8 10
1 11
4 11
6 11
7 11
8 11
4 12
5 12
6 12
7 12
9 12
2 13
5 13
6 13
7 13
9 13
0 14
4 14
5 14
6 14
7 14
8 14
