id	Y_mask	dH	optH_count	q	good	delta_min	rho	compatible_optG	ell	Y_type	Y_edges	degree_sum	f_witness	h_witness_local	S_mask	R_witness	Delta_witness	optH_masks_local
10116	31	0	1	6	0	0	0	2	16	1	1	18	25906	809	0	6	0	214
10116	47	1	1	5	1	0	0	2	16	1	1	18	25906	809	0	5	0	214
10116	55	1	1	5	1	0	0	2	16	1	1	18	25906	808	0	5	0	808
10116	59	2	2	4	1	0	0	2	14	12	2	18	25906	808	0	4	0	214,808
10116	61	0	1	6	0	0	0	2	17	1	1	19	25906	809	0	6	0	214
10116	62	1	1	5	1	0	0	2	15	12	2	19	25906	808	0	5	0	808
10116	79	1	1	5	1	0	0	2	14	3	2	18	25906	811	0	5	0	212
10116	87	1	1	5	1	0	0	2	14	3	2	18	25906	810	0	5	0	810
10116	91	1	1	5	1	0	0	1	14	12	2	18	25906	810	0	5	0	810
10116	93	1	2	5	1	0	0	2	15	12	2	19	25906	811	0	5	0	212,810
10116	94	1	1	5	1	0	0	2	13	76	3	19	25906	810	0	5	0	810
10116	103	2	2	4	1	0	0	3	12	13	3	18	14478	453	0	4	0	570,810
10116	107	2	2	4	1	0	0	2	14	3	2	18	14478	453	0	4	0	570,810
10116	109	1	1	5	1	0	0	2	17	1	1	19	25906	811	0	5	0	212
10116	110	2	1	4	1	0	0	2	13	13	3	19	25906	810	0	4	0	810
10116	115	2	3	4	1	0	0	2	14	3	2	18	14478	455	0	4	0	568,808,824
10116	117	1	1	5	1	0	0	2	17	1	1	19	25906	809	0	5	0	214
10116	118	2	1	4	1	0	0	2	13	13	3	19	25906	808	0	4	0	808
10116	121	1	1	5	1	0	0	1	17	1	1	19	25906	809	0	5	0	214
10116	122	2	1	4	1	0	0	1	13	76	3	19	25906	808	0	4	0	808
10116	124	1	1	5	1	0	0	2	16	12	2	20	25906	810	0	5	0	810
10116	143	1	1	5	1	0	0	2	19	0	0	19	25906	811	0	5	0	212
10116	151	1	1	5	1	0	0	2	19	0	0	19	25906	810	0	5	0	810
10116	155	2	4	4	1	0	0	2	17	1	1	19	25906	810	0	4	0	212,692,724,810
10116	157	1	1	5	1	0	0	2	18	1	1	20	25906	811	0	5	0	212
10116	158	1	1	5	1	0	0	2	18	1	1	20	25906	810	0	5	0	810
10116	167	2	4	4	1	0	0	3	15	3	2	19	14478	449	0	4	0	566,570,574,810
10116	171	2	2	4	1	0	0	1	15	3	2	19	14478	449	0	4	0	566,574
10116	173	1	1	5	1	0	0	2	18	1	1	20	25906	811	0	5	0	212
10116	174	2	1	4	1	0	0	2	16	3	2	20	25906	810	0	4	0	810
10116	179	2	3	4	1	0	0	1	15	3	2	19	14478	451	0	4	0	564,572,692
10116	181	1	1	5	1	0	0	2	18	1	1	20	25906	809	0	5	0	214
10116	182	2	1	4	1	0	0	2	16	3	2	20	25906	808	0	4	0	808
10116	185	2	3	4	1	0	0	2	16	12	2	20	25906	809	0	4	0	212,214,724
10116	186	3	7	3	1	0	0	3	14	76	3	20	14478	450	0	3	0	450,458,692,724,808,810,906
10116	188	1	1	5	1	0	0	2	17	12	2	21	25906	810	0	5	0	810
10116	199	2	4	4	1	0	0	3	15	3	2	19	14478	449	0	4	0	558,570,574,814
10116	203	2	4	4	1	0	0	2	17	1	1	19	14478	449	0	4	0	558,570,574,814
10116	205	2	5	4	1	0	0	2	18	1	1	20	25906	815	0	4	0	208,452,464,558,814
10116	206	2	3	4	1	0	0	2	16	3	2	20	25906	814	0	4	0	464,814,976
10116	211	2	4	4	1	0	0	2	17	1	1	19	14478	451	0	4	0	568,572,688,812
10116	213	2	4	4	1	0	0	2	18	1	1	20	25906	813	0	4	0	210,334,454,812
10116	214	2	1	4	1	0	0	2	16	3	2	20	25906	812	0	4	0	812
10116	217	2	4	4	1	0	0	1	18	1	1	20	25906	813	0	4	0	210,334,454,812
10116	218	2	1	4	1	0	0	1	16	12	2	20	25906	812	0	4	0	812
10116	220	2	2	4	1	0	0	2	17	12	2	21	25906	814	0	4	0	812,814
10116	227	1	1	5	1	0	0	1	13	13	3	19	14478	451	0	5	0	572
10116	229	1	1	5	1	1	1	0	16	12	2	20	14478	450	2	4	1	450
10116	230	2	1	4	1	0	0	1	12	86	4	20	14478	450	0	4	0	450
10116	233	1	1	5	1	1	1	0	18	1	1	20	14478	450	2	4	1	450
10116	234	2	1	4	1	0	0	1	14	13	3	20	14478	450	0	4	0	450
10116	236	2	5	4	1	0	0	2	17	12	2	21	25906	814	0	4	0	448,464,814,960,976
10116	241	1	1	5	1	1	1	0	18	1	1	20	14478	454	2	4	1	454
10116	242	2	1	4	1	0	0	1	14	13	3	20	14478	454	0	4	0	454
10116	244	2	2	4	1	0	0	2	17	12	2	21	25906	810	0	4	0	452,810
10116	248	2	2	4	1	0	0	1	17	12	2	21	25906	810	0	4	0	452,810
10116	271	1	1	5	1	0	0	2	19	0	0	19	25906	803	0	5	0	220
10116	279	1	1	5	1	0	0	2	19	0	0	19	25906	802	0	5	0	802
10116	283	2	4	4	1	0	0	3	17	1	1	19	14478	457	0	4	0	220,566,802,806
10116	285	1	1	5	1	0	0	2	18	1	1	20	25906	803	0	5	0	220
10116	286	1	1	5	1	0	0	2	18	1	1	20	25906	802	0	5	0	802
10116	295	1	1	5	1	0	0	1	17	1	1	19	14478	457	0	5	0	566
10116	299	1	1	5	1	0	0	1	17	1	1	19	14478	457	0	5	0	566
10116	301	1	1	5	1	0	0	2	20	0	0	20	25906	803	0	5	0	220
10116	302	2	4	4	1	0	0	3	18	1	1	20	14478	456	0	4	0	456,802,928,960
10116	307	1	1	5	1	0	0	1	17	1	1	19	14478	459	0	5	0	564
10116	309	1	2	5	1	0	0	2	20	0	0	20	25906	801	0	5	0	206,222
10116	310	2	5	4	1	0	0	3	18	1	1	20	14478	458	0	4	0	458,800,816,928,944
10116	313	2	5	4	1	0	0	3	18	1	1	20	14478	459	0	4	0	206,220,222,458,564
10116	314	2	1	4	1	0	0	1	16	12	2	20	14478	458	0	4	0	458
10116	316	1	2	5	1	0	0	2	19	1	1	21	25906	802	0	5	0	802,930
10116	327	2	2	4	1	0	0	3	13	11	3	19	14478	457	0	4	0	566,806
10116	331	2	2	4	1	0	0	2	15	3	2	19	14478	457	0	4	0	566,806
10116	333	2	2	4	1	0	0	2	16	3	2	20	25906	807	0	4	0	216,806
10116	334	2	1	4	1	0	0	2	14	11	3	20	25906	806	0	4	0	806
10116	339	2	3	4	1	0	0	2	15	3	2	19	14478	459	0	4	0	564,804,820
10116	341	2	2	4	1	0	0	2	16	3	2	20	25906	805	0	4	0	218,804
10116	342	2	1	4	1	0	0	2	14	11	3	20	25906	804	0	4	0	804
10116	345	2	2	4	1	0	0	1	16	12	2	20	25906	805	0	4	0	218,804
10116	346	2	1	4	1	0	0	1	14	76	3	20	25906	804	0	4	0	804
10116	348	2	2	4	1	0	0	2	15	76	3	21	25906	806	0	4	0	804,806
10116	355	1	1	5	1	0	0	1	13	13	3	19	14478	459	0	5	0	564
10116	357	1	1	5	1	1	1	0	16	3	2	20	14478	458	2	4	1	458
10116	358	2	1	4	1	0	0	1	12	77	4	20	14478	458	0	4	0	458
10116	361	1	1	5	1	1	1	0	18	1	1	20	14478	458	2	4	1	458
10116	362	2	1	4	1	0	0	1	14	13	3	20	14478	458	0	4	0	458
10116	364	2	4	4	1	0	0	2	17	3	2	21	25906	806	0	4	0	456,806,930,960
10116	369	1	2	5	1	1	1	0	18	1	1	20	14478	462	2	4	1	206,462
10116	370	2	3	4	1	0	0	1	14	13	3	20	14478	462	0	4	0	462,816,944
10116	372	2	5	4	1	0	0	2	17	3	2	21	25906	802	0	4	0	460,802,818,930,946
10116	376	2	5	4	1	0	0	1	17	12	2	21	25906	802	0	4	0	460,802,818,930,946
10116	391	1	2	5	1	0	0	1	18	1	1	20	14478	449	0	5	0	570,574
10116	395	1	2	5	1	0	0	1	18	1	1	20	14478	449	0	5	0	570,574
10116	397	2	5	4	1	0	0	3	19	1	1	21	14478	449	0	4	0	216,452,460,558,574
10116	398	2	7	4	1	0	0	3	19	1	1	21	14478	448	0	4	0	448,452,464,806,960,964,976
10116	403	1	3	5	1	0	0	1	18	1	1	20	14478	451	0	5	0	568,572,696
10116	405	2	8	4	1	0	0	3	19	1	1	21	14478	451	0	4	0	78,206,218,326,334,454,462,572
10116	406	2	5	4	1	0	0	3	19	1	1	21	14478	450	0	4	0	450,454,696,804,944
10116	409	2	3	4	1	0	0	1	17	12	2	21	14478	451	0	4	0	326,454,572
10116	410	2	3	4	1	0	0	1	17	12	2	21	14478	450	0	4	0	450,454,696
10116	412	2	5	4	1	0	0	2	18	12	2	22	25906	806	0	4	0	806,898,914,930,946
10116	419	0	1	6	0	0	0	1	14	13	3	20	14478	451	0	6	0	572
10116	421	1	3	5	1	0	0	1	17	3	2	21	14478	451	0	5	0	450,458,572
10116	422	1	1	5	1	0	0	1	15	13	3	21	14478	450	0	5	0	450
10116	425	1	2	5	1	0	0	1	17	3	2	21	14478	451	0	5	0	450,572
10116	426	1	1	5	1	0	0	1	15	13	3	21	14478	450	0	5	0	450
10116	428	2	9	4	1	0	0	3	18	3	2	22	14478	450	0	4	0	448,450,456,806,898,930,960,962,968
10116	433	1	2	5	1	0	0	1	17	3	2	21	14478	455	0	5	0	454,568
10116	434	1	1	5	1	0	0	1	15	13	3	21	14478	454	0	5	0	454
10116	436	2	8	4	1	0	0	3	18	3	2	22	14478	454	0	4	0	452,454,460,802,818,902,930,946
10116	440	2	3	4	1	0	0	1	16	76	3	22	14478	454	0	4	0	452,454,902
10116	451	1	2	5	1	0	0	1	14	13	3	20	14478	451	0	5	0	564,572
10116	453	1	1	5	1	1	2	0	15	13	3	21	14478	458	34	4	1	458
10116	454	2	2	4	1	0	0	1	13	77	4	21	14478	450	0	4	0	450,458
10116	457	1	1	5	1	1	2	0	17	3	2	21	14478	458	34	4	1	458
10116	458	2	2	4	1	0	0	1	15	13	3	21	14478	450	0	4	0	450,458
10116	460	2	2	4	1	1	2	0	16	13	3	22	14478	456	34	3	1	456,968
10116	465	1	2	5	1	1	2	0	17	3	2	21	14478	462	34	4	1	334,462
10116	466	2	4	4	1	0	0	1	15	13	3	21	14478	454	0	4	0	454,462,688,944
10116	468	2	3	4	1	1	2	0	16	13	3	22	14478	460	34	3	1	460,690,946
10116	472	2	3	4	1	1	2	0	16	76	3	22	14478	460	34	3	1	460,690,946
10116	481	0	1	6	0	1	1	0	15	13	3	21	14478	454	2	5	1	454
10116	482	1	1	5	1	0	0	1	13	236	5	21	14478	454	0	5	0	454
10116	484	1	1	5	1	1	1	0	14	86	4	22	14478	452	2	4	1	452
10116	488	1	1	5	1	1	1	0	16	13	3	22	14478	452	2	4	1	452
10116	496	1	1	5	1	1	1	0	16	13	3	22	14478	460	2	4	1	460
10116	527	1	1	5	1	0	0	2	15	3	2	19	25906	819	0	5	0	204
10116	535	0	1	6	0	0	0	2	17	1	1	19	25906	818	0	6	0	818
10116	539	1	1	5	1	0	0	1	15	3	2	19	25906	818	0	5	0	818
10116	541	1	1	5	1	0	0	2	14	13	3	20	25906	819	0	5	0	204
10116	542	1	1	5	1	0	0	2	14	13	3	20	25906	818	0	5	0	818
10116	551	1	1	5	1	0	0	2	13	13	3	19	25906	818	0	5	0	818
10116	555	2	2	4	1	0	0	2	13	13	3	19	14478	457	0	4	0	566,818
10116	557	1	1	5	1	0	0	2	14	11	3	20	25906	819	0	5	0	204
10116	558	2	1	4	1	0	0	2	12	77	4	20	25906	818	0	4	0	818
10116	563	1	1	5	1	0	0	1	15	3	2	19	25906	816	0	5	0	816
10116	565	0	1	6	0	0	0	2	16	3	2	20	25906	817	0	6	0	206
10116	566	1	1	5	1	0	0	2	14	13	3	20	25906	816	0	5	0	816
10116	569	1	1	5	1	0	0	1	14	13	3	20	25906	817	0	5	0	206
10116	570	2	1	4	1	0	0	1	12	86	4	20	25906	816	0	4	0	816
10116	572	1	1	5	1	0	0	2	13	77	4	21	25906	818	0	5	0	818
10116	583	1	2	5	1	0	0	3	13	13	3	19	14478	457	0	5	0	566,822
10116	587	1	2	5	1	0	0	2	15	12	2	19	14478	457	0	5	0	566,822
10116	589	2	4	4	1	0	0	3	14	13	3	20	14478	457	0	4	0	200,456,566,822
10116	590	2	2	4	1	0	0	3	12	86	4	20	14478	456	0	4	0	456,822
10116	595	0	1	6	0	0	0	1	17	1	1	19	25906	820	0	6	0	820
10116	597	1	2	5	1	0	0	2	16	3	2	20	25906	821	0	5	0	202,820
10116	598	1	1	5	1	0	0	2	14	13	3	20	25906	820	0	5	0	820
10116	601	1	2	5	1	0	0	1	16	3	2	20	25906	821	0	5	0	202,820
10116	602	1	1	5	1	0	0	1	14	76	3	20	25906	820	0	5	0	820
10116	604	2	2	4	1	0	0	2	13	86	4	21	25906	822	0	4	0	820,822
10116	611	1	2	5	1	0	0	2	13	13	3	19	14478	459	0	5	0	564,820
10116	613	1	2	5	1	0	0	2	14	13	3	20	25906	821	0	5	0	202,458
10116	614	2	2	4	1	0	0	3	12	236	5	20	14478	458	0	4	0	458,820
10116	617	1	2	5	1	0	0	1	16	3	2	20	25906	821	0	5	0	202,458
10116	618	2	2	4	1	0	0	2	12	86	4	20	14478	458	0	4	0	458,820
10116	620	2	2	4	1	0	0	2	13	77	4	21	25906	822	0	4	0	456,822
10116	625	0	1	6	0	0	0	1	18	1	1	20	25906	817	0	6	0	206
10116	626	1	1	5	1	0	0	1	14	13	3	20	25906	816	0	5	0	816
10116	628	1	1	5	1	0	0	2	15	13	3	21	25906	818	0	5	0	818
10116	632	1	1	5	1	0	0	1	15	13	3	21	25906	818	0	5	0	818
10116	647	1	3	5	1	0	0	3	18	1	1	20	14478	449	0	5	0	566,574,822
10116	651	1	1	5	1	0	0	1	18	1	1	20	14478	449	0	5	0	574
10116	653	2	5	4	1	0	0	3	17	3	2	21	14478	449	0	4	0	200,204,456,460,574
10116	654	2	5	4	1	0	0	3	17	3	2	21	14478	448	0	4	0	448,456,822,960,968
10116	659	1	2	5	1	0	0	2	20	0	0	20	14478	451	0	5	0	572,820
10116	661	1	2	5	1	0	0	2	19	1	1	21	25906	821	0	5	0	202,206
10116	662	1	1	5	1	0	0	2	19	1	1	21	25906	820	0	5	0	820
10116	665	2	3	4	1	0	0	2	17	3	2	21	14478	451	0	4	0	202,206,572
10116	666	2	2	4	1	0	0	2	17	3	2	21	14478	450	0	4	0	450,820
10116	668	2	4	4	1	0	0	2	16	13	3	22	25906	822	0	4	0	818,822,914,946
10116	675	1	1	5	1	0	0	1	14	11	3	20	14478	451	0	5	0	572
10116	677	1	2	5	1	0	0	2	15	13	3	21	25906	821	0	5	0	202,458
10116	678	2	3	4	1	0	0	3	13	77	4	21	14478	450	0	4	0	450,458,820
10116	681	2	4	4	1	0	0	2	15	13	3	21	14478	451	0	4	0	202,450,458,572
10116	682	2	1	4	1	0	0	1	13	77	4	21	14478	450	0	4	0	450
10116	684	2	3	4	1	0	0	2	14	77	4	22	25906	822	0	4	0	456,822,968
10116	689	1	1	5	1	0	0	1	17	3	2	21	25906	817	0	5	0	206
10116	690	2	2	4	1	0	0	2	15	11	3	21	14478	454	0	4	0	454,816
10116	692	1	1	5	1	0	0	2	16	13	3	22	25906	818	0	5	0	818
10116	696	2	1	4	1	0	0	1	14	86	4	22	25906	818	0	4	0	818
10116	707	0	1	6	0	0	0	1	18	1	1	20	14478	451	0	6	0	572
10116	709	1	3	5	1	0	0	1	17	3	2	21	14478	451	0	5	0	450,458,572
10116	710	1	1	5	1	0	0	1	15	13	3	21	14478	450	0	5	0	450
10116	713	1	3	5	1	0	0	1	19	1	1	21	14478	451	0	5	0	450,458,572
10116	714	1	1	5	1	0	0	1	17	12	2	21	14478	450	0	5	0	450
10116	716	2	6	4	1	0	0	1	16	13	3	22	14478	450	0	4	0	448,450,456,960,962,968
10116	721	1	6	5	1	0	0	2	21	0	0	21	14478	455	0	5	0	198,206,454,462,568,824
10116	722	1	2	5	1	0	0	2	19	1	1	21	14478	454	0	5	0	454,824
10116	724	2	8	4	1	0	0	3	18	3	2	22	14478	454	0	4	0	452,454,460,818,824,826,930,946
10116	728	2	8	4	1	0	0	2	18	3	2	22	14478	454	0	4	0	452,454,460,818,824,826,930,946
10116	737	0	1	6	0	1	1	0	17	3	2	21	14478	454	2	5	1	454
10116	738	1	1	5	1	0	0	1	13	77	4	21	14478	454	0	5	0	454
10116	740	1	1	5	1	1	1	0	14	86	4	22	14478	452	2	4	1	452
10116	744	1	1	5	1	1	1	0	16	13	3	22	14478	452	2	4	1	452
10116	752	1	2	5	1	0	0	1	18	3	2	22	25906	818	0	5	0	460,818
10116	775	1	2	5	1	0	0	3	16	3	2	20	14478	465	0	5	0	558,806
10116	779	1	1	5	1	0	0	1	16	3	2	20	14478	465	0	5	0	558
10116	781	2	2	4	1	0	0	3	15	11	3	21	14478	465	0	4	0	216,558
10116	782	2	2	4	1	0	0	3	15	11	3	21	14478	464	0	4	0	464,806
10116	787	1	3	5	1	0	0	2	18	1	1	20	14478	467	0	5	0	556,804,812
10116	789	1	1	5	1	0	0	2	17	3	2	21	25906	805	0	5	0	218
10116	790	1	1	5	1	0	0	2	17	3	2	21	25906	804	0	5	0	804
10116	793	2	3	4	1	0	0	2	15	13	3	21	14478	467	0	4	0	218,556,812
10116	794	2	3	4	1	0	0	2	15	13	3	21	14478	466	0	4	0	466,804,812
10116	796	2	2	4	1	0	0	2	14	77	4	22	25906	806	0	4	0	806,930
10116	803	1	1	5	1	0	0	1	14	13	3	20	14478	467	0	5	0	556
10116	805	1	1	5	1	0	0	2	15	11	3	21	25906	805	0	5	0	218
10116	806	2	2	4	1	0	0	3	13	77	4	21	14478	466	0	4	0	466,804
10116	809	2	3	4	1	0	0	2	15	11	3	21	14478	467	0	4	0	218,466,556
10116	810	2	1	4	1	0	0	1	13	77	4	21	14478	466	0	4	0	466
10116	812	2	2	4	1	0	0	2	14	75	4	22	25906	806	0	4	0	806,930
10116	817	1	1	5	1	0	0	1	17	3	2	21	25906	801	0	5	0	222
10116	818	2	5	4	1	0	0	2	15	13	3	21	14478	470	0	4	0	470,800,808,928,936
10116	820	1	2	5	1	0	0	2	16	11	3	22	25906	802	0	5	0	802,930
10116	824	2	2	4	1	0	0	1	14	77	4	22	25906	802	0	4	0	802,930
10116	835	1	2	5	1	0	0	2	14	13	3	20	14478	467	0	5	0	556,812
10116	837	2	4	4	1	0	0	3	13	30	4	21	14478	467	0	4	0	210,466,556,812
10116	838	2	2	4	1	0	0	3	11	94	5	21	14478	466	0	4	0	466,812
10116	841	2	4	4	1	0	0	2	15	13	3	21	14478	467	0	4	0	210,466,556,812
10116	842	2	2	4	1	0	0	2	13	86	4	21	14478	466	0	4	0	466,812
10116	844	3	6	3	1	0	0	3	12	94	5	22	14478	466	0	3	0	464,466,812,814,930,968
10116	849	1	2	5	1	0	0	1	17	3	2	21	25906	809	0	5	0	214,808
10116	850	1	1	5	1	0	0	1	15	13	3	21	25906	808	0	5	0	808
10116	852	2	3	4	1	0	0	2	14	30	4	22	25906	810	0	4	0	808,810,930
10116	856	2	3	4	1	0	0	1	14	86	4	22	25906	810	0	4	0	808,810,930
10116	865	1	2	5	1	0	0	1	15	13	3	21	25906	809	0	5	0	214,470
10116	866	2	2	4	1	0	0	2	13	236	5	21	14478	470	0	4	0	470,808
10116	868	2	2	4	1	0	0	2	12	94	5	22	25906	810	0	4	0	468,810
10116	872	2	3	4	1	0	0	1	14	77	4	22	25906	810	0	4	0	468,810,930
10116	880	1	2	5	1	0	0	1	16	13	3	22	25906	802	0	5	0	802,930
10116	899	0	1	6	0	0	0	1	17	3	2	21	14478	451	0	6	0	572
10116	901	1	1	5	1	0	0	1	16	13	3	22	14478	451	0	5	0	572
10116	902	1	1	5	1	0	0	1	16	13	3	22	14478	450	0	5	0	450
10116	905	1	1	5	1	0	0	1	16	13	3	22	14478	451	0	5	0	572
10116	906	1	1	5	1	0	0	1	16	13	3	22	14478	450	0	5	0	450
10116	908	2	4	4	1	0	0	1	15	77	4	23	14478	450	0	4	0	450,898,930,962
10116	913	1	1	5	1	0	0	1	18	3	2	22	14478	455	0	5	0	568
10116	914	1	1	5	1	0	0	1	18	3	2	22	14478	454	0	5	0	454
10116	916	1	1	5	1	1	2	0	17	13	3	23	25906	930	4128	4	1	930
10116	920	2	3	4	1	0	0	1	15	86	4	23	14478	454	0	4	0	454,902,930
10116	929	1	2	5	1	0	0	1	14	30	4	22	14478	455	0	5	0	454,568
10116	930	1	1	5	1	0	0	1	12	94	5	22	14478	454	0	5	0	454
10116	932	2	4	4	1	0	0	3	13	94	5	23	14478	454	0	4	0	452,454,468,810
10116	936	2	2	4	1	0	0	1	13	94	5	23	14478	454	0	4	0	452,454
10116	944	2	4	4	1	0	0	2	15	30	4	23	14478	462	0	4	0	460,462,802,930
10116	961	1	3	5	1	0	0	1	16	11	3	22	14478	455	0	5	0	454,470,568
10116	962	1	1	5	1	0	0	1	14	77	4	22	14478	454	0	5	0	454
10116	964	2	3	4	1	0	0	1	13	94	5	23	14478	454	0	4	0	452,454,468
10116	968	2	4	4	1	0	0	1	15	77	4	23	14478	454	0	4	0	452,454,468,930
10116	976	1	1	5	1	1	2	0	17	11	3	23	25906	930	4128	4	1	930
10116	992	1	1	5	1	1	1	0	13	94	5	23	14478	460	2	4	1	460
10116	1039	1	1	5	1	0	0	2	15	3	2	19	25906	787	0	5	0	236
10116	1047	1	2	5	1	0	0	2	17	1	1	19	25906	786	0	5	0	236,786
10116	1051	1	1	5	1	0	0	1	15	3	2	19	25910	787	0	5	0	236
10116	1053	1	1	5	1	0	0	2	14	13	3	20	25906	787	0	5	0	236
10116	1054	1	1	5	1	0	0	2	14	13	3	20	25906	786	0	5	0	786
10116	1063	2	1	4	1	0	0	2	15	12	2	19	25906	786	0	4	0	786
10116	1067	2	1	4	1	0	0	1	15	12	2	19	25910	787	0	4	0	236
10116	1069	1	1	5	1	0	0	2	16	3	2	20	25906	787	0	5	0	236
10116	1070	2	2	4	1	0	0	2	14	76	3	20	25906	786	0	4	0	786,912
10116	1075	2	4	4	1	0	0	1	17	1	1	19	25910	785	0	4	0	236,238,684,748
10116	1077	1	2	5	1	0	0	2	18	1	1	20	25906	785	0	5	0	236,238
10116	1078	2	4	4	1	0	0	2	16	12	2	20	25906	784	0	4	0	784,786,912,914
10116	1081	1	1	5	1	0	0	1	16	3	2	20	25910	787	0	5	0	236
10116	1082	2	2	4	1	0	0	1	14	76	3	20	25910	786	0	4	0	786,914
10116	1084	1	2	5	1	0	0	2	15	13	3	21	25906	786	0	5	0	786,914
10116	1095	2	1	4	1	0	0	2	13	13	3	19	25906	790	0	4	0	790
10116	1099	2	2	4	1	0	0	2	15	12	2	19	25906	790	0	4	0	232,790
10116	1101	2	2	4	1	0	0	2	14	13	3	20	25906	791	0	4	0	232,790
10116	1102	2	1	4	1	0	0	2	12	86	4	20	25906	790	0	4	0	790
10116	1107	2	6	4	1	0	0	2	17	1	1	19	25906	788	0	4	0	232,234,680,744,788,790
10116	1109	2	5	4	1	0	0	2	16	3	2	20	25906	789	0	4	0	232,234,342,788,790
10116	1110	2	2	4	1	0	0	2	14	13	3	20	25906	788	0	4	0	788,790
10116	1113	2	5	4	1	0	0	2	16	3	2	20	25906	789	0	4	0	232,234,342,788,790
10116	1114	2	2	4	1	0	0	2	14	76	3	20	25906	788	0	4	0	788,790
10116	1116	2	2	4	1	0	0	2	13	86	4	21	25906	790	0	4	0	788,790
10116	1123	2	1	4	1	0	0	1	15	3	2	19	14478	459	0	4	0	564
10116	1125	2	2	4	1	0	0	2	16	3	2	20	25906	789	0	4	0	234,458
10116	1126	3	3	3	1	0	0	3	12	86	4	20	14478	458	0	3	0	458,788,914
10116	1129	2	3	4	1	0	0	2	18	1	1	20	25906	789	0	4	0	232,234,458
10116	1130	3	6	3	1	0	0	3	14	76	3	20	14478	458	0	3	0	458,788,790,912,914,992
10116	1132	2	2	4	1	0	0	2	15	13	3	21	25906	790	0	4	0	790,914
10116	1137	2	8	4	1	0	0	2	20	0	0	20	25906	785	0	4	0	206,232,234,236,238,342,462,744
10116	1138	3	15	3	1	0	0	3	16	3	2	20	14478	462	0	3	0	462,680,744,784,786,788,790,816,912,914,916,918,928,944,992
10116	1140	2	4	4	1	0	0	2	17	3	2	21	25906	786	0	4	0	786,790,914,918
10116	1144	2	4	4	1	0	0	2	17	3	2	21	25906	786	0	4	0	786,790,914,918
10116	1159	2	2	4	1	0	0	2	16	3	2	20	25906	790	0	4	0	682,790
10116	1163	2	3	4	1	0	0	1	16	3	2	20	25910	791	0	4	0	232,682,744
10116	1165	2	1	4	1	0	0	2	15	11	3	21	25906	791	0	4	0	232
10116	1166	2	1	4	1	0	0	2	15	11	3	21	25906	790	0	4	0	790
10116	1171	1	2	5	1	1	2	0	18	1	1	20	25910	279	16392	4	1	680,744
10116	1173	2	4	4	1	0	0	2	17	3	2	21	25906	789	0	4	0	232,234,342,744
10116	1174	2	4	4	1	0	0	2	17	3	2	21	25906	788	0	4	0	680,744,788,790
10116	1177	2	3	4	1	0	0	1	15	13	3	21	25910	791	0	4	0	232,342,744
10116	1178	2	3	4	1	0	0	1	15	13	3	21	25910	790	0	4	0	680,744,790
10116	1180	2	2	4	1	0	0	2	14	77	4	22	25906	790	0	4	0	790,914
10116	1187	2	3	4	1	0	0	1	14	13	3	20	14478	451	0	4	0	556,572,684
10116	1189	2	2	4	1	0	0	2	15	13	3	21	25906	789	0	4	0	234,458
10116	1190	3	6	3	1	0	0	3	13	86	4	21	14478	450	0	3	0	450,458,466,684,788,914
10116	1193	2	2	4	1	0	0	1	15	13	3	21	25910	791	0	4	0	232,744
10116	1194	3	7	3	1	0	0	2	13	86	4	21	14478	450	0	3	0	450,466,684,744,790,914,1000
10116	1196	2	2	4	1	0	0	2	14	77	4	22	25906	790	0	4	0	790,914
10116	1201	1	1	5	1	1	2	0	17	3	2	21	25910	279	16392	4	1	744
10116	1202	2	2	4	1	1	3	0	15	13	3	21	14478	343	4353	3	1	680,744
10116	1204	2	5	4	1	0	0	2	16	13	3	22	25906	786	0	4	0	744,786,790,914,918
10116	1208	2	3	4	1	0	0	1	14	86	4	22	25910	790	0	4	0	744,790,918
10116	1219	2	3	4	1	0	0	1	16	12	2	20	14478	451	0	4	0	564,572,676
10116	1221	2	2	4	1	1	2	0	15	13	3	21	14478	458	34	3	1	346,458
10116	1222	3	6	3	1	0	0	3	13	86	4	21	14478	450	0	3	0	450,458,482,676,796,992
10116	1225	2	2	4	1	1	2	0	17	3	2	21	14478	458	34	3	1	346,458
10116	1226	2	1	4	1	1	3	0	15	76	3	21	14478	992	16900	3	1	992
10116	1228	3	11	3	1	0	0	2	14	77	4	22	25906	798	0	3	0	456,480,482,678,796,798,914,930,968,992,994
10116	1233	1	1	5	1	2	4	0	19	1	1	21	14478	350	4386	3	2	350
10116	1234	2	4	4	1	1	3	0	17	12	2	21	25910	287	16393	3	1	672,736,928,992
10116	1236	2	2	4	1	1	4	0	16	13	3	22	14478	930	18952	2	2	674,930
10116	1240	2	2	4	1	1	4	0	16	13	3	22	14478	930	18948	2	2	674,930
10116	1249	1	1	5	1	1	1	0	17	3	2	21	14478	454	2	4	1	454
10116	1250	2	1	4	1	0	0	1	13	86	4	21	14478	454	0	4	0	454
10116	1252	2	1	4	1	1	1	0	14	86	4	22	14478	452	2	3	1	452
10116	1256	2	2	4	1	1	1	0	16	13	3	22	14478	452	2	3	1	452,992
10116	1264	2	5	4	1	1	1	0	18	3	2	22	14478	460	2	3	1	460,674,736,930,992
10116	1287	2	4	4	1	0	0	3	18	1	1	20	14478	465	0	4	0	558,570,698,774
10116	1291	2	4	4	1	0	0	2	18	1	1	20	14478	465	0	4	0	248,558,570,698
10116	1293	2	1	4	1	0	0	2	17	3	2	21	25906	775	0	4	0	248
10116	1294	2	3	4	1	0	0	2	17	3	2	21	25906	774	0	4	0	774,900,964
10116	1299	1	1	5	1	1	3	0	20	0	0	20	14478	327	4256	4	1	696
10116	1301	2	5	4	1	0	0	2	19	1	1	21	25906	773	0	4	0	94,248,250,326,334
10116	1302	2	6	4	1	0	0	2	19	1	1	21	25906	772	0	4	0	696,772,774,900,902,928
10116	1305	2	2	4	1	0	0	1	17	3	2	21	25910	775	0	4	0	248,326
10116	1306	2	3	4	1	0	0	1	17	3	2	21	25910	774	0	4	0	696,774,902
10116	1308	2	4	4	1	0	0	2	16	13	3	22	25906	774	0	4	0	774,898,902,930
10116	1315	1	2	5	1	0	0	1	18	1	1	20	14478	467	0	5	0	556,572
10116	1317	2	9	4	1	0	0	3	19	1	1	21	14478	467	0	4	0	124,218,250,450,458,466,474,556,572
10116	1318	2	4	4	1	0	0	1	17	12	2	21	14478	466	0	4	0	450,466,898,962
10116	1321	2	6	4	1	0	0	2	19	1	1	21	14478	467	0	4	0	124,248,450,466,556,572
10116	1322	2	4	4	1	0	0	1	17	12	2	21	14478	466	0	4	0	450,466,898,962
10116	1324	1	1	5	1	1	2	0	18	3	2	22	25906	898	4112	4	1	898
10116	1329	2	18	4	1	0	0	2	21	0	0	21	14478	471	0	4	0	94,120,124,222,248,252,326,342,454,470,552,568,616,632,680,696,744,760
10116	1330	2	8	4	1	0	0	1	19	1	1	21	14478	470	0	4	0	454,470,680,696,898,902,928,936
10116	1332	1	3	5	1	1	1	0	20	1	1	22	25906	898	4096	4	1	898,902,930
10116	1336	1	1	5	1	1	1	0	18	3	2	22	25910	902	4096	4	1	902
10116	1347	2	3	4	1	0	0	1	16	3	2	20	14478	467	0	4	0	556,564,692
10116	1349	2	2	4	1	1	3	0	15	13	3	21	14478	458	162	3	1	330,458
10116	1350	3	6	3	1	0	0	3	13	77	4	21	14478	466	0	3	0	458,466,692,780,906,970
10116	1353	2	2	4	1	1	3	0	17	12	2	21	14478	458	162	3	1	330,458
10116	1354	3	11	3	1	0	0	3	15	76	3	21	14478	466	0	3	0	458,466,692,780,782,904,906,928,968,970,992
10116	1356	2	1	4	1	1	4	0	14	86	4	22	14478	968	16546	2	2	968
10116	1361	1	1	5	1	2	4	0	19	1	1	21	14478	334	4258	3	2	334
10116	1362	2	2	4	1	1	3	0	17	3	2	21	25906	928	4640	3	1	688,928
10116	1364	2	2	4	1	1	3	0	16	13	3	22	25906	930	4640	3	1	690,930
10116	1368	2	2	4	1	1	3	0	16	76	3	22	25906	930	4640	3	1	690,930
10116	1377	1	2	5	1	1	1	0	19	1	1	21	14478	470	2	4	1	454,470
10116	1378	2	2	4	1	0	0	1	15	13	3	21	14478	470	0	4	0	454,470
10116	1380	2	4	4	1	1	1	0	16	13	3	22	14478	468	2	3	1	452,468,902,964
10116	1384	2	8	4	1	1	1	0	18	12	2	22	14478	468	2	3	1	452,468,898,902,930,960,964,992
10116	1392	1	1	5	1	2	2	0	20	1	1	22	25906	930	4608	3	2	930
10116	1411	1	3	5	1	0	0	1	17	3	2	21	14478	451	0	5	0	564,572,692
10116	1413	2	5	4	1	0	0	1	16	13	3	22	14478	451	0	4	0	330,346,458,474,572
10116	1414	2	3	4	1	0	0	1	16	13	3	22	14478	450	0	4	0	450,458,692
10116	1417	2	3	4	1	0	0	1	16	13	3	22	14478	451	0	4	0	330,458,572
10116	1418	2	3	4	1	0	0	1	16	13	3	22	14478	450	0	4	0	450,458,692
10116	1420	2	2	4	1	1	2	0	15	77	4	23	14478	898	18432	3	1	898,930
10116	1425	1	1	5	1	1	3	0	18	3	2	22	14478	334	4130	4	1	334
10116	1426	1	1	5	1	1	3	0	18	3	2	22	14478	335	4129	4	1	688
10116	1428	1	1	5	1	2	3	0	17	13	3	23	25906	930	4640	3	2	930
10116	1432	2	3	4	1	1	2	0	15	86	4	23	14478	902	18432	3	1	690,902,930
10116	1441	1	2	5	1	0	0	1	16	11	3	22	14478	455	0	5	0	454,568
10116	1442	1	1	5	1	0	0	1	14	77	4	22	14478	454	0	5	0	454
10116	1444	2	4	4	1	0	0	1	15	77	4	23	14478	454	0	4	0	452,454,468,902
10116	1448	2	3	4	1	0	0	1	15	77	4	23	14478	454	0	4	0	452,454,902
10116	1456	2	9	4	1	0	0	1	17	11	3	23	14478	462	0	4	0	398,460,462,688,690,752,902,910,930
10116	1473	1	2	5	1	1	2	0	16	13	3	22	14478	470	34	4	1	342,470
10116	1474	2	3	4	1	0	0	1	14	86	4	22	14478	454	0	4	0	454,470,680
10116	1476	2	2	4	1	1	2	0	15	236	5	23	14478	468	34	3	1	468,682
10116	1480	2	3	4	1	1	2	0	15	86	4	23	14478	468	34	3	1	468,682,930
10116	1488	1	2	5	1	2	3	0	17	13	3	23	25906	930	4640	2	3	674,930
10116	1504	1	1	5	1	1	1	0	15	77	4	23	14478	460	2	4	1	460
10116	1543	1	1	5	1	0	0	2	16	3	2	20	25906	806	0	5	0	806
10116	1547	2	3	4	1	0	0	3	16	3	2	20	14478	465	0	4	0	216,558,806
10116	1549	2	1	4	1	0	0	2	13	30	4	21	25906	807	0	4	0	216
10116	1550	2	1	4	1	0	0	2	13	30	4	21	25906	806	0	4	0	806
10116	1555	1	2	5	1	0	0	2	20	0	0	20	25906	804	0	5	0	218,804
10116	1557	1	1	5	1	0	0	2	17	3	2	21	25906	805	0	5	0	218
10116	1558	1	1	5	1	0	0	2	17	3	2	21	25906	804	0	5	0	804
10116	1561	2	2	4	1	0	0	2	15	11	3	21	25906	805	0	4	0	216,218
10116	1562	2	2	4	1	0	0	2	15	11	3	21	25906	804	0	4	0	804,806
10116	1564	2	2	4	1	0	0	2	12	94	5	22	25906	806	0	4	0	806,930
10116	1571	2	3	4	1	0	0	3	16	3	2	20	14478	467	0	4	0	218,556,804
10116	1573	1	1	5	1	0	0	2	15	13	3	21	25906	805	0	5	0	218
10116	1574	2	1	4	1	0	0	2	13	86	4	21	25906	804	0	4	0	804
10116	1577	2	2	4	1	0	0	2	15	13	3	21	25906	805	0	4	0	216,218
10116	1578	3	6	3	1	0	0	3	13	86	4	21	14478	466	0	3	0	466,804,806,928,930,968
10116	1580	2	2	4	1	0	0	2	12	94	5	22	25906	806	0	4	0	806,930
10116	1585	1	2	5	1	0	0	2	19	1	1	21	25906	801	0	5	0	220,222
10116	1586	2	4	4	1	0	0	2	17	3	2	21	25906	800	0	4	0	800,802,928,930
10116	1588	1	2	5	1	0	0	2	16	13	3	22	25906	802	0	5	0	802,930
10116	1592	2	4	4	1	0	0	2	14	77	4	22	25906	802	0	4	0	802,806,930,934
10116	1603	1	2	5	1	0	0	2	18	1	1	20	14478	467	0	5	0	556,812
10116	1605	2	4	4	1	0	0	3	15	11	3	21	14478	467	0	4	0	210,466,556,812
10116	1606	2	2	4	1	0	0	3	13	77	4	21	14478	466	0	4	0	466,812
10116	1609	2	4	4	1	0	0	2	17	3	2	21	14478	467	0	4	0	210,466,556,812
10116	1610	2	2	4	1	0	0	2	15	76	3	21	14478	466	0	4	0	466,812
10116	1612	3	6	3	1	0	0	3	12	94	5	22	14478	466	0	3	0	464,466,812,814,930,968
10116	1617	1	2	5	1	0	0	1	21	0	0	21	25906	809	0	5	0	214,808
10116	1618	1	1	5	1	0	0	1	19	1	1	21	25906	808	0	5	0	808
10116	1620	2	3	4	1	0	0	2	16	11	3	22	25906	810	0	4	0	808,810,930
10116	1624	2	3	4	1	0	0	1	16	11	3	22	25906	810	0	4	0	808,810,930
10116	1633	1	2	5	1	0	0	1	19	1	1	21	25906	809	0	5	0	214,470
10116	1634	2	2	4	1	0	0	2	15	13	3	21	14478	470	0	4	0	470,808
10116	1636	2	2	4	1	0	0	2	14	77	4	22	25906	810	0	4	0	468,810
10116	1640	2	4	4	1	0	0	1	16	13	3	22	25906	810	0	4	0	468,810,930,960
10116	1648	1	2	5	1	0	0	1	20	1	1	22	25906	802	0	5	0	802,930
10116	1667	1	1	5	1	0	0	1	19	1	1	21	14478	451	0	5	0	572
10116	1669	2	5	4	1	0	0	3	16	13	3	22	14478	451	0	4	0	210,218,466,474,572
10116	1670	2	3	4	1	0	0	3	16	13	3	22	14478	450	0	4	0	450,466,812
10116	1673	2	1	4	1	0	0	1	16	13	3	22	14478	451	0	4	0	572
10116	1674	2	2	4	1	0	0	1	16	13	3	22	14478	450	0	4	0	450,976
10116	1676	2	1	4	1	1	3	0	13	94	5	23	14478	930	18688	3	1	930
10116	1681	2	11	4	1	0	0	3	20	1	1	22	14478	455	0	4	0	92,94,212,214,220,222,366,568,600,720,728
10116	1682	2	9	4	1	0	0	3	20	1	1	22	14478	454	0	4	0	454,656,720,808,810,912,928,930,976
10116	1684	1	1	5	1	1	2	0	17	13	3	23	25906	930	4128	4	1	930
10116	1688	2	2	4	1	1	2	0	15	77	4	23	25906	930	4128	3	1	930,934
10116	1697	2	6	4	1	0	0	3	16	13	3	22	14478	455	0	4	0	212,214,454,468,470,568
10116	1698	2	1	4	1	0	0	1	14	77	4	22	14478	454	0	4	0	454
10116	1700	2	2	4	1	0	0	2	15	236	5	23	25906	810	0	4	0	468,810
10116	1704	2	1	4	1	1	3	0	15	236	5	23	25910	47	24577	3	1	976
10116	1712	2	6	4	1	0	0	2	17	13	3	23	25906	802	0	4	0	720,802,806,930,934,976
10116	1729	1	3	5	1	0	0	1	20	1	1	22	14478	455	0	5	0	454,470,568
10116	1730	1	1	5	1	0	0	1	18	12	2	22	14478	454	0	5	0	454
10116	1732	2	3	4	1	0	0	1	15	77	4	23	14478	454	0	4	0	452,454,468
10116	1736	2	8	4	1	0	0	1	17	13	3	23	14478	454	0	4	0	452,454,468,898,930,960,962,976
10116	1744	1	2	5	1	1	2	0	21	1	1	23	25906	930	4128	4	1	898,930
10116	1760	1	1	5	1	1	1	0	17	13	3	23	14478	460	2	4	1	460
10116	1795	1	1	5	1	0	0	1	19	1	1	21	14478	483	0	5	0	540
10116	1797	2	2	4	1	0	0	3	16	13	3	22	14478	483	0	4	0	242,540
10116	1798	2	2	4	1	0	0	3	16	13	3	22	14478	482	0	4	0	482,780
10116	1801	2	1	4	1	0	0	1	16	13	3	22	14478	483	0	4	0	540
10116	1802	2	1	4	1	0	0	1	16	13	3	22	14478	482	0	4	0	482
10116	1804	2	1	4	1	1	3	0	13	94	5	23	14478	898	18560	3	1	898
10116	1809	2	9	4	1	0	0	3	20	1	1	22	14478	487	0	4	0	124,126,244,246,334,536,600,792,856
10116	1810	2	11	4	1	0	0	3	20	1	1	22	14478	486	0	4	0	486,688,776,778,792,896,898,904,906,912,920
10116	1812	1	1	5	1	1	2	0	17	13	3	23	25906	898	4128	4	1	898
10116	1816	2	2	4	1	1	2	0	15	77	4	23	25906	898	4128	3	1	898,902
10116	1825	2	6	4	1	0	0	3	18	3	2	22	14478	487	0	4	0	244,246,454,486,536,568
10116	1826	2	2	4	1	0	0	1	16	13	3	22	14478	486	0	4	0	454,486
10116	1828	2	4	4	1	0	0	2	15	77	4	23	25906	778	0	4	0	778,898,902,906
10116	1832	2	3	4	1	1	2	0	15	77	4	23	25906	898	4112	3	1	898,902,976
10116	1840	1	2	5	1	1	1	0	19	3	2	23	25906	898	4096	4	1	898,902
10116	1857	2	6	4	1	0	0	2	18	3	2	22	14478	487	0	4	0	230,342,470,486,536,792
10116	1858	2	2	4	1	0	0	2	16	13	3	22	14478	486	0	4	0	486,792
10116	1860	3	11	3	1	0	0	3	13	94	5	23	14478	486	0	3	0	468,484,486,682,792,794,898,902,906,976,980
10116	1864	2	2	4	1	1	3	0	15	86	4	23	25906	898	4144	3	1	898,976
10116	1872	1	1	5	1	1	2	0	19	3	2	23	25906	898	4128	4	1	898
10116	1888	2	8	4	1	0	0	1	17	13	3	23	25906	786	0	4	0	460,492,786,898,906,914,960,968
10116	1921	1	1	5	1	0	0	1	17	13	3	23	14478	455	0	5	0	568
10116	1922	1	1	5	1	0	0	1	17	13	3	23	14478	454	0	5	0	454
10116	1924	2	4	4	1	0	0	1	16	236	5	24	14478	454	0	4	0	454,898,902,906
10116	1928	2	3	4	1	0	0	1	16	236	5	24	14478	454	0	4	0	454,898,902
10116	1936	1	2	5	1	1	2	0	18	13	3	24	25906	898	4128	3	2	898,902
10116	1952	2	2	4	1	0	0	1	14	94	5	24	14478	462	0	4	0	460,462
10116	1984	2	7	4	1	0	0	1	16	77	4	24	14478	462	0	4	0	460,462,492,658,898,906,914
10116	2063	1	2	5	1	0	0	2	17	1	1	19	25906	851	0	5	0	172,850
10116	2071	1	1	5	1	0	0	2	15	3	2	19	25906	850	0	5	0	850
10116	2075	2	3	4	1	0	0	2	13	13	3	19	25906	850	0	4	0	172,684,850
10116	2077	1	2	5	1	0	0	2	16	3	2	20	25906	851	0	5	0	172,850
10116	2078	1	1	5	1	0	0	2	14	13	3	20	25906	850	0	5	0	850
10116	2087	2	1	4	1	0	0	2	15	3	2	19	25906	850	0	4	0	850
10116	2091	3	10	3	1	0	0	3	15	3	2	19	14478	393	0	3	0	110,172,174,614,622,630,684,686,848,850
10116	2093	1	2	5	1	0	0	2	20	0	0	20	25906	851	0	5	0	172,174
10116	2094	2	4	4	1	0	0	2	16	3	2	20	25906	850	0	4	0	848,850,912,976
10116	2099	3	9	3	1	0	0	3	13	13	3	19	14478	395	0	3	0	174,612,620,628,684,740,748,848,880
10116	2101	1	1	5	1	0	0	2	18	1	1	20	25906	849	0	5	0	174
10116	2102	2	1	4	1	0	0	2	14	13	3	20	25906	848	0	4	0	848
10116	2105	2	3	4	1	0	0	2	16	3	2	20	25906	849	0	4	0	172,174,684
10116	2106	3	4	3	1	0	0	2	12	86	4	20	25906	848	0	3	0	684,848,850,914
10116	2108	1	1	5	1	0	0	2	17	3	2	21	25906	850	0	5	0	850
10116	2119	2	1	4	1	0	0	2	13	13	3	19	25906	854	0	4	0	854
10116	2123	2	2	4	1	0	0	1	15	3	2	19	25906	854	0	4	0	852,854
10116	2125	1	2	5	1	1	1	0	18	1	1	20	25906	854	2	4	1	852,854
10116	2126	2	2	4	1	0	0	2	14	13	3	20	25906	854	0	4	0	852,854
10116	2131	2	1	4	1	0	0	1	13	13	3	19	25906	852	0	4	0	852
10116	2133	1	1	5	1	1	1	0	16	12	2	20	25906	852	2	4	1	852
10116	2134	2	1	4	1	0	0	2	12	86	4	20	25906	852	0	4	0	852
10116	2137	1	1	5	1	1	1	0	16	3	2	20	25906	852	2	4	1	852
10116	2138	2	1	4	1	0	0	1	12	86	4	20	25906	852	0	4	0	852
10116	2140	1	1	5	1	1	1	0	15	76	3	21	25906	852	2	4	1	852
10116	2147	2	1	4	1	0	0	1	13	11	3	19	14478	395	0	4	0	628
10116	2149	2	4	4	1	0	0	3	18	1	1	20	14478	395	0	4	0	170,394,628,852
10116	2150	3	3	3	1	0	0	3	12	77	4	20	14478	394	0	3	0	394,852,914
10116	2153	2	6	4	1	0	0	2	20	0	0	20	14478	395	0	4	0	170,174,394,628,848,852
10116	2154	3	6	3	1	0	0	2	14	11	3	20	14478	394	0	3	0	394,848,852,914,976,992
10116	2156	2	8	4	1	0	0	2	19	1	1	21	25906	854	0	4	0	848,850,852,854,912,914,976,978
10116	2161	2	6	4	1	0	0	2	18	1	1	20	14478	399	0	4	0	142,174,398,624,848,880
10116	2162	3	4	3	1	0	0	2	12	77	4	20	14478	398	0	3	0	398,848,880,992
10116	2164	2	2	4	1	0	0	2	17	12	2	21	25906	850	0	4	0	848,850
10116	2168	2	2	4	1	0	0	1	17	3	2	21	25906	850	0	4	0	848,850
10116	2183	2	5	4	1	0	0	2	18	1	1	20	25906	854	0	4	0	618,622,682,746,854
10116	2187	2	6	4	1	1	1	0	18	1	1	20	14478	401	256	3	1	618,622,680,682,744,746
10116	2189	2	12	4	1	0	0	2	21	0	0	21	25906	855	0	4	0	94,110,168,170,340,342,606,622,680,682,852,854
10116	2190	2	8	4	1	0	0	2	19	1	1	21	25906	854	0	4	0	680,682,852,854,912,916,928,936
10116	2195	1	1	5	1	2	3	0	16	3	2	20	14478	279	4384	3	2	744
10116	2197	2	7	4	1	0	0	2	19	1	1	21	25906	853	0	4	0	170,278,342,620,680,744,852
10116	2198	2	3	4	1	0	0	2	17	3	2	21	25906	852	0	4	0	680,744,852
10116	2201	2	5	4	1	1	1	0	17	3	2	21	14478	403	256	3	1	278,342,620,680,744
10116	2202	2	2	4	1	1	2	0	15	13	3	21	25910	343	16385	3	1	680,744
10116	2204	2	6	4	1	0	0	2	18	3	2	22	25906	854	0	4	0	680,682,852,854,914,930
10116	2211	1	1	5	1	1	1	0	14	13	3	20	14478	403	256	4	1	620
10116	2213	1	1	5	1	1	1	0	19	1	1	21	14478	403	256	4	1	620
10116	2214	2	2	4	1	1	1	0	15	13	3	21	14478	402	256	3	1	402,914
10116	2217	1	1	5	1	1	1	0	19	1	1	21	14478	403	256	4	1	620
10116	2218	2	2	4	1	1	1	0	15	13	3	21	14478	402	256	3	1	402,914
10116	2220	1	1	5	1	1	2	0	20	1	1	22	14478	914	16640	3	2	914
10116	2225	1	2	5	1	1	1	0	17	12	2	21	14478	407	256	4	1	616,744
10116	2226	2	2	4	1	1	1	0	13	86	4	21	14478	406	256	3	1	406,744
10116	2228	2	5	4	1	0	0	2	18	12	2	22	25906	850	0	4	0	406,680,744,850,918
10116	2232	2	4	4	1	1	1	0	16	76	3	22	14478	406	256	3	1	406,680,744,918
10116	2243	2	5	4	1	0	0	1	16	3	2	20	14478	387	0	4	0	612,620,628,636,740
10116	2245	2	8	4	1	0	0	1	19	1	1	21	14478	387	0	4	0	282,346,394,410,604,620,636,860
10116	2246	3	15	3	1	0	0	3	15	13	3	21	14478	386	0	3	0	386,394,402,410,418,676,740,860,898,906,914,922,928,930,992
10116	2249	2	13	4	1	0	0	1	21	0	0	21	14478	387	0	4	0	30,94,282,286,346,350,394,410,604,620,636,856,860
10116	2250	2	2	4	1	1	3	0	17	3	2	21	14478	928	16900	3	1	928,992
10116	2252	1	1	5	1	2	2	0	20	1	1	22	14478	930	16896	3	2	930
10116	2257	1	1	5	1	1	4	0	19	1	1	21	14478	286	4386	4	1	286
10116	2258	2	2	4	1	1	4	0	15	13	3	21	14478	287	4385	3	1	736,992
10116	2260	2	5	4	1	1	1	0	18	12	2	22	25906	856	2	3	1	674,738,856,930,994
10116	2264	2	5	4	1	1	1	0	18	3	2	22	25906	856	2	3	1	674,738,856,930,994
10116	2273	1	4	5	1	0	0	1	19	1	1	21	14478	391	0	5	0	390,406,616,632
10116	2274	2	2	4	1	0	0	1	13	77	4	21	14478	390	0	4	0	390,406
10116	2276	2	8	4	1	0	0	1	18	12	2	22	14478	390	0	4	0	388,390,404,406,900,902,916,918
10116	2280	2	12	4	1	0	0	1	20	1	1	22	14478	390	0	4	0	388,390,404,406,900,902,916,918,928,930,992,994
10116	2288	2	8	4	1	0	0	1	18	12	2	22	14478	398	0	4	0	396,398,412,414,736,738,992,994
10116	2311	2	2	4	1	0	0	3	16	3	2	20	14478	401	0	4	0	622,838
10116	2315	2	1	4	1	0	0	1	16	3	2	20	14478	401	0	4	0	622
10116	2317	2	8	4	1	0	0	3	19	1	1	21	14478	401	0	4	0	184,186,590,622,836,838,844,846
10116	2318	2	4	4	1	0	0	2	17	3	2	21	25906	838	0	4	0	836,838,900,964
10116	2323	2	1	4	1	0	0	1	14	11	3	20	14478	403	0	4	0	620
10116	2325	2	4	4	1	0	0	3	17	3	2	21	14478	403	0	4	0	186,620,836,844
10116	2326	2	1	4	1	0	0	2	15	11	3	21	25906	836	0	4	0	836
10116	2329	2	2	4	1	0	0	1	15	13	3	21	14478	403	0	4	0	620,844
10116	2330	3	6	3	1	0	0	3	13	77	4	21	14478	402	0	3	0	402,696,836,838,844,902
10116	2332	2	3	4	1	0	0	2	16	13	3	22	25906	838	0	4	0	836,838,844
10116	2339	1	1	5	1	0	0	1	14	13	3	20	14478	403	0	5	0	620
10116	2341	1	1	5	1	0	0	1	19	1	1	21	14478	403	0	5	0	620
10116	2342	2	2	4	1	0	0	1	15	13	3	21	14478	402	0	4	0	402,898
10116	2345	1	1	5	1	0	0	1	19	1	1	21	14478	403	0	5	0	620
10116	2346	2	2	4	1	0	0	1	15	13	3	21	14478	402	0	4	0	402,898
10116	2348	1	2	5	1	1	2	0	20	1	1	22	14478	898	16512	4	1	898,962
10116	2353	1	1	5	1	0	0	1	17	3	2	21	14478	407	0	5	0	616
10116	2354	2	1	4	1	0	0	1	13	77	4	21	14478	406	0	4	0	406
10116	2356	2	6	4	1	0	0	3	18	3	2	22	14478	406	0	4	0	406,834,866,902,962,994
10116	2360	2	2	4	1	0	0	1	16	13	3	22	14478	406	0	4	0	406,902
10116	2371	2	1	4	1	0	0	1	12	30	4	20	14478	403	0	4	0	620
10116	2373	2	2	4	1	0	0	1	15	13	3	21	14478	403	0	4	0	620,844
10116	2374	3	3	3	1	0	0	3	11	94	5	21	14478	402	0	3	0	402,844,906
10116	2377	2	3	4	1	0	0	1	17	3	2	21	14478	403	0	4	0	620,840,844
10116	2378	3	6	3	1	0	0	2	13	30	4	21	14478	402	0	3	0	402,840,844,906,968,992
10116	2380	2	4	4	1	1	1	0	16	13	3	22	25906	844	2	3	1	840,844,904,968
10116	2385	2	3	4	1	0	0	1	15	13	3	21	14478	407	0	4	0	616,840,872
10116	2386	3	4	3	1	0	0	2	11	94	5	21	14478	406	0	3	0	406,840,872,992
10116	2388	2	1	4	1	1	1	0	14	86	4	22	25906	840	2	3	1	840
10116	2392	2	1	4	1	1	1	0	14	86	4	22	25906	840	2	3	1	840
10116	2401	1	2	5	1	0	0	1	17	3	2	21	14478	407	0	5	0	406,616
10116	2402	2	1	4	1	0	0	1	11	94	5	21	14478	406	0	4	0	406
10116	2404	2	4	4	1	0	0	1	16	13	3	22	14478	406	0	4	0	404,406,900,902
10116	2408	2	8	4	1	0	0	1	18	3	2	22	14478	406	0	4	0	404,406,900,902,960,962,992,994
10116	2416	2	6	4	1	0	0	1	16	13	3	22	14478	414	0	4	0	412,414,864,866,992,994
10116	2435	1	2	5	1	0	0	1	15	13	3	21	14478	387	0	5	0	628,636
10116	2437	1	1	5	1	0	0	1	18	3	2	22	14478	387	0	5	0	636
10116	2438	2	4	4	1	0	0	1	16	13	3	22	14478	386	0	4	0	386,394,898,906
10116	2441	1	1	5	1	0	0	1	18	3	2	22	14478	387	0	5	0	636
10116	2442	2	4	4	1	0	0	1	16	13	3	22	14478	386	0	4	0	386,394,898,906
10116	2444	1	2	5	1	1	1	0	19	3	2	23	14478	898	16384	4	1	898,930
10116	2449	1	1	5	1	0	0	1	16	13	3	22	14478	391	0	5	0	632
10116	2450	2	3	4	1	0	0	1	14	77	4	22	14478	390	0	4	0	390,398,752
10116	2452	2	4	4	1	0	0	1	17	13	3	23	14478	390	0	4	0	390,902,930,994
10116	2456	2	2	4	1	0	0	1	15	86	4	23	14478	390	0	4	0	390,902
10116	2465	0	1	6	0	0	0	1	16	13	3	22	14478	391	0	6	0	632
10116	2466	1	1	5	1	0	0	1	14	236	5	22	14478	390	0	5	0	390
10116	2468	1	2	5	1	0	0	1	17	13	3	23	14478	390	0	5	0	390,902
10116	2472	1	2	5	1	0	0	1	17	13	3	23	14478	390	0	5	0	390,902
10116	2480	1	1	5	1	0	0	1	15	86	4	23	14478	398	0	5	0	398
10116	2497	1	2	5	1	0	0	1	16	11	3	22	14478	391	0	5	0	406,632
10116	2498	2	2	4	1	0	0	1	12	94	5	22	14478	390	0	4	0	390,406
10116	2500	2	4	4	1	0	0	1	15	77	4	23	14478	390	0	4	0	390,404,902,916
10116	2504	2	6	4	1	0	0	1	17	11	3	23	14478	390	0	4	0	390,404,902,916,930,994
10116	2512	2	4	4	1	0	0	1	15	77	4	23	14478	398	0	4	0	398,412,738,994
10116	2528	1	2	5	1	0	0	1	15	77	4	23	14478	398	0	5	0	396,398
10116	2567	1	1	5	1	0	0	2	16	12	2	20	25906	870	0	5	0	870
10116	2571	2	3	4	1	0	0	2	16	12	2	20	14478	401	0	4	0	622,868,870
10116	2573	2	5	4	1	0	0	3	17	3	2	21	14478	401	0	4	0	152,154,622,868,870
10116	2574	2	2	4	1	0	0	2	15	76	3	21	25906	870	0	4	0	868,870
10116	2579	1	1	5	1	0	0	1	16	3	2	20	25906	868	0	5	0	868
10116	2581	1	2	5	1	0	0	2	17	12	2	21	25906	869	0	5	0	154,868
10116	2582	1	1	5	1	0	0	2	15	76	3	21	25906	868	0	5	0	868
10116	2585	2	4	4	1	0	0	2	15	13	3	21	14478	403	0	4	0	154,620,868,876
10116	2586	2	1	4	1	0	0	1	13	86	4	21	25906	868	0	4	0	868
10116	2588	2	2	4	1	0	0	2	14	86	4	22	25906	870	0	4	0	868,870
10116	2595	2	2	4	1	0	0	2	14	13	3	20	14478	403	0	4	0	620,868
10116	2597	1	1	5	1	0	0	2	17	3	2	21	25906	869	0	5	0	154
10116	2598	2	1	4	1	0	0	2	13	86	4	21	25906	868	0	4	0	868
10116	2601	2	3	4	1	0	0	2	17	3	2	21	14478	403	0	4	0	154,158,620
10116	2602	3	6	3	1	0	0	2	13	86	4	21	14478	402	0	3	0	402,864,868,930,968,992
10116	2604	2	4	4	1	0	0	2	16	11	3	22	25906	870	0	4	0	866,870,930,994
10116	2609	1	1	5	1	0	0	1	17	12	2	21	25906	865	0	5	0	158
10116	2610	2	1	4	1	0	0	1	13	86	4	21	25906	864	0	4	0	864
10116	2612	1	1	5	1	0	0	2	16	76	3	22	25906	866	0	5	0	866
10116	2616	2	1	4	1	0	0	1	14	86	4	22	25906	866	0	4	0	866
10116	2627	1	2	5	1	0	0	2	16	3	2	20	14478	403	0	5	0	620,876
10116	2629	1	2	5	1	0	0	1	17	3	2	21	14478	403	0	5	0	620,876
10116	2630	2	2	4	1	0	0	3	13	86	4	21	14478	402	0	4	0	402,876
10116	2633	1	3	5	1	0	0	1	19	1	1	21	14478	403	0	5	0	620,872,876
10116	2634	2	3	4	1	0	0	2	15	76	3	21	14478	402	0	4	0	402,872,876
10116	2636	2	4	4	1	0	0	1	16	13	3	22	14478	402	0	4	0	402,872,876,914
10116	2641	0	1	6	0	1	1	0	19	1	1	21	14478	151	8192	5	1	872
10116	2642	1	1	5	1	0	0	1	15	13	3	21	25906	872	0	5	0	872
10116	2644	1	1	5	1	1	1	0	16	76	3	22	25906	872	2	4	1	872
10116	2648	1	1	5	1	1	1	0	16	13	3	22	25906	872	2	4	1	872
10116	2657	1	4	5	1	0	0	2	19	1	1	21	14478	407	0	5	0	150,406,616,872
10116	2658	2	2	4	1	0	0	2	13	77	4	21	14478	406	0	4	0	406,872
10116	2660	2	4	4	1	0	0	3	16	13	3	22	14478	406	0	4	0	404,406,872,874
10116	2664	2	10	4	1	0	0	2	18	3	2	22	14478	406	0	4	0	404,406,864,866,872,874,960,962,992,994
10116	2672	1	2	5	1	0	0	1	18	12	2	22	25906	866	0	5	0	864,866
10116	2691	1	2	5	1	0	0	1	19	1	1	21	14478	387	0	5	0	604,636
10116	2693	1	2	5	1	0	0	1	20	1	1	22	14478	387	0	5	0	604,636
10116	2694	2	7	4	1	0	0	3	18	12	2	22	14478	386	0	4	0	386,402,418,876,898,914,930
10116	2697	1	2	5	1	0	0	1	20	1	1	22	14478	387	0	5	0	604,636
10116	2698	2	6	4	1	0	0	1	18	12	2	22	14478	386	0	4	0	386,418,898,912,930,976
10116	2700	1	2	5	1	1	1	0	19	3	2	23	14478	898	16384	4	1	898,930
10116	2705	1	2	5	1	0	0	1	20	1	1	22	14478	391	0	5	0	600,632
10116	2706	2	5	4	1	0	0	2	18	3	2	22	14478	390	0	4	0	390,422,720,872,976
10116	2708	2	11	4	1	0	0	3	19	12	2	23	14478	390	0	4	0	390,422,866,872,874,898,902,930,934,962,994
10116	2712	2	4	4	1	0	0	1	17	13	3	23	14478	390	0	4	0	390,422,902,934
10116	2721	1	2	5	1	0	0	1	18	3	2	22	14478	391	0	5	0	600,632
10116	2722	2	2	4	1	0	0	1	14	77	4	22	14478	390	0	4	0	390,422
10116	2724	2	7	4	1	0	0	3	17	13	3	23	14478	390	0	4	0	390,404,422,874,902,916,934
10116	2728	2	6	4	1	0	0	1	17	13	3	23	14478	390	0	4	0	390,422,902,912,934,976
10116	2736	2	5	4	1	0	0	2	17	76	3	23	14478	398	0	4	0	398,430,720,866,976
10116	2753	0	1	6	0	0	0	1	22	0	0	22	14478	391	0	6	0	632
10116	2754	1	1	5	1	0	0	1	18	3	2	22	14478	390	0	5	0	390
10116	2756	1	2	5	1	0	0	1	19	3	2	23	14478	390	0	5	0	390,902
10116	2760	1	4	5	1	0	0	1	21	1	1	23	14478	390	0	5	0	390,898,902,962
10116	2768	1	3	5	1	0	0	1	21	1	1	23	14478	398	0	5	0	398,880,962
10116	2784	1	2	5	1	0	0	1	19	3	2	23	14478	398	0	5	0	396,398
10116	2819	1	1	5	1	0	0	1	15	13	3	21	14478	419	0	5	0	604
10116	2821	1	1	5	1	0	0	1	16	13	3	22	14478	419	0	5	0	604
10116	2822	2	2	4	1	0	0	3	14	86	4	22	14478	418	0	4	0	418,844
10116	2825	1	1	5	1	0	0	1	16	13	3	22	14478	419	0	5	0	604
10116	2826	2	1	4	1	0	0	1	14	86	4	22	14478	418	0	4	0	418
10116	2828	2	4	4	1	0	0	1	15	77	4	23	14478	418	0	4	0	418,898,930,962
10116	2833	1	2	5	1	0	0	1	16	13	3	22	14478	423	0	5	0	600,856
10116	2834	2	3	4	1	0	0	2	14	77	4	22	14478	422	0	4	0	422,840,856
10116	2836	2	5	4	1	0	0	3	15	86	4	23	14478	422	0	4	0	422,840,842,856,962
10116	2840	2	2	4	1	0	0	1	15	236	5	23	14478	422	0	4	0	422,856
10116	2849	1	1	5	1	0	0	1	16	13	3	22	14478	423	0	5	0	600
10116	2850	2	1	4	1	0	0	1	14	236	5	22	14478	422	0	4	0	422
10116	2852	2	4	4	1	0	0	3	15	77	4	23	14478	422	0	4	0	422,842,902,962
10116	2856	2	4	4	1	0	0	1	15	77	4	23	14478	422	0	4	0	422,902,962,976
10116	2864	2	5	4	1	0	0	2	15	86	4	23	14478	430	0	4	0	430,834,848,962,976
10116	2881	1	2	5	1	0	0	1	16	11	3	22	14478	423	0	5	0	600,856
10116	2882	2	2	4	1	0	0	2	12	94	5	22	14478	422	0	4	0	422,856
10116	2884	2	2	4	1	0	0	1	13	94	5	23	14478	422	0	4	0	422,856
10116	2888	2	5	4	1	0	0	1	15	77	4	23	14478	422	0	4	0	422,848,856,962,976
10116	2896	1	1	5	1	1	1	0	15	77	4	23	25906	848	2	4	1	848
10116	2912	2	6	4	1	0	0	2	15	77	4	23	14478	430	0	4	0	428,430,848,850,960,962
10116	2945	0	1	6	0	0	0	1	17	11	3	23	14478	391	0	6	0	632
10116	2946	1	1	5	1	0	0	1	15	77	4	23	14478	390	0	5	0	390
10116	2948	1	2	5	1	0	0	1	16	77	4	24	14478	390	0	5	0	390,902
10116	2952	1	2	5	1	0	0	1	16	77	4	24	14478	390	0	5	0	390,902
10116	2960	1	1	5	1	0	0	1	16	77	4	24	14478	398	0	5	0	398
10116	2976	1	1	5	1	0	0	1	14	94	5	24	14478	398	0	5	0	398
10116	3008	1	1	5	1	0	0	1	16	75	4	24	14478	398	0	5	0	398
10116	3079	2	3	4	1	0	0	2	14	13	3	20	25906	806	0	4	0	218,730,806
10116	3083	2	4	4	1	0	0	1	14	13	3	20	25910	807	0	4	0	216,218,728,730
10116	3085	2	4	4	1	0	0	2	15	11	3	21	25906	807	0	4	0	216,218,804,806
10116	3086	2	3	4	1	0	0	2	13	77	4	21	25906	806	0	4	0	804,806,932
10116	3091	1	1	5	1	1	2	0	14	11	3	20	25910	295	16392	4	1	728
10116	3093	2	6	4	1	0	0	2	15	13	3	21	25906	805	0	4	0	216,218,294,728,804,806
10116	3094	2	3	4	1	0	0	2	13	77	4	21	25906	804	0	4	0	728,804,806
10116	3097	2	4	4	1	0	0	1	13	30	4	21	25910	807	0	4	0	216,294,728,806
10116	3098	2	2	4	1	0	0	1	11	94	5	21	25910	806	0	4	0	728,806
10116	3100	2	2	4	1	0	0	2	12	94	5	22	25906	806	0	4	0	804,806
10116	3107	2	2	4	1	1	2	0	14	13	3	20	14478	419	384	3	1	604,732
10116	3109	2	5	4	1	0	0	2	17	3	2	21	25906	805	0	4	0	92,218,220,604,732
10116	3110	2	1	4	1	1	3	0	13	86	4	21	14478	930	16768	2	2	930
10116	3113	2	6	4	1	0	0	1	17	3	2	21	25910	807	0	4	0	92,216,220,604,728,732
10116	3114	2	1	4	1	1	2	0	13	86	4	21	25910	930	4112	3	1	930
10116	3116	1	1	5	1	1	2	0	16	11	3	22	25906	930	4112	4	1	930
10116	3121	1	1	5	1	1	2	0	17	3	2	21	25910	295	16392	4	1	728
10116	3122	2	1	4	1	1	3	0	13	77	4	21	25910	295	16393	3	1	728
10116	3124	2	5	4	1	0	0	2	16	13	3	22	25906	802	0	4	0	728,802,806,930,934
10116	3128	2	3	4	1	0	0	1	14	30	4	22	25910	806	0	4	0	728,806,934
10116	3139	2	1	4	1	1	3	0	14	13	3	20	25910	299	16408	3	1	724
10116	3141	2	3	4	1	1	1	0	15	13	3	21	25906	812	2	3	1	298,810,812
10116	3142	3	4	3	1	0	0	2	13	236	5	21	25906	812	0	3	0	724,810,812,938
10116	3145	2	6	4	1	1	1	0	17	3	2	21	25906	812	2	3	1	298,302,808,810,812,814
10116	3146	3	10	3	1	0	0	2	13	86	4	21	25906	812	0	3	0	720,724,808,810,812,814,936,938,960,976
10116	3148	2	3	4	1	1	1	0	14	77	4	22	25906	812	2	3	1	808,812,936
10116	3153	1	1	5	1	2	3	0	17	3	2	21	25910	302	16394	3	2	302
10116	3154	2	1	4	1	1	3	0	13	77	4	21	25910	303	16393	3	1	720
10116	3156	2	3	4	1	1	1	0	14	86	4	22	25906	808	2	3	1	722,808,812
10116	3160	2	3	4	1	1	1	0	14	30	4	22	25906	808	2	3	1	722,808,812
10116	3169	2	6	4	1	0	0	1	19	1	1	21	14478	407	0	4	0	294,406,422,600,616,728
10116	3170	3	6	3	1	0	0	1	13	77	4	21	14478	406	0	3	0	406,422,728,932,934,960
10116	3172	2	2	4	1	1	3	0	16	13	3	22	14478	934	16768	3	1	932,934
10116	3176	2	6	4	1	1	2	0	18	3	2	22	25906	930	4112	3	1	928,930,932,934,960,962
10116	3184	2	4	4	1	1	3	0	18	3	2	22	25906	962	4864	3	1	720,722,960,962
10116	3203	1	1	5	1	2	3	0	15	13	3	21	14478	299	4384	3	2	724
10116	3205	2	3	4	1	1	1	0	16	11	3	22	14478	419	256	3	1	298,604,724
10116	3206	2	1	4	1	1	4	0	14	77	4	22	14478	299	4385	2	2	724
10116	3209	2	5	4	1	1	1	0	16	11	3	22	14478	419	256	3	1	298,302,604,720,724
10116	3210	2	3	4	1	1	2	0	14	77	4	22	25910	303	16385	3	1	720,724,976
10116	3212	2	2	4	1	1	2	0	15	75	4	23	14478	930	16640	2	2	930,962
10116	3217	1	2	5	1	2	2	0	16	13	3	22	25910	303	16392	3	2	302,720
10116	3218	1	1	5	1	2	3	0	14	77	4	22	25910	303	16393	3	2	720
10116	3220	2	3	4	1	1	3	0	15	77	4	23	14478	962	16904	2	2	720,722,962
10116	3224	2	2	4	1	1	2	0	13	94	5	23	25910	303	16385	3	1	720,722
10116	3233	1	2	5	1	1	1	0	16	13	3	22	14478	423	256	4	1	600,728
10116	3234	2	2	4	1	1	1	0	14	236	5	22	14478	422	256	3	1	422,728
10116	3236	2	3	4	1	1	1	0	15	77	4	23	14478	422	256	3	1	422,728,934
10116	3240	2	5	4	1	1	1	0	15	77	4	23	14478	422	256	3	1	422,720,728,934,976
10116	3248	1	1	5	1	2	3	0	15	86	4	23	14478	303	4353	3	2	720
10116	3265	1	1	5	1	1	4	0	18	3	2	22	14478	310	4386	4	1	310
10116	3266	2	2	4	1	1	4	0	14	86	4	22	14478	311	4385	3	1	712,960
10116	3268	2	2	4	1	1	3	0	15	77	4	23	14478	962	16904	3	1	714,962
10116	3272	1	1	5	1	2	3	0	17	11	3	23	14478	962	16900	3	2	962
10116	3280	1	2	5	1	2	4	0	17	13	3	23	14478	962	16908	3	2	706,962
10116	3296	2	8	4	1	0	0	1	17	13	3	23	14478	398	0	4	0	396,398,428,430,720,722,960,962
10116	3331	2	3	4	1	0	0	1	15	11	3	21	14478	419	0	4	0	604,628,756
10116	3333	2	1	4	1	0	0	1	16	13	3	22	14478	419	0	4	0	604
10116	3334	2	1	4	1	1	3	0	14	77	4	22	14478	906	16544	3	1	906
10116	3337	2	1	4	1	0	0	1	16	13	3	22	14478	419	0	4	0	604
10116	3338	2	1	4	1	1	2	0	14	77	4	22	25910	906	4112	3	1	906
10116	3340	2	5	4	1	1	2	0	15	77	4	23	14478	898	16512	3	1	898,904,906,920,962
10116	3345	2	3	4	1	0	0	1	16	11	3	22	14478	423	0	4	0	270,600,752
10116	3346	2	1	4	1	1	3	0	14	75	4	22	25910	271	16393	3	1	752
10116	3348	2	1	4	1	1	3	0	15	77	4	23	25906	962	4640	3	1	962
10116	3352	3	11	3	1	0	0	2	13	94	5	23	14478	422	0	3	0	422,752,754,780,782,792,902,908,910,920,962
10116	3361	1	2	5	1	0	0	1	18	3	2	22	14478	423	0	5	0	600,632
10116	3362	2	3	4	1	0	0	1	14	77	4	22	14478	422	0	4	0	390,422,902
10116	3364	1	1	5	1	1	2	0	17	13	3	23	14478	902	16512	4	1	902
10116	3368	1	1	5	1	1	2	0	17	13	3	23	14478	902	16512	4	1	902
10116	3376	2	8	4	1	0	0	1	17	11	3	23	14478	430	0	4	0	398,430,720,752,902,910,962,976
10116	3393	2	3	4	1	0	0	1	16	13	3	22	14478	423	0	4	0	278,406,600
10116	3394	3	6	3	1	0	0	1	12	94	5	22	14478	422	0	3	0	406,422,744,916,918,960
10116	3396	2	1	4	1	1	4	0	15	236	5	23	14478	916	16546	3	1	916
10116	3400	2	3	4	1	1	3	0	15	86	4	23	25906	912	4114	2	2	912,916,962
10116	3408	2	2	4	1	1	3	0	15	77	4	23	25906	962	4640	2	2	738,962
10116	3424	2	10	4	1	0	0	1	17	13	3	23	14478	430	0	4	0	396,398,428,430,904,906,908,910,960,962
10116	3457	1	1	5	1	0	0	1	15	30	4	23	14478	391	0	5	0	632
10116	3458	2	3	4	1	0	0	1	13	94	5	23	14478	390	0	4	0	390,406,744
10116	3460	2	3	4	1	0	0	1	14	94	5	24	14478	390	0	4	0	390,902,962
10116	3464	2	3	4	1	0	0	1	14	94	5	24	14478	390	0	4	0	390,902,962
10116	3472	2	4	4	1	0	0	1	14	94	5	24	14478	398	0	4	0	398,736,738,962
10116	3488	1	1	5	1	0	0	1	14	94	5	24	14478	398	0	5	0	398
10116	3520	2	4	4	1	0	0	1	14	94	5	24	14478	398	0	4	0	398,428,722,962
10116	3587	2	4	4	1	0	0	3	17	3	2	21	14478	419	0	4	0	178,604,692,844
10116	3589	2	3	4	1	0	0	3	16	13	3	22	14478	419	0	4	0	178,604,844
10116	3590	2	1	4	1	0	0	2	14	86	4	22	25906	844	0	4	0	844
10116	3593	2	1	4	1	0	0	1	16	13	3	22	14478	419	0	4	0	604
10116	3594	3	14	3	1	0	0	3	14	86	4	22	14478	418	0	3	0	418,688,692,840,842,844,846,912,920,944,960,962,968,970
10116	3596	2	1	4	1	1	3	0	13	94	5	23	14478	962	16768	3	1	962
10116	3601	2	8	4	1	0	0	3	18	3	2	22	14478	423	0	4	0	180,182,334,600,688,840,842,856
10116	3602	2	3	4	1	0	0	2	16	11	3	22	25906	840	0	4	0	688,840,842
10116	3604	2	3	4	1	0	0	2	15	86	4	23	25906	842	0	4	0	840,842,962
10116	3608	3	11	3	1	0	0	3	13	94	5	23	14478	422	0	3	0	422,688,690,840,842,844,846,856,920,962,966
10116	3617	2	5	4	1	0	0	3	18	12	2	22	14478	423	0	4	0	180,182,568,600,696
10116	3618	3	11	3	1	0	0	3	14	86	4	22	14478	422	0	3	0	422,454,696,840,842,912,916,960,962,964,966
10116	3620	2	3	4	1	0	0	2	15	86	4	23	25906	842	0	4	0	842,962,966
10116	3624	2	3	4	1	1	2	0	15	86	4	23	25906	962	4112	3	1	912,962,966
10116	3632	2	6	4	1	0	0	2	17	76	3	23	25906	834	0	4	0	688,834,838,912,962,966
10116	3649	1	2	5	1	0	0	1	20	1	1	22	14478	423	0	5	0	600,856
10116	3650	2	2	4	1	0	0	2	16	13	3	22	14478	422	0	4	0	422,856
10116	3652	2	2	4	1	0	0	1	15	77	4	23	14478	422	0	4	0	422,856
10116	3656	2	8	4	1	0	0	1	17	13	3	23	14478	422	0	4	0	422,848,856,898,912,930,962,976
10116	3664	1	1	5	1	1	1	0	19	3	2	23	25906	848	2	4	1	848
10116	3680	2	12	4	1	0	0	2	19	12	2	23	14478	430	0	4	0	428,430,848,850,896,898,904,906,960,962,968,970
10116	3713	1	2	5	1	0	0	1	19	3	2	23	14478	391	0	5	0	568,632
10116	3714	2	5	4	1	0	0	1	17	13	3	23	14478	390	0	4	0	390,454,680,928,932
10116	3716	2	6	4	1	0	0	1	16	77	4	24	14478	390	0	4	0	390,454,898,902,962,966
10116	3720	2	9	4	1	0	0	1	16	77	4	24	14478	390	0	4	0	390,454,898,902,928,930,944,962,966
10116	3728	2	12	4	1	0	0	1	18	13	3	24	14478	398	0	4	0	398,462,672,674,688,898,902,928,930,944,962,966
10116	3744	2	5	4	1	0	0	1	16	86	4	24	14478	398	0	4	0	398,462,688,928,936
10116	3776	1	3	5	1	0	0	1	20	3	2	24	14478	398	0	5	0	398,898,906
10116	3841	1	1	5	1	0	0	1	17	13	3	23	14478	455	0	5	0	568
10116	3842	2	1	4	1	0	0	1	15	77	4	23	14478	454	0	4	0	454
10116	3844	2	3	4	1	0	0	1	16	236	5	24	14478	454	0	4	0	454,898,902
10116	3848	2	4	4	1	0	0	1	16	236	5	24	14478	454	0	4	0	454,898,902,944
10116	3856	2	5	4	1	0	0	1	16	77	4	24	14478	462	0	4	0	462,816,898,902,944
10116	3872	2	8	4	1	0	0	1	16	86	4	24	14478	462	0	4	0	398,462,898,902,906,910,928,936
10116	3904	2	6	4	1	0	0	1	16	77	4	24	14478	462	0	4	0	462,816,898,906,928,936
10116	3968	1	1	5	1	0	0	1	15	94	5	25	14478	398	0	5	0	398
10116	4111	1	2	5	1	0	0	2	17	1	1	19	25906	851	0	5	0	172,850
10116	4119	1	1	5	1	0	0	2	15	3	2	19	25906	850	0	5	0	850
10116	4123	2	2	4	1	0	0	2	13	13	3	19	25906	850	0	4	0	172,850
10116	4125	1	1	5	1	0	0	2	14	13	3	20	25906	851	0	5	0	172
10116	4126	0	1	6	0	0	0	2	16	3	2	20	25906	850	0	6	0	850
10116	4135	2	1	4	1	0	0	2	13	13	3	19	25906	850	0	4	0	850
10116	4139	3	7	3	1	0	0	3	13	13	3	19	14478	393	0	3	0	172,174,614,622,630,848,850
10116	4141	1	2	5	1	0	0	2	16	3	2	20	25906	851	0	5	0	172,174
10116	4142	1	2	5	1	0	0	2	16	3	2	20	25906	850	0	5	0	848,850
10116	4147	3	6	3	1	0	0	3	11	77	4	19	14478	395	0	3	0	174,612,620,628,848,880
10116	4149	1	1	5	1	0	0	2	14	11	3	20	25906	849	0	5	0	174
10116	4150	1	1	5	1	0	0	2	14	13	3	20	25906	848	0	5	0	848
10116	4153	2	2	4	1	0	0	2	12	77	4	20	25906	849	0	4	0	172,174
10116	4154	2	2	4	1	0	0	2	12	86	4	20	25906	848	0	4	0	848,850
10116	4156	0	1	6	0	0	0	2	15	13	3	21	25906	850	0	6	0	850
10116	4167	2	1	4	1	0	0	2	13	76	3	19	25906	854	0	4	0	854
10116	4171	2	2	4	1	0	0	1	15	12	2	19	25906	854	0	4	0	852,854
10116	4173	2	4	4	1	0	0	2	16	12	2	20	25906	855	0	4	0	168,170,852,854
10116	4174	1	2	5	1	0	0	2	16	3	2	20	25906	854	0	5	0	852,854
10116	4179	2	1	4	1	0	0	1	13	76	3	19	25906	852	0	4	0	852
10116	4181	2	2	4	1	0	0	2	14	76	3	20	25906	853	0	4	0	170,852
10116	4182	1	1	5	1	0	0	2	14	76	3	20	25906	852	0	5	0	852
10116	4185	2	2	4	1	0	0	1	14	13	3	20	25906	853	0	4	0	170,852
10116	4186	1	1	5	1	0	0	1	14	76	3	20	25906	852	0	5	0	852
10116	4188	1	2	5	1	0	0	2	15	76	3	21	25906	854	0	5	0	852,854
10116	4195	2	1	4	1	0	0	1	11	86	4	19	14478	395	0	4	0	628
10116	4197	2	2	4	1	0	0	2	14	76	3	20	25906	853	0	4	0	170,394
10116	4198	2	1	4	1	0	0	2	12	86	4	20	25906	852	0	4	0	852
10116	4201	2	3	4	1	0	0	1	16	3	2	20	25906	853	0	4	0	170,174,394
10116	4202	2	2	4	1	0	0	1	14	13	3	20	25906	852	0	4	0	848,852
10116	4204	1	2	5	1	0	0	2	17	12	2	21	25906	854	0	5	0	850,854
10116	4209	2	3	4	1	0	0	1	14	11	3	20	25906	849	0	4	0	142,174,398
10116	4210	2	2	4	1	0	0	1	12	86	4	20	25906	848	0	4	0	848,880
10116	4212	1	1	5	1	0	0	2	15	76	3	21	25906	850	0	5	0	850
10116	4216	1	1	5	1	0	0	1	15	13	3	21	25906	850	0	5	0	850
10116	4231	1	1	5	1	1	2	0	18	1	1	20	14478	405	288	3	2	618
10116	4235	1	1	5	1	2	2	0	18	1	1	20	14478	405	288	3	2	618
10116	4237	2	6	4	1	0	0	2	19	1	1	21	25906	855	0	4	0	168,170,172,174,396,404
10116	4238	1	2	5	1	0	0	2	21	0	0	21	25906	854	0	5	0	852,854
10116	4243	1	1	5	1	2	2	0	16	3	2	20	14478	407	288	3	2	616
10116	4245	2	5	4	1	0	0	2	17	3	2	21	25906	853	0	4	0	142,170,174,398,406
10116	4246	1	1	5	1	0	0	2	19	1	1	21	25906	852	0	5	0	852
10116	4249	2	1	4	1	1	3	0	15	13	3	21	14478	406	290	2	2	406
10116	4250	2	5	4	1	0	0	2	17	3	2	21	25906	852	0	4	0	406,616,790,852,854
10116	4252	1	2	5	1	0	0	2	18	3	2	22	25906	854	0	5	0	850,854
10116	4259	1	1	5	1	1	1	0	12	77	4	20	14478	403	256	4	1	620
10116	4261	2	4	4	1	0	0	2	15	13	3	21	25906	853	0	4	0	170,394,402,620
10116	4262	2	3	4	1	0	0	2	15	11	3	21	25906	852	0	4	0	402,620,852
10116	4265	2	2	4	1	1	1	0	15	13	3	21	14478	403	256	3	1	402,620
10116	4266	2	2	4	1	1	1	0	15	11	3	21	14478	402	256	3	1	402,620
10116	4268	1	2	5	1	0	0	2	18	3	2	22	25906	854	0	5	0	850,854
10116	4273	2	3	4	1	1	1	0	13	77	4	21	14478	407	256	3	1	406,616,744
10116	4274	2	2	4	1	1	1	0	13	77	4	21	14478	406	256	3	1	406,616
10116	4276	1	1	5	1	0	0	2	16	13	3	22	25906	850	0	5	0	850
10116	4280	2	3	4	1	0	0	2	14	86	4	22	25906	850	0	4	0	790,850,854
10116	4291	1	2	5	1	1	1	0	16	12	2	20	14478	395	32	4	1	612,628
10116	4293	1	2	5	1	2	2	0	17	12	2	21	14478	394	34	3	2	394,410
10116	4294	2	5	4	1	0	0	2	17	3	2	21	25906	860	0	4	0	394,410,612,628,860
10116	4297	1	2	5	1	2	2	0	19	1	1	21	14478	394	34	3	2	394,410
10116	4298	2	6	4	1	0	0	1	19	1	1	21	25906	860	0	4	0	394,410,612,628,856,860
10116	4300	2	12	4	1	0	0	2	20	1	1	22	25906	862	0	4	0	392,408,614,630,850,854,856,858,860,862,904,920
10116	4305	1	2	5	1	2	2	0	17	3	2	21	14478	398	34	3	2	398,414
10116	4306	2	7	4	1	0	0	1	17	12	2	21	25906	856	0	4	0	398,414,608,624,856,864,880
10116	4308	2	9	4	1	0	0	2	18	12	2	22	25906	858	0	4	0	396,412,610,626,850,856,858,866,882
10116	4312	2	9	4	1	0	0	1	18	3	2	22	25906	858	0	4	0	396,412,610,626,850,856,858,866,882
10116	4321	1	2	5	1	1	1	0	15	13	3	21	14478	390	2	4	1	390,406
10116	4322	2	4	4	1	0	0	1	13	77	4	21	14478	390	0	4	0	390,406,616,632
10116	4324	2	5	4	1	0	0	2	16	76	3	22	25906	858	0	4	0	388,404,618,634,858
10116	4328	2	6	4	1	0	0	1	18	3	2	22	25906	858	0	4	0	388,404,618,634,850,858
10116	4336	2	7	4	1	0	0	1	16	13	3	22	25906	850	0	4	0	396,412,610,626,850,866,882
10116	4359	2	4	4	1	0	0	3	16	3	2	20	14478	401	0	4	0	618,622,634,838
10116	4363	2	3	4	1	0	0	1	16	3	2	20	14478	401	0	4	0	618,622,634
10116	4365	2	2	4	1	0	0	2	17	3	2	21	25906	839	0	4	0	184,186
10116	4366	1	2	5	1	0	0	2	19	1	1	21	25906	838	0	5	0	836,838
10116	4371	2	3	4	1	0	0	1	14	11	3	20	14478	403	0	4	0	616,620,632
10116	4373	2	2	4	1	0	0	2	15	11	3	21	25906	837	0	4	0	158,186
10116	4374	1	1	5	1	0	0	2	17	3	2	21	25906	836	0	5	0	836
10116	4377	3	7	3	1	0	0	3	13	77	4	21	14478	403	0	3	0	158,184,186,390,406,620,844
10116	4378	2	3	4	1	0	0	2	15	13	3	21	25906	836	0	4	0	836,838,844
10116	4380	1	1	5	1	0	0	2	16	13	3	22	25906	838	0	5	0	838
10116	4387	1	1	5	1	0	0	1	12	77	4	20	14478	403	0	5	0	620
10116	4389	2	5	4	1	0	0	3	15	11	3	21	14478	403	0	4	0	154,186,402,410,620
10116	4390	2	4	4	1	0	0	3	15	13	3	21	14478	402	0	4	0	402,620,836,868
10116	4393	2	2	4	1	0	0	1	15	11	3	21	14478	403	0	4	0	402,620
10116	4394	2	2	4	1	0	0	1	15	13	3	21	14478	402	0	4	0	402,620
10116	4396	1	2	5	1	0	0	2	18	3	2	22	25906	838	0	5	0	834,838
10116	4401	2	3	4	1	0	0	1	13	75	4	21	14478	407	0	4	0	158,406,616
10116	4402	2	4	4	1	0	0	1	13	77	4	21	14478	406	0	4	0	406,616,864,872
10116	4404	1	2	5	1	0	0	2	16	11	3	22	25906	834	0	5	0	834,866
10116	4408	2	3	4	1	0	0	2	14	77	4	22	25906	834	0	4	0	834,838,866
10116	4419	2	3	4	1	0	0	1	12	86	4	20	14478	403	0	4	0	612,620,628
10116	4421	2	2	4	1	1	2	0	13	86	4	21	14478	410	34	3	1	394,410
10116	4422	2	1	4	1	0	0	2	13	77	4	21	25906	844	0	4	0	844
10116	4425	2	2	4	1	1	2	0	15	13	3	21	14478	410	34	3	1	394,410
10116	4426	2	2	4	1	0	0	1	15	13	3	21	25906	844	0	4	0	840,844
10116	4428	2	6	4	1	0	0	2	16	13	3	22	25906	846	0	4	0	840,842,844,846,904,968
10116	4433	2	3	4	1	1	2	0	13	77	4	21	14478	414	34	3	1	158,398,414
10116	4434	2	3	4	1	0	0	1	13	86	4	21	25906	840	0	4	0	840,864,872
10116	4436	2	3	4	1	0	0	2	14	86	4	22	25906	842	0	4	0	840,842,866
10116	4440	2	3	4	1	0	0	1	14	86	4	22	25906	842	0	4	0	840,842,866
10116	4449	1	1	5	1	1	1	0	13	77	4	21	14478	406	2	4	1	406
10116	4450	2	3	4	1	0	0	1	13	236	5	21	14478	406	0	4	0	406,616,872
10116	4452	2	4	4	1	0	0	2	14	86	4	22	25906	842	0	4	0	404,618,842,874
10116	4456	2	6	4	1	0	0	1	16	13	3	22	25906	842	0	4	0	404,618,834,842,866,874
10116	4464	1	1	5	1	1	1	0	14	77	4	22	25906	866	512	4	1	866
10116	4483	0	1	6	0	1	1	0	15	13	3	21	14478	395	32	5	1	628
10116	4485	1	2	5	1	1	2	0	16	13	3	22	14478	394	34	4	1	394,410
10116	4486	1	2	5	1	1	1	0	18	3	2	22	14478	394	32	4	1	394,628
10116	4489	1	1	5	1	1	2	0	16	13	3	22	14478	394	34	4	1	394
10116	4490	1	2	5	1	1	1	0	18	3	2	22	14478	394	32	4	1	394,628
10116	4492	2	12	4	1	0	0	2	19	3	2	23	25906	846	0	4	0	392,408,614,630,834,838,842,846,866,870,904,920
10116	4497	1	1	5	1	1	2	0	14	77	4	22	14478	398	34	4	1	398
10116	4498	1	2	5	1	1	1	0	16	13	3	22	14478	398	32	4	1	398,624
10116	4500	1	1	5	1	1	2	0	17	13	3	23	25906	866	544	4	1	866
10116	4504	2	3	4	1	1	2	0	15	86	4	23	14478	396	34	3	1	396,626,866
10116	4513	1	2	5	1	0	0	1	12	94	5	22	14478	391	0	5	0	390,632
10116	4514	1	2	5	1	0	0	1	12	94	5	22	14478	390	0	5	0	390,632
10116	4516	2	8	4	1	0	0	3	15	30	4	23	14478	390	0	4	0	388,390,404,618,632,634,842,874
10116	4520	2	4	4	1	0	0	1	15	30	4	23	14478	390	0	4	0	388,390,632,634
10116	4528	2	5	4	1	0	0	1	13	94	5	23	14478	398	0	4	0	396,398,624,626,866
10116	4545	0	1	6	0	2	2	0	14	77	4	22	14478	406	34	4	2	406
10116	4546	1	2	5	1	1	1	0	14	77	4	22	14478	406	32	4	1	406,616
10116	4548	1	2	5	1	2	2	0	15	77	4	23	14478	404	34	3	2	404,618
10116	4552	1	2	5	1	2	2	0	17	11	3	23	14478	404	34	3	2	404,618
10116	4560	1	3	5	1	2	2	0	15	77	4	23	14478	412	34	3	2	412,610,866
10116	4576	1	2	5	1	1	1	0	13	94	5	23	14478	396	2	4	1	396,626
10116	4615	1	1	5	1	0	0	2	16	12	2	20	25906	870	0	5	0	870
10116	4619	2	3	4	1	0	0	2	16	12	2	20	14478	401	0	4	0	622,868,870
10116	4621	2	4	4	1	0	0	2	15	76	3	21	25906	871	0	4	0	152,154,156,158
10116	4622	1	2	5	1	0	0	2	17	3	2	21	25906	870	0	5	0	868,870
10116	4627	1	1	5	1	0	0	1	16	3	2	20	25906	868	0	5	0	868
10116	4629	1	2	5	1	0	0	2	15	76	3	21	25906	869	0	5	0	154,158
10116	4630	0	1	6	0	0	0	2	17	12	2	21	25906	868	0	6	0	868
10116	4633	2	2	4	1	0	0	1	13	86	4	21	25906	869	0	4	0	154,158
10116	4634	1	1	5	1	0	0	1	15	13	3	21	25906	868	0	5	0	868
10116	4636	1	2	5	1	0	0	2	14	86	4	22	25906	870	0	5	0	866,870
10116	4643	2	2	4	1	0	0	2	12	77	4	20	14478	403	0	4	0	620,868
10116	4645	1	1	5	1	0	0	2	13	86	4	21	25906	869	0	5	0	154
10116	4646	1	1	5	1	0	0	2	13	77	4	21	25906	868	0	5	0	868
10116	4649	2	2	4	1	0	0	1	13	86	4	21	25906	869	0	4	0	154,158
10116	4650	2	2	4	1	0	0	1	13	77	4	21	25906	868	0	4	0	864,868
10116	4652	1	2	5	1	0	0	2	14	77	4	22	25906	870	0	5	0	866,870
10116	4657	1	1	5	1	0	0	1	13	77	4	21	25906	865	0	5	0	158
10116	4658	1	1	5	1	0	0	1	13	77	4	21	25906	864	0	5	0	864
10116	4660	0	1	6	0	0	0	2	14	86	4	22	25906	866	0	6	0	866
10116	4664	1	1	5	1	0	0	1	14	236	5	22	25906	866	0	5	0	866
10116	4675	1	2	5	1	0	0	2	16	12	2	20	14478	403	0	5	0	620,876
10116	4677	2	6	4	1	0	0	3	15	76	3	21	14478	403	0	4	0	146,154,402,410,620,876
10116	4678	1	1	5	1	0	0	2	15	13	3	21	25906	876	0	5	0	876
10116	4681	2	9	4	1	0	0	2	17	12	2	21	14478	403	0	4	0	146,150,154,158,402,410,620,872,876
10116	4682	1	2	5	1	0	0	1	17	12	2	21	25906	876	0	5	0	872,876
10116	4684	2	6	4	1	0	0	2	16	13	3	22	25906	878	0	4	0	866,870,872,874,876,878
10116	4689	1	3	5	1	0	0	1	17	3	2	21	25906	873	0	5	0	150,158,872
10116	4690	0	1	6	0	0	0	1	17	12	2	21	25906	872	0	6	0	872
10116	4692	1	3	5	1	0	0	2	16	76	3	22	25906	874	0	5	0	866,872,874
10116	4696	1	3	5	1	0	0	1	16	13	3	22	25906	874	0	5	0	866,872,874
10116	4705	1	2	5	1	0	0	1	15	13	3	21	25906	873	0	5	0	150,406
10116	4706	1	1	5	1	0	0	1	13	77	4	21	25906	872	0	5	0	872
10116	4708	1	1	5	1	0	0	2	14	86	4	22	25906	874	0	5	0	874
10116	4712	1	2	5	1	0	0	1	16	13	3	22	25906	874	0	5	0	866,874
10116	4720	0	1	6	0	0	0	1	16	13	3	22	25906	866	0	6	0	866
10116	4739	1	4	5	1	0	0	1	19	1	1	21	14478	387	0	5	0	596,604,628,636
10116	4741	1	2	5	1	1	1	0	18	12	2	22	25906	869	32	4	1	154,410
10116	4742	1	2	5	1	0	0	2	20	1	1	22	25906	876	0	5	0	868,876
10116	4745	2	7	4	1	0	0	1	18	12	2	22	14478	387	0	4	0	154,158,394,410,426,604,636
10116	4746	2	12	4	1	0	0	2	20	1	1	22	14478	386	0	4	0	386,394,418,426,596,604,628,636,864,868,872,876
10116	4748	1	2	5	1	1	1	0	19	3	2	23	25906	870	32	4	1	866,870
10116	4753	1	1	5	1	1	1	0	18	3	2	22	25906	865	32	4	1	158
10116	4754	1	2	5	1	0	0	1	20	1	1	22	25906	872	0	5	0	864,872
10116	4756	0	1	6	0	1	1	0	19	12	2	23	25906	866	32	5	1	866
10116	4760	1	1	5	1	1	1	0	17	13	3	23	25906	866	32	4	1	866
10116	4769	2	6	4	1	0	0	2	14	77	4	22	14478	391	0	4	0	150,390,406,422,600,632
10116	4770	2	5	4	1	0	0	2	14	75	4	22	14478	390	0	4	0	390,422,600,632,872
10116	4772	1	1	5	1	0	0	2	15	77	4	23	25906	874	0	5	0	874
10116	4776	2	2	4	1	0	0	1	15	77	4	23	25906	874	0	4	0	866,874
10116	4784	1	1	5	1	0	0	1	15	77	4	23	25906	866	0	5	0	866
10116	4801	0	1	6	0	1	2	0	20	1	1	22	14478	406	34	5	1	406
10116	4802	1	6	5	1	0	0	2	20	1	1	22	14478	390	0	5	0	390,406,616,632,872,888
10116	4804	1	3	5	1	1	1	0	19	3	2	23	25906	874	32	4	1	404,618,874
10116	4808	1	4	5	1	1	1	0	21	1	1	23	25906	874	32	4	1	404,618,866,874
10116	4816	0	1	6	0	1	1	0	21	1	1	23	25906	866	32	5	1	866
10116	4832	1	3	5	1	0	0	1	17	11	3	23	25906	882	0	5	0	396,626,882
10116	4867	1	1	5	1	0	0	1	15	13	3	21	14478	419	0	5	0	604
10116	4869	2	3	4	1	0	0	3	14	86	4	22	14478	419	0	4	0	178,186,604
10116	4870	1	1	5	1	0	0	2	16	13	3	22	25906	844	0	5	0	844
10116	4873	2	1	4	1	0	0	1	14	86	4	22	14478	419	0	4	0	604
10116	4874	2	6	4	1	0	0	2	16	13	3	22	14478	418	0	4	0	418,604,840,844,856,860
10116	4876	2	4	4	1	0	0	2	15	77	4	23	25906	846	0	4	0	834,838,842,846
10116	4881	2	4	4	1	0	0	2	14	77	4	22	14478	423	0	4	0	182,190,600,856
10116	4882	1	2	5	1	0	0	1	16	13	3	22	25906	840	0	5	0	840,856
10116	4884	1	2	5	1	0	0	2	15	86	4	23	25906	842	0	5	0	834,842
10116	4888	2	3	4	1	0	0	1	15	236	5	23	25906	842	0	4	0	834,842,856
10116	4897	2	3	4	1	0	0	2	12	94	5	22	14478	423	0	4	0	182,422,600
10116	4898	2	4	4	1	0	0	2	12	94	5	22	14478	422	0	4	0	422,600,840,856
10116	4900	1	1	5	1	0	0	2	13	94	5	23	25906	842	0	5	0	842
10116	4904	2	2	4	1	0	0	1	13	94	5	23	25906	842	0	4	0	834,842
10116	4912	1	1	5	1	0	0	1	13	94	5	23	25906	834	0	5	0	834
10116	4929	2	7	4	1	0	0	2	14	77	4	22	14478	423	0	4	0	166,182,406,422,438,600,856
10116	4930	1	1	5	1	0	0	1	14	77	4	22	25906	856	0	5	0	856
10116	4932	2	3	4	1	0	0	2	13	94	5	23	25906	858	0	4	0	842,856,858
10116	4936	2	7	4	1	0	0	1	15	77	4	23	25906	858	0	4	0	834,842,848,850,856,858,976
10116	4944	1	3	5	1	0	0	1	15	77	4	23	25906	850	0	5	0	834,848,850
10116	4960	1	1	5	1	0	0	1	13	94	5	23	25906	850	0	5	0	850
10116	4993	1	2	5	1	0	0	1	15	77	4	23	14478	391	0	5	0	406,632
10116	4994	1	4	5	1	0	0	1	17	11	3	23	14478	390	0	5	0	390,406,616,632
10116	4996	1	1	5	1	1	1	0	16	77	4	24	25906	842	32	4	1	842
10116	5000	2	6	4	1	0	0	1	16	77	4	24	14478	390	0	4	0	390,404,618,632,834,842
10116	5008	1	1	5	1	1	1	0	16	77	4	24	25906	834	32	4	1	834
10116	5024	2	5	4	1	0	0	2	12	222	6	24	14478	398	0	4	0	396,398,624,626,850
10116	5056	1	3	5	1	1	1	0	16	75	4	24	25906	850	32	4	1	428,594,850
10116	5127	2	3	4	1	0	0	2	14	13	3	20	25906	806	0	4	0	218,602,806
10116	5131	2	3	4	1	0	0	1	14	13	3	20	25910	807	0	4	0	216,218,602
10116	5133	2	2	4	1	0	0	2	13	77	4	21	25906	807	0	4	0	216,218
10116	5134	1	2	5	1	0	0	2	15	11	3	21	25906	806	0	5	0	804,806
10116	5139	2	4	4	1	0	0	1	14	11	3	20	25910	805	0	4	0	216,218,600,728
10116	5141	2	2	4	1	0	0	2	13	77	4	21	25906	805	0	4	0	216,218
10116	5142	1	2	5	1	0	0	2	15	13	3	21	25906	804	0	5	0	804,806
10116	5145	2	1	4	1	0	0	1	11	94	5	21	25910	807	0	4	0	216
10116	5146	1	1	5	1	0	0	1	13	30	4	21	25910	806	0	5	0	806
10116	5148	1	1	5	1	0	0	2	12	94	5	22	25906	806	0	5	0	806
10116	5155	2	1	4	1	1	2	0	12	77	4	20	14478	419	384	3	1	604
10116	5157	2	2	4	1	0	0	2	13	77	4	21	25906	805	0	4	0	218,220
10116	5158	2	2	4	1	0	0	2	13	86	4	21	25906	804	0	4	0	802,804
10116	5161	2	2	4	1	0	0	1	13	77	4	21	25910	807	0	4	0	216,220
10116	5162	2	2	4	1	0	0	1	13	86	4	21	25910	806	0	4	0	802,806
10116	5164	1	2	5	1	0	0	2	14	77	4	22	25906	806	0	5	0	802,806
10116	5169	2	3	4	1	0	0	1	13	75	4	21	25910	803	0	4	0	216,220,728
10116	5170	2	2	4	1	0	0	1	13	77	4	21	25910	802	0	4	0	802,806
10116	5172	1	2	5	1	0	0	2	14	77	4	22	25906	802	0	5	0	802,806
10116	5176	1	1	5	1	0	0	1	12	94	5	22	25910	806	0	5	0	806
10116	5187	2	1	4	1	1	3	0	14	76	3	20	14478	427	416	3	1	596
10116	5189	2	1	4	1	1	4	0	13	86	4	21	14478	426	418	2	2	426
10116	5190	2	2	4	1	0	0	2	13	86	4	21	25906	812	0	4	0	810,812
10116	5193	2	1	4	1	1	4	0	15	13	3	21	14478	426	418	2	2	426
10116	5194	2	4	4	1	0	0	2	15	76	3	21	25906	812	0	4	0	808,810,812,814
10116	5196	2	5	4	1	0	0	2	14	77	4	22	25906	814	0	4	0	808,810,812,814,936
10116	5201	2	1	4	1	1	4	0	15	11	3	21	14478	430	418	2	2	430
10116	5202	2	4	4	1	0	0	2	15	76	3	21	25906	808	0	4	0	808,810,812,814
10116	5204	2	4	4	1	0	0	2	14	86	4	22	25906	810	0	4	0	808,810,812,814
10116	5208	2	4	4	1	0	0	2	14	30	4	22	25906	810	0	4	0	808,810,812,814
10116	5217	2	2	4	1	1	1	0	15	11	3	21	14478	406	2	3	1	406,422
10116	5218	3	9	3	1	0	0	3	13	86	4	21	14478	406	0	3	0	406,422,600,616,804,806,808,810,872
10116	5220	2	2	4	1	0	0	2	14	86	4	22	25906	810	0	4	0	806,810
10116	5224	2	4	4	1	0	0	2	16	13	3	22	25906	810	0	4	0	802,806,810,814
10116	5232	2	5	4	1	0	0	2	16	11	3	22	25906	802	0	4	0	802,806,810,814,866
10116	5251	1	1	5	1	2	2	0	15	13	3	21	14478	427	288	3	2	596
10116	5253	2	2	4	1	1	3	0	14	77	4	22	14478	410	98	2	2	410,426
10116	5254	2	4	4	1	0	0	2	16	11	3	22	25906	812	0	4	0	426,596,810,812
10116	5257	2	1	4	1	1	3	0	14	77	4	22	14478	426	290	2	2	426
10116	5258	2	4	4	1	0	0	1	16	11	3	22	25910	814	0	4	0	426,596,810,814
10116	5260	2	4	4	1	0	0	2	15	75	4	23	25906	814	0	4	0	802,806,810,814
10116	5265	2	3	4	1	1	2	0	14	77	4	22	14478	295	2304	2	2	430,720,728
10116	5266	2	6	4	1	0	0	1	16	13	3	22	25910	810	0	4	0	302,430,592,720,810,814
10116	5268	2	5	4	1	0	0	2	15	77	4	23	25906	810	0	4	0	802,806,810,814,866
10116	5272	2	2	4	1	0	0	1	13	94	5	23	25910	814	0	4	0	806,814
10116	5281	2	3	4	1	1	1	0	12	94	5	22	14478	423	256	3	1	422,600,728
10116	5282	2	2	4	1	1	1	0	12	94	5	22	14478	422	256	3	1	422,600
10116	5284	2	2	4	1	0	0	2	13	94	5	23	25906	810	0	4	0	806,810
10116	5288	2	2	4	1	0	0	1	13	94	5	23	25910	814	0	4	0	806,814
10116	5296	2	4	4	1	0	0	1	13	94	5	23	25910	806	0	4	0	302,720,806,814
10116	5313	1	2	5	1	2	2	0	16	13	3	22	14478	406	34	3	2	406,438
10116	5314	2	4	4	1	1	1	0	16	76	3	22	14478	406	32	3	1	406,438,584,616
10116	5316	2	4	4	1	1	2	0	15	77	4	23	14478	404	34	2	2	404,436,586,618
10116	5320	2	4	4	1	1	2	0	17	11	3	23	14478	404	34	2	2	404,436,586,618
10116	5328	2	6	4	1	1	2	0	17	13	3	23	14478	412	34	2	2	412,444,578,610,834,866
10116	5344	2	4	4	1	1	1	0	15	30	4	23	14478	396	2	3	1	396,428,594,626
10116	5379	1	1	5	1	1	2	0	15	11	3	21	14478	395	160	4	1	628
10116	5381	2	2	4	1	1	3	0	14	77	4	22	14478	394	162	3	1	394,410
10116	5382	2	5	4	1	0	0	2	16	13	3	22	25906	780	0	4	0	394,628,778,780,906
10116	5385	2	1	4	1	1	3	0	14	77	4	22	14478	394	162	3	1	394
10116	5386	2	5	4	1	0	0	1	16	13	3	22	25910	782	0	4	0	394,628,778,782,906
10116	5388	2	4	4	1	0	0	2	15	77	4	23	25906	782	0	4	0	778,782,904,920
10116	5393	2	1	4	1	1	3	0	14	75	4	22	14478	398	162	3	1	398
10116	5394	2	4	4	1	0	0	1	16	11	3	22	25910	778	0	4	0	398,624,778,782
10116	5396	2	3	4	1	0	0	2	15	77	4	23	25906	778	0	4	0	778,782,834
10116	5400	2	1	4	1	0	0	1	13	94	5	23	25910	782	0	4	0	782
10116	5409	2	4	4	1	0	0	1	14	75	4	22	14478	423	0	4	0	390,422,600,632
10116	5410	2	4	4	1	0	0	1	14	77	4	22	14478	422	0	4	0	390,422,600,632
10116	5412	2	3	4	1	0	0	2	15	77	4	23	25906	778	0	4	0	774,778,842
10116	5416	2	2	4	1	0	0	1	15	77	4	23	25910	782	0	4	0	774,782
10116	5424	2	3	4	1	0	0	1	15	75	4	23	25910	774	0	4	0	774,782,834
10116	5441	1	1	5	1	2	3	0	14	77	4	22	14478	406	162	3	2	406
10116	5442	2	2	4	1	1	2	0	14	86	4	22	14478	406	160	3	1	406,616
10116	5444	2	3	4	1	1	3	0	15	236	5	23	14478	404	162	2	2	404,618,916
10116	5448	2	4	4	1	1	3	0	15	86	4	23	14478	404	162	2	2	404,618,912,916
10116	5456	2	3	4	1	1	2	0	15	77	4	23	25906	834	544	3	1	412,610,834
10116	5472	2	5	4	1	1	1	0	15	77	4	23	14478	428	2	3	1	396,428,594,626,850
10116	5505	1	1	5	1	1	2	0	13	94	5	23	14478	406	34	4	1	406
10116	5506	1	2	5	1	1	1	0	15	30	4	23	14478	406	32	4	1	406,616
10116	5508	2	5	4	1	1	2	0	14	94	5	24	14478	404	34	3	1	404,436,586,618,842
10116	5512	2	2	4	1	1	2	0	14	94	5	24	14478	404	34	3	1	404,618
10116	5520	2	3	4	1	1	2	0	14	94	5	24	14478	412	34	3	1	412,610,834
10116	5536	2	4	4	1	0	0	1	12	222	6	24	14478	398	0	4	0	396,398,624,626
10116	5568	1	2	5	1	2	2	0	14	94	5	24	14478	428	34	3	2	428,594
10116	5635	2	4	4	1	0	0	3	17	3	2	21	14478	419	0	4	0	178,564,604,844
10116	5637	2	2	4	1	0	0	2	14	86	4	22	25906	845	0	4	0	178,186
10116	5638	1	1	5	1	0	0	2	16	13	3	22	25906	844	0	5	0	844
10116	5641	3	11	3	1	0	0	3	14	86	4	22	14478	419	0	3	0	176,178,180,182,184,186,188,190,458,604,920
10116	5642	2	4	4	1	0	0	2	16	13	3	22	25906	844	0	4	0	840,842,844,846
10116	5644	2	4	4	1	0	0	2	13	94	5	23	25906	846	0	4	0	834,838,842,846
10116	5649	2	4	4	1	0	0	2	16	11	3	22	25906	841	0	4	0	180,182,188,190
10116	5650	1	2	5	1	0	0	2	18	3	2	22	25906	840	0	5	0	840,842
10116	5652	1	2	5	1	0	0	2	15	86	4	23	25906	842	0	5	0	834,842
10116	5656	2	4	4	1	0	0	2	13	94	5	23	25906	842	0	4	0	834,838,842,846
10116	5665	2	2	4	1	0	0	2	14	77	4	22	25906	841	0	4	0	180,182
10116	5666	2	2	4	1	0	0	2	14	77	4	22	25906	840	0	4	0	840,842
10116	5668	1	1	5	1	0	0	2	15	236	5	23	25906	842	0	5	0	842
10116	5672	2	4	4	1	0	0	2	15	236	5	23	25906	842	0	4	0	834,838,842,846
10116	5680	1	2	5	1	0	0	2	15	77	4	23	25906	834	0	5	0	834,838
10116	5697	2	8	4	1	0	0	2	18	3	2	22	14478	423	0	4	0	166,182,406,422,438,470,600,856
10116	5698	1	1	5	1	0	0	1	18	12	2	22	25906	856	0	5	0	856
10116	5700	2	3	4	1	0	0	2	15	77	4	23	25906	858	0	4	0	842,856,858
10116	5704	2	8	4	1	0	0	1	17	13	3	23	25906	858	0	4	0	834,842,848,850,856,858,912,976
10116	5712	1	3	5	1	0	0	1	19	3	2	23	25906	850	0	5	0	834,848,850
10116	5728	1	1	5	1	0	0	1	17	13	3	23	25906	850	0	5	0	850
10116	5761	2	9	4	1	0	0	1	17	13	3	23	14478	391	0	4	0	180,182,406,436,438,470,568,632,696
10116	5762	2	12	4	1	0	0	3	19	3	2	23	14478	390	0	4	0	390,406,454,470,552,568,616,632,840,842,856,858
10116	5764	1	1	5	1	1	1	0	16	77	4	24	25906	842	32	4	1	842
10116	5768	2	5	4	1	1	1	0	16	77	4	24	25906	842	32	3	1	834,838,842,846,944
10116	5776	1	2	5	1	1	1	0	18	13	3	24	25906	834	32	4	1	834,838
10116	5792	2	2	4	1	0	0	2	14	94	5	24	25906	850	0	4	0	850,854
10116	5824	1	3	5	1	1	1	0	20	3	2	24	25906	850	32	4	1	428,594,850
10116	5889	2	2	4	1	0	0	1	15	77	4	23	14478	455	0	4	0	406,568
10116	5890	2	7	4	1	0	0	3	17	13	3	23	14478	454	0	4	0	406,454,568,616,792,794,824
10116	5892	2	2	4	1	0	0	2	16	236	5	24	25906	794	0	4	0	778,794
10116	5896	2	1	4	1	1	4	0	16	236	5	24	14478	79	10257	3	1	944
10116	5904	2	6	4	1	0	0	2	16	77	4	24	25906	786	0	4	0	770,774,786,790,816,944
10116	5920	2	2	4	1	0	0	2	14	94	5	24	25906	786	0	4	0	786,790
10116	5952	2	7	4	1	0	0	1	16	77	4	24	25906	818	0	4	0	428,594,786,816,818,928,936
10116	6016	2	6	4	1	0	0	1	15	94	5	25	14478	398	0	4	0	398,428,594,624,786,790
10116	6151	2	6	4	1	0	0	2	16	12	2	20	25906	934	0	4	0	90,218,602,730,932,934
10116	6155	2	5	4	1	1	1	0	16	12	2	20	25906	932	16	3	1	90,218,602,730,932
10116	6157	1	2	5	1	1	1	0	19	1	1	21	25906	933	16	4	1	90,932
10116	6158	0	1	6	0	1	1	0	19	1	1	21	25906	932	16	5	1	932
10116	6163	2	1	4	1	1	3	0	12	86	4	20	14478	295	416	2	2	728
10116	6165	2	2	4	1	0	0	2	15	13	3	21	25906	933	0	4	0	90,932
10116	6166	1	1	5	1	0	0	2	15	13	3	21	25906	932	0	5	0	932
10116	6169	3	12	3	1	0	0	2	13	77	4	21	25906	933	0	3	0	88,90,216,294,422,600,716,728,806,932,934,940
10116	6170	2	3	4	1	0	0	2	13	77	4	21	25906	932	0	4	0	806,932,934
10116	6172	1	2	5	1	0	0	2	16	11	3	22	25906	934	0	5	0	932,934
10116	6179	2	2	4	1	1	1	0	12	86	4	20	14478	307	256	3	1	716,732
10116	6181	2	7	4	1	0	0	2	17	3	2	21	25906	933	0	4	0	90,92,94,220,604,716,732
10116	6182	2	4	4	1	0	0	2	15	13	3	21	25906	932	0	4	0	802,928,930,932
10116	6185	2	6	4	1	1	1	0	17	3	2	21	14478	307	256	3	1	92,94,220,604,716,732
10116	6186	2	3	4	1	1	1	0	15	13	3	21	25906	928	16	3	1	802,928,930
10116	6188	0	1	6	0	1	1	0	20	1	1	22	25906	930	16	5	1	930
10116	6193	2	2	4	1	1	1	0	13	77	4	21	14478	311	256	3	1	712,728
10116	6194	3	9	3	1	0	0	2	13	236	5	21	25906	928	0	3	0	294,310,712,728,806,928,930,968,992
10116	6196	1	1	5	1	0	0	2	16	13	3	22	25906	930	0	5	0	930
10116	6200	2	3	4	1	0	0	2	14	77	4	22	25906	930	0	4	0	806,930,934
10116	6211	2	1	4	1	1	3	0	14	76	3	20	14478	299	416	3	1	724
10116	6213	2	6	4	1	1	1	0	17	12	2	21	25906	940	2	3	1	298,426,810,936,938,940
10116	6214	2	4	4	1	0	0	2	15	13	3	21	25906	940	0	4	0	810,936,938,940
10116	6217	1	1	5	1	2	2	0	19	1	1	21	25906	936	18	3	2	936
10116	6218	1	1	5	1	1	1	0	17	3	2	21	25906	936	16	4	1	936
10116	6220	0	1	6	0	2	2	0	20	1	1	22	25906	936	18	4	2	936
10116	6225	2	2	4	1	1	1	0	15	13	3	21	25906	936	2	3	1	302,936
10116	6226	2	1	4	1	0	0	1	13	86	4	21	25906	936	0	4	0	936
10116	6228	1	1	5	1	1	1	0	16	76	3	22	25906	936	2	4	1	936
10116	6232	1	1	5	1	1	1	0	16	11	3	22	25906	936	2	4	1	936
10116	6241	2	6	4	1	0	0	1	17	3	2	21	14478	279	0	4	0	278,294,310,712,728,744
10116	6242	3	14	3	1	0	0	2	13	77	4	21	14478	278	0	3	0	278,294,310,712,728,744,806,928,932,936,960,968,992,1000
10116	6244	2	8	4	1	0	0	2	18	12	2	22	25906	938	0	4	0	804,806,928,930,932,934,936,938
10116	6248	1	2	5	1	1	1	0	20	1	1	22	25906	930	16	4	1	928,930
10116	6256	2	6	4	1	0	0	1	16	13	3	22	25906	930	0	4	0	928,930,960,962,992,994
10116	6275	0	1	6	0	3	2	0	17	12	2	21	14478	299	288	3	3	724
10116	6277	1	3	5	1	2	1	0	20	1	1	22	14478	291	256	3	2	298,724,732
10116	6278	1	3	5	1	1	2	0	20	1	1	22	14478	298	288	2	3	298,724,810
10116	6281	1	3	5	1	2	1	0	20	1	1	22	14478	291	256	3	2	298,724,732
10116	6282	1	3	5	1	2	2	0	20	1	1	22	14478	298	288	2	3	298,724,810
10116	6284	1	6	5	1	1	1	0	23	0	0	23	25906	938	16	4	1	802,808,810,930,936,938
10116	6289	1	3	5	1	2	1	0	16	13	3	22	14478	295	256	3	2	302,720,728
10116	6290	1	2	5	1	2	2	0	16	13	3	22	14478	302	288	2	3	302,720
10116	6292	2	14	4	1	0	0	2	19	3	2	23	25906	938	0	4	0	294,300,302,720,722,728,806,812,814,930,936,938,962,994
10116	6296	2	9	4	1	1	1	0	17	11	3	23	14478	294	256	2	2	294,300,302,720,722,728,806,812,814
10116	6305	0	1	6	0	2	1	0	16	13	3	22	14478	295	256	4	2	728
10116	6306	1	2	5	1	2	1	0	14	77	4	22	14478	294	256	3	2	294,728
10116	6308	1	3	5	1	1	1	0	19	3	2	23	14478	294	256	3	2	294,728,806
10116	6312	1	3	5	1	2	1	0	19	3	2	23	14478	294	256	3	2	294,728,806
10116	6320	1	2	5	1	2	1	0	15	86	4	23	14478	302	256	3	2	302,720
10116	6337	0	1	6	0	2	3	0	20	1	1	22	14478	310	290	4	2	310
10116	6338	1	2	5	1	2	2	0	18	3	2	22	14478	310	288	3	2	310,712
10116	6340	1	3	5	1	2	3	0	21	1	1	23	14478	308	290	3	2	308,714,820
10116	6344	1	5	5	1	2	2	0	23	0	0	23	25906	944	18	3	2	308,714,820,944,962
10116	6352	1	3	5	1	2	3	0	19	3	2	23	14478	316	290	3	2	316,706,962
10116	6368	1	4	5	1	1	1	0	19	3	2	23	14478	302	256	4	1	300,302,720,722
10116	6403	2	3	4	1	0	0	1	13	86	4	21	14478	291	0	4	0	724,732,756
10116	6405	2	1	4	1	0	0	1	16	13	3	22	14478	291	0	4	0	732
10116	6406	2	4	4	1	0	0	2	16	13	3	22	25906	908	0	4	0	778,904,906,908
10116	6409	2	2	4	1	0	0	1	16	13	3	22	14478	291	0	4	0	732,920
10116	6410	2	4	4	1	1	1	0	16	13	3	22	25906	904	16	3	1	778,904,906,920
10116	6412	1	3	5	1	1	1	0	19	3	2	23	25906	906	16	4	1	904,906,920
10116	6417	2	1	4	1	0	0	1	12	94	5	22	14478	295	0	4	0	728
10116	6418	3	14	3	1	0	0	3	12	94	5	22	14478	294	0	3	0	270,294,302,720,728,752,782,904,906,920,960,968,976,984
10116	6420	2	4	4	1	0	0	2	15	30	4	23	25906	906	0	4	0	904,906,920,962
10116	6424	2	1	4	1	1	2	0	13	94	5	23	25906	920	66	3	1	920
10116	6433	1	1	5	1	0	0	1	14	77	4	22	14478	295	0	5	0	728
10116	6434	2	2	4	1	0	0	1	14	236	5	22	14478	294	0	4	0	294,728
10116	6436	2	8	4	1	0	0	3	17	13	3	23	14478	294	0	4	0	294,728,774,898,902,906,962,970
10116	6440	2	8	4	1	0	0	1	17	13	3	23	14478	294	0	4	0	294,728,774,898,902,912,962,976
10116	6448	2	4	4	1	0	0	1	13	94	5	23	14478	302	0	4	0	302,720,962,976
10116	6465	2	3	4	1	0	0	1	14	77	4	22	14478	295	0	4	0	278,310,728
10116	6466	3	14	3	1	0	0	2	12	94	5	22	14478	294	0	3	0	278,294,310,712,728,744,790,912,916,920,960,968,976,984
10116	6468	2	4	4	1	1	1	0	15	77	4	23	25906	920	2	3	1	788,912,916,920
10116	6472	1	1	5	1	2	2	0	17	11	3	23	25906	912	18	3	2	912
10116	6480	2	3	4	1	1	1	0	13	94	5	23	25906	912	2	3	1	912,962,976
10116	6496	2	8	4	1	0	0	1	15	77	4	23	14478	302	0	4	0	300,302,720,722,960,962,976,978
10116	6529	1	3	5	1	0	0	1	15	77	4	23	14478	263	0	5	0	278,744,760
10116	6530	1	2	5	1	1	1	0	15	77	4	23	14478	278	32	4	1	278,744
10116	6532	2	14	4	1	0	0	1	18	11	3	24	14478	262	0	4	0	262,276,278,308,714,744,746,760,774,788,790,820,962,970
10116	6536	2	11	4	1	0	0	1	18	11	3	24	14478	262	0	4	0	262,276,278,744,746,760,774,788,790,944,962
10116	6544	2	7	4	1	0	0	1	14	94	5	24	14478	270	0	4	0	270,284,286,736,738,752,962
10116	6560	1	2	5	1	0	0	1	14	94	5	24	14478	270	0	5	0	270,752
10116	6592	1	2	5	1	1	2	0	16	75	4	24	14478	300	34	4	1	300,722
10116	6659	2	5	4	1	0	0	2	17	12	2	21	14478	291	0	4	0	668,692,732,968,972
10116	6661	2	8	4	1	0	0	3	18	12	2	22	14478	291	0	4	0	50,54,58,62,668,732,968,972
10116	6662	1	2	5	1	0	0	2	18	12	2	22	25906	972	0	5	0	968,972
10116	6665	2	7	4	1	0	0	1	18	12	2	22	14478	291	0	4	0	54,62,668,732,920,968,984
10116	6666	1	1	5	1	1	1	0	18	12	2	22	25906	968	16	4	1	968
10116	6668	1	3	5	1	1	1	0	19	3	2	23	25906	970	16	4	1	962,968,970
10116	6673	2	7	4	1	0	0	2	16	13	3	22	14478	295	0	4	0	54,62,664,728,920,968,984
10116	6674	1	1	5	1	0	0	1	16	13	3	22	25906	968	0	5	0	968
10116	6676	1	3	5	1	0	0	2	17	76	3	23	25906	970	0	5	0	962,968,970
10116	6680	2	5	4	1	0	0	1	15	77	4	23	25906	970	0	4	0	920,962,968,970,984
10116	6689	2	5	4	1	0	0	2	16	13	3	22	14478	295	0	4	0	54,62,664,696,728
10116	6690	2	2	4	1	0	0	1	14	77	4	22	25906	968	0	4	0	960,968
10116	6692	1	2	5	1	0	0	2	17	13	3	23	25906	970	0	5	0	962,970
10116	6696	1	1	5	1	1	1	0	17	13	3	23	25906	962	16	4	1	962
10116	6704	1	1	5	1	0	0	1	15	86	4	23	25906	962	0	5	0	962
10116	6721	1	3	5	1	0	0	1	20	1	1	22	14478	295	0	5	0	728,976,984
10116	6722	1	2	5	1	0	0	1	18	3	2	22	25906	984	0	5	0	976,984
10116	6724	1	2	5	1	1	1	0	19	3	2	23	25906	984	2	4	1	976,984
10116	6728	0	1	6	0	2	2	0	21	1	1	23	25906	976	18	4	2	976
10116	6736	0	1	6	0	1	1	0	19	3	2	23	25906	976	2	5	1	976
10116	6752	1	4	5	1	0	0	1	19	3	2	23	25906	978	0	5	0	960,962,976,978
10116	6785	0	1	6	0	1	1	0	21	1	1	23	14478	327	256	5	1	696
10116	6786	1	4	5	1	1	1	0	21	1	1	23	14478	326	256	4	1	326,342,680,696
10116	6788	1	5	5	1	1	1	0	22	1	1	24	14478	326	256	4	1	326,696,838,962,970
10116	6792	1	5	5	1	1	1	0	22	1	1	24	14478	326	256	4	1	326,696,838,944,962
10116	6800	1	4	5	1	1	1	0	20	3	2	24	14478	334	256	4	1	334,688,944,962
10116	6816	1	2	5	1	1	1	0	18	11	3	24	14478	334	256	4	1	334,688
10116	6848	1	16	5	1	0	0	1	24	0	0	24	14478	270	0	5	0	270,300,334,364,658,688,722,752,898,914,928,944,962,978,992,1008
10116	6913	1	1	5	1	0	0	1	15	77	4	23	14478	327	0	5	0	696
10116	6914	2	6	4	1	0	0	2	15	77	4	23	14478	326	0	4	0	326,696,912,920,944,952
10116	6916	2	10	4	1	0	0	3	16	77	4	24	14478	326	0	4	0	326,696,898,906,912,914,920,922,944,952
10116	6920	1	1	5	1	1	3	0	16	77	4	24	14478	79	8209	4	1	944
10116	6928	1	1	5	1	1	2	0	14	94	5	24	14478	79	8193	4	1	944
10116	6944	2	6	4	1	0	0	2	14	94	5	24	14478	334	0	4	0	334,688,898,914,928,944
10116	6976	1	2	5	1	1	1	0	16	75	4	24	25906	944	2	4	1	928,944
10116	7040	1	2	5	1	0	0	1	17	75	4	25	14478	270	0	5	0	270,752
10116	7171	1	1	5	1	2	3	0	13	86	4	21	14478	331	416	2	3	692
10116	7173	2	4	4	1	1	2	0	14	77	4	22	25906	843	24	3	1	180,330,692,842
10116	7174	1	1	5	1	1	2	0	14	77	4	22	25906	842	24	4	1	842
10116	7177	2	4	4	1	1	1	0	14	77	4	22	25910	843	16	3	1	180,330,692,842
10116	7178	1	1	5	1	1	1	0	14	77	4	22	25910	842	16	4	1	842
10116	7180	1	2	5	1	1	1	0	15	75	4	23	25906	842	16	4	1	840,842
10116	7185	2	2	4	1	1	2	0	12	94	5	22	25910	335	16392	3	1	334,688
10116	7186	2	4	4	1	0	0	1	12	94	5	22	25910	842	0	4	0	334,688,842,846
10116	7188	2	4	4	1	0	0	2	13	94	5	23	25906	842	0	4	0	840,842,844,846
10116	7192	2	2	4	1	0	0	1	11	222	6	23	25910	846	0	4	0	844,846
10116	7201	1	1	5	1	2	2	0	14	77	4	22	14478	327	384	3	2	696
10116	7202	2	3	4	1	1	2	0	14	236	5	22	14478	326	384	2	2	326,696,838
10116	7204	1	1	5	1	1	2	0	15	77	4	23	25906	838	24	4	1	838
10116	7208	1	1	5	1	1	1	0	15	77	4	23	25910	838	16	4	1	838
10116	7216	2	4	4	1	0	0	1	13	94	5	23	25910	838	0	4	0	334,688,838,846
10116	7233	1	1	5	1	2	4	0	16	13	3	22	14478	342	418	3	2	342
10116	7234	2	4	4	1	1	2	0	14	86	4	22	25906	852	24	3	1	342,680,852,854
10116	7236	1	1	5	1	2	3	0	15	77	4	23	25906	852	26	3	2	852
10116	7240	1	2	5	1	2	2	0	17	11	3	23	25906	848	18	3	2	848,852
10116	7248	2	6	4	1	1	1	0	15	30	4	23	25906	848	2	3	1	348,674,848,852,856,860
10116	7264	2	8	4	1	1	2	0	17	13	3	23	14478	334	384	3	1	332,334,688,690,840,842,844,846
10116	7297	1	3	5	1	2	1	0	15	77	4	23	14478	327	256	3	2	342,680,696
10116	7298	1	2	5	1	2	2	0	15	77	4	23	14478	342	288	2	3	342,680
10116	7300	2	9	4	1	1	1	0	16	75	4	24	14478	326	256	2	2	326,340,342,680,682,696,838,852,854
10116	7304	2	9	4	1	1	1	0	16	75	4	24	14478	326	256	2	2	326,340,342,680,682,696,838,852,854
10116	7312	2	6	4	1	1	1	0	14	94	5	24	14478	334	256	2	2	334,348,350,672,674,688
10116	7328	1	2	5	1	2	1	0	14	94	5	24	14478	334	256	3	2	334,688
10116	7360	1	2	5	1	2	3	0	18	11	3	24	14478	364	290	3	2	364,658
10116	7425	2	3	4	1	0	0	1	13	94	5	23	14478	327	0	4	0	278,696,744
10116	7426	2	3	4	1	1	2	0	13	94	5	23	14478	278	160	3	1	278,744,790
10116	7428	2	3	4	1	1	2	0	14	94	5	24	25906	790	24	3	1	788,790,820
10116	7432	2	3	4	1	1	1	0	14	94	5	24	25910	790	16	3	1	788,790,816
10116	7440	3	14	3	1	0	0	2	12	222	6	24	14478	334	0	3	0	284,286,334,688,736,738,788,790,796,798,816,824,898,944
10116	7456	2	5	4	1	0	0	1	14	94	5	24	14478	334	0	4	0	270,334,688,752,782
10116	7488	2	4	4	1	1	3	0	14	94	5	24	14478	300	162	3	1	300,722,808,812
10116	7552	2	6	4	1	0	0	1	13	222	6	25	14478	270	0	4	0	270,300,302,720,722,752
10116	7681	2	5	4	1	0	0	1	17	13	3	23	14478	327	0	4	0	406,568,616,632,696
10116	7682	2	8	4	1	0	0	2	17	13	3	23	25906	920	0	4	0	406,616,912,914,916,918,920,922
10116	7684	2	9	4	1	0	0	2	16	77	4	24	25906	922	0	4	0	898,902,906,912,914,916,918,920,922
10116	7688	2	8	4	1	1	1	0	16	77	4	24	25906	914	16	3	1	816,898,902,912,914,916,918,944
10116	7696	2	8	4	1	0	0	2	16	30	4	24	25906	914	0	4	0	816,898,902,912,914,916,918,944
10116	7712	2	8	4	1	0	0	2	16	86	4	24	25906	914	0	4	0	398,624,898,902,906,910,914,918
10116	7744	1	3	5	1	1	1	0	20	3	2	24	25906	944	2	4	1	928,936,944
10116	7808	1	2	5	1	1	1	0	19	11	3	25	14478	398	256	4	1	398,624
10116	7936	2	5	4	1	0	0	1	15	94	5	25	14478	398	0	4	0	398,624,864,872,880
10116	8207	0	1	6	0	0	0	2	17	1	1	19	25906	595	0	6	0	428
10116	8215	1	1	5	1	0	0	2	15	3	2	19	25906	594	0	5	0	594
10116	8219	2	3	4	1	0	0	2	13	13	3	19	25906	594	0	4	0	428,594,598
10116	8221	1	1	5	1	0	0	2	14	13	3	20	25906	595	0	5	0	428
10116	8222	1	2	5	1	0	0	2	16	3	2	20	25906	594	0	5	0	428,594
10116	8231	1	2	5	1	0	0	2	15	12	2	19	25906	594	0	5	0	594,626
10116	8235	2	5	4	1	0	0	3	15	12	2	19	14478	393	0	4	0	428,594,598,626,630
10116	8237	0	1	6	0	0	0	2	18	1	1	20	25906	595	0	6	0	428
10116	8238	1	2	5	1	0	0	2	18	1	1	20	25906	594	0	5	0	428,594
10116	8243	2	2	4	1	0	0	1	13	76	3	19	14478	395	0	4	0	624,628
10116	8245	1	2	5	1	0	0	2	16	3	2	20	25906	593	0	5	0	398,430
10116	8246	2	4	4	1	0	0	2	16	12	2	20	25906	592	0	4	0	398,430,592,624
10116	8249	2	3	4	1	0	0	2	14	13	3	20	25906	593	0	4	0	398,428,430
10116	8250	3	12	3	1	0	0	3	14	76	3	20	14478	394	0	3	0	394,398,426,428,430,592,594,596,624,628,868,940
10116	8252	1	2	5	1	0	0	2	17	3	2	21	25906	594	0	5	0	428,594
10116	8263	1	1	5	1	0	0	2	11	77	4	19	25906	598	0	5	0	598
10116	8267	1	1	5	1	0	0	1	13	13	3	19	25906	598	0	5	0	598
10116	8269	1	2	5	1	0	0	2	14	13	3	20	25906	599	0	5	0	424,598
10116	8270	1	2	5	1	0	0	2	14	11	3	20	25906	598	0	5	0	424,598
10116	8275	2	2	4	1	0	0	2	11	77	4	19	14478	395	0	4	0	596,628
10116	8277	2	2	4	1	0	0	2	12	77	4	20	25906	597	0	4	0	426,596
10116	8278	2	2	4	1	0	0	2	12	77	4	20	25906	596	0	4	0	426,596
10116	8281	2	2	4	1	0	0	1	12	77	4	20	25906	597	0	4	0	426,596
10116	8282	2	2	4	1	0	0	1	12	86	4	20	25906	596	0	4	0	426,596
10116	8284	2	4	4	1	0	0	2	13	86	4	21	25906	598	0	4	0	424,426,596,598
10116	8291	1	1	5	1	0	0	1	11	86	4	19	14478	395	0	5	0	628
10116	8293	1	2	5	1	0	0	2	14	13	3	20	25906	597	0	5	0	394,426
10116	8294	2	4	4	1	0	0	3	12	77	4	20	14478	394	0	4	0	394,426,596,628
10116	8297	1	2	5	1	0	0	1	16	3	2	20	25906	597	0	5	0	394,426
10116	8298	2	4	4	1	0	0	2	14	13	3	20	14478	394	0	4	0	394,426,596,628
10116	8300	1	2	5	1	0	0	2	17	3	2	21	25906	598	0	5	0	424,598
10116	8305	1	1	5	1	1	1	0	14	11	3	20	14478	398	2	4	1	398
10116	8306	2	2	4	1	0	0	1	12	86	4	20	14478	398	0	4	0	398,624
10116	8308	2	4	4	1	0	0	2	15	13	3	21	25906	594	0	4	0	396,428,594,626
10116	8312	2	4	4	1	0	0	1	15	13	3	21	25906	594	0	4	0	396,428,594,626
10116	8327	1	1	5	1	0	0	2	16	3	2	20	25906	598	0	5	0	598
10116	8331	2	4	4	1	0	0	2	16	3	2	20	25906	598	0	4	0	424,598,606,936
10116	8333	1	1	5	1	0	0	2	17	3	2	21	25906	599	0	5	0	424
10116	8334	1	3	5	1	0	0	2	19	1	1	21	25906	598	0	5	0	424,598,936
10116	8339	2	1	4	1	1	3	0	14	11	3	20	14478	151	4384	3	1	872
10116	8341	2	2	4	1	0	0	2	15	11	3	21	25906	597	0	4	0	398,426
10116	8342	2	4	4	1	0	0	2	17	3	2	21	25906	596	0	4	0	426,596,872,936
10116	8345	3	6	3	1	0	0	2	13	77	4	21	25906	597	0	3	0	150,398,424,426,604,936
10116	8346	2	2	4	1	1	2	0	15	13	3	21	25910	87	16385	3	1	872,936
10116	8348	2	3	4	1	0	0	2	16	13	3	22	25906	598	0	4	0	424,598,936
10116	8355	2	3	4	1	0	0	1	12	86	4	20	14478	387	0	4	0	620,628,636
10116	8357	1	2	5	1	0	0	2	15	13	3	21	25906	597	0	5	0	394,426
10116	8358	2	4	4	1	0	0	2	15	13	3	21	25906	596	0	4	0	394,426,596,628
10116	8361	2	4	4	1	0	0	2	15	13	3	21	25906	597	0	4	0	394,424,426,936
10116	8362	2	1	4	1	1	2	0	15	13	3	21	25910	87	16385	3	1	936
10116	8364	1	3	5	1	0	0	2	18	3	2	22	25906	598	0	5	0	424,598,936
10116	8369	2	1	4	1	1	1	0	13	77	4	21	25906	625	512	3	1	398
10116	8370	2	1	4	1	1	3	0	13	86	4	21	14478	151	4353	3	1	872
10116	8372	2	5	4	1	0	0	2	16	13	3	22	25906	594	0	4	0	396,428,594,626,936
10116	8376	2	1	4	1	1	2	0	14	86	4	22	25910	87	16385	3	1	936
10116	8387	2	3	4	1	0	0	2	12	77	4	20	14478	387	0	4	0	604,628,636
10116	8389	2	3	4	1	0	0	2	13	77	4	21	25906	605	0	4	0	394,418,604
10116	8390	2	2	4	1	0	0	2	13	77	4	21	25906	604	0	4	0	418,604
10116	8393	2	3	4	1	0	0	1	15	11	3	21	25906	605	0	4	0	394,418,604
10116	8394	2	3	4	1	0	0	1	15	13	3	21	25906	604	0	4	0	418,604,928
10116	8396	2	6	4	1	0	0	2	16	13	3	22	25906	606	0	4	0	416,418,604,606,928,930
10116	8401	2	2	4	1	1	2	0	13	75	4	21	14478	398	34	3	1	158,398
10116	8402	2	1	4	1	1	4	0	13	77	4	21	14478	159	4385	3	1	864
10116	8404	2	1	4	1	1	4	0	14	77	4	22	25906	866	4896	3	1	866
10116	8408	2	1	4	1	1	4	0	14	77	4	22	25906	866	4896	3	1	866
10116	8417	1	1	5	1	1	1	0	13	77	4	21	14478	390	2	4	1	390
10116	8418	2	2	4	1	0	0	1	13	236	5	21	14478	390	0	4	0	390,632
10116	8420	2	4	4	1	0	0	2	14	86	4	22	25906	602	0	4	0	388,420,602,634
10116	8424	2	5	4	1	0	0	1	16	13	3	22	25906	602	0	4	0	388,420,602,634,928
10116	8432	2	3	4	1	1	1	0	14	77	4	22	14478	396	2	3	1	396,626,866
10116	8455	1	4	5	1	0	0	3	18	1	1	20	14478	401	0	5	0	582,590,614,622
10116	8459	1	2	5	1	0	0	1	18	1	1	20	14478	401	0	5	0	590,622
10116	8461	1	2	5	1	0	0	2	19	1	1	21	25906	583	0	5	0	440,590
10116	8462	1	4	5	1	0	0	2	21	0	0	21	25906	582	0	5	0	432,440,582,590
10116	8467	1	1	5	1	0	0	1	16	3	2	20	14478	403	0	5	0	620
10116	8469	2	6	4	1	0	0	3	17	3	2	21	14478	403	0	4	0	158,410,414,442,588,620
10116	8470	2	10	4	1	0	0	3	19	1	1	21	14478	402	0	4	0	402,410,434,442,580,588,612,620,864,872
10116	8473	2	2	4	1	0	0	1	15	13	3	21	14478	403	0	4	0	588,620
10116	8474	2	5	4	1	0	0	1	17	3	2	21	14478	402	0	4	0	402,434,588,620,872
10116	8476	2	6	4	1	0	0	2	18	3	2	22	25906	582	0	4	0	434,440,582,588,818,866
10116	8483	0	1	6	0	0	0	1	16	12	2	20	14478	403	0	6	0	620
10116	8485	0	1	6	0	1	1	0	19	1	1	21	25906	613	512	5	1	410
10116	8486	1	4	5	1	0	0	1	19	1	1	21	14478	402	0	5	0	402,410,612,620
10116	8489	1	3	5	1	0	0	1	19	1	1	21	14478	403	0	5	0	402,410,620
10116	8490	1	2	5	1	0	0	1	19	1	1	21	14478	402	0	5	0	402,620
10116	8492	1	4	5	1	0	0	2	22	0	0	22	25906	582	0	5	0	408,440,582,614
10116	8497	1	3	5	1	0	0	1	17	3	2	21	14478	407	0	5	0	406,414,616
10116	8498	1	3	5	1	0	0	1	17	12	2	21	14478	406	0	5	0	406,616,872
10116	8500	1	3	5	1	1	1	0	20	1	1	22	25906	610	512	4	1	412,610,866
10116	8504	2	9	4	1	0	0	1	18	3	2	22	14478	406	0	4	0	404,406,412,610,616,618,866,872,874
10116	8515	1	1	5	1	0	0	1	12	77	4	20	14478	403	0	5	0	620
10116	8517	2	5	4	1	0	0	3	13	77	4	21	14478	403	0	4	0	402,410,434,588,620
10116	8518	2	4	4	1	0	0	3	13	75	4	21	14478	402	0	4	0	402,434,588,620
10116	8521	2	5	4	1	0	0	2	15	13	3	21	14478	403	0	4	0	402,410,434,588,620
10116	8522	2	4	4	1	0	0	2	15	11	3	21	14478	402	0	4	0	402,434,588,620
10116	8524	2	4	4	1	0	0	2	16	11	3	22	25906	590	0	4	0	432,434,588,590
10116	8529	2	4	4	1	0	0	1	13	77	4	21	14478	407	0	4	0	158,406,414,616
10116	8530	2	3	4	1	0	0	1	13	77	4	21	14478	406	0	4	0	406,616,864
10116	8532	2	1	4	1	1	3	0	14	77	4	22	25906	866	4640	3	1	866
10116	8536	2	1	4	1	1	3	0	14	86	4	22	25906	866	4640	3	1	866
10116	8545	0	1	6	0	1	1	0	15	13	3	21	14478	406	2	5	1	406
10116	8546	1	2	5	1	0	0	1	13	77	4	21	14478	406	0	5	0	406,616
10116	8548	1	2	5	1	1	1	0	16	11	3	22	14478	404	2	4	1	404,618
10116	8552	1	2	5	1	1	1	0	18	3	2	22	14478	404	2	4	1	404,618
10116	8560	1	3	5	1	1	1	0	16	13	3	22	14478	412	2	4	1	412,610,866
10116	8579	1	2	5	1	0	0	1	15	13	3	21	14478	387	0	5	0	628,636
10116	8581	1	1	5	1	1	2	0	16	13	3	22	25906	613	544	4	1	410
10116	8582	2	14	4	1	0	0	3	18	3	2	22	14478	386	0	4	0	386,394,402,410,418,434,588,604,612,620,628,636,868,884
10116	8585	2	4	4	1	0	0	1	16	13	3	22	14478	387	0	4	0	394,410,604,636
10116	8586	2	9	4	1	0	0	1	18	3	2	22	14478	386	0	4	0	386,394,418,604,628,636,880,884,944
10116	8588	2	13	4	1	0	0	2	19	3	2	23	25906	590	0	4	0	408,418,432,590,604,614,802,806,866,870,920,930,944
10116	8593	2	5	4	1	0	0	1	14	77	4	22	14478	391	0	4	0	142,158,398,414,632
10116	8594	1	1	5	1	1	3	0	16	13	3	22	14478	143	4129	4	1	880
10116	8596	1	1	5	1	2	3	0	17	13	3	23	25906	866	4640	3	2	866
10116	8600	2	2	4	1	1	3	0	15	86	4	23	25906	866	4640	2	2	866,882
10116	8609	1	3	5	1	0	0	1	14	77	4	22	14478	391	0	5	0	390,406,632
10116	8610	1	2	5	1	0	0	1	14	77	4	22	14478	390	0	5	0	390,632
10116	8612	1	2	5	1	1	1	0	17	11	3	23	25906	618	512	4	1	404,618
10116	8616	2	7	4	1	0	0	1	17	11	3	23	14478	390	0	4	0	388,390,404,618,632,634,944
10116	8624	2	9	4	1	0	0	1	15	77	4	23	14478	398	0	4	0	396,398,412,610,624,626,866,880,882
10116	8641	1	1	5	1	1	2	0	12	94	5	22	14478	406	34	4	1	406
10116	8642	2	5	4	1	0	0	1	12	94	5	22	14478	390	0	4	0	390,406,616,632,872
10116	8644	2	3	4	1	1	2	0	13	94	5	23	14478	404	34	3	1	404,618,874
10116	8648	2	4	4	1	1	2	0	15	30	4	23	14478	404	34	3	1	404,618,866,874
10116	8656	1	1	5	1	2	3	0	13	94	5	23	25906	866	4640	2	3	866
10116	8672	1	2	5	1	1	1	0	13	94	5	23	14478	396	2	4	1	396,626
10116	8711	0	1	6	0	0	0	2	14	13	3	20	25906	614	0	6	0	614
10116	8715	1	2	5	1	0	0	2	14	13	3	20	14478	401	0	5	0	614,622
10116	8717	1	1	5	1	0	0	2	13	77	4	21	25906	615	0	5	0	408
10116	8718	1	2	5	1	0	0	2	15	11	3	21	25906	614	0	5	0	408,614
10116	8723	1	2	5	1	0	0	2	14	11	3	20	14478	403	0	5	0	612,620
10116	8725	1	1	5	1	0	0	2	13	77	4	21	25906	613	0	5	0	410
10116	8726	1	2	5	1	0	0	2	15	13	3	21	25906	612	0	5	0	410,612
10116	8729	2	2	4	1	0	0	2	11	94	5	21	14478	403	0	4	0	410,620
10116	8730	2	4	4	1	0	0	2	13	30	4	21	14478	402	0	4	0	402,410,612,620
10116	8732	2	2	4	1	0	0	2	12	94	5	22	25906	614	0	4	0	408,614
10116	8739	1	2	5	1	0	0	2	12	86	4	20	14478	403	0	5	0	612,620
10116	8741	0	1	6	0	0	0	2	13	77	4	21	25906	613	0	6	0	410
10116	8742	1	2	5	1	0	0	2	13	77	4	21	25906	612	0	5	0	410,612
10116	8745	1	1	5	1	0	0	1	13	77	4	21	25906	613	0	5	0	410
10116	8746	2	4	4	1	0	0	2	13	77	4	21	14478	402	0	4	0	402,410,612,620
10116	8748	1	2	5	1	0	0	2	14	75	4	22	25906	614	0	5	0	408,614
10116	8753	1	1	5	1	0	0	1	13	77	4	21	25906	609	0	5	0	414
10116	8754	2	4	4	1	0	0	2	13	86	4	21	14478	406	0	4	0	406,414,608,616
10116	8756	1	2	5	1	0	0	2	14	77	4	22	25906	610	0	5	0	412,610
10116	8760	2	2	4	1	0	0	1	12	94	5	22	25906	610	0	4	0	412,610
10116	8771	0	1	6	0	0	0	2	12	77	4	20	14478	403	0	6	0	620
10116	8773	1	2	5	1	0	0	3	11	94	5	21	14478	403	0	5	0	402,620
10116	8774	1	2	5	1	0	0	3	11	94	5	21	14478	402	0	5	0	402,620
10116	8777	1	2	5	1	0	0	2	13	77	4	21	14478	403	0	5	0	402,620
10116	8778	1	2	5	1	0	0	2	13	86	4	21	14478	402	0	5	0	402,620
10116	8780	2	4	4	1	0	0	3	12	94	5	22	14478	402	0	4	0	400,402,620,622
10116	8785	1	2	5	1	0	0	2	13	75	4	21	14478	407	0	5	0	406,616
10116	8786	1	2	5	1	0	0	2	13	77	4	21	14478	406	0	5	0	406,616
10116	8788	2	4	4	1	0	0	3	12	94	5	22	14478	406	0	4	0	404,406,616,618
10116	8792	2	4	4	1	0	0	2	12	94	5	22	14478	406	0	4	0	404,406,616,618
10116	8801	0	1	6	0	0	0	1	13	77	4	21	25906	617	0	6	0	406
10116	8802	1	2	5	1	0	0	2	13	236	5	21	14478	406	0	5	0	406,616
10116	8804	1	2	5	1	0	0	2	12	94	5	22	25906	618	0	5	0	404,618
10116	8808	1	2	5	1	0	0	1	14	77	4	22	25906	618	0	5	0	404,618
10116	8816	1	2	5	1	0	0	1	14	77	4	22	25906	610	0	5	0	412,610
10116	8835	1	2	5	1	0	0	2	15	11	3	21	14478	387	0	5	0	620,636
10116	8837	1	2	5	1	0	0	2	14	77	4	22	25906	621	0	5	0	402,410
10116	8838	1	2	5	1	0	0	2	16	13	3	22	25906	620	0	5	0	402,620
10116	8841	2	3	4	1	0	0	2	14	77	4	22	14478	387	0	4	0	402,410,636
10116	8842	2	5	4	1	0	0	2	16	13	3	22	14478	386	0	4	0	386,402,620,636,912
10116	8844	2	6	4	1	0	0	2	15	77	4	23	25906	622	0	4	0	400,408,614,622,912,920
10116	8849	2	3	4	1	0	0	2	14	75	4	22	14478	391	0	4	0	406,414,632
10116	8850	2	5	4	1	0	0	2	16	11	3	22	14478	390	0	4	0	390,406,616,632,848
10116	8852	2	5	4	1	0	0	2	15	77	4	23	25906	618	0	4	0	404,412,610,618,866
10116	8856	3	11	3	1	0	0	2	13	94	5	23	14478	390	0	3	0	390,404,412,610,618,632,806,850,866,912,920
10116	8865	1	1	5	1	0	0	1	12	94	5	22	25906	617	0	5	0	406
10116	8866	2	4	4	1	0	0	2	12	94	5	22	14478	390	0	4	0	390,406,616,632
10116	8868	1	2	5	1	0	0	2	13	94	5	23	25906	618	0	5	0	404,618
10116	8872	2	3	4	1	0	0	1	13	94	5	23	25906	618	0	4	0	404,618,912
10116	8880	2	2	4	1	0	0	1	13	94	5	23	25906	610	0	4	0	412,610
10116	8897	1	3	5	1	0	0	2	14	75	4	22	14478	391	0	5	0	390,406,632
10116	8898	1	2	5	1	0	0	2	14	77	4	22	14478	390	0	5	0	390,632
10116	8900	2	6	4	1	0	0	3	13	94	5	23	14478	390	0	4	0	388,390,404,618,632,634
10116	8904	2	6	4	1	0	0	2	15	77	4	23	14478	390	0	4	0	388,390,404,618,632,634
10116	8912	2	8	4	1	0	0	2	15	75	4	23	14478	398	0	4	0	396,398,412,610,624,626,834,866
10116	8928	1	2	5	1	0	0	1	13	94	5	23	25906	626	0	5	0	396,626
10116	8963	0	1	6	0	0	0	1	15	13	3	21	14478	419	0	6	0	604
10116	8965	1	2	5	1	0	0	3	14	77	4	22	14478	419	0	5	0	434,604
10116	8966	1	4	5	1	0	0	3	16	11	3	22	14478	418	0	5	0	418,434,588,604
10116	8969	1	1	5	1	0	0	1	14	77	4	22	14478	419	0	5	0	604
10116	8970	1	2	5	1	0	0	1	16	11	3	22	14478	418	0	5	0	418,604
10116	8972	2	4	4	1	0	0	3	15	75	4	23	14478	418	0	4	0	418,432,590,604
10116	8977	1	1	5	1	0	0	1	14	77	4	22	14478	423	0	5	0	600
10116	8978	1	2	5	1	0	0	1	16	13	3	22	14478	422	0	5	0	422,600
10116	8980	2	5	4	1	0	0	3	15	77	4	23	14478	422	0	4	0	422,436,586,600,834
10116	8984	2	2	4	1	0	0	1	13	94	5	23	14478	422	0	4	0	422,600
10116	8993	1	3	5	1	0	0	2	14	77	4	22	14478	423	0	5	0	422,438,600
10116	8994	1	2	5	1	0	0	1	14	77	4	22	14478	422	0	5	0	422,600
10116	8996	1	2	5	1	0	0	2	15	75	4	23	25906	586	0	5	0	436,586
10116	9000	2	6	4	1	0	0	2	15	75	4	23	14478	422	0	4	0	420,422,436,586,600,602
10116	9008	2	9	4	1	0	0	2	15	77	4	23	14478	430	0	4	0	428,430,444,578,592,594,834,848,850
10116	9025	1	2	5	1	0	0	2	12	94	5	22	14478	423	0	5	0	422,600
10116	9026	1	2	5	1	0	0	2	12	94	5	22	14478	422	0	5	0	422,600
10116	9028	2	4	4	1	0	0	3	11	222	6	23	14478	422	0	4	0	420,422,600,602
10116	9032	2	4	4	1	0	0	2	13	94	5	23	14478	422	0	4	0	420,422,600,602
10116	9040	2	5	4	1	0	0	2	13	94	5	23	14478	430	0	4	0	428,430,592,594,834
10116	9056	1	2	5	1	0	0	1	13	94	5	23	25906	594	0	5	0	428,594
10116	9089	1	1	5	1	0	0	1	13	94	5	23	14478	391	0	5	0	632
10116	9090	1	2	5	1	0	0	1	15	30	4	23	14478	390	0	5	0	390,632
10116	9092	2	7	4	1	0	0	3	14	94	5	24	14478	390	0	4	0	390,420,436,586,602,632,842
10116	9096	2	2	4	1	0	0	1	14	94	5	24	14478	390	0	4	0	390,632
10116	9104	2	4	4	1	0	0	1	14	94	5	24	14478	398	0	4	0	398,624,834,866
10116	9120	2	6	4	1	0	0	2	12	222	6	24	14478	398	0	4	0	396,398,428,594,624,626
10116	9152	2	7	4	1	0	0	2	12	222	6	24	14478	398	0	4	0	396,398,428,594,624,626,850
10116	9223	1	1	5	1	0	0	2	16	12	2	20	25906	550	0	5	0	550
10116	9227	1	1	5	1	0	0	1	16	12	2	20	25910	551	0	5	0	472
10116	9229	1	1	5	1	0	0	2	15	76	3	21	25906	551	0	5	0	472
10116	9230	1	2	5	1	0	0	2	17	3	2	21	25906	550	0	5	0	472,550
10116	9235	2	4	4	1	0	0	1	16	3	2	20	25910	549	0	4	0	472,474,856,984
10116	9237	2	2	4	1	0	0	2	15	76	3	21	25906	549	0	4	0	472,474
10116	9238	2	6	4	1	0	0	2	17	12	2	21	25906	548	0	4	0	472,474,548,550,856,984
10116	9241	2	1	4	1	0	0	1	13	86	4	21	25910	551	0	4	0	472
10116	9242	2	4	4	1	0	0	1	15	13	3	21	25910	550	0	4	0	472,550,856,984
10116	9244	2	2	4	1	0	0	2	14	86	4	22	25906	550	0	4	0	472,550
10116	9251	2	3	4	1	0	0	2	16	12	2	20	14478	403	0	4	0	474,612,620
10116	9253	1	2	5	1	0	0	2	17	12	2	21	25906	549	0	5	0	410,474
10116	9254	2	4	4	1	0	0	2	17	12	2	21	25906	548	0	4	0	410,474,548,612
10116	9257	1	1	5	1	0	0	1	17	12	2	21	25910	551	0	5	0	472
10116	9258	2	4	4	1	0	0	1	17	12	2	21	25910	550	0	4	0	472,550,968,984
10116	9260	1	2	5	1	0	0	2	18	3	2	22	25906	550	0	5	0	472,550
10116	9265	2	5	4	1	0	0	1	17	3	2	21	25910	547	0	4	0	414,472,476,968,984
10116	9266	2	4	4	1	1	3	0	17	12	2	21	14478	183	4353	3	1	840,856,968,984
10116	9268	2	11	4	1	0	0	2	18	12	2	22	25906	546	0	4	0	412,472,476,546,550,610,802,806,866,968,984
10116	9272	2	5	4	1	0	0	1	16	13	3	22	25910	550	0	4	0	472,550,806,968,984
10116	9283	2	3	4	1	0	0	3	14	13	3	20	14478	403	0	4	0	466,556,620
10116	9285	2	2	4	1	0	0	2	13	86	4	21	25906	557	0	4	0	466,556
10116	9286	2	2	4	1	0	0	2	13	77	4	21	25906	556	0	4	0	466,556
10116	9289	2	4	4	1	0	0	2	15	76	3	21	25906	557	0	4	0	464,466,556,558
10116	9290	2	5	4	1	0	0	2	15	76	3	21	25906	556	0	4	0	464,466,556,558,976
10116	9292	2	4	4	1	0	0	2	14	86	4	22	25906	558	0	4	0	464,466,556,558
10116	9297	2	1	4	1	1	4	0	15	11	3	21	25910	174	18442	3	1	174
10116	9298	2	2	4	1	1	3	0	15	13	3	21	25910	47	16393	3	1	848,976
10116	9300	2	1	4	1	1	4	0	14	86	4	22	14478	850	18952	2	2	850
10116	9304	2	1	4	1	1	4	0	14	86	4	22	14478	850	18948	2	2	850
10116	9313	1	1	5	1	1	1	0	17	3	2	21	14478	406	2	4	1	406
10116	9314	2	2	4	1	0	0	1	15	13	3	21	14478	406	0	4	0	406,616
10116	9316	2	4	4	1	0	0	2	16	13	3	22	25906	554	0	4	0	404,468,554,618
10116	9320	2	8	4	1	0	0	2	18	12	2	22	25906	554	0	4	0	404,464,468,554,558,618,960,976
10116	9328	2	7	4	1	1	1	0	18	3	2	22	14478	412	2	3	1	412,610,834,850,866,960,976
10116	9347	2	3	4	1	0	0	1	15	13	3	21	25910	557	0	4	0	466,852,976
10116	9349	2	2	4	1	0	0	2	14	86	4	22	25906	557	0	4	0	410,466
10116	9350	2	4	4	1	0	0	2	16	13	3	22	25906	556	0	4	0	466,556,852,976
10116	9353	2	2	4	1	0	0	1	14	86	4	22	25910	559	0	4	0	464,976
10116	9354	1	1	5	1	1	2	0	16	13	3	22	25910	47	16385	4	1	976
10116	9356	2	3	4	1	0	0	2	15	77	4	23	25906	558	0	4	0	464,558,976
10116	9361	2	2	4	1	1	2	0	14	77	4	22	25910	47	16392	3	1	174,976
10116	9362	1	2	5	1	2	3	0	16	13	3	22	25910	47	16393	3	2	848,976
10116	9364	2	4	4	1	1	3	0	15	86	4	23	25906	47	16393	3	1	834,850,866,976
10116	9368	2	2	4	1	1	2	0	15	236	5	23	25910	47	16385	3	1	850,976
10116	9377	2	3	4	1	0	0	1	14	77	4	22	25910	555	0	4	0	406,468,976
10116	9378	2	2	4	1	1	3	0	14	77	4	22	14478	167	4353	3	1	856,976
10116	9380	2	5	4	1	0	0	2	15	77	4	23	25906	554	0	4	0	404,468,554,618,976
10116	9384	1	1	5	1	1	2	0	15	77	4	23	25910	47	16385	4	1	976
10116	9392	1	1	5	1	2	3	0	15	77	4	23	25910	47	16393	3	2	976
10116	9409	2	2	4	1	1	2	0	14	77	4	22	14478	406	34	3	1	182,406
10116	9410	2	2	4	1	1	3	0	14	86	4	22	25910	63	16393	3	1	840,960
10116	9412	2	1	4	1	1	4	0	15	236	5	23	25906	842	4896	3	1	842
10116	9416	2	4	4	1	1	2	0	15	86	4	23	25910	63	16385	3	1	834,842,960,962
10116	9424	1	1	5	1	3	4	0	15	77	4	23	25906	834	4896	2	3	834
10116	9440	2	4	4	1	1	1	0	15	77	4	23	14478	396	2	3	1	396,626,850,960
10116	9475	1	1	5	1	0	0	1	19	1	1	21	14478	419	0	5	0	604
10116	9477	2	8	4	1	0	0	3	18	12	2	22	14478	419	0	4	0	154,186,410,434,442,498,540,604
10116	9478	2	12	4	1	0	0	3	20	1	1	22	14478	418	0	4	0	418,434,482,498,524,540,588,604,836,852,868,884
10116	9481	2	3	4	1	0	0	2	18	12	2	22	14478	419	0	4	0	496,540,604
10116	9482	2	12	4	1	0	0	2	20	1	1	22	14478	418	0	4	0	418,482,496,526,540,604,848,852,880,884,976,1008
10116	9484	2	9	4	1	0	0	2	19	3	2	23	25906	526	0	4	0	482,496,526,540,834,838,866,870,920
10116	9489	2	6	4	1	0	0	1	18	3	2	22	14478	423	0	4	0	142,158,174,190,600,728
10116	9490	1	2	5	1	1	3	0	20	1	1	22	14478	175	4129	4	1	848,880
10116	9492	1	2	5	1	2	3	0	19	12	2	23	25906	834	4640	3	2	834,866
10116	9496	2	4	4	1	1	3	0	17	13	3	23	25906	834	4640	2	2	834,850,866,882
10116	9505	1	3	5	1	0	0	1	20	1	1	22	14478	423	0	5	0	422,438,600
10116	9506	1	3	5	1	0	0	1	20	1	1	22	14478	422	0	5	0	422,600,856
10116	9508	1	3	5	1	1	1	0	21	1	1	23	25906	586	512	4	1	436,586,842
10116	9512	1	1	5	1	1	3	0	21	1	1	23	25910	47	16513	4	1	976
10116	9520	1	4	5	1	1	2	0	21	1	1	23	14478	175	4097	4	1	834,848,850,976
10116	9537	2	6	4	1	0	0	1	16	13	3	22	14478	423	0	4	0	150,182,406,422,438,600
10116	9538	2	4	4	1	0	0	1	16	11	3	22	14478	422	0	4	0	422,600,840,872
10116	9540	2	2	4	1	1	3	0	15	77	4	23	25906	842	4640	3	1	842,874
10116	9544	2	4	4	1	1	3	0	17	76	3	23	25906	842	4640	3	1	834,842,866,874
10116	9552	1	2	5	1	2	3	0	17	13	3	23	25906	834	4640	2	3	834,866
10116	9568	1	3	5	1	1	1	0	19	3	2	23	14478	428	2	4	1	428,594,850
10116	9601	2	5	4	1	0	0	1	15	77	4	23	14478	391	0	4	0	150,182,406,438,632
10116	9602	1	1	5	1	1	3	0	17	11	3	23	14478	151	4129	4	1	872
10116	9604	1	1	5	1	2	3	0	16	77	4	24	25906	842	4640	3	2	842
10116	9608	2	5	4	1	1	2	0	16	77	4	24	25910	31	16385	3	1	834,842,866,874,992
10116	9616	1	2	5	1	2	3	0	16	77	4	24	25906	834	4640	1	4	834,866
10116	9632	2	10	4	1	0	0	1	16	75	4	24	14478	398	0	4	0	396,398,428,594,624,626,850,880,882,992
10116	9664	1	1	5	1	2	3	0	14	94	5	24	25906	850	4640	2	3	850
10116	9731	1	3	5	1	0	0	3	17	3	2	21	14478	419	0	5	0	434,588,604
10116	9733	1	1	5	1	0	0	2	14	86	4	22	25906	589	0	5	0	434
10116	9734	1	2	5	1	0	0	2	16	13	3	22	25906	588	0	5	0	434,588
10116	9737	2	3	4	1	0	0	3	14	86	4	22	14478	419	0	4	0	432,434,604
10116	9738	2	7	4	1	0	0	3	16	13	3	22	14478	418	0	4	0	418,432,434,588,590,604,944
10116	9740	2	2	4	1	0	0	2	13	94	5	23	25906	590	0	4	0	432,590
10116	9745	2	3	4	1	0	0	3	16	11	3	22	14478	423	0	4	0	436,438,600
10116	9746	2	8	4	1	0	0	3	18	3	2	22	14478	422	0	4	0	422,436,438,584,586,600,816,944
10116	9748	2	3	4	1	0	0	2	15	86	4	23	25906	586	0	4	0	436,586,834
10116	9752	3	11	3	1	0	0	3	13	94	5	23	14478	422	0	3	0	422,432,436,586,590,600,818,834,838,920,944
10116	9761	1	2	5	1	0	0	2	16	13	3	22	25906	585	0	5	0	436,438
10116	9762	2	6	4	1	0	0	3	16	13	3	22	14478	422	0	4	0	422,436,438,584,586,600
10116	9764	1	2	5	1	0	0	2	15	77	4	23	25906	586	0	5	0	436,586
10116	9768	2	6	4	1	0	0	2	15	77	4	23	25906	586	0	4	0	432,436,586,590,912,944
10116	9776	2	8	4	1	0	0	2	17	13	3	23	25906	578	0	4	0	440,444,578,582,834,838,912,944
10116	9793	1	2	5	1	0	0	2	16	11	3	22	14478	423	0	5	0	422,600
10116	9794	1	2	5	1	0	0	2	16	13	3	22	14478	422	0	5	0	422,600
10116	9796	2	4	4	1	0	0	3	13	94	5	23	14478	422	0	4	0	420,422,600,602
10116	9800	2	4	4	1	0	0	2	15	86	4	23	14478	422	0	4	0	420,422,600,602
10116	9808	2	6	4	1	0	0	2	17	11	3	23	14478	430	0	4	0	428,430,592,594,802,834
10116	9824	1	2	5	1	0	0	1	17	13	3	23	25906	594	0	5	0	428,594
10116	9857	2	5	4	1	0	0	3	15	77	4	23	14478	391	0	4	0	420,422,436,438,632
10116	9858	2	9	4	1	0	0	3	17	13	3	23	14478	390	0	4	0	390,420,422,600,602,632,808,928,932
10116	9860	2	5	4	1	0	0	2	16	236	5	24	25906	602	0	4	0	420,436,586,602,842
10116	9864	2	2	4	1	1	2	0	16	236	5	24	25910	95	16385	3	1	928,944
10116	9872	2	5	4	1	1	2	0	16	77	4	24	25906	834	4128	3	1	802,834,838,928,944
10116	9888	2	6	4	1	0	0	2	14	94	5	24	25906	594	0	4	0	424,428,594,598,928,936
10116	9920	2	8	4	1	0	0	2	16	77	4	24	14478	398	0	4	0	396,398,428,594,624,626,786,850
10116	9985	1	1	5	1	0	0	1	17	13	3	23	14478	455	0	5	0	568
10116	9986	1	2	5	1	0	0	1	19	3	2	23	14478	454	0	5	0	454,568
10116	9988	2	6	4	1	0	0	3	16	77	4	24	14478	454	0	4	0	454,484,538,568,778,842
10116	9992	2	3	4	1	0	0	1	16	77	4	24	14478	454	0	4	0	454,568,944
10116	10000	2	12	4	1	0	0	1	18	13	3	24	14478	462	0	4	0	334,462,560,688,770,774,802,816,834,838,866,944
10116	10016	2	14	4	1	0	0	3	18	11	3	24	14478	462	0	4	0	460,462,488,492,530,534,560,562,786,790,816,818,928,936
10116	10048	2	6	4	1	0	0	2	16	30	4	24	14478	462	0	4	0	460,462,560,562,786,850
10116	10112	2	5	4	1	0	0	1	15	94	5	25	14478	398	0	4	0	398,624,786,790,850
10116	10247	1	1	5	1	0	0	2	16	12	2	20	25906	678	0	5	0	678
10116	10251	2	4	4	1	0	0	2	16	12	2	20	25906	678	0	4	0	344,678,686,856
10116	10253	1	3	5	1	0	0	2	19	1	1	21	25906	679	0	5	0	344,678,686
10116	10254	1	3	5	1	0	0	2	19	1	1	21	25906	678	0	5	0	344,678,856
10116	10259	3	9	3	1	0	0	3	12	86	4	20	14478	275	0	3	0	346,676,684,716,740,748,856,968,984
10116	10261	2	3	4	1	0	0	2	15	13	3	21	25906	677	0	4	0	346,676,684
10116	10262	2	3	4	1	0	0	2	15	13	3	21	25906	676	0	4	0	346,676,856
10116	10265	2	1	4	1	1	1	0	13	77	4	21	14478	339	512	3	1	684
10116	10266	2	1	4	1	1	2	0	13	77	4	21	25910	167	16385	3	1	856
10116	10268	2	9	4	1	0	0	2	16	11	3	22	25906	678	0	4	0	338,344,346,676,678,684,850,856,858
10116	10275	2	3	4	1	0	0	1	14	76	3	20	14478	275	0	4	0	716,740,748
10116	10277	1	2	5	1	0	0	2	19	1	1	21	25906	677	0	5	0	282,346
10116	10278	2	4	4	1	0	0	2	17	3	2	21	25906	676	0	4	0	282,346,676,740
10116	10281	2	8	4	1	0	0	3	19	1	1	21	14478	275	0	4	0	282,344,346,684,716,748,856,968
10116	10282	2	2	4	1	1	2	0	17	3	2	21	25910	167	16385	3	1	856,968
10116	10284	1	3	5	1	0	0	2	22	0	0	22	25906	678	0	5	0	344,678,856
10116	10289	2	4	4	1	0	0	1	15	13	3	21	14478	279	0	4	0	286,712,744,968
10116	10290	2	1	4	1	1	3	0	13	86	4	21	14478	55	4353	3	1	968
10116	10292	2	6	4	1	0	0	2	18	3	2	22	25906	674	0	4	0	284,348,674,738,856,968
10116	10296	2	2	4	1	1	2	0	16	11	3	22	25910	167	16385	3	1	856,968
10116	10307	2	2	4	1	0	0	2	12	86	4	20	14478	275	0	4	0	684,748
10116	10309	1	1	5	1	1	1	0	15	13	3	21	14478	339	512	4	1	684
10116	10310	2	2	4	1	0	0	2	13	77	4	21	25906	684	0	4	0	338,684
10116	10313	1	1	5	1	1	1	0	17	3	2	21	14478	339	512	4	1	684
10116	10314	2	3	4	1	0	0	1	15	13	3	21	25906	684	0	4	0	338,684,848
10116	10316	1	3	5	1	1	1	0	18	3	2	22	14478	338	512	3	2	338,684,850
10116	10321	2	2	4	1	0	0	1	13	77	4	21	14478	279	0	4	0	680,744
10116	10322	3	7	3	1	0	0	2	13	236	5	21	14478	278	0	3	0	278,342,680,744,848,960,976
10116	10324	2	3	4	1	1	1	0	14	86	4	22	14478	342	512	3	1	342,680,850
10116	10328	2	3	4	1	1	1	0	14	77	4	22	14478	342	512	3	1	342,680,850
10116	10337	1	2	5	1	0	0	1	17	3	2	21	14478	279	0	5	0	278,744
10116	10338	2	2	4	1	0	0	1	13	77	4	21	14478	278	0	4	0	278,744
10116	10340	2	8	4	1	0	0	3	18	3	2	22	14478	278	0	4	0	276,278,340,342,680,682,744,746
10116	10344	2	12	4	1	0	0	2	20	1	1	22	14478	278	0	4	0	276,278,340,342,680,682,744,746,848,850,960,962
10116	10352	2	6	4	1	0	0	1	16	13	3	22	14478	286	0	4	0	284,286,736,738,960,962
10116	10371	2	4	4	1	1	1	0	15	76	3	21	14478	291	256	3	1	724,732,976,980
10116	10373	2	5	4	1	0	0	2	18	3	2	22	25906	685	0	4	0	282,338,684,700,732
10116	10374	2	7	4	1	0	0	2	18	12	2	22	25906	684	0	4	0	338,684,848,850,852,976,980
10116	10377	2	6	4	1	1	1	0	18	3	2	22	14478	291	256	3	1	46,174,700,732,848,976
10116	10378	1	2	5	1	2	2	0	18	12	2	22	25910	175	16385	3	2	848,976
10116	10380	1	3	5	1	1	2	0	21	1	1	23	14478	834	16896	2	3	834,848,850
10116	10385	2	3	4	1	1	1	0	14	77	4	22	14478	295	256	3	1	46,728,976
10116	10386	1	1	5	1	3	4	0	14	86	4	22	14478	47	4385	2	3	976
10116	10388	2	6	4	1	1	3	0	17	13	3	23	14478	834	16904	2	2	834,848,850,962,976,978
10116	10392	2	4	4	1	2	2	0	15	77	4	23	25910	175	16385	2	2	848,850,976,978
10116	10401	1	1	5	1	1	1	0	16	13	3	22	14478	295	256	4	1	728
10116	10402	2	4	4	1	1	1	0	14	86	4	22	14478	294	256	3	1	294,728,976,984
10116	10404	2	13	4	1	0	0	2	19	3	2	23	25906	682	0	4	0	276,294,340,682,728,746,788,806,848,852,856,976,984
10116	10408	1	2	5	1	2	2	0	19	3	2	23	25910	175	16385	3	2	848,976
10116	10416	1	1	5	1	2	3	0	15	86	4	23	14478	47	4353	3	2	976
10116	10433	2	7	4	1	0	0	1	16	11	3	22	14478	263	0	4	0	54,62,278,310,696,728,760
10116	10434	2	2	4	1	1	4	0	14	86	4	22	14478	55	4385	3	1	960,968
10116	10436	2	7	4	1	1	1	0	17	13	3	23	14478	326	512	3	1	326,696,834,838,842,962,970
10116	10440	1	2	5	1	2	3	0	19	3	2	23	14478	834	16900	3	2	834,962
10116	10448	1	1	5	1	2	4	0	15	77	4	23	25906	962	4896	2	3	962
10116	10464	2	12	4	1	0	0	1	17	13	3	23	14478	270	0	4	0	268,270,300,302,720,722,752,754,960,962,976,978
10116	10499	1	1	5	1	0	0	1	15	76	3	21	14478	291	0	5	0	732
10116	10501	1	2	5	1	0	0	1	18	12	2	22	14478	291	0	5	0	668,732
10116	10502	2	8	4	1	0	0	3	18	3	2	22	14478	290	0	4	0	290,306,354,370,652,668,716,732
10116	10505	1	2	5	1	0	0	1	18	12	2	22	14478	291	0	5	0	668,732
10116	10506	2	6	4	1	0	0	1	18	3	2	22	14478	290	0	4	0	290,354,668,732,880,976
10116	10508	1	3	5	1	1	1	0	21	1	1	23	14478	354	512	4	1	354,668,866
10116	10513	1	1	5	1	0	0	1	14	86	4	22	14478	295	0	5	0	728
10116	10514	2	3	4	1	0	0	1	14	77	4	22	14478	294	0	4	0	294,728,976
10116	10516	2	6	4	1	0	0	1	17	13	3	23	14478	294	0	4	0	294,358,664,728,866,962
10116	10520	2	4	4	1	0	0	1	15	77	4	23	14478	294	0	4	0	294,358,664,728
10116	10529	0	1	6	0	0	0	1	18	12	2	22	14478	295	0	6	0	728
10116	10530	1	2	5	1	0	0	1	16	13	3	22	14478	294	0	5	0	294,728
10116	10532	1	4	5	1	0	0	1	21	1	1	23	14478	294	0	5	0	294,308,714,728
10116	10536	1	3	5	1	0	0	1	21	1	1	23	14478	294	0	5	0	294,728,976
10116	10544	1	3	5	1	0	0	1	17	13	3	23	14478	302	0	5	0	302,720,976
10116	10561	1	1	5	1	0	0	1	14	86	4	22	14478	295	0	5	0	728
10116	10562	2	2	4	1	0	0	1	12	94	5	22	14478	294	0	4	0	294,728
10116	10564	2	4	4	1	0	0	1	15	77	4	23	14478	294	0	4	0	294,358,664,728
10116	10568	2	6	4	1	0	0	1	17	13	3	23	14478	294	0	4	0	294,358,664,728,866,962
10116	10576	2	3	4	1	0	0	1	15	236	5	23	14478	302	0	4	0	302,720,962
10116	10592	1	4	5	1	0	0	1	17	13	3	23	14478	302	0	5	0	300,302,720,722
10116	10625	1	1	5	1	0	0	1	15	86	4	23	14478	263	0	5	0	760
10116	10626	2	6	4	1	0	0	1	15	86	4	23	14478	262	0	4	0	262,278,744,760,992,1000
10116	10628	2	13	4	1	0	0	1	18	13	3	24	14478	262	0	4	0	262,308,326,696,714,760,774,820,834,838,842,962,970
10116	10632	2	12	4	1	0	0	1	18	13	3	24	14478	262	0	4	0	262,326,696,760,774,834,838,864,866,962,992,994
10116	10640	2	5	4	1	0	0	1	16	236	5	24	14478	270	0	4	0	270,752,962,992,994
10116	10656	1	2	5	1	0	0	1	16	77	4	24	14478	270	0	5	0	270,752
10116	10688	2	6	4	1	0	0	1	14	94	5	24	14478	270	0	4	0	270,300,722,752,962,978
10116	10755	1	2	5	1	0	0	2	15	76	3	21	14478	291	0	5	0	716,732
10116	10757	1	3	5	1	0	0	3	16	13	3	22	14478	291	0	5	0	306,716,732
10116	10758	1	2	5	1	0	0	2	16	76	3	22	25906	716	0	5	0	306,716
10116	10761	1	1	5	1	0	0	1	16	13	3	22	14478	291	0	5	0	732
10116	10762	2	5	4	1	0	0	2	16	76	3	22	14478	290	0	4	0	290,306,716,732,816
10116	10764	2	9	4	1	0	0	3	17	11	3	23	14478	290	0	4	0	290,304,306,716,718,732,802,816,818
10116	10769	1	1	5	1	0	0	1	14	77	4	22	14478	295	0	5	0	728
10116	10770	2	4	4	1	0	0	2	14	86	4	22	14478	294	0	4	0	294,310,712,728
10116	10772	2	6	4	1	0	0	3	15	86	4	23	14478	294	0	4	0	294,308,310,712,714,728
10116	10776	2	2	4	1	0	0	1	13	94	5	23	14478	294	0	4	0	294,728
10116	10785	1	2	5	1	0	0	2	16	13	3	22	14478	295	0	5	0	310,728
10116	10786	2	4	4	1	0	0	2	14	86	4	22	14478	294	0	4	0	294,310,712,728
10116	10788	1	2	5	1	0	0	2	17	11	3	23	25906	714	0	5	0	308,714
10116	10792	2	6	4	1	0	0	2	17	11	3	23	14478	294	0	4	0	294,308,714,728,816,912
10116	10800	2	5	4	1	0	0	2	15	86	4	23	14478	302	0	4	0	302,316,706,720,912
10116	10817	0	1	6	0	0	0	1	16	11	3	22	14478	295	0	6	0	728
10116	10818	1	2	5	1	0	0	2	14	86	4	22	14478	294	0	5	0	294,728
10116	10820	1	2	5	1	0	0	1	15	30	4	23	14478	294	0	5	0	294,728
10116	10824	1	2	5	1	0	0	1	17	13	3	23	14478	294	0	5	0	294,728
10116	10832	1	2	5	1	0	0	1	15	77	4	23	14478	302	0	5	0	302,720
10116	10848	1	4	5	1	0	0	2	17	13	3	23	14478	302	0	5	0	300,302,720,722
10116	10881	1	2	5	1	0	0	1	17	11	3	23	14478	263	0	5	0	696,760
10116	10882	2	9	4	1	0	0	2	17	76	3	23	14478	262	0	4	0	262,294,326,696,728,760,804,928,936
10116	10884	2	15	4	1	0	0	3	18	13	3	24	14478	262	0	4	0	262,292,294,308,326,696,714,728,730,760,774,804,806,820,838
10116	10888	2	12	4	1	0	0	1	18	13	3	24	14478	262	0	4	0	262,326,696,760,774,800,802,816,838,928,930,944
10116	10896	2	7	4	1	0	0	1	16	77	4	24	14478	270	0	4	0	270,334,688,752,928,930,944
10116	10912	2	9	4	1	0	0	2	16	30	4	24	14478	270	0	4	0	270,300,334,688,722,752,808,928,944
10116	10944	1	2	5	1	0	0	1	18	11	3	24	14478	270	0	5	0	270,752
10116	11009	0	1	6	0	0	0	1	15	86	4	23	14478	327	0	6	0	696
10116	11010	1	2	5	1	0	0	1	15	86	4	23	14478	326	0	5	0	326,696
10116	11012	1	2	5	1	0	0	1	16	77	4	24	14478	326	0	5	0	326,696
10116	11016	1	2	5	1	0	0	1	16	77	4	24	14478	326	0	5	0	326,696
10116	11024	1	2	5	1	0	0	1	16	236	5	24	14478	334	0	5	0	334,688
10116	11040	1	2	5	1	0	0	1	16	77	4	24	14478	334	0	5	0	334,688
10116	11072	1	2	5	1	0	0	1	14	94	5	24	14478	334	0	5	0	334,688
10116	11136	1	2	5	1	0	0	1	15	94	5	25	14478	270	0	5	0	270,752
10116	11267	2	3	4	1	0	0	1	15	76	3	21	25910	589	0	4	0	434,944,948
10116	11269	2	3	4	1	0	0	2	16	76	3	22	25906	589	0	4	0	434,588,604
10116	11270	2	4	4	1	0	0	2	16	13	3	22	25906	588	0	4	0	434,588,944,948
10116	11273	2	5	4	1	0	0	1	16	76	3	22	25910	591	0	4	0	78,432,590,604,944
10116	11274	1	1	5	1	1	2	0	16	13	3	22	25910	79	16385	4	1	944
10116	11276	2	9	4	1	0	0	2	17	11	3	23	25906	590	0	4	0	418,432,434,588,590,604,930,944,946
10116	11281	2	2	4	1	1	2	0	14	86	4	22	25910	79	16392	3	1	78,944
10116	11282	1	1	5	1	2	3	0	14	77	4	22	25910	79	16393	3	2	944
10116	11284	2	3	4	1	1	3	0	15	86	4	23	14478	930	16904	2	2	930,944,946
10116	11288	2	2	4	1	1	2	0	13	94	5	23	25910	79	16385	3	1	944,946
10116	11297	2	9	4	1	0	0	2	18	12	2	22	14478	295	0	4	0	310,436,664,696,728,912,920,944,952
10116	11298	2	4	4	1	1	3	0	16	13	3	22	14478	103	4353	3	1	912,920,944,952
10116	11300	2	9	4	1	0	0	2	19	3	2	23	25906	586	0	4	0	308,436,586,714,838,912,920,944,952
10116	11304	1	2	5	1	1	2	0	19	3	2	23	25910	79	16385	4	1	912,944
10116	11312	1	2	5	1	2	3	0	17	13	3	23	14478	111	4353	3	2	912,944
10116	11329	2	5	4	1	0	0	1	16	76	3	22	14478	295	0	4	0	86,94,600,602,728
10116	11330	2	2	4	1	1	3	0	14	86	4	22	25910	95	16393	3	1	928,936
10116	11332	2	4	4	1	1	1	0	15	86	4	23	14478	422	512	3	1	422,600,930,938
10116	11336	1	1	5	1	2	3	0	17	76	3	23	14478	930	16900	3	2	930
10116	11344	1	1	5	1	2	4	0	15	86	4	23	14478	930	16908	3	2	930
10116	11360	2	12	4	1	0	0	1	19	12	2	23	14478	302	0	4	0	300,302,720,722,896,898,912,914,928,930,944,946
10116	11393	2	5	4	1	1	1	0	15	86	4	23	14478	327	256	3	1	86,94,696,928,936
10116	11394	1	2	5	1	2	3	0	15	86	4	23	25910	95	16393	3	2	928,936
10116	11396	2	6	4	1	1	3	0	16	77	4	24	14478	898	16904	2	2	898,906,928,930,936,938
10116	11400	1	2	5	1	2	2	0	16	77	4	24	25910	95	16385	3	2	928,930
10116	11408	1	2	5	1	3	3	0	16	236	5	24	25910	95	16393	2	3	928,930
10116	11424	1	2	5	1	2	3	0	16	77	4	24	14478	79	4353	3	2	928,944
10116	11456	1	2	5	1	2	4	0	16	86	4	24	14478	898	16908	3	2	898,914
10116	11521	1	1	5	1	0	0	1	17	76	3	23	14478	327	0	5	0	696
10116	11522	2	6	4	1	0	0	1	17	11	3	23	14478	326	0	4	0	326,696,928,936,992,1000
10116	11524	2	9	4	1	0	0	1	18	13	3	24	14478	326	0	4	0	326,454,568,696,820,898,906,962,970
10116	11528	2	12	4	1	0	0	1	18	13	3	24	14478	326	0	4	0	326,454,568,696,816,898,928,930,944,962,992,994
10116	11536	2	9	4	1	0	0	1	16	77	4	24	14478	334	0	4	0	334,688,898,928,930,944,962,992,994
10116	11552	1	4	5	1	0	0	1	20	3	2	24	14478	334	0	5	0	334,688,928,944
10116	11584	2	6	4	1	0	0	1	16	86	4	24	14478	334	0	4	0	334,688,898,914,962,978
10116	11648	2	8	4	1	0	0	1	15	94	5	25	14478	270	0	4	0	270,752,898,914,960,962,976,978
10116	11777	1	1	5	1	0	0	1	17	76	3	23	14478	327	0	5	0	696
10116	11778	2	9	4	1	0	0	3	17	76	3	23	14478	326	0	4	0	326,356,358,664,666,696,864,868,872
10116	11780	2	6	4	1	0	0	3	16	86	4	24	14478	326	0	4	0	326,356,358,664,666,696
10116	11784	2	5	4	1	0	0	1	16	86	4	24	14478	326	0	4	0	326,696,816,864,866
10116	11792	2	5	4	1	0	0	1	16	86	4	24	14478	334	0	4	0	334,688,816,864,866
10116	11808	2	12	4	1	0	0	3	18	76	3	24	14478	334	0	4	0	334,360,364,658,662,688,800,808,816,864,872,880
10116	11840	1	2	5	1	0	0	1	18	76	3	24	14478	334	0	5	0	334,688
10116	11904	2	13	4	1	0	0	1	17	86	4	25	14478	270	0	4	0	270,398,624,752,832,834,840,842,848,850,864,872,880
10116	12032	1	2	5	1	0	0	1	17	86	4	25	14478	398	0	5	0	398,624
10116	12295	1	1	5	1	0	0	2	16	3	2	20	25906	678	0	5	0	678
10116	12299	2	3	4	1	0	0	2	16	3	2	20	25906	678	0	4	0	344,678,686
10116	12301	1	1	5	1	0	0	2	17	3	2	21	25906	679	0	5	0	344
10116	12302	0	1	6	0	0	0	2	21	0	0	21	25906	678	0	6	0	678
10116	12307	3	10	3	1	0	0	3	12	30	4	20	14478	275	0	3	0	346,676,684,712,716,728,736,740,744,748
10116	12309	2	2	4	1	0	0	2	13	30	4	21	25906	677	0	4	0	286,346
10116	12310	1	1	5	1	0	0	2	17	3	2	21	25906	676	0	5	0	676
10116	12313	3	4	3	1	0	0	2	11	94	5	21	25906	677	0	3	0	286,344,346,684
10116	12314	2	3	4	1	0	0	2	15	11	3	21	25906	676	0	4	0	676,678,684
10116	12316	1	1	5	1	0	0	2	16	11	3	22	25906	678	0	5	0	678
10116	12323	2	3	4	1	0	0	1	12	86	4	20	14478	275	0	4	0	716,740,748
10116	12325	1	2	5	1	0	0	2	15	13	3	21	25906	677	0	5	0	282,346
10116	12326	1	2	5	1	0	0	2	17	3	2	21	25906	676	0	5	0	676,740
10116	12329	2	3	4	1	0	0	2	15	13	3	21	25906	677	0	4	0	282,344,346
10116	12330	2	6	4	1	0	0	2	17	3	2	21	25906	676	0	4	0	676,678,684,716,740,748
10116	12332	0	1	6	0	0	0	2	20	1	1	22	25906	678	0	6	0	678
10116	12337	2	1	4	1	1	1	0	11	94	5	21	25906	737	512	3	1	286
10116	12338	2	3	4	1	1	1	0	13	86	4	21	14478	279	1	3	1	712,736,744
10116	12340	1	2	5	1	0	0	2	16	13	3	22	25906	674	0	5	0	674,738
10116	12344	2	3	4	1	0	0	2	14	77	4	22	25906	674	0	4	0	674,678,738
10116	12355	2	3	4	1	0	0	2	12	86	4	20	14478	275	0	4	0	684,740,748
10116	12357	2	3	4	1	0	0	2	13	86	4	21	25906	685	0	4	0	282,338,684
10116	12358	1	1	5	1	0	0	2	15	11	3	21	25906	684	0	5	0	684
10116	12361	2	3	4	1	0	0	1	15	13	3	21	25906	685	0	4	0	282,338,684
10116	12362	1	1	5	1	0	0	1	17	3	2	21	25906	684	0	5	0	684
10116	12364	1	2	5	1	0	0	2	18	3	2	22	25906	686	0	5	0	684,686
10116	12369	2	1	4	1	1	2	0	11	94	5	21	14478	286	34	3	1	286
10116	12370	2	3	4	1	0	0	1	13	86	4	21	25906	680	0	4	0	680,736,744
10116	12372	2	3	4	1	0	0	2	14	86	4	22	25906	682	0	4	0	680,682,738
10116	12376	2	3	4	1	0	0	1	14	77	4	22	25906	682	0	4	0	680,682,738
10116	12385	1	1	5	1	1	1	0	13	86	4	21	14478	278	2	4	1	278
10116	12386	1	1	5	1	1	1	0	13	86	4	21	14478	279	1	4	1	744
10116	12388	1	2	5	1	0	0	2	16	76	3	22	25906	682	0	5	0	682,746
10116	12392	1	2	5	1	0	0	1	18	12	2	22	25906	682	0	5	0	682,746
10116	12400	1	1	5	1	1	1	0	14	86	4	22	25906	738	512	4	1	738
10116	12419	1	1	5	1	2	2	0	15	13	3	21	14478	299	288	3	2	724
10116	12421	1	1	5	1	1	2	0	16	13	3	22	25906	741	544	4	1	282
10116	12422	1	3	5	1	0	0	2	20	1	1	22	25906	684	0	5	0	684,724,740
10116	12425	2	2	4	1	1	2	0	16	13	3	22	25906	741	544	3	1	282,298
10116	12426	1	1	5	1	1	3	0	20	1	1	22	14478	299	289	2	3	724
10116	12428	1	3	5	1	0	0	2	21	1	1	23	25906	686	0	5	0	678,686,742
10116	12433	2	2	4	1	2	2	0	12	94	5	22	25906	737	544	2	2	286,302
10116	12434	1	1	5	1	2	3	0	16	13	3	22	14478	303	289	2	3	720
10116	12436	1	1	5	1	1	2	0	17	13	3	23	25906	738	544	4	1	738
10116	12440	2	2	4	1	1	2	0	15	77	4	23	25906	738	544	3	1	722,738
10116	12449	2	3	4	1	1	1	0	14	236	5	22	14478	295	256	3	1	278,294,728
10116	12450	1	1	5	1	2	2	0	14	77	4	22	14478	295	257	3	2	728
10116	12452	1	2	5	1	0	0	2	17	13	3	23	25906	682	0	5	0	682,746
10116	12456	2	8	4	1	0	0	2	17	13	3	23	25906	682	0	4	0	558,682,686,728,730,746,848,976
10116	12464	2	4	4	1	1	1	0	15	236	5	23	25906	738	512	3	1	720,722,738,976
10116	12481	1	2	5	1	2	2	0	14	77	4	22	14478	278	34	3	2	278,310
10116	12482	1	2	5	1	1	2	0	16	13	3	22	14478	279	33	3	2	712,744
10116	12484	1	2	5	1	1	2	0	17	13	3	23	25906	746	544	4	1	714,746
10116	12488	1	2	5	1	1	2	0	19	3	2	23	25906	746	544	4	1	714,746
10116	12496	1	2	5	1	2	2	0	15	77	4	23	25906	738	544	3	2	706,738
10116	12512	1	2	5	1	1	1	0	15	86	4	23	25906	754	512	4	1	722,754
10116	12547	1	2	5	1	0	0	1	15	13	3	21	14478	291	0	5	0	724,732
10116	12549	1	1	5	1	1	2	0	16	13	3	22	25906	709	544	4	1	314
10116	12550	1	6	5	1	0	0	2	20	1	1	22	25906	652	0	5	0	652,668,708,716,724,732
10116	12553	2	4	4	1	0	0	1	16	13	3	22	14478	291	0	4	0	298,314,668,732
10116	12554	1	3	5	1	1	1	0	20	1	1	22	14478	291	1	4	1	668,724,732
10116	12556	1	3	5	1	0	0	2	21	1	1	23	25906	654	0	5	0	654,668,710
10116	12561	2	3	4	1	0	0	1	12	94	5	22	14478	295	0	4	0	302,318,728
10116	12562	1	2	5	1	1	1	0	16	13	3	22	14478	295	1	4	1	720,728
10116	12564	1	1	5	1	1	2	0	17	13	3	23	25906	706	544	4	1	706
10116	12568	2	4	4	1	1	1	0	15	77	4	23	14478	295	1	3	1	664,706,722,728
10116	12577	1	3	5	1	0	0	1	14	77	4	22	14478	295	0	5	0	294,310,728
10116	12578	0	1	6	0	1	1	0	16	13	3	22	14478	295	1	5	1	728
10116	12580	0	1	6	0	1	1	0	19	3	2	23	25906	714	512	5	1	714
10116	12584	1	3	5	1	1	1	0	19	3	2	23	14478	295	1	4	1	714,728,730
10116	12592	1	3	5	1	1	1	0	15	77	4	23	14478	303	1	4	1	706,720,722
10116	12609	1	1	5	1	1	2	0	14	236	5	22	14478	310	34	4	1	310
10116	12610	1	2	5	1	1	1	0	14	77	4	22	14478	295	1	4	1	712,728
10116	12612	1	1	5	1	1	2	0	15	77	4	23	25906	714	544	4	1	714
10116	12616	1	1	5	1	1	2	0	17	13	3	23	25906	714	544	4	1	714
10116	12624	1	1	5	1	2	2	0	15	236	5	23	25906	706	544	3	2	706
10116	12640	0	1	6	0	2	1	0	15	86	4	23	25906	722	512	4	2	722
10116	12673	1	2	5	1	1	2	0	15	236	5	23	14478	278	34	4	1	278,310
10116	12674	0	1	6	0	2	2	0	17	13	3	23	14478	279	33	4	2	744
10116	12676	0	1	6	0	2	2	0	18	13	3	24	25906	714	544	4	2	714
10116	12680	1	2	5	1	2	2	0	18	13	3	24	25906	714	544	3	2	714,746
10116	12688	1	2	5	1	2	2	0	16	236	5	24	25906	706	544	2	3	706,738
10116	12704	1	3	5	1	1	1	0	14	94	5	24	14478	271	1	4	1	722,752,754
10116	12736	0	1	6	0	3	2	0	14	94	5	24	25906	722	544	3	3	722
10116	12803	1	2	5	1	0	0	2	15	13	3	21	14478	291	0	5	0	716,732
10116	12805	1	2	5	1	0	0	2	14	86	4	22	25906	717	0	5	0	306,314
10116	12806	0	1	6	0	0	0	2	18	3	2	22	25906	716	0	6	0	716
10116	12809	2	3	4	1	0	0	2	14	86	4	22	14478	291	0	4	0	306,314,732
10116	12810	1	2	5	1	0	0	1	18	3	2	22	25906	716	0	5	0	716,732
10116	12812	1	2	5	1	0	0	2	17	11	3	23	25906	718	0	5	0	710,718
10116	12817	2	3	4	1	0	0	2	12	94	5	22	14478	295	0	4	0	310,318,728
10116	12818	1	2	5	1	0	0	1	16	13	3	22	25906	712	0	5	0	712,728
10116	12820	1	2	5	1	0	0	2	15	86	4	23	25906	714	0	5	0	706,714
10116	12824	2	3	4	1	0	0	1	13	94	5	23	25906	714	0	4	0	706,714,728
10116	12833	1	1	5	1	0	0	1	14	236	5	22	25906	713	0	5	0	310
10116	12834	1	2	5	1	0	0	1	14	77	4	22	25906	712	0	5	0	712,728
10116	12836	0	1	6	0	0	0	2	15	77	4	23	25906	714	0	6	0	714
10116	12840	1	1	5	1	0	0	1	15	77	4	23	25906	714	0	5	0	714
10116	12848	1	1	5	1	0	0	1	15	236	5	23	25906	706	0	5	0	706
10116	12865	1	3	5	1	0	0	2	14	77	4	22	14478	295	0	5	0	294,310,728
10116	12866	0	1	6	0	0	0	1	16	13	3	22	25906	728	0	6	0	728
10116	12868	1	3	5	1	0	0	2	15	30	4	23	25906	730	0	5	0	714,728,730
10116	12872	1	3	5	1	0	0	1	17	13	3	23	25906	730	0	5	0	714,728,730
10116	12880	1	3	5	1	0	0	1	15	77	4	23	25906	722	0	5	0	706,720,722
10116	12896	0	1	6	0	0	0	1	15	86	4	23	25906	722	0	6	0	722
10116	12929	1	1	5	1	1	1	0	15	77	4	23	25906	713	32	4	1	310
10116	12930	1	6	5	1	0	0	1	19	3	2	23	25906	728	0	5	0	680,696,712,728,744,760
10116	12932	0	1	6	0	1	1	0	18	13	3	24	25906	714	32	5	1	714
10116	12936	1	1	5	1	1	1	0	18	13	3	24	25906	714	32	4	1	714
10116	12944	1	1	5	1	1	1	0	16	77	4	24	25906	706	32	4	1	706
10116	12960	1	1	5	1	0	0	1	14	94	5	24	25906	722	0	5	0	722
10116	12992	0	1	6	0	1	1	0	18	11	3	24	25906	722	32	5	1	722
10116	13057	1	1	5	1	0	0	1	15	236	5	23	14478	327	0	5	0	696
10116	13058	0	1	6	0	1	1	0	17	13	3	23	14478	327	1	5	1	696
10116	13060	1	3	5	1	0	0	2	16	77	4	24	25906	666	0	5	0	650,666,696
10116	13064	1	1	5	1	1	1	0	16	77	4	24	14478	327	1	4	1	696
10116	13072	1	1	5	1	1	1	0	16	236	5	24	14478	335	1	4	1	688
10116	13088	1	3	5	1	0	0	1	14	94	5	24	25906	658	0	5	0	658,688,690
10116	13120	1	3	5	1	0	0	1	14	94	5	24	25906	690	0	5	0	658,688,690
10116	13184	1	3	5	1	1	1	0	15	94	5	25	14478	271	1	4	1	658,722,752
10116	13315	2	2	4	1	0	0	1	15	13	3	21	25910	589	0	4	0	434,692
10116	13317	2	2	4	1	0	0	2	14	86	4	22	25906	589	0	4	0	314,434
10116	13318	1	1	5	1	0	0	2	18	3	2	22	25906	588	0	5	0	588
10116	13321	2	1	4	1	0	0	1	14	86	4	22	25910	591	0	4	0	432
10116	13322	1	1	5	1	0	0	1	18	3	2	22	25910	590	0	5	0	590
10116	13324	1	1	5	1	0	0	2	17	11	3	23	25906	590	0	5	0	590
10116	13329	3	6	3	1	0	0	1	12	94	5	22	25910	587	0	3	0	318,334,432,436,920,944
10116	13330	2	4	4	1	0	0	1	16	13	3	22	25910	586	0	4	0	586,590,688,944
10116	13332	2	3	4	1	0	0	2	15	86	4	23	25906	586	0	4	0	586,590,706
10116	13336	2	1	4	1	0	0	1	13	94	5	23	25910	590	0	4	0	590
10116	13345	2	2	4	1	0	0	1	14	77	4	22	25910	587	0	4	0	310,436
10116	13346	2	5	4	1	0	0	1	16	13	3	22	25910	586	0	4	0	586,664,696,712,728
10116	13348	1	2	5	1	0	0	2	17	13	3	23	25906	586	0	5	0	586,714
10116	13352	1	1	5	1	0	0	1	17	13	3	23	25910	590	0	5	0	590
10116	13360	2	5	4	1	0	0	1	15	77	4	23	25910	582	0	4	0	582,590,706,912,944
10116	13377	2	2	4	1	1	2	0	14	86	4	22	14478	310	34	3	1	310,342
10116	13378	2	5	4	1	0	0	2	16	76	3	22	25906	600	0	4	0	600,602,680,712,728
10116	13380	2	4	4	1	0	0	2	15	86	4	23	25906	602	0	4	0	600,602,682,714
10116	13384	2	6	4	1	0	0	2	17	76	3	23	25906	602	0	4	0	600,602,604,606,682,714
10116	13392	2	2	4	1	1	2	0	15	86	4	23	25906	706	544	3	1	674,706
10116	13408	1	1	5	1	1	1	0	17	76	3	23	25906	722	512	4	1	722
10116	13441	2	2	4	1	1	2	0	15	236	5	23	25906	713	544	2	2	310,342
10116	13442	1	1	5	1	1	3	0	17	13	3	23	14478	343	289	2	3	680
10116	13444	1	1	5	1	1	2	0	16	77	4	24	25906	714	544	4	1	714
10116	13448	2	6	4	1	0	0	1	16	77	4	24	25910	606	0	4	0	590,606,682,714,928,944
10116	13456	2	4	4	1	1	2	0	16	236	5	24	25906	706	544	2	2	674,706,928,944
10116	13472	2	6	4	1	0	0	1	14	94	5	24	25910	598	0	4	0	598,688,690,722,928,944
10116	13504	1	2	5	1	2	2	0	16	86	4	24	25906	722	544	3	2	658,722
10116	13569	2	5	4	1	0	0	1	15	77	4	23	14478	327	0	4	0	278,310,342,374,696
10116	13570	1	3	5	1	1	1	0	19	3	2	23	14478	327	1	4	1	680,696,744
10116	13572	1	2	5	1	1	2	0	18	13	3	24	25906	650	544	4	1	650,714
10116	13576	2	9	4	1	0	0	1	18	13	3	24	25910	542	0	4	0	542,568,650,682,696,714,746,816,944
10116	13584	2	6	4	1	1	1	0	16	77	4	24	14478	335	1	3	1	642,674,688,706,738,944
10116	13600	1	3	5	1	1	1	0	18	11	3	24	14478	335	1	4	1	658,688,690
10116	13632	1	2	5	1	2	2	0	16	86	4	24	25906	658	544	3	2	658,722
10116	13696	1	2	5	1	2	2	0	15	94	5	25	25906	658	544	2	3	658,722
10116	13825	2	5	4	1	0	0	3	15	86	4	23	14478	327	0	4	0	356,358,372,374,696
10116	13826	1	3	5	1	0	0	2	19	12	2	23	25906	664	0	5	0	664,666,696
10116	13828	1	2	5	1	0	0	2	16	86	4	24	25906	666	0	5	0	650,666
10116	13832	2	6	4	1	0	0	2	16	86	4	24	25906	666	0	4	0	650,654,666,670,696,816
10116	13840	2	6	4	1	0	0	2	16	86	4	24	25906	658	0	4	0	642,646,658,662,688,816
10116	13856	1	2	5	1	0	0	2	16	86	4	24	25906	658	0	5	0	658,662
10116	13888	1	3	5	1	0	0	1	18	76	3	24	25906	690	0	5	0	658,688,690
10116	13952	1	2	5	1	1	1	0	17	86	4	25	25906	658	32	4	1	658,662
10116	14080	1	1	5	1	1	1	0	17	86	4	25	14478	399	1	4	1	624
10116	14339	2	3	4	1	1	1	0	15	76	3	21	14478	99	256	3	1	916,924,948
10116	14341	2	5	4	1	0	0	2	18	3	2	22	25906	845	0	4	0	58,178,844,860,924
10116	14342	1	1	5	1	0	0	2	20	1	1	22	25906	844	0	5	0	844
10116	14345	2	4	4	1	1	1	0	18	3	2	22	14478	99	256	3	1	856,860,920,924
10116	14346	2	16	4	1	0	0	2	20	1	1	22	25906	844	0	4	0	586,590,688,692,840,842,844,846,856,860,912,916,920,924,944,948
10116	14348	1	6	5	1	0	0	2	23	0	0	23	25906	846	0	5	0	840,842,844,846,856,860
10116	14353	2	1	4	1	1	1	0	12	94	5	22	14478	103	256	3	1	920
10116	14354	2	3	4	1	1	2	0	14	77	4	22	14478	103	257	2	2	912,920,944
10116	14356	2	5	4	1	0	0	2	17	11	3	23	25906	842	0	4	0	840,842,856,920,962
10116	14360	2	2	4	1	1	2	0	15	75	4	23	14478	103	257	2	2	856,920
10116	14369	1	1	5	1	1	1	0	16	13	3	22	14478	103	256	4	1	920
10116	14370	1	1	5	1	2	2	0	16	13	3	22	14478	103	257	3	2	920
10116	14372	1	3	5	1	0	0	2	21	1	1	23	25906	842	0	5	0	842,920,970
10116	14376	1	2	5	1	1	2	0	21	1	1	23	14478	103	257	3	2	912,920
10116	14384	1	1	5	1	2	2	0	15	77	4	23	14478	111	257	3	2	912
10116	14401	2	6	4	1	0	0	1	16	13	3	22	14478	39	0	4	0	54,86,118,856,920,984
10116	14402	2	6	4	1	0	0	1	16	13	3	22	25906	856	0	4	0	856,904,920,936,968,984
10116	14404	1	1	5	1	1	1	0	19	3	2	23	25906	856	2	4	1	856
10116	14408	1	2	5	1	1	1	0	21	1	1	23	25906	856	2	4	1	848,856
10116	14416	2	6	4	1	1	1	0	15	77	4	23	14478	47	1	3	1	848,898,912,930,962,976
10116	14432	1	4	5	1	1	1	0	19	12	2	23	14478	47	1	4	1	912,914,976,978
10116	14465	1	3	5	1	2	1	0	17	13	3	23	14478	71	256	3	2	86,936,952
10116	14466	0	1	6	0	3	3	0	19	12	2	23	14478	87	289	2	4	936
10116	14468	1	5	5	1	1	2	0	22	1	1	24	14478	71	257	2	3	906,936,938,952,970
10116	14472	1	6	5	1	2	2	0	22	1	1	24	14478	71	257	2	3	928,930,936,938,944,952
10116	14480	1	3	5	1	3	2	0	16	77	4	24	14478	79	257	2	3	928,930,944
10116	14496	0	1	6	0	3	2	0	18	13	3	24	14478	79	257	3	3	944
10116	14528	0	1	6	0	3	3	0	20	3	2	24	25906	914	800	3	3	914
10116	14593	1	1	5	1	0	0	1	15	86	4	23	14478	71	0	5	0	952
10116	14594	1	2	5	1	1	1	0	17	13	3	23	14478	71	1	4	1	936,952
10116	14596	1	3	5	1	1	1	0	20	3	2	24	14478	71	1	4	1	824,906,952
10116	14600	1	4	5	1	1	1	0	20	3	2	24	14478	71	1	4	1	816,824,944,952
10116	14608	1	1	5	1	1	1	0	14	94	5	24	14478	79	1	4	1	944
10116	14624	0	1	6	0	1	1	0	18	13	3	24	14478	79	1	5	1	944
10116	14656	1	2	5	1	1	1	0	16	77	4	24	14478	79	1	4	1	914,944
10116	14720	1	4	5	1	1	1	0	17	77	4	25	14478	15	1	4	1	914,976,978,1008
10116	14849	1	2	5	1	0	0	1	17	13	3	23	14478	71	0	5	0	824,952
10116	14850	1	3	5	1	0	0	1	19	12	2	23	25906	920	0	5	0	824,920,952
10116	14852	1	5	5	1	0	0	2	20	3	2	24	25906	922	0	5	0	824,906,920,922,952
10116	14856	1	4	5	1	1	1	0	20	3	2	24	14478	71	1	4	1	816,824,944,952
10116	14864	1	2	5	1	1	1	0	16	77	4	24	14478	79	1	4	1	816,944
10116	14880	1	3	5	1	0	0	1	18	13	3	24	25906	914	0	5	0	816,914,944
10116	14912	0	1	6	0	1	1	0	20	3	2	24	14478	79	1	5	1	944
10116	14976	0	1	6	0	2	2	0	21	3	2	25	14478	143	257	4	2	880
10116	15104	0	1	6	0	1	1	0	17	77	4	25	14478	143	1	5	1	880
10116	15361	2	3	4	1	1	1	0	15	86	4	23	14478	199	256	3	1	150,824,872
10116	15362	1	1	5	1	1	4	0	17	13	3	23	14478	151	417	2	3	872
10116	15364	2	11	4	1	0	0	2	18	11	3	24	25906	666	0	4	0	660,662,664,666,692,696,824,842,872,874,906
10116	15368	2	12	4	1	0	0	1	18	11	3	24	25910	670	0	4	0	660,662,668,670,688,696,816,824,864,866,872,874
10116	15376	2	3	4	1	1	2	0	14	94	5	24	14478	207	257	2	2	816,864,866
10116	15392	1	2	5	1	1	2	0	18	13	3	24	14478	207	257	3	2	816,880
10116	15424	1	1	5	1	2	4	0	18	76	3	24	25906	850	928	3	2	850
10116	15488	1	3	5	1	2	2	0	17	77	4	25	14478	143	257	2	3	848,850,880
10116	15616	1	1	5	1	1	1	0	17	30	4	25	14478	143	1	4	1	880
10116	15872	1	2	5	1	1	1	0	19	76	3	25	14478	143	1	4	1	624,880
10116	16399	1	1	5	1	0	0	2	13	11	3	19	25906	595	0	5	0	428
10116	16407	1	2	5	1	0	0	2	15	3	2	19	25906	594	0	5	0	428,594
10116	16411	1	1	5	1	0	0	1	13	13	3	19	25910	595	0	5	0	428
10116	16413	1	1	5	1	0	0	2	12	77	4	20	25906	595	0	5	0	428
10116	16414	1	2	5	1	0	0	2	14	13	3	20	25906	594	0	5	0	428,594
10116	16423	2	1	4	1	0	0	2	13	76	3	19	25906	594	0	4	0	594
10116	16427	2	1	4	1	0	0	1	13	76	3	19	25910	595	0	4	0	428
10116	16429	1	1	5	1	0	0	2	14	11	3	20	25906	595	0	5	0	428
10116	16430	2	2	4	1	0	0	2	14	76	3	20	25906	594	0	4	0	428,594
10116	16435	2	2	4	1	0	0	1	15	12	2	19	25910	593	0	4	0	428,430
10116	16437	1	2	5	1	0	0	2	16	3	2	20	25906	593	0	5	0	428,430
10116	16438	2	4	4	1	0	0	2	16	12	2	20	25906	592	0	4	0	428,430,592,594
10116	16441	1	1	5	1	0	0	1	14	13	3	20	25910	595	0	5	0	428
10116	16442	2	2	4	1	0	0	1	14	76	3	20	25910	594	0	4	0	428,594
10116	16444	1	2	5	1	0	0	2	15	13	3	21	25906	594	0	5	0	428,594
10116	16455	2	1	4	1	0	0	2	11	86	4	19	25906	598	0	4	0	598
10116	16459	2	2	4	1	0	0	2	13	76	3	19	25906	598	0	4	0	424,598
10116	16461	2	2	4	1	0	0	2	12	77	4	20	25906	599	0	4	0	424,598
10116	16462	2	3	4	1	0	0	2	12	86	4	20	25906	598	0	4	0	424,598,936
10116	16467	2	4	4	1	0	0	2	15	12	2	19	25906	596	0	4	0	424,426,596,598
10116	16469	2	4	4	1	0	0	2	14	13	3	20	25906	597	0	4	0	424,426,596,598
10116	16470	2	4	4	1	0	0	2	14	13	3	20	25906	596	0	4	0	424,426,596,598
10116	16473	2	4	4	1	0	0	2	14	13	3	20	25906	597	0	4	0	424,426,596,598
10116	16474	2	4	4	1	0	0	2	14	76	3	20	25906	596	0	4	0	424,426,596,598
10116	16476	2	4	4	1	0	0	2	13	86	4	21	25906	598	0	4	0	424,426,596,598
10116	16483	2	1	4	1	0	0	1	13	76	3	19	14478	907	0	4	0	116
10116	16485	2	2	4	1	0	0	2	14	13	3	20	25906	597	0	4	0	426,906
10116	16486	2	1	4	1	0	0	1	12	86	4	20	14478	906	0	4	0	906
10116	16489	2	3	4	1	0	0	2	16	3	2	20	25906	597	0	4	0	424,426,906
10116	16490	2	1	4	1	0	0	1	14	76	3	20	14478	906	0	4	0	906
10116	16492	2	4	4	1	0	0	2	15	13	3	21	25906	598	0	4	0	424,598,904,936
10116	16497	2	6	4	1	0	0	2	18	1	1	20	25906	593	0	4	0	398,424,426,428,430,910
10116	16498	2	1	4	1	0	0	1	16	3	2	20	14478	910	0	4	0	910
10116	16500	2	5	4	1	0	0	2	17	3	2	21	25906	594	0	4	0	424,428,594,598,908
10116	16504	2	5	4	1	0	0	2	17	3	2	21	25906	594	0	4	0	424,428,594,598,908
10116	16519	2	1	4	1	0	0	2	14	11	3	20	25906	598	0	4	0	598
10116	16523	2	1	4	1	0	0	1	14	11	3	20	25910	599	0	4	0	424
10116	16525	2	1	4	1	0	0	2	13	75	4	21	25906	599	0	4	0	424
10116	16526	2	4	4	1	0	0	2	15	11	3	21	25906	598	0	4	0	424,598,928,936
10116	16531	2	4	4	1	0	0	1	16	3	2	20	25910	597	0	4	0	360,424,426,488
10116	16533	2	2	4	1	0	0	2	15	11	3	21	25906	597	0	4	0	424,426
10116	16534	2	4	4	1	0	0	2	17	3	2	21	25906	596	0	4	0	424,426,596,598
10116	16537	2	1	4	1	0	0	1	13	77	4	21	25910	599	0	4	0	424
10116	16538	2	2	4	1	0	0	1	15	13	3	21	25910	598	0	4	0	424,598
10116	16540	2	2	4	1	0	0	2	14	77	4	22	25906	598	0	4	0	424,598
10116	16547	2	2	4	1	0	0	1	12	86	4	20	14478	899	0	4	0	108,124
10116	16549	2	2	4	1	0	0	2	13	77	4	21	25906	597	0	4	0	426,906
10116	16550	2	3	4	1	0	0	1	13	86	4	21	14478	898	0	4	0	898,906,914
10116	16553	2	1	4	1	0	0	1	13	77	4	21	25910	599	0	4	0	424
10116	16554	2	2	4	1	0	0	1	13	86	4	21	14478	898	0	4	0	898,914
10116	16556	2	4	4	1	0	0	2	14	77	4	22	25906	598	0	4	0	424,598,904,936
10116	16561	2	4	4	1	0	0	1	15	13	3	21	25910	595	0	4	0	232,424,428,488
10116	16562	2	3	4	1	0	0	1	15	13	3	21	14478	902	0	4	0	790,902,918
10116	16564	2	6	4	1	0	0	2	16	13	3	22	25906	594	0	4	0	424,428,594,598,790,908
10116	16568	2	3	4	1	0	0	1	14	86	4	22	25910	598	0	4	0	424,598,790
10116	16579	2	2	4	1	0	0	1	14	76	3	20	14478	899	0	4	0	116,124
10116	16581	2	1	4	1	1	2	0	13	77	4	21	14478	906	34	3	1	906
10116	16582	2	3	4	1	0	0	1	13	86	4	21	14478	898	0	4	0	898,906,930
10116	16585	2	1	4	1	1	2	0	15	11	3	21	14478	906	34	3	1	906
10116	16586	2	4	4	1	0	0	1	15	76	3	21	14478	898	0	4	0	898,906,928,930
10116	16588	2	3	4	1	1	1	0	14	77	4	22	14478	930	512	3	1	904,928,930
10116	16593	2	2	4	1	1	2	0	17	3	2	21	14478	910	34	3	1	670,910
10116	16594	2	2	4	1	0	0	1	17	12	2	21	14478	902	0	4	0	902,910
10116	16596	2	1	4	1	1	2	0	16	13	3	22	14478	908	34	3	1	908
10116	16600	2	1	4	1	1	2	0	16	13	3	22	14478	908	34	3	1	908
10116	16609	1	1	5	1	1	1	0	15	13	3	21	14478	902	2	4	1	902
10116	16610	1	1	5	1	0	0	1	13	86	4	21	14478	902	0	5	0	902
10116	16612	1	1	5	1	1	1	0	14	86	4	22	14478	900	2	4	1	900
10116	16616	1	1	5	1	1	1	0	16	13	3	22	14478	900	2	4	1	900
10116	16624	1	1	5	1	1	1	0	18	3	2	22	14478	908	2	4	1	908
10116	16647	2	3	4	1	0	0	3	16	3	2	20	14478	913	0	4	0	110,122,582
10116	16651	2	3	4	1	0	0	2	16	3	2	20	14478	913	0	4	0	110,122,440
10116	16653	2	1	4	1	0	0	2	15	11	3	21	25906	583	0	4	0	440
10116	16654	2	5	4	1	0	0	3	17	3	2	21	14478	912	0	4	0	440,582,900,912,944
10116	16659	2	5	4	1	0	0	2	18	1	1	20	14478	915	0	4	0	108,120,376,440,442
10116	16661	2	2	4	1	0	0	2	17	3	2	21	25906	581	0	4	0	440,442
10116	16662	2	6	4	1	0	0	3	19	1	1	21	14478	914	0	4	0	440,442,580,582,902,914
10116	16665	2	1	4	1	0	0	1	15	13	3	21	25910	583	0	4	0	440
10116	16666	2	4	4	1	0	0	2	17	3	2	21	14478	914	0	4	0	440,582,902,914
10116	16668	2	2	4	1	0	0	2	16	13	3	22	25906	582	0	4	0	440,582
10116	16675	1	2	5	1	0	0	1	16	12	2	20	14478	915	0	5	0	108,124
10116	16677	2	8	4	1	0	0	3	17	3	2	21	14478	915	0	4	0	108,124,410,442,898,906,914,922
10116	16678	1	2	5	1	0	0	1	17	12	2	21	14478	914	0	5	0	898,914
10116	16681	2	5	4	1	0	0	2	17	3	2	21	14478	915	0	4	0	108,124,440,898,914
10116	16682	1	2	5	1	0	0	1	17	12	2	21	14478	914	0	5	0	898,914
10116	16684	2	9	4	1	0	0	3	18	3	2	22	14478	914	0	4	0	440,582,834,896,898,904,912,914,920
10116	16689	2	9	4	1	0	0	2	19	1	1	21	14478	919	0	4	0	104,120,232,248,414,440,444,902,918
10116	16690	1	2	5	1	0	0	1	19	1	1	21	14478	918	0	5	0	902,918
10116	16692	2	17	4	1	0	0	3	20	1	1	22	14478	918	0	4	0	412,440,444,578,582,610,774,790,834,838,866,900,902,908,916,918,924
10116	16696	2	9	4	1	0	0	2	18	3	2	22	14478	918	0	4	0	440,582,774,790,838,900,902,916,918
10116	16707	2	2	4	1	0	0	1	14	76	3	20	14478	915	0	4	0	108,116
10116	16709	2	1	4	1	1	3	0	13	86	4	21	14478	906	162	3	1	906
10116	16710	2	2	4	1	0	0	1	13	77	4	21	14478	914	0	4	0	906,914
10116	16713	2	1	4	1	1	3	0	15	76	3	21	14478	906	162	3	1	906
10116	16714	2	2	4	1	0	0	1	15	76	3	21	14478	914	0	4	0	906,914
10116	16716	2	1	4	1	1	3	0	14	86	4	22	14478	904	162	3	1	904
10116	16721	2	2	4	1	1	3	0	17	12	2	21	14478	910	162	3	1	654,910
10116	16722	2	2	4	1	0	0	1	17	3	2	21	14478	918	0	4	0	910,918
10116	16724	2	1	4	1	1	3	0	16	13	3	22	14478	908	162	3	1	908
10116	16728	2	1	4	1	1	3	0	16	76	3	22	14478	908	162	3	1	908
10116	16737	1	2	5	1	1	1	0	17	12	2	21	14478	918	2	4	1	902,918
10116	16738	1	2	5	1	0	0	1	15	13	3	21	14478	918	0	5	0	902,918
10116	16740	1	2	5	1	1	1	0	16	13	3	22	14478	916	2	4	1	900,916
10116	16744	1	2	5	1	1	1	0	18	12	2	22	14478	916	2	4	1	900,916
10116	16752	1	2	5	1	1	1	0	20	1	1	22	14478	924	2	4	1	908,924
10116	16771	1	2	5	1	0	0	1	15	13	3	21	14478	899	0	5	0	116,124
10116	16773	2	3	4	1	0	0	1	14	77	4	22	14478	899	0	4	0	124,906,922
10116	16774	1	2	5	1	0	0	1	16	13	3	22	14478	898	0	5	0	898,906
10116	16777	2	2	4	1	0	0	1	14	77	4	22	14478	899	0	4	0	124,906
10116	16778	1	2	5	1	0	0	1	16	13	3	22	14478	898	0	5	0	898,906
10116	16780	2	4	4	1	0	0	1	15	77	4	23	14478	898	0	4	0	898,904,920,930
10116	16785	2	4	4	1	0	0	1	16	13	3	22	14478	903	0	4	0	120,248,654,910
10116	16786	1	2	5	1	0	0	1	18	3	2	22	14478	902	0	5	0	902,910
10116	16788	2	5	4	1	0	0	1	17	13	3	23	14478	902	0	4	0	774,866,902,908,924
10116	16792	2	3	4	1	0	0	1	15	86	4	23	14478	902	0	4	0	774,902,908
10116	16801	1	2	5	1	0	0	1	14	77	4	22	14478	903	0	5	0	120,902
10116	16802	0	1	6	0	0	0	1	14	77	4	22	14478	902	0	6	0	902
10116	16804	1	3	5	1	0	0	1	15	77	4	23	14478	902	0	5	0	900,902,916
10116	16808	1	2	5	1	0	0	1	15	77	4	23	14478	902	0	5	0	900,902
10116	16816	1	3	5	1	0	0	1	17	11	3	23	14478	910	0	5	0	782,908,910
10116	16833	1	1	5	1	1	2	0	14	86	4	22	14478	918	34	4	1	918
10116	16834	1	2	5	1	0	0	1	14	86	4	22	14478	902	0	5	0	902,918
10116	16836	1	1	5	1	1	2	0	15	236	5	23	14478	916	34	4	1	916
10116	16840	1	1	5	1	1	2	0	15	86	4	23	14478	916	34	4	1	916
10116	16848	1	1	5	1	1	2	0	17	13	3	23	14478	924	34	4	1	924
10116	16864	0	1	6	0	1	1	0	15	77	4	23	14478	908	2	5	1	908
10116	16903	1	1	5	1	0	0	2	14	13	3	20	25906	614	0	5	0	614
10116	16907	2	3	4	1	0	0	3	14	13	3	20	14478	913	0	4	0	110,408,614
10116	16909	2	1	4	1	0	0	2	11	94	5	21	25906	615	0	4	0	408
10116	16910	2	4	4	1	0	0	3	13	30	4	21	14478	912	0	4	0	408,614,912,920
10116	16915	1	2	5	1	0	0	2	18	1	1	20	25906	612	0	5	0	410,612
10116	16917	1	1	5	1	0	0	2	15	13	3	21	25906	613	0	5	0	410
10116	16918	1	2	5	1	0	0	2	17	3	2	21	25906	612	0	5	0	410,612
10116	16921	2	2	4	1	0	0	2	13	77	4	21	25906	613	0	4	0	408,410
10116	16922	2	5	4	1	0	0	3	15	11	3	21	14478	914	0	4	0	408,410,612,614,914
10116	16924	2	2	4	1	0	0	2	12	94	5	22	25906	614	0	4	0	408,614
10116	16931	2	3	4	1	0	0	3	14	76	3	20	14478	915	0	4	0	108,410,612
10116	16933	1	1	5	1	0	0	2	13	86	4	21	25906	613	0	5	0	410
10116	16934	2	4	4	1	0	0	3	13	86	4	21	14478	914	0	4	0	410,612,914,922
10116	16937	2	2	4	1	0	0	2	13	86	4	21	25906	613	0	4	0	408,410
10116	16938	2	1	4	1	0	0	1	13	86	4	21	14478	914	0	4	0	914
10116	16940	2	3	4	1	0	0	2	12	94	5	22	25906	614	0	4	0	408,614,920
10116	16945	1	2	5	1	0	0	2	17	12	2	21	25906	609	0	5	0	412,414
10116	16946	2	5	4	1	0	0	3	17	3	2	21	14478	918	0	4	0	412,414,608,610,918
10116	16948	1	2	5	1	0	0	2	16	13	3	22	25906	610	0	5	0	412,610
10116	16952	2	4	4	1	0	0	2	14	77	4	22	25906	610	0	4	0	408,412,610,614
10116	16963	1	2	5	1	0	0	2	16	12	2	20	14478	915	0	5	0	108,620
10116	16965	2	4	4	1	0	0	3	13	77	4	21	14478	915	0	4	0	108,402,620,914
10116	16966	1	1	5	1	0	0	1	13	77	4	21	14478	914	0	5	0	914
10116	16969	2	4	4	1	0	0	2	15	13	3	21	14478	915	0	4	0	108,402,620,914
10116	16970	1	1	5	1	0	0	1	15	76	3	21	14478	914	0	5	0	914
10116	16972	2	2	4	1	0	0	1	12	94	5	22	14478	914	0	4	0	912,914
10116	16977	1	2	5	1	0	0	1	19	1	1	21	25906	617	0	5	0	406,616
10116	16978	1	3	5	1	0	0	2	19	1	1	21	14478	918	0	5	0	406,616,918
10116	16980	2	6	4	1	0	0	3	16	11	3	22	14478	918	0	4	0	404,406,616,618,916,918
10116	16984	2	6	4	1	0	0	2	16	11	3	22	14478	918	0	4	0	404,406,616,618,916,918
10116	16993	1	2	5	1	0	0	1	17	12	2	21	25906	617	0	5	0	406,918
10116	16994	1	1	5	1	0	0	1	15	13	3	21	14478	918	0	5	0	918
10116	16996	1	1	5	1	1	1	0	14	77	4	22	14478	916	2	4	1	916
10116	17000	1	1	5	1	1	1	0	16	13	3	22	14478	916	2	4	1	916
10116	17008	1	3	5	1	0	0	1	20	1	1	22	25906	610	0	5	0	412,610,924
10116	17027	1	1	5	1	0	0	1	17	3	2	21	14478	899	0	5	0	124
10116	17029	2	5	4	1	0	0	3	14	77	4	22	14478	899	0	4	0	124,402,410,914,922
10116	17030	1	2	5	1	0	0	1	16	13	3	22	14478	898	0	5	0	898,914
10116	17033	2	1	4	1	0	0	1	14	77	4	22	14478	899	0	4	0	124
10116	17034	1	1	5	1	0	0	1	16	13	3	22	14478	898	0	5	0	898
10116	17036	2	3	4	1	0	0	1	13	94	5	23	14478	898	0	4	0	898,912,920
10116	17041	2	6	4	1	0	0	3	18	3	2	22	14478	903	0	4	0	120,216,404,406,412,414
10116	17042	1	1	5	1	0	0	1	20	1	1	22	14478	902	0	5	0	902
10116	17044	2	9	4	1	0	0	3	17	13	3	23	14478	902	0	4	0	404,412,610,618,806,866,902,916,924
10116	17048	2	2	4	1	0	0	1	15	77	4	23	14478	902	0	4	0	806,902
10116	17057	2	6	4	1	0	0	3	14	86	4	22	14478	903	0	4	0	120,404,406,902,916,918
10116	17058	1	1	5	1	0	0	1	14	77	4	22	14478	902	0	5	0	902
10116	17060	1	1	5	1	1	2	0	15	236	5	23	14478	916	66	4	1	916
10116	17064	2	4	4	1	0	0	1	15	236	5	23	14478	902	0	4	0	900,902,912,916
10116	17072	2	9	4	1	0	0	3	17	13	3	23	14478	910	0	4	0	408,412,610,614,814,908,910,920,924
10116	17089	1	3	5	1	0	0	1	18	3	2	22	14478	903	0	5	0	120,902,918
10116	17090	0	1	6	0	0	0	1	18	12	2	22	14478	902	0	6	0	902
10116	17092	1	3	5	1	0	0	1	15	77	4	23	14478	902	0	5	0	900,902,916
10116	17096	1	3	5	1	0	0	1	17	13	3	23	14478	902	0	5	0	900,902,916
10116	17104	1	3	5	1	0	0	1	21	1	1	23	14478	910	0	5	0	908,910,924
10116	17120	0	1	6	0	1	1	0	17	13	3	23	14478	908	2	5	1	908
10116	17155	1	1	5	1	0	0	1	17	12	2	21	14478	931	0	5	0	92
10116	17157	2	2	4	1	0	0	3	14	86	4	22	14478	931	0	4	0	92,434
10116	17158	1	1	5	1	0	0	1	16	13	3	22	14478	930	0	5	0	930
10116	17161	2	1	4	1	0	0	1	14	86	4	22	14478	931	0	4	0	92
10116	17162	1	1	5	1	0	0	1	16	13	3	22	14478	930	0	5	0	930
10116	17164	2	1	4	1	0	0	1	13	94	5	23	14478	930	0	4	0	930
10116	17169	2	6	4	1	0	0	3	18	12	2	22	14478	935	0	4	0	88,216,436,438,600,728
10116	17170	1	1	5	1	0	0	1	20	1	1	22	14478	934	0	5	0	934
10116	17172	2	5	4	1	0	0	3	17	13	3	23	14478	934	0	4	0	436,586,806,834,934
10116	17176	2	2	4	1	0	0	1	15	77	4	23	14478	934	0	4	0	806,934
10116	17185	2	6	4	1	0	0	3	16	76	3	22	14478	935	0	4	0	88,120,436,438,902,934
10116	17186	1	2	5	1	0	0	1	16	13	3	22	14478	934	0	5	0	902,934
10116	17188	2	8	4	1	0	0	3	15	77	4	23	14478	934	0	4	0	436,586,900,902,916,932,934,948
10116	17192	2	4	4	1	0	0	1	15	77	4	23	14478	934	0	4	0	900,902,932,934
10116	17200	2	12	4	1	0	0	3	19	3	2	23	14478	942	0	4	0	440,444,578,582,782,814,834,838,908,910,940,942
10116	17217	2	5	4	1	0	0	2	16	76	3	22	14478	935	0	4	0	88,422,600,918,934
10116	17218	1	1	5	1	0	0	1	16	13	3	22	14478	934	0	5	0	934
10116	17220	2	3	4	1	0	0	1	13	94	5	23	14478	934	0	4	0	916,932,934
10116	17224	2	3	4	1	0	0	1	15	86	4	23	14478	934	0	4	0	916,932,934
10116	17232	2	11	4	1	0	0	2	19	3	2	23	14478	942	0	4	0	302,428,430,592,594,720,814,834,924,940,942
10116	17248	1	2	5	1	1	1	0	17	13	3	23	14478	940	2	4	1	908,940
10116	17281	1	1	5	1	0	0	1	15	86	4	23	14478	903	0	5	0	120
10116	17282	0	1	6	0	0	0	1	17	13	3	23	14478	902	0	6	0	902
10116	17284	1	1	5	1	0	0	1	16	236	5	24	14478	902	0	5	0	902
10116	17288	1	1	5	1	0	0	1	16	236	5	24	14478	902	0	5	0	902
10116	17296	1	2	5	1	0	0	1	18	13	3	24	14478	910	0	5	0	782,910
10116	17312	1	2	5	1	0	0	1	14	94	5	24	14478	910	0	5	0	908,910
10116	17344	1	3	5	1	0	0	1	16	77	4	24	14478	910	0	5	0	908,910,940
10116	17415	2	4	4	1	0	0	2	14	13	3	20	25906	550	0	4	0	346,472,474,550
10116	17419	1	1	5	1	0	0	1	14	13	3	20	25910	551	0	5	0	472
10116	17421	2	1	4	1	0	0	2	11	94	5	21	25906	551	0	4	0	472
10116	17422	2	2	4	1	0	0	2	13	30	4	21	25906	550	0	4	0	472,550
10116	17427	0	1	6	0	1	1	0	18	1	1	20	25910	551	8	5	1	472
10116	17429	1	1	5	1	1	1	0	15	13	3	21	25906	551	8	4	1	472
10116	17430	1	2	5	1	1	1	0	17	3	2	21	25906	550	8	4	1	472,550
10116	17433	1	1	5	1	0	0	1	13	77	4	21	25910	551	0	5	0	472
10116	17434	1	2	5	1	0	0	1	15	11	3	21	25910	550	0	5	0	472,550
10116	17436	2	2	4	1	0	0	2	12	94	5	22	25906	550	0	4	0	472,550
10116	17443	2	6	4	1	0	0	1	16	12	2	20	25910	549	0	4	0	92,220,348,472,474,476
10116	17445	2	4	4	1	0	0	2	15	13	3	21	25906	549	0	4	0	220,472,474,476
10116	17446	2	2	4	1	1	2	0	15	76	3	21	14478	930	384	3	1	802,930
10116	17449	1	1	5	1	0	0	1	15	13	3	21	25910	551	0	5	0	472
10116	17450	2	4	4	1	0	0	1	15	76	3	21	25910	550	0	4	0	472,550,802,930
10116	17452	2	3	4	1	0	0	2	14	30	4	22	25906	550	0	4	0	472,550,802
10116	17457	0	1	6	0	1	1	0	19	1	1	21	25910	551	8	5	1	472
10116	17458	1	3	5	1	1	1	0	19	1	1	21	25910	550	8	4	1	472,550,806
10116	17460	1	3	5	1	1	1	0	18	3	2	22	25906	550	8	4	1	472,550,806
10116	17464	1	3	5	1	0	0	1	16	11	3	22	25910	550	0	5	0	472,550,806
10116	17475	2	4	4	1	0	0	1	16	12	2	20	25910	557	0	4	0	340,464,466,468
10116	17477	2	1	4	1	1	4	0	13	77	4	21	25906	682	2074	3	1	682
10116	17478	3	14	3	1	0	0	3	13	77	4	21	14478	914	0	3	0	340,464,466,468,554,556,558,682,810,906,914,938,976,978
10116	17481	2	3	4	1	0	0	1	15	13	3	21	25910	559	0	4	0	464,558,682
10116	17482	2	3	4	1	0	0	1	15	76	3	21	25910	558	0	4	0	464,558,976
10116	17484	3	10	3	1	0	0	2	12	94	5	22	25906	558	0	3	0	342,464,466,556,558,680,904,936,976,978
10116	17489	1	3	5	1	1	1	0	19	1	1	21	25910	559	8	4	1	464,558,686
10116	17490	1	2	5	1	1	1	0	19	1	1	21	25910	558	8	4	1	464,558
10116	17492	2	6	4	1	1	1	0	16	11	3	22	25906	558	8	3	1	338,464,466,556,558,684
10116	17496	2	6	4	1	0	0	1	16	11	3	22	25910	558	0	4	0	338,464,466,556,558,684
10116	17505	2	8	4	1	0	0	1	19	1	1	21	25910	555	0	4	0	216,464,468,472,678,902,918,934
10116	17506	2	4	4	1	0	0	1	17	3	2	21	14478	918	0	4	0	806,902,918,934
10116	17508	2	4	4	1	1	1	0	16	11	3	22	14478	916	2	3	1	806,900,916,932
10116	17512	2	8	4	1	0	0	1	18	3	2	22	25910	558	0	4	0	464,558,806,900,916,932,960,976
10116	17520	1	3	5	1	1	1	0	22	0	0	22	25910	558	8	4	1	464,558,814
10116	17539	2	4	4	1	0	0	1	15	13	3	21	25910	557	0	4	0	340,464,466,468
10116	17541	3	6	3	1	0	0	2	12	94	5	22	25906	557	0	3	0	220,464,466,468,682,922
10116	17542	3	20	3	1	0	0	3	14	30	4	22	14478	898	0	3	0	340,464,466,468,554,556,558,682,802,810,898,906,914,922,930,938,960,962,976,978
10116	17545	2	1	4	1	0	0	1	12	94	5	22	25910	559	0	4	0	464
10116	17546	2	3	4	1	0	0	1	14	30	4	22	25910	558	0	4	0	464,558,976
10116	17548	3	6	3	1	0	0	2	11	222	6	23	25906	558	0	3	0	464,558,802,920,962,976
10116	17553	1	1	5	1	1	1	0	16	13	3	22	25910	559	8	4	1	464
10116	17554	1	2	5	1	1	1	0	18	3	2	22	25910	558	8	4	1	464,558
10116	17556	2	3	4	1	1	1	0	15	30	4	23	25906	558	8	3	1	464,558,806
10116	17560	2	3	4	1	0	0	1	13	94	5	23	25910	558	0	4	0	464,558,806
10116	17569	2	4	4	1	0	0	1	14	77	4	22	25910	555	0	4	0	216,464,468,472
10116	17570	2	3	4	1	0	0	1	14	77	4	22	14478	902	0	4	0	806,902,934
10116	17572	2	2	4	1	1	2	0	13	94	5	23	14478	806	2304	3	1	806,916
10116	17576	2	4	4	1	0	0	1	13	94	5	23	25910	558	0	4	0	464,558,806,976
10116	17584	1	3	5	1	1	1	0	17	11	3	23	25910	558	8	4	1	464,558,814
10116	17601	2	2	4	1	1	2	0	16	13	3	22	14478	918	34	3	1	694,918
10116	17602	2	4	4	1	0	0	1	16	76	3	22	14478	902	0	4	0	902,918,960,964
10116	17604	2	1	4	1	1	2	0	13	94	5	23	14478	916	34	3	1	916
10116	17608	2	3	4	1	1	2	0	15	30	4	23	14478	916	34	3	1	916,960,962
10116	17616	2	11	4	1	1	1	0	19	3	2	23	25910	574	8	3	1	322,448,450,572,574,700,814,834,924,960,962
10116	17632	1	1	5	1	1	1	0	17	11	3	23	14478	908	2	4	1	908
10116	17667	1	2	5	1	1	2	0	19	1	1	21	14478	907	160	4	1	116,372
10116	17669	2	4	4	1	1	3	0	16	13	3	22	14478	906	162	3	1	650,666,906,922
10116	17670	1	1	5	1	1	2	0	18	3	2	22	14478	906	160	4	1	906
10116	17673	2	3	4	1	0	0	1	16	13	3	22	25910	527	0	4	0	496,650,906
10116	17674	1	1	5	1	1	2	0	18	3	2	22	14478	906	160	4	1	906
10116	17676	2	2	4	1	1	3	0	15	30	4	23	14478	904	162	3	1	904,920
10116	17681	1	2	5	1	1	1	0	20	1	1	22	25910	527	8	4	1	496,654
10116	17682	1	6	5	1	1	1	0	22	0	0	22	25910	526	8	4	1	368,496,526,654,782,910
10116	17684	2	13	4	1	1	1	0	19	3	2	23	14478	806	2048	3	1	354,370,496,526,652,668,774,782,806,834,866,908,924
10116	17688	2	8	4	1	0	0	1	17	11	3	23	25910	526	0	4	0	370,496,526,652,774,782,806,908
10116	17697	1	3	5	1	1	1	0	20	1	1	22	14478	903	128	4	1	120,248,902
10116	17698	0	1	6	0	1	1	0	20	1	1	22	14478	902	128	5	1	902
10116	17700	1	4	5	1	1	1	0	19	3	2	23	14478	902	128	4	1	774,900,902,916
10116	17704	1	3	5	1	1	1	0	19	3	2	23	14478	902	128	4	1	774,900,902
10116	17712	0	1	6	0	2	2	0	23	0	0	23	14478	782	2176	4	2	782
10116	17729	1	2	5	1	2	3	0	18	12	2	22	14478	918	162	3	2	662,918
10116	17730	1	1	5	1	1	2	0	18	3	2	22	14478	918	160	4	1	918
10116	17732	1	1	5	1	2	3	0	15	77	4	23	14478	916	162	3	2	916
10116	17736	1	1	5	1	2	3	0	17	76	3	23	14478	916	162	3	2	916
10116	17744	1	3	5	1	2	3	0	21	1	1	23	14478	924	162	3	2	354,668,924
10116	17760	0	1	6	0	2	2	0	21	1	1	23	14478	908	130	4	2	908
10116	17793	2	4	4	1	0	0	1	15	77	4	23	14478	903	0	4	0	120,248,662,918
10116	17794	1	2	5	1	0	0	1	17	11	3	23	14478	902	0	5	0	902,918
10116	17796	2	4	4	1	0	0	1	14	94	5	24	14478	902	0	4	0	774,902,916,948
10116	17800	2	3	4	1	0	0	1	14	94	5	24	14478	902	0	4	0	774,902,916
10116	17808	1	1	5	1	1	1	0	18	11	3	24	14478	782	2048	4	1	782
10116	17824	1	3	5	1	0	0	1	16	75	4	24	14478	910	0	5	0	782,908,910
10116	17856	1	1	5	1	1	2	0	16	77	4	24	14478	940	34	4	1	940
10116	17923	1	1	5	1	0	0	1	19	1	1	21	25910	589	0	5	0	434
10116	17925	2	1	4	1	0	0	2	14	77	4	22	25906	589	0	4	0	434
10116	17926	2	4	4	1	0	0	3	16	11	3	22	14478	930	0	4	0	434,588,930,946
10116	17929	2	1	4	1	0	0	1	14	77	4	22	25910	591	0	4	0	432
10116	17930	2	4	4	1	0	0	2	16	11	3	22	14478	930	0	4	0	432,590,930,944
10116	17932	3	6	3	1	0	0	3	11	222	6	23	14478	930	0	3	0	432,590,834,920,930,944
10116	17937	1	2	5	1	0	0	1	20	1	1	22	25910	587	0	5	0	432,436
10116	17938	1	4	5	1	0	0	1	22	0	0	22	25910	586	0	5	0	432,436,586,590
10116	17940	2	6	4	1	0	0	2	17	11	3	23	25906	586	0	4	0	432,436,586,590,834,838
10116	17944	2	3	4	1	0	0	1	15	75	4	23	25910	590	0	4	0	432,590,838
10116	17953	1	1	5	1	0	0	1	18	12	2	22	25910	587	0	5	0	436
10116	17954	2	8	4	1	0	0	2	18	3	2	22	14478	934	0	4	0	436,586,838,902,916,934,948,966
10116	17956	2	5	4	1	0	0	2	15	77	4	23	25906	586	0	4	0	436,586,838,916,948
10116	17960	2	5	4	1	0	0	1	15	77	4	23	25910	590	0	4	0	432,590,838,912,944
10116	17968	1	6	5	1	0	0	1	21	1	1	23	25910	582	0	5	0	432,440,582,590,838,846
10116	17985	2	12	4	1	0	0	3	20	1	1	22	14478	935	0	4	0	88,90,420,422,600,602,724,726,916,918,932,934
10116	17986	1	2	5	1	0	0	1	20	1	1	22	14478	934	0	5	0	932,934
10116	17988	2	3	4	1	0	0	1	15	75	4	23	14478	934	0	4	0	916,932,934
10116	17992	2	6	4	1	0	0	1	17	11	3	23	14478	934	0	4	0	912,916,928,930,932,934
10116	18000	2	44	4	1	0	0	3	23	0	0	23	14478	942	0	4	0	290,294,298,302,416,418,420,422,424,426,428,430,592,594,596,598,600,602,604,606,720,724,728,732,802,806,810,814,834,838,842,846,912,916,920,924,928,930,932,934,936,938,940,942
10116	18016	1	4	5	1	1	1	0	21	1	1	23	14478	940	2	4	1	904,908,936,940
10116	18049	2	6	4	1	0	0	2	17	13	3	23	14478	903	0	4	0	120,184,420,436,932,948
10116	18050	1	2	5	1	0	0	1	19	3	2	23	14478	902	0	5	0	902,932
10116	18052	2	4	4	1	0	0	1	14	94	5	24	14478	902	0	4	0	838,902,932,948
10116	18056	2	4	4	1	0	0	1	14	94	5	24	14478	902	0	4	0	838,902,928,944
10116	18064	1	2	5	1	1	2	0	20	3	2	24	14478	846	2304	4	1	838,846
10116	18080	1	1	5	1	1	2	0	16	77	4	24	25910	87	8193	4	1	936
10116	18112	1	6	5	1	0	0	1	20	3	2	24	14478	910	0	5	0	904,906,908,910,936,940
10116	18177	2	9	4	1	0	0	2	19	12	2	23	14478	967	0	4	0	56,120,184,248,484,662,692,918,948
10116	18178	1	3	5	1	0	0	1	21	1	1	23	14478	966	0	5	0	902,918,966
10116	18180	2	6	4	1	0	0	1	16	77	4	24	14478	966	0	4	0	774,838,902,916,948,966
10116	18184	2	6	4	1	0	0	1	16	77	4	24	14478	966	0	4	0	774,838,902,916,944,966
10116	18192	1	4	5	1	1	1	0	22	1	1	24	14478	846	2048	4	1	774,782,838,846
10116	18208	1	4	5	1	1	1	0	20	3	2	24	14478	910	128	4	1	782,908,910,936
10116	18240	1	2	5	1	1	3	0	20	3	2	24	14478	940	162	4	1	936,940
10116	18304	1	2	5	1	0	0	1	17	77	4	25	14478	910	0	5	0	782,910
10116	18439	2	2	4	1	0	0	2	12	77	4	20	25906	678	0	4	0	346,678
10116	18443	2	2	4	1	0	0	1	12	77	4	20	25910	679	0	4	0	344,346
10116	18445	2	4	4	1	0	0	2	13	75	4	21	25906	679	0	4	0	344,346,676,678
10116	18446	2	4	4	1	0	0	2	13	77	4	21	25906	678	0	4	0	344,346,676,678
10116	18451	2	3	4	1	0	0	1	12	77	4	20	25910	677	0	4	0	344,346,472
10116	18453	2	4	4	1	0	0	2	13	77	4	21	25906	677	0	4	0	344,346,676,678
10116	18454	2	4	4	1	0	0	2	13	77	4	21	25906	676	0	4	0	344,346,676,678
10116	18457	2	2	4	1	0	0	1	11	94	5	21	25910	679	0	4	0	344,678
10116	18458	2	2	4	1	0	0	1	11	94	5	21	25910	678	0	4	0	344,678
10116	18460	2	4	4	1	0	0	2	12	94	5	22	25906	678	0	4	0	344,346,676,678
10116	18467	2	1	4	1	1	2	0	12	86	4	20	14478	803	384	3	1	220
10116	18469	2	3	4	1	0	0	2	15	11	3	21	25906	677	0	4	0	220,346,348
10116	18470	2	1	4	1	1	2	0	13	86	4	21	14478	802	384	3	1	802
10116	18473	2	3	4	1	0	0	1	15	11	3	21	25910	679	0	4	0	220,344,348
10116	18474	2	1	4	1	1	2	0	13	86	4	21	14478	802	384	3	1	802
10116	18476	2	6	4	1	0	0	2	16	11	3	22	25906	678	0	4	0	344,348,674,678,802,930
10116	18481	2	4	4	1	0	0	1	15	13	3	21	25910	675	0	4	0	216,344,348,472
10116	18482	2	1	4	1	1	2	0	13	77	4	21	14478	806	384	3	1	806
10116	18484	2	5	4	1	0	0	2	16	13	3	22	25906	674	0	4	0	344,348,674,678,806
10116	18488	2	3	4	1	0	0	1	14	30	4	22	25910	678	0	4	0	344,678,806
10116	18499	3	7	3	1	0	0	3	12	86	4	20	14478	787	0	3	0	212,236,338,340,468,682,684
10116	18501	2	2	4	1	1	1	0	13	77	4	21	25906	684	2	3	1	682,684
10116	18502	3	7	3	1	0	0	3	13	236	5	21	14478	786	0	3	0	338,340,682,684,786,810,850
10116	18505	2	4	4	1	1	1	0	15	11	3	21	25906	684	2	3	1	680,682,684,686
10116	18506	3	12	3	1	0	0	3	13	86	4	21	14478	786	0	3	0	336,338,340,342,680,682,684,686,786,810,848,850
10116	18508	2	5	4	1	1	1	0	14	77	4	22	14478	850	512	3	1	338,342,680,684,850
10116	18513	2	5	4	1	1	1	0	15	13	3	21	25906	680	2	3	1	558,680,682,684,686
10116	18514	3	12	3	1	0	0	3	13	77	4	21	14478	790	0	3	0	336,338,340,342,464,558,680,682,684,686,790,814
10116	18516	2	4	4	1	1	1	0	14	86	4	22	25906	680	2	3	1	338,342,680,684
10116	18520	2	4	4	1	1	1	0	14	30	4	22	25906	680	2	3	1	338,342,680,684
10116	18529	2	4	4	1	0	0	1	17	3	2	21	14478	791	0	4	0	216,232,790,806
10116	18530	2	2	4	1	0	0	1	13	77	4	21	14478	790	0	4	0	790,806
10116	18532	2	4	4	1	0	0	1	16	13	3	22	14478	790	0	4	0	788,790,804,806
10116	18536	2	4	4	1	0	0	1	18	3	2	22	14478	790	0	4	0	788,790,804,806
10116	18544	2	4	4	1	0	0	1	18	3	2	22	14478	798	0	4	0	796,798,812,814
10116	18563	2	3	4	1	1	1	0	13	77	4	21	14478	803	256	3	1	212,220,468
10116	18565	2	1	4	1	1	1	0	14	75	4	22	14478	803	256	3	1	220
10116	18566	2	2	4	1	1	1	0	14	77	4	22	14478	802	256	3	1	802,810
10116	18569	2	1	4	1	1	1	0	14	75	4	22	14478	803	256	3	1	220
10116	18570	2	2	4	1	1	1	0	14	77	4	22	14478	802	256	3	1	802,810
10116	18572	2	2	4	1	1	1	0	15	75	4	23	14478	802	256	3	1	802,834
10116	18577	2	3	4	1	1	1	0	14	77	4	22	14478	807	256	3	1	216,464,558
10116	18578	2	4	4	1	1	1	0	14	77	4	22	14478	806	256	3	1	464,558,806,814
10116	18580	2	1	4	1	1	1	0	15	77	4	23	14478	806	256	3	1	806
10116	18584	2	1	4	1	1	1	0	13	94	5	23	14478	806	256	3	1	806
10116	18593	1	1	5	1	1	1	0	14	77	4	22	14478	807	256	4	1	216
10116	18594	1	1	5	1	1	1	0	14	236	5	22	14478	806	256	4	1	806
10116	18596	1	1	5	1	1	1	0	15	77	4	23	14478	806	256	4	1	806
10116	18600	1	1	5	1	1	1	0	15	77	4	23	14478	806	256	4	1	806
10116	18608	1	1	5	1	1	1	0	15	86	4	23	14478	814	256	4	1	814
10116	18625	2	5	4	1	0	0	1	16	11	3	22	14478	775	0	4	0	216,248,566,790,822
10116	18626	2	4	4	1	0	0	1	14	86	4	22	14478	774	0	4	0	774,790,806,822
10116	18628	2	5	4	1	0	0	1	15	77	4	23	14478	774	0	4	0	774,788,806,820,838
10116	18632	2	7	4	1	0	0	1	17	11	3	23	14478	774	0	4	0	774,788,806,820,834,838,962
10116	18640	2	7	4	1	0	0	1	17	13	3	23	14478	782	0	4	0	450,572,782,796,814,828,962
10116	18656	1	4	5	1	0	0	1	17	13	3	23	14478	782	0	5	0	780,782,812,814
10116	18691	2	2	4	1	0	0	1	13	77	4	21	14478	803	0	4	0	220,244
10116	18693	2	1	4	1	0	0	1	14	77	4	22	14478	803	0	4	0	220
10116	18694	2	2	4	1	0	0	1	14	77	4	22	14478	802	0	4	0	778,802
10116	18697	2	1	4	1	0	0	1	14	77	4	22	14478	803	0	4	0	220
10116	18698	2	2	4	1	0	0	1	14	77	4	22	14478	802	0	4	0	778,802
10116	18700	2	2	4	1	0	0	1	15	77	4	23	14478	802	0	4	0	802,866
10116	18705	2	1	4	1	0	0	1	14	77	4	22	14478	807	0	4	0	216
10116	18706	2	2	4	1	0	0	1	14	75	4	22	14478	806	0	4	0	782,806
10116	18708	2	1	4	1	0	0	1	15	77	4	23	14478	806	0	4	0	806
10116	18712	2	1	4	1	0	0	1	13	94	5	23	14478	806	0	4	0	806
10116	18721	1	2	5	1	0	0	1	16	13	3	22	14478	807	0	5	0	216,248
10116	18722	1	2	5	1	0	0	1	14	77	4	22	14478	806	0	5	0	774,806
10116	18724	1	2	5	1	0	0	1	17	13	3	23	14478	806	0	5	0	774,806
10116	18728	1	2	5	1	0	0	1	17	13	3	23	14478	806	0	5	0	774,806
10116	18736	1	2	5	1	0	0	1	17	11	3	23	14478	814	0	5	0	782,814
10116	18753	2	2	4	1	0	0	1	14	86	4	22	14478	807	0	4	0	216,790
10116	18754	2	2	4	1	0	0	1	12	94	5	22	14478	806	0	4	0	790,806
10116	18756	2	2	4	1	0	0	1	15	236	5	23	14478	806	0	4	0	788,806
10116	18760	2	2	4	1	0	0	1	15	86	4	23	14478	806	0	4	0	788,806
10116	18768	2	2	4	1	0	0	1	15	77	4	23	14478	814	0	4	0	796,814
10116	18784	1	4	5	1	0	0	1	17	13	3	23	14478	814	0	5	0	780,782,812,814
10116	18817	1	1	5	1	0	0	1	13	94	5	23	14478	775	0	5	0	248
10116	18818	1	2	5	1	0	0	1	13	94	5	23	14478	774	0	5	0	774,790
10116	18820	1	1	5	1	0	0	1	14	94	5	24	14478	774	0	5	0	774
10116	18824	1	1	5	1	0	0	1	14	94	5	24	14478	774	0	5	0	774
10116	18832	1	1	5	1	0	0	1	14	94	5	24	14478	782	0	5	0	782
10116	18848	0	1	6	0	0	0	1	14	94	5	24	14478	782	0	6	0	782
10116	18880	1	2	5	1	0	0	1	14	94	5	24	14478	782	0	5	0	782,812
10116	18947	2	3	4	1	0	0	3	15	13	3	21	14478	803	0	4	0	220,306,716
10116	18949	2	3	4	1	0	0	3	14	77	4	22	14478	803	0	4	0	220,306,716
10116	18950	2	4	4	1	0	0	3	14	86	4	22	14478	802	0	4	0	306,716,802,818
10116	18953	2	1	4	1	0	0	1	14	77	4	22	14478	803	0	4	0	220
10116	18954	2	1	4	1	0	0	1	14	86	4	22	14478	802	0	4	0	802
10116	18956	2	1	4	1	0	0	1	13	94	5	23	14478	802	0	4	0	802
10116	18961	2	6	4	1	0	0	3	16	13	3	22	14478	807	0	4	0	216,308,310,712,714,728
10116	18962	2	5	4	1	0	0	3	16	11	3	22	14478	806	0	4	0	308,310,712,714,806
10116	18964	2	5	4	1	0	0	3	15	86	4	23	14478	806	0	4	0	308,310,712,714,806
10116	18968	2	1	4	1	0	0	1	13	94	5	23	14478	806	0	4	0	806
10116	18977	2	4	4	1	0	0	3	16	76	3	22	14478	807	0	4	0	184,216,308,310
10116	18978	2	2	4	1	0	0	1	14	86	4	22	14478	806	0	4	0	806,838
10116	18980	2	5	4	1	0	0	3	15	86	4	23	14478	806	0	4	0	308,714,806,820,838
10116	18984	2	2	4	1	0	0	1	15	86	4	23	14478	806	0	4	0	806,838
10116	18992	2	6	4	1	0	0	3	17	76	3	23	14478	814	0	4	0	312,316,706,710,814,846
10116	19009	1	2	5	1	0	0	1	18	3	2	22	14478	807	0	5	0	216,728
10116	19010	1	1	5	1	0	0	1	16	13	3	22	14478	806	0	5	0	806
10116	19012	1	1	5	1	0	0	1	15	77	4	23	14478	806	0	5	0	806
10116	19016	1	1	5	1	0	0	1	17	13	3	23	14478	806	0	5	0	806
10116	19024	1	3	5	1	0	0	1	19	3	2	23	14478	814	0	5	0	302,720,814
10116	19040	1	2	5	1	0	0	1	19	12	2	23	14478	814	0	5	0	812,814
10116	19073	1	2	5	1	0	0	1	17	11	3	23	14478	775	0	5	0	184,248
10116	19074	1	2	5	1	0	0	1	17	13	3	23	14478	774	0	5	0	774,838
10116	19076	1	2	5	1	0	0	1	16	77	4	24	14478	774	0	5	0	774,838
10116	19080	1	2	5	1	0	0	1	16	77	4	24	14478	774	0	5	0	774,838
10116	19088	1	2	5	1	0	0	1	18	13	3	24	14478	782	0	5	0	782,846
10116	19104	1	2	5	1	0	0	1	16	86	4	24	14478	782	0	5	0	782,846
10116	19136	0	1	6	0	0	0	1	20	3	2	24	14478	782	0	6	0	782
10116	19201	1	1	5	1	0	0	1	15	86	4	23	14478	839	0	5	0	184
10116	19202	1	1	5	1	0	0	1	15	77	4	23	14478	838	0	5	0	838
10116	19204	1	1	5	1	0	0	1	16	236	5	24	14478	838	0	5	0	838
10116	19208	1	1	5	1	0	0	1	16	236	5	24	14478	838	0	5	0	838
10116	19216	1	1	5	1	0	0	1	16	77	4	24	14478	846	0	5	0	846
10116	19232	1	2	5	1	0	0	1	16	86	4	24	14478	846	0	5	0	782,846
10116	19264	1	1	5	1	0	0	1	16	77	4	24	14478	846	0	5	0	846
10116	19328	0	1	6	0	0	0	1	15	94	5	25	14478	782	0	6	0	782
10116	19459	1	1	5	1	1	2	0	13	77	4	21	25910	587	24	4	1	436
10116	19461	2	2	4	1	1	2	0	12	94	5	22	25906	587	24	3	1	436,586
10116	19462	2	3	4	1	1	2	0	12	94	5	22	25906	586	24	3	1	436,586,842
10116	19465	2	4	4	1	0	0	1	12	94	5	22	25910	591	0	4	0	432,436,586,590
10116	19466	2	5	4	1	0	0	1	12	94	5	22	25910	590	0	4	0	432,436,586,590,842
10116	19468	3	12	3	1	0	0	2	11	222	6	23	25906	590	0	3	0	432,434,436,438,584,586,588,590,834,840,842,930
10116	19473	1	2	5	1	1	1	0	14	77	4	22	25910	591	8	4	1	432,590
10116	19474	1	2	5	1	1	1	0	14	75	4	22	25910	590	8	4	1	432,590
10116	19476	2	4	4	1	1	1	0	13	94	5	23	25906	590	8	3	1	432,434,588,590
10116	19480	2	4	4	1	0	0	1	11	222	6	23	25910	590	0	4	0	432,434,588,590
10116	19489	1	2	5	1	1	2	0	16	13	3	22	14478	839	384	3	2	184,440
10116	19490	1	1	5	1	2	2	0	14	77	4	22	14478	838	384	3	2	838
10116	19492	1	1	5	1	2	2	0	15	30	4	23	14478	838	384	3	2	838
10116	19496	1	1	5	1	1	2	0	15	30	4	23	14478	838	384	3	2	838
10116	19504	1	3	5	1	1	1	0	17	11	3	23	25910	590	8	4	1	432,590,846
10116	19521	1	1	5	1	2	3	0	16	13	3	22	25910	598	26	3	2	598
10116	19522	2	3	4	1	1	2	0	14	77	4	22	25910	598	24	3	1	424,598,854
10116	19524	2	3	4	1	1	3	0	13	94	5	23	25906	596	26	2	2	426,596,852
10116	19528	2	6	4	1	1	1	0	15	30	4	23	25910	604	2	3	1	418,426,596,604,852,930
10116	19536	1	2	5	1	2	2	0	17	11	3	23	25910	604	10	3	2	418,604
10116	19552	1	2	5	1	1	2	0	19	3	2	23	14478	846	384	4	1	844,846
10116	19585	2	3	4	1	1	1	0	13	94	5	23	14478	839	256	3	1	184,424,598
10116	19586	2	4	4	1	1	1	0	13	94	5	23	14478	838	256	3	1	424,598,838,854
10116	19588	2	1	4	1	1	1	0	12	222	6	24	14478	838	256	3	1	838
10116	19592	2	1	4	1	1	1	0	12	222	6	24	14478	838	256	3	1	838
10116	19600	2	5	4	1	1	1	0	14	94	5	24	14478	846	256	3	1	416,418,604,606,846
10116	19616	1	1	5	1	1	1	0	14	94	5	24	14478	846	256	4	1	846
10116	19648	2	8	4	1	0	0	1	16	30	4	24	14478	782	0	4	0	402,620,782,812,846,876,898,906
10116	19713	2	6	4	1	0	0	1	15	77	4	23	14478	839	0	4	0	184,232,248,488,534,790
10116	19714	1	1	5	1	1	2	0	15	75	4	23	14478	790	160	4	1	790
10116	19716	2	5	4	1	0	0	1	14	94	5	24	14478	838	0	4	0	774,788,790,820,838
10116	19720	2	4	4	1	0	0	1	14	94	5	24	14478	838	0	4	0	774,788,790,838
10116	19728	2	8	4	1	0	0	1	16	75	4	24	14478	846	0	4	0	480,482,540,542,782,796,798,846
10116	19744	0	1	6	0	1	1	0	18	11	3	24	14478	782	128	5	1	782
10116	19776	1	1	5	1	1	3	0	16	77	4	24	14478	812	162	4	1	812
10116	19840	1	1	5	1	0	0	1	13	222	6	25	14478	782	0	5	0	782
10116	19969	2	6	4	1	0	0	2	17	13	3	23	14478	839	0	4	0	120,184,356,360,662,666
10116	19970	2	8	4	1	0	0	2	17	11	3	23	14478	838	0	4	0	356,360,662,666,838,868,902,918
10116	19972	2	2	4	1	0	0	1	14	94	5	24	14478	838	0	4	0	838,902
10116	19976	2	2	4	1	0	0	1	14	94	5	24	14478	838	0	4	0	838,902
10116	19984	2	12	4	1	0	0	2	18	11	3	24	14478	846	0	4	0	352,354,360,362,660,662,668,670,838,846,902,910
10116	20000	1	1	5	1	1	2	0	18	76	3	24	14478	910	384	4	1	910
10116	20032	1	2	5	1	0	0	1	20	3	2	24	14478	846	0	5	0	842,846
10116	20096	1	2	5	1	0	0	1	17	30	4	25	14478	782	0	5	0	782,910
10116	20224	1	2	5	1	0	0	1	17	77	4	25	14478	910	0	5	0	782,910
10116	20487	2	3	4	1	0	0	2	14	13	3	20	25906	678	0	4	0	218,346,678
10116	20491	2	3	4	1	0	0	1	14	13	3	20	25910	679	0	4	0	218,344,346
10116	20493	2	2	4	1	0	0	2	13	77	4	21	25906	679	0	4	0	344,346
10116	20494	1	2	5	1	0	0	2	17	3	2	21	25906	678	0	5	0	676,678
10116	20499	2	4	4	1	0	0	1	14	13	3	20	25910	677	0	4	0	216,344,346,472
10116	20501	2	2	4	1	0	0	2	13	86	4	21	25906	677	0	4	0	344,346
10116	20502	1	2	5	1	0	0	2	17	12	2	21	25906	676	0	5	0	676,678
10116	20505	2	1	4	1	0	0	1	13	236	5	21	25910	679	0	4	0	344
10116	20506	1	1	5	1	0	0	1	15	13	3	21	25910	678	0	5	0	678
10116	20508	1	1	5	1	0	0	2	14	86	4	22	25906	678	0	5	0	678
10116	20515	2	1	4	1	1	2	0	12	86	4	20	14478	803	384	3	1	220
10116	20517	2	2	4	1	0	0	2	13	86	4	21	25906	677	0	4	0	346,348
10116	20518	2	3	4	1	0	0	2	15	76	3	21	25906	676	0	4	0	674,676,802
10116	20521	2	2	4	1	0	0	1	13	86	4	21	25910	679	0	4	0	344,348
10116	20522	2	3	4	1	0	0	1	15	76	3	21	25910	678	0	4	0	674,678,802
10116	20524	1	2	5	1	0	0	2	16	76	3	22	25906	678	0	5	0	674,678
10116	20529	2	3	4	1	0	0	1	13	77	4	21	25910	675	0	4	0	344,348,472
10116	20530	2	4	4	1	0	0	1	15	13	3	21	25910	674	0	4	0	550,674,678,806
10116	20532	1	2	5	1	0	0	2	16	76	3	22	25906	674	0	5	0	674,678
10116	20536	1	1	5	1	0	0	1	14	86	4	22	25910	678	0	5	0	678
10116	20547	2	1	4	1	1	3	0	14	76	3	20	14478	811	416	3	1	212
10116	20549	2	1	4	1	1	4	0	13	86	4	21	14478	810	418	2	2	810
10116	20550	2	3	4	1	0	0	2	15	13	3	21	25906	684	0	4	0	682,684,810
10116	20553	2	1	4	1	1	4	0	15	13	3	21	14478	810	418	2	2	810
10116	20554	2	5	4	1	0	0	2	17	12	2	21	25906	684	0	4	0	680,682,684,686,810
10116	20556	2	6	4	1	0	0	2	16	13	3	22	25906	686	0	4	0	680,682,684,686,808,936
10116	20561	2	1	4	1	1	4	0	15	13	3	21	14478	814	418	2	2	814
10116	20562	2	6	4	1	0	0	2	17	12	2	21	25906	680	0	4	0	558,680,682,684,686,814
10116	20564	2	5	4	1	0	0	2	16	76	3	22	25906	682	0	4	0	680,682,684,686,812
10116	20568	2	5	4	1	0	0	2	16	13	3	22	25906	682	0	4	0	680,682,684,686,812
10116	20577	2	2	4	1	1	1	0	15	13	3	21	14478	790	2	3	1	790,806
10116	20578	2	2	4	1	0	0	1	15	13	3	21	14478	790	0	4	0	790,806
10116	20580	2	4	4	1	0	0	2	16	76	3	22	25906	682	0	4	0	678,682,788,804
10116	20584	2	6	4	1	0	0	2	18	12	2	22	25906	682	0	4	0	674,678,682,686,788,804
10116	20592	2	8	4	1	0	0	2	18	3	2	22	25906	674	0	4	0	558,674,678,682,686,738,796,812
10116	20611	1	1	5	1	2	2	0	15	13	3	21	14478	811	288	3	2	212
10116	20613	2	2	4	1	1	3	0	14	77	4	22	14478	794	98	2	2	794,810
10116	20614	1	1	5	1	1	2	0	18	3	2	22	14478	810	288	3	2	810
10116	20617	2	1	4	1	1	3	0	14	77	4	22	14478	810	290	2	2	810
10116	20618	1	1	5	1	1	2	0	18	3	2	22	14478	810	288	3	2	810
10116	20620	2	6	4	1	0	0	2	17	11	3	23	25906	686	0	4	0	674,678,682,686,792,808
10116	20625	2	3	4	1	1	2	0	14	86	4	22	14478	551	2304	2	2	464,472,814
10116	20626	1	2	5	1	1	2	0	18	12	2	22	14478	814	288	3	2	558,814
10116	20628	2	9	4	1	0	0	2	17	76	3	23	25906	682	0	4	0	550,558,674,678,682,686,738,796,812
10116	20632	2	5	4	1	0	0	1	15	86	4	23	25910	686	0	4	0	550,558,678,686,812
10116	20641	2	3	4	1	1	1	0	14	236	5	22	14478	807	256	3	1	216,472,806
10116	20642	1	1	5	1	1	1	0	14	77	4	22	14478	806	256	4	1	806
10116	20644	2	6	4	1	0	0	2	15	86	4	23	25906	682	0	4	0	550,678,682,788,804,806
10116	20648	2	6	4	1	0	0	1	15	86	4	23	25910	686	0	4	0	550,558,678,686,804,806
10116	20656	1	1	5	1	1	2	0	15	86	4	23	14478	558	2304	3	2	558
10116	20673	1	2	5	1	2	2	0	16	13	3	22	14478	790	34	3	2	790,822
10116	20674	1	2	5	1	1	1	0	18	12	2	22	14478	790	32	4	1	790,822
10116	20676	1	2	5	1	2	2	0	17	13	3	23	14478	788	34	3	2	788,820
10116	20680	1	2	5	1	2	2	0	19	3	2	23	14478	788	34	3	2	788,820
10116	20688	1	2	5	1	2	2	0	19	12	2	23	14478	796	34	3	2	796,828
10116	20704	1	2	5	1	1	1	0	17	13	3	23	14478	780	2	4	1	780,812
10116	20739	1	1	5	1	1	2	0	15	13	3	21	14478	779	160	4	1	244
10116	20741	2	2	4	1	1	3	0	14	86	4	22	14478	778	162	3	1	778,794
10116	20742	1	1	5	1	1	2	0	18	12	2	22	14478	778	160	4	1	778
10116	20745	2	1	4	1	1	3	0	14	86	4	22	14478	778	162	3	1	778
10116	20746	1	1	5	1	1	2	0	18	12	2	22	14478	778	160	4	1	778
10116	20748	2	6	4	1	0	0	2	17	76	3	23	25906	654	0	4	0	650,654,776,792,904,920
10116	20753	2	1	4	1	1	3	0	14	77	4	22	14478	782	162	3	1	782
10116	20754	1	1	5	1	1	2	0	18	3	2	22	14478	782	160	4	1	782
10116	20756	2	5	4	1	0	0	2	17	76	3	23	25906	650	0	4	0	650,654,706,780,796
10116	20760	2	2	4	1	0	0	1	15	86	4	23	25910	654	0	4	0	654,780
10116	20769	2	4	4	1	0	0	1	14	77	4	22	14478	807	0	4	0	216,248,774,806
10116	20770	1	2	5	1	0	0	1	16	13	3	22	14478	806	0	5	0	774,806
10116	20772	2	9	4	1	0	0	3	17	76	3	23	14478	806	0	4	0	646,650,714,772,774,788,804,806,820
10116	20776	2	6	4	1	0	0	2	17	76	3	23	14478	806	0	4	0	646,654,772,774,804,806
10116	20784	2	9	4	1	0	0	2	17	11	3	23	14478	814	0	4	0	526,558,646,654,706,780,782,812,814
10116	20801	1	1	5	1	2	3	0	14	86	4	22	14478	790	162	3	2	790
10116	20802	1	1	5	1	1	2	0	16	13	3	22	14478	790	160	4	1	790
10116	20804	1	1	5	1	2	3	0	15	86	4	23	14478	788	162	3	2	788
10116	20808	1	1	5	1	2	3	0	17	76	3	23	14478	788	162	3	2	788
10116	20816	1	1	5	1	2	3	0	17	13	3	23	14478	796	162	3	2	796
10116	20832	1	2	5	1	1	1	0	17	13	3	23	14478	812	2	4	1	780,812
10116	20865	1	1	5	1	1	2	0	15	236	5	23	14478	790	34	4	1	790
10116	20866	0	1	6	0	1	1	0	17	13	3	23	14478	790	32	5	1	790
10116	20868	1	2	5	1	1	2	0	16	86	4	24	14478	788	34	4	1	788,820
10116	20872	1	1	5	1	1	2	0	16	86	4	24	14478	788	34	4	1	788
10116	20880	1	1	5	1	1	2	0	16	86	4	24	14478	796	34	4	1	796
10116	20896	1	2	5	1	0	0	1	14	94	5	24	14478	782	0	5	0	780,782
10116	20928	0	1	6	0	2	2	0	16	77	4	24	14478	812	34	4	2	812
10116	20995	2	4	4	1	0	0	3	17	3	2	21	14478	803	0	4	0	180,220,306,716
10116	20997	2	2	4	1	0	0	2	14	86	4	22	25906	717	0	4	0	306,314
10116	20998	1	1	5	1	0	0	2	18	3	2	22	25906	716	0	5	0	716
10116	21001	3	11	3	1	0	0	3	14	86	4	22	14478	803	0	3	0	220,304,306,308,310,312,314,316,318,842,920
10116	21002	2	6	4	1	0	0	3	18	3	2	22	14478	802	0	4	0	712,714,716,718,802,842
10116	21004	2	4	4	1	0	0	2	15	30	4	23	25906	718	0	4	0	706,710,714,718
10116	21009	2	4	4	1	0	0	2	16	13	3	22	25906	713	0	4	0	308,310,316,318
10116	21010	1	2	5	1	0	0	2	20	1	1	22	25906	712	0	5	0	712,714
10116	21012	1	2	5	1	0	0	2	17	76	3	23	25906	714	0	5	0	706,714
10116	21016	2	4	4	1	0	0	2	15	77	4	23	25906	714	0	4	0	706,710,714,718
10116	21025	2	2	4	1	0	0	2	14	86	4	22	25906	713	0	4	0	308,310
10116	21026	2	4	4	1	0	0	3	16	11	3	22	14478	806	0	4	0	712,714,806,838
10116	21028	1	1	5	1	0	0	2	15	86	4	23	25906	714	0	5	0	714
10116	21032	2	4	4	1	0	0	2	15	86	4	23	25906	714	0	4	0	706,710,714,718
10116	21040	1	2	5	1	0	0	2	17	13	3	23	25906	706	0	5	0	706,710
10116	21057	2	8	4	1	0	0	2	18	3	2	22	14478	807	0	4	0	216,294,310,728,790,806,822,854
10116	21058	1	2	5	1	0	0	2	20	1	1	22	14478	806	0	5	0	728,806
10116	21060	2	8	4	1	0	0	3	17	11	3	23	14478	806	0	4	0	714,728,730,788,804,806,820,852
10116	21064	2	13	4	1	0	0	2	19	3	2	23	14478	806	0	4	0	706,714,720,722,728,730,788,804,806,820,852,912,976
10116	21072	1	3	5	1	0	0	1	21	1	1	23	25906	722	0	5	0	706,720,722
10116	21088	1	2	5	1	0	0	1	19	3	2	23	25906	722	0	5	0	722,812
10116	21121	2	9	4	1	0	0	1	17	13	3	23	14478	775	0	4	0	184,248,308,310,440,790,820,822,854
10116	21122	1	4	5	1	0	0	1	21	1	1	23	14478	774	0	5	0	774,790,838,854
10116	21124	1	2	5	1	1	1	0	18	13	3	24	25906	714	32	4	1	714,820
10116	21128	2	13	4	1	0	0	1	18	13	3	24	14478	774	0	4	0	582,590,706,710,714,718,774,788,816,820,838,852,944
10116	21136	1	3	5	1	1	1	0	20	12	2	24	25906	706	32	4	1	590,706,710
10116	21152	2	9	4	1	0	0	3	16	77	4	24	14478	782	0	4	0	590,722,726,780,782,808,812,844,846
10116	21184	0	1	6	0	1	2	0	22	1	1	24	14478	812	34	5	1	812
10116	21249	2	2	4	1	0	0	1	15	86	4	23	14478	839	0	4	0	184,790
10116	21250	1	2	5	1	0	0	1	19	3	2	23	14478	838	0	5	0	790,838
10116	21252	2	5	4	1	0	0	3	16	86	4	24	14478	838	0	4	0	650,666,788,820,838
10116	21256	2	3	4	1	0	0	1	16	86	4	24	14478	838	0	4	0	788,838,944
10116	21264	2	9	4	1	0	0	3	18	13	3	24	14478	846	0	4	0	590,642,646,658,662,688,796,846,944
10116	21280	2	6	4	1	0	0	3	16	30	4	24	14478	846	0	4	0	658,662,780,782,844,846
10116	21312	1	1	5	1	1	3	0	18	11	3	24	14478	812	162	4	1	812
10116	21376	1	2	5	1	0	0	1	17	77	4	25	14478	782	0	5	0	782,812
10116	21507	1	2	5	1	1	2	0	15	13	3	21	25910	587	24	4	1	180,436
10116	21509	2	2	4	1	1	2	0	14	236	5	22	25906	587	24	3	1	436,842
10116	21510	1	2	5	1	1	2	0	16	13	3	22	25906	586	24	4	1	586,842
10116	21513	2	3	4	1	0	0	1	14	236	5	22	25910	591	0	4	0	432,436,842
10116	21514	1	3	5	1	0	0	1	16	13	3	22	25910	590	0	5	0	586,590,842
10116	21516	2	3	4	1	0	0	2	13	94	5	23	25906	590	0	4	0	586,590,840
10116	21521	1	1	5	1	1	1	0	14	77	4	22	25910	591	8	4	1	432
10116	21522	0	1	6	0	1	1	0	18	3	2	22	25910	590	8	5	1	590
10116	21524	1	1	5	1	1	1	0	15	86	4	23	25906	590	8	4	1	590
10116	21528	1	1	5	1	0	0	1	13	94	5	23	25910	590	0	5	0	590
10116	21537	1	1	5	1	1	2	0	14	77	4	22	25910	583	24	4	1	440
10116	21538	1	2	5	1	1	2	0	16	13	3	22	14478	838	384	3	2	582,838
10116	21540	1	1	5	1	1	2	0	15	86	4	23	25906	582	24	4	1	582
10116	21544	1	2	5	1	0	0	1	15	86	4	23	25910	590	0	5	0	582,590
10116	21552	0	1	6	0	1	1	0	17	11	3	23	25910	590	8	5	1	590
10116	21569	1	1	5	1	2	4	0	16	13	3	22	14478	854	418	2	3	854
10116	21570	1	2	5	1	1	2	0	18	12	2	22	25910	598	24	4	1	598,854
10116	21572	1	1	5	1	2	4	0	15	77	4	23	14478	852	418	2	3	852
10116	21576	1	1	5	1	1	3	0	17	13	3	23	25910	852	2066	4	1	852
10116	21584	1	3	5	1	1	1	0	19	3	2	23	25910	606	8	4	1	604,606,860
10116	21600	1	2	5	1	1	2	0	19	3	2	23	25910	590	24	4	1	590,844
10116	21633	2	3	4	1	1	2	0	15	236	5	23	14478	583	2304	2	2	424,440,854
10116	21634	1	2	5	1	1	2	0	17	13	3	23	14478	854	288	3	2	598,854
10116	21636	2	4	4	1	1	2	0	14	94	5	24	14478	582	2304	2	2	582,598,820,852
10116	21640	2	5	4	1	0	0	1	14	94	5	24	25910	606	0	4	0	582,590,598,606,852
10116	21648	1	2	5	1	1	1	0	16	86	4	24	25910	606	8	4	1	590,606
10116	21664	1	1	5	1	1	2	0	14	94	5	24	14478	590	2304	3	2	590
10116	21696	1	2	5	1	2	2	0	18	13	3	24	14478	812	34	3	2	812,876
10116	21761	1	1	5	1	2	3	0	15	77	4	23	14478	790	162	3	2	790
10116	21762	0	1	6	0	2	2	0	19	3	2	23	14478	790	160	4	2	790
10116	21764	1	2	5	1	2	3	0	16	86	4	24	14478	788	162	3	2	788,820
10116	21768	1	1	5	1	1	3	0	16	86	4	24	14478	788	162	3	2	788
10116	21776	1	2	5	1	1	1	0	18	11	3	24	25910	542	8	4	1	542,796
10116	21792	1	3	5	1	1	1	0	18	11	3	24	14478	782	128	4	1	526,780,782
10116	21824	0	1	6	0	3	3	0	18	13	3	24	14478	812	162	3	3	812
10116	21888	1	1	5	1	1	2	0	15	94	5	25	14478	812	34	4	1	812
10116	22017	2	6	4	1	0	0	1	17	13	3	23	25910	667	0	4	0	356,360,372,376,820,918
10116	22018	1	3	5	1	0	0	1	21	1	1	23	25910	666	0	5	0	662,666,918
10116	22020	2	6	4	1	0	0	2	16	77	4	24	25906	666	0	4	0	646,650,662,666,820,916
10116	22024	2	6	4	1	0	0	1	16	77	4	24	25910	670	0	4	0	646,654,662,670,816,916
10116	22032	1	4	5	1	0	0	1	20	3	2	24	25910	662	0	5	0	646,654,662,670
10116	22048	1	2	5	1	0	0	1	18	13	3	24	25910	662	0	5	0	654,662
10116	22080	1	4	5	1	1	3	0	22	1	1	24	14478	812	162	4	1	808,812,936,940
10116	22144	1	3	5	1	1	1	0	19	13	3	25	25910	662	32	4	1	654,662,872
10116	22272	1	2	5	1	1	3	0	19	13	3	25	14478	812	162	4	1	812,872
10116	22531	1	1	5	1	2	3	0	13	86	4	21	14478	587	416	2	3	436
10116	22533	2	4	4	1	1	2	0	14	77	4	22	25906	843	24	3	1	180,436,586,842
10116	22534	1	2	5	1	1	2	0	16	13	3	22	25906	842	24	4	1	586,842
10116	22537	2	4	4	1	1	1	0	14	77	4	22	25910	843	16	3	1	180,436,586,842
10116	22538	1	2	5	1	1	1	0	16	13	3	22	25910	842	16	4	1	586,842
10116	22540	1	2	5	1	1	1	0	17	11	3	23	25906	842	16	4	1	840,842
10116	22545	2	2	4	1	1	2	0	14	236	5	22	25910	591	1032	3	1	432,590
10116	22546	1	1	5	1	1	2	0	14	77	4	22	25910	590	1032	4	1	590
10116	22548	2	6	4	1	0	0	2	15	86	4	23	25906	842	0	4	0	588,590,840,842,844,846
10116	22552	2	4	4	1	0	0	1	13	94	5	23	25910	846	0	4	0	588,590,844,846
10116	22561	1	1	5	1	2	2	0	14	86	4	22	14478	583	384	3	2	440
10116	22562	1	1	5	1	2	2	0	14	86	4	22	14478	582	384	3	2	582
10116	22564	1	2	5	1	1	2	0	17	76	3	23	14478	582	384	3	2	582,838
10116	22568	1	2	5	1	1	1	0	17	76	3	23	25910	838	16	4	1	582,838
10116	22576	1	1	5	1	1	2	0	15	86	4	23	14478	590	384	3	2	590
10116	22593	1	1	5	1	2	4	0	16	13	3	22	14478	598	418	3	2	598
10116	22594	1	1	5	1	2	3	0	16	13	3	22	14478	598	416	3	2	598
10116	22596	1	2	5	1	2	3	0	17	13	3	23	25906	852	26	3	2	596,852
10116	22600	1	3	5	1	2	2	0	19	3	2	23	25906	848	18	3	2	596,848,852
10116	22608	1	1	5	1	2	3	0	17	13	3	23	25910	604	1034	3	2	604
10116	22624	1	2	5	1	1	2	0	19	12	2	23	14478	590	384	4	1	588,590
10116	22657	1	3	5	1	2	1	0	15	77	4	23	14478	583	256	3	2	424,440,598
10116	22658	0	1	6	0	3	2	0	17	13	3	23	14478	598	288	3	3	598
10116	22660	1	3	5	1	2	1	0	18	11	3	24	14478	582	256	3	2	582,596,598
10116	22664	1	3	5	1	2	1	0	18	11	3	24	14478	582	256	3	2	582,596,598
10116	22672	1	3	5	1	2	1	0	16	86	4	24	14478	590	256	3	2	590,604,606
10116	22688	0	1	6	0	2	1	0	16	86	4	24	14478	590	256	4	2	590
10116	22720	0	1	6	0	2	3	0	20	3	2	24	14478	620	290	4	2	620
10116	22785	2	3	4	1	0	0	1	15	236	5	23	14478	583	0	4	0	440,488,534
10116	22786	1	1	5	1	1	2	0	15	77	4	23	14478	534	160	4	1	534
10116	22788	2	7	4	1	0	0	1	16	86	4	24	14478	582	0	4	0	532,534,564,582,788,790,820
10116	22792	2	6	4	1	0	0	1	16	86	4	24	14478	582	0	4	0	532,534,582,788,790,816
10116	22800	2	3	4	1	0	0	1	14	94	5	24	14478	590	0	4	0	540,542,590
10116	22816	1	2	5	1	0	0	1	16	86	4	24	14478	590	0	5	0	526,590
10116	22848	1	1	5	1	1	3	0	16	77	4	24	14478	556	162	4	1	556
10116	22912	1	3	5	1	0	0	1	15	94	5	25	14478	526	0	5	0	526,556,558
10116	23041	2	5	4	1	0	0	1	17	13	3	23	14478	583	0	4	0	312,360,376,440,662
10116	23042	1	1	5	1	1	3	0	19	3	2	23	14478	662	416	4	1	662
10116	23044	2	14	4	1	0	0	3	18	13	3	24	14478	582	0	4	0	582,646,660,662,710,898,902,906,912,914,916,918,920,922
10116	23048	2	13	4	1	0	0	1	18	13	3	24	14478	582	0	4	0	582,646,660,662,710,816,898,902,912,914,916,918,944
10116	23056	2	13	4	1	0	0	3	18	13	3	24	14478	590	0	4	0	590,654,668,670,718,816,898,902,912,914,916,918,944
10116	23072	1	1	5	1	1	2	0	18	76	3	24	14478	654	384	4	1	654
10116	23104	1	5	5	1	0	0	1	22	1	1	24	14478	590	0	5	0	590,684,928,936,944
10116	23168	0	1	6	0	1	1	0	21	3	2	25	14478	654	256	5	1	654
10116	23296	1	1	5	1	0	0	1	17	77	4	25	14478	654	0	5	0	654
10116	23553	1	2	5	1	2	2	0	15	236	5	23	25910	663	24	3	2	360,662
10116	23554	0	1	6	0	2	2	0	15	77	4	23	25910	662	24	4	2	662
10116	23556	1	2	5	1	2	2	0	14	94	5	24	25906	662	24	3	2	660,662
10116	23560	1	2	5	1	1	1	0	14	94	5	24	25910	662	16	4	1	660,662
10116	23568	1	2	5	1	1	1	0	14	94	5	24	25910	670	8	4	1	668,670
10116	23584	0	1	6	0	2	2	0	16	86	4	24	14478	654	384	3	3	654
10116	23616	0	1	6	0	3	3	0	18	13	3	24	25910	684	26	3	3	684
10116	23680	1	3	5	1	2	1	0	15	94	5	25	14478	654	256	3	2	654,684,686
10116	23808	1	2	5	1	1	2	0	15	94	5	25	14478	558	160	4	1	556,558
10116	24064	1	3	5	1	1	2	0	19	13	3	25	14478	782	384	4	1	782,812,814
10116	24583	1	1	5	1	0	0	2	14	13	3	20	25906	166	0	5	0	166
10116	24587	1	1	5	1	0	0	1	14	13	3	20	25910	167	0	5	0	856
10116	24589	1	1	5	1	0	0	2	13	77	4	21	25906	167	0	5	0	856
10116	24590	0	1	6	0	1	1	0	17	3	2	21	25906	167	1	5	1	856
10116	24595	2	2	4	1	0	0	1	14	13	3	20	25910	165	0	4	0	856,858
10116	24597	2	2	4	1	0	0	2	13	86	4	21	25906	165	0	4	0	856,858
10116	24598	1	2	5	1	1	1	0	17	12	2	21	25906	165	1	4	1	856,858
10116	24601	2	1	4	1	0	0	1	13	236	5	21	25910	167	0	4	0	856
10116	24602	1	1	5	1	1	1	0	15	13	3	21	25910	167	1	4	1	856
10116	24604	1	1	5	1	1	1	0	14	86	4	22	25906	167	1	4	1	856
10116	24611	2	3	4	1	0	0	2	14	76	3	20	14478	787	0	4	0	228,236,858
10116	24613	1	2	5	1	0	0	2	15	13	3	21	25906	165	0	5	0	794,858
10116	24614	1	2	5	1	1	1	0	17	12	2	21	14478	794	64	4	1	794,858
10116	24617	1	1	5	1	0	0	1	15	13	3	21	25910	167	0	5	0	856
10116	24618	1	1	5	1	1	1	0	17	12	2	21	25910	167	1	4	1	856
10116	24620	0	1	6	0	1	1	0	18	3	2	22	25906	167	1	5	1	856
10116	24625	2	3	4	1	0	0	1	15	13	3	21	25910	163	0	4	0	798,856,860
10116	24626	2	4	4	1	0	0	1	17	12	2	21	14478	790	0	4	0	790,798,856,860
10116	24628	1	3	5	1	1	1	0	18	12	2	22	25906	163	1	4	1	796,856,860
10116	24632	1	1	5	1	1	1	0	16	13	3	22	25910	167	1	4	1	856
10116	24643	2	3	4	1	0	0	3	12	86	4	20	14478	787	0	4	0	172,236,850
10116	24645	2	2	4	1	0	0	2	13	236	5	21	25906	173	0	4	0	172,850
10116	24646	1	1	5	1	1	1	0	13	77	4	21	14478	850	512	4	1	850
10116	24649	2	4	4	1	0	0	2	13	86	4	21	25906	173	0	4	0	172,174,848,850
10116	24650	1	2	5	1	1	1	0	15	76	3	21	14478	850	512	4	1	848,850
10116	24652	1	2	5	1	1	1	0	14	86	4	22	14478	850	512	3	2	848,850
10116	24657	3	12	3	1	0	0	3	13	77	4	21	14478	791	0	3	0	168,170,172,174,232,302,790,798,848,850,852,854
10116	24658	2	5	4	1	0	0	1	15	13	3	21	14478	790	0	4	0	790,848,850,852,854
10116	24660	2	4	4	1	1	1	0	14	86	4	22	14478	854	512	3	1	848,850,852,854
10116	24664	2	4	4	1	1	1	0	14	86	4	22	14478	854	512	3	1	848,850,852,854
10116	24673	1	1	5	1	1	1	0	15	13	3	21	14478	790	2	4	1	790
10116	24674	1	1	5	1	0	0	1	15	13	3	21	14478	790	0	5	0	790
10116	24676	1	2	5	1	1	1	0	16	13	3	22	14478	788	2	4	1	788,852
10116	24680	1	3	5	1	1	1	0	18	12	2	22	14478	788	2	4	1	788,848,852
10116	24688	1	1	5	1	1	1	0	18	3	2	22	14478	796	2	4	1	796
10116	24707	2	1	4	1	0	0	1	13	30	4	21	25910	173	0	4	0	850
10116	24709	2	2	4	1	0	0	2	12	94	5	22	25906	173	0	4	0	794,850
10116	24710	1	1	5	1	1	1	0	16	13	3	22	25906	173	1	4	1	850
10116	24713	2	1	4	1	0	0	1	12	94	5	22	25910	175	0	4	0	848
10116	24714	1	1	5	1	1	1	0	16	13	3	22	25910	175	1	4	1	848
10116	24716	1	1	5	1	1	1	0	15	77	4	23	25906	175	1	4	1	848
10116	24721	3	6	3	1	0	0	1	12	94	5	22	25910	171	0	3	0	302,472,798,848,852,976
10116	24722	2	4	4	1	1	1	0	16	13	3	22	25910	171	1	3	1	720,848,852,976
10116	24724	2	3	4	1	1	1	0	15	86	4	23	25906	171	1	3	1	796,848,852
10116	24728	2	1	4	1	1	1	0	15	236	5	23	25910	175	1	3	1	848
10116	24737	2	2	4	1	0	0	1	12	94	5	22	25910	171	0	4	0	790,852
10116	24738	2	4	4	1	0	0	1	14	77	4	22	14478	774	0	4	0	774,790,806,852
10116	24740	1	2	5	1	1	1	0	15	77	4	23	25906	171	1	4	1	788,852
10116	24744	1	1	5	1	1	1	0	15	77	4	23	25910	175	1	4	1	848
10116	24752	2	5	4	1	1	1	0	15	77	4	23	25910	167	1	3	1	558,796,848,856,976
10116	24769	2	1	4	1	1	2	0	12	94	5	22	14478	790	34	3	1	790
10116	24770	2	4	4	1	0	0	1	14	86	4	22	14478	774	0	4	0	774,790,836,838
10116	24772	2	3	4	1	1	1	0	15	236	5	23	14478	838	512	3	1	788,836,838
10116	24776	2	5	4	1	1	1	0	15	86	4	23	14478	838	512	3	1	788,832,834,836,838
10116	24784	2	2	4	1	1	2	0	15	77	4	23	14478	796	34	3	1	706,796
10116	24800	1	1	5	1	1	1	0	15	77	4	23	14478	780	2	4	1	780
10116	24835	1	1	5	1	0	0	1	17	3	2	21	14478	803	0	5	0	220
10116	24837	2	6	4	1	0	0	3	16	13	3	22	14478	803	0	4	0	156,220,794,818,826,882
10116	24838	1	4	5	1	0	0	1	20	1	1	22	14478	802	0	5	0	802,818,866,882
10116	24841	2	3	4	1	0	0	2	16	13	3	22	14478	803	0	4	0	156,220,880
10116	24842	1	3	5	1	0	0	1	20	1	1	22	14478	802	0	5	0	802,866,880
10116	24844	1	2	5	1	1	1	0	19	3	2	23	14478	866	512	4	1	866,880
10116	24849	2	2	4	1	0	0	1	16	13	3	22	14478	807	0	4	0	216,472
10116	24850	1	1	5	1	0	0	1	20	1	1	22	14478	806	0	5	0	806
10116	24852	2	13	4	1	0	0	1	19	12	2	23	14478	806	0	4	0	550,610,614,706,738,796,806,820,828,866,870,880,884
10116	24856	2	5	4	1	0	0	1	17	13	3	23	14478	806	0	4	0	550,614,806,870,880
10116	24865	1	3	5	1	0	0	1	18	3	2	22	14478	807	0	5	0	216,806,822
10116	24866	0	1	6	0	0	0	1	20	1	1	22	14478	806	0	6	0	806
10116	24868	0	1	6	0	1	2	0	21	1	1	23	14478	820	66	5	1	820
10116	24872	1	4	5	1	0	0	1	21	1	1	23	14478	806	0	5	0	804,806,820,880
10116	24880	1	4	5	1	0	0	1	21	1	1	23	14478	814	0	5	0	558,812,814,828
10116	24897	2	4	4	1	0	0	1	14	86	4	22	14478	807	0	4	0	216,790,806,822
10116	24898	1	1	5	1	0	0	1	16	11	3	22	14478	806	0	5	0	806
10116	24900	2	6	4	1	0	0	1	15	77	4	23	14478	806	0	4	0	788,804,806,820,868,870
10116	24904	2	8	4	1	0	0	1	17	76	3	23	14478	806	0	4	0	788,804,806,820,864,866,868,870
10116	24912	2	7	4	1	0	0	1	17	13	3	23	14478	814	0	4	0	558,706,738,796,812,814,828
10116	24928	0	1	6	0	1	1	0	19	3	2	23	14478	812	2	5	1	812
10116	24961	2	3	4	1	0	0	1	13	94	5	23	14478	775	0	4	0	248,790,822
10116	24962	1	2	5	1	0	0	1	17	11	3	23	14478	774	0	5	0	774,790
10116	24964	1	1	5	1	1	3	0	16	77	4	24	14478	820	98	4	1	820
10116	24968	2	5	4	1	0	0	1	16	77	4	24	14478	774	0	4	0	774,788,820,838,864
10116	24976	2	6	4	1	0	0	1	16	77	4	24	14478	782	0	4	0	526,706,738,782,796,828
10116	24992	1	3	5	1	0	0	1	16	75	4	24	14478	782	0	5	0	780,782,812
10116	25024	1	1	5	1	1	2	0	14	94	5	24	14478	812	34	4	1	812
10116	25091	1	3	5	1	0	0	3	15	13	3	21	14478	803	0	5	0	204,220,818
10116	25093	1	1	5	1	0	0	2	14	236	5	22	25906	205	0	5	0	818
10116	25094	0	1	6	0	1	1	0	16	13	3	22	14478	818	64	5	1	818
10116	25097	2	3	4	1	0	0	3	14	236	5	22	14478	803	0	4	0	220,816,818
10116	25098	1	3	5	1	0	0	1	16	13	3	22	14478	802	0	5	0	802,816,818
10116	25100	1	1	5	1	1	1	0	13	94	5	23	25906	207	1	4	1	816
10116	25105	2	3	4	1	0	0	3	14	77	4	22	14478	807	0	4	0	216,820,822
10116	25106	1	3	5	1	0	0	1	18	3	2	22	14478	806	0	5	0	806,820,822
10116	25108	1	1	5	1	1	1	0	15	86	4	23	25906	203	1	4	1	820
10116	25112	2	3	4	1	0	0	1	13	94	5	23	14478	806	0	4	0	806,816,820
10116	25121	1	2	5	1	0	0	2	14	86	4	22	25906	201	0	5	0	820,822
10116	25122	1	3	5	1	0	0	1	16	13	3	22	14478	806	0	5	0	806,820,822
10116	25124	0	1	6	0	1	1	0	15	77	4	23	25906	203	1	5	1	820
10116	25128	1	2	5	1	1	1	0	15	77	4	23	25906	203	1	4	1	816,820
10116	25136	1	2	5	1	1	1	0	17	13	3	23	25906	195	1	4	1	824,828
10116	25153	1	2	5	1	0	0	2	14	77	4	22	14478	807	0	5	0	216,806
10116	25154	0	1	6	0	0	0	1	16	13	3	22	14478	806	0	6	0	806
10116	25156	1	2	5	1	0	0	1	13	94	5	23	14478	806	0	5	0	804,806
10116	25160	1	2	5	1	0	0	1	15	86	4	23	14478	806	0	5	0	804,806
10116	25168	1	2	5	1	0	0	1	17	11	3	23	14478	814	0	5	0	812,814
10116	25184	0	1	6	0	1	1	0	17	13	3	23	14478	812	2	5	1	812
10116	25217	2	5	4	1	0	0	3	13	94	5	23	14478	775	0	4	0	248,804,806,820,822
10116	25218	1	3	5	1	0	0	1	17	13	3	23	14478	774	0	5	0	774,804,806
10116	25220	1	2	5	1	1	1	0	16	236	5	24	25906	219	1	4	1	804,820
10116	25224	2	5	4	1	0	0	1	16	236	5	24	14478	774	0	4	0	774,800,804,816,820
10116	25232	2	6	4	1	0	0	1	16	77	4	24	14478	782	0	4	0	590,782,808,812,824,828
10116	25248	1	2	5	1	1	1	0	14	94	5	24	25906	211	1	4	1	808,812
10116	25280	1	3	5	1	0	0	1	16	77	4	24	14478	782	0	5	0	780,782,812
10116	25345	1	1	5	1	0	0	1	15	86	4	23	14478	839	0	5	0	184
10116	25346	0	1	6	0	0	0	1	19	3	2	23	14478	838	0	6	0	838
10116	25348	1	2	5	1	0	0	1	16	77	4	24	14478	838	0	5	0	838,868
10116	25352	1	1	5	1	0	0	1	16	77	4	24	14478	838	0	5	0	838
10116	25360	1	2	5	1	0	0	1	18	13	3	24	14478	846	0	5	0	590,846
10116	25376	1	4	5	1	0	0	1	18	11	3	24	14478	846	0	5	0	844,846,872,876
10116	25408	1	2	5	1	0	0	1	16	30	4	24	14478	846	0	5	0	844,846
10116	25472	1	1	5	1	0	0	1	15	94	5	25	14478	782	0	5	0	782
10116	25603	1	2	5	1	0	0	1	17	3	2	21	25910	77	0	5	0	944,946
10116	25605	2	2	4	1	0	0	2	14	86	4	22	25906	77	0	4	0	944,946
10116	25606	1	2	5	1	1	1	0	18	3	2	22	25906	77	1	4	1	944,946
10116	25609	1	1	5	1	0	0	1	14	86	4	22	25910	79	0	5	0	944
10116	25610	0	1	6	0	1	1	0	18	3	2	22	25910	79	1	5	1	944
10116	25612	1	1	5	1	1	1	0	15	30	4	23	25906	79	1	4	1	944
10116	25617	1	1	5	1	1	1	0	16	13	3	22	25910	79	8	4	1	944
10116	25618	0	1	6	0	2	2	0	20	1	1	22	25910	79	9	4	2	944
10116	25620	1	1	5	1	2	2	0	17	76	3	23	25906	79	9	3	2	944
10116	25624	1	1	5	1	1	1	0	15	77	4	23	25910	79	1	4	1	944
10116	25633	1	2	5	1	0	0	1	18	3	2	22	25910	75	0	5	0	944,948
10116	25634	1	2	5	1	1	1	0	20	1	1	22	25910	75	1	4	1	944,948
10116	25636	1	3	5	1	1	1	0	19	3	2	23	25906	75	1	4	1	820,944,948
10116	25640	0	1	6	0	1	1	0	19	3	2	23	25910	79	1	5	1	944
10116	25648	0	1	6	0	2	2	0	21	1	1	23	25910	79	9	4	2	944
10116	25665	2	5	4	1	0	0	1	16	13	3	22	25910	91	0	4	0	90,94,342,928,932
10116	25666	1	2	5	1	1	1	0	18	3	2	22	25910	91	1	4	1	928,932
10116	25668	2	5	4	1	1	1	0	15	77	4	23	14478	934	512	3	1	682,928,930,932,934
10116	25672	1	2	5	1	1	1	0	17	76	3	23	25910	95	1	4	1	928,930
10116	25680	1	3	5	1	2	2	0	19	3	2	23	25910	95	9	3	2	674,928,930
10116	25696	1	3	5	1	1	1	0	21	1	1	23	14478	812	2	4	1	812,928,936
10116	25729	2	2	4	1	0	0	1	13	94	5	23	25910	91	0	4	0	928,932
10116	25730	1	2	5	1	1	1	0	17	11	3	23	25910	91	1	4	1	928,932
10116	25732	2	3	4	1	1	1	0	14	94	5	24	25906	91	1	3	1	820,928,932
10116	25736	1	1	5	1	1	1	0	14	94	5	24	25910	95	1	4	1	928
10116	25744	1	1	5	1	2	2	0	16	77	4	24	25910	95	9	3	2	928
10116	25760	1	2	5	1	1	1	0	16	75	4	24	25910	87	1	4	1	928,936
10116	25792	2	6	4	1	1	1	0	16	77	4	24	25910	119	1	3	1	658,812,896,898,904,906
10116	25857	2	10	4	1	0	0	2	19	3	2	23	14478	839	0	4	0	184,278,308,310,440,790,820,822,992,996
10116	25858	1	5	5	1	0	0	1	23	0	0	23	14478	838	0	5	0	744,790,838,992,996
10116	25860	1	2	5	1	1	4	0	20	3	2	24	14478	714	2584	4	1	714,820
10116	25864	1	1	5	1	1	1	0	20	3	2	24	25910	31	1	4	1	992
10116	25872	1	5	5	1	1	1	0	22	1	1	24	14478	590	2048	4	1	590,706,710,738,992
10116	25888	1	14	5	1	0	0	1	24	0	0	24	14478	846	0	5	0	526,590,780,782,808,812,844,846,872,876,928,936,992,1000
10116	25920	1	2	5	1	1	3	0	20	3	2	24	14478	812	162	4	1	722,812
10116	25984	2	10	4	1	0	0	1	17	75	4	25	14478	782	0	4	0	526,658,662,722,782,812,872,876,960,968
10116	26113	1	1	5	1	0	0	1	17	13	3	23	25910	155	0	5	0	868
10116	26114	0	1	6	0	1	1	0	21	1	1	23	25910	155	1	5	1	868
10116	26116	1	1	5	1	1	1	0	16	77	4	24	25906	155	1	4	1	868
10116	26120	1	1	5	1	1	1	0	16	77	4	24	25910	159	1	4	1	864
10116	26128	1	2	5	1	1	1	0	20	3	2	24	25910	151	1	4	1	864,872
10116	26144	0	1	6	0	1	1	0	20	3	2	24	25910	151	1	5	1	872
10116	26176	1	4	5	1	0	0	1	20	3	2	24	14478	846	0	5	0	840,842,844,846
10116	26240	1	2	5	1	1	1	0	17	77	4	25	25910	183	1	4	1	840,872
10116	26368	1	5	5	1	0	0	1	21	3	2	25	14478	910	0	5	0	654,662,872,910,968
10116	26627	2	1	4	1	0	0	1	13	86	4	21	25910	333	0	4	0	690
10116	26629	2	3	4	1	0	0	2	14	77	4	22	25906	333	0	4	0	332,348,690
10116	26630	1	1	5	1	1	1	0	16	13	3	22	25906	333	1	4	1	690
10116	26633	2	3	4	1	0	0	1	14	77	4	22	25910	335	0	4	0	334,348,688
10116	26634	1	1	5	1	1	1	0	16	13	3	22	25910	335	1	4	1	688
10116	26636	1	3	5	1	1	1	0	17	11	3	23	14478	674	512	3	2	674,688,690
10116	26641	3	10	3	1	0	0	2	14	236	5	22	14478	551	0	3	0	78,330,334,344,348,408,472,688,692,944
10116	26642	2	3	4	1	1	1	0	14	77	4	22	25910	331	1	3	1	688,692,944
10116	26644	2	6	4	1	1	1	0	15	86	4	23	14478	678	512	3	1	674,678,688,690,692,694
10116	26648	2	3	4	1	1	1	0	13	94	5	23	14478	678	512	3	1	678,688,690
10116	26657	2	5	4	1	0	0	2	16	13	3	22	14478	551	0	4	0	408,440,472,566,692
10116	26658	2	5	4	1	0	0	1	16	13	3	22	14478	550	0	4	0	550,566,582,614,692
10116	26660	1	2	5	1	1	1	0	19	3	2	23	25906	331	1	4	1	564,692
10116	26664	1	1	5	1	1	1	0	19	3	2	23	25910	335	1	4	1	688
10116	26672	2	8	4	1	0	0	1	17	13	3	23	14478	558	0	4	0	558,572,590,622,688,696,912,944
10116	26689	2	3	4	1	0	0	1	14	86	4	22	14478	551	0	4	0	344,346,472
10116	26690	2	3	4	1	0	0	1	14	86	4	22	14478	550	0	4	0	550,676,678
10116	26692	1	1	5	1	1	1	0	15	86	4	23	14478	678	512	4	1	678
10116	26696	1	2	5	1	1	1	0	17	76	3	23	14478	678	512	4	1	674,678
10116	26704	2	6	4	1	0	0	1	15	86	4	23	14478	558	0	4	0	558,674,678,682,686,930
10116	26720	1	2	5	1	0	0	1	19	12	2	23	14478	558	0	5	0	556,558
10116	26753	2	1	4	1	1	1	0	13	94	5	23	14478	583	256	3	1	440
10116	26754	2	5	4	1	1	1	0	15	86	4	23	14478	582	256	3	1	582,598,676,928,936
10116	26756	2	5	4	1	1	1	0	16	77	4	24	14478	582	256	3	1	564,582,646,676,678
10116	26760	2	6	4	1	1	1	0	16	77	4	24	14478	582	256	3	1	582,646,672,674,928,930
10116	26768	2	3	4	1	1	1	0	16	236	5	24	14478	590	256	3	1	590,928,930
10116	26784	1	1	5	1	1	1	0	16	77	4	24	14478	590	256	4	1	590
10116	26816	2	8	4	1	0	0	1	16	86	4	24	14478	526	0	4	0	526,556,590,620,650,654,898,914
10116	26881	1	1	5	1	0	0	1	15	86	4	23	14478	583	0	5	0	440
10116	26882	1	1	5	1	0	0	1	17	11	3	23	14478	582	0	5	0	582
10116	26884	1	2	5	1	0	0	1	18	13	3	24	14478	582	0	5	0	582,710
10116	26888	1	2	5	1	0	0	1	18	13	3	24	14478	582	0	5	0	582,710
10116	26896	1	1	5	1	0	0	1	16	77	4	24	14478	590	0	5	0	590
10116	26912	0	1	6	0	0	0	1	20	3	2	24	14478	590	0	6	0	590
10116	26944	1	1	5	1	0	0	1	16	86	4	24	14478	590	0	5	0	590
10116	27008	1	1	5	1	0	0	1	15	94	5	25	14478	526	0	5	0	526
10116	27137	1	1	5	1	0	0	1	15	86	4	23	14478	583	0	5	0	440
10116	27138	1	3	5	1	0	0	1	17	76	3	23	14478	582	0	5	0	582,612,614
10116	27140	1	3	5	1	0	0	1	16	86	4	24	14478	582	0	5	0	582,612,614
10116	27144	1	1	5	1	0	0	1	16	86	4	24	14478	582	0	5	0	582
10116	27152	1	1	5	1	0	0	1	16	86	4	24	14478	590	0	5	0	590
10116	27168	1	3	5	1	0	0	1	18	76	3	24	14478	590	0	5	0	590,616,620
10116	27200	0	1	6	0	0	0	1	18	76	3	24	14478	590	0	6	0	590
10116	27264	1	2	5	1	0	0	1	17	86	4	25	14478	526	0	5	0	526,654
10116	27392	0	1	6	0	0	0	1	17	86	4	25	14478	654	0	6	0	654
10116	27649	2	6	4	1	0	0	1	15	86	4	23	25910	155	0	4	0	150,154,158,864,868,872
10116	27650	1	3	5	1	1	1	0	17	11	3	23	25910	155	1	4	1	864,868,872
10116	27652	2	9	4	1	1	1	0	16	30	4	24	14478	838	512	3	1	834,838,842,864,866,868,870,872,874
10116	27656	1	2	5	1	1	1	0	16	30	4	24	25910	159	1	4	1	864,866
10116	27664	1	2	5	1	2	2	0	16	77	4	24	25910	159	9	3	2	864,866
10116	27680	1	4	5	1	1	1	0	20	3	2	24	25910	151	1	4	1	654,864,872,880
10116	27712	1	3	5	1	1	2	0	18	76	3	24	14478	842	516	4	1	834,842,850
10116	27776	2	7	4	1	1	1	0	15	94	5	25	14478	654	256	3	1	654,832,834,840,842,848,850
10116	27904	1	1	5	1	0	0	1	19	11	3	25	14478	654	0	5	0	654
10116	28160	1	3	5	1	0	0	1	19	76	3	25	14478	654	0	5	0	654,712,714
10116	28675	2	2	4	1	0	0	1	15	11	3	21	25910	333	0	4	0	436,690
10116	28677	2	2	4	1	0	0	2	14	77	4	22	25906	333	0	4	0	570,690
10116	28678	1	2	5	1	0	0	2	20	1	1	22	25906	332	0	5	0	332,690
10116	28681	2	1	4	1	0	0	1	14	77	4	22	25910	335	0	4	0	688
10116	28682	1	2	5	1	0	0	1	20	1	1	22	25910	334	0	5	0	334,688
10116	28684	1	2	5	1	0	0	2	19	3	2	23	25906	334	0	5	0	334,688
10116	28689	3	6	3	1	0	0	1	12	94	5	22	25910	331	0	3	0	574,590,688,692,920,944
10116	28690	2	8	4	1	0	0	1	18	3	2	22	25910	330	0	4	0	78,330,334,432,590,688,692,944
10116	28692	2	6	4	1	0	0	2	17	76	3	23	25906	330	0	4	0	330,334,450,572,688,692
10116	28696	2	2	4	1	0	0	1	15	77	4	23	25910	334	0	4	0	334,688
10116	28705	2	2	4	1	0	0	1	14	77	4	22	25910	331	0	4	0	566,692
10116	28706	2	10	4	1	0	0	2	18	3	2	22	14478	550	0	4	0	330,408,440,456,472,550,566,582,614,692
10116	28708	1	4	5	1	0	0	2	19	12	2	23	25906	330	0	5	0	330,458,564,692
10116	28712	1	2	5	1	0	0	1	19	12	2	23	25910	334	0	5	0	334,688
10116	28720	2	10	4	1	0	0	1	17	13	3	23	25910	326	0	4	0	78,110,326,334,450,572,688,696,912,944
10116	28737	2	2	4	1	1	2	0	14	77	4	22	14478	566	34	3	1	566,598
10116	28738	2	10	4	1	0	0	3	18	3	2	22	14478	550	0	4	0	344,346,424,456,472,550,566,598,676,678
10116	28740	2	8	4	1	0	0	2	17	13	3	23	25906	346	0	4	0	344,346,426,458,564,596,676,678
10116	28744	2	12	4	1	0	0	2	19	12	2	23	25906	346	0	4	0	344,346,348,350,426,458,564,596,672,674,676,678
10116	28752	2	4	4	1	1	2	0	17	13	3	23	14478	572	34	3	1	418,450,572,604
10116	28768	1	2	5	1	1	1	0	19	12	2	23	14478	556	2	4	1	466,556
10116	28801	2	2	4	1	1	2	0	13	94	5	23	25906	457	544	2	2	566,598
10116	28802	1	2	5	1	1	2	0	19	3	2	23	14478	598	288	3	2	424,598
10116	28804	1	2	5	1	1	2	0	18	13	3	24	25906	458	544	4	1	458,564
10116	28808	2	12	4	1	0	0	1	18	13	3	24	25910	350	0	4	0	78,94,334,350,426,458,564,596,672,688,928,944
10116	28816	2	8	4	1	1	2	0	16	86	4	24	14478	78	2304	2	2	78,94,418,450,572,604,928,944
10116	28832	2	12	4	1	0	0	1	16	77	4	24	25910	342	0	4	0	78,94,342,432,434,466,556,588,590,680,928,944
10116	28864	1	4	5	1	2	2	0	18	13	3	24	14478	556	34	3	2	402,466,556,620
10116	28929	2	5	4	1	0	0	1	15	77	4	23	14478	583	0	4	0	440,534,566,598,630
10116	28930	1	6	5	1	0	0	1	21	1	1	23	14478	582	0	5	0	424,440,488,534,582,598
10116	28932	1	4	5	1	1	2	0	20	12	2	24	25906	394	544	4	1	394,458,564,628
10116	28936	2	18	4	1	0	0	2	20	12	2	24	14478	582	0	4	0	78,206,286,312,394,426,440,458,490,532,564,582,596,628,710,736,816,944
10116	28944	2	12	4	1	0	0	1	18	13	3	24	14478	590	0	4	0	78,386,418,432,450,482,540,572,590,604,636,944
10116	28960	1	6	5	1	0	0	1	20	3	2	24	14478	590	0	5	0	402,432,434,588,590,620
10116	28992	1	4	5	1	1	2	0	18	13	3	24	14478	620	34	4	1	402,466,556,620
10116	29056	1	4	5	1	1	2	0	17	77	4	25	14478	556	34	4	1	402,466,556,620
10116	29185	2	5	4	1	0	0	3	15	77	4	23	14478	583	0	4	0	440,612,614,628,630
10116	29186	1	6	5	1	0	0	3	21	1	1	23	14478	582	0	5	0	408,410,440,582,612,614
10116	29188	1	4	5	1	0	0	2	18	13	3	24	25906	410	0	5	0	394,410,612,628
10116	29192	2	12	4	1	0	0	3	18	13	3	24	14478	582	0	4	0	206,394,398,410,414,440,582,608,612,624,628,816
10116	29200	2	12	4	1	0	0	3	18	13	3	24	14478	590	0	4	0	206,386,390,402,406,432,590,616,620,632,636,816
10116	29216	1	4	5	1	0	0	2	18	13	3	24	25906	402	0	5	0	402,406,616,620
10116	29248	1	6	5	1	0	0	2	20	3	2	24	14478	590	0	5	0	402,432,434,588,590,620
10116	29312	1	4	5	1	1	1	0	19	13	3	25	25906	402	32	4	1	402,406,616,620
10116	29440	1	2	5	1	0	0	1	19	13	3	25	14478	654	0	5	0	368,654
10116	29697	2	4	4	1	0	0	1	15	77	4	23	25910	155	0	4	0	662,864,868,872
10116	29698	1	8	5	1	0	0	1	21	1	1	23	25910	154	0	5	0	150,154,158,360,662,864,868,872
10116	29700	2	14	4	1	0	0	2	18	13	3	24	25906	154	0	4	0	150,154,158,330,362,394,458,564,628,660,692,864,868,872
10116	29704	1	2	5	1	0	0	1	18	13	3	24	25910	158	0	5	0	158,864
10116	29712	1	2	5	1	1	1	0	18	13	3	24	25910	158	8	4	1	158,864
10116	29728	1	6	5	1	0	0	1	20	3	2	24	25910	150	0	5	0	142,150,158,864,872,880
10116	29760	1	2	5	1	1	4	0	20	12	2	24	14478	684	418	3	2	338,684
10116	29824	2	18	4	1	0	0	1	17	77	4	25	25910	182	0	4	0	142,150,158,174,182,190,338,402,406,616,620,684,832,840,848,864,872,880
10116	29952	1	6	5	1	1	3	0	21	3	2	25	14478	556	162	4	1	402,406,466,556,616,620
10116	30208	1	6	5	1	0	0	1	21	12	2	25	25910	310	0	5	0	278,310,406,616,712,744
10116	30721	2	3	4	1	1	1	0	15	77	4	23	14478	199	256	3	1	150,824,872
10116	30722	1	2	5	1	1	3	0	19	3	2	23	14478	150	416	3	2	150,872
10116	30724	2	22	4	1	0	0	2	20	3	2	24	25906	666	0	4	0	116,148,150,180,198,326,330,356,358,360,362,660,662,664,666,692,696,824,842,872,874,906
10116	30728	2	24	4	1	0	0	1	20	3	2	24	25910	670	0	4	0	148,150,156,158,198,206,326,334,352,354,360,362,660,662,668,670,688,696,816,824,864,866,872,874
10116	30736	2	6	4	1	1	1	0	16	77	4	24	14478	206	256	3	1	156,158,206,816,864,866
10116	30752	1	4	5	1	1	1	0	20	12	2	24	14478	206	256	4	1	142,206,816,880
10116	30784	1	2	5	1	1	4	0	20	12	2	24	14478	172	418	4	1	172,850
10116	30848	1	6	5	1	2	1	0	19	13	3	25	14478	142	256	3	2	142,172,174,848,850,880
10116	30976	1	2	5	1	0	0	1	19	13	3	25	14478	142	0	5	0	142,880
10116	31232	1	4	5	1	0	0	1	21	12	2	25	14478	142	0	5	0	142,398,624,880
10116	31744	1	4	5	1	1	2	0	19	13	3	25	25910	302	24	4	1	300,302,720,722
