id	Y_mask	dH	optH_count	q	good	delta_min	rho	compatible_optG	ell	Y_type	Y_edges	degree_sum	f_witness	h_witness_local	S_mask	R_witness	Delta_witness	optH_masks_local
108	31	1	2	0	1	0	0	1	20	0	0	20	31744	992	0	0	0	928,992
108	47	1	2	0	1	0	0	1	20	0	0	20	31744	992	0	0	0	928,992
108	55	1	2	0	1	0	0	1	20	0	0	20	31744	992	0	0	0	928,992
108	59	1	2	0	1	0	0	1	20	0	0	20	31744	992	0	0	0	928,992
108	61	1	2	0	1	0	0	1	20	0	0	20	31744	992	0	0	0	928,992
108	62	0	1	1	1	1	1	0	20	0	0	20	31744	928	2048	0	1	928
108	79	1	1	0	1	0	0	1	20	0	0	20	31744	992	0	0	0	992
108	87	1	1	0	1	0	0	1	20	0	0	20	31744	992	0	0	0	992
108	91	1	1	0	1	0	0	1	20	0	0	20	31744	992	0	0	0	992
108	93	1	1	0	1	0	0	1	20	0	0	20	31744	992	0	0	0	992
108	94	1	2	0	1	0	0	1	20	0	0	20	31744	992	0	0	0	928,992
108	103	1	1	0	1	0	0	1	20	0	0	20	31744	992	0	0	0	992
108	107	1	1	0	1	0	0	1	20	0	0	20	31744	992	0	0	0	992
108	109	1	1	0	1	0	0	1	20	0	0	20	31744	992	0	0	0	992
108	110	1	2	0	1	0	0	1	20	0	0	20	31744	992	0	0	0	928,992
108	115	1	1	0	1	0	0	1	20	0	0	20	31744	992	0	0	0	992
108	117	1	1	0	1	0	0	1	20	0	0	20	31744	992	0	0	0	992
108	118	1	2	0	1	0	0	1	20	0	0	20	31744	992	0	0	0	928,992
108	121	1	1	0	1	0	0	1	20	0	0	20	31744	992	0	0	0	992
108	122	1	2	0	1	0	0	1	20	0	0	20	31744	992	0	0	0	928,992
108	124	1	2	0	1	0	0	1	20	0	0	20	31744	992	0	0	0	928,992
108	143	1	1	0	1	0	0	1	20	0	0	20	31744	992	0	0	0	992
108	151	1	1	0	1	0	0	1	20	0	0	20	31744	992	0	0	0	992
108	155	1	1	0	1	0	0	1	20	0	0	20	31744	992	0	0	0	992
108	157	1	1	0	1	0	0	1	20	0	0	20	31744	992	0	0	0	992
108	158	1	2	0	1	0	0	1	20	0	0	20	31744	992	0	0	0	928,992
108	167	1	1	0	1	0	0	1	20	0	0	20	31744	992	0	0	0	992
108	171	1	1	0	1	0	0	1	20	0	0	20	31744	992	0	0	0	992
108	173	1	1	0	1	0	0	1	20	0	0	20	31744	992	0	0	0	992
108	174	1	2	0	1	0	0	1	20	0	0	20	31744	992	0	0	0	928,992
108	179	1	1	0	1	0	0	1	20	0	0	20	31744	992	0	0	0	992
108	181	1	1	0	1	0	0	1	20	0	0	20	31744	992	0	0	0	992
108	182	1	2	0	1	0	0	1	20	0	0	20	31744	992	0	0	0	928,992
108	185	1	1	0	1	0	0	1	20	0	0	20	31744	992	0	0	0	992
108	186	1	2	0	1	0	0	1	20	0	0	20	31744	992	0	0	0	928,992
108	188	1	2	0	1	0	0	1	20	0	0	20	31744	992	0	0	0	928,992
108	199	1	1	0	1	0	0	1	20	0	0	20	31744	992	0	0	0	992
108	203	1	1	0	1	0	0	1	20	0	0	20	31744	992	0	0	0	992
108	205	1	1	0	1	0	0	1	20	0	0	20	31744	992	0	0	0	992
108	206	1	1	0	1	0	0	1	20	0	0	20	31744	992	0	0	0	992
108	211	1	1	0	1	0	0	1	20	0	0	20	31744	992	0	0	0	992
108	213	1	1	0	1	0	0	1	20	0	0	20	31744	992	0	0	0	992
108	214	1	1	0	1	0	0	1	20	0	0	20	31744	992	0	0	0	992
108	217	1	1	0	1	0	0	1	20	0	0	20	31744	992	0	0	0	992
108	218	1	1	0	1	0	0	1	20	0	0	20	31744	992	0	0	0	992
108	220	1	1	0	1	0	0	1	20	0	0	20	31744	992	0	0	0	992
108	227	1	1	0	1	0	0	1	20	0	0	20	31744	992	0	0	0	992
108	229	1	1	0	1	0	0	1	20	0	0	20	31744	992	0	0	0	992
108	230	1	1	0	1	0	0	1	20	0	0	20	31744	992	0	0	0	992
108	233	1	1	0	1	0	0	1	20	0	0	20	31744	992	0	0	0	992
108	234	1	1	0	1	0	0	1	20	0	0	20	31744	992	0	0	0	992
108	236	1	1	0	1	0	0	1	20	0	0	20	31744	992	0	0	0	992
108	241	1	1	0	1	0	0	1	20	0	0	20	31744	992	0	0	0	992
108	242	1	1	0	1	0	0	1	20	0	0	20	31744	992	0	0	0	992
108	244	1	1	0	1	0	0	1	20	0	0	20	31744	992	0	0	0	992
108	248	1	1	0	1	0	0	1	20	0	0	20	31744	992	0	0	0	992
108	271	1	1	0	1	0	0	1	20	0	0	20	31744	992	0	0	0	992
108	279	1	1	0	1	0	0	1	20	0	0	20	31744	992	0	0	0	992
108	283	1	1	0	1	0	0	1	20	0	0	20	31744	992	0	0	0	992
108	285	1	1	0	1	0	0	1	20	0	0	20	31744	992	0	0	0	992
108	286	1	2	0	1	0	0	1	20	0	0	20	31744	992	0	0	0	928,992
108	295	1	1	0	1	0	0	1	20	0	0	20	31744	992	0	0	0	992
108	299	1	1	0	1	0	0	1	20	0	0	20	31744	992	0	0	0	992
108	301	1	1	0	1	0	0	1	20	0	0	20	31744	992	0	0	0	992
108	302	1	2	0	1	0	0	1	20	0	0	20	31744	992	0	0	0	928,992
108	307	1	1	0	1	0	0	1	20	0	0	20	31744	992	0	0	0	992
108	309	1	1	0	1	0	0	1	20	0	0	20	31744	992	0	0	0	992
108	310	1	2	0	1	0	0	1	20	0	0	20	31744	992	0	0	0	928,992
108	313	1	1	0	1	0	0	1	20	0	0	20	31744	992	0	0	0	992
108	314	1	2	0	1	0	0	1	20	0	0	20	31744	992	0	0	0	928,992
108	316	1	2	0	1	0	0	1	20	0	0	20	31744	992	0	0	0	928,992
108	327	1	1	0	1	0	0	1	20	0	0	20	31744	992	0	0	0	992
108	331	1	1	0	1	0	0	1	20	0	0	20	31744	992	0	0	0	992
108	333	1	1	0	1	0	0	1	20	0	0	20	31744	992	0	0	0	992
108	334	1	1	0	1	0	0	1	20	0	0	20	31744	992	0	0	0	992
108	339	1	1	0	1	0	0	1	20	0	0	20	31744	992	0	0	0	992
108	341	1	1	0	1	0	0	1	20	0	0	20	31744	992	0	0	0	992
108	342	1	1	0	1	0	0	1	20	0	0	20	31744	992	0	0	0	992
108	345	1	1	0	1	0	0	1	20	0	0	20	31744	992	0	0	0	992
108	346	1	1	0	1	0	0	1	20	0	0	20	31744	992	0	0	0	992
108	348	1	1	0	1	0	0	1	20	0	0	20	31744	992	0	0	0	992
108	355	1	1	0	1	0	0	1	20	0	0	20	31744	992	0	0	0	992
108	357	1	1	0	1	0	0	1	20	0	0	20	31744	992	0	0	0	992
108	358	1	1	0	1	0	0	1	20	0	0	20	31744	992	0	0	0	992
108	361	1	1	0	1	0	0	1	20	0	0	20	31744	992	0	0	0	992
108	362	1	1	0	1	0	0	1	20	0	0	20	31744	992	0	0	0	992
108	364	1	1	0	1	0	0	1	20	0	0	20	31744	992	0	0	0	992
108	369	1	1	0	1	0	0	1	20	0	0	20	31744	992	0	0	0	992
108	370	1	1	0	1	0	0	1	20	0	0	20	31744	992	0	0	0	992
108	372	1	1	0	1	0	0	1	20	0	0	20	31744	992	0	0	0	992
108	376	1	1	0	1	0	0	1	20	0	0	20	31744	992	0	0	0	992
108	391	1	1	0	1	0	0	1	20	0	0	20	31744	992	0	0	0	992
108	395	1	1	0	1	0	0	1	20	0	0	20	31744	992	0	0	0	992
108	397	1	1	0	1	0	0	1	20	0	0	20	31744	992	0	0	0	992
108	398	1	1	0	1	0	0	1	20	0	0	20	31744	992	0	0	0	992
108	403	1	1	0	1	0	0	1	20	0	0	20	31744	992	0	0	0	992
108	405	1	1	0	1	0	0	1	20	0	0	20	31744	992	0	0	0	992
108	406	1	1	0	1	0	0	1	20	0	0	20	31744	992	0	0	0	992
108	409	1	1	0	1	0	0	1	20	0	0	20	31744	992	0	0	0	992
108	410	1	1	0	1	0	0	1	20	0	0	20	31744	992	0	0	0	992
108	412	1	1	0	1	0	0	1	20	0	0	20	31744	992	0	0	0	992
108	419	1	1	0	1	0	0	1	20	0	0	20	31744	992	0	0	0	992
108	421	1	1	0	1	0	0	1	20	0	0	20	31744	992	0	0	0	992
108	422	1	1	0	1	0	0	1	20	0	0	20	31744	992	0	0	0	992
108	425	1	1	0	1	0	0	1	20	0	0	20	31744	992	0	0	0	992
108	426	1	1	0	1	0	0	1	20	0	0	20	31744	992	0	0	0	992
108	428	1	1	0	1	0	0	1	20	0	0	20	31744	992	0	0	0	992
108	433	1	1	0	1	0	0	1	20	0	0	20	31744	992	0	0	0	992
108	434	1	1	0	1	0	0	1	20	0	0	20	31744	992	0	0	0	992
108	436	1	1	0	1	0	0	1	20	0	0	20	31744	992	0	0	0	992
108	440	1	1	0	1	0	0	1	20	0	0	20	31744	992	0	0	0	992
108	451	1	2	0	1	0	0	1	20	0	0	20	31744	992	0	0	0	960,992
108	453	1	2	0	1	0	0	1	20	0	0	20	31744	992	0	0	0	960,992
108	454	1	1	0	1	0	0	1	20	0	0	20	31744	992	0	0	0	992
108	457	1	2	0	1	0	0	1	20	0	0	20	31744	992	0	0	0	960,992
108	458	1	1	0	1	0	0	1	20	0	0	20	31744	992	0	0	0	992
108	460	1	1	0	1	0	0	1	20	0	0	20	31744	992	0	0	0	992
108	465	1	2	0	1	0	0	1	20	0	0	20	31744	992	0	0	0	960,992
108	466	1	1	0	1	0	0	1	20	0	0	20	31744	992	0	0	0	992
108	468	1	1	0	1	0	0	1	20	0	0	20	31744	992	0	0	0	992
108	472	1	1	0	1	0	0	1	20	0	0	20	31744	992	0	0	0	992
108	481	1	2	0	1	0	0	1	20	0	0	20	31744	992	0	0	0	960,992
108	482	1	1	0	1	0	0	1	20	0	0	20	31744	992	0	0	0	992
108	484	1	1	0	1	0	0	1	20	0	0	20	31744	992	0	0	0	992
108	488	1	1	0	1	0	0	1	20	0	0	20	31744	992	0	0	0	992
108	496	1	1	0	1	0	0	1	20	0	0	20	31744	992	0	0	0	992
108	527	1	1	0	1	0	0	1	20	0	0	20	31744	992	0	0	0	992
108	535	1	1	0	1	0	0	1	20	0	0	20	31744	992	0	0	0	992
108	539	1	1	0	1	0	0	1	20	0	0	20	31744	992	0	0	0	992
108	541	1	1	0	1	0	0	1	20	0	0	20	31744	992	0	0	0	992
108	542	1	2	0	1	0	0	1	20	0	0	20	31744	992	0	0	0	928,992
108	551	1	1	0	1	0	0	1	20	0	0	20	31744	992	0	0	0	992
108	555	1	1	0	1	0	0	1	20	0	0	20	31744	992	0	0	0	992
108	557	1	1	0	1	0	0	1	20	0	0	20	31744	992	0	0	0	992
108	558	1	2	0	1	0	0	1	20	0	0	20	31744	992	0	0	0	928,992
108	563	1	1	0	1	0	0	1	20	0	0	20	31744	992	0	0	0	992
108	565	1	1	0	1	0	0	1	20	0	0	20	31744	992	0	0	0	992
108	566	1	2	0	1	0	0	1	20	0	0	20	31744	992	0	0	0	928,992
108	569	1	1	0	1	0	0	1	20	0	0	20	31744	992	0	0	0	992
108	570	1	2	0	1	0	0	1	20	0	0	20	31744	992	0	0	0	928,992
108	572	1	2	0	1	0	0	1	20	0	0	20	31744	992	0	0	0	928,992
108	583	1	1	0	1	0	0	1	20	0	0	20	31744	992	0	0	0	992
108	587	1	1	0	1	0	0	1	20	0	0	20	31744	992	0	0	0	992
108	589	1	1	0	1	0	0	1	20	0	0	20	31744	992	0	0	0	992
108	590	1	1	0	1	0	0	1	20	0	0	20	31744	992	0	0	0	992
108	595	1	1	0	1	0	0	1	20	0	0	20	31744	992	0	0	0	992
108	597	1	1	0	1	0	0	1	20	0	0	20	31744	992	0	0	0	992
108	598	1	1	0	1	0	0	1	20	0	0	20	31744	992	0	0	0	992
108	601	1	1	0	1	0	0	1	20	0	0	20	31744	992	0	0	0	992
108	602	1	1	0	1	0	0	1	20	0	0	20	31744	992	0	0	0	992
108	604	1	1	0	1	0	0	1	20	0	0	20	31744	992	0	0	0	992
108	611	1	1	0	1	0	0	1	20	0	0	20	31744	992	0	0	0	992
108	613	1	1	0	1	0	0	1	20	0	0	20	31744	992	0	0	0	992
108	614	1	1	0	1	0	0	1	20	0	0	20	31744	992	0	0	0	992
108	617	1	1	0	1	0	0	1	20	0	0	20	31744	992	0	0	0	992
108	618	1	1	0	1	0	0	1	20	0	0	20	31744	992	0	0	0	992
108	620	1	1	0	1	0	0	1	20	0	0	20	31744	992	0	0	0	992
108	625	1	1	0	1	0	0	1	20	0	0	20	31744	992	0	0	0	992
108	626	1	1	0	1	0	0	1	20	0	0	20	31744	992	0	0	0	992
108	628	1	1	0	1	0	0	1	20	0	0	20	31744	992	0	0	0	992
108	632	1	1	0	1	0	0	1	20	0	0	20	31744	992	0	0	0	992
108	647	1	1	0	1	0	0	1	20	0	0	20	31744	992	0	0	0	992
108	651	1	1	0	1	0	0	1	20	0	0	20	31744	992	0	0	0	992
108	653	1	1	0	1	0	0	1	20	0	0	20	31744	992	0	0	0	992
108	654	1	1	0	1	0	0	1	20	0	0	20	31744	992	0	0	0	992
108	659	1	1	0	1	0	0	1	20	0	0	20	31744	992	0	0	0	992
108	661	1	1	0	1	0	0	1	20	0	0	20	31744	992	0	0	0	992
108	662	1	1	0	1	0	0	1	20	0	0	20	31744	992	0	0	0	992
108	665	1	1	0	1	0	0	1	20	0	0	20	31744	992	0	0	0	992
108	666	1	1	0	1	0	0	1	20	0	0	20	31744	992	0	0	0	992
108	668	1	1	0	1	0	0	1	20	0	0	20	31744	992	0	0	0	992
108	675	1	1	0	1	0	0	1	20	0	0	20	31744	992	0	0	0	992
108	677	1	1	0	1	0	0	1	20	0	0	20	31744	992	0	0	0	992
108	678	1	1	0	1	0	0	1	20	0	0	20	31744	992	0	0	0	992
108	681	1	1	0	1	0	0	1	20	0	0	20	31744	992	0	0	0	992
108	682	1	1	0	1	0	0	1	20	0	0	20	31744	992	0	0	0	992
108	684	1	1	0	1	0	0	1	20	0	0	20	31744	992	0	0	0	992
108	689	1	1	0	1	0	0	1	20	0	0	20	31744	992	0	0	0	992
108	690	1	1	0	1	0	0	1	20	0	0	20	31744	992	0	0	0	992
108	692	1	1	0	1	0	0	1	20	0	0	20	31744	992	0	0	0	992
108	696	1	1	0	1	0	0	1	20	0	0	20	31744	992	0	0	0	992
108	707	1	2	0	1	0	0	1	20	0	0	20	31744	992	0	0	0	960,992
108	709	1	2	0	1	0	0	1	20	0	0	20	31744	992	0	0	0	960,992
108	710	1	1	0	1	0	0	1	20	0	0	20	31744	992	0	0	0	992
108	713	1	2	0	1	0	0	1	20	0	0	20	31744	992	0	0	0	960,992
108	714	1	1	0	1	0	0	1	20	0	0	20	31744	992	0	0	0	992
108	716	1	1	0	1	0	0	1	20	0	0	20	31744	992	0	0	0	992
108	721	1	2	0	1	0	0	1	20	0	0	20	31744	992	0	0	0	960,992
108	722	1	1	0	1	0	0	1	20	0	0	20	31744	992	0	0	0	992
108	724	1	1	0	1	0	0	1	20	0	0	20	31744	992	0	0	0	992
108	728	1	1	0	1	0	0	1	20	0	0	20	31744	992	0	0	0	992
108	737	1	2	0	1	0	0	1	20	0	0	20	31744	992	0	0	0	960,992
108	738	1	1	0	1	0	0	1	20	0	0	20	31744	992	0	0	0	992
108	740	1	1	0	1	0	0	1	20	0	0	20	31744	992	0	0	0	992
108	744	1	1	0	1	0	0	1	20	0	0	20	31744	992	0	0	0	992
108	752	1	1	0	1	0	0	1	20	0	0	20	31744	992	0	0	0	992
108	775	1	1	0	1	0	0	1	20	0	0	20	31744	992	0	0	0	992
108	779	1	1	0	1	0	0	1	20	0	0	20	31744	992	0	0	0	992
108	781	1	1	0	1	0	0	1	20	0	0	20	31744	992	0	0	0	992
108	782	1	1	0	1	0	0	1	20	0	0	20	31744	992	0	0	0	992
108	787	1	1	0	1	0	0	1	20	0	0	20	31744	992	0	0	0	992
108	789	1	1	0	1	0	0	1	20	0	0	20	31744	992	0	0	0	992
108	790	1	1	0	1	0	0	1	20	0	0	20	31744	992	0	0	0	992
108	793	1	1	0	1	0	0	1	20	0	0	20	31744	992	0	0	0	992
108	794	1	1	0	1	0	0	1	20	0	0	20	31744	992	0	0	0	992
108	796	1	1	0	1	0	0	1	20	0	0	20	31744	992	0	0	0	992
108	803	1	1	0	1	0	0	1	20	0	0	20	31744	992	0	0	0	992
108	805	1	1	0	1	0	0	1	20	0	0	20	31744	992	0	0	0	992
108	806	1	1	0	1	0	0	1	20	0	0	20	31744	992	0	0	0	992
108	809	1	1	0	1	0	0	1	20	0	0	20	31744	992	0	0	0	992
108	810	1	1	0	1	0	0	1	20	0	0	20	31744	992	0	0	0	992
108	812	1	1	0	1	0	0	1	20	0	0	20	31744	992	0	0	0	992
108	817	1	1	0	1	0	0	1	20	0	0	20	31744	992	0	0	0	992
108	818	1	1	0	1	0	0	1	20	0	0	20	31744	992	0	0	0	992
108	820	1	1	0	1	0	0	1	20	0	0	20	31744	992	0	0	0	992
108	824	1	1	0	1	0	0	1	20	0	0	20	31744	992	0	0	0	992
108	835	1	2	0	1	0	0	1	20	0	0	20	31744	992	0	0	0	960,992
108	837	1	2	0	1	0	0	1	20	0	0	20	31744	992	0	0	0	960,992
108	838	1	1	0	1	0	0	1	20	0	0	20	31744	992	0	0	0	992
108	841	1	2	0	1	0	0	1	20	0	0	20	31744	992	0	0	0	960,992
108	842	1	1	0	1	0	0	1	20	0	0	20	31744	992	0	0	0	992
108	844	1	1	0	1	0	0	1	20	0	0	20	31744	992	0	0	0	992
108	849	1	2	0	1	0	0	1	20	0	0	20	31744	992	0	0	0	960,992
108	850	1	1	0	1	0	0	1	20	0	0	20	31744	992	0	0	0	992
108	852	1	1	0	1	0	0	1	20	0	0	20	31744	992	0	0	0	992
108	856	1	1	0	1	0	0	1	20	0	0	20	31744	992	0	0	0	992
108	865	1	2	0	1	0	0	1	20	0	0	20	31744	992	0	0	0	960,992
108	866	1	1	0	1	0	0	1	20	0	0	20	31744	992	0	0	0	992
108	868	1	1	0	1	0	0	1	20	0	0	20	31744	992	0	0	0	992
108	872	1	1	0	1	0	0	1	20	0	0	20	31744	992	0	0	0	992
108	880	1	1	0	1	0	0	1	20	0	0	20	31744	992	0	0	0	992
108	899	1	2	0	1	0	0	1	20	0	0	20	31744	992	0	0	0	960,992
108	901	1	2	0	1	0	0	1	20	0	0	20	31744	992	0	0	0	960,992
108	902	1	1	0	1	0	0	1	20	0	0	20	31744	992	0	0	0	992
108	905	1	2	0	1	0	0	1	20	0	0	20	31744	992	0	0	0	960,992
108	906	1	1	0	1	0	0	1	20	0	0	20	31744	992	0	0	0	992
108	908	1	1	0	1	0	0	1	20	0	0	20	31744	992	0	0	0	992
108	913	1	2	0	1	0	0	1	20	0	0	20	31744	992	0	0	0	960,992
108	914	1	1	0	1	0	0	1	20	0	0	20	31744	992	0	0	0	992
108	916	1	1	0	1	0	0	1	20	0	0	20	31744	992	0	0	0	992
108	920	1	1	0	1	0	0	1	20	0	0	20	31744	992	0	0	0	992
108	929	1	2	0	1	0	0	1	20	0	0	20	31744	992	0	0	0	960,992
108	930	1	1	0	1	0	0	1	20	0	0	20	31744	992	0	0	0	992
108	932	1	1	0	1	0	0	1	20	0	0	20	31744	992	0	0	0	992
108	936	1	1	0	1	0	0	1	20	0	0	20	31744	992	0	0	0	992
108	944	1	1	0	1	0	0	1	20	0	0	20	31744	992	0	0	0	992
108	961	0	1	1	1	1	1	0	20	0	0	20	31744	960	1024	0	1	960
108	962	1	2	0	1	0	0	1	20	0	0	20	31744	992	0	0	0	960,992
108	964	1	2	0	1	0	0	1	20	0	0	20	31744	992	0	0	0	960,992
108	968	1	2	0	1	0	0	1	20	0	0	20	31744	992	0	0	0	960,992
108	976	1	2	0	1	0	0	1	20	0	0	20	31744	992	0	0	0	960,992
108	992	1	2	0	1	0	0	1	20	0	0	20	31744	992	0	0	0	960,992
108	1039	0	1	1	1	0	0	1	20	1	1	22	31744	960	0	1	0	960
108	1047	0	1	1	1	0	0	1	20	1	1	22	31744	960	0	1	0	960
108	1051	0	1	1	1	0	0	1	20	1	1	22	31744	960	0	1	0	960
108	1053	0	1	1	1	0	0	1	20	1	1	22	31744	960	0	1	0	960
108	1054	0	1	1	1	0	0	1	22	0	0	22	31744	960	0	1	0	960
108	1063	0	1	1	1	0	0	1	20	1	1	22	31744	960	0	1	0	960
108	1067	0	1	1	1	0	0	1	20	1	1	22	31744	960	0	1	0	960
108	1069	0	1	1	1	0	0	1	20	1	1	22	31744	960	0	1	0	960
108	1070	0	1	1	1	0	0	1	22	0	0	22	31744	960	0	1	0	960
108	1075	0	1	1	1	0	0	1	20	1	1	22	31744	960	0	1	0	960
108	1077	0	1	1	1	0	0	1	20	1	1	22	31744	960	0	1	0	960
108	1078	0	1	1	1	0	0	1	22	0	0	22	31744	960	0	1	0	960
108	1081	0	1	1	1	0	0	1	20	1	1	22	31744	960	0	1	0	960
108	1082	0	1	1	1	0	0	1	22	0	0	22	31744	960	0	1	0	960
108	1084	0	1	1	1	0	0	1	22	0	0	22	31744	960	0	1	0	960
108	1095	0	1	1	1	0	0	1	18	3	2	22	31744	960	0	1	0	960
108	1099	0	1	1	1	0	0	1	18	3	2	22	31744	960	0	1	0	960
108	1101	0	1	1	1	0	0	1	18	3	2	22	31744	960	0	1	0	960
108	1102	0	1	1	1	0	0	1	20	1	1	22	31744	960	0	1	0	960
108	1107	0	1	1	1	0	0	1	18	3	2	22	31744	960	0	1	0	960
108	1109	0	1	1	1	0	0	1	18	3	2	22	31744	960	0	1	0	960
108	1110	0	1	1	1	0	0	1	20	1	1	22	31744	960	0	1	0	960
108	1113	0	1	1	1	0	0	1	18	3	2	22	31744	960	0	1	0	960
108	1114	0	1	1	1	0	0	1	20	1	1	22	31744	960	0	1	0	960
108	1116	0	1	1	1	0	0	1	20	1	1	22	31744	960	0	1	0	960
108	1123	0	1	1	1	0	0	1	18	3	2	22	31744	960	0	1	0	960
108	1125	0	1	1	1	0	0	1	18	3	2	22	31744	960	0	1	0	960
108	1126	0	1	1	1	0	0	1	20	1	1	22	31744	960	0	1	0	960
108	1129	0	1	1	1	0	0	1	18	3	2	22	31744	960	0	1	0	960
108	1130	0	1	1	1	0	0	1	20	1	1	22	31744	960	0	1	0	960
108	1132	0	1	1	1	0	0	1	20	1	1	22	31744	960	0	1	0	960
108	1137	0	1	1	1	0	0	1	18	3	2	22	31744	960	0	1	0	960
108	1138	0	1	1	1	0	0	1	20	1	1	22	31744	960	0	1	0	960
108	1140	0	1	1	1	0	0	1	20	1	1	22	31744	960	0	1	0	960
108	1144	0	1	1	1	0	0	1	20	1	1	22	31744	960	0	1	0	960
108	1159	0	1	1	1	0	0	1	18	3	2	22	31744	960	0	1	0	960
108	1163	0	1	1	1	0	0	1	18	3	2	22	31744	960	0	1	0	960
108	1165	0	1	1	1	0	0	1	18	3	2	22	31744	960	0	1	0	960
108	1166	0	1	1	1	0	0	1	20	1	1	22	31744	960	0	1	0	960
108	1171	0	1	1	1	0	0	1	18	3	2	22	31744	960	0	1	0	960
108	1173	0	1	1	1	0	0	1	18	3	2	22	31744	960	0	1	0	960
108	1174	0	1	1	1	0	0	1	20	1	1	22	31744	960	0	1	0	960
108	1177	0	1	1	1	0	0	1	18	3	2	22	31744	960	0	1	0	960
108	1178	0	1	1	1	0	0	1	20	1	1	22	31744	960	0	1	0	960
108	1180	0	1	1	1	0	0	1	20	1	1	22	31744	960	0	1	0	960
108	1187	0	1	1	1	0	0	1	18	3	2	22	31744	960	0	1	0	960
108	1189	0	1	1	1	0	0	1	18	3	2	22	31744	960	0	1	0	960
108	1190	0	1	1	1	0	0	1	20	1	1	22	31744	960	0	1	0	960
108	1193	0	1	1	1	0	0	1	18	3	2	22	31744	960	0	1	0	960
108	1194	0	1	1	1	0	0	1	20	1	1	22	31744	960	0	1	0	960
108	1196	0	1	1	1	0	0	1	20	1	1	22	31744	960	0	1	0	960
108	1201	0	1	1	1	0	0	1	18	3	2	22	31744	960	0	1	0	960
108	1202	0	1	1	1	0	0	1	20	1	1	22	31744	960	0	1	0	960
108	1204	0	1	1	1	0	0	1	20	1	1	22	31744	960	0	1	0	960
108	1208	0	1	1	1	0	0	1	20	1	1	22	31744	960	0	1	0	960
108	1219	0	1	1	1	0	0	1	16	11	3	22	31744	960	0	1	0	960
108	1221	0	1	1	1	0	0	1	16	11	3	22	31744	960	0	1	0	960
108	1222	0	1	1	1	0	0	1	18	3	2	22	31744	960	0	1	0	960
108	1225	0	1	1	1	0	0	1	16	11	3	22	31744	960	0	1	0	960
108	1226	0	1	1	1	0	0	1	18	3	2	22	31744	960	0	1	0	960
108	1228	0	1	1	1	0	0	1	18	3	2	22	31744	960	0	1	0	960
108	1233	0	1	1	1	0	0	1	16	11	3	22	31744	960	0	1	0	960
108	1234	0	1	1	1	0	0	1	18	3	2	22	31744	960	0	1	0	960
108	1236	0	1	1	1	0	0	1	18	3	2	22	31744	960	0	1	0	960
108	1240	0	1	1	1	0	0	1	18	3	2	22	31744	960	0	1	0	960
108	1249	0	1	1	1	0	0	1	16	11	3	22	31744	960	0	1	0	960
108	1250	0	1	1	1	0	0	1	18	3	2	22	31744	960	0	1	0	960
108	1252	0	1	1	1	0	0	1	18	3	2	22	31744	960	0	1	0	960
108	1256	0	1	1	1	0	0	1	18	3	2	22	31744	960	0	1	0	960
108	1264	0	1	1	1	0	0	1	18	3	2	22	31744	960	0	1	0	960
108	1287	0	1	1	1	0	0	1	18	3	2	22	31744	960	0	1	0	960
108	1291	0	1	1	1	0	0	1	18	3	2	22	31744	960	0	1	0	960
108	1293	0	1	1	1	0	0	1	18	3	2	22	31744	960	0	1	0	960
108	1294	0	1	1	1	0	0	1	20	1	1	22	31744	960	0	1	0	960
108	1299	0	1	1	1	0	0	1	18	3	2	22	31744	960	0	1	0	960
108	1301	0	1	1	1	0	0	1	18	3	2	22	31744	960	0	1	0	960
108	1302	0	1	1	1	0	0	1	20	1	1	22	31744	960	0	1	0	960
108	1305	0	1	1	1	0	0	1	18	3	2	22	31744	960	0	1	0	960
108	1306	0	1	1	1	0	0	1	20	1	1	22	31744	960	0	1	0	960
108	1308	0	1	1	1	0	0	1	20	1	1	22	31744	960	0	1	0	960
108	1315	0	1	1	1	0	0	1	18	3	2	22	31744	960	0	1	0	960
108	1317	0	1	1	1	0	0	1	18	3	2	22	31744	960	0	1	0	960
108	1318	0	1	1	1	0	0	1	20	1	1	22	31744	960	0	1	0	960
108	1321	0	1	1	1	0	0	1	18	3	2	22	31744	960	0	1	0	960
108	1322	0	1	1	1	0	0	1	20	1	1	22	31744	960	0	1	0	960
108	1324	0	1	1	1	0	0	1	20	1	1	22	31744	960	0	1	0	960
108	1329	0	1	1	1	0	0	1	18	3	2	22	31744	960	0	1	0	960
108	1330	0	1	1	1	0	0	1	20	1	1	22	31744	960	0	1	0	960
108	1332	0	1	1	1	0	0	1	20	1	1	22	31744	960	0	1	0	960
108	1336	0	1	1	1	0	0	1	20	1	1	22	31744	960	0	1	0	960
108	1347	0	1	1	1	0	0	1	16	11	3	22	31744	960	0	1	0	960
108	1349	0	1	1	1	0	0	1	16	11	3	22	31744	960	0	1	0	960
108	1350	0	1	1	1	0	0	1	18	3	2	22	31744	960	0	1	0	960
108	1353	0	1	1	1	0	0	1	16	11	3	22	31744	960	0	1	0	960
108	1354	0	1	1	1	0	0	1	18	3	2	22	31744	960	0	1	0	960
108	1356	0	1	1	1	0	0	1	18	3	2	22	31744	960	0	1	0	960
108	1361	0	1	1	1	0	0	1	16	11	3	22	31744	960	0	1	0	960
108	1362	0	1	1	1	0	0	1	18	3	2	22	31744	960	0	1	0	960
108	1364	0	1	1	1	0	0	1	18	3	2	22	31744	960	0	1	0	960
108	1368	0	1	1	1	0	0	1	18	3	2	22	31744	960	0	1	0	960
108	1377	0	1	1	1	0	0	1	16	11	3	22	31744	960	0	1	0	960
108	1378	0	1	1	1	0	0	1	18	3	2	22	31744	960	0	1	0	960
108	1380	0	1	1	1	0	0	1	18	3	2	22	31744	960	0	1	0	960
108	1384	0	1	1	1	0	0	1	18	3	2	22	31744	960	0	1	0	960
108	1392	0	1	1	1	0	0	1	18	3	2	22	31744	960	0	1	0	960
108	1411	0	1	1	1	0	0	1	16	11	3	22	31744	960	0	1	0	960
108	1413	0	1	1	1	0	0	1	16	11	3	22	31744	960	0	1	0	960
108	1414	0	1	1	1	0	0	1	18	3	2	22	31744	960	0	1	0	960
108	1417	0	1	1	1	0	0	1	16	11	3	22	31744	960	0	1	0	960
108	1418	0	1	1	1	0	0	1	18	3	2	22	31744	960	0	1	0	960
108	1420	0	1	1	1	0	0	1	18	3	2	22	31744	960	0	1	0	960
108	1425	0	1	1	1	0	0	1	16	11	3	22	31744	960	0	1	0	960
108	1426	0	1	1	1	0	0	1	18	3	2	22	31744	960	0	1	0	960
108	1428	0	1	1	1	0	0	1	18	3	2	22	31744	960	0	1	0	960
108	1432	0	1	1	1	0	0	1	18	3	2	22	31744	960	0	1	0	960
108	1441	0	1	1	1	0	0	1	16	11	3	22	31744	960	0	1	0	960
108	1442	0	1	1	1	0	0	1	18	3	2	22	31744	960	0	1	0	960
108	1444	0	1	1	1	0	0	1	18	3	2	22	31744	960	0	1	0	960
108	1448	0	1	1	1	0	0	1	18	3	2	22	31744	960	0	1	0	960
108	1456	0	1	1	1	0	0	1	18	3	2	22	31744	960	0	1	0	960
108	1473	0	1	1	1	0	0	1	14	75	4	22	31744	960	0	1	0	960
108	1474	0	1	1	1	0	0	1	16	11	3	22	31744	960	0	1	0	960
108	1476	0	1	1	1	0	0	1	16	11	3	22	31744	960	0	1	0	960
108	1480	0	1	1	1	0	0	1	16	11	3	22	31744	960	0	1	0	960
108	1488	0	1	1	1	0	0	1	16	11	3	22	31744	960	0	1	0	960
108	1504	0	1	1	1	0	0	1	16	11	3	22	31744	960	0	1	0	960
108	1543	0	1	1	1	0	0	1	18	3	2	22	31744	960	0	1	0	960
108	1547	0	1	1	1	0	0	1	18	3	2	22	31744	960	0	1	0	960
108	1549	0	1	1	1	0	0	1	18	3	2	22	31744	960	0	1	0	960
108	1550	0	1	1	1	0	0	1	20	1	1	22	31744	960	0	1	0	960
108	1555	0	1	1	1	0	0	1	18	3	2	22	31744	960	0	1	0	960
108	1557	0	1	1	1	0	0	1	18	3	2	22	31744	960	0	1	0	960
108	1558	0	1	1	1	0	0	1	20	1	1	22	31744	960	0	1	0	960
108	1561	0	1	1	1	0	0	1	18	3	2	22	31744	960	0	1	0	960
108	1562	0	1	1	1	0	0	1	20	1	1	22	31744	960	0	1	0	960
108	1564	0	1	1	1	0	0	1	20	1	1	22	31744	960	0	1	0	960
108	1571	0	1	1	1	0	0	1	18	3	2	22	31744	960	0	1	0	960
108	1573	0	1	1	1	0	0	1	18	3	2	22	31744	960	0	1	0	960
108	1574	0	1	1	1	0	0	1	20	1	1	22	31744	960	0	1	0	960
108	1577	0	1	1	1	0	0	1	18	3	2	22	31744	960	0	1	0	960
108	1578	0	1	1	1	0	0	1	20	1	1	22	31744	960	0	1	0	960
108	1580	0	1	1	1	0	0	1	20	1	1	22	31744	960	0	1	0	960
108	1585	0	1	1	1	0	0	1	18	3	2	22	31744	960	0	1	0	960
108	1586	0	1	1	1	0	0	1	20	1	1	22	31744	960	0	1	0	960
108	1588	0	1	1	1	0	0	1	20	1	1	22	31744	960	0	1	0	960
108	1592	0	1	1	1	0	0	1	20	1	1	22	31744	960	0	1	0	960
108	1603	0	1	1	1	0	0	1	16	11	3	22	31744	960	0	1	0	960
108	1605	0	1	1	1	0	0	1	16	11	3	22	31744	960	0	1	0	960
108	1606	0	1	1	1	0	0	1	18	3	2	22	31744	960	0	1	0	960
108	1609	0	1	1	1	0	0	1	16	11	3	22	31744	960	0	1	0	960
108	1610	0	1	1	1	0	0	1	18	3	2	22	31744	960	0	1	0	960
108	1612	0	1	1	1	0	0	1	18	3	2	22	31744	960	0	1	0	960
108	1617	0	1	1	1	0	0	1	16	11	3	22	31744	960	0	1	0	960
108	1618	0	1	1	1	0	0	1	18	3	2	22	31744	960	0	1	0	960
108	1620	0	1	1	1	0	0	1	18	3	2	22	31744	960	0	1	0	960
108	1624	0	1	1	1	0	0	1	18	3	2	22	31744	960	0	1	0	960
108	1633	0	1	1	1	0	0	1	16	11	3	22	31744	960	0	1	0	960
108	1634	0	1	1	1	0	0	1	18	3	2	22	31744	960	0	1	0	960
108	1636	0	1	1	1	0	0	1	18	3	2	22	31744	960	0	1	0	960
108	1640	0	1	1	1	0	0	1	18	3	2	22	31744	960	0	1	0	960
108	1648	0	1	1	1	0	0	1	18	3	2	22	31744	960	0	1	0	960
108	1667	0	1	1	1	0	0	1	16	11	3	22	31744	960	0	1	0	960
108	1669	0	1	1	1	0	0	1	16	11	3	22	31744	960	0	1	0	960
108	1670	0	1	1	1	0	0	1	18	3	2	22	31744	960	0	1	0	960
108	1673	0	1	1	1	0	0	1	16	11	3	22	31744	960	0	1	0	960
108	1674	0	1	1	1	0	0	1	18	3	2	22	31744	960	0	1	0	960
108	1676	0	1	1	1	0	0	1	18	3	2	22	31744	960	0	1	0	960
108	1681	0	1	1	1	0	0	1	16	11	3	22	31744	960	0	1	0	960
108	1682	0	1	1	1	0	0	1	18	3	2	22	31744	960	0	1	0	960
108	1684	0	1	1	1	0	0	1	18	3	2	22	31744	960	0	1	0	960
108	1688	0	1	1	1	0	0	1	18	3	2	22	31744	960	0	1	0	960
108	1697	0	1	1	1	0	0	1	16	11	3	22	31744	960	0	1	0	960
108	1698	0	1	1	1	0	0	1	18	3	2	22	31744	960	0	1	0	960
108	1700	0	1	1	1	0	0	1	18	3	2	22	31744	960	0	1	0	960
108	1704	0	1	1	1	0	0	1	18	3	2	22	31744	960	0	1	0	960
108	1712	0	1	1	1	0	0	1	18	3	2	22	31744	960	0	1	0	960
108	1729	0	1	1	1	0	0	1	14	75	4	22	31744	960	0	1	0	960
108	1730	0	1	1	1	0	0	1	16	11	3	22	31744	960	0	1	0	960
108	1732	0	1	1	1	0	0	1	16	11	3	22	31744	960	0	1	0	960
108	1736	0	1	1	1	0	0	1	16	11	3	22	31744	960	0	1	0	960
108	1744	0	1	1	1	0	0	1	16	11	3	22	31744	960	0	1	0	960
108	1760	0	1	1	1	0	0	1	16	11	3	22	31744	960	0	1	0	960
108	1795	0	1	1	1	0	0	1	16	11	3	22	31744	960	0	1	0	960
108	1797	0	1	1	1	0	0	1	16	11	3	22	31744	960	0	1	0	960
108	1798	0	1	1	1	0	0	1	18	3	2	22	31744	960	0	1	0	960
108	1801	0	1	1	1	0	0	1	16	11	3	22	31744	960	0	1	0	960
108	1802	0	1	1	1	0	0	1	18	3	2	22	31744	960	0	1	0	960
108	1804	0	1	1	1	0	0	1	18	3	2	22	31744	960	0	1	0	960
108	1809	0	1	1	1	0	0	1	16	11	3	22	31744	960	0	1	0	960
108	1810	0	1	1	1	0	0	1	18	3	2	22	31744	960	0	1	0	960
108	1812	0	1	1	1	0	0	1	18	3	2	22	31744	960	0	1	0	960
108	1816	0	1	1	1	0	0	1	18	3	2	22	31744	960	0	1	0	960
108	1825	0	1	1	1	0	0	1	16	11	3	22	31744	960	0	1	0	960
108	1826	0	1	1	1	0	0	1	18	3	2	22	31744	960	0	1	0	960
108	1828	0	1	1	1	0	0	1	18	3	2	22	31744	960	0	1	0	960
108	1832	0	1	1	1	0	0	1	18	3	2	22	31744	960	0	1	0	960
108	1840	0	1	1	1	0	0	1	18	3	2	22	31744	960	0	1	0	960
108	1857	0	1	1	1	0	0	1	14	75	4	22	31744	960	0	1	0	960
108	1858	0	1	1	1	0	0	1	16	11	3	22	31744	960	0	1	0	960
108	1860	0	1	1	1	0	0	1	16	11	3	22	31744	960	0	1	0	960
108	1864	0	1	1	1	0	0	1	16	11	3	22	31744	960	0	1	0	960
108	1872	0	1	1	1	0	0	1	16	11	3	22	31744	960	0	1	0	960
108	1888	0	1	1	1	0	0	1	16	11	3	22	31744	960	0	1	0	960
108	1921	0	1	1	1	0	0	1	14	75	4	22	31744	960	0	1	0	960
108	1922	0	1	1	1	0	0	1	16	11	3	22	31744	960	0	1	0	960
108	1924	0	1	1	1	0	0	1	16	11	3	22	31744	960	0	1	0	960
108	1928	0	1	1	1	0	0	1	16	11	3	22	31744	960	0	1	0	960
108	1936	0	1	1	1	0	0	1	16	11	3	22	31744	960	0	1	0	960
108	1952	0	1	1	1	0	0	1	16	11	3	22	31744	960	0	1	0	960
108	1984	0	1	1	1	0	0	1	14	75	4	22	31744	960	0	1	0	960
108	2063	0	1	1	1	0	0	1	16	11	3	22	31744	960	0	1	0	960
108	2071	0	1	1	1	0	0	1	16	11	3	22	31744	960	0	1	0	960
108	2075	0	1	1	1	0	0	1	16	11	3	22	31744	960	0	1	0	960
108	2077	0	1	1	1	0	0	1	16	11	3	22	31744	960	0	1	0	960
108	2078	0	1	1	1	0	0	1	14	75	4	22	31744	960	0	1	0	960
108	2087	0	1	1	1	0	0	1	16	11	3	22	31744	960	0	1	0	960
108	2091	0	1	1	1	0	0	1	16	11	3	22	31744	960	0	1	0	960
108	2093	0	1	1	1	0	0	1	16	11	3	22	31744	960	0	1	0	960
108	2094	0	1	1	1	0	0	1	14	75	4	22	31744	960	0	1	0	960
108	2099	0	1	1	1	0	0	1	16	11	3	22	31744	960	0	1	0	960
108	2101	0	1	1	1	0	0	1	16	11	3	22	31744	960	0	1	0	960
108	2102	0	1	1	1	0	0	1	14	75	4	22	31744	960	0	1	0	960
108	2105	0	1	1	1	0	0	1	16	11	3	22	31744	960	0	1	0	960
108	2106	0	1	1	1	0	0	1	14	75	4	22	31744	960	0	1	0	960
108	2108	0	1	1	1	0	0	1	14	75	4	22	31744	960	0	1	0	960
108	2119	0	1	1	1	0	0	1	18	3	2	22	31744	960	0	1	0	960
108	2123	0	1	1	1	0	0	1	18	3	2	22	31744	960	0	1	0	960
108	2125	0	1	1	1	0	0	1	18	3	2	22	31744	960	0	1	0	960
108	2126	0	1	1	1	0	0	1	16	11	3	22	31744	960	0	1	0	960
108	2131	0	1	1	1	0	0	1	18	3	2	22	31744	960	0	1	0	960
108	2133	0	1	1	1	0	0	1	18	3	2	22	31744	960	0	1	0	960
108	2134	0	1	1	1	0	0	1	16	11	3	22	31744	960	0	1	0	960
108	2137	0	1	1	1	0	0	1	18	3	2	22	31744	960	0	1	0	960
108	2138	0	1	1	1	0	0	1	16	11	3	22	31744	960	0	1	0	960
108	2140	0	1	1	1	0	0	1	16	11	3	22	31744	960	0	1	0	960
108	2147	0	1	1	1	0	0	1	18	3	2	22	31744	960	0	1	0	960
108	2149	0	1	1	1	0	0	1	18	3	2	22	31744	960	0	1	0	960
108	2150	0	1	1	1	0	0	1	16	11	3	22	31744	960	0	1	0	960
108	2153	0	1	1	1	0	0	1	18	3	2	22	31744	960	0	1	0	960
108	2154	0	1	1	1	0	0	1	16	11	3	22	31744	960	0	1	0	960
108	2156	0	1	1	1	0	0	1	16	11	3	22	31744	960	0	1	0	960
108	2161	0	1	1	1	0	0	1	18	3	2	22	31744	960	0	1	0	960
108	2162	0	1	1	1	0	0	1	16	11	3	22	31744	960	0	1	0	960
108	2164	0	1	1	1	0	0	1	16	11	3	22	31744	960	0	1	0	960
108	2168	0	1	1	1	0	0	1	16	11	3	22	31744	960	0	1	0	960
108	2183	0	1	1	1	0	0	1	18	3	2	22	31744	960	0	1	0	960
108	2187	0	1	1	1	0	0	1	18	3	2	22	31744	960	0	1	0	960
108	2189	0	1	1	1	0	0	1	18	3	2	22	31744	960	0	1	0	960
108	2190	0	1	1	1	0	0	1	16	11	3	22	31744	960	0	1	0	960
108	2195	0	1	1	1	0	0	1	18	3	2	22	31744	960	0	1	0	960
108	2197	0	1	1	1	0	0	1	18	3	2	22	31744	960	0	1	0	960
108	2198	0	1	1	1	0	0	1	16	11	3	22	31744	960	0	1	0	960
108	2201	0	1	1	1	0	0	1	18	3	2	22	31744	960	0	1	0	960
108	2202	0	1	1	1	0	0	1	16	11	3	22	31744	960	0	1	0	960
108	2204	0	1	1	1	0	0	1	16	11	3	22	31744	960	0	1	0	960
108	2211	0	1	1	1	0	0	1	18	3	2	22	31744	960	0	1	0	960
108	2213	0	1	1	1	0	0	1	18	3	2	22	31744	960	0	1	0	960
108	2214	0	1	1	1	0	0	1	16	11	3	22	31744	960	0	1	0	960
108	2217	0	1	1	1	0	0	1	18	3	2	22	31744	960	0	1	0	960
108	2218	0	1	1	1	0	0	1	16	11	3	22	31744	960	0	1	0	960
108	2220	0	1	1	1	0	0	1	16	11	3	22	31744	960	0	1	0	960
108	2225	0	1	1	1	0	0	1	18	3	2	22	31744	960	0	1	0	960
108	2226	0	1	1	1	0	0	1	16	11	3	22	31744	960	0	1	0	960
108	2228	0	1	1	1	0	0	1	16	11	3	22	31744	960	0	1	0	960
108	2232	0	1	1	1	0	0	1	16	11	3	22	31744	960	0	1	0	960
108	2243	0	1	1	1	0	0	1	20	1	1	22	31744	960	0	1	0	960
108	2245	0	1	1	1	0	0	1	20	1	1	22	31744	960	0	1	0	960
108	2246	0	1	1	1	0	0	1	18	3	2	22	31744	960	0	1	0	960
108	2249	0	1	1	1	0	0	1	20	1	1	22	31744	960	0	1	0	960
108	2250	0	1	1	1	0	0	1	18	3	2	22	31744	960	0	1	0	960
108	2252	0	1	1	1	0	0	1	18	3	2	22	31744	960	0	1	0	960
108	2257	0	1	1	1	0	0	1	20	1	1	22	31744	960	0	1	0	960
108	2258	0	1	1	1	0	0	1	18	3	2	22	31744	960	0	1	0	960
108	2260	0	1	1	1	0	0	1	18	3	2	22	31744	960	0	1	0	960
108	2264	0	1	1	1	0	0	1	18	3	2	22	31744	960	0	1	0	960
108	2273	0	1	1	1	0	0	1	20	1	1	22	31744	960	0	1	0	960
108	2274	0	1	1	1	0	0	1	18	3	2	22	31744	960	0	1	0	960
108	2276	0	1	1	1	0	0	1	18	3	2	22	31744	960	0	1	0	960
108	2280	0	1	1	1	0	0	1	18	3	2	22	31744	960	0	1	0	960
108	2288	0	1	1	1	0	0	1	18	3	2	22	31744	960	0	1	0	960
108	2311	0	1	1	1	0	0	1	18	3	2	22	31744	960	0	1	0	960
108	2315	0	1	1	1	0	0	1	18	3	2	22	31744	960	0	1	0	960
108	2317	0	1	1	1	0	0	1	18	3	2	22	31744	960	0	1	0	960
108	2318	0	1	1	1	0	0	1	16	11	3	22	31744	960	0	1	0	960
108	2323	0	1	1	1	0	0	1	18	3	2	22	31744	960	0	1	0	960
108	2325	0	1	1	1	0	0	1	18	3	2	22	31744	960	0	1	0	960
108	2326	0	1	1	1	0	0	1	16	11	3	22	31744	960	0	1	0	960
108	2329	0	1	1	1	0	0	1	18	3	2	22	31744	960	0	1	0	960
108	2330	0	1	1	1	0	0	1	16	11	3	22	31744	960	0	1	0	960
108	2332	0	1	1	1	0	0	1	16	11	3	22	31744	960	0	1	0	960
108	2339	0	1	1	1	0	0	1	18	3	2	22	31744	960	0	1	0	960
108	2341	0	1	1	1	0	0	1	18	3	2	22	31744	960	0	1	0	960
108	2342	0	1	1	1	0	0	1	16	11	3	22	31744	960	0	1	0	960
108	2345	0	1	1	1	0	0	1	18	3	2	22	31744	960	0	1	0	960
108	2346	0	1	1	1	0	0	1	16	11	3	22	31744	960	0	1	0	960
108	2348	0	1	1	1	0	0	1	16	11	3	22	31744	960	0	1	0	960
108	2353	0	1	1	1	0	0	1	18	3	2	22	31744	960	0	1	0	960
108	2354	0	1	1	1	0	0	1	16	11	3	22	31744	960	0	1	0	960
108	2356	0	1	1	1	0	0	1	16	11	3	22	31744	960	0	1	0	960
108	2360	0	1	1	1	0	0	1	16	11	3	22	31744	960	0	1	0	960
108	2371	0	1	1	1	0	0	1	20	1	1	22	31744	960	0	1	0	960
108	2373	0	1	1	1	0	0	1	20	1	1	22	31744	960	0	1	0	960
108	2374	0	1	1	1	0	0	1	18	3	2	22	31744	960	0	1	0	960
108	2377	0	1	1	1	0	0	1	20	1	1	22	31744	960	0	1	0	960
108	2378	0	1	1	1	0	0	1	18	3	2	22	31744	960	0	1	0	960
108	2380	0	1	1	1	0	0	1	18	3	2	22	31744	960	0	1	0	960
108	2385	0	1	1	1	0	0	1	20	1	1	22	31744	960	0	1	0	960
108	2386	0	1	1	1	0	0	1	18	3	2	22	31744	960	0	1	0	960
108	2388	0	1	1	1	0	0	1	18	3	2	22	31744	960	0	1	0	960
108	2392	0	1	1	1	0	0	1	18	3	2	22	31744	960	0	1	0	960
108	2401	0	1	1	1	0	0	1	20	1	1	22	31744	960	0	1	0	960
108	2402	0	1	1	1	0	0	1	18	3	2	22	31744	960	0	1	0	960
108	2404	0	1	1	1	0	0	1	18	3	2	22	31744	960	0	1	0	960
108	2408	0	1	1	1	0	0	1	18	3	2	22	31744	960	0	1	0	960
108	2416	0	1	1	1	0	0	1	18	3	2	22	31744	960	0	1	0	960
108	2435	0	1	1	1	0	0	1	20	1	1	22	31744	960	0	1	0	960
108	2437	0	1	1	1	0	0	1	20	1	1	22	31744	960	0	1	0	960
108	2438	0	1	1	1	0	0	1	18	3	2	22	31744	960	0	1	0	960
108	2441	0	1	1	1	0	0	1	20	1	1	22	31744	960	0	1	0	960
108	2442	0	1	1	1	0	0	1	18	3	2	22	31744	960	0	1	0	960
108	2444	0	1	1	1	0	0	1	18	3	2	22	31744	960	0	1	0	960
108	2449	0	1	1	1	0	0	1	20	1	1	22	31744	960	0	1	0	960
108	2450	0	1	1	1	0	0	1	18	3	2	22	31744	960	0	1	0	960
108	2452	0	1	1	1	0	0	1	18	3	2	22	31744	960	0	1	0	960
108	2456	0	1	1	1	0	0	1	18	3	2	22	31744	960	0	1	0	960
108	2465	0	1	1	1	0	0	1	20	1	1	22	31744	960	0	1	0	960
108	2466	0	1	1	1	0	0	1	18	3	2	22	31744	960	0	1	0	960
108	2468	0	1	1	1	0	0	1	18	3	2	22	31744	960	0	1	0	960
108	2472	0	1	1	1	0	0	1	18	3	2	22	31744	960	0	1	0	960
108	2480	0	1	1	1	0	0	1	18	3	2	22	31744	960	0	1	0	960
108	2497	0	1	1	1	0	0	1	22	0	0	22	31744	960	0	1	0	960
108	2498	0	1	1	1	0	0	1	20	1	1	22	31744	960	0	1	0	960
108	2500	0	1	1	1	0	0	1	20	1	1	22	31744	960	0	1	0	960
108	2504	0	1	1	1	0	0	1	20	1	1	22	31744	960	0	1	0	960
108	2512	0	1	1	1	0	0	1	20	1	1	22	31744	960	0	1	0	960
108	2528	0	1	1	1	0	0	1	20	1	1	22	31744	960	0	1	0	960
108	2567	0	1	1	1	0	0	1	18	3	2	22	31744	960	0	1	0	960
108	2571	0	1	1	1	0	0	1	18	3	2	22	31744	960	0	1	0	960
108	2573	0	1	1	1	0	0	1	18	3	2	22	31744	960	0	1	0	960
108	2574	0	1	1	1	0	0	1	16	11	3	22	31744	960	0	1	0	960
108	2579	0	1	1	1	0	0	1	18	3	2	22	31744	960	0	1	0	960
108	2581	0	1	1	1	0	0	1	18	3	2	22	31744	960	0	1	0	960
108	2582	0	1	1	1	0	0	1	16	11	3	22	31744	960	0	1	0	960
108	2585	0	1	1	1	0	0	1	18	3	2	22	31744	960	0	1	0	960
108	2586	0	1	1	1	0	0	1	16	11	3	22	31744	960	0	1	0	960
108	2588	0	1	1	1	0	0	1	16	11	3	22	31744	960	0	1	0	960
108	2595	0	1	1	1	0	0	1	18	3	2	22	31744	960	0	1	0	960
108	2597	0	1	1	1	0	0	1	18	3	2	22	31744	960	0	1	0	960
108	2598	0	1	1	1	0	0	1	16	11	3	22	31744	960	0	1	0	960
108	2601	0	1	1	1	0	0	1	18	3	2	22	31744	960	0	1	0	960
108	2602	0	1	1	1	0	0	1	16	11	3	22	31744	960	0	1	0	960
108	2604	0	1	1	1	0	0	1	16	11	3	22	31744	960	0	1	0	960
108	2609	0	1	1	1	0	0	1	18	3	2	22	31744	960	0	1	0	960
108	2610	0	1	1	1	0	0	1	16	11	3	22	31744	960	0	1	0	960
108	2612	0	1	1	1	0	0	1	16	11	3	22	31744	960	0	1	0	960
108	2616	0	1	1	1	0	0	1	16	11	3	22	31744	960	0	1	0	960
108	2627	0	1	1	1	0	0	1	20	1	1	22	31744	960	0	1	0	960
108	2629	0	1	1	1	0	0	1	20	1	1	22	31744	960	0	1	0	960
108	2630	0	1	1	1	0	0	1	18	3	2	22	31744	960	0	1	0	960
108	2633	0	1	1	1	0	0	1	20	1	1	22	31744	960	0	1	0	960
108	2634	0	1	1	1	0	0	1	18	3	2	22	31744	960	0	1	0	960
108	2636	0	1	1	1	0	0	1	18	3	2	22	31744	960	0	1	0	960
108	2641	0	1	1	1	0	0	1	20	1	1	22	31744	960	0	1	0	960
108	2642	0	1	1	1	0	0	1	18	3	2	22	31744	960	0	1	0	960
108	2644	0	1	1	1	0	0	1	18	3	2	22	31744	960	0	1	0	960
108	2648	0	1	1	1	0	0	1	18	3	2	22	31744	960	0	1	0	960
108	2657	0	1	1	1	0	0	1	20	1	1	22	31744	960	0	1	0	960
108	2658	0	1	1	1	0	0	1	18	3	2	22	31744	960	0	1	0	960
108	2660	0	1	1	1	0	0	1	18	3	2	22	31744	960	0	1	0	960
108	2664	0	1	1	1	0	0	1	18	3	2	22	31744	960	0	1	0	960
108	2672	0	1	1	1	0	0	1	18	3	2	22	31744	960	0	1	0	960
108	2691	0	1	1	1	0	0	1	20	1	1	22	31744	960	0	1	0	960
108	2693	0	1	1	1	0	0	1	20	1	1	22	31744	960	0	1	0	960
108	2694	0	1	1	1	0	0	1	18	3	2	22	31744	960	0	1	0	960
108	2697	0	1	1	1	0	0	1	20	1	1	22	31744	960	0	1	0	960
108	2698	0	1	1	1	0	0	1	18	3	2	22	31744	960	0	1	0	960
108	2700	0	1	1	1	0	0	1	18	3	2	22	31744	960	0	1	0	960
108	2705	0	1	1	1	0	0	1	20	1	1	22	31744	960	0	1	0	960
108	2706	0	1	1	1	0	0	1	18	3	2	22	31744	960	0	1	0	960
108	2708	0	1	1	1	0	0	1	18	3	2	22	31744	960	0	1	0	960
108	2712	0	1	1	1	0	0	1	18	3	2	22	31744	960	0	1	0	960
108	2721	0	1	1	1	0	0	1	20	1	1	22	31744	960	0	1	0	960
108	2722	0	1	1	1	0	0	1	18	3	2	22	31744	960	0	1	0	960
108	2724	0	1	1	1	0	0	1	18	3	2	22	31744	960	0	1	0	960
108	2728	0	1	1	1	0	0	1	18	3	2	22	31744	960	0	1	0	960
108	2736	0	1	1	1	0	0	1	18	3	2	22	31744	960	0	1	0	960
108	2753	0	1	1	1	0	0	1	22	0	0	22	31744	960	0	1	0	960
108	2754	0	1	1	1	0	0	1	20	1	1	22	31744	960	0	1	0	960
108	2756	0	1	1	1	0	0	1	20	1	1	22	31744	960	0	1	0	960
108	2760	0	1	1	1	0	0	1	20	1	1	22	31744	960	0	1	0	960
108	2768	0	1	1	1	0	0	1	20	1	1	22	31744	960	0	1	0	960
108	2784	0	1	1	1	0	0	1	20	1	1	22	31744	960	0	1	0	960
108	2819	0	1	1	1	0	0	1	20	1	1	22	31744	960	0	1	0	960
108	2821	0	1	1	1	0	0	1	20	1	1	22	31744	960	0	1	0	960
108	2822	0	1	1	1	0	0	1	18	3	2	22	31744	960	0	1	0	960
108	2825	0	1	1	1	0	0	1	20	1	1	22	31744	960	0	1	0	960
108	2826	0	1	1	1	0	0	1	18	3	2	22	31744	960	0	1	0	960
108	2828	0	1	1	1	0	0	1	18	3	2	22	31744	960	0	1	0	960
108	2833	0	1	1	1	0	0	1	20	1	1	22	31744	960	0	1	0	960
108	2834	0	1	1	1	0	0	1	18	3	2	22	31744	960	0	1	0	960
108	2836	0	1	1	1	0	0	1	18	3	2	22	31744	960	0	1	0	960
108	2840	0	1	1	1	0	0	1	18	3	2	22	31744	960	0	1	0	960
108	2849	0	1	1	1	0	0	1	20	1	1	22	31744	960	0	1	0	960
108	2850	0	1	1	1	0	0	1	18	3	2	22	31744	960	0	1	0	960
108	2852	0	1	1	1	0	0	1	18	3	2	22	31744	960	0	1	0	960
108	2856	0	1	1	1	0	0	1	18	3	2	22	31744	960	0	1	0	960
108	2864	0	1	1	1	0	0	1	18	3	2	22	31744	960	0	1	0	960
108	2881	0	1	1	1	0	0	1	22	0	0	22	31744	960	0	1	0	960
108	2882	0	1	1	1	0	0	1	20	1	1	22	31744	960	0	1	0	960
108	2884	0	1	1	1	0	0	1	20	1	1	22	31744	960	0	1	0	960
108	2888	0	1	1	1	0	0	1	20	1	1	22	31744	960	0	1	0	960
108	2896	0	1	1	1	0	0	1	20	1	1	22	31744	960	0	1	0	960
108	2912	0	1	1	1	0	0	1	20	1	1	22	31744	960	0	1	0	960
108	2945	0	1	1	1	0	0	1	22	0	0	22	31744	960	0	1	0	960
108	2946	0	1	1	1	0	0	1	20	1	1	22	31744	960	0	1	0	960
108	2948	0	1	1	1	0	0	1	20	1	1	22	31744	960	0	1	0	960
108	2952	0	1	1	1	0	0	1	20	1	1	22	31744	960	0	1	0	960
108	2960	0	1	1	1	0	0	1	20	1	1	22	31744	960	0	1	0	960
108	2976	0	1	1	1	0	0	1	20	1	1	22	31744	960	0	1	0	960
108	3008	0	1	1	1	0	0	1	22	0	0	22	31744	960	0	1	0	960
108	3079	0	1	1	1	0	0	1	16	77	4	24	31744	896	0	1	0	896
108	3083	0	1	1	1	0	0	1	16	77	4	24	31744	896	0	1	0	896
108	3085	0	1	1	1	0	0	1	16	77	4	24	31744	896	0	1	0	896
108	3086	0	1	1	1	0	0	1	16	75	4	24	31744	896	0	1	0	896
108	3091	0	1	1	1	0	0	1	16	77	4	24	31744	896	0	1	0	896
108	3093	0	1	1	1	0	0	1	16	77	4	24	31744	896	0	1	0	896
108	3094	0	1	1	1	0	0	1	16	75	4	24	31744	896	0	1	0	896
108	3097	0	1	1	1	0	0	1	16	77	4	24	31744	896	0	1	0	896
108	3098	0	1	1	1	0	0	1	16	75	4	24	31744	896	0	1	0	896
108	3100	0	1	1	1	0	0	1	16	75	4	24	31744	896	0	1	0	896
108	3107	0	1	1	1	0	0	1	16	77	4	24	31744	896	0	1	0	896
108	3109	0	1	1	1	0	0	1	16	77	4	24	31744	896	0	1	0	896
108	3110	0	1	1	1	0	0	1	16	75	4	24	31744	896	0	1	0	896
108	3113	0	1	1	1	0	0	1	16	77	4	24	31744	896	0	1	0	896
108	3114	0	1	1	1	0	0	1	16	75	4	24	31744	896	0	1	0	896
108	3116	0	1	1	1	0	0	1	16	75	4	24	31744	896	0	1	0	896
108	3121	0	1	1	1	0	0	1	16	77	4	24	31744	896	0	1	0	896
108	3122	0	1	1	1	0	0	1	16	75	4	24	31744	896	0	1	0	896
108	3124	0	1	1	1	0	0	1	16	75	4	24	31744	896	0	1	0	896
108	3128	0	1	1	1	0	0	1	16	75	4	24	31744	896	0	1	0	896
108	3139	0	1	1	1	0	0	1	16	77	4	24	31744	896	0	1	0	896
108	3141	0	1	1	1	0	0	1	16	77	4	24	31744	896	0	1	0	896
108	3142	0	1	1	1	0	0	1	16	77	4	24	31744	896	0	1	0	896
108	3145	0	1	1	1	0	0	1	16	77	4	24	31744	896	0	1	0	896
108	3146	0	1	1	1	0	0	1	16	77	4	24	31744	896	0	1	0	896
108	3148	0	1	1	1	0	0	1	16	77	4	24	31744	896	0	1	0	896
108	3153	0	1	1	1	0	0	1	16	77	4	24	31744	896	0	1	0	896
108	3154	0	1	1	1	0	0	1	16	77	4	24	31744	896	0	1	0	896
108	3156	0	1	1	1	0	0	1	16	77	4	24	31744	896	0	1	0	896
108	3160	0	1	1	1	0	0	1	16	77	4	24	31744	896	0	1	0	896
108	3169	0	1	1	1	0	0	1	16	77	4	24	31744	896	0	1	0	896
108	3170	0	1	1	1	0	0	1	16	77	4	24	31744	896	0	1	0	896
108	3172	0	1	1	1	0	0	1	16	77	4	24	31744	896	0	1	0	896
108	3176	0	1	1	1	0	0	1	16	77	4	24	31744	896	0	1	0	896
108	3184	0	1	1	1	0	0	1	16	77	4	24	31744	896	0	1	0	896
108	3203	0	1	1	1	0	0	1	16	77	4	24	31744	896	0	1	0	896
108	3205	0	1	1	1	0	0	1	16	77	4	24	31744	896	0	1	0	896
108	3206	0	1	1	1	0	0	1	16	77	4	24	31744	896	0	1	0	896
108	3209	0	1	1	1	0	0	1	16	77	4	24	31744	896	0	1	0	896
108	3210	0	1	1	1	0	0	1	16	77	4	24	31744	896	0	1	0	896
108	3212	0	1	1	1	0	0	1	16	77	4	24	31744	896	0	1	0	896
108	3217	0	1	1	1	0	0	1	16	77	4	24	31744	896	0	1	0	896
108	3218	0	1	1	1	0	0	1	16	77	4	24	31744	896	0	1	0	896
108	3220	0	1	1	1	0	0	1	16	77	4	24	31744	896	0	1	0	896
108	3224	0	1	1	1	0	0	1	16	77	4	24	31744	896	0	1	0	896
108	3233	0	1	1	1	0	0	1	16	77	4	24	31744	896	0	1	0	896
108	3234	0	1	1	1	0	0	1	16	77	4	24	31744	896	0	1	0	896
108	3236	0	1	1	1	0	0	1	16	77	4	24	31744	896	0	1	0	896
108	3240	0	1	1	1	0	0	1	16	77	4	24	31744	896	0	1	0	896
108	3248	0	1	1	1	0	0	1	16	77	4	24	31744	896	0	1	0	896
108	3265	0	1	1	1	0	0	1	16	75	4	24	31744	896	0	1	0	896
108	3266	0	1	1	1	0	0	1	16	77	4	24	31744	896	0	1	0	896
108	3268	0	1	1	1	0	0	1	16	77	4	24	31744	896	0	1	0	896
108	3272	0	1	1	1	0	0	1	16	77	4	24	31744	896	0	1	0	896
108	3280	0	1	1	1	0	0	1	16	77	4	24	31744	896	0	1	0	896
108	3296	0	1	1	1	0	0	1	16	77	4	24	31744	896	0	1	0	896
108	3331	0	1	1	1	0	0	1	16	77	4	24	31744	896	0	1	0	896
108	3333	0	1	1	1	0	0	1	16	77	4	24	31744	896	0	1	0	896
108	3334	0	1	1	1	0	0	1	16	77	4	24	31744	896	0	1	0	896
108	3337	0	1	1	1	0	0	1	16	77	4	24	31744	896	0	1	0	896
108	3338	0	1	1	1	0	0	1	16	77	4	24	31744	896	0	1	0	896
108	3340	0	1	1	1	0	0	1	16	77	4	24	31744	896	0	1	0	896
108	3345	0	1	1	1	0	0	1	16	77	4	24	31744	896	0	1	0	896
108	3346	0	1	1	1	0	0	1	16	77	4	24	31744	896	0	1	0	896
108	3348	0	1	1	1	0	0	1	16	77	4	24	31744	896	0	1	0	896
108	3352	0	1	1	1	0	0	1	16	77	4	24	31744	896	0	1	0	896
108	3361	0	1	1	1	0	0	1	16	77	4	24	31744	896	0	1	0	896
108	3362	0	1	1	1	0	0	1	16	77	4	24	31744	896	0	1	0	896
108	3364	0	1	1	1	0	0	1	16	77	4	24	31744	896	0	1	0	896
108	3368	0	1	1	1	0	0	1	16	77	4	24	31744	896	0	1	0	896
108	3376	0	1	1	1	0	0	1	16	77	4	24	31744	896	0	1	0	896
108	3393	0	1	1	1	0	0	1	16	75	4	24	31744	896	0	1	0	896
108	3394	0	1	1	1	0	0	1	16	77	4	24	31744	896	0	1	0	896
108	3396	0	1	1	1	0	0	1	16	77	4	24	31744	896	0	1	0	896
108	3400	0	1	1	1	0	0	1	16	77	4	24	31744	896	0	1	0	896
108	3408	0	1	1	1	0	0	1	16	77	4	24	31744	896	0	1	0	896
108	3424	0	1	1	1	0	0	1	16	77	4	24	31744	896	0	1	0	896
108	3457	0	1	1	1	0	0	1	16	75	4	24	31744	896	0	1	0	896
108	3458	0	1	1	1	0	0	1	16	77	4	24	31744	896	0	1	0	896
108	3460	0	1	1	1	0	0	1	16	77	4	24	31744	896	0	1	0	896
108	3464	0	1	1	1	0	0	1	16	77	4	24	31744	896	0	1	0	896
108	3472	0	1	1	1	0	0	1	16	77	4	24	31744	896	0	1	0	896
108	3488	0	1	1	1	0	0	1	16	77	4	24	31744	896	0	1	0	896
108	3520	0	1	1	1	0	0	1	16	75	4	24	31744	896	0	1	0	896
108	3587	0	1	1	1	0	0	1	16	77	4	24	31744	896	0	1	0	896
108	3589	0	1	1	1	0	0	1	16	77	4	24	31744	896	0	1	0	896
108	3590	0	1	1	1	0	0	1	16	77	4	24	31744	896	0	1	0	896
108	3593	0	1	1	1	0	0	1	16	77	4	24	31744	896	0	1	0	896
108	3594	0	1	1	1	0	0	1	16	77	4	24	31744	896	0	1	0	896
108	3596	0	1	1	1	0	0	1	16	77	4	24	31744	896	0	1	0	896
108	3601	0	1	1	1	0	0	1	16	77	4	24	31744	896	0	1	0	896
108	3602	0	1	1	1	0	0	1	16	77	4	24	31744	896	0	1	0	896
108	3604	0	1	1	1	0	0	1	16	77	4	24	31744	896	0	1	0	896
108	3608	0	1	1	1	0	0	1	16	77	4	24	31744	896	0	1	0	896
108	3617	0	1	1	1	0	0	1	16	77	4	24	31744	896	0	1	0	896
108	3618	0	1	1	1	0	0	1	16	77	4	24	31744	896	0	1	0	896
108	3620	0	1	1	1	0	0	1	16	77	4	24	31744	896	0	1	0	896
108	3624	0	1	1	1	0	0	1	16	77	4	24	31744	896	0	1	0	896
108	3632	0	1	1	1	0	0	1	16	77	4	24	31744	896	0	1	0	896
108	3649	0	1	1	1	0	0	1	16	75	4	24	31744	896	0	1	0	896
108	3650	0	1	1	1	0	0	1	16	77	4	24	31744	896	0	1	0	896
108	3652	0	1	1	1	0	0	1	16	77	4	24	31744	896	0	1	0	896
108	3656	0	1	1	1	0	0	1	16	77	4	24	31744	896	0	1	0	896
108	3664	0	1	1	1	0	0	1	16	77	4	24	31744	896	0	1	0	896
108	3680	0	1	1	1	0	0	1	16	77	4	24	31744	896	0	1	0	896
108	3713	0	1	1	1	0	0	1	16	75	4	24	31744	896	0	1	0	896
108	3714	0	1	1	1	0	0	1	16	77	4	24	31744	896	0	1	0	896
108	3716	0	1	1	1	0	0	1	16	77	4	24	31744	896	0	1	0	896
108	3720	0	1	1	1	0	0	1	16	77	4	24	31744	896	0	1	0	896
108	3728	0	1	1	1	0	0	1	16	77	4	24	31744	896	0	1	0	896
108	3744	0	1	1	1	0	0	1	16	77	4	24	31744	896	0	1	0	896
108	3776	0	1	1	1	0	0	1	16	75	4	24	31744	896	0	1	0	896
108	3841	0	1	1	1	0	0	1	16	75	4	24	31744	896	0	1	0	896
108	3842	0	1	1	1	0	0	1	16	77	4	24	31744	896	0	1	0	896
108	3844	0	1	1	1	0	0	1	16	77	4	24	31744	896	0	1	0	896
108	3848	0	1	1	1	0	0	1	16	77	4	24	31744	896	0	1	0	896
108	3856	0	1	1	1	0	0	1	16	77	4	24	31744	896	0	1	0	896
108	3872	0	1	1	1	0	0	1	16	77	4	24	31744	896	0	1	0	896
108	3904	0	1	1	1	0	0	1	16	75	4	24	31744	896	0	1	0	896
108	3968	0	1	1	1	0	0	1	16	75	4	24	31744	896	0	1	0	896
108	4111	1	1	0	1	0	0	1	18	75	4	26	31744	960	0	0	0	960
108	4119	1	1	0	1	0	0	1	18	75	4	26	31744	960	0	0	0	960
108	4123	1	1	0	1	0	0	1	18	75	4	26	31744	960	0	0	0	960
108	4125	1	1	0	1	0	0	1	18	75	4	26	31744	960	0	0	0	960
108	4126	1	2	0	1	0	0	1	18	75	4	26	31744	960	0	0	0	832,960
108	4135	1	1	0	1	0	0	1	18	75	4	26	31744	960	0	0	0	960
108	4139	1	1	0	1	0	0	1	18	75	4	26	31744	960	0	0	0	960
108	4141	1	1	0	1	0	0	1	18	75	4	26	31744	960	0	0	0	960
108	4142	1	2	0	1	0	0	1	18	75	4	26	31744	960	0	0	0	832,960
108	4147	1	1	0	1	0	0	1	18	75	4	26	31744	960	0	0	0	960
108	4149	1	1	0	1	0	0	1	18	75	4	26	31744	960	0	0	0	960
108	4150	1	2	0	1	0	0	1	18	75	4	26	31744	960	0	0	0	832,960
108	4153	1	1	0	1	0	0	1	18	75	4	26	31744	960	0	0	0	960
108	4154	1	2	0	1	0	0	1	18	75	4	26	31744	960	0	0	0	832,960
108	4156	1	2	0	1	0	0	1	18	75	4	26	31744	960	0	0	0	832,960
108	4167	1	1	0	1	0	0	1	18	75	4	26	31744	960	0	0	0	960
108	4171	1	1	0	1	0	0	1	18	75	4	26	31744	960	0	0	0	960
108	4173	1	1	0	1	0	0	1	18	75	4	26	31744	960	0	0	0	960
108	4174	1	1	0	1	0	0	1	18	75	4	26	31744	960	0	0	0	960
108	4179	1	1	0	1	0	0	1	18	75	4	26	31744	960	0	0	0	960
108	4181	1	1	0	1	0	0	1	18	75	4	26	31744	960	0	0	0	960
108	4182	1	1	0	1	0	0	1	18	75	4	26	31744	960	0	0	0	960
108	4185	1	1	0	1	0	0	1	18	75	4	26	31744	960	0	0	0	960
108	4186	1	1	0	1	0	0	1	18	75	4	26	31744	960	0	0	0	960
108	4188	1	1	0	1	0	0	1	18	75	4	26	31744	960	0	0	0	960
108	4195	1	1	0	1	0	0	1	18	75	4	26	31744	960	0	0	0	960
108	4197	1	1	0	1	0	0	1	18	75	4	26	31744	960	0	0	0	960
108	4198	1	1	0	1	0	0	1	18	75	4	26	31744	960	0	0	0	960
108	4201	1	1	0	1	0	0	1	18	75	4	26	31744	960	0	0	0	960
108	4202	1	1	0	1	0	0	1	18	75	4	26	31744	960	0	0	0	960
108	4204	1	1	0	1	0	0	1	18	75	4	26	31744	960	0	0	0	960
108	4209	1	1	0	1	0	0	1	18	75	4	26	31744	960	0	0	0	960
108	4210	1	1	0	1	0	0	1	18	75	4	26	31744	960	0	0	0	960
108	4212	1	1	0	1	0	0	1	18	75	4	26	31744	960	0	0	0	960
108	4216	1	1	0	1	0	0	1	18	75	4	26	31744	960	0	0	0	960
108	4231	1	1	0	1	0	0	1	18	75	4	26	31744	960	0	0	0	960
108	4235	1	1	0	1	0	0	1	18	75	4	26	31744	960	0	0	0	960
108	4237	1	1	0	1	0	0	1	18	75	4	26	31744	960	0	0	0	960
108	4238	1	1	0	1	0	0	1	18	75	4	26	31744	960	0	0	0	960
108	4243	1	1	0	1	0	0	1	18	75	4	26	31744	960	0	0	0	960
108	4245	1	1	0	1	0	0	1	18	75	4	26	31744	960	0	0	0	960
108	4246	1	1	0	1	0	0	1	18	75	4	26	31744	960	0	0	0	960
108	4249	1	1	0	1	0	0	1	18	75	4	26	31744	960	0	0	0	960
108	4250	1	1	0	1	0	0	1	18	75	4	26	31744	960	0	0	0	960
108	4252	1	1	0	1	0	0	1	18	75	4	26	31744	960	0	0	0	960
108	4259	1	1	0	1	0	0	1	18	75	4	26	31744	960	0	0	0	960
108	4261	1	1	0	1	0	0	1	18	75	4	26	31744	960	0	0	0	960
108	4262	1	1	0	1	0	0	1	18	75	4	26	31744	960	0	0	0	960
108	4265	1	1	0	1	0	0	1	18	75	4	26	31744	960	0	0	0	960
108	4266	1	1	0	1	0	0	1	18	75	4	26	31744	960	0	0	0	960
108	4268	1	1	0	1	0	0	1	18	75	4	26	31744	960	0	0	0	960
108	4273	1	1	0	1	0	0	1	18	75	4	26	31744	960	0	0	0	960
108	4274	1	1	0	1	0	0	1	18	75	4	26	31744	960	0	0	0	960
108	4276	1	1	0	1	0	0	1	18	75	4	26	31744	960	0	0	0	960
108	4280	1	1	0	1	0	0	1	18	75	4	26	31744	960	0	0	0	960
108	4291	1	1	0	1	0	0	1	18	75	4	26	31744	960	0	0	0	960
108	4293	1	1	0	1	0	0	1	18	75	4	26	31744	960	0	0	0	960
108	4294	1	1	0	1	0	0	1	18	75	4	26	31744	960	0	0	0	960
108	4297	1	1	0	1	0	0	1	18	75	4	26	31744	960	0	0	0	960
108	4298	1	1	0	1	0	0	1	18	75	4	26	31744	960	0	0	0	960
108	4300	1	1	0	1	0	0	1	18	75	4	26	31744	960	0	0	0	960
108	4305	1	1	0	1	0	0	1	18	75	4	26	31744	960	0	0	0	960
108	4306	1	1	0	1	0	0	1	18	75	4	26	31744	960	0	0	0	960
108	4308	1	1	0	1	0	0	1	18	75	4	26	31744	960	0	0	0	960
108	4312	1	1	0	1	0	0	1	18	75	4	26	31744	960	0	0	0	960
108	4321	1	1	0	1	0	0	1	18	75	4	26	31744	960	0	0	0	960
108	4322	1	1	0	1	0	0	1	18	75	4	26	31744	960	0	0	0	960
108	4324	1	1	0	1	0	0	1	18	75	4	26	31744	960	0	0	0	960
108	4328	1	1	0	1	0	0	1	18	75	4	26	31744	960	0	0	0	960
108	4336	1	1	0	1	0	0	1	18	75	4	26	31744	960	0	0	0	960
108	4359	1	1	0	1	0	0	1	18	75	4	26	31744	960	0	0	0	960
108	4363	1	1	0	1	0	0	1	18	75	4	26	31744	960	0	0	0	960
108	4365	1	1	0	1	0	0	1	18	75	4	26	31744	960	0	0	0	960
108	4366	1	1	0	1	0	0	1	18	75	4	26	31744	960	0	0	0	960
108	4371	1	1	0	1	0	0	1	18	75	4	26	31744	960	0	0	0	960
108	4373	1	1	0	1	0	0	1	18	75	4	26	31744	960	0	0	0	960
108	4374	1	1	0	1	0	0	1	18	75	4	26	31744	960	0	0	0	960
108	4377	1	1	0	1	0	0	1	18	75	4	26	31744	960	0	0	0	960
108	4378	1	1	0	1	0	0	1	18	75	4	26	31744	960	0	0	0	960
108	4380	1	1	0	1	0	0	1	18	75	4	26	31744	960	0	0	0	960
108	4387	1	1	0	1	0	0	1	18	75	4	26	31744	960	0	0	0	960
108	4389	1	1	0	1	0	0	1	18	75	4	26	31744	960	0	0	0	960
108	4390	1	1	0	1	0	0	1	18	75	4	26	31744	960	0	0	0	960
108	4393	1	1	0	1	0	0	1	18	75	4	26	31744	960	0	0	0	960
108	4394	1	1	0	1	0	0	1	18	75	4	26	31744	960	0	0	0	960
108	4396	1	1	0	1	0	0	1	18	75	4	26	31744	960	0	0	0	960
108	4401	1	1	0	1	0	0	1	18	75	4	26	31744	960	0	0	0	960
108	4402	1	1	0	1	0	0	1	18	75	4	26	31744	960	0	0	0	960
108	4404	1	1	0	1	0	0	1	18	75	4	26	31744	960	0	0	0	960
108	4408	1	1	0	1	0	0	1	18	75	4	26	31744	960	0	0	0	960
108	4419	1	1	0	1	0	0	1	18	75	4	26	31744	960	0	0	0	960
108	4421	1	1	0	1	0	0	1	18	75	4	26	31744	960	0	0	0	960
108	4422	1	1	0	1	0	0	1	18	75	4	26	31744	960	0	0	0	960
108	4425	1	1	0	1	0	0	1	18	75	4	26	31744	960	0	0	0	960
108	4426	1	1	0	1	0	0	1	18	75	4	26	31744	960	0	0	0	960
108	4428	1	1	0	1	0	0	1	18	75	4	26	31744	960	0	0	0	960
108	4433	1	1	0	1	0	0	1	18	75	4	26	31744	960	0	0	0	960
108	4434	1	1	0	1	0	0	1	18	75	4	26	31744	960	0	0	0	960
108	4436	1	1	0	1	0	0	1	18	75	4	26	31744	960	0	0	0	960
108	4440	1	1	0	1	0	0	1	18	75	4	26	31744	960	0	0	0	960
108	4449	1	1	0	1	0	0	1	18	75	4	26	31744	960	0	0	0	960
108	4450	1	1	0	1	0	0	1	18	75	4	26	31744	960	0	0	0	960
108	4452	1	1	0	1	0	0	1	18	75	4	26	31744	960	0	0	0	960
108	4456	1	1	0	1	0	0	1	18	75	4	26	31744	960	0	0	0	960
108	4464	1	1	0	1	0	0	1	18	75	4	26	31744	960	0	0	0	960
108	4483	1	1	0	1	0	0	1	18	75	4	26	31744	960	0	0	0	960
108	4485	1	1	0	1	0	0	1	18	75	4	26	31744	960	0	0	0	960
108	4486	1	1	0	1	0	0	1	18	75	4	26	31744	960	0	0	0	960
108	4489	1	1	0	1	0	0	1	18	75	4	26	31744	960	0	0	0	960
108	4490	1	1	0	1	0	0	1	18	75	4	26	31744	960	0	0	0	960
108	4492	1	1	0	1	0	0	1	18	75	4	26	31744	960	0	0	0	960
108	4497	1	1	0	1	0	0	1	18	75	4	26	31744	960	0	0	0	960
108	4498	1	1	0	1	0	0	1	18	75	4	26	31744	960	0	0	0	960
108	4500	1	1	0	1	0	0	1	18	75	4	26	31744	960	0	0	0	960
108	4504	1	1	0	1	0	0	1	18	75	4	26	31744	960	0	0	0	960
108	4513	1	1	0	1	0	0	1	18	75	4	26	31744	960	0	0	0	960
108	4514	1	1	0	1	0	0	1	18	75	4	26	31744	960	0	0	0	960
108	4516	1	1	0	1	0	0	1	18	75	4	26	31744	960	0	0	0	960
108	4520	1	1	0	1	0	0	1	18	75	4	26	31744	960	0	0	0	960
108	4528	1	1	0	1	0	0	1	18	75	4	26	31744	960	0	0	0	960
108	4545	1	2	0	1	0	0	1	18	75	4	26	31744	960	0	0	0	896,960
108	4546	1	1	0	1	0	0	1	18	75	4	26	31744	960	0	0	0	960
108	4548	1	1	0	1	0	0	1	18	75	4	26	31744	960	0	0	0	960
108	4552	1	1	0	1	0	0	1	18	75	4	26	31744	960	0	0	0	960
108	4560	1	1	0	1	0	0	1	18	75	4	26	31744	960	0	0	0	960
108	4576	1	1	0	1	0	0	1	18	75	4	26	31744	960	0	0	0	960
108	4615	1	1	0	1	0	0	1	18	75	4	26	31744	960	0	0	0	960
108	4619	1	1	0	1	0	0	1	18	75	4	26	31744	960	0	0	0	960
108	4621	1	1	0	1	0	0	1	18	75	4	26	31744	960	0	0	0	960
108	4622	1	1	0	1	0	0	1	18	75	4	26	31744	960	0	0	0	960
108	4627	1	1	0	1	0	0	1	18	75	4	26	31744	960	0	0	0	960
108	4629	1	1	0	1	0	0	1	18	75	4	26	31744	960	0	0	0	960
108	4630	1	1	0	1	0	0	1	18	75	4	26	31744	960	0	0	0	960
108	4633	1	1	0	1	0	0	1	18	75	4	26	31744	960	0	0	0	960
108	4634	1	1	0	1	0	0	1	18	75	4	26	31744	960	0	0	0	960
108	4636	1	1	0	1	0	0	1	18	75	4	26	31744	960	0	0	0	960
108	4643	1	1	0	1	0	0	1	18	75	4	26	31744	960	0	0	0	960
108	4645	1	1	0	1	0	0	1	18	75	4	26	31744	960	0	0	0	960
108	4646	1	1	0	1	0	0	1	18	75	4	26	31744	960	0	0	0	960
108	4649	1	1	0	1	0	0	1	18	75	4	26	31744	960	0	0	0	960
108	4650	1	1	0	1	0	0	1	18	75	4	26	31744	960	0	0	0	960
108	4652	1	1	0	1	0	0	1	18	75	4	26	31744	960	0	0	0	960
108	4657	1	1	0	1	0	0	1	18	75	4	26	31744	960	0	0	0	960
108	4658	1	1	0	1	0	0	1	18	75	4	26	31744	960	0	0	0	960
108	4660	1	1	0	1	0	0	1	18	75	4	26	31744	960	0	0	0	960
108	4664	1	1	0	1	0	0	1	18	75	4	26	31744	960	0	0	0	960
108	4675	1	1	0	1	0	0	1	18	75	4	26	31744	960	0	0	0	960
108	4677	1	1	0	1	0	0	1	18	75	4	26	31744	960	0	0	0	960
108	4678	1	1	0	1	0	0	1	18	75	4	26	31744	960	0	0	0	960
108	4681	1	1	0	1	0	0	1	18	75	4	26	31744	960	0	0	0	960
108	4682	1	1	0	1	0	0	1	18	75	4	26	31744	960	0	0	0	960
108	4684	1	1	0	1	0	0	1	18	75	4	26	31744	960	0	0	0	960
108	4689	1	1	0	1	0	0	1	18	75	4	26	31744	960	0	0	0	960
108	4690	1	1	0	1	0	0	1	18	75	4	26	31744	960	0	0	0	960
108	4692	1	1	0	1	0	0	1	18	75	4	26	31744	960	0	0	0	960
108	4696	1	1	0	1	0	0	1	18	75	4	26	31744	960	0	0	0	960
108	4705	1	1	0	1	0	0	1	18	75	4	26	31744	960	0	0	0	960
108	4706	1	1	0	1	0	0	1	18	75	4	26	31744	960	0	0	0	960
108	4708	1	1	0	1	0	0	1	18	75	4	26	31744	960	0	0	0	960
108	4712	1	1	0	1	0	0	1	18	75	4	26	31744	960	0	0	0	960
108	4720	1	1	0	1	0	0	1	18	75	4	26	31744	960	0	0	0	960
108	4739	1	1	0	1	0	0	1	18	75	4	26	31744	960	0	0	0	960
108	4741	1	1	0	1	0	0	1	18	75	4	26	31744	960	0	0	0	960
108	4742	1	1	0	1	0	0	1	18	75	4	26	31744	960	0	0	0	960
108	4745	1	1	0	1	0	0	1	18	75	4	26	31744	960	0	0	0	960
108	4746	1	1	0	1	0	0	1	18	75	4	26	31744	960	0	0	0	960
108	4748	1	1	0	1	0	0	1	18	75	4	26	31744	960	0	0	0	960
108	4753	1	1	0	1	0	0	1	18	75	4	26	31744	960	0	0	0	960
108	4754	1	1	0	1	0	0	1	18	75	4	26	31744	960	0	0	0	960
108	4756	1	1	0	1	0	0	1	18	75	4	26	31744	960	0	0	0	960
108	4760	1	1	0	1	0	0	1	18	75	4	26	31744	960	0	0	0	960
108	4769	1	1	0	1	0	0	1	18	75	4	26	31744	960	0	0	0	960
108	4770	1	1	0	1	0	0	1	18	75	4	26	31744	960	0	0	0	960
108	4772	1	1	0	1	0	0	1	18	75	4	26	31744	960	0	0	0	960
108	4776	1	1	0	1	0	0	1	18	75	4	26	31744	960	0	0	0	960
108	4784	1	1	0	1	0	0	1	18	75	4	26	31744	960	0	0	0	960
108	4801	1	2	0	1	0	0	1	18	75	4	26	31744	960	0	0	0	896,960
108	4802	1	1	0	1	0	0	1	18	75	4	26	31744	960	0	0	0	960
108	4804	1	1	0	1	0	0	1	18	75	4	26	31744	960	0	0	0	960
108	4808	1	1	0	1	0	0	1	18	75	4	26	31744	960	0	0	0	960
108	4816	1	1	0	1	0	0	1	18	75	4	26	31744	960	0	0	0	960
108	4832	1	1	0	1	0	0	1	18	75	4	26	31744	960	0	0	0	960
108	4867	1	1	0	1	0	0	1	18	75	4	26	31744	960	0	0	0	960
108	4869	1	1	0	1	0	0	1	18	75	4	26	31744	960	0	0	0	960
108	4870	1	1	0	1	0	0	1	18	75	4	26	31744	960	0	0	0	960
108	4873	1	1	0	1	0	0	1	18	75	4	26	31744	960	0	0	0	960
108	4874	1	1	0	1	0	0	1	18	75	4	26	31744	960	0	0	0	960
108	4876	1	1	0	1	0	0	1	18	75	4	26	31744	960	0	0	0	960
108	4881	1	1	0	1	0	0	1	18	75	4	26	31744	960	0	0	0	960
108	4882	1	1	0	1	0	0	1	18	75	4	26	31744	960	0	0	0	960
108	4884	1	1	0	1	0	0	1	18	75	4	26	31744	960	0	0	0	960
108	4888	1	1	0	1	0	0	1	18	75	4	26	31744	960	0	0	0	960
108	4897	1	1	0	1	0	0	1	18	75	4	26	31744	960	0	0	0	960
108	4898	1	1	0	1	0	0	1	18	75	4	26	31744	960	0	0	0	960
108	4900	1	1	0	1	0	0	1	18	75	4	26	31744	960	0	0	0	960
108	4904	1	1	0	1	0	0	1	18	75	4	26	31744	960	0	0	0	960
108	4912	1	1	0	1	0	0	1	18	75	4	26	31744	960	0	0	0	960
108	4929	1	2	0	1	0	0	1	18	75	4	26	31744	960	0	0	0	896,960
108	4930	1	1	0	1	0	0	1	18	75	4	26	31744	960	0	0	0	960
108	4932	1	1	0	1	0	0	1	18	75	4	26	31744	960	0	0	0	960
108	4936	1	1	0	1	0	0	1	18	75	4	26	31744	960	0	0	0	960
108	4944	1	1	0	1	0	0	1	18	75	4	26	31744	960	0	0	0	960
108	4960	1	1	0	1	0	0	1	18	75	4	26	31744	960	0	0	0	960
108	4993	1	2	0	1	0	0	1	18	75	4	26	31744	960	0	0	0	896,960
108	4994	1	1	0	1	0	0	1	18	75	4	26	31744	960	0	0	0	960
108	4996	1	1	0	1	0	0	1	18	75	4	26	31744	960	0	0	0	960
108	5000	1	1	0	1	0	0	1	18	75	4	26	31744	960	0	0	0	960
108	5008	1	1	0	1	0	0	1	18	75	4	26	31744	960	0	0	0	960
108	5024	1	1	0	1	0	0	1	18	75	4	26	31744	960	0	0	0	960
108	5056	1	2	0	1	0	0	1	18	75	4	26	31744	960	0	0	0	896,960
108	5127	0	1	1	1	0	0	1	20	77	4	28	31744	896	0	1	0	896
108	5131	0	1	1	1	0	0	1	20	77	4	28	31744	896	0	1	0	896
108	5133	0	1	1	1	0	0	1	20	77	4	28	31744	896	0	1	0	896
108	5134	0	1	1	1	0	0	1	22	11	3	28	31744	896	0	1	0	896
108	5139	0	1	1	1	0	0	1	20	77	4	28	31744	896	0	1	0	896
108	5141	0	1	1	1	0	0	1	20	77	4	28	31744	896	0	1	0	896
108	5142	0	1	1	1	0	0	1	22	11	3	28	31744	896	0	1	0	896
108	5145	0	1	1	1	0	0	1	20	77	4	28	31744	896	0	1	0	896
108	5146	0	1	1	1	0	0	1	22	11	3	28	31744	896	0	1	0	896
108	5148	0	1	1	1	0	0	1	22	11	3	28	31744	896	0	1	0	896
108	5155	0	1	1	1	0	0	1	20	77	4	28	31744	896	0	1	0	896
108	5157	0	1	1	1	0	0	1	20	77	4	28	31744	896	0	1	0	896
108	5158	0	1	1	1	0	0	1	22	11	3	28	31744	896	0	1	0	896
108	5161	0	1	1	1	0	0	1	20	77	4	28	31744	896	0	1	0	896
108	5162	0	1	1	1	0	0	1	22	11	3	28	31744	896	0	1	0	896
108	5164	0	1	1	1	0	0	1	22	11	3	28	31744	896	0	1	0	896
108	5169	0	1	1	1	0	0	1	20	77	4	28	31744	896	0	1	0	896
108	5170	0	1	1	1	0	0	1	22	11	3	28	31744	896	0	1	0	896
108	5172	0	1	1	1	0	0	1	22	11	3	28	31744	896	0	1	0	896
108	5176	0	1	1	1	0	0	1	22	11	3	28	31744	896	0	1	0	896
108	5187	0	1	1	1	0	0	1	18	94	5	28	31744	896	0	1	0	896
108	5189	0	1	1	1	0	0	1	18	94	5	28	31744	896	0	1	0	896
108	5190	0	1	1	1	0	0	1	20	77	4	28	31744	896	0	1	0	896
108	5193	0	1	1	1	0	0	1	18	94	5	28	31744	896	0	1	0	896
108	5194	0	1	1	1	0	0	1	20	77	4	28	31744	896	0	1	0	896
108	5196	0	1	1	1	0	0	1	20	77	4	28	31744	896	0	1	0	896
108	5201	0	1	1	1	0	0	1	18	94	5	28	31744	896	0	1	0	896
108	5202	0	1	1	1	0	0	1	20	77	4	28	31744	896	0	1	0	896
108	5204	0	1	1	1	0	0	1	20	77	4	28	31744	896	0	1	0	896
108	5208	0	1	1	1	0	0	1	20	77	4	28	31744	896	0	1	0	896
108	5217	0	1	1	1	0	0	1	18	94	5	28	31744	896	0	1	0	896
108	5218	0	1	1	1	0	0	1	20	77	4	28	31744	896	0	1	0	896
108	5220	0	1	1	1	0	0	1	20	77	4	28	31744	896	0	1	0	896
108	5224	0	1	1	1	0	0	1	20	77	4	28	31744	896	0	1	0	896
108	5232	0	1	1	1	0	0	1	20	77	4	28	31744	896	0	1	0	896
108	5251	0	1	1	1	0	0	1	18	94	5	28	31744	896	0	1	0	896
108	5253	0	1	1	1	0	0	1	18	94	5	28	31744	896	0	1	0	896
108	5254	0	1	1	1	0	0	1	20	77	4	28	31744	896	0	1	0	896
108	5257	0	1	1	1	0	0	1	18	94	5	28	31744	896	0	1	0	896
108	5258	0	1	1	1	0	0	1	20	77	4	28	31744	896	0	1	0	896
108	5260	0	1	1	1	0	0	1	20	77	4	28	31744	896	0	1	0	896
108	5265	0	1	1	1	0	0	1	18	94	5	28	31744	896	0	1	0	896
108	5266	0	1	1	1	0	0	1	20	77	4	28	31744	896	0	1	0	896
108	5268	0	1	1	1	0	0	1	20	77	4	28	31744	896	0	1	0	896
108	5272	0	1	1	1	0	0	1	20	77	4	28	31744	896	0	1	0	896
108	5281	0	1	1	1	0	0	1	18	94	5	28	31744	896	0	1	0	896
108	5282	0	1	1	1	0	0	1	20	77	4	28	31744	896	0	1	0	896
108	5284	0	1	1	1	0	0	1	20	77	4	28	31744	896	0	1	0	896
108	5288	0	1	1	1	0	0	1	20	77	4	28	31744	896	0	1	0	896
108	5296	0	1	1	1	0	0	1	20	77	4	28	31744	896	0	1	0	896
108	5313	0	1	1	1	0	0	1	16	222	6	28	31744	896	0	1	0	896
108	5314	0	1	1	1	0	0	1	18	94	5	28	31744	896	0	1	0	896
108	5316	0	1	1	1	0	0	1	18	94	5	28	31744	896	0	1	0	896
108	5320	0	1	1	1	0	0	1	18	94	5	28	31744	896	0	1	0	896
108	5328	0	1	1	1	0	0	1	18	94	5	28	31744	896	0	1	0	896
108	5344	0	1	1	1	0	0	1	18	94	5	28	31744	896	0	1	0	896
108	5379	0	1	1	1	0	0	1	18	94	5	28	31744	896	0	1	0	896
108	5381	0	1	1	1	0	0	1	18	94	5	28	31744	896	0	1	0	896
108	5382	0	1	1	1	0	0	1	20	77	4	28	31744	896	0	1	0	896
108	5385	0	1	1	1	0	0	1	18	94	5	28	31744	896	0	1	0	896
108	5386	0	1	1	1	0	0	1	20	77	4	28	31744	896	0	1	0	896
108	5388	0	1	1	1	0	0	1	20	77	4	28	31744	896	0	1	0	896
108	5393	0	1	1	1	0	0	1	18	94	5	28	31744	896	0	1	0	896
108	5394	0	1	1	1	0	0	1	20	77	4	28	31744	896	0	1	0	896
108	5396	0	1	1	1	0	0	1	20	77	4	28	31744	896	0	1	0	896
108	5400	0	1	1	1	0	0	1	20	77	4	28	31744	896	0	1	0	896
108	5409	0	1	1	1	0	0	1	18	94	5	28	31744	896	0	1	0	896
108	5410	0	1	1	1	0	0	1	20	77	4	28	31744	896	0	1	0	896
108	5412	0	1	1	1	0	0	1	20	77	4	28	31744	896	0	1	0	896
108	5416	0	1	1	1	0	0	1	20	77	4	28	31744	896	0	1	0	896
108	5424	0	1	1	1	0	0	1	20	77	4	28	31744	896	0	1	0	896
108	5441	0	1	1	1	0	0	1	16	222	6	28	31744	896	0	1	0	896
108	5442	0	1	1	1	0	0	1	18	94	5	28	31744	896	0	1	0	896
108	5444	0	1	1	1	0	0	1	18	94	5	28	31744	896	0	1	0	896
108	5448	0	1	1	1	0	0	1	18	94	5	28	31744	896	0	1	0	896
108	5456	0	1	1	1	0	0	1	18	94	5	28	31744	896	0	1	0	896
108	5472	0	1	1	1	0	0	1	18	94	5	28	31744	896	0	1	0	896
108	5505	0	1	1	1	0	0	1	16	222	6	28	31744	896	0	1	0	896
108	5506	0	1	1	1	0	0	1	18	94	5	28	31744	896	0	1	0	896
108	5508	0	1	1	1	0	0	1	18	94	5	28	31744	896	0	1	0	896
108	5512	0	1	1	1	0	0	1	18	94	5	28	31744	896	0	1	0	896
108	5520	0	1	1	1	0	0	1	18	94	5	28	31744	896	0	1	0	896
108	5536	0	1	1	1	0	0	1	18	94	5	28	31744	896	0	1	0	896
108	5568	0	1	1	1	0	0	1	16	222	6	28	31744	896	0	1	0	896
108	5635	0	1	1	1	0	0	1	18	94	5	28	31744	896	0	1	0	896
108	5637	0	1	1	1	0	0	1	18	94	5	28	31744	896	0	1	0	896
108	5638	0	1	1	1	0	0	1	20	77	4	28	31744	896	0	1	0	896
108	5641	0	1	1	1	0	0	1	18	94	5	28	31744	896	0	1	0	896
108	5642	0	1	1	1	0	0	1	20	77	4	28	31744	896	0	1	0	896
108	5644	0	1	1	1	0	0	1	20	77	4	28	31744	896	0	1	0	896
108	5649	0	1	1	1	0	0	1	18	94	5	28	31744	896	0	1	0	896
108	5650	0	1	1	1	0	0	1	20	77	4	28	31744	896	0	1	0	896
108	5652	0	1	1	1	0	0	1	20	77	4	28	31744	896	0	1	0	896
108	5656	0	1	1	1	0	0	1	20	77	4	28	31744	896	0	1	0	896
108	5665	0	1	1	1	0	0	1	18	94	5	28	31744	896	0	1	0	896
108	5666	0	1	1	1	0	0	1	20	77	4	28	31744	896	0	1	0	896
108	5668	0	1	1	1	0	0	1	20	77	4	28	31744	896	0	1	0	896
108	5672	0	1	1	1	0	0	1	20	77	4	28	31744	896	0	1	0	896
108	5680	0	1	1	1	0	0	1	20	77	4	28	31744	896	0	1	0	896
108	5697	0	1	1	1	0	0	1	16	222	6	28	31744	896	0	1	0	896
108	5698	0	1	1	1	0	0	1	18	94	5	28	31744	896	0	1	0	896
108	5700	0	1	1	1	0	0	1	18	94	5	28	31744	896	0	1	0	896
108	5704	0	1	1	1	0	0	1	18	94	5	28	31744	896	0	1	0	896
108	5712	0	1	1	1	0	0	1	18	94	5	28	31744	896	0	1	0	896
108	5728	0	1	1	1	0	0	1	18	94	5	28	31744	896	0	1	0	896
108	5761	0	1	1	1	0	0	1	16	222	6	28	31744	896	0	1	0	896
108	5762	0	1	1	1	0	0	1	18	94	5	28	31744	896	0	1	0	896
108	5764	0	1	1	1	0	0	1	18	94	5	28	31744	896	0	1	0	896
108	5768	0	1	1	1	0	0	1	18	94	5	28	31744	896	0	1	0	896
108	5776	0	1	1	1	0	0	1	18	94	5	28	31744	896	0	1	0	896
108	5792	0	1	1	1	0	0	1	18	94	5	28	31744	896	0	1	0	896
108	5824	0	1	1	1	0	0	1	16	222	6	28	31744	896	0	1	0	896
108	5889	0	1	1	1	0	0	1	16	222	6	28	31744	896	0	1	0	896
108	5890	0	1	1	1	0	0	1	18	94	5	28	31744	896	0	1	0	896
108	5892	0	1	1	1	0	0	1	18	94	5	28	31744	896	0	1	0	896
108	5896	0	1	1	1	0	0	1	18	94	5	28	31744	896	0	1	0	896
108	5904	0	1	1	1	0	0	1	18	94	5	28	31744	896	0	1	0	896
108	5920	0	1	1	1	0	0	1	18	94	5	28	31744	896	0	1	0	896
108	5952	0	1	1	1	0	0	1	16	222	6	28	31744	896	0	1	0	896
108	6016	0	1	1	1	0	0	1	16	222	6	28	31744	896	0	1	0	896
108	6151	0	1	1	1	0	0	1	18	94	5	28	31744	896	0	1	0	896
108	6155	0	1	1	1	0	0	1	18	94	5	28	31744	896	0	1	0	896
108	6157	0	1	1	1	0	0	1	18	94	5	28	31744	896	0	1	0	896
108	6158	0	1	1	1	0	0	1	16	222	6	28	31744	896	0	1	0	896
108	6163	0	1	1	1	0	0	1	18	94	5	28	31744	896	0	1	0	896
108	6165	0	1	1	1	0	0	1	18	94	5	28	31744	896	0	1	0	896
108	6166	0	1	1	1	0	0	1	16	222	6	28	31744	896	0	1	0	896
108	6169	0	1	1	1	0	0	1	18	94	5	28	31744	896	0	1	0	896
108	6170	0	1	1	1	0	0	1	16	222	6	28	31744	896	0	1	0	896
108	6172	0	1	1	1	0	0	1	16	222	6	28	31744	896	0	1	0	896
108	6179	0	1	1	1	0	0	1	18	94	5	28	31744	896	0	1	0	896
108	6181	0	1	1	1	0	0	1	18	94	5	28	31744	896	0	1	0	896
108	6182	0	1	1	1	0	0	1	16	222	6	28	31744	896	0	1	0	896
108	6185	0	1	1	1	0	0	1	18	94	5	28	31744	896	0	1	0	896
108	6186	0	1	1	1	0	0	1	16	222	6	28	31744	896	0	1	0	896
108	6188	0	1	1	1	0	0	1	16	222	6	28	31744	896	0	1	0	896
108	6193	0	1	1	1	0	0	1	18	94	5	28	31744	896	0	1	0	896
108	6194	0	1	1	1	0	0	1	16	222	6	28	31744	896	0	1	0	896
108	6196	0	1	1	1	0	0	1	16	222	6	28	31744	896	0	1	0	896
108	6200	0	1	1	1	0	0	1	16	222	6	28	31744	896	0	1	0	896
108	6211	0	1	1	1	0	0	1	20	77	4	28	31744	896	0	1	0	896
108	6213	0	1	1	1	0	0	1	20	77	4	28	31744	896	0	1	0	896
108	6214	0	1	1	1	0	0	1	18	94	5	28	31744	896	0	1	0	896
108	6217	0	1	1	1	0	0	1	20	77	4	28	31744	896	0	1	0	896
108	6218	0	1	1	1	0	0	1	18	94	5	28	31744	896	0	1	0	896
108	6220	0	1	1	1	0	0	1	18	94	5	28	31744	896	0	1	0	896
108	6225	0	1	1	1	0	0	1	20	77	4	28	31744	896	0	1	0	896
108	6226	0	1	1	1	0	0	1	18	94	5	28	31744	896	0	1	0	896
108	6228	0	1	1	1	0	0	1	18	94	5	28	31744	896	0	1	0	896
108	6232	0	1	1	1	0	0	1	18	94	5	28	31744	896	0	1	0	896
108	6241	0	1	1	1	0	0	1	20	77	4	28	31744	896	0	1	0	896
108	6242	0	1	1	1	0	0	1	18	94	5	28	31744	896	0	1	0	896
108	6244	0	1	1	1	0	0	1	18	94	5	28	31744	896	0	1	0	896
108	6248	0	1	1	1	0	0	1	18	94	5	28	31744	896	0	1	0	896
108	6256	0	1	1	1	0	0	1	18	94	5	28	31744	896	0	1	0	896
108	6275	0	1	1	1	0	0	1	20	77	4	28	31744	896	0	1	0	896
108	6277	0	1	1	1	0	0	1	20	77	4	28	31744	896	0	1	0	896
108	6278	0	1	1	1	0	0	1	18	94	5	28	31744	896	0	1	0	896
108	6281	0	1	1	1	0	0	1	20	77	4	28	31744	896	0	1	0	896
108	6282	0	1	1	1	0	0	1	18	94	5	28	31744	896	0	1	0	896
108	6284	0	1	1	1	0	0	1	18	94	5	28	31744	896	0	1	0	896
108	6289	0	1	1	1	0	0	1	20	77	4	28	31744	896	0	1	0	896
108	6290	0	1	1	1	0	0	1	18	94	5	28	31744	896	0	1	0	896
108	6292	0	1	1	1	0	0	1	18	94	5	28	31744	896	0	1	0	896
108	6296	0	1	1	1	0	0	1	18	94	5	28	31744	896	0	1	0	896
108	6305	0	1	1	1	0	0	1	20	77	4	28	31744	896	0	1	0	896
108	6306	0	1	1	1	0	0	1	18	94	5	28	31744	896	0	1	0	896
108	6308	0	1	1	1	0	0	1	18	94	5	28	31744	896	0	1	0	896
108	6312	0	1	1	1	0	0	1	18	94	5	28	31744	896	0	1	0	896
108	6320	0	1	1	1	0	0	1	18	94	5	28	31744	896	0	1	0	896
108	6337	0	1	1	1	0	0	1	22	11	3	28	31744	896	0	1	0	896
108	6338	0	1	1	1	0	0	1	20	77	4	28	31744	896	0	1	0	896
108	6340	0	1	1	1	0	0	1	20	77	4	28	31744	896	0	1	0	896
108	6344	0	1	1	1	0	0	1	20	77	4	28	31744	896	0	1	0	896
108	6352	0	1	1	1	0	0	1	20	77	4	28	31744	896	0	1	0	896
108	6368	0	1	1	1	0	0	1	20	77	4	28	31744	896	0	1	0	896
108	6403	0	1	1	1	0	0	1	20	77	4	28	31744	896	0	1	0	896
108	6405	0	1	1	1	0	0	1	20	77	4	28	31744	896	0	1	0	896
108	6406	0	1	1	1	0	0	1	18	94	5	28	31744	896	0	1	0	896
108	6409	0	1	1	1	0	0	1	20	77	4	28	31744	896	0	1	0	896
108	6410	0	1	1	1	0	0	1	18	94	5	28	31744	896	0	1	0	896
108	6412	0	1	1	1	0	0	1	18	94	5	28	31744	896	0	1	0	896
108	6417	0	1	1	1	0	0	1	20	77	4	28	31744	896	0	1	0	896
108	6418	0	1	1	1	0	0	1	18	94	5	28	31744	896	0	1	0	896
108	6420	0	1	1	1	0	0	1	18	94	5	28	31744	896	0	1	0	896
108	6424	0	1	1	1	0	0	1	18	94	5	28	31744	896	0	1	0	896
108	6433	0	1	1	1	0	0	1	20	77	4	28	31744	896	0	1	0	896
108	6434	0	1	1	1	0	0	1	18	94	5	28	31744	896	0	1	0	896
108	6436	0	1	1	1	0	0	1	18	94	5	28	31744	896	0	1	0	896
108	6440	0	1	1	1	0	0	1	18	94	5	28	31744	896	0	1	0	896
108	6448	0	1	1	1	0	0	1	18	94	5	28	31744	896	0	1	0	896
108	6465	0	1	1	1	0	0	1	22	11	3	28	31744	896	0	1	0	896
108	6466	0	1	1	1	0	0	1	20	77	4	28	31744	896	0	1	0	896
108	6468	0	1	1	1	0	0	1	20	77	4	28	31744	896	0	1	0	896
108	6472	0	1	1	1	0	0	1	20	77	4	28	31744	896	0	1	0	896
108	6480	0	1	1	1	0	0	1	20	77	4	28	31744	896	0	1	0	896
108	6496	0	1	1	1	0	0	1	20	77	4	28	31744	896	0	1	0	896
108	6529	0	1	1	1	0	0	1	22	11	3	28	31744	896	0	1	0	896
108	6530	0	1	1	1	0	0	1	20	77	4	28	31744	896	0	1	0	896
108	6532	0	1	1	1	0	0	1	20	77	4	28	31744	896	0	1	0	896
108	6536	0	1	1	1	0	0	1	20	77	4	28	31744	896	0	1	0	896
108	6544	0	1	1	1	0	0	1	20	77	4	28	31744	896	0	1	0	896
108	6560	0	1	1	1	0	0	1	20	77	4	28	31744	896	0	1	0	896
108	6592	0	1	1	1	0	0	1	22	11	3	28	31744	896	0	1	0	896
108	6659	0	1	1	1	0	0	1	20	77	4	28	31744	896	0	1	0	896
108	6661	0	1	1	1	0	0	1	20	77	4	28	31744	896	0	1	0	896
108	6662	0	1	1	1	0	0	1	18	94	5	28	31744	896	0	1	0	896
108	6665	0	1	1	1	0	0	1	20	77	4	28	31744	896	0	1	0	896
108	6666	0	1	1	1	0	0	1	18	94	5	28	31744	896	0	1	0	896
108	6668	0	1	1	1	0	0	1	18	94	5	28	31744	896	0	1	0	896
108	6673	0	1	1	1	0	0	1	20	77	4	28	31744	896	0	1	0	896
108	6674	0	1	1	1	0	0	1	18	94	5	28	31744	896	0	1	0	896
108	6676	0	1	1	1	0	0	1	18	94	5	28	31744	896	0	1	0	896
108	6680	0	1	1	1	0	0	1	18	94	5	28	31744	896	0	1	0	896
108	6689	0	1	1	1	0	0	1	20	77	4	28	31744	896	0	1	0	896
108	6690	0	1	1	1	0	0	1	18	94	5	28	31744	896	0	1	0	896
108	6692	0	1	1	1	0	0	1	18	94	5	28	31744	896	0	1	0	896
108	6696	0	1	1	1	0	0	1	18	94	5	28	31744	896	0	1	0	896
108	6704	0	1	1	1	0	0	1	18	94	5	28	31744	896	0	1	0	896
108	6721	0	1	1	1	0	0	1	22	11	3	28	31744	896	0	1	0	896
108	6722	0	1	1	1	0	0	1	20	77	4	28	31744	896	0	1	0	896
108	6724	0	1	1	1	0	0	1	20	77	4	28	31744	896	0	1	0	896
108	6728	0	1	1	1	0	0	1	20	77	4	28	31744	896	0	1	0	896
108	6736	0	1	1	1	0	0	1	20	77	4	28	31744	896	0	1	0	896
108	6752	0	1	1	1	0	0	1	20	77	4	28	31744	896	0	1	0	896
108	6785	0	1	1	1	0	0	1	22	11	3	28	31744	896	0	1	0	896
108	6786	0	1	1	1	0	0	1	20	77	4	28	31744	896	0	1	0	896
108	6788	0	1	1	1	0	0	1	20	77	4	28	31744	896	0	1	0	896
108	6792	0	1	1	1	0	0	1	20	77	4	28	31744	896	0	1	0	896
108	6800	0	1	1	1	0	0	1	20	77	4	28	31744	896	0	1	0	896
108	6816	0	1	1	1	0	0	1	20	77	4	28	31744	896	0	1	0	896
108	6848	0	1	1	1	0	0	1	22	11	3	28	31744	896	0	1	0	896
108	6913	0	1	1	1	0	0	1	22	11	3	28	31744	896	0	1	0	896
108	6914	0	1	1	1	0	0	1	20	77	4	28	31744	896	0	1	0	896
108	6916	0	1	1	1	0	0	1	20	77	4	28	31744	896	0	1	0	896
108	6920	0	1	1	1	0	0	1	20	77	4	28	31744	896	0	1	0	896
108	6928	0	1	1	1	0	0	1	20	77	4	28	31744	896	0	1	0	896
108	6944	0	1	1	1	0	0	1	20	77	4	28	31744	896	0	1	0	896
108	6976	0	1	1	1	0	0	1	22	11	3	28	31744	896	0	1	0	896
108	7040	0	1	1	1	0	0	1	22	11	3	28	31744	896	0	1	0	896
108	7171	0	1	1	1	0	0	1	22	236	5	30	31744	768	0	1	0	768
108	7173	0	1	1	1	0	0	1	22	236	5	30	31744	768	0	1	0	768
108	7174	0	1	1	1	0	0	1	20	94	5	30	31744	768	0	1	0	768
108	7177	0	1	1	1	0	0	1	22	236	5	30	31744	768	0	1	0	768
108	7178	0	1	1	1	0	0	1	20	94	5	30	31744	768	0	1	0	768
108	7180	0	1	1	1	0	0	1	20	94	5	30	31744	768	0	1	0	768
108	7185	0	1	1	1	0	0	1	22	236	5	30	31744	768	0	1	0	768
108	7186	0	1	1	1	0	0	1	20	94	5	30	31744	768	0	1	0	768
108	7188	0	1	1	1	0	0	1	20	94	5	30	31744	768	0	1	0	768
108	7192	0	1	1	1	0	0	1	20	94	5	30	31744	768	0	1	0	768
108	7201	0	1	1	1	0	0	1	22	236	5	30	31744	768	0	1	0	768
108	7202	0	1	1	1	0	0	1	20	94	5	30	31744	768	0	1	0	768
108	7204	0	1	1	1	0	0	1	20	94	5	30	31744	768	0	1	0	768
108	7208	0	1	1	1	0	0	1	20	94	5	30	31744	768	0	1	0	768
108	7216	0	1	1	1	0	0	1	20	94	5	30	31744	768	0	1	0	768
108	7233	0	1	1	1	0	0	1	20	94	5	30	31744	768	0	1	0	768
108	7234	0	1	1	1	0	0	1	22	236	5	30	31744	768	0	1	0	768
108	7236	0	1	1	1	0	0	1	22	236	5	30	31744	768	0	1	0	768
108	7240	0	1	1	1	0	0	1	22	236	5	30	31744	768	0	1	0	768
108	7248	0	1	1	1	0	0	1	22	236	5	30	31744	768	0	1	0	768
108	7264	0	1	1	1	0	0	1	22	236	5	30	31744	768	0	1	0	768
108	7297	0	1	1	1	0	0	1	20	94	5	30	31744	768	0	1	0	768
108	7298	0	1	1	1	0	0	1	22	236	5	30	31744	768	0	1	0	768
108	7300	0	1	1	1	0	0	1	22	236	5	30	31744	768	0	1	0	768
108	7304	0	1	1	1	0	0	1	22	236	5	30	31744	768	0	1	0	768
108	7312	0	1	1	1	0	0	1	22	236	5	30	31744	768	0	1	0	768
108	7328	0	1	1	1	0	0	1	22	236	5	30	31744	768	0	1	0	768
108	7360	0	1	1	1	0	0	1	20	94	5	30	31744	768	0	1	0	768
108	7425	0	1	1	1	0	0	1	20	94	5	30	31744	768	0	1	0	768
108	7426	0	1	1	1	0	0	1	22	236	5	30	31744	768	0	1	0	768
108	7428	0	1	1	1	0	0	1	22	236	5	30	31744	768	0	1	0	768
108	7432	0	1	1	1	0	0	1	22	236	5	30	31744	768	0	1	0	768
108	7440	0	1	1	1	0	0	1	22	236	5	30	31744	768	0	1	0	768
108	7456	0	1	1	1	0	0	1	22	236	5	30	31744	768	0	1	0	768
108	7488	0	1	1	1	0	0	1	20	94	5	30	31744	768	0	1	0	768
108	7552	0	1	1	1	0	0	1	20	94	5	30	31744	768	0	1	0	768
108	7681	0	1	1	1	0	0	1	20	94	5	30	31744	768	0	1	0	768
108	7682	0	1	1	1	0	0	1	22	236	5	30	31744	768	0	1	0	768
108	7684	0	1	1	1	0	0	1	22	236	5	30	31744	768	0	1	0	768
108	7688	0	1	1	1	0	0	1	22	236	5	30	31744	768	0	1	0	768
108	7696	0	1	1	1	0	0	1	22	236	5	30	31744	768	0	1	0	768
108	7712	0	1	1	1	0	0	1	22	236	5	30	31744	768	0	1	0	768
108	7744	0	1	1	1	0	0	1	20	94	5	30	31744	768	0	1	0	768
108	7808	0	1	1	1	0	0	1	20	94	5	30	31744	768	0	1	0	768
108	7936	0	1	1	1	0	0	1	20	94	5	30	31744	768	0	1	0	768
108	8207	1	1	0	1	0	0	1	18	75	4	26	31744	960	0	0	0	960
108	8215	1	1	0	1	0	0	1	18	75	4	26	31744	960	0	0	0	960
108	8219	1	1	0	1	0	0	1	18	75	4	26	31744	960	0	0	0	960
108	8221	1	1	0	1	0	0	1	18	75	4	26	31744	960	0	0	0	960
108	8222	1	2	0	1	0	0	1	18	75	4	26	31744	960	0	0	0	832,960
108	8231	1	1	0	1	0	0	1	18	75	4	26	31744	960	0	0	0	960
108	8235	1	1	0	1	0	0	1	18	75	4	26	31744	960	0	0	0	960
108	8237	1	1	0	1	0	0	1	18	75	4	26	31744	960	0	0	0	960
108	8238	1	2	0	1	0	0	1	18	75	4	26	31744	960	0	0	0	832,960
108	8243	1	1	0	1	0	0	1	18	75	4	26	31744	960	0	0	0	960
108	8245	1	1	0	1	0	0	1	18	75	4	26	31744	960	0	0	0	960
108	8246	1	2	0	1	0	0	1	18	75	4	26	31744	960	0	0	0	832,960
108	8249	1	1	0	1	0	0	1	18	75	4	26	31744	960	0	0	0	960
108	8250	1	2	0	1	0	0	1	18	75	4	26	31744	960	0	0	0	832,960
108	8252	1	2	0	1	0	0	1	18	75	4	26	31744	960	0	0	0	832,960
108	8263	1	1	0	1	0	0	1	18	75	4	26	31744	960	0	0	0	960
108	8267	1	1	0	1	0	0	1	18	75	4	26	31744	960	0	0	0	960
108	8269	1	1	0	1	0	0	1	18	75	4	26	31744	960	0	0	0	960
108	8270	1	1	0	1	0	0	1	18	75	4	26	31744	960	0	0	0	960
108	8275	1	1	0	1	0	0	1	18	75	4	26	31744	960	0	0	0	960
108	8277	1	1	0	1	0	0	1	18	75	4	26	31744	960	0	0	0	960
108	8278	1	1	0	1	0	0	1	18	75	4	26	31744	960	0	0	0	960
108	8281	1	1	0	1	0	0	1	18	75	4	26	31744	960	0	0	0	960
108	8282	1	1	0	1	0	0	1	18	75	4	26	31744	960	0	0	0	960
108	8284	1	1	0	1	0	0	1	18	75	4	26	31744	960	0	0	0	960
108	8291	1	1	0	1	0	0	1	18	75	4	26	31744	960	0	0	0	960
108	8293	1	1	0	1	0	0	1	18	75	4	26	31744	960	0	0	0	960
108	8294	1	1	0	1	0	0	1	18	75	4	26	31744	960	0	0	0	960
108	8297	1	1	0	1	0	0	1	18	75	4	26	31744	960	0	0	0	960
108	8298	1	1	0	1	0	0	1	18	75	4	26	31744	960	0	0	0	960
108	8300	1	1	0	1	0	0	1	18	75	4	26	31744	960	0	0	0	960
108	8305	1	1	0	1	0	0	1	18	75	4	26	31744	960	0	0	0	960
108	8306	1	1	0	1	0	0	1	18	75	4	26	31744	960	0	0	0	960
108	8308	1	1	0	1	0	0	1	18	75	4	26	31744	960	0	0	0	960
108	8312	1	1	0	1	0	0	1	18	75	4	26	31744	960	0	0	0	960
108	8327	1	1	0	1	0	0	1	18	75	4	26	31744	960	0	0	0	960
108	8331	1	1	0	1	0	0	1	18	75	4	26	31744	960	0	0	0	960
108	8333	1	1	0	1	0	0	1	18	75	4	26	31744	960	0	0	0	960
108	8334	1	1	0	1	0	0	1	18	75	4	26	31744	960	0	0	0	960
108	8339	1	1	0	1	0	0	1	18	75	4	26	31744	960	0	0	0	960
108	8341	1	1	0	1	0	0	1	18	75	4	26	31744	960	0	0	0	960
108	8342	1	1	0	1	0	0	1	18	75	4	26	31744	960	0	0	0	960
108	8345	1	1	0	1	0	0	1	18	75	4	26	31744	960	0	0	0	960
108	8346	1	1	0	1	0	0	1	18	75	4	26	31744	960	0	0	0	960
108	8348	1	1	0	1	0	0	1	18	75	4	26	31744	960	0	0	0	960
108	8355	1	1	0	1	0	0	1	18	75	4	26	31744	960	0	0	0	960
108	8357	1	1	0	1	0	0	1	18	75	4	26	31744	960	0	0	0	960
108	8358	1	1	0	1	0	0	1	18	75	4	26	31744	960	0	0	0	960
108	8361	1	1	0	1	0	0	1	18	75	4	26	31744	960	0	0	0	960
108	8362	1	1	0	1	0	0	1	18	75	4	26	31744	960	0	0	0	960
108	8364	1	1	0	1	0	0	1	18	75	4	26	31744	960	0	0	0	960
108	8369	1	1	0	1	0	0	1	18	75	4	26	31744	960	0	0	0	960
108	8370	1	1	0	1	0	0	1	18	75	4	26	31744	960	0	0	0	960
108	8372	1	1	0	1	0	0	1	18	75	4	26	31744	960	0	0	0	960
108	8376	1	1	0	1	0	0	1	18	75	4	26	31744	960	0	0	0	960
108	8387	1	1	0	1	0	0	1	18	75	4	26	31744	960	0	0	0	960
108	8389	1	1	0	1	0	0	1	18	75	4	26	31744	960	0	0	0	960
108	8390	1	1	0	1	0	0	1	18	75	4	26	31744	960	0	0	0	960
108	8393	1	1	0	1	0	0	1	18	75	4	26	31744	960	0	0	0	960
108	8394	1	1	0	1	0	0	1	18	75	4	26	31744	960	0	0	0	960
108	8396	1	1	0	1	0	0	1	18	75	4	26	31744	960	0	0	0	960
108	8401	1	1	0	1	0	0	1	18	75	4	26	31744	960	0	0	0	960
108	8402	1	1	0	1	0	0	1	18	75	4	26	31744	960	0	0	0	960
108	8404	1	1	0	1	0	0	1	18	75	4	26	31744	960	0	0	0	960
108	8408	1	1	0	1	0	0	1	18	75	4	26	31744	960	0	0	0	960
108	8417	1	1	0	1	0	0	1	18	75	4	26	31744	960	0	0	0	960
108	8418	1	1	0	1	0	0	1	18	75	4	26	31744	960	0	0	0	960
108	8420	1	1	0	1	0	0	1	18	75	4	26	31744	960	0	0	0	960
108	8424	1	1	0	1	0	0	1	18	75	4	26	31744	960	0	0	0	960
108	8432	1	1	0	1	0	0	1	18	75	4	26	31744	960	0	0	0	960
108	8455	1	1	0	1	0	0	1	18	75	4	26	31744	960	0	0	0	960
108	8459	1	1	0	1	0	0	1	18	75	4	26	31744	960	0	0	0	960
108	8461	1	1	0	1	0	0	1	18	75	4	26	31744	960	0	0	0	960
108	8462	1	1	0	1	0	0	1	18	75	4	26	31744	960	0	0	0	960
108	8467	1	1	0	1	0	0	1	18	75	4	26	31744	960	0	0	0	960
108	8469	1	1	0	1	0	0	1	18	75	4	26	31744	960	0	0	0	960
108	8470	1	1	0	1	0	0	1	18	75	4	26	31744	960	0	0	0	960
108	8473	1	1	0	1	0	0	1	18	75	4	26	31744	960	0	0	0	960
108	8474	1	1	0	1	0	0	1	18	75	4	26	31744	960	0	0	0	960
108	8476	1	1	0	1	0	0	1	18	75	4	26	31744	960	0	0	0	960
108	8483	1	1	0	1	0	0	1	18	75	4	26	31744	960	0	0	0	960
108	8485	1	1	0	1	0	0	1	18	75	4	26	31744	960	0	0	0	960
108	8486	1	1	0	1	0	0	1	18	75	4	26	31744	960	0	0	0	960
108	8489	1	1	0	1	0	0	1	18	75	4	26	31744	960	0	0	0	960
108	8490	1	1	0	1	0	0	1	18	75	4	26	31744	960	0	0	0	960
108	8492	1	1	0	1	0	0	1	18	75	4	26	31744	960	0	0	0	960
108	8497	1	1	0	1	0	0	1	18	75	4	26	31744	960	0	0	0	960
108	8498	1	1	0	1	0	0	1	18	75	4	26	31744	960	0	0	0	960
108	8500	1	1	0	1	0	0	1	18	75	4	26	31744	960	0	0	0	960
108	8504	1	1	0	1	0	0	1	18	75	4	26	31744	960	0	0	0	960
108	8515	1	1	0	1	0	0	1	18	75	4	26	31744	960	0	0	0	960
108	8517	1	1	0	1	0	0	1	18	75	4	26	31744	960	0	0	0	960
108	8518	1	1	0	1	0	0	1	18	75	4	26	31744	960	0	0	0	960
108	8521	1	1	0	1	0	0	1	18	75	4	26	31744	960	0	0	0	960
108	8522	1	1	0	1	0	0	1	18	75	4	26	31744	960	0	0	0	960
108	8524	1	1	0	1	0	0	1	18	75	4	26	31744	960	0	0	0	960
108	8529	1	1	0	1	0	0	1	18	75	4	26	31744	960	0	0	0	960
108	8530	1	1	0	1	0	0	1	18	75	4	26	31744	960	0	0	0	960
108	8532	1	1	0	1	0	0	1	18	75	4	26	31744	960	0	0	0	960
108	8536	1	1	0	1	0	0	1	18	75	4	26	31744	960	0	0	0	960
108	8545	1	1	0	1	0	0	1	18	75	4	26	31744	960	0	0	0	960
108	8546	1	1	0	1	0	0	1	18	75	4	26	31744	960	0	0	0	960
108	8548	1	1	0	1	0	0	1	18	75	4	26	31744	960	0	0	0	960
108	8552	1	1	0	1	0	0	1	18	75	4	26	31744	960	0	0	0	960
108	8560	1	1	0	1	0	0	1	18	75	4	26	31744	960	0	0	0	960
108	8579	1	1	0	1	0	0	1	18	75	4	26	31744	960	0	0	0	960
108	8581	1	1	0	1	0	0	1	18	75	4	26	31744	960	0	0	0	960
108	8582	1	1	0	1	0	0	1	18	75	4	26	31744	960	0	0	0	960
108	8585	1	1	0	1	0	0	1	18	75	4	26	31744	960	0	0	0	960
108	8586	1	1	0	1	0	0	1	18	75	4	26	31744	960	0	0	0	960
108	8588	1	1	0	1	0	0	1	18	75	4	26	31744	960	0	0	0	960
108	8593	1	1	0	1	0	0	1	18	75	4	26	31744	960	0	0	0	960
108	8594	1	1	0	1	0	0	1	18	75	4	26	31744	960	0	0	0	960
108	8596	1	1	0	1	0	0	1	18	75	4	26	31744	960	0	0	0	960
108	8600	1	1	0	1	0	0	1	18	75	4	26	31744	960	0	0	0	960
108	8609	1	1	0	1	0	0	1	18	75	4	26	31744	960	0	0	0	960
108	8610	1	1	0	1	0	0	1	18	75	4	26	31744	960	0	0	0	960
108	8612	1	1	0	1	0	0	1	18	75	4	26	31744	960	0	0	0	960
108	8616	1	1	0	1	0	0	1	18	75	4	26	31744	960	0	0	0	960
108	8624	1	1	0	1	0	0	1	18	75	4	26	31744	960	0	0	0	960
108	8641	1	2	0	1	0	0	1	18	75	4	26	31744	960	0	0	0	896,960
108	8642	1	1	0	1	0	0	1	18	75	4	26	31744	960	0	0	0	960
108	8644	1	1	0	1	0	0	1	18	75	4	26	31744	960	0	0	0	960
108	8648	1	1	0	1	0	0	1	18	75	4	26	31744	960	0	0	0	960
108	8656	1	1	0	1	0	0	1	18	75	4	26	31744	960	0	0	0	960
108	8672	1	1	0	1	0	0	1	18	75	4	26	31744	960	0	0	0	960
108	8711	1	1	0	1	0	0	1	18	75	4	26	31744	960	0	0	0	960
108	8715	1	1	0	1	0	0	1	18	75	4	26	31744	960	0	0	0	960
108	8717	1	1	0	1	0	0	1	18	75	4	26	31744	960	0	0	0	960
108	8718	1	1	0	1	0	0	1	18	75	4	26	31744	960	0	0	0	960
108	8723	1	1	0	1	0	0	1	18	75	4	26	31744	960	0	0	0	960
108	8725	1	1	0	1	0	0	1	18	75	4	26	31744	960	0	0	0	960
108	8726	1	1	0	1	0	0	1	18	75	4	26	31744	960	0	0	0	960
108	8729	1	1	0	1	0	0	1	18	75	4	26	31744	960	0	0	0	960
108	8730	1	1	0	1	0	0	1	18	75	4	26	31744	960	0	0	0	960
108	8732	1	1	0	1	0	0	1	18	75	4	26	31744	960	0	0	0	960
108	8739	1	1	0	1	0	0	1	18	75	4	26	31744	960	0	0	0	960
108	8741	1	1	0	1	0	0	1	18	75	4	26	31744	960	0	0	0	960
108	8742	1	1	0	1	0	0	1	18	75	4	26	31744	960	0	0	0	960
108	8745	1	1	0	1	0	0	1	18	75	4	26	31744	960	0	0	0	960
108	8746	1	1	0	1	0	0	1	18	75	4	26	31744	960	0	0	0	960
108	8748	1	1	0	1	0	0	1	18	75	4	26	31744	960	0	0	0	960
108	8753	1	1	0	1	0	0	1	18	75	4	26	31744	960	0	0	0	960
108	8754	1	1	0	1	0	0	1	18	75	4	26	31744	960	0	0	0	960
108	8756	1	1	0	1	0	0	1	18	75	4	26	31744	960	0	0	0	960
108	8760	1	1	0	1	0	0	1	18	75	4	26	31744	960	0	0	0	960
108	8771	1	1	0	1	0	0	1	18	75	4	26	31744	960	0	0	0	960
108	8773	1	1	0	1	0	0	1	18	75	4	26	31744	960	0	0	0	960
108	8774	1	1	0	1	0	0	1	18	75	4	26	31744	960	0	0	0	960
108	8777	1	1	0	1	0	0	1	18	75	4	26	31744	960	0	0	0	960
108	8778	1	1	0	1	0	0	1	18	75	4	26	31744	960	0	0	0	960
108	8780	1	1	0	1	0	0	1	18	75	4	26	31744	960	0	0	0	960
108	8785	1	1	0	1	0	0	1	18	75	4	26	31744	960	0	0	0	960
108	8786	1	1	0	1	0	0	1	18	75	4	26	31744	960	0	0	0	960
108	8788	1	1	0	1	0	0	1	18	75	4	26	31744	960	0	0	0	960
108	8792	1	1	0	1	0	0	1	18	75	4	26	31744	960	0	0	0	960
108	8801	1	1	0	1	0	0	1	18	75	4	26	31744	960	0	0	0	960
108	8802	1	1	0	1	0	0	1	18	75	4	26	31744	960	0	0	0	960
108	8804	1	1	0	1	0	0	1	18	75	4	26	31744	960	0	0	0	960
108	8808	1	1	0	1	0	0	1	18	75	4	26	31744	960	0	0	0	960
108	8816	1	1	0	1	0	0	1	18	75	4	26	31744	960	0	0	0	960
108	8835	1	1	0	1	0	0	1	18	75	4	26	31744	960	0	0	0	960
108	8837	1	1	0	1	0	0	1	18	75	4	26	31744	960	0	0	0	960
108	8838	1	1	0	1	0	0	1	18	75	4	26	31744	960	0	0	0	960
108	8841	1	1	0	1	0	0	1	18	75	4	26	31744	960	0	0	0	960
108	8842	1	1	0	1	0	0	1	18	75	4	26	31744	960	0	0	0	960
108	8844	1	1	0	1	0	0	1	18	75	4	26	31744	960	0	0	0	960
108	8849	1	1	0	1	0	0	1	18	75	4	26	31744	960	0	0	0	960
108	8850	1	1	0	1	0	0	1	18	75	4	26	31744	960	0	0	0	960
108	8852	1	1	0	1	0	0	1	18	75	4	26	31744	960	0	0	0	960
108	8856	1	1	0	1	0	0	1	18	75	4	26	31744	960	0	0	0	960
108	8865	1	1	0	1	0	0	1	18	75	4	26	31744	960	0	0	0	960
108	8866	1	1	0	1	0	0	1	18	75	4	26	31744	960	0	0	0	960
108	8868	1	1	0	1	0	0	1	18	75	4	26	31744	960	0	0	0	960
108	8872	1	1	0	1	0	0	1	18	75	4	26	31744	960	0	0	0	960
108	8880	1	1	0	1	0	0	1	18	75	4	26	31744	960	0	0	0	960
108	8897	1	2	0	1	0	0	1	18	75	4	26	31744	960	0	0	0	896,960
108	8898	1	1	0	1	0	0	1	18	75	4	26	31744	960	0	0	0	960
108	8900	1	1	0	1	0	0	1	18	75	4	26	31744	960	0	0	0	960
108	8904	1	1	0	1	0	0	1	18	75	4	26	31744	960	0	0	0	960
108	8912	1	1	0	1	0	0	1	18	75	4	26	31744	960	0	0	0	960
108	8928	1	1	0	1	0	0	1	18	75	4	26	31744	960	0	0	0	960
108	8963	1	1	0	1	0	0	1	18	75	4	26	31744	960	0	0	0	960
108	8965	1	1	0	1	0	0	1	18	75	4	26	31744	960	0	0	0	960
108	8966	1	1	0	1	0	0	1	18	75	4	26	31744	960	0	0	0	960
108	8969	1	1	0	1	0	0	1	18	75	4	26	31744	960	0	0	0	960
108	8970	1	1	0	1	0	0	1	18	75	4	26	31744	960	0	0	0	960
108	8972	1	1	0	1	0	0	1	18	75	4	26	31744	960	0	0	0	960
108	8977	1	1	0	1	0	0	1	18	75	4	26	31744	960	0	0	0	960
108	8978	1	1	0	1	0	0	1	18	75	4	26	31744	960	0	0	0	960
108	8980	1	1	0	1	0	0	1	18	75	4	26	31744	960	0	0	0	960
108	8984	1	1	0	1	0	0	1	18	75	4	26	31744	960	0	0	0	960
108	8993	1	1	0	1	0	0	1	18	75	4	26	31744	960	0	0	0	960
108	8994	1	1	0	1	0	0	1	18	75	4	26	31744	960	0	0	0	960
108	8996	1	1	0	1	0	0	1	18	75	4	26	31744	960	0	0	0	960
108	9000	1	1	0	1	0	0	1	18	75	4	26	31744	960	0	0	0	960
108	9008	1	1	0	1	0	0	1	18	75	4	26	31744	960	0	0	0	960
108	9025	1	2	0	1	0	0	1	18	75	4	26	31744	960	0	0	0	896,960
108	9026	1	1	0	1	0	0	1	18	75	4	26	31744	960	0	0	0	960
108	9028	1	1	0	1	0	0	1	18	75	4	26	31744	960	0	0	0	960
108	9032	1	1	0	1	0	0	1	18	75	4	26	31744	960	0	0	0	960
108	9040	1	1	0	1	0	0	1	18	75	4	26	31744	960	0	0	0	960
108	9056	1	1	0	1	0	0	1	18	75	4	26	31744	960	0	0	0	960
108	9089	1	2	0	1	0	0	1	18	75	4	26	31744	960	0	0	0	896,960
108	9090	1	1	0	1	0	0	1	18	75	4	26	31744	960	0	0	0	960
108	9092	1	1	0	1	0	0	1	18	75	4	26	31744	960	0	0	0	960
108	9096	1	1	0	1	0	0	1	18	75	4	26	31744	960	0	0	0	960
108	9104	1	1	0	1	0	0	1	18	75	4	26	31744	960	0	0	0	960
108	9120	1	1	0	1	0	0	1	18	75	4	26	31744	960	0	0	0	960
108	9152	1	2	0	1	0	0	1	18	75	4	26	31744	960	0	0	0	896,960
108	9223	0	1	1	1	0	0	1	20	77	4	28	31744	896	0	1	0	896
108	9227	0	1	1	1	0	0	1	20	77	4	28	31744	896	0	1	0	896
108	9229	0	1	1	1	0	0	1	20	77	4	28	31744	896	0	1	0	896
108	9230	0	1	1	1	0	0	1	22	11	3	28	31744	896	0	1	0	896
108	9235	0	1	1	1	0	0	1	20	77	4	28	31744	896	0	1	0	896
108	9237	0	1	1	1	0	0	1	20	77	4	28	31744	896	0	1	0	896
108	9238	0	1	1	1	0	0	1	22	11	3	28	31744	896	0	1	0	896
108	9241	0	1	1	1	0	0	1	20	77	4	28	31744	896	0	1	0	896
108	9242	0	1	1	1	0	0	1	22	11	3	28	31744	896	0	1	0	896
108	9244	0	1	1	1	0	0	1	22	11	3	28	31744	896	0	1	0	896
108	9251	0	1	1	1	0	0	1	20	77	4	28	31744	896	0	1	0	896
108	9253	0	1	1	1	0	0	1	20	77	4	28	31744	896	0	1	0	896
108	9254	0	1	1	1	0	0	1	22	11	3	28	31744	896	0	1	0	896
108	9257	0	1	1	1	0	0	1	20	77	4	28	31744	896	0	1	0	896
108	9258	0	1	1	1	0	0	1	22	11	3	28	31744	896	0	1	0	896
108	9260	0	1	1	1	0	0	1	22	11	3	28	31744	896	0	1	0	896
108	9265	0	1	1	1	0	0	1	20	77	4	28	31744	896	0	1	0	896
108	9266	0	1	1	1	0	0	1	22	11	3	28	31744	896	0	1	0	896
108	9268	0	1	1	1	0	0	1	22	11	3	28	31744	896	0	1	0	896
108	9272	0	1	1	1	0	0	1	22	11	3	28	31744	896	0	1	0	896
108	9283	0	1	1	1	0	0	1	18	94	5	28	31744	896	0	1	0	896
108	9285	0	1	1	1	0	0	1	18	94	5	28	31744	896	0	1	0	896
108	9286	0	1	1	1	0	0	1	20	77	4	28	31744	896	0	1	0	896
108	9289	0	1	1	1	0	0	1	18	94	5	28	31744	896	0	1	0	896
108	9290	0	1	1	1	0	0	1	20	77	4	28	31744	896	0	1	0	896
108	9292	0	1	1	1	0	0	1	20	77	4	28	31744	896	0	1	0	896
108	9297	0	1	1	1	0	0	1	18	94	5	28	31744	896	0	1	0	896
108	9298	0	1	1	1	0	0	1	20	77	4	28	31744	896	0	1	0	896
108	9300	0	1	1	1	0	0	1	20	77	4	28	31744	896	0	1	0	896
108	9304	0	1	1	1	0	0	1	20	77	4	28	31744	896	0	1	0	896
108	9313	0	1	1	1	0	0	1	18	94	5	28	31744	896	0	1	0	896
108	9314	0	1	1	1	0	0	1	20	77	4	28	31744	896	0	1	0	896
108	9316	0	1	1	1	0	0	1	20	77	4	28	31744	896	0	1	0	896
108	9320	0	1	1	1	0	0	1	20	77	4	28	31744	896	0	1	0	896
108	9328	0	1	1	1	0	0	1	20	77	4	28	31744	896	0	1	0	896
108	9347	0	1	1	1	0	0	1	18	94	5	28	31744	896	0	1	0	896
108	9349	0	1	1	1	0	0	1	18	94	5	28	31744	896	0	1	0	896
108	9350	0	1	1	1	0	0	1	20	77	4	28	31744	896	0	1	0	896
108	9353	0	1	1	1	0	0	1	18	94	5	28	31744	896	0	1	0	896
108	9354	0	1	1	1	0	0	1	20	77	4	28	31744	896	0	1	0	896
108	9356	0	1	1	1	0	0	1	20	77	4	28	31744	896	0	1	0	896
108	9361	0	1	1	1	0	0	1	18	94	5	28	31744	896	0	1	0	896
108	9362	0	1	1	1	0	0	1	20	77	4	28	31744	896	0	1	0	896
108	9364	0	1	1	1	0	0	1	20	77	4	28	31744	896	0	1	0	896
108	9368	0	1	1	1	0	0	1	20	77	4	28	31744	896	0	1	0	896
108	9377	0	1	1	1	0	0	1	18	94	5	28	31744	896	0	1	0	896
108	9378	0	1	1	1	0	0	1	20	77	4	28	31744	896	0	1	0	896
108	9380	0	1	1	1	0	0	1	20	77	4	28	31744	896	0	1	0	896
108	9384	0	1	1	1	0	0	1	20	77	4	28	31744	896	0	1	0	896
108	9392	0	1	1	1	0	0	1	20	77	4	28	31744	896	0	1	0	896
108	9409	0	1	1	1	0	0	1	16	222	6	28	31744	896	0	1	0	896
108	9410	0	1	1	1	0	0	1	18	94	5	28	31744	896	0	1	0	896
108	9412	0	1	1	1	0	0	1	18	94	5	28	31744	896	0	1	0	896
108	9416	0	1	1	1	0	0	1	18	94	5	28	31744	896	0	1	0	896
108	9424	0	1	1	1	0	0	1	18	94	5	28	31744	896	0	1	0	896
108	9440	0	1	1	1	0	0	1	18	94	5	28	31744	896	0	1	0	896
108	9475	0	1	1	1	0	0	1	18	94	5	28	31744	896	0	1	0	896
108	9477	0	1	1	1	0	0	1	18	94	5	28	31744	896	0	1	0	896
108	9478	0	1	1	1	0	0	1	20	77	4	28	31744	896	0	1	0	896
108	9481	0	1	1	1	0	0	1	18	94	5	28	31744	896	0	1	0	896
108	9482	0	1	1	1	0	0	1	20	77	4	28	31744	896	0	1	0	896
108	9484	0	1	1	1	0	0	1	20	77	4	28	31744	896	0	1	0	896
108	9489	0	1	1	1	0	0	1	18	94	5	28	31744	896	0	1	0	896
108	9490	0	1	1	1	0	0	1	20	77	4	28	31744	896	0	1	0	896
108	9492	0	1	1	1	0	0	1	20	77	4	28	31744	896	0	1	0	896
108	9496	0	1	1	1	0	0	1	20	77	4	28	31744	896	0	1	0	896
108	9505	0	1	1	1	0	0	1	18	94	5	28	31744	896	0	1	0	896
108	9506	0	1	1	1	0	0	1	20	77	4	28	31744	896	0	1	0	896
108	9508	0	1	1	1	0	0	1	20	77	4	28	31744	896	0	1	0	896
108	9512	0	1	1	1	0	0	1	20	77	4	28	31744	896	0	1	0	896
108	9520	0	1	1	1	0	0	1	20	77	4	28	31744	896	0	1	0	896
108	9537	0	1	1	1	0	0	1	16	222	6	28	31744	896	0	1	0	896
108	9538	0	1	1	1	0	0	1	18	94	5	28	31744	896	0	1	0	896
108	9540	0	1	1	1	0	0	1	18	94	5	28	31744	896	0	1	0	896
108	9544	0	1	1	1	0	0	1	18	94	5	28	31744	896	0	1	0	896
108	9552	0	1	1	1	0	0	1	18	94	5	28	31744	896	0	1	0	896
108	9568	0	1	1	1	0	0	1	18	94	5	28	31744	896	0	1	0	896
108	9601	0	1	1	1	0	0	1	16	222	6	28	31744	896	0	1	0	896
108	9602	0	1	1	1	0	0	1	18	94	5	28	31744	896	0	1	0	896
108	9604	0	1	1	1	0	0	1	18	94	5	28	31744	896	0	1	0	896
108	9608	0	1	1	1	0	0	1	18	94	5	28	31744	896	0	1	0	896
108	9616	0	1	1	1	0	0	1	18	94	5	28	31744	896	0	1	0	896
108	9632	0	1	1	1	0	0	1	18	94	5	28	31744	896	0	1	0	896
108	9664	0	1	1	1	0	0	1	16	222	6	28	31744	896	0	1	0	896
108	9731	0	1	1	1	0	0	1	18	94	5	28	31744	896	0	1	0	896
108	9733	0	1	1	1	0	0	1	18	94	5	28	31744	896	0	1	0	896
108	9734	0	1	1	1	0	0	1	20	77	4	28	31744	896	0	1	0	896
108	9737	0	1	1	1	0	0	1	18	94	5	28	31744	896	0	1	0	896
108	9738	0	1	1	1	0	0	1	20	77	4	28	31744	896	0	1	0	896
108	9740	0	1	1	1	0	0	1	20	77	4	28	31744	896	0	1	0	896
108	9745	0	1	1	1	0	0	1	18	94	5	28	31744	896	0	1	0	896
108	9746	0	1	1	1	0	0	1	20	77	4	28	31744	896	0	1	0	896
108	9748	0	1	1	1	0	0	1	20	77	4	28	31744	896	0	1	0	896
108	9752	0	1	1	1	0	0	1	20	77	4	28	31744	896	0	1	0	896
108	9761	0	1	1	1	0	0	1	18	94	5	28	31744	896	0	1	0	896
108	9762	0	1	1	1	0	0	1	20	77	4	28	31744	896	0	1	0	896
108	9764	0	1	1	1	0	0	1	20	77	4	28	31744	896	0	1	0	896
108	9768	0	1	1	1	0	0	1	20	77	4	28	31744	896	0	1	0	896
108	9776	0	1	1	1	0	0	1	20	77	4	28	31744	896	0	1	0	896
108	9793	0	1	1	1	0	0	1	16	222	6	28	31744	896	0	1	0	896
108	9794	0	1	1	1	0	0	1	18	94	5	28	31744	896	0	1	0	896
108	9796	0	1	1	1	0	0	1	18	94	5	28	31744	896	0	1	0	896
108	9800	0	1	1	1	0	0	1	18	94	5	28	31744	896	0	1	0	896
108	9808	0	1	1	1	0	0	1	18	94	5	28	31744	896	0	1	0	896
108	9824	0	1	1	1	0	0	1	18	94	5	28	31744	896	0	1	0	896
108	9857	0	1	1	1	0	0	1	16	222	6	28	31744	896	0	1	0	896
108	9858	0	1	1	1	0	0	1	18	94	5	28	31744	896	0	1	0	896
108	9860	0	1	1	1	0	0	1	18	94	5	28	31744	896	0	1	0	896
108	9864	0	1	1	1	0	0	1	18	94	5	28	31744	896	0	1	0	896
108	9872	0	1	1	1	0	0	1	18	94	5	28	31744	896	0	1	0	896
108	9888	0	1	1	1	0	0	1	18	94	5	28	31744	896	0	1	0	896
108	9920	0	1	1	1	0	0	1	16	222	6	28	31744	896	0	1	0	896
108	9985	0	1	1	1	0	0	1	16	222	6	28	31744	896	0	1	0	896
108	9986	0	1	1	1	0	0	1	18	94	5	28	31744	896	0	1	0	896
108	9988	0	1	1	1	0	0	1	18	94	5	28	31744	896	0	1	0	896
108	9992	0	1	1	1	0	0	1	18	94	5	28	31744	896	0	1	0	896
108	10000	0	1	1	1	0	0	1	18	94	5	28	31744	896	0	1	0	896
108	10016	0	1	1	1	0	0	1	18	94	5	28	31744	896	0	1	0	896
108	10048	0	1	1	1	0	0	1	16	222	6	28	31744	896	0	1	0	896
108	10112	0	1	1	1	0	0	1	16	222	6	28	31744	896	0	1	0	896
108	10247	0	1	1	1	0	0	1	18	94	5	28	31744	896	0	1	0	896
108	10251	0	1	1	1	0	0	1	18	94	5	28	31744	896	0	1	0	896
108	10253	0	1	1	1	0	0	1	18	94	5	28	31744	896	0	1	0	896
108	10254	0	1	1	1	0	0	1	16	222	6	28	31744	896	0	1	0	896
108	10259	0	1	1	1	0	0	1	18	94	5	28	31744	896	0	1	0	896
108	10261	0	1	1	1	0	0	1	18	94	5	28	31744	896	0	1	0	896
108	10262	0	1	1	1	0	0	1	16	222	6	28	31744	896	0	1	0	896
108	10265	0	1	1	1	0	0	1	18	94	5	28	31744	896	0	1	0	896
108	10266	0	1	1	1	0	0	1	16	222	6	28	31744	896	0	1	0	896
108	10268	0	1	1	1	0	0	1	16	222	6	28	31744	896	0	1	0	896
108	10275	0	1	1	1	0	0	1	18	94	5	28	31744	896	0	1	0	896
108	10277	0	1	1	1	0	0	1	18	94	5	28	31744	896	0	1	0	896
108	10278	0	1	1	1	0	0	1	16	222	6	28	31744	896	0	1	0	896
108	10281	0	1	1	1	0	0	1	18	94	5	28	31744	896	0	1	0	896
108	10282	0	1	1	1	0	0	1	16	222	6	28	31744	896	0	1	0	896
108	10284	0	1	1	1	0	0	1	16	222	6	28	31744	896	0	1	0	896
108	10289	0	1	1	1	0	0	1	18	94	5	28	31744	896	0	1	0	896
108	10290	0	1	1	1	0	0	1	16	222	6	28	31744	896	0	1	0	896
108	10292	0	1	1	1	0	0	1	16	222	6	28	31744	896	0	1	0	896
108	10296	0	1	1	1	0	0	1	16	222	6	28	31744	896	0	1	0	896
108	10307	0	1	1	1	0	0	1	20	77	4	28	31744	896	0	1	0	896
108	10309	0	1	1	1	0	0	1	20	77	4	28	31744	896	0	1	0	896
108	10310	0	1	1	1	0	0	1	18	94	5	28	31744	896	0	1	0	896
108	10313	0	1	1	1	0	0	1	20	77	4	28	31744	896	0	1	0	896
108	10314	0	1	1	1	0	0	1	18	94	5	28	31744	896	0	1	0	896
108	10316	0	1	1	1	0	0	1	18	94	5	28	31744	896	0	1	0	896
108	10321	0	1	1	1	0	0	1	20	77	4	28	31744	896	0	1	0	896
108	10322	0	1	1	1	0	0	1	18	94	5	28	31744	896	0	1	0	896
108	10324	0	1	1	1	0	0	1	18	94	5	28	31744	896	0	1	0	896
108	10328	0	1	1	1	0	0	1	18	94	5	28	31744	896	0	1	0	896
108	10337	0	1	1	1	0	0	1	20	77	4	28	31744	896	0	1	0	896
108	10338	0	1	1	1	0	0	1	18	94	5	28	31744	896	0	1	0	896
108	10340	0	1	1	1	0	0	1	18	94	5	28	31744	896	0	1	0	896
108	10344	0	1	1	1	0	0	1	18	94	5	28	31744	896	0	1	0	896
108	10352	0	1	1	1	0	0	1	18	94	5	28	31744	896	0	1	0	896
108	10371	0	1	1	1	0	0	1	20	77	4	28	31744	896	0	1	0	896
108	10373	0	1	1	1	0	0	1	20	77	4	28	31744	896	0	1	0	896
108	10374	0	1	1	1	0	0	1	18	94	5	28	31744	896	0	1	0	896
108	10377	0	1	1	1	0	0	1	20	77	4	28	31744	896	0	1	0	896
108	10378	0	1	1	1	0	0	1	18	94	5	28	31744	896	0	1	0	896
108	10380	0	1	1	1	0	0	1	18	94	5	28	31744	896	0	1	0	896
108	10385	0	1	1	1	0	0	1	20	77	4	28	31744	896	0	1	0	896
108	10386	0	1	1	1	0	0	1	18	94	5	28	31744	896	0	1	0	896
108	10388	0	1	1	1	0	0	1	18	94	5	28	31744	896	0	1	0	896
108	10392	0	1	1	1	0	0	1	18	94	5	28	31744	896	0	1	0	896
108	10401	0	1	1	1	0	0	1	20	77	4	28	31744	896	0	1	0	896
108	10402	0	1	1	1	0	0	1	18	94	5	28	31744	896	0	1	0	896
108	10404	0	1	1	1	0	0	1	18	94	5	28	31744	896	0	1	0	896
108	10408	0	1	1	1	0	0	1	18	94	5	28	31744	896	0	1	0	896
108	10416	0	1	1	1	0	0	1	18	94	5	28	31744	896	0	1	0	896
108	10433	0	1	1	1	0	0	1	22	11	3	28	31744	896	0	1	0	896
108	10434	0	1	1	1	0	0	1	20	77	4	28	31744	896	0	1	0	896
108	10436	0	1	1	1	0	0	1	20	77	4	28	31744	896	0	1	0	896
108	10440	0	1	1	1	0	0	1	20	77	4	28	31744	896	0	1	0	896
108	10448	0	1	1	1	0	0	1	20	77	4	28	31744	896	0	1	0	896
108	10464	0	1	1	1	0	0	1	20	77	4	28	31744	896	0	1	0	896
108	10499	0	1	1	1	0	0	1	20	77	4	28	31744	896	0	1	0	896
108	10501	0	1	1	1	0	0	1	20	77	4	28	31744	896	0	1	0	896
108	10502	0	1	1	1	0	0	1	18	94	5	28	31744	896	0	1	0	896
108	10505	0	1	1	1	0	0	1	20	77	4	28	31744	896	0	1	0	896
108	10506	0	1	1	1	0	0	1	18	94	5	28	31744	896	0	1	0	896
108	10508	0	1	1	1	0	0	1	18	94	5	28	31744	896	0	1	0	896
108	10513	0	1	1	1	0	0	1	20	77	4	28	31744	896	0	1	0	896
108	10514	0	1	1	1	0	0	1	18	94	5	28	31744	896	0	1	0	896
108	10516	0	1	1	1	0	0	1	18	94	5	28	31744	896	0	1	0	896
108	10520	0	1	1	1	0	0	1	18	94	5	28	31744	896	0	1	0	896
108	10529	0	1	1	1	0	0	1	20	77	4	28	31744	896	0	1	0	896
108	10530	0	1	1	1	0	0	1	18	94	5	28	31744	896	0	1	0	896
108	10532	0	1	1	1	0	0	1	18	94	5	28	31744	896	0	1	0	896
108	10536	0	1	1	1	0	0	1	18	94	5	28	31744	896	0	1	0	896
108	10544	0	1	1	1	0	0	1	18	94	5	28	31744	896	0	1	0	896
108	10561	0	1	1	1	0	0	1	22	11	3	28	31744	896	0	1	0	896
108	10562	0	1	1	1	0	0	1	20	77	4	28	31744	896	0	1	0	896
108	10564	0	1	1	1	0	0	1	20	77	4	28	31744	896	0	1	0	896
108	10568	0	1	1	1	0	0	1	20	77	4	28	31744	896	0	1	0	896
108	10576	0	1	1	1	0	0	1	20	77	4	28	31744	896	0	1	0	896
108	10592	0	1	1	1	0	0	1	20	77	4	28	31744	896	0	1	0	896
108	10625	0	1	1	1	0	0	1	22	11	3	28	31744	896	0	1	0	896
108	10626	0	1	1	1	0	0	1	20	77	4	28	31744	896	0	1	0	896
108	10628	0	1	1	1	0	0	1	20	77	4	28	31744	896	0	1	0	896
108	10632	0	1	1	1	0	0	1	20	77	4	28	31744	896	0	1	0	896
108	10640	0	1	1	1	0	0	1	20	77	4	28	31744	896	0	1	0	896
108	10656	0	1	1	1	0	0	1	20	77	4	28	31744	896	0	1	0	896
108	10688	0	1	1	1	0	0	1	22	11	3	28	31744	896	0	1	0	896
108	10755	0	1	1	1	0	0	1	20	77	4	28	31744	896	0	1	0	896
108	10757	0	1	1	1	0	0	1	20	77	4	28	31744	896	0	1	0	896
108	10758	0	1	1	1	0	0	1	18	94	5	28	31744	896	0	1	0	896
108	10761	0	1	1	1	0	0	1	20	77	4	28	31744	896	0	1	0	896
108	10762	0	1	1	1	0	0	1	18	94	5	28	31744	896	0	1	0	896
108	10764	0	1	1	1	0	0	1	18	94	5	28	31744	896	0	1	0	896
108	10769	0	1	1	1	0	0	1	20	77	4	28	31744	896	0	1	0	896
108	10770	0	1	1	1	0	0	1	18	94	5	28	31744	896	0	1	0	896
108	10772	0	1	1	1	0	0	1	18	94	5	28	31744	896	0	1	0	896
108	10776	0	1	1	1	0	0	1	18	94	5	28	31744	896	0	1	0	896
108	10785	0	1	1	1	0	0	1	20	77	4	28	31744	896	0	1	0	896
108	10786	0	1	1	1	0	0	1	18	94	5	28	31744	896	0	1	0	896
108	10788	0	1	1	1	0	0	1	18	94	5	28	31744	896	0	1	0	896
108	10792	0	1	1	1	0	0	1	18	94	5	28	31744	896	0	1	0	896
108	10800	0	1	1	1	0	0	1	18	94	5	28	31744	896	0	1	0	896
108	10817	0	1	1	1	0	0	1	22	11	3	28	31744	896	0	1	0	896
108	10818	0	1	1	1	0	0	1	20	77	4	28	31744	896	0	1	0	896
108	10820	0	1	1	1	0	0	1	20	77	4	28	31744	896	0	1	0	896
108	10824	0	1	1	1	0	0	1	20	77	4	28	31744	896	0	1	0	896
108	10832	0	1	1	1	0	0	1	20	77	4	28	31744	896	0	1	0	896
108	10848	0	1	1	1	0	0	1	20	77	4	28	31744	896	0	1	0	896
108	10881	0	1	1	1	0	0	1	22	11	3	28	31744	896	0	1	0	896
108	10882	0	1	1	1	0	0	1	20	77	4	28	31744	896	0	1	0	896
108	10884	0	1	1	1	0	0	1	20	77	4	28	31744	896	0	1	0	896
108	10888	0	1	1	1	0	0	1	20	77	4	28	31744	896	0	1	0	896
108	10896	0	1	1	1	0	0	1	20	77	4	28	31744	896	0	1	0	896
108	10912	0	1	1	1	0	0	1	20	77	4	28	31744	896	0	1	0	896
108	10944	0	1	1	1	0	0	1	22	11	3	28	31744	896	0	1	0	896
108	11009	0	1	1	1	0	0	1	22	11	3	28	31744	896	0	1	0	896
108	11010	0	1	1	1	0	0	1	20	77	4	28	31744	896	0	1	0	896
108	11012	0	1	1	1	0	0	1	20	77	4	28	31744	896	0	1	0	896
108	11016	0	1	1	1	0	0	1	20	77	4	28	31744	896	0	1	0	896
108	11024	0	1	1	1	0	0	1	20	77	4	28	31744	896	0	1	0	896
108	11040	0	1	1	1	0	0	1	20	77	4	28	31744	896	0	1	0	896
108	11072	0	1	1	1	0	0	1	22	11	3	28	31744	896	0	1	0	896
108	11136	0	1	1	1	0	0	1	22	11	3	28	31744	896	0	1	0	896
108	11267	0	1	1	1	0	0	1	22	236	5	30	31744	768	0	1	0	768
108	11269	0	1	1	1	0	0	1	22	236	5	30	31744	768	0	1	0	768
108	11270	0	1	1	1	0	0	1	20	94	5	30	31744	768	0	1	0	768
108	11273	0	1	1	1	0	0	1	22	236	5	30	31744	768	0	1	0	768
108	11274	0	1	1	1	0	0	1	20	94	5	30	31744	768	0	1	0	768
108	11276	0	1	1	1	0	0	1	20	94	5	30	31744	768	0	1	0	768
108	11281	0	1	1	1	0	0	1	22	236	5	30	31744	768	0	1	0	768
108	11282	0	1	1	1	0	0	1	20	94	5	30	31744	768	0	1	0	768
108	11284	0	1	1	1	0	0	1	20	94	5	30	31744	768	0	1	0	768
108	11288	0	1	1	1	0	0	1	20	94	5	30	31744	768	0	1	0	768
108	11297	0	1	1	1	0	0	1	22	236	5	30	31744	768	0	1	0	768
108	11298	0	1	1	1	0	0	1	20	94	5	30	31744	768	0	1	0	768
108	11300	0	1	1	1	0	0	1	20	94	5	30	31744	768	0	1	0	768
108	11304	0	1	1	1	0	0	1	20	94	5	30	31744	768	0	1	0	768
108	11312	0	1	1	1	0	0	1	20	94	5	30	31744	768	0	1	0	768
108	11329	0	1	1	1	0	0	1	20	94	5	30	31744	768	0	1	0	768
108	11330	0	1	1	1	0	0	1	22	236	5	30	31744	768	0	1	0	768
108	11332	0	1	1	1	0	0	1	22	236	5	30	31744	768	0	1	0	768
108	11336	0	1	1	1	0	0	1	22	236	5	30	31744	768	0	1	0	768
108	11344	0	1	1	1	0	0	1	22	236	5	30	31744	768	0	1	0	768
108	11360	0	1	1	1	0	0	1	22	236	5	30	31744	768	0	1	0	768
108	11393	0	1	1	1	0	0	1	20	94	5	30	31744	768	0	1	0	768
108	11394	0	1	1	1	0	0	1	22	236	5	30	31744	768	0	1	0	768
108	11396	0	1	1	1	0	0	1	22	236	5	30	31744	768	0	1	0	768
108	11400	0	1	1	1	0	0	1	22	236	5	30	31744	768	0	1	0	768
108	11408	0	1	1	1	0	0	1	22	236	5	30	31744	768	0	1	0	768
108	11424	0	1	1	1	0	0	1	22	236	5	30	31744	768	0	1	0	768
108	11456	0	1	1	1	0	0	1	20	94	5	30	31744	768	0	1	0	768
108	11521	0	1	1	1	0	0	1	20	94	5	30	31744	768	0	1	0	768
108	11522	0	1	1	1	0	0	1	22	236	5	30	31744	768	0	1	0	768
108	11524	0	1	1	1	0	0	1	22	236	5	30	31744	768	0	1	0	768
108	11528	0	1	1	1	0	0	1	22	236	5	30	31744	768	0	1	0	768
108	11536	0	1	1	1	0	0	1	22	236	5	30	31744	768	0	1	0	768
108	11552	0	1	1	1	0	0	1	22	236	5	30	31744	768	0	1	0	768
108	11584	0	1	1	1	0	0	1	20	94	5	30	31744	768	0	1	0	768
108	11648	0	1	1	1	0	0	1	20	94	5	30	31744	768	0	1	0	768
108	11777	0	1	1	1	0	0	1	20	94	5	30	31744	768	0	1	0	768
108	11778	0	1	1	1	0	0	1	22	236	5	30	31744	768	0	1	0	768
108	11780	0	1	1	1	0	0	1	22	236	5	30	31744	768	0	1	0	768
108	11784	0	1	1	1	0	0	1	22	236	5	30	31744	768	0	1	0	768
108	11792	0	1	1	1	0	0	1	22	236	5	30	31744	768	0	1	0	768
108	11808	0	1	1	1	0	0	1	22	236	5	30	31744	768	0	1	0	768
108	11840	0	1	1	1	0	0	1	20	94	5	30	31744	768	0	1	0	768
108	11904	0	1	1	1	0	0	1	20	94	5	30	31744	768	0	1	0	768
108	12032	0	1	1	1	0	0	1	20	94	5	30	31744	768	0	1	0	768
108	12295	1	1	0	1	0	0	1	20	222	6	32	31744	896	0	0	0	896
108	12299	1	1	0	1	0	0	1	20	222	6	32	31744	896	0	0	0	896
108	12301	1	1	0	1	0	0	1	20	222	6	32	31744	896	0	0	0	896
108	12302	1	1	0	1	0	0	1	20	222	6	32	31744	896	0	0	0	896
108	12307	1	1	0	1	0	0	1	20	222	6	32	31744	896	0	0	0	896
108	12309	1	1	0	1	0	0	1	20	222	6	32	31744	896	0	0	0	896
108	12310	1	1	0	1	0	0	1	20	222	6	32	31744	896	0	0	0	896
108	12313	1	1	0	1	0	0	1	20	222	6	32	31744	896	0	0	0	896
108	12314	1	1	0	1	0	0	1	20	222	6	32	31744	896	0	0	0	896
108	12316	1	1	0	1	0	0	1	20	222	6	32	31744	896	0	0	0	896
108	12323	1	1	0	1	0	0	1	20	222	6	32	31744	896	0	0	0	896
108	12325	1	1	0	1	0	0	1	20	222	6	32	31744	896	0	0	0	896
108	12326	1	1	0	1	0	0	1	20	222	6	32	31744	896	0	0	0	896
108	12329	1	1	0	1	0	0	1	20	222	6	32	31744	896	0	0	0	896
108	12330	1	1	0	1	0	0	1	20	222	6	32	31744	896	0	0	0	896
108	12332	1	1	0	1	0	0	1	20	222	6	32	31744	896	0	0	0	896
108	12337	1	1	0	1	0	0	1	20	222	6	32	31744	896	0	0	0	896
108	12338	1	1	0	1	0	0	1	20	222	6	32	31744	896	0	0	0	896
108	12340	1	1	0	1	0	0	1	20	222	6	32	31744	896	0	0	0	896
108	12344	1	1	0	1	0	0	1	20	222	6	32	31744	896	0	0	0	896
108	12355	1	1	0	1	0	0	1	20	222	6	32	31744	896	0	0	0	896
108	12357	1	1	0	1	0	0	1	20	222	6	32	31744	896	0	0	0	896
108	12358	1	1	0	1	0	0	1	20	222	6	32	31744	896	0	0	0	896
108	12361	1	1	0	1	0	0	1	20	222	6	32	31744	896	0	0	0	896
108	12362	1	1	0	1	0	0	1	20	222	6	32	31744	896	0	0	0	896
108	12364	1	1	0	1	0	0	1	20	222	6	32	31744	896	0	0	0	896
108	12369	1	1	0	1	0	0	1	20	222	6	32	31744	896	0	0	0	896
108	12370	1	1	0	1	0	0	1	20	222	6	32	31744	896	0	0	0	896
108	12372	1	1	0	1	0	0	1	20	222	6	32	31744	896	0	0	0	896
108	12376	1	1	0	1	0	0	1	20	222	6	32	31744	896	0	0	0	896
108	12385	1	1	0	1	0	0	1	20	222	6	32	31744	896	0	0	0	896
108	12386	1	1	0	1	0	0	1	20	222	6	32	31744	896	0	0	0	896
108	12388	1	1	0	1	0	0	1	20	222	6	32	31744	896	0	0	0	896
108	12392	1	1	0	1	0	0	1	20	222	6	32	31744	896	0	0	0	896
108	12400	1	1	0	1	0	0	1	20	222	6	32	31744	896	0	0	0	896
108	12419	1	1	0	1	0	0	1	20	222	6	32	31744	896	0	0	0	896
108	12421	1	1	0	1	0	0	1	20	222	6	32	31744	896	0	0	0	896
108	12422	1	1	0	1	0	0	1	20	222	6	32	31744	896	0	0	0	896
108	12425	1	1	0	1	0	0	1	20	222	6	32	31744	896	0	0	0	896
108	12426	1	1	0	1	0	0	1	20	222	6	32	31744	896	0	0	0	896
108	12428	1	1	0	1	0	0	1	20	222	6	32	31744	896	0	0	0	896
108	12433	1	1	0	1	0	0	1	20	222	6	32	31744	896	0	0	0	896
108	12434	1	1	0	1	0	0	1	20	222	6	32	31744	896	0	0	0	896
108	12436	1	1	0	1	0	0	1	20	222	6	32	31744	896	0	0	0	896
108	12440	1	1	0	1	0	0	1	20	222	6	32	31744	896	0	0	0	896
108	12449	1	1	0	1	0	0	1	20	222	6	32	31744	896	0	0	0	896
108	12450	1	1	0	1	0	0	1	20	222	6	32	31744	896	0	0	0	896
108	12452	1	1	0	1	0	0	1	20	222	6	32	31744	896	0	0	0	896
108	12456	1	1	0	1	0	0	1	20	222	6	32	31744	896	0	0	0	896
108	12464	1	1	0	1	0	0	1	20	222	6	32	31744	896	0	0	0	896
108	12481	1	1	0	1	0	0	1	20	222	6	32	31744	896	0	0	0	896
108	12482	1	1	0	1	0	0	1	20	222	6	32	31744	896	0	0	0	896
108	12484	1	1	0	1	0	0	1	20	222	6	32	31744	896	0	0	0	896
108	12488	1	1	0	1	0	0	1	20	222	6	32	31744	896	0	0	0	896
108	12496	1	1	0	1	0	0	1	20	222	6	32	31744	896	0	0	0	896
108	12512	1	1	0	1	0	0	1	20	222	6	32	31744	896	0	0	0	896
108	12547	1	1	0	1	0	0	1	20	222	6	32	31744	896	0	0	0	896
108	12549	1	1	0	1	0	0	1	20	222	6	32	31744	896	0	0	0	896
108	12550	1	1	0	1	0	0	1	20	222	6	32	31744	896	0	0	0	896
108	12553	1	1	0	1	0	0	1	20	222	6	32	31744	896	0	0	0	896
108	12554	1	1	0	1	0	0	1	20	222	6	32	31744	896	0	0	0	896
108	12556	1	1	0	1	0	0	1	20	222	6	32	31744	896	0	0	0	896
108	12561	1	1	0	1	0	0	1	20	222	6	32	31744	896	0	0	0	896
108	12562	1	1	0	1	0	0	1	20	222	6	32	31744	896	0	0	0	896
108	12564	1	1	0	1	0	0	1	20	222	6	32	31744	896	0	0	0	896
108	12568	1	1	0	1	0	0	1	20	222	6	32	31744	896	0	0	0	896
108	12577	1	1	0	1	0	0	1	20	222	6	32	31744	896	0	0	0	896
108	12578	1	1	0	1	0	0	1	20	222	6	32	31744	896	0	0	0	896
108	12580	1	1	0	1	0	0	1	20	222	6	32	31744	896	0	0	0	896
108	12584	1	1	0	1	0	0	1	20	222	6	32	31744	896	0	0	0	896
108	12592	1	1	0	1	0	0	1	20	222	6	32	31744	896	0	0	0	896
108	12609	1	1	0	1	0	0	1	20	222	6	32	31744	896	0	0	0	896
108	12610	1	1	0	1	0	0	1	20	222	6	32	31744	896	0	0	0	896
108	12612	1	1	0	1	0	0	1	20	222	6	32	31744	896	0	0	0	896
108	12616	1	1	0	1	0	0	1	20	222	6	32	31744	896	0	0	0	896
108	12624	1	1	0	1	0	0	1	20	222	6	32	31744	896	0	0	0	896
108	12640	1	1	0	1	0	0	1	20	222	6	32	31744	896	0	0	0	896
108	12673	1	1	0	1	0	0	1	20	222	6	32	31744	896	0	0	0	896
108	12674	1	1	0	1	0	0	1	20	222	6	32	31744	896	0	0	0	896
108	12676	1	1	0	1	0	0	1	20	222	6	32	31744	896	0	0	0	896
108	12680	1	1	0	1	0	0	1	20	222	6	32	31744	896	0	0	0	896
108	12688	1	1	0	1	0	0	1	20	222	6	32	31744	896	0	0	0	896
108	12704	1	1	0	1	0	0	1	20	222	6	32	31744	896	0	0	0	896
108	12736	1	1	0	1	0	0	1	20	222	6	32	31744	896	0	0	0	896
108	12803	1	1	0	1	0	0	1	20	222	6	32	31744	896	0	0	0	896
108	12805	1	1	0	1	0	0	1	20	222	6	32	31744	896	0	0	0	896
108	12806	1	1	0	1	0	0	1	20	222	6	32	31744	896	0	0	0	896
108	12809	1	1	0	1	0	0	1	20	222	6	32	31744	896	0	0	0	896
108	12810	1	1	0	1	0	0	1	20	222	6	32	31744	896	0	0	0	896
108	12812	1	1	0	1	0	0	1	20	222	6	32	31744	896	0	0	0	896
108	12817	1	1	0	1	0	0	1	20	222	6	32	31744	896	0	0	0	896
108	12818	1	1	0	1	0	0	1	20	222	6	32	31744	896	0	0	0	896
108	12820	1	1	0	1	0	0	1	20	222	6	32	31744	896	0	0	0	896
108	12824	1	1	0	1	0	0	1	20	222	6	32	31744	896	0	0	0	896
108	12833	1	1	0	1	0	0	1	20	222	6	32	31744	896	0	0	0	896
108	12834	1	1	0	1	0	0	1	20	222	6	32	31744	896	0	0	0	896
108	12836	1	1	0	1	0	0	1	20	222	6	32	31744	896	0	0	0	896
108	12840	1	1	0	1	0	0	1	20	222	6	32	31744	896	0	0	0	896
108	12848	1	1	0	1	0	0	1	20	222	6	32	31744	896	0	0	0	896
108	12865	1	1	0	1	0	0	1	20	222	6	32	31744	896	0	0	0	896
108	12866	1	1	0	1	0	0	1	20	222	6	32	31744	896	0	0	0	896
108	12868	1	1	0	1	0	0	1	20	222	6	32	31744	896	0	0	0	896
108	12872	1	1	0	1	0	0	1	20	222	6	32	31744	896	0	0	0	896
108	12880	1	1	0	1	0	0	1	20	222	6	32	31744	896	0	0	0	896
108	12896	1	1	0	1	0	0	1	20	222	6	32	31744	896	0	0	0	896
108	12929	1	1	0	1	0	0	1	20	222	6	32	31744	896	0	0	0	896
108	12930	1	1	0	1	0	0	1	20	222	6	32	31744	896	0	0	0	896
108	12932	1	1	0	1	0	0	1	20	222	6	32	31744	896	0	0	0	896
108	12936	1	1	0	1	0	0	1	20	222	6	32	31744	896	0	0	0	896
108	12944	1	1	0	1	0	0	1	20	222	6	32	31744	896	0	0	0	896
108	12960	1	1	0	1	0	0	1	20	222	6	32	31744	896	0	0	0	896
108	12992	1	1	0	1	0	0	1	20	222	6	32	31744	896	0	0	0	896
108	13057	1	1	0	1	0	0	1	20	222	6	32	31744	896	0	0	0	896
108	13058	1	1	0	1	0	0	1	20	222	6	32	31744	896	0	0	0	896
108	13060	1	1	0	1	0	0	1	20	222	6	32	31744	896	0	0	0	896
108	13064	1	1	0	1	0	0	1	20	222	6	32	31744	896	0	0	0	896
108	13072	1	1	0	1	0	0	1	20	222	6	32	31744	896	0	0	0	896
108	13088	1	1	0	1	0	0	1	20	222	6	32	31744	896	0	0	0	896
108	13120	1	1	0	1	0	0	1	20	222	6	32	31744	896	0	0	0	896
108	13184	1	1	0	1	0	0	1	20	222	6	32	31744	896	0	0	0	896
108	13315	0	1	1	1	0	0	1	24	94	5	34	31744	768	0	1	0	768
108	13317	0	1	1	1	0	0	1	24	94	5	34	31744	768	0	1	0	768
108	13318	0	1	1	1	0	0	1	26	30	4	34	31744	768	0	1	0	768
108	13321	0	1	1	1	0	0	1	24	94	5	34	31744	768	0	1	0	768
108	13322	0	1	1	1	0	0	1	26	30	4	34	31744	768	0	1	0	768
108	13324	0	1	1	1	0	0	1	26	30	4	34	31744	768	0	1	0	768
108	13329	0	1	1	1	0	0	1	24	94	5	34	31744	768	0	1	0	768
108	13330	0	1	1	1	0	0	1	26	30	4	34	31744	768	0	1	0	768
108	13332	0	1	1	1	0	0	1	26	30	4	34	31744	768	0	1	0	768
108	13336	0	1	1	1	0	0	1	26	30	4	34	31744	768	0	1	0	768
108	13345	0	1	1	1	0	0	1	24	94	5	34	31744	768	0	1	0	768
108	13346	0	1	1	1	0	0	1	26	30	4	34	31744	768	0	1	0	768
108	13348	0	1	1	1	0	0	1	26	30	4	34	31744	768	0	1	0	768
108	13352	0	1	1	1	0	0	1	26	30	4	34	31744	768	0	1	0	768
108	13360	0	1	1	1	0	0	1	26	30	4	34	31744	768	0	1	0	768
108	13377	0	1	1	1	0	0	1	22	222	6	34	31744	768	0	1	0	768
108	13378	0	1	1	1	0	0	1	24	94	5	34	31744	768	0	1	0	768
108	13380	0	1	1	1	0	0	1	24	94	5	34	31744	768	0	1	0	768
108	13384	0	1	1	1	0	0	1	24	94	5	34	31744	768	0	1	0	768
108	13392	0	1	1	1	0	0	1	24	94	5	34	31744	768	0	1	0	768
108	13408	0	1	1	1	0	0	1	24	94	5	34	31744	768	0	1	0	768
108	13441	0	1	1	1	0	0	1	22	222	6	34	31744	768	0	1	0	768
108	13442	0	1	1	1	0	0	1	24	94	5	34	31744	768	0	1	0	768
108	13444	0	1	1	1	0	0	1	24	94	5	34	31744	768	0	1	0	768
108	13448	0	1	1	1	0	0	1	24	94	5	34	31744	768	0	1	0	768
108	13456	0	1	1	1	0	0	1	24	94	5	34	31744	768	0	1	0	768
108	13472	0	1	1	1	0	0	1	24	94	5	34	31744	768	0	1	0	768
108	13504	0	1	1	1	0	0	1	22	222	6	34	31744	768	0	1	0	768
108	13569	0	1	1	1	0	0	1	22	222	6	34	31744	768	0	1	0	768
108	13570	0	1	1	1	0	0	1	24	94	5	34	31744	768	0	1	0	768
108	13572	0	1	1	1	0	0	1	24	94	5	34	31744	768	0	1	0	768
108	13576	0	1	1	1	0	0	1	24	94	5	34	31744	768	0	1	0	768
108	13584	0	1	1	1	0	0	1	24	94	5	34	31744	768	0	1	0	768
108	13600	0	1	1	1	0	0	1	24	94	5	34	31744	768	0	1	0	768
108	13632	0	1	1	1	0	0	1	22	222	6	34	31744	768	0	1	0	768
108	13696	0	1	1	1	0	0	1	22	222	6	34	31744	768	0	1	0	768
108	13825	0	1	1	1	0	0	1	22	222	6	34	31744	768	0	1	0	768
108	13826	0	1	1	1	0	0	1	24	94	5	34	31744	768	0	1	0	768
108	13828	0	1	1	1	0	0	1	24	94	5	34	31744	768	0	1	0	768
108	13832	0	1	1	1	0	0	1	24	94	5	34	31744	768	0	1	0	768
108	13840	0	1	1	1	0	0	1	24	94	5	34	31744	768	0	1	0	768
108	13856	0	1	1	1	0	0	1	24	94	5	34	31744	768	0	1	0	768
108	13888	0	1	1	1	0	0	1	22	222	6	34	31744	768	0	1	0	768
108	13952	0	1	1	1	0	0	1	22	222	6	34	31744	768	0	1	0	768
108	14080	0	1	1	1	0	0	1	22	222	6	34	31744	768	0	1	0	768
108	14339	0	1	1	1	0	0	1	24	94	5	34	31744	768	0	1	0	768
108	14341	0	1	1	1	0	0	1	24	94	5	34	31744	768	0	1	0	768
108	14342	0	1	1	1	0	0	1	22	222	6	34	31744	768	0	1	0	768
108	14345	0	1	1	1	0	0	1	24	94	5	34	31744	768	0	1	0	768
108	14346	0	1	1	1	0	0	1	22	222	6	34	31744	768	0	1	0	768
108	14348	0	1	1	1	0	0	1	22	222	6	34	31744	768	0	1	0	768
108	14353	0	1	1	1	0	0	1	24	94	5	34	31744	768	0	1	0	768
108	14354	0	1	1	1	0	0	1	22	222	6	34	31744	768	0	1	0	768
108	14356	0	1	1	1	0	0	1	22	222	6	34	31744	768	0	1	0	768
108	14360	0	1	1	1	0	0	1	22	222	6	34	31744	768	0	1	0	768
108	14369	0	1	1	1	0	0	1	24	94	5	34	31744	768	0	1	0	768
108	14370	0	1	1	1	0	0	1	22	222	6	34	31744	768	0	1	0	768
108	14372	0	1	1	1	0	0	1	22	222	6	34	31744	768	0	1	0	768
108	14376	0	1	1	1	0	0	1	22	222	6	34	31744	768	0	1	0	768
108	14384	0	1	1	1	0	0	1	22	222	6	34	31744	768	0	1	0	768
108	14401	0	1	1	1	0	0	1	26	30	4	34	31744	768	0	1	0	768
108	14402	0	1	1	1	0	0	1	24	94	5	34	31744	768	0	1	0	768
108	14404	0	1	1	1	0	0	1	24	94	5	34	31744	768	0	1	0	768
108	14408	0	1	1	1	0	0	1	24	94	5	34	31744	768	0	1	0	768
108	14416	0	1	1	1	0	0	1	24	94	5	34	31744	768	0	1	0	768
108	14432	0	1	1	1	0	0	1	24	94	5	34	31744	768	0	1	0	768
108	14465	0	1	1	1	0	0	1	26	30	4	34	31744	768	0	1	0	768
108	14466	0	1	1	1	0	0	1	24	94	5	34	31744	768	0	1	0	768
108	14468	0	1	1	1	0	0	1	24	94	5	34	31744	768	0	1	0	768
108	14472	0	1	1	1	0	0	1	24	94	5	34	31744	768	0	1	0	768
108	14480	0	1	1	1	0	0	1	24	94	5	34	31744	768	0	1	0	768
108	14496	0	1	1	1	0	0	1	24	94	5	34	31744	768	0	1	0	768
108	14528	0	1	1	1	0	0	1	26	30	4	34	31744	768	0	1	0	768
108	14593	0	1	1	1	0	0	1	26	30	4	34	31744	768	0	1	0	768
108	14594	0	1	1	1	0	0	1	24	94	5	34	31744	768	0	1	0	768
108	14596	0	1	1	1	0	0	1	24	94	5	34	31744	768	0	1	0	768
108	14600	0	1	1	1	0	0	1	24	94	5	34	31744	768	0	1	0	768
108	14608	0	1	1	1	0	0	1	24	94	5	34	31744	768	0	1	0	768
108	14624	0	1	1	1	0	0	1	24	94	5	34	31744	768	0	1	0	768
108	14656	0	1	1	1	0	0	1	26	30	4	34	31744	768	0	1	0	768
108	14720	0	1	1	1	0	0	1	26	30	4	34	31744	768	0	1	0	768
108	14849	0	1	1	1	0	0	1	26	30	4	34	31744	768	0	1	0	768
108	14850	0	1	1	1	0	0	1	24	94	5	34	31744	768	0	1	0	768
108	14852	0	1	1	1	0	0	1	24	94	5	34	31744	768	0	1	0	768
108	14856	0	1	1	1	0	0	1	24	94	5	34	31744	768	0	1	0	768
108	14864	0	1	1	1	0	0	1	24	94	5	34	31744	768	0	1	0	768
108	14880	0	1	1	1	0	0	1	24	94	5	34	31744	768	0	1	0	768
108	14912	0	1	1	1	0	0	1	26	30	4	34	31744	768	0	1	0	768
108	14976	0	1	1	1	0	0	1	26	30	4	34	31744	768	0	1	0	768
108	15104	0	1	1	1	0	0	1	26	30	4	34	31744	768	0	1	0	768
108	15361	0	1	1	1	0	0	1	28	77	4	36	31744	512	0	1	0	512
108	15362	0	1	1	1	0	0	1	28	77	4	36	31744	512	0	1	0	512
108	15364	0	1	1	1	0	0	1	28	77	4	36	31744	512	0	1	0	512
108	15368	0	1	1	1	0	0	1	28	77	4	36	31744	512	0	1	0	512
108	15376	0	1	1	1	0	0	1	28	77	4	36	31744	512	0	1	0	512
108	15392	0	1	1	1	0	0	1	28	77	4	36	31744	512	0	1	0	512
108	15424	0	1	1	1	0	0	1	28	77	4	36	31744	512	0	1	0	512
108	15488	0	1	1	1	0	0	1	28	77	4	36	31744	512	0	1	0	512
108	15616	0	1	1	1	0	0	1	28	77	4	36	31744	512	0	1	0	512
108	15872	0	1	1	1	0	0	1	28	77	4	36	31744	512	0	1	0	512
108	16399	1	1	0	1	0	0	1	18	75	4	26	31744	960	0	0	0	960
108	16407	1	1	0	1	0	0	1	18	75	4	26	31744	960	0	0	0	960
108	16411	1	1	0	1	0	0	1	18	75	4	26	31744	960	0	0	0	960
108	16413	1	1	0	1	0	0	1	18	75	4	26	31744	960	0	0	0	960
108	16414	1	2	0	1	0	0	1	18	75	4	26	31744	960	0	0	0	832,960
108	16423	1	1	0	1	0	0	1	18	75	4	26	31744	960	0	0	0	960
108	16427	1	1	0	1	0	0	1	18	75	4	26	31744	960	0	0	0	960
108	16429	1	1	0	1	0	0	1	18	75	4	26	31744	960	0	0	0	960
108	16430	1	2	0	1	0	0	1	18	75	4	26	31744	960	0	0	0	832,960
108	16435	1	1	0	1	0	0	1	18	75	4	26	31744	960	0	0	0	960
108	16437	1	1	0	1	0	0	1	18	75	4	26	31744	960	0	0	0	960
108	16438	1	2	0	1	0	0	1	18	75	4	26	31744	960	0	0	0	832,960
108	16441	1	1	0	1	0	0	1	18	75	4	26	31744	960	0	0	0	960
108	16442	1	2	0	1	0	0	1	18	75	4	26	31744	960	0	0	0	832,960
108	16444	1	2	0	1	0	0	1	18	75	4	26	31744	960	0	0	0	832,960
108	16455	1	1	0	1	0	0	1	18	75	4	26	31744	960	0	0	0	960
108	16459	1	1	0	1	0	0	1	18	75	4	26	31744	960	0	0	0	960
108	16461	1	1	0	1	0	0	1	18	75	4	26	31744	960	0	0	0	960
108	16462	1	1	0	1	0	0	1	18	75	4	26	31744	960	0	0	0	960
108	16467	1	1	0	1	0	0	1	18	75	4	26	31744	960	0	0	0	960
108	16469	1	1	0	1	0	0	1	18	75	4	26	31744	960	0	0	0	960
108	16470	1	1	0	1	0	0	1	18	75	4	26	31744	960	0	0	0	960
108	16473	1	1	0	1	0	0	1	18	75	4	26	31744	960	0	0	0	960
108	16474	1	1	0	1	0	0	1	18	75	4	26	31744	960	0	0	0	960
108	16476	1	1	0	1	0	0	1	18	75	4	26	31744	960	0	0	0	960
108	16483	1	1	0	1	0	0	1	18	75	4	26	31744	960	0	0	0	960
108	16485	1	1	0	1	0	0	1	18	75	4	26	31744	960	0	0	0	960
108	16486	1	1	0	1	0	0	1	18	75	4	26	31744	960	0	0	0	960
108	16489	1	1	0	1	0	0	1	18	75	4	26	31744	960	0	0	0	960
108	16490	1	1	0	1	0	0	1	18	75	4	26	31744	960	0	0	0	960
108	16492	1	1	0	1	0	0	1	18	75	4	26	31744	960	0	0	0	960
108	16497	1	1	0	1	0	0	1	18	75	4	26	31744	960	0	0	0	960
108	16498	1	1	0	1	0	0	1	18	75	4	26	31744	960	0	0	0	960
108	16500	1	1	0	1	0	0	1	18	75	4	26	31744	960	0	0	0	960
108	16504	1	1	0	1	0	0	1	18	75	4	26	31744	960	0	0	0	960
108	16519	1	1	0	1	0	0	1	18	75	4	26	31744	960	0	0	0	960
108	16523	1	1	0	1	0	0	1	18	75	4	26	31744	960	0	0	0	960
108	16525	1	1	0	1	0	0	1	18	75	4	26	31744	960	0	0	0	960
108	16526	1	1	0	1	0	0	1	18	75	4	26	31744	960	0	0	0	960
108	16531	1	1	0	1	0	0	1	18	75	4	26	31744	960	0	0	0	960
108	16533	1	1	0	1	0	0	1	18	75	4	26	31744	960	0	0	0	960
108	16534	1	1	0	1	0	0	1	18	75	4	26	31744	960	0	0	0	960
108	16537	1	1	0	1	0	0	1	18	75	4	26	31744	960	0	0	0	960
108	16538	1	1	0	1	0	0	1	18	75	4	26	31744	960	0	0	0	960
108	16540	1	1	0	1	0	0	1	18	75	4	26	31744	960	0	0	0	960
108	16547	1	1	0	1	0	0	1	18	75	4	26	31744	960	0	0	0	960
108	16549	1	1	0	1	0	0	1	18	75	4	26	31744	960	0	0	0	960
108	16550	1	1	0	1	0	0	1	18	75	4	26	31744	960	0	0	0	960
108	16553	1	1	0	1	0	0	1	18	75	4	26	31744	960	0	0	0	960
108	16554	1	1	0	1	0	0	1	18	75	4	26	31744	960	0	0	0	960
108	16556	1	1	0	1	0	0	1	18	75	4	26	31744	960	0	0	0	960
108	16561	1	1	0	1	0	0	1	18	75	4	26	31744	960	0	0	0	960
108	16562	1	1	0	1	0	0	1	18	75	4	26	31744	960	0	0	0	960
108	16564	1	1	0	1	0	0	1	18	75	4	26	31744	960	0	0	0	960
108	16568	1	1	0	1	0	0	1	18	75	4	26	31744	960	0	0	0	960
108	16579	1	1	0	1	0	0	1	18	75	4	26	31744	960	0	0	0	960
108	16581	1	1	0	1	0	0	1	18	75	4	26	31744	960	0	0	0	960
108	16582	1	1	0	1	0	0	1	18	75	4	26	31744	960	0	0	0	960
108	16585	1	1	0	1	0	0	1	18	75	4	26	31744	960	0	0	0	960
108	16586	1	1	0	1	0	0	1	18	75	4	26	31744	960	0	0	0	960
108	16588	1	1	0	1	0	0	1	18	75	4	26	31744	960	0	0	0	960
108	16593	1	1	0	1	0	0	1	18	75	4	26	31744	960	0	0	0	960
108	16594	1	1	0	1	0	0	1	18	75	4	26	31744	960	0	0	0	960
108	16596	1	1	0	1	0	0	1	18	75	4	26	31744	960	0	0	0	960
108	16600	1	1	0	1	0	0	1	18	75	4	26	31744	960	0	0	0	960
108	16609	1	1	0	1	0	0	1	18	75	4	26	31744	960	0	0	0	960
108	16610	1	1	0	1	0	0	1	18	75	4	26	31744	960	0	0	0	960
108	16612	1	1	0	1	0	0	1	18	75	4	26	31744	960	0	0	0	960
108	16616	1	1	0	1	0	0	1	18	75	4	26	31744	960	0	0	0	960
108	16624	1	1	0	1	0	0	1	18	75	4	26	31744	960	0	0	0	960
108	16647	1	1	0	1	0	0	1	18	75	4	26	31744	960	0	0	0	960
108	16651	1	1	0	1	0	0	1	18	75	4	26	31744	960	0	0	0	960
108	16653	1	1	0	1	0	0	1	18	75	4	26	31744	960	0	0	0	960
108	16654	1	1	0	1	0	0	1	18	75	4	26	31744	960	0	0	0	960
108	16659	1	1	0	1	0	0	1	18	75	4	26	31744	960	0	0	0	960
108	16661	1	1	0	1	0	0	1	18	75	4	26	31744	960	0	0	0	960
108	16662	1	1	0	1	0	0	1	18	75	4	26	31744	960	0	0	0	960
108	16665	1	1	0	1	0	0	1	18	75	4	26	31744	960	0	0	0	960
108	16666	1	1	0	1	0	0	1	18	75	4	26	31744	960	0	0	0	960
108	16668	1	1	0	1	0	0	1	18	75	4	26	31744	960	0	0	0	960
108	16675	1	1	0	1	0	0	1	18	75	4	26	31744	960	0	0	0	960
108	16677	1	1	0	1	0	0	1	18	75	4	26	31744	960	0	0	0	960
108	16678	1	1	0	1	0	0	1	18	75	4	26	31744	960	0	0	0	960
108	16681	1	1	0	1	0	0	1	18	75	4	26	31744	960	0	0	0	960
108	16682	1	1	0	1	0	0	1	18	75	4	26	31744	960	0	0	0	960
108	16684	1	1	0	1	0	0	1	18	75	4	26	31744	960	0	0	0	960
108	16689	1	1	0	1	0	0	1	18	75	4	26	31744	960	0	0	0	960
108	16690	1	1	0	1	0	0	1	18	75	4	26	31744	960	0	0	0	960
108	16692	1	1	0	1	0	0	1	18	75	4	26	31744	960	0	0	0	960
108	16696	1	1	0	1	0	0	1	18	75	4	26	31744	960	0	0	0	960
108	16707	1	1	0	1	0	0	1	18	75	4	26	31744	960	0	0	0	960
108	16709	1	1	0	1	0	0	1	18	75	4	26	31744	960	0	0	0	960
108	16710	1	1	0	1	0	0	1	18	75	4	26	31744	960	0	0	0	960
108	16713	1	1	0	1	0	0	1	18	75	4	26	31744	960	0	0	0	960
108	16714	1	1	0	1	0	0	1	18	75	4	26	31744	960	0	0	0	960
108	16716	1	1	0	1	0	0	1	18	75	4	26	31744	960	0	0	0	960
108	16721	1	1	0	1	0	0	1	18	75	4	26	31744	960	0	0	0	960
108	16722	1	1	0	1	0	0	1	18	75	4	26	31744	960	0	0	0	960
108	16724	1	1	0	1	0	0	1	18	75	4	26	31744	960	0	0	0	960
108	16728	1	1	0	1	0	0	1	18	75	4	26	31744	960	0	0	0	960
108	16737	1	1	0	1	0	0	1	18	75	4	26	31744	960	0	0	0	960
108	16738	1	1	0	1	0	0	1	18	75	4	26	31744	960	0	0	0	960
108	16740	1	1	0	1	0	0	1	18	75	4	26	31744	960	0	0	0	960
108	16744	1	1	0	1	0	0	1	18	75	4	26	31744	960	0	0	0	960
108	16752	1	1	0	1	0	0	1	18	75	4	26	31744	960	0	0	0	960
108	16771	1	1	0	1	0	0	1	18	75	4	26	31744	960	0	0	0	960
108	16773	1	1	0	1	0	0	1	18	75	4	26	31744	960	0	0	0	960
108	16774	1	1	0	1	0	0	1	18	75	4	26	31744	960	0	0	0	960
108	16777	1	1	0	1	0	0	1	18	75	4	26	31744	960	0	0	0	960
108	16778	1	1	0	1	0	0	1	18	75	4	26	31744	960	0	0	0	960
108	16780	1	1	0	1	0	0	1	18	75	4	26	31744	960	0	0	0	960
108	16785	1	1	0	1	0	0	1	18	75	4	26	31744	960	0	0	0	960
108	16786	1	1	0	1	0	0	1	18	75	4	26	31744	960	0	0	0	960
108	16788	1	1	0	1	0	0	1	18	75	4	26	31744	960	0	0	0	960
108	16792	1	1	0	1	0	0	1	18	75	4	26	31744	960	0	0	0	960
108	16801	1	1	0	1	0	0	1	18	75	4	26	31744	960	0	0	0	960
108	16802	1	1	0	1	0	0	1	18	75	4	26	31744	960	0	0	0	960
108	16804	1	1	0	1	0	0	1	18	75	4	26	31744	960	0	0	0	960
108	16808	1	1	0	1	0	0	1	18	75	4	26	31744	960	0	0	0	960
108	16816	1	1	0	1	0	0	1	18	75	4	26	31744	960	0	0	0	960
108	16833	1	2	0	1	0	0	1	18	75	4	26	31744	960	0	0	0	896,960
108	16834	1	1	0	1	0	0	1	18	75	4	26	31744	960	0	0	0	960
108	16836	1	1	0	1	0	0	1	18	75	4	26	31744	960	0	0	0	960
108	16840	1	1	0	1	0	0	1	18	75	4	26	31744	960	0	0	0	960
108	16848	1	1	0	1	0	0	1	18	75	4	26	31744	960	0	0	0	960
108	16864	1	1	0	1	0	0	1	18	75	4	26	31744	960	0	0	0	960
108	16903	1	1	0	1	0	0	1	18	75	4	26	31744	960	0	0	0	960
108	16907	1	1	0	1	0	0	1	18	75	4	26	31744	960	0	0	0	960
108	16909	1	1	0	1	0	0	1	18	75	4	26	31744	960	0	0	0	960
108	16910	1	1	0	1	0	0	1	18	75	4	26	31744	960	0	0	0	960
108	16915	1	1	0	1	0	0	1	18	75	4	26	31744	960	0	0	0	960
108	16917	1	1	0	1	0	0	1	18	75	4	26	31744	960	0	0	0	960
108	16918	1	1	0	1	0	0	1	18	75	4	26	31744	960	0	0	0	960
108	16921	1	1	0	1	0	0	1	18	75	4	26	31744	960	0	0	0	960
108	16922	1	1	0	1	0	0	1	18	75	4	26	31744	960	0	0	0	960
108	16924	1	1	0	1	0	0	1	18	75	4	26	31744	960	0	0	0	960
108	16931	1	1	0	1	0	0	1	18	75	4	26	31744	960	0	0	0	960
108	16933	1	1	0	1	0	0	1	18	75	4	26	31744	960	0	0	0	960
108	16934	1	1	0	1	0	0	1	18	75	4	26	31744	960	0	0	0	960
108	16937	1	1	0	1	0	0	1	18	75	4	26	31744	960	0	0	0	960
108	16938	1	1	0	1	0	0	1	18	75	4	26	31744	960	0	0	0	960
108	16940	1	1	0	1	0	0	1	18	75	4	26	31744	960	0	0	0	960
108	16945	1	1	0	1	0	0	1	18	75	4	26	31744	960	0	0	0	960
108	16946	1	1	0	1	0	0	1	18	75	4	26	31744	960	0	0	0	960
108	16948	1	1	0	1	0	0	1	18	75	4	26	31744	960	0	0	0	960
108	16952	1	1	0	1	0	0	1	18	75	4	26	31744	960	0	0	0	960
108	16963	1	1	0	1	0	0	1	18	75	4	26	31744	960	0	0	0	960
108	16965	1	1	0	1	0	0	1	18	75	4	26	31744	960	0	0	0	960
108	16966	1	1	0	1	0	0	1	18	75	4	26	31744	960	0	0	0	960
108	16969	1	1	0	1	0	0	1	18	75	4	26	31744	960	0	0	0	960
108	16970	1	1	0	1	0	0	1	18	75	4	26	31744	960	0	0	0	960
108	16972	1	1	0	1	0	0	1	18	75	4	26	31744	960	0	0	0	960
108	16977	1	1	0	1	0	0	1	18	75	4	26	31744	960	0	0	0	960
108	16978	1	1	0	1	0	0	1	18	75	4	26	31744	960	0	0	0	960
108	16980	1	1	0	1	0	0	1	18	75	4	26	31744	960	0	0	0	960
108	16984	1	1	0	1	0	0	1	18	75	4	26	31744	960	0	0	0	960
108	16993	1	1	0	1	0	0	1	18	75	4	26	31744	960	0	0	0	960
108	16994	1	1	0	1	0	0	1	18	75	4	26	31744	960	0	0	0	960
108	16996	1	1	0	1	0	0	1	18	75	4	26	31744	960	0	0	0	960
108	17000	1	1	0	1	0	0	1	18	75	4	26	31744	960	0	0	0	960
108	17008	1	1	0	1	0	0	1	18	75	4	26	31744	960	0	0	0	960
108	17027	1	1	0	1	0	0	1	18	75	4	26	31744	960	0	0	0	960
108	17029	1	1	0	1	0	0	1	18	75	4	26	31744	960	0	0	0	960
108	17030	1	1	0	1	0	0	1	18	75	4	26	31744	960	0	0	0	960
108	17033	1	1	0	1	0	0	1	18	75	4	26	31744	960	0	0	0	960
108	17034	1	1	0	1	0	0	1	18	75	4	26	31744	960	0	0	0	960
108	17036	1	1	0	1	0	0	1	18	75	4	26	31744	960	0	0	0	960
108	17041	1	1	0	1	0	0	1	18	75	4	26	31744	960	0	0	0	960
108	17042	1	1	0	1	0	0	1	18	75	4	26	31744	960	0	0	0	960
108	17044	1	1	0	1	0	0	1	18	75	4	26	31744	960	0	0	0	960
108	17048	1	1	0	1	0	0	1	18	75	4	26	31744	960	0	0	0	960
108	17057	1	1	0	1	0	0	1	18	75	4	26	31744	960	0	0	0	960
108	17058	1	1	0	1	0	0	1	18	75	4	26	31744	960	0	0	0	960
108	17060	1	1	0	1	0	0	1	18	75	4	26	31744	960	0	0	0	960
108	17064	1	1	0	1	0	0	1	18	75	4	26	31744	960	0	0	0	960
108	17072	1	1	0	1	0	0	1	18	75	4	26	31744	960	0	0	0	960
108	17089	1	2	0	1	0	0	1	18	75	4	26	31744	960	0	0	0	896,960
108	17090	1	1	0	1	0	0	1	18	75	4	26	31744	960	0	0	0	960
108	17092	1	1	0	1	0	0	1	18	75	4	26	31744	960	0	0	0	960
108	17096	1	1	0	1	0	0	1	18	75	4	26	31744	960	0	0	0	960
108	17104	1	1	0	1	0	0	1	18	75	4	26	31744	960	0	0	0	960
108	17120	1	1	0	1	0	0	1	18	75	4	26	31744	960	0	0	0	960
108	17155	1	1	0	1	0	0	1	18	75	4	26	31744	960	0	0	0	960
108	17157	1	1	0	1	0	0	1	18	75	4	26	31744	960	0	0	0	960
108	17158	1	1	0	1	0	0	1	18	75	4	26	31744	960	0	0	0	960
108	17161	1	1	0	1	0	0	1	18	75	4	26	31744	960	0	0	0	960
108	17162	1	1	0	1	0	0	1	18	75	4	26	31744	960	0	0	0	960
108	17164	1	1	0	1	0	0	1	18	75	4	26	31744	960	0	0	0	960
108	17169	1	1	0	1	0	0	1	18	75	4	26	31744	960	0	0	0	960
108	17170	1	1	0	1	0	0	1	18	75	4	26	31744	960	0	0	0	960
108	17172	1	1	0	1	0	0	1	18	75	4	26	31744	960	0	0	0	960
108	17176	1	1	0	1	0	0	1	18	75	4	26	31744	960	0	0	0	960
108	17185	1	1	0	1	0	0	1	18	75	4	26	31744	960	0	0	0	960
108	17186	1	1	0	1	0	0	1	18	75	4	26	31744	960	0	0	0	960
108	17188	1	1	0	1	0	0	1	18	75	4	26	31744	960	0	0	0	960
108	17192	1	1	0	1	0	0	1	18	75	4	26	31744	960	0	0	0	960
108	17200	1	1	0	1	0	0	1	18	75	4	26	31744	960	0	0	0	960
108	17217	1	2	0	1	0	0	1	18	75	4	26	31744	960	0	0	0	896,960
108	17218	1	1	0	1	0	0	1	18	75	4	26	31744	960	0	0	0	960
108	17220	1	1	0	1	0	0	1	18	75	4	26	31744	960	0	0	0	960
108	17224	1	1	0	1	0	0	1	18	75	4	26	31744	960	0	0	0	960
108	17232	1	1	0	1	0	0	1	18	75	4	26	31744	960	0	0	0	960
108	17248	1	1	0	1	0	0	1	18	75	4	26	31744	960	0	0	0	960
108	17281	1	2	0	1	0	0	1	18	75	4	26	31744	960	0	0	0	896,960
108	17282	1	1	0	1	0	0	1	18	75	4	26	31744	960	0	0	0	960
108	17284	1	1	0	1	0	0	1	18	75	4	26	31744	960	0	0	0	960
108	17288	1	1	0	1	0	0	1	18	75	4	26	31744	960	0	0	0	960
108	17296	1	1	0	1	0	0	1	18	75	4	26	31744	960	0	0	0	960
108	17312	1	1	0	1	0	0	1	18	75	4	26	31744	960	0	0	0	960
108	17344	1	2	0	1	0	0	1	18	75	4	26	31744	960	0	0	0	896,960
108	17415	0	1	1	1	0	0	1	20	77	4	28	31744	896	0	1	0	896
108	17419	0	1	1	1	0	0	1	20	77	4	28	31744	896	0	1	0	896
108	17421	0	1	1	1	0	0	1	20	77	4	28	31744	896	0	1	0	896
108	17422	0	1	1	1	0	0	1	22	11	3	28	31744	896	0	1	0	896
108	17427	0	1	1	1	0	0	1	20	77	4	28	31744	896	0	1	0	896
108	17429	0	1	1	1	0	0	1	20	77	4	28	31744	896	0	1	0	896
108	17430	0	1	1	1	0	0	1	22	11	3	28	31744	896	0	1	0	896
108	17433	0	1	1	1	0	0	1	20	77	4	28	31744	896	0	1	0	896
108	17434	0	1	1	1	0	0	1	22	11	3	28	31744	896	0	1	0	896
108	17436	0	1	1	1	0	0	1	22	11	3	28	31744	896	0	1	0	896
108	17443	0	1	1	1	0	0	1	20	77	4	28	31744	896	0	1	0	896
108	17445	0	1	1	1	0	0	1	20	77	4	28	31744	896	0	1	0	896
108	17446	0	1	1	1	0	0	1	22	11	3	28	31744	896	0	1	0	896
108	17449	0	1	1	1	0	0	1	20	77	4	28	31744	896	0	1	0	896
108	17450	0	1	1	1	0	0	1	22	11	3	28	31744	896	0	1	0	896
108	17452	0	1	1	1	0	0	1	22	11	3	28	31744	896	0	1	0	896
108	17457	0	1	1	1	0	0	1	20	77	4	28	31744	896	0	1	0	896
108	17458	0	1	1	1	0	0	1	22	11	3	28	31744	896	0	1	0	896
108	17460	0	1	1	1	0	0	1	22	11	3	28	31744	896	0	1	0	896
108	17464	0	1	1	1	0	0	1	22	11	3	28	31744	896	0	1	0	896
108	17475	0	1	1	1	0	0	1	18	94	5	28	31744	896	0	1	0	896
108	17477	0	1	1	1	0	0	1	18	94	5	28	31744	896	0	1	0	896
108	17478	0	1	1	1	0	0	1	20	77	4	28	31744	896	0	1	0	896
108	17481	0	1	1	1	0	0	1	18	94	5	28	31744	896	0	1	0	896
108	17482	0	1	1	1	0	0	1	20	77	4	28	31744	896	0	1	0	896
108	17484	0	1	1	1	0	0	1	20	77	4	28	31744	896	0	1	0	896
108	17489	0	1	1	1	0	0	1	18	94	5	28	31744	896	0	1	0	896
108	17490	0	1	1	1	0	0	1	20	77	4	28	31744	896	0	1	0	896
108	17492	0	1	1	1	0	0	1	20	77	4	28	31744	896	0	1	0	896
108	17496	0	1	1	1	0	0	1	20	77	4	28	31744	896	0	1	0	896
108	17505	0	1	1	1	0	0	1	18	94	5	28	31744	896	0	1	0	896
108	17506	0	1	1	1	0	0	1	20	77	4	28	31744	896	0	1	0	896
108	17508	0	1	1	1	0	0	1	20	77	4	28	31744	896	0	1	0	896
108	17512	0	1	1	1	0	0	1	20	77	4	28	31744	896	0	1	0	896
108	17520	0	1	1	1	0	0	1	20	77	4	28	31744	896	0	1	0	896
108	17539	0	1	1	1	0	0	1	18	94	5	28	31744	896	0	1	0	896
108	17541	0	1	1	1	0	0	1	18	94	5	28	31744	896	0	1	0	896
108	17542	0	1	1	1	0	0	1	20	77	4	28	31744	896	0	1	0	896
108	17545	0	1	1	1	0	0	1	18	94	5	28	31744	896	0	1	0	896
108	17546	0	1	1	1	0	0	1	20	77	4	28	31744	896	0	1	0	896
108	17548	0	1	1	1	0	0	1	20	77	4	28	31744	896	0	1	0	896
108	17553	0	1	1	1	0	0	1	18	94	5	28	31744	896	0	1	0	896
108	17554	0	1	1	1	0	0	1	20	77	4	28	31744	896	0	1	0	896
108	17556	0	1	1	1	0	0	1	20	77	4	28	31744	896	0	1	0	896
108	17560	0	1	1	1	0	0	1	20	77	4	28	31744	896	0	1	0	896
108	17569	0	1	1	1	0	0	1	18	94	5	28	31744	896	0	1	0	896
108	17570	0	1	1	1	0	0	1	20	77	4	28	31744	896	0	1	0	896
108	17572	0	1	1	1	0	0	1	20	77	4	28	31744	896	0	1	0	896
108	17576	0	1	1	1	0	0	1	20	77	4	28	31744	896	0	1	0	896
108	17584	0	1	1	1	0	0	1	20	77	4	28	31744	896	0	1	0	896
108	17601	0	1	1	1	0	0	1	16	222	6	28	31744	896	0	1	0	896
108	17602	0	1	1	1	0	0	1	18	94	5	28	31744	896	0	1	0	896
108	17604	0	1	1	1	0	0	1	18	94	5	28	31744	896	0	1	0	896
108	17608	0	1	1	1	0	0	1	18	94	5	28	31744	896	0	1	0	896
108	17616	0	1	1	1	0	0	1	18	94	5	28	31744	896	0	1	0	896
108	17632	0	1	1	1	0	0	1	18	94	5	28	31744	896	0	1	0	896
108	17667	0	1	1	1	0	0	1	18	94	5	28	31744	896	0	1	0	896
108	17669	0	1	1	1	0	0	1	18	94	5	28	31744	896	0	1	0	896
108	17670	0	1	1	1	0	0	1	20	77	4	28	31744	896	0	1	0	896
108	17673	0	1	1	1	0	0	1	18	94	5	28	31744	896	0	1	0	896
108	17674	0	1	1	1	0	0	1	20	77	4	28	31744	896	0	1	0	896
108	17676	0	1	1	1	0	0	1	20	77	4	28	31744	896	0	1	0	896
108	17681	0	1	1	1	0	0	1	18	94	5	28	31744	896	0	1	0	896
108	17682	0	1	1	1	0	0	1	20	77	4	28	31744	896	0	1	0	896
108	17684	0	1	1	1	0	0	1	20	77	4	28	31744	896	0	1	0	896
108	17688	0	1	1	1	0	0	1	20	77	4	28	31744	896	0	1	0	896
108	17697	0	1	1	1	0	0	1	18	94	5	28	31744	896	0	1	0	896
108	17698	0	1	1	1	0	0	1	20	77	4	28	31744	896	0	1	0	896
108	17700	0	1	1	1	0	0	1	20	77	4	28	31744	896	0	1	0	896
108	17704	0	1	1	1	0	0	1	20	77	4	28	31744	896	0	1	0	896
108	17712	0	1	1	1	0	0	1	20	77	4	28	31744	896	0	1	0	896
108	17729	0	1	1	1	0	0	1	16	222	6	28	31744	896	0	1	0	896
108	17730	0	1	1	1	0	0	1	18	94	5	28	31744	896	0	1	0	896
108	17732	0	1	1	1	0	0	1	18	94	5	28	31744	896	0	1	0	896
108	17736	0	1	1	1	0	0	1	18	94	5	28	31744	896	0	1	0	896
108	17744	0	1	1	1	0	0	1	18	94	5	28	31744	896	0	1	0	896
108	17760	0	1	1	1	0	0	1	18	94	5	28	31744	896	0	1	0	896
108	17793	0	1	1	1	0	0	1	16	222	6	28	31744	896	0	1	0	896
108	17794	0	1	1	1	0	0	1	18	94	5	28	31744	896	0	1	0	896
108	17796	0	1	1	1	0	0	1	18	94	5	28	31744	896	0	1	0	896
108	17800	0	1	1	1	0	0	1	18	94	5	28	31744	896	0	1	0	896
108	17808	0	1	1	1	0	0	1	18	94	5	28	31744	896	0	1	0	896
108	17824	0	1	1	1	0	0	1	18	94	5	28	31744	896	0	1	0	896
108	17856	0	1	1	1	0	0	1	16	222	6	28	31744	896	0	1	0	896
108	17923	0	1	1	1	0	0	1	18	94	5	28	31744	896	0	1	0	896
108	17925	0	1	1	1	0	0	1	18	94	5	28	31744	896	0	1	0	896
108	17926	0	1	1	1	0	0	1	20	77	4	28	31744	896	0	1	0	896
108	17929	0	1	1	1	0	0	1	18	94	5	28	31744	896	0	1	0	896
108	17930	0	1	1	1	0	0	1	20	77	4	28	31744	896	0	1	0	896
108	17932	0	1	1	1	0	0	1	20	77	4	28	31744	896	0	1	0	896
108	17937	0	1	1	1	0	0	1	18	94	5	28	31744	896	0	1	0	896
108	17938	0	1	1	1	0	0	1	20	77	4	28	31744	896	0	1	0	896
108	17940	0	1	1	1	0	0	1	20	77	4	28	31744	896	0	1	0	896
108	17944	0	1	1	1	0	0	1	20	77	4	28	31744	896	0	1	0	896
108	17953	0	1	1	1	0	0	1	18	94	5	28	31744	896	0	1	0	896
108	17954	0	1	1	1	0	0	1	20	77	4	28	31744	896	0	1	0	896
108	17956	0	1	1	1	0	0	1	20	77	4	28	31744	896	0	1	0	896
108	17960	0	1	1	1	0	0	1	20	77	4	28	31744	896	0	1	0	896
108	17968	0	1	1	1	0	0	1	20	77	4	28	31744	896	0	1	0	896
108	17985	0	1	1	1	0	0	1	16	222	6	28	31744	896	0	1	0	896
108	17986	0	1	1	1	0	0	1	18	94	5	28	31744	896	0	1	0	896
108	17988	0	1	1	1	0	0	1	18	94	5	28	31744	896	0	1	0	896
108	17992	0	1	1	1	0	0	1	18	94	5	28	31744	896	0	1	0	896
108	18000	0	1	1	1	0	0	1	18	94	5	28	31744	896	0	1	0	896
108	18016	0	1	1	1	0	0	1	18	94	5	28	31744	896	0	1	0	896
108	18049	0	1	1	1	0	0	1	16	222	6	28	31744	896	0	1	0	896
108	18050	0	1	1	1	0	0	1	18	94	5	28	31744	896	0	1	0	896
108	18052	0	1	1	1	0	0	1	18	94	5	28	31744	896	0	1	0	896
108	18056	0	1	1	1	0	0	1	18	94	5	28	31744	896	0	1	0	896
108	18064	0	1	1	1	0	0	1	18	94	5	28	31744	896	0	1	0	896
108	18080	0	1	1	1	0	0	1	18	94	5	28	31744	896	0	1	0	896
108	18112	0	1	1	1	0	0	1	16	222	6	28	31744	896	0	1	0	896
108	18177	0	1	1	1	0	0	1	16	222	6	28	31744	896	0	1	0	896
108	18178	0	1	1	1	0	0	1	18	94	5	28	31744	896	0	1	0	896
108	18180	0	1	1	1	0	0	1	18	94	5	28	31744	896	0	1	0	896
108	18184	0	1	1	1	0	0	1	18	94	5	28	31744	896	0	1	0	896
108	18192	0	1	1	1	0	0	1	18	94	5	28	31744	896	0	1	0	896
108	18208	0	1	1	1	0	0	1	18	94	5	28	31744	896	0	1	0	896
108	18240	0	1	1	1	0	0	1	16	222	6	28	31744	896	0	1	0	896
108	18304	0	1	1	1	0	0	1	16	222	6	28	31744	896	0	1	0	896
108	18439	0	1	1	1	0	0	1	18	94	5	28	31744	896	0	1	0	896
108	18443	0	1	1	1	0	0	1	18	94	5	28	31744	896	0	1	0	896
108	18445	0	1	1	1	0	0	1	18	94	5	28	31744	896	0	1	0	896
108	18446	0	1	1	1	0	0	1	16	222	6	28	31744	896	0	1	0	896
108	18451	0	1	1	1	0	0	1	18	94	5	28	31744	896	0	1	0	896
108	18453	0	1	1	1	0	0	1	18	94	5	28	31744	896	0	1	0	896
108	18454	0	1	1	1	0	0	1	16	222	6	28	31744	896	0	1	0	896
108	18457	0	1	1	1	0	0	1	18	94	5	28	31744	896	0	1	0	896
108	18458	0	1	1	1	0	0	1	16	222	6	28	31744	896	0	1	0	896
108	18460	0	1	1	1	0	0	1	16	222	6	28	31744	896	0	1	0	896
108	18467	0	1	1	1	0	0	1	18	94	5	28	31744	896	0	1	0	896
108	18469	0	1	1	1	0	0	1	18	94	5	28	31744	896	0	1	0	896
108	18470	0	1	1	1	0	0	1	16	222	6	28	31744	896	0	1	0	896
108	18473	0	1	1	1	0	0	1	18	94	5	28	31744	896	0	1	0	896
108	18474	0	1	1	1	0	0	1	16	222	6	28	31744	896	0	1	0	896
108	18476	0	1	1	1	0	0	1	16	222	6	28	31744	896	0	1	0	896
108	18481	0	1	1	1	0	0	1	18	94	5	28	31744	896	0	1	0	896
108	18482	0	1	1	1	0	0	1	16	222	6	28	31744	896	0	1	0	896
108	18484	0	1	1	1	0	0	1	16	222	6	28	31744	896	0	1	0	896
108	18488	0	1	1	1	0	0	1	16	222	6	28	31744	896	0	1	0	896
108	18499	0	1	1	1	0	0	1	20	77	4	28	31744	896	0	1	0	896
108	18501	0	1	1	1	0	0	1	20	77	4	28	31744	896	0	1	0	896
108	18502	0	1	1	1	0	0	1	18	94	5	28	31744	896	0	1	0	896
108	18505	0	1	1	1	0	0	1	20	77	4	28	31744	896	0	1	0	896
108	18506	0	1	1	1	0	0	1	18	94	5	28	31744	896	0	1	0	896
108	18508	0	1	1	1	0	0	1	18	94	5	28	31744	896	0	1	0	896
108	18513	0	1	1	1	0	0	1	20	77	4	28	31744	896	0	1	0	896
108	18514	0	1	1	1	0	0	1	18	94	5	28	31744	896	0	1	0	896
108	18516	0	1	1	1	0	0	1	18	94	5	28	31744	896	0	1	0	896
108	18520	0	1	1	1	0	0	1	18	94	5	28	31744	896	0	1	0	896
108	18529	0	1	1	1	0	0	1	20	77	4	28	31744	896	0	1	0	896
108	18530	0	1	1	1	0	0	1	18	94	5	28	31744	896	0	1	0	896
108	18532	0	1	1	1	0	0	1	18	94	5	28	31744	896	0	1	0	896
108	18536	0	1	1	1	0	0	1	18	94	5	28	31744	896	0	1	0	896
108	18544	0	1	1	1	0	0	1	18	94	5	28	31744	896	0	1	0	896
108	18563	0	1	1	1	0	0	1	20	77	4	28	31744	896	0	1	0	896
108	18565	0	1	1	1	0	0	1	20	77	4	28	31744	896	0	1	0	896
108	18566	0	1	1	1	0	0	1	18	94	5	28	31744	896	0	1	0	896
108	18569	0	1	1	1	0	0	1	20	77	4	28	31744	896	0	1	0	896
108	18570	0	1	1	1	0	0	1	18	94	5	28	31744	896	0	1	0	896
108	18572	0	1	1	1	0	0	1	18	94	5	28	31744	896	0	1	0	896
108	18577	0	1	1	1	0	0	1	20	77	4	28	31744	896	0	1	0	896
108	18578	0	1	1	1	0	0	1	18	94	5	28	31744	896	0	1	0	896
108	18580	0	1	1	1	0	0	1	18	94	5	28	31744	896	0	1	0	896
108	18584	0	1	1	1	0	0	1	18	94	5	28	31744	896	0	1	0	896
108	18593	0	1	1	1	0	0	1	20	77	4	28	31744	896	0	1	0	896
108	18594	0	1	1	1	0	0	1	18	94	5	28	31744	896	0	1	0	896
108	18596	0	1	1	1	0	0	1	18	94	5	28	31744	896	0	1	0	896
108	18600	0	1	1	1	0	0	1	18	94	5	28	31744	896	0	1	0	896
108	18608	0	1	1	1	0	0	1	18	94	5	28	31744	896	0	1	0	896
108	18625	0	1	1	1	0	0	1	22	11	3	28	31744	896	0	1	0	896
108	18626	0	1	1	1	0	0	1	20	77	4	28	31744	896	0	1	0	896
108	18628	0	1	1	1	0	0	1	20	77	4	28	31744	896	0	1	0	896
108	18632	0	1	1	1	0	0	1	20	77	4	28	31744	896	0	1	0	896
108	18640	0	1	1	1	0	0	1	20	77	4	28	31744	896	0	1	0	896
108	18656	0	1	1	1	0	0	1	20	77	4	28	31744	896	0	1	0	896
108	18691	0	1	1	1	0	0	1	20	77	4	28	31744	896	0	1	0	896
108	18693	0	1	1	1	0	0	1	20	77	4	28	31744	896	0	1	0	896
108	18694	0	1	1	1	0	0	1	18	94	5	28	31744	896	0	1	0	896
108	18697	0	1	1	1	0	0	1	20	77	4	28	31744	896	0	1	0	896
108	18698	0	1	1	1	0	0	1	18	94	5	28	31744	896	0	1	0	896
108	18700	0	1	1	1	0	0	1	18	94	5	28	31744	896	0	1	0	896
108	18705	0	1	1	1	0	0	1	20	77	4	28	31744	896	0	1	0	896
108	18706	0	1	1	1	0	0	1	18	94	5	28	31744	896	0	1	0	896
108	18708	0	1	1	1	0	0	1	18	94	5	28	31744	896	0	1	0	896
108	18712	0	1	1	1	0	0	1	18	94	5	28	31744	896	0	1	0	896
108	18721	0	1	1	1	0	0	1	20	77	4	28	31744	896	0	1	0	896
108	18722	0	1	1	1	0	0	1	18	94	5	28	31744	896	0	1	0	896
108	18724	0	1	1	1	0	0	1	18	94	5	28	31744	896	0	1	0	896
108	18728	0	1	1	1	0	0	1	18	94	5	28	31744	896	0	1	0	896
108	18736	0	1	1	1	0	0	1	18	94	5	28	31744	896	0	1	0	896
108	18753	0	1	1	1	0	0	1	22	11	3	28	31744	896	0	1	0	896
108	18754	0	1	1	1	0	0	1	20	77	4	28	31744	896	0	1	0	896
108	18756	0	1	1	1	0	0	1	20	77	4	28	31744	896	0	1	0	896
108	18760	0	1	1	1	0	0	1	20	77	4	28	31744	896	0	1	0	896
108	18768	0	1	1	1	0	0	1	20	77	4	28	31744	896	0	1	0	896
108	18784	0	1	1	1	0	0	1	20	77	4	28	31744	896	0	1	0	896
108	18817	0	1	1	1	0	0	1	22	11	3	28	31744	896	0	1	0	896
108	18818	0	1	1	1	0	0	1	20	77	4	28	31744	896	0	1	0	896
108	18820	0	1	1	1	0	0	1	20	77	4	28	31744	896	0	1	0	896
108	18824	0	1	1	1	0	0	1	20	77	4	28	31744	896	0	1	0	896
108	18832	0	1	1	1	0	0	1	20	77	4	28	31744	896	0	1	0	896
108	18848	0	1	1	1	0	0	1	20	77	4	28	31744	896	0	1	0	896
108	18880	0	1	1	1	0	0	1	22	11	3	28	31744	896	0	1	0	896
108	18947	0	1	1	1	0	0	1	20	77	4	28	31744	896	0	1	0	896
108	18949	0	1	1	1	0	0	1	20	77	4	28	31744	896	0	1	0	896
108	18950	0	1	1	1	0	0	1	18	94	5	28	31744	896	0	1	0	896
108	18953	0	1	1	1	0	0	1	20	77	4	28	31744	896	0	1	0	896
108	18954	0	1	1	1	0	0	1	18	94	5	28	31744	896	0	1	0	896
108	18956	0	1	1	1	0	0	1	18	94	5	28	31744	896	0	1	0	896
108	18961	0	1	1	1	0	0	1	20	77	4	28	31744	896	0	1	0	896
108	18962	0	1	1	1	0	0	1	18	94	5	28	31744	896	0	1	0	896
108	18964	0	1	1	1	0	0	1	18	94	5	28	31744	896	0	1	0	896
108	18968	0	1	1	1	0	0	1	18	94	5	28	31744	896	0	1	0	896
108	18977	0	1	1	1	0	0	1	20	77	4	28	31744	896	0	1	0	896
108	18978	0	1	1	1	0	0	1	18	94	5	28	31744	896	0	1	0	896
108	18980	0	1	1	1	0	0	1	18	94	5	28	31744	896	0	1	0	896
108	18984	0	1	1	1	0	0	1	18	94	5	28	31744	896	0	1	0	896
108	18992	0	1	1	1	0	0	1	18	94	5	28	31744	896	0	1	0	896
108	19009	0	1	1	1	0	0	1	22	11	3	28	31744	896	0	1	0	896
108	19010	0	1	1	1	0	0	1	20	77	4	28	31744	896	0	1	0	896
108	19012	0	1	1	1	0	0	1	20	77	4	28	31744	896	0	1	0	896
108	19016	0	1	1	1	0	0	1	20	77	4	28	31744	896	0	1	0	896
108	19024	0	1	1	1	0	0	1	20	77	4	28	31744	896	0	1	0	896
108	19040	0	1	1	1	0	0	1	20	77	4	28	31744	896	0	1	0	896
108	19073	0	1	1	1	0	0	1	22	11	3	28	31744	896	0	1	0	896
108	19074	0	1	1	1	0	0	1	20	77	4	28	31744	896	0	1	0	896
108	19076	0	1	1	1	0	0	1	20	77	4	28	31744	896	0	1	0	896
108	19080	0	1	1	1	0	0	1	20	77	4	28	31744	896	0	1	0	896
108	19088	0	1	1	1	0	0	1	20	77	4	28	31744	896	0	1	0	896
108	19104	0	1	1	1	0	0	1	20	77	4	28	31744	896	0	1	0	896
108	19136	0	1	1	1	0	0	1	22	11	3	28	31744	896	0	1	0	896
108	19201	0	1	1	1	0	0	1	22	11	3	28	31744	896	0	1	0	896
108	19202	0	1	1	1	0	0	1	20	77	4	28	31744	896	0	1	0	896
108	19204	0	1	1	1	0	0	1	20	77	4	28	31744	896	0	1	0	896
108	19208	0	1	1	1	0	0	1	20	77	4	28	31744	896	0	1	0	896
108	19216	0	1	1	1	0	0	1	20	77	4	28	31744	896	0	1	0	896
108	19232	0	1	1	1	0	0	1	20	77	4	28	31744	896	0	1	0	896
108	19264	0	1	1	1	0	0	1	22	11	3	28	31744	896	0	1	0	896
108	19328	0	1	1	1	0	0	1	22	11	3	28	31744	896	0	1	0	896
108	19459	0	1	1	1	0	0	1	22	236	5	30	31744	768	0	1	0	768
108	19461	0	1	1	1	0	0	1	22	236	5	30	31744	768	0	1	0	768
108	19462	0	1	1	1	0	0	1	20	94	5	30	31744	768	0	1	0	768
108	19465	0	1	1	1	0	0	1	22	236	5	30	31744	768	0	1	0	768
108	19466	0	1	1	1	0	0	1	20	94	5	30	31744	768	0	1	0	768
108	19468	0	1	1	1	0	0	1	20	94	5	30	31744	768	0	1	0	768
108	19473	0	1	1	1	0	0	1	22	236	5	30	31744	768	0	1	0	768
108	19474	0	1	1	1	0	0	1	20	94	5	30	31744	768	0	1	0	768
108	19476	0	1	1	1	0	0	1	20	94	5	30	31744	768	0	1	0	768
108	19480	0	1	1	1	0	0	1	20	94	5	30	31744	768	0	1	0	768
108	19489	0	1	1	1	0	0	1	22	236	5	30	31744	768	0	1	0	768
108	19490	0	1	1	1	0	0	1	20	94	5	30	31744	768	0	1	0	768
108	19492	0	1	1	1	0	0	1	20	94	5	30	31744	768	0	1	0	768
108	19496	0	1	1	1	0	0	1	20	94	5	30	31744	768	0	1	0	768
108	19504	0	1	1	1	0	0	1	20	94	5	30	31744	768	0	1	0	768
108	19521	0	1	1	1	0	0	1	20	94	5	30	31744	768	0	1	0	768
108	19522	0	1	1	1	0	0	1	22	236	5	30	31744	768	0	1	0	768
108	19524	0	1	1	1	0	0	1	22	236	5	30	31744	768	0	1	0	768
108	19528	0	1	1	1	0	0	1	22	236	5	30	31744	768	0	1	0	768
108	19536	0	1	1	1	0	0	1	22	236	5	30	31744	768	0	1	0	768
108	19552	0	1	1	1	0	0	1	22	236	5	30	31744	768	0	1	0	768
108	19585	0	1	1	1	0	0	1	20	94	5	30	31744	768	0	1	0	768
108	19586	0	1	1	1	0	0	1	22	236	5	30	31744	768	0	1	0	768
108	19588	0	1	1	1	0	0	1	22	236	5	30	31744	768	0	1	0	768
108	19592	0	1	1	1	0	0	1	22	236	5	30	31744	768	0	1	0	768
108	19600	0	1	1	1	0	0	1	22	236	5	30	31744	768	0	1	0	768
108	19616	0	1	1	1	0	0	1	22	236	5	30	31744	768	0	1	0	768
108	19648	0	1	1	1	0	0	1	20	94	5	30	31744	768	0	1	0	768
108	19713	0	1	1	1	0	0	1	20	94	5	30	31744	768	0	1	0	768
108	19714	0	1	1	1	0	0	1	22	236	5	30	31744	768	0	1	0	768
108	19716	0	1	1	1	0	0	1	22	236	5	30	31744	768	0	1	0	768
108	19720	0	1	1	1	0	0	1	22	236	5	30	31744	768	0	1	0	768
108	19728	0	1	1	1	0	0	1	22	236	5	30	31744	768	0	1	0	768
108	19744	0	1	1	1	0	0	1	22	236	5	30	31744	768	0	1	0	768
108	19776	0	1	1	1	0	0	1	20	94	5	30	31744	768	0	1	0	768
108	19840	0	1	1	1	0	0	1	20	94	5	30	31744	768	0	1	0	768
108	19969	0	1	1	1	0	0	1	20	94	5	30	31744	768	0	1	0	768
108	19970	0	1	1	1	0	0	1	22	236	5	30	31744	768	0	1	0	768
108	19972	0	1	1	1	0	0	1	22	236	5	30	31744	768	0	1	0	768
108	19976	0	1	1	1	0	0	1	22	236	5	30	31744	768	0	1	0	768
108	19984	0	1	1	1	0	0	1	22	236	5	30	31744	768	0	1	0	768
108	20000	0	1	1	1	0	0	1	22	236	5	30	31744	768	0	1	0	768
108	20032	0	1	1	1	0	0	1	20	94	5	30	31744	768	0	1	0	768
108	20096	0	1	1	1	0	0	1	20	94	5	30	31744	768	0	1	0	768
108	20224	0	1	1	1	0	0	1	20	94	5	30	31744	768	0	1	0	768
108	20487	1	1	0	1	0	0	1	20	222	6	32	31744	896	0	0	0	896
108	20491	1	1	0	1	0	0	1	20	222	6	32	31744	896	0	0	0	896
108	20493	1	1	0	1	0	0	1	20	222	6	32	31744	896	0	0	0	896
108	20494	1	1	0	1	0	0	1	20	222	6	32	31744	896	0	0	0	896
108	20499	1	1	0	1	0	0	1	20	222	6	32	31744	896	0	0	0	896
108	20501	1	1	0	1	0	0	1	20	222	6	32	31744	896	0	0	0	896
108	20502	1	1	0	1	0	0	1	20	222	6	32	31744	896	0	0	0	896
108	20505	1	1	0	1	0	0	1	20	222	6	32	31744	896	0	0	0	896
108	20506	1	1	0	1	0	0	1	20	222	6	32	31744	896	0	0	0	896
108	20508	1	1	0	1	0	0	1	20	222	6	32	31744	896	0	0	0	896
108	20515	1	1	0	1	0	0	1	20	222	6	32	31744	896	0	0	0	896
108	20517	1	1	0	1	0	0	1	20	222	6	32	31744	896	0	0	0	896
108	20518	1	1	0	1	0	0	1	20	222	6	32	31744	896	0	0	0	896
108	20521	1	1	0	1	0	0	1	20	222	6	32	31744	896	0	0	0	896
108	20522	1	1	0	1	0	0	1	20	222	6	32	31744	896	0	0	0	896
108	20524	1	1	0	1	0	0	1	20	222	6	32	31744	896	0	0	0	896
108	20529	1	1	0	1	0	0	1	20	222	6	32	31744	896	0	0	0	896
108	20530	1	1	0	1	0	0	1	20	222	6	32	31744	896	0	0	0	896
108	20532	1	1	0	1	0	0	1	20	222	6	32	31744	896	0	0	0	896
108	20536	1	1	0	1	0	0	1	20	222	6	32	31744	896	0	0	0	896
108	20547	1	1	0	1	0	0	1	20	222	6	32	31744	896	0	0	0	896
108	20549	1	1	0	1	0	0	1	20	222	6	32	31744	896	0	0	0	896
108	20550	1	1	0	1	0	0	1	20	222	6	32	31744	896	0	0	0	896
108	20553	1	1	0	1	0	0	1	20	222	6	32	31744	896	0	0	0	896
108	20554	1	1	0	1	0	0	1	20	222	6	32	31744	896	0	0	0	896
108	20556	1	1	0	1	0	0	1	20	222	6	32	31744	896	0	0	0	896
108	20561	1	1	0	1	0	0	1	20	222	6	32	31744	896	0	0	0	896
108	20562	1	1	0	1	0	0	1	20	222	6	32	31744	896	0	0	0	896
108	20564	1	1	0	1	0	0	1	20	222	6	32	31744	896	0	0	0	896
108	20568	1	1	0	1	0	0	1	20	222	6	32	31744	896	0	0	0	896
108	20577	1	1	0	1	0	0	1	20	222	6	32	31744	896	0	0	0	896
108	20578	1	1	0	1	0	0	1	20	222	6	32	31744	896	0	0	0	896
108	20580	1	1	0	1	0	0	1	20	222	6	32	31744	896	0	0	0	896
108	20584	1	1	0	1	0	0	1	20	222	6	32	31744	896	0	0	0	896
108	20592	1	1	0	1	0	0	1	20	222	6	32	31744	896	0	0	0	896
108	20611	1	1	0	1	0	0	1	20	222	6	32	31744	896	0	0	0	896
108	20613	1	1	0	1	0	0	1	20	222	6	32	31744	896	0	0	0	896
108	20614	1	1	0	1	0	0	1	20	222	6	32	31744	896	0	0	0	896
108	20617	1	1	0	1	0	0	1	20	222	6	32	31744	896	0	0	0	896
108	20618	1	1	0	1	0	0	1	20	222	6	32	31744	896	0	0	0	896
108	20620	1	1	0	1	0	0	1	20	222	6	32	31744	896	0	0	0	896
108	20625	1	1	0	1	0	0	1	20	222	6	32	31744	896	0	0	0	896
108	20626	1	1	0	1	0	0	1	20	222	6	32	31744	896	0	0	0	896
108	20628	1	1	0	1	0	0	1	20	222	6	32	31744	896	0	0	0	896
108	20632	1	1	0	1	0	0	1	20	222	6	32	31744	896	0	0	0	896
108	20641	1	1	0	1	0	0	1	20	222	6	32	31744	896	0	0	0	896
108	20642	1	1	0	1	0	0	1	20	222	6	32	31744	896	0	0	0	896
108	20644	1	1	0	1	0	0	1	20	222	6	32	31744	896	0	0	0	896
108	20648	1	1	0	1	0	0	1	20	222	6	32	31744	896	0	0	0	896
108	20656	1	1	0	1	0	0	1	20	222	6	32	31744	896	0	0	0	896
108	20673	1	1	0	1	0	0	1	20	222	6	32	31744	896	0	0	0	896
108	20674	1	1	0	1	0	0	1	20	222	6	32	31744	896	0	0	0	896
108	20676	1	1	0	1	0	0	1	20	222	6	32	31744	896	0	0	0	896
108	20680	1	1	0	1	0	0	1	20	222	6	32	31744	896	0	0	0	896
108	20688	1	1	0	1	0	0	1	20	222	6	32	31744	896	0	0	0	896
108	20704	1	1	0	1	0	0	1	20	222	6	32	31744	896	0	0	0	896
108	20739	1	1	0	1	0	0	1	20	222	6	32	31744	896	0	0	0	896
108	20741	1	1	0	1	0	0	1	20	222	6	32	31744	896	0	0	0	896
108	20742	1	1	0	1	0	0	1	20	222	6	32	31744	896	0	0	0	896
108	20745	1	1	0	1	0	0	1	20	222	6	32	31744	896	0	0	0	896
108	20746	1	1	0	1	0	0	1	20	222	6	32	31744	896	0	0	0	896
108	20748	1	1	0	1	0	0	1	20	222	6	32	31744	896	0	0	0	896
108	20753	1	1	0	1	0	0	1	20	222	6	32	31744	896	0	0	0	896
108	20754	1	1	0	1	0	0	1	20	222	6	32	31744	896	0	0	0	896
108	20756	1	1	0	1	0	0	1	20	222	6	32	31744	896	0	0	0	896
108	20760	1	1	0	1	0	0	1	20	222	6	32	31744	896	0	0	0	896
108	20769	1	1	0	1	0	0	1	20	222	6	32	31744	896	0	0	0	896
108	20770	1	1	0	1	0	0	1	20	222	6	32	31744	896	0	0	0	896
108	20772	1	1	0	1	0	0	1	20	222	6	32	31744	896	0	0	0	896
108	20776	1	1	0	1	0	0	1	20	222	6	32	31744	896	0	0	0	896
108	20784	1	1	0	1	0	0	1	20	222	6	32	31744	896	0	0	0	896
108	20801	1	1	0	1	0	0	1	20	222	6	32	31744	896	0	0	0	896
108	20802	1	1	0	1	0	0	1	20	222	6	32	31744	896	0	0	0	896
108	20804	1	1	0	1	0	0	1	20	222	6	32	31744	896	0	0	0	896
108	20808	1	1	0	1	0	0	1	20	222	6	32	31744	896	0	0	0	896
108	20816	1	1	0	1	0	0	1	20	222	6	32	31744	896	0	0	0	896
108	20832	1	1	0	1	0	0	1	20	222	6	32	31744	896	0	0	0	896
108	20865	1	1	0	1	0	0	1	20	222	6	32	31744	896	0	0	0	896
108	20866	1	1	0	1	0	0	1	20	222	6	32	31744	896	0	0	0	896
108	20868	1	1	0	1	0	0	1	20	222	6	32	31744	896	0	0	0	896
108	20872	1	1	0	1	0	0	1	20	222	6	32	31744	896	0	0	0	896
108	20880	1	1	0	1	0	0	1	20	222	6	32	31744	896	0	0	0	896
108	20896	1	1	0	1	0	0	1	20	222	6	32	31744	896	0	0	0	896
108	20928	1	1	0	1	0	0	1	20	222	6	32	31744	896	0	0	0	896
108	20995	1	1	0	1	0	0	1	20	222	6	32	31744	896	0	0	0	896
108	20997	1	1	0	1	0	0	1	20	222	6	32	31744	896	0	0	0	896
108	20998	1	1	0	1	0	0	1	20	222	6	32	31744	896	0	0	0	896
108	21001	1	1	0	1	0	0	1	20	222	6	32	31744	896	0	0	0	896
108	21002	1	1	0	1	0	0	1	20	222	6	32	31744	896	0	0	0	896
108	21004	1	1	0	1	0	0	1	20	222	6	32	31744	896	0	0	0	896
108	21009	1	1	0	1	0	0	1	20	222	6	32	31744	896	0	0	0	896
108	21010	1	1	0	1	0	0	1	20	222	6	32	31744	896	0	0	0	896
108	21012	1	1	0	1	0	0	1	20	222	6	32	31744	896	0	0	0	896
108	21016	1	1	0	1	0	0	1	20	222	6	32	31744	896	0	0	0	896
108	21025	1	1	0	1	0	0	1	20	222	6	32	31744	896	0	0	0	896
108	21026	1	1	0	1	0	0	1	20	222	6	32	31744	896	0	0	0	896
108	21028	1	1	0	1	0	0	1	20	222	6	32	31744	896	0	0	0	896
108	21032	1	1	0	1	0	0	1	20	222	6	32	31744	896	0	0	0	896
108	21040	1	1	0	1	0	0	1	20	222	6	32	31744	896	0	0	0	896
108	21057	1	1	0	1	0	0	1	20	222	6	32	31744	896	0	0	0	896
108	21058	1	1	0	1	0	0	1	20	222	6	32	31744	896	0	0	0	896
108	21060	1	1	0	1	0	0	1	20	222	6	32	31744	896	0	0	0	896
108	21064	1	1	0	1	0	0	1	20	222	6	32	31744	896	0	0	0	896
108	21072	1	1	0	1	0	0	1	20	222	6	32	31744	896	0	0	0	896
108	21088	1	1	0	1	0	0	1	20	222	6	32	31744	896	0	0	0	896
108	21121	1	1	0	1	0	0	1	20	222	6	32	31744	896	0	0	0	896
108	21122	1	1	0	1	0	0	1	20	222	6	32	31744	896	0	0	0	896
108	21124	1	1	0	1	0	0	1	20	222	6	32	31744	896	0	0	0	896
108	21128	1	1	0	1	0	0	1	20	222	6	32	31744	896	0	0	0	896
108	21136	1	1	0	1	0	0	1	20	222	6	32	31744	896	0	0	0	896
108	21152	1	1	0	1	0	0	1	20	222	6	32	31744	896	0	0	0	896
108	21184	1	1	0	1	0	0	1	20	222	6	32	31744	896	0	0	0	896
108	21249	1	1	0	1	0	0	1	20	222	6	32	31744	896	0	0	0	896
108	21250	1	1	0	1	0	0	1	20	222	6	32	31744	896	0	0	0	896
108	21252	1	1	0	1	0	0	1	20	222	6	32	31744	896	0	0	0	896
108	21256	1	1	0	1	0	0	1	20	222	6	32	31744	896	0	0	0	896
108	21264	1	1	0	1	0	0	1	20	222	6	32	31744	896	0	0	0	896
108	21280	1	1	0	1	0	0	1	20	222	6	32	31744	896	0	0	0	896
108	21312	1	1	0	1	0	0	1	20	222	6	32	31744	896	0	0	0	896
108	21376	1	1	0	1	0	0	1	20	222	6	32	31744	896	0	0	0	896
108	21507	0	1	1	1	0	0	1	24	94	5	34	31744	768	0	1	0	768
108	21509	0	1	1	1	0	0	1	24	94	5	34	31744	768	0	1	0	768
108	21510	0	1	1	1	0	0	1	26	30	4	34	31744	768	0	1	0	768
108	21513	0	1	1	1	0	0	1	24	94	5	34	31744	768	0	1	0	768
108	21514	0	1	1	1	0	0	1	26	30	4	34	31744	768	0	1	0	768
108	21516	0	1	1	1	0	0	1	26	30	4	34	31744	768	0	1	0	768
108	21521	0	1	1	1	0	0	1	24	94	5	34	31744	768	0	1	0	768
108	21522	0	1	1	1	0	0	1	26	30	4	34	31744	768	0	1	0	768
108	21524	0	1	1	1	0	0	1	26	30	4	34	31744	768	0	1	0	768
108	21528	0	1	1	1	0	0	1	26	30	4	34	31744	768	0	1	0	768
108	21537	0	1	1	1	0	0	1	24	94	5	34	31744	768	0	1	0	768
108	21538	0	1	1	1	0	0	1	26	30	4	34	31744	768	0	1	0	768
108	21540	0	1	1	1	0	0	1	26	30	4	34	31744	768	0	1	0	768
108	21544	0	1	1	1	0	0	1	26	30	4	34	31744	768	0	1	0	768
108	21552	0	1	1	1	0	0	1	26	30	4	34	31744	768	0	1	0	768
108	21569	0	1	1	1	0	0	1	22	222	6	34	31744	768	0	1	0	768
108	21570	0	1	1	1	0	0	1	24	94	5	34	31744	768	0	1	0	768
108	21572	0	1	1	1	0	0	1	24	94	5	34	31744	768	0	1	0	768
108	21576	0	1	1	1	0	0	1	24	94	5	34	31744	768	0	1	0	768
108	21584	0	1	1	1	0	0	1	24	94	5	34	31744	768	0	1	0	768
108	21600	0	1	1	1	0	0	1	24	94	5	34	31744	768	0	1	0	768
108	21633	0	1	1	1	0	0	1	22	222	6	34	31744	768	0	1	0	768
108	21634	0	1	1	1	0	0	1	24	94	5	34	31744	768	0	1	0	768
108	21636	0	1	1	1	0	0	1	24	94	5	34	31744	768	0	1	0	768
108	21640	0	1	1	1	0	0	1	24	94	5	34	31744	768	0	1	0	768
108	21648	0	1	1	1	0	0	1	24	94	5	34	31744	768	0	1	0	768
108	21664	0	1	1	1	0	0	1	24	94	5	34	31744	768	0	1	0	768
108	21696	0	1	1	1	0	0	1	22	222	6	34	31744	768	0	1	0	768
108	21761	0	1	1	1	0	0	1	22	222	6	34	31744	768	0	1	0	768
108	21762	0	1	1	1	0	0	1	24	94	5	34	31744	768	0	1	0	768
108	21764	0	1	1	1	0	0	1	24	94	5	34	31744	768	0	1	0	768
108	21768	0	1	1	1	0	0	1	24	94	5	34	31744	768	0	1	0	768
108	21776	0	1	1	1	0	0	1	24	94	5	34	31744	768	0	1	0	768
108	21792	0	1	1	1	0	0	1	24	94	5	34	31744	768	0	1	0	768
108	21824	0	1	1	1	0	0	1	22	222	6	34	31744	768	0	1	0	768
108	21888	0	1	1	1	0	0	1	22	222	6	34	31744	768	0	1	0	768
108	22017	0	1	1	1	0	0	1	22	222	6	34	31744	768	0	1	0	768
108	22018	0	1	1	1	0	0	1	24	94	5	34	31744	768	0	1	0	768
108	22020	0	1	1	1	0	0	1	24	94	5	34	31744	768	0	1	0	768
108	22024	0	1	1	1	0	0	1	24	94	5	34	31744	768	0	1	0	768
108	22032	0	1	1	1	0	0	1	24	94	5	34	31744	768	0	1	0	768
108	22048	0	1	1	1	0	0	1	24	94	5	34	31744	768	0	1	0	768
108	22080	0	1	1	1	0	0	1	22	222	6	34	31744	768	0	1	0	768
108	22144	0	1	1	1	0	0	1	22	222	6	34	31744	768	0	1	0	768
108	22272	0	1	1	1	0	0	1	22	222	6	34	31744	768	0	1	0	768
108	22531	0	1	1	1	0	0	1	24	94	5	34	31744	768	0	1	0	768
108	22533	0	1	1	1	0	0	1	24	94	5	34	31744	768	0	1	0	768
108	22534	0	1	1	1	0	0	1	22	222	6	34	31744	768	0	1	0	768
108	22537	0	1	1	1	0	0	1	24	94	5	34	31744	768	0	1	0	768
108	22538	0	1	1	1	0	0	1	22	222	6	34	31744	768	0	1	0	768
108	22540	0	1	1	1	0	0	1	22	222	6	34	31744	768	0	1	0	768
108	22545	0	1	1	1	0	0	1	24	94	5	34	31744	768	0	1	0	768
108	22546	0	1	1	1	0	0	1	22	222	6	34	31744	768	0	1	0	768
108	22548	0	1	1	1	0	0	1	22	222	6	34	31744	768	0	1	0	768
108	22552	0	1	1	1	0	0	1	22	222	6	34	31744	768	0	1	0	768
108	22561	0	1	1	1	0	0	1	24	94	5	34	31744	768	0	1	0	768
108	22562	0	1	1	1	0	0	1	22	222	6	34	31744	768	0	1	0	768
108	22564	0	1	1	1	0	0	1	22	222	6	34	31744	768	0	1	0	768
108	22568	0	1	1	1	0	0	1	22	222	6	34	31744	768	0	1	0	768
108	22576	0	1	1	1	0	0	1	22	222	6	34	31744	768	0	1	0	768
108	22593	0	1	1	1	0	0	1	26	30	4	34	31744	768	0	1	0	768
108	22594	0	1	1	1	0	0	1	24	94	5	34	31744	768	0	1	0	768
108	22596	0	1	1	1	0	0	1	24	94	5	34	31744	768	0	1	0	768
108	22600	0	1	1	1	0	0	1	24	94	5	34	31744	768	0	1	0	768
108	22608	0	1	1	1	0	0	1	24	94	5	34	31744	768	0	1	0	768
108	22624	0	1	1	1	0	0	1	24	94	5	34	31744	768	0	1	0	768
108	22657	0	1	1	1	0	0	1	26	30	4	34	31744	768	0	1	0	768
108	22658	0	1	1	1	0	0	1	24	94	5	34	31744	768	0	1	0	768
108	22660	0	1	1	1	0	0	1	24	94	5	34	31744	768	0	1	0	768
108	22664	0	1	1	1	0	0	1	24	94	5	34	31744	768	0	1	0	768
108	22672	0	1	1	1	0	0	1	24	94	5	34	31744	768	0	1	0	768
108	22688	0	1	1	1	0	0	1	24	94	5	34	31744	768	0	1	0	768
108	22720	0	1	1	1	0	0	1	26	30	4	34	31744	768	0	1	0	768
108	22785	0	1	1	1	0	0	1	26	30	4	34	31744	768	0	1	0	768
108	22786	0	1	1	1	0	0	1	24	94	5	34	31744	768	0	1	0	768
108	22788	0	1	1	1	0	0	1	24	94	5	34	31744	768	0	1	0	768
108	22792	0	1	1	1	0	0	1	24	94	5	34	31744	768	0	1	0	768
108	22800	0	1	1	1	0	0	1	24	94	5	34	31744	768	0	1	0	768
108	22816	0	1	1	1	0	0	1	24	94	5	34	31744	768	0	1	0	768
108	22848	0	1	1	1	0	0	1	26	30	4	34	31744	768	0	1	0	768
108	22912	0	1	1	1	0	0	1	26	30	4	34	31744	768	0	1	0	768
108	23041	0	1	1	1	0	0	1	26	30	4	34	31744	768	0	1	0	768
108	23042	0	1	1	1	0	0	1	24	94	5	34	31744	768	0	1	0	768
108	23044	0	1	1	1	0	0	1	24	94	5	34	31744	768	0	1	0	768
108	23048	0	1	1	1	0	0	1	24	94	5	34	31744	768	0	1	0	768
108	23056	0	1	1	1	0	0	1	24	94	5	34	31744	768	0	1	0	768
108	23072	0	1	1	1	0	0	1	24	94	5	34	31744	768	0	1	0	768
108	23104	0	1	1	1	0	0	1	26	30	4	34	31744	768	0	1	0	768
108	23168	0	1	1	1	0	0	1	26	30	4	34	31744	768	0	1	0	768
108	23296	0	1	1	1	0	0	1	26	30	4	34	31744	768	0	1	0	768
108	23553	0	1	1	1	0	0	1	28	77	4	36	31744	512	0	1	0	512
108	23554	0	1	1	1	0	0	1	28	77	4	36	31744	512	0	1	0	512
108	23556	0	1	1	1	0	0	1	28	77	4	36	31744	512	0	1	0	512
108	23560	0	1	1	1	0	0	1	28	77	4	36	31744	512	0	1	0	512
108	23568	0	1	1	1	0	0	1	28	77	4	36	31744	512	0	1	0	512
108	23584	0	1	1	1	0	0	1	28	77	4	36	31744	512	0	1	0	512
108	23616	0	1	1	1	0	0	1	28	77	4	36	31744	512	0	1	0	512
108	23680	0	1	1	1	0	0	1	28	77	4	36	31744	512	0	1	0	512
108	23808	0	1	1	1	0	0	1	28	77	4	36	31744	512	0	1	0	512
108	24064	0	1	1	1	0	0	1	28	77	4	36	31744	512	0	1	0	512
108	24583	1	1	0	1	0	0	1	20	222	6	32	31744	896	0	0	0	896
108	24587	1	1	0	1	0	0	1	20	222	6	32	31744	896	0	0	0	896
108	24589	1	1	0	1	0	0	1	20	222	6	32	31744	896	0	0	0	896
108	24590	1	1	0	1	0	0	1	20	222	6	32	31744	896	0	0	0	896
108	24595	1	1	0	1	0	0	1	20	222	6	32	31744	896	0	0	0	896
108	24597	1	1	0	1	0	0	1	20	222	6	32	31744	896	0	0	0	896
108	24598	1	1	0	1	0	0	1	20	222	6	32	31744	896	0	0	0	896
108	24601	1	1	0	1	0	0	1	20	222	6	32	31744	896	0	0	0	896
108	24602	1	1	0	1	0	0	1	20	222	6	32	31744	896	0	0	0	896
108	24604	1	1	0	1	0	0	1	20	222	6	32	31744	896	0	0	0	896
108	24611	1	1	0	1	0	0	1	20	222	6	32	31744	896	0	0	0	896
108	24613	1	1	0	1	0	0	1	20	222	6	32	31744	896	0	0	0	896
108	24614	1	1	0	1	0	0	1	20	222	6	32	31744	896	0	0	0	896
108	24617	1	1	0	1	0	0	1	20	222	6	32	31744	896	0	0	0	896
108	24618	1	1	0	1	0	0	1	20	222	6	32	31744	896	0	0	0	896
108	24620	1	1	0	1	0	0	1	20	222	6	32	31744	896	0	0	0	896
108	24625	1	1	0	1	0	0	1	20	222	6	32	31744	896	0	0	0	896
108	24626	1	1	0	1	0	0	1	20	222	6	32	31744	896	0	0	0	896
108	24628	1	1	0	1	0	0	1	20	222	6	32	31744	896	0	0	0	896
108	24632	1	1	0	1	0	0	1	20	222	6	32	31744	896	0	0	0	896
108	24643	1	1	0	1	0	0	1	20	222	6	32	31744	896	0	0	0	896
108	24645	1	1	0	1	0	0	1	20	222	6	32	31744	896	0	0	0	896
108	24646	1	1	0	1	0	0	1	20	222	6	32	31744	896	0	0	0	896
108	24649	1	1	0	1	0	0	1	20	222	6	32	31744	896	0	0	0	896
108	24650	1	1	0	1	0	0	1	20	222	6	32	31744	896	0	0	0	896
108	24652	1	1	0	1	0	0	1	20	222	6	32	31744	896	0	0	0	896
108	24657	1	1	0	1	0	0	1	20	222	6	32	31744	896	0	0	0	896
108	24658	1	1	0	1	0	0	1	20	222	6	32	31744	896	0	0	0	896
108	24660	1	1	0	1	0	0	1	20	222	6	32	31744	896	0	0	0	896
108	24664	1	1	0	1	0	0	1	20	222	6	32	31744	896	0	0	0	896
108	24673	1	1	0	1	0	0	1	20	222	6	32	31744	896	0	0	0	896
108	24674	1	1	0	1	0	0	1	20	222	6	32	31744	896	0	0	0	896
108	24676	1	1	0	1	0	0	1	20	222	6	32	31744	896	0	0	0	896
108	24680	1	1	0	1	0	0	1	20	222	6	32	31744	896	0	0	0	896
108	24688	1	1	0	1	0	0	1	20	222	6	32	31744	896	0	0	0	896
108	24707	1	1	0	1	0	0	1	20	222	6	32	31744	896	0	0	0	896
108	24709	1	1	0	1	0	0	1	20	222	6	32	31744	896	0	0	0	896
108	24710	1	1	0	1	0	0	1	20	222	6	32	31744	896	0	0	0	896
108	24713	1	1	0	1	0	0	1	20	222	6	32	31744	896	0	0	0	896
108	24714	1	1	0	1	0	0	1	20	222	6	32	31744	896	0	0	0	896
108	24716	1	1	0	1	0	0	1	20	222	6	32	31744	896	0	0	0	896
108	24721	1	1	0	1	0	0	1	20	222	6	32	31744	896	0	0	0	896
108	24722	1	1	0	1	0	0	1	20	222	6	32	31744	896	0	0	0	896
108	24724	1	1	0	1	0	0	1	20	222	6	32	31744	896	0	0	0	896
108	24728	1	1	0	1	0	0	1	20	222	6	32	31744	896	0	0	0	896
108	24737	1	1	0	1	0	0	1	20	222	6	32	31744	896	0	0	0	896
108	24738	1	1	0	1	0	0	1	20	222	6	32	31744	896	0	0	0	896
108	24740	1	1	0	1	0	0	1	20	222	6	32	31744	896	0	0	0	896
108	24744	1	1	0	1	0	0	1	20	222	6	32	31744	896	0	0	0	896
108	24752	1	1	0	1	0	0	1	20	222	6	32	31744	896	0	0	0	896
108	24769	1	1	0	1	0	0	1	20	222	6	32	31744	896	0	0	0	896
108	24770	1	1	0	1	0	0	1	20	222	6	32	31744	896	0	0	0	896
108	24772	1	1	0	1	0	0	1	20	222	6	32	31744	896	0	0	0	896
108	24776	1	1	0	1	0	0	1	20	222	6	32	31744	896	0	0	0	896
108	24784	1	1	0	1	0	0	1	20	222	6	32	31744	896	0	0	0	896
108	24800	1	1	0	1	0	0	1	20	222	6	32	31744	896	0	0	0	896
108	24835	1	1	0	1	0	0	1	20	222	6	32	31744	896	0	0	0	896
108	24837	1	1	0	1	0	0	1	20	222	6	32	31744	896	0	0	0	896
108	24838	1	1	0	1	0	0	1	20	222	6	32	31744	896	0	0	0	896
108	24841	1	1	0	1	0	0	1	20	222	6	32	31744	896	0	0	0	896
108	24842	1	1	0	1	0	0	1	20	222	6	32	31744	896	0	0	0	896
108	24844	1	1	0	1	0	0	1	20	222	6	32	31744	896	0	0	0	896
108	24849	1	1	0	1	0	0	1	20	222	6	32	31744	896	0	0	0	896
108	24850	1	1	0	1	0	0	1	20	222	6	32	31744	896	0	0	0	896
108	24852	1	1	0	1	0	0	1	20	222	6	32	31744	896	0	0	0	896
108	24856	1	1	0	1	0	0	1	20	222	6	32	31744	896	0	0	0	896
108	24865	1	1	0	1	0	0	1	20	222	6	32	31744	896	0	0	0	896
108	24866	1	1	0	1	0	0	1	20	222	6	32	31744	896	0	0	0	896
108	24868	1	1	0	1	0	0	1	20	222	6	32	31744	896	0	0	0	896
108	24872	1	1	0	1	0	0	1	20	222	6	32	31744	896	0	0	0	896
108	24880	1	1	0	1	0	0	1	20	222	6	32	31744	896	0	0	0	896
108	24897	1	1	0	1	0	0	1	20	222	6	32	31744	896	0	0	0	896
108	24898	1	1	0	1	0	0	1	20	222	6	32	31744	896	0	0	0	896
108	24900	1	1	0	1	0	0	1	20	222	6	32	31744	896	0	0	0	896
108	24904	1	1	0	1	0	0	1	20	222	6	32	31744	896	0	0	0	896
108	24912	1	1	0	1	0	0	1	20	222	6	32	31744	896	0	0	0	896
108	24928	1	1	0	1	0	0	1	20	222	6	32	31744	896	0	0	0	896
108	24961	1	1	0	1	0	0	1	20	222	6	32	31744	896	0	0	0	896
108	24962	1	1	0	1	0	0	1	20	222	6	32	31744	896	0	0	0	896
108	24964	1	1	0	1	0	0	1	20	222	6	32	31744	896	0	0	0	896
108	24968	1	1	0	1	0	0	1	20	222	6	32	31744	896	0	0	0	896
108	24976	1	1	0	1	0	0	1	20	222	6	32	31744	896	0	0	0	896
108	24992	1	1	0	1	0	0	1	20	222	6	32	31744	896	0	0	0	896
108	25024	1	1	0	1	0	0	1	20	222	6	32	31744	896	0	0	0	896
108	25091	1	1	0	1	0	0	1	20	222	6	32	31744	896	0	0	0	896
108	25093	1	1	0	1	0	0	1	20	222	6	32	31744	896	0	0	0	896
108	25094	1	1	0	1	0	0	1	20	222	6	32	31744	896	0	0	0	896
108	25097	1	1	0	1	0	0	1	20	222	6	32	31744	896	0	0	0	896
108	25098	1	1	0	1	0	0	1	20	222	6	32	31744	896	0	0	0	896
108	25100	1	1	0	1	0	0	1	20	222	6	32	31744	896	0	0	0	896
108	25105	1	1	0	1	0	0	1	20	222	6	32	31744	896	0	0	0	896
108	25106	1	1	0	1	0	0	1	20	222	6	32	31744	896	0	0	0	896
108	25108	1	1	0	1	0	0	1	20	222	6	32	31744	896	0	0	0	896
108	25112	1	1	0	1	0	0	1	20	222	6	32	31744	896	0	0	0	896
108	25121	1	1	0	1	0	0	1	20	222	6	32	31744	896	0	0	0	896
108	25122	1	1	0	1	0	0	1	20	222	6	32	31744	896	0	0	0	896
108	25124	1	1	0	1	0	0	1	20	222	6	32	31744	896	0	0	0	896
108	25128	1	1	0	1	0	0	1	20	222	6	32	31744	896	0	0	0	896
108	25136	1	1	0	1	0	0	1	20	222	6	32	31744	896	0	0	0	896
108	25153	1	1	0	1	0	0	1	20	222	6	32	31744	896	0	0	0	896
108	25154	1	1	0	1	0	0	1	20	222	6	32	31744	896	0	0	0	896
108	25156	1	1	0	1	0	0	1	20	222	6	32	31744	896	0	0	0	896
108	25160	1	1	0	1	0	0	1	20	222	6	32	31744	896	0	0	0	896
108	25168	1	1	0	1	0	0	1	20	222	6	32	31744	896	0	0	0	896
108	25184	1	1	0	1	0	0	1	20	222	6	32	31744	896	0	0	0	896
108	25217	1	1	0	1	0	0	1	20	222	6	32	31744	896	0	0	0	896
108	25218	1	1	0	1	0	0	1	20	222	6	32	31744	896	0	0	0	896
108	25220	1	1	0	1	0	0	1	20	222	6	32	31744	896	0	0	0	896
108	25224	1	1	0	1	0	0	1	20	222	6	32	31744	896	0	0	0	896
108	25232	1	1	0	1	0	0	1	20	222	6	32	31744	896	0	0	0	896
108	25248	1	1	0	1	0	0	1	20	222	6	32	31744	896	0	0	0	896
108	25280	1	1	0	1	0	0	1	20	222	6	32	31744	896	0	0	0	896
108	25345	1	1	0	1	0	0	1	20	222	6	32	31744	896	0	0	0	896
108	25346	1	1	0	1	0	0	1	20	222	6	32	31744	896	0	0	0	896
108	25348	1	1	0	1	0	0	1	20	222	6	32	31744	896	0	0	0	896
108	25352	1	1	0	1	0	0	1	20	222	6	32	31744	896	0	0	0	896
108	25360	1	1	0	1	0	0	1	20	222	6	32	31744	896	0	0	0	896
108	25376	1	1	0	1	0	0	1	20	222	6	32	31744	896	0	0	0	896
108	25408	1	1	0	1	0	0	1	20	222	6	32	31744	896	0	0	0	896
108	25472	1	1	0	1	0	0	1	20	222	6	32	31744	896	0	0	0	896
108	25603	0	1	1	1	0	0	1	24	94	5	34	31744	768	0	1	0	768
108	25605	0	1	1	1	0	0	1	24	94	5	34	31744	768	0	1	0	768
108	25606	0	1	1	1	0	0	1	26	30	4	34	31744	768	0	1	0	768
108	25609	0	1	1	1	0	0	1	24	94	5	34	31744	768	0	1	0	768
108	25610	0	1	1	1	0	0	1	26	30	4	34	31744	768	0	1	0	768
108	25612	0	1	1	1	0	0	1	26	30	4	34	31744	768	0	1	0	768
108	25617	0	1	1	1	0	0	1	24	94	5	34	31744	768	0	1	0	768
108	25618	0	1	1	1	0	0	1	26	30	4	34	31744	768	0	1	0	768
108	25620	0	1	1	1	0	0	1	26	30	4	34	31744	768	0	1	0	768
108	25624	0	1	1	1	0	0	1	26	30	4	34	31744	768	0	1	0	768
108	25633	0	1	1	1	0	0	1	24	94	5	34	31744	768	0	1	0	768
108	25634	0	1	1	1	0	0	1	26	30	4	34	31744	768	0	1	0	768
108	25636	0	1	1	1	0	0	1	26	30	4	34	31744	768	0	1	0	768
108	25640	0	1	1	1	0	0	1	26	30	4	34	31744	768	0	1	0	768
108	25648	0	1	1	1	0	0	1	26	30	4	34	31744	768	0	1	0	768
108	25665	0	1	1	1	0	0	1	22	222	6	34	31744	768	0	1	0	768
108	25666	0	1	1	1	0	0	1	24	94	5	34	31744	768	0	1	0	768
108	25668	0	1	1	1	0	0	1	24	94	5	34	31744	768	0	1	0	768
108	25672	0	1	1	1	0	0	1	24	94	5	34	31744	768	0	1	0	768
108	25680	0	1	1	1	0	0	1	24	94	5	34	31744	768	0	1	0	768
108	25696	0	1	1	1	0	0	1	24	94	5	34	31744	768	0	1	0	768
108	25729	0	1	1	1	0	0	1	22	222	6	34	31744	768	0	1	0	768
108	25730	0	1	1	1	0	0	1	24	94	5	34	31744	768	0	1	0	768
108	25732	0	1	1	1	0	0	1	24	94	5	34	31744	768	0	1	0	768
108	25736	0	1	1	1	0	0	1	24	94	5	34	31744	768	0	1	0	768
108	25744	0	1	1	1	0	0	1	24	94	5	34	31744	768	0	1	0	768
108	25760	0	1	1	1	0	0	1	24	94	5	34	31744	768	0	1	0	768
108	25792	0	1	1	1	0	0	1	22	222	6	34	31744	768	0	1	0	768
108	25857	0	1	1	1	0	0	1	22	222	6	34	31744	768	0	1	0	768
108	25858	0	1	1	1	0	0	1	24	94	5	34	31744	768	0	1	0	768
108	25860	0	1	1	1	0	0	1	24	94	5	34	31744	768	0	1	0	768
108	25864	0	1	1	1	0	0	1	24	94	5	34	31744	768	0	1	0	768
108	25872	0	1	1	1	0	0	1	24	94	5	34	31744	768	0	1	0	768
108	25888	0	1	1	1	0	0	1	24	94	5	34	31744	768	0	1	0	768
108	25920	0	1	1	1	0	0	1	22	222	6	34	31744	768	0	1	0	768
108	25984	0	1	1	1	0	0	1	22	222	6	34	31744	768	0	1	0	768
108	26113	0	1	1	1	0	0	1	22	222	6	34	31744	768	0	1	0	768
108	26114	0	1	1	1	0	0	1	24	94	5	34	31744	768	0	1	0	768
108	26116	0	1	1	1	0	0	1	24	94	5	34	31744	768	0	1	0	768
108	26120	0	1	1	1	0	0	1	24	94	5	34	31744	768	0	1	0	768
108	26128	0	1	1	1	0	0	1	24	94	5	34	31744	768	0	1	0	768
108	26144	0	1	1	1	0	0	1	24	94	5	34	31744	768	0	1	0	768
108	26176	0	1	1	1	0	0	1	22	222	6	34	31744	768	0	1	0	768
108	26240	0	1	1	1	0	0	1	22	222	6	34	31744	768	0	1	0	768
108	26368	0	1	1	1	0	0	1	22	222	6	34	31744	768	0	1	0	768
108	26627	0	1	1	1	0	0	1	24	94	5	34	31744	768	0	1	0	768
108	26629	0	1	1	1	0	0	1	24	94	5	34	31744	768	0	1	0	768
108	26630	0	1	1	1	0	0	1	22	222	6	34	31744	768	0	1	0	768
108	26633	0	1	1	1	0	0	1	24	94	5	34	31744	768	0	1	0	768
108	26634	0	1	1	1	0	0	1	22	222	6	34	31744	768	0	1	0	768
108	26636	0	1	1	1	0	0	1	22	222	6	34	31744	768	0	1	0	768
108	26641	0	1	1	1	0	0	1	24	94	5	34	31744	768	0	1	0	768
108	26642	0	1	1	1	0	0	1	22	222	6	34	31744	768	0	1	0	768
108	26644	0	1	1	1	0	0	1	22	222	6	34	31744	768	0	1	0	768
108	26648	0	1	1	1	0	0	1	22	222	6	34	31744	768	0	1	0	768
108	26657	0	1	1	1	0	0	1	24	94	5	34	31744	768	0	1	0	768
108	26658	0	1	1	1	0	0	1	22	222	6	34	31744	768	0	1	0	768
108	26660	0	1	1	1	0	0	1	22	222	6	34	31744	768	0	1	0	768
108	26664	0	1	1	1	0	0	1	22	222	6	34	31744	768	0	1	0	768
108	26672	0	1	1	1	0	0	1	22	222	6	34	31744	768	0	1	0	768
108	26689	0	1	1	1	0	0	1	26	30	4	34	31744	768	0	1	0	768
108	26690	0	1	1	1	0	0	1	24	94	5	34	31744	768	0	1	0	768
108	26692	0	1	1	1	0	0	1	24	94	5	34	31744	768	0	1	0	768
108	26696	0	1	1	1	0	0	1	24	94	5	34	31744	768	0	1	0	768
108	26704	0	1	1	1	0	0	1	24	94	5	34	31744	768	0	1	0	768
108	26720	0	1	1	1	0	0	1	24	94	5	34	31744	768	0	1	0	768
108	26753	0	1	1	1	0	0	1	26	30	4	34	31744	768	0	1	0	768
108	26754	0	1	1	1	0	0	1	24	94	5	34	31744	768	0	1	0	768
108	26756	0	1	1	1	0	0	1	24	94	5	34	31744	768	0	1	0	768
108	26760	0	1	1	1	0	0	1	24	94	5	34	31744	768	0	1	0	768
108	26768	0	1	1	1	0	0	1	24	94	5	34	31744	768	0	1	0	768
108	26784	0	1	1	1	0	0	1	24	94	5	34	31744	768	0	1	0	768
108	26816	0	1	1	1	0	0	1	26	30	4	34	31744	768	0	1	0	768
108	26881	0	1	1	1	0	0	1	26	30	4	34	31744	768	0	1	0	768
108	26882	0	1	1	1	0	0	1	24	94	5	34	31744	768	0	1	0	768
108	26884	0	1	1	1	0	0	1	24	94	5	34	31744	768	0	1	0	768
108	26888	0	1	1	1	0	0	1	24	94	5	34	31744	768	0	1	0	768
108	26896	0	1	1	1	0	0	1	24	94	5	34	31744	768	0	1	0	768
108	26912	0	1	1	1	0	0	1	24	94	5	34	31744	768	0	1	0	768
108	26944	0	1	1	1	0	0	1	26	30	4	34	31744	768	0	1	0	768
108	27008	0	1	1	1	0	0	1	26	30	4	34	31744	768	0	1	0	768
108	27137	0	1	1	1	0	0	1	26	30	4	34	31744	768	0	1	0	768
108	27138	0	1	1	1	0	0	1	24	94	5	34	31744	768	0	1	0	768
108	27140	0	1	1	1	0	0	1	24	94	5	34	31744	768	0	1	0	768
108	27144	0	1	1	1	0	0	1	24	94	5	34	31744	768	0	1	0	768
108	27152	0	1	1	1	0	0	1	24	94	5	34	31744	768	0	1	0	768
108	27168	0	1	1	1	0	0	1	24	94	5	34	31744	768	0	1	0	768
108	27200	0	1	1	1	0	0	1	26	30	4	34	31744	768	0	1	0	768
108	27264	0	1	1	1	0	0	1	26	30	4	34	31744	768	0	1	0	768
108	27392	0	1	1	1	0	0	1	26	30	4	34	31744	768	0	1	0	768
108	27649	0	1	1	1	0	0	1	28	77	4	36	31744	512	0	1	0	512
108	27650	0	1	1	1	0	0	1	28	77	4	36	31744	512	0	1	0	512
108	27652	0	1	1	1	0	0	1	28	77	4	36	31744	512	0	1	0	512
108	27656	0	1	1	1	0	0	1	28	77	4	36	31744	512	0	1	0	512
108	27664	0	1	1	1	0	0	1	28	77	4	36	31744	512	0	1	0	512
108	27680	0	1	1	1	0	0	1	28	77	4	36	31744	512	0	1	0	512
108	27712	0	1	1	1	0	0	1	28	77	4	36	31744	512	0	1	0	512
108	27776	0	1	1	1	0	0	1	28	77	4	36	31744	512	0	1	0	512
108	27904	0	1	1	1	0	0	1	28	77	4	36	31744	512	0	1	0	512
108	28160	0	1	1	1	0	0	1	28	77	4	36	31744	512	0	1	0	512
108	28675	0	1	1	1	1	5	0	26	222	6	38	31744	271	2108	0	1	752
108	28677	0	1	1	1	1	5	0	26	222	6	38	31744	271	2106	0	1	752
108	28678	0	1	1	1	1	4	0	26	222	6	38	31744	270	2104	0	1	270
108	28681	0	1	1	1	1	5	0	26	222	6	38	31744	271	2102	0	1	752
108	28682	0	1	1	1	1	4	0	26	222	6	38	31744	270	2100	0	1	270
108	28684	0	1	1	1	1	4	0	26	222	6	38	31744	270	2098	0	1	270
108	28689	0	1	1	1	1	5	0	26	222	6	38	31744	271	2094	0	1	752
108	28690	0	1	1	1	1	4	0	26	222	6	38	31744	270	2092	0	1	270
108	28692	0	1	1	1	1	4	0	26	222	6	38	31744	270	2090	0	1	270
108	28696	0	1	1	1	1	4	0	26	222	6	38	31744	270	2086	0	1	270
108	28705	0	1	1	1	1	5	0	26	222	6	38	31744	271	2078	0	1	752
108	28706	0	1	1	1	1	4	0	26	222	6	38	31744	270	2076	0	1	270
108	28708	0	1	1	1	1	4	0	26	222	6	38	31744	270	2074	0	1	270
108	28712	0	1	1	1	1	4	0	26	222	6	38	31744	270	2070	0	1	270
108	28720	0	1	1	1	1	4	0	26	222	6	38	31744	270	2062	0	1	270
108	28737	0	1	1	1	1	4	0	26	222	6	38	31744	736	1920	0	1	736
108	28738	0	1	1	1	1	5	0	26	222	6	38	31744	286	2108	0	1	286
108	28740	0	1	1	1	1	5	0	26	222	6	38	31744	286	2106	0	1	286
108	28744	0	1	1	1	1	5	0	26	222	6	38	31744	286	2102	0	1	286
108	28752	0	1	1	1	1	5	0	26	222	6	38	31744	286	2094	0	1	286
108	28768	0	1	1	1	1	5	0	26	222	6	38	31744	286	2078	0	1	286
108	28801	0	1	1	1	1	4	0	26	222	6	38	31744	736	1856	0	1	736
108	28802	0	1	1	1	1	5	0	26	222	6	38	31744	286	2108	0	1	286
108	28804	0	1	1	1	1	5	0	26	222	6	38	31744	286	2106	0	1	286
108	28808	0	1	1	1	1	5	0	26	222	6	38	31744	286	2102	0	1	286
108	28816	0	1	1	1	1	5	0	26	222	6	38	31744	286	2094	0	1	286
108	28832	0	1	1	1	1	5	0	26	222	6	38	31744	286	2078	0	1	286
108	28864	0	1	1	1	1	4	0	26	222	6	38	31744	705	1793	0	1	318
108	28929	0	1	1	1	1	4	0	26	222	6	38	31744	736	1728	0	1	736
108	28930	0	1	1	1	1	5	0	26	222	6	38	31744	286	2108	0	1	286
108	28932	0	1	1	1	1	5	0	26	222	6	38	31744	286	2106	0	1	286
108	28936	0	1	1	1	1	5	0	26	222	6	38	31744	286	2102	0	1	286
108	28944	0	1	1	1	1	5	0	26	222	6	38	31744	286	2094	0	1	286
108	28960	0	1	1	1	1	5	0	26	222	6	38	31744	286	2078	0	1	286
108	28992	0	1	1	1	1	4	0	26	222	6	38	31744	705	1665	0	1	318
108	29056	0	1	1	1	1	4	0	26	222	6	38	31744	705	1601	0	1	318
108	29185	0	1	1	1	1	4	0	26	222	6	38	31744	736	1472	0	1	736
108	29186	0	1	1	1	1	5	0	26	222	6	38	31744	286	2108	0	1	286
108	29188	0	1	1	1	1	5	0	26	222	6	38	31744	286	2106	0	1	286
108	29192	0	1	1	1	1	5	0	26	222	6	38	31744	286	2102	0	1	286
108	29200	0	1	1	1	1	5	0	26	222	6	38	31744	286	2094	0	1	286
108	29216	0	1	1	1	1	5	0	26	222	6	38	31744	286	2078	0	1	286
108	29248	0	1	1	1	1	4	0	26	222	6	38	31744	705	1409	0	1	318
108	29312	0	1	1	1	1	4	0	26	222	6	38	31744	705	1345	0	1	318
108	29440	0	1	1	1	1	4	0	26	222	6	38	31744	705	1217	0	1	318
108	29697	0	16	1	1	0	0	1	32	75	4	40	31744	512	0	1	0	512,544,576,608,640,672,704,736,768,800,832,864,896,928,960,992
108	29698	0	32	1	1	0	0	1	34	11	3	40	31744	512	0	1	0	30,62,94,126,158,190,222,254,286,318,350,382,414,446,478,510,512,544,576,608,640,672,704,736,768,800,832,864,896,928,960,992
108	29700	0	32	1	1	0	0	1	34	11	3	40	31744	512	0	1	0	30,62,94,126,158,190,222,254,286,318,350,382,414,446,478,510,512,544,576,608,640,672,704,736,768,800,832,864,896,928,960,992
108	29704	0	32	1	1	0	0	1	34	11	3	40	31744	512	0	1	0	30,62,94,126,158,190,222,254,286,318,350,382,414,446,478,510,512,544,576,608,640,672,704,736,768,800,832,864,896,928,960,992
108	29712	0	32	1	1	0	0	1	34	11	3	40	31744	512	0	1	0	30,62,94,126,158,190,222,254,286,318,350,382,414,446,478,510,512,544,576,608,640,672,704,736,768,800,832,864,896,928,960,992
108	29728	0	32	1	1	0	0	1	34	11	3	40	31744	512	0	1	0	30,62,94,126,158,190,222,254,286,318,350,382,414,446,478,510,512,544,576,608,640,672,704,736,768,800,832,864,896,928,960,992
108	29760	0	16	1	1	0	0	1	32	75	4	40	31744	512	0	1	0	62,126,190,254,318,382,446,510,512,576,640,704,768,832,896,960
108	29824	0	16	1	1	0	0	1	32	75	4	40	31744	512	0	1	0	62,126,190,254,318,382,446,510,512,576,640,704,768,832,896,960
108	29952	0	16	1	1	0	0	1	32	75	4	40	31744	512	0	1	0	62,126,190,254,318,382,446,510,512,576,640,704,768,832,896,960
108	30208	0	16	1	1	0	0	1	32	75	4	40	31744	512	0	1	0	62,126,190,254,318,382,446,510,512,576,640,704,768,832,896,960
108	30721	0	32	1	1	0	0	1	34	11	3	40	31744	512	0	1	0	480,482,484,486,488,490,492,494,496,498,500,502,504,506,508,510,512,514,516,518,520,522,524,526,528,530,532,534,536,538,540,542
108	30722	0	16	1	1	0	0	1	32	75	4	40	31744	512	0	1	0	512,514,516,518,520,522,524,526,528,530,532,534,536,538,540,542
108	30724	0	16	1	1	0	0	1	32	75	4	40	31744	512	0	1	0	512,514,516,518,520,522,524,526,528,530,532,534,536,538,540,542
108	30728	0	16	1	1	0	0	1	32	75	4	40	31744	512	0	1	0	512,514,516,518,520,522,524,526,528,530,532,534,536,538,540,542
108	30736	0	16	1	1	0	0	1	32	75	4	40	31744	512	0	1	0	512,514,516,518,520,522,524,526,528,530,532,534,536,538,540,542
108	30752	0	16	1	1	0	0	1	32	75	4	40	31744	512	0	1	0	512,514,516,518,520,522,524,526,528,530,532,534,536,538,540,542
108	30784	0	32	1	1	0	0	1	34	11	3	40	31744	512	0	1	0	512,514,516,518,520,522,524,526,528,530,532,534,536,538,540,542,544,546,548,550,552,554,556,558,560,562,564,566,568,570,572,574
108	30848	0	32	1	1	0	0	1	34	11	3	40	31744	512	0	1	0	512,514,516,518,520,522,524,526,528,530,532,534,536,538,540,542,544,546,548,550,552,554,556,558,560,562,564,566,568,570,572,574
108	30976	0	32	1	1	0	0	1	34	11	3	40	31744	512	0	1	0	512,514,516,518,520,522,524,526,528,530,532,534,536,538,540,542,544,546,548,550,552,554,556,558,560,562,564,566,568,570,572,574
108	31232	0	32	1	1	0	0	1	34	11	3	40	31744	512	0	1	0	512,514,516,518,520,522,524,526,528,530,532,534,536,538,540,542,544,546,548,550,552,554,556,558,560,562,564,566,568,570,572,574
108	31744	0	512	1	1	0	0	1	40	1	1	42	31744	0	0	1	0	0,2,4,6,8,10,12,14,16,18,20,22,24,26,28,30,32,34,36,38,40,42,44,46,48,50,52,54,56,58,60,62,64,66,68,70,72,74,76,78,80,82,84,86,88,90,92,94,96,98,100,102,104,106,108,110,112,114,116,118,120,122,124,126,128,130,132,134,136,138,140,142,144,146,148,150,152,154,156,158,160,162,164,166,168,170,172,174,176,178,180,182,184,186,188,190,192,194,196,198,200,202,204,206,208,210,212,214,216,218,220,222,224,226,228,230,232,234,236,238,240,242,244,246,248,250,252,254,256,258,260,262,264,266,268,270,272,274,276,278,280,282,284,286,288,290,292,294,296,298,300,302,304,306,308,310,312,314,316,318,320,322,324,326,328,330,332,334,336,338,340,342,344,346,348,350,352,354,356,358,360,362,364,366,368,370,372,374,376,378,380,382,384,386,388,390,392,394,396,398,400,402,404,406,408,410,412,414,416,418,420,422,424,426,428,430,432,434,436,438,440,442,444,446,448,450,452,454,456,458,460,462,464,466,468,470,472,474,476,478,480,482,484,486,488,490,492,494,496,498,500,502,504,506,508,510,512,514,516,518,520,522,524,526,528,530,532,534,536,538,540,542,544,546,548,550,552,554,556,558,560,562,564,566,568,570,572,574,576,578,580,582,584,586,588,590,592,594,596,598,600,602,604,606,608,610,612,614,616,618,620,622,624,626,628,630,632,634,636,638,640,642,644,646,648,650,652,654,656,658,660,662,664,666,668,670,672,674,676,678,680,682,684,686,688,690,692,694,696,698,700,702,704,706,708,710,712,714,716,718,720,722,724,726,728,730,732,734,736,738,740,742,744,746,748,750,752,754,756,758,760,762,764,766,768,770,772,774,776,778,780,782,784,786,788,790,792,794,796,798,800,802,804,806,808,810,812,814,816,818,820,822,824,826,828,830,832,834,836,838,840,842,844,846,848,850,852,854,856,858,860,862,864,866,868,870,872,874,876,878,880,882,884,886,888,890,892,894,896,898,900,902,904,906,908,910,912,914,916,918,920,922,924,926,928,930,932,934,936,938,940,942,944,946,948,950,952,954,956,958,960,962,964,966,968,970,972,974,976,978,980,982,984,986,988,990,992,994,996,998,1000,1002,1004,1006,1008,1010,1012,1014,1016,1018,1020,1022
