id	Y_mask	dH	optH_count	q	good	delta_min	rho	compatible_optG	ell	Y_type	Y_edges	degree_sum	f_witness	h_witness_local	S_mask	R_witness	Delta_witness	optH_masks_local
1290	31	0	1	6	0	2	1	0	20	0	0	20	31104	460	16384	4	2	460
1290	47	2	3	4	1	1	1	0	21	0	0	21	31104	460	16384	3	1	460,562,818
1290	55	2	3	4	1	1	1	0	21	0	0	21	31104	460	16384	3	1	460,562,818
1290	59	2	3	4	1	1	1	0	21	0	0	21	31104	460	16384	3	1	460,562,818
1290	61	2	3	4	1	1	1	0	21	0	0	21	31104	460	16384	3	1	460,562,818
1290	62	1	1	5	1	1	1	0	21	0	0	21	31104	460	16384	4	1	460
1290	79	2	3	4	1	1	1	0	21	0	0	21	31104	460	16384	3	1	460,562,818
1290	87	2	3	4	1	1	1	0	21	0	0	21	31104	460	16384	3	1	460,562,818
1290	91	2	3	4	1	1	1	0	21	0	0	21	31104	460	16384	3	1	460,562,818
1290	93	2	3	4	1	1	1	0	21	0	0	21	31104	460	16384	3	1	460,562,818
1290	94	1	1	5	1	1	1	0	21	0	0	21	31104	460	16384	4	1	460
1290	103	2	4	4	1	0	0	1	22	0	0	22	32256	1008	0	4	0	816,880,944,1008
1290	107	2	4	4	1	0	0	1	22	0	0	22	32256	1008	0	4	0	816,880,944,1008
1290	109	1	1	5	1	1	1	0	22	0	0	22	32256	880	4096	4	1	880
1290	110	2	2	4	1	0	0	1	22	0	0	22	32256	1008	0	4	0	880,1008
1290	115	1	1	5	1	1	1	0	22	0	0	22	32256	944	2048	4	1	944
1290	117	2	4	4	1	0	0	1	22	0	0	22	32256	1008	0	4	0	816,880,944,1008
1290	118	2	2	4	1	0	0	1	22	0	0	22	32256	1008	0	4	0	944,1008
1290	121	2	4	4	1	0	0	1	22	0	0	22	32256	1008	0	4	0	816,880,944,1008
1290	122	2	2	4	1	0	0	1	22	0	0	22	32256	1008	0	4	0	944,1008
1290	124	2	2	4	1	0	0	1	22	0	0	22	32256	1008	0	4	0	880,1008
1290	143	2	3	4	1	0	0	1	21	0	0	21	31104	968	0	4	0	456,566,968
1290	151	2	3	4	1	0	0	1	21	0	0	21	31104	968	0	4	0	456,566,968
1290	155	2	3	4	1	0	0	1	21	0	0	21	31104	968	0	4	0	456,566,968
1290	157	2	3	4	1	0	0	1	21	0	0	21	31104	968	0	4	0	456,566,968
1290	158	1	2	5	1	0	0	1	21	0	0	21	31104	968	0	5	0	456,968
1290	167	3	3	3	1	0	0	2	20	1	1	22	31104	968	0	3	0	820,968,1008
1290	171	3	3	3	1	0	0	2	20	1	1	22	31104	968	0	3	0	820,968,1008
1290	173	3	10	3	1	0	0	2	20	1	1	22	31104	968	0	3	0	820,848,852,856,880,884,968,976,984,1008
1290	174	2	1	4	1	0	0	1	20	1	1	22	31104	968	0	4	0	968
1290	179	3	10	3	1	0	0	2	20	1	1	22	31104	968	0	3	0	820,928,932,936,944,948,968,992,1000,1008
1290	181	3	3	3	1	0	0	2	20	1	1	22	31104	968	0	3	0	820,968,1008
1290	182	2	1	4	1	0	0	1	20	1	1	22	31104	968	0	4	0	968
1290	185	3	3	3	1	0	0	2	20	1	1	22	31104	968	0	3	0	820,968,1008
1290	186	2	1	4	1	0	0	1	20	1	1	22	31104	968	0	4	0	968
1290	188	2	1	4	1	0	0	1	20	1	1	22	31104	968	0	4	0	968
1290	199	3	3	3	1	0	0	2	20	1	1	22	31104	968	0	3	0	820,968,1008
1290	203	3	3	3	1	0	0	2	20	1	1	22	31104	968	0	3	0	820,968,1008
1290	205	3	10	3	1	0	0	2	20	1	1	22	31104	968	0	3	0	820,848,852,856,880,884,968,976,984,1008
1290	206	2	1	4	1	0	0	1	20	1	1	22	31104	968	0	4	0	968
1290	211	3	10	3	1	0	0	2	20	1	1	22	31104	968	0	3	0	820,928,932,936,944,948,968,992,1000,1008
1290	213	3	3	3	1	0	0	2	20	1	1	22	31104	968	0	3	0	820,968,1008
1290	214	2	1	4	1	0	0	1	20	1	1	22	31104	968	0	4	0	968
1290	217	3	3	3	1	0	0	2	20	1	1	22	31104	968	0	3	0	820,968,1008
1290	218	2	1	4	1	0	0	1	20	1	1	22	31104	968	0	4	0	968
1290	220	2	1	4	1	0	0	1	20	1	1	22	31104	968	0	4	0	968
1290	227	2	2	4	1	0	0	1	19	3	2	23	32256	1008	0	4	0	944,1008
1290	229	2	2	4	1	0	0	1	19	3	2	23	32256	1008	0	4	0	880,1008
1290	230	2	1	4	1	0	0	1	19	3	2	23	32256	1008	0	4	0	1008
1290	233	2	2	4	1	0	0	1	19	3	2	23	32256	1008	0	4	0	880,1008
1290	234	2	1	4	1	0	0	1	19	3	2	23	32256	1008	0	4	0	1008
1290	236	2	4	4	1	0	0	1	19	3	2	23	32256	1008	0	4	0	848,880,976,1008
1290	241	2	2	4	1	0	0	1	19	3	2	23	32256	1008	0	4	0	944,1008
1290	242	2	4	4	1	0	0	1	19	3	2	23	32256	1008	0	4	0	928,944,992,1008
1290	244	2	1	4	1	0	0	1	19	3	2	23	32256	1008	0	4	0	1008
1290	248	2	1	4	1	0	0	1	19	3	2	23	32256	1008	0	4	0	1008
1290	271	2	3	4	1	0	0	1	21	0	0	21	31104	968	0	4	0	456,566,968
1290	279	2	3	4	1	0	0	1	21	0	0	21	31104	968	0	4	0	456,566,968
1290	283	2	3	4	1	0	0	1	21	0	0	21	31104	968	0	4	0	456,566,968
1290	285	2	3	4	1	0	0	1	21	0	0	21	31104	968	0	4	0	456,566,968
1290	286	1	2	5	1	0	0	1	21	0	0	21	31104	968	0	5	0	456,968
1290	295	3	3	3	1	0	0	2	20	1	1	22	31104	968	0	3	0	820,968,1008
1290	299	3	3	3	1	0	0	2	20	1	1	22	31104	968	0	3	0	820,968,1008
1290	301	3	10	3	1	0	0	2	20	1	1	22	31104	968	0	3	0	820,848,852,856,880,884,968,976,984,1008
1290	302	2	1	4	1	0	0	1	20	1	1	22	31104	968	0	4	0	968
1290	307	3	10	3	1	0	0	2	20	1	1	22	31104	968	0	3	0	820,928,932,936,944,948,968,992,1000,1008
1290	309	3	3	3	1	0	0	2	20	1	1	22	31104	968	0	3	0	820,968,1008
1290	310	2	1	4	1	0	0	1	20	1	1	22	31104	968	0	4	0	968
1290	313	3	3	3	1	0	0	2	20	1	1	22	31104	968	0	3	0	820,968,1008
1290	314	2	1	4	1	0	0	1	20	1	1	22	31104	968	0	4	0	968
1290	316	2	1	4	1	0	0	1	20	1	1	22	31104	968	0	4	0	968
1290	327	3	3	3	1	0	0	2	20	1	1	22	31104	968	0	3	0	820,968,1008
1290	331	3	3	3	1	0	0	2	20	1	1	22	31104	968	0	3	0	820,968,1008
1290	333	3	10	3	1	0	0	2	20	1	1	22	31104	968	0	3	0	820,848,852,856,880,884,968,976,984,1008
1290	334	2	1	4	1	0	0	1	20	1	1	22	31104	968	0	4	0	968
1290	339	3	10	3	1	0	0	2	20	1	1	22	31104	968	0	3	0	820,928,932,936,944,948,968,992,1000,1008
1290	341	3	3	3	1	0	0	2	20	1	1	22	31104	968	0	3	0	820,968,1008
1290	342	2	1	4	1	0	0	1	20	1	1	22	31104	968	0	4	0	968
1290	345	3	3	3	1	0	0	2	20	1	1	22	31104	968	0	3	0	820,968,1008
1290	346	2	1	4	1	0	0	1	20	1	1	22	31104	968	0	4	0	968
1290	348	2	1	4	1	0	0	1	20	1	1	22	31104	968	0	4	0	968
1290	355	2	2	4	1	0	0	1	19	3	2	23	32256	1008	0	4	0	944,1008
1290	357	2	2	4	1	0	0	1	19	3	2	23	32256	1008	0	4	0	880,1008
1290	358	2	1	4	1	0	0	1	19	3	2	23	32256	1008	0	4	0	1008
1290	361	2	2	4	1	0	0	1	19	3	2	23	32256	1008	0	4	0	880,1008
1290	362	2	1	4	1	0	0	1	19	3	2	23	32256	1008	0	4	0	1008
1290	364	2	4	4	1	0	0	1	19	3	2	23	32256	1008	0	4	0	848,880,976,1008
1290	369	2	2	4	1	0	0	1	19	3	2	23	32256	1008	0	4	0	944,1008
1290	370	2	4	4	1	0	0	1	19	3	2	23	32256	1008	0	4	0	928,944,992,1008
1290	372	2	1	4	1	0	0	1	19	3	2	23	32256	1008	0	4	0	1008
1290	376	2	1	4	1	0	0	1	19	3	2	23	32256	1008	0	4	0	1008
1290	391	2	4	4	1	0	0	2	22	0	0	22	31104	960	0	4	0	960,976,992,1008
1290	395	2	4	4	1	0	0	2	22	0	0	22	31104	960	0	4	0	960,976,992,1008
1290	397	1	1	5	1	1	1	0	22	0	0	22	31104	976	512	4	1	976
1290	398	1	2	5	1	0	0	1	22	0	0	22	31104	960	0	5	0	960,976
1290	403	1	1	5	1	1	1	0	22	0	0	22	31104	992	1024	4	1	992
1290	405	2	4	4	1	0	0	2	22	0	0	22	31104	960	0	4	0	960,976,992,1008
1290	406	1	2	5	1	0	0	1	22	0	0	22	31104	960	0	5	0	960,992
1290	409	2	4	4	1	0	0	2	22	0	0	22	31104	960	0	4	0	960,976,992,1008
1290	410	1	2	5	1	0	0	1	22	0	0	22	31104	960	0	5	0	960,992
1290	412	1	2	5	1	0	0	1	22	0	0	22	31104	960	0	5	0	960,976
1290	419	2	2	4	1	0	0	1	19	3	2	23	32256	1008	0	4	0	992,1008
1290	421	2	2	4	1	0	0	1	19	3	2	23	32256	1008	0	4	0	976,1008
1290	422	2	4	4	1	0	0	2	19	3	2	23	31104	960	0	4	0	960,976,992,1008
1290	425	2	2	4	1	0	0	1	19	3	2	23	32256	1008	0	4	0	976,1008
1290	426	2	4	4	1	0	0	2	19	3	2	23	31104	960	0	4	0	960,976,992,1008
1290	428	1	1	5	1	1	1	0	19	3	2	23	31104	976	512	4	1	976
1290	433	2	2	4	1	0	0	1	19	3	2	23	32256	1008	0	4	0	992,1008
1290	434	1	1	5	1	1	1	0	19	3	2	23	31104	992	1024	4	1	992
1290	436	2	4	4	1	0	0	2	19	3	2	23	31104	960	0	4	0	960,976,992,1008
1290	440	2	4	4	1	0	0	2	19	3	2	23	31104	960	0	4	0	960,976,992,1008
1290	451	2	2	4	1	0	0	1	19	3	2	23	32256	1008	0	4	0	992,1008
1290	453	2	2	4	1	0	0	1	19	3	2	23	32256	1008	0	4	0	976,1008
1290	454	2	4	4	1	0	0	2	19	3	2	23	31104	960	0	4	0	960,976,992,1008
1290	457	2	2	4	1	0	0	1	19	3	2	23	32256	1008	0	4	0	976,1008
1290	458	2	4	4	1	0	0	2	19	3	2	23	31104	960	0	4	0	960,976,992,1008
1290	460	1	1	5	1	1	1	0	19	3	2	23	31104	976	512	4	1	976
1290	465	2	2	4	1	0	0	1	19	3	2	23	32256	1008	0	4	0	992,1008
1290	466	1	1	5	1	1	1	0	19	3	2	23	31104	992	1024	4	1	992
1290	468	2	4	4	1	0	0	2	19	3	2	23	31104	960	0	4	0	960,976,992,1008
1290	472	2	4	4	1	0	0	2	19	3	2	23	31104	960	0	4	0	960,976,992,1008
1290	481	2	1	4	1	0	0	1	16	30	4	24	32256	1008	0	4	0	1008
1290	482	2	2	4	1	0	0	1	16	30	4	24	32256	1008	0	4	0	992,1008
1290	484	2	2	4	1	0	0	1	16	30	4	24	32256	1008	0	4	0	976,1008
1290	488	2	2	4	1	0	0	1	16	30	4	24	32256	1008	0	4	0	976,1008
1290	496	2	2	4	1	0	0	1	16	30	4	24	32256	1008	0	4	0	992,1008
1290	527	1	1	5	1	1	1	0	19	1	1	21	31104	472	16384	4	1	472
1290	535	2	2	4	1	1	1	0	17	3	2	21	31104	472	16384	3	1	472,550
1290	539	2	2	4	1	1	1	0	17	3	2	21	31104	472	16384	3	1	472,550
1290	541	1	1	5	1	1	1	0	19	1	1	21	31104	472	16384	4	1	472
1290	542	1	1	5	1	1	1	0	17	3	2	21	31104	472	16384	4	1	472
1290	551	3	7	3	1	0	0	2	20	1	1	22	31104	984	0	3	0	472,550,678,804,932,984,992
1290	555	3	7	3	1	0	0	2	20	1	1	22	31104	984	0	3	0	472,550,678,804,932,984,992
1290	557	2	2	4	1	0	0	1	22	0	0	22	31104	984	0	4	0	472,984
1290	558	2	2	4	1	0	0	1	20	1	1	22	31104	984	0	4	0	472,984
1290	563	2	1	4	1	1	2	0	18	3	2	22	32256	932	2112	3	1	932
1290	565	3	7	3	1	0	0	2	20	1	1	22	31104	984	0	3	0	346,472,474,804,932,984,992
1290	566	3	5	3	1	0	0	2	18	3	2	22	31104	984	0	3	0	472,474,932,984,992
1290	569	3	7	3	1	0	0	2	20	1	1	22	31104	984	0	3	0	346,472,474,804,932,984,992
1290	570	3	5	3	1	0	0	2	18	3	2	22	31104	984	0	3	0	472,474,932,984,992
1290	572	2	2	4	1	0	0	1	20	1	1	22	31104	984	0	4	0	472,984
1290	583	3	7	3	1	0	0	2	20	1	1	22	31104	984	0	3	0	472,550,678,804,932,984,992
1290	587	3	7	3	1	0	0	2	20	1	1	22	31104	984	0	3	0	472,550,678,804,932,984,992
1290	589	2	2	4	1	0	0	1	22	0	0	22	31104	984	0	4	0	472,984
1290	590	2	2	4	1	0	0	1	20	1	1	22	31104	984	0	4	0	472,984
1290	595	2	1	4	1	1	2	0	18	3	2	22	32256	932	2080	3	1	932
1290	597	3	7	3	1	0	0	2	20	1	1	22	31104	984	0	3	0	346,472,474,804,932,984,992
1290	598	3	5	3	1	0	0	2	18	3	2	22	31104	984	0	3	0	472,474,932,984,992
1290	601	3	7	3	1	0	0	2	20	1	1	22	31104	984	0	3	0	346,472,474,804,932,984,992
1290	602	3	5	3	1	0	0	2	18	3	2	22	31104	984	0	3	0	472,474,932,984,992
1290	604	2	2	4	1	0	0	1	20	1	1	22	31104	984	0	4	0	472,984
1290	611	1	2	5	1	0	0	1	21	1	1	23	32256	992	0	5	0	928,992
1290	613	1	1	5	1	0	0	1	23	0	0	23	32256	992	0	5	0	992
1290	614	1	1	5	1	0	0	1	21	1	1	23	32256	992	0	5	0	992
1290	617	1	1	5	1	0	0	1	23	0	0	23	32256	992	0	5	0	992
1290	618	1	1	5	1	0	0	1	21	1	1	23	32256	992	0	5	0	992
1290	620	1	1	5	1	0	0	1	23	0	0	23	32256	992	0	5	0	992
1290	625	1	2	5	1	0	0	1	21	1	1	23	32256	992	0	5	0	928,992
1290	626	1	2	5	1	0	0	1	19	3	2	23	32256	992	0	5	0	928,992
1290	628	1	1	5	1	0	0	1	21	1	1	23	32256	992	0	5	0	992
1290	632	1	1	5	1	0	0	1	21	1	1	23	32256	992	0	5	0	992
1290	647	2	1	4	1	0	0	1	18	3	2	22	31104	976	0	4	0	976
1290	651	2	1	4	1	0	0	1	18	3	2	22	31104	976	0	4	0	976
1290	653	1	1	5	1	0	0	1	20	1	1	22	31104	976	0	5	0	976
1290	654	1	1	5	1	0	0	1	18	3	2	22	31104	976	0	5	0	976
1290	659	3	3	3	1	0	0	2	16	11	3	22	31104	976	0	3	0	976,992,1008
1290	661	2	1	4	1	0	0	1	18	3	2	22	31104	976	0	4	0	976
1290	662	2	1	4	1	0	0	1	16	11	3	22	31104	976	0	4	0	976
1290	665	2	1	4	1	0	0	1	18	3	2	22	31104	976	0	4	0	976
1290	666	2	1	4	1	0	0	1	16	11	3	22	31104	976	0	4	0	976
1290	668	1	1	5	1	0	0	1	18	3	2	22	31104	976	0	5	0	976
1290	675	2	1	4	1	0	0	1	17	13	3	23	32256	992	0	4	0	992
1290	677	2	2	4	1	0	0	2	19	3	2	23	31104	976	0	4	0	976,992
1290	678	2	2	4	1	0	0	2	17	13	3	23	31104	976	0	4	0	976,992
1290	681	2	2	4	1	0	0	2	19	3	2	23	31104	976	0	4	0	976,992
1290	682	2	2	4	1	0	0	2	17	13	3	23	31104	976	0	4	0	976,992
1290	684	1	1	5	1	0	0	1	19	3	2	23	31104	976	0	5	0	976
1290	689	2	1	4	1	0	0	1	17	13	3	23	32256	992	0	4	0	992
1290	690	2	1	4	1	0	0	1	15	77	4	23	32256	992	0	4	0	992
1290	692	2	2	4	1	0	0	2	17	13	3	23	31104	976	0	4	0	976,992
1290	696	2	2	4	1	0	0	2	17	13	3	23	31104	976	0	4	0	976,992
1290	707	2	1	4	1	0	0	1	17	13	3	23	32256	992	0	4	0	992
1290	709	2	2	4	1	0	0	2	19	3	2	23	31104	976	0	4	0	976,992
1290	710	2	2	4	1	0	0	2	17	13	3	23	31104	976	0	4	0	976,992
1290	713	2	2	4	1	0	0	2	19	3	2	23	31104	976	0	4	0	976,992
1290	714	2	2	4	1	0	0	2	17	13	3	23	31104	976	0	4	0	976,992
1290	716	1	1	5	1	0	0	1	19	3	2	23	31104	976	0	5	0	976
1290	721	2	1	4	1	0	0	1	17	13	3	23	32256	992	0	4	0	992
1290	722	2	1	4	1	0	0	1	15	77	4	23	32256	992	0	4	0	992
1290	724	2	2	4	1	0	0	2	17	13	3	23	31104	976	0	4	0	976,992
1290	728	2	2	4	1	0	0	2	17	13	3	23	31104	976	0	4	0	976,992
1290	737	1	1	5	1	0	0	1	18	11	3	24	32256	992	0	5	0	992
1290	738	1	1	5	1	0	0	1	16	77	4	24	32256	992	0	5	0	992
1290	740	1	1	5	1	0	0	1	18	11	3	24	32256	992	0	5	0	992
1290	744	1	1	5	1	0	0	1	18	11	3	24	32256	992	0	5	0	992
1290	752	1	1	5	1	0	0	1	16	77	4	24	32256	992	0	5	0	992
1290	775	2	1	4	1	0	0	1	18	3	2	22	31104	976	0	4	0	976
1290	779	2	1	4	1	0	0	1	18	3	2	22	31104	976	0	4	0	976
1290	781	1	1	5	1	0	0	1	20	1	1	22	31104	976	0	5	0	976
1290	782	1	1	5	1	0	0	1	18	3	2	22	31104	976	0	5	0	976
1290	787	3	3	3	1	0	0	2	16	11	3	22	31104	976	0	3	0	976,992,1008
1290	789	2	1	4	1	0	0	1	18	3	2	22	31104	976	0	4	0	976
1290	790	2	1	4	1	0	0	1	16	11	3	22	31104	976	0	4	0	976
1290	793	2	1	4	1	0	0	1	18	3	2	22	31104	976	0	4	0	976
1290	794	2	1	4	1	0	0	1	16	11	3	22	31104	976	0	4	0	976
1290	796	1	1	5	1	0	0	1	18	3	2	22	31104	976	0	5	0	976
1290	803	2	1	4	1	0	0	1	17	13	3	23	32256	992	0	4	0	992
1290	805	2	2	4	1	0	0	2	19	3	2	23	31104	976	0	4	0	976,992
1290	806	2	2	4	1	0	0	2	17	13	3	23	31104	976	0	4	0	976,992
1290	809	2	2	4	1	0	0	2	19	3	2	23	31104	976	0	4	0	976,992
1290	810	2	2	4	1	0	0	2	17	13	3	23	31104	976	0	4	0	976,992
1290	812	1	1	5	1	0	0	1	19	3	2	23	31104	976	0	5	0	976
1290	817	2	1	4	1	0	0	1	17	13	3	23	32256	992	0	4	0	992
1290	818	2	1	4	1	0	0	1	15	77	4	23	32256	992	0	4	0	992
1290	820	2	2	4	1	0	0	2	17	13	3	23	31104	976	0	4	0	976,992
1290	824	2	2	4	1	0	0	2	17	13	3	23	31104	976	0	4	0	976,992
1290	835	2	1	4	1	0	0	1	17	13	3	23	32256	992	0	4	0	992
1290	837	2	2	4	1	0	0	2	19	3	2	23	31104	976	0	4	0	976,992
1290	838	2	2	4	1	0	0	2	17	13	3	23	31104	976	0	4	0	976,992
1290	841	2	2	4	1	0	0	2	19	3	2	23	31104	976	0	4	0	976,992
1290	842	2	2	4	1	0	0	2	17	13	3	23	31104	976	0	4	0	976,992
1290	844	1	1	5	1	0	0	1	19	3	2	23	31104	976	0	5	0	976
1290	849	2	1	4	1	0	0	1	17	13	3	23	32256	992	0	4	0	992
1290	850	2	1	4	1	0	0	1	15	77	4	23	32256	992	0	4	0	992
1290	852	2	2	4	1	0	0	2	17	13	3	23	31104	976	0	4	0	976,992
1290	856	2	2	4	1	0	0	2	17	13	3	23	31104	976	0	4	0	976,992
1290	865	1	1	5	1	0	0	1	18	11	3	24	32256	992	0	5	0	992
1290	866	1	1	5	1	0	0	1	16	77	4	24	32256	992	0	5	0	992
1290	868	1	1	5	1	0	0	1	18	11	3	24	32256	992	0	5	0	992
1290	872	1	1	5	1	0	0	1	18	11	3	24	32256	992	0	5	0	992
1290	880	1	1	5	1	0	0	1	16	77	4	24	32256	992	0	5	0	992
1290	899	1	1	5	1	0	0	1	17	11	3	23	32256	992	0	5	0	992
1290	901	1	2	5	1	0	0	2	19	3	2	23	31104	960	0	5	0	960,992
1290	902	1	2	5	1	0	0	2	17	11	3	23	31104	960	0	5	0	960,992
1290	905	1	2	5	1	0	0	2	19	3	2	23	31104	960	0	5	0	960,992
1290	906	1	2	5	1	0	0	2	17	11	3	23	31104	960	0	5	0	960,992
1290	908	0	1	6	0	0	0	1	19	3	2	23	31104	960	0	6	0	960
1290	913	1	1	5	1	0	0	1	17	11	3	23	32256	992	0	5	0	992
1290	914	1	1	5	1	0	0	1	15	75	4	23	32256	992	0	5	0	992
1290	916	1	2	5	1	0	0	2	17	11	3	23	31104	960	0	5	0	960,992
1290	920	1	2	5	1	0	0	2	17	11	3	23	31104	960	0	5	0	960,992
1290	929	1	1	5	1	0	0	1	16	30	4	24	32256	992	0	5	0	992
1290	930	1	1	5	1	0	0	1	14	94	5	24	32256	992	0	5	0	992
1290	932	1	2	5	1	0	0	2	16	30	4	24	31104	960	0	5	0	960,992
1290	936	1	2	5	1	0	0	2	16	30	4	24	31104	960	0	5	0	960,992
1290	944	1	1	5	1	0	0	1	14	94	5	24	32256	992	0	5	0	992
1290	961	1	1	5	1	0	0	1	16	30	4	24	32256	992	0	5	0	992
1290	962	1	1	5	1	0	0	1	14	94	5	24	32256	992	0	5	0	992
1290	964	1	2	5	1	0	0	2	16	30	4	24	31104	960	0	5	0	960,992
1290	968	1	2	5	1	0	0	2	16	30	4	24	31104	960	0	5	0	960,992
1290	976	1	1	5	1	0	0	1	14	94	5	24	32256	992	0	5	0	992
1290	992	1	1	5	1	0	0	1	13	222	6	25	32256	992	0	5	0	992
1290	1039	2	2	4	1	1	1	0	17	3	2	21	31104	472	16384	3	1	472,550
1290	1047	1	1	5	1	1	1	0	19	1	1	21	31104	472	16384	4	1	472
1290	1051	1	1	5	1	1	1	0	19	1	1	21	31104	472	16384	4	1	472
1290	1053	2	2	4	1	1	1	0	17	3	2	21	31104	472	16384	3	1	472,550
1290	1054	1	1	5	1	1	1	0	17	3	2	21	31104	472	16384	4	1	472
1290	1063	3	7	3	1	0	0	2	20	1	1	22	31104	984	0	3	0	410,472,474,804,868,984,992
1290	1067	3	7	3	1	0	0	2	20	1	1	22	31104	984	0	3	0	410,472,474,804,868,984,992
1290	1069	2	1	4	1	1	2	0	18	3	2	22	32256	868	4160	3	1	868
1290	1070	3	5	3	1	0	0	2	18	3	2	22	31104	984	0	3	0	472,474,868,984,992
1290	1075	2	2	4	1	0	0	1	22	0	0	22	31104	984	0	4	0	472,984
1290	1077	3	7	3	1	0	0	2	20	1	1	22	31104	984	0	3	0	472,550,614,804,868,984,992
1290	1078	2	2	4	1	0	0	1	20	1	1	22	31104	984	0	4	0	472,984
1290	1081	3	7	3	1	0	0	2	20	1	1	22	31104	984	0	3	0	472,550,614,804,868,984,992
1290	1082	2	2	4	1	0	0	1	20	1	1	22	31104	984	0	4	0	472,984
1290	1084	3	5	3	1	0	0	2	18	3	2	22	31104	984	0	3	0	472,474,868,984,992
1290	1095	3	7	3	1	0	0	2	20	1	1	22	31104	984	0	3	0	410,472,474,804,868,984,992
1290	1099	3	7	3	1	0	0	2	20	1	1	22	31104	984	0	3	0	410,472,474,804,868,984,992
1290	1101	2	1	4	1	1	2	0	18	3	2	22	32256	868	4128	3	1	868
1290	1102	3	5	3	1	0	0	2	18	3	2	22	31104	984	0	3	0	472,474,868,984,992
1290	1107	2	2	4	1	0	0	1	22	0	0	22	31104	984	0	4	0	472,984
1290	1109	3	7	3	1	0	0	2	20	1	1	22	31104	984	0	3	0	472,550,614,804,868,984,992
1290	1110	2	2	4	1	0	0	1	20	1	1	22	31104	984	0	4	0	472,984
1290	1113	3	7	3	1	0	0	2	20	1	1	22	31104	984	0	3	0	472,550,614,804,868,984,992
1290	1114	2	2	4	1	0	0	1	20	1	1	22	31104	984	0	4	0	472,984
1290	1116	3	5	3	1	0	0	2	18	3	2	22	31104	984	0	3	0	472,474,868,984,992
1290	1123	1	1	5	1	0	0	1	23	0	0	23	32256	992	0	5	0	992
1290	1125	1	2	5	1	0	0	1	21	1	1	23	32256	992	0	5	0	864,992
1290	1126	1	1	5	1	0	0	1	21	1	1	23	32256	992	0	5	0	992
1290	1129	1	2	5	1	0	0	1	21	1	1	23	32256	992	0	5	0	864,992
1290	1130	1	1	5	1	0	0	1	21	1	1	23	32256	992	0	5	0	992
1290	1132	1	2	5	1	0	0	1	19	3	2	23	32256	992	0	5	0	864,992
1290	1137	1	1	5	1	0	0	1	23	0	0	23	32256	992	0	5	0	992
1290	1138	1	1	5	1	0	0	1	23	0	0	23	32256	992	0	5	0	992
1290	1140	1	1	5	1	0	0	1	21	1	1	23	32256	992	0	5	0	992
1290	1144	1	1	5	1	0	0	1	21	1	1	23	32256	992	0	5	0	992
1290	1159	2	1	4	1	0	0	1	18	3	2	22	31104	976	0	4	0	976
1290	1163	2	1	4	1	0	0	1	18	3	2	22	31104	976	0	4	0	976
1290	1165	3	3	3	1	0	0	2	16	11	3	22	31104	976	0	3	0	976,992,1008
1290	1166	2	1	4	1	0	0	1	16	11	3	22	31104	976	0	4	0	976
1290	1171	1	1	5	1	0	0	1	20	1	1	22	31104	976	0	5	0	976
1290	1173	2	1	4	1	0	0	1	18	3	2	22	31104	976	0	4	0	976
1290	1174	1	1	5	1	0	0	1	18	3	2	22	31104	976	0	5	0	976
1290	1177	2	1	4	1	0	0	1	18	3	2	22	31104	976	0	4	0	976
1290	1178	1	1	5	1	0	0	1	18	3	2	22	31104	976	0	5	0	976
1290	1180	2	1	4	1	0	0	1	16	11	3	22	31104	976	0	4	0	976
1290	1187	2	2	4	1	0	0	2	19	3	2	23	31104	976	0	4	0	976,992
1290	1189	2	1	4	1	0	0	1	17	13	3	23	32256	992	0	4	0	992
1290	1190	2	2	4	1	0	0	2	17	13	3	23	31104	976	0	4	0	976,992
1290	1193	2	1	4	1	0	0	1	17	13	3	23	32256	992	0	4	0	992
1290	1194	2	2	4	1	0	0	2	17	13	3	23	31104	976	0	4	0	976,992
1290	1196	2	1	4	1	0	0	1	15	77	4	23	32256	992	0	4	0	992
1290	1201	2	2	4	1	0	0	2	19	3	2	23	31104	976	0	4	0	976,992
1290	1202	1	1	5	1	0	0	1	19	3	2	23	31104	976	0	5	0	976
1290	1204	2	2	4	1	0	0	2	17	13	3	23	31104	976	0	4	0	976,992
1290	1208	2	2	4	1	0	0	2	17	13	3	23	31104	976	0	4	0	976,992
1290	1219	2	2	4	1	0	0	2	19	3	2	23	31104	976	0	4	0	976,992
1290	1221	2	1	4	1	0	0	1	17	13	3	23	32256	992	0	4	0	992
1290	1222	2	2	4	1	0	0	2	17	13	3	23	31104	976	0	4	0	976,992
1290	1225	2	1	4	1	0	0	1	17	13	3	23	32256	992	0	4	0	992
1290	1226	2	2	4	1	0	0	2	17	13	3	23	31104	976	0	4	0	976,992
1290	1228	2	1	4	1	0	0	1	15	77	4	23	32256	992	0	4	0	992
1290	1233	2	2	4	1	0	0	2	19	3	2	23	31104	976	0	4	0	976,992
1290	1234	1	1	5	1	0	0	1	19	3	2	23	31104	976	0	5	0	976
1290	1236	2	2	4	1	0	0	2	17	13	3	23	31104	976	0	4	0	976,992
1290	1240	2	2	4	1	0	0	2	17	13	3	23	31104	976	0	4	0	976,992
1290	1249	1	1	5	1	0	0	1	18	11	3	24	32256	992	0	5	0	992
1290	1250	1	1	5	1	0	0	1	18	11	3	24	32256	992	0	5	0	992
1290	1252	1	1	5	1	0	0	1	16	77	4	24	32256	992	0	5	0	992
1290	1256	1	1	5	1	0	0	1	16	77	4	24	32256	992	0	5	0	992
1290	1264	1	1	5	1	0	0	1	18	11	3	24	32256	992	0	5	0	992
1290	1287	2	1	4	1	0	0	1	18	3	2	22	31104	976	0	4	0	976
1290	1291	2	1	4	1	0	0	1	18	3	2	22	31104	976	0	4	0	976
1290	1293	3	3	3	1	0	0	2	16	11	3	22	31104	976	0	3	0	976,992,1008
1290	1294	2	1	4	1	0	0	1	16	11	3	22	31104	976	0	4	0	976
1290	1299	1	1	5	1	0	0	1	20	1	1	22	31104	976	0	5	0	976
1290	1301	2	1	4	1	0	0	1	18	3	2	22	31104	976	0	4	0	976
1290	1302	1	1	5	1	0	0	1	18	3	2	22	31104	976	0	5	0	976
1290	1305	2	1	4	1	0	0	1	18	3	2	22	31104	976	0	4	0	976
1290	1306	1	1	5	1	0	0	1	18	3	2	22	31104	976	0	5	0	976
1290	1308	2	1	4	1	0	0	1	16	11	3	22	31104	976	0	4	0	976
1290	1315	2	2	4	1	0	0	2	19	3	2	23	31104	976	0	4	0	976,992
1290	1317	2	1	4	1	0	0	1	17	13	3	23	32256	992	0	4	0	992
1290	1318	2	2	4	1	0	0	2	17	13	3	23	31104	976	0	4	0	976,992
1290	1321	2	1	4	1	0	0	1	17	13	3	23	32256	992	0	4	0	992
1290	1322	2	2	4	1	0	0	2	17	13	3	23	31104	976	0	4	0	976,992
1290	1324	2	1	4	1	0	0	1	15	77	4	23	32256	992	0	4	0	992
1290	1329	2	2	4	1	0	0	2	19	3	2	23	31104	976	0	4	0	976,992
1290	1330	1	1	5	1	0	0	1	19	3	2	23	31104	976	0	5	0	976
1290	1332	2	2	4	1	0	0	2	17	13	3	23	31104	976	0	4	0	976,992
1290	1336	2	2	4	1	0	0	2	17	13	3	23	31104	976	0	4	0	976,992
1290	1347	2	2	4	1	0	0	2	19	3	2	23	31104	976	0	4	0	976,992
1290	1349	2	1	4	1	0	0	1	17	13	3	23	32256	992	0	4	0	992
1290	1350	2	2	4	1	0	0	2	17	13	3	23	31104	976	0	4	0	976,992
1290	1353	2	1	4	1	0	0	1	17	13	3	23	32256	992	0	4	0	992
1290	1354	2	2	4	1	0	0	2	17	13	3	23	31104	976	0	4	0	976,992
1290	1356	2	1	4	1	0	0	1	15	77	4	23	32256	992	0	4	0	992
1290	1361	2	2	4	1	0	0	2	19	3	2	23	31104	976	0	4	0	976,992
1290	1362	1	1	5	1	0	0	1	19	3	2	23	31104	976	0	5	0	976
1290	1364	2	2	4	1	0	0	2	17	13	3	23	31104	976	0	4	0	976,992
1290	1368	2	2	4	1	0	0	2	17	13	3	23	31104	976	0	4	0	976,992
1290	1377	1	1	5	1	0	0	1	18	11	3	24	32256	992	0	5	0	992
1290	1378	1	1	5	1	0	0	1	18	11	3	24	32256	992	0	5	0	992
1290	1380	1	1	5	1	0	0	1	16	77	4	24	32256	992	0	5	0	992
1290	1384	1	1	5	1	0	0	1	16	77	4	24	32256	992	0	5	0	992
1290	1392	1	1	5	1	0	0	1	18	11	3	24	32256	992	0	5	0	992
1290	1411	1	2	5	1	0	0	2	19	3	2	23	31104	960	0	5	0	960,992
1290	1413	1	1	5	1	0	0	1	17	11	3	23	32256	992	0	5	0	992
1290	1414	1	2	5	1	0	0	2	17	11	3	23	31104	960	0	5	0	960,992
1290	1417	1	1	5	1	0	0	1	17	11	3	23	32256	992	0	5	0	992
1290	1418	1	2	5	1	0	0	2	17	11	3	23	31104	960	0	5	0	960,992
1290	1420	1	1	5	1	0	0	1	15	75	4	23	32256	992	0	5	0	992
1290	1425	1	2	5	1	0	0	2	19	3	2	23	31104	960	0	5	0	960,992
1290	1426	0	1	6	0	0	0	1	19	3	2	23	31104	960	0	6	0	960
1290	1428	1	2	5	1	0	0	2	17	11	3	23	31104	960	0	5	0	960,992
1290	1432	1	2	5	1	0	0	2	17	11	3	23	31104	960	0	5	0	960,992
1290	1441	1	1	5	1	0	0	1	16	30	4	24	32256	992	0	5	0	992
1290	1442	1	2	5	1	0	0	2	16	30	4	24	31104	960	0	5	0	960,992
1290	1444	1	1	5	1	0	0	1	14	94	5	24	32256	992	0	5	0	992
1290	1448	1	1	5	1	0	0	1	14	94	5	24	32256	992	0	5	0	992
1290	1456	1	2	5	1	0	0	2	16	30	4	24	31104	960	0	5	0	960,992
1290	1473	1	1	5	1	0	0	1	16	30	4	24	32256	992	0	5	0	992
1290	1474	1	2	5	1	0	0	2	16	30	4	24	31104	960	0	5	0	960,992
1290	1476	1	1	5	1	0	0	1	14	94	5	24	32256	992	0	5	0	992
1290	1480	1	1	5	1	0	0	1	14	94	5	24	32256	992	0	5	0	992
1290	1488	1	2	5	1	0	0	2	16	30	4	24	31104	960	0	5	0	960,992
1290	1504	1	1	5	1	0	0	1	13	222	6	25	32256	992	0	5	0	992
1290	1543	2	2	4	1	0	0	1	18	12	2	22	31104	1008	0	4	0	496,1008
1290	1547	2	2	4	1	0	0	1	18	12	2	22	31104	1008	0	4	0	496,1008
1290	1549	2	2	4	1	0	0	1	18	3	2	22	31104	1008	0	4	0	496,1008
1290	1550	2	2	4	1	0	0	1	16	76	3	22	31104	1008	0	4	0	496,1008
1290	1555	2	2	4	1	0	0	1	18	3	2	22	31104	1008	0	4	0	496,1008
1290	1557	2	2	4	1	0	0	1	18	12	2	22	31104	1008	0	4	0	496,1008
1290	1558	2	2	4	1	0	0	1	16	76	3	22	31104	1008	0	4	0	496,1008
1290	1561	2	2	4	1	0	0	1	18	12	2	22	31104	1008	0	4	0	496,1008
1290	1562	2	2	4	1	0	0	1	16	76	3	22	31104	1008	0	4	0	496,1008
1290	1564	2	2	4	1	0	0	1	16	76	3	22	31104	1008	0	4	0	496,1008
1290	1571	2	4	4	1	0	0	2	21	1	1	23	31104	1008	0	4	0	960,976,992,1008
1290	1573	2	4	4	1	0	0	2	21	1	1	23	31104	1008	0	4	0	960,976,992,1008
1290	1574	2	4	4	1	0	0	2	19	12	2	23	31104	1008	0	4	0	960,976,992,1008
1290	1577	2	4	4	1	0	0	2	21	1	1	23	31104	1008	0	4	0	960,976,992,1008
1290	1578	2	4	4	1	0	0	2	19	12	2	23	31104	1008	0	4	0	960,976,992,1008
1290	1580	2	4	4	1	0	0	2	19	3	2	23	31104	1008	0	4	0	960,976,992,1008
1290	1585	2	4	4	1	0	0	2	21	1	1	23	31104	1008	0	4	0	960,976,992,1008
1290	1586	2	4	4	1	0	0	2	19	3	2	23	31104	1008	0	4	0	960,976,992,1008
1290	1588	2	4	4	1	0	0	2	19	12	2	23	31104	1008	0	4	0	960,976,992,1008
1290	1592	2	4	4	1	0	0	2	19	12	2	23	31104	1008	0	4	0	960,976,992,1008
1290	1603	2	4	4	1	0	0	2	21	1	1	23	31104	1008	0	4	0	960,976,992,1008
1290	1605	2	4	4	1	0	0	2	21	1	1	23	31104	1008	0	4	0	960,976,992,1008
1290	1606	2	4	4	1	0	0	2	19	12	2	23	31104	1008	0	4	0	960,976,992,1008
1290	1609	2	4	4	1	0	0	2	21	1	1	23	31104	1008	0	4	0	960,976,992,1008
1290	1610	2	4	4	1	0	0	2	19	12	2	23	31104	1008	0	4	0	960,976,992,1008
1290	1612	2	4	4	1	0	0	2	19	3	2	23	31104	1008	0	4	0	960,976,992,1008
1290	1617	2	4	4	1	0	0	2	21	1	1	23	31104	1008	0	4	0	960,976,992,1008
1290	1618	2	4	4	1	0	0	2	19	3	2	23	31104	1008	0	4	0	960,976,992,1008
1290	1620	2	4	4	1	0	0	2	19	12	2	23	31104	1008	0	4	0	960,976,992,1008
1290	1624	2	4	4	1	0	0	2	19	12	2	23	31104	1008	0	4	0	960,976,992,1008
1290	1633	0	1	6	0	0	0	1	24	0	0	24	32256	960	0	6	0	960
1290	1634	0	1	6	0	0	0	1	22	1	1	24	32256	960	0	6	0	960
1290	1636	0	1	6	0	0	0	1	22	1	1	24	32256	960	0	6	0	960
1290	1640	0	1	6	0	0	0	1	22	1	1	24	32256	960	0	6	0	960
1290	1648	0	1	6	0	0	0	1	22	1	1	24	32256	960	0	6	0	960
1290	1667	1	1	5	1	0	0	1	17	13	3	23	31104	992	0	5	0	992
1290	1669	1	1	5	1	0	0	1	17	13	3	23	31104	992	0	5	0	992
1290	1670	1	1	5	1	0	0	1	15	86	4	23	31104	992	0	5	0	992
1290	1673	1	1	5	1	0	0	1	17	13	3	23	31104	992	0	5	0	992
1290	1674	1	1	5	1	0	0	1	15	86	4	23	31104	992	0	5	0	992
1290	1676	1	1	5	1	0	0	1	15	77	4	23	31104	992	0	5	0	992
1290	1681	1	1	5	1	0	0	1	17	13	3	23	31104	992	0	5	0	992
1290	1682	1	1	5	1	0	0	1	15	77	4	23	31104	992	0	5	0	992
1290	1684	1	1	5	1	0	0	1	15	86	4	23	31104	992	0	5	0	992
1290	1688	1	1	5	1	0	0	1	15	86	4	23	31104	992	0	5	0	992
1290	1697	1	2	5	1	0	0	2	18	11	3	24	31104	992	0	5	0	960,992
1290	1698	1	2	5	1	0	0	2	16	77	4	24	31104	992	0	5	0	960,992
1290	1700	1	2	5	1	0	0	2	16	77	4	24	31104	992	0	5	0	960,992
1290	1704	1	2	5	1	0	0	2	16	77	4	24	31104	992	0	5	0	960,992
1290	1712	1	2	5	1	0	0	2	16	77	4	24	31104	992	0	5	0	960,992
1290	1729	1	2	5	1	0	0	2	18	11	3	24	31104	992	0	5	0	960,992
1290	1730	1	2	5	1	0	0	2	16	77	4	24	31104	992	0	5	0	960,992
1290	1732	1	2	5	1	0	0	2	16	77	4	24	31104	992	0	5	0	960,992
1290	1736	1	2	5	1	0	0	2	16	77	4	24	31104	992	0	5	0	960,992
1290	1744	1	2	5	1	0	0	2	16	77	4	24	31104	992	0	5	0	960,992
1290	1760	0	1	6	0	0	0	1	17	75	4	25	32256	960	0	6	0	960
1290	1795	1	1	5	1	0	0	1	17	13	3	23	31104	992	0	5	0	992
1290	1797	1	1	5	1	0	0	1	17	13	3	23	31104	992	0	5	0	992
1290	1798	1	1	5	1	0	0	1	15	86	4	23	31104	992	0	5	0	992
1290	1801	1	1	5	1	0	0	1	17	13	3	23	31104	992	0	5	0	992
1290	1802	1	1	5	1	0	0	1	15	86	4	23	31104	992	0	5	0	992
1290	1804	1	1	5	1	0	0	1	15	77	4	23	31104	992	0	5	0	992
1290	1809	1	1	5	1	0	0	1	17	13	3	23	31104	992	0	5	0	992
1290	1810	1	1	5	1	0	0	1	15	77	4	23	31104	992	0	5	0	992
1290	1812	1	1	5	1	0	0	1	15	86	4	23	31104	992	0	5	0	992
1290	1816	1	1	5	1	0	0	1	15	86	4	23	31104	992	0	5	0	992
1290	1825	1	2	5	1	0	0	2	18	11	3	24	31104	992	0	5	0	960,992
1290	1826	1	2	5	1	0	0	2	16	77	4	24	31104	992	0	5	0	960,992
1290	1828	1	2	5	1	0	0	2	16	77	4	24	31104	992	0	5	0	960,992
1290	1832	1	2	5	1	0	0	2	16	77	4	24	31104	992	0	5	0	960,992
1290	1840	1	2	5	1	0	0	2	16	77	4	24	31104	992	0	5	0	960,992
1290	1857	1	2	5	1	0	0	2	18	11	3	24	31104	992	0	5	0	960,992
1290	1858	1	2	5	1	0	0	2	16	77	4	24	31104	992	0	5	0	960,992
1290	1860	1	2	5	1	0	0	2	16	77	4	24	31104	992	0	5	0	960,992
1290	1864	1	2	5	1	0	0	2	16	77	4	24	31104	992	0	5	0	960,992
1290	1872	1	2	5	1	0	0	2	16	77	4	24	31104	992	0	5	0	960,992
1290	1888	0	1	6	0	0	0	1	17	75	4	25	32256	960	0	6	0	960
1290	1921	0	1	6	0	0	0	2	16	30	4	24	31104	960	0	6	0	960
1290	1922	0	1	6	0	0	0	2	14	94	5	24	31104	960	0	6	0	960
1290	1924	0	1	6	0	0	0	2	14	94	5	24	31104	960	0	6	0	960
1290	1928	0	1	6	0	0	0	2	14	94	5	24	31104	960	0	6	0	960
1290	1936	0	1	6	0	0	0	2	14	94	5	24	31104	960	0	6	0	960
1290	1952	0	1	6	0	0	0	2	13	222	6	25	31104	960	0	6	0	960
1290	1984	0	1	6	0	0	0	2	13	222	6	25	31104	960	0	6	0	960
1290	2063	1	1	5	1	2	2	0	18	3	2	22	31104	409	16400	3	2	614
1290	2071	2	2	4	1	1	1	0	16	11	3	22	31104	408	16384	3	1	408,614
1290	2075	2	2	4	1	1	1	0	16	11	3	22	31104	408	16384	3	1	408,614
1290	2077	1	1	5	1	2	2	0	18	3	2	22	31104	409	16386	3	2	614
1290	2078	1	1	5	1	1	1	0	18	3	2	22	31104	408	16384	4	1	408
1290	2087	2	1	4	1	1	2	0	17	11	3	23	32256	868	4160	3	1	868
1290	2091	2	1	4	1	1	2	0	17	11	3	23	32256	868	4160	3	1	868
1290	2093	1	1	5	1	2	2	0	19	3	2	23	32256	868	4160	3	2	868
1290	2094	2	2	4	1	1	2	0	19	3	2	23	31104	410	16400	3	1	410,868
1290	2099	3	3	3	1	0	0	1	15	75	4	23	32256	992	0	3	0	868,992,996
1290	2101	2	1	4	1	1	2	0	17	11	3	23	32256	868	4160	3	1	868
1290	2102	3	6	3	1	0	0	2	17	11	3	23	31104	920	0	3	0	408,410,868,920,992,996
1290	2105	2	1	4	1	1	2	0	17	11	3	23	32256	868	4160	3	1	868
1290	2106	3	6	3	1	0	0	2	17	11	3	23	31104	920	0	3	0	408,410,868,920,992,996
1290	2108	2	2	4	1	1	2	0	19	3	2	23	31104	410	16386	3	1	410,868
1290	2119	2	1	4	1	1	2	0	17	11	3	23	32256	868	4128	3	1	868
1290	2123	2	1	4	1	1	2	0	17	11	3	23	32256	868	4128	3	1	868
1290	2125	1	1	5	1	2	2	0	19	3	2	23	32256	868	4128	3	2	868
1290	2126	2	2	4	1	1	2	0	19	3	2	23	31104	410	16400	3	1	410,868
1290	2131	3	3	3	1	0	0	1	15	75	4	23	32256	992	0	3	0	868,992,996
1290	2133	2	1	4	1	1	2	0	17	11	3	23	32256	868	4128	3	1	868
1290	2134	3	6	3	1	0	0	2	17	11	3	23	31104	920	0	3	0	408,410,868,920,992,996
1290	2137	2	1	4	1	1	2	0	17	11	3	23	32256	868	4128	3	1	868
1290	2138	3	6	3	1	0	0	2	17	11	3	23	31104	920	0	3	0	408,410,868,920,992,996
1290	2140	2	2	4	1	1	2	0	19	3	2	23	31104	410	16386	3	1	410,868
1290	2147	1	1	5	1	0	0	1	16	75	4	24	32256	992	0	5	0	992
1290	2149	1	2	5	1	0	0	1	18	11	3	24	32256	992	0	5	0	864,992
1290	2150	1	1	5	1	0	0	1	18	11	3	24	32256	992	0	5	0	992
1290	2153	1	2	5	1	0	0	1	18	11	3	24	32256	992	0	5	0	864,992
1290	2154	1	1	5	1	0	0	1	18	11	3	24	32256	992	0	5	0	992
1290	2156	1	2	5	1	0	0	1	20	3	2	24	32256	992	0	5	0	864,992
1290	2161	1	1	5	1	0	0	1	16	75	4	24	32256	992	0	5	0	992
1290	2162	1	1	5	1	0	0	1	16	75	4	24	32256	992	0	5	0	992
1290	2164	1	1	5	1	0	0	1	18	11	3	24	32256	992	0	5	0	992
1290	2168	1	1	5	1	0	0	1	18	11	3	24	32256	992	0	5	0	992
1290	2183	3	7	3	1	0	0	2	19	3	2	23	31104	912	0	3	0	402,466,620,876,912,976,992
1290	2187	3	7	3	1	0	0	2	19	3	2	23	31104	912	0	3	0	402,466,620,876,912,976,992
1290	2189	2	2	4	1	1	3	0	21	1	1	23	31104	403	16402	3	1	620,876
1290	2190	2	2	4	1	0	0	1	21	1	1	23	31104	912	0	4	0	402,912
1290	2195	2	1	4	1	1	1	0	17	11	3	23	31104	976	1024	3	1	976
1290	2197	3	7	3	1	0	0	2	19	3	2	23	31104	912	0	3	0	558,620,622,876,912,976,992
1290	2198	2	2	4	1	0	0	1	19	3	2	23	31104	912	0	4	0	912,976
1290	2201	3	7	3	1	0	0	2	19	3	2	23	31104	912	0	3	0	558,620,622,876,912,976,992
1290	2202	2	2	4	1	0	0	1	19	3	2	23	31104	912	0	4	0	912,976
1290	2204	2	2	4	1	0	0	1	21	1	1	23	31104	912	0	4	0	402,912
1290	2211	2	1	4	1	0	0	1	16	77	4	24	32256	992	0	4	0	992
1290	2213	2	2	4	1	0	0	1	18	13	3	24	32256	992	0	4	0	872,992
1290	2214	2	1	4	1	0	0	1	18	13	3	24	32256	992	0	4	0	992
1290	2217	2	2	4	1	0	0	1	18	13	3	24	32256	992	0	4	0	872,992
1290	2218	2	1	4	1	0	0	1	18	13	3	24	32256	992	0	4	0	992
1290	2220	2	2	4	1	0	0	1	20	3	2	24	32256	992	0	4	0	872,992
1290	2225	2	1	4	1	0	0	1	16	77	4	24	32256	992	0	4	0	992
1290	2226	2	3	4	1	0	0	1	16	77	4	24	32256	992	0	4	0	960,976,992
1290	2228	2	1	4	1	0	0	1	18	13	3	24	32256	992	0	4	0	992
1290	2232	2	1	4	1	0	0	1	18	13	3	24	32256	992	0	4	0	992
1290	2243	2	1	4	1	0	0	1	16	77	4	24	32256	992	0	4	0	992
1290	2245	2	2	4	1	0	0	1	18	13	3	24	32256	992	0	4	0	872,992
1290	2246	2	1	4	1	0	0	1	18	13	3	24	32256	992	0	4	0	992
1290	2249	2	2	4	1	0	0	1	18	13	3	24	32256	992	0	4	0	872,992
1290	2250	2	1	4	1	0	0	1	18	13	3	24	32256	992	0	4	0	992
1290	2252	2	2	4	1	0	0	1	20	3	2	24	32256	992	0	4	0	872,992
1290	2257	2	1	4	1	0	0	1	16	77	4	24	32256	992	0	4	0	992
1290	2258	2	3	4	1	0	0	1	16	77	4	24	32256	992	0	4	0	960,976,992
1290	2260	2	1	4	1	0	0	1	18	13	3	24	32256	992	0	4	0	992
1290	2264	2	1	4	1	0	0	1	18	13	3	24	32256	992	0	4	0	992
1290	2273	1	1	5	1	0	0	1	15	94	5	25	32256	992	0	5	0	992
1290	2274	1	1	5	1	0	0	1	15	94	5	25	32256	992	0	5	0	992
1290	2276	1	1	5	1	0	0	1	17	30	4	25	32256	992	0	5	0	992
1290	2280	1	1	5	1	0	0	1	17	30	4	25	32256	992	0	5	0	992
1290	2288	1	1	5	1	0	0	1	15	94	5	25	32256	992	0	5	0	992
1290	2311	3	7	3	1	0	0	2	19	3	2	23	31104	912	0	3	0	402,466,620,876,912,976,992
1290	2315	3	7	3	1	0	0	2	19	3	2	23	31104	912	0	3	0	402,466,620,876,912,976,992
1290	2317	2	2	4	1	1	3	0	21	1	1	23	31104	403	16402	3	1	620,876
1290	2318	2	2	4	1	0	0	1	21	1	1	23	31104	912	0	4	0	402,912
1290	2323	2	1	4	1	1	1	0	17	11	3	23	31104	976	1024	3	1	976
1290	2325	3	7	3	1	0	0	2	19	3	2	23	31104	912	0	3	0	558,620,622,876,912,976,992
1290	2326	2	2	4	1	0	0	1	19	3	2	23	31104	912	0	4	0	912,976
1290	2329	3	7	3	1	0	0	2	19	3	2	23	31104	912	0	3	0	558,620,622,876,912,976,992
1290	2330	2	2	4	1	0	0	1	19	3	2	23	31104	912	0	4	0	912,976
1290	2332	2	2	4	1	0	0	1	21	1	1	23	31104	912	0	4	0	402,912
1290	2339	2	1	4	1	0	0	1	16	77	4	24	32256	992	0	4	0	992
1290	2341	2	2	4	1	0	0	1	18	13	3	24	32256	992	0	4	0	872,992
1290	2342	2	1	4	1	0	0	1	18	13	3	24	32256	992	0	4	0	992
1290	2345	2	2	4	1	0	0	1	18	13	3	24	32256	992	0	4	0	872,992
1290	2346	2	1	4	1	0	0	1	18	13	3	24	32256	992	0	4	0	992
1290	2348	2	2	4	1	0	0	1	20	3	2	24	32256	992	0	4	0	872,992
1290	2353	2	1	4	1	0	0	1	16	77	4	24	32256	992	0	4	0	992
1290	2354	2	3	4	1	0	0	1	16	77	4	24	32256	992	0	4	0	960,976,992
1290	2356	2	1	4	1	0	0	1	18	13	3	24	32256	992	0	4	0	992
1290	2360	2	1	4	1	0	0	1	18	13	3	24	32256	992	0	4	0	992
1290	2371	2	1	4	1	0	0	1	16	77	4	24	32256	992	0	4	0	992
1290	2373	2	2	4	1	0	0	1	18	13	3	24	32256	992	0	4	0	872,992
1290	2374	2	1	4	1	0	0	1	18	13	3	24	32256	992	0	4	0	992
1290	2377	2	2	4	1	0	0	1	18	13	3	24	32256	992	0	4	0	872,992
1290	2378	2	1	4	1	0	0	1	18	13	3	24	32256	992	0	4	0	992
1290	2380	2	2	4	1	0	0	1	20	3	2	24	32256	992	0	4	0	872,992
1290	2385	2	1	4	1	0	0	1	16	77	4	24	32256	992	0	4	0	992
1290	2386	2	3	4	1	0	0	1	16	77	4	24	32256	992	0	4	0	960,976,992
1290	2388	2	1	4	1	0	0	1	18	13	3	24	32256	992	0	4	0	992
1290	2392	2	1	4	1	0	0	1	18	13	3	24	32256	992	0	4	0	992
1290	2401	1	1	5	1	0	0	1	15	94	5	25	32256	992	0	5	0	992
1290	2402	1	1	5	1	0	0	1	15	94	5	25	32256	992	0	5	0	992
1290	2404	1	1	5	1	0	0	1	17	30	4	25	32256	992	0	5	0	992
1290	2408	1	1	5	1	0	0	1	17	30	4	25	32256	992	0	5	0	992
1290	2416	1	1	5	1	0	0	1	15	94	5	25	32256	992	0	5	0	992
1290	2435	1	2	5	1	0	0	1	20	3	2	24	32256	992	0	5	0	960,992
1290	2437	1	1	5	1	0	0	1	22	1	1	24	32256	992	0	5	0	992
1290	2438	1	2	5	1	0	0	1	22	1	1	24	32256	992	0	5	0	960,992
1290	2441	1	1	5	1	0	0	1	22	1	1	24	32256	992	0	5	0	992
1290	2442	1	2	5	1	0	0	1	22	1	1	24	32256	992	0	5	0	960,992
1290	2444	1	2	5	1	0	0	1	24	0	0	24	32256	992	0	5	0	928,992
1290	2449	1	2	5	1	0	0	1	20	3	2	24	32256	992	0	5	0	960,992
1290	2450	0	1	6	0	1	1	0	20	3	2	24	31104	960	1024	4	2	960
1290	2452	1	2	5	1	0	0	1	22	1	1	24	32256	992	0	5	0	960,992
1290	2456	1	2	5	1	0	0	1	22	1	1	24	32256	992	0	5	0	960,992
1290	2465	1	1	5	1	0	0	1	17	77	4	25	32256	992	0	5	0	992
1290	2466	1	2	5	1	0	0	1	17	77	4	25	32256	992	0	5	0	960,992
1290	2468	1	1	5	1	0	0	1	19	11	3	25	32256	992	0	5	0	992
1290	2472	1	1	5	1	0	0	1	19	11	3	25	32256	992	0	5	0	992
1290	2480	1	2	5	1	0	0	1	17	77	4	25	32256	992	0	5	0	960,992
1290	2497	1	1	5	1	0	0	1	17	77	4	25	32256	992	0	5	0	992
1290	2498	1	2	5	1	0	0	1	17	77	4	25	32256	992	0	5	0	960,992
1290	2500	1	1	5	1	0	0	1	19	11	3	25	32256	992	0	5	0	992
1290	2504	1	1	5	1	0	0	1	19	11	3	25	32256	992	0	5	0	992
1290	2512	1	2	5	1	0	0	1	17	77	4	25	32256	992	0	5	0	960,992
1290	2528	1	1	5	1	0	0	1	14	222	6	26	32256	992	0	5	0	992
1290	2567	3	6	3	1	0	0	1	17	13	3	23	31104	944	0	3	0	432,434,588,590,844,944
1290	2571	3	6	3	1	0	0	1	17	13	3	23	31104	944	0	3	0	432,434,588,590,844,944
1290	2573	2	6	4	1	0	0	1	21	1	1	23	31104	944	0	4	0	432,434,588,590,844,944
1290	2574	2	3	4	1	0	0	1	19	3	2	23	31104	944	0	4	0	432,434,944
1290	2579	4	15	2	1	0	0	2	13	94	5	23	31104	944	0	2	0	432,434,496,588,590,716,844,944,960,964,968,972,976,992,1008
1290	2581	3	6	3	1	0	0	1	17	13	3	23	31104	944	0	3	0	432,434,588,590,844,944
1290	2582	3	3	3	1	0	0	1	15	30	4	23	31104	944	0	3	0	432,434,944
1290	2585	3	6	3	1	0	0	1	17	13	3	23	31104	944	0	3	0	432,434,588,590,844,944
1290	2586	3	3	3	1	0	0	1	15	30	4	23	31104	944	0	3	0	432,434,944
1290	2588	2	3	4	1	0	0	1	19	3	2	23	31104	944	0	4	0	432,434,944
1290	2595	2	2	4	1	0	0	1	16	77	4	24	32256	960	0	4	0	960,968
1290	2597	2	3	4	1	0	0	1	20	3	2	24	32256	960	0	4	0	840,960,968
1290	2598	2	2	4	1	0	0	1	18	13	3	24	32256	960	0	4	0	960,968
1290	2601	2	3	4	1	0	0	1	20	3	2	24	32256	960	0	4	0	840,960,968
1290	2602	2	2	4	1	0	0	1	18	13	3	24	32256	960	0	4	0	960,968
1290	2604	2	4	4	1	0	0	2	22	1	1	24	31104	944	0	4	0	840,944,960,968
1290	2609	2	2	4	1	0	0	1	16	77	4	24	32256	960	0	4	0	960,968
1290	2610	2	2	4	1	0	0	1	14	94	5	24	32256	960	0	4	0	960,968
1290	2612	2	2	4	1	0	0	1	18	13	3	24	32256	960	0	4	0	960,968
1290	2616	2	2	4	1	0	0	1	18	13	3	24	32256	960	0	4	0	960,968
1290	2627	2	2	4	1	0	0	1	16	77	4	24	32256	960	0	4	0	960,968
1290	2629	2	3	4	1	0	0	1	20	3	2	24	32256	960	0	4	0	840,960,968
1290	2630	2	2	4	1	0	0	1	18	13	3	24	32256	960	0	4	0	960,968
1290	2633	2	3	4	1	0	0	1	20	3	2	24	32256	960	0	4	0	840,960,968
1290	2634	2	2	4	1	0	0	1	18	13	3	24	32256	960	0	4	0	960,968
1290	2636	2	4	4	1	0	0	2	22	1	1	24	31104	944	0	4	0	840,944,960,968
1290	2641	2	2	4	1	0	0	1	16	77	4	24	32256	960	0	4	0	960,968
1290	2642	2	2	4	1	0	0	1	14	94	5	24	32256	960	0	4	0	960,968
1290	2644	2	2	4	1	0	0	1	18	13	3	24	32256	960	0	4	0	960,968
1290	2648	2	2	4	1	0	0	1	18	13	3	24	32256	960	0	4	0	960,968
1290	2657	0	1	6	0	0	0	1	19	11	3	25	32256	960	0	6	0	960
1290	2658	0	1	6	0	0	0	1	17	77	4	25	32256	960	0	6	0	960
1290	2660	0	1	6	0	0	0	1	21	3	2	25	32256	960	0	6	0	960
1290	2664	0	1	6	0	0	0	1	21	3	2	25	32256	960	0	6	0	960
1290	2672	0	1	6	0	0	0	1	17	77	4	25	32256	960	0	6	0	960
1290	2691	2	2	4	1	0	0	1	16	86	4	24	32256	960	0	4	0	960,992
1290	2693	2	3	4	1	0	0	2	20	12	2	24	31104	928	0	4	0	928,960,992
1290	2694	2	3	4	1	0	0	2	18	13	3	24	31104	928	0	4	0	928,960,992
1290	2697	2	3	4	1	0	0	2	20	12	2	24	31104	928	0	4	0	928,960,992
1290	2698	2	3	4	1	0	0	2	18	13	3	24	31104	928	0	4	0	928,960,992
1290	2700	1	1	5	1	0	0	1	22	1	1	24	31104	928	0	5	0	928
1290	2705	2	2	4	1	0	0	1	16	86	4	24	32256	960	0	4	0	960,992
1290	2706	2	2	4	1	0	0	1	14	94	5	24	32256	960	0	4	0	960,992
1290	2708	2	3	4	1	0	0	2	18	13	3	24	31104	928	0	4	0	928,960,992
1290	2712	2	3	4	1	0	0	2	18	13	3	24	31104	928	0	4	0	928,960,992
1290	2721	1	1	5	1	0	0	1	17	86	4	25	32256	960	0	5	0	960
1290	2722	1	1	5	1	0	0	1	17	236	5	25	32256	960	0	5	0	960
1290	2724	1	1	5	1	0	0	1	19	13	3	25	32256	960	0	5	0	960
1290	2728	1	1	5	1	0	0	1	19	13	3	25	32256	960	0	5	0	960
1290	2736	1	1	5	1	0	0	1	17	236	5	25	32256	960	0	5	0	960
1290	2753	1	1	5	1	0	0	1	17	86	4	25	32256	960	0	5	0	960
1290	2754	1	1	5	1	0	0	1	17	236	5	25	32256	960	0	5	0	960
1290	2756	1	1	5	1	0	0	1	19	13	3	25	32256	960	0	5	0	960
1290	2760	1	1	5	1	0	0	1	19	13	3	25	32256	960	0	5	0	960
1290	2768	1	1	5	1	0	0	1	17	236	5	25	32256	960	0	5	0	960
1290	2784	0	1	6	0	0	0	1	16	94	5	26	32256	960	0	6	0	960
1290	2819	2	2	4	1	0	0	1	16	86	4	24	32256	960	0	4	0	960,992
1290	2821	2	3	4	1	0	0	2	20	12	2	24	31104	928	0	4	0	928,960,992
1290	2822	2	3	4	1	0	0	2	18	13	3	24	31104	928	0	4	0	928,960,992
1290	2825	2	3	4	1	0	0	2	20	12	2	24	31104	928	0	4	0	928,960,992
1290	2826	2	3	4	1	0	0	2	18	13	3	24	31104	928	0	4	0	928,960,992
1290	2828	1	1	5	1	0	0	1	22	1	1	24	31104	928	0	5	0	928
1290	2833	2	2	4	1	0	0	1	16	86	4	24	32256	960	0	4	0	960,992
1290	2834	2	2	4	1	0	0	1	14	94	5	24	32256	960	0	4	0	960,992
1290	2836	2	3	4	1	0	0	2	18	13	3	24	31104	928	0	4	0	928,960,992
1290	2840	2	3	4	1	0	0	2	18	13	3	24	31104	928	0	4	0	928,960,992
1290	2849	1	1	5	1	0	0	1	17	86	4	25	32256	960	0	5	0	960
1290	2850	1	1	5	1	0	0	1	17	236	5	25	32256	960	0	5	0	960
1290	2852	1	1	5	1	0	0	1	19	13	3	25	32256	960	0	5	0	960
1290	2856	1	1	5	1	0	0	1	19	13	3	25	32256	960	0	5	0	960
1290	2864	1	1	5	1	0	0	1	17	236	5	25	32256	960	0	5	0	960
1290	2881	1	1	5	1	0	0	1	17	86	4	25	32256	960	0	5	0	960
1290	2882	1	1	5	1	0	0	1	17	236	5	25	32256	960	0	5	0	960
1290	2884	1	1	5	1	0	0	1	19	13	3	25	32256	960	0	5	0	960
1290	2888	1	1	5	1	0	0	1	19	13	3	25	32256	960	0	5	0	960
1290	2896	1	1	5	1	0	0	1	17	236	5	25	32256	960	0	5	0	960
1290	2912	0	1	6	0	0	0	1	16	94	5	26	32256	960	0	6	0	960
1290	2945	0	1	6	0	0	0	1	19	76	3	25	32256	960	0	6	0	960
1290	2946	0	1	6	0	0	0	1	17	77	4	25	32256	960	0	6	0	960
1290	2948	0	1	6	0	0	0	1	21	3	2	25	32256	960	0	6	0	960
1290	2952	0	1	6	0	0	0	1	21	3	2	25	32256	960	0	6	0	960
1290	2960	0	1	6	0	0	0	1	17	77	4	25	32256	960	0	6	0	960
1290	2976	0	1	6	0	0	0	1	16	94	5	26	32256	960	0	6	0	960
1290	3008	0	1	6	0	0	0	1	16	94	5	26	32256	960	0	6	0	960
1290	3079	2	1	4	1	1	2	0	15	77	4	23	31104	434	16400	3	1	434
1290	3083	2	1	4	1	1	2	0	15	77	4	23	31104	434	16400	3	1	434
1290	3085	2	2	4	1	2	3	0	15	77	4	23	31104	435	16402	2	2	588,844
1290	3086	2	1	4	1	1	2	0	15	77	4	23	31104	434	16400	3	1	434
1290	3091	2	2	4	1	0	0	1	15	75	4	23	31104	944	0	4	0	432,944
1290	3093	2	1	4	1	1	2	0	15	77	4	23	31104	433	16386	3	1	590
1290	3094	2	2	4	1	0	0	1	15	77	4	23	31104	944	0	4	0	432,944
1290	3097	2	1	4	1	1	2	0	15	77	4	23	31104	433	16386	3	1	590
1290	3098	2	2	4	1	0	0	1	15	77	4	23	31104	944	0	4	0	432,944
1290	3100	2	1	4	1	1	2	0	15	77	4	23	31104	434	16386	3	1	434
1290	3107	3	5	3	1	0	0	2	16	75	4	24	31104	944	0	3	0	436,840,944,960,968
1290	3109	2	1	4	1	1	2	0	16	77	4	24	32256	840	4160	3	1	840
1290	3110	3	5	3	1	0	0	2	16	77	4	24	31104	944	0	3	0	436,840,944,960,968
1290	3113	2	1	4	1	1	2	0	16	77	4	24	32256	840	4160	3	1	840
1290	3114	3	5	3	1	0	0	2	16	77	4	24	31104	944	0	3	0	436,840,944,960,968
1290	3116	2	1	4	1	1	2	0	16	77	4	24	32256	840	4160	3	1	840
1290	3121	3	5	3	1	0	0	2	16	75	4	24	31104	944	0	3	0	590,840,944,960,968
1290	3122	2	1	4	1	0	0	1	16	75	4	24	31104	944	0	4	0	944
1290	3124	3	5	3	1	0	0	2	16	77	4	24	31104	944	0	3	0	434,840,944,960,968
1290	3128	3	5	3	1	0	0	2	16	77	4	24	31104	944	0	3	0	434,840,944,960,968
1290	3139	3	5	3	1	0	0	2	16	75	4	24	31104	944	0	3	0	436,840,944,960,968
1290	3141	2	1	4	1	1	2	0	16	77	4	24	32256	840	4128	3	1	840
1290	3142	3	5	3	1	0	0	2	16	77	4	24	31104	944	0	3	0	436,840,944,960,968
1290	3145	2	1	4	1	1	2	0	16	77	4	24	32256	840	4128	3	1	840
1290	3146	3	5	3	1	0	0	2	16	77	4	24	31104	944	0	3	0	436,840,944,960,968
1290	3148	2	1	4	1	1	2	0	16	77	4	24	32256	840	4128	3	1	840
1290	3153	3	5	3	1	0	0	2	16	75	4	24	31104	944	0	3	0	590,840,944,960,968
1290	3154	2	1	4	1	0	0	1	16	75	4	24	31104	944	0	4	0	944
1290	3156	3	5	3	1	0	0	2	16	77	4	24	31104	944	0	3	0	434,840,944,960,968
1290	3160	3	5	3	1	0	0	2	16	77	4	24	31104	944	0	3	0	434,840,944,960,968
1290	3169	1	1	5	1	0	0	1	17	75	4	25	32256	960	0	5	0	960
1290	3170	1	1	5	1	0	0	1	17	75	4	25	32256	960	0	5	0	960
1290	3172	1	1	5	1	0	0	1	17	77	4	25	32256	960	0	5	0	960
1290	3176	1	1	5	1	0	0	1	17	77	4	25	32256	960	0	5	0	960
1290	3184	1	1	5	1	0	0	1	17	75	4	25	32256	960	0	5	0	960
1290	3203	2	1	4	1	0	0	1	16	77	4	24	31104	928	0	4	0	928
1290	3205	3	5	3	1	0	0	2	16	77	4	24	31104	928	0	3	0	602,856,928,960,992
1290	3206	2	1	4	1	0	0	1	16	77	4	24	31104	928	0	4	0	928
1290	3209	3	5	3	1	0	0	2	16	77	4	24	31104	928	0	3	0	602,856,928,960,992
1290	3210	2	1	4	1	0	0	1	16	77	4	24	31104	928	0	4	0	928
1290	3212	3	5	3	1	0	0	2	16	75	4	24	31104	928	0	3	0	422,856,928,960,992
1290	3217	2	1	4	1	0	0	1	16	77	4	24	31104	928	0	4	0	928
1290	3218	1	1	5	1	0	0	1	16	77	4	24	31104	928	0	5	0	928
1290	3220	2	1	4	1	0	0	1	16	77	4	24	31104	928	0	4	0	928
1290	3224	2	1	4	1	0	0	1	16	77	4	24	31104	928	0	4	0	928
1290	3233	2	1	4	1	0	0	1	15	94	5	25	32256	960	0	4	0	960
1290	3234	2	2	4	1	0	0	2	15	94	5	25	31104	928	0	4	0	928,960
1290	3236	2	1	4	1	0	0	1	15	94	5	25	32256	960	0	4	0	960
1290	3240	2	1	4	1	0	0	1	15	94	5	25	32256	960	0	4	0	960
1290	3248	2	2	4	1	0	0	2	15	94	5	25	31104	928	0	4	0	928,960
1290	3265	2	1	4	1	0	0	1	15	94	5	25	32256	960	0	4	0	960
1290	3266	2	2	4	1	0	0	2	15	94	5	25	31104	928	0	4	0	928,960
1290	3268	2	1	4	1	0	0	1	15	94	5	25	32256	960	0	4	0	960
1290	3272	2	1	4	1	0	0	1	15	94	5	25	32256	960	0	4	0	960
1290	3280	2	2	4	1	0	0	2	15	94	5	25	31104	928	0	4	0	928,960
1290	3296	1	1	5	1	0	0	1	14	222	6	26	32256	960	0	5	0	960
1290	3331	2	1	4	1	0	0	1	16	77	4	24	31104	928	0	4	0	928
1290	3333	3	5	3	1	0	0	2	16	77	4	24	31104	928	0	3	0	602,856,928,960,992
1290	3334	2	1	4	1	0	0	1	16	77	4	24	31104	928	0	4	0	928
1290	3337	3	5	3	1	0	0	2	16	77	4	24	31104	928	0	3	0	602,856,928,960,992
1290	3338	2	1	4	1	0	0	1	16	77	4	24	31104	928	0	4	0	928
1290	3340	3	5	3	1	0	0	2	16	75	4	24	31104	928	0	3	0	422,856,928,960,992
1290	3345	2	1	4	1	0	0	1	16	77	4	24	31104	928	0	4	0	928
1290	3346	1	1	5	1	0	0	1	16	77	4	24	31104	928	0	5	0	928
1290	3348	2	1	4	1	0	0	1	16	77	4	24	31104	928	0	4	0	928
1290	3352	2	1	4	1	0	0	1	16	77	4	24	31104	928	0	4	0	928
1290	3361	2	1	4	1	0	0	1	15	94	5	25	32256	960	0	4	0	960
1290	3362	2	2	4	1	0	0	2	15	94	5	25	31104	928	0	4	0	928,960
1290	3364	2	1	4	1	0	0	1	15	94	5	25	32256	960	0	4	0	960
1290	3368	2	1	4	1	0	0	1	15	94	5	25	32256	960	0	4	0	960
1290	3376	2	2	4	1	0	0	2	15	94	5	25	31104	928	0	4	0	928,960
1290	3393	2	1	4	1	0	0	1	15	94	5	25	32256	960	0	4	0	960
1290	3394	2	2	4	1	0	0	2	15	94	5	25	31104	928	0	4	0	928,960
1290	3396	2	1	4	1	0	0	1	15	94	5	25	32256	960	0	4	0	960
1290	3400	2	1	4	1	0	0	1	15	94	5	25	32256	960	0	4	0	960
1290	3408	2	2	4	1	0	0	2	15	94	5	25	31104	928	0	4	0	928,960
1290	3424	1	1	5	1	0	0	1	14	222	6	26	32256	960	0	5	0	960
1290	3457	1	1	5	1	0	0	1	17	77	4	25	32256	960	0	5	0	960
1290	3458	1	2	5	1	0	0	2	17	77	4	25	31104	896	0	5	0	896,960
1290	3460	1	1	5	1	0	0	1	17	75	4	25	32256	960	0	5	0	960
1290	3464	1	1	5	1	0	0	1	17	75	4	25	32256	960	0	5	0	960
1290	3472	1	2	5	1	0	0	2	17	77	4	25	31104	896	0	5	0	896,960
1290	3488	1	1	5	1	0	0	1	14	222	6	26	32256	960	0	5	0	960
1290	3520	1	1	5	1	0	0	1	14	222	6	26	32256	960	0	5	0	960
1290	3587	2	1	4	1	0	0	1	16	77	4	24	31104	992	0	4	0	992
1290	3589	2	1	4	1	0	0	1	18	13	3	24	31104	992	0	4	0	992
1290	3590	2	1	4	1	0	0	1	16	86	4	24	31104	992	0	4	0	992
1290	3593	2	1	4	1	0	0	1	18	13	3	24	31104	992	0	4	0	992
1290	3594	2	1	4	1	0	0	1	16	86	4	24	31104	992	0	4	0	992
1290	3596	2	1	4	1	0	0	1	18	11	3	24	31104	992	0	4	0	992
1290	3601	2	1	4	1	0	0	1	16	77	4	24	31104	992	0	4	0	992
1290	3602	2	1	4	1	0	0	1	14	94	5	24	31104	992	0	4	0	992
1290	3604	2	1	4	1	0	0	1	16	86	4	24	31104	992	0	4	0	992
1290	3608	2	1	4	1	0	0	1	16	86	4	24	31104	992	0	4	0	992
1290	3617	2	5	4	1	0	0	2	19	11	3	25	31104	992	0	4	0	896,912,928,960,992
1290	3618	2	5	4	1	0	0	2	17	77	4	25	31104	992	0	4	0	896,912,928,960,992
1290	3620	2	5	4	1	0	0	2	19	13	3	25	31104	992	0	4	0	896,912,928,960,992
1290	3624	2	5	4	1	0	0	2	19	13	3	25	31104	992	0	4	0	896,912,928,960,992
1290	3632	2	5	4	1	0	0	2	17	77	4	25	31104	992	0	4	0	896,912,928,960,992
1290	3649	2	5	4	1	0	0	2	19	11	3	25	31104	992	0	4	0	896,912,928,960,992
1290	3650	2	5	4	1	0	0	2	17	77	4	25	31104	992	0	4	0	896,912,928,960,992
1290	3652	2	5	4	1	0	0	2	19	13	3	25	31104	992	0	4	0	896,912,928,960,992
1290	3656	2	5	4	1	0	0	2	19	13	3	25	31104	992	0	4	0	896,912,928,960,992
1290	3664	2	5	4	1	0	0	2	17	77	4	25	31104	992	0	4	0	896,912,928,960,992
1290	3680	0	1	6	0	0	0	1	20	11	3	26	32256	896	0	6	0	896
1290	3713	1	1	5	1	0	0	1	17	86	4	25	31104	960	0	5	0	960
1290	3714	1	1	5	1	0	0	1	17	236	5	25	31104	960	0	5	0	960
1290	3716	1	1	5	1	0	0	1	17	77	4	25	31104	960	0	5	0	960
1290	3720	1	1	5	1	0	0	1	17	77	4	25	31104	960	0	5	0	960
1290	3728	1	1	5	1	0	0	1	17	236	5	25	31104	960	0	5	0	960
1290	3744	1	2	5	1	0	0	2	16	94	5	26	31104	960	0	5	0	896,960
1290	3776	1	2	5	1	0	0	2	16	94	5	26	31104	960	0	5	0	896,960
1290	3841	1	1	5	1	0	0	1	17	86	4	25	31104	960	0	5	0	960
1290	3842	1	1	5	1	0	0	1	17	236	5	25	31104	960	0	5	0	960
1290	3844	1	1	5	1	0	0	1	17	77	4	25	31104	960	0	5	0	960
1290	3848	1	1	5	1	0	0	1	17	77	4	25	31104	960	0	5	0	960
1290	3856	1	1	5	1	0	0	1	17	236	5	25	31104	960	0	5	0	960
1290	3872	1	2	5	1	0	0	2	16	94	5	26	31104	960	0	5	0	896,960
1290	3904	1	2	5	1	0	0	2	16	94	5	26	31104	960	0	5	0	896,960
1290	3968	0	1	6	0	0	0	2	16	94	5	26	31104	896	0	6	0	896
1290	4111	2	2	4	1	1	1	0	16	11	3	22	31104	408	16384	3	1	408,614
1290	4119	1	1	5	1	2	2	0	18	3	2	22	31104	409	16392	3	2	614
1290	4123	1	1	5	1	2	2	0	18	3	2	22	31104	409	16388	3	2	614
1290	4125	2	2	4	1	1	1	0	16	11	3	22	31104	408	16384	3	1	408,614
1290	4126	1	1	5	1	1	1	0	18	3	2	22	31104	408	16384	4	1	408
1290	4135	2	1	4	1	1	2	0	17	11	3	23	32256	868	2112	3	1	868
1290	4139	2	1	4	1	1	2	0	17	11	3	23	32256	868	2112	3	1	868
1290	4141	3	3	3	1	0	0	1	15	75	4	23	32256	992	0	3	0	868,992,996
1290	4142	3	6	3	1	0	0	2	17	11	3	23	31104	920	0	3	0	408,410,868,920,992,996
1290	4147	1	1	5	1	2	2	0	19	3	2	23	32256	868	2112	3	2	868
1290	4149	2	1	4	1	1	2	0	17	11	3	23	32256	868	2112	3	1	868
1290	4150	2	2	4	1	1	2	0	19	3	2	23	31104	410	16392	3	1	410,868
1290	4153	2	1	4	1	1	2	0	17	11	3	23	32256	868	2112	3	1	868
1290	4154	2	2	4	1	1	2	0	19	3	2	23	31104	410	16388	3	1	410,868
1290	4156	3	6	3	1	0	0	2	17	11	3	23	31104	920	0	3	0	408,410,868,920,992,996
1290	4167	2	1	4	1	1	2	0	17	11	3	23	32256	868	2080	3	1	868
1290	4171	2	1	4	1	1	2	0	17	11	3	23	32256	868	2080	3	1	868
1290	4173	3	3	3	1	0	0	1	15	75	4	23	32256	992	0	3	0	868,992,996
1290	4174	3	6	3	1	0	0	2	17	11	3	23	31104	920	0	3	0	408,410,868,920,992,996
1290	4179	1	1	5	1	2	2	0	19	3	2	23	32256	868	2080	3	2	868
1290	4181	2	1	4	1	1	2	0	17	11	3	23	32256	868	2080	3	1	868
1290	4182	2	2	4	1	1	2	0	19	3	2	23	31104	410	16392	3	1	410,868
1290	4185	2	1	4	1	1	2	0	17	11	3	23	32256	868	2080	3	1	868
1290	4186	2	2	4	1	1	2	0	19	3	2	23	31104	410	16388	3	1	410,868
1290	4188	3	6	3	1	0	0	2	17	11	3	23	31104	920	0	3	0	408,410,868,920,992,996
1290	4195	1	2	5	1	0	0	1	18	11	3	24	32256	992	0	5	0	864,992
1290	4197	1	1	5	1	0	0	1	16	75	4	24	32256	992	0	5	0	992
1290	4198	1	1	5	1	0	0	1	18	11	3	24	32256	992	0	5	0	992
1290	4201	1	1	5	1	0	0	1	16	75	4	24	32256	992	0	5	0	992
1290	4202	1	1	5	1	0	0	1	18	11	3	24	32256	992	0	5	0	992
1290	4204	1	1	5	1	0	0	1	16	75	4	24	32256	992	0	5	0	992
1290	4209	1	2	5	1	0	0	1	18	11	3	24	32256	992	0	5	0	864,992
1290	4210	1	2	5	1	0	0	1	20	3	2	24	32256	992	0	5	0	864,992
1290	4212	1	1	5	1	0	0	1	18	11	3	24	32256	992	0	5	0	992
1290	4216	1	1	5	1	0	0	1	18	11	3	24	32256	992	0	5	0	992
1290	4231	3	7	3	1	0	0	2	19	3	2	23	31104	912	0	3	0	590,620,622,876,912,944,992
1290	4235	3	7	3	1	0	0	2	19	3	2	23	31104	912	0	3	0	590,620,622,876,912,944,992
1290	4237	2	1	4	1	1	1	0	17	11	3	23	31104	944	512	3	1	944
1290	4238	2	2	4	1	0	0	1	19	3	2	23	31104	912	0	4	0	912,944
1290	4243	2	2	4	1	1	3	0	21	1	1	23	31104	403	16396	3	1	620,876
1290	4245	3	7	3	1	0	0	2	19	3	2	23	31104	912	0	3	0	402,434,620,876,912,944,992
1290	4246	2	2	4	1	0	0	1	21	1	1	23	31104	912	0	4	0	402,912
1290	4249	3	7	3	1	0	0	2	19	3	2	23	31104	912	0	3	0	402,434,620,876,912,944,992
1290	4250	2	2	4	1	0	0	1	21	1	1	23	31104	912	0	4	0	402,912
1290	4252	2	2	4	1	0	0	1	19	3	2	23	31104	912	0	4	0	912,944
1290	4259	2	2	4	1	0	0	1	18	13	3	24	32256	992	0	4	0	872,992
1290	4261	2	1	4	1	0	0	1	16	77	4	24	32256	992	0	4	0	992
1290	4262	2	1	4	1	0	0	1	18	13	3	24	32256	992	0	4	0	992
1290	4265	2	1	4	1	0	0	1	16	77	4	24	32256	992	0	4	0	992
1290	4266	2	1	4	1	0	0	1	18	13	3	24	32256	992	0	4	0	992
1290	4268	2	3	4	1	0	0	1	16	77	4	24	32256	992	0	4	0	928,944,992
1290	4273	2	2	4	1	0	0	1	18	13	3	24	32256	992	0	4	0	872,992
1290	4274	2	2	4	1	0	0	1	20	3	2	24	32256	992	0	4	0	872,992
1290	4276	2	1	4	1	0	0	1	18	13	3	24	32256	992	0	4	0	992
1290	4280	2	1	4	1	0	0	1	18	13	3	24	32256	992	0	4	0	992
1290	4291	2	2	4	1	0	0	1	18	13	3	24	32256	992	0	4	0	872,992
1290	4293	2	1	4	1	0	0	1	16	77	4	24	32256	992	0	4	0	992
1290	4294	2	1	4	1	0	0	1	18	13	3	24	32256	992	0	4	0	992
1290	4297	2	1	4	1	0	0	1	16	77	4	24	32256	992	0	4	0	992
1290	4298	2	1	4	1	0	0	1	18	13	3	24	32256	992	0	4	0	992
1290	4300	2	3	4	1	0	0	1	16	77	4	24	32256	992	0	4	0	928,944,992
1290	4305	2	2	4	1	0	0	1	18	13	3	24	32256	992	0	4	0	872,992
1290	4306	2	2	4	1	0	0	1	20	3	2	24	32256	992	0	4	0	872,992
1290	4308	2	1	4	1	0	0	1	18	13	3	24	32256	992	0	4	0	992
1290	4312	2	1	4	1	0	0	1	18	13	3	24	32256	992	0	4	0	992
1290	4321	1	1	5	1	0	0	1	15	94	5	25	32256	992	0	5	0	992
1290	4322	1	1	5	1	0	0	1	17	30	4	25	32256	992	0	5	0	992
1290	4324	1	1	5	1	0	0	1	15	94	5	25	32256	992	0	5	0	992
1290	4328	1	1	5	1	0	0	1	15	94	5	25	32256	992	0	5	0	992
1290	4336	1	1	5	1	0	0	1	17	30	4	25	32256	992	0	5	0	992
1290	4359	3	7	3	1	0	0	2	19	3	2	23	31104	912	0	3	0	590,620,622,876,912,944,992
1290	4363	3	7	3	1	0	0	2	19	3	2	23	31104	912	0	3	0	590,620,622,876,912,944,992
1290	4365	2	1	4	1	1	1	0	17	11	3	23	31104	944	512	3	1	944
1290	4366	2	2	4	1	0	0	1	19	3	2	23	31104	912	0	4	0	912,944
1290	4371	2	2	4	1	1	3	0	21	1	1	23	31104	403	16396	3	1	620,876
1290	4373	3	7	3	1	0	0	2	19	3	2	23	31104	912	0	3	0	402,434,620,876,912,944,992
1290	4374	2	2	4	1	0	0	1	21	1	1	23	31104	912	0	4	0	402,912
1290	4377	3	7	3	1	0	0	2	19	3	2	23	31104	912	0	3	0	402,434,620,876,912,944,992
1290	4378	2	2	4	1	0	0	1	21	1	1	23	31104	912	0	4	0	402,912
1290	4380	2	2	4	1	0	0	1	19	3	2	23	31104	912	0	4	0	912,944
1290	4387	2	2	4	1	0	0	1	18	13	3	24	32256	992	0	4	0	872,992
1290	4389	2	1	4	1	0	0	1	16	77	4	24	32256	992	0	4	0	992
1290	4390	2	1	4	1	0	0	1	18	13	3	24	32256	992	0	4	0	992
1290	4393	2	1	4	1	0	0	1	16	77	4	24	32256	992	0	4	0	992
1290	4394	2	1	4	1	0	0	1	18	13	3	24	32256	992	0	4	0	992
1290	4396	2	3	4	1	0	0	1	16	77	4	24	32256	992	0	4	0	928,944,992
1290	4401	2	2	4	1	0	0	1	18	13	3	24	32256	992	0	4	0	872,992
1290	4402	2	2	4	1	0	0	1	20	3	2	24	32256	992	0	4	0	872,992
1290	4404	2	1	4	1	0	0	1	18	13	3	24	32256	992	0	4	0	992
1290	4408	2	1	4	1	0	0	1	18	13	3	24	32256	992	0	4	0	992
1290	4419	2	2	4	1	0	0	1	18	13	3	24	32256	992	0	4	0	872,992
1290	4421	2	1	4	1	0	0	1	16	77	4	24	32256	992	0	4	0	992
1290	4422	2	1	4	1	0	0	1	18	13	3	24	32256	992	0	4	0	992
1290	4425	2	1	4	1	0	0	1	16	77	4	24	32256	992	0	4	0	992
1290	4426	2	1	4	1	0	0	1	18	13	3	24	32256	992	0	4	0	992
1290	4428	2	3	4	1	0	0	1	16	77	4	24	32256	992	0	4	0	928,944,992
1290	4433	2	2	4	1	0	0	1	18	13	3	24	32256	992	0	4	0	872,992
1290	4434	2	2	4	1	0	0	1	20	3	2	24	32256	992	0	4	0	872,992
1290	4436	2	1	4	1	0	0	1	18	13	3	24	32256	992	0	4	0	992
1290	4440	2	1	4	1	0	0	1	18	13	3	24	32256	992	0	4	0	992
1290	4449	1	1	5	1	0	0	1	15	94	5	25	32256	992	0	5	0	992
1290	4450	1	1	5	1	0	0	1	17	30	4	25	32256	992	0	5	0	992
1290	4452	1	1	5	1	0	0	1	15	94	5	25	32256	992	0	5	0	992
1290	4456	1	1	5	1	0	0	1	15	94	5	25	32256	992	0	5	0	992
1290	4464	1	1	5	1	0	0	1	17	30	4	25	32256	992	0	5	0	992
1290	4483	1	1	5	1	0	0	1	22	1	1	24	32256	992	0	5	0	992
1290	4485	1	2	5	1	0	0	1	20	3	2	24	32256	992	0	5	0	928,992
1290	4486	1	2	5	1	0	0	1	22	1	1	24	32256	992	0	5	0	928,992
1290	4489	1	2	5	1	0	0	1	20	3	2	24	32256	992	0	5	0	928,992
1290	4490	1	2	5	1	0	0	1	22	1	1	24	32256	992	0	5	0	928,992
1290	4492	0	1	6	0	1	1	0	20	3	2	24	31104	928	512	4	2	928
1290	4497	1	1	5	1	0	0	1	22	1	1	24	32256	992	0	5	0	992
1290	4498	1	2	5	1	0	0	1	24	0	0	24	32256	992	0	5	0	960,992
1290	4500	1	2	5	1	0	0	1	22	1	1	24	32256	992	0	5	0	928,992
1290	4504	1	2	5	1	0	0	1	22	1	1	24	32256	992	0	5	0	928,992
1290	4513	1	1	5	1	0	0	1	17	77	4	25	32256	992	0	5	0	992
1290	4514	1	1	5	1	0	0	1	19	11	3	25	32256	992	0	5	0	992
1290	4516	1	2	5	1	0	0	1	17	77	4	25	32256	992	0	5	0	928,992
1290	4520	1	2	5	1	0	0	1	17	77	4	25	32256	992	0	5	0	928,992
1290	4528	1	1	5	1	0	0	1	19	11	3	25	32256	992	0	5	0	992
1290	4545	1	1	5	1	0	0	1	17	77	4	25	32256	992	0	5	0	992
1290	4546	1	1	5	1	0	0	1	19	11	3	25	32256	992	0	5	0	992
1290	4548	1	2	5	1	0	0	1	17	77	4	25	32256	992	0	5	0	928,992
1290	4552	1	2	5	1	0	0	1	17	77	4	25	32256	992	0	5	0	928,992
1290	4560	1	1	5	1	0	0	1	19	11	3	25	32256	992	0	5	0	992
1290	4576	1	1	5	1	0	0	1	14	222	6	26	32256	992	0	5	0	992
1290	4615	2	1	4	1	1	2	0	15	77	4	23	31104	433	16392	3	1	590
1290	4619	2	1	4	1	1	2	0	15	77	4	23	31104	433	16388	3	1	590
1290	4621	2	2	4	1	0	0	1	15	75	4	23	31104	944	0	4	0	432,944
1290	4622	2	2	4	1	0	0	1	15	77	4	23	31104	944	0	4	0	432,944
1290	4627	2	2	4	1	2	3	0	15	77	4	23	31104	435	16396	2	2	588,844
1290	4629	2	1	4	1	1	2	0	15	77	4	23	31104	434	16392	3	1	434
1290	4630	2	1	4	1	1	2	0	15	77	4	23	31104	434	16392	3	1	434
1290	4633	2	1	4	1	1	2	0	15	77	4	23	31104	434	16388	3	1	434
1290	4634	2	1	4	1	1	2	0	15	77	4	23	31104	434	16388	3	1	434
1290	4636	2	2	4	1	0	0	1	15	77	4	23	31104	944	0	4	0	432,944
1290	4643	2	1	4	1	1	2	0	16	77	4	24	32256	840	2112	3	1	840
1290	4645	3	5	3	1	0	0	2	16	75	4	24	31104	944	0	3	0	434,840,944,960,968
1290	4646	3	5	3	1	0	0	2	16	77	4	24	31104	944	0	3	0	434,840,944,960,968
1290	4649	3	5	3	1	0	0	2	16	75	4	24	31104	944	0	3	0	434,840,944,960,968
1290	4650	3	5	3	1	0	0	2	16	77	4	24	31104	944	0	3	0	434,840,944,960,968
1290	4652	2	1	4	1	0	0	1	16	75	4	24	31104	944	0	4	0	944
1290	4657	2	1	4	1	1	2	0	16	77	4	24	32256	840	2112	3	1	840
1290	4658	2	1	4	1	1	2	0	16	77	4	24	32256	840	2112	3	1	840
1290	4660	3	5	3	1	0	0	2	16	77	4	24	31104	944	0	3	0	436,840,944,960,968
1290	4664	3	5	3	1	0	0	2	16	77	4	24	31104	944	0	3	0	436,840,944,960,968
1290	4675	2	1	4	1	1	2	0	16	77	4	24	32256	840	2080	3	1	840
1290	4677	3	5	3	1	0	0	2	16	75	4	24	31104	944	0	3	0	434,840,944,960,968
1290	4678	3	5	3	1	0	0	2	16	77	4	24	31104	944	0	3	0	434,840,944,960,968
1290	4681	3	5	3	1	0	0	2	16	75	4	24	31104	944	0	3	0	434,840,944,960,968
1290	4682	3	5	3	1	0	0	2	16	77	4	24	31104	944	0	3	0	434,840,944,960,968
1290	4684	2	1	4	1	0	0	1	16	75	4	24	31104	944	0	4	0	944
1290	4689	2	1	4	1	1	2	0	16	77	4	24	32256	840	2080	3	1	840
1290	4690	2	1	4	1	1	2	0	16	77	4	24	32256	840	2080	3	1	840
1290	4692	3	5	3	1	0	0	2	16	77	4	24	31104	944	0	3	0	436,840,944,960,968
1290	4696	3	5	3	1	0	0	2	16	77	4	24	31104	944	0	3	0	436,840,944,960,968
1290	4705	1	1	5	1	0	0	1	17	75	4	25	32256	960	0	5	0	960
1290	4706	1	1	5	1	0	0	1	17	77	4	25	32256	960	0	5	0	960
1290	4708	1	1	5	1	0	0	1	17	75	4	25	32256	960	0	5	0	960
1290	4712	1	1	5	1	0	0	1	17	75	4	25	32256	960	0	5	0	960
1290	4720	1	1	5	1	0	0	1	17	77	4	25	32256	960	0	5	0	960
1290	4739	3	5	3	1	0	0	2	16	77	4	24	31104	928	0	3	0	604,856,928,960,992
1290	4741	2	1	4	1	0	0	1	16	77	4	24	31104	928	0	4	0	928
1290	4742	2	1	4	1	0	0	1	16	77	4	24	31104	928	0	4	0	928
1290	4745	2	1	4	1	0	0	1	16	77	4	24	31104	928	0	4	0	928
1290	4746	2	1	4	1	0	0	1	16	77	4	24	31104	928	0	4	0	928
1290	4748	1	1	5	1	0	0	1	16	77	4	24	31104	928	0	5	0	928
1290	4753	3	5	3	1	0	0	2	16	77	4	24	31104	928	0	3	0	422,856,928,960,992
1290	4754	3	5	3	1	0	0	2	16	75	4	24	31104	928	0	3	0	422,856,928,960,992
1290	4756	2	1	4	1	0	0	1	16	77	4	24	31104	928	0	4	0	928
1290	4760	2	1	4	1	0	0	1	16	77	4	24	31104	928	0	4	0	928
1290	4769	2	1	4	1	0	0	1	15	94	5	25	32256	960	0	4	0	960
1290	4770	2	1	4	1	0	0	1	15	94	5	25	32256	960	0	4	0	960
1290	4772	2	2	4	1	0	0	2	15	94	5	25	31104	928	0	4	0	928,960
1290	4776	2	2	4	1	0	0	2	15	94	5	25	31104	928	0	4	0	928,960
1290	4784	2	1	4	1	0	0	1	15	94	5	25	32256	960	0	4	0	960
1290	4801	2	1	4	1	0	0	1	15	94	5	25	32256	960	0	4	0	960
1290	4802	2	1	4	1	0	0	1	15	94	5	25	32256	960	0	4	0	960
1290	4804	2	2	4	1	0	0	2	15	94	5	25	31104	928	0	4	0	928,960
1290	4808	2	2	4	1	0	0	2	15	94	5	25	31104	928	0	4	0	928,960
1290	4816	2	1	4	1	0	0	1	15	94	5	25	32256	960	0	4	0	960
1290	4832	1	1	5	1	0	0	1	14	222	6	26	32256	960	0	5	0	960
1290	4867	3	5	3	1	0	0	2	16	77	4	24	31104	928	0	3	0	604,856,928,960,992
1290	4869	2	1	4	1	0	0	1	16	77	4	24	31104	928	0	4	0	928
1290	4870	2	1	4	1	0	0	1	16	77	4	24	31104	928	0	4	0	928
1290	4873	2	1	4	1	0	0	1	16	77	4	24	31104	928	0	4	0	928
1290	4874	2	1	4	1	0	0	1	16	77	4	24	31104	928	0	4	0	928
1290	4876	1	1	5	1	0	0	1	16	77	4	24	31104	928	0	5	0	928
1290	4881	3	5	3	1	0	0	2	16	77	4	24	31104	928	0	3	0	422,856,928,960,992
1290	4882	3	5	3	1	0	0	2	16	75	4	24	31104	928	0	3	0	422,856,928,960,992
1290	4884	2	1	4	1	0	0	1	16	77	4	24	31104	928	0	4	0	928
1290	4888	2	1	4	1	0	0	1	16	77	4	24	31104	928	0	4	0	928
1290	4897	2	1	4	1	0	0	1	15	94	5	25	32256	960	0	4	0	960
1290	4898	2	1	4	1	0	0	1	15	94	5	25	32256	960	0	4	0	960
1290	4900	2	2	4	1	0	0	2	15	94	5	25	31104	928	0	4	0	928,960
1290	4904	2	2	4	1	0	0	2	15	94	5	25	31104	928	0	4	0	928,960
1290	4912	2	1	4	1	0	0	1	15	94	5	25	32256	960	0	4	0	960
1290	4929	2	1	4	1	0	0	1	15	94	5	25	32256	960	0	4	0	960
1290	4930	2	1	4	1	0	0	1	15	94	5	25	32256	960	0	4	0	960
1290	4932	2	2	4	1	0	0	2	15	94	5	25	31104	928	0	4	0	928,960
1290	4936	2	2	4	1	0	0	2	15	94	5	25	31104	928	0	4	0	928,960
1290	4944	2	1	4	1	0	0	1	15	94	5	25	32256	960	0	4	0	960
1290	4960	1	1	5	1	0	0	1	14	222	6	26	32256	960	0	5	0	960
1290	4993	1	1	5	1	0	0	1	17	77	4	25	32256	960	0	5	0	960
1290	4994	1	1	5	1	0	0	1	17	75	4	25	32256	960	0	5	0	960
1290	4996	1	2	5	1	0	0	2	17	77	4	25	31104	896	0	5	0	896,960
1290	5000	1	2	5	1	0	0	2	17	77	4	25	31104	896	0	5	0	896,960
1290	5008	1	1	5	1	0	0	1	17	75	4	25	32256	960	0	5	0	960
1290	5024	1	1	5	1	0	0	1	14	222	6	26	32256	960	0	5	0	960
1290	5056	1	1	5	1	0	0	1	14	222	6	26	32256	960	0	5	0	960
1290	5127	3	6	3	1	0	0	1	17	13	3	23	31104	944	0	3	0	432,434,588,590,844,944
1290	5131	3	6	3	1	0	0	1	17	13	3	23	31104	944	0	3	0	432,434,588,590,844,944
1290	5133	4	15	2	1	0	0	2	13	94	5	23	31104	944	0	2	0	432,434,496,588,590,716,844,944,960,964,968,972,976,992,1008
1290	5134	3	3	3	1	0	0	1	15	30	4	23	31104	944	0	3	0	432,434,944
1290	5139	2	6	4	1	0	0	1	21	1	1	23	31104	944	0	4	0	432,434,588,590,844,944
1290	5141	3	6	3	1	0	0	1	17	13	3	23	31104	944	0	3	0	432,434,588,590,844,944
1290	5142	2	3	4	1	0	0	1	19	3	2	23	31104	944	0	4	0	432,434,944
1290	5145	3	6	3	1	0	0	1	17	13	3	23	31104	944	0	3	0	432,434,588,590,844,944
1290	5146	2	3	4	1	0	0	1	19	3	2	23	31104	944	0	4	0	432,434,944
1290	5148	3	3	3	1	0	0	1	15	30	4	23	31104	944	0	3	0	432,434,944
1290	5155	2	3	4	1	0	0	1	20	3	2	24	32256	960	0	4	0	840,960,968
1290	5157	2	2	4	1	0	0	1	16	77	4	24	32256	960	0	4	0	960,968
1290	5158	2	2	4	1	0	0	1	18	13	3	24	32256	960	0	4	0	960,968
1290	5161	2	2	4	1	0	0	1	16	77	4	24	32256	960	0	4	0	960,968
1290	5162	2	2	4	1	0	0	1	18	13	3	24	32256	960	0	4	0	960,968
1290	5164	2	2	4	1	0	0	1	14	94	5	24	32256	960	0	4	0	960,968
1290	5169	2	3	4	1	0	0	1	20	3	2	24	32256	960	0	4	0	840,960,968
1290	5170	2	4	4	1	0	0	2	22	1	1	24	31104	944	0	4	0	840,944,960,968
1290	5172	2	2	4	1	0	0	1	18	13	3	24	32256	960	0	4	0	960,968
1290	5176	2	2	4	1	0	0	1	18	13	3	24	32256	960	0	4	0	960,968
1290	5187	2	3	4	1	0	0	1	20	3	2	24	32256	960	0	4	0	840,960,968
1290	5189	2	2	4	1	0	0	1	16	77	4	24	32256	960	0	4	0	960,968
1290	5190	2	2	4	1	0	0	1	18	13	3	24	32256	960	0	4	0	960,968
1290	5193	2	2	4	1	0	0	1	16	77	4	24	32256	960	0	4	0	960,968
1290	5194	2	2	4	1	0	0	1	18	13	3	24	32256	960	0	4	0	960,968
1290	5196	2	2	4	1	0	0	1	14	94	5	24	32256	960	0	4	0	960,968
1290	5201	2	3	4	1	0	0	1	20	3	2	24	32256	960	0	4	0	840,960,968
1290	5202	2	4	4	1	0	0	2	22	1	1	24	31104	944	0	4	0	840,944,960,968
1290	5204	2	2	4	1	0	0	1	18	13	3	24	32256	960	0	4	0	960,968
1290	5208	2	2	4	1	0	0	1	18	13	3	24	32256	960	0	4	0	960,968
1290	5217	0	1	6	0	0	0	1	19	11	3	25	32256	960	0	6	0	960
1290	5218	0	1	6	0	0	0	1	21	3	2	25	32256	960	0	6	0	960
1290	5220	0	1	6	0	0	0	1	17	77	4	25	32256	960	0	6	0	960
1290	5224	0	1	6	0	0	0	1	17	77	4	25	32256	960	0	6	0	960
1290	5232	0	1	6	0	0	0	1	21	3	2	25	32256	960	0	6	0	960
1290	5251	2	3	4	1	0	0	2	20	12	2	24	31104	928	0	4	0	928,960,992
1290	5253	2	2	4	1	0	0	1	16	86	4	24	32256	960	0	4	0	960,992
1290	5254	2	3	4	1	0	0	2	18	13	3	24	31104	928	0	4	0	928,960,992
1290	5257	2	2	4	1	0	0	1	16	86	4	24	32256	960	0	4	0	960,992
1290	5258	2	3	4	1	0	0	2	18	13	3	24	31104	928	0	4	0	928,960,992
1290	5260	2	2	4	1	0	0	1	14	94	5	24	32256	960	0	4	0	960,992
1290	5265	2	3	4	1	0	0	2	20	12	2	24	31104	928	0	4	0	928,960,992
1290	5266	1	1	5	1	0	0	1	22	1	1	24	31104	928	0	5	0	928
1290	5268	2	3	4	1	0	0	2	18	13	3	24	31104	928	0	4	0	928,960,992
1290	5272	2	3	4	1	0	0	2	18	13	3	24	31104	928	0	4	0	928,960,992
1290	5281	1	1	5	1	0	0	1	17	86	4	25	32256	960	0	5	0	960
1290	5282	1	1	5	1	0	0	1	19	13	3	25	32256	960	0	5	0	960
1290	5284	1	1	5	1	0	0	1	17	236	5	25	32256	960	0	5	0	960
1290	5288	1	1	5	1	0	0	1	17	236	5	25	32256	960	0	5	0	960
1290	5296	1	1	5	1	0	0	1	19	13	3	25	32256	960	0	5	0	960
1290	5313	1	1	5	1	0	0	1	17	86	4	25	32256	960	0	5	0	960
1290	5314	1	1	5	1	0	0	1	19	13	3	25	32256	960	0	5	0	960
1290	5316	1	1	5	1	0	0	1	17	236	5	25	32256	960	0	5	0	960
1290	5320	1	1	5	1	0	0	1	17	236	5	25	32256	960	0	5	0	960
1290	5328	1	1	5	1	0	0	1	19	13	3	25	32256	960	0	5	0	960
1290	5344	0	1	6	0	0	0	1	16	94	5	26	32256	960	0	6	0	960
1290	5379	2	3	4	1	0	0	2	20	12	2	24	31104	928	0	4	0	928,960,992
1290	5381	2	2	4	1	0	0	1	16	86	4	24	32256	960	0	4	0	960,992
1290	5382	2	3	4	1	0	0	2	18	13	3	24	31104	928	0	4	0	928,960,992
1290	5385	2	2	4	1	0	0	1	16	86	4	24	32256	960	0	4	0	960,992
1290	5386	2	3	4	1	0	0	2	18	13	3	24	31104	928	0	4	0	928,960,992
1290	5388	2	2	4	1	0	0	1	14	94	5	24	32256	960	0	4	0	960,992
1290	5393	2	3	4	1	0	0	2	20	12	2	24	31104	928	0	4	0	928,960,992
1290	5394	1	1	5	1	0	0	1	22	1	1	24	31104	928	0	5	0	928
1290	5396	2	3	4	1	0	0	2	18	13	3	24	31104	928	0	4	0	928,960,992
1290	5400	2	3	4	1	0	0	2	18	13	3	24	31104	928	0	4	0	928,960,992
1290	5409	1	1	5	1	0	0	1	17	86	4	25	32256	960	0	5	0	960
1290	5410	1	1	5	1	0	0	1	19	13	3	25	32256	960	0	5	0	960
1290	5412	1	1	5	1	0	0	1	17	236	5	25	32256	960	0	5	0	960
1290	5416	1	1	5	1	0	0	1	17	236	5	25	32256	960	0	5	0	960
1290	5424	1	1	5	1	0	0	1	19	13	3	25	32256	960	0	5	0	960
1290	5441	1	1	5	1	0	0	1	17	86	4	25	32256	960	0	5	0	960
1290	5442	1	1	5	1	0	0	1	19	13	3	25	32256	960	0	5	0	960
1290	5444	1	1	5	1	0	0	1	17	236	5	25	32256	960	0	5	0	960
1290	5448	1	1	5	1	0	0	1	17	236	5	25	32256	960	0	5	0	960
1290	5456	1	1	5	1	0	0	1	19	13	3	25	32256	960	0	5	0	960
1290	5472	0	1	6	0	0	0	1	16	94	5	26	32256	960	0	6	0	960
1290	5505	0	1	6	0	0	0	1	19	76	3	25	32256	960	0	6	0	960
1290	5506	0	1	6	0	0	0	1	21	3	2	25	32256	960	0	6	0	960
1290	5508	0	1	6	0	0	0	1	17	77	4	25	32256	960	0	6	0	960
1290	5512	0	1	6	0	0	0	1	17	77	4	25	32256	960	0	6	0	960
1290	5520	0	1	6	0	0	0	1	21	3	2	25	32256	960	0	6	0	960
1290	5536	0	1	6	0	0	0	1	16	94	5	26	32256	960	0	6	0	960
1290	5568	0	1	6	0	0	0	1	16	94	5	26	32256	960	0	6	0	960
1290	5635	2	1	4	1	0	0	1	18	13	3	24	31104	992	0	4	0	992
1290	5637	2	1	4	1	0	0	1	16	77	4	24	31104	992	0	4	0	992
1290	5638	2	1	4	1	0	0	1	16	86	4	24	31104	992	0	4	0	992
1290	5641	2	1	4	1	0	0	1	16	77	4	24	31104	992	0	4	0	992
1290	5642	2	1	4	1	0	0	1	16	86	4	24	31104	992	0	4	0	992
1290	5644	2	1	4	1	0	0	1	14	94	5	24	31104	992	0	4	0	992
1290	5649	2	1	4	1	0	0	1	18	13	3	24	31104	992	0	4	0	992
1290	5650	2	1	4	1	0	0	1	18	11	3	24	31104	992	0	4	0	992
1290	5652	2	1	4	1	0	0	1	16	86	4	24	31104	992	0	4	0	992
1290	5656	2	1	4	1	0	0	1	16	86	4	24	31104	992	0	4	0	992
1290	5665	2	5	4	1	0	0	2	19	11	3	25	31104	992	0	4	0	896,912,928,960,992
1290	5666	2	5	4	1	0	0	2	19	13	3	25	31104	992	0	4	0	896,912,928,960,992
1290	5668	2	5	4	1	0	0	2	17	77	4	25	31104	992	0	4	0	896,912,928,960,992
1290	5672	2	5	4	1	0	0	2	17	77	4	25	31104	992	0	4	0	896,912,928,960,992
1290	5680	2	5	4	1	0	0	2	19	13	3	25	31104	992	0	4	0	896,912,928,960,992
1290	5697	2	5	4	1	0	0	2	19	11	3	25	31104	992	0	4	0	896,912,928,960,992
1290	5698	2	5	4	1	0	0	2	19	13	3	25	31104	992	0	4	0	896,912,928,960,992
1290	5700	2	5	4	1	0	0	2	17	77	4	25	31104	992	0	4	0	896,912,928,960,992
1290	5704	2	5	4	1	0	0	2	17	77	4	25	31104	992	0	4	0	896,912,928,960,992
1290	5712	2	5	4	1	0	0	2	19	13	3	25	31104	992	0	4	0	896,912,928,960,992
1290	5728	0	1	6	0	0	0	1	20	11	3	26	32256	896	0	6	0	896
1290	5761	1	1	5	1	0	0	1	17	86	4	25	31104	960	0	5	0	960
1290	5762	1	1	5	1	0	0	1	17	77	4	25	31104	960	0	5	0	960
1290	5764	1	1	5	1	0	0	1	17	236	5	25	31104	960	0	5	0	960
1290	5768	1	1	5	1	0	0	1	17	236	5	25	31104	960	0	5	0	960
1290	5776	1	1	5	1	0	0	1	17	77	4	25	31104	960	0	5	0	960
1290	5792	1	2	5	1	0	0	2	16	94	5	26	31104	960	0	5	0	896,960
1290	5824	1	2	5	1	0	0	2	16	94	5	26	31104	960	0	5	0	896,960
1290	5889	1	1	5	1	0	0	1	17	86	4	25	31104	960	0	5	0	960
1290	5890	1	1	5	1	0	0	1	17	77	4	25	31104	960	0	5	0	960
1290	5892	1	1	5	1	0	0	1	17	236	5	25	31104	960	0	5	0	960
1290	5896	1	1	5	1	0	0	1	17	236	5	25	31104	960	0	5	0	960
1290	5904	1	1	5	1	0	0	1	17	77	4	25	31104	960	0	5	0	960
1290	5920	1	2	5	1	0	0	2	16	94	5	26	31104	960	0	5	0	896,960
1290	5952	1	2	5	1	0	0	2	16	94	5	26	31104	960	0	5	0	896,960
1290	6016	0	1	6	0	0	0	2	16	94	5	26	31104	896	0	6	0	896
1290	6151	2	2	4	1	2	2	0	16	86	4	24	32256	972	96	2	2	716,972
1290	6155	2	2	4	1	2	2	0	16	86	4	24	32256	972	96	2	2	716,972
1290	6157	2	2	4	1	2	2	0	16	77	4	24	32256	972	96	2	2	716,972
1290	6158	2	3	4	1	1	2	0	18	76	3	24	31104	306	16400	3	1	306,716,972
1290	6163	2	2	4	1	2	2	0	16	77	4	24	32256	972	96	2	2	716,972
1290	6165	2	2	4	1	2	2	0	16	86	4	24	32256	972	96	2	2	716,972
1290	6166	2	3	4	1	1	2	0	18	76	3	24	31104	306	16392	3	1	306,716,972
1290	6169	2	2	4	1	2	2	0	16	86	4	24	32256	972	96	2	2	716,972
1290	6170	2	3	4	1	1	2	0	18	76	3	24	31104	306	16388	3	1	306,716,972
1290	6172	2	3	4	1	1	2	0	18	76	3	24	31104	306	16386	3	1	306,716,972
1290	6179	1	1	5	1	1	1	0	15	94	5	25	32256	968	64	4	1	968
1290	6181	1	1	5	1	1	1	0	15	94	5	25	32256	968	64	4	1	968
1290	6182	1	1	5	1	1	1	0	17	86	4	25	32256	968	64	4	1	968
1290	6185	1	1	5	1	1	1	0	15	94	5	25	32256	968	64	4	1	968
1290	6186	1	1	5	1	1	1	0	17	86	4	25	32256	968	64	4	1	968
1290	6188	1	1	5	1	1	1	0	17	77	4	25	32256	968	64	4	1	968
1290	6193	1	1	5	1	1	1	0	15	94	5	25	32256	968	64	4	1	968
1290	6194	1	1	5	1	1	1	0	17	77	4	25	32256	968	64	4	1	968
1290	6196	1	1	5	1	1	1	0	17	86	4	25	32256	968	64	4	1	968
1290	6200	1	1	5	1	1	1	0	17	86	4	25	32256	968	64	4	1	968
1290	6211	1	1	5	1	1	1	0	15	94	5	25	32256	968	32	4	1	968
1290	6213	1	1	5	1	1	1	0	15	94	5	25	32256	968	32	4	1	968
1290	6214	1	1	5	1	1	1	0	17	86	4	25	32256	968	32	4	1	968
1290	6217	1	1	5	1	1	1	0	15	94	5	25	32256	968	32	4	1	968
1290	6218	1	1	5	1	1	1	0	17	86	4	25	32256	968	32	4	1	968
1290	6220	1	1	5	1	1	1	0	17	77	4	25	32256	968	32	4	1	968
1290	6225	1	1	5	1	1	1	0	15	94	5	25	32256	968	32	4	1	968
1290	6226	1	1	5	1	1	1	0	17	77	4	25	32256	968	32	4	1	968
1290	6228	1	1	5	1	1	1	0	17	86	4	25	32256	968	32	4	1	968
1290	6232	1	1	5	1	1	1	0	17	86	4	25	32256	968	32	4	1	968
1290	6241	0	1	6	0	0	0	1	14	222	6	26	32256	960	0	6	0	960
1290	6242	0	1	6	0	0	0	1	16	94	5	26	32256	960	0	6	0	960
1290	6244	0	1	6	0	0	0	1	16	94	5	26	32256	960	0	6	0	960
1290	6248	0	1	6	0	0	0	1	16	94	5	26	32256	960	0	6	0	960
1290	6256	0	1	6	0	0	0	1	16	94	5	26	32256	960	0	6	0	960
1290	6275	2	4	4	1	0	0	1	19	13	3	25	32256	960	0	4	0	960,968,976,984
1290	6277	2	4	4	1	0	0	1	19	13	3	25	32256	960	0	4	0	960,968,976,984
1290	6278	2	4	4	1	0	0	1	21	12	2	25	32256	960	0	4	0	960,968,976,984
1290	6281	2	4	4	1	0	0	1	19	13	3	25	32256	960	0	4	0	960,968,976,984
1290	6282	2	4	4	1	0	0	1	21	12	2	25	32256	960	0	4	0	960,968,976,984
1290	6284	2	5	4	1	0	0	1	21	3	2	25	32256	960	0	4	0	864,960,968,976,984
1290	6289	2	4	4	1	0	0	1	19	13	3	25	32256	960	0	4	0	960,968,976,984
1290	6290	2	5	4	1	0	0	1	21	3	2	25	32256	960	0	4	0	928,960,968,976,984
1290	6292	2	4	4	1	0	0	1	21	12	2	25	32256	960	0	4	0	960,968,976,984
1290	6296	2	4	4	1	0	0	1	21	12	2	25	32256	960	0	4	0	960,968,976,984
1290	6305	1	2	5	1	0	0	1	16	94	5	26	32256	960	0	5	0	960,976
1290	6306	1	2	5	1	0	0	1	18	77	4	26	32256	960	0	5	0	960,976
1290	6308	1	2	5	1	0	0	1	18	77	4	26	32256	960	0	5	0	960,976
1290	6312	1	2	5	1	0	0	1	18	77	4	26	32256	960	0	5	0	960,976
1290	6320	1	2	5	1	0	0	1	18	77	4	26	32256	960	0	5	0	960,976
1290	6337	1	2	5	1	0	0	1	16	94	5	26	32256	960	0	5	0	960,976
1290	6338	1	2	5	1	0	0	1	18	77	4	26	32256	960	0	5	0	960,976
1290	6340	1	2	5	1	0	0	1	18	77	4	26	32256	960	0	5	0	960,976
1290	6344	1	2	5	1	0	0	1	18	77	4	26	32256	960	0	5	0	960,976
1290	6352	1	2	5	1	0	0	1	18	77	4	26	32256	960	0	5	0	960,976
1290	6368	0	1	6	0	0	0	1	15	222	6	27	32256	960	0	6	0	960
1290	6403	2	4	4	1	0	0	1	19	13	3	25	32256	960	0	4	0	960,968,976,984
1290	6405	2	4	4	1	0	0	1	19	13	3	25	32256	960	0	4	0	960,968,976,984
1290	6406	2	4	4	1	0	0	1	21	12	2	25	32256	960	0	4	0	960,968,976,984
1290	6409	2	4	4	1	0	0	1	19	13	3	25	32256	960	0	4	0	960,968,976,984
1290	6410	2	4	4	1	0	0	1	21	12	2	25	32256	960	0	4	0	960,968,976,984
1290	6412	2	5	4	1	0	0	1	21	3	2	25	32256	960	0	4	0	864,960,968,976,984
1290	6417	2	4	4	1	0	0	1	19	13	3	25	32256	960	0	4	0	960,968,976,984
1290	6418	2	5	4	1	0	0	1	21	3	2	25	32256	960	0	4	0	928,960,968,976,984
1290	6420	2	4	4	1	0	0	1	21	12	2	25	32256	960	0	4	0	960,968,976,984
1290	6424	2	4	4	1	0	0	1	21	12	2	25	32256	960	0	4	0	960,968,976,984
1290	6433	1	2	5	1	0	0	1	16	94	5	26	32256	960	0	5	0	960,976
1290	6434	1	2	5	1	0	0	1	18	77	4	26	32256	960	0	5	0	960,976
1290	6436	1	2	5	1	0	0	1	18	77	4	26	32256	960	0	5	0	960,976
1290	6440	1	2	5	1	0	0	1	18	77	4	26	32256	960	0	5	0	960,976
1290	6448	1	2	5	1	0	0	1	18	77	4	26	32256	960	0	5	0	960,976
1290	6465	1	2	5	1	0	0	1	16	94	5	26	32256	960	0	5	0	960,976
1290	6466	1	2	5	1	0	0	1	18	77	4	26	32256	960	0	5	0	960,976
1290	6468	1	2	5	1	0	0	1	18	77	4	26	32256	960	0	5	0	960,976
1290	6472	1	2	5	1	0	0	1	18	77	4	26	32256	960	0	5	0	960,976
1290	6480	1	2	5	1	0	0	1	18	77	4	26	32256	960	0	5	0	960,976
1290	6496	0	1	6	0	0	0	1	15	222	6	27	32256	960	0	6	0	960
1290	6529	0	1	6	0	0	0	1	22	3	2	26	32256	960	0	6	0	960
1290	6530	0	1	6	0	0	0	1	24	1	1	26	32256	960	0	6	0	960
1290	6532	0	1	6	0	0	0	1	24	1	1	26	32256	960	0	6	0	960
1290	6536	0	1	6	0	0	0	1	24	1	1	26	32256	960	0	6	0	960
1290	6544	0	1	6	0	0	0	1	24	1	1	26	32256	960	0	6	0	960
1290	6560	0	1	6	0	0	0	1	19	75	4	27	32256	960	0	6	0	960
1290	6592	0	1	6	0	0	0	1	19	75	4	27	32256	960	0	6	0	960
1290	6659	2	1	4	1	2	2	0	17	236	5	25	32256	920	96	2	2	920
1290	6661	2	1	4	1	1	2	0	17	77	4	25	32256	920	96	2	2	920
1290	6662	2	1	4	1	1	2	0	17	86	4	25	32256	920	96	2	2	920
1290	6665	2	1	4	1	1	2	0	17	77	4	25	32256	920	96	2	2	920
1290	6666	2	1	4	1	1	2	0	17	86	4	25	32256	920	96	2	2	920
1290	6668	2	2	4	1	0	0	1	19	11	3	25	31104	864	0	4	0	864,920
1290	6673	2	1	4	1	2	2	0	17	236	5	25	32256	920	96	2	2	920
1290	6674	2	1	4	1	2	2	0	15	94	5	25	32256	920	96	2	2	920
1290	6676	2	1	4	1	1	2	0	17	86	4	25	32256	920	96	2	2	920
1290	6680	2	1	4	1	1	2	0	17	86	4	25	32256	920	96	2	2	920
1290	6689	1	1	5	1	1	1	0	16	94	5	26	32256	912	64	4	1	912
1290	6690	1	1	5	1	1	1	0	18	236	5	26	32256	912	64	4	1	912
1290	6692	1	1	5	1	1	1	0	18	77	4	26	32256	912	64	4	1	912
1290	6696	1	1	5	1	1	1	0	18	77	4	26	32256	912	64	4	1	912
1290	6704	1	1	5	1	1	1	0	18	236	5	26	32256	912	64	4	1	912
1290	6721	1	1	5	1	1	1	0	16	94	5	26	32256	912	32	4	1	912
1290	6722	1	1	5	1	1	1	0	18	236	5	26	32256	912	32	4	1	912
1290	6724	1	1	5	1	1	1	0	18	77	4	26	32256	912	32	4	1	912
1290	6728	1	1	5	1	1	1	0	18	77	4	26	32256	912	32	4	1	912
1290	6736	1	1	5	1	1	1	0	18	236	5	26	32256	912	32	4	1	912
1290	6752	0	1	6	0	0	0	1	17	94	5	27	32256	896	0	6	0	896
1290	6785	2	5	4	1	0	0	1	18	86	4	26	32256	896	0	4	0	896,912,928,944,960
1290	6786	2	5	4	1	0	0	1	18	77	4	26	32256	896	0	4	0	896,912,928,944,960
1290	6788	2	6	4	1	0	0	2	20	13	3	26	31104	832	0	4	0	832,896,912,928,944,960
1290	6792	2	6	4	1	0	0	2	20	13	3	26	31104	832	0	4	0	832,896,912,928,944,960
1290	6800	2	5	4	1	0	0	1	18	77	4	26	32256	896	0	4	0	896,912,928,944,960
1290	6816	1	2	5	1	0	0	1	17	94	5	27	32256	896	0	5	0	896,928
1290	6848	1	2	5	1	0	0	1	17	94	5	27	32256	896	0	5	0	896,928
1290	6913	2	5	4	1	0	0	1	18	86	4	26	32256	896	0	4	0	896,912,928,944,960
1290	6914	2	5	4	1	0	0	1	18	77	4	26	32256	896	0	4	0	896,912,928,944,960
1290	6916	2	6	4	1	0	0	2	20	13	3	26	31104	832	0	4	0	832,896,912,928,944,960
1290	6920	2	6	4	1	0	0	2	20	13	3	26	31104	832	0	4	0	832,896,912,928,944,960
1290	6928	2	5	4	1	0	0	1	18	77	4	26	32256	896	0	4	0	896,912,928,944,960
1290	6944	1	2	5	1	0	0	1	17	94	5	27	32256	896	0	5	0	896,928
1290	6976	1	2	5	1	0	0	1	17	94	5	27	32256	896	0	5	0	896,928
1290	7040	0	1	6	0	0	0	1	21	11	3	27	32256	896	0	6	0	896
1290	7171	2	1	4	1	1	2	0	17	77	4	25	32256	920	96	2	2	920
1290	7173	2	1	4	1	2	2	0	17	236	5	25	32256	920	96	2	2	920
1290	7174	2	1	4	1	1	2	0	17	86	4	25	32256	920	96	2	2	920
1290	7177	2	1	4	1	2	2	0	17	236	5	25	32256	920	96	2	2	920
1290	7178	2	1	4	1	1	2	0	17	86	4	25	32256	920	96	2	2	920
1290	7180	2	1	4	1	2	2	0	15	94	5	25	32256	920	96	2	2	920
1290	7185	2	1	4	1	1	2	0	17	77	4	25	32256	920	96	2	2	920
1290	7186	2	2	4	1	0	0	1	19	11	3	25	31104	864	0	4	0	864,920
1290	7188	2	1	4	1	1	2	0	17	86	4	25	32256	920	96	2	2	920
1290	7192	2	1	4	1	1	2	0	17	86	4	25	32256	920	96	2	2	920
1290	7201	1	1	5	1	1	1	0	16	94	5	26	32256	912	64	4	1	912
1290	7202	1	1	5	1	1	1	0	18	77	4	26	32256	912	64	4	1	912
1290	7204	1	1	5	1	1	1	0	18	236	5	26	32256	912	64	4	1	912
1290	7208	1	1	5	1	1	1	0	18	236	5	26	32256	912	64	4	1	912
1290	7216	1	1	5	1	1	1	0	18	77	4	26	32256	912	64	4	1	912
1290	7233	1	1	5	1	1	1	0	16	94	5	26	32256	912	32	4	1	912
1290	7234	1	1	5	1	1	1	0	18	77	4	26	32256	912	32	4	1	912
1290	7236	1	1	5	1	1	1	0	18	236	5	26	32256	912	32	4	1	912
1290	7240	1	1	5	1	1	1	0	18	236	5	26	32256	912	32	4	1	912
1290	7248	1	1	5	1	1	1	0	18	77	4	26	32256	912	32	4	1	912
1290	7264	0	1	6	0	0	0	1	17	94	5	27	32256	896	0	6	0	896
1290	7297	2	5	4	1	0	0	1	18	86	4	26	32256	896	0	4	0	896,912,928,944,960
1290	7298	2	6	4	1	0	0	2	20	13	3	26	31104	832	0	4	0	832,896,912,928,944,960
1290	7300	2	5	4	1	0	0	1	18	77	4	26	32256	896	0	4	0	896,912,928,944,960
1290	7304	2	5	4	1	0	0	1	18	77	4	26	32256	896	0	4	0	896,912,928,944,960
1290	7312	2	6	4	1	0	0	2	20	13	3	26	31104	832	0	4	0	832,896,912,928,944,960
1290	7328	1	2	5	1	0	0	1	17	94	5	27	32256	896	0	5	0	896,928
1290	7360	1	2	5	1	0	0	1	17	94	5	27	32256	896	0	5	0	896,928
1290	7425	2	5	4	1	0	0	1	18	86	4	26	32256	896	0	4	0	896,912,928,944,960
1290	7426	2	6	4	1	0	0	2	20	13	3	26	31104	832	0	4	0	832,896,912,928,944,960
1290	7428	2	5	4	1	0	0	1	18	77	4	26	32256	896	0	4	0	896,912,928,944,960
1290	7432	2	5	4	1	0	0	1	18	77	4	26	32256	896	0	4	0	896,912,928,944,960
1290	7440	2	6	4	1	0	0	2	20	13	3	26	31104	832	0	4	0	832,896,912,928,944,960
1290	7456	1	2	5	1	0	0	1	17	94	5	27	32256	896	0	5	0	896,928
1290	7488	1	2	5	1	0	0	1	17	94	5	27	32256	896	0	5	0	896,928
1290	7552	0	1	6	0	0	0	1	21	11	3	27	32256	896	0	6	0	896
1290	7681	2	2	4	1	0	0	1	18	86	4	26	31104	960	0	4	0	816,960
1290	7682	2	2	4	1	0	0	1	18	86	4	26	31104	960	0	4	0	816,960
1290	7684	2	2	4	1	0	0	1	18	86	4	26	31104	960	0	4	0	816,960
1290	7688	2	2	4	1	0	0	1	18	86	4	26	31104	960	0	4	0	816,960
1290	7696	2	2	4	1	0	0	1	18	86	4	26	31104	960	0	4	0	816,960
1290	7712	1	1	5	1	1	1	0	19	86	4	27	32256	800	64	4	1	800
1290	7744	1	1	5	1	1	1	0	19	86	4	27	32256	800	32	4	1	800
1290	7808	1	1	5	1	0	0	1	19	86	4	27	31104	896	0	5	0	896
1290	7936	1	1	5	1	0	0	1	19	86	4	27	31104	896	0	5	0	896
1290	8207	1	1	5	1	2	2	0	15	75	4	23	31104	409	16400	3	2	614
1290	8215	1	1	5	1	2	2	0	15	75	4	23	31104	409	16392	3	2	614
1290	8219	1	1	5	1	2	2	0	15	75	4	23	31104	409	16388	3	2	614
1290	8221	1	1	5	1	2	2	0	15	75	4	23	31104	409	16386	3	2	614
1290	8222	1	1	5	1	1	1	0	15	75	4	23	31104	408	16384	4	1	408
1290	8231	2	1	4	1	2	3	0	16	75	4	24	31104	411	16408	2	2	612
1290	8235	2	1	4	1	2	3	0	16	75	4	24	31104	411	16404	2	2	612
1290	8237	2	2	4	1	2	2	0	16	75	4	24	32256	740	4160	2	2	612,740
1290	8238	2	1	4	1	1	2	0	16	75	4	24	31104	410	16400	3	1	410
1290	8243	2	2	4	1	2	2	0	16	75	4	24	32256	868	2112	2	2	612,868
1290	8245	2	1	4	1	2	3	0	16	75	4	24	31104	411	16394	2	2	612
1290	8246	2	1	4	1	1	2	0	16	75	4	24	31104	410	16392	3	1	410
1290	8249	2	1	4	1	2	3	0	16	75	4	24	31104	411	16390	2	2	612
1290	8250	2	1	4	1	1	2	0	16	75	4	24	31104	410	16388	3	1	410
1290	8252	2	1	4	1	1	2	0	16	75	4	24	31104	410	16386	3	1	410
1290	8263	2	1	4	1	2	3	0	16	75	4	24	31104	411	16408	2	2	612
1290	8267	2	1	4	1	2	3	0	16	75	4	24	31104	411	16404	2	2	612
1290	8269	2	2	4	1	2	2	0	16	75	4	24	32256	740	4128	2	2	612,740
1290	8270	2	1	4	1	1	2	0	16	75	4	24	31104	410	16400	3	1	410
1290	8275	2	2	4	1	2	2	0	16	75	4	24	32256	868	2080	2	2	612,868
1290	8277	2	1	4	1	2	3	0	16	75	4	24	31104	411	16394	2	2	612
1290	8278	2	1	4	1	1	2	0	16	75	4	24	31104	410	16392	3	1	410
1290	8281	2	1	4	1	2	3	0	16	75	4	24	31104	411	16390	2	2	612
1290	8282	2	1	4	1	1	2	0	16	75	4	24	31104	410	16388	3	1	410
1290	8284	2	1	4	1	1	2	0	16	75	4	24	31104	410	16386	3	1	410
1290	8291	2	2	4	1	0	0	1	17	75	4	25	32256	992	0	4	0	864,992
1290	8293	2	2	4	1	0	0	1	17	75	4	25	32256	992	0	4	0	736,992
1290	8294	2	1	4	1	0	0	1	17	75	4	25	32256	992	0	4	0	992
1290	8297	2	2	4	1	0	0	1	17	75	4	25	32256	992	0	4	0	736,992
1290	8298	2	1	4	1	0	0	1	17	75	4	25	32256	992	0	4	0	992
1290	8300	2	2	4	1	0	0	1	17	75	4	25	32256	992	0	4	0	736,992
1290	8305	2	2	4	1	0	0	1	17	75	4	25	32256	992	0	4	0	864,992
1290	8306	2	2	4	1	0	0	1	17	75	4	25	32256	992	0	4	0	864,992
1290	8308	2	1	4	1	0	0	1	17	75	4	25	32256	992	0	4	0	992
1290	8312	2	1	4	1	0	0	1	17	75	4	25	32256	992	0	4	0	992
1290	8327	2	1	4	1	1	3	0	18	11	3	24	31104	403	16408	3	1	620
1290	8331	2	1	4	1	1	3	0	18	11	3	24	31104	403	16404	3	1	620
1290	8333	2	1	4	1	1	3	0	18	11	3	24	31104	403	16402	3	1	620
1290	8334	2	2	4	1	0	0	1	18	11	3	24	31104	912	0	4	0	402,912
1290	8339	2	1	4	1	1	3	0	18	11	3	24	31104	403	16396	3	1	620
1290	8341	2	1	4	1	1	3	0	18	11	3	24	31104	403	16394	3	1	620
1290	8342	2	2	4	1	0	0	1	18	11	3	24	31104	912	0	4	0	402,912
1290	8345	2	1	4	1	1	3	0	18	11	3	24	31104	403	16390	3	1	620
1290	8346	2	2	4	1	0	0	1	18	11	3	24	31104	912	0	4	0	402,912
1290	8348	2	2	4	1	0	0	1	18	11	3	24	31104	912	0	4	0	402,912
1290	8355	3	4	3	1	0	0	1	17	77	4	25	32256	992	0	3	0	616,844,872,992
1290	8357	3	4	3	1	0	0	1	17	77	4	25	32256	992	0	3	0	616,682,744,992
1290	8358	3	3	3	1	0	0	2	17	77	4	25	31104	912	0	3	0	406,912,992
1290	8361	3	4	3	1	0	0	1	17	77	4	25	32256	992	0	3	0	616,682,744,992
1290	8362	3	3	3	1	0	0	2	17	77	4	25	31104	912	0	3	0	406,912,992
1290	8364	3	7	3	1	0	0	2	17	77	4	25	31104	912	0	3	0	406,680,744,912,928,944,992
1290	8369	3	4	3	1	0	0	1	17	77	4	25	32256	992	0	3	0	182,616,872,992
1290	8370	3	7	3	1	0	0	2	17	77	4	25	31104	912	0	3	0	406,840,872,912,960,976,992
1290	8372	3	3	3	1	0	0	2	17	77	4	25	31104	912	0	3	0	406,912,992
1290	8376	3	3	3	1	0	0	2	17	77	4	25	31104	912	0	3	0	406,912,992
1290	8387	3	4	3	1	0	0	1	17	77	4	25	32256	992	0	3	0	616,844,872,992
1290	8389	3	4	3	1	0	0	1	17	77	4	25	32256	992	0	3	0	616,682,744,992
1290	8390	3	3	3	1	0	0	2	17	77	4	25	31104	912	0	3	0	406,912,992
1290	8393	3	4	3	1	0	0	1	17	77	4	25	32256	992	0	3	0	616,682,744,992
1290	8394	3	3	3	1	0	0	2	17	77	4	25	31104	912	0	3	0	406,912,992
1290	8396	3	7	3	1	0	0	2	17	77	4	25	31104	912	0	3	0	406,680,744,912,928,944,992
1290	8401	3	4	3	1	0	0	1	17	77	4	25	32256	992	0	3	0	182,616,872,992
1290	8402	3	7	3	1	0	0	2	17	77	4	25	31104	912	0	3	0	406,840,872,912,960,976,992
1290	8404	3	3	3	1	0	0	2	17	77	4	25	31104	912	0	3	0	406,912,992
1290	8408	3	3	3	1	0	0	2	17	77	4	25	31104	912	0	3	0	406,912,992
1290	8417	2	1	4	1	0	0	1	16	94	5	26	32256	992	0	4	0	992
1290	8418	2	1	4	1	0	0	1	16	94	5	26	32256	992	0	4	0	992
1290	8420	2	1	4	1	0	0	1	16	94	5	26	32256	992	0	4	0	992
1290	8424	2	1	4	1	0	0	1	16	94	5	26	32256	992	0	4	0	992
1290	8432	2	1	4	1	0	0	1	16	94	5	26	32256	992	0	4	0	992
1290	8455	2	1	4	1	1	3	0	18	11	3	24	31104	403	16408	3	1	620
1290	8459	2	1	4	1	1	3	0	18	11	3	24	31104	403	16404	3	1	620
1290	8461	2	1	4	1	1	3	0	18	11	3	24	31104	403	16402	3	1	620
1290	8462	2	2	4	1	0	0	1	18	11	3	24	31104	912	0	4	0	402,912
1290	8467	2	1	4	1	1	3	0	18	11	3	24	31104	403	16396	3	1	620
1290	8469	2	1	4	1	1	3	0	18	11	3	24	31104	403	16394	3	1	620
1290	8470	2	2	4	1	0	0	1	18	11	3	24	31104	912	0	4	0	402,912
1290	8473	2	1	4	1	1	3	0	18	11	3	24	31104	403	16390	3	1	620
1290	8474	2	2	4	1	0	0	1	18	11	3	24	31104	912	0	4	0	402,912
1290	8476	2	2	4	1	0	0	1	18	11	3	24	31104	912	0	4	0	402,912
1290	8483	3	4	3	1	0	0	1	17	77	4	25	32256	992	0	3	0	616,844,872,992
1290	8485	3	4	3	1	0	0	1	17	77	4	25	32256	992	0	3	0	616,682,744,992
1290	8486	3	3	3	1	0	0	2	17	77	4	25	31104	912	0	3	0	406,912,992
1290	8489	3	4	3	1	0	0	1	17	77	4	25	32256	992	0	3	0	616,682,744,992
1290	8490	3	3	3	1	0	0	2	17	77	4	25	31104	912	0	3	0	406,912,992
1290	8492	3	7	3	1	0	0	2	17	77	4	25	31104	912	0	3	0	406,680,744,912,928,944,992
1290	8497	3	4	3	1	0	0	1	17	77	4	25	32256	992	0	3	0	182,616,872,992
1290	8498	3	7	3	1	0	0	2	17	77	4	25	31104	912	0	3	0	406,840,872,912,960,976,992
1290	8500	3	3	3	1	0	0	2	17	77	4	25	31104	912	0	3	0	406,912,992
1290	8504	3	3	3	1	0	0	2	17	77	4	25	31104	912	0	3	0	406,912,992
1290	8515	3	4	3	1	0	0	1	17	77	4	25	32256	992	0	3	0	616,844,872,992
1290	8517	3	4	3	1	0	0	1	17	77	4	25	32256	992	0	3	0	616,682,744,992
1290	8518	3	3	3	1	0	0	2	17	77	4	25	31104	912	0	3	0	406,912,992
1290	8521	3	4	3	1	0	0	1	17	77	4	25	32256	992	0	3	0	616,682,744,992
1290	8522	3	3	3	1	0	0	2	17	77	4	25	31104	912	0	3	0	406,912,992
1290	8524	3	7	3	1	0	0	2	17	77	4	25	31104	912	0	3	0	406,680,744,912,928,944,992
1290	8529	3	4	3	1	0	0	1	17	77	4	25	32256	992	0	3	0	182,616,872,992
1290	8530	3	7	3	1	0	0	2	17	77	4	25	31104	912	0	3	0	406,840,872,912,960,976,992
1290	8532	3	3	3	1	0	0	2	17	77	4	25	31104	912	0	3	0	406,912,992
1290	8536	3	3	3	1	0	0	2	17	77	4	25	31104	912	0	3	0	406,912,992
1290	8545	2	1	4	1	0	0	1	16	94	5	26	32256	992	0	4	0	992
1290	8546	2	1	4	1	0	0	1	16	94	5	26	32256	992	0	4	0	992
1290	8548	2	1	4	1	0	0	1	16	94	5	26	32256	992	0	4	0	992
1290	8552	2	1	4	1	0	0	1	16	94	5	26	32256	992	0	4	0	992
1290	8560	2	1	4	1	0	0	1	16	94	5	26	32256	992	0	4	0	992
1290	8579	2	2	4	1	0	0	1	21	3	2	25	32256	992	0	4	0	960,992
1290	8581	2	2	4	1	0	0	1	21	3	2	25	32256	992	0	4	0	928,992
1290	8582	2	4	4	1	0	0	2	21	3	2	25	31104	896	0	4	0	896,928,960,992
1290	8585	2	2	4	1	0	0	1	21	3	2	25	32256	992	0	4	0	928,992
1290	8586	2	4	4	1	0	0	2	21	3	2	25	31104	896	0	4	0	896,928,960,992
1290	8588	1	1	5	1	1	1	0	21	3	2	25	31104	928	512	4	1	928
1290	8593	2	2	4	1	0	0	1	21	3	2	25	32256	992	0	4	0	960,992
1290	8594	1	1	5	1	1	1	0	21	3	2	25	31104	960	1024	4	1	960
1290	8596	2	4	4	1	0	0	2	21	3	2	25	31104	896	0	4	0	896,928,960,992
1290	8600	2	4	4	1	0	0	2	21	3	2	25	31104	896	0	4	0	896,928,960,992
1290	8609	2	1	4	1	0	0	1	18	77	4	26	32256	992	0	4	0	992
1290	8610	2	2	4	1	0	0	1	18	77	4	26	32256	992	0	4	0	960,992
1290	8612	2	2	4	1	0	0	1	18	77	4	26	32256	992	0	4	0	928,992
1290	8616	2	2	4	1	0	0	1	18	77	4	26	32256	992	0	4	0	928,992
1290	8624	2	2	4	1	0	0	1	18	77	4	26	32256	992	0	4	0	960,992
1290	8641	2	1	4	1	0	0	1	18	77	4	26	32256	992	0	4	0	992
1290	8642	2	2	4	1	0	0	1	18	77	4	26	32256	992	0	4	0	960,992
1290	8644	2	2	4	1	0	0	1	18	77	4	26	32256	992	0	4	0	928,992
1290	8648	2	2	4	1	0	0	1	18	77	4	26	32256	992	0	4	0	928,992
1290	8656	2	2	4	1	0	0	1	18	77	4	26	32256	992	0	4	0	960,992
1290	8672	2	1	4	1	0	0	1	15	222	6	27	32256	992	0	4	0	992
1290	8711	2	2	4	1	1	2	0	16	77	4	24	31104	433	16392	3	1	588,590
1290	8715	2	2	4	1	1	2	0	16	77	4	24	31104	433	16388	3	1	588,590
1290	8717	2	5	4	1	0	0	1	18	11	3	24	31104	944	0	4	0	432,434,588,590,944
1290	8718	2	3	4	1	0	0	1	16	77	4	24	31104	944	0	4	0	432,434,944
1290	8723	2	2	4	1	2	3	0	14	94	5	24	31104	435	16396	2	2	588,844
1290	8725	2	2	4	1	1	2	0	16	77	4	24	31104	434	16392	3	1	434,588
1290	8726	2	1	4	1	1	2	0	14	94	5	24	31104	434	16392	3	1	434
1290	8729	2	2	4	1	1	2	0	16	77	4	24	31104	434	16388	3	1	434,588
1290	8730	2	1	4	1	1	2	0	14	94	5	24	31104	434	16388	3	1	434
1290	8732	2	3	4	1	0	0	1	16	77	4	24	31104	944	0	4	0	432,434,944
1290	8739	2	2	4	1	1	2	0	17	77	4	25	32256	840	2112	3	1	840,844
1290	8741	3	12	3	1	0	0	2	19	11	3	25	31104	944	0	3	0	178,182,434,438,584,588,712,840,844,944,960,968
1290	8742	3	7	3	1	0	0	2	17	77	4	25	31104	944	0	3	0	434,438,840,844,944,960,968
1290	8745	3	12	3	1	0	0	2	19	11	3	25	31104	944	0	3	0	178,182,434,438,584,588,712,840,844,944,960,968
1290	8746	3	7	3	1	0	0	2	17	77	4	25	31104	944	0	3	0	434,438,840,844,944,960,968
1290	8748	2	1	4	1	0	0	1	19	11	3	25	31104	944	0	4	0	944
1290	8753	2	2	4	1	1	2	0	17	77	4	25	32256	840	2112	3	1	182,840
1290	8754	2	1	4	1	1	2	0	15	94	5	25	32256	840	2112	3	1	840
1290	8756	3	7	3	1	0	0	2	17	77	4	25	31104	944	0	3	0	436,438,840,842,944,960,968
1290	8760	3	7	3	1	0	0	2	17	77	4	25	31104	944	0	3	0	436,438,840,842,944,960,968
1290	8771	2	2	4	1	1	2	0	17	77	4	25	32256	840	2080	3	1	840,844
1290	8773	3	12	3	1	0	0	2	19	11	3	25	31104	944	0	3	0	178,182,434,438,584,588,712,840,844,944,960,968
1290	8774	3	7	3	1	0	0	2	17	77	4	25	31104	944	0	3	0	434,438,840,844,944,960,968
1290	8777	3	12	3	1	0	0	2	19	11	3	25	31104	944	0	3	0	178,182,434,438,584,588,712,840,844,944,960,968
1290	8778	3	7	3	1	0	0	2	17	77	4	25	31104	944	0	3	0	434,438,840,844,944,960,968
1290	8780	2	1	4	1	0	0	1	19	11	3	25	31104	944	0	4	0	944
1290	8785	2	2	4	1	1	2	0	17	77	4	25	32256	840	2080	3	1	182,840
1290	8786	2	1	4	1	1	2	0	15	94	5	25	32256	840	2080	3	1	840
1290	8788	3	7	3	1	0	0	2	17	77	4	25	31104	944	0	3	0	436,438,840,842,944,960,968
1290	8792	3	7	3	1	0	0	2	17	77	4	25	31104	944	0	3	0	436,438,840,842,944,960,968
1290	8801	1	1	5	1	0	0	1	20	11	3	26	32256	960	0	5	0	960
1290	8802	1	1	5	1	0	0	1	18	77	4	26	32256	960	0	5	0	960
1290	8804	1	1	5	1	0	0	1	20	11	3	26	32256	960	0	5	0	960
1290	8808	1	1	5	1	0	0	1	20	11	3	26	32256	960	0	5	0	960
1290	8816	1	1	5	1	0	0	1	18	77	4	26	32256	960	0	5	0	960
1290	8835	3	7	3	1	0	0	2	17	86	4	25	31104	928	0	3	0	600,604,856,860,928,960,992
1290	8837	2	1	4	1	0	0	1	19	76	3	25	31104	928	0	4	0	928
1290	8838	2	1	4	1	0	0	1	17	86	4	25	31104	928	0	4	0	928
1290	8841	2	1	4	1	0	0	1	19	76	3	25	31104	928	0	4	0	928
1290	8842	2	1	4	1	0	0	1	17	86	4	25	31104	928	0	4	0	928
1290	8844	1	1	5	1	0	0	1	19	76	3	25	31104	928	0	5	0	928
1290	8849	3	7	3	1	0	0	2	17	86	4	25	31104	928	0	3	0	166,422,600,856,928,960,992
1290	8850	3	5	3	1	0	0	2	15	94	5	25	31104	928	0	3	0	422,856,928,960,992
1290	8852	2	1	4	1	0	0	1	17	86	4	25	31104	928	0	4	0	928
1290	8856	2	1	4	1	0	0	1	17	86	4	25	31104	928	0	4	0	928
1290	8865	2	1	4	1	0	0	1	18	86	4	26	32256	960	0	4	0	960
1290	8866	2	1	4	1	0	0	1	18	236	5	26	32256	960	0	4	0	960
1290	8868	2	2	4	1	0	0	2	18	86	4	26	31104	928	0	4	0	928,960
1290	8872	2	2	4	1	0	0	2	18	86	4	26	31104	928	0	4	0	928,960
1290	8880	2	1	4	1	0	0	1	18	236	5	26	32256	960	0	4	0	960
1290	8897	2	1	4	1	0	0	1	18	86	4	26	32256	960	0	4	0	960
1290	8898	2	1	4	1	0	0	1	18	236	5	26	32256	960	0	4	0	960
1290	8900	2	2	4	1	0	0	2	18	86	4	26	31104	928	0	4	0	928,960
1290	8904	2	2	4	1	0	0	2	18	86	4	26	31104	928	0	4	0	928,960
1290	8912	2	1	4	1	0	0	1	18	236	5	26	32256	960	0	4	0	960
1290	8928	1	1	5	1	0	0	1	17	94	5	27	32256	960	0	5	0	960
1290	8963	3	7	3	1	0	0	2	17	86	4	25	31104	928	0	3	0	600,604,856,860,928,960,992
1290	8965	2	1	4	1	0	0	1	19	76	3	25	31104	928	0	4	0	928
1290	8966	2	1	4	1	0	0	1	17	86	4	25	31104	928	0	4	0	928
1290	8969	2	1	4	1	0	0	1	19	76	3	25	31104	928	0	4	0	928
1290	8970	2	1	4	1	0	0	1	17	86	4	25	31104	928	0	4	0	928
1290	8972	1	1	5	1	0	0	1	19	76	3	25	31104	928	0	5	0	928
1290	8977	3	7	3	1	0	0	2	17	86	4	25	31104	928	0	3	0	166,422,600,856,928,960,992
1290	8978	3	5	3	1	0	0	2	15	94	5	25	31104	928	0	3	0	422,856,928,960,992
1290	8980	2	1	4	1	0	0	1	17	86	4	25	31104	928	0	4	0	928
1290	8984	2	1	4	1	0	0	1	17	86	4	25	31104	928	0	4	0	928
1290	8993	2	1	4	1	0	0	1	18	86	4	26	32256	960	0	4	0	960
1290	8994	2	1	4	1	0	0	1	18	236	5	26	32256	960	0	4	0	960
1290	8996	2	2	4	1	0	0	2	18	86	4	26	31104	928	0	4	0	928,960
1290	9000	2	2	4	1	0	0	2	18	86	4	26	31104	928	0	4	0	928,960
1290	9008	2	1	4	1	0	0	1	18	236	5	26	32256	960	0	4	0	960
1290	9025	2	1	4	1	0	0	1	18	86	4	26	32256	960	0	4	0	960
1290	9026	2	1	4	1	0	0	1	18	236	5	26	32256	960	0	4	0	960
1290	9028	2	2	4	1	0	0	2	18	86	4	26	31104	928	0	4	0	928,960
1290	9032	2	2	4	1	0	0	2	18	86	4	26	31104	928	0	4	0	928,960
1290	9040	2	1	4	1	0	0	1	18	236	5	26	32256	960	0	4	0	960
1290	9056	1	1	5	1	0	0	1	17	94	5	27	32256	960	0	5	0	960
1290	9089	1	1	5	1	0	0	1	20	76	3	26	32256	960	0	5	0	960
1290	9090	1	1	5	1	0	0	1	18	77	4	26	32256	960	0	5	0	960
1290	9092	1	2	5	1	0	0	2	20	76	3	26	31104	896	0	5	0	896,960
1290	9096	1	2	5	1	0	0	2	20	76	3	26	31104	896	0	5	0	896,960
1290	9104	1	1	5	1	0	0	1	18	77	4	26	32256	960	0	5	0	960
1290	9120	1	1	5	1	0	0	1	17	94	5	27	32256	960	0	5	0	960
1290	9152	1	1	5	1	0	0	1	17	94	5	27	32256	960	0	5	0	960
1290	9223	2	2	4	1	1	2	0	16	77	4	24	31104	434	16400	3	1	434,588
1290	9227	2	2	4	1	1	2	0	16	77	4	24	31104	434	16400	3	1	434,588
1290	9229	2	2	4	1	2	3	0	14	94	5	24	31104	435	16402	2	2	588,716
1290	9230	2	1	4	1	1	2	0	14	94	5	24	31104	434	16400	3	1	434
1290	9235	2	5	4	1	0	0	1	18	11	3	24	31104	944	0	4	0	432,434,588,590,944
1290	9237	2	2	4	1	1	2	0	16	77	4	24	31104	433	16386	3	1	588,590
1290	9238	2	3	4	1	0	0	1	16	77	4	24	31104	944	0	4	0	432,434,944
1290	9241	2	2	4	1	1	2	0	16	77	4	24	31104	433	16386	3	1	588,590
1290	9242	2	3	4	1	0	0	1	16	77	4	24	31104	944	0	4	0	432,434,944
1290	9244	2	1	4	1	1	2	0	14	94	5	24	31104	434	16386	3	1	434
1290	9251	3	12	3	1	0	0	2	19	11	3	25	31104	944	0	3	0	308,310,436,438,584,586,712,714,840,944,960,968
1290	9253	2	2	4	1	1	2	0	17	77	4	25	32256	712	4160	3	1	712,714
1290	9254	3	7	3	1	0	0	2	17	77	4	25	31104	944	0	3	0	436,438,712,714,944,960,968
1290	9257	2	2	4	1	1	2	0	17	77	4	25	32256	712	4160	3	1	712,714
1290	9258	3	7	3	1	0	0	2	17	77	4	25	31104	944	0	3	0	436,438,712,714,944,960,968
1290	9260	2	1	4	1	1	2	0	15	94	5	25	32256	712	4160	3	1	712
1290	9265	3	12	3	1	0	0	2	19	11	3	25	31104	944	0	3	0	584,586,588,590,712,714,716,718,840,944,960,968
1290	9266	2	1	4	1	0	0	1	19	11	3	25	31104	944	0	4	0	944
1290	9268	3	7	3	1	0	0	2	17	77	4	25	31104	944	0	3	0	434,438,712,716,944,960,968
1290	9272	3	7	3	1	0	0	2	17	77	4	25	31104	944	0	3	0	434,438,712,716,944,960,968
1290	9283	3	12	3	1	0	0	2	19	11	3	25	31104	944	0	3	0	308,310,436,438,584,586,712,714,840,944,960,968
1290	9285	2	2	4	1	1	2	0	17	77	4	25	32256	712	4128	3	1	712,714
1290	9286	3	7	3	1	0	0	2	17	77	4	25	31104	944	0	3	0	436,438,712,714,944,960,968
1290	9289	2	2	4	1	1	2	0	17	77	4	25	32256	712	4128	3	1	712,714
1290	9290	3	7	3	1	0	0	2	17	77	4	25	31104	944	0	3	0	436,438,712,714,944,960,968
1290	9292	2	1	4	1	1	2	0	15	94	5	25	32256	712	4128	3	1	712
1290	9297	3	12	3	1	0	0	2	19	11	3	25	31104	944	0	3	0	584,586,588,590,712,714,716,718,840,944,960,968
1290	9298	2	1	4	1	0	0	1	19	11	3	25	31104	944	0	4	0	944
1290	9300	3	7	3	1	0	0	2	17	77	4	25	31104	944	0	3	0	434,438,712,716,944,960,968
1290	9304	3	7	3	1	0	0	2	17	77	4	25	31104	944	0	3	0	434,438,712,716,944,960,968
1290	9313	1	1	5	1	0	0	1	20	11	3	26	32256	960	0	5	0	960
1290	9314	1	1	5	1	0	0	1	20	11	3	26	32256	960	0	5	0	960
1290	9316	1	1	5	1	0	0	1	18	77	4	26	32256	960	0	5	0	960
1290	9320	1	1	5	1	0	0	1	18	77	4	26	32256	960	0	5	0	960
1290	9328	1	1	5	1	0	0	1	20	11	3	26	32256	960	0	5	0	960
1290	9347	2	1	4	1	0	0	1	19	76	3	25	31104	928	0	4	0	928
1290	9349	3	7	3	1	0	0	2	17	86	4	25	31104	928	0	3	0	600,602,728,730,928,960,992
1290	9350	2	1	4	1	0	0	1	17	86	4	25	31104	928	0	4	0	928
1290	9353	3	7	3	1	0	0	2	17	86	4	25	31104	928	0	3	0	600,602,728,730,928,960,992
1290	9354	2	1	4	1	0	0	1	17	86	4	25	31104	928	0	4	0	928
1290	9356	3	5	3	1	0	0	2	15	94	5	25	31104	928	0	3	0	422,728,928,960,992
1290	9361	2	1	4	1	0	0	1	19	76	3	25	31104	928	0	4	0	928
1290	9362	1	1	5	1	0	0	1	19	76	3	25	31104	928	0	5	0	928
1290	9364	2	1	4	1	0	0	1	17	86	4	25	31104	928	0	4	0	928
1290	9368	2	1	4	1	0	0	1	17	86	4	25	31104	928	0	4	0	928
1290	9377	2	1	4	1	0	0	1	18	86	4	26	32256	960	0	4	0	960
1290	9378	2	2	4	1	0	0	2	18	86	4	26	31104	928	0	4	0	928,960
1290	9380	2	1	4	1	0	0	1	18	236	5	26	32256	960	0	4	0	960
1290	9384	2	1	4	1	0	0	1	18	236	5	26	32256	960	0	4	0	960
1290	9392	2	2	4	1	0	0	2	18	86	4	26	31104	928	0	4	0	928,960
1290	9409	2	1	4	1	0	0	1	18	86	4	26	32256	960	0	4	0	960
1290	9410	2	2	4	1	0	0	2	18	86	4	26	31104	928	0	4	0	928,960
1290	9412	2	1	4	1	0	0	1	18	236	5	26	32256	960	0	4	0	960
1290	9416	2	1	4	1	0	0	1	18	236	5	26	32256	960	0	4	0	960
1290	9424	2	2	4	1	0	0	2	18	86	4	26	31104	928	0	4	0	928,960
1290	9440	1	1	5	1	0	0	1	17	94	5	27	32256	960	0	5	0	960
1290	9475	2	1	4	1	0	0	1	19	76	3	25	31104	928	0	4	0	928
1290	9477	3	7	3	1	0	0	2	17	86	4	25	31104	928	0	3	0	600,602,728,730,928,960,992
1290	9478	2	1	4	1	0	0	1	17	86	4	25	31104	928	0	4	0	928
1290	9481	3	7	3	1	0	0	2	17	86	4	25	31104	928	0	3	0	600,602,728,730,928,960,992
1290	9482	2	1	4	1	0	0	1	17	86	4	25	31104	928	0	4	0	928
1290	9484	3	5	3	1	0	0	2	15	94	5	25	31104	928	0	3	0	422,728,928,960,992
1290	9489	2	1	4	1	0	0	1	19	76	3	25	31104	928	0	4	0	928
1290	9490	1	1	5	1	0	0	1	19	76	3	25	31104	928	0	5	0	928
1290	9492	2	1	4	1	0	0	1	17	86	4	25	31104	928	0	4	0	928
1290	9496	2	1	4	1	0	0	1	17	86	4	25	31104	928	0	4	0	928
1290	9505	2	1	4	1	0	0	1	18	86	4	26	32256	960	0	4	0	960
1290	9506	2	2	4	1	0	0	2	18	86	4	26	31104	928	0	4	0	928,960
1290	9508	2	1	4	1	0	0	1	18	236	5	26	32256	960	0	4	0	960
1290	9512	2	1	4	1	0	0	1	18	236	5	26	32256	960	0	4	0	960
1290	9520	2	2	4	1	0	0	2	18	86	4	26	31104	928	0	4	0	928,960
1290	9537	2	1	4	1	0	0	1	18	86	4	26	32256	960	0	4	0	960
1290	9538	2	2	4	1	0	0	2	18	86	4	26	31104	928	0	4	0	928,960
1290	9540	2	1	4	1	0	0	1	18	236	5	26	32256	960	0	4	0	960
1290	9544	2	1	4	1	0	0	1	18	236	5	26	32256	960	0	4	0	960
1290	9552	2	2	4	1	0	0	2	18	86	4	26	31104	928	0	4	0	928,960
1290	9568	1	1	5	1	0	0	1	17	94	5	27	32256	960	0	5	0	960
1290	9601	1	1	5	1	0	0	1	20	76	3	26	32256	960	0	5	0	960
1290	9602	1	2	5	1	0	0	2	20	76	3	26	31104	896	0	5	0	896,960
1290	9604	1	1	5	1	0	0	1	18	77	4	26	32256	960	0	5	0	960
1290	9608	1	1	5	1	0	0	1	18	77	4	26	32256	960	0	5	0	960
1290	9616	1	2	5	1	0	0	2	20	76	3	26	31104	896	0	5	0	896,960
1290	9632	1	1	5	1	0	0	1	17	94	5	27	32256	960	0	5	0	960
1290	9664	1	1	5	1	0	0	1	17	94	5	27	32256	960	0	5	0	960
1290	9731	2	1	4	1	0	0	1	19	13	3	25	31104	992	0	4	0	992
1290	9733	2	1	4	1	0	0	1	19	13	3	25	31104	992	0	4	0	992
1290	9734	2	1	4	1	0	0	1	17	86	4	25	31104	992	0	4	0	992
1290	9737	2	1	4	1	0	0	1	19	13	3	25	31104	992	0	4	0	992
1290	9738	2	1	4	1	0	0	1	17	86	4	25	31104	992	0	4	0	992
1290	9740	2	1	4	1	0	0	1	17	30	4	25	31104	992	0	4	0	992
1290	9745	2	1	4	1	0	0	1	19	13	3	25	31104	992	0	4	0	992
1290	9746	2	1	4	1	0	0	1	17	30	4	25	31104	992	0	4	0	992
1290	9748	2	1	4	1	0	0	1	17	86	4	25	31104	992	0	4	0	992
1290	9752	2	1	4	1	0	0	1	17	86	4	25	31104	992	0	4	0	992
1290	9761	2	5	4	1	0	0	2	22	3	2	26	31104	992	0	4	0	896,912,928,960,992
1290	9762	2	5	4	1	0	0	2	20	13	3	26	31104	992	0	4	0	896,912,928,960,992
1290	9764	2	5	4	1	0	0	2	20	13	3	26	31104	992	0	4	0	896,912,928,960,992
1290	9768	2	5	4	1	0	0	2	20	13	3	26	31104	992	0	4	0	896,912,928,960,992
1290	9776	2	5	4	1	0	0	2	20	13	3	26	31104	992	0	4	0	896,912,928,960,992
1290	9793	2	5	4	1	0	0	2	22	3	2	26	31104	992	0	4	0	896,912,928,960,992
1290	9794	2	5	4	1	0	0	2	20	13	3	26	31104	992	0	4	0	896,912,928,960,992
1290	9796	2	5	4	1	0	0	2	20	13	3	26	31104	992	0	4	0	896,912,928,960,992
1290	9800	2	5	4	1	0	0	2	20	13	3	26	31104	992	0	4	0	896,912,928,960,992
1290	9808	2	5	4	1	0	0	2	20	13	3	26	31104	992	0	4	0	896,912,928,960,992
1290	9824	0	1	6	0	0	0	1	23	3	2	27	32256	896	0	6	0	896
1290	9857	1	1	5	1	0	0	1	20	76	3	26	31104	960	0	5	0	960
1290	9858	1	1	5	1	0	0	1	18	86	4	26	31104	960	0	5	0	960
1290	9860	1	1	5	1	0	0	1	18	86	4	26	31104	960	0	5	0	960
1290	9864	1	1	5	1	0	0	1	18	86	4	26	31104	960	0	5	0	960
1290	9872	1	1	5	1	0	0	1	18	86	4	26	31104	960	0	5	0	960
1290	9888	1	2	5	1	0	0	2	19	77	4	27	31104	960	0	5	0	896,960
1290	9920	1	2	5	1	0	0	2	19	77	4	27	31104	960	0	5	0	896,960
1290	9985	1	1	5	1	0	0	1	20	76	3	26	31104	960	0	5	0	960
1290	9986	1	1	5	1	0	0	1	18	86	4	26	31104	960	0	5	0	960
1290	9988	1	1	5	1	0	0	1	18	86	4	26	31104	960	0	5	0	960
1290	9992	1	1	5	1	0	0	1	18	86	4	26	31104	960	0	5	0	960
1290	10000	1	1	5	1	0	0	1	18	86	4	26	31104	960	0	5	0	960
1290	10016	1	2	5	1	0	0	2	19	77	4	27	31104	960	0	5	0	896,960
1290	10048	1	2	5	1	0	0	2	19	77	4	27	31104	960	0	5	0	896,960
1290	10112	0	1	6	0	0	0	2	19	30	4	27	31104	896	0	6	0	896
1290	10247	1	1	5	1	3	3	0	15	94	5	25	31104	307	16408	2	3	716
1290	10251	1	1	5	1	3	3	0	15	94	5	25	31104	307	16404	2	3	716
1290	10253	0	1	6	0	4	3	0	17	77	4	25	31104	307	16402	2	4	716
1290	10254	1	2	5	1	2	2	0	17	77	4	25	31104	306	16400	3	2	306,716
1290	10259	2	1	4	1	2	3	0	13	222	6	25	31104	307	16396	2	2	716
1290	10261	1	1	5	1	3	3	0	15	94	5	25	31104	307	16394	2	3	716
1290	10262	2	2	4	1	1	2	0	15	94	5	25	31104	306	16392	3	1	306,716
1290	10265	1	1	5	1	3	3	0	15	94	5	25	31104	307	16390	2	3	716
1290	10266	2	2	4	1	1	2	0	15	94	5	25	31104	306	16388	3	1	306,716
1290	10268	1	2	5	1	2	2	0	17	77	4	25	31104	306	16386	3	2	306,716
1290	10275	2	2	4	1	1	1	0	14	222	6	26	32256	968	64	3	1	712,968
1290	10277	1	1	5	1	2	2	0	16	94	5	26	32256	712	4160	3	2	712
1290	10278	2	3	4	1	1	1	0	16	94	5	26	32256	968	64	3	1	310,712,968
1290	10281	1	1	5	1	2	2	0	16	94	5	26	32256	712	4160	3	2	712
1290	10282	2	3	4	1	1	1	0	16	94	5	26	32256	968	64	3	1	310,712,968
1290	10284	1	2	5	1	2	2	0	18	77	4	26	32256	712	4160	3	2	310,712
1290	10289	2	2	4	1	1	1	0	14	222	6	26	32256	968	64	3	1	712,968
1290	10290	2	1	4	1	1	1	0	14	222	6	26	32256	968	64	3	1	968
1290	10292	2	3	4	1	1	1	0	16	94	5	26	32256	968	64	3	1	310,712,968
1290	10296	2	3	4	1	1	1	0	16	94	5	26	32256	968	64	3	1	310,712,968
1290	10307	2	2	4	1	1	1	0	14	222	6	26	32256	968	32	3	1	712,968
1290	10309	1	1	5	1	2	2	0	16	94	5	26	32256	712	4128	3	2	712
1290	10310	2	3	4	1	1	1	0	16	94	5	26	32256	968	32	3	1	310,712,968
1290	10313	1	1	5	1	2	2	0	16	94	5	26	32256	712	4128	3	2	712
1290	10314	2	3	4	1	1	1	0	16	94	5	26	32256	968	32	3	1	310,712,968
1290	10316	1	2	5	1	2	2	0	18	77	4	26	32256	712	4128	3	2	310,712
1290	10321	2	2	4	1	1	1	0	14	222	6	26	32256	968	32	3	1	712,968
1290	10322	2	1	4	1	1	1	0	14	222	6	26	32256	968	32	3	1	968
1290	10324	2	3	4	1	1	1	0	16	94	5	26	32256	968	32	3	1	310,712,968
1290	10328	2	3	4	1	1	1	0	16	94	5	26	32256	968	32	3	1	310,712,968
1290	10337	1	1	5	1	0	0	1	15	222	6	27	32256	960	0	5	0	960
1290	10338	1	1	5	1	0	0	1	15	222	6	27	32256	960	0	5	0	960
1290	10340	1	1	5	1	0	0	1	17	94	5	27	32256	960	0	5	0	960
1290	10344	1	1	5	1	0	0	1	17	94	5	27	32256	960	0	5	0	960
1290	10352	1	1	5	1	0	0	1	15	222	6	27	32256	960	0	5	0	960
1290	10371	2	1	4	1	1	3	0	18	30	4	26	32256	728	4192	3	1	728
1290	10373	1	1	5	1	2	3	0	20	13	3	26	32256	728	4192	3	2	728
1290	10374	2	2	4	1	1	3	0	20	13	3	26	31104	294	16408	3	1	294,728
1290	10377	1	1	5	1	2	3	0	20	13	3	26	32256	728	4192	3	2	728
1290	10378	2	2	4	1	1	3	0	20	13	3	26	31104	294	16404	3	1	294,728
1290	10380	1	2	5	1	2	3	0	22	3	2	26	31104	294	16402	3	2	294,728
1290	10385	2	1	4	1	1	3	0	18	30	4	26	32256	728	4192	3	1	728
1290	10386	2	1	4	1	1	1	0	18	30	4	26	31104	928	1024	3	1	928
1290	10388	2	2	4	1	1	3	0	20	13	3	26	31104	294	16394	3	1	294,728
1290	10392	2	2	4	1	1	3	0	20	13	3	26	31104	294	16390	3	1	294,728
1290	10401	2	3	4	1	0	0	1	17	94	5	27	32256	960	0	4	0	720,960,976
1290	10402	2	2	4	1	0	0	1	17	94	5	27	32256	960	0	4	0	960,976
1290	10404	2	4	4	1	0	0	1	19	77	4	27	32256	960	0	4	0	302,720,960,976
1290	10408	2	4	4	1	0	0	1	19	77	4	27	32256	960	0	4	0	302,720,960,976
1290	10416	2	2	4	1	0	0	1	17	94	5	27	32256	960	0	4	0	960,976
1290	10433	2	3	4	1	0	0	1	17	94	5	27	32256	960	0	4	0	720,960,976
1290	10434	2	2	4	1	0	0	1	17	94	5	27	32256	960	0	4	0	960,976
1290	10436	2	4	4	1	0	0	1	19	77	4	27	32256	960	0	4	0	302,720,960,976
1290	10440	2	4	4	1	0	0	1	19	77	4	27	32256	960	0	4	0	302,720,960,976
1290	10448	2	2	4	1	0	0	1	17	94	5	27	32256	960	0	4	0	960,976
1290	10464	1	1	5	1	0	0	1	16	222	6	28	32256	960	0	5	0	960
1290	10499	2	1	4	1	1	3	0	18	30	4	26	32256	728	4192	3	1	728
1290	10501	1	1	5	1	2	3	0	20	13	3	26	32256	728	4192	3	2	728
1290	10502	2	2	4	1	1	3	0	20	13	3	26	31104	294	16408	3	1	294,728
1290	10505	1	1	5	1	2	3	0	20	13	3	26	32256	728	4192	3	2	728
1290	10506	2	2	4	1	1	3	0	20	13	3	26	31104	294	16404	3	1	294,728
1290	10508	1	2	5	1	2	3	0	22	3	2	26	31104	294	16402	3	2	294,728
1290	10513	2	1	4	1	1	3	0	18	30	4	26	32256	728	4192	3	1	728
1290	10514	2	1	4	1	1	1	0	18	30	4	26	31104	928	1024	3	1	928
1290	10516	2	2	4	1	1	3	0	20	13	3	26	31104	294	16394	3	1	294,728
1290	10520	2	2	4	1	1	3	0	20	13	3	26	31104	294	16390	3	1	294,728
1290	10529	2	3	4	1	0	0	1	17	94	5	27	32256	960	0	4	0	720,960,976
1290	10530	2	2	4	1	0	0	1	17	94	5	27	32256	960	0	4	0	960,976
1290	10532	2	4	4	1	0	0	1	19	77	4	27	32256	960	0	4	0	302,720,960,976
1290	10536	2	4	4	1	0	0	1	19	77	4	27	32256	960	0	4	0	302,720,960,976
1290	10544	2	2	4	1	0	0	1	17	94	5	27	32256	960	0	4	0	960,976
1290	10561	2	3	4	1	0	0	1	17	94	5	27	32256	960	0	4	0	720,960,976
1290	10562	2	2	4	1	0	0	1	17	94	5	27	32256	960	0	4	0	960,976
1290	10564	2	4	4	1	0	0	1	19	77	4	27	32256	960	0	4	0	302,720,960,976
1290	10568	2	4	4	1	0	0	1	19	77	4	27	32256	960	0	4	0	302,720,960,976
1290	10576	2	2	4	1	0	0	1	17	94	5	27	32256	960	0	4	0	960,976
1290	10592	1	1	5	1	0	0	1	16	222	6	28	32256	960	0	5	0	960
1290	10625	1	1	5	1	0	0	1	23	3	2	27	32256	960	0	5	0	960
1290	10626	1	3	5	1	0	0	1	23	3	2	27	32256	960	0	5	0	896,904,960
1290	10628	1	1	5	1	0	0	1	25	1	1	27	32256	960	0	5	0	960
1290	10632	1	1	5	1	0	0	1	25	1	1	27	32256	960	0	5	0	960
1290	10640	1	3	5	1	0	0	1	23	3	2	27	32256	960	0	5	0	896,898,960
1290	10656	1	1	5	1	0	0	1	20	75	4	28	32256	960	0	5	0	960
1290	10688	1	1	5	1	0	0	1	20	75	4	28	32256	960	0	5	0	960
1290	10755	2	2	4	1	2	2	0	16	94	5	26	32256	920	96	2	2	664,920
1290	10757	1	1	5	1	2	3	0	20	13	3	26	32256	664	4192	2	3	664
1290	10758	2	3	4	1	1	2	0	18	77	4	26	32256	920	96	2	2	358,664,920
1290	10761	1	1	5	1	2	3	0	20	13	3	26	32256	664	4192	2	3	664
1290	10762	2	3	4	1	1	2	0	18	77	4	26	32256	920	96	2	2	358,664,920
1290	10764	1	2	5	1	1	3	0	22	3	2	26	31104	358	16402	4	1	358,664
1290	10769	2	2	4	1	2	2	0	16	94	5	26	32256	920	96	2	2	664,920
1290	10770	2	1	4	1	2	2	0	14	222	6	26	32256	920	96	2	2	920
1290	10772	2	3	4	1	1	2	0	18	77	4	26	32256	920	96	2	2	358,664,920
1290	10776	2	3	4	1	1	2	0	18	77	4	26	32256	920	96	2	2	358,664,920
1290	10785	1	1	5	1	1	1	0	19	30	4	27	32256	912	64	4	1	912
1290	10786	1	1	5	1	1	1	0	17	94	5	27	32256	912	64	4	1	912
1290	10788	1	1	5	1	1	1	0	21	13	3	27	32256	912	64	4	1	912
1290	10792	1	1	5	1	1	1	0	21	13	3	27	32256	912	64	4	1	912
1290	10800	1	1	5	1	1	1	0	17	94	5	27	32256	912	64	4	1	912
1290	10817	1	1	5	1	1	1	0	19	30	4	27	32256	912	32	4	1	912
1290	10818	1	1	5	1	1	1	0	17	94	5	27	32256	912	32	4	1	912
1290	10820	1	1	5	1	1	1	0	21	13	3	27	32256	912	32	4	1	912
1290	10824	1	1	5	1	1	1	0	21	13	3	27	32256	912	32	4	1	912
1290	10832	1	1	5	1	1	1	0	17	94	5	27	32256	912	32	4	1	912
1290	10848	0	1	6	0	0	0	1	20	30	4	28	32256	896	0	6	0	896
1290	10881	2	6	4	1	0	0	1	21	76	3	27	32256	896	0	4	0	688,896,912,928,944,960
1290	10882	2	5	4	1	0	0	1	19	77	4	27	32256	896	0	4	0	896,912,928,944,960
1290	10884	2	8	4	1	0	0	2	23	12	2	27	31104	832	0	4	0	334,688,832,896,912,928,944,960
1290	10888	2	8	4	1	0	0	2	23	12	2	27	31104	832	0	4	0	334,688,832,896,912,928,944,960
1290	10896	2	5	4	1	0	0	1	19	77	4	27	32256	896	0	4	0	896,912,928,944,960
1290	10912	1	2	5	1	0	0	1	20	77	4	28	32256	896	0	5	0	896,928
1290	10944	1	2	5	1	0	0	1	20	77	4	28	32256	896	0	5	0	896,928
1290	11009	2	6	4	1	0	0	1	21	76	3	27	32256	896	0	4	0	688,896,912,928,944,960
1290	11010	2	5	4	1	0	0	1	19	77	4	27	32256	896	0	4	0	896,912,928,944,960
1290	11012	2	8	4	1	0	0	2	23	12	2	27	31104	832	0	4	0	334,688,832,896,912,928,944,960
1290	11016	2	8	4	1	0	0	2	23	12	2	27	31104	832	0	4	0	334,688,832,896,912,928,944,960
1290	11024	2	5	4	1	0	0	1	19	77	4	27	32256	896	0	4	0	896,912,928,944,960
1290	11040	1	2	5	1	0	0	1	20	77	4	28	32256	896	0	5	0	896,928
1290	11072	1	2	5	1	0	0	1	20	77	4	28	32256	896	0	5	0	896,928
1290	11136	0	1	6	0	0	0	1	24	3	2	28	32256	896	0	6	0	896
1290	11267	2	4	4	1	1	2	0	16	94	5	26	31104	356	16400	3	1	356,358,664,666
1290	11269	1	2	5	1	3	3	0	18	236	5	26	31104	357	16402	2	3	664,666
1290	11270	2	4	4	1	1	2	0	18	236	5	26	31104	356	16400	3	1	356,358,664,666
1290	11273	1	2	5	1	3	3	0	18	236	5	26	31104	357	16402	2	3	664,666
1290	11274	2	4	4	1	1	2	0	18	236	5	26	31104	356	16400	3	1	356,358,664,666
1290	11276	1	2	5	1	3	3	0	16	94	5	26	31104	358	16402	2	3	358,664
1290	11281	2	4	4	1	1	2	0	16	94	5	26	31104	353	16386	3	1	664,666,668,670
1290	11282	2	1	4	1	0	0	1	16	94	5	26	31104	864	0	4	0	864
1290	11284	2	4	4	1	1	2	0	18	236	5	26	31104	354	16386	3	1	354,358,664,668
1290	11288	2	4	4	1	1	2	0	18	236	5	26	31104	354	16386	3	1	354,358,664,668
1290	11297	2	5	4	1	1	1	0	17	94	5	27	32256	912	64	3	1	656,658,660,662,912
1290	11298	2	1	4	1	1	1	0	17	94	5	27	32256	912	64	3	1	912
1290	11300	2	5	4	1	1	1	0	19	236	5	27	32256	912	64	3	1	362,366,656,660,912
1290	11304	2	5	4	1	1	1	0	19	236	5	27	32256	912	64	3	1	362,366,656,660,912
1290	11312	2	1	4	1	1	1	0	17	94	5	27	32256	912	64	3	1	912
1290	11329	2	5	4	1	1	1	0	17	94	5	27	32256	912	32	3	1	656,658,660,662,912
1290	11330	2	1	4	1	1	1	0	17	94	5	27	32256	912	32	3	1	912
1290	11332	2	5	4	1	1	1	0	19	236	5	27	32256	912	32	3	1	362,366,656,660,912
1290	11336	2	5	4	1	1	1	0	19	236	5	27	32256	912	32	3	1	362,366,656,660,912
1290	11344	2	1	4	1	1	1	0	17	94	5	27	32256	912	32	3	1	912
1290	11360	1	1	5	1	0	0	1	18	94	5	28	32256	896	0	5	0	896
1290	11393	2	4	4	1	1	3	0	19	86	4	27	31104	329	16402	3	1	688,690,692,694
1290	11394	2	2	4	1	0	0	1	19	86	4	27	31104	832	0	4	0	832,840
1290	11396	2	4	4	1	1	3	0	19	77	4	27	31104	330	16402	3	1	330,334,688,692
1290	11400	2	4	4	1	1	3	0	19	77	4	27	31104	330	16402	3	1	330,334,688,692
1290	11408	2	2	4	1	0	0	1	19	86	4	27	31104	832	0	4	0	832,834
1290	11424	2	2	4	1	0	0	1	18	94	5	28	32256	896	0	4	0	896,928
1290	11456	2	2	4	1	0	0	1	18	94	5	28	32256	896	0	4	0	896,928
1290	11521	2	4	4	1	1	3	0	19	86	4	27	31104	329	16402	3	1	688,690,692,694
1290	11522	2	2	4	1	0	0	1	19	86	4	27	31104	832	0	4	0	832,840
1290	11524	2	4	4	1	1	3	0	19	77	4	27	31104	330	16402	3	1	330,334,688,692
1290	11528	2	4	4	1	1	3	0	19	77	4	27	31104	330	16402	3	1	330,334,688,692
1290	11536	2	2	4	1	0	0	1	19	86	4	27	31104	832	0	4	0	832,834
1290	11552	2	2	4	1	0	0	1	18	94	5	28	32256	896	0	4	0	896,928
1290	11584	2	2	4	1	0	0	1	18	94	5	28	32256	896	0	4	0	896,928
1290	11648	1	1	5	1	0	0	1	22	11	3	28	32256	896	0	5	0	896
1290	11777	2	6	4	1	0	0	1	21	13	3	27	31104	960	0	4	0	560,562,564,566,816,960
1290	11778	2	2	4	1	0	0	1	19	77	4	27	31104	960	0	4	0	816,960
1290	11780	2	6	4	1	0	0	1	21	13	3	27	31104	960	0	4	0	458,462,560,564,816,960
1290	11784	2	6	4	1	0	0	1	21	13	3	27	31104	960	0	4	0	458,462,560,564,816,960
1290	11792	2	2	4	1	0	0	1	19	77	4	27	31104	960	0	4	0	816,960
1290	11808	1	1	5	1	1	1	0	22	13	3	28	32256	800	64	4	1	800
1290	11840	1	1	5	1	1	1	0	22	13	3	28	32256	800	32	4	1	800
1290	11904	1	1	5	1	0	0	1	22	13	3	28	31104	896	0	5	0	896
1290	12032	1	1	5	1	0	0	1	22	13	3	28	31104	896	0	5	0	896
1290	12295	1	1	5	1	3	3	0	15	94	5	25	31104	307	16408	2	3	716
1290	12299	1	1	5	1	3	3	0	15	94	5	25	31104	307	16404	2	3	716
1290	12301	2	1	4	1	2	3	0	13	222	6	25	31104	307	16402	2	2	716
1290	12302	2	2	4	1	1	2	0	15	94	5	25	31104	306	16400	3	1	306,716
1290	12307	0	1	6	0	4	3	0	17	77	4	25	31104	307	16396	2	4	716
1290	12309	1	1	5	1	3	3	0	15	94	5	25	31104	307	16394	2	3	716
1290	12310	1	2	5	1	2	2	0	17	77	4	25	31104	306	16392	3	2	306,716
1290	12313	1	1	5	1	3	3	0	15	94	5	25	31104	307	16390	2	3	716
1290	12314	1	2	5	1	2	2	0	17	77	4	25	31104	306	16388	3	2	306,716
1290	12316	2	2	4	1	1	2	0	15	94	5	25	31104	306	16386	3	1	306,716
1290	12323	1	1	5	1	2	2	0	16	94	5	26	32256	712	2112	3	2	712
1290	12325	2	2	4	1	1	1	0	14	222	6	26	32256	968	64	3	1	712,968
1290	12326	2	3	4	1	1	1	0	16	94	5	26	32256	968	64	3	1	310,712,968
1290	12329	2	2	4	1	1	1	0	14	222	6	26	32256	968	64	3	1	712,968
1290	12330	2	3	4	1	1	1	0	16	94	5	26	32256	968	64	3	1	310,712,968
1290	12332	2	1	4	1	1	1	0	14	222	6	26	32256	968	64	3	1	968
1290	12337	1	1	5	1	2	2	0	16	94	5	26	32256	712	2112	3	2	712
1290	12338	1	2	5	1	2	2	0	18	77	4	26	32256	712	2112	3	2	310,712
1290	12340	2	3	4	1	1	1	0	16	94	5	26	32256	968	64	3	1	310,712,968
1290	12344	2	3	4	1	1	1	0	16	94	5	26	32256	968	64	3	1	310,712,968
1290	12355	1	1	5	1	2	2	0	16	94	5	26	32256	712	2080	3	2	712
1290	12357	2	2	4	1	1	1	0	14	222	6	26	32256	968	32	3	1	712,968
1290	12358	2	3	4	1	1	1	0	16	94	5	26	32256	968	32	3	1	310,712,968
1290	12361	2	2	4	1	1	1	0	14	222	6	26	32256	968	32	3	1	712,968
1290	12362	2	3	4	1	1	1	0	16	94	5	26	32256	968	32	3	1	310,712,968
1290	12364	2	1	4	1	1	1	0	14	222	6	26	32256	968	32	3	1	968
1290	12369	1	1	5	1	2	2	0	16	94	5	26	32256	712	2080	3	2	712
1290	12370	1	2	5	1	2	2	0	18	77	4	26	32256	712	2080	3	2	310,712
1290	12372	2	3	4	1	1	1	0	16	94	5	26	32256	968	32	3	1	310,712,968
1290	12376	2	3	4	1	1	1	0	16	94	5	26	32256	968	32	3	1	310,712,968
1290	12385	1	1	5	1	0	0	1	15	222	6	27	32256	960	0	5	0	960
1290	12386	1	1	5	1	0	0	1	17	94	5	27	32256	960	0	5	0	960
1290	12388	1	1	5	1	0	0	1	15	222	6	27	32256	960	0	5	0	960
1290	12392	1	1	5	1	0	0	1	15	222	6	27	32256	960	0	5	0	960
1290	12400	1	1	5	1	0	0	1	17	94	5	27	32256	960	0	5	0	960
1290	12419	1	1	5	1	2	3	0	20	13	3	26	32256	728	2144	3	2	728
1290	12421	2	1	4	1	1	3	0	18	30	4	26	32256	728	2144	3	1	728
1290	12422	2	2	4	1	1	3	0	20	13	3	26	31104	294	16408	3	1	294,728
1290	12425	2	1	4	1	1	3	0	18	30	4	26	32256	728	2144	3	1	728
1290	12426	2	2	4	1	1	3	0	20	13	3	26	31104	294	16404	3	1	294,728
1290	12428	2	1	4	1	1	1	0	18	30	4	26	31104	864	512	3	1	864
1290	12433	1	1	5	1	2	3	0	20	13	3	26	32256	728	2144	3	2	728
1290	12434	1	2	5	1	2	3	0	22	3	2	26	31104	294	16396	3	2	294,728
1290	12436	2	2	4	1	1	3	0	20	13	3	26	31104	294	16394	3	1	294,728
1290	12440	2	2	4	1	1	3	0	20	13	3	26	31104	294	16390	3	1	294,728
1290	12449	2	3	4	1	0	0	1	17	94	5	27	32256	960	0	4	0	720,960,976
1290	12450	2	4	4	1	0	0	1	19	77	4	27	32256	960	0	4	0	302,720,960,976
1290	12452	2	2	4	1	0	0	1	17	94	5	27	32256	960	0	4	0	960,976
1290	12456	2	2	4	1	0	0	1	17	94	5	27	32256	960	0	4	0	960,976
1290	12464	2	4	4	1	0	0	1	19	77	4	27	32256	960	0	4	0	302,720,960,976
1290	12481	2	3	4	1	0	0	1	17	94	5	27	32256	960	0	4	0	720,960,976
1290	12482	2	4	4	1	0	0	1	19	77	4	27	32256	960	0	4	0	302,720,960,976
1290	12484	2	2	4	1	0	0	1	17	94	5	27	32256	960	0	4	0	960,976
1290	12488	2	2	4	1	0	0	1	17	94	5	27	32256	960	0	4	0	960,976
1290	12496	2	4	4	1	0	0	1	19	77	4	27	32256	960	0	4	0	302,720,960,976
1290	12512	1	1	5	1	0	0	1	16	222	6	28	32256	960	0	5	0	960
1290	12547	1	1	5	1	2	3	0	20	13	3	26	32256	728	2144	3	2	728
1290	12549	2	1	4	1	1	3	0	18	30	4	26	32256	728	2144	3	1	728
1290	12550	2	2	4	1	1	3	0	20	13	3	26	31104	294	16408	3	1	294,728
1290	12553	2	1	4	1	1	3	0	18	30	4	26	32256	728	2144	3	1	728
1290	12554	2	2	4	1	1	3	0	20	13	3	26	31104	294	16404	3	1	294,728
1290	12556	2	1	4	1	1	1	0	18	30	4	26	31104	864	512	3	1	864
1290	12561	1	1	5	1	2	3	0	20	13	3	26	32256	728	2144	3	2	728
1290	12562	1	2	5	1	2	3	0	22	3	2	26	31104	294	16396	3	2	294,728
1290	12564	2	2	4	1	1	3	0	20	13	3	26	31104	294	16394	3	1	294,728
1290	12568	2	2	4	1	1	3	0	20	13	3	26	31104	294	16390	3	1	294,728
1290	12577	2	3	4	1	0	0	1	17	94	5	27	32256	960	0	4	0	720,960,976
1290	12578	2	4	4	1	0	0	1	19	77	4	27	32256	960	0	4	0	302,720,960,976
1290	12580	2	2	4	1	0	0	1	17	94	5	27	32256	960	0	4	0	960,976
1290	12584	2	2	4	1	0	0	1	17	94	5	27	32256	960	0	4	0	960,976
1290	12592	2	4	4	1	0	0	1	19	77	4	27	32256	960	0	4	0	302,720,960,976
1290	12609	2	3	4	1	0	0	1	17	94	5	27	32256	960	0	4	0	720,960,976
1290	12610	2	4	4	1	0	0	1	19	77	4	27	32256	960	0	4	0	302,720,960,976
1290	12612	2	2	4	1	0	0	1	17	94	5	27	32256	960	0	4	0	960,976
1290	12616	2	2	4	1	0	0	1	17	94	5	27	32256	960	0	4	0	960,976
1290	12624	2	4	4	1	0	0	1	19	77	4	27	32256	960	0	4	0	302,720,960,976
1290	12640	1	1	5	1	0	0	1	16	222	6	28	32256	960	0	5	0	960
1290	12673	1	1	5	1	0	0	1	23	3	2	27	32256	960	0	5	0	960
1290	12674	1	1	5	1	0	0	1	25	1	1	27	32256	960	0	5	0	960
1290	12676	1	3	5	1	0	0	1	23	3	2	27	32256	960	0	5	0	832,836,960
1290	12680	1	3	5	1	0	0	1	23	3	2	27	32256	960	0	5	0	832,836,960
1290	12688	1	1	5	1	0	0	1	25	1	1	27	32256	960	0	5	0	960
1290	12704	1	1	5	1	0	0	1	20	75	4	28	32256	960	0	5	0	960
1290	12736	1	1	5	1	0	0	1	20	75	4	28	32256	960	0	5	0	960
1290	12803	1	2	5	1	3	3	0	18	236	5	26	31104	355	16396	2	3	664,668
1290	12805	2	4	4	1	1	2	0	16	94	5	26	31104	354	16392	3	1	354,358,664,668
1290	12806	2	4	4	1	1	2	0	18	236	5	26	31104	354	16392	3	1	354,358,664,668
1290	12809	2	4	4	1	1	2	0	16	94	5	26	31104	354	16388	3	1	354,358,664,668
1290	12810	2	4	4	1	1	2	0	18	236	5	26	31104	354	16388	3	1	354,358,664,668
1290	12812	2	1	4	1	0	0	1	16	94	5	26	31104	864	0	4	0	864
1290	12817	1	2	5	1	3	3	0	18	236	5	26	31104	358	16396	2	3	358,664
1290	12818	1	2	5	1	3	3	0	16	94	5	26	31104	358	16396	2	3	358,664
1290	12820	2	4	4	1	1	2	0	18	236	5	26	31104	356	16392	3	1	356,358,664,666
1290	12824	2	4	4	1	1	2	0	18	236	5	26	31104	356	16388	3	1	356,358,664,666
1290	12833	2	5	4	1	1	1	0	17	94	5	27	32256	912	64	3	1	358,366,656,664,912
1290	12834	2	5	4	1	1	1	0	19	236	5	27	32256	912	64	3	1	358,366,656,664,912
1290	12836	2	1	4	1	1	1	0	17	94	5	27	32256	912	64	3	1	912
1290	12840	2	1	4	1	1	1	0	17	94	5	27	32256	912	64	3	1	912
1290	12848	2	5	4	1	1	1	0	19	236	5	27	32256	912	64	3	1	364,366,656,658,912
1290	12865	2	5	4	1	1	1	0	17	94	5	27	32256	912	32	3	1	358,366,656,664,912
1290	12866	2	5	4	1	1	1	0	19	236	5	27	32256	912	32	3	1	358,366,656,664,912
1290	12868	2	1	4	1	1	1	0	17	94	5	27	32256	912	32	3	1	912
1290	12872	2	1	4	1	1	1	0	17	94	5	27	32256	912	32	3	1	912
1290	12880	2	5	4	1	1	1	0	19	236	5	27	32256	912	32	3	1	364,366,656,658,912
1290	12896	1	1	5	1	0	0	1	18	94	5	28	32256	896	0	5	0	896
1290	12929	2	4	4	1	1	3	0	19	86	4	27	31104	326	16396	3	1	326,334,688,696
1290	12930	2	4	4	1	1	3	0	19	77	4	27	31104	326	16396	3	1	326,334,688,696
1290	12932	2	2	4	1	0	0	1	19	86	4	27	31104	832	0	4	0	832,836
1290	12936	2	2	4	1	0	0	1	19	86	4	27	31104	832	0	4	0	832,836
1290	12944	2	4	4	1	1	3	0	19	77	4	27	31104	332	16396	3	1	332,334,688,690
1290	12960	2	2	4	1	0	0	1	18	94	5	28	32256	896	0	4	0	896,928
1290	12992	2	2	4	1	0	0	1	18	94	5	28	32256	896	0	4	0	896,928
1290	13057	2	4	4	1	1	3	0	19	86	4	27	31104	326	16396	3	1	326,334,688,696
1290	13058	2	4	4	1	1	3	0	19	77	4	27	31104	326	16396	3	1	326,334,688,696
1290	13060	2	2	4	1	0	0	1	19	86	4	27	31104	832	0	4	0	832,836
1290	13064	2	2	4	1	0	0	1	19	86	4	27	31104	832	0	4	0	832,836
1290	13072	2	4	4	1	1	3	0	19	77	4	27	31104	332	16396	3	1	332,334,688,690
1290	13088	2	2	4	1	0	0	1	18	94	5	28	32256	896	0	4	0	896,928
1290	13120	2	2	4	1	0	0	1	18	94	5	28	32256	896	0	4	0	896,928
1290	13184	1	1	5	1	0	0	1	22	11	3	28	32256	896	0	5	0	896
1290	13315	1	1	5	1	2	3	0	20	13	3	26	32256	664	2144	2	3	664
1290	13317	2	2	4	1	2	2	0	16	94	5	26	32256	920	96	2	2	664,920
1290	13318	2	3	4	1	1	2	0	18	77	4	26	32256	920	96	2	2	358,664,920
1290	13321	2	2	4	1	2	2	0	16	94	5	26	32256	920	96	2	2	664,920
1290	13322	2	3	4	1	1	2	0	18	77	4	26	32256	920	96	2	2	358,664,920
1290	13324	2	1	4	1	2	2	0	14	222	6	26	32256	920	96	2	2	920
1290	13329	1	1	5	1	2	3	0	20	13	3	26	32256	664	2144	2	3	664
1290	13330	1	2	5	1	1	3	0	22	3	2	26	31104	358	16396	4	1	358,664
1290	13332	2	3	4	1	1	2	0	18	77	4	26	32256	920	96	2	2	358,664,920
1290	13336	2	3	4	1	1	2	0	18	77	4	26	32256	920	96	2	2	358,664,920
1290	13345	1	1	5	1	1	1	0	19	30	4	27	32256	912	64	4	1	912
1290	13346	1	1	5	1	1	1	0	21	13	3	27	32256	912	64	4	1	912
1290	13348	1	1	5	1	1	1	0	17	94	5	27	32256	912	64	4	1	912
1290	13352	1	1	5	1	1	1	0	17	94	5	27	32256	912	64	4	1	912
1290	13360	1	1	5	1	1	1	0	21	13	3	27	32256	912	64	4	1	912
1290	13377	1	1	5	1	1	1	0	19	30	4	27	32256	912	32	4	1	912
1290	13378	1	1	5	1	1	1	0	21	13	3	27	32256	912	32	4	1	912
1290	13380	1	1	5	1	1	1	0	17	94	5	27	32256	912	32	4	1	912
1290	13384	1	1	5	1	1	1	0	17	94	5	27	32256	912	32	4	1	912
1290	13392	1	1	5	1	1	1	0	21	13	3	27	32256	912	32	4	1	912
1290	13408	0	1	6	0	0	0	1	20	30	4	28	32256	896	0	6	0	896
1290	13441	2	6	4	1	0	0	1	21	76	3	27	32256	896	0	4	0	688,896,912,928,944,960
1290	13442	2	8	4	1	0	0	2	23	12	2	27	31104	832	0	4	0	334,688,832,896,912,928,944,960
1290	13444	2	5	4	1	0	0	1	19	77	4	27	32256	896	0	4	0	896,912,928,944,960
1290	13448	2	5	4	1	0	0	1	19	77	4	27	32256	896	0	4	0	896,912,928,944,960
1290	13456	2	8	4	1	0	0	2	23	12	2	27	31104	832	0	4	0	334,688,832,896,912,928,944,960
1290	13472	1	2	5	1	0	0	1	20	77	4	28	32256	896	0	5	0	896,928
1290	13504	1	2	5	1	0	0	1	20	77	4	28	32256	896	0	5	0	896,928
1290	13569	2	6	4	1	0	0	1	21	76	3	27	32256	896	0	4	0	688,896,912,928,944,960
1290	13570	2	8	4	1	0	0	2	23	12	2	27	31104	832	0	4	0	334,688,832,896,912,928,944,960
1290	13572	2	5	4	1	0	0	1	19	77	4	27	32256	896	0	4	0	896,912,928,944,960
1290	13576	2	5	4	1	0	0	1	19	77	4	27	32256	896	0	4	0	896,912,928,944,960
1290	13584	2	8	4	1	0	0	2	23	12	2	27	31104	832	0	4	0	334,688,832,896,912,928,944,960
1290	13600	1	2	5	1	0	0	1	20	77	4	28	32256	896	0	5	0	896,928
1290	13632	1	2	5	1	0	0	1	20	77	4	28	32256	896	0	5	0	896,928
1290	13696	0	1	6	0	0	0	1	24	3	2	28	32256	896	0	6	0	896
1290	13825	2	6	4	1	0	0	1	21	13	3	27	31104	960	0	4	0	454,462,560,568,816,960
1290	13826	2	6	4	1	0	0	1	21	13	3	27	31104	960	0	4	0	454,462,560,568,816,960
1290	13828	2	2	4	1	0	0	1	19	77	4	27	31104	960	0	4	0	816,960
1290	13832	2	2	4	1	0	0	1	19	77	4	27	31104	960	0	4	0	816,960
1290	13840	2	6	4	1	0	0	1	21	13	3	27	31104	960	0	4	0	460,462,560,562,816,960
1290	13856	1	1	5	1	1	1	0	22	13	3	28	32256	800	64	4	1	800
1290	13888	1	1	5	1	1	1	0	22	13	3	28	32256	800	32	4	1	800
1290	13952	1	1	5	1	0	0	1	22	13	3	28	31104	896	0	5	0	896
1290	14080	1	1	5	1	0	0	1	22	13	3	28	31104	896	0	5	0	896
1290	14339	0	1	6	0	4	2	0	17	94	5	27	32256	920	96	2	4	920
1290	14341	0	1	6	0	4	2	0	17	94	5	27	32256	920	96	2	4	920
1290	14342	0	1	6	0	4	2	0	19	86	4	27	32256	920	96	2	4	920
1290	14345	0	1	6	0	4	2	0	17	94	5	27	32256	920	96	2	4	920
1290	14346	0	1	6	0	4	2	0	19	86	4	27	32256	920	96	2	4	920
1290	14348	0	1	6	0	4	2	0	19	30	4	27	32256	920	96	2	4	920
1290	14353	0	1	6	0	4	2	0	17	94	5	27	32256	920	96	2	4	920
1290	14354	0	1	6	0	4	2	0	19	30	4	27	32256	920	96	2	4	920
1290	14356	0	1	6	0	4	2	0	19	86	4	27	32256	920	96	2	4	920
1290	14360	0	1	6	0	4	2	0	19	86	4	27	32256	920	96	2	4	920
1290	14369	0	1	6	0	2	1	0	16	222	6	28	32256	912	64	4	2	912
1290	14370	0	1	6	0	2	1	0	18	94	5	28	32256	912	64	4	2	912
1290	14372	0	1	6	0	2	1	0	18	94	5	28	32256	912	64	4	2	912
1290	14376	0	1	6	0	2	1	0	18	94	5	28	32256	912	64	4	2	912
1290	14384	0	1	6	0	2	1	0	18	94	5	28	32256	912	64	4	2	912
1290	14401	0	1	6	0	2	1	0	16	222	6	28	32256	912	32	4	2	912
1290	14402	0	1	6	0	2	1	0	18	94	5	28	32256	912	32	4	2	912
1290	14404	0	1	6	0	2	1	0	18	94	5	28	32256	912	32	4	2	912
1290	14408	0	1	6	0	2	1	0	18	94	5	28	32256	912	32	4	2	912
1290	14416	0	1	6	0	2	1	0	18	94	5	28	32256	912	32	4	2	912
1290	14432	0	1	6	0	0	0	1	17	222	6	29	32256	896	0	6	0	896
1290	14465	0	1	6	0	2	2	0	22	11	3	28	32256	944	96	4	2	944
1290	14466	0	1	6	0	2	2	0	24	3	2	28	32256	944	96	4	2	944
1290	14468	0	1	6	0	2	2	0	24	3	2	28	32256	944	96	4	2	944
1290	14472	0	1	6	0	2	2	0	24	3	2	28	32256	944	96	4	2	944
1290	14480	0	1	6	0	2	2	0	24	3	2	28	32256	944	96	4	2	944
1290	14496	0	1	6	0	1	1	0	21	75	4	29	32256	928	64	5	1	928
1290	14528	0	1	6	0	1	1	0	21	75	4	29	32256	928	32	5	1	928
1290	14593	0	1	6	0	2	2	0	22	11	3	28	32256	944	96	4	2	944
1290	14594	0	1	6	0	2	2	0	24	3	2	28	32256	944	96	4	2	944
1290	14596	0	1	6	0	2	2	0	24	3	2	28	32256	944	96	4	2	944
1290	14600	0	1	6	0	2	2	0	24	3	2	28	32256	944	96	4	2	944
1290	14608	0	1	6	0	2	2	0	24	3	2	28	32256	944	96	4	2	944
1290	14624	0	1	6	0	1	1	0	21	75	4	29	32256	928	64	5	1	928
1290	14656	0	1	6	0	1	1	0	21	75	4	29	32256	928	32	5	1	928
1290	14720	0	4	6	0	0	0	1	29	0	0	29	32256	896	0	6	0	896,928,960,992
1290	14849	0	1	6	0	4	2	0	20	77	4	28	32256	816	96	2	4	816
1290	14850	0	1	6	0	4	2	0	20	77	4	28	32256	816	96	2	4	816
1290	14852	0	1	6	0	3	2	0	22	13	3	28	32256	816	96	2	4	816
1290	14856	0	1	6	0	3	2	0	22	13	3	28	32256	816	96	2	4	816
1290	14864	0	1	6	0	4	2	0	20	77	4	28	32256	816	96	2	4	816
1290	14880	0	1	6	0	2	1	0	21	77	4	29	32256	800	64	4	2	800
1290	14912	0	1	6	0	2	1	0	21	77	4	29	32256	800	32	4	2	800
1290	14976	0	1	6	0	2	2	0	25	3	2	29	32256	864	96	4	2	864
1290	15104	0	1	6	0	2	2	0	25	3	2	29	32256	864	96	4	2	864
1290	15361	0	1	6	0	4	2	0	20	77	4	28	32256	816	96	2	4	816
1290	15362	0	1	6	0	3	2	0	22	13	3	28	32256	816	96	2	4	816
1290	15364	0	1	6	0	4	2	0	20	77	4	28	32256	816	96	2	4	816
1290	15368	0	1	6	0	4	2	0	20	77	4	28	32256	816	96	2	4	816
1290	15376	0	1	6	0	3	2	0	22	13	3	28	32256	816	96	2	4	816
1290	15392	0	1	6	0	2	1	0	21	77	4	29	32256	800	64	4	2	800
1290	15424	0	1	6	0	2	1	0	21	77	4	29	32256	800	32	4	2	800
1290	15488	0	1	6	0	2	2	0	25	3	2	29	32256	864	96	4	2	864
1290	15616	0	1	6	0	2	2	0	25	3	2	29	32256	864	96	4	2	864
1290	15872	0	1	6	0	2	2	0	25	12	2	29	32256	608	96	2	4	608
1290	16399	1	1	5	1	0	0	1	15	75	4	23	31104	920	0	5	0	920
1290	16407	1	1	5	1	0	0	1	15	75	4	23	31104	920	0	5	0	920
1290	16411	1	1	5	1	0	0	1	15	75	4	23	31104	920	0	5	0	920
1290	16413	1	1	5	1	0	0	1	15	75	4	23	31104	920	0	5	0	920
1290	16414	0	1	6	0	0	0	1	15	75	4	23	31104	920	0	6	0	920
1290	16423	2	1	4	1	0	0	1	18	11	3	24	31104	920	0	4	0	920
1290	16427	2	1	4	1	0	0	1	18	11	3	24	31104	920	0	4	0	920
1290	16429	2	1	4	1	0	0	1	18	11	3	24	31104	920	0	4	0	920
1290	16430	1	1	5	1	0	0	1	18	11	3	24	31104	920	0	5	0	920
1290	16435	2	1	4	1	0	0	1	18	11	3	24	31104	920	0	4	0	920
1290	16437	2	1	4	1	0	0	1	18	11	3	24	31104	920	0	4	0	920
1290	16438	1	1	5	1	0	0	1	18	11	3	24	31104	920	0	5	0	920
1290	16441	2	1	4	1	0	0	1	18	11	3	24	31104	920	0	4	0	920
1290	16442	1	1	5	1	0	0	1	18	11	3	24	31104	920	0	5	0	920
1290	16444	1	1	5	1	0	0	1	18	11	3	24	31104	920	0	5	0	920
1290	16455	2	1	4	1	0	0	1	18	11	3	24	31104	920	0	4	0	920
1290	16459	2	1	4	1	0	0	1	18	11	3	24	31104	920	0	4	0	920
1290	16461	2	1	4	1	0	0	1	18	11	3	24	31104	920	0	4	0	920
1290	16462	1	1	5	1	0	0	1	18	11	3	24	31104	920	0	5	0	920
1290	16467	2	1	4	1	0	0	1	18	11	3	24	31104	920	0	4	0	920
1290	16469	2	1	4	1	0	0	1	18	11	3	24	31104	920	0	4	0	920
1290	16470	1	1	5	1	0	0	1	18	11	3	24	31104	920	0	5	0	920
1290	16473	2	1	4	1	0	0	1	18	11	3	24	31104	920	0	4	0	920
1290	16474	1	1	5	1	0	0	1	18	11	3	24	31104	920	0	5	0	920
1290	16476	1	1	5	1	0	0	1	18	11	3	24	31104	920	0	5	0	920
1290	16483	2	2	4	1	0	0	1	21	3	2	25	32256	992	0	4	0	864,992
1290	16485	2	2	4	1	0	0	1	21	3	2	25	32256	992	0	4	0	736,992
1290	16486	2	2	4	1	0	0	2	21	3	2	25	31104	920	0	4	0	920,992
1290	16489	2	2	4	1	0	0	1	21	3	2	25	32256	992	0	4	0	736,992
1290	16490	2	2	4	1	0	0	2	21	3	2	25	31104	920	0	4	0	920,992
1290	16492	2	3	4	1	0	0	2	21	3	2	25	31104	920	0	4	0	736,920,992
1290	16497	2	2	4	1	0	0	1	21	3	2	25	32256	992	0	4	0	864,992
1290	16498	2	3	4	1	0	0	2	21	3	2	25	31104	920	0	4	0	864,920,992
1290	16500	2	2	4	1	0	0	2	21	3	2	25	31104	920	0	4	0	920,992
1290	16504	2	2	4	1	0	0	2	21	3	2	25	31104	920	0	4	0	920,992
1290	16519	2	1	4	1	0	0	1	16	75	4	24	31104	912	0	4	0	912
1290	16523	2	1	4	1	0	0	1	16	75	4	24	31104	912	0	4	0	912
1290	16525	2	2	4	1	0	0	1	16	75	4	24	31104	912	0	4	0	912,944
1290	16526	1	1	5	1	0	0	1	16	75	4	24	31104	912	0	5	0	912
1290	16531	2	2	4	1	0	0	1	16	75	4	24	31104	912	0	4	0	912,976
1290	16533	2	1	4	1	0	0	1	16	75	4	24	31104	912	0	4	0	912
1290	16534	1	1	5	1	0	0	1	16	75	4	24	31104	912	0	5	0	912
1290	16537	2	1	4	1	0	0	1	16	75	4	24	31104	912	0	4	0	912
1290	16538	1	1	5	1	0	0	1	16	75	4	24	31104	912	0	5	0	912
1290	16540	1	1	5	1	0	0	1	16	75	4	24	31104	912	0	5	0	912
1290	16547	3	4	3	1	0	0	2	17	77	4	25	31104	912	0	3	0	852,912,976,992
1290	16549	3	4	3	1	0	0	2	17	77	4	25	31104	912	0	3	0	690,912,944,992
1290	16550	2	1	4	1	0	0	1	17	77	4	25	31104	912	0	4	0	912
1290	16553	3	4	3	1	0	0	2	17	77	4	25	31104	912	0	3	0	690,912,944,992
1290	16554	2	1	4	1	0	0	1	17	77	4	25	31104	912	0	4	0	912
1290	16556	2	2	4	1	0	0	1	17	77	4	25	31104	912	0	4	0	912,944
1290	16561	3	4	3	1	0	0	2	17	77	4	25	31104	912	0	3	0	174,912,976,992
1290	16562	2	2	4	1	0	0	1	17	77	4	25	31104	912	0	4	0	912,976
1290	16564	2	1	4	1	0	0	1	17	77	4	25	31104	912	0	4	0	912
1290	16568	2	1	4	1	0	0	1	17	77	4	25	31104	912	0	4	0	912
1290	16579	3	4	3	1	0	0	2	17	77	4	25	31104	912	0	3	0	852,912,976,992
1290	16581	3	4	3	1	0	0	2	17	77	4	25	31104	912	0	3	0	690,912,944,992
1290	16582	2	1	4	1	0	0	1	17	77	4	25	31104	912	0	4	0	912
1290	16585	3	4	3	1	0	0	2	17	77	4	25	31104	912	0	3	0	690,912,944,992
1290	16586	2	1	4	1	0	0	1	17	77	4	25	31104	912	0	4	0	912
1290	16588	2	2	4	1	0	0	1	17	77	4	25	31104	912	0	4	0	912,944
1290	16593	3	4	3	1	0	0	2	17	77	4	25	31104	912	0	3	0	174,912,976,992
1290	16594	2	2	4	1	0	0	1	17	77	4	25	31104	912	0	4	0	912,976
1290	16596	2	1	4	1	0	0	1	17	77	4	25	31104	912	0	4	0	912
1290	16600	2	1	4	1	0	0	1	17	77	4	25	31104	912	0	4	0	912
1290	16609	2	1	4	1	0	0	1	18	77	4	26	32256	992	0	4	0	992
1290	16610	2	1	4	1	0	0	1	18	77	4	26	32256	992	0	4	0	992
1290	16612	2	1	4	1	0	0	1	18	77	4	26	32256	992	0	4	0	992
1290	16616	2	1	4	1	0	0	1	18	77	4	26	32256	992	0	4	0	992
1290	16624	2	1	4	1	0	0	1	18	77	4	26	32256	992	0	4	0	992
1290	16647	2	1	4	1	0	0	1	16	75	4	24	31104	912	0	4	0	912
1290	16651	2	1	4	1	0	0	1	16	75	4	24	31104	912	0	4	0	912
1290	16653	2	2	4	1	0	0	1	16	75	4	24	31104	912	0	4	0	912,944
1290	16654	1	1	5	1	0	0	1	16	75	4	24	31104	912	0	5	0	912
1290	16659	2	2	4	1	0	0	1	16	75	4	24	31104	912	0	4	0	912,976
1290	16661	2	1	4	1	0	0	1	16	75	4	24	31104	912	0	4	0	912
1290	16662	1	1	5	1	0	0	1	16	75	4	24	31104	912	0	5	0	912
1290	16665	2	1	4	1	0	0	1	16	75	4	24	31104	912	0	4	0	912
1290	16666	1	1	5	1	0	0	1	16	75	4	24	31104	912	0	5	0	912
1290	16668	1	1	5	1	0	0	1	16	75	4	24	31104	912	0	5	0	912
1290	16675	3	4	3	1	0	0	2	17	77	4	25	31104	912	0	3	0	852,912,976,992
1290	16677	3	4	3	1	0	0	2	17	77	4	25	31104	912	0	3	0	690,912,944,992
1290	16678	2	1	4	1	0	0	1	17	77	4	25	31104	912	0	4	0	912
1290	16681	3	4	3	1	0	0	2	17	77	4	25	31104	912	0	3	0	690,912,944,992
1290	16682	2	1	4	1	0	0	1	17	77	4	25	31104	912	0	4	0	912
1290	16684	2	2	4	1	0	0	1	17	77	4	25	31104	912	0	4	0	912,944
1290	16689	3	4	3	1	0	0	2	17	77	4	25	31104	912	0	3	0	174,912,976,992
1290	16690	2	2	4	1	0	0	1	17	77	4	25	31104	912	0	4	0	912,976
1290	16692	2	1	4	1	0	0	1	17	77	4	25	31104	912	0	4	0	912
1290	16696	2	1	4	1	0	0	1	17	77	4	25	31104	912	0	4	0	912
1290	16707	3	4	3	1	0	0	2	17	77	4	25	31104	912	0	3	0	852,912,976,992
1290	16709	3	4	3	1	0	0	2	17	77	4	25	31104	912	0	3	0	690,912,944,992
1290	16710	2	1	4	1	0	0	1	17	77	4	25	31104	912	0	4	0	912
1290	16713	3	4	3	1	0	0	2	17	77	4	25	31104	912	0	3	0	690,912,944,992
1290	16714	2	1	4	1	0	0	1	17	77	4	25	31104	912	0	4	0	912
1290	16716	2	2	4	1	0	0	1	17	77	4	25	31104	912	0	4	0	912,944
1290	16721	3	4	3	1	0	0	2	17	77	4	25	31104	912	0	3	0	174,912,976,992
1290	16722	2	2	4	1	0	0	1	17	77	4	25	31104	912	0	4	0	912,976
1290	16724	2	1	4	1	0	0	1	17	77	4	25	31104	912	0	4	0	912
1290	16728	2	1	4	1	0	0	1	17	77	4	25	31104	912	0	4	0	912
1290	16737	2	1	4	1	0	0	1	18	77	4	26	32256	992	0	4	0	992
1290	16738	2	1	4	1	0	0	1	18	77	4	26	32256	992	0	4	0	992
1290	16740	2	1	4	1	0	0	1	18	77	4	26	32256	992	0	4	0	992
1290	16744	2	1	4	1	0	0	1	18	77	4	26	32256	992	0	4	0	992
1290	16752	2	1	4	1	0	0	1	18	77	4	26	32256	992	0	4	0	992
1290	16771	2	2	4	1	0	0	1	17	75	4	25	32256	992	0	4	0	960,992
1290	16773	2	2	4	1	0	0	1	17	75	4	25	32256	992	0	4	0	928,992
1290	16774	2	4	4	1	0	0	2	17	75	4	25	31104	896	0	4	0	896,928,960,992
1290	16777	2	2	4	1	0	0	1	17	75	4	25	32256	992	0	4	0	928,992
1290	16778	2	4	4	1	0	0	2	17	75	4	25	31104	896	0	4	0	896,928,960,992
1290	16780	1	1	5	1	1	1	0	17	75	4	25	31104	928	512	4	1	928
1290	16785	2	2	4	1	0	0	1	17	75	4	25	32256	992	0	4	0	960,992
1290	16786	1	1	5	1	1	1	0	17	75	4	25	31104	960	1024	4	1	960
1290	16788	2	4	4	1	0	0	2	17	75	4	25	31104	896	0	4	0	896,928,960,992
1290	16792	2	4	4	1	0	0	2	17	75	4	25	31104	896	0	4	0	896,928,960,992
1290	16801	2	1	4	1	0	0	1	16	94	5	26	32256	992	0	4	0	992
1290	16802	2	2	4	1	0	0	1	16	94	5	26	32256	992	0	4	0	960,992
1290	16804	2	2	4	1	0	0	1	16	94	5	26	32256	992	0	4	0	928,992
1290	16808	2	2	4	1	0	0	1	16	94	5	26	32256	992	0	4	0	928,992
1290	16816	2	2	4	1	0	0	1	16	94	5	26	32256	992	0	4	0	960,992
1290	16833	2	1	4	1	0	0	1	16	94	5	26	32256	992	0	4	0	992
1290	16834	2	2	4	1	0	0	1	16	94	5	26	32256	992	0	4	0	960,992
1290	16836	2	2	4	1	0	0	1	16	94	5	26	32256	992	0	4	0	928,992
1290	16840	2	2	4	1	0	0	1	16	94	5	26	32256	992	0	4	0	928,992
1290	16848	2	2	4	1	0	0	1	16	94	5	26	32256	992	0	4	0	960,992
1290	16864	2	1	4	1	0	0	1	15	222	6	27	32256	992	0	4	0	992
1290	16903	1	1	5	1	0	0	1	16	77	4	24	31104	944	0	5	0	944
1290	16907	1	1	5	1	0	0	1	16	77	4	24	31104	944	0	5	0	944
1290	16909	0	1	6	0	0	0	1	18	11	3	24	31104	944	0	6	0	944
1290	16910	0	1	6	0	0	0	1	16	77	4	24	31104	944	0	6	0	944
1290	16915	2	1	4	1	0	0	1	14	94	5	24	31104	944	0	4	0	944
1290	16917	1	1	5	1	0	0	1	16	77	4	24	31104	944	0	5	0	944
1290	16918	1	1	5	1	0	0	1	14	94	5	24	31104	944	0	5	0	944
1290	16921	1	1	5	1	0	0	1	16	77	4	24	31104	944	0	5	0	944
1290	16922	1	1	5	1	0	0	1	14	94	5	24	31104	944	0	5	0	944
1290	16924	0	1	6	0	0	0	1	16	77	4	24	31104	944	0	6	0	944
1290	16931	2	1	4	1	0	0	1	19	13	3	25	31104	944	0	4	0	944
1290	16933	1	1	5	1	0	0	1	21	3	2	25	31104	944	0	5	0	944
1290	16934	1	1	5	1	0	0	1	19	13	3	25	31104	944	0	5	0	944
1290	16937	1	1	5	1	0	0	1	21	3	2	25	31104	944	0	5	0	944
1290	16938	1	1	5	1	0	0	1	19	13	3	25	31104	944	0	5	0	944
1290	16940	0	1	6	0	0	0	1	21	3	2	25	31104	944	0	6	0	944
1290	16945	2	1	4	1	0	0	1	19	13	3	25	31104	944	0	4	0	944
1290	16946	2	1	4	1	0	0	1	17	30	4	25	31104	944	0	4	0	944
1290	16948	1	1	5	1	0	0	1	19	13	3	25	31104	944	0	5	0	944
1290	16952	1	1	5	1	0	0	1	19	13	3	25	31104	944	0	5	0	944
1290	16963	2	1	4	1	0	0	1	19	13	3	25	31104	944	0	4	0	944
1290	16965	1	1	5	1	0	0	1	21	3	2	25	31104	944	0	5	0	944
1290	16966	1	1	5	1	0	0	1	19	13	3	25	31104	944	0	5	0	944
1290	16969	1	1	5	1	0	0	1	21	3	2	25	31104	944	0	5	0	944
1290	16970	1	1	5	1	0	0	1	19	13	3	25	31104	944	0	5	0	944
1290	16972	0	1	6	0	0	0	1	21	3	2	25	31104	944	0	6	0	944
1290	16977	2	1	4	1	0	0	1	19	13	3	25	31104	944	0	4	0	944
1290	16978	2	1	4	1	0	0	1	17	30	4	25	31104	944	0	4	0	944
1290	16980	1	1	5	1	0	0	1	19	13	3	25	31104	944	0	5	0	944
1290	16984	1	1	5	1	0	0	1	19	13	3	25	31104	944	0	5	0	944
1290	16993	1	1	5	1	0	0	1	24	1	1	26	32256	960	0	5	0	960
1290	16994	1	1	5	1	0	0	1	22	3	2	26	32256	960	0	5	0	960
1290	16996	1	2	5	1	0	0	2	24	1	1	26	31104	944	0	5	0	944,960
1290	17000	1	2	5	1	0	0	2	24	1	1	26	31104	944	0	5	0	944,960
1290	17008	1	1	5	1	0	0	1	22	3	2	26	32256	960	0	5	0	960
1290	17027	2	2	4	1	0	0	1	15	94	5	25	31104	928	0	4	0	928,992
1290	17029	1	1	5	1	0	0	1	17	77	4	25	31104	928	0	5	0	928
1290	17030	1	1	5	1	0	0	1	15	94	5	25	31104	928	0	5	0	928
1290	17033	1	1	5	1	0	0	1	17	77	4	25	31104	928	0	5	0	928
1290	17034	1	1	5	1	0	0	1	15	94	5	25	31104	928	0	5	0	928
1290	17036	0	1	6	0	0	0	1	17	77	4	25	31104	928	0	6	0	928
1290	17041	2	2	4	1	0	0	1	15	94	5	25	31104	928	0	4	0	928,992
1290	17042	2	2	4	1	0	0	1	13	222	6	25	31104	928	0	4	0	928,992
1290	17044	1	1	5	1	0	0	1	15	94	5	25	31104	928	0	5	0	928
1290	17048	1	1	5	1	0	0	1	15	94	5	25	31104	928	0	5	0	928
1290	17057	2	3	4	1	0	0	2	18	77	4	26	31104	928	0	4	0	928,960,992
1290	17058	2	3	4	1	0	0	2	16	94	5	26	31104	928	0	4	0	928,960,992
1290	17060	1	1	5	1	0	0	1	18	77	4	26	31104	928	0	5	0	928
1290	17064	1	1	5	1	0	0	1	18	77	4	26	31104	928	0	5	0	928
1290	17072	2	3	4	1	0	0	2	16	94	5	26	31104	928	0	4	0	928,960,992
1290	17089	2	3	4	1	0	0	2	18	77	4	26	31104	928	0	4	0	928,960,992
1290	17090	2	3	4	1	0	0	2	16	94	5	26	31104	928	0	4	0	928,960,992
1290	17092	1	1	5	1	0	0	1	18	77	4	26	31104	928	0	5	0	928
1290	17096	1	1	5	1	0	0	1	18	77	4	26	31104	928	0	5	0	928
1290	17104	2	3	4	1	0	0	2	16	94	5	26	31104	928	0	4	0	928,960,992
1290	17120	1	1	5	1	0	0	1	19	75	4	27	32256	960	0	5	0	960
1290	17155	2	2	4	1	0	0	1	15	94	5	25	31104	928	0	4	0	928,992
1290	17157	1	1	5	1	0	0	1	17	77	4	25	31104	928	0	5	0	928
1290	17158	1	1	5	1	0	0	1	15	94	5	25	31104	928	0	5	0	928
1290	17161	1	1	5	1	0	0	1	17	77	4	25	31104	928	0	5	0	928
1290	17162	1	1	5	1	0	0	1	15	94	5	25	31104	928	0	5	0	928
1290	17164	0	1	6	0	0	0	1	17	77	4	25	31104	928	0	6	0	928
1290	17169	2	2	4	1	0	0	1	15	94	5	25	31104	928	0	4	0	928,992
1290	17170	2	2	4	1	0	0	1	13	222	6	25	31104	928	0	4	0	928,992
1290	17172	1	1	5	1	0	0	1	15	94	5	25	31104	928	0	5	0	928
1290	17176	1	1	5	1	0	0	1	15	94	5	25	31104	928	0	5	0	928
1290	17185	2	3	4	1	0	0	2	18	77	4	26	31104	928	0	4	0	928,960,992
1290	17186	2	3	4	1	0	0	2	16	94	5	26	31104	928	0	4	0	928,960,992
1290	17188	1	1	5	1	0	0	1	18	77	4	26	31104	928	0	5	0	928
1290	17192	1	1	5	1	0	0	1	18	77	4	26	31104	928	0	5	0	928
1290	17200	2	3	4	1	0	0	2	16	94	5	26	31104	928	0	4	0	928,960,992
1290	17217	2	3	4	1	0	0	2	18	77	4	26	31104	928	0	4	0	928,960,992
1290	17218	2	3	4	1	0	0	2	16	94	5	26	31104	928	0	4	0	928,960,992
1290	17220	1	1	5	1	0	0	1	18	77	4	26	31104	928	0	5	0	928
1290	17224	1	1	5	1	0	0	1	18	77	4	26	31104	928	0	5	0	928
1290	17232	2	3	4	1	0	0	2	16	94	5	26	31104	928	0	4	0	928,960,992
1290	17248	1	1	5	1	0	0	1	19	75	4	27	32256	960	0	5	0	960
1290	17281	1	1	5	1	0	0	1	16	94	5	26	32256	960	0	5	0	960
1290	17282	1	1	5	1	0	0	1	14	222	6	26	32256	960	0	5	0	960
1290	17284	1	2	5	1	0	0	2	16	94	5	26	31104	896	0	5	0	896,960
1290	17288	1	2	5	1	0	0	2	16	94	5	26	31104	896	0	5	0	896,960
1290	17296	1	1	5	1	0	0	1	14	222	6	26	32256	960	0	5	0	960
1290	17312	1	1	5	1	0	0	1	15	222	6	27	32256	960	0	5	0	960
1290	17344	1	1	5	1	0	0	1	15	222	6	27	32256	960	0	5	0	960
1290	17415	1	1	5	1	0	0	1	16	77	4	24	31104	944	0	5	0	944
1290	17419	1	1	5	1	0	0	1	16	77	4	24	31104	944	0	5	0	944
1290	17421	2	1	4	1	0	0	1	14	94	5	24	31104	944	0	4	0	944
1290	17422	1	1	5	1	0	0	1	14	94	5	24	31104	944	0	5	0	944
1290	17427	0	1	6	0	0	0	1	18	11	3	24	31104	944	0	6	0	944
1290	17429	1	1	5	1	0	0	1	16	77	4	24	31104	944	0	5	0	944
1290	17430	0	1	6	0	0	0	1	16	77	4	24	31104	944	0	6	0	944
1290	17433	1	1	5	1	0	0	1	16	77	4	24	31104	944	0	5	0	944
1290	17434	0	1	6	0	0	0	1	16	77	4	24	31104	944	0	6	0	944
1290	17436	1	1	5	1	0	0	1	14	94	5	24	31104	944	0	5	0	944
1290	17443	1	1	5	1	0	0	1	21	3	2	25	31104	944	0	5	0	944
1290	17445	2	1	4	1	0	0	1	19	13	3	25	31104	944	0	4	0	944
1290	17446	1	1	5	1	0	0	1	19	13	3	25	31104	944	0	5	0	944
1290	17449	2	1	4	1	0	0	1	19	13	3	25	31104	944	0	4	0	944
1290	17450	1	1	5	1	0	0	1	19	13	3	25	31104	944	0	5	0	944
1290	17452	2	1	4	1	0	0	1	17	30	4	25	31104	944	0	4	0	944
1290	17457	1	1	5	1	0	0	1	21	3	2	25	31104	944	0	5	0	944
1290	17458	0	1	6	0	0	0	1	21	3	2	25	31104	944	0	6	0	944
1290	17460	1	1	5	1	0	0	1	19	13	3	25	31104	944	0	5	0	944
1290	17464	1	1	5	1	0	0	1	19	13	3	25	31104	944	0	5	0	944
1290	17475	1	1	5	1	0	0	1	21	3	2	25	31104	944	0	5	0	944
1290	17477	2	1	4	1	0	0	1	19	13	3	25	31104	944	0	4	0	944
1290	17478	1	1	5	1	0	0	1	19	13	3	25	31104	944	0	5	0	944
1290	17481	2	1	4	1	0	0	1	19	13	3	25	31104	944	0	4	0	944
1290	17482	1	1	5	1	0	0	1	19	13	3	25	31104	944	0	5	0	944
1290	17484	2	1	4	1	0	0	1	17	30	4	25	31104	944	0	4	0	944
1290	17489	1	1	5	1	0	0	1	21	3	2	25	31104	944	0	5	0	944
1290	17490	0	1	6	0	0	0	1	21	3	2	25	31104	944	0	6	0	944
1290	17492	1	1	5	1	0	0	1	19	13	3	25	31104	944	0	5	0	944
1290	17496	1	1	5	1	0	0	1	19	13	3	25	31104	944	0	5	0	944
1290	17505	1	1	5	1	0	0	1	24	1	1	26	32256	960	0	5	0	960
1290	17506	1	2	5	1	0	0	2	24	1	1	26	31104	944	0	5	0	944,960
1290	17508	1	1	5	1	0	0	1	22	3	2	26	32256	960	0	5	0	960
1290	17512	1	1	5	1	0	0	1	22	3	2	26	32256	960	0	5	0	960
1290	17520	1	2	5	1	0	0	2	24	1	1	26	31104	944	0	5	0	944,960
1290	17539	1	1	5	1	0	0	1	17	77	4	25	31104	928	0	5	0	928
1290	17541	2	2	4	1	0	0	1	15	94	5	25	31104	928	0	4	0	928,992
1290	17542	1	1	5	1	0	0	1	15	94	5	25	31104	928	0	5	0	928
1290	17545	2	2	4	1	0	0	1	15	94	5	25	31104	928	0	4	0	928,992
1290	17546	1	1	5	1	0	0	1	15	94	5	25	31104	928	0	5	0	928
1290	17548	2	2	4	1	0	0	1	13	222	6	25	31104	928	0	4	0	928,992
1290	17553	1	1	5	1	0	0	1	17	77	4	25	31104	928	0	5	0	928
1290	17554	0	1	6	0	0	0	1	17	77	4	25	31104	928	0	6	0	928
1290	17556	1	1	5	1	0	0	1	15	94	5	25	31104	928	0	5	0	928
1290	17560	1	1	5	1	0	0	1	15	94	5	25	31104	928	0	5	0	928
1290	17569	2	3	4	1	0	0	2	18	77	4	26	31104	928	0	4	0	928,960,992
1290	17570	1	1	5	1	0	0	1	18	77	4	26	31104	928	0	5	0	928
1290	17572	2	3	4	1	0	0	2	16	94	5	26	31104	928	0	4	0	928,960,992
1290	17576	2	3	4	1	0	0	2	16	94	5	26	31104	928	0	4	0	928,960,992
1290	17584	1	1	5	1	0	0	1	18	77	4	26	31104	928	0	5	0	928
1290	17601	2	3	4	1	0	0	2	18	77	4	26	31104	928	0	4	0	928,960,992
1290	17602	1	1	5	1	0	0	1	18	77	4	26	31104	928	0	5	0	928
1290	17604	2	3	4	1	0	0	2	16	94	5	26	31104	928	0	4	0	928,960,992
1290	17608	2	3	4	1	0	0	2	16	94	5	26	31104	928	0	4	0	928,960,992
1290	17616	1	1	5	1	0	0	1	18	77	4	26	31104	928	0	5	0	928
1290	17632	1	1	5	1	0	0	1	19	75	4	27	32256	960	0	5	0	960
1290	17667	1	1	5	1	0	0	1	17	77	4	25	31104	928	0	5	0	928
1290	17669	2	2	4	1	0	0	1	15	94	5	25	31104	928	0	4	0	928,992
1290	17670	1	1	5	1	0	0	1	15	94	5	25	31104	928	0	5	0	928
1290	17673	2	2	4	1	0	0	1	15	94	5	25	31104	928	0	4	0	928,992
1290	17674	1	1	5	1	0	0	1	15	94	5	25	31104	928	0	5	0	928
1290	17676	2	2	4	1	0	0	1	13	222	6	25	31104	928	0	4	0	928,992
1290	17681	1	1	5	1	0	0	1	17	77	4	25	31104	928	0	5	0	928
1290	17682	0	1	6	0	0	0	1	17	77	4	25	31104	928	0	6	0	928
1290	17684	1	1	5	1	0	0	1	15	94	5	25	31104	928	0	5	0	928
1290	17688	1	1	5	1	0	0	1	15	94	5	25	31104	928	0	5	0	928
1290	17697	2	3	4	1	0	0	2	18	77	4	26	31104	928	0	4	0	928,960,992
1290	17698	1	1	5	1	0	0	1	18	77	4	26	31104	928	0	5	0	928
1290	17700	2	3	4	1	0	0	2	16	94	5	26	31104	928	0	4	0	928,960,992
1290	17704	2	3	4	1	0	0	2	16	94	5	26	31104	928	0	4	0	928,960,992
1290	17712	1	1	5	1	0	0	1	18	77	4	26	31104	928	0	5	0	928
1290	17729	2	3	4	1	0	0	2	18	77	4	26	31104	928	0	4	0	928,960,992
1290	17730	1	1	5	1	0	0	1	18	77	4	26	31104	928	0	5	0	928
1290	17732	2	3	4	1	0	0	2	16	94	5	26	31104	928	0	4	0	928,960,992
1290	17736	2	3	4	1	0	0	2	16	94	5	26	31104	928	0	4	0	928,960,992
1290	17744	1	1	5	1	0	0	1	18	77	4	26	31104	928	0	5	0	928
1290	17760	1	1	5	1	0	0	1	19	75	4	27	32256	960	0	5	0	960
1290	17793	1	1	5	1	0	0	1	16	94	5	26	32256	960	0	5	0	960
1290	17794	1	2	5	1	0	0	2	16	94	5	26	31104	896	0	5	0	896,960
1290	17796	1	1	5	1	0	0	1	14	222	6	26	32256	960	0	5	0	960
1290	17800	1	1	5	1	0	0	1	14	222	6	26	32256	960	0	5	0	960
1290	17808	1	2	5	1	0	0	2	16	94	5	26	31104	896	0	5	0	896,960
1290	17824	1	1	5	1	0	0	1	15	222	6	27	32256	960	0	5	0	960
1290	17856	1	1	5	1	0	0	1	15	222	6	27	32256	960	0	5	0	960
1290	17923	0	1	6	0	0	0	1	19	13	3	25	31104	992	0	6	0	992
1290	17925	0	1	6	0	0	0	1	19	13	3	25	31104	992	0	6	0	992
1290	17926	0	1	6	0	0	0	1	17	86	4	25	31104	992	0	6	0	992
1290	17929	0	1	6	0	0	0	1	19	13	3	25	31104	992	0	6	0	992
1290	17930	0	1	6	0	0	0	1	17	86	4	25	31104	992	0	6	0	992
1290	17932	0	1	6	0	0	0	1	17	30	4	25	31104	992	0	6	0	992
1290	17937	0	1	6	0	0	0	1	19	13	3	25	31104	992	0	6	0	992
1290	17938	0	1	6	0	0	0	1	17	30	4	25	31104	992	0	6	0	992
1290	17940	0	1	6	0	0	0	1	17	86	4	25	31104	992	0	6	0	992
1290	17944	0	1	6	0	0	0	1	17	86	4	25	31104	992	0	6	0	992
1290	17953	0	1	6	0	0	0	1	24	1	1	26	31104	992	0	6	0	992
1290	17954	0	1	6	0	0	0	1	22	3	2	26	31104	992	0	6	0	992
1290	17956	0	1	6	0	0	0	1	22	3	2	26	31104	992	0	6	0	992
1290	17960	0	1	6	0	0	0	1	22	3	2	26	31104	992	0	6	0	992
1290	17968	0	1	6	0	0	0	1	22	3	2	26	31104	992	0	6	0	992
1290	17985	0	1	6	0	0	0	1	24	1	1	26	31104	992	0	6	0	992
1290	17986	0	1	6	0	0	0	1	22	3	2	26	31104	992	0	6	0	992
1290	17988	0	1	6	0	0	0	1	22	3	2	26	31104	992	0	6	0	992
1290	17992	0	1	6	0	0	0	1	22	3	2	26	31104	992	0	6	0	992
1290	18000	0	1	6	0	0	0	1	22	3	2	26	31104	992	0	6	0	992
1290	18016	0	4	6	0	0	0	2	27	0	0	27	31104	992	0	6	0	896,928,960,992
1290	18049	0	1	6	0	0	0	1	18	77	4	26	31104	960	0	6	0	960
1290	18050	0	1	6	0	0	0	1	16	94	5	26	31104	960	0	6	0	960
1290	18052	0	1	6	0	0	0	1	16	94	5	26	31104	960	0	6	0	960
1290	18056	0	1	6	0	0	0	1	16	94	5	26	31104	960	0	6	0	960
1290	18064	0	1	6	0	0	0	1	16	94	5	26	31104	960	0	6	0	960
1290	18080	0	1	6	0	0	0	1	19	75	4	27	31104	960	0	6	0	960
1290	18112	0	1	6	0	0	0	1	19	75	4	27	31104	960	0	6	0	960
1290	18177	0	1	6	0	0	0	1	18	77	4	26	31104	960	0	6	0	960
1290	18178	0	1	6	0	0	0	1	16	94	5	26	31104	960	0	6	0	960
1290	18180	0	1	6	0	0	0	1	16	94	5	26	31104	960	0	6	0	960
1290	18184	0	1	6	0	0	0	1	16	94	5	26	31104	960	0	6	0	960
1290	18192	0	1	6	0	0	0	1	16	94	5	26	31104	960	0	6	0	960
1290	18208	0	1	6	0	0	0	1	19	75	4	27	31104	960	0	6	0	960
1290	18240	0	1	6	0	0	0	1	19	75	4	27	31104	960	0	6	0	960
1290	18304	0	1	6	0	0	0	2	15	222	6	27	31104	896	0	6	0	896
1290	18439	2	2	4	1	0	0	1	15	94	5	25	31104	816	0	4	0	816,818
1290	18443	2	2	4	1	0	0	1	15	94	5	25	31104	816	0	4	0	816,818
1290	18445	2	5	4	1	0	0	1	17	77	4	25	31104	816	0	4	0	204,206,716,816,818
1290	18446	1	2	5	1	0	0	1	17	77	4	25	31104	816	0	5	0	816,818
1290	18451	2	2	4	1	0	0	1	13	222	6	25	31104	816	0	4	0	816,944
1290	18453	2	2	4	1	0	0	1	15	94	5	25	31104	816	0	4	0	206,816
1290	18454	1	1	5	1	0	0	1	15	94	5	25	31104	816	0	5	0	816
1290	18457	2	2	4	1	0	0	1	15	94	5	25	31104	816	0	4	0	206,816
1290	18458	1	1	5	1	0	0	1	15	94	5	25	31104	816	0	5	0	816
1290	18460	1	2	5	1	0	0	1	17	77	4	25	31104	816	0	5	0	816,818
1290	18467	3	7	3	1	0	0	2	16	94	5	26	31104	816	0	3	0	712,816,820,944,948,960,968
1290	18469	2	1	4	1	1	2	0	18	86	4	26	32256	712	4160	3	1	712
1290	18470	2	2	4	1	0	0	1	18	86	4	26	31104	816	0	4	0	816,820
1290	18473	2	1	4	1	1	2	0	18	86	4	26	32256	712	4160	3	1	712
1290	18474	2	2	4	1	0	0	1	18	86	4	26	31104	816	0	4	0	816,820
1290	18476	2	6	4	1	0	0	1	20	76	3	26	31104	816	0	4	0	310,712,816,818,820,822
1290	18481	3	7	3	1	0	0	2	16	94	5	26	31104	816	0	3	0	78,206,712,816,944,960,968
1290	18482	2	2	4	1	0	0	1	16	94	5	26	31104	816	0	4	0	816,944
1290	18484	2	2	4	1	0	0	1	18	86	4	26	31104	816	0	4	0	816,818
1290	18488	2	2	4	1	0	0	1	18	86	4	26	31104	816	0	4	0	816,818
1290	18499	3	7	3	1	0	0	2	16	94	5	26	31104	816	0	3	0	712,816,820,944,948,960,968
1290	18501	2	1	4	1	1	2	0	18	86	4	26	32256	712	4128	3	1	712
1290	18502	2	2	4	1	0	0	1	18	86	4	26	31104	816	0	4	0	816,820
1290	18505	2	1	4	1	1	2	0	18	86	4	26	32256	712	4128	3	1	712
1290	18506	2	2	4	1	0	0	1	18	86	4	26	31104	816	0	4	0	816,820
1290	18508	2	6	4	1	0	0	1	20	76	3	26	31104	816	0	4	0	310,712,816,818,820,822
1290	18513	3	7	3	1	0	0	2	16	94	5	26	31104	816	0	3	0	78,206,712,816,944,960,968
1290	18514	2	2	4	1	0	0	1	16	94	5	26	31104	816	0	4	0	816,944
1290	18516	2	2	4	1	0	0	1	18	86	4	26	31104	816	0	4	0	816,818
1290	18520	2	2	4	1	0	0	1	18	86	4	26	31104	816	0	4	0	816,818
1290	18529	1	1	5	1	0	0	1	19	77	4	27	32256	960	0	5	0	960
1290	18530	1	1	5	1	0	0	1	19	77	4	27	32256	960	0	5	0	960
1290	18532	1	1	5	1	0	0	1	21	76	3	27	32256	960	0	5	0	960
1290	18536	1	1	5	1	0	0	1	21	76	3	27	32256	960	0	5	0	960
1290	18544	1	1	5	1	0	0	1	19	77	4	27	32256	960	0	5	0	960
1290	18563	2	2	4	1	1	1	0	16	94	5	26	31104	928	1024	3	1	928,932
1290	18565	3	12	3	1	0	0	2	18	77	4	26	31104	800	0	3	0	90,94,218,222,728,800,804,864,928,932,960,992
1290	18566	2	4	4	1	0	0	1	18	77	4	26	31104	800	0	4	0	800,804,928,932
1290	18569	3	12	3	1	0	0	2	18	77	4	26	31104	800	0	3	0	90,94,218,222,728,800,804,864,928,932,960,992
1290	18570	2	4	4	1	0	0	1	18	77	4	26	31104	800	0	4	0	800,804,928,932
1290	18572	2	5	4	1	0	0	1	20	11	3	26	31104	800	0	4	0	800,802,804,806,864
1290	18577	2	2	4	1	1	1	0	16	94	5	26	31104	928	1024	3	1	94,928
1290	18578	1	1	5	1	1	1	0	16	94	5	26	31104	928	1024	4	1	928
1290	18580	2	4	4	1	0	0	1	18	77	4	26	31104	800	0	4	0	800,802,928,930
1290	18584	2	4	4	1	0	0	1	18	77	4	26	31104	800	0	4	0	800,802,928,930
1290	18593	2	1	4	1	0	0	1	19	236	5	27	32256	960	0	4	0	960
1290	18594	2	3	4	1	0	0	1	19	236	5	27	32256	960	0	4	0	928,936,960
1290	18596	2	1	4	1	0	0	1	19	86	4	27	32256	960	0	4	0	960
1290	18600	2	1	4	1	0	0	1	19	86	4	27	32256	960	0	4	0	960
1290	18608	2	3	4	1	0	0	1	19	236	5	27	32256	960	0	4	0	928,930,960
1290	18625	2	1	4	1	0	0	1	19	236	5	27	32256	960	0	4	0	960
1290	18626	2	3	4	1	0	0	1	19	236	5	27	32256	960	0	4	0	928,936,960
1290	18628	2	1	4	1	0	0	1	19	86	4	27	32256	960	0	4	0	960
1290	18632	2	1	4	1	0	0	1	19	86	4	27	32256	960	0	4	0	960
1290	18640	2	3	4	1	0	0	1	19	236	5	27	32256	960	0	4	0	928,930,960
1290	18656	1	1	5	1	0	0	1	18	94	5	28	32256	960	0	5	0	960
1290	18691	2	2	4	1	1	1	0	16	94	5	26	31104	928	1024	3	1	928,932
1290	18693	3	12	3	1	0	0	2	18	77	4	26	31104	800	0	3	0	90,94,218,222,728,800,804,864,928,932,960,992
1290	18694	2	4	4	1	0	0	1	18	77	4	26	31104	800	0	4	0	800,804,928,932
1290	18697	3	12	3	1	0	0	2	18	77	4	26	31104	800	0	3	0	90,94,218,222,728,800,804,864,928,932,960,992
1290	18698	2	4	4	1	0	0	1	18	77	4	26	31104	800	0	4	0	800,804,928,932
1290	18700	2	5	4	1	0	0	1	20	11	3	26	31104	800	0	4	0	800,802,804,806,864
1290	18705	2	2	4	1	1	1	0	16	94	5	26	31104	928	1024	3	1	94,928
1290	18706	1	1	5	1	1	1	0	16	94	5	26	31104	928	1024	4	1	928
1290	18708	2	4	4	1	0	0	1	18	77	4	26	31104	800	0	4	0	800,802,928,930
1290	18712	2	4	4	1	0	0	1	18	77	4	26	31104	800	0	4	0	800,802,928,930
1290	18721	2	1	4	1	0	0	1	19	236	5	27	32256	960	0	4	0	960
1290	18722	2	3	4	1	0	0	1	19	236	5	27	32256	960	0	4	0	928,936,960
1290	18724	2	1	4	1	0	0	1	19	86	4	27	32256	960	0	4	0	960
1290	18728	2	1	4	1	0	0	1	19	86	4	27	32256	960	0	4	0	960
1290	18736	2	3	4	1	0	0	1	19	236	5	27	32256	960	0	4	0	928,930,960
1290	18753	2	1	4	1	0	0	1	19	236	5	27	32256	960	0	4	0	960
1290	18754	2	3	4	1	0	0	1	19	236	5	27	32256	960	0	4	0	928,936,960
1290	18756	2	1	4	1	0	0	1	19	86	4	27	32256	960	0	4	0	960
1290	18760	2	1	4	1	0	0	1	19	86	4	27	32256	960	0	4	0	960
1290	18768	2	3	4	1	0	0	1	19	236	5	27	32256	960	0	4	0	928,930,960
1290	18784	1	1	5	1	0	0	1	18	94	5	28	32256	960	0	5	0	960
1290	18817	1	1	5	1	0	0	1	19	77	4	27	32256	960	0	5	0	960
1290	18818	1	3	5	1	0	0	1	19	77	4	27	32256	960	0	5	0	896,904,960
1290	18820	1	1	5	1	0	0	1	21	11	3	27	32256	960	0	5	0	960
1290	18824	1	1	5	1	0	0	1	21	11	3	27	32256	960	0	5	0	960
1290	18832	1	3	5	1	0	0	1	19	77	4	27	32256	960	0	5	0	896,898,960
1290	18848	1	1	5	1	0	0	1	18	94	5	28	32256	960	0	5	0	960
1290	18880	1	1	5	1	0	0	1	18	94	5	28	32256	960	0	5	0	960
1290	18947	2	2	4	1	0	0	1	16	94	5	26	31104	864	0	4	0	864,992
1290	18949	1	1	5	1	0	0	1	20	13	3	26	31104	864	0	5	0	864
1290	18950	1	1	5	1	0	0	1	18	77	4	26	31104	864	0	5	0	864
1290	18953	1	1	5	1	0	0	1	20	13	3	26	31104	864	0	5	0	864
1290	18954	1	1	5	1	0	0	1	18	77	4	26	31104	864	0	5	0	864
1290	18956	0	1	6	0	0	0	1	22	3	2	26	31104	864	0	6	0	864
1290	18961	2	2	4	1	0	0	1	16	94	5	26	31104	864	0	4	0	864,992
1290	18962	2	2	4	1	0	0	1	14	222	6	26	31104	864	0	4	0	864,992
1290	18964	1	1	5	1	0	0	1	18	77	4	26	31104	864	0	5	0	864
1290	18968	1	1	5	1	0	0	1	18	77	4	26	31104	864	0	5	0	864
1290	18977	2	6	4	1	0	0	2	21	13	3	27	31104	864	0	4	0	864,896,912,928,960,992
1290	18978	2	6	4	1	0	0	2	19	77	4	27	31104	864	0	4	0	864,896,912,928,960,992
1290	18980	1	1	5	1	0	0	1	23	12	2	27	31104	864	0	5	0	864
1290	18984	1	1	5	1	0	0	1	23	12	2	27	31104	864	0	5	0	864
1290	18992	2	6	4	1	0	0	2	19	77	4	27	31104	864	0	4	0	864,896,912,928,960,992
1290	19009	2	6	4	1	0	0	2	21	13	3	27	31104	864	0	4	0	864,896,912,928,960,992
1290	19010	2	6	4	1	0	0	2	19	77	4	27	31104	864	0	4	0	864,896,912,928,960,992
1290	19012	1	1	5	1	0	0	1	23	12	2	27	31104	864	0	5	0	864
1290	19016	1	1	5	1	0	0	1	23	12	2	27	31104	864	0	5	0	864
1290	19024	2	6	4	1	0	0	2	19	77	4	27	31104	864	0	4	0	864,896,912,928,960,992
1290	19040	0	1	6	0	0	0	1	24	3	2	28	32256	896	0	6	0	896
1290	19073	1	1	5	1	1	1	0	19	86	4	27	31104	960	1024	4	1	960
1290	19074	1	1	5	1	1	1	0	17	94	5	27	31104	960	1024	4	1	960
1290	19076	1	2	5	1	0	0	1	21	13	3	27	31104	832	0	5	0	832,960
1290	19080	1	2	5	1	0	0	1	21	13	3	27	31104	832	0	5	0	832,960
1290	19088	1	1	5	1	1	1	0	17	94	5	27	31104	960	1024	4	1	960
1290	19104	1	2	5	1	0	0	1	20	77	4	28	32256	896	0	5	0	896,960
1290	19136	1	2	5	1	0	0	1	20	77	4	28	32256	896	0	5	0	896,960
1290	19201	1	1	5	1	1	1	0	19	86	4	27	31104	960	1024	4	1	960
1290	19202	1	1	5	1	1	1	0	17	94	5	27	31104	960	1024	4	1	960
1290	19204	1	2	5	1	0	0	1	21	13	3	27	31104	832	0	5	0	832,960
1290	19208	1	2	5	1	0	0	1	21	13	3	27	31104	832	0	5	0	832,960
1290	19216	1	1	5	1	1	1	0	17	94	5	27	31104	960	1024	4	1	960
1290	19232	1	2	5	1	0	0	1	20	77	4	28	32256	896	0	5	0	896,960
1290	19264	1	2	5	1	0	0	1	20	77	4	28	32256	896	0	5	0	896,960
1290	19328	0	1	6	0	0	0	1	20	30	4	28	32256	896	0	6	0	896
1290	19459	1	2	5	1	0	0	1	16	94	5	26	31104	864	0	5	0	864,868
1290	19461	2	4	4	1	0	0	1	18	236	5	26	31104	864	0	4	0	154,158,864,868
1290	19462	1	2	5	1	0	0	1	18	236	5	26	31104	864	0	5	0	864,868
1290	19465	2	4	4	1	0	0	1	18	236	5	26	31104	864	0	4	0	154,158,864,868
1290	19466	1	2	5	1	0	0	1	18	236	5	26	31104	864	0	5	0	864,868
1290	19468	2	4	4	1	0	0	1	16	94	5	26	31104	864	0	4	0	864,866,868,870
1290	19473	1	2	5	1	0	0	1	16	94	5	26	31104	864	0	5	0	158,864
1290	19474	0	1	6	0	0	0	1	16	94	5	26	31104	864	0	6	0	864
1290	19476	1	2	5	1	0	0	1	18	236	5	26	31104	864	0	5	0	864,866
1290	19480	1	2	5	1	0	0	1	18	236	5	26	31104	864	0	5	0	864,866
1290	19489	2	4	4	1	0	0	1	19	77	4	27	31104	864	0	4	0	150,158,864,872
1290	19490	1	2	5	1	0	0	1	19	77	4	27	31104	864	0	5	0	864,872
1290	19492	2	4	4	1	0	0	1	19	86	4	27	31104	864	0	4	0	864,866,872,874
1290	19496	2	4	4	1	0	0	1	19	86	4	27	31104	864	0	4	0	864,866,872,874
1290	19504	1	2	5	1	0	0	1	19	77	4	27	31104	864	0	5	0	864,866
1290	19521	2	4	4	1	0	0	1	19	77	4	27	31104	864	0	4	0	150,158,864,872
1290	19522	1	2	5	1	0	0	1	19	77	4	27	31104	864	0	5	0	864,872
1290	19524	2	4	4	1	0	0	1	19	86	4	27	31104	864	0	4	0	864,866,872,874
1290	19528	2	4	4	1	0	0	1	19	86	4	27	31104	864	0	4	0	864,866,872,874
1290	19536	1	2	5	1	0	0	1	19	77	4	27	31104	864	0	5	0	864,866
1290	19552	1	1	5	1	0	0	1	22	11	3	28	32256	896	0	5	0	896
1290	19585	2	5	4	1	0	0	1	19	236	5	27	31104	832	0	4	0	182,190,832,840,960
1290	19586	1	2	5	1	0	0	1	19	236	5	27	31104	832	0	5	0	832,840
1290	19588	2	5	4	1	0	0	1	17	94	5	27	31104	832	0	4	0	832,834,840,842,960
1290	19592	2	5	4	1	0	0	1	17	94	5	27	31104	832	0	4	0	832,834,840,842,960
1290	19600	1	2	5	1	0	0	1	19	236	5	27	31104	832	0	5	0	832,834
1290	19616	2	6	4	1	0	0	2	18	94	5	28	31104	832	0	4	0	832,834,848,850,896,960
1290	19648	2	6	4	1	0	0	2	18	94	5	28	31104	832	0	4	0	832,834,848,850,896,960
1290	19713	2	5	4	1	0	0	1	19	236	5	27	31104	832	0	4	0	182,190,832,840,960
1290	19714	1	2	5	1	0	0	1	19	236	5	27	31104	832	0	5	0	832,840
1290	19716	2	5	4	1	0	0	1	17	94	5	27	31104	832	0	4	0	832,834,840,842,960
1290	19720	2	5	4	1	0	0	1	17	94	5	27	31104	832	0	4	0	832,834,840,842,960
1290	19728	1	2	5	1	0	0	1	19	236	5	27	31104	832	0	5	0	832,834
1290	19744	2	6	4	1	0	0	2	18	94	5	28	31104	832	0	4	0	832,834,848,850,896,960
1290	19776	2	6	4	1	0	0	2	18	94	5	28	31104	832	0	4	0	832,834,848,850,896,960
1290	19840	1	1	5	1	0	0	1	18	94	5	28	32256	896	0	5	0	896
1290	19969	0	1	6	0	0	0	1	21	13	3	27	31104	960	0	6	0	960
1290	19970	0	1	6	0	0	0	1	19	77	4	27	31104	960	0	6	0	960
1290	19972	0	1	6	0	0	0	1	21	13	3	27	31104	960	0	6	0	960
1290	19976	0	1	6	0	0	0	1	21	13	3	27	31104	960	0	6	0	960
1290	19984	0	1	6	0	0	0	1	19	77	4	27	31104	960	0	6	0	960
1290	20000	0	1	6	0	0	0	1	24	3	2	28	31104	960	0	6	0	960
1290	20032	0	1	6	0	0	0	1	24	3	2	28	31104	960	0	6	0	960
1290	20096	0	1	6	0	0	0	1	20	77	4	28	31104	896	0	6	0	896
1290	20224	0	1	6	0	0	0	1	20	77	4	28	31104	896	0	6	0	896
1290	20487	2	2	4	1	0	0	1	15	94	5	25	31104	816	0	4	0	206,816
1290	20491	2	2	4	1	0	0	1	15	94	5	25	31104	816	0	4	0	206,816
1290	20493	2	2	4	1	0	0	1	13	222	6	25	31104	816	0	4	0	816,880
1290	20494	1	1	5	1	0	0	1	15	94	5	25	31104	816	0	5	0	816
1290	20499	2	5	4	1	0	0	1	17	77	4	25	31104	816	0	4	0	204,206,716,816,818
1290	20501	2	2	4	1	0	0	1	15	94	5	25	31104	816	0	4	0	816,818
1290	20502	1	2	5	1	0	0	1	17	77	4	25	31104	816	0	5	0	816,818
1290	20505	2	2	4	1	0	0	1	15	94	5	25	31104	816	0	4	0	816,818
1290	20506	1	2	5	1	0	0	1	17	77	4	25	31104	816	0	5	0	816,818
1290	20508	1	1	5	1	0	0	1	15	94	5	25	31104	816	0	5	0	816
1290	20515	2	1	4	1	1	2	0	18	86	4	26	32256	712	2112	3	1	712
1290	20517	3	7	3	1	0	0	2	16	94	5	26	31104	816	0	3	0	712,816,818,880,882,960,968
1290	20518	2	2	4	1	0	0	1	18	86	4	26	31104	816	0	4	0	816,818
1290	20521	3	7	3	1	0	0	2	16	94	5	26	31104	816	0	3	0	712,816,818,880,882,960,968
1290	20522	2	2	4	1	0	0	1	18	86	4	26	31104	816	0	4	0	816,818
1290	20524	2	2	4	1	0	0	1	16	94	5	26	31104	816	0	4	0	816,880
1290	20529	2	1	4	1	1	2	0	18	86	4	26	32256	712	2112	3	1	712
1290	20530	2	6	4	1	0	0	1	20	76	3	26	31104	816	0	4	0	310,712,816,818,820,822
1290	20532	2	2	4	1	0	0	1	18	86	4	26	31104	816	0	4	0	816,820
1290	20536	2	2	4	1	0	0	1	18	86	4	26	31104	816	0	4	0	816,820
1290	20547	2	1	4	1	1	2	0	18	86	4	26	32256	712	2080	3	1	712
1290	20549	3	7	3	1	0	0	2	16	94	5	26	31104	816	0	3	0	712,816,818,880,882,960,968
1290	20550	2	2	4	1	0	0	1	18	86	4	26	31104	816	0	4	0	816,818
1290	20553	3	7	3	1	0	0	2	16	94	5	26	31104	816	0	3	0	712,816,818,880,882,960,968
1290	20554	2	2	4	1	0	0	1	18	86	4	26	31104	816	0	4	0	816,818
1290	20556	2	2	4	1	0	0	1	16	94	5	26	31104	816	0	4	0	816,880
1290	20561	2	1	4	1	1	2	0	18	86	4	26	32256	712	2080	3	1	712
1290	20562	2	6	4	1	0	0	1	20	76	3	26	31104	816	0	4	0	310,712,816,818,820,822
1290	20564	2	2	4	1	0	0	1	18	86	4	26	31104	816	0	4	0	816,820
1290	20568	2	2	4	1	0	0	1	18	86	4	26	31104	816	0	4	0	816,820
1290	20577	1	1	5	1	0	0	1	19	77	4	27	32256	960	0	5	0	960
1290	20578	1	1	5	1	0	0	1	21	76	3	27	32256	960	0	5	0	960
1290	20580	1	1	5	1	0	0	1	19	77	4	27	32256	960	0	5	0	960
1290	20584	1	1	5	1	0	0	1	19	77	4	27	32256	960	0	5	0	960
1290	20592	1	1	5	1	0	0	1	21	76	3	27	32256	960	0	5	0	960
1290	20611	3	12	3	1	0	0	2	18	77	4	26	31104	800	0	3	0	156,158,220,222,728,800,802,864,866,928,960,992
1290	20613	2	2	4	1	1	1	0	16	94	5	26	31104	864	512	3	1	864,866
1290	20614	2	4	4	1	0	0	1	18	77	4	26	31104	800	0	4	0	800,802,864,866
1290	20617	2	2	4	1	1	1	0	16	94	5	26	31104	864	512	3	1	864,866
1290	20618	2	4	4	1	0	0	1	18	77	4	26	31104	800	0	4	0	800,802,864,866
1290	20620	1	1	5	1	1	1	0	16	94	5	26	31104	864	512	4	1	864
1290	20625	3	12	3	1	0	0	2	18	77	4	26	31104	800	0	3	0	728,800,802,804,806,864,866,868,870,928,960,992
1290	20626	2	5	4	1	0	0	1	20	11	3	26	31104	800	0	4	0	800,802,804,806,928
1290	20628	2	4	4	1	0	0	1	18	77	4	26	31104	800	0	4	0	800,804,864,868
1290	20632	2	4	4	1	0	0	1	18	77	4	26	31104	800	0	4	0	800,804,864,868
1290	20641	2	1	4	1	0	0	1	19	236	5	27	32256	960	0	4	0	960
1290	20642	2	1	4	1	0	0	1	19	86	4	27	32256	960	0	4	0	960
1290	20644	2	3	4	1	0	0	1	19	236	5	27	32256	960	0	4	0	864,868,960
1290	20648	2	3	4	1	0	0	1	19	236	5	27	32256	960	0	4	0	864,868,960
1290	20656	2	1	4	1	0	0	1	19	86	4	27	32256	960	0	4	0	960
1290	20673	2	1	4	1	0	0	1	19	236	5	27	32256	960	0	4	0	960
1290	20674	2	1	4	1	0	0	1	19	86	4	27	32256	960	0	4	0	960
1290	20676	2	3	4	1	0	0	1	19	236	5	27	32256	960	0	4	0	864,868,960
1290	20680	2	3	4	1	0	0	1	19	236	5	27	32256	960	0	4	0	864,868,960
1290	20688	2	1	4	1	0	0	1	19	86	4	27	32256	960	0	4	0	960
1290	20704	1	1	5	1	0	0	1	18	94	5	28	32256	960	0	5	0	960
1290	20739	3	12	3	1	0	0	2	18	77	4	26	31104	800	0	3	0	156,158,220,222,728,800,802,864,866,928,960,992
1290	20741	2	2	4	1	1	1	0	16	94	5	26	31104	864	512	3	1	864,866
1290	20742	2	4	4	1	0	0	1	18	77	4	26	31104	800	0	4	0	800,802,864,866
1290	20745	2	2	4	1	1	1	0	16	94	5	26	31104	864	512	3	1	864,866
1290	20746	2	4	4	1	0	0	1	18	77	4	26	31104	800	0	4	0	800,802,864,866
1290	20748	1	1	5	1	1	1	0	16	94	5	26	31104	864	512	4	1	864
1290	20753	3	12	3	1	0	0	2	18	77	4	26	31104	800	0	3	0	728,800,802,804,806,864,866,868,870,928,960,992
1290	20754	2	5	4	1	0	0	1	20	11	3	26	31104	800	0	4	0	800,802,804,806,928
1290	20756	2	4	4	1	0	0	1	18	77	4	26	31104	800	0	4	0	800,804,864,868
1290	20760	2	4	4	1	0	0	1	18	77	4	26	31104	800	0	4	0	800,804,864,868
1290	20769	2	1	4	1	0	0	1	19	236	5	27	32256	960	0	4	0	960
1290	20770	2	1	4	1	0	0	1	19	86	4	27	32256	960	0	4	0	960
1290	20772	2	3	4	1	0	0	1	19	236	5	27	32256	960	0	4	0	864,868,960
1290	20776	2	3	4	1	0	0	1	19	236	5	27	32256	960	0	4	0	864,868,960
1290	20784	2	1	4	1	0	0	1	19	86	4	27	32256	960	0	4	0	960
1290	20801	2	1	4	1	0	0	1	19	236	5	27	32256	960	0	4	0	960
1290	20802	2	1	4	1	0	0	1	19	86	4	27	32256	960	0	4	0	960
1290	20804	2	3	4	1	0	0	1	19	236	5	27	32256	960	0	4	0	864,868,960
1290	20808	2	3	4	1	0	0	1	19	236	5	27	32256	960	0	4	0	864,868,960
1290	20816	2	1	4	1	0	0	1	19	86	4	27	32256	960	0	4	0	960
1290	20832	1	1	5	1	0	0	1	18	94	5	28	32256	960	0	5	0	960
1290	20865	1	1	5	1	0	0	1	19	77	4	27	32256	960	0	5	0	960
1290	20866	1	1	5	1	0	0	1	21	11	3	27	32256	960	0	5	0	960
1290	20868	1	3	5	1	0	0	1	19	77	4	27	32256	960	0	5	0	832,836,960
1290	20872	1	3	5	1	0	0	1	19	77	4	27	32256	960	0	5	0	832,836,960
1290	20880	1	1	5	1	0	0	1	21	11	3	27	32256	960	0	5	0	960
1290	20896	1	1	5	1	0	0	1	18	94	5	28	32256	960	0	5	0	960
1290	20928	1	1	5	1	0	0	1	18	94	5	28	32256	960	0	5	0	960
1290	20995	2	4	4	1	0	0	1	18	236	5	26	31104	864	0	4	0	156,158,864,866
1290	20997	1	2	5	1	0	0	1	16	94	5	26	31104	864	0	5	0	864,866
1290	20998	1	2	5	1	0	0	1	18	236	5	26	31104	864	0	5	0	864,866
1290	21001	1	2	5	1	0	0	1	16	94	5	26	31104	864	0	5	0	864,866
1290	21002	1	2	5	1	0	0	1	18	236	5	26	31104	864	0	5	0	864,866
1290	21004	0	1	6	0	0	0	1	16	94	5	26	31104	864	0	6	0	864
1290	21009	2	4	4	1	0	0	1	18	236	5	26	31104	864	0	4	0	864,866,868,870
1290	21010	2	4	4	1	0	0	1	16	94	5	26	31104	864	0	4	0	864,866,868,870
1290	21012	1	2	5	1	0	0	1	18	236	5	26	31104	864	0	5	0	864,868
1290	21016	1	2	5	1	0	0	1	18	236	5	26	31104	864	0	5	0	864,868
1290	21025	2	4	4	1	0	0	1	19	77	4	27	31104	864	0	4	0	864,866,868,870
1290	21026	2	4	4	1	0	0	1	19	86	4	27	31104	864	0	4	0	864,866,868,870
1290	21028	1	2	5	1	0	0	1	19	77	4	27	31104	864	0	5	0	864,868
1290	21032	1	2	5	1	0	0	1	19	77	4	27	31104	864	0	5	0	864,868
1290	21040	2	4	4	1	0	0	1	19	86	4	27	31104	864	0	4	0	864,868,872,876
1290	21057	2	4	4	1	0	0	1	19	77	4	27	31104	864	0	4	0	864,866,868,870
1290	21058	2	4	4	1	0	0	1	19	86	4	27	31104	864	0	4	0	864,866,868,870
1290	21060	1	2	5	1	0	0	1	19	77	4	27	31104	864	0	5	0	864,868
1290	21064	1	2	5	1	0	0	1	19	77	4	27	31104	864	0	5	0	864,868
1290	21072	2	4	4	1	0	0	1	19	86	4	27	31104	864	0	4	0	864,868,872,876
1290	21088	1	1	5	1	0	0	1	22	11	3	28	32256	896	0	5	0	896
1290	21121	2	5	4	1	0	0	1	19	236	5	27	31104	832	0	4	0	832,834,836,838,960
1290	21122	2	5	4	1	0	0	1	17	94	5	27	31104	832	0	4	0	832,834,836,838,960
1290	21124	1	2	5	1	0	0	1	19	236	5	27	31104	832	0	5	0	832,836
1290	21128	1	2	5	1	0	0	1	19	236	5	27	31104	832	0	5	0	832,836
1290	21136	2	5	4	1	0	0	1	17	94	5	27	31104	832	0	4	0	832,836,840,844,960
1290	21152	2	6	4	1	0	0	2	18	94	5	28	31104	832	0	4	0	832,836,840,844,896,960
1290	21184	2	6	4	1	0	0	2	18	94	5	28	31104	832	0	4	0	832,836,840,844,896,960
1290	21249	2	5	4	1	0	0	1	19	236	5	27	31104	832	0	4	0	832,834,836,838,960
1290	21250	2	5	4	1	0	0	1	17	94	5	27	31104	832	0	4	0	832,834,836,838,960
1290	21252	1	2	5	1	0	0	1	19	236	5	27	31104	832	0	5	0	832,836
1290	21256	1	2	5	1	0	0	1	19	236	5	27	31104	832	0	5	0	832,836
1290	21264	2	5	4	1	0	0	1	17	94	5	27	31104	832	0	4	0	832,836,840,844,960
1290	21280	2	6	4	1	0	0	2	18	94	5	28	31104	832	0	4	0	832,836,840,844,896,960
1290	21312	2	6	4	1	0	0	2	18	94	5	28	31104	832	0	4	0	832,836,840,844,896,960
1290	21376	1	1	5	1	0	0	1	18	94	5	28	32256	896	0	5	0	896
1290	21507	1	1	5	1	0	0	1	20	13	3	26	31104	864	0	5	0	864
1290	21509	2	2	4	1	0	0	1	16	94	5	26	31104	864	0	4	0	864,992
1290	21510	1	1	5	1	0	0	1	18	77	4	26	31104	864	0	5	0	864
1290	21513	2	2	4	1	0	0	1	16	94	5	26	31104	864	0	4	0	864,992
1290	21514	1	1	5	1	0	0	1	18	77	4	26	31104	864	0	5	0	864
1290	21516	2	2	4	1	0	0	1	14	222	6	26	31104	864	0	4	0	864,992
1290	21521	1	1	5	1	0	0	1	20	13	3	26	31104	864	0	5	0	864
1290	21522	0	1	6	0	0	0	1	22	3	2	26	31104	864	0	6	0	864
1290	21524	1	1	5	1	0	0	1	18	77	4	26	31104	864	0	5	0	864
1290	21528	1	1	5	1	0	0	1	18	77	4	26	31104	864	0	5	0	864
1290	21537	2	6	4	1	0	0	2	21	13	3	27	31104	864	0	4	0	864,896,912,928,960,992
1290	21538	1	1	5	1	0	0	1	23	12	2	27	31104	864	0	5	0	864
1290	21540	2	6	4	1	0	0	2	19	77	4	27	31104	864	0	4	0	864,896,912,928,960,992
1290	21544	2	6	4	1	0	0	2	19	77	4	27	31104	864	0	4	0	864,896,912,928,960,992
1290	21552	1	1	5	1	0	0	1	23	12	2	27	31104	864	0	5	0	864
1290	21569	2	6	4	1	0	0	2	21	13	3	27	31104	864	0	4	0	864,896,912,928,960,992
1290	21570	1	1	5	1	0	0	1	23	12	2	27	31104	864	0	5	0	864
1290	21572	2	6	4	1	0	0	2	19	77	4	27	31104	864	0	4	0	864,896,912,928,960,992
1290	21576	2	6	4	1	0	0	2	19	77	4	27	31104	864	0	4	0	864,896,912,928,960,992
1290	21584	1	1	5	1	0	0	1	23	12	2	27	31104	864	0	5	0	864
1290	21600	0	1	6	0	0	0	1	24	3	2	28	32256	896	0	6	0	896
1290	21633	1	1	5	1	1	1	0	19	86	4	27	31104	960	512	4	1	960
1290	21634	1	2	5	1	0	0	1	21	13	3	27	31104	832	0	5	0	832,960
1290	21636	1	1	5	1	1	1	0	17	94	5	27	31104	960	512	4	1	960
1290	21640	1	1	5	1	1	1	0	17	94	5	27	31104	960	512	4	1	960
1290	21648	1	2	5	1	0	0	1	21	13	3	27	31104	832	0	5	0	832,960
1290	21664	1	2	5	1	0	0	1	20	77	4	28	32256	896	0	5	0	896,960
1290	21696	1	2	5	1	0	0	1	20	77	4	28	32256	896	0	5	0	896,960
1290	21761	1	1	5	1	1	1	0	19	86	4	27	31104	960	512	4	1	960
1290	21762	1	2	5	1	0	0	1	21	13	3	27	31104	832	0	5	0	832,960
1290	21764	1	1	5	1	1	1	0	17	94	5	27	31104	960	512	4	1	960
1290	21768	1	1	5	1	1	1	0	17	94	5	27	31104	960	512	4	1	960
1290	21776	1	2	5	1	0	0	1	21	13	3	27	31104	832	0	5	0	832,960
1290	21792	1	2	5	1	0	0	1	20	77	4	28	32256	896	0	5	0	896,960
1290	21824	1	2	5	1	0	0	1	20	77	4	28	32256	896	0	5	0	896,960
1290	21888	0	1	6	0	0	0	1	20	30	4	28	32256	896	0	6	0	896
1290	22017	0	1	6	0	0	0	1	21	13	3	27	31104	960	0	6	0	960
1290	22018	0	1	6	0	0	0	1	21	13	3	27	31104	960	0	6	0	960
1290	22020	0	1	6	0	0	0	1	19	77	4	27	31104	960	0	6	0	960
1290	22024	0	1	6	0	0	0	1	19	77	4	27	31104	960	0	6	0	960
1290	22032	0	1	6	0	0	0	1	21	13	3	27	31104	960	0	6	0	960
1290	22048	0	1	6	0	0	0	1	24	3	2	28	31104	960	0	6	0	960
1290	22080	0	1	6	0	0	0	1	24	3	2	28	31104	960	0	6	0	960
1290	22144	0	1	6	0	0	0	1	20	77	4	28	31104	896	0	6	0	896
1290	22272	0	1	6	0	0	0	1	20	77	4	28	31104	896	0	6	0	896
1290	22531	2	1	4	1	1	2	0	17	94	5	27	32256	920	96	2	2	920
1290	22533	2	1	4	1	1	2	0	17	94	5	27	32256	920	96	2	2	920
1290	22534	2	5	4	1	0	0	1	19	86	4	27	31104	608	0	4	0	608,610,612,614,920
1290	22537	2	1	4	1	1	2	0	17	94	5	27	32256	920	96	2	2	920
1290	22538	2	5	4	1	0	0	1	19	86	4	27	31104	608	0	4	0	608,610,612,614,920
1290	22540	2	6	4	1	0	0	1	19	30	4	27	31104	608	0	4	0	608,610,612,614,736,920
1290	22545	2	1	4	1	1	2	0	17	94	5	27	32256	920	96	2	2	920
1290	22546	2	6	4	1	0	0	1	19	30	4	27	31104	608	0	4	0	608,610,612,614,864,920
1290	22548	2	5	4	1	0	0	1	19	86	4	27	31104	608	0	4	0	608,610,612,614,920
1290	22552	2	5	4	1	0	0	1	19	86	4	27	31104	608	0	4	0	608,610,612,614,920
1290	22561	1	1	5	1	1	1	0	18	94	5	28	32256	912	64	4	1	912
1290	22562	1	1	5	1	1	1	0	20	86	4	28	32256	912	64	4	1	912
1290	22564	1	1	5	1	1	1	0	20	86	4	28	32256	912	64	4	1	912
1290	22568	1	1	5	1	1	1	0	20	86	4	28	32256	912	64	4	1	912
1290	22576	1	1	5	1	1	1	0	20	86	4	28	32256	912	64	4	1	912
1290	22593	1	1	5	1	1	1	0	18	94	5	28	32256	912	32	4	1	912
1290	22594	1	1	5	1	1	1	0	20	86	4	28	32256	912	32	4	1	912
1290	22596	1	1	5	1	1	1	0	20	86	4	28	32256	912	32	4	1	912
1290	22600	1	1	5	1	1	1	0	20	86	4	28	32256	912	32	4	1	912
1290	22608	1	1	5	1	1	1	0	20	86	4	28	32256	912	32	4	1	912
1290	22624	0	1	6	0	0	0	1	21	30	4	29	32256	896	0	6	0	896
1290	22657	2	5	4	1	0	0	1	20	77	4	28	32256	896	0	4	0	896,912,928,944,960
1290	22658	2	7	4	1	0	0	1	22	13	3	28	32256	896	0	4	0	832,840,896,912,928,944,960
1290	22660	2	7	4	1	0	0	1	22	13	3	28	32256	896	0	4	0	704,708,896,912,928,944,960
1290	22664	2	7	4	1	0	0	1	22	13	3	28	32256	896	0	4	0	704,708,896,912,928,944,960
1290	22672	2	7	4	1	0	0	1	22	13	3	28	32256	896	0	4	0	832,834,896,912,928,944,960
1290	22688	1	2	5	1	0	0	1	21	77	4	29	32256	896	0	5	0	896,928
1290	22720	1	2	5	1	0	0	1	21	77	4	29	32256	896	0	5	0	896,928
1290	22785	2	5	4	1	0	0	1	20	77	4	28	32256	896	0	4	0	896,912,928,944,960
1290	22786	2	7	4	1	0	0	1	22	13	3	28	32256	896	0	4	0	832,840,896,912,928,944,960
1290	22788	2	7	4	1	0	0	1	22	13	3	28	32256	896	0	4	0	704,708,896,912,928,944,960
1290	22792	2	7	4	1	0	0	1	22	13	3	28	32256	896	0	4	0	704,708,896,912,928,944,960
1290	22800	2	7	4	1	0	0	1	22	13	3	28	32256	896	0	4	0	832,834,896,912,928,944,960
1290	22816	1	2	5	1	0	0	1	21	77	4	29	32256	896	0	5	0	896,928
1290	22848	1	2	5	1	0	0	1	21	77	4	29	32256	896	0	5	0	896,928
1290	22912	0	1	6	0	0	0	1	25	3	2	29	32256	896	0	6	0	896
1290	23041	2	6	4	1	0	0	1	20	77	4	28	31104	704	0	4	0	704,706,708,710,816,960
1290	23042	2	6	4	1	0	0	1	20	77	4	28	31104	704	0	4	0	704,706,708,710,816,960
1290	23044	1	2	5	1	0	0	1	22	13	3	28	31104	704	0	5	0	704,708
1290	23048	1	2	5	1	0	0	1	22	13	3	28	31104	704	0	5	0	704,708
1290	23056	2	6	4	1	0	0	1	20	77	4	28	31104	704	0	4	0	704,708,712,716,816,960
1290	23072	1	1	5	1	1	1	0	23	13	3	29	32256	800	64	4	1	800
1290	23104	1	1	5	1	1	1	0	23	13	3	29	32256	800	32	4	1	800
1290	23168	1	1	5	1	1	1	0	23	13	3	29	31104	896	1024	4	1	896
1290	23296	1	1	5	1	1	1	0	23	13	3	29	31104	896	1024	4	1	896
1290	23553	2	6	4	1	0	0	1	20	77	4	28	31104	704	0	4	0	310,318,704,712,816,960
1290	23554	1	2	5	1	0	0	1	22	13	3	28	31104	704	0	5	0	704,712
1290	23556	2	6	4	1	0	0	1	20	77	4	28	31104	704	0	4	0	704,706,712,714,816,960
1290	23560	2	6	4	1	0	0	1	20	77	4	28	31104	704	0	4	0	704,706,712,714,816,960
1290	23568	1	2	5	1	0	0	1	22	13	3	28	31104	704	0	5	0	704,706
1290	23584	1	1	5	1	1	1	0	23	13	3	29	32256	800	64	4	1	800
1290	23616	1	1	5	1	1	1	0	23	13	3	29	32256	800	32	4	1	800
1290	23680	1	1	5	1	1	1	0	23	13	3	29	31104	896	512	4	1	896
1290	23808	1	1	5	1	1	1	0	23	13	3	29	31104	896	512	4	1	896
1290	24064	0	1	6	0	0	0	1	25	12	2	29	31104	896	0	6	0	896
1290	24583	2	4	4	1	0	0	1	14	222	6	26	31104	816	0	4	0	204,206,816,818
1290	24587	2	4	4	1	0	0	1	14	222	6	26	31104	816	0	4	0	204,206,816,818
1290	24589	2	4	4	1	0	0	1	14	222	6	26	31104	816	0	4	0	204,206,816,818
1290	24590	1	2	5	1	0	0	1	14	222	6	26	31104	816	0	5	0	816,818
1290	24595	2	4	4	1	0	0	1	14	222	6	26	31104	816	0	4	0	204,206,816,818
1290	24597	2	4	4	1	0	0	1	14	222	6	26	31104	816	0	4	0	204,206,816,818
1290	24598	1	2	5	1	0	0	1	14	222	6	26	31104	816	0	5	0	816,818
1290	24601	2	4	4	1	0	0	1	14	222	6	26	31104	816	0	4	0	204,206,816,818
1290	24602	1	2	5	1	0	0	1	14	222	6	26	31104	816	0	5	0	816,818
1290	24604	1	2	5	1	0	0	1	14	222	6	26	31104	816	0	5	0	816,818
1290	24611	3	12	3	1	0	0	1	17	94	5	27	31104	816	0	3	0	200,202,204,206,652,692,712,716,816,818,820,822
1290	24613	3	12	3	1	0	0	1	17	94	5	27	31104	816	0	3	0	200,202,204,206,330,370,456,458,816,818,820,822
1290	24614	2	4	4	1	0	0	1	17	94	5	27	31104	816	0	4	0	816,818,820,822
1290	24617	3	12	3	1	0	0	1	17	94	5	27	31104	816	0	3	0	200,202,204,206,330,370,456,458,816,818,820,822
1290	24618	2	4	4	1	0	0	1	17	94	5	27	31104	816	0	4	0	816,818,820,822
1290	24620	2	4	4	1	0	0	1	17	94	5	27	31104	816	0	4	0	816,818,820,822
1290	24625	3	12	3	1	0	0	1	17	94	5	27	31104	816	0	3	0	200,202,204,206,310,334,374,712,816,818,820,822
1290	24626	2	4	4	1	0	0	1	17	94	5	27	31104	816	0	4	0	816,818,820,822
1290	24628	2	4	4	1	0	0	1	17	94	5	27	31104	816	0	4	0	816,818,820,822
1290	24632	2	4	4	1	0	0	1	17	94	5	27	31104	816	0	4	0	816,818,820,822
1290	24643	3	12	3	1	0	0	1	17	94	5	27	31104	816	0	3	0	200,202,204,206,652,692,712,716,816,818,820,822
1290	24645	3	12	3	1	0	0	1	17	94	5	27	31104	816	0	3	0	200,202,204,206,330,370,456,458,816,818,820,822
1290	24646	2	4	4	1	0	0	1	17	94	5	27	31104	816	0	4	0	816,818,820,822
1290	24649	3	12	3	1	0	0	1	17	94	5	27	31104	816	0	3	0	200,202,204,206,330,370,456,458,816,818,820,822
1290	24650	2	4	4	1	0	0	1	17	94	5	27	31104	816	0	4	0	816,818,820,822
1290	24652	2	4	4	1	0	0	1	17	94	5	27	31104	816	0	4	0	816,818,820,822
1290	24657	3	12	3	1	0	0	1	17	94	5	27	31104	816	0	3	0	200,202,204,206,310,334,374,712,816,818,820,822
1290	24658	2	4	4	1	0	0	1	17	94	5	27	31104	816	0	4	0	816,818,820,822
1290	24660	2	4	4	1	0	0	1	17	94	5	27	31104	816	0	4	0	816,818,820,822
1290	24664	2	4	4	1	0	0	1	17	94	5	27	31104	816	0	4	0	816,818,820,822
1290	24673	2	5	4	1	0	0	1	20	77	4	28	32256	960	0	4	0	326,342,358,374,960
1290	24674	2	1	4	1	0	0	1	20	77	4	28	32256	960	0	4	0	960
1290	24676	2	1	4	1	0	0	1	20	77	4	28	32256	960	0	4	0	960
1290	24680	2	1	4	1	0	0	1	20	77	4	28	32256	960	0	4	0	960
1290	24688	2	1	4	1	0	0	1	20	77	4	28	32256	960	0	4	0	960
1290	24707	3	12	3	1	0	0	1	17	94	5	27	31104	800	0	3	0	216,218,220,222,668,676,800,802,804,806,928,932
1290	24709	3	12	3	1	0	0	1	17	94	5	27	31104	800	0	3	0	216,218,220,222,346,354,800,802,804,806,864,866
1290	24710	2	4	4	1	0	0	1	17	94	5	27	31104	800	0	4	0	800,802,804,806
1290	24713	3	12	3	1	0	0	1	17	94	5	27	31104	800	0	3	0	216,218,220,222,346,354,800,802,804,806,864,866
1290	24714	2	4	4	1	0	0	1	17	94	5	27	31104	800	0	4	0	800,802,804,806
1290	24716	2	5	4	1	0	0	1	17	94	5	27	31104	800	0	4	0	800,802,804,806,864
1290	24721	3	12	3	1	0	0	1	17	94	5	27	31104	800	0	3	0	94,216,218,220,222,350,358,800,802,804,806,928
1290	24722	2	5	4	1	0	0	1	17	94	5	27	31104	800	0	4	0	800,802,804,806,928
1290	24724	2	4	4	1	0	0	1	17	94	5	27	31104	800	0	4	0	800,802,804,806
1290	24728	2	4	4	1	0	0	1	17	94	5	27	31104	800	0	4	0	800,802,804,806
1290	24737	2	2	4	1	1	4	0	20	236	5	28	31104	358	4620	2	2	342,358
1290	24738	3	15	3	1	0	0	2	20	236	5	28	31104	800	0	3	0	342,358,664,680,800,802,804,806,808,810,812,814,928,936,960
1290	24740	3	15	3	1	0	0	2	20	236	5	28	31104	800	0	3	0	340,356,666,682,800,802,804,806,808,810,812,814,864,868,960
1290	24744	3	15	3	1	0	0	2	20	236	5	28	31104	800	0	3	0	340,356,666,682,800,802,804,806,808,810,812,814,864,868,960
1290	24752	3	15	3	1	0	0	2	20	236	5	28	31104	800	0	3	0	348,364,658,674,800,802,804,806,808,810,812,814,928,930,960
1290	24769	2	2	4	1	1	4	0	20	236	5	28	31104	358	4620	2	2	342,358
1290	24770	3	15	3	1	0	0	2	20	236	5	28	31104	800	0	3	0	342,358,664,680,800,802,804,806,808,810,812,814,928,936,960
1290	24772	3	15	3	1	0	0	2	20	236	5	28	31104	800	0	3	0	340,356,666,682,800,802,804,806,808,810,812,814,864,868,960
1290	24776	3	15	3	1	0	0	2	20	236	5	28	31104	800	0	3	0	340,356,666,682,800,802,804,806,808,810,812,814,864,868,960
1290	24784	3	15	3	1	0	0	2	20	236	5	28	31104	800	0	3	0	348,364,658,674,800,802,804,806,808,810,812,814,928,930,960
1290	24800	2	5	4	1	0	0	1	19	94	5	29	32256	960	0	4	0	332,364,658,690,960
1290	24835	3	12	3	1	0	0	1	17	94	5	27	31104	800	0	3	0	216,218,220,222,668,676,800,802,804,806,928,932
1290	24837	3	12	3	1	0	0	1	17	94	5	27	31104	800	0	3	0	216,218,220,222,346,354,800,802,804,806,864,866
1290	24838	2	4	4	1	0	0	1	17	94	5	27	31104	800	0	4	0	800,802,804,806
1290	24841	3	12	3	1	0	0	1	17	94	5	27	31104	800	0	3	0	216,218,220,222,346,354,800,802,804,806,864,866
1290	24842	2	4	4	1	0	0	1	17	94	5	27	31104	800	0	4	0	800,802,804,806
1290	24844	2	5	4	1	0	0	1	17	94	5	27	31104	800	0	4	0	800,802,804,806,864
1290	24849	3	12	3	1	0	0	1	17	94	5	27	31104	800	0	3	0	94,216,218,220,222,350,358,800,802,804,806,928
1290	24850	2	5	4	1	0	0	1	17	94	5	27	31104	800	0	4	0	800,802,804,806,928
1290	24852	2	4	4	1	0	0	1	17	94	5	27	31104	800	0	4	0	800,802,804,806
1290	24856	2	4	4	1	0	0	1	17	94	5	27	31104	800	0	4	0	800,802,804,806
1290	24865	2	2	4	1	1	4	0	20	236	5	28	31104	358	4620	2	2	342,358
1290	24866	3	15	3	1	0	0	2	20	236	5	28	31104	800	0	3	0	342,358,664,680,800,802,804,806,808,810,812,814,928,936,960
1290	24868	3	15	3	1	0	0	2	20	236	5	28	31104	800	0	3	0	340,356,666,682,800,802,804,806,808,810,812,814,864,868,960
1290	24872	3	15	3	1	0	0	2	20	236	5	28	31104	800	0	3	0	340,356,666,682,800,802,804,806,808,810,812,814,864,868,960
1290	24880	3	15	3	1	0	0	2	20	236	5	28	31104	800	0	3	0	348,364,658,674,800,802,804,806,808,810,812,814,928,930,960
1290	24897	2	2	4	1	1	4	0	20	236	5	28	31104	358	4620	2	2	342,358
1290	24898	3	15	3	1	0	0	2	20	236	5	28	31104	800	0	3	0	342,358,664,680,800,802,804,806,808,810,812,814,928,936,960
1290	24900	3	15	3	1	0	0	2	20	236	5	28	31104	800	0	3	0	340,356,666,682,800,802,804,806,808,810,812,814,864,868,960
1290	24904	3	15	3	1	0	0	2	20	236	5	28	31104	800	0	3	0	340,356,666,682,800,802,804,806,808,810,812,814,864,868,960
1290	24912	3	15	3	1	0	0	2	20	236	5	28	31104	800	0	3	0	348,364,658,674,800,802,804,806,808,810,812,814,928,930,960
1290	24928	2	5	4	1	0	0	1	19	94	5	29	32256	960	0	4	0	332,364,658,690,960
1290	24961	2	5	4	1	0	0	1	20	77	4	28	32256	960	0	4	0	326,342,358,374,960
1290	24962	2	3	4	1	0	0	1	20	77	4	28	32256	960	0	4	0	896,904,960
1290	24964	2	3	4	1	0	0	1	20	77	4	28	32256	960	0	4	0	832,836,960
1290	24968	2	3	4	1	0	0	1	20	77	4	28	32256	960	0	4	0	832,836,960
1290	24976	2	3	4	1	0	0	1	20	77	4	28	32256	960	0	4	0	896,898,960
1290	24992	2	5	4	1	0	0	1	19	94	5	29	32256	960	0	4	0	332,364,658,690,960
1290	25024	2	5	4	1	0	0	1	19	94	5	29	32256	960	0	4	0	332,364,658,690,960
1290	25091	2	5	4	1	0	0	1	17	94	5	27	31104	864	0	4	0	156,158,668,864,866
1290	25093	1	2	5	1	0	0	1	19	30	4	27	31104	864	0	5	0	864,866
1290	25094	1	2	5	1	0	0	1	17	94	5	27	31104	864	0	5	0	864,866
1290	25097	1	2	5	1	0	0	1	19	30	4	27	31104	864	0	5	0	864,866
1290	25098	1	2	5	1	0	0	1	17	94	5	27	31104	864	0	5	0	864,866
1290	25100	0	1	6	0	0	0	1	19	30	4	27	31104	864	0	6	0	864
1290	25105	2	5	4	1	0	0	1	17	94	5	27	31104	864	0	4	0	358,864,866,868,870
1290	25106	2	4	4	1	0	0	1	15	222	6	27	31104	864	0	4	0	864,866,868,870
1290	25108	1	2	5	1	0	0	1	17	94	5	27	31104	864	0	5	0	864,868
1290	25112	1	2	5	1	0	0	1	17	94	5	27	31104	864	0	5	0	864,868
1290	25121	1	1	5	1	1	3	0	22	13	3	28	31104	358	4108	4	1	358
1290	25122	2	6	4	1	0	0	1	20	77	4	28	31104	864	0	4	0	358,664,864,866,868,870
1290	25124	1	2	5	1	0	0	1	22	13	3	28	31104	864	0	5	0	864,868
1290	25128	1	2	5	1	0	0	1	22	13	3	28	31104	864	0	5	0	864,868
1290	25136	2	6	4	1	0	0	1	20	77	4	28	31104	864	0	4	0	364,658,864,868,872,876
1290	25153	1	1	5	1	1	3	0	22	13	3	28	31104	358	4108	4	1	358
1290	25154	2	6	4	1	0	0	1	20	77	4	28	31104	864	0	4	0	358,664,864,866,868,870
1290	25156	1	2	5	1	0	0	1	22	13	3	28	31104	864	0	5	0	864,868
1290	25160	1	2	5	1	0	0	1	22	13	3	28	31104	864	0	5	0	864,868
1290	25168	2	6	4	1	0	0	1	20	77	4	28	31104	864	0	4	0	364,658,864,868,872,876
1290	25184	1	3	5	1	0	0	1	25	3	2	29	32256	896	0	5	0	364,658,896
1290	25217	2	6	4	1	0	0	1	20	86	4	28	31104	832	0	4	0	326,832,834,836,838,960
1290	25218	2	5	4	1	0	0	1	18	94	5	28	31104	832	0	4	0	832,834,836,838,960
1290	25220	1	2	5	1	0	0	1	20	86	4	28	31104	832	0	5	0	832,836
1290	25224	1	2	5	1	0	0	1	20	86	4	28	31104	832	0	5	0	832,836
1290	25232	2	5	4	1	0	0	1	18	94	5	28	31104	832	0	4	0	832,836,840,844,960
1290	25248	2	8	4	1	0	0	2	21	77	4	29	31104	832	0	4	0	332,690,832,836,840,844,896,960
1290	25280	2	8	4	1	0	0	2	21	77	4	29	31104	832	0	4	0	332,690,832,836,840,844,896,960
1290	25345	2	6	4	1	0	0	1	20	86	4	28	31104	832	0	4	0	326,832,834,836,838,960
1290	25346	2	5	4	1	0	0	1	18	94	5	28	31104	832	0	4	0	832,834,836,838,960
1290	25348	1	2	5	1	0	0	1	20	86	4	28	31104	832	0	5	0	832,836
1290	25352	1	2	5	1	0	0	1	20	86	4	28	31104	832	0	5	0	832,836
1290	25360	2	5	4	1	0	0	1	18	94	5	28	31104	832	0	4	0	832,836,840,844,960
1290	25376	2	8	4	1	0	0	2	21	77	4	29	31104	832	0	4	0	332,690,832,836,840,844,896,960
1290	25408	2	8	4	1	0	0	2	21	77	4	29	31104	832	0	4	0	332,690,832,836,840,844,896,960
1290	25472	1	1	5	1	0	0	1	21	30	4	29	32256	896	0	5	0	896
1290	25603	1	2	5	1	0	0	1	19	30	4	27	31104	864	0	5	0	864,868
1290	25605	2	5	4	1	0	0	1	17	94	5	27	31104	864	0	4	0	154,158,410,864,868
1290	25606	1	2	5	1	0	0	1	17	94	5	27	31104	864	0	5	0	864,868
1290	25609	2	5	4	1	0	0	1	17	94	5	27	31104	864	0	4	0	154,158,410,864,868
1290	25610	1	2	5	1	0	0	1	17	94	5	27	31104	864	0	5	0	864,868
1290	25612	2	4	4	1	0	0	1	15	222	6	27	31104	864	0	4	0	864,866,868,870
1290	25617	1	2	5	1	0	0	1	19	30	4	27	31104	864	0	5	0	158,864
1290	25618	0	1	6	0	0	0	1	19	30	4	27	31104	864	0	6	0	864
1290	25620	1	2	5	1	0	0	1	17	94	5	27	31104	864	0	5	0	864,866
1290	25624	1	2	5	1	0	0	1	17	94	5	27	31104	864	0	5	0	864,866
1290	25633	1	1	5	1	1	3	0	22	13	3	28	31104	617	2066	4	1	406
1290	25634	1	2	5	1	0	0	1	22	13	3	28	31104	864	0	5	0	864,872
1290	25636	2	6	4	1	0	0	1	20	77	4	28	31104	864	0	4	0	404,618,864,866,872,874
1290	25640	2	6	4	1	0	0	1	20	77	4	28	31104	864	0	4	0	404,618,864,866,872,874
1290	25648	1	2	5	1	0	0	1	22	13	3	28	31104	864	0	5	0	864,866
1290	25665	1	1	5	1	1	3	0	22	13	3	28	31104	617	2066	4	1	406
1290	25666	1	2	5	1	0	0	1	22	13	3	28	31104	864	0	5	0	864,872
1290	25668	2	6	4	1	0	0	1	20	77	4	28	31104	864	0	4	0	404,618,864,866,872,874
1290	25672	2	6	4	1	0	0	1	20	77	4	28	31104	864	0	4	0	404,618,864,866,872,874
1290	25680	1	2	5	1	0	0	1	22	13	3	28	31104	864	0	5	0	864,866
1290	25696	1	3	5	1	0	0	1	25	3	2	29	32256	896	0	5	0	396,626,896
1290	25729	2	6	4	1	0	0	1	20	86	4	28	31104	832	0	4	0	182,190,438,832,840,960
1290	25730	1	2	5	1	0	0	1	20	86	4	28	31104	832	0	5	0	832,840
1290	25732	2	5	4	1	0	0	1	18	94	5	28	31104	832	0	4	0	832,834,840,842,960
1290	25736	2	5	4	1	0	0	1	18	94	5	28	31104	832	0	4	0	832,834,840,842,960
1290	25744	1	2	5	1	0	0	1	20	86	4	28	31104	832	0	5	0	832,834
1290	25760	2	8	4	1	0	0	2	21	77	4	29	31104	832	0	4	0	428,594,832,834,848,850,896,960
1290	25792	2	8	4	1	0	0	2	21	77	4	29	31104	832	0	4	0	428,594,832,834,848,850,896,960
1290	25857	2	6	4	1	0	0	1	20	86	4	28	31104	832	0	4	0	182,190,438,832,840,960
1290	25858	1	2	5	1	0	0	1	20	86	4	28	31104	832	0	5	0	832,840
1290	25860	2	5	4	1	0	0	1	18	94	5	28	31104	832	0	4	0	832,834,840,842,960
1290	25864	2	5	4	1	0	0	1	18	94	5	28	31104	832	0	4	0	832,834,840,842,960
1290	25872	1	2	5	1	0	0	1	20	86	4	28	31104	832	0	5	0	832,834
1290	25888	2	8	4	1	0	0	2	21	77	4	29	31104	832	0	4	0	428,594,832,834,848,850,896,960
1290	25920	2	8	4	1	0	0	2	21	77	4	29	31104	832	0	4	0	428,594,832,834,848,850,896,960
1290	25984	1	1	5	1	0	0	1	21	30	4	29	32256	896	0	5	0	896
1290	26113	0	1	6	0	0	0	1	24	3	2	28	31104	960	0	6	0	960
1290	26114	0	1	6	0	0	0	1	22	11	3	28	31104	960	0	6	0	960
1290	26116	0	1	6	0	0	0	1	22	11	3	28	31104	960	0	6	0	960
1290	26120	0	1	6	0	0	0	1	22	11	3	28	31104	960	0	6	0	960
1290	26128	0	1	6	0	0	0	1	22	11	3	28	31104	960	0	6	0	960
1290	26144	0	1	6	0	0	0	1	27	1	1	29	31104	960	0	6	0	960
1290	26176	0	1	6	0	0	0	1	27	1	1	29	31104	960	0	6	0	960
1290	26240	0	1	6	0	0	0	1	23	11	3	29	31104	896	0	6	0	896
1290	26368	0	1	6	0	0	0	1	23	11	3	29	31104	896	0	6	0	896
1290	26627	2	5	4	1	1	1	0	16	222	6	28	31104	612	16	3	1	408,410,612,614,868
1290	26629	1	2	5	1	2	2	0	18	94	5	28	31104	613	18	3	2	408,410
1290	26630	1	2	5	1	1	1	0	18	94	5	28	31104	612	16	4	1	612,614
1290	26633	1	2	5	1	2	2	0	18	94	5	28	31104	613	18	3	2	408,410
1290	26634	1	2	5	1	1	1	0	18	94	5	28	31104	612	16	4	1	612,614
1290	26636	0	1	6	0	2	2	0	20	30	4	28	31104	614	18	4	2	614
1290	26641	2	5	4	1	1	1	0	16	222	6	28	31104	609	2	3	1	158,408,410,412,414
1290	26642	2	5	4	1	0	0	1	16	222	6	28	31104	608	0	4	0	608,610,612,614,864
1290	26644	1	2	5	1	1	1	0	18	94	5	28	31104	610	2	4	1	610,614
1290	26648	1	2	5	1	1	1	0	18	94	5	28	31104	610	2	4	1	610,614
1290	26657	2	6	4	1	1	1	0	19	94	5	29	32256	912	64	3	1	150,400,402,404,406,912
1290	26658	2	6	4	1	1	1	0	19	94	5	29	31104	616	16	3	1	616,618,620,622,872,912
1290	26660	1	2	5	1	2	2	0	21	86	4	29	31104	618	18	3	2	618,622
1290	26664	1	2	5	1	2	2	0	21	86	4	29	31104	618	18	3	2	618,622
1290	26672	2	6	4	1	1	1	0	19	94	5	29	31104	610	2	3	1	610,614,618,622,866,912
1290	26689	2	6	4	1	1	1	0	19	94	5	29	32256	912	32	3	1	150,400,402,404,406,912
1290	26690	2	6	4	1	1	1	0	19	94	5	29	31104	616	16	3	1	616,618,620,622,872,912
1290	26692	1	2	5	1	2	2	0	21	86	4	29	31104	618	18	3	2	618,622
1290	26696	1	2	5	1	2	2	0	21	86	4	29	31104	618	18	3	2	618,622
1290	26704	2	6	4	1	1	1	0	19	94	5	29	31104	610	2	3	1	610,614,618,622,866,912
1290	26720	1	1	5	1	0	0	1	22	30	4	30	32256	896	0	5	0	896
1290	26753	1	1	5	1	2	3	0	21	77	4	29	31104	841	1042	2	3	182
1290	26754	1	1	5	1	2	2	0	21	77	4	29	31104	840	1040	3	2	840
1290	26756	1	3	5	1	2	2	0	23	13	3	29	31104	586	18	3	2	586,590,842
1290	26760	1	3	5	1	2	2	0	23	13	3	29	31104	586	18	3	2	586,590,842
1290	26768	1	1	5	1	2	2	0	21	77	4	29	31104	834	1026	3	2	834
1290	26784	1	1	5	1	1	3	0	22	77	4	30	31104	850	1042	2	3	850
1290	26816	1	1	5	1	1	3	0	22	77	4	30	31104	850	1042	2	3	850
1290	26881	1	1	5	1	2	3	0	21	77	4	29	31104	841	1042	2	3	182
1290	26882	1	1	5	1	2	2	0	21	77	4	29	31104	840	1040	3	2	840
1290	26884	1	3	5	1	2	2	0	23	13	3	29	31104	586	18	3	2	586,590,842
1290	26888	1	3	5	1	2	2	0	23	13	3	29	31104	586	18	3	2	586,590,842
1290	26896	1	1	5	1	2	2	0	21	77	4	29	31104	834	1026	3	2	834
1290	26912	1	1	5	1	1	3	0	22	77	4	30	31104	850	1042	2	3	850
1290	26944	1	1	5	1	1	3	0	22	77	4	30	31104	850	1042	2	3	850
1290	27008	0	1	6	0	1	3	0	26	3	2	30	31104	786	1042	2	4	786
1290	27137	2	24	4	1	0	0	1	23	11	3	29	31104	704	0	4	0	54,62,198,206,304,306,308,310,312,314,316,318,704,706,708,710,712,714,716,718,816,824,960,968
1290	27138	2	12	4	1	0	0	1	21	75	4	29	31104	704	0	4	0	704,706,708,710,712,714,716,718,816,824,960,968
1290	27140	1	8	5	1	0	0	1	25	3	2	29	31104	704	0	5	0	704,706,708,710,712,714,716,718
1290	27144	1	8	5	1	0	0	1	25	3	2	29	31104	704	0	5	0	704,706,708,710,712,714,716,718
1290	27152	2	12	4	1	0	0	1	21	75	4	29	31104	704	0	4	0	704,706,708,710,712,714,716,718,816,818,960,962
1290	27168	1	4	5	1	1	1	0	26	3	2	30	32256	800	64	4	1	800,802,816,818
1290	27200	1	4	5	1	1	1	0	26	3	2	30	32256	800	32	4	1	800,802,816,818
1290	27264	1	4	5	1	1	1	0	26	3	2	30	31104	896	1024	4	1	896,898,912,914
1290	27392	1	4	5	1	1	1	0	26	3	2	30	31104	896	1024	4	1	896,898,912,914
1290	27649	0	1	6	0	2	2	0	21	77	4	29	31104	713	18	4	2	310
1290	27650	0	1	6	0	1	1	0	21	77	4	29	31104	712	16	5	1	712
1290	27652	0	1	6	0	2	2	0	21	77	4	29	31104	714	18	4	2	714
1290	27656	0	1	6	0	2	2	0	21	77	4	29	31104	714	18	4	2	714
1290	27664	0	1	6	0	1	1	0	21	77	4	29	31104	706	2	5	1	706
1290	27680	0	1	6	0	2	2	0	24	13	3	30	31104	722	18	4	2	722
1290	27712	0	1	6	0	2	2	0	24	13	3	30	31104	722	18	4	2	722
1290	27776	0	1	6	0	2	2	0	24	13	3	30	31104	658	18	4	2	658
1290	27904	0	1	6	0	2	2	0	24	13	3	30	31104	658	18	4	2	658
1290	28160	0	4	6	0	0	0	1	28	1	1	30	31104	896	0	6	0	896,898,912,914
1290	28675	1	2	5	1	2	2	0	18	94	5	28	31104	611	12	3	2	408,412
1290	28677	2	5	4	1	1	1	0	16	222	6	28	31104	610	8	3	1	408,412,610,614,738
1290	28678	1	2	5	1	1	1	0	18	94	5	28	31104	610	8	4	1	610,614
1290	28681	2	5	4	1	1	1	0	16	222	6	28	31104	610	4	3	1	408,412,610,614,738
1290	28682	1	2	5	1	1	1	0	18	94	5	28	31104	610	4	4	1	610,614
1290	28684	2	5	4	1	0	0	1	16	222	6	28	31104	608	0	4	0	608,610,612,614,736
1290	28689	1	2	5	1	2	2	0	18	94	5	28	31104	614	12	3	2	408,614
1290	28690	0	1	6	0	2	2	0	20	30	4	28	31104	614	12	4	2	614
1290	28692	1	2	5	1	1	1	0	18	94	5	28	31104	612	8	4	1	612,614
1290	28696	1	2	5	1	1	1	0	18	94	5	28	31104	612	4	4	1	612,614
1290	28705	2	6	4	1	1	1	0	19	94	5	29	32256	912	64	3	1	400,408,614,622,742,912
1290	28706	1	2	5	1	2	2	0	21	86	4	29	31104	614	12	3	2	614,622
1290	28708	2	6	4	1	1	1	0	19	94	5	29	31104	612	8	3	1	612,614,620,622,740,912
1290	28712	2	6	4	1	1	1	0	19	94	5	29	31104	612	4	3	1	612,614,620,622,740,912
1290	28720	1	2	5	1	2	2	0	21	86	4	29	31104	620	12	3	2	620,622
1290	28737	2	6	4	1	1	1	0	19	94	5	29	32256	912	32	3	1	400,408,614,622,742,912
1290	28738	1	2	5	1	2	2	0	21	86	4	29	31104	614	12	3	2	614,622
1290	28740	2	6	4	1	1	1	0	19	94	5	29	31104	612	8	3	1	612,614,620,622,740,912
1290	28744	2	6	4	1	1	1	0	19	94	5	29	31104	612	4	3	1	612,614,620,622,740,912
1290	28752	1	2	5	1	2	2	0	21	86	4	29	31104	620	12	3	2	620,622
1290	28768	1	1	5	1	0	0	1	22	30	4	30	32256	896	0	5	0	896
1290	28801	1	1	5	1	2	3	0	21	77	4	29	31104	710	524	2	3	710
1290	28802	1	3	5	1	2	2	0	23	13	3	29	31104	582	12	3	2	582,590,710
1290	28804	1	1	5	1	2	2	0	21	77	4	29	31104	708	520	3	2	708
1290	28808	1	1	5	1	2	2	0	21	77	4	29	31104	708	516	3	2	708
1290	28816	1	3	5	1	2	2	0	23	13	3	29	31104	588	12	3	2	588,590,716
1290	28832	1	1	5	1	1	3	0	22	77	4	30	31104	716	524	2	3	716
1290	28864	1	1	5	1	1	3	0	22	77	4	30	31104	716	524	2	3	716
1290	28929	1	1	5	1	2	3	0	21	77	4	29	31104	710	524	2	3	710
1290	28930	1	3	5	1	2	2	0	23	13	3	29	31104	582	12	3	2	582,590,710
1290	28932	1	1	5	1	2	2	0	21	77	4	29	31104	708	520	3	2	708
1290	28936	1	1	5	1	2	2	0	21	77	4	29	31104	708	516	3	2	708
1290	28944	1	3	5	1	2	2	0	23	13	3	29	31104	588	12	3	2	588,590,716
1290	28960	1	1	5	1	1	3	0	22	77	4	30	31104	716	524	2	3	716
1290	28992	1	1	5	1	1	3	0	22	77	4	30	31104	716	524	2	3	716
1290	29056	0	1	6	0	1	3	0	26	3	2	30	31104	652	524	2	4	652
1290	29185	0	1	6	0	2	2	0	21	77	4	29	31104	710	12	4	2	710
1290	29186	0	1	6	0	2	2	0	21	77	4	29	31104	710	12	4	2	710
1290	29188	0	1	6	0	1	1	0	21	77	4	29	31104	708	8	5	1	708
1290	29192	0	1	6	0	1	1	0	21	77	4	29	31104	708	4	5	1	708
1290	29200	0	1	6	0	2	2	0	21	77	4	29	31104	716	12	4	2	716
1290	29216	0	1	6	0	2	2	0	24	13	3	30	31104	716	12	4	2	716
1290	29248	0	1	6	0	2	2	0	24	13	3	30	31104	716	12	4	2	716
1290	29312	0	1	6	0	2	2	0	24	13	3	30	31104	652	12	4	2	652
1290	29440	0	1	6	0	2	2	0	24	13	3	30	31104	652	12	4	2	652
1290	29697	2	24	4	1	0	0	1	23	11	3	29	31104	704	0	4	0	304,306,308,310,312,314,316,318,704,706,708,710,712,714,716,718,816,818,820,822,960,962,964,966
1290	29698	1	8	5	1	0	0	1	25	3	2	29	31104	704	0	5	0	704,706,708,710,712,714,716,718
1290	29700	2	12	4	1	0	0	1	21	75	4	29	31104	704	0	4	0	704,706,708,710,712,714,716,718,816,820,960,964
1290	29704	2	12	4	1	0	0	1	21	75	4	29	31104	704	0	4	0	704,706,708,710,712,714,716,718,816,820,960,964
1290	29712	1	8	5	1	0	0	1	25	3	2	29	31104	704	0	5	0	704,706,708,710,712,714,716,718
1290	29728	1	4	5	1	1	1	0	26	3	2	30	32256	800	64	4	1	800,804,808,812
1290	29760	1	4	5	1	1	1	0	26	3	2	30	32256	800	32	4	1	800,804,808,812
1290	29824	1	4	5	1	1	1	0	26	3	2	30	31104	896	512	4	1	896,900,904,908
1290	29952	1	4	5	1	1	1	0	26	3	2	30	31104	896	512	4	1	896,900,904,908
1290	30208	0	4	6	0	0	0	1	28	1	1	30	31104	896	0	6	0	896,900,904,908
1290	30721	0	1	6	0	4	2	0	22	75	4	30	32256	816	96	2	4	816
1290	30722	0	2	6	0	3	2	0	24	11	3	30	32256	816	96	2	4	206,816
1290	30724	0	2	6	0	3	2	0	24	11	3	30	32256	816	96	2	4	206,816
1290	30728	0	2	6	0	3	2	0	24	11	3	30	32256	816	96	2	4	206,816
1290	30736	0	2	6	0	3	2	0	24	11	3	30	32256	816	96	2	4	206,816
1290	30752	0	2	6	0	2	1	0	25	11	3	31	32256	800	64	4	2	222,800
1290	30784	0	2	6	0	2	1	0	25	11	3	31	32256	800	32	4	2	222,800
1290	30848	0	2	6	0	2	2	0	29	1	1	31	32256	864	96	4	2	158,864
1290	30976	0	2	6	0	2	2	0	29	1	1	31	32256	864	96	4	2	158,864
1290	31232	0	8	6	0	2	2	0	29	1	1	31	31104	396	12	4	2	396,398,412,414,608,610,624,626
1290	31744	0	8	6	0	2	2	0	29	1	1	31	31104	402	18	4	2	402,406,410,414,608,612,616,620
