id	Y_mask	dH	optH_count	q	good	delta_min	rho	compatible_optG	ell	Y_type	Y_edges	degree_sum	f_witness	h_witness_local	S_mask	R_witness	Delta_witness	optH_masks_local
1301	31	0	1	7	0	2	1	0	18	0	0	18	20064	115	16384	5	2	908
1301	47	2	3	5	1	0	0	1	19	0	0	19	20064	626	0	5	0	114,626,908
1301	55	2	3	5	1	0	0	1	19	0	0	19	20064	626	0	5	0	114,626,908
1301	59	2	3	5	1	0	0	1	19	0	0	19	20064	626	0	5	0	114,626,908
1301	61	1	1	6	0	1	2	0	20	0	0	20	20064	115	16386	5	1	908
1301	62	1	1	6	0	1	2	0	20	0	0	20	20064	115	16385	5	1	908
1301	79	2	3	5	1	0	0	1	19	0	0	19	20064	626	0	5	0	114,626,908
1301	87	2	3	5	1	0	0	1	19	0	0	19	20064	626	0	5	0	114,626,908
1301	91	2	3	5	1	0	0	1	19	0	0	19	20064	626	0	5	0	114,626,908
1301	93	1	1	6	0	1	2	0	20	0	0	20	20064	115	16386	5	1	908
1301	94	1	1	6	0	1	2	0	20	0	0	20	20064	115	16385	5	1	908
1301	103	1	1	6	0	0	0	1	20	0	0	20	24160	752	0	6	0	752
1301	107	1	1	6	0	0	0	1	20	0	0	20	24160	752	0	6	0	752
1301	109	2	2	5	1	0	0	2	21	0	0	21	20064	624	0	5	0	624,752
1301	110	2	2	5	1	0	0	2	21	0	0	21	20064	624	0	5	0	624,752
1301	115	1	1	6	0	0	0	1	20	0	0	20	24160	752	0	6	0	752
1301	117	2	2	5	1	0	0	2	21	0	0	21	20064	624	0	5	0	624,752
1301	118	2	2	5	1	0	0	2	21	0	0	21	20064	624	0	5	0	624,752
1301	121	2	2	5	1	0	0	2	21	0	0	21	20064	624	0	5	0	624,752
1301	122	2	2	5	1	0	0	2	21	0	0	21	20064	624	0	5	0	624,752
1301	124	2	4	5	1	0	0	2	22	0	0	22	20064	624	0	5	0	624,796,880,908
1301	143	2	2	5	1	1	1	0	19	0	0	19	20064	118	16384	4	1	118,904
1301	151	2	2	5	1	1	1	0	19	0	0	19	20064	118	16384	4	1	118,904
1301	155	2	2	5	1	1	1	0	19	0	0	19	20064	118	16384	4	1	118,904
1301	157	1	1	6	0	2	2	0	20	0	0	20	20064	119	16386	4	2	904
1301	158	1	1	6	0	2	2	0	20	0	0	20	20064	119	16385	4	2	904
1301	167	3	6	4	1	0	0	2	18	1	1	20	20064	628	0	4	0	628,736,740,744,752,756
1301	171	3	6	4	1	0	0	2	18	1	1	20	20064	628	0	4	0	628,736,740,744,752,756
1301	173	3	4	4	1	0	0	2	19	1	1	21	20064	628	0	4	0	628,794,904,906
1301	174	3	4	4	1	0	0	2	19	1	1	21	20064	628	0	4	0	628,794,904,906
1301	179	3	6	4	1	0	0	2	18	1	1	20	20064	628	0	4	0	628,736,740,744,752,756
1301	181	3	4	4	1	0	0	2	19	1	1	21	20064	628	0	4	0	628,794,904,906
1301	182	3	4	4	1	0	0	2	19	1	1	21	20064	628	0	4	0	628,794,904,906
1301	185	3	4	4	1	0	0	2	19	1	1	21	20064	628	0	4	0	628,794,904,906
1301	186	3	4	4	1	0	0	2	19	1	1	21	20064	628	0	4	0	628,794,904,906
1301	188	2	3	5	1	0	0	1	20	1	1	22	25500	792	0	5	0	792,904,920
1301	199	3	6	4	1	0	0	2	18	1	1	20	20064	628	0	4	0	628,736,740,744,752,756
1301	203	3	6	4	1	0	0	2	18	1	1	20	20064	628	0	4	0	628,736,740,744,752,756
1301	205	3	4	4	1	0	0	2	19	1	1	21	20064	628	0	4	0	628,794,904,906
1301	206	3	4	4	1	0	0	2	19	1	1	21	20064	628	0	4	0	628,794,904,906
1301	211	3	6	4	1	0	0	2	18	1	1	20	20064	628	0	4	0	628,736,740,744,752,756
1301	213	3	4	4	1	0	0	2	19	1	1	21	20064	628	0	4	0	628,794,904,906
1301	214	3	4	4	1	0	0	2	19	1	1	21	20064	628	0	4	0	628,794,904,906
1301	217	3	4	4	1	0	0	2	19	1	1	21	20064	628	0	4	0	628,794,904,906
1301	218	3	4	4	1	0	0	2	19	1	1	21	20064	628	0	4	0	628,794,904,906
1301	220	2	3	5	1	0	0	1	20	1	1	22	25500	792	0	5	0	792,904,920
1301	227	1	2	6	0	0	0	1	17	3	2	21	24160	752	0	6	0	736,752
1301	229	2	2	5	1	0	0	1	18	3	2	22	24160	752	0	5	0	286,752
1301	230	2	2	5	1	0	0	1	18	3	2	22	24160	752	0	5	0	286,752
1301	233	2	2	5	1	0	0	1	18	3	2	22	24160	752	0	5	0	286,752
1301	234	2	2	5	1	0	0	1	18	3	2	22	24160	752	0	5	0	286,752
1301	236	2	1	5	1	0	0	1	19	3	2	23	25500	796	0	5	0	796
1301	241	2	2	5	1	0	0	1	18	3	2	22	24160	752	0	5	0	286,752
1301	242	2	2	5	1	0	0	1	18	3	2	22	24160	752	0	5	0	286,752
1301	244	2	1	5	1	0	0	1	19	3	2	23	25500	796	0	5	0	796
1301	248	2	1	5	1	0	0	1	19	3	2	23	25500	796	0	5	0	796
1301	271	2	2	5	1	1	1	0	19	0	0	19	20064	118	16384	4	1	118,904
1301	279	2	2	5	1	1	1	0	19	0	0	19	20064	118	16384	4	1	118,904
1301	283	2	2	5	1	1	1	0	19	0	0	19	20064	118	16384	4	1	118,904
1301	285	1	1	6	0	2	2	0	20	0	0	20	20064	119	16386	4	2	904
1301	286	1	1	6	0	2	2	0	20	0	0	20	20064	119	16385	4	2	904
1301	295	3	6	4	1	0	0	2	18	1	1	20	20064	628	0	4	0	628,736,740,744,752,756
1301	299	3	6	4	1	0	0	2	18	1	1	20	20064	628	0	4	0	628,736,740,744,752,756
1301	301	3	4	4	1	0	0	2	19	1	1	21	20064	628	0	4	0	628,794,904,906
1301	302	3	4	4	1	0	0	2	19	1	1	21	20064	628	0	4	0	628,794,904,906
1301	307	3	6	4	1	0	0	2	18	1	1	20	20064	628	0	4	0	628,736,740,744,752,756
1301	309	3	4	4	1	0	0	2	19	1	1	21	20064	628	0	4	0	628,794,904,906
1301	310	3	4	4	1	0	0	2	19	1	1	21	20064	628	0	4	0	628,794,904,906
1301	313	3	4	4	1	0	0	2	19	1	1	21	20064	628	0	4	0	628,794,904,906
1301	314	3	4	4	1	0	0	2	19	1	1	21	20064	628	0	4	0	628,794,904,906
1301	316	2	3	5	1	0	0	1	20	1	1	22	25500	792	0	5	0	792,904,920
1301	327	3	6	4	1	0	0	2	18	1	1	20	20064	628	0	4	0	628,736,740,744,752,756
1301	331	3	6	4	1	0	0	2	18	1	1	20	20064	628	0	4	0	628,736,740,744,752,756
1301	333	3	4	4	1	0	0	2	19	1	1	21	20064	628	0	4	0	628,794,904,906
1301	334	3	4	4	1	0	0	2	19	1	1	21	20064	628	0	4	0	628,794,904,906
1301	339	3	6	4	1	0	0	2	18	1	1	20	20064	628	0	4	0	628,736,740,744,752,756
1301	341	3	4	4	1	0	0	2	19	1	1	21	20064	628	0	4	0	628,794,904,906
1301	342	3	4	4	1	0	0	2	19	1	1	21	20064	628	0	4	0	628,794,904,906
1301	345	3	4	4	1	0	0	2	19	1	1	21	20064	628	0	4	0	628,794,904,906
1301	346	3	4	4	1	0	0	2	19	1	1	21	20064	628	0	4	0	628,794,904,906
1301	348	2	3	5	1	0	0	1	20	1	1	22	25500	792	0	5	0	792,904,920
1301	355	1	2	6	0	0	0	1	17	3	2	21	24160	752	0	6	0	736,752
1301	357	2	2	5	1	0	0	1	18	3	2	22	24160	752	0	5	0	286,752
1301	358	2	2	5	1	0	0	1	18	3	2	22	24160	752	0	5	0	286,752
1301	361	2	2	5	1	0	0	1	18	3	2	22	24160	752	0	5	0	286,752
1301	362	2	2	5	1	0	0	1	18	3	2	22	24160	752	0	5	0	286,752
1301	364	2	1	5	1	0	0	1	19	3	2	23	25500	796	0	5	0	796
1301	369	2	2	5	1	0	0	1	18	3	2	22	24160	752	0	5	0	286,752
1301	370	2	2	5	1	0	0	1	18	3	2	22	24160	752	0	5	0	286,752
1301	372	2	1	5	1	0	0	1	19	3	2	23	25500	796	0	5	0	796
1301	376	2	1	5	1	0	0	1	19	3	2	23	25500	796	0	5	0	796
1301	391	2	2	5	1	1	1	0	20	0	0	20	32256	992	512	4	1	736,992
1301	395	2	2	5	1	1	1	0	20	0	0	20	32256	992	512	4	1	736,992
1301	397	3	12	4	1	0	0	2	21	0	0	21	25500	786	0	4	0	286,786,896,898,912,914,928,944,960,976,992,1008
1301	398	3	12	4	1	0	0	2	21	0	0	21	25500	786	0	4	0	286,786,896,898,912,914,928,944,960,976,992,1008
1301	403	2	2	5	1	1	1	0	20	0	0	20	32256	992	512	4	1	736,992
1301	405	3	12	4	1	0	0	2	21	0	0	21	25500	786	0	4	0	286,786,896,898,912,914,928,944,960,976,992,1008
1301	406	3	12	4	1	0	0	2	21	0	0	21	25500	786	0	4	0	286,786,896,898,912,914,928,944,960,976,992,1008
1301	409	3	12	4	1	0	0	2	21	0	0	21	25500	786	0	4	0	286,786,896,898,912,914,928,944,960,976,992,1008
1301	410	3	12	4	1	0	0	2	21	0	0	21	25500	786	0	4	0	286,786,896,898,912,914,928,944,960,976,992,1008
1301	412	1	1	6	0	1	1	0	22	0	0	22	25500	912	4096	5	1	912
1301	419	1	1	6	0	2	2	0	17	3	2	21	24160	736	576	4	2	736
1301	421	2	1	5	1	1	2	0	18	3	2	22	25500	286	16448	4	1	286
1301	422	2	1	5	1	1	2	0	18	3	2	22	25500	286	16448	4	1	286
1301	425	2	1	5	1	1	2	0	18	3	2	22	25500	286	16448	4	1	286
1301	426	2	1	5	1	1	2	0	18	3	2	22	25500	286	16448	4	1	286
1301	428	2	1	5	1	0	0	1	19	3	2	23	25500	788	0	5	0	788
1301	433	2	1	5	1	1	2	0	18	3	2	22	25500	286	16448	4	1	286
1301	434	2	1	5	1	1	2	0	18	3	2	22	25500	286	16448	4	1	286
1301	436	2	1	5	1	0	0	1	19	3	2	23	25500	788	0	5	0	788
1301	440	2	1	5	1	0	0	1	19	3	2	23	25500	788	0	5	0	788
1301	451	1	1	6	0	2	2	0	17	3	2	21	24160	736	544	4	2	736
1301	453	2	1	5	1	1	2	0	18	3	2	22	25500	286	16416	4	1	286
1301	454	2	1	5	1	1	2	0	18	3	2	22	25500	286	16416	4	1	286
1301	457	2	1	5	1	1	2	0	18	3	2	22	25500	286	16416	4	1	286
1301	458	2	1	5	1	1	2	0	18	3	2	22	25500	286	16416	4	1	286
1301	460	2	1	5	1	0	0	1	19	3	2	23	25500	788	0	5	0	788
1301	465	2	1	5	1	1	2	0	18	3	2	22	25500	286	16416	4	1	286
1301	466	2	1	5	1	1	2	0	18	3	2	22	25500	286	16416	4	1	286
1301	468	2	1	5	1	0	0	1	19	3	2	23	25500	788	0	5	0	788
1301	472	2	1	5	1	0	0	1	19	3	2	23	25500	788	0	5	0	788
1301	481	1	1	6	0	1	1	0	15	30	4	23	25500	286	16384	4	2	286
1301	482	1	1	6	0	1	1	0	15	30	4	23	25500	286	16384	4	2	286
1301	484	2	2	5	1	0	0	1	16	30	4	24	25500	796	0	5	0	284,796
1301	488	2	2	5	1	0	0	1	16	30	4	24	25500	796	0	5	0	284,796
1301	496	2	2	5	1	0	0	1	16	30	4	24	25500	796	0	5	0	284,796
1301	527	2	2	5	1	1	1	0	15	3	2	19	20064	102	16384	4	1	102,920
1301	535	2	2	5	1	1	1	0	15	3	2	19	20064	102	16384	4	1	102,920
1301	539	2	2	5	1	1	1	0	15	3	2	19	20064	102	16384	4	1	102,920
1301	541	0	1	7	0	2	1	0	18	1	1	20	25500	920	4096	5	2	920
1301	542	0	1	7	0	2	1	0	18	1	1	20	25500	920	4096	5	2	920
1301	551	2	1	5	1	0	0	1	16	3	2	20	24160	740	0	5	0	740
1301	555	2	1	5	1	0	0	1	16	3	2	20	24160	740	0	5	0	740
1301	557	2	3	5	1	0	0	1	19	1	1	21	25500	794	0	5	0	794,920,922
1301	558	2	3	5	1	0	0	1	19	1	1	21	25500	794	0	5	0	794,920,922
1301	563	2	1	5	1	0	0	1	16	3	2	20	24160	740	0	5	0	740
1301	565	2	3	5	1	0	0	1	19	1	1	21	25500	794	0	5	0	794,920,922
1301	566	2	3	5	1	0	0	1	19	1	1	21	25500	794	0	5	0	794,920,922
1301	569	2	3	5	1	0	0	1	19	1	1	21	25500	794	0	5	0	794,920,922
1301	570	2	3	5	1	0	0	1	19	1	1	21	25500	794	0	5	0	794,920,922
1301	572	0	1	7	0	1	1	0	22	0	0	22	25500	920	4096	6	1	920
1301	583	2	1	5	1	0	0	1	16	3	2	20	24160	740	0	5	0	740
1301	587	2	1	5	1	0	0	1	16	3	2	20	24160	740	0	5	0	740
1301	589	2	3	5	1	0	0	1	19	1	1	21	25500	794	0	5	0	794,920,922
1301	590	2	3	5	1	0	0	1	19	1	1	21	25500	794	0	5	0	794,920,922
1301	595	2	1	5	1	0	0	1	16	3	2	20	24160	740	0	5	0	740
1301	597	2	3	5	1	0	0	1	19	1	1	21	25500	794	0	5	0	794,920,922
1301	598	2	3	5	1	0	0	1	19	1	1	21	25500	794	0	5	0	794,920,922
1301	601	2	3	5	1	0	0	1	19	1	1	21	25500	794	0	5	0	794,920,922
1301	602	2	3	5	1	0	0	1	19	1	1	21	25500	794	0	5	0	794,920,922
1301	604	0	1	7	0	1	1	0	22	0	0	22	25500	920	4096	6	1	920
1301	611	0	1	7	0	0	0	1	17	3	2	21	24160	736	0	7	0	736
1301	613	1	2	6	0	0	0	1	20	1	1	22	24160	736	0	6	0	286,736
1301	614	1	2	6	0	0	0	1	20	1	1	22	24160	736	0	6	0	286,736
1301	617	1	2	6	0	0	0	1	20	1	1	22	24160	736	0	6	0	286,736
1301	618	1	2	6	0	0	0	1	20	1	1	22	24160	736	0	6	0	286,736
1301	620	1	1	6	0	0	0	1	23	0	0	23	25500	796	0	6	0	796
1301	625	1	2	6	0	0	0	1	20	1	1	22	24160	736	0	6	0	286,736
1301	626	1	2	6	0	0	0	1	20	1	1	22	24160	736	0	6	0	286,736
1301	628	1	1	6	0	0	0	1	23	0	0	23	25500	796	0	6	0	796
1301	632	1	1	6	0	0	0	1	23	0	0	23	25500	796	0	6	0	796
1301	647	4	15	3	1	0	0	4	14	11	3	20	20064	620	0	3	0	108,110,236,620,736,740,744,748,752,912,914,944,976,992,1008
1301	651	4	15	3	1	0	0	4	14	11	3	20	20064	620	0	3	0	108,110,236,620,736,740,744,748,752,912,914,944,976,992,1008
1301	653	2	2	5	1	1	1	0	17	3	2	21	25500	914	4096	4	1	912,914
1301	654	2	2	5	1	1	1	0	17	3	2	21	25500	914	4096	4	1	912,914
1301	659	4	15	3	1	0	0	4	14	11	3	20	20064	620	0	3	0	108,110,236,620,736,740,744,748,752,912,914,944,976,992,1008
1301	661	2	2	5	1	1	1	0	17	3	2	21	25500	914	4096	4	1	912,914
1301	662	2	2	5	1	1	1	0	17	3	2	21	25500	914	4096	4	1	912,914
1301	665	2	2	5	1	1	1	0	17	3	2	21	25500	914	4096	4	1	912,914
1301	666	2	2	5	1	1	1	0	17	3	2	21	25500	914	4096	4	1	912,914
1301	668	0	1	7	0	2	1	0	20	1	1	22	25500	912	4096	5	2	912
1301	675	2	2	5	1	0	0	1	13	77	4	21	24160	744	0	5	0	736,744
1301	677	3	6	4	1	0	0	3	16	13	3	22	24160	744	0	4	0	278,286,736,744,790,992
1301	678	3	6	4	1	0	0	3	16	13	3	22	24160	744	0	4	0	278,286,736,744,790,992
1301	681	3	6	4	1	0	0	3	16	13	3	22	24160	744	0	4	0	278,286,736,744,790,992
1301	682	3	6	4	1	0	0	3	16	13	3	22	24160	744	0	4	0	278,286,736,744,790,992
1301	684	2	3	5	1	0	0	1	19	3	2	23	25500	788	0	5	0	788,912,916
1301	689	3	6	4	1	0	0	3	16	13	3	22	24160	744	0	4	0	278,286,736,744,790,992
1301	690	3	6	4	1	0	0	3	16	13	3	22	24160	744	0	4	0	278,286,736,744,790,992
1301	692	2	3	5	1	0	0	1	19	3	2	23	25500	788	0	5	0	788,912,916
1301	696	2	3	5	1	0	0	1	19	3	2	23	25500	788	0	5	0	788,912,916
1301	707	2	2	5	1	0	0	1	13	77	4	21	24160	744	0	5	0	736,744
1301	709	3	6	4	1	0	0	3	16	13	3	22	24160	744	0	4	0	278,286,736,744,790,992
1301	710	3	6	4	1	0	0	3	16	13	3	22	24160	744	0	4	0	278,286,736,744,790,992
1301	713	3	6	4	1	0	0	3	16	13	3	22	24160	744	0	4	0	278,286,736,744,790,992
1301	714	3	6	4	1	0	0	3	16	13	3	22	24160	744	0	4	0	278,286,736,744,790,992
1301	716	2	3	5	1	0	0	1	19	3	2	23	25500	788	0	5	0	788,912,916
1301	721	3	6	4	1	0	0	3	16	13	3	22	24160	744	0	4	0	278,286,736,744,790,992
1301	722	3	6	4	1	0	0	3	16	13	3	22	24160	744	0	4	0	278,286,736,744,790,992
1301	724	2	3	5	1	0	0	1	19	3	2	23	25500	788	0	5	0	788,912,916
1301	728	2	3	5	1	0	0	1	19	3	2	23	25500	788	0	5	0	788,912,916
1301	737	1	2	6	0	0	0	1	15	77	4	23	24160	736	0	6	0	286,736
1301	738	1	2	6	0	0	0	1	15	77	4	23	24160	736	0	6	0	286,736
1301	740	2	6	5	1	0	0	3	18	11	3	24	24160	736	0	5	0	284,286,736,738,796,992
1301	744	2	6	5	1	0	0	3	18	11	3	24	24160	736	0	5	0	284,286,736,738,796,992
1301	752	2	6	5	1	0	0	3	18	11	3	24	24160	736	0	5	0	284,286,736,738,796,992
1301	775	4	15	3	1	0	0	4	14	11	3	20	20064	620	0	3	0	108,110,236,620,736,740,744,748,752,912,914,944,976,992,1008
1301	779	4	15	3	1	0	0	4	14	11	3	20	20064	620	0	3	0	108,110,236,620,736,740,744,748,752,912,914,944,976,992,1008
1301	781	2	2	5	1	1	1	0	17	3	2	21	25500	914	4096	4	1	912,914
1301	782	2	2	5	1	1	1	0	17	3	2	21	25500	914	4096	4	1	912,914
1301	787	4	15	3	1	0	0	4	14	11	3	20	20064	620	0	3	0	108,110,236,620,736,740,744,748,752,912,914,944,976,992,1008
1301	789	2	2	5	1	1	1	0	17	3	2	21	25500	914	4096	4	1	912,914
1301	790	2	2	5	1	1	1	0	17	3	2	21	25500	914	4096	4	1	912,914
1301	793	2	2	5	1	1	1	0	17	3	2	21	25500	914	4096	4	1	912,914
1301	794	2	2	5	1	1	1	0	17	3	2	21	25500	914	4096	4	1	912,914
1301	796	0	1	7	0	2	1	0	20	1	1	22	25500	912	4096	5	2	912
1301	803	2	2	5	1	0	0	1	13	77	4	21	24160	744	0	5	0	736,744
1301	805	3	6	4	1	0	0	3	16	13	3	22	24160	744	0	4	0	278,286,736,744,790,992
1301	806	3	6	4	1	0	0	3	16	13	3	22	24160	744	0	4	0	278,286,736,744,790,992
1301	809	3	6	4	1	0	0	3	16	13	3	22	24160	744	0	4	0	278,286,736,744,790,992
1301	810	3	6	4	1	0	0	3	16	13	3	22	24160	744	0	4	0	278,286,736,744,790,992
1301	812	2	3	5	1	0	0	1	19	3	2	23	25500	788	0	5	0	788,912,916
1301	817	3	6	4	1	0	0	3	16	13	3	22	24160	744	0	4	0	278,286,736,744,790,992
1301	818	3	6	4	1	0	0	3	16	13	3	22	24160	744	0	4	0	278,286,736,744,790,992
1301	820	2	3	5	1	0	0	1	19	3	2	23	25500	788	0	5	0	788,912,916
1301	824	2	3	5	1	0	0	1	19	3	2	23	25500	788	0	5	0	788,912,916
1301	835	2	2	5	1	0	0	1	13	77	4	21	24160	744	0	5	0	736,744
1301	837	3	6	4	1	0	0	3	16	13	3	22	24160	744	0	4	0	278,286,736,744,790,992
1301	838	3	6	4	1	0	0	3	16	13	3	22	24160	744	0	4	0	278,286,736,744,790,992
1301	841	3	6	4	1	0	0	3	16	13	3	22	24160	744	0	4	0	278,286,736,744,790,992
1301	842	3	6	4	1	0	0	3	16	13	3	22	24160	744	0	4	0	278,286,736,744,790,992
1301	844	2	3	5	1	0	0	1	19	3	2	23	25500	788	0	5	0	788,912,916
1301	849	3	6	4	1	0	0	3	16	13	3	22	24160	744	0	4	0	278,286,736,744,790,992
1301	850	3	6	4	1	0	0	3	16	13	3	22	24160	744	0	4	0	278,286,736,744,790,992
1301	852	2	3	5	1	0	0	1	19	3	2	23	25500	788	0	5	0	788,912,916
1301	856	2	3	5	1	0	0	1	19	3	2	23	25500	788	0	5	0	788,912,916
1301	865	1	2	6	0	0	0	1	15	77	4	23	24160	736	0	6	0	286,736
1301	866	1	2	6	0	0	0	1	15	77	4	23	24160	736	0	6	0	286,736
1301	868	2	6	5	1	0	0	3	18	11	3	24	24160	736	0	5	0	284,286,736,738,796,992
1301	872	2	6	5	1	0	0	3	18	11	3	24	24160	736	0	5	0	284,286,736,738,796,992
1301	880	2	6	5	1	0	0	3	18	11	3	24	24160	736	0	5	0	284,286,736,738,796,992
1301	899	2	2	5	1	0	0	1	13	75	4	21	32256	992	0	5	0	736,992
1301	901	2	1	5	1	0	0	1	16	11	3	22	32256	992	0	5	0	992
1301	902	2	1	5	1	0	0	1	16	11	3	22	32256	992	0	5	0	992
1301	905	2	1	5	1	0	0	1	16	11	3	22	32256	992	0	5	0	992
1301	906	2	1	5	1	0	0	1	16	11	3	22	32256	992	0	5	0	992
1301	908	2	5	5	1	0	0	1	19	3	2	23	32256	992	0	5	0	896,900,928,960,992
1301	913	2	1	5	1	0	0	1	16	11	3	22	32256	992	0	5	0	992
1301	914	2	1	5	1	0	0	1	16	11	3	22	32256	992	0	5	0	992
1301	916	2	5	5	1	0	0	1	19	3	2	23	32256	992	0	5	0	896,900,928,960,992
1301	920	2	5	5	1	0	0	1	19	3	2	23	32256	992	0	5	0	896,900,928,960,992
1301	929	2	3	5	1	0	0	1	13	94	5	23	32256	992	0	5	0	286,736,992
1301	930	2	3	5	1	0	0	1	13	94	5	23	32256	992	0	5	0	286,736,992
1301	932	2	1	5	1	0	0	1	16	30	4	24	32256	992	0	5	0	992
1301	936	2	1	5	1	0	0	1	16	30	4	24	32256	992	0	5	0	992
1301	944	2	1	5	1	0	0	1	16	30	4	24	32256	992	0	5	0	992
1301	961	2	3	5	1	0	0	1	13	94	5	23	32256	992	0	5	0	286,736,992
1301	962	2	3	5	1	0	0	1	13	94	5	23	32256	992	0	5	0	286,736,992
1301	964	2	1	5	1	0	0	1	16	30	4	24	32256	992	0	5	0	992
1301	968	2	1	5	1	0	0	1	16	30	4	24	32256	992	0	5	0	992
1301	976	2	1	5	1	0	0	1	16	30	4	24	32256	992	0	5	0	992
1301	992	2	5	5	1	0	0	2	13	222	6	25	24160	736	0	5	0	284,286,736,738,992
1301	1039	1	1	6	0	2	2	0	16	3	2	20	20064	103	16400	4	2	920
1301	1047	1	1	6	0	2	2	0	16	3	2	20	20064	103	16392	4	2	920
1301	1051	1	1	6	0	2	2	0	16	3	2	20	20064	103	16388	4	2	920
1301	1053	1	1	6	0	2	2	0	15	11	3	21	20064	103	16386	4	2	920
1301	1054	1	1	6	0	2	2	0	15	11	3	21	20064	103	16385	4	2	920
1301	1063	2	1	5	1	1	3	0	19	1	1	21	20064	103	16408	4	1	920
1301	1067	2	1	5	1	1	3	0	19	1	1	21	20064	103	16404	4	1	920
1301	1069	2	1	5	1	1	3	0	18	3	2	22	20064	103	16402	4	1	920
1301	1070	2	1	5	1	1	3	0	18	3	2	22	20064	103	16401	4	1	920
1301	1075	2	1	5	1	1	3	0	19	1	1	21	20064	103	16396	4	1	920
1301	1077	2	1	5	1	1	3	0	18	3	2	22	20064	103	16394	4	1	920
1301	1078	2	1	5	1	1	3	0	18	3	2	22	20064	103	16393	4	1	920
1301	1081	2	1	5	1	1	3	0	18	3	2	22	20064	103	16390	4	1	920
1301	1082	2	1	5	1	1	3	0	18	3	2	22	20064	103	16389	4	1	920
1301	1084	2	1	5	1	1	2	0	17	11	3	23	25500	920	4608	4	1	920
1301	1095	2	1	5	1	1	3	0	19	1	1	21	20064	103	16408	4	1	920
1301	1099	2	1	5	1	1	3	0	19	1	1	21	20064	103	16404	4	1	920
1301	1101	2	1	5	1	1	3	0	18	3	2	22	20064	103	16402	4	1	920
1301	1102	2	1	5	1	1	3	0	18	3	2	22	20064	103	16401	4	1	920
1301	1107	2	1	5	1	1	3	0	19	1	1	21	20064	103	16396	4	1	920
1301	1109	2	1	5	1	1	3	0	18	3	2	22	20064	103	16394	4	1	920
1301	1110	2	1	5	1	1	3	0	18	3	2	22	20064	103	16393	4	1	920
1301	1113	2	1	5	1	1	3	0	18	3	2	22	20064	103	16390	4	1	920
1301	1114	2	1	5	1	1	3	0	18	3	2	22	20064	103	16389	4	1	920
1301	1116	2	1	5	1	1	2	0	17	11	3	23	25500	920	4608	4	1	920
1301	1123	1	1	6	0	0	0	1	22	0	0	22	24160	736	0	6	0	736
1301	1125	2	2	5	1	0	0	2	21	1	1	23	24160	736	0	5	0	736,992
1301	1126	2	2	5	1	0	0	2	21	1	1	23	24160	736	0	5	0	736,992
1301	1129	2	2	5	1	0	0	2	21	1	1	23	24160	736	0	5	0	736,992
1301	1130	2	2	5	1	0	0	2	21	1	1	23	24160	736	0	5	0	736,992
1301	1132	2	2	5	1	0	0	1	20	3	2	24	32256	992	0	5	0	864,992
1301	1137	2	2	5	1	0	0	2	21	1	1	23	24160	736	0	5	0	736,992
1301	1138	2	2	5	1	0	0	2	21	1	1	23	24160	736	0	5	0	736,992
1301	1140	2	2	5	1	0	0	1	20	3	2	24	32256	992	0	5	0	864,992
1301	1144	2	2	5	1	0	0	1	20	3	2	24	32256	992	0	5	0	864,992
1301	1159	2	2	5	1	2	2	0	17	3	2	21	32256	976	768	3	2	912,976
1301	1163	2	2	5	1	2	2	0	17	3	2	21	32256	976	768	3	2	912,976
1301	1165	2	1	5	1	2	3	0	16	11	3	22	20064	111	16402	3	2	912
1301	1166	2	1	5	1	2	3	0	16	11	3	22	20064	111	16401	3	2	912
1301	1171	2	2	5	1	2	2	0	17	3	2	21	32256	976	768	3	2	912,976
1301	1173	2	1	5	1	2	3	0	16	11	3	22	20064	111	16394	3	2	912
1301	1174	2	1	5	1	2	3	0	16	11	3	22	20064	111	16393	3	2	912
1301	1177	2	1	5	1	2	3	0	16	11	3	22	20064	111	16390	3	2	912
1301	1178	2	1	5	1	2	3	0	16	11	3	22	20064	111	16389	3	2	912
1301	1180	2	2	5	1	1	1	0	15	75	4	23	25500	944	4096	4	1	912,944
1301	1187	2	2	5	1	1	2	0	18	3	2	22	32256	976	768	4	1	720,976
1301	1189	3	4	4	1	0	0	1	17	13	3	23	32256	992	0	4	0	302,912,976,992
1301	1190	3	4	4	1	0	0	1	17	13	3	23	32256	992	0	4	0	302,912,976,992
1301	1193	3	4	4	1	0	0	1	17	13	3	23	32256	992	0	4	0	302,912,976,992
1301	1194	3	4	4	1	0	0	1	17	13	3	23	32256	992	0	4	0	302,912,976,992
1301	1196	3	4	4	1	0	0	2	16	77	4	24	25500	820	0	4	0	820,912,944,992
1301	1201	3	4	4	1	0	0	1	17	13	3	23	32256	992	0	4	0	302,912,976,992
1301	1202	3	4	4	1	0	0	1	17	13	3	23	32256	992	0	4	0	302,912,976,992
1301	1204	3	4	4	1	0	0	2	16	77	4	24	25500	820	0	4	0	820,912,944,992
1301	1208	3	4	4	1	0	0	2	16	77	4	24	25500	820	0	4	0	820,912,944,992
1301	1219	2	2	5	1	1	2	0	18	3	2	22	32256	976	768	4	1	720,976
1301	1221	3	4	4	1	0	0	1	17	13	3	23	32256	992	0	4	0	302,912,976,992
1301	1222	3	4	4	1	0	0	1	17	13	3	23	32256	992	0	4	0	302,912,976,992
1301	1225	3	4	4	1	0	0	1	17	13	3	23	32256	992	0	4	0	302,912,976,992
1301	1226	3	4	4	1	0	0	1	17	13	3	23	32256	992	0	4	0	302,912,976,992
1301	1228	3	4	4	1	0	0	2	16	77	4	24	25500	820	0	4	0	820,912,944,992
1301	1233	3	4	4	1	0	0	1	17	13	3	23	32256	992	0	4	0	302,912,976,992
1301	1234	3	4	4	1	0	0	1	17	13	3	23	32256	992	0	4	0	302,912,976,992
1301	1236	3	4	4	1	0	0	2	16	77	4	24	25500	820	0	4	0	820,912,944,992
1301	1240	3	4	4	1	0	0	2	16	77	4	24	25500	820	0	4	0	820,912,944,992
1301	1249	2	4	5	1	0	0	2	18	11	3	24	24160	736	0	5	0	302,318,736,992
1301	1250	2	4	5	1	0	0	2	18	11	3	24	24160	736	0	5	0	302,318,736,992
1301	1252	2	1	5	1	0	0	1	17	77	4	25	32256	992	0	5	0	992
1301	1256	2	1	5	1	0	0	1	17	77	4	25	32256	992	0	5	0	992
1301	1264	2	1	5	1	0	0	1	17	77	4	25	32256	992	0	5	0	992
1301	1287	2	2	5	1	2	2	0	17	3	2	21	32256	976	640	3	2	912,976
1301	1291	2	2	5	1	2	2	0	17	3	2	21	32256	976	640	3	2	912,976
1301	1293	2	1	5	1	2	3	0	16	11	3	22	20064	111	16402	3	2	912
1301	1294	2	1	5	1	2	3	0	16	11	3	22	20064	111	16401	3	2	912
1301	1299	2	2	5	1	2	2	0	17	3	2	21	32256	976	640	3	2	912,976
1301	1301	2	1	5	1	2	3	0	16	11	3	22	20064	111	16394	3	2	912
1301	1302	2	1	5	1	2	3	0	16	11	3	22	20064	111	16393	3	2	912
1301	1305	2	1	5	1	2	3	0	16	11	3	22	20064	111	16390	3	2	912
1301	1306	2	1	5	1	2	3	0	16	11	3	22	20064	111	16389	3	2	912
1301	1308	2	2	5	1	1	1	0	15	75	4	23	25500	944	4096	4	1	912,944
1301	1315	2	2	5	1	1	2	0	18	3	2	22	32256	976	640	4	1	720,976
1301	1317	3	4	4	1	0	0	1	17	13	3	23	32256	992	0	4	0	302,912,976,992
1301	1318	3	4	4	1	0	0	1	17	13	3	23	32256	992	0	4	0	302,912,976,992
1301	1321	3	4	4	1	0	0	1	17	13	3	23	32256	992	0	4	0	302,912,976,992
1301	1322	3	4	4	1	0	0	1	17	13	3	23	32256	992	0	4	0	302,912,976,992
1301	1324	3	4	4	1	0	0	2	16	77	4	24	25500	820	0	4	0	820,912,944,992
1301	1329	3	4	4	1	0	0	1	17	13	3	23	32256	992	0	4	0	302,912,976,992
1301	1330	3	4	4	1	0	0	1	17	13	3	23	32256	992	0	4	0	302,912,976,992
1301	1332	3	4	4	1	0	0	2	16	77	4	24	25500	820	0	4	0	820,912,944,992
1301	1336	3	4	4	1	0	0	2	16	77	4	24	25500	820	0	4	0	820,912,944,992
1301	1347	2	2	5	1	1	2	0	18	3	2	22	32256	976	640	4	1	720,976
1301	1349	3	4	4	1	0	0	1	17	13	3	23	32256	992	0	4	0	302,912,976,992
1301	1350	3	4	4	1	0	0	1	17	13	3	23	32256	992	0	4	0	302,912,976,992
1301	1353	3	4	4	1	0	0	1	17	13	3	23	32256	992	0	4	0	302,912,976,992
1301	1354	3	4	4	1	0	0	1	17	13	3	23	32256	992	0	4	0	302,912,976,992
1301	1356	3	4	4	1	0	0	2	16	77	4	24	25500	820	0	4	0	820,912,944,992
1301	1361	3	4	4	1	0	0	1	17	13	3	23	32256	992	0	4	0	302,912,976,992
1301	1362	3	4	4	1	0	0	1	17	13	3	23	32256	992	0	4	0	302,912,976,992
1301	1364	3	4	4	1	0	0	2	16	77	4	24	25500	820	0	4	0	820,912,944,992
1301	1368	3	4	4	1	0	0	2	16	77	4	24	25500	820	0	4	0	820,912,944,992
1301	1377	2	4	5	1	0	0	2	18	11	3	24	24160	736	0	5	0	302,318,736,992
1301	1378	2	4	5	1	0	0	2	18	11	3	24	24160	736	0	5	0	302,318,736,992
1301	1380	2	1	5	1	0	0	1	17	77	4	25	32256	992	0	5	0	992
1301	1384	2	1	5	1	0	0	1	17	77	4	25	32256	992	0	5	0	992
1301	1392	2	1	5	1	0	0	1	17	77	4	25	32256	992	0	5	0	992
1301	1411	1	1	6	0	1	1	0	18	3	2	22	32256	960	512	5	1	960
1301	1413	2	2	5	1	0	0	1	17	11	3	23	32256	992	0	5	0	960,992
1301	1414	2	2	5	1	0	0	1	17	11	3	23	32256	992	0	5	0	960,992
1301	1417	2	2	5	1	0	0	1	17	11	3	23	32256	992	0	5	0	960,992
1301	1418	2	2	5	1	0	0	1	17	11	3	23	32256	992	0	5	0	960,992
1301	1420	2	2	5	1	0	0	1	16	75	4	24	32256	992	0	5	0	928,992
1301	1425	2	2	5	1	0	0	1	17	11	3	23	32256	992	0	5	0	960,992
1301	1426	2	2	5	1	0	0	1	17	11	3	23	32256	992	0	5	0	960,992
1301	1428	2	2	5	1	0	0	1	16	75	4	24	32256	992	0	5	0	928,992
1301	1432	2	2	5	1	0	0	1	16	75	4	24	32256	992	0	5	0	928,992
1301	1441	2	3	5	1	0	0	1	16	30	4	24	32256	992	0	5	0	318,960,992
1301	1442	2	3	5	1	0	0	1	16	30	4	24	32256	992	0	5	0	318,960,992
1301	1444	2	1	5	1	0	0	1	15	94	5	25	32256	992	0	5	0	992
1301	1448	2	1	5	1	0	0	1	15	94	5	25	32256	992	0	5	0	992
1301	1456	2	1	5	1	0	0	1	15	94	5	25	32256	992	0	5	0	992
1301	1473	2	3	5	1	0	0	1	16	30	4	24	32256	992	0	5	0	318,960,992
1301	1474	2	3	5	1	0	0	1	16	30	4	24	32256	992	0	5	0	318,960,992
1301	1476	2	1	5	1	0	0	1	15	94	5	25	32256	992	0	5	0	992
1301	1480	2	1	5	1	0	0	1	15	94	5	25	32256	992	0	5	0	992
1301	1488	2	1	5	1	0	0	1	15	94	5	25	32256	992	0	5	0	992
1301	1504	2	2	5	1	0	0	1	14	222	6	26	32256	992	0	5	0	316,992
1301	1543	2	1	5	1	2	3	0	15	76	3	21	20064	79	16408	3	2	944
1301	1547	2	1	5	1	2	3	0	15	76	3	21	20064	79	16404	3	2	944
1301	1549	1	1	6	0	2	2	0	16	76	3	22	25500	944	4112	4	2	944
1301	1550	1	1	6	0	2	2	0	16	76	3	22	25500	944	4112	4	2	944
1301	1555	2	1	5	1	2	3	0	15	76	3	21	20064	79	16396	3	2	944
1301	1557	1	1	6	0	2	2	0	16	76	3	22	25500	944	4104	4	2	944
1301	1558	1	1	6	0	2	2	0	16	76	3	22	25500	944	4104	4	2	944
1301	1561	1	1	6	0	2	2	0	16	76	3	22	25500	944	4100	4	2	944
1301	1562	1	1	6	0	2	2	0	16	76	3	22	25500	944	4100	4	2	944
1301	1564	0	1	7	0	2	1	0	17	11	3	23	25500	944	4096	5	2	944
1301	1571	2	1	5	1	0	0	1	18	3	2	22	24160	712	0	5	0	712
1301	1573	2	1	5	1	1	3	0	19	12	2	23	25500	944	4120	4	1	944
1301	1574	2	1	5	1	1	3	0	19	12	2	23	25500	944	4120	4	1	944
1301	1577	2	1	5	1	1	3	0	19	12	2	23	25500	944	4116	4	1	944
1301	1578	2	1	5	1	1	3	0	19	12	2	23	25500	944	4116	4	1	944
1301	1580	1	1	6	0	1	2	0	20	3	2	24	25500	944	4112	5	1	944
1301	1585	2	1	5	1	1	3	0	19	12	2	23	25500	944	4108	4	1	944
1301	1586	2	1	5	1	1	3	0	19	12	2	23	25500	944	4108	4	1	944
1301	1588	1	1	6	0	1	2	0	20	3	2	24	25500	944	4104	5	1	944
1301	1592	1	1	6	0	1	2	0	20	3	2	24	25500	944	4100	5	1	944
1301	1603	2	1	5	1	0	0	1	18	3	2	22	24160	712	0	5	0	712
1301	1605	2	1	5	1	1	3	0	19	12	2	23	25500	944	4120	4	1	944
1301	1606	2	1	5	1	1	3	0	19	12	2	23	25500	944	4120	4	1	944
1301	1609	2	1	5	1	1	3	0	19	12	2	23	25500	944	4116	4	1	944
1301	1610	2	1	5	1	1	3	0	19	12	2	23	25500	944	4116	4	1	944
1301	1612	1	1	6	0	1	2	0	20	3	2	24	25500	944	4112	5	1	944
1301	1617	2	1	5	1	1	3	0	19	12	2	23	25500	944	4108	4	1	944
1301	1618	2	1	5	1	1	3	0	19	12	2	23	25500	944	4108	4	1	944
1301	1620	1	1	6	0	1	2	0	20	3	2	24	25500	944	4104	5	1	944
1301	1624	1	1	6	0	1	2	0	20	3	2	24	25500	944	4100	5	1	944
1301	1633	1	3	6	0	0	0	2	22	1	1	24	24160	704	0	6	0	318,704,960
1301	1634	1	3	6	0	0	0	2	22	1	1	24	24160	704	0	6	0	318,704,960
1301	1636	1	1	6	0	0	0	1	23	1	1	25	32256	960	0	6	0	960
1301	1640	1	1	6	0	0	0	1	23	1	1	25	32256	960	0	6	0	960
1301	1648	1	1	6	0	0	0	1	23	1	1	25	32256	960	0	6	0	960
1301	1667	2	1	5	1	1	1	0	14	77	4	22	32256	992	256	4	1	992
1301	1669	2	2	5	1	1	1	0	15	86	4	23	32256	992	256	4	1	928,992
1301	1670	2	2	5	1	1	1	0	15	86	4	23	32256	992	256	4	1	928,992
1301	1673	2	2	5	1	1	1	0	15	86	4	23	32256	992	256	4	1	928,992
1301	1674	2	2	5	1	1	1	0	15	86	4	23	32256	992	256	4	1	928,992
1301	1676	1	1	6	0	2	2	0	16	77	4	24	25500	928	4112	4	2	928
1301	1681	2	2	5	1	1	1	0	15	86	4	23	32256	992	256	4	1	928,992
1301	1682	2	2	5	1	1	1	0	15	86	4	23	32256	992	256	4	1	928,992
1301	1684	1	1	6	0	2	2	0	16	77	4	24	25500	928	4104	4	2	928
1301	1688	1	1	6	0	2	2	0	16	77	4	24	25500	928	4100	4	2	928
1301	1697	2	2	5	1	0	0	1	16	77	4	24	32256	960	0	5	0	960,992
1301	1698	2	2	5	1	0	0	1	16	77	4	24	32256	960	0	5	0	960,992
1301	1700	2	3	5	1	0	0	1	17	77	4	25	32256	960	0	5	0	928,960,992
1301	1704	2	3	5	1	0	0	1	17	77	4	25	32256	960	0	5	0	928,960,992
1301	1712	2	3	5	1	0	0	1	17	77	4	25	32256	960	0	5	0	928,960,992
1301	1729	2	2	5	1	0	0	1	16	77	4	24	32256	960	0	5	0	960,992
1301	1730	2	2	5	1	0	0	1	16	77	4	24	32256	960	0	5	0	960,992
1301	1732	2	3	5	1	0	0	1	17	77	4	25	32256	960	0	5	0	928,960,992
1301	1736	2	3	5	1	0	0	1	17	77	4	25	32256	960	0	5	0	928,960,992
1301	1744	2	3	5	1	0	0	1	17	77	4	25	32256	960	0	5	0	928,960,992
1301	1760	1	1	6	0	0	0	1	18	75	4	26	32256	960	0	6	0	960
1301	1795	2	1	5	1	1	1	0	14	77	4	22	32256	992	128	4	1	992
1301	1797	2	2	5	1	1	1	0	15	86	4	23	32256	992	128	4	1	928,992
1301	1798	2	2	5	1	1	1	0	15	86	4	23	32256	992	128	4	1	928,992
1301	1801	2	2	5	1	1	1	0	15	86	4	23	32256	992	128	4	1	928,992
1301	1802	2	2	5	1	1	1	0	15	86	4	23	32256	992	128	4	1	928,992
1301	1804	1	1	6	0	2	2	0	16	77	4	24	25500	928	4112	4	2	928
1301	1809	2	2	5	1	1	1	0	15	86	4	23	32256	992	128	4	1	928,992
1301	1810	2	2	5	1	1	1	0	15	86	4	23	32256	992	128	4	1	928,992
1301	1812	1	1	6	0	2	2	0	16	77	4	24	25500	928	4104	4	2	928
1301	1816	1	1	6	0	2	2	0	16	77	4	24	25500	928	4100	4	2	928
1301	1825	2	2	5	1	0	0	1	16	77	4	24	32256	960	0	5	0	960,992
1301	1826	2	2	5	1	0	0	1	16	77	4	24	32256	960	0	5	0	960,992
1301	1828	2	3	5	1	0	0	1	17	77	4	25	32256	960	0	5	0	928,960,992
1301	1832	2	3	5	1	0	0	1	17	77	4	25	32256	960	0	5	0	928,960,992
1301	1840	2	3	5	1	0	0	1	17	77	4	25	32256	960	0	5	0	928,960,992
1301	1857	2	2	5	1	0	0	1	16	77	4	24	32256	960	0	5	0	960,992
1301	1858	2	2	5	1	0	0	1	16	77	4	24	32256	960	0	5	0	960,992
1301	1860	2	3	5	1	0	0	1	17	77	4	25	32256	960	0	5	0	928,960,992
1301	1864	2	3	5	1	0	0	1	17	77	4	25	32256	960	0	5	0	928,960,992
1301	1872	2	3	5	1	0	0	1	17	77	4	25	32256	960	0	5	0	928,960,992
1301	1888	1	1	6	0	0	0	1	18	75	4	26	32256	960	0	6	0	960
1301	1921	1	1	6	0	0	0	1	14	94	5	24	32256	960	0	6	0	960
1301	1922	1	1	6	0	0	0	1	14	94	5	24	32256	960	0	6	0	960
1301	1924	1	1	6	0	0	0	1	15	94	5	25	32256	960	0	6	0	960
1301	1928	1	1	6	0	0	0	1	15	94	5	25	32256	960	0	6	0	960
1301	1936	1	1	6	0	0	0	1	15	94	5	25	32256	960	0	6	0	960
1301	1952	1	1	6	0	0	0	1	14	222	6	26	32256	960	0	6	0	960
1301	1984	1	1	6	0	0	0	1	14	222	6	26	32256	960	0	6	0	960
1301	2063	1	1	6	0	2	2	0	16	3	2	20	20064	103	16400	4	2	920
1301	2071	1	1	6	0	2	2	0	16	3	2	20	20064	103	16392	4	2	920
1301	2075	1	1	6	0	2	2	0	16	3	2	20	20064	103	16388	4	2	920
1301	2077	1	1	6	0	2	2	0	15	11	3	21	20064	103	16386	4	2	920
1301	2078	1	1	6	0	2	2	0	15	11	3	21	20064	103	16385	4	2	920
1301	2087	2	1	5	1	1	3	0	19	1	1	21	20064	103	16408	4	1	920
1301	2091	2	1	5	1	1	3	0	19	1	1	21	20064	103	16404	4	1	920
1301	2093	2	1	5	1	1	3	0	18	3	2	22	20064	103	16402	4	1	920
1301	2094	2	1	5	1	1	3	0	18	3	2	22	20064	103	16401	4	1	920
1301	2099	2	1	5	1	1	3	0	19	1	1	21	20064	103	16396	4	1	920
1301	2101	2	1	5	1	1	3	0	18	3	2	22	20064	103	16394	4	1	920
1301	2102	2	1	5	1	1	3	0	18	3	2	22	20064	103	16393	4	1	920
1301	2105	2	1	5	1	1	3	0	18	3	2	22	20064	103	16390	4	1	920
1301	2106	2	1	5	1	1	3	0	18	3	2	22	20064	103	16389	4	1	920
1301	2108	2	1	5	1	1	2	0	17	11	3	23	25500	920	4608	4	1	920
1301	2119	2	1	5	1	1	3	0	19	1	1	21	20064	103	16408	4	1	920
1301	2123	2	1	5	1	1	3	0	19	1	1	21	20064	103	16404	4	1	920
1301	2125	2	1	5	1	1	3	0	18	3	2	22	20064	103	16402	4	1	920
1301	2126	2	1	5	1	1	3	0	18	3	2	22	20064	103	16401	4	1	920
1301	2131	2	1	5	1	1	3	0	19	1	1	21	20064	103	16396	4	1	920
1301	2133	2	1	5	1	1	3	0	18	3	2	22	20064	103	16394	4	1	920
1301	2134	2	1	5	1	1	3	0	18	3	2	22	20064	103	16393	4	1	920
1301	2137	2	1	5	1	1	3	0	18	3	2	22	20064	103	16390	4	1	920
1301	2138	2	1	5	1	1	3	0	18	3	2	22	20064	103	16389	4	1	920
1301	2140	2	1	5	1	1	2	0	17	11	3	23	25500	920	4608	4	1	920
1301	2147	1	1	6	0	0	0	1	22	0	0	22	24160	736	0	6	0	736
1301	2149	2	2	5	1	0	0	2	21	1	1	23	24160	736	0	5	0	736,992
1301	2150	2	2	5	1	0	0	2	21	1	1	23	24160	736	0	5	0	736,992
1301	2153	2	2	5	1	0	0	2	21	1	1	23	24160	736	0	5	0	736,992
1301	2154	2	2	5	1	0	0	2	21	1	1	23	24160	736	0	5	0	736,992
1301	2156	2	2	5	1	0	0	1	20	3	2	24	32256	992	0	5	0	864,992
1301	2161	2	2	5	1	0	0	2	21	1	1	23	24160	736	0	5	0	736,992
1301	2162	2	2	5	1	0	0	2	21	1	1	23	24160	736	0	5	0	736,992
1301	2164	2	2	5	1	0	0	1	20	3	2	24	32256	992	0	5	0	864,992
1301	2168	2	2	5	1	0	0	1	20	3	2	24	32256	992	0	5	0	864,992
1301	2183	2	2	5	1	2	2	0	17	3	2	21	32256	976	768	3	2	912,976
1301	2187	2	2	5	1	2	2	0	17	3	2	21	32256	976	768	3	2	912,976
1301	2189	2	1	5	1	2	3	0	16	11	3	22	20064	111	16402	3	2	912
1301	2190	2	1	5	1	2	3	0	16	11	3	22	20064	111	16401	3	2	912
1301	2195	2	2	5	1	2	2	0	17	3	2	21	32256	976	768	3	2	912,976
1301	2197	2	1	5	1	2	3	0	16	11	3	22	20064	111	16394	3	2	912
1301	2198	2	1	5	1	2	3	0	16	11	3	22	20064	111	16393	3	2	912
1301	2201	2	1	5	1	2	3	0	16	11	3	22	20064	111	16390	3	2	912
1301	2202	2	1	5	1	2	3	0	16	11	3	22	20064	111	16389	3	2	912
1301	2204	2	2	5	1	1	1	0	15	75	4	23	25500	944	4096	4	1	912,944
1301	2211	2	2	5	1	1	2	0	18	3	2	22	32256	976	768	4	1	720,976
1301	2213	3	4	4	1	0	0	1	17	13	3	23	32256	992	0	4	0	302,912,976,992
1301	2214	3	4	4	1	0	0	1	17	13	3	23	32256	992	0	4	0	302,912,976,992
1301	2217	3	4	4	1	0	0	1	17	13	3	23	32256	992	0	4	0	302,912,976,992
1301	2218	3	4	4	1	0	0	1	17	13	3	23	32256	992	0	4	0	302,912,976,992
1301	2220	3	4	4	1	0	0	2	16	77	4	24	25500	820	0	4	0	820,912,944,992
1301	2225	3	4	4	1	0	0	1	17	13	3	23	32256	992	0	4	0	302,912,976,992
1301	2226	3	4	4	1	0	0	1	17	13	3	23	32256	992	0	4	0	302,912,976,992
1301	2228	3	4	4	1	0	0	2	16	77	4	24	25500	820	0	4	0	820,912,944,992
1301	2232	3	4	4	1	0	0	2	16	77	4	24	25500	820	0	4	0	820,912,944,992
1301	2243	2	2	5	1	1	2	0	18	3	2	22	32256	976	768	4	1	720,976
1301	2245	3	4	4	1	0	0	1	17	13	3	23	32256	992	0	4	0	302,912,976,992
1301	2246	3	4	4	1	0	0	1	17	13	3	23	32256	992	0	4	0	302,912,976,992
1301	2249	3	4	4	1	0	0	1	17	13	3	23	32256	992	0	4	0	302,912,976,992
1301	2250	3	4	4	1	0	0	1	17	13	3	23	32256	992	0	4	0	302,912,976,992
1301	2252	3	4	4	1	0	0	2	16	77	4	24	25500	820	0	4	0	820,912,944,992
1301	2257	3	4	4	1	0	0	1	17	13	3	23	32256	992	0	4	0	302,912,976,992
1301	2258	3	4	4	1	0	0	1	17	13	3	23	32256	992	0	4	0	302,912,976,992
1301	2260	3	4	4	1	0	0	2	16	77	4	24	25500	820	0	4	0	820,912,944,992
1301	2264	3	4	4	1	0	0	2	16	77	4	24	25500	820	0	4	0	820,912,944,992
1301	2273	2	4	5	1	0	0	2	18	11	3	24	24160	736	0	5	0	302,318,736,992
1301	2274	2	4	5	1	0	0	2	18	11	3	24	24160	736	0	5	0	302,318,736,992
1301	2276	2	1	5	1	0	0	1	17	77	4	25	32256	992	0	5	0	992
1301	2280	2	1	5	1	0	0	1	17	77	4	25	32256	992	0	5	0	992
1301	2288	2	1	5	1	0	0	1	17	77	4	25	32256	992	0	5	0	992
1301	2311	2	2	5	1	2	2	0	17	3	2	21	32256	976	640	3	2	912,976
1301	2315	2	2	5	1	2	2	0	17	3	2	21	32256	976	640	3	2	912,976
1301	2317	2	1	5	1	2	3	0	16	11	3	22	20064	111	16402	3	2	912
1301	2318	2	1	5	1	2	3	0	16	11	3	22	20064	111	16401	3	2	912
1301	2323	2	2	5	1	2	2	0	17	3	2	21	32256	976	640	3	2	912,976
1301	2325	2	1	5	1	2	3	0	16	11	3	22	20064	111	16394	3	2	912
1301	2326	2	1	5	1	2	3	0	16	11	3	22	20064	111	16393	3	2	912
1301	2329	2	1	5	1	2	3	0	16	11	3	22	20064	111	16390	3	2	912
1301	2330	2	1	5	1	2	3	0	16	11	3	22	20064	111	16389	3	2	912
1301	2332	2	2	5	1	1	1	0	15	75	4	23	25500	944	4096	4	1	912,944
1301	2339	2	2	5	1	1	2	0	18	3	2	22	32256	976	640	4	1	720,976
1301	2341	3	4	4	1	0	0	1	17	13	3	23	32256	992	0	4	0	302,912,976,992
1301	2342	3	4	4	1	0	0	1	17	13	3	23	32256	992	0	4	0	302,912,976,992
1301	2345	3	4	4	1	0	0	1	17	13	3	23	32256	992	0	4	0	302,912,976,992
1301	2346	3	4	4	1	0	0	1	17	13	3	23	32256	992	0	4	0	302,912,976,992
1301	2348	3	4	4	1	0	0	2	16	77	4	24	25500	820	0	4	0	820,912,944,992
1301	2353	3	4	4	1	0	0	1	17	13	3	23	32256	992	0	4	0	302,912,976,992
1301	2354	3	4	4	1	0	0	1	17	13	3	23	32256	992	0	4	0	302,912,976,992
1301	2356	3	4	4	1	0	0	2	16	77	4	24	25500	820	0	4	0	820,912,944,992
1301	2360	3	4	4	1	0	0	2	16	77	4	24	25500	820	0	4	0	820,912,944,992
1301	2371	2	2	5	1	1	2	0	18	3	2	22	32256	976	640	4	1	720,976
1301	2373	3	4	4	1	0	0	1	17	13	3	23	32256	992	0	4	0	302,912,976,992
1301	2374	3	4	4	1	0	0	1	17	13	3	23	32256	992	0	4	0	302,912,976,992
1301	2377	3	4	4	1	0	0	1	17	13	3	23	32256	992	0	4	0	302,912,976,992
1301	2378	3	4	4	1	0	0	1	17	13	3	23	32256	992	0	4	0	302,912,976,992
1301	2380	3	4	4	1	0	0	2	16	77	4	24	25500	820	0	4	0	820,912,944,992
1301	2385	3	4	4	1	0	0	1	17	13	3	23	32256	992	0	4	0	302,912,976,992
1301	2386	3	4	4	1	0	0	1	17	13	3	23	32256	992	0	4	0	302,912,976,992
1301	2388	3	4	4	1	0	0	2	16	77	4	24	25500	820	0	4	0	820,912,944,992
1301	2392	3	4	4	1	0	0	2	16	77	4	24	25500	820	0	4	0	820,912,944,992
1301	2401	2	4	5	1	0	0	2	18	11	3	24	24160	736	0	5	0	302,318,736,992
1301	2402	2	4	5	1	0	0	2	18	11	3	24	24160	736	0	5	0	302,318,736,992
1301	2404	2	1	5	1	0	0	1	17	77	4	25	32256	992	0	5	0	992
1301	2408	2	1	5	1	0	0	1	17	77	4	25	32256	992	0	5	0	992
1301	2416	2	1	5	1	0	0	1	17	77	4	25	32256	992	0	5	0	992
1301	2435	1	1	6	0	1	1	0	18	3	2	22	32256	960	512	5	1	960
1301	2437	2	2	5	1	0	0	1	17	11	3	23	32256	992	0	5	0	960,992
1301	2438	2	2	5	1	0	0	1	17	11	3	23	32256	992	0	5	0	960,992
1301	2441	2	2	5	1	0	0	1	17	11	3	23	32256	992	0	5	0	960,992
1301	2442	2	2	5	1	0	0	1	17	11	3	23	32256	992	0	5	0	960,992
1301	2444	2	2	5	1	0	0	1	16	75	4	24	32256	992	0	5	0	928,992
1301	2449	2	2	5	1	0	0	1	17	11	3	23	32256	992	0	5	0	960,992
1301	2450	2	2	5	1	0	0	1	17	11	3	23	32256	992	0	5	0	960,992
1301	2452	2	2	5	1	0	0	1	16	75	4	24	32256	992	0	5	0	928,992
1301	2456	2	2	5	1	0	0	1	16	75	4	24	32256	992	0	5	0	928,992
1301	2465	2	3	5	1	0	0	1	16	30	4	24	32256	992	0	5	0	318,960,992
1301	2466	2	3	5	1	0	0	1	16	30	4	24	32256	992	0	5	0	318,960,992
1301	2468	2	1	5	1	0	0	1	15	94	5	25	32256	992	0	5	0	992
1301	2472	2	1	5	1	0	0	1	15	94	5	25	32256	992	0	5	0	992
1301	2480	2	1	5	1	0	0	1	15	94	5	25	32256	992	0	5	0	992
1301	2497	2	3	5	1	0	0	1	16	30	4	24	32256	992	0	5	0	318,960,992
1301	2498	2	3	5	1	0	0	1	16	30	4	24	32256	992	0	5	0	318,960,992
1301	2500	2	1	5	1	0	0	1	15	94	5	25	32256	992	0	5	0	992
1301	2504	2	1	5	1	0	0	1	15	94	5	25	32256	992	0	5	0	992
1301	2512	2	1	5	1	0	0	1	15	94	5	25	32256	992	0	5	0	992
1301	2528	2	2	5	1	0	0	1	14	222	6	26	32256	992	0	5	0	316,992
1301	2567	2	1	5	1	2	3	0	15	76	3	21	20064	79	16408	3	2	944
1301	2571	2	1	5	1	2	3	0	15	76	3	21	20064	79	16404	3	2	944
1301	2573	1	1	6	0	2	2	0	16	76	3	22	25500	944	4112	4	2	944
1301	2574	1	1	6	0	2	2	0	16	76	3	22	25500	944	4112	4	2	944
1301	2579	2	1	5	1	2	3	0	15	76	3	21	20064	79	16396	3	2	944
1301	2581	1	1	6	0	2	2	0	16	76	3	22	25500	944	4104	4	2	944
1301	2582	1	1	6	0	2	2	0	16	76	3	22	25500	944	4104	4	2	944
1301	2585	1	1	6	0	2	2	0	16	76	3	22	25500	944	4100	4	2	944
1301	2586	1	1	6	0	2	2	0	16	76	3	22	25500	944	4100	4	2	944
1301	2588	0	1	7	0	2	1	0	17	11	3	23	25500	944	4096	5	2	944
1301	2595	2	1	5	1	0	0	1	18	3	2	22	24160	712	0	5	0	712
1301	2597	2	1	5	1	1	3	0	19	12	2	23	25500	944	4120	4	1	944
1301	2598	2	1	5	1	1	3	0	19	12	2	23	25500	944	4120	4	1	944
1301	2601	2	1	5	1	1	3	0	19	12	2	23	25500	944	4116	4	1	944
1301	2602	2	1	5	1	1	3	0	19	12	2	23	25500	944	4116	4	1	944
1301	2604	1	1	6	0	1	2	0	20	3	2	24	25500	944	4112	5	1	944
1301	2609	2	1	5	1	1	3	0	19	12	2	23	25500	944	4108	4	1	944
1301	2610	2	1	5	1	1	3	0	19	12	2	23	25500	944	4108	4	1	944
1301	2612	1	1	6	0	1	2	0	20	3	2	24	25500	944	4104	5	1	944
1301	2616	1	1	6	0	1	2	0	20	3	2	24	25500	944	4100	5	1	944
1301	2627	2	1	5	1	0	0	1	18	3	2	22	24160	712	0	5	0	712
1301	2629	2	1	5	1	1	3	0	19	12	2	23	25500	944	4120	4	1	944
1301	2630	2	1	5	1	1	3	0	19	12	2	23	25500	944	4120	4	1	944
1301	2633	2	1	5	1	1	3	0	19	12	2	23	25500	944	4116	4	1	944
1301	2634	2	1	5	1	1	3	0	19	12	2	23	25500	944	4116	4	1	944
1301	2636	1	1	6	0	1	2	0	20	3	2	24	25500	944	4112	5	1	944
1301	2641	2	1	5	1	1	3	0	19	12	2	23	25500	944	4108	4	1	944
1301	2642	2	1	5	1	1	3	0	19	12	2	23	25500	944	4108	4	1	944
1301	2644	1	1	6	0	1	2	0	20	3	2	24	25500	944	4104	5	1	944
1301	2648	1	1	6	0	1	2	0	20	3	2	24	25500	944	4100	5	1	944
1301	2657	1	3	6	0	0	0	2	22	1	1	24	24160	704	0	6	0	318,704,960
1301	2658	1	3	6	0	0	0	2	22	1	1	24	24160	704	0	6	0	318,704,960
1301	2660	1	1	6	0	0	0	1	23	1	1	25	32256	960	0	6	0	960
1301	2664	1	1	6	0	0	0	1	23	1	1	25	32256	960	0	6	0	960
1301	2672	1	1	6	0	0	0	1	23	1	1	25	32256	960	0	6	0	960
1301	2691	2	1	5	1	1	1	0	14	77	4	22	32256	992	256	4	1	992
1301	2693	2	2	5	1	1	1	0	15	86	4	23	32256	992	256	4	1	928,992
1301	2694	2	2	5	1	1	1	0	15	86	4	23	32256	992	256	4	1	928,992
1301	2697	2	2	5	1	1	1	0	15	86	4	23	32256	992	256	4	1	928,992
1301	2698	2	2	5	1	1	1	0	15	86	4	23	32256	992	256	4	1	928,992
1301	2700	1	1	6	0	2	2	0	16	77	4	24	25500	928	4112	4	2	928
1301	2705	2	2	5	1	1	1	0	15	86	4	23	32256	992	256	4	1	928,992
1301	2706	2	2	5	1	1	1	0	15	86	4	23	32256	992	256	4	1	928,992
1301	2708	1	1	6	0	2	2	0	16	77	4	24	25500	928	4104	4	2	928
1301	2712	1	1	6	0	2	2	0	16	77	4	24	25500	928	4100	4	2	928
1301	2721	2	2	5	1	0	0	1	16	77	4	24	32256	960	0	5	0	960,992
1301	2722	2	2	5	1	0	0	1	16	77	4	24	32256	960	0	5	0	960,992
1301	2724	2	3	5	1	0	0	1	17	77	4	25	32256	960	0	5	0	928,960,992
1301	2728	2	3	5	1	0	0	1	17	77	4	25	32256	960	0	5	0	928,960,992
1301	2736	2	3	5	1	0	0	1	17	77	4	25	32256	960	0	5	0	928,960,992
1301	2753	2	2	5	1	0	0	1	16	77	4	24	32256	960	0	5	0	960,992
1301	2754	2	2	5	1	0	0	1	16	77	4	24	32256	960	0	5	0	960,992
1301	2756	2	3	5	1	0	0	1	17	77	4	25	32256	960	0	5	0	928,960,992
1301	2760	2	3	5	1	0	0	1	17	77	4	25	32256	960	0	5	0	928,960,992
1301	2768	2	3	5	1	0	0	1	17	77	4	25	32256	960	0	5	0	928,960,992
1301	2784	1	1	6	0	0	0	1	18	75	4	26	32256	960	0	6	0	960
1301	2819	2	1	5	1	1	1	0	14	77	4	22	32256	992	128	4	1	992
1301	2821	2	2	5	1	1	1	0	15	86	4	23	32256	992	128	4	1	928,992
1301	2822	2	2	5	1	1	1	0	15	86	4	23	32256	992	128	4	1	928,992
1301	2825	2	2	5	1	1	1	0	15	86	4	23	32256	992	128	4	1	928,992
1301	2826	2	2	5	1	1	1	0	15	86	4	23	32256	992	128	4	1	928,992
1301	2828	1	1	6	0	2	2	0	16	77	4	24	25500	928	4112	4	2	928
1301	2833	2	2	5	1	1	1	0	15	86	4	23	32256	992	128	4	1	928,992
1301	2834	2	2	5	1	1	1	0	15	86	4	23	32256	992	128	4	1	928,992
1301	2836	1	1	6	0	2	2	0	16	77	4	24	25500	928	4104	4	2	928
1301	2840	1	1	6	0	2	2	0	16	77	4	24	25500	928	4100	4	2	928
1301	2849	2	2	5	1	0	0	1	16	77	4	24	32256	960	0	5	0	960,992
1301	2850	2	2	5	1	0	0	1	16	77	4	24	32256	960	0	5	0	960,992
1301	2852	2	3	5	1	0	0	1	17	77	4	25	32256	960	0	5	0	928,960,992
1301	2856	2	3	5	1	0	0	1	17	77	4	25	32256	960	0	5	0	928,960,992
1301	2864	2	3	5	1	0	0	1	17	77	4	25	32256	960	0	5	0	928,960,992
1301	2881	2	2	5	1	0	0	1	16	77	4	24	32256	960	0	5	0	960,992
1301	2882	2	2	5	1	0	0	1	16	77	4	24	32256	960	0	5	0	960,992
1301	2884	2	3	5	1	0	0	1	17	77	4	25	32256	960	0	5	0	928,960,992
1301	2888	2	3	5	1	0	0	1	17	77	4	25	32256	960	0	5	0	928,960,992
1301	2896	2	3	5	1	0	0	1	17	77	4	25	32256	960	0	5	0	928,960,992
1301	2912	1	1	6	0	0	0	1	18	75	4	26	32256	960	0	6	0	960
1301	2945	1	1	6	0	0	0	1	14	94	5	24	32256	960	0	6	0	960
1301	2946	1	1	6	0	0	0	1	14	94	5	24	32256	960	0	6	0	960
1301	2948	1	1	6	0	0	0	1	15	94	5	25	32256	960	0	6	0	960
1301	2952	1	1	6	0	0	0	1	15	94	5	25	32256	960	0	6	0	960
1301	2960	1	1	6	0	0	0	1	15	94	5	25	32256	960	0	6	0	960
1301	2976	1	1	6	0	0	0	1	14	222	6	26	32256	960	0	6	0	960
1301	3008	1	1	6	0	0	0	1	14	222	6	26	32256	960	0	6	0	960
1301	3079	0	1	7	0	4	3	0	18	3	2	22	20064	79	16408	3	4	944
1301	3083	0	1	7	0	4	3	0	18	3	2	22	20064	79	16404	3	4	944
1301	3085	1	1	6	0	3	3	0	15	30	4	23	20064	79	16402	3	3	944
1301	3086	1	1	6	0	3	3	0	15	30	4	23	20064	79	16401	3	3	944
1301	3091	0	1	7	0	4	3	0	18	3	2	22	20064	79	16396	3	4	944
1301	3093	1	1	6	0	3	3	0	15	30	4	23	20064	79	16394	3	3	944
1301	3094	1	1	6	0	3	3	0	15	30	4	23	20064	79	16393	3	3	944
1301	3097	1	1	6	0	3	3	0	15	30	4	23	20064	79	16390	3	3	944
1301	3098	1	1	6	0	3	3	0	15	30	4	23	20064	79	16389	3	3	944
1301	3100	2	1	5	1	2	2	0	12	222	6	24	25500	944	4608	3	2	944
1301	3107	0	1	7	0	3	3	0	23	0	0	23	32256	944	896	4	3	944
1301	3109	1	1	6	0	2	3	0	20	3	2	24	32256	944	896	4	2	944
1301	3110	1	1	6	0	2	3	0	20	3	2	24	32256	944	896	4	2	944
1301	3113	1	1	6	0	2	3	0	20	3	2	24	32256	944	896	4	2	944
1301	3114	1	1	6	0	2	3	0	20	3	2	24	32256	944	896	4	2	944
1301	3116	2	1	5	1	1	3	0	17	30	4	25	25500	944	4624	3	2	944
1301	3121	1	1	6	0	2	3	0	20	3	2	24	32256	944	896	4	2	944
1301	3122	1	1	6	0	2	3	0	20	3	2	24	32256	944	896	4	2	944
1301	3124	2	1	5	1	1	3	0	17	30	4	25	25500	944	4616	3	2	944
1301	3128	2	1	5	1	1	3	0	17	30	4	25	25500	944	4612	3	2	944
1301	3139	0	1	7	0	3	3	0	23	0	0	23	32256	944	896	4	3	944
1301	3141	1	1	6	0	2	3	0	20	3	2	24	32256	944	896	4	2	944
1301	3142	1	1	6	0	2	3	0	20	3	2	24	32256	944	896	4	2	944
1301	3145	1	1	6	0	2	3	0	20	3	2	24	32256	944	896	4	2	944
1301	3146	1	1	6	0	2	3	0	20	3	2	24	32256	944	896	4	2	944
1301	3148	2	1	5	1	1	3	0	17	30	4	25	25500	944	4624	3	2	944
1301	3153	1	1	6	0	2	3	0	20	3	2	24	32256	944	896	4	2	944
1301	3154	1	1	6	0	2	3	0	20	3	2	24	32256	944	896	4	2	944
1301	3156	2	1	5	1	1	3	0	17	30	4	25	25500	944	4616	3	2	944
1301	3160	2	1	5	1	1	3	0	17	30	4	25	25500	944	4612	3	2	944
1301	3169	1	3	6	0	0	0	1	25	0	0	25	32256	960	0	6	0	334,944,960
1301	3170	1	3	6	0	0	0	1	25	0	0	25	32256	960	0	6	0	334,944,960
1301	3172	1	1	6	0	0	0	1	22	3	2	26	32256	960	0	6	0	960
1301	3176	1	1	6	0	0	0	1	22	3	2	26	32256	960	0	6	0	960
1301	3184	1	1	6	0	0	0	1	22	3	2	26	32256	960	0	6	0	960
1301	3203	0	1	7	0	3	2	0	19	3	2	23	32256	928	768	4	3	928
1301	3205	1	1	6	0	2	2	0	16	30	4	24	32256	928	768	4	2	928
1301	3206	1	1	6	0	2	2	0	16	30	4	24	32256	928	768	4	2	928
1301	3209	1	1	6	0	2	2	0	16	30	4	24	32256	928	768	4	2	928
1301	3210	1	1	6	0	2	2	0	16	30	4	24	32256	928	768	4	2	928
1301	3212	2	2	5	1	1	1	0	13	222	6	25	32256	992	256	4	1	928,992
1301	3217	1	1	6	0	2	2	0	16	30	4	24	32256	928	768	4	2	928
1301	3218	1	1	6	0	2	2	0	16	30	4	24	32256	928	768	4	2	928
1301	3220	2	2	5	1	1	1	0	13	222	6	25	32256	992	256	4	1	928,992
1301	3224	2	2	5	1	1	1	0	13	222	6	25	32256	992	256	4	1	928,992
1301	3233	1	1	6	0	1	2	0	19	11	3	25	32256	928	768	5	1	928
1301	3234	1	1	6	0	1	2	0	19	11	3	25	32256	928	768	5	1	928
1301	3236	2	3	5	1	0	0	1	16	94	5	26	32256	960	0	5	0	928,960,992
1301	3240	2	3	5	1	0	0	1	16	94	5	26	32256	960	0	5	0	928,960,992
1301	3248	2	3	5	1	0	0	1	16	94	5	26	32256	960	0	5	0	928,960,992
1301	3265	1	1	6	0	1	2	0	19	11	3	25	32256	928	768	5	1	928
1301	3266	1	1	6	0	1	2	0	19	11	3	25	32256	928	768	5	1	928
1301	3268	2	3	5	1	0	0	1	16	94	5	26	32256	960	0	5	0	928,960,992
1301	3272	2	3	5	1	0	0	1	16	94	5	26	32256	960	0	5	0	928,960,992
1301	3280	2	3	5	1	0	0	1	16	94	5	26	32256	960	0	5	0	928,960,992
1301	3296	1	1	6	0	0	0	1	19	75	4	27	32256	960	0	6	0	960
1301	3331	0	1	7	0	3	2	0	19	3	2	23	32256	928	640	4	3	928
1301	3333	1	1	6	0	2	2	0	16	30	4	24	32256	928	640	4	2	928
1301	3334	1	1	6	0	2	2	0	16	30	4	24	32256	928	640	4	2	928
1301	3337	1	1	6	0	2	2	0	16	30	4	24	32256	928	640	4	2	928
1301	3338	1	1	6	0	2	2	0	16	30	4	24	32256	928	640	4	2	928
1301	3340	2	2	5	1	1	1	0	13	222	6	25	32256	992	128	4	1	928,992
1301	3345	1	1	6	0	2	2	0	16	30	4	24	32256	928	640	4	2	928
1301	3346	1	1	6	0	2	2	0	16	30	4	24	32256	928	640	4	2	928
1301	3348	2	2	5	1	1	1	0	13	222	6	25	32256	992	128	4	1	928,992
1301	3352	2	2	5	1	1	1	0	13	222	6	25	32256	992	128	4	1	928,992
1301	3361	1	1	6	0	1	2	0	19	11	3	25	32256	928	640	5	1	928
1301	3362	1	1	6	0	1	2	0	19	11	3	25	32256	928	640	5	1	928
1301	3364	2	3	5	1	0	0	1	16	94	5	26	32256	960	0	5	0	928,960,992
1301	3368	2	3	5	1	0	0	1	16	94	5	26	32256	960	0	5	0	928,960,992
1301	3376	2	3	5	1	0	0	1	16	94	5	26	32256	960	0	5	0	928,960,992
1301	3393	1	1	6	0	1	2	0	19	11	3	25	32256	928	640	5	1	928
1301	3394	1	1	6	0	1	2	0	19	11	3	25	32256	928	640	5	1	928
1301	3396	2	3	5	1	0	0	1	16	94	5	26	32256	960	0	5	0	928,960,992
1301	3400	2	3	5	1	0	0	1	16	94	5	26	32256	960	0	5	0	928,960,992
1301	3408	2	3	5	1	0	0	1	16	94	5	26	32256	960	0	5	0	928,960,992
1301	3424	1	1	6	0	0	0	1	19	75	4	27	32256	960	0	6	0	960
1301	3457	1	2	6	0	0	0	1	17	30	4	25	32256	960	0	6	0	896,960
1301	3458	1	2	6	0	0	0	1	17	30	4	25	32256	960	0	6	0	896,960
1301	3460	1	1	6	0	0	0	1	14	222	6	26	32256	960	0	6	0	960
1301	3464	1	1	6	0	0	0	1	14	222	6	26	32256	960	0	6	0	960
1301	3472	1	1	6	0	0	0	1	14	222	6	26	32256	960	0	6	0	960
1301	3488	1	1	6	0	0	0	1	15	222	6	27	32256	960	0	6	0	960
1301	3520	1	1	6	0	0	0	1	15	222	6	27	32256	960	0	6	0	960
1301	3587	0	1	7	0	4	2	0	19	3	2	23	32256	992	384	3	4	992
1301	3589	0	1	7	0	4	2	0	18	76	3	24	32256	992	384	3	4	992
1301	3590	0	1	7	0	4	2	0	18	76	3	24	32256	992	384	3	4	992
1301	3593	0	1	7	0	4	2	0	18	76	3	24	32256	992	384	3	4	992
1301	3594	0	1	7	0	4	2	0	18	76	3	24	32256	992	384	3	4	992
1301	3596	0	1	7	0	3	2	0	17	30	4	25	25500	992	4112	4	3	992
1301	3601	0	1	7	0	4	2	0	18	76	3	24	32256	992	384	3	4	992
1301	3602	0	1	7	0	4	2	0	18	76	3	24	32256	992	384	3	4	992
1301	3604	0	1	7	0	3	2	0	17	30	4	25	25500	992	4104	4	3	992
1301	3608	0	1	7	0	3	2	0	17	30	4	25	25500	992	4100	4	3	992
1301	3617	0	1	7	0	2	2	0	23	1	1	25	32256	992	384	5	2	992
1301	3618	0	1	7	0	2	2	0	23	1	1	25	32256	992	384	5	2	992
1301	3620	0	1	7	0	2	2	0	22	3	2	26	32256	992	384	5	2	992
1301	3624	0	1	7	0	2	2	0	22	3	2	26	32256	992	384	5	2	992
1301	3632	0	1	7	0	2	2	0	22	3	2	26	32256	992	384	5	2	992
1301	3649	0	1	7	0	2	2	0	23	1	1	25	32256	992	384	5	2	992
1301	3650	0	1	7	0	2	2	0	23	1	1	25	32256	992	384	5	2	992
1301	3652	0	1	7	0	2	2	0	22	3	2	26	32256	992	384	5	2	992
1301	3656	0	1	7	0	2	2	0	22	3	2	26	32256	992	384	5	2	992
1301	3664	0	1	7	0	2	2	0	22	3	2	26	32256	992	384	5	2	992
1301	3680	0	4	7	0	0	0	1	27	0	0	27	32256	896	0	7	0	896,928,960,992
1301	3713	0	1	7	0	2	1	0	17	77	4	25	32256	960	256	5	2	960
1301	3714	0	1	7	0	2	1	0	17	77	4	25	32256	960	256	5	2	960
1301	3716	0	1	7	0	2	1	0	16	94	5	26	32256	960	256	5	2	960
1301	3720	0	1	7	0	2	1	0	16	94	5	26	32256	960	256	5	2	960
1301	3728	0	1	7	0	2	1	0	16	94	5	26	32256	960	256	5	2	960
1301	3744	0	1	7	0	1	1	0	19	75	4	27	32256	960	256	6	1	960
1301	3776	0	1	7	0	1	1	0	19	75	4	27	32256	960	256	6	1	960
1301	3841	0	1	7	0	2	1	0	17	77	4	25	32256	960	128	5	2	960
1301	3842	0	1	7	0	2	1	0	17	77	4	25	32256	960	128	5	2	960
1301	3844	0	1	7	0	2	1	0	16	94	5	26	32256	960	128	5	2	960
1301	3848	0	1	7	0	2	1	0	16	94	5	26	32256	960	128	5	2	960
1301	3856	0	1	7	0	2	1	0	16	94	5	26	32256	960	128	5	2	960
1301	3872	0	1	7	0	1	1	0	19	75	4	27	32256	960	128	6	1	960
1301	3904	0	1	7	0	1	1	0	19	75	4	27	32256	960	128	6	1	960
1301	3968	0	1	7	0	0	0	1	15	222	6	27	32256	896	0	7	0	896
1301	4111	1	1	6	0	1	1	0	16	3	2	20	20064	230	16384	5	1	230
1301	4119	1	1	6	0	1	1	0	16	3	2	20	20064	230	16384	5	1	230
1301	4123	1	1	6	0	1	1	0	16	3	2	20	20064	230	16384	5	1	230
1301	4125	1	1	6	0	1	1	0	15	11	3	21	25500	792	512	5	1	792
1301	4126	1	1	6	0	1	1	0	15	11	3	21	25500	792	512	5	1	792
1301	4135	1	1	6	0	0	0	2	17	3	2	21	20064	740	0	6	0	740
1301	4139	1	1	6	0	0	0	2	17	3	2	21	20064	740	0	6	0	740
1301	4141	2	2	5	1	0	0	2	16	11	3	22	20064	740	0	5	0	740,794
1301	4142	2	2	5	1	0	0	2	16	11	3	22	20064	740	0	5	0	740,794
1301	4147	1	1	6	0	0	0	2	17	3	2	21	20064	740	0	6	0	740
1301	4149	2	2	5	1	0	0	2	16	11	3	22	20064	740	0	5	0	740,794
1301	4150	2	2	5	1	0	0	2	16	11	3	22	20064	740	0	5	0	740,794
1301	4153	2	2	5	1	0	0	2	16	11	3	22	20064	740	0	5	0	740,794
1301	4154	2	2	5	1	0	0	2	16	11	3	22	20064	740	0	5	0	740,794
1301	4156	2	2	5	1	0	0	1	15	75	4	23	25500	824	0	5	0	792,824
1301	4167	1	1	6	0	0	0	2	17	3	2	21	20064	740	0	6	0	740
1301	4171	1	1	6	0	0	0	2	17	3	2	21	20064	740	0	6	0	740
1301	4173	2	2	5	1	0	0	2	16	11	3	22	20064	740	0	5	0	740,794
1301	4174	2	2	5	1	0	0	2	16	11	3	22	20064	740	0	5	0	740,794
1301	4179	1	1	6	0	0	0	2	17	3	2	21	20064	740	0	6	0	740
1301	4181	2	2	5	1	0	0	2	16	11	3	22	20064	740	0	5	0	740,794
1301	4182	2	2	5	1	0	0	2	16	11	3	22	20064	740	0	5	0	740,794
1301	4185	2	2	5	1	0	0	2	16	11	3	22	20064	740	0	5	0	740,794
1301	4186	2	2	5	1	0	0	2	16	11	3	22	20064	740	0	5	0	740,794
1301	4188	2	2	5	1	0	0	1	15	75	4	23	25500	824	0	5	0	792,824
1301	4195	0	1	7	0	0	0	2	18	3	2	22	20064	736	0	7	0	736
1301	4197	1	1	6	0	0	0	2	17	11	3	23	20064	736	0	6	0	736
1301	4198	1	1	6	0	0	0	2	17	11	3	23	20064	736	0	6	0	736
1301	4201	1	1	6	0	0	0	2	17	11	3	23	20064	736	0	6	0	736
1301	4202	1	1	6	0	0	0	2	17	11	3	23	20064	736	0	6	0	736
1301	4204	2	2	5	1	0	0	3	16	75	4	24	20064	736	0	5	0	736,992
1301	4209	1	1	6	0	0	0	2	17	11	3	23	20064	736	0	6	0	736
1301	4210	1	1	6	0	0	0	2	17	11	3	23	20064	736	0	6	0	736
1301	4212	2	2	5	1	0	0	3	16	75	4	24	20064	736	0	5	0	736,992
1301	4216	2	2	5	1	0	0	3	16	75	4	24	20064	736	0	5	0	736,992
1301	4231	2	2	5	1	0	0	2	19	1	1	21	20064	748	0	5	0	236,748
1301	4235	2	2	5	1	0	0	2	19	1	1	21	20064	748	0	5	0	236,748
1301	4237	2	2	5	1	0	0	1	18	3	2	22	25500	818	0	5	0	786,818
1301	4238	2	2	5	1	0	0	1	18	3	2	22	25500	818	0	5	0	786,818
1301	4243	2	2	5	1	0	0	2	19	1	1	21	20064	748	0	5	0	236,748
1301	4245	2	2	5	1	0	0	1	18	3	2	22	25500	818	0	5	0	786,818
1301	4246	2	2	5	1	0	0	1	18	3	2	22	25500	818	0	5	0	786,818
1301	4249	2	2	5	1	0	0	1	18	3	2	22	25500	818	0	5	0	786,818
1301	4250	2	2	5	1	0	0	1	18	3	2	22	25500	818	0	5	0	786,818
1301	4252	1	1	6	0	0	0	1	17	11	3	23	25500	816	0	6	0	816
1301	4259	1	1	6	0	0	0	2	18	3	2	22	20064	744	0	6	0	744
1301	4261	2	1	5	1	0	0	2	17	13	3	23	20064	744	0	5	0	744
1301	4262	2	1	5	1	0	0	2	17	13	3	23	20064	744	0	5	0	744
1301	4265	2	1	5	1	0	0	2	17	13	3	23	20064	744	0	5	0	744
1301	4266	2	1	5	1	0	0	2	17	13	3	23	20064	744	0	5	0	744
1301	4268	2	1	5	1	0	0	1	16	77	4	24	25500	820	0	5	0	820
1301	4273	2	1	5	1	0	0	2	17	13	3	23	20064	744	0	5	0	744
1301	4274	2	1	5	1	0	0	2	17	13	3	23	20064	744	0	5	0	744
1301	4276	2	1	5	1	0	0	1	16	77	4	24	25500	820	0	5	0	820
1301	4280	2	1	5	1	0	0	1	16	77	4	24	25500	820	0	5	0	820
1301	4291	1	1	6	0	0	0	2	18	3	2	22	20064	744	0	6	0	744
1301	4293	2	1	5	1	0	0	2	17	13	3	23	20064	744	0	5	0	744
1301	4294	2	1	5	1	0	0	2	17	13	3	23	20064	744	0	5	0	744
1301	4297	2	1	5	1	0	0	2	17	13	3	23	20064	744	0	5	0	744
1301	4298	2	1	5	1	0	0	2	17	13	3	23	20064	744	0	5	0	744
1301	4300	2	1	5	1	0	0	1	16	77	4	24	25500	820	0	5	0	820
1301	4305	2	1	5	1	0	0	2	17	13	3	23	20064	744	0	5	0	744
1301	4306	2	1	5	1	0	0	2	17	13	3	23	20064	744	0	5	0	744
1301	4308	2	1	5	1	0	0	1	16	77	4	24	25500	820	0	5	0	820
1301	4312	2	1	5	1	0	0	1	16	77	4	24	25500	820	0	5	0	820
1301	4321	1	1	6	0	0	0	2	16	30	4	24	20064	736	0	6	0	736
1301	4322	1	1	6	0	0	0	2	16	30	4	24	20064	736	0	6	0	736
1301	4324	2	2	5	1	0	0	3	15	94	5	25	20064	736	0	5	0	736,992
1301	4328	2	2	5	1	0	0	3	15	94	5	25	20064	736	0	5	0	736,992
1301	4336	2	2	5	1	0	0	3	15	94	5	25	20064	736	0	5	0	736,992
1301	4359	2	2	5	1	0	0	2	19	1	1	21	20064	748	0	5	0	236,748
1301	4363	2	2	5	1	0	0	2	19	1	1	21	20064	748	0	5	0	236,748
1301	4365	2	2	5	1	0	0	1	18	3	2	22	25500	818	0	5	0	786,818
1301	4366	2	2	5	1	0	0	1	18	3	2	22	25500	818	0	5	0	786,818
1301	4371	2	2	5	1	0	0	2	19	1	1	21	20064	748	0	5	0	236,748
1301	4373	2	2	5	1	0	0	1	18	3	2	22	25500	818	0	5	0	786,818
1301	4374	2	2	5	1	0	0	1	18	3	2	22	25500	818	0	5	0	786,818
1301	4377	2	2	5	1	0	0	1	18	3	2	22	25500	818	0	5	0	786,818
1301	4378	2	2	5	1	0	0	1	18	3	2	22	25500	818	0	5	0	786,818
1301	4380	1	1	6	0	0	0	1	17	11	3	23	25500	816	0	6	0	816
1301	4387	1	1	6	0	0	0	2	18	3	2	22	20064	744	0	6	0	744
1301	4389	2	1	5	1	0	0	2	17	13	3	23	20064	744	0	5	0	744
1301	4390	2	1	5	1	0	0	2	17	13	3	23	20064	744	0	5	0	744
1301	4393	2	1	5	1	0	0	2	17	13	3	23	20064	744	0	5	0	744
1301	4394	2	1	5	1	0	0	2	17	13	3	23	20064	744	0	5	0	744
1301	4396	2	1	5	1	0	0	1	16	77	4	24	25500	820	0	5	0	820
1301	4401	2	1	5	1	0	0	2	17	13	3	23	20064	744	0	5	0	744
1301	4402	2	1	5	1	0	0	2	17	13	3	23	20064	744	0	5	0	744
1301	4404	2	1	5	1	0	0	1	16	77	4	24	25500	820	0	5	0	820
1301	4408	2	1	5	1	0	0	1	16	77	4	24	25500	820	0	5	0	820
1301	4419	1	1	6	0	0	0	2	18	3	2	22	20064	744	0	6	0	744
1301	4421	2	1	5	1	0	0	2	17	13	3	23	20064	744	0	5	0	744
1301	4422	2	1	5	1	0	0	2	17	13	3	23	20064	744	0	5	0	744
1301	4425	2	1	5	1	0	0	2	17	13	3	23	20064	744	0	5	0	744
1301	4426	2	1	5	1	0	0	2	17	13	3	23	20064	744	0	5	0	744
1301	4428	2	1	5	1	0	0	1	16	77	4	24	25500	820	0	5	0	820
1301	4433	2	1	5	1	0	0	2	17	13	3	23	20064	744	0	5	0	744
1301	4434	2	1	5	1	0	0	2	17	13	3	23	20064	744	0	5	0	744
1301	4436	2	1	5	1	0	0	1	16	77	4	24	25500	820	0	5	0	820
1301	4440	2	1	5	1	0	0	1	16	77	4	24	25500	820	0	5	0	820
1301	4449	1	1	6	0	0	0	2	16	30	4	24	20064	736	0	6	0	736
1301	4450	1	1	6	0	0	0	2	16	30	4	24	20064	736	0	6	0	736
1301	4452	2	2	5	1	0	0	3	15	94	5	25	20064	736	0	5	0	736,992
1301	4456	2	2	5	1	0	0	3	15	94	5	25	20064	736	0	5	0	736,992
1301	4464	2	2	5	1	0	0	3	15	94	5	25	20064	736	0	5	0	736,992
1301	4483	2	10	5	1	0	0	3	22	0	0	22	20064	760	0	5	0	704,712,720,728,736,744,752,760,960,992
1301	4485	2	2	5	1	0	0	2	21	1	1	23	25500	806	0	5	0	806,992
1301	4486	2	2	5	1	0	0	2	21	1	1	23	25500	806	0	5	0	806,992
1301	4489	2	2	5	1	0	0	2	21	1	1	23	25500	806	0	5	0	806,992
1301	4490	2	2	5	1	0	0	2	21	1	1	23	25500	806	0	5	0	806,992
1301	4492	1	1	6	0	0	0	1	20	3	2	24	25500	804	0	6	0	804
1301	4497	2	2	5	1	0	0	2	21	1	1	23	25500	806	0	5	0	806,992
1301	4498	2	2	5	1	0	0	2	21	1	1	23	25500	806	0	5	0	806,992
1301	4500	1	1	6	0	0	0	1	20	3	2	24	25500	804	0	6	0	804
1301	4504	1	1	6	0	0	0	1	20	3	2	24	25500	804	0	6	0	804
1301	4513	2	5	5	1	0	0	3	18	11	3	24	20064	752	0	5	0	302,318,736,752,992
1301	4514	2	5	5	1	0	0	3	18	11	3	24	20064	752	0	5	0	302,318,736,752,992
1301	4516	2	2	5	1	0	0	2	17	77	4	25	25500	812	0	5	0	812,992
1301	4520	2	2	5	1	0	0	2	17	77	4	25	25500	812	0	5	0	812,992
1301	4528	2	2	5	1	0	0	2	17	77	4	25	25500	812	0	5	0	812,992
1301	4545	2	5	5	1	0	0	3	18	11	3	24	20064	752	0	5	0	302,318,736,752,992
1301	4546	2	5	5	1	0	0	3	18	11	3	24	20064	752	0	5	0	302,318,736,752,992
1301	4548	2	2	5	1	0	0	2	17	77	4	25	25500	812	0	5	0	812,992
1301	4552	2	2	5	1	0	0	2	17	77	4	25	25500	812	0	5	0	812,992
1301	4560	2	2	5	1	0	0	2	17	77	4	25	25500	812	0	5	0	812,992
1301	4576	2	3	5	1	0	0	3	14	222	6	26	20064	736	0	5	0	316,736,992
1301	4615	2	2	5	1	0	0	3	13	77	4	21	20064	716	0	5	0	204,716
1301	4619	2	2	5	1	0	0	3	13	77	4	21	20064	716	0	5	0	204,716
1301	4621	1	1	6	0	0	0	1	14	77	4	22	25500	818	0	6	0	818
1301	4622	1	1	6	0	0	0	1	14	77	4	22	25500	818	0	6	0	818
1301	4627	2	2	5	1	0	0	3	13	77	4	21	20064	716	0	5	0	204,716
1301	4629	1	1	6	0	0	0	1	14	77	4	22	25500	818	0	6	0	818
1301	4630	1	1	6	0	0	0	1	14	77	4	22	25500	818	0	6	0	818
1301	4633	1	1	6	0	0	0	1	14	77	4	22	25500	818	0	6	0	818
1301	4634	1	1	6	0	0	0	1	14	77	4	22	25500	818	0	6	0	818
1301	4636	0	1	7	0	0	0	1	15	75	4	23	25500	816	0	7	0	816
1301	4643	1	1	6	0	0	0	2	14	77	4	22	20064	712	0	6	0	712
1301	4645	2	3	5	1	0	0	3	15	77	4	23	20064	712	0	5	0	310,712,822
1301	4646	2	3	5	1	0	0	3	15	77	4	23	20064	712	0	5	0	310,712,822
1301	4649	2	3	5	1	0	0	3	15	77	4	23	20064	712	0	5	0	310,712,822
1301	4650	2	3	5	1	0	0	3	15	77	4	23	20064	712	0	5	0	310,712,822
1301	4652	1	1	6	0	0	0	1	16	75	4	24	25500	820	0	6	0	820
1301	4657	2	3	5	1	0	0	3	15	77	4	23	20064	712	0	5	0	310,712,822
1301	4658	2	3	5	1	0	0	3	15	77	4	23	20064	712	0	5	0	310,712,822
1301	4660	1	1	6	0	0	0	1	16	75	4	24	25500	820	0	6	0	820
1301	4664	1	1	6	0	0	0	1	16	75	4	24	25500	820	0	6	0	820
1301	4675	1	1	6	0	0	0	2	14	77	4	22	20064	712	0	6	0	712
1301	4677	2	3	5	1	0	0	3	15	77	4	23	20064	712	0	5	0	310,712,822
1301	4678	2	3	5	1	0	0	3	15	77	4	23	20064	712	0	5	0	310,712,822
1301	4681	2	3	5	1	0	0	3	15	77	4	23	20064	712	0	5	0	310,712,822
1301	4682	2	3	5	1	0	0	3	15	77	4	23	20064	712	0	5	0	310,712,822
1301	4684	1	1	6	0	0	0	1	16	75	4	24	25500	820	0	6	0	820
1301	4689	2	3	5	1	0	0	3	15	77	4	23	20064	712	0	5	0	310,712,822
1301	4690	2	3	5	1	0	0	3	15	77	4	23	20064	712	0	5	0	310,712,822
1301	4692	1	1	6	0	0	0	1	16	75	4	24	25500	820	0	6	0	820
1301	4696	1	1	6	0	0	0	1	16	75	4	24	25500	820	0	6	0	820
1301	4705	1	2	6	0	0	0	2	16	77	4	24	20064	704	0	6	0	318,704
1301	4706	1	2	6	0	0	0	2	16	77	4	24	20064	704	0	6	0	318,704
1301	4708	2	6	5	1	0	0	4	17	75	4	25	20064	704	0	5	0	316,318,704,706,828,960
1301	4712	2	6	5	1	0	0	4	17	75	4	25	20064	704	0	5	0	316,318,704,706,828,960
1301	4720	2	6	5	1	0	0	4	17	75	4	25	20064	704	0	5	0	316,318,704,706,828,960
1301	4739	2	1	5	1	0	0	2	14	75	4	22	20064	728	0	5	0	728
1301	4741	2	1	5	1	0	0	1	15	77	4	23	25500	806	0	5	0	806
1301	4742	2	1	5	1	0	0	1	15	77	4	23	25500	806	0	5	0	806
1301	4745	2	1	5	1	0	0	1	15	77	4	23	25500	806	0	5	0	806
1301	4746	2	1	5	1	0	0	1	15	77	4	23	25500	806	0	5	0	806
1301	4748	1	1	6	0	0	0	1	16	77	4	24	25500	804	0	6	0	804
1301	4753	2	1	5	1	0	0	1	15	77	4	23	25500	806	0	5	0	806
1301	4754	2	1	5	1	0	0	1	15	77	4	23	25500	806	0	5	0	806
1301	4756	1	1	6	0	0	0	1	16	77	4	24	25500	804	0	6	0	804
1301	4760	1	1	6	0	0	0	1	16	77	4	24	25500	804	0	6	0	804
1301	4769	2	2	5	1	0	0	2	14	94	5	24	20064	720	0	5	0	302,720
1301	4770	2	2	5	1	0	0	2	14	94	5	24	20064	720	0	5	0	302,720
1301	4772	2	1	5	1	0	0	1	15	94	5	25	25500	812	0	5	0	812
1301	4776	2	1	5	1	0	0	1	15	94	5	25	25500	812	0	5	0	812
1301	4784	2	1	5	1	0	0	1	15	94	5	25	25500	812	0	5	0	812
1301	4801	2	2	5	1	0	0	2	14	94	5	24	20064	720	0	5	0	302,720
1301	4802	2	2	5	1	0	0	2	14	94	5	24	20064	720	0	5	0	302,720
1301	4804	2	1	5	1	0	0	1	15	94	5	25	25500	812	0	5	0	812
1301	4808	2	1	5	1	0	0	1	15	94	5	25	25500	812	0	5	0	812
1301	4816	2	1	5	1	0	0	1	15	94	5	25	25500	812	0	5	0	812
1301	4832	2	5	5	1	0	0	3	14	222	6	26	20064	704	0	5	0	316,318,704,706,960
1301	4867	2	1	5	1	0	0	2	14	75	4	22	20064	728	0	5	0	728
1301	4869	2	1	5	1	0	0	1	15	77	4	23	25500	806	0	5	0	806
1301	4870	2	1	5	1	0	0	1	15	77	4	23	25500	806	0	5	0	806
1301	4873	2	1	5	1	0	0	1	15	77	4	23	25500	806	0	5	0	806
1301	4874	2	1	5	1	0	0	1	15	77	4	23	25500	806	0	5	0	806
1301	4876	1	1	6	0	0	0	1	16	77	4	24	25500	804	0	6	0	804
1301	4881	2	1	5	1	0	0	1	15	77	4	23	25500	806	0	5	0	806
1301	4882	2	1	5	1	0	0	1	15	77	4	23	25500	806	0	5	0	806
1301	4884	1	1	6	0	0	0	1	16	77	4	24	25500	804	0	6	0	804
1301	4888	1	1	6	0	0	0	1	16	77	4	24	25500	804	0	6	0	804
1301	4897	2	2	5	1	0	0	2	14	94	5	24	20064	720	0	5	0	302,720
1301	4898	2	2	5	1	0	0	2	14	94	5	24	20064	720	0	5	0	302,720
1301	4900	2	1	5	1	0	0	1	15	94	5	25	25500	812	0	5	0	812
1301	4904	2	1	5	1	0	0	1	15	94	5	25	25500	812	0	5	0	812
1301	4912	2	1	5	1	0	0	1	15	94	5	25	25500	812	0	5	0	812
1301	4929	2	2	5	1	0	0	2	14	94	5	24	20064	720	0	5	0	302,720
1301	4930	2	2	5	1	0	0	2	14	94	5	24	20064	720	0	5	0	302,720
1301	4932	2	1	5	1	0	0	1	15	94	5	25	25500	812	0	5	0	812
1301	4936	2	1	5	1	0	0	1	15	94	5	25	25500	812	0	5	0	812
1301	4944	2	1	5	1	0	0	1	15	94	5	25	25500	812	0	5	0	812
1301	4960	2	5	5	1	0	0	3	14	222	6	26	20064	704	0	5	0	316,318,704,706,960
1301	4993	2	1	5	1	0	0	1	16	75	4	24	32256	960	0	5	0	960
1301	4994	2	1	5	1	0	0	1	16	75	4	24	32256	960	0	5	0	960
1301	4996	2	2	5	1	0	0	2	17	77	4	25	25500	780	0	5	0	780,960
1301	5000	2	2	5	1	0	0	2	17	77	4	25	25500	780	0	5	0	780,960
1301	5008	2	2	5	1	0	0	2	17	77	4	25	25500	780	0	5	0	780,960
1301	5024	2	1	5	1	0	0	1	14	222	6	26	32256	960	0	5	0	960
1301	5056	2	1	5	1	0	0	1	14	222	6	26	32256	960	0	5	0	960
1301	5127	2	5	5	1	0	0	2	18	3	2	22	20064	716	0	5	0	204,206,716,816,818
1301	5131	2	5	5	1	0	0	2	18	3	2	22	20064	716	0	5	0	204,206,716,816,818
1301	5133	2	2	5	1	1	1	0	15	30	4	23	25500	818	512	4	1	816,818
1301	5134	2	2	5	1	1	1	0	15	30	4	23	25500	818	512	4	1	816,818
1301	5139	2	5	5	1	0	0	2	18	3	2	22	20064	716	0	5	0	204,206,716,816,818
1301	5141	2	2	5	1	1	1	0	15	30	4	23	25500	818	512	4	1	816,818
1301	5142	2	2	5	1	1	1	0	15	30	4	23	25500	818	512	4	1	816,818
1301	5145	2	2	5	1	1	1	0	15	30	4	23	25500	818	512	4	1	816,818
1301	5146	2	2	5	1	1	1	0	15	30	4	23	25500	818	512	4	1	816,818
1301	5148	2	2	5	1	0	0	1	12	222	6	24	25500	880	0	5	0	816,880
1301	5155	1	1	6	0	0	0	2	21	1	1	23	20064	712	0	6	0	712
1301	5157	2	1	5	1	0	0	2	18	13	3	24	20064	712	0	5	0	712
1301	5158	2	1	5	1	0	0	2	18	13	3	24	20064	712	0	5	0	712
1301	5161	2	1	5	1	0	0	2	18	13	3	24	20064	712	0	5	0	712
1301	5162	2	1	5	1	0	0	2	18	13	3	24	20064	712	0	5	0	712
1301	5164	3	7	4	1	0	0	4	15	94	5	25	20064	712	0	4	0	712,816,820,880,884,960,968
1301	5169	2	1	5	1	0	0	2	18	13	3	24	20064	712	0	5	0	712
1301	5170	2	1	5	1	0	0	2	18	13	3	24	20064	712	0	5	0	712
1301	5172	3	7	4	1	0	0	4	15	94	5	25	20064	712	0	4	0	712,816,820,880,884,960,968
1301	5176	3	7	4	1	0	0	4	15	94	5	25	20064	712	0	4	0	712,816,820,880,884,960,968
1301	5187	1	1	6	0	0	0	2	21	1	1	23	20064	712	0	6	0	712
1301	5189	2	1	5	1	0	0	2	18	13	3	24	20064	712	0	5	0	712
1301	5190	2	1	5	1	0	0	2	18	13	3	24	20064	712	0	5	0	712
1301	5193	2	1	5	1	0	0	2	18	13	3	24	20064	712	0	5	0	712
1301	5194	2	1	5	1	0	0	2	18	13	3	24	20064	712	0	5	0	712
1301	5196	3	7	4	1	0	0	4	15	94	5	25	20064	712	0	4	0	712,816,820,880,884,960,968
1301	5201	2	1	5	1	0	0	2	18	13	3	24	20064	712	0	5	0	712
1301	5202	2	1	5	1	0	0	2	18	13	3	24	20064	712	0	5	0	712
1301	5204	3	7	4	1	0	0	4	15	94	5	25	20064	712	0	4	0	712,816,820,880,884,960,968
1301	5208	3	7	4	1	0	0	4	15	94	5	25	20064	712	0	4	0	712,816,820,880,884,960,968
1301	5217	1	2	6	0	0	0	3	21	3	2	25	20064	704	0	6	0	704,960
1301	5218	1	2	6	0	0	0	3	21	3	2	25	20064	704	0	6	0	704,960
1301	5220	1	1	6	0	0	0	1	18	77	4	26	32256	960	0	6	0	960
1301	5224	1	1	6	0	0	0	1	18	77	4	26	32256	960	0	6	0	960
1301	5232	1	1	6	0	0	0	1	18	77	4	26	32256	960	0	6	0	960
1301	5251	2	2	5	1	0	0	2	21	1	1	23	20064	728	0	5	0	728,928
1301	5253	3	12	4	1	0	0	4	18	13	3	24	20064	728	0	4	0	728,800,802,804,806,864,866,868,870,928,960,992
1301	5254	3	12	4	1	0	0	4	18	13	3	24	20064	728	0	4	0	728,800,802,804,806,864,866,868,870,928,960,992
1301	5257	3	12	4	1	0	0	4	18	13	3	24	20064	728	0	4	0	728,800,802,804,806,864,866,868,870,928,960,992
1301	5258	3	12	4	1	0	0	4	18	13	3	24	20064	728	0	4	0	728,800,802,804,806,864,866,868,870,928,960,992
1301	5260	2	2	5	1	0	0	1	15	94	5	25	25500	868	0	5	0	864,868
1301	5265	3	12	4	1	0	0	4	18	13	3	24	20064	728	0	4	0	728,800,802,804,806,864,866,868,870,928,960,992
1301	5266	3	12	4	1	0	0	4	18	13	3	24	20064	728	0	4	0	728,800,802,804,806,864,866,868,870,928,960,992
1301	5268	2	2	5	1	0	0	1	15	94	5	25	25500	868	0	5	0	864,868
1301	5272	2	2	5	1	0	0	1	15	94	5	25	25500	868	0	5	0	864,868
1301	5281	2	2	5	1	0	0	3	19	13	3	25	20064	720	0	5	0	720,960
1301	5282	2	2	5	1	0	0	3	19	13	3	25	20064	720	0	5	0	720,960
1301	5284	2	1	5	1	0	0	1	18	236	5	26	32256	960	0	5	0	960
1301	5288	2	1	5	1	0	0	1	18	236	5	26	32256	960	0	5	0	960
1301	5296	2	1	5	1	0	0	1	18	236	5	26	32256	960	0	5	0	960
1301	5313	2	2	5	1	0	0	3	19	13	3	25	20064	720	0	5	0	720,960
1301	5314	2	2	5	1	0	0	3	19	13	3	25	20064	720	0	5	0	720,960
1301	5316	2	1	5	1	0	0	1	18	236	5	26	32256	960	0	5	0	960
1301	5320	2	1	5	1	0	0	1	18	236	5	26	32256	960	0	5	0	960
1301	5328	2	1	5	1	0	0	1	18	236	5	26	32256	960	0	5	0	960
1301	5344	1	1	6	0	0	0	1	17	94	5	27	32256	960	0	6	0	960
1301	5379	2	2	5	1	0	0	2	21	1	1	23	20064	728	0	5	0	728,928
1301	5381	3	12	4	1	0	0	4	18	13	3	24	20064	728	0	4	0	728,800,802,804,806,864,866,868,870,928,960,992
1301	5382	3	12	4	1	0	0	4	18	13	3	24	20064	728	0	4	0	728,800,802,804,806,864,866,868,870,928,960,992
1301	5385	3	12	4	1	0	0	4	18	13	3	24	20064	728	0	4	0	728,800,802,804,806,864,866,868,870,928,960,992
1301	5386	3	12	4	1	0	0	4	18	13	3	24	20064	728	0	4	0	728,800,802,804,806,864,866,868,870,928,960,992
1301	5388	2	2	5	1	0	0	1	15	94	5	25	25500	868	0	5	0	864,868
1301	5393	3	12	4	1	0	0	4	18	13	3	24	20064	728	0	4	0	728,800,802,804,806,864,866,868,870,928,960,992
1301	5394	3	12	4	1	0	0	4	18	13	3	24	20064	728	0	4	0	728,800,802,804,806,864,866,868,870,928,960,992
1301	5396	2	2	5	1	0	0	1	15	94	5	25	25500	868	0	5	0	864,868
1301	5400	2	2	5	1	0	0	1	15	94	5	25	25500	868	0	5	0	864,868
1301	5409	2	2	5	1	0	0	3	19	13	3	25	20064	720	0	5	0	720,960
1301	5410	2	2	5	1	0	0	3	19	13	3	25	20064	720	0	5	0	720,960
1301	5412	2	1	5	1	0	0	1	18	236	5	26	32256	960	0	5	0	960
1301	5416	2	1	5	1	0	0	1	18	236	5	26	32256	960	0	5	0	960
1301	5424	2	1	5	1	0	0	1	18	236	5	26	32256	960	0	5	0	960
1301	5441	2	2	5	1	0	0	3	19	13	3	25	20064	720	0	5	0	720,960
1301	5442	2	2	5	1	0	0	3	19	13	3	25	20064	720	0	5	0	720,960
1301	5444	2	1	5	1	0	0	1	18	236	5	26	32256	960	0	5	0	960
1301	5448	2	1	5	1	0	0	1	18	236	5	26	32256	960	0	5	0	960
1301	5456	2	1	5	1	0	0	1	18	236	5	26	32256	960	0	5	0	960
1301	5472	1	1	6	0	0	0	1	17	94	5	27	32256	960	0	6	0	960
1301	5505	1	1	6	0	0	0	1	21	3	2	25	32256	960	0	6	0	960
1301	5506	1	1	6	0	0	0	1	21	3	2	25	32256	960	0	6	0	960
1301	5508	1	1	6	0	0	0	1	18	77	4	26	32256	960	0	6	0	960
1301	5512	1	1	6	0	0	0	1	18	77	4	26	32256	960	0	6	0	960
1301	5520	1	1	6	0	0	0	1	18	77	4	26	32256	960	0	6	0	960
1301	5536	1	1	6	0	0	0	1	17	94	5	27	32256	960	0	6	0	960
1301	5568	1	1	6	0	0	0	1	17	94	5	27	32256	960	0	6	0	960
1301	5635	2	1	5	1	0	0	2	17	11	3	23	20064	664	0	5	0	664
1301	5637	2	4	5	1	0	0	1	16	86	4	24	25500	870	0	5	0	864,866,868,870
1301	5638	2	4	5	1	0	0	1	16	86	4	24	25500	870	0	5	0	864,866,868,870
1301	5641	2	4	5	1	0	0	1	16	86	4	24	25500	870	0	5	0	864,866,868,870
1301	5642	2	4	5	1	0	0	1	16	86	4	24	25500	870	0	5	0	864,866,868,870
1301	5644	1	2	6	0	0	0	1	15	94	5	25	25500	868	0	6	0	864,868
1301	5649	2	4	5	1	0	0	1	16	86	4	24	25500	870	0	5	0	864,866,868,870
1301	5650	2	4	5	1	0	0	1	16	86	4	24	25500	870	0	5	0	864,866,868,870
1301	5652	1	2	6	0	0	0	1	15	94	5	25	25500	868	0	6	0	864,868
1301	5656	1	2	6	0	0	0	1	15	94	5	25	25500	868	0	6	0	864,868
1301	5665	2	2	5	1	0	0	2	19	13	3	25	20064	656	0	5	0	366,656
1301	5666	2	2	5	1	0	0	2	19	13	3	25	20064	656	0	5	0	366,656
1301	5668	2	4	5	1	0	0	1	18	77	4	26	25500	876	0	5	0	864,868,872,876
1301	5672	2	4	5	1	0	0	1	18	77	4	26	25500	876	0	5	0	864,868,872,876
1301	5680	2	4	5	1	0	0	1	18	77	4	26	25500	876	0	5	0	864,868,872,876
1301	5697	2	2	5	1	0	0	2	19	13	3	25	20064	656	0	5	0	366,656
1301	5698	2	2	5	1	0	0	2	19	13	3	25	20064	656	0	5	0	366,656
1301	5700	2	4	5	1	0	0	1	18	77	4	26	25500	876	0	5	0	864,868,872,876
1301	5704	2	4	5	1	0	0	1	18	77	4	26	25500	876	0	5	0	864,868,872,876
1301	5712	2	4	5	1	0	0	1	18	77	4	26	25500	876	0	5	0	864,868,872,876
1301	5728	1	1	6	0	0	0	1	21	11	3	27	32256	896	0	6	0	896
1301	5761	2	1	5	1	1	1	0	17	77	4	25	32256	960	256	4	1	960
1301	5762	2	1	5	1	1	1	0	17	77	4	25	32256	960	256	4	1	960
1301	5764	2	5	5	1	0	0	1	18	236	5	26	25500	844	0	5	0	832,836,840,844,960
1301	5768	2	5	5	1	0	0	1	18	236	5	26	25500	844	0	5	0	832,836,840,844,960
1301	5776	2	5	5	1	0	0	1	18	236	5	26	25500	844	0	5	0	832,836,840,844,960
1301	5792	2	2	5	1	0	0	1	17	94	5	27	32256	896	0	5	0	896,960
1301	5824	2	2	5	1	0	0	1	17	94	5	27	32256	896	0	5	0	896,960
1301	5889	2	1	5	1	1	1	0	17	77	4	25	32256	960	128	4	1	960
1301	5890	2	1	5	1	1	1	0	17	77	4	25	32256	960	128	4	1	960
1301	5892	2	5	5	1	0	0	1	18	236	5	26	25500	844	0	5	0	832,836,840,844,960
1301	5896	2	5	5	1	0	0	1	18	236	5	26	25500	844	0	5	0	832,836,840,844,960
1301	5904	2	5	5	1	0	0	1	18	236	5	26	25500	844	0	5	0	832,836,840,844,960
1301	5920	2	2	5	1	0	0	1	17	94	5	27	32256	896	0	5	0	896,960
1301	5952	2	2	5	1	0	0	1	17	94	5	27	32256	896	0	5	0	896,960
1301	6016	1	1	6	0	0	0	1	17	94	5	27	32256	896	0	6	0	896
1301	6151	2	5	5	1	0	0	2	18	3	2	22	20064	716	0	5	0	204,206,716,816,818
1301	6155	2	5	5	1	0	0	2	18	3	2	22	20064	716	0	5	0	204,206,716,816,818
1301	6157	2	2	5	1	1	1	0	15	30	4	23	25500	818	512	4	1	816,818
1301	6158	2	2	5	1	1	1	0	15	30	4	23	25500	818	512	4	1	816,818
1301	6163	2	5	5	1	0	0	2	18	3	2	22	20064	716	0	5	0	204,206,716,816,818
1301	6165	2	2	5	1	1	1	0	15	30	4	23	25500	818	512	4	1	816,818
1301	6166	2	2	5	1	1	1	0	15	30	4	23	25500	818	512	4	1	816,818
1301	6169	2	2	5	1	1	1	0	15	30	4	23	25500	818	512	4	1	816,818
1301	6170	2	2	5	1	1	1	0	15	30	4	23	25500	818	512	4	1	816,818
1301	6172	2	2	5	1	0	0	1	12	222	6	24	25500	880	0	5	0	816,880
1301	6179	1	1	6	0	0	0	2	21	1	1	23	20064	712	0	6	0	712
1301	6181	2	1	5	1	0	0	2	18	13	3	24	20064	712	0	5	0	712
1301	6182	2	1	5	1	0	0	2	18	13	3	24	20064	712	0	5	0	712
1301	6185	2	1	5	1	0	0	2	18	13	3	24	20064	712	0	5	0	712
1301	6186	2	1	5	1	0	0	2	18	13	3	24	20064	712	0	5	0	712
1301	6188	3	7	4	1	0	0	4	15	94	5	25	20064	712	0	4	0	712,816,820,880,884,960,968
1301	6193	2	1	5	1	0	0	2	18	13	3	24	20064	712	0	5	0	712
1301	6194	2	1	5	1	0	0	2	18	13	3	24	20064	712	0	5	0	712
1301	6196	3	7	4	1	0	0	4	15	94	5	25	20064	712	0	4	0	712,816,820,880,884,960,968
1301	6200	3	7	4	1	0	0	4	15	94	5	25	20064	712	0	4	0	712,816,820,880,884,960,968
1301	6211	1	1	6	0	0	0	2	21	1	1	23	20064	712	0	6	0	712
1301	6213	2	1	5	1	0	0	2	18	13	3	24	20064	712	0	5	0	712
1301	6214	2	1	5	1	0	0	2	18	13	3	24	20064	712	0	5	0	712
1301	6217	2	1	5	1	0	0	2	18	13	3	24	20064	712	0	5	0	712
1301	6218	2	1	5	1	0	0	2	18	13	3	24	20064	712	0	5	0	712
1301	6220	3	7	4	1	0	0	4	15	94	5	25	20064	712	0	4	0	712,816,820,880,884,960,968
1301	6225	2	1	5	1	0	0	2	18	13	3	24	20064	712	0	5	0	712
1301	6226	2	1	5	1	0	0	2	18	13	3	24	20064	712	0	5	0	712
1301	6228	3	7	4	1	0	0	4	15	94	5	25	20064	712	0	4	0	712,816,820,880,884,960,968
1301	6232	3	7	4	1	0	0	4	15	94	5	25	20064	712	0	4	0	712,816,820,880,884,960,968
1301	6241	1	2	6	0	0	0	3	21	3	2	25	20064	704	0	6	0	704,960
1301	6242	1	2	6	0	0	0	3	21	3	2	25	20064	704	0	6	0	704,960
1301	6244	1	1	6	0	0	0	1	18	77	4	26	32256	960	0	6	0	960
1301	6248	1	1	6	0	0	0	1	18	77	4	26	32256	960	0	6	0	960
1301	6256	1	1	6	0	0	0	1	18	77	4	26	32256	960	0	6	0	960
1301	6275	2	2	5	1	0	0	2	21	1	1	23	20064	728	0	5	0	728,928
1301	6277	3	12	4	1	0	0	4	18	13	3	24	20064	728	0	4	0	728,800,802,804,806,864,866,868,870,928,960,992
1301	6278	3	12	4	1	0	0	4	18	13	3	24	20064	728	0	4	0	728,800,802,804,806,864,866,868,870,928,960,992
1301	6281	3	12	4	1	0	0	4	18	13	3	24	20064	728	0	4	0	728,800,802,804,806,864,866,868,870,928,960,992
1301	6282	3	12	4	1	0	0	4	18	13	3	24	20064	728	0	4	0	728,800,802,804,806,864,866,868,870,928,960,992
1301	6284	2	2	5	1	0	0	1	15	94	5	25	25500	868	0	5	0	864,868
1301	6289	3	12	4	1	0	0	4	18	13	3	24	20064	728	0	4	0	728,800,802,804,806,864,866,868,870,928,960,992
1301	6290	3	12	4	1	0	0	4	18	13	3	24	20064	728	0	4	0	728,800,802,804,806,864,866,868,870,928,960,992
1301	6292	2	2	5	1	0	0	1	15	94	5	25	25500	868	0	5	0	864,868
1301	6296	2	2	5	1	0	0	1	15	94	5	25	25500	868	0	5	0	864,868
1301	6305	2	2	5	1	0	0	3	19	13	3	25	20064	720	0	5	0	720,960
1301	6306	2	2	5	1	0	0	3	19	13	3	25	20064	720	0	5	0	720,960
1301	6308	2	1	5	1	0	0	1	18	236	5	26	32256	960	0	5	0	960
1301	6312	2	1	5	1	0	0	1	18	236	5	26	32256	960	0	5	0	960
1301	6320	2	1	5	1	0	0	1	18	236	5	26	32256	960	0	5	0	960
1301	6337	2	2	5	1	0	0	3	19	13	3	25	20064	720	0	5	0	720,960
1301	6338	2	2	5	1	0	0	3	19	13	3	25	20064	720	0	5	0	720,960
1301	6340	2	1	5	1	0	0	1	18	236	5	26	32256	960	0	5	0	960
1301	6344	2	1	5	1	0	0	1	18	236	5	26	32256	960	0	5	0	960
1301	6352	2	1	5	1	0	0	1	18	236	5	26	32256	960	0	5	0	960
1301	6368	1	1	6	0	0	0	1	17	94	5	27	32256	960	0	6	0	960
1301	6403	2	2	5	1	0	0	2	21	1	1	23	20064	728	0	5	0	728,928
1301	6405	3	12	4	1	0	0	4	18	13	3	24	20064	728	0	4	0	728,800,802,804,806,864,866,868,870,928,960,992
1301	6406	3	12	4	1	0	0	4	18	13	3	24	20064	728	0	4	0	728,800,802,804,806,864,866,868,870,928,960,992
1301	6409	3	12	4	1	0	0	4	18	13	3	24	20064	728	0	4	0	728,800,802,804,806,864,866,868,870,928,960,992
1301	6410	3	12	4	1	0	0	4	18	13	3	24	20064	728	0	4	0	728,800,802,804,806,864,866,868,870,928,960,992
1301	6412	2	2	5	1	0	0	1	15	94	5	25	25500	868	0	5	0	864,868
1301	6417	3	12	4	1	0	0	4	18	13	3	24	20064	728	0	4	0	728,800,802,804,806,864,866,868,870,928,960,992
1301	6418	3	12	4	1	0	0	4	18	13	3	24	20064	728	0	4	0	728,800,802,804,806,864,866,868,870,928,960,992
1301	6420	2	2	5	1	0	0	1	15	94	5	25	25500	868	0	5	0	864,868
1301	6424	2	2	5	1	0	0	1	15	94	5	25	25500	868	0	5	0	864,868
1301	6433	2	2	5	1	0	0	3	19	13	3	25	20064	720	0	5	0	720,960
1301	6434	2	2	5	1	0	0	3	19	13	3	25	20064	720	0	5	0	720,960
1301	6436	2	1	5	1	0	0	1	18	236	5	26	32256	960	0	5	0	960
1301	6440	2	1	5	1	0	0	1	18	236	5	26	32256	960	0	5	0	960
1301	6448	2	1	5	1	0	0	1	18	236	5	26	32256	960	0	5	0	960
1301	6465	2	2	5	1	0	0	3	19	13	3	25	20064	720	0	5	0	720,960
1301	6466	2	2	5	1	0	0	3	19	13	3	25	20064	720	0	5	0	720,960
1301	6468	2	1	5	1	0	0	1	18	236	5	26	32256	960	0	5	0	960
1301	6472	2	1	5	1	0	0	1	18	236	5	26	32256	960	0	5	0	960
1301	6480	2	1	5	1	0	0	1	18	236	5	26	32256	960	0	5	0	960
1301	6496	1	1	6	0	0	0	1	17	94	5	27	32256	960	0	6	0	960
1301	6529	1	1	6	0	0	0	1	21	3	2	25	32256	960	0	6	0	960
1301	6530	1	1	6	0	0	0	1	21	3	2	25	32256	960	0	6	0	960
1301	6532	1	1	6	0	0	0	1	18	77	4	26	32256	960	0	6	0	960
1301	6536	1	1	6	0	0	0	1	18	77	4	26	32256	960	0	6	0	960
1301	6544	1	1	6	0	0	0	1	18	77	4	26	32256	960	0	6	0	960
1301	6560	1	1	6	0	0	0	1	17	94	5	27	32256	960	0	6	0	960
1301	6592	1	1	6	0	0	0	1	17	94	5	27	32256	960	0	6	0	960
1301	6659	2	1	5	1	0	0	2	17	11	3	23	20064	664	0	5	0	664
1301	6661	2	4	5	1	0	0	1	16	86	4	24	25500	870	0	5	0	864,866,868,870
1301	6662	2	4	5	1	0	0	1	16	86	4	24	25500	870	0	5	0	864,866,868,870
1301	6665	2	4	5	1	0	0	1	16	86	4	24	25500	870	0	5	0	864,866,868,870
1301	6666	2	4	5	1	0	0	1	16	86	4	24	25500	870	0	5	0	864,866,868,870
1301	6668	1	2	6	0	0	0	1	15	94	5	25	25500	868	0	6	0	864,868
1301	6673	2	4	5	1	0	0	1	16	86	4	24	25500	870	0	5	0	864,866,868,870
1301	6674	2	4	5	1	0	0	1	16	86	4	24	25500	870	0	5	0	864,866,868,870
1301	6676	1	2	6	0	0	0	1	15	94	5	25	25500	868	0	6	0	864,868
1301	6680	1	2	6	0	0	0	1	15	94	5	25	25500	868	0	6	0	864,868
1301	6689	2	2	5	1	0	0	2	19	13	3	25	20064	656	0	5	0	366,656
1301	6690	2	2	5	1	0	0	2	19	13	3	25	20064	656	0	5	0	366,656
1301	6692	2	4	5	1	0	0	1	18	77	4	26	25500	876	0	5	0	864,868,872,876
1301	6696	2	4	5	1	0	0	1	18	77	4	26	25500	876	0	5	0	864,868,872,876
1301	6704	2	4	5	1	0	0	1	18	77	4	26	25500	876	0	5	0	864,868,872,876
1301	6721	2	2	5	1	0	0	2	19	13	3	25	20064	656	0	5	0	366,656
1301	6722	2	2	5	1	0	0	2	19	13	3	25	20064	656	0	5	0	366,656
1301	6724	2	4	5	1	0	0	1	18	77	4	26	25500	876	0	5	0	864,868,872,876
1301	6728	2	4	5	1	0	0	1	18	77	4	26	25500	876	0	5	0	864,868,872,876
1301	6736	2	4	5	1	0	0	1	18	77	4	26	25500	876	0	5	0	864,868,872,876
1301	6752	1	1	6	0	0	0	1	21	11	3	27	32256	896	0	6	0	896
1301	6785	2	1	5	1	1	1	0	17	77	4	25	32256	960	256	4	1	960
1301	6786	2	1	5	1	1	1	0	17	77	4	25	32256	960	256	4	1	960
1301	6788	2	5	5	1	0	0	1	18	236	5	26	25500	844	0	5	0	832,836,840,844,960
1301	6792	2	5	5	1	0	0	1	18	236	5	26	25500	844	0	5	0	832,836,840,844,960
1301	6800	2	5	5	1	0	0	1	18	236	5	26	25500	844	0	5	0	832,836,840,844,960
1301	6816	2	2	5	1	0	0	1	17	94	5	27	32256	896	0	5	0	896,960
1301	6848	2	2	5	1	0	0	1	17	94	5	27	32256	896	0	5	0	896,960
1301	6913	2	1	5	1	1	1	0	17	77	4	25	32256	960	128	4	1	960
1301	6914	2	1	5	1	1	1	0	17	77	4	25	32256	960	128	4	1	960
1301	6916	2	5	5	1	0	0	1	18	236	5	26	25500	844	0	5	0	832,836,840,844,960
1301	6920	2	5	5	1	0	0	1	18	236	5	26	25500	844	0	5	0	832,836,840,844,960
1301	6928	2	5	5	1	0	0	1	18	236	5	26	25500	844	0	5	0	832,836,840,844,960
1301	6944	2	2	5	1	0	0	1	17	94	5	27	32256	896	0	5	0	896,960
1301	6976	2	2	5	1	0	0	1	17	94	5	27	32256	896	0	5	0	896,960
1301	7040	1	1	6	0	0	0	1	17	94	5	27	32256	896	0	6	0	896
1301	7171	0	1	7	0	2	3	0	24	0	0	24	32256	864	896	3	4	864
1301	7173	1	1	6	0	2	3	0	19	11	3	25	25500	864	536	3	3	864
1301	7174	1	1	6	0	2	3	0	19	11	3	25	25500	864	536	3	3	864
1301	7177	1	1	6	0	2	3	0	19	11	3	25	25500	864	532	3	3	864
1301	7178	1	1	6	0	2	3	0	19	11	3	25	25500	864	532	3	3	864
1301	7180	2	2	5	1	1	1	0	14	222	6	26	25500	992	16	4	1	864,992
1301	7185	1	1	6	0	2	3	0	19	11	3	25	25500	864	524	3	3	864
1301	7186	1	1	6	0	2	3	0	19	11	3	25	25500	864	524	3	3	864
1301	7188	2	2	5	1	1	1	0	14	222	6	26	25500	992	8	4	1	864,992
1301	7192	2	2	5	1	1	1	0	14	222	6	26	25500	992	4	4	1	864,992
1301	7201	1	1	6	0	1	3	0	24	1	1	26	32256	864	896	5	1	864
1301	7202	1	1	6	0	1	3	0	24	1	1	26	32256	864	896	5	1	864
1301	7204	2	6	5	1	0	0	1	19	77	4	27	32256	896	0	5	0	864,896,912,928,960,992
1301	7208	2	6	5	1	0	0	1	19	77	4	27	32256	896	0	5	0	864,896,912,928,960,992
1301	7216	2	6	5	1	0	0	1	19	77	4	27	32256	896	0	5	0	864,896,912,928,960,992
1301	7233	1	1	6	0	1	3	0	24	1	1	26	32256	864	896	5	1	864
1301	7234	1	1	6	0	1	3	0	24	1	1	26	32256	864	896	5	1	864
1301	7236	2	6	5	1	0	0	1	19	77	4	27	32256	896	0	5	0	864,896,912,928,960,992
1301	7240	2	6	5	1	0	0	1	19	77	4	27	32256	896	0	5	0	864,896,912,928,960,992
1301	7248	2	6	5	1	0	0	1	19	77	4	27	32256	896	0	5	0	864,896,912,928,960,992
1301	7264	0	1	7	0	0	0	1	24	3	2	28	32256	896	0	7	0	896
1301	7297	1	2	6	0	1	1	0	22	3	2	26	32256	960	256	5	1	832,960
1301	7298	1	2	6	0	1	1	0	22	3	2	26	32256	960	256	5	1	832,960
1301	7300	1	1	6	0	1	1	0	17	94	5	27	32256	960	256	5	1	960
1301	7304	1	1	6	0	1	1	0	17	94	5	27	32256	960	256	5	1	960
1301	7312	1	1	6	0	1	1	0	17	94	5	27	32256	960	256	5	1	960
1301	7328	1	2	6	0	0	0	1	20	77	4	28	32256	896	0	6	0	896,960
1301	7360	1	2	6	0	0	0	1	20	77	4	28	32256	896	0	6	0	896,960
1301	7425	1	2	6	0	1	1	0	22	3	2	26	32256	960	128	5	1	832,960
1301	7426	1	2	6	0	1	1	0	22	3	2	26	32256	960	128	5	1	832,960
1301	7428	1	1	6	0	1	1	0	17	94	5	27	32256	960	128	5	1	960
1301	7432	1	1	6	0	1	1	0	17	94	5	27	32256	960	128	5	1	960
1301	7440	1	1	6	0	1	1	0	17	94	5	27	32256	960	128	5	1	960
1301	7456	1	2	6	0	0	0	1	20	77	4	28	32256	896	0	6	0	896,960
1301	7488	1	2	6	0	0	0	1	20	77	4	28	32256	896	0	6	0	896,960
1301	7552	0	1	7	0	0	0	1	20	30	4	28	32256	896	0	7	0	896
1301	7681	0	1	7	0	3	2	0	22	3	2	26	32256	960	384	3	4	960
1301	7682	0	1	7	0	3	2	0	22	3	2	26	32256	960	384	3	4	960
1301	7684	0	1	7	0	2	2	0	19	77	4	27	25500	960	24	5	2	960
1301	7688	0	1	7	0	2	2	0	19	77	4	27	25500	960	20	5	2	960
1301	7696	0	1	7	0	2	2	0	19	77	4	27	25500	960	12	5	2	960
1301	7712	0	1	7	0	2	2	0	24	3	2	28	32256	960	384	5	2	960
1301	7744	0	1	7	0	2	2	0	24	3	2	28	32256	960	384	5	2	960
1301	7808	0	1	7	0	2	1	0	20	77	4	28	32256	896	256	5	2	896
1301	7936	0	1	7	0	2	1	0	20	77	4	28	32256	896	128	5	2	896
1301	8207	2	2	5	1	1	1	0	16	3	2	20	20064	230	16384	4	1	230,792
1301	8215	2	2	5	1	1	1	0	16	3	2	20	20064	230	16384	4	1	230,792
1301	8219	2	2	5	1	1	1	0	16	3	2	20	20064	230	16384	4	1	230,792
1301	8221	1	2	6	0	1	1	0	19	1	1	21	20064	230	16384	5	1	230,792
1301	8222	1	2	6	0	1	1	0	19	1	1	21	20064	230	16384	5	1	230,792
1301	8231	3	3	4	1	0	0	3	15	11	3	21	20064	740	0	4	0	740,992,996
1301	8235	3	3	4	1	0	0	3	15	11	3	21	20064	740	0	4	0	740,992,996
1301	8237	2	1	5	1	0	0	1	18	3	2	22	20064	740	0	5	0	740
1301	8238	2	1	5	1	0	0	1	18	3	2	22	20064	740	0	5	0	740
1301	8243	3	3	4	1	0	0	3	15	11	3	21	20064	740	0	4	0	740,992,996
1301	8245	2	1	5	1	0	0	1	18	3	2	22	20064	740	0	5	0	740
1301	8246	2	1	5	1	0	0	1	18	3	2	22	20064	740	0	5	0	740
1301	8249	2	1	5	1	0	0	1	18	3	2	22	20064	740	0	5	0	740
1301	8250	2	1	5	1	0	0	1	18	3	2	22	20064	740	0	5	0	740
1301	8252	1	1	6	0	0	0	1	21	1	1	23	20064	740	0	6	0	740
1301	8263	3	3	4	1	0	0	3	15	11	3	21	20064	740	0	4	0	740,992,996
1301	8267	3	3	4	1	0	0	3	15	11	3	21	20064	740	0	4	0	740,992,996
1301	8269	2	1	5	1	0	0	1	18	3	2	22	20064	740	0	5	0	740
1301	8270	2	1	5	1	0	0	1	18	3	2	22	20064	740	0	5	0	740
1301	8275	3	3	4	1	0	0	3	15	11	3	21	20064	740	0	4	0	740,992,996
1301	8277	2	1	5	1	0	0	1	18	3	2	22	20064	740	0	5	0	740
1301	8278	2	1	5	1	0	0	1	18	3	2	22	20064	740	0	5	0	740
1301	8281	2	1	5	1	0	0	1	18	3	2	22	20064	740	0	5	0	740
1301	8282	2	1	5	1	0	0	1	18	3	2	22	20064	740	0	5	0	740
1301	8284	1	1	6	0	0	0	1	21	1	1	23	20064	740	0	6	0	740
1301	8291	1	1	6	0	0	0	2	14	75	4	22	24160	992	0	6	0	992
1301	8293	1	1	6	0	0	0	2	17	11	3	23	24160	992	0	6	0	992
1301	8294	1	1	6	0	0	0	2	17	11	3	23	24160	992	0	6	0	992
1301	8297	1	1	6	0	0	0	2	17	11	3	23	24160	992	0	6	0	992
1301	8298	1	1	6	0	0	0	2	17	11	3	23	24160	992	0	6	0	992
1301	8300	1	2	6	0	0	0	3	20	3	2	24	20064	736	0	6	0	736,992
1301	8305	1	1	6	0	0	0	2	17	11	3	23	24160	992	0	6	0	992
1301	8306	1	1	6	0	0	0	2	17	11	3	23	24160	992	0	6	0	992
1301	8308	1	2	6	0	0	0	3	20	3	2	24	20064	736	0	6	0	736,992
1301	8312	1	2	6	0	0	0	3	20	3	2	24	20064	736	0	6	0	736,992
1301	8327	2	1	5	1	1	2	0	17	3	2	21	32256	976	768	4	1	976
1301	8331	2	1	5	1	1	2	0	17	3	2	21	32256	976	768	4	1	976
1301	8333	3	12	4	1	0	0	2	20	1	1	22	20064	748	0	4	0	46,110,174,236,238,748,784,786,848,912,976,992
1301	8334	3	12	4	1	0	0	2	20	1	1	22	20064	748	0	4	0	46,110,174,236,238,748,784,786,848,912,976,992
1301	8339	2	1	5	1	1	2	0	17	3	2	21	32256	976	768	4	1	976
1301	8341	3	12	4	1	0	0	2	20	1	1	22	20064	748	0	4	0	46,110,174,236,238,748,784,786,848,912,976,992
1301	8342	3	12	4	1	0	0	2	20	1	1	22	20064	748	0	4	0	46,110,174,236,238,748,784,786,848,912,976,992
1301	8345	3	12	4	1	0	0	2	20	1	1	22	20064	748	0	4	0	46,110,174,236,238,748,784,786,848,912,976,992
1301	8346	3	12	4	1	0	0	2	20	1	1	22	20064	748	0	4	0	46,110,174,236,238,748,784,786,848,912,976,992
1301	8348	2	6	5	1	0	0	1	23	0	0	23	20064	748	0	5	0	236,238,748,784,786,816
1301	8355	2	3	5	1	0	0	1	14	77	4	22	32256	992	0	5	0	960,976,992
1301	8357	2	1	5	1	0	0	1	17	13	3	23	32256	992	0	5	0	992
1301	8358	2	1	5	1	0	0	1	17	13	3	23	32256	992	0	5	0	992
1301	8361	2	1	5	1	0	0	1	17	13	3	23	32256	992	0	5	0	992
1301	8362	2	1	5	1	0	0	1	17	13	3	23	32256	992	0	5	0	992
1301	8364	2	2	5	1	0	0	2	20	3	2	24	20064	744	0	5	0	744,992
1301	8369	2	1	5	1	0	0	1	17	13	3	23	32256	992	0	5	0	992
1301	8370	2	1	5	1	0	0	1	17	13	3	23	32256	992	0	5	0	992
1301	8372	2	2	5	1	0	0	2	20	3	2	24	20064	744	0	5	0	744,992
1301	8376	2	2	5	1	0	0	2	20	3	2	24	20064	744	0	5	0	744,992
1301	8387	2	3	5	1	0	0	1	14	77	4	22	32256	992	0	5	0	960,976,992
1301	8389	2	1	5	1	0	0	1	17	13	3	23	32256	992	0	5	0	992
1301	8390	2	1	5	1	0	0	1	17	13	3	23	32256	992	0	5	0	992
1301	8393	2	1	5	1	0	0	1	17	13	3	23	32256	992	0	5	0	992
1301	8394	2	1	5	1	0	0	1	17	13	3	23	32256	992	0	5	0	992
1301	8396	2	2	5	1	0	0	2	20	3	2	24	20064	744	0	5	0	744,992
1301	8401	2	1	5	1	0	0	1	17	13	3	23	32256	992	0	5	0	992
1301	8402	2	1	5	1	0	0	1	17	13	3	23	32256	992	0	5	0	992
1301	8404	2	2	5	1	0	0	2	20	3	2	24	20064	744	0	5	0	744,992
1301	8408	2	2	5	1	0	0	2	20	3	2	24	20064	744	0	5	0	744,992
1301	8417	1	1	6	0	0	0	2	14	94	5	24	24160	992	0	6	0	992
1301	8418	1	1	6	0	0	0	2	14	94	5	24	24160	992	0	6	0	992
1301	8420	1	1	6	0	0	0	2	17	30	4	25	24160	992	0	6	0	992
1301	8424	1	1	6	0	0	0	2	17	30	4	25	24160	992	0	6	0	992
1301	8432	1	1	6	0	0	0	2	17	30	4	25	24160	992	0	6	0	992
1301	8455	2	1	5	1	1	2	0	17	3	2	21	32256	976	640	4	1	976
1301	8459	2	1	5	1	1	2	0	17	3	2	21	32256	976	640	4	1	976
1301	8461	3	12	4	1	0	0	2	20	1	1	22	20064	748	0	4	0	46,110,174,236,238,748,784,786,848,912,976,992
1301	8462	3	12	4	1	0	0	2	20	1	1	22	20064	748	0	4	0	46,110,174,236,238,748,784,786,848,912,976,992
1301	8467	2	1	5	1	1	2	0	17	3	2	21	32256	976	640	4	1	976
1301	8469	3	12	4	1	0	0	2	20	1	1	22	20064	748	0	4	0	46,110,174,236,238,748,784,786,848,912,976,992
1301	8470	3	12	4	1	0	0	2	20	1	1	22	20064	748	0	4	0	46,110,174,236,238,748,784,786,848,912,976,992
1301	8473	3	12	4	1	0	0	2	20	1	1	22	20064	748	0	4	0	46,110,174,236,238,748,784,786,848,912,976,992
1301	8474	3	12	4	1	0	0	2	20	1	1	22	20064	748	0	4	0	46,110,174,236,238,748,784,786,848,912,976,992
1301	8476	2	6	5	1	0	0	1	23	0	0	23	20064	748	0	5	0	236,238,748,784,786,816
1301	8483	2	3	5	1	0	0	1	14	77	4	22	32256	992	0	5	0	960,976,992
1301	8485	2	1	5	1	0	0	1	17	13	3	23	32256	992	0	5	0	992
1301	8486	2	1	5	1	0	0	1	17	13	3	23	32256	992	0	5	0	992
1301	8489	2	1	5	1	0	0	1	17	13	3	23	32256	992	0	5	0	992
1301	8490	2	1	5	1	0	0	1	17	13	3	23	32256	992	0	5	0	992
1301	8492	2	2	5	1	0	0	2	20	3	2	24	20064	744	0	5	0	744,992
1301	8497	2	1	5	1	0	0	1	17	13	3	23	32256	992	0	5	0	992
1301	8498	2	1	5	1	0	0	1	17	13	3	23	32256	992	0	5	0	992
1301	8500	2	2	5	1	0	0	2	20	3	2	24	20064	744	0	5	0	744,992
1301	8504	2	2	5	1	0	0	2	20	3	2	24	20064	744	0	5	0	744,992
1301	8515	2	3	5	1	0	0	1	14	77	4	22	32256	992	0	5	0	960,976,992
1301	8517	2	1	5	1	0	0	1	17	13	3	23	32256	992	0	5	0	992
1301	8518	2	1	5	1	0	0	1	17	13	3	23	32256	992	0	5	0	992
1301	8521	2	1	5	1	0	0	1	17	13	3	23	32256	992	0	5	0	992
1301	8522	2	1	5	1	0	0	1	17	13	3	23	32256	992	0	5	0	992
1301	8524	2	2	5	1	0	0	2	20	3	2	24	20064	744	0	5	0	744,992
1301	8529	2	1	5	1	0	0	1	17	13	3	23	32256	992	0	5	0	992
1301	8530	2	1	5	1	0	0	1	17	13	3	23	32256	992	0	5	0	992
1301	8532	2	2	5	1	0	0	2	20	3	2	24	20064	744	0	5	0	744,992
1301	8536	2	2	5	1	0	0	2	20	3	2	24	20064	744	0	5	0	744,992
1301	8545	1	1	6	0	0	0	2	14	94	5	24	24160	992	0	6	0	992
1301	8546	1	1	6	0	0	0	2	14	94	5	24	24160	992	0	6	0	992
1301	8548	1	1	6	0	0	0	2	17	30	4	25	24160	992	0	6	0	992
1301	8552	1	1	6	0	0	0	2	17	30	4	25	24160	992	0	6	0	992
1301	8560	1	1	6	0	0	0	2	17	30	4	25	24160	992	0	6	0	992
1301	8579	0	1	7	0	1	1	0	18	3	2	22	32256	960	512	6	1	960
1301	8581	1	3	6	0	0	0	1	21	1	1	23	32256	992	0	6	0	62,960,992
1301	8582	1	3	6	0	0	0	1	21	1	1	23	32256	992	0	6	0	62,960,992
1301	8585	1	3	6	0	0	0	1	21	1	1	23	32256	992	0	6	0	62,960,992
1301	8586	1	3	6	0	0	0	1	21	1	1	23	32256	992	0	6	0	62,960,992
1301	8588	1	1	6	0	0	0	1	24	0	0	24	32256	992	0	6	0	992
1301	8593	1	3	6	0	0	0	1	21	1	1	23	32256	992	0	6	0	62,960,992
1301	8594	1	3	6	0	0	0	1	21	1	1	23	32256	992	0	6	0	62,960,992
1301	8596	1	1	6	0	0	0	1	24	0	0	24	32256	992	0	6	0	992
1301	8600	1	1	6	0	0	0	1	24	0	0	24	32256	992	0	6	0	992
1301	8609	1	3	6	0	0	0	1	16	77	4	24	32256	992	0	6	0	62,960,992
1301	8610	1	3	6	0	0	0	1	16	77	4	24	32256	992	0	6	0	62,960,992
1301	8612	1	1	6	0	0	0	1	19	11	3	25	32256	992	0	6	0	992
1301	8616	1	1	6	0	0	0	1	19	11	3	25	32256	992	0	6	0	992
1301	8624	1	1	6	0	0	0	1	19	11	3	25	32256	992	0	6	0	992
1301	8641	1	3	6	0	0	0	1	16	77	4	24	32256	992	0	6	0	62,960,992
1301	8642	1	3	6	0	0	0	1	16	77	4	24	32256	992	0	6	0	62,960,992
1301	8644	1	1	6	0	0	0	1	19	11	3	25	32256	992	0	6	0	992
1301	8648	1	1	6	0	0	0	1	19	11	3	25	32256	992	0	6	0	992
1301	8656	1	1	6	0	0	0	1	19	11	3	25	32256	992	0	6	0	992
1301	8672	1	1	6	0	0	0	2	14	222	6	26	24160	992	0	6	0	992
1301	8711	4	15	3	1	0	0	4	13	30	4	21	20064	716	0	3	0	204,206,460,716,816,818,880,944,960,964,968,972,976,992,1008
1301	8715	4	15	3	1	0	0	4	13	30	4	21	20064	716	0	3	0	204,206,460,716,816,818,880,944,960,964,968,972,976,992,1008
1301	8717	2	2	5	1	1	1	0	18	3	2	22	25500	818	4096	4	1	816,818
1301	8718	2	2	5	1	1	1	0	18	3	2	22	25500	818	4096	4	1	816,818
1301	8723	4	15	3	1	0	0	4	13	30	4	21	20064	716	0	3	0	204,206,460,716,816,818,880,944,960,964,968,972,976,992,1008
1301	8725	2	2	5	1	1	1	0	18	3	2	22	25500	818	4096	4	1	816,818
1301	8726	2	2	5	1	1	1	0	18	3	2	22	25500	818	4096	4	1	816,818
1301	8729	2	2	5	1	1	1	0	18	3	2	22	25500	818	4096	4	1	816,818
1301	8730	2	2	5	1	1	1	0	18	3	2	22	25500	818	4096	4	1	816,818
1301	8732	0	1	7	0	2	1	0	23	0	0	23	25500	816	4096	5	2	816
1301	8739	2	2	5	1	0	0	2	12	94	5	22	24160	968	0	5	0	960,968
1301	8741	2	2	5	1	0	0	2	17	13	3	23	24160	968	0	5	0	960,968
1301	8742	2	2	5	1	0	0	2	17	13	3	23	24160	968	0	5	0	960,968
1301	8745	2	2	5	1	0	0	2	17	13	3	23	24160	968	0	5	0	960,968
1301	8746	2	2	5	1	0	0	2	17	13	3	23	24160	968	0	5	0	960,968
1301	8748	2	6	5	1	0	0	4	22	1	1	24	20064	712	0	5	0	564,712,816,820,960,968
1301	8753	2	2	5	1	0	0	2	17	13	3	23	24160	968	0	5	0	960,968
1301	8754	2	2	5	1	0	0	2	17	13	3	23	24160	968	0	5	0	960,968
1301	8756	2	6	5	1	0	0	4	22	1	1	24	20064	712	0	5	0	564,712,816,820,960,968
1301	8760	2	6	5	1	0	0	4	22	1	1	24	20064	712	0	5	0	564,712,816,820,960,968
1301	8771	2	2	5	1	0	0	2	12	94	5	22	24160	968	0	5	0	960,968
1301	8773	2	2	5	1	0	0	2	17	13	3	23	24160	968	0	5	0	960,968
1301	8774	2	2	5	1	0	0	2	17	13	3	23	24160	968	0	5	0	960,968
1301	8777	2	2	5	1	0	0	2	17	13	3	23	24160	968	0	5	0	960,968
1301	8778	2	2	5	1	0	0	2	17	13	3	23	24160	968	0	5	0	960,968
1301	8780	2	6	5	1	0	0	4	22	1	1	24	20064	712	0	5	0	564,712,816,820,960,968
1301	8785	2	2	5	1	0	0	2	17	13	3	23	24160	968	0	5	0	960,968
1301	8786	2	2	5	1	0	0	2	17	13	3	23	24160	968	0	5	0	960,968
1301	8788	2	6	5	1	0	0	4	22	1	1	24	20064	712	0	5	0	564,712,816,820,960,968
1301	8792	2	6	5	1	0	0	4	22	1	1	24	20064	712	0	5	0	564,712,816,820,960,968
1301	8801	0	1	7	0	0	0	2	16	77	4	24	24160	960	0	7	0	960
1301	8802	0	1	7	0	0	0	2	16	77	4	24	24160	960	0	7	0	960
1301	8804	0	1	7	0	0	0	2	21	3	2	25	24160	960	0	7	0	960
1301	8808	0	1	7	0	0	0	2	21	3	2	25	24160	960	0	7	0	960
1301	8816	0	1	7	0	0	0	2	21	3	2	25	24160	960	0	7	0	960
1301	8835	2	2	5	1	0	0	1	12	94	5	22	32256	960	0	5	0	960,992
1301	8837	2	2	5	1	0	0	1	17	13	3	23	32256	960	0	5	0	960,992
1301	8838	2	2	5	1	0	0	1	17	13	3	23	32256	960	0	5	0	960,992
1301	8841	2	2	5	1	0	0	1	17	13	3	23	32256	960	0	5	0	960,992
1301	8842	2	2	5	1	0	0	1	17	13	3	23	32256	960	0	5	0	960,992
1301	8844	2	6	5	1	0	0	1	22	1	1	24	32256	960	0	5	0	800,804,864,928,960,992
1301	8849	2	2	5	1	0	0	1	17	13	3	23	32256	960	0	5	0	960,992
1301	8850	2	2	5	1	0	0	1	17	13	3	23	32256	960	0	5	0	960,992
1301	8852	2	6	5	1	0	0	1	22	1	1	24	32256	960	0	5	0	800,804,864,928,960,992
1301	8856	2	6	5	1	0	0	1	22	1	1	24	32256	960	0	5	0	800,804,864,928,960,992
1301	8865	1	1	6	0	0	0	1	16	236	5	24	32256	960	0	6	0	960
1301	8866	1	1	6	0	0	0	1	16	236	5	24	32256	960	0	6	0	960
1301	8868	1	1	6	0	0	0	1	19	13	3	25	32256	960	0	6	0	960
1301	8872	1	1	6	0	0	0	1	19	13	3	25	32256	960	0	6	0	960
1301	8880	1	1	6	0	0	0	1	19	13	3	25	32256	960	0	6	0	960
1301	8897	1	1	6	0	0	0	1	16	236	5	24	32256	960	0	6	0	960
1301	8898	1	1	6	0	0	0	1	16	236	5	24	32256	960	0	6	0	960
1301	8900	1	1	6	0	0	0	1	19	13	3	25	32256	960	0	6	0	960
1301	8904	1	1	6	0	0	0	1	19	13	3	25	32256	960	0	6	0	960
1301	8912	1	1	6	0	0	0	1	19	13	3	25	32256	960	0	6	0	960
1301	8928	0	1	7	0	0	0	2	16	94	5	26	24160	960	0	7	0	960
1301	8963	2	2	5	1	0	0	1	12	94	5	22	32256	960	0	5	0	960,992
1301	8965	2	2	5	1	0	0	1	17	13	3	23	32256	960	0	5	0	960,992
1301	8966	2	2	5	1	0	0	1	17	13	3	23	32256	960	0	5	0	960,992
1301	8969	2	2	5	1	0	0	1	17	13	3	23	32256	960	0	5	0	960,992
1301	8970	2	2	5	1	0	0	1	17	13	3	23	32256	960	0	5	0	960,992
1301	8972	2	6	5	1	0	0	1	22	1	1	24	32256	960	0	5	0	800,804,864,928,960,992
1301	8977	2	2	5	1	0	0	1	17	13	3	23	32256	960	0	5	0	960,992
1301	8978	2	2	5	1	0	0	1	17	13	3	23	32256	960	0	5	0	960,992
1301	8980	2	6	5	1	0	0	1	22	1	1	24	32256	960	0	5	0	800,804,864,928,960,992
1301	8984	2	6	5	1	0	0	1	22	1	1	24	32256	960	0	5	0	800,804,864,928,960,992
1301	8993	1	1	6	0	0	0	1	16	236	5	24	32256	960	0	6	0	960
1301	8994	1	1	6	0	0	0	1	16	236	5	24	32256	960	0	6	0	960
1301	8996	1	1	6	0	0	0	1	19	13	3	25	32256	960	0	6	0	960
1301	9000	1	1	6	0	0	0	1	19	13	3	25	32256	960	0	6	0	960
1301	9008	1	1	6	0	0	0	1	19	13	3	25	32256	960	0	6	0	960
1301	9025	1	1	6	0	0	0	1	16	236	5	24	32256	960	0	6	0	960
1301	9026	1	1	6	0	0	0	1	16	236	5	24	32256	960	0	6	0	960
1301	9028	1	1	6	0	0	0	1	19	13	3	25	32256	960	0	6	0	960
1301	9032	1	1	6	0	0	0	1	19	13	3	25	32256	960	0	6	0	960
1301	9040	1	1	6	0	0	0	1	19	13	3	25	32256	960	0	6	0	960
1301	9056	0	1	7	0	0	0	2	16	94	5	26	24160	960	0	7	0	960
1301	9089	0	1	7	0	0	0	1	16	77	4	24	32256	960	0	7	0	960
1301	9090	0	1	7	0	0	0	1	16	77	4	24	32256	960	0	7	0	960
1301	9092	0	1	7	0	0	0	1	21	3	2	25	32256	960	0	7	0	960
1301	9096	0	1	7	0	0	0	1	21	3	2	25	32256	960	0	7	0	960
1301	9104	0	1	7	0	0	0	1	21	3	2	25	32256	960	0	7	0	960
1301	9120	0	1	7	0	0	0	1	16	94	5	26	32256	960	0	7	0	960
1301	9152	0	1	7	0	0	0	1	16	94	5	26	32256	960	0	7	0	960
1301	9223	2	2	5	1	2	3	0	14	77	4	22	20064	207	16408	3	2	816,944
1301	9227	2	2	5	1	2	3	0	14	77	4	22	20064	207	16404	3	2	816,944
1301	9229	2	2	5	1	1	2	0	15	77	4	23	20064	206	16400	4	1	206,816
1301	9230	2	2	5	1	1	2	0	15	77	4	23	20064	206	16400	4	1	206,816
1301	9235	2	2	5	1	2	3	0	14	77	4	22	20064	207	16396	3	2	816,944
1301	9237	2	2	5	1	1	2	0	15	77	4	23	20064	206	16392	4	1	206,816
1301	9238	2	2	5	1	1	2	0	15	77	4	23	20064	206	16392	4	1	206,816
1301	9241	2	2	5	1	1	2	0	15	77	4	23	20064	206	16388	4	1	206,816
1301	9242	2	2	5	1	1	2	0	15	77	4	23	20064	206	16388	4	1	206,816
1301	9244	2	5	5	1	0	0	1	16	75	4	24	20064	716	0	5	0	204,206,716,816,818
1301	9251	2	1	5	1	1	3	0	15	75	4	23	32256	944	896	4	1	944
1301	9253	3	7	4	1	0	0	3	16	77	4	24	20064	712	0	4	0	78,206,712,816,944,960,968
1301	9254	3	7	4	1	0	0	3	16	77	4	24	20064	712	0	4	0	78,206,712,816,944,960,968
1301	9257	3	7	4	1	0	0	3	16	77	4	24	20064	712	0	4	0	78,206,712,816,944,960,968
1301	9258	3	7	4	1	0	0	3	16	77	4	24	20064	712	0	4	0	78,206,712,816,944,960,968
1301	9260	2	1	5	1	0	0	1	17	77	4	25	20064	712	0	5	0	712
1301	9265	3	7	4	1	0	0	3	16	77	4	24	20064	712	0	4	0	78,206,712,816,944,960,968
1301	9266	3	7	4	1	0	0	3	16	77	4	24	20064	712	0	4	0	78,206,712,816,944,960,968
1301	9268	2	1	5	1	0	0	1	17	77	4	25	20064	712	0	5	0	712
1301	9272	2	1	5	1	0	0	1	17	77	4	25	20064	712	0	5	0	712
1301	9283	2	1	5	1	1	3	0	15	75	4	23	32256	944	896	4	1	944
1301	9285	3	7	4	1	0	0	3	16	77	4	24	20064	712	0	4	0	78,206,712,816,944,960,968
1301	9286	3	7	4	1	0	0	3	16	77	4	24	20064	712	0	4	0	78,206,712,816,944,960,968
1301	9289	3	7	4	1	0	0	3	16	77	4	24	20064	712	0	4	0	78,206,712,816,944,960,968
1301	9290	3	7	4	1	0	0	3	16	77	4	24	20064	712	0	4	0	78,206,712,816,944,960,968
1301	9292	2	1	5	1	0	0	1	17	77	4	25	20064	712	0	5	0	712
1301	9297	3	7	4	1	0	0	3	16	77	4	24	20064	712	0	4	0	78,206,712,816,944,960,968
1301	9298	3	7	4	1	0	0	3	16	77	4	24	20064	712	0	4	0	78,206,712,816,944,960,968
1301	9300	2	1	5	1	0	0	1	17	77	4	25	20064	712	0	5	0	712
1301	9304	2	1	5	1	0	0	1	17	77	4	25	20064	712	0	5	0	712
1301	9313	1	1	6	0	0	0	2	17	75	4	25	24160	960	0	6	0	960
1301	9314	1	1	6	0	0	0	2	17	75	4	25	24160	960	0	6	0	960
1301	9316	1	1	6	0	0	0	2	18	77	4	26	24160	960	0	6	0	960
1301	9320	1	1	6	0	0	0	2	18	77	4	26	24160	960	0	6	0	960
1301	9328	1	1	6	0	0	0	2	18	77	4	26	24160	960	0	6	0	960
1301	9347	1	1	6	0	2	2	0	15	77	4	23	32256	928	768	4	2	928
1301	9349	2	2	5	1	1	2	0	16	77	4	24	32256	928	768	4	1	94,928
1301	9350	2	2	5	1	1	2	0	16	77	4	24	32256	928	768	4	1	94,928
1301	9353	2	2	5	1	1	2	0	16	77	4	24	32256	928	768	4	1	94,928
1301	9354	2	2	5	1	1	2	0	16	77	4	24	32256	928	768	4	1	94,928
1301	9356	3	12	4	1	0	0	2	17	75	4	25	20064	728	0	4	0	92,94,220,222,728,800,802,864,928,930,960,992
1301	9361	2	2	5	1	1	2	0	16	77	4	24	32256	928	768	4	1	94,928
1301	9362	2	2	5	1	1	2	0	16	77	4	24	32256	928	768	4	1	94,928
1301	9364	3	12	4	1	0	0	2	17	75	4	25	20064	728	0	4	0	92,94,220,222,728,800,802,864,928,930,960,992
1301	9368	3	12	4	1	0	0	2	17	75	4	25	20064	728	0	4	0	92,94,220,222,728,800,802,864,928,930,960,992
1301	9377	2	3	5	1	0	0	1	15	94	5	25	32256	960	0	5	0	94,928,960
1301	9378	2	3	5	1	0	0	1	15	94	5	25	32256	960	0	5	0	94,928,960
1301	9380	2	1	5	1	0	0	1	16	94	5	26	32256	960	0	5	0	960
1301	9384	2	1	5	1	0	0	1	16	94	5	26	32256	960	0	5	0	960
1301	9392	2	1	5	1	0	0	1	16	94	5	26	32256	960	0	5	0	960
1301	9409	2	3	5	1	0	0	1	15	94	5	25	32256	960	0	5	0	94,928,960
1301	9410	2	3	5	1	0	0	1	15	94	5	25	32256	960	0	5	0	94,928,960
1301	9412	2	1	5	1	0	0	1	16	94	5	26	32256	960	0	5	0	960
1301	9416	2	1	5	1	0	0	1	16	94	5	26	32256	960	0	5	0	960
1301	9424	2	1	5	1	0	0	1	16	94	5	26	32256	960	0	5	0	960
1301	9440	1	1	6	0	0	0	2	15	222	6	27	24160	960	0	6	0	960
1301	9475	1	1	6	0	2	2	0	15	77	4	23	32256	928	640	4	2	928
1301	9477	2	2	5	1	1	2	0	16	77	4	24	32256	928	640	4	1	94,928
1301	9478	2	2	5	1	1	2	0	16	77	4	24	32256	928	640	4	1	94,928
1301	9481	2	2	5	1	1	2	0	16	77	4	24	32256	928	640	4	1	94,928
1301	9482	2	2	5	1	1	2	0	16	77	4	24	32256	928	640	4	1	94,928
1301	9484	3	12	4	1	0	0	2	17	75	4	25	20064	728	0	4	0	92,94,220,222,728,800,802,864,928,930,960,992
1301	9489	2	2	5	1	1	2	0	16	77	4	24	32256	928	640	4	1	94,928
1301	9490	2	2	5	1	1	2	0	16	77	4	24	32256	928	640	4	1	94,928
1301	9492	3	12	4	1	0	0	2	17	75	4	25	20064	728	0	4	0	92,94,220,222,728,800,802,864,928,930,960,992
1301	9496	3	12	4	1	0	0	2	17	75	4	25	20064	728	0	4	0	92,94,220,222,728,800,802,864,928,930,960,992
1301	9505	2	3	5	1	0	0	1	15	94	5	25	32256	960	0	5	0	94,928,960
1301	9506	2	3	5	1	0	0	1	15	94	5	25	32256	960	0	5	0	94,928,960
1301	9508	2	1	5	1	0	0	1	16	94	5	26	32256	960	0	5	0	960
1301	9512	2	1	5	1	0	0	1	16	94	5	26	32256	960	0	5	0	960
1301	9520	2	1	5	1	0	0	1	16	94	5	26	32256	960	0	5	0	960
1301	9537	2	3	5	1	0	0	1	15	94	5	25	32256	960	0	5	0	94,928,960
1301	9538	2	3	5	1	0	0	1	15	94	5	25	32256	960	0	5	0	94,928,960
1301	9540	2	1	5	1	0	0	1	16	94	5	26	32256	960	0	5	0	960
1301	9544	2	1	5	1	0	0	1	16	94	5	26	32256	960	0	5	0	960
1301	9552	2	1	5	1	0	0	1	16	94	5	26	32256	960	0	5	0	960
1301	9568	1	1	6	0	0	0	2	15	222	6	27	24160	960	0	6	0	960
1301	9601	1	3	6	0	0	0	1	17	77	4	25	32256	960	0	6	0	126,896,960
1301	9602	1	3	6	0	0	0	1	17	77	4	25	32256	960	0	6	0	126,896,960
1301	9604	1	1	6	0	0	0	1	18	75	4	26	32256	960	0	6	0	960
1301	9608	1	1	6	0	0	0	1	18	75	4	26	32256	960	0	6	0	960
1301	9616	1	1	6	0	0	0	1	18	75	4	26	32256	960	0	6	0	960
1301	9632	1	1	6	0	0	0	1	15	222	6	27	32256	960	0	6	0	960
1301	9664	1	1	6	0	0	0	1	15	222	6	27	32256	960	0	6	0	960
1301	9731	2	1	5	1	2	2	0	13	94	5	23	32256	992	384	3	2	992
1301	9733	2	2	5	1	2	2	0	16	86	4	24	32256	992	384	3	2	864,992
1301	9734	2	2	5	1	2	2	0	16	86	4	24	32256	992	384	3	2	864,992
1301	9737	2	2	5	1	2	2	0	16	86	4	24	32256	992	384	3	2	864,992
1301	9738	2	2	5	1	2	2	0	16	86	4	24	32256	992	384	3	2	864,992
1301	9740	1	1	6	0	2	2	0	19	11	3	25	25500	864	4112	4	2	864
1301	9745	2	2	5	1	2	2	0	16	86	4	24	32256	992	384	3	2	864,992
1301	9746	2	2	5	1	2	2	0	16	86	4	24	32256	992	384	3	2	864,992
1301	9748	1	1	6	0	2	2	0	19	11	3	25	25500	864	4104	4	2	864
1301	9752	1	1	6	0	2	2	0	19	11	3	25	25500	864	4100	4	2	864
1301	9761	2	5	5	1	0	0	2	17	77	4	25	24160	912	0	5	0	896,912,928,960,992
1301	9762	2	5	5	1	0	0	2	17	77	4	25	24160	912	0	5	0	896,912,928,960,992
1301	9764	2	6	5	1	0	0	2	20	13	3	26	24160	912	0	5	0	864,896,912,928,960,992
1301	9768	2	6	5	1	0	0	2	20	13	3	26	24160	912	0	5	0	864,896,912,928,960,992
1301	9776	2	6	5	1	0	0	2	20	13	3	26	24160	912	0	5	0	864,896,912,928,960,992
1301	9793	2	5	5	1	0	0	2	17	77	4	25	24160	912	0	5	0	896,912,928,960,992
1301	9794	2	5	5	1	0	0	2	17	77	4	25	24160	912	0	5	0	896,912,928,960,992
1301	9796	2	6	5	1	0	0	2	20	13	3	26	24160	912	0	5	0	864,896,912,928,960,992
1301	9800	2	6	5	1	0	0	2	20	13	3	26	24160	912	0	5	0	864,896,912,928,960,992
1301	9808	2	6	5	1	0	0	2	20	13	3	26	24160	912	0	5	0	864,896,912,928,960,992
1301	9824	0	1	7	0	0	0	2	21	11	3	27	24160	896	0	7	0	896
1301	9857	1	1	6	0	1	1	0	17	236	5	25	32256	960	256	5	1	960
1301	9858	1	1	6	0	1	1	0	17	236	5	25	32256	960	256	5	1	960
1301	9860	1	1	6	0	1	1	0	18	77	4	26	32256	960	256	5	1	960
1301	9864	1	1	6	0	1	1	0	18	77	4	26	32256	960	256	5	1	960
1301	9872	1	1	6	0	1	1	0	18	77	4	26	32256	960	256	5	1	960
1301	9888	1	2	6	0	0	0	1	17	94	5	27	32256	896	0	6	0	896,960
1301	9920	1	2	6	0	0	0	1	17	94	5	27	32256	896	0	6	0	896,960
1301	9985	1	1	6	0	1	1	0	17	236	5	25	32256	960	128	5	1	960
1301	9986	1	1	6	0	1	1	0	17	236	5	25	32256	960	128	5	1	960
1301	9988	1	1	6	0	1	1	0	18	77	4	26	32256	960	128	5	1	960
1301	9992	1	1	6	0	1	1	0	18	77	4	26	32256	960	128	5	1	960
1301	10000	1	1	6	0	1	1	0	18	77	4	26	32256	960	128	5	1	960
1301	10016	1	2	6	0	0	0	1	17	94	5	27	32256	896	0	6	0	896,960
1301	10048	1	2	6	0	0	0	1	17	94	5	27	32256	896	0	6	0	896,960
1301	10112	0	1	7	0	0	0	1	17	94	5	27	32256	896	0	7	0	896
1301	10247	2	2	5	1	2	3	0	14	77	4	22	20064	207	16408	3	2	816,944
1301	10251	2	2	5	1	2	3	0	14	77	4	22	20064	207	16404	3	2	816,944
1301	10253	2	2	5	1	1	2	0	15	77	4	23	20064	206	16400	4	1	206,816
1301	10254	2	2	5	1	1	2	0	15	77	4	23	20064	206	16400	4	1	206,816
1301	10259	2	2	5	1	2	3	0	14	77	4	22	20064	207	16396	3	2	816,944
1301	10261	2	2	5	1	1	2	0	15	77	4	23	20064	206	16392	4	1	206,816
1301	10262	2	2	5	1	1	2	0	15	77	4	23	20064	206	16392	4	1	206,816
1301	10265	2	2	5	1	1	2	0	15	77	4	23	20064	206	16388	4	1	206,816
1301	10266	2	2	5	1	1	2	0	15	77	4	23	20064	206	16388	4	1	206,816
1301	10268	2	5	5	1	0	0	1	16	75	4	24	20064	716	0	5	0	204,206,716,816,818
1301	10275	2	1	5	1	1	3	0	15	75	4	23	32256	944	896	4	1	944
1301	10277	3	7	4	1	0	0	3	16	77	4	24	20064	712	0	4	0	78,206,712,816,944,960,968
1301	10278	3	7	4	1	0	0	3	16	77	4	24	20064	712	0	4	0	78,206,712,816,944,960,968
1301	10281	3	7	4	1	0	0	3	16	77	4	24	20064	712	0	4	0	78,206,712,816,944,960,968
1301	10282	3	7	4	1	0	0	3	16	77	4	24	20064	712	0	4	0	78,206,712,816,944,960,968
1301	10284	2	1	5	1	0	0	1	17	77	4	25	20064	712	0	5	0	712
1301	10289	3	7	4	1	0	0	3	16	77	4	24	20064	712	0	4	0	78,206,712,816,944,960,968
1301	10290	3	7	4	1	0	0	3	16	77	4	24	20064	712	0	4	0	78,206,712,816,944,960,968
1301	10292	2	1	5	1	0	0	1	17	77	4	25	20064	712	0	5	0	712
1301	10296	2	1	5	1	0	0	1	17	77	4	25	20064	712	0	5	0	712
1301	10307	2	1	5	1	1	3	0	15	75	4	23	32256	944	896	4	1	944
1301	10309	3	7	4	1	0	0	3	16	77	4	24	20064	712	0	4	0	78,206,712,816,944,960,968
1301	10310	3	7	4	1	0	0	3	16	77	4	24	20064	712	0	4	0	78,206,712,816,944,960,968
1301	10313	3	7	4	1	0	0	3	16	77	4	24	20064	712	0	4	0	78,206,712,816,944,960,968
1301	10314	3	7	4	1	0	0	3	16	77	4	24	20064	712	0	4	0	78,206,712,816,944,960,968
1301	10316	2	1	5	1	0	0	1	17	77	4	25	20064	712	0	5	0	712
1301	10321	3	7	4	1	0	0	3	16	77	4	24	20064	712	0	4	0	78,206,712,816,944,960,968
1301	10322	3	7	4	1	0	0	3	16	77	4	24	20064	712	0	4	0	78,206,712,816,944,960,968
1301	10324	2	1	5	1	0	0	1	17	77	4	25	20064	712	0	5	0	712
1301	10328	2	1	5	1	0	0	1	17	77	4	25	20064	712	0	5	0	712
1301	10337	1	1	6	0	0	0	2	17	75	4	25	24160	960	0	6	0	960
1301	10338	1	1	6	0	0	0	2	17	75	4	25	24160	960	0	6	0	960
1301	10340	1	1	6	0	0	0	2	18	77	4	26	24160	960	0	6	0	960
1301	10344	1	1	6	0	0	0	2	18	77	4	26	24160	960	0	6	0	960
1301	10352	1	1	6	0	0	0	2	18	77	4	26	24160	960	0	6	0	960
1301	10371	1	1	6	0	2	2	0	15	77	4	23	32256	928	768	4	2	928
1301	10373	2	2	5	1	1	2	0	16	77	4	24	32256	928	768	4	1	94,928
1301	10374	2	2	5	1	1	2	0	16	77	4	24	32256	928	768	4	1	94,928
1301	10377	2	2	5	1	1	2	0	16	77	4	24	32256	928	768	4	1	94,928
1301	10378	2	2	5	1	1	2	0	16	77	4	24	32256	928	768	4	1	94,928
1301	10380	3	12	4	1	0	0	2	17	75	4	25	20064	728	0	4	0	92,94,220,222,728,800,802,864,928,930,960,992
1301	10385	2	2	5	1	1	2	0	16	77	4	24	32256	928	768	4	1	94,928
1301	10386	2	2	5	1	1	2	0	16	77	4	24	32256	928	768	4	1	94,928
1301	10388	3	12	4	1	0	0	2	17	75	4	25	20064	728	0	4	0	92,94,220,222,728,800,802,864,928,930,960,992
1301	10392	3	12	4	1	0	0	2	17	75	4	25	20064	728	0	4	0	92,94,220,222,728,800,802,864,928,930,960,992
1301	10401	2	3	5	1	0	0	1	15	94	5	25	32256	960	0	5	0	94,928,960
1301	10402	2	3	5	1	0	0	1	15	94	5	25	32256	960	0	5	0	94,928,960
1301	10404	2	1	5	1	0	0	1	16	94	5	26	32256	960	0	5	0	960
1301	10408	2	1	5	1	0	0	1	16	94	5	26	32256	960	0	5	0	960
1301	10416	2	1	5	1	0	0	1	16	94	5	26	32256	960	0	5	0	960
1301	10433	2	3	5	1	0	0	1	15	94	5	25	32256	960	0	5	0	94,928,960
1301	10434	2	3	5	1	0	0	1	15	94	5	25	32256	960	0	5	0	94,928,960
1301	10436	2	1	5	1	0	0	1	16	94	5	26	32256	960	0	5	0	960
1301	10440	2	1	5	1	0	0	1	16	94	5	26	32256	960	0	5	0	960
1301	10448	2	1	5	1	0	0	1	16	94	5	26	32256	960	0	5	0	960
1301	10464	1	1	6	0	0	0	2	15	222	6	27	24160	960	0	6	0	960
1301	10499	1	1	6	0	2	2	0	15	77	4	23	32256	928	640	4	2	928
1301	10501	2	2	5	1	1	2	0	16	77	4	24	32256	928	640	4	1	94,928
1301	10502	2	2	5	1	1	2	0	16	77	4	24	32256	928	640	4	1	94,928
1301	10505	2	2	5	1	1	2	0	16	77	4	24	32256	928	640	4	1	94,928
1301	10506	2	2	5	1	1	2	0	16	77	4	24	32256	928	640	4	1	94,928
1301	10508	3	12	4	1	0	0	2	17	75	4	25	20064	728	0	4	0	92,94,220,222,728,800,802,864,928,930,960,992
1301	10513	2	2	5	1	1	2	0	16	77	4	24	32256	928	640	4	1	94,928
1301	10514	2	2	5	1	1	2	0	16	77	4	24	32256	928	640	4	1	94,928
1301	10516	3	12	4	1	0	0	2	17	75	4	25	20064	728	0	4	0	92,94,220,222,728,800,802,864,928,930,960,992
1301	10520	3	12	4	1	0	0	2	17	75	4	25	20064	728	0	4	0	92,94,220,222,728,800,802,864,928,930,960,992
1301	10529	2	3	5	1	0	0	1	15	94	5	25	32256	960	0	5	0	94,928,960
1301	10530	2	3	5	1	0	0	1	15	94	5	25	32256	960	0	5	0	94,928,960
1301	10532	2	1	5	1	0	0	1	16	94	5	26	32256	960	0	5	0	960
1301	10536	2	1	5	1	0	0	1	16	94	5	26	32256	960	0	5	0	960
1301	10544	2	1	5	1	0	0	1	16	94	5	26	32256	960	0	5	0	960
1301	10561	2	3	5	1	0	0	1	15	94	5	25	32256	960	0	5	0	94,928,960
1301	10562	2	3	5	1	0	0	1	15	94	5	25	32256	960	0	5	0	94,928,960
1301	10564	2	1	5	1	0	0	1	16	94	5	26	32256	960	0	5	0	960
1301	10568	2	1	5	1	0	0	1	16	94	5	26	32256	960	0	5	0	960
1301	10576	2	1	5	1	0	0	1	16	94	5	26	32256	960	0	5	0	960
1301	10592	1	1	6	0	0	0	2	15	222	6	27	24160	960	0	6	0	960
1301	10625	1	3	6	0	0	0	1	17	77	4	25	32256	960	0	6	0	126,896,960
1301	10626	1	3	6	0	0	0	1	17	77	4	25	32256	960	0	6	0	126,896,960
1301	10628	1	1	6	0	0	0	1	18	75	4	26	32256	960	0	6	0	960
1301	10632	1	1	6	0	0	0	1	18	75	4	26	32256	960	0	6	0	960
1301	10640	1	1	6	0	0	0	1	18	75	4	26	32256	960	0	6	0	960
1301	10656	1	1	6	0	0	0	1	15	222	6	27	32256	960	0	6	0	960
1301	10688	1	1	6	0	0	0	1	15	222	6	27	32256	960	0	6	0	960
1301	10755	2	1	5	1	2	2	0	13	94	5	23	32256	992	384	3	2	992
1301	10757	2	2	5	1	2	2	0	16	86	4	24	32256	992	384	3	2	864,992
1301	10758	2	2	5	1	2	2	0	16	86	4	24	32256	992	384	3	2	864,992
1301	10761	2	2	5	1	2	2	0	16	86	4	24	32256	992	384	3	2	864,992
1301	10762	2	2	5	1	2	2	0	16	86	4	24	32256	992	384	3	2	864,992
1301	10764	1	1	6	0	2	2	0	19	11	3	25	25500	864	4112	4	2	864
1301	10769	2	2	5	1	2	2	0	16	86	4	24	32256	992	384	3	2	864,992
1301	10770	2	2	5	1	2	2	0	16	86	4	24	32256	992	384	3	2	864,992
1301	10772	1	1	6	0	2	2	0	19	11	3	25	25500	864	4104	4	2	864
1301	10776	1	1	6	0	2	2	0	19	11	3	25	25500	864	4100	4	2	864
1301	10785	2	5	5	1	0	0	2	17	77	4	25	24160	912	0	5	0	896,912,928,960,992
1301	10786	2	5	5	1	0	0	2	17	77	4	25	24160	912	0	5	0	896,912,928,960,992
1301	10788	2	6	5	1	0	0	2	20	13	3	26	24160	912	0	5	0	864,896,912,928,960,992
1301	10792	2	6	5	1	0	0	2	20	13	3	26	24160	912	0	5	0	864,896,912,928,960,992
1301	10800	2	6	5	1	0	0	2	20	13	3	26	24160	912	0	5	0	864,896,912,928,960,992
1301	10817	2	5	5	1	0	0	2	17	77	4	25	24160	912	0	5	0	896,912,928,960,992
1301	10818	2	5	5	1	0	0	2	17	77	4	25	24160	912	0	5	0	896,912,928,960,992
1301	10820	2	6	5	1	0	0	2	20	13	3	26	24160	912	0	5	0	864,896,912,928,960,992
1301	10824	2	6	5	1	0	0	2	20	13	3	26	24160	912	0	5	0	864,896,912,928,960,992
1301	10832	2	6	5	1	0	0	2	20	13	3	26	24160	912	0	5	0	864,896,912,928,960,992
1301	10848	0	1	7	0	0	0	2	21	11	3	27	24160	896	0	7	0	896
1301	10881	1	1	6	0	1	1	0	17	236	5	25	32256	960	256	5	1	960
1301	10882	1	1	6	0	1	1	0	17	236	5	25	32256	960	256	5	1	960
1301	10884	1	1	6	0	1	1	0	18	77	4	26	32256	960	256	5	1	960
1301	10888	1	1	6	0	1	1	0	18	77	4	26	32256	960	256	5	1	960
1301	10896	1	1	6	0	1	1	0	18	77	4	26	32256	960	256	5	1	960
1301	10912	1	2	6	0	0	0	1	17	94	5	27	32256	896	0	6	0	896,960
1301	10944	1	2	6	0	0	0	1	17	94	5	27	32256	896	0	6	0	896,960
1301	11009	1	1	6	0	1	1	0	17	236	5	25	32256	960	128	5	1	960
1301	11010	1	1	6	0	1	1	0	17	236	5	25	32256	960	128	5	1	960
1301	11012	1	1	6	0	1	1	0	18	77	4	26	32256	960	128	5	1	960
1301	11016	1	1	6	0	1	1	0	18	77	4	26	32256	960	128	5	1	960
1301	11024	1	1	6	0	1	1	0	18	77	4	26	32256	960	128	5	1	960
1301	11040	1	2	6	0	0	0	1	17	94	5	27	32256	896	0	6	0	896,960
1301	11072	1	2	6	0	0	0	1	17	94	5	27	32256	896	0	6	0	896,960
1301	11136	0	1	7	0	0	0	1	17	94	5	27	32256	896	0	7	0	896
1301	11267	0	1	7	0	5	3	0	16	75	4	24	32256	864	896	2	5	864
1301	11269	1	2	6	0	3	3	0	15	94	5	25	20064	158	16408	3	3	158,864
1301	11270	1	2	6	0	3	3	0	15	94	5	25	20064	158	16408	3	3	158,864
1301	11273	1	2	6	0	3	3	0	15	94	5	25	20064	158	16404	3	3	158,864
1301	11274	1	2	6	0	3	3	0	15	94	5	25	20064	158	16404	3	3	158,864
1301	11276	2	4	5	1	1	2	0	14	222	6	26	20064	156	16400	4	1	156,158,864,866
1301	11281	1	2	6	0	3	3	0	15	94	5	25	20064	158	16396	3	3	158,864
1301	11282	1	2	6	0	3	3	0	15	94	5	25	20064	158	16396	3	3	158,864
1301	11284	2	4	5	1	1	2	0	14	222	6	26	20064	156	16392	4	1	156,158,864,866
1301	11288	2	4	5	1	1	2	0	14	222	6	26	20064	156	16388	4	1	156,158,864,866
1301	11297	1	2	6	0	2	3	0	18	75	4	26	32256	864	896	4	2	158,864
1301	11298	1	2	6	0	2	3	0	18	75	4	26	32256	864	896	4	2	158,864
1301	11300	2	4	5	1	1	3	0	17	94	5	27	20064	156	16408	4	1	156,158,864,866
1301	11304	2	4	5	1	1	3	0	17	94	5	27	20064	156	16404	4	1	156,158,864,866
1301	11312	2	4	5	1	1	3	0	17	94	5	27	20064	156	16396	4	1	156,158,864,866
1301	11329	1	2	6	0	2	3	0	18	75	4	26	32256	864	896	4	2	158,864
1301	11330	1	2	6	0	2	3	0	18	75	4	26	32256	864	896	4	2	158,864
1301	11332	2	4	5	1	1	3	0	17	94	5	27	20064	156	16408	4	1	156,158,864,866
1301	11336	2	4	5	1	1	3	0	17	94	5	27	20064	156	16404	4	1	156,158,864,866
1301	11344	2	4	5	1	1	3	0	17	94	5	27	20064	156	16396	4	1	156,158,864,866
1301	11360	1	1	6	0	0	0	2	20	75	4	28	24160	896	0	6	0	896
1301	11393	1	2	6	0	2	2	0	16	94	5	26	32256	832	768	4	2	190,832
1301	11394	1	2	6	0	2	2	0	16	94	5	26	32256	832	768	4	2	190,832
1301	11396	2	5	5	1	1	1	0	15	222	6	27	32256	960	256	4	1	188,190,832,834,960
1301	11400	2	5	5	1	1	1	0	15	222	6	27	32256	960	256	4	1	188,190,832,834,960
1301	11408	2	5	5	1	1	1	0	15	222	6	27	32256	960	256	4	1	188,190,832,834,960
1301	11424	2	6	5	1	0	0	1	16	222	6	28	32256	896	0	5	0	188,190,832,834,896,960
1301	11456	2	6	5	1	0	0	1	16	222	6	28	32256	896	0	5	0	188,190,832,834,896,960
1301	11521	1	2	6	0	2	2	0	16	94	5	26	32256	832	640	4	2	190,832
1301	11522	1	2	6	0	2	2	0	16	94	5	26	32256	832	640	4	2	190,832
1301	11524	2	5	5	1	1	1	0	15	222	6	27	32256	960	128	4	1	188,190,832,834,960
1301	11528	2	5	5	1	1	1	0	15	222	6	27	32256	960	128	4	1	188,190,832,834,960
1301	11536	2	5	5	1	1	1	0	15	222	6	27	32256	960	128	4	1	188,190,832,834,960
1301	11552	2	6	5	1	0	0	1	16	222	6	28	32256	896	0	5	0	188,190,832,834,896,960
1301	11584	2	6	5	1	0	0	1	16	222	6	28	32256	896	0	5	0	188,190,832,834,896,960
1301	11648	1	1	6	0	0	0	1	16	222	6	28	32256	896	0	6	0	896
1301	11777	0	1	7	0	4	2	0	18	77	4	26	32256	960	384	3	4	960
1301	11778	0	1	7	0	4	2	0	18	77	4	26	32256	960	384	3	4	960
1301	11780	0	1	7	0	4	2	0	19	30	4	27	32256	960	384	3	4	960
1301	11784	0	1	7	0	4	2	0	19	30	4	27	32256	960	384	3	4	960
1301	11792	0	1	7	0	4	2	0	19	30	4	27	32256	960	384	3	4	960
1301	11808	0	1	7	0	2	2	0	22	11	3	28	32256	960	384	5	2	960
1301	11840	0	1	7	0	2	2	0	22	11	3	28	32256	960	384	5	2	960
1301	11904	0	1	7	0	2	1	0	18	94	5	28	32256	896	256	5	2	896
1301	12032	0	1	7	0	2	1	0	18	94	5	28	32256	896	128	5	2	896
1301	12295	2	2	5	1	0	0	2	16	76	3	22	20064	972	0	5	0	460,972
1301	12299	2	2	5	1	0	0	2	16	76	3	22	20064	972	0	5	0	460,972
1301	12301	2	3	5	1	0	0	2	17	76	3	23	20064	972	0	5	0	460,562,972
1301	12302	2	3	5	1	0	0	2	17	76	3	23	20064	972	0	5	0	460,562,972
1301	12307	2	2	5	1	0	0	2	16	76	3	22	20064	972	0	5	0	460,972
1301	12309	2	3	5	1	0	0	2	17	76	3	23	20064	972	0	5	0	460,562,972
1301	12310	2	3	5	1	0	0	2	17	76	3	23	20064	972	0	5	0	460,562,972
1301	12313	2	3	5	1	0	0	2	17	76	3	23	20064	972	0	5	0	460,562,972
1301	12314	2	3	5	1	0	0	2	17	76	3	23	20064	972	0	5	0	460,562,972
1301	12316	2	6	5	1	0	0	3	18	11	3	24	20064	972	0	5	0	460,462,560,562,624,972
1301	12323	1	1	6	0	0	0	2	15	77	4	23	20064	968	0	6	0	968
1301	12325	1	1	6	0	0	0	2	16	86	4	24	20064	968	0	6	0	968
1301	12326	1	1	6	0	0	0	2	16	86	4	24	20064	968	0	6	0	968
1301	12329	1	1	6	0	0	0	2	16	86	4	24	20064	968	0	6	0	968
1301	12330	1	1	6	0	0	0	2	16	86	4	24	20064	968	0	6	0	968
1301	12332	1	1	6	0	0	0	2	17	77	4	25	20064	968	0	6	0	968
1301	12337	1	1	6	0	0	0	2	16	86	4	24	20064	968	0	6	0	968
1301	12338	1	1	6	0	0	0	2	16	86	4	24	20064	968	0	6	0	968
1301	12340	1	1	6	0	0	0	2	17	77	4	25	20064	968	0	6	0	968
1301	12344	1	1	6	0	0	0	2	17	77	4	25	20064	968	0	6	0	968
1301	12355	1	1	6	0	0	0	2	15	77	4	23	20064	968	0	6	0	968
1301	12357	1	1	6	0	0	0	2	16	86	4	24	20064	968	0	6	0	968
1301	12358	1	1	6	0	0	0	2	16	86	4	24	20064	968	0	6	0	968
1301	12361	1	1	6	0	0	0	2	16	86	4	24	20064	968	0	6	0	968
1301	12362	1	1	6	0	0	0	2	16	86	4	24	20064	968	0	6	0	968
1301	12364	1	1	6	0	0	0	2	17	77	4	25	20064	968	0	6	0	968
1301	12369	1	1	6	0	0	0	2	16	86	4	24	20064	968	0	6	0	968
1301	12370	1	1	6	0	0	0	2	16	86	4	24	20064	968	0	6	0	968
1301	12372	1	1	6	0	0	0	2	17	77	4	25	20064	968	0	6	0	968
1301	12376	1	1	6	0	0	0	2	17	77	4	25	20064	968	0	6	0	968
1301	12385	0	1	7	0	0	0	3	15	94	5	25	20064	960	0	7	0	960
1301	12386	0	1	7	0	0	0	3	15	94	5	25	20064	960	0	7	0	960
1301	12388	0	1	7	0	0	0	3	16	94	5	26	20064	960	0	7	0	960
1301	12392	0	1	7	0	0	0	3	16	94	5	26	20064	960	0	7	0	960
1301	12400	0	1	7	0	0	0	3	16	94	5	26	20064	960	0	7	0	960
1301	12419	2	5	5	1	0	0	3	19	3	2	23	20064	984	0	5	0	928,960,968,976,984
1301	12421	2	4	5	1	0	0	3	20	12	2	24	20064	984	0	5	0	960,968,976,984
1301	12422	2	4	5	1	0	0	3	20	12	2	24	20064	984	0	5	0	960,968,976,984
1301	12425	2	4	5	1	0	0	3	20	12	2	24	20064	984	0	5	0	960,968,976,984
1301	12426	2	4	5	1	0	0	3	20	12	2	24	20064	984	0	5	0	960,968,976,984
1301	12428	2	5	5	1	0	0	4	21	3	2	25	20064	984	0	5	0	612,960,968,976,984
1301	12433	2	4	5	1	0	0	3	20	12	2	24	20064	984	0	5	0	960,968,976,984
1301	12434	2	4	5	1	0	0	3	20	12	2	24	20064	984	0	5	0	960,968,976,984
1301	12436	2	5	5	1	0	0	4	21	3	2	25	20064	984	0	5	0	612,960,968,976,984
1301	12440	2	5	5	1	0	0	4	21	3	2	25	20064	984	0	5	0	612,960,968,976,984
1301	12449	1	2	6	0	0	0	3	17	77	4	25	20064	976	0	6	0	960,976
1301	12450	1	2	6	0	0	0	3	17	77	4	25	20064	976	0	6	0	960,976
1301	12452	1	2	6	0	0	0	3	18	77	4	26	20064	976	0	6	0	960,976
1301	12456	1	2	6	0	0	0	3	18	77	4	26	20064	976	0	6	0	960,976
1301	12464	1	2	6	0	0	0	3	18	77	4	26	20064	976	0	6	0	960,976
1301	12481	1	2	6	0	0	0	3	17	77	4	25	20064	976	0	6	0	960,976
1301	12482	1	2	6	0	0	0	3	17	77	4	25	20064	976	0	6	0	960,976
1301	12484	1	2	6	0	0	0	3	18	77	4	26	20064	976	0	6	0	960,976
1301	12488	1	2	6	0	0	0	3	18	77	4	26	20064	976	0	6	0	960,976
1301	12496	1	2	6	0	0	0	3	18	77	4	26	20064	976	0	6	0	960,976
1301	12512	0	1	7	0	0	0	3	15	222	6	27	20064	960	0	7	0	960
1301	12547	2	5	5	1	0	0	3	19	3	2	23	20064	984	0	5	0	928,960,968,976,984
1301	12549	2	4	5	1	0	0	3	20	12	2	24	20064	984	0	5	0	960,968,976,984
1301	12550	2	4	5	1	0	0	3	20	12	2	24	20064	984	0	5	0	960,968,976,984
1301	12553	2	4	5	1	0	0	3	20	12	2	24	20064	984	0	5	0	960,968,976,984
1301	12554	2	4	5	1	0	0	3	20	12	2	24	20064	984	0	5	0	960,968,976,984
1301	12556	2	5	5	1	0	0	4	21	3	2	25	20064	984	0	5	0	612,960,968,976,984
1301	12561	2	4	5	1	0	0	3	20	12	2	24	20064	984	0	5	0	960,968,976,984
1301	12562	2	4	5	1	0	0	3	20	12	2	24	20064	984	0	5	0	960,968,976,984
1301	12564	2	5	5	1	0	0	4	21	3	2	25	20064	984	0	5	0	612,960,968,976,984
1301	12568	2	5	5	1	0	0	4	21	3	2	25	20064	984	0	5	0	612,960,968,976,984
1301	12577	1	2	6	0	0	0	3	17	77	4	25	20064	976	0	6	0	960,976
1301	12578	1	2	6	0	0	0	3	17	77	4	25	20064	976	0	6	0	960,976
1301	12580	1	2	6	0	0	0	3	18	77	4	26	20064	976	0	6	0	960,976
1301	12584	1	2	6	0	0	0	3	18	77	4	26	20064	976	0	6	0	960,976
1301	12592	1	2	6	0	0	0	3	18	77	4	26	20064	976	0	6	0	960,976
1301	12609	1	2	6	0	0	0	3	17	77	4	25	20064	976	0	6	0	960,976
1301	12610	1	2	6	0	0	0	3	17	77	4	25	20064	976	0	6	0	960,976
1301	12612	1	2	6	0	0	0	3	18	77	4	26	20064	976	0	6	0	960,976
1301	12616	1	2	6	0	0	0	3	18	77	4	26	20064	976	0	6	0	960,976
1301	12624	1	2	6	0	0	0	3	18	77	4	26	20064	976	0	6	0	960,976
1301	12640	0	1	7	0	0	0	3	15	222	6	27	20064	960	0	7	0	960
1301	12673	0	1	7	0	0	0	1	23	1	1	25	32256	960	0	7	0	960
1301	12674	0	1	7	0	0	0	1	23	1	1	25	32256	960	0	7	0	960
1301	12676	0	1	7	0	0	0	1	24	1	1	26	32256	960	0	7	0	960
1301	12680	0	1	7	0	0	0	1	24	1	1	26	32256	960	0	7	0	960
1301	12688	0	1	7	0	0	0	1	24	1	1	26	32256	960	0	7	0	960
1301	12704	0	1	7	0	0	0	1	19	75	4	27	32256	960	0	7	0	960
1301	12736	0	1	7	0	0	0	1	19	75	4	27	32256	960	0	7	0	960
1301	12803	2	1	5	1	0	0	2	13	94	5	23	20064	920	0	5	0	920
1301	12805	2	2	5	1	0	0	3	16	86	4	24	20064	920	0	5	0	614,920
1301	12806	2	2	5	1	0	0	3	16	86	4	24	20064	920	0	5	0	614,920
1301	12809	2	2	5	1	0	0	3	16	86	4	24	20064	920	0	5	0	614,920
1301	12810	2	2	5	1	0	0	3	16	86	4	24	20064	920	0	5	0	614,920
1301	12812	1	1	6	0	0	0	1	19	11	3	25	25500	612	0	6	0	612
1301	12817	2	2	5	1	0	0	3	16	86	4	24	20064	920	0	5	0	614,920
1301	12818	2	2	5	1	0	0	3	16	86	4	24	20064	920	0	5	0	614,920
1301	12820	1	1	6	0	0	0	1	19	11	3	25	25500	612	0	6	0	612
1301	12824	1	1	6	0	0	0	1	19	11	3	25	25500	612	0	6	0	612
1301	12833	1	1	6	0	0	0	2	17	236	5	25	20064	912	0	6	0	912
1301	12834	1	1	6	0	0	0	2	17	236	5	25	20064	912	0	6	0	912
1301	12836	1	1	6	0	0	0	2	18	77	4	26	20064	912	0	6	0	912
1301	12840	1	1	6	0	0	0	2	18	77	4	26	20064	912	0	6	0	912
1301	12848	1	1	6	0	0	0	2	18	77	4	26	20064	912	0	6	0	912
1301	12865	1	1	6	0	0	0	2	17	236	5	25	20064	912	0	6	0	912
1301	12866	1	1	6	0	0	0	2	17	236	5	25	20064	912	0	6	0	912
1301	12868	1	1	6	0	0	0	2	18	77	4	26	20064	912	0	6	0	912
1301	12872	1	1	6	0	0	0	2	18	77	4	26	20064	912	0	6	0	912
1301	12880	1	1	6	0	0	0	2	18	77	4	26	20064	912	0	6	0	912
1301	12896	0	1	7	0	0	0	3	17	94	5	27	20064	896	0	7	0	896
1301	12929	2	5	5	1	0	0	3	17	77	4	25	20064	944	0	5	0	896,912,928,944,960
1301	12930	2	5	5	1	0	0	3	17	77	4	25	20064	944	0	5	0	896,912,928,944,960
1301	12932	2	6	5	1	0	0	4	20	13	3	26	20064	944	0	5	0	588,896,912,928,944,960
1301	12936	2	6	5	1	0	0	4	20	13	3	26	20064	944	0	5	0	588,896,912,928,944,960
1301	12944	2	6	5	1	0	0	4	20	13	3	26	20064	944	0	5	0	588,896,912,928,944,960
1301	12960	1	2	6	0	0	0	3	17	94	5	27	20064	928	0	6	0	896,928
1301	12992	1	2	6	0	0	0	3	17	94	5	27	20064	928	0	6	0	896,928
1301	13057	2	5	5	1	0	0	3	17	77	4	25	20064	944	0	5	0	896,912,928,944,960
1301	13058	2	5	5	1	0	0	3	17	77	4	25	20064	944	0	5	0	896,912,928,944,960
1301	13060	2	6	5	1	0	0	4	20	13	3	26	20064	944	0	5	0	588,896,912,928,944,960
1301	13064	2	6	5	1	0	0	4	20	13	3	26	20064	944	0	5	0	588,896,912,928,944,960
1301	13072	2	6	5	1	0	0	4	20	13	3	26	20064	944	0	5	0	588,896,912,928,944,960
1301	13088	1	2	6	0	0	0	3	17	94	5	27	20064	928	0	6	0	896,928
1301	13120	1	2	6	0	0	0	3	17	94	5	27	20064	928	0	6	0	896,928
1301	13184	0	1	7	0	0	0	1	21	11	3	27	32256	896	0	7	0	896
1301	13315	2	2	5	1	0	0	2	18	11	3	24	20064	920	0	5	0	864,920
1301	13317	2	1	5	1	0	0	2	17	86	4	25	20064	920	0	5	0	920
1301	13318	2	1	5	1	0	0	2	17	86	4	25	20064	920	0	5	0	920
1301	13321	2	1	5	1	0	0	2	17	86	4	25	20064	920	0	5	0	920
1301	13322	2	1	5	1	0	0	2	17	86	4	25	20064	920	0	5	0	920
1301	13324	2	1	5	1	0	0	2	16	94	5	26	20064	920	0	5	0	920
1301	13329	2	1	5	1	0	0	2	17	86	4	25	20064	920	0	5	0	920
1301	13330	2	1	5	1	0	0	2	17	86	4	25	20064	920	0	5	0	920
1301	13332	2	1	5	1	0	0	2	16	94	5	26	20064	920	0	5	0	920
1301	13336	2	1	5	1	0	0	2	16	94	5	26	20064	920	0	5	0	920
1301	13345	1	1	6	0	0	0	2	18	77	4	26	20064	912	0	6	0	912
1301	13346	1	1	6	0	0	0	2	18	77	4	26	20064	912	0	6	0	912
1301	13348	1	1	6	0	0	0	2	19	236	5	27	20064	912	0	6	0	912
1301	13352	1	1	6	0	0	0	2	19	236	5	27	20064	912	0	6	0	912
1301	13360	1	1	6	0	0	0	2	19	236	5	27	20064	912	0	6	0	912
1301	13377	1	1	6	0	0	0	2	18	77	4	26	20064	912	0	6	0	912
1301	13378	1	1	6	0	0	0	2	18	77	4	26	20064	912	0	6	0	912
1301	13380	1	1	6	0	0	0	2	19	236	5	27	20064	912	0	6	0	912
1301	13384	1	1	6	0	0	0	2	19	236	5	27	20064	912	0	6	0	912
1301	13392	1	1	6	0	0	0	2	19	236	5	27	20064	912	0	6	0	912
1301	13408	0	1	7	0	0	0	3	18	94	5	28	20064	896	0	7	0	896
1301	13441	2	7	5	1	0	0	3	20	13	3	26	20064	944	0	5	0	190,832,896,912,928,944,960
1301	13442	2	7	5	1	0	0	3	20	13	3	26	20064	944	0	5	0	190,832,896,912,928,944,960
1301	13444	2	5	5	1	0	0	3	19	77	4	27	20064	944	0	5	0	896,912,928,944,960
1301	13448	2	5	5	1	0	0	3	19	77	4	27	20064	944	0	5	0	896,912,928,944,960
1301	13456	2	5	5	1	0	0	3	19	77	4	27	20064	944	0	5	0	896,912,928,944,960
1301	13472	1	2	6	0	0	0	3	18	94	5	28	20064	928	0	6	0	896,928
1301	13504	1	2	6	0	0	0	3	18	94	5	28	20064	928	0	6	0	896,928
1301	13569	2	7	5	1	0	0	3	20	13	3	26	20064	944	0	5	0	190,832,896,912,928,944,960
1301	13570	2	7	5	1	0	0	3	20	13	3	26	20064	944	0	5	0	190,832,896,912,928,944,960
1301	13572	2	5	5	1	0	0	3	19	77	4	27	20064	944	0	5	0	896,912,928,944,960
1301	13576	2	5	5	1	0	0	3	19	77	4	27	20064	944	0	5	0	896,912,928,944,960
1301	13584	2	5	5	1	0	0	3	19	77	4	27	20064	944	0	5	0	896,912,928,944,960
1301	13600	1	2	6	0	0	0	3	18	94	5	28	20064	928	0	6	0	896,928
1301	13632	1	2	6	0	0	0	3	18	94	5	28	20064	928	0	6	0	896,928
1301	13696	0	1	7	0	0	0	1	22	11	3	28	32256	896	0	7	0	896
1301	13825	2	2	5	1	0	0	2	18	86	4	26	20064	816	0	5	0	816,960
1301	13826	2	2	5	1	0	0	2	18	86	4	26	20064	816	0	5	0	816,960
1301	13828	2	6	5	1	0	0	3	19	86	4	27	20064	816	0	5	0	704,708,712,716,816,960
1301	13832	2	6	5	1	0	0	3	19	86	4	27	20064	816	0	5	0	704,708,712,716,816,960
1301	13840	2	6	5	1	0	0	3	19	86	4	27	20064	816	0	5	0	704,708,712,716,816,960
1301	13856	1	1	6	0	0	0	2	20	86	4	28	20064	800	0	6	0	800
1301	13888	1	1	6	0	0	0	2	20	86	4	28	20064	800	0	6	0	800
1301	13952	1	1	6	0	1	1	0	20	86	4	28	32256	896	256	5	1	896
1301	14080	1	1	6	0	1	1	0	20	86	4	28	32256	896	128	5	1	896
1301	14339	2	2	5	1	0	0	2	18	11	3	24	20064	920	0	5	0	864,920
1301	14341	2	1	5	1	0	0	2	17	86	4	25	20064	920	0	5	0	920
1301	14342	2	1	5	1	0	0	2	17	86	4	25	20064	920	0	5	0	920
1301	14345	2	1	5	1	0	0	2	17	86	4	25	20064	920	0	5	0	920
1301	14346	2	1	5	1	0	0	2	17	86	4	25	20064	920	0	5	0	920
1301	14348	2	1	5	1	0	0	2	16	94	5	26	20064	920	0	5	0	920
1301	14353	2	1	5	1	0	0	2	17	86	4	25	20064	920	0	5	0	920
1301	14354	2	1	5	1	0	0	2	17	86	4	25	20064	920	0	5	0	920
1301	14356	2	1	5	1	0	0	2	16	94	5	26	20064	920	0	5	0	920
1301	14360	2	1	5	1	0	0	2	16	94	5	26	20064	920	0	5	0	920
1301	14369	1	1	6	0	0	0	2	18	77	4	26	20064	912	0	6	0	912
1301	14370	1	1	6	0	0	0	2	18	77	4	26	20064	912	0	6	0	912
1301	14372	1	1	6	0	0	0	2	19	236	5	27	20064	912	0	6	0	912
1301	14376	1	1	6	0	0	0	2	19	236	5	27	20064	912	0	6	0	912
1301	14384	1	1	6	0	0	0	2	19	236	5	27	20064	912	0	6	0	912
1301	14401	1	1	6	0	0	0	2	18	77	4	26	20064	912	0	6	0	912
1301	14402	1	1	6	0	0	0	2	18	77	4	26	20064	912	0	6	0	912
1301	14404	1	1	6	0	0	0	2	19	236	5	27	20064	912	0	6	0	912
1301	14408	1	1	6	0	0	0	2	19	236	5	27	20064	912	0	6	0	912
1301	14416	1	1	6	0	0	0	2	19	236	5	27	20064	912	0	6	0	912
1301	14432	0	1	7	0	0	0	3	18	94	5	28	20064	896	0	7	0	896
1301	14465	2	7	5	1	0	0	3	20	13	3	26	20064	944	0	5	0	190,832,896,912,928,944,960
1301	14466	2	7	5	1	0	0	3	20	13	3	26	20064	944	0	5	0	190,832,896,912,928,944,960
1301	14468	2	5	5	1	0	0	3	19	77	4	27	20064	944	0	5	0	896,912,928,944,960
1301	14472	2	5	5	1	0	0	3	19	77	4	27	20064	944	0	5	0	896,912,928,944,960
1301	14480	2	5	5	1	0	0	3	19	77	4	27	20064	944	0	5	0	896,912,928,944,960
1301	14496	1	2	6	0	0	0	3	18	94	5	28	20064	928	0	6	0	896,928
1301	14528	1	2	6	0	0	0	3	18	94	5	28	20064	928	0	6	0	896,928
1301	14593	2	7	5	1	0	0	3	20	13	3	26	20064	944	0	5	0	190,832,896,912,928,944,960
1301	14594	2	7	5	1	0	0	3	20	13	3	26	20064	944	0	5	0	190,832,896,912,928,944,960
1301	14596	2	5	5	1	0	0	3	19	77	4	27	20064	944	0	5	0	896,912,928,944,960
1301	14600	2	5	5	1	0	0	3	19	77	4	27	20064	944	0	5	0	896,912,928,944,960
1301	14608	2	5	5	1	0	0	3	19	77	4	27	20064	944	0	5	0	896,912,928,944,960
1301	14624	1	2	6	0	0	0	3	18	94	5	28	20064	928	0	6	0	896,928
1301	14656	1	2	6	0	0	0	3	18	94	5	28	20064	928	0	6	0	896,928
1301	14720	0	1	7	0	0	0	1	22	11	3	28	32256	896	0	7	0	896
1301	14849	2	2	5	1	0	0	2	18	86	4	26	20064	816	0	5	0	816,960
1301	14850	2	2	5	1	0	0	2	18	86	4	26	20064	816	0	5	0	816,960
1301	14852	2	6	5	1	0	0	3	19	86	4	27	20064	816	0	5	0	704,708,712,716,816,960
1301	14856	2	6	5	1	0	0	3	19	86	4	27	20064	816	0	5	0	704,708,712,716,816,960
1301	14864	2	6	5	1	0	0	3	19	86	4	27	20064	816	0	5	0	704,708,712,716,816,960
1301	14880	1	1	6	0	0	0	2	20	86	4	28	20064	800	0	6	0	800
1301	14912	1	1	6	0	0	0	2	20	86	4	28	20064	800	0	6	0	800
1301	14976	1	1	6	0	1	1	0	20	86	4	28	32256	896	256	5	1	896
1301	15104	1	1	6	0	1	1	0	20	86	4	28	32256	896	128	5	1	896
1301	15361	1	2	6	0	1	3	0	21	11	3	27	32256	704	896	3	3	318,704
1301	15362	1	2	6	0	1	3	0	21	11	3	27	32256	704	896	3	3	318,704
1301	15364	2	6	5	1	0	0	2	18	94	5	28	20064	816	0	5	0	316,318,704,706,816,960
1301	15368	2	6	5	1	0	0	2	18	94	5	28	20064	816	0	5	0	316,318,704,706,816,960
1301	15376	2	6	5	1	0	0	2	18	94	5	28	20064	816	0	5	0	316,318,704,706,816,960
1301	15392	1	1	6	0	0	0	2	21	77	4	29	20064	800	0	6	0	800
1301	15424	1	1	6	0	0	0	2	21	77	4	29	20064	800	0	6	0	800
1301	15488	1	1	6	0	1	1	0	21	30	4	29	32256	896	256	5	1	896
1301	15616	1	1	6	0	1	1	0	21	30	4	29	32256	896	128	5	1	896
1301	15872	0	1	7	0	2	2	0	23	76	3	29	32256	896	384	3	4	896
1301	16399	1	1	6	0	0	0	1	13	75	4	21	20064	230	0	6	0	230
1301	16407	1	1	6	0	0	0	1	13	75	4	21	20064	230	0	6	0	230
1301	16411	1	1	6	0	0	0	1	13	75	4	21	20064	230	0	6	0	230
1301	16413	1	2	6	0	0	0	1	14	75	4	22	20064	230	0	6	0	230,792
1301	16414	1	2	6	0	0	0	1	14	75	4	22	20064	230	0	6	0	230,792
1301	16423	2	2	5	1	0	0	2	14	75	4	22	20064	228	0	5	0	228,484
1301	16427	2	2	5	1	0	0	2	14	75	4	22	20064	228	0	5	0	228,484
1301	16429	2	2	5	1	0	0	1	15	75	4	23	20064	228	0	5	0	228,794
1301	16430	2	2	5	1	0	0	1	15	75	4	23	20064	228	0	5	0	228,794
1301	16435	2	2	5	1	0	0	2	14	75	4	22	20064	228	0	5	0	228,484
1301	16437	2	2	5	1	0	0	1	15	75	4	23	20064	228	0	5	0	228,794
1301	16438	2	2	5	1	0	0	1	15	75	4	23	20064	228	0	5	0	228,794
1301	16441	2	2	5	1	0	0	1	15	75	4	23	20064	228	0	5	0	228,794
1301	16442	2	2	5	1	0	0	1	15	75	4	23	20064	228	0	5	0	228,794
1301	16444	2	4	5	1	0	0	1	16	75	4	24	20064	228	0	5	0	228,230,792,794
1301	16455	2	2	5	1	0	0	2	14	75	4	22	20064	228	0	5	0	228,484
1301	16459	2	2	5	1	0	0	2	14	75	4	22	20064	228	0	5	0	228,484
1301	16461	2	2	5	1	0	0	1	15	75	4	23	20064	228	0	5	0	228,794
1301	16462	2	2	5	1	0	0	1	15	75	4	23	20064	228	0	5	0	228,794
1301	16467	2	2	5	1	0	0	2	14	75	4	22	20064	228	0	5	0	228,484
1301	16469	2	2	5	1	0	0	1	15	75	4	23	20064	228	0	5	0	228,794
1301	16470	2	2	5	1	0	0	1	15	75	4	23	20064	228	0	5	0	228,794
1301	16473	2	2	5	1	0	0	1	15	75	4	23	20064	228	0	5	0	228,794
1301	16474	2	2	5	1	0	0	1	15	75	4	23	20064	228	0	5	0	228,794
1301	16476	2	4	5	1	0	0	1	16	75	4	24	20064	228	0	5	0	228,230,792,794
1301	16483	1	1	6	0	0	0	1	15	75	4	23	24160	480	0	6	0	480
1301	16485	2	3	5	1	0	0	2	16	75	4	24	24160	480	0	5	0	480,542,574
1301	16486	2	3	5	1	0	0	2	16	75	4	24	24160	480	0	5	0	480,542,574
1301	16489	2	3	5	1	0	0	2	16	75	4	24	24160	480	0	5	0	480,542,574
1301	16490	2	3	5	1	0	0	2	16	75	4	24	24160	480	0	5	0	480,542,574
1301	16492	2	1	5	1	0	0	1	17	75	4	25	25500	572	0	5	0	572
1301	16497	2	3	5	1	0	0	2	16	75	4	24	24160	480	0	5	0	480,542,574
1301	16498	2	3	5	1	0	0	2	16	75	4	24	24160	480	0	5	0	480,542,574
1301	16500	2	1	5	1	0	0	1	17	75	4	25	25500	572	0	5	0	572
1301	16504	2	1	5	1	0	0	1	17	75	4	25	25500	572	0	5	0	572
1301	16519	2	1	5	1	0	0	1	16	11	3	22	20064	236	0	5	0	236
1301	16523	2	1	5	1	0	0	1	16	11	3	22	20064	236	0	5	0	236
1301	16525	2	2	5	1	0	0	1	17	11	3	23	20064	236	0	5	0	236,786
1301	16526	2	2	5	1	0	0	1	17	11	3	23	20064	236	0	5	0	236,786
1301	16531	2	1	5	1	0	0	1	16	11	3	22	20064	236	0	5	0	236
1301	16533	2	2	5	1	0	0	1	17	11	3	23	20064	236	0	5	0	236,786
1301	16534	2	2	5	1	0	0	1	17	11	3	23	20064	236	0	5	0	236,786
1301	16537	2	2	5	1	0	0	1	17	11	3	23	20064	236	0	5	0	236,786
1301	16538	2	2	5	1	0	0	1	17	11	3	23	20064	236	0	5	0	236,786
1301	16540	2	5	5	1	0	0	1	18	11	3	24	20064	236	0	5	0	236,238,784,786,816
1301	16547	2	2	5	1	0	0	2	15	77	4	23	24160	488	0	5	0	456,488
1301	16549	2	1	5	1	0	0	1	16	77	4	24	25500	566	0	5	0	566
1301	16550	2	1	5	1	0	0	1	16	77	4	24	25500	566	0	5	0	566
1301	16553	2	1	5	1	0	0	1	16	77	4	24	25500	566	0	5	0	566
1301	16554	2	1	5	1	0	0	1	16	77	4	24	25500	566	0	5	0	566
1301	16556	2	1	5	1	0	0	1	17	77	4	25	25500	564	0	5	0	564
1301	16561	2	1	5	1	0	0	1	16	77	4	24	25500	566	0	5	0	566
1301	16562	2	1	5	1	0	0	1	16	77	4	24	25500	566	0	5	0	566
1301	16564	2	1	5	1	0	0	1	17	77	4	25	25500	564	0	5	0	564
1301	16568	2	1	5	1	0	0	1	17	77	4	25	25500	564	0	5	0	564
1301	16579	2	2	5	1	0	0	2	15	77	4	23	24160	488	0	5	0	456,488
1301	16581	2	1	5	1	0	0	1	16	77	4	24	25500	566	0	5	0	566
1301	16582	2	1	5	1	0	0	1	16	77	4	24	25500	566	0	5	0	566
1301	16585	2	1	5	1	0	0	1	16	77	4	24	25500	566	0	5	0	566
1301	16586	2	1	5	1	0	0	1	16	77	4	24	25500	566	0	5	0	566
1301	16588	2	1	5	1	0	0	1	17	77	4	25	25500	564	0	5	0	564
1301	16593	2	1	5	1	0	0	1	16	77	4	24	25500	566	0	5	0	566
1301	16594	2	1	5	1	0	0	1	16	77	4	24	25500	566	0	5	0	566
1301	16596	2	1	5	1	0	0	1	17	77	4	25	25500	564	0	5	0	564
1301	16600	2	1	5	1	0	0	1	17	77	4	25	25500	564	0	5	0	564
1301	16609	1	1	6	0	0	0	1	15	94	5	25	25500	574	0	6	0	574
1301	16610	1	1	6	0	0	0	1	15	94	5	25	25500	574	0	6	0	574
1301	16612	1	1	6	0	0	0	1	16	94	5	26	25500	572	0	6	0	572
1301	16616	1	1	6	0	0	0	1	16	94	5	26	25500	572	0	6	0	572
1301	16624	1	1	6	0	0	0	1	16	94	5	26	25500	572	0	6	0	572
1301	16647	2	1	5	1	0	0	1	16	11	3	22	20064	236	0	5	0	236
1301	16651	2	1	5	1	0	0	1	16	11	3	22	20064	236	0	5	0	236
1301	16653	2	2	5	1	0	0	1	17	11	3	23	20064	236	0	5	0	236,786
1301	16654	2	2	5	1	0	0	1	17	11	3	23	20064	236	0	5	0	236,786
1301	16659	2	1	5	1	0	0	1	16	11	3	22	20064	236	0	5	0	236
1301	16661	2	2	5	1	0	0	1	17	11	3	23	20064	236	0	5	0	236,786
1301	16662	2	2	5	1	0	0	1	17	11	3	23	20064	236	0	5	0	236,786
1301	16665	2	2	5	1	0	0	1	17	11	3	23	20064	236	0	5	0	236,786
1301	16666	2	2	5	1	0	0	1	17	11	3	23	20064	236	0	5	0	236,786
1301	16668	2	5	5	1	0	0	1	18	11	3	24	20064	236	0	5	0	236,238,784,786,816
1301	16675	2	2	5	1	0	0	2	15	77	4	23	24160	488	0	5	0	456,488
1301	16677	2	1	5	1	0	0	1	16	77	4	24	25500	566	0	5	0	566
1301	16678	2	1	5	1	0	0	1	16	77	4	24	25500	566	0	5	0	566
1301	16681	2	1	5	1	0	0	1	16	77	4	24	25500	566	0	5	0	566
1301	16682	2	1	5	1	0	0	1	16	77	4	24	25500	566	0	5	0	566
1301	16684	2	1	5	1	0	0	1	17	77	4	25	25500	564	0	5	0	564
1301	16689	2	1	5	1	0	0	1	16	77	4	24	25500	566	0	5	0	566
1301	16690	2	1	5	1	0	0	1	16	77	4	24	25500	566	0	5	0	566
1301	16692	2	1	5	1	0	0	1	17	77	4	25	25500	564	0	5	0	564
1301	16696	2	1	5	1	0	0	1	17	77	4	25	25500	564	0	5	0	564
1301	16707	2	2	5	1	0	0	2	15	77	4	23	24160	488	0	5	0	456,488
1301	16709	2	1	5	1	0	0	1	16	77	4	24	25500	566	0	5	0	566
1301	16710	2	1	5	1	0	0	1	16	77	4	24	25500	566	0	5	0	566
1301	16713	2	1	5	1	0	0	1	16	77	4	24	25500	566	0	5	0	566
1301	16714	2	1	5	1	0	0	1	16	77	4	24	25500	566	0	5	0	566
1301	16716	2	1	5	1	0	0	1	17	77	4	25	25500	564	0	5	0	564
1301	16721	2	1	5	1	0	0	1	16	77	4	24	25500	566	0	5	0	566
1301	16722	2	1	5	1	0	0	1	16	77	4	24	25500	566	0	5	0	566
1301	16724	2	1	5	1	0	0	1	17	77	4	25	25500	564	0	5	0	564
1301	16728	2	1	5	1	0	0	1	17	77	4	25	25500	564	0	5	0	564
1301	16737	1	1	6	0	0	0	1	15	94	5	25	25500	574	0	6	0	574
1301	16738	1	1	6	0	0	0	1	15	94	5	25	25500	574	0	6	0	574
1301	16740	1	1	6	0	0	0	1	16	94	5	26	25500	572	0	6	0	572
1301	16744	1	1	6	0	0	0	1	16	94	5	26	25500	572	0	6	0	572
1301	16752	1	1	6	0	0	0	1	16	94	5	26	25500	572	0	6	0	572
1301	16771	2	5	5	1	0	0	1	19	3	2	23	25500	551	0	5	0	448,456,464,472,960
1301	16773	2	4	5	1	0	0	1	20	3	2	24	25500	550	0	5	0	550,558,566,574
1301	16774	2	4	5	1	0	0	1	20	3	2	24	25500	550	0	5	0	550,558,566,574
1301	16777	2	4	5	1	0	0	1	20	3	2	24	25500	550	0	5	0	550,558,566,574
1301	16778	2	4	5	1	0	0	1	20	3	2	24	25500	550	0	5	0	550,558,566,574
1301	16780	2	5	5	1	0	0	1	21	3	2	25	25500	548	0	5	0	548,556,564,572,804
1301	16785	2	4	5	1	0	0	1	20	3	2	24	25500	550	0	5	0	550,558,566,574
1301	16786	2	4	5	1	0	0	1	20	3	2	24	25500	550	0	5	0	550,558,566,574
1301	16788	2	5	5	1	0	0	1	21	3	2	25	25500	548	0	5	0	548,556,564,572,804
1301	16792	2	5	5	1	0	0	1	21	3	2	25	25500	548	0	5	0	548,556,564,572,804
1301	16801	1	2	6	0	0	0	1	17	77	4	25	25500	558	0	6	0	558,574
1301	16802	1	2	6	0	0	0	1	17	77	4	25	25500	558	0	6	0	558,574
1301	16804	1	2	6	0	0	0	1	18	77	4	26	25500	556	0	6	0	556,572
1301	16808	1	2	6	0	0	0	1	18	77	4	26	25500	556	0	6	0	556,572
1301	16816	1	2	6	0	0	0	1	18	77	4	26	25500	556	0	6	0	556,572
1301	16833	1	2	6	0	0	0	1	17	77	4	25	25500	558	0	6	0	558,574
1301	16834	1	2	6	0	0	0	1	17	77	4	25	25500	558	0	6	0	558,574
1301	16836	1	2	6	0	0	0	1	18	77	4	26	25500	556	0	6	0	556,572
1301	16840	1	2	6	0	0	0	1	18	77	4	26	25500	556	0	6	0	556,572
1301	16848	1	2	6	0	0	0	1	18	77	4	26	25500	556	0	6	0	556,572
1301	16864	0	1	7	0	0	0	1	15	222	6	27	25500	572	0	7	0	572
1301	16903	2	2	5	1	0	0	3	12	94	5	22	20064	204	0	5	0	204,460
1301	16907	2	2	5	1	0	0	3	12	94	5	22	20064	204	0	5	0	204,460
1301	16909	1	1	6	0	1	1	0	15	77	4	23	20064	205	2	5	1	818
1301	16910	1	1	6	0	1	1	0	15	77	4	23	20064	205	1	5	1	818
1301	16915	2	2	5	1	0	0	3	12	94	5	22	20064	204	0	5	0	204,460
1301	16917	1	1	6	0	1	1	0	15	77	4	23	20064	205	2	5	1	818
1301	16918	1	1	6	0	1	1	0	15	77	4	23	20064	205	1	5	1	818
1301	16921	1	1	6	0	1	1	0	15	77	4	23	20064	205	2	5	1	818
1301	16922	1	1	6	0	1	1	0	15	77	4	23	20064	205	1	5	1	818
1301	16924	0	1	7	0	2	1	0	18	11	3	24	25500	816	4096	5	2	816
1301	16931	1	1	6	0	0	0	2	13	94	5	23	24160	456	0	6	0	456
1301	16933	1	1	6	0	0	0	1	16	77	4	24	25500	566	0	6	0	566
1301	16934	1	1	6	0	0	0	1	16	77	4	24	25500	566	0	6	0	566
1301	16937	1	1	6	0	0	0	1	16	77	4	24	25500	566	0	6	0	566
1301	16938	1	1	6	0	0	0	1	16	77	4	24	25500	566	0	6	0	566
1301	16940	1	2	6	0	0	0	1	19	11	3	25	25500	564	0	6	0	564,820
1301	16945	1	1	6	0	0	0	1	16	77	4	24	25500	566	0	6	0	566
1301	16946	1	1	6	0	0	0	1	16	77	4	24	25500	566	0	6	0	566
1301	16948	1	2	6	0	0	0	1	19	11	3	25	25500	564	0	6	0	564,820
1301	16952	1	2	6	0	0	0	1	19	11	3	25	25500	564	0	6	0	564,820
1301	16963	1	1	6	0	0	0	2	13	94	5	23	24160	456	0	6	0	456
1301	16965	1	1	6	0	0	0	1	16	77	4	24	25500	566	0	6	0	566
1301	16966	1	1	6	0	0	0	1	16	77	4	24	25500	566	0	6	0	566
1301	16969	1	1	6	0	0	0	1	16	77	4	24	25500	566	0	6	0	566
1301	16970	1	1	6	0	0	0	1	16	77	4	24	25500	566	0	6	0	566
1301	16972	1	2	6	0	0	0	1	19	11	3	25	25500	564	0	6	0	564,820
1301	16977	1	1	6	0	0	0	1	16	77	4	24	25500	566	0	6	0	566
1301	16978	1	1	6	0	0	0	1	16	77	4	24	25500	566	0	6	0	566
1301	16980	1	2	6	0	0	0	1	19	11	3	25	25500	564	0	6	0	564,820
1301	16984	1	2	6	0	0	0	1	19	11	3	25	25500	564	0	6	0	564,820
1301	16993	0	1	7	0	0	0	1	17	77	4	25	25500	574	0	7	0	574
1301	16994	0	1	7	0	0	0	1	17	77	4	25	25500	574	0	7	0	574
1301	16996	0	1	7	0	0	0	1	20	11	3	26	25500	572	0	7	0	572
1301	17000	0	1	7	0	0	0	1	20	11	3	26	25500	572	0	7	0	572
1301	17008	0	1	7	0	0	0	1	20	11	3	26	25500	572	0	7	0	572
1301	17027	2	1	5	1	0	0	2	13	94	5	23	24160	472	0	5	0	472
1301	17029	2	2	5	1	0	0	1	16	86	4	24	25500	550	0	5	0	550,806
1301	17030	2	2	5	1	0	0	1	16	86	4	24	25500	550	0	5	0	550,806
1301	17033	2	2	5	1	0	0	1	16	86	4	24	25500	550	0	5	0	550,806
1301	17034	2	2	5	1	0	0	1	16	86	4	24	25500	550	0	5	0	550,806
1301	17036	1	1	6	0	1	1	0	19	76	3	25	25500	804	4096	5	1	804
1301	17041	2	2	5	1	0	0	1	16	86	4	24	25500	550	0	5	0	550,806
1301	17042	2	2	5	1	0	0	1	16	86	4	24	25500	550	0	5	0	550,806
1301	17044	1	1	6	0	1	1	0	19	76	3	25	25500	804	4096	5	1	804
1301	17048	1	1	6	0	1	1	0	19	76	3	25	25500	804	4096	5	1	804
1301	17057	1	1	6	0	0	0	1	17	236	5	25	25500	558	0	6	0	558
1301	17058	1	1	6	0	0	0	1	17	236	5	25	25500	558	0	6	0	558
1301	17060	1	1	6	0	0	0	1	18	86	4	26	25500	556	0	6	0	556
1301	17064	1	1	6	0	0	0	1	18	86	4	26	25500	556	0	6	0	556
1301	17072	1	1	6	0	0	0	1	18	86	4	26	25500	556	0	6	0	556
1301	17089	1	1	6	0	0	0	1	17	236	5	25	25500	558	0	6	0	558
1301	17090	1	1	6	0	0	0	1	17	236	5	25	25500	558	0	6	0	558
1301	17092	1	1	6	0	0	0	1	18	86	4	26	25500	556	0	6	0	556
1301	17096	1	1	6	0	0	0	1	18	86	4	26	25500	556	0	6	0	556
1301	17104	1	1	6	0	0	0	1	18	86	4	26	25500	556	0	6	0	556
1301	17120	0	1	7	0	0	0	1	17	94	5	27	25500	572	0	7	0	572
1301	17155	2	1	5	1	0	0	2	13	94	5	23	24160	472	0	5	0	472
1301	17157	2	2	5	1	0	0	1	16	86	4	24	25500	550	0	5	0	550,806
1301	17158	2	2	5	1	0	0	1	16	86	4	24	25500	550	0	5	0	550,806
1301	17161	2	2	5	1	0	0	1	16	86	4	24	25500	550	0	5	0	550,806
1301	17162	2	2	5	1	0	0	1	16	86	4	24	25500	550	0	5	0	550,806
1301	17164	1	1	6	0	1	1	0	19	76	3	25	25500	804	4096	5	1	804
1301	17169	2	2	5	1	0	0	1	16	86	4	24	25500	550	0	5	0	550,806
1301	17170	2	2	5	1	0	0	1	16	86	4	24	25500	550	0	5	0	550,806
1301	17172	1	1	6	0	1	1	0	19	76	3	25	25500	804	4096	5	1	804
1301	17176	1	1	6	0	1	1	0	19	76	3	25	25500	804	4096	5	1	804
1301	17185	1	1	6	0	0	0	1	17	236	5	25	25500	558	0	6	0	558
1301	17186	1	1	6	0	0	0	1	17	236	5	25	25500	558	0	6	0	558
1301	17188	1	1	6	0	0	0	1	18	86	4	26	25500	556	0	6	0	556
1301	17192	1	1	6	0	0	0	1	18	86	4	26	25500	556	0	6	0	556
1301	17200	1	1	6	0	0	0	1	18	86	4	26	25500	556	0	6	0	556
1301	17217	1	1	6	0	0	0	1	17	236	5	25	25500	558	0	6	0	558
1301	17218	1	1	6	0	0	0	1	17	236	5	25	25500	558	0	6	0	558
1301	17220	1	1	6	0	0	0	1	18	86	4	26	25500	556	0	6	0	556
1301	17224	1	1	6	0	0	0	1	18	86	4	26	25500	556	0	6	0	556
1301	17232	1	1	6	0	0	0	1	18	86	4	26	25500	556	0	6	0	556
1301	17248	0	1	7	0	0	0	1	17	94	5	27	25500	572	0	7	0	572
1301	17281	2	5	5	1	0	0	2	17	77	4	25	25500	526	0	5	0	526,542,558,574,960
1301	17282	2	5	5	1	0	0	2	17	77	4	25	25500	526	0	5	0	526,542,558,574,960
1301	17284	2	6	5	1	0	0	2	20	76	3	26	25500	524	0	5	0	524,540,556,572,780,960
1301	17288	2	6	5	1	0	0	2	20	76	3	26	25500	524	0	5	0	524,540,556,572,780,960
1301	17296	2	6	5	1	0	0	2	20	76	3	26	25500	524	0	5	0	524,540,556,572,780,960
1301	17312	1	2	6	0	0	0	1	17	94	5	27	25500	540	0	6	0	540,572
1301	17344	1	2	6	0	0	0	1	17	94	5	27	25500	540	0	6	0	540,572
1301	17415	2	4	5	1	0	0	1	15	77	4	23	20064	204	0	5	0	204,206,816,818
1301	17419	2	4	5	1	0	0	1	15	77	4	23	20064	204	0	5	0	204,206,816,818
1301	17421	2	4	5	1	0	0	1	14	94	5	24	20064	204	0	5	0	204,206,816,818
1301	17422	2	4	5	1	0	0	1	14	94	5	24	20064	204	0	5	0	204,206,816,818
1301	17427	2	4	5	1	0	0	1	15	77	4	23	20064	204	0	5	0	204,206,816,818
1301	17429	2	4	5	1	0	0	1	14	94	5	24	20064	204	0	5	0	204,206,816,818
1301	17430	2	4	5	1	0	0	1	14	94	5	24	20064	204	0	5	0	204,206,816,818
1301	17433	2	4	5	1	0	0	1	14	94	5	24	20064	204	0	5	0	204,206,816,818
1301	17434	2	4	5	1	0	0	1	14	94	5	24	20064	204	0	5	0	204,206,816,818
1301	17436	2	4	5	1	0	0	1	13	222	6	25	20064	204	0	5	0	204,206,816,818
1301	17443	2	1	5	1	0	0	1	18	11	3	24	24160	456	0	5	0	456
1301	17445	3	12	4	1	0	0	3	17	77	4	25	20064	200	0	4	0	200,202,204,206,456,566,590,630,816,818,820,822
1301	17446	3	12	4	1	0	0	3	17	77	4	25	20064	200	0	4	0	200,202,204,206,456,566,590,630,816,818,820,822
1301	17449	3	12	4	1	0	0	3	17	77	4	25	20064	200	0	4	0	200,202,204,206,456,566,590,630,816,818,820,822
1301	17450	3	12	4	1	0	0	3	17	77	4	25	20064	200	0	4	0	200,202,204,206,456,566,590,630,816,818,820,822
1301	17452	3	12	4	1	0	0	2	16	94	5	26	20064	200	0	4	0	200,202,204,206,588,628,712,716,816,818,820,822
1301	17457	3	12	4	1	0	0	3	17	77	4	25	20064	200	0	4	0	200,202,204,206,456,566,590,630,816,818,820,822
1301	17458	3	12	4	1	0	0	3	17	77	4	25	20064	200	0	4	0	200,202,204,206,456,566,590,630,816,818,820,822
1301	17460	3	12	4	1	0	0	2	16	94	5	26	20064	200	0	4	0	200,202,204,206,588,628,712,716,816,818,820,822
1301	17464	3	12	4	1	0	0	2	16	94	5	26	20064	200	0	4	0	200,202,204,206,588,628,712,716,816,818,820,822
1301	17475	2	1	5	1	0	0	1	18	11	3	24	24160	456	0	5	0	456
1301	17477	3	12	4	1	0	0	3	17	77	4	25	20064	200	0	4	0	200,202,204,206,456,566,590,630,816,818,820,822
1301	17478	3	12	4	1	0	0	3	17	77	4	25	20064	200	0	4	0	200,202,204,206,456,566,590,630,816,818,820,822
1301	17481	3	12	4	1	0	0	3	17	77	4	25	20064	200	0	4	0	200,202,204,206,456,566,590,630,816,818,820,822
1301	17482	3	12	4	1	0	0	3	17	77	4	25	20064	200	0	4	0	200,202,204,206,456,566,590,630,816,818,820,822
1301	17484	3	12	4	1	0	0	2	16	94	5	26	20064	200	0	4	0	200,202,204,206,588,628,712,716,816,818,820,822
1301	17489	3	12	4	1	0	0	3	17	77	4	25	20064	200	0	4	0	200,202,204,206,456,566,590,630,816,818,820,822
1301	17490	3	12	4	1	0	0	3	17	77	4	25	20064	200	0	4	0	200,202,204,206,456,566,590,630,816,818,820,822
1301	17492	3	12	4	1	0	0	2	16	94	5	26	20064	200	0	4	0	200,202,204,206,588,628,712,716,816,818,820,822
1301	17496	3	12	4	1	0	0	2	16	94	5	26	20064	200	0	4	0	200,202,204,206,588,628,712,716,816,818,820,822
1301	17505	2	7	5	1	0	0	3	20	11	3	26	24160	448	0	5	0	448,574,590,606,622,638,960
1301	17506	2	7	5	1	0	0	3	20	11	3	26	24160	448	0	5	0	448,574,590,606,622,638,960
1301	17508	2	5	5	1	0	0	2	19	77	4	27	25500	636	0	5	0	588,604,620,636,960
1301	17512	2	5	5	1	0	0	2	19	77	4	27	25500	636	0	5	0	588,604,620,636,960
1301	17520	2	5	5	1	0	0	2	19	77	4	27	25500	636	0	5	0	588,604,620,636,960
1301	17539	2	1	5	1	1	2	0	18	76	3	24	32256	928	768	3	2	928
1301	17541	3	12	4	1	0	0	2	17	86	4	25	20064	216	0	4	0	94,216,218,220,222,606,614,800,802,804,806,928
1301	17542	3	12	4	1	0	0	2	17	86	4	25	20064	216	0	4	0	94,216,218,220,222,606,614,800,802,804,806,928
1301	17545	3	12	4	1	0	0	2	17	86	4	25	20064	216	0	4	0	94,216,218,220,222,606,614,800,802,804,806,928
1301	17546	3	12	4	1	0	0	2	17	86	4	25	20064	216	0	4	0	94,216,218,220,222,606,614,800,802,804,806,928
1301	17548	3	12	4	1	0	0	2	16	94	5	26	20064	216	0	4	0	216,218,220,222,604,612,800,802,804,806,864,868
1301	17553	3	12	4	1	0	0	2	17	86	4	25	20064	216	0	4	0	94,216,218,220,222,606,614,800,802,804,806,928
1301	17554	3	12	4	1	0	0	2	17	86	4	25	20064	216	0	4	0	94,216,218,220,222,606,614,800,802,804,806,928
1301	17556	3	12	4	1	0	0	2	16	94	5	26	20064	216	0	4	0	216,218,220,222,604,612,800,802,804,806,864,868
1301	17560	3	12	4	1	0	0	2	16	94	5	26	20064	216	0	4	0	216,218,220,222,604,612,800,802,804,806,864,868
1301	17569	2	2	5	1	0	0	1	18	86	4	26	25500	622	0	5	0	606,622
1301	17570	2	2	5	1	0	0	1	18	86	4	26	25500	622	0	5	0	606,622
1301	17572	2	2	5	1	0	0	1	19	236	5	27	25500	620	0	5	0	604,620
1301	17576	2	2	5	1	0	0	1	19	236	5	27	25500	620	0	5	0	604,620
1301	17584	2	2	5	1	0	0	1	19	236	5	27	25500	620	0	5	0	604,620
1301	17601	2	2	5	1	0	0	1	18	86	4	26	25500	622	0	5	0	606,622
1301	17602	2	2	5	1	0	0	1	18	86	4	26	25500	622	0	5	0	606,622
1301	17604	2	2	5	1	0	0	1	19	236	5	27	25500	620	0	5	0	604,620
1301	17608	2	2	5	1	0	0	1	19	236	5	27	25500	620	0	5	0	604,620
1301	17616	2	2	5	1	0	0	1	19	236	5	27	25500	620	0	5	0	604,620
1301	17632	1	2	6	0	0	0	1	18	94	5	28	25500	636	0	6	0	604,636
1301	17667	2	1	5	1	1	2	0	18	76	3	24	32256	928	640	3	2	928
1301	17669	3	12	4	1	0	0	2	17	86	4	25	20064	216	0	4	0	94,216,218,220,222,606,614,800,802,804,806,928
1301	17670	3	12	4	1	0	0	2	17	86	4	25	20064	216	0	4	0	94,216,218,220,222,606,614,800,802,804,806,928
1301	17673	3	12	4	1	0	0	2	17	86	4	25	20064	216	0	4	0	94,216,218,220,222,606,614,800,802,804,806,928
1301	17674	3	12	4	1	0	0	2	17	86	4	25	20064	216	0	4	0	94,216,218,220,222,606,614,800,802,804,806,928
1301	17676	3	12	4	1	0	0	2	16	94	5	26	20064	216	0	4	0	216,218,220,222,604,612,800,802,804,806,864,868
1301	17681	3	12	4	1	0	0	2	17	86	4	25	20064	216	0	4	0	94,216,218,220,222,606,614,800,802,804,806,928
1301	17682	3	12	4	1	0	0	2	17	86	4	25	20064	216	0	4	0	94,216,218,220,222,606,614,800,802,804,806,928
1301	17684	3	12	4	1	0	0	2	16	94	5	26	20064	216	0	4	0	216,218,220,222,604,612,800,802,804,806,864,868
1301	17688	3	12	4	1	0	0	2	16	94	5	26	20064	216	0	4	0	216,218,220,222,604,612,800,802,804,806,864,868
1301	17697	2	2	5	1	0	0	1	18	86	4	26	25500	622	0	5	0	606,622
1301	17698	2	2	5	1	0	0	1	18	86	4	26	25500	622	0	5	0	606,622
1301	17700	2	2	5	1	0	0	1	19	236	5	27	25500	620	0	5	0	604,620
1301	17704	2	2	5	1	0	0	1	19	236	5	27	25500	620	0	5	0	604,620
1301	17712	2	2	5	1	0	0	1	19	236	5	27	25500	620	0	5	0	604,620
1301	17729	2	2	5	1	0	0	1	18	86	4	26	25500	622	0	5	0	606,622
1301	17730	2	2	5	1	0	0	1	18	86	4	26	25500	622	0	5	0	606,622
1301	17732	2	2	5	1	0	0	1	19	236	5	27	25500	620	0	5	0	604,620
1301	17736	2	2	5	1	0	0	1	19	236	5	27	25500	620	0	5	0	604,620
1301	17744	2	2	5	1	0	0	1	19	236	5	27	25500	620	0	5	0	604,620
1301	17760	1	2	6	0	0	0	1	18	94	5	28	25500	636	0	6	0	604,636
1301	17793	2	7	5	1	0	0	2	20	76	3	26	25500	590	0	5	0	126,590,606,622,638,896,960
1301	17794	2	7	5	1	0	0	2	20	76	3	26	25500	590	0	5	0	126,590,606,622,638,896,960
1301	17796	2	5	5	1	0	0	2	19	77	4	27	25500	588	0	5	0	588,604,620,636,960
1301	17800	2	5	5	1	0	0	2	19	77	4	27	25500	588	0	5	0	588,604,620,636,960
1301	17808	2	5	5	1	0	0	2	19	77	4	27	25500	588	0	5	0	588,604,620,636,960
1301	17824	1	2	6	0	0	0	1	18	94	5	28	25500	604	0	6	0	604,636
1301	17856	1	2	6	0	0	0	1	18	94	5	28	25500	604	0	6	0	604,636
1301	17923	2	1	5	1	0	0	2	16	30	4	24	24160	408	0	5	0	408
1301	17925	2	5	5	1	0	0	1	17	86	4	25	25500	614	0	5	0	614,864,866,868,870
1301	17926	2	5	5	1	0	0	1	17	86	4	25	25500	614	0	5	0	614,864,866,868,870
1301	17929	2	5	5	1	0	0	1	17	86	4	25	25500	614	0	5	0	614,864,866,868,870
1301	17930	2	5	5	1	0	0	1	17	86	4	25	25500	614	0	5	0	614,864,866,868,870
1301	17932	1	2	6	0	1	1	0	18	30	4	26	25500	868	4096	5	1	864,868
1301	17937	2	5	5	1	0	0	1	17	86	4	25	25500	614	0	5	0	614,864,866,868,870
1301	17938	2	5	5	1	0	0	1	17	86	4	25	25500	614	0	5	0	614,864,866,868,870
1301	17940	1	2	6	0	1	1	0	18	30	4	26	25500	868	4096	5	1	864,868
1301	17944	1	2	6	0	1	1	0	18	30	4	26	25500	868	4096	5	1	864,868
1301	17953	1	1	6	0	0	0	1	20	13	3	26	25500	622	0	6	0	622
1301	17954	1	1	6	0	0	0	1	20	13	3	26	25500	622	0	6	0	622
1301	17956	1	1	6	0	0	0	1	21	13	3	27	25500	620	0	6	0	620
1301	17960	1	1	6	0	0	0	1	21	13	3	27	25500	620	0	6	0	620
1301	17968	1	1	6	0	0	0	1	21	13	3	27	25500	620	0	6	0	620
1301	17985	1	1	6	0	0	0	1	20	13	3	26	25500	622	0	6	0	622
1301	17986	1	1	6	0	0	0	1	20	13	3	26	25500	622	0	6	0	622
1301	17988	1	1	6	0	0	0	1	21	13	3	27	25500	620	0	6	0	620
1301	17992	1	1	6	0	0	0	1	21	13	3	27	25500	620	0	6	0	620
1301	18000	1	1	6	0	0	0	1	21	13	3	27	25500	620	0	6	0	620
1301	18016	0	1	7	0	0	0	1	24	3	2	28	25500	636	0	7	0	636
1301	18049	2	2	5	1	0	0	1	18	86	4	26	25500	590	0	5	0	590,960
1301	18050	2	2	5	1	0	0	1	18	86	4	26	25500	590	0	5	0	590,960
1301	18052	2	6	5	1	0	0	1	19	86	4	27	25500	588	0	5	0	588,832,836,840,844,960
1301	18056	2	6	5	1	0	0	1	19	86	4	27	25500	588	0	5	0	588,832,836,840,844,960
1301	18064	2	6	5	1	0	0	1	19	86	4	27	25500	588	0	5	0	588,832,836,840,844,960
1301	18080	1	1	6	0	0	0	1	20	77	4	28	25500	604	0	6	0	604
1301	18112	1	1	6	0	0	0	1	20	77	4	28	25500	604	0	6	0	604
1301	18177	2	2	5	1	0	0	1	18	86	4	26	25500	590	0	5	0	590,960
1301	18178	2	2	5	1	0	0	1	18	86	4	26	25500	590	0	5	0	590,960
1301	18180	2	6	5	1	0	0	1	19	86	4	27	25500	588	0	5	0	588,832,836,840,844,960
1301	18184	2	6	5	1	0	0	1	19	86	4	27	25500	588	0	5	0	588,832,836,840,844,960
1301	18192	2	6	5	1	0	0	1	19	86	4	27	25500	588	0	5	0	588,832,836,840,844,960
1301	18208	1	1	6	0	0	0	1	20	77	4	28	25500	604	0	6	0	604
1301	18240	1	1	6	0	0	0	1	20	77	4	28	25500	604	0	6	0	604
1301	18304	1	1	6	0	0	0	1	20	30	4	28	32256	896	0	6	0	896
1301	18439	2	4	5	1	0	0	1	15	77	4	23	20064	204	0	5	0	204,206,816,818
1301	18443	2	4	5	1	0	0	1	15	77	4	23	20064	204	0	5	0	204,206,816,818
1301	18445	2	4	5	1	0	0	1	14	94	5	24	20064	204	0	5	0	204,206,816,818
1301	18446	2	4	5	1	0	0	1	14	94	5	24	20064	204	0	5	0	204,206,816,818
1301	18451	2	4	5	1	0	0	1	15	77	4	23	20064	204	0	5	0	204,206,816,818
1301	18453	2	4	5	1	0	0	1	14	94	5	24	20064	204	0	5	0	204,206,816,818
1301	18454	2	4	5	1	0	0	1	14	94	5	24	20064	204	0	5	0	204,206,816,818
1301	18457	2	4	5	1	0	0	1	14	94	5	24	20064	204	0	5	0	204,206,816,818
1301	18458	2	4	5	1	0	0	1	14	94	5	24	20064	204	0	5	0	204,206,816,818
1301	18460	2	4	5	1	0	0	1	13	222	6	25	20064	204	0	5	0	204,206,816,818
1301	18467	2	1	5	1	0	0	1	18	11	3	24	24160	456	0	5	0	456
1301	18469	3	12	4	1	0	0	3	17	77	4	25	20064	200	0	4	0	200,202,204,206,456,566,590,630,816,818,820,822
1301	18470	3	12	4	1	0	0	3	17	77	4	25	20064	200	0	4	0	200,202,204,206,456,566,590,630,816,818,820,822
1301	18473	3	12	4	1	0	0	3	17	77	4	25	20064	200	0	4	0	200,202,204,206,456,566,590,630,816,818,820,822
1301	18474	3	12	4	1	0	0	3	17	77	4	25	20064	200	0	4	0	200,202,204,206,456,566,590,630,816,818,820,822
1301	18476	3	12	4	1	0	0	2	16	94	5	26	20064	200	0	4	0	200,202,204,206,588,628,712,716,816,818,820,822
1301	18481	3	12	4	1	0	0	3	17	77	4	25	20064	200	0	4	0	200,202,204,206,456,566,590,630,816,818,820,822
1301	18482	3	12	4	1	0	0	3	17	77	4	25	20064	200	0	4	0	200,202,204,206,456,566,590,630,816,818,820,822
1301	18484	3	12	4	1	0	0	2	16	94	5	26	20064	200	0	4	0	200,202,204,206,588,628,712,716,816,818,820,822
1301	18488	3	12	4	1	0	0	2	16	94	5	26	20064	200	0	4	0	200,202,204,206,588,628,712,716,816,818,820,822
1301	18499	2	1	5	1	0	0	1	18	11	3	24	24160	456	0	5	0	456
1301	18501	3	12	4	1	0	0	3	17	77	4	25	20064	200	0	4	0	200,202,204,206,456,566,590,630,816,818,820,822
1301	18502	3	12	4	1	0	0	3	17	77	4	25	20064	200	0	4	0	200,202,204,206,456,566,590,630,816,818,820,822
1301	18505	3	12	4	1	0	0	3	17	77	4	25	20064	200	0	4	0	200,202,204,206,456,566,590,630,816,818,820,822
1301	18506	3	12	4	1	0	0	3	17	77	4	25	20064	200	0	4	0	200,202,204,206,456,566,590,630,816,818,820,822
1301	18508	3	12	4	1	0	0	2	16	94	5	26	20064	200	0	4	0	200,202,204,206,588,628,712,716,816,818,820,822
1301	18513	3	12	4	1	0	0	3	17	77	4	25	20064	200	0	4	0	200,202,204,206,456,566,590,630,816,818,820,822
1301	18514	3	12	4	1	0	0	3	17	77	4	25	20064	200	0	4	0	200,202,204,206,456,566,590,630,816,818,820,822
1301	18516	3	12	4	1	0	0	2	16	94	5	26	20064	200	0	4	0	200,202,204,206,588,628,712,716,816,818,820,822
1301	18520	3	12	4	1	0	0	2	16	94	5	26	20064	200	0	4	0	200,202,204,206,588,628,712,716,816,818,820,822
1301	18529	2	7	5	1	0	0	3	20	11	3	26	24160	448	0	5	0	448,574,590,606,622,638,960
1301	18530	2	7	5	1	0	0	3	20	11	3	26	24160	448	0	5	0	448,574,590,606,622,638,960
1301	18532	2	5	5	1	0	0	2	19	77	4	27	25500	636	0	5	0	588,604,620,636,960
1301	18536	2	5	5	1	0	0	2	19	77	4	27	25500	636	0	5	0	588,604,620,636,960
1301	18544	2	5	5	1	0	0	2	19	77	4	27	25500	636	0	5	0	588,604,620,636,960
1301	18563	2	1	5	1	1	2	0	18	76	3	24	32256	928	768	3	2	928
1301	18565	3	12	4	1	0	0	2	17	86	4	25	20064	216	0	4	0	94,216,218,220,222,606,614,800,802,804,806,928
1301	18566	3	12	4	1	0	0	2	17	86	4	25	20064	216	0	4	0	94,216,218,220,222,606,614,800,802,804,806,928
1301	18569	3	12	4	1	0	0	2	17	86	4	25	20064	216	0	4	0	94,216,218,220,222,606,614,800,802,804,806,928
1301	18570	3	12	4	1	0	0	2	17	86	4	25	20064	216	0	4	0	94,216,218,220,222,606,614,800,802,804,806,928
1301	18572	3	12	4	1	0	0	2	16	94	5	26	20064	216	0	4	0	216,218,220,222,604,612,800,802,804,806,864,868
1301	18577	3	12	4	1	0	0	2	17	86	4	25	20064	216	0	4	0	94,216,218,220,222,606,614,800,802,804,806,928
1301	18578	3	12	4	1	0	0	2	17	86	4	25	20064	216	0	4	0	94,216,218,220,222,606,614,800,802,804,806,928
1301	18580	3	12	4	1	0	0	2	16	94	5	26	20064	216	0	4	0	216,218,220,222,604,612,800,802,804,806,864,868
1301	18584	3	12	4	1	0	0	2	16	94	5	26	20064	216	0	4	0	216,218,220,222,604,612,800,802,804,806,864,868
1301	18593	2	2	5	1	0	0	1	18	86	4	26	25500	622	0	5	0	606,622
1301	18594	2	2	5	1	0	0	1	18	86	4	26	25500	622	0	5	0	606,622
1301	18596	2	2	5	1	0	0	1	19	236	5	27	25500	620	0	5	0	604,620
1301	18600	2	2	5	1	0	0	1	19	236	5	27	25500	620	0	5	0	604,620
1301	18608	2	2	5	1	0	0	1	19	236	5	27	25500	620	0	5	0	604,620
1301	18625	2	2	5	1	0	0	1	18	86	4	26	25500	622	0	5	0	606,622
1301	18626	2	2	5	1	0	0	1	18	86	4	26	25500	622	0	5	0	606,622
1301	18628	2	2	5	1	0	0	1	19	236	5	27	25500	620	0	5	0	604,620
1301	18632	2	2	5	1	0	0	1	19	236	5	27	25500	620	0	5	0	604,620
1301	18640	2	2	5	1	0	0	1	19	236	5	27	25500	620	0	5	0	604,620
1301	18656	1	2	6	0	0	0	1	18	94	5	28	25500	636	0	6	0	604,636
1301	18691	2	1	5	1	1	2	0	18	76	3	24	32256	928	640	3	2	928
1301	18693	3	12	4	1	0	0	2	17	86	4	25	20064	216	0	4	0	94,216,218,220,222,606,614,800,802,804,806,928
1301	18694	3	12	4	1	0	0	2	17	86	4	25	20064	216	0	4	0	94,216,218,220,222,606,614,800,802,804,806,928
1301	18697	3	12	4	1	0	0	2	17	86	4	25	20064	216	0	4	0	94,216,218,220,222,606,614,800,802,804,806,928
1301	18698	3	12	4	1	0	0	2	17	86	4	25	20064	216	0	4	0	94,216,218,220,222,606,614,800,802,804,806,928
1301	18700	3	12	4	1	0	0	2	16	94	5	26	20064	216	0	4	0	216,218,220,222,604,612,800,802,804,806,864,868
1301	18705	3	12	4	1	0	0	2	17	86	4	25	20064	216	0	4	0	94,216,218,220,222,606,614,800,802,804,806,928
1301	18706	3	12	4	1	0	0	2	17	86	4	25	20064	216	0	4	0	94,216,218,220,222,606,614,800,802,804,806,928
1301	18708	3	12	4	1	0	0	2	16	94	5	26	20064	216	0	4	0	216,218,220,222,604,612,800,802,804,806,864,868
1301	18712	3	12	4	1	0	0	2	16	94	5	26	20064	216	0	4	0	216,218,220,222,604,612,800,802,804,806,864,868
1301	18721	2	2	5	1	0	0	1	18	86	4	26	25500	622	0	5	0	606,622
1301	18722	2	2	5	1	0	0	1	18	86	4	26	25500	622	0	5	0	606,622
1301	18724	2	2	5	1	0	0	1	19	236	5	27	25500	620	0	5	0	604,620
1301	18728	2	2	5	1	0	0	1	19	236	5	27	25500	620	0	5	0	604,620
1301	18736	2	2	5	1	0	0	1	19	236	5	27	25500	620	0	5	0	604,620
1301	18753	2	2	5	1	0	0	1	18	86	4	26	25500	622	0	5	0	606,622
1301	18754	2	2	5	1	0	0	1	18	86	4	26	25500	622	0	5	0	606,622
1301	18756	2	2	5	1	0	0	1	19	236	5	27	25500	620	0	5	0	604,620
1301	18760	2	2	5	1	0	0	1	19	236	5	27	25500	620	0	5	0	604,620
1301	18768	2	2	5	1	0	0	1	19	236	5	27	25500	620	0	5	0	604,620
1301	18784	1	2	6	0	0	0	1	18	94	5	28	25500	636	0	6	0	604,636
1301	18817	2	7	5	1	0	0	2	20	76	3	26	25500	590	0	5	0	126,590,606,622,638,896,960
1301	18818	2	7	5	1	0	0	2	20	76	3	26	25500	590	0	5	0	126,590,606,622,638,896,960
1301	18820	2	5	5	1	0	0	2	19	77	4	27	25500	588	0	5	0	588,604,620,636,960
1301	18824	2	5	5	1	0	0	2	19	77	4	27	25500	588	0	5	0	588,604,620,636,960
1301	18832	2	5	5	1	0	0	2	19	77	4	27	25500	588	0	5	0	588,604,620,636,960
1301	18848	1	2	6	0	0	0	1	18	94	5	28	25500	604	0	6	0	604,636
1301	18880	1	2	6	0	0	0	1	18	94	5	28	25500	604	0	6	0	604,636
1301	18947	2	1	5	1	0	0	2	16	30	4	24	24160	408	0	5	0	408
1301	18949	2	5	5	1	0	0	1	17	86	4	25	25500	614	0	5	0	614,864,866,868,870
1301	18950	2	5	5	1	0	0	1	17	86	4	25	25500	614	0	5	0	614,864,866,868,870
1301	18953	2	5	5	1	0	0	1	17	86	4	25	25500	614	0	5	0	614,864,866,868,870
1301	18954	2	5	5	1	0	0	1	17	86	4	25	25500	614	0	5	0	614,864,866,868,870
1301	18956	1	2	6	0	1	1	0	18	30	4	26	25500	868	4096	5	1	864,868
1301	18961	2	5	5	1	0	0	1	17	86	4	25	25500	614	0	5	0	614,864,866,868,870
1301	18962	2	5	5	1	0	0	1	17	86	4	25	25500	614	0	5	0	614,864,866,868,870
1301	18964	1	2	6	0	1	1	0	18	30	4	26	25500	868	4096	5	1	864,868
1301	18968	1	2	6	0	1	1	0	18	30	4	26	25500	868	4096	5	1	864,868
1301	18977	1	1	6	0	0	0	1	20	13	3	26	25500	622	0	6	0	622
1301	18978	1	1	6	0	0	0	1	20	13	3	26	25500	622	0	6	0	622
1301	18980	1	1	6	0	0	0	1	21	13	3	27	25500	620	0	6	0	620
1301	18984	1	1	6	0	0	0	1	21	13	3	27	25500	620	0	6	0	620
1301	18992	1	1	6	0	0	0	1	21	13	3	27	25500	620	0	6	0	620
1301	19009	1	1	6	0	0	0	1	20	13	3	26	25500	622	0	6	0	622
1301	19010	1	1	6	0	0	0	1	20	13	3	26	25500	622	0	6	0	622
1301	19012	1	1	6	0	0	0	1	21	13	3	27	25500	620	0	6	0	620
1301	19016	1	1	6	0	0	0	1	21	13	3	27	25500	620	0	6	0	620
1301	19024	1	1	6	0	0	0	1	21	13	3	27	25500	620	0	6	0	620
1301	19040	0	1	7	0	0	0	1	24	3	2	28	25500	636	0	7	0	636
1301	19073	2	2	5	1	0	0	1	18	86	4	26	25500	590	0	5	0	590,960
1301	19074	2	2	5	1	0	0	1	18	86	4	26	25500	590	0	5	0	590,960
1301	19076	2	6	5	1	0	0	1	19	86	4	27	25500	588	0	5	0	588,832,836,840,844,960
1301	19080	2	6	5	1	0	0	1	19	86	4	27	25500	588	0	5	0	588,832,836,840,844,960
1301	19088	2	6	5	1	0	0	1	19	86	4	27	25500	588	0	5	0	588,832,836,840,844,960
1301	19104	1	1	6	0	0	0	1	20	77	4	28	25500	604	0	6	0	604
1301	19136	1	1	6	0	0	0	1	20	77	4	28	25500	604	0	6	0	604
1301	19201	2	2	5	1	0	0	1	18	86	4	26	25500	590	0	5	0	590,960
1301	19202	2	2	5	1	0	0	1	18	86	4	26	25500	590	0	5	0	590,960
1301	19204	2	6	5	1	0	0	1	19	86	4	27	25500	588	0	5	0	588,832,836,840,844,960
1301	19208	2	6	5	1	0	0	1	19	86	4	27	25500	588	0	5	0	588,832,836,840,844,960
1301	19216	2	6	5	1	0	0	1	19	86	4	27	25500	588	0	5	0	588,832,836,840,844,960
1301	19232	1	1	6	0	0	0	1	20	77	4	28	25500	604	0	6	0	604
1301	19264	1	1	6	0	0	0	1	20	77	4	28	25500	604	0	6	0	604
1301	19328	1	1	6	0	0	0	1	20	30	4	28	32256	896	0	6	0	896
1301	19459	0	1	7	0	3	3	0	21	3	2	25	20064	159	28	4	3	864
1301	19461	1	2	6	0	2	2	0	18	77	4	26	20064	158	24	4	2	158,864
1301	19462	1	2	6	0	2	2	0	18	77	4	26	20064	158	24	4	2	158,864
1301	19465	1	2	6	0	2	2	0	18	77	4	26	20064	158	20	4	2	158,864
1301	19466	1	2	6	0	2	2	0	18	77	4	26	20064	158	20	4	2	158,864
1301	19468	2	5	5	1	1	1	0	15	222	6	27	20064	156	16	4	1	156,158,668,864,866
1301	19473	1	2	6	0	2	2	0	18	77	4	26	20064	158	12	4	2	158,864
1301	19474	1	2	6	0	2	2	0	18	77	4	26	20064	158	12	4	2	158,864
1301	19476	2	5	5	1	1	1	0	15	222	6	27	20064	156	8	4	1	156,158,668,864,866
1301	19480	2	5	5	1	1	1	0	15	222	6	27	20064	156	4	4	1	156,158,668,864,866
1301	19489	1	3	6	0	2	3	0	23	3	2	27	20064	158	28	3	3	158,670,864
1301	19490	1	3	6	0	2	3	0	23	3	2	27	20064	158	28	3	3	158,670,864
1301	19492	1	1	6	0	2	3	0	20	77	4	28	20064	668	8216	3	3	668
1301	19496	1	1	6	0	2	3	0	20	77	4	28	20064	668	8212	3	3	668
1301	19504	1	1	6	0	2	3	0	20	77	4	28	20064	668	8204	3	3	668
1301	19521	1	3	6	0	2	3	0	23	3	2	27	20064	158	28	3	3	158,670,864
1301	19522	1	3	6	0	2	3	0	23	3	2	27	20064	158	28	3	3	158,670,864
1301	19524	1	1	6	0	2	3	0	20	77	4	28	20064	668	8216	3	3	668
1301	19528	1	1	6	0	2	3	0	20	77	4	28	20064	668	8212	3	3	668
1301	19536	1	1	6	0	2	3	0	20	77	4	28	20064	668	8204	3	3	668
1301	19552	0	1	7	0	1	2	0	25	3	2	29	25500	668	384	5	2	668
1301	19585	1	2	6	0	2	2	0	21	76	3	27	32256	832	768	4	2	190,832
1301	19586	1	2	6	0	2	2	0	21	76	3	27	32256	832	768	4	2	190,832
1301	19588	2	6	5	1	1	1	0	18	94	5	28	32256	960	256	4	1	188,190,700,832,834,960
1301	19592	2	6	5	1	1	1	0	18	94	5	28	32256	960	256	4	1	188,190,700,832,834,960
1301	19600	2	6	5	1	1	1	0	18	94	5	28	32256	960	256	4	1	188,190,700,832,834,960
1301	19616	1	1	6	0	1	2	0	21	77	4	29	25500	700	320	5	1	700
1301	19648	1	1	6	0	1	2	0	21	77	4	29	25500	700	288	5	1	700
1301	19713	1	2	6	0	2	2	0	21	76	3	27	32256	832	640	4	2	190,832
1301	19714	1	2	6	0	2	2	0	21	76	3	27	32256	832	640	4	2	190,832
1301	19716	2	6	5	1	1	1	0	18	94	5	28	32256	960	128	4	1	188,190,700,832,834,960
1301	19720	2	6	5	1	1	1	0	18	94	5	28	32256	960	128	4	1	188,190,700,832,834,960
1301	19728	2	6	5	1	1	1	0	18	94	5	28	32256	960	128	4	1	188,190,700,832,834,960
1301	19744	1	1	6	0	1	2	0	21	77	4	29	25500	700	192	5	1	700
1301	19776	1	1	6	0	1	2	0	21	77	4	29	25500	700	160	5	1	700
1301	19840	1	1	6	0	0	0	1	21	30	4	29	32256	896	0	6	0	896
1301	19969	0	1	7	0	2	2	0	23	3	2	27	32256	960	384	3	4	960
1301	19970	0	1	7	0	2	2	0	23	3	2	27	32256	960	384	3	4	960
1301	19972	0	1	7	0	2	2	0	22	11	3	28	32256	960	384	3	4	960
1301	19976	0	1	7	0	2	2	0	22	11	3	28	32256	960	384	3	4	960
1301	19984	0	1	7	0	2	2	0	22	11	3	28	32256	960	384	3	4	960
1301	20000	0	1	7	0	1	2	0	27	1	1	29	32256	960	384	5	2	960
1301	20032	0	1	7	0	1	2	0	27	1	1	29	32256	960	384	5	2	960
1301	20096	0	1	7	0	2	1	0	23	11	3	29	32256	896	256	5	2	896
1301	20224	0	1	7	0	2	1	0	23	11	3	29	32256	896	128	5	2	896
1301	20487	0	1	7	0	0	0	2	15	77	4	23	20064	460	0	7	0	460
1301	20491	0	1	7	0	0	0	2	15	77	4	23	20064	460	0	7	0	460
1301	20493	1	2	6	0	0	0	2	14	94	5	24	20064	460	0	6	0	460,562
1301	20494	1	2	6	0	0	0	2	14	94	5	24	20064	460	0	6	0	460,562
1301	20499	0	1	7	0	0	0	2	15	77	4	23	20064	460	0	7	0	460
1301	20501	1	2	6	0	0	0	2	14	94	5	24	20064	460	0	6	0	460,562
1301	20502	1	2	6	0	0	0	2	14	94	5	24	20064	460	0	6	0	460,562
1301	20505	1	2	6	0	0	0	2	14	94	5	24	20064	460	0	6	0	460,562
1301	20506	1	2	6	0	0	0	2	14	94	5	24	20064	460	0	6	0	460,562
1301	20508	2	5	5	1	0	0	3	13	222	6	25	20064	460	0	5	0	460,462,560,562,624
1301	20515	0	1	7	0	0	0	2	16	77	4	24	20064	456	0	7	0	456
1301	20517	1	2	6	0	0	0	2	15	94	5	25	20064	456	0	6	0	456,566
1301	20518	1	2	6	0	0	0	2	15	94	5	25	20064	456	0	6	0	456,566
1301	20521	1	2	6	0	0	0	2	15	94	5	25	20064	456	0	6	0	456,566
1301	20522	1	2	6	0	0	0	2	15	94	5	25	20064	456	0	6	0	456,566
1301	20524	2	5	5	1	0	0	3	14	222	6	26	20064	456	0	5	0	456,458,564,566,628
1301	20529	1	2	6	0	0	0	2	15	94	5	25	20064	456	0	6	0	456,566
1301	20530	1	2	6	0	0	0	2	15	94	5	25	20064	456	0	6	0	456,566
1301	20532	2	5	5	1	0	0	3	14	222	6	26	20064	456	0	5	0	456,458,564,566,628
1301	20536	2	5	5	1	0	0	3	14	222	6	26	20064	456	0	5	0	456,458,564,566,628
1301	20547	0	1	7	0	0	0	2	16	77	4	24	20064	456	0	7	0	456
1301	20549	1	2	6	0	0	0	2	15	94	5	25	20064	456	0	6	0	456,566
1301	20550	1	2	6	0	0	0	2	15	94	5	25	20064	456	0	6	0	456,566
1301	20553	1	2	6	0	0	0	2	15	94	5	25	20064	456	0	6	0	456,566
1301	20554	1	2	6	0	0	0	2	15	94	5	25	20064	456	0	6	0	456,566
1301	20556	2	5	5	1	0	0	3	14	222	6	26	20064	456	0	5	0	456,458,564,566,628
1301	20561	1	2	6	0	0	0	2	15	94	5	25	20064	456	0	6	0	456,566
1301	20562	1	2	6	0	0	0	2	15	94	5	25	20064	456	0	6	0	456,566
1301	20564	2	5	5	1	0	0	3	14	222	6	26	20064	456	0	5	0	456,458,564,566,628
1301	20568	2	5	5	1	0	0	3	14	222	6	26	20064	456	0	5	0	456,458,564,566,628
1301	20577	1	2	6	0	0	0	2	16	94	5	26	20064	448	0	6	0	448,574
1301	20578	1	2	6	0	0	0	2	16	94	5	26	20064	448	0	6	0	448,574
1301	20580	2	6	5	1	0	0	4	15	222	6	27	20064	448	0	5	0	448,450,572,574,636,960
1301	20584	2	6	5	1	0	0	4	15	222	6	27	20064	448	0	5	0	448,450,572,574,636,960
1301	20592	2	6	5	1	0	0	4	15	222	6	27	20064	448	0	5	0	448,450,572,574,636,960
1301	20611	0	1	7	0	0	0	2	20	3	2	24	20064	472	0	7	0	472
1301	20613	1	3	6	0	0	0	3	19	13	3	25	20064	472	0	6	0	472,550,614
1301	20614	1	3	6	0	0	0	3	19	13	3	25	20064	472	0	6	0	472,550,614
1301	20617	1	3	6	0	0	0	3	19	13	3	25	20064	472	0	6	0	472,550,614
1301	20618	1	3	6	0	0	0	3	19	13	3	25	20064	472	0	6	0	472,550,614
1301	20620	1	1	6	0	0	0	1	18	30	4	26	25500	612	0	6	0	612
1301	20625	1	3	6	0	0	0	3	19	13	3	25	20064	472	0	6	0	472,550,614
1301	20626	1	3	6	0	0	0	3	19	13	3	25	20064	472	0	6	0	472,550,614
1301	20628	1	1	6	0	0	0	1	18	30	4	26	25500	612	0	6	0	612
1301	20632	1	1	6	0	0	0	1	18	30	4	26	25500	612	0	6	0	612
1301	20641	1	3	6	0	0	0	3	18	77	4	26	20064	464	0	6	0	464,558,622
1301	20642	1	3	6	0	0	0	3	18	77	4	26	20064	464	0	6	0	464,558,622
1301	20644	1	1	6	0	0	0	1	17	94	5	27	25500	620	0	6	0	620
1301	20648	1	1	6	0	0	0	1	17	94	5	27	25500	620	0	6	0	620
1301	20656	1	1	6	0	0	0	1	17	94	5	27	25500	620	0	6	0	620
1301	20673	1	3	6	0	0	0	3	18	77	4	26	20064	464	0	6	0	464,558,622
1301	20674	1	3	6	0	0	0	3	18	77	4	26	20064	464	0	6	0	464,558,622
1301	20676	1	1	6	0	0	0	1	17	94	5	27	25500	620	0	6	0	620
1301	20680	1	1	6	0	0	0	1	17	94	5	27	25500	620	0	6	0	620
1301	20688	1	1	6	0	0	0	1	17	94	5	27	25500	620	0	6	0	620
1301	20704	1	1	6	0	0	0	1	16	222	6	28	25500	636	0	6	0	636
1301	20739	0	1	7	0	0	0	2	20	3	2	24	20064	472	0	7	0	472
1301	20741	1	3	6	0	0	0	3	19	13	3	25	20064	472	0	6	0	472,550,614
1301	20742	1	3	6	0	0	0	3	19	13	3	25	20064	472	0	6	0	472,550,614
1301	20745	1	3	6	0	0	0	3	19	13	3	25	20064	472	0	6	0	472,550,614
1301	20746	1	3	6	0	0	0	3	19	13	3	25	20064	472	0	6	0	472,550,614
1301	20748	1	1	6	0	0	0	1	18	30	4	26	25500	612	0	6	0	612
1301	20753	1	3	6	0	0	0	3	19	13	3	25	20064	472	0	6	0	472,550,614
1301	20754	1	3	6	0	0	0	3	19	13	3	25	20064	472	0	6	0	472,550,614
1301	20756	1	1	6	0	0	0	1	18	30	4	26	25500	612	0	6	0	612
1301	20760	1	1	6	0	0	0	1	18	30	4	26	25500	612	0	6	0	612
1301	20769	1	3	6	0	0	0	3	18	77	4	26	20064	464	0	6	0	464,558,622
1301	20770	1	3	6	0	0	0	3	18	77	4	26	20064	464	0	6	0	464,558,622
1301	20772	1	1	6	0	0	0	1	17	94	5	27	25500	620	0	6	0	620
1301	20776	1	1	6	0	0	0	1	17	94	5	27	25500	620	0	6	0	620
1301	20784	1	1	6	0	0	0	1	17	94	5	27	25500	620	0	6	0	620
1301	20801	1	3	6	0	0	0	3	18	77	4	26	20064	464	0	6	0	464,558,622
1301	20802	1	3	6	0	0	0	3	18	77	4	26	20064	464	0	6	0	464,558,622
1301	20804	1	1	6	0	0	0	1	17	94	5	27	25500	620	0	6	0	620
1301	20808	1	1	6	0	0	0	1	17	94	5	27	25500	620	0	6	0	620
1301	20816	1	1	6	0	0	0	1	17	94	5	27	25500	620	0	6	0	620
1301	20832	1	1	6	0	0	0	1	16	222	6	28	25500	636	0	6	0	636
1301	20865	0	1	7	0	0	0	1	24	1	1	26	25500	590	0	7	0	590
1301	20866	0	1	7	0	0	0	1	24	1	1	26	25500	590	0	7	0	590
1301	20868	0	1	7	0	0	0	1	23	3	2	27	25500	588	0	7	0	588
1301	20872	0	1	7	0	0	0	1	23	3	2	27	25500	588	0	7	0	588
1301	20880	0	1	7	0	0	0	1	23	3	2	27	25500	588	0	7	0	588
1301	20896	0	1	7	0	0	0	1	20	75	4	28	25500	604	0	7	0	604
1301	20928	0	1	7	0	0	0	1	20	75	4	28	25500	604	0	7	0	604
1301	20995	0	1	7	0	0	0	3	14	94	5	24	20064	408	0	7	0	408
1301	20997	0	1	7	0	0	0	1	17	236	5	25	25500	614	0	7	0	614
1301	20998	0	1	7	0	0	0	1	17	236	5	25	25500	614	0	7	0	614
1301	21001	0	1	7	0	0	0	1	17	236	5	25	25500	614	0	7	0	614
1301	21002	0	1	7	0	0	0	1	17	236	5	25	25500	614	0	7	0	614
1301	21004	0	1	7	0	0	0	1	16	94	5	26	25500	612	0	7	0	612
1301	21009	0	1	7	0	0	0	1	17	236	5	25	25500	614	0	7	0	614
1301	21010	0	1	7	0	0	0	1	17	236	5	25	25500	614	0	7	0	614
1301	21012	0	1	7	0	0	0	1	16	94	5	26	25500	612	0	7	0	612
1301	21016	0	1	7	0	0	0	1	16	94	5	26	25500	612	0	7	0	612
1301	21025	0	1	7	0	0	0	1	18	236	5	26	25500	622	0	7	0	622
1301	21026	0	1	7	0	0	0	1	18	236	5	26	25500	622	0	7	0	622
1301	21028	0	1	7	0	0	0	1	17	94	5	27	25500	620	0	7	0	620
1301	21032	0	1	7	0	0	0	1	17	94	5	27	25500	620	0	7	0	620
1301	21040	0	1	7	0	0	0	1	17	94	5	27	25500	620	0	7	0	620
1301	21057	0	1	7	0	0	0	1	18	236	5	26	25500	622	0	7	0	622
1301	21058	0	1	7	0	0	0	1	18	236	5	26	25500	622	0	7	0	622
1301	21060	0	1	7	0	0	0	1	17	94	5	27	25500	620	0	7	0	620
1301	21064	0	1	7	0	0	0	1	17	94	5	27	25500	620	0	7	0	620
1301	21072	0	1	7	0	0	0	1	17	94	5	27	25500	620	0	7	0	620
1301	21088	0	1	7	0	0	0	1	18	94	5	28	25500	636	0	7	0	636
1301	21121	0	1	7	0	0	0	1	18	77	4	26	25500	590	0	7	0	590
1301	21122	0	1	7	0	0	0	1	18	77	4	26	25500	590	0	7	0	590
1301	21124	0	1	7	0	0	0	1	19	86	4	27	25500	588	0	7	0	588
1301	21128	0	1	7	0	0	0	1	19	86	4	27	25500	588	0	7	0	588
1301	21136	0	1	7	0	0	0	1	19	86	4	27	25500	588	0	7	0	588
1301	21152	0	1	7	0	0	0	1	18	94	5	28	25500	604	0	7	0	604
1301	21184	0	1	7	0	0	0	1	18	94	5	28	25500	604	0	7	0	604
1301	21249	0	1	7	0	0	0	1	18	77	4	26	25500	590	0	7	0	590
1301	21250	0	1	7	0	0	0	1	18	77	4	26	25500	590	0	7	0	590
1301	21252	0	1	7	0	0	0	1	19	86	4	27	25500	588	0	7	0	588
1301	21256	0	1	7	0	0	0	1	19	86	4	27	25500	588	0	7	0	588
1301	21264	0	1	7	0	0	0	1	19	86	4	27	25500	588	0	7	0	588
1301	21280	0	1	7	0	0	0	1	18	94	5	28	25500	604	0	7	0	604
1301	21312	0	1	7	0	0	0	1	18	94	5	28	25500	604	0	7	0	604
1301	21376	0	1	7	0	0	0	1	22	11	3	28	25500	540	0	7	0	540
1301	21507	0	1	7	0	0	0	2	21	3	2	25	20064	408	0	7	0	408
1301	21509	1	2	6	0	0	0	2	18	77	4	26	20064	408	0	6	0	408,614
1301	21510	1	2	6	0	0	0	2	18	77	4	26	20064	408	0	6	0	408,614
1301	21513	1	2	6	0	0	0	2	18	77	4	26	20064	408	0	6	0	408,614
1301	21514	1	2	6	0	0	0	2	18	77	4	26	20064	408	0	6	0	408,614
1301	21516	2	5	5	1	0	0	3	15	222	6	27	20064	408	0	5	0	408,410,612,614,740
1301	21521	1	2	6	0	0	0	2	18	77	4	26	20064	408	0	6	0	408,614
1301	21522	1	2	6	0	0	0	2	18	77	4	26	20064	408	0	6	0	408,614
1301	21524	2	5	5	1	0	0	3	15	222	6	27	20064	408	0	5	0	408,410,612,614,740
1301	21528	2	5	5	1	0	0	3	15	222	6	27	20064	408	0	5	0	408,410,612,614,740
1301	21537	1	2	6	0	0	0	2	21	13	3	27	20064	400	0	6	0	400,622
1301	21538	1	2	6	0	0	0	2	21	13	3	27	20064	400	0	6	0	400,622
1301	21540	2	6	5	1	0	0	3	18	94	5	28	20064	400	0	5	0	400,402,620,622,748,912
1301	21544	2	6	5	1	0	0	3	18	94	5	28	20064	400	0	5	0	400,402,620,622,748,912
1301	21552	2	6	5	1	0	0	3	18	94	5	28	20064	400	0	5	0	400,402,620,622,748,912
1301	21569	1	2	6	0	0	0	2	21	13	3	27	20064	400	0	6	0	400,622
1301	21570	1	2	6	0	0	0	2	21	13	3	27	20064	400	0	6	0	400,622
1301	21572	2	6	5	1	0	0	3	18	94	5	28	20064	400	0	5	0	400,402,620,622,748,912
1301	21576	2	6	5	1	0	0	3	18	94	5	28	20064	400	0	5	0	400,402,620,622,748,912
1301	21584	2	6	5	1	0	0	3	18	94	5	28	20064	400	0	5	0	400,402,620,622,748,912
1301	21600	1	1	6	0	0	0	1	21	30	4	29	32256	896	0	6	0	896
1301	21633	1	3	6	0	0	0	3	23	12	2	27	20064	432	0	6	0	432,590,718
1301	21634	1	3	6	0	0	0	3	23	12	2	27	20064	432	0	6	0	432,590,718
1301	21636	1	1	6	0	0	0	1	20	77	4	28	25500	716	0	6	0	716
1301	21640	1	1	6	0	0	0	1	20	77	4	28	25500	716	0	6	0	716
1301	21648	1	1	6	0	0	0	1	20	77	4	28	25500	716	0	6	0	716
1301	21664	1	1	6	0	0	0	1	21	77	4	29	25500	732	0	6	0	732
1301	21696	1	1	6	0	0	0	1	21	77	4	29	25500	732	0	6	0	732
1301	21761	1	3	6	0	0	0	3	23	12	2	27	20064	432	0	6	0	432,590,718
1301	21762	1	3	6	0	0	0	3	23	12	2	27	20064	432	0	6	0	432,590,718
1301	21764	1	1	6	0	0	0	1	20	77	4	28	25500	716	0	6	0	716
1301	21768	1	1	6	0	0	0	1	20	77	4	28	25500	716	0	6	0	716
1301	21776	1	1	6	0	0	0	1	20	77	4	28	25500	716	0	6	0	716
1301	21792	1	1	6	0	0	0	1	21	77	4	29	25500	732	0	6	0	732
1301	21824	1	1	6	0	0	0	1	21	77	4	29	25500	732	0	6	0	732
1301	21888	0	1	7	0	0	0	1	25	3	2	29	25500	668	0	7	0	668
1301	22017	0	1	7	0	0	0	1	21	13	3	27	25500	718	0	7	0	718
1301	22018	0	1	7	0	0	0	1	21	13	3	27	25500	718	0	7	0	718
1301	22020	0	1	7	0	0	0	1	20	77	4	28	25500	716	0	7	0	716
1301	22024	0	1	7	0	0	0	1	20	77	4	28	25500	716	0	7	0	716
1301	22032	0	1	7	0	0	0	1	20	77	4	28	25500	716	0	7	0	716
1301	22048	0	1	7	0	0	0	1	23	13	3	29	25500	732	0	7	0	732
1301	22080	0	1	7	0	0	0	1	23	13	3	29	25500	732	0	7	0	732
1301	22144	0	1	7	0	0	0	1	23	13	3	29	25500	668	0	7	0	668
1301	22272	0	1	7	0	0	0	1	23	13	3	29	25500	668	0	7	0	668
1301	22531	0	1	7	0	0	0	2	21	3	2	25	20064	408	0	7	0	408
1301	22533	1	2	6	0	0	0	2	18	77	4	26	20064	408	0	6	0	408,614
1301	22534	1	2	6	0	0	0	2	18	77	4	26	20064	408	0	6	0	408,614
1301	22537	1	2	6	0	0	0	2	18	77	4	26	20064	408	0	6	0	408,614
1301	22538	1	2	6	0	0	0	2	18	77	4	26	20064	408	0	6	0	408,614
1301	22540	2	5	5	1	0	0	3	15	222	6	27	20064	408	0	5	0	408,410,612,614,740
1301	22545	1	2	6	0	0	0	2	18	77	4	26	20064	408	0	6	0	408,614
1301	22546	1	2	6	0	0	0	2	18	77	4	26	20064	408	0	6	0	408,614
1301	22548	2	5	5	1	0	0	3	15	222	6	27	20064	408	0	5	0	408,410,612,614,740
1301	22552	2	5	5	1	0	0	3	15	222	6	27	20064	408	0	5	0	408,410,612,614,740
1301	22561	1	2	6	0	0	0	2	21	13	3	27	20064	400	0	6	0	400,622
1301	22562	1	2	6	0	0	0	2	21	13	3	27	20064	400	0	6	0	400,622
1301	22564	2	6	5	1	0	0	3	18	94	5	28	20064	400	0	5	0	400,402,620,622,748,912
1301	22568	2	6	5	1	0	0	3	18	94	5	28	20064	400	0	5	0	400,402,620,622,748,912
1301	22576	2	6	5	1	0	0	3	18	94	5	28	20064	400	0	5	0	400,402,620,622,748,912
1301	22593	1	2	6	0	0	0	2	21	13	3	27	20064	400	0	6	0	400,622
1301	22594	1	2	6	0	0	0	2	21	13	3	27	20064	400	0	6	0	400,622
1301	22596	2	6	5	1	0	0	3	18	94	5	28	20064	400	0	5	0	400,402,620,622,748,912
1301	22600	2	6	5	1	0	0	3	18	94	5	28	20064	400	0	5	0	400,402,620,622,748,912
1301	22608	2	6	5	1	0	0	3	18	94	5	28	20064	400	0	5	0	400,402,620,622,748,912
1301	22624	1	1	6	0	0	0	1	21	30	4	29	32256	896	0	6	0	896
1301	22657	1	3	6	0	0	0	3	23	12	2	27	20064	432	0	6	0	432,590,718
1301	22658	1	3	6	0	0	0	3	23	12	2	27	20064	432	0	6	0	432,590,718
1301	22660	1	1	6	0	0	0	1	20	77	4	28	25500	716	0	6	0	716
1301	22664	1	1	6	0	0	0	1	20	77	4	28	25500	716	0	6	0	716
1301	22672	1	1	6	0	0	0	1	20	77	4	28	25500	716	0	6	0	716
1301	22688	1	1	6	0	0	0	1	21	77	4	29	25500	732	0	6	0	732
1301	22720	1	1	6	0	0	0	1	21	77	4	29	25500	732	0	6	0	732
1301	22785	1	3	6	0	0	0	3	23	12	2	27	20064	432	0	6	0	432,590,718
1301	22786	1	3	6	0	0	0	3	23	12	2	27	20064	432	0	6	0	432,590,718
1301	22788	1	1	6	0	0	0	1	20	77	4	28	25500	716	0	6	0	716
1301	22792	1	1	6	0	0	0	1	20	77	4	28	25500	716	0	6	0	716
1301	22800	1	1	6	0	0	0	1	20	77	4	28	25500	716	0	6	0	716
1301	22816	1	1	6	0	0	0	1	21	77	4	29	25500	732	0	6	0	732
1301	22848	1	1	6	0	0	0	1	21	77	4	29	25500	732	0	6	0	732
1301	22912	0	1	7	0	0	0	1	25	3	2	29	25500	668	0	7	0	668
1301	23041	0	1	7	0	0	0	1	21	13	3	27	25500	718	0	7	0	718
1301	23042	0	1	7	0	0	0	1	21	13	3	27	25500	718	0	7	0	718
1301	23044	0	1	7	0	0	0	1	20	77	4	28	25500	716	0	7	0	716
1301	23048	0	1	7	0	0	0	1	20	77	4	28	25500	716	0	7	0	716
1301	23056	0	1	7	0	0	0	1	20	77	4	28	25500	716	0	7	0	716
1301	23072	0	1	7	0	0	0	1	23	13	3	29	25500	732	0	7	0	732
1301	23104	0	1	7	0	0	0	1	23	13	3	29	25500	732	0	7	0	732
1301	23168	0	1	7	0	0	0	1	23	13	3	29	25500	668	0	7	0	668
1301	23296	0	1	7	0	0	0	1	23	13	3	29	25500	668	0	7	0	668
1301	23553	1	16	6	0	0	0	2	26	1	1	28	20064	304	0	6	0	304,306,308,310,312,314,316,318,704,706,708,710,712,714,716,718
1301	23554	1	16	6	0	0	0	2	26	1	1	28	20064	304	0	6	0	304,306,308,310,312,314,316,318,704,706,708,710,712,714,716,718
1301	23556	2	24	5	1	0	0	3	21	75	4	29	20064	304	0	5	0	304,306,308,310,312,314,316,318,704,706,708,710,712,714,716,718,816,820,824,828,960,964,968,972
1301	23560	2	24	5	1	0	0	3	21	75	4	29	20064	304	0	5	0	304,306,308,310,312,314,316,318,704,706,708,710,712,714,716,718,816,820,824,828,960,964,968,972
1301	23568	2	24	5	1	0	0	3	21	75	4	29	20064	304	0	5	0	304,306,308,310,312,314,316,318,704,706,708,710,712,714,716,718,816,820,824,828,960,964,968,972
1301	23584	1	8	6	0	1	1	0	26	3	2	30	20064	800	8192	5	1	800,804,808,812,816,820,824,828
1301	23616	1	8	6	0	1	1	0	26	3	2	30	20064	800	8192	5	1	800,804,808,812,816,820,824,828
1301	23680	1	8	6	0	0	0	1	26	3	2	30	25500	924	0	6	0	896,900,904,908,912,916,920,924
1301	23808	1	8	6	0	0	0	1	26	3	2	30	25500	924	0	6	0	896,900,904,908,912,916,920,924
1301	24064	0	8	7	0	0	0	1	28	1	1	30	25500	924	0	7	0	896,900,904,908,912,916,920,924
1301	24583	2	1	5	1	0	0	1	13	94	5	23	20064	460	0	5	0	460
1301	24587	2	1	5	1	0	0	1	13	94	5	23	20064	460	0	5	0	460
1301	24589	1	1	6	0	0	0	1	16	77	4	24	20064	460	0	6	0	460
1301	24590	1	1	6	0	0	0	1	16	77	4	24	20064	460	0	6	0	460
1301	24595	2	1	5	1	0	0	1	13	94	5	23	20064	460	0	5	0	460
1301	24597	1	1	6	0	0	0	1	16	77	4	24	20064	460	0	6	0	460
1301	24598	1	1	6	0	0	0	1	16	77	4	24	20064	460	0	6	0	460
1301	24601	1	1	6	0	0	0	1	16	77	4	24	20064	460	0	6	0	460
1301	24602	1	1	6	0	0	0	1	16	77	4	24	20064	460	0	6	0	460
1301	24604	0	1	7	0	0	0	1	19	11	3	25	20064	460	0	7	0	460
1301	24611	2	1	5	1	0	0	1	12	222	6	24	24160	968	0	5	0	968
1301	24613	2	2	5	1	0	0	2	15	94	5	25	20064	456	0	5	0	456,968
1301	24614	2	2	5	1	0	0	2	15	94	5	25	20064	456	0	5	0	456,968
1301	24617	2	2	5	1	0	0	2	15	94	5	25	20064	456	0	5	0	456,968
1301	24618	2	2	5	1	0	0	2	15	94	5	25	20064	456	0	5	0	456,968
1301	24620	1	1	6	0	0	0	1	18	77	4	26	20064	456	0	6	0	456
1301	24625	2	2	5	1	0	0	2	15	94	5	25	20064	456	0	5	0	456,968
1301	24626	2	2	5	1	0	0	2	15	94	5	25	20064	456	0	5	0	456,968
1301	24628	1	1	6	0	0	0	1	18	77	4	26	20064	456	0	6	0	456
1301	24632	1	1	6	0	0	0	1	18	77	4	26	20064	456	0	6	0	456
1301	24643	2	1	5	1	0	0	1	12	222	6	24	24160	968	0	5	0	968
1301	24645	2	2	5	1	0	0	2	15	94	5	25	20064	456	0	5	0	456,968
1301	24646	2	2	5	1	0	0	2	15	94	5	25	20064	456	0	5	0	456,968
1301	24649	2	2	5	1	0	0	2	15	94	5	25	20064	456	0	5	0	456,968
1301	24650	2	2	5	1	0	0	2	15	94	5	25	20064	456	0	5	0	456,968
1301	24652	1	1	6	0	0	0	1	18	77	4	26	20064	456	0	6	0	456
1301	24657	2	2	5	1	0	0	2	15	94	5	25	20064	456	0	5	0	456,968
1301	24658	2	2	5	1	0	0	2	15	94	5	25	20064	456	0	5	0	456,968
1301	24660	1	1	6	0	0	0	1	18	77	4	26	20064	456	0	6	0	456
1301	24664	1	1	6	0	0	0	1	18	77	4	26	20064	456	0	6	0	456
1301	24673	1	1	6	0	0	0	2	14	222	6	26	24160	960	0	6	0	960
1301	24674	1	1	6	0	0	0	2	14	222	6	26	24160	960	0	6	0	960
1301	24676	1	1	6	0	0	0	2	17	94	5	27	24160	960	0	6	0	960
1301	24680	1	1	6	0	0	0	2	17	94	5	27	24160	960	0	6	0	960
1301	24688	1	1	6	0	0	0	2	17	94	5	27	24160	960	0	6	0	960
1301	24707	2	1	5	1	1	2	0	16	30	4	24	32256	928	768	4	1	928
1301	24709	2	2	5	1	0	0	1	19	13	3	25	20064	472	0	5	0	94,472
1301	24710	2	2	5	1	0	0	1	19	13	3	25	20064	472	0	5	0	94,472
1301	24713	2	2	5	1	0	0	1	19	13	3	25	20064	472	0	5	0	94,472
1301	24714	2	2	5	1	0	0	1	19	13	3	25	20064	472	0	5	0	94,472
1301	24716	1	1	6	0	0	0	1	22	3	2	26	20064	472	0	6	0	472
1301	24721	2	2	5	1	0	0	1	19	13	3	25	20064	472	0	5	0	94,472
1301	24722	2	2	5	1	0	0	1	19	13	3	25	20064	472	0	5	0	94,472
1301	24724	1	1	6	0	0	0	1	22	3	2	26	20064	472	0	6	0	472
1301	24728	1	1	6	0	0	0	1	22	3	2	26	20064	472	0	6	0	472
1301	24737	2	5	5	1	0	0	3	16	94	5	26	24160	976	0	5	0	94,110,126,960,976
1301	24738	2	5	5	1	0	0	3	16	94	5	26	24160	976	0	5	0	94,110,126,960,976
1301	24740	2	6	5	1	0	0	4	19	77	4	27	20064	464	0	5	0	92,108,124,464,960,976
1301	24744	2	6	5	1	0	0	4	19	77	4	27	20064	464	0	5	0	92,108,124,464,960,976
1301	24752	2	6	5	1	0	0	4	19	77	4	27	20064	464	0	5	0	92,108,124,464,960,976
1301	24769	2	5	5	1	0	0	3	16	94	5	26	24160	976	0	5	0	94,110,126,960,976
1301	24770	2	5	5	1	0	0	3	16	94	5	26	24160	976	0	5	0	94,110,126,960,976
1301	24772	2	6	5	1	0	0	4	19	77	4	27	20064	464	0	5	0	92,108,124,464,960,976
1301	24776	2	6	5	1	0	0	4	19	77	4	27	20064	464	0	5	0	92,108,124,464,960,976
1301	24784	2	6	5	1	0	0	4	19	77	4	27	20064	464	0	5	0	92,108,124,464,960,976
1301	24800	1	2	6	0	0	0	3	16	222	6	28	24160	960	0	6	0	124,960
1301	24835	2	1	5	1	1	2	0	16	30	4	24	32256	928	640	4	1	928
1301	24837	2	2	5	1	0	0	1	19	13	3	25	20064	472	0	5	0	94,472
1301	24838	2	2	5	1	0	0	1	19	13	3	25	20064	472	0	5	0	94,472
1301	24841	2	2	5	1	0	0	1	19	13	3	25	20064	472	0	5	0	94,472
1301	24842	2	2	5	1	0	0	1	19	13	3	25	20064	472	0	5	0	94,472
1301	24844	1	1	6	0	0	0	1	22	3	2	26	20064	472	0	6	0	472
1301	24849	2	2	5	1	0	0	1	19	13	3	25	20064	472	0	5	0	94,472
1301	24850	2	2	5	1	0	0	1	19	13	3	25	20064	472	0	5	0	94,472
1301	24852	1	1	6	0	0	0	1	22	3	2	26	20064	472	0	6	0	472
1301	24856	1	1	6	0	0	0	1	22	3	2	26	20064	472	0	6	0	472
1301	24865	2	5	5	1	0	0	3	16	94	5	26	24160	976	0	5	0	94,110,126,960,976
1301	24866	2	5	5	1	0	0	3	16	94	5	26	24160	976	0	5	0	94,110,126,960,976
1301	24868	2	6	5	1	0	0	4	19	77	4	27	20064	464	0	5	0	92,108,124,464,960,976
1301	24872	2	6	5	1	0	0	4	19	77	4	27	20064	464	0	5	0	92,108,124,464,960,976
1301	24880	2	6	5	1	0	0	4	19	77	4	27	20064	464	0	5	0	92,108,124,464,960,976
1301	24897	2	5	5	1	0	0	3	16	94	5	26	24160	976	0	5	0	94,110,126,960,976
1301	24898	2	5	5	1	0	0	3	16	94	5	26	24160	976	0	5	0	94,110,126,960,976
1301	24900	2	6	5	1	0	0	4	19	77	4	27	20064	464	0	5	0	92,108,124,464,960,976
1301	24904	2	6	5	1	0	0	4	19	77	4	27	20064	464	0	5	0	92,108,124,464,960,976
1301	24912	2	6	5	1	0	0	4	19	77	4	27	20064	464	0	5	0	92,108,124,464,960,976
1301	24928	1	2	6	0	0	0	3	16	222	6	28	24160	960	0	6	0	124,960
1301	24961	0	1	7	0	1	2	0	22	3	2	26	25500	126	96	5	2	126
1301	24962	0	1	7	0	1	2	0	22	3	2	26	25500	126	96	5	2	126
1301	24964	0	1	7	0	1	2	0	25	1	1	27	25500	124	96	5	2	124
1301	24968	0	1	7	0	1	2	0	25	1	1	27	25500	124	96	5	2	124
1301	24976	0	1	7	0	1	2	0	25	1	1	27	25500	124	96	5	2	124
1301	24992	0	1	7	0	1	1	0	20	75	4	28	25500	124	64	6	1	124
1301	25024	0	1	7	0	1	1	0	20	75	4	28	25500	124	32	6	1	124
1301	25091	2	1	5	1	0	0	2	12	222	6	24	24160	920	0	5	0	920
1301	25093	2	4	5	1	0	0	3	17	77	4	25	20064	408	0	5	0	102,408,614,920
1301	25094	2	4	5	1	0	0	3	17	77	4	25	20064	408	0	5	0	102,408,614,920
1301	25097	2	4	5	1	0	0	3	17	77	4	25	20064	408	0	5	0	102,408,614,920
1301	25098	2	4	5	1	0	0	3	17	77	4	25	20064	408	0	5	0	102,408,614,920
1301	25100	1	4	6	0	0	0	1	22	3	2	26	20064	408	0	6	0	408,410,612,614
1301	25105	2	4	5	1	0	0	3	17	77	4	25	20064	408	0	5	0	102,408,614,920
1301	25106	2	4	5	1	0	0	3	17	77	4	25	20064	408	0	5	0	102,408,614,920
1301	25108	1	4	6	0	0	0	1	22	3	2	26	20064	408	0	6	0	408,410,612,614
1301	25112	1	4	6	0	0	0	1	22	3	2	26	20064	408	0	6	0	408,410,612,614
1301	25121	1	2	6	0	0	0	2	16	94	5	26	24160	912	0	6	0	110,912
1301	25122	1	2	6	0	0	0	2	16	94	5	26	24160	912	0	6	0	110,912
1301	25124	1	4	6	0	0	0	2	21	13	3	27	24160	912	0	6	0	108,110,912,914
1301	25128	1	4	6	0	0	0	2	21	13	3	27	24160	912	0	6	0	108,110,912,914
1301	25136	1	4	6	0	0	0	2	21	13	3	27	24160	912	0	6	0	108,110,912,914
1301	25153	1	2	6	0	0	0	2	16	94	5	26	24160	912	0	6	0	110,912
1301	25154	1	2	6	0	0	0	2	16	94	5	26	24160	912	0	6	0	110,912
1301	25156	1	4	6	0	0	0	2	21	13	3	27	24160	912	0	6	0	108,110,912,914
1301	25160	1	4	6	0	0	0	2	21	13	3	27	24160	912	0	6	0	108,110,912,914
1301	25168	1	4	6	0	0	0	2	21	13	3	27	24160	912	0	6	0	108,110,912,914
1301	25184	0	4	7	0	0	0	3	20	30	4	28	24160	896	0	7	0	124,126,896,898
1301	25217	2	10	5	1	0	0	3	18	77	4	26	24160	944	0	5	0	62,78,94,110,126,896,912,928,944,960
1301	25218	2	10	5	1	0	0	3	18	77	4	26	24160	944	0	5	0	62,78,94,110,126,896,912,928,944,960
1301	25220	2	24	5	1	0	0	4	23	12	2	27	20064	432	0	5	0	60,62,76,78,92,94,108,110,124,126,432,434,588,590,896,898,912,914,928,930,944,946,960,962
1301	25224	2	24	5	1	0	0	4	23	12	2	27	20064	432	0	5	0	60,62,76,78,92,94,108,110,124,126,432,434,588,590,896,898,912,914,928,930,944,946,960,962
1301	25232	2	24	5	1	0	0	4	23	12	2	27	20064	432	0	5	0	60,62,76,78,92,94,108,110,124,126,432,434,588,590,896,898,912,914,928,930,944,946,960,962
1301	25248	1	8	6	0	0	0	3	20	77	4	28	24160	928	0	6	0	92,94,124,126,896,898,928,930
1301	25280	1	8	6	0	0	0	3	20	77	4	28	24160	928	0	6	0	92,94,124,126,896,898,928,930
1301	25345	2	10	5	1	0	0	3	18	77	4	26	24160	944	0	5	0	62,78,94,110,126,896,912,928,944,960
1301	25346	2	10	5	1	0	0	3	18	77	4	26	24160	944	0	5	0	62,78,94,110,126,896,912,928,944,960
1301	25348	2	24	5	1	0	0	4	23	12	2	27	20064	432	0	5	0	60,62,76,78,92,94,108,110,124,126,432,434,588,590,896,898,912,914,928,930,944,946,960,962
1301	25352	2	24	5	1	0	0	4	23	12	2	27	20064	432	0	5	0	60,62,76,78,92,94,108,110,124,126,432,434,588,590,896,898,912,914,928,930,944,946,960,962
1301	25360	2	24	5	1	0	0	4	23	12	2	27	20064	432	0	5	0	60,62,76,78,92,94,108,110,124,126,432,434,588,590,896,898,912,914,928,930,944,946,960,962
1301	25376	1	8	6	0	0	0	3	20	77	4	28	24160	928	0	6	0	92,94,124,126,896,898,928,930
1301	25408	1	8	6	0	0	0	3	20	77	4	28	24160	928	0	6	0	92,94,124,126,896,898,928,930
1301	25472	0	4	7	0	0	0	1	24	3	2	28	32256	896	0	7	0	124,126,896,898
1301	25603	2	1	5	1	1	3	0	15	94	5	25	32256	864	896	2	3	864
1301	25605	2	5	5	1	0	0	1	18	236	5	26	20064	408	0	5	0	158,408,410,412,414
1301	25606	2	5	5	1	0	0	1	18	236	5	26	20064	408	0	5	0	158,408,410,412,414
1301	25609	2	5	5	1	0	0	1	18	236	5	26	20064	408	0	5	0	158,408,410,412,414
1301	25610	2	5	5	1	0	0	1	18	236	5	26	20064	408	0	5	0	158,408,410,412,414
1301	25612	1	2	6	0	0	0	1	17	94	5	27	20064	408	0	6	0	408,412
1301	25617	2	5	5	1	0	0	1	18	236	5	26	20064	408	0	5	0	158,408,410,412,414
1301	25618	2	5	5	1	0	0	1	18	236	5	26	20064	408	0	5	0	158,408,410,412,414
1301	25620	1	2	6	0	0	0	1	17	94	5	27	20064	408	0	6	0	408,412
1301	25624	1	2	6	0	0	0	1	17	94	5	27	20064	408	0	6	0	408,412
1301	25633	2	2	5	1	0	0	1	17	94	5	27	24160	912	0	5	0	158,912
1301	25634	2	2	5	1	0	0	1	17	94	5	27	24160	912	0	5	0	158,912
1301	25636	2	6	5	1	0	0	2	20	236	5	28	20064	400	0	5	0	156,400,404,408,412,912
1301	25640	2	6	5	1	0	0	2	20	236	5	28	20064	400	0	5	0	156,400,404,408,412,912
1301	25648	2	6	5	1	0	0	2	20	236	5	28	20064	400	0	5	0	156,400,404,408,412,912
1301	25665	2	2	5	1	0	0	1	17	94	5	27	24160	912	0	5	0	158,912
1301	25666	2	2	5	1	0	0	1	17	94	5	27	24160	912	0	5	0	158,912
1301	25668	2	6	5	1	0	0	2	20	236	5	28	20064	400	0	5	0	156,400,404,408,412,912
1301	25672	2	6	5	1	0	0	2	20	236	5	28	20064	400	0	5	0	156,400,404,408,412,912
1301	25680	2	6	5	1	0	0	2	20	236	5	28	20064	400	0	5	0	156,400,404,408,412,912
1301	25696	1	1	6	0	0	0	2	19	94	5	29	24160	896	0	6	0	896
1301	25729	1	1	6	0	2	3	0	19	86	4	27	25500	190	352	4	2	190
1301	25730	1	1	6	0	2	3	0	19	86	4	27	25500	190	352	4	2	190
1301	25732	1	1	6	0	1	3	0	20	77	4	28	20064	188	2072	5	1	188
1301	25736	1	1	6	0	1	3	0	20	77	4	28	20064	188	2068	5	1	188
1301	25744	1	1	6	0	1	3	0	20	77	4	28	20064	188	2060	5	1	188
1301	25760	1	1	6	0	1	2	0	19	94	5	29	25500	188	320	5	1	188
1301	25792	1	1	6	0	1	2	0	19	94	5	29	25500	188	288	5	1	188
1301	25857	1	1	6	0	2	3	0	19	86	4	27	25500	190	224	4	2	190
1301	25858	1	1	6	0	2	3	0	19	86	4	27	25500	190	224	4	2	190
1301	25860	1	1	6	0	1	3	0	20	77	4	28	20064	188	2072	5	1	188
1301	25864	1	1	6	0	1	3	0	20	77	4	28	20064	188	2068	5	1	188
1301	25872	1	1	6	0	1	3	0	20	77	4	28	20064	188	2060	5	1	188
1301	25888	1	1	6	0	1	2	0	19	94	5	29	25500	188	192	5	1	188
1301	25920	1	1	6	0	1	2	0	19	94	5	29	25500	188	160	5	1	188
1301	25984	0	1	7	0	1	2	0	23	11	3	29	25500	252	96	5	2	252
1301	26113	2	4	5	1	0	0	2	19	77	4	27	24160	816	0	5	0	62,206,816,960
1301	26114	2	4	5	1	0	0	2	19	77	4	27	24160	816	0	5	0	62,206,816,960
1301	26116	2	24	5	1	0	0	3	22	13	3	28	20064	304	0	5	0	60,62,204,206,304,306,308,310,312,314,316,318,704,706,708,710,712,714,716,718,816,818,960,962
1301	26120	2	24	5	1	0	0	3	22	13	3	28	20064	304	0	5	0	60,62,204,206,304,306,308,310,312,314,316,318,704,706,708,710,712,714,716,718,816,818,960,962
1301	26128	2	24	5	1	0	0	3	22	13	3	28	20064	304	0	5	0	60,62,204,206,304,306,308,310,312,314,316,318,704,706,708,710,712,714,716,718,816,818,960,962
1301	26144	1	4	6	0	0	0	2	23	13	3	29	24160	800	0	6	0	220,222,800,802
1301	26176	1	4	6	0	0	0	2	23	13	3	29	24160	800	0	6	0	220,222,800,802
1301	26240	1	4	6	0	1	1	0	23	13	3	29	32256	896	256	5	1	124,126,896,898
1301	26368	1	4	6	0	1	1	0	23	13	3	29	32256	896	128	5	1	124,126,896,898
1301	26627	2	1	5	1	1	3	0	15	94	5	25	32256	864	896	2	3	864
1301	26629	2	5	5	1	0	0	1	18	236	5	26	20064	408	0	5	0	158,408,410,412,414
1301	26630	2	5	5	1	0	0	1	18	236	5	26	20064	408	0	5	0	158,408,410,412,414
1301	26633	2	5	5	1	0	0	1	18	236	5	26	20064	408	0	5	0	158,408,410,412,414
1301	26634	2	5	5	1	0	0	1	18	236	5	26	20064	408	0	5	0	158,408,410,412,414
1301	26636	1	2	6	0	0	0	1	17	94	5	27	20064	408	0	6	0	408,412
1301	26641	2	5	5	1	0	0	1	18	236	5	26	20064	408	0	5	0	158,408,410,412,414
1301	26642	2	5	5	1	0	0	1	18	236	5	26	20064	408	0	5	0	158,408,410,412,414
1301	26644	1	2	6	0	0	0	1	17	94	5	27	20064	408	0	6	0	408,412
1301	26648	1	2	6	0	0	0	1	17	94	5	27	20064	408	0	6	0	408,412
1301	26657	2	2	5	1	0	0	1	17	94	5	27	24160	912	0	5	0	158,912
1301	26658	2	2	5	1	0	0	1	17	94	5	27	24160	912	0	5	0	158,912
1301	26660	2	6	5	1	0	0	2	20	236	5	28	20064	400	0	5	0	156,400,404,408,412,912
1301	26664	2	6	5	1	0	0	2	20	236	5	28	20064	400	0	5	0	156,400,404,408,412,912
1301	26672	2	6	5	1	0	0	2	20	236	5	28	20064	400	0	5	0	156,400,404,408,412,912
1301	26689	2	2	5	1	0	0	1	17	94	5	27	24160	912	0	5	0	158,912
1301	26690	2	2	5	1	0	0	1	17	94	5	27	24160	912	0	5	0	158,912
1301	26692	2	6	5	1	0	0	2	20	236	5	28	20064	400	0	5	0	156,400,404,408,412,912
1301	26696	2	6	5	1	0	0	2	20	236	5	28	20064	400	0	5	0	156,400,404,408,412,912
1301	26704	2	6	5	1	0	0	2	20	236	5	28	20064	400	0	5	0	156,400,404,408,412,912
1301	26720	1	1	6	0	0	0	2	19	94	5	29	24160	896	0	6	0	896
1301	26753	1	1	6	0	2	3	0	19	86	4	27	25500	190	352	4	2	190
1301	26754	1	1	6	0	2	3	0	19	86	4	27	25500	190	352	4	2	190
1301	26756	1	1	6	0	1	3	0	20	77	4	28	20064	188	1048	5	1	188
1301	26760	1	1	6	0	1	3	0	20	77	4	28	20064	188	1044	5	1	188
1301	26768	1	1	6	0	1	3	0	20	77	4	28	20064	188	1036	5	1	188
1301	26784	1	1	6	0	1	2	0	19	94	5	29	25500	188	320	5	1	188
1301	26816	1	1	6	0	1	2	0	19	94	5	29	25500	188	288	5	1	188
1301	26881	1	1	6	0	2	3	0	19	86	4	27	25500	190	224	4	2	190
1301	26882	1	1	6	0	2	3	0	19	86	4	27	25500	190	224	4	2	190
1301	26884	1	1	6	0	1	3	0	20	77	4	28	20064	188	1048	5	1	188
1301	26888	1	1	6	0	1	3	0	20	77	4	28	20064	188	1044	5	1	188
1301	26896	1	1	6	0	1	3	0	20	77	4	28	20064	188	1036	5	1	188
1301	26912	1	1	6	0	1	2	0	19	94	5	29	25500	188	192	5	1	188
1301	26944	1	1	6	0	1	2	0	19	94	5	29	25500	188	160	5	1	188
1301	27008	0	1	7	0	1	2	0	23	11	3	29	25500	252	96	5	2	252
1301	27137	2	4	5	1	0	0	2	19	77	4	27	24160	816	0	5	0	62,206,816,960
1301	27138	2	4	5	1	0	0	2	19	77	4	27	24160	816	0	5	0	62,206,816,960
1301	27140	2	24	5	1	0	0	3	22	13	3	28	20064	304	0	5	0	60,62,204,206,304,306,308,310,312,314,316,318,704,706,708,710,712,714,716,718,816,818,960,962
1301	27144	2	24	5	1	0	0	3	22	13	3	28	20064	304	0	5	0	60,62,204,206,304,306,308,310,312,314,316,318,704,706,708,710,712,714,716,718,816,818,960,962
1301	27152	2	24	5	1	0	0	3	22	13	3	28	20064	304	0	5	0	60,62,204,206,304,306,308,310,312,314,316,318,704,706,708,710,712,714,716,718,816,818,960,962
1301	27168	1	4	6	0	0	0	2	23	13	3	29	24160	800	0	6	0	220,222,800,802
1301	27200	1	4	6	0	0	0	2	23	13	3	29	24160	800	0	6	0	220,222,800,802
1301	27264	1	4	6	0	1	1	0	23	13	3	29	32256	896	256	5	1	124,126,896,898
1301	27392	1	4	6	0	1	1	0	23	13	3	29	32256	896	128	5	1	124,126,896,898
1301	27649	0	1	7	0	3	3	0	20	77	4	28	20064	318	28	4	3	318
1301	27650	0	1	7	0	3	3	0	20	77	4	28	20064	318	28	4	3	318
1301	27652	0	1	7	0	2	2	0	19	94	5	29	20064	316	24	5	2	316
1301	27656	0	1	7	0	2	2	0	19	94	5	29	20064	316	20	5	2	316
1301	27664	0	1	7	0	2	2	0	19	94	5	29	20064	316	12	5	2	316
1301	27680	0	1	7	0	2	3	0	22	77	4	30	20064	316	28	4	3	316
1301	27712	0	1	7	0	2	3	0	22	77	4	30	20064	316	28	4	3	316
1301	27776	0	1	7	0	3	3	0	22	30	4	30	20064	380	28	4	3	380
1301	27904	0	1	7	0	3	3	0	22	30	4	30	20064	380	28	4	3	380
1301	28160	0	4	7	0	2	2	0	26	3	2	30	32256	896	384	3	4	124,126,896,898
1301	28675	0	1	7	0	0	0	2	17	30	4	25	20064	920	0	7	0	920
1301	28677	0	1	7	0	0	0	2	18	86	4	26	20064	920	0	7	0	920
1301	28678	0	1	7	0	0	0	2	18	86	4	26	20064	920	0	7	0	920
1301	28681	0	1	7	0	0	0	2	18	86	4	26	20064	920	0	7	0	920
1301	28682	0	1	7	0	0	0	2	18	86	4	26	20064	920	0	7	0	920
1301	28684	0	1	7	0	0	0	2	19	30	4	27	20064	920	0	7	0	920
1301	28689	0	1	7	0	0	0	2	18	86	4	26	20064	920	0	7	0	920
1301	28690	0	1	7	0	0	0	2	18	86	4	26	20064	920	0	7	0	920
1301	28692	0	1	7	0	0	0	2	19	30	4	27	20064	920	0	7	0	920
1301	28696	0	1	7	0	0	0	2	19	30	4	27	20064	920	0	7	0	920
1301	28705	0	1	7	0	0	0	2	17	94	5	27	20064	912	0	7	0	912
1301	28706	0	1	7	0	0	0	2	17	94	5	27	20064	912	0	7	0	912
1301	28708	0	1	7	0	0	0	2	18	94	5	28	20064	912	0	7	0	912
1301	28712	0	1	7	0	0	0	2	18	94	5	28	20064	912	0	7	0	912
1301	28720	0	1	7	0	0	0	2	18	94	5	28	20064	912	0	7	0	912
1301	28737	0	1	7	0	0	0	2	17	94	5	27	20064	912	0	7	0	912
1301	28738	0	1	7	0	0	0	2	17	94	5	27	20064	912	0	7	0	912
1301	28740	0	1	7	0	0	0	2	18	94	5	28	20064	912	0	7	0	912
1301	28744	0	1	7	0	0	0	2	18	94	5	28	20064	912	0	7	0	912
1301	28752	0	1	7	0	0	0	2	18	94	5	28	20064	912	0	7	0	912
1301	28768	0	1	7	0	0	0	3	17	222	6	29	20064	896	0	7	0	896
1301	28801	0	1	7	0	0	0	2	23	3	2	27	20064	944	0	7	0	944
1301	28802	0	1	7	0	0	0	2	23	3	2	27	20064	944	0	7	0	944
1301	28804	0	1	7	0	0	0	2	24	3	2	28	20064	944	0	7	0	944
1301	28808	0	1	7	0	0	0	2	24	3	2	28	20064	944	0	7	0	944
1301	28816	0	1	7	0	0	0	2	24	3	2	28	20064	944	0	7	0	944
1301	28832	0	1	7	0	0	0	2	21	75	4	29	20064	928	0	7	0	928
1301	28864	0	1	7	0	0	0	2	21	75	4	29	20064	928	0	7	0	928
1301	28929	0	1	7	0	0	0	2	23	3	2	27	20064	944	0	7	0	944
1301	28930	0	1	7	0	0	0	2	23	3	2	27	20064	944	0	7	0	944
1301	28932	0	1	7	0	0	0	2	24	3	2	28	20064	944	0	7	0	944
1301	28936	0	1	7	0	0	0	2	24	3	2	28	20064	944	0	7	0	944
1301	28944	0	1	7	0	0	0	2	24	3	2	28	20064	944	0	7	0	944
1301	28960	0	1	7	0	0	0	2	21	75	4	29	20064	928	0	7	0	928
1301	28992	0	1	7	0	0	0	2	21	75	4	29	20064	928	0	7	0	928
1301	29056	0	8	7	0	0	0	4	29	0	0	29	20064	992	0	7	0	156,188,220,252,896,928,960,992
1301	29185	0	2	7	0	0	0	3	19	77	4	27	20064	816	0	7	0	206,816
1301	29186	0	2	7	0	0	0	3	19	77	4	27	20064	816	0	7	0	206,816
1301	29188	0	4	7	0	0	0	3	22	13	3	28	20064	816	0	7	0	204,206,816,818
1301	29192	0	4	7	0	0	0	3	22	13	3	28	20064	816	0	7	0	204,206,816,818
1301	29200	0	4	7	0	0	0	3	22	13	3	28	20064	816	0	7	0	204,206,816,818
1301	29216	0	4	7	0	0	0	3	21	77	4	29	20064	800	0	7	0	220,222,800,802
1301	29248	0	4	7	0	0	0	3	21	77	4	29	20064	800	0	7	0	220,222,800,802
1301	29312	0	4	7	0	0	0	3	25	3	2	29	20064	864	0	7	0	156,158,864,866
1301	29440	0	4	7	0	0	0	3	25	3	2	29	20064	864	0	7	0	156,158,864,866
1301	29697	0	1	7	0	0	0	2	22	13	3	28	20064	816	0	7	0	816
1301	29698	0	1	7	0	0	0	2	22	13	3	28	20064	816	0	7	0	816
1301	29700	0	1	7	0	0	0	2	21	77	4	29	20064	816	0	7	0	816
1301	29704	0	1	7	0	0	0	2	21	77	4	29	20064	816	0	7	0	816
1301	29712	0	1	7	0	0	0	2	21	77	4	29	20064	816	0	7	0	816
1301	29728	0	1	7	0	0	0	2	22	77	4	30	20064	800	0	7	0	800
1301	29760	0	1	7	0	0	0	2	22	77	4	30	20064	800	0	7	0	800
1301	29824	0	1	7	0	0	0	2	26	3	2	30	20064	864	0	7	0	864
1301	29952	0	1	7	0	0	0	2	26	3	2	30	20064	864	0	7	0	864
1301	30208	0	4	7	0	0	0	3	26	12	2	30	20064	608	0	7	0	412,414,608,610
1301	30721	0	1	7	0	0	0	2	22	13	3	28	20064	816	0	7	0	816
1301	30722	0	1	7	0	0	0	2	22	13	3	28	20064	816	0	7	0	816
1301	30724	0	1	7	0	0	0	2	21	77	4	29	20064	816	0	7	0	816
1301	30728	0	1	7	0	0	0	2	21	77	4	29	20064	816	0	7	0	816
1301	30736	0	1	7	0	0	0	2	21	77	4	29	20064	816	0	7	0	816
1301	30752	0	1	7	0	0	0	2	22	77	4	30	20064	800	0	7	0	800
1301	30784	0	1	7	0	0	0	2	22	77	4	30	20064	800	0	7	0	800
1301	30848	0	1	7	0	0	0	2	26	3	2	30	20064	864	0	7	0	864
1301	30976	0	1	7	0	0	0	2	26	3	2	30	20064	864	0	7	0	864
1301	31232	0	4	7	0	0	0	3	26	12	2	30	20064	608	0	7	0	412,414,608,610
1301	31744	0	8	7	0	0	0	2	27	3	2	31	20064	608	0	7	0	608,612,616,620,624,628,632,636
