id	Y_mask	dH	optH_count	q	good	delta_min	rho	compatible_optG	ell	Y_type	Y_edges	degree_sum	f_witness	h_witness_local	S_mask	R_witness	Delta_witness	optH_masks_local
1352	31	1	1	6	0	1	1	0	20	0	0	20	22400	572	4096	5	1	572
1352	47	2	2	5	1	0	0	2	20	0	0	20	31296	978	0	5	0	466,978
1352	55	2	2	5	1	0	0	2	20	0	0	20	22400	700	0	5	0	572,700
1352	59	2	4	5	1	0	0	2	20	0	0	20	31296	978	0	5	0	450,466,962,978
1352	61	3	14	4	1	0	0	8	20	0	0	20	22400	700	0	4	0	450,466,482,556,572,684,700,812,936,940,962,978,992,994
1352	62	3	14	4	1	0	0	8	20	0	0	20	22400	700	0	4	0	450,466,482,556,572,684,700,812,936,940,962,978,992,994
1352	79	3	14	4	1	0	0	8	20	0	0	20	22400	700	0	4	0	450,466,482,540,572,604,668,700,728,732,962,976,978,994
1352	87	2	4	5	1	0	0	2	20	0	0	20	22400	700	0	5	0	540,572,668,700
1352	91	2	4	5	1	0	0	4	20	0	0	20	31776	994	0	5	0	450,482,962,994
1352	93	2	2	5	1	0	0	4	20	0	0	20	31776	994	0	5	0	482,994
1352	94	2	2	5	1	0	0	4	20	0	0	20	31776	994	0	5	0	482,994
1352	103	2	2	5	1	0	0	2	20	0	0	20	31296	976	0	5	0	728,976
1352	107	1	1	6	0	0	0	2	20	0	0	20	31296	976	0	6	0	976
1352	109	2	2	5	1	0	0	6	20	0	0	20	31296	976	0	5	0	976,992
1352	110	2	2	5	1	0	0	6	20	0	0	20	31296	976	0	5	0	976,992
1352	115	2	1	5	1	0	0	2	20	0	0	20	31296	976	0	5	0	976
1352	117	3	6	4	1	0	0	8	20	0	0	20	22400	700	0	4	0	482,700,936,976,992,994
1352	118	3	6	4	1	0	0	8	20	0	0	20	22400	700	0	4	0	482,700,936,976,992,994
1352	121	1	1	6	0	0	0	4	20	0	0	20	31776	992	0	6	0	992
1352	122	1	1	6	0	0	0	4	20	0	0	20	31776	992	0	6	0	992
1352	124	1	1	6	0	0	0	4	20	0	0	20	31776	992	0	6	0	992
1352	143	2	2	5	1	0	0	2	21	0	0	21	22400	696	0	5	0	696,728
1352	151	1	1	6	0	0	0	2	21	0	0	21	22400	696	0	6	0	696
1352	155	2	1	5	1	1	1	0	21	0	0	21	22404	569	4096	4	1	454
1352	157	2	2	5	1	0	0	2	21	0	0	21	22400	696	0	5	0	696,936
1352	158	2	2	5	1	0	0	2	21	0	0	21	22400	696	0	5	0	696,936
1352	167	2	2	5	1	0	0	2	19	1	1	21	22400	696	0	5	0	696,728
1352	171	2	1	5	1	0	0	2	19	1	1	21	31296	980	0	5	0	980
1352	173	3	6	4	1	0	0	6	19	1	1	21	22400	696	0	4	0	696,810,936,938,980,992
1352	174	3	6	4	1	0	0	6	19	1	1	21	22400	696	0	4	0	696,810,936,938,980,992
1352	179	3	6	4	1	0	0	4	19	1	1	21	22400	696	0	4	0	326,454,696,728,936,980
1352	181	2	2	5	1	0	0	2	19	1	1	21	22400	696	0	5	0	696,936
1352	182	2	2	5	1	0	0	2	19	1	1	21	22400	696	0	5	0	696,936
1352	185	2	2	5	1	0	0	2	19	1	1	21	31776	992	0	5	0	936,992
1352	186	2	2	5	1	0	0	2	19	1	1	21	31776	992	0	5	0	936,992
1352	188	1	1	6	0	1	1	0	19	1	1	21	30592	936	512	4	2	936
1352	199	1	1	6	0	1	2	0	19	1	1	21	22400	728	3072	5	1	728
1352	203	2	2	5	1	0	0	1	19	1	1	21	31296	976	0	5	0	728,976
1352	205	3	6	4	1	0	0	7	19	1	1	21	22400	696	0	4	0	294,422,696,728,976,996
1352	206	3	6	4	1	0	0	7	19	1	1	21	22400	696	0	4	0	294,422,696,728,976,996
1352	211	2	1	5	1	1	2	0	19	1	1	21	22400	728	3072	4	1	728
1352	213	2	1	5	1	0	0	2	19	1	1	21	22400	696	0	5	0	696
1352	214	2	1	5	1	0	0	2	19	1	1	21	22400	696	0	5	0	696
1352	217	2	1	5	1	0	0	4	19	1	1	21	31776	996	0	5	0	996
1352	218	2	1	5	1	0	0	4	19	1	1	21	31776	996	0	5	0	996
1352	220	2	3	5	1	0	0	4	19	1	1	21	31776	996	0	5	0	932,936,996
1352	227	2	2	5	1	0	0	2	17	3	2	21	31296	976	0	5	0	728,976
1352	229	3	4	4	1	0	0	4	17	3	2	21	22400	696	0	4	0	294,696,728,976
1352	230	3	4	4	1	0	0	4	17	3	2	21	22400	696	0	4	0	294,696,728,976
1352	233	2	2	5	1	0	0	6	17	3	2	21	31296	976	0	5	0	976,992
1352	234	2	2	5	1	0	0	6	17	3	2	21	31296	976	0	5	0	976,992
1352	236	2	1	5	1	0	0	4	17	3	2	21	31776	992	0	5	0	992
1352	241	3	4	4	1	0	0	6	17	3	2	21	31296	976	0	4	0	936,976,992,996
1352	242	3	4	4	1	0	0	6	17	3	2	21	31296	976	0	4	0	936,976,992,996
1352	244	2	1	5	1	1	1	0	17	3	2	21	30592	936	512	4	1	936
1352	248	1	1	6	0	0	0	4	17	3	2	21	31776	992	0	6	0	992
1352	271	3	9	4	1	0	0	3	19	1	1	21	22400	696	0	4	0	214,454,470,568,600,696,724,728,980
1352	279	2	2	5	1	0	0	2	21	0	0	21	22400	696	0	5	0	568,696
1352	283	2	1	5	1	1	1	0	19	1	1	21	22404	569	4096	3	2	454
1352	285	3	9	4	1	0	0	4	19	1	1	21	22400	696	0	4	0	422,454,486,568,696,808,930,936,994
1352	286	3	9	4	1	0	0	4	19	1	1	21	22400	696	0	4	0	422,454,486,568,696,808,930,936,994
1352	295	2	2	5	1	0	0	2	19	1	1	21	31296	980	0	5	0	724,980
1352	299	2	1	5	1	0	0	2	17	3	2	21	31296	980	0	5	0	980
1352	301	3	3	4	1	0	0	4	17	3	2	21	31296	980	0	4	0	810,980,992
1352	302	3	3	4	1	0	0	4	17	3	2	21	31296	980	0	4	0	810,980,992
1352	307	2	1	5	1	0	0	2	19	1	1	21	31296	980	0	5	0	980
1352	309	3	6	4	1	0	0	5	19	1	1	21	22400	696	0	4	0	696,810,928,936,980,992
1352	310	3	6	4	1	0	0	5	19	1	1	21	22400	696	0	4	0	696,810,928,936,980,992
1352	313	2	1	5	1	0	0	2	17	3	2	21	31776	992	0	5	0	992
1352	314	2	1	5	1	0	0	2	17	3	2	21	31776	992	0	5	0	992
1352	316	2	3	5	1	0	0	2	17	3	2	21	31776	992	0	5	0	928,936,992
1352	327	2	3	5	1	0	0	1	19	1	1	21	31296	976	0	5	0	720,728,976
1352	331	2	1	5	1	0	0	1	17	3	2	21	31296	976	0	5	0	976
1352	333	3	3	4	1	0	0	5	17	3	2	21	31296	976	0	4	0	422,976,996
1352	334	3	3	4	1	0	0	5	17	3	2	21	31296	976	0	4	0	422,976,996
1352	339	2	1	5	1	0	0	1	19	1	1	21	31296	976	0	5	0	976
1352	341	3	6	4	1	0	0	5	19	1	1	21	22400	696	0	4	0	422,486,696,932,976,996
1352	342	3	6	4	1	0	0	5	19	1	1	21	22400	696	0	4	0	422,486,696,932,976,996
1352	345	2	1	5	1	0	0	4	17	3	2	21	31776	996	0	5	0	996
1352	346	2	1	5	1	0	0	4	17	3	2	21	31776	996	0	5	0	996
1352	348	2	2	5	1	0	0	4	17	3	2	21	31776	996	0	5	0	932,996
1352	355	1	1	6	0	0	0	2	17	3	2	21	31296	976	0	6	0	976
1352	357	2	1	5	1	0	0	2	17	3	2	21	31296	976	0	5	0	976
1352	358	2	1	5	1	0	0	2	17	3	2	21	31296	976	0	5	0	976
1352	361	2	2	5	1	0	0	6	15	11	3	21	31296	976	0	5	0	976,992
1352	362	2	2	5	1	0	0	6	15	11	3	21	31296	976	0	5	0	976,992
1352	364	2	1	5	1	0	0	4	15	11	3	21	31776	992	0	5	0	992
1352	369	2	2	5	1	0	0	4	17	3	2	21	31296	976	0	5	0	976,992
1352	370	2	2	5	1	0	0	4	17	3	2	21	31296	976	0	5	0	976,992
1352	372	2	2	5	1	0	0	2	17	3	2	21	31776	992	0	5	0	928,992
1352	376	1	1	6	0	0	0	4	15	11	3	21	31776	992	0	6	0	992
1352	391	1	2	6	0	1	1	0	22	0	0	22	31296	728	8192	5	1	720,728
1352	395	2	4	5	1	0	0	1	20	1	1	22	31296	984	0	5	0	720,728,976,984
1352	397	3	20	4	1	0	0	7	20	1	1	22	22400	688	0	4	0	294,302,422,430,688,720,728,752,802,806,928,930,932,934,944,976,984,992,996,1008
1352	398	3	20	4	1	0	0	7	20	1	1	22	22400	688	0	4	0	294,302,422,430,688,720,728,752,802,806,928,930,932,934,944,976,984,992,996,1008
1352	403	2	4	5	1	0	0	1	22	0	0	22	31296	984	0	5	0	720,728,976,984
1352	405	2	4	5	1	0	0	3	22	0	0	22	22400	688	0	5	0	688,928,932,944
1352	406	2	4	5	1	0	0	3	22	0	0	22	22400	688	0	5	0	688,928,932,944
1352	409	2	4	5	1	0	0	2	20	1	1	22	31776	996	0	5	0	928,932,992,996
1352	410	2	4	5	1	0	0	2	20	1	1	22	31776	996	0	5	0	928,932,992,996
1352	412	1	2	6	0	1	1	0	20	1	1	22	30592	928	512	5	1	928,932
1352	419	2	4	5	1	0	0	2	18	3	2	22	31296	984	0	5	0	720,728,976,984
1352	421	3	14	4	1	0	0	7	18	3	2	22	22400	688	0	4	0	294,302,688,720,728,752,806,928,932,944,976,984,992,1008
1352	422	3	14	4	1	0	0	7	18	3	2	22	22400	688	0	4	0	294,302,688,720,728,752,806,928,932,944,976,984,992,1008
1352	425	2	1	5	1	0	0	2	16	13	3	22	31776	992	0	5	0	992
1352	426	2	1	5	1	0	0	2	16	13	3	22	31776	992	0	5	0	992
1352	428	2	3	5	1	0	0	2	16	13	3	22	31776	992	0	5	0	928,932,992
1352	433	2	2	5	1	0	0	1	18	3	2	22	31776	992	0	5	0	928,992
1352	434	2	2	5	1	0	0	1	18	3	2	22	31776	992	0	5	0	928,992
1352	436	1	1	6	0	1	1	0	18	3	2	22	30592	928	512	5	1	928
1352	440	1	2	6	0	0	0	2	16	13	3	22	31776	992	0	6	0	928,992
1352	451	1	2	6	0	0	0	1	18	3	2	22	31296	976	0	6	0	720,976
1352	453	2	3	5	1	0	0	1	18	3	2	22	31296	976	0	5	0	302,720,976
1352	454	2	3	5	1	0	0	1	18	3	2	22	31296	976	0	5	0	302,720,976
1352	457	2	1	5	1	0	0	1	16	13	3	22	31296	976	0	5	0	976
1352	458	2	1	5	1	0	0	1	16	13	3	22	31296	976	0	5	0	976
1352	460	3	10	4	1	0	0	7	16	13	3	22	30592	944	0	4	0	428,928,932,936,940,944,976,992,1000,1008
1352	465	2	1	5	1	0	0	1	18	3	2	22	31296	976	0	5	0	976
1352	466	2	1	5	1	0	0	1	18	3	2	22	31296	976	0	5	0	976
1352	468	2	3	5	1	0	0	1	18	3	2	22	30592	944	0	5	0	928,936,944
1352	472	2	4	5	1	0	0	4	16	13	3	22	31776	1000	0	5	0	928,936,992,1000
1352	481	2	1	5	1	0	0	2	14	30	4	22	31296	976	0	5	0	976
1352	482	2	1	5	1	0	0	2	14	30	4	22	31296	976	0	5	0	976
1352	484	3	6	4	1	0	0	6	14	30	4	22	30592	944	0	4	0	928,936,944,976,992,1008
1352	488	2	1	5	1	0	0	4	12	94	5	22	31776	992	0	5	0	992
1352	496	2	2	5	1	0	0	2	14	30	4	22	31776	992	0	5	0	928,992
1352	527	1	1	6	0	1	1	0	19	1	1	21	31328	454	16384	5	1	454
1352	535	1	2	6	0	0	0	2	19	1	1	21	22400	696	0	6	0	568,696
1352	539	1	1	6	0	1	1	0	17	3	2	21	22404	569	4096	4	2	454
1352	541	2	3	5	1	0	0	2	17	3	2	21	22400	696	0	5	0	454,568,696
1352	542	2	3	5	1	0	0	2	17	3	2	21	22400	696	0	5	0	454,568,696
1352	551	2	3	5	1	0	0	4	19	1	1	21	22400	696	0	5	0	570,696,964
1352	555	1	1	6	0	0	0	2	17	3	2	21	31296	964	0	6	0	964
1352	557	2	1	5	1	0	0	2	17	3	2	21	31296	964	0	5	0	964
1352	558	2	1	5	1	0	0	2	17	3	2	21	31296	964	0	5	0	964
1352	563	2	2	5	1	0	0	2	17	3	2	21	31296	964	0	5	0	454,964
1352	565	2	1	5	1	0	0	2	17	3	2	21	22400	696	0	5	0	696
1352	566	2	1	5	1	0	0	2	17	3	2	21	22400	696	0	5	0	696
1352	569	2	1	5	1	0	0	2	15	11	3	21	31296	964	0	5	0	964
1352	570	2	1	5	1	0	0	2	15	11	3	21	31296	964	0	5	0	964
1352	572	3	6	4	1	0	0	9	15	11	3	21	22400	696	0	4	0	696,944,952,964,992,996
1352	583	2	3	5	1	0	0	3	21	0	0	21	22400	696	0	5	0	570,696,964
1352	587	1	1	6	0	0	0	1	19	1	1	21	31328	964	0	6	0	964
1352	589	2	2	5	1	0	0	5	19	1	1	21	31328	964	0	5	0	964,996
1352	590	2	2	5	1	0	0	5	19	1	1	21	31328	964	0	5	0	964,996
1352	595	2	2	5	1	0	0	1	19	1	1	21	31328	964	0	5	0	454,964
1352	597	2	1	5	1	0	0	2	19	1	1	21	22400	696	0	5	0	696
1352	598	2	1	5	1	0	0	2	19	1	1	21	22400	696	0	5	0	696
1352	601	2	2	5	1	0	0	5	17	3	2	21	31328	964	0	5	0	964,996
1352	602	2	2	5	1	0	0	5	17	3	2	21	31328	964	0	5	0	964,996
1352	604	2	1	5	1	0	0	4	17	3	2	21	31776	996	0	5	0	996
1352	611	1	1	6	0	0	0	2	19	1	1	21	31296	960	0	6	0	960
1352	613	2	2	5	1	0	0	4	19	1	1	21	31296	960	0	5	0	960,992
1352	614	2	2	5	1	0	0	4	19	1	1	21	31296	960	0	5	0	960,992
1352	617	1	2	6	0	0	0	6	17	3	2	21	31296	960	0	6	0	960,992
1352	618	1	2	6	0	0	0	6	17	3	2	21	31296	960	0	6	0	960,992
1352	620	1	1	6	0	0	0	4	17	3	2	21	31776	992	0	6	0	992
1352	625	2	2	5	1	0	0	4	17	3	2	21	31296	960	0	5	0	960,992
1352	626	2	2	5	1	0	0	4	17	3	2	21	31296	960	0	5	0	960,992
1352	628	2	2	5	1	0	0	2	17	3	2	21	31776	992	0	5	0	944,992
1352	632	1	1	6	0	0	0	4	15	11	3	21	31776	992	0	6	0	992
1352	647	1	1	6	0	0	0	2	22	0	0	22	22400	688	0	6	0	688
1352	651	2	3	5	1	0	0	2	20	1	1	22	31296	968	0	5	0	460,968,972
1352	653	2	2	5	1	0	0	3	20	1	1	22	22400	688	0	5	0	688,944
1352	654	2	2	5	1	0	0	3	20	1	1	22	22400	688	0	5	0	688,944
1352	659	2	4	5	1	0	0	3	20	1	1	22	22400	688	0	5	0	334,462,688,944
1352	661	1	2	6	0	0	0	3	20	1	1	22	22400	688	0	6	0	688,944
1352	662	1	2	6	0	0	0	3	20	1	1	22	22400	688	0	6	0	688,944
1352	665	2	1	5	1	0	0	1	18	3	2	22	30592	944	0	5	0	944
1352	666	2	1	5	1	0	0	1	18	3	2	22	30592	944	0	5	0	944
1352	668	1	1	6	0	0	0	1	18	3	2	22	30592	944	0	6	0	944
1352	675	2	1	5	1	0	0	2	18	3	2	22	31296	968	0	5	0	968
1352	677	2	2	5	1	0	0	3	18	3	2	22	22400	688	0	5	0	688,944
1352	678	2	2	5	1	0	0	3	18	3	2	22	22400	688	0	5	0	688,944
1352	681	2	2	5	1	0	0	4	16	13	3	22	31296	968	0	5	0	968,992
1352	682	2	2	5	1	0	0	4	16	13	3	22	31296	968	0	5	0	968,992
1352	684	2	2	5	1	0	0	3	16	13	3	22	30592	944	0	5	0	944,992
1352	689	2	1	5	1	0	0	1	16	13	3	22	30592	944	0	5	0	944
1352	690	2	1	5	1	0	0	1	16	13	3	22	30592	944	0	5	0	944
1352	692	1	1	6	0	0	0	1	16	13	3	22	30592	944	0	6	0	944
1352	696	2	2	5	1	0	0	3	14	77	4	22	30592	944	0	5	0	944,992
1352	707	2	4	5	1	0	0	2	20	1	1	22	31296	960	0	5	0	720,960,968,976
1352	709	2	2	5	1	0	0	3	20	1	1	22	22400	688	0	5	0	688,944
1352	710	2	2	5	1	0	0	3	20	1	1	22	22400	688	0	5	0	688,944
1352	713	2	4	5	1	0	0	6	18	12	2	22	31296	960	0	5	0	960,968,992,1000
1352	714	2	4	5	1	0	0	6	18	12	2	22	31296	960	0	5	0	960,968,992,1000
1352	716	2	3	5	1	0	0	5	18	12	2	22	30592	944	0	5	0	944,992,1000
1352	721	2	1	5	1	0	0	1	18	12	2	22	30592	944	0	5	0	944
1352	722	2	1	5	1	0	0	1	18	12	2	22	30592	944	0	5	0	944
1352	724	1	1	6	0	0	0	1	18	12	2	22	30592	944	0	6	0	944
1352	728	2	3	5	1	0	0	5	16	76	3	22	30592	944	0	5	0	944,992,1000
1352	737	2	2	5	1	0	0	4	16	13	3	22	31296	960	0	5	0	960,992
1352	738	2	2	5	1	0	0	4	16	13	3	22	31296	960	0	5	0	960,992
1352	740	2	2	5	1	0	0	3	16	13	3	22	30592	944	0	5	0	944,992
1352	744	1	1	6	0	0	0	4	14	86	4	22	31776	992	0	6	0	992
1352	752	2	2	5	1	0	0	3	14	86	4	22	30592	944	0	5	0	944,992
1352	775	2	5	5	1	0	0	4	22	0	0	22	22400	688	0	5	0	460,562,688,968,972
1352	779	2	3	5	1	0	0	2	18	3	2	22	31296	968	0	5	0	460,968,972
1352	781	3	9	4	1	0	0	8	18	3	2	22	22400	688	0	4	0	460,562,688,818,944,968,972,992,996
1352	782	3	9	4	1	0	0	8	18	3	2	22	22400	688	0	4	0	460,562,688,818,944,968,972,992,996
1352	787	2	4	5	1	0	0	2	20	1	1	22	31296	968	0	5	0	460,462,968,972
1352	789	2	2	5	1	0	0	3	20	1	1	22	22400	688	0	5	0	688,944
1352	790	2	2	5	1	0	0	3	20	1	1	22	22400	688	0	5	0	688,944
1352	793	3	7	4	1	0	0	6	16	13	3	22	30592	944	0	4	0	460,562,944,968,972,992,996
1352	794	3	7	4	1	0	0	6	16	13	3	22	30592	944	0	4	0	460,562,944,968,972,992,996
1352	796	2	1	5	1	0	0	1	16	13	3	22	30592	944	0	5	0	944
1352	803	1	1	6	0	0	0	2	18	3	2	22	31296	968	0	6	0	968
1352	805	2	2	5	1	0	0	4	18	3	2	22	31296	968	0	5	0	968,992
1352	806	2	2	5	1	0	0	4	18	3	2	22	31296	968	0	5	0	968,992
1352	809	2	2	5	1	0	0	5	14	30	4	22	31296	968	0	5	0	968,992
1352	810	2	2	5	1	0	0	5	14	30	4	22	31296	968	0	5	0	968,992
1352	812	2	1	5	1	0	0	3	14	30	4	22	31776	992	0	5	0	992
1352	817	2	2	5	1	0	0	4	16	13	3	22	31296	968	0	5	0	968,992
1352	818	2	2	5	1	0	0	4	16	13	3	22	31296	968	0	5	0	968,992
1352	820	2	3	5	1	0	0	3	16	13	3	22	30592	944	0	5	0	928,944,992
1352	824	2	1	5	1	0	0	3	12	94	5	22	31776	992	0	5	0	992
1352	835	1	2	6	0	0	0	2	20	1	1	22	31296	960	0	6	0	960,968
1352	837	2	4	5	1	0	0	5	20	1	1	22	31296	960	0	5	0	960,968,992,1000
1352	838	2	4	5	1	0	0	5	20	1	1	22	31296	960	0	5	0	960,968,992,1000
1352	841	2	4	5	1	0	0	7	16	13	3	22	31296	960	0	5	0	960,968,992,1000
1352	842	2	4	5	1	0	0	7	16	13	3	22	31296	960	0	5	0	960,968,992,1000
1352	844	2	2	5	1	0	0	5	16	13	3	22	31776	1000	0	5	0	992,1000
1352	849	2	4	5	1	0	0	5	18	12	2	22	31296	960	0	5	0	960,968,992,1000
1352	850	2	4	5	1	0	0	5	18	12	2	22	31296	960	0	5	0	960,968,992,1000
1352	852	2	5	5	1	0	0	4	18	12	2	22	30592	944	0	5	0	928,936,944,992,1000
1352	856	2	2	5	1	0	0	5	14	86	4	22	31776	1000	0	5	0	992,1000
1352	865	1	2	6	0	0	0	5	16	13	3	22	31296	960	0	6	0	960,992
1352	866	1	2	6	0	0	0	5	16	13	3	22	31296	960	0	6	0	960,992
1352	868	1	1	6	0	0	0	3	16	13	3	22	31776	992	0	6	0	992
1352	872	1	1	6	0	0	0	5	12	94	5	22	31776	992	0	6	0	992
1352	880	1	1	6	0	0	0	3	14	86	4	22	31776	992	0	6	0	992
1352	899	1	3	6	0	0	0	2	23	0	0	23	31296	976	0	6	0	960,976,992
1352	901	1	2	6	0	0	0	2	23	0	0	23	30592	928	0	6	0	928,992
1352	902	1	2	6	0	0	0	2	23	0	0	23	30592	928	0	6	0	928,992
1352	905	1	1	6	0	0	0	1	19	3	2	23	32512	992	0	6	0	992
1352	906	1	1	6	0	0	0	1	19	3	2	23	32512	992	0	6	0	992
1352	908	1	2	6	0	0	0	2	19	3	2	23	30592	928	0	6	0	928,992
1352	913	1	2	6	0	0	0	2	21	1	1	23	30592	928	0	6	0	928,992
1352	914	1	2	6	0	0	0	2	21	1	1	23	30592	928	0	6	0	928,992
1352	916	0	1	7	0	0	0	1	21	1	1	23	30592	928	0	7	0	928
1352	920	1	2	6	0	0	0	2	17	13	3	23	30592	928	0	6	0	928,992
1352	929	1	1	6	0	0	0	2	17	11	3	23	31776	992	0	6	0	992
1352	930	1	1	6	0	0	0	2	17	11	3	23	31776	992	0	6	0	992
1352	932	1	2	6	0	0	0	3	17	11	3	23	30592	928	0	6	0	928,992
1352	936	1	1	6	0	0	0	3	13	94	5	23	31776	992	0	6	0	992
1352	944	1	2	6	0	0	0	3	15	77	4	23	30592	928	0	6	0	928,992
1352	961	1	2	6	0	0	0	2	19	3	2	23	31296	960	0	6	0	960,992
1352	962	1	2	6	0	0	0	2	19	3	2	23	31296	960	0	6	0	960,992
1352	964	1	2	6	0	0	0	2	19	3	2	23	30592	928	0	6	0	928,992
1352	968	1	1	6	0	0	0	1	15	86	4	23	32512	992	0	6	0	992
1352	976	1	2	6	0	0	0	2	17	76	3	23	30592	928	0	6	0	928,992
1352	992	1	1	6	0	0	0	3	13	94	5	23	31776	992	0	6	0	992
1352	1039	2	3	5	1	0	0	2	17	3	2	21	22400	696	0	5	0	454,568,696
1352	1047	1	2	6	0	0	0	2	17	3	2	21	22400	696	0	6	0	568,696
1352	1051	1	1	6	0	1	1	0	17	3	2	21	22404	569	4096	4	2	454
1352	1053	1	1	6	0	1	1	0	19	1	1	21	31840	454	16384	5	1	454
1352	1054	1	1	6	0	1	1	0	19	1	1	21	31840	454	16384	5	1	454
1352	1063	2	1	5	1	0	0	2	17	3	2	21	22400	696	0	5	0	696
1352	1067	2	2	5	1	0	0	4	17	3	2	21	31296	996	0	5	0	964,996
1352	1069	2	2	5	1	0	0	4	19	1	1	21	31296	996	0	5	0	964,996
1352	1070	2	2	5	1	0	0	4	19	1	1	21	31296	996	0	5	0	964,996
1352	1075	2	1	5	1	1	1	0	17	3	2	21	22404	569	4096	4	1	454
1352	1077	2	2	5	1	0	0	2	19	1	1	21	22400	696	0	5	0	454,696
1352	1078	2	2	5	1	0	0	2	19	1	1	21	22400	696	0	5	0	454,696
1352	1081	1	1	6	0	0	0	2	19	1	1	21	31840	964	0	6	0	964
1352	1082	1	1	6	0	0	0	2	19	1	1	21	31840	964	0	6	0	964
1352	1084	1	1	6	0	0	0	2	21	0	0	21	31840	964	0	6	0	964
1352	1095	2	1	5	1	0	0	2	15	11	3	21	22400	696	0	5	0	696
1352	1099	2	1	5	1	0	0	4	15	11	3	21	31776	964	0	5	0	964
1352	1101	2	1	5	1	0	0	4	17	3	2	21	31776	964	0	5	0	964
1352	1102	2	1	5	1	0	0	4	17	3	2	21	31776	964	0	5	0	964
1352	1107	2	1	5	1	1	1	0	15	11	3	21	22404	569	4096	4	1	454
1352	1109	2	2	5	1	0	0	2	17	3	2	21	22400	696	0	5	0	454,696
1352	1110	2	2	5	1	0	0	2	17	3	2	21	22400	696	0	5	0	454,696
1352	1113	1	1	6	0	0	0	4	17	3	2	21	31776	964	0	6	0	964
1352	1114	1	1	6	0	0	0	4	17	3	2	21	31776	964	0	6	0	964
1352	1116	1	1	6	0	0	0	4	19	1	1	21	31776	964	0	6	0	964
1352	1123	2	1	5	1	0	0	2	15	11	3	21	31296	992	0	5	0	992
1352	1125	2	1	5	1	0	0	2	17	3	2	21	31296	992	0	5	0	992
1352	1126	2	1	5	1	0	0	2	17	3	2	21	31296	992	0	5	0	992
1352	1129	1	2	6	0	0	0	6	17	3	2	21	31296	992	0	6	0	960,992
1352	1130	1	2	6	0	0	0	6	17	3	2	21	31296	992	0	6	0	960,992
1352	1132	1	2	6	0	0	0	6	19	1	1	21	31296	992	0	6	0	960,992
1352	1137	2	3	5	1	0	0	6	17	3	2	21	31296	992	0	5	0	960,964,992
1352	1138	2	3	5	1	0	0	6	17	3	2	21	31296	992	0	5	0	960,964,992
1352	1140	2	3	5	1	0	0	6	19	1	1	21	31296	992	0	5	0	960,964,992
1352	1144	0	1	7	0	0	0	4	19	1	1	21	31776	960	0	7	0	960
1352	1159	1	2	6	0	0	0	2	18	3	2	22	22400	688	0	6	0	688,752
1352	1163	2	1	5	1	1	1	0	18	3	2	22	22400	752	2048	4	1	752
1352	1165	2	2	5	1	0	0	2	20	1	1	22	22400	688	0	5	0	688,752
1352	1166	2	2	5	1	0	0	2	20	1	1	22	22400	688	0	5	0	688,752
1352	1171	2	4	5	1	0	0	2	18	3	2	22	22400	688	0	5	0	334,462,688,752
1352	1173	1	1	6	0	0	0	2	20	1	1	22	22400	688	0	6	0	688
1352	1174	1	1	6	0	0	0	2	20	1	1	22	22400	688	0	6	0	688
1352	1177	2	3	5	1	0	0	4	20	1	1	22	31776	964	0	5	0	460,964,972
1352	1178	2	3	5	1	0	0	4	20	1	1	22	31776	964	0	5	0	460,964,972
1352	1180	2	6	5	1	0	0	7	22	0	0	22	22400	688	0	5	0	460,688,912,944,964,972
1352	1187	2	1	5	1	1	1	0	16	76	3	22	22400	752	2048	4	1	752
1352	1189	2	2	5	1	0	0	2	18	12	2	22	22400	688	0	5	0	688,752
1352	1190	2	2	5	1	0	0	2	18	12	2	22	22400	688	0	5	0	688,752
1352	1193	2	4	5	1	0	0	6	18	12	2	22	31296	1000	0	5	0	960,968,992,1000
1352	1194	2	4	5	1	0	0	6	18	12	2	22	31296	1000	0	5	0	960,968,992,1000
1352	1196	2	4	5	1	0	0	6	20	1	1	22	31296	1000	0	5	0	960,968,992,1000
1352	1201	3	14	4	1	0	0	10	18	12	2	22	22400	688	0	4	0	460,688,690,752,912,944,960,964,968,972,976,992,1000,1008
1352	1202	3	14	4	1	0	0	10	18	12	2	22	22400	688	0	4	0	460,688,690,752,912,944,960,964,968,972,976,992,1000,1008
1352	1204	2	3	5	1	0	0	3	20	1	1	22	22400	688	0	5	0	688,912,944
1352	1208	1	2	6	0	0	0	4	20	1	1	22	31776	960	0	6	0	960,968
1352	1219	2	1	5	1	1	1	0	14	77	4	22	22400	752	2048	4	1	752
1352	1221	2	2	5	1	0	0	2	16	13	3	22	22400	688	0	5	0	688,752
1352	1222	2	2	5	1	0	0	2	16	13	3	22	22400	688	0	5	0	688,752
1352	1225	2	2	5	1	0	0	5	16	13	3	22	31296	992	0	5	0	968,992
1352	1226	2	2	5	1	0	0	5	16	13	3	22	31296	992	0	5	0	968,992
1352	1228	2	2	5	1	0	0	5	18	3	2	22	31296	992	0	5	0	968,992
1352	1233	3	9	4	1	0	0	9	16	13	3	22	22400	688	0	4	0	460,688,690,752,944,968,972,992,1008
1352	1234	3	9	4	1	0	0	9	16	13	3	22	22400	688	0	4	0	460,688,690,752,944,968,972,992,1008
1352	1236	2	2	5	1	0	0	3	18	3	2	22	22400	688	0	5	0	688,944
1352	1240	1	1	6	0	0	0	4	18	3	2	22	31776	968	0	6	0	968
1352	1249	2	1	5	1	0	0	2	14	86	4	22	31296	992	0	5	0	992
1352	1250	2	1	5	1	0	0	2	14	86	4	22	31296	992	0	5	0	992
1352	1252	2	1	5	1	0	0	2	16	13	3	22	31296	992	0	5	0	992
1352	1256	1	2	6	0	0	0	6	16	13	3	22	31296	992	0	6	0	960,992
1352	1264	2	3	5	1	0	0	6	16	13	3	22	31296	992	0	5	0	960,968,992
1352	1287	2	2	5	1	0	0	2	18	3	2	22	22400	688	0	5	0	688,752
1352	1291	3	7	4	1	0	0	6	16	76	3	22	31296	1000	0	4	0	460,462,752,964,972,992,1000
1352	1293	3	9	4	1	0	0	8	18	12	2	22	22400	688	0	4	0	398,460,462,688,752,964,972,992,1000
1352	1294	3	9	4	1	0	0	8	18	12	2	22	22400	688	0	4	0	398,460,462,688,752,964,972,992,1000
1352	1299	2	1	5	1	1	1	0	18	3	2	22	22404	561	4096	4	1	462
1352	1301	2	2	5	1	0	0	2	20	1	1	22	22400	688	0	5	0	462,688
1352	1302	2	2	5	1	0	0	2	20	1	1	22	22400	688	0	5	0	462,688
1352	1305	2	3	5	1	0	0	4	18	12	2	22	31776	964	0	5	0	460,964,972
1352	1306	2	3	5	1	0	0	4	18	12	2	22	31776	964	0	5	0	460,964,972
1352	1308	2	3	5	1	0	0	4	20	1	1	22	31776	964	0	5	0	460,964,972
1352	1315	2	2	5	1	0	0	3	16	76	3	22	31296	1000	0	5	0	992,1000
1352	1317	2	2	5	1	0	0	3	18	12	2	22	31296	1000	0	5	0	992,1000
1352	1318	2	2	5	1	0	0	3	18	12	2	22	31296	1000	0	5	0	992,1000
1352	1321	2	4	5	1	0	0	7	16	76	3	22	31296	1000	0	5	0	960,968,992,1000
1352	1322	2	4	5	1	0	0	7	16	76	3	22	31296	1000	0	5	0	960,968,992,1000
1352	1324	2	4	5	1	0	0	7	18	3	2	22	31296	1000	0	5	0	960,968,992,1000
1352	1329	2	4	5	1	0	0	5	18	12	2	22	31296	1000	0	5	0	960,968,992,1000
1352	1330	2	4	5	1	0	0	5	18	12	2	22	31296	1000	0	5	0	960,968,992,1000
1352	1332	2	4	5	1	0	0	5	20	1	1	22	31296	1000	0	5	0	960,968,992,1000
1352	1336	1	2	6	0	0	0	4	18	3	2	22	31776	960	0	6	0	960,968
1352	1347	2	1	5	1	0	0	2	14	77	4	22	31296	992	0	5	0	992
1352	1349	2	1	5	1	0	0	2	16	13	3	22	31296	992	0	5	0	992
1352	1350	2	1	5	1	0	0	2	16	13	3	22	31296	992	0	5	0	992
1352	1353	2	2	5	1	0	0	6	14	86	4	22	31296	992	0	5	0	968,992
1352	1354	2	2	5	1	0	0	6	14	86	4	22	31296	992	0	5	0	968,992
1352	1356	2	2	5	1	0	0	6	16	13	3	22	31296	992	0	5	0	968,992
1352	1361	2	2	5	1	0	0	4	16	13	3	22	31296	992	0	5	0	968,992
1352	1362	2	2	5	1	0	0	4	16	13	3	22	31296	992	0	5	0	968,992
1352	1364	2	2	5	1	0	0	4	18	3	2	22	31296	992	0	5	0	968,992
1352	1368	1	1	6	0	0	0	4	16	13	3	22	31776	968	0	6	0	968
1352	1377	1	1	6	0	0	0	3	14	86	4	22	31296	992	0	6	0	992
1352	1378	1	1	6	0	0	0	3	14	86	4	22	31296	992	0	6	0	992
1352	1380	1	1	6	0	0	0	3	16	13	3	22	31296	992	0	6	0	992
1352	1384	1	2	6	0	0	0	7	14	77	4	22	31296	992	0	6	0	960,992
1352	1392	1	2	6	0	0	0	5	16	13	3	22	31296	992	0	6	0	960,992
1352	1411	1	2	6	0	0	0	1	19	3	2	23	32512	992	0	6	0	736,992
1352	1413	1	2	6	0	0	0	1	21	1	1	23	32512	992	0	6	0	736,992
1352	1414	1	2	6	0	0	0	1	21	1	1	23	32512	992	0	6	0	736,992
1352	1417	1	1	6	0	0	0	1	19	12	2	23	32512	992	0	6	0	992
1352	1418	1	1	6	0	0	0	1	19	12	2	23	32512	992	0	6	0	992
1352	1420	1	1	6	0	0	0	1	21	1	1	23	32512	992	0	6	0	992
1352	1425	1	1	6	0	0	0	1	21	1	1	23	32512	992	0	6	0	992
1352	1426	1	1	6	0	0	0	1	21	1	1	23	32512	992	0	6	0	992
1352	1428	1	2	6	0	0	0	2	23	0	0	23	30592	928	0	6	0	928,992
1352	1432	1	3	6	0	0	0	3	21	1	1	23	31776	968	0	6	0	960,968,992
1352	1441	1	1	6	0	0	0	1	17	76	3	23	32512	992	0	6	0	992
1352	1442	1	1	6	0	0	0	1	17	76	3	23	32512	992	0	6	0	992
1352	1444	1	1	6	0	0	0	1	19	3	2	23	32512	992	0	6	0	992
1352	1448	1	2	6	0	0	0	3	17	13	3	23	31776	960	0	6	0	960,992
1352	1456	1	2	6	0	0	0	2	19	3	2	23	31776	960	0	6	0	960,992
1352	1473	1	1	6	0	0	0	2	15	77	4	23	31296	992	0	6	0	992
1352	1474	1	1	6	0	0	0	2	15	77	4	23	31296	992	0	6	0	992
1352	1476	1	1	6	0	0	0	2	17	11	3	23	31296	992	0	6	0	992
1352	1480	1	1	6	0	0	0	2	15	77	4	23	31296	992	0	6	0	992
1352	1488	1	1	6	0	0	0	2	17	11	3	23	31296	992	0	6	0	992
1352	1504	1	1	6	0	0	0	3	13	94	5	23	31296	992	0	6	0	992
1352	1543	2	2	5	1	0	0	2	16	11	3	22	22400	688	0	5	0	562,688
1352	1547	2	2	5	1	0	0	3	14	77	4	22	31328	972	0	5	0	460,972
1352	1549	2	2	5	1	0	0	3	16	13	3	22	31328	972	0	5	0	460,972
1352	1550	2	2	5	1	0	0	3	16	13	3	22	31328	972	0	5	0	460,972
1352	1555	2	1	5	1	1	1	0	14	77	4	22	22404	561	4096	4	1	462
1352	1557	2	2	5	1	0	0	2	16	13	3	22	22400	688	0	5	0	462,688
1352	1558	2	2	5	1	0	0	2	16	13	3	22	22400	688	0	5	0	462,688
1352	1561	2	2	5	1	0	0	3	14	77	4	22	31328	972	0	5	0	460,972
1352	1562	2	2	5	1	0	0	3	14	77	4	22	31328	972	0	5	0	460,972
1352	1564	2	2	5	1	0	0	3	16	11	3	22	31328	972	0	5	0	460,972
1352	1571	2	1	5	1	0	0	3	14	77	4	22	31296	968	0	5	0	968
1352	1573	2	1	5	1	0	0	3	16	13	3	22	31296	968	0	5	0	968
1352	1574	2	1	5	1	0	0	3	16	13	3	22	31296	968	0	5	0	968
1352	1577	1	1	6	0	0	0	4	14	77	4	22	31296	968	0	6	0	968
1352	1578	1	1	6	0	0	0	4	14	77	4	22	31296	968	0	6	0	968
1352	1580	1	1	6	0	0	0	4	16	11	3	22	31296	968	0	6	0	968
1352	1585	2	1	5	1	0	0	3	14	77	4	22	31296	968	0	5	0	968
1352	1586	2	1	5	1	0	0	3	14	77	4	22	31296	968	0	5	0	968
1352	1588	2	1	5	1	0	0	3	16	11	3	22	31296	968	0	5	0	968
1352	1592	1	1	6	0	0	0	4	14	75	4	22	31296	968	0	6	0	968
1352	1603	2	1	5	1	0	0	3	14	75	4	22	31328	968	0	5	0	968
1352	1605	2	1	5	1	0	0	3	16	11	3	22	31328	968	0	5	0	968
1352	1606	2	1	5	1	0	0	3	16	11	3	22	31328	968	0	5	0	968
1352	1609	1	1	6	0	0	0	5	14	77	4	22	31328	968	0	6	0	968
1352	1610	1	1	6	0	0	0	5	14	77	4	22	31328	968	0	6	0	968
1352	1612	1	1	6	0	0	0	5	16	13	3	22	31328	968	0	6	0	968
1352	1617	2	1	5	1	0	0	3	14	77	4	22	31328	968	0	5	0	968
1352	1618	2	1	5	1	0	0	3	14	77	4	22	31328	968	0	5	0	968
1352	1620	2	1	5	1	0	0	3	16	13	3	22	31328	968	0	5	0	968
1352	1624	1	1	6	0	0	0	5	14	77	4	22	31328	968	0	6	0	968
1352	1633	1	1	6	0	0	0	4	14	77	4	22	31296	960	0	6	0	960
1352	1634	1	1	6	0	0	0	4	14	77	4	22	31296	960	0	6	0	960
1352	1636	1	1	6	0	0	0	4	16	13	3	22	31296	960	0	6	0	960
1352	1640	0	1	7	0	0	0	6	14	77	4	22	31296	960	0	7	0	960
1352	1648	1	1	6	0	0	0	4	14	77	4	22	31296	960	0	6	0	960
1352	1667	2	2	5	1	0	0	1	17	11	3	23	32512	992	0	5	0	736,992
1352	1669	2	4	5	1	0	0	4	19	3	2	23	22400	672	0	5	0	672,736,928,992
1352	1670	2	4	5	1	0	0	4	19	3	2	23	22400	672	0	5	0	672,736,928,992
1352	1673	2	5	5	1	0	0	7	17	13	3	23	31296	976	0	5	0	960,968,976,984,992
1352	1674	2	5	5	1	0	0	7	17	13	3	23	31296	976	0	5	0	960,968,976,984,992
1352	1676	2	6	5	1	0	0	8	19	3	2	23	30592	928	0	5	0	928,960,968,976,984,992
1352	1681	2	2	5	1	0	0	2	17	13	3	23	30592	928	0	5	0	928,992
1352	1682	2	2	5	1	0	0	2	17	13	3	23	30592	928	0	5	0	928,992
1352	1684	1	1	6	0	0	0	1	19	3	2	23	30592	928	0	6	0	928
1352	1688	2	6	5	1	0	0	8	17	11	3	23	30592	928	0	5	0	928,960,968,976,984,992
1352	1697	2	3	5	1	0	0	5	15	86	4	23	31296	976	0	5	0	960,976,992
1352	1698	2	3	5	1	0	0	5	15	86	4	23	31296	976	0	5	0	960,976,992
1352	1700	2	4	5	1	0	0	6	17	13	3	23	30592	928	0	5	0	928,960,976,992
1352	1704	1	2	6	0	0	0	6	15	77	4	23	31296	976	0	6	0	960,976
1352	1712	2	4	5	1	0	0	6	15	77	4	23	30592	928	0	5	0	928,960,976,992
1352	1729	2	3	5	1	0	0	5	15	77	4	23	31296	960	0	5	0	960,976,992
1352	1730	2	3	5	1	0	0	5	15	77	4	23	31296	960	0	5	0	960,976,992
1352	1732	2	4	5	1	0	0	6	17	13	3	23	30592	928	0	5	0	928,960,976,992
1352	1736	1	2	6	0	0	0	6	15	86	4	23	31296	960	0	6	0	960,976
1352	1744	2	4	5	1	0	0	6	15	86	4	23	30592	928	0	5	0	928,960,976,992
1352	1760	1	1	6	0	0	0	4	15	236	5	23	31296	960	0	6	0	960
1352	1795	2	4	5	1	0	0	5	17	11	3	23	31296	976	0	5	0	960,968,976,984
1352	1797	2	4	5	1	0	0	5	19	3	2	23	31296	976	0	5	0	960,968,976,984
1352	1798	2	4	5	1	0	0	5	19	3	2	23	31296	976	0	5	0	960,968,976,984
1352	1801	2	4	5	1	0	0	7	15	86	4	23	31296	976	0	5	0	960,968,976,984
1352	1802	2	4	5	1	0	0	7	15	86	4	23	31296	976	0	5	0	960,968,976,984
1352	1804	2	4	5	1	0	0	7	17	13	3	23	31296	976	0	5	0	960,968,976,984
1352	1809	2	4	5	1	0	0	5	17	13	3	23	31296	976	0	5	0	960,968,976,984
1352	1810	2	4	5	1	0	0	5	17	13	3	23	31296	976	0	5	0	960,968,976,984
1352	1812	2	5	5	1	0	0	6	19	3	2	23	30592	928	0	5	0	928,960,968,976,984
1352	1816	2	4	5	1	0	0	7	15	77	4	23	31296	976	0	5	0	960,968,976,984
1352	1825	1	2	6	0	0	0	5	15	86	4	23	31296	976	0	6	0	960,976
1352	1826	1	2	6	0	0	0	5	15	86	4	23	31296	976	0	6	0	960,976
1352	1828	1	2	6	0	0	0	5	17	13	3	23	31296	976	0	6	0	960,976
1352	1832	1	2	6	0	0	0	7	13	94	5	23	31296	976	0	6	0	960,976
1352	1840	1	2	6	0	0	0	5	15	77	4	23	31296	976	0	6	0	960,976
1352	1857	1	2	6	0	0	0	5	15	77	4	23	31296	960	0	6	0	960,976
1352	1858	1	2	6	0	0	0	5	15	77	4	23	31296	960	0	6	0	960,976
1352	1860	1	2	6	0	0	0	5	17	13	3	23	31296	960	0	6	0	960,976
1352	1864	1	2	6	0	0	0	7	15	236	5	23	31296	960	0	6	0	960,976
1352	1872	1	2	6	0	0	0	5	15	86	4	23	31296	960	0	6	0	960,976
1352	1888	0	1	7	0	0	0	5	15	236	5	23	31296	960	0	7	0	960
1352	1921	0	1	7	0	0	0	1	20	3	2	24	32512	960	0	7	0	960
1352	1922	0	1	7	0	0	0	1	20	3	2	24	32512	960	0	7	0	960
1352	1924	0	1	7	0	0	0	1	22	1	1	24	32512	960	0	7	0	960
1352	1928	0	1	7	0	0	0	1	18	13	3	24	32512	960	0	7	0	960
1352	1936	0	1	7	0	0	0	1	20	3	2	24	32512	960	0	7	0	960
1352	1952	0	1	7	0	0	0	2	16	77	4	24	31776	960	0	7	0	960
1352	1984	0	1	7	0	0	0	2	16	77	4	24	31296	960	0	7	0	960
1352	2063	2	4	5	1	0	0	2	19	1	1	21	22400	760	0	5	0	568,632,696,760
1352	2071	2	4	5	1	0	0	2	17	3	2	21	22400	760	0	5	0	568,632,696,760
1352	2075	2	2	5	1	1	1	0	19	1	1	21	22404	633	4096	3	2	390,454
1352	2077	2	1	5	1	1	1	0	17	3	2	21	31840	454	16384	4	1	454
1352	2078	2	1	5	1	1	1	0	17	3	2	21	31840	454	16384	4	1	454
1352	2087	2	2	5	1	0	0	2	19	1	1	21	22400	760	0	5	0	696,760
1352	2091	2	1	5	1	0	0	2	21	0	0	21	31296	932	0	5	0	932
1352	2093	3	6	4	1	0	0	8	19	1	1	21	22400	760	0	4	0	454,760,932,960,964,976
1352	2094	3	6	4	1	0	0	8	19	1	1	21	22400	760	0	4	0	454,760,932,960,964,976
1352	2099	3	6	4	1	0	0	3	19	1	1	21	22400	760	0	4	0	390,454,696,760,932,976
1352	2101	3	3	4	1	0	0	2	17	3	2	21	22400	760	0	4	0	454,760,976
1352	2102	3	3	4	1	0	0	2	17	3	2	21	22400	760	0	4	0	454,760,976
1352	2105	2	3	5	1	0	0	4	19	1	1	21	31776	960	0	5	0	960,964,976
1352	2106	2	3	5	1	0	0	4	19	1	1	21	31776	960	0	5	0	960,964,976
1352	2108	2	3	5	1	0	0	4	17	3	2	21	31776	960	0	5	0	960,964,976
1352	2119	1	1	6	0	1	1	0	19	1	1	21	22400	696	1024	5	1	696
1352	2123	2	3	5	1	0	0	4	21	0	0	21	31776	964	0	5	0	454,696,964
1352	2125	2	2	5	1	0	0	4	19	1	1	21	31776	964	0	5	0	454,964
1352	2126	2	2	5	1	0	0	4	19	1	1	21	31776	964	0	5	0	454,964
1352	2131	2	2	5	1	1	1	0	19	1	1	21	22400	696	1024	4	1	454,696
1352	2133	2	1	5	1	1	1	0	17	3	2	21	31784	454	16384	4	1	454
1352	2134	2	1	5	1	1	1	0	17	3	2	21	31784	454	16384	4	1	454
1352	2137	1	1	6	0	0	0	4	19	1	1	21	31776	964	0	6	0	964
1352	2138	1	1	6	0	0	0	4	19	1	1	21	31776	964	0	6	0	964
1352	2140	1	1	6	0	0	0	4	17	3	2	21	31776	964	0	6	0	964
1352	2147	2	4	5	1	0	0	2	21	0	0	21	31296	928	0	5	0	688,696,928,944
1352	2149	3	14	4	1	0	0	9	19	1	1	21	22400	760	0	4	0	326,334,454,688,696,752,760,928,944,960,962,976,992,1008
1352	2150	3	14	4	1	0	0	9	19	1	1	21	22400	760	0	4	0	326,334,454,688,696,752,760,928,944,960,962,976,992,1008
1352	2153	1	1	6	0	0	0	4	21	0	0	21	31776	960	0	6	0	960
1352	2154	1	1	6	0	0	0	4	21	0	0	21	31776	960	0	6	0	960
1352	2156	1	1	6	0	0	0	4	19	1	1	21	31776	960	0	6	0	960
1352	2161	2	3	5	1	0	0	4	19	1	1	21	31776	960	0	5	0	960,964,976
1352	2162	2	3	5	1	0	0	4	19	1	1	21	31776	960	0	5	0	960,964,976
1352	2164	2	3	5	1	0	0	4	17	3	2	21	31776	960	0	5	0	960,964,976
1352	2168	0	1	7	0	0	0	4	19	1	1	21	31776	960	0	7	0	960
1352	2183	1	2	6	0	0	0	2	18	3	2	22	22400	752	0	6	0	688,752
1352	2187	2	2	5	1	0	0	1	20	1	1	22	22400	752	0	5	0	688,752
1352	2189	2	1	5	1	0	0	2	18	3	2	22	22400	752	0	5	0	752
1352	2190	2	1	5	1	0	0	2	18	3	2	22	22400	752	0	5	0	752
1352	2195	2	2	5	1	0	0	1	18	3	2	22	22400	752	0	5	0	688,752
1352	2197	2	1	5	1	0	0	2	16	11	3	22	22400	752	0	5	0	752
1352	2198	2	1	5	1	0	0	2	16	11	3	22	22400	752	0	5	0	752
1352	2201	2	2	5	1	0	0	2	18	3	2	22	31776	964	0	5	0	964,976
1352	2202	2	2	5	1	0	0	2	18	3	2	22	31776	964	0	5	0	964,976
1352	2204	2	2	5	1	0	0	2	16	11	3	22	31776	964	0	5	0	964,976
1352	2211	2	2	5	1	0	0	1	18	3	2	22	22400	752	0	5	0	688,752
1352	2213	2	1	5	1	0	0	2	16	13	3	22	22400	752	0	5	0	752
1352	2214	2	1	5	1	0	0	2	16	13	3	22	22400	752	0	5	0	752
1352	2217	2	2	5	1	0	0	2	18	3	2	22	31776	960	0	5	0	960,976
1352	2218	2	2	5	1	0	0	2	18	3	2	22	31776	960	0	5	0	960,976
1352	2220	2	2	5	1	0	0	2	16	13	3	22	31776	960	0	5	0	960,976
1352	2225	2	1	5	1	1	1	0	16	13	3	22	30592	976	512	4	1	976
1352	2226	2	1	5	1	1	1	0	16	13	3	22	30592	976	512	4	1	976
1352	2228	2	1	5	1	1	1	0	14	77	4	22	30592	976	512	4	1	976
1352	2232	1	2	6	0	0	0	2	16	13	3	22	31776	960	0	6	0	960,976
1352	2243	1	1	6	0	1	1	0	18	3	2	22	22400	688	1024	5	1	688
1352	2245	2	3	5	1	0	0	2	16	13	3	22	22400	752	0	5	0	334,688,752
1352	2246	2	3	5	1	0	0	2	16	13	3	22	22400	752	0	5	0	334,688,752
1352	2249	2	1	5	1	0	0	4	18	3	2	22	31776	968	0	5	0	968
1352	2250	2	1	5	1	0	0	4	18	3	2	22	31776	968	0	5	0	968
1352	2252	2	1	5	1	0	0	4	16	13	3	22	31776	968	0	5	0	968
1352	2257	3	9	4	1	0	0	7	16	13	3	22	22400	752	0	4	0	334,460,688,752,944,968,972,976,1008
1352	2258	3	9	4	1	0	0	7	16	13	3	22	22400	752	0	4	0	334,460,688,752,944,968,972,976,1008
1352	2260	3	6	4	1	0	0	8	14	77	4	22	22400	752	0	4	0	460,752,968,972,976,1008
1352	2264	1	1	6	0	0	0	4	16	13	3	22	31776	968	0	6	0	968
1352	2273	3	10	4	1	0	0	9	16	11	3	22	22400	752	0	4	0	334,688,752,928,944,960,964,976,992,1008
1352	2274	3	10	4	1	0	0	9	16	11	3	22	22400	752	0	4	0	334,688,752,928,944,960,964,976,992,1008
1352	2276	3	6	4	1	0	0	8	14	77	4	22	22400	752	0	4	0	752,960,964,976,992,1008
1352	2280	1	1	6	0	0	0	4	16	11	3	22	31776	960	0	6	0	960
1352	2288	2	3	5	1	0	0	4	14	77	4	22	31776	960	0	5	0	960,968,976
1352	2311	2	2	5	1	0	0	2	18	3	2	22	22400	752	0	5	0	688,752
1352	2315	3	6	4	1	0	0	4	18	3	2	22	22400	752	0	4	0	398,462,688,752,936,964
1352	2317	3	3	4	1	0	0	4	16	13	3	22	22400	752	0	4	0	462,752,964
1352	2318	3	3	4	1	0	0	4	16	13	3	22	22400	752	0	4	0	462,752,964
1352	2323	3	6	4	1	0	0	3	18	3	2	22	22400	752	0	4	0	398,462,688,752,936,964
1352	2325	3	3	4	1	0	0	3	16	11	3	22	22400	752	0	4	0	462,752,964
1352	2326	3	3	4	1	0	0	3	16	11	3	22	22400	752	0	4	0	462,752,964
1352	2329	2	1	5	1	0	0	2	16	13	3	22	31776	964	0	5	0	964
1352	2330	2	1	5	1	0	0	2	16	13	3	22	31776	964	0	5	0	964
1352	2332	2	1	5	1	0	0	2	14	77	4	22	31776	964	0	5	0	964
1352	2339	2	1	5	1	0	0	2	18	3	2	22	31296	936	0	5	0	936
1352	2341	3	4	4	1	0	0	6	16	13	3	22	22400	752	0	4	0	752,936,960,992
1352	2342	3	4	4	1	0	0	6	16	13	3	22	22400	752	0	4	0	752,936,960,992
1352	2345	2	1	5	1	0	0	2	16	11	3	22	31776	960	0	5	0	960
1352	2346	2	1	5	1	0	0	2	16	11	3	22	31776	960	0	5	0	960
1352	2348	2	1	5	1	0	0	2	14	77	4	22	31776	960	0	5	0	960
1352	2353	2	1	5	1	0	0	1	16	13	3	22	31776	960	0	5	0	960
1352	2354	2	1	5	1	0	0	1	16	13	3	22	31776	960	0	5	0	960
1352	2356	2	1	5	1	0	0	1	14	77	4	22	31776	960	0	5	0	960
1352	2360	1	1	6	0	0	0	2	14	77	4	22	31776	960	0	6	0	960
1352	2371	2	2	5	1	0	0	1	18	3	2	22	31296	928	0	5	0	688,928
1352	2373	3	7	4	1	0	0	6	16	13	3	22	22400	752	0	4	0	334,462,688,752,928,968,992
1352	2374	3	7	4	1	0	0	6	16	13	3	22	22400	752	0	4	0	334,462,688,752,928,968,992
1352	2377	2	1	5	1	0	0	4	16	11	3	22	31776	968	0	5	0	968
1352	2378	2	1	5	1	0	0	4	16	11	3	22	31776	968	0	5	0	968
1352	2380	2	1	5	1	0	0	4	14	77	4	22	31776	968	0	5	0	968
1352	2385	2	1	5	1	0	0	2	16	13	3	22	31776	968	0	5	0	968
1352	2386	2	1	5	1	0	0	2	16	13	3	22	31776	968	0	5	0	968
1352	2388	2	1	5	1	0	0	2	14	77	4	22	31776	968	0	5	0	968
1352	2392	1	1	6	0	0	0	4	14	77	4	22	31776	968	0	6	0	968
1352	2401	2	3	5	1	0	0	5	16	11	3	22	31296	928	0	5	0	928,960,992
1352	2402	2	3	5	1	0	0	5	16	11	3	22	31296	928	0	5	0	928,960,992
1352	2404	2	2	5	1	0	0	3	14	77	4	22	31776	960	0	5	0	960,992
1352	2408	1	1	6	0	0	0	4	14	75	4	22	31776	960	0	6	0	960
1352	2416	1	1	6	0	0	0	2	14	77	4	22	31776	960	0	6	0	960
1352	2435	2	6	5	1	0	0	4	19	3	2	23	22400	736	0	5	0	672,688,736,928,944,992
1352	2437	2	2	5	1	0	0	4	17	11	3	23	22400	736	0	5	0	736,992
1352	2438	2	2	5	1	0	0	4	17	11	3	23	22400	736	0	5	0	736,992
1352	2441	2	3	5	1	0	0	4	17	13	3	23	30592	992	0	5	0	960,968,992
1352	2442	2	3	5	1	0	0	4	17	13	3	23	30592	992	0	5	0	960,968,992
1352	2444	2	3	5	1	0	0	4	15	77	4	23	30592	992	0	5	0	960,968,992
1352	2449	2	3	5	1	0	0	3	17	11	3	23	30592	992	0	5	0	960,968,992
1352	2450	2	3	5	1	0	0	3	17	11	3	23	30592	992	0	5	0	960,968,992
1352	2452	2	3	5	1	0	0	3	15	75	4	23	30592	992	0	5	0	960,968,992
1352	2456	1	2	6	0	0	0	2	15	77	4	23	31776	968	0	6	0	960,968
1352	2465	2	2	5	1	0	0	3	15	30	4	23	30592	992	0	5	0	960,992
1352	2466	2	2	5	1	0	0	3	15	30	4	23	30592	992	0	5	0	960,992
1352	2468	2	2	5	1	0	0	3	13	94	5	23	30592	992	0	5	0	960,992
1352	2472	1	1	6	0	0	0	2	13	94	5	23	31776	960	0	6	0	960
1352	2480	1	1	6	0	0	0	1	13	94	5	23	31776	960	0	6	0	960
1352	2497	2	2	5	1	0	0	3	15	30	4	23	30592	992	0	5	0	928,992
1352	2498	2	2	5	1	0	0	3	15	30	4	23	30592	992	0	5	0	928,992
1352	2500	2	1	5	1	0	0	2	13	94	5	23	30592	992	0	5	0	992
1352	2504	2	3	5	1	0	0	6	13	94	5	23	30592	992	0	5	0	960,976,992
1352	2512	2	3	5	1	0	0	4	13	94	5	23	30592	992	0	5	0	960,976,992
1352	2528	2	2	5	1	0	0	4	11	222	6	23	30592	992	0	5	0	960,992
1352	2567	1	1	6	0	0	0	2	20	1	1	22	22400	752	0	6	0	752
1352	2571	2	4	5	1	0	0	2	20	1	1	22	22400	752	0	5	0	396,398,752,908
1352	2573	2	1	5	1	0	0	2	18	12	2	22	22400	752	0	5	0	752
1352	2574	2	1	5	1	0	0	2	18	12	2	22	22400	752	0	5	0	752
1352	2579	2	2	5	1	0	0	1	18	3	2	22	22400	752	0	5	0	398,752
1352	2581	2	1	5	1	0	0	2	16	13	3	22	22400	752	0	5	0	752
1352	2582	2	1	5	1	0	0	2	16	13	3	22	22400	752	0	5	0	752
1352	2585	3	9	4	1	0	0	8	16	13	3	22	22400	752	0	4	0	396,460,626,752,908,964,972,992,1008
1352	2586	3	9	4	1	0	0	8	16	13	3	22	22400	752	0	4	0	396,460,626,752,908,964,972,992,1008
1352	2588	3	6	4	1	0	0	8	14	86	4	22	22400	752	0	4	0	460,752,964,972,992,1008
1352	2595	2	3	5	1	0	0	4	20	1	1	22	22400	752	0	5	0	752,904,992
1352	2597	2	2	5	1	0	0	3	18	12	2	22	22400	752	0	5	0	752,992
1352	2598	2	2	5	1	0	0	3	18	12	2	22	22400	752	0	5	0	752,992
1352	2601	2	4	5	1	0	0	7	18	3	2	22	31296	904	0	5	0	904,960,968,992
1352	2602	2	4	5	1	0	0	7	18	3	2	22	31296	904	0	5	0	904,960,968,992
1352	2604	2	3	5	1	0	0	5	16	76	3	22	31776	960	0	5	0	960,968,992
1352	2609	2	1	5	1	0	0	1	16	13	3	22	32512	992	0	5	0	992
1352	2610	2	1	5	1	0	0	1	16	13	3	22	32512	992	0	5	0	992
1352	2612	2	1	5	1	0	0	1	14	86	4	22	32512	992	0	5	0	992
1352	2616	2	3	5	1	0	0	5	14	77	4	22	31776	960	0	5	0	960,968,992
1352	2627	2	6	5	1	0	0	5	22	0	0	22	22400	752	0	5	0	688,752,904,928,968,992
1352	2629	2	3	5	1	0	0	5	20	1	1	22	22400	752	0	5	0	752,968,992
1352	2630	2	3	5	1	0	0	5	20	1	1	22	22400	752	0	5	0	752,968,992
1352	2633	1	1	6	0	0	0	4	20	1	1	22	31776	968	0	6	0	968
1352	2634	1	1	6	0	0	0	4	20	1	1	22	31776	968	0	6	0	968
1352	2636	1	1	6	0	0	0	4	18	12	2	22	31776	968	0	6	0	968
1352	2641	2	2	5	1	0	0	3	18	3	2	22	31776	968	0	5	0	968,992
1352	2642	2	2	5	1	0	0	3	18	3	2	22	31776	968	0	5	0	968,992
1352	2644	2	2	5	1	0	0	3	16	13	3	22	31776	968	0	5	0	968,992
1352	2648	1	1	6	0	0	0	4	16	13	3	22	31776	968	0	6	0	968
1352	2657	1	2	6	0	0	0	3	20	1	1	22	31776	960	0	6	0	960,992
1352	2658	1	2	6	0	0	0	3	20	1	1	22	31776	960	0	6	0	960,992
1352	2660	1	2	6	0	0	0	3	18	12	2	22	31776	960	0	6	0	960,992
1352	2664	0	1	7	0	0	0	4	18	3	2	22	31776	960	0	7	0	960
1352	2672	1	2	6	0	0	0	3	16	13	3	22	31776	960	0	6	0	960,992
1352	2691	1	2	6	0	0	0	3	21	1	1	23	22400	736	0	6	0	736,992
1352	2693	1	2	6	0	0	0	4	19	3	2	23	22400	736	0	6	0	736,992
1352	2694	1	2	6	0	0	0	4	19	3	2	23	22400	736	0	6	0	736,992
1352	2697	1	1	6	0	0	0	2	19	12	2	23	30592	992	0	6	0	992
1352	2698	1	1	6	0	0	0	2	19	12	2	23	30592	992	0	6	0	992
1352	2700	1	1	6	0	0	0	2	17	76	3	23	30592	992	0	6	0	992
1352	2705	1	1	6	0	0	0	2	17	13	3	23	30592	992	0	6	0	992
1352	2706	1	1	6	0	0	0	2	17	13	3	23	30592	992	0	6	0	992
1352	2708	1	1	6	0	0	0	2	15	77	4	23	30592	992	0	6	0	992
1352	2712	1	1	6	0	0	0	2	15	86	4	23	30592	992	0	6	0	992
1352	2721	1	1	6	0	0	0	2	17	13	3	23	30592	992	0	6	0	992
1352	2722	1	1	6	0	0	0	2	17	13	3	23	30592	992	0	6	0	992
1352	2724	1	1	6	0	0	0	2	15	86	4	23	30592	992	0	6	0	992
1352	2728	1	2	6	0	0	0	4	15	86	4	23	30592	992	0	6	0	960,992
1352	2736	1	1	6	0	0	0	2	15	236	5	23	30592	992	0	6	0	992
1352	2753	1	1	6	0	0	0	2	19	3	2	23	30592	992	0	6	0	992
1352	2754	1	1	6	0	0	0	2	19	3	2	23	30592	992	0	6	0	992
1352	2756	1	1	6	0	0	0	2	17	13	3	23	30592	992	0	6	0	992
1352	2760	1	3	6	0	0	0	6	17	76	3	23	30592	992	0	6	0	960,976,992
1352	2768	1	1	6	0	0	0	2	15	86	4	23	30592	992	0	6	0	992
1352	2784	1	2	6	0	0	0	4	15	77	4	23	30592	992	0	6	0	960,992
1352	2819	2	6	5	1	0	0	6	21	1	1	23	22400	736	0	5	0	736,912,920,960,968,992
1352	2821	2	4	5	1	0	0	5	19	3	2	23	22400	736	0	5	0	736,960,968,992
1352	2822	2	4	5	1	0	0	5	19	3	2	23	22400	736	0	5	0	736,960,968,992
1352	2825	2	3	5	1	0	0	4	17	13	3	23	30592	992	0	5	0	960,968,992
1352	2826	2	3	5	1	0	0	4	17	13	3	23	30592	992	0	5	0	960,968,992
1352	2828	2	3	5	1	0	0	4	15	86	4	23	30592	992	0	5	0	960,968,992
1352	2833	2	3	5	1	0	0	3	17	13	3	23	30592	992	0	5	0	960,968,992
1352	2834	2	3	5	1	0	0	3	17	13	3	23	30592	992	0	5	0	960,968,992
1352	2836	2	3	5	1	0	0	3	15	77	4	23	30592	992	0	5	0	960,968,992
1352	2840	2	3	5	1	0	0	4	15	236	5	23	30592	992	0	5	0	960,968,992
1352	2849	1	1	6	0	0	0	2	17	13	3	23	31776	960	0	6	0	960
1352	2850	1	1	6	0	0	0	2	17	13	3	23	31776	960	0	6	0	960
1352	2852	1	1	6	0	0	0	2	15	86	4	23	31776	960	0	6	0	960
1352	2856	1	1	6	0	0	0	3	13	94	5	23	31776	960	0	6	0	960
1352	2864	1	1	6	0	0	0	2	15	236	5	23	31776	960	0	6	0	960
1352	2881	1	2	6	0	0	0	3	19	3	2	23	31776	976	0	6	0	960,976
1352	2882	1	2	6	0	0	0	3	19	3	2	23	31776	976	0	6	0	960,976
1352	2884	1	2	6	0	0	0	3	17	13	3	23	31776	976	0	6	0	960,976
1352	2888	1	2	6	0	0	0	5	15	77	4	23	31776	976	0	6	0	960,976
1352	2896	1	2	6	0	0	0	3	15	86	4	23	31776	976	0	6	0	960,976
1352	2912	0	1	7	0	0	0	3	15	77	4	23	31776	960	0	7	0	960
1352	2945	0	1	7	0	0	0	2	20	3	2	24	30592	960	0	7	0	960
1352	2946	0	1	7	0	0	0	2	20	3	2	24	30592	960	0	7	0	960
1352	2948	0	1	7	0	0	0	2	18	11	3	24	30592	960	0	7	0	960
1352	2952	0	1	7	0	0	0	2	16	86	4	24	30592	960	0	7	0	960
1352	2960	0	1	7	0	0	0	2	16	77	4	24	30592	960	0	7	0	960
1352	2976	0	1	7	0	0	0	3	14	94	5	24	30592	960	0	7	0	960
1352	3008	0	1	7	0	0	0	2	16	30	4	24	30592	960	0	7	0	960
1352	3079	1	1	6	0	0	0	2	14	77	4	22	22400	752	0	6	0	752
1352	3083	2	2	5	1	0	0	1	16	11	3	22	22400	752	0	5	0	398,752
1352	3085	2	2	5	1	0	0	2	16	13	3	22	22400	752	0	5	0	398,752
1352	3086	2	2	5	1	0	0	2	16	13	3	22	22400	752	0	5	0	398,752
1352	3091	2	2	5	1	0	0	1	14	77	4	22	22400	752	0	5	0	398,752
1352	3093	2	2	5	1	0	0	2	14	77	4	22	22400	752	0	5	0	398,752
1352	3094	2	2	5	1	0	0	2	14	77	4	22	22400	752	0	5	0	398,752
1352	3097	2	2	5	1	0	0	2	16	13	3	22	31840	908	0	5	0	396,908
1352	3098	2	2	5	1	0	0	2	16	13	3	22	31840	908	0	5	0	396,908
1352	3100	2	2	5	1	0	0	2	16	11	3	22	31840	908	0	5	0	396,908
1352	3107	2	1	5	1	0	0	1	16	11	3	22	22400	752	0	5	0	752
1352	3109	2	1	5	1	0	0	2	16	13	3	22	22400	752	0	5	0	752
1352	3110	2	1	5	1	0	0	2	16	13	3	22	22400	752	0	5	0	752
1352	3113	2	2	5	1	0	0	4	18	3	2	22	31296	968	0	5	0	904,968
1352	3114	2	2	5	1	0	0	4	18	3	2	22	31296	968	0	5	0	904,968
1352	3116	2	2	5	1	0	0	4	18	3	2	22	31296	968	0	5	0	904,968
1352	3121	3	7	4	1	0	0	6	16	13	3	22	22400	752	0	4	0	396,752,904,908,928,968,992
1352	3122	3	7	4	1	0	0	6	16	13	3	22	22400	752	0	4	0	396,752,904,908,928,968,992
1352	3124	3	7	4	1	0	0	7	16	11	3	22	22400	752	0	4	0	396,752,904,908,928,968,992
1352	3128	1	1	6	0	0	0	2	18	3	2	22	31840	904	0	6	0	904
1352	3139	2	1	5	1	0	0	1	14	75	4	22	22400	752	0	5	0	752
1352	3141	2	1	5	1	0	0	2	14	77	4	22	22400	752	0	5	0	752
1352	3142	2	1	5	1	0	0	2	14	77	4	22	22400	752	0	5	0	752
1352	3145	2	1	5	1	0	0	4	16	11	3	22	31776	904	0	5	0	904
1352	3146	2	1	5	1	0	0	4	16	11	3	22	31776	904	0	5	0	904
1352	3148	2	1	5	1	0	0	4	16	13	3	22	31776	904	0	5	0	904
1352	3153	3	5	4	1	0	0	6	14	77	4	22	22400	752	0	4	0	396,752,904,908,992
1352	3154	3	5	4	1	0	0	6	14	77	4	22	22400	752	0	4	0	396,752,904,908,992
1352	3156	3	5	4	1	0	0	7	14	77	4	22	22400	752	0	4	0	396,752,904,908,992
1352	3160	1	1	6	0	0	0	4	16	13	3	22	31776	904	0	6	0	904
1352	3169	2	2	5	1	0	0	3	16	11	3	22	31296	960	0	5	0	960,992
1352	3170	2	2	5	1	0	0	3	16	11	3	22	31296	960	0	5	0	960,992
1352	3172	2	2	5	1	0	0	3	16	13	3	22	31296	960	0	5	0	960,992
1352	3176	1	2	6	0	0	0	6	18	3	2	22	31296	960	0	6	0	896,960
1352	3184	2	5	5	1	0	0	7	16	13	3	22	31296	960	0	5	0	896,904,928,960,992
1352	3203	1	1	6	0	0	0	1	15	77	4	23	22400	736	0	6	0	736
1352	3205	1	1	6	0	0	0	2	15	77	4	23	22400	736	0	6	0	736
1352	3206	1	1	6	0	0	0	2	15	77	4	23	22400	736	0	6	0	736
1352	3209	2	2	5	1	0	0	3	17	13	3	23	22400	736	0	5	0	736,992
1352	3210	2	2	5	1	0	0	3	17	13	3	23	22400	736	0	5	0	736,992
1352	3212	2	2	5	1	0	0	4	17	11	3	23	22400	736	0	5	0	736,992
1352	3217	2	2	5	1	0	0	3	15	77	4	23	22400	736	0	5	0	736,992
1352	3218	2	2	5	1	0	0	3	15	77	4	23	22400	736	0	5	0	736,992
1352	3220	2	2	5	1	0	0	4	15	75	4	23	22400	736	0	5	0	736,992
1352	3224	2	4	5	1	0	0	6	17	11	3	23	30592	992	0	5	0	904,920,928,992
1352	3233	2	2	5	1	0	0	3	15	86	4	23	22400	736	0	5	0	736,992
1352	3234	2	2	5	1	0	0	3	15	86	4	23	22400	736	0	5	0	736,992
1352	3236	2	2	5	1	0	0	4	15	77	4	23	22400	736	0	5	0	736,992
1352	3240	2	6	5	1	0	0	8	17	13	3	23	30592	992	0	5	0	896,912,928,960,976,992
1352	3248	2	2	5	1	0	0	2	15	77	4	23	30592	992	0	5	0	928,992
1352	3265	2	2	5	1	0	0	3	13	94	5	23	22400	736	0	5	0	736,992
1352	3266	2	2	5	1	0	0	3	13	94	5	23	22400	736	0	5	0	736,992
1352	3268	2	2	5	1	0	0	4	13	94	5	23	22400	736	0	5	0	736,992
1352	3272	2	3	5	1	0	0	7	15	30	4	23	30592	992	0	5	0	912,960,992
1352	3280	2	1	5	1	0	0	2	13	94	5	23	30592	992	0	5	0	992
1352	3296	2	2	5	1	0	0	4	13	94	5	23	30592	992	0	5	0	960,992
1352	3331	2	1	5	1	0	0	1	15	77	4	23	22400	736	0	5	0	736
1352	3333	2	1	5	1	0	0	2	15	77	4	23	22400	736	0	5	0	736
1352	3334	2	1	5	1	0	0	2	15	77	4	23	22400	736	0	5	0	736
1352	3337	3	7	4	1	0	0	8	15	86	4	23	22400	736	0	4	0	412,736,904,920,960,976,992
1352	3338	3	7	4	1	0	0	8	15	86	4	23	22400	736	0	4	0	412,736,904,920,960,976,992
1352	3340	3	7	4	1	0	0	9	15	77	4	23	22400	736	0	4	0	412,736,904,920,960,976,992
1352	3345	3	7	4	1	0	0	6	15	77	4	23	22400	736	0	4	0	412,736,904,920,960,976,992
1352	3346	3	7	4	1	0	0	6	15	77	4	23	22400	736	0	4	0	412,736,904,920,960,976,992
1352	3348	3	7	4	1	0	0	7	15	75	4	23	22400	736	0	4	0	412,736,904,920,960,976,992
1352	3352	2	2	5	1	0	0	4	15	77	4	23	31776	904	0	5	0	904,920
1352	3361	2	2	5	1	0	0	3	15	86	4	23	31296	976	0	5	0	960,976
1352	3362	2	2	5	1	0	0	3	15	86	4	23	31296	976	0	5	0	960,976
1352	3364	2	2	5	1	0	0	3	15	77	4	23	31296	976	0	5	0	960,976
1352	3368	2	4	5	1	0	0	7	15	77	4	23	31296	976	0	5	0	896,912,960,976
1352	3376	2	4	5	1	0	0	5	15	77	4	23	31296	976	0	5	0	896,912,960,976
1352	3393	2	1	5	1	0	0	2	13	94	5	23	31296	960	0	5	0	960
1352	3394	2	1	5	1	0	0	2	13	94	5	23	31296	960	0	5	0	960
1352	3396	2	1	5	1	0	0	2	13	94	5	23	31296	960	0	5	0	960
1352	3400	2	2	5	1	0	0	6	13	94	5	23	31296	960	0	5	0	912,960
1352	3408	2	2	5	1	0	0	4	13	94	5	23	31296	960	0	5	0	912,960
1352	3424	1	1	6	0	0	0	3	13	94	5	23	31296	960	0	6	0	960
1352	3457	1	1	6	0	0	0	2	16	77	4	24	30592	960	0	6	0	960
1352	3458	1	1	6	0	0	0	2	16	77	4	24	30592	960	0	6	0	960
1352	3460	1	1	6	0	0	0	2	16	75	4	24	30592	960	0	6	0	960
1352	3464	1	1	6	0	0	0	2	16	77	4	24	30592	960	0	6	0	960
1352	3472	1	1	6	0	0	0	2	16	75	4	24	30592	960	0	6	0	960
1352	3488	1	1	6	0	0	0	2	14	94	5	24	30592	960	0	6	0	960
1352	3520	1	1	6	0	0	0	3	12	222	6	24	30592	960	0	6	0	960
1352	3587	2	1	5	1	0	0	1	15	75	4	23	22400	736	0	5	0	736
1352	3589	2	1	5	1	0	0	2	15	77	4	23	22400	736	0	5	0	736
1352	3590	2	1	5	1	0	0	2	15	77	4	23	22400	736	0	5	0	736
1352	3593	2	1	5	1	0	0	3	15	77	4	23	31328	920	0	5	0	920
1352	3594	2	1	5	1	0	0	3	15	77	4	23	31328	920	0	5	0	920
1352	3596	2	1	5	1	0	0	3	15	86	4	23	31328	920	0	5	0	920
1352	3601	3	5	4	1	0	0	5	13	94	5	23	22400	736	0	4	0	412,736,920,960,992
1352	3602	3	5	4	1	0	0	5	13	94	5	23	22400	736	0	4	0	412,736,920,960,992
1352	3604	3	5	4	1	0	0	6	13	94	5	23	22400	736	0	4	0	412,736,920,960,992
1352	3608	2	1	5	1	0	0	3	13	94	5	23	31328	920	0	5	0	920
1352	3617	2	2	5	1	0	0	4	15	77	4	23	31296	912	0	5	0	912,960
1352	3618	2	2	5	1	0	0	4	15	77	4	23	31296	912	0	5	0	912,960
1352	3620	2	2	5	1	0	0	4	15	86	4	23	31296	912	0	5	0	912,960
1352	3624	1	1	6	0	0	0	4	15	77	4	23	31296	912	0	6	0	912
1352	3632	2	2	5	1	0	0	4	13	94	5	23	31296	912	0	5	0	912,960
1352	3649	2	2	5	1	0	0	4	15	75	4	23	31328	912	0	5	0	912,960
1352	3650	2	2	5	1	0	0	4	15	75	4	23	31328	912	0	5	0	912,960
1352	3652	2	2	5	1	0	0	4	15	77	4	23	31328	912	0	5	0	912,960
1352	3656	1	1	6	0	0	0	5	15	77	4	23	31328	912	0	6	0	912
1352	3664	2	2	5	1	0	0	4	13	94	5	23	31328	912	0	5	0	912,960
1352	3680	1	2	6	0	0	0	5	15	77	4	23	31296	896	0	6	0	896,960
1352	3713	1	1	6	0	0	0	2	16	77	4	24	30592	960	0	6	0	960
1352	3714	1	1	6	0	0	0	2	16	77	4	24	30592	960	0	6	0	960
1352	3716	1	1	6	0	0	0	2	16	77	4	24	30592	960	0	6	0	960
1352	3720	1	1	6	0	0	0	2	16	86	4	24	30592	960	0	6	0	960
1352	3728	1	1	6	0	0	0	2	14	94	5	24	30592	960	0	6	0	960
1352	3744	1	1	6	0	0	0	2	16	236	5	24	30592	960	0	6	0	960
1352	3776	1	1	6	0	0	0	2	14	94	5	24	30592	960	0	6	0	960
1352	3841	2	5	5	1	0	0	6	16	77	4	24	30592	960	0	5	0	896,912,928,944,960
1352	3842	2	5	5	1	0	0	6	16	77	4	24	30592	960	0	5	0	896,912,928,944,960
1352	3844	2	5	5	1	0	0	6	16	77	4	24	30592	960	0	5	0	896,912,928,944,960
1352	3848	2	5	5	1	0	0	8	16	236	5	24	30592	960	0	5	0	896,912,928,944,960
1352	3856	2	5	5	1	0	0	6	14	94	5	24	30592	960	0	5	0	896,912,928,944,960
1352	3872	1	2	6	0	0	0	5	16	236	5	24	31296	928	0	6	0	896,928
1352	3904	1	2	6	0	0	0	5	14	94	5	24	31296	896	0	6	0	896,928
1352	3968	0	1	7	0	0	0	2	17	77	4	25	30592	896	0	7	0	896
1352	4111	2	1	5	1	0	0	2	14	75	4	22	22400	632	0	5	0	632
1352	4119	1	1	6	0	0	0	2	14	75	4	22	22400	632	0	6	0	632
1352	4123	2	1	5	1	0	0	1	14	75	4	22	22404	633	0	5	0	390
1352	4125	2	1	5	1	0	0	2	14	75	4	22	22400	632	0	5	0	632
1352	4126	2	1	5	1	0	0	2	14	75	4	22	22400	632	0	5	0	632
1352	4135	2	1	5	1	0	0	2	16	11	3	22	22400	632	0	5	0	632
1352	4139	2	1	5	1	0	0	2	16	11	3	22	31296	932	0	5	0	932
1352	4141	3	4	4	1	0	0	4	16	11	3	22	22400	632	0	4	0	602,632,858,932
1352	4142	3	4	4	1	0	0	4	16	11	3	22	22400	632	0	4	0	602,632,858,932
1352	4147	2	1	5	1	0	0	1	16	11	3	22	22404	633	0	5	0	390
1352	4149	2	1	5	1	0	0	2	16	11	3	22	22400	632	0	5	0	632
1352	4150	2	1	5	1	0	0	2	16	11	3	22	22400	632	0	5	0	632
1352	4153	3	7	4	1	0	0	7	16	11	3	22	22404	634	0	4	0	602,634,856,900,932,960,964
1352	4154	3	7	4	1	0	0	7	16	11	3	22	22404	634	0	4	0	602,634,856,900,932,960,964
1352	4156	2	1	5	1	1	1	0	16	11	3	22	30592	856	512	3	2	856
1352	4167	2	3	5	1	0	0	2	16	11	3	22	22400	632	0	5	0	568,632,696
1352	4171	3	7	4	1	0	0	7	16	11	3	22	22404	633	0	4	0	390,454,696,900,928,932,964
1352	4173	3	4	4	1	0	0	6	16	11	3	22	22400	632	0	4	0	326,454,632,964
1352	4174	3	4	4	1	0	0	6	16	11	3	22	22400	632	0	4	0	326,454,632,964
1352	4179	2	2	5	1	0	0	1	16	11	3	22	22404	633	0	5	0	390,454
1352	4181	2	2	5	1	0	0	2	16	11	3	22	22400	632	0	5	0	454,632
1352	4182	2	2	5	1	0	0	2	16	11	3	22	22400	632	0	5	0	454,632
1352	4185	2	1	5	1	0	0	4	16	11	3	22	31776	964	0	5	0	964
1352	4186	2	1	5	1	0	0	4	16	11	3	22	31776	964	0	5	0	964
1352	4188	2	1	5	1	0	0	4	16	11	3	22	31776	964	0	5	0	964
1352	4195	2	1	5	1	0	0	2	18	3	2	22	31296	928	0	5	0	928
1352	4197	3	6	4	1	0	0	6	18	3	2	22	22400	632	0	4	0	326,334,454,632,928,962
1352	4198	3	6	4	1	0	0	6	18	3	2	22	22400	632	0	4	0	326,334,454,632,928,962
1352	4201	2	2	5	1	0	0	6	18	3	2	22	31296	928	0	5	0	928,960
1352	4202	2	2	5	1	0	0	6	18	3	2	22	31296	928	0	5	0	928,960
1352	4204	2	1	5	1	0	0	4	18	3	2	22	31776	960	0	5	0	960
1352	4209	2	1	5	1	0	0	2	18	3	2	22	31784	964	0	5	0	964
1352	4210	2	1	5	1	0	0	2	18	3	2	22	31784	964	0	5	0	964
1352	4212	2	1	5	1	0	0	2	18	3	2	22	31784	964	0	5	0	964
1352	4216	1	1	6	0	0	0	4	18	3	2	22	31776	960	0	6	0	960
1352	4231	2	2	5	1	0	0	2	15	75	4	23	22400	624	0	5	0	624,688
1352	4235	3	3	4	1	0	0	2	15	75	4	23	22404	625	0	4	0	398,688,936
1352	4237	3	3	4	1	0	0	2	15	75	4	23	22400	624	0	4	0	334,624,850
1352	4238	3	3	4	1	0	0	2	15	75	4	23	22400	624	0	4	0	334,624,850
1352	4243	2	1	5	1	0	0	1	15	75	4	23	22404	625	0	5	0	398
1352	4245	2	1	5	1	0	0	2	15	75	4	23	22400	624	0	5	0	624
1352	4246	2	1	5	1	0	0	2	15	75	4	23	22400	624	0	5	0	624
1352	4249	3	3	4	1	0	0	3	15	75	4	23	22404	626	0	4	0	626,848,964
1352	4250	3	3	4	1	0	0	3	15	75	4	23	22404	626	0	4	0	626,848,964
1352	4252	2	1	5	1	1	1	0	15	75	4	23	30592	848	512	4	1	848
1352	4259	3	3	4	1	0	0	3	15	77	4	23	22404	625	0	4	0	398,688,936
1352	4261	3	3	4	1	0	0	2	15	77	4	23	22400	624	0	4	0	334,624,852
1352	4262	3	3	4	1	0	0	2	15	77	4	23	22400	624	0	4	0	334,624,852
1352	4265	3	3	4	1	0	0	4	15	77	4	23	31296	936	0	4	0	852,936,960
1352	4266	3	3	4	1	0	0	4	15	77	4	23	31296	936	0	4	0	852,936,960
1352	4268	2	1	5	1	1	2	0	15	77	4	23	30592	852	528	3	2	852
1352	4273	3	3	4	1	0	0	2	15	77	4	23	22404	626	0	4	0	626,848,964
1352	4274	3	3	4	1	0	0	2	15	77	4	23	22404	626	0	4	0	626,848,964
1352	4276	2	1	5	1	1	1	0	15	77	4	23	30592	848	512	4	1	848
1352	4280	2	2	5	1	0	0	2	15	77	4	23	31776	960	0	5	0	848,960
1352	4291	2	1	5	1	1	2	0	15	77	4	23	22400	688	3072	3	2	688
1352	4293	2	1	5	1	1	3	0	15	77	4	23	22400	689	3074	4	1	334
1352	4294	2	1	5	1	1	3	0	15	77	4	23	22400	689	3073	4	1	334
1352	4297	3	3	4	1	0	0	5	15	77	4	23	31296	928	0	4	0	334,928,968
1352	4298	3	3	4	1	0	0	5	15	77	4	23	31296	928	0	4	0	334,928,968
1352	4300	3	4	4	1	0	0	4	15	77	4	23	31776	968	0	4	0	332,844,852,968
1352	4305	3	4	4	1	0	0	3	15	77	4	23	22404	626	0	4	0	334,460,626,972
1352	4306	3	4	4	1	0	0	3	15	77	4	23	22404	626	0	4	0	334,460,626,972
1352	4308	3	7	4	1	0	0	5	15	77	4	23	22400	624	0	4	0	332,460,624,844,848,880,972
1352	4312	2	1	5	1	0	0	4	15	77	4	23	31776	968	0	5	0	968
1352	4321	3	3	4	1	0	0	4	15	77	4	23	31296	928	0	4	0	334,928,964
1352	4322	3	3	4	1	0	0	4	15	77	4	23	31296	928	0	4	0	334,928,964
1352	4324	3	4	4	1	0	0	2	15	77	4	23	31784	964	0	4	0	332,844,856,964
1352	4328	2	1	5	1	0	0	4	15	77	4	23	31776	960	0	5	0	960
1352	4336	2	1	5	1	0	0	2	15	77	4	23	31784	968	0	5	0	968
1352	4359	2	2	5	1	0	0	2	17	11	3	23	22400	624	0	5	0	624,688
1352	4363	3	3	4	1	0	0	2	15	77	4	23	22404	625	0	4	0	398,688,936
1352	4365	3	3	4	1	0	0	2	15	77	4	23	22400	624	0	4	0	334,624,850
1352	4366	3	3	4	1	0	0	2	15	77	4	23	22400	624	0	4	0	334,624,850
1352	4371	2	1	5	1	0	0	1	17	11	3	23	22404	625	0	5	0	398
1352	4373	2	1	5	1	0	0	2	17	11	3	23	22400	624	0	5	0	624
1352	4374	2	1	5	1	0	0	2	17	11	3	23	22400	624	0	5	0	624
1352	4377	3	3	4	1	0	0	3	15	77	4	23	22404	626	0	4	0	626,848,964
1352	4378	3	3	4	1	0	0	3	15	77	4	23	22404	626	0	4	0	626,848,964
1352	4380	2	1	5	1	1	1	0	15	77	4	23	30592	848	512	4	1	848
1352	4387	2	1	5	1	0	0	2	17	76	3	23	31296	936	0	5	0	936
1352	4389	3	6	4	1	0	0	4	17	76	3	23	22400	624	0	4	0	334,342,624,852,854,936
1352	4390	3	6	4	1	0	0	4	17	76	3	23	22400	624	0	4	0	334,342,624,852,854,936
1352	4393	3	3	4	1	0	0	4	15	86	4	23	31296	936	0	4	0	852,936,960
1352	4394	3	3	4	1	0	0	4	15	86	4	23	31296	936	0	4	0	852,936,960
1352	4396	2	1	5	1	1	2	0	15	86	4	23	30592	852	528	3	2	852
1352	4401	3	6	4	1	0	0	5	17	76	3	23	22404	626	0	4	0	626,848,852,936,960,964
1352	4402	3	6	4	1	0	0	5	17	76	3	23	22404	626	0	4	0	626,848,852,936,960,964
1352	4404	2	2	5	1	1	1	0	17	76	3	23	30592	848	512	4	1	848,852
1352	4408	2	2	5	1	0	0	2	15	86	4	23	31776	960	0	5	0	848,960
1352	4419	2	2	5	1	0	0	1	17	76	3	23	31296	928	0	5	0	688,928
1352	4421	2	1	5	1	1	3	0	17	76	3	23	22400	689	3074	4	1	334
1352	4422	2	1	5	1	1	3	0	17	76	3	23	22400	689	3073	4	1	334
1352	4425	3	3	4	1	0	0	5	15	86	4	23	31296	928	0	4	0	334,928,968
1352	4426	3	3	4	1	0	0	5	15	86	4	23	31296	928	0	4	0	334,928,968
1352	4428	3	4	4	1	0	0	4	15	86	4	23	31776	968	0	4	0	332,844,852,968
1352	4433	3	6	4	1	0	0	6	17	76	3	23	22404	626	0	4	0	334,460,626,928,968,972
1352	4434	3	6	4	1	0	0	6	17	76	3	23	22404	626	0	4	0	334,460,626,928,968,972
1352	4436	3	10	4	1	0	0	7	17	76	3	23	22400	624	0	4	0	332,460,624,840,844,848,852,880,968,972
1352	4440	2	1	5	1	0	0	4	15	86	4	23	31776	968	0	5	0	968
1352	4449	2	1	5	1	0	0	2	17	76	3	23	31296	928	0	5	0	928
1352	4450	2	1	5	1	0	0	2	17	76	3	23	31296	928	0	5	0	928
1352	4452	3	10	4	1	0	0	7	17	76	3	23	31296	928	0	4	0	332,348,840,844,856,860,928,960,964,992
1352	4456	2	1	5	1	0	0	4	15	77	4	23	31776	960	0	5	0	960
1352	4464	2	2	5	1	0	0	4	17	76	3	23	31776	960	0	5	0	960,968
1352	4483	2	4	5	1	0	0	1	18	11	3	24	31296	944	0	5	0	672,688,928,944
1352	4485	2	2	5	1	1	2	0	18	11	3	24	31296	689	8194	4	1	334,350
1352	4486	2	2	5	1	1	2	0	18	11	3	24	31296	689	8193	4	1	334,350
1352	4489	3	9	4	1	0	0	4	16	77	4	24	31296	944	0	4	0	334,350,836,844,928,944,960,968,992
1352	4490	3	9	4	1	0	0	4	16	77	4	24	31296	944	0	4	0	334,350,836,844,928,944,960,968,992
1352	4492	2	2	5	1	1	2	0	16	77	4	24	30592	836	528	4	1	836,844
1352	4497	3	15	4	1	0	0	6	18	11	3	24	22404	610	0	4	0	334,350,610,832,836,840,844,864,928,944,960,964,968,972,992
1352	4498	3	15	4	1	0	0	6	18	11	3	24	22404	610	0	4	0	334,350,610,832,836,840,844,864,928,944,960,964,968,972,992
1352	4500	2	5	5	1	0	0	1	18	11	3	24	30592	864	0	5	0	832,836,840,844,864
1352	4504	2	4	5	1	0	0	2	16	77	4	24	31776	968	0	5	0	832,840,960,968
1352	4513	3	9	4	1	0	0	5	16	86	4	24	31296	944	0	4	0	334,350,840,844,928,944,960,964,992
1352	4514	3	9	4	1	0	0	5	16	86	4	24	31296	944	0	4	0	334,350,840,844,928,944,960,964,992
1352	4516	2	2	5	1	1	2	0	16	86	4	24	30592	840	528	4	1	840,844
1352	4520	2	2	5	1	0	0	2	16	236	5	24	31776	960	0	5	0	840,960
1352	4528	2	4	5	1	0	0	2	16	86	4	24	31776	960	0	5	0	832,840,960,968
1352	4545	2	2	5	1	0	0	1	16	86	4	24	31296	928	0	5	0	350,928
1352	4546	2	2	5	1	0	0	1	16	86	4	24	31296	928	0	5	0	350,928
1352	4548	2	1	5	1	1	3	0	16	86	4	24	31296	675	8195	4	1	348
1352	4552	3	7	4	1	0	0	6	16	236	5	24	31296	928	0	4	0	348,840,856,928,960,976,992
1352	4560	3	12	4	1	0	0	7	16	86	4	24	30592	864	0	4	0	348,832,840,848,856,864,928,960,968,976,984,992
1352	4576	3	7	4	1	0	0	7	14	94	5	24	31296	928	0	4	0	348,848,856,928,960,968,992
1352	4615	1	2	6	0	0	0	2	17	11	3	23	22400	624	0	6	0	624,626
1352	4619	2	3	5	1	0	0	2	15	77	4	23	22404	625	0	5	0	396,398,908
1352	4621	2	2	5	1	0	0	2	15	77	4	23	22400	624	0	5	0	624,626
1352	4622	2	2	5	1	0	0	2	15	77	4	23	22400	624	0	5	0	624,626
1352	4627	1	1	6	0	0	0	1	15	77	4	23	22404	625	0	6	0	398
1352	4629	1	1	6	0	0	0	2	15	77	4	23	22400	624	0	6	0	624
1352	4630	1	1	6	0	0	0	2	15	77	4	23	22400	624	0	6	0	624
1352	4633	2	1	5	1	0	0	1	13	94	5	23	22404	626	0	5	0	626
1352	4634	2	1	5	1	0	0	1	13	94	5	23	22404	626	0	5	0	626
1352	4636	2	2	5	1	0	0	3	13	94	5	23	22400	624	0	5	0	624,880
1352	4643	2	4	5	1	0	0	3	17	76	3	23	22404	625	0	5	0	394,398,904,906
1352	4645	2	2	5	1	0	0	2	17	76	3	23	22400	624	0	5	0	624,628
1352	4646	2	2	5	1	0	0	2	17	76	3	23	22400	624	0	5	0	624,628
1352	4649	2	1	5	1	0	0	2	15	86	4	23	31296	904	0	5	0	904
1352	4650	2	1	5	1	0	0	2	15	86	4	23	31296	904	0	5	0	904
1352	4652	3	7	4	1	0	0	9	15	86	4	23	22400	624	0	4	0	624,628,880,884,904,960,968
1352	4657	2	1	5	1	0	0	1	15	86	4	23	22404	626	0	5	0	626
1352	4658	2	1	5	1	0	0	1	15	86	4	23	22404	626	0	5	0	626
1352	4660	2	2	5	1	0	0	3	15	86	4	23	22400	624	0	5	0	624,880
1352	4664	3	5	4	1	0	0	8	13	94	5	23	22404	628	0	4	0	628,880,904,960,968
1352	4675	2	4	5	1	0	0	2	19	3	2	23	22404	625	0	5	0	394,398,904,906
1352	4677	2	2	5	1	0	0	2	19	3	2	23	22400	624	0	5	0	624,628
1352	4678	2	2	5	1	0	0	2	19	3	2	23	22400	624	0	5	0	624,628
1352	4681	2	2	5	1	0	0	5	17	13	3	23	31328	904	0	5	0	904,968
1352	4682	2	2	5	1	0	0	5	17	13	3	23	31328	904	0	5	0	904,968
1352	4684	2	1	5	1	0	0	4	17	13	3	23	31776	968	0	5	0	968
1352	4689	2	1	5	1	0	0	1	17	13	3	23	22404	626	0	5	0	626
1352	4690	2	1	5	1	0	0	1	17	13	3	23	22404	626	0	5	0	626
1352	4692	2	2	5	1	0	0	3	17	13	3	23	22400	624	0	5	0	624,880
1352	4696	2	1	5	1	0	0	4	15	30	4	23	31776	968	0	5	0	968
1352	4705	2	4	5	1	0	0	6	19	12	2	23	31296	896	0	5	0	896,900,960,964
1352	4706	2	4	5	1	0	0	6	19	12	2	23	31296	896	0	5	0	896,900,960,964
1352	4708	2	2	5	1	0	0	4	19	12	2	23	31776	960	0	5	0	960,964
1352	4712	1	1	6	0	0	0	4	17	13	3	23	31776	960	0	6	0	960
1352	4720	2	2	5	1	0	0	4	17	13	3	23	31776	960	0	5	0	960,968
1352	4739	2	2	5	1	0	0	1	18	11	3	24	22404	609	0	5	0	410,414
1352	4741	2	4	5	1	0	0	3	18	11	3	24	22400	608	0	5	0	608,612,864,868
1352	4742	2	4	5	1	0	0	3	18	11	3	24	22400	608	0	5	0	608,612,864,868
1352	4745	3	9	4	1	0	0	7	16	77	4	24	22404	610	0	4	0	610,614,864,868,912,920,960,968,992
1352	4746	3	9	4	1	0	0	7	16	77	4	24	22404	610	0	4	0	610,614,864,868,912,920,960,968,992
1352	4748	2	2	5	1	0	0	1	16	77	4	24	30592	864	0	5	0	864,868
1352	4753	2	2	5	1	0	0	2	16	77	4	24	22404	610	0	5	0	610,864
1352	4754	2	2	5	1	0	0	2	16	77	4	24	22404	610	0	5	0	610,864
1352	4756	1	1	6	0	0	0	1	16	77	4	24	30592	864	0	6	0	864
1352	4760	2	1	5	1	0	0	1	14	94	5	24	30592	864	0	5	0	864
1352	4769	3	9	4	1	0	0	7	16	86	4	24	22404	610	0	4	0	610,618,864,872,912,916,960,964,992
1352	4770	3	9	4	1	0	0	7	16	86	4	24	22404	610	0	4	0	610,618,864,872,912,916,960,964,992
1352	4772	2	2	5	1	0	0	1	16	86	4	24	30592	864	0	5	0	864,872
1352	4776	2	1	5	1	0	0	2	16	236	5	24	31776	960	0	5	0	960
1352	4784	2	1	5	1	0	0	1	16	236	5	24	30592	864	0	5	0	864
1352	4801	3	15	4	1	0	0	9	18	13	3	24	22404	610	0	4	0	350,610,618,864,872,896,900,912,916,928,960,964,976,980,992
1352	4802	3	15	4	1	0	0	9	18	13	3	24	22404	610	0	4	0	350,610,618,864,872,896,900,912,916,928,960,964,976,980,992
1352	4804	2	2	5	1	0	0	1	18	13	3	24	30592	864	0	5	0	864,872
1352	4808	2	2	5	1	0	0	4	16	86	4	24	31776	976	0	5	0	960,976
1352	4816	2	1	5	1	0	0	1	16	86	4	24	30592	864	0	5	0	864
1352	4832	2	2	5	1	0	0	4	16	77	4	24	31776	960	0	5	0	960,968
1352	4867	2	4	5	1	0	0	3	20	3	2	24	22404	609	0	5	0	410,414,912,920
1352	4869	2	4	5	1	0	0	3	20	3	2	24	22400	608	0	5	0	608,612,864,868
1352	4870	2	4	5	1	0	0	3	20	3	2	24	22400	608	0	5	0	608,612,864,868
1352	4873	3	9	4	1	0	0	7	16	77	4	24	22404	610	0	4	0	610,614,864,868,912,920,960,968,992
1352	4874	3	9	4	1	0	0	7	16	77	4	24	22404	610	0	4	0	610,614,864,868,912,920,960,968,992
1352	4876	2	2	5	1	0	0	1	16	77	4	24	30592	864	0	5	0	864,868
1352	4881	2	2	5	1	0	0	2	18	13	3	24	22404	610	0	5	0	610,864
1352	4882	2	2	5	1	0	0	2	18	13	3	24	22404	610	0	5	0	610,864
1352	4884	1	1	6	0	0	0	1	18	13	3	24	30592	864	0	6	0	864
1352	4888	2	1	5	1	0	0	1	14	94	5	24	30592	864	0	5	0	864
1352	4897	2	2	5	1	0	0	4	18	76	3	24	31296	912	0	5	0	912,960
1352	4898	2	2	5	1	0	0	4	18	76	3	24	31296	912	0	5	0	912,960
1352	4900	2	3	5	1	0	0	3	18	76	3	24	30592	864	0	5	0	864,872,960
1352	4904	2	1	5	1	0	0	3	14	94	5	24	31776	960	0	5	0	960
1352	4912	2	2	5	1	0	0	3	16	86	4	24	30592	864	0	5	0	864,960
1352	4929	2	4	5	1	0	0	5	20	12	2	24	31296	896	0	5	0	896,912,960,976
1352	4930	2	4	5	1	0	0	5	20	12	2	24	31296	896	0	5	0	896,912,960,976
1352	4932	2	4	5	1	0	0	4	20	12	2	24	30592	864	0	5	0	864,872,960,976
1352	4936	2	2	5	1	0	0	5	16	77	4	24	31776	976	0	5	0	960,976
1352	4944	2	3	5	1	0	0	4	18	76	3	24	30592	864	0	5	0	864,960,976
1352	4960	1	1	6	0	0	0	3	18	13	3	24	31776	960	0	6	0	960
1352	4993	1	1	6	0	0	0	1	21	3	2	25	32512	960	0	6	0	960
1352	4994	1	1	6	0	0	0	1	21	3	2	25	32512	960	0	6	0	960
1352	4996	1	3	6	0	0	0	2	21	3	2	25	30592	832	0	6	0	832,840,960
1352	5000	1	1	6	0	0	0	1	17	77	4	25	32512	960	0	6	0	960
1352	5008	1	2	6	0	0	0	2	19	13	3	25	30592	832	0	6	0	832,960
1352	5024	1	1	6	0	0	0	2	17	77	4	25	31776	960	0	6	0	960
1352	5056	1	1	6	0	0	0	1	19	13	3	25	32512	960	0	6	0	960
1352	5127	1	1	6	0	0	0	2	13	94	5	23	22400	624	0	6	0	624
1352	5131	2	1	5	1	0	0	1	13	94	5	23	22404	625	0	5	0	398
1352	5133	2	2	5	1	0	0	2	15	77	4	23	22400	624	0	5	0	398,624
1352	5134	2	2	5	1	0	0	2	15	77	4	23	22400	624	0	5	0	398,624
1352	5139	1	1	6	0	0	0	1	13	94	5	23	22404	625	0	6	0	398
1352	5141	1	2	6	0	0	0	2	15	77	4	23	22400	624	0	6	0	398,624
1352	5142	1	2	6	0	0	0	2	15	77	4	23	22400	624	0	6	0	398,624
1352	5145	2	3	5	1	0	0	3	15	77	4	23	22404	626	0	5	0	396,626,908
1352	5146	2	3	5	1	0	0	3	15	77	4	23	22404	626	0	5	0	396,626,908
1352	5148	2	5	5	1	0	0	4	17	11	3	23	22400	624	0	5	0	396,398,624,626,908
1352	5155	2	1	5	1	0	0	1	15	30	4	23	22404	625	0	5	0	398
1352	5157	2	2	5	1	0	0	2	17	13	3	23	22400	624	0	5	0	398,624
1352	5158	2	2	5	1	0	0	2	17	13	3	23	22400	624	0	5	0	398,624
1352	5161	2	2	5	1	0	0	4	17	13	3	23	31296	968	0	5	0	904,968
1352	5162	2	2	5	1	0	0	4	17	13	3	23	31296	968	0	5	0	904,968
1352	5164	2	2	5	1	0	0	4	19	3	2	23	31296	968	0	5	0	904,968
1352	5169	2	3	5	1	0	0	2	17	13	3	23	22404	626	0	5	0	396,626,908
1352	5170	2	3	5	1	0	0	2	17	13	3	23	22404	626	0	5	0	396,626,908
1352	5172	2	5	5	1	0	0	3	19	3	2	23	22400	624	0	5	0	396,398,624,626,908
1352	5176	1	1	6	0	0	0	2	19	3	2	23	31840	904	0	6	0	904
1352	5187	2	1	5	1	0	0	1	13	94	5	23	22404	625	0	5	0	398
1352	5189	2	2	5	1	0	0	2	15	86	4	23	22400	624	0	5	0	398,624
1352	5190	2	2	5	1	0	0	2	15	86	4	23	22400	624	0	5	0	398,624
1352	5193	2	1	5	1	0	0	4	15	86	4	23	31776	904	0	5	0	904
1352	5194	2	1	5	1	0	0	4	15	86	4	23	31776	904	0	5	0	904
1352	5196	2	1	5	1	0	0	4	17	76	3	23	31776	904	0	5	0	904
1352	5201	2	3	5	1	0	0	3	15	86	4	23	22404	626	0	5	0	396,626,908
1352	5202	2	3	5	1	0	0	3	15	86	4	23	22404	626	0	5	0	396,626,908
1352	5204	2	5	5	1	0	0	4	17	76	3	23	22400	624	0	5	0	396,398,624,626,908
1352	5208	1	1	6	0	0	0	4	17	76	3	23	31776	904	0	6	0	904
1352	5217	2	2	5	1	0	0	4	17	13	3	23	31296	960	0	5	0	900,960
1352	5218	2	2	5	1	0	0	4	17	13	3	23	31296	960	0	5	0	900,960
1352	5220	2	2	5	1	0	0	4	19	12	2	23	31296	960	0	5	0	900,960
1352	5224	1	2	6	0	0	0	6	19	12	2	23	31296	960	0	6	0	896,960
1352	5232	1	1	6	0	0	0	2	19	12	2	23	31784	904	0	6	0	904
1352	5251	2	2	5	1	0	0	1	14	94	5	24	22404	609	0	5	0	414,736
1352	5253	2	4	5	1	0	0	2	16	77	4	24	22400	608	0	5	0	286,414,608,736
1352	5254	2	4	5	1	0	0	2	16	77	4	24	22400	608	0	5	0	286,414,608,736
1352	5257	3	9	4	1	0	0	7	16	77	4	24	22404	610	0	4	0	286,412,610,736,904,920,960,976,992
1352	5258	3	9	4	1	0	0	7	16	77	4	24	22404	610	0	4	0	286,412,610,736,904,920,960,976,992
1352	5260	3	15	4	1	0	0	9	18	11	3	24	22400	608	0	4	0	284,286,412,414,608,610,736,738,804,864,904,920,960,976,992
1352	5265	2	2	5	1	0	0	1	16	77	4	24	22404	610	0	5	0	412,610
1352	5266	2	2	5	1	0	0	1	16	77	4	24	22404	610	0	5	0	412,610
1352	5268	2	5	5	1	0	0	3	18	11	3	24	22400	608	0	5	0	412,414,608,610,864
1352	5272	2	2	5	1	0	0	4	18	11	3	24	31776	904	0	5	0	904,920
1352	5281	3	9	4	1	0	0	6	16	86	4	24	22404	610	0	4	0	286,412,610,736,900,916,960,976,992
1352	5282	3	9	4	1	0	0	6	16	86	4	24	22404	610	0	4	0	286,412,610,736,900,916,960,976,992
1352	5284	3	15	4	1	0	0	8	18	13	3	24	22400	608	0	4	0	284,286,412,414,608,610,736,738,808,864,900,916,960,976,992
1352	5288	2	4	5	1	0	0	6	18	13	3	24	31296	976	0	5	0	896,912,960,976
1352	5296	2	2	5	1	0	0	2	18	13	3	24	31784	904	0	5	0	904,920
1352	5313	3	7	4	1	0	0	5	16	236	5	24	22404	610	0	4	0	286,412,610,736,916,960,992
1352	5314	3	7	4	1	0	0	5	16	236	5	24	22404	610	0	4	0	286,412,610,736,916,960,992
1352	5316	3	12	4	1	0	0	7	16	86	4	24	22400	608	0	4	0	284,286,412,414,608,610,736,738,864,916,960,992
1352	5320	2	2	5	1	0	0	5	16	86	4	24	31296	960	0	5	0	912,960
1352	5328	2	1	5	1	0	0	2	16	86	4	24	31784	920	0	5	0	920
1352	5344	2	2	5	1	0	0	4	16	77	4	24	31296	960	0	5	0	904,960
1352	5379	2	2	5	1	0	0	1	16	30	4	24	22404	609	0	5	0	414,736
1352	5381	2	4	5	1	0	0	2	18	13	3	24	22400	608	0	5	0	286,414,608,736
1352	5382	2	4	5	1	0	0	2	18	13	3	24	22400	608	0	5	0	286,414,608,736
1352	5385	3	9	4	1	0	0	7	16	86	4	24	22404	610	0	4	0	286,412,610,736,904,920,960,976,992
1352	5386	3	9	4	1	0	0	7	16	86	4	24	22404	610	0	4	0	286,412,610,736,904,920,960,976,992
1352	5388	3	15	4	1	0	0	9	18	13	3	24	22400	608	0	4	0	284,286,412,414,608,610,736,738,804,864,904,920,960,976,992
1352	5393	2	2	5	1	0	0	1	18	13	3	24	22404	610	0	5	0	412,610
1352	5394	2	2	5	1	0	0	1	18	13	3	24	22404	610	0	5	0	412,610
1352	5396	2	5	5	1	0	0	3	20	3	2	24	22400	608	0	5	0	412,414,608,610,864
1352	5400	2	2	5	1	0	0	4	18	13	3	24	31776	904	0	5	0	904,920
1352	5409	2	2	5	1	0	0	3	18	76	3	24	31296	976	0	5	0	960,976
1352	5410	2	2	5	1	0	0	3	18	76	3	24	31296	976	0	5	0	960,976
1352	5412	2	2	5	1	0	0	3	20	12	2	24	31296	976	0	5	0	960,976
1352	5416	2	4	5	1	0	0	7	18	13	3	24	31296	976	0	5	0	896,912,960,976
1352	5424	2	6	5	1	0	0	7	20	12	2	24	31296	976	0	5	0	896,904,912,920,960,976
1352	5441	2	1	5	1	0	0	2	16	86	4	24	31296	960	0	5	0	960
1352	5442	2	1	5	1	0	0	2	16	86	4	24	31296	960	0	5	0	960
1352	5444	2	1	5	1	0	0	2	18	76	3	24	31296	960	0	5	0	960
1352	5448	2	2	5	1	0	0	6	16	86	4	24	31296	960	0	5	0	912,960
1352	5456	2	3	5	1	0	0	6	18	76	3	24	31296	960	0	5	0	912,920,960
1352	5472	1	1	6	0	0	0	3	18	13	3	24	31296	960	0	6	0	960
1352	5505	1	1	6	0	0	0	1	19	13	3	25	32512	960	0	6	0	960
1352	5506	1	1	6	0	0	0	1	19	13	3	25	32512	960	0	6	0	960
1352	5508	1	1	6	0	0	0	1	21	3	2	25	32512	960	0	6	0	960
1352	5512	1	1	6	0	0	0	1	19	13	3	25	32512	960	0	6	0	960
1352	5520	1	1	6	0	0	0	1	21	3	2	25	32512	960	0	6	0	960
1352	5536	1	1	6	0	0	0	1	19	13	3	25	32512	960	0	6	0	960
1352	5568	1	1	6	0	0	0	2	17	77	4	25	31296	960	0	6	0	960
1352	5635	2	2	5	1	0	0	1	14	94	5	24	22404	609	0	5	0	410,414
1352	5637	2	4	5	1	0	0	2	16	86	4	24	22400	608	0	5	0	410,414,608,612
1352	5638	2	4	5	1	0	0	2	16	86	4	24	22400	608	0	5	0	410,414,608,612
1352	5641	2	1	5	1	0	0	3	16	236	5	24	31328	920	0	5	0	920
1352	5642	2	1	5	1	0	0	3	16	236	5	24	31328	920	0	5	0	920
1352	5644	2	1	5	1	0	0	3	16	86	4	24	31328	920	0	5	0	920
1352	5649	2	2	5	1	0	0	1	16	236	5	24	22404	610	0	5	0	412,610
1352	5650	2	2	5	1	0	0	1	16	236	5	24	22404	610	0	5	0	412,610
1352	5652	2	5	5	1	0	0	3	16	86	4	24	22400	608	0	5	0	412,414,608,610,864
1352	5656	2	1	5	1	0	0	3	14	94	5	24	31328	920	0	5	0	920
1352	5665	2	2	5	1	0	0	4	16	86	4	24	31296	912	0	5	0	912,916
1352	5666	2	2	5	1	0	0	4	16	86	4	24	31296	912	0	5	0	912,916
1352	5668	2	2	5	1	0	0	4	18	76	3	24	31296	912	0	5	0	912,916
1352	5672	1	1	6	0	0	0	4	16	77	4	24	31296	912	0	6	0	912
1352	5680	2	2	5	1	0	0	4	16	77	4	24	31296	912	0	5	0	912,920
1352	5697	2	2	5	1	0	0	5	16	77	4	24	31328	912	0	5	0	912,916
1352	5698	2	2	5	1	0	0	5	16	77	4	24	31328	912	0	5	0	912,916
1352	5700	2	2	5	1	0	0	5	18	76	3	24	31328	912	0	5	0	912,916
1352	5704	1	1	6	0	0	0	5	16	86	4	24	31328	912	0	6	0	912
1352	5712	2	2	5	1	0	0	5	16	86	4	24	31328	912	0	5	0	912,920
1352	5728	1	2	6	0	0	0	6	18	13	3	24	31296	896	0	6	0	896,904
1352	5761	2	1	5	1	0	0	1	17	86	4	25	32512	960	0	5	0	960
1352	5762	2	1	5	1	0	0	1	17	86	4	25	32512	960	0	5	0	960
1352	5764	2	3	5	1	0	0	2	19	76	3	25	30592	832	0	5	0	832,840,960
1352	5768	2	5	5	1	0	0	7	17	86	4	25	31296	928	0	5	0	896,912,928,944,960
1352	5776	2	2	5	1	0	0	2	17	86	4	25	30592	832	0	5	0	832,960
1352	5792	2	5	5	1	0	0	7	17	86	4	25	31296	928	0	5	0	896,904,928,936,960
1352	5824	2	5	5	1	0	0	7	17	86	4	25	31296	896	0	5	0	896,904,928,936,960
1352	5889	2	5	5	1	0	0	5	19	13	3	25	31296	928	0	5	0	896,912,928,944,960
1352	5890	2	5	5	1	0	0	5	19	13	3	25	31296	928	0	5	0	896,912,928,944,960
1352	5892	2	7	5	1	0	0	6	21	12	2	25	30592	832	0	5	0	832,840,896,912,928,944,960
1352	5896	2	5	5	1	0	0	7	17	77	4	25	31296	928	0	5	0	896,912,928,944,960
1352	5904	2	6	5	1	0	0	6	19	13	3	25	30592	832	0	5	0	832,896,912,928,944,960
1352	5920	1	2	6	0	0	0	5	19	13	3	25	31296	928	0	6	0	896,928
1352	5952	1	2	6	0	0	0	5	19	13	3	25	31296	896	0	6	0	896,928
1352	6016	0	1	7	0	0	0	1	22	12	2	26	32512	896	0	7	0	896
1352	6151	1	2	6	0	0	0	2	15	77	4	23	22400	752	0	6	0	624,752
1352	6155	2	4	5	1	0	0	2	17	11	3	23	22400	752	0	5	0	270,398,624,752
1352	6157	2	2	5	1	0	0	2	15	77	4	23	22400	752	0	5	0	398,752
1352	6158	2	2	5	1	0	0	2	15	77	4	23	22400	752	0	5	0	398,752
1352	6163	2	4	5	1	0	0	2	15	77	4	23	22400	752	0	5	0	270,398,624,752
1352	6165	2	2	5	1	0	0	2	13	94	5	23	22400	752	0	5	0	398,752
1352	6166	2	2	5	1	0	0	2	13	94	5	23	22400	752	0	5	0	398,752
1352	6169	3	7	4	1	0	0	6	15	77	4	23	22400	752	0	4	0	396,398,752,754,900,908,944
1352	6170	3	7	4	1	0	0	6	15	77	4	23	22400	752	0	4	0	396,398,752,754,900,908,944
1352	6172	3	5	4	1	0	0	6	13	94	5	23	22400	752	0	4	0	396,752,900,908,944
1352	6179	2	4	5	1	0	0	2	19	3	2	23	22400	752	0	5	0	270,398,624,752
1352	6181	2	2	5	1	0	0	2	17	13	3	23	22400	752	0	5	0	398,752
1352	6182	2	2	5	1	0	0	2	17	13	3	23	22400	752	0	5	0	398,752
1352	6185	3	15	4	1	0	0	8	19	3	2	23	22400	752	0	4	0	396,398,752,754,840,896,900,904,908,912,916,928,932,944,948
1352	6186	3	15	4	1	0	0	8	19	3	2	23	22400	752	0	4	0	396,398,752,754,840,896,900,904,908,912,916,928,932,944,948
1352	6188	3	12	4	1	0	0	6	17	13	3	23	22400	752	0	4	0	396,752,896,900,904,908,912,916,928,932,944,948
1352	6193	3	9	4	1	0	0	4	17	13	3	23	22400	752	0	4	0	396,398,752,754,900,908,916,928,944
1352	6194	3	9	4	1	0	0	4	17	13	3	23	22400	752	0	4	0	396,398,752,754,900,908,916,928,944
1352	6196	3	7	4	1	0	0	4	15	30	4	23	22400	752	0	4	0	396,752,900,908,916,928,944
1352	6200	2	5	5	1	0	0	4	17	13	3	23	31776	896	0	5	0	896,904,912,928,944
1352	6211	1	2	6	0	1	1	0	19	3	2	23	22400	624	1024	5	1	398,624
1352	6213	1	1	6	0	1	2	0	17	13	3	23	22400	625	1026	5	1	398
1352	6214	1	1	6	0	1	2	0	17	13	3	23	22400	625	1025	5	1	398
1352	6217	2	4	5	1	0	0	4	19	3	2	23	31776	904	0	5	0	396,398,904,908
1352	6218	2	4	5	1	0	0	4	19	3	2	23	31776	904	0	5	0	396,398,904,908
1352	6220	2	3	5	1	0	0	4	17	13	3	23	31776	904	0	5	0	396,904,908
1352	6225	2	3	5	1	0	0	2	17	13	3	23	31784	908	0	5	0	396,398,908
1352	6226	2	3	5	1	0	0	2	17	13	3	23	31784	908	0	5	0	396,398,908
1352	6228	2	2	5	1	0	0	2	15	30	4	23	31784	908	0	5	0	396,908
1352	6232	1	1	6	0	0	0	4	17	13	3	23	31776	904	0	6	0	904
1352	6241	2	4	5	1	0	0	2	21	1	1	23	31784	900	0	5	0	396,398,900,908
1352	6242	2	4	5	1	0	0	2	21	1	1	23	31784	900	0	5	0	396,398,900,908
1352	6244	2	3	5	1	0	0	2	19	3	2	23	31784	900	0	5	0	396,900,908
1352	6248	1	2	6	0	0	0	4	21	1	1	23	31776	896	0	6	0	896,904
1352	6256	1	1	6	0	0	0	2	19	3	2	23	31784	904	0	6	0	904
1352	6275	2	4	5	1	0	0	2	16	77	4	24	22400	736	0	5	0	286,414,608,736
1352	6277	2	2	5	1	0	0	2	14	94	5	24	22400	736	0	5	0	414,736
1352	6278	2	2	5	1	0	0	2	14	94	5	24	22400	736	0	5	0	414,736
1352	6281	3	9	4	1	0	0	6	16	77	4	24	22400	736	0	4	0	412,414,736,738,904,908,928,932,992
1352	6282	3	9	4	1	0	0	6	16	77	4	24	22400	736	0	4	0	412,414,736,738,904,908,928,932,992
1352	6284	3	7	4	1	0	0	6	14	94	5	24	22400	736	0	4	0	412,736,904,908,928,932,992
1352	6289	3	7	4	1	0	0	5	14	94	5	24	22400	736	0	4	0	412,414,736,738,908,928,992
1352	6290	3	7	4	1	0	0	5	14	94	5	24	22400	736	0	4	0	412,414,736,738,908,928,992
1352	6292	3	5	4	1	0	0	5	12	222	6	24	22400	736	0	4	0	412,736,908,928,992
1352	6296	2	2	5	1	0	0	2	14	94	5	24	31776	904	0	5	0	904,928
1352	6305	3	9	4	1	0	0	5	16	77	4	24	22400	736	0	4	0	412,414,736,738,900,908,928,936,992
1352	6306	3	9	4	1	0	0	5	16	77	4	24	22400	736	0	4	0	412,414,736,738,900,908,928,936,992
1352	6308	3	7	4	1	0	0	5	14	94	5	24	22400	736	0	4	0	412,736,900,908,928,936,992
1352	6312	2	4	5	1	0	0	2	16	77	4	24	31776	896	0	5	0	896,904,928,936
1352	6320	2	2	5	1	0	0	1	14	94	5	24	31784	904	0	5	0	904,928
1352	6337	2	2	5	1	1	2	0	16	77	4	24	22400	609	1026	4	1	412,414
1352	6338	2	2	5	1	1	2	0	16	77	4	24	22400	609	1025	4	1	412,414
1352	6340	2	1	5	1	1	2	0	14	94	5	24	31784	412	16400	4	1	412
1352	6344	2	2	5	1	0	0	4	16	77	4	24	31776	912	0	5	0	912,920
1352	6352	2	1	5	1	0	0	2	14	94	5	24	31784	920	0	5	0	920
1352	6368	2	2	5	1	0	0	2	16	75	4	24	31784	904	0	5	0	904,920
1352	6403	2	4	5	1	0	0	2	18	76	3	24	22400	736	0	5	0	286,414,608,736
1352	6405	2	2	5	1	0	0	2	16	86	4	24	22400	736	0	5	0	414,736
1352	6406	2	2	5	1	0	0	2	16	86	4	24	22400	736	0	5	0	414,736
1352	6409	3	9	4	1	0	0	5	16	86	4	24	22400	736	0	4	0	412,414,736,738,904,908,928,932,992
1352	6410	3	9	4	1	0	0	5	16	86	4	24	22400	736	0	4	0	412,414,736,738,904,908,928,932,992
1352	6412	3	7	4	1	0	0	5	16	236	5	24	22400	736	0	4	0	412,736,904,908,928,932,992
1352	6417	3	9	4	1	0	0	5	16	86	4	24	22400	736	0	4	0	412,414,736,738,904,908,928,932,992
1352	6418	3	9	4	1	0	0	5	16	86	4	24	22400	736	0	4	0	412,414,736,738,904,908,928,932,992
1352	6420	3	7	4	1	0	0	5	14	94	5	24	22400	736	0	4	0	412,736,904,908,928,932,992
1352	6424	2	2	5	1	0	0	2	16	236	5	24	31776	904	0	5	0	904,928
1352	6433	3	15	4	1	0	0	8	18	76	3	24	22400	736	0	4	0	412,414,736,738,848,896,900,904,908,928,932,936,940,960,992
1352	6434	3	15	4	1	0	0	8	18	76	3	24	22400	736	0	4	0	412,414,736,738,848,896,900,904,908,928,932,936,940,960,992
1352	6436	3	12	4	1	0	0	6	16	86	4	24	22400	736	0	4	0	412,736,896,900,904,908,928,932,936,940,960,992
1352	6440	2	4	5	1	0	0	2	16	77	4	24	31776	896	0	5	0	896,904,928,936
1352	6448	2	4	5	1	0	0	2	16	86	4	24	31776	896	0	5	0	896,904,928,936
1352	6465	2	2	5	1	1	2	0	18	76	3	24	22400	609	1026	4	1	412,414
1352	6466	2	2	5	1	1	2	0	18	76	3	24	22400	609	1025	4	1	412,414
1352	6468	2	1	5	1	1	2	0	16	86	4	24	31784	412	16400	4	1	412
1352	6472	2	2	5	1	0	0	4	16	77	4	24	31776	912	0	5	0	912,920
1352	6480	2	2	5	1	0	0	4	16	86	4	24	31776	912	0	5	0	912,920
1352	6496	2	5	5	1	0	0	5	18	11	3	24	31776	896	0	5	0	896,904,912,920,960
1352	6529	2	1	5	1	0	0	2	17	86	4	25	30592	960	0	5	0	960
1352	6530	2	1	5	1	0	0	2	17	86	4	25	30592	960	0	5	0	960
1352	6532	2	1	5	1	0	0	2	15	94	5	25	30592	960	0	5	0	960
1352	6536	2	5	5	1	0	0	4	17	236	5	25	30592	960	0	5	0	896,904,912,920,960
1352	6544	2	5	5	1	0	0	4	15	94	5	25	30592	960	0	5	0	896,904,912,920,960
1352	6560	2	5	5	1	0	0	4	15	94	5	25	30592	960	0	5	0	896,904,912,920,960
1352	6592	2	1	5	1	0	0	2	15	94	5	25	30592	960	0	5	0	960
1352	6659	1	2	6	0	0	0	2	20	3	2	24	22400	736	0	6	0	286,736
1352	6661	1	1	6	0	0	0	2	18	13	3	24	22400	736	0	6	0	736
1352	6662	1	1	6	0	0	0	2	18	13	3	24	22400	736	0	6	0	736
1352	6665	2	3	5	1	0	0	3	18	13	3	24	22400	736	0	5	0	736,738,992
1352	6666	2	3	5	1	0	0	3	18	13	3	24	22400	736	0	5	0	736,738,992
1352	6668	2	2	5	1	0	0	3	16	86	4	24	22400	736	0	5	0	736,992
1352	6673	2	3	5	1	0	0	3	16	77	4	24	22400	736	0	5	0	736,738,992
1352	6674	2	3	5	1	0	0	3	16	77	4	24	22400	736	0	5	0	736,738,992
1352	6676	2	2	5	1	0	0	3	14	94	5	24	22400	736	0	5	0	736,992
1352	6680	2	1	5	1	0	0	1	14	94	5	24	30592	992	0	5	0	992
1352	6689	2	4	5	1	0	0	4	20	12	2	24	22400	736	0	5	0	736,738,960,992
1352	6690	2	4	5	1	0	0	4	20	12	2	24	22400	736	0	5	0	736,738,960,992
1352	6692	2	3	5	1	0	0	4	18	76	3	24	22400	736	0	5	0	736,960,992
1352	6696	2	5	5	1	0	0	6	18	13	3	24	30592	992	0	5	0	896,912,928,960,992
1352	6704	2	2	5	1	0	0	2	16	77	4	24	30592	992	0	5	0	960,992
1352	6721	2	8	5	1	0	0	8	22	1	1	24	22400	736	0	5	0	412,414,736,738,912,916,960,992
1352	6722	2	8	5	1	0	0	8	22	1	1	24	22400	736	0	5	0	412,414,736,738,912,916,960,992
1352	6724	2	6	5	1	0	0	8	20	3	2	24	22400	736	0	5	0	412,736,912,916,960,992
1352	6728	1	1	6	0	0	0	4	20	3	2	24	31776	912	0	6	0	912
1352	6736	2	4	5	1	0	0	6	18	11	3	24	30592	992	0	5	0	912,920,960,992
1352	6752	1	3	6	0	0	0	5	22	1	1	24	31776	896	0	6	0	896,904,960
1352	6785	1	1	6	0	0	0	2	19	13	3	25	30592	960	0	6	0	960
1352	6786	1	1	6	0	0	0	2	19	13	3	25	30592	960	0	6	0	960
1352	6788	1	1	6	0	0	0	2	17	30	4	25	30592	960	0	6	0	960
1352	6792	1	1	6	0	0	0	2	17	86	4	25	30592	960	0	6	0	960
1352	6800	1	1	6	0	0	0	2	15	94	5	25	30592	960	0	6	0	960
1352	6816	1	1	6	0	0	0	2	17	77	4	25	30592	960	0	6	0	960
1352	6848	1	1	6	0	0	0	2	19	11	3	25	30592	960	0	6	0	960
1352	6913	1	1	6	0	0	0	1	21	12	2	25	30592	960	0	6	0	960
1352	6914	1	1	6	0	0	0	1	21	12	2	25	30592	960	0	6	0	960
1352	6916	1	1	6	0	0	0	1	19	13	3	25	30592	960	0	6	0	960
1352	6920	1	1	6	0	0	0	1	17	77	4	25	30592	960	0	6	0	960
1352	6928	1	1	6	0	0	0	1	17	77	4	25	30592	960	0	6	0	960
1352	6944	1	2	6	0	0	0	3	19	13	3	25	30592	960	0	6	0	896,960
1352	6976	1	3	6	0	0	0	4	21	3	2	25	30592	960	0	6	0	896,928,960
1352	7040	0	1	7	0	0	0	2	20	13	3	26	30592	896	0	7	0	896
1352	7171	1	2	6	0	0	0	2	14	94	5	24	22400	736	0	6	0	286,736
1352	7173	1	2	6	0	0	0	2	16	236	5	24	22400	736	0	6	0	286,736
1352	7174	1	2	6	0	0	0	2	16	236	5	24	22400	736	0	6	0	286,736
1352	7177	2	4	5	1	0	0	2	16	86	4	24	22400	736	0	5	0	284,286,736,738
1352	7178	2	4	5	1	0	0	2	16	86	4	24	22400	736	0	5	0	284,286,736,738
1352	7180	2	4	5	1	0	0	2	16	86	4	24	22400	736	0	5	0	284,286,736,738
1352	7185	2	4	5	1	0	0	2	16	236	5	24	22400	736	0	5	0	284,286,736,738
1352	7186	2	4	5	1	0	0	2	16	236	5	24	22400	736	0	5	0	284,286,736,738
1352	7188	2	4	5	1	0	0	2	14	94	5	24	22400	736	0	5	0	284,286,736,738
1352	7192	2	1	5	1	0	0	2	16	86	4	24	31840	792	0	5	0	792
1352	7201	2	4	5	1	0	0	2	18	13	3	24	22400	736	0	5	0	284,286,736,738
1352	7202	2	4	5	1	0	0	2	18	13	3	24	22400	736	0	5	0	284,286,736,738
1352	7204	2	4	5	1	0	0	2	18	13	3	24	22400	736	0	5	0	284,286,736,738
1352	7208	2	3	5	1	0	0	4	20	12	2	24	31296	912	0	5	0	784,792,912
1352	7216	2	1	5	1	0	0	1	18	13	3	24	31848	792	0	5	0	792
1352	7233	2	4	5	1	0	0	2	16	77	4	24	22400	736	0	5	0	284,286,736,738
1352	7234	2	4	5	1	0	0	2	16	77	4	24	22400	736	0	5	0	284,286,736,738
1352	7236	2	4	5	1	0	0	2	16	86	4	24	22400	736	0	5	0	284,286,736,738
1352	7240	2	2	5	1	0	0	4	18	76	3	24	31776	784	0	5	0	784,792
1352	7248	2	1	5	1	0	0	2	16	86	4	24	31784	792	0	5	0	792
1352	7264	2	4	5	1	0	0	5	20	3	2	24	31296	896	0	5	0	776,792,896,960
1352	7297	2	5	5	1	0	0	4	17	236	5	25	22400	704	0	5	0	316,318,704,706,960
1352	7298	2	5	5	1	0	0	4	17	236	5	25	22400	704	0	5	0	316,318,704,706,960
1352	7300	2	5	5	1	0	0	4	15	94	5	25	22400	704	0	5	0	316,318,704,706,960
1352	7304	2	1	5	1	0	0	2	17	86	4	25	30592	960	0	5	0	960
1352	7312	2	1	5	1	0	0	2	15	94	5	25	30592	960	0	5	0	960
1352	7328	2	1	5	1	0	0	2	17	77	4	25	30592	960	0	5	0	960
1352	7360	2	1	5	1	0	0	2	15	94	5	25	30592	960	0	5	0	960
1352	7425	2	5	5	1	0	0	3	17	86	4	25	22400	704	0	5	0	316,318,704,706,960
1352	7426	2	5	5	1	0	0	3	17	86	4	25	22400	704	0	5	0	316,318,704,706,960
1352	7428	2	5	5	1	0	0	3	17	77	4	25	22400	704	0	5	0	316,318,704,706,960
1352	7432	2	1	5	1	0	0	1	17	86	4	25	30592	960	0	5	0	960
1352	7440	2	1	5	1	0	0	1	17	77	4	25	30592	960	0	5	0	960
1352	7456	2	3	5	1	0	0	4	19	13	3	25	30592	960	0	5	0	896,928,960
1352	7488	2	2	5	1	0	0	3	17	30	4	25	30592	960	0	5	0	896,960
1352	7552	1	1	6	0	0	0	2	18	77	4	26	30592	896	0	6	0	896
1352	7681	2	5	5	1	0	0	3	17	77	4	25	22400	704	0	5	0	316,318,704,706,960
1352	7682	2	5	5	1	0	0	3	17	77	4	25	22400	704	0	5	0	316,318,704,706,960
1352	7684	2	5	5	1	0	0	3	17	86	4	25	22400	704	0	5	0	316,318,704,706,960
1352	7688	2	2	5	1	0	0	4	17	86	4	25	30592	960	0	5	0	816,960
1352	7696	2	1	5	1	0	0	1	15	94	5	25	30592	960	0	5	0	960
1352	7712	2	4	5	1	0	0	6	19	13	3	25	30592	960	0	5	0	800,808,896,960
1352	7744	2	4	5	1	0	0	7	19	11	3	25	30592	960	0	5	0	800,808,896,960
1352	7808	1	1	6	0	0	0	2	18	86	4	26	30592	896	0	6	0	896
1352	7936	1	1	6	0	0	0	1	20	13	3	26	30592	896	0	6	0	896
1352	8207	2	1	5	1	1	1	0	16	11	3	22	31328	422	16384	4	1	422
1352	8215	2	2	5	1	0	0	3	16	11	3	22	22400	888	0	5	0	632,888
1352	8219	2	2	5	1	1	1	0	18	3	2	22	22404	633	4096	3	2	390,422
1352	8221	2	4	5	1	0	0	3	18	3	2	22	22400	888	0	5	0	600,632,856,888
1352	8222	2	4	5	1	0	0	3	18	3	2	22	22400	888	0	5	0	600,632,856,888
1352	8231	2	1	5	1	0	0	2	16	11	3	22	31296	932	0	5	0	932
1352	8235	1	1	6	0	0	0	2	18	3	2	22	31296	932	0	6	0	932
1352	8237	2	2	5	1	0	0	2	18	3	2	22	31296	932	0	5	0	602,932
1352	8238	2	2	5	1	0	0	2	18	3	2	22	31296	932	0	5	0	602,932
1352	8243	2	1	5	1	0	0	2	18	3	2	22	31296	932	0	5	0	932
1352	8245	2	2	5	1	0	0	3	18	3	2	22	22400	888	0	5	0	856,888
1352	8246	2	2	5	1	0	0	3	18	3	2	22	22400	888	0	5	0	856,888
1352	8249	2	3	5	1	0	0	2	20	1	1	22	31296	932	0	5	0	602,856,932
1352	8250	2	3	5	1	0	0	2	20	1	1	22	31296	932	0	5	0	602,856,932
1352	8252	1	1	6	0	1	1	0	20	1	1	22	22400	856	512	5	1	856
1352	8263	2	1	5	1	1	1	0	16	11	3	22	31296	944	256	4	1	944
1352	8267	2	3	5	1	0	0	2	18	3	2	22	31296	928	0	5	0	928,932,944
1352	8269	3	6	4	1	0	0	9	18	3	2	22	22400	888	0	4	0	602,888,928,932,944,964
1352	8270	3	6	4	1	0	0	9	18	3	2	22	22400	888	0	4	0	602,888,928,932,944,964
1352	8275	2	1	5	1	1	1	0	18	3	2	22	31296	944	256	4	1	944
1352	8277	2	1	5	1	0	0	3	18	3	2	22	22400	888	0	5	0	888
1352	8278	2	1	5	1	0	0	3	18	3	2	22	22400	888	0	5	0	888
1352	8281	2	1	5	1	0	0	4	20	1	1	22	31776	964	0	5	0	964
1352	8282	2	1	5	1	0	0	4	20	1	1	22	31776	964	0	5	0	964
1352	8284	2	3	5	1	0	0	7	20	1	1	22	22400	888	0	5	0	856,888,964
1352	8291	1	2	6	0	0	0	2	18	3	2	22	31296	928	0	6	0	928,944
1352	8293	2	2	5	1	0	0	2	18	3	2	22	31296	928	0	5	0	928,944
1352	8294	2	2	5	1	0	0	2	18	3	2	22	31296	928	0	5	0	928,944
1352	8297	1	1	6	0	0	0	2	20	1	1	22	31296	928	0	6	0	928
1352	8298	1	1	6	0	0	0	2	20	1	1	22	31296	928	0	6	0	928
1352	8300	2	3	5	1	0	0	6	20	1	1	22	31296	928	0	5	0	928,960,992
1352	8305	2	2	5	1	0	0	2	20	1	1	22	31296	928	0	5	0	928,944
1352	8306	2	2	5	1	0	0	2	20	1	1	22	31296	928	0	5	0	928,944
1352	8308	2	4	5	1	0	0	3	20	1	1	22	22400	888	0	5	0	848,856,880,888
1352	8312	1	1	6	0	0	0	4	22	0	0	22	31776	960	0	6	0	960
1352	8327	2	2	5	1	0	0	3	15	75	4	23	22400	880	0	5	0	880,944
1352	8331	2	2	5	1	0	0	1	17	11	3	23	31296	936	0	5	0	936,944
1352	8333	2	1	5	1	0	0	3	17	11	3	23	22400	880	0	5	0	880
1352	8334	2	1	5	1	0	0	3	17	11	3	23	22400	880	0	5	0	880
1352	8339	2	2	5	1	0	0	2	17	11	3	23	22400	880	0	5	0	880,944
1352	8341	1	1	6	0	0	0	3	17	11	3	23	22400	880	0	6	0	880
1352	8342	1	1	6	0	0	0	3	17	11	3	23	22400	880	0	6	0	880
1352	8345	2	2	5	1	0	0	2	19	3	2	23	22400	880	0	5	0	848,880
1352	8346	2	2	5	1	0	0	2	19	3	2	23	22400	880	0	5	0	848,880
1352	8348	1	2	6	0	0	0	3	19	3	2	23	22400	880	0	6	0	848,880
1352	8355	2	2	5	1	0	0	2	15	77	4	23	31296	936	0	5	0	936,944
1352	8357	2	1	5	1	0	0	3	15	77	4	23	22400	880	0	5	0	880
1352	8358	2	1	5	1	0	0	3	15	77	4	23	22400	880	0	5	0	880
1352	8361	2	1	5	1	0	0	2	17	13	3	23	31296	936	0	5	0	936
1352	8362	2	1	5	1	0	0	2	17	13	3	23	31296	936	0	5	0	936
1352	8364	2	3	5	1	0	0	3	17	13	3	23	22400	880	0	5	0	848,852,880
1352	8369	2	2	5	1	0	0	2	17	13	3	23	22400	880	0	5	0	848,880
1352	8370	2	2	5	1	0	0	2	17	13	3	23	22400	880	0	5	0	848,880
1352	8372	1	2	6	0	0	0	3	17	13	3	23	22400	880	0	6	0	848,880
1352	8376	1	1	6	0	1	1	0	19	3	2	23	22400	848	512	5	1	848
1352	8387	1	1	6	0	1	1	0	15	77	4	23	31296	944	256	5	1	944
1352	8389	2	2	5	1	0	0	3	15	77	4	23	22400	880	0	5	0	880,944
1352	8390	2	2	5	1	0	0	3	15	77	4	23	22400	880	0	5	0	880,944
1352	8393	2	2	5	1	0	0	1	17	13	3	23	31296	928	0	5	0	928,944
1352	8394	2	2	5	1	0	0	1	17	13	3	23	31296	928	0	5	0	928,944
1352	8396	2	1	5	1	0	0	3	17	13	3	23	22400	880	0	5	0	880
1352	8401	2	2	5	1	0	0	2	17	13	3	23	22400	880	0	5	0	880,944
1352	8402	2	2	5	1	0	0	2	17	13	3	23	22400	880	0	5	0	880,944
1352	8404	1	1	6	0	0	0	3	17	13	3	23	22400	880	0	6	0	880
1352	8408	2	3	5	1	0	0	6	19	3	2	23	22400	880	0	5	0	848,880,968
1352	8417	2	2	5	1	0	0	2	15	77	4	23	31296	928	0	5	0	928,944
1352	8418	2	2	5	1	0	0	2	15	77	4	23	31296	928	0	5	0	928,944
1352	8420	2	1	5	1	0	0	3	15	77	4	23	22400	880	0	5	0	880
1352	8424	2	3	5	1	0	0	6	17	11	3	23	31296	928	0	5	0	928,960,992
1352	8432	2	2	5	1	0	0	2	17	11	3	23	22400	880	0	5	0	848,880
1352	8455	2	1	5	1	0	0	1	15	75	4	23	31296	936	0	5	0	936
1352	8459	2	1	5	1	0	0	1	15	77	4	23	31296	936	0	5	0	936
1352	8461	3	3	4	1	0	0	4	15	77	4	23	22400	880	0	4	0	594,880,936
1352	8462	3	3	4	1	0	0	4	15	77	4	23	22400	880	0	4	0	594,880,936
1352	8467	2	1	5	1	0	0	1	17	11	3	23	31296	936	0	5	0	936
1352	8469	2	1	5	1	0	0	3	17	11	3	23	22400	880	0	5	0	880
1352	8470	2	1	5	1	0	0	3	17	11	3	23	22400	880	0	5	0	880
1352	8473	3	6	4	1	0	0	5	17	13	3	23	22400	880	0	4	0	594,626,848,880,936,964
1352	8474	3	6	4	1	0	0	5	17	13	3	23	22400	880	0	4	0	594,626,848,880,936,964
1352	8476	2	2	5	1	0	0	3	17	13	3	23	22400	880	0	5	0	848,880
1352	8483	1	1	6	0	0	0	2	15	77	4	23	31296	936	0	6	0	936
1352	8485	2	1	5	1	0	0	2	15	77	4	23	31296	936	0	5	0	936
1352	8486	2	1	5	1	0	0	2	15	77	4	23	31296	936	0	5	0	936
1352	8489	2	1	5	1	0	0	2	15	77	4	23	31296	936	0	5	0	936
1352	8490	2	1	5	1	0	0	2	15	77	4	23	31296	936	0	5	0	936
1352	8492	3	7	4	1	0	0	8	15	77	4	23	22400	880	0	4	0	596,848,852,880,936,960,992
1352	8497	2	1	5	1	0	0	2	17	13	3	23	31296	936	0	5	0	936
1352	8498	2	1	5	1	0	0	2	17	13	3	23	31296	936	0	5	0	936
1352	8500	2	2	5	1	0	0	3	17	13	3	23	22400	880	0	5	0	848,880
1352	8504	2	2	5	1	0	0	2	17	11	3	23	31776	960	0	5	0	848,960
1352	8515	1	1	6	0	0	0	1	15	77	4	23	31296	928	0	6	0	928
1352	8517	2	1	5	1	0	0	1	15	77	4	23	31296	928	0	5	0	928
1352	8518	2	1	5	1	0	0	1	15	77	4	23	31296	928	0	5	0	928
1352	8521	2	1	5	1	0	0	1	15	77	4	23	31296	928	0	5	0	928
1352	8522	2	1	5	1	0	0	1	15	77	4	23	31296	928	0	5	0	928
1352	8524	3	4	4	1	0	0	9	15	77	4	23	22400	880	0	4	0	880,928,968,992
1352	8529	2	1	5	1	0	0	1	17	13	3	23	31296	928	0	5	0	928
1352	8530	2	1	5	1	0	0	1	17	13	3	23	31296	928	0	5	0	928
1352	8532	2	1	5	1	0	0	3	17	13	3	23	22400	880	0	5	0	880
1352	8536	2	1	5	1	0	0	4	17	11	3	23	31776	968	0	5	0	968
1352	8545	1	1	6	0	0	0	2	15	77	4	23	31296	928	0	6	0	928
1352	8546	1	1	6	0	0	0	2	15	77	4	23	31296	928	0	6	0	928
1352	8548	2	2	5	1	0	0	3	15	77	4	23	31296	928	0	5	0	928,992
1352	8552	2	3	5	1	0	0	7	15	75	4	23	31296	928	0	5	0	928,960,992
1352	8560	2	3	5	1	0	0	5	17	11	3	23	31296	928	0	5	0	928,960,992
1352	8579	1	2	6	0	0	0	1	16	75	4	24	31296	944	0	6	0	928,944
1352	8581	2	4	5	1	0	0	5	16	75	4	24	22400	864	0	5	0	864,928,944,992
1352	8582	2	4	5	1	0	0	5	16	75	4	24	22400	864	0	5	0	864,928,944,992
1352	8585	2	3	5	1	0	0	2	16	77	4	24	31296	944	0	5	0	928,944,992
1352	8586	2	3	5	1	0	0	2	16	77	4	24	31296	944	0	5	0	928,944,992
1352	8588	2	2	5	1	0	0	4	16	77	4	24	22400	864	0	5	0	864,992
1352	8593	2	4	5	1	0	0	4	18	11	3	24	22400	864	0	5	0	864,928,944,992
1352	8594	2	4	5	1	0	0	4	18	11	3	24	22400	864	0	5	0	864,928,944,992
1352	8596	1	1	6	0	0	0	3	18	11	3	24	22400	864	0	6	0	864
1352	8600	2	6	5	1	0	0	5	18	13	3	24	22400	864	0	5	0	832,840,864,960,968,992
1352	8609	2	3	5	1	0	0	3	14	94	5	24	31296	944	0	5	0	928,944,992
1352	8610	2	3	5	1	0	0	3	14	94	5	24	31296	944	0	5	0	928,944,992
1352	8612	2	2	5	1	0	0	4	14	94	5	24	22400	864	0	5	0	864,992
1352	8616	2	2	5	1	0	0	3	14	94	5	24	31776	960	0	5	0	960,992
1352	8624	2	4	5	1	0	0	4	16	30	4	24	22400	864	0	5	0	832,864,960,992
1352	8641	1	1	6	0	0	0	1	14	94	5	24	31296	928	0	6	0	928
1352	8642	1	1	6	0	0	0	1	14	94	5	24	31296	928	0	6	0	928
1352	8644	2	3	5	1	0	0	5	14	94	5	24	22400	864	0	5	0	864,928,992
1352	8648	2	2	5	1	0	0	2	14	94	5	24	31296	928	0	5	0	928,992
1352	8656	2	3	5	1	0	0	4	16	30	4	24	22400	864	0	5	0	864,928,992
1352	8672	2	2	5	1	0	0	3	12	222	6	24	31296	928	0	5	0	928,992
1352	8711	2	2	5	1	0	0	3	15	75	4	23	22400	880	0	5	0	626,880
1352	8715	2	2	5	1	0	0	1	15	77	4	23	31328	908	0	5	0	396,908
1352	8717	2	2	5	1	0	0	3	15	77	4	23	22400	880	0	5	0	626,880
1352	8718	2	2	5	1	0	0	3	15	77	4	23	22400	880	0	5	0	626,880
1352	8723	2	2	5	1	0	0	2	15	77	4	23	22400	880	0	5	0	398,880
1352	8725	1	1	6	0	0	0	3	15	77	4	23	22400	880	0	6	0	880
1352	8726	1	1	6	0	0	0	3	15	77	4	23	22400	880	0	6	0	880
1352	8729	2	2	5	1	0	0	2	15	77	4	23	22400	880	0	5	0	626,880
1352	8730	2	2	5	1	0	0	2	15	77	4	23	22400	880	0	5	0	626,880
1352	8732	1	1	6	0	0	0	3	15	77	4	23	22400	880	0	6	0	880
1352	8739	2	1	5	1	0	0	2	15	77	4	23	31296	904	0	5	0	904
1352	8741	2	1	5	1	0	0	3	15	77	4	23	22400	880	0	5	0	880
1352	8742	2	1	5	1	0	0	3	15	77	4	23	22400	880	0	5	0	880
1352	8745	2	1	5	1	0	0	2	15	77	4	23	31296	904	0	5	0	904
1352	8746	2	1	5	1	0	0	2	15	77	4	23	31296	904	0	5	0	904
1352	8748	2	1	5	1	0	0	3	15	77	4	23	22400	880	0	5	0	880
1352	8753	2	1	5	1	0	0	2	15	77	4	23	22400	880	0	5	0	880
1352	8754	2	1	5	1	0	0	2	15	77	4	23	22400	880	0	5	0	880
1352	8756	1	1	6	0	0	0	3	15	77	4	23	22400	880	0	6	0	880
1352	8760	2	1	5	1	0	0	2	15	75	4	23	22400	880	0	5	0	880
1352	8771	2	2	5	1	0	0	1	17	11	3	23	31328	904	0	5	0	904,928
1352	8773	2	1	5	1	0	0	3	17	11	3	23	22400	880	0	5	0	880
1352	8774	2	1	5	1	0	0	3	17	11	3	23	22400	880	0	5	0	880
1352	8777	2	2	5	1	0	0	5	17	13	3	23	31328	904	0	5	0	904,968
1352	8778	2	2	5	1	0	0	5	17	13	3	23	31328	904	0	5	0	904,968
1352	8780	2	2	5	1	0	0	7	17	13	3	23	22400	880	0	5	0	880,968
1352	8785	2	1	5	1	0	0	2	17	13	3	23	22400	880	0	5	0	880
1352	8786	2	1	5	1	0	0	2	17	13	3	23	22400	880	0	5	0	880
1352	8788	1	1	6	0	0	0	3	17	13	3	23	22400	880	0	6	0	880
1352	8792	2	2	5	1	0	0	6	17	11	3	23	22400	880	0	5	0	880,968
1352	8801	2	4	5	1	0	0	5	17	13	3	23	31296	896	0	5	0	896,928,960,992
1352	8802	2	4	5	1	0	0	5	17	13	3	23	31296	896	0	5	0	896,928,960,992
1352	8804	2	4	5	1	0	0	6	17	13	3	23	22400	880	0	5	0	864,880,960,992
1352	8808	1	1	6	0	0	0	4	17	11	3	23	31776	960	0	6	0	960
1352	8816	2	4	5	1	0	0	5	17	11	3	23	22400	880	0	5	0	864,880,960,992
1352	8835	2	3	5	1	0	0	3	16	75	4	24	22400	864	0	5	0	864,928,992
1352	8837	1	1	6	0	0	0	3	16	75	4	24	22400	864	0	6	0	864
1352	8838	1	1	6	0	0	0	3	16	75	4	24	22400	864	0	6	0	864
1352	8841	2	2	5	1	0	0	3	16	77	4	24	22400	864	0	5	0	864,992
1352	8842	2	2	5	1	0	0	3	16	77	4	24	22400	864	0	5	0	864,992
1352	8844	1	1	6	0	0	0	3	16	77	4	24	22400	864	0	6	0	864
1352	8849	1	1	6	0	0	0	2	16	77	4	24	22400	864	0	6	0	864
1352	8850	1	1	6	0	0	0	2	16	77	4	24	22400	864	0	6	0	864
1352	8852	0	1	7	0	0	0	3	16	77	4	24	22400	864	0	7	0	864
1352	8856	1	1	6	0	0	0	2	16	77	4	24	22400	864	0	6	0	864
1352	8865	2	2	5	1	0	0	3	14	94	5	24	22400	864	0	5	0	864,992
1352	8866	2	2	5	1	0	0	3	14	94	5	24	22400	864	0	5	0	864,992
1352	8868	1	1	6	0	0	0	3	14	94	5	24	22400	864	0	6	0	864
1352	8872	2	3	5	1	0	0	5	14	94	5	24	22400	864	0	5	0	864,960,992
1352	8880	1	1	6	0	0	0	2	14	94	5	24	22400	864	0	6	0	864
1352	8897	2	3	5	1	0	0	3	16	77	4	24	22400	864	0	5	0	864,928,992
1352	8898	2	3	5	1	0	0	3	16	77	4	24	22400	864	0	5	0	864,928,992
1352	8900	1	1	6	0	0	0	3	16	77	4	24	22400	864	0	6	0	864
1352	8904	2	4	5	1	0	0	7	16	86	4	24	22400	864	0	5	0	864,960,976,992
1352	8912	1	1	6	0	0	0	2	16	86	4	24	22400	864	0	6	0	864
1352	8928	2	3	5	1	0	0	5	14	94	5	24	22400	864	0	5	0	864,960,992
1352	8963	2	2	5	1	0	0	2	16	75	4	24	31296	912	0	5	0	912,920
1352	8965	2	1	5	1	0	0	3	16	75	4	24	22400	864	0	5	0	864
1352	8966	2	1	5	1	0	0	3	16	75	4	24	22400	864	0	5	0	864
1352	8969	3	7	4	1	0	0	7	14	94	5	24	22400	864	0	4	0	614,864,912,920,960,968,992
1352	8970	3	7	4	1	0	0	7	14	94	5	24	22400	864	0	4	0	614,864,912,920,960,968,992
1352	8972	2	1	5	1	0	0	3	14	94	5	24	22400	864	0	5	0	864
1352	8977	2	1	5	1	0	0	2	16	77	4	24	22400	864	0	5	0	864
1352	8978	2	1	5	1	0	0	2	16	77	4	24	22400	864	0	5	0	864
1352	8980	1	1	6	0	0	0	3	16	77	4	24	22400	864	0	6	0	864
1352	8984	2	1	5	1	0	0	2	14	94	5	24	22400	864	0	5	0	864
1352	8993	2	2	5	1	0	0	4	14	94	5	24	31296	912	0	5	0	912,960
1352	8994	2	2	5	1	0	0	4	14	94	5	24	31296	912	0	5	0	912,960
1352	8996	2	2	5	1	0	0	5	14	94	5	24	22400	864	0	5	0	864,960
1352	9000	2	1	5	1	0	0	3	12	222	6	24	31776	960	0	5	0	960
1352	9008	2	2	5	1	0	0	4	14	94	5	24	22400	864	0	5	0	864,960
1352	9025	2	4	5	1	0	0	5	16	77	4	24	31296	896	0	5	0	896,912,960,976
1352	9026	2	4	5	1	0	0	5	16	77	4	24	31296	896	0	5	0	896,912,960,976
1352	9028	2	3	5	1	0	0	6	16	77	4	24	22400	864	0	5	0	864,960,976
1352	9032	2	2	5	1	0	0	5	14	94	5	24	31776	976	0	5	0	960,976
1352	9040	2	3	5	1	0	0	5	16	86	4	24	22400	864	0	5	0	864,960,976
1352	9056	1	1	6	0	0	0	3	14	94	5	24	31776	960	0	6	0	960
1352	9089	1	1	6	0	0	0	1	17	75	4	25	32512	960	0	6	0	960
1352	9090	1	1	6	0	0	0	1	17	75	4	25	32512	960	0	6	0	960
1352	9092	1	2	6	0	0	0	4	17	75	4	25	22400	832	0	6	0	832,960
1352	9096	1	1	6	0	0	0	1	15	94	5	25	32512	960	0	6	0	960
1352	9104	1	2	6	0	0	0	3	17	77	4	25	22400	832	0	6	0	832,960
1352	9120	1	1	6	0	0	0	2	13	222	6	25	31776	960	0	6	0	960
1352	9152	1	1	6	0	0	0	1	15	94	5	25	32512	960	0	6	0	960
1352	9223	2	1	5	1	0	0	3	13	94	5	23	22400	880	0	5	0	880
1352	9227	3	9	4	1	0	0	7	15	30	4	23	22400	880	0	4	0	396,398,460,880,908,968,972,992,1008
1352	9229	2	1	5	1	0	0	3	17	13	3	23	22400	880	0	5	0	880
1352	9230	2	1	5	1	0	0	3	17	13	3	23	22400	880	0	5	0	880
1352	9235	2	2	5	1	0	0	2	15	30	4	23	22400	880	0	5	0	398,880
1352	9237	1	1	6	0	0	0	3	17	13	3	23	22400	880	0	6	0	880
1352	9238	1	1	6	0	0	0	3	17	13	3	23	22400	880	0	6	0	880
1352	9241	2	4	5	1	0	0	4	19	3	2	23	22400	880	0	5	0	396,626,880,908
1352	9242	2	4	5	1	0	0	4	19	3	2	23	22400	880	0	5	0	396,626,880,908
1352	9244	1	1	6	0	0	0	3	21	1	1	23	22400	880	0	6	0	880
1352	9251	2	2	5	1	0	0	3	15	30	4	23	31296	968	0	5	0	968,992
1352	9253	2	3	5	1	0	0	6	17	13	3	23	22400	880	0	5	0	880,968,992
1352	9254	2	3	5	1	0	0	6	17	13	3	23	22400	880	0	5	0	880,968,992
1352	9257	1	1	6	0	0	0	2	19	3	2	23	31296	968	0	6	0	968
1352	9258	1	1	6	0	0	0	2	19	3	2	23	31296	968	0	6	0	968
1352	9260	1	1	6	0	0	0	2	21	1	1	23	31296	968	0	6	0	968
1352	9265	2	3	5	1	0	0	5	19	3	2	23	22400	880	0	5	0	880,968,992
1352	9266	2	3	5	1	0	0	5	19	3	2	23	22400	880	0	5	0	880,968,992
1352	9268	1	1	6	0	0	0	3	21	1	1	23	22400	880	0	6	0	880
1352	9272	1	2	6	0	0	0	4	23	0	0	23	31296	968	0	6	0	904,968
1352	9283	2	1	5	1	0	0	1	13	94	5	23	32512	992	0	5	0	992
1352	9285	2	2	5	1	0	0	4	15	86	4	23	22400	880	0	5	0	880,992
1352	9286	2	2	5	1	0	0	4	15	86	4	23	22400	880	0	5	0	880,992
1352	9289	2	4	5	1	0	0	7	17	13	3	23	31296	960	0	5	0	904,960,968,992
1352	9290	2	4	5	1	0	0	7	17	13	3	23	31296	960	0	5	0	904,960,968,992
1352	9292	2	5	5	1	0	0	10	19	12	2	23	22400	880	0	5	0	880,904,960,968,992
1352	9297	2	2	5	1	0	0	3	17	13	3	23	22400	880	0	5	0	880,992
1352	9298	2	2	5	1	0	0	3	17	13	3	23	22400	880	0	5	0	880,992
1352	9300	1	1	6	0	0	0	3	19	12	2	23	22400	880	0	6	0	880
1352	9304	1	1	6	0	0	0	4	21	1	1	23	31776	904	0	6	0	904
1352	9313	1	2	6	0	0	0	3	17	13	3	23	31296	960	0	6	0	960,992
1352	9314	1	2	6	0	0	0	3	17	13	3	23	31296	960	0	6	0	960,992
1352	9316	1	2	6	0	0	0	3	19	12	2	23	31296	960	0	6	0	960,992
1352	9320	0	1	7	0	0	0	2	21	1	1	23	31296	960	0	7	0	960
1352	9328	1	2	6	0	0	0	3	21	1	1	23	31296	960	0	6	0	960,992
1352	9347	1	1	6	0	0	0	1	14	94	5	24	32512	992	0	6	0	992
1352	9349	1	2	6	0	0	0	4	16	77	4	24	22400	864	0	6	0	864,992
1352	9350	1	2	6	0	0	0	4	16	77	4	24	22400	864	0	6	0	864,992
1352	9353	1	1	6	0	0	0	1	18	13	3	24	32512	992	0	6	0	992
1352	9354	1	1	6	0	0	0	1	18	13	3	24	32512	992	0	6	0	992
1352	9356	1	2	6	0	0	0	4	20	3	2	24	22400	864	0	6	0	864,992
1352	9361	1	2	6	0	0	0	3	18	13	3	24	22400	864	0	6	0	864,992
1352	9362	1	2	6	0	0	0	3	18	13	3	24	22400	864	0	6	0	864,992
1352	9364	0	1	7	0	0	0	3	20	3	2	24	22400	864	0	7	0	864
1352	9368	1	2	6	0	0	0	3	22	1	1	24	22400	864	0	6	0	864,992
1352	9377	1	1	6	0	0	0	1	16	86	4	24	32512	992	0	6	0	992
1352	9378	1	1	6	0	0	0	1	16	86	4	24	32512	992	0	6	0	992
1352	9380	1	2	6	0	0	0	4	18	13	3	24	22400	864	0	6	0	864,992
1352	9384	1	3	6	0	0	0	3	20	3	2	24	31296	976	0	6	0	960,976,992
1352	9392	1	2	6	0	0	0	3	20	3	2	24	22400	864	0	6	0	864,992
1352	9409	1	1	6	0	0	0	1	16	236	5	24	32512	992	0	6	0	992
1352	9410	1	1	6	0	0	0	1	16	236	5	24	32512	992	0	6	0	992
1352	9412	1	2	6	0	0	0	4	16	86	4	24	22400	864	0	6	0	864,992
1352	9416	1	2	6	0	0	0	2	18	13	3	24	31296	960	0	6	0	960,992
1352	9424	1	2	6	0	0	0	3	18	13	3	24	22400	864	0	6	0	864,992
1352	9440	1	2	6	0	0	0	3	16	77	4	24	31296	960	0	6	0	960,992
1352	9475	2	3	5	1	0	0	2	14	94	5	24	31296	976	0	5	0	960,976,992
1352	9477	2	4	5	1	0	0	5	16	77	4	24	22400	864	0	5	0	864,960,976,992
1352	9478	2	4	5	1	0	0	5	16	77	4	24	22400	864	0	5	0	864,960,976,992
1352	9481	2	3	5	1	0	0	2	16	86	4	24	31296	976	0	5	0	960,976,992
1352	9482	2	3	5	1	0	0	2	16	86	4	24	31296	976	0	5	0	960,976,992
1352	9484	2	4	5	1	0	0	5	18	13	3	24	22400	864	0	5	0	864,960,976,992
1352	9489	2	4	5	1	0	0	4	18	13	3	24	22400	864	0	5	0	864,960,976,992
1352	9490	2	4	5	1	0	0	4	18	13	3	24	22400	864	0	5	0	864,960,976,992
1352	9492	1	1	6	0	0	0	3	20	3	2	24	22400	864	0	6	0	864
1352	9496	2	6	5	1	0	0	8	20	3	2	24	22400	864	0	5	0	864,904,920,960,976,992
1352	9505	1	2	6	0	0	0	3	16	86	4	24	31296	976	0	6	0	960,976
1352	9506	1	2	6	0	0	0	3	16	86	4	24	31296	976	0	6	0	960,976
1352	9508	1	2	6	0	0	0	3	18	13	3	24	31296	976	0	6	0	960,976
1352	9512	1	2	6	0	0	0	3	18	11	3	24	31296	976	0	6	0	960,976
1352	9520	1	2	6	0	0	0	3	20	3	2	24	31296	976	0	6	0	960,976
1352	9537	1	1	6	0	0	0	2	16	236	5	24	31296	960	0	6	0	960
1352	9538	1	1	6	0	0	0	2	16	236	5	24	31296	960	0	6	0	960
1352	9540	1	1	6	0	0	0	2	16	86	4	24	31296	960	0	6	0	960
1352	9544	1	1	6	0	0	0	2	16	77	4	24	31296	960	0	6	0	960
1352	9552	1	1	6	0	0	0	2	18	13	3	24	31296	960	0	6	0	960
1352	9568	0	1	7	0	0	0	3	16	77	4	24	31296	960	0	7	0	960
1352	9601	0	1	7	0	0	0	1	17	77	4	25	32512	960	0	7	0	960
1352	9602	0	1	7	0	0	0	1	17	77	4	25	32512	960	0	7	0	960
1352	9604	0	1	7	0	0	0	1	19	11	3	25	32512	960	0	7	0	960
1352	9608	0	1	7	0	0	0	1	19	13	3	25	32512	960	0	7	0	960
1352	9616	0	1	7	0	0	0	1	21	3	2	25	32512	960	0	7	0	960
1352	9632	0	1	7	0	0	0	1	17	30	4	25	32512	960	0	7	0	960
1352	9664	0	1	7	0	0	0	2	15	94	5	25	31296	960	0	7	0	960
1352	9731	3	5	4	1	0	0	5	12	222	6	24	22400	864	0	4	0	410,864,920,960,992
1352	9733	2	1	5	1	0	0	3	14	94	5	24	22400	864	0	5	0	864
1352	9734	2	1	5	1	0	0	3	14	94	5	24	22400	864	0	5	0	864
1352	9737	2	1	5	1	0	0	3	14	94	5	24	31328	920	0	5	0	920
1352	9738	2	1	5	1	0	0	3	14	94	5	24	31328	920	0	5	0	920
1352	9740	2	2	5	1	0	0	6	16	77	4	24	22400	864	0	5	0	864,920
1352	9745	2	1	5	1	0	0	2	14	94	5	24	22400	864	0	5	0	864
1352	9746	2	1	5	1	0	0	2	14	94	5	24	22400	864	0	5	0	864
1352	9748	1	1	6	0	0	0	3	16	77	4	24	22400	864	0	6	0	864
1352	9752	2	2	5	1	0	0	5	16	75	4	24	22400	864	0	5	0	864,920
1352	9761	2	2	5	1	0	0	4	14	94	5	24	31296	912	0	5	0	912,960
1352	9762	2	2	5	1	0	0	4	14	94	5	24	31296	912	0	5	0	912,960
1352	9764	2	3	5	1	0	0	7	16	77	4	24	22400	864	0	5	0	864,912,960
1352	9768	1	1	6	0	0	0	4	16	75	4	24	31296	912	0	6	0	912
1352	9776	2	3	5	1	0	0	6	16	75	4	24	22400	864	0	5	0	864,912,960
1352	9793	2	2	5	1	0	0	4	14	94	5	24	31328	912	0	5	0	912,960
1352	9794	2	2	5	1	0	0	4	14	94	5	24	31328	912	0	5	0	912,960
1352	9796	2	3	5	1	0	0	7	16	86	4	24	22400	864	0	5	0	864,912,960
1352	9800	1	1	6	0	0	0	5	16	77	4	24	31328	912	0	6	0	912
1352	9808	2	3	5	1	0	0	6	16	77	4	24	22400	864	0	5	0	864,912,960
1352	9824	1	2	6	0	0	0	5	16	77	4	24	31296	896	0	6	0	896,960
1352	9857	1	1	6	0	0	0	1	15	94	5	25	32512	960	0	6	0	960
1352	9858	1	1	6	0	0	0	1	15	94	5	25	32512	960	0	6	0	960
1352	9860	1	2	6	0	0	0	4	17	77	4	25	22400	832	0	6	0	832,960
1352	9864	1	1	6	0	0	0	1	17	77	4	25	32512	960	0	6	0	960
1352	9872	1	2	6	0	0	0	3	17	77	4	25	22400	832	0	6	0	832,960
1352	9888	1	1	6	0	0	0	1	15	94	5	25	32512	960	0	6	0	960
1352	9920	1	1	6	0	0	0	1	17	236	5	25	32512	960	0	6	0	960
1352	9985	2	5	5	1	0	0	5	15	94	5	25	31296	928	0	5	0	896,912,928,944,960
1352	9986	2	5	5	1	0	0	5	15	94	5	25	31296	928	0	5	0	896,912,928,944,960
1352	9988	2	6	5	1	0	0	8	17	77	4	25	22400	832	0	5	0	832,896,912,928,944,960
1352	9992	2	5	5	1	0	0	7	15	94	5	25	31296	928	0	5	0	896,912,928,944,960
1352	10000	2	6	5	1	0	0	7	17	77	4	25	22400	832	0	5	0	832,896,912,928,944,960
1352	10016	1	2	6	0	0	0	5	15	94	5	25	31296	928	0	6	0	896,928
1352	10048	1	2	6	0	0	0	5	17	236	5	25	31296	896	0	6	0	896,928
1352	10112	0	1	7	0	0	0	1	18	77	4	26	32512	896	0	7	0	896
1352	10247	2	2	5	1	0	0	3	15	77	4	23	22400	1008	0	5	0	880,1008
1352	10251	2	2	5	1	0	0	2	19	3	2	23	22400	1008	0	5	0	880,1008
1352	10253	2	1	5	1	0	0	3	17	13	3	23	22400	1008	0	5	0	1008
1352	10254	2	1	5	1	0	0	3	17	13	3	23	22400	1008	0	5	0	1008
1352	10259	2	2	5	1	0	0	2	17	76	3	23	22400	1008	0	5	0	880,1008
1352	10261	2	1	5	1	0	0	3	15	86	4	23	22400	1008	0	5	0	1008
1352	10262	2	1	5	1	0	0	3	15	86	4	23	22400	1008	0	5	0	1008
1352	10265	2	2	5	1	0	0	2	19	12	2	23	22400	1008	0	5	0	944,1008
1352	10266	2	2	5	1	0	0	2	19	12	2	23	22400	1008	0	5	0	944,1008
1352	10268	2	2	5	1	0	0	3	17	13	3	23	22400	1008	0	5	0	944,1008
1352	10275	2	6	5	1	0	0	5	19	3	2	23	22400	1008	0	5	0	840,864,872,880,992,1008
1352	10277	2	2	5	1	0	0	4	17	13	3	23	22400	1008	0	5	0	992,1008
1352	10278	2	2	5	1	0	0	4	17	13	3	23	22400	1008	0	5	0	992,1008
1352	10281	2	5	5	1	0	0	5	21	1	1	23	22400	1008	0	5	0	840,928,944,992,1008
1352	10282	2	5	5	1	0	0	5	21	1	1	23	22400	1008	0	5	0	840,928,944,992,1008
1352	10284	2	4	5	1	0	0	4	19	3	2	23	22400	1008	0	5	0	928,944,992,1008
1352	10289	2	4	5	1	0	0	3	19	12	2	23	22400	1008	0	5	0	928,944,992,1008
1352	10290	2	4	5	1	0	0	3	19	12	2	23	22400	1008	0	5	0	928,944,992,1008
1352	10292	2	4	5	1	0	0	4	17	13	3	23	22400	1008	0	5	0	928,944,992,1008
1352	10296	1	2	6	0	1	1	0	21	1	1	23	22400	944	512	5	1	928,944
1352	10307	1	2	6	0	1	1	0	19	3	2	23	22400	880	1024	5	1	864,880
1352	10309	2	4	5	1	0	0	4	17	13	3	23	22400	1008	0	5	0	864,880,992,1008
1352	10310	2	4	5	1	0	0	4	17	13	3	23	22400	1008	0	5	0	864,880,992,1008
1352	10313	2	5	5	1	0	0	7	21	1	1	23	22400	1008	0	5	0	864,880,904,992,1008
1352	10314	2	5	5	1	0	0	7	21	1	1	23	22400	1008	0	5	0	864,880,904,992,1008
1352	10316	2	3	5	1	0	0	8	19	3	2	23	22400	1008	0	5	0	904,992,1008
1352	10321	2	4	5	1	0	0	3	19	12	2	23	22400	1008	0	5	0	864,880,992,1008
1352	10322	2	4	5	1	0	0	3	19	12	2	23	22400	1008	0	5	0	864,880,992,1008
1352	10324	2	2	5	1	0	0	4	17	13	3	23	22400	1008	0	5	0	992,1008
1352	10328	1	1	6	0	0	0	4	21	1	1	23	31776	904	0	6	0	904
1352	10337	1	2	6	0	0	0	1	21	1	1	23	32512	992	0	6	0	864,992
1352	10338	1	2	6	0	0	0	1	21	1	1	23	32512	992	0	6	0	864,992
1352	10340	1	1	6	0	0	0	1	19	3	2	23	32512	992	0	6	0	992
1352	10344	1	4	6	0	0	0	5	23	0	0	23	31776	896	0	6	0	896,928,960,992
1352	10352	1	2	6	0	0	0	1	21	1	1	23	32512	992	0	6	0	928,992
1352	10371	1	2	6	0	0	0	3	16	77	4	24	22400	992	0	6	0	864,992
1352	10373	1	1	6	0	0	0	4	14	94	5	24	22400	992	0	6	0	992
1352	10374	1	1	6	0	0	0	4	14	94	5	24	22400	992	0	6	0	992
1352	10377	1	1	6	0	0	0	3	18	13	3	24	22400	992	0	6	0	992
1352	10378	1	1	6	0	0	0	3	18	13	3	24	22400	992	0	6	0	992
1352	10380	1	1	6	0	0	0	4	16	30	4	24	22400	992	0	6	0	992
1352	10385	1	1	6	0	0	0	3	16	86	4	24	22400	992	0	6	0	992
1352	10386	1	1	6	0	0	0	3	16	86	4	24	22400	992	0	6	0	992
1352	10388	1	1	6	0	0	0	4	14	94	5	24	22400	992	0	6	0	992
1352	10392	1	2	6	0	0	0	3	18	13	3	24	22400	992	0	6	0	928,992
1352	10401	1	1	6	0	0	0	3	16	77	4	24	22400	992	0	6	0	992
1352	10402	1	1	6	0	0	0	3	16	77	4	24	22400	992	0	6	0	992
1352	10404	1	1	6	0	0	0	4	14	94	5	24	22400	992	0	6	0	992
1352	10408	1	2	6	0	0	0	3	18	11	3	24	22400	992	0	6	0	928,992
1352	10416	1	2	6	0	0	0	3	16	77	4	24	22400	992	0	6	0	928,992
1352	10433	1	2	6	0	0	0	3	16	77	4	24	22400	992	0	6	0	864,992
1352	10434	1	2	6	0	0	0	3	16	77	4	24	22400	992	0	6	0	864,992
1352	10436	1	1	6	0	0	0	4	14	94	5	24	22400	992	0	6	0	992
1352	10440	1	1	6	0	0	0	3	18	11	3	24	22400	992	0	6	0	992
1352	10448	1	1	6	0	0	0	3	16	77	4	24	22400	992	0	6	0	992
1352	10464	1	1	6	0	0	0	3	16	75	4	24	22400	992	0	6	0	992
1352	10499	2	3	5	1	0	0	3	16	77	4	24	22400	992	0	5	0	848,864,992
1352	10501	2	1	5	1	0	0	3	14	94	5	24	22400	992	0	5	0	992
1352	10502	2	1	5	1	0	0	3	14	94	5	24	22400	992	0	5	0	992
1352	10505	2	1	5	1	0	0	2	16	77	4	24	22400	992	0	5	0	992
1352	10506	2	1	5	1	0	0	2	16	77	4	24	22400	992	0	5	0	992
1352	10508	2	1	5	1	0	0	3	14	94	5	24	22400	992	0	5	0	992
1352	10513	2	1	5	1	0	0	2	16	86	4	24	22400	992	0	5	0	992
1352	10514	2	1	5	1	0	0	2	16	86	4	24	22400	992	0	5	0	992
1352	10516	2	1	5	1	0	0	3	14	94	5	24	22400	992	0	5	0	992
1352	10520	2	3	5	1	0	0	4	16	77	4	24	22400	992	0	5	0	904,928,992
1352	10529	2	3	5	1	0	0	5	16	77	4	24	22400	992	0	5	0	848,960,992
1352	10530	2	3	5	1	0	0	5	16	77	4	24	22400	992	0	5	0	848,960,992
1352	10532	2	2	5	1	0	0	4	14	94	5	24	22400	992	0	5	0	960,992
1352	10536	2	4	5	1	0	0	5	16	75	4	24	22400	992	0	5	0	896,928,960,992
1352	10544	2	4	5	1	0	0	4	16	77	4	24	22400	992	0	5	0	896,928,960,992
1352	10561	2	4	5	1	0	0	4	16	77	4	24	22400	992	0	5	0	832,864,960,992
1352	10562	2	4	5	1	0	0	4	16	77	4	24	22400	992	0	5	0	832,864,960,992
1352	10564	2	2	5	1	0	0	4	14	94	5	24	22400	992	0	5	0	960,992
1352	10568	2	3	5	1	0	0	7	16	75	4	24	22400	992	0	5	0	912,960,992
1352	10576	2	3	5	1	0	0	5	16	77	4	24	22400	992	0	5	0	912,960,992
1352	10592	1	1	6	0	0	0	1	16	75	4	24	32512	960	0	6	0	960
1352	10625	1	1	6	0	0	0	3	15	94	5	25	22400	960	0	6	0	960
1352	10626	1	1	6	0	0	0	3	15	94	5	25	22400	960	0	6	0	960
1352	10628	1	1	6	0	0	0	4	13	222	6	25	22400	960	0	6	0	960
1352	10632	1	1	6	0	0	0	3	15	94	5	25	22400	960	0	6	0	960
1352	10640	1	1	6	0	0	0	3	15	94	5	25	22400	960	0	6	0	960
1352	10656	1	1	6	0	0	0	3	13	222	6	25	22400	960	0	6	0	960
1352	10688	1	1	6	0	0	0	3	13	222	6	25	22400	960	0	6	0	960
1352	10755	1	1	6	0	0	0	2	18	11	3	24	22400	992	0	6	0	992
1352	10757	1	1	6	0	0	0	3	16	77	4	24	22400	992	0	6	0	992
1352	10758	1	1	6	0	0	0	3	16	77	4	24	22400	992	0	6	0	992
1352	10761	1	1	6	0	0	0	2	18	13	3	24	22400	992	0	6	0	992
1352	10762	1	1	6	0	0	0	2	18	13	3	24	22400	992	0	6	0	992
1352	10764	1	1	6	0	0	0	3	16	86	4	24	22400	992	0	6	0	992
1352	10769	1	1	6	0	0	0	2	16	86	4	24	22400	992	0	6	0	992
1352	10770	1	1	6	0	0	0	2	16	86	4	24	22400	992	0	6	0	992
1352	10772	1	1	6	0	0	0	3	16	236	5	24	22400	992	0	6	0	992
1352	10776	1	1	6	0	0	0	2	16	77	4	24	22400	992	0	6	0	992
1352	10785	1	2	6	0	0	0	3	18	13	3	24	22400	992	0	6	0	960,992
1352	10786	1	2	6	0	0	0	3	18	13	3	24	22400	992	0	6	0	960,992
1352	10788	1	2	6	0	0	0	4	16	86	4	24	22400	992	0	6	0	960,992
1352	10792	1	2	6	0	0	0	3	18	11	3	24	22400	992	0	6	0	960,992
1352	10800	1	2	6	0	0	0	3	16	77	4	24	22400	992	0	6	0	960,992
1352	10817	1	2	6	0	0	0	3	20	3	2	24	22400	992	0	6	0	960,992
1352	10818	1	2	6	0	0	0	3	20	3	2	24	22400	992	0	6	0	960,992
1352	10820	1	2	6	0	0	0	4	18	13	3	24	22400	992	0	6	0	960,992
1352	10824	1	3	6	0	0	0	7	20	3	2	24	22400	992	0	6	0	912,960,992
1352	10832	1	2	6	0	0	0	3	18	13	3	24	22400	992	0	6	0	960,992
1352	10848	0	1	7	0	0	0	1	20	3	2	24	32512	960	0	7	0	960
1352	10881	0	1	7	0	0	0	3	17	77	4	25	22400	960	0	7	0	960
1352	10882	0	1	7	0	0	0	3	17	77	4	25	22400	960	0	7	0	960
1352	10884	0	1	7	0	0	0	4	15	94	5	25	22400	960	0	7	0	960
1352	10888	0	1	7	0	0	0	3	17	86	4	25	22400	960	0	7	0	960
1352	10896	0	1	7	0	0	0	3	17	236	5	25	22400	960	0	7	0	960
1352	10912	0	1	7	0	0	0	3	15	94	5	25	22400	960	0	7	0	960
1352	10944	0	1	7	0	0	0	3	17	77	4	25	22400	960	0	7	0	960
1352	11009	1	1	6	0	0	0	2	17	77	4	25	22400	960	0	6	0	960
1352	11010	1	1	6	0	0	0	2	17	77	4	25	22400	960	0	6	0	960
1352	11012	1	1	6	0	0	0	3	15	94	5	25	22400	960	0	6	0	960
1352	11016	1	1	6	0	0	0	2	15	94	5	25	22400	960	0	6	0	960
1352	11024	1	1	6	0	0	0	2	17	236	5	25	22400	960	0	6	0	960
1352	11040	1	2	6	0	0	0	4	15	94	5	25	22400	960	0	6	0	896,960
1352	11072	1	3	6	0	0	0	5	17	77	4	25	22400	960	0	6	0	896,928,960
1352	11136	0	1	7	0	0	0	3	16	94	5	26	22400	896	0	7	0	896
1352	11267	1	1	6	0	0	0	2	14	94	5	24	22400	992	0	6	0	992
1352	11269	1	1	6	0	0	0	3	16	236	5	24	22400	992	0	6	0	992
1352	11270	1	1	6	0	0	0	3	16	236	5	24	22400	992	0	6	0	992
1352	11273	1	1	6	0	0	0	2	18	13	3	24	22400	992	0	6	0	992
1352	11274	1	1	6	0	0	0	2	18	13	3	24	22400	992	0	6	0	992
1352	11276	1	1	6	0	0	0	3	18	13	3	24	22400	992	0	6	0	992
1352	11281	1	1	6	0	0	0	2	16	86	4	24	22400	992	0	6	0	992
1352	11282	1	1	6	0	0	0	2	16	86	4	24	22400	992	0	6	0	992
1352	11284	1	1	6	0	0	0	3	16	77	4	24	22400	992	0	6	0	992
1352	11288	1	1	6	0	0	0	2	20	3	2	24	22400	992	0	6	0	992
1352	11297	1	2	6	0	0	0	3	18	13	3	24	22400	992	0	6	0	960,992
1352	11298	1	2	6	0	0	0	3	18	13	3	24	22400	992	0	6	0	960,992
1352	11300	1	2	6	0	0	0	4	18	13	3	24	22400	992	0	6	0	960,992
1352	11304	1	3	6	0	0	0	5	22	1	1	24	22400	992	0	6	0	912,960,992
1352	11312	1	2	6	0	0	0	3	20	3	2	24	22400	992	0	6	0	960,992
1352	11329	1	2	6	0	0	0	3	16	77	4	24	22400	992	0	6	0	960,992
1352	11330	1	2	6	0	0	0	3	16	77	4	24	22400	992	0	6	0	960,992
1352	11332	1	2	6	0	0	0	4	16	86	4	24	22400	992	0	6	0	960,992
1352	11336	1	2	6	0	0	0	3	20	3	2	24	22400	992	0	6	0	960,992
1352	11344	1	2	6	0	0	0	3	18	13	3	24	22400	992	0	6	0	960,992
1352	11360	0	1	7	0	0	0	1	20	3	2	24	32512	960	0	7	0	960
1352	11393	0	1	7	0	0	0	3	17	236	5	25	22400	960	0	7	0	960
1352	11394	0	1	7	0	0	0	3	17	236	5	25	22400	960	0	7	0	960
1352	11396	0	1	7	0	0	0	4	15	94	5	25	22400	960	0	7	0	960
1352	11400	0	1	7	0	0	0	3	19	13	3	25	22400	960	0	7	0	960
1352	11408	0	1	7	0	0	0	3	17	77	4	25	22400	960	0	7	0	960
1352	11424	0	1	7	0	0	0	3	17	77	4	25	22400	960	0	7	0	960
1352	11456	0	1	7	0	0	0	3	15	94	5	25	22400	960	0	7	0	960
1352	11521	1	1	6	0	0	0	2	17	236	5	25	22400	960	0	6	0	960
1352	11522	1	1	6	0	0	0	2	17	236	5	25	22400	960	0	6	0	960
1352	11524	1	1	6	0	0	0	3	15	94	5	25	22400	960	0	6	0	960
1352	11528	1	1	6	0	0	0	2	17	77	4	25	22400	960	0	6	0	960
1352	11536	1	1	6	0	0	0	2	17	77	4	25	22400	960	0	6	0	960
1352	11552	1	3	6	0	0	0	5	17	77	4	25	22400	960	0	6	0	896,928,960
1352	11584	1	2	6	0	0	0	4	15	94	5	25	22400	960	0	6	0	896,960
1352	11648	0	1	7	0	0	0	3	16	94	5	26	22400	896	0	7	0	896
1352	11777	1	1	6	0	0	0	2	15	94	5	25	22400	960	0	6	0	960
1352	11778	1	1	6	0	0	0	2	15	94	5	25	22400	960	0	6	0	960
1352	11780	1	1	6	0	0	0	3	17	236	5	25	22400	960	0	6	0	960
1352	11784	1	1	6	0	0	0	2	17	77	4	25	22400	960	0	6	0	960
1352	11792	1	1	6	0	0	0	2	15	94	5	25	22400	960	0	6	0	960
1352	11808	1	2	6	0	0	0	3	17	77	4	25	22400	960	0	6	0	896,960
1352	11840	1	2	6	0	0	0	3	17	77	4	25	22400	960	0	6	0	896,960
1352	11904	0	1	7	0	0	0	3	18	236	5	26	22400	896	0	7	0	896
1352	12032	1	1	6	0	0	0	2	18	236	5	26	22400	896	0	6	0	896
1352	12295	2	1	5	1	0	0	3	12	222	6	24	22400	752	0	5	0	752
1352	12299	3	7	4	1	0	0	5	14	94	5	24	22400	752	0	4	0	270,332,690,752,840,844,880
1352	12301	2	2	5	1	0	0	3	14	94	5	24	22400	752	0	5	0	690,752
1352	12302	2	2	5	1	0	0	3	14	94	5	24	22400	752	0	5	0	690,752
1352	12307	2	2	5	1	0	0	3	14	94	5	24	22400	752	0	5	0	270,752
1352	12309	1	1	6	0	0	0	3	14	94	5	24	22400	752	0	6	0	752
1352	12310	1	1	6	0	0	0	3	14	94	5	24	22400	752	0	6	0	752
1352	12313	2	4	5	1	0	0	3	16	77	4	24	22400	752	0	5	0	688,690,752,754
1352	12314	2	4	5	1	0	0	3	16	77	4	24	22400	752	0	5	0	688,690,752,754
1352	12316	1	2	6	0	0	0	3	16	77	4	24	22400	752	0	6	0	688,752
1352	12323	2	1	5	1	0	0	2	16	30	4	24	31296	840	0	5	0	840
1352	12325	2	2	5	1	0	0	3	16	30	4	24	22400	752	0	5	0	692,752
1352	12326	2	2	5	1	0	0	3	16	30	4	24	22400	752	0	5	0	692,752
1352	12329	2	4	5	1	0	0	2	18	13	3	24	31296	840	0	5	0	182,692,694,840
1352	12330	2	4	5	1	0	0	2	18	13	3	24	31296	840	0	5	0	182,692,694,840
1352	12332	1	1	6	0	1	2	0	18	13	3	24	22400	692	528	5	1	692
1352	12337	2	4	5	1	0	0	3	18	13	3	24	22400	752	0	5	0	688,690,752,754
1352	12338	2	4	5	1	0	0	3	18	13	3	24	22400	752	0	5	0	688,690,752,754
1352	12340	1	2	6	0	0	0	3	18	13	3	24	22400	752	0	6	0	688,752
1352	12344	1	2	6	0	1	1	0	20	3	2	24	22400	688	512	5	1	688,692
1352	12355	2	2	5	1	1	1	0	16	30	4	24	31296	864	256	4	1	864,880
1352	12357	2	1	5	1	0	0	3	16	30	4	24	22400	752	0	5	0	752
1352	12358	2	1	5	1	0	0	3	16	30	4	24	22400	752	0	5	0	752
1352	12361	3	15	4	1	0	0	9	18	13	3	24	22400	752	0	4	0	142,158,174,182,190,692,694,752,754,832,840,848,864,880,904
1352	12362	3	15	4	1	0	0	9	18	13	3	24	22400	752	0	4	0	142,158,174,182,190,692,694,752,754,832,840,848,864,880,904
1352	12364	2	2	5	1	0	0	3	18	13	3	24	22400	752	0	5	0	692,752
1352	12369	2	2	5	1	0	0	3	18	13	3	24	22400	752	0	5	0	752,754
1352	12370	2	2	5	1	0	0	3	18	13	3	24	22400	752	0	5	0	752,754
1352	12372	1	1	6	0	0	0	3	18	13	3	24	22400	752	0	6	0	752
1352	12376	2	5	5	1	0	0	7	20	3	2	24	22400	752	0	5	0	688,692,752,756,904
1352	12385	2	4	5	1	0	0	2	20	3	2	24	31296	832	0	5	0	158,190,832,864
1352	12386	2	4	5	1	0	0	2	20	3	2	24	31296	832	0	5	0	158,190,832,864
1352	12388	2	2	5	1	0	0	3	20	3	2	24	22400	752	0	5	0	696,752
1352	12392	2	8	5	1	0	0	6	22	1	1	24	31296	832	0	5	0	188,190,696,700,832,834,896,960
1352	12400	2	5	5	1	0	0	5	22	1	1	24	22400	752	0	5	0	688,692,752,756,904
1352	12419	2	1	5	1	1	1	0	13	222	6	25	32512	864	1024	4	1	864
1352	12421	2	1	5	1	0	0	3	13	222	6	25	22400	736	0	5	0	736
1352	12422	2	1	5	1	0	0	3	13	222	6	25	22400	736	0	5	0	736
1352	12425	3	9	4	1	0	0	5	15	94	5	25	22400	736	0	4	0	158,174,676,678,736,738,848,864,992
1352	12426	3	9	4	1	0	0	5	15	94	5	25	22400	736	0	4	0	158,174,676,678,736,738,848,864,992
1352	12428	2	2	5	1	0	0	3	15	94	5	25	22400	736	0	5	0	676,736
1352	12433	2	2	5	1	0	0	3	15	94	5	25	22400	736	0	5	0	736,738
1352	12434	2	2	5	1	0	0	3	15	94	5	25	22400	736	0	5	0	736,738
1352	12436	1	1	6	0	0	0	3	15	94	5	25	22400	736	0	6	0	736
1352	12440	2	4	5	1	0	0	3	17	77	4	25	22400	736	0	5	0	672,676,736,740
1352	12449	3	9	4	1	0	0	6	15	94	5	25	22400	736	0	4	0	158,174,680,682,736,738,848,864,992
1352	12450	3	9	4	1	0	0	6	15	94	5	25	22400	736	0	4	0	158,174,680,682,736,738,848,864,992
1352	12452	2	2	5	1	0	0	3	15	94	5	25	22400	736	0	5	0	680,736
1352	12456	2	2	5	1	1	2	0	17	77	4	25	22400	680	528	4	1	680,684
1352	12464	2	4	5	1	0	0	3	17	77	4	25	22400	736	0	5	0	672,676,736,740
1352	12481	2	2	5	1	1	1	0	15	94	5	25	31296	864	256	4	1	158,864
1352	12482	2	2	5	1	1	1	0	15	94	5	25	31296	864	256	4	1	158,864
1352	12484	2	1	5	1	0	0	3	15	94	5	25	22400	736	0	5	0	736
1352	12488	3	15	4	1	0	0	9	17	77	4	25	22400	736	0	4	0	156,158,188,190,680,684,736,740,832,834,864,866,912,960,992
1352	12496	2	2	5	1	0	0	3	17	77	4	25	22400	736	0	5	0	736,740
1352	12512	3	15	4	1	0	0	8	17	75	4	25	22400	736	0	4	0	156,158,188,190,688,692,736,740,832,834,864,866,904,960,992
1352	12547	2	2	5	1	0	0	1	15	94	5	25	31296	848	0	5	0	848,864
1352	12549	2	1	5	1	0	0	3	15	94	5	25	22400	736	0	5	0	736
1352	12550	2	1	5	1	0	0	3	15	94	5	25	22400	736	0	5	0	736
1352	12553	3	9	4	1	0	0	4	17	236	5	25	22400	736	0	4	0	158,174,676,678,736,738,848,864,992
1352	12554	3	9	4	1	0	0	4	17	236	5	25	22400	736	0	4	0	158,174,676,678,736,738,848,864,992
1352	12556	2	2	5	1	0	0	3	17	236	5	25	22400	736	0	5	0	676,736
1352	12561	2	2	5	1	0	0	3	17	86	4	25	22400	736	0	5	0	736,738
1352	12562	2	2	5	1	0	0	3	17	86	4	25	22400	736	0	5	0	736,738
1352	12564	1	1	6	0	0	0	3	17	86	4	25	22400	736	0	6	0	736
1352	12568	2	4	5	1	0	0	3	17	86	4	25	22400	736	0	5	0	672,676,736,740
1352	12577	2	2	5	1	0	0	2	17	86	4	25	31296	848	0	5	0	174,848
1352	12578	2	2	5	1	0	0	2	17	86	4	25	31296	848	0	5	0	174,848
1352	12580	2	3	5	1	0	0	3	17	86	4	25	22400	736	0	5	0	680,684,736
1352	12584	2	2	5	1	1	2	0	17	77	4	25	22400	680	528	4	1	680,684
1352	12592	2	6	5	1	0	0	3	19	76	3	25	22400	736	0	5	0	672,676,680,684,736,740
1352	12609	2	4	5	1	0	0	1	17	86	4	25	31296	832	0	5	0	158,190,832,864
1352	12610	2	4	5	1	0	0	1	17	86	4	25	31296	832	0	5	0	158,190,832,864
1352	12612	2	1	5	1	0	0	3	17	86	4	25	22400	736	0	5	0	736
1352	12616	3	15	4	1	0	0	9	17	77	4	25	22400	736	0	4	0	156,158,188,190,680,684,736,740,832,834,864,866,912,960,992
1352	12624	2	2	5	1	0	0	3	19	76	3	25	22400	736	0	5	0	736,740
1352	12640	2	5	5	1	0	0	3	19	11	3	25	31296	832	0	5	0	188,190,832,834,960
1352	12673	2	5	5	1	0	0	2	16	94	5	26	31296	864	0	5	0	158,190,832,864,960
1352	12674	2	5	5	1	0	0	2	16	94	5	26	31296	864	0	5	0	158,190,832,864,960
1352	12676	2	2	5	1	0	0	4	16	94	5	26	22400	704	0	5	0	704,960
1352	12680	2	1	5	1	0	0	1	18	236	5	26	32512	960	0	5	0	960
1352	12688	2	3	5	1	0	0	4	18	86	4	26	22400	704	0	5	0	704,708,960
1352	12704	2	1	5	1	0	0	1	16	94	5	26	32512	960	0	5	0	960
1352	12736	2	5	5	1	0	0	2	16	94	5	26	31296	832	0	5	0	188,190,832,834,960
1352	12803	2	4	5	1	0	0	3	15	94	5	25	22400	736	0	5	0	282,286,736,740
1352	12805	1	2	6	0	0	0	3	15	94	5	25	22400	736	0	6	0	736,740
1352	12806	1	2	6	0	0	0	3	15	94	5	25	22400	736	0	6	0	736,740
1352	12809	2	4	5	1	0	0	3	17	236	5	25	22400	736	0	5	0	736,738,740,742
1352	12810	2	4	5	1	0	0	3	17	236	5	25	22400	736	0	5	0	736,738,740,742
1352	12812	1	2	6	0	0	0	3	17	236	5	25	22400	736	0	6	0	736,740
1352	12817	1	2	6	0	0	0	3	17	236	5	25	22400	736	0	6	0	736,738
1352	12818	1	2	6	0	0	0	3	17	236	5	25	22400	736	0	6	0	736,738
1352	12820	0	1	7	0	0	0	3	17	236	5	25	22400	736	0	7	0	736
1352	12824	1	2	6	0	0	0	3	15	94	5	25	22400	736	0	6	0	736,740
1352	12833	2	4	5	1	0	0	3	17	86	4	25	22400	736	0	5	0	736,738,744,746
1352	12834	2	4	5	1	0	0	3	17	86	4	25	22400	736	0	5	0	736,738,744,746
1352	12836	1	2	6	0	0	0	3	17	86	4	25	22400	736	0	6	0	736,744
1352	12840	2	4	5	1	0	0	3	17	77	4	25	22400	736	0	5	0	736,740,744,748
1352	12848	1	2	6	0	0	0	3	17	77	4	25	22400	736	0	6	0	736,740
1352	12865	2	4	5	1	0	0	3	19	13	3	25	22400	736	0	5	0	736,738,744,746
1352	12866	2	4	5	1	0	0	3	19	13	3	25	22400	736	0	5	0	736,738,744,746
1352	12868	1	2	6	0	0	0	3	19	13	3	25	22400	736	0	6	0	736,744
1352	12872	2	5	5	1	0	0	7	19	13	3	25	22400	736	0	5	0	736,740,744,748,912
1352	12880	1	2	6	0	0	0	3	19	13	3	25	22400	736	0	6	0	736,740
1352	12896	2	7	5	1	0	0	8	21	3	2	25	22400	736	0	5	0	736,740,752,756,896,904,960
1352	12929	2	5	5	1	0	0	4	16	94	5	26	22400	704	0	5	0	704,706,712,714,960
1352	12930	2	5	5	1	0	0	4	16	94	5	26	22400	704	0	5	0	704,706,712,714,960
1352	12932	1	2	6	0	0	0	3	16	94	5	26	22400	704	0	6	0	704,712
1352	12936	2	5	5	1	0	0	4	18	236	5	26	22400	704	0	5	0	704,708,712,716,960
1352	12944	1	2	6	0	0	0	3	18	236	5	26	22400	704	0	6	0	704,708
1352	12960	2	5	5	1	0	0	4	16	94	5	26	22400	704	0	5	0	704,708,720,724,960
1352	12992	2	5	5	1	0	0	4	18	77	4	26	22400	704	0	5	0	704,708,720,724,960
1352	13057	2	5	5	1	0	0	3	18	77	4	26	22400	704	0	5	0	704,706,712,714,960
1352	13058	2	5	5	1	0	0	3	18	77	4	26	22400	704	0	5	0	704,706,712,714,960
1352	13060	1	2	6	0	0	0	3	18	77	4	26	22400	704	0	6	0	704,712
1352	13064	2	5	5	1	0	0	3	16	94	5	26	22400	704	0	5	0	704,708,712,716,960
1352	13072	1	2	6	0	0	0	3	18	86	4	26	22400	704	0	6	0	704,708
1352	13088	2	6	5	1	0	0	5	18	30	4	26	22400	704	0	5	0	704,708,720,724,896,960
1352	13120	2	7	5	1	0	0	6	20	13	3	26	22400	704	0	5	0	704,708,720,724,896,928,960
1352	13184	1	1	6	0	0	0	1	19	77	4	27	32512	896	0	6	0	896
1352	13315	2	3	5	1	0	0	3	13	222	6	25	22400	736	0	5	0	286,736,992
1352	13317	1	1	6	0	0	0	3	15	94	5	25	22400	736	0	6	0	736
1352	13318	1	1	6	0	0	0	3	15	94	5	25	22400	736	0	6	0	736
1352	13321	2	3	5	1	0	0	3	17	77	4	25	22400	736	0	5	0	736,738,992
1352	13322	2	3	5	1	0	0	3	17	77	4	25	22400	736	0	5	0	736,738,992
1352	13324	1	1	6	0	0	0	3	19	13	3	25	22400	736	0	6	0	736
1352	13329	1	2	6	0	0	0	3	17	77	4	25	22400	736	0	6	0	736,738
1352	13330	1	2	6	0	0	0	3	17	77	4	25	22400	736	0	6	0	736,738
1352	13332	0	1	7	0	0	0	3	19	13	3	25	22400	736	0	7	0	736
1352	13336	1	2	6	0	0	0	3	21	3	2	25	22400	736	0	6	0	736,740
1352	13345	2	5	5	1	0	0	6	19	11	3	25	22400	736	0	5	0	736,738,912,960,992
1352	13346	2	5	5	1	0	0	6	19	11	3	25	22400	736	0	5	0	736,738,912,960,992
1352	13348	1	1	6	0	0	0	3	21	3	2	25	22400	736	0	6	0	736
1352	13352	1	1	6	0	0	0	2	23	1	1	25	31296	912	0	6	0	912
1352	13360	1	2	6	0	0	0	3	23	1	1	25	22400	736	0	6	0	736,740
1352	13377	2	4	5	1	0	0	4	17	77	4	25	22400	736	0	5	0	736,738,960,992
1352	13378	2	4	5	1	0	0	4	17	77	4	25	22400	736	0	5	0	736,738,960,992
1352	13380	1	1	6	0	0	0	3	19	76	3	25	22400	736	0	6	0	736
1352	13384	2	8	5	1	0	0	10	21	12	2	25	22400	736	0	5	0	736,740,784,896,912,928,960,992
1352	13392	1	2	6	0	0	0	3	21	12	2	25	22400	736	0	6	0	736,740
1352	13408	1	2	6	0	0	0	3	23	1	1	25	31296	896	0	6	0	896,960
1352	13441	1	1	6	0	0	0	1	16	94	5	26	32512	960	0	6	0	960
1352	13442	1	1	6	0	0	0	1	16	94	5	26	32512	960	0	6	0	960
1352	13444	1	2	6	0	0	0	4	18	30	4	26	22400	704	0	6	0	704,960
1352	13448	1	1	6	0	0	0	1	20	13	3	26	32512	960	0	6	0	960
1352	13456	1	3	6	0	0	0	4	20	13	3	26	22400	704	0	6	0	704,708,960
1352	13472	1	1	6	0	0	0	1	20	11	3	26	32512	960	0	6	0	960
1352	13504	1	1	6	0	0	0	1	18	77	4	26	32512	960	0	6	0	960
1352	13569	1	1	6	0	1	1	0	18	77	4	26	22400	960	2048	5	1	960
1352	13570	1	1	6	0	1	1	0	18	77	4	26	22400	960	2048	5	1	960
1352	13572	1	2	6	0	0	0	3	20	13	3	26	22400	704	0	6	0	704,960
1352	13576	1	1	6	0	1	1	0	20	13	3	26	22400	960	2048	5	1	960
1352	13584	1	3	6	0	0	0	3	22	12	2	26	22400	704	0	6	0	704,708,960
1352	13600	1	3	6	0	0	0	3	22	3	2	26	31296	928	0	6	0	896,928,960
1352	13632	1	2	6	0	0	0	2	20	13	3	26	31296	896	0	6	0	896,960
1352	13696	0	1	7	0	0	0	1	21	13	3	27	32512	896	0	7	0	896
1352	13825	2	5	5	1	0	0	3	16	94	5	26	22400	704	0	5	0	704,706,712,714,960
1352	13826	2	5	5	1	0	0	3	16	94	5	26	22400	704	0	5	0	704,706,712,714,960
1352	13828	1	2	6	0	0	0	3	18	86	4	26	22400	704	0	6	0	704,712
1352	13832	2	6	5	1	0	0	6	18	77	4	26	22400	704	0	5	0	704,708,712,716,816,960
1352	13840	1	2	6	0	0	0	3	18	77	4	26	22400	704	0	6	0	704,708
1352	13856	2	8	5	1	0	0	8	20	11	3	26	22400	704	0	5	0	704,708,720,724,800,808,896,960
1352	13888	2	8	5	1	0	0	9	20	13	3	26	22400	704	0	5	0	704,708,720,724,800,808,896,960
1352	13952	1	1	6	0	0	0	1	19	86	4	27	32512	896	0	6	0	896
1352	14080	1	1	6	0	1	1	0	21	13	3	27	22400	896	2048	5	1	896
1352	14339	1	2	6	0	0	0	2	17	30	4	25	22400	992	0	6	0	736,992
1352	14341	1	1	6	0	0	0	3	15	94	5	25	22400	992	0	6	0	992
1352	14342	1	1	6	0	0	0	3	15	94	5	25	22400	992	0	6	0	992
1352	14345	1	1	6	0	0	0	2	19	13	3	25	22400	992	0	6	0	992
1352	14346	1	1	6	0	0	0	2	19	13	3	25	22400	992	0	6	0	992
1352	14348	1	1	6	0	0	0	3	17	77	4	25	22400	992	0	6	0	992
1352	14353	1	1	6	0	0	0	2	17	86	4	25	22400	992	0	6	0	992
1352	14354	1	1	6	0	0	0	2	17	86	4	25	22400	992	0	6	0	992
1352	14356	1	1	6	0	0	0	3	15	94	5	25	22400	992	0	6	0	992
1352	14360	1	2	6	0	0	0	2	19	13	3	25	22400	992	0	6	0	864,992
1352	14369	1	1	6	0	0	0	2	21	3	2	25	22400	992	0	6	0	992
1352	14370	1	1	6	0	0	0	2	21	3	2	25	22400	992	0	6	0	992
1352	14372	1	1	6	0	0	0	3	19	11	3	25	22400	992	0	6	0	992
1352	14376	1	3	6	0	0	0	2	23	1	1	25	22400	992	0	6	0	864,872,992
1352	14384	1	2	6	0	0	0	2	21	3	2	25	22400	992	0	6	0	864,992
1352	14401	1	3	6	0	0	0	2	21	3	2	25	22400	992	0	6	0	286,736,992
1352	14402	1	3	6	0	0	0	2	21	3	2	25	22400	992	0	6	0	286,736,992
1352	14404	1	1	6	0	0	0	3	19	11	3	25	22400	992	0	6	0	992
1352	14408	1	1	6	0	0	0	2	23	1	1	25	22400	992	0	6	0	992
1352	14416	1	1	6	0	0	0	2	21	3	2	25	22400	992	0	6	0	992
1352	14432	1	2	6	0	0	0	3	25	0	0	25	22400	992	0	6	0	960,992
1352	14465	1	1	6	0	0	0	3	16	94	5	26	22400	960	0	6	0	960
1352	14466	1	1	6	0	0	0	3	16	94	5	26	22400	960	0	6	0	960
1352	14468	1	1	6	0	0	0	4	14	222	6	26	22400	960	0	6	0	960
1352	14472	1	1	6	0	0	0	3	18	77	4	26	22400	960	0	6	0	960
1352	14480	1	1	6	0	0	0	3	16	94	5	26	22400	960	0	6	0	960
1352	14496	1	1	6	0	0	0	3	18	75	4	26	22400	960	0	6	0	960
1352	14528	1	1	6	0	0	0	3	18	75	4	26	22400	960	0	6	0	960
1352	14593	1	1	6	0	0	0	2	18	86	4	26	22400	960	0	6	0	960
1352	14594	1	1	6	0	0	0	2	18	86	4	26	22400	960	0	6	0	960
1352	14596	1	1	6	0	0	0	3	16	94	5	26	22400	960	0	6	0	960
1352	14600	1	1	6	0	0	0	2	18	77	4	26	22400	960	0	6	0	960
1352	14608	1	1	6	0	0	0	2	18	86	4	26	22400	960	0	6	0	960
1352	14624	1	1	6	0	0	0	2	20	11	3	26	22400	960	0	6	0	960
1352	14656	1	1	6	0	0	0	2	20	11	3	26	22400	960	0	6	0	960
1352	14720	1	1	6	0	0	0	3	17	94	5	27	22400	896	0	6	0	896
1352	14849	0	1	7	0	0	0	2	20	13	3	26	22400	960	0	7	0	960
1352	14850	0	1	7	0	0	0	2	20	13	3	26	22400	960	0	7	0	960
1352	14852	0	1	7	0	0	0	3	18	77	4	26	22400	960	0	7	0	960
1352	14856	0	1	7	0	0	0	2	20	13	3	26	22400	960	0	7	0	960
1352	14864	0	1	7	0	0	0	2	18	77	4	26	22400	960	0	7	0	960
1352	14880	0	1	7	0	0	0	2	22	3	2	26	22400	960	0	7	0	960
1352	14912	0	1	7	0	0	0	2	24	1	1	26	22400	960	0	7	0	960
1352	14976	0	1	7	0	0	0	3	19	77	4	27	22400	896	0	7	0	896
1352	15104	0	1	7	0	0	0	2	21	13	3	27	22400	896	0	7	0	896
1352	15361	0	1	7	0	0	0	2	18	77	4	26	22400	960	0	7	0	960
1352	15362	0	1	7	0	0	0	2	18	77	4	26	22400	960	0	7	0	960
1352	15364	0	1	7	0	0	0	3	18	77	4	26	22400	960	0	7	0	960
1352	15368	0	1	7	0	0	0	2	22	12	2	26	22400	960	0	7	0	960
1352	15376	0	1	7	0	0	0	2	20	13	3	26	22400	960	0	7	0	960
1352	15392	0	1	7	0	0	0	2	24	1	1	26	22400	960	0	7	0	960
1352	15424	0	1	7	0	0	0	2	22	3	2	26	22400	960	0	7	0	960
1352	15488	0	1	7	0	0	0	3	19	77	4	27	22400	896	0	7	0	896
1352	15616	0	1	7	0	0	0	2	21	13	3	27	22400	896	0	7	0	896
1352	15872	0	1	7	0	0	0	2	21	13	3	27	22400	896	0	7	0	896
1352	16399	2	2	5	1	0	0	1	15	75	4	23	31328	934	0	5	0	902,934
1352	16407	2	2	5	1	0	0	2	15	75	4	23	22400	376	0	5	0	120,376
1352	16411	1	1	6	0	1	1	0	15	75	4	23	22404	121	4096	4	2	902
1352	16413	2	2	5	1	0	0	2	15	75	4	23	31840	966	0	5	0	902,966
1352	16414	2	2	5	1	0	0	2	15	75	4	23	31840	966	0	5	0	902,966
1352	16423	2	1	5	1	0	0	2	15	75	4	23	31296	932	0	5	0	932
1352	16427	1	1	6	0	0	0	2	15	75	4	23	31296	932	0	6	0	932
1352	16429	2	1	5	1	0	0	2	15	75	4	23	31296	932	0	5	0	932
1352	16430	2	1	5	1	0	0	2	15	75	4	23	31296	932	0	5	0	932
1352	16435	2	2	5	1	0	0	2	15	75	4	23	31296	932	0	5	0	902,932
1352	16437	3	4	4	1	0	0	5	15	75	4	23	22400	376	0	4	0	376,902,932,966
1352	16438	3	4	4	1	0	0	5	15	75	4	23	22400	376	0	4	0	376,902,932,966
1352	16441	2	3	5	1	0	0	4	15	75	4	23	31296	932	0	5	0	900,932,964
1352	16442	2	3	5	1	0	0	4	15	75	4	23	31296	932	0	5	0	900,932,964
1352	16444	2	1	5	1	0	0	2	15	75	4	23	31840	964	0	5	0	964
1352	16455	3	7	4	1	0	0	5	15	75	4	23	22400	376	0	4	0	58,122,312,376,432,440,932
1352	16459	2	3	5	1	0	0	5	15	75	4	23	31328	932	0	5	0	900,932,964
1352	16461	2	1	5	1	0	0	4	15	75	4	23	31776	964	0	5	0	964
1352	16462	2	1	5	1	0	0	4	15	75	4	23	31776	964	0	5	0	964
1352	16467	2	2	5	1	0	0	2	15	75	4	23	31784	966	0	5	0	902,966
1352	16469	2	1	5	1	0	0	2	15	75	4	23	31784	966	0	5	0	966
1352	16470	2	1	5	1	0	0	2	15	75	4	23	31784	966	0	5	0	966
1352	16473	1	1	6	0	0	0	4	15	75	4	23	31776	964	0	6	0	964
1352	16474	1	1	6	0	0	0	4	15	75	4	23	31776	964	0	6	0	964
1352	16476	1	1	6	0	0	0	4	15	75	4	23	31776	964	0	6	0	964
1352	16483	2	1	5	1	0	0	2	15	75	4	23	31296	928	0	5	0	928
1352	16485	3	3	4	1	0	0	4	15	75	4	23	31296	928	0	4	0	590,928,962
1352	16486	3	3	4	1	0	0	4	15	75	4	23	31296	928	0	4	0	590,928,962
1352	16489	2	2	5	1	0	0	6	15	75	4	23	31296	928	0	5	0	928,960
1352	16490	2	2	5	1	0	0	6	15	75	4	23	31296	928	0	5	0	928,960
1352	16492	2	1	5	1	0	0	4	15	75	4	23	31776	960	0	5	0	960
1352	16497	2	1	5	1	0	0	2	15	75	4	23	31784	964	0	5	0	964
1352	16498	2	1	5	1	0	0	2	15	75	4	23	31784	964	0	5	0	964
1352	16500	2	1	5	1	0	0	2	15	75	4	23	31784	964	0	5	0	964
1352	16504	1	1	6	0	0	0	4	15	75	4	23	31776	960	0	6	0	960
1352	16519	2	3	5	1	0	0	2	18	11	3	24	22400	368	0	5	0	368,432,440
1352	16523	2	3	5	1	0	0	2	18	11	3	24	31296	936	0	5	0	908,936,940
1352	16525	3	14	4	1	0	0	8	18	11	3	24	22400	368	0	4	0	368,582,590,594,598,838,846,850,854,908,936,940,964,972
1352	16526	3	14	4	1	0	0	8	18	11	3	24	22400	368	0	4	0	368,582,590,594,598,838,846,850,854,908,936,940,964,972
1352	16531	2	2	5	1	0	0	1	18	11	3	24	22404	369	0	5	0	654,910
1352	16533	2	1	5	1	0	0	2	18	11	3	24	22400	368	0	5	0	368
1352	16534	2	1	5	1	0	0	2	18	11	3	24	22400	368	0	5	0	368
1352	16537	2	3	5	1	0	0	4	18	11	3	24	31776	964	0	5	0	908,964,972
1352	16538	2	3	5	1	0	0	4	18	11	3	24	31776	964	0	5	0	908,964,972
1352	16540	2	6	5	1	0	0	4	18	11	3	24	31776	964	0	5	0	836,844,848,852,964,972
1352	16547	2	1	5	1	0	0	2	16	77	4	24	31296	936	0	5	0	936
1352	16549	3	6	4	1	0	0	4	16	77	4	24	22400	368	0	4	0	368,582,590,598,852,936
1352	16550	3	6	4	1	0	0	4	16	77	4	24	22400	368	0	4	0	368,582,590,598,852,936
1352	16553	2	1	5	1	0	0	2	16	77	4	24	31296	936	0	5	0	936
1352	16554	2	1	5	1	0	0	2	16	77	4	24	31296	936	0	5	0	936
1352	16556	2	1	5	1	1	2	0	16	77	4	24	30592	852	528	3	2	852
1352	16561	3	6	4	1	0	0	5	16	77	4	24	22404	370	0	4	0	370,848,908,936,964,972
1352	16562	3	6	4	1	0	0	5	16	77	4	24	22404	370	0	4	0	370,848,908,936,964,972
1352	16564	2	1	5	1	1	1	0	16	77	4	24	30592	848	512	4	1	848
1352	16568	2	3	5	1	0	0	4	16	77	4	24	31776	960	0	5	0	848,960,968
1352	16579	2	1	5	1	1	2	0	16	77	4	24	22400	432	3072	3	2	432
1352	16581	2	1	5	1	1	3	0	16	77	4	24	22400	433	3074	4	1	590
1352	16582	2	1	5	1	1	3	0	16	77	4	24	22400	433	3073	4	1	590
1352	16585	2	1	5	1	0	0	4	16	77	4	24	31776	968	0	5	0	968
1352	16586	2	1	5	1	0	0	4	16	77	4	24	31776	968	0	5	0	968
1352	16588	2	2	5	1	0	0	4	16	77	4	24	31776	968	0	5	0	844,968
1352	16593	2	1	5	1	0	0	2	16	77	4	24	31784	972	0	5	0	972
1352	16594	2	1	5	1	0	0	2	16	77	4	24	31784	972	0	5	0	972
1352	16596	2	2	5	1	0	0	2	16	77	4	24	31784	972	0	5	0	844,972
1352	16600	1	1	6	0	0	0	4	16	77	4	24	31776	968	0	6	0	968
1352	16609	3	3	4	1	0	0	4	14	94	5	24	31296	928	0	4	0	590,928,964
1352	16610	3	3	4	1	0	0	4	14	94	5	24	31296	928	0	4	0	590,928,964
1352	16612	3	4	4	1	0	0	2	14	94	5	24	31784	964	0	4	0	588,844,856,964
1352	16616	2	1	5	1	0	0	4	14	94	5	24	31776	960	0	5	0	960
1352	16624	2	1	5	1	0	0	2	14	94	5	24	31784	968	0	5	0	968
1352	16647	2	4	5	1	0	0	2	18	11	3	24	31296	936	0	5	0	424,428,936,940
1352	16651	2	3	5	1	0	0	2	16	77	4	24	31296	936	0	5	0	908,936,940
1352	16653	3	9	4	1	0	0	6	16	77	4	24	31296	936	0	4	0	594,598,838,846,908,936,940,964,972
1352	16654	3	9	4	1	0	0	6	16	77	4	24	31296	936	0	4	0	594,598,838,846,908,936,940,964,972
1352	16659	2	4	5	1	0	0	2	18	11	3	24	31296	936	0	5	0	908,910,936,940
1352	16661	3	15	4	1	0	0	8	18	11	3	24	22400	368	0	4	0	368,594,598,836,838,844,846,908,910,936,940,964,966,972,974
1352	16662	3	15	4	1	0	0	8	18	11	3	24	22400	368	0	4	0	368,594,598,836,838,844,846,908,910,936,940,964,966,972,974
1352	16665	2	3	5	1	0	0	4	16	77	4	24	31776	964	0	5	0	908,964,972
1352	16666	2	3	5	1	0	0	4	16	77	4	24	31776	964	0	5	0	908,964,972
1352	16668	2	4	5	1	0	0	4	16	77	4	24	31776	964	0	5	0	836,844,964,972
1352	16675	1	1	6	0	0	0	2	16	77	4	24	31296	936	0	6	0	936
1352	16677	2	2	5	1	0	0	2	16	77	4	24	31296	936	0	5	0	598,936
1352	16678	2	2	5	1	0	0	2	16	77	4	24	31296	936	0	5	0	598,936
1352	16681	2	1	5	1	0	0	2	14	94	5	24	31296	936	0	5	0	936
1352	16682	2	1	5	1	0	0	2	14	94	5	24	31296	936	0	5	0	936
1352	16684	3	7	4	1	0	0	6	14	94	5	24	31296	936	0	4	0	596,836,844,852,936,960,968
1352	16689	2	1	5	1	0	0	2	16	77	4	24	31296	936	0	5	0	936
1352	16690	2	1	5	1	0	0	2	16	77	4	24	31296	936	0	5	0	936
1352	16692	3	12	4	1	0	0	6	16	77	4	24	31296	936	0	4	0	596,832,836,840,844,848,852,936,960,964,968,972
1352	16696	2	2	5	1	0	0	4	14	94	5	24	31776	960	0	5	0	960,968
1352	16707	2	2	5	1	0	0	2	16	77	4	24	31296	928	0	5	0	928,936
1352	16709	3	9	4	1	0	0	6	16	77	4	24	31296	928	0	4	0	590,598,606,844,846,928,936,968,970
1352	16710	3	9	4	1	0	0	6	16	77	4	24	31296	928	0	4	0	590,598,606,844,846,928,936,968,970
1352	16713	2	1	5	1	0	0	4	14	94	5	24	31776	968	0	5	0	968
1352	16714	2	1	5	1	0	0	4	14	94	5	24	31776	968	0	5	0	968
1352	16716	2	2	5	1	0	0	4	14	94	5	24	31776	968	0	5	0	844,968
1352	16721	2	2	5	1	0	0	4	16	77	4	24	31776	968	0	5	0	968,972
1352	16722	2	2	5	1	0	0	4	16	77	4	24	31776	968	0	5	0	968,972
1352	16724	2	4	5	1	0	0	4	16	77	4	24	31776	968	0	5	0	840,844,968,972
1352	16728	1	1	6	0	0	0	4	14	94	5	24	31776	968	0	6	0	968
1352	16737	2	1	5	1	0	0	2	14	94	5	24	31296	928	0	5	0	928
1352	16738	2	1	5	1	0	0	2	14	94	5	24	31296	928	0	5	0	928
1352	16740	3	7	4	1	0	0	7	14	94	5	24	31296	928	0	4	0	604,840,844,928,960,964,992
1352	16744	2	1	5	1	0	0	4	12	222	6	24	31776	960	0	5	0	960
1352	16752	2	2	5	1	0	0	4	14	94	5	24	31776	960	0	5	0	960,968
1352	16771	1	2	6	0	0	0	1	21	3	2	25	31296	944	0	6	0	432,944
1352	16773	1	1	6	0	1	2	0	21	3	2	25	31296	433	8194	5	1	590
1352	16774	1	1	6	0	1	2	0	21	3	2	25	31296	433	8193	5	1	590
1352	16777	2	4	5	1	0	0	3	19	13	3	25	31296	944	0	5	0	590,844,944,968
1352	16778	2	4	5	1	0	0	3	19	13	3	25	31296	944	0	5	0	590,844,944,968
1352	16780	1	1	6	0	1	2	0	19	13	3	25	31776	844	2064	5	1	844
1352	16785	2	6	5	1	0	0	3	21	3	2	25	31296	944	0	5	0	590,840,844,944,968,972
1352	16786	2	6	5	1	0	0	3	21	3	2	25	31296	944	0	5	0	590,840,844,944,968,972
1352	16788	1	2	6	0	1	1	0	21	3	2	25	31776	840	2048	5	1	840,844
1352	16792	1	2	6	0	0	0	2	19	13	3	25	31776	968	0	6	0	840,968
1352	16801	2	2	5	1	0	0	2	17	77	4	25	31296	944	0	5	0	590,944
1352	16802	2	2	5	1	0	0	2	17	77	4	25	31296	944	0	5	0	590,944
1352	16804	2	3	5	1	1	2	0	17	77	4	25	30592	840	528	4	1	588,840,844
1352	16808	2	2	5	1	0	0	2	15	94	5	25	31776	960	0	5	0	840,960
1352	16816	2	4	5	1	0	0	2	17	77	4	25	31776	960	0	5	0	832,840,960,968
1352	16833	2	2	5	1	0	0	1	17	77	4	25	31296	928	0	5	0	606,928
1352	16834	2	2	5	1	0	0	1	17	77	4	25	31296	928	0	5	0	606,928
1352	16836	2	3	5	1	1	2	0	17	77	4	25	31776	856	2064	4	1	604,856,860
1352	16840	2	2	5	1	0	0	4	15	94	5	25	31776	976	0	5	0	856,976
1352	16848	2	4	5	1	0	0	4	17	77	4	25	31776	976	0	5	0	848,856,976,984
1352	16864	3	7	4	1	0	0	7	13	222	6	25	31296	928	0	4	0	604,848,856,928,960,968,992
1352	16903	1	2	6	0	0	0	1	18	11	3	24	31328	908	0	6	0	114,908
1352	16907	0	1	7	0	0	0	1	16	77	4	24	31328	908	0	7	0	908
1352	16909	1	1	6	0	0	0	1	16	77	4	24	31328	908	0	6	0	908
1352	16910	1	1	6	0	0	0	1	16	77	4	24	31328	908	0	6	0	908
1352	16915	1	2	6	0	0	0	1	16	77	4	24	31328	908	0	6	0	908,910
1352	16917	2	3	5	1	0	0	3	16	77	4	24	22400	368	0	5	0	368,908,910
1352	16918	2	3	5	1	0	0	3	16	77	4	24	22400	368	0	5	0	368,908,910
1352	16921	1	1	6	0	0	0	1	14	94	5	24	31328	908	0	6	0	908
1352	16922	1	1	6	0	0	0	1	14	94	5	24	31328	908	0	6	0	908
1352	16924	2	2	5	1	0	0	3	14	94	5	24	31328	908	0	5	0	908,972
1352	16931	1	2	6	0	0	0	2	16	77	4	24	31296	904	0	6	0	904,906
1352	16933	2	2	5	1	0	0	2	16	77	4	24	31296	904	0	5	0	904,906
1352	16934	2	2	5	1	0	0	2	16	77	4	24	31296	904	0	5	0	904,906
1352	16937	1	1	6	0	0	0	2	14	94	5	24	31296	904	0	6	0	904
1352	16938	1	1	6	0	0	0	2	14	94	5	24	31296	904	0	6	0	904
1352	16940	2	2	5	1	0	0	4	14	94	5	24	31296	904	0	5	0	904,968
1352	16945	2	2	5	1	0	0	2	14	94	5	24	31296	904	0	5	0	904,908
1352	16946	2	2	5	1	0	0	2	14	94	5	24	31296	904	0	5	0	904,908
1352	16948	3	7	4	1	0	0	7	14	94	5	24	22400	368	0	4	0	368,864,880,904,908,968,972
1352	16952	2	2	5	1	0	0	4	12	222	6	24	31296	904	0	5	0	904,968
1352	16963	1	2	6	0	0	0	1	18	11	3	24	31328	904	0	6	0	904,906
1352	16965	2	4	5	1	0	0	5	18	11	3	24	31328	904	0	5	0	904,906,968,970
1352	16966	2	4	5	1	0	0	5	18	11	3	24	31328	904	0	5	0	904,906,968,970
1352	16969	1	2	6	0	0	0	5	16	77	4	24	31328	904	0	6	0	904,968
1352	16970	1	2	6	0	0	0	5	16	77	4	24	31328	904	0	6	0	904,968
1352	16972	1	1	6	0	0	0	4	16	77	4	24	31776	968	0	6	0	968
1352	16977	2	4	5	1	0	0	5	16	77	4	24	31328	904	0	5	0	904,908,968,972
1352	16978	2	4	5	1	0	0	5	16	77	4	24	31328	904	0	5	0	904,908,968,972
1352	16980	2	2	5	1	0	0	4	16	77	4	24	31776	968	0	5	0	968,972
1352	16984	1	1	6	0	0	0	4	14	94	5	24	31776	968	0	6	0	968
1352	16993	2	4	5	1	0	0	6	16	77	4	24	31296	896	0	5	0	896,900,960,964
1352	16994	2	4	5	1	0	0	6	16	77	4	24	31296	896	0	5	0	896,900,960,964
1352	16996	2	2	5	1	0	0	4	16	77	4	24	31776	960	0	5	0	960,964
1352	17000	1	1	6	0	0	0	4	14	94	5	24	31776	960	0	6	0	960
1352	17008	2	2	5	1	0	0	4	14	94	5	24	31776	960	0	5	0	960,968
1352	17027	1	2	6	0	0	0	1	21	3	2	25	31328	920	0	6	0	920,922
1352	17029	2	6	5	1	0	0	4	21	3	2	25	22400	352	0	5	0	352,356,864,868,920,922
1352	17030	2	6	5	1	0	0	4	21	3	2	25	22400	352	0	5	0	352,356,864,868,920,922
1352	17033	1	1	6	0	0	0	1	19	13	3	25	31328	920	0	6	0	920
1352	17034	1	1	6	0	0	0	1	19	13	3	25	31328	920	0	6	0	920
1352	17036	2	5	5	1	0	0	6	19	13	3	25	30592	864	0	5	0	864,868,920,968,984
1352	17041	2	4	5	1	0	0	3	19	13	3	25	22404	354	0	5	0	354,864,920,924
1352	17042	2	4	5	1	0	0	3	19	13	3	25	22404	354	0	5	0	354,864,920,924
1352	17044	1	1	6	0	0	0	1	19	13	3	25	30592	864	0	6	0	864
1352	17048	2	4	5	1	0	0	6	17	30	4	25	30592	864	0	5	0	864,920,968,984
1352	17057	2	2	5	1	0	0	2	17	77	4	25	31296	912	0	5	0	912,916
1352	17058	2	2	5	1	0	0	2	17	77	4	25	31296	912	0	5	0	912,916
1352	17060	2	2	5	1	0	0	1	17	77	4	25	30592	864	0	5	0	864,872
1352	17064	2	3	5	1	0	0	6	15	94	5	25	31296	912	0	5	0	912,960,976
1352	17072	2	1	5	1	0	0	1	15	94	5	25	30592	864	0	5	0	864
1352	17089	2	4	5	1	0	0	5	19	13	3	25	31328	912	0	5	0	912,916,976,980
1352	17090	2	4	5	1	0	0	5	19	13	3	25	31328	912	0	5	0	912,916,976,980
1352	17092	2	4	5	1	0	0	5	19	13	3	25	30592	864	0	5	0	864,872,976,980
1352	17096	1	1	6	0	0	0	4	17	86	4	25	31776	976	0	6	0	976
1352	17104	2	3	5	1	0	0	5	17	86	4	25	30592	864	0	5	0	864,976,984
1352	17120	2	2	5	1	0	0	4	15	94	5	25	31776	960	0	5	0	960,968
1352	17155	0	1	7	0	0	0	1	21	3	2	25	31328	920	0	7	0	920
1352	17157	1	1	6	0	0	0	1	21	3	2	25	31328	920	0	6	0	920
1352	17158	1	1	6	0	0	0	1	21	3	2	25	31328	920	0	6	0	920
1352	17161	1	1	6	0	0	0	1	17	77	4	25	31328	920	0	6	0	920
1352	17162	1	1	6	0	0	0	1	17	77	4	25	31328	920	0	6	0	920
1352	17164	2	3	5	1	0	0	5	17	77	4	25	31328	920	0	5	0	920,968,984
1352	17169	1	1	6	0	0	0	1	19	13	3	25	31328	920	0	6	0	920
1352	17170	1	1	6	0	0	0	1	19	13	3	25	31328	920	0	6	0	920
1352	17172	2	6	5	1	0	0	4	19	13	3	25	30592	864	0	5	0	840,856,864,920,968,984
1352	17176	2	3	5	1	0	0	5	15	94	5	25	31328	920	0	5	0	920,968,984
1352	17185	1	1	6	0	0	0	2	17	77	4	25	31296	912	0	6	0	912
1352	17186	1	1	6	0	0	0	2	17	77	4	25	31296	912	0	6	0	912
1352	17188	2	3	5	1	0	0	5	17	77	4	25	31296	912	0	5	0	912,960,976
1352	17192	2	3	5	1	0	0	7	13	222	6	25	31296	912	0	5	0	912,960,976
1352	17200	2	3	5	1	0	0	5	15	94	5	25	31296	912	0	5	0	912,960,976
1352	17217	1	2	6	0	0	0	3	19	13	3	25	31328	912	0	6	0	912,976
1352	17218	1	2	6	0	0	0	3	19	13	3	25	31328	912	0	6	0	912,976
1352	17220	1	1	6	0	0	0	2	19	13	3	25	31776	976	0	6	0	976
1352	17224	1	1	6	0	0	0	4	15	94	5	25	31776	976	0	6	0	976
1352	17232	1	1	6	0	0	0	2	17	86	4	25	31776	976	0	6	0	976
1352	17248	1	1	6	0	0	0	3	15	94	5	25	31776	960	0	6	0	960
1352	17281	1	4	6	0	0	0	4	24	1	1	26	31296	928	0	6	0	928,944,960,976
1352	17282	1	4	6	0	0	0	4	24	1	1	26	31296	928	0	6	0	928,944,960,976
1352	17284	1	6	6	0	0	0	3	24	1	1	26	30592	832	0	6	0	832,840,848,856,960,976
1352	17288	1	2	6	0	0	0	3	20	11	3	26	31776	976	0	6	0	960,976
1352	17296	1	4	6	0	0	0	3	22	3	2	26	30592	832	0	6	0	832,848,960,976
1352	17312	1	1	6	0	0	0	2	18	75	4	26	31776	960	0	6	0	960
1352	17344	1	2	6	0	0	0	3	20	11	3	26	31776	992	0	6	0	960,992
1352	17415	2	2	5	1	0	0	3	14	94	5	24	22400	368	0	5	0	114,368
1352	17419	1	1	6	0	0	0	2	14	94	5	24	31840	908	0	6	0	908
1352	17421	1	1	6	0	0	0	2	16	77	4	24	31840	908	0	6	0	908
1352	17422	1	1	6	0	0	0	2	16	77	4	24	31840	908	0	6	0	908
1352	17427	1	1	6	0	0	0	1	14	94	5	24	31848	910	0	6	0	910
1352	17429	1	1	6	0	0	0	1	16	77	4	24	31848	910	0	6	0	910
1352	17430	1	1	6	0	0	0	1	16	77	4	24	31848	910	0	6	0	910
1352	17433	0	1	7	0	0	0	2	16	77	4	24	31840	908	0	7	0	908
1352	17434	0	1	7	0	0	0	2	16	77	4	24	31840	908	0	7	0	908
1352	17436	0	1	7	0	0	0	2	18	11	3	24	31840	908	0	7	0	908
1352	17443	2	2	5	1	0	0	3	14	94	5	24	31296	968	0	5	0	906,968
1352	17445	2	2	5	1	0	0	3	16	77	4	24	31296	968	0	5	0	906,968
1352	17446	2	2	5	1	0	0	3	16	77	4	24	31296	968	0	5	0	906,968
1352	17449	1	2	6	0	0	0	4	16	77	4	24	31296	968	0	6	0	904,968
1352	17450	1	2	6	0	0	0	4	16	77	4	24	31296	968	0	6	0	904,968
1352	17452	1	2	6	0	0	0	4	18	11	3	24	31296	968	0	6	0	904,968
1352	17457	1	1	6	0	0	0	1	16	77	4	24	31848	908	0	6	0	908
1352	17458	1	1	6	0	0	0	1	16	77	4	24	31848	908	0	6	0	908
1352	17460	1	1	6	0	0	0	1	18	11	3	24	31848	908	0	6	0	908
1352	17464	0	1	7	0	0	0	2	18	11	3	24	31840	904	0	7	0	904
1352	17475	2	1	5	1	0	0	2	12	222	6	24	31784	906	0	5	0	906
1352	17477	2	1	5	1	0	0	2	14	94	5	24	31784	906	0	5	0	906
1352	17478	2	1	5	1	0	0	2	14	94	5	24	31784	906	0	5	0	906
1352	17481	1	1	6	0	0	0	4	14	94	5	24	31776	904	0	6	0	904
1352	17482	1	1	6	0	0	0	4	14	94	5	24	31776	904	0	6	0	904
1352	17484	1	1	6	0	0	0	4	16	77	4	24	31776	904	0	6	0	904
1352	17489	1	1	6	0	0	0	2	14	94	5	24	31784	908	0	6	0	908
1352	17490	1	1	6	0	0	0	2	14	94	5	24	31784	908	0	6	0	908
1352	17492	1	1	6	0	0	0	2	16	77	4	24	31784	908	0	6	0	908
1352	17496	0	1	7	0	0	0	4	16	77	4	24	31776	904	0	7	0	904
1352	17505	2	2	5	1	0	0	4	14	94	5	24	31296	960	0	5	0	900,960
1352	17506	2	2	5	1	0	0	4	14	94	5	24	31296	960	0	5	0	900,960
1352	17508	2	2	5	1	0	0	4	16	77	4	24	31296	960	0	5	0	900,960
1352	17512	1	2	6	0	0	0	6	16	77	4	24	31296	960	0	6	0	896,960
1352	17520	1	1	6	0	0	0	2	16	77	4	24	31784	904	0	6	0	904
1352	17539	2	3	5	1	0	0	2	17	30	4	25	22404	353	0	5	0	480,670,922
1352	17541	2	5	5	1	0	0	3	19	13	3	25	22400	352	0	5	0	352,480,542,670,922
1352	17542	2	5	5	1	0	0	3	19	13	3	25	22400	352	0	5	0	352,480,542,670,922
1352	17545	1	1	6	0	0	0	2	19	13	3	25	31840	920	0	6	0	920
1352	17546	1	1	6	0	0	0	2	19	13	3	25	31840	920	0	6	0	920
1352	17548	1	1	6	0	0	0	2	21	3	2	25	31840	920	0	6	0	920
1352	17553	1	1	6	0	0	0	1	19	13	3	25	31848	924	0	6	0	924
1352	17554	1	1	6	0	0	0	1	19	13	3	25	31848	924	0	6	0	924
1352	17556	1	1	6	0	0	0	1	21	3	2	25	31848	924	0	6	0	924
1352	17560	0	1	7	0	0	0	2	21	3	2	25	31840	920	0	7	0	920
1352	17569	2	2	5	1	0	0	3	17	86	4	25	31296	976	0	5	0	916,976
1352	17570	2	2	5	1	0	0	3	17	86	4	25	31296	976	0	5	0	916,976
1352	17572	2	2	5	1	0	0	3	19	13	3	25	31296	976	0	5	0	916,976
1352	17576	1	2	6	0	0	0	4	19	13	3	25	31296	976	0	6	0	912,976
1352	17584	1	1	6	0	0	0	1	19	13	3	25	31848	920	0	6	0	920
1352	17601	2	1	5	1	0	0	2	15	94	5	25	31784	916	0	5	0	916
1352	17602	2	1	5	1	0	0	2	15	94	5	25	31784	916	0	5	0	916
1352	17604	2	1	5	1	0	0	2	17	77	4	25	31784	916	0	5	0	916
1352	17608	1	1	6	0	0	0	4	17	77	4	25	31776	912	0	6	0	912
1352	17616	1	1	6	0	0	0	2	17	77	4	25	31784	920	0	6	0	920
1352	17632	2	2	5	1	0	0	4	15	94	5	25	31296	960	0	5	0	904,960
1352	17667	2	4	5	1	0	0	4	17	30	4	25	31296	976	0	5	0	920,922,976,984
1352	17669	2	4	5	1	0	0	4	19	13	3	25	31296	976	0	5	0	920,922,976,984
1352	17670	2	4	5	1	0	0	4	19	13	3	25	31296	976	0	5	0	920,922,976,984
1352	17673	1	1	6	0	0	0	2	17	86	4	25	31840	920	0	6	0	920
1352	17674	1	1	6	0	0	0	2	17	86	4	25	31840	920	0	6	0	920
1352	17676	1	1	6	0	0	0	2	19	13	3	25	31840	920	0	6	0	920
1352	17681	1	2	6	0	0	0	2	19	13	3	25	31840	920	0	6	0	920,924
1352	17682	1	2	6	0	0	0	2	19	13	3	25	31840	920	0	6	0	920,924
1352	17684	1	2	6	0	0	0	2	21	3	2	25	31840	920	0	6	0	920,924
1352	17688	0	1	7	0	0	0	2	19	13	3	25	31840	920	0	7	0	920
1352	17697	1	1	6	0	0	0	2	17	86	4	25	31296	976	0	6	0	976
1352	17698	1	1	6	0	0	0	2	17	86	4	25	31296	976	0	6	0	976
1352	17700	1	1	6	0	0	0	2	19	13	3	25	31296	976	0	6	0	976
1352	17704	1	2	6	0	0	0	4	17	30	4	25	31296	976	0	6	0	912,976
1352	17712	1	3	6	0	0	0	4	19	13	3	25	31296	976	0	6	0	912,920,976
1352	17729	2	4	5	1	0	0	7	15	94	5	25	31296	960	0	5	0	912,916,960,976
1352	17730	2	4	5	1	0	0	7	15	94	5	25	31296	960	0	5	0	912,916,960,976
1352	17732	2	4	5	1	0	0	7	17	77	4	25	31296	960	0	5	0	912,916,960,976
1352	17736	1	1	6	0	0	0	4	15	94	5	25	31776	912	0	6	0	912
1352	17744	1	2	6	0	0	0	4	17	77	4	25	31776	912	0	6	0	912,920
1352	17760	1	1	6	0	0	0	3	15	94	5	25	31296	960	0	6	0	960
1352	17793	1	2	6	0	0	0	2	22	3	2	26	31296	992	0	6	0	960,992
1352	17794	1	2	6	0	0	0	2	22	3	2	26	31296	992	0	6	0	960,992
1352	17796	1	2	6	0	0	0	2	24	1	1	26	31296	992	0	6	0	960,992
1352	17800	1	4	6	0	0	0	6	22	3	2	26	31296	992	0	6	0	912,944,960,992
1352	17808	1	6	6	0	0	0	6	24	1	1	26	31296	992	0	6	0	912,920,944,952,960,992
1352	17824	1	2	6	0	0	0	3	20	11	3	26	31296	992	0	6	0	960,992
1352	17856	1	1	6	0	0	0	2	18	75	4	26	31296	960	0	6	0	960
1352	17923	1	2	6	0	0	0	3	15	94	5	25	31328	920	0	6	0	920,922
1352	17925	1	2	6	0	0	0	3	17	86	4	25	31328	920	0	6	0	920,922
1352	17926	1	2	6	0	0	0	3	17	86	4	25	31328	920	0	6	0	920,922
1352	17929	0	1	7	0	0	0	3	17	236	5	25	31328	920	0	7	0	920
1352	17930	0	1	7	0	0	0	3	17	236	5	25	31328	920	0	7	0	920
1352	17932	0	1	7	0	0	0	3	17	86	4	25	31328	920	0	7	0	920
1352	17937	1	2	6	0	0	0	3	17	236	5	25	31328	920	0	6	0	920,924
1352	17938	1	2	6	0	0	0	3	17	236	5	25	31328	920	0	6	0	920,924
1352	17940	1	2	6	0	0	0	3	17	86	4	25	31328	920	0	6	0	920,924
1352	17944	0	1	7	0	0	0	3	15	94	5	25	31328	920	0	7	0	920
1352	17953	1	2	6	0	0	0	4	17	236	5	25	31296	912	0	6	0	912,916
1352	17954	1	2	6	0	0	0	4	17	236	5	25	31296	912	0	6	0	912,916
1352	17956	1	2	6	0	0	0	4	17	86	4	25	31296	912	0	6	0	912,916
1352	17960	0	1	7	0	0	0	4	15	94	5	25	31296	912	0	7	0	912
1352	17968	1	2	6	0	0	0	4	15	94	5	25	31296	912	0	6	0	912,920
1352	17985	1	2	6	0	0	0	5	15	94	5	25	31328	912	0	6	0	912,916
1352	17986	1	2	6	0	0	0	5	15	94	5	25	31328	912	0	6	0	912,916
1352	17988	1	2	6	0	0	0	5	17	86	4	25	31328	912	0	6	0	912,916
1352	17992	0	1	7	0	0	0	5	17	236	5	25	31328	912	0	7	0	912
1352	18000	1	2	6	0	0	0	5	17	236	5	25	31328	912	0	6	0	912,920
1352	18016	1	2	6	0	0	0	6	17	236	5	25	31296	896	0	6	0	896,904
1352	18049	1	2	6	0	0	0	3	20	13	3	26	31328	944	0	6	0	944,948
1352	18050	1	2	6	0	0	0	3	20	13	3	26	31328	944	0	6	0	944,948
1352	18052	1	2	6	0	0	0	3	22	12	2	26	31328	944	0	6	0	944,948
1352	18056	0	1	7	0	0	0	3	20	13	3	26	31328	944	0	7	0	944
1352	18064	1	2	6	0	0	0	3	20	13	3	26	31328	944	0	6	0	944,952
1352	18080	1	2	6	0	0	0	4	18	77	4	26	31296	928	0	6	0	928,936
1352	18112	1	2	6	0	0	0	5	18	77	4	26	31328	928	0	6	0	928,936
1352	18177	0	1	7	0	0	0	2	20	13	3	26	31328	944	0	7	0	944
1352	18178	0	1	7	0	0	0	2	20	13	3	26	31328	944	0	7	0	944
1352	18180	0	1	7	0	0	0	2	22	12	2	26	31328	944	0	7	0	944
1352	18184	0	1	7	0	0	0	3	18	77	4	26	31328	944	0	7	0	944
1352	18192	0	1	7	0	0	0	2	20	13	3	26	31328	944	0	7	0	944
1352	18208	0	1	7	0	0	0	3	18	77	4	26	31296	928	0	7	0	928
1352	18240	0	1	7	0	0	0	3	18	77	4	26	31328	928	0	7	0	928
1352	18304	0	4	7	0	0	0	5	25	1	1	27	31296	960	0	7	0	896,928,960,992
1352	18439	2	2	5	1	0	0	2	16	77	4	24	22400	496	0	5	0	368,496
1352	18443	2	5	5	1	0	0	3	18	11	3	24	31328	844	0	5	0	780,782,844,908,910
1352	18445	2	2	5	1	0	0	2	16	77	4	24	31840	908	0	5	0	908,910
1352	18446	2	2	5	1	0	0	2	16	77	4	24	31840	908	0	5	0	908,910
1352	18451	2	2	5	1	0	0	1	16	77	4	24	31848	910	0	5	0	782,910
1352	18453	2	1	5	1	0	0	1	14	94	5	24	31848	910	0	5	0	910
1352	18454	2	1	5	1	0	0	1	14	94	5	24	31848	910	0	5	0	910
1352	18457	1	1	6	0	0	0	2	16	77	4	24	31840	908	0	6	0	908
1352	18458	1	1	6	0	0	0	2	16	77	4	24	31840	908	0	6	0	908
1352	18460	1	1	6	0	0	0	2	14	94	5	24	31840	908	0	6	0	908
1352	18467	2	1	5	1	0	0	2	18	11	3	24	31296	840	0	5	0	840
1352	18469	3	6	4	1	0	0	5	16	77	4	24	22400	496	0	4	0	496,654,662,840,906,910
1352	18470	3	6	4	1	0	0	5	16	77	4	24	22400	496	0	4	0	496,654,662,840,906,910
1352	18473	2	3	5	1	0	0	4	18	11	3	24	31296	840	0	5	0	840,904,908
1352	18474	2	3	5	1	0	0	4	18	11	3	24	31296	840	0	5	0	840,904,908
1352	18476	2	2	5	1	0	0	2	16	77	4	24	31840	904	0	5	0	904,908
1352	18481	2	1	5	1	0	0	1	16	77	4	24	31848	908	0	5	0	908
1352	18482	2	1	5	1	0	0	1	16	77	4	24	31848	908	0	5	0	908
1352	18484	2	1	5	1	0	0	1	14	94	5	24	31848	908	0	5	0	908
1352	18488	1	1	6	0	0	0	2	16	77	4	24	31840	904	0	6	0	904
1352	18499	2	4	5	1	0	0	2	18	11	3	24	31784	906	0	5	0	368,654,906,910
1352	18501	2	3	5	1	0	0	2	16	77	4	24	31784	906	0	5	0	654,906,910
1352	18502	2	3	5	1	0	0	2	16	77	4	24	31784	906	0	5	0	654,906,910
1352	18505	1	2	6	0	0	0	4	18	11	3	24	31776	904	0	6	0	904,908
1352	18506	1	2	6	0	0	0	4	18	11	3	24	31776	904	0	6	0	904,908
1352	18508	1	2	6	0	0	0	4	16	77	4	24	31776	904	0	6	0	904,908
1352	18513	1	1	6	0	0	0	2	16	77	4	24	31784	908	0	6	0	908
1352	18514	1	1	6	0	0	0	2	16	77	4	24	31784	908	0	6	0	908
1352	18516	1	1	6	0	0	0	2	14	94	5	24	31784	908	0	6	0	908
1352	18520	0	1	7	0	0	0	4	16	77	4	24	31776	904	0	7	0	904
1352	18529	2	2	5	1	0	0	2	18	11	3	24	31784	900	0	5	0	900,908
1352	18530	2	2	5	1	0	0	2	18	11	3	24	31784	900	0	5	0	900,908
1352	18532	2	2	5	1	0	0	2	16	77	4	24	31784	900	0	5	0	900,908
1352	18536	1	2	6	0	0	0	4	18	11	3	24	31776	896	0	6	0	896,904
1352	18544	1	1	6	0	0	0	2	16	77	4	24	31784	904	0	6	0	904
1352	18563	2	6	5	1	0	0	2	19	76	3	25	22400	480	0	5	0	352,368,480,542,654,670
1352	18565	2	3	5	1	0	0	2	17	86	4	25	22400	480	0	5	0	480,654,670
1352	18566	2	3	5	1	0	0	2	17	86	4	25	22400	480	0	5	0	480,654,670
1352	18569	2	4	5	1	0	0	4	19	76	3	25	31776	904	0	5	0	904,908,920,924
1352	18570	2	4	5	1	0	0	4	19	76	3	25	31776	904	0	5	0	904,908,920,924
1352	18572	2	4	5	1	0	0	4	17	86	4	25	31776	904	0	5	0	904,908,920,924
1352	18577	2	2	5	1	0	0	2	17	86	4	25	31784	908	0	5	0	908,924
1352	18578	2	2	5	1	0	0	2	17	86	4	25	31784	908	0	5	0	908,924
1352	18580	2	2	5	1	0	0	2	15	94	5	25	31784	908	0	5	0	908,924
1352	18584	1	2	6	0	0	0	4	17	86	4	25	31776	904	0	6	0	904,920
1352	18593	3	14	4	1	0	0	8	17	86	4	25	22400	480	0	4	0	480,482,652,654,668,670,848,900,908,916,924,928,936,992
1352	18594	3	14	4	1	0	0	8	17	86	4	25	22400	480	0	4	0	480,482,652,654,668,670,848,900,908,916,924,928,936,992
1352	18596	3	10	4	1	0	0	6	17	236	5	25	22400	480	0	4	0	480,652,668,900,908,916,924,928,936,992
1352	18600	2	6	5	1	0	0	4	17	86	4	25	31776	896	0	5	0	896,904,912,920,928,936
1352	18608	2	3	5	1	0	0	2	17	236	5	25	31784	904	0	5	0	904,920,928
1352	18625	2	4	5	1	0	0	2	17	86	4	25	31784	916	0	5	0	668,670,916,924
1352	18626	2	4	5	1	0	0	2	17	86	4	25	31784	916	0	5	0	668,670,916,924
1352	18628	2	3	5	1	0	0	2	17	236	5	25	31784	916	0	5	0	668,916,924
1352	18632	1	2	6	0	0	0	4	17	86	4	25	31776	912	0	6	0	912,920
1352	18640	1	1	6	0	0	0	2	17	236	5	25	31784	920	0	6	0	920
1352	18656	2	2	5	1	0	0	2	15	94	5	25	31784	904	0	5	0	904,920
1352	18691	2	2	5	1	0	0	2	19	76	3	25	31296	848	0	5	0	848,856
1352	18693	3	15	4	1	0	0	8	17	86	4	25	22400	480	0	4	0	480,654,670,678,686,848,856,904,906,908,910,920,922,924,926
1352	18694	3	15	4	1	0	0	8	17	86	4	25	22400	480	0	4	0	480,654,670,678,686,848,856,904,906,908,910,920,922,924,926
1352	18697	2	4	5	1	0	0	4	17	86	4	25	31776	904	0	5	0	904,908,920,924
1352	18698	2	4	5	1	0	0	4	17	86	4	25	31776	904	0	5	0	904,908,920,924
1352	18700	2	4	5	1	0	0	4	17	236	5	25	31776	904	0	5	0	904,908,920,924
1352	18705	2	4	5	1	0	0	4	17	86	4	25	31776	904	0	5	0	904,908,920,924
1352	18706	2	4	5	1	0	0	4	17	86	4	25	31776	904	0	5	0	904,908,920,924
1352	18708	2	4	5	1	0	0	4	15	94	5	25	31776	904	0	5	0	904,908,920,924
1352	18712	1	2	6	0	0	0	4	17	236	5	25	31776	904	0	6	0	904,920
1352	18721	2	1	5	1	0	0	2	17	86	4	25	31296	848	0	5	0	848
1352	18722	2	1	5	1	0	0	2	17	86	4	25	31296	848	0	5	0	848
1352	18724	3	12	4	1	0	0	7	17	236	5	25	31296	848	0	4	0	684,848,896,900,904,908,912,916,920,924,960,976
1352	18728	2	4	5	1	0	0	4	15	94	5	25	31776	896	0	5	0	896,904,912,920
1352	18736	2	4	5	1	0	0	4	17	236	5	25	31776	896	0	5	0	896,904,912,920
1352	18753	2	4	5	1	0	0	4	17	86	4	25	31776	912	0	5	0	912,916,920,924
1352	18754	2	4	5	1	0	0	4	17	86	4	25	31776	912	0	5	0	912,916,920,924
1352	18756	2	4	5	1	0	0	4	17	236	5	25	31776	912	0	5	0	912,916,920,924
1352	18760	1	2	6	0	0	0	4	15	94	5	25	31776	912	0	6	0	912,920
1352	18768	1	2	6	0	0	0	4	17	236	5	25	31776	912	0	6	0	912,920
1352	18784	2	5	5	1	0	0	5	15	94	5	25	31776	896	0	5	0	896,904,912,920,960
1352	18817	2	8	5	1	0	0	5	20	76	3	26	30592	960	0	5	0	668,670,864,912,916,920,924,960
1352	18818	2	8	5	1	0	0	5	20	76	3	26	30592	960	0	5	0	668,670,864,912,916,920,924,960
1352	18820	2	6	5	1	0	0	4	18	77	4	26	30592	960	0	5	0	668,912,916,920,924,960
1352	18824	1	2	6	0	0	0	2	18	86	4	26	31776	912	0	6	0	912,920
1352	18832	1	2	6	0	0	0	2	18	77	4	26	31776	912	0	6	0	912,920
1352	18848	2	5	5	1	0	0	4	16	94	5	26	30592	960	0	5	0	896,904,912,920,960
1352	18880	2	5	5	1	0	0	6	16	94	5	26	30592	960	0	5	0	928,936,944,952,960
1352	18947	1	2	6	0	0	0	1	21	3	2	25	31328	792	0	6	0	792,794
1352	18949	2	5	5	1	0	0	5	19	13	3	25	22400	480	0	5	0	480,792,794,920,922
1352	18950	2	5	5	1	0	0	5	19	13	3	25	22400	480	0	5	0	480,792,794,920,922
1352	18953	1	2	6	0	0	0	3	19	13	3	25	31328	792	0	6	0	792,920
1352	18954	1	2	6	0	0	0	3	19	13	3	25	31328	792	0	6	0	792,920
1352	18956	1	1	6	0	0	0	2	17	86	4	25	31840	920	0	6	0	920
1352	18961	2	4	5	1	0	0	3	17	77	4	25	31328	792	0	5	0	792,796,920,924
1352	18962	2	4	5	1	0	0	3	17	77	4	25	31328	792	0	5	0	792,796,920,924
1352	18964	2	2	5	1	0	0	2	15	94	5	25	31840	920	0	5	0	920,924
1352	18968	1	1	6	0	0	0	2	15	94	5	25	31840	920	0	6	0	920
1352	18977	2	5	5	1	0	0	5	19	13	3	25	31296	784	0	5	0	784,788,912,916,960
1352	18978	2	5	5	1	0	0	5	19	13	3	25	31296	784	0	5	0	784,788,912,916,960
1352	18980	2	3	5	1	0	0	3	17	86	4	25	31840	912	0	5	0	912,916,960
1352	18984	1	1	6	0	0	0	2	17	30	4	25	31840	912	0	6	0	912
1352	18992	2	3	5	1	0	0	3	15	94	5	25	31840	912	0	5	0	912,920,960
1352	19009	1	2	6	0	0	0	4	21	3	2	25	31776	912	0	6	0	912,916
1352	19010	1	2	6	0	0	0	4	21	3	2	25	31776	912	0	6	0	912,916
1352	19012	1	2	6	0	0	0	4	19	13	3	25	31776	912	0	6	0	912,916
1352	19016	0	1	7	0	0	0	4	19	13	3	25	31776	912	0	7	0	912
1352	19024	1	2	6	0	0	0	4	17	77	4	25	31776	912	0	6	0	912,920
1352	19040	1	3	6	0	0	0	5	19	13	3	25	31776	896	0	6	0	896,904,960
1352	19073	1	1	6	0	0	0	2	22	12	2	26	30592	960	0	6	0	960
1352	19074	1	1	6	0	0	0	2	22	12	2	26	30592	960	0	6	0	960
1352	19076	1	1	6	0	0	0	2	20	13	3	26	30592	960	0	6	0	960
1352	19080	1	3	6	0	0	0	6	20	76	3	26	30592	960	0	6	0	912,944,960
1352	19088	1	1	6	0	0	0	2	18	77	4	26	30592	960	0	6	0	960
1352	19104	1	1	6	0	0	0	2	18	77	4	26	30592	960	0	6	0	960
1352	19136	1	3	6	0	0	0	6	20	13	3	26	30592	960	0	6	0	928,936,960
1352	19201	1	3	6	0	0	0	3	22	12	2	26	31328	816	0	6	0	816,912,944
1352	19202	1	3	6	0	0	0	3	22	12	2	26	31328	816	0	6	0	816,912,944
1352	19204	1	2	6	0	0	0	2	20	13	3	26	31776	912	0	6	0	912,944
1352	19208	1	2	6	0	0	0	4	18	77	4	26	31776	912	0	6	0	912,944
1352	19216	1	2	6	0	0	0	2	18	77	4	26	31776	912	0	6	0	912,944
1352	19232	1	2	6	0	0	0	3	18	77	4	26	31776	896	0	6	0	896,928
1352	19264	0	1	7	0	0	0	2	20	13	3	26	31776	928	0	7	0	928
1352	19328	0	2	7	0	0	0	3	23	3	2	27	30592	896	0	7	0	896,928
1352	19459	2	4	5	1	0	0	3	15	94	5	25	22400	480	0	5	0	480,542,794,798
1352	19461	2	4	5	1	0	0	3	17	236	5	25	22400	480	0	5	0	480,542,794,798
1352	19462	2	4	5	1	0	0	3	17	236	5	25	22400	480	0	5	0	480,542,794,798
1352	19465	1	2	6	0	0	0	2	17	86	4	25	31840	792	0	6	0	792,796
1352	19466	1	2	6	0	0	0	2	17	86	4	25	31840	792	0	6	0	792,796
1352	19468	1	2	6	0	0	0	2	17	86	4	25	31840	792	0	6	0	792,796
1352	19473	1	1	6	0	0	0	1	17	236	5	25	31848	796	0	6	0	796
1352	19474	1	1	6	0	0	0	1	17	236	5	25	31848	796	0	6	0	796
1352	19476	1	1	6	0	0	0	1	15	94	5	25	31848	796	0	6	0	796
1352	19480	0	1	7	0	0	0	2	17	86	4	25	31840	792	0	7	0	792
1352	19489	2	3	5	1	0	0	3	17	86	4	25	31296	912	0	5	0	788,796,912
1352	19490	2	3	5	1	0	0	3	17	86	4	25	31296	912	0	5	0	788,796,912
1352	19492	2	3	5	1	0	0	3	17	86	4	25	31296	912	0	5	0	788,796,912
1352	19496	1	3	6	0	0	0	4	19	76	3	25	31296	912	0	6	0	784,792,912
1352	19504	1	1	6	0	0	0	1	17	86	4	25	31848	792	0	6	0	792
1352	19521	2	2	5	1	0	0	2	15	94	5	25	31784	788	0	5	0	788,796
1352	19522	2	2	5	1	0	0	2	15	94	5	25	31784	788	0	5	0	788,796
1352	19524	2	2	5	1	0	0	2	17	236	5	25	31784	788	0	5	0	788,796
1352	19528	1	2	6	0	0	0	4	17	86	4	25	31776	784	0	6	0	784,792
1352	19536	1	1	6	0	0	0	2	17	236	5	25	31784	792	0	6	0	792
1352	19552	2	4	5	1	0	0	5	17	86	4	25	31296	896	0	5	0	776,792,896,960
1352	19585	2	7	5	1	0	0	5	18	86	4	26	22400	448	0	5	0	448,450,572,574,820,828,960
1352	19586	2	7	5	1	0	0	5	18	86	4	26	22400	448	0	5	0	448,450,572,574,820,828,960
1352	19588	2	7	5	1	0	0	5	18	77	4	26	22400	448	0	5	0	448,450,572,574,820,828,960
1352	19592	1	2	6	0	0	0	2	20	76	3	26	31840	816	0	6	0	816,824
1352	19600	1	1	6	0	0	0	1	18	77	4	26	31848	824	0	6	0	824
1352	19616	2	4	5	1	0	0	5	18	86	4	26	30592	960	0	5	0	808,824,928,960
1352	19648	2	3	5	1	0	0	4	16	94	5	26	30592	960	0	5	0	808,824,960
1352	19713	2	6	5	1	0	0	4	18	86	4	26	31296	928	0	5	0	816,820,824,828,928,944
1352	19714	2	6	5	1	0	0	4	18	86	4	26	31296	928	0	5	0	816,820,824,828,928,944
1352	19716	2	6	5	1	0	0	4	18	77	4	26	31296	928	0	5	0	816,820,824,828,928,944
1352	19720	1	2	6	0	0	0	2	18	86	4	26	31840	816	0	6	0	816,824
1352	19728	1	2	6	0	0	0	2	18	77	4	26	31840	816	0	6	0	816,824
1352	19744	1	1	6	0	0	0	2	18	86	4	26	31296	928	0	6	0	928
1352	19776	2	6	5	1	0	0	7	16	94	5	26	31296	896	0	5	0	800,808,816,824,896,928
1352	19840	1	2	6	0	0	0	3	21	11	3	27	30592	896	0	6	0	896,960
1352	19969	1	2	6	0	0	0	3	18	77	4	26	31328	816	0	6	0	816,820
1352	19970	1	2	6	0	0	0	3	18	77	4	26	31328	816	0	6	0	816,820
1352	19972	1	2	6	0	0	0	3	18	86	4	26	31328	816	0	6	0	816,820
1352	19976	0	1	7	0	0	0	3	18	86	4	26	31328	816	0	7	0	816
1352	19984	1	2	6	0	0	0	3	16	94	5	26	31328	816	0	6	0	816,824
1352	20000	1	2	6	0	0	0	4	18	86	4	26	31296	800	0	6	0	800,808
1352	20032	1	2	6	0	0	0	5	18	77	4	26	31328	800	0	6	0	800,808
1352	20096	1	3	6	0	0	0	5	21	13	3	27	30592	896	0	6	0	864,872,896
1352	20224	0	1	7	0	0	0	2	21	13	3	27	31328	864	0	7	0	864
1352	20487	2	2	5	1	0	0	2	13	222	6	25	22400	240	0	5	0	240,242
1352	20491	2	3	5	1	0	0	2	13	222	6	25	22404	241	0	5	0	780,782,844
1352	20493	3	10	4	1	0	0	5	13	222	6	25	22400	240	0	4	0	178,240,242,654,690,780,782,844,908,910
1352	20494	3	10	4	1	0	0	5	13	222	6	25	22400	240	0	4	0	178,240,242,654,690,780,782,844,908,910
1352	20499	1	1	6	0	0	0	1	13	222	6	25	22404	241	0	6	0	782
1352	20501	2	3	5	1	0	0	3	13	222	6	25	22400	240	0	5	0	240,782,910
1352	20502	2	3	5	1	0	0	3	13	222	6	25	22400	240	0	5	0	240,782,910
1352	20505	2	3	5	1	0	0	3	13	222	6	25	22404	242	0	5	0	242,780,908
1352	20506	2	3	5	1	0	0	3	13	222	6	25	22404	242	0	5	0	242,780,908
1352	20508	2	1	5	1	0	0	2	13	222	6	25	31840	908	0	5	0	908
1352	20515	2	4	5	1	0	0	3	15	94	5	25	22404	241	0	5	0	778,782,840,842
1352	20517	3	14	4	1	0	0	5	15	94	5	25	22400	240	0	4	0	180,182,240,244,654,662,692,694,778,782,840,842,906,910
1352	20518	3	14	4	1	0	0	5	15	94	5	25	22400	240	0	4	0	180,182,240,244,654,662,692,694,778,782,840,842,906,910
1352	20521	2	2	5	1	0	0	2	15	94	5	25	31296	840	0	5	0	182,840
1352	20522	2	2	5	1	0	0	2	15	94	5	25	31296	840	0	5	0	182,840
1352	20524	2	1	5	1	1	2	0	15	94	5	25	30592	692	528	2	3	692
1352	20529	2	3	5	1	0	0	2	15	94	5	25	22404	242	0	5	0	242,780,908
1352	20530	2	3	5	1	0	0	2	15	94	5	25	22404	242	0	5	0	242,780,908
1352	20532	2	1	5	1	0	0	1	15	94	5	25	31848	908	0	5	0	908
1352	20536	2	1	5	1	0	0	2	15	94	5	25	31840	904	0	5	0	904
1352	20547	2	4	5	1	0	0	3	15	94	5	25	22404	241	0	5	0	778,782,906,910
1352	20549	2	3	5	1	0	0	2	15	94	5	25	31784	906	0	5	0	654,906,910
1352	20550	2	3	5	1	0	0	2	15	94	5	25	31784	906	0	5	0	654,906,910
1352	20553	2	2	5	1	0	0	4	15	94	5	25	31776	904	0	5	0	904,908
1352	20554	2	2	5	1	0	0	4	15	94	5	25	31776	904	0	5	0	904,908
1352	20556	2	3	5	1	0	0	4	15	94	5	25	31776	904	0	5	0	652,904,908
1352	20561	1	1	6	0	0	0	2	15	94	5	25	31784	908	0	6	0	908
1352	20562	1	1	6	0	0	0	2	15	94	5	25	31784	908	0	6	0	908
1352	20564	1	1	6	0	0	0	2	15	94	5	25	31784	908	0	6	0	908
1352	20568	1	1	6	0	0	0	4	15	94	5	25	31776	904	0	6	0	904
1352	20577	2	2	5	1	0	0	2	17	77	4	25	31784	900	0	5	0	900,908
1352	20578	2	2	5	1	0	0	2	17	77	4	25	31784	900	0	5	0	900,908
1352	20580	2	4	5	1	0	0	2	17	77	4	25	31784	900	0	5	0	652,668,900,908
1352	20584	2	2	5	1	0	0	4	17	77	4	25	31776	896	0	5	0	896,904
1352	20592	1	1	6	0	0	0	2	17	77	4	25	31784	904	0	6	0	904
1352	20611	2	2	5	1	0	0	1	16	94	5	26	22404	225	0	5	0	794,798
1352	20613	2	2	5	1	1	2	0	16	94	5	26	31784	654	2064	4	1	654,670
1352	20614	2	2	5	1	1	2	0	16	94	5	26	31784	654	2064	4	1	654,670
1352	20617	3	20	4	1	0	0	7	16	94	5	26	22404	226	0	4	0	166,174,226,230,652,654,668,670,676,678,684,686,792,796,848,856,904,908,920,924
1352	20618	3	20	4	1	0	0	7	16	94	5	26	22404	226	0	4	0	166,174,226,230,652,654,668,670,676,678,684,686,792,796,848,856,904,908,920,924
1352	20620	2	4	5	1	1	2	0	16	94	5	26	30592	676	528	3	2	652,668,676,684
1352	20625	2	4	5	1	0	0	3	16	94	5	26	22404	226	0	5	0	226,796,908,924
1352	20626	2	4	5	1	0	0	3	16	94	5	26	22404	226	0	5	0	226,796,908,924
1352	20628	2	4	5	1	0	0	2	16	94	5	26	31784	908	0	5	0	652,668,908,924
1352	20632	2	2	5	1	0	0	4	16	94	5	26	31776	904	0	5	0	904,920
1352	20641	3	20	4	1	0	0	5	18	236	5	26	22404	226	0	4	0	170,174,226,234,652,654,668,670,680,682,684,686,788,796,848,852,900,908,916,924
1352	20642	3	20	4	1	0	0	5	18	236	5	26	22404	226	0	4	0	170,174,226,234,652,654,668,670,680,682,684,686,788,796,848,852,900,908,916,924
1352	20644	2	4	5	1	1	2	0	18	236	5	26	30592	680	528	3	2	652,668,680,684
1352	20648	2	2	5	1	1	2	0	18	236	5	26	30592	680	528	2	3	680,684
1352	20656	2	2	5	1	0	0	2	18	236	5	26	31784	904	0	5	0	904,920
1352	20673	2	4	5	1	0	0	2	18	236	5	26	31784	916	0	5	0	668,670,916,924
1352	20674	2	4	5	1	0	0	2	18	236	5	26	31784	916	0	5	0	668,670,916,924
1352	20676	1	1	6	0	1	2	0	18	236	5	26	31784	668	2064	5	1	668
1352	20680	2	4	5	1	0	0	4	18	236	5	26	31776	912	0	5	0	664,668,912,920
1352	20688	1	1	6	0	0	0	2	18	236	5	26	31784	920	0	6	0	920
1352	20704	2	4	5	1	0	0	2	16	94	5	26	31784	904	0	5	0	664,668,904,920
1352	20739	2	4	5	1	0	0	3	18	30	4	26	22404	225	0	5	0	794,798,848,856
1352	20741	2	4	5	1	1	2	0	18	30	4	26	31296	337	8194	4	1	654,670,678,686
1352	20742	2	4	5	1	1	2	0	18	30	4	26	31296	337	8193	4	1	654,670,678,686
1352	20745	3	20	4	1	0	0	7	16	94	5	26	22404	226	0	4	0	166,174,226,230,652,654,668,670,676,678,684,686,792,796,848,856,904,908,920,924
1352	20746	3	20	4	1	0	0	7	16	94	5	26	22404	226	0	4	0	166,174,226,230,652,654,668,670,676,678,684,686,792,796,848,856,904,908,920,924
1352	20748	2	4	5	1	1	2	0	16	94	5	26	30592	676	528	3	2	652,668,676,684
1352	20753	2	4	5	1	0	0	3	18	30	4	26	22404	226	0	5	0	226,796,908,924
1352	20754	2	4	5	1	0	0	3	18	30	4	26	22404	226	0	5	0	226,796,908,924
1352	20756	2	6	5	1	0	0	2	18	30	4	26	31784	908	0	5	0	652,668,676,684,908,924
1352	20760	2	2	5	1	0	0	4	16	94	5	26	31776	904	0	5	0	904,920
1352	20769	2	4	5	1	0	0	2	18	86	4	26	31296	848	0	5	0	174,684,686,848
1352	20770	2	4	5	1	0	0	2	18	86	4	26	31296	848	0	5	0	174,684,686,848
1352	20772	1	1	6	0	2	3	0	18	86	4	26	30592	684	536	3	3	684
1352	20776	2	2	5	1	1	2	0	16	94	5	26	30592	680	528	2	3	680,684
1352	20784	2	4	5	1	0	0	2	18	86	4	26	31784	904	0	5	0	680,684,904,920
1352	20801	2	4	5	1	0	0	2	18	86	4	26	31784	916	0	5	0	668,670,916,924
1352	20802	2	4	5	1	0	0	2	18	86	4	26	31784	916	0	5	0	668,670,916,924
1352	20804	1	1	6	0	1	2	0	18	86	4	26	31784	668	2064	5	1	668
1352	20808	2	4	5	1	0	0	4	16	94	5	26	31776	912	0	5	0	664,668,912,920
1352	20816	1	1	6	0	0	0	2	18	86	4	26	31784	920	0	6	0	920
1352	20832	2	6	5	1	0	0	2	18	30	4	26	31784	904	0	5	0	664,668,696,700,904,920
1352	20865	1	2	6	0	1	2	0	21	13	3	27	31296	353	8194	5	1	668,670
1352	20866	1	2	6	0	1	2	0	21	13	3	27	31296	353	8193	5	1	668,670
1352	20868	0	1	7	0	2	2	0	21	13	3	27	31784	668	2064	5	2	668
1352	20872	1	2	6	0	1	2	0	19	77	4	27	31776	664	2064	5	1	664,668
1352	20880	1	3	6	0	0	0	1	21	13	3	27	31784	920	0	6	0	664,668,920
1352	20896	1	2	6	0	1	2	0	19	77	4	27	31784	664	2064	5	1	664,668
1352	20928	1	2	6	0	1	2	0	19	77	4	27	31784	696	2064	5	1	696,700
1352	20995	0	1	7	0	1	1	0	18	30	4	26	22404	229	16	6	1	794
1352	20997	1	2	6	0	1	1	0	18	30	4	26	22400	228	16	5	1	228,794
1352	20998	1	2	6	0	1	1	0	18	30	4	26	22400	228	16	5	1	228,794
1352	21001	1	2	6	0	0	0	1	16	94	5	26	31328	792	0	6	0	230,792
1352	21002	1	2	6	0	0	0	1	16	94	5	26	31328	792	0	6	0	230,792
1352	21004	2	6	5	1	0	0	3	16	94	5	26	31328	792	0	5	0	228,230,740,792,794,920
1352	21009	1	2	6	0	0	0	1	16	94	5	26	22404	226	0	6	0	226,796
1352	21010	1	2	6	0	0	0	1	16	94	5	26	22404	226	0	6	0	226,796
1352	21012	2	6	5	1	0	0	4	16	94	5	26	22400	224	0	5	0	224,226,736,796,798,924
1352	21016	2	5	5	1	0	0	4	14	222	6	26	22404	228	0	5	0	228,230,792,794,920
1352	21025	1	2	6	0	1	1	0	18	86	4	26	22404	234	16	5	1	234,788
1352	21026	1	2	6	0	1	1	0	18	86	4	26	22404	234	16	5	1	234,788
1352	21028	2	6	5	1	0	0	1	18	86	4	26	31848	916	0	5	0	232,234,744,788,790,916
1352	21032	2	5	5	1	0	0	4	16	94	5	26	31296	784	0	5	0	236,238,784,786,912
1352	21040	2	5	5	1	0	0	2	16	94	5	26	22404	228	0	5	0	228,230,792,794,920
1352	21057	1	3	6	0	0	0	2	20	13	3	26	31784	916	0	6	0	234,788,916
1352	21058	1	3	6	0	0	0	2	20	13	3	26	31784	916	0	6	0	234,788,916
1352	21060	1	1	6	0	0	0	2	20	13	3	26	31784	916	0	6	0	916
1352	21064	1	1	6	0	0	0	4	18	77	4	26	31776	912	0	6	0	912
1352	21072	1	1	6	0	0	0	2	18	77	4	26	31784	920	0	6	0	920
1352	21088	1	1	6	0	0	0	2	20	13	3	26	31784	904	0	6	0	904
1352	21121	1	2	6	0	1	1	0	21	13	3	27	22404	202	16	5	1	202,820
1352	21122	1	2	6	0	1	1	0	21	13	3	27	22404	202	16	5	1	202,820
1352	21124	1	1	6	0	1	1	0	21	13	3	27	30592	712	16	5	1	712
1352	21128	2	8	5	1	0	0	5	19	77	4	27	31328	816	0	5	0	204,206,712,716,816,818,912,944
1352	21136	2	8	5	1	0	0	4	19	77	4	27	22404	196	0	5	0	196,198,704,708,824,826,920,952
1352	21152	2	8	5	1	0	0	2	19	77	4	27	31784	904	0	5	0	212,214,720,724,808,810,904,936
1352	21184	1	1	6	0	0	0	2	21	13	3	27	31784	936	0	6	0	936
1352	21249	1	4	6	0	0	0	1	23	3	2	27	31328	816	0	6	0	202,206,816,820
1352	21250	1	4	6	0	0	0	1	23	3	2	27	31328	816	0	6	0	202,206,816,820
1352	21252	1	2	6	0	1	1	0	23	3	2	27	30592	712	16	5	1	712,716
1352	21256	2	8	5	1	0	0	5	19	75	4	27	31328	816	0	5	0	204,206,712,716,816,818,912,944
1352	21264	2	16	5	1	0	0	7	21	11	3	27	22404	196	0	5	0	196,198,204,206,704,708,712,716,816,818,824,826,912,920,944,952
1352	21280	2	16	5	1	0	0	7	21	11	3	27	31296	800	0	5	0	212,214,220,222,720,724,728,732,800,802,808,810,896,904,928,936
1352	21312	1	2	6	0	0	0	4	23	3	2	27	31776	928	0	6	0	928,936
1352	21376	1	12	6	0	0	0	3	26	1	1	28	31776	928	0	6	0	656,660,664,668,688,692,696,700,896,904,928,936
1352	21507	1	2	6	0	0	0	2	14	222	6	26	22404	225	0	6	0	794,798
1352	21509	1	2	6	0	0	0	1	16	94	5	26	31848	794	0	6	0	794,798
1352	21510	1	2	6	0	0	0	1	16	94	5	26	31848	794	0	6	0	794,798
1352	21513	1	2	6	0	0	0	2	16	94	5	26	31840	792	0	6	0	792,796
1352	21514	1	2	6	0	0	0	2	16	94	5	26	31840	792	0	6	0	792,796
1352	21516	1	2	6	0	0	0	2	18	30	4	26	31840	792	0	6	0	792,796
1352	21521	0	1	7	0	0	0	1	16	94	5	26	31848	796	0	7	0	796
1352	21522	0	1	7	0	0	0	1	16	94	5	26	31848	796	0	7	0	796
1352	21524	0	1	7	0	0	0	1	18	30	4	26	31848	796	0	7	0	796
1352	21528	0	1	7	0	0	0	2	18	30	4	26	31840	792	0	7	0	792
1352	21537	1	2	6	0	0	0	1	18	77	4	26	31848	788	0	6	0	788,796
1352	21538	1	2	6	0	0	0	1	18	77	4	26	31848	788	0	6	0	788,796
1352	21540	1	2	6	0	0	0	1	20	13	3	26	31848	788	0	6	0	788,796
1352	21544	1	3	6	0	0	0	4	20	13	3	26	31296	912	0	6	0	784,792,912
1352	21552	0	1	7	0	0	0	1	20	13	3	26	31848	792	0	7	0	792
1352	21569	1	2	6	0	0	0	2	16	94	5	26	31784	788	0	6	0	788,796
1352	21570	1	2	6	0	0	0	2	16	94	5	26	31784	788	0	6	0	788,796
1352	21572	1	2	6	0	0	0	2	18	86	4	26	31784	788	0	6	0	788,796
1352	21576	1	2	6	0	0	0	4	18	86	4	26	31776	784	0	6	0	784,792
1352	21584	0	1	7	0	0	0	2	18	86	4	26	31784	792	0	7	0	792
1352	21600	1	2	6	0	0	0	2	20	13	3	26	31784	776	0	6	0	776,792
1352	21633	1	2	6	0	0	0	1	19	77	4	27	31848	820	0	6	0	820,828
1352	21634	1	2	6	0	0	0	1	19	77	4	27	31848	820	0	6	0	820,828
1352	21636	1	3	6	0	0	0	1	21	13	3	27	31848	820	0	6	0	572,820,828
1352	21640	1	2	6	0	0	0	2	21	13	3	27	31840	816	0	6	0	816,824
1352	21648	0	1	7	0	0	0	1	21	13	3	27	31848	824	0	7	0	824
1352	21664	1	2	6	0	0	0	1	21	13	3	27	31848	808	0	6	0	808,824
1352	21696	1	2	6	0	0	0	2	19	77	4	27	31784	808	0	6	0	808,824
1352	21761	1	2	6	0	0	0	1	21	11	3	27	31848	820	0	6	0	820,828
1352	21762	1	2	6	0	0	0	1	21	11	3	27	31848	820	0	6	0	820,828
1352	21764	1	3	6	0	0	0	1	23	3	2	27	31848	820	0	6	0	572,820,828
1352	21768	1	2	6	0	0	0	2	21	11	3	27	31840	816	0	6	0	816,824
1352	21776	0	1	7	0	0	0	1	23	3	2	27	31848	824	0	7	0	824
1352	21792	1	3	6	0	0	0	3	23	3	2	27	31296	928	0	6	0	808,824,928
1352	21824	1	2	6	0	0	0	2	21	11	3	27	31784	808	0	6	0	808,824
1352	21888	1	10	6	0	0	0	4	26	1	1	28	31296	960	0	6	0	568,572,632,636,808,824,872,888,896,960
1352	22017	0	1	7	0	0	0	1	19	77	4	27	31848	820	0	7	0	820
1352	22018	0	1	7	0	0	0	1	19	77	4	27	31848	820	0	7	0	820
1352	22020	0	1	7	0	0	0	1	21	76	3	27	31848	820	0	7	0	820
1352	22024	0	1	7	0	0	0	3	19	77	4	27	31328	816	0	7	0	816
1352	22032	0	1	7	0	0	0	1	19	77	4	27	31848	824	0	7	0	824
1352	22048	0	1	7	0	0	0	1	21	13	3	27	31848	808	0	7	0	808
1352	22080	0	1	7	0	0	0	2	21	13	3	27	31784	808	0	7	0	808
1352	22144	0	1	7	0	0	0	1	24	12	2	28	31848	872	0	7	0	872
1352	22272	0	2	7	0	0	0	3	26	1	1	28	31328	864	0	7	0	864,872
1352	22531	1	2	6	0	0	0	1	18	30	4	26	22404	481	0	6	0	542,798
1352	22533	1	1	6	0	1	1	0	16	94	5	26	31848	798	16	5	1	798
1352	22534	1	1	6	0	1	1	0	16	94	5	26	31848	798	16	5	1	798
1352	22537	1	1	6	0	1	1	0	18	30	4	26	31840	796	16	5	1	796
1352	22538	1	1	6	0	1	1	0	18	30	4	26	31840	796	16	5	1	796
1352	22540	1	1	6	0	1	1	0	16	94	5	26	31840	796	16	5	1	796
1352	22545	1	1	6	0	0	0	1	16	94	5	26	31848	796	0	6	0	796
1352	22546	1	1	6	0	0	0	1	16	94	5	26	31848	796	0	6	0	796
1352	22548	1	1	6	0	0	0	1	14	222	6	26	31848	796	0	6	0	796
1352	22552	1	1	6	0	0	0	2	16	94	5	26	31840	792	0	6	0	792
1352	22561	1	1	6	0	1	1	0	20	13	3	26	31848	796	16	5	1	796
1352	22562	1	1	6	0	1	1	0	20	13	3	26	31848	796	16	5	1	796
1352	22564	1	1	6	0	1	1	0	18	77	4	26	31848	796	16	5	1	796
1352	22568	1	1	6	0	1	1	0	20	13	3	26	31840	792	16	5	1	792
1352	22576	1	1	6	0	0	0	1	18	77	4	26	31848	792	0	6	0	792
1352	22593	0	1	7	0	1	1	0	20	13	3	26	31784	796	16	6	1	796
1352	22594	0	1	7	0	1	1	0	20	13	3	26	31784	796	16	6	1	796
1352	22596	0	1	7	0	1	1	0	18	77	4	26	31784	796	16	6	1	796
1352	22600	0	1	7	0	1	1	0	20	13	3	26	31776	792	16	6	1	792
1352	22608	0	1	7	0	0	0	2	18	77	4	26	31784	792	0	7	0	792
1352	22624	0	1	7	0	1	1	0	22	3	2	26	31784	792	16	6	1	792
1352	22657	1	2	6	0	1	1	0	19	86	4	27	31784	796	16	5	1	796,828
1352	22658	1	2	6	0	1	1	0	19	86	4	27	31784	796	16	5	1	796,828
1352	22660	1	2	6	0	1	1	0	17	94	5	27	31784	796	16	5	1	796,828
1352	22664	1	2	6	0	1	1	0	19	86	4	27	31776	792	16	5	1	792,824
1352	22672	1	2	6	0	0	0	2	17	94	5	27	31784	792	0	6	0	792,824
1352	22688	1	2	6	0	1	1	0	19	77	4	27	31784	792	16	5	1	792,824
1352	22720	0	1	7	0	1	1	0	19	77	4	27	31784	824	16	6	1	824
1352	22785	1	2	6	0	1	1	0	21	76	3	27	31784	796	16	5	1	796,828
1352	22786	1	2	6	0	1	1	0	21	76	3	27	31784	796	16	5	1	796,828
1352	22788	1	2	6	0	1	1	0	19	77	4	27	31784	796	16	5	1	796,828
1352	22792	1	2	6	0	1	1	0	19	77	4	27	31776	792	16	5	1	792,824
1352	22800	1	2	6	0	0	0	2	19	77	4	27	31784	792	0	6	0	792,824
1352	22816	1	3	6	0	1	1	0	21	13	3	27	31784	792	16	5	1	792,824,856
1352	22848	0	1	7	0	1	1	0	21	13	3	27	31784	824	16	6	1	824
1352	22912	0	1	7	0	1	1	0	22	13	3	28	31784	824	16	6	1	824
1352	23041	1	6	6	0	0	0	2	23	3	2	27	22404	450	0	6	0	450,458,564,572,820,828
1352	23042	1	6	6	0	0	0	2	23	3	2	27	22404	450	0	6	0	450,458,564,572,820,828
1352	23044	1	2	6	0	0	0	1	21	11	3	27	31848	820	0	6	0	820,828
1352	23048	1	2	6	0	0	0	2	21	11	3	27	31840	816	0	6	0	816,824
1352	23056	1	1	6	0	0	0	1	19	75	4	27	31848	824	0	6	0	824
1352	23072	1	2	6	0	0	0	1	23	3	2	27	31848	808	0	6	0	808,824
1352	23104	0	2	7	0	0	0	2	25	1	1	27	31784	808	0	7	0	808,824
1352	23168	1	6	6	0	0	0	4	24	3	2	28	30592	896	0	6	0	808,824,872,888,896,912
1352	23296	1	12	6	0	0	0	5	26	1	1	28	30592	896	0	6	0	800,808,816,824,864,872,880,888,896,904,912,920
1352	23553	0	1	7	0	1	1	0	19	77	4	27	22404	451	2	6	1	572
1352	23554	0	1	7	0	1	1	0	19	77	4	27	22404	451	1	6	1	572
1352	23556	0	1	7	0	1	1	0	19	77	4	27	31848	572	16	6	1	572
1352	23560	0	1	7	0	1	1	0	21	76	3	27	31840	568	16	6	1	568
1352	23568	0	1	7	0	0	0	1	19	77	4	27	31848	568	0	7	0	568
1352	23584	0	1	7	0	1	1	0	23	12	2	27	31848	568	16	6	1	568
1352	23616	0	1	7	0	1	1	0	21	13	3	27	31784	568	16	6	1	568
1352	23680	0	1	7	0	1	1	0	22	13	3	28	31848	632	16	6	1	632
1352	23808	0	1	7	0	1	1	0	24	3	2	28	31848	632	16	6	1	632
1352	24064	0	2	7	0	0	0	1	24	3	2	28	31848	616	0	7	0	616,632
1352	24583	2	1	5	1	0	0	1	13	222	6	25	31328	844	0	5	0	844
1352	24587	1	1	6	0	0	0	1	15	94	5	25	31328	844	0	6	0	844
1352	24589	2	2	5	1	0	0	1	15	94	5	25	31328	844	0	5	0	178,844
1352	24590	2	2	5	1	0	0	1	15	94	5	25	31328	844	0	5	0	178,844
1352	24595	2	2	5	1	0	0	1	15	94	5	25	31328	844	0	5	0	782,844
1352	24597	2	1	5	1	0	0	3	15	94	5	25	22400	752	0	5	0	752
1352	24598	2	1	5	1	0	0	3	15	94	5	25	22400	752	0	5	0	752
1352	24601	2	5	5	1	0	0	3	17	77	4	25	31328	844	0	5	0	178,242,780,844,908
1352	24602	2	5	5	1	0	0	3	17	77	4	25	31328	844	0	5	0	178,242,780,844,908
1352	24604	2	3	5	1	0	0	5	17	77	4	25	22400	752	0	5	0	688,752,908
1352	24611	1	1	6	0	0	0	2	15	94	5	25	31296	840	0	6	0	840
1352	24613	2	2	5	1	0	0	2	15	94	5	25	31296	840	0	5	0	182,840
1352	24614	2	2	5	1	0	0	2	15	94	5	25	31296	840	0	5	0	182,840
1352	24617	1	2	6	0	0	0	2	17	77	4	25	31296	840	0	6	0	182,840
1352	24618	1	2	6	0	0	0	2	17	77	4	25	31296	840	0	6	0	182,840
1352	24620	2	5	5	1	0	0	2	17	77	4	25	31296	840	0	5	0	180,182,692,840,842
1352	24625	2	2	5	1	0	0	2	17	77	4	25	31296	840	0	5	0	182,840
1352	24626	2	2	5	1	0	0	2	17	77	4	25	31296	840	0	5	0	182,840
1352	24628	2	2	5	1	0	0	3	17	77	4	25	22400	752	0	5	0	688,752
1352	24632	2	7	5	1	0	0	4	19	11	3	25	31296	840	0	5	0	180,182,688,692,840,842,904
1352	24643	2	2	5	1	0	0	1	15	94	5	25	31328	840	0	5	0	840,864
1352	24645	3	6	4	1	0	0	6	15	94	5	25	22400	752	0	4	0	158,182,752,840,864,906
1352	24646	3	6	4	1	0	0	6	15	94	5	25	22400	752	0	4	0	158,182,752,840,864,906
1352	24649	2	3	5	1	0	0	5	17	77	4	25	31328	840	0	5	0	182,840,904
1352	24650	2	3	5	1	0	0	5	17	77	4	25	31328	840	0	5	0	182,840,904
1352	24652	2	1	5	1	0	0	4	17	77	4	25	31776	904	0	5	0	904
1352	24657	2	1	5	1	0	0	2	17	77	4	25	31784	908	0	5	0	908
1352	24658	2	1	5	1	0	0	2	17	77	4	25	31784	908	0	5	0	908
1352	24660	2	2	5	1	0	0	5	17	77	4	25	22400	752	0	5	0	752,908
1352	24664	1	1	6	0	0	0	4	19	11	3	25	31776	904	0	6	0	904
1352	24673	2	4	5	1	0	0	2	17	77	4	25	31296	832	0	5	0	158,190,832,864
1352	24674	2	4	5	1	0	0	2	17	77	4	25	31296	832	0	5	0	158,190,832,864
1352	24676	3	15	4	1	0	0	8	17	77	4	25	22400	752	0	4	0	156,158,188,190,680,696,736,752,832,834,864,866,900,960,992
1352	24680	2	6	5	1	0	0	6	19	11	3	25	31296	832	0	5	0	188,190,832,834,896,960
1352	24688	2	1	5	1	0	0	2	19	11	3	25	31784	904	0	5	0	904
1352	24707	2	4	5	1	0	0	2	16	94	5	26	31296	848	0	5	0	848,856,864,880
1352	24709	2	1	5	1	0	0	3	16	94	5	26	22400	736	0	5	0	736
1352	24710	2	1	5	1	0	0	3	16	94	5	26	22400	736	0	5	0	736
1352	24713	2	4	5	1	0	0	2	18	86	4	26	31296	848	0	5	0	166,174,848,856
1352	24714	2	4	5	1	0	0	2	18	86	4	26	31296	848	0	5	0	166,174,848,856
1352	24716	2	3	5	1	0	0	3	18	86	4	26	22400	736	0	5	0	676,684,736
1352	24721	2	2	5	1	0	0	3	18	86	4	26	22400	736	0	5	0	736,738
1352	24722	2	2	5	1	0	0	3	18	86	4	26	22400	736	0	5	0	736,738
1352	24724	1	1	6	0	0	0	3	18	86	4	26	22400	736	0	6	0	736
1352	24728	2	8	5	1	0	0	7	20	76	3	26	22400	736	0	5	0	672,676,680,684,736,740,904,920
1352	24737	2	2	5	1	0	0	2	18	236	5	26	31296	848	0	5	0	174,848
1352	24738	2	2	5	1	0	0	2	18	236	5	26	31296	848	0	5	0	174,848
1352	24740	2	2	5	1	0	0	3	18	236	5	26	22400	736	0	5	0	680,736
1352	24744	2	6	5	1	0	0	2	18	86	4	26	31296	848	0	5	0	172,174,680,684,848,850
1352	24752	2	4	5	1	0	0	3	18	86	4	26	22400	736	0	5	0	672,676,736,740
1352	24769	2	2	5	1	1	1	0	18	236	5	26	31296	864	256	4	1	158,864
1352	24770	2	2	5	1	1	1	0	18	236	5	26	31296	864	256	4	1	158,864
1352	24772	2	1	5	1	0	0	3	18	236	5	26	22400	736	0	5	0	736
1352	24776	2	1	5	1	0	0	4	18	86	4	26	31776	912	0	5	0	912
1352	24784	2	3	5	1	0	0	5	18	86	4	26	22400	736	0	5	0	736,740,920
1352	24800	3	15	4	1	0	0	8	16	94	5	26	22400	736	0	4	0	156,158,188,190,688,692,736,740,832,834,864,866,904,960,992
1352	24835	1	2	6	0	0	0	2	16	94	5	26	31296	848	0	6	0	848,856
1352	24837	2	4	5	1	0	0	2	16	94	5	26	31296	848	0	5	0	166,174,848,856
1352	24838	2	4	5	1	0	0	2	16	94	5	26	31296	848	0	5	0	166,174,848,856
1352	24841	2	4	5	1	0	0	2	18	236	5	26	31296	848	0	5	0	166,174,848,856
1352	24842	2	4	5	1	0	0	2	18	236	5	26	31296	848	0	5	0	166,174,848,856
1352	24844	3	15	4	1	0	0	9	18	236	5	26	22400	736	0	4	0	164,166,172,174,652,668,676,684,736,848,850,856,858,904,920
1352	24849	2	4	5	1	0	0	2	18	86	4	26	31296	848	0	5	0	166,174,848,856
1352	24850	2	4	5	1	0	0	2	18	86	4	26	31296	848	0	5	0	166,174,848,856
1352	24852	2	1	5	1	0	0	3	18	86	4	26	22400	736	0	5	0	736
1352	24856	2	2	5	1	0	0	4	18	86	4	26	31776	904	0	5	0	904,920
1352	24865	1	2	6	0	0	0	2	18	236	5	26	31296	848	0	6	0	174,848
1352	24866	1	2	6	0	0	0	2	18	236	5	26	31296	848	0	6	0	174,848
1352	24868	2	4	5	1	0	0	2	18	236	5	26	31296	848	0	5	0	172,174,848,850
1352	24872	2	4	5	1	0	0	2	16	94	5	26	31296	848	0	5	0	172,174,848,850
1352	24880	2	4	5	1	0	0	2	18	86	4	26	31296	848	0	5	0	172,174,848,850
1352	24897	2	4	5	1	0	0	2	18	236	5	26	31296	832	0	5	0	174,190,832,848
1352	24898	2	4	5	1	0	0	2	18	236	5	26	31296	832	0	5	0	174,190,832,848
1352	24900	3	15	4	1	0	0	10	18	236	5	26	22400	736	0	4	0	172,174,188,190,664,668,736,832,834,848,850,912,916,960,976
1352	24904	2	1	5	1	0	0	4	16	94	5	26	31776	912	0	5	0	912
1352	24912	2	2	5	1	0	0	4	18	86	4	26	31776	912	0	5	0	912,920
1352	24928	2	5	5	1	0	0	3	16	94	5	26	31296	832	0	5	0	188,190,832,834,960
1352	24961	1	2	6	0	0	0	1	19	77	4	27	31296	864	0	6	0	158,864
1352	24962	1	2	6	0	0	0	1	19	77	4	27	31296	864	0	6	0	158,864
1352	24964	2	8	5	1	0	0	5	19	77	4	27	22400	704	0	5	0	156,158,664,668,704,864,866,960
1352	24968	2	8	5	1	0	0	4	19	86	4	27	31296	864	0	5	0	156,158,664,668,864,866,912,960
1352	24976	2	13	5	1	0	0	7	21	76	3	27	22400	704	0	5	0	156,158,656,660,664,668,704,708,864,866,912,920,960
1352	24992	2	5	5	1	0	0	3	17	94	5	27	31296	864	0	5	0	156,158,864,866,960
1352	25024	2	5	5	1	0	0	2	17	94	5	27	31296	832	0	5	0	188,190,832,834,960
1352	25091	1	2	6	0	0	0	1	16	94	5	26	31328	792	0	6	0	792,794
1352	25093	2	6	5	1	0	0	4	16	94	5	26	22400	736	0	5	0	228,230,736,740,792,794
1352	25094	2	6	5	1	0	0	4	16	94	5	26	22400	736	0	5	0	228,230,736,740,792,794
1352	25097	1	2	6	0	0	0	1	18	236	5	26	31328	792	0	6	0	230,792
1352	25098	1	2	6	0	0	0	1	18	236	5	26	31328	792	0	6	0	230,792
1352	25100	2	7	5	1	0	0	6	18	236	5	26	22400	736	0	5	0	228,230,736,740,792,794,920
1352	25105	2	6	5	1	0	0	4	18	236	5	26	22400	736	0	5	0	226,230,736,738,792,796
1352	25106	2	6	5	1	0	0	4	18	236	5	26	22400	736	0	5	0	226,230,736,738,792,796
1352	25108	1	1	6	0	0	0	3	18	236	5	26	22400	736	0	6	0	736
1352	25112	2	7	5	1	0	0	6	16	94	5	26	22400	736	0	5	0	228,230,736,740,792,794,920
1352	25121	2	4	5	1	0	0	2	18	236	5	26	31296	784	0	5	0	234,238,784,788
1352	25122	2	4	5	1	0	0	2	18	236	5	26	31296	784	0	5	0	234,238,784,788
1352	25124	2	2	5	1	0	0	3	18	236	5	26	22400	736	0	5	0	736,744
1352	25128	2	5	5	1	0	0	4	16	94	5	26	31296	784	0	5	0	236,238,784,786,912
1352	25136	2	2	5	1	0	0	3	16	94	5	26	22400	736	0	5	0	736,740
1352	25153	2	6	5	1	0	0	5	18	86	4	26	31328	784	0	5	0	234,238,784,788,912,916
1352	25154	2	6	5	1	0	0	5	18	86	4	26	31328	784	0	5	0	234,238,784,788,912,916
1352	25156	2	4	5	1	0	0	7	18	86	4	26	22400	736	0	5	0	736,744,912,916
1352	25160	1	1	6	0	0	0	4	18	86	4	26	31776	912	0	6	0	912
1352	25168	2	4	5	1	0	0	7	18	86	4	26	22400	736	0	5	0	736,740,912,920
1352	25184	2	3	5	1	0	0	5	18	86	4	26	31776	896	0	5	0	896,904,960
1352	25217	2	9	5	1	0	0	5	19	77	4	27	22400	704	0	5	0	202,206,704,706,712,714,816,820,960
1352	25218	2	9	5	1	0	0	5	19	77	4	27	22400	704	0	5	0	202,206,704,706,712,714,816,820,960
1352	25220	1	2	6	0	0	0	3	19	77	4	27	22400	704	0	6	0	704,712
1352	25224	2	11	5	1	0	0	9	19	86	4	27	22400	704	0	5	0	204,206,704,708,712,716,816,818,912,944,960
1352	25232	1	2	6	0	0	0	3	19	86	4	27	22400	704	0	6	0	704,708
1352	25248	2	5	5	1	0	0	4	17	94	5	27	22400	704	0	5	0	704,708,720,724,960
1352	25280	2	7	5	1	0	0	8	19	86	4	27	22400	704	0	5	0	704,708,720,724,928,936,960
1352	25345	1	2	6	0	0	0	1	19	77	4	27	31328	816	0	6	0	206,816
1352	25346	1	2	6	0	0	0	1	19	77	4	27	31328	816	0	6	0	206,816
1352	25348	2	8	5	1	0	0	6	19	77	4	27	22400	704	0	5	0	204,206,704,712,816,818,912,944
1352	25352	2	6	5	1	0	0	5	17	94	5	27	31328	816	0	5	0	204,206,816,818,912,944
1352	25360	2	8	5	1	0	0	6	19	86	4	27	22400	704	0	5	0	204,206,704,708,816,818,912,944
1352	25376	2	6	5	1	0	0	5	17	94	5	27	31296	800	0	5	0	220,222,800,802,896,928
1352	25408	1	1	6	0	0	0	2	19	86	4	27	31776	928	0	6	0	928
1352	25472	1	2	6	0	0	0	2	22	11	3	28	31776	928	0	6	0	896,928
1352	25603	2	2	5	1	0	0	2	14	222	6	26	31328	920	0	5	0	794,920
1352	25605	2	3	5	1	0	0	5	16	94	5	26	22400	736	0	5	0	736,794,920
1352	25606	2	3	5	1	0	0	5	16	94	5	26	22400	736	0	5	0	736,794,920
1352	25609	1	2	6	0	0	0	3	18	77	4	26	31328	920	0	6	0	792,920
1352	25610	1	2	6	0	0	0	3	18	77	4	26	31328	920	0	6	0	792,920
1352	25612	1	2	6	0	0	0	3	20	13	3	26	31328	920	0	6	0	792,920
1352	25617	1	1	6	0	0	0	1	18	77	4	26	31848	796	0	6	0	796
1352	25618	1	1	6	0	0	0	1	18	77	4	26	31848	796	0	6	0	796
1352	25620	1	2	6	0	0	0	4	20	13	3	26	22400	736	0	6	0	736,796
1352	25624	0	1	7	0	0	0	2	22	3	2	26	31840	792	0	7	0	792
1352	25633	1	1	6	0	0	0	2	18	77	4	26	31296	912	0	6	0	912
1352	25634	1	1	6	0	0	0	2	18	77	4	26	31296	912	0	6	0	912
1352	25636	1	1	6	0	0	0	2	20	13	3	26	31296	912	0	6	0	912
1352	25640	0	1	7	0	0	0	2	22	3	2	26	31296	912	0	7	0	912
1352	25648	1	2	6	0	0	0	3	22	3	2	26	31296	912	0	6	0	792,912
1352	25665	2	3	5	1	0	0	4	16	94	5	26	31328	912	0	5	0	788,912,960
1352	25666	2	3	5	1	0	0	4	16	94	5	26	31328	912	0	5	0	788,912,960
1352	25668	2	4	5	1	0	0	7	18	86	4	26	22400	736	0	5	0	736,788,912,960
1352	25672	1	2	6	0	0	0	5	20	13	3	26	31328	912	0	6	0	784,912
1352	25680	1	1	6	0	0	0	2	20	13	3	26	31784	792	0	6	0	792
1352	25696	1	2	6	0	0	0	3	20	13	3	26	31296	896	0	6	0	896,960
1352	25729	1	1	6	0	0	0	1	19	77	4	27	32512	960	0	6	0	960
1352	25730	1	1	6	0	0	0	1	19	77	4	27	32512	960	0	6	0	960
1352	25732	1	2	6	0	0	0	4	21	13	3	27	22400	704	0	6	0	704,960
1352	25736	1	4	6	0	0	0	5	23	12	2	27	31296	928	0	6	0	816,928,944,960
1352	25744	1	4	6	0	0	0	5	23	12	2	27	22400	704	0	6	0	704,708,824,960
1352	25760	1	2	6	0	0	0	3	21	13	3	27	31296	928	0	6	0	928,960
1352	25792	1	1	6	0	0	0	1	19	77	4	27	32512	960	0	6	0	960
1352	25857	1	2	6	0	0	0	2	19	77	4	27	31296	928	0	6	0	928,944
1352	25858	1	2	6	0	0	0	2	19	77	4	27	31296	928	0	6	0	928,944
1352	25860	1	2	6	0	0	0	2	21	13	3	27	31296	928	0	6	0	928,944
1352	25864	1	3	6	0	0	0	4	21	13	3	27	31296	928	0	6	0	816,928,944
1352	25872	1	4	6	0	0	0	4	23	12	2	27	31296	928	0	6	0	816,824,928,944
1352	25888	0	1	7	0	0	0	2	21	13	3	27	31296	928	0	7	0	928
1352	25920	1	2	6	0	0	0	3	19	77	4	27	31296	896	0	6	0	896,928
1352	25984	0	2	7	0	0	0	2	24	3	2	28	31296	960	0	7	0	896,960
1352	26113	1	2	6	0	0	0	3	17	94	5	27	31328	816	0	6	0	816,820
1352	26114	1	2	6	0	0	0	3	17	94	5	27	31328	816	0	6	0	816,820
1352	26116	1	2	6	0	0	0	3	19	86	4	27	31328	816	0	6	0	816,820
1352	26120	0	1	7	0	0	0	3	19	77	4	27	31328	816	0	7	0	816
1352	26128	1	2	6	0	0	0	3	19	77	4	27	31328	816	0	6	0	816,824
1352	26144	1	2	6	0	0	0	4	19	77	4	27	31296	800	0	6	0	800,808
1352	26176	1	2	6	0	0	0	5	19	86	4	27	31328	800	0	6	0	800,808
1352	26240	1	3	6	0	0	0	4	22	13	3	28	31328	864	0	6	0	864,872,896
1352	26368	0	1	7	0	0	0	2	22	13	3	28	31328	864	0	7	0	864
1352	26627	2	4	5	1	0	0	3	18	30	4	26	22400	992	0	5	0	664,720,736,992
1352	26629	2	1	5	1	0	0	3	16	94	5	26	22400	992	0	5	0	992
1352	26630	2	1	5	1	0	0	3	16	94	5	26	22400	992	0	5	0	992
1352	26633	2	5	5	1	0	0	5	20	13	3	26	22400	992	0	5	0	358,664,792,796,992
1352	26634	2	5	5	1	0	0	5	20	13	3	26	22400	992	0	5	0	358,664,792,796,992
1352	26636	2	3	5	1	0	0	5	18	77	4	26	22400	992	0	5	0	792,796,992
1352	26641	2	2	5	1	0	0	3	18	86	4	26	22400	992	0	5	0	796,992
1352	26642	2	2	5	1	0	0	3	18	86	4	26	22400	992	0	5	0	796,992
1352	26644	2	2	5	1	0	0	4	16	94	5	26	22400	992	0	5	0	796,992
1352	26648	1	1	6	0	0	0	2	20	13	3	26	31840	792	0	6	0	792
1352	26657	2	6	5	1	0	0	5	20	13	3	26	22400	992	0	5	0	302,366,656,720,960,992
1352	26658	2	6	5	1	0	0	5	20	13	3	26	22400	992	0	5	0	302,366,656,720,960,992
1352	26660	2	2	5	1	0	0	4	18	77	4	26	22400	992	0	5	0	960,992
1352	26664	2	13	5	1	0	0	7	22	3	2	26	22400	992	0	5	0	364,366,656,658,784,792,832,840,864,872,912,960,992
1352	26672	2	5	5	1	0	0	4	20	13	3	26	22400	992	0	5	0	792,832,864,960,992
1352	26689	2	8	5	1	0	0	5	20	13	3	26	22400	992	0	5	0	286,318,704,736,788,796,960,992
1352	26690	2	8	5	1	0	0	5	20	13	3	26	22400	992	0	5	0	286,318,704,736,788,796,960,992
1352	26692	2	4	5	1	0	0	6	18	77	4	26	22400	992	0	5	0	788,796,960,992
1352	26696	1	2	6	0	0	0	4	22	3	2	26	31776	784	0	6	0	784,792
1352	26704	1	1	6	0	0	0	2	20	13	3	26	31784	792	0	6	0	792
1352	26720	1	1	6	0	0	0	1	22	3	2	26	32512	960	0	6	0	960
1352	26753	1	1	6	0	0	0	3	19	86	4	27	22400	960	0	6	0	960
1352	26754	1	1	6	0	0	0	3	19	86	4	27	22400	960	0	6	0	960
1352	26756	1	1	6	0	0	0	4	17	94	5	27	22400	960	0	6	0	960
1352	26760	1	1	6	0	0	0	3	21	76	3	27	22400	960	0	6	0	960
1352	26768	1	1	6	0	0	0	3	19	86	4	27	22400	960	0	6	0	960
1352	26784	1	1	6	0	0	0	3	19	77	4	27	22400	960	0	6	0	960
1352	26816	1	1	6	0	0	0	3	19	77	4	27	22400	960	0	6	0	960
1352	26881	2	5	5	1	0	0	4	19	86	4	27	22400	960	0	5	0	334,350,672,688,960
1352	26882	2	5	5	1	0	0	4	19	86	4	27	22400	960	0	5	0	334,350,672,688,960
1352	26884	2	1	5	1	0	0	3	17	94	5	27	22400	960	0	5	0	960
1352	26888	2	5	5	1	0	0	6	19	77	4	27	22400	960	0	5	0	784,792,816,824,960
1352	26896	2	5	5	1	0	0	6	19	86	4	27	22400	960	0	5	0	784,792,816,824,960
1352	26912	2	7	5	1	0	0	5	19	77	4	27	22400	960	0	5	0	348,350,672,674,896,928,960
1352	26944	2	7	5	1	0	0	7	19	77	4	27	22400	960	0	5	0	800,808,816,824,896,928,960
1352	27008	1	1	6	0	0	0	3	20	30	4	28	22400	896	0	6	0	896
1352	27137	1	1	6	0	0	0	2	21	13	3	27	22400	960	0	6	0	960
1352	27138	1	1	6	0	0	0	2	21	13	3	27	22400	960	0	6	0	960
1352	27140	1	1	6	0	0	0	3	19	77	4	27	22400	960	0	6	0	960
1352	27144	1	2	6	0	0	0	4	21	13	3	27	22400	960	0	6	0	816,960
1352	27152	1	1	6	0	0	0	2	19	77	4	27	22400	960	0	6	0	960
1352	27168	1	2	6	0	0	0	3	21	13	3	27	22400	960	0	6	0	896,960
1352	27200	1	5	6	0	0	0	7	23	12	2	27	22400	960	0	6	0	800,808,896,928,960
1352	27264	0	1	7	0	0	0	3	22	13	3	28	22400	896	0	7	0	896
1352	27392	1	3	6	0	0	0	4	22	13	3	28	22400	896	0	6	0	800,864,896
1352	27649	1	1	6	0	0	0	2	19	77	4	27	22400	960	0	6	0	960
1352	27650	1	1	6	0	0	0	2	19	77	4	27	22400	960	0	6	0	960
1352	27652	1	1	6	0	0	0	3	19	77	4	27	22400	960	0	6	0	960
1352	27656	1	4	6	0	0	0	5	23	12	2	27	22400	960	0	6	0	560,568,816,960
1352	27664	1	2	6	0	0	0	3	21	13	3	27	22400	960	0	6	0	568,960
1352	27680	1	4	6	0	0	0	5	23	12	2	27	22400	960	0	6	0	800,896,928,960
1352	27712	1	2	6	0	0	0	3	21	13	3	27	22400	960	0	6	0	896,960
1352	27776	0	1	7	0	0	0	3	22	13	3	28	22400	896	0	7	0	896
1352	27904	1	3	6	0	0	0	4	22	13	3	28	22400	896	0	6	0	832,864,896
1352	28160	1	3	6	0	0	0	5	22	13	3	28	22400	896	0	6	0	608,616,896
1352	28675	2	4	5	1	0	0	2	15	222	6	27	22404	481	0	5	0	538,542,664,666
1352	28677	2	4	5	1	0	0	3	15	222	6	27	22400	480	0	5	0	356,358,480,484
1352	28678	2	4	5	1	0	0	3	15	222	6	27	22400	480	0	5	0	356,358,480,484
1352	28681	1	1	6	0	1	1	0	17	94	5	27	31328	665	2	5	1	358
1352	28682	1	1	6	0	1	1	0	17	94	5	27	31328	665	1	5	1	358
1352	28684	1	1	6	0	1	2	0	17	94	5	27	22400	356	528	5	1	356
1352	28689	1	1	6	0	0	0	1	17	94	5	27	22404	482	0	6	0	482
1352	28690	1	1	6	0	0	0	1	17	94	5	27	22404	482	0	6	0	482
1352	28692	1	1	6	0	0	0	3	17	94	5	27	22400	480	0	6	0	480
1352	28696	1	2	6	0	0	0	1	19	30	4	27	22404	484	0	6	0	356,484
1352	28705	1	2	6	0	1	1	0	19	77	4	27	31296	657	2	5	1	362,366
1352	28706	1	2	6	0	1	1	0	19	77	4	27	31296	657	1	5	1	362,366
1352	28708	1	2	6	0	1	2	0	19	77	4	27	22400	360	528	5	1	360,364
1352	28712	0	1	7	0	2	2	0	21	13	3	27	22404	364	528	5	2	364
1352	28720	1	3	6	0	0	0	1	21	13	3	27	22404	484	0	6	0	356,364,484
1352	28737	2	8	5	1	0	0	3	19	77	4	27	22404	482	0	5	0	286,318,362,366,482,490,788,796
1352	28738	2	8	5	1	0	0	3	19	77	4	27	22404	482	0	5	0	286,318,362,366,482,490,788,796
1352	28740	2	8	5	1	0	0	5	19	77	4	27	22400	480	0	5	0	284,316,360,364,480,488,788,796
1352	28744	1	1	6	0	1	2	0	21	13	3	27	22404	364	528	5	1	364
1352	28752	1	2	6	0	0	0	3	21	13	3	27	22404	484	0	6	0	484,792
1352	28768	1	3	6	0	1	2	0	23	3	2	27	22404	372	528	5	1	316,372,380
1352	28801	2	8	5	1	0	0	1	18	94	5	28	22404	450	0	5	0	286,318,330,334,346,350,450,458
1352	28802	2	8	5	1	0	0	1	18	94	5	28	22404	450	0	5	0	286,318,330,334,346,350,450,458
1352	28804	2	8	5	1	0	0	3	18	94	5	28	22400	448	0	5	0	284,316,328,332,344,348,448,456
1352	28808	1	2	6	0	1	2	0	20	86	4	28	22404	332	528	5	1	332,348
1352	28816	1	1	6	0	0	0	1	20	86	4	28	22404	452	0	6	0	452
1352	28832	1	2	6	0	1	2	0	20	77	4	28	22404	340	528	5	1	340,348
1352	28864	1	1	6	0	1	3	0	20	77	4	28	31296	707	259	3	3	316
1352	28929	1	2	6	0	1	1	0	20	77	4	28	31296	673	2	5	1	334,350
1352	28930	1	2	6	0	1	1	0	20	77	4	28	31296	673	1	5	1	334,350
1352	28932	1	2	6	0	1	2	0	20	77	4	28	31296	675	3	4	2	332,348
1352	28936	1	2	6	0	1	2	0	20	77	4	28	22404	332	528	5	1	332,348
1352	28944	1	3	6	0	0	0	1	22	76	3	28	22404	452	0	6	0	332,348,452
1352	28960	0	1	7	0	2	2	0	22	13	3	28	31296	675	3	5	2	348
1352	28992	1	3	6	0	1	2	0	22	13	3	28	31296	643	3	4	2	316,348,380
1352	29056	0	1	7	0	2	2	0	23	13	3	29	31296	707	3	5	2	316
1352	29185	0	1	7	0	1	1	0	20	77	4	28	22404	458	16	6	1	458
1352	29186	0	1	7	0	1	1	0	20	77	4	28	22404	458	16	6	1	458
1352	29188	0	1	7	0	1	1	0	20	77	4	28	22400	456	16	6	1	456
1352	29192	0	1	7	0	1	1	0	20	77	4	28	22404	460	16	6	1	460
1352	29200	0	1	7	0	0	0	1	20	77	4	28	22404	452	0	7	0	452
1352	29216	0	1	7	0	1	1	0	22	13	3	28	22404	468	16	6	1	468
1352	29248	0	1	7	0	1	1	0	24	12	2	28	22404	468	16	6	1	468
1352	29312	0	1	7	0	1	1	0	23	13	3	29	22404	404	16	6	1	404
1352	29440	0	2	7	0	1	1	0	25	3	2	29	22404	404	16	6	1	404,412
1352	29697	1	4	6	0	0	0	2	20	75	4	28	22404	450	0	6	0	450,458,564,572
1352	29698	1	4	6	0	0	0	2	20	75	4	28	22404	450	0	6	0	450,458,564,572
1352	29700	1	8	6	0	0	0	4	22	11	3	28	22400	448	0	6	0	448,450,456,458,564,566,572,574
1352	29704	1	12	6	0	0	0	4	24	3	2	28	22404	452	0	6	0	204,206,452,454,460,462,560,562,568,570,816,818
1352	29712	0	4	7	0	0	0	2	24	3	2	28	22404	452	0	7	0	452,454,568,570
1352	29728	1	16	6	0	0	0	4	26	1	1	28	22404	452	0	6	0	212,214,220,222,452,454,468,470,552,554,568,570,800,802,808,810
1352	29760	1	8	6	0	0	0	3	24	3	2	28	22404	452	0	6	0	452,454,468,470,552,554,568,570
1352	29824	1	12	6	0	0	0	3	25	3	2	29	22404	388	0	6	0	124,126,388,390,404,406,616,618,632,634,896,898
1352	29952	1	20	6	0	0	0	4	27	1	1	29	22404	388	0	6	0	124,126,156,158,188,190,388,390,404,406,616,618,632,634,832,834,864,866,896,898
1352	30208	0	4	7	0	0	0	1	25	3	2	29	31848	616	0	7	0	404,406,616,618
1352	30721	1	4	6	0	0	0	3	22	11	3	28	22400	960	0	6	0	572,574,960,962
1352	30722	1	4	6	0	0	0	3	22	11	3	28	22400	960	0	6	0	572,574,960,962
1352	30724	1	2	6	0	0	0	3	20	75	4	28	22400	960	0	6	0	572,960
1352	30728	1	6	6	0	0	0	3	24	3	2	28	22400	960	0	6	0	568,572,712,716,960,964
1352	30736	1	4	6	0	0	0	4	22	11	3	28	22400	960	0	6	0	568,572,960,964
1352	30752	1	10	6	0	0	0	3	26	1	1	28	22400	960	0	6	0	568,572,600,604,720,724,728,732,960,964
1352	30784	0	2	7	0	1	1	0	26	1	1	28	31784	568	16	6	1	568,572
1352	30848	1	6	6	0	0	0	4	23	11	3	29	22400	896	0	6	0	568,572,632,636,896,900
1352	30976	1	10	6	0	0	0	3	25	3	2	29	22400	896	0	6	0	568,572,632,636,664,668,696,700,896,900
1352	31232	0	4	7	0	0	0	3	27	1	1	29	22400	896	0	7	0	896,900,912,916
1352	31744	0	8	7	0	0	0	3	27	1	1	29	22400	896	0	7	0	120,122,124,126,896,898,900,902
