id	Y_mask	dH	optH_count	q	good	delta_min	rho	compatible_optG	ell	Y_type	Y_edges	degree_sum	f_witness	h_witness_local	S_mask	R_witness	Delta_witness	optH_masks_local
1355	31	1	1	6	0	0	0	2	20	0	0	20	14456	451	0	6	0	572
1355	47	2	2	5	1	0	0	2	20	0	0	20	14456	451	0	5	0	572,620
1355	55	2	2	5	1	0	0	2	20	0	0	20	14456	451	0	5	0	572,620
1355	59	3	10	4	1	0	0	2	20	0	0	20	14456	450	0	4	0	402,450,466,572,912,914,916,962,976,978
1355	61	2	2	5	1	0	0	2	20	0	0	20	14456	450	0	5	0	450,962
1355	62	2	2	5	1	0	0	2	20	0	0	20	14456	450	0	5	0	450,962
1355	79	2	2	5	1	0	0	2	20	0	0	20	14456	451	0	5	0	572,620
1355	87	2	2	5	1	0	0	2	20	0	0	20	14456	451	0	5	0	572,620
1355	91	3	10	4	1	0	0	2	20	0	0	20	14456	450	0	4	0	402,450,466,572,912,914,916,962,976,978
1355	93	2	2	5	1	0	0	2	20	0	0	20	14456	450	0	5	0	450,962
1355	94	2	2	5	1	0	0	2	20	0	0	20	14456	450	0	5	0	450,962
1355	103	1	1	6	0	2	2	0	20	0	0	20	14456	403	2560	4	2	620
1355	107	2	2	5	1	2	2	0	20	0	0	20	14456	402	2560	3	2	402,914
1355	109	3	10	4	1	0	0	3	20	0	0	20	14456	450	0	4	0	402,450,466,620,914,960,962,968,976,978
1355	110	3	10	4	1	0	0	3	20	0	0	20	14456	450	0	4	0	402,450,466,620,914,960,962,968,976,978
1355	115	2	2	5	1	2	2	0	20	0	0	20	14456	402	2560	3	2	402,914
1355	117	3	10	4	1	0	0	3	20	0	0	20	14456	450	0	4	0	402,450,466,620,914,960,962,968,976,978
1355	118	3	10	4	1	0	0	3	20	0	0	20	14456	450	0	4	0	402,450,466,620,914,960,962,968,976,978
1355	121	1	1	6	0	2	1	0	20	0	0	20	32256	976	1024	4	2	976
1355	122	1	1	6	0	2	1	0	20	0	0	20	32256	976	1024	4	2	976
1355	124	1	2	6	0	1	1	0	20	0	0	20	14456	960	16384	4	2	960,976
1355	143	2	3	5	1	0	0	2	21	0	0	21	14456	455	0	5	0	568,616,632
1355	151	2	3	5	1	0	0	2	21	0	0	21	14456	455	0	5	0	568,616,632
1355	155	2	2	5	1	1	1	0	21	0	0	21	32256	944	2048	4	1	912,944
1355	157	2	1	5	1	0	0	2	21	0	0	21	14456	454	0	5	0	454
1355	158	2	1	5	1	0	0	2	21	0	0	21	14456	454	0	5	0	454
1355	167	1	1	6	0	2	2	0	19	1	1	21	14456	407	2560	4	2	616
1355	171	2	2	5	1	2	2	0	19	1	1	21	14456	406	2560	3	2	406,914
1355	173	3	4	4	1	0	0	2	19	1	1	21	14456	454	0	4	0	406,454,616,914
1355	174	3	4	4	1	0	0	2	19	1	1	21	14456	454	0	4	0	406,454,616,914
1355	179	2	2	5	1	2	2	0	19	1	1	21	14456	406	2560	3	2	406,914
1355	181	3	4	4	1	0	0	2	19	1	1	21	14456	454	0	4	0	406,454,616,914
1355	182	3	4	4	1	0	0	2	19	1	1	21	14456	454	0	4	0	406,454,616,914
1355	185	2	2	5	1	1	1	0	19	1	1	21	32256	976	1024	4	1	912,976
1355	186	2	2	5	1	1	1	0	19	1	1	21	32256	976	1024	4	1	912,976
1355	188	2	2	5	1	1	1	0	19	1	1	21	14456	964	16384	4	1	964,976
1355	199	1	1	6	0	2	2	0	19	1	1	21	14456	407	2560	4	2	616
1355	203	2	2	5	1	2	2	0	19	1	1	21	14456	406	2560	3	2	406,914
1355	205	3	4	4	1	0	0	2	19	1	1	21	14456	454	0	4	0	406,454,616,914
1355	206	3	4	4	1	0	0	2	19	1	1	21	14456	454	0	4	0	406,454,616,914
1355	211	2	2	5	1	2	2	0	19	1	1	21	14456	406	2560	3	2	406,914
1355	213	3	4	4	1	0	0	2	19	1	1	21	14456	454	0	4	0	406,454,616,914
1355	214	3	4	4	1	0	0	2	19	1	1	21	14456	454	0	4	0	406,454,616,914
1355	217	2	2	5	1	1	1	0	19	1	1	21	32256	976	1024	4	1	912,976
1355	218	2	2	5	1	1	1	0	19	1	1	21	32256	976	1024	4	1	912,976
1355	220	2	2	5	1	1	1	0	19	1	1	21	14456	964	16384	4	1	964,976
1355	227	1	1	6	0	4	2	0	17	3	2	21	14456	406	2560	2	4	406
1355	229	2	2	5	1	2	2	0	17	3	2	21	14456	406	2560	3	2	406,616
1355	230	2	2	5	1	2	2	0	17	3	2	21	14456	406	2560	3	2	406,616
1355	233	2	1	5	1	2	3	0	17	3	2	21	14456	916	18944	2	3	916
1355	234	2	1	5	1	2	3	0	17	3	2	21	14456	916	18944	2	3	916
1355	236	3	6	4	1	0	0	1	17	3	2	21	31072	968	0	4	0	916,960,964,968,976,980
1355	241	2	1	5	1	2	3	0	17	3	2	21	14456	916	18944	2	3	916
1355	242	2	1	5	1	2	3	0	17	3	2	21	14456	916	18944	2	3	916
1355	244	3	6	4	1	0	0	1	17	3	2	21	31072	968	0	4	0	916,960,964,968,976,980
1355	248	1	1	6	0	2	1	0	17	3	2	21	32256	976	1024	4	2	976
1355	271	1	1	6	0	0	0	2	19	1	1	21	14456	455	0	6	0	568
1355	279	1	1	6	0	0	0	2	19	1	1	21	14456	455	0	6	0	568
1355	283	2	2	5	1	0	0	2	17	3	2	21	14456	454	0	5	0	454,568
1355	285	1	1	6	0	0	0	2	17	3	2	21	14456	454	0	6	0	454
1355	286	1	1	6	0	0	0	2	17	3	2	21	14456	454	0	6	0	454
1355	295	2	3	5	1	0	0	2	21	0	0	21	14456	455	0	5	0	568,616,632
1355	299	3	4	4	1	0	0	3	19	1	1	21	14456	454	0	4	0	406,454,568,964
1355	301	2	2	5	1	0	0	3	19	1	1	21	14456	454	0	5	0	454,964
1355	302	2	2	5	1	0	0	3	19	1	1	21	14456	454	0	5	0	454,964
1355	307	3	4	4	1	0	0	3	19	1	1	21	14456	454	0	4	0	406,454,568,964
1355	309	2	2	5	1	0	0	3	19	1	1	21	14456	454	0	5	0	454,964
1355	310	2	2	5	1	0	0	3	19	1	1	21	14456	454	0	5	0	454,964
1355	313	2	1	5	1	0	0	1	17	3	2	21	31072	964	0	5	0	964
1355	314	2	1	5	1	0	0	1	17	3	2	21	31072	964	0	5	0	964
1355	316	1	1	6	0	0	0	1	17	3	2	21	31072	964	0	6	0	964
1355	327	2	3	5	1	0	0	2	21	0	0	21	14456	455	0	5	0	568,616,632
1355	331	3	4	4	1	0	0	3	19	1	1	21	14456	454	0	4	0	406,454,568,964
1355	333	2	2	5	1	0	0	3	19	1	1	21	14456	454	0	5	0	454,964
1355	334	2	2	5	1	0	0	3	19	1	1	21	14456	454	0	5	0	454,964
1355	339	3	4	4	1	0	0	3	19	1	1	21	14456	454	0	4	0	406,454,568,964
1355	341	2	2	5	1	0	0	3	19	1	1	21	14456	454	0	5	0	454,964
1355	342	2	2	5	1	0	0	3	19	1	1	21	14456	454	0	5	0	454,964
1355	345	2	1	5	1	0	0	1	17	3	2	21	31072	964	0	5	0	964
1355	346	2	1	5	1	0	0	1	17	3	2	21	31072	964	0	5	0	964
1355	348	1	1	6	0	0	0	1	17	3	2	21	31072	964	0	6	0	964
1355	355	2	1	5	1	1	2	0	21	0	0	21	14456	406	2560	3	2	406
1355	357	2	2	5	1	0	0	1	21	0	0	21	31072	960	0	5	0	960,992
1355	358	2	2	5	1	0	0	1	21	0	0	21	31072	960	0	5	0	960,992
1355	361	2	2	5	1	0	0	1	19	1	1	21	31072	960	0	5	0	960,976
1355	362	2	2	5	1	0	0	1	19	1	1	21	31072	960	0	5	0	960,976
1355	364	1	1	6	0	0	0	1	19	1	1	21	31072	960	0	6	0	960
1355	369	2	2	5	1	0	0	1	19	1	1	21	31072	960	0	5	0	960,976
1355	370	2	2	5	1	0	0	1	19	1	1	21	31072	960	0	5	0	960,976
1355	372	1	1	6	0	0	0	1	19	1	1	21	31072	960	0	6	0	960
1355	376	1	2	6	0	0	0	1	17	3	2	21	31072	960	0	6	0	960,976
1355	391	1	1	6	0	1	1	0	22	0	0	22	14456	399	2048	5	1	624
1355	395	3	12	4	1	0	0	3	20	1	1	22	14456	462	0	4	0	398,414,462,560,624,688,752,816,880,914,944,1008
1355	397	2	1	5	1	0	0	2	20	1	1	22	14456	462	0	5	0	462
1355	398	2	1	5	1	0	0	2	20	1	1	22	14456	462	0	5	0	462
1355	403	3	12	4	1	0	0	3	20	1	1	22	14456	462	0	4	0	398,414,462,560,624,688,752,816,880,914,944,1008
1355	405	2	1	5	1	0	0	2	20	1	1	22	14456	462	0	5	0	462
1355	406	2	1	5	1	0	0	2	20	1	1	22	14456	462	0	5	0	462
1355	409	3	7	4	1	0	0	4	18	3	2	22	14456	460	0	4	0	460,462,912,944,972,976,1008
1355	410	3	7	4	1	0	0	4	18	3	2	22	14456	460	0	4	0	460,462,912,944,972,976,1008
1355	412	2	2	5	1	0	0	3	18	3	2	22	14456	460	0	5	0	460,972
1355	419	2	1	5	1	1	2	0	20	1	1	22	14456	414	2560	3	2	414
1355	421	3	12	4	1	0	0	4	20	1	1	22	14456	462	0	4	0	398,414,462,608,624,736,752,864,880,968,992,1008
1355	422	3	12	4	1	0	0	4	20	1	1	22	14456	462	0	4	0	398,414,462,608,624,736,752,864,880,968,992,1008
1355	425	3	4	4	1	0	0	2	18	12	2	22	31072	968	0	4	0	916,968,976,1008
1355	426	3	4	4	1	0	0	2	18	12	2	22	31072	968	0	4	0	916,968,976,1008
1355	428	2	1	5	1	0	0	1	18	12	2	22	31072	968	0	5	0	968
1355	433	3	4	4	1	0	0	2	18	12	2	22	31072	968	0	4	0	916,968,976,1008
1355	434	3	4	4	1	0	0	2	18	12	2	22	31072	968	0	4	0	916,968,976,1008
1355	436	2	1	5	1	0	0	1	18	12	2	22	31072	968	0	5	0	968
1355	440	2	2	5	1	0	0	1	16	76	3	22	31072	968	0	5	0	968,976
1355	451	2	1	5	1	1	2	0	20	1	1	22	14456	414	2560	3	2	414
1355	453	3	12	4	1	0	0	4	20	1	1	22	14456	462	0	4	0	398,414,462,608,624,736,752,864,880,968,992,1008
1355	454	3	12	4	1	0	0	4	20	1	1	22	14456	462	0	4	0	398,414,462,608,624,736,752,864,880,968,992,1008
1355	457	3	4	4	1	0	0	2	18	12	2	22	31072	968	0	4	0	916,968,976,1008
1355	458	3	4	4	1	0	0	2	18	12	2	22	31072	968	0	4	0	916,968,976,1008
1355	460	2	1	5	1	0	0	1	18	12	2	22	31072	968	0	5	0	968
1355	465	3	4	4	1	0	0	2	18	12	2	22	31072	968	0	4	0	916,968,976,1008
1355	466	3	4	4	1	0	0	2	18	12	2	22	31072	968	0	4	0	916,968,976,1008
1355	468	2	1	5	1	0	0	1	18	12	2	22	31072	968	0	5	0	968
1355	472	2	2	5	1	0	0	1	16	76	3	22	31072	968	0	5	0	968,976
1355	481	3	7	4	1	0	0	2	18	3	2	22	31072	960	0	4	0	412,610,924,960,976,992,1008
1355	482	3	7	4	1	0	0	2	18	3	2	22	31072	960	0	4	0	412,610,924,960,976,992,1008
1355	484	2	2	5	1	0	0	1	18	3	2	22	31072	960	0	5	0	960,992
1355	488	2	2	5	1	0	0	1	16	76	3	22	31072	960	0	5	0	960,976
1355	496	2	2	5	1	0	0	1	16	76	3	22	31072	960	0	5	0	960,976
1355	527	1	2	6	0	0	0	2	19	1	1	21	14456	455	0	6	0	568,632
1355	535	1	2	6	0	0	0	2	19	1	1	21	14456	455	0	6	0	568,632
1355	539	1	1	6	0	0	0	1	21	0	0	21	14456	454	0	6	0	454
1355	541	1	1	6	0	0	0	2	19	1	1	21	14456	454	0	6	0	454
1355	542	1	1	6	0	0	0	2	19	1	1	21	14456	454	0	6	0	454
1355	551	1	1	6	0	1	1	0	17	3	2	21	14456	391	2048	5	1	632
1355	555	2	2	5	1	0	0	1	19	1	1	21	14456	454	0	5	0	390,454
1355	557	2	1	5	1	0	0	2	17	3	2	21	14456	454	0	5	0	454
1355	558	2	1	5	1	0	0	2	17	3	2	21	14456	454	0	5	0	454
1355	563	2	2	5	1	0	0	1	19	1	1	21	14456	454	0	5	0	390,454
1355	565	2	1	5	1	0	0	2	17	3	2	21	14456	454	0	5	0	454
1355	566	2	1	5	1	0	0	2	17	3	2	21	14456	454	0	5	0	454
1355	569	1	1	6	0	1	1	0	19	1	1	21	14456	964	16384	5	1	964
1355	570	1	1	6	0	1	1	0	19	1	1	21	14456	964	16384	5	1	964
1355	572	1	1	6	0	1	1	0	17	3	2	21	14456	964	16384	5	1	964
1355	583	1	1	6	0	1	1	0	17	3	2	21	14456	391	2048	5	1	632
1355	587	2	2	5	1	0	0	1	19	1	1	21	14456	454	0	5	0	390,454
1355	589	2	1	5	1	0	0	2	17	3	2	21	14456	454	0	5	0	454
1355	590	2	1	5	1	0	0	2	17	3	2	21	14456	454	0	5	0	454
1355	595	2	2	5	1	0	0	1	19	1	1	21	14456	454	0	5	0	390,454
1355	597	2	1	5	1	0	0	2	17	3	2	21	14456	454	0	5	0	454
1355	598	2	1	5	1	0	0	2	17	3	2	21	14456	454	0	5	0	454
1355	601	1	1	6	0	1	1	0	19	1	1	21	14456	964	16384	5	1	964
1355	602	1	1	6	0	1	1	0	19	1	1	21	14456	964	16384	5	1	964
1355	604	1	1	6	0	1	1	0	17	3	2	21	14456	964	16384	5	1	964
1355	611	2	1	5	1	1	1	0	17	3	2	21	14456	390	2048	4	1	390
1355	613	3	3	4	1	0	0	2	15	11	3	21	14456	454	0	4	0	390,454,632
1355	614	3	3	4	1	0	0	2	15	11	3	21	14456	454	0	4	0	390,454,632
1355	617	2	2	5	1	1	1	0	17	3	2	21	14456	964	16384	4	1	960,964
1355	618	2	2	5	1	1	1	0	17	3	2	21	14456	964	16384	4	1	960,964
1355	620	2	2	5	1	1	1	0	15	11	3	21	14456	964	16384	4	1	960,964
1355	625	2	2	5	1	1	1	0	17	3	2	21	14456	964	16384	4	1	960,964
1355	626	2	2	5	1	1	1	0	17	3	2	21	14456	964	16384	4	1	960,964
1355	628	2	2	5	1	1	1	0	15	11	3	21	14456	964	16384	4	1	960,964
1355	632	0	1	7	0	2	1	0	17	3	2	21	14456	960	16384	4	3	960
1355	647	0	1	7	0	2	1	0	20	1	1	22	14456	399	2048	5	2	624
1355	651	1	1	6	0	1	1	0	22	0	0	22	14456	398	2048	5	1	398
1355	653	2	3	5	1	0	0	2	20	1	1	22	14456	462	0	5	0	398,462,624
1355	654	2	3	5	1	0	0	2	20	1	1	22	14456	462	0	5	0	398,462,624
1355	659	1	1	6	0	1	1	0	22	0	0	22	14456	398	2048	5	1	398
1355	661	2	3	5	1	0	0	2	20	1	1	22	14456	462	0	5	0	398,462,624
1355	662	2	3	5	1	0	0	2	20	1	1	22	14456	462	0	5	0	398,462,624
1355	665	2	6	5	1	0	0	2	22	0	0	22	14456	460	0	5	0	460,960,964,968,972,992
1355	666	2	6	5	1	0	0	2	22	0	0	22	14456	460	0	5	0	460,960,964,968,972,992
1355	668	2	6	5	1	0	0	3	20	1	1	22	14456	460	0	5	0	460,960,964,968,972,992
1355	675	1	1	6	0	2	1	0	18	3	2	22	14456	398	2048	4	2	398
1355	677	2	2	5	1	1	1	0	16	13	3	22	14456	398	2048	4	1	398,624
1355	678	2	2	5	1	1	1	0	16	13	3	22	14456	398	2048	4	1	398,624
1355	681	3	10	4	1	0	0	2	18	3	2	22	14456	460	0	4	0	396,460,626,900,908,960,964,968,972,992
1355	682	3	10	4	1	0	0	2	18	3	2	22	14456	460	0	4	0	396,460,626,900,908,960,964,968,972,992
1355	684	3	6	4	1	0	0	3	16	13	3	22	14456	460	0	4	0	460,960,964,968,972,992
1355	689	3	10	4	1	0	0	2	18	3	2	22	14456	460	0	4	0	396,460,626,900,908,960,964,968,972,992
1355	690	3	10	4	1	0	0	2	18	3	2	22	14456	460	0	4	0	396,460,626,900,908,960,964,968,972,992
1355	692	3	6	4	1	0	0	3	16	13	3	22	14456	460	0	4	0	460,960,964,968,972,992
1355	696	1	2	6	0	1	1	0	18	3	2	22	14456	968	16384	4	2	960,968
1355	707	1	1	6	0	2	1	0	18	3	2	22	14456	398	2048	4	2	398
1355	709	2	2	5	1	1	1	0	16	13	3	22	14456	398	2048	4	1	398,624
1355	710	2	2	5	1	1	1	0	16	13	3	22	14456	398	2048	4	1	398,624
1355	713	3	10	4	1	0	0	2	18	3	2	22	14456	460	0	4	0	396,460,626,900,908,960,964,968,972,992
1355	714	3	10	4	1	0	0	2	18	3	2	22	14456	460	0	4	0	396,460,626,900,908,960,964,968,972,992
1355	716	3	6	4	1	0	0	3	16	13	3	22	14456	460	0	4	0	460,960,964,968,972,992
1355	721	3	10	4	1	0	0	2	18	3	2	22	14456	460	0	4	0	396,460,626,900,908,960,964,968,972,992
1355	722	3	10	4	1	0	0	2	18	3	2	22	14456	460	0	4	0	396,460,626,900,908,960,964,968,972,992
1355	724	3	6	4	1	0	0	3	16	13	3	22	14456	460	0	4	0	460,960,964,968,972,992
1355	728	1	2	6	0	1	1	0	18	3	2	22	14456	968	16384	4	2	960,968
1355	737	3	3	4	1	1	1	0	14	30	4	22	14456	396	2048	3	1	396,626,908
1355	738	3	3	4	1	1	1	0	14	30	4	22	14456	396	2048	3	1	396,626,908
1355	740	4	15	3	1	0	0	4	12	94	5	22	14456	460	0	3	0	396,398,460,624,626,752,880,908,960,964,968,972,976,992,1008
1355	744	2	2	5	1	1	1	0	14	30	4	22	14456	968	16384	3	2	960,968
1355	752	2	2	5	1	1	1	0	14	30	4	22	14456	968	16384	3	2	960,968
1355	775	1	1	6	0	1	1	0	18	3	2	22	14456	399	2048	5	1	624
1355	779	2	2	5	1	0	0	1	18	3	2	22	14456	462	0	5	0	398,462
1355	781	2	1	5	1	0	0	2	16	13	3	22	14456	462	0	5	0	462
1355	782	2	1	5	1	0	0	2	16	13	3	22	14456	462	0	5	0	462
1355	787	2	2	5	1	0	0	1	18	3	2	22	14456	462	0	5	0	398,462
1355	789	2	1	5	1	0	0	2	16	13	3	22	14456	462	0	5	0	462
1355	790	2	1	5	1	0	0	2	16	13	3	22	14456	462	0	5	0	462
1355	793	2	2	5	1	0	0	2	16	11	3	22	14456	460	0	5	0	460,972
1355	794	2	2	5	1	0	0	2	16	11	3	22	14456	460	0	5	0	460,972
1355	796	2	2	5	1	0	0	3	14	77	4	22	14456	460	0	5	0	460,972
1355	803	2	1	5	1	1	1	0	18	3	2	22	14456	398	2048	4	1	398
1355	805	3	5	4	1	0	0	4	16	11	3	22	14456	462	0	4	0	398,462,624,968,992
1355	806	3	5	4	1	0	0	4	16	11	3	22	14456	462	0	4	0	398,462,624,968,992
1355	809	2	1	5	1	0	0	1	16	13	3	22	31072	968	0	5	0	968
1355	810	2	1	5	1	0	0	1	16	13	3	22	31072	968	0	5	0	968
1355	812	2	1	5	1	0	0	1	14	77	4	22	31072	968	0	5	0	968
1355	817	2	1	5	1	0	0	1	16	13	3	22	31072	968	0	5	0	968
1355	818	2	1	5	1	0	0	1	16	13	3	22	31072	968	0	5	0	968
1355	820	2	1	5	1	0	0	1	14	77	4	22	31072	968	0	5	0	968
1355	824	1	1	6	0	0	0	1	14	77	4	22	31072	968	0	6	0	968
1355	835	2	1	5	1	1	1	0	18	3	2	22	14456	398	2048	4	1	398
1355	837	3	5	4	1	0	0	4	16	11	3	22	14456	462	0	4	0	398,462,624,968,992
1355	838	3	5	4	1	0	0	4	16	11	3	22	14456	462	0	4	0	398,462,624,968,992
1355	841	2	1	5	1	0	0	1	16	13	3	22	31072	968	0	5	0	968
1355	842	2	1	5	1	0	0	1	16	13	3	22	31072	968	0	5	0	968
1355	844	2	1	5	1	0	0	1	14	77	4	22	31072	968	0	5	0	968
1355	849	2	1	5	1	0	0	1	16	13	3	22	31072	968	0	5	0	968
1355	850	2	1	5	1	0	0	1	16	13	3	22	31072	968	0	5	0	968
1355	852	2	1	5	1	0	0	1	14	77	4	22	31072	968	0	5	0	968
1355	856	1	1	6	0	0	0	1	14	77	4	22	31072	968	0	6	0	968
1355	865	2	2	5	1	0	0	2	16	11	3	22	31072	960	0	5	0	960,992
1355	866	2	2	5	1	0	0	2	16	11	3	22	31072	960	0	5	0	960,992
1355	868	2	2	5	1	0	0	2	14	75	4	22	31072	960	0	5	0	960,992
1355	872	1	1	6	0	0	0	1	14	77	4	22	31072	960	0	6	0	960
1355	880	1	1	6	0	0	0	1	14	77	4	22	31072	960	0	6	0	960
1355	899	1	1	6	0	1	1	0	21	1	1	23	14456	414	2048	4	2	414
1355	901	2	5	5	1	0	0	1	19	3	2	23	32256	992	0	5	0	414,608,736,864,992
1355	902	2	5	5	1	0	0	1	19	3	2	23	32256	992	0	5	0	414,608,736,864,992
1355	905	2	1	5	1	0	0	1	19	3	2	23	32256	992	0	5	0	992
1355	906	2	1	5	1	0	0	1	19	3	2	23	32256	992	0	5	0	992
1355	908	2	1	5	1	0	0	1	17	13	3	23	32256	992	0	5	0	992
1355	913	2	1	5	1	0	0	1	19	3	2	23	32256	992	0	5	0	992
1355	914	2	1	5	1	0	0	1	19	3	2	23	32256	992	0	5	0	992
1355	916	2	1	5	1	0	0	1	17	13	3	23	32256	992	0	5	0	992
1355	920	2	5	5	1	0	0	2	17	11	3	23	31072	984	0	5	0	960,968,976,984,992
1355	929	2	1	5	1	0	0	1	17	13	3	23	32256	992	0	5	0	992
1355	930	2	1	5	1	0	0	1	17	13	3	23	32256	992	0	5	0	992
1355	932	2	1	5	1	0	0	1	15	77	4	23	32256	992	0	5	0	992
1355	936	2	3	5	1	0	0	2	15	86	4	23	31072	976	0	5	0	960,976,992
1355	944	2	3	5	1	0	0	2	15	86	4	23	31072	976	0	5	0	960,976,992
1355	961	2	1	5	1	0	0	1	17	13	3	23	32256	992	0	5	0	992
1355	962	2	1	5	1	0	0	1	17	13	3	23	32256	992	0	5	0	992
1355	964	2	1	5	1	0	0	1	15	77	4	23	32256	992	0	5	0	992
1355	968	2	3	5	1	0	0	2	15	86	4	23	31072	976	0	5	0	960,976,992
1355	976	2	3	5	1	0	0	2	15	86	4	23	31072	976	0	5	0	960,976,992
1355	992	2	2	5	1	0	0	2	13	94	5	23	31072	960	0	5	0	960,992
1355	1039	2	1	5	1	0	0	2	20	1	1	22	14456	455	0	5	0	568
1355	1047	2	1	5	1	0	0	2	20	1	1	22	14456	455	0	5	0	568
1355	1051	2	1	5	1	1	2	0	18	3	2	22	32256	936	2176	4	1	936
1355	1053	2	1	5	1	0	0	2	18	3	2	22	14456	454	0	5	0	454
1355	1054	2	1	5	1	0	0	2	18	3	2	22	14456	454	0	5	0	454
1355	1063	2	1	5	1	1	2	0	20	1	1	22	14456	423	2560	4	1	600
1355	1067	3	4	4	1	0	0	1	18	3	2	22	32256	992	0	4	0	422,930,938,992
1355	1069	3	4	4	1	0	0	4	18	3	2	22	14456	454	0	4	0	454,964,980,992
1355	1070	3	4	4	1	0	0	4	18	3	2	22	14456	454	0	4	0	454,964,980,992
1355	1075	3	4	4	1	0	0	1	18	3	2	22	32256	992	0	4	0	422,930,938,992
1355	1077	3	4	4	1	0	0	4	18	3	2	22	14456	454	0	4	0	454,964,980,992
1355	1078	3	4	4	1	0	0	4	18	3	2	22	14456	454	0	4	0	454,964,980,992
1355	1081	2	1	5	1	0	0	1	16	11	3	22	32256	992	0	5	0	992
1355	1082	2	1	5	1	0	0	1	16	11	3	22	32256	992	0	5	0	992
1355	1084	2	2	5	1	0	0	1	16	11	3	22	32256	992	0	5	0	964,992
1355	1095	2	1	5	1	1	2	0	20	1	1	22	14456	423	2560	4	1	600
1355	1099	3	4	4	1	0	0	1	18	3	2	22	32256	992	0	4	0	422,930,938,992
1355	1101	3	4	4	1	0	0	4	18	3	2	22	14456	454	0	4	0	454,964,980,992
1355	1102	3	4	4	1	0	0	4	18	3	2	22	14456	454	0	4	0	454,964,980,992
1355	1107	3	4	4	1	0	0	1	18	3	2	22	32256	992	0	4	0	422,930,938,992
1355	1109	3	4	4	1	0	0	4	18	3	2	22	14456	454	0	4	0	454,964,980,992
1355	1110	3	4	4	1	0	0	4	18	3	2	22	14456	454	0	4	0	454,964,980,992
1355	1113	2	1	5	1	0	0	1	16	11	3	22	32256	992	0	5	0	992
1355	1114	2	1	5	1	0	0	1	16	11	3	22	32256	992	0	5	0	992
1355	1116	2	2	5	1	0	0	1	16	11	3	22	32256	992	0	5	0	964,992
1355	1123	2	1	5	1	1	2	0	18	3	2	22	14456	422	2560	2	3	422
1355	1125	2	1	5	1	0	0	1	18	3	2	22	31072	976	0	5	0	976
1355	1126	2	1	5	1	0	0	1	18	3	2	22	31072	976	0	5	0	976
1355	1129	2	1	5	1	0	0	1	16	11	3	22	32256	992	0	5	0	992
1355	1130	2	1	5	1	0	0	1	16	11	3	22	32256	992	0	5	0	992
1355	1132	2	3	5	1	0	0	2	16	11	3	22	31072	976	0	5	0	960,976,992
1355	1137	2	1	5	1	0	0	1	16	11	3	22	32256	992	0	5	0	992
1355	1138	2	1	5	1	0	0	1	16	11	3	22	32256	992	0	5	0	992
1355	1140	2	3	5	1	0	0	2	16	11	3	22	31072	976	0	5	0	960,976,992
1355	1144	1	1	6	0	0	0	1	14	75	4	22	32256	992	0	6	0	992
1355	1159	2	6	5	1	1	1	0	23	0	0	23	14456	399	2048	4	1	92,592,596,600,604,624
1355	1163	1	1	6	0	1	2	0	21	1	1	23	32256	930	2064	5	1	930
1355	1165	2	2	5	1	0	0	1	21	1	1	23	32256	992	0	5	0	930,992
1355	1166	2	2	5	1	0	0	1	21	1	1	23	32256	992	0	5	0	930,992
1355	1171	1	1	6	0	1	2	0	21	1	1	23	32256	930	2056	5	1	930
1355	1173	2	2	5	1	0	0	1	21	1	1	23	32256	992	0	5	0	930,992
1355	1174	2	2	5	1	0	0	1	21	1	1	23	32256	992	0	5	0	930,992
1355	1177	1	2	6	0	0	0	1	19	3	2	23	32256	992	0	6	0	928,992
1355	1178	1	2	6	0	0	0	1	19	3	2	23	32256	992	0	6	0	928,992
1355	1180	1	1	6	0	0	0	1	19	3	2	23	32256	992	0	6	0	992
1355	1187	2	3	5	1	1	2	0	19	3	2	23	14456	430	2560	2	3	422,430,934
1355	1189	3	12	4	1	0	0	2	19	3	2	23	31072	984	0	4	0	422,430,592,600,720,728,848,856,934,976,984,992
1355	1190	3	12	4	1	0	0	2	19	3	2	23	31072	984	0	4	0	422,430,592,600,720,728,848,856,934,976,984,992
1355	1193	2	2	5	1	0	0	1	17	13	3	23	32256	992	0	5	0	932,992
1355	1194	2	2	5	1	0	0	1	17	13	3	23	32256	992	0	5	0	932,992
1355	1196	2	1	5	1	0	0	1	17	13	3	23	32256	992	0	5	0	992
1355	1201	2	2	5	1	0	0	1	17	13	3	23	32256	992	0	5	0	932,992
1355	1202	2	2	5	1	0	0	1	17	13	3	23	32256	992	0	5	0	932,992
1355	1204	2	1	5	1	0	0	1	17	13	3	23	32256	992	0	5	0	992
1355	1208	1	1	6	0	0	0	1	15	77	4	23	32256	992	0	6	0	992
1355	1219	2	3	5	1	1	2	0	19	3	2	23	14456	430	2560	2	3	422,430,934
1355	1221	3	12	4	1	0	0	2	19	3	2	23	31072	984	0	4	0	422,430,592,600,720,728,848,856,934,976,984,992
1355	1222	3	12	4	1	0	0	2	19	3	2	23	31072	984	0	4	0	422,430,592,600,720,728,848,856,934,976,984,992
1355	1225	2	2	5	1	0	0	1	17	13	3	23	32256	992	0	5	0	932,992
1355	1226	2	2	5	1	0	0	1	17	13	3	23	32256	992	0	5	0	932,992
1355	1228	2	1	5	1	0	0	1	17	13	3	23	32256	992	0	5	0	992
1355	1233	2	2	5	1	0	0	1	17	13	3	23	32256	992	0	5	0	932,992
1355	1234	2	2	5	1	0	0	1	17	13	3	23	32256	992	0	5	0	932,992
1355	1236	2	1	5	1	0	0	1	17	13	3	23	32256	992	0	5	0	992
1355	1240	1	1	6	0	0	0	1	15	77	4	23	32256	992	0	6	0	992
1355	1249	3	5	4	1	0	0	2	15	30	4	23	31072	976	0	4	0	428,594,940,976,992
1355	1250	3	5	4	1	0	0	2	15	30	4	23	31072	976	0	4	0	428,594,940,976,992
1355	1252	2	1	5	1	0	0	1	15	30	4	23	31072	976	0	5	0	976
1355	1256	2	1	5	1	0	0	1	13	94	5	23	32256	992	0	5	0	992
1355	1264	2	1	5	1	0	0	1	13	94	5	23	32256	992	0	5	0	992
1355	1287	2	6	5	1	0	0	3	23	0	0	23	14456	463	0	5	0	460,462,560,562,624,972
1355	1291	3	12	4	1	0	0	4	19	3	2	23	14456	462	0	4	0	460,462,560,562,688,690,816,818,944,946,972,992
1355	1293	2	3	5	1	0	0	3	19	3	2	23	14456	462	0	5	0	460,462,972
1355	1294	2	3	5	1	0	0	3	19	3	2	23	14456	462	0	5	0	460,462,972
1355	1299	3	12	4	1	0	0	4	19	3	2	23	14456	462	0	4	0	460,462,560,562,688,690,816,818,944,946,972,992
1355	1301	2	3	5	1	0	0	3	19	3	2	23	14456	462	0	5	0	460,462,972
1355	1302	2	3	5	1	0	0	3	19	3	2	23	14456	462	0	5	0	460,462,972
1355	1305	3	5	4	1	0	0	4	15	30	4	23	14456	460	0	4	0	460,462,944,972,992
1355	1306	3	5	4	1	0	0	4	15	30	4	23	14456	460	0	4	0	460,462,944,972,992
1355	1308	2	2	5	1	0	0	3	15	30	4	23	14456	460	0	5	0	460,972
1355	1315	2	2	5	1	0	0	2	21	1	1	23	31072	968	0	5	0	968,992
1355	1317	1	1	6	0	0	0	1	21	1	1	23	31072	968	0	6	0	968
1355	1318	1	1	6	0	0	0	1	21	1	1	23	31072	968	0	6	0	968
1355	1321	2	2	5	1	0	0	2	17	13	3	23	31072	968	0	5	0	968,992
1355	1322	2	2	5	1	0	0	2	17	13	3	23	31072	968	0	5	0	968,992
1355	1324	1	1	6	0	0	0	1	17	13	3	23	31072	968	0	6	0	968
1355	1329	2	2	5	1	0	0	2	17	13	3	23	31072	968	0	5	0	968,992
1355	1330	2	2	5	1	0	0	2	17	13	3	23	31072	968	0	5	0	968,992
1355	1332	1	1	6	0	0	0	1	17	13	3	23	31072	968	0	6	0	968
1355	1336	2	2	5	1	0	0	2	13	94	5	23	31072	968	0	5	0	968,992
1355	1347	2	2	5	1	0	0	2	21	1	1	23	31072	968	0	5	0	968,992
1355	1349	1	1	6	0	0	0	1	21	1	1	23	31072	968	0	6	0	968
1355	1350	1	1	6	0	0	0	1	21	1	1	23	31072	968	0	6	0	968
1355	1353	2	2	5	1	0	0	2	17	13	3	23	31072	968	0	5	0	968,992
1355	1354	2	2	5	1	0	0	2	17	13	3	23	31072	968	0	5	0	968,992
1355	1356	1	1	6	0	0	0	1	17	13	3	23	31072	968	0	6	0	968
1355	1361	2	2	5	1	0	0	2	17	13	3	23	31072	968	0	5	0	968,992
1355	1362	2	2	5	1	0	0	2	17	13	3	23	31072	968	0	5	0	968,992
1355	1364	1	1	6	0	0	0	1	17	13	3	23	31072	968	0	6	0	968
1355	1368	2	2	5	1	0	0	2	13	94	5	23	31072	968	0	5	0	968,992
1355	1377	1	2	6	0	0	0	2	19	3	2	23	31072	960	0	6	0	960,992
1355	1378	1	2	6	0	0	0	2	19	3	2	23	31072	960	0	6	0	960,992
1355	1380	0	1	7	0	0	0	1	19	3	2	23	31072	960	0	7	0	960
1355	1384	1	2	6	0	0	0	2	15	77	4	23	31072	960	0	6	0	960,992
1355	1392	1	2	6	0	0	0	2	15	77	4	23	31072	960	0	6	0	960,992
1355	1411	1	1	6	0	0	0	1	24	0	0	24	32256	992	0	6	0	992
1355	1413	1	1	6	0	0	0	1	24	0	0	24	32256	992	0	6	0	992
1355	1414	1	1	6	0	0	0	1	24	0	0	24	32256	992	0	6	0	992
1355	1417	1	1	6	0	0	0	1	20	3	2	24	32256	992	0	6	0	992
1355	1418	1	1	6	0	0	0	1	20	3	2	24	32256	992	0	6	0	992
1355	1420	1	1	6	0	0	0	1	20	3	2	24	32256	992	0	6	0	992
1355	1425	1	1	6	0	0	0	1	20	3	2	24	32256	992	0	6	0	992
1355	1426	1	1	6	0	0	0	1	20	3	2	24	32256	992	0	6	0	992
1355	1428	1	1	6	0	0	0	1	20	3	2	24	32256	992	0	6	0	992
1355	1432	1	1	6	0	0	0	1	16	30	4	24	32256	992	0	6	0	992
1355	1441	1	1	6	0	0	0	1	20	3	2	24	32256	992	0	6	0	992
1355	1442	1	1	6	0	0	0	1	20	3	2	24	32256	992	0	6	0	992
1355	1444	1	3	6	0	0	0	2	20	3	2	24	31072	976	0	6	0	960,976,992
1355	1448	1	1	6	0	0	0	1	16	86	4	24	32256	992	0	6	0	992
1355	1456	1	1	6	0	0	0	1	16	86	4	24	32256	992	0	6	0	992
1355	1473	1	1	6	0	0	0	1	20	3	2	24	32256	992	0	6	0	992
1355	1474	1	1	6	0	0	0	1	20	3	2	24	32256	992	0	6	0	992
1355	1476	1	3	6	0	0	0	2	20	3	2	24	31072	976	0	6	0	960,976,992
1355	1480	1	1	6	0	0	0	1	16	86	4	24	32256	992	0	6	0	992
1355	1488	1	1	6	0	0	0	1	16	86	4	24	32256	992	0	6	0	992
1355	1504	1	2	6	0	0	0	2	16	30	4	24	31072	960	0	6	0	960,992
1355	1543	1	1	6	0	1	1	0	21	1	1	23	14456	399	2048	5	1	624
1355	1547	2	2	5	1	0	0	1	21	1	1	23	14456	462	0	5	0	398,462
1355	1549	2	1	5	1	0	0	2	19	12	2	23	14456	462	0	5	0	462
1355	1550	2	1	5	1	0	0	2	19	12	2	23	14456	462	0	5	0	462
1355	1555	2	2	5	1	0	0	1	21	1	1	23	14456	462	0	5	0	398,462
1355	1557	2	1	5	1	0	0	2	19	12	2	23	14456	462	0	5	0	462
1355	1558	2	1	5	1	0	0	2	19	12	2	23	14456	462	0	5	0	462
1355	1561	2	5	5	1	0	0	2	19	3	2	23	14456	460	0	5	0	460,960,964,968,972
1355	1562	2	5	5	1	0	0	2	19	3	2	23	14456	460	0	5	0	460,960,964,968,972
1355	1564	2	5	5	1	0	0	3	17	76	3	23	14456	460	0	5	0	460,960,964,968,972
1355	1571	2	1	5	1	1	1	0	19	3	2	23	14456	398	2048	4	1	398
1355	1573	3	7	4	1	0	0	4	17	13	3	23	14456	462	0	4	0	398,462,624,960,968,992,1000
1355	1574	3	7	4	1	0	0	4	17	13	3	23	14456	462	0	4	0	398,462,624,960,968,992,1000
1355	1577	2	2	5	1	0	0	1	17	13	3	23	32256	960	0	5	0	960,968
1355	1578	2	2	5	1	0	0	1	17	13	3	23	32256	960	0	5	0	960,968
1355	1580	2	2	5	1	0	0	1	15	86	4	23	32256	960	0	5	0	960,968
1355	1585	2	2	5	1	0	0	1	17	13	3	23	32256	960	0	5	0	960,968
1355	1586	2	2	5	1	0	0	1	17	13	3	23	32256	960	0	5	0	960,968
1355	1588	2	2	5	1	0	0	1	15	86	4	23	32256	960	0	5	0	960,968
1355	1592	1	2	6	0	0	0	1	15	77	4	23	32256	960	0	6	0	960,968
1355	1603	2	1	5	1	1	1	0	19	3	2	23	14456	398	2048	4	1	398
1355	1605	3	7	4	1	0	0	4	17	13	3	23	14456	462	0	4	0	398,462,624,960,968,992,1000
1355	1606	3	7	4	1	0	0	4	17	13	3	23	14456	462	0	4	0	398,462,624,960,968,992,1000
1355	1609	2	2	5	1	0	0	1	17	13	3	23	32256	960	0	5	0	960,968
1355	1610	2	2	5	1	0	0	1	17	13	3	23	32256	960	0	5	0	960,968
1355	1612	2	2	5	1	0	0	1	15	86	4	23	32256	960	0	5	0	960,968
1355	1617	2	2	5	1	0	0	1	17	13	3	23	32256	960	0	5	0	960,968
1355	1618	2	2	5	1	0	0	1	17	13	3	23	32256	960	0	5	0	960,968
1355	1620	2	2	5	1	0	0	1	15	86	4	23	32256	960	0	5	0	960,968
1355	1624	1	2	6	0	0	0	1	15	77	4	23	32256	960	0	6	0	960,968
1355	1633	2	2	5	1	0	0	2	15	30	4	23	31072	992	0	5	0	960,992
1355	1634	2	2	5	1	0	0	2	15	30	4	23	31072	992	0	5	0	960,992
1355	1636	2	2	5	1	0	0	2	13	94	5	23	31072	992	0	5	0	960,992
1355	1640	1	1	6	0	0	0	1	13	94	5	23	32256	960	0	6	0	960
1355	1648	1	1	6	0	0	0	1	13	94	5	23	32256	960	0	6	0	960
1355	1667	1	1	6	0	1	1	0	24	0	0	24	14456	414	2048	4	2	414
1355	1669	2	6	5	1	0	0	1	22	1	1	24	32256	960	0	5	0	414,608,736,864,960,992
1355	1670	2	6	5	1	0	0	1	22	1	1	24	32256	960	0	5	0	414,608,736,864,960,992
1355	1673	1	1	6	0	0	0	1	22	1	1	24	32256	960	0	6	0	960
1355	1674	1	1	6	0	0	0	1	22	1	1	24	32256	960	0	6	0	960
1355	1676	1	1	6	0	0	0	1	20	12	2	24	32256	960	0	6	0	960
1355	1681	1	1	6	0	0	0	1	22	1	1	24	32256	960	0	6	0	960
1355	1682	1	1	6	0	0	0	1	22	1	1	24	32256	960	0	6	0	960
1355	1684	1	1	6	0	0	0	1	20	12	2	24	32256	960	0	6	0	960
1355	1688	0	1	7	0	0	0	1	20	3	2	24	32256	960	0	7	0	960
1355	1697	2	2	5	1	0	0	1	18	11	3	24	32256	960	0	5	0	960,992
1355	1698	2	2	5	1	0	0	1	18	11	3	24	32256	960	0	5	0	960,992
1355	1700	2	2	5	1	0	0	1	16	77	4	24	32256	960	0	5	0	960,992
1355	1704	1	1	6	0	0	0	1	16	77	4	24	32256	960	0	6	0	960
1355	1712	1	1	6	0	0	0	1	16	77	4	24	32256	960	0	6	0	960
1355	1729	2	2	5	1	0	0	1	18	11	3	24	32256	960	0	5	0	960,992
1355	1730	2	2	5	1	0	0	1	18	11	3	24	32256	960	0	5	0	960,992
1355	1732	2	2	5	1	0	0	1	16	77	4	24	32256	960	0	5	0	960,992
1355	1736	1	1	6	0	0	0	1	16	77	4	24	32256	960	0	6	0	960
1355	1744	1	1	6	0	0	0	1	16	77	4	24	32256	960	0	6	0	960
1355	1760	2	2	5	1	0	0	2	12	222	6	24	31072	992	0	5	0	960,992
1355	1795	2	5	5	1	0	0	2	22	1	1	24	31072	984	0	5	0	414,960,968,976,984
1355	1797	2	4	5	1	0	0	2	20	3	2	24	31072	984	0	5	0	960,968,976,984
1355	1798	2	4	5	1	0	0	2	20	3	2	24	31072	984	0	5	0	960,968,976,984
1355	1801	2	4	5	1	0	0	2	18	13	3	24	31072	984	0	5	0	960,968,976,984
1355	1802	2	4	5	1	0	0	2	18	13	3	24	31072	984	0	5	0	960,968,976,984
1355	1804	2	4	5	1	0	0	2	16	86	4	24	31072	984	0	5	0	960,968,976,984
1355	1809	2	4	5	1	0	0	2	18	13	3	24	31072	984	0	5	0	960,968,976,984
1355	1810	2	4	5	1	0	0	2	18	13	3	24	31072	984	0	5	0	960,968,976,984
1355	1812	2	4	5	1	0	0	2	16	86	4	24	31072	984	0	5	0	960,968,976,984
1355	1816	2	4	5	1	0	0	2	14	94	5	24	31072	984	0	5	0	960,968,976,984
1355	1825	1	2	6	0	0	0	2	18	13	3	24	31072	976	0	6	0	960,976
1355	1826	1	2	6	0	0	0	2	18	13	3	24	31072	976	0	6	0	960,976
1355	1828	1	2	6	0	0	0	2	16	77	4	24	31072	976	0	6	0	960,976
1355	1832	1	2	6	0	0	0	2	16	236	5	24	31072	976	0	6	0	960,976
1355	1840	1	2	6	0	0	0	2	16	236	5	24	31072	976	0	6	0	960,976
1355	1857	1	2	6	0	0	0	2	18	13	3	24	31072	976	0	6	0	960,976
1355	1858	1	2	6	0	0	0	2	18	13	3	24	31072	976	0	6	0	960,976
1355	1860	1	2	6	0	0	0	2	16	77	4	24	31072	976	0	6	0	960,976
1355	1864	1	2	6	0	0	0	2	16	236	5	24	31072	976	0	6	0	960,976
1355	1872	1	2	6	0	0	0	2	16	236	5	24	31072	976	0	6	0	960,976
1355	1888	0	1	7	0	0	0	2	14	94	5	24	31072	960	0	7	0	960
1355	1921	0	1	7	0	0	0	1	23	1	1	25	32256	960	0	7	0	960
1355	1922	0	1	7	0	0	0	1	23	1	1	25	32256	960	0	7	0	960
1355	1924	0	1	7	0	0	0	1	21	3	2	25	32256	960	0	7	0	960
1355	1928	0	1	7	0	0	0	1	19	13	3	25	32256	960	0	7	0	960
1355	1936	0	1	7	0	0	0	1	19	13	3	25	32256	960	0	7	0	960
1355	1952	0	1	7	0	0	0	1	17	77	4	25	32256	960	0	7	0	960
1355	1984	0	1	7	0	0	0	1	17	77	4	25	32256	960	0	7	0	960
1355	2063	1	1	6	0	0	0	2	16	11	3	22	14456	391	0	6	0	632
1355	2071	1	1	6	0	0	0	2	16	11	3	22	14456	391	0	6	0	632
1355	2075	3	3	4	1	0	0	2	14	75	4	22	14456	390	0	4	0	390,422,632
1355	2077	2	1	5	1	0	0	2	16	11	3	22	14456	390	0	5	0	390
1355	2078	2	1	5	1	0	0	2	16	11	3	22	14456	390	0	5	0	390
1355	2087	1	2	6	0	0	0	2	18	3	2	22	14456	391	0	6	0	600,632
1355	2091	2	1	5	1	1	1	0	16	11	3	22	14456	422	512	4	1	422
1355	2093	2	2	5	1	0	0	2	18	3	2	22	14456	390	0	5	0	390,422
1355	2094	2	2	5	1	0	0	2	18	3	2	22	14456	390	0	5	0	390,422
1355	2099	2	1	5	1	1	1	0	16	11	3	22	14456	422	512	4	1	422
1355	2101	2	2	5	1	0	0	2	18	3	2	22	14456	390	0	5	0	390,422
1355	2102	2	2	5	1	0	0	2	18	3	2	22	14456	390	0	5	0	390,422
1355	2105	2	2	5	1	1	1	0	16	11	3	22	32256	928	1024	4	1	928,932
1355	2106	2	2	5	1	1	1	0	16	11	3	22	32256	928	1024	4	1	928,932
1355	2108	2	3	5	1	1	1	0	18	3	2	22	14456	900	16384	4	1	900,928,932
1355	2119	1	2	6	0	0	0	2	18	3	2	22	14456	391	0	6	0	600,632
1355	2123	2	1	5	1	1	1	0	16	11	3	22	14456	422	512	4	1	422
1355	2125	2	2	5	1	0	0	2	18	3	2	22	14456	390	0	5	0	390,422
1355	2126	2	2	5	1	0	0	2	18	3	2	22	14456	390	0	5	0	390,422
1355	2131	2	1	5	1	1	1	0	16	11	3	22	14456	422	512	4	1	422
1355	2133	2	2	5	1	0	0	2	18	3	2	22	14456	390	0	5	0	390,422
1355	2134	2	2	5	1	0	0	2	18	3	2	22	14456	390	0	5	0	390,422
1355	2137	2	2	5	1	1	1	0	16	11	3	22	32256	928	1024	4	1	928,932
1355	2138	2	2	5	1	1	1	0	16	11	3	22	32256	928	1024	4	1	928,932
1355	2140	2	3	5	1	1	1	0	18	3	2	22	14456	900	16384	4	1	900,928,932
1355	2147	1	1	6	0	2	1	0	18	3	2	22	14456	422	512	4	2	422
1355	2149	1	1	6	0	1	1	0	20	1	1	22	14456	422	512	5	1	422
1355	2150	1	1	6	0	1	1	0	20	1	1	22	14456	422	512	5	1	422
1355	2153	1	1	6	0	2	2	0	18	3	2	22	14456	932	16896	3	3	932
1355	2154	1	1	6	0	2	2	0	18	3	2	22	14456	932	16896	3	3	932
1355	2156	1	1	6	0	2	2	0	20	1	1	22	14456	932	16896	4	2	932
1355	2161	1	1	6	0	2	2	0	18	3	2	22	14456	932	16896	3	3	932
1355	2162	1	1	6	0	2	2	0	18	3	2	22	14456	932	16896	3	3	932
1355	2164	1	1	6	0	2	2	0	20	1	1	22	14456	932	16896	4	2	932
1355	2168	0	1	7	0	2	1	0	18	3	2	22	32256	928	1024	5	2	928
1355	2183	1	1	6	0	0	0	2	17	11	3	23	14456	399	0	6	0	624
1355	2187	3	5	4	1	0	0	3	15	75	4	23	14456	398	0	4	0	398,430,624,930,992
1355	2189	2	1	5	1	0	0	2	17	11	3	23	14456	398	0	5	0	398
1355	2190	2	1	5	1	0	0	2	17	11	3	23	14456	398	0	5	0	398
1355	2195	3	5	4	1	0	0	3	15	75	4	23	14456	398	0	4	0	398,430,624,930,992
1355	2197	2	1	5	1	0	0	2	17	11	3	23	14456	398	0	5	0	398
1355	2198	2	1	5	1	0	0	2	17	11	3	23	14456	398	0	5	0	398
1355	2201	2	2	5	1	0	0	1	15	75	4	23	32256	992	0	5	0	928,992
1355	2202	2	2	5	1	0	0	1	15	75	4	23	32256	992	0	5	0	928,992
1355	2204	2	2	5	1	0	0	1	17	11	3	23	32256	992	0	5	0	928,992
1355	2211	2	1	5	1	1	1	0	15	77	4	23	14456	430	512	4	1	430
1355	2213	2	2	5	1	0	0	2	17	13	3	23	14456	398	0	5	0	398,430
1355	2214	2	2	5	1	0	0	2	17	13	3	23	14456	398	0	5	0	398,430
1355	2217	2	1	5	1	1	2	0	15	77	4	23	32256	932	1040	4	1	932
1355	2218	2	1	5	1	1	2	0	15	77	4	23	32256	932	1040	4	1	932
1355	2220	2	1	5	1	1	2	0	17	13	3	23	32256	932	1040	4	1	932
1355	2225	2	1	5	1	1	2	0	15	77	4	23	32256	932	1032	4	1	932
1355	2226	2	1	5	1	1	2	0	15	77	4	23	32256	932	1032	4	1	932
1355	2228	2	1	5	1	1	2	0	17	13	3	23	32256	932	1032	4	1	932
1355	2232	1	1	6	0	1	1	0	15	77	4	23	32256	928	1024	5	1	928
1355	2243	2	1	5	1	1	1	0	15	77	4	23	14456	430	512	4	1	430
1355	2245	2	2	5	1	0	0	2	17	13	3	23	14456	398	0	5	0	398,430
1355	2246	2	2	5	1	0	0	2	17	13	3	23	14456	398	0	5	0	398,430
1355	2249	2	1	5	1	1	2	0	15	77	4	23	32256	932	1040	4	1	932
1355	2250	2	1	5	1	1	2	0	15	77	4	23	32256	932	1040	4	1	932
1355	2252	2	1	5	1	1	2	0	17	13	3	23	32256	932	1040	4	1	932
1355	2257	2	1	5	1	1	2	0	15	77	4	23	32256	932	1032	4	1	932
1355	2258	2	1	5	1	1	2	0	15	77	4	23	32256	932	1032	4	1	932
1355	2260	2	1	5	1	1	2	0	17	13	3	23	32256	932	1032	4	1	932
1355	2264	1	1	6	0	1	1	0	15	77	4	23	32256	928	1024	5	1	928
1355	2273	2	2	5	1	2	1	0	15	77	4	23	14456	428	512	3	2	428,940
1355	2274	2	2	5	1	2	1	0	15	77	4	23	14456	428	512	3	2	428,940
1355	2276	2	2	5	1	1	1	0	17	11	3	23	14456	428	512	4	1	428,940
1355	2280	1	1	6	0	2	2	0	15	77	4	23	14456	936	16896	2	4	936
1355	2288	1	1	6	0	2	2	0	15	77	4	23	14456	936	16896	2	4	936
1355	2311	0	1	7	0	0	0	2	19	3	2	23	14456	399	0	7	0	624
1355	2315	2	2	5	1	0	0	2	15	77	4	23	14456	398	0	5	0	398,624
1355	2317	1	1	6	0	0	0	2	17	13	3	23	14456	398	0	6	0	398
1355	2318	1	1	6	0	0	0	2	17	13	3	23	14456	398	0	6	0	398
1355	2323	2	2	5	1	0	0	2	15	77	4	23	14456	398	0	5	0	398,624
1355	2325	1	1	6	0	0	0	2	17	13	3	23	14456	398	0	6	0	398
1355	2326	1	1	6	0	0	0	2	17	13	3	23	14456	398	0	6	0	398
1355	2329	3	3	4	1	0	0	3	13	94	5	23	14456	396	0	4	0	396,398,908
1355	2330	3	3	4	1	0	0	3	13	94	5	23	14456	396	0	4	0	396,398,908
1355	2332	2	2	5	1	0	0	3	15	30	4	23	14456	396	0	5	0	396,908
1355	2339	2	3	5	1	0	0	2	19	3	2	23	14456	398	0	5	0	398,430,624
1355	2341	1	1	6	0	0	0	2	21	1	1	23	14456	398	0	6	0	398
1355	2342	1	1	6	0	0	0	2	21	1	1	23	14456	398	0	6	0	398
1355	2345	3	10	4	1	0	0	4	17	13	3	23	14456	396	0	4	0	396,398,428,904,908,928,932,936,940,992
1355	2346	3	10	4	1	0	0	4	17	13	3	23	14456	396	0	4	0	396,398,428,904,908,928,932,936,940,992
1355	2348	2	3	5	1	0	0	3	19	3	2	23	14456	396	0	5	0	396,904,908
1355	2353	3	10	4	1	0	0	4	17	13	3	23	14456	396	0	4	0	396,398,428,904,908,928,932,936,940,992
1355	2354	3	10	4	1	0	0	4	17	13	3	23	14456	396	0	4	0	396,398,428,904,908,928,932,936,940,992
1355	2356	2	3	5	1	0	0	3	19	3	2	23	14456	396	0	5	0	396,904,908
1355	2360	2	3	5	1	0	0	1	15	30	4	23	31072	904	0	5	0	904,928,936
1355	2371	2	3	5	1	0	0	2	19	3	2	23	14456	398	0	5	0	398,430,624
1355	2373	1	1	6	0	0	0	2	21	1	1	23	14456	398	0	6	0	398
1355	2374	1	1	6	0	0	0	2	21	1	1	23	14456	398	0	6	0	398
1355	2377	3	10	4	1	0	0	4	17	13	3	23	14456	396	0	4	0	396,398,428,904,908,928,932,936,940,992
1355	2378	3	10	4	1	0	0	4	17	13	3	23	14456	396	0	4	0	396,398,428,904,908,928,932,936,940,992
1355	2380	2	3	5	1	0	0	3	19	3	2	23	14456	396	0	5	0	396,904,908
1355	2385	3	10	4	1	0	0	4	17	13	3	23	14456	396	0	4	0	396,398,428,904,908,928,932,936,940,992
1355	2386	3	10	4	1	0	0	4	17	13	3	23	14456	396	0	4	0	396,398,428,904,908,928,932,936,940,992
1355	2388	2	3	5	1	0	0	3	19	3	2	23	14456	396	0	5	0	396,904,908
1355	2392	2	3	5	1	0	0	1	15	30	4	23	31072	904	0	5	0	904,928,936
1355	2401	2	6	5	1	0	0	1	21	1	1	23	32256	992	0	5	0	428,928,932,936,940,992
1355	2402	2	6	5	1	0	0	1	21	1	1	23	32256	992	0	5	0	428,928,932,936,940,992
1355	2404	2	12	5	1	0	0	4	23	0	0	23	14456	396	0	5	0	396,428,896,900,904,908,928,932,936,940,960,992
1355	2408	1	2	6	0	1	1	0	19	3	2	23	31072	928	512	5	1	928,936
1355	2416	1	2	6	0	1	1	0	19	3	2	23	31072	928	512	5	1	928,936
1355	2435	2	5	5	1	0	0	3	18	11	3	24	14456	414	0	5	0	414,608,736,864,992
1355	2437	1	1	6	0	0	0	2	20	3	2	24	14456	414	0	6	0	414
1355	2438	1	1	6	0	0	0	2	20	3	2	24	14456	414	0	6	0	414
1355	2441	2	1	5	1	0	0	1	16	77	4	24	32256	992	0	5	0	992
1355	2442	2	1	5	1	0	0	1	16	77	4	24	32256	992	0	5	0	992
1355	2444	2	2	5	1	0	0	3	18	13	3	24	14456	412	0	5	0	412,992
1355	2449	2	1	5	1	0	0	1	16	77	4	24	32256	992	0	5	0	992
1355	2450	2	1	5	1	0	0	1	16	77	4	24	32256	992	0	5	0	992
1355	2452	2	2	5	1	0	0	3	18	13	3	24	14456	412	0	5	0	412,992
1355	2456	2	2	5	1	0	0	1	14	94	5	24	32256	992	0	5	0	928,992
1355	2465	2	1	5	1	0	0	1	18	13	3	24	32256	992	0	5	0	992
1355	2466	2	1	5	1	0	0	1	18	13	3	24	32256	992	0	5	0	992
1355	2468	2	2	5	1	0	0	3	20	3	2	24	14456	412	0	5	0	412,992
1355	2472	2	3	5	1	0	0	1	16	86	4	24	32256	992	0	5	0	928,936,992
1355	2480	2	3	5	1	0	0	1	16	86	4	24	32256	992	0	5	0	928,936,992
1355	2497	2	1	5	1	0	0	1	18	13	3	24	32256	992	0	5	0	992
1355	2498	2	1	5	1	0	0	1	18	13	3	24	32256	992	0	5	0	992
1355	2500	2	2	5	1	0	0	3	20	3	2	24	14456	412	0	5	0	412,992
1355	2504	2	3	5	1	0	0	1	16	86	4	24	32256	992	0	5	0	928,936,992
1355	2512	2	3	5	1	0	0	1	16	86	4	24	32256	992	0	5	0	928,936,992
1355	2528	2	5	5	1	0	0	1	18	11	3	24	32256	992	0	5	0	928,936,944,952,992
1355	2567	0	1	7	0	0	0	2	15	77	4	23	14456	399	0	7	0	624
1355	2571	1	1	6	0	0	0	1	15	75	4	23	14456	398	0	6	0	398
1355	2573	1	1	6	0	0	0	2	15	77	4	23	14456	398	0	6	0	398
1355	2574	1	1	6	0	0	0	2	15	77	4	23	14456	398	0	6	0	398
1355	2579	1	1	6	0	0	0	1	15	75	4	23	14456	398	0	6	0	398
1355	2581	1	1	6	0	0	0	2	15	77	4	23	14456	398	0	6	0	398
1355	2582	1	1	6	0	0	0	2	15	77	4	23	14456	398	0	6	0	398
1355	2585	2	2	5	1	0	0	1	15	75	4	23	14456	396	0	5	0	396,908
1355	2586	2	2	5	1	0	0	1	15	75	4	23	14456	396	0	5	0	396,908
1355	2588	2	2	5	1	0	0	2	15	77	4	23	14456	396	0	5	0	396,908
1355	2595	1	1	6	0	0	0	1	15	77	4	23	14456	398	0	6	0	398
1355	2597	1	1	6	0	0	0	2	15	77	4	23	14456	398	0	6	0	398
1355	2598	1	1	6	0	0	0	2	15	77	4	23	14456	398	0	6	0	398
1355	2601	2	2	5	1	0	0	1	15	77	4	23	14456	396	0	5	0	396,908
1355	2602	2	2	5	1	0	0	1	15	77	4	23	14456	396	0	5	0	396,908
1355	2604	2	2	5	1	0	0	2	15	77	4	23	14456	396	0	5	0	396,908
1355	2609	2	2	5	1	0	0	1	15	77	4	23	14456	396	0	5	0	396,908
1355	2610	2	2	5	1	0	0	1	15	77	4	23	14456	396	0	5	0	396,908
1355	2612	2	2	5	1	0	0	2	15	77	4	23	14456	396	0	5	0	396,908
1355	2616	1	1	6	0	2	1	0	15	77	4	23	14456	904	16384	4	2	904
1355	2627	1	1	6	0	0	0	1	15	77	4	23	14456	398	0	6	0	398
1355	2629	1	1	6	0	0	0	2	15	77	4	23	14456	398	0	6	0	398
1355	2630	1	1	6	0	0	0	2	15	77	4	23	14456	398	0	6	0	398
1355	2633	2	2	5	1	0	0	1	15	77	4	23	14456	396	0	5	0	396,908
1355	2634	2	2	5	1	0	0	1	15	77	4	23	14456	396	0	5	0	396,908
1355	2636	2	2	5	1	0	0	2	15	77	4	23	14456	396	0	5	0	396,908
1355	2641	2	2	5	1	0	0	1	15	77	4	23	14456	396	0	5	0	396,908
1355	2642	2	2	5	1	0	0	1	15	77	4	23	14456	396	0	5	0	396,908
1355	2644	2	2	5	1	0	0	2	15	77	4	23	14456	396	0	5	0	396,908
1355	2648	1	1	6	0	2	1	0	15	77	4	23	14456	904	16384	4	2	904
1355	2657	2	2	5	1	0	0	1	15	77	4	23	14456	396	0	5	0	396,908
1355	2658	2	2	5	1	0	0	1	15	77	4	23	14456	396	0	5	0	396,908
1355	2660	2	2	5	1	0	0	2	15	75	4	23	14456	396	0	5	0	396,908
1355	2664	1	1	6	0	2	1	0	15	77	4	23	14456	904	16384	4	2	904
1355	2672	1	1	6	0	2	1	0	15	77	4	23	14456	904	16384	4	2	904
1355	2691	1	1	6	0	0	0	1	16	75	4	24	14456	414	0	6	0	414
1355	2693	1	1	6	0	0	0	2	16	77	4	24	14456	414	0	6	0	414
1355	2694	1	1	6	0	0	0	2	16	77	4	24	14456	414	0	6	0	414
1355	2697	2	1	5	1	0	0	1	16	75	4	24	14456	412	0	5	0	412
1355	2698	2	1	5	1	0	0	1	16	75	4	24	14456	412	0	5	0	412
1355	2700	2	1	5	1	0	0	2	16	77	4	24	14456	412	0	5	0	412
1355	2705	2	1	5	1	0	0	1	16	75	4	24	14456	412	0	5	0	412
1355	2706	2	1	5	1	0	0	1	16	75	4	24	14456	412	0	5	0	412
1355	2708	2	1	5	1	0	0	2	16	77	4	24	14456	412	0	5	0	412
1355	2712	2	5	5	1	0	0	1	16	75	4	24	32256	960	0	5	0	896,904,912,920,960
1355	2721	2	1	5	1	0	0	1	14	94	5	24	14456	412	0	5	0	412
1355	2722	2	1	5	1	0	0	1	14	94	5	24	14456	412	0	5	0	412
1355	2724	2	1	5	1	0	0	2	14	94	5	24	14456	412	0	5	0	412
1355	2728	2	2	5	1	1	1	0	14	94	5	24	14456	920	16384	4	1	904,920
1355	2736	2	2	5	1	1	1	0	14	94	5	24	14456	920	16384	4	1	904,920
1355	2753	2	1	5	1	0	0	1	14	94	5	24	14456	412	0	5	0	412
1355	2754	2	1	5	1	0	0	1	14	94	5	24	14456	412	0	5	0	412
1355	2756	2	1	5	1	0	0	2	14	94	5	24	14456	412	0	5	0	412
1355	2760	2	2	5	1	1	1	0	14	94	5	24	14456	920	16384	4	1	904,920
1355	2768	2	2	5	1	1	1	0	14	94	5	24	14456	920	16384	4	1	904,920
1355	2784	2	1	5	1	1	1	0	12	222	6	24	14456	920	16384	4	1	920
1355	2819	1	1	6	0	0	0	1	16	77	4	24	14456	414	0	6	0	414
1355	2821	1	1	6	0	0	0	2	16	77	4	24	14456	414	0	6	0	414
1355	2822	1	1	6	0	0	0	2	16	77	4	24	14456	414	0	6	0	414
1355	2825	2	1	5	1	0	0	1	14	94	5	24	14456	412	0	5	0	412
1355	2826	2	1	5	1	0	0	1	14	94	5	24	14456	412	0	5	0	412
1355	2828	2	1	5	1	0	0	2	14	94	5	24	14456	412	0	5	0	412
1355	2833	2	1	5	1	0	0	1	14	94	5	24	14456	412	0	5	0	412
1355	2834	2	1	5	1	0	0	1	14	94	5	24	14456	412	0	5	0	412
1355	2836	2	1	5	1	0	0	2	14	94	5	24	14456	412	0	5	0	412
1355	2840	2	1	5	1	0	0	1	12	222	6	24	31072	920	0	5	0	920
1355	2849	2	1	5	1	0	0	1	16	77	4	24	14456	412	0	5	0	412
1355	2850	2	1	5	1	0	0	1	16	77	4	24	14456	412	0	5	0	412
1355	2852	2	1	5	1	0	0	2	16	75	4	24	14456	412	0	5	0	412
1355	2856	2	2	5	1	0	0	1	14	94	5	24	31072	912	0	5	0	912,920
1355	2864	2	2	5	1	0	0	1	14	94	5	24	31072	912	0	5	0	912,920
1355	2881	2	1	5	1	0	0	1	16	77	4	24	14456	412	0	5	0	412
1355	2882	2	1	5	1	0	0	1	16	77	4	24	14456	412	0	5	0	412
1355	2884	2	1	5	1	0	0	2	16	75	4	24	14456	412	0	5	0	412
1355	2888	2	2	5	1	0	0	1	14	94	5	24	31072	912	0	5	0	912,920
1355	2896	2	2	5	1	0	0	1	14	94	5	24	31072	912	0	5	0	912,920
1355	2912	2	5	5	1	0	0	2	16	75	4	24	31072	896	0	5	0	896,904,912,920,960
1355	2945	2	2	5	1	0	0	2	17	77	4	25	14456	444	0	5	0	444,960
1355	2946	2	2	5	1	0	0	2	17	77	4	25	14456	444	0	5	0	444,960
1355	2948	2	2	5	1	0	0	3	17	77	4	25	14456	444	0	5	0	444,960
1355	2952	2	1	5	1	0	0	1	15	94	5	25	32256	960	0	5	0	960
1355	2960	2	1	5	1	0	0	1	15	94	5	25	32256	960	0	5	0	960
1355	2976	2	1	5	1	0	0	1	15	94	5	25	32256	960	0	5	0	960
1355	3008	2	1	5	1	0	0	1	15	94	5	25	32256	960	0	5	0	960
1355	3079	1	1	6	0	0	0	2	20	3	2	24	14456	399	0	6	0	624
1355	3083	3	7	4	1	0	0	3	16	77	4	24	14456	398	0	4	0	398,462,624,960,962,976,978
1355	3085	2	1	5	1	0	0	2	18	13	3	24	14456	398	0	5	0	398
1355	3086	2	1	5	1	0	0	2	18	13	3	24	14456	398	0	5	0	398
1355	3091	3	7	4	1	0	0	3	16	77	4	24	14456	398	0	4	0	398,462,624,960,962,976,978
1355	3093	2	1	5	1	0	0	2	18	13	3	24	14456	398	0	5	0	398
1355	3094	2	1	5	1	0	0	2	18	13	3	24	14456	398	0	5	0	398
1355	3097	2	2	5	1	0	0	1	14	94	5	24	32256	960	0	5	0	960,976
1355	3098	2	2	5	1	0	0	1	14	94	5	24	32256	960	0	5	0	960,976
1355	3100	2	2	5	1	0	0	1	16	30	4	24	32256	960	0	5	0	960,976
1355	3107	2	1	5	1	1	1	0	18	76	3	24	14456	462	512	4	1	462
1355	3109	2	2	5	1	0	0	2	20	12	2	24	14456	398	0	5	0	398,462
1355	3110	2	2	5	1	0	0	2	20	12	2	24	14456	398	0	5	0	398,462
1355	3113	2	2	5	1	0	0	1	16	86	4	24	32256	960	0	5	0	960,964
1355	3114	2	2	5	1	0	0	1	16	86	4	24	32256	960	0	5	0	960,964
1355	3116	2	2	5	1	0	0	1	18	13	3	24	32256	960	0	5	0	960,964
1355	3121	2	2	5	1	0	0	1	16	86	4	24	32256	960	0	5	0	960,964
1355	3122	2	2	5	1	0	0	1	16	86	4	24	32256	960	0	5	0	960,964
1355	3124	2	2	5	1	0	0	1	18	13	3	24	32256	960	0	5	0	960,964
1355	3128	1	1	6	0	0	0	1	14	94	5	24	32256	960	0	6	0	960
1355	3139	2	1	5	1	1	1	0	18	76	3	24	14456	462	512	4	1	462
1355	3141	2	2	5	1	0	0	2	20	12	2	24	14456	398	0	5	0	398,462
1355	3142	2	2	5	1	0	0	2	20	12	2	24	14456	398	0	5	0	398,462
1355	3145	2	2	5	1	0	0	1	16	86	4	24	32256	960	0	5	0	960,964
1355	3146	2	2	5	1	0	0	1	16	86	4	24	32256	960	0	5	0	960,964
1355	3148	2	2	5	1	0	0	1	18	13	3	24	32256	960	0	5	0	960,964
1355	3153	2	2	5	1	0	0	1	16	86	4	24	32256	960	0	5	0	960,964
1355	3154	2	2	5	1	0	0	1	16	86	4	24	32256	960	0	5	0	960,964
1355	3156	2	2	5	1	0	0	1	18	13	3	24	32256	960	0	5	0	960,964
1355	3160	1	1	6	0	0	0	1	14	94	5	24	32256	960	0	6	0	960
1355	3169	2	5	5	1	0	0	1	18	76	3	24	32256	960	0	5	0	460,960,964,968,972
1355	3170	2	5	5	1	0	0	1	18	76	3	24	32256	960	0	5	0	460,960,964,968,972
1355	3172	2	6	5	1	0	0	2	20	3	2	24	31072	928	0	5	0	460,928,960,964,968,972
1355	3176	1	2	6	0	0	0	1	16	77	4	24	32256	960	0	6	0	960,968
1355	3184	1	2	6	0	0	0	1	16	77	4	24	32256	960	0	6	0	960,968
1355	3203	2	4	5	1	0	0	1	19	11	3	25	32256	960	0	5	0	960,962,964,966
1355	3205	2	5	5	1	0	0	3	21	3	2	25	14456	414	0	5	0	414,960,962,964,966
1355	3206	2	5	5	1	0	0	3	21	3	2	25	14456	414	0	5	0	414,960,962,964,966
1355	3209	1	2	6	0	0	0	1	17	77	4	25	32256	960	0	6	0	960,964
1355	3210	1	2	6	0	0	0	1	17	77	4	25	32256	960	0	6	0	960,964
1355	3212	1	2	6	0	0	0	1	19	13	3	25	32256	960	0	6	0	960,964
1355	3217	1	2	6	0	0	0	1	17	77	4	25	32256	960	0	6	0	960,964
1355	3218	1	2	6	0	0	0	1	17	77	4	25	32256	960	0	6	0	960,964
1355	3220	1	2	6	0	0	0	1	19	13	3	25	32256	960	0	6	0	960,964
1355	3224	0	1	7	0	0	0	1	15	94	5	25	32256	960	0	7	0	960
1355	3233	2	4	5	1	0	0	1	17	86	4	25	32256	960	0	5	0	960,964,968,972
1355	3234	2	4	5	1	0	0	1	17	86	4	25	32256	960	0	5	0	960,964,968,972
1355	3236	2	4	5	1	0	0	1	19	13	3	25	32256	960	0	5	0	960,964,968,972
1355	3240	1	2	6	0	0	0	1	17	236	5	25	32256	960	0	6	0	960,968
1355	3248	1	2	6	0	0	0	1	17	236	5	25	32256	960	0	6	0	960,968
1355	3265	2	4	5	1	0	0	1	17	86	4	25	32256	960	0	5	0	960,964,968,972
1355	3266	2	4	5	1	0	0	1	17	86	4	25	32256	960	0	5	0	960,964,968,972
1355	3268	2	4	5	1	0	0	1	19	13	3	25	32256	960	0	5	0	960,964,968,972
1355	3272	1	2	6	0	0	0	1	17	236	5	25	32256	960	0	6	0	960,968
1355	3280	1	2	6	0	0	0	1	17	236	5	25	32256	960	0	6	0	960,968
1355	3296	2	4	5	1	0	0	1	15	94	5	25	32256	960	0	5	0	960,968,976,984
1355	3331	2	6	5	1	0	0	3	21	3	2	25	14456	414	0	5	0	414,608,736,864,960,992
1355	3333	1	1	6	0	0	0	2	23	1	1	25	14456	414	0	6	0	414
1355	3334	1	1	6	0	0	0	2	23	1	1	25	14456	414	0	6	0	414
1355	3337	2	2	5	1	0	0	1	17	77	4	25	32256	960	0	5	0	960,992
1355	3338	2	2	5	1	0	0	1	17	77	4	25	32256	960	0	5	0	960,992
1355	3340	2	4	5	1	0	0	4	19	11	3	25	14456	412	0	5	0	412,920,960,992
1355	3345	2	2	5	1	0	0	1	17	77	4	25	32256	960	0	5	0	960,992
1355	3346	2	2	5	1	0	0	1	17	77	4	25	32256	960	0	5	0	960,992
1355	3348	2	4	5	1	0	0	4	19	11	3	25	14456	412	0	5	0	412,920,960,992
1355	3352	2	2	5	1	0	0	1	13	222	6	25	32256	960	0	5	0	960,992
1355	3361	1	1	6	0	0	0	1	21	12	2	25	32256	960	0	6	0	960
1355	3362	1	1	6	0	0	0	1	21	12	2	25	32256	960	0	6	0	960
1355	3364	1	2	6	0	0	0	2	23	1	1	25	31072	912	0	6	0	912,960
1355	3368	1	1	6	0	0	0	1	17	77	4	25	32256	960	0	6	0	960
1355	3376	1	1	6	0	0	0	1	17	77	4	25	32256	960	0	6	0	960
1355	3393	1	1	6	0	0	0	1	21	12	2	25	32256	960	0	6	0	960
1355	3394	1	1	6	0	0	0	1	21	12	2	25	32256	960	0	6	0	960
1355	3396	1	2	6	0	0	0	2	23	1	1	25	31072	912	0	6	0	912,960
1355	3400	1	1	6	0	0	0	1	17	77	4	25	32256	960	0	6	0	960
1355	3408	1	1	6	0	0	0	1	17	77	4	25	32256	960	0	6	0	960
1355	3424	0	1	7	0	0	0	1	21	3	2	25	32256	960	0	7	0	960
1355	3457	0	1	7	0	0	0	1	22	3	2	26	32256	960	0	7	0	960
1355	3458	0	1	7	0	0	0	1	22	3	2	26	32256	960	0	7	0	960
1355	3460	0	1	7	0	0	0	1	24	1	1	26	32256	960	0	7	0	960
1355	3464	0	1	7	0	0	0	1	18	77	4	26	32256	960	0	7	0	960
1355	3472	0	1	7	0	0	0	1	18	77	4	26	32256	960	0	7	0	960
1355	3488	0	1	7	0	0	0	1	20	13	3	26	32256	960	0	7	0	960
1355	3520	0	1	7	0	0	0	1	20	13	3	26	32256	960	0	7	0	960
1355	3587	1	1	6	0	0	0	1	19	11	3	25	14456	414	0	6	0	414
1355	3589	1	1	6	0	0	0	2	19	13	3	25	14456	414	0	6	0	414
1355	3590	1	1	6	0	0	0	2	19	13	3	25	14456	414	0	6	0	414
1355	3593	2	1	5	1	0	0	1	17	77	4	25	14456	412	0	5	0	412
1355	3594	2	1	5	1	0	0	1	17	77	4	25	14456	412	0	5	0	412
1355	3596	2	1	5	1	0	0	2	17	86	4	25	14456	412	0	5	0	412
1355	3601	2	1	5	1	0	0	1	17	77	4	25	14456	412	0	5	0	412
1355	3602	2	1	5	1	0	0	1	17	77	4	25	14456	412	0	5	0	412
1355	3604	2	1	5	1	0	0	2	17	86	4	25	14456	412	0	5	0	412
1355	3608	2	5	5	1	0	0	1	15	94	5	25	32256	896	0	5	0	896,904,912,920,928
1355	3617	2	1	5	1	0	0	1	17	86	4	25	14456	412	0	5	0	412
1355	3618	2	1	5	1	0	0	1	17	86	4	25	14456	412	0	5	0	412
1355	3620	2	1	5	1	0	0	2	17	77	4	25	14456	412	0	5	0	412
1355	3624	2	4	5	1	0	0	1	17	236	5	25	32256	896	0	5	0	896,904,912,920
1355	3632	2	4	5	1	0	0	1	17	236	5	25	32256	896	0	5	0	896,904,912,920
1355	3649	2	1	5	1	0	0	1	17	86	4	25	14456	412	0	5	0	412
1355	3650	2	1	5	1	0	0	1	17	86	4	25	14456	412	0	5	0	412
1355	3652	2	1	5	1	0	0	2	17	77	4	25	14456	412	0	5	0	412
1355	3656	2	4	5	1	0	0	1	17	236	5	25	32256	896	0	5	0	896,904,912,920
1355	3664	2	4	5	1	0	0	1	17	236	5	25	32256	896	0	5	0	896,904,912,920
1355	3680	2	5	5	1	0	0	2	15	94	5	25	31072	960	0	5	0	896,904,912,920,960
1355	3713	2	6	5	1	0	0	2	20	11	3	26	14456	444	0	5	0	444,896,900,904,908,960
1355	3714	2	6	5	1	0	0	2	20	11	3	26	14456	444	0	5	0	444,896,900,904,908,960
1355	3716	2	6	5	1	0	0	3	20	13	3	26	14456	444	0	5	0	444,896,900,904,908,960
1355	3720	1	2	6	0	0	0	1	18	77	4	26	32256	896	0	6	0	896,904
1355	3728	1	2	6	0	0	0	1	18	77	4	26	32256	896	0	6	0	896,904
1355	3744	2	5	5	1	0	0	1	16	94	5	26	32256	896	0	5	0	896,904,912,920,960
1355	3776	2	5	5	1	0	0	1	16	94	5	26	32256	896	0	5	0	896,904,912,920,960
1355	3841	2	6	5	1	0	0	3	20	13	3	26	14456	444	0	5	0	444,896,912,928,944,960
1355	3842	2	6	5	1	0	0	3	20	13	3	26	14456	444	0	5	0	444,896,912,928,944,960
1355	3844	2	6	5	1	0	0	4	20	11	3	26	14456	444	0	5	0	444,896,912,928,944,960
1355	3848	2	5	5	1	0	0	2	16	94	5	26	31072	944	0	5	0	896,912,928,944,960
1355	3856	2	5	5	1	0	0	2	16	94	5	26	31072	944	0	5	0	896,912,928,944,960
1355	3872	1	2	6	0	0	0	2	18	77	4	26	31072	928	0	6	0	896,928
1355	3904	1	2	6	0	0	0	2	18	77	4	26	31072	928	0	6	0	896,928
1355	3968	0	1	7	0	0	0	1	21	13	3	27	32256	896	0	7	0	896
1355	4111	2	1	5	1	0	0	2	16	11	3	22	14456	391	0	5	0	632
1355	4119	2	1	5	1	0	0	2	16	11	3	22	14456	391	0	5	0	632
1355	4123	2	3	5	1	0	0	1	18	3	2	22	14460	391	0	5	0	616,632,872
1355	4125	2	2	5	1	0	0	2	18	3	2	22	14456	390	0	5	0	390,406
1355	4126	2	2	5	1	0	0	2	18	3	2	22	14456	390	0	5	0	390,406
1355	4135	2	1	5	1	1	2	0	16	11	3	22	14456	295	2560	4	1	728
1355	4139	3	3	4	1	0	0	1	18	3	2	22	14460	391	0	4	0	294,632,810
1355	4141	3	3	4	1	0	0	3	18	3	2	22	14456	390	0	4	0	390,728,916
1355	4142	3	3	4	1	0	0	3	18	3	2	22	14456	390	0	4	0	390,728,916
1355	4147	3	3	4	1	0	0	1	18	3	2	22	14460	391	0	4	0	294,632,810
1355	4149	3	3	4	1	0	0	3	18	3	2	22	14456	390	0	4	0	390,728,916
1355	4150	3	3	4	1	0	0	3	18	3	2	22	14456	390	0	4	0	390,728,916
1355	4153	3	9	4	1	0	0	3	20	1	1	22	14460	390	0	4	0	390,406,808,872,900,916,928,932,992
1355	4154	3	9	4	1	0	0	3	20	1	1	22	14460	390	0	4	0	390,406,808,872,900,916,928,932,992
1355	4156	2	2	5	1	0	0	1	20	1	1	22	31072	916	0	5	0	900,916
1355	4167	2	1	5	1	1	2	0	16	11	3	22	14456	295	2560	4	1	728
1355	4171	3	3	4	1	0	0	1	18	3	2	22	14460	391	0	4	0	294,632,810
1355	4173	3	3	4	1	0	0	3	18	3	2	22	14456	390	0	4	0	390,728,916
1355	4174	3	3	4	1	0	0	3	18	3	2	22	14456	390	0	4	0	390,728,916
1355	4179	3	3	4	1	0	0	1	18	3	2	22	14460	391	0	4	0	294,632,810
1355	4181	3	3	4	1	0	0	3	18	3	2	22	14456	390	0	4	0	390,728,916
1355	4182	3	3	4	1	0	0	3	18	3	2	22	14456	390	0	4	0	390,728,916
1355	4185	3	9	4	1	0	0	3	20	1	1	22	14460	390	0	4	0	390,406,808,872,900,916,928,932,992
1355	4186	3	9	4	1	0	0	3	20	1	1	22	14460	390	0	4	0	390,406,808,872,900,916,928,932,992
1355	4188	2	2	5	1	0	0	1	20	1	1	22	31072	916	0	5	0	900,916
1355	4195	2	2	5	1	2	2	0	18	3	2	22	14456	294	2560	2	3	294,302
1355	4197	2	3	5	1	1	1	0	18	3	2	22	31072	976	1024	4	1	720,728,976
1355	4198	2	3	5	1	1	1	0	18	3	2	22	31072	976	1024	4	1	720,728,976
1355	4201	3	9	4	1	0	0	2	20	1	1	22	31072	912	0	4	0	722,730,804,812,912,928,932,976,992
1355	4202	3	9	4	1	0	0	2	20	1	1	22	31072	912	0	4	0	722,730,804,812,912,928,932,976,992
1355	4204	2	2	5	1	0	0	1	20	1	1	22	31072	912	0	5	0	912,976
1355	4209	3	9	4	1	0	0	2	20	1	1	22	31072	912	0	4	0	722,730,804,812,912,928,932,976,992
1355	4210	3	9	4	1	0	0	2	20	1	1	22	31072	912	0	4	0	722,730,804,812,912,928,932,976,992
1355	4212	2	2	5	1	0	0	1	20	1	1	22	31072	912	0	5	0	912,976
1355	4216	1	1	6	0	1	1	0	22	0	0	22	32256	928	1024	5	1	928
1355	4231	2	2	5	1	1	1	0	15	75	4	23	14456	271	2048	4	1	720,752
1355	4235	3	7	4	1	0	0	2	17	11	3	23	14460	399	0	4	0	302,624,752,802,864,866,992
1355	4237	3	4	4	1	0	0	3	17	11	3	23	14456	398	0	4	0	398,720,752,992
1355	4238	3	4	4	1	0	0	3	17	11	3	23	14456	398	0	4	0	398,720,752,992
1355	4243	3	7	4	1	0	0	2	17	11	3	23	14460	399	0	4	0	302,624,752,802,864,866,992
1355	4245	3	4	4	1	0	0	3	17	11	3	23	14456	398	0	4	0	398,720,752,992
1355	4246	3	4	4	1	0	0	3	17	11	3	23	14456	398	0	4	0	398,720,752,992
1355	4249	2	2	5	1	0	0	1	19	3	2	23	32256	992	0	5	0	864,992
1355	4250	2	2	5	1	0	0	1	19	3	2	23	32256	992	0	5	0	864,992
1355	4252	2	1	5	1	0	0	1	19	3	2	23	32256	992	0	5	0	992
1355	4259	2	1	5	1	2	2	0	15	77	4	23	14456	302	2560	2	3	302
1355	4261	2	1	5	1	2	3	0	15	77	4	23	14456	303	2562	3	2	720
1355	4262	2	1	5	1	2	3	0	15	77	4	23	14456	303	2561	3	2	720
1355	4265	3	3	4	1	0	0	1	17	13	3	23	32256	992	0	4	0	722,804,992
1355	4266	3	3	4	1	0	0	1	17	13	3	23	32256	992	0	4	0	722,804,992
1355	4268	3	4	4	1	0	0	2	17	13	3	23	31072	920	0	4	0	720,920,976,992
1355	4273	3	3	4	1	0	0	1	17	13	3	23	32256	992	0	4	0	722,804,992
1355	4274	3	3	4	1	0	0	1	17	13	3	23	32256	992	0	4	0	722,804,992
1355	4276	3	4	4	1	0	0	2	17	13	3	23	31072	920	0	4	0	720,920,976,992
1355	4280	2	2	5	1	0	0	1	19	3	2	23	32256	992	0	5	0	928,992
1355	4291	2	1	5	1	2	2	0	15	77	4	23	14456	302	2560	2	3	302
1355	4293	2	1	5	1	2	3	0	15	77	4	23	14456	303	2562	3	2	720
1355	4294	2	1	5	1	2	3	0	15	77	4	23	14456	303	2561	3	2	720
1355	4297	3	3	4	1	0	0	1	17	13	3	23	32256	992	0	4	0	722,804,992
1355	4298	3	3	4	1	0	0	1	17	13	3	23	32256	992	0	4	0	722,804,992
1355	4300	3	4	4	1	0	0	2	17	13	3	23	31072	920	0	4	0	720,920,976,992
1355	4305	3	3	4	1	0	0	1	17	13	3	23	32256	992	0	4	0	722,804,992
1355	4306	3	3	4	1	0	0	1	17	13	3	23	32256	992	0	4	0	722,804,992
1355	4308	3	4	4	1	0	0	2	17	13	3	23	31072	920	0	4	0	720,920,976,992
1355	4312	2	2	5	1	0	0	1	19	3	2	23	32256	992	0	5	0	928,992
1355	4321	2	1	5	1	2	3	0	15	77	4	23	14456	301	2562	1	4	722
1355	4322	2	1	5	1	2	3	0	15	77	4	23	14456	301	2561	1	4	722
1355	4324	2	2	5	1	1	1	0	15	77	4	23	31072	976	1024	4	1	720,976
1355	4328	3	7	4	1	0	0	2	17	11	3	23	31072	912	0	4	0	724,808,912,928,936,976,992
1355	4336	3	7	4	1	0	0	2	17	11	3	23	31072	912	0	4	0	724,808,912,928,936,976,992
1355	4359	2	2	5	1	0	0	2	15	75	4	23	14456	399	0	5	0	624,752
1355	4363	2	1	5	1	0	0	1	15	77	4	23	14460	399	0	5	0	624
1355	4365	2	1	5	1	0	0	2	15	77	4	23	14456	398	0	5	0	398
1355	4366	2	1	5	1	0	0	2	15	77	4	23	14456	398	0	5	0	398
1355	4371	2	1	5	1	0	0	1	15	77	4	23	14460	399	0	5	0	624
1355	4373	2	1	5	1	0	0	2	15	77	4	23	14456	398	0	5	0	398
1355	4374	2	1	5	1	0	0	2	15	77	4	23	14456	398	0	5	0	398
1355	4377	2	1	5	1	0	0	1	15	77	4	23	14460	398	0	5	0	398
1355	4378	2	1	5	1	0	0	1	15	77	4	23	14460	398	0	5	0	398
1355	4380	2	2	5	1	0	0	3	15	77	4	23	14456	396	0	5	0	396,908
1355	4387	3	4	4	1	0	0	2	17	11	3	23	14460	399	0	4	0	302,624,752,992
1355	4389	3	7	4	1	0	0	4	17	11	3	23	14456	398	0	4	0	398,720,752,904,960,968,992
1355	4390	3	7	4	1	0	0	4	17	11	3	23	14456	398	0	4	0	398,720,752,904,960,968,992
1355	4393	3	3	4	1	0	0	3	17	13	3	23	14460	398	0	4	0	398,904,992
1355	4394	3	3	4	1	0	0	3	17	13	3	23	14460	398	0	4	0	398,904,992
1355	4396	2	1	5	1	0	0	1	17	13	3	23	31072	904	0	5	0	904
1355	4401	3	3	4	1	0	0	3	17	13	3	23	14460	398	0	4	0	398,904,992
1355	4402	3	3	4	1	0	0	3	17	13	3	23	14460	398	0	4	0	398,904,992
1355	4404	2	1	5	1	0	0	1	17	13	3	23	31072	904	0	5	0	904
1355	4408	2	1	5	1	0	0	1	17	11	3	23	31072	904	0	5	0	904
1355	4419	3	4	4	1	0	0	2	17	11	3	23	14460	399	0	4	0	302,624,752,992
1355	4421	3	7	4	1	0	0	4	17	11	3	23	14456	398	0	4	0	398,720,752,904,960,968,992
1355	4422	3	7	4	1	0	0	4	17	11	3	23	14456	398	0	4	0	398,720,752,904,960,968,992
1355	4425	3	3	4	1	0	0	3	17	13	3	23	14460	398	0	4	0	398,904,992
1355	4426	3	3	4	1	0	0	3	17	13	3	23	14460	398	0	4	0	398,904,992
1355	4428	2	1	5	1	0	0	1	17	13	3	23	31072	904	0	5	0	904
1355	4433	3	3	4	1	0	0	3	17	13	3	23	14460	398	0	4	0	398,904,992
1355	4434	3	3	4	1	0	0	3	17	13	3	23	14460	398	0	4	0	398,904,992
1355	4436	2	1	5	1	0	0	1	17	13	3	23	31072	904	0	5	0	904
1355	4440	2	1	5	1	0	0	1	17	11	3	23	31072	904	0	5	0	904
1355	4449	2	2	5	1	0	0	1	19	3	2	23	32256	992	0	5	0	960,992
1355	4450	2	2	5	1	0	0	1	19	3	2	23	32256	992	0	5	0	960,992
1355	4452	1	1	6	0	1	1	0	19	3	2	23	31072	960	1024	5	1	960
1355	4456	2	4	5	1	0	0	2	19	3	2	23	31072	896	0	5	0	896,928,960,992
1355	4464	2	4	5	1	0	0	2	19	3	2	23	31072	896	0	5	0	896,928,960,992
1355	4483	2	2	5	1	0	0	1	16	75	4	24	32256	992	0	5	0	736,992
1355	4485	2	2	5	1	0	0	1	16	75	4	24	32256	992	0	5	0	736,992
1355	4486	2	2	5	1	0	0	1	16	75	4	24	32256	992	0	5	0	736,992
1355	4489	2	1	5	1	0	0	1	16	77	4	24	32256	992	0	5	0	992
1355	4490	2	1	5	1	0	0	1	16	77	4	24	32256	992	0	5	0	992
1355	4492	2	1	5	1	0	0	1	16	77	4	24	32256	992	0	5	0	992
1355	4497	2	1	5	1	0	0	1	16	77	4	24	32256	992	0	5	0	992
1355	4498	2	1	5	1	0	0	1	16	77	4	24	32256	992	0	5	0	992
1355	4500	2	1	5	1	0	0	1	16	77	4	24	32256	992	0	5	0	992
1355	4504	2	1	5	1	0	0	1	16	77	4	24	32256	992	0	5	0	992
1355	4513	2	1	5	1	0	0	1	16	77	4	24	32256	992	0	5	0	992
1355	4514	2	1	5	1	0	0	1	16	77	4	24	32256	992	0	5	0	992
1355	4516	2	2	5	1	0	0	1	16	77	4	24	32256	992	0	5	0	960,992
1355	4520	2	1	5	1	0	0	1	16	86	4	24	32256	992	0	5	0	992
1355	4528	2	1	5	1	0	0	1	16	86	4	24	32256	992	0	5	0	992
1355	4545	2	1	5	1	0	0	1	16	77	4	24	32256	992	0	5	0	992
1355	4546	2	1	5	1	0	0	1	16	77	4	24	32256	992	0	5	0	992
1355	4548	2	2	5	1	0	0	1	16	77	4	24	32256	992	0	5	0	960,992
1355	4552	2	1	5	1	0	0	1	16	86	4	24	32256	992	0	5	0	992
1355	4560	2	1	5	1	0	0	1	16	86	4	24	32256	992	0	5	0	992
1355	4576	2	2	5	1	0	0	1	16	77	4	24	32256	992	0	5	0	960,992
1355	4615	1	1	6	0	1	1	0	15	77	4	23	14456	271	2048	5	1	752
1355	4619	2	4	5	1	0	0	2	19	3	2	23	14456	398	0	5	0	270,398,624,752
1355	4621	2	2	5	1	0	0	2	17	13	3	23	14456	398	0	5	0	398,752
1355	4622	2	2	5	1	0	0	2	17	13	3	23	14456	398	0	5	0	398,752
1355	4627	2	4	5	1	0	0	2	19	3	2	23	14456	398	0	5	0	270,398,624,752
1355	4629	2	2	5	1	0	0	2	17	13	3	23	14456	398	0	5	0	398,752
1355	4630	2	2	5	1	0	0	2	17	13	3	23	14456	398	0	5	0	398,752
1355	4633	2	3	5	1	0	0	2	21	1	1	23	14456	396	0	5	0	396,398,908
1355	4634	2	3	5	1	0	0	2	21	1	1	23	14456	396	0	5	0	396,398,908
1355	4636	2	2	5	1	0	0	2	19	3	2	23	14456	396	0	5	0	396,908
1355	4643	2	2	5	1	1	1	0	17	76	3	23	14456	270	2048	4	1	270,752
1355	4645	2	1	5	1	1	2	0	15	86	4	23	14456	271	2050	4	1	752
1355	4646	2	1	5	1	1	2	0	15	86	4	23	14456	271	2049	4	1	752
1355	4649	3	9	4	1	0	0	4	19	12	2	23	14456	396	0	4	0	396,398,752,754,904,908,936,960,992
1355	4650	3	9	4	1	0	0	4	19	12	2	23	14456	396	0	4	0	396,398,752,754,904,908,936,960,992
1355	4652	3	7	4	1	0	0	4	17	13	3	23	14456	396	0	4	0	396,752,904,908,936,960,992
1355	4657	3	9	4	1	0	0	4	19	12	2	23	14456	396	0	4	0	396,398,752,754,904,908,936,960,992
1355	4658	3	9	4	1	0	0	4	19	12	2	23	14456	396	0	4	0	396,398,752,754,904,908,936,960,992
1355	4660	3	7	4	1	0	0	4	17	13	3	23	14456	396	0	4	0	396,752,904,908,936,960,992
1355	4664	1	1	6	0	1	1	0	21	1	1	23	14456	904	16384	4	2	904
1355	4675	2	2	5	1	1	1	0	17	76	3	23	14456	270	2048	4	1	270,752
1355	4677	2	1	5	1	1	2	0	15	86	4	23	14456	271	2050	4	1	752
1355	4678	2	1	5	1	1	2	0	15	86	4	23	14456	271	2049	4	1	752
1355	4681	3	9	4	1	0	0	4	19	12	2	23	14456	396	0	4	0	396,398,752,754,904,908,936,960,992
1355	4682	3	9	4	1	0	0	4	19	12	2	23	14456	396	0	4	0	396,398,752,754,904,908,936,960,992
1355	4684	3	7	4	1	0	0	4	17	13	3	23	14456	396	0	4	0	396,752,904,908,936,960,992
1355	4689	3	9	4	1	0	0	4	19	12	2	23	14456	396	0	4	0	396,398,752,754,904,908,936,960,992
1355	4690	3	9	4	1	0	0	4	19	12	2	23	14456	396	0	4	0	396,398,752,754,904,908,936,960,992
1355	4692	3	7	4	1	0	0	4	17	13	3	23	14456	396	0	4	0	396,752,904,908,936,960,992
1355	4696	1	1	6	0	1	1	0	21	1	1	23	14456	904	16384	4	2	904
1355	4705	2	1	5	1	1	1	0	17	76	3	23	31072	992	1024	4	1	992
1355	4706	2	1	5	1	1	1	0	17	76	3	23	31072	992	1024	4	1	992
1355	4708	2	1	5	1	1	1	0	15	77	4	23	31072	992	1024	4	1	992
1355	4712	2	5	5	1	0	0	2	19	3	2	23	31072	928	0	5	0	896,904,928,960,992
1355	4720	2	5	5	1	0	0	2	19	3	2	23	31072	928	0	5	0	896,904,928,960,992
1355	4739	1	2	6	0	2	1	0	18	11	3	24	14456	286	2048	4	2	286,736
1355	4741	1	1	6	0	2	2	0	16	77	4	24	14456	287	2050	4	2	736
1355	4742	1	1	6	0	2	2	0	16	77	4	24	14456	287	2049	4	2	736
1355	4745	2	4	5	1	0	0	1	20	3	2	24	32256	960	0	5	0	736,738,960,992
1355	4746	2	4	5	1	0	0	1	20	3	2	24	32256	960	0	5	0	736,738,960,992
1355	4748	2	3	5	1	0	0	1	18	13	3	24	32256	960	0	5	0	736,960,992
1355	4753	2	4	5	1	0	0	1	20	3	2	24	32256	960	0	5	0	736,738,960,992
1355	4754	2	4	5	1	0	0	1	20	3	2	24	32256	960	0	5	0	736,738,960,992
1355	4756	2	3	5	1	0	0	1	18	13	3	24	32256	960	0	5	0	736,960,992
1355	4760	1	1	6	0	0	0	1	22	1	1	24	32256	960	0	6	0	960
1355	4769	2	3	5	1	1	1	0	16	86	4	24	32256	992	256	4	1	736,738,992
1355	4770	2	3	5	1	1	1	0	16	86	4	24	32256	992	256	4	1	736,738,992
1355	4772	2	2	5	1	1	1	0	16	236	5	24	32256	992	256	4	1	736,992
1355	4776	2	2	5	1	0	0	1	18	13	3	24	32256	960	0	5	0	960,992
1355	4784	2	2	5	1	0	0	1	18	13	3	24	32256	960	0	5	0	960,992
1355	4801	2	3	5	1	1	1	0	16	86	4	24	32256	992	256	4	1	736,738,992
1355	4802	2	3	5	1	1	1	0	16	86	4	24	32256	992	256	4	1	736,738,992
1355	4804	2	2	5	1	1	1	0	16	236	5	24	32256	992	256	4	1	736,992
1355	4808	2	2	5	1	0	0	1	18	13	3	24	32256	960	0	5	0	960,992
1355	4816	2	2	5	1	0	0	1	18	13	3	24	32256	960	0	5	0	960,992
1355	4832	2	1	5	1	1	1	0	14	94	5	24	31072	992	1024	4	1	992
1355	4867	2	2	5	1	1	1	0	16	77	4	24	14456	286	2048	4	1	286,736
1355	4869	2	1	5	1	1	2	0	14	94	5	24	14456	287	2050	4	1	736
1355	4870	2	1	5	1	1	2	0	14	94	5	24	14456	287	2049	4	1	736
1355	4873	3	7	4	1	0	0	4	16	77	4	24	14456	412	0	4	0	412,414,736,738,920,960,992
1355	4874	3	7	4	1	0	0	4	16	77	4	24	14456	412	0	4	0	412,414,736,738,920,960,992
1355	4876	3	5	4	1	0	0	4	14	94	5	24	14456	412	0	4	0	412,736,920,960,992
1355	4881	3	7	4	1	0	0	4	16	77	4	24	14456	412	0	4	0	412,414,736,738,920,960,992
1355	4882	3	7	4	1	0	0	4	16	77	4	24	14456	412	0	4	0	412,414,736,738,920,960,992
1355	4884	3	5	4	1	0	0	4	14	94	5	24	14456	412	0	4	0	412,736,920,960,992
1355	4888	2	1	5	1	0	0	1	16	75	4	24	31072	920	0	5	0	920
1355	4897	2	1	5	1	0	0	1	16	86	4	24	32256	960	0	5	0	960
1355	4898	2	1	5	1	0	0	1	16	86	4	24	32256	960	0	5	0	960
1355	4900	2	1	5	1	0	0	1	14	94	5	24	32256	960	0	5	0	960
1355	4904	2	2	5	1	0	0	2	16	77	4	24	31072	912	0	5	0	912,960
1355	4912	2	2	5	1	0	0	2	16	77	4	24	31072	912	0	5	0	912,960
1355	4929	2	1	5	1	0	0	1	16	86	4	24	32256	960	0	5	0	960
1355	4930	2	1	5	1	0	0	1	16	86	4	24	32256	960	0	5	0	960
1355	4932	2	1	5	1	0	0	1	14	94	5	24	32256	960	0	5	0	960
1355	4936	2	2	5	1	0	0	2	16	77	4	24	31072	912	0	5	0	912,960
1355	4944	2	2	5	1	0	0	2	16	77	4	24	31072	912	0	5	0	912,960
1355	4960	1	1	6	0	0	0	1	16	77	4	24	32256	960	0	6	0	960
1355	4993	1	1	6	0	0	0	1	17	77	4	25	32256	960	0	6	0	960
1355	4994	1	1	6	0	0	0	1	17	77	4	25	32256	960	0	6	0	960
1355	4996	1	1	6	0	0	0	1	15	94	5	25	32256	960	0	6	0	960
1355	5000	1	1	6	0	0	0	1	17	77	4	25	32256	960	0	6	0	960
1355	5008	1	1	6	0	0	0	1	17	77	4	25	32256	960	0	6	0	960
1355	5024	1	1	6	0	0	0	1	17	236	5	25	32256	960	0	6	0	960
1355	5056	1	1	6	0	0	0	1	17	236	5	25	32256	960	0	6	0	960
1355	5127	3	7	4	1	0	0	3	16	75	4	24	14456	399	0	4	0	172,428,624,684,688,752,940
1355	5131	2	1	5	1	1	3	0	16	77	4	24	14460	173	8464	4	1	850
1355	5133	3	4	4	1	0	0	3	16	77	4	24	14456	398	0	4	0	398,428,850,940
1355	5134	3	4	4	1	0	0	3	16	77	4	24	14456	398	0	4	0	398,428,850,940
1355	5139	2	1	5	1	1	3	0	16	77	4	24	14460	173	8456	4	1	850
1355	5141	3	4	4	1	0	0	3	16	77	4	24	14456	398	0	4	0	398,428,850,940
1355	5142	3	4	4	1	0	0	3	16	77	4	24	14456	398	0	4	0	398,428,850,940
1355	5145	2	1	5	1	1	2	0	16	77	4	24	32256	848	2176	4	1	848
1355	5146	2	1	5	1	1	2	0	16	77	4	24	32256	848	2176	4	1	848
1355	5148	3	7	4	1	0	0	4	16	77	4	24	14456	396	0	4	0	396,428,848,908,940,960,976
1355	5155	3	4	4	1	0	0	1	16	77	4	24	31072	936	0	4	0	334,342,854,936
1355	5157	2	1	5	1	0	0	1	16	77	4	24	31072	936	0	5	0	936
1355	5158	2	1	5	1	0	0	1	16	77	4	24	31072	936	0	5	0	936
1355	5161	3	3	4	1	0	0	2	16	77	4	24	31072	936	0	4	0	852,936,960
1355	5162	3	3	4	1	0	0	2	16	77	4	24	31072	936	0	4	0	852,936,960
1355	5164	2	1	5	1	0	0	1	16	77	4	24	31072	936	0	5	0	936
1355	5169	3	3	4	1	0	0	2	16	77	4	24	31072	936	0	4	0	852,936,960
1355	5170	3	3	4	1	0	0	2	16	77	4	24	31072	936	0	4	0	852,936,960
1355	5172	2	1	5	1	0	0	1	16	77	4	24	31072	936	0	5	0	936
1355	5176	2	1	5	1	0	0	1	16	75	4	24	32256	960	0	5	0	960
1355	5187	3	4	4	1	0	0	1	16	77	4	24	31072	936	0	4	0	334,342,854,936
1355	5189	2	1	5	1	0	0	1	16	77	4	24	31072	936	0	5	0	936
1355	5190	2	1	5	1	0	0	1	16	77	4	24	31072	936	0	5	0	936
1355	5193	3	3	4	1	0	0	2	16	77	4	24	31072	936	0	4	0	852,936,960
1355	5194	3	3	4	1	0	0	2	16	77	4	24	31072	936	0	4	0	852,936,960
1355	5196	2	1	5	1	0	0	1	16	77	4	24	31072	936	0	5	0	936
1355	5201	3	3	4	1	0	0	2	16	77	4	24	31072	936	0	4	0	852,936,960
1355	5202	3	3	4	1	0	0	2	16	77	4	24	31072	936	0	4	0	852,936,960
1355	5204	2	1	5	1	0	0	1	16	77	4	24	31072	936	0	5	0	936
1355	5208	2	1	5	1	0	0	1	16	75	4	24	32256	960	0	5	0	960
1355	5217	2	1	5	1	0	0	1	16	77	4	24	31072	928	0	5	0	928
1355	5218	2	1	5	1	0	0	1	16	77	4	24	31072	928	0	5	0	928
1355	5220	1	1	6	0	0	0	1	16	77	4	24	31072	928	0	6	0	928
1355	5224	2	2	5	1	0	0	2	16	75	4	24	31072	928	0	5	0	928,960
1355	5232	2	2	5	1	0	0	2	16	75	4	24	31072	928	0	5	0	928,960
1355	5251	2	1	5	1	1	3	0	17	75	4	25	31072	185	24580	3	2	838
1355	5253	3	12	4	1	0	0	2	17	75	4	25	31072	952	0	4	0	672,680,688,696,736,838,928,936,944,952,960,992
1355	5254	3	12	4	1	0	0	2	17	75	4	25	31072	952	0	4	0	672,680,688,696,736,838,928,936,944,952,960,992
1355	5257	2	2	5	1	0	0	1	17	77	4	25	32256	960	0	5	0	836,960
1355	5258	2	2	5	1	0	0	1	17	77	4	25	32256	960	0	5	0	836,960
1355	5260	2	1	5	1	0	0	1	17	77	4	25	32256	960	0	5	0	960
1355	5265	2	2	5	1	0	0	1	17	77	4	25	32256	960	0	5	0	836,960
1355	5266	2	2	5	1	0	0	1	17	77	4	25	32256	960	0	5	0	836,960
1355	5268	2	1	5	1	0	0	1	17	77	4	25	32256	960	0	5	0	960
1355	5272	1	1	6	0	0	0	1	17	77	4	25	32256	960	0	6	0	960
1355	5281	3	7	4	1	0	0	2	15	94	5	25	31072	944	0	4	0	674,690,844,928,944,960,992
1355	5282	3	7	4	1	0	0	2	15	94	5	25	31072	944	0	4	0	674,690,844,928,944,960,992
1355	5284	2	2	5	1	0	0	1	15	94	5	25	31072	944	0	5	0	928,944
1355	5288	2	1	5	1	0	0	1	15	94	5	25	32256	960	0	5	0	960
1355	5296	2	1	5	1	0	0	1	15	94	5	25	32256	960	0	5	0	960
1355	5313	3	7	4	1	0	0	2	15	94	5	25	31072	944	0	4	0	674,690,844,928,944,960,992
1355	5314	3	7	4	1	0	0	2	15	94	5	25	31072	944	0	4	0	674,690,844,928,944,960,992
1355	5316	2	2	5	1	0	0	1	15	94	5	25	31072	944	0	5	0	928,944
1355	5320	2	1	5	1	0	0	1	15	94	5	25	32256	960	0	5	0	960
1355	5328	2	1	5	1	0	0	1	15	94	5	25	32256	960	0	5	0	960
1355	5344	2	1	5	1	0	0	1	13	222	6	25	31072	928	0	5	0	928
1355	5379	3	12	4	1	0	0	3	17	75	4	25	14460	415	0	4	0	608,610,612,614,736,864,866,868,870,920,960,992
1355	5381	2	1	5	1	0	0	1	17	75	4	25	31072	920	0	5	0	920
1355	5382	2	1	5	1	0	0	1	17	75	4	25	31072	920	0	5	0	920
1355	5385	3	7	4	1	0	0	3	15	94	5	25	14460	414	0	4	0	410,414,864,868,920,960,992
1355	5386	3	7	4	1	0	0	3	15	94	5	25	14460	414	0	4	0	410,414,864,868,920,960,992
1355	5388	2	1	5	1	0	0	1	15	94	5	25	31072	920	0	5	0	920
1355	5393	3	7	4	1	0	0	3	15	94	5	25	14460	414	0	4	0	410,414,864,868,920,960,992
1355	5394	3	7	4	1	0	0	3	15	94	5	25	14460	414	0	4	0	410,414,864,868,920,960,992
1355	5396	2	1	5	1	0	0	1	15	94	5	25	31072	920	0	5	0	920
1355	5400	3	5	4	1	0	0	3	13	222	6	25	14460	412	0	4	0	412,864,920,960,992
1355	5409	2	2	5	1	0	0	2	17	77	4	25	31072	912	0	5	0	912,960
1355	5410	2	2	5	1	0	0	2	17	77	4	25	31072	912	0	5	0	912,960
1355	5412	1	1	6	0	0	0	1	17	77	4	25	31072	912	0	6	0	912
1355	5416	2	2	5	1	0	0	2	15	94	5	25	31072	912	0	5	0	912,960
1355	5424	2	2	5	1	0	0	2	15	94	5	25	31072	912	0	5	0	912,960
1355	5441	2	2	5	1	0	0	2	17	77	4	25	31072	912	0	5	0	912,960
1355	5442	2	2	5	1	0	0	2	17	77	4	25	31072	912	0	5	0	912,960
1355	5444	1	1	6	0	0	0	1	17	77	4	25	31072	912	0	6	0	912
1355	5448	2	2	5	1	0	0	2	15	94	5	25	31072	912	0	5	0	912,960
1355	5456	2	2	5	1	0	0	2	15	94	5	25	31072	912	0	5	0	912,960
1355	5472	1	2	6	0	0	0	2	17	77	4	25	31072	896	0	6	0	896,960
1355	5505	1	1	6	0	0	0	1	18	75	4	26	32256	960	0	6	0	960
1355	5506	1	1	6	0	0	0	1	18	75	4	26	32256	960	0	6	0	960
1355	5508	1	1	6	0	0	0	1	18	75	4	26	32256	960	0	6	0	960
1355	5512	1	1	6	0	0	0	1	16	94	5	26	32256	960	0	6	0	960
1355	5520	1	1	6	0	0	0	1	16	94	5	26	32256	960	0	6	0	960
1355	5536	1	1	6	0	0	0	1	16	94	5	26	32256	960	0	6	0	960
1355	5568	1	1	6	0	0	0	1	16	94	5	26	32256	960	0	6	0	960
1355	5635	2	2	5	1	1	1	0	19	11	3	25	14456	286	2048	4	1	286,736
1355	5637	2	1	5	1	1	2	0	17	77	4	25	14456	287	2050	4	1	736
1355	5638	2	1	5	1	1	2	0	17	77	4	25	14456	287	2049	4	1	736
1355	5641	3	15	4	1	0	0	4	19	13	3	25	14456	412	0	4	0	412,414,736,738,804,896,904,912,920,928,960,968,976,984,992
1355	5642	3	15	4	1	0	0	4	19	13	3	25	14456	412	0	4	0	412,414,736,738,804,896,904,912,920,928,960,968,976,984,992
1355	5644	3	12	4	1	0	0	4	17	86	4	25	14456	412	0	4	0	412,736,896,904,912,920,928,960,968,976,984,992
1355	5649	3	15	4	1	0	0	4	19	13	3	25	14456	412	0	4	0	412,414,736,738,804,896,904,912,920,928,960,968,976,984,992
1355	5650	3	15	4	1	0	0	4	19	13	3	25	14456	412	0	4	0	412,414,736,738,804,896,904,912,920,928,960,968,976,984,992
1355	5652	3	12	4	1	0	0	4	17	86	4	25	14456	412	0	4	0	412,736,896,904,912,920,928,960,968,976,984,992
1355	5656	2	5	5	1	0	0	1	19	11	3	25	32256	896	0	5	0	896,904,912,920,928
1355	5665	2	2	5	1	0	0	1	17	86	4	25	31072	976	0	5	0	960,976
1355	5666	2	2	5	1	0	0	1	17	86	4	25	31072	976	0	5	0	960,976
1355	5668	2	2	5	1	0	0	1	17	236	5	25	31072	976	0	5	0	960,976
1355	5672	2	4	5	1	0	0	2	17	77	4	25	31072	976	0	5	0	896,912,960,976
1355	5680	2	4	5	1	0	0	2	17	77	4	25	31072	976	0	5	0	896,912,960,976
1355	5697	2	2	5	1	0	0	1	17	86	4	25	31072	976	0	5	0	960,976
1355	5698	2	2	5	1	0	0	1	17	86	4	25	31072	976	0	5	0	960,976
1355	5700	2	2	5	1	0	0	1	17	236	5	25	31072	976	0	5	0	960,976
1355	5704	2	4	5	1	0	0	2	17	77	4	25	31072	976	0	5	0	896,912,960,976
1355	5712	2	4	5	1	0	0	2	17	77	4	25	31072	976	0	5	0	896,912,960,976
1355	5728	1	1	6	0	0	0	1	15	94	5	25	31072	960	0	6	0	960
1355	5761	1	1	6	0	1	1	0	20	11	3	26	32256	960	256	5	1	960
1355	5762	1	1	6	0	1	1	0	20	11	3	26	32256	960	256	5	1	960
1355	5764	1	1	6	0	1	1	0	18	77	4	26	32256	960	256	5	1	960
1355	5768	1	2	6	0	0	0	1	20	13	3	26	32256	896	0	6	0	896,960
1355	5776	1	2	6	0	0	0	1	20	13	3	26	32256	896	0	6	0	896,960
1355	5792	1	1	6	0	1	1	0	16	94	5	26	31072	960	64	5	1	960
1355	5824	1	1	6	0	1	1	0	16	94	5	26	31072	960	32	5	1	960
1355	5889	2	5	5	1	0	0	2	18	77	4	26	31072	944	0	5	0	896,912,928,944,960
1355	5890	2	5	5	1	0	0	2	18	77	4	26	31072	944	0	5	0	896,912,928,944,960
1355	5892	2	5	5	1	0	0	2	16	94	5	26	31072	944	0	5	0	896,912,928,944,960
1355	5896	2	5	5	1	0	0	2	16	94	5	26	31072	944	0	5	0	896,912,928,944,960
1355	5904	2	5	5	1	0	0	2	16	94	5	26	31072	944	0	5	0	896,912,928,944,960
1355	5920	1	2	6	0	0	0	2	18	236	5	26	31072	928	0	6	0	896,928
1355	5952	1	2	6	0	0	0	2	18	236	5	26	31072	928	0	6	0	896,928
1355	6016	0	1	7	0	0	0	1	19	77	4	27	32256	896	0	7	0	896
1355	6151	1	1	6	0	0	0	2	14	94	5	24	14456	271	0	6	0	752
1355	6155	2	1	5	1	0	0	1	14	94	5	24	14460	271	0	5	0	752
1355	6157	2	2	5	1	0	0	2	16	86	4	24	14456	270	0	5	0	270,752
1355	6158	2	2	5	1	0	0	2	16	86	4	24	14456	270	0	5	0	270,752
1355	6163	2	1	5	1	0	0	1	14	94	5	24	14460	271	0	5	0	752
1355	6165	2	2	5	1	0	0	2	16	86	4	24	14456	270	0	5	0	270,752
1355	6166	2	2	5	1	0	0	2	16	86	4	24	14456	270	0	5	0	270,752
1355	6169	2	1	5	1	1	1	0	16	77	4	24	32256	976	128	4	1	976
1355	6170	2	1	5	1	1	1	0	16	77	4	24	32256	976	128	4	1	976
1355	6172	2	1	5	1	1	1	0	18	76	3	24	32256	976	128	4	1	976
1355	6179	2	2	5	1	0	0	1	16	30	4	24	14460	271	0	5	0	334,752
1355	6181	2	4	5	1	0	0	2	18	13	3	24	14456	270	0	5	0	270,334,688,752
1355	6182	2	4	5	1	0	0	2	18	13	3	24	14456	270	0	5	0	270,334,688,752
1355	6185	3	9	4	1	0	0	2	18	13	3	24	14460	270	0	4	0	270,332,690,752,836,844,852,960,976
1355	6186	3	9	4	1	0	0	2	18	13	3	24	14460	270	0	4	0	270,332,690,752,836,844,852,960,976
1355	6188	3	15	4	1	0	0	4	20	12	2	24	14456	268	0	4	0	268,270,332,334,688,690,752,754,780,808,836,844,852,960,976
1355	6193	3	9	4	1	0	0	2	18	13	3	24	14460	270	0	4	0	270,332,690,752,836,844,852,960,976
1355	6194	3	9	4	1	0	0	2	18	13	3	24	14460	270	0	4	0	270,332,690,752,836,844,852,960,976
1355	6196	3	15	4	1	0	0	4	20	12	2	24	14456	268	0	4	0	268,270,332,334,688,690,752,754,780,808,836,844,852,960,976
1355	6200	2	5	5	1	0	0	1	20	3	2	24	32256	960	0	5	0	832,840,848,960,976
1355	6211	2	2	5	1	0	0	1	16	30	4	24	14460	271	0	5	0	334,752
1355	6213	2	4	5	1	0	0	2	18	13	3	24	14456	270	0	5	0	270,334,688,752
1355	6214	2	4	5	1	0	0	2	18	13	3	24	14456	270	0	5	0	270,334,688,752
1355	6217	3	9	4	1	0	0	2	18	13	3	24	14460	270	0	4	0	270,332,690,752,836,844,852,960,976
1355	6218	3	9	4	1	0	0	2	18	13	3	24	14460	270	0	4	0	270,332,690,752,836,844,852,960,976
1355	6220	3	15	4	1	0	0	4	20	12	2	24	14456	268	0	4	0	268,270,332,334,688,690,752,754,780,808,836,844,852,960,976
1355	6225	3	9	4	1	0	0	2	18	13	3	24	14460	270	0	4	0	270,332,690,752,836,844,852,960,976
1355	6226	3	9	4	1	0	0	2	18	13	3	24	14460	270	0	4	0	270,332,690,752,836,844,852,960,976
1355	6228	3	15	4	1	0	0	4	20	12	2	24	14456	268	0	4	0	268,270,332,334,688,690,752,754,780,808,836,844,852,960,976
1355	6232	2	5	5	1	0	0	1	20	3	2	24	32256	960	0	5	0	832,840,848,960,976
1355	6241	2	3	5	1	1	1	0	20	3	2	24	14456	332	512	3	2	332,690,844
1355	6242	2	3	5	1	1	1	0	20	3	2	24	14456	332	512	3	2	332,690,844
1355	6244	2	6	5	1	1	1	0	22	1	1	24	14456	332	512	4	1	332,334,688,690,844,928
1355	6248	1	1	6	0	1	2	0	22	1	1	24	14456	840	16896	2	4	840
1355	6256	1	1	6	0	1	2	0	22	1	1	24	14456	840	16896	2	4	840
1355	6275	2	1	5	1	0	0	1	13	222	6	25	14460	287	0	5	0	736
1355	6277	2	2	5	1	0	0	2	15	94	5	25	14456	286	0	5	0	286,736
1355	6278	2	2	5	1	0	0	2	15	94	5	25	14456	286	0	5	0	286,736
1355	6281	2	1	5	1	0	0	1	15	94	5	25	32256	960	0	5	0	960
1355	6282	2	1	5	1	0	0	1	15	94	5	25	32256	960	0	5	0	960
1355	6284	2	1	5	1	0	0	1	17	86	4	25	32256	960	0	5	0	960
1355	6289	2	1	5	1	0	0	1	15	94	5	25	32256	960	0	5	0	960
1355	6290	2	1	5	1	0	0	1	15	94	5	25	32256	960	0	5	0	960
1355	6292	2	1	5	1	0	0	1	17	86	4	25	32256	960	0	5	0	960
1355	6296	1	1	6	0	0	0	1	17	77	4	25	32256	960	0	6	0	960
1355	6305	3	7	4	1	0	0	2	15	94	5	25	14460	286	0	4	0	286,348,674,736,844,960,992
1355	6306	3	7	4	1	0	0	2	15	94	5	25	14460	286	0	4	0	286,348,674,736,844,960,992
1355	6308	3	12	4	1	0	0	3	17	77	4	25	14456	284	0	4	0	284,286,348,350,672,674,736,738,844,928,960,992
1355	6312	2	2	5	1	0	0	1	17	77	4	25	32256	960	0	5	0	840,960
1355	6320	2	2	5	1	0	0	1	17	77	4	25	32256	960	0	5	0	840,960
1355	6337	3	7	4	1	0	0	2	15	94	5	25	14460	286	0	4	0	286,348,674,736,844,960,992
1355	6338	3	7	4	1	0	0	2	15	94	5	25	14460	286	0	4	0	286,348,674,736,844,960,992
1355	6340	3	12	4	1	0	0	3	17	77	4	25	14456	284	0	4	0	284,286,348,350,672,674,736,738,844,928,960,992
1355	6344	2	2	5	1	0	0	1	17	77	4	25	32256	960	0	5	0	840,960
1355	6352	2	2	5	1	0	0	1	17	77	4	25	32256	960	0	5	0	840,960
1355	6368	2	1	5	1	1	2	0	17	75	4	25	14456	856	16896	2	3	856
1355	6403	1	1	6	0	0	0	1	15	94	5	25	14460	287	0	6	0	736
1355	6405	1	2	6	0	0	0	2	17	77	4	25	14456	286	0	6	0	286,736
1355	6406	1	2	6	0	0	0	2	17	77	4	25	14456	286	0	6	0	286,736
1355	6409	2	3	5	1	0	0	1	17	236	5	25	14460	286	0	5	0	286,736,992
1355	6410	2	3	5	1	0	0	1	17	236	5	25	14460	286	0	5	0	286,736,992
1355	6412	2	5	5	1	0	0	2	17	86	4	25	14456	284	0	5	0	284,286,736,738,992
1355	6417	2	3	5	1	0	0	1	17	236	5	25	14460	286	0	5	0	286,736,992
1355	6418	2	3	5	1	0	0	1	17	236	5	25	14460	286	0	5	0	286,736,992
1355	6420	2	5	5	1	0	0	2	17	86	4	25	14456	284	0	5	0	284,286,736,738,992
1355	6424	2	1	5	1	1	1	0	15	94	5	25	32256	992	128	4	1	992
1355	6433	2	4	5	1	0	0	2	19	13	3	25	14460	286	0	5	0	286,736,960,992
1355	6434	2	4	5	1	0	0	2	19	13	3	25	14460	286	0	5	0	286,736,960,992
1355	6436	2	6	5	1	0	0	3	21	3	2	25	14456	284	0	5	0	284,286,736,738,960,992
1355	6440	2	2	5	1	0	0	1	19	13	3	25	32256	960	0	5	0	960,992
1355	6448	2	2	5	1	0	0	1	19	13	3	25	32256	960	0	5	0	960,992
1355	6465	2	4	5	1	0	0	2	19	13	3	25	14460	286	0	5	0	286,736,960,992
1355	6466	2	4	5	1	0	0	2	19	13	3	25	14460	286	0	5	0	286,736,960,992
1355	6468	2	6	5	1	0	0	3	21	3	2	25	14456	284	0	5	0	284,286,736,738,960,992
1355	6472	2	2	5	1	0	0	1	19	13	3	25	32256	960	0	5	0	960,992
1355	6480	2	2	5	1	0	0	1	19	13	3	25	32256	960	0	5	0	960,992
1355	6496	1	1	6	0	0	0	1	23	1	1	25	32256	960	0	6	0	960
1355	6529	1	1	6	0	0	0	1	16	94	5	26	32256	960	0	6	0	960
1355	6530	1	1	6	0	0	0	1	16	94	5	26	32256	960	0	6	0	960
1355	6532	1	1	6	0	0	0	1	18	77	4	26	32256	960	0	6	0	960
1355	6536	1	1	6	0	0	0	1	18	236	5	26	32256	960	0	6	0	960
1355	6544	1	1	6	0	0	0	1	18	236	5	26	32256	960	0	6	0	960
1355	6560	1	1	6	0	0	0	1	18	77	4	26	32256	960	0	6	0	960
1355	6592	1	1	6	0	0	0	1	18	77	4	26	32256	960	0	6	0	960
1355	6659	1	2	6	0	0	0	2	15	94	5	25	14456	286	0	6	0	286,736
1355	6661	1	2	6	0	0	0	2	17	236	5	25	14456	286	0	6	0	286,736
1355	6662	1	2	6	0	0	0	2	17	236	5	25	14456	286	0	6	0	286,736
1355	6665	2	4	5	1	0	0	2	17	77	4	25	14456	284	0	5	0	284,286,736,738
1355	6666	2	4	5	1	0	0	2	17	77	4	25	14456	284	0	5	0	284,286,736,738
1355	6668	2	4	5	1	0	0	2	17	86	4	25	14456	284	0	5	0	284,286,736,738
1355	6673	2	4	5	1	0	0	2	17	77	4	25	14456	284	0	5	0	284,286,736,738
1355	6674	2	4	5	1	0	0	2	17	77	4	25	14456	284	0	5	0	284,286,736,738
1355	6676	2	4	5	1	0	0	2	17	86	4	25	14456	284	0	5	0	284,286,736,738
1355	6680	2	2	5	1	1	1	0	19	11	3	25	14456	792	16384	4	1	792,928
1355	6689	2	4	5	1	0	0	2	17	86	4	25	14456	284	0	5	0	284,286,736,738
1355	6690	2	4	5	1	0	0	2	17	86	4	25	14456	284	0	5	0	284,286,736,738
1355	6692	2	4	5	1	0	0	2	17	77	4	25	14456	284	0	5	0	284,286,736,738
1355	6696	2	1	5	1	1	1	0	19	13	3	25	14456	792	16384	4	1	792
1355	6704	2	1	5	1	1	1	0	19	13	3	25	14456	792	16384	4	1	792
1355	6721	2	4	5	1	0	0	2	17	86	4	25	14456	284	0	5	0	284,286,736,738
1355	6722	2	4	5	1	0	0	2	17	86	4	25	14456	284	0	5	0	284,286,736,738
1355	6724	2	4	5	1	0	0	2	17	77	4	25	14456	284	0	5	0	284,286,736,738
1355	6728	2	1	5	1	1	1	0	19	13	3	25	14456	792	16384	4	1	792
1355	6736	2	1	5	1	1	1	0	19	13	3	25	14456	792	16384	4	1	792
1355	6752	2	2	5	1	1	1	0	19	11	3	25	14456	792	16384	4	1	792,960
1355	6785	2	5	5	1	0	0	2	16	94	5	26	14456	316	0	5	0	316,318,704,706,960
1355	6786	2	5	5	1	0	0	2	16	94	5	26	14456	316	0	5	0	316,318,704,706,960
1355	6788	2	5	5	1	0	0	2	18	236	5	26	14456	316	0	5	0	316,318,704,706,960
1355	6792	2	2	5	1	0	0	1	18	77	4	26	32256	896	0	5	0	896,960
1355	6800	2	2	5	1	0	0	1	18	77	4	26	32256	896	0	5	0	896,960
1355	6816	2	1	5	1	1	1	0	16	94	5	26	32256	960	256	4	1	960
1355	6848	2	1	5	1	1	1	0	16	94	5	26	32256	960	256	4	1	960
1355	6913	2	5	5	1	0	0	2	18	236	5	26	14456	316	0	5	0	316,318,704,706,960
1355	6914	2	5	5	1	0	0	2	18	236	5	26	14456	316	0	5	0	316,318,704,706,960
1355	6916	2	5	5	1	0	0	2	16	94	5	26	14456	316	0	5	0	316,318,704,706,960
1355	6920	2	1	5	1	1	1	0	16	94	5	26	32256	960	128	4	1	960
1355	6928	2	1	5	1	1	1	0	16	94	5	26	32256	960	128	4	1	960
1355	6944	2	2	5	1	0	0	1	18	77	4	26	32256	896	0	5	0	896,960
1355	6976	2	2	5	1	0	0	1	18	77	4	26	32256	896	0	5	0	896,960
1355	7040	1	1	6	0	0	0	1	19	236	5	27	32256	896	0	6	0	896
1355	7171	2	1	5	1	0	0	1	16	94	5	26	14460	287	0	5	0	736
1355	7173	2	2	5	1	0	0	2	18	77	4	26	14456	286	0	5	0	286,736
1355	7174	2	2	5	1	0	0	2	18	77	4	26	14456	286	0	5	0	286,736
1355	7177	2	2	5	1	1	1	0	18	236	5	26	32256	928	128	4	1	928,932
1355	7178	2	2	5	1	1	1	0	18	236	5	26	32256	928	128	4	1	928,932
1355	7180	2	2	5	1	1	1	0	18	86	4	26	32256	928	128	4	1	928,932
1355	7185	2	2	5	1	1	1	0	18	236	5	26	32256	928	128	4	1	928,932
1355	7186	2	2	5	1	1	1	0	18	236	5	26	32256	928	128	4	1	928,932
1355	7188	2	2	5	1	1	1	0	18	86	4	26	32256	928	128	4	1	928,932
1355	7192	1	1	6	0	1	1	0	16	94	5	26	32256	928	128	5	1	928
1355	7201	3	15	4	1	0	0	3	18	86	4	26	14460	286	0	4	0	286,412,610,736,848,896,900,904,908,928,932,936,940,960,992
1355	7202	3	15	4	1	0	0	3	18	86	4	26	14460	286	0	4	0	286,412,610,736,848,896,900,904,908,928,932,936,940,960,992
1355	7204	2	1	5	1	0	0	1	20	13	3	26	31072	848	0	5	0	848
1355	7208	2	4	5	1	0	0	1	18	77	4	26	32256	896	0	5	0	896,904,928,936
1355	7216	2	4	5	1	0	0	1	18	77	4	26	32256	896	0	5	0	896,904,928,936
1355	7233	3	15	4	1	0	0	3	18	86	4	26	14460	286	0	4	0	286,412,610,736,848,896,900,904,908,928,932,936,940,960,992
1355	7234	3	15	4	1	0	0	3	18	86	4	26	14460	286	0	4	0	286,412,610,736,848,896,900,904,908,928,932,936,940,960,992
1355	7236	2	1	5	1	0	0	1	20	13	3	26	31072	848	0	5	0	848
1355	7240	2	4	5	1	0	0	1	18	77	4	26	32256	896	0	5	0	896,904,928,936
1355	7248	2	4	5	1	0	0	1	18	77	4	26	32256	896	0	5	0	896,904,928,936
1355	7264	2	6	5	1	0	0	2	20	11	3	26	31072	832	0	5	0	832,896,904,912,920,960
1355	7297	2	5	5	1	0	0	1	17	94	5	27	32256	896	0	5	0	896,900,904,908,960
1355	7298	2	5	5	1	0	0	1	17	94	5	27	32256	896	0	5	0	896,900,904,908,960
1355	7300	2	5	5	1	0	0	1	19	77	4	27	32256	896	0	5	0	896,900,904,908,960
1355	7304	1	2	6	0	0	0	1	19	236	5	27	32256	896	0	6	0	896,904
1355	7312	1	2	6	0	0	0	1	19	236	5	27	32256	896	0	6	0	896,904
1355	7328	2	5	5	1	0	0	1	17	94	5	27	32256	896	0	5	0	896,904,912,920,960
1355	7360	2	5	5	1	0	0	1	17	94	5	27	32256	896	0	5	0	896,904,912,920,960
1355	7425	1	1	6	0	1	1	0	19	77	4	27	32256	960	128	5	1	960
1355	7426	1	1	6	0	1	1	0	19	77	4	27	32256	960	128	5	1	960
1355	7428	1	1	6	0	1	1	0	21	11	3	27	32256	960	128	5	1	960
1355	7432	1	1	6	0	1	1	0	17	94	5	27	32256	960	128	5	1	960
1355	7440	1	1	6	0	1	1	0	17	94	5	27	32256	960	128	5	1	960
1355	7456	1	2	6	0	0	0	1	21	13	3	27	32256	896	0	6	0	896,960
1355	7488	1	2	6	0	0	0	1	21	13	3	27	32256	896	0	6	0	896,960
1355	7552	0	1	7	0	0	0	1	20	77	4	28	32256	896	0	7	0	896
1355	7681	2	5	5	1	0	0	2	19	86	4	27	14456	316	0	5	0	316,318,704,706,960
1355	7682	2	5	5	1	0	0	2	19	86	4	27	14456	316	0	5	0	316,318,704,706,960
1355	7684	2	5	5	1	0	0	2	19	86	4	27	14456	316	0	5	0	316,318,704,706,960
1355	7688	2	3	5	1	1	1	0	19	86	4	27	32256	832	128	4	1	832,840,960
1355	7696	2	3	5	1	1	1	0	19	86	4	27	32256	832	128	4	1	832,840,960
1355	7712	2	3	5	1	0	0	1	19	86	4	27	31072	928	0	5	0	896,928,960
1355	7744	2	3	5	1	0	0	1	19	86	4	27	31072	928	0	5	0	896,928,960
1355	7808	1	1	6	0	1	1	0	20	86	4	28	32256	896	256	5	1	896
1355	7936	1	1	6	0	1	1	0	20	86	4	28	32256	896	128	5	1	896
1355	8207	2	1	5	1	0	0	2	16	11	3	22	14456	391	0	5	0	632
1355	8215	2	1	5	1	0	0	2	16	11	3	22	14456	391	0	5	0	632
1355	8219	2	3	5	1	0	0	1	18	3	2	22	14460	391	0	5	0	616,632,872
1355	8221	2	2	5	1	0	0	2	18	3	2	22	14456	390	0	5	0	390,406
1355	8222	2	2	5	1	0	0	2	18	3	2	22	14456	390	0	5	0	390,406
1355	8231	2	1	5	1	1	2	0	16	11	3	22	14456	295	2560	4	1	728
1355	8235	3	3	4	1	0	0	1	18	3	2	22	14460	391	0	4	0	294,632,810
1355	8237	3	3	4	1	0	0	3	18	3	2	22	14456	390	0	4	0	390,728,916
1355	8238	3	3	4	1	0	0	3	18	3	2	22	14456	390	0	4	0	390,728,916
1355	8243	3	3	4	1	0	0	1	18	3	2	22	14460	391	0	4	0	294,632,810
1355	8245	3	3	4	1	0	0	3	18	3	2	22	14456	390	0	4	0	390,728,916
1355	8246	3	3	4	1	0	0	3	18	3	2	22	14456	390	0	4	0	390,728,916
1355	8249	3	9	4	1	0	0	3	20	1	1	22	14460	390	0	4	0	390,406,808,872,900,916,928,932,992
1355	8250	3	9	4	1	0	0	3	20	1	1	22	14460	390	0	4	0	390,406,808,872,900,916,928,932,992
1355	8252	2	2	5	1	0	0	1	20	1	1	22	31072	916	0	5	0	900,916
1355	8263	2	1	5	1	1	2	0	16	11	3	22	14456	295	2560	4	1	728
1355	8267	3	3	4	1	0	0	1	18	3	2	22	14460	391	0	4	0	294,632,810
1355	8269	3	3	4	1	0	0	3	18	3	2	22	14456	390	0	4	0	390,728,916
1355	8270	3	3	4	1	0	0	3	18	3	2	22	14456	390	0	4	0	390,728,916
1355	8275	3	3	4	1	0	0	1	18	3	2	22	14460	391	0	4	0	294,632,810
1355	8277	3	3	4	1	0	0	3	18	3	2	22	14456	390	0	4	0	390,728,916
1355	8278	3	3	4	1	0	0	3	18	3	2	22	14456	390	0	4	0	390,728,916
1355	8281	3	9	4	1	0	0	3	20	1	1	22	14460	390	0	4	0	390,406,808,872,900,916,928,932,992
1355	8282	3	9	4	1	0	0	3	20	1	1	22	14460	390	0	4	0	390,406,808,872,900,916,928,932,992
1355	8284	2	2	5	1	0	0	1	20	1	1	22	31072	916	0	5	0	900,916
1355	8291	2	2	5	1	2	2	0	18	3	2	22	14456	294	2560	2	3	294,302
1355	8293	2	3	5	1	1	1	0	18	3	2	22	31072	976	1024	4	1	720,728,976
1355	8294	2	3	5	1	1	1	0	18	3	2	22	31072	976	1024	4	1	720,728,976
1355	8297	3	9	4	1	0	0	2	20	1	1	22	31072	912	0	4	0	722,730,804,812,912,928,932,976,992
1355	8298	3	9	4	1	0	0	2	20	1	1	22	31072	912	0	4	0	722,730,804,812,912,928,932,976,992
1355	8300	2	2	5	1	0	0	1	20	1	1	22	31072	912	0	5	0	912,976
1355	8305	3	9	4	1	0	0	2	20	1	1	22	31072	912	0	4	0	722,730,804,812,912,928,932,976,992
1355	8306	3	9	4	1	0	0	2	20	1	1	22	31072	912	0	4	0	722,730,804,812,912,928,932,976,992
1355	8308	2	2	5	1	0	0	1	20	1	1	22	31072	912	0	5	0	912,976
1355	8312	1	1	6	0	1	1	0	22	0	0	22	32256	928	1024	5	1	928
1355	8327	2	2	5	1	1	1	0	15	75	4	23	14456	271	2048	4	1	720,752
1355	8331	3	7	4	1	0	0	2	17	11	3	23	14460	399	0	4	0	302,624,752,802,864,866,992
1355	8333	3	4	4	1	0	0	3	17	11	3	23	14456	398	0	4	0	398,720,752,992
1355	8334	3	4	4	1	0	0	3	17	11	3	23	14456	398	0	4	0	398,720,752,992
1355	8339	3	7	4	1	0	0	2	17	11	3	23	14460	399	0	4	0	302,624,752,802,864,866,992
1355	8341	3	4	4	1	0	0	3	17	11	3	23	14456	398	0	4	0	398,720,752,992
1355	8342	3	4	4	1	0	0	3	17	11	3	23	14456	398	0	4	0	398,720,752,992
1355	8345	2	2	5	1	0	0	1	19	3	2	23	32256	992	0	5	0	864,992
1355	8346	2	2	5	1	0	0	1	19	3	2	23	32256	992	0	5	0	864,992
1355	8348	2	1	5	1	0	0	1	19	3	2	23	32256	992	0	5	0	992
1355	8355	2	1	5	1	2	2	0	15	77	4	23	14456	302	2560	2	3	302
1355	8357	2	1	5	1	2	3	0	15	77	4	23	14456	303	2562	3	2	720
1355	8358	2	1	5	1	2	3	0	15	77	4	23	14456	303	2561	3	2	720
1355	8361	3	3	4	1	0	0	1	17	13	3	23	32256	992	0	4	0	722,804,992
1355	8362	3	3	4	1	0	0	1	17	13	3	23	32256	992	0	4	0	722,804,992
1355	8364	3	4	4	1	0	0	2	17	13	3	23	31072	920	0	4	0	720,920,976,992
1355	8369	3	3	4	1	0	0	1	17	13	3	23	32256	992	0	4	0	722,804,992
1355	8370	3	3	4	1	0	0	1	17	13	3	23	32256	992	0	4	0	722,804,992
1355	8372	3	4	4	1	0	0	2	17	13	3	23	31072	920	0	4	0	720,920,976,992
1355	8376	2	2	5	1	0	0	1	19	3	2	23	32256	992	0	5	0	928,992
1355	8387	2	1	5	1	2	2	0	15	77	4	23	14456	302	2560	2	3	302
1355	8389	2	1	5	1	2	3	0	15	77	4	23	14456	303	2562	3	2	720
1355	8390	2	1	5	1	2	3	0	15	77	4	23	14456	303	2561	3	2	720
1355	8393	3	3	4	1	0	0	1	17	13	3	23	32256	992	0	4	0	722,804,992
1355	8394	3	3	4	1	0	0	1	17	13	3	23	32256	992	0	4	0	722,804,992
1355	8396	3	4	4	1	0	0	2	17	13	3	23	31072	920	0	4	0	720,920,976,992
1355	8401	3	3	4	1	0	0	1	17	13	3	23	32256	992	0	4	0	722,804,992
1355	8402	3	3	4	1	0	0	1	17	13	3	23	32256	992	0	4	0	722,804,992
1355	8404	3	4	4	1	0	0	2	17	13	3	23	31072	920	0	4	0	720,920,976,992
1355	8408	2	2	5	1	0	0	1	19	3	2	23	32256	992	0	5	0	928,992
1355	8417	2	1	5	1	2	3	0	15	77	4	23	14456	301	2562	1	4	722
1355	8418	2	1	5	1	2	3	0	15	77	4	23	14456	301	2561	1	4	722
1355	8420	2	2	5	1	1	1	0	15	77	4	23	31072	976	1024	4	1	720,976
1355	8424	3	7	4	1	0	0	2	17	11	3	23	31072	912	0	4	0	724,808,912,928,936,976,992
1355	8432	3	7	4	1	0	0	2	17	11	3	23	31072	912	0	4	0	724,808,912,928,936,976,992
1355	8455	2	2	5	1	0	0	2	15	75	4	23	14456	399	0	5	0	624,752
1355	8459	2	1	5	1	0	0	1	15	77	4	23	14460	399	0	5	0	624
1355	8461	2	1	5	1	0	0	2	15	77	4	23	14456	398	0	5	0	398
1355	8462	2	1	5	1	0	0	2	15	77	4	23	14456	398	0	5	0	398
1355	8467	2	1	5	1	0	0	1	15	77	4	23	14460	399	0	5	0	624
1355	8469	2	1	5	1	0	0	2	15	77	4	23	14456	398	0	5	0	398
1355	8470	2	1	5	1	0	0	2	15	77	4	23	14456	398	0	5	0	398
1355	8473	2	1	5	1	0	0	1	15	77	4	23	14460	398	0	5	0	398
1355	8474	2	1	5	1	0	0	1	15	77	4	23	14460	398	0	5	0	398
1355	8476	2	2	5	1	0	0	3	15	77	4	23	14456	396	0	5	0	396,908
1355	8483	3	4	4	1	0	0	2	17	11	3	23	14460	399	0	4	0	302,624,752,992
1355	8485	3	7	4	1	0	0	4	17	11	3	23	14456	398	0	4	0	398,720,752,904,960,968,992
1355	8486	3	7	4	1	0	0	4	17	11	3	23	14456	398	0	4	0	398,720,752,904,960,968,992
1355	8489	3	3	4	1	0	0	3	17	13	3	23	14460	398	0	4	0	398,904,992
1355	8490	3	3	4	1	0	0	3	17	13	3	23	14460	398	0	4	0	398,904,992
1355	8492	2	1	5	1	0	0	1	17	13	3	23	31072	904	0	5	0	904
1355	8497	3	3	4	1	0	0	3	17	13	3	23	14460	398	0	4	0	398,904,992
1355	8498	3	3	4	1	0	0	3	17	13	3	23	14460	398	0	4	0	398,904,992
1355	8500	2	1	5	1	0	0	1	17	13	3	23	31072	904	0	5	0	904
1355	8504	2	1	5	1	0	0	1	17	11	3	23	31072	904	0	5	0	904
1355	8515	3	4	4	1	0	0	2	17	11	3	23	14460	399	0	4	0	302,624,752,992
1355	8517	3	7	4	1	0	0	4	17	11	3	23	14456	398	0	4	0	398,720,752,904,960,968,992
1355	8518	3	7	4	1	0	0	4	17	11	3	23	14456	398	0	4	0	398,720,752,904,960,968,992
1355	8521	3	3	4	1	0	0	3	17	13	3	23	14460	398	0	4	0	398,904,992
1355	8522	3	3	4	1	0	0	3	17	13	3	23	14460	398	0	4	0	398,904,992
1355	8524	2	1	5	1	0	0	1	17	13	3	23	31072	904	0	5	0	904
1355	8529	3	3	4	1	0	0	3	17	13	3	23	14460	398	0	4	0	398,904,992
1355	8530	3	3	4	1	0	0	3	17	13	3	23	14460	398	0	4	0	398,904,992
1355	8532	2	1	5	1	0	0	1	17	13	3	23	31072	904	0	5	0	904
1355	8536	2	1	5	1	0	0	1	17	11	3	23	31072	904	0	5	0	904
1355	8545	2	2	5	1	0	0	1	19	3	2	23	32256	992	0	5	0	960,992
1355	8546	2	2	5	1	0	0	1	19	3	2	23	32256	992	0	5	0	960,992
1355	8548	1	1	6	0	1	1	0	19	3	2	23	31072	960	1024	5	1	960
1355	8552	2	4	5	1	0	0	2	19	3	2	23	31072	896	0	5	0	896,928,960,992
1355	8560	2	4	5	1	0	0	2	19	3	2	23	31072	896	0	5	0	896,928,960,992
1355	8579	2	2	5	1	0	0	1	16	75	4	24	32256	992	0	5	0	736,992
1355	8581	2	2	5	1	0	0	1	16	75	4	24	32256	992	0	5	0	736,992
1355	8582	2	2	5	1	0	0	1	16	75	4	24	32256	992	0	5	0	736,992
1355	8585	2	1	5	1	0	0	1	16	77	4	24	32256	992	0	5	0	992
1355	8586	2	1	5	1	0	0	1	16	77	4	24	32256	992	0	5	0	992
1355	8588	2	1	5	1	0	0	1	16	77	4	24	32256	992	0	5	0	992
1355	8593	2	1	5	1	0	0	1	16	77	4	24	32256	992	0	5	0	992
1355	8594	2	1	5	1	0	0	1	16	77	4	24	32256	992	0	5	0	992
1355	8596	2	1	5	1	0	0	1	16	77	4	24	32256	992	0	5	0	992
1355	8600	2	1	5	1	0	0	1	16	77	4	24	32256	992	0	5	0	992
1355	8609	2	1	5	1	0	0	1	16	77	4	24	32256	992	0	5	0	992
1355	8610	2	1	5	1	0	0	1	16	77	4	24	32256	992	0	5	0	992
1355	8612	2	2	5	1	0	0	1	16	77	4	24	32256	992	0	5	0	960,992
1355	8616	2	1	5	1	0	0	1	16	86	4	24	32256	992	0	5	0	992
1355	8624	2	1	5	1	0	0	1	16	86	4	24	32256	992	0	5	0	992
1355	8641	2	1	5	1	0	0	1	16	77	4	24	32256	992	0	5	0	992
1355	8642	2	1	5	1	0	0	1	16	77	4	24	32256	992	0	5	0	992
1355	8644	2	2	5	1	0	0	1	16	77	4	24	32256	992	0	5	0	960,992
1355	8648	2	1	5	1	0	0	1	16	86	4	24	32256	992	0	5	0	992
1355	8656	2	1	5	1	0	0	1	16	86	4	24	32256	992	0	5	0	992
1355	8672	2	2	5	1	0	0	1	16	77	4	24	32256	992	0	5	0	960,992
1355	8711	1	1	6	0	1	1	0	15	77	4	23	14456	271	2048	5	1	752
1355	8715	2	4	5	1	0	0	2	19	3	2	23	14456	398	0	5	0	270,398,624,752
1355	8717	2	2	5	1	0	0	2	17	13	3	23	14456	398	0	5	0	398,752
1355	8718	2	2	5	1	0	0	2	17	13	3	23	14456	398	0	5	0	398,752
1355	8723	2	4	5	1	0	0	2	19	3	2	23	14456	398	0	5	0	270,398,624,752
1355	8725	2	2	5	1	0	0	2	17	13	3	23	14456	398	0	5	0	398,752
1355	8726	2	2	5	1	0	0	2	17	13	3	23	14456	398	0	5	0	398,752
1355	8729	2	3	5	1	0	0	2	21	1	1	23	14456	396	0	5	0	396,398,908
1355	8730	2	3	5	1	0	0	2	21	1	1	23	14456	396	0	5	0	396,398,908
1355	8732	2	2	5	1	0	0	2	19	3	2	23	14456	396	0	5	0	396,908
1355	8739	2	2	5	1	1	1	0	17	76	3	23	14456	270	2048	4	1	270,752
1355	8741	2	1	5	1	1	2	0	15	86	4	23	14456	271	2050	4	1	752
1355	8742	2	1	5	1	1	2	0	15	86	4	23	14456	271	2049	4	1	752
1355	8745	3	9	4	1	0	0	4	19	12	2	23	14456	396	0	4	0	396,398,752,754,904,908,936,960,992
1355	8746	3	9	4	1	0	0	4	19	12	2	23	14456	396	0	4	0	396,398,752,754,904,908,936,960,992
1355	8748	3	7	4	1	0	0	4	17	13	3	23	14456	396	0	4	0	396,752,904,908,936,960,992
1355	8753	3	9	4	1	0	0	4	19	12	2	23	14456	396	0	4	0	396,398,752,754,904,908,936,960,992
1355	8754	3	9	4	1	0	0	4	19	12	2	23	14456	396	0	4	0	396,398,752,754,904,908,936,960,992
1355	8756	3	7	4	1	0	0	4	17	13	3	23	14456	396	0	4	0	396,752,904,908,936,960,992
1355	8760	1	1	6	0	1	1	0	21	1	1	23	14456	904	16384	4	2	904
1355	8771	2	2	5	1	1	1	0	17	76	3	23	14456	270	2048	4	1	270,752
1355	8773	2	1	5	1	1	2	0	15	86	4	23	14456	271	2050	4	1	752
1355	8774	2	1	5	1	1	2	0	15	86	4	23	14456	271	2049	4	1	752
1355	8777	3	9	4	1	0	0	4	19	12	2	23	14456	396	0	4	0	396,398,752,754,904,908,936,960,992
1355	8778	3	9	4	1	0	0	4	19	12	2	23	14456	396	0	4	0	396,398,752,754,904,908,936,960,992
1355	8780	3	7	4	1	0	0	4	17	13	3	23	14456	396	0	4	0	396,752,904,908,936,960,992
1355	8785	3	9	4	1	0	0	4	19	12	2	23	14456	396	0	4	0	396,398,752,754,904,908,936,960,992
1355	8786	3	9	4	1	0	0	4	19	12	2	23	14456	396	0	4	0	396,398,752,754,904,908,936,960,992
1355	8788	3	7	4	1	0	0	4	17	13	3	23	14456	396	0	4	0	396,752,904,908,936,960,992
1355	8792	1	1	6	0	1	1	0	21	1	1	23	14456	904	16384	4	2	904
1355	8801	2	1	5	1	1	1	0	17	76	3	23	31072	992	1024	4	1	992
1355	8802	2	1	5	1	1	1	0	17	76	3	23	31072	992	1024	4	1	992
1355	8804	2	1	5	1	1	1	0	15	77	4	23	31072	992	1024	4	1	992
1355	8808	2	5	5	1	0	0	2	19	3	2	23	31072	928	0	5	0	896,904,928,960,992
1355	8816	2	5	5	1	0	0	2	19	3	2	23	31072	928	0	5	0	896,904,928,960,992
1355	8835	1	2	6	0	2	1	0	18	11	3	24	14456	286	2048	4	2	286,736
1355	8837	1	1	6	0	2	2	0	16	77	4	24	14456	287	2050	4	2	736
1355	8838	1	1	6	0	2	2	0	16	77	4	24	14456	287	2049	4	2	736
1355	8841	2	4	5	1	0	0	1	20	3	2	24	32256	960	0	5	0	736,738,960,992
1355	8842	2	4	5	1	0	0	1	20	3	2	24	32256	960	0	5	0	736,738,960,992
1355	8844	2	3	5	1	0	0	1	18	13	3	24	32256	960	0	5	0	736,960,992
1355	8849	2	4	5	1	0	0	1	20	3	2	24	32256	960	0	5	0	736,738,960,992
1355	8850	2	4	5	1	0	0	1	20	3	2	24	32256	960	0	5	0	736,738,960,992
1355	8852	2	3	5	1	0	0	1	18	13	3	24	32256	960	0	5	0	736,960,992
1355	8856	1	1	6	0	0	0	1	22	1	1	24	32256	960	0	6	0	960
1355	8865	2	3	5	1	1	1	0	16	86	4	24	32256	992	256	4	1	736,738,992
1355	8866	2	3	5	1	1	1	0	16	86	4	24	32256	992	256	4	1	736,738,992
1355	8868	2	2	5	1	1	1	0	16	236	5	24	32256	992	256	4	1	736,992
1355	8872	2	2	5	1	0	0	1	18	13	3	24	32256	960	0	5	0	960,992
1355	8880	2	2	5	1	0	0	1	18	13	3	24	32256	960	0	5	0	960,992
1355	8897	2	3	5	1	1	1	0	16	86	4	24	32256	992	256	4	1	736,738,992
1355	8898	2	3	5	1	1	1	0	16	86	4	24	32256	992	256	4	1	736,738,992
1355	8900	2	2	5	1	1	1	0	16	236	5	24	32256	992	256	4	1	736,992
1355	8904	2	2	5	1	0	0	1	18	13	3	24	32256	960	0	5	0	960,992
1355	8912	2	2	5	1	0	0	1	18	13	3	24	32256	960	0	5	0	960,992
1355	8928	2	1	5	1	1	1	0	14	94	5	24	31072	992	1024	4	1	992
1355	8963	2	2	5	1	1	1	0	16	77	4	24	14456	286	2048	4	1	286,736
1355	8965	2	1	5	1	1	2	0	14	94	5	24	14456	287	2050	4	1	736
1355	8966	2	1	5	1	1	2	0	14	94	5	24	14456	287	2049	4	1	736
1355	8969	3	7	4	1	0	0	4	16	77	4	24	14456	412	0	4	0	412,414,736,738,920,960,992
1355	8970	3	7	4	1	0	0	4	16	77	4	24	14456	412	0	4	0	412,414,736,738,920,960,992
1355	8972	3	5	4	1	0	0	4	14	94	5	24	14456	412	0	4	0	412,736,920,960,992
1355	8977	3	7	4	1	0	0	4	16	77	4	24	14456	412	0	4	0	412,414,736,738,920,960,992
1355	8978	3	7	4	1	0	0	4	16	77	4	24	14456	412	0	4	0	412,414,736,738,920,960,992
1355	8980	3	5	4	1	0	0	4	14	94	5	24	14456	412	0	4	0	412,736,920,960,992
1355	8984	2	1	5	1	0	0	1	16	75	4	24	31072	920	0	5	0	920
1355	8993	2	1	5	1	0	0	1	16	86	4	24	32256	960	0	5	0	960
1355	8994	2	1	5	1	0	0	1	16	86	4	24	32256	960	0	5	0	960
1355	8996	2	1	5	1	0	0	1	14	94	5	24	32256	960	0	5	0	960
1355	9000	2	2	5	1	0	0	2	16	77	4	24	31072	912	0	5	0	912,960
1355	9008	2	2	5	1	0	0	2	16	77	4	24	31072	912	0	5	0	912,960
1355	9025	2	1	5	1	0	0	1	16	86	4	24	32256	960	0	5	0	960
1355	9026	2	1	5	1	0	0	1	16	86	4	24	32256	960	0	5	0	960
1355	9028	2	1	5	1	0	0	1	14	94	5	24	32256	960	0	5	0	960
1355	9032	2	2	5	1	0	0	2	16	77	4	24	31072	912	0	5	0	912,960
1355	9040	2	2	5	1	0	0	2	16	77	4	24	31072	912	0	5	0	912,960
1355	9056	1	1	6	0	0	0	1	16	77	4	24	32256	960	0	6	0	960
1355	9089	1	1	6	0	0	0	1	17	77	4	25	32256	960	0	6	0	960
1355	9090	1	1	6	0	0	0	1	17	77	4	25	32256	960	0	6	0	960
1355	9092	1	1	6	0	0	0	1	15	94	5	25	32256	960	0	6	0	960
1355	9096	1	1	6	0	0	0	1	17	77	4	25	32256	960	0	6	0	960
1355	9104	1	1	6	0	0	0	1	17	77	4	25	32256	960	0	6	0	960
1355	9120	1	1	6	0	0	0	1	17	236	5	25	32256	960	0	6	0	960
1355	9152	1	1	6	0	0	0	1	17	236	5	25	32256	960	0	6	0	960
1355	9223	3	7	4	1	0	0	3	16	75	4	24	14456	399	0	4	0	172,428,624,684,688,752,940
1355	9227	2	1	5	1	1	3	0	16	77	4	24	14460	173	4368	4	1	850
1355	9229	3	4	4	1	0	0	3	16	77	4	24	14456	398	0	4	0	398,428,850,940
1355	9230	3	4	4	1	0	0	3	16	77	4	24	14456	398	0	4	0	398,428,850,940
1355	9235	2	1	5	1	1	3	0	16	77	4	24	14460	173	4360	4	1	850
1355	9237	3	4	4	1	0	0	3	16	77	4	24	14456	398	0	4	0	398,428,850,940
1355	9238	3	4	4	1	0	0	3	16	77	4	24	14456	398	0	4	0	398,428,850,940
1355	9241	2	1	5	1	1	2	0	16	77	4	24	32256	848	2176	4	1	848
1355	9242	2	1	5	1	1	2	0	16	77	4	24	32256	848	2176	4	1	848
1355	9244	3	7	4	1	0	0	4	16	77	4	24	14456	396	0	4	0	396,428,848,908,940,960,976
1355	9251	3	4	4	1	0	0	1	16	77	4	24	31072	936	0	4	0	334,342,854,936
1355	9253	2	1	5	1	0	0	1	16	77	4	24	31072	936	0	5	0	936
1355	9254	2	1	5	1	0	0	1	16	77	4	24	31072	936	0	5	0	936
1355	9257	3	3	4	1	0	0	2	16	77	4	24	31072	936	0	4	0	852,936,960
1355	9258	3	3	4	1	0	0	2	16	77	4	24	31072	936	0	4	0	852,936,960
1355	9260	2	1	5	1	0	0	1	16	77	4	24	31072	936	0	5	0	936
1355	9265	3	3	4	1	0	0	2	16	77	4	24	31072	936	0	4	0	852,936,960
1355	9266	3	3	4	1	0	0	2	16	77	4	24	31072	936	0	4	0	852,936,960
1355	9268	2	1	5	1	0	0	1	16	77	4	24	31072	936	0	5	0	936
1355	9272	2	1	5	1	0	0	1	16	75	4	24	32256	960	0	5	0	960
1355	9283	3	4	4	1	0	0	1	16	77	4	24	31072	936	0	4	0	334,342,854,936
1355	9285	2	1	5	1	0	0	1	16	77	4	24	31072	936	0	5	0	936
1355	9286	2	1	5	1	0	0	1	16	77	4	24	31072	936	0	5	0	936
1355	9289	3	3	4	1	0	0	2	16	77	4	24	31072	936	0	4	0	852,936,960
1355	9290	3	3	4	1	0	0	2	16	77	4	24	31072	936	0	4	0	852,936,960
1355	9292	2	1	5	1	0	0	1	16	77	4	24	31072	936	0	5	0	936
1355	9297	3	3	4	1	0	0	2	16	77	4	24	31072	936	0	4	0	852,936,960
1355	9298	3	3	4	1	0	0	2	16	77	4	24	31072	936	0	4	0	852,936,960
1355	9300	2	1	5	1	0	0	1	16	77	4	24	31072	936	0	5	0	936
1355	9304	2	1	5	1	0	0	1	16	75	4	24	32256	960	0	5	0	960
1355	9313	2	1	5	1	0	0	1	16	77	4	24	31072	928	0	5	0	928
1355	9314	2	1	5	1	0	0	1	16	77	4	24	31072	928	0	5	0	928
1355	9316	1	1	6	0	0	0	1	16	77	4	24	31072	928	0	6	0	928
1355	9320	2	2	5	1	0	0	2	16	75	4	24	31072	928	0	5	0	928,960
1355	9328	2	2	5	1	0	0	2	16	75	4	24	31072	928	0	5	0	928,960
1355	9347	2	1	5	1	1	3	0	17	75	4	25	31072	185	20484	3	2	838
1355	9349	3	12	4	1	0	0	2	17	75	4	25	31072	952	0	4	0	672,680,688,696,736,838,928,936,944,952,960,992
1355	9350	3	12	4	1	0	0	2	17	75	4	25	31072	952	0	4	0	672,680,688,696,736,838,928,936,944,952,960,992
1355	9353	2	2	5	1	0	0	1	17	77	4	25	32256	960	0	5	0	836,960
1355	9354	2	2	5	1	0	0	1	17	77	4	25	32256	960	0	5	0	836,960
1355	9356	2	1	5	1	0	0	1	17	77	4	25	32256	960	0	5	0	960
1355	9361	2	2	5	1	0	0	1	17	77	4	25	32256	960	0	5	0	836,960
1355	9362	2	2	5	1	0	0	1	17	77	4	25	32256	960	0	5	0	836,960
1355	9364	2	1	5	1	0	0	1	17	77	4	25	32256	960	0	5	0	960
1355	9368	1	1	6	0	0	0	1	17	77	4	25	32256	960	0	6	0	960
1355	9377	3	7	4	1	0	0	2	15	94	5	25	31072	944	0	4	0	674,690,844,928,944,960,992
1355	9378	3	7	4	1	0	0	2	15	94	5	25	31072	944	0	4	0	674,690,844,928,944,960,992
1355	9380	2	2	5	1	0	0	1	15	94	5	25	31072	944	0	5	0	928,944
1355	9384	2	1	5	1	0	0	1	15	94	5	25	32256	960	0	5	0	960
1355	9392	2	1	5	1	0	0	1	15	94	5	25	32256	960	0	5	0	960
1355	9409	3	7	4	1	0	0	2	15	94	5	25	31072	944	0	4	0	674,690,844,928,944,960,992
1355	9410	3	7	4	1	0	0	2	15	94	5	25	31072	944	0	4	0	674,690,844,928,944,960,992
1355	9412	2	2	5	1	0	0	1	15	94	5	25	31072	944	0	5	0	928,944
1355	9416	2	1	5	1	0	0	1	15	94	5	25	32256	960	0	5	0	960
1355	9424	2	1	5	1	0	0	1	15	94	5	25	32256	960	0	5	0	960
1355	9440	2	1	5	1	0	0	1	13	222	6	25	31072	928	0	5	0	928
1355	9475	3	12	4	1	0	0	3	17	75	4	25	14460	415	0	4	0	608,610,612,614,736,864,866,868,870,920,960,992
1355	9477	2	1	5	1	0	0	1	17	75	4	25	31072	920	0	5	0	920
1355	9478	2	1	5	1	0	0	1	17	75	4	25	31072	920	0	5	0	920
1355	9481	3	7	4	1	0	0	3	15	94	5	25	14460	414	0	4	0	410,414,864,868,920,960,992
1355	9482	3	7	4	1	0	0	3	15	94	5	25	14460	414	0	4	0	410,414,864,868,920,960,992
1355	9484	2	1	5	1	0	0	1	15	94	5	25	31072	920	0	5	0	920
1355	9489	3	7	4	1	0	0	3	15	94	5	25	14460	414	0	4	0	410,414,864,868,920,960,992
1355	9490	3	7	4	1	0	0	3	15	94	5	25	14460	414	0	4	0	410,414,864,868,920,960,992
1355	9492	2	1	5	1	0	0	1	15	94	5	25	31072	920	0	5	0	920
1355	9496	3	5	4	1	0	0	3	13	222	6	25	14460	412	0	4	0	412,864,920,960,992
1355	9505	2	2	5	1	0	0	2	17	77	4	25	31072	912	0	5	0	912,960
1355	9506	2	2	5	1	0	0	2	17	77	4	25	31072	912	0	5	0	912,960
1355	9508	1	1	6	0	0	0	1	17	77	4	25	31072	912	0	6	0	912
1355	9512	2	2	5	1	0	0	2	15	94	5	25	31072	912	0	5	0	912,960
1355	9520	2	2	5	1	0	0	2	15	94	5	25	31072	912	0	5	0	912,960
1355	9537	2	2	5	1	0	0	2	17	77	4	25	31072	912	0	5	0	912,960
1355	9538	2	2	5	1	0	0	2	17	77	4	25	31072	912	0	5	0	912,960
1355	9540	1	1	6	0	0	0	1	17	77	4	25	31072	912	0	6	0	912
1355	9544	2	2	5	1	0	0	2	15	94	5	25	31072	912	0	5	0	912,960
1355	9552	2	2	5	1	0	0	2	15	94	5	25	31072	912	0	5	0	912,960
1355	9568	1	2	6	0	0	0	2	17	77	4	25	31072	896	0	6	0	896,960
1355	9601	1	1	6	0	0	0	1	18	75	4	26	32256	960	0	6	0	960
1355	9602	1	1	6	0	0	0	1	18	75	4	26	32256	960	0	6	0	960
1355	9604	1	1	6	0	0	0	1	18	75	4	26	32256	960	0	6	0	960
1355	9608	1	1	6	0	0	0	1	16	94	5	26	32256	960	0	6	0	960
1355	9616	1	1	6	0	0	0	1	16	94	5	26	32256	960	0	6	0	960
1355	9632	1	1	6	0	0	0	1	16	94	5	26	32256	960	0	6	0	960
1355	9664	1	1	6	0	0	0	1	16	94	5	26	32256	960	0	6	0	960
1355	9731	2	2	5	1	1	1	0	19	11	3	25	14456	286	2048	4	1	286,736
1355	9733	2	1	5	1	1	2	0	17	77	4	25	14456	287	2050	4	1	736
1355	9734	2	1	5	1	1	2	0	17	77	4	25	14456	287	2049	4	1	736
1355	9737	3	15	4	1	0	0	4	19	13	3	25	14456	412	0	4	0	412,414,736,738,804,896,904,912,920,928,960,968,976,984,992
1355	9738	3	15	4	1	0	0	4	19	13	3	25	14456	412	0	4	0	412,414,736,738,804,896,904,912,920,928,960,968,976,984,992
1355	9740	3	12	4	1	0	0	4	17	86	4	25	14456	412	0	4	0	412,736,896,904,912,920,928,960,968,976,984,992
1355	9745	3	15	4	1	0	0	4	19	13	3	25	14456	412	0	4	0	412,414,736,738,804,896,904,912,920,928,960,968,976,984,992
1355	9746	3	15	4	1	0	0	4	19	13	3	25	14456	412	0	4	0	412,414,736,738,804,896,904,912,920,928,960,968,976,984,992
1355	9748	3	12	4	1	0	0	4	17	86	4	25	14456	412	0	4	0	412,736,896,904,912,920,928,960,968,976,984,992
1355	9752	2	5	5	1	0	0	1	19	11	3	25	32256	896	0	5	0	896,904,912,920,928
1355	9761	2	2	5	1	0	0	1	17	86	4	25	31072	976	0	5	0	960,976
1355	9762	2	2	5	1	0	0	1	17	86	4	25	31072	976	0	5	0	960,976
1355	9764	2	2	5	1	0	0	1	17	236	5	25	31072	976	0	5	0	960,976
1355	9768	2	4	5	1	0	0	2	17	77	4	25	31072	976	0	5	0	896,912,960,976
1355	9776	2	4	5	1	0	0	2	17	77	4	25	31072	976	0	5	0	896,912,960,976
1355	9793	2	2	5	1	0	0	1	17	86	4	25	31072	976	0	5	0	960,976
1355	9794	2	2	5	1	0	0	1	17	86	4	25	31072	976	0	5	0	960,976
1355	9796	2	2	5	1	0	0	1	17	236	5	25	31072	976	0	5	0	960,976
1355	9800	2	4	5	1	0	0	2	17	77	4	25	31072	976	0	5	0	896,912,960,976
1355	9808	2	4	5	1	0	0	2	17	77	4	25	31072	976	0	5	0	896,912,960,976
1355	9824	1	1	6	0	0	0	1	15	94	5	25	31072	960	0	6	0	960
1355	9857	1	1	6	0	1	1	0	20	11	3	26	32256	960	256	5	1	960
1355	9858	1	1	6	0	1	1	0	20	11	3	26	32256	960	256	5	1	960
1355	9860	1	1	6	0	1	1	0	18	77	4	26	32256	960	256	5	1	960
1355	9864	1	2	6	0	0	0	1	20	13	3	26	32256	896	0	6	0	896,960
1355	9872	1	2	6	0	0	0	1	20	13	3	26	32256	896	0	6	0	896,960
1355	9888	1	1	6	0	1	1	0	16	94	5	26	31072	960	64	5	1	960
1355	9920	1	1	6	0	1	1	0	16	94	5	26	31072	960	32	5	1	960
1355	9985	2	5	5	1	0	0	2	18	77	4	26	31072	944	0	5	0	896,912,928,944,960
1355	9986	2	5	5	1	0	0	2	18	77	4	26	31072	944	0	5	0	896,912,928,944,960
1355	9988	2	5	5	1	0	0	2	16	94	5	26	31072	944	0	5	0	896,912,928,944,960
1355	9992	2	5	5	1	0	0	2	16	94	5	26	31072	944	0	5	0	896,912,928,944,960
1355	10000	2	5	5	1	0	0	2	16	94	5	26	31072	944	0	5	0	896,912,928,944,960
1355	10016	1	2	6	0	0	0	2	18	236	5	26	31072	928	0	6	0	896,928
1355	10048	1	2	6	0	0	0	2	18	236	5	26	31072	928	0	6	0	896,928
1355	10112	0	1	7	0	0	0	1	19	77	4	27	32256	896	0	7	0	896
1355	10247	1	1	6	0	0	0	2	14	94	5	24	14456	271	0	6	0	752
1355	10251	2	1	5	1	0	0	1	14	94	5	24	14460	271	0	5	0	752
1355	10253	2	2	5	1	0	0	2	16	86	4	24	14456	270	0	5	0	270,752
1355	10254	2	2	5	1	0	0	2	16	86	4	24	14456	270	0	5	0	270,752
1355	10259	2	1	5	1	0	0	1	14	94	5	24	14460	271	0	5	0	752
1355	10261	2	2	5	1	0	0	2	16	86	4	24	14456	270	0	5	0	270,752
1355	10262	2	2	5	1	0	0	2	16	86	4	24	14456	270	0	5	0	270,752
1355	10265	2	1	5	1	1	1	0	16	77	4	24	32256	976	128	4	1	976
1355	10266	2	1	5	1	1	1	0	16	77	4	24	32256	976	128	4	1	976
1355	10268	2	1	5	1	1	1	0	18	76	3	24	32256	976	128	4	1	976
1355	10275	2	2	5	1	0	0	1	16	30	4	24	14460	271	0	5	0	334,752
1355	10277	2	4	5	1	0	0	2	18	13	3	24	14456	270	0	5	0	270,334,688,752
1355	10278	2	4	5	1	0	0	2	18	13	3	24	14456	270	0	5	0	270,334,688,752
1355	10281	3	9	4	1	0	0	2	18	13	3	24	14460	270	0	4	0	270,332,690,752,836,844,852,960,976
1355	10282	3	9	4	1	0	0	2	18	13	3	24	14460	270	0	4	0	270,332,690,752,836,844,852,960,976
1355	10284	3	15	4	1	0	0	4	20	12	2	24	14456	268	0	4	0	268,270,332,334,688,690,752,754,780,808,836,844,852,960,976
1355	10289	3	9	4	1	0	0	2	18	13	3	24	14460	270	0	4	0	270,332,690,752,836,844,852,960,976
1355	10290	3	9	4	1	0	0	2	18	13	3	24	14460	270	0	4	0	270,332,690,752,836,844,852,960,976
1355	10292	3	15	4	1	0	0	4	20	12	2	24	14456	268	0	4	0	268,270,332,334,688,690,752,754,780,808,836,844,852,960,976
1355	10296	2	5	5	1	0	0	1	20	3	2	24	32256	960	0	5	0	832,840,848,960,976
1355	10307	2	2	5	1	0	0	1	16	30	4	24	14460	271	0	5	0	334,752
1355	10309	2	4	5	1	0	0	2	18	13	3	24	14456	270	0	5	0	270,334,688,752
1355	10310	2	4	5	1	0	0	2	18	13	3	24	14456	270	0	5	0	270,334,688,752
1355	10313	3	9	4	1	0	0	2	18	13	3	24	14460	270	0	4	0	270,332,690,752,836,844,852,960,976
1355	10314	3	9	4	1	0	0	2	18	13	3	24	14460	270	0	4	0	270,332,690,752,836,844,852,960,976
1355	10316	3	15	4	1	0	0	4	20	12	2	24	14456	268	0	4	0	268,270,332,334,688,690,752,754,780,808,836,844,852,960,976
1355	10321	3	9	4	1	0	0	2	18	13	3	24	14460	270	0	4	0	270,332,690,752,836,844,852,960,976
1355	10322	3	9	4	1	0	0	2	18	13	3	24	14460	270	0	4	0	270,332,690,752,836,844,852,960,976
1355	10324	3	15	4	1	0	0	4	20	12	2	24	14456	268	0	4	0	268,270,332,334,688,690,752,754,780,808,836,844,852,960,976
1355	10328	2	5	5	1	0	0	1	20	3	2	24	32256	960	0	5	0	832,840,848,960,976
1355	10337	2	3	5	1	1	1	0	20	3	2	24	14456	332	512	3	2	332,690,844
1355	10338	2	3	5	1	1	1	0	20	3	2	24	14456	332	512	3	2	332,690,844
1355	10340	2	6	5	1	1	1	0	22	1	1	24	14456	332	512	4	1	332,334,688,690,844,928
1355	10344	1	1	6	0	1	2	0	22	1	1	24	14456	840	16896	2	4	840
1355	10352	1	1	6	0	1	2	0	22	1	1	24	14456	840	16896	2	4	840
1355	10371	2	1	5	1	0	0	1	13	222	6	25	14460	287	0	5	0	736
1355	10373	2	2	5	1	0	0	2	15	94	5	25	14456	286	0	5	0	286,736
1355	10374	2	2	5	1	0	0	2	15	94	5	25	14456	286	0	5	0	286,736
1355	10377	2	1	5	1	0	0	1	15	94	5	25	32256	960	0	5	0	960
1355	10378	2	1	5	1	0	0	1	15	94	5	25	32256	960	0	5	0	960
1355	10380	2	1	5	1	0	0	1	17	86	4	25	32256	960	0	5	0	960
1355	10385	2	1	5	1	0	0	1	15	94	5	25	32256	960	0	5	0	960
1355	10386	2	1	5	1	0	0	1	15	94	5	25	32256	960	0	5	0	960
1355	10388	2	1	5	1	0	0	1	17	86	4	25	32256	960	0	5	0	960
1355	10392	1	1	6	0	0	0	1	17	77	4	25	32256	960	0	6	0	960
1355	10401	3	7	4	1	0	0	2	15	94	5	25	14460	286	0	4	0	286,348,674,736,844,960,992
1355	10402	3	7	4	1	0	0	2	15	94	5	25	14460	286	0	4	0	286,348,674,736,844,960,992
1355	10404	3	12	4	1	0	0	3	17	77	4	25	14456	284	0	4	0	284,286,348,350,672,674,736,738,844,928,960,992
1355	10408	2	2	5	1	0	0	1	17	77	4	25	32256	960	0	5	0	840,960
1355	10416	2	2	5	1	0	0	1	17	77	4	25	32256	960	0	5	0	840,960
1355	10433	3	7	4	1	0	0	2	15	94	5	25	14460	286	0	4	0	286,348,674,736,844,960,992
1355	10434	3	7	4	1	0	0	2	15	94	5	25	14460	286	0	4	0	286,348,674,736,844,960,992
1355	10436	3	12	4	1	0	0	3	17	77	4	25	14456	284	0	4	0	284,286,348,350,672,674,736,738,844,928,960,992
1355	10440	2	2	5	1	0	0	1	17	77	4	25	32256	960	0	5	0	840,960
1355	10448	2	2	5	1	0	0	1	17	77	4	25	32256	960	0	5	0	840,960
1355	10464	2	1	5	1	1	2	0	17	75	4	25	14456	856	16896	2	3	856
1355	10499	1	1	6	0	0	0	1	15	94	5	25	14460	287	0	6	0	736
1355	10501	1	2	6	0	0	0	2	17	77	4	25	14456	286	0	6	0	286,736
1355	10502	1	2	6	0	0	0	2	17	77	4	25	14456	286	0	6	0	286,736
1355	10505	2	3	5	1	0	0	1	17	236	5	25	14460	286	0	5	0	286,736,992
1355	10506	2	3	5	1	0	0	1	17	236	5	25	14460	286	0	5	0	286,736,992
1355	10508	2	5	5	1	0	0	2	17	86	4	25	14456	284	0	5	0	284,286,736,738,992
1355	10513	2	3	5	1	0	0	1	17	236	5	25	14460	286	0	5	0	286,736,992
1355	10514	2	3	5	1	0	0	1	17	236	5	25	14460	286	0	5	0	286,736,992
1355	10516	2	5	5	1	0	0	2	17	86	4	25	14456	284	0	5	0	284,286,736,738,992
1355	10520	2	1	5	1	1	1	0	15	94	5	25	32256	992	128	4	1	992
1355	10529	2	4	5	1	0	0	2	19	13	3	25	14460	286	0	5	0	286,736,960,992
1355	10530	2	4	5	1	0	0	2	19	13	3	25	14460	286	0	5	0	286,736,960,992
1355	10532	2	6	5	1	0	0	3	21	3	2	25	14456	284	0	5	0	284,286,736,738,960,992
1355	10536	2	2	5	1	0	0	1	19	13	3	25	32256	960	0	5	0	960,992
1355	10544	2	2	5	1	0	0	1	19	13	3	25	32256	960	0	5	0	960,992
1355	10561	2	4	5	1	0	0	2	19	13	3	25	14460	286	0	5	0	286,736,960,992
1355	10562	2	4	5	1	0	0	2	19	13	3	25	14460	286	0	5	0	286,736,960,992
1355	10564	2	6	5	1	0	0	3	21	3	2	25	14456	284	0	5	0	284,286,736,738,960,992
1355	10568	2	2	5	1	0	0	1	19	13	3	25	32256	960	0	5	0	960,992
1355	10576	2	2	5	1	0	0	1	19	13	3	25	32256	960	0	5	0	960,992
1355	10592	1	1	6	0	0	0	1	23	1	1	25	32256	960	0	6	0	960
1355	10625	1	1	6	0	0	0	1	16	94	5	26	32256	960	0	6	0	960
1355	10626	1	1	6	0	0	0	1	16	94	5	26	32256	960	0	6	0	960
1355	10628	1	1	6	0	0	0	1	18	77	4	26	32256	960	0	6	0	960
1355	10632	1	1	6	0	0	0	1	18	236	5	26	32256	960	0	6	0	960
1355	10640	1	1	6	0	0	0	1	18	236	5	26	32256	960	0	6	0	960
1355	10656	1	1	6	0	0	0	1	18	77	4	26	32256	960	0	6	0	960
1355	10688	1	1	6	0	0	0	1	18	77	4	26	32256	960	0	6	0	960
1355	10755	1	2	6	0	0	0	2	15	94	5	25	14456	286	0	6	0	286,736
1355	10757	1	2	6	0	0	0	2	17	236	5	25	14456	286	0	6	0	286,736
1355	10758	1	2	6	0	0	0	2	17	236	5	25	14456	286	0	6	0	286,736
1355	10761	2	4	5	1	0	0	2	17	77	4	25	14456	284	0	5	0	284,286,736,738
1355	10762	2	4	5	1	0	0	2	17	77	4	25	14456	284	0	5	0	284,286,736,738
1355	10764	2	4	5	1	0	0	2	17	86	4	25	14456	284	0	5	0	284,286,736,738
1355	10769	2	4	5	1	0	0	2	17	77	4	25	14456	284	0	5	0	284,286,736,738
1355	10770	2	4	5	1	0	0	2	17	77	4	25	14456	284	0	5	0	284,286,736,738
1355	10772	2	4	5	1	0	0	2	17	86	4	25	14456	284	0	5	0	284,286,736,738
1355	10776	2	2	5	1	1	1	0	19	11	3	25	14456	792	16384	4	1	792,928
1355	10785	2	4	5	1	0	0	2	17	86	4	25	14456	284	0	5	0	284,286,736,738
1355	10786	2	4	5	1	0	0	2	17	86	4	25	14456	284	0	5	0	284,286,736,738
1355	10788	2	4	5	1	0	0	2	17	77	4	25	14456	284	0	5	0	284,286,736,738
1355	10792	2	1	5	1	1	1	0	19	13	3	25	14456	792	16384	4	1	792
1355	10800	2	1	5	1	1	1	0	19	13	3	25	14456	792	16384	4	1	792
1355	10817	2	4	5	1	0	0	2	17	86	4	25	14456	284	0	5	0	284,286,736,738
1355	10818	2	4	5	1	0	0	2	17	86	4	25	14456	284	0	5	0	284,286,736,738
1355	10820	2	4	5	1	0	0	2	17	77	4	25	14456	284	0	5	0	284,286,736,738
1355	10824	2	1	5	1	1	1	0	19	13	3	25	14456	792	16384	4	1	792
1355	10832	2	1	5	1	1	1	0	19	13	3	25	14456	792	16384	4	1	792
1355	10848	2	2	5	1	1	1	0	19	11	3	25	14456	792	16384	4	1	792,960
1355	10881	2	5	5	1	0	0	2	16	94	5	26	14456	316	0	5	0	316,318,704,706,960
1355	10882	2	5	5	1	0	0	2	16	94	5	26	14456	316	0	5	0	316,318,704,706,960
1355	10884	2	5	5	1	0	0	2	18	236	5	26	14456	316	0	5	0	316,318,704,706,960
1355	10888	2	2	5	1	0	0	1	18	77	4	26	32256	896	0	5	0	896,960
1355	10896	2	2	5	1	0	0	1	18	77	4	26	32256	896	0	5	0	896,960
1355	10912	2	1	5	1	1	1	0	16	94	5	26	32256	960	256	4	1	960
1355	10944	2	1	5	1	1	1	0	16	94	5	26	32256	960	256	4	1	960
1355	11009	2	5	5	1	0	0	2	18	236	5	26	14456	316	0	5	0	316,318,704,706,960
1355	11010	2	5	5	1	0	0	2	18	236	5	26	14456	316	0	5	0	316,318,704,706,960
1355	11012	2	5	5	1	0	0	2	16	94	5	26	14456	316	0	5	0	316,318,704,706,960
1355	11016	2	1	5	1	1	1	0	16	94	5	26	32256	960	128	4	1	960
1355	11024	2	1	5	1	1	1	0	16	94	5	26	32256	960	128	4	1	960
1355	11040	2	2	5	1	0	0	1	18	77	4	26	32256	896	0	5	0	896,960
1355	11072	2	2	5	1	0	0	1	18	77	4	26	32256	896	0	5	0	896,960
1355	11136	1	1	6	0	0	0	1	19	236	5	27	32256	896	0	6	0	896
1355	11267	2	1	5	1	0	0	1	16	94	5	26	14460	287	0	5	0	736
1355	11269	2	2	5	1	0	0	2	18	77	4	26	14456	286	0	5	0	286,736
1355	11270	2	2	5	1	0	0	2	18	77	4	26	14456	286	0	5	0	286,736
1355	11273	2	2	5	1	1	1	0	18	236	5	26	32256	928	128	4	1	928,932
1355	11274	2	2	5	1	1	1	0	18	236	5	26	32256	928	128	4	1	928,932
1355	11276	2	2	5	1	1	1	0	18	86	4	26	32256	928	128	4	1	928,932
1355	11281	2	2	5	1	1	1	0	18	236	5	26	32256	928	128	4	1	928,932
1355	11282	2	2	5	1	1	1	0	18	236	5	26	32256	928	128	4	1	928,932
1355	11284	2	2	5	1	1	1	0	18	86	4	26	32256	928	128	4	1	928,932
1355	11288	1	1	6	0	1	1	0	16	94	5	26	32256	928	128	5	1	928
1355	11297	3	15	4	1	0	0	3	18	86	4	26	14460	286	0	4	0	286,412,610,736,848,896,900,904,908,928,932,936,940,960,992
1355	11298	3	15	4	1	0	0	3	18	86	4	26	14460	286	0	4	0	286,412,610,736,848,896,900,904,908,928,932,936,940,960,992
1355	11300	2	1	5	1	0	0	1	20	13	3	26	31072	848	0	5	0	848
1355	11304	2	4	5	1	0	0	1	18	77	4	26	32256	896	0	5	0	896,904,928,936
1355	11312	2	4	5	1	0	0	1	18	77	4	26	32256	896	0	5	0	896,904,928,936
1355	11329	3	15	4	1	0	0	3	18	86	4	26	14460	286	0	4	0	286,412,610,736,848,896,900,904,908,928,932,936,940,960,992
1355	11330	3	15	4	1	0	0	3	18	86	4	26	14460	286	0	4	0	286,412,610,736,848,896,900,904,908,928,932,936,940,960,992
1355	11332	2	1	5	1	0	0	1	20	13	3	26	31072	848	0	5	0	848
1355	11336	2	4	5	1	0	0	1	18	77	4	26	32256	896	0	5	0	896,904,928,936
1355	11344	2	4	5	1	0	0	1	18	77	4	26	32256	896	0	5	0	896,904,928,936
1355	11360	2	6	5	1	0	0	2	20	11	3	26	31072	832	0	5	0	832,896,904,912,920,960
1355	11393	2	5	5	1	0	0	1	17	94	5	27	32256	896	0	5	0	896,900,904,908,960
1355	11394	2	5	5	1	0	0	1	17	94	5	27	32256	896	0	5	0	896,900,904,908,960
1355	11396	2	5	5	1	0	0	1	19	77	4	27	32256	896	0	5	0	896,900,904,908,960
1355	11400	1	2	6	0	0	0	1	19	236	5	27	32256	896	0	6	0	896,904
1355	11408	1	2	6	0	0	0	1	19	236	5	27	32256	896	0	6	0	896,904
1355	11424	2	5	5	1	0	0	1	17	94	5	27	32256	896	0	5	0	896,904,912,920,960
1355	11456	2	5	5	1	0	0	1	17	94	5	27	32256	896	0	5	0	896,904,912,920,960
1355	11521	1	1	6	0	1	1	0	19	77	4	27	32256	960	128	5	1	960
1355	11522	1	1	6	0	1	1	0	19	77	4	27	32256	960	128	5	1	960
1355	11524	1	1	6	0	1	1	0	21	11	3	27	32256	960	128	5	1	960
1355	11528	1	1	6	0	1	1	0	17	94	5	27	32256	960	128	5	1	960
1355	11536	1	1	6	0	1	1	0	17	94	5	27	32256	960	128	5	1	960
1355	11552	1	2	6	0	0	0	1	21	13	3	27	32256	896	0	6	0	896,960
1355	11584	1	2	6	0	0	0	1	21	13	3	27	32256	896	0	6	0	896,960
1355	11648	0	1	7	0	0	0	1	20	77	4	28	32256	896	0	7	0	896
1355	11777	2	5	5	1	0	0	2	19	86	4	27	14456	316	0	5	0	316,318,704,706,960
1355	11778	2	5	5	1	0	0	2	19	86	4	27	14456	316	0	5	0	316,318,704,706,960
1355	11780	2	5	5	1	0	0	2	19	86	4	27	14456	316	0	5	0	316,318,704,706,960
1355	11784	2	3	5	1	1	1	0	19	86	4	27	32256	832	128	4	1	832,840,960
1355	11792	2	3	5	1	1	1	0	19	86	4	27	32256	832	128	4	1	832,840,960
1355	11808	2	3	5	1	0	0	1	19	86	4	27	31072	928	0	5	0	896,928,960
1355	11840	2	3	5	1	0	0	1	19	86	4	27	31072	928	0	5	0	896,928,960
1355	11904	1	1	6	0	1	1	0	20	86	4	28	32256	896	256	5	1	896
1355	12032	1	1	6	0	1	1	0	20	86	4	28	32256	896	128	5	1	896
1355	12295	3	3	4	1	0	0	2	12	222	6	24	14456	271	0	4	0	752,944,1008
1355	12299	2	3	5	1	0	0	1	16	30	4	24	14460	271	0	5	0	720,722,752
1355	12301	3	10	4	1	0	0	3	16	30	4	24	14456	270	0	4	0	270,300,302,720,722,752,812,944,976,1008
1355	12302	3	10	4	1	0	0	3	16	30	4	24	14456	270	0	4	0	270,300,302,720,722,752,812,944,976,1008
1355	12307	2	3	5	1	0	0	1	16	30	4	24	14460	271	0	5	0	720,722,752
1355	12309	3	10	4	1	0	0	3	16	30	4	24	14456	270	0	4	0	270,300,302,720,722,752,812,944,976,1008
1355	12310	3	10	4	1	0	0	3	16	30	4	24	14456	270	0	4	0	270,300,302,720,722,752,812,944,976,1008
1355	12313	1	2	6	0	1	1	0	20	3	2	24	14460	302	256	5	1	302,720
1355	12314	1	2	6	0	1	1	0	20	3	2	24	14460	302	256	5	1	302,720
1355	12316	2	6	5	1	0	0	1	20	3	2	24	31072	812	0	5	0	300,302,720,722,812,976
1355	12323	3	10	4	1	0	0	1	16	30	4	24	14460	271	0	4	0	78,86,94,598,752,928,936,944,992,1008
1355	12325	2	3	5	1	1	1	0	16	30	4	24	31072	936	1024	4	1	928,936,944
1355	12326	2	3	5	1	1	1	0	16	30	4	24	31072	936	1024	4	1	928,936,944
1355	12329	3	20	4	1	0	0	3	20	3	2	24	14460	270	0	4	0	270,298,302,426,596,720,724,752,808,810,928,930,936,938,944,946,960,976,992,1008
1355	12330	3	20	4	1	0	0	3	20	3	2	24	14460	270	0	4	0	270,298,302,426,596,720,724,752,808,810,928,930,936,938,944,946,960,976,992,1008
1355	12332	2	4	5	1	0	0	1	20	3	2	24	31072	808	0	5	0	808,928,936,944
1355	12337	3	20	4	1	0	0	3	20	3	2	24	14460	270	0	4	0	270,298,302,426,596,720,724,752,808,810,928,930,936,938,944,946,960,976,992,1008
1355	12338	3	20	4	1	0	0	3	20	3	2	24	14460	270	0	4	0	270,298,302,426,596,720,724,752,808,810,928,930,936,938,944,946,960,976,992,1008
1355	12340	2	4	5	1	0	0	1	20	3	2	24	31072	808	0	5	0	808,928,936,944
1355	12344	2	8	5	1	0	0	2	24	0	0	24	31072	808	0	5	0	300,302,720,722,808,812,960,976
1355	12355	3	10	4	1	0	0	1	16	30	4	24	14460	271	0	4	0	78,86,94,598,752,928,936,944,992,1008
1355	12357	2	3	5	1	1	1	0	16	30	4	24	31072	936	1024	4	1	928,936,944
1355	12358	2	3	5	1	1	1	0	16	30	4	24	31072	936	1024	4	1	928,936,944
1355	12361	3	20	4	1	0	0	3	20	3	2	24	14460	270	0	4	0	270,298,302,426,596,720,724,752,808,810,928,930,936,938,944,946,960,976,992,1008
1355	12362	3	20	4	1	0	0	3	20	3	2	24	14460	270	0	4	0	270,298,302,426,596,720,724,752,808,810,928,930,936,938,944,946,960,976,992,1008
1355	12364	2	4	5	1	0	0	1	20	3	2	24	31072	808	0	5	0	808,928,936,944
1355	12369	3	20	4	1	0	0	3	20	3	2	24	14460	270	0	4	0	270,298,302,426,596,720,724,752,808,810,928,930,936,938,944,946,960,976,992,1008
1355	12370	3	20	4	1	0	0	3	20	3	2	24	14460	270	0	4	0	270,298,302,426,596,720,724,752,808,810,928,930,936,938,944,946,960,976,992,1008
1355	12372	2	4	5	1	0	0	1	20	3	2	24	31072	808	0	5	0	808,928,936,944
1355	12376	2	8	5	1	0	0	2	24	0	0	24	31072	808	0	5	0	300,302,720,722,808,812,960,976
1355	12385	1	2	6	0	2	1	0	20	3	2	24	31072	928	1024	4	2	928,930
1355	12386	1	2	6	0	2	1	0	20	3	2	24	31072	928	1024	4	2	928,930
1355	12388	0	1	7	0	2	1	0	20	3	2	24	31072	928	1024	5	2	928
1355	12392	1	2	6	0	1	1	0	24	0	0	24	31072	928	1024	5	1	928,932
1355	12400	1	2	6	0	1	1	0	24	0	0	24	31072	928	1024	5	1	928,932
1355	12419	2	1	5	1	1	1	0	13	222	6	25	14460	31	2048	4	1	992
1355	12421	2	2	5	1	1	1	0	13	222	6	25	32256	992	256	4	1	928,992
1355	12422	2	2	5	1	1	1	0	13	222	6	25	32256	992	256	4	1	928,992
1355	12425	2	2	5	1	0	0	1	17	30	4	25	32256	960	0	5	0	960,992
1355	12426	2	2	5	1	0	0	1	17	30	4	25	32256	960	0	5	0	960,992
1355	12428	2	3	5	1	0	0	1	17	30	4	25	32256	960	0	5	0	928,960,992
1355	12433	2	2	5	1	0	0	1	17	30	4	25	32256	960	0	5	0	960,992
1355	12434	2	2	5	1	0	0	1	17	30	4	25	32256	960	0	5	0	960,992
1355	12436	2	3	5	1	0	0	1	17	30	4	25	32256	960	0	5	0	928,960,992
1355	12440	1	1	6	0	0	0	1	21	3	2	25	32256	960	0	6	0	960
1355	12449	2	3	5	1	1	1	0	15	94	5	25	32256	992	256	4	1	928,930,992
1355	12450	2	3	5	1	1	1	0	15	94	5	25	32256	992	256	4	1	928,930,992
1355	12452	1	1	6	0	2	2	0	15	94	5	25	31072	928	1088	4	2	928
1355	12456	2	4	5	1	0	0	1	19	11	3	25	32256	960	0	5	0	928,932,960,992
1355	12464	2	4	5	1	0	0	1	19	11	3	25	32256	960	0	5	0	928,932,960,992
1355	12481	2	3	5	1	1	1	0	15	94	5	25	32256	992	256	4	1	928,930,992
1355	12482	2	3	5	1	1	1	0	15	94	5	25	32256	992	256	4	1	928,930,992
1355	12484	1	1	6	0	2	2	0	15	94	5	25	31072	928	1056	4	2	928
1355	12488	2	4	5	1	0	0	1	19	11	3	25	32256	960	0	5	0	928,932,960,992
1355	12496	2	4	5	1	0	0	1	19	11	3	25	32256	960	0	5	0	928,932,960,992
1355	12512	1	2	6	0	2	1	0	17	75	4	25	31072	928	1024	4	2	928,932
1355	12547	2	2	5	1	0	0	1	13	222	6	25	14460	287	0	5	0	736,992
1355	12549	2	1	5	1	1	1	0	13	222	6	25	32256	992	128	4	1	992
1355	12550	2	1	5	1	1	1	0	13	222	6	25	32256	992	128	4	1	992
1355	12553	2	3	5	1	0	0	1	15	94	5	25	14460	286	0	5	0	286,736,992
1355	12554	2	3	5	1	0	0	1	15	94	5	25	14460	286	0	5	0	286,736,992
1355	12556	2	1	5	1	1	1	0	15	94	5	25	32256	992	128	4	1	992
1355	12561	2	3	5	1	0	0	1	15	94	5	25	14460	286	0	5	0	286,736,992
1355	12562	2	3	5	1	0	0	1	15	94	5	25	14460	286	0	5	0	286,736,992
1355	12564	2	1	5	1	1	1	0	15	94	5	25	32256	992	128	4	1	992
1355	12568	2	5	5	1	0	0	1	17	75	4	25	14460	284	0	5	0	284,286,736,738,992
1355	12577	2	2	5	1	0	0	1	17	30	4	25	32256	960	0	5	0	960,992
1355	12578	2	2	5	1	0	0	1	17	30	4	25	32256	960	0	5	0	960,992
1355	12580	2	5	5	1	0	0	1	17	30	4	25	32256	960	0	5	0	896,912,928,960,992
1355	12584	2	2	5	1	0	0	1	19	11	3	25	32256	960	0	5	0	960,992
1355	12592	2	2	5	1	0	0	1	19	11	3	25	32256	960	0	5	0	960,992
1355	12609	2	2	5	1	0	0	1	17	30	4	25	32256	960	0	5	0	960,992
1355	12610	2	2	5	1	0	0	1	17	30	4	25	32256	960	0	5	0	960,992
1355	12612	2	5	5	1	0	0	1	17	30	4	25	32256	960	0	5	0	896,912,928,960,992
1355	12616	2	2	5	1	0	0	1	19	11	3	25	32256	960	0	5	0	960,992
1355	12624	2	2	5	1	0	0	1	19	11	3	25	32256	960	0	5	0	960,992
1355	12640	1	3	6	0	0	0	1	21	3	2	25	32256	960	0	6	0	896,900,960
1355	12673	1	1	6	0	0	0	1	14	222	6	26	32256	960	0	6	0	960
1355	12674	1	1	6	0	0	0	1	14	222	6	26	32256	960	0	6	0	960
1355	12676	1	1	6	0	0	0	1	14	222	6	26	32256	960	0	6	0	960
1355	12680	1	1	6	0	0	0	1	16	94	5	26	32256	960	0	6	0	960
1355	12688	1	1	6	0	0	0	1	16	94	5	26	32256	960	0	6	0	960
1355	12704	1	1	6	0	0	0	1	16	94	5	26	32256	960	0	6	0	960
1355	12736	1	1	6	0	0	0	1	16	94	5	26	32256	960	0	6	0	960
1355	12803	1	1	6	0	1	1	0	17	30	4	25	14460	31	2048	5	1	992
1355	12805	1	1	6	0	2	2	0	15	94	5	25	14456	31	2050	4	2	992
1355	12806	1	1	6	0	2	2	0	15	94	5	25	14456	31	2049	4	2	992
1355	12809	1	1	6	0	1	2	0	21	3	2	25	14460	31	2050	5	1	992
1355	12810	1	1	6	0	1	2	0	21	3	2	25	14460	31	2049	5	1	992
1355	12812	1	1	6	0	2	2	0	19	11	3	25	32256	992	384	4	2	992
1355	12817	1	1	6	0	1	2	0	21	3	2	25	14460	31	2050	5	1	992
1355	12818	1	1	6	0	1	2	0	21	3	2	25	14460	31	2049	5	1	992
1355	12820	1	1	6	0	2	2	0	19	11	3	25	32256	992	384	4	2	992
1355	12824	1	2	6	0	1	1	0	25	0	0	25	32256	928	128	5	1	928,992
1355	12833	1	2	6	0	2	1	0	19	76	3	25	32256	960	256	4	2	960,992
1355	12834	1	2	6	0	2	1	0	19	76	3	25	32256	960	256	4	2	960,992
1355	12836	1	2	6	0	2	1	0	17	77	4	25	32256	960	256	4	2	960,992
1355	12840	1	2	6	0	1	1	0	23	1	1	25	32256	960	256	5	1	960,992
1355	12848	1	2	6	0	1	1	0	23	1	1	25	32256	960	256	5	1	960,992
1355	12865	1	2	6	0	2	1	0	19	76	3	25	32256	960	256	4	2	960,992
1355	12866	1	2	6	0	2	1	0	19	76	3	25	32256	960	256	4	2	960,992
1355	12868	1	2	6	0	2	1	0	17	77	4	25	32256	960	256	4	2	960,992
1355	12872	1	2	6	0	1	1	0	23	1	1	25	32256	960	256	5	1	960,992
1355	12880	1	2	6	0	1	1	0	23	1	1	25	32256	960	256	5	1	960,992
1355	12896	0	1	7	0	2	1	0	21	3	2	25	31072	960	1024	5	2	960
1355	12929	0	1	7	0	2	1	0	18	30	4	26	32256	960	256	5	2	960
1355	12930	0	1	7	0	2	1	0	18	30	4	26	32256	960	256	5	2	960
1355	12932	0	1	7	0	2	1	0	16	94	5	26	32256	960	256	5	2	960
1355	12936	0	1	7	0	1	1	0	22	3	2	26	32256	960	256	6	1	960
1355	12944	0	1	7	0	1	1	0	22	3	2	26	32256	960	256	6	1	960
1355	12960	0	1	7	0	2	1	0	18	77	4	26	32256	960	256	5	2	960
1355	12992	0	1	7	0	2	1	0	18	77	4	26	32256	960	256	5	2	960
1355	13057	1	1	6	0	1	1	0	16	94	5	26	32256	960	128	5	1	960
1355	13058	1	1	6	0	1	1	0	16	94	5	26	32256	960	128	5	1	960
1355	13060	1	1	6	0	1	1	0	14	222	6	26	32256	960	128	5	1	960
1355	13064	1	1	6	0	1	1	0	18	75	4	26	32256	960	128	5	1	960
1355	13072	1	1	6	0	1	1	0	18	75	4	26	32256	960	128	5	1	960
1355	13088	1	2	6	0	0	0	1	18	77	4	26	32256	896	0	6	0	896,960
1355	13120	1	2	6	0	0	0	1	18	77	4	26	32256	896	0	6	0	896,960
1355	13184	0	1	7	0	0	0	1	17	94	5	27	32256	896	0	7	0	896
1355	13315	2	1	5	1	1	2	0	14	222	6	26	31072	345	16388	4	1	678
1355	13317	2	1	5	1	0	0	1	14	222	6	26	31072	856	0	5	0	856
1355	13318	2	1	5	1	0	0	1	14	222	6	26	31072	856	0	5	0	856
1355	13321	2	2	5	1	1	2	0	16	94	5	26	14460	346	272	4	1	346,676
1355	13322	2	2	5	1	1	2	0	16	94	5	26	14460	346	272	4	1	346,676
1355	13324	2	1	5	1	0	0	1	16	94	5	26	31072	856	0	5	0	856
1355	13329	2	2	5	1	1	2	0	16	94	5	26	14460	346	264	4	1	346,676
1355	13330	2	2	5	1	1	2	0	16	94	5	26	14460	346	264	4	1	346,676
1355	13332	2	1	5	1	0	0	1	16	94	5	26	31072	856	0	5	0	856
1355	13336	2	5	5	1	1	1	0	18	75	4	26	14460	348	256	4	1	348,350,672,674,928
1355	13345	2	2	5	1	0	0	1	16	94	5	26	31072	848	0	5	0	848,850
1355	13346	2	2	5	1	0	0	1	16	94	5	26	31072	848	0	5	0	848,850
1355	13348	1	1	6	0	0	0	1	16	94	5	26	31072	848	0	6	0	848
1355	13352	2	2	5	1	0	0	1	18	75	4	26	31072	848	0	5	0	848,852
1355	13360	2	2	5	1	0	0	1	18	75	4	26	31072	848	0	5	0	848,852
1355	13377	2	2	5	1	0	0	1	16	94	5	26	31072	848	0	5	0	848,850
1355	13378	2	2	5	1	0	0	1	16	94	5	26	31072	848	0	5	0	848,850
1355	13380	1	1	6	0	0	0	1	16	94	5	26	31072	848	0	6	0	848
1355	13384	2	2	5	1	0	0	1	18	75	4	26	31072	848	0	5	0	848,852
1355	13392	2	2	5	1	0	0	1	18	75	4	26	31072	848	0	5	0	848,852
1355	13408	1	2	6	0	0	0	1	18	75	4	26	31072	832	0	6	0	832,836
1355	13441	2	1	5	1	1	1	0	15	222	6	27	32256	960	256	4	1	960
1355	13442	2	1	5	1	1	1	0	15	222	6	27	32256	960	256	4	1	960
1355	13444	2	5	5	1	0	0	1	15	222	6	27	31072	880	0	5	0	832,848,864,880,960
1355	13448	2	2	5	1	0	0	1	17	94	5	27	32256	896	0	5	0	896,960
1355	13456	2	2	5	1	0	0	1	17	94	5	27	32256	896	0	5	0	896,960
1355	13472	2	5	5	1	0	0	1	15	222	6	27	31072	864	0	5	0	832,836,864,868,960
1355	13504	2	5	5	1	0	0	1	15	222	6	27	31072	864	0	5	0	832,836,864,868,960
1355	13569	2	1	5	1	1	1	0	15	222	6	27	32256	960	128	4	1	960
1355	13570	2	1	5	1	1	1	0	15	222	6	27	32256	960	128	4	1	960
1355	13572	2	2	5	1	0	0	1	15	222	6	27	31072	816	0	5	0	816,960
1355	13576	2	1	5	1	1	1	0	15	222	6	27	32256	960	128	4	1	960
1355	13584	2	1	5	1	1	1	0	15	222	6	27	32256	960	128	4	1	960
1355	13600	2	4	5	1	0	0	2	17	94	5	27	31072	800	0	5	0	800,804,896,960
1355	13632	2	4	5	1	0	0	2	17	94	5	27	31072	800	0	5	0	800,804,896,960
1355	13696	1	1	6	0	0	0	1	16	222	6	28	32256	896	0	6	0	896
1355	13825	1	1	6	0	1	2	0	19	30	4	27	14460	63	2050	4	2	960
1355	13826	1	1	6	0	1	2	0	19	30	4	27	14460	63	2049	4	2	960
1355	13828	1	1	6	0	1	2	0	17	94	5	27	32256	960	384	3	3	960
1355	13832	1	1	6	0	1	2	0	21	11	3	27	32256	960	384	4	2	960
1355	13840	1	1	6	0	1	2	0	21	11	3	27	32256	960	384	4	2	960
1355	13856	1	3	6	0	0	0	1	19	77	4	27	31072	928	0	6	0	896,928,960
1355	13888	1	3	6	0	0	0	1	19	77	4	27	31072	928	0	6	0	896,928,960
1355	13952	0	1	7	0	2	1	0	20	30	4	28	32256	896	256	5	2	896
1355	14080	1	1	6	0	1	1	0	18	94	5	28	32256	896	128	5	1	896
1355	14339	1	1	6	0	0	0	1	14	222	6	26	14460	31	0	6	0	992
1355	14341	1	1	6	0	1	1	0	16	94	5	26	14456	31	2	5	1	992
1355	14342	1	1	6	0	1	1	0	16	94	5	26	14456	31	1	5	1	992
1355	14345	1	2	6	0	1	1	0	18	77	4	26	14460	31	2	5	1	928,992
1355	14346	1	2	6	0	1	1	0	18	77	4	26	14460	31	1	5	1	928,992
1355	14348	1	2	6	0	2	1	0	20	76	3	26	32256	928	128	4	2	928,992
1355	14353	1	2	6	0	1	1	0	18	77	4	26	14460	31	2	5	1	928,992
1355	14354	1	2	6	0	1	1	0	18	77	4	26	14460	31	1	5	1	928,992
1355	14356	1	2	6	0	2	1	0	20	76	3	26	32256	928	128	4	2	928,992
1355	14360	0	1	7	0	2	1	0	22	3	2	26	32256	928	128	5	2	928
1355	14369	1	1	6	0	1	1	0	20	11	3	26	14460	31	2	5	1	992
1355	14370	1	1	6	0	1	1	0	20	11	3	26	14460	31	1	5	1	992
1355	14372	1	2	6	0	2	2	0	22	3	2	26	14456	31	3	4	2	864,992
1355	14376	1	2	6	0	1	1	0	24	1	1	26	32256	928	128	5	1	928,992
1355	14384	1	2	6	0	1	1	0	24	1	1	26	32256	928	128	5	1	928,992
1355	14401	1	1	6	0	1	1	0	20	11	3	26	14460	31	2	5	1	992
1355	14402	1	1	6	0	1	1	0	20	11	3	26	14460	31	1	5	1	992
1355	14404	1	2	6	0	2	2	0	22	3	2	26	14456	31	3	4	2	864,992
1355	14408	1	2	6	0	1	1	0	24	1	1	26	32256	928	128	5	1	928,992
1355	14416	1	2	6	0	1	1	0	24	1	1	26	32256	928	128	5	1	928,992
1355	14432	1	6	6	0	1	1	0	26	0	0	26	31072	832	1024	4	2	832,836,864,868,960,992
1355	14465	1	1	6	0	1	1	0	15	222	6	27	14460	63	2	5	1	960
1355	14466	1	1	6	0	1	1	0	15	222	6	27	14460	63	1	5	1	960
1355	14468	1	1	6	0	1	1	0	17	94	5	27	32256	960	256	5	1	960
1355	14472	1	2	6	0	0	0	1	19	77	4	27	32256	896	0	6	0	896,960
1355	14480	1	2	6	0	0	0	1	19	77	4	27	32256	896	0	6	0	896,960
1355	14496	1	1	6	0	1	1	0	19	75	4	27	32256	960	256	5	1	960
1355	14528	1	1	6	0	1	1	0	19	75	4	27	32256	960	256	5	1	960
1355	14593	0	1	7	0	1	1	0	17	94	5	27	14460	63	2	6	1	960
1355	14594	0	1	7	0	1	1	0	17	94	5	27	14460	63	1	6	1	960
1355	14596	0	1	7	0	2	1	0	19	30	4	27	32256	960	128	5	2	960
1355	14600	0	1	7	0	2	1	0	19	77	4	27	32256	960	128	5	2	960
1355	14608	0	1	7	0	2	1	0	19	77	4	27	32256	960	128	5	2	960
1355	14624	0	1	7	0	1	1	0	23	3	2	27	32256	960	128	6	1	960
1355	14656	0	1	7	0	1	1	0	23	3	2	27	32256	960	128	6	1	960
1355	14720	0	1	7	0	0	0	1	18	94	5	28	32256	896	0	7	0	896
1355	14849	0	1	7	0	1	1	0	19	77	4	27	14460	63	2	6	1	960
1355	14850	0	1	7	0	1	1	0	19	77	4	27	14460	63	1	6	1	960
1355	14852	0	1	7	0	2	2	0	19	77	4	27	14456	63	3	5	2	960
1355	14856	0	1	7	0	2	2	0	23	3	2	27	14460	63	3	5	2	960
1355	14864	0	1	7	0	2	2	0	23	3	2	27	14460	63	3	5	2	960
1355	14880	0	1	7	0	2	2	0	23	3	2	27	14460	63	3	5	2	960
1355	14912	0	1	7	0	2	2	0	23	3	2	27	14460	63	3	5	2	960
1355	14976	0	1	7	0	2	1	0	20	77	4	28	32256	896	256	5	2	896
1355	15104	0	1	7	0	2	1	0	20	77	4	28	32256	896	128	5	2	896
1355	15361	1	1	6	0	1	1	0	18	94	5	28	14460	63	2	5	1	960
1355	15362	1	1	6	0	1	1	0	18	94	5	28	14460	63	1	5	1	960
1355	15364	1	1	6	0	1	2	0	20	30	4	28	14456	63	3	4	2	960
1355	15368	1	3	6	0	2	1	0	20	77	4	28	32256	832	128	4	2	832,840,960
1355	15376	1	3	6	0	2	1	0	20	77	4	28	32256	832	128	4	2	832,840,960
1355	15392	1	1	6	0	1	2	0	22	11	3	28	14460	63	3	4	2	960
1355	15424	1	1	6	0	1	2	0	22	11	3	28	14460	63	3	4	2	960
1355	15488	1	1	6	0	1	1	0	19	94	5	29	32256	896	256	5	1	896
1355	15616	0	1	7	0	2	1	0	21	30	4	29	32256	896	128	5	2	896
1355	15872	0	1	7	0	2	2	0	23	76	3	29	14460	127	3	5	2	896
1355	16399	2	1	5	1	0	0	2	15	75	4	23	14456	903	0	5	0	120
1355	16407	2	1	5	1	0	0	2	15	75	4	23	14456	903	0	5	0	120
1355	16411	2	1	5	1	0	0	1	15	75	4	23	14456	902	0	5	0	902
1355	16413	1	1	6	0	0	0	2	15	75	4	23	14456	902	0	6	0	902
1355	16414	1	1	6	0	0	0	2	15	75	4	23	14456	902	0	6	0	902
1355	16423	2	1	5	1	1	2	0	15	75	4	23	14456	807	2560	4	1	216
1355	16427	2	1	5	1	1	2	0	15	75	4	23	14456	806	2560	4	1	806
1355	16429	2	1	5	1	0	0	2	15	75	4	23	14456	902	0	5	0	902
1355	16430	2	1	5	1	0	0	2	15	75	4	23	14456	902	0	5	0	902
1355	16435	2	1	5	1	1	2	0	15	75	4	23	14456	806	2560	4	1	806
1355	16437	2	1	5	1	0	0	2	15	75	4	23	14456	902	0	5	0	902
1355	16438	2	1	5	1	0	0	2	15	75	4	23	14456	902	0	5	0	902
1355	16441	2	2	5	1	0	0	1	15	75	4	23	14456	900	0	5	0	900,932
1355	16442	2	2	5	1	0	0	1	15	75	4	23	14456	900	0	5	0	900,932
1355	16444	1	1	6	0	0	0	2	15	75	4	23	14456	900	0	6	0	900
1355	16455	2	1	5	1	1	2	0	15	75	4	23	14456	807	2560	4	1	216
1355	16459	2	1	5	1	1	2	0	15	75	4	23	14456	806	2560	4	1	806
1355	16461	2	1	5	1	0	0	2	15	75	4	23	14456	902	0	5	0	902
1355	16462	2	1	5	1	0	0	2	15	75	4	23	14456	902	0	5	0	902
1355	16467	2	1	5	1	1	2	0	15	75	4	23	14456	806	2560	4	1	806
1355	16469	2	1	5	1	0	0	2	15	75	4	23	14456	902	0	5	0	902
1355	16470	2	1	5	1	0	0	2	15	75	4	23	14456	902	0	5	0	902
1355	16473	2	2	5	1	0	0	1	15	75	4	23	14456	900	0	5	0	900,932
1355	16474	2	2	5	1	0	0	1	15	75	4	23	14456	900	0	5	0	900,932
1355	16476	1	1	6	0	0	0	2	15	75	4	23	14456	900	0	6	0	900
1355	16483	1	1	6	0	3	2	0	15	75	4	23	14456	806	2560	3	3	806
1355	16485	2	1	5	1	1	2	0	15	75	4	23	14456	806	2560	4	1	806
1355	16486	2	1	5	1	1	2	0	15	75	4	23	14456	806	2560	4	1	806
1355	16489	2	2	5	1	1	1	0	15	75	4	23	14456	932	512	4	1	804,932
1355	16490	2	2	5	1	1	1	0	15	75	4	23	14456	932	512	4	1	804,932
1355	16492	2	2	5	1	0	0	2	15	75	4	23	14456	900	0	5	0	900,932
1355	16497	2	2	5	1	1	1	0	15	75	4	23	14456	932	512	4	1	804,932
1355	16498	2	2	5	1	1	1	0	15	75	4	23	14456	932	512	4	1	804,932
1355	16500	2	2	5	1	0	0	2	15	75	4	23	14456	900	0	5	0	900,932
1355	16504	1	1	6	0	1	1	0	15	75	4	23	14456	928	512	5	1	928
1355	16519	2	5	5	1	1	1	0	18	11	3	24	14456	783	2048	4	1	208,212,216,220,240
1355	16523	2	4	5	1	1	2	0	18	11	3	24	14456	814	2560	4	1	802,806,810,814
1355	16525	2	1	5	1	0	0	2	18	11	3	24	14456	910	0	5	0	910
1355	16526	2	1	5	1	0	0	2	18	11	3	24	14456	910	0	5	0	910
1355	16531	2	4	5	1	1	2	0	18	11	3	24	14456	814	2560	4	1	802,806,810,814
1355	16533	2	1	5	1	0	0	2	18	11	3	24	14456	910	0	5	0	910
1355	16534	2	1	5	1	0	0	2	18	11	3	24	14456	910	0	5	0	910
1355	16537	2	1	5	1	0	0	1	18	11	3	24	14456	908	0	5	0	908
1355	16538	2	1	5	1	0	0	1	18	11	3	24	14456	908	0	5	0	908
1355	16540	1	1	6	0	0	0	2	18	11	3	24	14456	908	0	6	0	908
1355	16547	1	2	6	0	3	2	0	16	77	4	24	14456	814	2560	3	3	806,814
1355	16549	2	2	5	1	1	2	0	16	77	4	24	14456	814	2560	4	1	806,814
1355	16550	2	2	5	1	1	2	0	16	77	4	24	14456	814	2560	4	1	806,814
1355	16553	2	2	5	1	1	2	0	16	77	4	24	14456	812	2560	4	1	804,812
1355	16554	2	2	5	1	1	2	0	16	77	4	24	14456	812	2560	4	1	804,812
1355	16556	2	1	5	1	0	0	2	16	77	4	24	14456	908	0	5	0	908
1355	16561	2	2	5	1	1	2	0	16	77	4	24	14456	812	2560	4	1	804,812
1355	16562	2	2	5	1	1	2	0	16	77	4	24	14456	812	2560	4	1	804,812
1355	16564	2	1	5	1	0	0	2	16	77	4	24	14456	908	0	5	0	908
1355	16568	2	3	5	1	0	0	1	16	77	4	24	14456	904	0	5	0	904,928,936
1355	16579	1	2	6	0	3	2	0	16	77	4	24	14456	814	2560	3	3	806,814
1355	16581	2	2	5	1	1	2	0	16	77	4	24	14456	814	2560	4	1	806,814
1355	16582	2	2	5	1	1	2	0	16	77	4	24	14456	814	2560	4	1	806,814
1355	16585	2	2	5	1	1	2	0	16	77	4	24	14456	812	2560	4	1	804,812
1355	16586	2	2	5	1	1	2	0	16	77	4	24	14456	812	2560	4	1	804,812
1355	16588	2	1	5	1	0	0	2	16	77	4	24	14456	908	0	5	0	908
1355	16593	2	2	5	1	1	2	0	16	77	4	24	14456	812	2560	4	1	804,812
1355	16594	2	2	5	1	1	2	0	16	77	4	24	14456	812	2560	4	1	804,812
1355	16596	2	1	5	1	0	0	2	16	77	4	24	14456	908	0	5	0	908
1355	16600	2	3	5	1	0	0	1	16	77	4	24	14456	904	0	5	0	904,928,936
1355	16609	1	1	6	0	3	2	0	14	94	5	24	14456	812	2560	3	3	812
1355	16610	1	1	6	0	3	2	0	14	94	5	24	14456	812	2560	3	3	812
1355	16612	2	1	5	1	1	2	0	14	94	5	24	14456	812	2560	4	1	812
1355	16616	2	2	5	1	1	1	0	14	94	5	24	14456	936	512	4	1	808,936
1355	16624	2	2	5	1	1	1	0	14	94	5	24	14456	936	512	4	1	808,936
1355	16647	2	5	5	1	0	0	3	18	11	3	24	14456	911	0	5	0	112,114,240,908,910
1355	16651	2	2	5	1	0	0	2	16	77	4	24	14456	910	0	5	0	908,910
1355	16653	1	2	6	0	0	0	3	16	77	4	24	14456	910	0	6	0	908,910
1355	16654	1	2	6	0	0	0	3	16	77	4	24	14456	910	0	6	0	908,910
1355	16659	2	2	5	1	0	0	2	16	77	4	24	14456	910	0	5	0	908,910
1355	16661	1	2	6	0	0	0	3	16	77	4	24	14456	910	0	6	0	908,910
1355	16662	1	2	6	0	0	0	3	16	77	4	24	14456	910	0	6	0	908,910
1355	16665	1	1	6	0	0	0	2	14	94	5	24	14456	908	0	6	0	908
1355	16666	1	1	6	0	0	0	2	14	94	5	24	14456	908	0	6	0	908
1355	16668	0	1	7	0	0	0	3	14	94	5	24	14456	908	0	7	0	908
1355	16675	2	1	5	1	1	2	0	18	11	3	24	14456	814	2560	4	1	814
1355	16677	2	4	5	1	0	0	3	18	11	3	24	14456	910	0	5	0	904,906,908,910
1355	16678	2	4	5	1	0	0	3	18	11	3	24	14456	910	0	5	0	904,906,908,910
1355	16681	2	2	5	1	0	0	2	16	77	4	24	14456	908	0	5	0	904,908
1355	16682	2	2	5	1	0	0	2	16	77	4	24	14456	908	0	5	0	904,908
1355	16684	1	2	6	0	0	0	3	16	77	4	24	14456	908	0	6	0	904,908
1355	16689	2	2	5	1	0	0	2	16	77	4	24	14456	908	0	5	0	904,908
1355	16690	2	2	5	1	0	0	2	16	77	4	24	14456	908	0	5	0	904,908
1355	16692	1	2	6	0	0	0	3	16	77	4	24	14456	908	0	6	0	904,908
1355	16696	1	1	6	0	0	0	2	14	94	5	24	14456	904	0	6	0	904
1355	16707	2	1	5	1	1	2	0	18	11	3	24	14456	814	2560	4	1	814
1355	16709	2	4	5	1	0	0	3	18	11	3	24	14456	910	0	5	0	904,906,908,910
1355	16710	2	4	5	1	0	0	3	18	11	3	24	14456	910	0	5	0	904,906,908,910
1355	16713	2	2	5	1	0	0	2	16	77	4	24	14456	908	0	5	0	904,908
1355	16714	2	2	5	1	0	0	2	16	77	4	24	14456	908	0	5	0	904,908
1355	16716	1	2	6	0	0	0	3	16	77	4	24	14456	908	0	6	0	904,908
1355	16721	2	2	5	1	0	0	2	16	77	4	24	14456	908	0	5	0	904,908
1355	16722	2	2	5	1	0	0	2	16	77	4	24	14456	908	0	5	0	904,908
1355	16724	1	2	6	0	0	0	3	16	77	4	24	14456	908	0	6	0	904,908
1355	16728	1	1	6	0	0	0	2	14	94	5	24	14456	904	0	6	0	904
1355	16737	2	1	5	1	1	2	0	18	11	3	24	14456	812	2560	4	1	812
1355	16738	2	1	5	1	1	2	0	18	11	3	24	14456	812	2560	4	1	812
1355	16740	2	5	5	1	0	0	3	18	11	3	24	14456	908	0	5	0	896,900,904,908,960
1355	16744	2	4	5	1	0	0	2	16	77	4	24	14456	904	0	5	0	896,904,928,936
1355	16752	2	4	5	1	0	0	2	16	77	4	24	14456	904	0	5	0	896,904,928,936
1355	16771	2	5	5	1	1	1	0	21	3	2	25	14456	798	2048	4	1	798,806,814,822,830
1355	16773	2	5	5	1	0	0	3	21	3	2	25	14456	926	0	5	0	798,920,922,924,926
1355	16774	2	5	5	1	0	0	3	21	3	2	25	14456	926	0	5	0	798,920,922,924,926
1355	16777	2	2	5	1	0	0	2	19	13	3	25	14456	924	0	5	0	920,924
1355	16778	2	2	5	1	0	0	2	19	13	3	25	14456	924	0	5	0	920,924
1355	16780	1	2	6	0	0	0	3	19	13	3	25	14456	924	0	6	0	920,924
1355	16785	2	2	5	1	0	0	2	19	13	3	25	14456	924	0	5	0	920,924
1355	16786	2	2	5	1	0	0	2	19	13	3	25	14456	924	0	5	0	920,924
1355	16788	1	2	6	0	0	0	3	19	13	3	25	14456	924	0	6	0	920,924
1355	16792	1	1	6	0	0	0	2	17	30	4	25	14456	920	0	6	0	920
1355	16801	2	2	5	1	1	2	0	19	13	3	25	14456	828	2560	4	1	812,828
1355	16802	2	2	5	1	1	2	0	19	13	3	25	14456	828	2560	4	1	812,828
1355	16804	2	4	5	1	0	0	3	19	13	3	25	14456	924	0	5	0	912,916,920,924
1355	16808	2	2	5	1	0	0	2	17	86	4	25	14456	920	0	5	0	912,920
1355	16816	2	2	5	1	0	0	2	17	86	4	25	14456	920	0	5	0	912,920
1355	16833	2	2	5	1	1	2	0	19	13	3	25	14456	828	2560	4	1	812,828
1355	16834	2	2	5	1	1	2	0	19	13	3	25	14456	828	2560	4	1	812,828
1355	16836	2	4	5	1	0	0	3	19	13	3	25	14456	924	0	5	0	912,916,920,924
1355	16840	2	2	5	1	0	0	2	17	86	4	25	14456	920	0	5	0	912,920
1355	16848	2	2	5	1	0	0	2	17	86	4	25	14456	920	0	5	0	912,920
1355	16864	2	1	5	1	1	2	0	17	30	4	25	14456	824	2560	4	1	824
1355	16903	1	1	6	0	1	1	0	16	77	4	24	14456	783	2048	5	1	240
1355	16907	1	2	6	0	0	0	1	18	11	3	24	14456	910	0	6	0	782,910
1355	16909	1	1	6	0	0	0	2	16	77	4	24	14456	910	0	6	0	910
1355	16910	1	1	6	0	0	0	2	16	77	4	24	14456	910	0	6	0	910
1355	16915	1	2	6	0	0	0	1	18	11	3	24	14456	910	0	6	0	782,910
1355	16917	1	1	6	0	0	0	2	16	77	4	24	14456	910	0	6	0	910
1355	16918	1	1	6	0	0	0	2	16	77	4	24	14456	910	0	6	0	910
1355	16921	0	1	7	0	0	0	1	18	11	3	24	14456	908	0	7	0	908
1355	16922	0	1	7	0	0	0	1	18	11	3	24	14456	908	0	7	0	908
1355	16924	0	1	7	0	0	0	2	16	77	4	24	14456	908	0	7	0	908
1355	16931	1	1	6	0	1	1	0	16	77	4	24	14456	782	2048	5	1	782
1355	16933	2	2	5	1	0	0	2	14	94	5	24	14456	910	0	5	0	782,910
1355	16934	2	2	5	1	0	0	2	14	94	5	24	14456	910	0	5	0	782,910
1355	16937	1	1	6	0	0	0	1	16	77	4	24	14456	908	0	6	0	908
1355	16938	1	1	6	0	0	0	1	16	77	4	24	14456	908	0	6	0	908
1355	16940	1	1	6	0	0	0	2	14	94	5	24	14456	908	0	6	0	908
1355	16945	1	1	6	0	0	0	1	16	77	4	24	14456	908	0	6	0	908
1355	16946	1	1	6	0	0	0	1	16	77	4	24	14456	908	0	6	0	908
1355	16948	1	1	6	0	0	0	2	14	94	5	24	14456	908	0	6	0	908
1355	16952	0	1	7	0	0	0	1	16	77	4	24	14456	904	0	7	0	904
1355	16963	1	1	6	0	1	1	0	16	77	4	24	14456	782	2048	5	1	782
1355	16965	2	2	5	1	0	0	2	14	94	5	24	14456	910	0	5	0	782,910
1355	16966	2	2	5	1	0	0	2	14	94	5	24	14456	910	0	5	0	782,910
1355	16969	1	1	6	0	0	0	1	16	77	4	24	14456	908	0	6	0	908
1355	16970	1	1	6	0	0	0	1	16	77	4	24	14456	908	0	6	0	908
1355	16972	1	1	6	0	0	0	2	14	94	5	24	14456	908	0	6	0	908
1355	16977	1	1	6	0	0	0	1	16	77	4	24	14456	908	0	6	0	908
1355	16978	1	1	6	0	0	0	1	16	77	4	24	14456	908	0	6	0	908
1355	16980	1	1	6	0	0	0	2	14	94	5	24	14456	908	0	6	0	908
1355	16984	0	1	7	0	0	0	1	16	77	4	24	14456	904	0	7	0	904
1355	16993	2	2	5	1	0	0	1	14	94	5	24	14456	908	0	5	0	780,908
1355	16994	2	2	5	1	0	0	1	14	94	5	24	14456	908	0	5	0	780,908
1355	16996	2	1	5	1	0	0	2	12	222	6	24	14456	908	0	5	0	908
1355	17000	1	1	6	0	0	0	1	14	94	5	24	14456	904	0	6	0	904
1355	17008	1	1	6	0	0	0	1	14	94	5	24	14456	904	0	6	0	904
1355	17027	0	1	7	0	2	1	0	21	3	2	25	14456	798	2048	5	2	798
1355	17029	1	1	6	0	1	1	0	19	13	3	25	14456	798	2048	5	1	798
1355	17030	1	1	6	0	1	1	0	19	13	3	25	14456	798	2048	5	1	798
1355	17033	1	2	6	0	0	0	1	21	3	2	25	14456	924	0	6	0	796,924
1355	17034	1	2	6	0	0	0	1	21	3	2	25	14456	924	0	6	0	796,924
1355	17036	1	1	6	0	0	0	2	19	13	3	25	14456	924	0	6	0	924
1355	17041	1	2	6	0	0	0	1	21	3	2	25	14456	924	0	6	0	796,924
1355	17042	1	2	6	0	0	0	1	21	3	2	25	14456	924	0	6	0	796,924
1355	17044	1	1	6	0	0	0	2	19	13	3	25	14456	924	0	6	0	924
1355	17048	0	1	7	0	0	0	1	21	3	2	25	14456	920	0	7	0	920
1355	17057	1	1	6	0	1	1	0	17	77	4	25	14456	796	2048	5	1	796
1355	17058	1	1	6	0	1	1	0	17	77	4	25	14456	796	2048	5	1	796
1355	17060	2	2	5	1	0	0	2	15	94	5	25	14456	924	0	5	0	796,924
1355	17064	1	1	6	0	0	0	1	17	77	4	25	14456	920	0	6	0	920
1355	17072	1	1	6	0	0	0	1	17	77	4	25	14456	920	0	6	0	920
1355	17089	1	1	6	0	1	1	0	17	77	4	25	14456	796	2048	5	1	796
1355	17090	1	1	6	0	1	1	0	17	77	4	25	14456	796	2048	5	1	796
1355	17092	2	2	5	1	0	0	2	15	94	5	25	14456	924	0	5	0	796,924
1355	17096	1	1	6	0	0	0	1	17	77	4	25	14456	920	0	6	0	920
1355	17104	1	1	6	0	0	0	1	17	77	4	25	14456	920	0	6	0	920
1355	17120	2	2	5	1	0	0	1	13	222	6	25	14456	920	0	5	0	792,920
1355	17155	1	1	6	0	1	1	0	19	76	3	25	14456	798	2048	5	1	798
1355	17157	2	5	5	1	0	0	3	17	86	4	25	14456	926	0	5	0	798,920,922,924,926
1355	17158	2	5	5	1	0	0	3	17	86	4	25	14456	926	0	5	0	798,920,922,924,926
1355	17161	1	2	6	0	0	0	2	17	86	4	25	14456	924	0	6	0	920,924
1355	17162	1	2	6	0	0	0	2	17	86	4	25	14456	924	0	6	0	920,924
1355	17164	1	2	6	0	0	0	3	17	236	5	25	14456	924	0	6	0	920,924
1355	17169	1	2	6	0	0	0	2	17	86	4	25	14456	924	0	6	0	920,924
1355	17170	1	2	6	0	0	0	2	17	86	4	25	14456	924	0	6	0	920,924
1355	17172	1	2	6	0	0	0	3	17	236	5	25	14456	924	0	6	0	920,924
1355	17176	0	1	7	0	0	0	2	15	94	5	25	14456	920	0	7	0	920
1355	17185	2	5	5	1	0	0	2	17	86	4	25	14456	924	0	5	0	796,912,916,920,924
1355	17186	2	5	5	1	0	0	2	17	86	4	25	14456	924	0	5	0	796,912,916,920,924
1355	17188	2	4	5	1	0	0	3	15	94	5	25	14456	924	0	5	0	912,916,920,924
1355	17192	1	2	6	0	0	0	2	17	236	5	25	14456	920	0	6	0	912,920
1355	17200	1	2	6	0	0	0	2	17	236	5	25	14456	920	0	6	0	912,920
1355	17217	2	5	5	1	0	0	2	17	86	4	25	14456	924	0	5	0	796,912,916,920,924
1355	17218	2	5	5	1	0	0	2	17	86	4	25	14456	924	0	5	0	796,912,916,920,924
1355	17220	2	4	5	1	0	0	3	15	94	5	25	14456	924	0	5	0	912,916,920,924
1355	17224	1	2	6	0	0	0	2	17	236	5	25	14456	920	0	6	0	912,920
1355	17232	1	2	6	0	0	0	2	17	236	5	25	14456	920	0	6	0	912,920
1355	17248	2	5	5	1	0	0	3	15	94	5	25	14456	920	0	5	0	896,904,912,920,960
1355	17281	1	1	6	0	1	1	0	22	12	2	26	14456	828	2048	5	1	828
1355	17282	1	1	6	0	1	1	0	22	12	2	26	14456	828	2048	5	1	828
1355	17284	2	6	5	1	0	0	4	20	13	3	26	14456	956	0	5	0	828,944,948,952,956,960
1355	17288	1	2	6	0	0	0	2	20	13	3	26	14456	952	0	6	0	944,952
1355	17296	1	2	6	0	0	0	2	20	13	3	26	14456	952	0	6	0	944,952
1355	17312	2	6	5	1	0	0	3	18	77	4	26	14456	952	0	5	0	824,928,936,944,952,960
1355	17344	2	6	5	1	0	0	3	18	77	4	26	14456	952	0	5	0	824,928,936,944,952,960
1355	17415	2	4	5	1	0	0	1	19	11	3	25	31072	940	0	5	0	172,428,684,940
1355	17419	2	1	5	1	1	3	0	17	77	4	25	31072	173	12292	4	1	850
1355	17421	2	3	5	1	0	0	3	17	77	4	25	14456	910	0	5	0	908,910,940
1355	17422	2	3	5	1	0	0	3	17	77	4	25	14456	910	0	5	0	908,910,940
1355	17427	2	1	5	1	1	3	0	17	77	4	25	31072	173	12292	4	1	850
1355	17429	2	3	5	1	0	0	3	17	77	4	25	14456	910	0	5	0	908,910,940
1355	17430	2	3	5	1	0	0	3	17	77	4	25	14456	910	0	5	0	908,910,940
1355	17433	2	1	5	1	0	0	1	15	94	5	25	14456	908	0	5	0	908
1355	17434	2	1	5	1	0	0	1	15	94	5	25	14456	908	0	5	0	908
1355	17436	1	1	6	0	0	0	2	15	94	5	25	14456	908	0	6	0	908
1355	17443	2	3	5	1	1	2	0	17	77	4	25	14456	846	2560	3	2	838,846,854
1355	17445	2	1	5	1	0	0	1	17	77	4	25	31072	936	0	5	0	936
1355	17446	2	1	5	1	0	0	1	17	77	4	25	31072	936	0	5	0	936
1355	17449	3	10	4	1	0	0	3	15	94	5	25	14456	908	0	4	0	836,844,852,904,908,936,960,964,968,972
1355	17450	3	10	4	1	0	0	3	15	94	5	25	14456	908	0	4	0	836,844,852,904,908,936,960,964,968,972
1355	17452	2	3	5	1	0	0	3	15	94	5	25	14456	908	0	5	0	904,908,936
1355	17457	3	10	4	1	0	0	3	15	94	5	25	14456	908	0	4	0	836,844,852,904,908,936,960,964,968,972
1355	17458	3	10	4	1	0	0	3	15	94	5	25	14456	908	0	4	0	836,844,852,904,908,936,960,964,968,972
1355	17460	2	3	5	1	0	0	3	15	94	5	25	14456	908	0	5	0	904,908,936
1355	17464	2	3	5	1	0	0	2	13	222	6	25	14456	904	0	5	0	904,960,968
1355	17475	2	3	5	1	1	2	0	17	77	4	25	14456	846	2560	3	2	838,846,854
1355	17477	2	1	5	1	0	0	1	17	77	4	25	31072	936	0	5	0	936
1355	17478	2	1	5	1	0	0	1	17	77	4	25	31072	936	0	5	0	936
1355	17481	3	10	4	1	0	0	3	15	94	5	25	14456	908	0	4	0	836,844,852,904,908,936,960,964,968,972
1355	17482	3	10	4	1	0	0	3	15	94	5	25	14456	908	0	4	0	836,844,852,904,908,936,960,964,968,972
1355	17484	2	3	5	1	0	0	3	15	94	5	25	14456	908	0	5	0	904,908,936
1355	17489	3	10	4	1	0	0	3	15	94	5	25	14456	908	0	4	0	836,844,852,904,908,936,960,964,968,972
1355	17490	3	10	4	1	0	0	3	15	94	5	25	14456	908	0	4	0	836,844,852,904,908,936,960,964,968,972
1355	17492	2	3	5	1	0	0	3	15	94	5	25	14456	908	0	5	0	904,908,936
1355	17496	2	3	5	1	0	0	2	13	222	6	25	14456	904	0	5	0	904,960,968
1355	17505	2	1	5	1	1	2	0	15	94	5	25	14456	844	2560	3	2	844
1355	17506	2	1	5	1	1	2	0	15	94	5	25	14456	844	2560	3	2	844
1355	17508	2	1	5	1	0	0	1	15	94	5	25	31072	928	0	5	0	928
1355	17512	2	2	5	1	0	0	1	13	222	6	25	32256	960	0	5	0	960,968
1355	17520	2	2	5	1	0	0	1	13	222	6	25	32256	960	0	5	0	960,968
1355	17539	0	1	7	0	3	3	0	22	3	2	26	31072	185	12292	4	3	838
1355	17541	1	1	6	0	1	3	0	22	3	2	26	31072	185	12290	5	1	838
1355	17542	1	1	6	0	1	3	0	22	3	2	26	31072	185	12289	5	1	838
1355	17545	1	1	6	0	1	2	0	20	13	3	26	32256	836	2064	5	1	836
1355	17546	1	1	6	0	1	2	0	20	13	3	26	32256	836	2064	5	1	836
1355	17548	2	6	5	1	0	0	4	20	13	3	26	14456	924	0	5	0	836,920,924,952,960,964
1355	17553	1	1	6	0	1	2	0	20	13	3	26	32256	836	2056	5	1	836
1355	17554	1	1	6	0	1	2	0	20	13	3	26	32256	836	2056	5	1	836
1355	17556	2	6	5	1	0	0	4	20	13	3	26	14456	924	0	5	0	836,920,924,952,960,964
1355	17560	1	1	6	0	0	0	1	18	30	4	26	32256	960	0	6	0	960
1355	17569	1	1	6	0	2	3	0	18	77	4	26	14456	844	2624	3	3	844
1355	17570	1	1	6	0	2	3	0	18	77	4	26	14456	844	2624	3	3	844
1355	17572	2	2	5	1	0	0	1	18	77	4	26	31072	944	0	5	0	844,944
1355	17576	2	3	5	1	0	0	1	16	94	5	26	32256	960	0	5	0	840,960,968
1355	17584	2	3	5	1	0	0	1	16	94	5	26	32256	960	0	5	0	840,960,968
1355	17601	1	1	6	0	2	3	0	18	77	4	26	14456	844	2592	3	3	844
1355	17602	1	1	6	0	2	3	0	18	77	4	26	14456	844	2592	3	3	844
1355	17604	2	2	5	1	0	0	1	18	77	4	26	31072	944	0	5	0	844,944
1355	17608	2	3	5	1	0	0	1	16	94	5	26	32256	960	0	5	0	840,960,968
1355	17616	2	3	5	1	0	0	1	16	94	5	26	32256	960	0	5	0	840,960,968
1355	17632	2	1	5	1	1	2	0	14	222	6	26	14456	856	2560	3	2	856
1355	17667	1	1	6	0	0	0	1	22	3	2	26	31072	920	0	6	0	920
1355	17669	0	1	7	0	0	0	1	22	3	2	26	31072	920	0	7	0	920
1355	17670	0	1	7	0	0	0	1	22	3	2	26	31072	920	0	7	0	920
1355	17673	1	1	6	0	0	0	1	18	77	4	26	31072	920	0	6	0	920
1355	17674	1	1	6	0	0	0	1	18	77	4	26	31072	920	0	6	0	920
1355	17676	0	1	7	0	0	0	1	18	77	4	26	31072	920	0	7	0	920
1355	17681	1	1	6	0	0	0	1	18	77	4	26	31072	920	0	6	0	920
1355	17682	1	1	6	0	0	0	1	18	77	4	26	31072	920	0	6	0	920
1355	17684	0	1	7	0	0	0	1	18	77	4	26	31072	920	0	7	0	920
1355	17688	1	1	6	0	0	0	2	14	222	6	26	14456	920	0	6	0	920
1355	17697	1	1	6	0	0	0	1	20	13	3	26	31072	912	0	6	0	912
1355	17698	1	1	6	0	0	0	1	20	13	3	26	31072	912	0	6	0	912
1355	17700	0	1	7	0	0	0	1	20	13	3	26	31072	912	0	7	0	912
1355	17704	1	1	6	0	0	0	1	16	94	5	26	31072	912	0	6	0	912
1355	17712	1	1	6	0	0	0	1	16	94	5	26	31072	912	0	6	0	912
1355	17729	1	1	6	0	0	0	1	20	13	3	26	31072	912	0	6	0	912
1355	17730	1	1	6	0	0	0	1	20	13	3	26	31072	912	0	6	0	912
1355	17732	0	1	7	0	0	0	1	20	13	3	26	31072	912	0	7	0	912
1355	17736	1	1	6	0	0	0	1	16	94	5	26	31072	912	0	6	0	912
1355	17744	1	1	6	0	0	0	1	16	94	5	26	31072	912	0	6	0	912
1355	17760	1	2	6	0	0	0	2	18	30	4	26	31072	896	0	6	0	896,960
1355	17793	1	3	6	0	0	0	2	25	1	1	27	31072	944	0	6	0	844,944,960
1355	17794	1	3	6	0	0	0	2	25	1	1	27	31072	944	0	6	0	844,944,960
1355	17796	0	1	7	0	0	0	1	25	1	1	27	31072	944	0	7	0	944
1355	17800	1	2	6	0	0	0	2	21	11	3	27	31072	944	0	6	0	944,960
1355	17808	1	2	6	0	0	0	2	21	11	3	27	31072	944	0	6	0	944,960
1355	17824	1	2	6	0	0	0	2	21	11	3	27	31072	928	0	6	0	928,960
1355	17856	1	2	6	0	0	0	2	21	11	3	27	31072	928	0	6	0	928,960
1355	17923	1	1	6	0	1	1	0	22	3	2	26	14456	798	2048	5	1	798
1355	17925	2	6	5	1	0	0	3	20	13	3	26	14456	926	0	5	0	798,920,922,924,926,984
1355	17926	2	6	5	1	0	0	3	20	13	3	26	14456	926	0	5	0	798,920,922,924,926,984
1355	17929	1	2	6	0	0	0	1	20	13	3	26	14456	924	0	6	0	920,924
1355	17930	1	2	6	0	0	0	1	20	13	3	26	14456	924	0	6	0	920,924
1355	17932	1	2	6	0	0	0	2	18	86	4	26	14456	924	0	6	0	920,924
1355	17937	1	2	6	0	0	0	1	20	13	3	26	14456	924	0	6	0	920,924
1355	17938	1	2	6	0	0	0	1	20	13	3	26	14456	924	0	6	0	920,924
1355	17940	1	2	6	0	0	0	2	18	86	4	26	14456	924	0	6	0	920,924
1355	17944	0	1	7	0	0	0	1	18	30	4	26	14456	920	0	7	0	920
1355	17953	2	6	5	1	0	0	2	18	77	4	26	14456	924	0	5	0	796,912,916,920,924,976
1355	17954	2	6	5	1	0	0	2	18	77	4	26	14456	924	0	5	0	796,912,916,920,924,976
1355	17956	2	5	5	1	0	0	3	16	94	5	26	14456	924	0	5	0	912,916,920,924,976
1355	17960	1	2	6	0	0	0	1	16	94	5	26	14456	920	0	6	0	912,920
1355	17968	1	2	6	0	0	0	1	16	94	5	26	14456	920	0	6	0	912,920
1355	17985	2	6	5	1	0	0	2	18	77	4	26	14456	924	0	5	0	796,912,916,920,924,976
1355	17986	2	6	5	1	0	0	2	18	77	4	26	14456	924	0	5	0	796,912,916,920,924,976
1355	17988	2	5	5	1	0	0	3	16	94	5	26	14456	924	0	5	0	912,916,920,924,976
1355	17992	1	2	6	0	0	0	1	16	94	5	26	14456	920	0	6	0	912,920
1355	18000	1	2	6	0	0	0	1	16	94	5	26	14456	920	0	6	0	912,920
1355	18016	2	5	5	1	0	0	3	14	222	6	26	14456	920	0	5	0	896,904,912,920,960
1355	18049	1	4	6	0	1	1	0	25	1	1	27	14456	828	2048	5	1	780,796,812,828
1355	18050	1	4	6	0	1	1	0	25	1	1	27	14456	828	2048	5	1	780,796,812,828
1355	18052	2	24	5	1	0	0	4	23	3	2	27	14456	956	0	5	0	780,796,812,828,896,900,904,908,912,916,920,924,928,932,936,940,944,948,952,956,960,976,992,1008
1355	18056	1	8	6	0	0	0	2	23	3	2	27	14456	952	0	6	0	896,904,912,920,928,936,944,952
1355	18064	1	8	6	0	0	0	2	23	3	2	27	14456	952	0	6	0	896,904,912,920,928,936,944,952
1355	18080	2	12	5	1	0	0	3	19	75	4	27	14456	952	0	5	0	792,824,896,904,912,920,928,936,944,952,960,992
1355	18112	2	12	5	1	0	0	3	19	75	4	27	14456	952	0	5	0	792,824,896,904,912,920,928,936,944,952,960,992
1355	18177	0	1	7	0	0	0	1	23	12	2	27	31072	944	0	7	0	944
1355	18178	0	1	7	0	0	0	1	23	12	2	27	31072	944	0	7	0	944
1355	18180	0	1	7	0	0	0	1	21	13	3	27	31072	944	0	7	0	944
1355	18184	0	1	7	0	0	0	1	19	77	4	27	31072	944	0	7	0	944
1355	18192	0	1	7	0	0	0	1	19	77	4	27	31072	944	0	7	0	944
1355	18208	0	1	7	0	0	0	1	19	77	4	27	31072	928	0	7	0	928
1355	18240	0	1	7	0	0	0	1	19	77	4	27	31072	928	0	7	0	928
1355	18304	0	4	7	0	0	0	2	26	1	1	28	31072	992	0	7	0	896,928,960,992
1355	18439	1	1	6	0	0	0	2	15	94	5	25	14456	783	0	6	0	240
1355	18443	2	2	5	1	0	0	1	13	222	6	25	14456	782	0	5	0	782,846
1355	18445	1	1	6	0	0	0	2	15	94	5	25	14456	782	0	6	0	782
1355	18446	1	1	6	0	0	0	2	15	94	5	25	14456	782	0	6	0	782
1355	18451	2	2	5	1	0	0	1	13	222	6	25	14456	782	0	5	0	782,846
1355	18453	1	1	6	0	0	0	2	15	94	5	25	14456	782	0	6	0	782
1355	18454	1	1	6	0	0	0	2	15	94	5	25	14456	782	0	6	0	782
1355	18457	2	2	5	1	0	0	1	13	222	6	25	14456	780	0	5	0	780,844
1355	18458	2	2	5	1	0	0	1	13	222	6	25	14456	780	0	5	0	780,844
1355	18460	1	1	6	0	0	0	2	15	94	5	25	14456	780	0	6	0	780
1355	18467	1	1	6	0	1	1	0	15	94	5	25	14456	846	512	5	1	846
1355	18469	1	2	6	0	0	0	2	17	77	4	25	14456	782	0	6	0	782,846
1355	18470	1	2	6	0	0	0	2	17	77	4	25	14456	782	0	6	0	782,846
1355	18473	1	1	6	0	1	1	0	15	94	5	25	14456	844	512	5	1	844
1355	18474	1	1	6	0	1	1	0	15	94	5	25	14456	844	512	5	1	844
1355	18476	1	2	6	0	0	0	2	17	77	4	25	14456	780	0	6	0	780,844
1355	18481	1	1	6	0	1	1	0	15	94	5	25	14456	844	512	5	1	844
1355	18482	1	1	6	0	1	1	0	15	94	5	25	14456	844	512	5	1	844
1355	18484	1	2	6	0	0	0	2	17	77	4	25	14456	780	0	6	0	780,844
1355	18488	1	1	6	0	1	1	0	15	94	5	25	14456	840	512	5	1	840
1355	18499	1	1	6	0	1	1	0	15	94	5	25	14456	846	512	5	1	846
1355	18501	1	2	6	0	0	0	2	17	77	4	25	14456	782	0	6	0	782,846
1355	18502	1	2	6	0	0	0	2	17	77	4	25	14456	782	0	6	0	782,846
1355	18505	1	1	6	0	1	1	0	15	94	5	25	14456	844	512	5	1	844
1355	18506	1	1	6	0	1	1	0	15	94	5	25	14456	844	512	5	1	844
1355	18508	1	2	6	0	0	0	2	17	77	4	25	14456	780	0	6	0	780,844
1355	18513	1	1	6	0	1	1	0	15	94	5	25	14456	844	512	5	1	844
1355	18514	1	1	6	0	1	1	0	15	94	5	25	14456	844	512	5	1	844
1355	18516	1	2	6	0	0	0	2	17	77	4	25	14456	780	0	6	0	780,844
1355	18520	1	1	6	0	1	1	0	15	94	5	25	14456	840	512	5	1	840
1355	18529	0	1	7	0	2	1	0	17	77	4	25	14456	844	512	5	2	844
1355	18530	0	1	7	0	2	1	0	17	77	4	25	14456	844	512	5	2	844
1355	18532	0	1	7	0	1	1	0	19	11	3	25	14456	844	512	6	1	844
1355	18536	0	1	7	0	2	1	0	17	77	4	25	14456	840	512	5	2	840
1355	18544	0	1	7	0	2	1	0	17	77	4	25	14456	840	512	5	2	840
1355	18563	2	5	5	1	0	0	1	16	94	5	26	14456	798	0	5	0	798,838,846,854,862
1355	18565	1	1	6	0	0	0	2	18	86	4	26	14456	798	0	6	0	798
1355	18566	1	1	6	0	0	0	2	18	86	4	26	14456	798	0	6	0	798
1355	18569	2	5	5	1	0	0	1	16	94	5	26	14456	796	0	5	0	796,836,844,852,860
1355	18570	2	5	5	1	0	0	1	16	94	5	26	14456	796	0	5	0	796,836,844,852,860
1355	18572	1	1	6	0	0	0	2	18	86	4	26	14456	796	0	6	0	796
1355	18577	2	5	5	1	0	0	1	16	94	5	26	14456	796	0	5	0	796,836,844,852,860
1355	18578	2	5	5	1	0	0	1	16	94	5	26	14456	796	0	5	0	796,836,844,852,860
1355	18580	1	1	6	0	0	0	2	18	86	4	26	14456	796	0	6	0	796
1355	18584	2	6	5	1	0	0	2	16	94	5	26	14456	792	0	5	0	792,832,840,848,856,960
1355	18593	1	2	6	0	1	1	0	18	236	5	26	14456	860	512	5	1	844,860
1355	18594	1	2	6	0	1	1	0	18	236	5	26	14456	860	512	5	1	844,860
1355	18596	1	3	6	0	0	0	2	18	86	4	26	14456	796	0	6	0	796,844,860
1355	18600	1	2	6	0	1	1	0	18	236	5	26	14456	856	512	5	1	840,856
1355	18608	1	2	6	0	1	1	0	18	236	5	26	14456	856	512	5	1	840,856
1355	18625	1	2	6	0	1	1	0	18	236	5	26	14456	860	512	5	1	844,860
1355	18626	1	2	6	0	1	1	0	18	236	5	26	14456	860	512	5	1	844,860
1355	18628	1	3	6	0	0	0	2	18	86	4	26	14456	796	0	6	0	796,844,860
1355	18632	1	2	6	0	1	1	0	18	236	5	26	14456	856	512	5	1	840,856
1355	18640	1	2	6	0	1	1	0	18	236	5	26	14456	856	512	5	1	840,856
1355	18656	0	1	7	0	2	1	0	16	94	5	26	14456	856	512	5	2	856
1355	18691	1	1	6	0	0	0	1	18	30	4	26	14456	798	0	6	0	798
1355	18693	0	1	7	0	0	0	2	20	13	3	26	14456	798	0	7	0	798
1355	18694	0	1	7	0	0	0	2	20	13	3	26	14456	798	0	7	0	798
1355	18697	1	1	6	0	0	0	1	16	94	5	26	14456	796	0	6	0	796
1355	18698	1	1	6	0	0	0	1	16	94	5	26	14456	796	0	6	0	796
1355	18700	0	1	7	0	0	0	2	18	77	4	26	14456	796	0	7	0	796
1355	18705	1	1	6	0	0	0	1	16	94	5	26	14456	796	0	6	0	796
1355	18706	1	1	6	0	0	0	1	16	94	5	26	14456	796	0	6	0	796
1355	18708	0	1	7	0	0	0	2	18	77	4	26	14456	796	0	7	0	796
1355	18712	1	1	6	0	0	0	2	14	222	6	26	14456	792	0	6	0	792
1355	18721	1	2	6	0	0	0	1	20	13	3	26	14456	796	0	6	0	796,860
1355	18722	1	2	6	0	0	0	1	20	13	3	26	14456	796	0	6	0	796,860
1355	18724	0	1	7	0	0	0	2	22	3	2	26	14456	796	0	7	0	796
1355	18728	1	2	6	0	0	0	1	18	77	4	26	14456	792	0	6	0	792,856
1355	18736	1	2	6	0	0	0	1	18	77	4	26	14456	792	0	6	0	792,856
1355	18753	1	2	6	0	0	0	1	20	13	3	26	14456	796	0	6	0	796,860
1355	18754	1	2	6	0	0	0	1	20	13	3	26	14456	796	0	6	0	796,860
1355	18756	0	1	7	0	0	0	2	22	3	2	26	14456	796	0	7	0	796
1355	18760	1	2	6	0	0	0	1	18	77	4	26	14456	792	0	6	0	792,856
1355	18768	1	2	6	0	0	0	1	18	77	4	26	14456	792	0	6	0	792,856
1355	18784	0	1	7	0	1	1	0	22	3	2	26	14456	856	512	6	1	856
1355	18817	1	1	6	0	0	0	1	21	13	3	27	14456	828	0	6	0	828
1355	18818	1	1	6	0	0	0	1	21	13	3	27	14456	828	0	6	0	828
1355	18820	0	1	7	0	0	0	2	23	12	2	27	14456	828	0	7	0	828
1355	18824	1	1	6	0	0	0	1	19	77	4	27	14456	824	0	6	0	824
1355	18832	1	1	6	0	0	0	1	19	77	4	27	14456	824	0	6	0	824
1355	18848	1	3	6	0	0	0	1	21	13	3	27	14456	824	0	6	0	824,856,888
1355	18880	1	3	6	0	0	0	1	21	13	3	27	14456	824	0	6	0	824,856,888
1355	18947	0	1	7	0	0	0	1	16	94	5	26	14456	798	0	7	0	798
1355	18949	0	1	7	0	0	0	2	18	236	5	26	14456	798	0	7	0	798
1355	18950	0	1	7	0	0	0	2	18	236	5	26	14456	798	0	7	0	798
1355	18953	0	1	7	0	0	0	1	16	94	5	26	14456	796	0	7	0	796
1355	18954	0	1	7	0	0	0	1	16	94	5	26	14456	796	0	7	0	796
1355	18956	0	1	7	0	0	0	2	18	236	5	26	14456	796	0	7	0	796
1355	18961	0	1	7	0	0	0	1	16	94	5	26	14456	796	0	7	0	796
1355	18962	0	1	7	0	0	0	1	16	94	5	26	14456	796	0	7	0	796
1355	18964	0	1	7	0	0	0	2	18	236	5	26	14456	796	0	7	0	796
1355	18968	0	1	7	0	0	0	1	16	94	5	26	14456	792	0	7	0	792
1355	18977	0	1	7	0	0	0	1	18	236	5	26	14456	796	0	7	0	796
1355	18978	0	1	7	0	0	0	1	18	236	5	26	14456	796	0	7	0	796
1355	18980	0	1	7	0	0	0	2	16	94	5	26	14456	796	0	7	0	796
1355	18984	0	1	7	0	0	0	1	18	236	5	26	14456	792	0	7	0	792
1355	18992	0	1	7	0	0	0	1	18	236	5	26	14456	792	0	7	0	792
1355	19009	0	1	7	0	0	0	1	18	236	5	26	14456	796	0	7	0	796
1355	19010	0	1	7	0	0	0	1	18	236	5	26	14456	796	0	7	0	796
1355	19012	0	1	7	0	0	0	2	16	94	5	26	14456	796	0	7	0	796
1355	19016	0	1	7	0	0	0	1	18	236	5	26	14456	792	0	7	0	792
1355	19024	0	1	7	0	0	0	1	18	236	5	26	14456	792	0	7	0	792
1355	19040	0	1	7	0	0	0	1	16	94	5	26	14456	792	0	7	0	792
1355	19073	0	1	7	0	0	0	1	19	77	4	27	14456	828	0	7	0	828
1355	19074	0	1	7	0	0	0	1	19	77	4	27	14456	828	0	7	0	828
1355	19076	0	1	7	0	0	0	2	19	86	4	27	14456	828	0	7	0	828
1355	19080	0	1	7	0	0	0	1	19	77	4	27	14456	824	0	7	0	824
1355	19088	0	1	7	0	0	0	1	19	77	4	27	14456	824	0	7	0	824
1355	19104	0	1	7	0	0	0	1	17	94	5	27	14456	824	0	7	0	824
1355	19136	0	1	7	0	0	0	1	17	94	5	27	14456	824	0	7	0	824
1355	19201	0	1	7	0	0	0	1	19	86	4	27	14456	828	0	7	0	828
1355	19202	0	1	7	0	0	0	1	19	86	4	27	14456	828	0	7	0	828
1355	19204	0	1	7	0	0	0	2	19	77	4	27	14456	828	0	7	0	828
1355	19208	0	1	7	0	0	0	1	17	94	5	27	14456	824	0	7	0	824
1355	19216	0	1	7	0	0	0	1	17	94	5	27	14456	824	0	7	0	824
1355	19232	0	1	7	0	0	0	1	19	77	4	27	14456	824	0	7	0	824
1355	19264	0	1	7	0	0	0	1	19	77	4	27	14456	824	0	7	0	824
1355	19328	0	1	7	0	0	0	1	22	13	3	28	14456	888	0	7	0	888
1355	19459	2	6	5	1	0	0	1	19	30	4	27	14456	798	0	5	0	798,902,910,918,926,934
1355	19461	1	1	6	0	0	0	2	21	13	3	27	14456	798	0	6	0	798
1355	19462	1	1	6	0	0	0	2	21	13	3	27	14456	798	0	6	0	798
1355	19465	2	6	5	1	0	0	1	17	94	5	27	14456	796	0	5	0	796,900,908,916,924,932
1355	19466	2	6	5	1	0	0	1	17	94	5	27	14456	796	0	5	0	796,900,908,916,924,932
1355	19468	1	1	6	0	0	0	2	19	77	4	27	14456	796	0	6	0	796
1355	19473	2	6	5	1	0	0	1	17	94	5	27	14456	796	0	5	0	796,900,908,916,924,932
1355	19474	2	6	5	1	0	0	1	17	94	5	27	14456	796	0	5	0	796,900,908,916,924,932
1355	19476	1	1	6	0	0	0	2	19	77	4	27	14456	796	0	6	0	796
1355	19480	2	6	5	1	0	0	2	15	222	6	27	14456	792	0	5	0	792,896,904,912,920,928
1355	19489	1	2	6	0	1	1	0	19	86	4	27	14456	924	512	5	1	908,924
1355	19490	1	2	6	0	1	1	0	19	86	4	27	14456	924	512	5	1	908,924
1355	19492	1	3	6	0	0	0	2	21	13	3	27	14456	796	0	6	0	796,908,924
1355	19496	1	2	6	0	1	1	0	17	94	5	27	14456	920	512	5	1	904,920
1355	19504	1	2	6	0	1	1	0	17	94	5	27	14456	920	512	5	1	904,920
1355	19521	1	2	6	0	1	1	0	19	86	4	27	14456	924	512	5	1	908,924
1355	19522	1	2	6	0	1	1	0	19	86	4	27	14456	924	512	5	1	908,924
1355	19524	1	3	6	0	0	0	2	21	13	3	27	14456	796	0	6	0	796,908,924
1355	19528	1	2	6	0	1	1	0	17	94	5	27	14456	920	512	5	1	904,920
1355	19536	1	2	6	0	1	1	0	17	94	5	27	14456	920	512	5	1	904,920
1355	19552	0	1	7	0	2	1	0	19	30	4	27	14456	920	512	5	2	920
1355	19585	0	1	7	0	2	2	0	22	13	3	28	32256	908	24	5	2	908
1355	19586	0	1	7	0	2	2	0	22	13	3	28	32256	908	24	5	2	908
1355	19588	0	1	7	0	1	2	0	24	12	2	28	32256	908	24	5	2	908
1355	19592	0	1	7	0	1	1	0	20	77	4	28	32256	904	16	6	1	904
1355	19600	0	1	7	0	1	1	0	20	77	4	28	32256	904	8	6	1	904
1355	19616	0	1	7	0	2	2	0	20	77	4	28	14456	920	576	5	2	920
1355	19648	0	1	7	0	2	2	0	20	77	4	28	14456	920	544	5	2	920
1355	19713	1	4	6	0	0	0	2	24	3	2	28	14456	828	0	6	0	816,820,824,828
1355	19714	1	4	6	0	0	0	2	24	3	2	28	14456	828	0	6	0	816,820,824,828
1355	19716	0	4	7	0	0	0	3	26	1	1	28	14456	828	0	7	0	816,820,824,828
1355	19720	1	2	6	0	0	0	2	20	75	4	28	14456	824	0	6	0	816,824
1355	19728	1	2	6	0	0	0	2	20	75	4	28	14456	824	0	6	0	816,824
1355	19744	1	12	6	0	0	0	3	24	3	2	28	14456	824	0	6	0	800,808,816,824,896,904,912,920,928,936,944,952
1355	19776	1	12	6	0	0	0	3	24	3	2	28	14456	824	0	6	0	800,808,816,824,896,904,912,920,928,936,944,952
1355	19840	0	4	7	0	0	0	1	27	1	1	29	32256	896	0	7	0	896,904,912,920
1355	19969	0	1	7	0	0	0	1	22	13	3	28	14456	828	0	7	0	828
1355	19970	0	1	7	0	0	0	1	22	13	3	28	14456	828	0	7	0	828
1355	19972	0	1	7	0	0	0	2	22	13	3	28	14456	828	0	7	0	828
1355	19976	0	1	7	0	0	0	1	20	77	4	28	14456	824	0	7	0	824
1355	19984	0	1	7	0	0	0	1	20	77	4	28	14456	824	0	7	0	824
1355	20000	0	1	7	0	0	0	1	20	77	4	28	14456	824	0	7	0	824
1355	20032	0	1	7	0	0	0	1	20	77	4	28	14456	824	0	7	0	824
1355	20096	0	4	7	0	0	0	1	25	3	2	29	14456	888	0	7	0	792,824,856,888
1355	20224	0	4	7	0	0	0	2	25	3	2	29	14456	888	0	7	0	864,872,880,888
1355	20487	3	5	4	1	0	0	3	13	222	6	25	14456	783	0	4	0	240,428,432,496,812
1355	20491	3	7	4	1	0	0	3	15	94	5	25	14456	782	0	4	0	210,240,590,594,722,782,812
1355	20493	2	2	5	1	0	0	3	15	94	5	25	14456	782	0	5	0	782,812
1355	20494	2	2	5	1	0	0	3	15	94	5	25	14456	782	0	5	0	782,812
1355	20499	3	7	4	1	0	0	3	15	94	5	25	14456	782	0	4	0	210,240,590,594,722,782,812
1355	20501	2	2	5	1	0	0	3	15	94	5	25	14456	782	0	5	0	782,812
1355	20502	2	2	5	1	0	0	3	15	94	5	25	14456	782	0	5	0	782,812
1355	20505	2	4	5	1	0	0	3	17	77	4	25	14456	780	0	5	0	780,782,812,814
1355	20506	2	4	5	1	0	0	3	17	77	4	25	14456	780	0	5	0	780,782,812,814
1355	20508	1	2	6	0	0	0	3	17	77	4	25	14456	780	0	6	0	780,812
1355	20515	2	2	5	1	2	2	0	15	94	5	25	14456	590	2560	3	2	590,598
1355	20517	3	7	4	1	0	0	3	15	94	5	25	14456	782	0	4	0	424,432,590,598,782,808,936
1355	20518	3	7	4	1	0	0	3	15	94	5	25	14456	782	0	4	0	424,432,590,598,782,808,936
1355	20521	3	9	4	1	0	0	3	17	77	4	25	14456	780	0	4	0	426,434,588,596,780,782,808,810,844
1355	20522	3	9	4	1	0	0	3	17	77	4	25	14456	780	0	4	0	426,434,588,596,780,782,808,810,844
1355	20524	2	2	5	1	0	0	3	17	77	4	25	14456	780	0	5	0	780,808
1355	20529	3	9	4	1	0	0	3	17	77	4	25	14456	780	0	4	0	426,434,588,596,780,782,808,810,844
1355	20530	3	9	4	1	0	0	3	17	77	4	25	14456	780	0	4	0	426,434,588,596,780,782,808,810,844
1355	20532	2	2	5	1	0	0	3	17	77	4	25	14456	780	0	5	0	780,808
1355	20536	2	5	5	1	0	0	3	19	11	3	25	14456	776	0	5	0	776,780,808,812,840
1355	20547	2	2	5	1	2	2	0	15	94	5	25	14456	590	2560	3	2	590,598
1355	20549	3	7	4	1	0	0	3	15	94	5	25	14456	782	0	4	0	424,432,590,598,782,808,936
1355	20550	3	7	4	1	0	0	3	15	94	5	25	14456	782	0	4	0	424,432,590,598,782,808,936
1355	20553	3	9	4	1	0	0	3	17	77	4	25	14456	780	0	4	0	426,434,588,596,780,782,808,810,844
1355	20554	3	9	4	1	0	0	3	17	77	4	25	14456	780	0	4	0	426,434,588,596,780,782,808,810,844
1355	20556	2	2	5	1	0	0	3	17	77	4	25	14456	780	0	5	0	780,808
1355	20561	3	9	4	1	0	0	3	17	77	4	25	14456	780	0	4	0	426,434,588,596,780,782,808,810,844
1355	20562	3	9	4	1	0	0	3	17	77	4	25	14456	780	0	4	0	426,434,588,596,780,782,808,810,844
1355	20564	2	2	5	1	0	0	3	17	77	4	25	14456	780	0	5	0	780,808
1355	20568	2	5	5	1	0	0	3	19	11	3	25	14456	776	0	5	0	776,780,808,812,840
1355	20577	2	4	5	1	2	2	0	17	77	4	25	14456	588	2560	3	2	418,434,588,604
1355	20578	2	4	5	1	2	2	0	17	77	4	25	14456	588	2560	3	2	418,434,588,604
1355	20580	2	1	5	1	1	1	0	17	77	4	25	31072	928	1024	4	1	928
1355	20584	2	1	5	1	1	1	0	19	11	3	25	14456	840	512	4	1	840
1355	20592	2	1	5	1	1	1	0	19	11	3	25	14456	840	512	4	1	840
1355	20611	2	4	5	1	2	2	0	16	94	5	26	14456	606	2560	3	2	582,590,598,606
1355	20613	3	12	4	1	0	0	3	16	94	5	26	14456	798	0	4	0	416,424,432,440,480,542,582,590,598,606,798,824
1355	20614	3	12	4	1	0	0	3	16	94	5	26	14456	798	0	4	0	416,424,432,440,480,542,582,590,598,606,798,824
1355	20617	3	15	4	1	0	0	4	18	86	4	26	14456	796	0	4	0	314,418,426,434,442,580,588,596,604,708,796,798,824,826,960
1355	20618	3	15	4	1	0	0	4	18	86	4	26	14456	796	0	4	0	314,418,426,434,442,580,588,596,604,708,796,798,824,826,960
1355	20620	2	2	5	1	0	0	3	18	86	4	26	14456	796	0	5	0	796,824
1355	20625	3	15	4	1	0	0	4	18	86	4	26	14456	796	0	4	0	314,418,426,434,442,580,588,596,604,708,796,798,824,826,960
1355	20626	3	15	4	1	0	0	4	18	86	4	26	14456	796	0	4	0	314,418,426,434,442,580,588,596,604,708,796,798,824,826,960
1355	20628	2	2	5	1	0	0	3	18	86	4	26	14456	796	0	5	0	796,824
1355	20632	2	5	5	1	0	0	4	20	76	3	26	14456	792	0	5	0	792,796,824,828,960
1355	20641	2	4	5	1	2	2	0	18	236	5	26	14456	604	2560	3	2	418,434,588,604
1355	20642	2	4	5	1	2	2	0	18	236	5	26	14456	604	2560	3	2	418,434,588,604
1355	20644	3	12	4	1	0	0	3	18	236	5	26	14456	796	0	4	0	416,418,432,434,588,590,604,606,796,816,928,944
1355	20648	3	15	4	1	0	0	4	18	86	4	26	14456	792	0	4	0	420,422,436,438,584,586,600,602,792,796,816,820,840,856,960
1355	20656	3	15	4	1	0	0	4	18	86	4	26	14456	792	0	4	0	420,422,436,438,584,586,600,602,792,796,816,820,840,856,960
1355	20673	2	4	5	1	2	2	0	18	236	5	26	14456	604	2560	3	2	418,434,588,604
1355	20674	2	4	5	1	2	2	0	18	236	5	26	14456	604	2560	3	2	418,434,588,604
1355	20676	3	12	4	1	0	0	3	18	236	5	26	14456	796	0	4	0	416,418,432,434,588,590,604,606,796,816,928,944
1355	20680	3	15	4	1	0	0	4	18	86	4	26	14456	792	0	4	0	420,422,436,438,584,586,600,602,792,796,816,820,840,856,960
1355	20688	3	15	4	1	0	0	4	18	86	4	26	14456	792	0	4	0	420,422,436,438,584,586,600,602,792,796,816,820,840,856,960
1355	20704	2	4	5	1	2	2	0	16	94	5	26	14456	600	2560	3	2	420,422,600,602
1355	20739	3	12	4	1	0	0	3	16	94	5	26	14456	798	0	4	0	224,226,228,230,480,542,606,614,792,794,796,798
1355	20741	2	4	5	1	0	0	3	16	94	5	26	14456	798	0	5	0	792,794,796,798
1355	20742	2	4	5	1	0	0	3	16	94	5	26	14456	798	0	5	0	792,794,796,798
1355	20745	2	4	5	1	0	0	3	18	236	5	26	14456	796	0	5	0	792,794,796,798
1355	20746	2	4	5	1	0	0	3	18	236	5	26	14456	796	0	5	0	792,794,796,798
1355	20748	1	2	6	0	0	0	3	18	236	5	26	14456	796	0	6	0	792,796
1355	20753	2	4	5	1	0	0	3	18	236	5	26	14456	796	0	5	0	792,794,796,798
1355	20754	2	4	5	1	0	0	3	18	236	5	26	14456	796	0	5	0	792,794,796,798
1355	20756	1	2	6	0	0	0	3	18	236	5	26	14456	796	0	6	0	792,796
1355	20760	1	2	6	0	0	0	3	16	94	5	26	14456	792	0	6	0	792,796
1355	20769	3	15	4	1	0	0	4	18	86	4	26	14456	796	0	4	0	402,418,604,620,784,786,788,790,792,794,796,798,912,914,960
1355	20770	3	15	4	1	0	0	4	18	86	4	26	14456	796	0	4	0	402,418,604,620,784,786,788,790,792,794,796,798,912,914,960
1355	20772	2	5	5	1	0	0	3	18	86	4	26	14456	796	0	5	0	784,788,792,796,912
1355	20776	2	4	5	1	0	0	3	18	86	4	26	14456	792	0	5	0	784,788,792,796
1355	20784	2	4	5	1	0	0	3	18	86	4	26	14456	792	0	5	0	784,788,792,796
1355	20801	3	15	4	1	0	0	4	18	86	4	26	14456	796	0	4	0	402,418,604,620,784,786,788,790,792,794,796,798,912,914,960
1355	20802	3	15	4	1	0	0	4	18	86	4	26	14456	796	0	4	0	402,418,604,620,784,786,788,790,792,794,796,798,912,914,960
1355	20804	2	5	5	1	0	0	3	18	86	4	26	14456	796	0	5	0	784,788,792,796,912
1355	20808	2	4	5	1	0	0	3	18	86	4	26	14456	792	0	5	0	784,788,792,796
1355	20816	2	4	5	1	0	0	3	18	86	4	26	14456	792	0	5	0	784,788,792,796
1355	20832	2	3	5	1	0	0	1	20	76	3	26	32256	960	0	5	0	896,900,960
1355	20865	2	1	5	1	0	0	1	19	77	4	27	32256	960	0	5	0	960
1355	20866	2	1	5	1	0	0	1	19	77	4	27	32256	960	0	5	0	960
1355	20868	2	5	5	1	0	0	4	19	77	4	27	14456	828	0	5	0	816,820,824,828,960
1355	20872	2	5	5	1	0	0	4	19	86	4	27	14456	824	0	5	0	816,820,824,828,960
1355	20880	2	5	5	1	0	0	4	19	86	4	27	14456	824	0	5	0	816,820,824,828,960
1355	20896	2	1	5	1	0	0	1	19	86	4	27	32256	960	0	5	0	960
1355	20928	2	1	5	1	0	0	1	19	86	4	27	32256	960	0	5	0	960
1355	20995	1	1	6	0	1	1	0	18	30	4	26	14456	542	2048	5	1	542
1355	20997	2	3	5	1	0	0	2	16	94	5	26	14456	798	0	5	0	480,542,798
1355	20998	2	3	5	1	0	0	2	16	94	5	26	14456	798	0	5	0	480,542,798
1355	21001	1	1	6	0	0	0	1	20	13	3	26	14456	796	0	6	0	796
1355	21002	1	1	6	0	0	0	1	20	13	3	26	14456	796	0	6	0	796
1355	21004	1	1	6	0	0	0	2	18	77	4	26	14456	796	0	6	0	796
1355	21009	1	1	6	0	0	0	1	20	13	3	26	14456	796	0	6	0	796
1355	21010	1	1	6	0	0	0	1	20	13	3	26	14456	796	0	6	0	796
1355	21012	1	1	6	0	0	0	2	18	77	4	26	14456	796	0	6	0	796
1355	21016	0	1	7	0	0	0	1	22	3	2	26	14456	792	0	7	0	792
1355	21025	2	3	5	1	0	0	1	18	86	4	26	14456	796	0	5	0	482,540,796
1355	21026	2	3	5	1	0	0	1	18	86	4	26	14456	796	0	5	0	482,540,796
1355	21028	2	1	5	1	0	0	2	16	94	5	26	14456	796	0	5	0	796
1355	21032	1	1	6	0	0	0	1	20	13	3	26	14456	792	0	6	0	792
1355	21040	1	1	6	0	0	0	1	20	13	3	26	14456	792	0	6	0	792
1355	21057	2	3	5	1	0	0	1	18	86	4	26	14456	796	0	5	0	482,540,796
1355	21058	2	3	5	1	0	0	1	18	86	4	26	14456	796	0	5	0	482,540,796
1355	21060	2	1	5	1	0	0	2	16	94	5	26	14456	796	0	5	0	796
1355	21064	1	1	6	0	0	0	1	20	13	3	26	14456	792	0	6	0	792
1355	21072	1	1	6	0	0	0	1	20	13	3	26	14456	792	0	6	0	792
1355	21088	2	2	5	1	0	0	1	18	30	4	26	14456	792	0	5	0	792,960
1355	21121	1	2	6	0	1	1	0	21	13	3	27	14456	572	2048	5	1	450,572
1355	21122	1	2	6	0	1	1	0	21	13	3	27	14456	572	2048	5	1	450,572
1355	21124	2	6	5	1	0	0	2	19	77	4	27	14456	828	0	5	0	448,450,572,574,828,960
1355	21128	1	1	6	0	0	0	1	23	12	2	27	14456	824	0	6	0	824
1355	21136	1	1	6	0	0	0	1	23	12	2	27	14456	824	0	6	0	824
1355	21152	2	6	5	1	0	0	1	19	77	4	27	14456	824	0	5	0	452,454,568,570,824,960
1355	21184	2	6	5	1	0	0	1	19	77	4	27	14456	824	0	5	0	452,454,568,570,824,960
1355	21249	2	6	5	1	0	0	2	19	86	4	27	14456	828	0	5	0	450,572,816,820,824,828
1355	21250	2	6	5	1	0	0	2	19	86	4	27	14456	828	0	5	0	450,572,816,820,824,828
1355	21252	2	4	5	1	0	0	3	17	94	5	27	14456	828	0	5	0	816,820,824,828
1355	21256	1	2	6	0	0	0	2	19	77	4	27	14456	824	0	6	0	816,824
1355	21264	1	2	6	0	0	0	2	19	77	4	27	14456	824	0	6	0	816,824
1355	21280	2	6	5	1	0	0	3	19	86	4	27	14456	824	0	5	0	800,808,816,824,896,928
1355	21312	2	6	5	1	0	0	3	19	86	4	27	14456	824	0	5	0	800,808,816,824,896,928
1355	21376	1	1	6	0	0	0	1	22	13	3	28	32256	896	0	6	0	896
1355	21507	1	1	6	0	1	2	0	17	94	5	27	31072	345	8196	5	1	678
1355	21509	1	1	6	0	0	0	1	17	94	5	27	31072	856	0	6	0	856
1355	21510	1	1	6	0	0	0	1	17	94	5	27	31072	856	0	6	0	856
1355	21513	2	4	5	1	0	0	1	19	236	5	27	31072	856	0	5	0	346,676,856,858
1355	21514	2	4	5	1	0	0	1	19	236	5	27	31072	856	0	5	0	346,676,856,858
1355	21516	1	1	6	0	0	0	1	19	236	5	27	31072	856	0	6	0	856
1355	21521	2	4	5	1	0	0	1	19	236	5	27	31072	856	0	5	0	346,676,856,858
1355	21522	2	4	5	1	0	0	1	19	236	5	27	31072	856	0	5	0	346,676,856,858
1355	21524	1	1	6	0	0	0	1	19	236	5	27	31072	856	0	6	0	856
1355	21528	2	4	5	1	0	0	3	17	94	5	27	14456	792	0	5	0	792,796,856,860
1355	21537	2	4	5	1	0	0	1	19	236	5	27	31072	848	0	5	0	338,684,848,850
1355	21538	2	4	5	1	0	0	1	19	236	5	27	31072	848	0	5	0	338,684,848,850
1355	21540	1	1	6	0	0	0	1	19	236	5	27	31072	848	0	6	0	848
1355	21544	2	2	5	1	0	0	1	17	94	5	27	31072	848	0	5	0	848,852
1355	21552	2	2	5	1	0	0	1	17	94	5	27	31072	848	0	5	0	848,852
1355	21569	2	4	5	1	0	0	1	19	236	5	27	31072	848	0	5	0	338,684,848,850
1355	21570	2	4	5	1	0	0	1	19	236	5	27	31072	848	0	5	0	338,684,848,850
1355	21572	1	1	6	0	0	0	1	19	236	5	27	31072	848	0	6	0	848
1355	21576	2	2	5	1	0	0	1	17	94	5	27	31072	848	0	5	0	848,852
1355	21584	2	2	5	1	0	0	1	17	94	5	27	31072	848	0	5	0	848,852
1355	21600	2	2	5	1	0	0	1	17	94	5	27	31072	832	0	5	0	832,836
1355	21633	1	2	6	0	1	2	0	20	77	4	28	31072	370	8196	5	1	370,652
1355	21634	1	2	6	0	1	2	0	20	77	4	28	31072	370	8196	5	1	370,652
1355	21636	1	1	6	0	0	0	1	20	77	4	28	31072	880	0	6	0	880
1355	21640	2	8	5	1	0	0	2	20	86	4	28	31072	880	0	5	0	372,374,648,650,880,884,896,904
1355	21648	2	8	5	1	0	0	2	20	86	4	28	31072	880	0	5	0	372,374,648,650,880,884,896,904
1355	21664	2	6	5	1	0	0	1	18	94	5	28	31072	864	0	5	0	356,358,664,666,864,868
1355	21696	2	6	5	1	0	0	1	18	94	5	28	31072	864	0	5	0	356,358,664,666,864,868
1355	21761	1	2	6	0	0	0	1	20	77	4	28	31072	816	0	6	0	816,818
1355	21762	1	2	6	0	0	0	1	20	77	4	28	31072	816	0	6	0	816,818
1355	21764	0	1	7	0	0	0	1	20	77	4	28	31072	816	0	7	0	816
1355	21768	1	2	6	0	0	0	1	18	94	5	28	31072	816	0	6	0	816,820
1355	21776	1	2	6	0	0	0	1	18	94	5	28	31072	816	0	6	0	816,820
1355	21792	1	2	6	0	0	0	1	20	86	4	28	31072	800	0	6	0	800,804
1355	21824	1	2	6	0	0	0	1	20	86	4	28	31072	800	0	6	0	800,804
1355	21888	1	3	6	0	0	0	2	23	11	3	29	31072	864	0	6	0	864,868,896
1355	22017	1	1	6	0	0	0	1	22	13	3	28	31072	944	0	6	0	944
1355	22018	1	1	6	0	0	0	1	22	13	3	28	31072	944	0	6	0	944
1355	22020	1	1	6	0	0	0	1	20	77	4	28	31072	944	0	6	0	944
1355	22024	1	3	6	0	0	0	2	22	13	3	28	14456	824	0	6	0	816,824,944
1355	22032	1	3	6	0	0	0	2	22	13	3	28	14456	824	0	6	0	816,824,944
1355	22048	1	1	6	0	0	0	1	20	77	4	28	31072	928	0	6	0	928
1355	22080	1	1	6	0	0	0	1	20	77	4	28	31072	928	0	6	0	928
1355	22144	1	4	6	0	0	0	1	25	3	2	29	31072	992	0	6	0	896,928,960,992
1355	22272	0	1	7	0	0	0	1	23	13	3	29	31072	864	0	7	0	864
1355	22531	2	3	5	1	0	0	2	15	222	6	27	14456	542	0	5	0	480,542,670
1355	22533	1	1	6	0	0	0	2	17	94	5	27	14456	542	0	6	0	542
1355	22534	1	1	6	0	0	0	2	17	94	5	27	14456	542	0	6	0	542
1355	22537	2	3	5	1	0	0	2	17	94	5	27	14456	540	0	5	0	540,542,668
1355	22538	2	3	5	1	0	0	2	17	94	5	27	14456	540	0	5	0	540,542,668
1355	22540	1	1	6	0	0	0	2	19	86	4	27	14456	540	0	6	0	540
1355	22545	2	3	5	1	0	0	2	17	94	5	27	14456	540	0	5	0	540,542,668
1355	22546	2	3	5	1	0	0	2	17	94	5	27	14456	540	0	5	0	540,542,668
1355	22548	1	1	6	0	0	0	2	19	86	4	27	14456	540	0	6	0	540
1355	22552	2	6	5	1	0	0	3	19	30	4	27	14456	536	0	5	0	536,540,600,604,664,928
1355	22561	1	1	6	0	1	1	0	19	77	4	27	14456	668	512	5	1	668
1355	22562	1	1	6	0	1	1	0	19	77	4	27	14456	668	512	5	1	668
1355	22564	1	2	6	0	0	0	2	21	13	3	27	14456	540	0	6	0	540,668
1355	22568	1	1	6	0	1	1	0	21	13	3	27	14456	664	512	5	1	664
1355	22576	1	1	6	0	1	1	0	21	13	3	27	14456	664	512	5	1	664
1355	22593	1	1	6	0	1	1	0	19	77	4	27	14456	668	512	5	1	668
1355	22594	1	1	6	0	1	1	0	19	77	4	27	14456	668	512	5	1	668
1355	22596	1	2	6	0	0	0	2	21	13	3	27	14456	540	0	6	0	540,668
1355	22600	1	1	6	0	1	1	0	21	13	3	27	14456	664	512	5	1	664
1355	22608	1	1	6	0	1	1	0	21	13	3	27	14456	664	512	5	1	664
1355	22624	0	1	7	0	2	1	0	23	3	2	27	14456	664	512	5	2	664
1355	22657	2	6	5	1	0	0	2	18	94	5	28	14456	572	0	5	0	572,574,652,668,684,700
1355	22658	2	6	5	1	0	0	2	18	94	5	28	14456	572	0	5	0	572,574,652,668,684,700
1355	22660	1	1	6	0	0	0	2	20	86	4	28	14456	572	0	6	0	572
1355	22664	2	8	5	1	0	0	3	20	86	4	28	14456	568	0	5	0	568,572,648,664,680,696,896,904
1355	22672	2	8	5	1	0	0	3	20	86	4	28	14456	568	0	5	0	568,572,648,664,680,696,896,904
1355	22688	1	2	6	0	1	1	0	20	77	4	28	14456	696	512	5	1	664,696
1355	22720	1	2	6	0	1	1	0	20	77	4	28	14456	696	512	5	1	664,696
1355	22785	1	2	6	0	0	0	2	20	77	4	28	14456	572	0	6	0	572,574
1355	22786	1	2	6	0	0	0	2	20	77	4	28	14456	572	0	6	0	572,574
1355	22788	0	1	7	0	0	0	2	22	13	3	28	14456	572	0	7	0	572
1355	22792	1	2	6	0	0	0	2	20	77	4	28	14456	568	0	6	0	568,572
1355	22800	1	2	6	0	0	0	2	20	77	4	28	14456	568	0	6	0	568,572
1355	22816	1	3	6	0	0	0	2	24	12	2	28	14456	568	0	6	0	568,572,696
1355	22848	1	3	6	0	0	0	2	24	12	2	28	14456	568	0	6	0	568,572,696
1355	22912	1	3	6	0	0	0	3	23	13	3	29	14456	632	0	6	0	632,636,896
1355	23041	0	1	7	0	0	0	1	20	77	4	28	14456	572	0	7	0	572
1355	23042	0	1	7	0	0	0	1	20	77	4	28	14456	572	0	7	0	572
1355	23044	0	1	7	0	0	0	2	20	77	4	28	14456	572	0	7	0	572
1355	23048	0	1	7	0	0	0	1	22	13	3	28	14456	568	0	7	0	568
1355	23056	0	1	7	0	0	0	1	22	13	3	28	14456	568	0	7	0	568
1355	23072	0	1	7	0	0	0	1	22	13	3	28	14456	568	0	7	0	568
1355	23104	0	1	7	0	0	0	1	22	13	3	28	14456	568	0	7	0	568
1355	23168	0	1	7	0	0	0	1	23	13	3	29	14456	632	0	7	0	632
1355	23296	0	1	7	0	0	0	1	23	13	3	29	14456	632	0	7	0	632
1355	23553	1	1	6	0	1	3	0	21	77	4	29	31072	179	8198	5	1	844
1355	23554	1	1	6	0	1	3	0	21	77	4	29	31072	179	8197	5	1	844
1355	23556	1	3	6	0	0	0	3	23	13	3	29	14456	572	0	6	0	572,688,844
1355	23560	1	1	6	0	1	2	0	21	77	4	29	32256	840	144	4	2	840
1355	23568	1	1	6	0	1	2	0	21	77	4	29	32256	840	136	4	2	840
1355	23584	1	3	6	0	1	1	0	23	13	3	29	14456	824	512	5	1	792,824,856
1355	23616	1	3	6	0	1	1	0	23	13	3	29	14456	824	512	5	1	792,824,856
1355	23680	0	1	7	0	2	2	0	24	13	3	30	32256	792	24	5	2	792
1355	23808	1	12	6	0	0	0	3	26	3	2	30	14456	632	0	6	0	608,612,616,620,624,628,632,636,896,904,912,920
1355	24064	0	1	7	0	0	0	1	26	12	2	30	14456	632	0	7	0	632
1355	24583	3	5	4	1	0	0	3	13	222	6	25	14456	783	0	4	0	240,428,432,496,812
1355	24587	3	7	4	1	0	0	3	15	94	5	25	14456	782	0	4	0	210,240,590,594,722,782,812
1355	24589	2	2	5	1	0	0	3	15	94	5	25	14456	782	0	5	0	782,812
1355	24590	2	2	5	1	0	0	3	15	94	5	25	14456	782	0	5	0	782,812
1355	24595	3	7	4	1	0	0	3	15	94	5	25	14456	782	0	4	0	210,240,590,594,722,782,812
1355	24597	2	2	5	1	0	0	3	15	94	5	25	14456	782	0	5	0	782,812
1355	24598	2	2	5	1	0	0	3	15	94	5	25	14456	782	0	5	0	782,812
1355	24601	2	4	5	1	0	0	3	17	77	4	25	14456	780	0	5	0	780,782,812,814
1355	24602	2	4	5	1	0	0	3	17	77	4	25	14456	780	0	5	0	780,782,812,814
1355	24604	1	2	6	0	0	0	3	17	77	4	25	14456	780	0	6	0	780,812
1355	24611	2	2	5	1	2	2	0	15	94	5	25	14456	590	2560	3	2	590,598
1355	24613	3	7	4	1	0	0	3	15	94	5	25	14456	782	0	4	0	424,432,590,598,782,808,936
1355	24614	3	7	4	1	0	0	3	15	94	5	25	14456	782	0	4	0	424,432,590,598,782,808,936
1355	24617	3	9	4	1	0	0	3	17	77	4	25	14456	780	0	4	0	426,434,588,596,780,782,808,810,844
1355	24618	3	9	4	1	0	0	3	17	77	4	25	14456	780	0	4	0	426,434,588,596,780,782,808,810,844
1355	24620	2	2	5	1	0	0	3	17	77	4	25	14456	780	0	5	0	780,808
1355	24625	3	9	4	1	0	0	3	17	77	4	25	14456	780	0	4	0	426,434,588,596,780,782,808,810,844
1355	24626	3	9	4	1	0	0	3	17	77	4	25	14456	780	0	4	0	426,434,588,596,780,782,808,810,844
1355	24628	2	2	5	1	0	0	3	17	77	4	25	14456	780	0	5	0	780,808
1355	24632	2	5	5	1	0	0	3	19	11	3	25	14456	776	0	5	0	776,780,808,812,840
1355	24643	2	2	5	1	2	2	0	15	94	5	25	14456	590	2560	3	2	590,598
1355	24645	3	7	4	1	0	0	3	15	94	5	25	14456	782	0	4	0	424,432,590,598,782,808,936
1355	24646	3	7	4	1	0	0	3	15	94	5	25	14456	782	0	4	0	424,432,590,598,782,808,936
1355	24649	3	9	4	1	0	0	3	17	77	4	25	14456	780	0	4	0	426,434,588,596,780,782,808,810,844
1355	24650	3	9	4	1	0	0	3	17	77	4	25	14456	780	0	4	0	426,434,588,596,780,782,808,810,844
1355	24652	2	2	5	1	0	0	3	17	77	4	25	14456	780	0	5	0	780,808
1355	24657	3	9	4	1	0	0	3	17	77	4	25	14456	780	0	4	0	426,434,588,596,780,782,808,810,844
1355	24658	3	9	4	1	0	0	3	17	77	4	25	14456	780	0	4	0	426,434,588,596,780,782,808,810,844
1355	24660	2	2	5	1	0	0	3	17	77	4	25	14456	780	0	5	0	780,808
1355	24664	2	5	5	1	0	0	3	19	11	3	25	14456	776	0	5	0	776,780,808,812,840
1355	24673	2	4	5	1	2	2	0	17	77	4	25	14456	588	2560	3	2	418,434,588,604
1355	24674	2	4	5	1	2	2	0	17	77	4	25	14456	588	2560	3	2	418,434,588,604
1355	24676	2	1	5	1	1	1	0	17	77	4	25	31072	928	1024	4	1	928
1355	24680	2	1	5	1	1	1	0	19	11	3	25	14456	840	512	4	1	840
1355	24688	2	1	5	1	1	1	0	19	11	3	25	14456	840	512	4	1	840
1355	24707	2	4	5	1	2	2	0	16	94	5	26	14456	606	2560	3	2	582,590,598,606
1355	24709	3	12	4	1	0	0	3	16	94	5	26	14456	798	0	4	0	416,424,432,440,480,542,582,590,598,606,798,824
1355	24710	3	12	4	1	0	0	3	16	94	5	26	14456	798	0	4	0	416,424,432,440,480,542,582,590,598,606,798,824
1355	24713	3	15	4	1	0	0	4	18	86	4	26	14456	796	0	4	0	314,418,426,434,442,580,588,596,604,708,796,798,824,826,960
1355	24714	3	15	4	1	0	0	4	18	86	4	26	14456	796	0	4	0	314,418,426,434,442,580,588,596,604,708,796,798,824,826,960
1355	24716	2	2	5	1	0	0	3	18	86	4	26	14456	796	0	5	0	796,824
1355	24721	3	15	4	1	0	0	4	18	86	4	26	14456	796	0	4	0	314,418,426,434,442,580,588,596,604,708,796,798,824,826,960
1355	24722	3	15	4	1	0	0	4	18	86	4	26	14456	796	0	4	0	314,418,426,434,442,580,588,596,604,708,796,798,824,826,960
1355	24724	2	2	5	1	0	0	3	18	86	4	26	14456	796	0	5	0	796,824
1355	24728	2	5	5	1	0	0	4	20	76	3	26	14456	792	0	5	0	792,796,824,828,960
1355	24737	2	4	5	1	2	2	0	18	236	5	26	14456	604	2560	3	2	418,434,588,604
1355	24738	2	4	5	1	2	2	0	18	236	5	26	14456	604	2560	3	2	418,434,588,604
1355	24740	3	12	4	1	0	0	3	18	236	5	26	14456	796	0	4	0	416,418,432,434,588,590,604,606,796,816,928,944
1355	24744	3	15	4	1	0	0	4	18	86	4	26	14456	792	0	4	0	420,422,436,438,584,586,600,602,792,796,816,820,840,856,960
1355	24752	3	15	4	1	0	0	4	18	86	4	26	14456	792	0	4	0	420,422,436,438,584,586,600,602,792,796,816,820,840,856,960
1355	24769	2	4	5	1	2	2	0	18	236	5	26	14456	604	2560	3	2	418,434,588,604
1355	24770	2	4	5	1	2	2	0	18	236	5	26	14456	604	2560	3	2	418,434,588,604
1355	24772	3	12	4	1	0	0	3	18	236	5	26	14456	796	0	4	0	416,418,432,434,588,590,604,606,796,816,928,944
1355	24776	3	15	4	1	0	0	4	18	86	4	26	14456	792	0	4	0	420,422,436,438,584,586,600,602,792,796,816,820,840,856,960
1355	24784	3	15	4	1	0	0	4	18	86	4	26	14456	792	0	4	0	420,422,436,438,584,586,600,602,792,796,816,820,840,856,960
1355	24800	2	4	5	1	2	2	0	16	94	5	26	14456	600	2560	3	2	420,422,600,602
1355	24835	3	12	4	1	0	0	3	16	94	5	26	14456	798	0	4	0	224,226,228,230,480,542,606,614,792,794,796,798
1355	24837	2	4	5	1	0	0	3	16	94	5	26	14456	798	0	5	0	792,794,796,798
1355	24838	2	4	5	1	0	0	3	16	94	5	26	14456	798	0	5	0	792,794,796,798
1355	24841	2	4	5	1	0	0	3	18	236	5	26	14456	796	0	5	0	792,794,796,798
1355	24842	2	4	5	1	0	0	3	18	236	5	26	14456	796	0	5	0	792,794,796,798
1355	24844	1	2	6	0	0	0	3	18	236	5	26	14456	796	0	6	0	792,796
1355	24849	2	4	5	1	0	0	3	18	236	5	26	14456	796	0	5	0	792,794,796,798
1355	24850	2	4	5	1	0	0	3	18	236	5	26	14456	796	0	5	0	792,794,796,798
1355	24852	1	2	6	0	0	0	3	18	236	5	26	14456	796	0	6	0	792,796
1355	24856	1	2	6	0	0	0	3	16	94	5	26	14456	792	0	6	0	792,796
1355	24865	3	15	4	1	0	0	4	18	86	4	26	14456	796	0	4	0	402,418,604,620,784,786,788,790,792,794,796,798,912,914,960
1355	24866	3	15	4	1	0	0	4	18	86	4	26	14456	796	0	4	0	402,418,604,620,784,786,788,790,792,794,796,798,912,914,960
1355	24868	2	5	5	1	0	0	3	18	86	4	26	14456	796	0	5	0	784,788,792,796,912
1355	24872	2	4	5	1	0	0	3	18	86	4	26	14456	792	0	5	0	784,788,792,796
1355	24880	2	4	5	1	0	0	3	18	86	4	26	14456	792	0	5	0	784,788,792,796
1355	24897	3	15	4	1	0	0	4	18	86	4	26	14456	796	0	4	0	402,418,604,620,784,786,788,790,792,794,796,798,912,914,960
1355	24898	3	15	4	1	0	0	4	18	86	4	26	14456	796	0	4	0	402,418,604,620,784,786,788,790,792,794,796,798,912,914,960
1355	24900	2	5	5	1	0	0	3	18	86	4	26	14456	796	0	5	0	784,788,792,796,912
1355	24904	2	4	5	1	0	0	3	18	86	4	26	14456	792	0	5	0	784,788,792,796
1355	24912	2	4	5	1	0	0	3	18	86	4	26	14456	792	0	5	0	784,788,792,796
1355	24928	2	3	5	1	0	0	1	20	76	3	26	32256	960	0	5	0	896,900,960
1355	24961	2	1	5	1	0	0	1	19	77	4	27	32256	960	0	5	0	960
1355	24962	2	1	5	1	0	0	1	19	77	4	27	32256	960	0	5	0	960
1355	24964	2	5	5	1	0	0	4	19	77	4	27	14456	828	0	5	0	816,820,824,828,960
1355	24968	2	5	5	1	0	0	4	19	86	4	27	14456	824	0	5	0	816,820,824,828,960
1355	24976	2	5	5	1	0	0	4	19	86	4	27	14456	824	0	5	0	816,820,824,828,960
1355	24992	2	1	5	1	0	0	1	19	86	4	27	32256	960	0	5	0	960
1355	25024	2	1	5	1	0	0	1	19	86	4	27	32256	960	0	5	0	960
1355	25091	1	1	6	0	1	1	0	18	30	4	26	14456	542	2048	5	1	542
1355	25093	2	3	5	1	0	0	2	16	94	5	26	14456	798	0	5	0	480,542,798
1355	25094	2	3	5	1	0	0	2	16	94	5	26	14456	798	0	5	0	480,542,798
1355	25097	1	1	6	0	0	0	1	20	13	3	26	14456	796	0	6	0	796
1355	25098	1	1	6	0	0	0	1	20	13	3	26	14456	796	0	6	0	796
1355	25100	1	1	6	0	0	0	2	18	77	4	26	14456	796	0	6	0	796
1355	25105	1	1	6	0	0	0	1	20	13	3	26	14456	796	0	6	0	796
1355	25106	1	1	6	0	0	0	1	20	13	3	26	14456	796	0	6	0	796
1355	25108	1	1	6	0	0	0	2	18	77	4	26	14456	796	0	6	0	796
1355	25112	0	1	7	0	0	0	1	22	3	2	26	14456	792	0	7	0	792
1355	25121	2	3	5	1	0	0	1	18	86	4	26	14456	796	0	5	0	482,540,796
1355	25122	2	3	5	1	0	0	1	18	86	4	26	14456	796	0	5	0	482,540,796
1355	25124	2	1	5	1	0	0	2	16	94	5	26	14456	796	0	5	0	796
1355	25128	1	1	6	0	0	0	1	20	13	3	26	14456	792	0	6	0	792
1355	25136	1	1	6	0	0	0	1	20	13	3	26	14456	792	0	6	0	792
1355	25153	2	3	5	1	0	0	1	18	86	4	26	14456	796	0	5	0	482,540,796
1355	25154	2	3	5	1	0	0	1	18	86	4	26	14456	796	0	5	0	482,540,796
1355	25156	2	1	5	1	0	0	2	16	94	5	26	14456	796	0	5	0	796
1355	25160	1	1	6	0	0	0	1	20	13	3	26	14456	792	0	6	0	792
1355	25168	1	1	6	0	0	0	1	20	13	3	26	14456	792	0	6	0	792
1355	25184	2	2	5	1	0	0	1	18	30	4	26	14456	792	0	5	0	792,960
1355	25217	1	2	6	0	1	1	0	21	13	3	27	14456	572	2048	5	1	450,572
1355	25218	1	2	6	0	1	1	0	21	13	3	27	14456	572	2048	5	1	450,572
1355	25220	2	6	5	1	0	0	2	19	77	4	27	14456	828	0	5	0	448,450,572,574,828,960
1355	25224	1	1	6	0	0	0	1	23	12	2	27	14456	824	0	6	0	824
1355	25232	1	1	6	0	0	0	1	23	12	2	27	14456	824	0	6	0	824
1355	25248	2	6	5	1	0	0	1	19	77	4	27	14456	824	0	5	0	452,454,568,570,824,960
1355	25280	2	6	5	1	0	0	1	19	77	4	27	14456	824	0	5	0	452,454,568,570,824,960
1355	25345	2	6	5	1	0	0	2	19	86	4	27	14456	828	0	5	0	450,572,816,820,824,828
1355	25346	2	6	5	1	0	0	2	19	86	4	27	14456	828	0	5	0	450,572,816,820,824,828
1355	25348	2	4	5	1	0	0	3	17	94	5	27	14456	828	0	5	0	816,820,824,828
1355	25352	1	2	6	0	0	0	2	19	77	4	27	14456	824	0	6	0	816,824
1355	25360	1	2	6	0	0	0	2	19	77	4	27	14456	824	0	6	0	816,824
1355	25376	2	6	5	1	0	0	3	19	86	4	27	14456	824	0	5	0	800,808,816,824,896,928
1355	25408	2	6	5	1	0	0	3	19	86	4	27	14456	824	0	5	0	800,808,816,824,896,928
1355	25472	1	1	6	0	0	0	1	22	13	3	28	32256	896	0	6	0	896
1355	25603	1	1	6	0	1	2	0	17	94	5	27	31072	345	4100	5	1	678
1355	25605	1	1	6	0	0	0	1	17	94	5	27	31072	856	0	6	0	856
1355	25606	1	1	6	0	0	0	1	17	94	5	27	31072	856	0	6	0	856
1355	25609	2	4	5	1	0	0	1	19	236	5	27	31072	856	0	5	0	346,676,856,858
1355	25610	2	4	5	1	0	0	1	19	236	5	27	31072	856	0	5	0	346,676,856,858
1355	25612	1	1	6	0	0	0	1	19	236	5	27	31072	856	0	6	0	856
1355	25617	2	4	5	1	0	0	1	19	236	5	27	31072	856	0	5	0	346,676,856,858
1355	25618	2	4	5	1	0	0	1	19	236	5	27	31072	856	0	5	0	346,676,856,858
1355	25620	1	1	6	0	0	0	1	19	236	5	27	31072	856	0	6	0	856
1355	25624	2	4	5	1	0	0	3	17	94	5	27	14456	792	0	5	0	792,796,856,860
1355	25633	2	4	5	1	0	0	1	19	236	5	27	31072	848	0	5	0	338,684,848,850
1355	25634	2	4	5	1	0	0	1	19	236	5	27	31072	848	0	5	0	338,684,848,850
1355	25636	1	1	6	0	0	0	1	19	236	5	27	31072	848	0	6	0	848
1355	25640	2	2	5	1	0	0	1	17	94	5	27	31072	848	0	5	0	848,852
1355	25648	2	2	5	1	0	0	1	17	94	5	27	31072	848	0	5	0	848,852
1355	25665	2	4	5	1	0	0	1	19	236	5	27	31072	848	0	5	0	338,684,848,850
1355	25666	2	4	5	1	0	0	1	19	236	5	27	31072	848	0	5	0	338,684,848,850
1355	25668	1	1	6	0	0	0	1	19	236	5	27	31072	848	0	6	0	848
1355	25672	2	2	5	1	0	0	1	17	94	5	27	31072	848	0	5	0	848,852
1355	25680	2	2	5	1	0	0	1	17	94	5	27	31072	848	0	5	0	848,852
1355	25696	2	2	5	1	0	0	1	17	94	5	27	31072	832	0	5	0	832,836
1355	25729	1	2	6	0	1	2	0	20	77	4	28	31072	370	4100	5	1	370,652
1355	25730	1	2	6	0	1	2	0	20	77	4	28	31072	370	4100	5	1	370,652
1355	25732	1	1	6	0	0	0	1	20	77	4	28	31072	880	0	6	0	880
1355	25736	2	8	5	1	0	0	2	20	86	4	28	31072	880	0	5	0	372,374,648,650,880,884,896,904
1355	25744	2	8	5	1	0	0	2	20	86	4	28	31072	880	0	5	0	372,374,648,650,880,884,896,904
1355	25760	2	6	5	1	0	0	1	18	94	5	28	31072	864	0	5	0	356,358,664,666,864,868
1355	25792	2	6	5	1	0	0	1	18	94	5	28	31072	864	0	5	0	356,358,664,666,864,868
1355	25857	1	2	6	0	0	0	1	20	77	4	28	31072	816	0	6	0	816,818
1355	25858	1	2	6	0	0	0	1	20	77	4	28	31072	816	0	6	0	816,818
1355	25860	0	1	7	0	0	0	1	20	77	4	28	31072	816	0	7	0	816
1355	25864	1	2	6	0	0	0	1	18	94	5	28	31072	816	0	6	0	816,820
1355	25872	1	2	6	0	0	0	1	18	94	5	28	31072	816	0	6	0	816,820
1355	25888	1	2	6	0	0	0	1	20	86	4	28	31072	800	0	6	0	800,804
1355	25920	1	2	6	0	0	0	1	20	86	4	28	31072	800	0	6	0	800,804
1355	25984	1	3	6	0	0	0	2	23	11	3	29	31072	864	0	6	0	864,868,896
1355	26113	1	1	6	0	0	0	1	22	13	3	28	31072	944	0	6	0	944
1355	26114	1	1	6	0	0	0	1	22	13	3	28	31072	944	0	6	0	944
1355	26116	1	1	6	0	0	0	1	20	77	4	28	31072	944	0	6	0	944
1355	26120	1	3	6	0	0	0	2	22	13	3	28	14456	824	0	6	0	816,824,944
1355	26128	1	3	6	0	0	0	2	22	13	3	28	14456	824	0	6	0	816,824,944
1355	26144	1	1	6	0	0	0	1	20	77	4	28	31072	928	0	6	0	928
1355	26176	1	1	6	0	0	0	1	20	77	4	28	31072	928	0	6	0	928
1355	26240	1	4	6	0	0	0	1	25	3	2	29	31072	992	0	6	0	896,928,960,992
1355	26368	0	1	7	0	0	0	1	23	13	3	29	31072	864	0	7	0	864
1355	26627	2	3	5	1	0	0	2	15	222	6	27	14456	542	0	5	0	480,542,670
1355	26629	1	1	6	0	0	0	2	17	94	5	27	14456	542	0	6	0	542
1355	26630	1	1	6	0	0	0	2	17	94	5	27	14456	542	0	6	0	542
1355	26633	2	3	5	1	0	0	2	17	94	5	27	14456	540	0	5	0	540,542,668
1355	26634	2	3	5	1	0	0	2	17	94	5	27	14456	540	0	5	0	540,542,668
1355	26636	1	1	6	0	0	0	2	19	86	4	27	14456	540	0	6	0	540
1355	26641	2	3	5	1	0	0	2	17	94	5	27	14456	540	0	5	0	540,542,668
1355	26642	2	3	5	1	0	0	2	17	94	5	27	14456	540	0	5	0	540,542,668
1355	26644	1	1	6	0	0	0	2	19	86	4	27	14456	540	0	6	0	540
1355	26648	2	6	5	1	0	0	3	19	30	4	27	14456	536	0	5	0	536,540,600,604,664,928
1355	26657	1	1	6	0	1	1	0	19	77	4	27	14456	668	512	5	1	668
1355	26658	1	1	6	0	1	1	0	19	77	4	27	14456	668	512	5	1	668
1355	26660	1	2	6	0	0	0	2	21	13	3	27	14456	540	0	6	0	540,668
1355	26664	1	1	6	0	1	1	0	21	13	3	27	14456	664	512	5	1	664
1355	26672	1	1	6	0	1	1	0	21	13	3	27	14456	664	512	5	1	664
1355	26689	1	1	6	0	1	1	0	19	77	4	27	14456	668	512	5	1	668
1355	26690	1	1	6	0	1	1	0	19	77	4	27	14456	668	512	5	1	668
1355	26692	1	2	6	0	0	0	2	21	13	3	27	14456	540	0	6	0	540,668
1355	26696	1	1	6	0	1	1	0	21	13	3	27	14456	664	512	5	1	664
1355	26704	1	1	6	0	1	1	0	21	13	3	27	14456	664	512	5	1	664
1355	26720	0	1	7	0	2	1	0	23	3	2	27	14456	664	512	5	2	664
1355	26753	2	6	5	1	0	0	2	18	94	5	28	14456	572	0	5	0	572,574,652,668,684,700
1355	26754	2	6	5	1	0	0	2	18	94	5	28	14456	572	0	5	0	572,574,652,668,684,700
1355	26756	1	1	6	0	0	0	2	20	86	4	28	14456	572	0	6	0	572
1355	26760	2	8	5	1	0	0	3	20	86	4	28	14456	568	0	5	0	568,572,648,664,680,696,896,904
1355	26768	2	8	5	1	0	0	3	20	86	4	28	14456	568	0	5	0	568,572,648,664,680,696,896,904
1355	26784	1	2	6	0	1	1	0	20	77	4	28	14456	696	512	5	1	664,696
1355	26816	1	2	6	0	1	1	0	20	77	4	28	14456	696	512	5	1	664,696
1355	26881	1	2	6	0	0	0	2	20	77	4	28	14456	572	0	6	0	572,574
1355	26882	1	2	6	0	0	0	2	20	77	4	28	14456	572	0	6	0	572,574
1355	26884	0	1	7	0	0	0	2	22	13	3	28	14456	572	0	7	0	572
1355	26888	1	2	6	0	0	0	2	20	77	4	28	14456	568	0	6	0	568,572
1355	26896	1	2	6	0	0	0	2	20	77	4	28	14456	568	0	6	0	568,572
1355	26912	1	3	6	0	0	0	2	24	12	2	28	14456	568	0	6	0	568,572,696
1355	26944	1	3	6	0	0	0	2	24	12	2	28	14456	568	0	6	0	568,572,696
1355	27008	1	3	6	0	0	0	3	23	13	3	29	14456	632	0	6	0	632,636,896
1355	27137	0	1	7	0	0	0	1	20	77	4	28	14456	572	0	7	0	572
1355	27138	0	1	7	0	0	0	1	20	77	4	28	14456	572	0	7	0	572
1355	27140	0	1	7	0	0	0	2	20	77	4	28	14456	572	0	7	0	572
1355	27144	0	1	7	0	0	0	1	22	13	3	28	14456	568	0	7	0	568
1355	27152	0	1	7	0	0	0	1	22	13	3	28	14456	568	0	7	0	568
1355	27168	0	1	7	0	0	0	1	22	13	3	28	14456	568	0	7	0	568
1355	27200	0	1	7	0	0	0	1	22	13	3	28	14456	568	0	7	0	568
1355	27264	0	1	7	0	0	0	1	23	13	3	29	14456	632	0	7	0	632
1355	27392	0	1	7	0	0	0	1	23	13	3	29	14456	632	0	7	0	632
1355	27649	1	1	6	0	1	3	0	21	77	4	29	31072	179	4102	5	1	844
1355	27650	1	1	6	0	1	3	0	21	77	4	29	31072	179	4101	5	1	844
1355	27652	1	3	6	0	0	0	3	23	13	3	29	14456	572	0	6	0	572,688,844
1355	27656	1	1	6	0	1	2	0	21	77	4	29	32256	840	144	4	2	840
1355	27664	1	1	6	0	1	2	0	21	77	4	29	32256	840	136	4	2	840
1355	27680	1	3	6	0	1	1	0	23	13	3	29	14456	824	512	5	1	792,824,856
1355	27712	1	3	6	0	1	1	0	23	13	3	29	14456	824	512	5	1	792,824,856
1355	27776	0	1	7	0	2	2	0	24	13	3	30	32256	792	24	5	2	792
1355	27904	1	12	6	0	0	0	3	26	3	2	30	14456	632	0	6	0	608,612,616,620,624,628,632,636,896,904,912,920
1355	28160	0	1	7	0	0	0	1	26	12	2	30	14456	632	0	7	0	632
1355	28675	2	2	5	1	1	1	0	15	222	6	27	31072	601	4	4	1	166,422
1355	28677	2	2	5	1	0	0	1	15	222	6	27	31072	600	0	5	0	600,856
1355	28678	2	2	5	1	0	0	1	15	222	6	27	31072	600	0	5	0	600,856
1355	28681	1	1	6	0	1	1	0	19	77	4	27	31072	602	4	5	1	602
1355	28682	1	1	6	0	1	1	0	19	77	4	27	31072	602	4	5	1	602
1355	28684	1	1	6	0	0	0	1	19	77	4	27	31072	600	0	6	0	600
1355	28689	1	1	6	0	1	1	0	19	77	4	27	31072	602	4	5	1	602
1355	28690	1	1	6	0	1	1	0	19	77	4	27	31072	602	4	5	1	602
1355	28692	1	1	6	0	0	0	1	19	77	4	27	31072	600	0	6	0	600
1355	28696	0	1	7	0	1	1	0	23	3	2	27	14460	604	256	6	1	604
1355	28705	1	1	6	0	2	2	0	19	77	4	27	31072	850	1028	4	2	850
1355	28706	1	1	6	0	2	2	0	19	77	4	27	31072	850	1028	4	2	850
1355	28708	1	1	6	0	1	1	0	19	77	4	27	31072	848	1024	5	1	848
1355	28712	1	2	6	0	1	1	0	23	3	2	27	31072	596	4	5	1	596,852
1355	28720	1	2	6	0	1	1	0	23	3	2	27	31072	596	4	5	1	596,852
1355	28737	1	1	6	0	2	2	0	19	77	4	27	31072	850	1028	4	2	850
1355	28738	1	1	6	0	2	2	0	19	77	4	27	31072	850	1028	4	2	850
1355	28740	1	1	6	0	1	1	0	19	77	4	27	31072	848	1024	5	1	848
1355	28744	1	2	6	0	1	1	0	23	3	2	27	31072	596	4	5	1	596,852
1355	28752	1	2	6	0	1	1	0	23	3	2	27	31072	596	4	5	1	596,852
1355	28768	0	1	7	0	3	2	0	23	3	2	27	31072	836	1028	4	3	836
1355	28801	2	6	5	1	1	1	0	18	94	5	28	31072	626	4	4	1	626,834,850,866,882,960
1355	28802	2	6	5	1	1	1	0	18	94	5	28	31072	626	4	4	1	626,834,850,866,882,960
1355	28804	2	6	5	1	0	0	1	18	94	5	28	31072	624	0	5	0	624,832,848,864,880,960
1355	28808	1	1	6	0	1	1	0	22	76	3	28	31072	628	4	5	1	628
1355	28816	1	1	6	0	1	1	0	22	76	3	28	31072	628	4	5	1	628
1355	28832	1	2	6	0	2	2	0	20	77	4	28	31072	868	1028	4	2	836,868
1355	28864	1	2	6	0	2	2	0	20	77	4	28	31072	868	1028	4	2	836,868
1355	28929	2	6	5	1	0	0	1	18	94	5	28	14460	574	0	5	0	562,566,570,574,818,960
1355	28930	2	6	5	1	0	0	1	18	94	5	28	14460	574	0	5	0	562,566,570,574,818,960
1355	28932	2	6	5	1	0	0	3	18	94	5	28	14456	572	0	5	0	560,564,568,572,816,960
1355	28936	1	2	6	0	0	0	1	20	77	4	28	14460	572	0	6	0	564,572
1355	28944	1	2	6	0	0	0	1	20	77	4	28	14460	572	0	6	0	564,572
1355	28960	1	1	6	0	1	2	0	22	76	3	28	31072	804	1028	4	2	804
1355	28992	1	1	6	0	1	2	0	22	76	3	28	31072	804	1028	4	2	804
1355	29056	1	1	6	0	0	0	1	21	30	4	29	32256	896	0	6	0	896
1355	29185	1	2	6	0	1	2	0	22	11	3	28	14456	61	2050	5	1	960,962
1355	29186	1	2	6	0	1	2	0	22	11	3	28	14456	61	2049	5	1	960,962
1355	29188	1	1	6	0	1	2	0	20	75	4	28	32256	960	384	3	3	960
1355	29192	1	6	6	0	0	0	3	26	1	1	28	14456	568	0	6	0	568,572,688,692,960,964
1355	29200	1	6	6	0	0	0	3	26	1	1	28	14456	568	0	6	0	568,572,688,692,960,964
1355	29216	1	6	6	0	1	1	0	24	3	2	28	31072	928	1024	5	1	896,900,928,932,960,964
1355	29248	1	6	6	0	1	1	0	24	3	2	28	31072	928	1024	5	1	896,900,928,932,960,964
1355	29312	0	2	7	0	2	1	0	25	3	2	29	32256	896	256	5	2	896,900
1355	29440	1	2	6	0	1	1	0	23	11	3	29	32256	896	128	5	1	896,900
1355	29697	0	1	7	0	1	1	0	19	94	5	29	31072	690	4	6	1	690
1355	29698	0	1	7	0	1	1	0	19	94	5	29	31072	690	4	6	1	690
1355	29700	0	1	7	0	0	0	1	19	94	5	29	31072	688	0	7	0	688
1355	29704	0	1	7	0	1	1	0	21	77	4	29	31072	692	4	6	1	692
1355	29712	0	1	7	0	1	1	0	21	77	4	29	31072	692	4	6	1	692
1355	29728	0	1	7	0	1	1	0	21	77	4	29	31072	676	4	6	1	676
1355	29760	0	1	7	0	1	1	0	21	77	4	29	31072	676	4	6	1	676
1355	29824	0	1	7	0	1	1	0	22	30	4	30	31072	740	4	6	1	740
1355	29952	0	1	7	0	1	1	0	22	30	4	30	31072	612	4	6	1	612
1355	30208	0	2	7	0	0	0	1	26	3	2	30	31072	864	0	7	0	864,868
1355	30721	1	2	6	0	0	0	1	21	75	4	29	14460	62	0	6	0	62,960
1355	30722	1	2	6	0	0	0	1	21	75	4	29	14460	62	0	6	0	62,960
1355	30724	1	4	6	0	0	0	2	23	11	3	29	14456	60	0	6	0	60,62,960,962
1355	30728	1	12	6	0	0	0	1	25	3	2	29	14460	60	0	6	0	60,62,180,182,188,190,832,834,840,842,960,962
1355	30736	1	12	6	0	0	0	1	25	3	2	29	14460	60	0	6	0	60,62,180,182,188,190,832,834,840,842,960,962
1355	30752	1	12	6	0	0	0	1	27	1	1	29	14460	60	0	6	0	60,62,312,314,344,346,676,678,708,710,960,962
1355	30784	1	12	6	0	0	0	1	27	1	1	29	14460	60	0	6	0	60,62,312,314,344,346,676,678,708,710,960,962
1355	30848	1	4	6	0	0	0	1	24	11	3	30	14460	124	0	6	0	124,126,896,898
1355	30976	0	4	7	0	0	0	1	26	3	2	30	14460	124	0	7	0	124,126,896,898
1355	31232	0	8	7	0	0	0	2	28	1	1	30	14456	120	0	7	0	120,122,124,126,896,898,900,902
1355	31744	0	4	7	0	1	1	0	27	3	2	31	31072	356	4	6	1	356,358,664,666
