id	Y_mask	dH	optH_count	q	good	delta_min	rho	compatible_optG	ell	Y_type	Y_edges	degree_sum	f_witness	h_witness_local	S_mask	R_witness	Delta_witness	optH_masks_local
148	31	2	2	3	1	2	1	0	15	0	0	15	31104	844	4096	0	3	332,844
148	47	2	2	3	1	2	1	0	15	0	0	15	31104	844	4096	0	3	332,844
148	55	2	1	3	1	1	2	0	15	0	0	15	30208	690	8256	2	1	690
148	59	2	1	3	1	1	2	0	15	0	0	15	30208	690	8256	2	1	690
148	61	2	1	3	1	1	2	0	15	0	0	15	30208	690	8256	2	1	690
148	62	2	1	3	1	1	2	0	15	0	0	15	30208	690	8256	2	1	690
148	79	2	2	3	1	2	1	0	15	0	0	15	31104	844	4096	0	3	332,844
148	87	2	1	3	1	1	2	0	15	0	0	15	30208	690	8224	2	1	690
148	91	2	1	3	1	1	2	0	15	0	0	15	30208	690	8224	2	1	690
148	93	2	1	3	1	1	2	0	15	0	0	15	30208	690	8224	2	1	690
148	94	2	1	3	1	1	2	0	15	0	0	15	30208	690	8224	2	1	690
148	103	2	1	3	1	1	2	0	15	0	0	15	30208	690	8208	2	1	690
148	107	2	1	3	1	1	2	0	15	0	0	15	30208	690	8208	2	1	690
148	109	2	1	3	1	1	2	0	15	0	0	15	30208	690	8208	2	1	690
148	110	2	1	3	1	1	2	0	15	0	0	15	30208	690	8208	2	1	690
148	115	2	2	3	1	0	0	1	15	0	0	15	30208	944	0	3	0	688,944
148	117	2	2	3	1	0	0	1	15	0	0	15	30208	944	0	3	0	688,944
148	118	2	2	3	1	0	0	1	15	0	0	15	30208	944	0	3	0	688,944
148	121	2	2	3	1	0	0	1	15	0	0	15	30208	944	0	3	0	688,944
148	122	2	2	3	1	0	0	1	15	0	0	15	30208	944	0	3	0	688,944
148	124	2	2	3	1	0	0	1	15	0	0	15	30208	944	0	3	0	688,944
148	143	1	1	4	1	2	1	0	16	0	0	16	30976	840	4096	2	2	840
148	151	2	1	3	1	1	1	0	16	0	0	16	30976	840	4096	2	1	840
148	155	2	1	3	1	1	1	0	16	0	0	16	30976	840	4096	2	1	840
148	157	2	1	3	1	1	1	0	16	0	0	16	30976	840	4096	2	1	840
148	158	2	1	3	1	1	1	0	16	0	0	16	30976	840	4096	2	1	840
148	167	2	1	3	1	1	1	0	16	0	0	16	30976	840	4096	2	1	840
148	171	2	1	3	1	1	1	0	16	0	0	16	30976	840	4096	2	1	840
148	173	2	1	3	1	1	1	0	16	0	0	16	30976	840	4096	2	1	840
148	174	2	1	3	1	1	1	0	16	0	0	16	30976	840	4096	2	1	840
148	179	3	5	2	1	0	0	5	16	0	0	16	30208	944	0	2	0	692,840,944,960,968
148	181	3	5	2	1	0	0	5	16	0	0	16	30208	944	0	2	0	692,840,944,960,968
148	182	3	5	2	1	0	0	5	16	0	0	16	30208	944	0	2	0	692,840,944,960,968
148	185	3	5	2	1	0	0	5	16	0	0	16	30208	944	0	2	0	692,840,944,960,968
148	186	3	5	2	1	0	0	5	16	0	0	16	30208	944	0	2	0	692,840,944,960,968
148	188	3	5	2	1	0	0	5	16	0	0	16	30208	944	0	2	0	692,840,944,960,968
148	199	2	1	3	1	1	1	0	16	0	0	16	30976	840	4096	2	1	840
148	203	2	1	3	1	1	1	0	16	0	0	16	30976	840	4096	2	1	840
148	205	2	1	3	1	1	1	0	16	0	0	16	30976	840	4096	2	1	840
148	206	2	1	3	1	1	1	0	16	0	0	16	30976	840	4096	2	1	840
148	211	3	5	2	1	0	0	5	16	0	0	16	30208	944	0	2	0	692,840,944,960,968
148	213	3	5	2	1	0	0	5	16	0	0	16	30208	944	0	2	0	692,840,944,960,968
148	214	3	5	2	1	0	0	5	16	0	0	16	30208	944	0	2	0	692,840,944,960,968
148	217	3	5	2	1	0	0	5	16	0	0	16	30208	944	0	2	0	692,840,944,960,968
148	218	3	5	2	1	0	0	5	16	0	0	16	30208	944	0	2	0	692,840,944,960,968
148	220	3	5	2	1	0	0	5	16	0	0	16	30208	944	0	2	0	692,840,944,960,968
148	227	3	5	2	1	0	0	5	16	0	0	16	30208	944	0	2	0	692,840,944,960,968
148	229	3	5	2	1	0	0	5	16	0	0	16	30208	944	0	2	0	692,840,944,960,968
148	230	3	5	2	1	0	0	5	16	0	0	16	30208	944	0	2	0	692,840,944,960,968
148	233	3	5	2	1	0	0	5	16	0	0	16	30208	944	0	2	0	692,840,944,960,968
148	234	3	5	2	1	0	0	5	16	0	0	16	30208	944	0	2	0	692,840,944,960,968
148	236	3	5	2	1	0	0	5	16	0	0	16	30208	944	0	2	0	692,840,944,960,968
148	241	2	1	3	1	0	0	1	16	0	0	16	30208	944	0	3	0	944
148	242	2	1	3	1	0	0	1	16	0	0	16	30208	944	0	3	0	944
148	244	2	1	3	1	0	0	1	16	0	0	16	30208	944	0	3	0	944
148	248	2	1	3	1	0	0	1	16	0	0	16	30208	944	0	3	0	944
148	271	1	1	4	1	2	1	0	16	0	0	16	30848	840	4096	2	2	840
148	279	2	1	3	1	1	1	0	16	0	0	16	30848	840	4096	2	1	840
148	283	2	1	3	1	1	1	0	16	0	0	16	30848	840	4096	2	1	840
148	285	2	1	3	1	1	1	0	16	0	0	16	30848	840	4096	2	1	840
148	286	2	1	3	1	1	1	0	16	0	0	16	30848	840	4096	2	1	840
148	295	2	1	3	1	1	1	0	16	0	0	16	30848	840	4096	2	1	840
148	299	2	1	3	1	1	1	0	16	0	0	16	30848	840	4096	2	1	840
148	301	2	1	3	1	1	1	0	16	0	0	16	30848	840	4096	2	1	840
148	302	2	1	3	1	1	1	0	16	0	0	16	30848	840	4096	2	1	840
148	307	3	5	2	1	0	0	5	16	0	0	16	30208	944	0	2	0	692,840,944,960,968
148	309	3	5	2	1	0	0	5	16	0	0	16	30208	944	0	2	0	692,840,944,960,968
148	310	3	5	2	1	0	0	5	16	0	0	16	30208	944	0	2	0	692,840,944,960,968
148	313	3	5	2	1	0	0	5	16	0	0	16	30208	944	0	2	0	692,840,944,960,968
148	314	3	5	2	1	0	0	5	16	0	0	16	30208	944	0	2	0	692,840,944,960,968
148	316	3	5	2	1	0	0	5	16	0	0	16	30208	944	0	2	0	692,840,944,960,968
148	327	2	1	3	1	1	1	0	16	0	0	16	30848	840	4096	2	1	840
148	331	2	1	3	1	1	1	0	16	0	0	16	30848	840	4096	2	1	840
148	333	2	1	3	1	1	1	0	16	0	0	16	30848	840	4096	2	1	840
148	334	2	1	3	1	1	1	0	16	0	0	16	30848	840	4096	2	1	840
148	339	3	5	2	1	0	0	5	16	0	0	16	30208	944	0	2	0	692,840,944,960,968
148	341	3	5	2	1	0	0	5	16	0	0	16	30208	944	0	2	0	692,840,944,960,968
148	342	3	5	2	1	0	0	5	16	0	0	16	30208	944	0	2	0	692,840,944,960,968
148	345	3	5	2	1	0	0	5	16	0	0	16	30208	944	0	2	0	692,840,944,960,968
148	346	3	5	2	1	0	0	5	16	0	0	16	30208	944	0	2	0	692,840,944,960,968
148	348	3	5	2	1	0	0	5	16	0	0	16	30208	944	0	2	0	692,840,944,960,968
148	355	3	5	2	1	0	0	5	16	0	0	16	30208	944	0	2	0	692,840,944,960,968
148	357	3	5	2	1	0	0	5	16	0	0	16	30208	944	0	2	0	692,840,944,960,968
148	358	3	5	2	1	0	0	5	16	0	0	16	30208	944	0	2	0	692,840,944,960,968
148	361	3	5	2	1	0	0	5	16	0	0	16	30208	944	0	2	0	692,840,944,960,968
148	362	3	5	2	1	0	0	5	16	0	0	16	30208	944	0	2	0	692,840,944,960,968
148	364	3	5	2	1	0	0	5	16	0	0	16	30208	944	0	2	0	692,840,944,960,968
148	369	2	1	3	1	0	0	1	16	0	0	16	30208	944	0	3	0	944
148	370	2	1	3	1	0	0	1	16	0	0	16	30208	944	0	3	0	944
148	372	2	1	3	1	0	0	1	16	0	0	16	30208	944	0	3	0	944
148	376	2	1	3	1	0	0	1	16	0	0	16	30208	944	0	3	0	944
148	391	1	2	4	1	0	0	4	17	0	0	17	30720	960	0	4	0	832,960
148	395	1	2	4	1	0	0	4	17	0	0	17	30720	960	0	4	0	832,960
148	397	1	2	4	1	0	0	4	17	0	0	17	30720	960	0	4	0	832,960
148	398	1	2	4	1	0	0	4	17	0	0	17	30720	960	0	4	0	832,960
148	403	1	1	4	1	0	0	4	17	0	0	17	30720	960	0	4	0	960
148	405	1	1	4	1	0	0	4	17	0	0	17	30720	960	0	4	0	960
148	406	1	1	4	1	0	0	4	17	0	0	17	30720	960	0	4	0	960
148	409	1	1	4	1	0	0	4	17	0	0	17	30720	960	0	4	0	960
148	410	1	1	4	1	0	0	4	17	0	0	17	30720	960	0	4	0	960
148	412	1	1	4	1	0	0	4	17	0	0	17	30720	960	0	4	0	960
148	419	1	1	4	1	0	0	4	17	0	0	17	30720	960	0	4	0	960
148	421	1	1	4	1	0	0	4	17	0	0	17	30720	960	0	4	0	960
148	422	1	1	4	1	0	0	4	17	0	0	17	30720	960	0	4	0	960
148	425	1	1	4	1	0	0	4	17	0	0	17	30720	960	0	4	0	960
148	426	1	1	4	1	0	0	4	17	0	0	17	30720	960	0	4	0	960
148	428	1	1	4	1	0	0	4	17	0	0	17	30720	960	0	4	0	960
148	433	1	1	4	1	0	0	4	17	0	0	17	30720	960	0	4	0	960
148	434	1	1	4	1	0	0	4	17	0	0	17	30720	960	0	4	0	960
148	436	1	1	4	1	0	0	4	17	0	0	17	30720	960	0	4	0	960
148	440	1	1	4	1	0	0	4	17	0	0	17	30720	960	0	4	0	960
148	451	1	1	4	1	0	0	4	17	0	0	17	30720	960	0	4	0	960
148	453	1	1	4	1	0	0	4	17	0	0	17	30720	960	0	4	0	960
148	454	1	1	4	1	0	0	4	17	0	0	17	30720	960	0	4	0	960
148	457	1	1	4	1	0	0	4	17	0	0	17	30720	960	0	4	0	960
148	458	1	1	4	1	0	0	4	17	0	0	17	30720	960	0	4	0	960
148	460	1	1	4	1	0	0	4	17	0	0	17	30720	960	0	4	0	960
148	465	1	1	4	1	0	0	4	17	0	0	17	30720	960	0	4	0	960
148	466	1	1	4	1	0	0	4	17	0	0	17	30720	960	0	4	0	960
148	468	1	1	4	1	0	0	4	17	0	0	17	30720	960	0	4	0	960
148	472	1	1	4	1	0	0	4	17	0	0	17	30720	960	0	4	0	960
148	481	1	1	4	1	0	0	4	17	0	0	17	30720	960	0	4	0	960
148	482	1	1	4	1	0	0	4	17	0	0	17	30720	960	0	4	0	960
148	484	1	1	4	1	0	0	4	17	0	0	17	30720	960	0	4	0	960
148	488	1	1	4	1	0	0	4	17	0	0	17	30720	960	0	4	0	960
148	496	1	1	4	1	0	0	4	17	0	0	17	30720	960	0	4	0	960
148	527	2	1	3	1	1	1	0	16	0	0	16	31104	856	4096	0	3	856
148	535	3	5	2	1	0	0	5	16	0	0	16	30208	928	0	2	0	678,856,928,960,992
148	539	3	5	2	1	0	0	5	16	0	0	16	30208	928	0	2	0	678,856,928,960,992
148	541	3	5	2	1	0	0	5	16	0	0	16	30208	928	0	2	0	678,856,928,960,992
148	542	3	5	2	1	0	0	5	16	0	0	16	30208	928	0	2	0	678,856,928,960,992
148	551	3	5	2	1	0	0	5	16	0	0	16	30208	928	0	2	0	678,856,928,960,992
148	555	3	5	2	1	0	0	5	16	0	0	16	30208	928	0	2	0	678,856,928,960,992
148	557	3	5	2	1	0	0	5	16	0	0	16	30208	928	0	2	0	678,856,928,960,992
148	558	3	5	2	1	0	0	5	16	0	0	16	30208	928	0	2	0	678,856,928,960,992
148	563	2	1	3	1	0	0	1	16	0	0	16	30208	928	0	3	0	928
148	565	2	1	3	1	0	0	1	16	0	0	16	30208	928	0	3	0	928
148	566	2	1	3	1	0	0	1	16	0	0	16	30208	928	0	3	0	928
148	569	2	1	3	1	0	0	1	16	0	0	16	30208	928	0	3	0	928
148	570	2	1	3	1	0	0	1	16	0	0	16	30208	928	0	3	0	928
148	572	2	1	3	1	0	0	1	16	0	0	16	30208	928	0	3	0	928
148	583	3	5	2	1	0	0	5	16	0	0	16	30208	928	0	2	0	678,856,928,960,992
148	587	3	5	2	1	0	0	5	16	0	0	16	30208	928	0	2	0	678,856,928,960,992
148	589	3	5	2	1	0	0	5	16	0	0	16	30208	928	0	2	0	678,856,928,960,992
148	590	3	5	2	1	0	0	5	16	0	0	16	30208	928	0	2	0	678,856,928,960,992
148	595	2	1	3	1	0	0	1	16	0	0	16	30208	928	0	3	0	928
148	597	2	1	3	1	0	0	1	16	0	0	16	30208	928	0	3	0	928
148	598	2	1	3	1	0	0	1	16	0	0	16	30208	928	0	3	0	928
148	601	2	1	3	1	0	0	1	16	0	0	16	30208	928	0	3	0	928
148	602	2	1	3	1	0	0	1	16	0	0	16	30208	928	0	3	0	928
148	604	2	1	3	1	0	0	1	16	0	0	16	30208	928	0	3	0	928
148	611	2	1	3	1	0	0	1	16	0	0	16	30208	928	0	3	0	928
148	613	2	1	3	1	0	0	1	16	0	0	16	30208	928	0	3	0	928
148	614	2	1	3	1	0	0	1	16	0	0	16	30208	928	0	3	0	928
148	617	2	1	3	1	0	0	1	16	0	0	16	30208	928	0	3	0	928
148	618	2	1	3	1	0	0	1	16	0	0	16	30208	928	0	3	0	928
148	620	2	1	3	1	0	0	1	16	0	0	16	30208	928	0	3	0	928
148	625	1	1	4	1	0	0	1	16	0	0	16	30208	928	0	4	0	928
148	626	1	1	4	1	0	0	1	16	0	0	16	30208	928	0	4	0	928
148	628	1	1	4	1	0	0	1	16	0	0	16	30208	928	0	4	0	928
148	632	1	1	4	1	0	0	1	16	0	0	16	30208	928	0	4	0	928
148	647	2	2	3	1	0	0	3	15	1	1	17	30720	960	0	3	0	848,960
148	651	2	2	3	1	0	0	3	15	1	1	17	30720	960	0	3	0	848,960
148	653	2	2	3	1	0	0	3	15	1	1	17	30720	960	0	3	0	848,960
148	654	2	2	3	1	0	0	3	15	1	1	17	30720	960	0	3	0	848,960
148	659	2	1	3	1	0	0	3	15	1	1	17	30720	960	0	3	0	960
148	661	2	1	3	1	0	0	3	15	1	1	17	30720	960	0	3	0	960
148	662	2	1	3	1	0	0	3	15	1	1	17	30720	960	0	3	0	960
148	665	2	1	3	1	0	0	3	15	1	1	17	30720	960	0	3	0	960
148	666	2	1	3	1	0	0	3	15	1	1	17	30720	960	0	3	0	960
148	668	2	1	3	1	0	0	3	15	1	1	17	30720	960	0	3	0	960
148	675	2	1	3	1	0	0	3	15	1	1	17	30720	960	0	3	0	960
148	677	2	1	3	1	0	0	3	15	1	1	17	30720	960	0	3	0	960
148	678	2	1	3	1	0	0	3	15	1	1	17	30720	960	0	3	0	960
148	681	2	1	3	1	0	0	3	15	1	1	17	30720	960	0	3	0	960
148	682	2	1	3	1	0	0	3	15	1	1	17	30720	960	0	3	0	960
148	684	2	1	3	1	0	0	3	15	1	1	17	30720	960	0	3	0	960
148	689	2	2	3	1	0	0	4	15	1	1	17	30208	928	0	3	0	928,960
148	690	2	2	3	1	0	0	4	15	1	1	17	30208	928	0	3	0	928,960
148	692	2	2	3	1	0	0	4	15	1	1	17	30208	928	0	3	0	928,960
148	696	2	2	3	1	0	0	4	15	1	1	17	30208	928	0	3	0	928,960
148	707	2	1	3	1	0	0	3	15	1	1	17	30720	960	0	3	0	960
148	709	2	1	3	1	0	0	3	15	1	1	17	30720	960	0	3	0	960
148	710	2	1	3	1	0	0	3	15	1	1	17	30720	960	0	3	0	960
148	713	2	1	3	1	0	0	3	15	1	1	17	30720	960	0	3	0	960
148	714	2	1	3	1	0	0	3	15	1	1	17	30720	960	0	3	0	960
148	716	2	1	3	1	0	0	3	15	1	1	17	30720	960	0	3	0	960
148	721	2	2	3	1	0	0	4	15	1	1	17	30208	928	0	3	0	928,960
148	722	2	2	3	1	0	0	4	15	1	1	17	30208	928	0	3	0	928,960
148	724	2	2	3	1	0	0	4	15	1	1	17	30208	928	0	3	0	928,960
148	728	2	2	3	1	0	0	4	15	1	1	17	30208	928	0	3	0	928,960
148	737	2	2	3	1	0	0	4	15	1	1	17	30208	928	0	3	0	928,960
148	738	2	2	3	1	0	0	4	15	1	1	17	30208	928	0	3	0	928,960
148	740	2	2	3	1	0	0	4	15	1	1	17	30208	928	0	3	0	928,960
148	744	2	2	3	1	0	0	4	15	1	1	17	30208	928	0	3	0	928,960
148	752	1	1	4	1	0	0	1	15	1	1	17	30208	928	0	4	0	928
148	775	2	2	3	1	0	0	3	15	1	1	17	30720	960	0	3	0	848,960
148	779	2	2	3	1	0	0	3	15	1	1	17	30720	960	0	3	0	848,960
148	781	2	2	3	1	0	0	3	15	1	1	17	30720	960	0	3	0	848,960
148	782	2	2	3	1	0	0	3	15	1	1	17	30720	960	0	3	0	848,960
148	787	2	1	3	1	0	0	3	15	1	1	17	30720	960	0	3	0	960
148	789	2	1	3	1	0	0	3	15	1	1	17	30720	960	0	3	0	960
148	790	2	1	3	1	0	0	3	15	1	1	17	30720	960	0	3	0	960
148	793	2	1	3	1	0	0	3	15	1	1	17	30720	960	0	3	0	960
148	794	2	1	3	1	0	0	3	15	1	1	17	30720	960	0	3	0	960
148	796	2	1	3	1	0	0	3	15	1	1	17	30720	960	0	3	0	960
148	803	2	1	3	1	0	0	3	15	1	1	17	30720	960	0	3	0	960
148	805	2	1	3	1	0	0	3	15	1	1	17	30720	960	0	3	0	960
148	806	2	1	3	1	0	0	3	15	1	1	17	30720	960	0	3	0	960
148	809	2	1	3	1	0	0	3	15	1	1	17	30720	960	0	3	0	960
148	810	2	1	3	1	0	0	3	15	1	1	17	30720	960	0	3	0	960
148	812	2	1	3	1	0	0	3	15	1	1	17	30720	960	0	3	0	960
148	817	2	2	3	1	0	0	4	15	1	1	17	30208	928	0	3	0	928,960
148	818	2	2	3	1	0	0	4	15	1	1	17	30208	928	0	3	0	928,960
148	820	2	2	3	1	0	0	4	15	1	1	17	30208	928	0	3	0	928,960
148	824	2	2	3	1	0	0	4	15	1	1	17	30208	928	0	3	0	928,960
148	835	2	1	3	1	0	0	3	15	1	1	17	30720	960	0	3	0	960
148	837	2	1	3	1	0	0	3	15	1	1	17	30720	960	0	3	0	960
148	838	2	1	3	1	0	0	3	15	1	1	17	30720	960	0	3	0	960
148	841	2	1	3	1	0	0	3	15	1	1	17	30720	960	0	3	0	960
148	842	2	1	3	1	0	0	3	15	1	1	17	30720	960	0	3	0	960
148	844	2	1	3	1	0	0	3	15	1	1	17	30720	960	0	3	0	960
148	849	2	2	3	1	0	0	4	15	1	1	17	30208	928	0	3	0	928,960
148	850	2	2	3	1	0	0	4	15	1	1	17	30208	928	0	3	0	928,960
148	852	2	2	3	1	0	0	4	15	1	1	17	30208	928	0	3	0	928,960
148	856	2	2	3	1	0	0	4	15	1	1	17	30208	928	0	3	0	928,960
148	865	2	2	3	1	0	0	4	15	1	1	17	30208	928	0	3	0	928,960
148	866	2	2	3	1	0	0	4	15	1	1	17	30208	928	0	3	0	928,960
148	868	2	2	3	1	0	0	4	15	1	1	17	30208	928	0	3	0	928,960
148	872	2	2	3	1	0	0	4	15	1	1	17	30208	928	0	3	0	928,960
148	880	1	1	4	1	0	0	1	15	1	1	17	30208	928	0	4	0	928
148	899	1	1	4	1	0	0	5	14	3	2	18	30720	960	0	4	0	960
148	901	1	1	4	1	0	0	5	14	3	2	18	30720	960	0	4	0	960
148	902	1	1	4	1	0	0	5	14	3	2	18	30720	960	0	4	0	960
148	905	1	1	4	1	0	0	5	14	3	2	18	30720	960	0	4	0	960
148	906	1	1	4	1	0	0	5	14	3	2	18	30720	960	0	4	0	960
148	908	1	1	4	1	0	0	5	14	3	2	18	30720	960	0	4	0	960
148	913	1	1	4	1	0	0	5	14	3	2	18	30720	960	0	4	0	960
148	914	1	1	4	1	0	0	5	14	3	2	18	30720	960	0	4	0	960
148	916	1	1	4	1	0	0	5	14	3	2	18	30720	960	0	4	0	960
148	920	1	1	4	1	0	0	5	14	3	2	18	30720	960	0	4	0	960
148	929	1	1	4	1	0	0	5	14	3	2	18	30720	960	0	4	0	960
148	930	1	1	4	1	0	0	5	14	3	2	18	30720	960	0	4	0	960
148	932	1	1	4	1	0	0	5	14	3	2	18	30720	960	0	4	0	960
148	936	1	1	4	1	0	0	5	14	3	2	18	30720	960	0	4	0	960
148	944	1	1	4	1	0	0	5	14	3	2	18	30720	960	0	4	0	960
148	961	1	1	4	1	0	0	5	14	3	2	18	30720	960	0	4	0	960
148	962	1	1	4	1	0	0	5	14	3	2	18	30720	960	0	4	0	960
148	964	1	1	4	1	0	0	5	14	3	2	18	30720	960	0	4	0	960
148	968	1	1	4	1	0	0	5	14	3	2	18	30720	960	0	4	0	960
148	976	1	1	4	1	0	0	5	14	3	2	18	30720	960	0	4	0	960
148	992	1	1	4	1	0	0	5	14	3	2	18	30720	960	0	4	0	960
148	1039	2	1	3	1	1	1	0	16	0	0	16	31104	856	4096	0	3	856
148	1047	3	5	2	1	0	0	5	16	0	0	16	30208	928	0	2	0	678,856,928,960,992
148	1051	3	5	2	1	0	0	5	16	0	0	16	30208	928	0	2	0	678,856,928,960,992
148	1053	3	5	2	1	0	0	5	16	0	0	16	30208	928	0	2	0	678,856,928,960,992
148	1054	3	5	2	1	0	0	5	16	0	0	16	30208	928	0	2	0	678,856,928,960,992
148	1063	3	5	2	1	0	0	5	16	0	0	16	30208	928	0	2	0	678,856,928,960,992
148	1067	3	5	2	1	0	0	5	16	0	0	16	30208	928	0	2	0	678,856,928,960,992
148	1069	3	5	2	1	0	0	5	16	0	0	16	30208	928	0	2	0	678,856,928,960,992
148	1070	3	5	2	1	0	0	5	16	0	0	16	30208	928	0	2	0	678,856,928,960,992
148	1075	2	1	3	1	0	0	1	16	0	0	16	30208	928	0	3	0	928
148	1077	2	1	3	1	0	0	1	16	0	0	16	30208	928	0	3	0	928
148	1078	2	1	3	1	0	0	1	16	0	0	16	30208	928	0	3	0	928
148	1081	2	1	3	1	0	0	1	16	0	0	16	30208	928	0	3	0	928
148	1082	2	1	3	1	0	0	1	16	0	0	16	30208	928	0	3	0	928
148	1084	2	1	3	1	0	0	1	16	0	0	16	30208	928	0	3	0	928
148	1095	3	5	2	1	0	0	5	16	0	0	16	30208	928	0	2	0	678,856,928,960,992
148	1099	3	5	2	1	0	0	5	16	0	0	16	30208	928	0	2	0	678,856,928,960,992
148	1101	3	5	2	1	0	0	5	16	0	0	16	30208	928	0	2	0	678,856,928,960,992
148	1102	3	5	2	1	0	0	5	16	0	0	16	30208	928	0	2	0	678,856,928,960,992
148	1107	2	1	3	1	0	0	1	16	0	0	16	30208	928	0	3	0	928
148	1109	2	1	3	1	0	0	1	16	0	0	16	30208	928	0	3	0	928
148	1110	2	1	3	1	0	0	1	16	0	0	16	30208	928	0	3	0	928
148	1113	2	1	3	1	0	0	1	16	0	0	16	30208	928	0	3	0	928
148	1114	2	1	3	1	0	0	1	16	0	0	16	30208	928	0	3	0	928
148	1116	2	1	3	1	0	0	1	16	0	0	16	30208	928	0	3	0	928
148	1123	2	1	3	1	0	0	1	16	0	0	16	30208	928	0	3	0	928
148	1125	2	1	3	1	0	0	1	16	0	0	16	30208	928	0	3	0	928
148	1126	2	1	3	1	0	0	1	16	0	0	16	30208	928	0	3	0	928
148	1129	2	1	3	1	0	0	1	16	0	0	16	30208	928	0	3	0	928
148	1130	2	1	3	1	0	0	1	16	0	0	16	30208	928	0	3	0	928
148	1132	2	1	3	1	0	0	1	16	0	0	16	30208	928	0	3	0	928
148	1137	1	1	4	1	0	0	1	16	0	0	16	30208	928	0	4	0	928
148	1138	1	1	4	1	0	0	1	16	0	0	16	30208	928	0	4	0	928
148	1140	1	1	4	1	0	0	1	16	0	0	16	30208	928	0	4	0	928
148	1144	1	1	4	1	0	0	1	16	0	0	16	30208	928	0	4	0	928
148	1159	2	2	3	1	0	0	3	15	1	1	17	30720	960	0	3	0	848,960
148	1163	2	2	3	1	0	0	3	15	1	1	17	30720	960	0	3	0	848,960
148	1165	2	2	3	1	0	0	3	15	1	1	17	30720	960	0	3	0	848,960
148	1166	2	2	3	1	0	0	3	15	1	1	17	30720	960	0	3	0	848,960
148	1171	2	1	3	1	0	0	3	15	1	1	17	30720	960	0	3	0	960
148	1173	2	1	3	1	0	0	3	15	1	1	17	30720	960	0	3	0	960
148	1174	2	1	3	1	0	0	3	15	1	1	17	30720	960	0	3	0	960
148	1177	2	1	3	1	0	0	3	15	1	1	17	30720	960	0	3	0	960
148	1178	2	1	3	1	0	0	3	15	1	1	17	30720	960	0	3	0	960
148	1180	2	1	3	1	0	0	3	15	1	1	17	30720	960	0	3	0	960
148	1187	2	1	3	1	0	0	3	15	1	1	17	30720	960	0	3	0	960
148	1189	2	1	3	1	0	0	3	15	1	1	17	30720	960	0	3	0	960
148	1190	2	1	3	1	0	0	3	15	1	1	17	30720	960	0	3	0	960
148	1193	2	1	3	1	0	0	3	15	1	1	17	30720	960	0	3	0	960
148	1194	2	1	3	1	0	0	3	15	1	1	17	30720	960	0	3	0	960
148	1196	2	1	3	1	0	0	3	15	1	1	17	30720	960	0	3	0	960
148	1201	2	2	3	1	0	0	4	15	1	1	17	30208	928	0	3	0	928,960
148	1202	2	2	3	1	0	0	4	15	1	1	17	30208	928	0	3	0	928,960
148	1204	2	2	3	1	0	0	4	15	1	1	17	30208	928	0	3	0	928,960
148	1208	2	2	3	1	0	0	4	15	1	1	17	30208	928	0	3	0	928,960
148	1219	2	1	3	1	0	0	3	15	1	1	17	30720	960	0	3	0	960
148	1221	2	1	3	1	0	0	3	15	1	1	17	30720	960	0	3	0	960
148	1222	2	1	3	1	0	0	3	15	1	1	17	30720	960	0	3	0	960
148	1225	2	1	3	1	0	0	3	15	1	1	17	30720	960	0	3	0	960
148	1226	2	1	3	1	0	0	3	15	1	1	17	30720	960	0	3	0	960
148	1228	2	1	3	1	0	0	3	15	1	1	17	30720	960	0	3	0	960
148	1233	2	2	3	1	0	0	4	15	1	1	17	30208	928	0	3	0	928,960
148	1234	2	2	3	1	0	0	4	15	1	1	17	30208	928	0	3	0	928,960
148	1236	2	2	3	1	0	0	4	15	1	1	17	30208	928	0	3	0	928,960
148	1240	2	2	3	1	0	0	4	15	1	1	17	30208	928	0	3	0	928,960
148	1249	2	2	3	1	0	0	4	15	1	1	17	30208	928	0	3	0	928,960
148	1250	2	2	3	1	0	0	4	15	1	1	17	30208	928	0	3	0	928,960
148	1252	2	2	3	1	0	0	4	15	1	1	17	30208	928	0	3	0	928,960
148	1256	2	2	3	1	0	0	4	15	1	1	17	30208	928	0	3	0	928,960
148	1264	1	1	4	1	0	0	1	15	1	1	17	30208	928	0	4	0	928
148	1287	2	2	3	1	0	0	3	15	1	1	17	30720	960	0	3	0	848,960
148	1291	2	2	3	1	0	0	3	15	1	1	17	30720	960	0	3	0	848,960
148	1293	2	2	3	1	0	0	3	15	1	1	17	30720	960	0	3	0	848,960
148	1294	2	2	3	1	0	0	3	15	1	1	17	30720	960	0	3	0	848,960
148	1299	2	1	3	1	0	0	3	15	1	1	17	30720	960	0	3	0	960
148	1301	2	1	3	1	0	0	3	15	1	1	17	30720	960	0	3	0	960
148	1302	2	1	3	1	0	0	3	15	1	1	17	30720	960	0	3	0	960
148	1305	2	1	3	1	0	0	3	15	1	1	17	30720	960	0	3	0	960
148	1306	2	1	3	1	0	0	3	15	1	1	17	30720	960	0	3	0	960
148	1308	2	1	3	1	0	0	3	15	1	1	17	30720	960	0	3	0	960
148	1315	2	1	3	1	0	0	3	15	1	1	17	30720	960	0	3	0	960
148	1317	2	1	3	1	0	0	3	15	1	1	17	30720	960	0	3	0	960
148	1318	2	1	3	1	0	0	3	15	1	1	17	30720	960	0	3	0	960
148	1321	2	1	3	1	0	0	3	15	1	1	17	30720	960	0	3	0	960
148	1322	2	1	3	1	0	0	3	15	1	1	17	30720	960	0	3	0	960
148	1324	2	1	3	1	0	0	3	15	1	1	17	30720	960	0	3	0	960
148	1329	2	2	3	1	0	0	4	15	1	1	17	30208	928	0	3	0	928,960
148	1330	2	2	3	1	0	0	4	15	1	1	17	30208	928	0	3	0	928,960
148	1332	2	2	3	1	0	0	4	15	1	1	17	30208	928	0	3	0	928,960
148	1336	2	2	3	1	0	0	4	15	1	1	17	30208	928	0	3	0	928,960
148	1347	2	1	3	1	0	0	3	15	1	1	17	30720	960	0	3	0	960
148	1349	2	1	3	1	0	0	3	15	1	1	17	30720	960	0	3	0	960
148	1350	2	1	3	1	0	0	3	15	1	1	17	30720	960	0	3	0	960
148	1353	2	1	3	1	0	0	3	15	1	1	17	30720	960	0	3	0	960
148	1354	2	1	3	1	0	0	3	15	1	1	17	30720	960	0	3	0	960
148	1356	2	1	3	1	0	0	3	15	1	1	17	30720	960	0	3	0	960
148	1361	2	2	3	1	0	0	4	15	1	1	17	30208	928	0	3	0	928,960
148	1362	2	2	3	1	0	0	4	15	1	1	17	30208	928	0	3	0	928,960
148	1364	2	2	3	1	0	0	4	15	1	1	17	30208	928	0	3	0	928,960
148	1368	2	2	3	1	0	0	4	15	1	1	17	30208	928	0	3	0	928,960
148	1377	2	2	3	1	0	0	4	15	1	1	17	30208	928	0	3	0	928,960
148	1378	2	2	3	1	0	0	4	15	1	1	17	30208	928	0	3	0	928,960
148	1380	2	2	3	1	0	0	4	15	1	1	17	30208	928	0	3	0	928,960
148	1384	2	2	3	1	0	0	4	15	1	1	17	30208	928	0	3	0	928,960
148	1392	1	1	4	1	0	0	1	15	1	1	17	30208	928	0	4	0	928
148	1411	1	1	4	1	0	0	5	14	3	2	18	30720	960	0	4	0	960
148	1413	1	1	4	1	0	0	5	14	3	2	18	30720	960	0	4	0	960
148	1414	1	1	4	1	0	0	5	14	3	2	18	30720	960	0	4	0	960
148	1417	1	1	4	1	0	0	5	14	3	2	18	30720	960	0	4	0	960
148	1418	1	1	4	1	0	0	5	14	3	2	18	30720	960	0	4	0	960
148	1420	1	1	4	1	0	0	5	14	3	2	18	30720	960	0	4	0	960
148	1425	1	1	4	1	0	0	5	14	3	2	18	30720	960	0	4	0	960
148	1426	1	1	4	1	0	0	5	14	3	2	18	30720	960	0	4	0	960
148	1428	1	1	4	1	0	0	5	14	3	2	18	30720	960	0	4	0	960
148	1432	1	1	4	1	0	0	5	14	3	2	18	30720	960	0	4	0	960
148	1441	1	1	4	1	0	0	5	14	3	2	18	30720	960	0	4	0	960
148	1442	1	1	4	1	0	0	5	14	3	2	18	30720	960	0	4	0	960
148	1444	1	1	4	1	0	0	5	14	3	2	18	30720	960	0	4	0	960
148	1448	1	1	4	1	0	0	5	14	3	2	18	30720	960	0	4	0	960
148	1456	1	1	4	1	0	0	5	14	3	2	18	30720	960	0	4	0	960
148	1473	1	1	4	1	0	0	5	14	3	2	18	30720	960	0	4	0	960
148	1474	1	1	4	1	0	0	5	14	3	2	18	30720	960	0	4	0	960
148	1476	1	1	4	1	0	0	5	14	3	2	18	30720	960	0	4	0	960
148	1480	1	1	4	1	0	0	5	14	3	2	18	30720	960	0	4	0	960
148	1488	1	1	4	1	0	0	5	14	3	2	18	30720	960	0	4	0	960
148	1504	1	1	4	1	0	0	5	14	3	2	18	30720	960	0	4	0	960
148	1543	1	1	4	1	0	0	4	17	0	0	17	30720	960	0	4	0	960
148	1547	1	1	4	1	0	0	4	17	0	0	17	30720	960	0	4	0	960
148	1549	1	1	4	1	0	0	4	17	0	0	17	30720	960	0	4	0	960
148	1550	1	1	4	1	0	0	4	17	0	0	17	30720	960	0	4	0	960
148	1555	1	1	4	1	0	0	4	17	0	0	17	30720	960	0	4	0	960
148	1557	1	1	4	1	0	0	4	17	0	0	17	30720	960	0	4	0	960
148	1558	1	1	4	1	0	0	4	17	0	0	17	30720	960	0	4	0	960
148	1561	1	1	4	1	0	0	4	17	0	0	17	30720	960	0	4	0	960
148	1562	1	1	4	1	0	0	4	17	0	0	17	30720	960	0	4	0	960
148	1564	1	1	4	1	0	0	4	17	0	0	17	30720	960	0	4	0	960
148	1571	1	1	4	1	0	0	4	17	0	0	17	30720	960	0	4	0	960
148	1573	1	1	4	1	0	0	4	17	0	0	17	30720	960	0	4	0	960
148	1574	1	1	4	1	0	0	4	17	0	0	17	30720	960	0	4	0	960
148	1577	1	1	4	1	0	0	4	17	0	0	17	30720	960	0	4	0	960
148	1578	1	1	4	1	0	0	4	17	0	0	17	30720	960	0	4	0	960
148	1580	1	1	4	1	0	0	4	17	0	0	17	30720	960	0	4	0	960
148	1585	1	2	4	1	0	0	5	17	0	0	17	30208	896	0	4	0	896,960
148	1586	1	2	4	1	0	0	5	17	0	0	17	30208	896	0	4	0	896,960
148	1588	1	2	4	1	0	0	5	17	0	0	17	30208	896	0	4	0	896,960
148	1592	1	2	4	1	0	0	5	17	0	0	17	30208	896	0	4	0	896,960
148	1603	1	1	4	1	0	0	4	17	0	0	17	30720	960	0	4	0	960
148	1605	1	1	4	1	0	0	4	17	0	0	17	30720	960	0	4	0	960
148	1606	1	1	4	1	0	0	4	17	0	0	17	30720	960	0	4	0	960
148	1609	1	1	4	1	0	0	4	17	0	0	17	30720	960	0	4	0	960
148	1610	1	1	4	1	0	0	4	17	0	0	17	30720	960	0	4	0	960
148	1612	1	1	4	1	0	0	4	17	0	0	17	30720	960	0	4	0	960
148	1617	1	2	4	1	0	0	5	17	0	0	17	30208	896	0	4	0	896,960
148	1618	1	2	4	1	0	0	5	17	0	0	17	30208	896	0	4	0	896,960
148	1620	1	2	4	1	0	0	5	17	0	0	17	30208	896	0	4	0	896,960
148	1624	1	2	4	1	0	0	5	17	0	0	17	30208	896	0	4	0	896,960
148	1633	1	2	4	1	0	0	5	17	0	0	17	30208	896	0	4	0	896,960
148	1634	1	2	4	1	0	0	5	17	0	0	17	30208	896	0	4	0	896,960
148	1636	1	2	4	1	0	0	5	17	0	0	17	30208	896	0	4	0	896,960
148	1640	1	2	4	1	0	0	5	17	0	0	17	30208	896	0	4	0	896,960
148	1648	0	1	5	1	0	0	1	17	0	0	17	30208	896	0	5	0	896
148	1667	1	1	4	1	0	0	5	14	3	2	18	30720	960	0	4	0	960
148	1669	1	1	4	1	0	0	5	14	3	2	18	30720	960	0	4	0	960
148	1670	1	1	4	1	0	0	5	14	3	2	18	30720	960	0	4	0	960
148	1673	1	1	4	1	0	0	5	14	3	2	18	30720	960	0	4	0	960
148	1674	1	1	4	1	0	0	5	14	3	2	18	30720	960	0	4	0	960
148	1676	1	1	4	1	0	0	5	14	3	2	18	30720	960	0	4	0	960
148	1681	1	1	4	1	0	0	5	14	3	2	18	30720	960	0	4	0	960
148	1682	1	1	4	1	0	0	5	14	3	2	18	30720	960	0	4	0	960
148	1684	1	1	4	1	0	0	5	14	3	2	18	30720	960	0	4	0	960
148	1688	1	1	4	1	0	0	5	14	3	2	18	30720	960	0	4	0	960
148	1697	1	1	4	1	0	0	5	14	3	2	18	30720	960	0	4	0	960
148	1698	1	1	4	1	0	0	5	14	3	2	18	30720	960	0	4	0	960
148	1700	1	1	4	1	0	0	5	14	3	2	18	30720	960	0	4	0	960
148	1704	1	1	4	1	0	0	5	14	3	2	18	30720	960	0	4	0	960
148	1712	1	2	4	1	0	0	6	14	3	2	18	30208	896	0	4	0	896,960
148	1729	1	1	4	1	0	0	5	14	3	2	18	30720	960	0	4	0	960
148	1730	1	1	4	1	0	0	5	14	3	2	18	30720	960	0	4	0	960
148	1732	1	1	4	1	0	0	5	14	3	2	18	30720	960	0	4	0	960
148	1736	1	1	4	1	0	0	5	14	3	2	18	30720	960	0	4	0	960
148	1744	1	2	4	1	0	0	6	14	3	2	18	30208	896	0	4	0	896,960
148	1760	1	2	4	1	0	0	6	14	3	2	18	30208	896	0	4	0	896,960
148	1795	1	1	4	1	0	0	5	14	3	2	18	30720	960	0	4	0	960
148	1797	1	1	4	1	0	0	5	14	3	2	18	30720	960	0	4	0	960
148	1798	1	1	4	1	0	0	5	14	3	2	18	30720	960	0	4	0	960
148	1801	1	1	4	1	0	0	5	14	3	2	18	30720	960	0	4	0	960
148	1802	1	1	4	1	0	0	5	14	3	2	18	30720	960	0	4	0	960
148	1804	1	1	4	1	0	0	5	14	3	2	18	30720	960	0	4	0	960
148	1809	1	1	4	1	0	0	5	14	3	2	18	30720	960	0	4	0	960
148	1810	1	1	4	1	0	0	5	14	3	2	18	30720	960	0	4	0	960
148	1812	1	1	4	1	0	0	5	14	3	2	18	30720	960	0	4	0	960
148	1816	1	1	4	1	0	0	5	14	3	2	18	30720	960	0	4	0	960
148	1825	1	1	4	1	0	0	5	14	3	2	18	30720	960	0	4	0	960
148	1826	1	1	4	1	0	0	5	14	3	2	18	30720	960	0	4	0	960
148	1828	1	1	4	1	0	0	5	14	3	2	18	30720	960	0	4	0	960
148	1832	1	1	4	1	0	0	5	14	3	2	18	30720	960	0	4	0	960
148	1840	1	2	4	1	0	0	6	14	3	2	18	30208	896	0	4	0	896,960
148	1857	1	1	4	1	0	0	5	14	3	2	18	30720	960	0	4	0	960
148	1858	1	1	4	1	0	0	5	14	3	2	18	30720	960	0	4	0	960
148	1860	1	1	4	1	0	0	5	14	3	2	18	30720	960	0	4	0	960
148	1864	1	1	4	1	0	0	5	14	3	2	18	30720	960	0	4	0	960
148	1872	1	2	4	1	0	0	6	14	3	2	18	30208	896	0	4	0	896,960
148	1888	1	2	4	1	0	0	6	14	3	2	18	30208	896	0	4	0	896,960
148	1921	1	1	4	1	0	0	7	11	30	4	19	30720	960	0	4	0	960
148	1922	1	1	4	1	0	0	7	11	30	4	19	30720	960	0	4	0	960
148	1924	1	1	4	1	0	0	7	11	30	4	19	30720	960	0	4	0	960
148	1928	1	1	4	1	0	0	7	11	30	4	19	30720	960	0	4	0	960
148	1936	1	1	4	1	0	0	7	11	30	4	19	30720	960	0	4	0	960
148	1952	1	1	4	1	0	0	7	11	30	4	19	30720	960	0	4	0	960
148	1984	1	1	4	1	0	0	7	11	30	4	19	30720	960	0	4	0	960
148	2063	2	2	3	1	0	0	2	18	0	0	18	30208	992	0	3	0	792,992
148	2071	2	1	3	1	0	0	2	16	1	1	18	30208	992	0	3	0	992
148	2075	2	1	3	1	0	0	2	16	1	1	18	30208	992	0	3	0	992
148	2077	2	1	3	1	0	0	2	16	1	1	18	30208	992	0	3	0	992
148	2078	2	1	3	1	0	0	2	16	1	1	18	30208	992	0	3	0	992
148	2087	2	1	3	1	0	0	2	16	1	1	18	30208	992	0	3	0	992
148	2091	2	1	3	1	0	0	2	16	1	1	18	30208	992	0	3	0	992
148	2093	2	1	3	1	0	0	2	16	1	1	18	30208	992	0	3	0	992
148	2094	2	1	3	1	0	0	2	16	1	1	18	30208	992	0	3	0	992
148	2099	2	1	3	1	0	0	2	14	3	2	18	30208	992	0	3	0	992
148	2101	2	1	3	1	0	0	2	14	3	2	18	30208	992	0	3	0	992
148	2102	2	1	3	1	0	0	2	14	3	2	18	30208	992	0	3	0	992
148	2105	2	1	3	1	0	0	2	14	3	2	18	30208	992	0	3	0	992
148	2106	2	1	3	1	0	0	2	14	3	2	18	30208	992	0	3	0	992
148	2108	2	1	3	1	0	0	2	14	3	2	18	30208	992	0	3	0	992
148	2119	2	1	3	1	0	0	2	16	1	1	18	30208	992	0	3	0	992
148	2123	2	1	3	1	0	0	2	16	1	1	18	30208	992	0	3	0	992
148	2125	2	1	3	1	0	0	2	16	1	1	18	30208	992	0	3	0	992
148	2126	2	1	3	1	0	0	2	16	1	1	18	30208	992	0	3	0	992
148	2131	2	1	3	1	0	0	2	14	3	2	18	30208	992	0	3	0	992
148	2133	2	1	3	1	0	0	2	14	3	2	18	30208	992	0	3	0	992
148	2134	2	1	3	1	0	0	2	14	3	2	18	30208	992	0	3	0	992
148	2137	2	1	3	1	0	0	2	14	3	2	18	30208	992	0	3	0	992
148	2138	2	1	3	1	0	0	2	14	3	2	18	30208	992	0	3	0	992
148	2140	2	1	3	1	0	0	2	14	3	2	18	30208	992	0	3	0	992
148	2147	2	1	3	1	0	0	2	14	3	2	18	30208	992	0	3	0	992
148	2149	2	1	3	1	0	0	2	14	3	2	18	30208	992	0	3	0	992
148	2150	2	1	3	1	0	0	2	14	3	2	18	30208	992	0	3	0	992
148	2153	2	1	3	1	0	0	2	14	3	2	18	30208	992	0	3	0	992
148	2154	2	1	3	1	0	0	2	14	3	2	18	30208	992	0	3	0	992
148	2156	2	1	3	1	0	0	2	14	3	2	18	30208	992	0	3	0	992
148	2161	2	1	3	1	0	0	2	12	11	3	18	30208	992	0	3	0	992
148	2162	2	1	3	1	0	0	2	12	11	3	18	30208	992	0	3	0	992
148	2164	2	1	3	1	0	0	2	12	11	3	18	30208	992	0	3	0	992
148	2168	2	1	3	1	0	0	2	12	11	3	18	30208	992	0	3	0	992
148	2183	2	6	3	1	0	0	8	19	0	0	19	30208	992	0	3	0	784,896,912,928,960,992
148	2187	2	6	3	1	0	0	8	19	0	0	19	30208	992	0	3	0	784,896,912,928,960,992
148	2189	2	6	3	1	0	0	8	19	0	0	19	30208	992	0	3	0	784,896,912,928,960,992
148	2190	2	6	3	1	0	0	8	19	0	0	19	30208	992	0	3	0	784,896,912,928,960,992
148	2195	2	5	3	1	0	0	8	17	1	1	19	30208	992	0	3	0	896,912,928,960,992
148	2197	2	5	3	1	0	0	8	17	1	1	19	30208	992	0	3	0	896,912,928,960,992
148	2198	2	5	3	1	0	0	8	17	1	1	19	30208	992	0	3	0	896,912,928,960,992
148	2201	2	5	3	1	0	0	8	17	1	1	19	30208	992	0	3	0	896,912,928,960,992
148	2202	2	5	3	1	0	0	8	17	1	1	19	30208	992	0	3	0	896,912,928,960,992
148	2204	2	5	3	1	0	0	8	17	1	1	19	30208	992	0	3	0	896,912,928,960,992
148	2211	2	5	3	1	0	0	8	17	1	1	19	30208	992	0	3	0	896,912,928,960,992
148	2213	2	5	3	1	0	0	8	17	1	1	19	30208	992	0	3	0	896,912,928,960,992
148	2214	2	5	3	1	0	0	8	17	1	1	19	30208	992	0	3	0	896,912,928,960,992
148	2217	2	5	3	1	0	0	8	17	1	1	19	30208	992	0	3	0	896,912,928,960,992
148	2218	2	5	3	1	0	0	8	17	1	1	19	30208	992	0	3	0	896,912,928,960,992
148	2220	2	5	3	1	0	0	8	17	1	1	19	30208	992	0	3	0	896,912,928,960,992
148	2225	2	5	3	1	0	0	8	15	3	2	19	30208	992	0	3	0	896,912,928,960,992
148	2226	2	5	3	1	0	0	8	15	3	2	19	30208	992	0	3	0	896,912,928,960,992
148	2228	2	5	3	1	0	0	8	15	3	2	19	30208	992	0	3	0	896,912,928,960,992
148	2232	2	5	3	1	0	0	8	15	3	2	19	30208	992	0	3	0	896,912,928,960,992
148	2243	2	5	3	1	0	0	8	17	1	1	19	30208	992	0	3	0	896,912,928,960,992
148	2245	2	5	3	1	0	0	8	17	1	1	19	30208	992	0	3	0	896,912,928,960,992
148	2246	2	5	3	1	0	0	8	17	1	1	19	30208	992	0	3	0	896,912,928,960,992
148	2249	2	5	3	1	0	0	8	17	1	1	19	30208	992	0	3	0	896,912,928,960,992
148	2250	2	5	3	1	0	0	8	17	1	1	19	30208	992	0	3	0	896,912,928,960,992
148	2252	2	5	3	1	0	0	8	17	1	1	19	30208	992	0	3	0	896,912,928,960,992
148	2257	2	5	3	1	0	0	8	15	3	2	19	30208	992	0	3	0	896,912,928,960,992
148	2258	2	5	3	1	0	0	8	15	3	2	19	30208	992	0	3	0	896,912,928,960,992
148	2260	2	5	3	1	0	0	8	15	3	2	19	30208	992	0	3	0	896,912,928,960,992
148	2264	2	5	3	1	0	0	8	15	3	2	19	30208	992	0	3	0	896,912,928,960,992
148	2273	2	5	3	1	0	0	8	15	3	2	19	30208	992	0	3	0	896,912,928,960,992
148	2274	2	5	3	1	0	0	8	15	3	2	19	30208	992	0	3	0	896,912,928,960,992
148	2276	2	5	3	1	0	0	8	15	3	2	19	30208	992	0	3	0	896,912,928,960,992
148	2280	2	5	3	1	0	0	8	15	3	2	19	30208	992	0	3	0	896,912,928,960,992
148	2288	2	5	3	1	0	0	8	13	11	3	19	30208	992	0	3	0	896,912,928,960,992
148	2311	2	6	3	1	0	0	8	19	0	0	19	30208	992	0	3	0	784,896,912,928,960,992
148	2315	2	6	3	1	0	0	8	19	0	0	19	30208	992	0	3	0	784,896,912,928,960,992
148	2317	2	6	3	1	0	0	8	19	0	0	19	30208	992	0	3	0	784,896,912,928,960,992
148	2318	2	6	3	1	0	0	8	19	0	0	19	30208	992	0	3	0	784,896,912,928,960,992
148	2323	2	5	3	1	0	0	8	17	1	1	19	30208	992	0	3	0	896,912,928,960,992
148	2325	2	5	3	1	0	0	8	17	1	1	19	30208	992	0	3	0	896,912,928,960,992
148	2326	2	5	3	1	0	0	8	17	1	1	19	30208	992	0	3	0	896,912,928,960,992
148	2329	2	5	3	1	0	0	8	17	1	1	19	30208	992	0	3	0	896,912,928,960,992
148	2330	2	5	3	1	0	0	8	17	1	1	19	30208	992	0	3	0	896,912,928,960,992
148	2332	2	5	3	1	0	0	8	17	1	1	19	30208	992	0	3	0	896,912,928,960,992
148	2339	2	5	3	1	0	0	8	17	1	1	19	30208	992	0	3	0	896,912,928,960,992
148	2341	2	5	3	1	0	0	8	17	1	1	19	30208	992	0	3	0	896,912,928,960,992
148	2342	2	5	3	1	0	0	8	17	1	1	19	30208	992	0	3	0	896,912,928,960,992
148	2345	2	5	3	1	0	0	8	17	1	1	19	30208	992	0	3	0	896,912,928,960,992
148	2346	2	5	3	1	0	0	8	17	1	1	19	30208	992	0	3	0	896,912,928,960,992
148	2348	2	5	3	1	0	0	8	17	1	1	19	30208	992	0	3	0	896,912,928,960,992
148	2353	2	5	3	1	0	0	8	15	3	2	19	30208	992	0	3	0	896,912,928,960,992
148	2354	2	5	3	1	0	0	8	15	3	2	19	30208	992	0	3	0	896,912,928,960,992
148	2356	2	5	3	1	0	0	8	15	3	2	19	30208	992	0	3	0	896,912,928,960,992
148	2360	2	5	3	1	0	0	8	15	3	2	19	30208	992	0	3	0	896,912,928,960,992
148	2371	2	5	3	1	0	0	8	17	1	1	19	30208	992	0	3	0	896,912,928,960,992
148	2373	2	5	3	1	0	0	8	17	1	1	19	30208	992	0	3	0	896,912,928,960,992
148	2374	2	5	3	1	0	0	8	17	1	1	19	30208	992	0	3	0	896,912,928,960,992
148	2377	2	5	3	1	0	0	8	17	1	1	19	30208	992	0	3	0	896,912,928,960,992
148	2378	2	5	3	1	0	0	8	17	1	1	19	30208	992	0	3	0	896,912,928,960,992
148	2380	2	5	3	1	0	0	8	17	1	1	19	30208	992	0	3	0	896,912,928,960,992
148	2385	2	5	3	1	0	0	8	15	3	2	19	30208	992	0	3	0	896,912,928,960,992
148	2386	2	5	3	1	0	0	8	15	3	2	19	30208	992	0	3	0	896,912,928,960,992
148	2388	2	5	3	1	0	0	8	15	3	2	19	30208	992	0	3	0	896,912,928,960,992
148	2392	2	5	3	1	0	0	8	15	3	2	19	30208	992	0	3	0	896,912,928,960,992
148	2401	2	5	3	1	0	0	8	15	3	2	19	30208	992	0	3	0	896,912,928,960,992
148	2402	2	5	3	1	0	0	8	15	3	2	19	30208	992	0	3	0	896,912,928,960,992
148	2404	2	5	3	1	0	0	8	15	3	2	19	30208	992	0	3	0	896,912,928,960,992
148	2408	2	5	3	1	0	0	8	15	3	2	19	30208	992	0	3	0	896,912,928,960,992
148	2416	2	5	3	1	0	0	8	13	11	3	19	30208	992	0	3	0	896,912,928,960,992
148	2435	0	1	5	1	0	0	4	20	0	0	20	30720	896	0	5	0	896
148	2437	0	1	5	1	0	0	4	20	0	0	20	30720	896	0	5	0	896
148	2438	0	1	5	1	0	0	4	20	0	0	20	30720	896	0	5	0	896
148	2441	0	1	5	1	0	0	4	20	0	0	20	30720	896	0	5	0	896
148	2442	0	1	5	1	0	0	4	20	0	0	20	30720	896	0	5	0	896
148	2444	0	1	5	1	0	0	4	20	0	0	20	30720	896	0	5	0	896
148	2449	0	1	5	1	0	0	4	18	1	1	20	30720	896	0	5	0	896
148	2450	0	1	5	1	0	0	4	18	1	1	20	30720	896	0	5	0	896
148	2452	0	1	5	1	0	0	4	18	1	1	20	30720	896	0	5	0	896
148	2456	0	1	5	1	0	0	4	18	1	1	20	30720	896	0	5	0	896
148	2465	0	1	5	1	0	0	4	18	1	1	20	30720	896	0	5	0	896
148	2466	0	1	5	1	0	0	4	18	1	1	20	30720	896	0	5	0	896
148	2468	0	1	5	1	0	0	4	18	1	1	20	30720	896	0	5	0	896
148	2472	0	1	5	1	0	0	4	18	1	1	20	30720	896	0	5	0	896
148	2480	0	1	5	1	0	0	4	16	3	2	20	30720	896	0	5	0	896
148	2497	0	1	5	1	0	0	4	18	1	1	20	30720	896	0	5	0	896
148	2498	0	1	5	1	0	0	4	18	1	1	20	30720	896	0	5	0	896
148	2500	0	1	5	1	0	0	4	18	1	1	20	30720	896	0	5	0	896
148	2504	0	1	5	1	0	0	4	18	1	1	20	30720	896	0	5	0	896
148	2512	0	1	5	1	0	0	4	16	3	2	20	30720	896	0	5	0	896
148	2528	0	1	5	1	0	0	4	16	3	2	20	30720	896	0	5	0	896
148	2567	1	1	4	1	0	0	3	17	1	1	19	30208	960	0	4	0	960
148	2571	1	1	4	1	0	0	3	17	1	1	19	30208	960	0	4	0	960
148	2573	1	1	4	1	0	0	3	17	1	1	19	30208	960	0	4	0	960
148	2574	1	1	4	1	0	0	3	17	1	1	19	30208	960	0	4	0	960
148	2579	1	1	4	1	0	0	3	15	3	2	19	30208	960	0	4	0	960
148	2581	1	1	4	1	0	0	3	15	3	2	19	30208	960	0	4	0	960
148	2582	1	1	4	1	0	0	3	15	3	2	19	30208	960	0	4	0	960
148	2585	1	1	4	1	0	0	3	15	3	2	19	30208	960	0	4	0	960
148	2586	1	1	4	1	0	0	3	15	3	2	19	30208	960	0	4	0	960
148	2588	1	1	4	1	0	0	3	15	3	2	19	30208	960	0	4	0	960
148	2595	1	1	4	1	0	0	3	15	3	2	19	30208	960	0	4	0	960
148	2597	1	1	4	1	0	0	3	15	3	2	19	30208	960	0	4	0	960
148	2598	1	1	4	1	0	0	3	15	3	2	19	30208	960	0	4	0	960
148	2601	1	1	4	1	0	0	3	15	3	2	19	30208	960	0	4	0	960
148	2602	1	1	4	1	0	0	3	15	3	2	19	30208	960	0	4	0	960
148	2604	1	1	4	1	0	0	3	15	3	2	19	30208	960	0	4	0	960
148	2609	1	1	4	1	0	0	3	13	11	3	19	30208	960	0	4	0	960
148	2610	1	1	4	1	0	0	3	13	11	3	19	30208	960	0	4	0	960
148	2612	1	1	4	1	0	0	3	13	11	3	19	30208	960	0	4	0	960
148	2616	1	1	4	1	0	0	3	13	11	3	19	30208	960	0	4	0	960
148	2627	1	1	4	1	0	0	3	15	3	2	19	30208	960	0	4	0	960
148	2629	1	1	4	1	0	0	3	15	3	2	19	30208	960	0	4	0	960
148	2630	1	1	4	1	0	0	3	15	3	2	19	30208	960	0	4	0	960
148	2633	1	1	4	1	0	0	3	15	3	2	19	30208	960	0	4	0	960
148	2634	1	1	4	1	0	0	3	15	3	2	19	30208	960	0	4	0	960
148	2636	1	1	4	1	0	0	3	15	3	2	19	30208	960	0	4	0	960
148	2641	1	1	4	1	0	0	3	13	11	3	19	30208	960	0	4	0	960
148	2642	1	1	4	1	0	0	3	13	11	3	19	30208	960	0	4	0	960
148	2644	1	1	4	1	0	0	3	13	11	3	19	30208	960	0	4	0	960
148	2648	1	1	4	1	0	0	3	13	11	3	19	30208	960	0	4	0	960
148	2657	1	1	4	1	0	0	3	13	11	3	19	30208	960	0	4	0	960
148	2658	1	1	4	1	0	0	3	13	11	3	19	30208	960	0	4	0	960
148	2660	1	1	4	1	0	0	3	13	11	3	19	30208	960	0	4	0	960
148	2664	1	1	4	1	0	0	3	13	11	3	19	30208	960	0	4	0	960
148	2672	1	1	4	1	0	0	3	11	75	4	19	30208	960	0	4	0	960
148	2691	1	2	4	1	0	0	6	16	3	2	20	30208	960	0	4	0	896,960
148	2693	1	2	4	1	0	0	6	16	3	2	20	30208	960	0	4	0	896,960
148	2694	1	2	4	1	0	0	6	16	3	2	20	30208	960	0	4	0	896,960
148	2697	1	2	4	1	0	0	6	16	3	2	20	30208	960	0	4	0	896,960
148	2698	1	2	4	1	0	0	6	16	3	2	20	30208	960	0	4	0	896,960
148	2700	1	2	4	1	0	0	6	16	3	2	20	30208	960	0	4	0	896,960
148	2705	1	2	4	1	0	0	6	14	13	3	20	30208	960	0	4	0	896,960
148	2706	1	2	4	1	0	0	6	14	13	3	20	30208	960	0	4	0	896,960
148	2708	1	2	4	1	0	0	6	14	13	3	20	30208	960	0	4	0	896,960
148	2712	1	2	4	1	0	0	6	14	13	3	20	30208	960	0	4	0	896,960
148	2721	1	2	4	1	0	0	6	14	13	3	20	30208	960	0	4	0	896,960
148	2722	1	2	4	1	0	0	6	14	13	3	20	30208	960	0	4	0	896,960
148	2724	1	2	4	1	0	0	6	14	13	3	20	30208	960	0	4	0	896,960
148	2728	1	2	4	1	0	0	6	14	13	3	20	30208	960	0	4	0	896,960
148	2736	1	2	4	1	0	0	6	12	77	4	20	30208	960	0	4	0	896,960
148	2753	1	2	4	1	0	0	6	14	13	3	20	30208	960	0	4	0	896,960
148	2754	1	2	4	1	0	0	6	14	13	3	20	30208	960	0	4	0	896,960
148	2756	1	2	4	1	0	0	6	14	13	3	20	30208	960	0	4	0	896,960
148	2760	1	2	4	1	0	0	6	14	13	3	20	30208	960	0	4	0	896,960
148	2768	1	2	4	1	0	0	6	12	77	4	20	30208	960	0	4	0	896,960
148	2784	1	2	4	1	0	0	6	12	77	4	20	30208	960	0	4	0	896,960
148	2819	1	2	4	1	0	0	6	16	3	2	20	30208	960	0	4	0	896,960
148	2821	1	2	4	1	0	0	6	16	3	2	20	30208	960	0	4	0	896,960
148	2822	1	2	4	1	0	0	6	16	3	2	20	30208	960	0	4	0	896,960
148	2825	1	2	4	1	0	0	6	16	3	2	20	30208	960	0	4	0	896,960
148	2826	1	2	4	1	0	0	6	16	3	2	20	30208	960	0	4	0	896,960
148	2828	1	2	4	1	0	0	6	16	3	2	20	30208	960	0	4	0	896,960
148	2833	1	2	4	1	0	0	6	14	13	3	20	30208	960	0	4	0	896,960
148	2834	1	2	4	1	0	0	6	14	13	3	20	30208	960	0	4	0	896,960
148	2836	1	2	4	1	0	0	6	14	13	3	20	30208	960	0	4	0	896,960
148	2840	1	2	4	1	0	0	6	14	13	3	20	30208	960	0	4	0	896,960
148	2849	1	2	4	1	0	0	6	14	13	3	20	30208	960	0	4	0	896,960
148	2850	1	2	4	1	0	0	6	14	13	3	20	30208	960	0	4	0	896,960
148	2852	1	2	4	1	0	0	6	14	13	3	20	30208	960	0	4	0	896,960
148	2856	1	2	4	1	0	0	6	14	13	3	20	30208	960	0	4	0	896,960
148	2864	1	2	4	1	0	0	6	12	77	4	20	30208	960	0	4	0	896,960
148	2881	1	2	4	1	0	0	6	14	13	3	20	30208	960	0	4	0	896,960
148	2882	1	2	4	1	0	0	6	14	13	3	20	30208	960	0	4	0	896,960
148	2884	1	2	4	1	0	0	6	14	13	3	20	30208	960	0	4	0	896,960
148	2888	1	2	4	1	0	0	6	14	13	3	20	30208	960	0	4	0	896,960
148	2896	1	2	4	1	0	0	6	12	77	4	20	30208	960	0	4	0	896,960
148	2912	1	2	4	1	0	0	6	12	77	4	20	30208	960	0	4	0	896,960
148	2945	0	1	5	1	0	0	5	15	11	3	21	30720	896	0	5	0	896
148	2946	0	1	5	1	0	0	5	15	11	3	21	30720	896	0	5	0	896
148	2948	0	1	5	1	0	0	5	15	11	3	21	30720	896	0	5	0	896
148	2952	0	1	5	1	0	0	5	15	11	3	21	30720	896	0	5	0	896
148	2960	0	1	5	1	0	0	5	13	77	4	21	30720	896	0	5	0	896
148	2976	0	1	5	1	0	0	5	13	77	4	21	30720	896	0	5	0	896
148	3008	0	1	5	1	0	0	5	13	77	4	21	30720	896	0	5	0	896
148	3079	1	1	4	1	0	0	3	17	1	1	19	30208	960	0	4	0	960
148	3083	1	1	4	1	0	0	3	17	1	1	19	30208	960	0	4	0	960
148	3085	1	1	4	1	0	0	3	17	1	1	19	30208	960	0	4	0	960
148	3086	1	1	4	1	0	0	3	17	1	1	19	30208	960	0	4	0	960
148	3091	1	1	4	1	0	0	3	15	3	2	19	30208	960	0	4	0	960
148	3093	1	1	4	1	0	0	3	15	3	2	19	30208	960	0	4	0	960
148	3094	1	1	4	1	0	0	3	15	3	2	19	30208	960	0	4	0	960
148	3097	1	1	4	1	0	0	3	15	3	2	19	30208	960	0	4	0	960
148	3098	1	1	4	1	0	0	3	15	3	2	19	30208	960	0	4	0	960
148	3100	1	1	4	1	0	0	3	15	3	2	19	30208	960	0	4	0	960
148	3107	1	1	4	1	0	0	3	15	3	2	19	30208	960	0	4	0	960
148	3109	1	1	4	1	0	0	3	15	3	2	19	30208	960	0	4	0	960
148	3110	1	1	4	1	0	0	3	15	3	2	19	30208	960	0	4	0	960
148	3113	1	1	4	1	0	0	3	15	3	2	19	30208	960	0	4	0	960
148	3114	1	1	4	1	0	0	3	15	3	2	19	30208	960	0	4	0	960
148	3116	1	1	4	1	0	0	3	15	3	2	19	30208	960	0	4	0	960
148	3121	1	1	4	1	0	0	3	13	11	3	19	30208	960	0	4	0	960
148	3122	1	1	4	1	0	0	3	13	11	3	19	30208	960	0	4	0	960
148	3124	1	1	4	1	0	0	3	13	11	3	19	30208	960	0	4	0	960
148	3128	1	1	4	1	0	0	3	13	11	3	19	30208	960	0	4	0	960
148	3139	1	1	4	1	0	0	3	15	3	2	19	30208	960	0	4	0	960
148	3141	1	1	4	1	0	0	3	15	3	2	19	30208	960	0	4	0	960
148	3142	1	1	4	1	0	0	3	15	3	2	19	30208	960	0	4	0	960
148	3145	1	1	4	1	0	0	3	15	3	2	19	30208	960	0	4	0	960
148	3146	1	1	4	1	0	0	3	15	3	2	19	30208	960	0	4	0	960
148	3148	1	1	4	1	0	0	3	15	3	2	19	30208	960	0	4	0	960
148	3153	1	1	4	1	0	0	3	13	11	3	19	30208	960	0	4	0	960
148	3154	1	1	4	1	0	0	3	13	11	3	19	30208	960	0	4	0	960
148	3156	1	1	4	1	0	0	3	13	11	3	19	30208	960	0	4	0	960
148	3160	1	1	4	1	0	0	3	13	11	3	19	30208	960	0	4	0	960
148	3169	1	1	4	1	0	0	3	13	11	3	19	30208	960	0	4	0	960
148	3170	1	1	4	1	0	0	3	13	11	3	19	30208	960	0	4	0	960
148	3172	1	1	4	1	0	0	3	13	11	3	19	30208	960	0	4	0	960
148	3176	1	1	4	1	0	0	3	13	11	3	19	30208	960	0	4	0	960
148	3184	1	1	4	1	0	0	3	11	75	4	19	30208	960	0	4	0	960
148	3203	1	2	4	1	0	0	6	16	3	2	20	30208	960	0	4	0	896,960
148	3205	1	2	4	1	0	0	6	16	3	2	20	30208	960	0	4	0	896,960
148	3206	1	2	4	1	0	0	6	16	3	2	20	30208	960	0	4	0	896,960
148	3209	1	2	4	1	0	0	6	16	3	2	20	30208	960	0	4	0	896,960
148	3210	1	2	4	1	0	0	6	16	3	2	20	30208	960	0	4	0	896,960
148	3212	1	2	4	1	0	0	6	16	3	2	20	30208	960	0	4	0	896,960
148	3217	1	2	4	1	0	0	6	14	13	3	20	30208	960	0	4	0	896,960
148	3218	1	2	4	1	0	0	6	14	13	3	20	30208	960	0	4	0	896,960
148	3220	1	2	4	1	0	0	6	14	13	3	20	30208	960	0	4	0	896,960
148	3224	1	2	4	1	0	0	6	14	13	3	20	30208	960	0	4	0	896,960
148	3233	1	2	4	1	0	0	6	14	13	3	20	30208	960	0	4	0	896,960
148	3234	1	2	4	1	0	0	6	14	13	3	20	30208	960	0	4	0	896,960
148	3236	1	2	4	1	0	0	6	14	13	3	20	30208	960	0	4	0	896,960
148	3240	1	2	4	1	0	0	6	14	13	3	20	30208	960	0	4	0	896,960
148	3248	1	2	4	1	0	0	6	12	77	4	20	30208	960	0	4	0	896,960
148	3265	1	2	4	1	0	0	6	14	13	3	20	30208	960	0	4	0	896,960
148	3266	1	2	4	1	0	0	6	14	13	3	20	30208	960	0	4	0	896,960
148	3268	1	2	4	1	0	0	6	14	13	3	20	30208	960	0	4	0	896,960
148	3272	1	2	4	1	0	0	6	14	13	3	20	30208	960	0	4	0	896,960
148	3280	1	2	4	1	0	0	6	12	77	4	20	30208	960	0	4	0	896,960
148	3296	1	2	4	1	0	0	6	12	77	4	20	30208	960	0	4	0	896,960
148	3331	1	2	4	1	0	0	6	16	3	2	20	30208	960	0	4	0	896,960
148	3333	1	2	4	1	0	0	6	16	3	2	20	30208	960	0	4	0	896,960
148	3334	1	2	4	1	0	0	6	16	3	2	20	30208	960	0	4	0	896,960
148	3337	1	2	4	1	0	0	6	16	3	2	20	30208	960	0	4	0	896,960
148	3338	1	2	4	1	0	0	6	16	3	2	20	30208	960	0	4	0	896,960
148	3340	1	2	4	1	0	0	6	16	3	2	20	30208	960	0	4	0	896,960
148	3345	1	2	4	1	0	0	6	14	13	3	20	30208	960	0	4	0	896,960
148	3346	1	2	4	1	0	0	6	14	13	3	20	30208	960	0	4	0	896,960
148	3348	1	2	4	1	0	0	6	14	13	3	20	30208	960	0	4	0	896,960
148	3352	1	2	4	1	0	0	6	14	13	3	20	30208	960	0	4	0	896,960
148	3361	1	2	4	1	0	0	6	14	13	3	20	30208	960	0	4	0	896,960
148	3362	1	2	4	1	0	0	6	14	13	3	20	30208	960	0	4	0	896,960
148	3364	1	2	4	1	0	0	6	14	13	3	20	30208	960	0	4	0	896,960
148	3368	1	2	4	1	0	0	6	14	13	3	20	30208	960	0	4	0	896,960
148	3376	1	2	4	1	0	0	6	12	77	4	20	30208	960	0	4	0	896,960
148	3393	1	2	4	1	0	0	6	14	13	3	20	30208	960	0	4	0	896,960
148	3394	1	2	4	1	0	0	6	14	13	3	20	30208	960	0	4	0	896,960
148	3396	1	2	4	1	0	0	6	14	13	3	20	30208	960	0	4	0	896,960
148	3400	1	2	4	1	0	0	6	14	13	3	20	30208	960	0	4	0	896,960
148	3408	1	2	4	1	0	0	6	12	77	4	20	30208	960	0	4	0	896,960
148	3424	1	2	4	1	0	0	6	12	77	4	20	30208	960	0	4	0	896,960
148	3457	0	1	5	1	0	0	5	15	11	3	21	30720	896	0	5	0	896
148	3458	0	1	5	1	0	0	5	15	11	3	21	30720	896	0	5	0	896
148	3460	0	1	5	1	0	0	5	15	11	3	21	30720	896	0	5	0	896
148	3464	0	1	5	1	0	0	5	15	11	3	21	30720	896	0	5	0	896
148	3472	0	1	5	1	0	0	5	13	77	4	21	30720	896	0	5	0	896
148	3488	0	1	5	1	0	0	5	13	77	4	21	30720	896	0	5	0	896
148	3520	0	1	5	1	0	0	5	13	77	4	21	30720	896	0	5	0	896
148	3587	0	1	5	1	0	0	5	16	3	2	20	30208	896	0	5	0	896
148	3589	0	1	5	1	0	0	5	16	3	2	20	30208	896	0	5	0	896
148	3590	0	1	5	1	0	0	5	16	3	2	20	30208	896	0	5	0	896
148	3593	0	1	5	1	0	0	5	16	3	2	20	30208	896	0	5	0	896
148	3594	0	1	5	1	0	0	5	16	3	2	20	30208	896	0	5	0	896
148	3596	0	1	5	1	0	0	5	16	3	2	20	30208	896	0	5	0	896
148	3601	0	1	5	1	0	0	5	14	11	3	20	30208	896	0	5	0	896
148	3602	0	1	5	1	0	0	5	14	11	3	20	30208	896	0	5	0	896
148	3604	0	1	5	1	0	0	5	14	11	3	20	30208	896	0	5	0	896
148	3608	0	1	5	1	0	0	5	14	11	3	20	30208	896	0	5	0	896
148	3617	0	1	5	1	0	0	5	14	11	3	20	30208	896	0	5	0	896
148	3618	0	1	5	1	0	0	5	14	11	3	20	30208	896	0	5	0	896
148	3620	0	1	5	1	0	0	5	14	11	3	20	30208	896	0	5	0	896
148	3624	0	1	5	1	0	0	5	14	11	3	20	30208	896	0	5	0	896
148	3632	0	1	5	1	0	0	5	12	75	4	20	30208	896	0	5	0	896
148	3649	0	1	5	1	0	0	5	14	11	3	20	30208	896	0	5	0	896
148	3650	0	1	5	1	0	0	5	14	11	3	20	30208	896	0	5	0	896
148	3652	0	1	5	1	0	0	5	14	11	3	20	30208	896	0	5	0	896
148	3656	0	1	5	1	0	0	5	14	11	3	20	30208	896	0	5	0	896
148	3664	0	1	5	1	0	0	5	12	75	4	20	30208	896	0	5	0	896
148	3680	0	1	5	1	0	0	5	12	75	4	20	30208	896	0	5	0	896
148	3713	0	1	5	1	0	0	6	13	30	4	21	30208	896	0	5	0	896
148	3714	0	1	5	1	0	0	6	13	30	4	21	30208	896	0	5	0	896
148	3716	0	1	5	1	0	0	6	13	30	4	21	30208	896	0	5	0	896
148	3720	0	1	5	1	0	0	6	13	30	4	21	30208	896	0	5	0	896
148	3728	0	1	5	1	0	0	6	11	94	5	21	30208	896	0	5	0	896
148	3744	0	1	5	1	0	0	6	11	94	5	21	30208	896	0	5	0	896
148	3776	0	1	5	1	0	0	6	11	94	5	21	30208	896	0	5	0	896
148	3841	0	1	5	1	0	0	6	13	30	4	21	30208	896	0	5	0	896
148	3842	0	1	5	1	0	0	6	13	30	4	21	30208	896	0	5	0	896
148	3844	0	1	5	1	0	0	6	13	30	4	21	30208	896	0	5	0	896
148	3848	0	1	5	1	0	0	6	13	30	4	21	30208	896	0	5	0	896
148	3856	0	1	5	1	0	0	6	11	94	5	21	30208	896	0	5	0	896
148	3872	0	1	5	1	0	0	6	11	94	5	21	30208	896	0	5	0	896
148	3904	0	1	5	1	0	0	6	11	94	5	21	30208	896	0	5	0	896
148	3968	0	1	5	1	0	0	8	10	222	6	22	30208	896	0	5	0	896
148	4111	2	1	3	1	0	0	1	11	75	4	19	31104	920	0	3	0	920
148	4119	2	1	3	1	0	0	1	13	11	3	19	31104	920	0	3	0	920
148	4123	2	1	3	1	0	0	1	13	11	3	19	31104	920	0	3	0	920
148	4125	2	1	3	1	0	0	1	13	11	3	19	31104	920	0	3	0	920
148	4126	2	1	3	1	0	0	1	13	11	3	19	31104	920	0	3	0	920
148	4135	2	1	3	1	0	0	1	13	11	3	19	31104	920	0	3	0	920
148	4139	2	1	3	1	0	0	1	13	11	3	19	31104	920	0	3	0	920
148	4141	2	1	3	1	0	0	1	13	11	3	19	31104	920	0	3	0	920
148	4142	2	1	3	1	0	0	1	13	11	3	19	31104	920	0	3	0	920
148	4147	2	1	3	1	0	0	1	15	3	2	19	31104	920	0	3	0	920
148	4149	2	1	3	1	0	0	1	15	3	2	19	31104	920	0	3	0	920
148	4150	2	1	3	1	0	0	1	15	3	2	19	31104	920	0	3	0	920
148	4153	2	1	3	1	0	0	1	15	3	2	19	31104	920	0	3	0	920
148	4154	2	1	3	1	0	0	1	15	3	2	19	31104	920	0	3	0	920
148	4156	2	1	3	1	0	0	1	15	3	2	19	31104	920	0	3	0	920
148	4167	2	1	3	1	0	0	1	13	11	3	19	31104	920	0	3	0	920
148	4171	2	1	3	1	0	0	1	13	11	3	19	31104	920	0	3	0	920
148	4173	2	1	3	1	0	0	1	13	11	3	19	31104	920	0	3	0	920
148	4174	2	1	3	1	0	0	1	13	11	3	19	31104	920	0	3	0	920
148	4179	2	1	3	1	0	0	1	15	3	2	19	31104	920	0	3	0	920
148	4181	2	1	3	1	0	0	1	15	3	2	19	31104	920	0	3	0	920
148	4182	2	1	3	1	0	0	1	15	3	2	19	31104	920	0	3	0	920
148	4185	2	1	3	1	0	0	1	15	3	2	19	31104	920	0	3	0	920
148	4186	2	1	3	1	0	0	1	15	3	2	19	31104	920	0	3	0	920
148	4188	2	1	3	1	0	0	1	15	3	2	19	31104	920	0	3	0	920
148	4195	2	1	3	1	0	0	1	15	3	2	19	31104	920	0	3	0	920
148	4197	2	1	3	1	0	0	1	15	3	2	19	31104	920	0	3	0	920
148	4198	2	1	3	1	0	0	1	15	3	2	19	31104	920	0	3	0	920
148	4201	2	1	3	1	0	0	1	15	3	2	19	31104	920	0	3	0	920
148	4202	2	1	3	1	0	0	1	15	3	2	19	31104	920	0	3	0	920
148	4204	2	1	3	1	0	0	1	15	3	2	19	31104	920	0	3	0	920
148	4209	2	2	3	1	0	0	2	17	1	1	19	30208	864	0	3	0	864,920
148	4210	2	2	3	1	0	0	2	17	1	1	19	30208	864	0	3	0	864,920
148	4212	2	2	3	1	0	0	2	17	1	1	19	30208	864	0	3	0	864,920
148	4216	2	2	3	1	0	0	2	17	1	1	19	30208	864	0	3	0	864,920
148	4231	1	1	4	1	0	0	2	12	75	4	20	30976	912	0	4	0	912
148	4235	1	1	4	1	0	0	2	12	75	4	20	30976	912	0	4	0	912
148	4237	1	1	4	1	0	0	2	12	75	4	20	30976	912	0	4	0	912
148	4238	1	1	4	1	0	0	2	12	75	4	20	30976	912	0	4	0	912
148	4243	1	1	4	1	0	0	2	14	11	3	20	30976	912	0	4	0	912
148	4245	1	1	4	1	0	0	2	14	11	3	20	30976	912	0	4	0	912
148	4246	1	1	4	1	0	0	2	14	11	3	20	30976	912	0	4	0	912
148	4249	1	1	4	1	0	0	2	14	11	3	20	30976	912	0	4	0	912
148	4250	1	1	4	1	0	0	2	14	11	3	20	30976	912	0	4	0	912
148	4252	1	1	4	1	0	0	2	14	11	3	20	30976	912	0	4	0	912
148	4259	1	1	4	1	0	0	2	14	11	3	20	30976	912	0	4	0	912
148	4261	1	1	4	1	0	0	2	14	11	3	20	30976	912	0	4	0	912
148	4262	1	1	4	1	0	0	2	14	11	3	20	30976	912	0	4	0	912
148	4265	1	1	4	1	0	0	2	14	11	3	20	30976	912	0	4	0	912
148	4266	1	1	4	1	0	0	2	14	11	3	20	30976	912	0	4	0	912
148	4268	1	1	4	1	0	0	2	14	11	3	20	30976	912	0	4	0	912
148	4273	1	1	4	1	0	0	2	16	3	2	20	30976	912	0	4	0	912
148	4274	1	1	4	1	0	0	2	16	3	2	20	30976	912	0	4	0	912
148	4276	1	1	4	1	0	0	2	16	3	2	20	30976	912	0	4	0	912
148	4280	1	1	4	1	0	0	2	16	3	2	20	30976	912	0	4	0	912
148	4291	1	1	4	1	0	0	2	14	11	3	20	30976	912	0	4	0	912
148	4293	1	1	4	1	0	0	2	14	11	3	20	30976	912	0	4	0	912
148	4294	1	1	4	1	0	0	2	14	11	3	20	30976	912	0	4	0	912
148	4297	1	1	4	1	0	0	2	14	11	3	20	30976	912	0	4	0	912
148	4298	1	1	4	1	0	0	2	14	11	3	20	30976	912	0	4	0	912
148	4300	1	1	4	1	0	0	2	14	11	3	20	30976	912	0	4	0	912
148	4305	1	1	4	1	0	0	2	16	3	2	20	30976	912	0	4	0	912
148	4306	1	1	4	1	0	0	2	16	3	2	20	30976	912	0	4	0	912
148	4308	1	1	4	1	0	0	2	16	3	2	20	30976	912	0	4	0	912
148	4312	1	1	4	1	0	0	2	16	3	2	20	30976	912	0	4	0	912
148	4321	1	1	4	1	0	0	2	16	3	2	20	30976	912	0	4	0	912
148	4322	1	1	4	1	0	0	2	16	3	2	20	30976	912	0	4	0	912
148	4324	1	1	4	1	0	0	2	16	3	2	20	30976	912	0	4	0	912
148	4328	1	1	4	1	0	0	2	16	3	2	20	30976	912	0	4	0	912
148	4336	1	1	4	1	0	0	2	18	1	1	20	30976	912	0	4	0	912
148	4359	1	1	4	1	0	0	2	12	75	4	20	30848	912	0	4	0	912
148	4363	1	1	4	1	0	0	2	12	75	4	20	30848	912	0	4	0	912
148	4365	1	1	4	1	0	0	2	12	75	4	20	30848	912	0	4	0	912
148	4366	1	1	4	1	0	0	2	12	75	4	20	30848	912	0	4	0	912
148	4371	1	1	4	1	0	0	2	14	11	3	20	30848	912	0	4	0	912
148	4373	1	1	4	1	0	0	2	14	11	3	20	30848	912	0	4	0	912
148	4374	1	1	4	1	0	0	2	14	11	3	20	30848	912	0	4	0	912
148	4377	1	1	4	1	0	0	2	14	11	3	20	30848	912	0	4	0	912
148	4378	1	1	4	1	0	0	2	14	11	3	20	30848	912	0	4	0	912
148	4380	1	1	4	1	0	0	2	14	11	3	20	30848	912	0	4	0	912
148	4387	1	1	4	1	0	0	2	14	11	3	20	30848	912	0	4	0	912
148	4389	1	1	4	1	0	0	2	14	11	3	20	30848	912	0	4	0	912
148	4390	1	1	4	1	0	0	2	14	11	3	20	30848	912	0	4	0	912
148	4393	1	1	4	1	0	0	2	14	11	3	20	30848	912	0	4	0	912
148	4394	1	1	4	1	0	0	2	14	11	3	20	30848	912	0	4	0	912
148	4396	1	1	4	1	0	0	2	14	11	3	20	30848	912	0	4	0	912
148	4401	1	1	4	1	0	0	2	16	3	2	20	30848	912	0	4	0	912
148	4402	1	1	4	1	0	0	2	16	3	2	20	30848	912	0	4	0	912
148	4404	1	1	4	1	0	0	2	16	3	2	20	30848	912	0	4	0	912
148	4408	1	1	4	1	0	0	2	16	3	2	20	30848	912	0	4	0	912
148	4419	1	1	4	1	0	0	2	14	11	3	20	30848	912	0	4	0	912
148	4421	1	1	4	1	0	0	2	14	11	3	20	30848	912	0	4	0	912
148	4422	1	1	4	1	0	0	2	14	11	3	20	30848	912	0	4	0	912
148	4425	1	1	4	1	0	0	2	14	11	3	20	30848	912	0	4	0	912
148	4426	1	1	4	1	0	0	2	14	11	3	20	30848	912	0	4	0	912
148	4428	1	1	4	1	0	0	2	14	11	3	20	30848	912	0	4	0	912
148	4433	1	1	4	1	0	0	2	16	3	2	20	30848	912	0	4	0	912
148	4434	1	1	4	1	0	0	2	16	3	2	20	30848	912	0	4	0	912
148	4436	1	1	4	1	0	0	2	16	3	2	20	30848	912	0	4	0	912
148	4440	1	1	4	1	0	0	2	16	3	2	20	30848	912	0	4	0	912
148	4449	1	1	4	1	0	0	2	16	3	2	20	30848	912	0	4	0	912
148	4450	1	1	4	1	0	0	2	16	3	2	20	30848	912	0	4	0	912
148	4452	1	1	4	1	0	0	2	16	3	2	20	30848	912	0	4	0	912
148	4456	1	1	4	1	0	0	2	16	3	2	20	30848	912	0	4	0	912
148	4464	1	1	4	1	0	0	2	18	1	1	20	30848	912	0	4	0	912
148	4483	0	1	5	1	0	0	4	13	75	4	21	30720	896	0	5	0	896
148	4485	0	1	5	1	0	0	4	13	75	4	21	30720	896	0	5	0	896
148	4486	0	1	5	1	0	0	4	13	75	4	21	30720	896	0	5	0	896
148	4489	0	1	5	1	0	0	4	13	75	4	21	30720	896	0	5	0	896
148	4490	0	1	5	1	0	0	4	13	75	4	21	30720	896	0	5	0	896
148	4492	0	1	5	1	0	0	4	13	75	4	21	30720	896	0	5	0	896
148	4497	0	1	5	1	0	0	4	15	11	3	21	30720	896	0	5	0	896
148	4498	0	1	5	1	0	0	4	15	11	3	21	30720	896	0	5	0	896
148	4500	0	1	5	1	0	0	4	15	11	3	21	30720	896	0	5	0	896
148	4504	0	1	5	1	0	0	4	15	11	3	21	30720	896	0	5	0	896
148	4513	0	1	5	1	0	0	4	15	11	3	21	30720	896	0	5	0	896
148	4514	0	1	5	1	0	0	4	15	11	3	21	30720	896	0	5	0	896
148	4516	0	1	5	1	0	0	4	15	11	3	21	30720	896	0	5	0	896
148	4520	0	1	5	1	0	0	4	15	11	3	21	30720	896	0	5	0	896
148	4528	0	1	5	1	0	0	4	17	3	2	21	30720	896	0	5	0	896
148	4545	0	1	5	1	0	0	4	15	11	3	21	30720	896	0	5	0	896
148	4546	0	1	5	1	0	0	4	15	11	3	21	30720	896	0	5	0	896
148	4548	0	1	5	1	0	0	4	15	11	3	21	30720	896	0	5	0	896
148	4552	0	1	5	1	0	0	4	15	11	3	21	30720	896	0	5	0	896
148	4560	0	1	5	1	0	0	4	17	3	2	21	30720	896	0	5	0	896
148	4576	0	1	5	1	0	0	4	17	3	2	21	30720	896	0	5	0	896
148	4615	2	5	3	1	0	0	7	14	11	3	20	30720	896	0	3	0	896,912,928,944,960
148	4619	2	5	3	1	0	0	7	14	11	3	20	30720	896	0	3	0	896,912,928,944,960
148	4621	2	5	3	1	0	0	7	14	11	3	20	30720	896	0	3	0	896,912,928,944,960
148	4622	2	5	3	1	0	0	7	14	11	3	20	30720	896	0	3	0	896,912,928,944,960
148	4627	2	5	3	1	0	0	7	16	3	2	20	30720	896	0	3	0	896,912,928,944,960
148	4629	2	5	3	1	0	0	7	16	3	2	20	30720	896	0	3	0	896,912,928,944,960
148	4630	2	5	3	1	0	0	7	16	3	2	20	30720	896	0	3	0	896,912,928,944,960
148	4633	2	5	3	1	0	0	7	16	3	2	20	30720	896	0	3	0	896,912,928,944,960
148	4634	2	5	3	1	0	0	7	16	3	2	20	30720	896	0	3	0	896,912,928,944,960
148	4636	2	5	3	1	0	0	7	16	3	2	20	30720	896	0	3	0	896,912,928,944,960
148	4643	2	5	3	1	0	0	7	16	3	2	20	30720	896	0	3	0	896,912,928,944,960
148	4645	2	5	3	1	0	0	7	16	3	2	20	30720	896	0	3	0	896,912,928,944,960
148	4646	2	5	3	1	0	0	7	16	3	2	20	30720	896	0	3	0	896,912,928,944,960
148	4649	2	5	3	1	0	0	7	16	3	2	20	30720	896	0	3	0	896,912,928,944,960
148	4650	2	5	3	1	0	0	7	16	3	2	20	30720	896	0	3	0	896,912,928,944,960
148	4652	2	5	3	1	0	0	7	16	3	2	20	30720	896	0	3	0	896,912,928,944,960
148	4657	2	6	3	1	0	0	8	18	1	1	20	30208	832	0	3	0	832,896,912,928,944,960
148	4658	2	6	3	1	0	0	8	18	1	1	20	30208	832	0	3	0	832,896,912,928,944,960
148	4660	2	6	3	1	0	0	8	18	1	1	20	30208	832	0	3	0	832,896,912,928,944,960
148	4664	2	6	3	1	0	0	8	18	1	1	20	30208	832	0	3	0	832,896,912,928,944,960
148	4675	2	5	3	1	0	0	7	16	3	2	20	30720	896	0	3	0	896,912,928,944,960
148	4677	2	5	3	1	0	0	7	16	3	2	20	30720	896	0	3	0	896,912,928,944,960
148	4678	2	5	3	1	0	0	7	16	3	2	20	30720	896	0	3	0	896,912,928,944,960
148	4681	2	5	3	1	0	0	7	16	3	2	20	30720	896	0	3	0	896,912,928,944,960
148	4682	2	5	3	1	0	0	7	16	3	2	20	30720	896	0	3	0	896,912,928,944,960
148	4684	2	5	3	1	0	0	7	16	3	2	20	30720	896	0	3	0	896,912,928,944,960
148	4689	2	6	3	1	0	0	8	18	1	1	20	30208	832	0	3	0	832,896,912,928,944,960
148	4690	2	6	3	1	0	0	8	18	1	1	20	30208	832	0	3	0	832,896,912,928,944,960
148	4692	2	6	3	1	0	0	8	18	1	1	20	30208	832	0	3	0	832,896,912,928,944,960
148	4696	2	6	3	1	0	0	8	18	1	1	20	30208	832	0	3	0	832,896,912,928,944,960
148	4705	2	6	3	1	0	0	8	18	1	1	20	30208	832	0	3	0	832,896,912,928,944,960
148	4706	2	6	3	1	0	0	8	18	1	1	20	30208	832	0	3	0	832,896,912,928,944,960
148	4708	2	6	3	1	0	0	8	18	1	1	20	30208	832	0	3	0	832,896,912,928,944,960
148	4712	2	6	3	1	0	0	8	18	1	1	20	30208	832	0	3	0	832,896,912,928,944,960
148	4720	1	1	4	1	0	0	1	20	0	0	20	30208	832	0	4	0	832
148	4739	1	2	4	1	0	0	5	13	77	4	21	30720	896	0	4	0	896,928
148	4741	1	2	4	1	0	0	5	13	77	4	21	30720	896	0	4	0	896,928
148	4742	1	2	4	1	0	0	5	13	77	4	21	30720	896	0	4	0	896,928
148	4745	1	2	4	1	0	0	5	13	77	4	21	30720	896	0	4	0	896,928
148	4746	1	2	4	1	0	0	5	13	77	4	21	30720	896	0	4	0	896,928
148	4748	1	2	4	1	0	0	5	13	77	4	21	30720	896	0	4	0	896,928
148	4753	1	2	4	1	0	0	5	15	13	3	21	30720	896	0	4	0	896,928
148	4754	1	2	4	1	0	0	5	15	13	3	21	30720	896	0	4	0	896,928
148	4756	1	2	4	1	0	0	5	15	13	3	21	30720	896	0	4	0	896,928
148	4760	1	2	4	1	0	0	5	15	13	3	21	30720	896	0	4	0	896,928
148	4769	1	2	4	1	0	0	5	15	13	3	21	30720	896	0	4	0	896,928
148	4770	1	2	4	1	0	0	5	15	13	3	21	30720	896	0	4	0	896,928
148	4772	1	2	4	1	0	0	5	15	13	3	21	30720	896	0	4	0	896,928
148	4776	1	2	4	1	0	0	5	15	13	3	21	30720	896	0	4	0	896,928
148	4784	1	2	4	1	0	0	5	17	3	2	21	30720	896	0	4	0	896,928
148	4801	1	2	4	1	0	0	5	15	13	3	21	30720	896	0	4	0	896,928
148	4802	1	2	4	1	0	0	5	15	13	3	21	30720	896	0	4	0	896,928
148	4804	1	2	4	1	0	0	5	15	13	3	21	30720	896	0	4	0	896,928
148	4808	1	2	4	1	0	0	5	15	13	3	21	30720	896	0	4	0	896,928
148	4816	1	2	4	1	0	0	5	17	3	2	21	30720	896	0	4	0	896,928
148	4832	1	2	4	1	0	0	5	17	3	2	21	30720	896	0	4	0	896,928
148	4867	1	2	4	1	0	0	5	13	77	4	21	30720	896	0	4	0	896,928
148	4869	1	2	4	1	0	0	5	13	77	4	21	30720	896	0	4	0	896,928
148	4870	1	2	4	1	0	0	5	13	77	4	21	30720	896	0	4	0	896,928
148	4873	1	2	4	1	0	0	5	13	77	4	21	30720	896	0	4	0	896,928
148	4874	1	2	4	1	0	0	5	13	77	4	21	30720	896	0	4	0	896,928
148	4876	1	2	4	1	0	0	5	13	77	4	21	30720	896	0	4	0	896,928
148	4881	1	2	4	1	0	0	5	15	13	3	21	30720	896	0	4	0	896,928
148	4882	1	2	4	1	0	0	5	15	13	3	21	30720	896	0	4	0	896,928
148	4884	1	2	4	1	0	0	5	15	13	3	21	30720	896	0	4	0	896,928
148	4888	1	2	4	1	0	0	5	15	13	3	21	30720	896	0	4	0	896,928
148	4897	1	2	4	1	0	0	5	15	13	3	21	30720	896	0	4	0	896,928
148	4898	1	2	4	1	0	0	5	15	13	3	21	30720	896	0	4	0	896,928
148	4900	1	2	4	1	0	0	5	15	13	3	21	30720	896	0	4	0	896,928
148	4904	1	2	4	1	0	0	5	15	13	3	21	30720	896	0	4	0	896,928
148	4912	1	2	4	1	0	0	5	17	3	2	21	30720	896	0	4	0	896,928
148	4929	1	2	4	1	0	0	5	15	13	3	21	30720	896	0	4	0	896,928
148	4930	1	2	4	1	0	0	5	15	13	3	21	30720	896	0	4	0	896,928
148	4932	1	2	4	1	0	0	5	15	13	3	21	30720	896	0	4	0	896,928
148	4936	1	2	4	1	0	0	5	15	13	3	21	30720	896	0	4	0	896,928
148	4944	1	2	4	1	0	0	5	17	3	2	21	30720	896	0	4	0	896,928
148	4960	1	2	4	1	0	0	5	17	3	2	21	30720	896	0	4	0	896,928
148	4993	0	1	5	1	0	0	5	12	94	5	22	30720	896	0	5	0	896
148	4994	0	1	5	1	0	0	5	12	94	5	22	30720	896	0	5	0	896
148	4996	0	1	5	1	0	0	5	12	94	5	22	30720	896	0	5	0	896
148	5000	0	1	5	1	0	0	5	12	94	5	22	30720	896	0	5	0	896
148	5008	0	1	5	1	0	0	5	14	30	4	22	30720	896	0	5	0	896
148	5024	0	1	5	1	0	0	5	14	30	4	22	30720	896	0	5	0	896
148	5056	0	1	5	1	0	0	5	14	30	4	22	30720	896	0	5	0	896
148	5127	2	5	3	1	0	0	7	14	11	3	20	30720	896	0	3	0	896,912,928,944,960
148	5131	2	5	3	1	0	0	7	14	11	3	20	30720	896	0	3	0	896,912,928,944,960
148	5133	2	5	3	1	0	0	7	14	11	3	20	30720	896	0	3	0	896,912,928,944,960
148	5134	2	5	3	1	0	0	7	14	11	3	20	30720	896	0	3	0	896,912,928,944,960
148	5139	2	5	3	1	0	0	7	16	3	2	20	30720	896	0	3	0	896,912,928,944,960
148	5141	2	5	3	1	0	0	7	16	3	2	20	30720	896	0	3	0	896,912,928,944,960
148	5142	2	5	3	1	0	0	7	16	3	2	20	30720	896	0	3	0	896,912,928,944,960
148	5145	2	5	3	1	0	0	7	16	3	2	20	30720	896	0	3	0	896,912,928,944,960
148	5146	2	5	3	1	0	0	7	16	3	2	20	30720	896	0	3	0	896,912,928,944,960
148	5148	2	5	3	1	0	0	7	16	3	2	20	30720	896	0	3	0	896,912,928,944,960
148	5155	2	5	3	1	0	0	7	16	3	2	20	30720	896	0	3	0	896,912,928,944,960
148	5157	2	5	3	1	0	0	7	16	3	2	20	30720	896	0	3	0	896,912,928,944,960
148	5158	2	5	3	1	0	0	7	16	3	2	20	30720	896	0	3	0	896,912,928,944,960
148	5161	2	5	3	1	0	0	7	16	3	2	20	30720	896	0	3	0	896,912,928,944,960
148	5162	2	5	3	1	0	0	7	16	3	2	20	30720	896	0	3	0	896,912,928,944,960
148	5164	2	5	3	1	0	0	7	16	3	2	20	30720	896	0	3	0	896,912,928,944,960
148	5169	2	6	3	1	0	0	8	18	1	1	20	30208	832	0	3	0	832,896,912,928,944,960
148	5170	2	6	3	1	0	0	8	18	1	1	20	30208	832	0	3	0	832,896,912,928,944,960
148	5172	2	6	3	1	0	0	8	18	1	1	20	30208	832	0	3	0	832,896,912,928,944,960
148	5176	2	6	3	1	0	0	8	18	1	1	20	30208	832	0	3	0	832,896,912,928,944,960
148	5187	2	5	3	1	0	0	7	16	3	2	20	30720	896	0	3	0	896,912,928,944,960
148	5189	2	5	3	1	0	0	7	16	3	2	20	30720	896	0	3	0	896,912,928,944,960
148	5190	2	5	3	1	0	0	7	16	3	2	20	30720	896	0	3	0	896,912,928,944,960
148	5193	2	5	3	1	0	0	7	16	3	2	20	30720	896	0	3	0	896,912,928,944,960
148	5194	2	5	3	1	0	0	7	16	3	2	20	30720	896	0	3	0	896,912,928,944,960
148	5196	2	5	3	1	0	0	7	16	3	2	20	30720	896	0	3	0	896,912,928,944,960
148	5201	2	6	3	1	0	0	8	18	1	1	20	30208	832	0	3	0	832,896,912,928,944,960
148	5202	2	6	3	1	0	0	8	18	1	1	20	30208	832	0	3	0	832,896,912,928,944,960
148	5204	2	6	3	1	0	0	8	18	1	1	20	30208	832	0	3	0	832,896,912,928,944,960
148	5208	2	6	3	1	0	0	8	18	1	1	20	30208	832	0	3	0	832,896,912,928,944,960
148	5217	2	6	3	1	0	0	8	18	1	1	20	30208	832	0	3	0	832,896,912,928,944,960
148	5218	2	6	3	1	0	0	8	18	1	1	20	30208	832	0	3	0	832,896,912,928,944,960
148	5220	2	6	3	1	0	0	8	18	1	1	20	30208	832	0	3	0	832,896,912,928,944,960
148	5224	2	6	3	1	0	0	8	18	1	1	20	30208	832	0	3	0	832,896,912,928,944,960
148	5232	1	1	4	1	0	0	1	20	0	0	20	30208	832	0	4	0	832
148	5251	1	2	4	1	0	0	5	13	77	4	21	30720	896	0	4	0	896,928
148	5253	1	2	4	1	0	0	5	13	77	4	21	30720	896	0	4	0	896,928
148	5254	1	2	4	1	0	0	5	13	77	4	21	30720	896	0	4	0	896,928
148	5257	1	2	4	1	0	0	5	13	77	4	21	30720	896	0	4	0	896,928
148	5258	1	2	4	1	0	0	5	13	77	4	21	30720	896	0	4	0	896,928
148	5260	1	2	4	1	0	0	5	13	77	4	21	30720	896	0	4	0	896,928
148	5265	1	2	4	1	0	0	5	15	13	3	21	30720	896	0	4	0	896,928
148	5266	1	2	4	1	0	0	5	15	13	3	21	30720	896	0	4	0	896,928
148	5268	1	2	4	1	0	0	5	15	13	3	21	30720	896	0	4	0	896,928
148	5272	1	2	4	1	0	0	5	15	13	3	21	30720	896	0	4	0	896,928
148	5281	1	2	4	1	0	0	5	15	13	3	21	30720	896	0	4	0	896,928
148	5282	1	2	4	1	0	0	5	15	13	3	21	30720	896	0	4	0	896,928
148	5284	1	2	4	1	0	0	5	15	13	3	21	30720	896	0	4	0	896,928
148	5288	1	2	4	1	0	0	5	15	13	3	21	30720	896	0	4	0	896,928
148	5296	1	2	4	1	0	0	5	17	3	2	21	30720	896	0	4	0	896,928
148	5313	1	2	4	1	0	0	5	15	13	3	21	30720	896	0	4	0	896,928
148	5314	1	2	4	1	0	0	5	15	13	3	21	30720	896	0	4	0	896,928
148	5316	1	2	4	1	0	0	5	15	13	3	21	30720	896	0	4	0	896,928
148	5320	1	2	4	1	0	0	5	15	13	3	21	30720	896	0	4	0	896,928
148	5328	1	2	4	1	0	0	5	17	3	2	21	30720	896	0	4	0	896,928
148	5344	1	2	4	1	0	0	5	17	3	2	21	30720	896	0	4	0	896,928
148	5379	1	2	4	1	0	0	5	13	77	4	21	30720	896	0	4	0	896,928
148	5381	1	2	4	1	0	0	5	13	77	4	21	30720	896	0	4	0	896,928
148	5382	1	2	4	1	0	0	5	13	77	4	21	30720	896	0	4	0	896,928
148	5385	1	2	4	1	0	0	5	13	77	4	21	30720	896	0	4	0	896,928
148	5386	1	2	4	1	0	0	5	13	77	4	21	30720	896	0	4	0	896,928
148	5388	1	2	4	1	0	0	5	13	77	4	21	30720	896	0	4	0	896,928
148	5393	1	2	4	1	0	0	5	15	13	3	21	30720	896	0	4	0	896,928
148	5394	1	2	4	1	0	0	5	15	13	3	21	30720	896	0	4	0	896,928
148	5396	1	2	4	1	0	0	5	15	13	3	21	30720	896	0	4	0	896,928
148	5400	1	2	4	1	0	0	5	15	13	3	21	30720	896	0	4	0	896,928
148	5409	1	2	4	1	0	0	5	15	13	3	21	30720	896	0	4	0	896,928
148	5410	1	2	4	1	0	0	5	15	13	3	21	30720	896	0	4	0	896,928
148	5412	1	2	4	1	0	0	5	15	13	3	21	30720	896	0	4	0	896,928
148	5416	1	2	4	1	0	0	5	15	13	3	21	30720	896	0	4	0	896,928
148	5424	1	2	4	1	0	0	5	17	3	2	21	30720	896	0	4	0	896,928
148	5441	1	2	4	1	0	0	5	15	13	3	21	30720	896	0	4	0	896,928
148	5442	1	2	4	1	0	0	5	15	13	3	21	30720	896	0	4	0	896,928
148	5444	1	2	4	1	0	0	5	15	13	3	21	30720	896	0	4	0	896,928
148	5448	1	2	4	1	0	0	5	15	13	3	21	30720	896	0	4	0	896,928
148	5456	1	2	4	1	0	0	5	17	3	2	21	30720	896	0	4	0	896,928
148	5472	1	2	4	1	0	0	5	17	3	2	21	30720	896	0	4	0	896,928
148	5505	0	1	5	1	0	0	5	12	94	5	22	30720	896	0	5	0	896
148	5506	0	1	5	1	0	0	5	12	94	5	22	30720	896	0	5	0	896
148	5508	0	1	5	1	0	0	5	12	94	5	22	30720	896	0	5	0	896
148	5512	0	1	5	1	0	0	5	12	94	5	22	30720	896	0	5	0	896
148	5520	0	1	5	1	0	0	5	14	30	4	22	30720	896	0	5	0	896
148	5536	0	1	5	1	0	0	5	14	30	4	22	30720	896	0	5	0	896
148	5568	0	1	5	1	0	0	5	14	30	4	22	30720	896	0	5	0	896
148	5635	0	1	5	1	0	0	4	17	3	2	21	30720	896	0	5	0	896
148	5637	0	1	5	1	0	0	4	17	3	2	21	30720	896	0	5	0	896
148	5638	0	1	5	1	0	0	4	17	3	2	21	30720	896	0	5	0	896
148	5641	0	1	5	1	0	0	4	17	3	2	21	30720	896	0	5	0	896
148	5642	0	1	5	1	0	0	4	17	3	2	21	30720	896	0	5	0	896
148	5644	0	1	5	1	0	0	4	17	3	2	21	30720	896	0	5	0	896
148	5649	0	1	5	1	0	0	4	19	1	1	21	30720	896	0	5	0	896
148	5650	0	1	5	1	0	0	4	19	1	1	21	30720	896	0	5	0	896
148	5652	0	1	5	1	0	0	4	19	1	1	21	30720	896	0	5	0	896
148	5656	0	1	5	1	0	0	4	19	1	1	21	30720	896	0	5	0	896
148	5665	0	1	5	1	0	0	4	19	1	1	21	30720	896	0	5	0	896
148	5666	0	1	5	1	0	0	4	19	1	1	21	30720	896	0	5	0	896
148	5668	0	1	5	1	0	0	4	19	1	1	21	30720	896	0	5	0	896
148	5672	0	1	5	1	0	0	4	19	1	1	21	30720	896	0	5	0	896
148	5680	0	1	5	1	0	0	4	21	0	0	21	30720	896	0	5	0	896
148	5697	0	1	5	1	0	0	4	19	1	1	21	30720	896	0	5	0	896
148	5698	0	1	5	1	0	0	4	19	1	1	21	30720	896	0	5	0	896
148	5700	0	1	5	1	0	0	4	19	1	1	21	30720	896	0	5	0	896
148	5704	0	1	5	1	0	0	4	19	1	1	21	30720	896	0	5	0	896
148	5712	0	1	5	1	0	0	4	21	0	0	21	30720	896	0	5	0	896
148	5728	0	1	5	1	0	0	4	21	0	0	21	30720	896	0	5	0	896
148	5761	0	1	5	1	0	0	5	14	77	4	22	30720	896	0	5	0	896
148	5762	0	1	5	1	0	0	5	14	77	4	22	30720	896	0	5	0	896
148	5764	0	1	5	1	0	0	5	14	77	4	22	30720	896	0	5	0	896
148	5768	0	1	5	1	0	0	5	14	77	4	22	30720	896	0	5	0	896
148	5776	0	1	5	1	0	0	5	16	11	3	22	30720	896	0	5	0	896
148	5792	0	1	5	1	0	0	5	16	11	3	22	30720	896	0	5	0	896
148	5824	0	1	5	1	0	0	5	16	11	3	22	30720	896	0	5	0	896
148	5889	0	1	5	1	0	0	5	14	77	4	22	30720	896	0	5	0	896
148	5890	0	1	5	1	0	0	5	14	77	4	22	30720	896	0	5	0	896
148	5892	0	1	5	1	0	0	5	14	77	4	22	30720	896	0	5	0	896
148	5896	0	1	5	1	0	0	5	14	77	4	22	30720	896	0	5	0	896
148	5904	0	1	5	1	0	0	5	16	11	3	22	30720	896	0	5	0	896
148	5920	0	1	5	1	0	0	5	16	11	3	22	30720	896	0	5	0	896
148	5952	0	1	5	1	0	0	5	16	11	3	22	30720	896	0	5	0	896
148	6016	0	1	5	1	0	0	7	11	222	6	23	30720	896	0	5	0	896
148	6151	2	2	3	1	0	0	3	14	75	4	22	30208	960	0	3	0	816,960
148	6155	2	2	3	1	0	0	3	14	75	4	22	30208	960	0	3	0	816,960
148	6157	2	2	3	1	0	0	3	14	75	4	22	30208	960	0	3	0	816,960
148	6158	2	2	3	1	0	0	3	14	75	4	22	30208	960	0	3	0	816,960
148	6163	2	2	3	1	0	0	3	14	77	4	22	30208	960	0	3	0	816,960
148	6165	2	2	3	1	0	0	3	14	77	4	22	30208	960	0	3	0	816,960
148	6166	2	2	3	1	0	0	3	14	77	4	22	30208	960	0	3	0	816,960
148	6169	2	2	3	1	0	0	3	14	77	4	22	30208	960	0	3	0	816,960
148	6170	2	2	3	1	0	0	3	14	77	4	22	30208	960	0	3	0	816,960
148	6172	2	2	3	1	0	0	3	14	77	4	22	30208	960	0	3	0	816,960
148	6179	2	2	3	1	0	0	3	14	77	4	22	30208	960	0	3	0	816,960
148	6181	2	2	3	1	0	0	3	14	77	4	22	30208	960	0	3	0	816,960
148	6182	2	2	3	1	0	0	3	14	77	4	22	30208	960	0	3	0	816,960
148	6185	2	2	3	1	0	0	3	14	77	4	22	30208	960	0	3	0	816,960
148	6186	2	2	3	1	0	0	3	14	77	4	22	30208	960	0	3	0	816,960
148	6188	2	2	3	1	0	0	3	14	77	4	22	30208	960	0	3	0	816,960
148	6193	2	2	3	1	0	0	3	14	77	4	22	30208	960	0	3	0	816,960
148	6194	2	2	3	1	0	0	3	14	77	4	22	30208	960	0	3	0	816,960
148	6196	2	2	3	1	0	0	3	14	77	4	22	30208	960	0	3	0	816,960
148	6200	2	2	3	1	0	0	3	14	77	4	22	30208	960	0	3	0	816,960
148	6211	2	2	3	1	0	0	3	14	77	4	22	30208	960	0	3	0	816,960
148	6213	2	2	3	1	0	0	3	14	77	4	22	30208	960	0	3	0	816,960
148	6214	2	2	3	1	0	0	3	14	77	4	22	30208	960	0	3	0	816,960
148	6217	2	2	3	1	0	0	3	14	77	4	22	30208	960	0	3	0	816,960
148	6218	2	2	3	1	0	0	3	14	77	4	22	30208	960	0	3	0	816,960
148	6220	2	2	3	1	0	0	3	14	77	4	22	30208	960	0	3	0	816,960
148	6225	2	2	3	1	0	0	3	14	77	4	22	30208	960	0	3	0	816,960
148	6226	2	2	3	1	0	0	3	14	77	4	22	30208	960	0	3	0	816,960
148	6228	2	2	3	1	0	0	3	14	77	4	22	30208	960	0	3	0	816,960
148	6232	2	2	3	1	0	0	3	14	77	4	22	30208	960	0	3	0	816,960
148	6241	2	2	3	1	0	0	3	14	77	4	22	30208	960	0	3	0	816,960
148	6242	2	2	3	1	0	0	3	14	77	4	22	30208	960	0	3	0	816,960
148	6244	2	2	3	1	0	0	3	14	77	4	22	30208	960	0	3	0	816,960
148	6248	2	2	3	1	0	0	3	14	77	4	22	30208	960	0	3	0	816,960
148	6256	2	2	3	1	0	0	3	14	75	4	22	30208	960	0	3	0	816,960
148	6275	1	1	4	1	0	0	2	15	75	4	23	30976	800	0	4	0	800
148	6277	1	1	4	1	0	0	2	15	75	4	23	30976	800	0	4	0	800
148	6278	1	1	4	1	0	0	2	15	75	4	23	30976	800	0	4	0	800
148	6281	1	1	4	1	0	0	2	15	75	4	23	30976	800	0	4	0	800
148	6282	1	1	4	1	0	0	2	15	75	4	23	30976	800	0	4	0	800
148	6284	1	1	4	1	0	0	2	15	75	4	23	30976	800	0	4	0	800
148	6289	1	1	4	1	0	0	2	15	77	4	23	30976	800	0	4	0	800
148	6290	1	1	4	1	0	0	2	15	77	4	23	30976	800	0	4	0	800
148	6292	1	1	4	1	0	0	2	15	77	4	23	30976	800	0	4	0	800
148	6296	1	1	4	1	0	0	2	15	77	4	23	30976	800	0	4	0	800
148	6305	1	1	4	1	0	0	2	15	77	4	23	30976	800	0	4	0	800
148	6306	1	1	4	1	0	0	2	15	77	4	23	30976	800	0	4	0	800
148	6308	1	1	4	1	0	0	2	15	77	4	23	30976	800	0	4	0	800
148	6312	1	1	4	1	0	0	2	15	77	4	23	30976	800	0	4	0	800
148	6320	1	1	4	1	0	0	2	15	77	4	23	30976	800	0	4	0	800
148	6337	1	1	4	1	0	0	2	15	77	4	23	30976	800	0	4	0	800
148	6338	1	1	4	1	0	0	2	15	77	4	23	30976	800	0	4	0	800
148	6340	1	1	4	1	0	0	2	15	77	4	23	30976	800	0	4	0	800
148	6344	1	1	4	1	0	0	2	15	77	4	23	30976	800	0	4	0	800
148	6352	1	1	4	1	0	0	2	15	77	4	23	30976	800	0	4	0	800
148	6368	1	1	4	1	0	0	2	15	77	4	23	30976	800	0	4	0	800
148	6403	1	1	4	1	0	0	2	15	75	4	23	30848	800	0	4	0	800
148	6405	1	1	4	1	0	0	2	15	75	4	23	30848	800	0	4	0	800
148	6406	1	1	4	1	0	0	2	15	75	4	23	30848	800	0	4	0	800
148	6409	1	1	4	1	0	0	2	15	75	4	23	30848	800	0	4	0	800
148	6410	1	1	4	1	0	0	2	15	75	4	23	30848	800	0	4	0	800
148	6412	1	1	4	1	0	0	2	15	75	4	23	30848	800	0	4	0	800
148	6417	1	1	4	1	0	0	2	15	77	4	23	30848	800	0	4	0	800
148	6418	1	1	4	1	0	0	2	15	77	4	23	30848	800	0	4	0	800
148	6420	1	1	4	1	0	0	2	15	77	4	23	30848	800	0	4	0	800
148	6424	1	1	4	1	0	0	2	15	77	4	23	30848	800	0	4	0	800
148	6433	1	1	4	1	0	0	2	15	77	4	23	30848	800	0	4	0	800
148	6434	1	1	4	1	0	0	2	15	77	4	23	30848	800	0	4	0	800
148	6436	1	1	4	1	0	0	2	15	77	4	23	30848	800	0	4	0	800
148	6440	1	1	4	1	0	0	2	15	77	4	23	30848	800	0	4	0	800
148	6448	1	1	4	1	0	0	2	15	77	4	23	30848	800	0	4	0	800
148	6465	1	1	4	1	0	0	2	15	77	4	23	30848	800	0	4	0	800
148	6466	1	1	4	1	0	0	2	15	77	4	23	30848	800	0	4	0	800
148	6468	1	1	4	1	0	0	2	15	77	4	23	30848	800	0	4	0	800
148	6472	1	1	4	1	0	0	2	15	77	4	23	30848	800	0	4	0	800
148	6480	1	1	4	1	0	0	2	15	77	4	23	30848	800	0	4	0	800
148	6496	1	1	4	1	0	0	2	15	77	4	23	30848	800	0	4	0	800
148	6529	0	1	5	1	0	0	4	16	75	4	24	30720	768	0	5	0	768
148	6530	0	1	5	1	0	0	4	16	75	4	24	30720	768	0	5	0	768
148	6532	0	1	5	1	0	0	4	16	75	4	24	30720	768	0	5	0	768
148	6536	0	1	5	1	0	0	4	16	75	4	24	30720	768	0	5	0	768
148	6544	0	1	5	1	0	0	4	16	77	4	24	30720	768	0	5	0	768
148	6560	0	1	5	1	0	0	4	16	77	4	24	30720	768	0	5	0	768
148	6592	0	1	5	1	0	0	4	16	77	4	24	30720	768	0	5	0	768
148	6659	1	1	4	1	0	0	3	15	77	4	23	30208	896	0	4	0	896
148	6661	1	1	4	1	0	0	3	15	77	4	23	30208	896	0	4	0	896
148	6662	1	1	4	1	0	0	3	15	77	4	23	30208	896	0	4	0	896
148	6665	1	1	4	1	0	0	3	15	77	4	23	30208	896	0	4	0	896
148	6666	1	1	4	1	0	0	3	15	77	4	23	30208	896	0	4	0	896
148	6668	1	1	4	1	0	0	3	15	77	4	23	30208	896	0	4	0	896
148	6673	1	1	4	1	0	0	3	15	77	4	23	30208	896	0	4	0	896
148	6674	1	1	4	1	0	0	3	15	77	4	23	30208	896	0	4	0	896
148	6676	1	1	4	1	0	0	3	15	77	4	23	30208	896	0	4	0	896
148	6680	1	1	4	1	0	0	3	15	77	4	23	30208	896	0	4	0	896
148	6689	1	1	4	1	0	0	3	15	77	4	23	30208	896	0	4	0	896
148	6690	1	1	4	1	0	0	3	15	77	4	23	30208	896	0	4	0	896
148	6692	1	1	4	1	0	0	3	15	77	4	23	30208	896	0	4	0	896
148	6696	1	1	4	1	0	0	3	15	77	4	23	30208	896	0	4	0	896
148	6704	1	1	4	1	0	0	3	15	75	4	23	30208	896	0	4	0	896
148	6721	1	1	4	1	0	0	3	15	77	4	23	30208	896	0	4	0	896
148	6722	1	1	4	1	0	0	3	15	77	4	23	30208	896	0	4	0	896
148	6724	1	1	4	1	0	0	3	15	77	4	23	30208	896	0	4	0	896
148	6728	1	1	4	1	0	0	3	15	77	4	23	30208	896	0	4	0	896
148	6736	1	1	4	1	0	0	3	15	75	4	23	30208	896	0	4	0	896
148	6752	1	1	4	1	0	0	3	15	75	4	23	30208	896	0	4	0	896
148	6785	1	3	4	1	0	0	8	14	94	5	24	30208	896	0	4	0	768,832,896
148	6786	1	3	4	1	0	0	8	14	94	5	24	30208	896	0	4	0	768,832,896
148	6788	1	3	4	1	0	0	8	14	94	5	24	30208	896	0	4	0	768,832,896
148	6792	1	3	4	1	0	0	8	14	94	5	24	30208	896	0	4	0	768,832,896
148	6800	1	3	4	1	0	0	8	14	94	5	24	30208	896	0	4	0	768,832,896
148	6816	1	3	4	1	0	0	8	14	94	5	24	30208	896	0	4	0	768,832,896
148	6848	1	3	4	1	0	0	8	14	94	5	24	30208	896	0	4	0	768,832,896
148	6913	1	3	4	1	0	0	8	14	94	5	24	30208	896	0	4	0	768,832,896
148	6914	1	3	4	1	0	0	8	14	94	5	24	30208	896	0	4	0	768,832,896
148	6916	1	3	4	1	0	0	8	14	94	5	24	30208	896	0	4	0	768,832,896
148	6920	1	3	4	1	0	0	8	14	94	5	24	30208	896	0	4	0	768,832,896
148	6928	1	3	4	1	0	0	8	14	94	5	24	30208	896	0	4	0	768,832,896
148	6944	1	3	4	1	0	0	8	14	94	5	24	30208	896	0	4	0	768,832,896
148	6976	1	3	4	1	0	0	8	14	94	5	24	30208	896	0	4	0	768,832,896
148	7040	0	1	5	1	0	0	5	13	222	6	25	30720	768	0	5	0	768
148	7171	1	1	4	1	0	0	3	15	77	4	23	30208	896	0	4	0	896
148	7173	1	1	4	1	0	0	3	15	77	4	23	30208	896	0	4	0	896
148	7174	1	1	4	1	0	0	3	15	77	4	23	30208	896	0	4	0	896
148	7177	1	1	4	1	0	0	3	15	77	4	23	30208	896	0	4	0	896
148	7178	1	1	4	1	0	0	3	15	77	4	23	30208	896	0	4	0	896
148	7180	1	1	4	1	0	0	3	15	77	4	23	30208	896	0	4	0	896
148	7185	1	1	4	1	0	0	3	15	77	4	23	30208	896	0	4	0	896
148	7186	1	1	4	1	0	0	3	15	77	4	23	30208	896	0	4	0	896
148	7188	1	1	4	1	0	0	3	15	77	4	23	30208	896	0	4	0	896
148	7192	1	1	4	1	0	0	3	15	77	4	23	30208	896	0	4	0	896
148	7201	1	1	4	1	0	0	3	15	77	4	23	30208	896	0	4	0	896
148	7202	1	1	4	1	0	0	3	15	77	4	23	30208	896	0	4	0	896
148	7204	1	1	4	1	0	0	3	15	77	4	23	30208	896	0	4	0	896
148	7208	1	1	4	1	0	0	3	15	77	4	23	30208	896	0	4	0	896
148	7216	1	1	4	1	0	0	3	15	75	4	23	30208	896	0	4	0	896
148	7233	1	1	4	1	0	0	3	15	77	4	23	30208	896	0	4	0	896
148	7234	1	1	4	1	0	0	3	15	77	4	23	30208	896	0	4	0	896
148	7236	1	1	4	1	0	0	3	15	77	4	23	30208	896	0	4	0	896
148	7240	1	1	4	1	0	0	3	15	77	4	23	30208	896	0	4	0	896
148	7248	1	1	4	1	0	0	3	15	75	4	23	30208	896	0	4	0	896
148	7264	1	1	4	1	0	0	3	15	75	4	23	30208	896	0	4	0	896
148	7297	1	3	4	1	0	0	8	14	94	5	24	30208	896	0	4	0	768,832,896
148	7298	1	3	4	1	0	0	8	14	94	5	24	30208	896	0	4	0	768,832,896
148	7300	1	3	4	1	0	0	8	14	94	5	24	30208	896	0	4	0	768,832,896
148	7304	1	3	4	1	0	0	8	14	94	5	24	30208	896	0	4	0	768,832,896
148	7312	1	3	4	1	0	0	8	14	94	5	24	30208	896	0	4	0	768,832,896
148	7328	1	3	4	1	0	0	8	14	94	5	24	30208	896	0	4	0	768,832,896
148	7360	1	3	4	1	0	0	8	14	94	5	24	30208	896	0	4	0	768,832,896
148	7425	1	3	4	1	0	0	8	14	94	5	24	30208	896	0	4	0	768,832,896
148	7426	1	3	4	1	0	0	8	14	94	5	24	30208	896	0	4	0	768,832,896
148	7428	1	3	4	1	0	0	8	14	94	5	24	30208	896	0	4	0	768,832,896
148	7432	1	3	4	1	0	0	8	14	94	5	24	30208	896	0	4	0	768,832,896
148	7440	1	3	4	1	0	0	8	14	94	5	24	30208	896	0	4	0	768,832,896
148	7456	1	3	4	1	0	0	8	14	94	5	24	30208	896	0	4	0	768,832,896
148	7488	1	3	4	1	0	0	8	14	94	5	24	30208	896	0	4	0	768,832,896
148	7552	0	1	5	1	0	0	5	13	222	6	25	30720	768	0	5	0	768
148	7681	0	1	5	1	0	0	5	16	77	4	24	30208	768	0	5	0	768
148	7682	0	1	5	1	0	0	5	16	77	4	24	30208	768	0	5	0	768
148	7684	0	1	5	1	0	0	5	16	77	4	24	30208	768	0	5	0	768
148	7688	0	1	5	1	0	0	5	16	77	4	24	30208	768	0	5	0	768
148	7696	0	1	5	1	0	0	5	16	75	4	24	30208	768	0	5	0	768
148	7712	0	1	5	1	0	0	5	16	75	4	24	30208	768	0	5	0	768
148	7744	0	1	5	1	0	0	5	16	75	4	24	30208	768	0	5	0	768
148	7808	0	1	5	1	0	0	6	13	222	6	25	30208	768	0	5	0	768
148	7936	0	1	5	1	0	0	6	13	222	6	25	30208	768	0	5	0	768
148	8207	2	1	3	1	1	1	0	13	75	4	21	31104	664	4096	0	3	664
148	8215	2	4	3	1	0	0	1	13	75	4	21	30208	864	0	3	0	864,866,868,870
148	8219	2	4	3	1	0	0	1	13	75	4	21	30208	864	0	3	0	864,866,868,870
148	8221	2	4	3	1	0	0	1	13	75	4	21	30208	864	0	3	0	864,866,868,870
148	8222	2	4	3	1	0	0	1	13	75	4	21	30208	864	0	3	0	864,866,868,870
148	8231	2	4	3	1	0	0	1	13	75	4	21	30208	864	0	3	0	864,866,868,870
148	8235	2	4	3	1	0	0	1	13	75	4	21	30208	864	0	3	0	864,866,868,870
148	8237	2	4	3	1	0	0	1	13	75	4	21	30208	864	0	3	0	864,866,868,870
148	8238	2	4	3	1	0	0	1	13	75	4	21	30208	864	0	3	0	864,866,868,870
148	8243	1	2	4	1	0	0	1	13	75	4	21	30208	864	0	4	0	864,868
148	8245	1	2	4	1	0	0	1	13	75	4	21	30208	864	0	4	0	864,868
148	8246	1	2	4	1	0	0	1	13	75	4	21	30208	864	0	4	0	864,868
148	8249	1	2	4	1	0	0	1	13	75	4	21	30208	864	0	4	0	864,868
148	8250	1	2	4	1	0	0	1	13	75	4	21	30208	864	0	4	0	864,868
148	8252	1	2	4	1	0	0	1	13	75	4	21	30208	864	0	4	0	864,868
148	8263	2	4	3	1	0	0	1	13	75	4	21	30208	864	0	3	0	864,866,868,870
148	8267	2	4	3	1	0	0	1	13	75	4	21	30208	864	0	3	0	864,866,868,870
148	8269	2	4	3	1	0	0	1	13	75	4	21	30208	864	0	3	0	864,866,868,870
148	8270	2	4	3	1	0	0	1	13	75	4	21	30208	864	0	3	0	864,866,868,870
148	8275	1	2	4	1	0	0	1	13	75	4	21	30208	864	0	4	0	864,868
148	8277	1	2	4	1	0	0	1	13	75	4	21	30208	864	0	4	0	864,868
148	8278	1	2	4	1	0	0	1	13	75	4	21	30208	864	0	4	0	864,868
148	8281	1	2	4	1	0	0	1	13	75	4	21	30208	864	0	4	0	864,868
148	8282	1	2	4	1	0	0	1	13	75	4	21	30208	864	0	4	0	864,868
148	8284	1	2	4	1	0	0	1	13	75	4	21	30208	864	0	4	0	864,868
148	8291	1	2	4	1	0	0	1	13	75	4	21	30208	864	0	4	0	864,868
148	8293	1	2	4	1	0	0	1	13	75	4	21	30208	864	0	4	0	864,868
148	8294	1	2	4	1	0	0	1	13	75	4	21	30208	864	0	4	0	864,868
148	8297	1	2	4	1	0	0	1	13	75	4	21	30208	864	0	4	0	864,868
148	8298	1	2	4	1	0	0	1	13	75	4	21	30208	864	0	4	0	864,868
148	8300	1	2	4	1	0	0	1	13	75	4	21	30208	864	0	4	0	864,868
148	8305	0	1	5	1	0	0	1	13	75	4	21	30208	864	0	5	0	864
148	8306	0	1	5	1	0	0	1	13	75	4	21	30208	864	0	5	0	864
148	8308	0	1	5	1	0	0	1	13	75	4	21	30208	864	0	5	0	864
148	8312	0	1	5	1	0	0	1	13	75	4	21	30208	864	0	5	0	864
148	8327	2	2	3	1	1	1	0	16	11	3	22	30976	656	4096	2	1	366,656
148	8331	2	2	3	1	1	1	0	16	11	3	22	30976	656	4096	2	1	366,656
148	8333	2	2	3	1	1	1	0	16	11	3	22	30976	656	4096	2	1	366,656
148	8334	2	2	3	1	1	1	0	16	11	3	22	30976	656	4096	2	1	366,656
148	8339	2	4	3	1	0	0	1	16	11	3	22	30208	864	0	3	0	864,868,872,876
148	8341	2	4	3	1	0	0	1	16	11	3	22	30208	864	0	3	0	864,868,872,876
148	8342	2	4	3	1	0	0	1	16	11	3	22	30208	864	0	3	0	864,868,872,876
148	8345	2	4	3	1	0	0	1	16	11	3	22	30208	864	0	3	0	864,868,872,876
148	8346	2	4	3	1	0	0	1	16	11	3	22	30208	864	0	3	0	864,868,872,876
148	8348	2	4	3	1	0	0	1	16	11	3	22	30208	864	0	3	0	864,868,872,876
148	8355	2	4	3	1	0	0	1	16	11	3	22	30208	864	0	3	0	864,868,872,876
148	8357	2	4	3	1	0	0	1	16	11	3	22	30208	864	0	3	0	864,868,872,876
148	8358	2	4	3	1	0	0	1	16	11	3	22	30208	864	0	3	0	864,868,872,876
148	8361	2	4	3	1	0	0	1	16	11	3	22	30208	864	0	3	0	864,868,872,876
148	8362	2	4	3	1	0	0	1	16	11	3	22	30208	864	0	3	0	864,868,872,876
148	8364	2	4	3	1	0	0	1	16	11	3	22	30208	864	0	3	0	864,868,872,876
148	8369	1	2	4	1	0	0	1	16	11	3	22	30208	864	0	4	0	864,872
148	8370	1	2	4	1	0	0	1	16	11	3	22	30208	864	0	4	0	864,872
148	8372	1	2	4	1	0	0	1	16	11	3	22	30208	864	0	4	0	864,872
148	8376	1	2	4	1	0	0	1	16	11	3	22	30208	864	0	4	0	864,872
148	8387	2	4	3	1	0	0	1	16	11	3	22	30208	864	0	3	0	864,868,872,876
148	8389	2	4	3	1	0	0	1	16	11	3	22	30208	864	0	3	0	864,868,872,876
148	8390	2	4	3	1	0	0	1	16	11	3	22	30208	864	0	3	0	864,868,872,876
148	8393	2	4	3	1	0	0	1	16	11	3	22	30208	864	0	3	0	864,868,872,876
148	8394	2	4	3	1	0	0	1	16	11	3	22	30208	864	0	3	0	864,868,872,876
148	8396	2	4	3	1	0	0	1	16	11	3	22	30208	864	0	3	0	864,868,872,876
148	8401	1	2	4	1	0	0	1	16	11	3	22	30208	864	0	4	0	864,872
148	8402	1	2	4	1	0	0	1	16	11	3	22	30208	864	0	4	0	864,872
148	8404	1	2	4	1	0	0	1	16	11	3	22	30208	864	0	4	0	864,872
148	8408	1	2	4	1	0	0	1	16	11	3	22	30208	864	0	4	0	864,872
148	8417	1	2	4	1	0	0	1	16	11	3	22	30208	864	0	4	0	864,872
148	8418	1	2	4	1	0	0	1	16	11	3	22	30208	864	0	4	0	864,872
148	8420	1	2	4	1	0	0	1	16	11	3	22	30208	864	0	4	0	864,872
148	8424	1	2	4	1	0	0	1	16	11	3	22	30208	864	0	4	0	864,872
148	8432	0	1	5	1	0	0	1	16	11	3	22	30208	864	0	5	0	864
148	8455	2	2	3	1	1	1	0	16	11	3	22	30848	656	4096	2	1	366,656
148	8459	2	2	3	1	1	1	0	16	11	3	22	30848	656	4096	2	1	366,656
148	8461	2	2	3	1	1	1	0	16	11	3	22	30848	656	4096	2	1	366,656
148	8462	2	2	3	1	1	1	0	16	11	3	22	30848	656	4096	2	1	366,656
148	8467	2	4	3	1	0	0	1	16	11	3	22	30208	864	0	3	0	864,868,872,876
148	8469	2	4	3	1	0	0	1	16	11	3	22	30208	864	0	3	0	864,868,872,876
148	8470	2	4	3	1	0	0	1	16	11	3	22	30208	864	0	3	0	864,868,872,876
148	8473	2	4	3	1	0	0	1	16	11	3	22	30208	864	0	3	0	864,868,872,876
148	8474	2	4	3	1	0	0	1	16	11	3	22	30208	864	0	3	0	864,868,872,876
148	8476	2	4	3	1	0	0	1	16	11	3	22	30208	864	0	3	0	864,868,872,876
148	8483	2	4	3	1	0	0	1	16	11	3	22	30208	864	0	3	0	864,868,872,876
148	8485	2	4	3	1	0	0	1	16	11	3	22	30208	864	0	3	0	864,868,872,876
148	8486	2	4	3	1	0	0	1	16	11	3	22	30208	864	0	3	0	864,868,872,876
148	8489	2	4	3	1	0	0	1	16	11	3	22	30208	864	0	3	0	864,868,872,876
148	8490	2	4	3	1	0	0	1	16	11	3	22	30208	864	0	3	0	864,868,872,876
148	8492	2	4	3	1	0	0	1	16	11	3	22	30208	864	0	3	0	864,868,872,876
148	8497	1	2	4	1	0	0	1	16	11	3	22	30208	864	0	4	0	864,872
148	8498	1	2	4	1	0	0	1	16	11	3	22	30208	864	0	4	0	864,872
148	8500	1	2	4	1	0	0	1	16	11	3	22	30208	864	0	4	0	864,872
148	8504	1	2	4	1	0	0	1	16	11	3	22	30208	864	0	4	0	864,872
148	8515	2	4	3	1	0	0	1	16	11	3	22	30208	864	0	3	0	864,868,872,876
148	8517	2	4	3	1	0	0	1	16	11	3	22	30208	864	0	3	0	864,868,872,876
148	8518	2	4	3	1	0	0	1	16	11	3	22	30208	864	0	3	0	864,868,872,876
148	8521	2	4	3	1	0	0	1	16	11	3	22	30208	864	0	3	0	864,868,872,876
148	8522	2	4	3	1	0	0	1	16	11	3	22	30208	864	0	3	0	864,868,872,876
148	8524	2	4	3	1	0	0	1	16	11	3	22	30208	864	0	3	0	864,868,872,876
148	8529	1	2	4	1	0	0	1	16	11	3	22	30208	864	0	4	0	864,872
148	8530	1	2	4	1	0	0	1	16	11	3	22	30208	864	0	4	0	864,872
148	8532	1	2	4	1	0	0	1	16	11	3	22	30208	864	0	4	0	864,872
148	8536	1	2	4	1	0	0	1	16	11	3	22	30208	864	0	4	0	864,872
148	8545	1	2	4	1	0	0	1	16	11	3	22	30208	864	0	4	0	864,872
148	8546	1	2	4	1	0	0	1	16	11	3	22	30208	864	0	4	0	864,872
148	8548	1	2	4	1	0	0	1	16	11	3	22	30208	864	0	4	0	864,872
148	8552	1	2	4	1	0	0	1	16	11	3	22	30208	864	0	4	0	864,872
148	8560	0	1	5	1	0	0	1	16	11	3	22	30208	864	0	5	0	864
148	8579	1	1	4	1	0	0	4	19	3	2	23	30720	896	0	4	0	896
148	8581	1	1	4	1	0	0	4	19	3	2	23	30720	896	0	4	0	896
148	8582	1	1	4	1	0	0	4	19	3	2	23	30720	896	0	4	0	896
148	8585	1	1	4	1	0	0	4	19	3	2	23	30720	896	0	4	0	896
148	8586	1	1	4	1	0	0	4	19	3	2	23	30720	896	0	4	0	896
148	8588	1	1	4	1	0	0	4	19	3	2	23	30720	896	0	4	0	896
148	8593	1	1	4	1	0	0	4	19	3	2	23	30720	896	0	4	0	896
148	8594	1	1	4	1	0	0	4	19	3	2	23	30720	896	0	4	0	896
148	8596	1	1	4	1	0	0	4	19	3	2	23	30720	896	0	4	0	896
148	8600	1	1	4	1	0	0	4	19	3	2	23	30720	896	0	4	0	896
148	8609	1	1	4	1	0	0	4	19	3	2	23	30720	896	0	4	0	896
148	8610	1	1	4	1	0	0	4	19	3	2	23	30720	896	0	4	0	896
148	8612	1	1	4	1	0	0	4	19	3	2	23	30720	896	0	4	0	896
148	8616	1	1	4	1	0	0	4	19	3	2	23	30720	896	0	4	0	896
148	8624	1	3	4	1	0	0	5	19	3	2	23	30208	864	0	4	0	864,880,896
148	8641	1	1	4	1	0	0	4	19	3	2	23	30720	896	0	4	0	896
148	8642	1	1	4	1	0	0	4	19	3	2	23	30720	896	0	4	0	896
148	8644	1	1	4	1	0	0	4	19	3	2	23	30720	896	0	4	0	896
148	8648	1	1	4	1	0	0	4	19	3	2	23	30720	896	0	4	0	896
148	8656	1	3	4	1	0	0	5	19	3	2	23	30208	864	0	4	0	864,880,896
148	8672	1	3	4	1	0	0	5	19	3	2	23	30208	864	0	4	0	864,880,896
148	8711	2	1	3	1	0	0	2	14	75	4	22	31744	960	0	3	0	960
148	8715	2	1	3	1	0	0	2	14	75	4	22	31744	960	0	3	0	960
148	8717	2	1	3	1	0	0	2	14	75	4	22	31744	960	0	3	0	960
148	8718	2	1	3	1	0	0	2	14	75	4	22	31744	960	0	3	0	960
148	8723	2	5	3	1	0	0	3	14	75	4	22	30208	832	0	3	0	832,836,840,844,960
148	8725	2	5	3	1	0	0	3	14	75	4	22	30208	832	0	3	0	832,836,840,844,960
148	8726	2	5	3	1	0	0	3	14	75	4	22	30208	832	0	3	0	832,836,840,844,960
148	8729	2	5	3	1	0	0	3	14	75	4	22	30208	832	0	3	0	832,836,840,844,960
148	8730	2	5	3	1	0	0	3	14	75	4	22	30208	832	0	3	0	832,836,840,844,960
148	8732	2	5	3	1	0	0	3	14	75	4	22	30208	832	0	3	0	832,836,840,844,960
148	8739	2	5	3	1	0	0	3	14	75	4	22	30208	832	0	3	0	832,836,840,844,960
148	8741	2	5	3	1	0	0	3	14	75	4	22	30208	832	0	3	0	832,836,840,844,960
148	8742	2	5	3	1	0	0	3	14	75	4	22	30208	832	0	3	0	832,836,840,844,960
148	8745	2	5	3	1	0	0	3	14	75	4	22	30208	832	0	3	0	832,836,840,844,960
148	8746	2	5	3	1	0	0	3	14	75	4	22	30208	832	0	3	0	832,836,840,844,960
148	8748	2	5	3	1	0	0	3	14	75	4	22	30208	832	0	3	0	832,836,840,844,960
148	8753	1	2	4	1	0	0	1	14	75	4	22	30208	832	0	4	0	832,840
148	8754	1	2	4	1	0	0	1	14	75	4	22	30208	832	0	4	0	832,840
148	8756	1	2	4	1	0	0	1	14	75	4	22	30208	832	0	4	0	832,840
148	8760	1	2	4	1	0	0	1	14	75	4	22	30208	832	0	4	0	832,840
148	8771	2	5	3	1	0	0	3	14	75	4	22	30208	832	0	3	0	832,836,840,844,960
148	8773	2	5	3	1	0	0	3	14	75	4	22	30208	832	0	3	0	832,836,840,844,960
148	8774	2	5	3	1	0	0	3	14	75	4	22	30208	832	0	3	0	832,836,840,844,960
148	8777	2	5	3	1	0	0	3	14	75	4	22	30208	832	0	3	0	832,836,840,844,960
148	8778	2	5	3	1	0	0	3	14	75	4	22	30208	832	0	3	0	832,836,840,844,960
148	8780	2	5	3	1	0	0	3	14	75	4	22	30208	832	0	3	0	832,836,840,844,960
148	8785	1	2	4	1	0	0	1	14	75	4	22	30208	832	0	4	0	832,840
148	8786	1	2	4	1	0	0	1	14	75	4	22	30208	832	0	4	0	832,840
148	8788	1	2	4	1	0	0	1	14	75	4	22	30208	832	0	4	0	832,840
148	8792	1	2	4	1	0	0	1	14	75	4	22	30208	832	0	4	0	832,840
148	8801	1	2	4	1	0	0	1	14	75	4	22	30208	832	0	4	0	832,840
148	8802	1	2	4	1	0	0	1	14	75	4	22	30208	832	0	4	0	832,840
148	8804	1	2	4	1	0	0	1	14	75	4	22	30208	832	0	4	0	832,840
148	8808	1	2	4	1	0	0	1	14	75	4	22	30208	832	0	4	0	832,840
148	8816	0	1	5	1	0	0	1	14	75	4	22	30208	832	0	5	0	832
148	8835	2	2	3	1	0	0	5	15	77	4	23	30720	896	0	3	0	896,960
148	8837	2	2	3	1	0	0	5	15	77	4	23	30720	896	0	3	0	896,960
148	8838	2	2	3	1	0	0	5	15	77	4	23	30720	896	0	3	0	896,960
148	8841	2	2	3	1	0	0	5	15	77	4	23	30720	896	0	3	0	896,960
148	8842	2	2	3	1	0	0	5	15	77	4	23	30720	896	0	3	0	896,960
148	8844	2	2	3	1	0	0	5	15	77	4	23	30720	896	0	3	0	896,960
148	8849	2	6	3	1	0	0	6	15	77	4	23	30208	832	0	3	0	832,840,848,856,896,960
148	8850	2	6	3	1	0	0	6	15	77	4	23	30208	832	0	3	0	832,840,848,856,896,960
148	8852	2	6	3	1	0	0	6	15	77	4	23	30208	832	0	3	0	832,840,848,856,896,960
148	8856	2	6	3	1	0	0	6	15	77	4	23	30208	832	0	3	0	832,840,848,856,896,960
148	8865	2	6	3	1	0	0	6	15	77	4	23	30208	832	0	3	0	832,840,848,856,896,960
148	8866	2	6	3	1	0	0	6	15	77	4	23	30208	832	0	3	0	832,840,848,856,896,960
148	8868	2	6	3	1	0	0	6	15	77	4	23	30208	832	0	3	0	832,840,848,856,896,960
148	8872	2	6	3	1	0	0	6	15	77	4	23	30208	832	0	3	0	832,840,848,856,896,960
148	8880	1	2	4	1	0	0	1	15	77	4	23	30208	832	0	4	0	832,848
148	8897	2	6	3	1	0	0	6	15	77	4	23	30208	832	0	3	0	832,840,848,856,896,960
148	8898	2	6	3	1	0	0	6	15	77	4	23	30208	832	0	3	0	832,840,848,856,896,960
148	8900	2	6	3	1	0	0	6	15	77	4	23	30208	832	0	3	0	832,840,848,856,896,960
148	8904	2	6	3	1	0	0	6	15	77	4	23	30208	832	0	3	0	832,840,848,856,896,960
148	8912	1	2	4	1	0	0	1	15	77	4	23	30208	832	0	4	0	832,848
148	8928	1	2	4	1	0	0	1	15	77	4	23	30208	832	0	4	0	832,848
148	8963	2	2	3	1	0	0	5	15	77	4	23	30720	896	0	3	0	896,960
148	8965	2	2	3	1	0	0	5	15	77	4	23	30720	896	0	3	0	896,960
148	8966	2	2	3	1	0	0	5	15	77	4	23	30720	896	0	3	0	896,960
148	8969	2	2	3	1	0	0	5	15	77	4	23	30720	896	0	3	0	896,960
148	8970	2	2	3	1	0	0	5	15	77	4	23	30720	896	0	3	0	896,960
148	8972	2	2	3	1	0	0	5	15	77	4	23	30720	896	0	3	0	896,960
148	8977	2	6	3	1	0	0	6	15	77	4	23	30208	832	0	3	0	832,840,848,856,896,960
148	8978	2	6	3	1	0	0	6	15	77	4	23	30208	832	0	3	0	832,840,848,856,896,960
148	8980	2	6	3	1	0	0	6	15	77	4	23	30208	832	0	3	0	832,840,848,856,896,960
148	8984	2	6	3	1	0	0	6	15	77	4	23	30208	832	0	3	0	832,840,848,856,896,960
148	8993	2	6	3	1	0	0	6	15	77	4	23	30208	832	0	3	0	832,840,848,856,896,960
148	8994	2	6	3	1	0	0	6	15	77	4	23	30208	832	0	3	0	832,840,848,856,896,960
148	8996	2	6	3	1	0	0	6	15	77	4	23	30208	832	0	3	0	832,840,848,856,896,960
148	9000	2	6	3	1	0	0	6	15	77	4	23	30208	832	0	3	0	832,840,848,856,896,960
148	9008	1	2	4	1	0	0	1	15	77	4	23	30208	832	0	4	0	832,848
148	9025	2	6	3	1	0	0	6	15	77	4	23	30208	832	0	3	0	832,840,848,856,896,960
148	9026	2	6	3	1	0	0	6	15	77	4	23	30208	832	0	3	0	832,840,848,856,896,960
148	9028	2	6	3	1	0	0	6	15	77	4	23	30208	832	0	3	0	832,840,848,856,896,960
148	9032	2	6	3	1	0	0	6	15	77	4	23	30208	832	0	3	0	832,840,848,856,896,960
148	9040	1	2	4	1	0	0	1	15	77	4	23	30208	832	0	4	0	832,848
148	9056	1	2	4	1	0	0	1	15	77	4	23	30208	832	0	4	0	832,848
148	9089	1	1	4	1	0	0	5	16	77	4	24	30720	896	0	4	0	896
148	9090	1	1	4	1	0	0	5	16	77	4	24	30720	896	0	4	0	896
148	9092	1	1	4	1	0	0	5	16	77	4	24	30720	896	0	4	0	896
148	9096	1	1	4	1	0	0	5	16	77	4	24	30720	896	0	4	0	896
148	9104	1	1	4	1	0	0	5	16	77	4	24	30720	896	0	4	0	896
148	9120	1	1	4	1	0	0	5	16	77	4	24	30720	896	0	4	0	896
148	9152	1	1	4	1	0	0	5	16	77	4	24	30720	896	0	4	0	896
148	9223	2	1	3	1	0	0	2	14	75	4	22	31232	960	0	3	0	960
148	9227	2	1	3	1	0	0	2	14	75	4	22	31232	960	0	3	0	960
148	9229	2	1	3	1	0	0	2	14	75	4	22	31232	960	0	3	0	960
148	9230	2	1	3	1	0	0	2	14	75	4	22	31232	960	0	3	0	960
148	9235	2	5	3	1	0	0	3	14	75	4	22	30208	832	0	3	0	832,836,840,844,960
148	9237	2	5	3	1	0	0	3	14	75	4	22	30208	832	0	3	0	832,836,840,844,960
148	9238	2	5	3	1	0	0	3	14	75	4	22	30208	832	0	3	0	832,836,840,844,960
148	9241	2	5	3	1	0	0	3	14	75	4	22	30208	832	0	3	0	832,836,840,844,960
148	9242	2	5	3	1	0	0	3	14	75	4	22	30208	832	0	3	0	832,836,840,844,960
148	9244	2	5	3	1	0	0	3	14	75	4	22	30208	832	0	3	0	832,836,840,844,960
148	9251	2	5	3	1	0	0	3	14	75	4	22	30208	832	0	3	0	832,836,840,844,960
148	9253	2	5	3	1	0	0	3	14	75	4	22	30208	832	0	3	0	832,836,840,844,960
148	9254	2	5	3	1	0	0	3	14	75	4	22	30208	832	0	3	0	832,836,840,844,960
148	9257	2	5	3	1	0	0	3	14	75	4	22	30208	832	0	3	0	832,836,840,844,960
148	9258	2	5	3	1	0	0	3	14	75	4	22	30208	832	0	3	0	832,836,840,844,960
148	9260	2	5	3	1	0	0	3	14	75	4	22	30208	832	0	3	0	832,836,840,844,960
148	9265	1	2	4	1	0	0	1	14	75	4	22	30208	832	0	4	0	832,840
148	9266	1	2	4	1	0	0	1	14	75	4	22	30208	832	0	4	0	832,840
148	9268	1	2	4	1	0	0	1	14	75	4	22	30208	832	0	4	0	832,840
148	9272	1	2	4	1	0	0	1	14	75	4	22	30208	832	0	4	0	832,840
148	9283	2	5	3	1	0	0	3	14	75	4	22	30208	832	0	3	0	832,836,840,844,960
148	9285	2	5	3	1	0	0	3	14	75	4	22	30208	832	0	3	0	832,836,840,844,960
148	9286	2	5	3	1	0	0	3	14	75	4	22	30208	832	0	3	0	832,836,840,844,960
148	9289	2	5	3	1	0	0	3	14	75	4	22	30208	832	0	3	0	832,836,840,844,960
148	9290	2	5	3	1	0	0	3	14	75	4	22	30208	832	0	3	0	832,836,840,844,960
148	9292	2	5	3	1	0	0	3	14	75	4	22	30208	832	0	3	0	832,836,840,844,960
148	9297	1	2	4	1	0	0	1	14	75	4	22	30208	832	0	4	0	832,840
148	9298	1	2	4	1	0	0	1	14	75	4	22	30208	832	0	4	0	832,840
148	9300	1	2	4	1	0	0	1	14	75	4	22	30208	832	0	4	0	832,840
148	9304	1	2	4	1	0	0	1	14	75	4	22	30208	832	0	4	0	832,840
148	9313	1	2	4	1	0	0	1	14	75	4	22	30208	832	0	4	0	832,840
148	9314	1	2	4	1	0	0	1	14	75	4	22	30208	832	0	4	0	832,840
148	9316	1	2	4	1	0	0	1	14	75	4	22	30208	832	0	4	0	832,840
148	9320	1	2	4	1	0	0	1	14	75	4	22	30208	832	0	4	0	832,840
148	9328	0	1	5	1	0	0	1	14	75	4	22	30208	832	0	5	0	832
148	9347	2	2	3	1	0	0	5	15	77	4	23	30720	896	0	3	0	896,960
148	9349	2	2	3	1	0	0	5	15	77	4	23	30720	896	0	3	0	896,960
148	9350	2	2	3	1	0	0	5	15	77	4	23	30720	896	0	3	0	896,960
148	9353	2	2	3	1	0	0	5	15	77	4	23	30720	896	0	3	0	896,960
148	9354	2	2	3	1	0	0	5	15	77	4	23	30720	896	0	3	0	896,960
148	9356	2	2	3	1	0	0	5	15	77	4	23	30720	896	0	3	0	896,960
148	9361	2	6	3	1	0	0	6	15	77	4	23	30208	832	0	3	0	832,840,848,856,896,960
148	9362	2	6	3	1	0	0	6	15	77	4	23	30208	832	0	3	0	832,840,848,856,896,960
148	9364	2	6	3	1	0	0	6	15	77	4	23	30208	832	0	3	0	832,840,848,856,896,960
148	9368	2	6	3	1	0	0	6	15	77	4	23	30208	832	0	3	0	832,840,848,856,896,960
148	9377	2	6	3	1	0	0	6	15	77	4	23	30208	832	0	3	0	832,840,848,856,896,960
148	9378	2	6	3	1	0	0	6	15	77	4	23	30208	832	0	3	0	832,840,848,856,896,960
148	9380	2	6	3	1	0	0	6	15	77	4	23	30208	832	0	3	0	832,840,848,856,896,960
148	9384	2	6	3	1	0	0	6	15	77	4	23	30208	832	0	3	0	832,840,848,856,896,960
148	9392	1	2	4	1	0	0	1	15	77	4	23	30208	832	0	4	0	832,848
148	9409	2	6	3	1	0	0	6	15	77	4	23	30208	832	0	3	0	832,840,848,856,896,960
148	9410	2	6	3	1	0	0	6	15	77	4	23	30208	832	0	3	0	832,840,848,856,896,960
148	9412	2	6	3	1	0	0	6	15	77	4	23	30208	832	0	3	0	832,840,848,856,896,960
148	9416	2	6	3	1	0	0	6	15	77	4	23	30208	832	0	3	0	832,840,848,856,896,960
148	9424	1	2	4	1	0	0	1	15	77	4	23	30208	832	0	4	0	832,848
148	9440	1	2	4	1	0	0	1	15	77	4	23	30208	832	0	4	0	832,848
148	9475	2	2	3	1	0	0	5	15	77	4	23	30720	896	0	3	0	896,960
148	9477	2	2	3	1	0	0	5	15	77	4	23	30720	896	0	3	0	896,960
148	9478	2	2	3	1	0	0	5	15	77	4	23	30720	896	0	3	0	896,960
148	9481	2	2	3	1	0	0	5	15	77	4	23	30720	896	0	3	0	896,960
148	9482	2	2	3	1	0	0	5	15	77	4	23	30720	896	0	3	0	896,960
148	9484	2	2	3	1	0	0	5	15	77	4	23	30720	896	0	3	0	896,960
148	9489	2	6	3	1	0	0	6	15	77	4	23	30208	832	0	3	0	832,840,848,856,896,960
148	9490	2	6	3	1	0	0	6	15	77	4	23	30208	832	0	3	0	832,840,848,856,896,960
148	9492	2	6	3	1	0	0	6	15	77	4	23	30208	832	0	3	0	832,840,848,856,896,960
148	9496	2	6	3	1	0	0	6	15	77	4	23	30208	832	0	3	0	832,840,848,856,896,960
148	9505	2	6	3	1	0	0	6	15	77	4	23	30208	832	0	3	0	832,840,848,856,896,960
148	9506	2	6	3	1	0	0	6	15	77	4	23	30208	832	0	3	0	832,840,848,856,896,960
148	9508	2	6	3	1	0	0	6	15	77	4	23	30208	832	0	3	0	832,840,848,856,896,960
148	9512	2	6	3	1	0	0	6	15	77	4	23	30208	832	0	3	0	832,840,848,856,896,960
148	9520	1	2	4	1	0	0	1	15	77	4	23	30208	832	0	4	0	832,848
148	9537	2	6	3	1	0	0	6	15	77	4	23	30208	832	0	3	0	832,840,848,856,896,960
148	9538	2	6	3	1	0	0	6	15	77	4	23	30208	832	0	3	0	832,840,848,856,896,960
148	9540	2	6	3	1	0	0	6	15	77	4	23	30208	832	0	3	0	832,840,848,856,896,960
148	9544	2	6	3	1	0	0	6	15	77	4	23	30208	832	0	3	0	832,840,848,856,896,960
148	9552	1	2	4	1	0	0	1	15	77	4	23	30208	832	0	4	0	832,848
148	9568	1	2	4	1	0	0	1	15	77	4	23	30208	832	0	4	0	832,848
148	9601	1	1	4	1	0	0	5	16	77	4	24	30720	896	0	4	0	896
148	9602	1	1	4	1	0	0	5	16	77	4	24	30720	896	0	4	0	896
148	9604	1	1	4	1	0	0	5	16	77	4	24	30720	896	0	4	0	896
148	9608	1	1	4	1	0	0	5	16	77	4	24	30720	896	0	4	0	896
148	9616	1	1	4	1	0	0	5	16	77	4	24	30720	896	0	4	0	896
148	9632	1	1	4	1	0	0	5	16	77	4	24	30720	896	0	4	0	896
148	9664	1	1	4	1	0	0	5	16	77	4	24	30720	896	0	4	0	896
148	9731	1	1	4	1	0	0	4	15	75	4	23	30720	896	0	4	0	896
148	9733	1	1	4	1	0	0	4	15	75	4	23	30720	896	0	4	0	896
148	9734	1	1	4	1	0	0	4	15	75	4	23	30720	896	0	4	0	896
148	9737	1	1	4	1	0	0	4	15	75	4	23	30720	896	0	4	0	896
148	9738	1	1	4	1	0	0	4	15	75	4	23	30720	896	0	4	0	896
148	9740	1	1	4	1	0	0	4	15	75	4	23	30720	896	0	4	0	896
148	9745	1	1	4	1	0	0	4	15	75	4	23	30720	896	0	4	0	896
148	9746	1	1	4	1	0	0	4	15	75	4	23	30720	896	0	4	0	896
148	9748	1	1	4	1	0	0	4	15	75	4	23	30720	896	0	4	0	896
148	9752	1	1	4	1	0	0	4	15	75	4	23	30720	896	0	4	0	896
148	9761	1	1	4	1	0	0	4	15	75	4	23	30720	896	0	4	0	896
148	9762	1	1	4	1	0	0	4	15	75	4	23	30720	896	0	4	0	896
148	9764	1	1	4	1	0	0	4	15	75	4	23	30720	896	0	4	0	896
148	9768	1	1	4	1	0	0	4	15	75	4	23	30720	896	0	4	0	896
148	9776	1	3	4	1	0	0	5	15	75	4	23	30208	768	0	4	0	768,784,896
148	9793	1	1	4	1	0	0	4	15	75	4	23	30720	896	0	4	0	896
148	9794	1	1	4	1	0	0	4	15	75	4	23	30720	896	0	4	0	896
148	9796	1	1	4	1	0	0	4	15	75	4	23	30720	896	0	4	0	896
148	9800	1	1	4	1	0	0	4	15	75	4	23	30720	896	0	4	0	896
148	9808	1	3	4	1	0	0	5	15	75	4	23	30208	768	0	4	0	768,784,896
148	9824	1	3	4	1	0	0	5	15	75	4	23	30208	768	0	4	0	768,784,896
148	9857	1	1	4	1	0	0	5	14	94	5	24	30720	896	0	4	0	896
148	9858	1	1	4	1	0	0	5	14	94	5	24	30720	896	0	4	0	896
148	9860	1	1	4	1	0	0	5	14	94	5	24	30720	896	0	4	0	896
148	9864	1	1	4	1	0	0	5	14	94	5	24	30720	896	0	4	0	896
148	9872	1	1	4	1	0	0	5	14	94	5	24	30720	896	0	4	0	896
148	9888	1	1	4	1	0	0	5	14	94	5	24	30720	896	0	4	0	896
148	9920	1	1	4	1	0	0	5	14	94	5	24	30720	896	0	4	0	896
148	9985	1	1	4	1	0	0	5	14	94	5	24	30720	896	0	4	0	896
148	9986	1	1	4	1	0	0	5	14	94	5	24	30720	896	0	4	0	896
148	9988	1	1	4	1	0	0	5	14	94	5	24	30720	896	0	4	0	896
148	9992	1	1	4	1	0	0	5	14	94	5	24	30720	896	0	4	0	896
148	10000	1	1	4	1	0	0	5	14	94	5	24	30720	896	0	4	0	896
148	10016	1	1	4	1	0	0	5	14	94	5	24	30720	896	0	4	0	896
148	10048	1	1	4	1	0	0	5	14	94	5	24	30720	896	0	4	0	896
148	10112	1	1	4	1	0	0	7	13	222	6	25	30720	896	0	4	0	896
148	10247	0	1	5	1	0	0	2	18	11	3	24	30208	960	0	5	0	960
148	10251	0	1	5	1	0	0	2	18	11	3	24	30208	960	0	5	0	960
148	10253	0	1	5	1	0	0	2	18	11	3	24	30208	960	0	5	0	960
148	10254	0	1	5	1	0	0	2	18	11	3	24	30208	960	0	5	0	960
148	10259	0	1	5	1	0	0	2	16	77	4	24	30208	960	0	5	0	960
148	10261	0	1	5	1	0	0	2	16	77	4	24	30208	960	0	5	0	960
148	10262	0	1	5	1	0	0	2	16	77	4	24	30208	960	0	5	0	960
148	10265	0	1	5	1	0	0	2	16	77	4	24	30208	960	0	5	0	960
148	10266	0	1	5	1	0	0	2	16	77	4	24	30208	960	0	5	0	960
148	10268	0	1	5	1	0	0	2	16	77	4	24	30208	960	0	5	0	960
148	10275	0	1	5	1	0	0	2	16	77	4	24	30208	960	0	5	0	960
148	10277	0	1	5	1	0	0	2	16	77	4	24	30208	960	0	5	0	960
148	10278	0	1	5	1	0	0	2	16	77	4	24	30208	960	0	5	0	960
148	10281	0	1	5	1	0	0	2	16	77	4	24	30208	960	0	5	0	960
148	10282	0	1	5	1	0	0	2	16	77	4	24	30208	960	0	5	0	960
148	10284	0	1	5	1	0	0	2	16	77	4	24	30208	960	0	5	0	960
148	10289	0	1	5	1	0	0	2	14	94	5	24	30208	960	0	5	0	960
148	10290	0	1	5	1	0	0	2	14	94	5	24	30208	960	0	5	0	960
148	10292	0	1	5	1	0	0	2	14	94	5	24	30208	960	0	5	0	960
148	10296	0	1	5	1	0	0	2	14	94	5	24	30208	960	0	5	0	960
148	10307	0	1	5	1	0	0	2	16	77	4	24	30208	960	0	5	0	960
148	10309	0	1	5	1	0	0	2	16	77	4	24	30208	960	0	5	0	960
148	10310	0	1	5	1	0	0	2	16	77	4	24	30208	960	0	5	0	960
148	10313	0	1	5	1	0	0	2	16	77	4	24	30208	960	0	5	0	960
148	10314	0	1	5	1	0	0	2	16	77	4	24	30208	960	0	5	0	960
148	10316	0	1	5	1	0	0	2	16	77	4	24	30208	960	0	5	0	960
148	10321	0	1	5	1	0	0	2	14	94	5	24	30208	960	0	5	0	960
148	10322	0	1	5	1	0	0	2	14	94	5	24	30208	960	0	5	0	960
148	10324	0	1	5	1	0	0	2	14	94	5	24	30208	960	0	5	0	960
148	10328	0	1	5	1	0	0	2	14	94	5	24	30208	960	0	5	0	960
148	10337	0	1	5	1	0	0	2	14	94	5	24	30208	960	0	5	0	960
148	10338	0	1	5	1	0	0	2	14	94	5	24	30208	960	0	5	0	960
148	10340	0	1	5	1	0	0	2	14	94	5	24	30208	960	0	5	0	960
148	10344	0	1	5	1	0	0	2	14	94	5	24	30208	960	0	5	0	960
148	10352	0	1	5	1	0	0	2	12	222	6	24	30208	960	0	5	0	960
148	10371	0	1	5	1	0	0	2	21	3	2	25	30208	960	0	5	0	960
148	10373	0	1	5	1	0	0	2	21	3	2	25	30208	960	0	5	0	960
148	10374	0	1	5	1	0	0	2	21	3	2	25	30208	960	0	5	0	960
148	10377	0	1	5	1	0	0	2	21	3	2	25	30208	960	0	5	0	960
148	10378	0	1	5	1	0	0	2	21	3	2	25	30208	960	0	5	0	960
148	10380	0	1	5	1	0	0	2	21	3	2	25	30208	960	0	5	0	960
148	10385	0	1	5	1	0	0	2	19	13	3	25	30208	960	0	5	0	960
148	10386	0	1	5	1	0	0	2	19	13	3	25	30208	960	0	5	0	960
148	10388	0	1	5	1	0	0	2	19	13	3	25	30208	960	0	5	0	960
148	10392	0	1	5	1	0	0	2	19	13	3	25	30208	960	0	5	0	960
148	10401	0	1	5	1	0	0	2	19	13	3	25	30208	960	0	5	0	960
148	10402	0	1	5	1	0	0	2	19	13	3	25	30208	960	0	5	0	960
148	10404	0	1	5	1	0	0	2	19	13	3	25	30208	960	0	5	0	960
148	10408	0	1	5	1	0	0	2	19	13	3	25	30208	960	0	5	0	960
148	10416	0	1	5	1	0	0	2	17	30	4	25	30208	960	0	5	0	960
148	10433	0	1	5	1	0	0	2	19	13	3	25	30208	960	0	5	0	960
148	10434	0	1	5	1	0	0	2	19	13	3	25	30208	960	0	5	0	960
148	10436	0	1	5	1	0	0	2	19	13	3	25	30208	960	0	5	0	960
148	10440	0	1	5	1	0	0	2	19	13	3	25	30208	960	0	5	0	960
148	10448	0	1	5	1	0	0	2	17	30	4	25	30208	960	0	5	0	960
148	10464	0	1	5	1	0	0	2	17	30	4	25	30208	960	0	5	0	960
148	10499	0	1	5	1	0	0	2	21	3	2	25	30208	960	0	5	0	960
148	10501	0	1	5	1	0	0	2	21	3	2	25	30208	960	0	5	0	960
148	10502	0	1	5	1	0	0	2	21	3	2	25	30208	960	0	5	0	960
148	10505	0	1	5	1	0	0	2	21	3	2	25	30208	960	0	5	0	960
148	10506	0	1	5	1	0	0	2	21	3	2	25	30208	960	0	5	0	960
148	10508	0	1	5	1	0	0	2	21	3	2	25	30208	960	0	5	0	960
148	10513	0	1	5	1	0	0	2	19	13	3	25	30208	960	0	5	0	960
148	10514	0	1	5	1	0	0	2	19	13	3	25	30208	960	0	5	0	960
148	10516	0	1	5	1	0	0	2	19	13	3	25	30208	960	0	5	0	960
148	10520	0	1	5	1	0	0	2	19	13	3	25	30208	960	0	5	0	960
148	10529	0	1	5	1	0	0	2	19	13	3	25	30208	960	0	5	0	960
148	10530	0	1	5	1	0	0	2	19	13	3	25	30208	960	0	5	0	960
148	10532	0	1	5	1	0	0	2	19	13	3	25	30208	960	0	5	0	960
148	10536	0	1	5	1	0	0	2	19	13	3	25	30208	960	0	5	0	960
148	10544	0	1	5	1	0	0	2	17	30	4	25	30208	960	0	5	0	960
148	10561	0	1	5	1	0	0	2	19	13	3	25	30208	960	0	5	0	960
148	10562	0	1	5	1	0	0	2	19	13	3	25	30208	960	0	5	0	960
148	10564	0	1	5	1	0	0	2	19	13	3	25	30208	960	0	5	0	960
148	10568	0	1	5	1	0	0	2	19	13	3	25	30208	960	0	5	0	960
148	10576	0	1	5	1	0	0	2	17	30	4	25	30208	960	0	5	0	960
148	10592	0	1	5	1	0	0	2	17	30	4	25	30208	960	0	5	0	960
148	10625	0	4	5	1	0	0	8	24	1	1	26	30208	960	0	5	0	768,832,896,960
148	10626	0	4	5	1	0	0	8	24	1	1	26	30208	960	0	5	0	768,832,896,960
148	10628	0	4	5	1	0	0	8	24	1	1	26	30208	960	0	5	0	768,832,896,960
148	10632	0	4	5	1	0	0	8	24	1	1	26	30208	960	0	5	0	768,832,896,960
148	10640	0	4	5	1	0	0	8	22	3	2	26	30208	960	0	5	0	768,832,896,960
148	10656	0	4	5	1	0	0	8	22	3	2	26	30208	960	0	5	0	768,832,896,960
148	10688	0	4	5	1	0	0	8	22	3	2	26	30208	960	0	5	0	768,832,896,960
148	10755	0	1	5	1	0	0	3	17	77	4	25	30208	896	0	5	0	896
148	10757	0	1	5	1	0	0	3	17	77	4	25	30208	896	0	5	0	896
148	10758	0	1	5	1	0	0	3	17	77	4	25	30208	896	0	5	0	896
148	10761	0	1	5	1	0	0	3	17	77	4	25	30208	896	0	5	0	896
148	10762	0	1	5	1	0	0	3	17	77	4	25	30208	896	0	5	0	896
148	10764	0	1	5	1	0	0	3	17	77	4	25	30208	896	0	5	0	896
148	10769	0	1	5	1	0	0	3	15	94	5	25	30208	896	0	5	0	896
148	10770	0	1	5	1	0	0	3	15	94	5	25	30208	896	0	5	0	896
148	10772	0	1	5	1	0	0	3	15	94	5	25	30208	896	0	5	0	896
148	10776	0	1	5	1	0	0	3	15	94	5	25	30208	896	0	5	0	896
148	10785	0	1	5	1	0	0	3	15	94	5	25	30208	896	0	5	0	896
148	10786	0	1	5	1	0	0	3	15	94	5	25	30208	896	0	5	0	896
148	10788	0	1	5	1	0	0	3	15	94	5	25	30208	896	0	5	0	896
148	10792	0	1	5	1	0	0	3	15	94	5	25	30208	896	0	5	0	896
148	10800	0	1	5	1	0	0	3	13	222	6	25	30208	896	0	5	0	896
148	10817	0	1	5	1	0	0	3	15	94	5	25	30208	896	0	5	0	896
148	10818	0	1	5	1	0	0	3	15	94	5	25	30208	896	0	5	0	896
148	10820	0	1	5	1	0	0	3	15	94	5	25	30208	896	0	5	0	896
148	10824	0	1	5	1	0	0	3	15	94	5	25	30208	896	0	5	0	896
148	10832	0	1	5	1	0	0	3	13	222	6	25	30208	896	0	5	0	896
148	10848	0	1	5	1	0	0	3	13	222	6	25	30208	896	0	5	0	896
148	10881	0	1	5	1	0	0	3	18	77	4	26	30208	896	0	5	0	896
148	10882	0	1	5	1	0	0	3	18	77	4	26	30208	896	0	5	0	896
148	10884	0	1	5	1	0	0	3	18	77	4	26	30208	896	0	5	0	896
148	10888	0	1	5	1	0	0	3	18	77	4	26	30208	896	0	5	0	896
148	10896	0	1	5	1	0	0	3	16	94	5	26	30208	896	0	5	0	896
148	10912	0	1	5	1	0	0	3	16	94	5	26	30208	896	0	5	0	896
148	10944	0	1	5	1	0	0	3	16	94	5	26	30208	896	0	5	0	896
148	11009	0	1	5	1	0	0	3	18	77	4	26	30208	896	0	5	0	896
148	11010	0	1	5	1	0	0	3	18	77	4	26	30208	896	0	5	0	896
148	11012	0	1	5	1	0	0	3	18	77	4	26	30208	896	0	5	0	896
148	11016	0	1	5	1	0	0	3	18	77	4	26	30208	896	0	5	0	896
148	11024	0	1	5	1	0	0	3	16	94	5	26	30208	896	0	5	0	896
148	11040	0	1	5	1	0	0	3	16	94	5	26	30208	896	0	5	0	896
148	11072	0	1	5	1	0	0	3	16	94	5	26	30208	896	0	5	0	896
148	11136	0	2	5	1	0	0	8	19	75	4	27	30208	896	0	5	0	768,896
148	11267	0	1	5	1	0	0	3	17	77	4	25	30208	896	0	5	0	896
148	11269	0	1	5	1	0	0	3	17	77	4	25	30208	896	0	5	0	896
148	11270	0	1	5	1	0	0	3	17	77	4	25	30208	896	0	5	0	896
148	11273	0	1	5	1	0	0	3	17	77	4	25	30208	896	0	5	0	896
148	11274	0	1	5	1	0	0	3	17	77	4	25	30208	896	0	5	0	896
148	11276	0	1	5	1	0	0	3	17	77	4	25	30208	896	0	5	0	896
148	11281	0	1	5	1	0	0	3	15	94	5	25	30208	896	0	5	0	896
148	11282	0	1	5	1	0	0	3	15	94	5	25	30208	896	0	5	0	896
148	11284	0	1	5	1	0	0	3	15	94	5	25	30208	896	0	5	0	896
148	11288	0	1	5	1	0	0	3	15	94	5	25	30208	896	0	5	0	896
148	11297	0	1	5	1	0	0	3	15	94	5	25	30208	896	0	5	0	896
148	11298	0	1	5	1	0	0	3	15	94	5	25	30208	896	0	5	0	896
148	11300	0	1	5	1	0	0	3	15	94	5	25	30208	896	0	5	0	896
148	11304	0	1	5	1	0	0	3	15	94	5	25	30208	896	0	5	0	896
148	11312	0	1	5	1	0	0	3	13	222	6	25	30208	896	0	5	0	896
148	11329	0	1	5	1	0	0	3	15	94	5	25	30208	896	0	5	0	896
148	11330	0	1	5	1	0	0	3	15	94	5	25	30208	896	0	5	0	896
148	11332	0	1	5	1	0	0	3	15	94	5	25	30208	896	0	5	0	896
148	11336	0	1	5	1	0	0	3	15	94	5	25	30208	896	0	5	0	896
148	11344	0	1	5	1	0	0	3	13	222	6	25	30208	896	0	5	0	896
148	11360	0	1	5	1	0	0	3	13	222	6	25	30208	896	0	5	0	896
148	11393	0	1	5	1	0	0	3	18	77	4	26	30208	896	0	5	0	896
148	11394	0	1	5	1	0	0	3	18	77	4	26	30208	896	0	5	0	896
148	11396	0	1	5	1	0	0	3	18	77	4	26	30208	896	0	5	0	896
148	11400	0	1	5	1	0	0	3	18	77	4	26	30208	896	0	5	0	896
148	11408	0	1	5	1	0	0	3	16	94	5	26	30208	896	0	5	0	896
148	11424	0	1	5	1	0	0	3	16	94	5	26	30208	896	0	5	0	896
148	11456	0	1	5	1	0	0	3	16	94	5	26	30208	896	0	5	0	896
148	11521	0	1	5	1	0	0	3	18	77	4	26	30208	896	0	5	0	896
148	11522	0	1	5	1	0	0	3	18	77	4	26	30208	896	0	5	0	896
148	11524	0	1	5	1	0	0	3	18	77	4	26	30208	896	0	5	0	896
148	11528	0	1	5	1	0	0	3	18	77	4	26	30208	896	0	5	0	896
148	11536	0	1	5	1	0	0	3	16	94	5	26	30208	896	0	5	0	896
148	11552	0	1	5	1	0	0	3	16	94	5	26	30208	896	0	5	0	896
148	11584	0	1	5	1	0	0	3	16	94	5	26	30208	896	0	5	0	896
148	11648	0	2	5	1	0	0	8	19	75	4	27	30208	896	0	5	0	768,896
148	11777	0	1	5	1	0	0	5	16	94	5	26	30208	768	0	5	0	768
148	11778	0	1	5	1	0	0	5	16	94	5	26	30208	768	0	5	0	768
148	11780	0	1	5	1	0	0	5	16	94	5	26	30208	768	0	5	0	768
148	11784	0	1	5	1	0	0	5	16	94	5	26	30208	768	0	5	0	768
148	11792	0	1	5	1	0	0	5	14	222	6	26	30208	768	0	5	0	768
148	11808	0	1	5	1	0	0	5	14	222	6	26	30208	768	0	5	0	768
148	11840	0	1	5	1	0	0	5	14	222	6	26	30208	768	0	5	0	768
148	11904	0	1	5	1	0	0	6	15	222	6	27	30208	768	0	5	0	768
148	12032	0	1	5	1	0	0	6	15	222	6	27	30208	768	0	5	0	768
148	12295	2	2	3	1	0	0	2	13	222	6	25	31104	816	0	3	0	816,960
148	12299	2	2	3	1	0	0	2	13	222	6	25	31104	816	0	3	0	816,960
148	12301	2	2	3	1	0	0	2	13	222	6	25	31104	816	0	3	0	816,960
148	12302	2	2	3	1	0	0	2	13	222	6	25	31104	816	0	3	0	816,960
148	12307	2	6	3	1	0	0	3	15	94	5	25	30208	704	0	3	0	704,708,712,716,816,960
148	12309	2	6	3	1	0	0	3	15	94	5	25	30208	704	0	3	0	704,708,712,716,816,960
148	12310	2	6	3	1	0	0	3	15	94	5	25	30208	704	0	3	0	704,708,712,716,816,960
148	12313	2	6	3	1	0	0	3	15	94	5	25	30208	704	0	3	0	704,708,712,716,816,960
148	12314	2	6	3	1	0	0	3	15	94	5	25	30208	704	0	3	0	704,708,712,716,816,960
148	12316	2	6	3	1	0	0	3	15	94	5	25	30208	704	0	3	0	704,708,712,716,816,960
148	12323	2	6	3	1	0	0	3	15	94	5	25	30208	704	0	3	0	704,708,712,716,816,960
148	12325	2	6	3	1	0	0	3	15	94	5	25	30208	704	0	3	0	704,708,712,716,816,960
148	12326	2	6	3	1	0	0	3	15	94	5	25	30208	704	0	3	0	704,708,712,716,816,960
148	12329	2	6	3	1	0	0	3	15	94	5	25	30208	704	0	3	0	704,708,712,716,816,960
148	12330	2	6	3	1	0	0	3	15	94	5	25	30208	704	0	3	0	704,708,712,716,816,960
148	12332	2	6	3	1	0	0	3	15	94	5	25	30208	704	0	3	0	704,708,712,716,816,960
148	12337	1	2	4	1	0	0	1	17	77	4	25	30208	704	0	4	0	704,712
148	12338	1	2	4	1	0	0	1	17	77	4	25	30208	704	0	4	0	704,712
148	12340	1	2	4	1	0	0	1	17	77	4	25	30208	704	0	4	0	704,712
148	12344	1	2	4	1	0	0	1	17	77	4	25	30208	704	0	4	0	704,712
148	12355	2	6	3	1	0	0	3	15	94	5	25	30208	704	0	3	0	704,708,712,716,816,960
148	12357	2	6	3	1	0	0	3	15	94	5	25	30208	704	0	3	0	704,708,712,716,816,960
148	12358	2	6	3	1	0	0	3	15	94	5	25	30208	704	0	3	0	704,708,712,716,816,960
148	12361	2	6	3	1	0	0	3	15	94	5	25	30208	704	0	3	0	704,708,712,716,816,960
148	12362	2	6	3	1	0	0	3	15	94	5	25	30208	704	0	3	0	704,708,712,716,816,960
148	12364	2	6	3	1	0	0	3	15	94	5	25	30208	704	0	3	0	704,708,712,716,816,960
148	12369	1	2	4	1	0	0	1	17	77	4	25	30208	704	0	4	0	704,712
148	12370	1	2	4	1	0	0	1	17	77	4	25	30208	704	0	4	0	704,712
148	12372	1	2	4	1	0	0	1	17	77	4	25	30208	704	0	4	0	704,712
148	12376	1	2	4	1	0	0	1	17	77	4	25	30208	704	0	4	0	704,712
148	12385	1	2	4	1	0	0	1	17	77	4	25	30208	704	0	4	0	704,712
148	12386	1	2	4	1	0	0	1	17	77	4	25	30208	704	0	4	0	704,712
148	12388	1	2	4	1	0	0	1	17	77	4	25	30208	704	0	4	0	704,712
148	12392	1	2	4	1	0	0	1	17	77	4	25	30208	704	0	4	0	704,712
148	12400	0	1	5	1	0	0	1	19	11	3	25	30208	704	0	5	0	704
148	12419	1	1	4	1	0	0	2	16	94	5	26	30976	800	0	4	0	800
148	12421	1	1	4	1	0	0	2	16	94	5	26	30976	800	0	4	0	800
148	12422	1	1	4	1	0	0	2	16	94	5	26	30976	800	0	4	0	800
148	12425	1	1	4	1	0	0	2	16	94	5	26	30976	800	0	4	0	800
148	12426	1	1	4	1	0	0	2	16	94	5	26	30976	800	0	4	0	800
148	12428	1	1	4	1	0	0	2	16	94	5	26	30976	800	0	4	0	800
148	12433	1	1	4	1	0	0	2	18	86	4	26	30976	800	0	4	0	800
148	12434	1	1	4	1	0	0	2	18	86	4	26	30976	800	0	4	0	800
148	12436	1	1	4	1	0	0	2	18	86	4	26	30976	800	0	4	0	800
148	12440	1	1	4	1	0	0	2	18	86	4	26	30976	800	0	4	0	800
148	12449	1	1	4	1	0	0	2	18	86	4	26	30976	800	0	4	0	800
148	12450	1	1	4	1	0	0	2	18	86	4	26	30976	800	0	4	0	800
148	12452	1	1	4	1	0	0	2	18	86	4	26	30976	800	0	4	0	800
148	12456	1	1	4	1	0	0	2	18	86	4	26	30976	800	0	4	0	800
148	12464	1	3	4	1	0	0	3	20	76	3	26	30208	704	0	4	0	704,720,800
148	12481	1	1	4	1	0	0	2	18	86	4	26	30976	800	0	4	0	800
148	12482	1	1	4	1	0	0	2	18	86	4	26	30976	800	0	4	0	800
148	12484	1	1	4	1	0	0	2	18	86	4	26	30976	800	0	4	0	800
148	12488	1	1	4	1	0	0	2	18	86	4	26	30976	800	0	4	0	800
148	12496	1	3	4	1	0	0	3	20	76	3	26	30208	704	0	4	0	704,720,800
148	12512	1	3	4	1	0	0	3	20	76	3	26	30208	704	0	4	0	704,720,800
148	12547	1	1	4	1	0	0	2	16	94	5	26	30848	800	0	4	0	800
148	12549	1	1	4	1	0	0	2	16	94	5	26	30848	800	0	4	0	800
148	12550	1	1	4	1	0	0	2	16	94	5	26	30848	800	0	4	0	800
148	12553	1	1	4	1	0	0	2	16	94	5	26	30848	800	0	4	0	800
148	12554	1	1	4	1	0	0	2	16	94	5	26	30848	800	0	4	0	800
148	12556	1	1	4	1	0	0	2	16	94	5	26	30848	800	0	4	0	800
148	12561	1	1	4	1	0	0	2	18	86	4	26	30848	800	0	4	0	800
148	12562	1	1	4	1	0	0	2	18	86	4	26	30848	800	0	4	0	800
148	12564	1	1	4	1	0	0	2	18	86	4	26	30848	800	0	4	0	800
148	12568	1	1	4	1	0	0	2	18	86	4	26	30848	800	0	4	0	800
148	12577	1	1	4	1	0	0	2	18	86	4	26	30848	800	0	4	0	800
148	12578	1	1	4	1	0	0	2	18	86	4	26	30848	800	0	4	0	800
148	12580	1	1	4	1	0	0	2	18	86	4	26	30848	800	0	4	0	800
148	12584	1	1	4	1	0	0	2	18	86	4	26	30848	800	0	4	0	800
148	12592	1	3	4	1	0	0	3	20	76	3	26	30208	704	0	4	0	704,720,800
148	12609	1	1	4	1	0	0	2	18	86	4	26	30848	800	0	4	0	800
148	12610	1	1	4	1	0	0	2	18	86	4	26	30848	800	0	4	0	800
148	12612	1	1	4	1	0	0	2	18	86	4	26	30848	800	0	4	0	800
148	12616	1	1	4	1	0	0	2	18	86	4	26	30848	800	0	4	0	800
148	12624	1	3	4	1	0	0	3	20	76	3	26	30208	704	0	4	0	704,720,800
148	12640	1	3	4	1	0	0	3	20	76	3	26	30208	704	0	4	0	704,720,800
148	12673	0	1	5	1	0	0	4	19	77	4	27	30720	768	0	5	0	768
148	12674	0	1	5	1	0	0	4	19	77	4	27	30720	768	0	5	0	768
148	12676	0	1	5	1	0	0	4	19	77	4	27	30720	768	0	5	0	768
148	12680	0	1	5	1	0	0	4	19	77	4	27	30720	768	0	5	0	768
148	12688	0	1	5	1	0	0	4	21	76	3	27	30720	768	0	5	0	768
148	12704	0	1	5	1	0	0	4	21	76	3	27	30720	768	0	5	0	768
148	12736	0	1	5	1	0	0	4	21	76	3	27	30720	768	0	5	0	768
148	12803	1	1	4	1	0	0	2	16	94	5	26	31744	896	0	4	0	896
148	12805	1	1	4	1	0	0	2	16	94	5	26	31744	896	0	4	0	896
148	12806	1	1	4	1	0	0	2	16	94	5	26	31744	896	0	4	0	896
148	12809	1	1	4	1	0	0	2	16	94	5	26	31744	896	0	4	0	896
148	12810	1	1	4	1	0	0	2	16	94	5	26	31744	896	0	4	0	896
148	12812	1	1	4	1	0	0	2	16	94	5	26	31744	896	0	4	0	896
148	12817	1	1	4	1	0	0	2	18	77	4	26	31744	896	0	4	0	896
148	12818	1	1	4	1	0	0	2	18	77	4	26	31744	896	0	4	0	896
148	12820	1	1	4	1	0	0	2	18	77	4	26	31744	896	0	4	0	896
148	12824	1	1	4	1	0	0	2	18	77	4	26	31744	896	0	4	0	896
148	12833	1	1	4	1	0	0	2	18	77	4	26	31744	896	0	4	0	896
148	12834	1	1	4	1	0	0	2	18	77	4	26	31744	896	0	4	0	896
148	12836	1	1	4	1	0	0	2	18	77	4	26	31744	896	0	4	0	896
148	12840	1	1	4	1	0	0	2	18	77	4	26	31744	896	0	4	0	896
148	12848	1	3	4	1	0	0	3	20	11	3	26	30208	640	0	4	0	640,656,896
148	12865	1	1	4	1	0	0	2	18	77	4	26	31744	896	0	4	0	896
148	12866	1	1	4	1	0	0	2	18	77	4	26	31744	896	0	4	0	896
148	12868	1	1	4	1	0	0	2	18	77	4	26	31744	896	0	4	0	896
148	12872	1	1	4	1	0	0	2	18	77	4	26	31744	896	0	4	0	896
148	12880	1	3	4	1	0	0	3	20	11	3	26	30208	640	0	4	0	640,656,896
148	12896	1	3	4	1	0	0	3	20	11	3	26	30208	640	0	4	0	640,656,896
148	12929	1	3	4	1	0	0	7	19	236	5	27	30720	768	0	4	0	768,832,896
148	12930	1	3	4	1	0	0	7	19	236	5	27	30720	768	0	4	0	768,832,896
148	12932	1	3	4	1	0	0	7	19	236	5	27	30720	768	0	4	0	768,832,896
148	12936	1	3	4	1	0	0	7	19	236	5	27	30720	768	0	4	0	768,832,896
148	12944	1	3	4	1	0	0	7	19	86	4	27	30720	768	0	4	0	768,832,896
148	12960	1	3	4	1	0	0	7	19	86	4	27	30720	768	0	4	0	768,832,896
148	12992	1	3	4	1	0	0	7	19	86	4	27	30720	768	0	4	0	768,832,896
148	13057	1	3	4	1	0	0	7	19	236	5	27	30720	768	0	4	0	768,832,896
148	13058	1	3	4	1	0	0	7	19	236	5	27	30720	768	0	4	0	768,832,896
148	13060	1	3	4	1	0	0	7	19	236	5	27	30720	768	0	4	0	768,832,896
148	13064	1	3	4	1	0	0	7	19	236	5	27	30720	768	0	4	0	768,832,896
148	13072	1	3	4	1	0	0	7	19	86	4	27	30720	768	0	4	0	768,832,896
148	13088	1	3	4	1	0	0	7	19	86	4	27	30720	768	0	4	0	768,832,896
148	13120	1	3	4	1	0	0	7	19	86	4	27	30720	768	0	4	0	768,832,896
148	13184	0	1	5	1	0	0	5	18	94	5	28	30720	768	0	5	0	768
148	13315	1	1	4	1	0	0	2	16	94	5	26	31232	896	0	4	0	896
148	13317	1	1	4	1	0	0	2	16	94	5	26	31232	896	0	4	0	896
148	13318	1	1	4	1	0	0	2	16	94	5	26	31232	896	0	4	0	896
148	13321	1	1	4	1	0	0	2	16	94	5	26	31232	896	0	4	0	896
148	13322	1	1	4	1	0	0	2	16	94	5	26	31232	896	0	4	0	896
148	13324	1	1	4	1	0	0	2	16	94	5	26	31232	896	0	4	0	896
148	13329	1	1	4	1	0	0	2	18	77	4	26	31232	896	0	4	0	896
148	13330	1	1	4	1	0	0	2	18	77	4	26	31232	896	0	4	0	896
148	13332	1	1	4	1	0	0	2	18	77	4	26	31232	896	0	4	0	896
148	13336	1	1	4	1	0	0	2	18	77	4	26	31232	896	0	4	0	896
148	13345	1	1	4	1	0	0	2	18	77	4	26	31232	896	0	4	0	896
148	13346	1	1	4	1	0	0	2	18	77	4	26	31232	896	0	4	0	896
148	13348	1	1	4	1	0	0	2	18	77	4	26	31232	896	0	4	0	896
148	13352	1	1	4	1	0	0	2	18	77	4	26	31232	896	0	4	0	896
148	13360	1	3	4	1	0	0	3	20	11	3	26	30208	640	0	4	0	640,656,896
148	13377	1	1	4	1	0	0	2	18	77	4	26	31232	896	0	4	0	896
148	13378	1	1	4	1	0	0	2	18	77	4	26	31232	896	0	4	0	896
148	13380	1	1	4	1	0	0	2	18	77	4	26	31232	896	0	4	0	896
148	13384	1	1	4	1	0	0	2	18	77	4	26	31232	896	0	4	0	896
148	13392	1	3	4	1	0	0	3	20	11	3	26	30208	640	0	4	0	640,656,896
148	13408	1	3	4	1	0	0	3	20	11	3	26	30208	640	0	4	0	640,656,896
148	13441	1	3	4	1	0	0	7	19	236	5	27	30720	768	0	4	0	768,832,896
148	13442	1	3	4	1	0	0	7	19	236	5	27	30720	768	0	4	0	768,832,896
148	13444	1	3	4	1	0	0	7	19	236	5	27	30720	768	0	4	0	768,832,896
148	13448	1	3	4	1	0	0	7	19	236	5	27	30720	768	0	4	0	768,832,896
148	13456	1	3	4	1	0	0	7	19	86	4	27	30720	768	0	4	0	768,832,896
148	13472	1	3	4	1	0	0	7	19	86	4	27	30720	768	0	4	0	768,832,896
148	13504	1	3	4	1	0	0	7	19	86	4	27	30720	768	0	4	0	768,832,896
148	13569	1	3	4	1	0	0	7	19	236	5	27	30720	768	0	4	0	768,832,896
148	13570	1	3	4	1	0	0	7	19	236	5	27	30720	768	0	4	0	768,832,896
148	13572	1	3	4	1	0	0	7	19	236	5	27	30720	768	0	4	0	768,832,896
148	13576	1	3	4	1	0	0	7	19	236	5	27	30720	768	0	4	0	768,832,896
148	13584	1	3	4	1	0	0	7	19	86	4	27	30720	768	0	4	0	768,832,896
148	13600	1	3	4	1	0	0	7	19	86	4	27	30720	768	0	4	0	768,832,896
148	13632	1	3	4	1	0	0	7	19	86	4	27	30720	768	0	4	0	768,832,896
148	13696	0	1	5	1	0	0	5	18	94	5	28	30720	768	0	5	0	768
148	13825	0	1	5	1	0	0	4	19	77	4	27	30720	768	0	5	0	768
148	13826	0	1	5	1	0	0	4	19	77	4	27	30720	768	0	5	0	768
148	13828	0	1	5	1	0	0	4	19	77	4	27	30720	768	0	5	0	768
148	13832	0	1	5	1	0	0	4	19	77	4	27	30720	768	0	5	0	768
148	13840	0	1	5	1	0	0	4	21	11	3	27	30720	768	0	5	0	768
148	13856	0	1	5	1	0	0	4	21	11	3	27	30720	768	0	5	0	768
148	13888	0	1	5	1	0	0	4	21	11	3	27	30720	768	0	5	0	768
148	13952	0	1	5	1	0	0	5	18	94	5	28	30720	768	0	5	0	768
148	14080	0	1	5	1	0	0	5	18	94	5	28	30720	768	0	5	0	768
148	14339	0	1	5	1	0	0	2	18	94	5	28	30208	896	0	5	0	896
148	14341	0	1	5	1	0	0	2	18	94	5	28	30208	896	0	5	0	896
148	14342	0	1	5	1	0	0	2	18	94	5	28	30208	896	0	5	0	896
148	14345	0	1	5	1	0	0	2	18	94	5	28	30208	896	0	5	0	896
148	14346	0	1	5	1	0	0	2	18	94	5	28	30208	896	0	5	0	896
148	14348	0	1	5	1	0	0	2	18	94	5	28	30208	896	0	5	0	896
148	14353	0	1	5	1	0	0	2	20	236	5	28	30208	896	0	5	0	896
148	14354	0	1	5	1	0	0	2	20	236	5	28	30208	896	0	5	0	896
148	14356	0	1	5	1	0	0	2	20	236	5	28	30208	896	0	5	0	896
148	14360	0	1	5	1	0	0	2	20	236	5	28	30208	896	0	5	0	896
148	14369	0	1	5	1	0	0	2	20	236	5	28	30208	896	0	5	0	896
148	14370	0	1	5	1	0	0	2	20	236	5	28	30208	896	0	5	0	896
148	14372	0	1	5	1	0	0	2	20	236	5	28	30208	896	0	5	0	896
148	14376	0	1	5	1	0	0	2	20	236	5	28	30208	896	0	5	0	896
148	14384	0	1	5	1	0	0	2	18	94	5	28	30208	896	0	5	0	896
148	14401	0	1	5	1	0	0	2	20	236	5	28	30208	896	0	5	0	896
148	14402	0	1	5	1	0	0	2	20	236	5	28	30208	896	0	5	0	896
148	14404	0	1	5	1	0	0	2	20	236	5	28	30208	896	0	5	0	896
148	14408	0	1	5	1	0	0	2	20	236	5	28	30208	896	0	5	0	896
148	14416	0	1	5	1	0	0	2	18	94	5	28	30208	896	0	5	0	896
148	14432	0	1	5	1	0	0	2	18	94	5	28	30208	896	0	5	0	896
148	14465	0	1	5	1	0	0	2	21	77	4	29	30208	896	0	5	0	896
148	14466	0	1	5	1	0	0	2	21	77	4	29	30208	896	0	5	0	896
148	14468	0	1	5	1	0	0	2	21	77	4	29	30208	896	0	5	0	896
148	14472	0	1	5	1	0	0	2	21	77	4	29	30208	896	0	5	0	896
148	14480	0	1	5	1	0	0	2	21	86	4	29	30208	896	0	5	0	896
148	14496	0	1	5	1	0	0	2	21	86	4	29	30208	896	0	5	0	896
148	14528	0	1	5	1	0	0	2	21	86	4	29	30208	896	0	5	0	896
148	14593	0	1	5	1	0	0	2	21	77	4	29	30208	896	0	5	0	896
148	14594	0	1	5	1	0	0	2	21	77	4	29	30208	896	0	5	0	896
148	14596	0	1	5	1	0	0	2	21	77	4	29	30208	896	0	5	0	896
148	14600	0	1	5	1	0	0	2	21	77	4	29	30208	896	0	5	0	896
148	14608	0	1	5	1	0	0	2	21	86	4	29	30208	896	0	5	0	896
148	14624	0	1	5	1	0	0	2	21	86	4	29	30208	896	0	5	0	896
148	14656	0	1	5	1	0	0	2	21	86	4	29	30208	896	0	5	0	896
148	14720	0	4	5	1	0	0	8	24	11	3	30	30208	896	0	5	0	512,640,768,896
148	14849	0	1	5	1	0	0	3	21	236	5	29	30208	768	0	5	0	768
148	14850	0	1	5	1	0	0	3	21	236	5	29	30208	768	0	5	0	768
148	14852	0	1	5	1	0	0	3	21	236	5	29	30208	768	0	5	0	768
148	14856	0	1	5	1	0	0	3	21	236	5	29	30208	768	0	5	0	768
148	14864	0	1	5	1	0	0	3	19	94	5	29	30208	768	0	5	0	768
148	14880	0	1	5	1	0	0	3	19	94	5	29	30208	768	0	5	0	768
148	14912	0	1	5	1	0	0	3	19	94	5	29	30208	768	0	5	0	768
148	14976	0	1	5	1	0	0	3	20	94	5	30	30208	768	0	5	0	768
148	15104	0	1	5	1	0	0	3	20	94	5	30	30208	768	0	5	0	768
148	15361	0	1	5	1	0	0	3	21	236	5	29	30208	768	0	5	0	768
148	15362	0	1	5	1	0	0	3	21	236	5	29	30208	768	0	5	0	768
148	15364	0	1	5	1	0	0	3	21	236	5	29	30208	768	0	5	0	768
148	15368	0	1	5	1	0	0	3	21	236	5	29	30208	768	0	5	0	768
148	15376	0	1	5	1	0	0	3	19	94	5	29	30208	768	0	5	0	768
148	15392	0	1	5	1	0	0	3	19	94	5	29	30208	768	0	5	0	768
148	15424	0	1	5	1	0	0	3	19	94	5	29	30208	768	0	5	0	768
148	15488	0	1	5	1	0	0	3	20	94	5	30	30208	768	0	5	0	768
148	15616	0	1	5	1	0	0	3	20	94	5	30	30208	768	0	5	0	768
148	15872	0	1	5	1	0	0	5	20	94	5	30	30208	512	0	5	0	512
148	16399	0	1	5	1	3	1	0	13	75	4	21	31104	664	4096	2	3	664
148	16407	1	2	4	1	2	1	0	13	75	4	21	31104	664	4096	2	2	358,664
148	16411	1	2	4	1	2	1	0	13	75	4	21	31104	664	4096	2	2	358,664
148	16413	1	2	4	1	2	1	0	13	75	4	21	31104	664	4096	2	2	358,664
148	16414	1	2	4	1	2	1	0	13	75	4	21	31104	664	4096	2	2	358,664
148	16423	1	2	4	1	2	1	0	13	75	4	21	31104	664	4096	2	2	358,664
148	16427	1	2	4	1	2	1	0	13	75	4	21	31104	664	4096	2	2	358,664
148	16429	1	2	4	1	2	1	0	13	75	4	21	31104	664	4096	2	2	358,664
148	16430	1	2	4	1	2	1	0	13	75	4	21	31104	664	4096	2	2	358,664
148	16435	2	4	3	1	1	1	0	13	75	4	21	31104	664	4096	2	1	356,358,664,666
148	16437	2	4	3	1	1	1	0	13	75	4	21	31104	664	4096	2	1	356,358,664,666
148	16438	2	4	3	1	1	1	0	13	75	4	21	31104	664	4096	2	1	356,358,664,666
148	16441	2	4	3	1	1	1	0	13	75	4	21	31104	664	4096	2	1	356,358,664,666
148	16442	2	4	3	1	1	1	0	13	75	4	21	31104	664	4096	2	1	356,358,664,666
148	16444	2	4	3	1	1	1	0	13	75	4	21	31104	664	4096	2	1	356,358,664,666
148	16455	1	2	4	1	2	1	0	13	75	4	21	31104	664	4096	2	2	358,664
148	16459	1	2	4	1	2	1	0	13	75	4	21	31104	664	4096	2	2	358,664
148	16461	1	2	4	1	2	1	0	13	75	4	21	31104	664	4096	2	2	358,664
148	16462	1	2	4	1	2	1	0	13	75	4	21	31104	664	4096	2	2	358,664
148	16467	2	4	3	1	1	1	0	13	75	4	21	31104	664	4096	2	1	356,358,664,666
148	16469	2	4	3	1	1	1	0	13	75	4	21	31104	664	4096	2	1	356,358,664,666
148	16470	2	4	3	1	1	1	0	13	75	4	21	31104	664	4096	2	1	356,358,664,666
148	16473	2	4	3	1	1	1	0	13	75	4	21	31104	664	4096	2	1	356,358,664,666
148	16474	2	4	3	1	1	1	0	13	75	4	21	31104	664	4096	2	1	356,358,664,666
148	16476	2	4	3	1	1	1	0	13	75	4	21	31104	664	4096	2	1	356,358,664,666
148	16483	2	4	3	1	1	1	0	13	75	4	21	31104	664	4096	2	1	356,358,664,666
148	16485	2	4	3	1	1	1	0	13	75	4	21	31104	664	4096	2	1	356,358,664,666
148	16486	2	4	3	1	1	1	0	13	75	4	21	31104	664	4096	2	1	356,358,664,666
148	16489	2	4	3	1	1	1	0	13	75	4	21	31104	664	4096	2	1	356,358,664,666
148	16490	2	4	3	1	1	1	0	13	75	4	21	31104	664	4096	2	1	356,358,664,666
148	16492	2	4	3	1	1	1	0	13	75	4	21	31104	664	4096	2	1	356,358,664,666
148	16497	2	1	3	1	0	0	1	13	75	4	21	30208	864	0	3	0	864
148	16498	2	1	3	1	0	0	1	13	75	4	21	30208	864	0	3	0	864
148	16500	2	1	3	1	0	0	1	13	75	4	21	30208	864	0	3	0	864
148	16504	2	1	3	1	0	0	1	13	75	4	21	30208	864	0	3	0	864
148	16519	1	2	4	1	1	1	0	14	75	4	22	30976	656	4096	3	1	366,656
148	16523	1	2	4	1	1	1	0	14	75	4	22	30976	656	4096	3	1	366,656
148	16525	1	2	4	1	1	1	0	14	75	4	22	30976	656	4096	3	1	366,656
148	16526	1	2	4	1	1	1	0	14	75	4	22	30976	656	4096	3	1	366,656
148	16531	2	5	3	1	0	0	2	14	75	4	22	30976	912	0	3	0	364,366,656,658,912
148	16533	2	5	3	1	0	0	2	14	75	4	22	30976	912	0	3	0	364,366,656,658,912
148	16534	2	5	3	1	0	0	2	14	75	4	22	30976	912	0	3	0	364,366,656,658,912
148	16537	2	5	3	1	0	0	2	14	75	4	22	30976	912	0	3	0	364,366,656,658,912
148	16538	2	5	3	1	0	0	2	14	75	4	22	30976	912	0	3	0	364,366,656,658,912
148	16540	2	5	3	1	0	0	2	14	75	4	22	30976	912	0	3	0	364,366,656,658,912
148	16547	2	5	3	1	0	0	2	14	75	4	22	30976	912	0	3	0	364,366,656,658,912
148	16549	2	5	3	1	0	0	2	14	75	4	22	30976	912	0	3	0	364,366,656,658,912
148	16550	2	5	3	1	0	0	2	14	75	4	22	30976	912	0	3	0	364,366,656,658,912
148	16553	2	5	3	1	0	0	2	14	75	4	22	30976	912	0	3	0	364,366,656,658,912
148	16554	2	5	3	1	0	0	2	14	75	4	22	30976	912	0	3	0	364,366,656,658,912
148	16556	2	5	3	1	0	0	2	14	75	4	22	30976	912	0	3	0	364,366,656,658,912
148	16561	2	1	3	1	0	0	2	14	75	4	22	30976	912	0	3	0	912
148	16562	2	1	3	1	0	0	2	14	75	4	22	30976	912	0	3	0	912
148	16564	2	1	3	1	0	0	2	14	75	4	22	30976	912	0	3	0	912
148	16568	2	1	3	1	0	0	2	14	75	4	22	30976	912	0	3	0	912
148	16579	2	5	3	1	0	0	2	14	75	4	22	30976	912	0	3	0	364,366,656,658,912
148	16581	2	5	3	1	0	0	2	14	75	4	22	30976	912	0	3	0	364,366,656,658,912
148	16582	2	5	3	1	0	0	2	14	75	4	22	30976	912	0	3	0	364,366,656,658,912
148	16585	2	5	3	1	0	0	2	14	75	4	22	30976	912	0	3	0	364,366,656,658,912
148	16586	2	5	3	1	0	0	2	14	75	4	22	30976	912	0	3	0	364,366,656,658,912
148	16588	2	5	3	1	0	0	2	14	75	4	22	30976	912	0	3	0	364,366,656,658,912
148	16593	2	1	3	1	0	0	2	14	75	4	22	30976	912	0	3	0	912
148	16594	2	1	3	1	0	0	2	14	75	4	22	30976	912	0	3	0	912
148	16596	2	1	3	1	0	0	2	14	75	4	22	30976	912	0	3	0	912
148	16600	2	1	3	1	0	0	2	14	75	4	22	30976	912	0	3	0	912
148	16609	2	1	3	1	0	0	2	14	75	4	22	30976	912	0	3	0	912
148	16610	2	1	3	1	0	0	2	14	75	4	22	30976	912	0	3	0	912
148	16612	2	1	3	1	0	0	2	14	75	4	22	30976	912	0	3	0	912
148	16616	2	1	3	1	0	0	2	14	75	4	22	30976	912	0	3	0	912
148	16624	2	2	3	1	0	0	3	14	75	4	22	30208	864	0	3	0	864,912
148	16647	1	2	4	1	1	1	0	14	75	4	22	30848	656	4096	3	1	366,656
148	16651	1	2	4	1	1	1	0	14	75	4	22	30848	656	4096	3	1	366,656
148	16653	1	2	4	1	1	1	0	14	75	4	22	30848	656	4096	3	1	366,656
148	16654	1	2	4	1	1	1	0	14	75	4	22	30848	656	4096	3	1	366,656
148	16659	2	5	3	1	0	0	2	14	75	4	22	30848	912	0	3	0	364,366,656,658,912
148	16661	2	5	3	1	0	0	2	14	75	4	22	30848	912	0	3	0	364,366,656,658,912
148	16662	2	5	3	1	0	0	2	14	75	4	22	30848	912	0	3	0	364,366,656,658,912
148	16665	2	5	3	1	0	0	2	14	75	4	22	30848	912	0	3	0	364,366,656,658,912
148	16666	2	5	3	1	0	0	2	14	75	4	22	30848	912	0	3	0	364,366,656,658,912
148	16668	2	5	3	1	0	0	2	14	75	4	22	30848	912	0	3	0	364,366,656,658,912
148	16675	2	5	3	1	0	0	2	14	75	4	22	30848	912	0	3	0	364,366,656,658,912
148	16677	2	5	3	1	0	0	2	14	75	4	22	30848	912	0	3	0	364,366,656,658,912
148	16678	2	5	3	1	0	0	2	14	75	4	22	30848	912	0	3	0	364,366,656,658,912
148	16681	2	5	3	1	0	0	2	14	75	4	22	30848	912	0	3	0	364,366,656,658,912
148	16682	2	5	3	1	0	0	2	14	75	4	22	30848	912	0	3	0	364,366,656,658,912
148	16684	2	5	3	1	0	0	2	14	75	4	22	30848	912	0	3	0	364,366,656,658,912
148	16689	2	1	3	1	0	0	2	14	75	4	22	30848	912	0	3	0	912
148	16690	2	1	3	1	0	0	2	14	75	4	22	30848	912	0	3	0	912
148	16692	2	1	3	1	0	0	2	14	75	4	22	30848	912	0	3	0	912
148	16696	2	1	3	1	0	0	2	14	75	4	22	30848	912	0	3	0	912
148	16707	2	5	3	1	0	0	2	14	75	4	22	30848	912	0	3	0	364,366,656,658,912
148	16709	2	5	3	1	0	0	2	14	75	4	22	30848	912	0	3	0	364,366,656,658,912
148	16710	2	5	3	1	0	0	2	14	75	4	22	30848	912	0	3	0	364,366,656,658,912
148	16713	2	5	3	1	0	0	2	14	75	4	22	30848	912	0	3	0	364,366,656,658,912
148	16714	2	5	3	1	0	0	2	14	75	4	22	30848	912	0	3	0	364,366,656,658,912
148	16716	2	5	3	1	0	0	2	14	75	4	22	30848	912	0	3	0	364,366,656,658,912
148	16721	2	1	3	1	0	0	2	14	75	4	22	30848	912	0	3	0	912
148	16722	2	1	3	1	0	0	2	14	75	4	22	30848	912	0	3	0	912
148	16724	2	1	3	1	0	0	2	14	75	4	22	30848	912	0	3	0	912
148	16728	2	1	3	1	0	0	2	14	75	4	22	30848	912	0	3	0	912
148	16737	2	1	3	1	0	0	2	14	75	4	22	30848	912	0	3	0	912
148	16738	2	1	3	1	0	0	2	14	75	4	22	30848	912	0	3	0	912
148	16740	2	1	3	1	0	0	2	14	75	4	22	30848	912	0	3	0	912
148	16744	2	1	3	1	0	0	2	14	75	4	22	30848	912	0	3	0	912
148	16752	2	2	3	1	0	0	3	14	75	4	22	30208	864	0	3	0	864,912
148	16771	1	1	4	1	0	0	4	15	75	4	23	30720	896	0	4	0	896
148	16773	1	1	4	1	0	0	4	15	75	4	23	30720	896	0	4	0	896
148	16774	1	1	4	1	0	0	4	15	75	4	23	30720	896	0	4	0	896
148	16777	1	1	4	1	0	0	4	15	75	4	23	30720	896	0	4	0	896
148	16778	1	1	4	1	0	0	4	15	75	4	23	30720	896	0	4	0	896
148	16780	1	1	4	1	0	0	4	15	75	4	23	30720	896	0	4	0	896
148	16785	1	1	4	1	0	0	4	15	75	4	23	30720	896	0	4	0	896
148	16786	1	1	4	1	0	0	4	15	75	4	23	30720	896	0	4	0	896
148	16788	1	1	4	1	0	0	4	15	75	4	23	30720	896	0	4	0	896
148	16792	1	1	4	1	0	0	4	15	75	4	23	30720	896	0	4	0	896
148	16801	1	1	4	1	0	0	4	15	75	4	23	30720	896	0	4	0	896
148	16802	1	1	4	1	0	0	4	15	75	4	23	30720	896	0	4	0	896
148	16804	1	1	4	1	0	0	4	15	75	4	23	30720	896	0	4	0	896
148	16808	1	1	4	1	0	0	4	15	75	4	23	30720	896	0	4	0	896
148	16816	1	1	4	1	0	0	4	15	75	4	23	30720	896	0	4	0	896
148	16833	1	1	4	1	0	0	4	15	75	4	23	30720	896	0	4	0	896
148	16834	1	1	4	1	0	0	4	15	75	4	23	30720	896	0	4	0	896
148	16836	1	1	4	1	0	0	4	15	75	4	23	30720	896	0	4	0	896
148	16840	1	1	4	1	0	0	4	15	75	4	23	30720	896	0	4	0	896
148	16848	1	1	4	1	0	0	4	15	75	4	23	30720	896	0	4	0	896
148	16864	1	1	4	1	0	0	4	15	75	4	23	30720	896	0	4	0	896
148	16903	1	2	4	1	2	1	0	16	11	3	22	31104	688	4096	2	2	334,688
148	16907	1	2	4	1	2	1	0	16	11	3	22	31104	688	4096	2	2	334,688
148	16909	1	2	4	1	2	1	0	16	11	3	22	31104	688	4096	2	2	334,688
148	16910	1	2	4	1	2	1	0	16	11	3	22	31104	688	4096	2	2	334,688
148	16915	2	4	3	1	1	1	0	16	11	3	22	31104	688	4096	2	1	332,334,688,690
148	16917	2	4	3	1	1	1	0	16	11	3	22	31104	688	4096	2	1	332,334,688,690
148	16918	2	4	3	1	1	1	0	16	11	3	22	31104	688	4096	2	1	332,334,688,690
148	16921	2	4	3	1	1	1	0	16	11	3	22	31104	688	4096	2	1	332,334,688,690
148	16922	2	4	3	1	1	1	0	16	11	3	22	31104	688	4096	2	1	332,334,688,690
148	16924	2	4	3	1	1	1	0	16	11	3	22	31104	688	4096	2	1	332,334,688,690
148	16931	2	4	3	1	1	1	0	16	11	3	22	31104	688	4096	2	1	332,334,688,690
148	16933	2	4	3	1	1	1	0	16	11	3	22	31104	688	4096	2	1	332,334,688,690
148	16934	2	4	3	1	1	1	0	16	11	3	22	31104	688	4096	2	1	332,334,688,690
148	16937	2	4	3	1	1	1	0	16	11	3	22	31104	688	4096	2	1	332,334,688,690
148	16938	2	4	3	1	1	1	0	16	11	3	22	31104	688	4096	2	1	332,334,688,690
148	16940	2	4	3	1	1	1	0	16	11	3	22	31104	688	4096	2	1	332,334,688,690
148	16945	2	2	3	1	0	0	1	16	11	3	22	30208	832	0	3	0	832,840
148	16946	2	2	3	1	0	0	1	16	11	3	22	30208	832	0	3	0	832,840
148	16948	2	2	3	1	0	0	1	16	11	3	22	30208	832	0	3	0	832,840
148	16952	2	2	3	1	0	0	1	16	11	3	22	30208	832	0	3	0	832,840
148	16963	2	4	3	1	1	1	0	16	11	3	22	31104	688	4096	2	1	332,334,688,690
148	16965	2	4	3	1	1	1	0	16	11	3	22	31104	688	4096	2	1	332,334,688,690
148	16966	2	4	3	1	1	1	0	16	11	3	22	31104	688	4096	2	1	332,334,688,690
148	16969	2	4	3	1	1	1	0	16	11	3	22	31104	688	4096	2	1	332,334,688,690
148	16970	2	4	3	1	1	1	0	16	11	3	22	31104	688	4096	2	1	332,334,688,690
148	16972	2	4	3	1	1	1	0	16	11	3	22	31104	688	4096	2	1	332,334,688,690
148	16977	2	2	3	1	0	0	1	16	11	3	22	30208	832	0	3	0	832,840
148	16978	2	2	3	1	0	0	1	16	11	3	22	30208	832	0	3	0	832,840
148	16980	2	2	3	1	0	0	1	16	11	3	22	30208	832	0	3	0	832,840
148	16984	2	2	3	1	0	0	1	16	11	3	22	30208	832	0	3	0	832,840
148	16993	2	2	3	1	0	0	1	16	11	3	22	30208	832	0	3	0	832,840
148	16994	2	2	3	1	0	0	1	16	11	3	22	30208	832	0	3	0	832,840
148	16996	2	2	3	1	0	0	1	16	11	3	22	30208	832	0	3	0	832,840
148	17000	2	2	3	1	0	0	1	16	11	3	22	30208	832	0	3	0	832,840
148	17008	1	1	4	1	0	0	1	16	11	3	22	30208	832	0	4	0	832
148	17027	2	6	3	1	0	0	5	15	77	4	23	30720	896	0	3	0	348,350,672,674,896,928
148	17029	2	6	3	1	0	0	5	15	77	4	23	30720	896	0	3	0	348,350,672,674,896,928
148	17030	2	6	3	1	0	0	5	15	77	4	23	30720	896	0	3	0	348,350,672,674,896,928
148	17033	2	6	3	1	0	0	5	15	77	4	23	30720	896	0	3	0	348,350,672,674,896,928
148	17034	2	6	3	1	0	0	5	15	77	4	23	30720	896	0	3	0	348,350,672,674,896,928
148	17036	2	6	3	1	0	0	5	15	77	4	23	30720	896	0	3	0	348,350,672,674,896,928
148	17041	2	2	3	1	0	0	5	15	77	4	23	30720	896	0	3	0	896,928
148	17042	2	2	3	1	0	0	5	15	77	4	23	30720	896	0	3	0	896,928
148	17044	2	2	3	1	0	0	5	15	77	4	23	30720	896	0	3	0	896,928
148	17048	2	2	3	1	0	0	5	15	77	4	23	30720	896	0	3	0	896,928
148	17057	2	2	3	1	0	0	5	15	77	4	23	30720	896	0	3	0	896,928
148	17058	2	2	3	1	0	0	5	15	77	4	23	30720	896	0	3	0	896,928
148	17060	2	2	3	1	0	0	5	15	77	4	23	30720	896	0	3	0	896,928
148	17064	2	2	3	1	0	0	5	15	77	4	23	30720	896	0	3	0	896,928
148	17072	2	4	3	1	0	0	6	15	77	4	23	30208	832	0	3	0	832,848,896,928
148	17089	2	2	3	1	0	0	5	15	77	4	23	30720	896	0	3	0	896,928
148	17090	2	2	3	1	0	0	5	15	77	4	23	30720	896	0	3	0	896,928
148	17092	2	2	3	1	0	0	5	15	77	4	23	30720	896	0	3	0	896,928
148	17096	2	2	3	1	0	0	5	15	77	4	23	30720	896	0	3	0	896,928
148	17104	2	4	3	1	0	0	6	15	77	4	23	30208	832	0	3	0	832,848,896,928
148	17120	2	4	3	1	0	0	6	15	77	4	23	30208	832	0	3	0	832,848,896,928
148	17155	2	6	3	1	0	0	5	15	77	4	23	30720	896	0	3	0	348,350,672,674,896,928
148	17157	2	6	3	1	0	0	5	15	77	4	23	30720	896	0	3	0	348,350,672,674,896,928
148	17158	2	6	3	1	0	0	5	15	77	4	23	30720	896	0	3	0	348,350,672,674,896,928
148	17161	2	6	3	1	0	0	5	15	77	4	23	30720	896	0	3	0	348,350,672,674,896,928
148	17162	2	6	3	1	0	0	5	15	77	4	23	30720	896	0	3	0	348,350,672,674,896,928
148	17164	2	6	3	1	0	0	5	15	77	4	23	30720	896	0	3	0	348,350,672,674,896,928
148	17169	2	2	3	1	0	0	5	15	77	4	23	30720	896	0	3	0	896,928
148	17170	2	2	3	1	0	0	5	15	77	4	23	30720	896	0	3	0	896,928
148	17172	2	2	3	1	0	0	5	15	77	4	23	30720	896	0	3	0	896,928
148	17176	2	2	3	1	0	0	5	15	77	4	23	30720	896	0	3	0	896,928
148	17185	2	2	3	1	0	0	5	15	77	4	23	30720	896	0	3	0	896,928
148	17186	2	2	3	1	0	0	5	15	77	4	23	30720	896	0	3	0	896,928
148	17188	2	2	3	1	0	0	5	15	77	4	23	30720	896	0	3	0	896,928
148	17192	2	2	3	1	0	0	5	15	77	4	23	30720	896	0	3	0	896,928
148	17200	2	4	3	1	0	0	6	15	77	4	23	30208	832	0	3	0	832,848,896,928
148	17217	2	2	3	1	0	0	5	15	77	4	23	30720	896	0	3	0	896,928
148	17218	2	2	3	1	0	0	5	15	77	4	23	30720	896	0	3	0	896,928
148	17220	2	2	3	1	0	0	5	15	77	4	23	30720	896	0	3	0	896,928
148	17224	2	2	3	1	0	0	5	15	77	4	23	30720	896	0	3	0	896,928
148	17232	2	4	3	1	0	0	6	15	77	4	23	30208	832	0	3	0	832,848,896,928
148	17248	2	4	3	1	0	0	6	15	77	4	23	30208	832	0	3	0	832,848,896,928
148	17281	1	1	4	1	0	0	5	14	94	5	24	30720	896	0	4	0	896
148	17282	1	1	4	1	0	0	5	14	94	5	24	30720	896	0	4	0	896
148	17284	1	1	4	1	0	0	5	14	94	5	24	30720	896	0	4	0	896
148	17288	1	1	4	1	0	0	5	14	94	5	24	30720	896	0	4	0	896
148	17296	1	1	4	1	0	0	5	14	94	5	24	30720	896	0	4	0	896
148	17312	1	1	4	1	0	0	5	14	94	5	24	30720	896	0	4	0	896
148	17344	1	1	4	1	0	0	5	14	94	5	24	30720	896	0	4	0	896
148	17415	1	2	4	1	2	1	0	16	11	3	22	31104	688	4096	2	2	334,688
148	17419	1	2	4	1	2	1	0	16	11	3	22	31104	688	4096	2	2	334,688
148	17421	1	2	4	1	2	1	0	16	11	3	22	31104	688	4096	2	2	334,688
148	17422	1	2	4	1	2	1	0	16	11	3	22	31104	688	4096	2	2	334,688
148	17427	2	4	3	1	1	1	0	16	11	3	22	31104	688	4096	2	1	332,334,688,690
148	17429	2	4	3	1	1	1	0	16	11	3	22	31104	688	4096	2	1	332,334,688,690
148	17430	2	4	3	1	1	1	0	16	11	3	22	31104	688	4096	2	1	332,334,688,690
148	17433	2	4	3	1	1	1	0	16	11	3	22	31104	688	4096	2	1	332,334,688,690
148	17434	2	4	3	1	1	1	0	16	11	3	22	31104	688	4096	2	1	332,334,688,690
148	17436	2	4	3	1	1	1	0	16	11	3	22	31104	688	4096	2	1	332,334,688,690
148	17443	2	4	3	1	1	1	0	16	11	3	22	31104	688	4096	2	1	332,334,688,690
148	17445	2	4	3	1	1	1	0	16	11	3	22	31104	688	4096	2	1	332,334,688,690
148	17446	2	4	3	1	1	1	0	16	11	3	22	31104	688	4096	2	1	332,334,688,690
148	17449	2	4	3	1	1	1	0	16	11	3	22	31104	688	4096	2	1	332,334,688,690
148	17450	2	4	3	1	1	1	0	16	11	3	22	31104	688	4096	2	1	332,334,688,690
148	17452	2	4	3	1	1	1	0	16	11	3	22	31104	688	4096	2	1	332,334,688,690
148	17457	2	2	3	1	0	0	1	16	11	3	22	30208	832	0	3	0	832,840
148	17458	2	2	3	1	0	0	1	16	11	3	22	30208	832	0	3	0	832,840
148	17460	2	2	3	1	0	0	1	16	11	3	22	30208	832	0	3	0	832,840
148	17464	2	2	3	1	0	0	1	16	11	3	22	30208	832	0	3	0	832,840
148	17475	2	4	3	1	1	1	0	16	11	3	22	31104	688	4096	2	1	332,334,688,690
148	17477	2	4	3	1	1	1	0	16	11	3	22	31104	688	4096	2	1	332,334,688,690
148	17478	2	4	3	1	1	1	0	16	11	3	22	31104	688	4096	2	1	332,334,688,690
148	17481	2	4	3	1	1	1	0	16	11	3	22	31104	688	4096	2	1	332,334,688,690
148	17482	2	4	3	1	1	1	0	16	11	3	22	31104	688	4096	2	1	332,334,688,690
148	17484	2	4	3	1	1	1	0	16	11	3	22	31104	688	4096	2	1	332,334,688,690
148	17489	2	2	3	1	0	0	1	16	11	3	22	30208	832	0	3	0	832,840
148	17490	2	2	3	1	0	0	1	16	11	3	22	30208	832	0	3	0	832,840
148	17492	2	2	3	1	0	0	1	16	11	3	22	30208	832	0	3	0	832,840
148	17496	2	2	3	1	0	0	1	16	11	3	22	30208	832	0	3	0	832,840
148	17505	2	2	3	1	0	0	1	16	11	3	22	30208	832	0	3	0	832,840
148	17506	2	2	3	1	0	0	1	16	11	3	22	30208	832	0	3	0	832,840
148	17508	2	2	3	1	0	0	1	16	11	3	22	30208	832	0	3	0	832,840
148	17512	2	2	3	1	0	0	1	16	11	3	22	30208	832	0	3	0	832,840
148	17520	1	1	4	1	0	0	1	16	11	3	22	30208	832	0	4	0	832
148	17539	2	6	3	1	0	0	5	15	77	4	23	30720	896	0	3	0	348,350,672,674,896,928
148	17541	2	6	3	1	0	0	5	15	77	4	23	30720	896	0	3	0	348,350,672,674,896,928
148	17542	2	6	3	1	0	0	5	15	77	4	23	30720	896	0	3	0	348,350,672,674,896,928
148	17545	2	6	3	1	0	0	5	15	77	4	23	30720	896	0	3	0	348,350,672,674,896,928
148	17546	2	6	3	1	0	0	5	15	77	4	23	30720	896	0	3	0	348,350,672,674,896,928
148	17548	2	6	3	1	0	0	5	15	77	4	23	30720	896	0	3	0	348,350,672,674,896,928
148	17553	2	2	3	1	0	0	5	15	77	4	23	30720	896	0	3	0	896,928
148	17554	2	2	3	1	0	0	5	15	77	4	23	30720	896	0	3	0	896,928
148	17556	2	2	3	1	0	0	5	15	77	4	23	30720	896	0	3	0	896,928
148	17560	2	2	3	1	0	0	5	15	77	4	23	30720	896	0	3	0	896,928
148	17569	2	2	3	1	0	0	5	15	77	4	23	30720	896	0	3	0	896,928
148	17570	2	2	3	1	0	0	5	15	77	4	23	30720	896	0	3	0	896,928
148	17572	2	2	3	1	0	0	5	15	77	4	23	30720	896	0	3	0	896,928
148	17576	2	2	3	1	0	0	5	15	77	4	23	30720	896	0	3	0	896,928
148	17584	2	4	3	1	0	0	6	15	77	4	23	30208	832	0	3	0	832,848,896,928
148	17601	2	2	3	1	0	0	5	15	77	4	23	30720	896	0	3	0	896,928
148	17602	2	2	3	1	0	0	5	15	77	4	23	30720	896	0	3	0	896,928
148	17604	2	2	3	1	0	0	5	15	77	4	23	30720	896	0	3	0	896,928
148	17608	2	2	3	1	0	0	5	15	77	4	23	30720	896	0	3	0	896,928
148	17616	2	4	3	1	0	0	6	15	77	4	23	30208	832	0	3	0	832,848,896,928
148	17632	2	4	3	1	0	0	6	15	77	4	23	30208	832	0	3	0	832,848,896,928
148	17667	2	6	3	1	0	0	5	15	77	4	23	30720	896	0	3	0	348,350,672,674,896,928
148	17669	2	6	3	1	0	0	5	15	77	4	23	30720	896	0	3	0	348,350,672,674,896,928
148	17670	2	6	3	1	0	0	5	15	77	4	23	30720	896	0	3	0	348,350,672,674,896,928
148	17673	2	6	3	1	0	0	5	15	77	4	23	30720	896	0	3	0	348,350,672,674,896,928
148	17674	2	6	3	1	0	0	5	15	77	4	23	30720	896	0	3	0	348,350,672,674,896,928
148	17676	2	6	3	1	0	0	5	15	77	4	23	30720	896	0	3	0	348,350,672,674,896,928
148	17681	2	2	3	1	0	0	5	15	77	4	23	30720	896	0	3	0	896,928
148	17682	2	2	3	1	0	0	5	15	77	4	23	30720	896	0	3	0	896,928
148	17684	2	2	3	1	0	0	5	15	77	4	23	30720	896	0	3	0	896,928
148	17688	2	2	3	1	0	0	5	15	77	4	23	30720	896	0	3	0	896,928
148	17697	2	2	3	1	0	0	5	15	77	4	23	30720	896	0	3	0	896,928
148	17698	2	2	3	1	0	0	5	15	77	4	23	30720	896	0	3	0	896,928
148	17700	2	2	3	1	0	0	5	15	77	4	23	30720	896	0	3	0	896,928
148	17704	2	2	3	1	0	0	5	15	77	4	23	30720	896	0	3	0	896,928
148	17712	2	4	3	1	0	0	6	15	77	4	23	30208	832	0	3	0	832,848,896,928
148	17729	2	2	3	1	0	0	5	15	77	4	23	30720	896	0	3	0	896,928
148	17730	2	2	3	1	0	0	5	15	77	4	23	30720	896	0	3	0	896,928
148	17732	2	2	3	1	0	0	5	15	77	4	23	30720	896	0	3	0	896,928
148	17736	2	2	3	1	0	0	5	15	77	4	23	30720	896	0	3	0	896,928
148	17744	2	4	3	1	0	0	6	15	77	4	23	30208	832	0	3	0	832,848,896,928
148	17760	2	4	3	1	0	0	6	15	77	4	23	30208	832	0	3	0	832,848,896,928
148	17793	1	1	4	1	0	0	5	14	94	5	24	30720	896	0	4	0	896
148	17794	1	1	4	1	0	0	5	14	94	5	24	30720	896	0	4	0	896
148	17796	1	1	4	1	0	0	5	14	94	5	24	30720	896	0	4	0	896
148	17800	1	1	4	1	0	0	5	14	94	5	24	30720	896	0	4	0	896
148	17808	1	1	4	1	0	0	5	14	94	5	24	30720	896	0	4	0	896
148	17824	1	1	4	1	0	0	5	14	94	5	24	30720	896	0	4	0	896
148	17856	1	1	4	1	0	0	5	14	94	5	24	30720	896	0	4	0	896
148	17923	1	1	4	1	0	0	4	19	3	2	23	30720	896	0	4	0	896
148	17925	1	1	4	1	0	0	4	19	3	2	23	30720	896	0	4	0	896
148	17926	1	1	4	1	0	0	4	19	3	2	23	30720	896	0	4	0	896
148	17929	1	1	4	1	0	0	4	19	3	2	23	30720	896	0	4	0	896
148	17930	1	1	4	1	0	0	4	19	3	2	23	30720	896	0	4	0	896
148	17932	1	1	4	1	0	0	4	19	3	2	23	30720	896	0	4	0	896
148	17937	1	1	4	1	0	0	4	19	3	2	23	30720	896	0	4	0	896
148	17938	1	1	4	1	0	0	4	19	3	2	23	30720	896	0	4	0	896
148	17940	1	1	4	1	0	0	4	19	3	2	23	30720	896	0	4	0	896
148	17944	1	1	4	1	0	0	4	19	3	2	23	30720	896	0	4	0	896
148	17953	1	1	4	1	0	0	4	19	3	2	23	30720	896	0	4	0	896
148	17954	1	1	4	1	0	0	4	19	3	2	23	30720	896	0	4	0	896
148	17956	1	1	4	1	0	0	4	19	3	2	23	30720	896	0	4	0	896
148	17960	1	1	4	1	0	0	4	19	3	2	23	30720	896	0	4	0	896
148	17968	1	3	4	1	0	0	5	19	3	2	23	30208	768	0	4	0	768,784,896
148	17985	1	1	4	1	0	0	4	19	3	2	23	30720	896	0	4	0	896
148	17986	1	1	4	1	0	0	4	19	3	2	23	30720	896	0	4	0	896
148	17988	1	1	4	1	0	0	4	19	3	2	23	30720	896	0	4	0	896
148	17992	1	1	4	1	0	0	4	19	3	2	23	30720	896	0	4	0	896
148	18000	1	3	4	1	0	0	5	19	3	2	23	30208	768	0	4	0	768,784,896
148	18016	1	3	4	1	0	0	5	19	3	2	23	30208	768	0	4	0	768,784,896
148	18049	1	1	4	1	0	0	5	16	77	4	24	30720	896	0	4	0	896
148	18050	1	1	4	1	0	0	5	16	77	4	24	30720	896	0	4	0	896
148	18052	1	1	4	1	0	0	5	16	77	4	24	30720	896	0	4	0	896
148	18056	1	1	4	1	0	0	5	16	77	4	24	30720	896	0	4	0	896
148	18064	1	1	4	1	0	0	5	16	77	4	24	30720	896	0	4	0	896
148	18080	1	1	4	1	0	0	5	16	77	4	24	30720	896	0	4	0	896
148	18112	1	1	4	1	0	0	5	16	77	4	24	30720	896	0	4	0	896
148	18177	1	1	4	1	0	0	5	16	77	4	24	30720	896	0	4	0	896
148	18178	1	1	4	1	0	0	5	16	77	4	24	30720	896	0	4	0	896
148	18180	1	1	4	1	0	0	5	16	77	4	24	30720	896	0	4	0	896
148	18184	1	1	4	1	0	0	5	16	77	4	24	30720	896	0	4	0	896
148	18192	1	1	4	1	0	0	5	16	77	4	24	30720	896	0	4	0	896
148	18208	1	1	4	1	0	0	5	16	77	4	24	30720	896	0	4	0	896
148	18240	1	1	4	1	0	0	5	16	77	4	24	30720	896	0	4	0	896
148	18304	1	1	4	1	0	0	7	13	222	6	25	30720	896	0	4	0	896
148	18439	1	2	4	1	1	1	0	18	11	3	24	31104	560	4096	3	1	462,560
148	18443	1	2	4	1	1	1	0	18	11	3	24	31104	560	4096	3	1	462,560
148	18445	1	2	4	1	1	1	0	18	11	3	24	31104	560	4096	3	1	462,560
148	18446	1	2	4	1	1	1	0	18	11	3	24	31104	560	4096	3	1	462,560
148	18451	2	6	3	1	0	0	3	16	77	4	24	30208	960	0	3	0	460,462,560,562,816,960
148	18453	2	6	3	1	0	0	3	16	77	4	24	30208	960	0	3	0	460,462,560,562,816,960
148	18454	2	6	3	1	0	0	3	16	77	4	24	30208	960	0	3	0	460,462,560,562,816,960
148	18457	2	6	3	1	0	0	3	16	77	4	24	30208	960	0	3	0	460,462,560,562,816,960
148	18458	2	6	3	1	0	0	3	16	77	4	24	30208	960	0	3	0	460,462,560,562,816,960
148	18460	2	6	3	1	0	0	3	16	77	4	24	30208	960	0	3	0	460,462,560,562,816,960
148	18467	2	6	3	1	0	0	3	16	77	4	24	30208	960	0	3	0	460,462,560,562,816,960
148	18469	2	6	3	1	0	0	3	16	77	4	24	30208	960	0	3	0	460,462,560,562,816,960
148	18470	2	6	3	1	0	0	3	16	77	4	24	30208	960	0	3	0	460,462,560,562,816,960
148	18473	2	6	3	1	0	0	3	16	77	4	24	30208	960	0	3	0	460,462,560,562,816,960
148	18474	2	6	3	1	0	0	3	16	77	4	24	30208	960	0	3	0	460,462,560,562,816,960
148	18476	2	6	3	1	0	0	3	16	77	4	24	30208	960	0	3	0	460,462,560,562,816,960
148	18481	2	2	3	1	0	0	3	14	94	5	24	30208	960	0	3	0	816,960
148	18482	2	2	3	1	0	0	3	14	94	5	24	30208	960	0	3	0	816,960
148	18484	2	2	3	1	0	0	3	14	94	5	24	30208	960	0	3	0	816,960
148	18488	2	2	3	1	0	0	3	14	94	5	24	30208	960	0	3	0	816,960
148	18499	2	6	3	1	0	0	3	16	77	4	24	30208	960	0	3	0	460,462,560,562,816,960
148	18501	2	6	3	1	0	0	3	16	77	4	24	30208	960	0	3	0	460,462,560,562,816,960
148	18502	2	6	3	1	0	0	3	16	77	4	24	30208	960	0	3	0	460,462,560,562,816,960
148	18505	2	6	3	1	0	0	3	16	77	4	24	30208	960	0	3	0	460,462,560,562,816,960
148	18506	2	6	3	1	0	0	3	16	77	4	24	30208	960	0	3	0	460,462,560,562,816,960
148	18508	2	6	3	1	0	0	3	16	77	4	24	30208	960	0	3	0	460,462,560,562,816,960
148	18513	2	2	3	1	0	0	3	14	94	5	24	30208	960	0	3	0	816,960
148	18514	2	2	3	1	0	0	3	14	94	5	24	30208	960	0	3	0	816,960
148	18516	2	2	3	1	0	0	3	14	94	5	24	30208	960	0	3	0	816,960
148	18520	2	2	3	1	0	0	3	14	94	5	24	30208	960	0	3	0	816,960
148	18529	2	2	3	1	0	0	3	14	94	5	24	30208	960	0	3	0	816,960
148	18530	2	2	3	1	0	0	3	14	94	5	24	30208	960	0	3	0	816,960
148	18532	2	2	3	1	0	0	3	14	94	5	24	30208	960	0	3	0	816,960
148	18536	2	2	3	1	0	0	3	14	94	5	24	30208	960	0	3	0	816,960
148	18544	2	2	3	1	0	0	3	12	222	6	24	30208	960	0	3	0	816,960
148	18563	1	1	4	1	0	0	2	19	11	3	25	30976	800	0	4	0	800
148	18565	1	1	4	1	0	0	2	19	11	3	25	30976	800	0	4	0	800
148	18566	1	1	4	1	0	0	2	19	11	3	25	30976	800	0	4	0	800
148	18569	1	1	4	1	0	0	2	19	11	3	25	30976	800	0	4	0	800
148	18570	1	1	4	1	0	0	2	19	11	3	25	30976	800	0	4	0	800
148	18572	1	1	4	1	0	0	2	19	11	3	25	30976	800	0	4	0	800
148	18577	1	1	4	1	0	0	2	17	77	4	25	30976	800	0	4	0	800
148	18578	1	1	4	1	0	0	2	17	77	4	25	30976	800	0	4	0	800
148	18580	1	1	4	1	0	0	2	17	77	4	25	30976	800	0	4	0	800
148	18584	1	1	4	1	0	0	2	17	77	4	25	30976	800	0	4	0	800
148	18593	1	1	4	1	0	0	2	17	77	4	25	30976	800	0	4	0	800
148	18594	1	1	4	1	0	0	2	17	77	4	25	30976	800	0	4	0	800
148	18596	1	1	4	1	0	0	2	17	77	4	25	30976	800	0	4	0	800
148	18600	1	1	4	1	0	0	2	17	77	4	25	30976	800	0	4	0	800
148	18608	1	1	4	1	0	0	2	15	94	5	25	30976	800	0	4	0	800
148	18625	1	1	4	1	0	0	2	17	77	4	25	30976	800	0	4	0	800
148	18626	1	1	4	1	0	0	2	17	77	4	25	30976	800	0	4	0	800
148	18628	1	1	4	1	0	0	2	17	77	4	25	30976	800	0	4	0	800
148	18632	1	1	4	1	0	0	2	17	77	4	25	30976	800	0	4	0	800
148	18640	1	1	4	1	0	0	2	15	94	5	25	30976	800	0	4	0	800
148	18656	1	1	4	1	0	0	2	15	94	5	25	30976	800	0	4	0	800
148	18691	1	1	4	1	0	0	2	19	11	3	25	30848	800	0	4	0	800
148	18693	1	1	4	1	0	0	2	19	11	3	25	30848	800	0	4	0	800
148	18694	1	1	4	1	0	0	2	19	11	3	25	30848	800	0	4	0	800
148	18697	1	1	4	1	0	0	2	19	11	3	25	30848	800	0	4	0	800
148	18698	1	1	4	1	0	0	2	19	11	3	25	30848	800	0	4	0	800
148	18700	1	1	4	1	0	0	2	19	11	3	25	30848	800	0	4	0	800
148	18705	1	1	4	1	0	0	2	17	77	4	25	30848	800	0	4	0	800
148	18706	1	1	4	1	0	0	2	17	77	4	25	30848	800	0	4	0	800
148	18708	1	1	4	1	0	0	2	17	77	4	25	30848	800	0	4	0	800
148	18712	1	1	4	1	0	0	2	17	77	4	25	30848	800	0	4	0	800
148	18721	1	1	4	1	0	0	2	17	77	4	25	30848	800	0	4	0	800
148	18722	1	1	4	1	0	0	2	17	77	4	25	30848	800	0	4	0	800
148	18724	1	1	4	1	0	0	2	17	77	4	25	30848	800	0	4	0	800
148	18728	1	1	4	1	0	0	2	17	77	4	25	30848	800	0	4	0	800
148	18736	1	1	4	1	0	0	2	15	94	5	25	30848	800	0	4	0	800
148	18753	1	1	4	1	0	0	2	17	77	4	25	30848	800	0	4	0	800
148	18754	1	1	4	1	0	0	2	17	77	4	25	30848	800	0	4	0	800
148	18756	1	1	4	1	0	0	2	17	77	4	25	30848	800	0	4	0	800
148	18760	1	1	4	1	0	0	2	17	77	4	25	30848	800	0	4	0	800
148	18768	1	1	4	1	0	0	2	15	94	5	25	30848	800	0	4	0	800
148	18784	1	1	4	1	0	0	2	15	94	5	25	30848	800	0	4	0	800
148	18817	0	1	5	1	0	0	4	20	11	3	26	30720	768	0	5	0	768
148	18818	0	1	5	1	0	0	4	20	11	3	26	30720	768	0	5	0	768
148	18820	0	1	5	1	0	0	4	20	11	3	26	30720	768	0	5	0	768
148	18824	0	1	5	1	0	0	4	20	11	3	26	30720	768	0	5	0	768
148	18832	0	1	5	1	0	0	4	18	77	4	26	30720	768	0	5	0	768
148	18848	0	1	5	1	0	0	4	18	77	4	26	30720	768	0	5	0	768
148	18880	0	1	5	1	0	0	4	18	77	4	26	30720	768	0	5	0	768
148	18947	1	1	4	1	0	0	3	19	76	3	25	30208	896	0	4	0	896
148	18949	1	1	4	1	0	0	3	19	76	3	25	30208	896	0	4	0	896
148	18950	1	1	4	1	0	0	3	19	76	3	25	30208	896	0	4	0	896
148	18953	1	1	4	1	0	0	3	19	76	3	25	30208	896	0	4	0	896
148	18954	1	1	4	1	0	0	3	19	76	3	25	30208	896	0	4	0	896
148	18956	1	1	4	1	0	0	3	19	76	3	25	30208	896	0	4	0	896
148	18961	1	1	4	1	0	0	3	17	86	4	25	30208	896	0	4	0	896
148	18962	1	1	4	1	0	0	3	17	86	4	25	30208	896	0	4	0	896
148	18964	1	1	4	1	0	0	3	17	86	4	25	30208	896	0	4	0	896
148	18968	1	1	4	1	0	0	3	17	86	4	25	30208	896	0	4	0	896
148	18977	1	1	4	1	0	0	3	17	86	4	25	30208	896	0	4	0	896
148	18978	1	1	4	1	0	0	3	17	86	4	25	30208	896	0	4	0	896
148	18980	1	1	4	1	0	0	3	17	86	4	25	30208	896	0	4	0	896
148	18984	1	1	4	1	0	0	3	17	86	4	25	30208	896	0	4	0	896
148	18992	1	1	4	1	0	0	3	15	94	5	25	30208	896	0	4	0	896
148	19009	1	1	4	1	0	0	3	17	86	4	25	30208	896	0	4	0	896
148	19010	1	1	4	1	0	0	3	17	86	4	25	30208	896	0	4	0	896
148	19012	1	1	4	1	0	0	3	17	86	4	25	30208	896	0	4	0	896
148	19016	1	1	4	1	0	0	3	17	86	4	25	30208	896	0	4	0	896
148	19024	1	1	4	1	0	0	3	15	94	5	25	30208	896	0	4	0	896
148	19040	1	1	4	1	0	0	3	15	94	5	25	30208	896	0	4	0	896
148	19073	1	3	4	1	0	0	8	18	86	4	26	30208	896	0	4	0	768,832,896
148	19074	1	3	4	1	0	0	8	18	86	4	26	30208	896	0	4	0	768,832,896
148	19076	1	3	4	1	0	0	8	18	86	4	26	30208	896	0	4	0	768,832,896
148	19080	1	3	4	1	0	0	8	18	86	4	26	30208	896	0	4	0	768,832,896
148	19088	1	3	4	1	0	0	8	18	236	5	26	30208	896	0	4	0	768,832,896
148	19104	1	3	4	1	0	0	8	18	236	5	26	30208	896	0	4	0	768,832,896
148	19136	1	3	4	1	0	0	8	18	236	5	26	30208	896	0	4	0	768,832,896
148	19201	1	3	4	1	0	0	8	18	86	4	26	30208	896	0	4	0	768,832,896
148	19202	1	3	4	1	0	0	8	18	86	4	26	30208	896	0	4	0	768,832,896
148	19204	1	3	4	1	0	0	8	18	86	4	26	30208	896	0	4	0	768,832,896
148	19208	1	3	4	1	0	0	8	18	86	4	26	30208	896	0	4	0	768,832,896
148	19216	1	3	4	1	0	0	8	18	236	5	26	30208	896	0	4	0	768,832,896
148	19232	1	3	4	1	0	0	8	18	236	5	26	30208	896	0	4	0	768,832,896
148	19264	1	3	4	1	0	0	8	18	236	5	26	30208	896	0	4	0	768,832,896
148	19328	0	1	5	1	0	0	5	17	94	5	27	30720	768	0	5	0	768
148	19459	1	1	4	1	0	0	3	19	76	3	25	30208	896	0	4	0	896
148	19461	1	1	4	1	0	0	3	19	76	3	25	30208	896	0	4	0	896
148	19462	1	1	4	1	0	0	3	19	76	3	25	30208	896	0	4	0	896
148	19465	1	1	4	1	0	0	3	19	76	3	25	30208	896	0	4	0	896
148	19466	1	1	4	1	0	0	3	19	76	3	25	30208	896	0	4	0	896
148	19468	1	1	4	1	0	0	3	19	76	3	25	30208	896	0	4	0	896
148	19473	1	1	4	1	0	0	3	17	86	4	25	30208	896	0	4	0	896
148	19474	1	1	4	1	0	0	3	17	86	4	25	30208	896	0	4	0	896
148	19476	1	1	4	1	0	0	3	17	86	4	25	30208	896	0	4	0	896
148	19480	1	1	4	1	0	0	3	17	86	4	25	30208	896	0	4	0	896
148	19489	1	1	4	1	0	0	3	17	86	4	25	30208	896	0	4	0	896
148	19490	1	1	4	1	0	0	3	17	86	4	25	30208	896	0	4	0	896
148	19492	1	1	4	1	0	0	3	17	86	4	25	30208	896	0	4	0	896
148	19496	1	1	4	1	0	0	3	17	86	4	25	30208	896	0	4	0	896
148	19504	1	1	4	1	0	0	3	15	94	5	25	30208	896	0	4	0	896
148	19521	1	1	4	1	0	0	3	17	86	4	25	30208	896	0	4	0	896
148	19522	1	1	4	1	0	0	3	17	86	4	25	30208	896	0	4	0	896
148	19524	1	1	4	1	0	0	3	17	86	4	25	30208	896	0	4	0	896
148	19528	1	1	4	1	0	0	3	17	86	4	25	30208	896	0	4	0	896
148	19536	1	1	4	1	0	0	3	15	94	5	25	30208	896	0	4	0	896
148	19552	1	1	4	1	0	0	3	15	94	5	25	30208	896	0	4	0	896
148	19585	1	3	4	1	0	0	8	18	86	4	26	30208	896	0	4	0	768,832,896
148	19586	1	3	4	1	0	0	8	18	86	4	26	30208	896	0	4	0	768,832,896
148	19588	1	3	4	1	0	0	8	18	86	4	26	30208	896	0	4	0	768,832,896
148	19592	1	3	4	1	0	0	8	18	86	4	26	30208	896	0	4	0	768,832,896
148	19600	1	3	4	1	0	0	8	18	236	5	26	30208	896	0	4	0	768,832,896
148	19616	1	3	4	1	0	0	8	18	236	5	26	30208	896	0	4	0	768,832,896
148	19648	1	3	4	1	0	0	8	18	236	5	26	30208	896	0	4	0	768,832,896
148	19713	1	3	4	1	0	0	8	18	86	4	26	30208	896	0	4	0	768,832,896
148	19714	1	3	4	1	0	0	8	18	86	4	26	30208	896	0	4	0	768,832,896
148	19716	1	3	4	1	0	0	8	18	86	4	26	30208	896	0	4	0	768,832,896
148	19720	1	3	4	1	0	0	8	18	86	4	26	30208	896	0	4	0	768,832,896
148	19728	1	3	4	1	0	0	8	18	236	5	26	30208	896	0	4	0	768,832,896
148	19744	1	3	4	1	0	0	8	18	236	5	26	30208	896	0	4	0	768,832,896
148	19776	1	3	4	1	0	0	8	18	236	5	26	30208	896	0	4	0	768,832,896
148	19840	0	1	5	1	0	0	5	17	94	5	27	30720	768	0	5	0	768
148	19969	0	1	5	1	0	0	5	20	76	3	26	30208	768	0	5	0	768
148	19970	0	1	5	1	0	0	5	20	76	3	26	30208	768	0	5	0	768
148	19972	0	1	5	1	0	0	5	20	76	3	26	30208	768	0	5	0	768
148	19976	0	1	5	1	0	0	5	20	76	3	26	30208	768	0	5	0	768
148	19984	0	1	5	1	0	0	5	18	77	4	26	30208	768	0	5	0	768
148	20000	0	1	5	1	0	0	5	18	77	4	26	30208	768	0	5	0	768
148	20032	0	1	5	1	0	0	5	18	77	4	26	30208	768	0	5	0	768
148	20096	0	1	5	1	0	0	6	17	94	5	27	30208	768	0	5	0	768
148	20224	0	1	5	1	0	0	6	17	94	5	27	30208	768	0	5	0	768
148	20487	0	1	5	1	0	0	1	13	222	6	25	31104	816	0	5	0	816
148	20491	0	1	5	1	0	0	1	13	222	6	25	31104	816	0	5	0	816
148	20493	0	1	5	1	0	0	1	13	222	6	25	31104	816	0	5	0	816
148	20494	0	1	5	1	0	0	1	13	222	6	25	31104	816	0	5	0	816
148	20499	0	1	5	1	0	0	1	15	94	5	25	31104	816	0	5	0	816
148	20501	0	1	5	1	0	0	1	15	94	5	25	31104	816	0	5	0	816
148	20502	0	1	5	1	0	0	1	15	94	5	25	31104	816	0	5	0	816
148	20505	0	1	5	1	0	0	1	15	94	5	25	31104	816	0	5	0	816
148	20506	0	1	5	1	0	0	1	15	94	5	25	31104	816	0	5	0	816
148	20508	0	1	5	1	0	0	1	15	94	5	25	31104	816	0	5	0	816
148	20515	0	1	5	1	0	0	1	15	94	5	25	31104	816	0	5	0	816
148	20517	0	1	5	1	0	0	1	15	94	5	25	31104	816	0	5	0	816
148	20518	0	1	5	1	0	0	1	15	94	5	25	31104	816	0	5	0	816
148	20521	0	1	5	1	0	0	1	15	94	5	25	31104	816	0	5	0	816
148	20522	0	1	5	1	0	0	1	15	94	5	25	31104	816	0	5	0	816
148	20524	0	1	5	1	0	0	1	15	94	5	25	31104	816	0	5	0	816
148	20529	0	1	5	1	0	0	1	17	77	4	25	31104	816	0	5	0	816
148	20530	0	1	5	1	0	0	1	17	77	4	25	31104	816	0	5	0	816
148	20532	0	1	5	1	0	0	1	17	77	4	25	31104	816	0	5	0	816
148	20536	0	1	5	1	0	0	1	17	77	4	25	31104	816	0	5	0	816
148	20547	0	1	5	1	0	0	1	15	94	5	25	31104	816	0	5	0	816
148	20549	0	1	5	1	0	0	1	15	94	5	25	31104	816	0	5	0	816
148	20550	0	1	5	1	0	0	1	15	94	5	25	31104	816	0	5	0	816
148	20553	0	1	5	1	0	0	1	15	94	5	25	31104	816	0	5	0	816
148	20554	0	1	5	1	0	0	1	15	94	5	25	31104	816	0	5	0	816
148	20556	0	1	5	1	0	0	1	15	94	5	25	31104	816	0	5	0	816
148	20561	0	1	5	1	0	0	1	17	77	4	25	31104	816	0	5	0	816
148	20562	0	1	5	1	0	0	1	17	77	4	25	31104	816	0	5	0	816
148	20564	0	1	5	1	0	0	1	17	77	4	25	31104	816	0	5	0	816
148	20568	0	1	5	1	0	0	1	17	77	4	25	31104	816	0	5	0	816
148	20577	0	1	5	1	0	0	1	17	77	4	25	31104	816	0	5	0	816
148	20578	0	1	5	1	0	0	1	17	77	4	25	31104	816	0	5	0	816
148	20580	0	1	5	1	0	0	1	17	77	4	25	31104	816	0	5	0	816
148	20584	0	1	5	1	0	0	1	17	77	4	25	31104	816	0	5	0	816
148	20592	0	1	5	1	0	0	1	19	11	3	25	31104	816	0	5	0	816
148	20611	0	1	5	1	0	0	2	14	222	6	26	30976	800	0	5	0	800
148	20613	0	1	5	1	0	0	2	14	222	6	26	30976	800	0	5	0	800
148	20614	0	1	5	1	0	0	2	14	222	6	26	30976	800	0	5	0	800
148	20617	0	1	5	1	0	0	2	14	222	6	26	30976	800	0	5	0	800
148	20618	0	1	5	1	0	0	2	14	222	6	26	30976	800	0	5	0	800
148	20620	0	1	5	1	0	0	2	14	222	6	26	30976	800	0	5	0	800
148	20625	0	1	5	1	0	0	2	16	94	5	26	30976	800	0	5	0	800
148	20626	0	1	5	1	0	0	2	16	94	5	26	30976	800	0	5	0	800
148	20628	0	1	5	1	0	0	2	16	94	5	26	30976	800	0	5	0	800
148	20632	0	1	5	1	0	0	2	16	94	5	26	30976	800	0	5	0	800
148	20641	0	1	5	1	0	0	2	16	94	5	26	30976	800	0	5	0	800
148	20642	0	1	5	1	0	0	2	16	94	5	26	30976	800	0	5	0	800
148	20644	0	1	5	1	0	0	2	16	94	5	26	30976	800	0	5	0	800
148	20648	0	1	5	1	0	0	2	16	94	5	26	30976	800	0	5	0	800
148	20656	0	1	5	1	0	0	2	18	77	4	26	30976	800	0	5	0	800
148	20673	0	1	5	1	0	0	2	16	94	5	26	30976	800	0	5	0	800
148	20674	0	1	5	1	0	0	2	16	94	5	26	30976	800	0	5	0	800
148	20676	0	1	5	1	0	0	2	16	94	5	26	30976	800	0	5	0	800
148	20680	0	1	5	1	0	0	2	16	94	5	26	30976	800	0	5	0	800
148	20688	0	1	5	1	0	0	2	18	77	4	26	30976	800	0	5	0	800
148	20704	0	1	5	1	0	0	2	18	77	4	26	30976	800	0	5	0	800
148	20739	0	1	5	1	0	0	2	14	222	6	26	30848	800	0	5	0	800
148	20741	0	1	5	1	0	0	2	14	222	6	26	30848	800	0	5	0	800
148	20742	0	1	5	1	0	0	2	14	222	6	26	30848	800	0	5	0	800
148	20745	0	1	5	1	0	0	2	14	222	6	26	30848	800	0	5	0	800
148	20746	0	1	5	1	0	0	2	14	222	6	26	30848	800	0	5	0	800
148	20748	0	1	5	1	0	0	2	14	222	6	26	30848	800	0	5	0	800
148	20753	0	1	5	1	0	0	2	16	94	5	26	30848	800	0	5	0	800
148	20754	0	1	5	1	0	0	2	16	94	5	26	30848	800	0	5	0	800
148	20756	0	1	5	1	0	0	2	16	94	5	26	30848	800	0	5	0	800
148	20760	0	1	5	1	0	0	2	16	94	5	26	30848	800	0	5	0	800
148	20769	0	1	5	1	0	0	2	16	94	5	26	30848	800	0	5	0	800
148	20770	0	1	5	1	0	0	2	16	94	5	26	30848	800	0	5	0	800
148	20772	0	1	5	1	0	0	2	16	94	5	26	30848	800	0	5	0	800
148	20776	0	1	5	1	0	0	2	16	94	5	26	30848	800	0	5	0	800
148	20784	0	1	5	1	0	0	2	18	77	4	26	30848	800	0	5	0	800
148	20801	0	1	5	1	0	0	2	16	94	5	26	30848	800	0	5	0	800
148	20802	0	1	5	1	0	0	2	16	94	5	26	30848	800	0	5	0	800
148	20804	0	1	5	1	0	0	2	16	94	5	26	30848	800	0	5	0	800
148	20808	0	1	5	1	0	0	2	16	94	5	26	30848	800	0	5	0	800
148	20816	0	1	5	1	0	0	2	18	77	4	26	30848	800	0	5	0	800
148	20832	0	1	5	1	0	0	2	18	77	4	26	30848	800	0	5	0	800
148	20865	0	1	5	1	0	0	4	15	222	6	27	30720	768	0	5	0	768
148	20866	0	1	5	1	0	0	4	15	222	6	27	30720	768	0	5	0	768
148	20868	0	1	5	1	0	0	4	15	222	6	27	30720	768	0	5	0	768
148	20872	0	1	5	1	0	0	4	15	222	6	27	30720	768	0	5	0	768
148	20880	0	1	5	1	0	0	4	17	94	5	27	30720	768	0	5	0	768
148	20896	0	1	5	1	0	0	4	17	94	5	27	30720	768	0	5	0	768
148	20928	0	1	5	1	0	0	4	17	94	5	27	30720	768	0	5	0	768
148	20995	0	1	5	1	0	0	1	18	30	4	26	31104	864	0	5	0	864
148	20997	0	1	5	1	0	0	1	18	30	4	26	31104	864	0	5	0	864
148	20998	0	1	5	1	0	0	1	18	30	4	26	31104	864	0	5	0	864
148	21001	0	1	5	1	0	0	1	18	30	4	26	31104	864	0	5	0	864
148	21002	0	1	5	1	0	0	1	18	30	4	26	31104	864	0	5	0	864
148	21004	0	1	5	1	0	0	1	18	30	4	26	31104	864	0	5	0	864
148	21009	0	1	5	1	0	0	1	20	13	3	26	31104	864	0	5	0	864
148	21010	0	1	5	1	0	0	1	20	13	3	26	31104	864	0	5	0	864
148	21012	0	1	5	1	0	0	1	20	13	3	26	31104	864	0	5	0	864
148	21016	0	1	5	1	0	0	1	20	13	3	26	31104	864	0	5	0	864
148	21025	0	1	5	1	0	0	1	20	13	3	26	31104	864	0	5	0	864
148	21026	0	1	5	1	0	0	1	20	13	3	26	31104	864	0	5	0	864
148	21028	0	1	5	1	0	0	1	20	13	3	26	31104	864	0	5	0	864
148	21032	0	1	5	1	0	0	1	20	13	3	26	31104	864	0	5	0	864
148	21040	0	1	5	1	0	0	1	22	3	2	26	31104	864	0	5	0	864
148	21057	0	1	5	1	0	0	1	20	13	3	26	31104	864	0	5	0	864
148	21058	0	1	5	1	0	0	1	20	13	3	26	31104	864	0	5	0	864
148	21060	0	1	5	1	0	0	1	20	13	3	26	31104	864	0	5	0	864
148	21064	0	1	5	1	0	0	1	20	13	3	26	31104	864	0	5	0	864
148	21072	0	1	5	1	0	0	1	22	3	2	26	31104	864	0	5	0	864
148	21088	0	1	5	1	0	0	1	22	3	2	26	31104	864	0	5	0	864
148	21121	0	1	5	1	0	0	2	17	94	5	27	30976	832	0	5	0	832
148	21122	0	1	5	1	0	0	2	17	94	5	27	30976	832	0	5	0	832
148	21124	0	1	5	1	0	0	2	17	94	5	27	30976	832	0	5	0	832
148	21128	0	1	5	1	0	0	2	17	94	5	27	30976	832	0	5	0	832
148	21136	0	1	5	1	0	0	2	19	77	4	27	30976	832	0	5	0	832
148	21152	0	1	5	1	0	0	2	19	77	4	27	30976	832	0	5	0	832
148	21184	0	1	5	1	0	0	2	19	77	4	27	30976	832	0	5	0	832
148	21249	0	1	5	1	0	0	2	17	94	5	27	30848	832	0	5	0	832
148	21250	0	1	5	1	0	0	2	17	94	5	27	30848	832	0	5	0	832
148	21252	0	1	5	1	0	0	2	17	94	5	27	30848	832	0	5	0	832
148	21256	0	1	5	1	0	0	2	17	94	5	27	30848	832	0	5	0	832
148	21264	0	1	5	1	0	0	2	19	77	4	27	30848	832	0	5	0	832
148	21280	0	1	5	1	0	0	2	19	77	4	27	30848	832	0	5	0	832
148	21312	0	1	5	1	0	0	2	19	77	4	27	30848	832	0	5	0	832
148	21376	0	1	5	1	0	0	5	16	222	6	28	30720	768	0	5	0	768
148	21507	0	1	5	1	0	0	1	18	30	4	26	31104	864	0	5	0	864
148	21509	0	1	5	1	0	0	1	18	30	4	26	31104	864	0	5	0	864
148	21510	0	1	5	1	0	0	1	18	30	4	26	31104	864	0	5	0	864
148	21513	0	1	5	1	0	0	1	18	30	4	26	31104	864	0	5	0	864
148	21514	0	1	5	1	0	0	1	18	30	4	26	31104	864	0	5	0	864
148	21516	0	1	5	1	0	0	1	18	30	4	26	31104	864	0	5	0	864
148	21521	0	1	5	1	0	0	1	20	13	3	26	31104	864	0	5	0	864
148	21522	0	1	5	1	0	0	1	20	13	3	26	31104	864	0	5	0	864
148	21524	0	1	5	1	0	0	1	20	13	3	26	31104	864	0	5	0	864
148	21528	0	1	5	1	0	0	1	20	13	3	26	31104	864	0	5	0	864
148	21537	0	1	5	1	0	0	1	20	13	3	26	31104	864	0	5	0	864
148	21538	0	1	5	1	0	0	1	20	13	3	26	31104	864	0	5	0	864
148	21540	0	1	5	1	0	0	1	20	13	3	26	31104	864	0	5	0	864
148	21544	0	1	5	1	0	0	1	20	13	3	26	31104	864	0	5	0	864
148	21552	0	1	5	1	0	0	1	22	3	2	26	31104	864	0	5	0	864
148	21569	0	1	5	1	0	0	1	20	13	3	26	31104	864	0	5	0	864
148	21570	0	1	5	1	0	0	1	20	13	3	26	31104	864	0	5	0	864
148	21572	0	1	5	1	0	0	1	20	13	3	26	31104	864	0	5	0	864
148	21576	0	1	5	1	0	0	1	20	13	3	26	31104	864	0	5	0	864
148	21584	0	1	5	1	0	0	1	22	3	2	26	31104	864	0	5	0	864
148	21600	0	1	5	1	0	0	1	22	3	2	26	31104	864	0	5	0	864
148	21633	0	1	5	1	0	0	2	17	94	5	27	30976	832	0	5	0	832
148	21634	0	1	5	1	0	0	2	17	94	5	27	30976	832	0	5	0	832
148	21636	0	1	5	1	0	0	2	17	94	5	27	30976	832	0	5	0	832
148	21640	0	1	5	1	0	0	2	17	94	5	27	30976	832	0	5	0	832
148	21648	0	1	5	1	0	0	2	19	77	4	27	30976	832	0	5	0	832
148	21664	0	1	5	1	0	0	2	19	77	4	27	30976	832	0	5	0	832
148	21696	0	1	5	1	0	0	2	19	77	4	27	30976	832	0	5	0	832
148	21761	0	1	5	1	0	0	2	17	94	5	27	30848	832	0	5	0	832
148	21762	0	1	5	1	0	0	2	17	94	5	27	30848	832	0	5	0	832
148	21764	0	1	5	1	0	0	2	17	94	5	27	30848	832	0	5	0	832
148	21768	0	1	5	1	0	0	2	17	94	5	27	30848	832	0	5	0	832
148	21776	0	1	5	1	0	0	2	19	77	4	27	30848	832	0	5	0	832
148	21792	0	1	5	1	0	0	2	19	77	4	27	30848	832	0	5	0	832
148	21824	0	1	5	1	0	0	2	19	77	4	27	30848	832	0	5	0	832
148	21888	0	1	5	1	0	0	5	16	222	6	28	30720	768	0	5	0	768
148	22017	0	4	5	1	0	0	7	23	3	2	27	30720	768	0	5	0	768,832,896,960
148	22018	0	4	5	1	0	0	7	23	3	2	27	30720	768	0	5	0	768,832,896,960
148	22020	0	4	5	1	0	0	7	23	3	2	27	30720	768	0	5	0	768,832,896,960
148	22024	0	4	5	1	0	0	7	23	3	2	27	30720	768	0	5	0	768,832,896,960
148	22032	0	4	5	1	0	0	7	25	1	1	27	30720	768	0	5	0	768,832,896,960
148	22048	0	4	5	1	0	0	7	25	1	1	27	30720	768	0	5	0	768,832,896,960
148	22080	0	4	5	1	0	0	7	25	1	1	27	30720	768	0	5	0	768,832,896,960
148	22144	0	2	5	1	0	0	7	20	75	4	28	30720	768	0	5	0	768,896
148	22272	0	2	5	1	0	0	7	20	75	4	28	30720	768	0	5	0	768,896
148	22531	0	1	5	1	0	0	1	18	94	5	28	31104	608	0	5	0	608
148	22533	0	1	5	1	0	0	1	18	94	5	28	31104	608	0	5	0	608
148	22534	0	1	5	1	0	0	1	18	94	5	28	31104	608	0	5	0	608
148	22537	0	1	5	1	0	0	1	18	94	5	28	31104	608	0	5	0	608
148	22538	0	1	5	1	0	0	1	18	94	5	28	31104	608	0	5	0	608
148	22540	0	1	5	1	0	0	1	18	94	5	28	31104	608	0	5	0	608
148	22545	0	1	5	1	0	0	1	20	236	5	28	31104	608	0	5	0	608
148	22546	0	1	5	1	0	0	1	20	236	5	28	31104	608	0	5	0	608
148	22548	0	1	5	1	0	0	1	20	236	5	28	31104	608	0	5	0	608
148	22552	0	1	5	1	0	0	1	20	236	5	28	31104	608	0	5	0	608
148	22561	0	1	5	1	0	0	1	20	236	5	28	31104	608	0	5	0	608
148	22562	0	1	5	1	0	0	1	20	236	5	28	31104	608	0	5	0	608
148	22564	0	1	5	1	0	0	1	20	236	5	28	31104	608	0	5	0	608
148	22568	0	1	5	1	0	0	1	20	236	5	28	31104	608	0	5	0	608
148	22576	0	1	5	1	0	0	1	18	94	5	28	31104	608	0	5	0	608
148	22593	0	1	5	1	0	0	1	20	236	5	28	31104	608	0	5	0	608
148	22594	0	1	5	1	0	0	1	20	236	5	28	31104	608	0	5	0	608
148	22596	0	1	5	1	0	0	1	20	236	5	28	31104	608	0	5	0	608
148	22600	0	1	5	1	0	0	1	20	236	5	28	31104	608	0	5	0	608
148	22608	0	1	5	1	0	0	1	18	94	5	28	31104	608	0	5	0	608
148	22624	0	1	5	1	0	0	1	18	94	5	28	31104	608	0	5	0	608
148	22657	0	1	5	1	0	0	2	19	94	5	29	30976	576	0	5	0	576
148	22658	0	1	5	1	0	0	2	19	94	5	29	30976	576	0	5	0	576
148	22660	0	1	5	1	0	0	2	19	94	5	29	30976	576	0	5	0	576
148	22664	0	1	5	1	0	0	2	19	94	5	29	30976	576	0	5	0	576
148	22672	0	1	5	1	0	0	2	21	236	5	29	30976	576	0	5	0	576
148	22688	0	1	5	1	0	0	2	21	236	5	29	30976	576	0	5	0	576
148	22720	0	1	5	1	0	0	2	21	236	5	29	30976	576	0	5	0	576
148	22785	0	1	5	1	0	0	2	19	94	5	29	30848	576	0	5	0	576
148	22786	0	1	5	1	0	0	2	19	94	5	29	30848	576	0	5	0	576
148	22788	0	1	5	1	0	0	2	19	94	5	29	30848	576	0	5	0	576
148	22792	0	1	5	1	0	0	2	19	94	5	29	30848	576	0	5	0	576
148	22800	0	1	5	1	0	0	2	21	236	5	29	30848	576	0	5	0	576
148	22816	0	1	5	1	0	0	2	21	236	5	29	30848	576	0	5	0	576
148	22848	0	1	5	1	0	0	2	21	236	5	29	30848	576	0	5	0	576
148	22912	0	1	5	1	0	0	4	20	94	5	30	30720	512	0	5	0	512
148	23041	0	1	5	1	0	0	1	21	86	4	29	31104	704	0	5	0	704
148	23042	0	1	5	1	0	0	1	21	86	4	29	31104	704	0	5	0	704
148	23044	0	1	5	1	0	0	1	21	86	4	29	31104	704	0	5	0	704
148	23048	0	1	5	1	0	0	1	21	86	4	29	31104	704	0	5	0	704
148	23056	0	1	5	1	0	0	1	21	77	4	29	31104	704	0	5	0	704
148	23072	0	1	5	1	0	0	1	21	77	4	29	31104	704	0	5	0	704
148	23104	0	1	5	1	0	0	1	21	77	4	29	31104	704	0	5	0	704
148	23168	0	1	5	1	0	0	2	20	94	5	30	30976	640	0	5	0	640
148	23296	0	1	5	1	0	0	2	20	94	5	30	30848	640	0	5	0	640
148	23553	0	1	5	1	0	0	1	21	86	4	29	31104	704	0	5	0	704
148	23554	0	1	5	1	0	0	1	21	86	4	29	31104	704	0	5	0	704
148	23556	0	1	5	1	0	0	1	21	86	4	29	31104	704	0	5	0	704
148	23560	0	1	5	1	0	0	1	21	86	4	29	31104	704	0	5	0	704
148	23568	0	1	5	1	0	0	1	21	77	4	29	31104	704	0	5	0	704
148	23584	0	1	5	1	0	0	1	21	77	4	29	31104	704	0	5	0	704
148	23616	0	1	5	1	0	0	1	21	77	4	29	31104	704	0	5	0	704
148	23680	0	1	5	1	0	0	2	20	94	5	30	30976	640	0	5	0	640
148	23808	0	1	5	1	0	0	2	20	94	5	30	30848	640	0	5	0	640
148	24064	0	4	5	1	0	0	8	24	11	3	30	30208	512	0	5	0	512,640,768,896
148	24583	0	1	5	1	3	2	0	15	222	6	27	31104	305	4104	2	3	718
148	24587	0	1	5	1	3	2	0	15	222	6	27	31104	305	4100	2	3	718
148	24589	0	1	5	1	3	2	0	15	222	6	27	31104	305	4098	2	3	718
148	24590	0	1	5	1	3	2	0	15	222	6	27	31104	305	4097	2	3	718
148	24595	0	1	5	1	2	2	0	15	222	6	27	30208	716	96	3	2	716
148	24597	0	1	5	1	2	2	0	15	222	6	27	30208	716	96	3	2	716
148	24598	0	1	5	1	2	2	0	15	222	6	27	30208	716	96	3	2	716
148	24601	0	1	5	1	2	2	0	15	222	6	27	30208	716	96	3	2	716
148	24602	0	1	5	1	2	2	0	15	222	6	27	30208	716	96	3	2	716
148	24604	0	1	5	1	2	2	0	15	222	6	27	30208	716	96	3	2	716
148	24611	0	1	5	1	2	2	0	15	222	6	27	30208	716	80	3	2	716
148	24613	0	1	5	1	2	2	0	15	222	6	27	30208	716	80	3	2	716
148	24614	0	1	5	1	2	2	0	15	222	6	27	30208	716	80	3	2	716
148	24617	0	1	5	1	2	2	0	15	222	6	27	30208	716	80	3	2	716
148	24618	0	1	5	1	2	2	0	15	222	6	27	30208	716	80	3	2	716
148	24620	0	1	5	1	2	2	0	15	222	6	27	30208	716	80	3	2	716
148	24625	0	1	5	1	1	1	0	15	222	6	27	30208	712	64	4	1	712
148	24626	0	1	5	1	1	1	0	15	222	6	27	30208	712	64	4	1	712
148	24628	0	1	5	1	1	1	0	15	222	6	27	30208	712	64	4	1	712
148	24632	0	1	5	1	1	1	0	15	222	6	27	30208	712	64	4	1	712
148	24643	0	1	5	1	2	2	0	15	222	6	27	30208	716	48	3	2	716
148	24645	0	1	5	1	2	2	0	15	222	6	27	30208	716	48	3	2	716
148	24646	0	1	5	1	2	2	0	15	222	6	27	30208	716	48	3	2	716
148	24649	0	1	5	1	2	2	0	15	222	6	27	30208	716	48	3	2	716
148	24650	0	1	5	1	2	2	0	15	222	6	27	30208	716	48	3	2	716
148	24652	0	1	5	1	2	2	0	15	222	6	27	30208	716	48	3	2	716
148	24657	0	1	5	1	1	1	0	15	222	6	27	30208	712	32	4	1	712
148	24658	0	1	5	1	1	1	0	15	222	6	27	30208	712	32	4	1	712
148	24660	0	1	5	1	1	1	0	15	222	6	27	30208	712	32	4	1	712
148	24664	0	1	5	1	1	1	0	15	222	6	27	30208	712	32	4	1	712
148	24673	0	1	5	1	1	1	0	15	222	6	27	30208	712	16	4	1	712
148	24674	0	1	5	1	1	1	0	15	222	6	27	30208	712	16	4	1	712
148	24676	0	1	5	1	1	1	0	15	222	6	27	30208	712	16	4	1	712
148	24680	0	1	5	1	1	1	0	15	222	6	27	30208	712	16	4	1	712
148	24688	0	1	5	1	0	0	1	15	222	6	27	30208	704	0	5	0	704
148	24707	0	1	5	1	2	3	0	18	94	5	28	30208	732	112	2	3	732
148	24709	0	1	5	1	2	3	0	18	94	5	28	30208	732	112	2	3	732
148	24710	0	1	5	1	2	3	0	18	94	5	28	30208	732	112	2	3	732
148	24713	0	1	5	1	2	3	0	18	94	5	28	30208	732	112	2	3	732
148	24714	0	1	5	1	2	3	0	18	94	5	28	30208	732	112	2	3	732
148	24716	0	1	5	1	2	3	0	18	94	5	28	30208	732	112	2	3	732
148	24721	0	1	5	1	2	2	0	18	94	5	28	30208	728	96	3	2	728
148	24722	0	1	5	1	2	2	0	18	94	5	28	30208	728	96	3	2	728
148	24724	0	1	5	1	2	2	0	18	94	5	28	30208	728	96	3	2	728
148	24728	0	1	5	1	2	2	0	18	94	5	28	30208	728	96	3	2	728
148	24737	0	1	5	1	2	2	0	18	94	5	28	30208	728	80	3	2	728
148	24738	0	1	5	1	2	2	0	18	94	5	28	30208	728	80	3	2	728
148	24740	0	1	5	1	2	2	0	18	94	5	28	30208	728	80	3	2	728
148	24744	0	1	5	1	2	2	0	18	94	5	28	30208	728	80	3	2	728
148	24752	0	1	5	1	1	1	0	18	94	5	28	30208	720	64	4	1	720
148	24769	0	1	5	1	2	2	0	18	94	5	28	30208	728	48	3	2	728
148	24770	0	1	5	1	2	2	0	18	94	5	28	30208	728	48	3	2	728
148	24772	0	1	5	1	2	2	0	18	94	5	28	30208	728	48	3	2	728
148	24776	0	1	5	1	2	2	0	18	94	5	28	30208	728	48	3	2	728
148	24784	0	1	5	1	1	1	0	18	94	5	28	30208	720	32	4	1	720
148	24800	0	1	5	1	1	1	0	18	94	5	28	30208	720	16	4	1	720
148	24835	0	1	5	1	2	3	0	18	94	5	28	30208	732	112	2	3	732
148	24837	0	1	5	1	2	3	0	18	94	5	28	30208	732	112	2	3	732
148	24838	0	1	5	1	2	3	0	18	94	5	28	30208	732	112	2	3	732
148	24841	0	1	5	1	2	3	0	18	94	5	28	30208	732	112	2	3	732
148	24842	0	1	5	1	2	3	0	18	94	5	28	30208	732	112	2	3	732
148	24844	0	1	5	1	2	3	0	18	94	5	28	30208	732	112	2	3	732
148	24849	0	1	5	1	2	2	0	18	94	5	28	30208	728	96	3	2	728
148	24850	0	1	5	1	2	2	0	18	94	5	28	30208	728	96	3	2	728
148	24852	0	1	5	1	2	2	0	18	94	5	28	30208	728	96	3	2	728
148	24856	0	1	5	1	2	2	0	18	94	5	28	30208	728	96	3	2	728
148	24865	0	1	5	1	2	2	0	18	94	5	28	30208	728	80	3	2	728
148	24866	0	1	5	1	2	2	0	18	94	5	28	30208	728	80	3	2	728
148	24868	0	1	5	1	2	2	0	18	94	5	28	30208	728	80	3	2	728
148	24872	0	1	5	1	2	2	0	18	94	5	28	30208	728	80	3	2	728
148	24880	0	1	5	1	1	1	0	18	94	5	28	30208	720	64	4	1	720
148	24897	0	1	5	1	2	2	0	18	94	5	28	30208	728	48	3	2	728
148	24898	0	1	5	1	2	2	0	18	94	5	28	30208	728	48	3	2	728
148	24900	0	1	5	1	2	2	0	18	94	5	28	30208	728	48	3	2	728
148	24904	0	1	5	1	2	2	0	18	94	5	28	30208	728	48	3	2	728
148	24912	0	1	5	1	1	1	0	18	94	5	28	30208	720	32	4	1	720
148	24928	0	1	5	1	1	1	0	18	94	5	28	30208	720	16	4	1	720
148	24961	0	1	5	1	1	3	0	21	77	4	29	30208	760	112	2	3	760
148	24962	0	1	5	1	1	3	0	21	77	4	29	30208	760	112	2	3	760
148	24964	0	1	5	1	1	3	0	21	77	4	29	30208	760	112	2	3	760
148	24968	0	1	5	1	1	3	0	21	77	4	29	30208	760	112	2	3	760
148	24976	0	1	5	1	1	2	0	21	77	4	29	30208	752	96	3	2	752
148	24992	0	1	5	1	1	2	0	21	77	4	29	30208	752	80	3	2	752
148	25024	0	1	5	1	1	2	0	21	77	4	29	30208	752	48	3	2	752
148	25091	0	1	5	1	2	3	0	18	94	5	28	30208	668	112	2	3	668
148	25093	0	1	5	1	2	3	0	18	94	5	28	30208	668	112	2	3	668
148	25094	0	1	5	1	2	3	0	18	94	5	28	30208	668	112	2	3	668
148	25097	0	1	5	1	2	3	0	18	94	5	28	30208	668	112	2	3	668
148	25098	0	1	5	1	2	3	0	18	94	5	28	30208	668	112	2	3	668
148	25100	0	1	5	1	2	3	0	18	94	5	28	30208	668	112	2	3	668
148	25105	0	1	5	1	2	2	0	18	94	5	28	30208	664	96	3	2	664
148	25106	0	1	5	1	2	2	0	18	94	5	28	30208	664	96	3	2	664
148	25108	0	1	5	1	2	2	0	18	94	5	28	30208	664	96	3	2	664
148	25112	0	1	5	1	2	2	0	18	94	5	28	30208	664	96	3	2	664
148	25121	0	1	5	1	2	2	0	18	94	5	28	30208	664	80	3	2	664
148	25122	0	1	5	1	2	2	0	18	94	5	28	30208	664	80	3	2	664
148	25124	0	1	5	1	2	2	0	18	94	5	28	30208	664	80	3	2	664
148	25128	0	1	5	1	2	2	0	18	94	5	28	30208	664	80	3	2	664
148	25136	0	1	5	1	1	1	0	18	94	5	28	30208	656	64	4	1	656
148	25153	0	1	5	1	2	2	0	18	94	5	28	30208	664	48	3	2	664
148	25154	0	1	5	1	2	2	0	18	94	5	28	30208	664	48	3	2	664
148	25156	0	1	5	1	2	2	0	18	94	5	28	30208	664	48	3	2	664
148	25160	0	1	5	1	2	2	0	18	94	5	28	30208	664	48	3	2	664
148	25168	0	1	5	1	1	1	0	18	94	5	28	30208	656	32	4	1	656
148	25184	0	1	5	1	1	1	0	18	94	5	28	30208	656	16	4	1	656
148	25217	0	1	5	1	2	3	0	21	236	5	29	30208	696	112	2	3	696
148	25218	0	1	5	1	2	3	0	21	236	5	29	30208	696	112	2	3	696
148	25220	0	1	5	1	2	3	0	21	236	5	29	30208	696	112	2	3	696
148	25224	0	1	5	1	2	3	0	21	236	5	29	30208	696	112	2	3	696
148	25232	0	1	5	1	2	2	0	21	236	5	29	30208	688	96	3	2	688
148	25248	0	1	5	1	2	2	0	21	236	5	29	30208	688	80	3	2	688
148	25280	0	1	5	1	2	2	0	21	236	5	29	30208	688	48	3	2	688
148	25345	0	1	5	1	2	3	0	21	236	5	29	30208	696	112	2	3	696
148	25346	0	1	5	1	2	3	0	21	236	5	29	30208	696	112	2	3	696
148	25348	0	1	5	1	2	3	0	21	236	5	29	30208	696	112	2	3	696
148	25352	0	1	5	1	2	3	0	21	236	5	29	30208	696	112	2	3	696
148	25360	0	1	5	1	2	2	0	21	236	5	29	30208	688	96	3	2	688
148	25376	0	1	5	1	2	2	0	21	236	5	29	30208	688	80	3	2	688
148	25408	0	1	5	1	2	2	0	21	236	5	29	30208	688	48	3	2	688
148	25472	0	1	5	1	1	3	0	20	94	5	30	30208	752	112	2	3	752
148	25603	0	1	5	1	2	3	0	18	94	5	28	30208	668	112	2	3	668
148	25605	0	1	5	1	2	3	0	18	94	5	28	30208	668	112	2	3	668
148	25606	0	1	5	1	2	3	0	18	94	5	28	30208	668	112	2	3	668
148	25609	0	1	5	1	2	3	0	18	94	5	28	30208	668	112	2	3	668
148	25610	0	1	5	1	2	3	0	18	94	5	28	30208	668	112	2	3	668
148	25612	0	1	5	1	2	3	0	18	94	5	28	30208	668	112	2	3	668
148	25617	0	1	5	1	2	2	0	18	94	5	28	30208	664	96	3	2	664
148	25618	0	1	5	1	2	2	0	18	94	5	28	30208	664	96	3	2	664
148	25620	0	1	5	1	2	2	0	18	94	5	28	30208	664	96	3	2	664
148	25624	0	1	5	1	2	2	0	18	94	5	28	30208	664	96	3	2	664
148	25633	0	1	5	1	2	2	0	18	94	5	28	30208	664	80	3	2	664
148	25634	0	1	5	1	2	2	0	18	94	5	28	30208	664	80	3	2	664
148	25636	0	1	5	1	2	2	0	18	94	5	28	30208	664	80	3	2	664
148	25640	0	1	5	1	2	2	0	18	94	5	28	30208	664	80	3	2	664
148	25648	0	1	5	1	1	1	0	18	94	5	28	30208	656	64	4	1	656
148	25665	0	1	5	1	2	2	0	18	94	5	28	30208	664	48	3	2	664
148	25666	0	1	5	1	2	2	0	18	94	5	28	30208	664	48	3	2	664
148	25668	0	1	5	1	2	2	0	18	94	5	28	30208	664	48	3	2	664
148	25672	0	1	5	1	2	2	0	18	94	5	28	30208	664	48	3	2	664
148	25680	0	1	5	1	1	1	0	18	94	5	28	30208	656	32	4	1	656
148	25696	0	1	5	1	1	1	0	18	94	5	28	30208	656	16	4	1	656
148	25729	0	1	5	1	2	3	0	21	236	5	29	30208	696	112	2	3	696
148	25730	0	1	5	1	2	3	0	21	236	5	29	30208	696	112	2	3	696
148	25732	0	1	5	1	2	3	0	21	236	5	29	30208	696	112	2	3	696
148	25736	0	1	5	1	2	3	0	21	236	5	29	30208	696	112	2	3	696
148	25744	0	1	5	1	2	2	0	21	236	5	29	30208	688	96	3	2	688
148	25760	0	1	5	1	2	2	0	21	236	5	29	30208	688	80	3	2	688
148	25792	0	1	5	1	2	2	0	21	236	5	29	30208	688	48	3	2	688
148	25857	0	1	5	1	2	3	0	21	236	5	29	30208	696	112	2	3	696
148	25858	0	1	5	1	2	3	0	21	236	5	29	30208	696	112	2	3	696
148	25860	0	1	5	1	2	3	0	21	236	5	29	30208	696	112	2	3	696
148	25864	0	1	5	1	2	3	0	21	236	5	29	30208	696	112	2	3	696
148	25872	0	1	5	1	2	2	0	21	236	5	29	30208	688	96	3	2	688
148	25888	0	1	5	1	2	2	0	21	236	5	29	30208	688	80	3	2	688
148	25920	0	1	5	1	2	2	0	21	236	5	29	30208	688	48	3	2	688
148	25984	0	1	5	1	1	3	0	20	94	5	30	30208	752	112	2	3	752
148	26113	0	1	5	1	1	3	0	21	77	4	29	30208	568	112	2	3	568
148	26114	0	1	5	1	1	3	0	21	77	4	29	30208	568	112	2	3	568
148	26116	0	1	5	1	1	3	0	21	77	4	29	30208	568	112	2	3	568
148	26120	0	1	5	1	1	3	0	21	77	4	29	30208	568	112	2	3	568
148	26128	0	1	5	1	1	2	0	21	77	4	29	30208	560	96	3	2	560
148	26144	0	1	5	1	1	2	0	21	77	4	29	30208	560	80	3	2	560
148	26176	0	1	5	1	1	2	0	21	77	4	29	30208	560	48	3	2	560
148	26240	0	1	5	1	1	3	0	20	94	5	30	30208	624	112	2	3	624
148	26368	0	1	5	1	1	3	0	20	94	5	30	30208	624	112	2	3	624
148	26627	0	8	5	1	0	0	2	22	30	4	30	30208	896	0	5	0	896,900,904,908,912,916,920,924
148	26629	0	8	5	1	0	0	2	22	30	4	30	30208	896	0	5	0	896,900,904,908,912,916,920,924
148	26630	0	8	5	1	0	0	2	22	30	4	30	30208	896	0	5	0	896,900,904,908,912,916,920,924
148	26633	0	8	5	1	0	0	2	22	30	4	30	30208	896	0	5	0	896,900,904,908,912,916,920,924
148	26634	0	8	5	1	0	0	2	22	30	4	30	30208	896	0	5	0	896,900,904,908,912,916,920,924
148	26636	0	8	5	1	0	0	2	22	30	4	30	30208	896	0	5	0	896,900,904,908,912,916,920,924
148	26641	0	4	5	1	0	0	2	20	94	5	30	30208	896	0	5	0	896,904,912,920
148	26642	0	4	5	1	0	0	2	20	94	5	30	30208	896	0	5	0	896,904,912,920
148	26644	0	4	5	1	0	0	2	20	94	5	30	30208	896	0	5	0	896,904,912,920
148	26648	0	4	5	1	0	0	2	20	94	5	30	30208	896	0	5	0	896,904,912,920
148	26657	0	4	5	1	0	0	2	20	94	5	30	30208	896	0	5	0	896,904,912,920
148	26658	0	4	5	1	0	0	2	20	94	5	30	30208	896	0	5	0	896,904,912,920
148	26660	0	4	5	1	0	0	2	20	94	5	30	30208	896	0	5	0	896,904,912,920
148	26664	0	4	5	1	0	0	2	20	94	5	30	30208	896	0	5	0	896,904,912,920
148	26672	0	2	5	1	0	0	2	18	222	6	30	30208	896	0	5	0	896,912
148	26689	0	4	5	1	0	0	2	20	94	5	30	30208	896	0	5	0	896,904,912,920
148	26690	0	4	5	1	0	0	2	20	94	5	30	30208	896	0	5	0	896,904,912,920
148	26692	0	4	5	1	0	0	2	20	94	5	30	30208	896	0	5	0	896,904,912,920
148	26696	0	4	5	1	0	0	2	20	94	5	30	30208	896	0	5	0	896,904,912,920
148	26704	0	2	5	1	0	0	2	18	222	6	30	30208	896	0	5	0	896,912
148	26720	0	2	5	1	0	0	2	18	222	6	30	30208	896	0	5	0	896,912
148	26753	0	8	5	1	0	0	2	25	13	3	31	30208	896	0	5	0	896,904,912,920,928,936,944,952
148	26754	0	8	5	1	0	0	2	25	13	3	31	30208	896	0	5	0	896,904,912,920,928,936,944,952
148	26756	0	8	5	1	0	0	2	25	13	3	31	30208	896	0	5	0	896,904,912,920,928,936,944,952
148	26760	0	8	5	1	0	0	2	25	13	3	31	30208	896	0	5	0	896,904,912,920,928,936,944,952
148	26768	0	4	5	1	0	0	2	23	77	4	31	30208	896	0	5	0	896,912,928,944
148	26784	0	4	5	1	0	0	2	23	77	4	31	30208	896	0	5	0	896,912,928,944
148	26816	0	4	5	1	0	0	2	23	77	4	31	30208	896	0	5	0	896,912,928,944
148	26881	0	8	5	1	0	0	2	25	13	3	31	30208	896	0	5	0	896,904,912,920,928,936,944,952
148	26882	0	8	5	1	0	0	2	25	13	3	31	30208	896	0	5	0	896,904,912,920,928,936,944,952
148	26884	0	8	5	1	0	0	2	25	13	3	31	30208	896	0	5	0	896,904,912,920,928,936,944,952
148	26888	0	8	5	1	0	0	2	25	13	3	31	30208	896	0	5	0	896,904,912,920,928,936,944,952
148	26896	0	4	5	1	0	0	2	23	77	4	31	30208	896	0	5	0	896,912,928,944
148	26912	0	4	5	1	0	0	2	23	77	4	31	30208	896	0	5	0	896,912,928,944
148	26944	0	4	5	1	0	0	2	23	77	4	31	30208	896	0	5	0	896,912,928,944
148	27008	0	32	5	1	0	0	8	28	3	2	32	30208	896	0	5	0	512,528,544,560,576,592,608,624,640,656,672,688,704,720,736,752,768,784,800,816,832,848,864,880,896,912,928,944,960,976,992,1008
148	27137	0	8	5	1	0	0	3	23	86	4	31	30208	768	0	5	0	768,776,784,792,800,808,816,824
148	27138	0	8	5	1	0	0	3	23	86	4	31	30208	768	0	5	0	768,776,784,792,800,808,816,824
148	27140	0	8	5	1	0	0	3	23	86	4	31	30208	768	0	5	0	768,776,784,792,800,808,816,824
148	27144	0	8	5	1	0	0	3	23	86	4	31	30208	768	0	5	0	768,776,784,792,800,808,816,824
148	27152	0	4	5	1	0	0	3	21	94	5	31	30208	768	0	5	0	768,784,800,816
148	27168	0	4	5	1	0	0	3	21	94	5	31	30208	768	0	5	0	768,784,800,816
148	27200	0	4	5	1	0	0	3	21	94	5	31	30208	768	0	5	0	768,784,800,816
148	27264	0	8	5	1	0	0	3	24	77	4	32	30208	768	0	5	0	768,784,800,816,832,848,864,880
148	27392	0	8	5	1	0	0	3	24	77	4	32	30208	768	0	5	0	768,784,800,816,832,848,864,880
148	27649	0	8	5	1	0	0	3	23	86	4	31	30208	768	0	5	0	768,776,784,792,800,808,816,824
148	27650	0	8	5	1	0	0	3	23	86	4	31	30208	768	0	5	0	768,776,784,792,800,808,816,824
148	27652	0	8	5	1	0	0	3	23	86	4	31	30208	768	0	5	0	768,776,784,792,800,808,816,824
148	27656	0	8	5	1	0	0	3	23	86	4	31	30208	768	0	5	0	768,776,784,792,800,808,816,824
148	27664	0	4	5	1	0	0	3	21	94	5	31	30208	768	0	5	0	768,784,800,816
148	27680	0	4	5	1	0	0	3	21	94	5	31	30208	768	0	5	0	768,784,800,816
148	27712	0	4	5	1	0	0	3	21	94	5	31	30208	768	0	5	0	768,784,800,816
148	27776	0	8	5	1	0	0	3	24	77	4	32	30208	768	0	5	0	768,784,800,816,832,848,864,880
148	27904	0	8	5	1	0	0	3	24	77	4	32	30208	768	0	5	0	768,784,800,816,832,848,864,880
148	28160	0	8	5	1	0	0	5	24	30	4	32	30208	512	0	5	0	512,528,544,560,576,592,608,624
148	28675	0	4	5	1	0	0	1	19	222	6	31	31104	608	0	5	0	412,414,608,610
148	28677	0	4	5	1	0	0	1	19	222	6	31	31104	608	0	5	0	412,414,608,610
148	28678	0	4	5	1	0	0	1	19	222	6	31	31104	608	0	5	0	412,414,608,610
148	28681	0	4	5	1	0	0	1	19	222	6	31	31104	608	0	5	0	412,414,608,610
148	28682	0	4	5	1	0	0	1	19	222	6	31	31104	608	0	5	0	412,414,608,610
148	28684	0	4	5	1	0	0	1	19	222	6	31	31104	608	0	5	0	412,414,608,610
148	28689	0	8	5	1	0	0	1	21	94	5	31	31104	608	0	5	0	408,410,412,414,608,610,612,614
148	28690	0	8	5	1	0	0	1	21	94	5	31	31104	608	0	5	0	408,410,412,414,608,610,612,614
148	28692	0	8	5	1	0	0	1	21	94	5	31	31104	608	0	5	0	408,410,412,414,608,610,612,614
148	28696	0	8	5	1	0	0	1	21	94	5	31	31104	608	0	5	0	408,410,412,414,608,610,612,614
148	28705	0	8	5	1	0	0	1	21	94	5	31	31104	608	0	5	0	408,410,412,414,608,610,612,614
148	28706	0	8	5	1	0	0	1	21	94	5	31	31104	608	0	5	0	408,410,412,414,608,610,612,614
148	28708	0	8	5	1	0	0	1	21	94	5	31	31104	608	0	5	0	408,410,412,414,608,610,612,614
148	28712	0	8	5	1	0	0	1	21	94	5	31	31104	608	0	5	0	408,410,412,414,608,610,612,614
148	28720	0	16	5	1	0	0	1	23	30	4	31	31104	608	0	5	0	400,402,404,406,408,410,412,414,608,610,612,614,616,618,620,622
148	28737	0	8	5	1	0	0	1	21	94	5	31	31104	608	0	5	0	408,410,412,414,608,610,612,614
148	28738	0	8	5	1	0	0	1	21	94	5	31	31104	608	0	5	0	408,410,412,414,608,610,612,614
148	28740	0	8	5	1	0	0	1	21	94	5	31	31104	608	0	5	0	408,410,412,414,608,610,612,614
148	28744	0	8	5	1	0	0	1	21	94	5	31	31104	608	0	5	0	408,410,412,414,608,610,612,614
148	28752	0	16	5	1	0	0	1	23	30	4	31	31104	608	0	5	0	400,402,404,406,408,410,412,414,608,610,612,614,616,618,620,622
148	28768	0	16	5	1	0	0	1	23	30	4	31	31104	608	0	5	0	400,402,404,406,408,410,412,414,608,610,612,614,616,618,620,622
148	28801	0	8	5	1	0	0	2	22	94	5	32	30976	576	0	5	0	440,442,444,446,576,578,580,582
148	28802	0	8	5	1	0	0	2	22	94	5	32	30976	576	0	5	0	440,442,444,446,576,578,580,582
148	28804	0	8	5	1	0	0	2	22	94	5	32	30976	576	0	5	0	440,442,444,446,576,578,580,582
148	28808	0	8	5	1	0	0	2	22	94	5	32	30976	576	0	5	0	440,442,444,446,576,578,580,582
148	28816	0	16	5	1	0	0	2	24	86	4	32	30976	576	0	5	0	432,434,436,438,440,442,444,446,576,578,580,582,584,586,588,590
148	28832	0	16	5	1	0	0	2	24	86	4	32	30976	576	0	5	0	432,434,436,438,440,442,444,446,576,578,580,582,584,586,588,590
148	28864	0	16	5	1	0	0	2	24	86	4	32	30976	576	0	5	0	432,434,436,438,440,442,444,446,576,578,580,582,584,586,588,590
148	28929	0	8	5	1	0	0	2	22	94	5	32	30848	576	0	5	0	440,442,444,446,576,578,580,582
148	28930	0	8	5	1	0	0	2	22	94	5	32	30848	576	0	5	0	440,442,444,446,576,578,580,582
148	28932	0	8	5	1	0	0	2	22	94	5	32	30848	576	0	5	0	440,442,444,446,576,578,580,582
148	28936	0	8	5	1	0	0	2	22	94	5	32	30848	576	0	5	0	440,442,444,446,576,578,580,582
148	28944	0	16	5	1	0	0	2	24	86	4	32	30848	576	0	5	0	432,434,436,438,440,442,444,446,576,578,580,582,584,586,588,590
148	28960	0	16	5	1	0	0	2	24	86	4	32	30848	576	0	5	0	432,434,436,438,440,442,444,446,576,578,580,582,584,586,588,590
148	28992	0	16	5	1	0	0	2	24	86	4	32	30848	576	0	5	0	432,434,436,438,440,442,444,446,576,578,580,582,584,586,588,590
148	29056	0	16	5	1	0	0	4	25	30	4	33	30720	512	0	5	0	496,498,500,502,504,506,508,510,512,514,516,518,520,522,524,526
148	29185	0	8	5	1	0	0	1	24	77	4	32	31104	704	0	5	0	312,314,316,318,704,706,708,710
148	29186	0	8	5	1	0	0	1	24	77	4	32	31104	704	0	5	0	312,314,316,318,704,706,708,710
148	29188	0	8	5	1	0	0	1	24	77	4	32	31104	704	0	5	0	312,314,316,318,704,706,708,710
148	29192	0	8	5	1	0	0	1	24	77	4	32	31104	704	0	5	0	312,314,316,318,704,706,708,710
148	29200	0	16	5	1	0	0	1	26	13	3	32	31104	704	0	5	0	304,306,308,310,312,314,316,318,704,706,708,710,712,714,716,718
148	29216	0	16	5	1	0	0	1	26	13	3	32	31104	704	0	5	0	304,306,308,310,312,314,316,318,704,706,708,710,712,714,716,718
148	29248	0	16	5	1	0	0	1	26	13	3	32	31104	704	0	5	0	304,306,308,310,312,314,316,318,704,706,708,710,712,714,716,718
148	29312	0	16	5	1	0	0	2	25	77	4	33	30976	640	0	5	0	368,370,372,374,376,378,380,382,640,642,644,646,648,650,652,654
148	29440	0	16	5	1	0	0	2	25	77	4	33	30848	640	0	5	0	368,370,372,374,376,378,380,382,640,642,644,646,648,650,652,654
148	29697	0	8	5	1	0	0	1	24	77	4	32	31104	704	0	5	0	312,314,316,318,704,706,708,710
148	29698	0	8	5	1	0	0	1	24	77	4	32	31104	704	0	5	0	312,314,316,318,704,706,708,710
148	29700	0	8	5	1	0	0	1	24	77	4	32	31104	704	0	5	0	312,314,316,318,704,706,708,710
148	29704	0	8	5	1	0	0	1	24	77	4	32	31104	704	0	5	0	312,314,316,318,704,706,708,710
148	29712	0	16	5	1	0	0	1	26	13	3	32	31104	704	0	5	0	304,306,308,310,312,314,316,318,704,706,708,710,712,714,716,718
148	29728	0	16	5	1	0	0	1	26	13	3	32	31104	704	0	5	0	304,306,308,310,312,314,316,318,704,706,708,710,712,714,716,718
148	29760	0	16	5	1	0	0	1	26	13	3	32	31104	704	0	5	0	304,306,308,310,312,314,316,318,704,706,708,710,712,714,716,718
148	29824	0	16	5	1	0	0	2	25	77	4	33	30976	640	0	5	0	368,370,372,374,376,378,380,382,640,642,644,646,648,650,652,654
148	29952	0	16	5	1	0	0	2	25	77	4	33	30848	640	0	5	0	368,370,372,374,376,378,380,382,640,642,644,646,648,650,652,654
148	30208	0	64	5	1	0	0	7	29	3	2	33	30720	512	0	5	0	112,114,116,118,120,122,124,126,240,242,244,246,248,250,252,254,368,370,372,374,376,378,380,382,496,498,500,502,504,506,508,510,512,514,516,518,520,522,524,526,640,642,644,646,648,650,652,654,768,770,772,774,776,778,780,782,896,898,900,902,904,906,908,910
148	30721	0	64	5	1	0	0	3	26	77	4	34	30208	768	0	5	0	192,194,196,198,200,202,204,206,208,210,212,214,216,218,220,222,224,226,228,230,232,234,236,238,240,242,244,246,248,250,252,254,768,770,772,774,776,778,780,782,784,786,788,790,792,794,796,798,800,802,804,806,808,810,812,814,816,818,820,822,824,826,828,830
148	30722	0	64	5	1	0	0	3	26	77	4	34	30208	768	0	5	0	192,194,196,198,200,202,204,206,208,210,212,214,216,218,220,222,224,226,228,230,232,234,236,238,240,242,244,246,248,250,252,254,768,770,772,774,776,778,780,782,784,786,788,790,792,794,796,798,800,802,804,806,808,810,812,814,816,818,820,822,824,826,828,830
148	30724	0	64	5	1	0	0	3	26	77	4	34	30208	768	0	5	0	192,194,196,198,200,202,204,206,208,210,212,214,216,218,220,222,224,226,228,230,232,234,236,238,240,242,244,246,248,250,252,254,768,770,772,774,776,778,780,782,784,786,788,790,792,794,796,798,800,802,804,806,808,810,812,814,816,818,820,822,824,826,828,830
148	30728	0	64	5	1	0	0	3	26	77	4	34	30208	768	0	5	0	192,194,196,198,200,202,204,206,208,210,212,214,216,218,220,222,224,226,228,230,232,234,236,238,240,242,244,246,248,250,252,254,768,770,772,774,776,778,780,782,784,786,788,790,792,794,796,798,800,802,804,806,808,810,812,814,816,818,820,822,824,826,828,830
148	30736	0	64	5	1	0	0	3	26	77	4	34	30208	768	0	5	0	192,194,196,198,200,202,204,206,208,210,212,214,216,218,220,222,224,226,228,230,232,234,236,238,240,242,244,246,248,250,252,254,768,770,772,774,776,778,780,782,784,786,788,790,792,794,796,798,800,802,804,806,808,810,812,814,816,818,820,822,824,826,828,830
148	30752	0	64	5	1	0	0	3	26	77	4	34	30208	768	0	5	0	192,194,196,198,200,202,204,206,208,210,212,214,216,218,220,222,224,226,228,230,232,234,236,238,240,242,244,246,248,250,252,254,768,770,772,774,776,778,780,782,784,786,788,790,792,794,796,798,800,802,804,806,808,810,812,814,816,818,820,822,824,826,828,830
148	30784	0	64	5	1	0	0	3	26	77	4	34	30208	768	0	5	0	192,194,196,198,200,202,204,206,208,210,212,214,216,218,220,222,224,226,228,230,232,234,236,238,240,242,244,246,248,250,252,254,768,770,772,774,776,778,780,782,784,786,788,790,792,794,796,798,800,802,804,806,808,810,812,814,816,818,820,822,824,826,828,830
148	30848	0	128	5	1	0	0	4	29	13	3	35	30208	768	0	5	0	128,130,132,134,136,138,140,142,144,146,148,150,152,154,156,158,160,162,164,166,168,170,172,174,176,178,180,182,184,186,188,190,192,194,196,198,200,202,204,206,208,210,212,214,216,218,220,222,224,226,228,230,232,234,236,238,240,242,244,246,248,250,252,254,768,770,772,774,776,778,780,782,784,786,788,790,792,794,796,798,800,802,804,806,808,810,812,814,816,818,820,822,824,826,828,830,832,834,836,838,840,842,844,846,848,850,852,854,856,858,860,862,864,866,868,870,872,874,876,878,880,882,884,886,888,890,892,894
148	30976	0	128	5	1	0	0	4	29	13	3	35	30208	768	0	5	0	128,130,132,134,136,138,140,142,144,146,148,150,152,154,156,158,160,162,164,166,168,170,172,174,176,178,180,182,184,186,188,190,192,194,196,198,200,202,204,206,208,210,212,214,216,218,220,222,224,226,228,230,232,234,236,238,240,242,244,246,248,250,252,254,768,770,772,774,776,778,780,782,784,786,788,790,792,794,796,798,800,802,804,806,808,810,812,814,816,818,820,822,824,826,828,830,832,834,836,838,840,842,844,846,848,850,852,854,856,858,860,862,864,866,868,870,872,874,876,878,880,882,884,886,888,890,892,894
148	31232	0	128	5	1	0	0	4	29	13	3	35	30208	512	0	5	0	384,386,388,390,392,394,396,398,400,402,404,406,408,410,412,414,416,418,420,422,424,426,428,430,432,434,436,438,440,442,444,446,448,450,452,454,456,458,460,462,464,466,468,470,472,474,476,478,480,482,484,486,488,490,492,494,496,498,500,502,504,506,508,510,512,514,516,518,520,522,524,526,528,530,532,534,536,538,540,542,544,546,548,550,552,554,556,558,560,562,564,566,568,570,572,574,576,578,580,582,584,586,588,590,592,594,596,598,600,602,604,606,608,610,612,614,616,618,620,622,624,626,628,630,632,634,636,638
148	31744	0	128	5	1	0	0	4	29	13	3	35	30208	512	0	5	0	384,386,388,390,392,394,396,398,400,402,404,406,408,410,412,414,416,418,420,422,424,426,428,430,432,434,436,438,440,442,444,446,448,450,452,454,456,458,460,462,464,466,468,470,472,474,476,478,480,482,484,486,488,490,492,494,496,498,500,502,504,506,508,510,512,514,516,518,520,522,524,526,528,530,532,534,536,538,540,542,544,546,548,550,552,554,556,558,560,562,564,566,568,570,572,574,576,578,580,582,584,586,588,590,592,594,596,598,600,602,604,606,608,610,612,614,616,618,620,622,624,626,628,630,632,634,636,638
