id	Y_mask	dH	optH_count	q	good	delta_min	rho	compatible_optG	ell	Y_type	Y_edges	degree_sum	f_witness	h_witness_local	S_mask	R_witness	Delta_witness	optH_masks_local
15	31	2	1	0	1	0	0	1	10	0	0	10	30720	960	0	0	0	960
15	47	2	1	0	1	0	0	1	10	0	0	10	30720	960	0	0	0	960
15	55	2	1	0	1	0	0	1	10	0	0	10	30720	960	0	0	0	960
15	59	2	1	0	1	0	0	1	10	0	0	10	30720	960	0	0	0	960
15	61	2	1	0	1	0	0	1	10	0	0	10	30720	960	0	0	0	960
15	62	2	1	0	1	0	0	1	10	0	0	10	30720	960	0	0	0	960
15	79	2	1	0	1	0	0	1	10	0	0	10	30720	960	0	0	0	960
15	87	2	1	0	1	0	0	1	10	0	0	10	30720	960	0	0	0	960
15	91	2	1	0	1	0	0	1	10	0	0	10	30720	960	0	0	0	960
15	93	2	1	0	1	0	0	1	10	0	0	10	30720	960	0	0	0	960
15	94	2	1	0	1	0	0	1	10	0	0	10	30720	960	0	0	0	960
15	103	2	1	0	1	0	0	1	10	0	0	10	30720	960	0	0	0	960
15	107	2	1	0	1	0	0	1	10	0	0	10	30720	960	0	0	0	960
15	109	2	1	0	1	0	0	1	10	0	0	10	30720	960	0	0	0	960
15	110	2	1	0	1	0	0	1	10	0	0	10	30720	960	0	0	0	960
15	115	2	1	0	1	0	0	1	10	0	0	10	30720	960	0	0	0	960
15	117	2	1	0	1	0	0	1	10	0	0	10	30720	960	0	0	0	960
15	118	2	1	0	1	0	0	1	10	0	0	10	30720	960	0	0	0	960
15	121	2	1	0	1	0	0	1	10	0	0	10	30720	960	0	0	0	960
15	122	2	1	0	1	0	0	1	10	0	0	10	30720	960	0	0	0	960
15	124	2	1	0	1	0	0	1	10	0	0	10	30720	960	0	0	0	960
15	143	2	1	0	1	0	0	1	10	0	0	10	30720	960	0	0	0	960
15	151	2	1	0	1	0	0	1	10	0	0	10	30720	960	0	0	0	960
15	155	2	1	0	1	0	0	1	10	0	0	10	30720	960	0	0	0	960
15	157	2	1	0	1	0	0	1	10	0	0	10	30720	960	0	0	0	960
15	158	2	1	0	1	0	0	1	10	0	0	10	30720	960	0	0	0	960
15	167	2	1	0	1	0	0	1	10	0	0	10	30720	960	0	0	0	960
15	171	2	1	0	1	0	0	1	10	0	0	10	30720	960	0	0	0	960
15	173	2	1	0	1	0	0	1	10	0	0	10	30720	960	0	0	0	960
15	174	2	1	0	1	0	0	1	10	0	0	10	30720	960	0	0	0	960
15	179	2	1	0	1	0	0	1	10	0	0	10	30720	960	0	0	0	960
15	181	2	1	0	1	0	0	1	10	0	0	10	30720	960	0	0	0	960
15	182	2	1	0	1	0	0	1	10	0	0	10	30720	960	0	0	0	960
15	185	2	1	0	1	0	0	1	10	0	0	10	30720	960	0	0	0	960
15	186	2	1	0	1	0	0	1	10	0	0	10	30720	960	0	0	0	960
15	188	2	1	0	1	0	0	1	10	0	0	10	30720	960	0	0	0	960
15	199	2	1	0	1	0	0	1	10	0	0	10	30720	960	0	0	0	960
15	203	2	1	0	1	0	0	1	10	0	0	10	30720	960	0	0	0	960
15	205	2	1	0	1	0	0	1	10	0	0	10	30720	960	0	0	0	960
15	206	2	1	0	1	0	0	1	10	0	0	10	30720	960	0	0	0	960
15	211	2	1	0	1	0	0	1	10	0	0	10	30720	960	0	0	0	960
15	213	2	1	0	1	0	0	1	10	0	0	10	30720	960	0	0	0	960
15	214	2	1	0	1	0	0	1	10	0	0	10	30720	960	0	0	0	960
15	217	2	1	0	1	0	0	1	10	0	0	10	30720	960	0	0	0	960
15	218	2	1	0	1	0	0	1	10	0	0	10	30720	960	0	0	0	960
15	220	2	1	0	1	0	0	1	10	0	0	10	30720	960	0	0	0	960
15	227	2	1	0	1	0	0	1	10	0	0	10	30720	960	0	0	0	960
15	229	2	1	0	1	0	0	1	10	0	0	10	30720	960	0	0	0	960
15	230	2	1	0	1	0	0	1	10	0	0	10	30720	960	0	0	0	960
15	233	2	1	0	1	0	0	1	10	0	0	10	30720	960	0	0	0	960
15	234	2	1	0	1	0	0	1	10	0	0	10	30720	960	0	0	0	960
15	236	2	1	0	1	0	0	1	10	0	0	10	30720	960	0	0	0	960
15	241	2	1	0	1	0	0	1	10	0	0	10	30720	960	0	0	0	960
15	242	2	1	0	1	0	0	1	10	0	0	10	30720	960	0	0	0	960
15	244	2	1	0	1	0	0	1	10	0	0	10	30720	960	0	0	0	960
15	248	2	1	0	1	0	0	1	10	0	0	10	30720	960	0	0	0	960
15	271	2	2	0	1	0	0	1	11	0	0	11	30720	960	0	0	0	816,960
15	279	2	2	0	1	0	0	1	11	0	0	11	30720	960	0	0	0	816,960
15	283	2	2	0	1	0	0	1	11	0	0	11	30720	960	0	0	0	816,960
15	285	2	2	0	1	0	0	1	11	0	0	11	30720	960	0	0	0	816,960
15	286	2	2	0	1	0	0	1	11	0	0	11	30720	960	0	0	0	816,960
15	295	2	2	0	1	0	0	1	11	0	0	11	30720	960	0	0	0	816,960
15	299	2	2	0	1	0	0	1	11	0	0	11	30720	960	0	0	0	816,960
15	301	2	2	0	1	0	0	1	11	0	0	11	30720	960	0	0	0	816,960
15	302	2	2	0	1	0	0	1	11	0	0	11	30720	960	0	0	0	816,960
15	307	2	2	0	1	0	0	1	11	0	0	11	30720	960	0	0	0	816,960
15	309	2	2	0	1	0	0	1	11	0	0	11	30720	960	0	0	0	816,960
15	310	2	2	0	1	0	0	1	11	0	0	11	30720	960	0	0	0	816,960
15	313	2	2	0	1	0	0	1	11	0	0	11	30720	960	0	0	0	816,960
15	314	2	2	0	1	0	0	1	11	0	0	11	30720	960	0	0	0	816,960
15	316	2	2	0	1	0	0	1	11	0	0	11	30720	960	0	0	0	816,960
15	327	2	2	0	1	0	0	1	11	0	0	11	30720	960	0	0	0	816,960
15	331	2	2	0	1	0	0	1	11	0	0	11	30720	960	0	0	0	816,960
15	333	2	2	0	1	0	0	1	11	0	0	11	30720	960	0	0	0	816,960
15	334	2	2	0	1	0	0	1	11	0	0	11	30720	960	0	0	0	816,960
15	339	2	2	0	1	0	0	1	11	0	0	11	30720	960	0	0	0	816,960
15	341	2	2	0	1	0	0	1	11	0	0	11	30720	960	0	0	0	816,960
15	342	2	2	0	1	0	0	1	11	0	0	11	30720	960	0	0	0	816,960
15	345	2	2	0	1	0	0	1	11	0	0	11	30720	960	0	0	0	816,960
15	346	2	2	0	1	0	0	1	11	0	0	11	30720	960	0	0	0	816,960
15	348	2	2	0	1	0	0	1	11	0	0	11	30720	960	0	0	0	816,960
15	355	2	2	0	1	0	0	1	11	0	0	11	30720	960	0	0	0	816,960
15	357	2	2	0	1	0	0	1	11	0	0	11	30720	960	0	0	0	816,960
15	358	2	2	0	1	0	0	1	11	0	0	11	30720	960	0	0	0	816,960
15	361	2	2	0	1	0	0	1	11	0	0	11	30720	960	0	0	0	816,960
15	362	2	2	0	1	0	0	1	11	0	0	11	30720	960	0	0	0	816,960
15	364	2	2	0	1	0	0	1	11	0	0	11	30720	960	0	0	0	816,960
15	369	2	2	0	1	0	0	1	11	0	0	11	30720	960	0	0	0	816,960
15	370	2	2	0	1	0	0	1	11	0	0	11	30720	960	0	0	0	816,960
15	372	2	2	0	1	0	0	1	11	0	0	11	30720	960	0	0	0	816,960
15	376	2	2	0	1	0	0	1	11	0	0	11	30720	960	0	0	0	816,960
15	391	2	2	0	1	0	0	1	11	0	0	11	30720	960	0	0	0	816,960
15	395	2	2	0	1	0	0	1	11	0	0	11	30720	960	0	0	0	816,960
15	397	2	2	0	1	0	0	1	11	0	0	11	30720	960	0	0	0	816,960
15	398	2	2	0	1	0	0	1	11	0	0	11	30720	960	0	0	0	816,960
15	403	2	2	0	1	0	0	1	11	0	0	11	30720	960	0	0	0	816,960
15	405	2	2	0	1	0	0	1	11	0	0	11	30720	960	0	0	0	816,960
15	406	2	2	0	1	0	0	1	11	0	0	11	30720	960	0	0	0	816,960
15	409	2	2	0	1	0	0	1	11	0	0	11	30720	960	0	0	0	816,960
15	410	2	2	0	1	0	0	1	11	0	0	11	30720	960	0	0	0	816,960
15	412	2	2	0	1	0	0	1	11	0	0	11	30720	960	0	0	0	816,960
15	419	2	2	0	1	0	0	1	11	0	0	11	30720	960	0	0	0	816,960
15	421	2	2	0	1	0	0	1	11	0	0	11	30720	960	0	0	0	816,960
15	422	2	2	0	1	0	0	1	11	0	0	11	30720	960	0	0	0	816,960
15	425	2	2	0	1	0	0	1	11	0	0	11	30720	960	0	0	0	816,960
15	426	2	2	0	1	0	0	1	11	0	0	11	30720	960	0	0	0	816,960
15	428	2	2	0	1	0	0	1	11	0	0	11	30720	960	0	0	0	816,960
15	433	2	2	0	1	0	0	1	11	0	0	11	30720	960	0	0	0	816,960
15	434	2	2	0	1	0	0	1	11	0	0	11	30720	960	0	0	0	816,960
15	436	2	2	0	1	0	0	1	11	0	0	11	30720	960	0	0	0	816,960
15	440	2	2	0	1	0	0	1	11	0	0	11	30720	960	0	0	0	816,960
15	451	2	2	0	1	0	0	1	11	0	0	11	30720	960	0	0	0	816,960
15	453	2	2	0	1	0	0	1	11	0	0	11	30720	960	0	0	0	816,960
15	454	2	2	0	1	0	0	1	11	0	0	11	30720	960	0	0	0	816,960
15	457	2	2	0	1	0	0	1	11	0	0	11	30720	960	0	0	0	816,960
15	458	2	2	0	1	0	0	1	11	0	0	11	30720	960	0	0	0	816,960
15	460	2	2	0	1	0	0	1	11	0	0	11	30720	960	0	0	0	816,960
15	465	2	2	0	1	0	0	1	11	0	0	11	30720	960	0	0	0	816,960
15	466	2	2	0	1	0	0	1	11	0	0	11	30720	960	0	0	0	816,960
15	468	2	2	0	1	0	0	1	11	0	0	11	30720	960	0	0	0	816,960
15	472	2	2	0	1	0	0	1	11	0	0	11	30720	960	0	0	0	816,960
15	481	2	2	0	1	0	0	1	11	0	0	11	30720	960	0	0	0	816,960
15	482	2	2	0	1	0	0	1	11	0	0	11	30720	960	0	0	0	816,960
15	484	2	2	0	1	0	0	1	11	0	0	11	30720	960	0	0	0	816,960
15	488	2	2	0	1	0	0	1	11	0	0	11	30720	960	0	0	0	816,960
15	496	2	2	0	1	0	0	1	11	0	0	11	30720	960	0	0	0	816,960
15	527	2	2	0	1	0	0	1	11	0	0	11	30720	960	0	0	0	816,960
15	535	2	2	0	1	0	0	1	11	0	0	11	30720	960	0	0	0	816,960
15	539	2	2	0	1	0	0	1	11	0	0	11	30720	960	0	0	0	816,960
15	541	2	2	0	1	0	0	1	11	0	0	11	30720	960	0	0	0	816,960
15	542	2	2	0	1	0	0	1	11	0	0	11	30720	960	0	0	0	816,960
15	551	2	2	0	1	0	0	1	11	0	0	11	30720	960	0	0	0	816,960
15	555	2	2	0	1	0	0	1	11	0	0	11	30720	960	0	0	0	816,960
15	557	2	2	0	1	0	0	1	11	0	0	11	30720	960	0	0	0	816,960
15	558	2	2	0	1	0	0	1	11	0	0	11	30720	960	0	0	0	816,960
15	563	2	2	0	1	0	0	1	11	0	0	11	30720	960	0	0	0	816,960
15	565	2	2	0	1	0	0	1	11	0	0	11	30720	960	0	0	0	816,960
15	566	2	2	0	1	0	0	1	11	0	0	11	30720	960	0	0	0	816,960
15	569	2	2	0	1	0	0	1	11	0	0	11	30720	960	0	0	0	816,960
15	570	2	2	0	1	0	0	1	11	0	0	11	30720	960	0	0	0	816,960
15	572	2	2	0	1	0	0	1	11	0	0	11	30720	960	0	0	0	816,960
15	583	2	2	0	1	0	0	1	11	0	0	11	30720	960	0	0	0	816,960
15	587	2	2	0	1	0	0	1	11	0	0	11	30720	960	0	0	0	816,960
15	589	2	2	0	1	0	0	1	11	0	0	11	30720	960	0	0	0	816,960
15	590	2	2	0	1	0	0	1	11	0	0	11	30720	960	0	0	0	816,960
15	595	2	2	0	1	0	0	1	11	0	0	11	30720	960	0	0	0	816,960
15	597	2	2	0	1	0	0	1	11	0	0	11	30720	960	0	0	0	816,960
15	598	2	2	0	1	0	0	1	11	0	0	11	30720	960	0	0	0	816,960
15	601	2	2	0	1	0	0	1	11	0	0	11	30720	960	0	0	0	816,960
15	602	2	2	0	1	0	0	1	11	0	0	11	30720	960	0	0	0	816,960
15	604	2	2	0	1	0	0	1	11	0	0	11	30720	960	0	0	0	816,960
15	611	2	2	0	1	0	0	1	11	0	0	11	30720	960	0	0	0	816,960
15	613	2	2	0	1	0	0	1	11	0	0	11	30720	960	0	0	0	816,960
15	614	2	2	0	1	0	0	1	11	0	0	11	30720	960	0	0	0	816,960
15	617	2	2	0	1	0	0	1	11	0	0	11	30720	960	0	0	0	816,960
15	618	2	2	0	1	0	0	1	11	0	0	11	30720	960	0	0	0	816,960
15	620	2	2	0	1	0	0	1	11	0	0	11	30720	960	0	0	0	816,960
15	625	2	2	0	1	0	0	1	11	0	0	11	30720	960	0	0	0	816,960
15	626	2	2	0	1	0	0	1	11	0	0	11	30720	960	0	0	0	816,960
15	628	2	2	0	1	0	0	1	11	0	0	11	30720	960	0	0	0	816,960
15	632	2	2	0	1	0	0	1	11	0	0	11	30720	960	0	0	0	816,960
15	647	2	2	0	1	0	0	1	11	0	0	11	30720	960	0	0	0	816,960
15	651	2	2	0	1	0	0	1	11	0	0	11	30720	960	0	0	0	816,960
15	653	2	2	0	1	0	0	1	11	0	0	11	30720	960	0	0	0	816,960
15	654	2	2	0	1	0	0	1	11	0	0	11	30720	960	0	0	0	816,960
15	659	2	2	0	1	0	0	1	11	0	0	11	30720	960	0	0	0	816,960
15	661	2	2	0	1	0	0	1	11	0	0	11	30720	960	0	0	0	816,960
15	662	2	2	0	1	0	0	1	11	0	0	11	30720	960	0	0	0	816,960
15	665	2	2	0	1	0	0	1	11	0	0	11	30720	960	0	0	0	816,960
15	666	2	2	0	1	0	0	1	11	0	0	11	30720	960	0	0	0	816,960
15	668	2	2	0	1	0	0	1	11	0	0	11	30720	960	0	0	0	816,960
15	675	2	2	0	1	0	0	1	11	0	0	11	30720	960	0	0	0	816,960
15	677	2	2	0	1	0	0	1	11	0	0	11	30720	960	0	0	0	816,960
15	678	2	2	0	1	0	0	1	11	0	0	11	30720	960	0	0	0	816,960
15	681	2	2	0	1	0	0	1	11	0	0	11	30720	960	0	0	0	816,960
15	682	2	2	0	1	0	0	1	11	0	0	11	30720	960	0	0	0	816,960
15	684	2	2	0	1	0	0	1	11	0	0	11	30720	960	0	0	0	816,960
15	689	2	2	0	1	0	0	1	11	0	0	11	30720	960	0	0	0	816,960
15	690	2	2	0	1	0	0	1	11	0	0	11	30720	960	0	0	0	816,960
15	692	2	2	0	1	0	0	1	11	0	0	11	30720	960	0	0	0	816,960
15	696	2	2	0	1	0	0	1	11	0	0	11	30720	960	0	0	0	816,960
15	707	2	2	0	1	0	0	1	11	0	0	11	30720	960	0	0	0	816,960
15	709	2	2	0	1	0	0	1	11	0	0	11	30720	960	0	0	0	816,960
15	710	2	2	0	1	0	0	1	11	0	0	11	30720	960	0	0	0	816,960
15	713	2	2	0	1	0	0	1	11	0	0	11	30720	960	0	0	0	816,960
15	714	2	2	0	1	0	0	1	11	0	0	11	30720	960	0	0	0	816,960
15	716	2	2	0	1	0	0	1	11	0	0	11	30720	960	0	0	0	816,960
15	721	2	2	0	1	0	0	1	11	0	0	11	30720	960	0	0	0	816,960
15	722	2	2	0	1	0	0	1	11	0	0	11	30720	960	0	0	0	816,960
15	724	2	2	0	1	0	0	1	11	0	0	11	30720	960	0	0	0	816,960
15	728	2	2	0	1	0	0	1	11	0	0	11	30720	960	0	0	0	816,960
15	737	2	2	0	1	0	0	1	11	0	0	11	30720	960	0	0	0	816,960
15	738	2	2	0	1	0	0	1	11	0	0	11	30720	960	0	0	0	816,960
15	740	2	2	0	1	0	0	1	11	0	0	11	30720	960	0	0	0	816,960
15	744	2	2	0	1	0	0	1	11	0	0	11	30720	960	0	0	0	816,960
15	752	2	2	0	1	0	0	1	11	0	0	11	30720	960	0	0	0	816,960
15	775	1	1	1	1	1	3	0	12	0	0	12	30720	800	7168	0	1	800
15	779	1	1	1	1	1	3	0	12	0	0	12	30720	800	7168	0	1	800
15	781	1	1	1	1	1	3	0	12	0	0	12	30720	800	7168	0	1	800
15	782	1	1	1	1	1	3	0	12	0	0	12	30720	800	7168	0	1	800
15	787	1	1	1	1	1	3	0	12	0	0	12	30720	800	7168	0	1	800
15	789	1	1	1	1	1	3	0	12	0	0	12	30720	800	7168	0	1	800
15	790	1	1	1	1	1	3	0	12	0	0	12	30720	800	7168	0	1	800
15	793	1	1	1	1	1	3	0	12	0	0	12	30720	800	7168	0	1	800
15	794	1	1	1	1	1	3	0	12	0	0	12	30720	800	7168	0	1	800
15	796	1	1	1	1	1	3	0	12	0	0	12	30720	800	7168	0	1	800
15	803	1	1	1	1	1	3	0	12	0	0	12	30720	800	7168	0	1	800
15	805	1	1	1	1	1	3	0	12	0	0	12	30720	800	7168	0	1	800
15	806	1	1	1	1	1	3	0	12	0	0	12	30720	800	7168	0	1	800
15	809	1	1	1	1	1	3	0	12	0	0	12	30720	800	7168	0	1	800
15	810	1	1	1	1	1	3	0	12	0	0	12	30720	800	7168	0	1	800
15	812	1	1	1	1	1	3	0	12	0	0	12	30720	800	7168	0	1	800
15	817	1	1	1	1	1	3	0	12	0	0	12	30720	800	7168	0	1	800
15	818	1	1	1	1	1	3	0	12	0	0	12	30720	800	7168	0	1	800
15	820	1	1	1	1	1	3	0	12	0	0	12	30720	800	7168	0	1	800
15	824	1	1	1	1	1	3	0	12	0	0	12	30720	800	7168	0	1	800
15	835	1	1	1	1	1	3	0	12	0	0	12	30720	800	7168	0	1	800
15	837	1	1	1	1	1	3	0	12	0	0	12	30720	800	7168	0	1	800
15	838	1	1	1	1	1	3	0	12	0	0	12	30720	800	7168	0	1	800
15	841	1	1	1	1	1	3	0	12	0	0	12	30720	800	7168	0	1	800
15	842	1	1	1	1	1	3	0	12	0	0	12	30720	800	7168	0	1	800
15	844	1	1	1	1	1	3	0	12	0	0	12	30720	800	7168	0	1	800
15	849	1	1	1	1	1	3	0	12	0	0	12	30720	800	7168	0	1	800
15	850	1	1	1	1	1	3	0	12	0	0	12	30720	800	7168	0	1	800
15	852	1	1	1	1	1	3	0	12	0	0	12	30720	800	7168	0	1	800
15	856	1	1	1	1	1	3	0	12	0	0	12	30720	800	7168	0	1	800
15	865	1	1	1	1	1	3	0	12	0	0	12	30720	800	7168	0	1	800
15	866	1	1	1	1	1	3	0	12	0	0	12	30720	800	7168	0	1	800
15	868	1	1	1	1	1	3	0	12	0	0	12	30720	800	7168	0	1	800
15	872	1	1	1	1	1	3	0	12	0	0	12	30720	800	7168	0	1	800
15	880	1	1	1	1	1	3	0	12	0	0	12	30720	800	7168	0	1	800
15	899	1	1	1	1	1	3	0	12	0	0	12	30720	800	7168	0	1	800
15	901	1	1	1	1	1	3	0	12	0	0	12	30720	800	7168	0	1	800
15	902	1	1	1	1	1	3	0	12	0	0	12	30720	800	7168	0	1	800
15	905	1	1	1	1	1	3	0	12	0	0	12	30720	800	7168	0	1	800
15	906	1	1	1	1	1	3	0	12	0	0	12	30720	800	7168	0	1	800
15	908	1	1	1	1	1	3	0	12	0	0	12	30720	800	7168	0	1	800
15	913	1	1	1	1	1	3	0	12	0	0	12	30720	800	7168	0	1	800
15	914	1	1	1	1	1	3	0	12	0	0	12	30720	800	7168	0	1	800
15	916	1	1	1	1	1	3	0	12	0	0	12	30720	800	7168	0	1	800
15	920	1	1	1	1	1	3	0	12	0	0	12	30720	800	7168	0	1	800
15	929	1	1	1	1	1	3	0	12	0	0	12	30720	800	7168	0	1	800
15	930	1	1	1	1	1	3	0	12	0	0	12	30720	800	7168	0	1	800
15	932	1	1	1	1	1	3	0	12	0	0	12	30720	800	7168	0	1	800
15	936	1	1	1	1	1	3	0	12	0	0	12	30720	800	7168	0	1	800
15	944	1	1	1	1	1	3	0	12	0	0	12	30720	800	7168	0	1	800
15	961	1	1	1	1	1	3	0	12	0	0	12	30720	800	7168	0	1	800
15	962	1	1	1	1	1	3	0	12	0	0	12	30720	800	7168	0	1	800
15	964	1	1	1	1	1	3	0	12	0	0	12	30720	800	7168	0	1	800
15	968	1	1	1	1	1	3	0	12	0	0	12	30720	800	7168	0	1	800
15	976	1	1	1	1	1	3	0	12	0	0	12	30720	800	7168	0	1	800
15	992	1	1	1	1	1	3	0	12	0	0	12	30720	800	7168	0	1	800
15	1039	2	2	0	1	0	0	1	11	0	0	11	30720	960	0	0	0	816,960
15	1047	2	2	0	1	0	0	1	11	0	0	11	30720	960	0	0	0	816,960
15	1051	2	2	0	1	0	0	1	11	0	0	11	30720	960	0	0	0	816,960
15	1053	2	2	0	1	0	0	1	11	0	0	11	30720	960	0	0	0	816,960
15	1054	2	2	0	1	0	0	1	11	0	0	11	30720	960	0	0	0	816,960
15	1063	2	2	0	1	0	0	1	11	0	0	11	30720	960	0	0	0	816,960
15	1067	2	2	0	1	0	0	1	11	0	0	11	30720	960	0	0	0	816,960
15	1069	2	2	0	1	0	0	1	11	0	0	11	30720	960	0	0	0	816,960
15	1070	2	2	0	1	0	0	1	11	0	0	11	30720	960	0	0	0	816,960
15	1075	2	2	0	1	0	0	1	11	0	0	11	30720	960	0	0	0	816,960
15	1077	2	2	0	1	0	0	1	11	0	0	11	30720	960	0	0	0	816,960
15	1078	2	2	0	1	0	0	1	11	0	0	11	30720	960	0	0	0	816,960
15	1081	2	2	0	1	0	0	1	11	0	0	11	30720	960	0	0	0	816,960
15	1082	2	2	0	1	0	0	1	11	0	0	11	30720	960	0	0	0	816,960
15	1084	2	2	0	1	0	0	1	11	0	0	11	30720	960	0	0	0	816,960
15	1095	2	2	0	1	0	0	1	11	0	0	11	30720	960	0	0	0	816,960
15	1099	2	2	0	1	0	0	1	11	0	0	11	30720	960	0	0	0	816,960
15	1101	2	2	0	1	0	0	1	11	0	0	11	30720	960	0	0	0	816,960
15	1102	2	2	0	1	0	0	1	11	0	0	11	30720	960	0	0	0	816,960
15	1107	2	2	0	1	0	0	1	11	0	0	11	30720	960	0	0	0	816,960
15	1109	2	2	0	1	0	0	1	11	0	0	11	30720	960	0	0	0	816,960
15	1110	2	2	0	1	0	0	1	11	0	0	11	30720	960	0	0	0	816,960
15	1113	2	2	0	1	0	0	1	11	0	0	11	30720	960	0	0	0	816,960
15	1114	2	2	0	1	0	0	1	11	0	0	11	30720	960	0	0	0	816,960
15	1116	2	2	0	1	0	0	1	11	0	0	11	30720	960	0	0	0	816,960
15	1123	2	2	0	1	0	0	1	11	0	0	11	30720	960	0	0	0	816,960
15	1125	2	2	0	1	0	0	1	11	0	0	11	30720	960	0	0	0	816,960
15	1126	2	2	0	1	0	0	1	11	0	0	11	30720	960	0	0	0	816,960
15	1129	2	2	0	1	0	0	1	11	0	0	11	30720	960	0	0	0	816,960
15	1130	2	2	0	1	0	0	1	11	0	0	11	30720	960	0	0	0	816,960
15	1132	2	2	0	1	0	0	1	11	0	0	11	30720	960	0	0	0	816,960
15	1137	2	2	0	1	0	0	1	11	0	0	11	30720	960	0	0	0	816,960
15	1138	2	2	0	1	0	0	1	11	0	0	11	30720	960	0	0	0	816,960
15	1140	2	2	0	1	0	0	1	11	0	0	11	30720	960	0	0	0	816,960
15	1144	2	2	0	1	0	0	1	11	0	0	11	30720	960	0	0	0	816,960
15	1159	2	2	0	1	0	0	1	11	0	0	11	30720	960	0	0	0	816,960
15	1163	2	2	0	1	0	0	1	11	0	0	11	30720	960	0	0	0	816,960
15	1165	2	2	0	1	0	0	1	11	0	0	11	30720	960	0	0	0	816,960
15	1166	2	2	0	1	0	0	1	11	0	0	11	30720	960	0	0	0	816,960
15	1171	2	2	0	1	0	0	1	11	0	0	11	30720	960	0	0	0	816,960
15	1173	2	2	0	1	0	0	1	11	0	0	11	30720	960	0	0	0	816,960
15	1174	2	2	0	1	0	0	1	11	0	0	11	30720	960	0	0	0	816,960
15	1177	2	2	0	1	0	0	1	11	0	0	11	30720	960	0	0	0	816,960
15	1178	2	2	0	1	0	0	1	11	0	0	11	30720	960	0	0	0	816,960
15	1180	2	2	0	1	0	0	1	11	0	0	11	30720	960	0	0	0	816,960
15	1187	2	2	0	1	0	0	1	11	0	0	11	30720	960	0	0	0	816,960
15	1189	2	2	0	1	0	0	1	11	0	0	11	30720	960	0	0	0	816,960
15	1190	2	2	0	1	0	0	1	11	0	0	11	30720	960	0	0	0	816,960
15	1193	2	2	0	1	0	0	1	11	0	0	11	30720	960	0	0	0	816,960
15	1194	2	2	0	1	0	0	1	11	0	0	11	30720	960	0	0	0	816,960
15	1196	2	2	0	1	0	0	1	11	0	0	11	30720	960	0	0	0	816,960
15	1201	2	2	0	1	0	0	1	11	0	0	11	30720	960	0	0	0	816,960
15	1202	2	2	0	1	0	0	1	11	0	0	11	30720	960	0	0	0	816,960
15	1204	2	2	0	1	0	0	1	11	0	0	11	30720	960	0	0	0	816,960
15	1208	2	2	0	1	0	0	1	11	0	0	11	30720	960	0	0	0	816,960
15	1219	2	2	0	1	0	0	1	11	0	0	11	30720	960	0	0	0	816,960
15	1221	2	2	0	1	0	0	1	11	0	0	11	30720	960	0	0	0	816,960
15	1222	2	2	0	1	0	0	1	11	0	0	11	30720	960	0	0	0	816,960
15	1225	2	2	0	1	0	0	1	11	0	0	11	30720	960	0	0	0	816,960
15	1226	2	2	0	1	0	0	1	11	0	0	11	30720	960	0	0	0	816,960
15	1228	2	2	0	1	0	0	1	11	0	0	11	30720	960	0	0	0	816,960
15	1233	2	2	0	1	0	0	1	11	0	0	11	30720	960	0	0	0	816,960
15	1234	2	2	0	1	0	0	1	11	0	0	11	30720	960	0	0	0	816,960
15	1236	2	2	0	1	0	0	1	11	0	0	11	30720	960	0	0	0	816,960
15	1240	2	2	0	1	0	0	1	11	0	0	11	30720	960	0	0	0	816,960
15	1249	2	2	0	1	0	0	1	11	0	0	11	30720	960	0	0	0	816,960
15	1250	2	2	0	1	0	0	1	11	0	0	11	30720	960	0	0	0	816,960
15	1252	2	2	0	1	0	0	1	11	0	0	11	30720	960	0	0	0	816,960
15	1256	2	2	0	1	0	0	1	11	0	0	11	30720	960	0	0	0	816,960
15	1264	2	2	0	1	0	0	1	11	0	0	11	30720	960	0	0	0	816,960
15	1287	1	1	1	1	1	3	0	12	0	0	12	30720	800	6656	0	1	800
15	1291	1	1	1	1	1	3	0	12	0	0	12	30720	800	6656	0	1	800
15	1293	1	1	1	1	1	3	0	12	0	0	12	30720	800	6656	0	1	800
15	1294	1	1	1	1	1	3	0	12	0	0	12	30720	800	6656	0	1	800
15	1299	1	1	1	1	1	3	0	12	0	0	12	30720	800	6656	0	1	800
15	1301	1	1	1	1	1	3	0	12	0	0	12	30720	800	6656	0	1	800
15	1302	1	1	1	1	1	3	0	12	0	0	12	30720	800	6656	0	1	800
15	1305	1	1	1	1	1	3	0	12	0	0	12	30720	800	6656	0	1	800
15	1306	1	1	1	1	1	3	0	12	0	0	12	30720	800	6656	0	1	800
15	1308	1	1	1	1	1	3	0	12	0	0	12	30720	800	6656	0	1	800
15	1315	1	1	1	1	1	3	0	12	0	0	12	30720	800	6656	0	1	800
15	1317	1	1	1	1	1	3	0	12	0	0	12	30720	800	6656	0	1	800
15	1318	1	1	1	1	1	3	0	12	0	0	12	30720	800	6656	0	1	800
15	1321	1	1	1	1	1	3	0	12	0	0	12	30720	800	6656	0	1	800
15	1322	1	1	1	1	1	3	0	12	0	0	12	30720	800	6656	0	1	800
15	1324	1	1	1	1	1	3	0	12	0	0	12	30720	800	6656	0	1	800
15	1329	1	1	1	1	1	3	0	12	0	0	12	30720	800	6656	0	1	800
15	1330	1	1	1	1	1	3	0	12	0	0	12	30720	800	6656	0	1	800
15	1332	1	1	1	1	1	3	0	12	0	0	12	30720	800	6656	0	1	800
15	1336	1	1	1	1	1	3	0	12	0	0	12	30720	800	6656	0	1	800
15	1347	1	1	1	1	1	3	0	12	0	0	12	30720	800	6656	0	1	800
15	1349	1	1	1	1	1	3	0	12	0	0	12	30720	800	6656	0	1	800
15	1350	1	1	1	1	1	3	0	12	0	0	12	30720	800	6656	0	1	800
15	1353	1	1	1	1	1	3	0	12	0	0	12	30720	800	6656	0	1	800
15	1354	1	1	1	1	1	3	0	12	0	0	12	30720	800	6656	0	1	800
15	1356	1	1	1	1	1	3	0	12	0	0	12	30720	800	6656	0	1	800
15	1361	1	1	1	1	1	3	0	12	0	0	12	30720	800	6656	0	1	800
15	1362	1	1	1	1	1	3	0	12	0	0	12	30720	800	6656	0	1	800
15	1364	1	1	1	1	1	3	0	12	0	0	12	30720	800	6656	0	1	800
15	1368	1	1	1	1	1	3	0	12	0	0	12	30720	800	6656	0	1	800
15	1377	1	1	1	1	1	3	0	12	0	0	12	30720	800	6656	0	1	800
15	1378	1	1	1	1	1	3	0	12	0	0	12	30720	800	6656	0	1	800
15	1380	1	1	1	1	1	3	0	12	0	0	12	30720	800	6656	0	1	800
15	1384	1	1	1	1	1	3	0	12	0	0	12	30720	800	6656	0	1	800
15	1392	1	1	1	1	1	3	0	12	0	0	12	30720	800	6656	0	1	800
15	1411	1	1	1	1	1	3	0	12	0	0	12	30720	800	6656	0	1	800
15	1413	1	1	1	1	1	3	0	12	0	0	12	30720	800	6656	0	1	800
15	1414	1	1	1	1	1	3	0	12	0	0	12	30720	800	6656	0	1	800
15	1417	1	1	1	1	1	3	0	12	0	0	12	30720	800	6656	0	1	800
15	1418	1	1	1	1	1	3	0	12	0	0	12	30720	800	6656	0	1	800
15	1420	1	1	1	1	1	3	0	12	0	0	12	30720	800	6656	0	1	800
15	1425	1	1	1	1	1	3	0	12	0	0	12	30720	800	6656	0	1	800
15	1426	1	1	1	1	1	3	0	12	0	0	12	30720	800	6656	0	1	800
15	1428	1	1	1	1	1	3	0	12	0	0	12	30720	800	6656	0	1	800
15	1432	1	1	1	1	1	3	0	12	0	0	12	30720	800	6656	0	1	800
15	1441	1	1	1	1	1	3	0	12	0	0	12	30720	800	6656	0	1	800
15	1442	1	1	1	1	1	3	0	12	0	0	12	30720	800	6656	0	1	800
15	1444	1	1	1	1	1	3	0	12	0	0	12	30720	800	6656	0	1	800
15	1448	1	1	1	1	1	3	0	12	0	0	12	30720	800	6656	0	1	800
15	1456	1	1	1	1	1	3	0	12	0	0	12	30720	800	6656	0	1	800
15	1473	1	1	1	1	1	3	0	12	0	0	12	30720	800	6656	0	1	800
15	1474	1	1	1	1	1	3	0	12	0	0	12	30720	800	6656	0	1	800
15	1476	1	1	1	1	1	3	0	12	0	0	12	30720	800	6656	0	1	800
15	1480	1	1	1	1	1	3	0	12	0	0	12	30720	800	6656	0	1	800
15	1488	1	1	1	1	1	3	0	12	0	0	12	30720	800	6656	0	1	800
15	1504	1	1	1	1	1	3	0	12	0	0	12	30720	800	6656	0	1	800
15	1543	1	1	1	1	1	3	0	12	0	0	12	30720	800	6400	0	1	800
15	1547	1	1	1	1	1	3	0	12	0	0	12	30720	800	6400	0	1	800
15	1549	1	1	1	1	1	3	0	12	0	0	12	30720	800	6400	0	1	800
15	1550	1	1	1	1	1	3	0	12	0	0	12	30720	800	6400	0	1	800
15	1555	1	1	1	1	1	3	0	12	0	0	12	30720	800	6400	0	1	800
15	1557	1	1	1	1	1	3	0	12	0	0	12	30720	800	6400	0	1	800
15	1558	1	1	1	1	1	3	0	12	0	0	12	30720	800	6400	0	1	800
15	1561	1	1	1	1	1	3	0	12	0	0	12	30720	800	6400	0	1	800
15	1562	1	1	1	1	1	3	0	12	0	0	12	30720	800	6400	0	1	800
15	1564	1	1	1	1	1	3	0	12	0	0	12	30720	800	6400	0	1	800
15	1571	1	1	1	1	1	3	0	12	0	0	12	30720	800	6400	0	1	800
15	1573	1	1	1	1	1	3	0	12	0	0	12	30720	800	6400	0	1	800
15	1574	1	1	1	1	1	3	0	12	0	0	12	30720	800	6400	0	1	800
15	1577	1	1	1	1	1	3	0	12	0	0	12	30720	800	6400	0	1	800
15	1578	1	1	1	1	1	3	0	12	0	0	12	30720	800	6400	0	1	800
15	1580	1	1	1	1	1	3	0	12	0	0	12	30720	800	6400	0	1	800
15	1585	1	1	1	1	1	3	0	12	0	0	12	30720	800	6400	0	1	800
15	1586	1	1	1	1	1	3	0	12	0	0	12	30720	800	6400	0	1	800
15	1588	1	1	1	1	1	3	0	12	0	0	12	30720	800	6400	0	1	800
15	1592	1	1	1	1	1	3	0	12	0	0	12	30720	800	6400	0	1	800
15	1603	1	1	1	1	1	3	0	12	0	0	12	30720	800	6400	0	1	800
15	1605	1	1	1	1	1	3	0	12	0	0	12	30720	800	6400	0	1	800
15	1606	1	1	1	1	1	3	0	12	0	0	12	30720	800	6400	0	1	800
15	1609	1	1	1	1	1	3	0	12	0	0	12	30720	800	6400	0	1	800
15	1610	1	1	1	1	1	3	0	12	0	0	12	30720	800	6400	0	1	800
15	1612	1	1	1	1	1	3	0	12	0	0	12	30720	800	6400	0	1	800
15	1617	1	1	1	1	1	3	0	12	0	0	12	30720	800	6400	0	1	800
15	1618	1	1	1	1	1	3	0	12	0	0	12	30720	800	6400	0	1	800
15	1620	1	1	1	1	1	3	0	12	0	0	12	30720	800	6400	0	1	800
15	1624	1	1	1	1	1	3	0	12	0	0	12	30720	800	6400	0	1	800
15	1633	1	1	1	1	1	3	0	12	0	0	12	30720	800	6400	0	1	800
15	1634	1	1	1	1	1	3	0	12	0	0	12	30720	800	6400	0	1	800
15	1636	1	1	1	1	1	3	0	12	0	0	12	30720	800	6400	0	1	800
15	1640	1	1	1	1	1	3	0	12	0	0	12	30720	800	6400	0	1	800
15	1648	1	1	1	1	1	3	0	12	0	0	12	30720	800	6400	0	1	800
15	1667	1	1	1	1	1	3	0	12	0	0	12	30720	800	6400	0	1	800
15	1669	1	1	1	1	1	3	0	12	0	0	12	30720	800	6400	0	1	800
15	1670	1	1	1	1	1	3	0	12	0	0	12	30720	800	6400	0	1	800
15	1673	1	1	1	1	1	3	0	12	0	0	12	30720	800	6400	0	1	800
15	1674	1	1	1	1	1	3	0	12	0	0	12	30720	800	6400	0	1	800
15	1676	1	1	1	1	1	3	0	12	0	0	12	30720	800	6400	0	1	800
15	1681	1	1	1	1	1	3	0	12	0	0	12	30720	800	6400	0	1	800
15	1682	1	1	1	1	1	3	0	12	0	0	12	30720	800	6400	0	1	800
15	1684	1	1	1	1	1	3	0	12	0	0	12	30720	800	6400	0	1	800
15	1688	1	1	1	1	1	3	0	12	0	0	12	30720	800	6400	0	1	800
15	1697	1	1	1	1	1	3	0	12	0	0	12	30720	800	6400	0	1	800
15	1698	1	1	1	1	1	3	0	12	0	0	12	30720	800	6400	0	1	800
15	1700	1	1	1	1	1	3	0	12	0	0	12	30720	800	6400	0	1	800
15	1704	1	1	1	1	1	3	0	12	0	0	12	30720	800	6400	0	1	800
15	1712	1	1	1	1	1	3	0	12	0	0	12	30720	800	6400	0	1	800
15	1729	1	1	1	1	1	3	0	12	0	0	12	30720	800	6400	0	1	800
15	1730	1	1	1	1	1	3	0	12	0	0	12	30720	800	6400	0	1	800
15	1732	1	1	1	1	1	3	0	12	0	0	12	30720	800	6400	0	1	800
15	1736	1	1	1	1	1	3	0	12	0	0	12	30720	800	6400	0	1	800
15	1744	1	1	1	1	1	3	0	12	0	0	12	30720	800	6400	0	1	800
15	1760	1	1	1	1	1	3	0	12	0	0	12	30720	800	6400	0	1	800
15	1795	0	1	2	1	2	2	0	13	0	0	13	30720	768	6144	0	2	768
15	1797	0	1	2	1	2	2	0	13	0	0	13	30720	768	6144	0	2	768
15	1798	0	1	2	1	2	2	0	13	0	0	13	30720	768	6144	0	2	768
15	1801	0	1	2	1	2	2	0	13	0	0	13	30720	768	6144	0	2	768
15	1802	0	1	2	1	2	2	0	13	0	0	13	30720	768	6144	0	2	768
15	1804	0	1	2	1	2	2	0	13	0	0	13	30720	768	6144	0	2	768
15	1809	0	1	2	1	2	2	0	13	0	0	13	30720	768	6144	0	2	768
15	1810	0	1	2	1	2	2	0	13	0	0	13	30720	768	6144	0	2	768
15	1812	0	1	2	1	2	2	0	13	0	0	13	30720	768	6144	0	2	768
15	1816	0	1	2	1	2	2	0	13	0	0	13	30720	768	6144	0	2	768
15	1825	0	1	2	1	2	2	0	13	0	0	13	30720	768	6144	0	2	768
15	1826	0	1	2	1	2	2	0	13	0	0	13	30720	768	6144	0	2	768
15	1828	0	1	2	1	2	2	0	13	0	0	13	30720	768	6144	0	2	768
15	1832	0	1	2	1	2	2	0	13	0	0	13	30720	768	6144	0	2	768
15	1840	0	1	2	1	2	2	0	13	0	0	13	30720	768	6144	0	2	768
15	1857	0	1	2	1	2	2	0	13	0	0	13	30720	768	6144	0	2	768
15	1858	0	1	2	1	2	2	0	13	0	0	13	30720	768	6144	0	2	768
15	1860	0	1	2	1	2	2	0	13	0	0	13	30720	768	6144	0	2	768
15	1864	0	1	2	1	2	2	0	13	0	0	13	30720	768	6144	0	2	768
15	1872	0	1	2	1	2	2	0	13	0	0	13	30720	768	6144	0	2	768
15	1888	0	1	2	1	2	2	0	13	0	0	13	30720	768	6144	0	2	768
15	1921	0	1	2	1	2	2	0	13	0	0	13	30720	768	6144	0	2	768
15	1922	0	1	2	1	2	2	0	13	0	0	13	30720	768	6144	0	2	768
15	1924	0	1	2	1	2	2	0	13	0	0	13	30720	768	6144	0	2	768
15	1928	0	1	2	1	2	2	0	13	0	0	13	30720	768	6144	0	2	768
15	1936	0	1	2	1	2	2	0	13	0	0	13	30720	768	6144	0	2	768
15	1952	0	1	2	1	2	2	0	13	0	0	13	30720	768	6144	0	2	768
15	1984	0	1	2	1	2	2	0	13	0	0	13	30720	768	6144	0	2	768
15	2063	1	1	1	1	0	0	1	12	0	0	12	30720	896	0	1	0	896
15	2071	1	1	1	1	0	0	1	12	0	0	12	30720	896	0	1	0	896
15	2075	1	1	1	1	0	0	1	12	0	0	12	30720	896	0	1	0	896
15	2077	1	1	1	1	0	0	1	12	0	0	12	30720	896	0	1	0	896
15	2078	1	1	1	1	0	0	1	12	0	0	12	30720	896	0	1	0	896
15	2087	1	1	1	1	0	0	1	12	0	0	12	30720	896	0	1	0	896
15	2091	1	1	1	1	0	0	1	12	0	0	12	30720	896	0	1	0	896
15	2093	1	1	1	1	0	0	1	12	0	0	12	30720	896	0	1	0	896
15	2094	1	1	1	1	0	0	1	12	0	0	12	30720	896	0	1	0	896
15	2099	1	1	1	1	0	0	1	12	0	0	12	30720	896	0	1	0	896
15	2101	1	1	1	1	0	0	1	12	0	0	12	30720	896	0	1	0	896
15	2102	1	1	1	1	0	0	1	12	0	0	12	30720	896	0	1	0	896
15	2105	1	1	1	1	0	0	1	12	0	0	12	30720	896	0	1	0	896
15	2106	1	1	1	1	0	0	1	12	0	0	12	30720	896	0	1	0	896
15	2108	1	1	1	1	0	0	1	12	0	0	12	30720	896	0	1	0	896
15	2119	1	1	1	1	0	0	1	12	0	0	12	30720	896	0	1	0	896
15	2123	1	1	1	1	0	0	1	12	0	0	12	30720	896	0	1	0	896
15	2125	1	1	1	1	0	0	1	12	0	0	12	30720	896	0	1	0	896
15	2126	1	1	1	1	0	0	1	12	0	0	12	30720	896	0	1	0	896
15	2131	1	1	1	1	0	0	1	12	0	0	12	30720	896	0	1	0	896
15	2133	1	1	1	1	0	0	1	12	0	0	12	30720	896	0	1	0	896
15	2134	1	1	1	1	0	0	1	12	0	0	12	30720	896	0	1	0	896
15	2137	1	1	1	1	0	0	1	12	0	0	12	30720	896	0	1	0	896
15	2138	1	1	1	1	0	0	1	12	0	0	12	30720	896	0	1	0	896
15	2140	1	1	1	1	0	0	1	12	0	0	12	30720	896	0	1	0	896
15	2147	1	1	1	1	0	0	1	12	0	0	12	30720	896	0	1	0	896
15	2149	1	1	1	1	0	0	1	12	0	0	12	30720	896	0	1	0	896
15	2150	1	1	1	1	0	0	1	12	0	0	12	30720	896	0	1	0	896
15	2153	1	1	1	1	0	0	1	12	0	0	12	30720	896	0	1	0	896
15	2154	1	1	1	1	0	0	1	12	0	0	12	30720	896	0	1	0	896
15	2156	1	1	1	1	0	0	1	12	0	0	12	30720	896	0	1	0	896
15	2161	1	1	1	1	0	0	1	12	0	0	12	30720	896	0	1	0	896
15	2162	1	1	1	1	0	0	1	12	0	0	12	30720	896	0	1	0	896
15	2164	1	1	1	1	0	0	1	12	0	0	12	30720	896	0	1	0	896
15	2168	1	1	1	1	0	0	1	12	0	0	12	30720	896	0	1	0	896
15	2183	1	1	1	1	0	0	1	12	0	0	12	30720	896	0	1	0	896
15	2187	1	1	1	1	0	0	1	12	0	0	12	30720	896	0	1	0	896
15	2189	1	1	1	1	0	0	1	12	0	0	12	30720	896	0	1	0	896
15	2190	1	1	1	1	0	0	1	12	0	0	12	30720	896	0	1	0	896
15	2195	1	1	1	1	0	0	1	12	0	0	12	30720	896	0	1	0	896
15	2197	1	1	1	1	0	0	1	12	0	0	12	30720	896	0	1	0	896
15	2198	1	1	1	1	0	0	1	12	0	0	12	30720	896	0	1	0	896
15	2201	1	1	1	1	0	0	1	12	0	0	12	30720	896	0	1	0	896
15	2202	1	1	1	1	0	0	1	12	0	0	12	30720	896	0	1	0	896
15	2204	1	1	1	1	0	0	1	12	0	0	12	30720	896	0	1	0	896
15	2211	1	1	1	1	0	0	1	12	0	0	12	30720	896	0	1	0	896
15	2213	1	1	1	1	0	0	1	12	0	0	12	30720	896	0	1	0	896
15	2214	1	1	1	1	0	0	1	12	0	0	12	30720	896	0	1	0	896
15	2217	1	1	1	1	0	0	1	12	0	0	12	30720	896	0	1	0	896
15	2218	1	1	1	1	0	0	1	12	0	0	12	30720	896	0	1	0	896
15	2220	1	1	1	1	0	0	1	12	0	0	12	30720	896	0	1	0	896
15	2225	1	1	1	1	0	0	1	12	0	0	12	30720	896	0	1	0	896
15	2226	1	1	1	1	0	0	1	12	0	0	12	30720	896	0	1	0	896
15	2228	1	1	1	1	0	0	1	12	0	0	12	30720	896	0	1	0	896
15	2232	1	1	1	1	0	0	1	12	0	0	12	30720	896	0	1	0	896
15	2243	1	1	1	1	0	0	1	12	0	0	12	30720	896	0	1	0	896
15	2245	1	1	1	1	0	0	1	12	0	0	12	30720	896	0	1	0	896
15	2246	1	1	1	1	0	0	1	12	0	0	12	30720	896	0	1	0	896
15	2249	1	1	1	1	0	0	1	12	0	0	12	30720	896	0	1	0	896
15	2250	1	1	1	1	0	0	1	12	0	0	12	30720	896	0	1	0	896
15	2252	1	1	1	1	0	0	1	12	0	0	12	30720	896	0	1	0	896
15	2257	1	1	1	1	0	0	1	12	0	0	12	30720	896	0	1	0	896
15	2258	1	1	1	1	0	0	1	12	0	0	12	30720	896	0	1	0	896
15	2260	1	1	1	1	0	0	1	12	0	0	12	30720	896	0	1	0	896
15	2264	1	1	1	1	0	0	1	12	0	0	12	30720	896	0	1	0	896
15	2273	1	1	1	1	0	0	1	12	0	0	12	30720	896	0	1	0	896
15	2274	1	1	1	1	0	0	1	12	0	0	12	30720	896	0	1	0	896
15	2276	1	1	1	1	0	0	1	12	0	0	12	30720	896	0	1	0	896
15	2280	1	1	1	1	0	0	1	12	0	0	12	30720	896	0	1	0	896
15	2288	1	1	1	1	0	0	1	12	0	0	12	30720	896	0	1	0	896
15	2311	1	1	1	1	0	0	1	11	1	1	13	30720	896	0	1	0	896
15	2315	1	1	1	1	0	0	1	11	1	1	13	30720	896	0	1	0	896
15	2317	1	1	1	1	0	0	1	11	1	1	13	30720	896	0	1	0	896
15	2318	1	1	1	1	0	0	1	11	1	1	13	30720	896	0	1	0	896
15	2323	1	1	1	1	0	0	1	11	1	1	13	30720	896	0	1	0	896
15	2325	1	1	1	1	0	0	1	11	1	1	13	30720	896	0	1	0	896
15	2326	1	1	1	1	0	0	1	11	1	1	13	30720	896	0	1	0	896
15	2329	1	1	1	1	0	0	1	11	1	1	13	30720	896	0	1	0	896
15	2330	1	1	1	1	0	0	1	11	1	1	13	30720	896	0	1	0	896
15	2332	1	1	1	1	0	0	1	11	1	1	13	30720	896	0	1	0	896
15	2339	1	1	1	1	0	0	1	11	1	1	13	30720	896	0	1	0	896
15	2341	1	1	1	1	0	0	1	11	1	1	13	30720	896	0	1	0	896
15	2342	1	1	1	1	0	0	1	11	1	1	13	30720	896	0	1	0	896
15	2345	1	1	1	1	0	0	1	11	1	1	13	30720	896	0	1	0	896
15	2346	1	1	1	1	0	0	1	11	1	1	13	30720	896	0	1	0	896
15	2348	1	1	1	1	0	0	1	11	1	1	13	30720	896	0	1	0	896
15	2353	1	1	1	1	0	0	1	11	1	1	13	30720	896	0	1	0	896
15	2354	1	1	1	1	0	0	1	11	1	1	13	30720	896	0	1	0	896
15	2356	1	1	1	1	0	0	1	11	1	1	13	30720	896	0	1	0	896
15	2360	1	1	1	1	0	0	1	11	1	1	13	30720	896	0	1	0	896
15	2371	1	1	1	1	0	0	1	11	1	1	13	30720	896	0	1	0	896
15	2373	1	1	1	1	0	0	1	11	1	1	13	30720	896	0	1	0	896
15	2374	1	1	1	1	0	0	1	11	1	1	13	30720	896	0	1	0	896
15	2377	1	1	1	1	0	0	1	11	1	1	13	30720	896	0	1	0	896
15	2378	1	1	1	1	0	0	1	11	1	1	13	30720	896	0	1	0	896
15	2380	1	1	1	1	0	0	1	11	1	1	13	30720	896	0	1	0	896
15	2385	1	1	1	1	0	0	1	11	1	1	13	30720	896	0	1	0	896
15	2386	1	1	1	1	0	0	1	11	1	1	13	30720	896	0	1	0	896
15	2388	1	1	1	1	0	0	1	11	1	1	13	30720	896	0	1	0	896
15	2392	1	1	1	1	0	0	1	11	1	1	13	30720	896	0	1	0	896
15	2401	1	1	1	1	0	0	1	11	1	1	13	30720	896	0	1	0	896
15	2402	1	1	1	1	0	0	1	11	1	1	13	30720	896	0	1	0	896
15	2404	1	1	1	1	0	0	1	11	1	1	13	30720	896	0	1	0	896
15	2408	1	1	1	1	0	0	1	11	1	1	13	30720	896	0	1	0	896
15	2416	1	1	1	1	0	0	1	11	1	1	13	30720	896	0	1	0	896
15	2435	1	1	1	1	0	0	1	11	1	1	13	30720	896	0	1	0	896
15	2437	1	1	1	1	0	0	1	11	1	1	13	30720	896	0	1	0	896
15	2438	1	1	1	1	0	0	1	11	1	1	13	30720	896	0	1	0	896
15	2441	1	1	1	1	0	0	1	11	1	1	13	30720	896	0	1	0	896
15	2442	1	1	1	1	0	0	1	11	1	1	13	30720	896	0	1	0	896
15	2444	1	1	1	1	0	0	1	11	1	1	13	30720	896	0	1	0	896
15	2449	1	1	1	1	0	0	1	11	1	1	13	30720	896	0	1	0	896
15	2450	1	1	1	1	0	0	1	11	1	1	13	30720	896	0	1	0	896
15	2452	1	1	1	1	0	0	1	11	1	1	13	30720	896	0	1	0	896
15	2456	1	1	1	1	0	0	1	11	1	1	13	30720	896	0	1	0	896
15	2465	1	1	1	1	0	0	1	11	1	1	13	30720	896	0	1	0	896
15	2466	1	1	1	1	0	0	1	11	1	1	13	30720	896	0	1	0	896
15	2468	1	1	1	1	0	0	1	11	1	1	13	30720	896	0	1	0	896
15	2472	1	1	1	1	0	0	1	11	1	1	13	30720	896	0	1	0	896
15	2480	1	1	1	1	0	0	1	11	1	1	13	30720	896	0	1	0	896
15	2497	1	1	1	1	0	0	1	11	1	1	13	30720	896	0	1	0	896
15	2498	1	1	1	1	0	0	1	11	1	1	13	30720	896	0	1	0	896
15	2500	1	1	1	1	0	0	1	11	1	1	13	30720	896	0	1	0	896
15	2504	1	1	1	1	0	0	1	11	1	1	13	30720	896	0	1	0	896
15	2512	1	1	1	1	0	0	1	11	1	1	13	30720	896	0	1	0	896
15	2528	1	1	1	1	0	0	1	11	1	1	13	30720	896	0	1	0	896
15	2567	1	1	1	1	0	0	1	11	1	1	13	30720	896	0	1	0	896
15	2571	1	1	1	1	0	0	1	11	1	1	13	30720	896	0	1	0	896
15	2573	1	1	1	1	0	0	1	11	1	1	13	30720	896	0	1	0	896
15	2574	1	1	1	1	0	0	1	11	1	1	13	30720	896	0	1	0	896
15	2579	1	1	1	1	0	0	1	11	1	1	13	30720	896	0	1	0	896
15	2581	1	1	1	1	0	0	1	11	1	1	13	30720	896	0	1	0	896
15	2582	1	1	1	1	0	0	1	11	1	1	13	30720	896	0	1	0	896
15	2585	1	1	1	1	0	0	1	11	1	1	13	30720	896	0	1	0	896
15	2586	1	1	1	1	0	0	1	11	1	1	13	30720	896	0	1	0	896
15	2588	1	1	1	1	0	0	1	11	1	1	13	30720	896	0	1	0	896
15	2595	1	1	1	1	0	0	1	11	1	1	13	30720	896	0	1	0	896
15	2597	1	1	1	1	0	0	1	11	1	1	13	30720	896	0	1	0	896
15	2598	1	1	1	1	0	0	1	11	1	1	13	30720	896	0	1	0	896
15	2601	1	1	1	1	0	0	1	11	1	1	13	30720	896	0	1	0	896
15	2602	1	1	1	1	0	0	1	11	1	1	13	30720	896	0	1	0	896
15	2604	1	1	1	1	0	0	1	11	1	1	13	30720	896	0	1	0	896
15	2609	1	1	1	1	0	0	1	11	1	1	13	30720	896	0	1	0	896
15	2610	1	1	1	1	0	0	1	11	1	1	13	30720	896	0	1	0	896
15	2612	1	1	1	1	0	0	1	11	1	1	13	30720	896	0	1	0	896
15	2616	1	1	1	1	0	0	1	11	1	1	13	30720	896	0	1	0	896
15	2627	1	1	1	1	0	0	1	11	1	1	13	30720	896	0	1	0	896
15	2629	1	1	1	1	0	0	1	11	1	1	13	30720	896	0	1	0	896
15	2630	1	1	1	1	0	0	1	11	1	1	13	30720	896	0	1	0	896
15	2633	1	1	1	1	0	0	1	11	1	1	13	30720	896	0	1	0	896
15	2634	1	1	1	1	0	0	1	11	1	1	13	30720	896	0	1	0	896
15	2636	1	1	1	1	0	0	1	11	1	1	13	30720	896	0	1	0	896
15	2641	1	1	1	1	0	0	1	11	1	1	13	30720	896	0	1	0	896
15	2642	1	1	1	1	0	0	1	11	1	1	13	30720	896	0	1	0	896
15	2644	1	1	1	1	0	0	1	11	1	1	13	30720	896	0	1	0	896
15	2648	1	1	1	1	0	0	1	11	1	1	13	30720	896	0	1	0	896
15	2657	1	1	1	1	0	0	1	11	1	1	13	30720	896	0	1	0	896
15	2658	1	1	1	1	0	0	1	11	1	1	13	30720	896	0	1	0	896
15	2660	1	1	1	1	0	0	1	11	1	1	13	30720	896	0	1	0	896
15	2664	1	1	1	1	0	0	1	11	1	1	13	30720	896	0	1	0	896
15	2672	1	1	1	1	0	0	1	11	1	1	13	30720	896	0	1	0	896
15	2691	1	1	1	1	0	0	1	11	1	1	13	30720	896	0	1	0	896
15	2693	1	1	1	1	0	0	1	11	1	1	13	30720	896	0	1	0	896
15	2694	1	1	1	1	0	0	1	11	1	1	13	30720	896	0	1	0	896
15	2697	1	1	1	1	0	0	1	11	1	1	13	30720	896	0	1	0	896
15	2698	1	1	1	1	0	0	1	11	1	1	13	30720	896	0	1	0	896
15	2700	1	1	1	1	0	0	1	11	1	1	13	30720	896	0	1	0	896
15	2705	1	1	1	1	0	0	1	11	1	1	13	30720	896	0	1	0	896
15	2706	1	1	1	1	0	0	1	11	1	1	13	30720	896	0	1	0	896
15	2708	1	1	1	1	0	0	1	11	1	1	13	30720	896	0	1	0	896
15	2712	1	1	1	1	0	0	1	11	1	1	13	30720	896	0	1	0	896
15	2721	1	1	1	1	0	0	1	11	1	1	13	30720	896	0	1	0	896
15	2722	1	1	1	1	0	0	1	11	1	1	13	30720	896	0	1	0	896
15	2724	1	1	1	1	0	0	1	11	1	1	13	30720	896	0	1	0	896
15	2728	1	1	1	1	0	0	1	11	1	1	13	30720	896	0	1	0	896
15	2736	1	1	1	1	0	0	1	11	1	1	13	30720	896	0	1	0	896
15	2753	1	1	1	1	0	0	1	11	1	1	13	30720	896	0	1	0	896
15	2754	1	1	1	1	0	0	1	11	1	1	13	30720	896	0	1	0	896
15	2756	1	1	1	1	0	0	1	11	1	1	13	30720	896	0	1	0	896
15	2760	1	1	1	1	0	0	1	11	1	1	13	30720	896	0	1	0	896
15	2768	1	1	1	1	0	0	1	11	1	1	13	30720	896	0	1	0	896
15	2784	1	1	1	1	0	0	1	11	1	1	13	30720	896	0	1	0	896
15	2819	1	3	1	1	0	0	1	10	3	2	14	30720	896	0	1	0	768,832,896
15	2821	1	3	1	1	0	0	1	10	3	2	14	30720	896	0	1	0	768,832,896
15	2822	1	3	1	1	0	0	1	10	3	2	14	30720	896	0	1	0	768,832,896
15	2825	1	3	1	1	0	0	1	10	3	2	14	30720	896	0	1	0	768,832,896
15	2826	1	3	1	1	0	0	1	10	3	2	14	30720	896	0	1	0	768,832,896
15	2828	1	3	1	1	0	0	1	10	3	2	14	30720	896	0	1	0	768,832,896
15	2833	1	3	1	1	0	0	1	10	3	2	14	30720	896	0	1	0	768,832,896
15	2834	1	3	1	1	0	0	1	10	3	2	14	30720	896	0	1	0	768,832,896
15	2836	1	3	1	1	0	0	1	10	3	2	14	30720	896	0	1	0	768,832,896
15	2840	1	3	1	1	0	0	1	10	3	2	14	30720	896	0	1	0	768,832,896
15	2849	1	3	1	1	0	0	1	10	3	2	14	30720	896	0	1	0	768,832,896
15	2850	1	3	1	1	0	0	1	10	3	2	14	30720	896	0	1	0	768,832,896
15	2852	1	3	1	1	0	0	1	10	3	2	14	30720	896	0	1	0	768,832,896
15	2856	1	3	1	1	0	0	1	10	3	2	14	30720	896	0	1	0	768,832,896
15	2864	1	3	1	1	0	0	1	10	3	2	14	30720	896	0	1	0	768,832,896
15	2881	1	3	1	1	0	0	1	10	3	2	14	30720	896	0	1	0	768,832,896
15	2882	1	3	1	1	0	0	1	10	3	2	14	30720	896	0	1	0	768,832,896
15	2884	1	3	1	1	0	0	1	10	3	2	14	30720	896	0	1	0	768,832,896
15	2888	1	3	1	1	0	0	1	10	3	2	14	30720	896	0	1	0	768,832,896
15	2896	1	3	1	1	0	0	1	10	3	2	14	30720	896	0	1	0	768,832,896
15	2912	1	3	1	1	0	0	1	10	3	2	14	30720	896	0	1	0	768,832,896
15	2945	1	3	1	1	0	0	1	10	3	2	14	30720	896	0	1	0	768,832,896
15	2946	1	3	1	1	0	0	1	10	3	2	14	30720	896	0	1	0	768,832,896
15	2948	1	3	1	1	0	0	1	10	3	2	14	30720	896	0	1	0	768,832,896
15	2952	1	3	1	1	0	0	1	10	3	2	14	30720	896	0	1	0	768,832,896
15	2960	1	3	1	1	0	0	1	10	3	2	14	30720	896	0	1	0	768,832,896
15	2976	1	3	1	1	0	0	1	10	3	2	14	30720	896	0	1	0	768,832,896
15	3008	1	3	1	1	0	0	1	10	3	2	14	30720	896	0	1	0	768,832,896
15	3079	1	1	1	1	0	0	1	11	1	1	13	30720	896	0	1	0	896
15	3083	1	1	1	1	0	0	1	11	1	1	13	30720	896	0	1	0	896
15	3085	1	1	1	1	0	0	1	11	1	1	13	30720	896	0	1	0	896
15	3086	1	1	1	1	0	0	1	11	1	1	13	30720	896	0	1	0	896
15	3091	1	1	1	1	0	0	1	11	1	1	13	30720	896	0	1	0	896
15	3093	1	1	1	1	0	0	1	11	1	1	13	30720	896	0	1	0	896
15	3094	1	1	1	1	0	0	1	11	1	1	13	30720	896	0	1	0	896
15	3097	1	1	1	1	0	0	1	11	1	1	13	30720	896	0	1	0	896
15	3098	1	1	1	1	0	0	1	11	1	1	13	30720	896	0	1	0	896
15	3100	1	1	1	1	0	0	1	11	1	1	13	30720	896	0	1	0	896
15	3107	1	1	1	1	0	0	1	11	1	1	13	30720	896	0	1	0	896
15	3109	1	1	1	1	0	0	1	11	1	1	13	30720	896	0	1	0	896
15	3110	1	1	1	1	0	0	1	11	1	1	13	30720	896	0	1	0	896
15	3113	1	1	1	1	0	0	1	11	1	1	13	30720	896	0	1	0	896
15	3114	1	1	1	1	0	0	1	11	1	1	13	30720	896	0	1	0	896
15	3116	1	1	1	1	0	0	1	11	1	1	13	30720	896	0	1	0	896
15	3121	1	1	1	1	0	0	1	11	1	1	13	30720	896	0	1	0	896
15	3122	1	1	1	1	0	0	1	11	1	1	13	30720	896	0	1	0	896
15	3124	1	1	1	1	0	0	1	11	1	1	13	30720	896	0	1	0	896
15	3128	1	1	1	1	0	0	1	11	1	1	13	30720	896	0	1	0	896
15	3139	1	1	1	1	0	0	1	11	1	1	13	30720	896	0	1	0	896
15	3141	1	1	1	1	0	0	1	11	1	1	13	30720	896	0	1	0	896
15	3142	1	1	1	1	0	0	1	11	1	1	13	30720	896	0	1	0	896
15	3145	1	1	1	1	0	0	1	11	1	1	13	30720	896	0	1	0	896
15	3146	1	1	1	1	0	0	1	11	1	1	13	30720	896	0	1	0	896
15	3148	1	1	1	1	0	0	1	11	1	1	13	30720	896	0	1	0	896
15	3153	1	1	1	1	0	0	1	11	1	1	13	30720	896	0	1	0	896
15	3154	1	1	1	1	0	0	1	11	1	1	13	30720	896	0	1	0	896
15	3156	1	1	1	1	0	0	1	11	1	1	13	30720	896	0	1	0	896
15	3160	1	1	1	1	0	0	1	11	1	1	13	30720	896	0	1	0	896
15	3169	1	1	1	1	0	0	1	11	1	1	13	30720	896	0	1	0	896
15	3170	1	1	1	1	0	0	1	11	1	1	13	30720	896	0	1	0	896
15	3172	1	1	1	1	0	0	1	11	1	1	13	30720	896	0	1	0	896
15	3176	1	1	1	1	0	0	1	11	1	1	13	30720	896	0	1	0	896
15	3184	1	1	1	1	0	0	1	11	1	1	13	30720	896	0	1	0	896
15	3203	1	1	1	1	0	0	1	11	1	1	13	30720	896	0	1	0	896
15	3205	1	1	1	1	0	0	1	11	1	1	13	30720	896	0	1	0	896
15	3206	1	1	1	1	0	0	1	11	1	1	13	30720	896	0	1	0	896
15	3209	1	1	1	1	0	0	1	11	1	1	13	30720	896	0	1	0	896
15	3210	1	1	1	1	0	0	1	11	1	1	13	30720	896	0	1	0	896
15	3212	1	1	1	1	0	0	1	11	1	1	13	30720	896	0	1	0	896
15	3217	1	1	1	1	0	0	1	11	1	1	13	30720	896	0	1	0	896
15	3218	1	1	1	1	0	0	1	11	1	1	13	30720	896	0	1	0	896
15	3220	1	1	1	1	0	0	1	11	1	1	13	30720	896	0	1	0	896
15	3224	1	1	1	1	0	0	1	11	1	1	13	30720	896	0	1	0	896
15	3233	1	1	1	1	0	0	1	11	1	1	13	30720	896	0	1	0	896
15	3234	1	1	1	1	0	0	1	11	1	1	13	30720	896	0	1	0	896
15	3236	1	1	1	1	0	0	1	11	1	1	13	30720	896	0	1	0	896
15	3240	1	1	1	1	0	0	1	11	1	1	13	30720	896	0	1	0	896
15	3248	1	1	1	1	0	0	1	11	1	1	13	30720	896	0	1	0	896
15	3265	1	1	1	1	0	0	1	11	1	1	13	30720	896	0	1	0	896
15	3266	1	1	1	1	0	0	1	11	1	1	13	30720	896	0	1	0	896
15	3268	1	1	1	1	0	0	1	11	1	1	13	30720	896	0	1	0	896
15	3272	1	1	1	1	0	0	1	11	1	1	13	30720	896	0	1	0	896
15	3280	1	1	1	1	0	0	1	11	1	1	13	30720	896	0	1	0	896
15	3296	1	1	1	1	0	0	1	11	1	1	13	30720	896	0	1	0	896
15	3331	1	3	1	1	0	0	1	10	3	2	14	30720	896	0	1	0	768,832,896
15	3333	1	3	1	1	0	0	1	10	3	2	14	30720	896	0	1	0	768,832,896
15	3334	1	3	1	1	0	0	1	10	3	2	14	30720	896	0	1	0	768,832,896
15	3337	1	3	1	1	0	0	1	10	3	2	14	30720	896	0	1	0	768,832,896
15	3338	1	3	1	1	0	0	1	10	3	2	14	30720	896	0	1	0	768,832,896
15	3340	1	3	1	1	0	0	1	10	3	2	14	30720	896	0	1	0	768,832,896
15	3345	1	3	1	1	0	0	1	10	3	2	14	30720	896	0	1	0	768,832,896
15	3346	1	3	1	1	0	0	1	10	3	2	14	30720	896	0	1	0	768,832,896
15	3348	1	3	1	1	0	0	1	10	3	2	14	30720	896	0	1	0	768,832,896
15	3352	1	3	1	1	0	0	1	10	3	2	14	30720	896	0	1	0	768,832,896
15	3361	1	3	1	1	0	0	1	10	3	2	14	30720	896	0	1	0	768,832,896
15	3362	1	3	1	1	0	0	1	10	3	2	14	30720	896	0	1	0	768,832,896
15	3364	1	3	1	1	0	0	1	10	3	2	14	30720	896	0	1	0	768,832,896
15	3368	1	3	1	1	0	0	1	10	3	2	14	30720	896	0	1	0	768,832,896
15	3376	1	3	1	1	0	0	1	10	3	2	14	30720	896	0	1	0	768,832,896
15	3393	1	3	1	1	0	0	1	10	3	2	14	30720	896	0	1	0	768,832,896
15	3394	1	3	1	1	0	0	1	10	3	2	14	30720	896	0	1	0	768,832,896
15	3396	1	3	1	1	0	0	1	10	3	2	14	30720	896	0	1	0	768,832,896
15	3400	1	3	1	1	0	0	1	10	3	2	14	30720	896	0	1	0	768,832,896
15	3408	1	3	1	1	0	0	1	10	3	2	14	30720	896	0	1	0	768,832,896
15	3424	1	3	1	1	0	0	1	10	3	2	14	30720	896	0	1	0	768,832,896
15	3457	1	3	1	1	0	0	1	10	3	2	14	30720	896	0	1	0	768,832,896
15	3458	1	3	1	1	0	0	1	10	3	2	14	30720	896	0	1	0	768,832,896
15	3460	1	3	1	1	0	0	1	10	3	2	14	30720	896	0	1	0	768,832,896
15	3464	1	3	1	1	0	0	1	10	3	2	14	30720	896	0	1	0	768,832,896
15	3472	1	3	1	1	0	0	1	10	3	2	14	30720	896	0	1	0	768,832,896
15	3488	1	3	1	1	0	0	1	10	3	2	14	30720	896	0	1	0	768,832,896
15	3520	1	3	1	1	0	0	1	10	3	2	14	30720	896	0	1	0	768,832,896
15	3587	1	3	1	1	0	0	1	10	3	2	14	30720	896	0	1	0	768,832,896
15	3589	1	3	1	1	0	0	1	10	3	2	14	30720	896	0	1	0	768,832,896
15	3590	1	3	1	1	0	0	1	10	3	2	14	30720	896	0	1	0	768,832,896
15	3593	1	3	1	1	0	0	1	10	3	2	14	30720	896	0	1	0	768,832,896
15	3594	1	3	1	1	0	0	1	10	3	2	14	30720	896	0	1	0	768,832,896
15	3596	1	3	1	1	0	0	1	10	3	2	14	30720	896	0	1	0	768,832,896
15	3601	1	3	1	1	0	0	1	10	3	2	14	30720	896	0	1	0	768,832,896
15	3602	1	3	1	1	0	0	1	10	3	2	14	30720	896	0	1	0	768,832,896
15	3604	1	3	1	1	0	0	1	10	3	2	14	30720	896	0	1	0	768,832,896
15	3608	1	3	1	1	0	0	1	10	3	2	14	30720	896	0	1	0	768,832,896
15	3617	1	3	1	1	0	0	1	10	3	2	14	30720	896	0	1	0	768,832,896
15	3618	1	3	1	1	0	0	1	10	3	2	14	30720	896	0	1	0	768,832,896
15	3620	1	3	1	1	0	0	1	10	3	2	14	30720	896	0	1	0	768,832,896
15	3624	1	3	1	1	0	0	1	10	3	2	14	30720	896	0	1	0	768,832,896
15	3632	1	3	1	1	0	0	1	10	3	2	14	30720	896	0	1	0	768,832,896
15	3649	1	3	1	1	0	0	1	10	3	2	14	30720	896	0	1	0	768,832,896
15	3650	1	3	1	1	0	0	1	10	3	2	14	30720	896	0	1	0	768,832,896
15	3652	1	3	1	1	0	0	1	10	3	2	14	30720	896	0	1	0	768,832,896
15	3656	1	3	1	1	0	0	1	10	3	2	14	30720	896	0	1	0	768,832,896
15	3664	1	3	1	1	0	0	1	10	3	2	14	30720	896	0	1	0	768,832,896
15	3680	1	3	1	1	0	0	1	10	3	2	14	30720	896	0	1	0	768,832,896
15	3713	1	3	1	1	0	0	1	10	3	2	14	30720	896	0	1	0	768,832,896
15	3714	1	3	1	1	0	0	1	10	3	2	14	30720	896	0	1	0	768,832,896
15	3716	1	3	1	1	0	0	1	10	3	2	14	30720	896	0	1	0	768,832,896
15	3720	1	3	1	1	0	0	1	10	3	2	14	30720	896	0	1	0	768,832,896
15	3728	1	3	1	1	0	0	1	10	3	2	14	30720	896	0	1	0	768,832,896
15	3744	1	3	1	1	0	0	1	10	3	2	14	30720	896	0	1	0	768,832,896
15	3776	1	3	1	1	0	0	1	10	3	2	14	30720	896	0	1	0	768,832,896
15	3841	0	1	2	1	1	1	0	9	11	3	15	30720	768	4096	1	1	768
15	3842	0	1	2	1	1	1	0	9	11	3	15	30720	768	4096	1	1	768
15	3844	0	1	2	1	1	1	0	9	11	3	15	30720	768	4096	1	1	768
15	3848	0	1	2	1	1	1	0	9	11	3	15	30720	768	4096	1	1	768
15	3856	0	1	2	1	1	1	0	9	11	3	15	30720	768	4096	1	1	768
15	3872	0	1	2	1	1	1	0	9	11	3	15	30720	768	4096	1	1	768
15	3904	0	1	2	1	1	1	0	9	11	3	15	30720	768	4096	1	1	768
15	3968	0	1	2	1	1	1	0	9	11	3	15	30720	768	4096	1	1	768
15	4111	1	1	1	1	0	0	1	12	0	0	12	30720	896	0	1	0	896
15	4119	1	1	1	1	0	0	1	12	0	0	12	30720	896	0	1	0	896
15	4123	1	1	1	1	0	0	1	12	0	0	12	30720	896	0	1	0	896
15	4125	1	1	1	1	0	0	1	12	0	0	12	30720	896	0	1	0	896
15	4126	1	1	1	1	0	0	1	12	0	0	12	30720	896	0	1	0	896
15	4135	1	1	1	1	0	0	1	12	0	0	12	30720	896	0	1	0	896
15	4139	1	1	1	1	0	0	1	12	0	0	12	30720	896	0	1	0	896
15	4141	1	1	1	1	0	0	1	12	0	0	12	30720	896	0	1	0	896
15	4142	1	1	1	1	0	0	1	12	0	0	12	30720	896	0	1	0	896
15	4147	1	1	1	1	0	0	1	12	0	0	12	30720	896	0	1	0	896
15	4149	1	1	1	1	0	0	1	12	0	0	12	30720	896	0	1	0	896
15	4150	1	1	1	1	0	0	1	12	0	0	12	30720	896	0	1	0	896
15	4153	1	1	1	1	0	0	1	12	0	0	12	30720	896	0	1	0	896
15	4154	1	1	1	1	0	0	1	12	0	0	12	30720	896	0	1	0	896
15	4156	1	1	1	1	0	0	1	12	0	0	12	30720	896	0	1	0	896
15	4167	1	1	1	1	0	0	1	12	0	0	12	30720	896	0	1	0	896
15	4171	1	1	1	1	0	0	1	12	0	0	12	30720	896	0	1	0	896
15	4173	1	1	1	1	0	0	1	12	0	0	12	30720	896	0	1	0	896
15	4174	1	1	1	1	0	0	1	12	0	0	12	30720	896	0	1	0	896
15	4179	1	1	1	1	0	0	1	12	0	0	12	30720	896	0	1	0	896
15	4181	1	1	1	1	0	0	1	12	0	0	12	30720	896	0	1	0	896
15	4182	1	1	1	1	0	0	1	12	0	0	12	30720	896	0	1	0	896
15	4185	1	1	1	1	0	0	1	12	0	0	12	30720	896	0	1	0	896
15	4186	1	1	1	1	0	0	1	12	0	0	12	30720	896	0	1	0	896
15	4188	1	1	1	1	0	0	1	12	0	0	12	30720	896	0	1	0	896
15	4195	1	1	1	1	0	0	1	12	0	0	12	30720	896	0	1	0	896
15	4197	1	1	1	1	0	0	1	12	0	0	12	30720	896	0	1	0	896
15	4198	1	1	1	1	0	0	1	12	0	0	12	30720	896	0	1	0	896
15	4201	1	1	1	1	0	0	1	12	0	0	12	30720	896	0	1	0	896
15	4202	1	1	1	1	0	0	1	12	0	0	12	30720	896	0	1	0	896
15	4204	1	1	1	1	0	0	1	12	0	0	12	30720	896	0	1	0	896
15	4209	1	1	1	1	0	0	1	12	0	0	12	30720	896	0	1	0	896
15	4210	1	1	1	1	0	0	1	12	0	0	12	30720	896	0	1	0	896
15	4212	1	1	1	1	0	0	1	12	0	0	12	30720	896	0	1	0	896
15	4216	1	1	1	1	0	0	1	12	0	0	12	30720	896	0	1	0	896
15	4231	1	1	1	1	0	0	1	12	0	0	12	30720	896	0	1	0	896
15	4235	1	1	1	1	0	0	1	12	0	0	12	30720	896	0	1	0	896
15	4237	1	1	1	1	0	0	1	12	0	0	12	30720	896	0	1	0	896
15	4238	1	1	1	1	0	0	1	12	0	0	12	30720	896	0	1	0	896
15	4243	1	1	1	1	0	0	1	12	0	0	12	30720	896	0	1	0	896
15	4245	1	1	1	1	0	0	1	12	0	0	12	30720	896	0	1	0	896
15	4246	1	1	1	1	0	0	1	12	0	0	12	30720	896	0	1	0	896
15	4249	1	1	1	1	0	0	1	12	0	0	12	30720	896	0	1	0	896
15	4250	1	1	1	1	0	0	1	12	0	0	12	30720	896	0	1	0	896
15	4252	1	1	1	1	0	0	1	12	0	0	12	30720	896	0	1	0	896
15	4259	1	1	1	1	0	0	1	12	0	0	12	30720	896	0	1	0	896
15	4261	1	1	1	1	0	0	1	12	0	0	12	30720	896	0	1	0	896
15	4262	1	1	1	1	0	0	1	12	0	0	12	30720	896	0	1	0	896
15	4265	1	1	1	1	0	0	1	12	0	0	12	30720	896	0	1	0	896
15	4266	1	1	1	1	0	0	1	12	0	0	12	30720	896	0	1	0	896
15	4268	1	1	1	1	0	0	1	12	0	0	12	30720	896	0	1	0	896
15	4273	1	1	1	1	0	0	1	12	0	0	12	30720	896	0	1	0	896
15	4274	1	1	1	1	0	0	1	12	0	0	12	30720	896	0	1	0	896
15	4276	1	1	1	1	0	0	1	12	0	0	12	30720	896	0	1	0	896
15	4280	1	1	1	1	0	0	1	12	0	0	12	30720	896	0	1	0	896
15	4291	1	1	1	1	0	0	1	12	0	0	12	30720	896	0	1	0	896
15	4293	1	1	1	1	0	0	1	12	0	0	12	30720	896	0	1	0	896
15	4294	1	1	1	1	0	0	1	12	0	0	12	30720	896	0	1	0	896
15	4297	1	1	1	1	0	0	1	12	0	0	12	30720	896	0	1	0	896
15	4298	1	1	1	1	0	0	1	12	0	0	12	30720	896	0	1	0	896
15	4300	1	1	1	1	0	0	1	12	0	0	12	30720	896	0	1	0	896
15	4305	1	1	1	1	0	0	1	12	0	0	12	30720	896	0	1	0	896
15	4306	1	1	1	1	0	0	1	12	0	0	12	30720	896	0	1	0	896
15	4308	1	1	1	1	0	0	1	12	0	0	12	30720	896	0	1	0	896
15	4312	1	1	1	1	0	0	1	12	0	0	12	30720	896	0	1	0	896
15	4321	1	1	1	1	0	0	1	12	0	0	12	30720	896	0	1	0	896
15	4322	1	1	1	1	0	0	1	12	0	0	12	30720	896	0	1	0	896
15	4324	1	1	1	1	0	0	1	12	0	0	12	30720	896	0	1	0	896
15	4328	1	1	1	1	0	0	1	12	0	0	12	30720	896	0	1	0	896
15	4336	1	1	1	1	0	0	1	12	0	0	12	30720	896	0	1	0	896
15	4359	1	1	1	1	0	0	1	11	1	1	13	30720	896	0	1	0	896
15	4363	1	1	1	1	0	0	1	11	1	1	13	30720	896	0	1	0	896
15	4365	1	1	1	1	0	0	1	11	1	1	13	30720	896	0	1	0	896
15	4366	1	1	1	1	0	0	1	11	1	1	13	30720	896	0	1	0	896
15	4371	1	1	1	1	0	0	1	11	1	1	13	30720	896	0	1	0	896
15	4373	1	1	1	1	0	0	1	11	1	1	13	30720	896	0	1	0	896
15	4374	1	1	1	1	0	0	1	11	1	1	13	30720	896	0	1	0	896
15	4377	1	1	1	1	0	0	1	11	1	1	13	30720	896	0	1	0	896
15	4378	1	1	1	1	0	0	1	11	1	1	13	30720	896	0	1	0	896
15	4380	1	1	1	1	0	0	1	11	1	1	13	30720	896	0	1	0	896
15	4387	1	1	1	1	0	0	1	11	1	1	13	30720	896	0	1	0	896
15	4389	1	1	1	1	0	0	1	11	1	1	13	30720	896	0	1	0	896
15	4390	1	1	1	1	0	0	1	11	1	1	13	30720	896	0	1	0	896
15	4393	1	1	1	1	0	0	1	11	1	1	13	30720	896	0	1	0	896
15	4394	1	1	1	1	0	0	1	11	1	1	13	30720	896	0	1	0	896
15	4396	1	1	1	1	0	0	1	11	1	1	13	30720	896	0	1	0	896
15	4401	1	1	1	1	0	0	1	11	1	1	13	30720	896	0	1	0	896
15	4402	1	1	1	1	0	0	1	11	1	1	13	30720	896	0	1	0	896
15	4404	1	1	1	1	0	0	1	11	1	1	13	30720	896	0	1	0	896
15	4408	1	1	1	1	0	0	1	11	1	1	13	30720	896	0	1	0	896
15	4419	1	1	1	1	0	0	1	11	1	1	13	30720	896	0	1	0	896
15	4421	1	1	1	1	0	0	1	11	1	1	13	30720	896	0	1	0	896
15	4422	1	1	1	1	0	0	1	11	1	1	13	30720	896	0	1	0	896
15	4425	1	1	1	1	0	0	1	11	1	1	13	30720	896	0	1	0	896
15	4426	1	1	1	1	0	0	1	11	1	1	13	30720	896	0	1	0	896
15	4428	1	1	1	1	0	0	1	11	1	1	13	30720	896	0	1	0	896
15	4433	1	1	1	1	0	0	1	11	1	1	13	30720	896	0	1	0	896
15	4434	1	1	1	1	0	0	1	11	1	1	13	30720	896	0	1	0	896
15	4436	1	1	1	1	0	0	1	11	1	1	13	30720	896	0	1	0	896
15	4440	1	1	1	1	0	0	1	11	1	1	13	30720	896	0	1	0	896
15	4449	1	1	1	1	0	0	1	11	1	1	13	30720	896	0	1	0	896
15	4450	1	1	1	1	0	0	1	11	1	1	13	30720	896	0	1	0	896
15	4452	1	1	1	1	0	0	1	11	1	1	13	30720	896	0	1	0	896
15	4456	1	1	1	1	0	0	1	11	1	1	13	30720	896	0	1	0	896
15	4464	1	1	1	1	0	0	1	11	1	1	13	30720	896	0	1	0	896
15	4483	1	1	1	1	0	0	1	11	1	1	13	30720	896	0	1	0	896
15	4485	1	1	1	1	0	0	1	11	1	1	13	30720	896	0	1	0	896
15	4486	1	1	1	1	0	0	1	11	1	1	13	30720	896	0	1	0	896
15	4489	1	1	1	1	0	0	1	11	1	1	13	30720	896	0	1	0	896
15	4490	1	1	1	1	0	0	1	11	1	1	13	30720	896	0	1	0	896
15	4492	1	1	1	1	0	0	1	11	1	1	13	30720	896	0	1	0	896
15	4497	1	1	1	1	0	0	1	11	1	1	13	30720	896	0	1	0	896
15	4498	1	1	1	1	0	0	1	11	1	1	13	30720	896	0	1	0	896
15	4500	1	1	1	1	0	0	1	11	1	1	13	30720	896	0	1	0	896
15	4504	1	1	1	1	0	0	1	11	1	1	13	30720	896	0	1	0	896
15	4513	1	1	1	1	0	0	1	11	1	1	13	30720	896	0	1	0	896
15	4514	1	1	1	1	0	0	1	11	1	1	13	30720	896	0	1	0	896
15	4516	1	1	1	1	0	0	1	11	1	1	13	30720	896	0	1	0	896
15	4520	1	1	1	1	0	0	1	11	1	1	13	30720	896	0	1	0	896
15	4528	1	1	1	1	0	0	1	11	1	1	13	30720	896	0	1	0	896
15	4545	1	1	1	1	0	0	1	11	1	1	13	30720	896	0	1	0	896
15	4546	1	1	1	1	0	0	1	11	1	1	13	30720	896	0	1	0	896
15	4548	1	1	1	1	0	0	1	11	1	1	13	30720	896	0	1	0	896
15	4552	1	1	1	1	0	0	1	11	1	1	13	30720	896	0	1	0	896
15	4560	1	1	1	1	0	0	1	11	1	1	13	30720	896	0	1	0	896
15	4576	1	1	1	1	0	0	1	11	1	1	13	30720	896	0	1	0	896
15	4615	1	1	1	1	0	0	1	11	1	1	13	30720	896	0	1	0	896
15	4619	1	1	1	1	0	0	1	11	1	1	13	30720	896	0	1	0	896
15	4621	1	1	1	1	0	0	1	11	1	1	13	30720	896	0	1	0	896
15	4622	1	1	1	1	0	0	1	11	1	1	13	30720	896	0	1	0	896
15	4627	1	1	1	1	0	0	1	11	1	1	13	30720	896	0	1	0	896
15	4629	1	1	1	1	0	0	1	11	1	1	13	30720	896	0	1	0	896
15	4630	1	1	1	1	0	0	1	11	1	1	13	30720	896	0	1	0	896
15	4633	1	1	1	1	0	0	1	11	1	1	13	30720	896	0	1	0	896
15	4634	1	1	1	1	0	0	1	11	1	1	13	30720	896	0	1	0	896
15	4636	1	1	1	1	0	0	1	11	1	1	13	30720	896	0	1	0	896
15	4643	1	1	1	1	0	0	1	11	1	1	13	30720	896	0	1	0	896
15	4645	1	1	1	1	0	0	1	11	1	1	13	30720	896	0	1	0	896
15	4646	1	1	1	1	0	0	1	11	1	1	13	30720	896	0	1	0	896
15	4649	1	1	1	1	0	0	1	11	1	1	13	30720	896	0	1	0	896
15	4650	1	1	1	1	0	0	1	11	1	1	13	30720	896	0	1	0	896
15	4652	1	1	1	1	0	0	1	11	1	1	13	30720	896	0	1	0	896
15	4657	1	1	1	1	0	0	1	11	1	1	13	30720	896	0	1	0	896
15	4658	1	1	1	1	0	0	1	11	1	1	13	30720	896	0	1	0	896
15	4660	1	1	1	1	0	0	1	11	1	1	13	30720	896	0	1	0	896
15	4664	1	1	1	1	0	0	1	11	1	1	13	30720	896	0	1	0	896
15	4675	1	1	1	1	0	0	1	11	1	1	13	30720	896	0	1	0	896
15	4677	1	1	1	1	0	0	1	11	1	1	13	30720	896	0	1	0	896
15	4678	1	1	1	1	0	0	1	11	1	1	13	30720	896	0	1	0	896
15	4681	1	1	1	1	0	0	1	11	1	1	13	30720	896	0	1	0	896
15	4682	1	1	1	1	0	0	1	11	1	1	13	30720	896	0	1	0	896
15	4684	1	1	1	1	0	0	1	11	1	1	13	30720	896	0	1	0	896
15	4689	1	1	1	1	0	0	1	11	1	1	13	30720	896	0	1	0	896
15	4690	1	1	1	1	0	0	1	11	1	1	13	30720	896	0	1	0	896
15	4692	1	1	1	1	0	0	1	11	1	1	13	30720	896	0	1	0	896
15	4696	1	1	1	1	0	0	1	11	1	1	13	30720	896	0	1	0	896
15	4705	1	1	1	1	0	0	1	11	1	1	13	30720	896	0	1	0	896
15	4706	1	1	1	1	0	0	1	11	1	1	13	30720	896	0	1	0	896
15	4708	1	1	1	1	0	0	1	11	1	1	13	30720	896	0	1	0	896
15	4712	1	1	1	1	0	0	1	11	1	1	13	30720	896	0	1	0	896
15	4720	1	1	1	1	0	0	1	11	1	1	13	30720	896	0	1	0	896
15	4739	1	1	1	1	0	0	1	11	1	1	13	30720	896	0	1	0	896
15	4741	1	1	1	1	0	0	1	11	1	1	13	30720	896	0	1	0	896
15	4742	1	1	1	1	0	0	1	11	1	1	13	30720	896	0	1	0	896
15	4745	1	1	1	1	0	0	1	11	1	1	13	30720	896	0	1	0	896
15	4746	1	1	1	1	0	0	1	11	1	1	13	30720	896	0	1	0	896
15	4748	1	1	1	1	0	0	1	11	1	1	13	30720	896	0	1	0	896
15	4753	1	1	1	1	0	0	1	11	1	1	13	30720	896	0	1	0	896
15	4754	1	1	1	1	0	0	1	11	1	1	13	30720	896	0	1	0	896
15	4756	1	1	1	1	0	0	1	11	1	1	13	30720	896	0	1	0	896
15	4760	1	1	1	1	0	0	1	11	1	1	13	30720	896	0	1	0	896
15	4769	1	1	1	1	0	0	1	11	1	1	13	30720	896	0	1	0	896
15	4770	1	1	1	1	0	0	1	11	1	1	13	30720	896	0	1	0	896
15	4772	1	1	1	1	0	0	1	11	1	1	13	30720	896	0	1	0	896
15	4776	1	1	1	1	0	0	1	11	1	1	13	30720	896	0	1	0	896
15	4784	1	1	1	1	0	0	1	11	1	1	13	30720	896	0	1	0	896
15	4801	1	1	1	1	0	0	1	11	1	1	13	30720	896	0	1	0	896
15	4802	1	1	1	1	0	0	1	11	1	1	13	30720	896	0	1	0	896
15	4804	1	1	1	1	0	0	1	11	1	1	13	30720	896	0	1	0	896
15	4808	1	1	1	1	0	0	1	11	1	1	13	30720	896	0	1	0	896
15	4816	1	1	1	1	0	0	1	11	1	1	13	30720	896	0	1	0	896
15	4832	1	1	1	1	0	0	1	11	1	1	13	30720	896	0	1	0	896
15	4867	1	3	1	1	0	0	1	10	3	2	14	30720	896	0	1	0	768,832,896
15	4869	1	3	1	1	0	0	1	10	3	2	14	30720	896	0	1	0	768,832,896
15	4870	1	3	1	1	0	0	1	10	3	2	14	30720	896	0	1	0	768,832,896
15	4873	1	3	1	1	0	0	1	10	3	2	14	30720	896	0	1	0	768,832,896
15	4874	1	3	1	1	0	0	1	10	3	2	14	30720	896	0	1	0	768,832,896
15	4876	1	3	1	1	0	0	1	10	3	2	14	30720	896	0	1	0	768,832,896
15	4881	1	3	1	1	0	0	1	10	3	2	14	30720	896	0	1	0	768,832,896
15	4882	1	3	1	1	0	0	1	10	3	2	14	30720	896	0	1	0	768,832,896
15	4884	1	3	1	1	0	0	1	10	3	2	14	30720	896	0	1	0	768,832,896
15	4888	1	3	1	1	0	0	1	10	3	2	14	30720	896	0	1	0	768,832,896
15	4897	1	3	1	1	0	0	1	10	3	2	14	30720	896	0	1	0	768,832,896
15	4898	1	3	1	1	0	0	1	10	3	2	14	30720	896	0	1	0	768,832,896
15	4900	1	3	1	1	0	0	1	10	3	2	14	30720	896	0	1	0	768,832,896
15	4904	1	3	1	1	0	0	1	10	3	2	14	30720	896	0	1	0	768,832,896
15	4912	1	3	1	1	0	0	1	10	3	2	14	30720	896	0	1	0	768,832,896
15	4929	1	3	1	1	0	0	1	10	3	2	14	30720	896	0	1	0	768,832,896
15	4930	1	3	1	1	0	0	1	10	3	2	14	30720	896	0	1	0	768,832,896
15	4932	1	3	1	1	0	0	1	10	3	2	14	30720	896	0	1	0	768,832,896
15	4936	1	3	1	1	0	0	1	10	3	2	14	30720	896	0	1	0	768,832,896
15	4944	1	3	1	1	0	0	1	10	3	2	14	30720	896	0	1	0	768,832,896
15	4960	1	3	1	1	0	0	1	10	3	2	14	30720	896	0	1	0	768,832,896
15	4993	1	3	1	1	0	0	1	10	3	2	14	30720	896	0	1	0	768,832,896
15	4994	1	3	1	1	0	0	1	10	3	2	14	30720	896	0	1	0	768,832,896
15	4996	1	3	1	1	0	0	1	10	3	2	14	30720	896	0	1	0	768,832,896
15	5000	1	3	1	1	0	0	1	10	3	2	14	30720	896	0	1	0	768,832,896
15	5008	1	3	1	1	0	0	1	10	3	2	14	30720	896	0	1	0	768,832,896
15	5024	1	3	1	1	0	0	1	10	3	2	14	30720	896	0	1	0	768,832,896
15	5056	1	3	1	1	0	0	1	10	3	2	14	30720	896	0	1	0	768,832,896
15	5127	1	1	1	1	0	0	1	11	1	1	13	30720	896	0	1	0	896
15	5131	1	1	1	1	0	0	1	11	1	1	13	30720	896	0	1	0	896
15	5133	1	1	1	1	0	0	1	11	1	1	13	30720	896	0	1	0	896
15	5134	1	1	1	1	0	0	1	11	1	1	13	30720	896	0	1	0	896
15	5139	1	1	1	1	0	0	1	11	1	1	13	30720	896	0	1	0	896
15	5141	1	1	1	1	0	0	1	11	1	1	13	30720	896	0	1	0	896
15	5142	1	1	1	1	0	0	1	11	1	1	13	30720	896	0	1	0	896
15	5145	1	1	1	1	0	0	1	11	1	1	13	30720	896	0	1	0	896
15	5146	1	1	1	1	0	0	1	11	1	1	13	30720	896	0	1	0	896
15	5148	1	1	1	1	0	0	1	11	1	1	13	30720	896	0	1	0	896
15	5155	1	1	1	1	0	0	1	11	1	1	13	30720	896	0	1	0	896
15	5157	1	1	1	1	0	0	1	11	1	1	13	30720	896	0	1	0	896
15	5158	1	1	1	1	0	0	1	11	1	1	13	30720	896	0	1	0	896
15	5161	1	1	1	1	0	0	1	11	1	1	13	30720	896	0	1	0	896
15	5162	1	1	1	1	0	0	1	11	1	1	13	30720	896	0	1	0	896
15	5164	1	1	1	1	0	0	1	11	1	1	13	30720	896	0	1	0	896
15	5169	1	1	1	1	0	0	1	11	1	1	13	30720	896	0	1	0	896
15	5170	1	1	1	1	0	0	1	11	1	1	13	30720	896	0	1	0	896
15	5172	1	1	1	1	0	0	1	11	1	1	13	30720	896	0	1	0	896
15	5176	1	1	1	1	0	0	1	11	1	1	13	30720	896	0	1	0	896
15	5187	1	1	1	1	0	0	1	11	1	1	13	30720	896	0	1	0	896
15	5189	1	1	1	1	0	0	1	11	1	1	13	30720	896	0	1	0	896
15	5190	1	1	1	1	0	0	1	11	1	1	13	30720	896	0	1	0	896
15	5193	1	1	1	1	0	0	1	11	1	1	13	30720	896	0	1	0	896
15	5194	1	1	1	1	0	0	1	11	1	1	13	30720	896	0	1	0	896
15	5196	1	1	1	1	0	0	1	11	1	1	13	30720	896	0	1	0	896
15	5201	1	1	1	1	0	0	1	11	1	1	13	30720	896	0	1	0	896
15	5202	1	1	1	1	0	0	1	11	1	1	13	30720	896	0	1	0	896
15	5204	1	1	1	1	0	0	1	11	1	1	13	30720	896	0	1	0	896
15	5208	1	1	1	1	0	0	1	11	1	1	13	30720	896	0	1	0	896
15	5217	1	1	1	1	0	0	1	11	1	1	13	30720	896	0	1	0	896
15	5218	1	1	1	1	0	0	1	11	1	1	13	30720	896	0	1	0	896
15	5220	1	1	1	1	0	0	1	11	1	1	13	30720	896	0	1	0	896
15	5224	1	1	1	1	0	0	1	11	1	1	13	30720	896	0	1	0	896
15	5232	1	1	1	1	0	0	1	11	1	1	13	30720	896	0	1	0	896
15	5251	1	1	1	1	0	0	1	11	1	1	13	30720	896	0	1	0	896
15	5253	1	1	1	1	0	0	1	11	1	1	13	30720	896	0	1	0	896
15	5254	1	1	1	1	0	0	1	11	1	1	13	30720	896	0	1	0	896
15	5257	1	1	1	1	0	0	1	11	1	1	13	30720	896	0	1	0	896
15	5258	1	1	1	1	0	0	1	11	1	1	13	30720	896	0	1	0	896
15	5260	1	1	1	1	0	0	1	11	1	1	13	30720	896	0	1	0	896
15	5265	1	1	1	1	0	0	1	11	1	1	13	30720	896	0	1	0	896
15	5266	1	1	1	1	0	0	1	11	1	1	13	30720	896	0	1	0	896
15	5268	1	1	1	1	0	0	1	11	1	1	13	30720	896	0	1	0	896
15	5272	1	1	1	1	0	0	1	11	1	1	13	30720	896	0	1	0	896
15	5281	1	1	1	1	0	0	1	11	1	1	13	30720	896	0	1	0	896
15	5282	1	1	1	1	0	0	1	11	1	1	13	30720	896	0	1	0	896
15	5284	1	1	1	1	0	0	1	11	1	1	13	30720	896	0	1	0	896
15	5288	1	1	1	1	0	0	1	11	1	1	13	30720	896	0	1	0	896
15	5296	1	1	1	1	0	0	1	11	1	1	13	30720	896	0	1	0	896
15	5313	1	1	1	1	0	0	1	11	1	1	13	30720	896	0	1	0	896
15	5314	1	1	1	1	0	0	1	11	1	1	13	30720	896	0	1	0	896
15	5316	1	1	1	1	0	0	1	11	1	1	13	30720	896	0	1	0	896
15	5320	1	1	1	1	0	0	1	11	1	1	13	30720	896	0	1	0	896
15	5328	1	1	1	1	0	0	1	11	1	1	13	30720	896	0	1	0	896
15	5344	1	1	1	1	0	0	1	11	1	1	13	30720	896	0	1	0	896
15	5379	1	3	1	1	0	0	1	10	3	2	14	30720	896	0	1	0	768,832,896
15	5381	1	3	1	1	0	0	1	10	3	2	14	30720	896	0	1	0	768,832,896
15	5382	1	3	1	1	0	0	1	10	3	2	14	30720	896	0	1	0	768,832,896
15	5385	1	3	1	1	0	0	1	10	3	2	14	30720	896	0	1	0	768,832,896
15	5386	1	3	1	1	0	0	1	10	3	2	14	30720	896	0	1	0	768,832,896
15	5388	1	3	1	1	0	0	1	10	3	2	14	30720	896	0	1	0	768,832,896
15	5393	1	3	1	1	0	0	1	10	3	2	14	30720	896	0	1	0	768,832,896
15	5394	1	3	1	1	0	0	1	10	3	2	14	30720	896	0	1	0	768,832,896
15	5396	1	3	1	1	0	0	1	10	3	2	14	30720	896	0	1	0	768,832,896
15	5400	1	3	1	1	0	0	1	10	3	2	14	30720	896	0	1	0	768,832,896
15	5409	1	3	1	1	0	0	1	10	3	2	14	30720	896	0	1	0	768,832,896
15	5410	1	3	1	1	0	0	1	10	3	2	14	30720	896	0	1	0	768,832,896
15	5412	1	3	1	1	0	0	1	10	3	2	14	30720	896	0	1	0	768,832,896
15	5416	1	3	1	1	0	0	1	10	3	2	14	30720	896	0	1	0	768,832,896
15	5424	1	3	1	1	0	0	1	10	3	2	14	30720	896	0	1	0	768,832,896
15	5441	1	3	1	1	0	0	1	10	3	2	14	30720	896	0	1	0	768,832,896
15	5442	1	3	1	1	0	0	1	10	3	2	14	30720	896	0	1	0	768,832,896
15	5444	1	3	1	1	0	0	1	10	3	2	14	30720	896	0	1	0	768,832,896
15	5448	1	3	1	1	0	0	1	10	3	2	14	30720	896	0	1	0	768,832,896
15	5456	1	3	1	1	0	0	1	10	3	2	14	30720	896	0	1	0	768,832,896
15	5472	1	3	1	1	0	0	1	10	3	2	14	30720	896	0	1	0	768,832,896
15	5505	1	3	1	1	0	0	1	10	3	2	14	30720	896	0	1	0	768,832,896
15	5506	1	3	1	1	0	0	1	10	3	2	14	30720	896	0	1	0	768,832,896
15	5508	1	3	1	1	0	0	1	10	3	2	14	30720	896	0	1	0	768,832,896
15	5512	1	3	1	1	0	0	1	10	3	2	14	30720	896	0	1	0	768,832,896
15	5520	1	3	1	1	0	0	1	10	3	2	14	30720	896	0	1	0	768,832,896
15	5536	1	3	1	1	0	0	1	10	3	2	14	30720	896	0	1	0	768,832,896
15	5568	1	3	1	1	0	0	1	10	3	2	14	30720	896	0	1	0	768,832,896
15	5635	1	3	1	1	0	0	1	10	3	2	14	30720	896	0	1	0	768,832,896
15	5637	1	3	1	1	0	0	1	10	3	2	14	30720	896	0	1	0	768,832,896
15	5638	1	3	1	1	0	0	1	10	3	2	14	30720	896	0	1	0	768,832,896
15	5641	1	3	1	1	0	0	1	10	3	2	14	30720	896	0	1	0	768,832,896
15	5642	1	3	1	1	0	0	1	10	3	2	14	30720	896	0	1	0	768,832,896
15	5644	1	3	1	1	0	0	1	10	3	2	14	30720	896	0	1	0	768,832,896
15	5649	1	3	1	1	0	0	1	10	3	2	14	30720	896	0	1	0	768,832,896
15	5650	1	3	1	1	0	0	1	10	3	2	14	30720	896	0	1	0	768,832,896
15	5652	1	3	1	1	0	0	1	10	3	2	14	30720	896	0	1	0	768,832,896
15	5656	1	3	1	1	0	0	1	10	3	2	14	30720	896	0	1	0	768,832,896
15	5665	1	3	1	1	0	0	1	10	3	2	14	30720	896	0	1	0	768,832,896
15	5666	1	3	1	1	0	0	1	10	3	2	14	30720	896	0	1	0	768,832,896
15	5668	1	3	1	1	0	0	1	10	3	2	14	30720	896	0	1	0	768,832,896
15	5672	1	3	1	1	0	0	1	10	3	2	14	30720	896	0	1	0	768,832,896
15	5680	1	3	1	1	0	0	1	10	3	2	14	30720	896	0	1	0	768,832,896
15	5697	1	3	1	1	0	0	1	10	3	2	14	30720	896	0	1	0	768,832,896
15	5698	1	3	1	1	0	0	1	10	3	2	14	30720	896	0	1	0	768,832,896
15	5700	1	3	1	1	0	0	1	10	3	2	14	30720	896	0	1	0	768,832,896
15	5704	1	3	1	1	0	0	1	10	3	2	14	30720	896	0	1	0	768,832,896
15	5712	1	3	1	1	0	0	1	10	3	2	14	30720	896	0	1	0	768,832,896
15	5728	1	3	1	1	0	0	1	10	3	2	14	30720	896	0	1	0	768,832,896
15	5761	1	3	1	1	0	0	1	10	3	2	14	30720	896	0	1	0	768,832,896
15	5762	1	3	1	1	0	0	1	10	3	2	14	30720	896	0	1	0	768,832,896
15	5764	1	3	1	1	0	0	1	10	3	2	14	30720	896	0	1	0	768,832,896
15	5768	1	3	1	1	0	0	1	10	3	2	14	30720	896	0	1	0	768,832,896
15	5776	1	3	1	1	0	0	1	10	3	2	14	30720	896	0	1	0	768,832,896
15	5792	1	3	1	1	0	0	1	10	3	2	14	30720	896	0	1	0	768,832,896
15	5824	1	3	1	1	0	0	1	10	3	2	14	30720	896	0	1	0	768,832,896
15	5889	0	1	2	1	1	1	0	9	11	3	15	30720	768	2048	1	1	768
15	5890	0	1	2	1	1	1	0	9	11	3	15	30720	768	2048	1	1	768
15	5892	0	1	2	1	1	1	0	9	11	3	15	30720	768	2048	1	1	768
15	5896	0	1	2	1	1	1	0	9	11	3	15	30720	768	2048	1	1	768
15	5904	0	1	2	1	1	1	0	9	11	3	15	30720	768	2048	1	1	768
15	5920	0	1	2	1	1	1	0	9	11	3	15	30720	768	2048	1	1	768
15	5952	0	1	2	1	1	1	0	9	11	3	15	30720	768	2048	1	1	768
15	6016	0	1	2	1	1	1	0	9	11	3	15	30720	768	2048	1	1	768
15	6151	0	1	2	1	0	0	1	14	0	0	14	30720	768	0	2	0	768
15	6155	0	1	2	1	0	0	1	14	0	0	14	30720	768	0	2	0	768
15	6157	0	1	2	1	0	0	1	14	0	0	14	30720	768	0	2	0	768
15	6158	0	1	2	1	0	0	1	14	0	0	14	30720	768	0	2	0	768
15	6163	0	1	2	1	0	0	1	14	0	0	14	30720	768	0	2	0	768
15	6165	0	1	2	1	0	0	1	14	0	0	14	30720	768	0	2	0	768
15	6166	0	1	2	1	0	0	1	14	0	0	14	30720	768	0	2	0	768
15	6169	0	1	2	1	0	0	1	14	0	0	14	30720	768	0	2	0	768
15	6170	0	1	2	1	0	0	1	14	0	0	14	30720	768	0	2	0	768
15	6172	0	1	2	1	0	0	1	14	0	0	14	30720	768	0	2	0	768
15	6179	0	1	2	1	0	0	1	14	0	0	14	30720	768	0	2	0	768
15	6181	0	1	2	1	0	0	1	14	0	0	14	30720	768	0	2	0	768
15	6182	0	1	2	1	0	0	1	14	0	0	14	30720	768	0	2	0	768
15	6185	0	1	2	1	0	0	1	14	0	0	14	30720	768	0	2	0	768
15	6186	0	1	2	1	0	0	1	14	0	0	14	30720	768	0	2	0	768
15	6188	0	1	2	1	0	0	1	14	0	0	14	30720	768	0	2	0	768
15	6193	0	1	2	1	0	0	1	14	0	0	14	30720	768	0	2	0	768
15	6194	0	1	2	1	0	0	1	14	0	0	14	30720	768	0	2	0	768
15	6196	0	1	2	1	0	0	1	14	0	0	14	30720	768	0	2	0	768
15	6200	0	1	2	1	0	0	1	14	0	0	14	30720	768	0	2	0	768
15	6211	0	1	2	1	0	0	1	14	0	0	14	30720	768	0	2	0	768
15	6213	0	1	2	1	0	0	1	14	0	0	14	30720	768	0	2	0	768
15	6214	0	1	2	1	0	0	1	14	0	0	14	30720	768	0	2	0	768
15	6217	0	1	2	1	0	0	1	14	0	0	14	30720	768	0	2	0	768
15	6218	0	1	2	1	0	0	1	14	0	0	14	30720	768	0	2	0	768
15	6220	0	1	2	1	0	0	1	14	0	0	14	30720	768	0	2	0	768
15	6225	0	1	2	1	0	0	1	14	0	0	14	30720	768	0	2	0	768
15	6226	0	1	2	1	0	0	1	14	0	0	14	30720	768	0	2	0	768
15	6228	0	1	2	1	0	0	1	14	0	0	14	30720	768	0	2	0	768
15	6232	0	1	2	1	0	0	1	14	0	0	14	30720	768	0	2	0	768
15	6241	0	1	2	1	0	0	1	14	0	0	14	30720	768	0	2	0	768
15	6242	0	1	2	1	0	0	1	14	0	0	14	30720	768	0	2	0	768
15	6244	0	1	2	1	0	0	1	14	0	0	14	30720	768	0	2	0	768
15	6248	0	1	2	1	0	0	1	14	0	0	14	30720	768	0	2	0	768
15	6256	0	1	2	1	0	0	1	14	0	0	14	30720	768	0	2	0	768
15	6275	0	1	2	1	0	0	1	14	0	0	14	30720	768	0	2	0	768
15	6277	0	1	2	1	0	0	1	14	0	0	14	30720	768	0	2	0	768
15	6278	0	1	2	1	0	0	1	14	0	0	14	30720	768	0	2	0	768
15	6281	0	1	2	1	0	0	1	14	0	0	14	30720	768	0	2	0	768
15	6282	0	1	2	1	0	0	1	14	0	0	14	30720	768	0	2	0	768
15	6284	0	1	2	1	0	0	1	14	0	0	14	30720	768	0	2	0	768
15	6289	0	1	2	1	0	0	1	14	0	0	14	30720	768	0	2	0	768
15	6290	0	1	2	1	0	0	1	14	0	0	14	30720	768	0	2	0	768
15	6292	0	1	2	1	0	0	1	14	0	0	14	30720	768	0	2	0	768
15	6296	0	1	2	1	0	0	1	14	0	0	14	30720	768	0	2	0	768
15	6305	0	1	2	1	0	0	1	14	0	0	14	30720	768	0	2	0	768
15	6306	0	1	2	1	0	0	1	14	0	0	14	30720	768	0	2	0	768
15	6308	0	1	2	1	0	0	1	14	0	0	14	30720	768	0	2	0	768
15	6312	0	1	2	1	0	0	1	14	0	0	14	30720	768	0	2	0	768
15	6320	0	1	2	1	0	0	1	14	0	0	14	30720	768	0	2	0	768
15	6337	0	1	2	1	0	0	1	14	0	0	14	30720	768	0	2	0	768
15	6338	0	1	2	1	0	0	1	14	0	0	14	30720	768	0	2	0	768
15	6340	0	1	2	1	0	0	1	14	0	0	14	30720	768	0	2	0	768
15	6344	0	1	2	1	0	0	1	14	0	0	14	30720	768	0	2	0	768
15	6352	0	1	2	1	0	0	1	14	0	0	14	30720	768	0	2	0	768
15	6368	0	1	2	1	0	0	1	14	0	0	14	30720	768	0	2	0	768
15	6403	0	1	2	1	0	0	1	11	3	2	15	30720	768	0	2	0	768
15	6405	0	1	2	1	0	0	1	11	3	2	15	30720	768	0	2	0	768
15	6406	0	1	2	1	0	0	1	11	3	2	15	30720	768	0	2	0	768
15	6409	0	1	2	1	0	0	1	11	3	2	15	30720	768	0	2	0	768
15	6410	0	1	2	1	0	0	1	11	3	2	15	30720	768	0	2	0	768
15	6412	0	1	2	1	0	0	1	11	3	2	15	30720	768	0	2	0	768
15	6417	0	1	2	1	0	0	1	11	3	2	15	30720	768	0	2	0	768
15	6418	0	1	2	1	0	0	1	11	3	2	15	30720	768	0	2	0	768
15	6420	0	1	2	1	0	0	1	11	3	2	15	30720	768	0	2	0	768
15	6424	0	1	2	1	0	0	1	11	3	2	15	30720	768	0	2	0	768
15	6433	0	1	2	1	0	0	1	11	3	2	15	30720	768	0	2	0	768
15	6434	0	1	2	1	0	0	1	11	3	2	15	30720	768	0	2	0	768
15	6436	0	1	2	1	0	0	1	11	3	2	15	30720	768	0	2	0	768
15	6440	0	1	2	1	0	0	1	11	3	2	15	30720	768	0	2	0	768
15	6448	0	1	2	1	0	0	1	11	3	2	15	30720	768	0	2	0	768
15	6465	0	1	2	1	0	0	1	11	3	2	15	30720	768	0	2	0	768
15	6466	0	1	2	1	0	0	1	11	3	2	15	30720	768	0	2	0	768
15	6468	0	1	2	1	0	0	1	11	3	2	15	30720	768	0	2	0	768
15	6472	0	1	2	1	0	0	1	11	3	2	15	30720	768	0	2	0	768
15	6480	0	1	2	1	0	0	1	11	3	2	15	30720	768	0	2	0	768
15	6496	0	1	2	1	0	0	1	11	3	2	15	30720	768	0	2	0	768
15	6529	0	1	2	1	0	0	1	11	3	2	15	30720	768	0	2	0	768
15	6530	0	1	2	1	0	0	1	11	3	2	15	30720	768	0	2	0	768
15	6532	0	1	2	1	0	0	1	11	3	2	15	30720	768	0	2	0	768
15	6536	0	1	2	1	0	0	1	11	3	2	15	30720	768	0	2	0	768
15	6544	0	1	2	1	0	0	1	11	3	2	15	30720	768	0	2	0	768
15	6560	0	1	2	1	0	0	1	11	3	2	15	30720	768	0	2	0	768
15	6592	0	1	2	1	0	0	1	11	3	2	15	30720	768	0	2	0	768
15	6659	0	1	2	1	0	0	1	11	3	2	15	30720	768	0	2	0	768
15	6661	0	1	2	1	0	0	1	11	3	2	15	30720	768	0	2	0	768
15	6662	0	1	2	1	0	0	1	11	3	2	15	30720	768	0	2	0	768
15	6665	0	1	2	1	0	0	1	11	3	2	15	30720	768	0	2	0	768
15	6666	0	1	2	1	0	0	1	11	3	2	15	30720	768	0	2	0	768
15	6668	0	1	2	1	0	0	1	11	3	2	15	30720	768	0	2	0	768
15	6673	0	1	2	1	0	0	1	11	3	2	15	30720	768	0	2	0	768
15	6674	0	1	2	1	0	0	1	11	3	2	15	30720	768	0	2	0	768
15	6676	0	1	2	1	0	0	1	11	3	2	15	30720	768	0	2	0	768
15	6680	0	1	2	1	0	0	1	11	3	2	15	30720	768	0	2	0	768
15	6689	0	1	2	1	0	0	1	11	3	2	15	30720	768	0	2	0	768
15	6690	0	1	2	1	0	0	1	11	3	2	15	30720	768	0	2	0	768
15	6692	0	1	2	1	0	0	1	11	3	2	15	30720	768	0	2	0	768
15	6696	0	1	2	1	0	0	1	11	3	2	15	30720	768	0	2	0	768
15	6704	0	1	2	1	0	0	1	11	3	2	15	30720	768	0	2	0	768
15	6721	0	1	2	1	0	0	1	11	3	2	15	30720	768	0	2	0	768
15	6722	0	1	2	1	0	0	1	11	3	2	15	30720	768	0	2	0	768
15	6724	0	1	2	1	0	0	1	11	3	2	15	30720	768	0	2	0	768
15	6728	0	1	2	1	0	0	1	11	3	2	15	30720	768	0	2	0	768
15	6736	0	1	2	1	0	0	1	11	3	2	15	30720	768	0	2	0	768
15	6752	0	1	2	1	0	0	1	11	3	2	15	30720	768	0	2	0	768
15	6785	0	1	2	1	0	0	1	11	3	2	15	30720	768	0	2	0	768
15	6786	0	1	2	1	0	0	1	11	3	2	15	30720	768	0	2	0	768
15	6788	0	1	2	1	0	0	1	11	3	2	15	30720	768	0	2	0	768
15	6792	0	1	2	1	0	0	1	11	3	2	15	30720	768	0	2	0	768
15	6800	0	1	2	1	0	0	1	11	3	2	15	30720	768	0	2	0	768
15	6816	0	1	2	1	0	0	1	11	3	2	15	30720	768	0	2	0	768
15	6848	0	1	2	1	0	0	1	11	3	2	15	30720	768	0	2	0	768
15	6913	0	1	2	1	0	0	1	8	30	4	16	30720	768	0	2	0	768
15	6914	0	1	2	1	0	0	1	8	30	4	16	30720	768	0	2	0	768
15	6916	0	1	2	1	0	0	1	8	30	4	16	30720	768	0	2	0	768
15	6920	0	1	2	1	0	0	1	8	30	4	16	30720	768	0	2	0	768
15	6928	0	1	2	1	0	0	1	8	30	4	16	30720	768	0	2	0	768
15	6944	0	1	2	1	0	0	1	8	30	4	16	30720	768	0	2	0	768
15	6976	0	1	2	1	0	0	1	8	30	4	16	30720	768	0	2	0	768
15	7040	0	1	2	1	0	0	1	8	30	4	16	30720	768	0	2	0	768
15	7171	0	1	2	1	0	0	1	11	3	2	15	30720	768	0	2	0	768
15	7173	0	1	2	1	0	0	1	11	3	2	15	30720	768	0	2	0	768
15	7174	0	1	2	1	0	0	1	11	3	2	15	30720	768	0	2	0	768
15	7177	0	1	2	1	0	0	1	11	3	2	15	30720	768	0	2	0	768
15	7178	0	1	2	1	0	0	1	11	3	2	15	30720	768	0	2	0	768
15	7180	0	1	2	1	0	0	1	11	3	2	15	30720	768	0	2	0	768
15	7185	0	1	2	1	0	0	1	11	3	2	15	30720	768	0	2	0	768
15	7186	0	1	2	1	0	0	1	11	3	2	15	30720	768	0	2	0	768
15	7188	0	1	2	1	0	0	1	11	3	2	15	30720	768	0	2	0	768
15	7192	0	1	2	1	0	0	1	11	3	2	15	30720	768	0	2	0	768
15	7201	0	1	2	1	0	0	1	11	3	2	15	30720	768	0	2	0	768
15	7202	0	1	2	1	0	0	1	11	3	2	15	30720	768	0	2	0	768
15	7204	0	1	2	1	0	0	1	11	3	2	15	30720	768	0	2	0	768
15	7208	0	1	2	1	0	0	1	11	3	2	15	30720	768	0	2	0	768
15	7216	0	1	2	1	0	0	1	11	3	2	15	30720	768	0	2	0	768
15	7233	0	1	2	1	0	0	1	11	3	2	15	30720	768	0	2	0	768
15	7234	0	1	2	1	0	0	1	11	3	2	15	30720	768	0	2	0	768
15	7236	0	1	2	1	0	0	1	11	3	2	15	30720	768	0	2	0	768
15	7240	0	1	2	1	0	0	1	11	3	2	15	30720	768	0	2	0	768
15	7248	0	1	2	1	0	0	1	11	3	2	15	30720	768	0	2	0	768
15	7264	0	1	2	1	0	0	1	11	3	2	15	30720	768	0	2	0	768
15	7297	0	1	2	1	0	0	1	11	3	2	15	30720	768	0	2	0	768
15	7298	0	1	2	1	0	0	1	11	3	2	15	30720	768	0	2	0	768
15	7300	0	1	2	1	0	0	1	11	3	2	15	30720	768	0	2	0	768
15	7304	0	1	2	1	0	0	1	11	3	2	15	30720	768	0	2	0	768
15	7312	0	1	2	1	0	0	1	11	3	2	15	30720	768	0	2	0	768
15	7328	0	1	2	1	0	0	1	11	3	2	15	30720	768	0	2	0	768
15	7360	0	1	2	1	0	0	1	11	3	2	15	30720	768	0	2	0	768
15	7425	0	1	2	1	0	0	1	8	30	4	16	30720	768	0	2	0	768
15	7426	0	1	2	1	0	0	1	8	30	4	16	30720	768	0	2	0	768
15	7428	0	1	2	1	0	0	1	8	30	4	16	30720	768	0	2	0	768
15	7432	0	1	2	1	0	0	1	8	30	4	16	30720	768	0	2	0	768
15	7440	0	1	2	1	0	0	1	8	30	4	16	30720	768	0	2	0	768
15	7456	0	1	2	1	0	0	1	8	30	4	16	30720	768	0	2	0	768
15	7488	0	1	2	1	0	0	1	8	30	4	16	30720	768	0	2	0	768
15	7552	0	1	2	1	0	0	1	8	30	4	16	30720	768	0	2	0	768
15	7681	0	1	2	1	0	0	1	8	30	4	16	30720	768	0	2	0	768
15	7682	0	1	2	1	0	0	1	8	30	4	16	30720	768	0	2	0	768
15	7684	0	1	2	1	0	0	1	8	30	4	16	30720	768	0	2	0	768
15	7688	0	1	2	1	0	0	1	8	30	4	16	30720	768	0	2	0	768
15	7696	0	1	2	1	0	0	1	8	30	4	16	30720	768	0	2	0	768
15	7712	0	1	2	1	0	0	1	8	30	4	16	30720	768	0	2	0	768
15	7744	0	1	2	1	0	0	1	8	30	4	16	30720	768	0	2	0	768
15	7808	0	1	2	1	0	0	1	8	30	4	16	30720	768	0	2	0	768
15	7936	0	1	2	1	0	0	1	5	222	6	17	30720	768	0	2	0	768
15	8207	0	1	2	1	0	0	1	10	75	4	18	30720	896	0	2	0	896
15	8215	0	1	2	1	0	0	1	10	75	4	18	30720	896	0	2	0	896
15	8219	0	1	2	1	0	0	1	10	75	4	18	30720	896	0	2	0	896
15	8221	0	1	2	1	0	0	1	10	75	4	18	30720	896	0	2	0	896
15	8222	0	1	2	1	0	0	1	10	75	4	18	30720	896	0	2	0	896
15	8231	0	1	2	1	0	0	1	10	75	4	18	30720	896	0	2	0	896
15	8235	0	1	2	1	0	0	1	10	75	4	18	30720	896	0	2	0	896
15	8237	0	1	2	1	0	0	1	10	75	4	18	30720	896	0	2	0	896
15	8238	0	1	2	1	0	0	1	10	75	4	18	30720	896	0	2	0	896
15	8243	0	1	2	1	0	0	1	10	75	4	18	30720	896	0	2	0	896
15	8245	0	1	2	1	0	0	1	10	75	4	18	30720	896	0	2	0	896
15	8246	0	1	2	1	0	0	1	10	75	4	18	30720	896	0	2	0	896
15	8249	0	1	2	1	0	0	1	10	75	4	18	30720	896	0	2	0	896
15	8250	0	1	2	1	0	0	1	10	75	4	18	30720	896	0	2	0	896
15	8252	0	1	2	1	0	0	1	10	75	4	18	30720	896	0	2	0	896
15	8263	0	1	2	1	0	0	1	10	75	4	18	30720	896	0	2	0	896
15	8267	0	1	2	1	0	0	1	10	75	4	18	30720	896	0	2	0	896
15	8269	0	1	2	1	0	0	1	10	75	4	18	30720	896	0	2	0	896
15	8270	0	1	2	1	0	0	1	10	75	4	18	30720	896	0	2	0	896
15	8275	0	1	2	1	0	0	1	10	75	4	18	30720	896	0	2	0	896
15	8277	0	1	2	1	0	0	1	10	75	4	18	30720	896	0	2	0	896
15	8278	0	1	2	1	0	0	1	10	75	4	18	30720	896	0	2	0	896
15	8281	0	1	2	1	0	0	1	10	75	4	18	30720	896	0	2	0	896
15	8282	0	1	2	1	0	0	1	10	75	4	18	30720	896	0	2	0	896
15	8284	0	1	2	1	0	0	1	10	75	4	18	30720	896	0	2	0	896
15	8291	0	1	2	1	0	0	1	10	75	4	18	30720	896	0	2	0	896
15	8293	0	1	2	1	0	0	1	10	75	4	18	30720	896	0	2	0	896
15	8294	0	1	2	1	0	0	1	10	75	4	18	30720	896	0	2	0	896
15	8297	0	1	2	1	0	0	1	10	75	4	18	30720	896	0	2	0	896
15	8298	0	1	2	1	0	0	1	10	75	4	18	30720	896	0	2	0	896
15	8300	0	1	2	1	0	0	1	10	75	4	18	30720	896	0	2	0	896
15	8305	0	1	2	1	0	0	1	10	75	4	18	30720	896	0	2	0	896
15	8306	0	1	2	1	0	0	1	10	75	4	18	30720	896	0	2	0	896
15	8308	0	1	2	1	0	0	1	10	75	4	18	30720	896	0	2	0	896
15	8312	0	1	2	1	0	0	1	10	75	4	18	30720	896	0	2	0	896
15	8327	0	1	2	1	0	0	1	10	75	4	18	30720	896	0	2	0	896
15	8331	0	1	2	1	0	0	1	10	75	4	18	30720	896	0	2	0	896
15	8333	0	1	2	1	0	0	1	10	75	4	18	30720	896	0	2	0	896
15	8334	0	1	2	1	0	0	1	10	75	4	18	30720	896	0	2	0	896
15	8339	0	1	2	1	0	0	1	10	75	4	18	30720	896	0	2	0	896
15	8341	0	1	2	1	0	0	1	10	75	4	18	30720	896	0	2	0	896
15	8342	0	1	2	1	0	0	1	10	75	4	18	30720	896	0	2	0	896
15	8345	0	1	2	1	0	0	1	10	75	4	18	30720	896	0	2	0	896
15	8346	0	1	2	1	0	0	1	10	75	4	18	30720	896	0	2	0	896
15	8348	0	1	2	1	0	0	1	10	75	4	18	30720	896	0	2	0	896
15	8355	0	1	2	1	0	0	1	10	75	4	18	30720	896	0	2	0	896
15	8357	0	1	2	1	0	0	1	10	75	4	18	30720	896	0	2	0	896
15	8358	0	1	2	1	0	0	1	10	75	4	18	30720	896	0	2	0	896
15	8361	0	1	2	1	0	0	1	10	75	4	18	30720	896	0	2	0	896
15	8362	0	1	2	1	0	0	1	10	75	4	18	30720	896	0	2	0	896
15	8364	0	1	2	1	0	0	1	10	75	4	18	30720	896	0	2	0	896
15	8369	0	1	2	1	0	0	1	10	75	4	18	30720	896	0	2	0	896
15	8370	0	1	2	1	0	0	1	10	75	4	18	30720	896	0	2	0	896
15	8372	0	1	2	1	0	0	1	10	75	4	18	30720	896	0	2	0	896
15	8376	0	1	2	1	0	0	1	10	75	4	18	30720	896	0	2	0	896
15	8387	0	1	2	1	0	0	1	10	75	4	18	30720	896	0	2	0	896
15	8389	0	1	2	1	0	0	1	10	75	4	18	30720	896	0	2	0	896
15	8390	0	1	2	1	0	0	1	10	75	4	18	30720	896	0	2	0	896
15	8393	0	1	2	1	0	0	1	10	75	4	18	30720	896	0	2	0	896
15	8394	0	1	2	1	0	0	1	10	75	4	18	30720	896	0	2	0	896
15	8396	0	1	2	1	0	0	1	10	75	4	18	30720	896	0	2	0	896
15	8401	0	1	2	1	0	0	1	10	75	4	18	30720	896	0	2	0	896
15	8402	0	1	2	1	0	0	1	10	75	4	18	30720	896	0	2	0	896
15	8404	0	1	2	1	0	0	1	10	75	4	18	30720	896	0	2	0	896
15	8408	0	1	2	1	0	0	1	10	75	4	18	30720	896	0	2	0	896
15	8417	0	1	2	1	0	0	1	10	75	4	18	30720	896	0	2	0	896
15	8418	0	1	2	1	0	0	1	10	75	4	18	30720	896	0	2	0	896
15	8420	0	1	2	1	0	0	1	10	75	4	18	30720	896	0	2	0	896
15	8424	0	1	2	1	0	0	1	10	75	4	18	30720	896	0	2	0	896
15	8432	0	1	2	1	0	0	1	10	75	4	18	30720	896	0	2	0	896
15	8455	0	1	2	1	0	0	1	13	11	3	19	30720	896	0	2	0	896
15	8459	0	1	2	1	0	0	1	13	11	3	19	30720	896	0	2	0	896
15	8461	0	1	2	1	0	0	1	13	11	3	19	30720	896	0	2	0	896
15	8462	0	1	2	1	0	0	1	13	11	3	19	30720	896	0	2	0	896
15	8467	0	1	2	1	0	0	1	13	11	3	19	30720	896	0	2	0	896
15	8469	0	1	2	1	0	0	1	13	11	3	19	30720	896	0	2	0	896
15	8470	0	1	2	1	0	0	1	13	11	3	19	30720	896	0	2	0	896
15	8473	0	1	2	1	0	0	1	13	11	3	19	30720	896	0	2	0	896
15	8474	0	1	2	1	0	0	1	13	11	3	19	30720	896	0	2	0	896
15	8476	0	1	2	1	0	0	1	13	11	3	19	30720	896	0	2	0	896
15	8483	0	1	2	1	0	0	1	13	11	3	19	30720	896	0	2	0	896
15	8485	0	1	2	1	0	0	1	13	11	3	19	30720	896	0	2	0	896
15	8486	0	1	2	1	0	0	1	13	11	3	19	30720	896	0	2	0	896
15	8489	0	1	2	1	0	0	1	13	11	3	19	30720	896	0	2	0	896
15	8490	0	1	2	1	0	0	1	13	11	3	19	30720	896	0	2	0	896
15	8492	0	1	2	1	0	0	1	13	11	3	19	30720	896	0	2	0	896
15	8497	0	1	2	1	0	0	1	13	11	3	19	30720	896	0	2	0	896
15	8498	0	1	2	1	0	0	1	13	11	3	19	30720	896	0	2	0	896
15	8500	0	1	2	1	0	0	1	13	11	3	19	30720	896	0	2	0	896
15	8504	0	1	2	1	0	0	1	13	11	3	19	30720	896	0	2	0	896
15	8515	0	1	2	1	0	0	1	13	11	3	19	30720	896	0	2	0	896
15	8517	0	1	2	1	0	0	1	13	11	3	19	30720	896	0	2	0	896
15	8518	0	1	2	1	0	0	1	13	11	3	19	30720	896	0	2	0	896
15	8521	0	1	2	1	0	0	1	13	11	3	19	30720	896	0	2	0	896
15	8522	0	1	2	1	0	0	1	13	11	3	19	30720	896	0	2	0	896
15	8524	0	1	2	1	0	0	1	13	11	3	19	30720	896	0	2	0	896
15	8529	0	1	2	1	0	0	1	13	11	3	19	30720	896	0	2	0	896
15	8530	0	1	2	1	0	0	1	13	11	3	19	30720	896	0	2	0	896
15	8532	0	1	2	1	0	0	1	13	11	3	19	30720	896	0	2	0	896
15	8536	0	1	2	1	0	0	1	13	11	3	19	30720	896	0	2	0	896
15	8545	0	1	2	1	0	0	1	13	11	3	19	30720	896	0	2	0	896
15	8546	0	1	2	1	0	0	1	13	11	3	19	30720	896	0	2	0	896
15	8548	0	1	2	1	0	0	1	13	11	3	19	30720	896	0	2	0	896
15	8552	0	1	2	1	0	0	1	13	11	3	19	30720	896	0	2	0	896
15	8560	0	1	2	1	0	0	1	13	11	3	19	30720	896	0	2	0	896
15	8579	0	1	2	1	0	0	1	13	11	3	19	30720	896	0	2	0	896
15	8581	0	1	2	1	0	0	1	13	11	3	19	30720	896	0	2	0	896
15	8582	0	1	2	1	0	0	1	13	11	3	19	30720	896	0	2	0	896
15	8585	0	1	2	1	0	0	1	13	11	3	19	30720	896	0	2	0	896
15	8586	0	1	2	1	0	0	1	13	11	3	19	30720	896	0	2	0	896
15	8588	0	1	2	1	0	0	1	13	11	3	19	30720	896	0	2	0	896
15	8593	0	1	2	1	0	0	1	13	11	3	19	30720	896	0	2	0	896
15	8594	0	1	2	1	0	0	1	13	11	3	19	30720	896	0	2	0	896
15	8596	0	1	2	1	0	0	1	13	11	3	19	30720	896	0	2	0	896
15	8600	0	1	2	1	0	0	1	13	11	3	19	30720	896	0	2	0	896
15	8609	0	1	2	1	0	0	1	13	11	3	19	30720	896	0	2	0	896
15	8610	0	1	2	1	0	0	1	13	11	3	19	30720	896	0	2	0	896
15	8612	0	1	2	1	0	0	1	13	11	3	19	30720	896	0	2	0	896
15	8616	0	1	2	1	0	0	1	13	11	3	19	30720	896	0	2	0	896
15	8624	0	1	2	1	0	0	1	13	11	3	19	30720	896	0	2	0	896
15	8641	0	1	2	1	0	0	1	13	11	3	19	30720	896	0	2	0	896
15	8642	0	1	2	1	0	0	1	13	11	3	19	30720	896	0	2	0	896
15	8644	0	1	2	1	0	0	1	13	11	3	19	30720	896	0	2	0	896
15	8648	0	1	2	1	0	0	1	13	11	3	19	30720	896	0	2	0	896
15	8656	0	1	2	1	0	0	1	13	11	3	19	30720	896	0	2	0	896
15	8672	0	1	2	1	0	0	1	13	11	3	19	30720	896	0	2	0	896
15	8711	0	1	2	1	0	0	1	13	11	3	19	30720	896	0	2	0	896
15	8715	0	1	2	1	0	0	1	13	11	3	19	30720	896	0	2	0	896
15	8717	0	1	2	1	0	0	1	13	11	3	19	30720	896	0	2	0	896
15	8718	0	1	2	1	0	0	1	13	11	3	19	30720	896	0	2	0	896
15	8723	0	1	2	1	0	0	1	13	11	3	19	30720	896	0	2	0	896
15	8725	0	1	2	1	0	0	1	13	11	3	19	30720	896	0	2	0	896
15	8726	0	1	2	1	0	0	1	13	11	3	19	30720	896	0	2	0	896
15	8729	0	1	2	1	0	0	1	13	11	3	19	30720	896	0	2	0	896
15	8730	0	1	2	1	0	0	1	13	11	3	19	30720	896	0	2	0	896
15	8732	0	1	2	1	0	0	1	13	11	3	19	30720	896	0	2	0	896
15	8739	0	1	2	1	0	0	1	13	11	3	19	30720	896	0	2	0	896
15	8741	0	1	2	1	0	0	1	13	11	3	19	30720	896	0	2	0	896
15	8742	0	1	2	1	0	0	1	13	11	3	19	30720	896	0	2	0	896
15	8745	0	1	2	1	0	0	1	13	11	3	19	30720	896	0	2	0	896
15	8746	0	1	2	1	0	0	1	13	11	3	19	30720	896	0	2	0	896
15	8748	0	1	2	1	0	0	1	13	11	3	19	30720	896	0	2	0	896
15	8753	0	1	2	1	0	0	1	13	11	3	19	30720	896	0	2	0	896
15	8754	0	1	2	1	0	0	1	13	11	3	19	30720	896	0	2	0	896
15	8756	0	1	2	1	0	0	1	13	11	3	19	30720	896	0	2	0	896
15	8760	0	1	2	1	0	0	1	13	11	3	19	30720	896	0	2	0	896
15	8771	0	1	2	1	0	0	1	13	11	3	19	30720	896	0	2	0	896
15	8773	0	1	2	1	0	0	1	13	11	3	19	30720	896	0	2	0	896
15	8774	0	1	2	1	0	0	1	13	11	3	19	30720	896	0	2	0	896
15	8777	0	1	2	1	0	0	1	13	11	3	19	30720	896	0	2	0	896
15	8778	0	1	2	1	0	0	1	13	11	3	19	30720	896	0	2	0	896
15	8780	0	1	2	1	0	0	1	13	11	3	19	30720	896	0	2	0	896
15	8785	0	1	2	1	0	0	1	13	11	3	19	30720	896	0	2	0	896
15	8786	0	1	2	1	0	0	1	13	11	3	19	30720	896	0	2	0	896
15	8788	0	1	2	1	0	0	1	13	11	3	19	30720	896	0	2	0	896
15	8792	0	1	2	1	0	0	1	13	11	3	19	30720	896	0	2	0	896
15	8801	0	1	2	1	0	0	1	13	11	3	19	30720	896	0	2	0	896
15	8802	0	1	2	1	0	0	1	13	11	3	19	30720	896	0	2	0	896
15	8804	0	1	2	1	0	0	1	13	11	3	19	30720	896	0	2	0	896
15	8808	0	1	2	1	0	0	1	13	11	3	19	30720	896	0	2	0	896
15	8816	0	1	2	1	0	0	1	13	11	3	19	30720	896	0	2	0	896
15	8835	0	1	2	1	0	0	1	13	11	3	19	30720	896	0	2	0	896
15	8837	0	1	2	1	0	0	1	13	11	3	19	30720	896	0	2	0	896
15	8838	0	1	2	1	0	0	1	13	11	3	19	30720	896	0	2	0	896
15	8841	0	1	2	1	0	0	1	13	11	3	19	30720	896	0	2	0	896
15	8842	0	1	2	1	0	0	1	13	11	3	19	30720	896	0	2	0	896
15	8844	0	1	2	1	0	0	1	13	11	3	19	30720	896	0	2	0	896
15	8849	0	1	2	1	0	0	1	13	11	3	19	30720	896	0	2	0	896
15	8850	0	1	2	1	0	0	1	13	11	3	19	30720	896	0	2	0	896
15	8852	0	1	2	1	0	0	1	13	11	3	19	30720	896	0	2	0	896
15	8856	0	1	2	1	0	0	1	13	11	3	19	30720	896	0	2	0	896
15	8865	0	1	2	1	0	0	1	13	11	3	19	30720	896	0	2	0	896
15	8866	0	1	2	1	0	0	1	13	11	3	19	30720	896	0	2	0	896
15	8868	0	1	2	1	0	0	1	13	11	3	19	30720	896	0	2	0	896
15	8872	0	1	2	1	0	0	1	13	11	3	19	30720	896	0	2	0	896
15	8880	0	1	2	1	0	0	1	13	11	3	19	30720	896	0	2	0	896
15	8897	0	1	2	1	0	0	1	13	11	3	19	30720	896	0	2	0	896
15	8898	0	1	2	1	0	0	1	13	11	3	19	30720	896	0	2	0	896
15	8900	0	1	2	1	0	0	1	13	11	3	19	30720	896	0	2	0	896
15	8904	0	1	2	1	0	0	1	13	11	3	19	30720	896	0	2	0	896
15	8912	0	1	2	1	0	0	1	13	11	3	19	30720	896	0	2	0	896
15	8928	0	1	2	1	0	0	1	13	11	3	19	30720	896	0	2	0	896
15	8963	0	1	2	1	0	0	1	16	3	2	20	30720	896	0	2	0	896
15	8965	0	1	2	1	0	0	1	16	3	2	20	30720	896	0	2	0	896
15	8966	0	1	2	1	0	0	1	16	3	2	20	30720	896	0	2	0	896
15	8969	0	1	2	1	0	0	1	16	3	2	20	30720	896	0	2	0	896
15	8970	0	1	2	1	0	0	1	16	3	2	20	30720	896	0	2	0	896
15	8972	0	1	2	1	0	0	1	16	3	2	20	30720	896	0	2	0	896
15	8977	0	1	2	1	0	0	1	16	3	2	20	30720	896	0	2	0	896
15	8978	0	1	2	1	0	0	1	16	3	2	20	30720	896	0	2	0	896
15	8980	0	1	2	1	0	0	1	16	3	2	20	30720	896	0	2	0	896
15	8984	0	1	2	1	0	0	1	16	3	2	20	30720	896	0	2	0	896
15	8993	0	1	2	1	0	0	1	16	3	2	20	30720	896	0	2	0	896
15	8994	0	1	2	1	0	0	1	16	3	2	20	30720	896	0	2	0	896
15	8996	0	1	2	1	0	0	1	16	3	2	20	30720	896	0	2	0	896
15	9000	0	1	2	1	0	0	1	16	3	2	20	30720	896	0	2	0	896
15	9008	0	1	2	1	0	0	1	16	3	2	20	30720	896	0	2	0	896
15	9025	0	1	2	1	0	0	1	16	3	2	20	30720	896	0	2	0	896
15	9026	0	1	2	1	0	0	1	16	3	2	20	30720	896	0	2	0	896
15	9028	0	1	2	1	0	0	1	16	3	2	20	30720	896	0	2	0	896
15	9032	0	1	2	1	0	0	1	16	3	2	20	30720	896	0	2	0	896
15	9040	0	1	2	1	0	0	1	16	3	2	20	30720	896	0	2	0	896
15	9056	0	1	2	1	0	0	1	16	3	2	20	30720	896	0	2	0	896
15	9089	0	1	2	1	0	0	1	16	3	2	20	30720	896	0	2	0	896
15	9090	0	1	2	1	0	0	1	16	3	2	20	30720	896	0	2	0	896
15	9092	0	1	2	1	0	0	1	16	3	2	20	30720	896	0	2	0	896
15	9096	0	1	2	1	0	0	1	16	3	2	20	30720	896	0	2	0	896
15	9104	0	1	2	1	0	0	1	16	3	2	20	30720	896	0	2	0	896
15	9120	0	1	2	1	0	0	1	16	3	2	20	30720	896	0	2	0	896
15	9152	0	1	2	1	0	0	1	16	3	2	20	30720	896	0	2	0	896
15	9223	0	1	2	1	0	0	1	13	11	3	19	30720	896	0	2	0	896
15	9227	0	1	2	1	0	0	1	13	11	3	19	30720	896	0	2	0	896
15	9229	0	1	2	1	0	0	1	13	11	3	19	30720	896	0	2	0	896
15	9230	0	1	2	1	0	0	1	13	11	3	19	30720	896	0	2	0	896
15	9235	0	1	2	1	0	0	1	13	11	3	19	30720	896	0	2	0	896
15	9237	0	1	2	1	0	0	1	13	11	3	19	30720	896	0	2	0	896
15	9238	0	1	2	1	0	0	1	13	11	3	19	30720	896	0	2	0	896
15	9241	0	1	2	1	0	0	1	13	11	3	19	30720	896	0	2	0	896
15	9242	0	1	2	1	0	0	1	13	11	3	19	30720	896	0	2	0	896
15	9244	0	1	2	1	0	0	1	13	11	3	19	30720	896	0	2	0	896
15	9251	0	1	2	1	0	0	1	13	11	3	19	30720	896	0	2	0	896
15	9253	0	1	2	1	0	0	1	13	11	3	19	30720	896	0	2	0	896
15	9254	0	1	2	1	0	0	1	13	11	3	19	30720	896	0	2	0	896
15	9257	0	1	2	1	0	0	1	13	11	3	19	30720	896	0	2	0	896
15	9258	0	1	2	1	0	0	1	13	11	3	19	30720	896	0	2	0	896
15	9260	0	1	2	1	0	0	1	13	11	3	19	30720	896	0	2	0	896
15	9265	0	1	2	1	0	0	1	13	11	3	19	30720	896	0	2	0	896
15	9266	0	1	2	1	0	0	1	13	11	3	19	30720	896	0	2	0	896
15	9268	0	1	2	1	0	0	1	13	11	3	19	30720	896	0	2	0	896
15	9272	0	1	2	1	0	0	1	13	11	3	19	30720	896	0	2	0	896
15	9283	0	1	2	1	0	0	1	13	11	3	19	30720	896	0	2	0	896
15	9285	0	1	2	1	0	0	1	13	11	3	19	30720	896	0	2	0	896
15	9286	0	1	2	1	0	0	1	13	11	3	19	30720	896	0	2	0	896
15	9289	0	1	2	1	0	0	1	13	11	3	19	30720	896	0	2	0	896
15	9290	0	1	2	1	0	0	1	13	11	3	19	30720	896	0	2	0	896
15	9292	0	1	2	1	0	0	1	13	11	3	19	30720	896	0	2	0	896
15	9297	0	1	2	1	0	0	1	13	11	3	19	30720	896	0	2	0	896
15	9298	0	1	2	1	0	0	1	13	11	3	19	30720	896	0	2	0	896
15	9300	0	1	2	1	0	0	1	13	11	3	19	30720	896	0	2	0	896
15	9304	0	1	2	1	0	0	1	13	11	3	19	30720	896	0	2	0	896
15	9313	0	1	2	1	0	0	1	13	11	3	19	30720	896	0	2	0	896
15	9314	0	1	2	1	0	0	1	13	11	3	19	30720	896	0	2	0	896
15	9316	0	1	2	1	0	0	1	13	11	3	19	30720	896	0	2	0	896
15	9320	0	1	2	1	0	0	1	13	11	3	19	30720	896	0	2	0	896
15	9328	0	1	2	1	0	0	1	13	11	3	19	30720	896	0	2	0	896
15	9347	0	1	2	1	0	0	1	13	11	3	19	30720	896	0	2	0	896
15	9349	0	1	2	1	0	0	1	13	11	3	19	30720	896	0	2	0	896
15	9350	0	1	2	1	0	0	1	13	11	3	19	30720	896	0	2	0	896
15	9353	0	1	2	1	0	0	1	13	11	3	19	30720	896	0	2	0	896
15	9354	0	1	2	1	0	0	1	13	11	3	19	30720	896	0	2	0	896
15	9356	0	1	2	1	0	0	1	13	11	3	19	30720	896	0	2	0	896
15	9361	0	1	2	1	0	0	1	13	11	3	19	30720	896	0	2	0	896
15	9362	0	1	2	1	0	0	1	13	11	3	19	30720	896	0	2	0	896
15	9364	0	1	2	1	0	0	1	13	11	3	19	30720	896	0	2	0	896
15	9368	0	1	2	1	0	0	1	13	11	3	19	30720	896	0	2	0	896
15	9377	0	1	2	1	0	0	1	13	11	3	19	30720	896	0	2	0	896
15	9378	0	1	2	1	0	0	1	13	11	3	19	30720	896	0	2	0	896
15	9380	0	1	2	1	0	0	1	13	11	3	19	30720	896	0	2	0	896
15	9384	0	1	2	1	0	0	1	13	11	3	19	30720	896	0	2	0	896
15	9392	0	1	2	1	0	0	1	13	11	3	19	30720	896	0	2	0	896
15	9409	0	1	2	1	0	0	1	13	11	3	19	30720	896	0	2	0	896
15	9410	0	1	2	1	0	0	1	13	11	3	19	30720	896	0	2	0	896
15	9412	0	1	2	1	0	0	1	13	11	3	19	30720	896	0	2	0	896
15	9416	0	1	2	1	0	0	1	13	11	3	19	30720	896	0	2	0	896
15	9424	0	1	2	1	0	0	1	13	11	3	19	30720	896	0	2	0	896
15	9440	0	1	2	1	0	0	1	13	11	3	19	30720	896	0	2	0	896
15	9475	0	1	2	1	0	0	1	16	3	2	20	30720	896	0	2	0	896
15	9477	0	1	2	1	0	0	1	16	3	2	20	30720	896	0	2	0	896
15	9478	0	1	2	1	0	0	1	16	3	2	20	30720	896	0	2	0	896
15	9481	0	1	2	1	0	0	1	16	3	2	20	30720	896	0	2	0	896
15	9482	0	1	2	1	0	0	1	16	3	2	20	30720	896	0	2	0	896
15	9484	0	1	2	1	0	0	1	16	3	2	20	30720	896	0	2	0	896
15	9489	0	1	2	1	0	0	1	16	3	2	20	30720	896	0	2	0	896
15	9490	0	1	2	1	0	0	1	16	3	2	20	30720	896	0	2	0	896
15	9492	0	1	2	1	0	0	1	16	3	2	20	30720	896	0	2	0	896
15	9496	0	1	2	1	0	0	1	16	3	2	20	30720	896	0	2	0	896
15	9505	0	1	2	1	0	0	1	16	3	2	20	30720	896	0	2	0	896
15	9506	0	1	2	1	0	0	1	16	3	2	20	30720	896	0	2	0	896
15	9508	0	1	2	1	0	0	1	16	3	2	20	30720	896	0	2	0	896
15	9512	0	1	2	1	0	0	1	16	3	2	20	30720	896	0	2	0	896
15	9520	0	1	2	1	0	0	1	16	3	2	20	30720	896	0	2	0	896
15	9537	0	1	2	1	0	0	1	16	3	2	20	30720	896	0	2	0	896
15	9538	0	1	2	1	0	0	1	16	3	2	20	30720	896	0	2	0	896
15	9540	0	1	2	1	0	0	1	16	3	2	20	30720	896	0	2	0	896
15	9544	0	1	2	1	0	0	1	16	3	2	20	30720	896	0	2	0	896
15	9552	0	1	2	1	0	0	1	16	3	2	20	30720	896	0	2	0	896
15	9568	0	1	2	1	0	0	1	16	3	2	20	30720	896	0	2	0	896
15	9601	0	1	2	1	0	0	1	16	3	2	20	30720	896	0	2	0	896
15	9602	0	1	2	1	0	0	1	16	3	2	20	30720	896	0	2	0	896
15	9604	0	1	2	1	0	0	1	16	3	2	20	30720	896	0	2	0	896
15	9608	0	1	2	1	0	0	1	16	3	2	20	30720	896	0	2	0	896
15	9616	0	1	2	1	0	0	1	16	3	2	20	30720	896	0	2	0	896
15	9632	0	1	2	1	0	0	1	16	3	2	20	30720	896	0	2	0	896
15	9664	0	1	2	1	0	0	1	16	3	2	20	30720	896	0	2	0	896
15	9731	0	1	2	1	0	0	1	16	3	2	20	30720	896	0	2	0	896
15	9733	0	1	2	1	0	0	1	16	3	2	20	30720	896	0	2	0	896
15	9734	0	1	2	1	0	0	1	16	3	2	20	30720	896	0	2	0	896
15	9737	0	1	2	1	0	0	1	16	3	2	20	30720	896	0	2	0	896
15	9738	0	1	2	1	0	0	1	16	3	2	20	30720	896	0	2	0	896
15	9740	0	1	2	1	0	0	1	16	3	2	20	30720	896	0	2	0	896
15	9745	0	1	2	1	0	0	1	16	3	2	20	30720	896	0	2	0	896
15	9746	0	1	2	1	0	0	1	16	3	2	20	30720	896	0	2	0	896
15	9748	0	1	2	1	0	0	1	16	3	2	20	30720	896	0	2	0	896
15	9752	0	1	2	1	0	0	1	16	3	2	20	30720	896	0	2	0	896
15	9761	0	1	2	1	0	0	1	16	3	2	20	30720	896	0	2	0	896
15	9762	0	1	2	1	0	0	1	16	3	2	20	30720	896	0	2	0	896
15	9764	0	1	2	1	0	0	1	16	3	2	20	30720	896	0	2	0	896
15	9768	0	1	2	1	0	0	1	16	3	2	20	30720	896	0	2	0	896
15	9776	0	1	2	1	0	0	1	16	3	2	20	30720	896	0	2	0	896
15	9793	0	1	2	1	0	0	1	16	3	2	20	30720	896	0	2	0	896
15	9794	0	1	2	1	0	0	1	16	3	2	20	30720	896	0	2	0	896
15	9796	0	1	2	1	0	0	1	16	3	2	20	30720	896	0	2	0	896
15	9800	0	1	2	1	0	0	1	16	3	2	20	30720	896	0	2	0	896
15	9808	0	1	2	1	0	0	1	16	3	2	20	30720	896	0	2	0	896
15	9824	0	1	2	1	0	0	1	16	3	2	20	30720	896	0	2	0	896
15	9857	0	1	2	1	0	0	1	16	3	2	20	30720	896	0	2	0	896
15	9858	0	1	2	1	0	0	1	16	3	2	20	30720	896	0	2	0	896
15	9860	0	1	2	1	0	0	1	16	3	2	20	30720	896	0	2	0	896
15	9864	0	1	2	1	0	0	1	16	3	2	20	30720	896	0	2	0	896
15	9872	0	1	2	1	0	0	1	16	3	2	20	30720	896	0	2	0	896
15	9888	0	1	2	1	0	0	1	16	3	2	20	30720	896	0	2	0	896
15	9920	0	1	2	1	0	0	1	16	3	2	20	30720	896	0	2	0	896
15	9985	0	4	2	1	0	0	1	19	1	1	21	30720	896	0	2	0	512,640,768,896
15	9986	0	4	2	1	0	0	1	19	1	1	21	30720	896	0	2	0	512,640,768,896
15	9988	0	4	2	1	0	0	1	19	1	1	21	30720	896	0	2	0	512,640,768,896
15	9992	0	4	2	1	0	0	1	19	1	1	21	30720	896	0	2	0	512,640,768,896
15	10000	0	4	2	1	0	0	1	19	1	1	21	30720	896	0	2	0	512,640,768,896
15	10016	0	4	2	1	0	0	1	19	1	1	21	30720	896	0	2	0	512,640,768,896
15	10048	0	4	2	1	0	0	1	19	1	1	21	30720	896	0	2	0	512,640,768,896
15	10112	0	4	2	1	0	0	1	19	1	1	21	30720	896	0	2	0	512,640,768,896
15	10247	0	1	2	1	0	0	1	12	75	4	20	30720	768	0	2	0	768
15	10251	0	1	2	1	0	0	1	12	75	4	20	30720	768	0	2	0	768
15	10253	0	1	2	1	0	0	1	12	75	4	20	30720	768	0	2	0	768
15	10254	0	1	2	1	0	0	1	12	75	4	20	30720	768	0	2	0	768
15	10259	0	1	2	1	0	0	1	12	75	4	20	30720	768	0	2	0	768
15	10261	0	1	2	1	0	0	1	12	75	4	20	30720	768	0	2	0	768
15	10262	0	1	2	1	0	0	1	12	75	4	20	30720	768	0	2	0	768
15	10265	0	1	2	1	0	0	1	12	75	4	20	30720	768	0	2	0	768
15	10266	0	1	2	1	0	0	1	12	75	4	20	30720	768	0	2	0	768
15	10268	0	1	2	1	0	0	1	12	75	4	20	30720	768	0	2	0	768
15	10275	0	1	2	1	0	0	1	12	75	4	20	30720	768	0	2	0	768
15	10277	0	1	2	1	0	0	1	12	75	4	20	30720	768	0	2	0	768
15	10278	0	1	2	1	0	0	1	12	75	4	20	30720	768	0	2	0	768
15	10281	0	1	2	1	0	0	1	12	75	4	20	30720	768	0	2	0	768
15	10282	0	1	2	1	0	0	1	12	75	4	20	30720	768	0	2	0	768
15	10284	0	1	2	1	0	0	1	12	75	4	20	30720	768	0	2	0	768
15	10289	0	1	2	1	0	0	1	12	75	4	20	30720	768	0	2	0	768
15	10290	0	1	2	1	0	0	1	12	75	4	20	30720	768	0	2	0	768
15	10292	0	1	2	1	0	0	1	12	75	4	20	30720	768	0	2	0	768
15	10296	0	1	2	1	0	0	1	12	75	4	20	30720	768	0	2	0	768
15	10307	0	1	2	1	0	0	1	12	75	4	20	30720	768	0	2	0	768
15	10309	0	1	2	1	0	0	1	12	75	4	20	30720	768	0	2	0	768
15	10310	0	1	2	1	0	0	1	12	75	4	20	30720	768	0	2	0	768
15	10313	0	1	2	1	0	0	1	12	75	4	20	30720	768	0	2	0	768
15	10314	0	1	2	1	0	0	1	12	75	4	20	30720	768	0	2	0	768
15	10316	0	1	2	1	0	0	1	12	75	4	20	30720	768	0	2	0	768
15	10321	0	1	2	1	0	0	1	12	75	4	20	30720	768	0	2	0	768
15	10322	0	1	2	1	0	0	1	12	75	4	20	30720	768	0	2	0	768
15	10324	0	1	2	1	0	0	1	12	75	4	20	30720	768	0	2	0	768
15	10328	0	1	2	1	0	0	1	12	75	4	20	30720	768	0	2	0	768
15	10337	0	1	2	1	0	0	1	12	75	4	20	30720	768	0	2	0	768
15	10338	0	1	2	1	0	0	1	12	75	4	20	30720	768	0	2	0	768
15	10340	0	1	2	1	0	0	1	12	75	4	20	30720	768	0	2	0	768
15	10344	0	1	2	1	0	0	1	12	75	4	20	30720	768	0	2	0	768
15	10352	0	1	2	1	0	0	1	12	75	4	20	30720	768	0	2	0	768
15	10371	0	1	2	1	0	0	1	12	75	4	20	30720	768	0	2	0	768
15	10373	0	1	2	1	0	0	1	12	75	4	20	30720	768	0	2	0	768
15	10374	0	1	2	1	0	0	1	12	75	4	20	30720	768	0	2	0	768
15	10377	0	1	2	1	0	0	1	12	75	4	20	30720	768	0	2	0	768
15	10378	0	1	2	1	0	0	1	12	75	4	20	30720	768	0	2	0	768
15	10380	0	1	2	1	0	0	1	12	75	4	20	30720	768	0	2	0	768
15	10385	0	1	2	1	0	0	1	12	75	4	20	30720	768	0	2	0	768
15	10386	0	1	2	1	0	0	1	12	75	4	20	30720	768	0	2	0	768
15	10388	0	1	2	1	0	0	1	12	75	4	20	30720	768	0	2	0	768
15	10392	0	1	2	1	0	0	1	12	75	4	20	30720	768	0	2	0	768
15	10401	0	1	2	1	0	0	1	12	75	4	20	30720	768	0	2	0	768
15	10402	0	1	2	1	0	0	1	12	75	4	20	30720	768	0	2	0	768
15	10404	0	1	2	1	0	0	1	12	75	4	20	30720	768	0	2	0	768
15	10408	0	1	2	1	0	0	1	12	75	4	20	30720	768	0	2	0	768
15	10416	0	1	2	1	0	0	1	12	75	4	20	30720	768	0	2	0	768
15	10433	0	1	2	1	0	0	1	12	75	4	20	30720	768	0	2	0	768
15	10434	0	1	2	1	0	0	1	12	75	4	20	30720	768	0	2	0	768
15	10436	0	1	2	1	0	0	1	12	75	4	20	30720	768	0	2	0	768
15	10440	0	1	2	1	0	0	1	12	75	4	20	30720	768	0	2	0	768
15	10448	0	1	2	1	0	0	1	12	75	4	20	30720	768	0	2	0	768
15	10464	0	1	2	1	0	0	1	12	75	4	20	30720	768	0	2	0	768
15	10499	0	1	2	1	0	0	1	13	77	4	21	30720	768	0	2	0	768
15	10501	0	1	2	1	0	0	1	13	77	4	21	30720	768	0	2	0	768
15	10502	0	1	2	1	0	0	1	13	77	4	21	30720	768	0	2	0	768
15	10505	0	1	2	1	0	0	1	13	77	4	21	30720	768	0	2	0	768
15	10506	0	1	2	1	0	0	1	13	77	4	21	30720	768	0	2	0	768
15	10508	0	1	2	1	0	0	1	13	77	4	21	30720	768	0	2	0	768
15	10513	0	1	2	1	0	0	1	13	77	4	21	30720	768	0	2	0	768
15	10514	0	1	2	1	0	0	1	13	77	4	21	30720	768	0	2	0	768
15	10516	0	1	2	1	0	0	1	13	77	4	21	30720	768	0	2	0	768
15	10520	0	1	2	1	0	0	1	13	77	4	21	30720	768	0	2	0	768
15	10529	0	1	2	1	0	0	1	13	77	4	21	30720	768	0	2	0	768
15	10530	0	1	2	1	0	0	1	13	77	4	21	30720	768	0	2	0	768
15	10532	0	1	2	1	0	0	1	13	77	4	21	30720	768	0	2	0	768
15	10536	0	1	2	1	0	0	1	13	77	4	21	30720	768	0	2	0	768
15	10544	0	1	2	1	0	0	1	13	77	4	21	30720	768	0	2	0	768
15	10561	0	1	2	1	0	0	1	13	77	4	21	30720	768	0	2	0	768
15	10562	0	1	2	1	0	0	1	13	77	4	21	30720	768	0	2	0	768
15	10564	0	1	2	1	0	0	1	13	77	4	21	30720	768	0	2	0	768
15	10568	0	1	2	1	0	0	1	13	77	4	21	30720	768	0	2	0	768
15	10576	0	1	2	1	0	0	1	13	77	4	21	30720	768	0	2	0	768
15	10592	0	1	2	1	0	0	1	13	77	4	21	30720	768	0	2	0	768
15	10625	0	1	2	1	0	0	1	13	77	4	21	30720	768	0	2	0	768
15	10626	0	1	2	1	0	0	1	13	77	4	21	30720	768	0	2	0	768
15	10628	0	1	2	1	0	0	1	13	77	4	21	30720	768	0	2	0	768
15	10632	0	1	2	1	0	0	1	13	77	4	21	30720	768	0	2	0	768
15	10640	0	1	2	1	0	0	1	13	77	4	21	30720	768	0	2	0	768
15	10656	0	1	2	1	0	0	1	13	77	4	21	30720	768	0	2	0	768
15	10688	0	1	2	1	0	0	1	13	77	4	21	30720	768	0	2	0	768
15	10755	0	1	2	1	0	0	1	13	77	4	21	30720	768	0	2	0	768
15	10757	0	1	2	1	0	0	1	13	77	4	21	30720	768	0	2	0	768
15	10758	0	1	2	1	0	0	1	13	77	4	21	30720	768	0	2	0	768
15	10761	0	1	2	1	0	0	1	13	77	4	21	30720	768	0	2	0	768
15	10762	0	1	2	1	0	0	1	13	77	4	21	30720	768	0	2	0	768
15	10764	0	1	2	1	0	0	1	13	77	4	21	30720	768	0	2	0	768
15	10769	0	1	2	1	0	0	1	13	77	4	21	30720	768	0	2	0	768
15	10770	0	1	2	1	0	0	1	13	77	4	21	30720	768	0	2	0	768
15	10772	0	1	2	1	0	0	1	13	77	4	21	30720	768	0	2	0	768
15	10776	0	1	2	1	0	0	1	13	77	4	21	30720	768	0	2	0	768
15	10785	0	1	2	1	0	0	1	13	77	4	21	30720	768	0	2	0	768
15	10786	0	1	2	1	0	0	1	13	77	4	21	30720	768	0	2	0	768
15	10788	0	1	2	1	0	0	1	13	77	4	21	30720	768	0	2	0	768
15	10792	0	1	2	1	0	0	1	13	77	4	21	30720	768	0	2	0	768
15	10800	0	1	2	1	0	0	1	13	77	4	21	30720	768	0	2	0	768
15	10817	0	1	2	1	0	0	1	13	77	4	21	30720	768	0	2	0	768
15	10818	0	1	2	1	0	0	1	13	77	4	21	30720	768	0	2	0	768
15	10820	0	1	2	1	0	0	1	13	77	4	21	30720	768	0	2	0	768
15	10824	0	1	2	1	0	0	1	13	77	4	21	30720	768	0	2	0	768
15	10832	0	1	2	1	0	0	1	13	77	4	21	30720	768	0	2	0	768
15	10848	0	1	2	1	0	0	1	13	77	4	21	30720	768	0	2	0	768
15	10881	0	1	2	1	0	0	1	13	77	4	21	30720	768	0	2	0	768
15	10882	0	1	2	1	0	0	1	13	77	4	21	30720	768	0	2	0	768
15	10884	0	1	2	1	0	0	1	13	77	4	21	30720	768	0	2	0	768
15	10888	0	1	2	1	0	0	1	13	77	4	21	30720	768	0	2	0	768
15	10896	0	1	2	1	0	0	1	13	77	4	21	30720	768	0	2	0	768
15	10912	0	1	2	1	0	0	1	13	77	4	21	30720	768	0	2	0	768
15	10944	0	1	2	1	0	0	1	13	77	4	21	30720	768	0	2	0	768
15	11009	0	1	2	1	0	0	1	14	77	4	22	30720	768	0	2	0	768
15	11010	0	1	2	1	0	0	1	14	77	4	22	30720	768	0	2	0	768
15	11012	0	1	2	1	0	0	1	14	77	4	22	30720	768	0	2	0	768
15	11016	0	1	2	1	0	0	1	14	77	4	22	30720	768	0	2	0	768
15	11024	0	1	2	1	0	0	1	14	77	4	22	30720	768	0	2	0	768
15	11040	0	1	2	1	0	0	1	14	77	4	22	30720	768	0	2	0	768
15	11072	0	1	2	1	0	0	1	14	77	4	22	30720	768	0	2	0	768
15	11136	0	1	2	1	0	0	1	14	77	4	22	30720	768	0	2	0	768
15	11267	0	1	2	1	0	0	1	13	77	4	21	30720	768	0	2	0	768
15	11269	0	1	2	1	0	0	1	13	77	4	21	30720	768	0	2	0	768
15	11270	0	1	2	1	0	0	1	13	77	4	21	30720	768	0	2	0	768
15	11273	0	1	2	1	0	0	1	13	77	4	21	30720	768	0	2	0	768
15	11274	0	1	2	1	0	0	1	13	77	4	21	30720	768	0	2	0	768
15	11276	0	1	2	1	0	0	1	13	77	4	21	30720	768	0	2	0	768
15	11281	0	1	2	1	0	0	1	13	77	4	21	30720	768	0	2	0	768
15	11282	0	1	2	1	0	0	1	13	77	4	21	30720	768	0	2	0	768
15	11284	0	1	2	1	0	0	1	13	77	4	21	30720	768	0	2	0	768
15	11288	0	1	2	1	0	0	1	13	77	4	21	30720	768	0	2	0	768
15	11297	0	1	2	1	0	0	1	13	77	4	21	30720	768	0	2	0	768
15	11298	0	1	2	1	0	0	1	13	77	4	21	30720	768	0	2	0	768
15	11300	0	1	2	1	0	0	1	13	77	4	21	30720	768	0	2	0	768
15	11304	0	1	2	1	0	0	1	13	77	4	21	30720	768	0	2	0	768
15	11312	0	1	2	1	0	0	1	13	77	4	21	30720	768	0	2	0	768
15	11329	0	1	2	1	0	0	1	13	77	4	21	30720	768	0	2	0	768
15	11330	0	1	2	1	0	0	1	13	77	4	21	30720	768	0	2	0	768
15	11332	0	1	2	1	0	0	1	13	77	4	21	30720	768	0	2	0	768
15	11336	0	1	2	1	0	0	1	13	77	4	21	30720	768	0	2	0	768
15	11344	0	1	2	1	0	0	1	13	77	4	21	30720	768	0	2	0	768
15	11360	0	1	2	1	0	0	1	13	77	4	21	30720	768	0	2	0	768
15	11393	0	1	2	1	0	0	1	13	77	4	21	30720	768	0	2	0	768
15	11394	0	1	2	1	0	0	1	13	77	4	21	30720	768	0	2	0	768
15	11396	0	1	2	1	0	0	1	13	77	4	21	30720	768	0	2	0	768
15	11400	0	1	2	1	0	0	1	13	77	4	21	30720	768	0	2	0	768
15	11408	0	1	2	1	0	0	1	13	77	4	21	30720	768	0	2	0	768
15	11424	0	1	2	1	0	0	1	13	77	4	21	30720	768	0	2	0	768
15	11456	0	1	2	1	0	0	1	13	77	4	21	30720	768	0	2	0	768
15	11521	0	1	2	1	0	0	1	14	77	4	22	30720	768	0	2	0	768
15	11522	0	1	2	1	0	0	1	14	77	4	22	30720	768	0	2	0	768
15	11524	0	1	2	1	0	0	1	14	77	4	22	30720	768	0	2	0	768
15	11528	0	1	2	1	0	0	1	14	77	4	22	30720	768	0	2	0	768
15	11536	0	1	2	1	0	0	1	14	77	4	22	30720	768	0	2	0	768
15	11552	0	1	2	1	0	0	1	14	77	4	22	30720	768	0	2	0	768
15	11584	0	1	2	1	0	0	1	14	77	4	22	30720	768	0	2	0	768
15	11648	0	1	2	1	0	0	1	14	77	4	22	30720	768	0	2	0	768
15	11777	0	1	2	1	0	0	1	14	77	4	22	30720	768	0	2	0	768
15	11778	0	1	2	1	0	0	1	14	77	4	22	30720	768	0	2	0	768
15	11780	0	1	2	1	0	0	1	14	77	4	22	30720	768	0	2	0	768
15	11784	0	1	2	1	0	0	1	14	77	4	22	30720	768	0	2	0	768
15	11792	0	1	2	1	0	0	1	14	77	4	22	30720	768	0	2	0	768
15	11808	0	1	2	1	0	0	1	14	77	4	22	30720	768	0	2	0	768
15	11840	0	1	2	1	0	0	1	14	77	4	22	30720	768	0	2	0	768
15	11904	0	1	2	1	0	0	1	14	77	4	22	30720	768	0	2	0	768
15	12032	0	2	2	1	0	0	1	15	75	4	23	30720	768	0	2	0	512,768
15	12295	0	1	2	1	0	0	1	12	75	4	20	30720	768	0	2	0	768
15	12299	0	1	2	1	0	0	1	12	75	4	20	30720	768	0	2	0	768
15	12301	0	1	2	1	0	0	1	12	75	4	20	30720	768	0	2	0	768
15	12302	0	1	2	1	0	0	1	12	75	4	20	30720	768	0	2	0	768
15	12307	0	1	2	1	0	0	1	12	75	4	20	30720	768	0	2	0	768
15	12309	0	1	2	1	0	0	1	12	75	4	20	30720	768	0	2	0	768
15	12310	0	1	2	1	0	0	1	12	75	4	20	30720	768	0	2	0	768
15	12313	0	1	2	1	0	0	1	12	75	4	20	30720	768	0	2	0	768
15	12314	0	1	2	1	0	0	1	12	75	4	20	30720	768	0	2	0	768
15	12316	0	1	2	1	0	0	1	12	75	4	20	30720	768	0	2	0	768
15	12323	0	1	2	1	0	0	1	12	75	4	20	30720	768	0	2	0	768
15	12325	0	1	2	1	0	0	1	12	75	4	20	30720	768	0	2	0	768
15	12326	0	1	2	1	0	0	1	12	75	4	20	30720	768	0	2	0	768
15	12329	0	1	2	1	0	0	1	12	75	4	20	30720	768	0	2	0	768
15	12330	0	1	2	1	0	0	1	12	75	4	20	30720	768	0	2	0	768
15	12332	0	1	2	1	0	0	1	12	75	4	20	30720	768	0	2	0	768
15	12337	0	1	2	1	0	0	1	12	75	4	20	30720	768	0	2	0	768
15	12338	0	1	2	1	0	0	1	12	75	4	20	30720	768	0	2	0	768
15	12340	0	1	2	1	0	0	1	12	75	4	20	30720	768	0	2	0	768
15	12344	0	1	2	1	0	0	1	12	75	4	20	30720	768	0	2	0	768
15	12355	0	1	2	1	0	0	1	12	75	4	20	30720	768	0	2	0	768
15	12357	0	1	2	1	0	0	1	12	75	4	20	30720	768	0	2	0	768
15	12358	0	1	2	1	0	0	1	12	75	4	20	30720	768	0	2	0	768
15	12361	0	1	2	1	0	0	1	12	75	4	20	30720	768	0	2	0	768
15	12362	0	1	2	1	0	0	1	12	75	4	20	30720	768	0	2	0	768
15	12364	0	1	2	1	0	0	1	12	75	4	20	30720	768	0	2	0	768
15	12369	0	1	2	1	0	0	1	12	75	4	20	30720	768	0	2	0	768
15	12370	0	1	2	1	0	0	1	12	75	4	20	30720	768	0	2	0	768
15	12372	0	1	2	1	0	0	1	12	75	4	20	30720	768	0	2	0	768
15	12376	0	1	2	1	0	0	1	12	75	4	20	30720	768	0	2	0	768
15	12385	0	1	2	1	0	0	1	12	75	4	20	30720	768	0	2	0	768
15	12386	0	1	2	1	0	0	1	12	75	4	20	30720	768	0	2	0	768
15	12388	0	1	2	1	0	0	1	12	75	4	20	30720	768	0	2	0	768
15	12392	0	1	2	1	0	0	1	12	75	4	20	30720	768	0	2	0	768
15	12400	0	1	2	1	0	0	1	12	75	4	20	30720	768	0	2	0	768
15	12419	0	1	2	1	0	0	1	12	75	4	20	30720	768	0	2	0	768
15	12421	0	1	2	1	0	0	1	12	75	4	20	30720	768	0	2	0	768
15	12422	0	1	2	1	0	0	1	12	75	4	20	30720	768	0	2	0	768
15	12425	0	1	2	1	0	0	1	12	75	4	20	30720	768	0	2	0	768
15	12426	0	1	2	1	0	0	1	12	75	4	20	30720	768	0	2	0	768
15	12428	0	1	2	1	0	0	1	12	75	4	20	30720	768	0	2	0	768
15	12433	0	1	2	1	0	0	1	12	75	4	20	30720	768	0	2	0	768
15	12434	0	1	2	1	0	0	1	12	75	4	20	30720	768	0	2	0	768
15	12436	0	1	2	1	0	0	1	12	75	4	20	30720	768	0	2	0	768
15	12440	0	1	2	1	0	0	1	12	75	4	20	30720	768	0	2	0	768
15	12449	0	1	2	1	0	0	1	12	75	4	20	30720	768	0	2	0	768
15	12450	0	1	2	1	0	0	1	12	75	4	20	30720	768	0	2	0	768
15	12452	0	1	2	1	0	0	1	12	75	4	20	30720	768	0	2	0	768
15	12456	0	1	2	1	0	0	1	12	75	4	20	30720	768	0	2	0	768
15	12464	0	1	2	1	0	0	1	12	75	4	20	30720	768	0	2	0	768
15	12481	0	1	2	1	0	0	1	12	75	4	20	30720	768	0	2	0	768
15	12482	0	1	2	1	0	0	1	12	75	4	20	30720	768	0	2	0	768
15	12484	0	1	2	1	0	0	1	12	75	4	20	30720	768	0	2	0	768
15	12488	0	1	2	1	0	0	1	12	75	4	20	30720	768	0	2	0	768
15	12496	0	1	2	1	0	0	1	12	75	4	20	30720	768	0	2	0	768
15	12512	0	1	2	1	0	0	1	12	75	4	20	30720	768	0	2	0	768
15	12547	0	1	2	1	0	0	1	13	77	4	21	30720	768	0	2	0	768
15	12549	0	1	2	1	0	0	1	13	77	4	21	30720	768	0	2	0	768
15	12550	0	1	2	1	0	0	1	13	77	4	21	30720	768	0	2	0	768
15	12553	0	1	2	1	0	0	1	13	77	4	21	30720	768	0	2	0	768
15	12554	0	1	2	1	0	0	1	13	77	4	21	30720	768	0	2	0	768
15	12556	0	1	2	1	0	0	1	13	77	4	21	30720	768	0	2	0	768
15	12561	0	1	2	1	0	0	1	13	77	4	21	30720	768	0	2	0	768
15	12562	0	1	2	1	0	0	1	13	77	4	21	30720	768	0	2	0	768
15	12564	0	1	2	1	0	0	1	13	77	4	21	30720	768	0	2	0	768
15	12568	0	1	2	1	0	0	1	13	77	4	21	30720	768	0	2	0	768
15	12577	0	1	2	1	0	0	1	13	77	4	21	30720	768	0	2	0	768
15	12578	0	1	2	1	0	0	1	13	77	4	21	30720	768	0	2	0	768
15	12580	0	1	2	1	0	0	1	13	77	4	21	30720	768	0	2	0	768
15	12584	0	1	2	1	0	0	1	13	77	4	21	30720	768	0	2	0	768
15	12592	0	1	2	1	0	0	1	13	77	4	21	30720	768	0	2	0	768
15	12609	0	1	2	1	0	0	1	13	77	4	21	30720	768	0	2	0	768
15	12610	0	1	2	1	0	0	1	13	77	4	21	30720	768	0	2	0	768
15	12612	0	1	2	1	0	0	1	13	77	4	21	30720	768	0	2	0	768
15	12616	0	1	2	1	0	0	1	13	77	4	21	30720	768	0	2	0	768
15	12624	0	1	2	1	0	0	1	13	77	4	21	30720	768	0	2	0	768
15	12640	0	1	2	1	0	0	1	13	77	4	21	30720	768	0	2	0	768
15	12673	0	1	2	1	0	0	1	13	77	4	21	30720	768	0	2	0	768
15	12674	0	1	2	1	0	0	1	13	77	4	21	30720	768	0	2	0	768
15	12676	0	1	2	1	0	0	1	13	77	4	21	30720	768	0	2	0	768
15	12680	0	1	2	1	0	0	1	13	77	4	21	30720	768	0	2	0	768
15	12688	0	1	2	1	0	0	1	13	77	4	21	30720	768	0	2	0	768
15	12704	0	1	2	1	0	0	1	13	77	4	21	30720	768	0	2	0	768
15	12736	0	1	2	1	0	0	1	13	77	4	21	30720	768	0	2	0	768
15	12803	0	1	2	1	0	0	1	13	77	4	21	30720	768	0	2	0	768
15	12805	0	1	2	1	0	0	1	13	77	4	21	30720	768	0	2	0	768
15	12806	0	1	2	1	0	0	1	13	77	4	21	30720	768	0	2	0	768
15	12809	0	1	2	1	0	0	1	13	77	4	21	30720	768	0	2	0	768
15	12810	0	1	2	1	0	0	1	13	77	4	21	30720	768	0	2	0	768
15	12812	0	1	2	1	0	0	1	13	77	4	21	30720	768	0	2	0	768
15	12817	0	1	2	1	0	0	1	13	77	4	21	30720	768	0	2	0	768
15	12818	0	1	2	1	0	0	1	13	77	4	21	30720	768	0	2	0	768
15	12820	0	1	2	1	0	0	1	13	77	4	21	30720	768	0	2	0	768
15	12824	0	1	2	1	0	0	1	13	77	4	21	30720	768	0	2	0	768
15	12833	0	1	2	1	0	0	1	13	77	4	21	30720	768	0	2	0	768
15	12834	0	1	2	1	0	0	1	13	77	4	21	30720	768	0	2	0	768
15	12836	0	1	2	1	0	0	1	13	77	4	21	30720	768	0	2	0	768
15	12840	0	1	2	1	0	0	1	13	77	4	21	30720	768	0	2	0	768
15	12848	0	1	2	1	0	0	1	13	77	4	21	30720	768	0	2	0	768
15	12865	0	1	2	1	0	0	1	13	77	4	21	30720	768	0	2	0	768
15	12866	0	1	2	1	0	0	1	13	77	4	21	30720	768	0	2	0	768
15	12868	0	1	2	1	0	0	1	13	77	4	21	30720	768	0	2	0	768
15	12872	0	1	2	1	0	0	1	13	77	4	21	30720	768	0	2	0	768
15	12880	0	1	2	1	0	0	1	13	77	4	21	30720	768	0	2	0	768
15	12896	0	1	2	1	0	0	1	13	77	4	21	30720	768	0	2	0	768
15	12929	0	1	2	1	0	0	1	13	77	4	21	30720	768	0	2	0	768
15	12930	0	1	2	1	0	0	1	13	77	4	21	30720	768	0	2	0	768
15	12932	0	1	2	1	0	0	1	13	77	4	21	30720	768	0	2	0	768
15	12936	0	1	2	1	0	0	1	13	77	4	21	30720	768	0	2	0	768
15	12944	0	1	2	1	0	0	1	13	77	4	21	30720	768	0	2	0	768
15	12960	0	1	2	1	0	0	1	13	77	4	21	30720	768	0	2	0	768
15	12992	0	1	2	1	0	0	1	13	77	4	21	30720	768	0	2	0	768
15	13057	0	1	2	1	0	0	1	14	77	4	22	30720	768	0	2	0	768
15	13058	0	1	2	1	0	0	1	14	77	4	22	30720	768	0	2	0	768
15	13060	0	1	2	1	0	0	1	14	77	4	22	30720	768	0	2	0	768
15	13064	0	1	2	1	0	0	1	14	77	4	22	30720	768	0	2	0	768
15	13072	0	1	2	1	0	0	1	14	77	4	22	30720	768	0	2	0	768
15	13088	0	1	2	1	0	0	1	14	77	4	22	30720	768	0	2	0	768
15	13120	0	1	2	1	0	0	1	14	77	4	22	30720	768	0	2	0	768
15	13184	0	1	2	1	0	0	1	14	77	4	22	30720	768	0	2	0	768
15	13315	0	1	2	1	0	0	1	13	77	4	21	30720	768	0	2	0	768
15	13317	0	1	2	1	0	0	1	13	77	4	21	30720	768	0	2	0	768
15	13318	0	1	2	1	0	0	1	13	77	4	21	30720	768	0	2	0	768
15	13321	0	1	2	1	0	0	1	13	77	4	21	30720	768	0	2	0	768
15	13322	0	1	2	1	0	0	1	13	77	4	21	30720	768	0	2	0	768
15	13324	0	1	2	1	0	0	1	13	77	4	21	30720	768	0	2	0	768
15	13329	0	1	2	1	0	0	1	13	77	4	21	30720	768	0	2	0	768
15	13330	0	1	2	1	0	0	1	13	77	4	21	30720	768	0	2	0	768
15	13332	0	1	2	1	0	0	1	13	77	4	21	30720	768	0	2	0	768
15	13336	0	1	2	1	0	0	1	13	77	4	21	30720	768	0	2	0	768
15	13345	0	1	2	1	0	0	1	13	77	4	21	30720	768	0	2	0	768
15	13346	0	1	2	1	0	0	1	13	77	4	21	30720	768	0	2	0	768
15	13348	0	1	2	1	0	0	1	13	77	4	21	30720	768	0	2	0	768
15	13352	0	1	2	1	0	0	1	13	77	4	21	30720	768	0	2	0	768
15	13360	0	1	2	1	0	0	1	13	77	4	21	30720	768	0	2	0	768
15	13377	0	1	2	1	0	0	1	13	77	4	21	30720	768	0	2	0	768
15	13378	0	1	2	1	0	0	1	13	77	4	21	30720	768	0	2	0	768
15	13380	0	1	2	1	0	0	1	13	77	4	21	30720	768	0	2	0	768
15	13384	0	1	2	1	0	0	1	13	77	4	21	30720	768	0	2	0	768
15	13392	0	1	2	1	0	0	1	13	77	4	21	30720	768	0	2	0	768
15	13408	0	1	2	1	0	0	1	13	77	4	21	30720	768	0	2	0	768
15	13441	0	1	2	1	0	0	1	13	77	4	21	30720	768	0	2	0	768
15	13442	0	1	2	1	0	0	1	13	77	4	21	30720	768	0	2	0	768
15	13444	0	1	2	1	0	0	1	13	77	4	21	30720	768	0	2	0	768
15	13448	0	1	2	1	0	0	1	13	77	4	21	30720	768	0	2	0	768
15	13456	0	1	2	1	0	0	1	13	77	4	21	30720	768	0	2	0	768
15	13472	0	1	2	1	0	0	1	13	77	4	21	30720	768	0	2	0	768
15	13504	0	1	2	1	0	0	1	13	77	4	21	30720	768	0	2	0	768
15	13569	0	1	2	1	0	0	1	14	77	4	22	30720	768	0	2	0	768
15	13570	0	1	2	1	0	0	1	14	77	4	22	30720	768	0	2	0	768
15	13572	0	1	2	1	0	0	1	14	77	4	22	30720	768	0	2	0	768
15	13576	0	1	2	1	0	0	1	14	77	4	22	30720	768	0	2	0	768
15	13584	0	1	2	1	0	0	1	14	77	4	22	30720	768	0	2	0	768
15	13600	0	1	2	1	0	0	1	14	77	4	22	30720	768	0	2	0	768
15	13632	0	1	2	1	0	0	1	14	77	4	22	30720	768	0	2	0	768
15	13696	0	1	2	1	0	0	1	14	77	4	22	30720	768	0	2	0	768
15	13825	0	1	2	1	0	0	1	14	77	4	22	30720	768	0	2	0	768
15	13826	0	1	2	1	0	0	1	14	77	4	22	30720	768	0	2	0	768
15	13828	0	1	2	1	0	0	1	14	77	4	22	30720	768	0	2	0	768
15	13832	0	1	2	1	0	0	1	14	77	4	22	30720	768	0	2	0	768
15	13840	0	1	2	1	0	0	1	14	77	4	22	30720	768	0	2	0	768
15	13856	0	1	2	1	0	0	1	14	77	4	22	30720	768	0	2	0	768
15	13888	0	1	2	1	0	0	1	14	77	4	22	30720	768	0	2	0	768
15	13952	0	1	2	1	0	0	1	14	77	4	22	30720	768	0	2	0	768
15	14080	0	2	2	1	0	0	1	15	75	4	23	30720	768	0	2	0	512,768
15	14339	0	1	2	1	0	0	1	14	75	4	22	30720	512	0	2	0	512
15	14341	0	1	2	1	0	0	1	14	75	4	22	30720	512	0	2	0	512
15	14342	0	1	2	1	0	0	1	14	75	4	22	30720	512	0	2	0	512
15	14345	0	1	2	1	0	0	1	14	75	4	22	30720	512	0	2	0	512
15	14346	0	1	2	1	0	0	1	14	75	4	22	30720	512	0	2	0	512
15	14348	0	1	2	1	0	0	1	14	75	4	22	30720	512	0	2	0	512
15	14353	0	1	2	1	0	0	1	14	75	4	22	30720	512	0	2	0	512
15	14354	0	1	2	1	0	0	1	14	75	4	22	30720	512	0	2	0	512
15	14356	0	1	2	1	0	0	1	14	75	4	22	30720	512	0	2	0	512
15	14360	0	1	2	1	0	0	1	14	75	4	22	30720	512	0	2	0	512
15	14369	0	1	2	1	0	0	1	14	75	4	22	30720	512	0	2	0	512
15	14370	0	1	2	1	0	0	1	14	75	4	22	30720	512	0	2	0	512
15	14372	0	1	2	1	0	0	1	14	75	4	22	30720	512	0	2	0	512
15	14376	0	1	2	1	0	0	1	14	75	4	22	30720	512	0	2	0	512
15	14384	0	1	2	1	0	0	1	14	75	4	22	30720	512	0	2	0	512
15	14401	0	1	2	1	0	0	1	14	75	4	22	30720	512	0	2	0	512
15	14402	0	1	2	1	0	0	1	14	75	4	22	30720	512	0	2	0	512
15	14404	0	1	2	1	0	0	1	14	75	4	22	30720	512	0	2	0	512
15	14408	0	1	2	1	0	0	1	14	75	4	22	30720	512	0	2	0	512
15	14416	0	1	2	1	0	0	1	14	75	4	22	30720	512	0	2	0	512
15	14432	0	1	2	1	0	0	1	14	75	4	22	30720	512	0	2	0	512
15	14465	0	1	2	1	0	0	1	14	75	4	22	30720	512	0	2	0	512
15	14466	0	1	2	1	0	0	1	14	75	4	22	30720	512	0	2	0	512
15	14468	0	1	2	1	0	0	1	14	75	4	22	30720	512	0	2	0	512
15	14472	0	1	2	1	0	0	1	14	75	4	22	30720	512	0	2	0	512
15	14480	0	1	2	1	0	0	1	14	75	4	22	30720	512	0	2	0	512
15	14496	0	1	2	1	0	0	1	14	75	4	22	30720	512	0	2	0	512
15	14528	0	1	2	1	0	0	1	14	75	4	22	30720	512	0	2	0	512
15	14593	0	1	2	1	0	0	1	13	94	5	23	30720	512	0	2	0	512
15	14594	0	1	2	1	0	0	1	13	94	5	23	30720	512	0	2	0	512
15	14596	0	1	2	1	0	0	1	13	94	5	23	30720	512	0	2	0	512
15	14600	0	1	2	1	0	0	1	13	94	5	23	30720	512	0	2	0	512
15	14608	0	1	2	1	0	0	1	13	94	5	23	30720	512	0	2	0	512
15	14624	0	1	2	1	0	0	1	13	94	5	23	30720	512	0	2	0	512
15	14656	0	1	2	1	0	0	1	13	94	5	23	30720	512	0	2	0	512
15	14720	0	1	2	1	0	0	1	13	94	5	23	30720	512	0	2	0	512
15	14849	0	1	2	1	0	0	1	13	94	5	23	30720	512	0	2	0	512
15	14850	0	1	2	1	0	0	1	13	94	5	23	30720	512	0	2	0	512
15	14852	0	1	2	1	0	0	1	13	94	5	23	30720	512	0	2	0	512
15	14856	0	1	2	1	0	0	1	13	94	5	23	30720	512	0	2	0	512
15	14864	0	1	2	1	0	0	1	13	94	5	23	30720	512	0	2	0	512
15	14880	0	1	2	1	0	0	1	13	94	5	23	30720	512	0	2	0	512
15	14912	0	1	2	1	0	0	1	13	94	5	23	30720	512	0	2	0	512
15	14976	0	1	2	1	0	0	1	13	94	5	23	30720	512	0	2	0	512
15	15104	0	1	2	1	0	0	1	12	222	6	24	30720	512	0	2	0	512
15	15361	0	1	2	1	0	0	1	13	94	5	23	30720	512	0	2	0	512
15	15362	0	1	2	1	0	0	1	13	94	5	23	30720	512	0	2	0	512
15	15364	0	1	2	1	0	0	1	13	94	5	23	30720	512	0	2	0	512
15	15368	0	1	2	1	0	0	1	13	94	5	23	30720	512	0	2	0	512
15	15376	0	1	2	1	0	0	1	13	94	5	23	30720	512	0	2	0	512
15	15392	0	1	2	1	0	0	1	13	94	5	23	30720	512	0	2	0	512
15	15424	0	1	2	1	0	0	1	13	94	5	23	30720	512	0	2	0	512
15	15488	0	1	2	1	0	0	1	13	94	5	23	30720	512	0	2	0	512
15	15616	0	1	2	1	0	0	1	12	222	6	24	30720	512	0	2	0	512
15	15872	0	1	2	1	0	0	1	12	222	6	24	30720	512	0	2	0	512
15	16399	0	1	2	1	2	5	0	11	75	4	19	30720	399	8432	0	2	624
15	16407	0	1	2	1	2	5	0	11	75	4	19	30720	399	8424	0	2	624
15	16411	0	1	2	1	2	5	0	11	75	4	19	30720	399	8420	0	2	624
15	16413	0	1	2	1	2	5	0	11	75	4	19	30720	399	8418	0	2	624
15	16414	0	1	2	1	2	5	0	11	75	4	19	30720	399	8417	0	2	624
15	16423	0	1	2	1	2	5	0	11	75	4	19	30720	399	8408	0	2	624
15	16427	0	1	2	1	2	5	0	11	75	4	19	30720	399	8404	0	2	624
15	16429	0	1	2	1	2	5	0	11	75	4	19	30720	399	8402	0	2	624
15	16430	0	1	2	1	2	5	0	11	75	4	19	30720	399	8401	0	2	624
15	16435	0	1	2	1	2	5	0	11	75	4	19	30720	399	8396	0	2	624
15	16437	0	1	2	1	2	5	0	11	75	4	19	30720	399	8394	0	2	624
15	16438	0	1	2	1	2	5	0	11	75	4	19	30720	399	8393	0	2	624
15	16441	0	1	2	1	2	5	0	11	75	4	19	30720	399	8390	0	2	624
15	16442	0	1	2	1	2	5	0	11	75	4	19	30720	399	8389	0	2	624
15	16444	0	1	2	1	2	5	0	11	75	4	19	30720	399	8387	0	2	624
15	16455	0	1	2	1	2	5	0	11	75	4	19	30720	399	8376	0	2	624
15	16459	0	1	2	1	2	5	0	11	75	4	19	30720	399	8372	0	2	624
15	16461	0	1	2	1	2	5	0	11	75	4	19	30720	399	8370	0	2	624
15	16462	0	1	2	1	2	5	0	11	75	4	19	30720	399	8369	0	2	624
15	16467	0	1	2	1	2	5	0	11	75	4	19	30720	399	8364	0	2	624
15	16469	0	1	2	1	2	5	0	11	75	4	19	30720	399	8362	0	2	624
15	16470	0	1	2	1	2	5	0	11	75	4	19	30720	399	8361	0	2	624
15	16473	0	1	2	1	2	5	0	11	75	4	19	30720	399	8358	0	2	624
15	16474	0	1	2	1	2	5	0	11	75	4	19	30720	399	8357	0	2	624
15	16476	0	1	2	1	2	5	0	11	75	4	19	30720	399	8355	0	2	624
15	16483	0	1	2	1	2	5	0	11	75	4	19	30720	399	8348	0	2	624
15	16485	0	1	2	1	2	5	0	11	75	4	19	30720	399	8346	0	2	624
15	16486	0	1	2	1	2	5	0	11	75	4	19	30720	399	8345	0	2	624
15	16489	0	1	2	1	2	5	0	11	75	4	19	30720	399	8342	0	2	624
15	16490	0	1	2	1	2	5	0	11	75	4	19	30720	399	8341	0	2	624
15	16492	0	1	2	1	2	5	0	11	75	4	19	30720	399	8339	0	2	624
15	16497	0	1	2	1	2	5	0	11	75	4	19	30720	399	8334	0	2	624
15	16498	0	1	2	1	2	5	0	11	75	4	19	30720	399	8333	0	2	624
15	16500	0	1	2	1	2	5	0	11	75	4	19	30720	399	8331	0	2	624
15	16504	0	1	2	1	2	5	0	11	75	4	19	30720	399	8327	0	2	624
15	16519	0	1	2	1	2	5	0	11	75	4	19	30720	399	8312	0	2	624
15	16523	0	1	2	1	2	5	0	11	75	4	19	30720	399	8308	0	2	624
15	16525	0	1	2	1	2	5	0	11	75	4	19	30720	399	8306	0	2	624
15	16526	0	1	2	1	2	5	0	11	75	4	19	30720	399	8305	0	2	624
15	16531	0	1	2	1	2	5	0	11	75	4	19	30720	399	8300	0	2	624
15	16533	0	1	2	1	2	5	0	11	75	4	19	30720	399	8298	0	2	624
15	16534	0	1	2	1	2	5	0	11	75	4	19	30720	399	8297	0	2	624
15	16537	0	1	2	1	2	5	0	11	75	4	19	30720	399	8294	0	2	624
15	16538	0	1	2	1	2	5	0	11	75	4	19	30720	399	8293	0	2	624
15	16540	0	1	2	1	2	5	0	11	75	4	19	30720	399	8291	0	2	624
15	16547	0	1	2	1	2	5	0	11	75	4	19	30720	399	8284	0	2	624
15	16549	0	1	2	1	2	5	0	11	75	4	19	30720	399	8282	0	2	624
15	16550	0	1	2	1	2	5	0	11	75	4	19	30720	399	8281	0	2	624
15	16553	0	1	2	1	2	5	0	11	75	4	19	30720	399	8278	0	2	624
15	16554	0	1	2	1	2	5	0	11	75	4	19	30720	399	8277	0	2	624
15	16556	0	1	2	1	2	5	0	11	75	4	19	30720	399	8275	0	2	624
15	16561	0	1	2	1	2	5	0	11	75	4	19	30720	399	8270	0	2	624
15	16562	0	1	2	1	2	5	0	11	75	4	19	30720	399	8269	0	2	624
15	16564	0	1	2	1	2	5	0	11	75	4	19	30720	399	8267	0	2	624
15	16568	0	1	2	1	2	5	0	11	75	4	19	30720	399	8263	0	2	624
15	16579	0	1	2	1	2	5	0	11	75	4	19	30720	399	8252	0	2	624
15	16581	0	1	2	1	2	5	0	11	75	4	19	30720	399	8250	0	2	624
15	16582	0	1	2	1	2	5	0	11	75	4	19	30720	399	8249	0	2	624
15	16585	0	1	2	1	2	5	0	11	75	4	19	30720	399	8246	0	2	624
15	16586	0	1	2	1	2	5	0	11	75	4	19	30720	399	8245	0	2	624
15	16588	0	1	2	1	2	5	0	11	75	4	19	30720	399	8243	0	2	624
15	16593	0	1	2	1	2	5	0	11	75	4	19	30720	399	8238	0	2	624
15	16594	0	1	2	1	2	5	0	11	75	4	19	30720	399	8237	0	2	624
15	16596	0	1	2	1	2	5	0	11	75	4	19	30720	399	8235	0	2	624
15	16600	0	1	2	1	2	5	0	11	75	4	19	30720	399	8231	0	2	624
15	16609	0	1	2	1	2	5	0	11	75	4	19	30720	399	8222	0	2	624
15	16610	0	1	2	1	2	5	0	11	75	4	19	30720	399	8221	0	2	624
15	16612	0	1	2	1	2	5	0	11	75	4	19	30720	399	8219	0	2	624
15	16616	0	1	2	1	2	5	0	11	75	4	19	30720	399	8215	0	2	624
15	16624	0	1	2	1	2	5	0	11	75	4	19	30720	399	8207	0	2	624
15	16647	0	1	2	1	2	4	0	12	75	4	20	30720	608	7680	0	2	608
15	16651	0	1	2	1	2	4	0	12	75	4	20	30720	608	7680	0	2	608
15	16653	0	1	2	1	2	4	0	12	75	4	20	30720	608	7680	0	2	608
15	16654	0	1	2	1	2	4	0	12	75	4	20	30720	608	7680	0	2	608
15	16659	0	1	2	1	2	4	0	12	75	4	20	30720	608	7680	0	2	608
15	16661	0	1	2	1	2	4	0	12	75	4	20	30720	608	7680	0	2	608
15	16662	0	1	2	1	2	4	0	12	75	4	20	30720	608	7680	0	2	608
15	16665	0	1	2	1	2	4	0	12	75	4	20	30720	608	7680	0	2	608
15	16666	0	1	2	1	2	4	0	12	75	4	20	30720	608	7680	0	2	608
15	16668	0	1	2	1	2	4	0	12	75	4	20	30720	608	7680	0	2	608
15	16675	0	1	2	1	2	4	0	12	75	4	20	30720	608	7680	0	2	608
15	16677	0	1	2	1	2	4	0	12	75	4	20	30720	608	7680	0	2	608
15	16678	0	1	2	1	2	4	0	12	75	4	20	30720	608	7680	0	2	608
15	16681	0	1	2	1	2	4	0	12	75	4	20	30720	608	7680	0	2	608
15	16682	0	1	2	1	2	4	0	12	75	4	20	30720	608	7680	0	2	608
15	16684	0	1	2	1	2	4	0	12	75	4	20	30720	608	7680	0	2	608
15	16689	0	1	2	1	2	4	0	12	75	4	20	30720	608	7680	0	2	608
15	16690	0	1	2	1	2	4	0	12	75	4	20	30720	608	7680	0	2	608
15	16692	0	1	2	1	2	4	0	12	75	4	20	30720	608	7680	0	2	608
15	16696	0	1	2	1	2	4	0	12	75	4	20	30720	608	7680	0	2	608
15	16707	0	1	2	1	2	4	0	12	75	4	20	30720	608	7680	0	2	608
15	16709	0	1	2	1	2	4	0	12	75	4	20	30720	608	7680	0	2	608
15	16710	0	1	2	1	2	4	0	12	75	4	20	30720	608	7680	0	2	608
15	16713	0	1	2	1	2	4	0	12	75	4	20	30720	608	7680	0	2	608
15	16714	0	1	2	1	2	4	0	12	75	4	20	30720	608	7680	0	2	608
15	16716	0	1	2	1	2	4	0	12	75	4	20	30720	608	7680	0	2	608
15	16721	0	1	2	1	2	4	0	12	75	4	20	30720	608	7680	0	2	608
15	16722	0	1	2	1	2	4	0	12	75	4	20	30720	608	7680	0	2	608
15	16724	0	1	2	1	2	4	0	12	75	4	20	30720	608	7680	0	2	608
15	16728	0	1	2	1	2	4	0	12	75	4	20	30720	608	7680	0	2	608
15	16737	0	1	2	1	2	4	0	12	75	4	20	30720	608	7680	0	2	608
15	16738	0	1	2	1	2	4	0	12	75	4	20	30720	608	7680	0	2	608
15	16740	0	1	2	1	2	4	0	12	75	4	20	30720	608	7680	0	2	608
15	16744	0	1	2	1	2	4	0	12	75	4	20	30720	608	7680	0	2	608
15	16752	0	1	2	1	2	4	0	12	75	4	20	30720	608	7680	0	2	608
15	16771	0	1	2	1	2	4	0	12	75	4	20	30720	608	7680	0	2	608
15	16773	0	1	2	1	2	4	0	12	75	4	20	30720	608	7680	0	2	608
15	16774	0	1	2	1	2	4	0	12	75	4	20	30720	608	7680	0	2	608
15	16777	0	1	2	1	2	4	0	12	75	4	20	30720	608	7680	0	2	608
15	16778	0	1	2	1	2	4	0	12	75	4	20	30720	608	7680	0	2	608
15	16780	0	1	2	1	2	4	0	12	75	4	20	30720	608	7680	0	2	608
15	16785	0	1	2	1	2	4	0	12	75	4	20	30720	608	7680	0	2	608
15	16786	0	1	2	1	2	4	0	12	75	4	20	30720	608	7680	0	2	608
15	16788	0	1	2	1	2	4	0	12	75	4	20	30720	608	7680	0	2	608
15	16792	0	1	2	1	2	4	0	12	75	4	20	30720	608	7680	0	2	608
15	16801	0	1	2	1	2	4	0	12	75	4	20	30720	608	7680	0	2	608
15	16802	0	1	2	1	2	4	0	12	75	4	20	30720	608	7680	0	2	608
15	16804	0	1	2	1	2	4	0	12	75	4	20	30720	608	7680	0	2	608
15	16808	0	1	2	1	2	4	0	12	75	4	20	30720	608	7680	0	2	608
15	16816	0	1	2	1	2	4	0	12	75	4	20	30720	608	7680	0	2	608
15	16833	0	1	2	1	2	4	0	12	75	4	20	30720	608	7680	0	2	608
15	16834	0	1	2	1	2	4	0	12	75	4	20	30720	608	7680	0	2	608
15	16836	0	1	2	1	2	4	0	12	75	4	20	30720	608	7680	0	2	608
15	16840	0	1	2	1	2	4	0	12	75	4	20	30720	608	7680	0	2	608
15	16848	0	1	2	1	2	4	0	12	75	4	20	30720	608	7680	0	2	608
15	16864	0	1	2	1	2	4	0	12	75	4	20	30720	608	7680	0	2	608
15	16903	0	1	2	1	2	4	0	12	75	4	20	30720	608	7424	0	2	608
15	16907	0	1	2	1	2	4	0	12	75	4	20	30720	608	7424	0	2	608
15	16909	0	1	2	1	2	4	0	12	75	4	20	30720	608	7424	0	2	608
15	16910	0	1	2	1	2	4	0	12	75	4	20	30720	608	7424	0	2	608
15	16915	0	1	2	1	2	4	0	12	75	4	20	30720	608	7424	0	2	608
15	16917	0	1	2	1	2	4	0	12	75	4	20	30720	608	7424	0	2	608
15	16918	0	1	2	1	2	4	0	12	75	4	20	30720	608	7424	0	2	608
15	16921	0	1	2	1	2	4	0	12	75	4	20	30720	608	7424	0	2	608
15	16922	0	1	2	1	2	4	0	12	75	4	20	30720	608	7424	0	2	608
15	16924	0	1	2	1	2	4	0	12	75	4	20	30720	608	7424	0	2	608
15	16931	0	1	2	1	2	4	0	12	75	4	20	30720	608	7424	0	2	608
15	16933	0	1	2	1	2	4	0	12	75	4	20	30720	608	7424	0	2	608
15	16934	0	1	2	1	2	4	0	12	75	4	20	30720	608	7424	0	2	608
15	16937	0	1	2	1	2	4	0	12	75	4	20	30720	608	7424	0	2	608
15	16938	0	1	2	1	2	4	0	12	75	4	20	30720	608	7424	0	2	608
15	16940	0	1	2	1	2	4	0	12	75	4	20	30720	608	7424	0	2	608
15	16945	0	1	2	1	2	4	0	12	75	4	20	30720	608	7424	0	2	608
15	16946	0	1	2	1	2	4	0	12	75	4	20	30720	608	7424	0	2	608
15	16948	0	1	2	1	2	4	0	12	75	4	20	30720	608	7424	0	2	608
15	16952	0	1	2	1	2	4	0	12	75	4	20	30720	608	7424	0	2	608
15	16963	0	1	2	1	2	4	0	12	75	4	20	30720	608	7424	0	2	608
15	16965	0	1	2	1	2	4	0	12	75	4	20	30720	608	7424	0	2	608
15	16966	0	1	2	1	2	4	0	12	75	4	20	30720	608	7424	0	2	608
15	16969	0	1	2	1	2	4	0	12	75	4	20	30720	608	7424	0	2	608
15	16970	0	1	2	1	2	4	0	12	75	4	20	30720	608	7424	0	2	608
15	16972	0	1	2	1	2	4	0	12	75	4	20	30720	608	7424	0	2	608
15	16977	0	1	2	1	2	4	0	12	75	4	20	30720	608	7424	0	2	608
15	16978	0	1	2	1	2	4	0	12	75	4	20	30720	608	7424	0	2	608
15	16980	0	1	2	1	2	4	0	12	75	4	20	30720	608	7424	0	2	608
15	16984	0	1	2	1	2	4	0	12	75	4	20	30720	608	7424	0	2	608
15	16993	0	1	2	1	2	4	0	12	75	4	20	30720	608	7424	0	2	608
15	16994	0	1	2	1	2	4	0	12	75	4	20	30720	608	7424	0	2	608
15	16996	0	1	2	1	2	4	0	12	75	4	20	30720	608	7424	0	2	608
15	17000	0	1	2	1	2	4	0	12	75	4	20	30720	608	7424	0	2	608
15	17008	0	1	2	1	2	4	0	12	75	4	20	30720	608	7424	0	2	608
15	17027	0	1	2	1	2	4	0	12	75	4	20	30720	608	7424	0	2	608
15	17029	0	1	2	1	2	4	0	12	75	4	20	30720	608	7424	0	2	608
15	17030	0	1	2	1	2	4	0	12	75	4	20	30720	608	7424	0	2	608
15	17033	0	1	2	1	2	4	0	12	75	4	20	30720	608	7424	0	2	608
15	17034	0	1	2	1	2	4	0	12	75	4	20	30720	608	7424	0	2	608
15	17036	0	1	2	1	2	4	0	12	75	4	20	30720	608	7424	0	2	608
15	17041	0	1	2	1	2	4	0	12	75	4	20	30720	608	7424	0	2	608
15	17042	0	1	2	1	2	4	0	12	75	4	20	30720	608	7424	0	2	608
15	17044	0	1	2	1	2	4	0	12	75	4	20	30720	608	7424	0	2	608
15	17048	0	1	2	1	2	4	0	12	75	4	20	30720	608	7424	0	2	608
15	17057	0	1	2	1	2	4	0	12	75	4	20	30720	608	7424	0	2	608
15	17058	0	1	2	1	2	4	0	12	75	4	20	30720	608	7424	0	2	608
15	17060	0	1	2	1	2	4	0	12	75	4	20	30720	608	7424	0	2	608
15	17064	0	1	2	1	2	4	0	12	75	4	20	30720	608	7424	0	2	608
15	17072	0	1	2	1	2	4	0	12	75	4	20	30720	608	7424	0	2	608
15	17089	0	1	2	1	2	4	0	12	75	4	20	30720	608	7424	0	2	608
15	17090	0	1	2	1	2	4	0	12	75	4	20	30720	608	7424	0	2	608
15	17092	0	1	2	1	2	4	0	12	75	4	20	30720	608	7424	0	2	608
15	17096	0	1	2	1	2	4	0	12	75	4	20	30720	608	7424	0	2	608
15	17104	0	1	2	1	2	4	0	12	75	4	20	30720	608	7424	0	2	608
15	17120	0	1	2	1	2	4	0	12	75	4	20	30720	608	7424	0	2	608
15	17155	0	1	2	1	2	3	0	13	75	4	21	30720	576	7168	0	2	576
15	17157	0	1	2	1	2	3	0	13	75	4	21	30720	576	7168	0	2	576
15	17158	0	1	2	1	2	3	0	13	75	4	21	30720	576	7168	0	2	576
15	17161	0	1	2	1	2	3	0	13	75	4	21	30720	576	7168	0	2	576
15	17162	0	1	2	1	2	3	0	13	75	4	21	30720	576	7168	0	2	576
15	17164	0	1	2	1	2	3	0	13	75	4	21	30720	576	7168	0	2	576
15	17169	0	1	2	1	2	3	0	13	75	4	21	30720	576	7168	0	2	576
15	17170	0	1	2	1	2	3	0	13	75	4	21	30720	576	7168	0	2	576
15	17172	0	1	2	1	2	3	0	13	75	4	21	30720	576	7168	0	2	576
15	17176	0	1	2	1	2	3	0	13	75	4	21	30720	576	7168	0	2	576
15	17185	0	1	2	1	2	3	0	13	75	4	21	30720	576	7168	0	2	576
15	17186	0	1	2	1	2	3	0	13	75	4	21	30720	576	7168	0	2	576
15	17188	0	1	2	1	2	3	0	13	75	4	21	30720	576	7168	0	2	576
15	17192	0	1	2	1	2	3	0	13	75	4	21	30720	576	7168	0	2	576
15	17200	0	1	2	1	2	3	0	13	75	4	21	30720	576	7168	0	2	576
15	17217	0	1	2	1	2	3	0	13	75	4	21	30720	576	7168	0	2	576
15	17218	0	1	2	1	2	3	0	13	75	4	21	30720	576	7168	0	2	576
15	17220	0	1	2	1	2	3	0	13	75	4	21	30720	576	7168	0	2	576
15	17224	0	1	2	1	2	3	0	13	75	4	21	30720	576	7168	0	2	576
15	17232	0	1	2	1	2	3	0	13	75	4	21	30720	576	7168	0	2	576
15	17248	0	1	2	1	2	3	0	13	75	4	21	30720	576	7168	0	2	576
15	17281	0	1	2	1	2	3	0	13	75	4	21	30720	576	7168	0	2	576
15	17282	0	1	2	1	2	3	0	13	75	4	21	30720	576	7168	0	2	576
15	17284	0	1	2	1	2	3	0	13	75	4	21	30720	576	7168	0	2	576
15	17288	0	1	2	1	2	3	0	13	75	4	21	30720	576	7168	0	2	576
15	17296	0	1	2	1	2	3	0	13	75	4	21	30720	576	7168	0	2	576
15	17312	0	1	2	1	2	3	0	13	75	4	21	30720	576	7168	0	2	576
15	17344	0	1	2	1	2	3	0	13	75	4	21	30720	576	7168	0	2	576
15	17415	0	1	2	1	2	4	0	12	75	4	20	30720	608	6912	0	2	608
15	17419	0	1	2	1	2	4	0	12	75	4	20	30720	608	6912	0	2	608
15	17421	0	1	2	1	2	4	0	12	75	4	20	30720	608	6912	0	2	608
15	17422	0	1	2	1	2	4	0	12	75	4	20	30720	608	6912	0	2	608
15	17427	0	1	2	1	2	4	0	12	75	4	20	30720	608	6912	0	2	608
15	17429	0	1	2	1	2	4	0	12	75	4	20	30720	608	6912	0	2	608
15	17430	0	1	2	1	2	4	0	12	75	4	20	30720	608	6912	0	2	608
15	17433	0	1	2	1	2	4	0	12	75	4	20	30720	608	6912	0	2	608
15	17434	0	1	2	1	2	4	0	12	75	4	20	30720	608	6912	0	2	608
15	17436	0	1	2	1	2	4	0	12	75	4	20	30720	608	6912	0	2	608
15	17443	0	1	2	1	2	4	0	12	75	4	20	30720	608	6912	0	2	608
15	17445	0	1	2	1	2	4	0	12	75	4	20	30720	608	6912	0	2	608
15	17446	0	1	2	1	2	4	0	12	75	4	20	30720	608	6912	0	2	608
15	17449	0	1	2	1	2	4	0	12	75	4	20	30720	608	6912	0	2	608
15	17450	0	1	2	1	2	4	0	12	75	4	20	30720	608	6912	0	2	608
15	17452	0	1	2	1	2	4	0	12	75	4	20	30720	608	6912	0	2	608
15	17457	0	1	2	1	2	4	0	12	75	4	20	30720	608	6912	0	2	608
15	17458	0	1	2	1	2	4	0	12	75	4	20	30720	608	6912	0	2	608
15	17460	0	1	2	1	2	4	0	12	75	4	20	30720	608	6912	0	2	608
15	17464	0	1	2	1	2	4	0	12	75	4	20	30720	608	6912	0	2	608
15	17475	0	1	2	1	2	4	0	12	75	4	20	30720	608	6912	0	2	608
15	17477	0	1	2	1	2	4	0	12	75	4	20	30720	608	6912	0	2	608
15	17478	0	1	2	1	2	4	0	12	75	4	20	30720	608	6912	0	2	608
15	17481	0	1	2	1	2	4	0	12	75	4	20	30720	608	6912	0	2	608
15	17482	0	1	2	1	2	4	0	12	75	4	20	30720	608	6912	0	2	608
15	17484	0	1	2	1	2	4	0	12	75	4	20	30720	608	6912	0	2	608
15	17489	0	1	2	1	2	4	0	12	75	4	20	30720	608	6912	0	2	608
15	17490	0	1	2	1	2	4	0	12	75	4	20	30720	608	6912	0	2	608
15	17492	0	1	2	1	2	4	0	12	75	4	20	30720	608	6912	0	2	608
15	17496	0	1	2	1	2	4	0	12	75	4	20	30720	608	6912	0	2	608
15	17505	0	1	2	1	2	4	0	12	75	4	20	30720	608	6912	0	2	608
15	17506	0	1	2	1	2	4	0	12	75	4	20	30720	608	6912	0	2	608
15	17508	0	1	2	1	2	4	0	12	75	4	20	30720	608	6912	0	2	608
15	17512	0	1	2	1	2	4	0	12	75	4	20	30720	608	6912	0	2	608
15	17520	0	1	2	1	2	4	0	12	75	4	20	30720	608	6912	0	2	608
15	17539	0	1	2	1	2	4	0	12	75	4	20	30720	608	6912	0	2	608
15	17541	0	1	2	1	2	4	0	12	75	4	20	30720	608	6912	0	2	608
15	17542	0	1	2	1	2	4	0	12	75	4	20	30720	608	6912	0	2	608
15	17545	0	1	2	1	2	4	0	12	75	4	20	30720	608	6912	0	2	608
15	17546	0	1	2	1	2	4	0	12	75	4	20	30720	608	6912	0	2	608
15	17548	0	1	2	1	2	4	0	12	75	4	20	30720	608	6912	0	2	608
15	17553	0	1	2	1	2	4	0	12	75	4	20	30720	608	6912	0	2	608
15	17554	0	1	2	1	2	4	0	12	75	4	20	30720	608	6912	0	2	608
15	17556	0	1	2	1	2	4	0	12	75	4	20	30720	608	6912	0	2	608
15	17560	0	1	2	1	2	4	0	12	75	4	20	30720	608	6912	0	2	608
15	17569	0	1	2	1	2	4	0	12	75	4	20	30720	608	6912	0	2	608
15	17570	0	1	2	1	2	4	0	12	75	4	20	30720	608	6912	0	2	608
15	17572	0	1	2	1	2	4	0	12	75	4	20	30720	608	6912	0	2	608
15	17576	0	1	2	1	2	4	0	12	75	4	20	30720	608	6912	0	2	608
15	17584	0	1	2	1	2	4	0	12	75	4	20	30720	608	6912	0	2	608
15	17601	0	1	2	1	2	4	0	12	75	4	20	30720	608	6912	0	2	608
15	17602	0	1	2	1	2	4	0	12	75	4	20	30720	608	6912	0	2	608
15	17604	0	1	2	1	2	4	0	12	75	4	20	30720	608	6912	0	2	608
15	17608	0	1	2	1	2	4	0	12	75	4	20	30720	608	6912	0	2	608
15	17616	0	1	2	1	2	4	0	12	75	4	20	30720	608	6912	0	2	608
15	17632	0	1	2	1	2	4	0	12	75	4	20	30720	608	6912	0	2	608
15	17667	0	1	2	1	2	3	0	13	75	4	21	30720	576	6656	0	2	576
15	17669	0	1	2	1	2	3	0	13	75	4	21	30720	576	6656	0	2	576
15	17670	0	1	2	1	2	3	0	13	75	4	21	30720	576	6656	0	2	576
15	17673	0	1	2	1	2	3	0	13	75	4	21	30720	576	6656	0	2	576
15	17674	0	1	2	1	2	3	0	13	75	4	21	30720	576	6656	0	2	576
15	17676	0	1	2	1	2	3	0	13	75	4	21	30720	576	6656	0	2	576
15	17681	0	1	2	1	2	3	0	13	75	4	21	30720	576	6656	0	2	576
15	17682	0	1	2	1	2	3	0	13	75	4	21	30720	576	6656	0	2	576
15	17684	0	1	2	1	2	3	0	13	75	4	21	30720	576	6656	0	2	576
15	17688	0	1	2	1	2	3	0	13	75	4	21	30720	576	6656	0	2	576
15	17697	0	1	2	1	2	3	0	13	75	4	21	30720	576	6656	0	2	576
15	17698	0	1	2	1	2	3	0	13	75	4	21	30720	576	6656	0	2	576
15	17700	0	1	2	1	2	3	0	13	75	4	21	30720	576	6656	0	2	576
15	17704	0	1	2	1	2	3	0	13	75	4	21	30720	576	6656	0	2	576
15	17712	0	1	2	1	2	3	0	13	75	4	21	30720	576	6656	0	2	576
15	17729	0	1	2	1	2	3	0	13	75	4	21	30720	576	6656	0	2	576
15	17730	0	1	2	1	2	3	0	13	75	4	21	30720	576	6656	0	2	576
15	17732	0	1	2	1	2	3	0	13	75	4	21	30720	576	6656	0	2	576
15	17736	0	1	2	1	2	3	0	13	75	4	21	30720	576	6656	0	2	576
15	17744	0	1	2	1	2	3	0	13	75	4	21	30720	576	6656	0	2	576
15	17760	0	1	2	1	2	3	0	13	75	4	21	30720	576	6656	0	2	576
15	17793	0	1	2	1	2	3	0	13	75	4	21	30720	576	6656	0	2	576
15	17794	0	1	2	1	2	3	0	13	75	4	21	30720	576	6656	0	2	576
15	17796	0	1	2	1	2	3	0	13	75	4	21	30720	576	6656	0	2	576
15	17800	0	1	2	1	2	3	0	13	75	4	21	30720	576	6656	0	2	576
15	17808	0	1	2	1	2	3	0	13	75	4	21	30720	576	6656	0	2	576
15	17824	0	1	2	1	2	3	0	13	75	4	21	30720	576	6656	0	2	576
15	17856	0	1	2	1	2	3	0	13	75	4	21	30720	576	6656	0	2	576
15	17923	0	1	2	1	2	3	0	13	75	4	21	30720	576	6400	0	2	576
15	17925	0	1	2	1	2	3	0	13	75	4	21	30720	576	6400	0	2	576
15	17926	0	1	2	1	2	3	0	13	75	4	21	30720	576	6400	0	2	576
15	17929	0	1	2	1	2	3	0	13	75	4	21	30720	576	6400	0	2	576
15	17930	0	1	2	1	2	3	0	13	75	4	21	30720	576	6400	0	2	576
15	17932	0	1	2	1	2	3	0	13	75	4	21	30720	576	6400	0	2	576
15	17937	0	1	2	1	2	3	0	13	75	4	21	30720	576	6400	0	2	576
15	17938	0	1	2	1	2	3	0	13	75	4	21	30720	576	6400	0	2	576
15	17940	0	1	2	1	2	3	0	13	75	4	21	30720	576	6400	0	2	576
15	17944	0	1	2	1	2	3	0	13	75	4	21	30720	576	6400	0	2	576
15	17953	0	1	2	1	2	3	0	13	75	4	21	30720	576	6400	0	2	576
15	17954	0	1	2	1	2	3	0	13	75	4	21	30720	576	6400	0	2	576
15	17956	0	1	2	1	2	3	0	13	75	4	21	30720	576	6400	0	2	576
15	17960	0	1	2	1	2	3	0	13	75	4	21	30720	576	6400	0	2	576
15	17968	0	1	2	1	2	3	0	13	75	4	21	30720	576	6400	0	2	576
15	17985	0	1	2	1	2	3	0	13	75	4	21	30720	576	6400	0	2	576
15	17986	0	1	2	1	2	3	0	13	75	4	21	30720	576	6400	0	2	576
15	17988	0	1	2	1	2	3	0	13	75	4	21	30720	576	6400	0	2	576
15	17992	0	1	2	1	2	3	0	13	75	4	21	30720	576	6400	0	2	576
15	18000	0	1	2	1	2	3	0	13	75	4	21	30720	576	6400	0	2	576
15	18016	0	1	2	1	2	3	0	13	75	4	21	30720	576	6400	0	2	576
15	18049	0	1	2	1	2	3	0	13	75	4	21	30720	576	6400	0	2	576
15	18050	0	1	2	1	2	3	0	13	75	4	21	30720	576	6400	0	2	576
15	18052	0	1	2	1	2	3	0	13	75	4	21	30720	576	6400	0	2	576
15	18056	0	1	2	1	2	3	0	13	75	4	21	30720	576	6400	0	2	576
15	18064	0	1	2	1	2	3	0	13	75	4	21	30720	576	6400	0	2	576
15	18080	0	1	2	1	2	3	0	13	75	4	21	30720	576	6400	0	2	576
15	18112	0	1	2	1	2	3	0	13	75	4	21	30720	576	6400	0	2	576
15	18177	0	1	2	1	2	2	0	14	75	4	22	30720	512	6144	0	2	512
15	18178	0	1	2	1	2	2	0	14	75	4	22	30720	512	6144	0	2	512
15	18180	0	1	2	1	2	2	0	14	75	4	22	30720	512	6144	0	2	512
15	18184	0	1	2	1	2	2	0	14	75	4	22	30720	512	6144	0	2	512
15	18192	0	1	2	1	2	2	0	14	75	4	22	30720	512	6144	0	2	512
15	18208	0	1	2	1	2	2	0	14	75	4	22	30720	512	6144	0	2	512
15	18240	0	1	2	1	2	2	0	14	75	4	22	30720	512	6144	0	2	512
15	18304	0	1	2	1	2	2	0	14	75	4	22	30720	512	6144	0	2	512
15	18439	0	1	2	1	1	4	0	15	11	3	21	30720	736	5888	1	1	736
15	18443	0	1	2	1	1	4	0	15	11	3	21	30720	736	5888	1	1	736
15	18445	0	1	2	1	1	4	0	15	11	3	21	30720	736	5888	1	1	736
15	18446	0	1	2	1	1	4	0	15	11	3	21	30720	736	5888	1	1	736
15	18451	0	1	2	1	1	4	0	15	11	3	21	30720	736	5888	1	1	736
15	18453	0	1	2	1	1	4	0	15	11	3	21	30720	736	5888	1	1	736
15	18454	0	1	2	1	1	4	0	15	11	3	21	30720	736	5888	1	1	736
15	18457	0	1	2	1	1	4	0	15	11	3	21	30720	736	5888	1	1	736
15	18458	0	1	2	1	1	4	0	15	11	3	21	30720	736	5888	1	1	736
15	18460	0	1	2	1	1	4	0	15	11	3	21	30720	736	5888	1	1	736
15	18467	0	1	2	1	1	4	0	15	11	3	21	30720	736	5888	1	1	736
15	18469	0	1	2	1	1	4	0	15	11	3	21	30720	736	5888	1	1	736
15	18470	0	1	2	1	1	4	0	15	11	3	21	30720	736	5888	1	1	736
15	18473	0	1	2	1	1	4	0	15	11	3	21	30720	736	5888	1	1	736
15	18474	0	1	2	1	1	4	0	15	11	3	21	30720	736	5888	1	1	736
15	18476	0	1	2	1	1	4	0	15	11	3	21	30720	736	5888	1	1	736
15	18481	0	1	2	1	1	4	0	15	11	3	21	30720	736	5888	1	1	736
15	18482	0	1	2	1	1	4	0	15	11	3	21	30720	736	5888	1	1	736
15	18484	0	1	2	1	1	4	0	15	11	3	21	30720	736	5888	1	1	736
15	18488	0	1	2	1	1	4	0	15	11	3	21	30720	736	5888	1	1	736
15	18499	0	1	2	1	1	4	0	15	11	3	21	30720	736	5888	1	1	736
15	18501	0	1	2	1	1	4	0	15	11	3	21	30720	736	5888	1	1	736
15	18502	0	1	2	1	1	4	0	15	11	3	21	30720	736	5888	1	1	736
15	18505	0	1	2	1	1	4	0	15	11	3	21	30720	736	5888	1	1	736
15	18506	0	1	2	1	1	4	0	15	11	3	21	30720	736	5888	1	1	736
15	18508	0	1	2	1	1	4	0	15	11	3	21	30720	736	5888	1	1	736
15	18513	0	1	2	1	1	4	0	15	11	3	21	30720	736	5888	1	1	736
15	18514	0	1	2	1	1	4	0	15	11	3	21	30720	736	5888	1	1	736
15	18516	0	1	2	1	1	4	0	15	11	3	21	30720	736	5888	1	1	736
15	18520	0	1	2	1	1	4	0	15	11	3	21	30720	736	5888	1	1	736
15	18529	0	1	2	1	1	4	0	15	11	3	21	30720	736	5888	1	1	736
15	18530	0	1	2	1	1	4	0	15	11	3	21	30720	736	5888	1	1	736
15	18532	0	1	2	1	1	4	0	15	11	3	21	30720	736	5888	1	1	736
15	18536	0	1	2	1	1	4	0	15	11	3	21	30720	736	5888	1	1	736
15	18544	0	1	2	1	1	4	0	15	11	3	21	30720	736	5888	1	1	736
15	18563	0	1	2	1	1	4	0	15	11	3	21	30720	736	5888	1	1	736
15	18565	0	1	2	1	1	4	0	15	11	3	21	30720	736	5888	1	1	736
15	18566	0	1	2	1	1	4	0	15	11	3	21	30720	736	5888	1	1	736
15	18569	0	1	2	1	1	4	0	15	11	3	21	30720	736	5888	1	1	736
15	18570	0	1	2	1	1	4	0	15	11	3	21	30720	736	5888	1	1	736
15	18572	0	1	2	1	1	4	0	15	11	3	21	30720	736	5888	1	1	736
15	18577	0	1	2	1	1	4	0	15	11	3	21	30720	736	5888	1	1	736
15	18578	0	1	2	1	1	4	0	15	11	3	21	30720	736	5888	1	1	736
15	18580	0	1	2	1	1	4	0	15	11	3	21	30720	736	5888	1	1	736
15	18584	0	1	2	1	1	4	0	15	11	3	21	30720	736	5888	1	1	736
15	18593	0	1	2	1	1	4	0	15	11	3	21	30720	736	5888	1	1	736
15	18594	0	1	2	1	1	4	0	15	11	3	21	30720	736	5888	1	1	736
15	18596	0	1	2	1	1	4	0	15	11	3	21	30720	736	5888	1	1	736
15	18600	0	1	2	1	1	4	0	15	11	3	21	30720	736	5888	1	1	736
15	18608	0	1	2	1	1	4	0	15	11	3	21	30720	736	5888	1	1	736
15	18625	0	1	2	1	1	4	0	15	11	3	21	30720	736	5888	1	1	736
15	18626	0	1	2	1	1	4	0	15	11	3	21	30720	736	5888	1	1	736
15	18628	0	1	2	1	1	4	0	15	11	3	21	30720	736	5888	1	1	736
15	18632	0	1	2	1	1	4	0	15	11	3	21	30720	736	5888	1	1	736
15	18640	0	1	2	1	1	4	0	15	11	3	21	30720	736	5888	1	1	736
15	18656	0	1	2	1	1	4	0	15	11	3	21	30720	736	5888	1	1	736
15	18691	0	1	2	1	1	3	0	14	77	4	22	30720	704	5632	1	1	704
15	18693	0	1	2	1	1	3	0	14	77	4	22	30720	704	5632	1	1	704
15	18694	0	1	2	1	1	3	0	14	77	4	22	30720	704	5632	1	1	704
15	18697	0	1	2	1	1	3	0	14	77	4	22	30720	704	5632	1	1	704
15	18698	0	1	2	1	1	3	0	14	77	4	22	30720	704	5632	1	1	704
15	18700	0	1	2	1	1	3	0	14	77	4	22	30720	704	5632	1	1	704
15	18705	0	1	2	1	1	3	0	14	77	4	22	30720	704	5632	1	1	704
15	18706	0	1	2	1	1	3	0	14	77	4	22	30720	704	5632	1	1	704
15	18708	0	1	2	1	1	3	0	14	77	4	22	30720	704	5632	1	1	704
15	18712	0	1	2	1	1	3	0	14	77	4	22	30720	704	5632	1	1	704
15	18721	0	1	2	1	1	3	0	14	77	4	22	30720	704	5632	1	1	704
15	18722	0	1	2	1	1	3	0	14	77	4	22	30720	704	5632	1	1	704
15	18724	0	1	2	1	1	3	0	14	77	4	22	30720	704	5632	1	1	704
15	18728	0	1	2	1	1	3	0	14	77	4	22	30720	704	5632	1	1	704
15	18736	0	1	2	1	1	3	0	14	77	4	22	30720	704	5632	1	1	704
15	18753	0	1	2	1	1	3	0	14	77	4	22	30720	704	5632	1	1	704
15	18754	0	1	2	1	1	3	0	14	77	4	22	30720	704	5632	1	1	704
15	18756	0	1	2	1	1	3	0	14	77	4	22	30720	704	5632	1	1	704
15	18760	0	1	2	1	1	3	0	14	77	4	22	30720	704	5632	1	1	704
15	18768	0	1	2	1	1	3	0	14	77	4	22	30720	704	5632	1	1	704
15	18784	0	1	2	1	1	3	0	14	77	4	22	30720	704	5632	1	1	704
15	18817	0	1	2	1	1	3	0	14	77	4	22	30720	704	5632	1	1	704
15	18818	0	1	2	1	1	3	0	14	77	4	22	30720	704	5632	1	1	704
15	18820	0	1	2	1	1	3	0	14	77	4	22	30720	704	5632	1	1	704
15	18824	0	1	2	1	1	3	0	14	77	4	22	30720	704	5632	1	1	704
15	18832	0	1	2	1	1	3	0	14	77	4	22	30720	704	5632	1	1	704
15	18848	0	1	2	1	1	3	0	14	77	4	22	30720	704	5632	1	1	704
15	18880	0	1	2	1	1	3	0	14	77	4	22	30720	704	5632	1	1	704
15	18947	0	1	2	1	1	3	0	14	77	4	22	30720	704	5376	1	1	704
15	18949	0	1	2	1	1	3	0	14	77	4	22	30720	704	5376	1	1	704
15	18950	0	1	2	1	1	3	0	14	77	4	22	30720	704	5376	1	1	704
15	18953	0	1	2	1	1	3	0	14	77	4	22	30720	704	5376	1	1	704
15	18954	0	1	2	1	1	3	0	14	77	4	22	30720	704	5376	1	1	704
15	18956	0	1	2	1	1	3	0	14	77	4	22	30720	704	5376	1	1	704
15	18961	0	1	2	1	1	3	0	14	77	4	22	30720	704	5376	1	1	704
15	18962	0	1	2	1	1	3	0	14	77	4	22	30720	704	5376	1	1	704
15	18964	0	1	2	1	1	3	0	14	77	4	22	30720	704	5376	1	1	704
15	18968	0	1	2	1	1	3	0	14	77	4	22	30720	704	5376	1	1	704
15	18977	0	1	2	1	1	3	0	14	77	4	22	30720	704	5376	1	1	704
15	18978	0	1	2	1	1	3	0	14	77	4	22	30720	704	5376	1	1	704
15	18980	0	1	2	1	1	3	0	14	77	4	22	30720	704	5376	1	1	704
15	18984	0	1	2	1	1	3	0	14	77	4	22	30720	704	5376	1	1	704
15	18992	0	1	2	1	1	3	0	14	77	4	22	30720	704	5376	1	1	704
15	19009	0	1	2	1	1	3	0	14	77	4	22	30720	704	5376	1	1	704
15	19010	0	1	2	1	1	3	0	14	77	4	22	30720	704	5376	1	1	704
15	19012	0	1	2	1	1	3	0	14	77	4	22	30720	704	5376	1	1	704
15	19016	0	1	2	1	1	3	0	14	77	4	22	30720	704	5376	1	1	704
15	19024	0	1	2	1	1	3	0	14	77	4	22	30720	704	5376	1	1	704
15	19040	0	1	2	1	1	3	0	14	77	4	22	30720	704	5376	1	1	704
15	19073	0	1	2	1	1	3	0	14	77	4	22	30720	704	5376	1	1	704
15	19074	0	1	2	1	1	3	0	14	77	4	22	30720	704	5376	1	1	704
15	19076	0	1	2	1	1	3	0	14	77	4	22	30720	704	5376	1	1	704
15	19080	0	1	2	1	1	3	0	14	77	4	22	30720	704	5376	1	1	704
15	19088	0	1	2	1	1	3	0	14	77	4	22	30720	704	5376	1	1	704
15	19104	0	1	2	1	1	3	0	14	77	4	22	30720	704	5376	1	1	704
15	19136	0	1	2	1	1	3	0	14	77	4	22	30720	704	5376	1	1	704
15	19201	0	1	2	1	1	2	0	13	94	5	23	30720	640	5120	1	1	640
15	19202	0	1	2	1	1	2	0	13	94	5	23	30720	640	5120	1	1	640
15	19204	0	1	2	1	1	2	0	13	94	5	23	30720	640	5120	1	1	640
15	19208	0	1	2	1	1	2	0	13	94	5	23	30720	640	5120	1	1	640
15	19216	0	1	2	1	1	2	0	13	94	5	23	30720	640	5120	1	1	640
15	19232	0	1	2	1	1	2	0	13	94	5	23	30720	640	5120	1	1	640
15	19264	0	1	2	1	1	2	0	13	94	5	23	30720	640	5120	1	1	640
15	19328	0	1	2	1	1	2	0	13	94	5	23	30720	640	5120	1	1	640
15	19459	0	1	2	1	1	3	0	14	77	4	22	30720	704	4864	1	1	704
15	19461	0	1	2	1	1	3	0	14	77	4	22	30720	704	4864	1	1	704
15	19462	0	1	2	1	1	3	0	14	77	4	22	30720	704	4864	1	1	704
15	19465	0	1	2	1	1	3	0	14	77	4	22	30720	704	4864	1	1	704
15	19466	0	1	2	1	1	3	0	14	77	4	22	30720	704	4864	1	1	704
15	19468	0	1	2	1	1	3	0	14	77	4	22	30720	704	4864	1	1	704
15	19473	0	1	2	1	1	3	0	14	77	4	22	30720	704	4864	1	1	704
15	19474	0	1	2	1	1	3	0	14	77	4	22	30720	704	4864	1	1	704
15	19476	0	1	2	1	1	3	0	14	77	4	22	30720	704	4864	1	1	704
15	19480	0	1	2	1	1	3	0	14	77	4	22	30720	704	4864	1	1	704
15	19489	0	1	2	1	1	3	0	14	77	4	22	30720	704	4864	1	1	704
15	19490	0	1	2	1	1	3	0	14	77	4	22	30720	704	4864	1	1	704
15	19492	0	1	2	1	1	3	0	14	77	4	22	30720	704	4864	1	1	704
15	19496	0	1	2	1	1	3	0	14	77	4	22	30720	704	4864	1	1	704
15	19504	0	1	2	1	1	3	0	14	77	4	22	30720	704	4864	1	1	704
15	19521	0	1	2	1	1	3	0	14	77	4	22	30720	704	4864	1	1	704
15	19522	0	1	2	1	1	3	0	14	77	4	22	30720	704	4864	1	1	704
15	19524	0	1	2	1	1	3	0	14	77	4	22	30720	704	4864	1	1	704
15	19528	0	1	2	1	1	3	0	14	77	4	22	30720	704	4864	1	1	704
15	19536	0	1	2	1	1	3	0	14	77	4	22	30720	704	4864	1	1	704
15	19552	0	1	2	1	1	3	0	14	77	4	22	30720	704	4864	1	1	704
15	19585	0	1	2	1	1	3	0	14	77	4	22	30720	704	4864	1	1	704
15	19586	0	1	2	1	1	3	0	14	77	4	22	30720	704	4864	1	1	704
15	19588	0	1	2	1	1	3	0	14	77	4	22	30720	704	4864	1	1	704
15	19592	0	1	2	1	1	3	0	14	77	4	22	30720	704	4864	1	1	704
15	19600	0	1	2	1	1	3	0	14	77	4	22	30720	704	4864	1	1	704
15	19616	0	1	2	1	1	3	0	14	77	4	22	30720	704	4864	1	1	704
15	19648	0	1	2	1	1	3	0	14	77	4	22	30720	704	4864	1	1	704
15	19713	0	1	2	1	1	2	0	13	94	5	23	30720	640	4608	1	1	640
15	19714	0	1	2	1	1	2	0	13	94	5	23	30720	640	4608	1	1	640
15	19716	0	1	2	1	1	2	0	13	94	5	23	30720	640	4608	1	1	640
15	19720	0	1	2	1	1	2	0	13	94	5	23	30720	640	4608	1	1	640
15	19728	0	1	2	1	1	2	0	13	94	5	23	30720	640	4608	1	1	640
15	19744	0	1	2	1	1	2	0	13	94	5	23	30720	640	4608	1	1	640
15	19776	0	1	2	1	1	2	0	13	94	5	23	30720	640	4608	1	1	640
15	19840	0	1	2	1	1	2	0	13	94	5	23	30720	640	4608	1	1	640
15	19969	0	1	2	1	1	2	0	13	94	5	23	30720	640	4352	1	1	640
15	19970	0	1	2	1	1	2	0	13	94	5	23	30720	640	4352	1	1	640
15	19972	0	1	2	1	1	2	0	13	94	5	23	30720	640	4352	1	1	640
15	19976	0	1	2	1	1	2	0	13	94	5	23	30720	640	4352	1	1	640
15	19984	0	1	2	1	1	2	0	13	94	5	23	30720	640	4352	1	1	640
15	20000	0	1	2	1	1	2	0	13	94	5	23	30720	640	4352	1	1	640
15	20032	0	1	2	1	1	2	0	13	94	5	23	30720	640	4352	1	1	640
15	20096	0	1	2	1	1	2	0	13	94	5	23	30720	640	4352	1	1	640
15	20224	0	1	2	1	1	1	0	12	222	6	24	30720	512	4096	1	1	512
15	20487	0	1	2	1	1	4	0	15	11	3	21	30720	736	3840	1	1	736
15	20491	0	1	2	1	1	4	0	15	11	3	21	30720	736	3840	1	1	736
15	20493	0	1	2	1	1	4	0	15	11	3	21	30720	736	3840	1	1	736
15	20494	0	1	2	1	1	4	0	15	11	3	21	30720	736	3840	1	1	736
15	20499	0	1	2	1	1	4	0	15	11	3	21	30720	736	3840	1	1	736
15	20501	0	1	2	1	1	4	0	15	11	3	21	30720	736	3840	1	1	736
15	20502	0	1	2	1	1	4	0	15	11	3	21	30720	736	3840	1	1	736
15	20505	0	1	2	1	1	4	0	15	11	3	21	30720	736	3840	1	1	736
15	20506	0	1	2	1	1	4	0	15	11	3	21	30720	736	3840	1	1	736
15	20508	0	1	2	1	1	4	0	15	11	3	21	30720	736	3840	1	1	736
15	20515	0	1	2	1	1	4	0	15	11	3	21	30720	736	3840	1	1	736
15	20517	0	1	2	1	1	4	0	15	11	3	21	30720	736	3840	1	1	736
15	20518	0	1	2	1	1	4	0	15	11	3	21	30720	736	3840	1	1	736
15	20521	0	1	2	1	1	4	0	15	11	3	21	30720	736	3840	1	1	736
15	20522	0	1	2	1	1	4	0	15	11	3	21	30720	736	3840	1	1	736
15	20524	0	1	2	1	1	4	0	15	11	3	21	30720	736	3840	1	1	736
15	20529	0	1	2	1	1	4	0	15	11	3	21	30720	736	3840	1	1	736
15	20530	0	1	2	1	1	4	0	15	11	3	21	30720	736	3840	1	1	736
15	20532	0	1	2	1	1	4	0	15	11	3	21	30720	736	3840	1	1	736
15	20536	0	1	2	1	1	4	0	15	11	3	21	30720	736	3840	1	1	736
15	20547	0	1	2	1	1	4	0	15	11	3	21	30720	736	3840	1	1	736
15	20549	0	1	2	1	1	4	0	15	11	3	21	30720	736	3840	1	1	736
15	20550	0	1	2	1	1	4	0	15	11	3	21	30720	736	3840	1	1	736
15	20553	0	1	2	1	1	4	0	15	11	3	21	30720	736	3840	1	1	736
15	20554	0	1	2	1	1	4	0	15	11	3	21	30720	736	3840	1	1	736
15	20556	0	1	2	1	1	4	0	15	11	3	21	30720	736	3840	1	1	736
15	20561	0	1	2	1	1	4	0	15	11	3	21	30720	736	3840	1	1	736
15	20562	0	1	2	1	1	4	0	15	11	3	21	30720	736	3840	1	1	736
15	20564	0	1	2	1	1	4	0	15	11	3	21	30720	736	3840	1	1	736
15	20568	0	1	2	1	1	4	0	15	11	3	21	30720	736	3840	1	1	736
15	20577	0	1	2	1	1	4	0	15	11	3	21	30720	736	3840	1	1	736
15	20578	0	1	2	1	1	4	0	15	11	3	21	30720	736	3840	1	1	736
15	20580	0	1	2	1	1	4	0	15	11	3	21	30720	736	3840	1	1	736
15	20584	0	1	2	1	1	4	0	15	11	3	21	30720	736	3840	1	1	736
15	20592	0	1	2	1	1	4	0	15	11	3	21	30720	736	3840	1	1	736
15	20611	0	1	2	1	1	4	0	15	11	3	21	30720	736	3840	1	1	736
15	20613	0	1	2	1	1	4	0	15	11	3	21	30720	736	3840	1	1	736
15	20614	0	1	2	1	1	4	0	15	11	3	21	30720	736	3840	1	1	736
15	20617	0	1	2	1	1	4	0	15	11	3	21	30720	736	3840	1	1	736
15	20618	0	1	2	1	1	4	0	15	11	3	21	30720	736	3840	1	1	736
15	20620	0	1	2	1	1	4	0	15	11	3	21	30720	736	3840	1	1	736
15	20625	0	1	2	1	1	4	0	15	11	3	21	30720	736	3840	1	1	736
15	20626	0	1	2	1	1	4	0	15	11	3	21	30720	736	3840	1	1	736
15	20628	0	1	2	1	1	4	0	15	11	3	21	30720	736	3840	1	1	736
15	20632	0	1	2	1	1	4	0	15	11	3	21	30720	736	3840	1	1	736
15	20641	0	1	2	1	1	4	0	15	11	3	21	30720	736	3840	1	1	736
15	20642	0	1	2	1	1	4	0	15	11	3	21	30720	736	3840	1	1	736
15	20644	0	1	2	1	1	4	0	15	11	3	21	30720	736	3840	1	1	736
15	20648	0	1	2	1	1	4	0	15	11	3	21	30720	736	3840	1	1	736
15	20656	0	1	2	1	1	4	0	15	11	3	21	30720	736	3840	1	1	736
15	20673	0	1	2	1	1	4	0	15	11	3	21	30720	736	3840	1	1	736
15	20674	0	1	2	1	1	4	0	15	11	3	21	30720	736	3840	1	1	736
15	20676	0	1	2	1	1	4	0	15	11	3	21	30720	736	3840	1	1	736
15	20680	0	1	2	1	1	4	0	15	11	3	21	30720	736	3840	1	1	736
15	20688	0	1	2	1	1	4	0	15	11	3	21	30720	736	3840	1	1	736
15	20704	0	1	2	1	1	4	0	15	11	3	21	30720	736	3840	1	1	736
15	20739	0	1	2	1	1	3	0	14	77	4	22	30720	704	3584	1	1	704
15	20741	0	1	2	1	1	3	0	14	77	4	22	30720	704	3584	1	1	704
15	20742	0	1	2	1	1	3	0	14	77	4	22	30720	704	3584	1	1	704
15	20745	0	1	2	1	1	3	0	14	77	4	22	30720	704	3584	1	1	704
15	20746	0	1	2	1	1	3	0	14	77	4	22	30720	704	3584	1	1	704
15	20748	0	1	2	1	1	3	0	14	77	4	22	30720	704	3584	1	1	704
15	20753	0	1	2	1	1	3	0	14	77	4	22	30720	704	3584	1	1	704
15	20754	0	1	2	1	1	3	0	14	77	4	22	30720	704	3584	1	1	704
15	20756	0	1	2	1	1	3	0	14	77	4	22	30720	704	3584	1	1	704
15	20760	0	1	2	1	1	3	0	14	77	4	22	30720	704	3584	1	1	704
15	20769	0	1	2	1	1	3	0	14	77	4	22	30720	704	3584	1	1	704
15	20770	0	1	2	1	1	3	0	14	77	4	22	30720	704	3584	1	1	704
15	20772	0	1	2	1	1	3	0	14	77	4	22	30720	704	3584	1	1	704
15	20776	0	1	2	1	1	3	0	14	77	4	22	30720	704	3584	1	1	704
15	20784	0	1	2	1	1	3	0	14	77	4	22	30720	704	3584	1	1	704
15	20801	0	1	2	1	1	3	0	14	77	4	22	30720	704	3584	1	1	704
15	20802	0	1	2	1	1	3	0	14	77	4	22	30720	704	3584	1	1	704
15	20804	0	1	2	1	1	3	0	14	77	4	22	30720	704	3584	1	1	704
15	20808	0	1	2	1	1	3	0	14	77	4	22	30720	704	3584	1	1	704
15	20816	0	1	2	1	1	3	0	14	77	4	22	30720	704	3584	1	1	704
15	20832	0	1	2	1	1	3	0	14	77	4	22	30720	704	3584	1	1	704
15	20865	0	1	2	1	1	3	0	14	77	4	22	30720	704	3584	1	1	704
15	20866	0	1	2	1	1	3	0	14	77	4	22	30720	704	3584	1	1	704
15	20868	0	1	2	1	1	3	0	14	77	4	22	30720	704	3584	1	1	704
15	20872	0	1	2	1	1	3	0	14	77	4	22	30720	704	3584	1	1	704
15	20880	0	1	2	1	1	3	0	14	77	4	22	30720	704	3584	1	1	704
15	20896	0	1	2	1	1	3	0	14	77	4	22	30720	704	3584	1	1	704
15	20928	0	1	2	1	1	3	0	14	77	4	22	30720	704	3584	1	1	704
15	20995	0	1	2	1	1	3	0	14	77	4	22	30720	704	3328	1	1	704
15	20997	0	1	2	1	1	3	0	14	77	4	22	30720	704	3328	1	1	704
15	20998	0	1	2	1	1	3	0	14	77	4	22	30720	704	3328	1	1	704
15	21001	0	1	2	1	1	3	0	14	77	4	22	30720	704	3328	1	1	704
15	21002	0	1	2	1	1	3	0	14	77	4	22	30720	704	3328	1	1	704
15	21004	0	1	2	1	1	3	0	14	77	4	22	30720	704	3328	1	1	704
15	21009	0	1	2	1	1	3	0	14	77	4	22	30720	704	3328	1	1	704
15	21010	0	1	2	1	1	3	0	14	77	4	22	30720	704	3328	1	1	704
15	21012	0	1	2	1	1	3	0	14	77	4	22	30720	704	3328	1	1	704
15	21016	0	1	2	1	1	3	0	14	77	4	22	30720	704	3328	1	1	704
15	21025	0	1	2	1	1	3	0	14	77	4	22	30720	704	3328	1	1	704
15	21026	0	1	2	1	1	3	0	14	77	4	22	30720	704	3328	1	1	704
15	21028	0	1	2	1	1	3	0	14	77	4	22	30720	704	3328	1	1	704
15	21032	0	1	2	1	1	3	0	14	77	4	22	30720	704	3328	1	1	704
15	21040	0	1	2	1	1	3	0	14	77	4	22	30720	704	3328	1	1	704
15	21057	0	1	2	1	1	3	0	14	77	4	22	30720	704	3328	1	1	704
15	21058	0	1	2	1	1	3	0	14	77	4	22	30720	704	3328	1	1	704
15	21060	0	1	2	1	1	3	0	14	77	4	22	30720	704	3328	1	1	704
15	21064	0	1	2	1	1	3	0	14	77	4	22	30720	704	3328	1	1	704
15	21072	0	1	2	1	1	3	0	14	77	4	22	30720	704	3328	1	1	704
15	21088	0	1	2	1	1	3	0	14	77	4	22	30720	704	3328	1	1	704
15	21121	0	1	2	1	1	3	0	14	77	4	22	30720	704	3328	1	1	704
15	21122	0	1	2	1	1	3	0	14	77	4	22	30720	704	3328	1	1	704
15	21124	0	1	2	1	1	3	0	14	77	4	22	30720	704	3328	1	1	704
15	21128	0	1	2	1	1	3	0	14	77	4	22	30720	704	3328	1	1	704
15	21136	0	1	2	1	1	3	0	14	77	4	22	30720	704	3328	1	1	704
15	21152	0	1	2	1	1	3	0	14	77	4	22	30720	704	3328	1	1	704
15	21184	0	1	2	1	1	3	0	14	77	4	22	30720	704	3328	1	1	704
15	21249	0	1	2	1	1	2	0	13	94	5	23	30720	640	3072	1	1	640
15	21250	0	1	2	1	1	2	0	13	94	5	23	30720	640	3072	1	1	640
15	21252	0	1	2	1	1	2	0	13	94	5	23	30720	640	3072	1	1	640
15	21256	0	1	2	1	1	2	0	13	94	5	23	30720	640	3072	1	1	640
15	21264	0	1	2	1	1	2	0	13	94	5	23	30720	640	3072	1	1	640
15	21280	0	1	2	1	1	2	0	13	94	5	23	30720	640	3072	1	1	640
15	21312	0	1	2	1	1	2	0	13	94	5	23	30720	640	3072	1	1	640
15	21376	0	1	2	1	1	2	0	13	94	5	23	30720	640	3072	1	1	640
15	21507	0	1	2	1	1	3	0	14	77	4	22	30720	704	2816	1	1	704
15	21509	0	1	2	1	1	3	0	14	77	4	22	30720	704	2816	1	1	704
15	21510	0	1	2	1	1	3	0	14	77	4	22	30720	704	2816	1	1	704
15	21513	0	1	2	1	1	3	0	14	77	4	22	30720	704	2816	1	1	704
15	21514	0	1	2	1	1	3	0	14	77	4	22	30720	704	2816	1	1	704
15	21516	0	1	2	1	1	3	0	14	77	4	22	30720	704	2816	1	1	704
15	21521	0	1	2	1	1	3	0	14	77	4	22	30720	704	2816	1	1	704
15	21522	0	1	2	1	1	3	0	14	77	4	22	30720	704	2816	1	1	704
15	21524	0	1	2	1	1	3	0	14	77	4	22	30720	704	2816	1	1	704
15	21528	0	1	2	1	1	3	0	14	77	4	22	30720	704	2816	1	1	704
15	21537	0	1	2	1	1	3	0	14	77	4	22	30720	704	2816	1	1	704
15	21538	0	1	2	1	1	3	0	14	77	4	22	30720	704	2816	1	1	704
15	21540	0	1	2	1	1	3	0	14	77	4	22	30720	704	2816	1	1	704
15	21544	0	1	2	1	1	3	0	14	77	4	22	30720	704	2816	1	1	704
15	21552	0	1	2	1	1	3	0	14	77	4	22	30720	704	2816	1	1	704
15	21569	0	1	2	1	1	3	0	14	77	4	22	30720	704	2816	1	1	704
15	21570	0	1	2	1	1	3	0	14	77	4	22	30720	704	2816	1	1	704
15	21572	0	1	2	1	1	3	0	14	77	4	22	30720	704	2816	1	1	704
15	21576	0	1	2	1	1	3	0	14	77	4	22	30720	704	2816	1	1	704
15	21584	0	1	2	1	1	3	0	14	77	4	22	30720	704	2816	1	1	704
15	21600	0	1	2	1	1	3	0	14	77	4	22	30720	704	2816	1	1	704
15	21633	0	1	2	1	1	3	0	14	77	4	22	30720	704	2816	1	1	704
15	21634	0	1	2	1	1	3	0	14	77	4	22	30720	704	2816	1	1	704
15	21636	0	1	2	1	1	3	0	14	77	4	22	30720	704	2816	1	1	704
15	21640	0	1	2	1	1	3	0	14	77	4	22	30720	704	2816	1	1	704
15	21648	0	1	2	1	1	3	0	14	77	4	22	30720	704	2816	1	1	704
15	21664	0	1	2	1	1	3	0	14	77	4	22	30720	704	2816	1	1	704
15	21696	0	1	2	1	1	3	0	14	77	4	22	30720	704	2816	1	1	704
15	21761	0	1	2	1	1	2	0	13	94	5	23	30720	640	2560	1	1	640
15	21762	0	1	2	1	1	2	0	13	94	5	23	30720	640	2560	1	1	640
15	21764	0	1	2	1	1	2	0	13	94	5	23	30720	640	2560	1	1	640
15	21768	0	1	2	1	1	2	0	13	94	5	23	30720	640	2560	1	1	640
15	21776	0	1	2	1	1	2	0	13	94	5	23	30720	640	2560	1	1	640
15	21792	0	1	2	1	1	2	0	13	94	5	23	30720	640	2560	1	1	640
15	21824	0	1	2	1	1	2	0	13	94	5	23	30720	640	2560	1	1	640
15	21888	0	1	2	1	1	2	0	13	94	5	23	30720	640	2560	1	1	640
15	22017	0	1	2	1	1	2	0	13	94	5	23	30720	640	2304	1	1	640
15	22018	0	1	2	1	1	2	0	13	94	5	23	30720	640	2304	1	1	640
15	22020	0	1	2	1	1	2	0	13	94	5	23	30720	640	2304	1	1	640
15	22024	0	1	2	1	1	2	0	13	94	5	23	30720	640	2304	1	1	640
15	22032	0	1	2	1	1	2	0	13	94	5	23	30720	640	2304	1	1	640
15	22048	0	1	2	1	1	2	0	13	94	5	23	30720	640	2304	1	1	640
15	22080	0	1	2	1	1	2	0	13	94	5	23	30720	640	2304	1	1	640
15	22144	0	1	2	1	1	2	0	13	94	5	23	30720	640	2304	1	1	640
15	22272	0	1	2	1	1	1	0	12	222	6	24	30720	512	2048	1	1	512
15	22531	0	8	2	1	0	0	1	19	3	2	23	30720	512	0	2	0	512,576,640,704,768,832,896,960
15	22533	0	8	2	1	0	0	1	19	3	2	23	30720	512	0	2	0	512,576,640,704,768,832,896,960
15	22534	0	8	2	1	0	0	1	19	3	2	23	30720	512	0	2	0	512,576,640,704,768,832,896,960
15	22537	0	8	2	1	0	0	1	19	3	2	23	30720	512	0	2	0	512,576,640,704,768,832,896,960
15	22538	0	8	2	1	0	0	1	19	3	2	23	30720	512	0	2	0	512,576,640,704,768,832,896,960
15	22540	0	8	2	1	0	0	1	19	3	2	23	30720	512	0	2	0	512,576,640,704,768,832,896,960
15	22545	0	8	2	1	0	0	1	19	3	2	23	30720	512	0	2	0	512,576,640,704,768,832,896,960
15	22546	0	8	2	1	0	0	1	19	3	2	23	30720	512	0	2	0	512,576,640,704,768,832,896,960
15	22548	0	8	2	1	0	0	1	19	3	2	23	30720	512	0	2	0	512,576,640,704,768,832,896,960
15	22552	0	8	2	1	0	0	1	19	3	2	23	30720	512	0	2	0	512,576,640,704,768,832,896,960
15	22561	0	8	2	1	0	0	1	19	3	2	23	30720	512	0	2	0	512,576,640,704,768,832,896,960
15	22562	0	8	2	1	0	0	1	19	3	2	23	30720	512	0	2	0	512,576,640,704,768,832,896,960
15	22564	0	8	2	1	0	0	1	19	3	2	23	30720	512	0	2	0	512,576,640,704,768,832,896,960
15	22568	0	8	2	1	0	0	1	19	3	2	23	30720	512	0	2	0	512,576,640,704,768,832,896,960
15	22576	0	8	2	1	0	0	1	19	3	2	23	30720	512	0	2	0	512,576,640,704,768,832,896,960
15	22593	0	8	2	1	0	0	1	19	3	2	23	30720	512	0	2	0	512,576,640,704,768,832,896,960
15	22594	0	8	2	1	0	0	1	19	3	2	23	30720	512	0	2	0	512,576,640,704,768,832,896,960
15	22596	0	8	2	1	0	0	1	19	3	2	23	30720	512	0	2	0	512,576,640,704,768,832,896,960
15	22600	0	8	2	1	0	0	1	19	3	2	23	30720	512	0	2	0	512,576,640,704,768,832,896,960
15	22608	0	8	2	1	0	0	1	19	3	2	23	30720	512	0	2	0	512,576,640,704,768,832,896,960
15	22624	0	8	2	1	0	0	1	19	3	2	23	30720	512	0	2	0	512,576,640,704,768,832,896,960
15	22657	0	8	2	1	0	0	1	19	3	2	23	30720	512	0	2	0	512,576,640,704,768,832,896,960
15	22658	0	8	2	1	0	0	1	19	3	2	23	30720	512	0	2	0	512,576,640,704,768,832,896,960
15	22660	0	8	2	1	0	0	1	19	3	2	23	30720	512	0	2	0	512,576,640,704,768,832,896,960
15	22664	0	8	2	1	0	0	1	19	3	2	23	30720	512	0	2	0	512,576,640,704,768,832,896,960
15	22672	0	8	2	1	0	0	1	19	3	2	23	30720	512	0	2	0	512,576,640,704,768,832,896,960
15	22688	0	8	2	1	0	0	1	19	3	2	23	30720	512	0	2	0	512,576,640,704,768,832,896,960
15	22720	0	8	2	1	0	0	1	19	3	2	23	30720	512	0	2	0	512,576,640,704,768,832,896,960
15	22785	0	4	2	1	0	0	1	16	77	4	24	30720	512	0	2	0	512,640,768,896
15	22786	0	4	2	1	0	0	1	16	77	4	24	30720	512	0	2	0	512,640,768,896
15	22788	0	4	2	1	0	0	1	16	77	4	24	30720	512	0	2	0	512,640,768,896
15	22792	0	4	2	1	0	0	1	16	77	4	24	30720	512	0	2	0	512,640,768,896
15	22800	0	4	2	1	0	0	1	16	77	4	24	30720	512	0	2	0	512,640,768,896
15	22816	0	4	2	1	0	0	1	16	77	4	24	30720	512	0	2	0	512,640,768,896
15	22848	0	4	2	1	0	0	1	16	77	4	24	30720	512	0	2	0	512,640,768,896
15	22912	0	4	2	1	0	0	1	16	77	4	24	30720	512	0	2	0	512,640,768,896
15	23041	0	4	2	1	0	0	1	16	77	4	24	30720	512	0	2	0	512,640,768,896
15	23042	0	4	2	1	0	0	1	16	77	4	24	30720	512	0	2	0	512,640,768,896
15	23044	0	4	2	1	0	0	1	16	77	4	24	30720	512	0	2	0	512,640,768,896
15	23048	0	4	2	1	0	0	1	16	77	4	24	30720	512	0	2	0	512,640,768,896
15	23056	0	4	2	1	0	0	1	16	77	4	24	30720	512	0	2	0	512,640,768,896
15	23072	0	4	2	1	0	0	1	16	77	4	24	30720	512	0	2	0	512,640,768,896
15	23104	0	4	2	1	0	0	1	16	77	4	24	30720	512	0	2	0	512,640,768,896
15	23168	0	4	2	1	0	0	1	16	77	4	24	30720	512	0	2	0	512,640,768,896
15	23296	0	2	2	1	0	0	1	13	222	6	25	30720	512	0	2	0	512,768
15	23553	0	4	2	1	0	0	1	16	77	4	24	30720	512	0	2	0	512,640,768,896
15	23554	0	4	2	1	0	0	1	16	77	4	24	30720	512	0	2	0	512,640,768,896
15	23556	0	4	2	1	0	0	1	16	77	4	24	30720	512	0	2	0	512,640,768,896
15	23560	0	4	2	1	0	0	1	16	77	4	24	30720	512	0	2	0	512,640,768,896
15	23568	0	4	2	1	0	0	1	16	77	4	24	30720	512	0	2	0	512,640,768,896
15	23584	0	4	2	1	0	0	1	16	77	4	24	30720	512	0	2	0	512,640,768,896
15	23616	0	4	2	1	0	0	1	16	77	4	24	30720	512	0	2	0	512,640,768,896
15	23680	0	4	2	1	0	0	1	16	77	4	24	30720	512	0	2	0	512,640,768,896
15	23808	0	2	2	1	0	0	1	13	222	6	25	30720	512	0	2	0	512,768
15	24064	0	2	2	1	0	0	1	13	222	6	25	30720	512	0	2	0	512,768
15	24583	0	32	2	1	0	0	1	15	222	6	27	30720	768	0	2	0	224,226,228,230,232,234,236,238,240,242,244,246,248,250,252,254,768,770,772,774,776,778,780,782,784,786,788,790,792,794,796,798
15	24587	0	32	2	1	0	0	1	15	222	6	27	30720	768	0	2	0	224,226,228,230,232,234,236,238,240,242,244,246,248,250,252,254,768,770,772,774,776,778,780,782,784,786,788,790,792,794,796,798
15	24589	0	32	2	1	0	0	1	15	222	6	27	30720	768	0	2	0	224,226,228,230,232,234,236,238,240,242,244,246,248,250,252,254,768,770,772,774,776,778,780,782,784,786,788,790,792,794,796,798
15	24590	0	32	2	1	0	0	1	15	222	6	27	30720	768	0	2	0	224,226,228,230,232,234,236,238,240,242,244,246,248,250,252,254,768,770,772,774,776,778,780,782,784,786,788,790,792,794,796,798
15	24595	0	32	2	1	0	0	1	15	222	6	27	30720	768	0	2	0	224,226,228,230,232,234,236,238,240,242,244,246,248,250,252,254,768,770,772,774,776,778,780,782,784,786,788,790,792,794,796,798
15	24597	0	32	2	1	0	0	1	15	222	6	27	30720	768	0	2	0	224,226,228,230,232,234,236,238,240,242,244,246,248,250,252,254,768,770,772,774,776,778,780,782,784,786,788,790,792,794,796,798
15	24598	0	32	2	1	0	0	1	15	222	6	27	30720	768	0	2	0	224,226,228,230,232,234,236,238,240,242,244,246,248,250,252,254,768,770,772,774,776,778,780,782,784,786,788,790,792,794,796,798
15	24601	0	32	2	1	0	0	1	15	222	6	27	30720	768	0	2	0	224,226,228,230,232,234,236,238,240,242,244,246,248,250,252,254,768,770,772,774,776,778,780,782,784,786,788,790,792,794,796,798
15	24602	0	32	2	1	0	0	1	15	222	6	27	30720	768	0	2	0	224,226,228,230,232,234,236,238,240,242,244,246,248,250,252,254,768,770,772,774,776,778,780,782,784,786,788,790,792,794,796,798
15	24604	0	32	2	1	0	0	1	15	222	6	27	30720	768	0	2	0	224,226,228,230,232,234,236,238,240,242,244,246,248,250,252,254,768,770,772,774,776,778,780,782,784,786,788,790,792,794,796,798
15	24611	0	32	2	1	0	0	1	15	222	6	27	30720	768	0	2	0	224,226,228,230,232,234,236,238,240,242,244,246,248,250,252,254,768,770,772,774,776,778,780,782,784,786,788,790,792,794,796,798
15	24613	0	32	2	1	0	0	1	15	222	6	27	30720	768	0	2	0	224,226,228,230,232,234,236,238,240,242,244,246,248,250,252,254,768,770,772,774,776,778,780,782,784,786,788,790,792,794,796,798
15	24614	0	32	2	1	0	0	1	15	222	6	27	30720	768	0	2	0	224,226,228,230,232,234,236,238,240,242,244,246,248,250,252,254,768,770,772,774,776,778,780,782,784,786,788,790,792,794,796,798
15	24617	0	32	2	1	0	0	1	15	222	6	27	30720	768	0	2	0	224,226,228,230,232,234,236,238,240,242,244,246,248,250,252,254,768,770,772,774,776,778,780,782,784,786,788,790,792,794,796,798
15	24618	0	32	2	1	0	0	1	15	222	6	27	30720	768	0	2	0	224,226,228,230,232,234,236,238,240,242,244,246,248,250,252,254,768,770,772,774,776,778,780,782,784,786,788,790,792,794,796,798
15	24620	0	32	2	1	0	0	1	15	222	6	27	30720	768	0	2	0	224,226,228,230,232,234,236,238,240,242,244,246,248,250,252,254,768,770,772,774,776,778,780,782,784,786,788,790,792,794,796,798
15	24625	0	32	2	1	0	0	1	15	222	6	27	30720	768	0	2	0	224,226,228,230,232,234,236,238,240,242,244,246,248,250,252,254,768,770,772,774,776,778,780,782,784,786,788,790,792,794,796,798
15	24626	0	32	2	1	0	0	1	15	222	6	27	30720	768	0	2	0	224,226,228,230,232,234,236,238,240,242,244,246,248,250,252,254,768,770,772,774,776,778,780,782,784,786,788,790,792,794,796,798
15	24628	0	32	2	1	0	0	1	15	222	6	27	30720	768	0	2	0	224,226,228,230,232,234,236,238,240,242,244,246,248,250,252,254,768,770,772,774,776,778,780,782,784,786,788,790,792,794,796,798
15	24632	0	32	2	1	0	0	1	15	222	6	27	30720	768	0	2	0	224,226,228,230,232,234,236,238,240,242,244,246,248,250,252,254,768,770,772,774,776,778,780,782,784,786,788,790,792,794,796,798
15	24643	0	32	2	1	0	0	1	15	222	6	27	30720	768	0	2	0	224,226,228,230,232,234,236,238,240,242,244,246,248,250,252,254,768,770,772,774,776,778,780,782,784,786,788,790,792,794,796,798
15	24645	0	32	2	1	0	0	1	15	222	6	27	30720	768	0	2	0	224,226,228,230,232,234,236,238,240,242,244,246,248,250,252,254,768,770,772,774,776,778,780,782,784,786,788,790,792,794,796,798
15	24646	0	32	2	1	0	0	1	15	222	6	27	30720	768	0	2	0	224,226,228,230,232,234,236,238,240,242,244,246,248,250,252,254,768,770,772,774,776,778,780,782,784,786,788,790,792,794,796,798
15	24649	0	32	2	1	0	0	1	15	222	6	27	30720	768	0	2	0	224,226,228,230,232,234,236,238,240,242,244,246,248,250,252,254,768,770,772,774,776,778,780,782,784,786,788,790,792,794,796,798
15	24650	0	32	2	1	0	0	1	15	222	6	27	30720	768	0	2	0	224,226,228,230,232,234,236,238,240,242,244,246,248,250,252,254,768,770,772,774,776,778,780,782,784,786,788,790,792,794,796,798
15	24652	0	32	2	1	0	0	1	15	222	6	27	30720	768	0	2	0	224,226,228,230,232,234,236,238,240,242,244,246,248,250,252,254,768,770,772,774,776,778,780,782,784,786,788,790,792,794,796,798
15	24657	0	32	2	1	0	0	1	15	222	6	27	30720	768	0	2	0	224,226,228,230,232,234,236,238,240,242,244,246,248,250,252,254,768,770,772,774,776,778,780,782,784,786,788,790,792,794,796,798
15	24658	0	32	2	1	0	0	1	15	222	6	27	30720	768	0	2	0	224,226,228,230,232,234,236,238,240,242,244,246,248,250,252,254,768,770,772,774,776,778,780,782,784,786,788,790,792,794,796,798
15	24660	0	32	2	1	0	0	1	15	222	6	27	30720	768	0	2	0	224,226,228,230,232,234,236,238,240,242,244,246,248,250,252,254,768,770,772,774,776,778,780,782,784,786,788,790,792,794,796,798
15	24664	0	32	2	1	0	0	1	15	222	6	27	30720	768	0	2	0	224,226,228,230,232,234,236,238,240,242,244,246,248,250,252,254,768,770,772,774,776,778,780,782,784,786,788,790,792,794,796,798
15	24673	0	32	2	1	0	0	1	15	222	6	27	30720	768	0	2	0	224,226,228,230,232,234,236,238,240,242,244,246,248,250,252,254,768,770,772,774,776,778,780,782,784,786,788,790,792,794,796,798
15	24674	0	32	2	1	0	0	1	15	222	6	27	30720	768	0	2	0	224,226,228,230,232,234,236,238,240,242,244,246,248,250,252,254,768,770,772,774,776,778,780,782,784,786,788,790,792,794,796,798
15	24676	0	32	2	1	0	0	1	15	222	6	27	30720	768	0	2	0	224,226,228,230,232,234,236,238,240,242,244,246,248,250,252,254,768,770,772,774,776,778,780,782,784,786,788,790,792,794,796,798
15	24680	0	32	2	1	0	0	1	15	222	6	27	30720	768	0	2	0	224,226,228,230,232,234,236,238,240,242,244,246,248,250,252,254,768,770,772,774,776,778,780,782,784,786,788,790,792,794,796,798
15	24688	0	32	2	1	0	0	1	15	222	6	27	30720	768	0	2	0	224,226,228,230,232,234,236,238,240,242,244,246,248,250,252,254,768,770,772,774,776,778,780,782,784,786,788,790,792,794,796,798
15	24707	0	32	2	1	0	0	1	15	222	6	27	30720	768	0	2	0	224,226,228,230,232,234,236,238,240,242,244,246,248,250,252,254,768,770,772,774,776,778,780,782,784,786,788,790,792,794,796,798
15	24709	0	32	2	1	0	0	1	15	222	6	27	30720	768	0	2	0	224,226,228,230,232,234,236,238,240,242,244,246,248,250,252,254,768,770,772,774,776,778,780,782,784,786,788,790,792,794,796,798
15	24710	0	32	2	1	0	0	1	15	222	6	27	30720	768	0	2	0	224,226,228,230,232,234,236,238,240,242,244,246,248,250,252,254,768,770,772,774,776,778,780,782,784,786,788,790,792,794,796,798
15	24713	0	32	2	1	0	0	1	15	222	6	27	30720	768	0	2	0	224,226,228,230,232,234,236,238,240,242,244,246,248,250,252,254,768,770,772,774,776,778,780,782,784,786,788,790,792,794,796,798
15	24714	0	32	2	1	0	0	1	15	222	6	27	30720	768	0	2	0	224,226,228,230,232,234,236,238,240,242,244,246,248,250,252,254,768,770,772,774,776,778,780,782,784,786,788,790,792,794,796,798
15	24716	0	32	2	1	0	0	1	15	222	6	27	30720	768	0	2	0	224,226,228,230,232,234,236,238,240,242,244,246,248,250,252,254,768,770,772,774,776,778,780,782,784,786,788,790,792,794,796,798
15	24721	0	32	2	1	0	0	1	15	222	6	27	30720	768	0	2	0	224,226,228,230,232,234,236,238,240,242,244,246,248,250,252,254,768,770,772,774,776,778,780,782,784,786,788,790,792,794,796,798
15	24722	0	32	2	1	0	0	1	15	222	6	27	30720	768	0	2	0	224,226,228,230,232,234,236,238,240,242,244,246,248,250,252,254,768,770,772,774,776,778,780,782,784,786,788,790,792,794,796,798
15	24724	0	32	2	1	0	0	1	15	222	6	27	30720	768	0	2	0	224,226,228,230,232,234,236,238,240,242,244,246,248,250,252,254,768,770,772,774,776,778,780,782,784,786,788,790,792,794,796,798
15	24728	0	32	2	1	0	0	1	15	222	6	27	30720	768	0	2	0	224,226,228,230,232,234,236,238,240,242,244,246,248,250,252,254,768,770,772,774,776,778,780,782,784,786,788,790,792,794,796,798
15	24737	0	32	2	1	0	0	1	15	222	6	27	30720	768	0	2	0	224,226,228,230,232,234,236,238,240,242,244,246,248,250,252,254,768,770,772,774,776,778,780,782,784,786,788,790,792,794,796,798
15	24738	0	32	2	1	0	0	1	15	222	6	27	30720	768	0	2	0	224,226,228,230,232,234,236,238,240,242,244,246,248,250,252,254,768,770,772,774,776,778,780,782,784,786,788,790,792,794,796,798
15	24740	0	32	2	1	0	0	1	15	222	6	27	30720	768	0	2	0	224,226,228,230,232,234,236,238,240,242,244,246,248,250,252,254,768,770,772,774,776,778,780,782,784,786,788,790,792,794,796,798
15	24744	0	32	2	1	0	0	1	15	222	6	27	30720	768	0	2	0	224,226,228,230,232,234,236,238,240,242,244,246,248,250,252,254,768,770,772,774,776,778,780,782,784,786,788,790,792,794,796,798
15	24752	0	32	2	1	0	0	1	15	222	6	27	30720	768	0	2	0	224,226,228,230,232,234,236,238,240,242,244,246,248,250,252,254,768,770,772,774,776,778,780,782,784,786,788,790,792,794,796,798
15	24769	0	32	2	1	0	0	1	15	222	6	27	30720	768	0	2	0	224,226,228,230,232,234,236,238,240,242,244,246,248,250,252,254,768,770,772,774,776,778,780,782,784,786,788,790,792,794,796,798
15	24770	0	32	2	1	0	0	1	15	222	6	27	30720	768	0	2	0	224,226,228,230,232,234,236,238,240,242,244,246,248,250,252,254,768,770,772,774,776,778,780,782,784,786,788,790,792,794,796,798
15	24772	0	32	2	1	0	0	1	15	222	6	27	30720	768	0	2	0	224,226,228,230,232,234,236,238,240,242,244,246,248,250,252,254,768,770,772,774,776,778,780,782,784,786,788,790,792,794,796,798
15	24776	0	32	2	1	0	0	1	15	222	6	27	30720	768	0	2	0	224,226,228,230,232,234,236,238,240,242,244,246,248,250,252,254,768,770,772,774,776,778,780,782,784,786,788,790,792,794,796,798
15	24784	0	32	2	1	0	0	1	15	222	6	27	30720	768	0	2	0	224,226,228,230,232,234,236,238,240,242,244,246,248,250,252,254,768,770,772,774,776,778,780,782,784,786,788,790,792,794,796,798
15	24800	0	32	2	1	0	0	1	15	222	6	27	30720	768	0	2	0	224,226,228,230,232,234,236,238,240,242,244,246,248,250,252,254,768,770,772,774,776,778,780,782,784,786,788,790,792,794,796,798
15	24835	0	64	2	1	0	0	1	18	94	5	28	30720	768	0	2	0	192,194,196,198,200,202,204,206,208,210,212,214,216,218,220,222,224,226,228,230,232,234,236,238,240,242,244,246,248,250,252,254,768,770,772,774,776,778,780,782,784,786,788,790,792,794,796,798,800,802,804,806,808,810,812,814,816,818,820,822,824,826,828,830
15	24837	0	64	2	1	0	0	1	18	94	5	28	30720	768	0	2	0	192,194,196,198,200,202,204,206,208,210,212,214,216,218,220,222,224,226,228,230,232,234,236,238,240,242,244,246,248,250,252,254,768,770,772,774,776,778,780,782,784,786,788,790,792,794,796,798,800,802,804,806,808,810,812,814,816,818,820,822,824,826,828,830
15	24838	0	64	2	1	0	0	1	18	94	5	28	30720	768	0	2	0	192,194,196,198,200,202,204,206,208,210,212,214,216,218,220,222,224,226,228,230,232,234,236,238,240,242,244,246,248,250,252,254,768,770,772,774,776,778,780,782,784,786,788,790,792,794,796,798,800,802,804,806,808,810,812,814,816,818,820,822,824,826,828,830
15	24841	0	64	2	1	0	0	1	18	94	5	28	30720	768	0	2	0	192,194,196,198,200,202,204,206,208,210,212,214,216,218,220,222,224,226,228,230,232,234,236,238,240,242,244,246,248,250,252,254,768,770,772,774,776,778,780,782,784,786,788,790,792,794,796,798,800,802,804,806,808,810,812,814,816,818,820,822,824,826,828,830
15	24842	0	64	2	1	0	0	1	18	94	5	28	30720	768	0	2	0	192,194,196,198,200,202,204,206,208,210,212,214,216,218,220,222,224,226,228,230,232,234,236,238,240,242,244,246,248,250,252,254,768,770,772,774,776,778,780,782,784,786,788,790,792,794,796,798,800,802,804,806,808,810,812,814,816,818,820,822,824,826,828,830
15	24844	0	64	2	1	0	0	1	18	94	5	28	30720	768	0	2	0	192,194,196,198,200,202,204,206,208,210,212,214,216,218,220,222,224,226,228,230,232,234,236,238,240,242,244,246,248,250,252,254,768,770,772,774,776,778,780,782,784,786,788,790,792,794,796,798,800,802,804,806,808,810,812,814,816,818,820,822,824,826,828,830
15	24849	0	64	2	1	0	0	1	18	94	5	28	30720	768	0	2	0	192,194,196,198,200,202,204,206,208,210,212,214,216,218,220,222,224,226,228,230,232,234,236,238,240,242,244,246,248,250,252,254,768,770,772,774,776,778,780,782,784,786,788,790,792,794,796,798,800,802,804,806,808,810,812,814,816,818,820,822,824,826,828,830
15	24850	0	64	2	1	0	0	1	18	94	5	28	30720	768	0	2	0	192,194,196,198,200,202,204,206,208,210,212,214,216,218,220,222,224,226,228,230,232,234,236,238,240,242,244,246,248,250,252,254,768,770,772,774,776,778,780,782,784,786,788,790,792,794,796,798,800,802,804,806,808,810,812,814,816,818,820,822,824,826,828,830
15	24852	0	64	2	1	0	0	1	18	94	5	28	30720	768	0	2	0	192,194,196,198,200,202,204,206,208,210,212,214,216,218,220,222,224,226,228,230,232,234,236,238,240,242,244,246,248,250,252,254,768,770,772,774,776,778,780,782,784,786,788,790,792,794,796,798,800,802,804,806,808,810,812,814,816,818,820,822,824,826,828,830
15	24856	0	64	2	1	0	0	1	18	94	5	28	30720	768	0	2	0	192,194,196,198,200,202,204,206,208,210,212,214,216,218,220,222,224,226,228,230,232,234,236,238,240,242,244,246,248,250,252,254,768,770,772,774,776,778,780,782,784,786,788,790,792,794,796,798,800,802,804,806,808,810,812,814,816,818,820,822,824,826,828,830
15	24865	0	64	2	1	0	0	1	18	94	5	28	30720	768	0	2	0	192,194,196,198,200,202,204,206,208,210,212,214,216,218,220,222,224,226,228,230,232,234,236,238,240,242,244,246,248,250,252,254,768,770,772,774,776,778,780,782,784,786,788,790,792,794,796,798,800,802,804,806,808,810,812,814,816,818,820,822,824,826,828,830
15	24866	0	64	2	1	0	0	1	18	94	5	28	30720	768	0	2	0	192,194,196,198,200,202,204,206,208,210,212,214,216,218,220,222,224,226,228,230,232,234,236,238,240,242,244,246,248,250,252,254,768,770,772,774,776,778,780,782,784,786,788,790,792,794,796,798,800,802,804,806,808,810,812,814,816,818,820,822,824,826,828,830
15	24868	0	64	2	1	0	0	1	18	94	5	28	30720	768	0	2	0	192,194,196,198,200,202,204,206,208,210,212,214,216,218,220,222,224,226,228,230,232,234,236,238,240,242,244,246,248,250,252,254,768,770,772,774,776,778,780,782,784,786,788,790,792,794,796,798,800,802,804,806,808,810,812,814,816,818,820,822,824,826,828,830
15	24872	0	64	2	1	0	0	1	18	94	5	28	30720	768	0	2	0	192,194,196,198,200,202,204,206,208,210,212,214,216,218,220,222,224,226,228,230,232,234,236,238,240,242,244,246,248,250,252,254,768,770,772,774,776,778,780,782,784,786,788,790,792,794,796,798,800,802,804,806,808,810,812,814,816,818,820,822,824,826,828,830
15	24880	0	64	2	1	0	0	1	18	94	5	28	30720	768	0	2	0	192,194,196,198,200,202,204,206,208,210,212,214,216,218,220,222,224,226,228,230,232,234,236,238,240,242,244,246,248,250,252,254,768,770,772,774,776,778,780,782,784,786,788,790,792,794,796,798,800,802,804,806,808,810,812,814,816,818,820,822,824,826,828,830
15	24897	0	64	2	1	0	0	1	18	94	5	28	30720	768	0	2	0	192,194,196,198,200,202,204,206,208,210,212,214,216,218,220,222,224,226,228,230,232,234,236,238,240,242,244,246,248,250,252,254,768,770,772,774,776,778,780,782,784,786,788,790,792,794,796,798,800,802,804,806,808,810,812,814,816,818,820,822,824,826,828,830
15	24898	0	64	2	1	0	0	1	18	94	5	28	30720	768	0	2	0	192,194,196,198,200,202,204,206,208,210,212,214,216,218,220,222,224,226,228,230,232,234,236,238,240,242,244,246,248,250,252,254,768,770,772,774,776,778,780,782,784,786,788,790,792,794,796,798,800,802,804,806,808,810,812,814,816,818,820,822,824,826,828,830
15	24900	0	64	2	1	0	0	1	18	94	5	28	30720	768	0	2	0	192,194,196,198,200,202,204,206,208,210,212,214,216,218,220,222,224,226,228,230,232,234,236,238,240,242,244,246,248,250,252,254,768,770,772,774,776,778,780,782,784,786,788,790,792,794,796,798,800,802,804,806,808,810,812,814,816,818,820,822,824,826,828,830
15	24904	0	64	2	1	0	0	1	18	94	5	28	30720	768	0	2	0	192,194,196,198,200,202,204,206,208,210,212,214,216,218,220,222,224,226,228,230,232,234,236,238,240,242,244,246,248,250,252,254,768,770,772,774,776,778,780,782,784,786,788,790,792,794,796,798,800,802,804,806,808,810,812,814,816,818,820,822,824,826,828,830
15	24912	0	64	2	1	0	0	1	18	94	5	28	30720	768	0	2	0	192,194,196,198,200,202,204,206,208,210,212,214,216,218,220,222,224,226,228,230,232,234,236,238,240,242,244,246,248,250,252,254,768,770,772,774,776,778,780,782,784,786,788,790,792,794,796,798,800,802,804,806,808,810,812,814,816,818,820,822,824,826,828,830
15	24928	0	64	2	1	0	0	1	18	94	5	28	30720	768	0	2	0	192,194,196,198,200,202,204,206,208,210,212,214,216,218,220,222,224,226,228,230,232,234,236,238,240,242,244,246,248,250,252,254,768,770,772,774,776,778,780,782,784,786,788,790,792,794,796,798,800,802,804,806,808,810,812,814,816,818,820,822,824,826,828,830
15	24961	0	64	2	1	0	0	1	18	94	5	28	30720	768	0	2	0	192,194,196,198,200,202,204,206,208,210,212,214,216,218,220,222,224,226,228,230,232,234,236,238,240,242,244,246,248,250,252,254,768,770,772,774,776,778,780,782,784,786,788,790,792,794,796,798,800,802,804,806,808,810,812,814,816,818,820,822,824,826,828,830
15	24962	0	64	2	1	0	0	1	18	94	5	28	30720	768	0	2	0	192,194,196,198,200,202,204,206,208,210,212,214,216,218,220,222,224,226,228,230,232,234,236,238,240,242,244,246,248,250,252,254,768,770,772,774,776,778,780,782,784,786,788,790,792,794,796,798,800,802,804,806,808,810,812,814,816,818,820,822,824,826,828,830
15	24964	0	64	2	1	0	0	1	18	94	5	28	30720	768	0	2	0	192,194,196,198,200,202,204,206,208,210,212,214,216,218,220,222,224,226,228,230,232,234,236,238,240,242,244,246,248,250,252,254,768,770,772,774,776,778,780,782,784,786,788,790,792,794,796,798,800,802,804,806,808,810,812,814,816,818,820,822,824,826,828,830
15	24968	0	64	2	1	0	0	1	18	94	5	28	30720	768	0	2	0	192,194,196,198,200,202,204,206,208,210,212,214,216,218,220,222,224,226,228,230,232,234,236,238,240,242,244,246,248,250,252,254,768,770,772,774,776,778,780,782,784,786,788,790,792,794,796,798,800,802,804,806,808,810,812,814,816,818,820,822,824,826,828,830
15	24976	0	64	2	1	0	0	1	18	94	5	28	30720	768	0	2	0	192,194,196,198,200,202,204,206,208,210,212,214,216,218,220,222,224,226,228,230,232,234,236,238,240,242,244,246,248,250,252,254,768,770,772,774,776,778,780,782,784,786,788,790,792,794,796,798,800,802,804,806,808,810,812,814,816,818,820,822,824,826,828,830
15	24992	0	64	2	1	0	0	1	18	94	5	28	30720	768	0	2	0	192,194,196,198,200,202,204,206,208,210,212,214,216,218,220,222,224,226,228,230,232,234,236,238,240,242,244,246,248,250,252,254,768,770,772,774,776,778,780,782,784,786,788,790,792,794,796,798,800,802,804,806,808,810,812,814,816,818,820,822,824,826,828,830
15	25024	0	64	2	1	0	0	1	18	94	5	28	30720	768	0	2	0	192,194,196,198,200,202,204,206,208,210,212,214,216,218,220,222,224,226,228,230,232,234,236,238,240,242,244,246,248,250,252,254,768,770,772,774,776,778,780,782,784,786,788,790,792,794,796,798,800,802,804,806,808,810,812,814,816,818,820,822,824,826,828,830
15	25091	0	64	2	1	0	0	1	18	94	5	28	30720	768	0	2	0	192,194,196,198,200,202,204,206,208,210,212,214,216,218,220,222,224,226,228,230,232,234,236,238,240,242,244,246,248,250,252,254,768,770,772,774,776,778,780,782,784,786,788,790,792,794,796,798,800,802,804,806,808,810,812,814,816,818,820,822,824,826,828,830
15	25093	0	64	2	1	0	0	1	18	94	5	28	30720	768	0	2	0	192,194,196,198,200,202,204,206,208,210,212,214,216,218,220,222,224,226,228,230,232,234,236,238,240,242,244,246,248,250,252,254,768,770,772,774,776,778,780,782,784,786,788,790,792,794,796,798,800,802,804,806,808,810,812,814,816,818,820,822,824,826,828,830
15	25094	0	64	2	1	0	0	1	18	94	5	28	30720	768	0	2	0	192,194,196,198,200,202,204,206,208,210,212,214,216,218,220,222,224,226,228,230,232,234,236,238,240,242,244,246,248,250,252,254,768,770,772,774,776,778,780,782,784,786,788,790,792,794,796,798,800,802,804,806,808,810,812,814,816,818,820,822,824,826,828,830
15	25097	0	64	2	1	0	0	1	18	94	5	28	30720	768	0	2	0	192,194,196,198,200,202,204,206,208,210,212,214,216,218,220,222,224,226,228,230,232,234,236,238,240,242,244,246,248,250,252,254,768,770,772,774,776,778,780,782,784,786,788,790,792,794,796,798,800,802,804,806,808,810,812,814,816,818,820,822,824,826,828,830
15	25098	0	64	2	1	0	0	1	18	94	5	28	30720	768	0	2	0	192,194,196,198,200,202,204,206,208,210,212,214,216,218,220,222,224,226,228,230,232,234,236,238,240,242,244,246,248,250,252,254,768,770,772,774,776,778,780,782,784,786,788,790,792,794,796,798,800,802,804,806,808,810,812,814,816,818,820,822,824,826,828,830
15	25100	0	64	2	1	0	0	1	18	94	5	28	30720	768	0	2	0	192,194,196,198,200,202,204,206,208,210,212,214,216,218,220,222,224,226,228,230,232,234,236,238,240,242,244,246,248,250,252,254,768,770,772,774,776,778,780,782,784,786,788,790,792,794,796,798,800,802,804,806,808,810,812,814,816,818,820,822,824,826,828,830
15	25105	0	64	2	1	0	0	1	18	94	5	28	30720	768	0	2	0	192,194,196,198,200,202,204,206,208,210,212,214,216,218,220,222,224,226,228,230,232,234,236,238,240,242,244,246,248,250,252,254,768,770,772,774,776,778,780,782,784,786,788,790,792,794,796,798,800,802,804,806,808,810,812,814,816,818,820,822,824,826,828,830
15	25106	0	64	2	1	0	0	1	18	94	5	28	30720	768	0	2	0	192,194,196,198,200,202,204,206,208,210,212,214,216,218,220,222,224,226,228,230,232,234,236,238,240,242,244,246,248,250,252,254,768,770,772,774,776,778,780,782,784,786,788,790,792,794,796,798,800,802,804,806,808,810,812,814,816,818,820,822,824,826,828,830
15	25108	0	64	2	1	0	0	1	18	94	5	28	30720	768	0	2	0	192,194,196,198,200,202,204,206,208,210,212,214,216,218,220,222,224,226,228,230,232,234,236,238,240,242,244,246,248,250,252,254,768,770,772,774,776,778,780,782,784,786,788,790,792,794,796,798,800,802,804,806,808,810,812,814,816,818,820,822,824,826,828,830
15	25112	0	64	2	1	0	0	1	18	94	5	28	30720	768	0	2	0	192,194,196,198,200,202,204,206,208,210,212,214,216,218,220,222,224,226,228,230,232,234,236,238,240,242,244,246,248,250,252,254,768,770,772,774,776,778,780,782,784,786,788,790,792,794,796,798,800,802,804,806,808,810,812,814,816,818,820,822,824,826,828,830
15	25121	0	64	2	1	0	0	1	18	94	5	28	30720	768	0	2	0	192,194,196,198,200,202,204,206,208,210,212,214,216,218,220,222,224,226,228,230,232,234,236,238,240,242,244,246,248,250,252,254,768,770,772,774,776,778,780,782,784,786,788,790,792,794,796,798,800,802,804,806,808,810,812,814,816,818,820,822,824,826,828,830
15	25122	0	64	2	1	0	0	1	18	94	5	28	30720	768	0	2	0	192,194,196,198,200,202,204,206,208,210,212,214,216,218,220,222,224,226,228,230,232,234,236,238,240,242,244,246,248,250,252,254,768,770,772,774,776,778,780,782,784,786,788,790,792,794,796,798,800,802,804,806,808,810,812,814,816,818,820,822,824,826,828,830
15	25124	0	64	2	1	0	0	1	18	94	5	28	30720	768	0	2	0	192,194,196,198,200,202,204,206,208,210,212,214,216,218,220,222,224,226,228,230,232,234,236,238,240,242,244,246,248,250,252,254,768,770,772,774,776,778,780,782,784,786,788,790,792,794,796,798,800,802,804,806,808,810,812,814,816,818,820,822,824,826,828,830
15	25128	0	64	2	1	0	0	1	18	94	5	28	30720	768	0	2	0	192,194,196,198,200,202,204,206,208,210,212,214,216,218,220,222,224,226,228,230,232,234,236,238,240,242,244,246,248,250,252,254,768,770,772,774,776,778,780,782,784,786,788,790,792,794,796,798,800,802,804,806,808,810,812,814,816,818,820,822,824,826,828,830
15	25136	0	64	2	1	0	0	1	18	94	5	28	30720	768	0	2	0	192,194,196,198,200,202,204,206,208,210,212,214,216,218,220,222,224,226,228,230,232,234,236,238,240,242,244,246,248,250,252,254,768,770,772,774,776,778,780,782,784,786,788,790,792,794,796,798,800,802,804,806,808,810,812,814,816,818,820,822,824,826,828,830
15	25153	0	64	2	1	0	0	1	18	94	5	28	30720	768	0	2	0	192,194,196,198,200,202,204,206,208,210,212,214,216,218,220,222,224,226,228,230,232,234,236,238,240,242,244,246,248,250,252,254,768,770,772,774,776,778,780,782,784,786,788,790,792,794,796,798,800,802,804,806,808,810,812,814,816,818,820,822,824,826,828,830
15	25154	0	64	2	1	0	0	1	18	94	5	28	30720	768	0	2	0	192,194,196,198,200,202,204,206,208,210,212,214,216,218,220,222,224,226,228,230,232,234,236,238,240,242,244,246,248,250,252,254,768,770,772,774,776,778,780,782,784,786,788,790,792,794,796,798,800,802,804,806,808,810,812,814,816,818,820,822,824,826,828,830
15	25156	0	64	2	1	0	0	1	18	94	5	28	30720	768	0	2	0	192,194,196,198,200,202,204,206,208,210,212,214,216,218,220,222,224,226,228,230,232,234,236,238,240,242,244,246,248,250,252,254,768,770,772,774,776,778,780,782,784,786,788,790,792,794,796,798,800,802,804,806,808,810,812,814,816,818,820,822,824,826,828,830
15	25160	0	64	2	1	0	0	1	18	94	5	28	30720	768	0	2	0	192,194,196,198,200,202,204,206,208,210,212,214,216,218,220,222,224,226,228,230,232,234,236,238,240,242,244,246,248,250,252,254,768,770,772,774,776,778,780,782,784,786,788,790,792,794,796,798,800,802,804,806,808,810,812,814,816,818,820,822,824,826,828,830
15	25168	0	64	2	1	0	0	1	18	94	5	28	30720	768	0	2	0	192,194,196,198,200,202,204,206,208,210,212,214,216,218,220,222,224,226,228,230,232,234,236,238,240,242,244,246,248,250,252,254,768,770,772,774,776,778,780,782,784,786,788,790,792,794,796,798,800,802,804,806,808,810,812,814,816,818,820,822,824,826,828,830
15	25184	0	64	2	1	0	0	1	18	94	5	28	30720	768	0	2	0	192,194,196,198,200,202,204,206,208,210,212,214,216,218,220,222,224,226,228,230,232,234,236,238,240,242,244,246,248,250,252,254,768,770,772,774,776,778,780,782,784,786,788,790,792,794,796,798,800,802,804,806,808,810,812,814,816,818,820,822,824,826,828,830
15	25217	0	64	2	1	0	0	1	18	94	5	28	30720	768	0	2	0	192,194,196,198,200,202,204,206,208,210,212,214,216,218,220,222,224,226,228,230,232,234,236,238,240,242,244,246,248,250,252,254,768,770,772,774,776,778,780,782,784,786,788,790,792,794,796,798,800,802,804,806,808,810,812,814,816,818,820,822,824,826,828,830
15	25218	0	64	2	1	0	0	1	18	94	5	28	30720	768	0	2	0	192,194,196,198,200,202,204,206,208,210,212,214,216,218,220,222,224,226,228,230,232,234,236,238,240,242,244,246,248,250,252,254,768,770,772,774,776,778,780,782,784,786,788,790,792,794,796,798,800,802,804,806,808,810,812,814,816,818,820,822,824,826,828,830
15	25220	0	64	2	1	0	0	1	18	94	5	28	30720	768	0	2	0	192,194,196,198,200,202,204,206,208,210,212,214,216,218,220,222,224,226,228,230,232,234,236,238,240,242,244,246,248,250,252,254,768,770,772,774,776,778,780,782,784,786,788,790,792,794,796,798,800,802,804,806,808,810,812,814,816,818,820,822,824,826,828,830
15	25224	0	64	2	1	0	0	1	18	94	5	28	30720	768	0	2	0	192,194,196,198,200,202,204,206,208,210,212,214,216,218,220,222,224,226,228,230,232,234,236,238,240,242,244,246,248,250,252,254,768,770,772,774,776,778,780,782,784,786,788,790,792,794,796,798,800,802,804,806,808,810,812,814,816,818,820,822,824,826,828,830
15	25232	0	64	2	1	0	0	1	18	94	5	28	30720	768	0	2	0	192,194,196,198,200,202,204,206,208,210,212,214,216,218,220,222,224,226,228,230,232,234,236,238,240,242,244,246,248,250,252,254,768,770,772,774,776,778,780,782,784,786,788,790,792,794,796,798,800,802,804,806,808,810,812,814,816,818,820,822,824,826,828,830
15	25248	0	64	2	1	0	0	1	18	94	5	28	30720	768	0	2	0	192,194,196,198,200,202,204,206,208,210,212,214,216,218,220,222,224,226,228,230,232,234,236,238,240,242,244,246,248,250,252,254,768,770,772,774,776,778,780,782,784,786,788,790,792,794,796,798,800,802,804,806,808,810,812,814,816,818,820,822,824,826,828,830
15	25280	0	64	2	1	0	0	1	18	94	5	28	30720	768	0	2	0	192,194,196,198,200,202,204,206,208,210,212,214,216,218,220,222,224,226,228,230,232,234,236,238,240,242,244,246,248,250,252,254,768,770,772,774,776,778,780,782,784,786,788,790,792,794,796,798,800,802,804,806,808,810,812,814,816,818,820,822,824,826,828,830
15	25345	0	128	2	1	0	0	1	21	77	4	29	30720	768	0	2	0	128,130,132,134,136,138,140,142,144,146,148,150,152,154,156,158,160,162,164,166,168,170,172,174,176,178,180,182,184,186,188,190,192,194,196,198,200,202,204,206,208,210,212,214,216,218,220,222,224,226,228,230,232,234,236,238,240,242,244,246,248,250,252,254,768,770,772,774,776,778,780,782,784,786,788,790,792,794,796,798,800,802,804,806,808,810,812,814,816,818,820,822,824,826,828,830,832,834,836,838,840,842,844,846,848,850,852,854,856,858,860,862,864,866,868,870,872,874,876,878,880,882,884,886,888,890,892,894
15	25346	0	128	2	1	0	0	1	21	77	4	29	30720	768	0	2	0	128,130,132,134,136,138,140,142,144,146,148,150,152,154,156,158,160,162,164,166,168,170,172,174,176,178,180,182,184,186,188,190,192,194,196,198,200,202,204,206,208,210,212,214,216,218,220,222,224,226,228,230,232,234,236,238,240,242,244,246,248,250,252,254,768,770,772,774,776,778,780,782,784,786,788,790,792,794,796,798,800,802,804,806,808,810,812,814,816,818,820,822,824,826,828,830,832,834,836,838,840,842,844,846,848,850,852,854,856,858,860,862,864,866,868,870,872,874,876,878,880,882,884,886,888,890,892,894
15	25348	0	128	2	1	0	0	1	21	77	4	29	30720	768	0	2	0	128,130,132,134,136,138,140,142,144,146,148,150,152,154,156,158,160,162,164,166,168,170,172,174,176,178,180,182,184,186,188,190,192,194,196,198,200,202,204,206,208,210,212,214,216,218,220,222,224,226,228,230,232,234,236,238,240,242,244,246,248,250,252,254,768,770,772,774,776,778,780,782,784,786,788,790,792,794,796,798,800,802,804,806,808,810,812,814,816,818,820,822,824,826,828,830,832,834,836,838,840,842,844,846,848,850,852,854,856,858,860,862,864,866,868,870,872,874,876,878,880,882,884,886,888,890,892,894
15	25352	0	128	2	1	0	0	1	21	77	4	29	30720	768	0	2	0	128,130,132,134,136,138,140,142,144,146,148,150,152,154,156,158,160,162,164,166,168,170,172,174,176,178,180,182,184,186,188,190,192,194,196,198,200,202,204,206,208,210,212,214,216,218,220,222,224,226,228,230,232,234,236,238,240,242,244,246,248,250,252,254,768,770,772,774,776,778,780,782,784,786,788,790,792,794,796,798,800,802,804,806,808,810,812,814,816,818,820,822,824,826,828,830,832,834,836,838,840,842,844,846,848,850,852,854,856,858,860,862,864,866,868,870,872,874,876,878,880,882,884,886,888,890,892,894
15	25360	0	128	2	1	0	0	1	21	77	4	29	30720	768	0	2	0	128,130,132,134,136,138,140,142,144,146,148,150,152,154,156,158,160,162,164,166,168,170,172,174,176,178,180,182,184,186,188,190,192,194,196,198,200,202,204,206,208,210,212,214,216,218,220,222,224,226,228,230,232,234,236,238,240,242,244,246,248,250,252,254,768,770,772,774,776,778,780,782,784,786,788,790,792,794,796,798,800,802,804,806,808,810,812,814,816,818,820,822,824,826,828,830,832,834,836,838,840,842,844,846,848,850,852,854,856,858,860,862,864,866,868,870,872,874,876,878,880,882,884,886,888,890,892,894
15	25376	0	128	2	1	0	0	1	21	77	4	29	30720	768	0	2	0	128,130,132,134,136,138,140,142,144,146,148,150,152,154,156,158,160,162,164,166,168,170,172,174,176,178,180,182,184,186,188,190,192,194,196,198,200,202,204,206,208,210,212,214,216,218,220,222,224,226,228,230,232,234,236,238,240,242,244,246,248,250,252,254,768,770,772,774,776,778,780,782,784,786,788,790,792,794,796,798,800,802,804,806,808,810,812,814,816,818,820,822,824,826,828,830,832,834,836,838,840,842,844,846,848,850,852,854,856,858,860,862,864,866,868,870,872,874,876,878,880,882,884,886,888,890,892,894
15	25408	0	128	2	1	0	0	1	21	77	4	29	30720	768	0	2	0	128,130,132,134,136,138,140,142,144,146,148,150,152,154,156,158,160,162,164,166,168,170,172,174,176,178,180,182,184,186,188,190,192,194,196,198,200,202,204,206,208,210,212,214,216,218,220,222,224,226,228,230,232,234,236,238,240,242,244,246,248,250,252,254,768,770,772,774,776,778,780,782,784,786,788,790,792,794,796,798,800,802,804,806,808,810,812,814,816,818,820,822,824,826,828,830,832,834,836,838,840,842,844,846,848,850,852,854,856,858,860,862,864,866,868,870,872,874,876,878,880,882,884,886,888,890,892,894
15	25472	0	128	2	1	0	0	1	21	77	4	29	30720	768	0	2	0	128,130,132,134,136,138,140,142,144,146,148,150,152,154,156,158,160,162,164,166,168,170,172,174,176,178,180,182,184,186,188,190,192,194,196,198,200,202,204,206,208,210,212,214,216,218,220,222,224,226,228,230,232,234,236,238,240,242,244,246,248,250,252,254,768,770,772,774,776,778,780,782,784,786,788,790,792,794,796,798,800,802,804,806,808,810,812,814,816,818,820,822,824,826,828,830,832,834,836,838,840,842,844,846,848,850,852,854,856,858,860,862,864,866,868,870,872,874,876,878,880,882,884,886,888,890,892,894
15	25603	0	64	2	1	0	0	1	18	94	5	28	30720	768	0	2	0	192,194,196,198,200,202,204,206,208,210,212,214,216,218,220,222,224,226,228,230,232,234,236,238,240,242,244,246,248,250,252,254,768,770,772,774,776,778,780,782,784,786,788,790,792,794,796,798,800,802,804,806,808,810,812,814,816,818,820,822,824,826,828,830
15	25605	0	64	2	1	0	0	1	18	94	5	28	30720	768	0	2	0	192,194,196,198,200,202,204,206,208,210,212,214,216,218,220,222,224,226,228,230,232,234,236,238,240,242,244,246,248,250,252,254,768,770,772,774,776,778,780,782,784,786,788,790,792,794,796,798,800,802,804,806,808,810,812,814,816,818,820,822,824,826,828,830
15	25606	0	64	2	1	0	0	1	18	94	5	28	30720	768	0	2	0	192,194,196,198,200,202,204,206,208,210,212,214,216,218,220,222,224,226,228,230,232,234,236,238,240,242,244,246,248,250,252,254,768,770,772,774,776,778,780,782,784,786,788,790,792,794,796,798,800,802,804,806,808,810,812,814,816,818,820,822,824,826,828,830
15	25609	0	64	2	1	0	0	1	18	94	5	28	30720	768	0	2	0	192,194,196,198,200,202,204,206,208,210,212,214,216,218,220,222,224,226,228,230,232,234,236,238,240,242,244,246,248,250,252,254,768,770,772,774,776,778,780,782,784,786,788,790,792,794,796,798,800,802,804,806,808,810,812,814,816,818,820,822,824,826,828,830
15	25610	0	64	2	1	0	0	1	18	94	5	28	30720	768	0	2	0	192,194,196,198,200,202,204,206,208,210,212,214,216,218,220,222,224,226,228,230,232,234,236,238,240,242,244,246,248,250,252,254,768,770,772,774,776,778,780,782,784,786,788,790,792,794,796,798,800,802,804,806,808,810,812,814,816,818,820,822,824,826,828,830
15	25612	0	64	2	1	0	0	1	18	94	5	28	30720	768	0	2	0	192,194,196,198,200,202,204,206,208,210,212,214,216,218,220,222,224,226,228,230,232,234,236,238,240,242,244,246,248,250,252,254,768,770,772,774,776,778,780,782,784,786,788,790,792,794,796,798,800,802,804,806,808,810,812,814,816,818,820,822,824,826,828,830
15	25617	0	64	2	1	0	0	1	18	94	5	28	30720	768	0	2	0	192,194,196,198,200,202,204,206,208,210,212,214,216,218,220,222,224,226,228,230,232,234,236,238,240,242,244,246,248,250,252,254,768,770,772,774,776,778,780,782,784,786,788,790,792,794,796,798,800,802,804,806,808,810,812,814,816,818,820,822,824,826,828,830
15	25618	0	64	2	1	0	0	1	18	94	5	28	30720	768	0	2	0	192,194,196,198,200,202,204,206,208,210,212,214,216,218,220,222,224,226,228,230,232,234,236,238,240,242,244,246,248,250,252,254,768,770,772,774,776,778,780,782,784,786,788,790,792,794,796,798,800,802,804,806,808,810,812,814,816,818,820,822,824,826,828,830
15	25620	0	64	2	1	0	0	1	18	94	5	28	30720	768	0	2	0	192,194,196,198,200,202,204,206,208,210,212,214,216,218,220,222,224,226,228,230,232,234,236,238,240,242,244,246,248,250,252,254,768,770,772,774,776,778,780,782,784,786,788,790,792,794,796,798,800,802,804,806,808,810,812,814,816,818,820,822,824,826,828,830
15	25624	0	64	2	1	0	0	1	18	94	5	28	30720	768	0	2	0	192,194,196,198,200,202,204,206,208,210,212,214,216,218,220,222,224,226,228,230,232,234,236,238,240,242,244,246,248,250,252,254,768,770,772,774,776,778,780,782,784,786,788,790,792,794,796,798,800,802,804,806,808,810,812,814,816,818,820,822,824,826,828,830
15	25633	0	64	2	1	0	0	1	18	94	5	28	30720	768	0	2	0	192,194,196,198,200,202,204,206,208,210,212,214,216,218,220,222,224,226,228,230,232,234,236,238,240,242,244,246,248,250,252,254,768,770,772,774,776,778,780,782,784,786,788,790,792,794,796,798,800,802,804,806,808,810,812,814,816,818,820,822,824,826,828,830
15	25634	0	64	2	1	0	0	1	18	94	5	28	30720	768	0	2	0	192,194,196,198,200,202,204,206,208,210,212,214,216,218,220,222,224,226,228,230,232,234,236,238,240,242,244,246,248,250,252,254,768,770,772,774,776,778,780,782,784,786,788,790,792,794,796,798,800,802,804,806,808,810,812,814,816,818,820,822,824,826,828,830
15	25636	0	64	2	1	0	0	1	18	94	5	28	30720	768	0	2	0	192,194,196,198,200,202,204,206,208,210,212,214,216,218,220,222,224,226,228,230,232,234,236,238,240,242,244,246,248,250,252,254,768,770,772,774,776,778,780,782,784,786,788,790,792,794,796,798,800,802,804,806,808,810,812,814,816,818,820,822,824,826,828,830
15	25640	0	64	2	1	0	0	1	18	94	5	28	30720	768	0	2	0	192,194,196,198,200,202,204,206,208,210,212,214,216,218,220,222,224,226,228,230,232,234,236,238,240,242,244,246,248,250,252,254,768,770,772,774,776,778,780,782,784,786,788,790,792,794,796,798,800,802,804,806,808,810,812,814,816,818,820,822,824,826,828,830
15	25648	0	64	2	1	0	0	1	18	94	5	28	30720	768	0	2	0	192,194,196,198,200,202,204,206,208,210,212,214,216,218,220,222,224,226,228,230,232,234,236,238,240,242,244,246,248,250,252,254,768,770,772,774,776,778,780,782,784,786,788,790,792,794,796,798,800,802,804,806,808,810,812,814,816,818,820,822,824,826,828,830
15	25665	0	64	2	1	0	0	1	18	94	5	28	30720	768	0	2	0	192,194,196,198,200,202,204,206,208,210,212,214,216,218,220,222,224,226,228,230,232,234,236,238,240,242,244,246,248,250,252,254,768,770,772,774,776,778,780,782,784,786,788,790,792,794,796,798,800,802,804,806,808,810,812,814,816,818,820,822,824,826,828,830
15	25666	0	64	2	1	0	0	1	18	94	5	28	30720	768	0	2	0	192,194,196,198,200,202,204,206,208,210,212,214,216,218,220,222,224,226,228,230,232,234,236,238,240,242,244,246,248,250,252,254,768,770,772,774,776,778,780,782,784,786,788,790,792,794,796,798,800,802,804,806,808,810,812,814,816,818,820,822,824,826,828,830
15	25668	0	64	2	1	0	0	1	18	94	5	28	30720	768	0	2	0	192,194,196,198,200,202,204,206,208,210,212,214,216,218,220,222,224,226,228,230,232,234,236,238,240,242,244,246,248,250,252,254,768,770,772,774,776,778,780,782,784,786,788,790,792,794,796,798,800,802,804,806,808,810,812,814,816,818,820,822,824,826,828,830
15	25672	0	64	2	1	0	0	1	18	94	5	28	30720	768	0	2	0	192,194,196,198,200,202,204,206,208,210,212,214,216,218,220,222,224,226,228,230,232,234,236,238,240,242,244,246,248,250,252,254,768,770,772,774,776,778,780,782,784,786,788,790,792,794,796,798,800,802,804,806,808,810,812,814,816,818,820,822,824,826,828,830
15	25680	0	64	2	1	0	0	1	18	94	5	28	30720	768	0	2	0	192,194,196,198,200,202,204,206,208,210,212,214,216,218,220,222,224,226,228,230,232,234,236,238,240,242,244,246,248,250,252,254,768,770,772,774,776,778,780,782,784,786,788,790,792,794,796,798,800,802,804,806,808,810,812,814,816,818,820,822,824,826,828,830
15	25696	0	64	2	1	0	0	1	18	94	5	28	30720	768	0	2	0	192,194,196,198,200,202,204,206,208,210,212,214,216,218,220,222,224,226,228,230,232,234,236,238,240,242,244,246,248,250,252,254,768,770,772,774,776,778,780,782,784,786,788,790,792,794,796,798,800,802,804,806,808,810,812,814,816,818,820,822,824,826,828,830
15	25729	0	64	2	1	0	0	1	18	94	5	28	30720	768	0	2	0	192,194,196,198,200,202,204,206,208,210,212,214,216,218,220,222,224,226,228,230,232,234,236,238,240,242,244,246,248,250,252,254,768,770,772,774,776,778,780,782,784,786,788,790,792,794,796,798,800,802,804,806,808,810,812,814,816,818,820,822,824,826,828,830
15	25730	0	64	2	1	0	0	1	18	94	5	28	30720	768	0	2	0	192,194,196,198,200,202,204,206,208,210,212,214,216,218,220,222,224,226,228,230,232,234,236,238,240,242,244,246,248,250,252,254,768,770,772,774,776,778,780,782,784,786,788,790,792,794,796,798,800,802,804,806,808,810,812,814,816,818,820,822,824,826,828,830
15	25732	0	64	2	1	0	0	1	18	94	5	28	30720	768	0	2	0	192,194,196,198,200,202,204,206,208,210,212,214,216,218,220,222,224,226,228,230,232,234,236,238,240,242,244,246,248,250,252,254,768,770,772,774,776,778,780,782,784,786,788,790,792,794,796,798,800,802,804,806,808,810,812,814,816,818,820,822,824,826,828,830
15	25736	0	64	2	1	0	0	1	18	94	5	28	30720	768	0	2	0	192,194,196,198,200,202,204,206,208,210,212,214,216,218,220,222,224,226,228,230,232,234,236,238,240,242,244,246,248,250,252,254,768,770,772,774,776,778,780,782,784,786,788,790,792,794,796,798,800,802,804,806,808,810,812,814,816,818,820,822,824,826,828,830
15	25744	0	64	2	1	0	0	1	18	94	5	28	30720	768	0	2	0	192,194,196,198,200,202,204,206,208,210,212,214,216,218,220,222,224,226,228,230,232,234,236,238,240,242,244,246,248,250,252,254,768,770,772,774,776,778,780,782,784,786,788,790,792,794,796,798,800,802,804,806,808,810,812,814,816,818,820,822,824,826,828,830
15	25760	0	64	2	1	0	0	1	18	94	5	28	30720	768	0	2	0	192,194,196,198,200,202,204,206,208,210,212,214,216,218,220,222,224,226,228,230,232,234,236,238,240,242,244,246,248,250,252,254,768,770,772,774,776,778,780,782,784,786,788,790,792,794,796,798,800,802,804,806,808,810,812,814,816,818,820,822,824,826,828,830
15	25792	0	64	2	1	0	0	1	18	94	5	28	30720	768	0	2	0	192,194,196,198,200,202,204,206,208,210,212,214,216,218,220,222,224,226,228,230,232,234,236,238,240,242,244,246,248,250,252,254,768,770,772,774,776,778,780,782,784,786,788,790,792,794,796,798,800,802,804,806,808,810,812,814,816,818,820,822,824,826,828,830
15	25857	0	128	2	1	0	0	1	21	77	4	29	30720	768	0	2	0	128,130,132,134,136,138,140,142,144,146,148,150,152,154,156,158,160,162,164,166,168,170,172,174,176,178,180,182,184,186,188,190,192,194,196,198,200,202,204,206,208,210,212,214,216,218,220,222,224,226,228,230,232,234,236,238,240,242,244,246,248,250,252,254,768,770,772,774,776,778,780,782,784,786,788,790,792,794,796,798,800,802,804,806,808,810,812,814,816,818,820,822,824,826,828,830,832,834,836,838,840,842,844,846,848,850,852,854,856,858,860,862,864,866,868,870,872,874,876,878,880,882,884,886,888,890,892,894
15	25858	0	128	2	1	0	0	1	21	77	4	29	30720	768	0	2	0	128,130,132,134,136,138,140,142,144,146,148,150,152,154,156,158,160,162,164,166,168,170,172,174,176,178,180,182,184,186,188,190,192,194,196,198,200,202,204,206,208,210,212,214,216,218,220,222,224,226,228,230,232,234,236,238,240,242,244,246,248,250,252,254,768,770,772,774,776,778,780,782,784,786,788,790,792,794,796,798,800,802,804,806,808,810,812,814,816,818,820,822,824,826,828,830,832,834,836,838,840,842,844,846,848,850,852,854,856,858,860,862,864,866,868,870,872,874,876,878,880,882,884,886,888,890,892,894
15	25860	0	128	2	1	0	0	1	21	77	4	29	30720	768	0	2	0	128,130,132,134,136,138,140,142,144,146,148,150,152,154,156,158,160,162,164,166,168,170,172,174,176,178,180,182,184,186,188,190,192,194,196,198,200,202,204,206,208,210,212,214,216,218,220,222,224,226,228,230,232,234,236,238,240,242,244,246,248,250,252,254,768,770,772,774,776,778,780,782,784,786,788,790,792,794,796,798,800,802,804,806,808,810,812,814,816,818,820,822,824,826,828,830,832,834,836,838,840,842,844,846,848,850,852,854,856,858,860,862,864,866,868,870,872,874,876,878,880,882,884,886,888,890,892,894
15	25864	0	128	2	1	0	0	1	21	77	4	29	30720	768	0	2	0	128,130,132,134,136,138,140,142,144,146,148,150,152,154,156,158,160,162,164,166,168,170,172,174,176,178,180,182,184,186,188,190,192,194,196,198,200,202,204,206,208,210,212,214,216,218,220,222,224,226,228,230,232,234,236,238,240,242,244,246,248,250,252,254,768,770,772,774,776,778,780,782,784,786,788,790,792,794,796,798,800,802,804,806,808,810,812,814,816,818,820,822,824,826,828,830,832,834,836,838,840,842,844,846,848,850,852,854,856,858,860,862,864,866,868,870,872,874,876,878,880,882,884,886,888,890,892,894
15	25872	0	128	2	1	0	0	1	21	77	4	29	30720	768	0	2	0	128,130,132,134,136,138,140,142,144,146,148,150,152,154,156,158,160,162,164,166,168,170,172,174,176,178,180,182,184,186,188,190,192,194,196,198,200,202,204,206,208,210,212,214,216,218,220,222,224,226,228,230,232,234,236,238,240,242,244,246,248,250,252,254,768,770,772,774,776,778,780,782,784,786,788,790,792,794,796,798,800,802,804,806,808,810,812,814,816,818,820,822,824,826,828,830,832,834,836,838,840,842,844,846,848,850,852,854,856,858,860,862,864,866,868,870,872,874,876,878,880,882,884,886,888,890,892,894
15	25888	0	128	2	1	0	0	1	21	77	4	29	30720	768	0	2	0	128,130,132,134,136,138,140,142,144,146,148,150,152,154,156,158,160,162,164,166,168,170,172,174,176,178,180,182,184,186,188,190,192,194,196,198,200,202,204,206,208,210,212,214,216,218,220,222,224,226,228,230,232,234,236,238,240,242,244,246,248,250,252,254,768,770,772,774,776,778,780,782,784,786,788,790,792,794,796,798,800,802,804,806,808,810,812,814,816,818,820,822,824,826,828,830,832,834,836,838,840,842,844,846,848,850,852,854,856,858,860,862,864,866,868,870,872,874,876,878,880,882,884,886,888,890,892,894
15	25920	0	128	2	1	0	0	1	21	77	4	29	30720	768	0	2	0	128,130,132,134,136,138,140,142,144,146,148,150,152,154,156,158,160,162,164,166,168,170,172,174,176,178,180,182,184,186,188,190,192,194,196,198,200,202,204,206,208,210,212,214,216,218,220,222,224,226,228,230,232,234,236,238,240,242,244,246,248,250,252,254,768,770,772,774,776,778,780,782,784,786,788,790,792,794,796,798,800,802,804,806,808,810,812,814,816,818,820,822,824,826,828,830,832,834,836,838,840,842,844,846,848,850,852,854,856,858,860,862,864,866,868,870,872,874,876,878,880,882,884,886,888,890,892,894
15	25984	0	128	2	1	0	0	1	21	77	4	29	30720	768	0	2	0	128,130,132,134,136,138,140,142,144,146,148,150,152,154,156,158,160,162,164,166,168,170,172,174,176,178,180,182,184,186,188,190,192,194,196,198,200,202,204,206,208,210,212,214,216,218,220,222,224,226,228,230,232,234,236,238,240,242,244,246,248,250,252,254,768,770,772,774,776,778,780,782,784,786,788,790,792,794,796,798,800,802,804,806,808,810,812,814,816,818,820,822,824,826,828,830,832,834,836,838,840,842,844,846,848,850,852,854,856,858,860,862,864,866,868,870,872,874,876,878,880,882,884,886,888,890,892,894
15	26113	0	128	2	1	0	0	1	21	77	4	29	30720	768	0	2	0	128,130,132,134,136,138,140,142,144,146,148,150,152,154,156,158,160,162,164,166,168,170,172,174,176,178,180,182,184,186,188,190,192,194,196,198,200,202,204,206,208,210,212,214,216,218,220,222,224,226,228,230,232,234,236,238,240,242,244,246,248,250,252,254,768,770,772,774,776,778,780,782,784,786,788,790,792,794,796,798,800,802,804,806,808,810,812,814,816,818,820,822,824,826,828,830,832,834,836,838,840,842,844,846,848,850,852,854,856,858,860,862,864,866,868,870,872,874,876,878,880,882,884,886,888,890,892,894
15	26114	0	128	2	1	0	0	1	21	77	4	29	30720	768	0	2	0	128,130,132,134,136,138,140,142,144,146,148,150,152,154,156,158,160,162,164,166,168,170,172,174,176,178,180,182,184,186,188,190,192,194,196,198,200,202,204,206,208,210,212,214,216,218,220,222,224,226,228,230,232,234,236,238,240,242,244,246,248,250,252,254,768,770,772,774,776,778,780,782,784,786,788,790,792,794,796,798,800,802,804,806,808,810,812,814,816,818,820,822,824,826,828,830,832,834,836,838,840,842,844,846,848,850,852,854,856,858,860,862,864,866,868,870,872,874,876,878,880,882,884,886,888,890,892,894
15	26116	0	128	2	1	0	0	1	21	77	4	29	30720	768	0	2	0	128,130,132,134,136,138,140,142,144,146,148,150,152,154,156,158,160,162,164,166,168,170,172,174,176,178,180,182,184,186,188,190,192,194,196,198,200,202,204,206,208,210,212,214,216,218,220,222,224,226,228,230,232,234,236,238,240,242,244,246,248,250,252,254,768,770,772,774,776,778,780,782,784,786,788,790,792,794,796,798,800,802,804,806,808,810,812,814,816,818,820,822,824,826,828,830,832,834,836,838,840,842,844,846,848,850,852,854,856,858,860,862,864,866,868,870,872,874,876,878,880,882,884,886,888,890,892,894
15	26120	0	128	2	1	0	0	1	21	77	4	29	30720	768	0	2	0	128,130,132,134,136,138,140,142,144,146,148,150,152,154,156,158,160,162,164,166,168,170,172,174,176,178,180,182,184,186,188,190,192,194,196,198,200,202,204,206,208,210,212,214,216,218,220,222,224,226,228,230,232,234,236,238,240,242,244,246,248,250,252,254,768,770,772,774,776,778,780,782,784,786,788,790,792,794,796,798,800,802,804,806,808,810,812,814,816,818,820,822,824,826,828,830,832,834,836,838,840,842,844,846,848,850,852,854,856,858,860,862,864,866,868,870,872,874,876,878,880,882,884,886,888,890,892,894
15	26128	0	128	2	1	0	0	1	21	77	4	29	30720	768	0	2	0	128,130,132,134,136,138,140,142,144,146,148,150,152,154,156,158,160,162,164,166,168,170,172,174,176,178,180,182,184,186,188,190,192,194,196,198,200,202,204,206,208,210,212,214,216,218,220,222,224,226,228,230,232,234,236,238,240,242,244,246,248,250,252,254,768,770,772,774,776,778,780,782,784,786,788,790,792,794,796,798,800,802,804,806,808,810,812,814,816,818,820,822,824,826,828,830,832,834,836,838,840,842,844,846,848,850,852,854,856,858,860,862,864,866,868,870,872,874,876,878,880,882,884,886,888,890,892,894
15	26144	0	128	2	1	0	0	1	21	77	4	29	30720	768	0	2	0	128,130,132,134,136,138,140,142,144,146,148,150,152,154,156,158,160,162,164,166,168,170,172,174,176,178,180,182,184,186,188,190,192,194,196,198,200,202,204,206,208,210,212,214,216,218,220,222,224,226,228,230,232,234,236,238,240,242,244,246,248,250,252,254,768,770,772,774,776,778,780,782,784,786,788,790,792,794,796,798,800,802,804,806,808,810,812,814,816,818,820,822,824,826,828,830,832,834,836,838,840,842,844,846,848,850,852,854,856,858,860,862,864,866,868,870,872,874,876,878,880,882,884,886,888,890,892,894
15	26176	0	128	2	1	0	0	1	21	77	4	29	30720	768	0	2	0	128,130,132,134,136,138,140,142,144,146,148,150,152,154,156,158,160,162,164,166,168,170,172,174,176,178,180,182,184,186,188,190,192,194,196,198,200,202,204,206,208,210,212,214,216,218,220,222,224,226,228,230,232,234,236,238,240,242,244,246,248,250,252,254,768,770,772,774,776,778,780,782,784,786,788,790,792,794,796,798,800,802,804,806,808,810,812,814,816,818,820,822,824,826,828,830,832,834,836,838,840,842,844,846,848,850,852,854,856,858,860,862,864,866,868,870,872,874,876,878,880,882,884,886,888,890,892,894
15	26240	0	128	2	1	0	0	1	21	77	4	29	30720	768	0	2	0	128,130,132,134,136,138,140,142,144,146,148,150,152,154,156,158,160,162,164,166,168,170,172,174,176,178,180,182,184,186,188,190,192,194,196,198,200,202,204,206,208,210,212,214,216,218,220,222,224,226,228,230,232,234,236,238,240,242,244,246,248,250,252,254,768,770,772,774,776,778,780,782,784,786,788,790,792,794,796,798,800,802,804,806,808,810,812,814,816,818,820,822,824,826,828,830,832,834,836,838,840,842,844,846,848,850,852,854,856,858,860,862,864,866,868,870,872,874,876,878,880,882,884,886,888,890,892,894
15	26368	0	512	2	1	0	0	1	24	11	3	30	30720	768	0	2	0	0,2,4,6,8,10,12,14,16,18,20,22,24,26,28,30,32,34,36,38,40,42,44,46,48,50,52,54,56,58,60,62,64,66,68,70,72,74,76,78,80,82,84,86,88,90,92,94,96,98,100,102,104,106,108,110,112,114,116,118,120,122,124,126,128,130,132,134,136,138,140,142,144,146,148,150,152,154,156,158,160,162,164,166,168,170,172,174,176,178,180,182,184,186,188,190,192,194,196,198,200,202,204,206,208,210,212,214,216,218,220,222,224,226,228,230,232,234,236,238,240,242,244,246,248,250,252,254,256,258,260,262,264,266,268,270,272,274,276,278,280,282,284,286,288,290,292,294,296,298,300,302,304,306,308,310,312,314,316,318,320,322,324,326,328,330,332,334,336,338,340,342,344,346,348,350,352,354,356,358,360,362,364,366,368,370,372,374,376,378,380,382,384,386,388,390,392,394,396,398,400,402,404,406,408,410,412,414,416,418,420,422,424,426,428,430,432,434,436,438,440,442,444,446,448,450,452,454,456,458,460,462,464,466,468,470,472,474,476,478,480,482,484,486,488,490,492,494,496,498,500,502,504,506,508,510,512,514,516,518,520,522,524,526,528,530,532,534,536,538,540,542,544,546,548,550,552,554,556,558,560,562,564,566,568,570,572,574,576,578,580,582,584,586,588,590,592,594,596,598,600,602,604,606,608,610,612,614,616,618,620,622,624,626,628,630,632,634,636,638,640,642,644,646,648,650,652,654,656,658,660,662,664,666,668,670,672,674,676,678,680,682,684,686,688,690,692,694,696,698,700,702,704,706,708,710,712,714,716,718,720,722,724,726,728,730,732,734,736,738,740,742,744,746,748,750,752,754,756,758,760,762,764,766,768,770,772,774,776,778,780,782,784,786,788,790,792,794,796,798,800,802,804,806,808,810,812,814,816,818,820,822,824,826,828,830,832,834,836,838,840,842,844,846,848,850,852,854,856,858,860,862,864,866,868,870,872,874,876,878,880,882,884,886,888,890,892,894,896,898,900,902,904,906,908,910,912,914,916,918,920,922,924,926,928,930,932,934,936,938,940,942,944,946,948,950,952,954,956,958,960,962,964,966,968,970,972,974,976,978,980,982,984,986,988,990,992,994,996,998,1000,1002,1004,1006,1008,1010,1012,1014,1016,1018,1020,1022
15	26627	0	64	2	1	0	0	1	19	94	5	29	30720	512	0	2	0	448,450,452,454,456,458,460,462,464,466,468,470,472,474,476,478,480,482,484,486,488,490,492,494,496,498,500,502,504,506,508,510,512,514,516,518,520,522,524,526,528,530,532,534,536,538,540,542,544,546,548,550,552,554,556,558,560,562,564,566,568,570,572,574
15	26629	0	64	2	1	0	0	1	19	94	5	29	30720	512	0	2	0	448,450,452,454,456,458,460,462,464,466,468,470,472,474,476,478,480,482,484,486,488,490,492,494,496,498,500,502,504,506,508,510,512,514,516,518,520,522,524,526,528,530,532,534,536,538,540,542,544,546,548,550,552,554,556,558,560,562,564,566,568,570,572,574
15	26630	0	64	2	1	0	0	1	19	94	5	29	30720	512	0	2	0	448,450,452,454,456,458,460,462,464,466,468,470,472,474,476,478,480,482,484,486,488,490,492,494,496,498,500,502,504,506,508,510,512,514,516,518,520,522,524,526,528,530,532,534,536,538,540,542,544,546,548,550,552,554,556,558,560,562,564,566,568,570,572,574
15	26633	0	64	2	1	0	0	1	19	94	5	29	30720	512	0	2	0	448,450,452,454,456,458,460,462,464,466,468,470,472,474,476,478,480,482,484,486,488,490,492,494,496,498,500,502,504,506,508,510,512,514,516,518,520,522,524,526,528,530,532,534,536,538,540,542,544,546,548,550,552,554,556,558,560,562,564,566,568,570,572,574
15	26634	0	64	2	1	0	0	1	19	94	5	29	30720	512	0	2	0	448,450,452,454,456,458,460,462,464,466,468,470,472,474,476,478,480,482,484,486,488,490,492,494,496,498,500,502,504,506,508,510,512,514,516,518,520,522,524,526,528,530,532,534,536,538,540,542,544,546,548,550,552,554,556,558,560,562,564,566,568,570,572,574
15	26636	0	64	2	1	0	0	1	19	94	5	29	30720	512	0	2	0	448,450,452,454,456,458,460,462,464,466,468,470,472,474,476,478,480,482,484,486,488,490,492,494,496,498,500,502,504,506,508,510,512,514,516,518,520,522,524,526,528,530,532,534,536,538,540,542,544,546,548,550,552,554,556,558,560,562,564,566,568,570,572,574
15	26641	0	64	2	1	0	0	1	19	94	5	29	30720	512	0	2	0	448,450,452,454,456,458,460,462,464,466,468,470,472,474,476,478,480,482,484,486,488,490,492,494,496,498,500,502,504,506,508,510,512,514,516,518,520,522,524,526,528,530,532,534,536,538,540,542,544,546,548,550,552,554,556,558,560,562,564,566,568,570,572,574
15	26642	0	64	2	1	0	0	1	19	94	5	29	30720	512	0	2	0	448,450,452,454,456,458,460,462,464,466,468,470,472,474,476,478,480,482,484,486,488,490,492,494,496,498,500,502,504,506,508,510,512,514,516,518,520,522,524,526,528,530,532,534,536,538,540,542,544,546,548,550,552,554,556,558,560,562,564,566,568,570,572,574
15	26644	0	64	2	1	0	0	1	19	94	5	29	30720	512	0	2	0	448,450,452,454,456,458,460,462,464,466,468,470,472,474,476,478,480,482,484,486,488,490,492,494,496,498,500,502,504,506,508,510,512,514,516,518,520,522,524,526,528,530,532,534,536,538,540,542,544,546,548,550,552,554,556,558,560,562,564,566,568,570,572,574
15	26648	0	64	2	1	0	0	1	19	94	5	29	30720	512	0	2	0	448,450,452,454,456,458,460,462,464,466,468,470,472,474,476,478,480,482,484,486,488,490,492,494,496,498,500,502,504,506,508,510,512,514,516,518,520,522,524,526,528,530,532,534,536,538,540,542,544,546,548,550,552,554,556,558,560,562,564,566,568,570,572,574
15	26657	0	64	2	1	0	0	1	19	94	5	29	30720	512	0	2	0	448,450,452,454,456,458,460,462,464,466,468,470,472,474,476,478,480,482,484,486,488,490,492,494,496,498,500,502,504,506,508,510,512,514,516,518,520,522,524,526,528,530,532,534,536,538,540,542,544,546,548,550,552,554,556,558,560,562,564,566,568,570,572,574
15	26658	0	64	2	1	0	0	1	19	94	5	29	30720	512	0	2	0	448,450,452,454,456,458,460,462,464,466,468,470,472,474,476,478,480,482,484,486,488,490,492,494,496,498,500,502,504,506,508,510,512,514,516,518,520,522,524,526,528,530,532,534,536,538,540,542,544,546,548,550,552,554,556,558,560,562,564,566,568,570,572,574
15	26660	0	64	2	1	0	0	1	19	94	5	29	30720	512	0	2	0	448,450,452,454,456,458,460,462,464,466,468,470,472,474,476,478,480,482,484,486,488,490,492,494,496,498,500,502,504,506,508,510,512,514,516,518,520,522,524,526,528,530,532,534,536,538,540,542,544,546,548,550,552,554,556,558,560,562,564,566,568,570,572,574
15	26664	0	64	2	1	0	0	1	19	94	5	29	30720	512	0	2	0	448,450,452,454,456,458,460,462,464,466,468,470,472,474,476,478,480,482,484,486,488,490,492,494,496,498,500,502,504,506,508,510,512,514,516,518,520,522,524,526,528,530,532,534,536,538,540,542,544,546,548,550,552,554,556,558,560,562,564,566,568,570,572,574
15	26672	0	64	2	1	0	0	1	19	94	5	29	30720	512	0	2	0	448,450,452,454,456,458,460,462,464,466,468,470,472,474,476,478,480,482,484,486,488,490,492,494,496,498,500,502,504,506,508,510,512,514,516,518,520,522,524,526,528,530,532,534,536,538,540,542,544,546,548,550,552,554,556,558,560,562,564,566,568,570,572,574
15	26689	0	64	2	1	0	0	1	19	94	5	29	30720	512	0	2	0	448,450,452,454,456,458,460,462,464,466,468,470,472,474,476,478,480,482,484,486,488,490,492,494,496,498,500,502,504,506,508,510,512,514,516,518,520,522,524,526,528,530,532,534,536,538,540,542,544,546,548,550,552,554,556,558,560,562,564,566,568,570,572,574
15	26690	0	64	2	1	0	0	1	19	94	5	29	30720	512	0	2	0	448,450,452,454,456,458,460,462,464,466,468,470,472,474,476,478,480,482,484,486,488,490,492,494,496,498,500,502,504,506,508,510,512,514,516,518,520,522,524,526,528,530,532,534,536,538,540,542,544,546,548,550,552,554,556,558,560,562,564,566,568,570,572,574
15	26692	0	64	2	1	0	0	1	19	94	5	29	30720	512	0	2	0	448,450,452,454,456,458,460,462,464,466,468,470,472,474,476,478,480,482,484,486,488,490,492,494,496,498,500,502,504,506,508,510,512,514,516,518,520,522,524,526,528,530,532,534,536,538,540,542,544,546,548,550,552,554,556,558,560,562,564,566,568,570,572,574
15	26696	0	64	2	1	0	0	1	19	94	5	29	30720	512	0	2	0	448,450,452,454,456,458,460,462,464,466,468,470,472,474,476,478,480,482,484,486,488,490,492,494,496,498,500,502,504,506,508,510,512,514,516,518,520,522,524,526,528,530,532,534,536,538,540,542,544,546,548,550,552,554,556,558,560,562,564,566,568,570,572,574
15	26704	0	64	2	1	0	0	1	19	94	5	29	30720	512	0	2	0	448,450,452,454,456,458,460,462,464,466,468,470,472,474,476,478,480,482,484,486,488,490,492,494,496,498,500,502,504,506,508,510,512,514,516,518,520,522,524,526,528,530,532,534,536,538,540,542,544,546,548,550,552,554,556,558,560,562,564,566,568,570,572,574
15	26720	0	64	2	1	0	0	1	19	94	5	29	30720	512	0	2	0	448,450,452,454,456,458,460,462,464,466,468,470,472,474,476,478,480,482,484,486,488,490,492,494,496,498,500,502,504,506,508,510,512,514,516,518,520,522,524,526,528,530,532,534,536,538,540,542,544,546,548,550,552,554,556,558,560,562,564,566,568,570,572,574
15	26753	0	64	2	1	0	0	1	19	94	5	29	30720	512	0	2	0	448,450,452,454,456,458,460,462,464,466,468,470,472,474,476,478,480,482,484,486,488,490,492,494,496,498,500,502,504,506,508,510,512,514,516,518,520,522,524,526,528,530,532,534,536,538,540,542,544,546,548,550,552,554,556,558,560,562,564,566,568,570,572,574
15	26754	0	64	2	1	0	0	1	19	94	5	29	30720	512	0	2	0	448,450,452,454,456,458,460,462,464,466,468,470,472,474,476,478,480,482,484,486,488,490,492,494,496,498,500,502,504,506,508,510,512,514,516,518,520,522,524,526,528,530,532,534,536,538,540,542,544,546,548,550,552,554,556,558,560,562,564,566,568,570,572,574
15	26756	0	64	2	1	0	0	1	19	94	5	29	30720	512	0	2	0	448,450,452,454,456,458,460,462,464,466,468,470,472,474,476,478,480,482,484,486,488,490,492,494,496,498,500,502,504,506,508,510,512,514,516,518,520,522,524,526,528,530,532,534,536,538,540,542,544,546,548,550,552,554,556,558,560,562,564,566,568,570,572,574
15	26760	0	64	2	1	0	0	1	19	94	5	29	30720	512	0	2	0	448,450,452,454,456,458,460,462,464,466,468,470,472,474,476,478,480,482,484,486,488,490,492,494,496,498,500,502,504,506,508,510,512,514,516,518,520,522,524,526,528,530,532,534,536,538,540,542,544,546,548,550,552,554,556,558,560,562,564,566,568,570,572,574
15	26768	0	64	2	1	0	0	1	19	94	5	29	30720	512	0	2	0	448,450,452,454,456,458,460,462,464,466,468,470,472,474,476,478,480,482,484,486,488,490,492,494,496,498,500,502,504,506,508,510,512,514,516,518,520,522,524,526,528,530,532,534,536,538,540,542,544,546,548,550,552,554,556,558,560,562,564,566,568,570,572,574
15	26784	0	64	2	1	0	0	1	19	94	5	29	30720	512	0	2	0	448,450,452,454,456,458,460,462,464,466,468,470,472,474,476,478,480,482,484,486,488,490,492,494,496,498,500,502,504,506,508,510,512,514,516,518,520,522,524,526,528,530,532,534,536,538,540,542,544,546,548,550,552,554,556,558,560,562,564,566,568,570,572,574
15	26816	0	64	2	1	0	0	1	19	94	5	29	30720	512	0	2	0	448,450,452,454,456,458,460,462,464,466,468,470,472,474,476,478,480,482,484,486,488,490,492,494,496,498,500,502,504,506,508,510,512,514,516,518,520,522,524,526,528,530,532,534,536,538,540,542,544,546,548,550,552,554,556,558,560,562,564,566,568,570,572,574
15	26881	0	128	2	1	0	0	1	22	236	5	30	30720	512	0	2	0	384,386,388,390,392,394,396,398,400,402,404,406,408,410,412,414,416,418,420,422,424,426,428,430,432,434,436,438,440,442,444,446,448,450,452,454,456,458,460,462,464,466,468,470,472,474,476,478,480,482,484,486,488,490,492,494,496,498,500,502,504,506,508,510,512,514,516,518,520,522,524,526,528,530,532,534,536,538,540,542,544,546,548,550,552,554,556,558,560,562,564,566,568,570,572,574,576,578,580,582,584,586,588,590,592,594,596,598,600,602,604,606,608,610,612,614,616,618,620,622,624,626,628,630,632,634,636,638
15	26882	0	128	2	1	0	0	1	22	236	5	30	30720	512	0	2	0	384,386,388,390,392,394,396,398,400,402,404,406,408,410,412,414,416,418,420,422,424,426,428,430,432,434,436,438,440,442,444,446,448,450,452,454,456,458,460,462,464,466,468,470,472,474,476,478,480,482,484,486,488,490,492,494,496,498,500,502,504,506,508,510,512,514,516,518,520,522,524,526,528,530,532,534,536,538,540,542,544,546,548,550,552,554,556,558,560,562,564,566,568,570,572,574,576,578,580,582,584,586,588,590,592,594,596,598,600,602,604,606,608,610,612,614,616,618,620,622,624,626,628,630,632,634,636,638
15	26884	0	128	2	1	0	0	1	22	236	5	30	30720	512	0	2	0	384,386,388,390,392,394,396,398,400,402,404,406,408,410,412,414,416,418,420,422,424,426,428,430,432,434,436,438,440,442,444,446,448,450,452,454,456,458,460,462,464,466,468,470,472,474,476,478,480,482,484,486,488,490,492,494,496,498,500,502,504,506,508,510,512,514,516,518,520,522,524,526,528,530,532,534,536,538,540,542,544,546,548,550,552,554,556,558,560,562,564,566,568,570,572,574,576,578,580,582,584,586,588,590,592,594,596,598,600,602,604,606,608,610,612,614,616,618,620,622,624,626,628,630,632,634,636,638
15	26888	0	128	2	1	0	0	1	22	236	5	30	30720	512	0	2	0	384,386,388,390,392,394,396,398,400,402,404,406,408,410,412,414,416,418,420,422,424,426,428,430,432,434,436,438,440,442,444,446,448,450,452,454,456,458,460,462,464,466,468,470,472,474,476,478,480,482,484,486,488,490,492,494,496,498,500,502,504,506,508,510,512,514,516,518,520,522,524,526,528,530,532,534,536,538,540,542,544,546,548,550,552,554,556,558,560,562,564,566,568,570,572,574,576,578,580,582,584,586,588,590,592,594,596,598,600,602,604,606,608,610,612,614,616,618,620,622,624,626,628,630,632,634,636,638
15	26896	0	128	2	1	0	0	1	22	236	5	30	30720	512	0	2	0	384,386,388,390,392,394,396,398,400,402,404,406,408,410,412,414,416,418,420,422,424,426,428,430,432,434,436,438,440,442,444,446,448,450,452,454,456,458,460,462,464,466,468,470,472,474,476,478,480,482,484,486,488,490,492,494,496,498,500,502,504,506,508,510,512,514,516,518,520,522,524,526,528,530,532,534,536,538,540,542,544,546,548,550,552,554,556,558,560,562,564,566,568,570,572,574,576,578,580,582,584,586,588,590,592,594,596,598,600,602,604,606,608,610,612,614,616,618,620,622,624,626,628,630,632,634,636,638
15	26912	0	128	2	1	0	0	1	22	236	5	30	30720	512	0	2	0	384,386,388,390,392,394,396,398,400,402,404,406,408,410,412,414,416,418,420,422,424,426,428,430,432,434,436,438,440,442,444,446,448,450,452,454,456,458,460,462,464,466,468,470,472,474,476,478,480,482,484,486,488,490,492,494,496,498,500,502,504,506,508,510,512,514,516,518,520,522,524,526,528,530,532,534,536,538,540,542,544,546,548,550,552,554,556,558,560,562,564,566,568,570,572,574,576,578,580,582,584,586,588,590,592,594,596,598,600,602,604,606,608,610,612,614,616,618,620,622,624,626,628,630,632,634,636,638
15	26944	0	128	2	1	0	0	1	22	236	5	30	30720	512	0	2	0	384,386,388,390,392,394,396,398,400,402,404,406,408,410,412,414,416,418,420,422,424,426,428,430,432,434,436,438,440,442,444,446,448,450,452,454,456,458,460,462,464,466,468,470,472,474,476,478,480,482,484,486,488,490,492,494,496,498,500,502,504,506,508,510,512,514,516,518,520,522,524,526,528,530,532,534,536,538,540,542,544,546,548,550,552,554,556,558,560,562,564,566,568,570,572,574,576,578,580,582,584,586,588,590,592,594,596,598,600,602,604,606,608,610,612,614,616,618,620,622,624,626,628,630,632,634,636,638
15	27008	0	128	2	1	0	0	1	22	236	5	30	30720	512	0	2	0	384,386,388,390,392,394,396,398,400,402,404,406,408,410,412,414,416,418,420,422,424,426,428,430,432,434,436,438,440,442,444,446,448,450,452,454,456,458,460,462,464,466,468,470,472,474,476,478,480,482,484,486,488,490,492,494,496,498,500,502,504,506,508,510,512,514,516,518,520,522,524,526,528,530,532,534,536,538,540,542,544,546,548,550,552,554,556,558,560,562,564,566,568,570,572,574,576,578,580,582,584,586,588,590,592,594,596,598,600,602,604,606,608,610,612,614,616,618,620,622,624,626,628,630,632,634,636,638
15	27137	0	128	2	1	0	0	1	22	236	5	30	30720	512	0	2	0	384,386,388,390,392,394,396,398,400,402,404,406,408,410,412,414,416,418,420,422,424,426,428,430,432,434,436,438,440,442,444,446,448,450,452,454,456,458,460,462,464,466,468,470,472,474,476,478,480,482,484,486,488,490,492,494,496,498,500,502,504,506,508,510,512,514,516,518,520,522,524,526,528,530,532,534,536,538,540,542,544,546,548,550,552,554,556,558,560,562,564,566,568,570,572,574,576,578,580,582,584,586,588,590,592,594,596,598,600,602,604,606,608,610,612,614,616,618,620,622,624,626,628,630,632,634,636,638
15	27138	0	128	2	1	0	0	1	22	236	5	30	30720	512	0	2	0	384,386,388,390,392,394,396,398,400,402,404,406,408,410,412,414,416,418,420,422,424,426,428,430,432,434,436,438,440,442,444,446,448,450,452,454,456,458,460,462,464,466,468,470,472,474,476,478,480,482,484,486,488,490,492,494,496,498,500,502,504,506,508,510,512,514,516,518,520,522,524,526,528,530,532,534,536,538,540,542,544,546,548,550,552,554,556,558,560,562,564,566,568,570,572,574,576,578,580,582,584,586,588,590,592,594,596,598,600,602,604,606,608,610,612,614,616,618,620,622,624,626,628,630,632,634,636,638
15	27140	0	128	2	1	0	0	1	22	236	5	30	30720	512	0	2	0	384,386,388,390,392,394,396,398,400,402,404,406,408,410,412,414,416,418,420,422,424,426,428,430,432,434,436,438,440,442,444,446,448,450,452,454,456,458,460,462,464,466,468,470,472,474,476,478,480,482,484,486,488,490,492,494,496,498,500,502,504,506,508,510,512,514,516,518,520,522,524,526,528,530,532,534,536,538,540,542,544,546,548,550,552,554,556,558,560,562,564,566,568,570,572,574,576,578,580,582,584,586,588,590,592,594,596,598,600,602,604,606,608,610,612,614,616,618,620,622,624,626,628,630,632,634,636,638
15	27144	0	128	2	1	0	0	1	22	236	5	30	30720	512	0	2	0	384,386,388,390,392,394,396,398,400,402,404,406,408,410,412,414,416,418,420,422,424,426,428,430,432,434,436,438,440,442,444,446,448,450,452,454,456,458,460,462,464,466,468,470,472,474,476,478,480,482,484,486,488,490,492,494,496,498,500,502,504,506,508,510,512,514,516,518,520,522,524,526,528,530,532,534,536,538,540,542,544,546,548,550,552,554,556,558,560,562,564,566,568,570,572,574,576,578,580,582,584,586,588,590,592,594,596,598,600,602,604,606,608,610,612,614,616,618,620,622,624,626,628,630,632,634,636,638
15	27152	0	128	2	1	0	0	1	22	236	5	30	30720	512	0	2	0	384,386,388,390,392,394,396,398,400,402,404,406,408,410,412,414,416,418,420,422,424,426,428,430,432,434,436,438,440,442,444,446,448,450,452,454,456,458,460,462,464,466,468,470,472,474,476,478,480,482,484,486,488,490,492,494,496,498,500,502,504,506,508,510,512,514,516,518,520,522,524,526,528,530,532,534,536,538,540,542,544,546,548,550,552,554,556,558,560,562,564,566,568,570,572,574,576,578,580,582,584,586,588,590,592,594,596,598,600,602,604,606,608,610,612,614,616,618,620,622,624,626,628,630,632,634,636,638
15	27168	0	128	2	1	0	0	1	22	236	5	30	30720	512	0	2	0	384,386,388,390,392,394,396,398,400,402,404,406,408,410,412,414,416,418,420,422,424,426,428,430,432,434,436,438,440,442,444,446,448,450,452,454,456,458,460,462,464,466,468,470,472,474,476,478,480,482,484,486,488,490,492,494,496,498,500,502,504,506,508,510,512,514,516,518,520,522,524,526,528,530,532,534,536,538,540,542,544,546,548,550,552,554,556,558,560,562,564,566,568,570,572,574,576,578,580,582,584,586,588,590,592,594,596,598,600,602,604,606,608,610,612,614,616,618,620,622,624,626,628,630,632,634,636,638
15	27200	0	128	2	1	0	0	1	22	236	5	30	30720	512	0	2	0	384,386,388,390,392,394,396,398,400,402,404,406,408,410,412,414,416,418,420,422,424,426,428,430,432,434,436,438,440,442,444,446,448,450,452,454,456,458,460,462,464,466,468,470,472,474,476,478,480,482,484,486,488,490,492,494,496,498,500,502,504,506,508,510,512,514,516,518,520,522,524,526,528,530,532,534,536,538,540,542,544,546,548,550,552,554,556,558,560,562,564,566,568,570,572,574,576,578,580,582,584,586,588,590,592,594,596,598,600,602,604,606,608,610,612,614,616,618,620,622,624,626,628,630,632,634,636,638
15	27264	0	128	2	1	0	0	1	22	236	5	30	30720	512	0	2	0	384,386,388,390,392,394,396,398,400,402,404,406,408,410,412,414,416,418,420,422,424,426,428,430,432,434,436,438,440,442,444,446,448,450,452,454,456,458,460,462,464,466,468,470,472,474,476,478,480,482,484,486,488,490,492,494,496,498,500,502,504,506,508,510,512,514,516,518,520,522,524,526,528,530,532,534,536,538,540,542,544,546,548,550,552,554,556,558,560,562,564,566,568,570,572,574,576,578,580,582,584,586,588,590,592,594,596,598,600,602,604,606,608,610,612,614,616,618,620,622,624,626,628,630,632,634,636,638
15	27392	0	256	2	1	0	0	1	21	94	5	31	30720	512	0	2	0	256,258,260,262,264,266,268,270,272,274,276,278,280,282,284,286,288,290,292,294,296,298,300,302,304,306,308,310,312,314,316,318,320,322,324,326,328,330,332,334,336,338,340,342,344,346,348,350,352,354,356,358,360,362,364,366,368,370,372,374,376,378,380,382,384,386,388,390,392,394,396,398,400,402,404,406,408,410,412,414,416,418,420,422,424,426,428,430,432,434,436,438,440,442,444,446,448,450,452,454,456,458,460,462,464,466,468,470,472,474,476,478,480,482,484,486,488,490,492,494,496,498,500,502,504,506,508,510,512,514,516,518,520,522,524,526,528,530,532,534,536,538,540,542,544,546,548,550,552,554,556,558,560,562,564,566,568,570,572,574,576,578,580,582,584,586,588,590,592,594,596,598,600,602,604,606,608,610,612,614,616,618,620,622,624,626,628,630,632,634,636,638,640,642,644,646,648,650,652,654,656,658,660,662,664,666,668,670,672,674,676,678,680,682,684,686,688,690,692,694,696,698,700,702,704,706,708,710,712,714,716,718,720,722,724,726,728,730,732,734,736,738,740,742,744,746,748,750,752,754,756,758,760,762,764,766
15	27649	0	128	2	1	0	0	1	22	236	5	30	30720	512	0	2	0	384,386,388,390,392,394,396,398,400,402,404,406,408,410,412,414,416,418,420,422,424,426,428,430,432,434,436,438,440,442,444,446,448,450,452,454,456,458,460,462,464,466,468,470,472,474,476,478,480,482,484,486,488,490,492,494,496,498,500,502,504,506,508,510,512,514,516,518,520,522,524,526,528,530,532,534,536,538,540,542,544,546,548,550,552,554,556,558,560,562,564,566,568,570,572,574,576,578,580,582,584,586,588,590,592,594,596,598,600,602,604,606,608,610,612,614,616,618,620,622,624,626,628,630,632,634,636,638
15	27650	0	128	2	1	0	0	1	22	236	5	30	30720	512	0	2	0	384,386,388,390,392,394,396,398,400,402,404,406,408,410,412,414,416,418,420,422,424,426,428,430,432,434,436,438,440,442,444,446,448,450,452,454,456,458,460,462,464,466,468,470,472,474,476,478,480,482,484,486,488,490,492,494,496,498,500,502,504,506,508,510,512,514,516,518,520,522,524,526,528,530,532,534,536,538,540,542,544,546,548,550,552,554,556,558,560,562,564,566,568,570,572,574,576,578,580,582,584,586,588,590,592,594,596,598,600,602,604,606,608,610,612,614,616,618,620,622,624,626,628,630,632,634,636,638
15	27652	0	128	2	1	0	0	1	22	236	5	30	30720	512	0	2	0	384,386,388,390,392,394,396,398,400,402,404,406,408,410,412,414,416,418,420,422,424,426,428,430,432,434,436,438,440,442,444,446,448,450,452,454,456,458,460,462,464,466,468,470,472,474,476,478,480,482,484,486,488,490,492,494,496,498,500,502,504,506,508,510,512,514,516,518,520,522,524,526,528,530,532,534,536,538,540,542,544,546,548,550,552,554,556,558,560,562,564,566,568,570,572,574,576,578,580,582,584,586,588,590,592,594,596,598,600,602,604,606,608,610,612,614,616,618,620,622,624,626,628,630,632,634,636,638
15	27656	0	128	2	1	0	0	1	22	236	5	30	30720	512	0	2	0	384,386,388,390,392,394,396,398,400,402,404,406,408,410,412,414,416,418,420,422,424,426,428,430,432,434,436,438,440,442,444,446,448,450,452,454,456,458,460,462,464,466,468,470,472,474,476,478,480,482,484,486,488,490,492,494,496,498,500,502,504,506,508,510,512,514,516,518,520,522,524,526,528,530,532,534,536,538,540,542,544,546,548,550,552,554,556,558,560,562,564,566,568,570,572,574,576,578,580,582,584,586,588,590,592,594,596,598,600,602,604,606,608,610,612,614,616,618,620,622,624,626,628,630,632,634,636,638
15	27664	0	128	2	1	0	0	1	22	236	5	30	30720	512	0	2	0	384,386,388,390,392,394,396,398,400,402,404,406,408,410,412,414,416,418,420,422,424,426,428,430,432,434,436,438,440,442,444,446,448,450,452,454,456,458,460,462,464,466,468,470,472,474,476,478,480,482,484,486,488,490,492,494,496,498,500,502,504,506,508,510,512,514,516,518,520,522,524,526,528,530,532,534,536,538,540,542,544,546,548,550,552,554,556,558,560,562,564,566,568,570,572,574,576,578,580,582,584,586,588,590,592,594,596,598,600,602,604,606,608,610,612,614,616,618,620,622,624,626,628,630,632,634,636,638
15	27680	0	128	2	1	0	0	1	22	236	5	30	30720	512	0	2	0	384,386,388,390,392,394,396,398,400,402,404,406,408,410,412,414,416,418,420,422,424,426,428,430,432,434,436,438,440,442,444,446,448,450,452,454,456,458,460,462,464,466,468,470,472,474,476,478,480,482,484,486,488,490,492,494,496,498,500,502,504,506,508,510,512,514,516,518,520,522,524,526,528,530,532,534,536,538,540,542,544,546,548,550,552,554,556,558,560,562,564,566,568,570,572,574,576,578,580,582,584,586,588,590,592,594,596,598,600,602,604,606,608,610,612,614,616,618,620,622,624,626,628,630,632,634,636,638
15	27712	0	128	2	1	0	0	1	22	236	5	30	30720	512	0	2	0	384,386,388,390,392,394,396,398,400,402,404,406,408,410,412,414,416,418,420,422,424,426,428,430,432,434,436,438,440,442,444,446,448,450,452,454,456,458,460,462,464,466,468,470,472,474,476,478,480,482,484,486,488,490,492,494,496,498,500,502,504,506,508,510,512,514,516,518,520,522,524,526,528,530,532,534,536,538,540,542,544,546,548,550,552,554,556,558,560,562,564,566,568,570,572,574,576,578,580,582,584,586,588,590,592,594,596,598,600,602,604,606,608,610,612,614,616,618,620,622,624,626,628,630,632,634,636,638
15	27776	0	128	2	1	0	0	1	22	236	5	30	30720	512	0	2	0	384,386,388,390,392,394,396,398,400,402,404,406,408,410,412,414,416,418,420,422,424,426,428,430,432,434,436,438,440,442,444,446,448,450,452,454,456,458,460,462,464,466,468,470,472,474,476,478,480,482,484,486,488,490,492,494,496,498,500,502,504,506,508,510,512,514,516,518,520,522,524,526,528,530,532,534,536,538,540,542,544,546,548,550,552,554,556,558,560,562,564,566,568,570,572,574,576,578,580,582,584,586,588,590,592,594,596,598,600,602,604,606,608,610,612,614,616,618,620,622,624,626,628,630,632,634,636,638
15	27904	0	256	2	1	0	0	1	21	94	5	31	30720	512	0	2	0	256,258,260,262,264,266,268,270,272,274,276,278,280,282,284,286,288,290,292,294,296,298,300,302,304,306,308,310,312,314,316,318,320,322,324,326,328,330,332,334,336,338,340,342,344,346,348,350,352,354,356,358,360,362,364,366,368,370,372,374,376,378,380,382,384,386,388,390,392,394,396,398,400,402,404,406,408,410,412,414,416,418,420,422,424,426,428,430,432,434,436,438,440,442,444,446,448,450,452,454,456,458,460,462,464,466,468,470,472,474,476,478,480,482,484,486,488,490,492,494,496,498,500,502,504,506,508,510,512,514,516,518,520,522,524,526,528,530,532,534,536,538,540,542,544,546,548,550,552,554,556,558,560,562,564,566,568,570,572,574,576,578,580,582,584,586,588,590,592,594,596,598,600,602,604,606,608,610,612,614,616,618,620,622,624,626,628,630,632,634,636,638,640,642,644,646,648,650,652,654,656,658,660,662,664,666,668,670,672,674,676,678,680,682,684,686,688,690,692,694,696,698,700,702,704,706,708,710,712,714,716,718,720,722,724,726,728,730,732,734,736,738,740,742,744,746,748,750,752,754,756,758,760,762,764,766
15	28160	0	256	2	1	0	0	1	21	94	5	31	30720	512	0	2	0	256,258,260,262,264,266,268,270,272,274,276,278,280,282,284,286,288,290,292,294,296,298,300,302,304,306,308,310,312,314,316,318,320,322,324,326,328,330,332,334,336,338,340,342,344,346,348,350,352,354,356,358,360,362,364,366,368,370,372,374,376,378,380,382,384,386,388,390,392,394,396,398,400,402,404,406,408,410,412,414,416,418,420,422,424,426,428,430,432,434,436,438,440,442,444,446,448,450,452,454,456,458,460,462,464,466,468,470,472,474,476,478,480,482,484,486,488,490,492,494,496,498,500,502,504,506,508,510,512,514,516,518,520,522,524,526,528,530,532,534,536,538,540,542,544,546,548,550,552,554,556,558,560,562,564,566,568,570,572,574,576,578,580,582,584,586,588,590,592,594,596,598,600,602,604,606,608,610,612,614,616,618,620,622,624,626,628,630,632,634,636,638,640,642,644,646,648,650,652,654,656,658,660,662,664,666,668,670,672,674,676,678,680,682,684,686,688,690,692,694,696,698,700,702,704,706,708,710,712,714,716,718,720,722,724,726,728,730,732,734,736,738,740,742,744,746,748,750,752,754,756,758,760,762,764,766
15	28675	0	64	2	1	0	0	1	19	94	5	29	30720	512	0	2	0	448,450,452,454,456,458,460,462,464,466,468,470,472,474,476,478,480,482,484,486,488,490,492,494,496,498,500,502,504,506,508,510,512,514,516,518,520,522,524,526,528,530,532,534,536,538,540,542,544,546,548,550,552,554,556,558,560,562,564,566,568,570,572,574
15	28677	0	64	2	1	0	0	1	19	94	5	29	30720	512	0	2	0	448,450,452,454,456,458,460,462,464,466,468,470,472,474,476,478,480,482,484,486,488,490,492,494,496,498,500,502,504,506,508,510,512,514,516,518,520,522,524,526,528,530,532,534,536,538,540,542,544,546,548,550,552,554,556,558,560,562,564,566,568,570,572,574
15	28678	0	64	2	1	0	0	1	19	94	5	29	30720	512	0	2	0	448,450,452,454,456,458,460,462,464,466,468,470,472,474,476,478,480,482,484,486,488,490,492,494,496,498,500,502,504,506,508,510,512,514,516,518,520,522,524,526,528,530,532,534,536,538,540,542,544,546,548,550,552,554,556,558,560,562,564,566,568,570,572,574
15	28681	0	64	2	1	0	0	1	19	94	5	29	30720	512	0	2	0	448,450,452,454,456,458,460,462,464,466,468,470,472,474,476,478,480,482,484,486,488,490,492,494,496,498,500,502,504,506,508,510,512,514,516,518,520,522,524,526,528,530,532,534,536,538,540,542,544,546,548,550,552,554,556,558,560,562,564,566,568,570,572,574
15	28682	0	64	2	1	0	0	1	19	94	5	29	30720	512	0	2	0	448,450,452,454,456,458,460,462,464,466,468,470,472,474,476,478,480,482,484,486,488,490,492,494,496,498,500,502,504,506,508,510,512,514,516,518,520,522,524,526,528,530,532,534,536,538,540,542,544,546,548,550,552,554,556,558,560,562,564,566,568,570,572,574
15	28684	0	64	2	1	0	0	1	19	94	5	29	30720	512	0	2	0	448,450,452,454,456,458,460,462,464,466,468,470,472,474,476,478,480,482,484,486,488,490,492,494,496,498,500,502,504,506,508,510,512,514,516,518,520,522,524,526,528,530,532,534,536,538,540,542,544,546,548,550,552,554,556,558,560,562,564,566,568,570,572,574
15	28689	0	64	2	1	0	0	1	19	94	5	29	30720	512	0	2	0	448,450,452,454,456,458,460,462,464,466,468,470,472,474,476,478,480,482,484,486,488,490,492,494,496,498,500,502,504,506,508,510,512,514,516,518,520,522,524,526,528,530,532,534,536,538,540,542,544,546,548,550,552,554,556,558,560,562,564,566,568,570,572,574
15	28690	0	64	2	1	0	0	1	19	94	5	29	30720	512	0	2	0	448,450,452,454,456,458,460,462,464,466,468,470,472,474,476,478,480,482,484,486,488,490,492,494,496,498,500,502,504,506,508,510,512,514,516,518,520,522,524,526,528,530,532,534,536,538,540,542,544,546,548,550,552,554,556,558,560,562,564,566,568,570,572,574
15	28692	0	64	2	1	0	0	1	19	94	5	29	30720	512	0	2	0	448,450,452,454,456,458,460,462,464,466,468,470,472,474,476,478,480,482,484,486,488,490,492,494,496,498,500,502,504,506,508,510,512,514,516,518,520,522,524,526,528,530,532,534,536,538,540,542,544,546,548,550,552,554,556,558,560,562,564,566,568,570,572,574
15	28696	0	64	2	1	0	0	1	19	94	5	29	30720	512	0	2	0	448,450,452,454,456,458,460,462,464,466,468,470,472,474,476,478,480,482,484,486,488,490,492,494,496,498,500,502,504,506,508,510,512,514,516,518,520,522,524,526,528,530,532,534,536,538,540,542,544,546,548,550,552,554,556,558,560,562,564,566,568,570,572,574
15	28705	0	64	2	1	0	0	1	19	94	5	29	30720	512	0	2	0	448,450,452,454,456,458,460,462,464,466,468,470,472,474,476,478,480,482,484,486,488,490,492,494,496,498,500,502,504,506,508,510,512,514,516,518,520,522,524,526,528,530,532,534,536,538,540,542,544,546,548,550,552,554,556,558,560,562,564,566,568,570,572,574
15	28706	0	64	2	1	0	0	1	19	94	5	29	30720	512	0	2	0	448,450,452,454,456,458,460,462,464,466,468,470,472,474,476,478,480,482,484,486,488,490,492,494,496,498,500,502,504,506,508,510,512,514,516,518,520,522,524,526,528,530,532,534,536,538,540,542,544,546,548,550,552,554,556,558,560,562,564,566,568,570,572,574
15	28708	0	64	2	1	0	0	1	19	94	5	29	30720	512	0	2	0	448,450,452,454,456,458,460,462,464,466,468,470,472,474,476,478,480,482,484,486,488,490,492,494,496,498,500,502,504,506,508,510,512,514,516,518,520,522,524,526,528,530,532,534,536,538,540,542,544,546,548,550,552,554,556,558,560,562,564,566,568,570,572,574
15	28712	0	64	2	1	0	0	1	19	94	5	29	30720	512	0	2	0	448,450,452,454,456,458,460,462,464,466,468,470,472,474,476,478,480,482,484,486,488,490,492,494,496,498,500,502,504,506,508,510,512,514,516,518,520,522,524,526,528,530,532,534,536,538,540,542,544,546,548,550,552,554,556,558,560,562,564,566,568,570,572,574
15	28720	0	64	2	1	0	0	1	19	94	5	29	30720	512	0	2	0	448,450,452,454,456,458,460,462,464,466,468,470,472,474,476,478,480,482,484,486,488,490,492,494,496,498,500,502,504,506,508,510,512,514,516,518,520,522,524,526,528,530,532,534,536,538,540,542,544,546,548,550,552,554,556,558,560,562,564,566,568,570,572,574
15	28737	0	64	2	1	0	0	1	19	94	5	29	30720	512	0	2	0	448,450,452,454,456,458,460,462,464,466,468,470,472,474,476,478,480,482,484,486,488,490,492,494,496,498,500,502,504,506,508,510,512,514,516,518,520,522,524,526,528,530,532,534,536,538,540,542,544,546,548,550,552,554,556,558,560,562,564,566,568,570,572,574
15	28738	0	64	2	1	0	0	1	19	94	5	29	30720	512	0	2	0	448,450,452,454,456,458,460,462,464,466,468,470,472,474,476,478,480,482,484,486,488,490,492,494,496,498,500,502,504,506,508,510,512,514,516,518,520,522,524,526,528,530,532,534,536,538,540,542,544,546,548,550,552,554,556,558,560,562,564,566,568,570,572,574
15	28740	0	64	2	1	0	0	1	19	94	5	29	30720	512	0	2	0	448,450,452,454,456,458,460,462,464,466,468,470,472,474,476,478,480,482,484,486,488,490,492,494,496,498,500,502,504,506,508,510,512,514,516,518,520,522,524,526,528,530,532,534,536,538,540,542,544,546,548,550,552,554,556,558,560,562,564,566,568,570,572,574
15	28744	0	64	2	1	0	0	1	19	94	5	29	30720	512	0	2	0	448,450,452,454,456,458,460,462,464,466,468,470,472,474,476,478,480,482,484,486,488,490,492,494,496,498,500,502,504,506,508,510,512,514,516,518,520,522,524,526,528,530,532,534,536,538,540,542,544,546,548,550,552,554,556,558,560,562,564,566,568,570,572,574
15	28752	0	64	2	1	0	0	1	19	94	5	29	30720	512	0	2	0	448,450,452,454,456,458,460,462,464,466,468,470,472,474,476,478,480,482,484,486,488,490,492,494,496,498,500,502,504,506,508,510,512,514,516,518,520,522,524,526,528,530,532,534,536,538,540,542,544,546,548,550,552,554,556,558,560,562,564,566,568,570,572,574
15	28768	0	64	2	1	0	0	1	19	94	5	29	30720	512	0	2	0	448,450,452,454,456,458,460,462,464,466,468,470,472,474,476,478,480,482,484,486,488,490,492,494,496,498,500,502,504,506,508,510,512,514,516,518,520,522,524,526,528,530,532,534,536,538,540,542,544,546,548,550,552,554,556,558,560,562,564,566,568,570,572,574
15	28801	0	64	2	1	0	0	1	19	94	5	29	30720	512	0	2	0	448,450,452,454,456,458,460,462,464,466,468,470,472,474,476,478,480,482,484,486,488,490,492,494,496,498,500,502,504,506,508,510,512,514,516,518,520,522,524,526,528,530,532,534,536,538,540,542,544,546,548,550,552,554,556,558,560,562,564,566,568,570,572,574
15	28802	0	64	2	1	0	0	1	19	94	5	29	30720	512	0	2	0	448,450,452,454,456,458,460,462,464,466,468,470,472,474,476,478,480,482,484,486,488,490,492,494,496,498,500,502,504,506,508,510,512,514,516,518,520,522,524,526,528,530,532,534,536,538,540,542,544,546,548,550,552,554,556,558,560,562,564,566,568,570,572,574
15	28804	0	64	2	1	0	0	1	19	94	5	29	30720	512	0	2	0	448,450,452,454,456,458,460,462,464,466,468,470,472,474,476,478,480,482,484,486,488,490,492,494,496,498,500,502,504,506,508,510,512,514,516,518,520,522,524,526,528,530,532,534,536,538,540,542,544,546,548,550,552,554,556,558,560,562,564,566,568,570,572,574
15	28808	0	64	2	1	0	0	1	19	94	5	29	30720	512	0	2	0	448,450,452,454,456,458,460,462,464,466,468,470,472,474,476,478,480,482,484,486,488,490,492,494,496,498,500,502,504,506,508,510,512,514,516,518,520,522,524,526,528,530,532,534,536,538,540,542,544,546,548,550,552,554,556,558,560,562,564,566,568,570,572,574
15	28816	0	64	2	1	0	0	1	19	94	5	29	30720	512	0	2	0	448,450,452,454,456,458,460,462,464,466,468,470,472,474,476,478,480,482,484,486,488,490,492,494,496,498,500,502,504,506,508,510,512,514,516,518,520,522,524,526,528,530,532,534,536,538,540,542,544,546,548,550,552,554,556,558,560,562,564,566,568,570,572,574
15	28832	0	64	2	1	0	0	1	19	94	5	29	30720	512	0	2	0	448,450,452,454,456,458,460,462,464,466,468,470,472,474,476,478,480,482,484,486,488,490,492,494,496,498,500,502,504,506,508,510,512,514,516,518,520,522,524,526,528,530,532,534,536,538,540,542,544,546,548,550,552,554,556,558,560,562,564,566,568,570,572,574
15	28864	0	64	2	1	0	0	1	19	94	5	29	30720	512	0	2	0	448,450,452,454,456,458,460,462,464,466,468,470,472,474,476,478,480,482,484,486,488,490,492,494,496,498,500,502,504,506,508,510,512,514,516,518,520,522,524,526,528,530,532,534,536,538,540,542,544,546,548,550,552,554,556,558,560,562,564,566,568,570,572,574
15	28929	0	128	2	1	0	0	1	22	236	5	30	30720	512	0	2	0	384,386,388,390,392,394,396,398,400,402,404,406,408,410,412,414,416,418,420,422,424,426,428,430,432,434,436,438,440,442,444,446,448,450,452,454,456,458,460,462,464,466,468,470,472,474,476,478,480,482,484,486,488,490,492,494,496,498,500,502,504,506,508,510,512,514,516,518,520,522,524,526,528,530,532,534,536,538,540,542,544,546,548,550,552,554,556,558,560,562,564,566,568,570,572,574,576,578,580,582,584,586,588,590,592,594,596,598,600,602,604,606,608,610,612,614,616,618,620,622,624,626,628,630,632,634,636,638
15	28930	0	128	2	1	0	0	1	22	236	5	30	30720	512	0	2	0	384,386,388,390,392,394,396,398,400,402,404,406,408,410,412,414,416,418,420,422,424,426,428,430,432,434,436,438,440,442,444,446,448,450,452,454,456,458,460,462,464,466,468,470,472,474,476,478,480,482,484,486,488,490,492,494,496,498,500,502,504,506,508,510,512,514,516,518,520,522,524,526,528,530,532,534,536,538,540,542,544,546,548,550,552,554,556,558,560,562,564,566,568,570,572,574,576,578,580,582,584,586,588,590,592,594,596,598,600,602,604,606,608,610,612,614,616,618,620,622,624,626,628,630,632,634,636,638
15	28932	0	128	2	1	0	0	1	22	236	5	30	30720	512	0	2	0	384,386,388,390,392,394,396,398,400,402,404,406,408,410,412,414,416,418,420,422,424,426,428,430,432,434,436,438,440,442,444,446,448,450,452,454,456,458,460,462,464,466,468,470,472,474,476,478,480,482,484,486,488,490,492,494,496,498,500,502,504,506,508,510,512,514,516,518,520,522,524,526,528,530,532,534,536,538,540,542,544,546,548,550,552,554,556,558,560,562,564,566,568,570,572,574,576,578,580,582,584,586,588,590,592,594,596,598,600,602,604,606,608,610,612,614,616,618,620,622,624,626,628,630,632,634,636,638
15	28936	0	128	2	1	0	0	1	22	236	5	30	30720	512	0	2	0	384,386,388,390,392,394,396,398,400,402,404,406,408,410,412,414,416,418,420,422,424,426,428,430,432,434,436,438,440,442,444,446,448,450,452,454,456,458,460,462,464,466,468,470,472,474,476,478,480,482,484,486,488,490,492,494,496,498,500,502,504,506,508,510,512,514,516,518,520,522,524,526,528,530,532,534,536,538,540,542,544,546,548,550,552,554,556,558,560,562,564,566,568,570,572,574,576,578,580,582,584,586,588,590,592,594,596,598,600,602,604,606,608,610,612,614,616,618,620,622,624,626,628,630,632,634,636,638
15	28944	0	128	2	1	0	0	1	22	236	5	30	30720	512	0	2	0	384,386,388,390,392,394,396,398,400,402,404,406,408,410,412,414,416,418,420,422,424,426,428,430,432,434,436,438,440,442,444,446,448,450,452,454,456,458,460,462,464,466,468,470,472,474,476,478,480,482,484,486,488,490,492,494,496,498,500,502,504,506,508,510,512,514,516,518,520,522,524,526,528,530,532,534,536,538,540,542,544,546,548,550,552,554,556,558,560,562,564,566,568,570,572,574,576,578,580,582,584,586,588,590,592,594,596,598,600,602,604,606,608,610,612,614,616,618,620,622,624,626,628,630,632,634,636,638
15	28960	0	128	2	1	0	0	1	22	236	5	30	30720	512	0	2	0	384,386,388,390,392,394,396,398,400,402,404,406,408,410,412,414,416,418,420,422,424,426,428,430,432,434,436,438,440,442,444,446,448,450,452,454,456,458,460,462,464,466,468,470,472,474,476,478,480,482,484,486,488,490,492,494,496,498,500,502,504,506,508,510,512,514,516,518,520,522,524,526,528,530,532,534,536,538,540,542,544,546,548,550,552,554,556,558,560,562,564,566,568,570,572,574,576,578,580,582,584,586,588,590,592,594,596,598,600,602,604,606,608,610,612,614,616,618,620,622,624,626,628,630,632,634,636,638
15	28992	0	128	2	1	0	0	1	22	236	5	30	30720	512	0	2	0	384,386,388,390,392,394,396,398,400,402,404,406,408,410,412,414,416,418,420,422,424,426,428,430,432,434,436,438,440,442,444,446,448,450,452,454,456,458,460,462,464,466,468,470,472,474,476,478,480,482,484,486,488,490,492,494,496,498,500,502,504,506,508,510,512,514,516,518,520,522,524,526,528,530,532,534,536,538,540,542,544,546,548,550,552,554,556,558,560,562,564,566,568,570,572,574,576,578,580,582,584,586,588,590,592,594,596,598,600,602,604,606,608,610,612,614,616,618,620,622,624,626,628,630,632,634,636,638
15	29056	0	128	2	1	0	0	1	22	236	5	30	30720	512	0	2	0	384,386,388,390,392,394,396,398,400,402,404,406,408,410,412,414,416,418,420,422,424,426,428,430,432,434,436,438,440,442,444,446,448,450,452,454,456,458,460,462,464,466,468,470,472,474,476,478,480,482,484,486,488,490,492,494,496,498,500,502,504,506,508,510,512,514,516,518,520,522,524,526,528,530,532,534,536,538,540,542,544,546,548,550,552,554,556,558,560,562,564,566,568,570,572,574,576,578,580,582,584,586,588,590,592,594,596,598,600,602,604,606,608,610,612,614,616,618,620,622,624,626,628,630,632,634,636,638
15	29185	0	128	2	1	0	0	1	22	236	5	30	30720	512	0	2	0	384,386,388,390,392,394,396,398,400,402,404,406,408,410,412,414,416,418,420,422,424,426,428,430,432,434,436,438,440,442,444,446,448,450,452,454,456,458,460,462,464,466,468,470,472,474,476,478,480,482,484,486,488,490,492,494,496,498,500,502,504,506,508,510,512,514,516,518,520,522,524,526,528,530,532,534,536,538,540,542,544,546,548,550,552,554,556,558,560,562,564,566,568,570,572,574,576,578,580,582,584,586,588,590,592,594,596,598,600,602,604,606,608,610,612,614,616,618,620,622,624,626,628,630,632,634,636,638
15	29186	0	128	2	1	0	0	1	22	236	5	30	30720	512	0	2	0	384,386,388,390,392,394,396,398,400,402,404,406,408,410,412,414,416,418,420,422,424,426,428,430,432,434,436,438,440,442,444,446,448,450,452,454,456,458,460,462,464,466,468,470,472,474,476,478,480,482,484,486,488,490,492,494,496,498,500,502,504,506,508,510,512,514,516,518,520,522,524,526,528,530,532,534,536,538,540,542,544,546,548,550,552,554,556,558,560,562,564,566,568,570,572,574,576,578,580,582,584,586,588,590,592,594,596,598,600,602,604,606,608,610,612,614,616,618,620,622,624,626,628,630,632,634,636,638
15	29188	0	128	2	1	0	0	1	22	236	5	30	30720	512	0	2	0	384,386,388,390,392,394,396,398,400,402,404,406,408,410,412,414,416,418,420,422,424,426,428,430,432,434,436,438,440,442,444,446,448,450,452,454,456,458,460,462,464,466,468,470,472,474,476,478,480,482,484,486,488,490,492,494,496,498,500,502,504,506,508,510,512,514,516,518,520,522,524,526,528,530,532,534,536,538,540,542,544,546,548,550,552,554,556,558,560,562,564,566,568,570,572,574,576,578,580,582,584,586,588,590,592,594,596,598,600,602,604,606,608,610,612,614,616,618,620,622,624,626,628,630,632,634,636,638
15	29192	0	128	2	1	0	0	1	22	236	5	30	30720	512	0	2	0	384,386,388,390,392,394,396,398,400,402,404,406,408,410,412,414,416,418,420,422,424,426,428,430,432,434,436,438,440,442,444,446,448,450,452,454,456,458,460,462,464,466,468,470,472,474,476,478,480,482,484,486,488,490,492,494,496,498,500,502,504,506,508,510,512,514,516,518,520,522,524,526,528,530,532,534,536,538,540,542,544,546,548,550,552,554,556,558,560,562,564,566,568,570,572,574,576,578,580,582,584,586,588,590,592,594,596,598,600,602,604,606,608,610,612,614,616,618,620,622,624,626,628,630,632,634,636,638
15	29200	0	128	2	1	0	0	1	22	236	5	30	30720	512	0	2	0	384,386,388,390,392,394,396,398,400,402,404,406,408,410,412,414,416,418,420,422,424,426,428,430,432,434,436,438,440,442,444,446,448,450,452,454,456,458,460,462,464,466,468,470,472,474,476,478,480,482,484,486,488,490,492,494,496,498,500,502,504,506,508,510,512,514,516,518,520,522,524,526,528,530,532,534,536,538,540,542,544,546,548,550,552,554,556,558,560,562,564,566,568,570,572,574,576,578,580,582,584,586,588,590,592,594,596,598,600,602,604,606,608,610,612,614,616,618,620,622,624,626,628,630,632,634,636,638
15	29216	0	128	2	1	0	0	1	22	236	5	30	30720	512	0	2	0	384,386,388,390,392,394,396,398,400,402,404,406,408,410,412,414,416,418,420,422,424,426,428,430,432,434,436,438,440,442,444,446,448,450,452,454,456,458,460,462,464,466,468,470,472,474,476,478,480,482,484,486,488,490,492,494,496,498,500,502,504,506,508,510,512,514,516,518,520,522,524,526,528,530,532,534,536,538,540,542,544,546,548,550,552,554,556,558,560,562,564,566,568,570,572,574,576,578,580,582,584,586,588,590,592,594,596,598,600,602,604,606,608,610,612,614,616,618,620,622,624,626,628,630,632,634,636,638
15	29248	0	128	2	1	0	0	1	22	236	5	30	30720	512	0	2	0	384,386,388,390,392,394,396,398,400,402,404,406,408,410,412,414,416,418,420,422,424,426,428,430,432,434,436,438,440,442,444,446,448,450,452,454,456,458,460,462,464,466,468,470,472,474,476,478,480,482,484,486,488,490,492,494,496,498,500,502,504,506,508,510,512,514,516,518,520,522,524,526,528,530,532,534,536,538,540,542,544,546,548,550,552,554,556,558,560,562,564,566,568,570,572,574,576,578,580,582,584,586,588,590,592,594,596,598,600,602,604,606,608,610,612,614,616,618,620,622,624,626,628,630,632,634,636,638
15	29312	0	128	2	1	0	0	1	22	236	5	30	30720	512	0	2	0	384,386,388,390,392,394,396,398,400,402,404,406,408,410,412,414,416,418,420,422,424,426,428,430,432,434,436,438,440,442,444,446,448,450,452,454,456,458,460,462,464,466,468,470,472,474,476,478,480,482,484,486,488,490,492,494,496,498,500,502,504,506,508,510,512,514,516,518,520,522,524,526,528,530,532,534,536,538,540,542,544,546,548,550,552,554,556,558,560,562,564,566,568,570,572,574,576,578,580,582,584,586,588,590,592,594,596,598,600,602,604,606,608,610,612,614,616,618,620,622,624,626,628,630,632,634,636,638
15	29440	0	256	2	1	0	0	1	21	94	5	31	30720	512	0	2	0	256,258,260,262,264,266,268,270,272,274,276,278,280,282,284,286,288,290,292,294,296,298,300,302,304,306,308,310,312,314,316,318,320,322,324,326,328,330,332,334,336,338,340,342,344,346,348,350,352,354,356,358,360,362,364,366,368,370,372,374,376,378,380,382,384,386,388,390,392,394,396,398,400,402,404,406,408,410,412,414,416,418,420,422,424,426,428,430,432,434,436,438,440,442,444,446,448,450,452,454,456,458,460,462,464,466,468,470,472,474,476,478,480,482,484,486,488,490,492,494,496,498,500,502,504,506,508,510,512,514,516,518,520,522,524,526,528,530,532,534,536,538,540,542,544,546,548,550,552,554,556,558,560,562,564,566,568,570,572,574,576,578,580,582,584,586,588,590,592,594,596,598,600,602,604,606,608,610,612,614,616,618,620,622,624,626,628,630,632,634,636,638,640,642,644,646,648,650,652,654,656,658,660,662,664,666,668,670,672,674,676,678,680,682,684,686,688,690,692,694,696,698,700,702,704,706,708,710,712,714,716,718,720,722,724,726,728,730,732,734,736,738,740,742,744,746,748,750,752,754,756,758,760,762,764,766
15	29697	0	128	2	1	0	0	1	22	236	5	30	30720	512	0	2	0	384,386,388,390,392,394,396,398,400,402,404,406,408,410,412,414,416,418,420,422,424,426,428,430,432,434,436,438,440,442,444,446,448,450,452,454,456,458,460,462,464,466,468,470,472,474,476,478,480,482,484,486,488,490,492,494,496,498,500,502,504,506,508,510,512,514,516,518,520,522,524,526,528,530,532,534,536,538,540,542,544,546,548,550,552,554,556,558,560,562,564,566,568,570,572,574,576,578,580,582,584,586,588,590,592,594,596,598,600,602,604,606,608,610,612,614,616,618,620,622,624,626,628,630,632,634,636,638
15	29698	0	128	2	1	0	0	1	22	236	5	30	30720	512	0	2	0	384,386,388,390,392,394,396,398,400,402,404,406,408,410,412,414,416,418,420,422,424,426,428,430,432,434,436,438,440,442,444,446,448,450,452,454,456,458,460,462,464,466,468,470,472,474,476,478,480,482,484,486,488,490,492,494,496,498,500,502,504,506,508,510,512,514,516,518,520,522,524,526,528,530,532,534,536,538,540,542,544,546,548,550,552,554,556,558,560,562,564,566,568,570,572,574,576,578,580,582,584,586,588,590,592,594,596,598,600,602,604,606,608,610,612,614,616,618,620,622,624,626,628,630,632,634,636,638
15	29700	0	128	2	1	0	0	1	22	236	5	30	30720	512	0	2	0	384,386,388,390,392,394,396,398,400,402,404,406,408,410,412,414,416,418,420,422,424,426,428,430,432,434,436,438,440,442,444,446,448,450,452,454,456,458,460,462,464,466,468,470,472,474,476,478,480,482,484,486,488,490,492,494,496,498,500,502,504,506,508,510,512,514,516,518,520,522,524,526,528,530,532,534,536,538,540,542,544,546,548,550,552,554,556,558,560,562,564,566,568,570,572,574,576,578,580,582,584,586,588,590,592,594,596,598,600,602,604,606,608,610,612,614,616,618,620,622,624,626,628,630,632,634,636,638
15	29704	0	128	2	1	0	0	1	22	236	5	30	30720	512	0	2	0	384,386,388,390,392,394,396,398,400,402,404,406,408,410,412,414,416,418,420,422,424,426,428,430,432,434,436,438,440,442,444,446,448,450,452,454,456,458,460,462,464,466,468,470,472,474,476,478,480,482,484,486,488,490,492,494,496,498,500,502,504,506,508,510,512,514,516,518,520,522,524,526,528,530,532,534,536,538,540,542,544,546,548,550,552,554,556,558,560,562,564,566,568,570,572,574,576,578,580,582,584,586,588,590,592,594,596,598,600,602,604,606,608,610,612,614,616,618,620,622,624,626,628,630,632,634,636,638
15	29712	0	128	2	1	0	0	1	22	236	5	30	30720	512	0	2	0	384,386,388,390,392,394,396,398,400,402,404,406,408,410,412,414,416,418,420,422,424,426,428,430,432,434,436,438,440,442,444,446,448,450,452,454,456,458,460,462,464,466,468,470,472,474,476,478,480,482,484,486,488,490,492,494,496,498,500,502,504,506,508,510,512,514,516,518,520,522,524,526,528,530,532,534,536,538,540,542,544,546,548,550,552,554,556,558,560,562,564,566,568,570,572,574,576,578,580,582,584,586,588,590,592,594,596,598,600,602,604,606,608,610,612,614,616,618,620,622,624,626,628,630,632,634,636,638
15	29728	0	128	2	1	0	0	1	22	236	5	30	30720	512	0	2	0	384,386,388,390,392,394,396,398,400,402,404,406,408,410,412,414,416,418,420,422,424,426,428,430,432,434,436,438,440,442,444,446,448,450,452,454,456,458,460,462,464,466,468,470,472,474,476,478,480,482,484,486,488,490,492,494,496,498,500,502,504,506,508,510,512,514,516,518,520,522,524,526,528,530,532,534,536,538,540,542,544,546,548,550,552,554,556,558,560,562,564,566,568,570,572,574,576,578,580,582,584,586,588,590,592,594,596,598,600,602,604,606,608,610,612,614,616,618,620,622,624,626,628,630,632,634,636,638
15	29760	0	128	2	1	0	0	1	22	236	5	30	30720	512	0	2	0	384,386,388,390,392,394,396,398,400,402,404,406,408,410,412,414,416,418,420,422,424,426,428,430,432,434,436,438,440,442,444,446,448,450,452,454,456,458,460,462,464,466,468,470,472,474,476,478,480,482,484,486,488,490,492,494,496,498,500,502,504,506,508,510,512,514,516,518,520,522,524,526,528,530,532,534,536,538,540,542,544,546,548,550,552,554,556,558,560,562,564,566,568,570,572,574,576,578,580,582,584,586,588,590,592,594,596,598,600,602,604,606,608,610,612,614,616,618,620,622,624,626,628,630,632,634,636,638
15	29824	0	128	2	1	0	0	1	22	236	5	30	30720	512	0	2	0	384,386,388,390,392,394,396,398,400,402,404,406,408,410,412,414,416,418,420,422,424,426,428,430,432,434,436,438,440,442,444,446,448,450,452,454,456,458,460,462,464,466,468,470,472,474,476,478,480,482,484,486,488,490,492,494,496,498,500,502,504,506,508,510,512,514,516,518,520,522,524,526,528,530,532,534,536,538,540,542,544,546,548,550,552,554,556,558,560,562,564,566,568,570,572,574,576,578,580,582,584,586,588,590,592,594,596,598,600,602,604,606,608,610,612,614,616,618,620,622,624,626,628,630,632,634,636,638
15	29952	0	256	2	1	0	0	1	21	94	5	31	30720	512	0	2	0	256,258,260,262,264,266,268,270,272,274,276,278,280,282,284,286,288,290,292,294,296,298,300,302,304,306,308,310,312,314,316,318,320,322,324,326,328,330,332,334,336,338,340,342,344,346,348,350,352,354,356,358,360,362,364,366,368,370,372,374,376,378,380,382,384,386,388,390,392,394,396,398,400,402,404,406,408,410,412,414,416,418,420,422,424,426,428,430,432,434,436,438,440,442,444,446,448,450,452,454,456,458,460,462,464,466,468,470,472,474,476,478,480,482,484,486,488,490,492,494,496,498,500,502,504,506,508,510,512,514,516,518,520,522,524,526,528,530,532,534,536,538,540,542,544,546,548,550,552,554,556,558,560,562,564,566,568,570,572,574,576,578,580,582,584,586,588,590,592,594,596,598,600,602,604,606,608,610,612,614,616,618,620,622,624,626,628,630,632,634,636,638,640,642,644,646,648,650,652,654,656,658,660,662,664,666,668,670,672,674,676,678,680,682,684,686,688,690,692,694,696,698,700,702,704,706,708,710,712,714,716,718,720,722,724,726,728,730,732,734,736,738,740,742,744,746,748,750,752,754,756,758,760,762,764,766
15	30208	0	256	2	1	0	0	1	21	94	5	31	30720	512	0	2	0	256,258,260,262,264,266,268,270,272,274,276,278,280,282,284,286,288,290,292,294,296,298,300,302,304,306,308,310,312,314,316,318,320,322,324,326,328,330,332,334,336,338,340,342,344,346,348,350,352,354,356,358,360,362,364,366,368,370,372,374,376,378,380,382,384,386,388,390,392,394,396,398,400,402,404,406,408,410,412,414,416,418,420,422,424,426,428,430,432,434,436,438,440,442,444,446,448,450,452,454,456,458,460,462,464,466,468,470,472,474,476,478,480,482,484,486,488,490,492,494,496,498,500,502,504,506,508,510,512,514,516,518,520,522,524,526,528,530,532,534,536,538,540,542,544,546,548,550,552,554,556,558,560,562,564,566,568,570,572,574,576,578,580,582,584,586,588,590,592,594,596,598,600,602,604,606,608,610,612,614,616,618,620,622,624,626,628,630,632,634,636,638,640,642,644,646,648,650,652,654,656,658,660,662,664,666,668,670,672,674,676,678,680,682,684,686,688,690,692,694,696,698,700,702,704,706,708,710,712,714,716,718,720,722,724,726,728,730,732,734,736,738,740,742,744,746,748,750,752,754,756,758,760,762,764,766
15	30721	0	512	2	1	0	0	1	23	77	4	31	30720	0	0	2	0	0,2,4,6,8,10,12,14,16,18,20,22,24,26,28,30,32,34,36,38,40,42,44,46,48,50,52,54,56,58,60,62,64,66,68,70,72,74,76,78,80,82,84,86,88,90,92,94,96,98,100,102,104,106,108,110,112,114,116,118,120,122,124,126,128,130,132,134,136,138,140,142,144,146,148,150,152,154,156,158,160,162,164,166,168,170,172,174,176,178,180,182,184,186,188,190,192,194,196,198,200,202,204,206,208,210,212,214,216,218,220,222,224,226,228,230,232,234,236,238,240,242,244,246,248,250,252,254,256,258,260,262,264,266,268,270,272,274,276,278,280,282,284,286,288,290,292,294,296,298,300,302,304,306,308,310,312,314,316,318,320,322,324,326,328,330,332,334,336,338,340,342,344,346,348,350,352,354,356,358,360,362,364,366,368,370,372,374,376,378,380,382,384,386,388,390,392,394,396,398,400,402,404,406,408,410,412,414,416,418,420,422,424,426,428,430,432,434,436,438,440,442,444,446,448,450,452,454,456,458,460,462,464,466,468,470,472,474,476,478,480,482,484,486,488,490,492,494,496,498,500,502,504,506,508,510,512,514,516,518,520,522,524,526,528,530,532,534,536,538,540,542,544,546,548,550,552,554,556,558,560,562,564,566,568,570,572,574,576,578,580,582,584,586,588,590,592,594,596,598,600,602,604,606,608,610,612,614,616,618,620,622,624,626,628,630,632,634,636,638,640,642,644,646,648,650,652,654,656,658,660,662,664,666,668,670,672,674,676,678,680,682,684,686,688,690,692,694,696,698,700,702,704,706,708,710,712,714,716,718,720,722,724,726,728,730,732,734,736,738,740,742,744,746,748,750,752,754,756,758,760,762,764,766,768,770,772,774,776,778,780,782,784,786,788,790,792,794,796,798,800,802,804,806,808,810,812,814,816,818,820,822,824,826,828,830,832,834,836,838,840,842,844,846,848,850,852,854,856,858,860,862,864,866,868,870,872,874,876,878,880,882,884,886,888,890,892,894,896,898,900,902,904,906,908,910,912,914,916,918,920,922,924,926,928,930,932,934,936,938,940,942,944,946,948,950,952,954,956,958,960,962,964,966,968,970,972,974,976,978,980,982,984,986,988,990,992,994,996,998,1000,1002,1004,1006,1008,1010,1012,1014,1016,1018,1020,1022
15	30722	0	512	2	1	0	0	1	23	77	4	31	30720	0	0	2	0	0,2,4,6,8,10,12,14,16,18,20,22,24,26,28,30,32,34,36,38,40,42,44,46,48,50,52,54,56,58,60,62,64,66,68,70,72,74,76,78,80,82,84,86,88,90,92,94,96,98,100,102,104,106,108,110,112,114,116,118,120,122,124,126,128,130,132,134,136,138,140,142,144,146,148,150,152,154,156,158,160,162,164,166,168,170,172,174,176,178,180,182,184,186,188,190,192,194,196,198,200,202,204,206,208,210,212,214,216,218,220,222,224,226,228,230,232,234,236,238,240,242,244,246,248,250,252,254,256,258,260,262,264,266,268,270,272,274,276,278,280,282,284,286,288,290,292,294,296,298,300,302,304,306,308,310,312,314,316,318,320,322,324,326,328,330,332,334,336,338,340,342,344,346,348,350,352,354,356,358,360,362,364,366,368,370,372,374,376,378,380,382,384,386,388,390,392,394,396,398,400,402,404,406,408,410,412,414,416,418,420,422,424,426,428,430,432,434,436,438,440,442,444,446,448,450,452,454,456,458,460,462,464,466,468,470,472,474,476,478,480,482,484,486,488,490,492,494,496,498,500,502,504,506,508,510,512,514,516,518,520,522,524,526,528,530,532,534,536,538,540,542,544,546,548,550,552,554,556,558,560,562,564,566,568,570,572,574,576,578,580,582,584,586,588,590,592,594,596,598,600,602,604,606,608,610,612,614,616,618,620,622,624,626,628,630,632,634,636,638,640,642,644,646,648,650,652,654,656,658,660,662,664,666,668,670,672,674,676,678,680,682,684,686,688,690,692,694,696,698,700,702,704,706,708,710,712,714,716,718,720,722,724,726,728,730,732,734,736,738,740,742,744,746,748,750,752,754,756,758,760,762,764,766,768,770,772,774,776,778,780,782,784,786,788,790,792,794,796,798,800,802,804,806,808,810,812,814,816,818,820,822,824,826,828,830,832,834,836,838,840,842,844,846,848,850,852,854,856,858,860,862,864,866,868,870,872,874,876,878,880,882,884,886,888,890,892,894,896,898,900,902,904,906,908,910,912,914,916,918,920,922,924,926,928,930,932,934,936,938,940,942,944,946,948,950,952,954,956,958,960,962,964,966,968,970,972,974,976,978,980,982,984,986,988,990,992,994,996,998,1000,1002,1004,1006,1008,1010,1012,1014,1016,1018,1020,1022
15	30724	0	512	2	1	0	0	1	23	77	4	31	30720	0	0	2	0	0,2,4,6,8,10,12,14,16,18,20,22,24,26,28,30,32,34,36,38,40,42,44,46,48,50,52,54,56,58,60,62,64,66,68,70,72,74,76,78,80,82,84,86,88,90,92,94,96,98,100,102,104,106,108,110,112,114,116,118,120,122,124,126,128,130,132,134,136,138,140,142,144,146,148,150,152,154,156,158,160,162,164,166,168,170,172,174,176,178,180,182,184,186,188,190,192,194,196,198,200,202,204,206,208,210,212,214,216,218,220,222,224,226,228,230,232,234,236,238,240,242,244,246,248,250,252,254,256,258,260,262,264,266,268,270,272,274,276,278,280,282,284,286,288,290,292,294,296,298,300,302,304,306,308,310,312,314,316,318,320,322,324,326,328,330,332,334,336,338,340,342,344,346,348,350,352,354,356,358,360,362,364,366,368,370,372,374,376,378,380,382,384,386,388,390,392,394,396,398,400,402,404,406,408,410,412,414,416,418,420,422,424,426,428,430,432,434,436,438,440,442,444,446,448,450,452,454,456,458,460,462,464,466,468,470,472,474,476,478,480,482,484,486,488,490,492,494,496,498,500,502,504,506,508,510,512,514,516,518,520,522,524,526,528,530,532,534,536,538,540,542,544,546,548,550,552,554,556,558,560,562,564,566,568,570,572,574,576,578,580,582,584,586,588,590,592,594,596,598,600,602,604,606,608,610,612,614,616,618,620,622,624,626,628,630,632,634,636,638,640,642,644,646,648,650,652,654,656,658,660,662,664,666,668,670,672,674,676,678,680,682,684,686,688,690,692,694,696,698,700,702,704,706,708,710,712,714,716,718,720,722,724,726,728,730,732,734,736,738,740,742,744,746,748,750,752,754,756,758,760,762,764,766,768,770,772,774,776,778,780,782,784,786,788,790,792,794,796,798,800,802,804,806,808,810,812,814,816,818,820,822,824,826,828,830,832,834,836,838,840,842,844,846,848,850,852,854,856,858,860,862,864,866,868,870,872,874,876,878,880,882,884,886,888,890,892,894,896,898,900,902,904,906,908,910,912,914,916,918,920,922,924,926,928,930,932,934,936,938,940,942,944,946,948,950,952,954,956,958,960,962,964,966,968,970,972,974,976,978,980,982,984,986,988,990,992,994,996,998,1000,1002,1004,1006,1008,1010,1012,1014,1016,1018,1020,1022
15	30728	0	512	2	1	0	0	1	23	77	4	31	30720	0	0	2	0	0,2,4,6,8,10,12,14,16,18,20,22,24,26,28,30,32,34,36,38,40,42,44,46,48,50,52,54,56,58,60,62,64,66,68,70,72,74,76,78,80,82,84,86,88,90,92,94,96,98,100,102,104,106,108,110,112,114,116,118,120,122,124,126,128,130,132,134,136,138,140,142,144,146,148,150,152,154,156,158,160,162,164,166,168,170,172,174,176,178,180,182,184,186,188,190,192,194,196,198,200,202,204,206,208,210,212,214,216,218,220,222,224,226,228,230,232,234,236,238,240,242,244,246,248,250,252,254,256,258,260,262,264,266,268,270,272,274,276,278,280,282,284,286,288,290,292,294,296,298,300,302,304,306,308,310,312,314,316,318,320,322,324,326,328,330,332,334,336,338,340,342,344,346,348,350,352,354,356,358,360,362,364,366,368,370,372,374,376,378,380,382,384,386,388,390,392,394,396,398,400,402,404,406,408,410,412,414,416,418,420,422,424,426,428,430,432,434,436,438,440,442,444,446,448,450,452,454,456,458,460,462,464,466,468,470,472,474,476,478,480,482,484,486,488,490,492,494,496,498,500,502,504,506,508,510,512,514,516,518,520,522,524,526,528,530,532,534,536,538,540,542,544,546,548,550,552,554,556,558,560,562,564,566,568,570,572,574,576,578,580,582,584,586,588,590,592,594,596,598,600,602,604,606,608,610,612,614,616,618,620,622,624,626,628,630,632,634,636,638,640,642,644,646,648,650,652,654,656,658,660,662,664,666,668,670,672,674,676,678,680,682,684,686,688,690,692,694,696,698,700,702,704,706,708,710,712,714,716,718,720,722,724,726,728,730,732,734,736,738,740,742,744,746,748,750,752,754,756,758,760,762,764,766,768,770,772,774,776,778,780,782,784,786,788,790,792,794,796,798,800,802,804,806,808,810,812,814,816,818,820,822,824,826,828,830,832,834,836,838,840,842,844,846,848,850,852,854,856,858,860,862,864,866,868,870,872,874,876,878,880,882,884,886,888,890,892,894,896,898,900,902,904,906,908,910,912,914,916,918,920,922,924,926,928,930,932,934,936,938,940,942,944,946,948,950,952,954,956,958,960,962,964,966,968,970,972,974,976,978,980,982,984,986,988,990,992,994,996,998,1000,1002,1004,1006,1008,1010,1012,1014,1016,1018,1020,1022
15	30736	0	512	2	1	0	0	1	23	77	4	31	30720	0	0	2	0	0,2,4,6,8,10,12,14,16,18,20,22,24,26,28,30,32,34,36,38,40,42,44,46,48,50,52,54,56,58,60,62,64,66,68,70,72,74,76,78,80,82,84,86,88,90,92,94,96,98,100,102,104,106,108,110,112,114,116,118,120,122,124,126,128,130,132,134,136,138,140,142,144,146,148,150,152,154,156,158,160,162,164,166,168,170,172,174,176,178,180,182,184,186,188,190,192,194,196,198,200,202,204,206,208,210,212,214,216,218,220,222,224,226,228,230,232,234,236,238,240,242,244,246,248,250,252,254,256,258,260,262,264,266,268,270,272,274,276,278,280,282,284,286,288,290,292,294,296,298,300,302,304,306,308,310,312,314,316,318,320,322,324,326,328,330,332,334,336,338,340,342,344,346,348,350,352,354,356,358,360,362,364,366,368,370,372,374,376,378,380,382,384,386,388,390,392,394,396,398,400,402,404,406,408,410,412,414,416,418,420,422,424,426,428,430,432,434,436,438,440,442,444,446,448,450,452,454,456,458,460,462,464,466,468,470,472,474,476,478,480,482,484,486,488,490,492,494,496,498,500,502,504,506,508,510,512,514,516,518,520,522,524,526,528,530,532,534,536,538,540,542,544,546,548,550,552,554,556,558,560,562,564,566,568,570,572,574,576,578,580,582,584,586,588,590,592,594,596,598,600,602,604,606,608,610,612,614,616,618,620,622,624,626,628,630,632,634,636,638,640,642,644,646,648,650,652,654,656,658,660,662,664,666,668,670,672,674,676,678,680,682,684,686,688,690,692,694,696,698,700,702,704,706,708,710,712,714,716,718,720,722,724,726,728,730,732,734,736,738,740,742,744,746,748,750,752,754,756,758,760,762,764,766,768,770,772,774,776,778,780,782,784,786,788,790,792,794,796,798,800,802,804,806,808,810,812,814,816,818,820,822,824,826,828,830,832,834,836,838,840,842,844,846,848,850,852,854,856,858,860,862,864,866,868,870,872,874,876,878,880,882,884,886,888,890,892,894,896,898,900,902,904,906,908,910,912,914,916,918,920,922,924,926,928,930,932,934,936,938,940,942,944,946,948,950,952,954,956,958,960,962,964,966,968,970,972,974,976,978,980,982,984,986,988,990,992,994,996,998,1000,1002,1004,1006,1008,1010,1012,1014,1016,1018,1020,1022
15	30752	0	512	2	1	0	0	1	23	77	4	31	30720	0	0	2	0	0,2,4,6,8,10,12,14,16,18,20,22,24,26,28,30,32,34,36,38,40,42,44,46,48,50,52,54,56,58,60,62,64,66,68,70,72,74,76,78,80,82,84,86,88,90,92,94,96,98,100,102,104,106,108,110,112,114,116,118,120,122,124,126,128,130,132,134,136,138,140,142,144,146,148,150,152,154,156,158,160,162,164,166,168,170,172,174,176,178,180,182,184,186,188,190,192,194,196,198,200,202,204,206,208,210,212,214,216,218,220,222,224,226,228,230,232,234,236,238,240,242,244,246,248,250,252,254,256,258,260,262,264,266,268,270,272,274,276,278,280,282,284,286,288,290,292,294,296,298,300,302,304,306,308,310,312,314,316,318,320,322,324,326,328,330,332,334,336,338,340,342,344,346,348,350,352,354,356,358,360,362,364,366,368,370,372,374,376,378,380,382,384,386,388,390,392,394,396,398,400,402,404,406,408,410,412,414,416,418,420,422,424,426,428,430,432,434,436,438,440,442,444,446,448,450,452,454,456,458,460,462,464,466,468,470,472,474,476,478,480,482,484,486,488,490,492,494,496,498,500,502,504,506,508,510,512,514,516,518,520,522,524,526,528,530,532,534,536,538,540,542,544,546,548,550,552,554,556,558,560,562,564,566,568,570,572,574,576,578,580,582,584,586,588,590,592,594,596,598,600,602,604,606,608,610,612,614,616,618,620,622,624,626,628,630,632,634,636,638,640,642,644,646,648,650,652,654,656,658,660,662,664,666,668,670,672,674,676,678,680,682,684,686,688,690,692,694,696,698,700,702,704,706,708,710,712,714,716,718,720,722,724,726,728,730,732,734,736,738,740,742,744,746,748,750,752,754,756,758,760,762,764,766,768,770,772,774,776,778,780,782,784,786,788,790,792,794,796,798,800,802,804,806,808,810,812,814,816,818,820,822,824,826,828,830,832,834,836,838,840,842,844,846,848,850,852,854,856,858,860,862,864,866,868,870,872,874,876,878,880,882,884,886,888,890,892,894,896,898,900,902,904,906,908,910,912,914,916,918,920,922,924,926,928,930,932,934,936,938,940,942,944,946,948,950,952,954,956,958,960,962,964,966,968,970,972,974,976,978,980,982,984,986,988,990,992,994,996,998,1000,1002,1004,1006,1008,1010,1012,1014,1016,1018,1020,1022
15	30784	0	512	2	1	0	0	1	23	77	4	31	30720	0	0	2	0	0,2,4,6,8,10,12,14,16,18,20,22,24,26,28,30,32,34,36,38,40,42,44,46,48,50,52,54,56,58,60,62,64,66,68,70,72,74,76,78,80,82,84,86,88,90,92,94,96,98,100,102,104,106,108,110,112,114,116,118,120,122,124,126,128,130,132,134,136,138,140,142,144,146,148,150,152,154,156,158,160,162,164,166,168,170,172,174,176,178,180,182,184,186,188,190,192,194,196,198,200,202,204,206,208,210,212,214,216,218,220,222,224,226,228,230,232,234,236,238,240,242,244,246,248,250,252,254,256,258,260,262,264,266,268,270,272,274,276,278,280,282,284,286,288,290,292,294,296,298,300,302,304,306,308,310,312,314,316,318,320,322,324,326,328,330,332,334,336,338,340,342,344,346,348,350,352,354,356,358,360,362,364,366,368,370,372,374,376,378,380,382,384,386,388,390,392,394,396,398,400,402,404,406,408,410,412,414,416,418,420,422,424,426,428,430,432,434,436,438,440,442,444,446,448,450,452,454,456,458,460,462,464,466,468,470,472,474,476,478,480,482,484,486,488,490,492,494,496,498,500,502,504,506,508,510,512,514,516,518,520,522,524,526,528,530,532,534,536,538,540,542,544,546,548,550,552,554,556,558,560,562,564,566,568,570,572,574,576,578,580,582,584,586,588,590,592,594,596,598,600,602,604,606,608,610,612,614,616,618,620,622,624,626,628,630,632,634,636,638,640,642,644,646,648,650,652,654,656,658,660,662,664,666,668,670,672,674,676,678,680,682,684,686,688,690,692,694,696,698,700,702,704,706,708,710,712,714,716,718,720,722,724,726,728,730,732,734,736,738,740,742,744,746,748,750,752,754,756,758,760,762,764,766,768,770,772,774,776,778,780,782,784,786,788,790,792,794,796,798,800,802,804,806,808,810,812,814,816,818,820,822,824,826,828,830,832,834,836,838,840,842,844,846,848,850,852,854,856,858,860,862,864,866,868,870,872,874,876,878,880,882,884,886,888,890,892,894,896,898,900,902,904,906,908,910,912,914,916,918,920,922,924,926,928,930,932,934,936,938,940,942,944,946,948,950,952,954,956,958,960,962,964,966,968,970,972,974,976,978,980,982,984,986,988,990,992,994,996,998,1000,1002,1004,1006,1008,1010,1012,1014,1016,1018,1020,1022
15	30848	0	512	2	1	0	0	1	23	77	4	31	30720	0	0	2	0	0,2,4,6,8,10,12,14,16,18,20,22,24,26,28,30,32,34,36,38,40,42,44,46,48,50,52,54,56,58,60,62,64,66,68,70,72,74,76,78,80,82,84,86,88,90,92,94,96,98,100,102,104,106,108,110,112,114,116,118,120,122,124,126,128,130,132,134,136,138,140,142,144,146,148,150,152,154,156,158,160,162,164,166,168,170,172,174,176,178,180,182,184,186,188,190,192,194,196,198,200,202,204,206,208,210,212,214,216,218,220,222,224,226,228,230,232,234,236,238,240,242,244,246,248,250,252,254,256,258,260,262,264,266,268,270,272,274,276,278,280,282,284,286,288,290,292,294,296,298,300,302,304,306,308,310,312,314,316,318,320,322,324,326,328,330,332,334,336,338,340,342,344,346,348,350,352,354,356,358,360,362,364,366,368,370,372,374,376,378,380,382,384,386,388,390,392,394,396,398,400,402,404,406,408,410,412,414,416,418,420,422,424,426,428,430,432,434,436,438,440,442,444,446,448,450,452,454,456,458,460,462,464,466,468,470,472,474,476,478,480,482,484,486,488,490,492,494,496,498,500,502,504,506,508,510,512,514,516,518,520,522,524,526,528,530,532,534,536,538,540,542,544,546,548,550,552,554,556,558,560,562,564,566,568,570,572,574,576,578,580,582,584,586,588,590,592,594,596,598,600,602,604,606,608,610,612,614,616,618,620,622,624,626,628,630,632,634,636,638,640,642,644,646,648,650,652,654,656,658,660,662,664,666,668,670,672,674,676,678,680,682,684,686,688,690,692,694,696,698,700,702,704,706,708,710,712,714,716,718,720,722,724,726,728,730,732,734,736,738,740,742,744,746,748,750,752,754,756,758,760,762,764,766,768,770,772,774,776,778,780,782,784,786,788,790,792,794,796,798,800,802,804,806,808,810,812,814,816,818,820,822,824,826,828,830,832,834,836,838,840,842,844,846,848,850,852,854,856,858,860,862,864,866,868,870,872,874,876,878,880,882,884,886,888,890,892,894,896,898,900,902,904,906,908,910,912,914,916,918,920,922,924,926,928,930,932,934,936,938,940,942,944,946,948,950,952,954,956,958,960,962,964,966,968,970,972,974,976,978,980,982,984,986,988,990,992,994,996,998,1000,1002,1004,1006,1008,1010,1012,1014,1016,1018,1020,1022
15	30976	0	512	2	1	0	0	1	22	94	5	32	30720	0	0	2	0	0,2,4,6,8,10,12,14,16,18,20,22,24,26,28,30,32,34,36,38,40,42,44,46,48,50,52,54,56,58,60,62,64,66,68,70,72,74,76,78,80,82,84,86,88,90,92,94,96,98,100,102,104,106,108,110,112,114,116,118,120,122,124,126,128,130,132,134,136,138,140,142,144,146,148,150,152,154,156,158,160,162,164,166,168,170,172,174,176,178,180,182,184,186,188,190,192,194,196,198,200,202,204,206,208,210,212,214,216,218,220,222,224,226,228,230,232,234,236,238,240,242,244,246,248,250,252,254,256,258,260,262,264,266,268,270,272,274,276,278,280,282,284,286,288,290,292,294,296,298,300,302,304,306,308,310,312,314,316,318,320,322,324,326,328,330,332,334,336,338,340,342,344,346,348,350,352,354,356,358,360,362,364,366,368,370,372,374,376,378,380,382,384,386,388,390,392,394,396,398,400,402,404,406,408,410,412,414,416,418,420,422,424,426,428,430,432,434,436,438,440,442,444,446,448,450,452,454,456,458,460,462,464,466,468,470,472,474,476,478,480,482,484,486,488,490,492,494,496,498,500,502,504,506,508,510,512,514,516,518,520,522,524,526,528,530,532,534,536,538,540,542,544,546,548,550,552,554,556,558,560,562,564,566,568,570,572,574,576,578,580,582,584,586,588,590,592,594,596,598,600,602,604,606,608,610,612,614,616,618,620,622,624,626,628,630,632,634,636,638,640,642,644,646,648,650,652,654,656,658,660,662,664,666,668,670,672,674,676,678,680,682,684,686,688,690,692,694,696,698,700,702,704,706,708,710,712,714,716,718,720,722,724,726,728,730,732,734,736,738,740,742,744,746,748,750,752,754,756,758,760,762,764,766,768,770,772,774,776,778,780,782,784,786,788,790,792,794,796,798,800,802,804,806,808,810,812,814,816,818,820,822,824,826,828,830,832,834,836,838,840,842,844,846,848,850,852,854,856,858,860,862,864,866,868,870,872,874,876,878,880,882,884,886,888,890,892,894,896,898,900,902,904,906,908,910,912,914,916,918,920,922,924,926,928,930,932,934,936,938,940,942,944,946,948,950,952,954,956,958,960,962,964,966,968,970,972,974,976,978,980,982,984,986,988,990,992,994,996,998,1000,1002,1004,1006,1008,1010,1012,1014,1016,1018,1020,1022
15	31232	0	512	2	1	0	0	1	22	94	5	32	30720	0	0	2	0	0,2,4,6,8,10,12,14,16,18,20,22,24,26,28,30,32,34,36,38,40,42,44,46,48,50,52,54,56,58,60,62,64,66,68,70,72,74,76,78,80,82,84,86,88,90,92,94,96,98,100,102,104,106,108,110,112,114,116,118,120,122,124,126,128,130,132,134,136,138,140,142,144,146,148,150,152,154,156,158,160,162,164,166,168,170,172,174,176,178,180,182,184,186,188,190,192,194,196,198,200,202,204,206,208,210,212,214,216,218,220,222,224,226,228,230,232,234,236,238,240,242,244,246,248,250,252,254,256,258,260,262,264,266,268,270,272,274,276,278,280,282,284,286,288,290,292,294,296,298,300,302,304,306,308,310,312,314,316,318,320,322,324,326,328,330,332,334,336,338,340,342,344,346,348,350,352,354,356,358,360,362,364,366,368,370,372,374,376,378,380,382,384,386,388,390,392,394,396,398,400,402,404,406,408,410,412,414,416,418,420,422,424,426,428,430,432,434,436,438,440,442,444,446,448,450,452,454,456,458,460,462,464,466,468,470,472,474,476,478,480,482,484,486,488,490,492,494,496,498,500,502,504,506,508,510,512,514,516,518,520,522,524,526,528,530,532,534,536,538,540,542,544,546,548,550,552,554,556,558,560,562,564,566,568,570,572,574,576,578,580,582,584,586,588,590,592,594,596,598,600,602,604,606,608,610,612,614,616,618,620,622,624,626,628,630,632,634,636,638,640,642,644,646,648,650,652,654,656,658,660,662,664,666,668,670,672,674,676,678,680,682,684,686,688,690,692,694,696,698,700,702,704,706,708,710,712,714,716,718,720,722,724,726,728,730,732,734,736,738,740,742,744,746,748,750,752,754,756,758,760,762,764,766,768,770,772,774,776,778,780,782,784,786,788,790,792,794,796,798,800,802,804,806,808,810,812,814,816,818,820,822,824,826,828,830,832,834,836,838,840,842,844,846,848,850,852,854,856,858,860,862,864,866,868,870,872,874,876,878,880,882,884,886,888,890,892,894,896,898,900,902,904,906,908,910,912,914,916,918,920,922,924,926,928,930,932,934,936,938,940,942,944,946,948,950,952,954,956,958,960,962,964,966,968,970,972,974,976,978,980,982,984,986,988,990,992,994,996,998,1000,1002,1004,1006,1008,1010,1012,1014,1016,1018,1020,1022
15	31744	0	512	2	1	0	0	1	22	94	5	32	30720	0	0	2	0	0,2,4,6,8,10,12,14,16,18,20,22,24,26,28,30,32,34,36,38,40,42,44,46,48,50,52,54,56,58,60,62,64,66,68,70,72,74,76,78,80,82,84,86,88,90,92,94,96,98,100,102,104,106,108,110,112,114,116,118,120,122,124,126,128,130,132,134,136,138,140,142,144,146,148,150,152,154,156,158,160,162,164,166,168,170,172,174,176,178,180,182,184,186,188,190,192,194,196,198,200,202,204,206,208,210,212,214,216,218,220,222,224,226,228,230,232,234,236,238,240,242,244,246,248,250,252,254,256,258,260,262,264,266,268,270,272,274,276,278,280,282,284,286,288,290,292,294,296,298,300,302,304,306,308,310,312,314,316,318,320,322,324,326,328,330,332,334,336,338,340,342,344,346,348,350,352,354,356,358,360,362,364,366,368,370,372,374,376,378,380,382,384,386,388,390,392,394,396,398,400,402,404,406,408,410,412,414,416,418,420,422,424,426,428,430,432,434,436,438,440,442,444,446,448,450,452,454,456,458,460,462,464,466,468,470,472,474,476,478,480,482,484,486,488,490,492,494,496,498,500,502,504,506,508,510,512,514,516,518,520,522,524,526,528,530,532,534,536,538,540,542,544,546,548,550,552,554,556,558,560,562,564,566,568,570,572,574,576,578,580,582,584,586,588,590,592,594,596,598,600,602,604,606,608,610,612,614,616,618,620,622,624,626,628,630,632,634,636,638,640,642,644,646,648,650,652,654,656,658,660,662,664,666,668,670,672,674,676,678,680,682,684,686,688,690,692,694,696,698,700,702,704,706,708,710,712,714,716,718,720,722,724,726,728,730,732,734,736,738,740,742,744,746,748,750,752,754,756,758,760,762,764,766,768,770,772,774,776,778,780,782,784,786,788,790,792,794,796,798,800,802,804,806,808,810,812,814,816,818,820,822,824,826,828,830,832,834,836,838,840,842,844,846,848,850,852,854,856,858,860,862,864,866,868,870,872,874,876,878,880,882,884,886,888,890,892,894,896,898,900,902,904,906,908,910,912,914,916,918,920,922,924,926,928,930,932,934,936,938,940,942,944,946,948,950,952,954,956,958,960,962,964,966,968,970,972,974,976,978,980,982,984,986,988,990,992,994,996,998,1000,1002,1004,1006,1008,1010,1012,1014,1016,1018,1020,1022
