id	Y_mask	dH	optH_count	q	good	delta_min	rho	compatible_optG	ell	Y_type	Y_edges	degree_sum	f_witness	h_witness_local	S_mask	R_witness	Delta_witness	optH_masks_local
2282	31	0	1	7	0	0	0	1	24	0	0	24	31004	968	0	7	0	968
2282	47	2	4	5	1	0	0	3	24	0	0	24	12574	393	0	5	0	54,118,566,630
2282	55	2	4	5	1	0	0	3	24	0	0	24	12574	393	0	5	0	54,118,566,630
2282	59	2	4	5	1	0	0	3	24	0	0	24	12574	393	0	5	0	54,118,566,630
2282	61	1	2	6	0	0	0	2	24	0	0	24	31004	968	0	6	0	968,972
2282	62	0	1	7	0	0	0	1	25	0	0	25	31004	968	0	7	0	968
2282	79	2	4	5	1	0	0	3	24	0	0	24	12574	393	0	5	0	54,118,566,630
2282	87	2	4	5	1	0	0	3	24	0	0	24	12574	393	0	5	0	54,118,566,630
2282	91	2	4	5	1	0	0	3	24	0	0	24	12574	393	0	5	0	54,118,566,630
2282	93	1	2	6	0	0	0	2	24	0	0	24	31004	968	0	6	0	968,972
2282	94	0	1	7	0	0	0	1	25	0	0	25	31004	968	0	7	0	968
2282	103	0	1	7	0	0	0	1	24	0	0	24	12574	395	0	7	0	628
2282	107	0	1	7	0	0	0	1	24	0	0	24	12574	395	0	7	0	628
2282	109	2	1	5	1	0	0	1	24	0	0	24	12574	395	0	5	0	628
2282	110	1	2	6	0	0	0	2	25	0	0	25	12574	394	0	6	0	394,906
2282	115	0	1	7	0	0	0	1	24	0	0	24	12574	395	0	7	0	628
2282	117	2	1	5	1	0	0	1	24	0	0	24	12574	395	0	5	0	628
2282	118	1	2	6	0	0	0	2	25	0	0	25	12574	394	0	6	0	394,906
2282	121	2	1	5	1	0	0	1	24	0	0	24	12574	395	0	5	0	628
2282	122	1	2	6	0	0	0	2	25	0	0	25	12574	394	0	6	0	394,906
2282	124	1	2	6	0	0	0	2	25	0	0	25	31004	968	0	6	0	968,972
2282	143	2	2	5	1	0	0	2	18	11	3	24	31004	969	0	5	0	54,968
2282	151	2	2	5	1	0	0	2	18	11	3	24	31004	969	0	5	0	54,968
2282	155	2	2	5	1	0	0	2	18	11	3	24	31004	969	0	5	0	54,968
2282	157	0	1	7	0	0	0	2	18	11	3	24	31004	968	0	7	0	968
2282	158	0	1	7	0	0	0	2	17	75	4	25	31004	968	0	7	0	968
2282	167	2	1	5	1	0	0	1	20	3	2	24	12574	395	0	5	0	628
2282	171	2	1	5	1	0	0	1	20	3	2	24	12574	395	0	5	0	628
2282	173	2	2	5	1	0	0	2	20	3	2	24	31004	970	0	5	0	968,970
2282	174	2	3	5	1	0	0	3	19	11	3	25	28956	906	0	5	0	906,968,970
2282	179	2	1	5	1	0	0	1	20	3	2	24	12574	395	0	5	0	628
2282	181	2	2	5	1	0	0	2	20	3	2	24	31004	970	0	5	0	968,970
2282	182	2	3	5	1	0	0	3	19	11	3	25	28956	906	0	5	0	906,968,970
2282	185	2	2	5	1	0	0	2	20	3	2	24	31004	970	0	5	0	968,970
2282	186	2	3	5	1	0	0	3	19	11	3	25	28956	906	0	5	0	906,968,970
2282	188	0	1	7	0	0	0	2	19	11	3	25	31004	968	0	7	0	968
2282	199	2	1	5	1	0	0	1	20	3	2	24	12574	395	0	5	0	628
2282	203	2	1	5	1	0	0	1	20	3	2	24	12574	395	0	5	0	628
2282	205	2	2	5	1	0	0	2	20	3	2	24	31004	970	0	5	0	968,970
2282	206	2	3	5	1	0	0	3	19	11	3	25	28956	906	0	5	0	906,968,970
2282	211	2	1	5	1	0	0	1	20	3	2	24	12574	395	0	5	0	628
2282	213	2	2	5	1	0	0	2	20	3	2	24	31004	970	0	5	0	968,970
2282	214	2	3	5	1	0	0	3	19	11	3	25	28956	906	0	5	0	906,968,970
2282	217	2	2	5	1	0	0	2	20	3	2	24	31004	970	0	5	0	968,970
2282	218	2	3	5	1	0	0	3	19	11	3	25	28956	906	0	5	0	906,968,970
2282	220	0	1	7	0	0	0	2	19	11	3	25	31004	968	0	7	0	968
2282	227	0	1	7	0	0	0	1	22	1	1	24	12574	399	0	7	0	624
2282	229	2	2	5	1	0	0	1	22	1	1	24	12574	399	0	5	0	398,624
2282	230	1	1	6	0	0	0	1	21	3	2	25	12574	398	0	6	0	398
2282	233	2	2	5	1	0	0	1	22	1	1	24	12574	399	0	5	0	398,624
2282	234	1	1	6	0	0	0	1	21	3	2	25	12574	398	0	6	0	398
2282	236	2	3	5	1	0	0	3	21	3	2	25	28956	908	0	5	0	908,968,972
2282	241	2	2	5	1	0	0	1	22	1	1	24	12574	399	0	5	0	398,624
2282	242	1	1	6	0	0	0	1	21	3	2	25	12574	398	0	6	0	398
2282	244	2	3	5	1	0	0	3	21	3	2	25	28956	908	0	5	0	908,968,972
2282	248	2	3	5	1	0	0	3	21	3	2	25	28956	908	0	5	0	908,968,972
2282	271	2	2	5	1	0	0	2	23	1	1	25	31004	961	0	5	0	62,968
2282	279	2	2	5	1	0	0	2	23	1	1	25	31004	961	0	5	0	62,968
2282	283	2	2	5	1	0	0	2	23	1	1	25	31004	961	0	5	0	62,968
2282	285	0	1	7	0	0	0	1	23	1	1	25	31104	968	0	7	0	968
2282	286	0	2	7	0	0	0	2	26	0	0	26	31004	960	0	7	0	960,968
2282	295	2	2	5	1	0	0	1	21	3	2	25	12574	387	0	5	0	632,636
2282	299	2	2	5	1	0	0	1	21	3	2	25	12574	387	0	5	0	632,636
2282	301	2	1	5	1	0	0	1	21	3	2	25	31104	968	0	5	0	968
2282	302	2	3	5	1	0	0	3	24	1	1	26	28956	898	0	5	0	898,962,968
2282	307	2	2	5	1	0	0	1	21	3	2	25	12574	387	0	5	0	632,636
2282	309	2	1	5	1	0	0	1	21	3	2	25	31104	968	0	5	0	968
2282	310	2	3	5	1	0	0	3	24	1	1	26	28956	898	0	5	0	898,962,968
2282	313	2	1	5	1	0	0	1	21	3	2	25	31104	968	0	5	0	968
2282	314	2	3	5	1	0	0	3	24	1	1	26	28956	898	0	5	0	898,962,968
2282	316	0	1	7	0	0	0	1	24	1	1	26	31104	968	0	7	0	968
2282	327	2	2	5	1	0	0	1	21	3	2	25	12574	387	0	5	0	632,636
2282	331	2	2	5	1	0	0	1	21	3	2	25	12574	387	0	5	0	632,636
2282	333	2	1	5	1	0	0	1	21	3	2	25	31104	968	0	5	0	968
2282	334	2	3	5	1	0	0	3	24	1	1	26	28956	898	0	5	0	898,962,968
2282	339	2	2	5	1	0	0	1	21	3	2	25	12574	387	0	5	0	632,636
2282	341	2	1	5	1	0	0	1	21	3	2	25	31104	968	0	5	0	968
2282	342	2	3	5	1	0	0	3	24	1	1	26	28956	898	0	5	0	898,962,968
2282	345	2	1	5	1	0	0	1	21	3	2	25	31104	968	0	5	0	968
2282	346	2	3	5	1	0	0	3	24	1	1	26	28956	898	0	5	0	898,962,968
2282	348	0	1	7	0	0	0	1	24	1	1	26	31104	968	0	7	0	968
2282	355	0	1	7	0	0	0	1	19	11	3	25	12574	391	0	7	0	632
2282	357	2	1	5	1	0	0	1	19	11	3	25	12574	391	0	5	0	632
2282	358	1	1	6	0	0	0	1	22	3	2	26	12574	390	0	6	0	390
2282	361	2	1	5	1	0	0	1	19	11	3	25	12574	391	0	5	0	632
2282	362	1	1	6	0	0	0	1	22	3	2	26	12574	390	0	6	0	390
2282	364	2	1	5	1	0	0	1	22	3	2	26	31104	968	0	5	0	968
2282	369	2	1	5	1	0	0	1	19	11	3	25	12574	391	0	5	0	632
2282	370	1	1	6	0	0	0	1	22	3	2	26	12574	390	0	6	0	390
2282	372	2	1	5	1	0	0	1	22	3	2	26	31104	968	0	5	0	968
2282	376	2	1	5	1	0	0	1	22	3	2	26	31104	968	0	5	0	968
2282	391	4	15	3	1	0	0	8	17	77	4	25	12574	387	0	3	0	60,62,124,572,624,628,632,636,752,880,960,962,976,992,1008
2282	395	4	15	3	1	0	0	8	17	77	4	25	12574	387	0	3	0	60,62,124,572,624,628,632,636,752,880,960,962,976,992,1008
2282	397	2	2	5	1	0	0	2	17	77	4	25	31004	962	0	5	0	960,962
2282	398	2	2	5	1	0	0	2	18	75	4	26	31004	962	0	5	0	960,962
2282	403	4	15	3	1	0	0	8	17	77	4	25	12574	387	0	3	0	60,62,124,572,624,628,632,636,752,880,960,962,976,992,1008
2282	405	2	2	5	1	0	0	2	17	77	4	25	31004	962	0	5	0	960,962
2282	406	2	2	5	1	0	0	2	18	75	4	26	31004	962	0	5	0	960,962
2282	409	2	2	5	1	0	0	2	17	77	4	25	31004	962	0	5	0	960,962
2282	410	2	2	5	1	0	0	2	18	75	4	26	31004	962	0	5	0	960,962
2282	412	0	1	7	0	0	0	2	18	75	4	26	31004	960	0	7	0	960
2282	419	2	2	5	1	0	0	1	17	77	4	25	12574	391	0	5	0	624,632
2282	421	4	15	3	1	0	0	8	17	77	4	25	12574	391	0	3	0	390,398,454,624,632,752,880,902,960,962,964,966,976,992,1008
2282	422	3	3	4	1	0	0	2	18	77	4	26	12574	390	0	4	0	390,398,902
2282	425	4	15	3	1	0	0	8	17	77	4	25	12574	391	0	3	0	390,398,454,624,632,752,880,902,960,962,964,966,976,992,1008
2282	426	3	3	4	1	0	0	2	18	77	4	26	12574	390	0	4	0	390,398,902
2282	428	2	2	5	1	0	0	2	18	77	4	26	31004	964	0	5	0	960,964
2282	433	4	15	3	1	0	0	8	17	77	4	25	12574	391	0	3	0	390,398,454,624,632,752,880,902,960,962,964,966,976,992,1008
2282	434	3	3	4	1	0	0	2	18	77	4	26	12574	390	0	4	0	390,398,902
2282	436	2	2	5	1	0	0	2	18	77	4	26	31004	964	0	5	0	960,964
2282	440	2	2	5	1	0	0	2	18	77	4	26	31004	964	0	5	0	960,964
2282	451	2	2	5	1	0	0	1	17	77	4	25	12574	391	0	5	0	624,632
2282	453	4	15	3	1	0	0	8	17	77	4	25	12574	391	0	3	0	390,398,454,624,632,752,880,902,960,962,964,966,976,992,1008
2282	454	3	3	4	1	0	0	2	18	77	4	26	12574	390	0	4	0	390,398,902
2282	457	4	15	3	1	0	0	8	17	77	4	25	12574	391	0	3	0	390,398,454,624,632,752,880,902,960,962,964,966,976,992,1008
2282	458	3	3	4	1	0	0	2	18	77	4	26	12574	390	0	4	0	390,398,902
2282	460	2	2	5	1	0	0	2	18	77	4	26	31004	964	0	5	0	960,964
2282	465	4	15	3	1	0	0	8	17	77	4	25	12574	391	0	3	0	390,398,454,624,632,752,880,902,960,962,964,966,976,992,1008
2282	466	3	3	4	1	0	0	2	18	77	4	26	12574	390	0	4	0	390,398,902
2282	468	2	2	5	1	0	0	2	18	77	4	26	31004	964	0	5	0	960,964
2282	472	2	2	5	1	0	0	2	18	77	4	26	31004	964	0	5	0	960,964
2282	481	2	2	5	1	0	0	1	17	75	4	25	12574	399	0	5	0	398,624
2282	482	1	1	6	0	0	0	1	18	77	4	26	12574	398	0	6	0	398
2282	484	3	3	4	1	0	0	2	18	77	4	26	12574	398	0	4	0	396,398,908
2282	488	3	3	4	1	0	0	2	18	77	4	26	12574	398	0	4	0	396,398,908
2282	496	3	3	4	1	0	0	2	18	77	4	26	12574	398	0	4	0	396,398,908
2282	527	2	3	5	1	0	0	3	21	3	2	25	31004	977	0	5	0	46,976,984
2282	535	2	3	5	1	0	0	3	21	3	2	25	31004	977	0	5	0	46,976,984
2282	539	2	3	5	1	0	0	3	21	3	2	25	31004	977	0	5	0	46,976,984
2282	541	1	2	6	0	0	0	3	19	11	3	25	31004	976	0	6	0	976,984
2282	542	0	1	7	0	0	0	1	20	11	3	26	31004	976	0	7	0	976
2282	551	2	1	5	1	0	0	1	23	1	1	25	12574	403	0	5	0	620
2282	555	2	1	5	1	0	0	1	23	1	1	25	12574	403	0	5	0	620
2282	557	2	1	5	1	0	0	2	21	3	2	25	31104	984	0	5	0	984
2282	558	2	4	5	1	0	0	4	22	3	2	26	28956	914	0	5	0	914,976,978,984
2282	563	2	1	5	1	0	0	1	23	1	1	25	12574	403	0	5	0	620
2282	565	2	1	5	1	0	0	2	21	3	2	25	31104	984	0	5	0	984
2282	566	2	4	5	1	0	0	4	22	3	2	26	28956	914	0	5	0	914,976,978,984
2282	569	2	1	5	1	0	0	2	21	3	2	25	31104	984	0	5	0	984
2282	570	2	4	5	1	0	0	4	22	3	2	26	28956	914	0	5	0	914,976,978,984
2282	572	1	2	6	0	0	0	3	20	11	3	26	31004	976	0	6	0	976,984
2282	583	2	1	5	1	0	0	1	23	1	1	25	12574	403	0	5	0	620
2282	587	2	1	5	1	0	0	1	23	1	1	25	12574	403	0	5	0	620
2282	589	2	1	5	1	0	0	2	21	3	2	25	31104	984	0	5	0	984
2282	590	2	4	5	1	0	0	4	22	3	2	26	28956	914	0	5	0	914,976,978,984
2282	595	2	1	5	1	0	0	1	23	1	1	25	12574	403	0	5	0	620
2282	597	2	1	5	1	0	0	2	21	3	2	25	31104	984	0	5	0	984
2282	598	2	4	5	1	0	0	4	22	3	2	26	28956	914	0	5	0	914,976,978,984
2282	601	2	1	5	1	0	0	2	21	3	2	25	31104	984	0	5	0	984
2282	602	2	4	5	1	0	0	4	22	3	2	26	28956	914	0	5	0	914,976,978,984
2282	604	1	2	6	0	0	0	3	20	11	3	26	31004	976	0	6	0	976,984
2282	611	0	1	7	0	0	0	1	25	0	0	25	12574	407	0	7	0	616
2282	613	2	4	5	1	0	0	2	23	1	1	25	12574	407	0	5	0	616,744,872,1000
2282	614	1	1	6	0	0	0	1	24	1	1	26	12574	406	0	6	0	406
2282	617	2	4	5	1	0	0	2	23	1	1	25	12574	407	0	5	0	616,744,872,1000
2282	618	1	1	6	0	0	0	1	24	1	1	26	12574	406	0	6	0	406
2282	620	2	1	5	1	0	0	2	22	3	2	26	31104	984	0	5	0	984
2282	625	2	4	5	1	0	0	2	23	1	1	25	12574	407	0	5	0	616,744,872,1000
2282	626	1	1	6	0	0	0	1	24	1	1	26	12574	406	0	6	0	406
2282	628	2	1	5	1	0	0	2	22	3	2	26	31104	984	0	5	0	984
2282	632	2	1	5	1	0	0	2	22	3	2	26	31104	984	0	5	0	984
2282	647	2	1	5	1	0	0	2	19	13	3	25	31104	976	0	5	0	976
2282	651	2	1	5	1	0	0	2	19	13	3	25	31104	976	0	5	0	976
2282	653	1	1	6	0	0	0	2	17	30	4	25	31104	976	0	6	0	976
2282	654	1	1	6	0	0	0	2	16	94	5	26	31104	976	0	6	0	976
2282	659	2	1	5	1	0	0	2	19	13	3	25	31104	976	0	5	0	976
2282	661	1	1	6	0	0	0	2	17	30	4	25	31104	976	0	6	0	976
2282	662	1	1	6	0	0	0	2	16	94	5	26	31104	976	0	6	0	976
2282	665	1	1	6	0	0	0	2	17	30	4	25	31104	976	0	6	0	976
2282	666	1	1	6	0	0	0	2	16	94	5	26	31104	976	0	6	0	976
2282	668	0	1	7	0	0	0	3	14	222	6	26	31004	976	0	7	0	976
2282	675	2	1	5	1	0	0	1	23	1	1	25	12574	407	0	5	0	616
2282	677	2	1	5	1	0	0	2	21	3	2	25	31104	976	0	5	0	976
2282	678	2	1	5	1	0	0	2	20	13	3	26	31104	976	0	5	0	976
2282	681	2	1	5	1	0	0	2	21	3	2	25	31104	976	0	5	0	976
2282	682	2	1	5	1	0	0	2	20	13	3	26	31104	976	0	5	0	976
2282	684	1	1	6	0	0	0	2	18	30	4	26	31104	976	0	6	0	976
2282	689	2	1	5	1	0	0	2	21	3	2	25	31104	976	0	5	0	976
2282	690	2	1	5	1	0	0	2	20	13	3	26	31104	976	0	5	0	976
2282	692	1	1	6	0	0	0	2	18	30	4	26	31104	976	0	6	0	976
2282	696	1	1	6	0	0	0	2	18	30	4	26	31104	976	0	6	0	976
2282	707	2	1	5	1	0	0	1	23	1	1	25	12574	407	0	5	0	616
2282	709	2	1	5	1	0	0	2	21	3	2	25	31104	976	0	5	0	976
2282	710	2	1	5	1	0	0	2	20	13	3	26	31104	976	0	5	0	976
2282	713	2	1	5	1	0	0	2	21	3	2	25	31104	976	0	5	0	976
2282	714	2	1	5	1	0	0	2	20	13	3	26	31104	976	0	5	0	976
2282	716	1	1	6	0	0	0	2	18	30	4	26	31104	976	0	6	0	976
2282	721	2	1	5	1	0	0	2	21	3	2	25	31104	976	0	5	0	976
2282	722	2	1	5	1	0	0	2	20	13	3	26	31104	976	0	5	0	976
2282	724	1	1	6	0	0	0	2	18	30	4	26	31104	976	0	6	0	976
2282	728	1	1	6	0	0	0	2	18	30	4	26	31104	976	0	6	0	976
2282	737	2	5	5	1	0	0	2	25	0	0	25	12574	415	0	5	0	414,608,736,864,992
2282	738	1	1	6	0	0	0	1	24	1	1	26	12574	414	0	6	0	414
2282	740	2	1	5	1	0	0	2	22	3	2	26	31104	976	0	5	0	976
2282	744	2	1	5	1	0	0	2	22	3	2	26	31104	976	0	5	0	976
2282	752	2	1	5	1	0	0	2	22	3	2	26	31104	976	0	5	0	976
2282	775	2	2	5	1	0	0	5	20	13	3	26	31104	976	0	5	0	976,1008
2282	779	2	2	5	1	0	0	5	20	13	3	26	31104	976	0	5	0	976,1008
2282	781	1	1	6	0	0	0	2	18	77	4	26	31104	976	0	6	0	976
2282	782	1	1	6	0	0	0	2	21	11	3	27	31104	976	0	6	0	976
2282	787	2	2	5	1	0	0	5	20	13	3	26	31104	976	0	5	0	976,1008
2282	789	1	1	6	0	0	0	2	18	77	4	26	31104	976	0	6	0	976
2282	790	1	1	6	0	0	0	2	21	11	3	27	31104	976	0	6	0	976
2282	793	1	1	6	0	0	0	2	18	77	4	26	31104	976	0	6	0	976
2282	794	1	1	6	0	0	0	2	21	11	3	27	31104	976	0	6	0	976
2282	796	0	1	7	0	0	0	2	19	75	4	27	31104	976	0	7	0	976
2282	803	2	5	5	1	0	0	4	20	11	3	26	12574	391	0	5	0	624,632,752,880,1008
2282	805	2	2	5	1	0	0	5	18	77	4	26	31104	976	0	5	0	976,1008
2282	806	2	2	5	1	0	0	5	21	13	3	27	31104	976	0	5	0	976,1008
2282	809	2	2	5	1	0	0	5	18	77	4	26	31104	976	0	5	0	976,1008
2282	810	2	2	5	1	0	0	5	21	13	3	27	31104	976	0	5	0	976,1008
2282	812	1	1	6	0	0	0	2	19	77	4	27	31104	976	0	6	0	976
2282	817	2	2	5	1	0	0	5	18	77	4	26	31104	976	0	5	0	976,1008
2282	818	2	2	5	1	0	0	5	21	13	3	27	31104	976	0	5	0	976,1008
2282	820	1	1	6	0	0	0	2	19	77	4	27	31104	976	0	6	0	976
2282	824	1	1	6	0	0	0	2	19	77	4	27	31104	976	0	6	0	976
2282	835	2	5	5	1	0	0	4	20	11	3	26	12574	391	0	5	0	624,632,752,880,1008
2282	837	2	2	5	1	0	0	5	18	77	4	26	31104	976	0	5	0	976,1008
2282	838	2	2	5	1	0	0	5	21	13	3	27	31104	976	0	5	0	976,1008
2282	841	2	2	5	1	0	0	5	18	77	4	26	31104	976	0	5	0	976,1008
2282	842	2	2	5	1	0	0	5	21	13	3	27	31104	976	0	5	0	976,1008
2282	844	1	1	6	0	0	0	2	19	77	4	27	31104	976	0	6	0	976
2282	849	2	2	5	1	0	0	5	18	77	4	26	31104	976	0	5	0	976,1008
2282	850	2	2	5	1	0	0	5	21	13	3	27	31104	976	0	5	0	976,1008
2282	852	1	1	6	0	0	0	2	19	77	4	27	31104	976	0	6	0	976
2282	856	1	1	6	0	0	0	2	19	77	4	27	31104	976	0	6	0	976
2282	865	2	4	5	1	0	0	4	18	75	4	26	12574	399	0	5	0	624,752,880,1008
2282	866	1	1	6	0	0	0	1	21	11	3	27	12574	398	0	6	0	398
2282	868	2	2	5	1	0	0	5	19	77	4	27	31104	976	0	5	0	976,1008
2282	872	2	2	5	1	0	0	5	19	77	4	27	31104	976	0	5	0	976,1008
2282	880	2	2	5	1	0	0	5	19	77	4	27	31104	976	0	5	0	976,1008
2282	899	2	1	5	1	0	0	3	18	77	4	26	32128	992	0	5	0	992
2282	901	2	2	5	1	0	0	5	16	94	5	26	31104	960	0	5	0	960,992
2282	902	2	2	5	1	0	0	5	17	94	5	27	31104	960	0	5	0	960,992
2282	905	2	2	5	1	0	0	5	16	94	5	26	31104	960	0	5	0	960,992
2282	906	2	2	5	1	0	0	5	17	94	5	27	31104	960	0	5	0	960,992
2282	908	1	1	6	0	0	0	2	15	222	6	27	31104	960	0	6	0	960
2282	913	2	2	5	1	0	0	5	16	94	5	26	31104	960	0	5	0	960,992
2282	914	2	2	5	1	0	0	5	17	94	5	27	31104	960	0	5	0	960,992
2282	916	1	1	6	0	0	0	2	15	222	6	27	31104	960	0	6	0	960
2282	920	1	1	6	0	0	0	2	15	222	6	27	31104	960	0	6	0	960
2282	929	2	1	5	1	0	0	3	18	75	4	26	32128	992	0	5	0	992
2282	930	2	1	5	1	0	0	3	19	77	4	27	32128	992	0	5	0	992
2282	932	2	2	5	1	0	0	5	17	94	5	27	31104	960	0	5	0	960,992
2282	936	2	2	5	1	0	0	5	17	94	5	27	31104	960	0	5	0	960,992
2282	944	2	2	5	1	0	0	5	17	94	5	27	31104	960	0	5	0	960,992
2282	961	2	1	5	1	0	0	3	18	75	4	26	32128	992	0	5	0	992
2282	962	2	1	5	1	0	0	3	19	77	4	27	32128	992	0	5	0	992
2282	964	2	2	5	1	0	0	5	17	94	5	27	31104	960	0	5	0	960,992
2282	968	2	2	5	1	0	0	5	17	94	5	27	31104	960	0	5	0	960,992
2282	976	2	2	5	1	0	0	5	17	94	5	27	31104	960	0	5	0	960,992
2282	992	2	1	5	1	0	0	3	19	75	4	27	32128	992	0	5	0	992
2282	1039	2	3	5	1	0	0	3	21	3	2	25	31004	977	0	5	0	46,976,984
2282	1047	2	3	5	1	0	0	3	21	3	2	25	31004	977	0	5	0	46,976,984
2282	1051	2	3	5	1	0	0	3	21	3	2	25	31004	977	0	5	0	46,976,984
2282	1053	1	2	6	0	0	0	3	19	11	3	25	31004	976	0	6	0	976,984
2282	1054	0	1	7	0	0	0	1	20	11	3	26	31004	976	0	7	0	976
2282	1063	2	1	5	1	0	0	1	23	1	1	25	12574	403	0	5	0	620
2282	1067	2	1	5	1	0	0	1	23	1	1	25	12574	403	0	5	0	620
2282	1069	2	1	5	1	0	0	2	21	3	2	25	31104	984	0	5	0	984
2282	1070	2	4	5	1	0	0	4	22	3	2	26	28956	914	0	5	0	914,976,978,984
2282	1075	2	1	5	1	0	0	1	23	1	1	25	12574	403	0	5	0	620
2282	1077	2	1	5	1	0	0	2	21	3	2	25	31104	984	0	5	0	984
2282	1078	2	4	5	1	0	0	4	22	3	2	26	28956	914	0	5	0	914,976,978,984
2282	1081	2	1	5	1	0	0	2	21	3	2	25	31104	984	0	5	0	984
2282	1082	2	4	5	1	0	0	4	22	3	2	26	28956	914	0	5	0	914,976,978,984
2282	1084	1	2	6	0	0	0	3	20	11	3	26	31004	976	0	6	0	976,984
2282	1095	2	1	5	1	0	0	1	23	1	1	25	12574	403	0	5	0	620
2282	1099	2	1	5	1	0	0	1	23	1	1	25	12574	403	0	5	0	620
2282	1101	2	1	5	1	0	0	2	21	3	2	25	31104	984	0	5	0	984
2282	1102	2	4	5	1	0	0	4	22	3	2	26	28956	914	0	5	0	914,976,978,984
2282	1107	2	1	5	1	0	0	1	23	1	1	25	12574	403	0	5	0	620
2282	1109	2	1	5	1	0	0	2	21	3	2	25	31104	984	0	5	0	984
2282	1110	2	4	5	1	0	0	4	22	3	2	26	28956	914	0	5	0	914,976,978,984
2282	1113	2	1	5	1	0	0	2	21	3	2	25	31104	984	0	5	0	984
2282	1114	2	4	5	1	0	0	4	22	3	2	26	28956	914	0	5	0	914,976,978,984
2282	1116	1	2	6	0	0	0	3	20	11	3	26	31004	976	0	6	0	976,984
2282	1123	0	1	7	0	0	0	1	25	0	0	25	12574	407	0	7	0	616
2282	1125	2	4	5	1	0	0	2	23	1	1	25	12574	407	0	5	0	616,744,872,1000
2282	1126	1	1	6	0	0	0	1	24	1	1	26	12574	406	0	6	0	406
2282	1129	2	4	5	1	0	0	2	23	1	1	25	12574	407	0	5	0	616,744,872,1000
2282	1130	1	1	6	0	0	0	1	24	1	1	26	12574	406	0	6	0	406
2282	1132	2	1	5	1	0	0	2	22	3	2	26	31104	984	0	5	0	984
2282	1137	2	4	5	1	0	0	2	23	1	1	25	12574	407	0	5	0	616,744,872,1000
2282	1138	1	1	6	0	0	0	1	24	1	1	26	12574	406	0	6	0	406
2282	1140	2	1	5	1	0	0	2	22	3	2	26	31104	984	0	5	0	984
2282	1144	2	1	5	1	0	0	2	22	3	2	26	31104	984	0	5	0	984
2282	1159	2	1	5	1	0	0	2	19	13	3	25	31104	976	0	5	0	976
2282	1163	2	1	5	1	0	0	2	19	13	3	25	31104	976	0	5	0	976
2282	1165	1	1	6	0	0	0	2	17	30	4	25	31104	976	0	6	0	976
2282	1166	1	1	6	0	0	0	2	16	94	5	26	31104	976	0	6	0	976
2282	1171	2	1	5	1	0	0	2	19	13	3	25	31104	976	0	5	0	976
2282	1173	1	1	6	0	0	0	2	17	30	4	25	31104	976	0	6	0	976
2282	1174	1	1	6	0	0	0	2	16	94	5	26	31104	976	0	6	0	976
2282	1177	1	1	6	0	0	0	2	17	30	4	25	31104	976	0	6	0	976
2282	1178	1	1	6	0	0	0	2	16	94	5	26	31104	976	0	6	0	976
2282	1180	0	1	7	0	0	0	3	14	222	6	26	31004	976	0	7	0	976
2282	1187	2	1	5	1	0	0	1	23	1	1	25	12574	407	0	5	0	616
2282	1189	2	1	5	1	0	0	2	21	3	2	25	31104	976	0	5	0	976
2282	1190	2	1	5	1	0	0	2	20	13	3	26	31104	976	0	5	0	976
2282	1193	2	1	5	1	0	0	2	21	3	2	25	31104	976	0	5	0	976
2282	1194	2	1	5	1	0	0	2	20	13	3	26	31104	976	0	5	0	976
2282	1196	1	1	6	0	0	0	2	18	30	4	26	31104	976	0	6	0	976
2282	1201	2	1	5	1	0	0	2	21	3	2	25	31104	976	0	5	0	976
2282	1202	2	1	5	1	0	0	2	20	13	3	26	31104	976	0	5	0	976
2282	1204	1	1	6	0	0	0	2	18	30	4	26	31104	976	0	6	0	976
2282	1208	1	1	6	0	0	0	2	18	30	4	26	31104	976	0	6	0	976
2282	1219	2	1	5	1	0	0	1	23	1	1	25	12574	407	0	5	0	616
2282	1221	2	1	5	1	0	0	2	21	3	2	25	31104	976	0	5	0	976
2282	1222	2	1	5	1	0	0	2	20	13	3	26	31104	976	0	5	0	976
2282	1225	2	1	5	1	0	0	2	21	3	2	25	31104	976	0	5	0	976
2282	1226	2	1	5	1	0	0	2	20	13	3	26	31104	976	0	5	0	976
2282	1228	1	1	6	0	0	0	2	18	30	4	26	31104	976	0	6	0	976
2282	1233	2	1	5	1	0	0	2	21	3	2	25	31104	976	0	5	0	976
2282	1234	2	1	5	1	0	0	2	20	13	3	26	31104	976	0	5	0	976
2282	1236	1	1	6	0	0	0	2	18	30	4	26	31104	976	0	6	0	976
2282	1240	1	1	6	0	0	0	2	18	30	4	26	31104	976	0	6	0	976
2282	1249	2	5	5	1	0	0	2	25	0	0	25	12574	415	0	5	0	414,608,736,864,992
2282	1250	1	1	6	0	0	0	1	24	1	1	26	12574	414	0	6	0	414
2282	1252	2	1	5	1	0	0	2	22	3	2	26	31104	976	0	5	0	976
2282	1256	2	1	5	1	0	0	2	22	3	2	26	31104	976	0	5	0	976
2282	1264	2	1	5	1	0	0	2	22	3	2	26	31104	976	0	5	0	976
2282	1287	2	2	5	1	0	0	5	20	13	3	26	31104	976	0	5	0	976,1008
2282	1291	2	2	5	1	0	0	5	20	13	3	26	31104	976	0	5	0	976,1008
2282	1293	1	1	6	0	0	0	2	18	77	4	26	31104	976	0	6	0	976
2282	1294	1	1	6	0	0	0	2	21	11	3	27	31104	976	0	6	0	976
2282	1299	2	2	5	1	0	0	5	20	13	3	26	31104	976	0	5	0	976,1008
2282	1301	1	1	6	0	0	0	2	18	77	4	26	31104	976	0	6	0	976
2282	1302	1	1	6	0	0	0	2	21	11	3	27	31104	976	0	6	0	976
2282	1305	1	1	6	0	0	0	2	18	77	4	26	31104	976	0	6	0	976
2282	1306	1	1	6	0	0	0	2	21	11	3	27	31104	976	0	6	0	976
2282	1308	0	1	7	0	0	0	2	19	75	4	27	31104	976	0	7	0	976
2282	1315	2	5	5	1	0	0	4	20	11	3	26	12574	391	0	5	0	624,632,752,880,1008
2282	1317	2	2	5	1	0	0	5	18	77	4	26	31104	976	0	5	0	976,1008
2282	1318	2	2	5	1	0	0	5	21	13	3	27	31104	976	0	5	0	976,1008
2282	1321	2	2	5	1	0	0	5	18	77	4	26	31104	976	0	5	0	976,1008
2282	1322	2	2	5	1	0	0	5	21	13	3	27	31104	976	0	5	0	976,1008
2282	1324	1	1	6	0	0	0	2	19	77	4	27	31104	976	0	6	0	976
2282	1329	2	2	5	1	0	0	5	18	77	4	26	31104	976	0	5	0	976,1008
2282	1330	2	2	5	1	0	0	5	21	13	3	27	31104	976	0	5	0	976,1008
2282	1332	1	1	6	0	0	0	2	19	77	4	27	31104	976	0	6	0	976
2282	1336	1	1	6	0	0	0	2	19	77	4	27	31104	976	0	6	0	976
2282	1347	2	5	5	1	0	0	4	20	11	3	26	12574	391	0	5	0	624,632,752,880,1008
2282	1349	2	2	5	1	0	0	5	18	77	4	26	31104	976	0	5	0	976,1008
2282	1350	2	2	5	1	0	0	5	21	13	3	27	31104	976	0	5	0	976,1008
2282	1353	2	2	5	1	0	0	5	18	77	4	26	31104	976	0	5	0	976,1008
2282	1354	2	2	5	1	0	0	5	21	13	3	27	31104	976	0	5	0	976,1008
2282	1356	1	1	6	0	0	0	2	19	77	4	27	31104	976	0	6	0	976
2282	1361	2	2	5	1	0	0	5	18	77	4	26	31104	976	0	5	0	976,1008
2282	1362	2	2	5	1	0	0	5	21	13	3	27	31104	976	0	5	0	976,1008
2282	1364	1	1	6	0	0	0	2	19	77	4	27	31104	976	0	6	0	976
2282	1368	1	1	6	0	0	0	2	19	77	4	27	31104	976	0	6	0	976
2282	1377	2	4	5	1	0	0	4	18	75	4	26	12574	399	0	5	0	624,752,880,1008
2282	1378	1	1	6	0	0	0	1	21	11	3	27	12574	398	0	6	0	398
2282	1380	2	2	5	1	0	0	5	19	77	4	27	31104	976	0	5	0	976,1008
2282	1384	2	2	5	1	0	0	5	19	77	4	27	31104	976	0	5	0	976,1008
2282	1392	2	2	5	1	0	0	5	19	77	4	27	31104	976	0	5	0	976,1008
2282	1411	2	1	5	1	0	0	3	18	77	4	26	31616	992	0	5	0	992
2282	1413	2	2	5	1	0	0	5	16	94	5	26	31104	960	0	5	0	960,992
2282	1414	2	2	5	1	0	0	5	17	94	5	27	31104	960	0	5	0	960,992
2282	1417	2	2	5	1	0	0	5	16	94	5	26	31104	960	0	5	0	960,992
2282	1418	2	2	5	1	0	0	5	17	94	5	27	31104	960	0	5	0	960,992
2282	1420	1	1	6	0	0	0	2	15	222	6	27	31104	960	0	6	0	960
2282	1425	2	2	5	1	0	0	5	16	94	5	26	31104	960	0	5	0	960,992
2282	1426	2	2	5	1	0	0	5	17	94	5	27	31104	960	0	5	0	960,992
2282	1428	1	1	6	0	0	0	2	15	222	6	27	31104	960	0	6	0	960
2282	1432	1	1	6	0	0	0	2	15	222	6	27	31104	960	0	6	0	960
2282	1441	2	1	5	1	0	0	3	18	75	4	26	31616	992	0	5	0	992
2282	1442	2	1	5	1	0	0	3	19	77	4	27	31616	992	0	5	0	992
2282	1444	2	2	5	1	0	0	5	17	94	5	27	31104	960	0	5	0	960,992
2282	1448	2	2	5	1	0	0	5	17	94	5	27	31104	960	0	5	0	960,992
2282	1456	2	2	5	1	0	0	5	17	94	5	27	31104	960	0	5	0	960,992
2282	1473	2	1	5	1	0	0	3	18	75	4	26	31616	992	0	5	0	992
2282	1474	2	1	5	1	0	0	3	19	77	4	27	31616	992	0	5	0	992
2282	1476	2	2	5	1	0	0	5	17	94	5	27	31104	960	0	5	0	960,992
2282	1480	2	2	5	1	0	0	5	17	94	5	27	31104	960	0	5	0	960,992
2282	1488	2	2	5	1	0	0	5	17	94	5	27	31104	960	0	5	0	960,992
2282	1504	2	1	5	1	0	0	3	19	75	4	27	31616	992	0	5	0	992
2282	1543	1	1	6	0	0	0	4	22	3	2	26	31104	1008	0	6	0	1008
2282	1547	1	1	6	0	0	0	4	22	3	2	26	31104	1008	0	6	0	1008
2282	1549	1	1	6	0	0	0	4	18	30	4	26	31104	1008	0	6	0	1008
2282	1550	1	2	6	0	0	0	4	19	30	4	27	31104	1008	0	6	0	992,1008
2282	1555	1	1	6	0	0	0	4	22	3	2	26	31104	1008	0	6	0	1008
2282	1557	1	1	6	0	0	0	4	18	30	4	26	31104	1008	0	6	0	1008
2282	1558	1	2	6	0	0	0	4	19	30	4	27	31104	1008	0	6	0	992,1008
2282	1561	1	1	6	0	0	0	4	18	30	4	26	31104	1008	0	6	0	1008
2282	1562	1	2	6	0	0	0	4	19	30	4	27	31104	1008	0	6	0	992,1008
2282	1564	1	2	6	0	0	0	5	15	222	6	27	31004	992	0	6	0	992,1008
2282	1571	1	2	6	0	0	0	5	26	0	0	26	31104	1008	0	6	0	976,1008
2282	1573	1	2	6	0	0	0	5	22	3	2	26	31104	1008	0	6	0	976,1008
2282	1574	1	1	6	0	0	0	4	23	3	2	27	31104	1008	0	6	0	1008
2282	1577	1	2	6	0	0	0	5	22	3	2	26	31104	1008	0	6	0	976,1008
2282	1578	1	1	6	0	0	0	4	23	3	2	27	31104	1008	0	6	0	1008
2282	1580	1	1	6	0	0	0	4	19	30	4	27	31104	1008	0	6	0	1008
2282	1585	1	2	6	0	0	0	5	22	3	2	26	31104	1008	0	6	0	976,1008
2282	1586	1	1	6	0	0	0	4	23	3	2	27	31104	1008	0	6	0	1008
2282	1588	1	1	6	0	0	0	4	19	30	4	27	31104	1008	0	6	0	1008
2282	1592	1	1	6	0	0	0	4	19	30	4	27	31104	1008	0	6	0	1008
2282	1603	1	2	6	0	0	0	5	26	0	0	26	31104	1008	0	6	0	976,1008
2282	1605	1	2	6	0	0	0	5	22	3	2	26	31104	1008	0	6	0	976,1008
2282	1606	1	1	6	0	0	0	4	23	3	2	27	31104	1008	0	6	0	1008
2282	1609	1	2	6	0	0	0	5	22	3	2	26	31104	1008	0	6	0	976,1008
2282	1610	1	1	6	0	0	0	4	23	3	2	27	31104	1008	0	6	0	1008
2282	1612	1	1	6	0	0	0	4	19	30	4	27	31104	1008	0	6	0	1008
2282	1617	1	2	6	0	0	0	5	22	3	2	26	31104	1008	0	6	0	976,1008
2282	1618	1	1	6	0	0	0	4	23	3	2	27	31104	1008	0	6	0	1008
2282	1620	1	1	6	0	0	0	4	19	30	4	27	31104	1008	0	6	0	1008
2282	1624	1	1	6	0	0	0	4	19	30	4	27	31104	1008	0	6	0	1008
2282	1633	0	1	7	0	0	0	1	26	0	0	26	32384	976	0	7	0	976
2282	1634	1	3	6	0	0	0	6	27	0	0	27	12574	430	0	6	0	430,976,1008
2282	1636	1	2	6	0	0	0	5	23	3	2	27	31104	1008	0	6	0	976,1008
2282	1640	1	2	6	0	0	0	5	23	3	2	27	31104	1008	0	6	0	976,1008
2282	1648	1	2	6	0	0	0	5	23	3	2	27	31104	1008	0	6	0	976,1008
2282	1667	0	1	7	0	0	0	4	24	1	1	26	31104	992	0	7	0	992
2282	1669	0	1	7	0	0	0	4	20	11	3	26	31104	992	0	7	0	992
2282	1670	0	1	7	0	0	0	4	19	77	4	27	31104	992	0	7	0	992
2282	1673	0	1	7	0	0	0	4	20	11	3	26	31104	992	0	7	0	992
2282	1674	0	1	7	0	0	0	4	19	77	4	27	31104	992	0	7	0	992
2282	1676	0	1	7	0	0	0	4	15	222	6	27	31104	992	0	7	0	992
2282	1681	0	1	7	0	0	0	4	20	11	3	26	31104	992	0	7	0	992
2282	1682	0	1	7	0	0	0	4	19	77	4	27	31104	992	0	7	0	992
2282	1684	0	1	7	0	0	0	4	15	222	6	27	31104	992	0	7	0	992
2282	1688	0	1	7	0	0	0	4	15	222	6	27	31104	992	0	7	0	992
2282	1697	0	1	7	0	0	0	4	26	0	0	26	31104	992	0	7	0	992
2282	1698	0	1	7	0	0	0	4	25	1	1	27	31104	992	0	7	0	992
2282	1700	0	1	7	0	0	0	4	21	11	3	27	31104	992	0	7	0	992
2282	1704	0	1	7	0	0	0	4	21	11	3	27	31104	992	0	7	0	992
2282	1712	0	1	7	0	0	0	4	21	11	3	27	31104	992	0	7	0	992
2282	1729	0	1	7	0	0	0	4	26	0	0	26	31104	992	0	7	0	992
2282	1730	0	1	7	0	0	0	4	25	1	1	27	31104	992	0	7	0	992
2282	1732	0	1	7	0	0	0	4	21	11	3	27	31104	992	0	7	0	992
2282	1736	0	1	7	0	0	0	4	21	11	3	27	31104	992	0	7	0	992
2282	1744	0	1	7	0	0	0	4	21	11	3	27	31104	992	0	7	0	992
2282	1760	0	1	7	0	0	0	4	27	0	0	27	31104	992	0	7	0	992
2282	1795	0	1	7	0	0	0	5	21	11	3	27	31104	992	0	7	0	992
2282	1797	0	1	7	0	0	0	5	17	94	5	27	31104	992	0	7	0	992
2282	1798	0	1	7	0	0	0	5	20	30	4	28	31104	992	0	7	0	992
2282	1801	0	1	7	0	0	0	5	17	94	5	27	31104	992	0	7	0	992
2282	1802	0	1	7	0	0	0	5	20	30	4	28	31104	992	0	7	0	992
2282	1804	0	1	7	0	0	0	5	16	222	6	28	31104	992	0	7	0	992
2282	1809	0	1	7	0	0	0	5	17	94	5	27	31104	992	0	7	0	992
2282	1810	0	1	7	0	0	0	5	20	30	4	28	31104	992	0	7	0	992
2282	1812	0	1	7	0	0	0	5	16	222	6	28	31104	992	0	7	0	992
2282	1816	0	1	7	0	0	0	5	16	222	6	28	31104	992	0	7	0	992
2282	1825	0	1	7	0	0	0	5	19	75	4	27	31104	992	0	7	0	992
2282	1826	0	1	7	0	0	0	5	22	11	3	28	31104	992	0	7	0	992
2282	1828	0	1	7	0	0	0	5	18	94	5	28	31104	992	0	7	0	992
2282	1832	0	1	7	0	0	0	5	18	94	5	28	31104	992	0	7	0	992
2282	1840	0	1	7	0	0	0	5	18	94	5	28	31104	992	0	7	0	992
2282	1857	0	1	7	0	0	0	5	19	75	4	27	31104	992	0	7	0	992
2282	1858	0	1	7	0	0	0	5	22	11	3	28	31104	992	0	7	0	992
2282	1860	0	1	7	0	0	0	5	18	94	5	28	31104	992	0	7	0	992
2282	1864	0	1	7	0	0	0	5	18	94	5	28	31104	992	0	7	0	992
2282	1872	0	1	7	0	0	0	5	18	94	5	28	31104	992	0	7	0	992
2282	1888	0	1	7	0	0	0	5	20	75	4	28	31104	992	0	7	0	992
2282	1921	0	1	7	0	0	0	5	19	75	4	27	31104	960	0	7	0	960
2282	1922	0	1	7	0	0	0	5	20	77	4	28	31104	960	0	7	0	960
2282	1924	0	1	7	0	0	0	5	16	222	6	28	31104	960	0	7	0	960
2282	1928	0	1	7	0	0	0	5	16	222	6	28	31104	960	0	7	0	960
2282	1936	0	1	7	0	0	0	5	16	222	6	28	31104	960	0	7	0	960
2282	1952	0	1	7	0	0	0	5	20	75	4	28	31104	960	0	7	0	960
2282	1984	0	1	7	0	0	0	5	20	75	4	28	31104	960	0	7	0	960
2282	2063	1	1	6	0	0	0	2	19	11	3	25	28956	913	0	6	0	110
2282	2071	1	1	6	0	0	0	2	19	11	3	25	28956	913	0	6	0	110
2282	2075	1	1	6	0	0	0	2	19	11	3	25	28956	913	0	6	0	110
2282	2077	1	2	6	0	0	0	3	19	11	3	25	28956	912	0	6	0	912,920
2282	2078	0	1	7	0	0	0	2	18	75	4	26	28956	912	0	7	0	912
2282	2087	1	1	6	0	0	0	1	19	11	3	25	12574	403	0	6	0	620
2282	2091	1	1	6	0	0	0	1	19	11	3	25	12574	403	0	6	0	620
2282	2093	2	1	5	1	0	0	2	19	11	3	25	28956	914	0	5	0	914
2282	2094	1	1	6	0	0	0	2	18	75	4	26	28956	914	0	6	0	914
2282	2099	1	1	6	0	0	0	1	19	11	3	25	12574	403	0	6	0	620
2282	2101	2	1	5	1	0	0	2	19	11	3	25	28956	914	0	5	0	914
2282	2102	1	1	6	0	0	0	2	18	75	4	26	28956	914	0	6	0	914
2282	2105	2	1	5	1	0	0	2	19	11	3	25	28956	914	0	5	0	914
2282	2106	1	1	6	0	0	0	2	18	75	4	26	28956	914	0	6	0	914
2282	2108	1	2	6	0	0	0	3	18	75	4	26	28956	912	0	6	0	912,920
2282	2119	1	1	6	0	0	0	1	19	11	3	25	12574	403	0	6	0	620
2282	2123	1	1	6	0	0	0	1	19	11	3	25	12574	403	0	6	0	620
2282	2125	2	1	5	1	0	0	2	19	11	3	25	28956	914	0	5	0	914
2282	2126	1	1	6	0	0	0	2	18	75	4	26	28956	914	0	6	0	914
2282	2131	1	1	6	0	0	0	1	19	11	3	25	12574	403	0	6	0	620
2282	2133	2	1	5	1	0	0	2	19	11	3	25	28956	914	0	5	0	914
2282	2134	1	1	6	0	0	0	2	18	75	4	26	28956	914	0	6	0	914
2282	2137	2	1	5	1	0	0	2	19	11	3	25	28956	914	0	5	0	914
2282	2138	1	1	6	0	0	0	2	18	75	4	26	28956	914	0	6	0	914
2282	2140	1	2	6	0	0	0	3	18	75	4	26	28956	912	0	6	0	912,920
2282	2147	0	1	7	0	0	0	1	19	11	3	25	12574	407	0	7	0	616
2282	2149	2	2	5	1	0	0	1	19	11	3	25	12574	407	0	5	0	406,616
2282	2150	1	1	6	0	0	0	1	18	75	4	26	12574	406	0	6	0	406
2282	2153	2	2	5	1	0	0	1	19	11	3	25	12574	407	0	5	0	406,616
2282	2154	1	1	6	0	0	0	1	18	75	4	26	12574	406	0	6	0	406
2282	2156	2	1	5	1	0	0	2	18	75	4	26	28956	916	0	5	0	916
2282	2161	2	2	5	1	0	0	1	19	11	3	25	12574	407	0	5	0	406,616
2282	2162	1	1	6	0	0	0	1	18	75	4	26	12574	406	0	6	0	406
2282	2164	2	1	5	1	0	0	2	18	75	4	26	28956	916	0	5	0	916
2282	2168	2	1	5	1	0	0	2	18	75	4	26	28956	916	0	5	0	916
2282	2183	2	2	5	1	0	0	3	17	30	4	25	12574	403	0	5	0	108,620
2282	2187	2	2	5	1	0	0	3	17	30	4	25	12574	403	0	5	0	108,620
2282	2189	1	1	6	0	0	0	2	17	30	4	25	28956	914	0	6	0	914
2282	2190	1	1	6	0	0	0	2	14	222	6	26	28956	914	0	6	0	914
2282	2195	2	2	5	1	0	0	3	17	30	4	25	12574	403	0	5	0	108,620
2282	2197	1	1	6	0	0	0	2	17	30	4	25	28956	914	0	6	0	914
2282	2198	1	1	6	0	0	0	2	14	222	6	26	28956	914	0	6	0	914
2282	2201	1	1	6	0	0	0	2	17	30	4	25	28956	914	0	6	0	914
2282	2202	1	1	6	0	0	0	2	14	222	6	26	28956	914	0	6	0	914
2282	2204	0	1	7	0	0	0	3	14	222	6	26	28956	912	0	7	0	912
2282	2211	1	1	6	0	0	0	1	19	13	3	25	12574	407	0	6	0	616
2282	2213	2	2	5	1	0	0	2	19	13	3	25	28956	918	0	5	0	406,918
2282	2214	2	2	5	1	0	0	3	16	94	5	26	12574	406	0	5	0	406,918
2282	2217	2	2	5	1	0	0	2	19	13	3	25	28956	918	0	5	0	406,918
2282	2218	2	2	5	1	0	0	3	16	94	5	26	12574	406	0	5	0	406,918
2282	2220	1	1	6	0	0	0	2	16	94	5	26	28956	916	0	6	0	916
2282	2225	2	2	5	1	0	0	2	19	13	3	25	28956	918	0	5	0	406,918
2282	2226	2	2	5	1	0	0	3	16	94	5	26	12574	406	0	5	0	406,918
2282	2228	1	1	6	0	0	0	2	16	94	5	26	28956	916	0	6	0	916
2282	2232	1	1	6	0	0	0	2	16	94	5	26	28956	916	0	6	0	916
2282	2243	1	1	6	0	0	0	1	19	13	3	25	12574	407	0	6	0	616
2282	2245	2	2	5	1	0	0	2	19	13	3	25	28956	918	0	5	0	406,918
2282	2246	2	2	5	1	0	0	3	16	94	5	26	12574	406	0	5	0	406,918
2282	2249	2	2	5	1	0	0	2	19	13	3	25	28956	918	0	5	0	406,918
2282	2250	2	2	5	1	0	0	3	16	94	5	26	12574	406	0	5	0	406,918
2282	2252	1	1	6	0	0	0	2	16	94	5	26	28956	916	0	6	0	916
2282	2257	2	2	5	1	0	0	2	19	13	3	25	28956	918	0	5	0	406,918
2282	2258	2	2	5	1	0	0	3	16	94	5	26	12574	406	0	5	0	406,918
2282	2260	1	1	6	0	0	0	2	16	94	5	26	28956	916	0	6	0	916
2282	2264	1	1	6	0	0	0	2	16	94	5	26	28956	916	0	6	0	916
2282	2273	1	1	6	0	1	1	0	21	3	2	25	12574	414	2	5	1	414
2282	2274	1	1	6	0	0	0	1	18	77	4	26	12574	414	0	6	0	414
2282	2276	2	2	5	1	0	0	2	18	77	4	26	28956	924	0	5	0	412,924
2282	2280	2	2	5	1	0	0	2	18	77	4	26	28956	924	0	5	0	412,924
2282	2288	2	2	5	1	0	0	2	18	77	4	26	28956	924	0	5	0	412,924
2282	2311	2	2	5	1	0	0	3	20	76	3	26	12574	387	0	5	0	124,636
2282	2315	2	2	5	1	0	0	3	20	76	3	26	12574	387	0	5	0	124,636
2282	2317	2	3	5	1	0	0	3	20	76	3	26	28956	898	0	5	0	898,912,914
2282	2318	1	1	6	0	0	0	2	21	11	3	27	28956	898	0	6	0	898
2282	2323	2	2	5	1	0	0	3	20	76	3	26	12574	387	0	5	0	124,636
2282	2325	2	3	5	1	0	0	3	20	76	3	26	28956	898	0	5	0	898,912,914
2282	2326	1	1	6	0	0	0	2	21	11	3	27	28956	898	0	6	0	898
2282	2329	2	3	5	1	0	0	3	20	76	3	26	28956	898	0	5	0	898,912,914
2282	2330	1	1	6	0	0	0	2	21	11	3	27	28956	898	0	6	0	898
2282	2332	0	1	7	0	0	0	1	21	11	3	27	31104	912	0	7	0	912
2282	2339	1	1	6	0	0	0	1	18	86	4	26	12574	391	0	6	0	632
2282	2341	3	3	4	1	0	0	3	18	86	4	26	12574	391	0	4	0	390,632,902
2282	2342	2	2	5	1	0	0	3	19	77	4	27	12574	390	0	5	0	390,902
2282	2345	3	3	4	1	0	0	3	18	86	4	26	12574	391	0	4	0	390,632,902
2282	2346	2	2	5	1	0	0	3	19	77	4	27	12574	390	0	5	0	390,902
2282	2348	2	3	5	1	0	0	3	19	77	4	27	28956	900	0	5	0	900,912,916
2282	2353	3	3	4	1	0	0	3	18	86	4	26	12574	391	0	4	0	390,632,902
2282	2354	2	2	5	1	0	0	3	19	77	4	27	12574	390	0	5	0	390,902
2282	2356	2	3	5	1	0	0	3	19	77	4	27	28956	900	0	5	0	900,912,916
2282	2360	2	3	5	1	0	0	3	19	77	4	27	28956	900	0	5	0	900,912,916
2282	2371	1	1	6	0	0	0	1	18	86	4	26	12574	391	0	6	0	632
2282	2373	3	3	4	1	0	0	3	18	86	4	26	12574	391	0	4	0	390,632,902
2282	2374	2	2	5	1	0	0	3	19	77	4	27	12574	390	0	5	0	390,902
2282	2377	3	3	4	1	0	0	3	18	86	4	26	12574	391	0	4	0	390,632,902
2282	2378	2	2	5	1	0	0	3	19	77	4	27	12574	390	0	5	0	390,902
2282	2380	2	3	5	1	0	0	3	19	77	4	27	28956	900	0	5	0	900,912,916
2282	2385	3	3	4	1	0	0	3	18	86	4	26	12574	391	0	4	0	390,632,902
2282	2386	2	2	5	1	0	0	3	19	77	4	27	12574	390	0	5	0	390,902
2282	2388	2	3	5	1	0	0	3	19	77	4	27	28956	900	0	5	0	900,912,916
2282	2392	2	3	5	1	0	0	3	19	77	4	27	28956	900	0	5	0	900,912,916
2282	2401	2	2	5	1	0	0	1	16	94	5	26	12574	399	0	5	0	398,624
2282	2402	1	1	6	0	0	0	1	17	94	5	27	12574	398	0	6	0	398
2282	2404	3	3	4	1	0	0	3	17	94	5	27	12574	398	0	4	0	396,398,908
2282	2408	3	3	4	1	0	0	3	17	94	5	27	12574	398	0	4	0	396,398,908
2282	2416	3	3	4	1	0	0	3	17	94	5	27	12574	398	0	4	0	396,398,908
2282	2435	2	1	5	1	0	0	1	18	86	4	26	12574	391	0	5	0	632
2282	2437	2	1	5	1	0	0	2	18	86	4	26	28956	902	0	5	0	902
2282	2438	2	1	5	1	0	0	2	17	94	5	27	28956	902	0	5	0	902
2282	2441	2	1	5	1	0	0	2	18	86	4	26	28956	902	0	5	0	902
2282	2442	2	1	5	1	0	0	2	17	94	5	27	28956	902	0	5	0	902
2282	2444	1	1	6	0	0	0	2	17	94	5	27	28956	900	0	6	0	900
2282	2449	2	1	5	1	0	0	2	18	86	4	26	28956	902	0	5	0	902
2282	2450	2	1	5	1	0	0	2	17	94	5	27	28956	902	0	5	0	902
2282	2452	1	1	6	0	0	0	2	17	94	5	27	28956	900	0	6	0	900
2282	2456	1	1	6	0	0	0	2	17	94	5	27	28956	900	0	6	0	900
2282	2465	2	1	5	1	1	1	0	18	77	4	26	12574	398	2	4	1	398
2282	2466	2	1	5	1	0	0	1	19	236	5	27	12574	398	0	5	0	398
2282	2468	2	1	5	1	0	0	2	19	236	5	27	28956	908	0	5	0	908
2282	2472	2	1	5	1	0	0	2	19	236	5	27	28956	908	0	5	0	908
2282	2480	2	1	5	1	0	0	2	19	236	5	27	28956	908	0	5	0	908
2282	2497	2	1	5	1	1	1	0	18	77	4	26	12574	398	2	4	1	398
2282	2498	2	1	5	1	0	0	1	19	236	5	27	12574	398	0	5	0	398
2282	2500	2	1	5	1	0	0	2	19	236	5	27	28956	908	0	5	0	908
2282	2504	2	1	5	1	0	0	2	19	236	5	27	28956	908	0	5	0	908
2282	2512	2	1	5	1	0	0	2	19	236	5	27	28956	908	0	5	0	908
2282	2528	2	1	5	1	1	1	0	17	94	5	27	12574	412	2	4	1	412
2282	2567	2	2	5	1	0	0	3	20	13	3	26	12574	419	0	5	0	92,604
2282	2571	2	2	5	1	0	0	3	20	13	3	26	12574	419	0	5	0	92,604
2282	2573	2	2	5	1	0	0	4	18	30	4	26	28956	930	0	5	0	930,944
2282	2574	1	1	6	0	0	0	2	17	94	5	27	28956	930	0	6	0	930
2282	2579	2	2	5	1	0	0	3	20	13	3	26	12574	419	0	5	0	92,604
2282	2581	2	2	5	1	0	0	4	18	30	4	26	28956	930	0	5	0	930,944
2282	2582	1	1	6	0	0	0	2	17	94	5	27	28956	930	0	6	0	930
2282	2585	2	2	5	1	0	0	4	18	30	4	26	28956	930	0	5	0	930,944
2282	2586	1	1	6	0	0	0	2	17	94	5	27	28956	930	0	6	0	930
2282	2588	1	2	6	0	0	0	4	15	222	6	27	28956	928	0	6	0	928,944
2282	2595	1	1	6	0	0	0	1	22	3	2	26	12574	423	0	6	0	600
2282	2597	3	5	4	1	0	0	6	20	13	3	26	12574	423	0	4	0	422,600,934,944,976
2282	2598	2	2	5	1	0	0	3	19	77	4	27	12574	422	0	5	0	422,934
2282	2601	3	5	4	1	0	0	6	20	13	3	26	12574	423	0	4	0	422,600,934,944,976
2282	2602	2	2	5	1	0	0	3	19	77	4	27	12574	422	0	5	0	422,934
2282	2604	2	2	5	1	0	0	4	17	94	5	27	28956	932	0	5	0	932,944
2282	2609	3	5	4	1	0	0	6	20	13	3	26	12574	423	0	4	0	422,600,934,944,976
2282	2610	2	2	5	1	0	0	3	19	77	4	27	12574	422	0	5	0	422,934
2282	2612	2	2	5	1	0	0	4	17	94	5	27	28956	932	0	5	0	932,944
2282	2616	2	2	5	1	0	0	4	17	94	5	27	28956	932	0	5	0	932,944
2282	2627	1	1	6	0	0	0	1	22	3	2	26	12574	423	0	6	0	600
2282	2629	3	5	4	1	0	0	6	20	13	3	26	12574	423	0	4	0	422,600,934,944,976
2282	2630	2	2	5	1	0	0	3	19	77	4	27	12574	422	0	5	0	422,934
2282	2633	3	5	4	1	0	0	6	20	13	3	26	12574	423	0	4	0	422,600,934,944,976
2282	2634	2	2	5	1	0	0	3	19	77	4	27	12574	422	0	5	0	422,934
2282	2636	2	2	5	1	0	0	4	17	94	5	27	28956	932	0	5	0	932,944
2282	2641	3	5	4	1	0	0	6	20	13	3	26	12574	423	0	4	0	422,600,934,944,976
2282	2642	2	2	5	1	0	0	3	19	77	4	27	12574	422	0	5	0	422,934
2282	2644	2	2	5	1	0	0	4	17	94	5	27	28956	932	0	5	0	932,944
2282	2648	2	2	5	1	0	0	4	17	94	5	27	28956	932	0	5	0	932,944
2282	2657	2	5	5	1	0	0	2	22	3	2	26	12574	431	0	5	0	430,592,720,848,976
2282	2658	1	1	6	0	0	0	1	21	11	3	27	12574	430	0	6	0	430
2282	2660	3	5	4	1	0	0	6	19	77	4	27	12574	430	0	4	0	428,430,940,944,976
2282	2664	3	5	4	1	0	0	6	19	77	4	27	12574	430	0	4	0	428,430,940,944,976
2282	2672	3	5	4	1	0	0	6	19	77	4	27	12574	430	0	4	0	428,430,940,944,976
2282	2691	2	1	5	1	0	0	1	22	3	2	26	12574	423	0	5	0	600
2282	2693	2	4	5	1	0	0	4	20	11	3	26	28956	934	0	5	0	928,930,932,934
2282	2694	2	4	5	1	0	0	4	17	94	5	27	28956	934	0	5	0	928,930,932,934
2282	2697	2	4	5	1	0	0	4	20	11	3	26	28956	934	0	5	0	928,930,932,934
2282	2698	2	4	5	1	0	0	4	17	94	5	27	28956	934	0	5	0	928,930,932,934
2282	2700	1	2	6	0	0	0	4	15	222	6	27	28956	932	0	6	0	928,932
2282	2705	2	4	5	1	0	0	4	20	11	3	26	28956	934	0	5	0	928,930,932,934
2282	2706	2	4	5	1	0	0	4	17	94	5	27	28956	934	0	5	0	928,930,932,934
2282	2708	1	2	6	0	0	0	4	15	222	6	27	28956	932	0	6	0	928,932
2282	2712	1	2	6	0	0	0	4	15	222	6	27	28956	932	0	6	0	928,932
2282	2721	2	1	5	1	1	1	0	24	1	1	26	12574	430	2	4	1	430
2282	2722	2	1	5	1	0	0	1	21	13	3	27	12574	430	0	5	0	430
2282	2724	2	4	5	1	0	0	4	19	77	4	27	28956	940	0	5	0	928,932,936,940
2282	2728	2	4	5	1	0	0	4	19	77	4	27	28956	940	0	5	0	928,932,936,940
2282	2736	2	4	5	1	0	0	4	19	77	4	27	28956	940	0	5	0	928,932,936,940
2282	2753	2	1	5	1	1	1	0	24	1	1	26	12574	430	2	4	1	430
2282	2754	2	1	5	1	0	0	1	21	13	3	27	12574	430	0	5	0	430
2282	2756	2	4	5	1	0	0	4	19	77	4	27	28956	940	0	5	0	928,932,936,940
2282	2760	2	4	5	1	0	0	4	19	77	4	27	28956	940	0	5	0	928,932,936,940
2282	2768	2	4	5	1	0	0	4	19	77	4	27	28956	940	0	5	0	928,932,936,940
2282	2784	2	1	5	1	1	1	0	23	3	2	27	12574	444	2	4	1	444
2282	2819	2	2	5	1	0	0	4	21	76	3	27	12574	391	0	5	0	632,992
2282	2821	2	2	5	1	0	0	5	19	86	4	27	31104	928	0	5	0	928,992
2282	2822	2	3	5	1	0	0	7	20	86	4	28	28956	902	0	5	0	902,928,992
2282	2825	2	2	5	1	0	0	5	19	86	4	27	31104	928	0	5	0	928,992
2282	2826	2	3	5	1	0	0	7	20	86	4	28	28956	902	0	5	0	902,928,992
2282	2828	1	1	6	0	0	0	2	18	94	5	28	31104	928	0	6	0	928
2282	2833	2	2	5	1	0	0	5	19	86	4	27	31104	928	0	5	0	928,992
2282	2834	2	3	5	1	0	0	7	20	86	4	28	28956	902	0	5	0	902,928,992
2282	2836	1	1	6	0	0	0	2	18	94	5	28	31104	928	0	6	0	928
2282	2840	1	1	6	0	0	0	2	18	94	5	28	31104	928	0	6	0	928
2282	2849	2	1	5	1	0	0	3	19	77	4	27	32128	992	0	5	0	992
2282	2850	2	2	5	1	0	0	4	20	86	4	28	12574	398	0	5	0	398,992
2282	2852	2	2	5	1	0	0	5	20	236	5	28	31104	928	0	5	0	928,992
2282	2856	2	2	5	1	0	0	5	20	236	5	28	31104	928	0	5	0	928,992
2282	2864	2	2	5	1	0	0	5	20	236	5	28	31104	928	0	5	0	928,992
2282	2881	2	1	5	1	0	0	3	19	77	4	27	32128	992	0	5	0	992
2282	2882	2	2	5	1	0	0	4	20	86	4	28	12574	398	0	5	0	398,992
2282	2884	2	2	5	1	0	0	5	20	236	5	28	31104	928	0	5	0	928,992
2282	2888	2	2	5	1	0	0	5	20	236	5	28	31104	928	0	5	0	928,992
2282	2896	2	2	5	1	0	0	5	20	236	5	28	31104	928	0	5	0	928,992
2282	2912	2	1	5	1	0	0	3	18	94	5	28	32128	992	0	5	0	992
2282	2945	2	1	5	1	0	0	3	21	11	3	27	32128	960	0	5	0	960
2282	2946	2	1	5	1	0	0	3	20	86	4	28	32128	960	0	5	0	960
2282	2948	2	5	5	1	0	0	7	18	94	5	28	28956	908	0	5	0	896,900,904,908,960
2282	2952	2	5	5	1	0	0	7	18	94	5	28	28956	908	0	5	0	896,900,904,908,960
2282	2960	2	5	5	1	0	0	7	18	94	5	28	28956	908	0	5	0	896,900,904,908,960
2282	2976	2	1	5	1	0	0	3	20	77	4	28	32128	960	0	5	0	960
2282	3008	2	1	5	1	0	0	3	20	77	4	28	32128	960	0	5	0	960
2282	3079	2	2	5	1	0	0	3	20	13	3	26	12574	419	0	5	0	92,604
2282	3083	2	2	5	1	0	0	3	20	13	3	26	12574	419	0	5	0	92,604
2282	3085	2	2	5	1	0	0	4	18	30	4	26	28956	930	0	5	0	930,944
2282	3086	1	1	6	0	0	0	2	17	94	5	27	28956	930	0	6	0	930
2282	3091	2	2	5	1	0	0	3	20	13	3	26	12574	419	0	5	0	92,604
2282	3093	2	2	5	1	0	0	4	18	30	4	26	28956	930	0	5	0	930,944
2282	3094	1	1	6	0	0	0	2	17	94	5	27	28956	930	0	6	0	930
2282	3097	2	2	5	1	0	0	4	18	30	4	26	28956	930	0	5	0	930,944
2282	3098	1	1	6	0	0	0	2	17	94	5	27	28956	930	0	6	0	930
2282	3100	1	2	6	0	0	0	4	15	222	6	27	28956	928	0	6	0	928,944
2282	3107	1	1	6	0	0	0	1	22	3	2	26	12574	423	0	6	0	600
2282	3109	3	5	4	1	0	0	6	20	13	3	26	12574	423	0	4	0	422,600,934,944,976
2282	3110	2	2	5	1	0	0	3	19	77	4	27	12574	422	0	5	0	422,934
2282	3113	3	5	4	1	0	0	6	20	13	3	26	12574	423	0	4	0	422,600,934,944,976
2282	3114	2	2	5	1	0	0	3	19	77	4	27	12574	422	0	5	0	422,934
2282	3116	2	2	5	1	0	0	4	17	94	5	27	28956	932	0	5	0	932,944
2282	3121	3	5	4	1	0	0	6	20	13	3	26	12574	423	0	4	0	422,600,934,944,976
2282	3122	2	2	5	1	0	0	3	19	77	4	27	12574	422	0	5	0	422,934
2282	3124	2	2	5	1	0	0	4	17	94	5	27	28956	932	0	5	0	932,944
2282	3128	2	2	5	1	0	0	4	17	94	5	27	28956	932	0	5	0	932,944
2282	3139	1	1	6	0	0	0	1	22	3	2	26	12574	423	0	6	0	600
2282	3141	3	5	4	1	0	0	6	20	13	3	26	12574	423	0	4	0	422,600,934,944,976
2282	3142	2	2	5	1	0	0	3	19	77	4	27	12574	422	0	5	0	422,934
2282	3145	3	5	4	1	0	0	6	20	13	3	26	12574	423	0	4	0	422,600,934,944,976
2282	3146	2	2	5	1	0	0	3	19	77	4	27	12574	422	0	5	0	422,934
2282	3148	2	2	5	1	0	0	4	17	94	5	27	28956	932	0	5	0	932,944
2282	3153	3	5	4	1	0	0	6	20	13	3	26	12574	423	0	4	0	422,600,934,944,976
2282	3154	2	2	5	1	0	0	3	19	77	4	27	12574	422	0	5	0	422,934
2282	3156	2	2	5	1	0	0	4	17	94	5	27	28956	932	0	5	0	932,944
2282	3160	2	2	5	1	0	0	4	17	94	5	27	28956	932	0	5	0	932,944
2282	3169	2	5	5	1	0	0	2	22	3	2	26	12574	431	0	5	0	430,592,720,848,976
2282	3170	1	1	6	0	0	0	1	21	11	3	27	12574	430	0	6	0	430
2282	3172	3	5	4	1	0	0	6	19	77	4	27	12574	430	0	4	0	428,430,940,944,976
2282	3176	3	5	4	1	0	0	6	19	77	4	27	12574	430	0	4	0	428,430,940,944,976
2282	3184	3	5	4	1	0	0	6	19	77	4	27	12574	430	0	4	0	428,430,940,944,976
2282	3203	2	1	5	1	0	0	1	22	3	2	26	12574	423	0	5	0	600
2282	3205	2	4	5	1	0	0	4	20	11	3	26	28956	934	0	5	0	928,930,932,934
2282	3206	2	4	5	1	0	0	4	17	94	5	27	28956	934	0	5	0	928,930,932,934
2282	3209	2	4	5	1	0	0	4	20	11	3	26	28956	934	0	5	0	928,930,932,934
2282	3210	2	4	5	1	0	0	4	17	94	5	27	28956	934	0	5	0	928,930,932,934
2282	3212	1	2	6	0	0	0	4	15	222	6	27	28956	932	0	6	0	928,932
2282	3217	2	4	5	1	0	0	4	20	11	3	26	28956	934	0	5	0	928,930,932,934
2282	3218	2	4	5	1	0	0	4	17	94	5	27	28956	934	0	5	0	928,930,932,934
2282	3220	1	2	6	0	0	0	4	15	222	6	27	28956	932	0	6	0	928,932
2282	3224	1	2	6	0	0	0	4	15	222	6	27	28956	932	0	6	0	928,932
2282	3233	2	1	5	1	1	1	0	24	1	1	26	12574	430	2	4	1	430
2282	3234	2	1	5	1	0	0	1	21	13	3	27	12574	430	0	5	0	430
2282	3236	2	4	5	1	0	0	4	19	77	4	27	28956	940	0	5	0	928,932,936,940
2282	3240	2	4	5	1	0	0	4	19	77	4	27	28956	940	0	5	0	928,932,936,940
2282	3248	2	4	5	1	0	0	4	19	77	4	27	28956	940	0	5	0	928,932,936,940
2282	3265	2	1	5	1	1	1	0	24	1	1	26	12574	430	2	4	1	430
2282	3266	2	1	5	1	0	0	1	21	13	3	27	12574	430	0	5	0	430
2282	3268	2	4	5	1	0	0	4	19	77	4	27	28956	940	0	5	0	928,932,936,940
2282	3272	2	4	5	1	0	0	4	19	77	4	27	28956	940	0	5	0	928,932,936,940
2282	3280	2	4	5	1	0	0	4	19	77	4	27	28956	940	0	5	0	928,932,936,940
2282	3296	2	1	5	1	1	1	0	23	3	2	27	12574	444	2	4	1	444
2282	3331	2	2	5	1	0	0	4	21	76	3	27	12574	391	0	5	0	632,992
2282	3333	2	2	5	1	0	0	5	19	86	4	27	31104	928	0	5	0	928,992
2282	3334	2	3	5	1	0	0	7	20	86	4	28	28956	902	0	5	0	902,928,992
2282	3337	2	2	5	1	0	0	5	19	86	4	27	31104	928	0	5	0	928,992
2282	3338	2	3	5	1	0	0	7	20	86	4	28	28956	902	0	5	0	902,928,992
2282	3340	1	1	6	0	0	0	2	18	94	5	28	31104	928	0	6	0	928
2282	3345	2	2	5	1	0	0	5	19	86	4	27	31104	928	0	5	0	928,992
2282	3346	2	3	5	1	0	0	7	20	86	4	28	28956	902	0	5	0	902,928,992
2282	3348	1	1	6	0	0	0	2	18	94	5	28	31104	928	0	6	0	928
2282	3352	1	1	6	0	0	0	2	18	94	5	28	31104	928	0	6	0	928
2282	3361	2	1	5	1	0	0	3	19	77	4	27	31616	992	0	5	0	992
2282	3362	2	2	5	1	0	0	4	20	86	4	28	12574	398	0	5	0	398,992
2282	3364	2	2	5	1	0	0	5	20	236	5	28	31104	928	0	5	0	928,992
2282	3368	2	2	5	1	0	0	5	20	236	5	28	31104	928	0	5	0	928,992
2282	3376	2	2	5	1	0	0	5	20	236	5	28	31104	928	0	5	0	928,992
2282	3393	2	1	5	1	0	0	3	19	77	4	27	31616	992	0	5	0	992
2282	3394	2	2	5	1	0	0	4	20	86	4	28	12574	398	0	5	0	398,992
2282	3396	2	2	5	1	0	0	5	20	236	5	28	31104	928	0	5	0	928,992
2282	3400	2	2	5	1	0	0	5	20	236	5	28	31104	928	0	5	0	928,992
2282	3408	2	2	5	1	0	0	5	20	236	5	28	31104	928	0	5	0	928,992
2282	3424	2	1	5	1	0	0	3	18	94	5	28	31616	992	0	5	0	992
2282	3457	2	1	5	1	0	0	3	21	11	3	27	31616	960	0	5	0	960
2282	3458	2	1	5	1	0	0	3	20	86	4	28	31616	960	0	5	0	960
2282	3460	2	5	5	1	0	0	7	18	94	5	28	28956	908	0	5	0	896,900,904,908,960
2282	3464	2	5	5	1	0	0	7	18	94	5	28	28956	908	0	5	0	896,900,904,908,960
2282	3472	2	5	5	1	0	0	7	18	94	5	28	28956	908	0	5	0	896,900,904,908,960
2282	3488	2	1	5	1	0	0	3	20	77	4	28	31616	960	0	5	0	960
2282	3520	2	1	5	1	0	0	3	20	77	4	28	31616	960	0	5	0	960
2282	3587	1	1	6	0	0	0	4	25	1	1	27	31104	992	0	6	0	992
2282	3589	1	1	6	0	0	0	4	21	11	3	27	31104	992	0	6	0	992
2282	3590	1	1	6	0	0	0	4	20	77	4	28	31104	992	0	6	0	992
2282	3593	1	1	6	0	0	0	4	21	11	3	27	31104	992	0	6	0	992
2282	3594	1	1	6	0	0	0	4	20	77	4	28	31104	992	0	6	0	992
2282	3596	1	1	6	0	0	0	4	16	222	6	28	31104	992	0	6	0	992
2282	3601	1	1	6	0	0	0	4	21	11	3	27	31104	992	0	6	0	992
2282	3602	1	1	6	0	0	0	4	20	77	4	28	31104	992	0	6	0	992
2282	3604	1	1	6	0	0	0	4	16	222	6	28	31104	992	0	6	0	992
2282	3608	1	1	6	0	0	0	4	16	222	6	28	31104	992	0	6	0	992
2282	3617	1	2	6	0	0	0	5	25	1	1	27	31104	992	0	6	0	928,992
2282	3618	1	1	6	0	0	0	4	24	3	2	28	31104	992	0	6	0	992
2282	3620	1	1	6	0	0	0	4	20	77	4	28	31104	992	0	6	0	992
2282	3624	1	1	6	0	0	0	4	20	77	4	28	31104	992	0	6	0	992
2282	3632	1	1	6	0	0	0	4	20	77	4	28	31104	992	0	6	0	992
2282	3649	1	2	6	0	0	0	5	25	1	1	27	31104	992	0	6	0	928,992
2282	3650	1	1	6	0	0	0	4	24	3	2	28	31104	992	0	6	0	992
2282	3652	1	1	6	0	0	0	4	20	77	4	28	31104	992	0	6	0	992
2282	3656	1	1	6	0	0	0	4	20	77	4	28	31104	992	0	6	0	992
2282	3664	1	1	6	0	0	0	4	20	77	4	28	31104	992	0	6	0	992
2282	3680	1	2	6	0	0	0	5	24	3	2	28	31104	992	0	6	0	928,992
2282	3713	0	1	7	0	0	0	4	27	0	0	27	31104	960	0	7	0	960
2282	3714	0	1	7	0	0	0	4	24	3	2	28	31104	960	0	7	0	960
2282	3716	0	1	7	0	0	0	4	20	75	4	28	31104	960	0	7	0	960
2282	3720	0	1	7	0	0	0	4	20	75	4	28	31104	960	0	7	0	960
2282	3728	0	1	7	0	0	0	4	20	75	4	28	31104	960	0	7	0	960
2282	3744	0	1	7	0	0	0	4	26	1	1	28	31104	960	0	7	0	960
2282	3776	0	1	7	0	0	0	4	26	1	1	28	31104	960	0	7	0	960
2282	3841	0	1	7	0	0	0	5	22	11	3	28	31104	960	0	7	0	960
2282	3842	0	1	7	0	0	0	5	23	76	3	29	31104	960	0	7	0	960
2282	3844	0	1	7	0	0	0	5	19	94	5	29	31104	960	0	7	0	960
2282	3848	0	1	7	0	0	0	5	19	94	5	29	31104	960	0	7	0	960
2282	3856	0	1	7	0	0	0	5	19	94	5	29	31104	960	0	7	0	960
2282	3872	0	1	7	0	0	0	5	21	77	4	29	31104	960	0	7	0	960
2282	3904	0	1	7	0	0	0	5	21	77	4	29	31104	960	0	7	0	960
2282	3968	0	1	7	0	0	0	5	23	11	3	29	31104	896	0	7	0	896
2282	4111	2	1	5	1	0	0	1	21	3	2	25	31004	913	0	5	0	110
2282	4119	2	1	5	1	0	0	1	21	3	2	25	31004	913	0	5	0	110
2282	4123	2	1	5	1	0	0	1	21	3	2	25	31004	913	0	5	0	110
2282	4125	1	2	6	0	0	0	2	23	1	1	25	31004	912	0	6	0	912,920
2282	4126	0	1	7	0	0	0	1	24	1	1	26	31004	912	0	7	0	912
2282	4135	2	2	5	1	0	0	1	19	11	3	25	12574	275	0	5	0	744,748
2282	4139	2	2	5	1	0	0	1	19	11	3	25	12574	275	0	5	0	744,748
2282	4141	3	5	4	1	0	0	4	21	3	2	25	12574	275	0	4	0	744,748,914,920,1000
2282	4142	2	2	5	1	0	0	2	22	3	2	26	28956	786	0	5	0	786,914
2282	4147	2	2	5	1	0	0	1	19	11	3	25	12574	275	0	5	0	744,748
2282	4149	3	5	4	1	0	0	4	21	3	2	25	12574	275	0	4	0	744,748,914,920,1000
2282	4150	2	2	5	1	0	0	2	22	3	2	26	28956	786	0	5	0	786,914
2282	4153	3	5	4	1	0	0	4	21	3	2	25	12574	275	0	4	0	744,748,914,920,1000
2282	4154	2	2	5	1	0	0	2	22	3	2	26	28956	786	0	5	0	786,914
2282	4156	1	2	6	0	0	0	2	24	1	1	26	31004	912	0	6	0	912,920
2282	4167	2	2	5	1	0	0	1	19	11	3	25	12574	275	0	5	0	744,748
2282	4171	2	2	5	1	0	0	1	19	11	3	25	12574	275	0	5	0	744,748
2282	4173	3	5	4	1	0	0	4	21	3	2	25	12574	275	0	4	0	744,748,914,920,1000
2282	4174	2	2	5	1	0	0	2	22	3	2	26	28956	786	0	5	0	786,914
2282	4179	2	2	5	1	0	0	1	19	11	3	25	12574	275	0	5	0	744,748
2282	4181	3	5	4	1	0	0	4	21	3	2	25	12574	275	0	4	0	744,748,914,920,1000
2282	4182	2	2	5	1	0	0	2	22	3	2	26	28956	786	0	5	0	786,914
2282	4185	3	5	4	1	0	0	4	21	3	2	25	12574	275	0	4	0	744,748,914,920,1000
2282	4186	2	2	5	1	0	0	2	22	3	2	26	28956	786	0	5	0	786,914
2282	4188	1	2	6	0	0	0	2	24	1	1	26	31004	912	0	6	0	912,920
2282	4195	0	1	7	0	0	0	1	17	75	4	25	12574	279	0	7	0	744
2282	4197	1	1	6	0	0	0	1	19	11	3	25	12574	279	0	6	0	744
2282	4198	1	1	6	0	0	0	1	20	11	3	26	12574	278	0	6	0	278
2282	4201	1	1	6	0	0	0	1	19	11	3	25	12574	279	0	6	0	744
2282	4202	1	1	6	0	0	0	1	20	11	3	26	12574	278	0	6	0	278
2282	4204	2	1	5	1	0	0	1	22	3	2	26	12574	278	0	5	0	278
2282	4209	1	1	6	0	0	0	1	19	11	3	25	12574	279	0	6	0	744
2282	4210	1	1	6	0	0	0	1	20	11	3	26	12574	278	0	6	0	278
2282	4212	2	1	5	1	0	0	1	22	3	2	26	12574	278	0	5	0	278
2282	4216	2	1	5	1	0	0	1	22	3	2	26	12574	278	0	5	0	278
2282	4231	4	15	3	1	0	0	8	17	86	4	25	12574	275	0	3	0	108,110,236,620,736,740,744,748,752,912,914,944,976,992,1008
2282	4235	4	15	3	1	0	0	8	17	86	4	25	12574	275	0	3	0	108,110,236,620,736,740,744,748,752,912,914,944,976,992,1008
2282	4237	2	2	5	1	0	0	2	19	76	3	25	31004	914	0	5	0	912,914
2282	4238	2	2	5	1	0	0	2	18	77	4	26	31004	914	0	5	0	912,914
2282	4243	4	15	3	1	0	0	8	17	86	4	25	12574	275	0	3	0	108,110,236,620,736,740,744,748,752,912,914,944,976,992,1008
2282	4245	2	2	5	1	0	0	2	19	76	3	25	31004	914	0	5	0	912,914
2282	4246	2	2	5	1	0	0	2	18	77	4	26	31004	914	0	5	0	912,914
2282	4249	2	2	5	1	0	0	2	19	76	3	25	31004	914	0	5	0	912,914
2282	4250	2	2	5	1	0	0	2	18	77	4	26	31004	914	0	5	0	912,914
2282	4252	0	1	7	0	0	0	2	20	11	3	26	31004	912	0	7	0	912
2282	4259	2	2	5	1	0	0	1	17	77	4	25	12574	279	0	5	0	736,744
2282	4261	3	3	4	1	0	0	2	19	76	3	25	12574	279	0	4	0	736,744,992
2282	4262	3	3	4	1	0	0	2	18	86	4	26	12574	278	0	4	0	278,286,790
2282	4265	3	3	4	1	0	0	2	19	76	3	25	12574	279	0	4	0	736,744,992
2282	4266	3	3	4	1	0	0	2	18	86	4	26	12574	278	0	4	0	278,286,790
2282	4268	2	2	5	1	0	0	2	20	76	3	26	31004	916	0	5	0	912,916
2282	4273	3	3	4	1	0	0	2	19	76	3	25	12574	279	0	4	0	736,744,992
2282	4274	3	3	4	1	0	0	2	18	86	4	26	12574	278	0	4	0	278,286,790
2282	4276	2	2	5	1	0	0	2	20	76	3	26	31004	916	0	5	0	912,916
2282	4280	2	2	5	1	0	0	2	20	76	3	26	31004	916	0	5	0	912,916
2282	4291	2	2	5	1	0	0	1	17	77	4	25	12574	279	0	5	0	736,744
2282	4293	3	3	4	1	0	0	2	19	76	3	25	12574	279	0	4	0	736,744,992
2282	4294	3	3	4	1	0	0	2	18	86	4	26	12574	278	0	4	0	278,286,790
2282	4297	3	3	4	1	0	0	2	19	76	3	25	12574	279	0	4	0	736,744,992
2282	4298	3	3	4	1	0	0	2	18	86	4	26	12574	278	0	4	0	278,286,790
2282	4300	2	2	5	1	0	0	2	20	76	3	26	31004	916	0	5	0	912,916
2282	4305	3	3	4	1	0	0	2	19	76	3	25	12574	279	0	4	0	736,744,992
2282	4306	3	3	4	1	0	0	2	18	86	4	26	12574	278	0	4	0	278,286,790
2282	4308	2	2	5	1	0	0	2	20	76	3	26	31004	916	0	5	0	912,916
2282	4312	2	2	5	1	0	0	2	20	76	3	26	31004	916	0	5	0	912,916
2282	4321	1	1	6	0	0	0	1	19	11	3	25	12574	287	0	6	0	736
2282	4322	1	1	6	0	0	0	1	18	77	4	26	12574	286	0	6	0	286
2282	4324	2	1	5	1	0	0	1	20	76	3	26	12574	286	0	5	0	286
2282	4328	2	1	5	1	0	0	1	20	76	3	26	12574	286	0	5	0	286
2282	4336	2	1	5	1	0	0	1	20	76	3	26	12574	286	0	5	0	286
2282	4359	2	2	5	1	0	0	2	20	13	3	26	32384	1008	0	5	0	752,1008
2282	4363	2	2	5	1	0	0	2	20	13	3	26	32384	1008	0	5	0	752,1008
2282	4365	2	4	5	1	0	0	5	22	3	2	26	31104	912	0	5	0	912,944,976,1008
2282	4366	2	5	5	1	0	0	6	25	1	1	27	31004	898	0	5	0	898,912,944,976,1008
2282	4371	2	2	5	1	0	0	2	20	13	3	26	32384	1008	0	5	0	752,1008
2282	4373	2	4	5	1	0	0	5	22	3	2	26	31104	912	0	5	0	912,944,976,1008
2282	4374	2	5	5	1	0	0	6	25	1	1	27	31004	898	0	5	0	898,912,944,976,1008
2282	4377	2	4	5	1	0	0	5	22	3	2	26	31104	912	0	5	0	912,944,976,1008
2282	4378	2	5	5	1	0	0	6	25	1	1	27	31004	898	0	5	0	898,912,944,976,1008
2282	4380	0	1	7	0	0	0	1	27	0	0	27	31104	912	0	7	0	912
2282	4387	1	1	6	0	1	1	0	16	94	5	26	12574	271	64	5	1	752
2282	4389	2	2	5	1	0	0	2	18	30	4	26	32384	1008	0	5	0	752,1008
2282	4390	2	3	5	1	0	0	2	21	13	3	27	32384	1008	0	5	0	270,752,1008
2282	4393	2	2	5	1	0	0	2	18	30	4	26	32384	1008	0	5	0	752,1008
2282	4394	2	3	5	1	0	0	2	21	13	3	27	32384	1008	0	5	0	270,752,1008
2282	4396	2	4	5	1	0	0	5	23	3	2	27	31104	912	0	5	0	912,944,976,1008
2282	4401	2	2	5	1	0	0	2	18	30	4	26	32384	1008	0	5	0	752,1008
2282	4402	2	3	5	1	0	0	2	21	13	3	27	32384	1008	0	5	0	270,752,1008
2282	4404	2	4	5	1	0	0	5	23	3	2	27	31104	912	0	5	0	912,944,976,1008
2282	4408	2	4	5	1	0	0	5	23	3	2	27	31104	912	0	5	0	912,944,976,1008
2282	4419	1	1	6	0	1	1	0	16	94	5	26	12574	271	32	5	1	752
2282	4421	2	2	5	1	0	0	2	18	30	4	26	32384	1008	0	5	0	752,1008
2282	4422	2	3	5	1	0	0	2	21	13	3	27	32384	1008	0	5	0	270,752,1008
2282	4425	2	2	5	1	0	0	2	18	30	4	26	32384	1008	0	5	0	752,1008
2282	4426	2	3	5	1	0	0	2	21	13	3	27	32384	1008	0	5	0	270,752,1008
2282	4428	2	4	5	1	0	0	5	23	3	2	27	31104	912	0	5	0	912,944,976,1008
2282	4433	2	2	5	1	0	0	2	18	30	4	26	32384	1008	0	5	0	752,1008
2282	4434	2	3	5	1	0	0	2	21	13	3	27	32384	1008	0	5	0	270,752,1008
2282	4436	2	4	5	1	0	0	5	23	3	2	27	31104	912	0	5	0	912,944,976,1008
2282	4440	2	4	5	1	0	0	5	23	3	2	27	31104	912	0	5	0	912,944,976,1008
2282	4449	1	1	6	0	0	0	1	14	222	6	26	12574	271	0	6	0	752
2282	4450	1	2	6	0	0	0	1	17	94	5	27	12574	270	0	6	0	270,752
2282	4452	2	3	5	1	0	0	3	19	30	4	27	12574	270	0	5	0	270,752,1008
2282	4456	2	3	5	1	0	0	3	19	30	4	27	12574	270	0	5	0	270,752,1008
2282	4464	2	3	5	1	0	0	3	19	30	4	27	12574	270	0	5	0	270,752,1008
2282	4483	2	2	5	1	0	0	2	18	236	5	26	32384	992	0	5	0	736,992
2282	4485	2	1	5	1	0	0	2	18	86	4	26	32384	992	0	5	0	992
2282	4486	2	1	5	1	0	0	2	19	77	4	27	32384	992	0	5	0	992
2282	4489	2	1	5	1	0	0	2	18	86	4	26	32384	992	0	5	0	992
2282	4490	2	1	5	1	0	0	2	19	77	4	27	32384	992	0	5	0	992
2282	4492	2	5	5	1	0	0	6	21	11	3	27	31004	900	0	5	0	896,900,928,960,992
2282	4497	2	1	5	1	0	0	2	18	86	4	26	32384	992	0	5	0	992
2282	4498	2	1	5	1	0	0	2	19	77	4	27	32384	992	0	5	0	992
2282	4500	2	5	5	1	0	0	6	21	11	3	27	31004	900	0	5	0	896,900,928,960,992
2282	4504	2	5	5	1	0	0	6	21	11	3	27	31004	900	0	5	0	896,900,928,960,992
2282	4513	2	2	5	1	0	0	2	16	94	5	26	32384	992	0	5	0	736,992
2282	4514	2	3	5	1	0	0	2	19	236	5	27	32384	992	0	5	0	286,736,992
2282	4516	2	1	5	1	0	0	2	19	86	4	27	32384	992	0	5	0	992
2282	4520	2	1	5	1	0	0	2	19	86	4	27	32384	992	0	5	0	992
2282	4528	2	1	5	1	0	0	2	19	86	4	27	32384	992	0	5	0	992
2282	4545	2	2	5	1	0	0	2	16	94	5	26	32384	992	0	5	0	736,992
2282	4546	2	3	5	1	0	0	2	19	236	5	27	32384	992	0	5	0	286,736,992
2282	4548	2	1	5	1	0	0	2	19	86	4	27	32384	992	0	5	0	992
2282	4552	2	1	5	1	0	0	2	19	86	4	27	32384	992	0	5	0	992
2282	4560	2	1	5	1	0	0	2	19	86	4	27	32384	992	0	5	0	992
2282	4576	2	3	5	1	0	0	3	17	94	5	27	12574	286	0	5	0	286,736,992
2282	4615	3	3	4	1	0	0	5	18	77	4	26	31104	944	0	4	0	944,976,1008
2282	4619	3	3	4	1	0	0	5	18	77	4	26	31104	944	0	4	0	944,976,1008
2282	4621	2	1	5	1	0	0	2	18	77	4	26	31104	944	0	5	0	944
2282	4622	2	3	5	1	0	0	3	19	77	4	27	31004	930	0	5	0	928,930,944
2282	4627	3	3	4	1	0	0	5	18	77	4	26	31104	944	0	4	0	944,976,1008
2282	4629	2	1	5	1	0	0	2	18	77	4	26	31104	944	0	5	0	944
2282	4630	2	3	5	1	0	0	3	19	77	4	27	31004	930	0	5	0	928,930,944
2282	4633	2	1	5	1	0	0	2	18	77	4	26	31104	944	0	5	0	944
2282	4634	2	3	5	1	0	0	3	19	77	4	27	31004	930	0	5	0	928,930,944
2282	4636	1	2	6	0	0	0	3	19	75	4	27	31004	928	0	6	0	928,944
2282	4643	2	3	5	1	0	0	2	18	75	4	26	12574	295	0	5	0	720,728,976
2282	4645	2	1	5	1	0	0	1	18	77	4	26	32384	976	0	5	0	976
2282	4646	3	6	4	1	0	0	7	19	77	4	27	12574	294	0	4	0	294,302,806,944,976,1008
2282	4649	2	1	5	1	0	0	1	18	77	4	26	32384	976	0	5	0	976
2282	4650	3	6	4	1	0	0	7	19	77	4	27	12574	294	0	4	0	294,302,806,944,976,1008
2282	4652	2	1	5	1	0	0	2	19	77	4	27	31104	944	0	5	0	944
2282	4657	2	1	5	1	0	0	1	18	77	4	26	32384	976	0	5	0	976
2282	4658	3	6	4	1	0	0	7	19	77	4	27	12574	294	0	4	0	294,302,806,944,976,1008
2282	4660	2	1	5	1	0	0	2	19	77	4	27	31104	944	0	5	0	944
2282	4664	2	1	5	1	0	0	2	19	77	4	27	31104	944	0	5	0	944
2282	4675	2	3	5	1	0	0	2	18	75	4	26	12574	295	0	5	0	720,728,976
2282	4677	2	1	5	1	0	0	1	18	77	4	26	32384	976	0	5	0	976
2282	4678	3	6	4	1	0	0	7	19	77	4	27	12574	294	0	4	0	294,302,806,944,976,1008
2282	4681	2	1	5	1	0	0	1	18	77	4	26	32384	976	0	5	0	976
2282	4682	3	6	4	1	0	0	7	19	77	4	27	12574	294	0	4	0	294,302,806,944,976,1008
2282	4684	2	1	5	1	0	0	2	19	77	4	27	31104	944	0	5	0	944
2282	4689	2	1	5	1	0	0	1	18	77	4	26	32384	976	0	5	0	976
2282	4690	3	6	4	1	0	0	7	19	77	4	27	12574	294	0	4	0	294,302,806,944,976,1008
2282	4692	2	1	5	1	0	0	2	19	77	4	27	31104	944	0	5	0	944
2282	4696	2	1	5	1	0	0	2	19	77	4	27	31104	944	0	5	0	944
2282	4705	1	2	6	0	0	0	2	18	75	4	26	12574	303	0	6	0	720,976
2282	4706	1	1	6	0	0	0	1	19	75	4	27	12574	302	0	6	0	302
2282	4708	2	2	5	1	0	0	2	19	77	4	27	12574	302	0	5	0	302,976
2282	4712	2	2	5	1	0	0	2	19	77	4	27	12574	302	0	5	0	302,976
2282	4720	2	2	5	1	0	0	2	19	77	4	27	12574	302	0	5	0	302,976
2282	4739	2	1	5	1	0	0	2	18	77	4	26	32128	992	0	5	0	992
2282	4741	2	2	5	1	0	0	4	18	86	4	26	31104	928	0	5	0	928,992
2282	4742	2	2	5	1	0	0	4	19	236	5	27	31104	928	0	5	0	928,992
2282	4745	2	2	5	1	0	0	4	18	86	4	26	31104	928	0	5	0	928,992
2282	4746	2	2	5	1	0	0	4	19	236	5	27	31104	928	0	5	0	928,992
2282	4748	1	1	6	0	0	0	2	17	94	5	27	31104	928	0	6	0	928
2282	4753	2	2	5	1	0	0	4	18	86	4	26	31104	928	0	5	0	928,992
2282	4754	2	2	5	1	0	0	4	19	236	5	27	31104	928	0	5	0	928,992
2282	4756	1	1	6	0	0	0	2	17	94	5	27	31104	928	0	6	0	928
2282	4760	1	1	6	0	0	0	2	17	94	5	27	31104	928	0	6	0	928
2282	4769	2	2	5	1	0	0	3	20	11	3	26	32128	992	0	5	0	960,992
2282	4770	2	1	5	1	0	0	2	19	77	4	27	32128	992	0	5	0	992
2282	4772	2	2	5	1	0	0	4	19	86	4	27	31104	928	0	5	0	928,992
2282	4776	2	2	5	1	0	0	4	19	86	4	27	31104	928	0	5	0	928,992
2282	4784	2	2	5	1	0	0	4	19	86	4	27	31104	928	0	5	0	928,992
2282	4801	2	2	5	1	0	0	3	20	11	3	26	32128	992	0	5	0	960,992
2282	4802	2	1	5	1	0	0	2	19	77	4	27	32128	992	0	5	0	992
2282	4804	2	2	5	1	0	0	4	19	86	4	27	31104	928	0	5	0	928,992
2282	4808	2	2	5	1	0	0	4	19	86	4	27	31104	928	0	5	0	928,992
2282	4816	2	2	5	1	0	0	4	19	86	4	27	31104	928	0	5	0	928,992
2282	4832	2	3	5	1	0	0	4	21	11	3	27	12574	318	0	5	0	318,960,992
2282	4867	1	1	6	0	0	0	3	17	94	5	27	32128	992	0	6	0	992
2282	4869	1	1	6	0	0	0	3	17	94	5	27	32128	992	0	6	0	992
2282	4870	1	1	6	0	0	0	3	20	77	4	28	32128	992	0	6	0	992
2282	4873	1	1	6	0	0	0	3	17	94	5	27	32128	992	0	6	0	992
2282	4874	1	1	6	0	0	0	3	20	77	4	28	32128	992	0	6	0	992
2282	4876	1	2	6	0	0	0	5	20	75	4	28	31104	928	0	6	0	928,992
2282	4881	1	1	6	0	0	0	3	17	94	5	27	32128	992	0	6	0	992
2282	4882	1	1	6	0	0	0	3	20	77	4	28	32128	992	0	6	0	992
2282	4884	1	2	6	0	0	0	5	20	75	4	28	31104	928	0	6	0	928,992
2282	4888	1	2	6	0	0	0	5	20	75	4	28	31104	928	0	6	0	928,992
2282	4897	1	1	6	0	0	0	3	15	222	6	27	32128	992	0	6	0	992
2282	4898	1	1	6	0	0	0	3	18	94	5	28	32128	992	0	6	0	992
2282	4900	1	1	6	0	0	0	3	18	94	5	28	32128	992	0	6	0	992
2282	4904	1	1	6	0	0	0	3	18	94	5	28	32128	992	0	6	0	992
2282	4912	1	1	6	0	0	0	3	18	94	5	28	32128	992	0	6	0	992
2282	4929	1	1	6	0	0	0	3	15	222	6	27	32128	992	0	6	0	992
2282	4930	1	1	6	0	0	0	3	18	94	5	28	32128	992	0	6	0	992
2282	4932	1	1	6	0	0	0	3	18	94	5	28	32128	992	0	6	0	992
2282	4936	1	1	6	0	0	0	3	18	94	5	28	32128	992	0	6	0	992
2282	4944	1	1	6	0	0	0	3	18	94	5	28	32128	992	0	6	0	992
2282	4960	1	1	6	0	0	0	3	16	222	6	28	32128	992	0	6	0	992
2282	4993	1	1	6	0	0	0	3	17	94	5	27	32128	960	0	6	0	960
2282	4994	1	1	6	0	0	0	3	20	236	5	28	32128	960	0	6	0	960
2282	4996	1	1	6	0	0	0	3	18	94	5	28	32128	960	0	6	0	960
2282	5000	1	1	6	0	0	0	3	18	94	5	28	32128	960	0	6	0	960
2282	5008	1	1	6	0	0	0	3	18	94	5	28	32128	960	0	6	0	960
2282	5024	1	1	6	0	0	0	3	18	94	5	28	32128	960	0	6	0	960
2282	5056	1	1	6	0	0	0	3	18	94	5	28	32128	960	0	6	0	960
2282	5127	3	3	4	1	0	0	5	18	77	4	26	31104	944	0	4	0	944,976,1008
2282	5131	3	3	4	1	0	0	5	18	77	4	26	31104	944	0	4	0	944,976,1008
2282	5133	2	1	5	1	0	0	2	18	77	4	26	31104	944	0	5	0	944
2282	5134	2	3	5	1	0	0	3	19	77	4	27	31004	930	0	5	0	928,930,944
2282	5139	3	3	4	1	0	0	5	18	77	4	26	31104	944	0	4	0	944,976,1008
2282	5141	2	1	5	1	0	0	2	18	77	4	26	31104	944	0	5	0	944
2282	5142	2	3	5	1	0	0	3	19	77	4	27	31004	930	0	5	0	928,930,944
2282	5145	2	1	5	1	0	0	2	18	77	4	26	31104	944	0	5	0	944
2282	5146	2	3	5	1	0	0	3	19	77	4	27	31004	930	0	5	0	928,930,944
2282	5148	1	2	6	0	0	0	3	19	75	4	27	31004	928	0	6	0	928,944
2282	5155	2	3	5	1	0	0	2	18	75	4	26	12574	295	0	5	0	720,728,976
2282	5157	2	1	5	1	0	0	1	18	77	4	26	32384	976	0	5	0	976
2282	5158	3	6	4	1	0	0	7	19	77	4	27	12574	294	0	4	0	294,302,806,944,976,1008
2282	5161	2	1	5	1	0	0	1	18	77	4	26	32384	976	0	5	0	976
2282	5162	3	6	4	1	0	0	7	19	77	4	27	12574	294	0	4	0	294,302,806,944,976,1008
2282	5164	2	1	5	1	0	0	2	19	77	4	27	31104	944	0	5	0	944
2282	5169	2	1	5	1	0	0	1	18	77	4	26	32384	976	0	5	0	976
2282	5170	3	6	4	1	0	0	7	19	77	4	27	12574	294	0	4	0	294,302,806,944,976,1008
2282	5172	2	1	5	1	0	0	2	19	77	4	27	31104	944	0	5	0	944
2282	5176	2	1	5	1	0	0	2	19	77	4	27	31104	944	0	5	0	944
2282	5187	2	3	5	1	0	0	2	18	75	4	26	12574	295	0	5	0	720,728,976
2282	5189	2	1	5	1	0	0	1	18	77	4	26	32384	976	0	5	0	976
2282	5190	3	6	4	1	0	0	7	19	77	4	27	12574	294	0	4	0	294,302,806,944,976,1008
2282	5193	2	1	5	1	0	0	1	18	77	4	26	32384	976	0	5	0	976
2282	5194	3	6	4	1	0	0	7	19	77	4	27	12574	294	0	4	0	294,302,806,944,976,1008
2282	5196	2	1	5	1	0	0	2	19	77	4	27	31104	944	0	5	0	944
2282	5201	2	1	5	1	0	0	1	18	77	4	26	32384	976	0	5	0	976
2282	5202	3	6	4	1	0	0	7	19	77	4	27	12574	294	0	4	0	294,302,806,944,976,1008
2282	5204	2	1	5	1	0	0	2	19	77	4	27	31104	944	0	5	0	944
2282	5208	2	1	5	1	0	0	2	19	77	4	27	31104	944	0	5	0	944
2282	5217	1	2	6	0	0	0	2	18	75	4	26	12574	303	0	6	0	720,976
2282	5218	1	1	6	0	0	0	1	19	75	4	27	12574	302	0	6	0	302
2282	5220	2	2	5	1	0	0	2	19	77	4	27	12574	302	0	5	0	302,976
2282	5224	2	2	5	1	0	0	2	19	77	4	27	12574	302	0	5	0	302,976
2282	5232	2	2	5	1	0	0	2	19	77	4	27	12574	302	0	5	0	302,976
2282	5251	2	1	5	1	0	0	2	18	77	4	26	31616	992	0	5	0	992
2282	5253	2	2	5	1	0	0	4	18	86	4	26	31104	928	0	5	0	928,992
2282	5254	2	2	5	1	0	0	4	19	236	5	27	31104	928	0	5	0	928,992
2282	5257	2	2	5	1	0	0	4	18	86	4	26	31104	928	0	5	0	928,992
2282	5258	2	2	5	1	0	0	4	19	236	5	27	31104	928	0	5	0	928,992
2282	5260	1	1	6	0	0	0	2	17	94	5	27	31104	928	0	6	0	928
2282	5265	2	2	5	1	0	0	4	18	86	4	26	31104	928	0	5	0	928,992
2282	5266	2	2	5	1	0	0	4	19	236	5	27	31104	928	0	5	0	928,992
2282	5268	1	1	6	0	0	0	2	17	94	5	27	31104	928	0	6	0	928
2282	5272	1	1	6	0	0	0	2	17	94	5	27	31104	928	0	6	0	928
2282	5281	2	2	5	1	0	0	3	20	11	3	26	31616	992	0	5	0	960,992
2282	5282	2	1	5	1	0	0	2	19	77	4	27	31616	992	0	5	0	992
2282	5284	2	2	5	1	0	0	4	19	86	4	27	31104	928	0	5	0	928,992
2282	5288	2	2	5	1	0	0	4	19	86	4	27	31104	928	0	5	0	928,992
2282	5296	2	2	5	1	0	0	4	19	86	4	27	31104	928	0	5	0	928,992
2282	5313	2	2	5	1	0	0	3	20	11	3	26	31616	992	0	5	0	960,992
2282	5314	2	1	5	1	0	0	2	19	77	4	27	31616	992	0	5	0	992
2282	5316	2	2	5	1	0	0	4	19	86	4	27	31104	928	0	5	0	928,992
2282	5320	2	2	5	1	0	0	4	19	86	4	27	31104	928	0	5	0	928,992
2282	5328	2	2	5	1	0	0	4	19	86	4	27	31104	928	0	5	0	928,992
2282	5344	2	3	5	1	0	0	4	21	11	3	27	12574	318	0	5	0	318,960,992
2282	5379	1	1	6	0	0	0	3	17	94	5	27	31616	992	0	6	0	992
2282	5381	1	1	6	0	0	0	3	17	94	5	27	31616	992	0	6	0	992
2282	5382	1	1	6	0	0	0	3	20	77	4	28	31616	992	0	6	0	992
2282	5385	1	1	6	0	0	0	3	17	94	5	27	31616	992	0	6	0	992
2282	5386	1	1	6	0	0	0	3	20	77	4	28	31616	992	0	6	0	992
2282	5388	1	2	6	0	0	0	5	20	75	4	28	31104	928	0	6	0	928,992
2282	5393	1	1	6	0	0	0	3	17	94	5	27	31616	992	0	6	0	992
2282	5394	1	1	6	0	0	0	3	20	77	4	28	31616	992	0	6	0	992
2282	5396	1	2	6	0	0	0	5	20	75	4	28	31104	928	0	6	0	928,992
2282	5400	1	2	6	0	0	0	5	20	75	4	28	31104	928	0	6	0	928,992
2282	5409	1	1	6	0	0	0	3	15	222	6	27	31616	992	0	6	0	992
2282	5410	1	1	6	0	0	0	3	18	94	5	28	31616	992	0	6	0	992
2282	5412	1	1	6	0	0	0	3	18	94	5	28	31616	992	0	6	0	992
2282	5416	1	1	6	0	0	0	3	18	94	5	28	31616	992	0	6	0	992
2282	5424	1	1	6	0	0	0	3	18	94	5	28	31616	992	0	6	0	992
2282	5441	1	1	6	0	0	0	3	15	222	6	27	31616	992	0	6	0	992
2282	5442	1	1	6	0	0	0	3	18	94	5	28	31616	992	0	6	0	992
2282	5444	1	1	6	0	0	0	3	18	94	5	28	31616	992	0	6	0	992
2282	5448	1	1	6	0	0	0	3	18	94	5	28	31616	992	0	6	0	992
2282	5456	1	1	6	0	0	0	3	18	94	5	28	31616	992	0	6	0	992
2282	5472	1	1	6	0	0	0	3	16	222	6	28	31616	992	0	6	0	992
2282	5505	1	1	6	0	0	0	3	17	94	5	27	31616	960	0	6	0	960
2282	5506	1	1	6	0	0	0	3	20	236	5	28	31616	960	0	6	0	960
2282	5508	1	1	6	0	0	0	3	18	94	5	28	31616	960	0	6	0	960
2282	5512	1	1	6	0	0	0	3	18	94	5	28	31616	960	0	6	0	960
2282	5520	1	1	6	0	0	0	3	18	94	5	28	31616	960	0	6	0	960
2282	5536	1	1	6	0	0	0	3	18	94	5	28	31616	960	0	6	0	960
2282	5568	1	1	6	0	0	0	3	18	94	5	28	31616	960	0	6	0	960
2282	5635	1	1	6	0	0	0	4	19	75	4	27	31104	992	0	6	0	992
2282	5637	1	1	6	0	0	0	4	17	94	5	27	31104	992	0	6	0	992
2282	5638	1	1	6	0	0	0	4	18	94	5	28	31104	992	0	6	0	992
2282	5641	1	1	6	0	0	0	4	17	94	5	27	31104	992	0	6	0	992
2282	5642	1	1	6	0	0	0	4	18	94	5	28	31104	992	0	6	0	992
2282	5644	1	1	6	0	0	0	4	16	222	6	28	31104	992	0	6	0	992
2282	5649	1	1	6	0	0	0	4	17	94	5	27	31104	992	0	6	0	992
2282	5650	1	1	6	0	0	0	4	18	94	5	28	31104	992	0	6	0	992
2282	5652	1	1	6	0	0	0	4	16	222	6	28	31104	992	0	6	0	992
2282	5656	1	1	6	0	0	0	4	16	222	6	28	31104	992	0	6	0	992
2282	5665	1	2	6	0	0	0	5	19	75	4	27	31104	992	0	6	0	928,992
2282	5666	1	1	6	0	0	0	4	20	75	4	28	31104	992	0	6	0	992
2282	5668	1	1	6	0	0	0	4	18	94	5	28	31104	992	0	6	0	992
2282	5672	1	1	6	0	0	0	4	18	94	5	28	31104	992	0	6	0	992
2282	5680	1	1	6	0	0	0	4	18	94	5	28	31104	992	0	6	0	992
2282	5697	1	2	6	0	0	0	5	19	75	4	27	31104	992	0	6	0	928,992
2282	5698	1	1	6	0	0	0	4	20	75	4	28	31104	992	0	6	0	992
2282	5700	1	1	6	0	0	0	4	18	94	5	28	31104	992	0	6	0	992
2282	5704	1	1	6	0	0	0	4	18	94	5	28	31104	992	0	6	0	992
2282	5712	1	1	6	0	0	0	4	18	94	5	28	31104	992	0	6	0	992
2282	5728	1	2	6	0	0	0	5	20	75	4	28	31104	992	0	6	0	928,992
2282	5761	0	1	7	0	0	0	4	21	11	3	27	31104	960	0	7	0	960
2282	5762	0	1	7	0	0	0	4	20	77	4	28	31104	960	0	7	0	960
2282	5764	0	1	7	0	0	0	4	18	94	5	28	31104	960	0	7	0	960
2282	5768	0	1	7	0	0	0	4	18	94	5	28	31104	960	0	7	0	960
2282	5776	0	1	7	0	0	0	4	18	94	5	28	31104	960	0	7	0	960
2282	5792	0	1	7	0	0	0	4	22	11	3	28	31104	960	0	7	0	960
2282	5824	0	1	7	0	0	0	4	22	11	3	28	31104	960	0	7	0	960
2282	5889	0	1	7	0	0	0	5	16	222	6	28	31104	960	0	7	0	960
2282	5890	0	1	7	0	0	0	5	19	94	5	29	31104	960	0	7	0	960
2282	5892	0	1	7	0	0	0	5	17	222	6	29	31104	960	0	7	0	960
2282	5896	0	1	7	0	0	0	5	17	222	6	29	31104	960	0	7	0	960
2282	5904	0	1	7	0	0	0	5	17	222	6	29	31104	960	0	7	0	960
2282	5920	0	1	7	0	0	0	5	17	222	6	29	31104	960	0	7	0	960
2282	5952	0	1	7	0	0	0	5	17	222	6	29	31104	960	0	7	0	960
2282	6016	0	1	7	0	0	0	5	19	94	5	29	31104	896	0	7	0	896
2282	6151	2	2	5	1	0	0	3	18	86	4	26	12574	291	0	5	0	220,732
2282	6155	2	2	5	1	0	0	3	18	86	4	26	12574	291	0	5	0	220,732
2282	6157	2	1	5	1	0	0	2	20	76	3	26	28956	802	0	5	0	802
2282	6158	1	1	6	0	0	0	2	19	77	4	27	28956	802	0	6	0	802
2282	6163	2	2	5	1	0	0	3	18	86	4	26	12574	291	0	5	0	220,732
2282	6165	2	1	5	1	0	0	2	20	76	3	26	28956	802	0	5	0	802
2282	6166	1	1	6	0	0	0	2	19	77	4	27	28956	802	0	6	0	802
2282	6169	2	1	5	1	0	0	2	20	76	3	26	28956	802	0	5	0	802
2282	6170	1	1	6	0	0	0	2	19	77	4	27	28956	802	0	6	0	802
2282	6172	1	2	6	0	0	0	3	21	11	3	27	28956	800	0	6	0	800,816
2282	6179	1	1	6	0	0	0	1	16	94	5	26	12574	295	0	6	0	728
2282	6181	2	1	5	1	0	0	1	18	86	4	26	12574	295	0	5	0	728
2282	6182	2	2	5	1	0	0	3	17	94	5	27	12574	294	0	5	0	294,806
2282	6185	2	1	5	1	0	0	1	18	86	4	26	12574	295	0	5	0	728
2282	6186	2	2	5	1	0	0	3	17	94	5	27	12574	294	0	5	0	294,806
2282	6188	2	1	5	1	0	0	2	19	77	4	27	28956	804	0	5	0	804
2282	6193	2	1	5	1	0	0	1	18	86	4	26	12574	295	0	5	0	728
2282	6194	2	2	5	1	0	0	3	17	94	5	27	12574	294	0	5	0	294,806
2282	6196	2	1	5	1	0	0	2	19	77	4	27	28956	804	0	5	0	804
2282	6200	2	1	5	1	0	0	2	19	77	4	27	28956	804	0	5	0	804
2282	6211	1	1	6	0	0	0	1	16	94	5	26	12574	295	0	6	0	728
2282	6213	2	1	5	1	0	0	1	18	86	4	26	12574	295	0	5	0	728
2282	6214	2	2	5	1	0	0	3	17	94	5	27	12574	294	0	5	0	294,806
2282	6217	2	1	5	1	0	0	1	18	86	4	26	12574	295	0	5	0	728
2282	6218	2	2	5	1	0	0	3	17	94	5	27	12574	294	0	5	0	294,806
2282	6220	2	1	5	1	0	0	2	19	77	4	27	28956	804	0	5	0	804
2282	6225	2	1	5	1	0	0	1	18	86	4	26	12574	295	0	5	0	728
2282	6226	2	2	5	1	0	0	3	17	94	5	27	12574	294	0	5	0	294,806
2282	6228	2	1	5	1	0	0	2	19	77	4	27	28956	804	0	5	0	804
2282	6232	2	1	5	1	0	0	2	19	77	4	27	28956	804	0	5	0	804
2282	6241	1	1	6	0	0	0	1	16	94	5	26	12574	303	0	6	0	720
2282	6242	1	1	6	0	0	0	1	15	222	6	27	12574	302	0	6	0	302
2282	6244	2	1	5	1	0	0	1	17	94	5	27	12574	302	0	5	0	302
2282	6248	2	1	5	1	0	0	1	17	94	5	27	12574	302	0	5	0	302
2282	6256	2	1	5	1	0	0	1	17	94	5	27	12574	302	0	5	0	302
2282	6275	2	1	5	1	0	0	1	18	77	4	26	12574	295	0	5	0	728
2282	6277	2	1	5	1	0	0	2	20	76	3	26	28956	806	0	5	0	806
2282	6278	2	1	5	1	0	0	2	17	94	5	27	28956	806	0	5	0	806
2282	6281	2	1	5	1	0	0	2	20	76	3	26	28956	806	0	5	0	806
2282	6282	2	1	5	1	0	0	2	17	94	5	27	28956	806	0	5	0	806
2282	6284	1	1	6	0	0	0	2	19	30	4	27	28956	804	0	6	0	804
2282	6289	2	1	5	1	0	0	2	20	76	3	26	28956	806	0	5	0	806
2282	6290	2	1	5	1	0	0	2	17	94	5	27	28956	806	0	5	0	806
2282	6292	1	1	6	0	0	0	2	19	30	4	27	28956	804	0	6	0	804
2282	6296	1	1	6	0	0	0	2	19	30	4	27	28956	804	0	6	0	804
2282	6305	2	2	5	1	0	0	1	20	13	3	26	12574	303	0	5	0	302,720
2282	6306	2	1	5	1	0	0	1	17	94	5	27	12574	302	0	5	0	302
2282	6308	2	1	5	1	0	0	2	19	86	4	27	28956	812	0	5	0	812
2282	6312	2	1	5	1	0	0	2	19	86	4	27	28956	812	0	5	0	812
2282	6320	2	1	5	1	0	0	2	19	86	4	27	28956	812	0	5	0	812
2282	6337	2	2	5	1	0	0	1	20	13	3	26	12574	303	0	5	0	302,720
2282	6338	2	1	5	1	0	0	1	17	94	5	27	12574	302	0	5	0	302
2282	6340	2	1	5	1	0	0	2	19	86	4	27	28956	812	0	5	0	812
2282	6344	2	1	5	1	0	0	2	19	86	4	27	28956	812	0	5	0	812
2282	6352	2	1	5	1	0	0	2	19	86	4	27	28956	812	0	5	0	812
2282	6368	2	2	5	1	0	0	1	19	30	4	27	12574	318	0	5	0	316,318
2282	6403	2	5	5	1	0	0	3	19	86	4	27	12574	263	0	5	0	736,744,752,760,992
2282	6405	2	1	5	1	0	0	2	21	76	3	27	32384	992	0	5	0	992
2282	6406	2	2	5	1	0	0	4	22	13	3	28	28956	774	0	5	0	774,992
2282	6409	2	1	5	1	0	0	2	21	76	3	27	32384	992	0	5	0	992
2282	6410	2	2	5	1	0	0	4	22	13	3	28	28956	774	0	5	0	774,992
2282	6412	2	6	5	1	0	0	7	24	3	2	28	28956	772	0	5	0	772,800,804,864,928,992
2282	6417	2	1	5	1	0	0	2	21	76	3	27	32384	992	0	5	0	992
2282	6418	2	2	5	1	0	0	4	22	13	3	28	28956	774	0	5	0	774,992
2282	6420	2	6	5	1	0	0	7	24	3	2	28	28956	772	0	5	0	772,800,804,864,928,992
2282	6424	2	6	5	1	0	0	7	24	3	2	28	28956	772	0	5	0	772,800,804,864,928,992
2282	6433	2	3	5	1	0	0	3	17	94	5	27	12574	271	0	5	0	736,752,992
2282	6434	2	5	5	1	0	0	3	18	94	5	28	12574	270	0	5	0	270,286,736,752,992
2282	6436	2	1	5	1	0	0	2	20	77	4	28	32384	992	0	5	0	992
2282	6440	2	1	5	1	0	0	2	20	77	4	28	32384	992	0	5	0	992
2282	6448	2	1	5	1	0	0	2	20	77	4	28	32384	992	0	5	0	992
2282	6465	2	3	5	1	0	0	3	17	94	5	27	12574	271	0	5	0	736,752,992
2282	6466	2	5	5	1	0	0	3	18	94	5	28	12574	270	0	5	0	270,286,736,752,992
2282	6468	2	1	5	1	0	0	2	20	77	4	28	32384	992	0	5	0	992
2282	6472	2	1	5	1	0	0	2	20	77	4	28	32384	992	0	5	0	992
2282	6480	2	1	5	1	0	0	2	20	77	4	28	32384	992	0	5	0	992
2282	6496	2	3	5	1	0	0	3	16	222	6	28	12574	286	0	5	0	286,736,992
2282	6529	2	1	5	1	0	0	2	21	13	3	27	32384	960	0	5	0	960
2282	6530	2	1	5	1	0	0	2	20	77	4	28	32384	960	0	5	0	960
2282	6532	2	2	5	1	0	0	4	22	13	3	28	28956	780	0	5	0	780,960
2282	6536	2	2	5	1	0	0	4	22	13	3	28	28956	780	0	5	0	780,960
2282	6544	2	2	5	1	0	0	4	22	13	3	28	28956	780	0	5	0	780,960
2282	6560	2	1	5	1	0	0	2	20	77	4	28	32384	960	0	5	0	960
2282	6592	2	1	5	1	0	0	2	20	77	4	28	32384	960	0	5	0	960
2282	6659	2	1	5	1	0	0	1	19	77	4	27	12574	327	0	5	0	696
2282	6661	3	5	4	1	0	0	8	19	86	4	27	12574	327	0	4	0	696,838,864,928,992
2282	6662	2	1	5	1	0	0	2	20	236	5	28	28956	838	0	5	0	838
2282	6665	3	5	4	1	0	0	8	19	86	4	27	12574	327	0	4	0	696,838,864,928,992
2282	6666	2	1	5	1	0	0	2	20	236	5	28	28956	838	0	5	0	838
2282	6668	2	2	5	1	0	0	4	18	94	5	28	28956	836	0	5	0	836,864
2282	6673	3	5	4	1	0	0	8	19	86	4	27	12574	327	0	4	0	696,838,864,928,992
2282	6674	2	1	5	1	0	0	2	20	236	5	28	28956	838	0	5	0	838
2282	6676	2	2	5	1	0	0	4	18	94	5	28	28956	836	0	5	0	836,864
2282	6680	2	2	5	1	0	0	4	18	94	5	28	28956	836	0	5	0	836,864
2282	6689	2	2	5	1	0	0	2	19	77	4	27	12574	335	0	5	0	688,928
2282	6690	2	1	5	1	0	0	1	18	94	5	28	12574	334	0	5	0	334
2282	6692	3	5	4	1	0	0	8	20	236	5	28	12574	334	0	4	0	334,844,864,928,992
2282	6696	3	5	4	1	0	0	8	20	236	5	28	12574	334	0	4	0	334,844,864,928,992
2282	6704	3	5	4	1	0	0	8	20	236	5	28	12574	334	0	4	0	334,844,864,928,992
2282	6721	2	2	5	1	0	0	2	19	77	4	27	12574	335	0	5	0	688,928
2282	6722	2	1	5	1	0	0	1	18	94	5	28	12574	334	0	5	0	334
2282	6724	3	5	4	1	0	0	8	20	236	5	28	12574	334	0	4	0	334,844,864,928,992
2282	6728	3	5	4	1	0	0	8	20	236	5	28	12574	334	0	4	0	334,844,864,928,992
2282	6736	3	5	4	1	0	0	8	20	236	5	28	12574	334	0	4	0	334,844,864,928,992
2282	6752	2	2	5	1	0	0	2	18	94	5	28	12574	350	0	5	0	350,928
2282	6785	2	1	5	1	0	0	2	23	3	2	27	32128	960	0	5	0	960
2282	6786	2	1	5	1	0	0	2	20	77	4	28	32128	960	0	5	0	960
2282	6788	2	5	5	1	0	0	6	20	77	4	28	28956	844	0	5	0	832,836,840,844,960
2282	6792	2	5	5	1	0	0	6	20	77	4	28	28956	844	0	5	0	832,836,840,844,960
2282	6800	2	5	5	1	0	0	6	20	77	4	28	28956	844	0	5	0	832,836,840,844,960
2282	6816	2	1	5	1	0	0	2	22	13	3	28	32128	960	0	5	0	960
2282	6848	2	1	5	1	0	0	2	22	13	3	28	32128	960	0	5	0	960
2282	6913	1	1	6	0	0	0	3	20	30	4	28	32128	960	0	6	0	960
2282	6914	1	1	6	0	0	0	3	21	86	4	29	32128	960	0	6	0	960
2282	6916	1	1	6	0	0	0	3	21	77	4	29	32128	960	0	6	0	960
2282	6920	1	1	6	0	0	0	3	21	77	4	29	32128	960	0	6	0	960
2282	6928	1	1	6	0	0	0	3	21	77	4	29	32128	960	0	6	0	960
2282	6944	1	1	6	0	0	0	3	19	94	5	29	32128	960	0	6	0	960
2282	6976	1	1	6	0	0	0	3	19	94	5	29	32128	960	0	6	0	960
2282	7040	1	1	6	0	0	0	3	23	13	3	29	32128	896	0	6	0	896
2282	7171	2	1	5	1	0	0	1	19	77	4	27	12574	327	0	5	0	696
2282	7173	3	5	4	1	0	0	8	19	86	4	27	12574	327	0	4	0	696,838,864,928,992
2282	7174	2	1	5	1	0	0	2	20	236	5	28	28956	838	0	5	0	838
2282	7177	3	5	4	1	0	0	8	19	86	4	27	12574	327	0	4	0	696,838,864,928,992
2282	7178	2	1	5	1	0	0	2	20	236	5	28	28956	838	0	5	0	838
2282	7180	2	2	5	1	0	0	4	18	94	5	28	28956	836	0	5	0	836,864
2282	7185	3	5	4	1	0	0	8	19	86	4	27	12574	327	0	4	0	696,838,864,928,992
2282	7186	2	1	5	1	0	0	2	20	236	5	28	28956	838	0	5	0	838
2282	7188	2	2	5	1	0	0	4	18	94	5	28	28956	836	0	5	0	836,864
2282	7192	2	2	5	1	0	0	4	18	94	5	28	28956	836	0	5	0	836,864
2282	7201	2	2	5	1	0	0	2	19	77	4	27	12574	335	0	5	0	688,928
2282	7202	2	1	5	1	0	0	1	18	94	5	28	12574	334	0	5	0	334
2282	7204	3	5	4	1	0	0	8	20	236	5	28	12574	334	0	4	0	334,844,864,928,992
2282	7208	3	5	4	1	0	0	8	20	236	5	28	12574	334	0	4	0	334,844,864,928,992
2282	7216	3	5	4	1	0	0	8	20	236	5	28	12574	334	0	4	0	334,844,864,928,992
2282	7233	2	2	5	1	0	0	2	19	77	4	27	12574	335	0	5	0	688,928
2282	7234	2	1	5	1	0	0	1	18	94	5	28	12574	334	0	5	0	334
2282	7236	3	5	4	1	0	0	8	20	236	5	28	12574	334	0	4	0	334,844,864,928,992
2282	7240	3	5	4	1	0	0	8	20	236	5	28	12574	334	0	4	0	334,844,864,928,992
2282	7248	3	5	4	1	0	0	8	20	236	5	28	12574	334	0	4	0	334,844,864,928,992
2282	7264	2	2	5	1	0	0	2	18	94	5	28	12574	350	0	5	0	350,928
2282	7297	2	1	5	1	0	0	2	23	3	2	27	31616	960	0	5	0	960
2282	7298	2	1	5	1	0	0	2	20	77	4	28	31616	960	0	5	0	960
2282	7300	2	5	5	1	0	0	6	20	77	4	28	28956	844	0	5	0	832,836,840,844,960
2282	7304	2	5	5	1	0	0	6	20	77	4	28	28956	844	0	5	0	832,836,840,844,960
2282	7312	2	5	5	1	0	0	6	20	77	4	28	28956	844	0	5	0	832,836,840,844,960
2282	7328	2	1	5	1	0	0	2	22	13	3	28	31616	960	0	5	0	960
2282	7360	2	1	5	1	0	0	2	22	13	3	28	31616	960	0	5	0	960
2282	7425	1	1	6	0	0	0	3	20	30	4	28	31616	960	0	6	0	960
2282	7426	1	1	6	0	0	0	3	21	86	4	29	31616	960	0	6	0	960
2282	7428	1	1	6	0	0	0	3	21	77	4	29	31616	960	0	6	0	960
2282	7432	1	1	6	0	0	0	3	21	77	4	29	31616	960	0	6	0	960
2282	7440	1	1	6	0	0	0	3	21	77	4	29	31616	960	0	6	0	960
2282	7456	1	1	6	0	0	0	3	19	94	5	29	31616	960	0	6	0	960
2282	7488	1	1	6	0	0	0	3	19	94	5	29	31616	960	0	6	0	960
2282	7552	1	1	6	0	0	0	3	23	13	3	29	31616	896	0	6	0	896
2282	7681	1	1	6	0	0	0	4	22	11	3	28	31104	960	0	6	0	960
2282	7682	1	1	6	0	0	0	4	21	77	4	29	31104	960	0	6	0	960
2282	7684	1	1	6	0	0	0	4	19	94	5	29	31104	960	0	6	0	960
2282	7688	1	1	6	0	0	0	4	19	94	5	29	31104	960	0	6	0	960
2282	7696	1	1	6	0	0	0	4	19	94	5	29	31104	960	0	6	0	960
2282	7712	1	1	6	0	0	0	4	21	77	4	29	31104	960	0	6	0	960
2282	7744	1	1	6	0	0	0	4	21	77	4	29	31104	960	0	6	0	960
2282	7808	0	1	7	0	0	0	4	25	3	2	29	31104	896	0	7	0	896
2282	7936	0	1	7	0	0	0	5	22	30	4	30	31104	896	0	7	0	896
2282	8207	2	1	5	1	0	0	1	21	3	2	25	31004	913	0	5	0	110
2282	8215	2	1	5	1	0	0	1	21	3	2	25	31004	913	0	5	0	110
2282	8219	2	1	5	1	0	0	1	21	3	2	25	31004	913	0	5	0	110
2282	8221	1	2	6	0	0	0	2	23	1	1	25	31004	912	0	6	0	912,920
2282	8222	0	1	7	0	0	0	1	24	1	1	26	31004	912	0	7	0	912
2282	8231	2	2	5	1	0	0	1	19	11	3	25	12574	275	0	5	0	744,748
2282	8235	2	2	5	1	0	0	1	19	11	3	25	12574	275	0	5	0	744,748
2282	8237	3	5	4	1	0	0	4	21	3	2	25	12574	275	0	4	0	744,748,914,920,1000
2282	8238	2	2	5	1	0	0	2	22	3	2	26	28956	786	0	5	0	786,914
2282	8243	2	2	5	1	0	0	1	19	11	3	25	12574	275	0	5	0	744,748
2282	8245	3	5	4	1	0	0	4	21	3	2	25	12574	275	0	4	0	744,748,914,920,1000
2282	8246	2	2	5	1	0	0	2	22	3	2	26	28956	786	0	5	0	786,914
2282	8249	3	5	4	1	0	0	4	21	3	2	25	12574	275	0	4	0	744,748,914,920,1000
2282	8250	2	2	5	1	0	0	2	22	3	2	26	28956	786	0	5	0	786,914
2282	8252	1	2	6	0	0	0	2	24	1	1	26	31004	912	0	6	0	912,920
2282	8263	2	2	5	1	0	0	1	19	11	3	25	12574	275	0	5	0	744,748
2282	8267	2	2	5	1	0	0	1	19	11	3	25	12574	275	0	5	0	744,748
2282	8269	3	5	4	1	0	0	4	21	3	2	25	12574	275	0	4	0	744,748,914,920,1000
2282	8270	2	2	5	1	0	0	2	22	3	2	26	28956	786	0	5	0	786,914
2282	8275	2	2	5	1	0	0	1	19	11	3	25	12574	275	0	5	0	744,748
2282	8277	3	5	4	1	0	0	4	21	3	2	25	12574	275	0	4	0	744,748,914,920,1000
2282	8278	2	2	5	1	0	0	2	22	3	2	26	28956	786	0	5	0	786,914
2282	8281	3	5	4	1	0	0	4	21	3	2	25	12574	275	0	4	0	744,748,914,920,1000
2282	8282	2	2	5	1	0	0	2	22	3	2	26	28956	786	0	5	0	786,914
2282	8284	1	2	6	0	0	0	2	24	1	1	26	31004	912	0	6	0	912,920
2282	8291	0	1	7	0	0	0	1	17	75	4	25	12574	279	0	7	0	744
2282	8293	1	1	6	0	0	0	1	19	11	3	25	12574	279	0	6	0	744
2282	8294	1	1	6	0	0	0	1	20	11	3	26	12574	278	0	6	0	278
2282	8297	1	1	6	0	0	0	1	19	11	3	25	12574	279	0	6	0	744
2282	8298	1	1	6	0	0	0	1	20	11	3	26	12574	278	0	6	0	278
2282	8300	2	1	5	1	0	0	1	22	3	2	26	12574	278	0	5	0	278
2282	8305	1	1	6	0	0	0	1	19	11	3	25	12574	279	0	6	0	744
2282	8306	1	1	6	0	0	0	1	20	11	3	26	12574	278	0	6	0	278
2282	8308	2	1	5	1	0	0	1	22	3	2	26	12574	278	0	5	0	278
2282	8312	2	1	5	1	0	0	1	22	3	2	26	12574	278	0	5	0	278
2282	8327	4	15	3	1	0	0	8	17	86	4	25	12574	275	0	3	0	108,110,236,620,736,740,744,748,752,912,914,944,976,992,1008
2282	8331	4	15	3	1	0	0	8	17	86	4	25	12574	275	0	3	0	108,110,236,620,736,740,744,748,752,912,914,944,976,992,1008
2282	8333	2	2	5	1	0	0	2	19	76	3	25	31004	914	0	5	0	912,914
2282	8334	2	2	5	1	0	0	2	18	77	4	26	31004	914	0	5	0	912,914
2282	8339	4	15	3	1	0	0	8	17	86	4	25	12574	275	0	3	0	108,110,236,620,736,740,744,748,752,912,914,944,976,992,1008
2282	8341	2	2	5	1	0	0	2	19	76	3	25	31004	914	0	5	0	912,914
2282	8342	2	2	5	1	0	0	2	18	77	4	26	31004	914	0	5	0	912,914
2282	8345	2	2	5	1	0	0	2	19	76	3	25	31004	914	0	5	0	912,914
2282	8346	2	2	5	1	0	0	2	18	77	4	26	31004	914	0	5	0	912,914
2282	8348	0	1	7	0	0	0	2	20	11	3	26	31004	912	0	7	0	912
2282	8355	2	2	5	1	0	0	1	17	77	4	25	12574	279	0	5	0	736,744
2282	8357	3	3	4	1	0	0	2	19	76	3	25	12574	279	0	4	0	736,744,992
2282	8358	3	3	4	1	0	0	2	18	86	4	26	12574	278	0	4	0	278,286,790
2282	8361	3	3	4	1	0	0	2	19	76	3	25	12574	279	0	4	0	736,744,992
2282	8362	3	3	4	1	0	0	2	18	86	4	26	12574	278	0	4	0	278,286,790
2282	8364	2	2	5	1	0	0	2	20	76	3	26	31004	916	0	5	0	912,916
2282	8369	3	3	4	1	0	0	2	19	76	3	25	12574	279	0	4	0	736,744,992
2282	8370	3	3	4	1	0	0	2	18	86	4	26	12574	278	0	4	0	278,286,790
2282	8372	2	2	5	1	0	0	2	20	76	3	26	31004	916	0	5	0	912,916
2282	8376	2	2	5	1	0	0	2	20	76	3	26	31004	916	0	5	0	912,916
2282	8387	2	2	5	1	0	0	1	17	77	4	25	12574	279	0	5	0	736,744
2282	8389	3	3	4	1	0	0	2	19	76	3	25	12574	279	0	4	0	736,744,992
2282	8390	3	3	4	1	0	0	2	18	86	4	26	12574	278	0	4	0	278,286,790
2282	8393	3	3	4	1	0	0	2	19	76	3	25	12574	279	0	4	0	736,744,992
2282	8394	3	3	4	1	0	0	2	18	86	4	26	12574	278	0	4	0	278,286,790
2282	8396	2	2	5	1	0	0	2	20	76	3	26	31004	916	0	5	0	912,916
2282	8401	3	3	4	1	0	0	2	19	76	3	25	12574	279	0	4	0	736,744,992
2282	8402	3	3	4	1	0	0	2	18	86	4	26	12574	278	0	4	0	278,286,790
2282	8404	2	2	5	1	0	0	2	20	76	3	26	31004	916	0	5	0	912,916
2282	8408	2	2	5	1	0	0	2	20	76	3	26	31004	916	0	5	0	912,916
2282	8417	1	1	6	0	0	0	1	19	11	3	25	12574	287	0	6	0	736
2282	8418	1	1	6	0	0	0	1	18	77	4	26	12574	286	0	6	0	286
2282	8420	2	1	5	1	0	0	1	20	76	3	26	12574	286	0	5	0	286
2282	8424	2	1	5	1	0	0	1	20	76	3	26	12574	286	0	5	0	286
2282	8432	2	1	5	1	0	0	1	20	76	3	26	12574	286	0	5	0	286
2282	8455	2	2	5	1	0	0	2	20	13	3	26	32384	1008	0	5	0	752,1008
2282	8459	2	2	5	1	0	0	2	20	13	3	26	32384	1008	0	5	0	752,1008
2282	8461	2	4	5	1	0	0	5	22	3	2	26	31104	912	0	5	0	912,944,976,1008
2282	8462	2	5	5	1	0	0	6	25	1	1	27	31004	898	0	5	0	898,912,944,976,1008
2282	8467	2	2	5	1	0	0	2	20	13	3	26	32384	1008	0	5	0	752,1008
2282	8469	2	4	5	1	0	0	5	22	3	2	26	31104	912	0	5	0	912,944,976,1008
2282	8470	2	5	5	1	0	0	6	25	1	1	27	31004	898	0	5	0	898,912,944,976,1008
2282	8473	2	4	5	1	0	0	5	22	3	2	26	31104	912	0	5	0	912,944,976,1008
2282	8474	2	5	5	1	0	0	6	25	1	1	27	31004	898	0	5	0	898,912,944,976,1008
2282	8476	0	1	7	0	0	0	1	27	0	0	27	31104	912	0	7	0	912
2282	8483	1	1	6	0	1	1	0	16	94	5	26	12574	271	64	5	1	752
2282	8485	2	2	5	1	0	0	2	18	30	4	26	32384	1008	0	5	0	752,1008
2282	8486	2	3	5	1	0	0	2	21	13	3	27	32384	1008	0	5	0	270,752,1008
2282	8489	2	2	5	1	0	0	2	18	30	4	26	32384	1008	0	5	0	752,1008
2282	8490	2	3	5	1	0	0	2	21	13	3	27	32384	1008	0	5	0	270,752,1008
2282	8492	2	4	5	1	0	0	5	23	3	2	27	31104	912	0	5	0	912,944,976,1008
2282	8497	2	2	5	1	0	0	2	18	30	4	26	32384	1008	0	5	0	752,1008
2282	8498	2	3	5	1	0	0	2	21	13	3	27	32384	1008	0	5	0	270,752,1008
2282	8500	2	4	5	1	0	0	5	23	3	2	27	31104	912	0	5	0	912,944,976,1008
2282	8504	2	4	5	1	0	0	5	23	3	2	27	31104	912	0	5	0	912,944,976,1008
2282	8515	1	1	6	0	1	1	0	16	94	5	26	12574	271	32	5	1	752
2282	8517	2	2	5	1	0	0	2	18	30	4	26	32384	1008	0	5	0	752,1008
2282	8518	2	3	5	1	0	0	2	21	13	3	27	32384	1008	0	5	0	270,752,1008
2282	8521	2	2	5	1	0	0	2	18	30	4	26	32384	1008	0	5	0	752,1008
2282	8522	2	3	5	1	0	0	2	21	13	3	27	32384	1008	0	5	0	270,752,1008
2282	8524	2	4	5	1	0	0	5	23	3	2	27	31104	912	0	5	0	912,944,976,1008
2282	8529	2	2	5	1	0	0	2	18	30	4	26	32384	1008	0	5	0	752,1008
2282	8530	2	3	5	1	0	0	2	21	13	3	27	32384	1008	0	5	0	270,752,1008
2282	8532	2	4	5	1	0	0	5	23	3	2	27	31104	912	0	5	0	912,944,976,1008
2282	8536	2	4	5	1	0	0	5	23	3	2	27	31104	912	0	5	0	912,944,976,1008
2282	8545	1	1	6	0	0	0	1	14	222	6	26	12574	271	0	6	0	752
2282	8546	1	2	6	0	0	0	1	17	94	5	27	12574	270	0	6	0	270,752
2282	8548	2	3	5	1	0	0	3	19	30	4	27	12574	270	0	5	0	270,752,1008
2282	8552	2	3	5	1	0	0	3	19	30	4	27	12574	270	0	5	0	270,752,1008
2282	8560	2	3	5	1	0	0	3	19	30	4	27	12574	270	0	5	0	270,752,1008
2282	8579	2	2	5	1	0	0	2	18	236	5	26	32384	992	0	5	0	736,992
2282	8581	2	1	5	1	0	0	2	18	86	4	26	32384	992	0	5	0	992
2282	8582	2	1	5	1	0	0	2	19	77	4	27	32384	992	0	5	0	992
2282	8585	2	1	5	1	0	0	2	18	86	4	26	32384	992	0	5	0	992
2282	8586	2	1	5	1	0	0	2	19	77	4	27	32384	992	0	5	0	992
2282	8588	2	5	5	1	0	0	6	21	11	3	27	31004	900	0	5	0	896,900,928,960,992
2282	8593	2	1	5	1	0	0	2	18	86	4	26	32384	992	0	5	0	992
2282	8594	2	1	5	1	0	0	2	19	77	4	27	32384	992	0	5	0	992
2282	8596	2	5	5	1	0	0	6	21	11	3	27	31004	900	0	5	0	896,900,928,960,992
2282	8600	2	5	5	1	0	0	6	21	11	3	27	31004	900	0	5	0	896,900,928,960,992
2282	8609	2	2	5	1	0	0	2	16	94	5	26	32384	992	0	5	0	736,992
2282	8610	2	3	5	1	0	0	2	19	236	5	27	32384	992	0	5	0	286,736,992
2282	8612	2	1	5	1	0	0	2	19	86	4	27	32384	992	0	5	0	992
2282	8616	2	1	5	1	0	0	2	19	86	4	27	32384	992	0	5	0	992
2282	8624	2	1	5	1	0	0	2	19	86	4	27	32384	992	0	5	0	992
2282	8641	2	2	5	1	0	0	2	16	94	5	26	32384	992	0	5	0	736,992
2282	8642	2	3	5	1	0	0	2	19	236	5	27	32384	992	0	5	0	286,736,992
2282	8644	2	1	5	1	0	0	2	19	86	4	27	32384	992	0	5	0	992
2282	8648	2	1	5	1	0	0	2	19	86	4	27	32384	992	0	5	0	992
2282	8656	2	1	5	1	0	0	2	19	86	4	27	32384	992	0	5	0	992
2282	8672	2	3	5	1	0	0	3	17	94	5	27	12574	286	0	5	0	286,736,992
2282	8711	3	3	4	1	0	0	5	18	77	4	26	31104	944	0	4	0	944,976,1008
2282	8715	3	3	4	1	0	0	5	18	77	4	26	31104	944	0	4	0	944,976,1008
2282	8717	2	1	5	1	0	0	2	18	77	4	26	31104	944	0	5	0	944
2282	8718	2	3	5	1	0	0	3	19	77	4	27	31004	930	0	5	0	928,930,944
2282	8723	3	3	4	1	0	0	5	18	77	4	26	31104	944	0	4	0	944,976,1008
2282	8725	2	1	5	1	0	0	2	18	77	4	26	31104	944	0	5	0	944
2282	8726	2	3	5	1	0	0	3	19	77	4	27	31004	930	0	5	0	928,930,944
2282	8729	2	1	5	1	0	0	2	18	77	4	26	31104	944	0	5	0	944
2282	8730	2	3	5	1	0	0	3	19	77	4	27	31004	930	0	5	0	928,930,944
2282	8732	1	2	6	0	0	0	3	19	75	4	27	31004	928	0	6	0	928,944
2282	8739	2	3	5	1	0	0	2	18	75	4	26	12574	295	0	5	0	720,728,976
2282	8741	2	1	5	1	0	0	1	18	77	4	26	32384	976	0	5	0	976
2282	8742	3	6	4	1	0	0	7	19	77	4	27	12574	294	0	4	0	294,302,806,944,976,1008
2282	8745	2	1	5	1	0	0	1	18	77	4	26	32384	976	0	5	0	976
2282	8746	3	6	4	1	0	0	7	19	77	4	27	12574	294	0	4	0	294,302,806,944,976,1008
2282	8748	2	1	5	1	0	0	2	19	77	4	27	31104	944	0	5	0	944
2282	8753	2	1	5	1	0	0	1	18	77	4	26	32384	976	0	5	0	976
2282	8754	3	6	4	1	0	0	7	19	77	4	27	12574	294	0	4	0	294,302,806,944,976,1008
2282	8756	2	1	5	1	0	0	2	19	77	4	27	31104	944	0	5	0	944
2282	8760	2	1	5	1	0	0	2	19	77	4	27	31104	944	0	5	0	944
2282	8771	2	3	5	1	0	0	2	18	75	4	26	12574	295	0	5	0	720,728,976
2282	8773	2	1	5	1	0	0	1	18	77	4	26	32384	976	0	5	0	976
2282	8774	3	6	4	1	0	0	7	19	77	4	27	12574	294	0	4	0	294,302,806,944,976,1008
2282	8777	2	1	5	1	0	0	1	18	77	4	26	32384	976	0	5	0	976
2282	8778	3	6	4	1	0	0	7	19	77	4	27	12574	294	0	4	0	294,302,806,944,976,1008
2282	8780	2	1	5	1	0	0	2	19	77	4	27	31104	944	0	5	0	944
2282	8785	2	1	5	1	0	0	1	18	77	4	26	32384	976	0	5	0	976
2282	8786	3	6	4	1	0	0	7	19	77	4	27	12574	294	0	4	0	294,302,806,944,976,1008
2282	8788	2	1	5	1	0	0	2	19	77	4	27	31104	944	0	5	0	944
2282	8792	2	1	5	1	0	0	2	19	77	4	27	31104	944	0	5	0	944
2282	8801	1	2	6	0	0	0	2	18	75	4	26	12574	303	0	6	0	720,976
2282	8802	1	1	6	0	0	0	1	19	75	4	27	12574	302	0	6	0	302
2282	8804	2	2	5	1	0	0	2	19	77	4	27	12574	302	0	5	0	302,976
2282	8808	2	2	5	1	0	0	2	19	77	4	27	12574	302	0	5	0	302,976
2282	8816	2	2	5	1	0	0	2	19	77	4	27	12574	302	0	5	0	302,976
2282	8835	2	1	5	1	0	0	2	18	77	4	26	32128	992	0	5	0	992
2282	8837	2	2	5	1	0	0	4	18	86	4	26	31104	928	0	5	0	928,992
2282	8838	2	2	5	1	0	0	4	19	236	5	27	31104	928	0	5	0	928,992
2282	8841	2	2	5	1	0	0	4	18	86	4	26	31104	928	0	5	0	928,992
2282	8842	2	2	5	1	0	0	4	19	236	5	27	31104	928	0	5	0	928,992
2282	8844	1	1	6	0	0	0	2	17	94	5	27	31104	928	0	6	0	928
2282	8849	2	2	5	1	0	0	4	18	86	4	26	31104	928	0	5	0	928,992
2282	8850	2	2	5	1	0	0	4	19	236	5	27	31104	928	0	5	0	928,992
2282	8852	1	1	6	0	0	0	2	17	94	5	27	31104	928	0	6	0	928
2282	8856	1	1	6	0	0	0	2	17	94	5	27	31104	928	0	6	0	928
2282	8865	2	2	5	1	0	0	3	20	11	3	26	32128	992	0	5	0	960,992
2282	8866	2	1	5	1	0	0	2	19	77	4	27	32128	992	0	5	0	992
2282	8868	2	2	5	1	0	0	4	19	86	4	27	31104	928	0	5	0	928,992
2282	8872	2	2	5	1	0	0	4	19	86	4	27	31104	928	0	5	0	928,992
2282	8880	2	2	5	1	0	0	4	19	86	4	27	31104	928	0	5	0	928,992
2282	8897	2	2	5	1	0	0	3	20	11	3	26	32128	992	0	5	0	960,992
2282	8898	2	1	5	1	0	0	2	19	77	4	27	32128	992	0	5	0	992
2282	8900	2	2	5	1	0	0	4	19	86	4	27	31104	928	0	5	0	928,992
2282	8904	2	2	5	1	0	0	4	19	86	4	27	31104	928	0	5	0	928,992
2282	8912	2	2	5	1	0	0	4	19	86	4	27	31104	928	0	5	0	928,992
2282	8928	2	3	5	1	0	0	4	21	11	3	27	12574	318	0	5	0	318,960,992
2282	8963	1	1	6	0	0	0	3	17	94	5	27	32128	992	0	6	0	992
2282	8965	1	1	6	0	0	0	3	17	94	5	27	32128	992	0	6	0	992
2282	8966	1	1	6	0	0	0	3	20	77	4	28	32128	992	0	6	0	992
2282	8969	1	1	6	0	0	0	3	17	94	5	27	32128	992	0	6	0	992
2282	8970	1	1	6	0	0	0	3	20	77	4	28	32128	992	0	6	0	992
2282	8972	1	2	6	0	0	0	5	20	75	4	28	31104	928	0	6	0	928,992
2282	8977	1	1	6	0	0	0	3	17	94	5	27	32128	992	0	6	0	992
2282	8978	1	1	6	0	0	0	3	20	77	4	28	32128	992	0	6	0	992
2282	8980	1	2	6	0	0	0	5	20	75	4	28	31104	928	0	6	0	928,992
2282	8984	1	2	6	0	0	0	5	20	75	4	28	31104	928	0	6	0	928,992
2282	8993	1	1	6	0	0	0	3	15	222	6	27	32128	992	0	6	0	992
2282	8994	1	1	6	0	0	0	3	18	94	5	28	32128	992	0	6	0	992
2282	8996	1	1	6	0	0	0	3	18	94	5	28	32128	992	0	6	0	992
2282	9000	1	1	6	0	0	0	3	18	94	5	28	32128	992	0	6	0	992
2282	9008	1	1	6	0	0	0	3	18	94	5	28	32128	992	0	6	0	992
2282	9025	1	1	6	0	0	0	3	15	222	6	27	32128	992	0	6	0	992
2282	9026	1	1	6	0	0	0	3	18	94	5	28	32128	992	0	6	0	992
2282	9028	1	1	6	0	0	0	3	18	94	5	28	32128	992	0	6	0	992
2282	9032	1	1	6	0	0	0	3	18	94	5	28	32128	992	0	6	0	992
2282	9040	1	1	6	0	0	0	3	18	94	5	28	32128	992	0	6	0	992
2282	9056	1	1	6	0	0	0	3	16	222	6	28	32128	992	0	6	0	992
2282	9089	1	1	6	0	0	0	3	17	94	5	27	32128	960	0	6	0	960
2282	9090	1	1	6	0	0	0	3	20	236	5	28	32128	960	0	6	0	960
2282	9092	1	1	6	0	0	0	3	18	94	5	28	32128	960	0	6	0	960
2282	9096	1	1	6	0	0	0	3	18	94	5	28	32128	960	0	6	0	960
2282	9104	1	1	6	0	0	0	3	18	94	5	28	32128	960	0	6	0	960
2282	9120	1	1	6	0	0	0	3	18	94	5	28	32128	960	0	6	0	960
2282	9152	1	1	6	0	0	0	3	18	94	5	28	32128	960	0	6	0	960
2282	9223	3	3	4	1	0	0	5	18	77	4	26	31104	944	0	4	0	944,976,1008
2282	9227	3	3	4	1	0	0	5	18	77	4	26	31104	944	0	4	0	944,976,1008
2282	9229	2	1	5	1	0	0	2	18	77	4	26	31104	944	0	5	0	944
2282	9230	2	3	5	1	0	0	3	19	77	4	27	31004	930	0	5	0	928,930,944
2282	9235	3	3	4	1	0	0	5	18	77	4	26	31104	944	0	4	0	944,976,1008
2282	9237	2	1	5	1	0	0	2	18	77	4	26	31104	944	0	5	0	944
2282	9238	2	3	5	1	0	0	3	19	77	4	27	31004	930	0	5	0	928,930,944
2282	9241	2	1	5	1	0	0	2	18	77	4	26	31104	944	0	5	0	944
2282	9242	2	3	5	1	0	0	3	19	77	4	27	31004	930	0	5	0	928,930,944
2282	9244	1	2	6	0	0	0	3	19	75	4	27	31004	928	0	6	0	928,944
2282	9251	2	3	5	1	0	0	2	18	75	4	26	12574	295	0	5	0	720,728,976
2282	9253	2	1	5	1	0	0	1	18	77	4	26	32384	976	0	5	0	976
2282	9254	3	6	4	1	0	0	7	19	77	4	27	12574	294	0	4	0	294,302,806,944,976,1008
2282	9257	2	1	5	1	0	0	1	18	77	4	26	32384	976	0	5	0	976
2282	9258	3	6	4	1	0	0	7	19	77	4	27	12574	294	0	4	0	294,302,806,944,976,1008
2282	9260	2	1	5	1	0	0	2	19	77	4	27	31104	944	0	5	0	944
2282	9265	2	1	5	1	0	0	1	18	77	4	26	32384	976	0	5	0	976
2282	9266	3	6	4	1	0	0	7	19	77	4	27	12574	294	0	4	0	294,302,806,944,976,1008
2282	9268	2	1	5	1	0	0	2	19	77	4	27	31104	944	0	5	0	944
2282	9272	2	1	5	1	0	0	2	19	77	4	27	31104	944	0	5	0	944
2282	9283	2	3	5	1	0	0	2	18	75	4	26	12574	295	0	5	0	720,728,976
2282	9285	2	1	5	1	0	0	1	18	77	4	26	32384	976	0	5	0	976
2282	9286	3	6	4	1	0	0	7	19	77	4	27	12574	294	0	4	0	294,302,806,944,976,1008
2282	9289	2	1	5	1	0	0	1	18	77	4	26	32384	976	0	5	0	976
2282	9290	3	6	4	1	0	0	7	19	77	4	27	12574	294	0	4	0	294,302,806,944,976,1008
2282	9292	2	1	5	1	0	0	2	19	77	4	27	31104	944	0	5	0	944
2282	9297	2	1	5	1	0	0	1	18	77	4	26	32384	976	0	5	0	976
2282	9298	3	6	4	1	0	0	7	19	77	4	27	12574	294	0	4	0	294,302,806,944,976,1008
2282	9300	2	1	5	1	0	0	2	19	77	4	27	31104	944	0	5	0	944
2282	9304	2	1	5	1	0	0	2	19	77	4	27	31104	944	0	5	0	944
2282	9313	1	2	6	0	0	0	2	18	75	4	26	12574	303	0	6	0	720,976
2282	9314	1	1	6	0	0	0	1	19	75	4	27	12574	302	0	6	0	302
2282	9316	2	2	5	1	0	0	2	19	77	4	27	12574	302	0	5	0	302,976
2282	9320	2	2	5	1	0	0	2	19	77	4	27	12574	302	0	5	0	302,976
2282	9328	2	2	5	1	0	0	2	19	77	4	27	12574	302	0	5	0	302,976
2282	9347	2	1	5	1	0	0	2	18	77	4	26	31616	992	0	5	0	992
2282	9349	2	2	5	1	0	0	4	18	86	4	26	31104	928	0	5	0	928,992
2282	9350	2	2	5	1	0	0	4	19	236	5	27	31104	928	0	5	0	928,992
2282	9353	2	2	5	1	0	0	4	18	86	4	26	31104	928	0	5	0	928,992
2282	9354	2	2	5	1	0	0	4	19	236	5	27	31104	928	0	5	0	928,992
2282	9356	1	1	6	0	0	0	2	17	94	5	27	31104	928	0	6	0	928
2282	9361	2	2	5	1	0	0	4	18	86	4	26	31104	928	0	5	0	928,992
2282	9362	2	2	5	1	0	0	4	19	236	5	27	31104	928	0	5	0	928,992
2282	9364	1	1	6	0	0	0	2	17	94	5	27	31104	928	0	6	0	928
2282	9368	1	1	6	0	0	0	2	17	94	5	27	31104	928	0	6	0	928
2282	9377	2	2	5	1	0	0	3	20	11	3	26	31616	992	0	5	0	960,992
2282	9378	2	1	5	1	0	0	2	19	77	4	27	31616	992	0	5	0	992
2282	9380	2	2	5	1	0	0	4	19	86	4	27	31104	928	0	5	0	928,992
2282	9384	2	2	5	1	0	0	4	19	86	4	27	31104	928	0	5	0	928,992
2282	9392	2	2	5	1	0	0	4	19	86	4	27	31104	928	0	5	0	928,992
2282	9409	2	2	5	1	0	0	3	20	11	3	26	31616	992	0	5	0	960,992
2282	9410	2	1	5	1	0	0	2	19	77	4	27	31616	992	0	5	0	992
2282	9412	2	2	5	1	0	0	4	19	86	4	27	31104	928	0	5	0	928,992
2282	9416	2	2	5	1	0	0	4	19	86	4	27	31104	928	0	5	0	928,992
2282	9424	2	2	5	1	0	0	4	19	86	4	27	31104	928	0	5	0	928,992
2282	9440	2	3	5	1	0	0	4	21	11	3	27	12574	318	0	5	0	318,960,992
2282	9475	1	1	6	0	0	0	3	17	94	5	27	31616	992	0	6	0	992
2282	9477	1	1	6	0	0	0	3	17	94	5	27	31616	992	0	6	0	992
2282	9478	1	1	6	0	0	0	3	20	77	4	28	31616	992	0	6	0	992
2282	9481	1	1	6	0	0	0	3	17	94	5	27	31616	992	0	6	0	992
2282	9482	1	1	6	0	0	0	3	20	77	4	28	31616	992	0	6	0	992
2282	9484	1	2	6	0	0	0	5	20	75	4	28	31104	928	0	6	0	928,992
2282	9489	1	1	6	0	0	0	3	17	94	5	27	31616	992	0	6	0	992
2282	9490	1	1	6	0	0	0	3	20	77	4	28	31616	992	0	6	0	992
2282	9492	1	2	6	0	0	0	5	20	75	4	28	31104	928	0	6	0	928,992
2282	9496	1	2	6	0	0	0	5	20	75	4	28	31104	928	0	6	0	928,992
2282	9505	1	1	6	0	0	0	3	15	222	6	27	31616	992	0	6	0	992
2282	9506	1	1	6	0	0	0	3	18	94	5	28	31616	992	0	6	0	992
2282	9508	1	1	6	0	0	0	3	18	94	5	28	31616	992	0	6	0	992
2282	9512	1	1	6	0	0	0	3	18	94	5	28	31616	992	0	6	0	992
2282	9520	1	1	6	0	0	0	3	18	94	5	28	31616	992	0	6	0	992
2282	9537	1	1	6	0	0	0	3	15	222	6	27	31616	992	0	6	0	992
2282	9538	1	1	6	0	0	0	3	18	94	5	28	31616	992	0	6	0	992
2282	9540	1	1	6	0	0	0	3	18	94	5	28	31616	992	0	6	0	992
2282	9544	1	1	6	0	0	0	3	18	94	5	28	31616	992	0	6	0	992
2282	9552	1	1	6	0	0	0	3	18	94	5	28	31616	992	0	6	0	992
2282	9568	1	1	6	0	0	0	3	16	222	6	28	31616	992	0	6	0	992
2282	9601	1	1	6	0	0	0	3	17	94	5	27	31616	960	0	6	0	960
2282	9602	1	1	6	0	0	0	3	20	236	5	28	31616	960	0	6	0	960
2282	9604	1	1	6	0	0	0	3	18	94	5	28	31616	960	0	6	0	960
2282	9608	1	1	6	0	0	0	3	18	94	5	28	31616	960	0	6	0	960
2282	9616	1	1	6	0	0	0	3	18	94	5	28	31616	960	0	6	0	960
2282	9632	1	1	6	0	0	0	3	18	94	5	28	31616	960	0	6	0	960
2282	9664	1	1	6	0	0	0	3	18	94	5	28	31616	960	0	6	0	960
2282	9731	1	1	6	0	0	0	4	19	75	4	27	31104	992	0	6	0	992
2282	9733	1	1	6	0	0	0	4	17	94	5	27	31104	992	0	6	0	992
2282	9734	1	1	6	0	0	0	4	18	94	5	28	31104	992	0	6	0	992
2282	9737	1	1	6	0	0	0	4	17	94	5	27	31104	992	0	6	0	992
2282	9738	1	1	6	0	0	0	4	18	94	5	28	31104	992	0	6	0	992
2282	9740	1	1	6	0	0	0	4	16	222	6	28	31104	992	0	6	0	992
2282	9745	1	1	6	0	0	0	4	17	94	5	27	31104	992	0	6	0	992
2282	9746	1	1	6	0	0	0	4	18	94	5	28	31104	992	0	6	0	992
2282	9748	1	1	6	0	0	0	4	16	222	6	28	31104	992	0	6	0	992
2282	9752	1	1	6	0	0	0	4	16	222	6	28	31104	992	0	6	0	992
2282	9761	1	2	6	0	0	0	5	19	75	4	27	31104	992	0	6	0	928,992
2282	9762	1	1	6	0	0	0	4	20	75	4	28	31104	992	0	6	0	992
2282	9764	1	1	6	0	0	0	4	18	94	5	28	31104	992	0	6	0	992
2282	9768	1	1	6	0	0	0	4	18	94	5	28	31104	992	0	6	0	992
2282	9776	1	1	6	0	0	0	4	18	94	5	28	31104	992	0	6	0	992
2282	9793	1	2	6	0	0	0	5	19	75	4	27	31104	992	0	6	0	928,992
2282	9794	1	1	6	0	0	0	4	20	75	4	28	31104	992	0	6	0	992
2282	9796	1	1	6	0	0	0	4	18	94	5	28	31104	992	0	6	0	992
2282	9800	1	1	6	0	0	0	4	18	94	5	28	31104	992	0	6	0	992
2282	9808	1	1	6	0	0	0	4	18	94	5	28	31104	992	0	6	0	992
2282	9824	1	2	6	0	0	0	5	20	75	4	28	31104	992	0	6	0	928,992
2282	9857	0	1	7	0	0	0	4	21	11	3	27	31104	960	0	7	0	960
2282	9858	0	1	7	0	0	0	4	20	77	4	28	31104	960	0	7	0	960
2282	9860	0	1	7	0	0	0	4	18	94	5	28	31104	960	0	7	0	960
2282	9864	0	1	7	0	0	0	4	18	94	5	28	31104	960	0	7	0	960
2282	9872	0	1	7	0	0	0	4	18	94	5	28	31104	960	0	7	0	960
2282	9888	0	1	7	0	0	0	4	22	11	3	28	31104	960	0	7	0	960
2282	9920	0	1	7	0	0	0	4	22	11	3	28	31104	960	0	7	0	960
2282	9985	0	1	7	0	0	0	5	16	222	6	28	31104	960	0	7	0	960
2282	9986	0	1	7	0	0	0	5	19	94	5	29	31104	960	0	7	0	960
2282	9988	0	1	7	0	0	0	5	17	222	6	29	31104	960	0	7	0	960
2282	9992	0	1	7	0	0	0	5	17	222	6	29	31104	960	0	7	0	960
2282	10000	0	1	7	0	0	0	5	17	222	6	29	31104	960	0	7	0	960
2282	10016	0	1	7	0	0	0	5	17	222	6	29	31104	960	0	7	0	960
2282	10048	0	1	7	0	0	0	5	17	222	6	29	31104	960	0	7	0	960
2282	10112	0	1	7	0	0	0	5	19	94	5	29	31104	896	0	7	0	896
2282	10247	2	2	5	1	0	0	3	18	86	4	26	12574	291	0	5	0	220,732
2282	10251	2	2	5	1	0	0	3	18	86	4	26	12574	291	0	5	0	220,732
2282	10253	2	1	5	1	0	0	2	20	76	3	26	28956	802	0	5	0	802
2282	10254	1	1	6	0	0	0	2	19	77	4	27	28956	802	0	6	0	802
2282	10259	2	2	5	1	0	0	3	18	86	4	26	12574	291	0	5	0	220,732
2282	10261	2	1	5	1	0	0	2	20	76	3	26	28956	802	0	5	0	802
2282	10262	1	1	6	0	0	0	2	19	77	4	27	28956	802	0	6	0	802
2282	10265	2	1	5	1	0	0	2	20	76	3	26	28956	802	0	5	0	802
2282	10266	1	1	6	0	0	0	2	19	77	4	27	28956	802	0	6	0	802
2282	10268	1	2	6	0	0	0	3	21	11	3	27	28956	800	0	6	0	800,816
2282	10275	1	1	6	0	0	0	1	16	94	5	26	12574	295	0	6	0	728
2282	10277	2	1	5	1	0	0	1	18	86	4	26	12574	295	0	5	0	728
2282	10278	2	2	5	1	0	0	3	17	94	5	27	12574	294	0	5	0	294,806
2282	10281	2	1	5	1	0	0	1	18	86	4	26	12574	295	0	5	0	728
2282	10282	2	2	5	1	0	0	3	17	94	5	27	12574	294	0	5	0	294,806
2282	10284	2	1	5	1	0	0	2	19	77	4	27	28956	804	0	5	0	804
2282	10289	2	1	5	1	0	0	1	18	86	4	26	12574	295	0	5	0	728
2282	10290	2	2	5	1	0	0	3	17	94	5	27	12574	294	0	5	0	294,806
2282	10292	2	1	5	1	0	0	2	19	77	4	27	28956	804	0	5	0	804
2282	10296	2	1	5	1	0	0	2	19	77	4	27	28956	804	0	5	0	804
2282	10307	1	1	6	0	0	0	1	16	94	5	26	12574	295	0	6	0	728
2282	10309	2	1	5	1	0	0	1	18	86	4	26	12574	295	0	5	0	728
2282	10310	2	2	5	1	0	0	3	17	94	5	27	12574	294	0	5	0	294,806
2282	10313	2	1	5	1	0	0	1	18	86	4	26	12574	295	0	5	0	728
2282	10314	2	2	5	1	0	0	3	17	94	5	27	12574	294	0	5	0	294,806
2282	10316	2	1	5	1	0	0	2	19	77	4	27	28956	804	0	5	0	804
2282	10321	2	1	5	1	0	0	1	18	86	4	26	12574	295	0	5	0	728
2282	10322	2	2	5	1	0	0	3	17	94	5	27	12574	294	0	5	0	294,806
2282	10324	2	1	5	1	0	0	2	19	77	4	27	28956	804	0	5	0	804
2282	10328	2	1	5	1	0	0	2	19	77	4	27	28956	804	0	5	0	804
2282	10337	1	1	6	0	0	0	1	16	94	5	26	12574	303	0	6	0	720
2282	10338	1	1	6	0	0	0	1	15	222	6	27	12574	302	0	6	0	302
2282	10340	2	1	5	1	0	0	1	17	94	5	27	12574	302	0	5	0	302
2282	10344	2	1	5	1	0	0	1	17	94	5	27	12574	302	0	5	0	302
2282	10352	2	1	5	1	0	0	1	17	94	5	27	12574	302	0	5	0	302
2282	10371	2	1	5	1	0	0	1	18	77	4	26	12574	295	0	5	0	728
2282	10373	2	1	5	1	0	0	2	20	76	3	26	28956	806	0	5	0	806
2282	10374	2	1	5	1	0	0	2	17	94	5	27	28956	806	0	5	0	806
2282	10377	2	1	5	1	0	0	2	20	76	3	26	28956	806	0	5	0	806
2282	10378	2	1	5	1	0	0	2	17	94	5	27	28956	806	0	5	0	806
2282	10380	1	1	6	0	0	0	2	19	30	4	27	28956	804	0	6	0	804
2282	10385	2	1	5	1	0	0	2	20	76	3	26	28956	806	0	5	0	806
2282	10386	2	1	5	1	0	0	2	17	94	5	27	28956	806	0	5	0	806
2282	10388	1	1	6	0	0	0	2	19	30	4	27	28956	804	0	6	0	804
2282	10392	1	1	6	0	0	0	2	19	30	4	27	28956	804	0	6	0	804
2282	10401	2	2	5	1	0	0	1	20	13	3	26	12574	303	0	5	0	302,720
2282	10402	2	1	5	1	0	0	1	17	94	5	27	12574	302	0	5	0	302
2282	10404	2	1	5	1	0	0	2	19	86	4	27	28956	812	0	5	0	812
2282	10408	2	1	5	1	0	0	2	19	86	4	27	28956	812	0	5	0	812
2282	10416	2	1	5	1	0	0	2	19	86	4	27	28956	812	0	5	0	812
2282	10433	2	2	5	1	0	0	1	20	13	3	26	12574	303	0	5	0	302,720
2282	10434	2	1	5	1	0	0	1	17	94	5	27	12574	302	0	5	0	302
2282	10436	2	1	5	1	0	0	2	19	86	4	27	28956	812	0	5	0	812
2282	10440	2	1	5	1	0	0	2	19	86	4	27	28956	812	0	5	0	812
2282	10448	2	1	5	1	0	0	2	19	86	4	27	28956	812	0	5	0	812
2282	10464	2	2	5	1	0	0	1	19	30	4	27	12574	318	0	5	0	316,318
2282	10499	2	5	5	1	0	0	3	19	86	4	27	12574	263	0	5	0	736,744,752,760,992
2282	10501	2	1	5	1	0	0	2	21	76	3	27	32384	992	0	5	0	992
2282	10502	2	2	5	1	0	0	4	22	13	3	28	28956	774	0	5	0	774,992
2282	10505	2	1	5	1	0	0	2	21	76	3	27	32384	992	0	5	0	992
2282	10506	2	2	5	1	0	0	4	22	13	3	28	28956	774	0	5	0	774,992
2282	10508	2	6	5	1	0	0	7	24	3	2	28	28956	772	0	5	0	772,800,804,864,928,992
2282	10513	2	1	5	1	0	0	2	21	76	3	27	32384	992	0	5	0	992
2282	10514	2	2	5	1	0	0	4	22	13	3	28	28956	774	0	5	0	774,992
2282	10516	2	6	5	1	0	0	7	24	3	2	28	28956	772	0	5	0	772,800,804,864,928,992
2282	10520	2	6	5	1	0	0	7	24	3	2	28	28956	772	0	5	0	772,800,804,864,928,992
2282	10529	2	3	5	1	0	0	3	17	94	5	27	12574	271	0	5	0	736,752,992
2282	10530	2	5	5	1	0	0	3	18	94	5	28	12574	270	0	5	0	270,286,736,752,992
2282	10532	2	1	5	1	0	0	2	20	77	4	28	32384	992	0	5	0	992
2282	10536	2	1	5	1	0	0	2	20	77	4	28	32384	992	0	5	0	992
2282	10544	2	1	5	1	0	0	2	20	77	4	28	32384	992	0	5	0	992
2282	10561	2	3	5	1	0	0	3	17	94	5	27	12574	271	0	5	0	736,752,992
2282	10562	2	5	5	1	0	0	3	18	94	5	28	12574	270	0	5	0	270,286,736,752,992
2282	10564	2	1	5	1	0	0	2	20	77	4	28	32384	992	0	5	0	992
2282	10568	2	1	5	1	0	0	2	20	77	4	28	32384	992	0	5	0	992
2282	10576	2	1	5	1	0	0	2	20	77	4	28	32384	992	0	5	0	992
2282	10592	2	3	5	1	0	0	3	16	222	6	28	12574	286	0	5	0	286,736,992
2282	10625	2	1	5	1	0	0	2	21	13	3	27	32384	960	0	5	0	960
2282	10626	2	1	5	1	0	0	2	20	77	4	28	32384	960	0	5	0	960
2282	10628	2	2	5	1	0	0	4	22	13	3	28	28956	780	0	5	0	780,960
2282	10632	2	2	5	1	0	0	4	22	13	3	28	28956	780	0	5	0	780,960
2282	10640	2	2	5	1	0	0	4	22	13	3	28	28956	780	0	5	0	780,960
2282	10656	2	1	5	1	0	0	2	20	77	4	28	32384	960	0	5	0	960
2282	10688	2	1	5	1	0	0	2	20	77	4	28	32384	960	0	5	0	960
2282	10755	2	1	5	1	0	0	1	19	77	4	27	12574	327	0	5	0	696
2282	10757	3	5	4	1	0	0	8	19	86	4	27	12574	327	0	4	0	696,838,864,928,992
2282	10758	2	1	5	1	0	0	2	20	236	5	28	28956	838	0	5	0	838
2282	10761	3	5	4	1	0	0	8	19	86	4	27	12574	327	0	4	0	696,838,864,928,992
2282	10762	2	1	5	1	0	0	2	20	236	5	28	28956	838	0	5	0	838
2282	10764	2	2	5	1	0	0	4	18	94	5	28	28956	836	0	5	0	836,864
2282	10769	3	5	4	1	0	0	8	19	86	4	27	12574	327	0	4	0	696,838,864,928,992
2282	10770	2	1	5	1	0	0	2	20	236	5	28	28956	838	0	5	0	838
2282	10772	2	2	5	1	0	0	4	18	94	5	28	28956	836	0	5	0	836,864
2282	10776	2	2	5	1	0	0	4	18	94	5	28	28956	836	0	5	0	836,864
2282	10785	2	2	5	1	0	0	2	19	77	4	27	12574	335	0	5	0	688,928
2282	10786	2	1	5	1	0	0	1	18	94	5	28	12574	334	0	5	0	334
2282	10788	3	5	4	1	0	0	8	20	236	5	28	12574	334	0	4	0	334,844,864,928,992
2282	10792	3	5	4	1	0	0	8	20	236	5	28	12574	334	0	4	0	334,844,864,928,992
2282	10800	3	5	4	1	0	0	8	20	236	5	28	12574	334	0	4	0	334,844,864,928,992
2282	10817	2	2	5	1	0	0	2	19	77	4	27	12574	335	0	5	0	688,928
2282	10818	2	1	5	1	0	0	1	18	94	5	28	12574	334	0	5	0	334
2282	10820	3	5	4	1	0	0	8	20	236	5	28	12574	334	0	4	0	334,844,864,928,992
2282	10824	3	5	4	1	0	0	8	20	236	5	28	12574	334	0	4	0	334,844,864,928,992
2282	10832	3	5	4	1	0	0	8	20	236	5	28	12574	334	0	4	0	334,844,864,928,992
2282	10848	2	2	5	1	0	0	2	18	94	5	28	12574	350	0	5	0	350,928
2282	10881	2	1	5	1	0	0	2	23	3	2	27	32128	960	0	5	0	960
2282	10882	2	1	5	1	0	0	2	20	77	4	28	32128	960	0	5	0	960
2282	10884	2	5	5	1	0	0	6	20	77	4	28	28956	844	0	5	0	832,836,840,844,960
2282	10888	2	5	5	1	0	0	6	20	77	4	28	28956	844	0	5	0	832,836,840,844,960
2282	10896	2	5	5	1	0	0	6	20	77	4	28	28956	844	0	5	0	832,836,840,844,960
2282	10912	2	1	5	1	0	0	2	22	13	3	28	32128	960	0	5	0	960
2282	10944	2	1	5	1	0	0	2	22	13	3	28	32128	960	0	5	0	960
2282	11009	1	1	6	0	0	0	3	20	30	4	28	32128	960	0	6	0	960
2282	11010	1	1	6	0	0	0	3	21	86	4	29	32128	960	0	6	0	960
2282	11012	1	1	6	0	0	0	3	21	77	4	29	32128	960	0	6	0	960
2282	11016	1	1	6	0	0	0	3	21	77	4	29	32128	960	0	6	0	960
2282	11024	1	1	6	0	0	0	3	21	77	4	29	32128	960	0	6	0	960
2282	11040	1	1	6	0	0	0	3	19	94	5	29	32128	960	0	6	0	960
2282	11072	1	1	6	0	0	0	3	19	94	5	29	32128	960	0	6	0	960
2282	11136	1	1	6	0	0	0	3	23	13	3	29	32128	896	0	6	0	896
2282	11267	2	1	5	1	0	0	1	19	77	4	27	12574	327	0	5	0	696
2282	11269	3	5	4	1	0	0	8	19	86	4	27	12574	327	0	4	0	696,838,864,928,992
2282	11270	2	1	5	1	0	0	2	20	236	5	28	28956	838	0	5	0	838
2282	11273	3	5	4	1	0	0	8	19	86	4	27	12574	327	0	4	0	696,838,864,928,992
2282	11274	2	1	5	1	0	0	2	20	236	5	28	28956	838	0	5	0	838
2282	11276	2	2	5	1	0	0	4	18	94	5	28	28956	836	0	5	0	836,864
2282	11281	3	5	4	1	0	0	8	19	86	4	27	12574	327	0	4	0	696,838,864,928,992
2282	11282	2	1	5	1	0	0	2	20	236	5	28	28956	838	0	5	0	838
2282	11284	2	2	5	1	0	0	4	18	94	5	28	28956	836	0	5	0	836,864
2282	11288	2	2	5	1	0	0	4	18	94	5	28	28956	836	0	5	0	836,864
2282	11297	2	2	5	1	0	0	2	19	77	4	27	12574	335	0	5	0	688,928
2282	11298	2	1	5	1	0	0	1	18	94	5	28	12574	334	0	5	0	334
2282	11300	3	5	4	1	0	0	8	20	236	5	28	12574	334	0	4	0	334,844,864,928,992
2282	11304	3	5	4	1	0	0	8	20	236	5	28	12574	334	0	4	0	334,844,864,928,992
2282	11312	3	5	4	1	0	0	8	20	236	5	28	12574	334	0	4	0	334,844,864,928,992
2282	11329	2	2	5	1	0	0	2	19	77	4	27	12574	335	0	5	0	688,928
2282	11330	2	1	5	1	0	0	1	18	94	5	28	12574	334	0	5	0	334
2282	11332	3	5	4	1	0	0	8	20	236	5	28	12574	334	0	4	0	334,844,864,928,992
2282	11336	3	5	4	1	0	0	8	20	236	5	28	12574	334	0	4	0	334,844,864,928,992
2282	11344	3	5	4	1	0	0	8	20	236	5	28	12574	334	0	4	0	334,844,864,928,992
2282	11360	2	2	5	1	0	0	2	18	94	5	28	12574	350	0	5	0	350,928
2282	11393	2	1	5	1	0	0	2	23	3	2	27	31616	960	0	5	0	960
2282	11394	2	1	5	1	0	0	2	20	77	4	28	31616	960	0	5	0	960
2282	11396	2	5	5	1	0	0	6	20	77	4	28	28956	844	0	5	0	832,836,840,844,960
2282	11400	2	5	5	1	0	0	6	20	77	4	28	28956	844	0	5	0	832,836,840,844,960
2282	11408	2	5	5	1	0	0	6	20	77	4	28	28956	844	0	5	0	832,836,840,844,960
2282	11424	2	1	5	1	0	0	2	22	13	3	28	31616	960	0	5	0	960
2282	11456	2	1	5	1	0	0	2	22	13	3	28	31616	960	0	5	0	960
2282	11521	1	1	6	0	0	0	3	20	30	4	28	31616	960	0	6	0	960
2282	11522	1	1	6	0	0	0	3	21	86	4	29	31616	960	0	6	0	960
2282	11524	1	1	6	0	0	0	3	21	77	4	29	31616	960	0	6	0	960
2282	11528	1	1	6	0	0	0	3	21	77	4	29	31616	960	0	6	0	960
2282	11536	1	1	6	0	0	0	3	21	77	4	29	31616	960	0	6	0	960
2282	11552	1	1	6	0	0	0	3	19	94	5	29	31616	960	0	6	0	960
2282	11584	1	1	6	0	0	0	3	19	94	5	29	31616	960	0	6	0	960
2282	11648	1	1	6	0	0	0	3	23	13	3	29	31616	896	0	6	0	896
2282	11777	1	1	6	0	0	0	4	22	11	3	28	31104	960	0	6	0	960
2282	11778	1	1	6	0	0	0	4	21	77	4	29	31104	960	0	6	0	960
2282	11780	1	1	6	0	0	0	4	19	94	5	29	31104	960	0	6	0	960
2282	11784	1	1	6	0	0	0	4	19	94	5	29	31104	960	0	6	0	960
2282	11792	1	1	6	0	0	0	4	19	94	5	29	31104	960	0	6	0	960
2282	11808	1	1	6	0	0	0	4	21	77	4	29	31104	960	0	6	0	960
2282	11840	1	1	6	0	0	0	4	21	77	4	29	31104	960	0	6	0	960
2282	11904	0	1	7	0	0	0	4	25	3	2	29	31104	896	0	7	0	896
2282	12032	0	1	7	0	0	0	5	22	30	4	30	31104	896	0	7	0	896
2282	12295	2	1	5	1	0	0	1	18	30	4	26	32384	976	0	5	0	976
2282	12299	2	1	5	1	0	0	1	18	30	4	26	32384	976	0	5	0	976
2282	12301	2	1	5	1	0	0	1	22	3	2	26	32384	976	0	5	0	976
2282	12302	2	1	5	1	0	0	1	23	3	2	27	31004	802	0	5	0	802
2282	12307	2	1	5	1	0	0	1	18	30	4	26	32384	976	0	5	0	976
2282	12309	2	1	5	1	0	0	1	22	3	2	26	32384	976	0	5	0	976
2282	12310	2	1	5	1	0	0	1	23	3	2	27	31004	802	0	5	0	802
2282	12313	2	1	5	1	0	0	1	22	3	2	26	32384	976	0	5	0	976
2282	12314	2	1	5	1	0	0	1	23	3	2	27	31004	802	0	5	0	802
2282	12316	1	2	6	0	0	0	2	27	0	0	27	31004	800	0	6	0	800,816
2282	12323	1	1	6	0	0	0	1	14	222	6	26	32384	976	0	6	0	976
2282	12325	1	1	6	0	0	0	1	18	30	4	26	32384	976	0	6	0	976
2282	12326	2	2	5	1	0	0	1	19	30	4	27	32384	976	0	5	0	46,976
2282	12329	1	1	6	0	0	0	1	18	30	4	26	32384	976	0	6	0	976
2282	12330	2	2	5	1	0	0	1	19	30	4	27	32384	976	0	5	0	46,976
2282	12332	2	2	5	1	0	0	1	23	3	2	27	32384	976	0	5	0	46,976
2282	12337	1	1	6	0	0	0	1	18	30	4	26	32384	976	0	6	0	976
2282	12338	2	2	5	1	0	0	1	19	30	4	27	32384	976	0	5	0	46,976
2282	12340	2	2	5	1	0	0	1	23	3	2	27	32384	976	0	5	0	46,976
2282	12344	2	2	5	1	0	0	1	23	3	2	27	32384	976	0	5	0	46,976
2282	12355	1	1	6	0	0	0	1	14	222	6	26	32384	976	0	6	0	976
2282	12357	1	1	6	0	0	0	1	18	30	4	26	32384	976	0	6	0	976
2282	12358	2	2	5	1	0	0	1	19	30	4	27	32384	976	0	5	0	46,976
2282	12361	1	1	6	0	0	0	1	18	30	4	26	32384	976	0	6	0	976
2282	12362	2	2	5	1	0	0	1	19	30	4	27	32384	976	0	5	0	46,976
2282	12364	2	2	5	1	0	0	1	23	3	2	27	32384	976	0	5	0	46,976
2282	12369	1	1	6	0	0	0	1	18	30	4	26	32384	976	0	6	0	976
2282	12370	2	2	5	1	0	0	1	19	30	4	27	32384	976	0	5	0	46,976
2282	12372	2	2	5	1	0	0	1	23	3	2	27	32384	976	0	5	0	46,976
2282	12376	2	2	5	1	0	0	1	23	3	2	27	32384	976	0	5	0	46,976
2282	12385	0	1	7	0	0	0	2	14	222	6	26	12574	47	0	7	0	976
2282	12386	1	2	6	0	0	0	2	15	222	6	27	12574	46	0	6	0	46,976
2282	12388	1	2	6	0	0	0	2	19	30	4	27	12574	46	0	6	0	46,976
2282	12392	1	2	6	0	0	0	2	19	30	4	27	12574	46	0	6	0	46,976
2282	12400	1	2	6	0	0	0	2	19	30	4	27	12574	46	0	6	0	46,976
2282	12419	2	2	5	1	0	0	2	16	94	5	26	32384	960	0	5	0	960,992
2282	12421	2	2	5	1	0	0	2	20	76	3	26	32384	960	0	5	0	960,992
2282	12422	2	1	5	1	0	0	1	19	77	4	27	32640	992	0	5	0	992
2282	12425	2	2	5	1	0	0	2	20	76	3	26	32384	960	0	5	0	960,992
2282	12426	2	1	5	1	0	0	1	19	77	4	27	32640	992	0	5	0	992
2282	12428	2	5	5	1	0	0	5	23	3	2	27	31004	804	0	5	0	800,804,864,928,992
2282	12433	2	2	5	1	0	0	2	20	76	3	26	32384	960	0	5	0	960,992
2282	12434	2	1	5	1	0	0	1	19	77	4	27	32640	992	0	5	0	992
2282	12436	2	5	5	1	0	0	5	23	3	2	27	31004	804	0	5	0	800,804,864,928,992
2282	12440	2	5	5	1	0	0	5	23	3	2	27	31004	804	0	5	0	800,804,864,928,992
2282	12449	1	1	6	0	0	0	1	18	30	4	26	32384	960	0	6	0	960
2282	12450	2	3	5	1	0	0	2	17	94	5	27	32384	960	0	5	0	62,960,992
2282	12452	2	3	5	1	0	0	2	21	76	3	27	32384	960	0	5	0	62,960,992
2282	12456	2	3	5	1	0	0	2	21	76	3	27	32384	960	0	5	0	62,960,992
2282	12464	2	3	5	1	0	0	2	21	76	3	27	32384	960	0	5	0	62,960,992
2282	12481	1	1	6	0	0	0	1	18	30	4	26	32384	960	0	6	0	960
2282	12482	2	3	5	1	0	0	2	17	94	5	27	32384	960	0	5	0	62,960,992
2282	12484	2	3	5	1	0	0	2	21	76	3	27	32384	960	0	5	0	62,960,992
2282	12488	2	3	5	1	0	0	2	21	76	3	27	32384	960	0	5	0	62,960,992
2282	12496	2	3	5	1	0	0	2	21	76	3	27	32384	960	0	5	0	62,960,992
2282	12512	1	2	6	0	0	0	2	19	30	4	27	12574	62	0	6	0	62,960
2282	12547	0	1	7	0	0	0	2	17	94	5	27	32384	992	0	7	0	992
2282	12549	0	1	7	0	0	0	2	21	11	3	27	32384	992	0	7	0	992
2282	12550	0	1	7	0	0	0	2	24	3	2	28	32384	992	0	7	0	992
2282	12553	0	1	7	0	0	0	2	21	11	3	27	32384	992	0	7	0	992
2282	12554	0	1	7	0	0	0	2	24	3	2	28	32384	992	0	7	0	992
2282	12556	0	1	7	0	0	0	2	28	0	0	28	32384	992	0	7	0	992
2282	12561	0	1	7	0	0	0	2	21	11	3	27	32384	992	0	7	0	992
2282	12562	0	1	7	0	0	0	2	24	3	2	28	32384	992	0	7	0	992
2282	12564	0	1	7	0	0	0	2	28	0	0	28	32384	992	0	7	0	992
2282	12568	0	1	7	0	0	0	2	28	0	0	28	32384	992	0	7	0	992
2282	12577	0	1	7	0	0	0	2	15	222	6	27	32384	992	0	7	0	992
2282	12578	0	1	7	0	0	0	2	18	94	5	28	32384	992	0	7	0	992
2282	12580	0	1	7	0	0	0	2	22	11	3	28	32384	992	0	7	0	992
2282	12584	0	1	7	0	0	0	2	22	11	3	28	32384	992	0	7	0	992
2282	12592	0	1	7	0	0	0	2	22	11	3	28	32384	992	0	7	0	992
2282	12609	0	1	7	0	0	0	2	15	222	6	27	32384	992	0	7	0	992
2282	12610	0	1	7	0	0	0	2	18	94	5	28	32384	992	0	7	0	992
2282	12612	0	1	7	0	0	0	2	22	11	3	28	32384	992	0	7	0	992
2282	12616	0	1	7	0	0	0	2	22	11	3	28	32384	992	0	7	0	992
2282	12624	0	1	7	0	0	0	2	22	11	3	28	32384	992	0	7	0	992
2282	12640	0	1	7	0	0	0	2	16	222	6	28	32384	992	0	7	0	992
2282	12673	0	1	7	0	0	0	2	19	77	4	27	32384	960	0	7	0	960
2282	12674	0	1	7	0	0	0	2	20	77	4	28	32384	960	0	7	0	960
2282	12676	0	1	7	0	0	0	2	24	3	2	28	32384	960	0	7	0	960
2282	12680	0	1	7	0	0	0	2	24	3	2	28	32384	960	0	7	0	960
2282	12688	0	1	7	0	0	0	2	24	3	2	28	32384	960	0	7	0	960
2282	12704	0	1	7	0	0	0	2	20	77	4	28	32384	960	0	7	0	960
2282	12736	0	1	7	0	0	0	2	20	77	4	28	32384	960	0	7	0	960
2282	12803	2	2	5	1	0	0	3	15	222	6	27	32128	992	0	5	0	928,992
2282	12805	2	2	5	1	0	0	3	17	94	5	27	32128	992	0	5	0	928,992
2282	12806	2	1	5	1	0	0	2	18	94	5	28	32128	992	0	5	0	992
2282	12809	2	2	5	1	0	0	3	17	94	5	27	32128	992	0	5	0	928,992
2282	12810	2	1	5	1	0	0	2	18	94	5	28	32128	992	0	5	0	992
2282	12812	2	2	5	1	0	0	4	20	75	4	28	31104	864	0	5	0	864,992
2282	12817	2	2	5	1	0	0	3	17	94	5	27	32128	992	0	5	0	928,992
2282	12818	2	1	5	1	0	0	2	18	94	5	28	32128	992	0	5	0	992
2282	12820	2	2	5	1	0	0	4	20	75	4	28	31104	864	0	5	0	864,992
2282	12824	2	2	5	1	0	0	4	20	75	4	28	31104	864	0	5	0	864,992
2282	12833	1	1	6	0	0	0	1	15	222	6	27	32384	928	0	6	0	928
2282	12834	2	3	5	1	0	0	3	16	222	6	28	32128	992	0	5	0	94,928,992
2282	12836	2	3	5	1	0	0	3	18	94	5	28	32128	992	0	5	0	94,928,992
2282	12840	2	3	5	1	0	0	3	18	94	5	28	32128	992	0	5	0	94,928,992
2282	12848	2	3	5	1	0	0	3	18	94	5	28	32128	992	0	5	0	94,928,992
2282	12865	1	1	6	0	0	0	1	15	222	6	27	32384	928	0	6	0	928
2282	12866	2	3	5	1	0	0	3	16	222	6	28	32128	992	0	5	0	94,928,992
2282	12868	2	3	5	1	0	0	3	18	94	5	28	32128	992	0	5	0	94,928,992
2282	12872	2	3	5	1	0	0	3	18	94	5	28	32128	992	0	5	0	94,928,992
2282	12880	2	3	5	1	0	0	3	18	94	5	28	32128	992	0	5	0	94,928,992
2282	12896	1	2	6	0	0	0	2	16	222	6	28	12574	94	0	6	0	94,928
2282	12929	1	1	6	0	0	0	2	19	30	4	27	32128	960	0	6	0	960
2282	12930	1	1	6	0	0	0	2	18	94	5	28	32128	960	0	6	0	960
2282	12932	1	1	6	0	0	0	2	20	77	4	28	32128	960	0	6	0	960
2282	12936	1	1	6	0	0	0	2	20	77	4	28	32128	960	0	6	0	960
2282	12944	1	1	6	0	0	0	2	20	77	4	28	32128	960	0	6	0	960
2282	12960	1	1	6	0	0	0	2	20	30	4	28	32128	960	0	6	0	960
2282	12992	1	1	6	0	0	0	2	20	30	4	28	32128	960	0	6	0	960
2282	13057	0	1	7	0	0	0	3	16	222	6	28	32128	960	0	7	0	960
2282	13058	0	1	7	0	0	0	3	19	94	5	29	32128	960	0	7	0	960
2282	13060	0	1	7	0	0	0	3	21	75	4	29	32128	960	0	7	0	960
2282	13064	0	1	7	0	0	0	3	21	75	4	29	32128	960	0	7	0	960
2282	13072	0	1	7	0	0	0	3	21	75	4	29	32128	960	0	7	0	960
2282	13088	0	1	7	0	0	0	3	17	222	6	29	32128	960	0	7	0	960
2282	13120	0	1	7	0	0	0	3	17	222	6	29	32128	960	0	7	0	960
2282	13184	0	1	7	0	0	0	3	21	77	4	29	32128	896	0	7	0	896
2282	13315	2	2	5	1	0	0	3	15	222	6	27	31616	992	0	5	0	928,992
2282	13317	2	2	5	1	0	0	3	17	94	5	27	31616	992	0	5	0	928,992
2282	13318	2	1	5	1	0	0	2	18	94	5	28	31616	992	0	5	0	992
2282	13321	2	2	5	1	0	0	3	17	94	5	27	31616	992	0	5	0	928,992
2282	13322	2	1	5	1	0	0	2	18	94	5	28	31616	992	0	5	0	992
2282	13324	2	2	5	1	0	0	4	20	75	4	28	31104	864	0	5	0	864,992
2282	13329	2	2	5	1	0	0	3	17	94	5	27	31616	992	0	5	0	928,992
2282	13330	2	1	5	1	0	0	2	18	94	5	28	31616	992	0	5	0	992
2282	13332	2	2	5	1	0	0	4	20	75	4	28	31104	864	0	5	0	864,992
2282	13336	2	2	5	1	0	0	4	20	75	4	28	31104	864	0	5	0	864,992
2282	13345	1	1	6	0	0	0	1	15	222	6	27	32384	928	0	6	0	928
2282	13346	2	3	5	1	0	0	3	16	222	6	28	31616	992	0	5	0	94,928,992
2282	13348	2	3	5	1	0	0	3	18	94	5	28	31616	992	0	5	0	94,928,992
2282	13352	2	3	5	1	0	0	3	18	94	5	28	31616	992	0	5	0	94,928,992
2282	13360	2	3	5	1	0	0	3	18	94	5	28	31616	992	0	5	0	94,928,992
2282	13377	1	1	6	0	0	0	1	15	222	6	27	32384	928	0	6	0	928
2282	13378	2	3	5	1	0	0	3	16	222	6	28	31616	992	0	5	0	94,928,992
2282	13380	2	3	5	1	0	0	3	18	94	5	28	31616	992	0	5	0	94,928,992
2282	13384	2	3	5	1	0	0	3	18	94	5	28	31616	992	0	5	0	94,928,992
2282	13392	2	3	5	1	0	0	3	18	94	5	28	31616	992	0	5	0	94,928,992
2282	13408	1	2	6	0	0	0	2	16	222	6	28	12574	94	0	6	0	94,928
2282	13441	1	1	6	0	0	0	2	19	30	4	27	31616	960	0	6	0	960
2282	13442	1	1	6	0	0	0	2	18	94	5	28	31616	960	0	6	0	960
2282	13444	1	1	6	0	0	0	2	20	77	4	28	31616	960	0	6	0	960
2282	13448	1	1	6	0	0	0	2	20	77	4	28	31616	960	0	6	0	960
2282	13456	1	1	6	0	0	0	2	20	77	4	28	31616	960	0	6	0	960
2282	13472	1	1	6	0	0	0	2	20	30	4	28	31616	960	0	6	0	960
2282	13504	1	1	6	0	0	0	2	20	30	4	28	31616	960	0	6	0	960
2282	13569	0	1	7	0	0	0	3	16	222	6	28	31616	960	0	7	0	960
2282	13570	0	1	7	0	0	0	3	19	94	5	29	31616	960	0	7	0	960
2282	13572	0	1	7	0	0	0	3	21	75	4	29	31616	960	0	7	0	960
2282	13576	0	1	7	0	0	0	3	21	75	4	29	31616	960	0	7	0	960
2282	13584	0	1	7	0	0	0	3	21	75	4	29	31616	960	0	7	0	960
2282	13600	0	1	7	0	0	0	3	17	222	6	29	31616	960	0	7	0	960
2282	13632	0	1	7	0	0	0	3	17	222	6	29	31616	960	0	7	0	960
2282	13696	0	1	7	0	0	0	3	21	77	4	29	31616	896	0	7	0	896
2282	13825	1	1	6	0	0	0	4	16	222	6	28	31104	960	0	6	0	960
2282	13826	1	1	6	0	0	0	4	17	222	6	29	31104	960	0	6	0	960
2282	13828	1	1	6	0	0	0	4	17	222	6	29	31104	960	0	6	0	960
2282	13832	1	1	6	0	0	0	4	17	222	6	29	31104	960	0	6	0	960
2282	13840	1	1	6	0	0	0	4	17	222	6	29	31104	960	0	6	0	960
2282	13856	1	1	6	0	0	0	4	17	222	6	29	31104	960	0	6	0	960
2282	13888	1	1	6	0	0	0	4	17	222	6	29	31104	960	0	6	0	960
2282	13952	0	1	7	0	0	0	4	21	30	4	29	31104	896	0	7	0	896
2282	14080	0	1	7	0	0	0	5	18	222	6	30	31104	896	0	7	0	896
2282	14339	2	4	5	1	0	0	2	17	94	5	27	12574	71	0	5	0	928,936,944,952
2282	14341	2	4	5	1	0	0	2	21	76	3	27	12574	71	0	5	0	928,936,944,952
2282	14342	2	1	5	1	0	0	2	20	77	4	28	28956	582	0	5	0	582
2282	14345	2	4	5	1	0	0	2	21	76	3	27	12574	71	0	5	0	928,936,944,952
2282	14346	2	1	5	1	0	0	2	20	77	4	28	28956	582	0	5	0	582
2282	14348	2	2	5	1	0	0	2	24	3	2	28	28956	580	0	5	0	580,582
2282	14353	2	4	5	1	0	0	2	21	76	3	27	12574	71	0	5	0	928,936,944,952
2282	14354	2	1	5	1	0	0	2	20	77	4	28	28956	582	0	5	0	582
2282	14356	2	2	5	1	0	0	2	24	3	2	28	28956	580	0	5	0	580,582
2282	14360	2	2	5	1	0	0	2	24	3	2	28	28956	580	0	5	0	580,582
2282	14369	1	2	6	0	0	0	2	17	94	5	27	12574	79	0	6	0	928,944
2282	14370	2	4	5	1	0	0	2	16	222	6	28	12574	78	0	5	0	78,94,928,944
2282	14372	2	4	5	1	0	0	2	20	77	4	28	12574	78	0	5	0	78,94,928,944
2282	14376	2	4	5	1	0	0	2	20	77	4	28	12574	78	0	5	0	78,94,928,944
2282	14384	2	4	5	1	0	0	2	20	77	4	28	12574	78	0	5	0	78,94,928,944
2282	14401	1	2	6	0	0	0	2	17	94	5	27	12574	79	0	6	0	928,944
2282	14402	2	4	5	1	0	0	2	16	222	6	28	12574	78	0	5	0	78,94,928,944
2282	14404	2	4	5	1	0	0	2	20	77	4	28	12574	78	0	5	0	78,94,928,944
2282	14408	2	4	5	1	0	0	2	20	77	4	28	12574	78	0	5	0	78,94,928,944
2282	14416	2	4	5	1	0	0	2	20	77	4	28	12574	78	0	5	0	78,94,928,944
2282	14432	1	2	6	0	0	0	2	16	222	6	28	12574	94	0	6	0	94,928
2282	14465	2	5	5	1	0	0	3	23	3	2	27	12574	79	0	5	0	896,912,928,944,960
2282	14466	2	1	5	1	0	0	1	20	75	4	28	32640	960	0	5	0	960
2282	14468	2	2	5	1	0	0	3	24	3	2	28	28956	588	0	5	0	588,960
2282	14472	2	2	5	1	0	0	3	24	3	2	28	28956	588	0	5	0	588,960
2282	14480	2	2	5	1	0	0	3	24	3	2	28	28956	588	0	5	0	588,960
2282	14496	2	5	5	1	0	0	3	22	11	3	28	12574	94	0	5	0	94,126,896,928,960
2282	14528	2	5	5	1	0	0	3	22	11	3	28	12574	94	0	5	0	94,126,896,928,960
2282	14593	0	1	7	0	0	0	2	22	11	3	28	32384	960	0	7	0	960
2282	14594	0	1	7	0	0	0	2	23	11	3	29	32384	960	0	7	0	960
2282	14596	0	1	7	0	0	0	2	27	1	1	29	32384	960	0	7	0	960
2282	14600	0	1	7	0	0	0	2	27	1	1	29	32384	960	0	7	0	960
2282	14608	0	1	7	0	0	0	2	27	1	1	29	32384	960	0	7	0	960
2282	14624	0	1	7	0	0	0	2	21	75	4	29	32384	960	0	7	0	960
2282	14656	0	1	7	0	0	0	2	21	75	4	29	32384	960	0	7	0	960
2282	14720	0	1	7	0	0	0	2	27	1	1	29	32384	896	0	7	0	896
2282	14849	2	5	5	1	0	0	4	20	30	4	28	12574	143	0	5	0	832,848,864,880,960
2282	14850	2	1	5	1	0	0	2	19	94	5	29	32128	960	0	5	0	960
2282	14852	2	1	5	1	0	0	2	21	77	4	29	32128	960	0	5	0	960
2282	14856	2	1	5	1	0	0	2	21	77	4	29	32128	960	0	5	0	960
2282	14864	2	1	5	1	0	0	2	21	77	4	29	32128	960	0	5	0	960
2282	14880	2	5	5	1	0	0	4	19	94	5	29	12574	158	0	5	0	158,190,832,864,960
2282	14912	2	5	5	1	0	0	4	19	94	5	29	12574	158	0	5	0	158,190,832,864,960
2282	14976	1	1	6	0	0	0	2	25	3	2	29	32128	896	0	6	0	896
2282	15104	0	1	7	0	0	0	3	24	11	3	30	32128	896	0	7	0	896
2282	15361	2	5	5	1	0	0	4	20	30	4	28	12574	143	0	5	0	832,848,864,880,960
2282	15362	2	1	5	1	0	0	2	19	94	5	29	31616	960	0	5	0	960
2282	15364	2	1	5	1	0	0	2	21	77	4	29	31616	960	0	5	0	960
2282	15368	2	1	5	1	0	0	2	21	77	4	29	31616	960	0	5	0	960
2282	15376	2	1	5	1	0	0	2	21	77	4	29	31616	960	0	5	0	960
2282	15392	2	5	5	1	0	0	4	19	94	5	29	12574	158	0	5	0	158,190,832,864,960
2282	15424	2	5	5	1	0	0	4	19	94	5	29	12574	158	0	5	0	158,190,832,864,960
2282	15488	1	1	6	0	0	0	2	25	3	2	29	31616	896	0	6	0	896
2282	15616	0	1	7	0	0	0	3	24	11	3	30	31616	896	0	7	0	896
2282	15872	1	1	6	0	0	0	4	22	30	4	30	31104	896	0	6	0	896
2282	16399	1	1	6	0	0	0	1	18	75	4	26	31004	913	0	6	0	110
2282	16407	1	1	6	0	0	0	1	18	75	4	26	31004	913	0	6	0	110
2282	16411	1	1	6	0	0	0	1	18	75	4	26	31004	913	0	6	0	110
2282	16413	1	2	6	0	0	0	2	18	75	4	26	31004	912	0	6	0	912,920
2282	16414	0	1	7	0	0	0	1	19	75	4	27	31004	912	0	7	0	912
2282	16423	1	1	6	0	0	0	2	18	75	4	26	12574	787	0	6	0	236
2282	16427	1	1	6	0	0	0	2	18	75	4	26	12574	787	0	6	0	236
2282	16429	2	1	5	1	0	0	1	18	75	4	26	31004	914	0	5	0	914
2282	16430	1	2	6	0	0	0	3	19	75	4	27	12574	786	0	6	0	786,914
2282	16435	1	1	6	0	0	0	2	18	75	4	26	12574	787	0	6	0	236
2282	16437	2	1	5	1	0	0	1	18	75	4	26	31004	914	0	5	0	914
2282	16438	1	2	6	0	0	0	3	19	75	4	27	12574	786	0	6	0	786,914
2282	16441	2	1	5	1	0	0	1	18	75	4	26	31004	914	0	5	0	914
2282	16442	1	2	6	0	0	0	3	19	75	4	27	12574	786	0	6	0	786,914
2282	16444	1	2	6	0	0	0	2	19	75	4	27	31004	912	0	6	0	912,920
2282	16455	1	1	6	0	0	0	2	18	75	4	26	12574	787	0	6	0	236
2282	16459	1	1	6	0	0	0	2	18	75	4	26	12574	787	0	6	0	236
2282	16461	2	1	5	1	0	0	1	18	75	4	26	31004	914	0	5	0	914
2282	16462	1	2	6	0	0	0	3	19	75	4	27	12574	786	0	6	0	786,914
2282	16467	1	1	6	0	0	0	2	18	75	4	26	12574	787	0	6	0	236
2282	16469	2	1	5	1	0	0	1	18	75	4	26	31004	914	0	5	0	914
2282	16470	1	2	6	0	0	0	3	19	75	4	27	12574	786	0	6	0	786,914
2282	16473	2	1	5	1	0	0	1	18	75	4	26	31004	914	0	5	0	914
2282	16474	1	2	6	0	0	0	3	19	75	4	27	12574	786	0	6	0	786,914
2282	16476	1	2	6	0	0	0	2	19	75	4	27	31004	912	0	6	0	912,920
2282	16483	0	1	7	0	0	0	2	18	75	4	26	12574	791	0	7	0	232
2282	16485	2	2	5	1	0	0	2	18	75	4	26	12574	791	0	5	0	232,790
2282	16486	0	1	7	0	0	0	2	19	75	4	27	12574	790	0	7	0	790
2282	16489	2	2	5	1	0	0	2	18	75	4	26	12574	791	0	5	0	232,790
2282	16490	0	1	7	0	0	0	2	19	75	4	27	12574	790	0	7	0	790
2282	16492	2	3	5	1	0	0	3	19	75	4	27	12574	790	0	5	0	788,790,916
2282	16497	2	2	5	1	0	0	2	18	75	4	26	12574	791	0	5	0	232,790
2282	16498	0	1	7	0	0	0	2	19	75	4	27	12574	790	0	7	0	790
2282	16500	2	3	5	1	0	0	3	19	75	4	27	12574	790	0	5	0	788,790,916
2282	16504	2	3	5	1	0	0	3	19	75	4	27	12574	790	0	5	0	788,790,916
2282	16519	2	2	5	1	0	0	3	16	94	5	26	12574	787	0	5	0	108,236
2282	16523	2	2	5	1	0	0	3	16	94	5	26	12574	787	0	5	0	108,236
2282	16525	1	1	6	0	0	0	1	16	94	5	26	31004	914	0	6	0	914
2282	16526	1	1	6	0	0	0	1	15	222	6	27	31004	914	0	6	0	914
2282	16531	2	2	5	1	0	0	3	16	94	5	26	12574	787	0	5	0	108,236
2282	16533	1	1	6	0	0	0	1	16	94	5	26	31004	914	0	6	0	914
2282	16534	1	1	6	0	0	0	1	15	222	6	27	31004	914	0	6	0	914
2282	16537	1	1	6	0	0	0	1	16	94	5	26	31004	914	0	6	0	914
2282	16538	1	1	6	0	0	0	1	15	222	6	27	31004	914	0	6	0	914
2282	16540	0	1	7	0	0	0	2	15	222	6	27	31004	912	0	7	0	912
2282	16547	1	1	6	0	0	0	2	18	77	4	26	12574	791	0	6	0	232
2282	16549	2	2	5	1	0	0	2	18	77	4	26	28956	790	0	5	0	790,918
2282	16550	1	1	6	0	0	0	2	17	94	5	27	12574	790	0	6	0	790
2282	16553	2	2	5	1	0	0	2	18	77	4	26	28956	790	0	5	0	790,918
2282	16554	1	1	6	0	0	0	2	17	94	5	27	12574	790	0	6	0	790
2282	16556	1	1	6	0	0	0	1	17	94	5	27	31004	916	0	6	0	916
2282	16561	2	2	5	1	0	0	2	18	77	4	26	28956	790	0	5	0	790,918
2282	16562	1	1	6	0	0	0	2	17	94	5	27	12574	790	0	6	0	790
2282	16564	1	1	6	0	0	0	1	17	94	5	27	31004	916	0	6	0	916
2282	16568	1	1	6	0	0	0	1	17	94	5	27	31004	916	0	6	0	916
2282	16579	1	1	6	0	0	0	2	18	77	4	26	12574	791	0	6	0	232
2282	16581	2	2	5	1	0	0	2	18	77	4	26	28956	790	0	5	0	790,918
2282	16582	1	1	6	0	0	0	2	17	94	5	27	12574	790	0	6	0	790
2282	16585	2	2	5	1	0	0	2	18	77	4	26	28956	790	0	5	0	790,918
2282	16586	1	1	6	0	0	0	2	17	94	5	27	12574	790	0	6	0	790
2282	16588	1	1	6	0	0	0	1	17	94	5	27	31004	916	0	6	0	916
2282	16593	2	2	5	1	0	0	2	18	77	4	26	28956	790	0	5	0	790,918
2282	16594	1	1	6	0	0	0	2	17	94	5	27	12574	790	0	6	0	790
2282	16596	1	1	6	0	0	0	1	17	94	5	27	31004	916	0	6	0	916
2282	16600	1	1	6	0	0	0	1	17	94	5	27	31004	916	0	6	0	916
2282	16609	1	1	6	0	0	0	1	20	11	3	26	28956	798	0	6	0	798
2282	16610	0	1	7	0	0	0	2	19	77	4	27	12574	798	0	7	0	798
2282	16612	1	1	6	0	0	0	1	19	77	4	27	28956	796	0	6	0	796
2282	16616	1	1	6	0	0	0	1	19	77	4	27	28956	796	0	6	0	796
2282	16624	1	1	6	0	0	0	1	19	77	4	27	28956	796	0	6	0	796
2282	16647	2	2	5	1	0	0	3	19	77	4	27	12574	771	0	5	0	124,252
2282	16651	2	2	5	1	0	0	3	19	77	4	27	12574	771	0	5	0	124,252
2282	16653	2	3	5	1	0	0	2	19	77	4	27	31004	898	0	5	0	898,912,914
2282	16654	1	1	6	0	0	0	1	22	11	3	28	31004	898	0	6	0	898
2282	16659	2	2	5	1	0	0	3	19	77	4	27	12574	771	0	5	0	124,252
2282	16661	2	3	5	1	0	0	2	19	77	4	27	31004	898	0	5	0	898,912,914
2282	16662	1	1	6	0	0	0	1	22	11	3	28	31004	898	0	6	0	898
2282	16665	2	3	5	1	0	0	2	19	77	4	27	31004	898	0	5	0	898,912,914
2282	16666	1	1	6	0	0	0	1	22	11	3	28	31004	898	0	6	0	898
2282	16668	0	1	7	0	0	0	1	22	11	3	28	31104	912	0	7	0	912
2282	16675	1	1	6	0	0	0	2	17	94	5	27	12574	775	0	6	0	248
2282	16677	3	3	4	1	0	0	3	17	94	5	27	12574	775	0	4	0	248,774,902
2282	16678	1	1	6	0	0	0	2	20	77	4	28	12574	774	0	6	0	774
2282	16681	3	3	4	1	0	0	3	17	94	5	27	12574	775	0	4	0	248,774,902
2282	16682	1	1	6	0	0	0	2	20	77	4	28	12574	774	0	6	0	774
2282	16684	2	3	5	1	0	0	2	20	77	4	28	31004	900	0	5	0	900,912,916
2282	16689	3	3	4	1	0	0	3	17	94	5	27	12574	775	0	4	0	248,774,902
2282	16690	1	1	6	0	0	0	2	20	77	4	28	12574	774	0	6	0	774
2282	16692	2	3	5	1	0	0	2	20	77	4	28	31004	900	0	5	0	900,912,916
2282	16696	2	3	5	1	0	0	2	20	77	4	28	31004	900	0	5	0	900,912,916
2282	16707	1	1	6	0	0	0	2	17	94	5	27	12574	775	0	6	0	248
2282	16709	3	3	4	1	0	0	3	17	94	5	27	12574	775	0	4	0	248,774,902
2282	16710	1	1	6	0	0	0	2	20	77	4	28	12574	774	0	6	0	774
2282	16713	3	3	4	1	0	0	3	17	94	5	27	12574	775	0	4	0	248,774,902
2282	16714	1	1	6	0	0	0	2	20	77	4	28	12574	774	0	6	0	774
2282	16716	2	3	5	1	0	0	2	20	77	4	28	31004	900	0	5	0	900,912,916
2282	16721	3	3	4	1	0	0	3	17	94	5	27	12574	775	0	4	0	248,774,902
2282	16722	1	1	6	0	0	0	2	20	77	4	28	12574	774	0	6	0	774
2282	16724	2	3	5	1	0	0	2	20	77	4	28	31004	900	0	5	0	900,912,916
2282	16728	2	3	5	1	0	0	2	20	77	4	28	31004	900	0	5	0	900,912,916
2282	16737	2	2	5	1	0	0	2	15	222	6	27	12574	783	0	5	0	240,782
2282	16738	0	1	7	0	0	0	2	18	94	5	28	12574	782	0	7	0	782
2282	16740	2	2	5	1	0	0	2	18	94	5	28	12574	782	0	5	0	780,782
2282	16744	2	2	5	1	0	0	2	18	94	5	28	12574	782	0	5	0	780,782
2282	16752	2	2	5	1	0	0	2	18	94	5	28	12574	782	0	5	0	780,782
2282	16771	2	1	5	1	0	0	2	19	236	5	27	12574	775	0	5	0	248
2282	16773	2	1	5	1	0	0	1	19	236	5	27	31004	902	0	5	0	902
2282	16774	2	2	5	1	0	0	3	18	94	5	28	12574	774	0	5	0	774,902
2282	16777	2	1	5	1	0	0	1	19	236	5	27	31004	902	0	5	0	902
2282	16778	2	2	5	1	0	0	3	18	94	5	28	12574	774	0	5	0	774,902
2282	16780	1	1	6	0	0	0	1	18	94	5	28	31004	900	0	6	0	900
2282	16785	2	1	5	1	0	0	1	19	236	5	27	31004	902	0	5	0	902
2282	16786	2	2	5	1	0	0	3	18	94	5	28	12574	774	0	5	0	774,902
2282	16788	1	1	6	0	0	0	1	18	94	5	28	31004	900	0	6	0	900
2282	16792	1	1	6	0	0	0	1	18	94	5	28	31004	900	0	6	0	900
2282	16801	2	1	5	1	0	0	1	17	94	5	27	28956	782	0	5	0	782
2282	16802	1	1	6	0	0	0	2	20	236	5	28	12574	782	0	6	0	782
2282	16804	2	2	5	1	0	0	2	20	236	5	28	28956	780	0	5	0	780,908
2282	16808	2	2	5	1	0	0	2	20	236	5	28	28956	780	0	5	0	780,908
2282	16816	2	2	5	1	0	0	2	20	236	5	28	28956	780	0	5	0	780,908
2282	16833	2	1	5	1	0	0	1	17	94	5	27	28956	782	0	5	0	782
2282	16834	1	1	6	0	0	0	2	20	236	5	28	12574	782	0	6	0	782
2282	16836	2	2	5	1	0	0	2	20	236	5	28	28956	780	0	5	0	780,908
2282	16840	2	2	5	1	0	0	2	20	236	5	28	28956	780	0	5	0	780,908
2282	16848	2	2	5	1	0	0	2	20	236	5	28	28956	780	0	5	0	780,908
2282	16864	1	1	6	0	0	0	1	18	94	5	28	28956	796	0	6	0	796
2282	16903	2	2	5	1	0	0	3	19	77	4	27	12574	803	0	5	0	92,220
2282	16907	2	2	5	1	0	0	3	19	77	4	27	12574	803	0	5	0	92,220
2282	16909	2	2	5	1	0	0	3	17	94	5	27	31004	930	0	5	0	930,944
2282	16910	1	1	6	0	0	0	1	18	94	5	28	31004	930	0	6	0	930
2282	16915	2	2	5	1	0	0	3	19	77	4	27	12574	803	0	5	0	92,220
2282	16917	2	2	5	1	0	0	3	17	94	5	27	31004	930	0	5	0	930,944
2282	16918	1	1	6	0	0	0	1	18	94	5	28	31004	930	0	6	0	930
2282	16921	2	2	5	1	0	0	3	17	94	5	27	31004	930	0	5	0	930,944
2282	16922	1	1	6	0	0	0	1	18	94	5	28	31004	930	0	6	0	930
2282	16924	1	2	6	0	0	0	3	16	222	6	28	31004	928	0	6	0	928,944
2282	16931	1	1	6	0	0	0	2	21	11	3	27	12574	807	0	6	0	216
2282	16933	3	5	4	1	0	0	6	19	77	4	27	12574	807	0	4	0	216,806,934,944,976
2282	16934	1	1	6	0	0	0	2	20	77	4	28	12574	806	0	6	0	806
2282	16937	3	5	4	1	0	0	6	19	77	4	27	12574	807	0	4	0	216,806,934,944,976
2282	16938	1	1	6	0	0	0	2	20	77	4	28	12574	806	0	6	0	806
2282	16940	2	2	5	1	0	0	3	18	94	5	28	31004	932	0	5	0	932,944
2282	16945	3	5	4	1	0	0	6	19	77	4	27	12574	807	0	4	0	216,806,934,944,976
2282	16946	1	1	6	0	0	0	2	20	77	4	28	12574	806	0	6	0	806
2282	16948	2	2	5	1	0	0	3	18	94	5	28	31004	932	0	5	0	932,944
2282	16952	2	2	5	1	0	0	3	18	94	5	28	31004	932	0	5	0	932,944
2282	16963	1	1	6	0	0	0	2	21	11	3	27	12574	807	0	6	0	216
2282	16965	3	5	4	1	0	0	6	19	77	4	27	12574	807	0	4	0	216,806,934,944,976
2282	16966	1	1	6	0	0	0	2	20	77	4	28	12574	806	0	6	0	806
2282	16969	3	5	4	1	0	0	6	19	77	4	27	12574	807	0	4	0	216,806,934,944,976
2282	16970	1	1	6	0	0	0	2	20	77	4	28	12574	806	0	6	0	806
2282	16972	2	2	5	1	0	0	3	18	94	5	28	31004	932	0	5	0	932,944
2282	16977	3	5	4	1	0	0	6	19	77	4	27	12574	807	0	4	0	216,806,934,944,976
2282	16978	1	1	6	0	0	0	2	20	77	4	28	12574	806	0	6	0	806
2282	16980	2	2	5	1	0	0	3	18	94	5	28	31004	932	0	5	0	932,944
2282	16984	2	2	5	1	0	0	3	18	94	5	28	31004	932	0	5	0	932,944
2282	16993	2	5	5	1	0	0	3	21	11	3	27	12574	815	0	5	0	208,464,720,814,976
2282	16994	0	1	7	0	0	0	2	22	11	3	28	12574	814	0	7	0	814
2282	16996	2	2	5	1	0	0	2	20	77	4	28	12574	814	0	5	0	812,814
2282	17000	2	2	5	1	0	0	2	20	77	4	28	12574	814	0	5	0	812,814
2282	17008	2	2	5	1	0	0	2	20	77	4	28	12574	814	0	5	0	812,814
2282	17027	2	1	5	1	0	0	2	21	13	3	27	12574	807	0	5	0	216
2282	17029	2	4	5	1	0	0	3	19	77	4	27	31004	934	0	5	0	928,930,932,934
2282	17030	2	5	5	1	0	0	5	18	94	5	28	12574	806	0	5	0	806,928,930,932,934
2282	17033	2	4	5	1	0	0	3	19	77	4	27	31004	934	0	5	0	928,930,932,934
2282	17034	2	5	5	1	0	0	5	18	94	5	28	12574	806	0	5	0	806,928,930,932,934
2282	17036	1	2	6	0	0	0	3	16	222	6	28	31004	932	0	6	0	928,932
2282	17041	2	4	5	1	0	0	3	19	77	4	27	31004	934	0	5	0	928,930,932,934
2282	17042	2	5	5	1	0	0	5	18	94	5	28	12574	806	0	5	0	806,928,930,932,934
2282	17044	1	2	6	0	0	0	3	16	222	6	28	31004	932	0	6	0	928,932
2282	17048	1	2	6	0	0	0	3	16	222	6	28	31004	932	0	6	0	928,932
2282	17057	2	1	5	1	0	0	1	23	3	2	27	28956	814	0	5	0	814
2282	17058	1	1	6	0	0	0	2	22	13	3	28	12574	814	0	6	0	814
2282	17060	2	5	5	1	0	0	4	20	77	4	28	28956	812	0	5	0	812,928,932,936,940
2282	17064	2	5	5	1	0	0	4	20	77	4	28	28956	812	0	5	0	812,928,932,936,940
2282	17072	2	5	5	1	0	0	4	20	77	4	28	28956	812	0	5	0	812,928,932,936,940
2282	17089	2	1	5	1	0	0	1	23	3	2	27	28956	814	0	5	0	814
2282	17090	1	1	6	0	0	0	2	22	13	3	28	12574	814	0	6	0	814
2282	17092	2	5	5	1	0	0	4	20	77	4	28	28956	812	0	5	0	812,928,932,936,940
2282	17096	2	5	5	1	0	0	4	20	77	4	28	28956	812	0	5	0	812,928,932,936,940
2282	17104	2	5	5	1	0	0	4	20	77	4	28	28956	812	0	5	0	812,928,932,936,940
2282	17120	1	1	6	0	0	0	1	24	3	2	28	28956	828	0	6	0	828
2282	17155	2	2	5	1	0	0	5	20	86	4	28	12574	775	0	5	0	248,992
2282	17157	2	2	5	1	0	0	5	20	236	5	28	31104	928	0	5	0	928,992
2282	17158	2	4	5	1	0	0	8	21	86	4	29	12574	774	0	5	0	774,902,928,992
2282	17161	2	2	5	1	0	0	5	20	236	5	28	31104	928	0	5	0	928,992
2282	17162	2	4	5	1	0	0	8	21	86	4	29	12574	774	0	5	0	774,902,928,992
2282	17164	1	1	6	0	0	0	2	19	94	5	29	31104	928	0	6	0	928
2282	17169	2	2	5	1	0	0	5	20	236	5	28	31104	928	0	5	0	928,992
2282	17170	2	4	5	1	0	0	8	21	86	4	29	12574	774	0	5	0	774,902,928,992
2282	17172	1	1	6	0	0	0	2	19	94	5	29	31104	928	0	6	0	928
2282	17176	1	1	6	0	0	0	2	19	94	5	29	31104	928	0	6	0	928
2282	17185	2	1	5	1	0	0	3	18	94	5	28	32128	992	0	5	0	992
2282	17186	1	1	6	0	0	0	2	21	86	4	29	12574	782	0	6	0	782
2282	17188	2	2	5	1	0	0	5	21	236	5	29	31104	928	0	5	0	928,992
2282	17192	2	2	5	1	0	0	5	21	236	5	29	31104	928	0	5	0	928,992
2282	17200	2	2	5	1	0	0	5	21	236	5	29	31104	928	0	5	0	928,992
2282	17217	2	1	5	1	0	0	3	18	94	5	28	32128	992	0	5	0	992
2282	17218	1	1	6	0	0	0	2	21	86	4	29	12574	782	0	6	0	782
2282	17220	2	2	5	1	0	0	5	21	236	5	29	31104	928	0	5	0	928,992
2282	17224	2	2	5	1	0	0	5	21	236	5	29	31104	928	0	5	0	928,992
2282	17232	2	2	5	1	0	0	5	21	236	5	29	31104	928	0	5	0	928,992
2282	17248	2	3	5	1	0	0	5	19	94	5	29	12574	798	0	5	0	796,798,992
2282	17281	2	1	5	1	0	0	3	20	77	4	28	32128	960	0	5	0	960
2282	17282	2	2	5	1	0	0	5	21	86	4	29	12574	782	0	5	0	782,960
2282	17284	2	5	5	1	0	0	6	19	94	5	29	31004	908	0	5	0	896,900,904,908,960
2282	17288	2	5	5	1	0	0	6	19	94	5	29	31004	908	0	5	0	896,900,904,908,960
2282	17296	2	5	5	1	0	0	6	19	94	5	29	31004	908	0	5	0	896,900,904,908,960
2282	17312	2	2	5	1	0	0	4	21	77	4	29	28956	796	0	5	0	796,960
2282	17344	2	2	5	1	0	0	4	21	77	4	29	28956	796	0	5	0	796,960
2282	17415	2	2	5	1	0	0	3	19	77	4	27	12574	803	0	5	0	92,220
2282	17419	2	2	5	1	0	0	3	19	77	4	27	12574	803	0	5	0	92,220
2282	17421	2	2	5	1	0	0	3	17	94	5	27	31004	930	0	5	0	930,944
2282	17422	1	1	6	0	0	0	1	18	94	5	28	31004	930	0	6	0	930
2282	17427	2	2	5	1	0	0	3	19	77	4	27	12574	803	0	5	0	92,220
2282	17429	2	2	5	1	0	0	3	17	94	5	27	31004	930	0	5	0	930,944
2282	17430	1	1	6	0	0	0	1	18	94	5	28	31004	930	0	6	0	930
2282	17433	2	2	5	1	0	0	3	17	94	5	27	31004	930	0	5	0	930,944
2282	17434	1	1	6	0	0	0	1	18	94	5	28	31004	930	0	6	0	930
2282	17436	1	2	6	0	0	0	3	16	222	6	28	31004	928	0	6	0	928,944
2282	17443	1	1	6	0	0	0	2	21	11	3	27	12574	807	0	6	0	216
2282	17445	3	5	4	1	0	0	6	19	77	4	27	12574	807	0	4	0	216,806,934,944,976
2282	17446	1	1	6	0	0	0	2	20	77	4	28	12574	806	0	6	0	806
2282	17449	3	5	4	1	0	0	6	19	77	4	27	12574	807	0	4	0	216,806,934,944,976
2282	17450	1	1	6	0	0	0	2	20	77	4	28	12574	806	0	6	0	806
2282	17452	2	2	5	1	0	0	3	18	94	5	28	31004	932	0	5	0	932,944
2282	17457	3	5	4	1	0	0	6	19	77	4	27	12574	807	0	4	0	216,806,934,944,976
2282	17458	1	1	6	0	0	0	2	20	77	4	28	12574	806	0	6	0	806
2282	17460	2	2	5	1	0	0	3	18	94	5	28	31004	932	0	5	0	932,944
2282	17464	2	2	5	1	0	0	3	18	94	5	28	31004	932	0	5	0	932,944
2282	17475	1	1	6	0	0	0	2	21	11	3	27	12574	807	0	6	0	216
2282	17477	3	5	4	1	0	0	6	19	77	4	27	12574	807	0	4	0	216,806,934,944,976
2282	17478	1	1	6	0	0	0	2	20	77	4	28	12574	806	0	6	0	806
2282	17481	3	5	4	1	0	0	6	19	77	4	27	12574	807	0	4	0	216,806,934,944,976
2282	17482	1	1	6	0	0	0	2	20	77	4	28	12574	806	0	6	0	806
2282	17484	2	2	5	1	0	0	3	18	94	5	28	31004	932	0	5	0	932,944
2282	17489	3	5	4	1	0	0	6	19	77	4	27	12574	807	0	4	0	216,806,934,944,976
2282	17490	1	1	6	0	0	0	2	20	77	4	28	12574	806	0	6	0	806
2282	17492	2	2	5	1	0	0	3	18	94	5	28	31004	932	0	5	0	932,944
2282	17496	2	2	5	1	0	0	3	18	94	5	28	31004	932	0	5	0	932,944
2282	17505	2	5	5	1	0	0	3	21	11	3	27	12574	815	0	5	0	208,464,720,814,976
2282	17506	0	1	7	0	0	0	2	22	11	3	28	12574	814	0	7	0	814
2282	17508	2	2	5	1	0	0	2	20	77	4	28	12574	814	0	5	0	812,814
2282	17512	2	2	5	1	0	0	2	20	77	4	28	12574	814	0	5	0	812,814
2282	17520	2	2	5	1	0	0	2	20	77	4	28	12574	814	0	5	0	812,814
2282	17539	2	1	5	1	0	0	2	21	13	3	27	12574	807	0	5	0	216
2282	17541	2	4	5	1	0	0	3	19	77	4	27	31004	934	0	5	0	928,930,932,934
2282	17542	2	5	5	1	0	0	5	18	94	5	28	12574	806	0	5	0	806,928,930,932,934
2282	17545	2	4	5	1	0	0	3	19	77	4	27	31004	934	0	5	0	928,930,932,934
2282	17546	2	5	5	1	0	0	5	18	94	5	28	12574	806	0	5	0	806,928,930,932,934
2282	17548	1	2	6	0	0	0	3	16	222	6	28	31004	932	0	6	0	928,932
2282	17553	2	4	5	1	0	0	3	19	77	4	27	31004	934	0	5	0	928,930,932,934
2282	17554	2	5	5	1	0	0	5	18	94	5	28	12574	806	0	5	0	806,928,930,932,934
2282	17556	1	2	6	0	0	0	3	16	222	6	28	31004	932	0	6	0	928,932
2282	17560	1	2	6	0	0	0	3	16	222	6	28	31004	932	0	6	0	928,932
2282	17569	2	1	5	1	0	0	1	23	3	2	27	28956	814	0	5	0	814
2282	17570	1	1	6	0	0	0	2	22	13	3	28	12574	814	0	6	0	814
2282	17572	2	5	5	1	0	0	4	20	77	4	28	28956	812	0	5	0	812,928,932,936,940
2282	17576	2	5	5	1	0	0	4	20	77	4	28	28956	812	0	5	0	812,928,932,936,940
2282	17584	2	5	5	1	0	0	4	20	77	4	28	28956	812	0	5	0	812,928,932,936,940
2282	17601	2	1	5	1	0	0	1	23	3	2	27	28956	814	0	5	0	814
2282	17602	1	1	6	0	0	0	2	22	13	3	28	12574	814	0	6	0	814
2282	17604	2	5	5	1	0	0	4	20	77	4	28	28956	812	0	5	0	812,928,932,936,940
2282	17608	2	5	5	1	0	0	4	20	77	4	28	28956	812	0	5	0	812,928,932,936,940
2282	17616	2	5	5	1	0	0	4	20	77	4	28	28956	812	0	5	0	812,928,932,936,940
2282	17632	1	1	6	0	0	0	1	24	3	2	28	28956	828	0	6	0	828
2282	17667	2	2	5	1	0	0	5	20	86	4	28	12574	775	0	5	0	248,992
2282	17669	2	2	5	1	0	0	5	20	236	5	28	31104	928	0	5	0	928,992
2282	17670	2	4	5	1	0	0	8	21	86	4	29	12574	774	0	5	0	774,902,928,992
2282	17673	2	2	5	1	0	0	5	20	236	5	28	31104	928	0	5	0	928,992
2282	17674	2	4	5	1	0	0	8	21	86	4	29	12574	774	0	5	0	774,902,928,992
2282	17676	1	1	6	0	0	0	2	19	94	5	29	31104	928	0	6	0	928
2282	17681	2	2	5	1	0	0	5	20	236	5	28	31104	928	0	5	0	928,992
2282	17682	2	4	5	1	0	0	8	21	86	4	29	12574	774	0	5	0	774,902,928,992
2282	17684	1	1	6	0	0	0	2	19	94	5	29	31104	928	0	6	0	928
2282	17688	1	1	6	0	0	0	2	19	94	5	29	31104	928	0	6	0	928
2282	17697	2	1	5	1	0	0	3	18	94	5	28	31616	992	0	5	0	992
2282	17698	1	1	6	0	0	0	2	21	86	4	29	12574	782	0	6	0	782
2282	17700	2	2	5	1	0	0	5	21	236	5	29	31104	928	0	5	0	928,992
2282	17704	2	2	5	1	0	0	5	21	236	5	29	31104	928	0	5	0	928,992
2282	17712	2	2	5	1	0	0	5	21	236	5	29	31104	928	0	5	0	928,992
2282	17729	2	1	5	1	0	0	3	18	94	5	28	31616	992	0	5	0	992
2282	17730	1	1	6	0	0	0	2	21	86	4	29	12574	782	0	6	0	782
2282	17732	2	2	5	1	0	0	5	21	236	5	29	31104	928	0	5	0	928,992
2282	17736	2	2	5	1	0	0	5	21	236	5	29	31104	928	0	5	0	928,992
2282	17744	2	2	5	1	0	0	5	21	236	5	29	31104	928	0	5	0	928,992
2282	17760	2	3	5	1	0	0	5	19	94	5	29	12574	798	0	5	0	796,798,992
2282	17793	2	1	5	1	0	0	3	20	77	4	28	31616	960	0	5	0	960
2282	17794	2	2	5	1	0	0	5	21	86	4	29	12574	782	0	5	0	782,960
2282	17796	2	5	5	1	0	0	6	19	94	5	29	31004	908	0	5	0	896,900,904,908,960
2282	17800	2	5	5	1	0	0	6	19	94	5	29	31004	908	0	5	0	896,900,904,908,960
2282	17808	2	5	5	1	0	0	6	19	94	5	29	31004	908	0	5	0	896,900,904,908,960
2282	17824	2	2	5	1	0	0	4	21	77	4	29	28956	796	0	5	0	796,960
2282	17856	2	2	5	1	0	0	4	21	77	4	29	28956	796	0	5	0	796,960
2282	17923	1	1	6	0	0	0	4	24	3	2	28	31104	992	0	6	0	992
2282	17925	1	1	6	0	0	0	4	20	77	4	28	31104	992	0	6	0	992
2282	17926	1	1	6	0	0	0	4	21	77	4	29	31104	992	0	6	0	992
2282	17929	1	1	6	0	0	0	4	20	77	4	28	31104	992	0	6	0	992
2282	17930	1	1	6	0	0	0	4	21	77	4	29	31104	992	0	6	0	992
2282	17932	1	1	6	0	0	0	4	17	222	6	29	31104	992	0	6	0	992
2282	17937	1	1	6	0	0	0	4	20	77	4	28	31104	992	0	6	0	992
2282	17938	1	1	6	0	0	0	4	21	77	4	29	31104	992	0	6	0	992
2282	17940	1	1	6	0	0	0	4	17	222	6	29	31104	992	0	6	0	992
2282	17944	1	1	6	0	0	0	4	17	222	6	29	31104	992	0	6	0	992
2282	17953	1	2	6	0	0	0	5	24	3	2	28	31104	992	0	6	0	928,992
2282	17954	1	2	6	0	0	0	6	25	3	2	29	12574	846	0	6	0	846,992
2282	17956	1	1	6	0	0	0	4	21	77	4	29	31104	992	0	6	0	992
2282	17960	1	1	6	0	0	0	4	21	77	4	29	31104	992	0	6	0	992
2282	17968	1	1	6	0	0	0	4	21	77	4	29	31104	992	0	6	0	992
2282	17985	1	2	6	0	0	0	5	24	3	2	28	31104	992	0	6	0	928,992
2282	17986	1	2	6	0	0	0	6	25	3	2	29	12574	846	0	6	0	846,992
2282	17988	1	1	6	0	0	0	4	21	77	4	29	31104	992	0	6	0	992
2282	17992	1	1	6	0	0	0	4	21	77	4	29	31104	992	0	6	0	992
2282	18000	1	1	6	0	0	0	4	21	77	4	29	31104	992	0	6	0	992
2282	18016	1	2	6	0	0	0	5	25	3	2	29	31104	992	0	6	0	928,992
2282	18049	0	1	7	0	0	0	4	26	1	1	28	31104	960	0	7	0	960
2282	18050	0	1	7	0	0	0	4	25	3	2	29	31104	960	0	7	0	960
2282	18052	0	1	7	0	0	0	4	21	75	4	29	31104	960	0	7	0	960
2282	18056	0	1	7	0	0	0	4	21	75	4	29	31104	960	0	7	0	960
2282	18064	0	1	7	0	0	0	4	21	75	4	29	31104	960	0	7	0	960
2282	18080	0	1	7	0	0	0	4	27	1	1	29	31104	960	0	7	0	960
2282	18112	0	1	7	0	0	0	4	27	1	1	29	31104	960	0	7	0	960
2282	18177	0	1	7	0	0	0	5	21	77	4	29	31104	960	0	7	0	960
2282	18178	0	1	7	0	0	0	5	24	76	3	30	31104	960	0	7	0	960
2282	18180	0	1	7	0	0	0	5	20	94	5	30	31104	960	0	7	0	960
2282	18184	0	1	7	0	0	0	5	20	94	5	30	31104	960	0	7	0	960
2282	18192	0	1	7	0	0	0	5	20	94	5	30	31104	960	0	7	0	960
2282	18208	0	1	7	0	0	0	5	22	77	4	30	31104	960	0	7	0	960
2282	18240	0	1	7	0	0	0	5	22	77	4	30	31104	960	0	7	0	960
2282	18304	0	1	7	0	0	0	5	24	11	3	30	31104	896	0	7	0	896
2282	18439	0	1	7	0	0	0	3	17	94	5	27	12574	803	0	7	0	220
2282	18443	0	1	7	0	0	0	3	17	94	5	27	12574	803	0	7	0	220
2282	18445	1	1	6	0	0	0	2	17	94	5	27	28956	802	0	6	0	802
2282	18446	0	1	7	0	0	0	3	16	222	6	28	12574	802	0	7	0	802
2282	18451	0	1	7	0	0	0	3	17	94	5	27	12574	803	0	7	0	220
2282	18453	1	1	6	0	0	0	2	17	94	5	27	28956	802	0	6	0	802
2282	18454	0	1	7	0	0	0	3	16	222	6	28	12574	802	0	7	0	802
2282	18457	1	1	6	0	0	0	2	17	94	5	27	28956	802	0	6	0	802
2282	18458	0	1	7	0	0	0	3	16	222	6	28	12574	802	0	7	0	802
2282	18460	1	2	6	0	0	0	3	16	222	6	28	28956	800	0	6	0	800,816
2282	18467	0	1	7	0	0	0	3	17	94	5	27	12574	807	0	7	0	216
2282	18469	1	1	6	0	0	0	2	17	94	5	27	28956	806	0	6	0	806
2282	18470	0	1	7	0	0	0	3	16	222	6	28	12574	806	0	7	0	806
2282	18473	1	1	6	0	0	0	2	17	94	5	27	28956	806	0	6	0	806
2282	18474	0	1	7	0	0	0	3	16	222	6	28	12574	806	0	7	0	806
2282	18476	1	1	6	0	0	0	2	16	222	6	28	28956	804	0	6	0	804
2282	18481	1	1	6	0	0	0	2	17	94	5	27	28956	806	0	6	0	806
2282	18482	0	1	7	0	0	0	3	16	222	6	28	12574	806	0	7	0	806
2282	18484	1	1	6	0	0	0	2	16	222	6	28	28956	804	0	6	0	804
2282	18488	1	1	6	0	0	0	2	16	222	6	28	28956	804	0	6	0	804
2282	18499	0	1	7	0	0	0	3	17	94	5	27	12574	807	0	7	0	216
2282	18501	1	1	6	0	0	0	2	17	94	5	27	28956	806	0	6	0	806
2282	18502	0	1	7	0	0	0	3	16	222	6	28	12574	806	0	7	0	806
2282	18505	1	1	6	0	0	0	2	17	94	5	27	28956	806	0	6	0	806
2282	18506	0	1	7	0	0	0	3	16	222	6	28	12574	806	0	7	0	806
2282	18508	1	1	6	0	0	0	2	16	222	6	28	28956	804	0	6	0	804
2282	18513	1	1	6	0	0	0	2	17	94	5	27	28956	806	0	6	0	806
2282	18514	0	1	7	0	0	0	3	16	222	6	28	12574	806	0	7	0	806
2282	18516	1	1	6	0	0	0	2	16	222	6	28	28956	804	0	6	0	804
2282	18520	1	1	6	0	0	0	2	16	222	6	28	28956	804	0	6	0	804
2282	18529	1	1	6	0	0	0	2	17	94	5	27	28956	814	0	6	0	814
2282	18530	0	1	7	0	0	0	3	16	222	6	28	12574	814	0	7	0	814
2282	18532	1	1	6	0	0	0	2	16	222	6	28	28956	812	0	6	0	812
2282	18536	1	1	6	0	0	0	2	16	222	6	28	28956	812	0	6	0	812
2282	18544	1	1	6	0	0	0	2	16	222	6	28	28956	812	0	6	0	812
2282	18563	0	1	7	0	0	0	3	19	77	4	27	12574	807	0	7	0	216
2282	18565	0	1	7	0	0	0	2	19	77	4	27	28956	806	0	7	0	806
2282	18566	0	1	7	0	0	0	3	16	222	6	28	12574	806	0	7	0	806
2282	18569	0	1	7	0	0	0	2	19	77	4	27	28956	806	0	7	0	806
2282	18570	0	1	7	0	0	0	3	16	222	6	28	12574	806	0	7	0	806
2282	18572	0	1	7	0	0	0	2	16	222	6	28	28956	804	0	7	0	804
2282	18577	0	1	7	0	0	0	2	19	77	4	27	28956	806	0	7	0	806
2282	18578	0	1	7	0	0	0	3	16	222	6	28	12574	806	0	7	0	806
2282	18580	0	1	7	0	0	0	2	16	222	6	28	28956	804	0	7	0	804
2282	18584	0	1	7	0	0	0	2	16	222	6	28	28956	804	0	7	0	804
2282	18593	0	1	7	0	0	0	2	21	13	3	27	28956	814	0	7	0	814
2282	18594	0	1	7	0	0	0	3	18	94	5	28	12574	814	0	7	0	814
2282	18596	0	1	7	0	0	0	2	18	94	5	28	28956	812	0	7	0	812
2282	18600	0	1	7	0	0	0	2	18	94	5	28	28956	812	0	7	0	812
2282	18608	0	1	7	0	0	0	2	18	94	5	28	28956	812	0	7	0	812
2282	18625	0	1	7	0	0	0	2	21	13	3	27	28956	814	0	7	0	814
2282	18626	0	1	7	0	0	0	3	18	94	5	28	12574	814	0	7	0	814
2282	18628	0	1	7	0	0	0	2	18	94	5	28	28956	812	0	7	0	812
2282	18632	0	1	7	0	0	0	2	18	94	5	28	28956	812	0	7	0	812
2282	18640	0	1	7	0	0	0	2	18	94	5	28	28956	812	0	7	0	812
2282	18656	0	1	7	0	0	0	2	20	30	4	28	28956	828	0	7	0	828
2282	18691	0	1	7	0	0	0	3	20	86	4	28	12574	775	0	7	0	248
2282	18693	1	1	6	0	0	0	2	20	86	4	28	28956	774	0	6	0	774
2282	18694	0	1	7	0	0	0	3	21	30	4	29	12574	774	0	7	0	774
2282	18697	1	1	6	0	0	0	2	20	86	4	28	28956	774	0	6	0	774
2282	18698	0	1	7	0	0	0	3	21	30	4	29	12574	774	0	7	0	774
2282	18700	1	2	6	0	0	0	2	21	30	4	29	28956	772	0	6	0	772,804
2282	18705	1	1	6	0	0	0	2	20	86	4	28	28956	774	0	6	0	774
2282	18706	0	1	7	0	0	0	3	21	30	4	29	12574	774	0	7	0	774
2282	18708	1	2	6	0	0	0	2	21	30	4	29	28956	772	0	6	0	772,804
2282	18712	1	2	6	0	0	0	2	21	30	4	29	28956	772	0	6	0	772,804
2282	18721	1	1	6	0	0	0	2	18	94	5	28	28956	782	0	6	0	782
2282	18722	0	1	7	0	0	0	3	19	94	5	29	12574	782	0	7	0	782
2282	18724	1	1	6	0	0	0	2	19	94	5	29	28956	780	0	6	0	780
2282	18728	1	1	6	0	0	0	2	19	94	5	29	28956	780	0	6	0	780
2282	18736	1	1	6	0	0	0	2	19	94	5	29	28956	780	0	6	0	780
2282	18753	1	1	6	0	0	0	2	18	94	5	28	28956	782	0	6	0	782
2282	18754	0	1	7	0	0	0	3	19	94	5	29	12574	782	0	7	0	782
2282	18756	1	1	6	0	0	0	2	19	94	5	29	28956	780	0	6	0	780
2282	18760	1	1	6	0	0	0	2	19	94	5	29	28956	780	0	6	0	780
2282	18768	1	1	6	0	0	0	2	19	94	5	29	28956	780	0	6	0	780
2282	18784	1	1	6	0	0	0	2	17	222	6	29	28956	796	0	6	0	796
2282	18817	0	1	7	0	0	0	2	22	13	3	28	28956	782	0	7	0	782
2282	18818	0	1	7	0	0	0	3	21	77	4	29	12574	782	0	7	0	782
2282	18820	0	1	7	0	0	0	2	21	77	4	29	28956	780	0	7	0	780
2282	18824	0	1	7	0	0	0	2	21	77	4	29	28956	780	0	7	0	780
2282	18832	0	1	7	0	0	0	2	21	77	4	29	28956	780	0	7	0	780
2282	18848	0	1	7	0	0	0	2	21	77	4	29	28956	796	0	7	0	796
2282	18880	0	1	7	0	0	0	2	21	77	4	29	28956	796	0	7	0	796
2282	18947	0	1	7	0	0	0	3	22	13	3	28	12574	839	0	7	0	184
2282	18949	1	1	6	0	0	0	2	20	77	4	28	28956	838	0	6	0	838
2282	18950	0	1	7	0	0	0	3	19	94	5	29	12574	838	0	7	0	838
2282	18953	1	1	6	0	0	0	2	20	77	4	28	28956	838	0	6	0	838
2282	18954	0	1	7	0	0	0	3	19	94	5	29	12574	838	0	7	0	838
2282	18956	1	1	6	0	0	0	2	17	222	6	29	28956	836	0	6	0	836
2282	18961	1	1	6	0	0	0	2	20	77	4	28	28956	838	0	6	0	838
2282	18962	0	1	7	0	0	0	3	19	94	5	29	12574	838	0	7	0	838
2282	18964	1	1	6	0	0	0	2	17	222	6	29	28956	836	0	6	0	836
2282	18968	1	1	6	0	0	0	2	17	222	6	29	28956	836	0	6	0	836
2282	18977	1	1	6	0	0	0	2	22	13	3	28	28956	846	0	6	0	846
2282	18978	0	1	7	0	0	0	3	21	30	4	29	12574	846	0	7	0	846
2282	18980	1	1	6	0	0	0	2	19	94	5	29	28956	844	0	6	0	844
2282	18984	1	1	6	0	0	0	2	19	94	5	29	28956	844	0	6	0	844
2282	18992	1	1	6	0	0	0	2	19	94	5	29	28956	844	0	6	0	844
2282	19009	1	1	6	0	0	0	2	22	13	3	28	28956	846	0	6	0	846
2282	19010	0	1	7	0	0	0	3	21	30	4	29	12574	846	0	7	0	846
2282	19012	1	1	6	0	0	0	2	19	94	5	29	28956	844	0	6	0	844
2282	19016	1	1	6	0	0	0	2	19	94	5	29	28956	844	0	6	0	844
2282	19024	1	1	6	0	0	0	2	19	94	5	29	28956	844	0	6	0	844
2282	19040	1	1	6	0	0	0	2	21	30	4	29	28956	860	0	6	0	860
2282	19073	0	1	7	0	0	0	2	26	1	1	28	28956	846	0	7	0	846
2282	19074	0	1	7	0	0	0	3	23	11	3	29	12574	846	0	7	0	846
2282	19076	0	1	7	0	0	0	2	21	75	4	29	28956	844	0	7	0	844
2282	19080	0	1	7	0	0	0	2	21	75	4	29	28956	844	0	7	0	844
2282	19088	0	1	7	0	0	0	2	21	75	4	29	28956	844	0	7	0	844
2282	19104	0	1	7	0	0	0	2	25	3	2	29	28956	860	0	7	0	860
2282	19136	0	1	7	0	0	0	2	25	3	2	29	28956	860	0	7	0	860
2282	19201	1	1	6	0	0	0	2	23	13	3	29	28956	782	0	6	0	782
2282	19202	0	1	7	0	0	0	3	24	76	3	30	12574	782	0	7	0	782
2282	19204	1	1	6	0	0	0	2	22	77	4	30	28956	780	0	6	0	780
2282	19208	1	1	6	0	0	0	2	22	77	4	30	28956	780	0	6	0	780
2282	19216	1	1	6	0	0	0	2	22	77	4	30	28956	780	0	6	0	780
2282	19232	1	1	6	0	0	0	2	22	77	4	30	28956	796	0	6	0	796
2282	19264	1	1	6	0	0	0	2	22	77	4	30	28956	796	0	6	0	796
2282	19328	0	1	7	0	0	0	2	26	3	2	30	28956	796	0	7	0	796
2282	19459	0	1	7	0	0	0	3	22	13	3	28	12574	839	0	7	0	184
2282	19461	1	1	6	0	0	0	2	20	77	4	28	28956	838	0	6	0	838
2282	19462	0	1	7	0	0	0	3	19	94	5	29	12574	838	0	7	0	838
2282	19465	1	1	6	0	0	0	2	20	77	4	28	28956	838	0	6	0	838
2282	19466	0	1	7	0	0	0	3	19	94	5	29	12574	838	0	7	0	838
2282	19468	1	1	6	0	0	0	2	17	222	6	29	28956	836	0	6	0	836
2282	19473	1	1	6	0	0	0	2	20	77	4	28	28956	838	0	6	0	838
2282	19474	0	1	7	0	0	0	3	19	94	5	29	12574	838	0	7	0	838
2282	19476	1	1	6	0	0	0	2	17	222	6	29	28956	836	0	6	0	836
2282	19480	1	1	6	0	0	0	2	17	222	6	29	28956	836	0	6	0	836
2282	19489	1	1	6	0	0	0	2	22	13	3	28	28956	846	0	6	0	846
2282	19490	0	1	7	0	0	0	3	21	30	4	29	12574	846	0	7	0	846
2282	19492	1	1	6	0	0	0	2	19	94	5	29	28956	844	0	6	0	844
2282	19496	1	1	6	0	0	0	2	19	94	5	29	28956	844	0	6	0	844
2282	19504	1	1	6	0	0	0	2	19	94	5	29	28956	844	0	6	0	844
2282	19521	1	1	6	0	0	0	2	22	13	3	28	28956	846	0	6	0	846
2282	19522	0	1	7	0	0	0	3	21	30	4	29	12574	846	0	7	0	846
2282	19524	1	1	6	0	0	0	2	19	94	5	29	28956	844	0	6	0	844
2282	19528	1	1	6	0	0	0	2	19	94	5	29	28956	844	0	6	0	844
2282	19536	1	1	6	0	0	0	2	19	94	5	29	28956	844	0	6	0	844
2282	19552	1	1	6	0	0	0	2	21	30	4	29	28956	860	0	6	0	860
2282	19585	0	1	7	0	0	0	2	26	1	1	28	28956	846	0	7	0	846
2282	19586	0	1	7	0	0	0	3	23	11	3	29	12574	846	0	7	0	846
2282	19588	0	1	7	0	0	0	2	21	75	4	29	28956	844	0	7	0	844
2282	19592	0	1	7	0	0	0	2	21	75	4	29	28956	844	0	7	0	844
2282	19600	0	1	7	0	0	0	2	21	75	4	29	28956	844	0	7	0	844
2282	19616	0	1	7	0	0	0	2	25	3	2	29	28956	860	0	7	0	860
2282	19648	0	1	7	0	0	0	2	25	3	2	29	28956	860	0	7	0	860
2282	19713	1	1	6	0	0	0	2	23	13	3	29	28956	782	0	6	0	782
2282	19714	0	1	7	0	0	0	3	24	76	3	30	12574	782	0	7	0	782
2282	19716	1	1	6	0	0	0	2	22	77	4	30	28956	780	0	6	0	780
2282	19720	1	1	6	0	0	0	2	22	77	4	30	28956	780	0	6	0	780
2282	19728	1	1	6	0	0	0	2	22	77	4	30	28956	780	0	6	0	780
2282	19744	1	1	6	0	0	0	2	22	77	4	30	28956	796	0	6	0	796
2282	19776	1	1	6	0	0	0	2	22	77	4	30	28956	796	0	6	0	796
2282	19840	0	1	7	0	0	0	2	26	3	2	30	28956	796	0	7	0	796
2282	19969	1	2	6	0	0	0	6	27	1	1	29	28956	910	0	6	0	910,960
2282	19970	0	1	7	0	0	0	3	26	3	2	30	12574	910	0	7	0	910
2282	19972	1	2	6	0	0	0	6	22	75	4	30	28956	908	0	6	0	908,960
2282	19976	1	2	6	0	0	0	6	22	75	4	30	28956	908	0	6	0	908,960
2282	19984	1	2	6	0	0	0	6	22	75	4	30	28956	908	0	6	0	908,960
2282	20000	1	2	6	0	0	0	6	26	3	2	30	28956	924	0	6	0	924,960
2282	20032	1	2	6	0	0	0	6	26	3	2	30	28956	924	0	6	0	924,960
2282	20096	0	8	7	0	0	0	6	30	0	0	30	28956	924	0	7	0	896,900,904,908,912,916,920,924
2282	20224	0	1	7	0	0	0	5	27	3	2	31	31104	896	0	7	0	896
2282	20487	2	2	5	1	0	0	3	17	94	5	27	12574	547	0	5	0	220,476
2282	20491	2	2	5	1	0	0	3	17	94	5	27	12574	547	0	5	0	220,476
2282	20493	2	1	5	1	0	0	1	19	77	4	27	31004	802	0	5	0	802
2282	20494	1	1	6	0	0	0	1	20	77	4	28	31004	802	0	6	0	802
2282	20499	2	2	5	1	0	0	3	17	94	5	27	12574	547	0	5	0	220,476
2282	20501	2	1	5	1	0	0	1	19	77	4	27	31004	802	0	5	0	802
2282	20502	1	1	6	0	0	0	1	20	77	4	28	31004	802	0	6	0	802
2282	20505	2	1	5	1	0	0	1	19	77	4	27	31004	802	0	5	0	802
2282	20506	1	1	6	0	0	0	1	20	77	4	28	31004	802	0	6	0	802
2282	20508	1	2	6	0	0	0	2	22	11	3	28	31004	800	0	6	0	800,816
2282	20515	1	1	6	0	0	0	2	15	222	6	27	12574	551	0	6	0	472
2282	20517	2	1	5	1	0	0	1	17	94	5	27	12574	551	0	5	0	472
2282	20518	1	1	6	0	0	0	2	18	94	5	28	12574	550	0	6	0	550
2282	20521	2	1	5	1	0	0	1	17	94	5	27	12574	551	0	5	0	472
2282	20522	1	1	6	0	0	0	2	18	94	5	28	12574	550	0	6	0	550
2282	20524	2	2	5	1	0	0	2	20	77	4	28	12574	550	0	5	0	550,804
2282	20529	2	1	5	1	0	0	1	17	94	5	27	12574	551	0	5	0	472
2282	20530	1	1	6	0	0	0	2	18	94	5	28	12574	550	0	6	0	550
2282	20532	2	2	5	1	0	0	2	20	77	4	28	12574	550	0	5	0	550,804
2282	20536	2	2	5	1	0	0	2	20	77	4	28	12574	550	0	5	0	550,804
2282	20547	1	1	6	0	0	0	2	15	222	6	27	12574	551	0	6	0	472
2282	20549	2	1	5	1	0	0	1	17	94	5	27	12574	551	0	5	0	472
2282	20550	1	1	6	0	0	0	2	18	94	5	28	12574	550	0	6	0	550
2282	20553	2	1	5	1	0	0	1	17	94	5	27	12574	551	0	5	0	472
2282	20554	1	1	6	0	0	0	2	18	94	5	28	12574	550	0	6	0	550
2282	20556	2	2	5	1	0	0	2	20	77	4	28	12574	550	0	5	0	550,804
2282	20561	2	1	5	1	0	0	1	17	94	5	27	12574	551	0	5	0	472
2282	20562	1	1	6	0	0	0	2	18	94	5	28	12574	550	0	6	0	550
2282	20564	2	2	5	1	0	0	2	20	77	4	28	12574	550	0	5	0	550,804
2282	20568	2	2	5	1	0	0	2	20	77	4	28	12574	550	0	5	0	550,804
2282	20577	1	1	6	0	0	0	1	15	222	6	27	12574	559	0	6	0	464
2282	20578	0	1	7	0	0	0	2	16	222	6	28	12574	558	0	7	0	558
2282	20580	1	1	6	0	0	0	1	18	94	5	28	12574	558	0	6	0	558
2282	20584	1	1	6	0	0	0	1	18	94	5	28	12574	558	0	6	0	558
2282	20592	1	1	6	0	0	0	1	18	94	5	28	12574	558	0	6	0	558
2282	20611	2	1	5	1	0	0	2	17	94	5	27	12574	551	0	5	0	472
2282	20613	2	1	5	1	0	0	1	19	86	4	27	31004	806	0	5	0	806
2282	20614	2	2	5	1	0	0	3	18	94	5	28	12574	550	0	5	0	550,806
2282	20617	2	1	5	1	0	0	1	19	86	4	27	31004	806	0	5	0	806
2282	20618	2	2	5	1	0	0	3	18	94	5	28	12574	550	0	5	0	550,806
2282	20620	1	1	6	0	0	0	1	20	30	4	28	31004	804	0	6	0	804
2282	20625	2	1	5	1	0	0	1	19	86	4	27	31004	806	0	5	0	806
2282	20626	2	2	5	1	0	0	3	18	94	5	28	12574	550	0	5	0	550,806
2282	20628	1	1	6	0	0	0	1	20	30	4	28	31004	804	0	6	0	804
2282	20632	1	1	6	0	0	0	1	20	30	4	28	31004	804	0	6	0	804
2282	20641	2	2	5	1	0	0	2	19	30	4	27	12574	559	0	5	0	464,558
2282	20642	1	1	6	0	0	0	2	18	94	5	28	12574	558	0	6	0	558
2282	20644	2	3	5	1	0	0	3	20	86	4	28	12574	558	0	5	0	556,558,812
2282	20648	2	3	5	1	0	0	3	20	86	4	28	12574	558	0	5	0	556,558,812
2282	20656	2	3	5	1	0	0	3	20	86	4	28	12574	558	0	5	0	556,558,812
2282	20673	2	2	5	1	0	0	2	19	30	4	27	12574	559	0	5	0	464,558
2282	20674	1	1	6	0	0	0	2	18	94	5	28	12574	558	0	6	0	558
2282	20676	2	3	5	1	0	0	3	20	86	4	28	12574	558	0	5	0	556,558,812
2282	20680	2	3	5	1	0	0	3	20	86	4	28	12574	558	0	5	0	556,558,812
2282	20688	2	3	5	1	0	0	3	20	86	4	28	12574	558	0	5	0	556,558,812
2282	20704	1	2	6	0	0	0	2	20	30	4	28	12574	574	0	6	0	572,574
2282	20739	2	5	5	1	0	0	4	18	94	5	28	12574	519	0	5	0	480,488,496,504,992
2282	20741	2	1	5	1	0	0	2	20	77	4	28	32384	992	0	5	0	992
2282	20742	2	6	5	1	0	0	5	23	13	3	29	12574	518	0	5	0	518,526,534,542,774,992
2282	20745	2	1	5	1	0	0	2	20	77	4	28	32384	992	0	5	0	992
2282	20746	2	6	5	1	0	0	5	23	13	3	29	12574	518	0	5	0	518,526,534,542,774,992
2282	20748	2	6	5	1	0	0	6	25	3	2	29	31004	772	0	5	0	772,800,804,864,928,992
2282	20753	2	1	5	1	0	0	2	20	77	4	28	32384	992	0	5	0	992
2282	20754	2	6	5	1	0	0	5	23	13	3	29	12574	518	0	5	0	518,526,534,542,774,992
2282	20756	2	6	5	1	0	0	6	25	3	2	29	31004	772	0	5	0	772,800,804,864,928,992
2282	20760	2	6	5	1	0	0	6	25	3	2	29	31004	772	0	5	0	772,800,804,864,928,992
2282	20769	2	3	5	1	0	0	3	16	222	6	28	12574	527	0	5	0	480,496,992
2282	20770	1	2	6	0	0	0	2	19	94	5	29	12574	526	0	6	0	526,542
2282	20772	2	3	5	1	0	0	3	21	77	4	29	12574	526	0	5	0	526,542,992
2282	20776	2	3	5	1	0	0	3	21	77	4	29	12574	526	0	5	0	526,542,992
2282	20784	2	3	5	1	0	0	3	21	77	4	29	12574	526	0	5	0	526,542,992
2282	20801	2	3	5	1	0	0	3	16	222	6	28	12574	527	0	5	0	480,496,992
2282	20802	1	2	6	0	0	0	2	19	94	5	29	12574	526	0	6	0	526,542
2282	20804	2	3	5	1	0	0	3	21	77	4	29	12574	526	0	5	0	526,542,992
2282	20808	2	3	5	1	0	0	3	21	77	4	29	12574	526	0	5	0	526,542,992
2282	20816	2	3	5	1	0	0	3	21	77	4	29	12574	526	0	5	0	526,542,992
2282	20832	1	1	6	0	0	0	1	17	222	6	29	12574	542	0	6	0	542
2282	20865	2	1	5	1	0	0	2	20	77	4	28	32384	960	0	5	0	960
2282	20866	2	5	5	1	0	0	4	21	77	4	29	12574	526	0	5	0	526,542,558,574,960
2282	20868	2	2	5	1	0	0	3	23	13	3	29	31004	780	0	5	0	780,960
2282	20872	2	2	5	1	0	0	3	23	13	3	29	31004	780	0	5	0	780,960
2282	20880	2	2	5	1	0	0	3	23	13	3	29	31004	780	0	5	0	780,960
2282	20896	2	5	5	1	0	0	4	21	77	4	29	12574	542	0	5	0	540,542,572,574,960
2282	20928	2	5	5	1	0	0	4	21	77	4	29	12574	542	0	5	0	540,542,572,574,960
2282	20995	2	1	5	1	0	0	2	18	94	5	28	12574	583	0	5	0	440
2282	20997	3	5	4	1	0	0	7	20	236	5	28	12574	583	0	4	0	440,838,864,928,992
2282	20998	2	2	5	1	0	0	3	21	236	5	29	12574	582	0	5	0	582,838
2282	21001	3	5	4	1	0	0	7	20	236	5	28	12574	583	0	4	0	440,838,864,928,992
2282	21002	2	2	5	1	0	0	3	21	236	5	29	12574	582	0	5	0	582,838
2282	21004	2	2	5	1	0	0	3	19	94	5	29	31004	836	0	5	0	836,864
2282	21009	3	5	4	1	0	0	7	20	236	5	28	12574	583	0	4	0	440,838,864,928,992
2282	21010	2	2	5	1	0	0	3	21	236	5	29	12574	582	0	5	0	582,838
2282	21012	2	2	5	1	0	0	3	19	94	5	29	31004	836	0	5	0	836,864
2282	21016	2	2	5	1	0	0	3	19	94	5	29	31004	836	0	5	0	836,864
2282	21025	2	2	5	1	0	0	2	18	94	5	28	12574	591	0	5	0	432,928
2282	21026	1	1	6	0	0	0	2	19	94	5	29	12574	590	0	6	0	590
2282	21028	2	1	5	1	0	0	1	21	236	5	29	12574	590	0	5	0	590
2282	21032	2	1	5	1	0	0	1	21	236	5	29	12574	590	0	5	0	590
2282	21040	2	1	5	1	0	0	1	21	236	5	29	12574	590	0	5	0	590
2282	21057	2	2	5	1	0	0	2	18	94	5	28	12574	591	0	5	0	432,928
2282	21058	1	1	6	0	0	0	2	19	94	5	29	12574	590	0	6	0	590
2282	21060	2	1	5	1	0	0	1	21	236	5	29	12574	590	0	5	0	590
2282	21064	2	1	5	1	0	0	1	21	236	5	29	12574	590	0	5	0	590
2282	21072	2	1	5	1	0	0	1	21	236	5	29	12574	590	0	5	0	590
2282	21088	1	1	6	0	0	0	1	19	94	5	29	12574	606	0	6	0	606
2282	21121	2	1	5	1	0	0	2	22	13	3	28	32128	960	0	5	0	960
2282	21122	2	2	5	1	0	0	4	21	77	4	29	12574	590	0	5	0	590,960
2282	21124	2	5	5	1	0	0	5	21	77	4	29	31004	844	0	5	0	832,836,840,844,960
2282	21128	2	5	5	1	0	0	5	21	77	4	29	31004	844	0	5	0	832,836,840,844,960
2282	21136	2	5	5	1	0	0	5	21	77	4	29	31004	844	0	5	0	832,836,840,844,960
2282	21152	2	3	5	1	0	0	4	23	13	3	29	12574	606	0	5	0	604,606,960
2282	21184	2	3	5	1	0	0	4	23	13	3	29	12574	606	0	5	0	604,606,960
2282	21249	1	1	6	0	0	0	3	19	94	5	29	32128	960	0	6	0	960
2282	21250	1	1	6	0	0	0	3	22	86	4	30	32128	960	0	6	0	960
2282	21252	1	1	6	0	0	0	3	22	77	4	30	32128	960	0	6	0	960
2282	21256	1	1	6	0	0	0	3	22	77	4	30	32128	960	0	6	0	960
2282	21264	1	1	6	0	0	0	3	22	77	4	30	32128	960	0	6	0	960
2282	21280	1	1	6	0	0	0	3	20	94	5	30	32128	960	0	6	0	960
2282	21312	1	1	6	0	0	0	3	20	94	5	30	32128	960	0	6	0	960
2282	21376	1	1	6	0	0	0	3	24	13	3	30	32128	896	0	6	0	896
2282	21507	2	1	5	1	0	0	2	18	94	5	28	12574	583	0	5	0	440
2282	21509	3	5	4	1	0	0	7	20	236	5	28	12574	583	0	4	0	440,838,864,928,992
2282	21510	2	2	5	1	0	0	3	21	236	5	29	12574	582	0	5	0	582,838
2282	21513	3	5	4	1	0	0	7	20	236	5	28	12574	583	0	4	0	440,838,864,928,992
2282	21514	2	2	5	1	0	0	3	21	236	5	29	12574	582	0	5	0	582,838
2282	21516	2	2	5	1	0	0	3	19	94	5	29	31004	836	0	5	0	836,864
2282	21521	3	5	4	1	0	0	7	20	236	5	28	12574	583	0	4	0	440,838,864,928,992
2282	21522	2	2	5	1	0	0	3	21	236	5	29	12574	582	0	5	0	582,838
2282	21524	2	2	5	1	0	0	3	19	94	5	29	31004	836	0	5	0	836,864
2282	21528	2	2	5	1	0	0	3	19	94	5	29	31004	836	0	5	0	836,864
2282	21537	2	2	5	1	0	0	2	18	94	5	28	12574	591	0	5	0	432,928
2282	21538	1	1	6	0	0	0	2	19	94	5	29	12574	590	0	6	0	590
2282	21540	2	1	5	1	0	0	1	21	236	5	29	12574	590	0	5	0	590
2282	21544	2	1	5	1	0	0	1	21	236	5	29	12574	590	0	5	0	590
2282	21552	2	1	5	1	0	0	1	21	236	5	29	12574	590	0	5	0	590
2282	21569	2	2	5	1	0	0	2	18	94	5	28	12574	591	0	5	0	432,928
2282	21570	1	1	6	0	0	0	2	19	94	5	29	12574	590	0	6	0	590
2282	21572	2	1	5	1	0	0	1	21	236	5	29	12574	590	0	5	0	590
2282	21576	2	1	5	1	0	0	1	21	236	5	29	12574	590	0	5	0	590
2282	21584	2	1	5	1	0	0	1	21	236	5	29	12574	590	0	5	0	590
2282	21600	1	1	6	0	0	0	1	19	94	5	29	12574	606	0	6	0	606
2282	21633	2	1	5	1	0	0	2	22	13	3	28	31616	960	0	5	0	960
2282	21634	2	2	5	1	0	0	4	21	77	4	29	12574	590	0	5	0	590,960
2282	21636	2	5	5	1	0	0	5	21	77	4	29	31004	844	0	5	0	832,836,840,844,960
2282	21640	2	5	5	1	0	0	5	21	77	4	29	31004	844	0	5	0	832,836,840,844,960
2282	21648	2	5	5	1	0	0	5	21	77	4	29	31004	844	0	5	0	832,836,840,844,960
2282	21664	2	3	5	1	0	0	4	23	13	3	29	12574	606	0	5	0	604,606,960
2282	21696	2	3	5	1	0	0	4	23	13	3	29	12574	606	0	5	0	604,606,960
2282	21761	1	1	6	0	0	0	3	19	94	5	29	31616	960	0	6	0	960
2282	21762	1	1	6	0	0	0	3	22	86	4	30	31616	960	0	6	0	960
2282	21764	1	1	6	0	0	0	3	22	77	4	30	31616	960	0	6	0	960
2282	21768	1	1	6	0	0	0	3	22	77	4	30	31616	960	0	6	0	960
2282	21776	1	1	6	0	0	0	3	22	77	4	30	31616	960	0	6	0	960
2282	21792	1	1	6	0	0	0	3	20	94	5	30	31616	960	0	6	0	960
2282	21824	1	1	6	0	0	0	3	20	94	5	30	31616	960	0	6	0	960
2282	21888	1	1	6	0	0	0	3	24	13	3	30	31616	896	0	6	0	896
2282	22017	1	1	6	0	0	0	4	21	77	4	29	31104	960	0	6	0	960
2282	22018	1	1	6	0	0	0	4	22	77	4	30	31104	960	0	6	0	960
2282	22020	1	1	6	0	0	0	4	20	94	5	30	31104	960	0	6	0	960
2282	22024	1	1	6	0	0	0	4	20	94	5	30	31104	960	0	6	0	960
2282	22032	1	1	6	0	0	0	4	20	94	5	30	31104	960	0	6	0	960
2282	22048	1	1	6	0	0	0	4	22	77	4	30	31104	960	0	6	0	960
2282	22080	1	1	6	0	0	0	4	22	77	4	30	31104	960	0	6	0	960
2282	22144	0	1	7	0	0	0	4	26	3	2	30	31104	896	0	7	0	896
2282	22272	0	1	7	0	0	0	5	23	30	4	31	31104	896	0	7	0	896
2282	22531	0	1	7	0	0	0	3	18	94	5	28	12574	583	0	7	0	440
2282	22533	1	2	6	0	0	0	3	20	86	4	28	12574	583	0	6	0	440,582
2282	22534	0	1	7	0	0	0	3	19	94	5	29	12574	582	0	7	0	582
2282	22537	1	2	6	0	0	0	3	20	86	4	28	12574	583	0	6	0	440,582
2282	22538	0	1	7	0	0	0	3	19	94	5	29	12574	582	0	7	0	582
2282	22540	1	2	6	0	0	0	3	21	30	4	29	12574	582	0	6	0	580,582
2282	22545	1	2	6	0	0	0	3	20	86	4	28	12574	583	0	6	0	440,582
2282	22546	0	1	7	0	0	0	3	19	94	5	29	12574	582	0	7	0	582
2282	22548	1	2	6	0	0	0	3	21	30	4	29	12574	582	0	6	0	580,582
2282	22552	1	2	6	0	0	0	3	21	30	4	29	12574	582	0	6	0	580,582
2282	22561	1	2	6	0	0	0	3	18	94	5	28	12574	591	0	6	0	432,590
2282	22562	0	1	7	0	0	0	3	17	222	6	29	12574	590	0	7	0	590
2282	22564	1	2	6	0	0	0	3	19	94	5	29	12574	590	0	6	0	588,590
2282	22568	1	2	6	0	0	0	3	19	94	5	29	12574	590	0	6	0	588,590
2282	22576	1	2	6	0	0	0	3	19	94	5	29	12574	590	0	6	0	588,590
2282	22593	1	2	6	0	0	0	3	18	94	5	28	12574	591	0	6	0	432,590
2282	22594	0	1	7	0	0	0	3	17	222	6	29	12574	590	0	7	0	590
2282	22596	1	2	6	0	0	0	3	19	94	5	29	12574	590	0	6	0	588,590
2282	22600	1	2	6	0	0	0	3	19	94	5	29	12574	590	0	6	0	588,590
2282	22608	1	2	6	0	0	0	3	19	94	5	29	12574	590	0	6	0	588,590
2282	22624	1	2	6	0	0	0	3	17	222	6	29	12574	606	0	6	0	604,606
2282	22657	0	1	7	0	0	0	2	24	3	2	28	28956	590	0	7	0	590
2282	22658	0	1	7	0	0	0	3	21	75	4	29	12574	590	0	7	0	590
2282	22660	0	1	7	0	0	0	2	23	11	3	29	28956	588	0	7	0	588
2282	22664	0	1	7	0	0	0	2	23	11	3	29	28956	588	0	7	0	588
2282	22672	0	1	7	0	0	0	2	23	11	3	29	28956	588	0	7	0	588
2282	22688	0	1	7	0	0	0	2	23	11	3	29	28956	604	0	7	0	604
2282	22720	0	1	7	0	0	0	2	23	11	3	29	28956	604	0	7	0	604
2282	22785	1	2	6	0	0	0	3	23	11	3	29	12574	527	0	6	0	496,526
2282	22786	0	1	7	0	0	0	3	24	11	3	30	12574	526	0	7	0	526
2282	22788	1	2	6	0	0	0	3	26	3	2	30	12574	526	0	6	0	524,526
2282	22792	1	2	6	0	0	0	3	26	3	2	30	12574	526	0	6	0	524,526
2282	22800	1	2	6	0	0	0	3	26	3	2	30	12574	526	0	6	0	524,526
2282	22816	1	2	6	0	0	0	3	22	75	4	30	12574	542	0	6	0	540,542
2282	22848	1	2	6	0	0	0	3	22	75	4	30	12574	542	0	6	0	540,542
2282	22912	0	1	7	0	0	0	2	28	1	1	30	28956	540	0	7	0	540
2282	23041	1	2	6	0	0	0	3	23	13	3	29	12574	655	0	6	0	368,654
2282	23042	0	1	7	0	0	0	3	22	77	4	30	12574	654	0	7	0	654
2282	23044	1	2	6	0	0	0	3	22	77	4	30	12574	654	0	6	0	652,654
2282	23048	1	2	6	0	0	0	3	22	77	4	30	12574	654	0	6	0	652,654
2282	23056	1	2	6	0	0	0	3	22	77	4	30	12574	654	0	6	0	652,654
2282	23072	1	2	6	0	0	0	3	22	77	4	30	12574	670	0	6	0	668,670
2282	23104	1	2	6	0	0	0	3	22	77	4	30	12574	670	0	6	0	668,670
2282	23168	0	1	7	0	0	0	2	28	1	1	30	28956	668	0	7	0	668
2282	23296	1	3	6	0	0	0	6	27	3	2	31	12574	542	0	6	0	540,542,896
2282	23553	1	2	6	0	0	0	3	23	13	3	29	12574	655	0	6	0	368,654
2282	23554	0	1	7	0	0	0	3	22	77	4	30	12574	654	0	7	0	654
2282	23556	1	2	6	0	0	0	3	22	77	4	30	12574	654	0	6	0	652,654
2282	23560	1	2	6	0	0	0	3	22	77	4	30	12574	654	0	6	0	652,654
2282	23568	1	2	6	0	0	0	3	22	77	4	30	12574	654	0	6	0	652,654
2282	23584	1	2	6	0	0	0	3	22	77	4	30	12574	670	0	6	0	668,670
2282	23616	1	2	6	0	0	0	3	22	77	4	30	12574	670	0	6	0	668,670
2282	23680	0	1	7	0	0	0	2	28	1	1	30	28956	668	0	7	0	668
2282	23808	1	3	6	0	0	0	6	27	3	2	31	12574	542	0	6	0	540,542,896
2282	24064	1	3	6	0	0	0	7	27	3	2	31	12574	798	0	6	0	796,798,896
2282	24583	2	2	5	1	0	0	3	17	94	5	27	12574	547	0	5	0	220,476
2282	24587	2	2	5	1	0	0	3	17	94	5	27	12574	547	0	5	0	220,476
2282	24589	2	1	5	1	0	0	1	19	77	4	27	31004	802	0	5	0	802
2282	24590	1	1	6	0	0	0	1	20	77	4	28	31004	802	0	6	0	802
2282	24595	2	2	5	1	0	0	3	17	94	5	27	12574	547	0	5	0	220,476
2282	24597	2	1	5	1	0	0	1	19	77	4	27	31004	802	0	5	0	802
2282	24598	1	1	6	0	0	0	1	20	77	4	28	31004	802	0	6	0	802
2282	24601	2	1	5	1	0	0	1	19	77	4	27	31004	802	0	5	0	802
2282	24602	1	1	6	0	0	0	1	20	77	4	28	31004	802	0	6	0	802
2282	24604	1	2	6	0	0	0	2	22	11	3	28	31004	800	0	6	0	800,816
2282	24611	1	1	6	0	0	0	2	15	222	6	27	12574	551	0	6	0	472
2282	24613	2	1	5	1	0	0	1	17	94	5	27	12574	551	0	5	0	472
2282	24614	1	1	6	0	0	0	2	18	94	5	28	12574	550	0	6	0	550
2282	24617	2	1	5	1	0	0	1	17	94	5	27	12574	551	0	5	0	472
2282	24618	1	1	6	0	0	0	2	18	94	5	28	12574	550	0	6	0	550
2282	24620	2	2	5	1	0	0	2	20	77	4	28	12574	550	0	5	0	550,804
2282	24625	2	1	5	1	0	0	1	17	94	5	27	12574	551	0	5	0	472
2282	24626	1	1	6	0	0	0	2	18	94	5	28	12574	550	0	6	0	550
2282	24628	2	2	5	1	0	0	2	20	77	4	28	12574	550	0	5	0	550,804
2282	24632	2	2	5	1	0	0	2	20	77	4	28	12574	550	0	5	0	550,804
2282	24643	1	1	6	0	0	0	2	15	222	6	27	12574	551	0	6	0	472
2282	24645	2	1	5	1	0	0	1	17	94	5	27	12574	551	0	5	0	472
2282	24646	1	1	6	0	0	0	2	18	94	5	28	12574	550	0	6	0	550
2282	24649	2	1	5	1	0	0	1	17	94	5	27	12574	551	0	5	0	472
2282	24650	1	1	6	0	0	0	2	18	94	5	28	12574	550	0	6	0	550
2282	24652	2	2	5	1	0	0	2	20	77	4	28	12574	550	0	5	0	550,804
2282	24657	2	1	5	1	0	0	1	17	94	5	27	12574	551	0	5	0	472
2282	24658	1	1	6	0	0	0	2	18	94	5	28	12574	550	0	6	0	550
2282	24660	2	2	5	1	0	0	2	20	77	4	28	12574	550	0	5	0	550,804
2282	24664	2	2	5	1	0	0	2	20	77	4	28	12574	550	0	5	0	550,804
2282	24673	1	1	6	0	0	0	1	15	222	6	27	12574	559	0	6	0	464
2282	24674	0	1	7	0	0	0	2	16	222	6	28	12574	558	0	7	0	558
2282	24676	1	1	6	0	0	0	1	18	94	5	28	12574	558	0	6	0	558
2282	24680	1	1	6	0	0	0	1	18	94	5	28	12574	558	0	6	0	558
2282	24688	1	1	6	0	0	0	1	18	94	5	28	12574	558	0	6	0	558
2282	24707	2	1	5	1	0	0	2	17	94	5	27	12574	551	0	5	0	472
2282	24709	2	1	5	1	0	0	1	19	86	4	27	31004	806	0	5	0	806
2282	24710	2	2	5	1	0	0	3	18	94	5	28	12574	550	0	5	0	550,806
2282	24713	2	1	5	1	0	0	1	19	86	4	27	31004	806	0	5	0	806
2282	24714	2	2	5	1	0	0	3	18	94	5	28	12574	550	0	5	0	550,806
2282	24716	1	1	6	0	0	0	1	20	30	4	28	31004	804	0	6	0	804
2282	24721	2	1	5	1	0	0	1	19	86	4	27	31004	806	0	5	0	806
2282	24722	2	2	5	1	0	0	3	18	94	5	28	12574	550	0	5	0	550,806
2282	24724	1	1	6	0	0	0	1	20	30	4	28	31004	804	0	6	0	804
2282	24728	1	1	6	0	0	0	1	20	30	4	28	31004	804	0	6	0	804
2282	24737	2	2	5	1	0	0	2	19	30	4	27	12574	559	0	5	0	464,558
2282	24738	1	1	6	0	0	0	2	18	94	5	28	12574	558	0	6	0	558
2282	24740	2	3	5	1	0	0	3	20	86	4	28	12574	558	0	5	0	556,558,812
2282	24744	2	3	5	1	0	0	3	20	86	4	28	12574	558	0	5	0	556,558,812
2282	24752	2	3	5	1	0	0	3	20	86	4	28	12574	558	0	5	0	556,558,812
2282	24769	2	2	5	1	0	0	2	19	30	4	27	12574	559	0	5	0	464,558
2282	24770	1	1	6	0	0	0	2	18	94	5	28	12574	558	0	6	0	558
2282	24772	2	3	5	1	0	0	3	20	86	4	28	12574	558	0	5	0	556,558,812
2282	24776	2	3	5	1	0	0	3	20	86	4	28	12574	558	0	5	0	556,558,812
2282	24784	2	3	5	1	0	0	3	20	86	4	28	12574	558	0	5	0	556,558,812
2282	24800	1	2	6	0	0	0	2	20	30	4	28	12574	574	0	6	0	572,574
2282	24835	2	5	5	1	0	0	4	18	94	5	28	12574	519	0	5	0	480,488,496,504,992
2282	24837	2	1	5	1	0	0	2	20	77	4	28	32384	992	0	5	0	992
2282	24838	2	6	5	1	0	0	5	23	13	3	29	12574	518	0	5	0	518,526,534,542,774,992
2282	24841	2	1	5	1	0	0	2	20	77	4	28	32384	992	0	5	0	992
2282	24842	2	6	5	1	0	0	5	23	13	3	29	12574	518	0	5	0	518,526,534,542,774,992
2282	24844	2	6	5	1	0	0	6	25	3	2	29	31004	772	0	5	0	772,800,804,864,928,992
2282	24849	2	1	5	1	0	0	2	20	77	4	28	32384	992	0	5	0	992
2282	24850	2	6	5	1	0	0	5	23	13	3	29	12574	518	0	5	0	518,526,534,542,774,992
2282	24852	2	6	5	1	0	0	6	25	3	2	29	31004	772	0	5	0	772,800,804,864,928,992
2282	24856	2	6	5	1	0	0	6	25	3	2	29	31004	772	0	5	0	772,800,804,864,928,992
2282	24865	2	3	5	1	0	0	3	16	222	6	28	12574	527	0	5	0	480,496,992
2282	24866	1	2	6	0	0	0	2	19	94	5	29	12574	526	0	6	0	526,542
2282	24868	2	3	5	1	0	0	3	21	77	4	29	12574	526	0	5	0	526,542,992
2282	24872	2	3	5	1	0	0	3	21	77	4	29	12574	526	0	5	0	526,542,992
2282	24880	2	3	5	1	0	0	3	21	77	4	29	12574	526	0	5	0	526,542,992
2282	24897	2	3	5	1	0	0	3	16	222	6	28	12574	527	0	5	0	480,496,992
2282	24898	1	2	6	0	0	0	2	19	94	5	29	12574	526	0	6	0	526,542
2282	24900	2	3	5	1	0	0	3	21	77	4	29	12574	526	0	5	0	526,542,992
2282	24904	2	3	5	1	0	0	3	21	77	4	29	12574	526	0	5	0	526,542,992
2282	24912	2	3	5	1	0	0	3	21	77	4	29	12574	526	0	5	0	526,542,992
2282	24928	1	1	6	0	0	0	1	17	222	6	29	12574	542	0	6	0	542
2282	24961	2	1	5	1	0	0	2	20	77	4	28	32384	960	0	5	0	960
2282	24962	2	5	5	1	0	0	4	21	77	4	29	12574	526	0	5	0	526,542,558,574,960
2282	24964	2	2	5	1	0	0	3	23	13	3	29	31004	780	0	5	0	780,960
2282	24968	2	2	5	1	0	0	3	23	13	3	29	31004	780	0	5	0	780,960
2282	24976	2	2	5	1	0	0	3	23	13	3	29	31004	780	0	5	0	780,960
2282	24992	2	5	5	1	0	0	4	21	77	4	29	12574	542	0	5	0	540,542,572,574,960
2282	25024	2	5	5	1	0	0	4	21	77	4	29	12574	542	0	5	0	540,542,572,574,960
2282	25091	2	1	5	1	0	0	2	18	94	5	28	12574	583	0	5	0	440
2282	25093	3	5	4	1	0	0	7	20	236	5	28	12574	583	0	4	0	440,838,864,928,992
2282	25094	2	2	5	1	0	0	3	21	236	5	29	12574	582	0	5	0	582,838
2282	25097	3	5	4	1	0	0	7	20	236	5	28	12574	583	0	4	0	440,838,864,928,992
2282	25098	2	2	5	1	0	0	3	21	236	5	29	12574	582	0	5	0	582,838
2282	25100	2	2	5	1	0	0	3	19	94	5	29	31004	836	0	5	0	836,864
2282	25105	3	5	4	1	0	0	7	20	236	5	28	12574	583	0	4	0	440,838,864,928,992
2282	25106	2	2	5	1	0	0	3	21	236	5	29	12574	582	0	5	0	582,838
2282	25108	2	2	5	1	0	0	3	19	94	5	29	31004	836	0	5	0	836,864
2282	25112	2	2	5	1	0	0	3	19	94	5	29	31004	836	0	5	0	836,864
2282	25121	2	2	5	1	0	0	2	18	94	5	28	12574	591	0	5	0	432,928
2282	25122	1	1	6	0	0	0	2	19	94	5	29	12574	590	0	6	0	590
2282	25124	2	1	5	1	0	0	1	21	236	5	29	12574	590	0	5	0	590
2282	25128	2	1	5	1	0	0	1	21	236	5	29	12574	590	0	5	0	590
2282	25136	2	1	5	1	0	0	1	21	236	5	29	12574	590	0	5	0	590
2282	25153	2	2	5	1	0	0	2	18	94	5	28	12574	591	0	5	0	432,928
2282	25154	1	1	6	0	0	0	2	19	94	5	29	12574	590	0	6	0	590
2282	25156	2	1	5	1	0	0	1	21	236	5	29	12574	590	0	5	0	590
2282	25160	2	1	5	1	0	0	1	21	236	5	29	12574	590	0	5	0	590
2282	25168	2	1	5	1	0	0	1	21	236	5	29	12574	590	0	5	0	590
2282	25184	1	1	6	0	0	0	1	19	94	5	29	12574	606	0	6	0	606
2282	25217	2	1	5	1	0	0	2	22	13	3	28	32128	960	0	5	0	960
2282	25218	2	2	5	1	0	0	4	21	77	4	29	12574	590	0	5	0	590,960
2282	25220	2	5	5	1	0	0	5	21	77	4	29	31004	844	0	5	0	832,836,840,844,960
2282	25224	2	5	5	1	0	0	5	21	77	4	29	31004	844	0	5	0	832,836,840,844,960
2282	25232	2	5	5	1	0	0	5	21	77	4	29	31004	844	0	5	0	832,836,840,844,960
2282	25248	2	3	5	1	0	0	4	23	13	3	29	12574	606	0	5	0	604,606,960
2282	25280	2	3	5	1	0	0	4	23	13	3	29	12574	606	0	5	0	604,606,960
2282	25345	1	1	6	0	0	0	3	19	94	5	29	32128	960	0	6	0	960
2282	25346	1	1	6	0	0	0	3	22	86	4	30	32128	960	0	6	0	960
2282	25348	1	1	6	0	0	0	3	22	77	4	30	32128	960	0	6	0	960
2282	25352	1	1	6	0	0	0	3	22	77	4	30	32128	960	0	6	0	960
2282	25360	1	1	6	0	0	0	3	22	77	4	30	32128	960	0	6	0	960
2282	25376	1	1	6	0	0	0	3	20	94	5	30	32128	960	0	6	0	960
2282	25408	1	1	6	0	0	0	3	20	94	5	30	32128	960	0	6	0	960
2282	25472	1	1	6	0	0	0	3	24	13	3	30	32128	896	0	6	0	896
2282	25603	2	1	5	1	0	0	2	18	94	5	28	12574	583	0	5	0	440
2282	25605	3	5	4	1	0	0	7	20	236	5	28	12574	583	0	4	0	440,838,864,928,992
2282	25606	2	2	5	1	0	0	3	21	236	5	29	12574	582	0	5	0	582,838
2282	25609	3	5	4	1	0	0	7	20	236	5	28	12574	583	0	4	0	440,838,864,928,992
2282	25610	2	2	5	1	0	0	3	21	236	5	29	12574	582	0	5	0	582,838
2282	25612	2	2	5	1	0	0	3	19	94	5	29	31004	836	0	5	0	836,864
2282	25617	3	5	4	1	0	0	7	20	236	5	28	12574	583	0	4	0	440,838,864,928,992
2282	25618	2	2	5	1	0	0	3	21	236	5	29	12574	582	0	5	0	582,838
2282	25620	2	2	5	1	0	0	3	19	94	5	29	31004	836	0	5	0	836,864
2282	25624	2	2	5	1	0	0	3	19	94	5	29	31004	836	0	5	0	836,864
2282	25633	2	2	5	1	0	0	2	18	94	5	28	12574	591	0	5	0	432,928
2282	25634	1	1	6	0	0	0	2	19	94	5	29	12574	590	0	6	0	590
2282	25636	2	1	5	1	0	0	1	21	236	5	29	12574	590	0	5	0	590
2282	25640	2	1	5	1	0	0	1	21	236	5	29	12574	590	0	5	0	590
2282	25648	2	1	5	1	0	0	1	21	236	5	29	12574	590	0	5	0	590
2282	25665	2	2	5	1	0	0	2	18	94	5	28	12574	591	0	5	0	432,928
2282	25666	1	1	6	0	0	0	2	19	94	5	29	12574	590	0	6	0	590
2282	25668	2	1	5	1	0	0	1	21	236	5	29	12574	590	0	5	0	590
2282	25672	2	1	5	1	0	0	1	21	236	5	29	12574	590	0	5	0	590
2282	25680	2	1	5	1	0	0	1	21	236	5	29	12574	590	0	5	0	590
2282	25696	1	1	6	0	0	0	1	19	94	5	29	12574	606	0	6	0	606
2282	25729	2	1	5	1	0	0	2	22	13	3	28	31616	960	0	5	0	960
2282	25730	2	2	5	1	0	0	4	21	77	4	29	12574	590	0	5	0	590,960
2282	25732	2	5	5	1	0	0	5	21	77	4	29	31004	844	0	5	0	832,836,840,844,960
2282	25736	2	5	5	1	0	0	5	21	77	4	29	31004	844	0	5	0	832,836,840,844,960
2282	25744	2	5	5	1	0	0	5	21	77	4	29	31004	844	0	5	0	832,836,840,844,960
2282	25760	2	3	5	1	0	0	4	23	13	3	29	12574	606	0	5	0	604,606,960
2282	25792	2	3	5	1	0	0	4	23	13	3	29	12574	606	0	5	0	604,606,960
2282	25857	1	1	6	0	0	0	3	19	94	5	29	31616	960	0	6	0	960
2282	25858	1	1	6	0	0	0	3	22	86	4	30	31616	960	0	6	0	960
2282	25860	1	1	6	0	0	0	3	22	77	4	30	31616	960	0	6	0	960
2282	25864	1	1	6	0	0	0	3	22	77	4	30	31616	960	0	6	0	960
2282	25872	1	1	6	0	0	0	3	22	77	4	30	31616	960	0	6	0	960
2282	25888	1	1	6	0	0	0	3	20	94	5	30	31616	960	0	6	0	960
2282	25920	1	1	6	0	0	0	3	20	94	5	30	31616	960	0	6	0	960
2282	25984	1	1	6	0	0	0	3	24	13	3	30	31616	896	0	6	0	896
2282	26113	1	1	6	0	0	0	4	21	77	4	29	31104	960	0	6	0	960
2282	26114	1	1	6	0	0	0	4	22	77	4	30	31104	960	0	6	0	960
2282	26116	1	1	6	0	0	0	4	20	94	5	30	31104	960	0	6	0	960
2282	26120	1	1	6	0	0	0	4	20	94	5	30	31104	960	0	6	0	960
2282	26128	1	1	6	0	0	0	4	20	94	5	30	31104	960	0	6	0	960
2282	26144	1	1	6	0	0	0	4	22	77	4	30	31104	960	0	6	0	960
2282	26176	1	1	6	0	0	0	4	22	77	4	30	31104	960	0	6	0	960
2282	26240	0	1	7	0	0	0	4	26	3	2	30	31104	896	0	7	0	896
2282	26368	0	1	7	0	0	0	5	23	30	4	31	31104	896	0	7	0	896
2282	26627	0	1	7	0	0	0	3	18	94	5	28	12574	583	0	7	0	440
2282	26629	1	2	6	0	0	0	3	20	86	4	28	12574	583	0	6	0	440,582
2282	26630	0	1	7	0	0	0	3	19	94	5	29	12574	582	0	7	0	582
2282	26633	1	2	6	0	0	0	3	20	86	4	28	12574	583	0	6	0	440,582
2282	26634	0	1	7	0	0	0	3	19	94	5	29	12574	582	0	7	0	582
2282	26636	1	2	6	0	0	0	3	21	30	4	29	12574	582	0	6	0	580,582
2282	26641	1	2	6	0	0	0	3	20	86	4	28	12574	583	0	6	0	440,582
2282	26642	0	1	7	0	0	0	3	19	94	5	29	12574	582	0	7	0	582
2282	26644	1	2	6	0	0	0	3	21	30	4	29	12574	582	0	6	0	580,582
2282	26648	1	2	6	0	0	0	3	21	30	4	29	12574	582	0	6	0	580,582
2282	26657	1	2	6	0	0	0	3	18	94	5	28	12574	591	0	6	0	432,590
2282	26658	0	1	7	0	0	0	3	17	222	6	29	12574	590	0	7	0	590
2282	26660	1	2	6	0	0	0	3	19	94	5	29	12574	590	0	6	0	588,590
2282	26664	1	2	6	0	0	0	3	19	94	5	29	12574	590	0	6	0	588,590
2282	26672	1	2	6	0	0	0	3	19	94	5	29	12574	590	0	6	0	588,590
2282	26689	1	2	6	0	0	0	3	18	94	5	28	12574	591	0	6	0	432,590
2282	26690	0	1	7	0	0	0	3	17	222	6	29	12574	590	0	7	0	590
2282	26692	1	2	6	0	0	0	3	19	94	5	29	12574	590	0	6	0	588,590
2282	26696	1	2	6	0	0	0	3	19	94	5	29	12574	590	0	6	0	588,590
2282	26704	1	2	6	0	0	0	3	19	94	5	29	12574	590	0	6	0	588,590
2282	26720	1	2	6	0	0	0	3	17	222	6	29	12574	606	0	6	0	604,606
2282	26753	0	1	7	0	0	0	2	24	3	2	28	28956	590	0	7	0	590
2282	26754	0	1	7	0	0	0	3	21	75	4	29	12574	590	0	7	0	590
2282	26756	0	1	7	0	0	0	2	23	11	3	29	28956	588	0	7	0	588
2282	26760	0	1	7	0	0	0	2	23	11	3	29	28956	588	0	7	0	588
2282	26768	0	1	7	0	0	0	2	23	11	3	29	28956	588	0	7	0	588
2282	26784	0	1	7	0	0	0	2	23	11	3	29	28956	604	0	7	0	604
2282	26816	0	1	7	0	0	0	2	23	11	3	29	28956	604	0	7	0	604
2282	26881	1	2	6	0	0	0	3	23	11	3	29	12574	527	0	6	0	496,526
2282	26882	0	1	7	0	0	0	3	24	11	3	30	12574	526	0	7	0	526
2282	26884	1	2	6	0	0	0	3	26	3	2	30	12574	526	0	6	0	524,526
2282	26888	1	2	6	0	0	0	3	26	3	2	30	12574	526	0	6	0	524,526
2282	26896	1	2	6	0	0	0	3	26	3	2	30	12574	526	0	6	0	524,526
2282	26912	1	2	6	0	0	0	3	22	75	4	30	12574	542	0	6	0	540,542
2282	26944	1	2	6	0	0	0	3	22	75	4	30	12574	542	0	6	0	540,542
2282	27008	0	1	7	0	0	0	2	28	1	1	30	28956	540	0	7	0	540
2282	27137	1	2	6	0	0	0	3	23	13	3	29	12574	655	0	6	0	368,654
2282	27138	0	1	7	0	0	0	3	22	77	4	30	12574	654	0	7	0	654
2282	27140	1	2	6	0	0	0	3	22	77	4	30	12574	654	0	6	0	652,654
2282	27144	1	2	6	0	0	0	3	22	77	4	30	12574	654	0	6	0	652,654
2282	27152	1	2	6	0	0	0	3	22	77	4	30	12574	654	0	6	0	652,654
2282	27168	1	2	6	0	0	0	3	22	77	4	30	12574	670	0	6	0	668,670
2282	27200	1	2	6	0	0	0	3	22	77	4	30	12574	670	0	6	0	668,670
2282	27264	0	1	7	0	0	0	2	28	1	1	30	28956	668	0	7	0	668
2282	27392	1	3	6	0	0	0	6	27	3	2	31	12574	542	0	6	0	540,542,896
2282	27649	1	2	6	0	0	0	3	23	13	3	29	12574	655	0	6	0	368,654
2282	27650	0	1	7	0	0	0	3	22	77	4	30	12574	654	0	7	0	654
2282	27652	1	2	6	0	0	0	3	22	77	4	30	12574	654	0	6	0	652,654
2282	27656	1	2	6	0	0	0	3	22	77	4	30	12574	654	0	6	0	652,654
2282	27664	1	2	6	0	0	0	3	22	77	4	30	12574	654	0	6	0	652,654
2282	27680	1	2	6	0	0	0	3	22	77	4	30	12574	670	0	6	0	668,670
2282	27712	1	2	6	0	0	0	3	22	77	4	30	12574	670	0	6	0	668,670
2282	27776	0	1	7	0	0	0	2	28	1	1	30	28956	668	0	7	0	668
2282	27904	1	3	6	0	0	0	6	27	3	2	31	12574	542	0	6	0	540,542,896
2282	28160	1	3	6	0	0	0	7	27	3	2	31	12574	798	0	6	0	796,798,896
2282	28675	2	4	5	1	0	0	3	16	222	6	28	12574	71	0	5	0	928,936,944,952
2282	28677	2	4	5	1	0	0	2	20	77	4	28	12574	71	0	5	0	928,936,944,952
2282	28678	2	5	5	1	0	0	3	21	77	4	29	12574	70	0	5	0	70,78,86,94,582
2282	28681	2	4	5	1	0	0	2	20	77	4	28	12574	71	0	5	0	928,936,944,952
2282	28682	2	5	5	1	0	0	3	21	77	4	29	12574	70	0	5	0	70,78,86,94,582
2282	28684	2	6	5	1	0	0	2	25	3	2	29	12574	70	0	5	0	70,78,86,94,580,582
2282	28689	2	4	5	1	0	0	2	20	77	4	28	12574	71	0	5	0	928,936,944,952
2282	28690	2	5	5	1	0	0	3	21	77	4	29	12574	70	0	5	0	70,78,86,94,582
2282	28692	2	6	5	1	0	0	2	25	3	2	29	12574	70	0	5	0	70,78,86,94,580,582
2282	28696	2	6	5	1	0	0	2	25	3	2	29	12574	70	0	5	0	70,78,86,94,580,582
2282	28705	1	2	6	0	0	0	2	16	222	6	28	12574	79	0	6	0	928,944
2282	28706	1	2	6	0	0	0	2	17	222	6	29	12574	78	0	6	0	78,94
2282	28708	1	2	6	0	0	0	1	21	77	4	29	12574	78	0	6	0	78,94
2282	28712	1	2	6	0	0	0	1	21	77	4	29	12574	78	0	6	0	78,94
2282	28720	1	2	6	0	0	0	1	21	77	4	29	12574	78	0	6	0	78,94
2282	28737	1	2	6	0	0	0	2	16	222	6	28	12574	79	0	6	0	928,944
2282	28738	1	2	6	0	0	0	2	17	222	6	29	12574	78	0	6	0	78,94
2282	28740	1	2	6	0	0	0	1	21	77	4	29	12574	78	0	6	0	78,94
2282	28744	1	2	6	0	0	0	1	21	77	4	29	12574	78	0	6	0	78,94
2282	28752	1	2	6	0	0	0	1	21	77	4	29	12574	78	0	6	0	78,94
2282	28768	0	1	7	0	0	0	1	17	222	6	29	12574	94	0	7	0	94
2282	28801	2	5	5	1	0	0	3	22	11	3	28	12574	79	0	5	0	896,912,928,944,960
2282	28802	2	5	5	1	0	0	3	21	75	4	29	12574	78	0	5	0	78,94,110,126,960
2282	28804	2	6	5	1	0	0	3	25	3	2	29	12574	78	0	5	0	78,94,110,126,588,960
2282	28808	2	6	5	1	0	0	3	25	3	2	29	12574	78	0	5	0	78,94,110,126,588,960
2282	28816	2	6	5	1	0	0	3	25	3	2	29	12574	78	0	5	0	78,94,110,126,588,960
2282	28832	1	2	6	0	0	0	1	23	11	3	29	12574	94	0	6	0	94,126
2282	28864	1	2	6	0	0	0	1	23	11	3	29	12574	94	0	6	0	94,126
2282	28929	0	1	7	0	0	0	2	21	75	4	29	32384	960	0	7	0	960
2282	28930	0	2	7	0	0	0	2	24	11	3	30	32384	960	0	7	0	62,960
2282	28932	0	2	7	0	0	0	2	28	1	1	30	32384	960	0	7	0	62,960
2282	28936	0	2	7	0	0	0	2	28	1	1	30	32384	960	0	7	0	62,960
2282	28944	0	2	7	0	0	0	2	28	1	1	30	32384	960	0	7	0	62,960
2282	28960	0	2	7	0	0	0	2	22	75	4	30	32384	960	0	7	0	62,960
2282	28992	0	2	7	0	0	0	2	22	75	4	30	32384	960	0	7	0	62,960
2282	29056	0	2	7	0	0	0	2	28	1	1	30	32384	896	0	7	0	126,896
2282	29185	2	5	5	1	0	0	4	19	94	5	29	12574	143	0	5	0	832,848,864,880,960
2282	29186	2	5	5	1	0	0	4	20	94	5	30	12574	142	0	5	0	142,158,174,190,960
2282	29188	2	5	5	1	0	0	3	22	77	4	30	12574	142	0	5	0	142,158,174,190,960
2282	29192	2	5	5	1	0	0	3	22	77	4	30	12574	142	0	5	0	142,158,174,190,960
2282	29200	2	5	5	1	0	0	3	22	77	4	30	12574	142	0	5	0	142,158,174,190,960
2282	29216	1	2	6	0	0	0	1	20	94	5	30	12574	158	0	6	0	158,190
2282	29248	1	2	6	0	0	0	1	20	94	5	30	12574	158	0	6	0	158,190
2282	29312	1	1	6	0	0	0	2	26	3	2	30	32128	896	0	6	0	896
2282	29440	0	2	7	0	0	0	3	25	11	3	31	32128	896	0	7	0	126,896
2282	29697	2	5	5	1	0	0	4	19	94	5	29	12574	143	0	5	0	832,848,864,880,960
2282	29698	2	5	5	1	0	0	4	20	94	5	30	12574	142	0	5	0	142,158,174,190,960
2282	29700	2	5	5	1	0	0	3	22	77	4	30	12574	142	0	5	0	142,158,174,190,960
2282	29704	2	5	5	1	0	0	3	22	77	4	30	12574	142	0	5	0	142,158,174,190,960
2282	29712	2	5	5	1	0	0	3	22	77	4	30	12574	142	0	5	0	142,158,174,190,960
2282	29728	1	2	6	0	0	0	1	20	94	5	30	12574	158	0	6	0	158,190
2282	29760	1	2	6	0	0	0	1	20	94	5	30	12574	158	0	6	0	158,190
2282	29824	1	1	6	0	0	0	2	26	3	2	30	31616	896	0	6	0	896
2282	29952	0	2	7	0	0	0	3	25	11	3	31	31616	896	0	7	0	126,896
2282	30208	1	1	6	0	0	0	4	23	30	4	31	31104	896	0	6	0	896
2282	30721	0	1	7	0	0	0	1	23	11	3	29	12574	143	0	7	0	880
2282	30722	0	1	7	0	0	0	3	22	75	4	30	12574	142	0	7	0	142
2282	30724	0	1	7	0	0	0	1	26	3	2	30	12574	142	0	7	0	142
2282	30728	0	1	7	0	0	0	1	26	3	2	30	12574	142	0	7	0	142
2282	30736	0	1	7	0	0	0	1	26	3	2	30	12574	142	0	7	0	142
2282	30752	0	1	7	0	0	0	1	22	75	4	30	12574	158	0	7	0	158
2282	30784	0	1	7	0	0	0	1	22	75	4	30	12574	158	0	7	0	158
2282	30848	0	2	7	0	0	0	3	30	0	0	30	12574	158	0	7	0	156,158
2282	30976	0	8	7	0	0	0	3	31	0	0	31	12574	30	0	7	0	30,62,94,126,896,928,960,992
2282	31232	0	1	7	0	0	0	1	27	3	2	31	12574	286	0	7	0	286
2282	31744	0	1	7	0	0	0	1	27	3	2	31	12574	286	0	7	0	286
