id	Y_mask	dH	optH_count	q	good	delta_min	rho	compatible_optG	ell	Y_type	Y_edges	degree_sum	f_witness	h_witness_local	S_mask	R_witness	Delta_witness	optH_masks_local
2368	31	0	1	1	1	0	0	1	27	0	0	27	510	15	0	1	0	1008
2368	47	0	1	1	1	0	0	1	27	0	0	27	510	15	0	1	0	1008
2368	55	0	1	1	1	0	0	1	27	0	0	27	510	15	0	1	0	1008
2368	59	0	1	1	1	0	0	1	27	0	0	27	510	15	0	1	0	1008
2368	61	0	1	1	1	0	0	1	27	0	0	27	510	15	0	1	0	1008
2368	62	1	2	0	1	0	0	1	30	0	0	30	510	14	0	0	0	14,30
2368	79	0	1	1	1	0	0	1	27	0	0	27	510	15	0	1	0	1008
2368	87	0	1	1	1	0	0	1	27	0	0	27	510	15	0	1	0	1008
2368	91	0	1	1	1	0	0	1	27	0	0	27	510	15	0	1	0	1008
2368	93	0	1	1	1	0	0	1	27	0	0	27	510	15	0	1	0	1008
2368	94	1	2	0	1	0	0	1	30	0	0	30	510	14	0	0	0	14,30
2368	103	0	1	1	1	0	0	1	27	0	0	27	510	15	0	1	0	1008
2368	107	0	1	1	1	0	0	1	27	0	0	27	510	15	0	1	0	1008
2368	109	0	1	1	1	0	0	1	27	0	0	27	510	15	0	1	0	1008
2368	110	1	2	0	1	0	0	1	30	0	0	30	510	14	0	0	0	14,30
2368	115	0	1	1	1	0	0	1	27	0	0	27	510	15	0	1	0	1008
2368	117	0	1	1	1	0	0	1	27	0	0	27	510	15	0	1	0	1008
2368	118	1	2	0	1	0	0	1	30	0	0	30	510	14	0	0	0	14,30
2368	121	0	1	1	1	0	0	1	27	0	0	27	510	15	0	1	0	1008
2368	122	1	2	0	1	0	0	1	30	0	0	30	510	14	0	0	0	14,30
2368	124	1	2	0	1	0	0	1	30	0	0	30	510	14	0	0	0	14,30
2368	143	0	1	1	1	0	0	1	25	1	1	27	510	15	0	1	0	1008
2368	151	0	1	1	1	0	0	1	25	1	1	27	510	15	0	1	0	1008
2368	155	0	1	1	1	0	0	1	25	1	1	27	510	15	0	1	0	1008
2368	157	0	1	1	1	0	0	1	25	1	1	27	510	15	0	1	0	1008
2368	158	1	2	0	1	0	0	1	30	0	0	30	510	14	0	0	0	14,1008
2368	167	0	1	1	1	0	0	1	25	1	1	27	510	15	0	1	0	1008
2368	171	0	1	1	1	0	0	1	25	1	1	27	510	15	0	1	0	1008
2368	173	0	1	1	1	0	0	1	25	1	1	27	510	15	0	1	0	1008
2368	174	1	2	0	1	0	0	1	30	0	0	30	510	14	0	0	0	14,1008
2368	179	0	1	1	1	0	0	1	25	1	1	27	510	15	0	1	0	1008
2368	181	0	1	1	1	0	0	1	25	1	1	27	510	15	0	1	0	1008
2368	182	1	2	0	1	0	0	1	30	0	0	30	510	14	0	0	0	14,1008
2368	185	0	1	1	1	0	0	1	25	1	1	27	510	15	0	1	0	1008
2368	186	1	2	0	1	0	0	1	30	0	0	30	510	14	0	0	0	14,1008
2368	188	1	2	0	1	0	0	1	30	0	0	30	510	14	0	0	0	14,1008
2368	199	0	1	1	1	0	0	1	25	1	1	27	510	15	0	1	0	1008
2368	203	0	1	1	1	0	0	1	25	1	1	27	510	15	0	1	0	1008
2368	205	0	1	1	1	0	0	1	25	1	1	27	510	15	0	1	0	1008
2368	206	1	2	0	1	0	0	1	30	0	0	30	510	14	0	0	0	14,1008
2368	211	0	1	1	1	0	0	1	25	1	1	27	510	15	0	1	0	1008
2368	213	0	1	1	1	0	0	1	25	1	1	27	510	15	0	1	0	1008
2368	214	1	2	0	1	0	0	1	30	0	0	30	510	14	0	0	0	14,1008
2368	217	0	1	1	1	0	0	1	25	1	1	27	510	15	0	1	0	1008
2368	218	1	2	0	1	0	0	1	30	0	0	30	510	14	0	0	0	14,1008
2368	220	1	2	0	1	0	0	1	30	0	0	30	510	14	0	0	0	14,1008
2368	227	0	1	1	1	0	0	1	25	1	1	27	510	15	0	1	0	1008
2368	229	0	1	1	1	0	0	1	25	1	1	27	510	15	0	1	0	1008
2368	230	1	2	0	1	0	0	1	30	0	0	30	510	14	0	0	0	14,1008
2368	233	0	1	1	1	0	0	1	25	1	1	27	510	15	0	1	0	1008
2368	234	1	2	0	1	0	0	1	30	0	0	30	510	14	0	0	0	14,1008
2368	236	1	2	0	1	0	0	1	30	0	0	30	510	14	0	0	0	14,1008
2368	241	0	1	1	1	0	0	1	25	1	1	27	510	15	0	1	0	1008
2368	242	1	2	0	1	0	0	1	30	0	0	30	510	14	0	0	0	14,1008
2368	244	1	2	0	1	0	0	1	30	0	0	30	510	14	0	0	0	14,1008
2368	248	1	2	0	1	0	0	1	30	0	0	30	510	14	0	0	0	14,1008
2368	271	0	1	1	1	0	0	1	25	1	1	27	510	15	0	1	0	1008
2368	279	0	1	1	1	0	0	1	25	1	1	27	510	15	0	1	0	1008
2368	283	0	1	1	1	0	0	1	25	1	1	27	510	15	0	1	0	1008
2368	285	0	1	1	1	0	0	1	25	1	1	27	510	15	0	1	0	1008
2368	286	1	2	0	1	0	0	1	30	0	0	30	510	14	0	0	0	14,1008
2368	295	0	1	1	1	0	0	1	25	1	1	27	510	15	0	1	0	1008
2368	299	0	1	1	1	0	0	1	25	1	1	27	510	15	0	1	0	1008
2368	301	0	1	1	1	0	0	1	25	1	1	27	510	15	0	1	0	1008
2368	302	1	2	0	1	0	0	1	30	0	0	30	510	14	0	0	0	14,1008
2368	307	0	1	1	1	0	0	1	25	1	1	27	510	15	0	1	0	1008
2368	309	0	1	1	1	0	0	1	25	1	1	27	510	15	0	1	0	1008
2368	310	1	2	0	1	0	0	1	30	0	0	30	510	14	0	0	0	14,1008
2368	313	0	1	1	1	0	0	1	25	1	1	27	510	15	0	1	0	1008
2368	314	1	2	0	1	0	0	1	30	0	0	30	510	14	0	0	0	14,1008
2368	316	1	2	0	1	0	0	1	30	0	0	30	510	14	0	0	0	14,1008
2368	327	0	1	1	1	0	0	1	25	1	1	27	510	15	0	1	0	1008
2368	331	0	1	1	1	0	0	1	25	1	1	27	510	15	0	1	0	1008
2368	333	0	1	1	1	0	0	1	25	1	1	27	510	15	0	1	0	1008
2368	334	1	2	0	1	0	0	1	30	0	0	30	510	14	0	0	0	14,1008
2368	339	0	1	1	1	0	0	1	25	1	1	27	510	15	0	1	0	1008
2368	341	0	1	1	1	0	0	1	25	1	1	27	510	15	0	1	0	1008
2368	342	1	2	0	1	0	0	1	30	0	0	30	510	14	0	0	0	14,1008
2368	345	0	1	1	1	0	0	1	25	1	1	27	510	15	0	1	0	1008
2368	346	1	2	0	1	0	0	1	30	0	0	30	510	14	0	0	0	14,1008
2368	348	1	2	0	1	0	0	1	30	0	0	30	510	14	0	0	0	14,1008
2368	355	0	1	1	1	0	0	1	25	1	1	27	510	15	0	1	0	1008
2368	357	0	1	1	1	0	0	1	25	1	1	27	510	15	0	1	0	1008
2368	358	1	2	0	1	0	0	1	30	0	0	30	510	14	0	0	0	14,1008
2368	361	0	1	1	1	0	0	1	25	1	1	27	510	15	0	1	0	1008
2368	362	1	2	0	1	0	0	1	30	0	0	30	510	14	0	0	0	14,1008
2368	364	1	2	0	1	0	0	1	30	0	0	30	510	14	0	0	0	14,1008
2368	369	0	1	1	1	0	0	1	25	1	1	27	510	15	0	1	0	1008
2368	370	1	2	0	1	0	0	1	30	0	0	30	510	14	0	0	0	14,1008
2368	372	1	2	0	1	0	0	1	30	0	0	30	510	14	0	0	0	14,1008
2368	376	1	2	0	1	0	0	1	30	0	0	30	510	14	0	0	0	14,1008
2368	391	0	1	1	1	0	0	1	23	3	2	27	510	15	0	1	0	1008
2368	395	0	1	1	1	0	0	1	23	3	2	27	510	15	0	1	0	1008
2368	397	0	1	1	1	0	0	1	23	3	2	27	510	15	0	1	0	1008
2368	398	0	1	1	1	1	1	0	30	0	0	30	510	15	1	0	1	1008
2368	403	0	1	1	1	0	0	1	23	3	2	27	510	15	0	1	0	1008
2368	405	0	1	1	1	0	0	1	23	3	2	27	510	15	0	1	0	1008
2368	406	0	1	1	1	1	1	0	30	0	0	30	510	15	1	0	1	1008
2368	409	0	1	1	1	0	0	1	23	3	2	27	510	15	0	1	0	1008
2368	410	0	1	1	1	1	1	0	30	0	0	30	510	15	1	0	1	1008
2368	412	0	1	1	1	1	1	0	30	0	0	30	510	15	1	0	1	1008
2368	419	0	1	1	1	0	0	1	23	3	2	27	510	15	0	1	0	1008
2368	421	0	1	1	1	0	0	1	23	3	2	27	510	15	0	1	0	1008
2368	422	0	1	1	1	1	1	0	30	0	0	30	510	15	1	0	1	1008
2368	425	0	1	1	1	0	0	1	23	3	2	27	510	15	0	1	0	1008
2368	426	0	1	1	1	1	1	0	30	0	0	30	510	15	1	0	1	1008
2368	428	0	1	1	1	1	1	0	30	0	0	30	510	15	1	0	1	1008
2368	433	0	1	1	1	0	0	1	23	3	2	27	510	15	0	1	0	1008
2368	434	0	1	1	1	1	1	0	30	0	0	30	510	15	1	0	1	1008
2368	436	0	1	1	1	1	1	0	30	0	0	30	510	15	1	0	1	1008
2368	440	0	1	1	1	1	1	0	30	0	0	30	510	15	1	0	1	1008
2368	451	0	1	1	1	0	0	1	23	3	2	27	510	15	0	1	0	1008
2368	453	0	1	1	1	0	0	1	23	3	2	27	510	15	0	1	0	1008
2368	454	0	1	1	1	1	1	0	30	0	0	30	510	15	1	0	1	1008
2368	457	0	1	1	1	0	0	1	23	3	2	27	510	15	0	1	0	1008
2368	458	0	1	1	1	1	1	0	30	0	0	30	510	15	1	0	1	1008
2368	460	0	1	1	1	1	1	0	30	0	0	30	510	15	1	0	1	1008
2368	465	0	1	1	1	0	0	1	23	3	2	27	510	15	0	1	0	1008
2368	466	0	1	1	1	1	1	0	30	0	0	30	510	15	1	0	1	1008
2368	468	0	1	1	1	1	1	0	30	0	0	30	510	15	1	0	1	1008
2368	472	0	1	1	1	1	1	0	30	0	0	30	510	15	1	0	1	1008
2368	481	0	1	1	1	0	0	1	23	3	2	27	510	15	0	1	0	1008
2368	482	0	1	1	1	1	1	0	30	0	0	30	510	15	1	0	1	1008
2368	484	0	1	1	1	1	1	0	30	0	0	30	510	15	1	0	1	1008
2368	488	0	1	1	1	1	1	0	30	0	0	30	510	15	1	0	1	1008
2368	496	0	1	1	1	1	1	0	30	0	0	30	510	15	1	0	1	1008
2368	527	0	1	1	1	0	0	1	20	75	4	28	510	31	0	1	0	992
2368	535	0	1	1	1	0	0	1	20	75	4	28	510	31	0	1	0	992
2368	539	0	1	1	1	0	0	1	20	75	4	28	510	31	0	1	0	992
2368	541	0	1	1	1	0	0	1	20	75	4	28	510	31	0	1	0	992
2368	542	0	1	1	1	0	0	1	23	75	4	31	510	30	0	1	0	30
2368	551	0	1	1	1	0	0	1	20	75	4	28	510	31	0	1	0	992
2368	555	0	1	1	1	0	0	1	20	75	4	28	510	31	0	1	0	992
2368	557	0	1	1	1	0	0	1	20	75	4	28	510	31	0	1	0	992
2368	558	0	1	1	1	0	0	1	23	75	4	31	510	30	0	1	0	30
2368	563	0	1	1	1	0	0	1	20	75	4	28	510	31	0	1	0	992
2368	565	0	1	1	1	0	0	1	20	75	4	28	510	31	0	1	0	992
2368	566	0	1	1	1	0	0	1	23	75	4	31	510	30	0	1	0	30
2368	569	0	1	1	1	0	0	1	20	75	4	28	510	31	0	1	0	992
2368	570	0	1	1	1	0	0	1	23	75	4	31	510	30	0	1	0	30
2368	572	0	1	1	1	0	0	1	23	75	4	31	510	30	0	1	0	30
2368	583	0	1	1	1	0	0	1	20	75	4	28	510	31	0	1	0	992
2368	587	0	1	1	1	0	0	1	20	75	4	28	510	31	0	1	0	992
2368	589	0	1	1	1	0	0	1	20	75	4	28	510	31	0	1	0	992
2368	590	0	1	1	1	0	0	1	23	75	4	31	510	30	0	1	0	30
2368	595	0	1	1	1	0	0	1	20	75	4	28	510	31	0	1	0	992
2368	597	0	1	1	1	0	0	1	20	75	4	28	510	31	0	1	0	992
2368	598	0	1	1	1	0	0	1	23	75	4	31	510	30	0	1	0	30
2368	601	0	1	1	1	0	0	1	20	75	4	28	510	31	0	1	0	992
2368	602	0	1	1	1	0	0	1	23	75	4	31	510	30	0	1	0	30
2368	604	0	1	1	1	0	0	1	23	75	4	31	510	30	0	1	0	30
2368	611	0	1	1	1	0	0	1	20	75	4	28	510	31	0	1	0	992
2368	613	0	1	1	1	0	0	1	20	75	4	28	510	31	0	1	0	992
2368	614	0	1	1	1	0	0	1	23	75	4	31	510	30	0	1	0	30
2368	617	0	1	1	1	0	0	1	20	75	4	28	510	31	0	1	0	992
2368	618	0	1	1	1	0	0	1	23	75	4	31	510	30	0	1	0	30
2368	620	0	1	1	1	0	0	1	23	75	4	31	510	30	0	1	0	30
2368	625	0	1	1	1	0	0	1	20	75	4	28	510	31	0	1	0	992
2368	626	0	1	1	1	0	0	1	23	75	4	31	510	30	0	1	0	30
2368	628	0	1	1	1	0	0	1	23	75	4	31	510	30	0	1	0	30
2368	632	0	1	1	1	0	0	1	23	75	4	31	510	30	0	1	0	30
2368	647	0	1	1	1	0	0	1	20	77	4	28	510	31	0	1	0	992
2368	651	0	1	1	1	0	0	1	20	77	4	28	510	31	0	1	0	992
2368	653	0	1	1	1	0	0	1	20	77	4	28	510	31	0	1	0	992
2368	654	0	1	1	1	0	0	1	25	11	3	31	510	30	0	1	0	30
2368	659	0	1	1	1	0	0	1	20	77	4	28	510	31	0	1	0	992
2368	661	0	1	1	1	0	0	1	20	77	4	28	510	31	0	1	0	992
2368	662	0	1	1	1	0	0	1	25	11	3	31	510	30	0	1	0	30
2368	665	0	1	1	1	0	0	1	20	77	4	28	510	31	0	1	0	992
2368	666	0	1	1	1	0	0	1	25	11	3	31	510	30	0	1	0	30
2368	668	0	1	1	1	0	0	1	25	11	3	31	510	30	0	1	0	30
2368	675	0	1	1	1	0	0	1	20	77	4	28	510	31	0	1	0	992
2368	677	0	1	1	1	0	0	1	20	77	4	28	510	31	0	1	0	992
2368	678	0	1	1	1	0	0	1	25	11	3	31	510	30	0	1	0	30
2368	681	0	1	1	1	0	0	1	20	77	4	28	510	31	0	1	0	992
2368	682	0	1	1	1	0	0	1	25	11	3	31	510	30	0	1	0	30
2368	684	0	1	1	1	0	0	1	25	11	3	31	510	30	0	1	0	30
2368	689	0	1	1	1	0	0	1	20	77	4	28	510	31	0	1	0	992
2368	690	0	1	1	1	0	0	1	25	11	3	31	510	30	0	1	0	30
2368	692	0	1	1	1	0	0	1	25	11	3	31	510	30	0	1	0	30
2368	696	0	1	1	1	0	0	1	25	11	3	31	510	30	0	1	0	30
2368	707	0	1	1	1	0	0	1	20	77	4	28	510	31	0	1	0	992
2368	709	0	1	1	1	0	0	1	20	77	4	28	510	31	0	1	0	992
2368	710	0	1	1	1	0	0	1	25	11	3	31	510	30	0	1	0	30
2368	713	0	1	1	1	0	0	1	20	77	4	28	510	31	0	1	0	992
2368	714	0	1	1	1	0	0	1	25	11	3	31	510	30	0	1	0	30
2368	716	0	1	1	1	0	0	1	25	11	3	31	510	30	0	1	0	30
2368	721	0	1	1	1	0	0	1	20	77	4	28	510	31	0	1	0	992
2368	722	0	1	1	1	0	0	1	25	11	3	31	510	30	0	1	0	30
2368	724	0	1	1	1	0	0	1	25	11	3	31	510	30	0	1	0	30
2368	728	0	1	1	1	0	0	1	25	11	3	31	510	30	0	1	0	30
2368	737	0	1	1	1	0	0	1	20	77	4	28	510	31	0	1	0	992
2368	738	0	1	1	1	0	0	1	25	11	3	31	510	30	0	1	0	30
2368	740	0	1	1	1	0	0	1	25	11	3	31	510	30	0	1	0	30
2368	744	0	1	1	1	0	0	1	25	11	3	31	510	30	0	1	0	30
2368	752	0	1	1	1	0	0	1	25	11	3	31	510	30	0	1	0	30
2368	775	0	1	1	1	0	0	1	20	77	4	28	510	31	0	1	0	992
2368	779	0	1	1	1	0	0	1	20	77	4	28	510	31	0	1	0	992
2368	781	0	1	1	1	0	0	1	20	77	4	28	510	31	0	1	0	992
2368	782	0	1	1	1	0	0	1	25	11	3	31	510	30	0	1	0	30
2368	787	0	1	1	1	0	0	1	20	77	4	28	510	31	0	1	0	992
2368	789	0	1	1	1	0	0	1	20	77	4	28	510	31	0	1	0	992
2368	790	0	1	1	1	0	0	1	25	11	3	31	510	30	0	1	0	30
2368	793	0	1	1	1	0	0	1	20	77	4	28	510	31	0	1	0	992
2368	794	0	1	1	1	0	0	1	25	11	3	31	510	30	0	1	0	30
2368	796	0	1	1	1	0	0	1	25	11	3	31	510	30	0	1	0	30
2368	803	0	1	1	1	0	0	1	20	77	4	28	510	31	0	1	0	992
2368	805	0	1	1	1	0	0	1	20	77	4	28	510	31	0	1	0	992
2368	806	0	1	1	1	0	0	1	25	11	3	31	510	30	0	1	0	30
2368	809	0	1	1	1	0	0	1	20	77	4	28	510	31	0	1	0	992
2368	810	0	1	1	1	0	0	1	25	11	3	31	510	30	0	1	0	30
2368	812	0	1	1	1	0	0	1	25	11	3	31	510	30	0	1	0	30
2368	817	0	1	1	1	0	0	1	20	77	4	28	510	31	0	1	0	992
2368	818	0	1	1	1	0	0	1	25	11	3	31	510	30	0	1	0	30
2368	820	0	1	1	1	0	0	1	25	11	3	31	510	30	0	1	0	30
2368	824	0	1	1	1	0	0	1	25	11	3	31	510	30	0	1	0	30
2368	835	0	1	1	1	0	0	1	20	77	4	28	510	31	0	1	0	992
2368	837	0	1	1	1	0	0	1	20	77	4	28	510	31	0	1	0	992
2368	838	0	1	1	1	0	0	1	25	11	3	31	510	30	0	1	0	30
2368	841	0	1	1	1	0	0	1	20	77	4	28	510	31	0	1	0	992
2368	842	0	1	1	1	0	0	1	25	11	3	31	510	30	0	1	0	30
2368	844	0	1	1	1	0	0	1	25	11	3	31	510	30	0	1	0	30
2368	849	0	1	1	1	0	0	1	20	77	4	28	510	31	0	1	0	992
2368	850	0	1	1	1	0	0	1	25	11	3	31	510	30	0	1	0	30
2368	852	0	1	1	1	0	0	1	25	11	3	31	510	30	0	1	0	30
2368	856	0	1	1	1	0	0	1	25	11	3	31	510	30	0	1	0	30
2368	865	0	1	1	1	0	0	1	20	77	4	28	510	31	0	1	0	992
2368	866	0	1	1	1	0	0	1	25	11	3	31	510	30	0	1	0	30
2368	868	0	1	1	1	0	0	1	25	11	3	31	510	30	0	1	0	30
2368	872	0	1	1	1	0	0	1	25	11	3	31	510	30	0	1	0	30
2368	880	0	1	1	1	0	0	1	25	11	3	31	510	30	0	1	0	30
2368	899	0	1	1	1	0	0	1	20	77	4	28	510	31	0	1	0	992
2368	901	0	1	1	1	0	0	1	20	77	4	28	510	31	0	1	0	992
2368	902	0	2	1	1	0	0	1	27	3	2	31	510	30	0	1	0	30,992
2368	905	0	1	1	1	0	0	1	20	77	4	28	510	31	0	1	0	992
2368	906	0	2	1	1	0	0	1	27	3	2	31	510	30	0	1	0	30,992
2368	908	0	2	1	1	0	0	1	27	3	2	31	510	30	0	1	0	30,992
2368	913	0	1	1	1	0	0	1	20	77	4	28	510	31	0	1	0	992
2368	914	0	2	1	1	0	0	1	27	3	2	31	510	30	0	1	0	30,992
2368	916	0	2	1	1	0	0	1	27	3	2	31	510	30	0	1	0	30,992
2368	920	0	2	1	1	0	0	1	27	3	2	31	510	30	0	1	0	30,992
2368	929	0	1	1	1	0	0	1	20	77	4	28	510	31	0	1	0	992
2368	930	0	2	1	1	0	0	1	27	3	2	31	510	30	0	1	0	30,992
2368	932	0	2	1	1	0	0	1	27	3	2	31	510	30	0	1	0	30,992
2368	936	0	2	1	1	0	0	1	27	3	2	31	510	30	0	1	0	30,992
2368	944	0	2	1	1	0	0	1	27	3	2	31	510	30	0	1	0	30,992
2368	961	0	1	1	1	0	0	1	20	77	4	28	510	31	0	1	0	992
2368	962	0	2	1	1	0	0	1	27	3	2	31	510	30	0	1	0	30,992
2368	964	0	2	1	1	0	0	1	27	3	2	31	510	30	0	1	0	30,992
2368	968	0	2	1	1	0	0	1	27	3	2	31	510	30	0	1	0	30,992
2368	976	0	2	1	1	0	0	1	27	3	2	31	510	30	0	1	0	30,992
2368	992	0	2	1	1	0	0	1	27	3	2	31	510	30	0	1	0	30,992
2368	1039	0	1	1	1	0	0	1	23	11	3	29	510	31	0	1	0	992
2368	1047	0	1	1	1	0	0	1	23	11	3	29	510	31	0	1	0	992
2368	1051	0	1	1	1	0	0	1	23	11	3	29	510	31	0	1	0	992
2368	1053	0	1	1	1	0	0	1	23	11	3	29	510	31	0	1	0	992
2368	1054	1	1	0	1	0	0	1	24	75	4	32	510	30	0	0	0	30
2368	1063	0	1	1	1	0	0	1	23	11	3	29	510	31	0	1	0	992
2368	1067	0	1	1	1	0	0	1	23	11	3	29	510	31	0	1	0	992
2368	1069	0	1	1	1	0	0	1	23	11	3	29	510	31	0	1	0	992
2368	1070	1	1	0	1	0	0	1	24	75	4	32	510	30	0	0	0	30
2368	1075	0	1	1	1	0	0	1	23	11	3	29	510	31	0	1	0	992
2368	1077	0	1	1	1	0	0	1	23	11	3	29	510	31	0	1	0	992
2368	1078	1	1	0	1	0	0	1	24	75	4	32	510	30	0	0	0	30
2368	1081	0	1	1	1	0	0	1	23	11	3	29	510	31	0	1	0	992
2368	1082	1	1	0	1	0	0	1	24	75	4	32	510	30	0	0	0	30
2368	1084	1	1	0	1	0	0	1	24	75	4	32	510	30	0	0	0	30
2368	1095	0	1	1	1	0	0	1	23	11	3	29	510	31	0	1	0	992
2368	1099	0	1	1	1	0	0	1	23	11	3	29	510	31	0	1	0	992
2368	1101	0	1	1	1	0	0	1	23	11	3	29	510	31	0	1	0	992
2368	1102	1	1	0	1	0	0	1	24	75	4	32	510	30	0	0	0	30
2368	1107	0	1	1	1	0	0	1	23	11	3	29	510	31	0	1	0	992
2368	1109	0	1	1	1	0	0	1	23	11	3	29	510	31	0	1	0	992
2368	1110	1	1	0	1	0	0	1	24	75	4	32	510	30	0	0	0	30
2368	1113	0	1	1	1	0	0	1	23	11	3	29	510	31	0	1	0	992
2368	1114	1	1	0	1	0	0	1	24	75	4	32	510	30	0	0	0	30
2368	1116	1	1	0	1	0	0	1	24	75	4	32	510	30	0	0	0	30
2368	1123	0	1	1	1	0	0	1	23	11	3	29	510	31	0	1	0	992
2368	1125	0	1	1	1	0	0	1	23	11	3	29	510	31	0	1	0	992
2368	1126	1	1	0	1	0	0	1	24	75	4	32	510	30	0	0	0	30
2368	1129	0	1	1	1	0	0	1	23	11	3	29	510	31	0	1	0	992
2368	1130	1	1	0	1	0	0	1	24	75	4	32	510	30	0	0	0	30
2368	1132	1	1	0	1	0	0	1	24	75	4	32	510	30	0	0	0	30
2368	1137	0	1	1	1	0	0	1	23	11	3	29	510	31	0	1	0	992
2368	1138	1	1	0	1	0	0	1	24	75	4	32	510	30	0	0	0	30
2368	1140	1	1	0	1	0	0	1	24	75	4	32	510	30	0	0	0	30
2368	1144	1	1	0	1	0	0	1	24	75	4	32	510	30	0	0	0	30
2368	1159	0	1	1	1	0	0	1	21	77	4	29	510	31	0	1	0	992
2368	1163	0	1	1	1	0	0	1	21	77	4	29	510	31	0	1	0	992
2368	1165	0	1	1	1	0	0	1	21	77	4	29	510	31	0	1	0	992
2368	1166	1	2	0	1	0	0	1	24	75	4	32	510	30	0	0	0	30,992
2368	1171	0	1	1	1	0	0	1	21	77	4	29	510	31	0	1	0	992
2368	1173	0	1	1	1	0	0	1	21	77	4	29	510	31	0	1	0	992
2368	1174	1	2	0	1	0	0	1	24	75	4	32	510	30	0	0	0	30,992
2368	1177	0	1	1	1	0	0	1	21	77	4	29	510	31	0	1	0	992
2368	1178	1	2	0	1	0	0	1	24	75	4	32	510	30	0	0	0	30,992
2368	1180	1	2	0	1	0	0	1	24	75	4	32	510	30	0	0	0	30,992
2368	1187	0	1	1	1	0	0	1	21	77	4	29	510	31	0	1	0	992
2368	1189	0	1	1	1	0	0	1	21	77	4	29	510	31	0	1	0	992
2368	1190	1	2	0	1	0	0	1	24	75	4	32	510	30	0	0	0	30,992
2368	1193	0	1	1	1	0	0	1	21	77	4	29	510	31	0	1	0	992
2368	1194	1	2	0	1	0	0	1	24	75	4	32	510	30	0	0	0	30,992
2368	1196	1	2	0	1	0	0	1	24	75	4	32	510	30	0	0	0	30,992
2368	1201	0	1	1	1	0	0	1	21	77	4	29	510	31	0	1	0	992
2368	1202	1	2	0	1	0	0	1	24	75	4	32	510	30	0	0	0	30,992
2368	1204	1	2	0	1	0	0	1	24	75	4	32	510	30	0	0	0	30,992
2368	1208	1	2	0	1	0	0	1	24	75	4	32	510	30	0	0	0	30,992
2368	1219	0	1	1	1	0	0	1	21	77	4	29	510	31	0	1	0	992
2368	1221	0	1	1	1	0	0	1	21	77	4	29	510	31	0	1	0	992
2368	1222	1	2	0	1	0	0	1	24	75	4	32	510	30	0	0	0	30,992
2368	1225	0	1	1	1	0	0	1	21	77	4	29	510	31	0	1	0	992
2368	1226	1	2	0	1	0	0	1	24	75	4	32	510	30	0	0	0	30,992
2368	1228	1	2	0	1	0	0	1	24	75	4	32	510	30	0	0	0	30,992
2368	1233	0	1	1	1	0	0	1	21	77	4	29	510	31	0	1	0	992
2368	1234	1	2	0	1	0	0	1	24	75	4	32	510	30	0	0	0	30,992
2368	1236	1	2	0	1	0	0	1	24	75	4	32	510	30	0	0	0	30,992
2368	1240	1	2	0	1	0	0	1	24	75	4	32	510	30	0	0	0	30,992
2368	1249	0	1	1	1	0	0	1	21	77	4	29	510	31	0	1	0	992
2368	1250	1	2	0	1	0	0	1	24	75	4	32	510	30	0	0	0	30,992
2368	1252	1	2	0	1	0	0	1	24	75	4	32	510	30	0	0	0	30,992
2368	1256	1	2	0	1	0	0	1	24	75	4	32	510	30	0	0	0	30,992
2368	1264	1	2	0	1	0	0	1	24	75	4	32	510	30	0	0	0	30,992
2368	1287	0	1	1	1	0	0	1	21	77	4	29	510	31	0	1	0	992
2368	1291	0	1	1	1	0	0	1	21	77	4	29	510	31	0	1	0	992
2368	1293	0	1	1	1	0	0	1	21	77	4	29	510	31	0	1	0	992
2368	1294	1	2	0	1	0	0	1	24	75	4	32	510	30	0	0	0	30,992
2368	1299	0	1	1	1	0	0	1	21	77	4	29	510	31	0	1	0	992
2368	1301	0	1	1	1	0	0	1	21	77	4	29	510	31	0	1	0	992
2368	1302	1	2	0	1	0	0	1	24	75	4	32	510	30	0	0	0	30,992
2368	1305	0	1	1	1	0	0	1	21	77	4	29	510	31	0	1	0	992
2368	1306	1	2	0	1	0	0	1	24	75	4	32	510	30	0	0	0	30,992
2368	1308	1	2	0	1	0	0	1	24	75	4	32	510	30	0	0	0	30,992
2368	1315	0	1	1	1	0	0	1	21	77	4	29	510	31	0	1	0	992
2368	1317	0	1	1	1	0	0	1	21	77	4	29	510	31	0	1	0	992
2368	1318	1	2	0	1	0	0	1	24	75	4	32	510	30	0	0	0	30,992
2368	1321	0	1	1	1	0	0	1	21	77	4	29	510	31	0	1	0	992
2368	1322	1	2	0	1	0	0	1	24	75	4	32	510	30	0	0	0	30,992
2368	1324	1	2	0	1	0	0	1	24	75	4	32	510	30	0	0	0	30,992
2368	1329	0	1	1	1	0	0	1	21	77	4	29	510	31	0	1	0	992
2368	1330	1	2	0	1	0	0	1	24	75	4	32	510	30	0	0	0	30,992
2368	1332	1	2	0	1	0	0	1	24	75	4	32	510	30	0	0	0	30,992
2368	1336	1	2	0	1	0	0	1	24	75	4	32	510	30	0	0	0	30,992
2368	1347	0	1	1	1	0	0	1	21	77	4	29	510	31	0	1	0	992
2368	1349	0	1	1	1	0	0	1	21	77	4	29	510	31	0	1	0	992
2368	1350	1	2	0	1	0	0	1	24	75	4	32	510	30	0	0	0	30,992
2368	1353	0	1	1	1	0	0	1	21	77	4	29	510	31	0	1	0	992
2368	1354	1	2	0	1	0	0	1	24	75	4	32	510	30	0	0	0	30,992
2368	1356	1	2	0	1	0	0	1	24	75	4	32	510	30	0	0	0	30,992
2368	1361	0	1	1	1	0	0	1	21	77	4	29	510	31	0	1	0	992
2368	1362	1	2	0	1	0	0	1	24	75	4	32	510	30	0	0	0	30,992
2368	1364	1	2	0	1	0	0	1	24	75	4	32	510	30	0	0	0	30,992
2368	1368	1	2	0	1	0	0	1	24	75	4	32	510	30	0	0	0	30,992
2368	1377	0	1	1	1	0	0	1	21	77	4	29	510	31	0	1	0	992
2368	1378	1	2	0	1	0	0	1	24	75	4	32	510	30	0	0	0	30,992
2368	1380	1	2	0	1	0	0	1	24	75	4	32	510	30	0	0	0	30,992
2368	1384	1	2	0	1	0	0	1	24	75	4	32	510	30	0	0	0	30,992
2368	1392	1	2	0	1	0	0	1	24	75	4	32	510	30	0	0	0	30,992
2368	1411	0	1	1	1	0	0	1	19	94	5	29	510	31	0	1	0	992
2368	1413	0	1	1	1	0	0	1	19	94	5	29	510	31	0	1	0	992
2368	1414	0	1	1	1	1	1	0	24	75	4	32	510	31	1	0	1	992
2368	1417	0	1	1	1	0	0	1	19	94	5	29	510	31	0	1	0	992
2368	1418	0	1	1	1	1	1	0	24	75	4	32	510	31	1	0	1	992
2368	1420	0	1	1	1	1	1	0	24	75	4	32	510	31	1	0	1	992
2368	1425	0	1	1	1	0	0	1	19	94	5	29	510	31	0	1	0	992
2368	1426	0	1	1	1	1	1	0	24	75	4	32	510	31	1	0	1	992
2368	1428	0	1	1	1	1	1	0	24	75	4	32	510	31	1	0	1	992
2368	1432	0	1	1	1	1	1	0	24	75	4	32	510	31	1	0	1	992
2368	1441	0	1	1	1	0	0	1	19	94	5	29	510	31	0	1	0	992
2368	1442	0	1	1	1	1	1	0	24	75	4	32	510	31	1	0	1	992
2368	1444	0	1	1	1	1	1	0	24	75	4	32	510	31	1	0	1	992
2368	1448	0	1	1	1	1	1	0	24	75	4	32	510	31	1	0	1	992
2368	1456	0	1	1	1	1	1	0	24	75	4	32	510	31	1	0	1	992
2368	1473	0	1	1	1	0	0	1	19	94	5	29	510	31	0	1	0	992
2368	1474	0	1	1	1	1	1	0	24	75	4	32	510	31	1	0	1	992
2368	1476	0	1	1	1	1	1	0	24	75	4	32	510	31	1	0	1	992
2368	1480	0	1	1	1	1	1	0	24	75	4	32	510	31	1	0	1	992
2368	1488	0	1	1	1	1	1	0	24	75	4	32	510	31	1	0	1	992
2368	1504	0	1	1	1	1	1	0	24	75	4	32	510	31	1	0	1	992
2368	1543	0	1	1	1	0	0	1	20	94	5	30	510	63	0	1	0	960
2368	1547	0	1	1	1	0	0	1	20	94	5	30	510	63	0	1	0	960
2368	1549	0	1	1	1	0	0	1	20	94	5	30	510	63	0	1	0	960
2368	1550	0	1	1	1	0	0	1	21	222	6	33	510	62	0	1	0	62
2368	1555	0	1	1	1	0	0	1	20	94	5	30	510	63	0	1	0	960
2368	1557	0	1	1	1	0	0	1	20	94	5	30	510	63	0	1	0	960
2368	1558	0	1	1	1	0	0	1	21	222	6	33	510	62	0	1	0	62
2368	1561	0	1	1	1	0	0	1	20	94	5	30	510	63	0	1	0	960
2368	1562	0	1	1	1	0	0	1	21	222	6	33	510	62	0	1	0	62
2368	1564	0	1	1	1	0	0	1	21	222	6	33	510	62	0	1	0	62
2368	1571	0	1	1	1	0	0	1	20	94	5	30	510	63	0	1	0	960
2368	1573	0	1	1	1	0	0	1	20	94	5	30	510	63	0	1	0	960
2368	1574	0	1	1	1	0	0	1	21	222	6	33	510	62	0	1	0	62
2368	1577	0	1	1	1	0	0	1	20	94	5	30	510	63	0	1	0	960
2368	1578	0	1	1	1	0	0	1	21	222	6	33	510	62	0	1	0	62
2368	1580	0	1	1	1	0	0	1	21	222	6	33	510	62	0	1	0	62
2368	1585	0	1	1	1	0	0	1	20	94	5	30	510	63	0	1	0	960
2368	1586	0	1	1	1	0	0	1	21	222	6	33	510	62	0	1	0	62
2368	1588	0	1	1	1	0	0	1	21	222	6	33	510	62	0	1	0	62
2368	1592	0	1	1	1	0	0	1	21	222	6	33	510	62	0	1	0	62
2368	1603	0	1	1	1	0	0	1	20	94	5	30	510	63	0	1	0	960
2368	1605	0	1	1	1	0	0	1	20	94	5	30	510	63	0	1	0	960
2368	1606	0	1	1	1	0	0	1	21	222	6	33	510	62	0	1	0	62
2368	1609	0	1	1	1	0	0	1	20	94	5	30	510	63	0	1	0	960
2368	1610	0	1	1	1	0	0	1	21	222	6	33	510	62	0	1	0	62
2368	1612	0	1	1	1	0	0	1	21	222	6	33	510	62	0	1	0	62
2368	1617	0	1	1	1	0	0	1	20	94	5	30	510	63	0	1	0	960
2368	1618	0	1	1	1	0	0	1	21	222	6	33	510	62	0	1	0	62
2368	1620	0	1	1	1	0	0	1	21	222	6	33	510	62	0	1	0	62
2368	1624	0	1	1	1	0	0	1	21	222	6	33	510	62	0	1	0	62
2368	1633	0	1	1	1	0	0	1	20	94	5	30	510	63	0	1	0	960
2368	1634	0	1	1	1	0	0	1	21	222	6	33	510	62	0	1	0	62
2368	1636	0	1	1	1	0	0	1	21	222	6	33	510	62	0	1	0	62
2368	1640	0	1	1	1	0	0	1	21	222	6	33	510	62	0	1	0	62
2368	1648	0	1	1	1	0	0	1	21	222	6	33	510	62	0	1	0	62
2368	1667	0	1	1	1	0	0	1	22	236	5	30	510	63	0	1	0	960
2368	1669	0	1	1	1	0	0	1	22	236	5	30	510	63	0	1	0	960
2368	1670	0	1	1	1	0	0	1	23	94	5	33	510	62	0	1	0	62
2368	1673	0	1	1	1	0	0	1	22	236	5	30	510	63	0	1	0	960
2368	1674	0	1	1	1	0	0	1	23	94	5	33	510	62	0	1	0	62
2368	1676	0	1	1	1	0	0	1	23	94	5	33	510	62	0	1	0	62
2368	1681	0	1	1	1	0	0	1	22	236	5	30	510	63	0	1	0	960
2368	1682	0	1	1	1	0	0	1	23	94	5	33	510	62	0	1	0	62
2368	1684	0	1	1	1	0	0	1	23	94	5	33	510	62	0	1	0	62
2368	1688	0	1	1	1	0	0	1	23	94	5	33	510	62	0	1	0	62
2368	1697	0	1	1	1	0	0	1	22	236	5	30	510	63	0	1	0	960
2368	1698	0	1	1	1	0	0	1	23	94	5	33	510	62	0	1	0	62
2368	1700	0	1	1	1	0	0	1	23	94	5	33	510	62	0	1	0	62
2368	1704	0	1	1	1	0	0	1	23	94	5	33	510	62	0	1	0	62
2368	1712	0	1	1	1	0	0	1	23	94	5	33	510	62	0	1	0	62
2368	1729	0	1	1	1	0	0	1	22	236	5	30	510	63	0	1	0	960
2368	1730	0	1	1	1	0	0	1	23	94	5	33	510	62	0	1	0	62
2368	1732	0	1	1	1	0	0	1	23	94	5	33	510	62	0	1	0	62
2368	1736	0	1	1	1	0	0	1	23	94	5	33	510	62	0	1	0	62
2368	1744	0	1	1	1	0	0	1	23	94	5	33	510	62	0	1	0	62
2368	1760	0	1	1	1	0	0	1	23	94	5	33	510	62	0	1	0	62
2368	1795	0	1	1	1	0	0	1	22	236	5	30	510	63	0	1	0	960
2368	1797	0	1	1	1	0	0	1	22	236	5	30	510	63	0	1	0	960
2368	1798	0	1	1	1	0	0	1	23	94	5	33	510	62	0	1	0	62
2368	1801	0	1	1	1	0	0	1	22	236	5	30	510	63	0	1	0	960
2368	1802	0	1	1	1	0	0	1	23	94	5	33	510	62	0	1	0	62
2368	1804	0	1	1	1	0	0	1	23	94	5	33	510	62	0	1	0	62
2368	1809	0	1	1	1	0	0	1	22	236	5	30	510	63	0	1	0	960
2368	1810	0	1	1	1	0	0	1	23	94	5	33	510	62	0	1	0	62
2368	1812	0	1	1	1	0	0	1	23	94	5	33	510	62	0	1	0	62
2368	1816	0	1	1	1	0	0	1	23	94	5	33	510	62	0	1	0	62
2368	1825	0	1	1	1	0	0	1	22	236	5	30	510	63	0	1	0	960
2368	1826	0	1	1	1	0	0	1	23	94	5	33	510	62	0	1	0	62
2368	1828	0	1	1	1	0	0	1	23	94	5	33	510	62	0	1	0	62
2368	1832	0	1	1	1	0	0	1	23	94	5	33	510	62	0	1	0	62
2368	1840	0	1	1	1	0	0	1	23	94	5	33	510	62	0	1	0	62
2368	1857	0	1	1	1	0	0	1	22	236	5	30	510	63	0	1	0	960
2368	1858	0	1	1	1	0	0	1	23	94	5	33	510	62	0	1	0	62
2368	1860	0	1	1	1	0	0	1	23	94	5	33	510	62	0	1	0	62
2368	1864	0	1	1	1	0	0	1	23	94	5	33	510	62	0	1	0	62
2368	1872	0	1	1	1	0	0	1	23	94	5	33	510	62	0	1	0	62
2368	1888	0	1	1	1	0	0	1	23	94	5	33	510	62	0	1	0	62
2368	1921	0	1	1	1	0	0	1	20	94	5	30	510	63	0	1	0	960
2368	1922	0	2	1	1	0	0	1	25	77	4	33	510	62	0	1	0	62,960
2368	1924	0	2	1	1	0	0	1	25	77	4	33	510	62	0	1	0	62,960
2368	1928	0	2	1	1	0	0	1	25	77	4	33	510	62	0	1	0	62,960
2368	1936	0	2	1	1	0	0	1	25	77	4	33	510	62	0	1	0	62,960
2368	1952	0	2	1	1	0	0	1	25	77	4	33	510	62	0	1	0	62,960
2368	1984	0	2	1	1	0	0	1	25	77	4	33	510	62	0	1	0	62,960
2368	2063	0	1	1	1	0	0	1	23	11	3	29	510	31	0	1	0	992
2368	2071	0	1	1	1	0	0	1	23	11	3	29	510	31	0	1	0	992
2368	2075	0	1	1	1	0	0	1	23	11	3	29	510	31	0	1	0	992
2368	2077	0	1	1	1	0	0	1	23	11	3	29	510	31	0	1	0	992
2368	2078	1	1	0	1	0	0	1	24	75	4	32	510	30	0	0	0	30
2368	2087	0	1	1	1	0	0	1	23	11	3	29	510	31	0	1	0	992
2368	2091	0	1	1	1	0	0	1	23	11	3	29	510	31	0	1	0	992
2368	2093	0	1	1	1	0	0	1	23	11	3	29	510	31	0	1	0	992
2368	2094	1	1	0	1	0	0	1	24	75	4	32	510	30	0	0	0	30
2368	2099	0	1	1	1	0	0	1	23	11	3	29	510	31	0	1	0	992
2368	2101	0	1	1	1	0	0	1	23	11	3	29	510	31	0	1	0	992
2368	2102	1	1	0	1	0	0	1	24	75	4	32	510	30	0	0	0	30
2368	2105	0	1	1	1	0	0	1	23	11	3	29	510	31	0	1	0	992
2368	2106	1	1	0	1	0	0	1	24	75	4	32	510	30	0	0	0	30
2368	2108	1	1	0	1	0	0	1	24	75	4	32	510	30	0	0	0	30
2368	2119	0	1	1	1	0	0	1	23	11	3	29	510	31	0	1	0	992
2368	2123	0	1	1	1	0	0	1	23	11	3	29	510	31	0	1	0	992
2368	2125	0	1	1	1	0	0	1	23	11	3	29	510	31	0	1	0	992
2368	2126	1	1	0	1	0	0	1	24	75	4	32	510	30	0	0	0	30
2368	2131	0	1	1	1	0	0	1	23	11	3	29	510	31	0	1	0	992
2368	2133	0	1	1	1	0	0	1	23	11	3	29	510	31	0	1	0	992
2368	2134	1	1	0	1	0	0	1	24	75	4	32	510	30	0	0	0	30
2368	2137	0	1	1	1	0	0	1	23	11	3	29	510	31	0	1	0	992
2368	2138	1	1	0	1	0	0	1	24	75	4	32	510	30	0	0	0	30
2368	2140	1	1	0	1	0	0	1	24	75	4	32	510	30	0	0	0	30
2368	2147	0	1	1	1	0	0	1	23	11	3	29	510	31	0	1	0	992
2368	2149	0	1	1	1	0	0	1	23	11	3	29	510	31	0	1	0	992
2368	2150	1	1	0	1	0	0	1	24	75	4	32	510	30	0	0	0	30
2368	2153	0	1	1	1	0	0	1	23	11	3	29	510	31	0	1	0	992
2368	2154	1	1	0	1	0	0	1	24	75	4	32	510	30	0	0	0	30
2368	2156	1	1	0	1	0	0	1	24	75	4	32	510	30	0	0	0	30
2368	2161	0	1	1	1	0	0	1	23	11	3	29	510	31	0	1	0	992
2368	2162	1	1	0	1	0	0	1	24	75	4	32	510	30	0	0	0	30
2368	2164	1	1	0	1	0	0	1	24	75	4	32	510	30	0	0	0	30
2368	2168	1	1	0	1	0	0	1	24	75	4	32	510	30	0	0	0	30
2368	2183	0	1	1	1	0	0	1	21	77	4	29	510	31	0	1	0	992
2368	2187	0	1	1	1	0	0	1	21	77	4	29	510	31	0	1	0	992
2368	2189	0	1	1	1	0	0	1	21	77	4	29	510	31	0	1	0	992
2368	2190	1	2	0	1	0	0	1	24	75	4	32	510	30	0	0	0	30,992
2368	2195	0	1	1	1	0	0	1	21	77	4	29	510	31	0	1	0	992
2368	2197	0	1	1	1	0	0	1	21	77	4	29	510	31	0	1	0	992
2368	2198	1	2	0	1	0	0	1	24	75	4	32	510	30	0	0	0	30,992
2368	2201	0	1	1	1	0	0	1	21	77	4	29	510	31	0	1	0	992
2368	2202	1	2	0	1	0	0	1	24	75	4	32	510	30	0	0	0	30,992
2368	2204	1	2	0	1	0	0	1	24	75	4	32	510	30	0	0	0	30,992
2368	2211	0	1	1	1	0	0	1	21	77	4	29	510	31	0	1	0	992
2368	2213	0	1	1	1	0	0	1	21	77	4	29	510	31	0	1	0	992
2368	2214	1	2	0	1	0	0	1	24	75	4	32	510	30	0	0	0	30,992
2368	2217	0	1	1	1	0	0	1	21	77	4	29	510	31	0	1	0	992
2368	2218	1	2	0	1	0	0	1	24	75	4	32	510	30	0	0	0	30,992
2368	2220	1	2	0	1	0	0	1	24	75	4	32	510	30	0	0	0	30,992
2368	2225	0	1	1	1	0	0	1	21	77	4	29	510	31	0	1	0	992
2368	2226	1	2	0	1	0	0	1	24	75	4	32	510	30	0	0	0	30,992
2368	2228	1	2	0	1	0	0	1	24	75	4	32	510	30	0	0	0	30,992
2368	2232	1	2	0	1	0	0	1	24	75	4	32	510	30	0	0	0	30,992
2368	2243	0	1	1	1	0	0	1	21	77	4	29	510	31	0	1	0	992
2368	2245	0	1	1	1	0	0	1	21	77	4	29	510	31	0	1	0	992
2368	2246	1	2	0	1	0	0	1	24	75	4	32	510	30	0	0	0	30,992
2368	2249	0	1	1	1	0	0	1	21	77	4	29	510	31	0	1	0	992
2368	2250	1	2	0	1	0	0	1	24	75	4	32	510	30	0	0	0	30,992
2368	2252	1	2	0	1	0	0	1	24	75	4	32	510	30	0	0	0	30,992
2368	2257	0	1	1	1	0	0	1	21	77	4	29	510	31	0	1	0	992
2368	2258	1	2	0	1	0	0	1	24	75	4	32	510	30	0	0	0	30,992
2368	2260	1	2	0	1	0	0	1	24	75	4	32	510	30	0	0	0	30,992
2368	2264	1	2	0	1	0	0	1	24	75	4	32	510	30	0	0	0	30,992
2368	2273	0	1	1	1	0	0	1	21	77	4	29	510	31	0	1	0	992
2368	2274	1	2	0	1	0	0	1	24	75	4	32	510	30	0	0	0	30,992
2368	2276	1	2	0	1	0	0	1	24	75	4	32	510	30	0	0	0	30,992
2368	2280	1	2	0	1	0	0	1	24	75	4	32	510	30	0	0	0	30,992
2368	2288	1	2	0	1	0	0	1	24	75	4	32	510	30	0	0	0	30,992
2368	2311	0	1	1	1	0	0	1	21	77	4	29	510	31	0	1	0	992
2368	2315	0	1	1	1	0	0	1	21	77	4	29	510	31	0	1	0	992
2368	2317	0	1	1	1	0	0	1	21	77	4	29	510	31	0	1	0	992
2368	2318	1	2	0	1	0	0	1	24	75	4	32	510	30	0	0	0	30,992
2368	2323	0	1	1	1	0	0	1	21	77	4	29	510	31	0	1	0	992
2368	2325	0	1	1	1	0	0	1	21	77	4	29	510	31	0	1	0	992
2368	2326	1	2	0	1	0	0	1	24	75	4	32	510	30	0	0	0	30,992
2368	2329	0	1	1	1	0	0	1	21	77	4	29	510	31	0	1	0	992
2368	2330	1	2	0	1	0	0	1	24	75	4	32	510	30	0	0	0	30,992
2368	2332	1	2	0	1	0	0	1	24	75	4	32	510	30	0	0	0	30,992
2368	2339	0	1	1	1	0	0	1	21	77	4	29	510	31	0	1	0	992
2368	2341	0	1	1	1	0	0	1	21	77	4	29	510	31	0	1	0	992
2368	2342	1	2	0	1	0	0	1	24	75	4	32	510	30	0	0	0	30,992
2368	2345	0	1	1	1	0	0	1	21	77	4	29	510	31	0	1	0	992
2368	2346	1	2	0	1	0	0	1	24	75	4	32	510	30	0	0	0	30,992
2368	2348	1	2	0	1	0	0	1	24	75	4	32	510	30	0	0	0	30,992
2368	2353	0	1	1	1	0	0	1	21	77	4	29	510	31	0	1	0	992
2368	2354	1	2	0	1	0	0	1	24	75	4	32	510	30	0	0	0	30,992
2368	2356	1	2	0	1	0	0	1	24	75	4	32	510	30	0	0	0	30,992
2368	2360	1	2	0	1	0	0	1	24	75	4	32	510	30	0	0	0	30,992
2368	2371	0	1	1	1	0	0	1	21	77	4	29	510	31	0	1	0	992
2368	2373	0	1	1	1	0	0	1	21	77	4	29	510	31	0	1	0	992
2368	2374	1	2	0	1	0	0	1	24	75	4	32	510	30	0	0	0	30,992
2368	2377	0	1	1	1	0	0	1	21	77	4	29	510	31	0	1	0	992
2368	2378	1	2	0	1	0	0	1	24	75	4	32	510	30	0	0	0	30,992
2368	2380	1	2	0	1	0	0	1	24	75	4	32	510	30	0	0	0	30,992
2368	2385	0	1	1	1	0	0	1	21	77	4	29	510	31	0	1	0	992
2368	2386	1	2	0	1	0	0	1	24	75	4	32	510	30	0	0	0	30,992
2368	2388	1	2	0	1	0	0	1	24	75	4	32	510	30	0	0	0	30,992
2368	2392	1	2	0	1	0	0	1	24	75	4	32	510	30	0	0	0	30,992
2368	2401	0	1	1	1	0	0	1	21	77	4	29	510	31	0	1	0	992
2368	2402	1	2	0	1	0	0	1	24	75	4	32	510	30	0	0	0	30,992
2368	2404	1	2	0	1	0	0	1	24	75	4	32	510	30	0	0	0	30,992
2368	2408	1	2	0	1	0	0	1	24	75	4	32	510	30	0	0	0	30,992
2368	2416	1	2	0	1	0	0	1	24	75	4	32	510	30	0	0	0	30,992
2368	2435	0	1	1	1	0	0	1	19	94	5	29	510	31	0	1	0	992
2368	2437	0	1	1	1	0	0	1	19	94	5	29	510	31	0	1	0	992
2368	2438	0	1	1	1	1	1	0	24	75	4	32	510	31	1	0	1	992
2368	2441	0	1	1	1	0	0	1	19	94	5	29	510	31	0	1	0	992
2368	2442	0	1	1	1	1	1	0	24	75	4	32	510	31	1	0	1	992
2368	2444	0	1	1	1	1	1	0	24	75	4	32	510	31	1	0	1	992
2368	2449	0	1	1	1	0	0	1	19	94	5	29	510	31	0	1	0	992
2368	2450	0	1	1	1	1	1	0	24	75	4	32	510	31	1	0	1	992
2368	2452	0	1	1	1	1	1	0	24	75	4	32	510	31	1	0	1	992
2368	2456	0	1	1	1	1	1	0	24	75	4	32	510	31	1	0	1	992
2368	2465	0	1	1	1	0	0	1	19	94	5	29	510	31	0	1	0	992
2368	2466	0	1	1	1	1	1	0	24	75	4	32	510	31	1	0	1	992
2368	2468	0	1	1	1	1	1	0	24	75	4	32	510	31	1	0	1	992
2368	2472	0	1	1	1	1	1	0	24	75	4	32	510	31	1	0	1	992
2368	2480	0	1	1	1	1	1	0	24	75	4	32	510	31	1	0	1	992
2368	2497	0	1	1	1	0	0	1	19	94	5	29	510	31	0	1	0	992
2368	2498	0	1	1	1	1	1	0	24	75	4	32	510	31	1	0	1	992
2368	2500	0	1	1	1	1	1	0	24	75	4	32	510	31	1	0	1	992
2368	2504	0	1	1	1	1	1	0	24	75	4	32	510	31	1	0	1	992
2368	2512	0	1	1	1	1	1	0	24	75	4	32	510	31	1	0	1	992
2368	2528	0	1	1	1	1	1	0	24	75	4	32	510	31	1	0	1	992
2368	2567	0	1	1	1	0	0	1	20	94	5	30	510	63	0	1	0	960
2368	2571	0	1	1	1	0	0	1	20	94	5	30	510	63	0	1	0	960
2368	2573	0	1	1	1	0	0	1	20	94	5	30	510	63	0	1	0	960
2368	2574	0	1	1	1	0	0	1	21	222	6	33	510	62	0	1	0	62
2368	2579	0	1	1	1	0	0	1	20	94	5	30	510	63	0	1	0	960
2368	2581	0	1	1	1	0	0	1	20	94	5	30	510	63	0	1	0	960
2368	2582	0	1	1	1	0	0	1	21	222	6	33	510	62	0	1	0	62
2368	2585	0	1	1	1	0	0	1	20	94	5	30	510	63	0	1	0	960
2368	2586	0	1	1	1	0	0	1	21	222	6	33	510	62	0	1	0	62
2368	2588	0	1	1	1	0	0	1	21	222	6	33	510	62	0	1	0	62
2368	2595	0	1	1	1	0	0	1	20	94	5	30	510	63	0	1	0	960
2368	2597	0	1	1	1	0	0	1	20	94	5	30	510	63	0	1	0	960
2368	2598	0	1	1	1	0	0	1	21	222	6	33	510	62	0	1	0	62
2368	2601	0	1	1	1	0	0	1	20	94	5	30	510	63	0	1	0	960
2368	2602	0	1	1	1	0	0	1	21	222	6	33	510	62	0	1	0	62
2368	2604	0	1	1	1	0	0	1	21	222	6	33	510	62	0	1	0	62
2368	2609	0	1	1	1	0	0	1	20	94	5	30	510	63	0	1	0	960
2368	2610	0	1	1	1	0	0	1	21	222	6	33	510	62	0	1	0	62
2368	2612	0	1	1	1	0	0	1	21	222	6	33	510	62	0	1	0	62
2368	2616	0	1	1	1	0	0	1	21	222	6	33	510	62	0	1	0	62
2368	2627	0	1	1	1	0	0	1	20	94	5	30	510	63	0	1	0	960
2368	2629	0	1	1	1	0	0	1	20	94	5	30	510	63	0	1	0	960
2368	2630	0	1	1	1	0	0	1	21	222	6	33	510	62	0	1	0	62
2368	2633	0	1	1	1	0	0	1	20	94	5	30	510	63	0	1	0	960
2368	2634	0	1	1	1	0	0	1	21	222	6	33	510	62	0	1	0	62
2368	2636	0	1	1	1	0	0	1	21	222	6	33	510	62	0	1	0	62
2368	2641	0	1	1	1	0	0	1	20	94	5	30	510	63	0	1	0	960
2368	2642	0	1	1	1	0	0	1	21	222	6	33	510	62	0	1	0	62
2368	2644	0	1	1	1	0	0	1	21	222	6	33	510	62	0	1	0	62
2368	2648	0	1	1	1	0	0	1	21	222	6	33	510	62	0	1	0	62
2368	2657	0	1	1	1	0	0	1	20	94	5	30	510	63	0	1	0	960
2368	2658	0	1	1	1	0	0	1	21	222	6	33	510	62	0	1	0	62
2368	2660	0	1	1	1	0	0	1	21	222	6	33	510	62	0	1	0	62
2368	2664	0	1	1	1	0	0	1	21	222	6	33	510	62	0	1	0	62
2368	2672	0	1	1	1	0	0	1	21	222	6	33	510	62	0	1	0	62
2368	2691	0	1	1	1	0	0	1	22	236	5	30	510	63	0	1	0	960
2368	2693	0	1	1	1	0	0	1	22	236	5	30	510	63	0	1	0	960
2368	2694	0	1	1	1	0	0	1	23	94	5	33	510	62	0	1	0	62
2368	2697	0	1	1	1	0	0	1	22	236	5	30	510	63	0	1	0	960
2368	2698	0	1	1	1	0	0	1	23	94	5	33	510	62	0	1	0	62
2368	2700	0	1	1	1	0	0	1	23	94	5	33	510	62	0	1	0	62
2368	2705	0	1	1	1	0	0	1	22	236	5	30	510	63	0	1	0	960
2368	2706	0	1	1	1	0	0	1	23	94	5	33	510	62	0	1	0	62
2368	2708	0	1	1	1	0	0	1	23	94	5	33	510	62	0	1	0	62
2368	2712	0	1	1	1	0	0	1	23	94	5	33	510	62	0	1	0	62
2368	2721	0	1	1	1	0	0	1	22	236	5	30	510	63	0	1	0	960
2368	2722	0	1	1	1	0	0	1	23	94	5	33	510	62	0	1	0	62
2368	2724	0	1	1	1	0	0	1	23	94	5	33	510	62	0	1	0	62
2368	2728	0	1	1	1	0	0	1	23	94	5	33	510	62	0	1	0	62
2368	2736	0	1	1	1	0	0	1	23	94	5	33	510	62	0	1	0	62
2368	2753	0	1	1	1	0	0	1	22	236	5	30	510	63	0	1	0	960
2368	2754	0	1	1	1	0	0	1	23	94	5	33	510	62	0	1	0	62
2368	2756	0	1	1	1	0	0	1	23	94	5	33	510	62	0	1	0	62
2368	2760	0	1	1	1	0	0	1	23	94	5	33	510	62	0	1	0	62
2368	2768	0	1	1	1	0	0	1	23	94	5	33	510	62	0	1	0	62
2368	2784	0	1	1	1	0	0	1	23	94	5	33	510	62	0	1	0	62
2368	2819	0	1	1	1	0	0	1	22	236	5	30	510	63	0	1	0	960
2368	2821	0	1	1	1	0	0	1	22	236	5	30	510	63	0	1	0	960
2368	2822	0	1	1	1	0	0	1	23	94	5	33	510	62	0	1	0	62
2368	2825	0	1	1	1	0	0	1	22	236	5	30	510	63	0	1	0	960
2368	2826	0	1	1	1	0	0	1	23	94	5	33	510	62	0	1	0	62
2368	2828	0	1	1	1	0	0	1	23	94	5	33	510	62	0	1	0	62
2368	2833	0	1	1	1	0	0	1	22	236	5	30	510	63	0	1	0	960
2368	2834	0	1	1	1	0	0	1	23	94	5	33	510	62	0	1	0	62
2368	2836	0	1	1	1	0	0	1	23	94	5	33	510	62	0	1	0	62
2368	2840	0	1	1	1	0	0	1	23	94	5	33	510	62	0	1	0	62
2368	2849	0	1	1	1	0	0	1	22	236	5	30	510	63	0	1	0	960
2368	2850	0	1	1	1	0	0	1	23	94	5	33	510	62	0	1	0	62
2368	2852	0	1	1	1	0	0	1	23	94	5	33	510	62	0	1	0	62
2368	2856	0	1	1	1	0	0	1	23	94	5	33	510	62	0	1	0	62
2368	2864	0	1	1	1	0	0	1	23	94	5	33	510	62	0	1	0	62
2368	2881	0	1	1	1	0	0	1	22	236	5	30	510	63	0	1	0	960
2368	2882	0	1	1	1	0	0	1	23	94	5	33	510	62	0	1	0	62
2368	2884	0	1	1	1	0	0	1	23	94	5	33	510	62	0	1	0	62
2368	2888	0	1	1	1	0	0	1	23	94	5	33	510	62	0	1	0	62
2368	2896	0	1	1	1	0	0	1	23	94	5	33	510	62	0	1	0	62
2368	2912	0	1	1	1	0	0	1	23	94	5	33	510	62	0	1	0	62
2368	2945	0	1	1	1	0	0	1	20	94	5	30	510	63	0	1	0	960
2368	2946	0	2	1	1	0	0	1	25	77	4	33	510	62	0	1	0	62,960
2368	2948	0	2	1	1	0	0	1	25	77	4	33	510	62	0	1	0	62,960
2368	2952	0	2	1	1	0	0	1	25	77	4	33	510	62	0	1	0	62,960
2368	2960	0	2	1	1	0	0	1	25	77	4	33	510	62	0	1	0	62,960
2368	2976	0	2	1	1	0	0	1	25	77	4	33	510	62	0	1	0	62,960
2368	3008	0	2	1	1	0	0	1	25	77	4	33	510	62	0	1	0	62,960
2368	3079	0	1	1	1	0	0	1	23	30	4	31	510	63	0	1	0	960
2368	3083	0	1	1	1	0	0	1	23	30	4	31	510	63	0	1	0	960
2368	3085	0	1	1	1	0	0	1	23	30	4	31	510	63	0	1	0	960
2368	3086	1	1	0	1	0	0	1	22	222	6	34	510	62	0	0	0	62
2368	3091	0	1	1	1	0	0	1	23	30	4	31	510	63	0	1	0	960
2368	3093	0	1	1	1	0	0	1	23	30	4	31	510	63	0	1	0	960
2368	3094	1	1	0	1	0	0	1	22	222	6	34	510	62	0	0	0	62
2368	3097	0	1	1	1	0	0	1	23	30	4	31	510	63	0	1	0	960
2368	3098	1	1	0	1	0	0	1	22	222	6	34	510	62	0	0	0	62
2368	3100	1	1	0	1	0	0	1	22	222	6	34	510	62	0	0	0	62
2368	3107	0	1	1	1	0	0	1	23	30	4	31	510	63	0	1	0	960
2368	3109	0	1	1	1	0	0	1	23	30	4	31	510	63	0	1	0	960
2368	3110	1	1	0	1	0	0	1	22	222	6	34	510	62	0	0	0	62
2368	3113	0	1	1	1	0	0	1	23	30	4	31	510	63	0	1	0	960
2368	3114	1	1	0	1	0	0	1	22	222	6	34	510	62	0	0	0	62
2368	3116	1	1	0	1	0	0	1	22	222	6	34	510	62	0	0	0	62
2368	3121	0	1	1	1	0	0	1	23	30	4	31	510	63	0	1	0	960
2368	3122	1	1	0	1	0	0	1	22	222	6	34	510	62	0	0	0	62
2368	3124	1	1	0	1	0	0	1	22	222	6	34	510	62	0	0	0	62
2368	3128	1	1	0	1	0	0	1	22	222	6	34	510	62	0	0	0	62
2368	3139	0	1	1	1	0	0	1	23	30	4	31	510	63	0	1	0	960
2368	3141	0	1	1	1	0	0	1	23	30	4	31	510	63	0	1	0	960
2368	3142	1	1	0	1	0	0	1	22	222	6	34	510	62	0	0	0	62
2368	3145	0	1	1	1	0	0	1	23	30	4	31	510	63	0	1	0	960
2368	3146	1	1	0	1	0	0	1	22	222	6	34	510	62	0	0	0	62
2368	3148	1	1	0	1	0	0	1	22	222	6	34	510	62	0	0	0	62
2368	3153	0	1	1	1	0	0	1	23	30	4	31	510	63	0	1	0	960
2368	3154	1	1	0	1	0	0	1	22	222	6	34	510	62	0	0	0	62
2368	3156	1	1	0	1	0	0	1	22	222	6	34	510	62	0	0	0	62
2368	3160	1	1	0	1	0	0	1	22	222	6	34	510	62	0	0	0	62
2368	3169	0	1	1	1	0	0	1	23	30	4	31	510	63	0	1	0	960
2368	3170	1	1	0	1	0	0	1	22	222	6	34	510	62	0	0	0	62
2368	3172	1	1	0	1	0	0	1	22	222	6	34	510	62	0	0	0	62
2368	3176	1	1	0	1	0	0	1	22	222	6	34	510	62	0	0	0	62
2368	3184	1	1	0	1	0	0	1	22	222	6	34	510	62	0	0	0	62
2368	3203	0	1	1	1	0	0	1	21	94	5	31	510	63	0	1	0	960
2368	3205	0	1	1	1	0	0	1	21	94	5	31	510	63	0	1	0	960
2368	3206	1	2	0	1	0	0	1	22	222	6	34	510	62	0	0	0	62,960
2368	3209	0	1	1	1	0	0	1	21	94	5	31	510	63	0	1	0	960
2368	3210	1	2	0	1	0	0	1	22	222	6	34	510	62	0	0	0	62,960
2368	3212	1	2	0	1	0	0	1	22	222	6	34	510	62	0	0	0	62,960
2368	3217	0	1	1	1	0	0	1	21	94	5	31	510	63	0	1	0	960
2368	3218	1	2	0	1	0	0	1	22	222	6	34	510	62	0	0	0	62,960
2368	3220	1	2	0	1	0	0	1	22	222	6	34	510	62	0	0	0	62,960
2368	3224	1	2	0	1	0	0	1	22	222	6	34	510	62	0	0	0	62,960
2368	3233	0	1	1	1	0	0	1	21	94	5	31	510	63	0	1	0	960
2368	3234	1	2	0	1	0	0	1	22	222	6	34	510	62	0	0	0	62,960
2368	3236	1	2	0	1	0	0	1	22	222	6	34	510	62	0	0	0	62,960
2368	3240	1	2	0	1	0	0	1	22	222	6	34	510	62	0	0	0	62,960
2368	3248	1	2	0	1	0	0	1	22	222	6	34	510	62	0	0	0	62,960
2368	3265	0	1	1	1	0	0	1	21	94	5	31	510	63	0	1	0	960
2368	3266	1	2	0	1	0	0	1	22	222	6	34	510	62	0	0	0	62,960
2368	3268	1	2	0	1	0	0	1	22	222	6	34	510	62	0	0	0	62,960
2368	3272	1	2	0	1	0	0	1	22	222	6	34	510	62	0	0	0	62,960
2368	3280	1	2	0	1	0	0	1	22	222	6	34	510	62	0	0	0	62,960
2368	3296	1	2	0	1	0	0	1	22	222	6	34	510	62	0	0	0	62,960
2368	3331	0	1	1	1	0	0	1	21	94	5	31	510	63	0	1	0	960
2368	3333	0	1	1	1	0	0	1	21	94	5	31	510	63	0	1	0	960
2368	3334	1	2	0	1	0	0	1	22	222	6	34	510	62	0	0	0	62,960
2368	3337	0	1	1	1	0	0	1	21	94	5	31	510	63	0	1	0	960
2368	3338	1	2	0	1	0	0	1	22	222	6	34	510	62	0	0	0	62,960
2368	3340	1	2	0	1	0	0	1	22	222	6	34	510	62	0	0	0	62,960
2368	3345	0	1	1	1	0	0	1	21	94	5	31	510	63	0	1	0	960
2368	3346	1	2	0	1	0	0	1	22	222	6	34	510	62	0	0	0	62,960
2368	3348	1	2	0	1	0	0	1	22	222	6	34	510	62	0	0	0	62,960
2368	3352	1	2	0	1	0	0	1	22	222	6	34	510	62	0	0	0	62,960
2368	3361	0	1	1	1	0	0	1	21	94	5	31	510	63	0	1	0	960
2368	3362	1	2	0	1	0	0	1	22	222	6	34	510	62	0	0	0	62,960
2368	3364	1	2	0	1	0	0	1	22	222	6	34	510	62	0	0	0	62,960
2368	3368	1	2	0	1	0	0	1	22	222	6	34	510	62	0	0	0	62,960
2368	3376	1	2	0	1	0	0	1	22	222	6	34	510	62	0	0	0	62,960
2368	3393	0	1	1	1	0	0	1	21	94	5	31	510	63	0	1	0	960
2368	3394	1	2	0	1	0	0	1	22	222	6	34	510	62	0	0	0	62,960
2368	3396	1	2	0	1	0	0	1	22	222	6	34	510	62	0	0	0	62,960
2368	3400	1	2	0	1	0	0	1	22	222	6	34	510	62	0	0	0	62,960
2368	3408	1	2	0	1	0	0	1	22	222	6	34	510	62	0	0	0	62,960
2368	3424	1	2	0	1	0	0	1	22	222	6	34	510	62	0	0	0	62,960
2368	3457	0	1	1	1	0	0	1	19	222	6	31	510	63	0	1	0	960
2368	3458	0	1	1	1	1	1	0	22	222	6	34	510	63	1	0	1	960
2368	3460	0	1	1	1	1	1	0	22	222	6	34	510	63	1	0	1	960
2368	3464	0	1	1	1	1	1	0	22	222	6	34	510	63	1	0	1	960
2368	3472	0	1	1	1	1	1	0	22	222	6	34	510	63	1	0	1	960
2368	3488	0	1	1	1	1	1	0	22	222	6	34	510	63	1	0	1	960
2368	3520	0	1	1	1	1	1	0	22	222	6	34	510	63	1	0	1	960
2368	3587	0	1	1	1	0	0	1	24	77	4	32	510	127	0	1	0	896
2368	3589	0	1	1	1	0	0	1	24	77	4	32	510	127	0	1	0	896
2368	3590	0	1	1	1	0	0	1	23	222	6	35	510	126	0	1	0	126
2368	3593	0	1	1	1	0	0	1	24	77	4	32	510	127	0	1	0	896
2368	3594	0	1	1	1	0	0	1	23	222	6	35	510	126	0	1	0	126
2368	3596	0	1	1	1	0	0	1	23	222	6	35	510	126	0	1	0	126
2368	3601	0	1	1	1	0	0	1	24	77	4	32	510	127	0	1	0	896
2368	3602	0	1	1	1	0	0	1	23	222	6	35	510	126	0	1	0	126
2368	3604	0	1	1	1	0	0	1	23	222	6	35	510	126	0	1	0	126
2368	3608	0	1	1	1	0	0	1	23	222	6	35	510	126	0	1	0	126
2368	3617	0	1	1	1	0	0	1	24	77	4	32	510	127	0	1	0	896
2368	3618	0	1	1	1	0	0	1	23	222	6	35	510	126	0	1	0	126
2368	3620	0	1	1	1	0	0	1	23	222	6	35	510	126	0	1	0	126
2368	3624	0	1	1	1	0	0	1	23	222	6	35	510	126	0	1	0	126
2368	3632	0	1	1	1	0	0	1	23	222	6	35	510	126	0	1	0	126
2368	3649	0	1	1	1	0	0	1	24	77	4	32	510	127	0	1	0	896
2368	3650	0	1	1	1	0	0	1	23	222	6	35	510	126	0	1	0	126
2368	3652	0	1	1	1	0	0	1	23	222	6	35	510	126	0	1	0	126
2368	3656	0	1	1	1	0	0	1	23	222	6	35	510	126	0	1	0	126
2368	3664	0	1	1	1	0	0	1	23	222	6	35	510	126	0	1	0	126
2368	3680	0	1	1	1	0	0	1	23	222	6	35	510	126	0	1	0	126
2368	3713	0	1	1	1	0	0	1	24	77	4	32	510	127	0	1	0	896
2368	3714	0	1	1	1	0	0	1	25	94	5	35	510	126	0	1	0	126
2368	3716	0	1	1	1	0	0	1	25	94	5	35	510	126	0	1	0	126
2368	3720	0	1	1	1	0	0	1	25	94	5	35	510	126	0	1	0	126
2368	3728	0	1	1	1	0	0	1	25	94	5	35	510	126	0	1	0	126
2368	3744	0	1	1	1	0	0	1	25	94	5	35	510	126	0	1	0	126
2368	3776	0	1	1	1	0	0	1	25	94	5	35	510	126	0	1	0	126
2368	3841	0	1	1	1	0	0	1	24	77	4	32	510	127	0	1	0	896
2368	3842	0	1	1	1	0	0	1	25	94	5	35	510	126	0	1	0	126
2368	3844	0	1	1	1	0	0	1	25	94	5	35	510	126	0	1	0	126
2368	3848	0	1	1	1	0	0	1	25	94	5	35	510	126	0	1	0	126
2368	3856	0	1	1	1	0	0	1	25	94	5	35	510	126	0	1	0	126
2368	3872	0	1	1	1	0	0	1	25	94	5	35	510	126	0	1	0	126
2368	3904	0	1	1	1	0	0	1	25	94	5	35	510	126	0	1	0	126
2368	3968	0	2	1	1	0	0	1	27	30	4	35	510	126	0	1	0	126,896
2368	4111	0	1	1	1	0	0	1	23	11	3	29	510	31	0	1	0	992
2368	4119	0	1	1	1	0	0	1	23	11	3	29	510	31	0	1	0	992
2368	4123	0	1	1	1	0	0	1	23	11	3	29	510	31	0	1	0	992
2368	4125	0	1	1	1	0	0	1	23	11	3	29	510	31	0	1	0	992
2368	4126	1	1	0	1	0	0	1	24	75	4	32	510	30	0	0	0	30
2368	4135	0	1	1	1	0	0	1	23	11	3	29	510	31	0	1	0	992
2368	4139	0	1	1	1	0	0	1	23	11	3	29	510	31	0	1	0	992
2368	4141	0	1	1	1	0	0	1	23	11	3	29	510	31	0	1	0	992
2368	4142	1	1	0	1	0	0	1	24	75	4	32	510	30	0	0	0	30
2368	4147	0	1	1	1	0	0	1	23	11	3	29	510	31	0	1	0	992
2368	4149	0	1	1	1	0	0	1	23	11	3	29	510	31	0	1	0	992
2368	4150	1	1	0	1	0	0	1	24	75	4	32	510	30	0	0	0	30
2368	4153	0	1	1	1	0	0	1	23	11	3	29	510	31	0	1	0	992
2368	4154	1	1	0	1	0	0	1	24	75	4	32	510	30	0	0	0	30
2368	4156	1	1	0	1	0	0	1	24	75	4	32	510	30	0	0	0	30
2368	4167	0	1	1	1	0	0	1	23	11	3	29	510	31	0	1	0	992
2368	4171	0	1	1	1	0	0	1	23	11	3	29	510	31	0	1	0	992
2368	4173	0	1	1	1	0	0	1	23	11	3	29	510	31	0	1	0	992
2368	4174	1	1	0	1	0	0	1	24	75	4	32	510	30	0	0	0	30
2368	4179	0	1	1	1	0	0	1	23	11	3	29	510	31	0	1	0	992
2368	4181	0	1	1	1	0	0	1	23	11	3	29	510	31	0	1	0	992
2368	4182	1	1	0	1	0	0	1	24	75	4	32	510	30	0	0	0	30
2368	4185	0	1	1	1	0	0	1	23	11	3	29	510	31	0	1	0	992
2368	4186	1	1	0	1	0	0	1	24	75	4	32	510	30	0	0	0	30
2368	4188	1	1	0	1	0	0	1	24	75	4	32	510	30	0	0	0	30
2368	4195	0	1	1	1	0	0	1	23	11	3	29	510	31	0	1	0	992
2368	4197	0	1	1	1	0	0	1	23	11	3	29	510	31	0	1	0	992
2368	4198	1	1	0	1	0	0	1	24	75	4	32	510	30	0	0	0	30
2368	4201	0	1	1	1	0	0	1	23	11	3	29	510	31	0	1	0	992
2368	4202	1	1	0	1	0	0	1	24	75	4	32	510	30	0	0	0	30
2368	4204	1	1	0	1	0	0	1	24	75	4	32	510	30	0	0	0	30
2368	4209	0	1	1	1	0	0	1	23	11	3	29	510	31	0	1	0	992
2368	4210	1	1	0	1	0	0	1	24	75	4	32	510	30	0	0	0	30
2368	4212	1	1	0	1	0	0	1	24	75	4	32	510	30	0	0	0	30
2368	4216	1	1	0	1	0	0	1	24	75	4	32	510	30	0	0	0	30
2368	4231	0	1	1	1	0	0	1	21	77	4	29	510	31	0	1	0	992
2368	4235	0	1	1	1	0	0	1	21	77	4	29	510	31	0	1	0	992
2368	4237	0	1	1	1	0	0	1	21	77	4	29	510	31	0	1	0	992
2368	4238	1	2	0	1	0	0	1	24	75	4	32	510	30	0	0	0	30,992
2368	4243	0	1	1	1	0	0	1	21	77	4	29	510	31	0	1	0	992
2368	4245	0	1	1	1	0	0	1	21	77	4	29	510	31	0	1	0	992
2368	4246	1	2	0	1	0	0	1	24	75	4	32	510	30	0	0	0	30,992
2368	4249	0	1	1	1	0	0	1	21	77	4	29	510	31	0	1	0	992
2368	4250	1	2	0	1	0	0	1	24	75	4	32	510	30	0	0	0	30,992
2368	4252	1	2	0	1	0	0	1	24	75	4	32	510	30	0	0	0	30,992
2368	4259	0	1	1	1	0	0	1	21	77	4	29	510	31	0	1	0	992
2368	4261	0	1	1	1	0	0	1	21	77	4	29	510	31	0	1	0	992
2368	4262	1	2	0	1	0	0	1	24	75	4	32	510	30	0	0	0	30,992
2368	4265	0	1	1	1	0	0	1	21	77	4	29	510	31	0	1	0	992
2368	4266	1	2	0	1	0	0	1	24	75	4	32	510	30	0	0	0	30,992
2368	4268	1	2	0	1	0	0	1	24	75	4	32	510	30	0	0	0	30,992
2368	4273	0	1	1	1	0	0	1	21	77	4	29	510	31	0	1	0	992
2368	4274	1	2	0	1	0	0	1	24	75	4	32	510	30	0	0	0	30,992
2368	4276	1	2	0	1	0	0	1	24	75	4	32	510	30	0	0	0	30,992
2368	4280	1	2	0	1	0	0	1	24	75	4	32	510	30	0	0	0	30,992
2368	4291	0	1	1	1	0	0	1	21	77	4	29	510	31	0	1	0	992
2368	4293	0	1	1	1	0	0	1	21	77	4	29	510	31	0	1	0	992
2368	4294	1	2	0	1	0	0	1	24	75	4	32	510	30	0	0	0	30,992
2368	4297	0	1	1	1	0	0	1	21	77	4	29	510	31	0	1	0	992
2368	4298	1	2	0	1	0	0	1	24	75	4	32	510	30	0	0	0	30,992
2368	4300	1	2	0	1	0	0	1	24	75	4	32	510	30	0	0	0	30,992
2368	4305	0	1	1	1	0	0	1	21	77	4	29	510	31	0	1	0	992
2368	4306	1	2	0	1	0	0	1	24	75	4	32	510	30	0	0	0	30,992
2368	4308	1	2	0	1	0	0	1	24	75	4	32	510	30	0	0	0	30,992
2368	4312	1	2	0	1	0	0	1	24	75	4	32	510	30	0	0	0	30,992
2368	4321	0	1	1	1	0	0	1	21	77	4	29	510	31	0	1	0	992
2368	4322	1	2	0	1	0	0	1	24	75	4	32	510	30	0	0	0	30,992
2368	4324	1	2	0	1	0	0	1	24	75	4	32	510	30	0	0	0	30,992
2368	4328	1	2	0	1	0	0	1	24	75	4	32	510	30	0	0	0	30,992
2368	4336	1	2	0	1	0	0	1	24	75	4	32	510	30	0	0	0	30,992
2368	4359	0	1	1	1	0	0	1	21	77	4	29	510	31	0	1	0	992
2368	4363	0	1	1	1	0	0	1	21	77	4	29	510	31	0	1	0	992
2368	4365	0	1	1	1	0	0	1	21	77	4	29	510	31	0	1	0	992
2368	4366	1	2	0	1	0	0	1	24	75	4	32	510	30	0	0	0	30,992
2368	4371	0	1	1	1	0	0	1	21	77	4	29	510	31	0	1	0	992
2368	4373	0	1	1	1	0	0	1	21	77	4	29	510	31	0	1	0	992
2368	4374	1	2	0	1	0	0	1	24	75	4	32	510	30	0	0	0	30,992
2368	4377	0	1	1	1	0	0	1	21	77	4	29	510	31	0	1	0	992
2368	4378	1	2	0	1	0	0	1	24	75	4	32	510	30	0	0	0	30,992
2368	4380	1	2	0	1	0	0	1	24	75	4	32	510	30	0	0	0	30,992
2368	4387	0	1	1	1	0	0	1	21	77	4	29	510	31	0	1	0	992
2368	4389	0	1	1	1	0	0	1	21	77	4	29	510	31	0	1	0	992
2368	4390	1	2	0	1	0	0	1	24	75	4	32	510	30	0	0	0	30,992
2368	4393	0	1	1	1	0	0	1	21	77	4	29	510	31	0	1	0	992
2368	4394	1	2	0	1	0	0	1	24	75	4	32	510	30	0	0	0	30,992
2368	4396	1	2	0	1	0	0	1	24	75	4	32	510	30	0	0	0	30,992
2368	4401	0	1	1	1	0	0	1	21	77	4	29	510	31	0	1	0	992
2368	4402	1	2	0	1	0	0	1	24	75	4	32	510	30	0	0	0	30,992
2368	4404	1	2	0	1	0	0	1	24	75	4	32	510	30	0	0	0	30,992
2368	4408	1	2	0	1	0	0	1	24	75	4	32	510	30	0	0	0	30,992
2368	4419	0	1	1	1	0	0	1	21	77	4	29	510	31	0	1	0	992
2368	4421	0	1	1	1	0	0	1	21	77	4	29	510	31	0	1	0	992
2368	4422	1	2	0	1	0	0	1	24	75	4	32	510	30	0	0	0	30,992
2368	4425	0	1	1	1	0	0	1	21	77	4	29	510	31	0	1	0	992
2368	4426	1	2	0	1	0	0	1	24	75	4	32	510	30	0	0	0	30,992
2368	4428	1	2	0	1	0	0	1	24	75	4	32	510	30	0	0	0	30,992
2368	4433	0	1	1	1	0	0	1	21	77	4	29	510	31	0	1	0	992
2368	4434	1	2	0	1	0	0	1	24	75	4	32	510	30	0	0	0	30,992
2368	4436	1	2	0	1	0	0	1	24	75	4	32	510	30	0	0	0	30,992
2368	4440	1	2	0	1	0	0	1	24	75	4	32	510	30	0	0	0	30,992
2368	4449	0	1	1	1	0	0	1	21	77	4	29	510	31	0	1	0	992
2368	4450	1	2	0	1	0	0	1	24	75	4	32	510	30	0	0	0	30,992
2368	4452	1	2	0	1	0	0	1	24	75	4	32	510	30	0	0	0	30,992
2368	4456	1	2	0	1	0	0	1	24	75	4	32	510	30	0	0	0	30,992
2368	4464	1	2	0	1	0	0	1	24	75	4	32	510	30	0	0	0	30,992
2368	4483	0	1	1	1	0	0	1	19	94	5	29	510	31	0	1	0	992
2368	4485	0	1	1	1	0	0	1	19	94	5	29	510	31	0	1	0	992
2368	4486	0	1	1	1	1	1	0	24	75	4	32	510	31	1	0	1	992
2368	4489	0	1	1	1	0	0	1	19	94	5	29	510	31	0	1	0	992
2368	4490	0	1	1	1	1	1	0	24	75	4	32	510	31	1	0	1	992
2368	4492	0	1	1	1	1	1	0	24	75	4	32	510	31	1	0	1	992
2368	4497	0	1	1	1	0	0	1	19	94	5	29	510	31	0	1	0	992
2368	4498	0	1	1	1	1	1	0	24	75	4	32	510	31	1	0	1	992
2368	4500	0	1	1	1	1	1	0	24	75	4	32	510	31	1	0	1	992
2368	4504	0	1	1	1	1	1	0	24	75	4	32	510	31	1	0	1	992
2368	4513	0	1	1	1	0	0	1	19	94	5	29	510	31	0	1	0	992
2368	4514	0	1	1	1	1	1	0	24	75	4	32	510	31	1	0	1	992
2368	4516	0	1	1	1	1	1	0	24	75	4	32	510	31	1	0	1	992
2368	4520	0	1	1	1	1	1	0	24	75	4	32	510	31	1	0	1	992
2368	4528	0	1	1	1	1	1	0	24	75	4	32	510	31	1	0	1	992
2368	4545	0	1	1	1	0	0	1	19	94	5	29	510	31	0	1	0	992
2368	4546	0	1	1	1	1	1	0	24	75	4	32	510	31	1	0	1	992
2368	4548	0	1	1	1	1	1	0	24	75	4	32	510	31	1	0	1	992
2368	4552	0	1	1	1	1	1	0	24	75	4	32	510	31	1	0	1	992
2368	4560	0	1	1	1	1	1	0	24	75	4	32	510	31	1	0	1	992
2368	4576	0	1	1	1	1	1	0	24	75	4	32	510	31	1	0	1	992
2368	4615	0	1	1	1	0	0	1	20	94	5	30	510	63	0	1	0	960
2368	4619	0	1	1	1	0	0	1	20	94	5	30	510	63	0	1	0	960
2368	4621	0	1	1	1	0	0	1	20	94	5	30	510	63	0	1	0	960
2368	4622	0	1	1	1	0	0	1	21	222	6	33	510	62	0	1	0	62
2368	4627	0	1	1	1	0	0	1	20	94	5	30	510	63	0	1	0	960
2368	4629	0	1	1	1	0	0	1	20	94	5	30	510	63	0	1	0	960
2368	4630	0	1	1	1	0	0	1	21	222	6	33	510	62	0	1	0	62
2368	4633	0	1	1	1	0	0	1	20	94	5	30	510	63	0	1	0	960
2368	4634	0	1	1	1	0	0	1	21	222	6	33	510	62	0	1	0	62
2368	4636	0	1	1	1	0	0	1	21	222	6	33	510	62	0	1	0	62
2368	4643	0	1	1	1	0	0	1	20	94	5	30	510	63	0	1	0	960
2368	4645	0	1	1	1	0	0	1	20	94	5	30	510	63	0	1	0	960
2368	4646	0	1	1	1	0	0	1	21	222	6	33	510	62	0	1	0	62
2368	4649	0	1	1	1	0	0	1	20	94	5	30	510	63	0	1	0	960
2368	4650	0	1	1	1	0	0	1	21	222	6	33	510	62	0	1	0	62
2368	4652	0	1	1	1	0	0	1	21	222	6	33	510	62	0	1	0	62
2368	4657	0	1	1	1	0	0	1	20	94	5	30	510	63	0	1	0	960
2368	4658	0	1	1	1	0	0	1	21	222	6	33	510	62	0	1	0	62
2368	4660	0	1	1	1	0	0	1	21	222	6	33	510	62	0	1	0	62
2368	4664	0	1	1	1	0	0	1	21	222	6	33	510	62	0	1	0	62
2368	4675	0	1	1	1	0	0	1	20	94	5	30	510	63	0	1	0	960
2368	4677	0	1	1	1	0	0	1	20	94	5	30	510	63	0	1	0	960
2368	4678	0	1	1	1	0	0	1	21	222	6	33	510	62	0	1	0	62
2368	4681	0	1	1	1	0	0	1	20	94	5	30	510	63	0	1	0	960
2368	4682	0	1	1	1	0	0	1	21	222	6	33	510	62	0	1	0	62
2368	4684	0	1	1	1	0	0	1	21	222	6	33	510	62	0	1	0	62
2368	4689	0	1	1	1	0	0	1	20	94	5	30	510	63	0	1	0	960
2368	4690	0	1	1	1	0	0	1	21	222	6	33	510	62	0	1	0	62
2368	4692	0	1	1	1	0	0	1	21	222	6	33	510	62	0	1	0	62
2368	4696	0	1	1	1	0	0	1	21	222	6	33	510	62	0	1	0	62
2368	4705	0	1	1	1	0	0	1	20	94	5	30	510	63	0	1	0	960
2368	4706	0	1	1	1	0	0	1	21	222	6	33	510	62	0	1	0	62
2368	4708	0	1	1	1	0	0	1	21	222	6	33	510	62	0	1	0	62
2368	4712	0	1	1	1	0	0	1	21	222	6	33	510	62	0	1	0	62
2368	4720	0	1	1	1	0	0	1	21	222	6	33	510	62	0	1	0	62
2368	4739	0	1	1	1	0	0	1	22	236	5	30	510	63	0	1	0	960
2368	4741	0	1	1	1	0	0	1	22	236	5	30	510	63	0	1	0	960
2368	4742	0	1	1	1	0	0	1	23	94	5	33	510	62	0	1	0	62
2368	4745	0	1	1	1	0	0	1	22	236	5	30	510	63	0	1	0	960
2368	4746	0	1	1	1	0	0	1	23	94	5	33	510	62	0	1	0	62
2368	4748	0	1	1	1	0	0	1	23	94	5	33	510	62	0	1	0	62
2368	4753	0	1	1	1	0	0	1	22	236	5	30	510	63	0	1	0	960
2368	4754	0	1	1	1	0	0	1	23	94	5	33	510	62	0	1	0	62
2368	4756	0	1	1	1	0	0	1	23	94	5	33	510	62	0	1	0	62
2368	4760	0	1	1	1	0	0	1	23	94	5	33	510	62	0	1	0	62
2368	4769	0	1	1	1	0	0	1	22	236	5	30	510	63	0	1	0	960
2368	4770	0	1	1	1	0	0	1	23	94	5	33	510	62	0	1	0	62
2368	4772	0	1	1	1	0	0	1	23	94	5	33	510	62	0	1	0	62
2368	4776	0	1	1	1	0	0	1	23	94	5	33	510	62	0	1	0	62
2368	4784	0	1	1	1	0	0	1	23	94	5	33	510	62	0	1	0	62
2368	4801	0	1	1	1	0	0	1	22	236	5	30	510	63	0	1	0	960
2368	4802	0	1	1	1	0	0	1	23	94	5	33	510	62	0	1	0	62
2368	4804	0	1	1	1	0	0	1	23	94	5	33	510	62	0	1	0	62
2368	4808	0	1	1	1	0	0	1	23	94	5	33	510	62	0	1	0	62
2368	4816	0	1	1	1	0	0	1	23	94	5	33	510	62	0	1	0	62
2368	4832	0	1	1	1	0	0	1	23	94	5	33	510	62	0	1	0	62
2368	4867	0	1	1	1	0	0	1	22	236	5	30	510	63	0	1	0	960
2368	4869	0	1	1	1	0	0	1	22	236	5	30	510	63	0	1	0	960
2368	4870	0	1	1	1	0	0	1	23	94	5	33	510	62	0	1	0	62
2368	4873	0	1	1	1	0	0	1	22	236	5	30	510	63	0	1	0	960
2368	4874	0	1	1	1	0	0	1	23	94	5	33	510	62	0	1	0	62
2368	4876	0	1	1	1	0	0	1	23	94	5	33	510	62	0	1	0	62
2368	4881	0	1	1	1	0	0	1	22	236	5	30	510	63	0	1	0	960
2368	4882	0	1	1	1	0	0	1	23	94	5	33	510	62	0	1	0	62
2368	4884	0	1	1	1	0	0	1	23	94	5	33	510	62	0	1	0	62
2368	4888	0	1	1	1	0	0	1	23	94	5	33	510	62	0	1	0	62
2368	4897	0	1	1	1	0	0	1	22	236	5	30	510	63	0	1	0	960
2368	4898	0	1	1	1	0	0	1	23	94	5	33	510	62	0	1	0	62
2368	4900	0	1	1	1	0	0	1	23	94	5	33	510	62	0	1	0	62
2368	4904	0	1	1	1	0	0	1	23	94	5	33	510	62	0	1	0	62
2368	4912	0	1	1	1	0	0	1	23	94	5	33	510	62	0	1	0	62
2368	4929	0	1	1	1	0	0	1	22	236	5	30	510	63	0	1	0	960
2368	4930	0	1	1	1	0	0	1	23	94	5	33	510	62	0	1	0	62
2368	4932	0	1	1	1	0	0	1	23	94	5	33	510	62	0	1	0	62
2368	4936	0	1	1	1	0	0	1	23	94	5	33	510	62	0	1	0	62
2368	4944	0	1	1	1	0	0	1	23	94	5	33	510	62	0	1	0	62
2368	4960	0	1	1	1	0	0	1	23	94	5	33	510	62	0	1	0	62
2368	4993	0	1	1	1	0	0	1	20	94	5	30	510	63	0	1	0	960
2368	4994	0	2	1	1	0	0	1	25	77	4	33	510	62	0	1	0	62,960
2368	4996	0	2	1	1	0	0	1	25	77	4	33	510	62	0	1	0	62,960
2368	5000	0	2	1	1	0	0	1	25	77	4	33	510	62	0	1	0	62,960
2368	5008	0	2	1	1	0	0	1	25	77	4	33	510	62	0	1	0	62,960
2368	5024	0	2	1	1	0	0	1	25	77	4	33	510	62	0	1	0	62,960
2368	5056	0	2	1	1	0	0	1	25	77	4	33	510	62	0	1	0	62,960
2368	5127	0	1	1	1	0	0	1	23	30	4	31	510	63	0	1	0	960
2368	5131	0	1	1	1	0	0	1	23	30	4	31	510	63	0	1	0	960
2368	5133	0	1	1	1	0	0	1	23	30	4	31	510	63	0	1	0	960
2368	5134	1	1	0	1	0	0	1	22	222	6	34	510	62	0	0	0	62
2368	5139	0	1	1	1	0	0	1	23	30	4	31	510	63	0	1	0	960
2368	5141	0	1	1	1	0	0	1	23	30	4	31	510	63	0	1	0	960
2368	5142	1	1	0	1	0	0	1	22	222	6	34	510	62	0	0	0	62
2368	5145	0	1	1	1	0	0	1	23	30	4	31	510	63	0	1	0	960
2368	5146	1	1	0	1	0	0	1	22	222	6	34	510	62	0	0	0	62
2368	5148	1	1	0	1	0	0	1	22	222	6	34	510	62	0	0	0	62
2368	5155	0	1	1	1	0	0	1	23	30	4	31	510	63	0	1	0	960
2368	5157	0	1	1	1	0	0	1	23	30	4	31	510	63	0	1	0	960
2368	5158	1	1	0	1	0	0	1	22	222	6	34	510	62	0	0	0	62
2368	5161	0	1	1	1	0	0	1	23	30	4	31	510	63	0	1	0	960
2368	5162	1	1	0	1	0	0	1	22	222	6	34	510	62	0	0	0	62
2368	5164	1	1	0	1	0	0	1	22	222	6	34	510	62	0	0	0	62
2368	5169	0	1	1	1	0	0	1	23	30	4	31	510	63	0	1	0	960
2368	5170	1	1	0	1	0	0	1	22	222	6	34	510	62	0	0	0	62
2368	5172	1	1	0	1	0	0	1	22	222	6	34	510	62	0	0	0	62
2368	5176	1	1	0	1	0	0	1	22	222	6	34	510	62	0	0	0	62
2368	5187	0	1	1	1	0	0	1	23	30	4	31	510	63	0	1	0	960
2368	5189	0	1	1	1	0	0	1	23	30	4	31	510	63	0	1	0	960
2368	5190	1	1	0	1	0	0	1	22	222	6	34	510	62	0	0	0	62
2368	5193	0	1	1	1	0	0	1	23	30	4	31	510	63	0	1	0	960
2368	5194	1	1	0	1	0	0	1	22	222	6	34	510	62	0	0	0	62
2368	5196	1	1	0	1	0	0	1	22	222	6	34	510	62	0	0	0	62
2368	5201	0	1	1	1	0	0	1	23	30	4	31	510	63	0	1	0	960
2368	5202	1	1	0	1	0	0	1	22	222	6	34	510	62	0	0	0	62
2368	5204	1	1	0	1	0	0	1	22	222	6	34	510	62	0	0	0	62
2368	5208	1	1	0	1	0	0	1	22	222	6	34	510	62	0	0	0	62
2368	5217	0	1	1	1	0	0	1	23	30	4	31	510	63	0	1	0	960
2368	5218	1	1	0	1	0	0	1	22	222	6	34	510	62	0	0	0	62
2368	5220	1	1	0	1	0	0	1	22	222	6	34	510	62	0	0	0	62
2368	5224	1	1	0	1	0	0	1	22	222	6	34	510	62	0	0	0	62
2368	5232	1	1	0	1	0	0	1	22	222	6	34	510	62	0	0	0	62
2368	5251	0	1	1	1	0	0	1	21	94	5	31	510	63	0	1	0	960
2368	5253	0	1	1	1	0	0	1	21	94	5	31	510	63	0	1	0	960
2368	5254	1	2	0	1	0	0	1	22	222	6	34	510	62	0	0	0	62,960
2368	5257	0	1	1	1	0	0	1	21	94	5	31	510	63	0	1	0	960
2368	5258	1	2	0	1	0	0	1	22	222	6	34	510	62	0	0	0	62,960
2368	5260	1	2	0	1	0	0	1	22	222	6	34	510	62	0	0	0	62,960
2368	5265	0	1	1	1	0	0	1	21	94	5	31	510	63	0	1	0	960
2368	5266	1	2	0	1	0	0	1	22	222	6	34	510	62	0	0	0	62,960
2368	5268	1	2	0	1	0	0	1	22	222	6	34	510	62	0	0	0	62,960
2368	5272	1	2	0	1	0	0	1	22	222	6	34	510	62	0	0	0	62,960
2368	5281	0	1	1	1	0	0	1	21	94	5	31	510	63	0	1	0	960
2368	5282	1	2	0	1	0	0	1	22	222	6	34	510	62	0	0	0	62,960
2368	5284	1	2	0	1	0	0	1	22	222	6	34	510	62	0	0	0	62,960
2368	5288	1	2	0	1	0	0	1	22	222	6	34	510	62	0	0	0	62,960
2368	5296	1	2	0	1	0	0	1	22	222	6	34	510	62	0	0	0	62,960
2368	5313	0	1	1	1	0	0	1	21	94	5	31	510	63	0	1	0	960
2368	5314	1	2	0	1	0	0	1	22	222	6	34	510	62	0	0	0	62,960
2368	5316	1	2	0	1	0	0	1	22	222	6	34	510	62	0	0	0	62,960
2368	5320	1	2	0	1	0	0	1	22	222	6	34	510	62	0	0	0	62,960
2368	5328	1	2	0	1	0	0	1	22	222	6	34	510	62	0	0	0	62,960
2368	5344	1	2	0	1	0	0	1	22	222	6	34	510	62	0	0	0	62,960
2368	5379	0	1	1	1	0	0	1	21	94	5	31	510	63	0	1	0	960
2368	5381	0	1	1	1	0	0	1	21	94	5	31	510	63	0	1	0	960
2368	5382	1	2	0	1	0	0	1	22	222	6	34	510	62	0	0	0	62,960
2368	5385	0	1	1	1	0	0	1	21	94	5	31	510	63	0	1	0	960
2368	5386	1	2	0	1	0	0	1	22	222	6	34	510	62	0	0	0	62,960
2368	5388	1	2	0	1	0	0	1	22	222	6	34	510	62	0	0	0	62,960
2368	5393	0	1	1	1	0	0	1	21	94	5	31	510	63	0	1	0	960
2368	5394	1	2	0	1	0	0	1	22	222	6	34	510	62	0	0	0	62,960
2368	5396	1	2	0	1	0	0	1	22	222	6	34	510	62	0	0	0	62,960
2368	5400	1	2	0	1	0	0	1	22	222	6	34	510	62	0	0	0	62,960
2368	5409	0	1	1	1	0	0	1	21	94	5	31	510	63	0	1	0	960
2368	5410	1	2	0	1	0	0	1	22	222	6	34	510	62	0	0	0	62,960
2368	5412	1	2	0	1	0	0	1	22	222	6	34	510	62	0	0	0	62,960
2368	5416	1	2	0	1	0	0	1	22	222	6	34	510	62	0	0	0	62,960
2368	5424	1	2	0	1	0	0	1	22	222	6	34	510	62	0	0	0	62,960
2368	5441	0	1	1	1	0	0	1	21	94	5	31	510	63	0	1	0	960
2368	5442	1	2	0	1	0	0	1	22	222	6	34	510	62	0	0	0	62,960
2368	5444	1	2	0	1	0	0	1	22	222	6	34	510	62	0	0	0	62,960
2368	5448	1	2	0	1	0	0	1	22	222	6	34	510	62	0	0	0	62,960
2368	5456	1	2	0	1	0	0	1	22	222	6	34	510	62	0	0	0	62,960
2368	5472	1	2	0	1	0	0	1	22	222	6	34	510	62	0	0	0	62,960
2368	5505	0	1	1	1	0	0	1	19	222	6	31	510	63	0	1	0	960
2368	5506	0	1	1	1	1	1	0	22	222	6	34	510	63	1	0	1	960
2368	5508	0	1	1	1	1	1	0	22	222	6	34	510	63	1	0	1	960
2368	5512	0	1	1	1	1	1	0	22	222	6	34	510	63	1	0	1	960
2368	5520	0	1	1	1	1	1	0	22	222	6	34	510	63	1	0	1	960
2368	5536	0	1	1	1	1	1	0	22	222	6	34	510	63	1	0	1	960
2368	5568	0	1	1	1	1	1	0	22	222	6	34	510	63	1	0	1	960
2368	5635	0	1	1	1	0	0	1	24	77	4	32	510	127	0	1	0	896
2368	5637	0	1	1	1	0	0	1	24	77	4	32	510	127	0	1	0	896
2368	5638	0	1	1	1	0	0	1	23	222	6	35	510	126	0	1	0	126
2368	5641	0	1	1	1	0	0	1	24	77	4	32	510	127	0	1	0	896
2368	5642	0	1	1	1	0	0	1	23	222	6	35	510	126	0	1	0	126
2368	5644	0	1	1	1	0	0	1	23	222	6	35	510	126	0	1	0	126
2368	5649	0	1	1	1	0	0	1	24	77	4	32	510	127	0	1	0	896
2368	5650	0	1	1	1	0	0	1	23	222	6	35	510	126	0	1	0	126
2368	5652	0	1	1	1	0	0	1	23	222	6	35	510	126	0	1	0	126
2368	5656	0	1	1	1	0	0	1	23	222	6	35	510	126	0	1	0	126
2368	5665	0	1	1	1	0	0	1	24	77	4	32	510	127	0	1	0	896
2368	5666	0	1	1	1	0	0	1	23	222	6	35	510	126	0	1	0	126
2368	5668	0	1	1	1	0	0	1	23	222	6	35	510	126	0	1	0	126
2368	5672	0	1	1	1	0	0	1	23	222	6	35	510	126	0	1	0	126
2368	5680	0	1	1	1	0	0	1	23	222	6	35	510	126	0	1	0	126
2368	5697	0	1	1	1	0	0	1	24	77	4	32	510	127	0	1	0	896
2368	5698	0	1	1	1	0	0	1	23	222	6	35	510	126	0	1	0	126
2368	5700	0	1	1	1	0	0	1	23	222	6	35	510	126	0	1	0	126
2368	5704	0	1	1	1	0	0	1	23	222	6	35	510	126	0	1	0	126
2368	5712	0	1	1	1	0	0	1	23	222	6	35	510	126	0	1	0	126
2368	5728	0	1	1	1	0	0	1	23	222	6	35	510	126	0	1	0	126
2368	5761	0	1	1	1	0	0	1	24	77	4	32	510	127	0	1	0	896
2368	5762	0	1	1	1	0	0	1	25	94	5	35	510	126	0	1	0	126
2368	5764	0	1	1	1	0	0	1	25	94	5	35	510	126	0	1	0	126
2368	5768	0	1	1	1	0	0	1	25	94	5	35	510	126	0	1	0	126
2368	5776	0	1	1	1	0	0	1	25	94	5	35	510	126	0	1	0	126
2368	5792	0	1	1	1	0	0	1	25	94	5	35	510	126	0	1	0	126
2368	5824	0	1	1	1	0	0	1	25	94	5	35	510	126	0	1	0	126
2368	5889	0	1	1	1	0	0	1	24	77	4	32	510	127	0	1	0	896
2368	5890	0	1	1	1	0	0	1	25	94	5	35	510	126	0	1	0	126
2368	5892	0	1	1	1	0	0	1	25	94	5	35	510	126	0	1	0	126
2368	5896	0	1	1	1	0	0	1	25	94	5	35	510	126	0	1	0	126
2368	5904	0	1	1	1	0	0	1	25	94	5	35	510	126	0	1	0	126
2368	5920	0	1	1	1	0	0	1	25	94	5	35	510	126	0	1	0	126
2368	5952	0	1	1	1	0	0	1	25	94	5	35	510	126	0	1	0	126
2368	6016	0	2	1	1	0	0	1	27	30	4	35	510	126	0	1	0	126,896
2368	6151	0	1	1	1	0	0	1	23	30	4	31	510	63	0	1	0	960
2368	6155	0	1	1	1	0	0	1	23	30	4	31	510	63	0	1	0	960
2368	6157	0	1	1	1	0	0	1	23	30	4	31	510	63	0	1	0	960
2368	6158	1	1	0	1	0	0	1	22	222	6	34	510	62	0	0	0	62
2368	6163	0	1	1	1	0	0	1	23	30	4	31	510	63	0	1	0	960
2368	6165	0	1	1	1	0	0	1	23	30	4	31	510	63	0	1	0	960
2368	6166	1	1	0	1	0	0	1	22	222	6	34	510	62	0	0	0	62
2368	6169	0	1	1	1	0	0	1	23	30	4	31	510	63	0	1	0	960
2368	6170	1	1	0	1	0	0	1	22	222	6	34	510	62	0	0	0	62
2368	6172	1	1	0	1	0	0	1	22	222	6	34	510	62	0	0	0	62
2368	6179	0	1	1	1	0	0	1	23	30	4	31	510	63	0	1	0	960
2368	6181	0	1	1	1	0	0	1	23	30	4	31	510	63	0	1	0	960
2368	6182	1	1	0	1	0	0	1	22	222	6	34	510	62	0	0	0	62
2368	6185	0	1	1	1	0	0	1	23	30	4	31	510	63	0	1	0	960
2368	6186	1	1	0	1	0	0	1	22	222	6	34	510	62	0	0	0	62
2368	6188	1	1	0	1	0	0	1	22	222	6	34	510	62	0	0	0	62
2368	6193	0	1	1	1	0	0	1	23	30	4	31	510	63	0	1	0	960
2368	6194	1	1	0	1	0	0	1	22	222	6	34	510	62	0	0	0	62
2368	6196	1	1	0	1	0	0	1	22	222	6	34	510	62	0	0	0	62
2368	6200	1	1	0	1	0	0	1	22	222	6	34	510	62	0	0	0	62
2368	6211	0	1	1	1	0	0	1	23	30	4	31	510	63	0	1	0	960
2368	6213	0	1	1	1	0	0	1	23	30	4	31	510	63	0	1	0	960
2368	6214	1	1	0	1	0	0	1	22	222	6	34	510	62	0	0	0	62
2368	6217	0	1	1	1	0	0	1	23	30	4	31	510	63	0	1	0	960
2368	6218	1	1	0	1	0	0	1	22	222	6	34	510	62	0	0	0	62
2368	6220	1	1	0	1	0	0	1	22	222	6	34	510	62	0	0	0	62
2368	6225	0	1	1	1	0	0	1	23	30	4	31	510	63	0	1	0	960
2368	6226	1	1	0	1	0	0	1	22	222	6	34	510	62	0	0	0	62
2368	6228	1	1	0	1	0	0	1	22	222	6	34	510	62	0	0	0	62
2368	6232	1	1	0	1	0	0	1	22	222	6	34	510	62	0	0	0	62
2368	6241	0	1	1	1	0	0	1	23	30	4	31	510	63	0	1	0	960
2368	6242	1	1	0	1	0	0	1	22	222	6	34	510	62	0	0	0	62
2368	6244	1	1	0	1	0	0	1	22	222	6	34	510	62	0	0	0	62
2368	6248	1	1	0	1	0	0	1	22	222	6	34	510	62	0	0	0	62
2368	6256	1	1	0	1	0	0	1	22	222	6	34	510	62	0	0	0	62
2368	6275	0	1	1	1	0	0	1	21	94	5	31	510	63	0	1	0	960
2368	6277	0	1	1	1	0	0	1	21	94	5	31	510	63	0	1	0	960
2368	6278	1	2	0	1	0	0	1	22	222	6	34	510	62	0	0	0	62,960
2368	6281	0	1	1	1	0	0	1	21	94	5	31	510	63	0	1	0	960
2368	6282	1	2	0	1	0	0	1	22	222	6	34	510	62	0	0	0	62,960
2368	6284	1	2	0	1	0	0	1	22	222	6	34	510	62	0	0	0	62,960
2368	6289	0	1	1	1	0	0	1	21	94	5	31	510	63	0	1	0	960
2368	6290	1	2	0	1	0	0	1	22	222	6	34	510	62	0	0	0	62,960
2368	6292	1	2	0	1	0	0	1	22	222	6	34	510	62	0	0	0	62,960
2368	6296	1	2	0	1	0	0	1	22	222	6	34	510	62	0	0	0	62,960
2368	6305	0	1	1	1	0	0	1	21	94	5	31	510	63	0	1	0	960
2368	6306	1	2	0	1	0	0	1	22	222	6	34	510	62	0	0	0	62,960
2368	6308	1	2	0	1	0	0	1	22	222	6	34	510	62	0	0	0	62,960
2368	6312	1	2	0	1	0	0	1	22	222	6	34	510	62	0	0	0	62,960
2368	6320	1	2	0	1	0	0	1	22	222	6	34	510	62	0	0	0	62,960
2368	6337	0	1	1	1	0	0	1	21	94	5	31	510	63	0	1	0	960
2368	6338	1	2	0	1	0	0	1	22	222	6	34	510	62	0	0	0	62,960
2368	6340	1	2	0	1	0	0	1	22	222	6	34	510	62	0	0	0	62,960
2368	6344	1	2	0	1	0	0	1	22	222	6	34	510	62	0	0	0	62,960
2368	6352	1	2	0	1	0	0	1	22	222	6	34	510	62	0	0	0	62,960
2368	6368	1	2	0	1	0	0	1	22	222	6	34	510	62	0	0	0	62,960
2368	6403	0	1	1	1	0	0	1	21	94	5	31	510	63	0	1	0	960
2368	6405	0	1	1	1	0	0	1	21	94	5	31	510	63	0	1	0	960
2368	6406	1	2	0	1	0	0	1	22	222	6	34	510	62	0	0	0	62,960
2368	6409	0	1	1	1	0	0	1	21	94	5	31	510	63	0	1	0	960
2368	6410	1	2	0	1	0	0	1	22	222	6	34	510	62	0	0	0	62,960
2368	6412	1	2	0	1	0	0	1	22	222	6	34	510	62	0	0	0	62,960
2368	6417	0	1	1	1	0	0	1	21	94	5	31	510	63	0	1	0	960
2368	6418	1	2	0	1	0	0	1	22	222	6	34	510	62	0	0	0	62,960
2368	6420	1	2	0	1	0	0	1	22	222	6	34	510	62	0	0	0	62,960
2368	6424	1	2	0	1	0	0	1	22	222	6	34	510	62	0	0	0	62,960
2368	6433	0	1	1	1	0	0	1	21	94	5	31	510	63	0	1	0	960
2368	6434	1	2	0	1	0	0	1	22	222	6	34	510	62	0	0	0	62,960
2368	6436	1	2	0	1	0	0	1	22	222	6	34	510	62	0	0	0	62,960
2368	6440	1	2	0	1	0	0	1	22	222	6	34	510	62	0	0	0	62,960
2368	6448	1	2	0	1	0	0	1	22	222	6	34	510	62	0	0	0	62,960
2368	6465	0	1	1	1	0	0	1	21	94	5	31	510	63	0	1	0	960
2368	6466	1	2	0	1	0	0	1	22	222	6	34	510	62	0	0	0	62,960
2368	6468	1	2	0	1	0	0	1	22	222	6	34	510	62	0	0	0	62,960
2368	6472	1	2	0	1	0	0	1	22	222	6	34	510	62	0	0	0	62,960
2368	6480	1	2	0	1	0	0	1	22	222	6	34	510	62	0	0	0	62,960
2368	6496	1	2	0	1	0	0	1	22	222	6	34	510	62	0	0	0	62,960
2368	6529	0	1	1	1	0	0	1	19	222	6	31	510	63	0	1	0	960
2368	6530	0	1	1	1	1	1	0	22	222	6	34	510	63	1	0	1	960
2368	6532	0	1	1	1	1	1	0	22	222	6	34	510	63	1	0	1	960
2368	6536	0	1	1	1	1	1	0	22	222	6	34	510	63	1	0	1	960
2368	6544	0	1	1	1	1	1	0	22	222	6	34	510	63	1	0	1	960
2368	6560	0	1	1	1	1	1	0	22	222	6	34	510	63	1	0	1	960
2368	6592	0	1	1	1	1	1	0	22	222	6	34	510	63	1	0	1	960
2368	6659	0	1	1	1	0	0	1	24	77	4	32	510	127	0	1	0	896
2368	6661	0	1	1	1	0	0	1	24	77	4	32	510	127	0	1	0	896
2368	6662	0	1	1	1	0	0	1	23	222	6	35	510	126	0	1	0	126
2368	6665	0	1	1	1	0	0	1	24	77	4	32	510	127	0	1	0	896
2368	6666	0	1	1	1	0	0	1	23	222	6	35	510	126	0	1	0	126
2368	6668	0	1	1	1	0	0	1	23	222	6	35	510	126	0	1	0	126
2368	6673	0	1	1	1	0	0	1	24	77	4	32	510	127	0	1	0	896
2368	6674	0	1	1	1	0	0	1	23	222	6	35	510	126	0	1	0	126
2368	6676	0	1	1	1	0	0	1	23	222	6	35	510	126	0	1	0	126
2368	6680	0	1	1	1	0	0	1	23	222	6	35	510	126	0	1	0	126
2368	6689	0	1	1	1	0	0	1	24	77	4	32	510	127	0	1	0	896
2368	6690	0	1	1	1	0	0	1	23	222	6	35	510	126	0	1	0	126
2368	6692	0	1	1	1	0	0	1	23	222	6	35	510	126	0	1	0	126
2368	6696	0	1	1	1	0	0	1	23	222	6	35	510	126	0	1	0	126
2368	6704	0	1	1	1	0	0	1	23	222	6	35	510	126	0	1	0	126
2368	6721	0	1	1	1	0	0	1	24	77	4	32	510	127	0	1	0	896
2368	6722	0	1	1	1	0	0	1	23	222	6	35	510	126	0	1	0	126
2368	6724	0	1	1	1	0	0	1	23	222	6	35	510	126	0	1	0	126
2368	6728	0	1	1	1	0	0	1	23	222	6	35	510	126	0	1	0	126
2368	6736	0	1	1	1	0	0	1	23	222	6	35	510	126	0	1	0	126
2368	6752	0	1	1	1	0	0	1	23	222	6	35	510	126	0	1	0	126
2368	6785	0	1	1	1	0	0	1	24	77	4	32	510	127	0	1	0	896
2368	6786	0	1	1	1	0	0	1	25	94	5	35	510	126	0	1	0	126
2368	6788	0	1	1	1	0	0	1	25	94	5	35	510	126	0	1	0	126
2368	6792	0	1	1	1	0	0	1	25	94	5	35	510	126	0	1	0	126
2368	6800	0	1	1	1	0	0	1	25	94	5	35	510	126	0	1	0	126
2368	6816	0	1	1	1	0	0	1	25	94	5	35	510	126	0	1	0	126
2368	6848	0	1	1	1	0	0	1	25	94	5	35	510	126	0	1	0	126
2368	6913	0	1	1	1	0	0	1	24	77	4	32	510	127	0	1	0	896
2368	6914	0	1	1	1	0	0	1	25	94	5	35	510	126	0	1	0	126
2368	6916	0	1	1	1	0	0	1	25	94	5	35	510	126	0	1	0	126
2368	6920	0	1	1	1	0	0	1	25	94	5	35	510	126	0	1	0	126
2368	6928	0	1	1	1	0	0	1	25	94	5	35	510	126	0	1	0	126
2368	6944	0	1	1	1	0	0	1	25	94	5	35	510	126	0	1	0	126
2368	6976	0	1	1	1	0	0	1	25	94	5	35	510	126	0	1	0	126
2368	7040	0	2	1	1	0	0	1	27	30	4	35	510	126	0	1	0	126,896
2368	7171	0	1	1	1	0	0	1	27	11	3	33	510	127	0	1	0	896
2368	7173	0	1	1	1	0	0	1	27	11	3	33	510	127	0	1	0	896
2368	7174	1	1	0	1	0	0	1	24	222	6	36	510	126	0	0	0	126
2368	7177	0	1	1	1	0	0	1	27	11	3	33	510	127	0	1	0	896
2368	7178	1	1	0	1	0	0	1	24	222	6	36	510	126	0	0	0	126
2368	7180	1	1	0	1	0	0	1	24	222	6	36	510	126	0	0	0	126
2368	7185	0	1	1	1	0	0	1	27	11	3	33	510	127	0	1	0	896
2368	7186	1	1	0	1	0	0	1	24	222	6	36	510	126	0	0	0	126
2368	7188	1	1	0	1	0	0	1	24	222	6	36	510	126	0	0	0	126
2368	7192	1	1	0	1	0	0	1	24	222	6	36	510	126	0	0	0	126
2368	7201	0	1	1	1	0	0	1	27	11	3	33	510	127	0	1	0	896
2368	7202	1	1	0	1	0	0	1	24	222	6	36	510	126	0	0	0	126
2368	7204	1	1	0	1	0	0	1	24	222	6	36	510	126	0	0	0	126
2368	7208	1	1	0	1	0	0	1	24	222	6	36	510	126	0	0	0	126
2368	7216	1	1	0	1	0	0	1	24	222	6	36	510	126	0	0	0	126
2368	7233	0	1	1	1	0	0	1	27	11	3	33	510	127	0	1	0	896
2368	7234	1	1	0	1	0	0	1	24	222	6	36	510	126	0	0	0	126
2368	7236	1	1	0	1	0	0	1	24	222	6	36	510	126	0	0	0	126
2368	7240	1	1	0	1	0	0	1	24	222	6	36	510	126	0	0	0	126
2368	7248	1	1	0	1	0	0	1	24	222	6	36	510	126	0	0	0	126
2368	7264	1	1	0	1	0	0	1	24	222	6	36	510	126	0	0	0	126
2368	7297	0	1	1	1	0	0	1	25	75	4	33	510	127	0	1	0	896
2368	7298	1	2	0	1	0	0	1	24	222	6	36	510	126	0	0	0	126,896
2368	7300	1	2	0	1	0	0	1	24	222	6	36	510	126	0	0	0	126,896
2368	7304	1	2	0	1	0	0	1	24	222	6	36	510	126	0	0	0	126,896
2368	7312	1	2	0	1	0	0	1	24	222	6	36	510	126	0	0	0	126,896
2368	7328	1	2	0	1	0	0	1	24	222	6	36	510	126	0	0	0	126,896
2368	7360	1	2	0	1	0	0	1	24	222	6	36	510	126	0	0	0	126,896
2368	7425	0	1	1	1	0	0	1	25	75	4	33	510	127	0	1	0	896
2368	7426	1	2	0	1	0	0	1	24	222	6	36	510	126	0	0	0	126,896
2368	7428	1	2	0	1	0	0	1	24	222	6	36	510	126	0	0	0	126,896
2368	7432	1	2	0	1	0	0	1	24	222	6	36	510	126	0	0	0	126,896
2368	7440	1	2	0	1	0	0	1	24	222	6	36	510	126	0	0	0	126,896
2368	7456	1	2	0	1	0	0	1	24	222	6	36	510	126	0	0	0	126,896
2368	7488	1	2	0	1	0	0	1	24	222	6	36	510	126	0	0	0	126,896
2368	7552	0	1	1	1	1	1	0	24	222	6	36	510	127	1	0	1	896
2368	7681	0	1	1	1	0	0	1	32	1	1	34	510	255	0	1	0	768
2368	7682	0	1	1	1	0	0	1	29	75	4	37	510	254	0	1	0	254
2368	7684	0	1	1	1	0	0	1	29	75	4	37	510	254	0	1	0	254
2368	7688	0	1	1	1	0	0	1	29	75	4	37	510	254	0	1	0	254
2368	7696	0	1	1	1	0	0	1	29	75	4	37	510	254	0	1	0	254
2368	7712	0	1	1	1	0	0	1	29	75	4	37	510	254	0	1	0	254
2368	7744	0	1	1	1	0	0	1	29	75	4	37	510	254	0	1	0	254
2368	7808	0	1	1	1	0	0	1	31	11	3	37	510	254	0	1	0	254
2368	7936	0	1	1	1	0	0	1	31	11	3	37	510	254	0	1	0	254
2368	8207	0	1	1	1	0	0	1	23	11	3	29	510	31	0	1	0	992
2368	8215	0	1	1	1	0	0	1	23	11	3	29	510	31	0	1	0	992
2368	8219	0	1	1	1	0	0	1	23	11	3	29	510	31	0	1	0	992
2368	8221	0	1	1	1	0	0	1	23	11	3	29	510	31	0	1	0	992
2368	8222	1	1	0	1	0	0	1	24	75	4	32	510	30	0	0	0	30
2368	8231	0	1	1	1	0	0	1	23	11	3	29	510	31	0	1	0	992
2368	8235	0	1	1	1	0	0	1	23	11	3	29	510	31	0	1	0	992
2368	8237	0	1	1	1	0	0	1	23	11	3	29	510	31	0	1	0	992
2368	8238	1	1	0	1	0	0	1	24	75	4	32	510	30	0	0	0	30
2368	8243	0	1	1	1	0	0	1	23	11	3	29	510	31	0	1	0	992
2368	8245	0	1	1	1	0	0	1	23	11	3	29	510	31	0	1	0	992
2368	8246	1	1	0	1	0	0	1	24	75	4	32	510	30	0	0	0	30
2368	8249	0	1	1	1	0	0	1	23	11	3	29	510	31	0	1	0	992
2368	8250	1	1	0	1	0	0	1	24	75	4	32	510	30	0	0	0	30
2368	8252	1	1	0	1	0	0	1	24	75	4	32	510	30	0	0	0	30
2368	8263	0	1	1	1	0	0	1	23	11	3	29	510	31	0	1	0	992
2368	8267	0	1	1	1	0	0	1	23	11	3	29	510	31	0	1	0	992
2368	8269	0	1	1	1	0	0	1	23	11	3	29	510	31	0	1	0	992
2368	8270	1	1	0	1	0	0	1	24	75	4	32	510	30	0	0	0	30
2368	8275	0	1	1	1	0	0	1	23	11	3	29	510	31	0	1	0	992
2368	8277	0	1	1	1	0	0	1	23	11	3	29	510	31	0	1	0	992
2368	8278	1	1	0	1	0	0	1	24	75	4	32	510	30	0	0	0	30
2368	8281	0	1	1	1	0	0	1	23	11	3	29	510	31	0	1	0	992
2368	8282	1	1	0	1	0	0	1	24	75	4	32	510	30	0	0	0	30
2368	8284	1	1	0	1	0	0	1	24	75	4	32	510	30	0	0	0	30
2368	8291	0	1	1	1	0	0	1	23	11	3	29	510	31	0	1	0	992
2368	8293	0	1	1	1	0	0	1	23	11	3	29	510	31	0	1	0	992
2368	8294	1	1	0	1	0	0	1	24	75	4	32	510	30	0	0	0	30
2368	8297	0	1	1	1	0	0	1	23	11	3	29	510	31	0	1	0	992
2368	8298	1	1	0	1	0	0	1	24	75	4	32	510	30	0	0	0	30
2368	8300	1	1	0	1	0	0	1	24	75	4	32	510	30	0	0	0	30
2368	8305	0	1	1	1	0	0	1	23	11	3	29	510	31	0	1	0	992
2368	8306	1	1	0	1	0	0	1	24	75	4	32	510	30	0	0	0	30
2368	8308	1	1	0	1	0	0	1	24	75	4	32	510	30	0	0	0	30
2368	8312	1	1	0	1	0	0	1	24	75	4	32	510	30	0	0	0	30
2368	8327	0	1	1	1	0	0	1	21	77	4	29	510	31	0	1	0	992
2368	8331	0	1	1	1	0	0	1	21	77	4	29	510	31	0	1	0	992
2368	8333	0	1	1	1	0	0	1	21	77	4	29	510	31	0	1	0	992
2368	8334	1	2	0	1	0	0	1	24	75	4	32	510	30	0	0	0	30,992
2368	8339	0	1	1	1	0	0	1	21	77	4	29	510	31	0	1	0	992
2368	8341	0	1	1	1	0	0	1	21	77	4	29	510	31	0	1	0	992
2368	8342	1	2	0	1	0	0	1	24	75	4	32	510	30	0	0	0	30,992
2368	8345	0	1	1	1	0	0	1	21	77	4	29	510	31	0	1	0	992
2368	8346	1	2	0	1	0	0	1	24	75	4	32	510	30	0	0	0	30,992
2368	8348	1	2	0	1	0	0	1	24	75	4	32	510	30	0	0	0	30,992
2368	8355	0	1	1	1	0	0	1	21	77	4	29	510	31	0	1	0	992
2368	8357	0	1	1	1	0	0	1	21	77	4	29	510	31	0	1	0	992
2368	8358	1	2	0	1	0	0	1	24	75	4	32	510	30	0	0	0	30,992
2368	8361	0	1	1	1	0	0	1	21	77	4	29	510	31	0	1	0	992
2368	8362	1	2	0	1	0	0	1	24	75	4	32	510	30	0	0	0	30,992
2368	8364	1	2	0	1	0	0	1	24	75	4	32	510	30	0	0	0	30,992
2368	8369	0	1	1	1	0	0	1	21	77	4	29	510	31	0	1	0	992
2368	8370	1	2	0	1	0	0	1	24	75	4	32	510	30	0	0	0	30,992
2368	8372	1	2	0	1	0	0	1	24	75	4	32	510	30	0	0	0	30,992
2368	8376	1	2	0	1	0	0	1	24	75	4	32	510	30	0	0	0	30,992
2368	8387	0	1	1	1	0	0	1	21	77	4	29	510	31	0	1	0	992
2368	8389	0	1	1	1	0	0	1	21	77	4	29	510	31	0	1	0	992
2368	8390	1	2	0	1	0	0	1	24	75	4	32	510	30	0	0	0	30,992
2368	8393	0	1	1	1	0	0	1	21	77	4	29	510	31	0	1	0	992
2368	8394	1	2	0	1	0	0	1	24	75	4	32	510	30	0	0	0	30,992
2368	8396	1	2	0	1	0	0	1	24	75	4	32	510	30	0	0	0	30,992
2368	8401	0	1	1	1	0	0	1	21	77	4	29	510	31	0	1	0	992
2368	8402	1	2	0	1	0	0	1	24	75	4	32	510	30	0	0	0	30,992
2368	8404	1	2	0	1	0	0	1	24	75	4	32	510	30	0	0	0	30,992
2368	8408	1	2	0	1	0	0	1	24	75	4	32	510	30	0	0	0	30,992
2368	8417	0	1	1	1	0	0	1	21	77	4	29	510	31	0	1	0	992
2368	8418	1	2	0	1	0	0	1	24	75	4	32	510	30	0	0	0	30,992
2368	8420	1	2	0	1	0	0	1	24	75	4	32	510	30	0	0	0	30,992
2368	8424	1	2	0	1	0	0	1	24	75	4	32	510	30	0	0	0	30,992
2368	8432	1	2	0	1	0	0	1	24	75	4	32	510	30	0	0	0	30,992
2368	8455	0	1	1	1	0	0	1	21	77	4	29	510	31	0	1	0	992
2368	8459	0	1	1	1	0	0	1	21	77	4	29	510	31	0	1	0	992
2368	8461	0	1	1	1	0	0	1	21	77	4	29	510	31	0	1	0	992
2368	8462	1	2	0	1	0	0	1	24	75	4	32	510	30	0	0	0	30,992
2368	8467	0	1	1	1	0	0	1	21	77	4	29	510	31	0	1	0	992
2368	8469	0	1	1	1	0	0	1	21	77	4	29	510	31	0	1	0	992
2368	8470	1	2	0	1	0	0	1	24	75	4	32	510	30	0	0	0	30,992
2368	8473	0	1	1	1	0	0	1	21	77	4	29	510	31	0	1	0	992
2368	8474	1	2	0	1	0	0	1	24	75	4	32	510	30	0	0	0	30,992
2368	8476	1	2	0	1	0	0	1	24	75	4	32	510	30	0	0	0	30,992
2368	8483	0	1	1	1	0	0	1	21	77	4	29	510	31	0	1	0	992
2368	8485	0	1	1	1	0	0	1	21	77	4	29	510	31	0	1	0	992
2368	8486	1	2	0	1	0	0	1	24	75	4	32	510	30	0	0	0	30,992
2368	8489	0	1	1	1	0	0	1	21	77	4	29	510	31	0	1	0	992
2368	8490	1	2	0	1	0	0	1	24	75	4	32	510	30	0	0	0	30,992
2368	8492	1	2	0	1	0	0	1	24	75	4	32	510	30	0	0	0	30,992
2368	8497	0	1	1	1	0	0	1	21	77	4	29	510	31	0	1	0	992
2368	8498	1	2	0	1	0	0	1	24	75	4	32	510	30	0	0	0	30,992
2368	8500	1	2	0	1	0	0	1	24	75	4	32	510	30	0	0	0	30,992
2368	8504	1	2	0	1	0	0	1	24	75	4	32	510	30	0	0	0	30,992
2368	8515	0	1	1	1	0	0	1	21	77	4	29	510	31	0	1	0	992
2368	8517	0	1	1	1	0	0	1	21	77	4	29	510	31	0	1	0	992
2368	8518	1	2	0	1	0	0	1	24	75	4	32	510	30	0	0	0	30,992
2368	8521	0	1	1	1	0	0	1	21	77	4	29	510	31	0	1	0	992
2368	8522	1	2	0	1	0	0	1	24	75	4	32	510	30	0	0	0	30,992
2368	8524	1	2	0	1	0	0	1	24	75	4	32	510	30	0	0	0	30,992
2368	8529	0	1	1	1	0	0	1	21	77	4	29	510	31	0	1	0	992
2368	8530	1	2	0	1	0	0	1	24	75	4	32	510	30	0	0	0	30,992
2368	8532	1	2	0	1	0	0	1	24	75	4	32	510	30	0	0	0	30,992
2368	8536	1	2	0	1	0	0	1	24	75	4	32	510	30	0	0	0	30,992
2368	8545	0	1	1	1	0	0	1	21	77	4	29	510	31	0	1	0	992
2368	8546	1	2	0	1	0	0	1	24	75	4	32	510	30	0	0	0	30,992
2368	8548	1	2	0	1	0	0	1	24	75	4	32	510	30	0	0	0	30,992
2368	8552	1	2	0	1	0	0	1	24	75	4	32	510	30	0	0	0	30,992
2368	8560	1	2	0	1	0	0	1	24	75	4	32	510	30	0	0	0	30,992
2368	8579	0	1	1	1	0	0	1	19	94	5	29	510	31	0	1	0	992
2368	8581	0	1	1	1	0	0	1	19	94	5	29	510	31	0	1	0	992
2368	8582	0	1	1	1	1	1	0	24	75	4	32	510	31	1	0	1	992
2368	8585	0	1	1	1	0	0	1	19	94	5	29	510	31	0	1	0	992
2368	8586	0	1	1	1	1	1	0	24	75	4	32	510	31	1	0	1	992
2368	8588	0	1	1	1	1	1	0	24	75	4	32	510	31	1	0	1	992
2368	8593	0	1	1	1	0	0	1	19	94	5	29	510	31	0	1	0	992
2368	8594	0	1	1	1	1	1	0	24	75	4	32	510	31	1	0	1	992
2368	8596	0	1	1	1	1	1	0	24	75	4	32	510	31	1	0	1	992
2368	8600	0	1	1	1	1	1	0	24	75	4	32	510	31	1	0	1	992
2368	8609	0	1	1	1	0	0	1	19	94	5	29	510	31	0	1	0	992
2368	8610	0	1	1	1	1	1	0	24	75	4	32	510	31	1	0	1	992
2368	8612	0	1	1	1	1	1	0	24	75	4	32	510	31	1	0	1	992
2368	8616	0	1	1	1	1	1	0	24	75	4	32	510	31	1	0	1	992
2368	8624	0	1	1	1	1	1	0	24	75	4	32	510	31	1	0	1	992
2368	8641	0	1	1	1	0	0	1	19	94	5	29	510	31	0	1	0	992
2368	8642	0	1	1	1	1	1	0	24	75	4	32	510	31	1	0	1	992
2368	8644	0	1	1	1	1	1	0	24	75	4	32	510	31	1	0	1	992
2368	8648	0	1	1	1	1	1	0	24	75	4	32	510	31	1	0	1	992
2368	8656	0	1	1	1	1	1	0	24	75	4	32	510	31	1	0	1	992
2368	8672	0	1	1	1	1	1	0	24	75	4	32	510	31	1	0	1	992
2368	8711	0	1	1	1	0	0	1	20	94	5	30	510	63	0	1	0	960
2368	8715	0	1	1	1	0	0	1	20	94	5	30	510	63	0	1	0	960
2368	8717	0	1	1	1	0	0	1	20	94	5	30	510	63	0	1	0	960
2368	8718	0	1	1	1	0	0	1	21	222	6	33	510	62	0	1	0	62
2368	8723	0	1	1	1	0	0	1	20	94	5	30	510	63	0	1	0	960
2368	8725	0	1	1	1	0	0	1	20	94	5	30	510	63	0	1	0	960
2368	8726	0	1	1	1	0	0	1	21	222	6	33	510	62	0	1	0	62
2368	8729	0	1	1	1	0	0	1	20	94	5	30	510	63	0	1	0	960
2368	8730	0	1	1	1	0	0	1	21	222	6	33	510	62	0	1	0	62
2368	8732	0	1	1	1	0	0	1	21	222	6	33	510	62	0	1	0	62
2368	8739	0	1	1	1	0	0	1	20	94	5	30	510	63	0	1	0	960
2368	8741	0	1	1	1	0	0	1	20	94	5	30	510	63	0	1	0	960
2368	8742	0	1	1	1	0	0	1	21	222	6	33	510	62	0	1	0	62
2368	8745	0	1	1	1	0	0	1	20	94	5	30	510	63	0	1	0	960
2368	8746	0	1	1	1	0	0	1	21	222	6	33	510	62	0	1	0	62
2368	8748	0	1	1	1	0	0	1	21	222	6	33	510	62	0	1	0	62
2368	8753	0	1	1	1	0	0	1	20	94	5	30	510	63	0	1	0	960
2368	8754	0	1	1	1	0	0	1	21	222	6	33	510	62	0	1	0	62
2368	8756	0	1	1	1	0	0	1	21	222	6	33	510	62	0	1	0	62
2368	8760	0	1	1	1	0	0	1	21	222	6	33	510	62	0	1	0	62
2368	8771	0	1	1	1	0	0	1	20	94	5	30	510	63	0	1	0	960
2368	8773	0	1	1	1	0	0	1	20	94	5	30	510	63	0	1	0	960
2368	8774	0	1	1	1	0	0	1	21	222	6	33	510	62	0	1	0	62
2368	8777	0	1	1	1	0	0	1	20	94	5	30	510	63	0	1	0	960
2368	8778	0	1	1	1	0	0	1	21	222	6	33	510	62	0	1	0	62
2368	8780	0	1	1	1	0	0	1	21	222	6	33	510	62	0	1	0	62
2368	8785	0	1	1	1	0	0	1	20	94	5	30	510	63	0	1	0	960
2368	8786	0	1	1	1	0	0	1	21	222	6	33	510	62	0	1	0	62
2368	8788	0	1	1	1	0	0	1	21	222	6	33	510	62	0	1	0	62
2368	8792	0	1	1	1	0	0	1	21	222	6	33	510	62	0	1	0	62
2368	8801	0	1	1	1	0	0	1	20	94	5	30	510	63	0	1	0	960
2368	8802	0	1	1	1	0	0	1	21	222	6	33	510	62	0	1	0	62
2368	8804	0	1	1	1	0	0	1	21	222	6	33	510	62	0	1	0	62
2368	8808	0	1	1	1	0	0	1	21	222	6	33	510	62	0	1	0	62
2368	8816	0	1	1	1	0	0	1	21	222	6	33	510	62	0	1	0	62
2368	8835	0	1	1	1	0	0	1	22	236	5	30	510	63	0	1	0	960
2368	8837	0	1	1	1	0	0	1	22	236	5	30	510	63	0	1	0	960
2368	8838	0	1	1	1	0	0	1	23	94	5	33	510	62	0	1	0	62
2368	8841	0	1	1	1	0	0	1	22	236	5	30	510	63	0	1	0	960
2368	8842	0	1	1	1	0	0	1	23	94	5	33	510	62	0	1	0	62
2368	8844	0	1	1	1	0	0	1	23	94	5	33	510	62	0	1	0	62
2368	8849	0	1	1	1	0	0	1	22	236	5	30	510	63	0	1	0	960
2368	8850	0	1	1	1	0	0	1	23	94	5	33	510	62	0	1	0	62
2368	8852	0	1	1	1	0	0	1	23	94	5	33	510	62	0	1	0	62
2368	8856	0	1	1	1	0	0	1	23	94	5	33	510	62	0	1	0	62
2368	8865	0	1	1	1	0	0	1	22	236	5	30	510	63	0	1	0	960
2368	8866	0	1	1	1	0	0	1	23	94	5	33	510	62	0	1	0	62
2368	8868	0	1	1	1	0	0	1	23	94	5	33	510	62	0	1	0	62
2368	8872	0	1	1	1	0	0	1	23	94	5	33	510	62	0	1	0	62
2368	8880	0	1	1	1	0	0	1	23	94	5	33	510	62	0	1	0	62
2368	8897	0	1	1	1	0	0	1	22	236	5	30	510	63	0	1	0	960
2368	8898	0	1	1	1	0	0	1	23	94	5	33	510	62	0	1	0	62
2368	8900	0	1	1	1	0	0	1	23	94	5	33	510	62	0	1	0	62
2368	8904	0	1	1	1	0	0	1	23	94	5	33	510	62	0	1	0	62
2368	8912	0	1	1	1	0	0	1	23	94	5	33	510	62	0	1	0	62
2368	8928	0	1	1	1	0	0	1	23	94	5	33	510	62	0	1	0	62
2368	8963	0	1	1	1	0	0	1	22	236	5	30	510	63	0	1	0	960
2368	8965	0	1	1	1	0	0	1	22	236	5	30	510	63	0	1	0	960
2368	8966	0	1	1	1	0	0	1	23	94	5	33	510	62	0	1	0	62
2368	8969	0	1	1	1	0	0	1	22	236	5	30	510	63	0	1	0	960
2368	8970	0	1	1	1	0	0	1	23	94	5	33	510	62	0	1	0	62
2368	8972	0	1	1	1	0	0	1	23	94	5	33	510	62	0	1	0	62
2368	8977	0	1	1	1	0	0	1	22	236	5	30	510	63	0	1	0	960
2368	8978	0	1	1	1	0	0	1	23	94	5	33	510	62	0	1	0	62
2368	8980	0	1	1	1	0	0	1	23	94	5	33	510	62	0	1	0	62
2368	8984	0	1	1	1	0	0	1	23	94	5	33	510	62	0	1	0	62
2368	8993	0	1	1	1	0	0	1	22	236	5	30	510	63	0	1	0	960
2368	8994	0	1	1	1	0	0	1	23	94	5	33	510	62	0	1	0	62
2368	8996	0	1	1	1	0	0	1	23	94	5	33	510	62	0	1	0	62
2368	9000	0	1	1	1	0	0	1	23	94	5	33	510	62	0	1	0	62
2368	9008	0	1	1	1	0	0	1	23	94	5	33	510	62	0	1	0	62
2368	9025	0	1	1	1	0	0	1	22	236	5	30	510	63	0	1	0	960
2368	9026	0	1	1	1	0	0	1	23	94	5	33	510	62	0	1	0	62
2368	9028	0	1	1	1	0	0	1	23	94	5	33	510	62	0	1	0	62
2368	9032	0	1	1	1	0	0	1	23	94	5	33	510	62	0	1	0	62
2368	9040	0	1	1	1	0	0	1	23	94	5	33	510	62	0	1	0	62
2368	9056	0	1	1	1	0	0	1	23	94	5	33	510	62	0	1	0	62
2368	9089	0	1	1	1	0	0	1	20	94	5	30	510	63	0	1	0	960
2368	9090	0	2	1	1	0	0	1	25	77	4	33	510	62	0	1	0	62,960
2368	9092	0	2	1	1	0	0	1	25	77	4	33	510	62	0	1	0	62,960
2368	9096	0	2	1	1	0	0	1	25	77	4	33	510	62	0	1	0	62,960
2368	9104	0	2	1	1	0	0	1	25	77	4	33	510	62	0	1	0	62,960
2368	9120	0	2	1	1	0	0	1	25	77	4	33	510	62	0	1	0	62,960
2368	9152	0	2	1	1	0	0	1	25	77	4	33	510	62	0	1	0	62,960
2368	9223	0	1	1	1	0	0	1	23	30	4	31	510	63	0	1	0	960
2368	9227	0	1	1	1	0	0	1	23	30	4	31	510	63	0	1	0	960
2368	9229	0	1	1	1	0	0	1	23	30	4	31	510	63	0	1	0	960
2368	9230	1	1	0	1	0	0	1	22	222	6	34	510	62	0	0	0	62
2368	9235	0	1	1	1	0	0	1	23	30	4	31	510	63	0	1	0	960
2368	9237	0	1	1	1	0	0	1	23	30	4	31	510	63	0	1	0	960
2368	9238	1	1	0	1	0	0	1	22	222	6	34	510	62	0	0	0	62
2368	9241	0	1	1	1	0	0	1	23	30	4	31	510	63	0	1	0	960
2368	9242	1	1	0	1	0	0	1	22	222	6	34	510	62	0	0	0	62
2368	9244	1	1	0	1	0	0	1	22	222	6	34	510	62	0	0	0	62
2368	9251	0	1	1	1	0	0	1	23	30	4	31	510	63	0	1	0	960
2368	9253	0	1	1	1	0	0	1	23	30	4	31	510	63	0	1	0	960
2368	9254	1	1	0	1	0	0	1	22	222	6	34	510	62	0	0	0	62
2368	9257	0	1	1	1	0	0	1	23	30	4	31	510	63	0	1	0	960
2368	9258	1	1	0	1	0	0	1	22	222	6	34	510	62	0	0	0	62
2368	9260	1	1	0	1	0	0	1	22	222	6	34	510	62	0	0	0	62
2368	9265	0	1	1	1	0	0	1	23	30	4	31	510	63	0	1	0	960
2368	9266	1	1	0	1	0	0	1	22	222	6	34	510	62	0	0	0	62
2368	9268	1	1	0	1	0	0	1	22	222	6	34	510	62	0	0	0	62
2368	9272	1	1	0	1	0	0	1	22	222	6	34	510	62	0	0	0	62
2368	9283	0	1	1	1	0	0	1	23	30	4	31	510	63	0	1	0	960
2368	9285	0	1	1	1	0	0	1	23	30	4	31	510	63	0	1	0	960
2368	9286	1	1	0	1	0	0	1	22	222	6	34	510	62	0	0	0	62
2368	9289	0	1	1	1	0	0	1	23	30	4	31	510	63	0	1	0	960
2368	9290	1	1	0	1	0	0	1	22	222	6	34	510	62	0	0	0	62
2368	9292	1	1	0	1	0	0	1	22	222	6	34	510	62	0	0	0	62
2368	9297	0	1	1	1	0	0	1	23	30	4	31	510	63	0	1	0	960
2368	9298	1	1	0	1	0	0	1	22	222	6	34	510	62	0	0	0	62
2368	9300	1	1	0	1	0	0	1	22	222	6	34	510	62	0	0	0	62
2368	9304	1	1	0	1	0	0	1	22	222	6	34	510	62	0	0	0	62
2368	9313	0	1	1	1	0	0	1	23	30	4	31	510	63	0	1	0	960
2368	9314	1	1	0	1	0	0	1	22	222	6	34	510	62	0	0	0	62
2368	9316	1	1	0	1	0	0	1	22	222	6	34	510	62	0	0	0	62
2368	9320	1	1	0	1	0	0	1	22	222	6	34	510	62	0	0	0	62
2368	9328	1	1	0	1	0	0	1	22	222	6	34	510	62	0	0	0	62
2368	9347	0	1	1	1	0	0	1	21	94	5	31	510	63	0	1	0	960
2368	9349	0	1	1	1	0	0	1	21	94	5	31	510	63	0	1	0	960
2368	9350	1	2	0	1	0	0	1	22	222	6	34	510	62	0	0	0	62,960
2368	9353	0	1	1	1	0	0	1	21	94	5	31	510	63	0	1	0	960
2368	9354	1	2	0	1	0	0	1	22	222	6	34	510	62	0	0	0	62,960
2368	9356	1	2	0	1	0	0	1	22	222	6	34	510	62	0	0	0	62,960
2368	9361	0	1	1	1	0	0	1	21	94	5	31	510	63	0	1	0	960
2368	9362	1	2	0	1	0	0	1	22	222	6	34	510	62	0	0	0	62,960
2368	9364	1	2	0	1	0	0	1	22	222	6	34	510	62	0	0	0	62,960
2368	9368	1	2	0	1	0	0	1	22	222	6	34	510	62	0	0	0	62,960
2368	9377	0	1	1	1	0	0	1	21	94	5	31	510	63	0	1	0	960
2368	9378	1	2	0	1	0	0	1	22	222	6	34	510	62	0	0	0	62,960
2368	9380	1	2	0	1	0	0	1	22	222	6	34	510	62	0	0	0	62,960
2368	9384	1	2	0	1	0	0	1	22	222	6	34	510	62	0	0	0	62,960
2368	9392	1	2	0	1	0	0	1	22	222	6	34	510	62	0	0	0	62,960
2368	9409	0	1	1	1	0	0	1	21	94	5	31	510	63	0	1	0	960
2368	9410	1	2	0	1	0	0	1	22	222	6	34	510	62	0	0	0	62,960
2368	9412	1	2	0	1	0	0	1	22	222	6	34	510	62	0	0	0	62,960
2368	9416	1	2	0	1	0	0	1	22	222	6	34	510	62	0	0	0	62,960
2368	9424	1	2	0	1	0	0	1	22	222	6	34	510	62	0	0	0	62,960
2368	9440	1	2	0	1	0	0	1	22	222	6	34	510	62	0	0	0	62,960
2368	9475	0	1	1	1	0	0	1	21	94	5	31	510	63	0	1	0	960
2368	9477	0	1	1	1	0	0	1	21	94	5	31	510	63	0	1	0	960
2368	9478	1	2	0	1	0	0	1	22	222	6	34	510	62	0	0	0	62,960
2368	9481	0	1	1	1	0	0	1	21	94	5	31	510	63	0	1	0	960
2368	9482	1	2	0	1	0	0	1	22	222	6	34	510	62	0	0	0	62,960
2368	9484	1	2	0	1	0	0	1	22	222	6	34	510	62	0	0	0	62,960
2368	9489	0	1	1	1	0	0	1	21	94	5	31	510	63	0	1	0	960
2368	9490	1	2	0	1	0	0	1	22	222	6	34	510	62	0	0	0	62,960
2368	9492	1	2	0	1	0	0	1	22	222	6	34	510	62	0	0	0	62,960
2368	9496	1	2	0	1	0	0	1	22	222	6	34	510	62	0	0	0	62,960
2368	9505	0	1	1	1	0	0	1	21	94	5	31	510	63	0	1	0	960
2368	9506	1	2	0	1	0	0	1	22	222	6	34	510	62	0	0	0	62,960
2368	9508	1	2	0	1	0	0	1	22	222	6	34	510	62	0	0	0	62,960
2368	9512	1	2	0	1	0	0	1	22	222	6	34	510	62	0	0	0	62,960
2368	9520	1	2	0	1	0	0	1	22	222	6	34	510	62	0	0	0	62,960
2368	9537	0	1	1	1	0	0	1	21	94	5	31	510	63	0	1	0	960
2368	9538	1	2	0	1	0	0	1	22	222	6	34	510	62	0	0	0	62,960
2368	9540	1	2	0	1	0	0	1	22	222	6	34	510	62	0	0	0	62,960
2368	9544	1	2	0	1	0	0	1	22	222	6	34	510	62	0	0	0	62,960
2368	9552	1	2	0	1	0	0	1	22	222	6	34	510	62	0	0	0	62,960
2368	9568	1	2	0	1	0	0	1	22	222	6	34	510	62	0	0	0	62,960
2368	9601	0	1	1	1	0	0	1	19	222	6	31	510	63	0	1	0	960
2368	9602	0	1	1	1	1	1	0	22	222	6	34	510	63	1	0	1	960
2368	9604	0	1	1	1	1	1	0	22	222	6	34	510	63	1	0	1	960
2368	9608	0	1	1	1	1	1	0	22	222	6	34	510	63	1	0	1	960
2368	9616	0	1	1	1	1	1	0	22	222	6	34	510	63	1	0	1	960
2368	9632	0	1	1	1	1	1	0	22	222	6	34	510	63	1	0	1	960
2368	9664	0	1	1	1	1	1	0	22	222	6	34	510	63	1	0	1	960
2368	9731	0	1	1	1	0	0	1	24	77	4	32	510	127	0	1	0	896
2368	9733	0	1	1	1	0	0	1	24	77	4	32	510	127	0	1	0	896
2368	9734	0	1	1	1	0	0	1	23	222	6	35	510	126	0	1	0	126
2368	9737	0	1	1	1	0	0	1	24	77	4	32	510	127	0	1	0	896
2368	9738	0	1	1	1	0	0	1	23	222	6	35	510	126	0	1	0	126
2368	9740	0	1	1	1	0	0	1	23	222	6	35	510	126	0	1	0	126
2368	9745	0	1	1	1	0	0	1	24	77	4	32	510	127	0	1	0	896
2368	9746	0	1	1	1	0	0	1	23	222	6	35	510	126	0	1	0	126
2368	9748	0	1	1	1	0	0	1	23	222	6	35	510	126	0	1	0	126
2368	9752	0	1	1	1	0	0	1	23	222	6	35	510	126	0	1	0	126
2368	9761	0	1	1	1	0	0	1	24	77	4	32	510	127	0	1	0	896
2368	9762	0	1	1	1	0	0	1	23	222	6	35	510	126	0	1	0	126
2368	9764	0	1	1	1	0	0	1	23	222	6	35	510	126	0	1	0	126
2368	9768	0	1	1	1	0	0	1	23	222	6	35	510	126	0	1	0	126
2368	9776	0	1	1	1	0	0	1	23	222	6	35	510	126	0	1	0	126
2368	9793	0	1	1	1	0	0	1	24	77	4	32	510	127	0	1	0	896
2368	9794	0	1	1	1	0	0	1	23	222	6	35	510	126	0	1	0	126
2368	9796	0	1	1	1	0	0	1	23	222	6	35	510	126	0	1	0	126
2368	9800	0	1	1	1	0	0	1	23	222	6	35	510	126	0	1	0	126
2368	9808	0	1	1	1	0	0	1	23	222	6	35	510	126	0	1	0	126
2368	9824	0	1	1	1	0	0	1	23	222	6	35	510	126	0	1	0	126
2368	9857	0	1	1	1	0	0	1	24	77	4	32	510	127	0	1	0	896
2368	9858	0	1	1	1	0	0	1	25	94	5	35	510	126	0	1	0	126
2368	9860	0	1	1	1	0	0	1	25	94	5	35	510	126	0	1	0	126
2368	9864	0	1	1	1	0	0	1	25	94	5	35	510	126	0	1	0	126
2368	9872	0	1	1	1	0	0	1	25	94	5	35	510	126	0	1	0	126
2368	9888	0	1	1	1	0	0	1	25	94	5	35	510	126	0	1	0	126
2368	9920	0	1	1	1	0	0	1	25	94	5	35	510	126	0	1	0	126
2368	9985	0	1	1	1	0	0	1	24	77	4	32	510	127	0	1	0	896
2368	9986	0	1	1	1	0	0	1	25	94	5	35	510	126	0	1	0	126
2368	9988	0	1	1	1	0	0	1	25	94	5	35	510	126	0	1	0	126
2368	9992	0	1	1	1	0	0	1	25	94	5	35	510	126	0	1	0	126
2368	10000	0	1	1	1	0	0	1	25	94	5	35	510	126	0	1	0	126
2368	10016	0	1	1	1	0	0	1	25	94	5	35	510	126	0	1	0	126
2368	10048	0	1	1	1	0	0	1	25	94	5	35	510	126	0	1	0	126
2368	10112	0	2	1	1	0	0	1	27	30	4	35	510	126	0	1	0	126,896
2368	10247	0	1	1	1	0	0	1	23	30	4	31	510	63	0	1	0	960
2368	10251	0	1	1	1	0	0	1	23	30	4	31	510	63	0	1	0	960
2368	10253	0	1	1	1	0	0	1	23	30	4	31	510	63	0	1	0	960
2368	10254	1	1	0	1	0	0	1	22	222	6	34	510	62	0	0	0	62
2368	10259	0	1	1	1	0	0	1	23	30	4	31	510	63	0	1	0	960
2368	10261	0	1	1	1	0	0	1	23	30	4	31	510	63	0	1	0	960
2368	10262	1	1	0	1	0	0	1	22	222	6	34	510	62	0	0	0	62
2368	10265	0	1	1	1	0	0	1	23	30	4	31	510	63	0	1	0	960
2368	10266	1	1	0	1	0	0	1	22	222	6	34	510	62	0	0	0	62
2368	10268	1	1	0	1	0	0	1	22	222	6	34	510	62	0	0	0	62
2368	10275	0	1	1	1	0	0	1	23	30	4	31	510	63	0	1	0	960
2368	10277	0	1	1	1	0	0	1	23	30	4	31	510	63	0	1	0	960
2368	10278	1	1	0	1	0	0	1	22	222	6	34	510	62	0	0	0	62
2368	10281	0	1	1	1	0	0	1	23	30	4	31	510	63	0	1	0	960
2368	10282	1	1	0	1	0	0	1	22	222	6	34	510	62	0	0	0	62
2368	10284	1	1	0	1	0	0	1	22	222	6	34	510	62	0	0	0	62
2368	10289	0	1	1	1	0	0	1	23	30	4	31	510	63	0	1	0	960
2368	10290	1	1	0	1	0	0	1	22	222	6	34	510	62	0	0	0	62
2368	10292	1	1	0	1	0	0	1	22	222	6	34	510	62	0	0	0	62
2368	10296	1	1	0	1	0	0	1	22	222	6	34	510	62	0	0	0	62
2368	10307	0	1	1	1	0	0	1	23	30	4	31	510	63	0	1	0	960
2368	10309	0	1	1	1	0	0	1	23	30	4	31	510	63	0	1	0	960
2368	10310	1	1	0	1	0	0	1	22	222	6	34	510	62	0	0	0	62
2368	10313	0	1	1	1	0	0	1	23	30	4	31	510	63	0	1	0	960
2368	10314	1	1	0	1	0	0	1	22	222	6	34	510	62	0	0	0	62
2368	10316	1	1	0	1	0	0	1	22	222	6	34	510	62	0	0	0	62
2368	10321	0	1	1	1	0	0	1	23	30	4	31	510	63	0	1	0	960
2368	10322	1	1	0	1	0	0	1	22	222	6	34	510	62	0	0	0	62
2368	10324	1	1	0	1	0	0	1	22	222	6	34	510	62	0	0	0	62
2368	10328	1	1	0	1	0	0	1	22	222	6	34	510	62	0	0	0	62
2368	10337	0	1	1	1	0	0	1	23	30	4	31	510	63	0	1	0	960
2368	10338	1	1	0	1	0	0	1	22	222	6	34	510	62	0	0	0	62
2368	10340	1	1	0	1	0	0	1	22	222	6	34	510	62	0	0	0	62
2368	10344	1	1	0	1	0	0	1	22	222	6	34	510	62	0	0	0	62
2368	10352	1	1	0	1	0	0	1	22	222	6	34	510	62	0	0	0	62
2368	10371	0	1	1	1	0	0	1	21	94	5	31	510	63	0	1	0	960
2368	10373	0	1	1	1	0	0	1	21	94	5	31	510	63	0	1	0	960
2368	10374	1	2	0	1	0	0	1	22	222	6	34	510	62	0	0	0	62,960
2368	10377	0	1	1	1	0	0	1	21	94	5	31	510	63	0	1	0	960
2368	10378	1	2	0	1	0	0	1	22	222	6	34	510	62	0	0	0	62,960
2368	10380	1	2	0	1	0	0	1	22	222	6	34	510	62	0	0	0	62,960
2368	10385	0	1	1	1	0	0	1	21	94	5	31	510	63	0	1	0	960
2368	10386	1	2	0	1	0	0	1	22	222	6	34	510	62	0	0	0	62,960
2368	10388	1	2	0	1	0	0	1	22	222	6	34	510	62	0	0	0	62,960
2368	10392	1	2	0	1	0	0	1	22	222	6	34	510	62	0	0	0	62,960
2368	10401	0	1	1	1	0	0	1	21	94	5	31	510	63	0	1	0	960
2368	10402	1	2	0	1	0	0	1	22	222	6	34	510	62	0	0	0	62,960
2368	10404	1	2	0	1	0	0	1	22	222	6	34	510	62	0	0	0	62,960
2368	10408	1	2	0	1	0	0	1	22	222	6	34	510	62	0	0	0	62,960
2368	10416	1	2	0	1	0	0	1	22	222	6	34	510	62	0	0	0	62,960
2368	10433	0	1	1	1	0	0	1	21	94	5	31	510	63	0	1	0	960
2368	10434	1	2	0	1	0	0	1	22	222	6	34	510	62	0	0	0	62,960
2368	10436	1	2	0	1	0	0	1	22	222	6	34	510	62	0	0	0	62,960
2368	10440	1	2	0	1	0	0	1	22	222	6	34	510	62	0	0	0	62,960
2368	10448	1	2	0	1	0	0	1	22	222	6	34	510	62	0	0	0	62,960
2368	10464	1	2	0	1	0	0	1	22	222	6	34	510	62	0	0	0	62,960
2368	10499	0	1	1	1	0	0	1	21	94	5	31	510	63	0	1	0	960
2368	10501	0	1	1	1	0	0	1	21	94	5	31	510	63	0	1	0	960
2368	10502	1	2	0	1	0	0	1	22	222	6	34	510	62	0	0	0	62,960
2368	10505	0	1	1	1	0	0	1	21	94	5	31	510	63	0	1	0	960
2368	10506	1	2	0	1	0	0	1	22	222	6	34	510	62	0	0	0	62,960
2368	10508	1	2	0	1	0	0	1	22	222	6	34	510	62	0	0	0	62,960
2368	10513	0	1	1	1	0	0	1	21	94	5	31	510	63	0	1	0	960
2368	10514	1	2	0	1	0	0	1	22	222	6	34	510	62	0	0	0	62,960
2368	10516	1	2	0	1	0	0	1	22	222	6	34	510	62	0	0	0	62,960
2368	10520	1	2	0	1	0	0	1	22	222	6	34	510	62	0	0	0	62,960
2368	10529	0	1	1	1	0	0	1	21	94	5	31	510	63	0	1	0	960
2368	10530	1	2	0	1	0	0	1	22	222	6	34	510	62	0	0	0	62,960
2368	10532	1	2	0	1	0	0	1	22	222	6	34	510	62	0	0	0	62,960
2368	10536	1	2	0	1	0	0	1	22	222	6	34	510	62	0	0	0	62,960
2368	10544	1	2	0	1	0	0	1	22	222	6	34	510	62	0	0	0	62,960
2368	10561	0	1	1	1	0	0	1	21	94	5	31	510	63	0	1	0	960
2368	10562	1	2	0	1	0	0	1	22	222	6	34	510	62	0	0	0	62,960
2368	10564	1	2	0	1	0	0	1	22	222	6	34	510	62	0	0	0	62,960
2368	10568	1	2	0	1	0	0	1	22	222	6	34	510	62	0	0	0	62,960
2368	10576	1	2	0	1	0	0	1	22	222	6	34	510	62	0	0	0	62,960
2368	10592	1	2	0	1	0	0	1	22	222	6	34	510	62	0	0	0	62,960
2368	10625	0	1	1	1	0	0	1	19	222	6	31	510	63	0	1	0	960
2368	10626	0	1	1	1	1	1	0	22	222	6	34	510	63	1	0	1	960
2368	10628	0	1	1	1	1	1	0	22	222	6	34	510	63	1	0	1	960
2368	10632	0	1	1	1	1	1	0	22	222	6	34	510	63	1	0	1	960
2368	10640	0	1	1	1	1	1	0	22	222	6	34	510	63	1	0	1	960
2368	10656	0	1	1	1	1	1	0	22	222	6	34	510	63	1	0	1	960
2368	10688	0	1	1	1	1	1	0	22	222	6	34	510	63	1	0	1	960
2368	10755	0	1	1	1	0	0	1	24	77	4	32	510	127	0	1	0	896
2368	10757	0	1	1	1	0	0	1	24	77	4	32	510	127	0	1	0	896
2368	10758	0	1	1	1	0	0	1	23	222	6	35	510	126	0	1	0	126
2368	10761	0	1	1	1	0	0	1	24	77	4	32	510	127	0	1	0	896
2368	10762	0	1	1	1	0	0	1	23	222	6	35	510	126	0	1	0	126
2368	10764	0	1	1	1	0	0	1	23	222	6	35	510	126	0	1	0	126
2368	10769	0	1	1	1	0	0	1	24	77	4	32	510	127	0	1	0	896
2368	10770	0	1	1	1	0	0	1	23	222	6	35	510	126	0	1	0	126
2368	10772	0	1	1	1	0	0	1	23	222	6	35	510	126	0	1	0	126
2368	10776	0	1	1	1	0	0	1	23	222	6	35	510	126	0	1	0	126
2368	10785	0	1	1	1	0	0	1	24	77	4	32	510	127	0	1	0	896
2368	10786	0	1	1	1	0	0	1	23	222	6	35	510	126	0	1	0	126
2368	10788	0	1	1	1	0	0	1	23	222	6	35	510	126	0	1	0	126
2368	10792	0	1	1	1	0	0	1	23	222	6	35	510	126	0	1	0	126
2368	10800	0	1	1	1	0	0	1	23	222	6	35	510	126	0	1	0	126
2368	10817	0	1	1	1	0	0	1	24	77	4	32	510	127	0	1	0	896
2368	10818	0	1	1	1	0	0	1	23	222	6	35	510	126	0	1	0	126
2368	10820	0	1	1	1	0	0	1	23	222	6	35	510	126	0	1	0	126
2368	10824	0	1	1	1	0	0	1	23	222	6	35	510	126	0	1	0	126
2368	10832	0	1	1	1	0	0	1	23	222	6	35	510	126	0	1	0	126
2368	10848	0	1	1	1	0	0	1	23	222	6	35	510	126	0	1	0	126
2368	10881	0	1	1	1	0	0	1	24	77	4	32	510	127	0	1	0	896
2368	10882	0	1	1	1	0	0	1	25	94	5	35	510	126	0	1	0	126
2368	10884	0	1	1	1	0	0	1	25	94	5	35	510	126	0	1	0	126
2368	10888	0	1	1	1	0	0	1	25	94	5	35	510	126	0	1	0	126
2368	10896	0	1	1	1	0	0	1	25	94	5	35	510	126	0	1	0	126
2368	10912	0	1	1	1	0	0	1	25	94	5	35	510	126	0	1	0	126
2368	10944	0	1	1	1	0	0	1	25	94	5	35	510	126	0	1	0	126
2368	11009	0	1	1	1	0	0	1	24	77	4	32	510	127	0	1	0	896
2368	11010	0	1	1	1	0	0	1	25	94	5	35	510	126	0	1	0	126
2368	11012	0	1	1	1	0	0	1	25	94	5	35	510	126	0	1	0	126
2368	11016	0	1	1	1	0	0	1	25	94	5	35	510	126	0	1	0	126
2368	11024	0	1	1	1	0	0	1	25	94	5	35	510	126	0	1	0	126
2368	11040	0	1	1	1	0	0	1	25	94	5	35	510	126	0	1	0	126
2368	11072	0	1	1	1	0	0	1	25	94	5	35	510	126	0	1	0	126
2368	11136	0	2	1	1	0	0	1	27	30	4	35	510	126	0	1	0	126,896
2368	11267	0	1	1	1	0	0	1	27	11	3	33	510	127	0	1	0	896
2368	11269	0	1	1	1	0	0	1	27	11	3	33	510	127	0	1	0	896
2368	11270	1	1	0	1	0	0	1	24	222	6	36	510	126	0	0	0	126
2368	11273	0	1	1	1	0	0	1	27	11	3	33	510	127	0	1	0	896
2368	11274	1	1	0	1	0	0	1	24	222	6	36	510	126	0	0	0	126
2368	11276	1	1	0	1	0	0	1	24	222	6	36	510	126	0	0	0	126
2368	11281	0	1	1	1	0	0	1	27	11	3	33	510	127	0	1	0	896
2368	11282	1	1	0	1	0	0	1	24	222	6	36	510	126	0	0	0	126
2368	11284	1	1	0	1	0	0	1	24	222	6	36	510	126	0	0	0	126
2368	11288	1	1	0	1	0	0	1	24	222	6	36	510	126	0	0	0	126
2368	11297	0	1	1	1	0	0	1	27	11	3	33	510	127	0	1	0	896
2368	11298	1	1	0	1	0	0	1	24	222	6	36	510	126	0	0	0	126
2368	11300	1	1	0	1	0	0	1	24	222	6	36	510	126	0	0	0	126
2368	11304	1	1	0	1	0	0	1	24	222	6	36	510	126	0	0	0	126
2368	11312	1	1	0	1	0	0	1	24	222	6	36	510	126	0	0	0	126
2368	11329	0	1	1	1	0	0	1	27	11	3	33	510	127	0	1	0	896
2368	11330	1	1	0	1	0	0	1	24	222	6	36	510	126	0	0	0	126
2368	11332	1	1	0	1	0	0	1	24	222	6	36	510	126	0	0	0	126
2368	11336	1	1	0	1	0	0	1	24	222	6	36	510	126	0	0	0	126
2368	11344	1	1	0	1	0	0	1	24	222	6	36	510	126	0	0	0	126
2368	11360	1	1	0	1	0	0	1	24	222	6	36	510	126	0	0	0	126
2368	11393	0	1	1	1	0	0	1	25	75	4	33	510	127	0	1	0	896
2368	11394	1	2	0	1	0	0	1	24	222	6	36	510	126	0	0	0	126,896
2368	11396	1	2	0	1	0	0	1	24	222	6	36	510	126	0	0	0	126,896
2368	11400	1	2	0	1	0	0	1	24	222	6	36	510	126	0	0	0	126,896
2368	11408	1	2	0	1	0	0	1	24	222	6	36	510	126	0	0	0	126,896
2368	11424	1	2	0	1	0	0	1	24	222	6	36	510	126	0	0	0	126,896
2368	11456	1	2	0	1	0	0	1	24	222	6	36	510	126	0	0	0	126,896
2368	11521	0	1	1	1	0	0	1	25	75	4	33	510	127	0	1	0	896
2368	11522	1	2	0	1	0	0	1	24	222	6	36	510	126	0	0	0	126,896
2368	11524	1	2	0	1	0	0	1	24	222	6	36	510	126	0	0	0	126,896
2368	11528	1	2	0	1	0	0	1	24	222	6	36	510	126	0	0	0	126,896
2368	11536	1	2	0	1	0	0	1	24	222	6	36	510	126	0	0	0	126,896
2368	11552	1	2	0	1	0	0	1	24	222	6	36	510	126	0	0	0	126,896
2368	11584	1	2	0	1	0	0	1	24	222	6	36	510	126	0	0	0	126,896
2368	11648	0	1	1	1	1	1	0	24	222	6	36	510	127	1	0	1	896
2368	11777	0	1	1	1	0	0	1	32	1	1	34	510	255	0	1	0	768
2368	11778	0	1	1	1	0	0	1	29	75	4	37	510	254	0	1	0	254
2368	11780	0	1	1	1	0	0	1	29	75	4	37	510	254	0	1	0	254
2368	11784	0	1	1	1	0	0	1	29	75	4	37	510	254	0	1	0	254
2368	11792	0	1	1	1	0	0	1	29	75	4	37	510	254	0	1	0	254
2368	11808	0	1	1	1	0	0	1	29	75	4	37	510	254	0	1	0	254
2368	11840	0	1	1	1	0	0	1	29	75	4	37	510	254	0	1	0	254
2368	11904	0	1	1	1	0	0	1	31	11	3	37	510	254	0	1	0	254
2368	12032	0	1	1	1	0	0	1	31	11	3	37	510	254	0	1	0	254
2368	12295	0	1	1	1	0	0	1	23	30	4	31	510	63	0	1	0	960
2368	12299	0	1	1	1	0	0	1	23	30	4	31	510	63	0	1	0	960
2368	12301	0	1	1	1	0	0	1	23	30	4	31	510	63	0	1	0	960
2368	12302	1	1	0	1	0	0	1	22	222	6	34	510	62	0	0	0	62
2368	12307	0	1	1	1	0	0	1	23	30	4	31	510	63	0	1	0	960
2368	12309	0	1	1	1	0	0	1	23	30	4	31	510	63	0	1	0	960
2368	12310	1	1	0	1	0	0	1	22	222	6	34	510	62	0	0	0	62
2368	12313	0	1	1	1	0	0	1	23	30	4	31	510	63	0	1	0	960
2368	12314	1	1	0	1	0	0	1	22	222	6	34	510	62	0	0	0	62
2368	12316	1	1	0	1	0	0	1	22	222	6	34	510	62	0	0	0	62
2368	12323	0	1	1	1	0	0	1	23	30	4	31	510	63	0	1	0	960
2368	12325	0	1	1	1	0	0	1	23	30	4	31	510	63	0	1	0	960
2368	12326	1	1	0	1	0	0	1	22	222	6	34	510	62	0	0	0	62
2368	12329	0	1	1	1	0	0	1	23	30	4	31	510	63	0	1	0	960
2368	12330	1	1	0	1	0	0	1	22	222	6	34	510	62	0	0	0	62
2368	12332	1	1	0	1	0	0	1	22	222	6	34	510	62	0	0	0	62
2368	12337	0	1	1	1	0	0	1	23	30	4	31	510	63	0	1	0	960
2368	12338	1	1	0	1	0	0	1	22	222	6	34	510	62	0	0	0	62
2368	12340	1	1	0	1	0	0	1	22	222	6	34	510	62	0	0	0	62
2368	12344	1	1	0	1	0	0	1	22	222	6	34	510	62	0	0	0	62
2368	12355	0	1	1	1	0	0	1	23	30	4	31	510	63	0	1	0	960
2368	12357	0	1	1	1	0	0	1	23	30	4	31	510	63	0	1	0	960
2368	12358	1	1	0	1	0	0	1	22	222	6	34	510	62	0	0	0	62
2368	12361	0	1	1	1	0	0	1	23	30	4	31	510	63	0	1	0	960
2368	12362	1	1	0	1	0	0	1	22	222	6	34	510	62	0	0	0	62
2368	12364	1	1	0	1	0	0	1	22	222	6	34	510	62	0	0	0	62
2368	12369	0	1	1	1	0	0	1	23	30	4	31	510	63	0	1	0	960
2368	12370	1	1	0	1	0	0	1	22	222	6	34	510	62	0	0	0	62
2368	12372	1	1	0	1	0	0	1	22	222	6	34	510	62	0	0	0	62
2368	12376	1	1	0	1	0	0	1	22	222	6	34	510	62	0	0	0	62
2368	12385	0	1	1	1	0	0	1	23	30	4	31	510	63	0	1	0	960
2368	12386	1	1	0	1	0	0	1	22	222	6	34	510	62	0	0	0	62
2368	12388	1	1	0	1	0	0	1	22	222	6	34	510	62	0	0	0	62
2368	12392	1	1	0	1	0	0	1	22	222	6	34	510	62	0	0	0	62
2368	12400	1	1	0	1	0	0	1	22	222	6	34	510	62	0	0	0	62
2368	12419	0	1	1	1	0	0	1	21	94	5	31	510	63	0	1	0	960
2368	12421	0	1	1	1	0	0	1	21	94	5	31	510	63	0	1	0	960
2368	12422	1	2	0	1	0	0	1	22	222	6	34	510	62	0	0	0	62,960
2368	12425	0	1	1	1	0	0	1	21	94	5	31	510	63	0	1	0	960
2368	12426	1	2	0	1	0	0	1	22	222	6	34	510	62	0	0	0	62,960
2368	12428	1	2	0	1	0	0	1	22	222	6	34	510	62	0	0	0	62,960
2368	12433	0	1	1	1	0	0	1	21	94	5	31	510	63	0	1	0	960
2368	12434	1	2	0	1	0	0	1	22	222	6	34	510	62	0	0	0	62,960
2368	12436	1	2	0	1	0	0	1	22	222	6	34	510	62	0	0	0	62,960
2368	12440	1	2	0	1	0	0	1	22	222	6	34	510	62	0	0	0	62,960
2368	12449	0	1	1	1	0	0	1	21	94	5	31	510	63	0	1	0	960
2368	12450	1	2	0	1	0	0	1	22	222	6	34	510	62	0	0	0	62,960
2368	12452	1	2	0	1	0	0	1	22	222	6	34	510	62	0	0	0	62,960
2368	12456	1	2	0	1	0	0	1	22	222	6	34	510	62	0	0	0	62,960
2368	12464	1	2	0	1	0	0	1	22	222	6	34	510	62	0	0	0	62,960
2368	12481	0	1	1	1	0	0	1	21	94	5	31	510	63	0	1	0	960
2368	12482	1	2	0	1	0	0	1	22	222	6	34	510	62	0	0	0	62,960
2368	12484	1	2	0	1	0	0	1	22	222	6	34	510	62	0	0	0	62,960
2368	12488	1	2	0	1	0	0	1	22	222	6	34	510	62	0	0	0	62,960
2368	12496	1	2	0	1	0	0	1	22	222	6	34	510	62	0	0	0	62,960
2368	12512	1	2	0	1	0	0	1	22	222	6	34	510	62	0	0	0	62,960
2368	12547	0	1	1	1	0	0	1	21	94	5	31	510	63	0	1	0	960
2368	12549	0	1	1	1	0	0	1	21	94	5	31	510	63	0	1	0	960
2368	12550	1	2	0	1	0	0	1	22	222	6	34	510	62	0	0	0	62,960
2368	12553	0	1	1	1	0	0	1	21	94	5	31	510	63	0	1	0	960
2368	12554	1	2	0	1	0	0	1	22	222	6	34	510	62	0	0	0	62,960
2368	12556	1	2	0	1	0	0	1	22	222	6	34	510	62	0	0	0	62,960
2368	12561	0	1	1	1	0	0	1	21	94	5	31	510	63	0	1	0	960
2368	12562	1	2	0	1	0	0	1	22	222	6	34	510	62	0	0	0	62,960
2368	12564	1	2	0	1	0	0	1	22	222	6	34	510	62	0	0	0	62,960
2368	12568	1	2	0	1	0	0	1	22	222	6	34	510	62	0	0	0	62,960
2368	12577	0	1	1	1	0	0	1	21	94	5	31	510	63	0	1	0	960
2368	12578	1	2	0	1	0	0	1	22	222	6	34	510	62	0	0	0	62,960
2368	12580	1	2	0	1	0	0	1	22	222	6	34	510	62	0	0	0	62,960
2368	12584	1	2	0	1	0	0	1	22	222	6	34	510	62	0	0	0	62,960
2368	12592	1	2	0	1	0	0	1	22	222	6	34	510	62	0	0	0	62,960
2368	12609	0	1	1	1	0	0	1	21	94	5	31	510	63	0	1	0	960
2368	12610	1	2	0	1	0	0	1	22	222	6	34	510	62	0	0	0	62,960
2368	12612	1	2	0	1	0	0	1	22	222	6	34	510	62	0	0	0	62,960
2368	12616	1	2	0	1	0	0	1	22	222	6	34	510	62	0	0	0	62,960
2368	12624	1	2	0	1	0	0	1	22	222	6	34	510	62	0	0	0	62,960
2368	12640	1	2	0	1	0	0	1	22	222	6	34	510	62	0	0	0	62,960
2368	12673	0	1	1	1	0	0	1	19	222	6	31	510	63	0	1	0	960
2368	12674	0	1	1	1	1	1	0	22	222	6	34	510	63	1	0	1	960
2368	12676	0	1	1	1	1	1	0	22	222	6	34	510	63	1	0	1	960
2368	12680	0	1	1	1	1	1	0	22	222	6	34	510	63	1	0	1	960
2368	12688	0	1	1	1	1	1	0	22	222	6	34	510	63	1	0	1	960
2368	12704	0	1	1	1	1	1	0	22	222	6	34	510	63	1	0	1	960
2368	12736	0	1	1	1	1	1	0	22	222	6	34	510	63	1	0	1	960
2368	12803	0	1	1	1	0	0	1	24	77	4	32	510	127	0	1	0	896
2368	12805	0	1	1	1	0	0	1	24	77	4	32	510	127	0	1	0	896
2368	12806	0	1	1	1	0	0	1	23	222	6	35	510	126	0	1	0	126
2368	12809	0	1	1	1	0	0	1	24	77	4	32	510	127	0	1	0	896
2368	12810	0	1	1	1	0	0	1	23	222	6	35	510	126	0	1	0	126
2368	12812	0	1	1	1	0	0	1	23	222	6	35	510	126	0	1	0	126
2368	12817	0	1	1	1	0	0	1	24	77	4	32	510	127	0	1	0	896
2368	12818	0	1	1	1	0	0	1	23	222	6	35	510	126	0	1	0	126
2368	12820	0	1	1	1	0	0	1	23	222	6	35	510	126	0	1	0	126
2368	12824	0	1	1	1	0	0	1	23	222	6	35	510	126	0	1	0	126
2368	12833	0	1	1	1	0	0	1	24	77	4	32	510	127	0	1	0	896
2368	12834	0	1	1	1	0	0	1	23	222	6	35	510	126	0	1	0	126
2368	12836	0	1	1	1	0	0	1	23	222	6	35	510	126	0	1	0	126
2368	12840	0	1	1	1	0	0	1	23	222	6	35	510	126	0	1	0	126
2368	12848	0	1	1	1	0	0	1	23	222	6	35	510	126	0	1	0	126
2368	12865	0	1	1	1	0	0	1	24	77	4	32	510	127	0	1	0	896
2368	12866	0	1	1	1	0	0	1	23	222	6	35	510	126	0	1	0	126
2368	12868	0	1	1	1	0	0	1	23	222	6	35	510	126	0	1	0	126
2368	12872	0	1	1	1	0	0	1	23	222	6	35	510	126	0	1	0	126
2368	12880	0	1	1	1	0	0	1	23	222	6	35	510	126	0	1	0	126
2368	12896	0	1	1	1	0	0	1	23	222	6	35	510	126	0	1	0	126
2368	12929	0	1	1	1	0	0	1	24	77	4	32	510	127	0	1	0	896
2368	12930	0	1	1	1	0	0	1	25	94	5	35	510	126	0	1	0	126
2368	12932	0	1	1	1	0	0	1	25	94	5	35	510	126	0	1	0	126
2368	12936	0	1	1	1	0	0	1	25	94	5	35	510	126	0	1	0	126
2368	12944	0	1	1	1	0	0	1	25	94	5	35	510	126	0	1	0	126
2368	12960	0	1	1	1	0	0	1	25	94	5	35	510	126	0	1	0	126
2368	12992	0	1	1	1	0	0	1	25	94	5	35	510	126	0	1	0	126
2368	13057	0	1	1	1	0	0	1	24	77	4	32	510	127	0	1	0	896
2368	13058	0	1	1	1	0	0	1	25	94	5	35	510	126	0	1	0	126
2368	13060	0	1	1	1	0	0	1	25	94	5	35	510	126	0	1	0	126
2368	13064	0	1	1	1	0	0	1	25	94	5	35	510	126	0	1	0	126
2368	13072	0	1	1	1	0	0	1	25	94	5	35	510	126	0	1	0	126
2368	13088	0	1	1	1	0	0	1	25	94	5	35	510	126	0	1	0	126
2368	13120	0	1	1	1	0	0	1	25	94	5	35	510	126	0	1	0	126
2368	13184	0	2	1	1	0	0	1	27	30	4	35	510	126	0	1	0	126,896
2368	13315	0	1	1	1	0	0	1	27	11	3	33	510	127	0	1	0	896
2368	13317	0	1	1	1	0	0	1	27	11	3	33	510	127	0	1	0	896
2368	13318	1	1	0	1	0	0	1	24	222	6	36	510	126	0	0	0	126
2368	13321	0	1	1	1	0	0	1	27	11	3	33	510	127	0	1	0	896
2368	13322	1	1	0	1	0	0	1	24	222	6	36	510	126	0	0	0	126
2368	13324	1	1	0	1	0	0	1	24	222	6	36	510	126	0	0	0	126
2368	13329	0	1	1	1	0	0	1	27	11	3	33	510	127	0	1	0	896
2368	13330	1	1	0	1	0	0	1	24	222	6	36	510	126	0	0	0	126
2368	13332	1	1	0	1	0	0	1	24	222	6	36	510	126	0	0	0	126
2368	13336	1	1	0	1	0	0	1	24	222	6	36	510	126	0	0	0	126
2368	13345	0	1	1	1	0	0	1	27	11	3	33	510	127	0	1	0	896
2368	13346	1	1	0	1	0	0	1	24	222	6	36	510	126	0	0	0	126
2368	13348	1	1	0	1	0	0	1	24	222	6	36	510	126	0	0	0	126
2368	13352	1	1	0	1	0	0	1	24	222	6	36	510	126	0	0	0	126
2368	13360	1	1	0	1	0	0	1	24	222	6	36	510	126	0	0	0	126
2368	13377	0	1	1	1	0	0	1	27	11	3	33	510	127	0	1	0	896
2368	13378	1	1	0	1	0	0	1	24	222	6	36	510	126	0	0	0	126
2368	13380	1	1	0	1	0	0	1	24	222	6	36	510	126	0	0	0	126
2368	13384	1	1	0	1	0	0	1	24	222	6	36	510	126	0	0	0	126
2368	13392	1	1	0	1	0	0	1	24	222	6	36	510	126	0	0	0	126
2368	13408	1	1	0	1	0	0	1	24	222	6	36	510	126	0	0	0	126
2368	13441	0	1	1	1	0	0	1	25	75	4	33	510	127	0	1	0	896
2368	13442	1	2	0	1	0	0	1	24	222	6	36	510	126	0	0	0	126,896
2368	13444	1	2	0	1	0	0	1	24	222	6	36	510	126	0	0	0	126,896
2368	13448	1	2	0	1	0	0	1	24	222	6	36	510	126	0	0	0	126,896
2368	13456	1	2	0	1	0	0	1	24	222	6	36	510	126	0	0	0	126,896
2368	13472	1	2	0	1	0	0	1	24	222	6	36	510	126	0	0	0	126,896
2368	13504	1	2	0	1	0	0	1	24	222	6	36	510	126	0	0	0	126,896
2368	13569	0	1	1	1	0	0	1	25	75	4	33	510	127	0	1	0	896
2368	13570	1	2	0	1	0	0	1	24	222	6	36	510	126	0	0	0	126,896
2368	13572	1	2	0	1	0	0	1	24	222	6	36	510	126	0	0	0	126,896
2368	13576	1	2	0	1	0	0	1	24	222	6	36	510	126	0	0	0	126,896
2368	13584	1	2	0	1	0	0	1	24	222	6	36	510	126	0	0	0	126,896
2368	13600	1	2	0	1	0	0	1	24	222	6	36	510	126	0	0	0	126,896
2368	13632	1	2	0	1	0	0	1	24	222	6	36	510	126	0	0	0	126,896
2368	13696	0	1	1	1	1	1	0	24	222	6	36	510	127	1	0	1	896
2368	13825	0	1	1	1	0	0	1	32	1	1	34	510	255	0	1	0	768
2368	13826	0	1	1	1	0	0	1	29	75	4	37	510	254	0	1	0	254
2368	13828	0	1	1	1	0	0	1	29	75	4	37	510	254	0	1	0	254
2368	13832	0	1	1	1	0	0	1	29	75	4	37	510	254	0	1	0	254
2368	13840	0	1	1	1	0	0	1	29	75	4	37	510	254	0	1	0	254
2368	13856	0	1	1	1	0	0	1	29	75	4	37	510	254	0	1	0	254
2368	13888	0	1	1	1	0	0	1	29	75	4	37	510	254	0	1	0	254
2368	13952	0	1	1	1	0	0	1	31	11	3	37	510	254	0	1	0	254
2368	14080	0	1	1	1	0	0	1	31	11	3	37	510	254	0	1	0	254
2368	14339	0	1	1	1	0	0	1	27	11	3	33	510	127	0	1	0	896
2368	14341	0	1	1	1	0	0	1	27	11	3	33	510	127	0	1	0	896
2368	14342	1	1	0	1	0	0	1	24	222	6	36	510	126	0	0	0	126
2368	14345	0	1	1	1	0	0	1	27	11	3	33	510	127	0	1	0	896
2368	14346	1	1	0	1	0	0	1	24	222	6	36	510	126	0	0	0	126
2368	14348	1	1	0	1	0	0	1	24	222	6	36	510	126	0	0	0	126
2368	14353	0	1	1	1	0	0	1	27	11	3	33	510	127	0	1	0	896
2368	14354	1	1	0	1	0	0	1	24	222	6	36	510	126	0	0	0	126
2368	14356	1	1	0	1	0	0	1	24	222	6	36	510	126	0	0	0	126
2368	14360	1	1	0	1	0	0	1	24	222	6	36	510	126	0	0	0	126
2368	14369	0	1	1	1	0	0	1	27	11	3	33	510	127	0	1	0	896
2368	14370	1	1	0	1	0	0	1	24	222	6	36	510	126	0	0	0	126
2368	14372	1	1	0	1	0	0	1	24	222	6	36	510	126	0	0	0	126
2368	14376	1	1	0	1	0	0	1	24	222	6	36	510	126	0	0	0	126
2368	14384	1	1	0	1	0	0	1	24	222	6	36	510	126	0	0	0	126
2368	14401	0	1	1	1	0	0	1	27	11	3	33	510	127	0	1	0	896
2368	14402	1	1	0	1	0	0	1	24	222	6	36	510	126	0	0	0	126
2368	14404	1	1	0	1	0	0	1	24	222	6	36	510	126	0	0	0	126
2368	14408	1	1	0	1	0	0	1	24	222	6	36	510	126	0	0	0	126
2368	14416	1	1	0	1	0	0	1	24	222	6	36	510	126	0	0	0	126
2368	14432	1	1	0	1	0	0	1	24	222	6	36	510	126	0	0	0	126
2368	14465	0	1	1	1	0	0	1	25	75	4	33	510	127	0	1	0	896
2368	14466	1	2	0	1	0	0	1	24	222	6	36	510	126	0	0	0	126,896
2368	14468	1	2	0	1	0	0	1	24	222	6	36	510	126	0	0	0	126,896
2368	14472	1	2	0	1	0	0	1	24	222	6	36	510	126	0	0	0	126,896
2368	14480	1	2	0	1	0	0	1	24	222	6	36	510	126	0	0	0	126,896
2368	14496	1	2	0	1	0	0	1	24	222	6	36	510	126	0	0	0	126,896
2368	14528	1	2	0	1	0	0	1	24	222	6	36	510	126	0	0	0	126,896
2368	14593	0	1	1	1	0	0	1	25	75	4	33	510	127	0	1	0	896
2368	14594	1	2	0	1	0	0	1	24	222	6	36	510	126	0	0	0	126,896
2368	14596	1	2	0	1	0	0	1	24	222	6	36	510	126	0	0	0	126,896
2368	14600	1	2	0	1	0	0	1	24	222	6	36	510	126	0	0	0	126,896
2368	14608	1	2	0	1	0	0	1	24	222	6	36	510	126	0	0	0	126,896
2368	14624	1	2	0	1	0	0	1	24	222	6	36	510	126	0	0	0	126,896
2368	14656	1	2	0	1	0	0	1	24	222	6	36	510	126	0	0	0	126,896
2368	14720	0	1	1	1	1	1	0	24	222	6	36	510	127	1	0	1	896
2368	14849	0	1	1	1	0	0	1	32	1	1	34	510	255	0	1	0	768
2368	14850	0	1	1	1	0	0	1	29	75	4	37	510	254	0	1	0	254
2368	14852	0	1	1	1	0	0	1	29	75	4	37	510	254	0	1	0	254
2368	14856	0	1	1	1	0	0	1	29	75	4	37	510	254	0	1	0	254
2368	14864	0	1	1	1	0	0	1	29	75	4	37	510	254	0	1	0	254
2368	14880	0	1	1	1	0	0	1	29	75	4	37	510	254	0	1	0	254
2368	14912	0	1	1	1	0	0	1	29	75	4	37	510	254	0	1	0	254
2368	14976	0	1	1	1	0	0	1	31	11	3	37	510	254	0	1	0	254
2368	15104	0	1	1	1	0	0	1	31	11	3	37	510	254	0	1	0	254
2368	15361	0	1	1	1	0	0	1	35	0	0	35	510	255	0	1	0	768
2368	15362	1	1	0	1	0	0	1	30	75	4	38	510	254	0	0	0	254
2368	15364	1	1	0	1	0	0	1	30	75	4	38	510	254	0	0	0	254
2368	15368	1	1	0	1	0	0	1	30	75	4	38	510	254	0	0	0	254
2368	15376	1	1	0	1	0	0	1	30	75	4	38	510	254	0	0	0	254
2368	15392	1	1	0	1	0	0	1	30	75	4	38	510	254	0	0	0	254
2368	15424	1	1	0	1	0	0	1	30	75	4	38	510	254	0	0	0	254
2368	15488	1	3	0	1	0	0	1	30	75	4	38	510	254	0	0	0	254,768,896
2368	15616	1	3	0	1	0	0	1	30	75	4	38	510	254	0	0	0	254,768,896
2368	15872	0	1	1	1	0	0	1	39	0	0	39	510	510	0	1	0	510
2368	16399	0	1	1	1	0	0	1	23	11	3	29	510	31	0	1	0	992
2368	16407	0	1	1	1	0	0	1	23	11	3	29	510	31	0	1	0	992
2368	16411	0	1	1	1	0	0	1	23	11	3	29	510	31	0	1	0	992
2368	16413	0	1	1	1	0	0	1	23	11	3	29	510	31	0	1	0	992
2368	16414	1	1	0	1	0	0	1	24	75	4	32	510	30	0	0	0	30
2368	16423	0	1	1	1	0	0	1	23	11	3	29	510	31	0	1	0	992
2368	16427	0	1	1	1	0	0	1	23	11	3	29	510	31	0	1	0	992
2368	16429	0	1	1	1	0	0	1	23	11	3	29	510	31	0	1	0	992
2368	16430	1	1	0	1	0	0	1	24	75	4	32	510	30	0	0	0	30
2368	16435	0	1	1	1	0	0	1	23	11	3	29	510	31	0	1	0	992
2368	16437	0	1	1	1	0	0	1	23	11	3	29	510	31	0	1	0	992
2368	16438	1	1	0	1	0	0	1	24	75	4	32	510	30	0	0	0	30
2368	16441	0	1	1	1	0	0	1	23	11	3	29	510	31	0	1	0	992
2368	16442	1	1	0	1	0	0	1	24	75	4	32	510	30	0	0	0	30
2368	16444	1	1	0	1	0	0	1	24	75	4	32	510	30	0	0	0	30
2368	16455	0	1	1	1	0	0	1	23	11	3	29	510	31	0	1	0	992
2368	16459	0	1	1	1	0	0	1	23	11	3	29	510	31	0	1	0	992
2368	16461	0	1	1	1	0	0	1	23	11	3	29	510	31	0	1	0	992
2368	16462	1	1	0	1	0	0	1	24	75	4	32	510	30	0	0	0	30
2368	16467	0	1	1	1	0	0	1	23	11	3	29	510	31	0	1	0	992
2368	16469	0	1	1	1	0	0	1	23	11	3	29	510	31	0	1	0	992
2368	16470	1	1	0	1	0	0	1	24	75	4	32	510	30	0	0	0	30
2368	16473	0	1	1	1	0	0	1	23	11	3	29	510	31	0	1	0	992
2368	16474	1	1	0	1	0	0	1	24	75	4	32	510	30	0	0	0	30
2368	16476	1	1	0	1	0	0	1	24	75	4	32	510	30	0	0	0	30
2368	16483	0	1	1	1	0	0	1	23	11	3	29	510	31	0	1	0	992
2368	16485	0	1	1	1	0	0	1	23	11	3	29	510	31	0	1	0	992
2368	16486	1	1	0	1	0	0	1	24	75	4	32	510	30	0	0	0	30
2368	16489	0	1	1	1	0	0	1	23	11	3	29	510	31	0	1	0	992
2368	16490	1	1	0	1	0	0	1	24	75	4	32	510	30	0	0	0	30
2368	16492	1	1	0	1	0	0	1	24	75	4	32	510	30	0	0	0	30
2368	16497	0	1	1	1	0	0	1	23	11	3	29	510	31	0	1	0	992
2368	16498	1	1	0	1	0	0	1	24	75	4	32	510	30	0	0	0	30
2368	16500	1	1	0	1	0	0	1	24	75	4	32	510	30	0	0	0	30
2368	16504	1	1	0	1	0	0	1	24	75	4	32	510	30	0	0	0	30
2368	16519	0	1	1	1	0	0	1	21	77	4	29	510	31	0	1	0	992
2368	16523	0	1	1	1	0	0	1	21	77	4	29	510	31	0	1	0	992
2368	16525	0	1	1	1	0	0	1	21	77	4	29	510	31	0	1	0	992
2368	16526	1	2	0	1	0	0	1	24	75	4	32	510	30	0	0	0	30,992
2368	16531	0	1	1	1	0	0	1	21	77	4	29	510	31	0	1	0	992
2368	16533	0	1	1	1	0	0	1	21	77	4	29	510	31	0	1	0	992
2368	16534	1	2	0	1	0	0	1	24	75	4	32	510	30	0	0	0	30,992
2368	16537	0	1	1	1	0	0	1	21	77	4	29	510	31	0	1	0	992
2368	16538	1	2	0	1	0	0	1	24	75	4	32	510	30	0	0	0	30,992
2368	16540	1	2	0	1	0	0	1	24	75	4	32	510	30	0	0	0	30,992
2368	16547	0	1	1	1	0	0	1	21	77	4	29	510	31	0	1	0	992
2368	16549	0	1	1	1	0	0	1	21	77	4	29	510	31	0	1	0	992
2368	16550	1	2	0	1	0	0	1	24	75	4	32	510	30	0	0	0	30,992
2368	16553	0	1	1	1	0	0	1	21	77	4	29	510	31	0	1	0	992
2368	16554	1	2	0	1	0	0	1	24	75	4	32	510	30	0	0	0	30,992
2368	16556	1	2	0	1	0	0	1	24	75	4	32	510	30	0	0	0	30,992
2368	16561	0	1	1	1	0	0	1	21	77	4	29	510	31	0	1	0	992
2368	16562	1	2	0	1	0	0	1	24	75	4	32	510	30	0	0	0	30,992
2368	16564	1	2	0	1	0	0	1	24	75	4	32	510	30	0	0	0	30,992
2368	16568	1	2	0	1	0	0	1	24	75	4	32	510	30	0	0	0	30,992
2368	16579	0	1	1	1	0	0	1	21	77	4	29	510	31	0	1	0	992
2368	16581	0	1	1	1	0	0	1	21	77	4	29	510	31	0	1	0	992
2368	16582	1	2	0	1	0	0	1	24	75	4	32	510	30	0	0	0	30,992
2368	16585	0	1	1	1	0	0	1	21	77	4	29	510	31	0	1	0	992
2368	16586	1	2	0	1	0	0	1	24	75	4	32	510	30	0	0	0	30,992
2368	16588	1	2	0	1	0	0	1	24	75	4	32	510	30	0	0	0	30,992
2368	16593	0	1	1	1	0	0	1	21	77	4	29	510	31	0	1	0	992
2368	16594	1	2	0	1	0	0	1	24	75	4	32	510	30	0	0	0	30,992
2368	16596	1	2	0	1	0	0	1	24	75	4	32	510	30	0	0	0	30,992
2368	16600	1	2	0	1	0	0	1	24	75	4	32	510	30	0	0	0	30,992
2368	16609	0	1	1	1	0	0	1	21	77	4	29	510	31	0	1	0	992
2368	16610	1	2	0	1	0	0	1	24	75	4	32	510	30	0	0	0	30,992
2368	16612	1	2	0	1	0	0	1	24	75	4	32	510	30	0	0	0	30,992
2368	16616	1	2	0	1	0	0	1	24	75	4	32	510	30	0	0	0	30,992
2368	16624	1	2	0	1	0	0	1	24	75	4	32	510	30	0	0	0	30,992
2368	16647	0	1	1	1	0	0	1	21	77	4	29	510	31	0	1	0	992
2368	16651	0	1	1	1	0	0	1	21	77	4	29	510	31	0	1	0	992
2368	16653	0	1	1	1	0	0	1	21	77	4	29	510	31	0	1	0	992
2368	16654	1	2	0	1	0	0	1	24	75	4	32	510	30	0	0	0	30,992
2368	16659	0	1	1	1	0	0	1	21	77	4	29	510	31	0	1	0	992
2368	16661	0	1	1	1	0	0	1	21	77	4	29	510	31	0	1	0	992
2368	16662	1	2	0	1	0	0	1	24	75	4	32	510	30	0	0	0	30,992
2368	16665	0	1	1	1	0	0	1	21	77	4	29	510	31	0	1	0	992
2368	16666	1	2	0	1	0	0	1	24	75	4	32	510	30	0	0	0	30,992
2368	16668	1	2	0	1	0	0	1	24	75	4	32	510	30	0	0	0	30,992
2368	16675	0	1	1	1	0	0	1	21	77	4	29	510	31	0	1	0	992
2368	16677	0	1	1	1	0	0	1	21	77	4	29	510	31	0	1	0	992
2368	16678	1	2	0	1	0	0	1	24	75	4	32	510	30	0	0	0	30,992
2368	16681	0	1	1	1	0	0	1	21	77	4	29	510	31	0	1	0	992
2368	16682	1	2	0	1	0	0	1	24	75	4	32	510	30	0	0	0	30,992
2368	16684	1	2	0	1	0	0	1	24	75	4	32	510	30	0	0	0	30,992
2368	16689	0	1	1	1	0	0	1	21	77	4	29	510	31	0	1	0	992
2368	16690	1	2	0	1	0	0	1	24	75	4	32	510	30	0	0	0	30,992
2368	16692	1	2	0	1	0	0	1	24	75	4	32	510	30	0	0	0	30,992
2368	16696	1	2	0	1	0	0	1	24	75	4	32	510	30	0	0	0	30,992
2368	16707	0	1	1	1	0	0	1	21	77	4	29	510	31	0	1	0	992
2368	16709	0	1	1	1	0	0	1	21	77	4	29	510	31	0	1	0	992
2368	16710	1	2	0	1	0	0	1	24	75	4	32	510	30	0	0	0	30,992
2368	16713	0	1	1	1	0	0	1	21	77	4	29	510	31	0	1	0	992
2368	16714	1	2	0	1	0	0	1	24	75	4	32	510	30	0	0	0	30,992
2368	16716	1	2	0	1	0	0	1	24	75	4	32	510	30	0	0	0	30,992
2368	16721	0	1	1	1	0	0	1	21	77	4	29	510	31	0	1	0	992
2368	16722	1	2	0	1	0	0	1	24	75	4	32	510	30	0	0	0	30,992
2368	16724	1	2	0	1	0	0	1	24	75	4	32	510	30	0	0	0	30,992
2368	16728	1	2	0	1	0	0	1	24	75	4	32	510	30	0	0	0	30,992
2368	16737	0	1	1	1	0	0	1	21	77	4	29	510	31	0	1	0	992
2368	16738	1	2	0	1	0	0	1	24	75	4	32	510	30	0	0	0	30,992
2368	16740	1	2	0	1	0	0	1	24	75	4	32	510	30	0	0	0	30,992
2368	16744	1	2	0	1	0	0	1	24	75	4	32	510	30	0	0	0	30,992
2368	16752	1	2	0	1	0	0	1	24	75	4	32	510	30	0	0	0	30,992
2368	16771	0	1	1	1	0	0	1	19	94	5	29	510	31	0	1	0	992
2368	16773	0	1	1	1	0	0	1	19	94	5	29	510	31	0	1	0	992
2368	16774	0	1	1	1	1	1	0	24	75	4	32	510	31	1	0	1	992
2368	16777	0	1	1	1	0	0	1	19	94	5	29	510	31	0	1	0	992
2368	16778	0	1	1	1	1	1	0	24	75	4	32	510	31	1	0	1	992
2368	16780	0	1	1	1	1	1	0	24	75	4	32	510	31	1	0	1	992
2368	16785	0	1	1	1	0	0	1	19	94	5	29	510	31	0	1	0	992
2368	16786	0	1	1	1	1	1	0	24	75	4	32	510	31	1	0	1	992
2368	16788	0	1	1	1	1	1	0	24	75	4	32	510	31	1	0	1	992
2368	16792	0	1	1	1	1	1	0	24	75	4	32	510	31	1	0	1	992
2368	16801	0	1	1	1	0	0	1	19	94	5	29	510	31	0	1	0	992
2368	16802	0	1	1	1	1	1	0	24	75	4	32	510	31	1	0	1	992
2368	16804	0	1	1	1	1	1	0	24	75	4	32	510	31	1	0	1	992
2368	16808	0	1	1	1	1	1	0	24	75	4	32	510	31	1	0	1	992
2368	16816	0	1	1	1	1	1	0	24	75	4	32	510	31	1	0	1	992
2368	16833	0	1	1	1	0	0	1	19	94	5	29	510	31	0	1	0	992
2368	16834	0	1	1	1	1	1	0	24	75	4	32	510	31	1	0	1	992
2368	16836	0	1	1	1	1	1	0	24	75	4	32	510	31	1	0	1	992
2368	16840	0	1	1	1	1	1	0	24	75	4	32	510	31	1	0	1	992
2368	16848	0	1	1	1	1	1	0	24	75	4	32	510	31	1	0	1	992
2368	16864	0	1	1	1	1	1	0	24	75	4	32	510	31	1	0	1	992
2368	16903	0	1	1	1	0	0	1	20	94	5	30	510	63	0	1	0	960
2368	16907	0	1	1	1	0	0	1	20	94	5	30	510	63	0	1	0	960
2368	16909	0	1	1	1	0	0	1	20	94	5	30	510	63	0	1	0	960
2368	16910	0	1	1	1	0	0	1	21	222	6	33	510	62	0	1	0	62
2368	16915	0	1	1	1	0	0	1	20	94	5	30	510	63	0	1	0	960
2368	16917	0	1	1	1	0	0	1	20	94	5	30	510	63	0	1	0	960
2368	16918	0	1	1	1	0	0	1	21	222	6	33	510	62	0	1	0	62
2368	16921	0	1	1	1	0	0	1	20	94	5	30	510	63	0	1	0	960
2368	16922	0	1	1	1	0	0	1	21	222	6	33	510	62	0	1	0	62
2368	16924	0	1	1	1	0	0	1	21	222	6	33	510	62	0	1	0	62
2368	16931	0	1	1	1	0	0	1	20	94	5	30	510	63	0	1	0	960
2368	16933	0	1	1	1	0	0	1	20	94	5	30	510	63	0	1	0	960
2368	16934	0	1	1	1	0	0	1	21	222	6	33	510	62	0	1	0	62
2368	16937	0	1	1	1	0	0	1	20	94	5	30	510	63	0	1	0	960
2368	16938	0	1	1	1	0	0	1	21	222	6	33	510	62	0	1	0	62
2368	16940	0	1	1	1	0	0	1	21	222	6	33	510	62	0	1	0	62
2368	16945	0	1	1	1	0	0	1	20	94	5	30	510	63	0	1	0	960
2368	16946	0	1	1	1	0	0	1	21	222	6	33	510	62	0	1	0	62
2368	16948	0	1	1	1	0	0	1	21	222	6	33	510	62	0	1	0	62
2368	16952	0	1	1	1	0	0	1	21	222	6	33	510	62	0	1	0	62
2368	16963	0	1	1	1	0	0	1	20	94	5	30	510	63	0	1	0	960
2368	16965	0	1	1	1	0	0	1	20	94	5	30	510	63	0	1	0	960
2368	16966	0	1	1	1	0	0	1	21	222	6	33	510	62	0	1	0	62
2368	16969	0	1	1	1	0	0	1	20	94	5	30	510	63	0	1	0	960
2368	16970	0	1	1	1	0	0	1	21	222	6	33	510	62	0	1	0	62
2368	16972	0	1	1	1	0	0	1	21	222	6	33	510	62	0	1	0	62
2368	16977	0	1	1	1	0	0	1	20	94	5	30	510	63	0	1	0	960
2368	16978	0	1	1	1	0	0	1	21	222	6	33	510	62	0	1	0	62
2368	16980	0	1	1	1	0	0	1	21	222	6	33	510	62	0	1	0	62
2368	16984	0	1	1	1	0	0	1	21	222	6	33	510	62	0	1	0	62
2368	16993	0	1	1	1	0	0	1	20	94	5	30	510	63	0	1	0	960
2368	16994	0	1	1	1	0	0	1	21	222	6	33	510	62	0	1	0	62
2368	16996	0	1	1	1	0	0	1	21	222	6	33	510	62	0	1	0	62
2368	17000	0	1	1	1	0	0	1	21	222	6	33	510	62	0	1	0	62
2368	17008	0	1	1	1	0	0	1	21	222	6	33	510	62	0	1	0	62
2368	17027	0	1	1	1	0	0	1	22	236	5	30	510	63	0	1	0	960
2368	17029	0	1	1	1	0	0	1	22	236	5	30	510	63	0	1	0	960
2368	17030	0	1	1	1	0	0	1	23	94	5	33	510	62	0	1	0	62
2368	17033	0	1	1	1	0	0	1	22	236	5	30	510	63	0	1	0	960
2368	17034	0	1	1	1	0	0	1	23	94	5	33	510	62	0	1	0	62
2368	17036	0	1	1	1	0	0	1	23	94	5	33	510	62	0	1	0	62
2368	17041	0	1	1	1	0	0	1	22	236	5	30	510	63	0	1	0	960
2368	17042	0	1	1	1	0	0	1	23	94	5	33	510	62	0	1	0	62
2368	17044	0	1	1	1	0	0	1	23	94	5	33	510	62	0	1	0	62
2368	17048	0	1	1	1	0	0	1	23	94	5	33	510	62	0	1	0	62
2368	17057	0	1	1	1	0	0	1	22	236	5	30	510	63	0	1	0	960
2368	17058	0	1	1	1	0	0	1	23	94	5	33	510	62	0	1	0	62
2368	17060	0	1	1	1	0	0	1	23	94	5	33	510	62	0	1	0	62
2368	17064	0	1	1	1	0	0	1	23	94	5	33	510	62	0	1	0	62
2368	17072	0	1	1	1	0	0	1	23	94	5	33	510	62	0	1	0	62
2368	17089	0	1	1	1	0	0	1	22	236	5	30	510	63	0	1	0	960
2368	17090	0	1	1	1	0	0	1	23	94	5	33	510	62	0	1	0	62
2368	17092	0	1	1	1	0	0	1	23	94	5	33	510	62	0	1	0	62
2368	17096	0	1	1	1	0	0	1	23	94	5	33	510	62	0	1	0	62
2368	17104	0	1	1	1	0	0	1	23	94	5	33	510	62	0	1	0	62
2368	17120	0	1	1	1	0	0	1	23	94	5	33	510	62	0	1	0	62
2368	17155	0	1	1	1	0	0	1	22	236	5	30	510	63	0	1	0	960
2368	17157	0	1	1	1	0	0	1	22	236	5	30	510	63	0	1	0	960
2368	17158	0	1	1	1	0	0	1	23	94	5	33	510	62	0	1	0	62
2368	17161	0	1	1	1	0	0	1	22	236	5	30	510	63	0	1	0	960
2368	17162	0	1	1	1	0	0	1	23	94	5	33	510	62	0	1	0	62
2368	17164	0	1	1	1	0	0	1	23	94	5	33	510	62	0	1	0	62
2368	17169	0	1	1	1	0	0	1	22	236	5	30	510	63	0	1	0	960
2368	17170	0	1	1	1	0	0	1	23	94	5	33	510	62	0	1	0	62
2368	17172	0	1	1	1	0	0	1	23	94	5	33	510	62	0	1	0	62
2368	17176	0	1	1	1	0	0	1	23	94	5	33	510	62	0	1	0	62
2368	17185	0	1	1	1	0	0	1	22	236	5	30	510	63	0	1	0	960
2368	17186	0	1	1	1	0	0	1	23	94	5	33	510	62	0	1	0	62
2368	17188	0	1	1	1	0	0	1	23	94	5	33	510	62	0	1	0	62
2368	17192	0	1	1	1	0	0	1	23	94	5	33	510	62	0	1	0	62
2368	17200	0	1	1	1	0	0	1	23	94	5	33	510	62	0	1	0	62
2368	17217	0	1	1	1	0	0	1	22	236	5	30	510	63	0	1	0	960
2368	17218	0	1	1	1	0	0	1	23	94	5	33	510	62	0	1	0	62
2368	17220	0	1	1	1	0	0	1	23	94	5	33	510	62	0	1	0	62
2368	17224	0	1	1	1	0	0	1	23	94	5	33	510	62	0	1	0	62
2368	17232	0	1	1	1	0	0	1	23	94	5	33	510	62	0	1	0	62
2368	17248	0	1	1	1	0	0	1	23	94	5	33	510	62	0	1	0	62
2368	17281	0	1	1	1	0	0	1	20	94	5	30	510	63	0	1	0	960
2368	17282	0	2	1	1	0	0	1	25	77	4	33	510	62	0	1	0	62,960
2368	17284	0	2	1	1	0	0	1	25	77	4	33	510	62	0	1	0	62,960
2368	17288	0	2	1	1	0	0	1	25	77	4	33	510	62	0	1	0	62,960
2368	17296	0	2	1	1	0	0	1	25	77	4	33	510	62	0	1	0	62,960
2368	17312	0	2	1	1	0	0	1	25	77	4	33	510	62	0	1	0	62,960
2368	17344	0	2	1	1	0	0	1	25	77	4	33	510	62	0	1	0	62,960
2368	17415	0	1	1	1	0	0	1	23	30	4	31	510	63	0	1	0	960
2368	17419	0	1	1	1	0	0	1	23	30	4	31	510	63	0	1	0	960
2368	17421	0	1	1	1	0	0	1	23	30	4	31	510	63	0	1	0	960
2368	17422	1	1	0	1	0	0	1	22	222	6	34	510	62	0	0	0	62
2368	17427	0	1	1	1	0	0	1	23	30	4	31	510	63	0	1	0	960
2368	17429	0	1	1	1	0	0	1	23	30	4	31	510	63	0	1	0	960
2368	17430	1	1	0	1	0	0	1	22	222	6	34	510	62	0	0	0	62
2368	17433	0	1	1	1	0	0	1	23	30	4	31	510	63	0	1	0	960
2368	17434	1	1	0	1	0	0	1	22	222	6	34	510	62	0	0	0	62
2368	17436	1	1	0	1	0	0	1	22	222	6	34	510	62	0	0	0	62
2368	17443	0	1	1	1	0	0	1	23	30	4	31	510	63	0	1	0	960
2368	17445	0	1	1	1	0	0	1	23	30	4	31	510	63	0	1	0	960
2368	17446	1	1	0	1	0	0	1	22	222	6	34	510	62	0	0	0	62
2368	17449	0	1	1	1	0	0	1	23	30	4	31	510	63	0	1	0	960
2368	17450	1	1	0	1	0	0	1	22	222	6	34	510	62	0	0	0	62
2368	17452	1	1	0	1	0	0	1	22	222	6	34	510	62	0	0	0	62
2368	17457	0	1	1	1	0	0	1	23	30	4	31	510	63	0	1	0	960
2368	17458	1	1	0	1	0	0	1	22	222	6	34	510	62	0	0	0	62
2368	17460	1	1	0	1	0	0	1	22	222	6	34	510	62	0	0	0	62
2368	17464	1	1	0	1	0	0	1	22	222	6	34	510	62	0	0	0	62
2368	17475	0	1	1	1	0	0	1	23	30	4	31	510	63	0	1	0	960
2368	17477	0	1	1	1	0	0	1	23	30	4	31	510	63	0	1	0	960
2368	17478	1	1	0	1	0	0	1	22	222	6	34	510	62	0	0	0	62
2368	17481	0	1	1	1	0	0	1	23	30	4	31	510	63	0	1	0	960
2368	17482	1	1	0	1	0	0	1	22	222	6	34	510	62	0	0	0	62
2368	17484	1	1	0	1	0	0	1	22	222	6	34	510	62	0	0	0	62
2368	17489	0	1	1	1	0	0	1	23	30	4	31	510	63	0	1	0	960
2368	17490	1	1	0	1	0	0	1	22	222	6	34	510	62	0	0	0	62
2368	17492	1	1	0	1	0	0	1	22	222	6	34	510	62	0	0	0	62
2368	17496	1	1	0	1	0	0	1	22	222	6	34	510	62	0	0	0	62
2368	17505	0	1	1	1	0	0	1	23	30	4	31	510	63	0	1	0	960
2368	17506	1	1	0	1	0	0	1	22	222	6	34	510	62	0	0	0	62
2368	17508	1	1	0	1	0	0	1	22	222	6	34	510	62	0	0	0	62
2368	17512	1	1	0	1	0	0	1	22	222	6	34	510	62	0	0	0	62
2368	17520	1	1	0	1	0	0	1	22	222	6	34	510	62	0	0	0	62
2368	17539	0	1	1	1	0	0	1	21	94	5	31	510	63	0	1	0	960
2368	17541	0	1	1	1	0	0	1	21	94	5	31	510	63	0	1	0	960
2368	17542	1	2	0	1	0	0	1	22	222	6	34	510	62	0	0	0	62,960
2368	17545	0	1	1	1	0	0	1	21	94	5	31	510	63	0	1	0	960
2368	17546	1	2	0	1	0	0	1	22	222	6	34	510	62	0	0	0	62,960
2368	17548	1	2	0	1	0	0	1	22	222	6	34	510	62	0	0	0	62,960
2368	17553	0	1	1	1	0	0	1	21	94	5	31	510	63	0	1	0	960
2368	17554	1	2	0	1	0	0	1	22	222	6	34	510	62	0	0	0	62,960
2368	17556	1	2	0	1	0	0	1	22	222	6	34	510	62	0	0	0	62,960
2368	17560	1	2	0	1	0	0	1	22	222	6	34	510	62	0	0	0	62,960
2368	17569	0	1	1	1	0	0	1	21	94	5	31	510	63	0	1	0	960
2368	17570	1	2	0	1	0	0	1	22	222	6	34	510	62	0	0	0	62,960
2368	17572	1	2	0	1	0	0	1	22	222	6	34	510	62	0	0	0	62,960
2368	17576	1	2	0	1	0	0	1	22	222	6	34	510	62	0	0	0	62,960
2368	17584	1	2	0	1	0	0	1	22	222	6	34	510	62	0	0	0	62,960
2368	17601	0	1	1	1	0	0	1	21	94	5	31	510	63	0	1	0	960
2368	17602	1	2	0	1	0	0	1	22	222	6	34	510	62	0	0	0	62,960
2368	17604	1	2	0	1	0	0	1	22	222	6	34	510	62	0	0	0	62,960
2368	17608	1	2	0	1	0	0	1	22	222	6	34	510	62	0	0	0	62,960
2368	17616	1	2	0	1	0	0	1	22	222	6	34	510	62	0	0	0	62,960
2368	17632	1	2	0	1	0	0	1	22	222	6	34	510	62	0	0	0	62,960
2368	17667	0	1	1	1	0	0	1	21	94	5	31	510	63	0	1	0	960
2368	17669	0	1	1	1	0	0	1	21	94	5	31	510	63	0	1	0	960
2368	17670	1	2	0	1	0	0	1	22	222	6	34	510	62	0	0	0	62,960
2368	17673	0	1	1	1	0	0	1	21	94	5	31	510	63	0	1	0	960
2368	17674	1	2	0	1	0	0	1	22	222	6	34	510	62	0	0	0	62,960
2368	17676	1	2	0	1	0	0	1	22	222	6	34	510	62	0	0	0	62,960
2368	17681	0	1	1	1	0	0	1	21	94	5	31	510	63	0	1	0	960
2368	17682	1	2	0	1	0	0	1	22	222	6	34	510	62	0	0	0	62,960
2368	17684	1	2	0	1	0	0	1	22	222	6	34	510	62	0	0	0	62,960
2368	17688	1	2	0	1	0	0	1	22	222	6	34	510	62	0	0	0	62,960
2368	17697	0	1	1	1	0	0	1	21	94	5	31	510	63	0	1	0	960
2368	17698	1	2	0	1	0	0	1	22	222	6	34	510	62	0	0	0	62,960
2368	17700	1	2	0	1	0	0	1	22	222	6	34	510	62	0	0	0	62,960
2368	17704	1	2	0	1	0	0	1	22	222	6	34	510	62	0	0	0	62,960
2368	17712	1	2	0	1	0	0	1	22	222	6	34	510	62	0	0	0	62,960
2368	17729	0	1	1	1	0	0	1	21	94	5	31	510	63	0	1	0	960
2368	17730	1	2	0	1	0	0	1	22	222	6	34	510	62	0	0	0	62,960
2368	17732	1	2	0	1	0	0	1	22	222	6	34	510	62	0	0	0	62,960
2368	17736	1	2	0	1	0	0	1	22	222	6	34	510	62	0	0	0	62,960
2368	17744	1	2	0	1	0	0	1	22	222	6	34	510	62	0	0	0	62,960
2368	17760	1	2	0	1	0	0	1	22	222	6	34	510	62	0	0	0	62,960
2368	17793	0	1	1	1	0	0	1	19	222	6	31	510	63	0	1	0	960
2368	17794	0	1	1	1	1	1	0	22	222	6	34	510	63	1	0	1	960
2368	17796	0	1	1	1	1	1	0	22	222	6	34	510	63	1	0	1	960
2368	17800	0	1	1	1	1	1	0	22	222	6	34	510	63	1	0	1	960
2368	17808	0	1	1	1	1	1	0	22	222	6	34	510	63	1	0	1	960
2368	17824	0	1	1	1	1	1	0	22	222	6	34	510	63	1	0	1	960
2368	17856	0	1	1	1	1	1	0	22	222	6	34	510	63	1	0	1	960
2368	17923	0	1	1	1	0	0	1	24	77	4	32	510	127	0	1	0	896
2368	17925	0	1	1	1	0	0	1	24	77	4	32	510	127	0	1	0	896
2368	17926	0	1	1	1	0	0	1	23	222	6	35	510	126	0	1	0	126
2368	17929	0	1	1	1	0	0	1	24	77	4	32	510	127	0	1	0	896
2368	17930	0	1	1	1	0	0	1	23	222	6	35	510	126	0	1	0	126
2368	17932	0	1	1	1	0	0	1	23	222	6	35	510	126	0	1	0	126
2368	17937	0	1	1	1	0	0	1	24	77	4	32	510	127	0	1	0	896
2368	17938	0	1	1	1	0	0	1	23	222	6	35	510	126	0	1	0	126
2368	17940	0	1	1	1	0	0	1	23	222	6	35	510	126	0	1	0	126
2368	17944	0	1	1	1	0	0	1	23	222	6	35	510	126	0	1	0	126
2368	17953	0	1	1	1	0	0	1	24	77	4	32	510	127	0	1	0	896
2368	17954	0	1	1	1	0	0	1	23	222	6	35	510	126	0	1	0	126
2368	17956	0	1	1	1	0	0	1	23	222	6	35	510	126	0	1	0	126
2368	17960	0	1	1	1	0	0	1	23	222	6	35	510	126	0	1	0	126
2368	17968	0	1	1	1	0	0	1	23	222	6	35	510	126	0	1	0	126
2368	17985	0	1	1	1	0	0	1	24	77	4	32	510	127	0	1	0	896
2368	17986	0	1	1	1	0	0	1	23	222	6	35	510	126	0	1	0	126
2368	17988	0	1	1	1	0	0	1	23	222	6	35	510	126	0	1	0	126
2368	17992	0	1	1	1	0	0	1	23	222	6	35	510	126	0	1	0	126
2368	18000	0	1	1	1	0	0	1	23	222	6	35	510	126	0	1	0	126
2368	18016	0	1	1	1	0	0	1	23	222	6	35	510	126	0	1	0	126
2368	18049	0	1	1	1	0	0	1	24	77	4	32	510	127	0	1	0	896
2368	18050	0	1	1	1	0	0	1	25	94	5	35	510	126	0	1	0	126
2368	18052	0	1	1	1	0	0	1	25	94	5	35	510	126	0	1	0	126
2368	18056	0	1	1	1	0	0	1	25	94	5	35	510	126	0	1	0	126
2368	18064	0	1	1	1	0	0	1	25	94	5	35	510	126	0	1	0	126
2368	18080	0	1	1	1	0	0	1	25	94	5	35	510	126	0	1	0	126
2368	18112	0	1	1	1	0	0	1	25	94	5	35	510	126	0	1	0	126
2368	18177	0	1	1	1	0	0	1	24	77	4	32	510	127	0	1	0	896
2368	18178	0	1	1	1	0	0	1	25	94	5	35	510	126	0	1	0	126
2368	18180	0	1	1	1	0	0	1	25	94	5	35	510	126	0	1	0	126
2368	18184	0	1	1	1	0	0	1	25	94	5	35	510	126	0	1	0	126
2368	18192	0	1	1	1	0	0	1	25	94	5	35	510	126	0	1	0	126
2368	18208	0	1	1	1	0	0	1	25	94	5	35	510	126	0	1	0	126
2368	18240	0	1	1	1	0	0	1	25	94	5	35	510	126	0	1	0	126
2368	18304	0	2	1	1	0	0	1	27	30	4	35	510	126	0	1	0	126,896
2368	18439	0	1	1	1	0	0	1	23	30	4	31	510	63	0	1	0	960
2368	18443	0	1	1	1	0	0	1	23	30	4	31	510	63	0	1	0	960
2368	18445	0	1	1	1	0	0	1	23	30	4	31	510	63	0	1	0	960
2368	18446	1	1	0	1	0	0	1	22	222	6	34	510	62	0	0	0	62
2368	18451	0	1	1	1	0	0	1	23	30	4	31	510	63	0	1	0	960
2368	18453	0	1	1	1	0	0	1	23	30	4	31	510	63	0	1	0	960
2368	18454	1	1	0	1	0	0	1	22	222	6	34	510	62	0	0	0	62
2368	18457	0	1	1	1	0	0	1	23	30	4	31	510	63	0	1	0	960
2368	18458	1	1	0	1	0	0	1	22	222	6	34	510	62	0	0	0	62
2368	18460	1	1	0	1	0	0	1	22	222	6	34	510	62	0	0	0	62
2368	18467	0	1	1	1	0	0	1	23	30	4	31	510	63	0	1	0	960
2368	18469	0	1	1	1	0	0	1	23	30	4	31	510	63	0	1	0	960
2368	18470	1	1	0	1	0	0	1	22	222	6	34	510	62	0	0	0	62
2368	18473	0	1	1	1	0	0	1	23	30	4	31	510	63	0	1	0	960
2368	18474	1	1	0	1	0	0	1	22	222	6	34	510	62	0	0	0	62
2368	18476	1	1	0	1	0	0	1	22	222	6	34	510	62	0	0	0	62
2368	18481	0	1	1	1	0	0	1	23	30	4	31	510	63	0	1	0	960
2368	18482	1	1	0	1	0	0	1	22	222	6	34	510	62	0	0	0	62
2368	18484	1	1	0	1	0	0	1	22	222	6	34	510	62	0	0	0	62
2368	18488	1	1	0	1	0	0	1	22	222	6	34	510	62	0	0	0	62
2368	18499	0	1	1	1	0	0	1	23	30	4	31	510	63	0	1	0	960
2368	18501	0	1	1	1	0	0	1	23	30	4	31	510	63	0	1	0	960
2368	18502	1	1	0	1	0	0	1	22	222	6	34	510	62	0	0	0	62
2368	18505	0	1	1	1	0	0	1	23	30	4	31	510	63	0	1	0	960
2368	18506	1	1	0	1	0	0	1	22	222	6	34	510	62	0	0	0	62
2368	18508	1	1	0	1	0	0	1	22	222	6	34	510	62	0	0	0	62
2368	18513	0	1	1	1	0	0	1	23	30	4	31	510	63	0	1	0	960
2368	18514	1	1	0	1	0	0	1	22	222	6	34	510	62	0	0	0	62
2368	18516	1	1	0	1	0	0	1	22	222	6	34	510	62	0	0	0	62
2368	18520	1	1	0	1	0	0	1	22	222	6	34	510	62	0	0	0	62
2368	18529	0	1	1	1	0	0	1	23	30	4	31	510	63	0	1	0	960
2368	18530	1	1	0	1	0	0	1	22	222	6	34	510	62	0	0	0	62
2368	18532	1	1	0	1	0	0	1	22	222	6	34	510	62	0	0	0	62
2368	18536	1	1	0	1	0	0	1	22	222	6	34	510	62	0	0	0	62
2368	18544	1	1	0	1	0	0	1	22	222	6	34	510	62	0	0	0	62
2368	18563	0	1	1	1	0	0	1	21	94	5	31	510	63	0	1	0	960
2368	18565	0	1	1	1	0	0	1	21	94	5	31	510	63	0	1	0	960
2368	18566	1	2	0	1	0	0	1	22	222	6	34	510	62	0	0	0	62,960
2368	18569	0	1	1	1	0	0	1	21	94	5	31	510	63	0	1	0	960
2368	18570	1	2	0	1	0	0	1	22	222	6	34	510	62	0	0	0	62,960
2368	18572	1	2	0	1	0	0	1	22	222	6	34	510	62	0	0	0	62,960
2368	18577	0	1	1	1	0	0	1	21	94	5	31	510	63	0	1	0	960
2368	18578	1	2	0	1	0	0	1	22	222	6	34	510	62	0	0	0	62,960
2368	18580	1	2	0	1	0	0	1	22	222	6	34	510	62	0	0	0	62,960
2368	18584	1	2	0	1	0	0	1	22	222	6	34	510	62	0	0	0	62,960
2368	18593	0	1	1	1	0	0	1	21	94	5	31	510	63	0	1	0	960
2368	18594	1	2	0	1	0	0	1	22	222	6	34	510	62	0	0	0	62,960
2368	18596	1	2	0	1	0	0	1	22	222	6	34	510	62	0	0	0	62,960
2368	18600	1	2	0	1	0	0	1	22	222	6	34	510	62	0	0	0	62,960
2368	18608	1	2	0	1	0	0	1	22	222	6	34	510	62	0	0	0	62,960
2368	18625	0	1	1	1	0	0	1	21	94	5	31	510	63	0	1	0	960
2368	18626	1	2	0	1	0	0	1	22	222	6	34	510	62	0	0	0	62,960
2368	18628	1	2	0	1	0	0	1	22	222	6	34	510	62	0	0	0	62,960
2368	18632	1	2	0	1	0	0	1	22	222	6	34	510	62	0	0	0	62,960
2368	18640	1	2	0	1	0	0	1	22	222	6	34	510	62	0	0	0	62,960
2368	18656	1	2	0	1	0	0	1	22	222	6	34	510	62	0	0	0	62,960
2368	18691	0	1	1	1	0	0	1	21	94	5	31	510	63	0	1	0	960
2368	18693	0	1	1	1	0	0	1	21	94	5	31	510	63	0	1	0	960
2368	18694	1	2	0	1	0	0	1	22	222	6	34	510	62	0	0	0	62,960
2368	18697	0	1	1	1	0	0	1	21	94	5	31	510	63	0	1	0	960
2368	18698	1	2	0	1	0	0	1	22	222	6	34	510	62	0	0	0	62,960
2368	18700	1	2	0	1	0	0	1	22	222	6	34	510	62	0	0	0	62,960
2368	18705	0	1	1	1	0	0	1	21	94	5	31	510	63	0	1	0	960
2368	18706	1	2	0	1	0	0	1	22	222	6	34	510	62	0	0	0	62,960
2368	18708	1	2	0	1	0	0	1	22	222	6	34	510	62	0	0	0	62,960
2368	18712	1	2	0	1	0	0	1	22	222	6	34	510	62	0	0	0	62,960
2368	18721	0	1	1	1	0	0	1	21	94	5	31	510	63	0	1	0	960
2368	18722	1	2	0	1	0	0	1	22	222	6	34	510	62	0	0	0	62,960
2368	18724	1	2	0	1	0	0	1	22	222	6	34	510	62	0	0	0	62,960
2368	18728	1	2	0	1	0	0	1	22	222	6	34	510	62	0	0	0	62,960
2368	18736	1	2	0	1	0	0	1	22	222	6	34	510	62	0	0	0	62,960
2368	18753	0	1	1	1	0	0	1	21	94	5	31	510	63	0	1	0	960
2368	18754	1	2	0	1	0	0	1	22	222	6	34	510	62	0	0	0	62,960
2368	18756	1	2	0	1	0	0	1	22	222	6	34	510	62	0	0	0	62,960
2368	18760	1	2	0	1	0	0	1	22	222	6	34	510	62	0	0	0	62,960
2368	18768	1	2	0	1	0	0	1	22	222	6	34	510	62	0	0	0	62,960
2368	18784	1	2	0	1	0	0	1	22	222	6	34	510	62	0	0	0	62,960
2368	18817	0	1	1	1	0	0	1	19	222	6	31	510	63	0	1	0	960
2368	18818	0	1	1	1	1	1	0	22	222	6	34	510	63	1	0	1	960
2368	18820	0	1	1	1	1	1	0	22	222	6	34	510	63	1	0	1	960
2368	18824	0	1	1	1	1	1	0	22	222	6	34	510	63	1	0	1	960
2368	18832	0	1	1	1	1	1	0	22	222	6	34	510	63	1	0	1	960
2368	18848	0	1	1	1	1	1	0	22	222	6	34	510	63	1	0	1	960
2368	18880	0	1	1	1	1	1	0	22	222	6	34	510	63	1	0	1	960
2368	18947	0	1	1	1	0	0	1	24	77	4	32	510	127	0	1	0	896
2368	18949	0	1	1	1	0	0	1	24	77	4	32	510	127	0	1	0	896
2368	18950	0	1	1	1	0	0	1	23	222	6	35	510	126	0	1	0	126
2368	18953	0	1	1	1	0	0	1	24	77	4	32	510	127	0	1	0	896
2368	18954	0	1	1	1	0	0	1	23	222	6	35	510	126	0	1	0	126
2368	18956	0	1	1	1	0	0	1	23	222	6	35	510	126	0	1	0	126
2368	18961	0	1	1	1	0	0	1	24	77	4	32	510	127	0	1	0	896
2368	18962	0	1	1	1	0	0	1	23	222	6	35	510	126	0	1	0	126
2368	18964	0	1	1	1	0	0	1	23	222	6	35	510	126	0	1	0	126
2368	18968	0	1	1	1	0	0	1	23	222	6	35	510	126	0	1	0	126
2368	18977	0	1	1	1	0	0	1	24	77	4	32	510	127	0	1	0	896
2368	18978	0	1	1	1	0	0	1	23	222	6	35	510	126	0	1	0	126
2368	18980	0	1	1	1	0	0	1	23	222	6	35	510	126	0	1	0	126
2368	18984	0	1	1	1	0	0	1	23	222	6	35	510	126	0	1	0	126
2368	18992	0	1	1	1	0	0	1	23	222	6	35	510	126	0	1	0	126
2368	19009	0	1	1	1	0	0	1	24	77	4	32	510	127	0	1	0	896
2368	19010	0	1	1	1	0	0	1	23	222	6	35	510	126	0	1	0	126
2368	19012	0	1	1	1	0	0	1	23	222	6	35	510	126	0	1	0	126
2368	19016	0	1	1	1	0	0	1	23	222	6	35	510	126	0	1	0	126
2368	19024	0	1	1	1	0	0	1	23	222	6	35	510	126	0	1	0	126
2368	19040	0	1	1	1	0	0	1	23	222	6	35	510	126	0	1	0	126
2368	19073	0	1	1	1	0	0	1	24	77	4	32	510	127	0	1	0	896
2368	19074	0	1	1	1	0	0	1	25	94	5	35	510	126	0	1	0	126
2368	19076	0	1	1	1	0	0	1	25	94	5	35	510	126	0	1	0	126
2368	19080	0	1	1	1	0	0	1	25	94	5	35	510	126	0	1	0	126
2368	19088	0	1	1	1	0	0	1	25	94	5	35	510	126	0	1	0	126
2368	19104	0	1	1	1	0	0	1	25	94	5	35	510	126	0	1	0	126
2368	19136	0	1	1	1	0	0	1	25	94	5	35	510	126	0	1	0	126
2368	19201	0	1	1	1	0	0	1	24	77	4	32	510	127	0	1	0	896
2368	19202	0	1	1	1	0	0	1	25	94	5	35	510	126	0	1	0	126
2368	19204	0	1	1	1	0	0	1	25	94	5	35	510	126	0	1	0	126
2368	19208	0	1	1	1	0	0	1	25	94	5	35	510	126	0	1	0	126
2368	19216	0	1	1	1	0	0	1	25	94	5	35	510	126	0	1	0	126
2368	19232	0	1	1	1	0	0	1	25	94	5	35	510	126	0	1	0	126
2368	19264	0	1	1	1	0	0	1	25	94	5	35	510	126	0	1	0	126
2368	19328	0	2	1	1	0	0	1	27	30	4	35	510	126	0	1	0	126,896
2368	19459	0	1	1	1	0	0	1	27	11	3	33	510	127	0	1	0	896
2368	19461	0	1	1	1	0	0	1	27	11	3	33	510	127	0	1	0	896
2368	19462	1	1	0	1	0	0	1	24	222	6	36	510	126	0	0	0	126
2368	19465	0	1	1	1	0	0	1	27	11	3	33	510	127	0	1	0	896
2368	19466	1	1	0	1	0	0	1	24	222	6	36	510	126	0	0	0	126
2368	19468	1	1	0	1	0	0	1	24	222	6	36	510	126	0	0	0	126
2368	19473	0	1	1	1	0	0	1	27	11	3	33	510	127	0	1	0	896
2368	19474	1	1	0	1	0	0	1	24	222	6	36	510	126	0	0	0	126
2368	19476	1	1	0	1	0	0	1	24	222	6	36	510	126	0	0	0	126
2368	19480	1	1	0	1	0	0	1	24	222	6	36	510	126	0	0	0	126
2368	19489	0	1	1	1	0	0	1	27	11	3	33	510	127	0	1	0	896
2368	19490	1	1	0	1	0	0	1	24	222	6	36	510	126	0	0	0	126
2368	19492	1	1	0	1	0	0	1	24	222	6	36	510	126	0	0	0	126
2368	19496	1	1	0	1	0	0	1	24	222	6	36	510	126	0	0	0	126
2368	19504	1	1	0	1	0	0	1	24	222	6	36	510	126	0	0	0	126
2368	19521	0	1	1	1	0	0	1	27	11	3	33	510	127	0	1	0	896
2368	19522	1	1	0	1	0	0	1	24	222	6	36	510	126	0	0	0	126
2368	19524	1	1	0	1	0	0	1	24	222	6	36	510	126	0	0	0	126
2368	19528	1	1	0	1	0	0	1	24	222	6	36	510	126	0	0	0	126
2368	19536	1	1	0	1	0	0	1	24	222	6	36	510	126	0	0	0	126
2368	19552	1	1	0	1	0	0	1	24	222	6	36	510	126	0	0	0	126
2368	19585	0	1	1	1	0	0	1	25	75	4	33	510	127	0	1	0	896
2368	19586	1	2	0	1	0	0	1	24	222	6	36	510	126	0	0	0	126,896
2368	19588	1	2	0	1	0	0	1	24	222	6	36	510	126	0	0	0	126,896
2368	19592	1	2	0	1	0	0	1	24	222	6	36	510	126	0	0	0	126,896
2368	19600	1	2	0	1	0	0	1	24	222	6	36	510	126	0	0	0	126,896
2368	19616	1	2	0	1	0	0	1	24	222	6	36	510	126	0	0	0	126,896
2368	19648	1	2	0	1	0	0	1	24	222	6	36	510	126	0	0	0	126,896
2368	19713	0	1	1	1	0	0	1	25	75	4	33	510	127	0	1	0	896
2368	19714	1	2	0	1	0	0	1	24	222	6	36	510	126	0	0	0	126,896
2368	19716	1	2	0	1	0	0	1	24	222	6	36	510	126	0	0	0	126,896
2368	19720	1	2	0	1	0	0	1	24	222	6	36	510	126	0	0	0	126,896
2368	19728	1	2	0	1	0	0	1	24	222	6	36	510	126	0	0	0	126,896
2368	19744	1	2	0	1	0	0	1	24	222	6	36	510	126	0	0	0	126,896
2368	19776	1	2	0	1	0	0	1	24	222	6	36	510	126	0	0	0	126,896
2368	19840	0	1	1	1	1	1	0	24	222	6	36	510	127	1	0	1	896
2368	19969	0	1	1	1	0	0	1	32	1	1	34	510	255	0	1	0	768
2368	19970	0	1	1	1	0	0	1	29	75	4	37	510	254	0	1	0	254
2368	19972	0	1	1	1	0	0	1	29	75	4	37	510	254	0	1	0	254
2368	19976	0	1	1	1	0	0	1	29	75	4	37	510	254	0	1	0	254
2368	19984	0	1	1	1	0	0	1	29	75	4	37	510	254	0	1	0	254
2368	20000	0	1	1	1	0	0	1	29	75	4	37	510	254	0	1	0	254
2368	20032	0	1	1	1	0	0	1	29	75	4	37	510	254	0	1	0	254
2368	20096	0	1	1	1	0	0	1	31	11	3	37	510	254	0	1	0	254
2368	20224	0	1	1	1	0	0	1	31	11	3	37	510	254	0	1	0	254
2368	20487	0	1	1	1	0	0	1	23	30	4	31	510	63	0	1	0	960
2368	20491	0	1	1	1	0	0	1	23	30	4	31	510	63	0	1	0	960
2368	20493	0	1	1	1	0	0	1	23	30	4	31	510	63	0	1	0	960
2368	20494	1	1	0	1	0	0	1	22	222	6	34	510	62	0	0	0	62
2368	20499	0	1	1	1	0	0	1	23	30	4	31	510	63	0	1	0	960
2368	20501	0	1	1	1	0	0	1	23	30	4	31	510	63	0	1	0	960
2368	20502	1	1	0	1	0	0	1	22	222	6	34	510	62	0	0	0	62
2368	20505	0	1	1	1	0	0	1	23	30	4	31	510	63	0	1	0	960
2368	20506	1	1	0	1	0	0	1	22	222	6	34	510	62	0	0	0	62
2368	20508	1	1	0	1	0	0	1	22	222	6	34	510	62	0	0	0	62
2368	20515	0	1	1	1	0	0	1	23	30	4	31	510	63	0	1	0	960
2368	20517	0	1	1	1	0	0	1	23	30	4	31	510	63	0	1	0	960
2368	20518	1	1	0	1	0	0	1	22	222	6	34	510	62	0	0	0	62
2368	20521	0	1	1	1	0	0	1	23	30	4	31	510	63	0	1	0	960
2368	20522	1	1	0	1	0	0	1	22	222	6	34	510	62	0	0	0	62
2368	20524	1	1	0	1	0	0	1	22	222	6	34	510	62	0	0	0	62
2368	20529	0	1	1	1	0	0	1	23	30	4	31	510	63	0	1	0	960
2368	20530	1	1	0	1	0	0	1	22	222	6	34	510	62	0	0	0	62
2368	20532	1	1	0	1	0	0	1	22	222	6	34	510	62	0	0	0	62
2368	20536	1	1	0	1	0	0	1	22	222	6	34	510	62	0	0	0	62
2368	20547	0	1	1	1	0	0	1	23	30	4	31	510	63	0	1	0	960
2368	20549	0	1	1	1	0	0	1	23	30	4	31	510	63	0	1	0	960
2368	20550	1	1	0	1	0	0	1	22	222	6	34	510	62	0	0	0	62
2368	20553	0	1	1	1	0	0	1	23	30	4	31	510	63	0	1	0	960
2368	20554	1	1	0	1	0	0	1	22	222	6	34	510	62	0	0	0	62
2368	20556	1	1	0	1	0	0	1	22	222	6	34	510	62	0	0	0	62
2368	20561	0	1	1	1	0	0	1	23	30	4	31	510	63	0	1	0	960
2368	20562	1	1	0	1	0	0	1	22	222	6	34	510	62	0	0	0	62
2368	20564	1	1	0	1	0	0	1	22	222	6	34	510	62	0	0	0	62
2368	20568	1	1	0	1	0	0	1	22	222	6	34	510	62	0	0	0	62
2368	20577	0	1	1	1	0	0	1	23	30	4	31	510	63	0	1	0	960
2368	20578	1	1	0	1	0	0	1	22	222	6	34	510	62	0	0	0	62
2368	20580	1	1	0	1	0	0	1	22	222	6	34	510	62	0	0	0	62
2368	20584	1	1	0	1	0	0	1	22	222	6	34	510	62	0	0	0	62
2368	20592	1	1	0	1	0	0	1	22	222	6	34	510	62	0	0	0	62
2368	20611	0	1	1	1	0	0	1	21	94	5	31	510	63	0	1	0	960
2368	20613	0	1	1	1	0	0	1	21	94	5	31	510	63	0	1	0	960
2368	20614	1	2	0	1	0	0	1	22	222	6	34	510	62	0	0	0	62,960
2368	20617	0	1	1	1	0	0	1	21	94	5	31	510	63	0	1	0	960
2368	20618	1	2	0	1	0	0	1	22	222	6	34	510	62	0	0	0	62,960
2368	20620	1	2	0	1	0	0	1	22	222	6	34	510	62	0	0	0	62,960
2368	20625	0	1	1	1	0	0	1	21	94	5	31	510	63	0	1	0	960
2368	20626	1	2	0	1	0	0	1	22	222	6	34	510	62	0	0	0	62,960
2368	20628	1	2	0	1	0	0	1	22	222	6	34	510	62	0	0	0	62,960
2368	20632	1	2	0	1	0	0	1	22	222	6	34	510	62	0	0	0	62,960
2368	20641	0	1	1	1	0	0	1	21	94	5	31	510	63	0	1	0	960
2368	20642	1	2	0	1	0	0	1	22	222	6	34	510	62	0	0	0	62,960
2368	20644	1	2	0	1	0	0	1	22	222	6	34	510	62	0	0	0	62,960
2368	20648	1	2	0	1	0	0	1	22	222	6	34	510	62	0	0	0	62,960
2368	20656	1	2	0	1	0	0	1	22	222	6	34	510	62	0	0	0	62,960
2368	20673	0	1	1	1	0	0	1	21	94	5	31	510	63	0	1	0	960
2368	20674	1	2	0	1	0	0	1	22	222	6	34	510	62	0	0	0	62,960
2368	20676	1	2	0	1	0	0	1	22	222	6	34	510	62	0	0	0	62,960
2368	20680	1	2	0	1	0	0	1	22	222	6	34	510	62	0	0	0	62,960
2368	20688	1	2	0	1	0	0	1	22	222	6	34	510	62	0	0	0	62,960
2368	20704	1	2	0	1	0	0	1	22	222	6	34	510	62	0	0	0	62,960
2368	20739	0	1	1	1	0	0	1	21	94	5	31	510	63	0	1	0	960
2368	20741	0	1	1	1	0	0	1	21	94	5	31	510	63	0	1	0	960
2368	20742	1	2	0	1	0	0	1	22	222	6	34	510	62	0	0	0	62,960
2368	20745	0	1	1	1	0	0	1	21	94	5	31	510	63	0	1	0	960
2368	20746	1	2	0	1	0	0	1	22	222	6	34	510	62	0	0	0	62,960
2368	20748	1	2	0	1	0	0	1	22	222	6	34	510	62	0	0	0	62,960
2368	20753	0	1	1	1	0	0	1	21	94	5	31	510	63	0	1	0	960
2368	20754	1	2	0	1	0	0	1	22	222	6	34	510	62	0	0	0	62,960
2368	20756	1	2	0	1	0	0	1	22	222	6	34	510	62	0	0	0	62,960
2368	20760	1	2	0	1	0	0	1	22	222	6	34	510	62	0	0	0	62,960
2368	20769	0	1	1	1	0	0	1	21	94	5	31	510	63	0	1	0	960
2368	20770	1	2	0	1	0	0	1	22	222	6	34	510	62	0	0	0	62,960
2368	20772	1	2	0	1	0	0	1	22	222	6	34	510	62	0	0	0	62,960
2368	20776	1	2	0	1	0	0	1	22	222	6	34	510	62	0	0	0	62,960
2368	20784	1	2	0	1	0	0	1	22	222	6	34	510	62	0	0	0	62,960
2368	20801	0	1	1	1	0	0	1	21	94	5	31	510	63	0	1	0	960
2368	20802	1	2	0	1	0	0	1	22	222	6	34	510	62	0	0	0	62,960
2368	20804	1	2	0	1	0	0	1	22	222	6	34	510	62	0	0	0	62,960
2368	20808	1	2	0	1	0	0	1	22	222	6	34	510	62	0	0	0	62,960
2368	20816	1	2	0	1	0	0	1	22	222	6	34	510	62	0	0	0	62,960
2368	20832	1	2	0	1	0	0	1	22	222	6	34	510	62	0	0	0	62,960
2368	20865	0	1	1	1	0	0	1	19	222	6	31	510	63	0	1	0	960
2368	20866	0	1	1	1	1	1	0	22	222	6	34	510	63	1	0	1	960
2368	20868	0	1	1	1	1	1	0	22	222	6	34	510	63	1	0	1	960
2368	20872	0	1	1	1	1	1	0	22	222	6	34	510	63	1	0	1	960
2368	20880	0	1	1	1	1	1	0	22	222	6	34	510	63	1	0	1	960
2368	20896	0	1	1	1	1	1	0	22	222	6	34	510	63	1	0	1	960
2368	20928	0	1	1	1	1	1	0	22	222	6	34	510	63	1	0	1	960
2368	20995	0	1	1	1	0	0	1	24	77	4	32	510	127	0	1	0	896
2368	20997	0	1	1	1	0	0	1	24	77	4	32	510	127	0	1	0	896
2368	20998	0	1	1	1	0	0	1	23	222	6	35	510	126	0	1	0	126
2368	21001	0	1	1	1	0	0	1	24	77	4	32	510	127	0	1	0	896
2368	21002	0	1	1	1	0	0	1	23	222	6	35	510	126	0	1	0	126
2368	21004	0	1	1	1	0	0	1	23	222	6	35	510	126	0	1	0	126
2368	21009	0	1	1	1	0	0	1	24	77	4	32	510	127	0	1	0	896
2368	21010	0	1	1	1	0	0	1	23	222	6	35	510	126	0	1	0	126
2368	21012	0	1	1	1	0	0	1	23	222	6	35	510	126	0	1	0	126
2368	21016	0	1	1	1	0	0	1	23	222	6	35	510	126	0	1	0	126
2368	21025	0	1	1	1	0	0	1	24	77	4	32	510	127	0	1	0	896
2368	21026	0	1	1	1	0	0	1	23	222	6	35	510	126	0	1	0	126
2368	21028	0	1	1	1	0	0	1	23	222	6	35	510	126	0	1	0	126
2368	21032	0	1	1	1	0	0	1	23	222	6	35	510	126	0	1	0	126
2368	21040	0	1	1	1	0	0	1	23	222	6	35	510	126	0	1	0	126
2368	21057	0	1	1	1	0	0	1	24	77	4	32	510	127	0	1	0	896
2368	21058	0	1	1	1	0	0	1	23	222	6	35	510	126	0	1	0	126
2368	21060	0	1	1	1	0	0	1	23	222	6	35	510	126	0	1	0	126
2368	21064	0	1	1	1	0	0	1	23	222	6	35	510	126	0	1	0	126
2368	21072	0	1	1	1	0	0	1	23	222	6	35	510	126	0	1	0	126
2368	21088	0	1	1	1	0	0	1	23	222	6	35	510	126	0	1	0	126
2368	21121	0	1	1	1	0	0	1	24	77	4	32	510	127	0	1	0	896
2368	21122	0	1	1	1	0	0	1	25	94	5	35	510	126	0	1	0	126
2368	21124	0	1	1	1	0	0	1	25	94	5	35	510	126	0	1	0	126
2368	21128	0	1	1	1	0	0	1	25	94	5	35	510	126	0	1	0	126
2368	21136	0	1	1	1	0	0	1	25	94	5	35	510	126	0	1	0	126
2368	21152	0	1	1	1	0	0	1	25	94	5	35	510	126	0	1	0	126
2368	21184	0	1	1	1	0	0	1	25	94	5	35	510	126	0	1	0	126
2368	21249	0	1	1	1	0	0	1	24	77	4	32	510	127	0	1	0	896
2368	21250	0	1	1	1	0	0	1	25	94	5	35	510	126	0	1	0	126
2368	21252	0	1	1	1	0	0	1	25	94	5	35	510	126	0	1	0	126
2368	21256	0	1	1	1	0	0	1	25	94	5	35	510	126	0	1	0	126
2368	21264	0	1	1	1	0	0	1	25	94	5	35	510	126	0	1	0	126
2368	21280	0	1	1	1	0	0	1	25	94	5	35	510	126	0	1	0	126
2368	21312	0	1	1	1	0	0	1	25	94	5	35	510	126	0	1	0	126
2368	21376	0	2	1	1	0	0	1	27	30	4	35	510	126	0	1	0	126,896
2368	21507	0	1	1	1	0	0	1	27	11	3	33	510	127	0	1	0	896
2368	21509	0	1	1	1	0	0	1	27	11	3	33	510	127	0	1	0	896
2368	21510	1	1	0	1	0	0	1	24	222	6	36	510	126	0	0	0	126
2368	21513	0	1	1	1	0	0	1	27	11	3	33	510	127	0	1	0	896
2368	21514	1	1	0	1	0	0	1	24	222	6	36	510	126	0	0	0	126
2368	21516	1	1	0	1	0	0	1	24	222	6	36	510	126	0	0	0	126
2368	21521	0	1	1	1	0	0	1	27	11	3	33	510	127	0	1	0	896
2368	21522	1	1	0	1	0	0	1	24	222	6	36	510	126	0	0	0	126
2368	21524	1	1	0	1	0	0	1	24	222	6	36	510	126	0	0	0	126
2368	21528	1	1	0	1	0	0	1	24	222	6	36	510	126	0	0	0	126
2368	21537	0	1	1	1	0	0	1	27	11	3	33	510	127	0	1	0	896
2368	21538	1	1	0	1	0	0	1	24	222	6	36	510	126	0	0	0	126
2368	21540	1	1	0	1	0	0	1	24	222	6	36	510	126	0	0	0	126
2368	21544	1	1	0	1	0	0	1	24	222	6	36	510	126	0	0	0	126
2368	21552	1	1	0	1	0	0	1	24	222	6	36	510	126	0	0	0	126
2368	21569	0	1	1	1	0	0	1	27	11	3	33	510	127	0	1	0	896
2368	21570	1	1	0	1	0	0	1	24	222	6	36	510	126	0	0	0	126
2368	21572	1	1	0	1	0	0	1	24	222	6	36	510	126	0	0	0	126
2368	21576	1	1	0	1	0	0	1	24	222	6	36	510	126	0	0	0	126
2368	21584	1	1	0	1	0	0	1	24	222	6	36	510	126	0	0	0	126
2368	21600	1	1	0	1	0	0	1	24	222	6	36	510	126	0	0	0	126
2368	21633	0	1	1	1	0	0	1	25	75	4	33	510	127	0	1	0	896
2368	21634	1	2	0	1	0	0	1	24	222	6	36	510	126	0	0	0	126,896
2368	21636	1	2	0	1	0	0	1	24	222	6	36	510	126	0	0	0	126,896
2368	21640	1	2	0	1	0	0	1	24	222	6	36	510	126	0	0	0	126,896
2368	21648	1	2	0	1	0	0	1	24	222	6	36	510	126	0	0	0	126,896
2368	21664	1	2	0	1	0	0	1	24	222	6	36	510	126	0	0	0	126,896
2368	21696	1	2	0	1	0	0	1	24	222	6	36	510	126	0	0	0	126,896
2368	21761	0	1	1	1	0	0	1	25	75	4	33	510	127	0	1	0	896
2368	21762	1	2	0	1	0	0	1	24	222	6	36	510	126	0	0	0	126,896
2368	21764	1	2	0	1	0	0	1	24	222	6	36	510	126	0	0	0	126,896
2368	21768	1	2	0	1	0	0	1	24	222	6	36	510	126	0	0	0	126,896
2368	21776	1	2	0	1	0	0	1	24	222	6	36	510	126	0	0	0	126,896
2368	21792	1	2	0	1	0	0	1	24	222	6	36	510	126	0	0	0	126,896
2368	21824	1	2	0	1	0	0	1	24	222	6	36	510	126	0	0	0	126,896
2368	21888	0	1	1	1	1	1	0	24	222	6	36	510	127	1	0	1	896
2368	22017	0	1	1	1	0	0	1	32	1	1	34	510	255	0	1	0	768
2368	22018	0	1	1	1	0	0	1	29	75	4	37	510	254	0	1	0	254
2368	22020	0	1	1	1	0	0	1	29	75	4	37	510	254	0	1	0	254
2368	22024	0	1	1	1	0	0	1	29	75	4	37	510	254	0	1	0	254
2368	22032	0	1	1	1	0	0	1	29	75	4	37	510	254	0	1	0	254
2368	22048	0	1	1	1	0	0	1	29	75	4	37	510	254	0	1	0	254
2368	22080	0	1	1	1	0	0	1	29	75	4	37	510	254	0	1	0	254
2368	22144	0	1	1	1	0	0	1	31	11	3	37	510	254	0	1	0	254
2368	22272	0	1	1	1	0	0	1	31	11	3	37	510	254	0	1	0	254
2368	22531	0	1	1	1	0	0	1	27	11	3	33	510	127	0	1	0	896
2368	22533	0	1	1	1	0	0	1	27	11	3	33	510	127	0	1	0	896
2368	22534	1	1	0	1	0	0	1	24	222	6	36	510	126	0	0	0	126
2368	22537	0	1	1	1	0	0	1	27	11	3	33	510	127	0	1	0	896
2368	22538	1	1	0	1	0	0	1	24	222	6	36	510	126	0	0	0	126
2368	22540	1	1	0	1	0	0	1	24	222	6	36	510	126	0	0	0	126
2368	22545	0	1	1	1	0	0	1	27	11	3	33	510	127	0	1	0	896
2368	22546	1	1	0	1	0	0	1	24	222	6	36	510	126	0	0	0	126
2368	22548	1	1	0	1	0	0	1	24	222	6	36	510	126	0	0	0	126
2368	22552	1	1	0	1	0	0	1	24	222	6	36	510	126	0	0	0	126
2368	22561	0	1	1	1	0	0	1	27	11	3	33	510	127	0	1	0	896
2368	22562	1	1	0	1	0	0	1	24	222	6	36	510	126	0	0	0	126
2368	22564	1	1	0	1	0	0	1	24	222	6	36	510	126	0	0	0	126
2368	22568	1	1	0	1	0	0	1	24	222	6	36	510	126	0	0	0	126
2368	22576	1	1	0	1	0	0	1	24	222	6	36	510	126	0	0	0	126
2368	22593	0	1	1	1	0	0	1	27	11	3	33	510	127	0	1	0	896
2368	22594	1	1	0	1	0	0	1	24	222	6	36	510	126	0	0	0	126
2368	22596	1	1	0	1	0	0	1	24	222	6	36	510	126	0	0	0	126
2368	22600	1	1	0	1	0	0	1	24	222	6	36	510	126	0	0	0	126
2368	22608	1	1	0	1	0	0	1	24	222	6	36	510	126	0	0	0	126
2368	22624	1	1	0	1	0	0	1	24	222	6	36	510	126	0	0	0	126
2368	22657	0	1	1	1	0	0	1	25	75	4	33	510	127	0	1	0	896
2368	22658	1	2	0	1	0	0	1	24	222	6	36	510	126	0	0	0	126,896
2368	22660	1	2	0	1	0	0	1	24	222	6	36	510	126	0	0	0	126,896
2368	22664	1	2	0	1	0	0	1	24	222	6	36	510	126	0	0	0	126,896
2368	22672	1	2	0	1	0	0	1	24	222	6	36	510	126	0	0	0	126,896
2368	22688	1	2	0	1	0	0	1	24	222	6	36	510	126	0	0	0	126,896
2368	22720	1	2	0	1	0	0	1	24	222	6	36	510	126	0	0	0	126,896
2368	22785	0	1	1	1	0	0	1	25	75	4	33	510	127	0	1	0	896
2368	22786	1	2	0	1	0	0	1	24	222	6	36	510	126	0	0	0	126,896
2368	22788	1	2	0	1	0	0	1	24	222	6	36	510	126	0	0	0	126,896
2368	22792	1	2	0	1	0	0	1	24	222	6	36	510	126	0	0	0	126,896
2368	22800	1	2	0	1	0	0	1	24	222	6	36	510	126	0	0	0	126,896
2368	22816	1	2	0	1	0	0	1	24	222	6	36	510	126	0	0	0	126,896
2368	22848	1	2	0	1	0	0	1	24	222	6	36	510	126	0	0	0	126,896
2368	22912	0	1	1	1	1	1	0	24	222	6	36	510	127	1	0	1	896
2368	23041	0	1	1	1	0	0	1	32	1	1	34	510	255	0	1	0	768
2368	23042	0	1	1	1	0	0	1	29	75	4	37	510	254	0	1	0	254
2368	23044	0	1	1	1	0	0	1	29	75	4	37	510	254	0	1	0	254
2368	23048	0	1	1	1	0	0	1	29	75	4	37	510	254	0	1	0	254
2368	23056	0	1	1	1	0	0	1	29	75	4	37	510	254	0	1	0	254
2368	23072	0	1	1	1	0	0	1	29	75	4	37	510	254	0	1	0	254
2368	23104	0	1	1	1	0	0	1	29	75	4	37	510	254	0	1	0	254
2368	23168	0	1	1	1	0	0	1	31	11	3	37	510	254	0	1	0	254
2368	23296	0	1	1	1	0	0	1	31	11	3	37	510	254	0	1	0	254
2368	23553	0	1	1	1	0	0	1	35	0	0	35	510	255	0	1	0	768
2368	23554	1	1	0	1	0	0	1	30	75	4	38	510	254	0	0	0	254
2368	23556	1	1	0	1	0	0	1	30	75	4	38	510	254	0	0	0	254
2368	23560	1	1	0	1	0	0	1	30	75	4	38	510	254	0	0	0	254
2368	23568	1	1	0	1	0	0	1	30	75	4	38	510	254	0	0	0	254
2368	23584	1	1	0	1	0	0	1	30	75	4	38	510	254	0	0	0	254
2368	23616	1	1	0	1	0	0	1	30	75	4	38	510	254	0	0	0	254
2368	23680	1	3	0	1	0	0	1	30	75	4	38	510	254	0	0	0	254,768,896
2368	23808	1	3	0	1	0	0	1	30	75	4	38	510	254	0	0	0	254,768,896
2368	24064	0	1	1	1	0	0	1	39	0	0	39	510	510	0	1	0	510
2368	24583	0	1	1	1	0	0	1	23	30	4	31	510	63	0	1	0	960
2368	24587	0	1	1	1	0	0	1	23	30	4	31	510	63	0	1	0	960
2368	24589	0	1	1	1	0	0	1	23	30	4	31	510	63	0	1	0	960
2368	24590	1	1	0	1	0	0	1	22	222	6	34	510	62	0	0	0	62
2368	24595	0	1	1	1	0	0	1	23	30	4	31	510	63	0	1	0	960
2368	24597	0	1	1	1	0	0	1	23	30	4	31	510	63	0	1	0	960
2368	24598	1	1	0	1	0	0	1	22	222	6	34	510	62	0	0	0	62
2368	24601	0	1	1	1	0	0	1	23	30	4	31	510	63	0	1	0	960
2368	24602	1	1	0	1	0	0	1	22	222	6	34	510	62	0	0	0	62
2368	24604	1	1	0	1	0	0	1	22	222	6	34	510	62	0	0	0	62
2368	24611	0	1	1	1	0	0	1	23	30	4	31	510	63	0	1	0	960
2368	24613	0	1	1	1	0	0	1	23	30	4	31	510	63	0	1	0	960
2368	24614	1	1	0	1	0	0	1	22	222	6	34	510	62	0	0	0	62
2368	24617	0	1	1	1	0	0	1	23	30	4	31	510	63	0	1	0	960
2368	24618	1	1	0	1	0	0	1	22	222	6	34	510	62	0	0	0	62
2368	24620	1	1	0	1	0	0	1	22	222	6	34	510	62	0	0	0	62
2368	24625	0	1	1	1	0	0	1	23	30	4	31	510	63	0	1	0	960
2368	24626	1	1	0	1	0	0	1	22	222	6	34	510	62	0	0	0	62
2368	24628	1	1	0	1	0	0	1	22	222	6	34	510	62	0	0	0	62
2368	24632	1	1	0	1	0	0	1	22	222	6	34	510	62	0	0	0	62
2368	24643	0	1	1	1	0	0	1	23	30	4	31	510	63	0	1	0	960
2368	24645	0	1	1	1	0	0	1	23	30	4	31	510	63	0	1	0	960
2368	24646	1	1	0	1	0	0	1	22	222	6	34	510	62	0	0	0	62
2368	24649	0	1	1	1	0	0	1	23	30	4	31	510	63	0	1	0	960
2368	24650	1	1	0	1	0	0	1	22	222	6	34	510	62	0	0	0	62
2368	24652	1	1	0	1	0	0	1	22	222	6	34	510	62	0	0	0	62
2368	24657	0	1	1	1	0	0	1	23	30	4	31	510	63	0	1	0	960
2368	24658	1	1	0	1	0	0	1	22	222	6	34	510	62	0	0	0	62
2368	24660	1	1	0	1	0	0	1	22	222	6	34	510	62	0	0	0	62
2368	24664	1	1	0	1	0	0	1	22	222	6	34	510	62	0	0	0	62
2368	24673	0	1	1	1	0	0	1	23	30	4	31	510	63	0	1	0	960
2368	24674	1	1	0	1	0	0	1	22	222	6	34	510	62	0	0	0	62
2368	24676	1	1	0	1	0	0	1	22	222	6	34	510	62	0	0	0	62
2368	24680	1	1	0	1	0	0	1	22	222	6	34	510	62	0	0	0	62
2368	24688	1	1	0	1	0	0	1	22	222	6	34	510	62	0	0	0	62
2368	24707	0	1	1	1	0	0	1	21	94	5	31	510	63	0	1	0	960
2368	24709	0	1	1	1	0	0	1	21	94	5	31	510	63	0	1	0	960
2368	24710	1	2	0	1	0	0	1	22	222	6	34	510	62	0	0	0	62,960
2368	24713	0	1	1	1	0	0	1	21	94	5	31	510	63	0	1	0	960
2368	24714	1	2	0	1	0	0	1	22	222	6	34	510	62	0	0	0	62,960
2368	24716	1	2	0	1	0	0	1	22	222	6	34	510	62	0	0	0	62,960
2368	24721	0	1	1	1	0	0	1	21	94	5	31	510	63	0	1	0	960
2368	24722	1	2	0	1	0	0	1	22	222	6	34	510	62	0	0	0	62,960
2368	24724	1	2	0	1	0	0	1	22	222	6	34	510	62	0	0	0	62,960
2368	24728	1	2	0	1	0	0	1	22	222	6	34	510	62	0	0	0	62,960
2368	24737	0	1	1	1	0	0	1	21	94	5	31	510	63	0	1	0	960
2368	24738	1	2	0	1	0	0	1	22	222	6	34	510	62	0	0	0	62,960
2368	24740	1	2	0	1	0	0	1	22	222	6	34	510	62	0	0	0	62,960
2368	24744	1	2	0	1	0	0	1	22	222	6	34	510	62	0	0	0	62,960
2368	24752	1	2	0	1	0	0	1	22	222	6	34	510	62	0	0	0	62,960
2368	24769	0	1	1	1	0	0	1	21	94	5	31	510	63	0	1	0	960
2368	24770	1	2	0	1	0	0	1	22	222	6	34	510	62	0	0	0	62,960
2368	24772	1	2	0	1	0	0	1	22	222	6	34	510	62	0	0	0	62,960
2368	24776	1	2	0	1	0	0	1	22	222	6	34	510	62	0	0	0	62,960
2368	24784	1	2	0	1	0	0	1	22	222	6	34	510	62	0	0	0	62,960
2368	24800	1	2	0	1	0	0	1	22	222	6	34	510	62	0	0	0	62,960
2368	24835	0	1	1	1	0	0	1	21	94	5	31	510	63	0	1	0	960
2368	24837	0	1	1	1	0	0	1	21	94	5	31	510	63	0	1	0	960
2368	24838	1	2	0	1	0	0	1	22	222	6	34	510	62	0	0	0	62,960
2368	24841	0	1	1	1	0	0	1	21	94	5	31	510	63	0	1	0	960
2368	24842	1	2	0	1	0	0	1	22	222	6	34	510	62	0	0	0	62,960
2368	24844	1	2	0	1	0	0	1	22	222	6	34	510	62	0	0	0	62,960
2368	24849	0	1	1	1	0	0	1	21	94	5	31	510	63	0	1	0	960
2368	24850	1	2	0	1	0	0	1	22	222	6	34	510	62	0	0	0	62,960
2368	24852	1	2	0	1	0	0	1	22	222	6	34	510	62	0	0	0	62,960
2368	24856	1	2	0	1	0	0	1	22	222	6	34	510	62	0	0	0	62,960
2368	24865	0	1	1	1	0	0	1	21	94	5	31	510	63	0	1	0	960
2368	24866	1	2	0	1	0	0	1	22	222	6	34	510	62	0	0	0	62,960
2368	24868	1	2	0	1	0	0	1	22	222	6	34	510	62	0	0	0	62,960
2368	24872	1	2	0	1	0	0	1	22	222	6	34	510	62	0	0	0	62,960
2368	24880	1	2	0	1	0	0	1	22	222	6	34	510	62	0	0	0	62,960
2368	24897	0	1	1	1	0	0	1	21	94	5	31	510	63	0	1	0	960
2368	24898	1	2	0	1	0	0	1	22	222	6	34	510	62	0	0	0	62,960
2368	24900	1	2	0	1	0	0	1	22	222	6	34	510	62	0	0	0	62,960
2368	24904	1	2	0	1	0	0	1	22	222	6	34	510	62	0	0	0	62,960
2368	24912	1	2	0	1	0	0	1	22	222	6	34	510	62	0	0	0	62,960
2368	24928	1	2	0	1	0	0	1	22	222	6	34	510	62	0	0	0	62,960
2368	24961	0	1	1	1	0	0	1	19	222	6	31	510	63	0	1	0	960
2368	24962	0	1	1	1	1	1	0	22	222	6	34	510	63	1	0	1	960
2368	24964	0	1	1	1	1	1	0	22	222	6	34	510	63	1	0	1	960
2368	24968	0	1	1	1	1	1	0	22	222	6	34	510	63	1	0	1	960
2368	24976	0	1	1	1	1	1	0	22	222	6	34	510	63	1	0	1	960
2368	24992	0	1	1	1	1	1	0	22	222	6	34	510	63	1	0	1	960
2368	25024	0	1	1	1	1	1	0	22	222	6	34	510	63	1	0	1	960
2368	25091	0	1	1	1	0	0	1	24	77	4	32	510	127	0	1	0	896
2368	25093	0	1	1	1	0	0	1	24	77	4	32	510	127	0	1	0	896
2368	25094	0	1	1	1	0	0	1	23	222	6	35	510	126	0	1	0	126
2368	25097	0	1	1	1	0	0	1	24	77	4	32	510	127	0	1	0	896
2368	25098	0	1	1	1	0	0	1	23	222	6	35	510	126	0	1	0	126
2368	25100	0	1	1	1	0	0	1	23	222	6	35	510	126	0	1	0	126
2368	25105	0	1	1	1	0	0	1	24	77	4	32	510	127	0	1	0	896
2368	25106	0	1	1	1	0	0	1	23	222	6	35	510	126	0	1	0	126
2368	25108	0	1	1	1	0	0	1	23	222	6	35	510	126	0	1	0	126
2368	25112	0	1	1	1	0	0	1	23	222	6	35	510	126	0	1	0	126
2368	25121	0	1	1	1	0	0	1	24	77	4	32	510	127	0	1	0	896
2368	25122	0	1	1	1	0	0	1	23	222	6	35	510	126	0	1	0	126
2368	25124	0	1	1	1	0	0	1	23	222	6	35	510	126	0	1	0	126
2368	25128	0	1	1	1	0	0	1	23	222	6	35	510	126	0	1	0	126
2368	25136	0	1	1	1	0	0	1	23	222	6	35	510	126	0	1	0	126
2368	25153	0	1	1	1	0	0	1	24	77	4	32	510	127	0	1	0	896
2368	25154	0	1	1	1	0	0	1	23	222	6	35	510	126	0	1	0	126
2368	25156	0	1	1	1	0	0	1	23	222	6	35	510	126	0	1	0	126
2368	25160	0	1	1	1	0	0	1	23	222	6	35	510	126	0	1	0	126
2368	25168	0	1	1	1	0	0	1	23	222	6	35	510	126	0	1	0	126
2368	25184	0	1	1	1	0	0	1	23	222	6	35	510	126	0	1	0	126
2368	25217	0	1	1	1	0	0	1	24	77	4	32	510	127	0	1	0	896
2368	25218	0	1	1	1	0	0	1	25	94	5	35	510	126	0	1	0	126
2368	25220	0	1	1	1	0	0	1	25	94	5	35	510	126	0	1	0	126
2368	25224	0	1	1	1	0	0	1	25	94	5	35	510	126	0	1	0	126
2368	25232	0	1	1	1	0	0	1	25	94	5	35	510	126	0	1	0	126
2368	25248	0	1	1	1	0	0	1	25	94	5	35	510	126	0	1	0	126
2368	25280	0	1	1	1	0	0	1	25	94	5	35	510	126	0	1	0	126
2368	25345	0	1	1	1	0	0	1	24	77	4	32	510	127	0	1	0	896
2368	25346	0	1	1	1	0	0	1	25	94	5	35	510	126	0	1	0	126
2368	25348	0	1	1	1	0	0	1	25	94	5	35	510	126	0	1	0	126
2368	25352	0	1	1	1	0	0	1	25	94	5	35	510	126	0	1	0	126
2368	25360	0	1	1	1	0	0	1	25	94	5	35	510	126	0	1	0	126
2368	25376	0	1	1	1	0	0	1	25	94	5	35	510	126	0	1	0	126
2368	25408	0	1	1	1	0	0	1	25	94	5	35	510	126	0	1	0	126
2368	25472	0	2	1	1	0	0	1	27	30	4	35	510	126	0	1	0	126,896
2368	25603	0	1	1	1	0	0	1	27	11	3	33	510	127	0	1	0	896
2368	25605	0	1	1	1	0	0	1	27	11	3	33	510	127	0	1	0	896
2368	25606	1	1	0	1	0	0	1	24	222	6	36	510	126	0	0	0	126
2368	25609	0	1	1	1	0	0	1	27	11	3	33	510	127	0	1	0	896
2368	25610	1	1	0	1	0	0	1	24	222	6	36	510	126	0	0	0	126
2368	25612	1	1	0	1	0	0	1	24	222	6	36	510	126	0	0	0	126
2368	25617	0	1	1	1	0	0	1	27	11	3	33	510	127	0	1	0	896
2368	25618	1	1	0	1	0	0	1	24	222	6	36	510	126	0	0	0	126
2368	25620	1	1	0	1	0	0	1	24	222	6	36	510	126	0	0	0	126
2368	25624	1	1	0	1	0	0	1	24	222	6	36	510	126	0	0	0	126
2368	25633	0	1	1	1	0	0	1	27	11	3	33	510	127	0	1	0	896
2368	25634	1	1	0	1	0	0	1	24	222	6	36	510	126	0	0	0	126
2368	25636	1	1	0	1	0	0	1	24	222	6	36	510	126	0	0	0	126
2368	25640	1	1	0	1	0	0	1	24	222	6	36	510	126	0	0	0	126
2368	25648	1	1	0	1	0	0	1	24	222	6	36	510	126	0	0	0	126
2368	25665	0	1	1	1	0	0	1	27	11	3	33	510	127	0	1	0	896
2368	25666	1	1	0	1	0	0	1	24	222	6	36	510	126	0	0	0	126
2368	25668	1	1	0	1	0	0	1	24	222	6	36	510	126	0	0	0	126
2368	25672	1	1	0	1	0	0	1	24	222	6	36	510	126	0	0	0	126
2368	25680	1	1	0	1	0	0	1	24	222	6	36	510	126	0	0	0	126
2368	25696	1	1	0	1	0	0	1	24	222	6	36	510	126	0	0	0	126
2368	25729	0	1	1	1	0	0	1	25	75	4	33	510	127	0	1	0	896
2368	25730	1	2	0	1	0	0	1	24	222	6	36	510	126	0	0	0	126,896
2368	25732	1	2	0	1	0	0	1	24	222	6	36	510	126	0	0	0	126,896
2368	25736	1	2	0	1	0	0	1	24	222	6	36	510	126	0	0	0	126,896
2368	25744	1	2	0	1	0	0	1	24	222	6	36	510	126	0	0	0	126,896
2368	25760	1	2	0	1	0	0	1	24	222	6	36	510	126	0	0	0	126,896
2368	25792	1	2	0	1	0	0	1	24	222	6	36	510	126	0	0	0	126,896
2368	25857	0	1	1	1	0	0	1	25	75	4	33	510	127	0	1	0	896
2368	25858	1	2	0	1	0	0	1	24	222	6	36	510	126	0	0	0	126,896
2368	25860	1	2	0	1	0	0	1	24	222	6	36	510	126	0	0	0	126,896
2368	25864	1	2	0	1	0	0	1	24	222	6	36	510	126	0	0	0	126,896
2368	25872	1	2	0	1	0	0	1	24	222	6	36	510	126	0	0	0	126,896
2368	25888	1	2	0	1	0	0	1	24	222	6	36	510	126	0	0	0	126,896
2368	25920	1	2	0	1	0	0	1	24	222	6	36	510	126	0	0	0	126,896
2368	25984	0	1	1	1	1	1	0	24	222	6	36	510	127	1	0	1	896
2368	26113	0	1	1	1	0	0	1	32	1	1	34	510	255	0	1	0	768
2368	26114	0	1	1	1	0	0	1	29	75	4	37	510	254	0	1	0	254
2368	26116	0	1	1	1	0	0	1	29	75	4	37	510	254	0	1	0	254
2368	26120	0	1	1	1	0	0	1	29	75	4	37	510	254	0	1	0	254
2368	26128	0	1	1	1	0	0	1	29	75	4	37	510	254	0	1	0	254
2368	26144	0	1	1	1	0	0	1	29	75	4	37	510	254	0	1	0	254
2368	26176	0	1	1	1	0	0	1	29	75	4	37	510	254	0	1	0	254
2368	26240	0	1	1	1	0	0	1	31	11	3	37	510	254	0	1	0	254
2368	26368	0	1	1	1	0	0	1	31	11	3	37	510	254	0	1	0	254
2368	26627	0	1	1	1	0	0	1	27	11	3	33	510	127	0	1	0	896
2368	26629	0	1	1	1	0	0	1	27	11	3	33	510	127	0	1	0	896
2368	26630	1	1	0	1	0	0	1	24	222	6	36	510	126	0	0	0	126
2368	26633	0	1	1	1	0	0	1	27	11	3	33	510	127	0	1	0	896
2368	26634	1	1	0	1	0	0	1	24	222	6	36	510	126	0	0	0	126
2368	26636	1	1	0	1	0	0	1	24	222	6	36	510	126	0	0	0	126
2368	26641	0	1	1	1	0	0	1	27	11	3	33	510	127	0	1	0	896
2368	26642	1	1	0	1	0	0	1	24	222	6	36	510	126	0	0	0	126
2368	26644	1	1	0	1	0	0	1	24	222	6	36	510	126	0	0	0	126
2368	26648	1	1	0	1	0	0	1	24	222	6	36	510	126	0	0	0	126
2368	26657	0	1	1	1	0	0	1	27	11	3	33	510	127	0	1	0	896
2368	26658	1	1	0	1	0	0	1	24	222	6	36	510	126	0	0	0	126
2368	26660	1	1	0	1	0	0	1	24	222	6	36	510	126	0	0	0	126
2368	26664	1	1	0	1	0	0	1	24	222	6	36	510	126	0	0	0	126
2368	26672	1	1	0	1	0	0	1	24	222	6	36	510	126	0	0	0	126
2368	26689	0	1	1	1	0	0	1	27	11	3	33	510	127	0	1	0	896
2368	26690	1	1	0	1	0	0	1	24	222	6	36	510	126	0	0	0	126
2368	26692	1	1	0	1	0	0	1	24	222	6	36	510	126	0	0	0	126
2368	26696	1	1	0	1	0	0	1	24	222	6	36	510	126	0	0	0	126
2368	26704	1	1	0	1	0	0	1	24	222	6	36	510	126	0	0	0	126
2368	26720	1	1	0	1	0	0	1	24	222	6	36	510	126	0	0	0	126
2368	26753	0	1	1	1	0	0	1	25	75	4	33	510	127	0	1	0	896
2368	26754	1	2	0	1	0	0	1	24	222	6	36	510	126	0	0	0	126,896
2368	26756	1	2	0	1	0	0	1	24	222	6	36	510	126	0	0	0	126,896
2368	26760	1	2	0	1	0	0	1	24	222	6	36	510	126	0	0	0	126,896
2368	26768	1	2	0	1	0	0	1	24	222	6	36	510	126	0	0	0	126,896
2368	26784	1	2	0	1	0	0	1	24	222	6	36	510	126	0	0	0	126,896
2368	26816	1	2	0	1	0	0	1	24	222	6	36	510	126	0	0	0	126,896
2368	26881	0	1	1	1	0	0	1	25	75	4	33	510	127	0	1	0	896
2368	26882	1	2	0	1	0	0	1	24	222	6	36	510	126	0	0	0	126,896
2368	26884	1	2	0	1	0	0	1	24	222	6	36	510	126	0	0	0	126,896
2368	26888	1	2	0	1	0	0	1	24	222	6	36	510	126	0	0	0	126,896
2368	26896	1	2	0	1	0	0	1	24	222	6	36	510	126	0	0	0	126,896
2368	26912	1	2	0	1	0	0	1	24	222	6	36	510	126	0	0	0	126,896
2368	26944	1	2	0	1	0	0	1	24	222	6	36	510	126	0	0	0	126,896
2368	27008	0	1	1	1	1	1	0	24	222	6	36	510	127	1	0	1	896
2368	27137	0	1	1	1	0	0	1	32	1	1	34	510	255	0	1	0	768
2368	27138	0	1	1	1	0	0	1	29	75	4	37	510	254	0	1	0	254
2368	27140	0	1	1	1	0	0	1	29	75	4	37	510	254	0	1	0	254
2368	27144	0	1	1	1	0	0	1	29	75	4	37	510	254	0	1	0	254
2368	27152	0	1	1	1	0	0	1	29	75	4	37	510	254	0	1	0	254
2368	27168	0	1	1	1	0	0	1	29	75	4	37	510	254	0	1	0	254
2368	27200	0	1	1	1	0	0	1	29	75	4	37	510	254	0	1	0	254
2368	27264	0	1	1	1	0	0	1	31	11	3	37	510	254	0	1	0	254
2368	27392	0	1	1	1	0	0	1	31	11	3	37	510	254	0	1	0	254
2368	27649	0	1	1	1	0	0	1	35	0	0	35	510	255	0	1	0	768
2368	27650	1	1	0	1	0	0	1	30	75	4	38	510	254	0	0	0	254
2368	27652	1	1	0	1	0	0	1	30	75	4	38	510	254	0	0	0	254
2368	27656	1	1	0	1	0	0	1	30	75	4	38	510	254	0	0	0	254
2368	27664	1	1	0	1	0	0	1	30	75	4	38	510	254	0	0	0	254
2368	27680	1	1	0	1	0	0	1	30	75	4	38	510	254	0	0	0	254
2368	27712	1	1	0	1	0	0	1	30	75	4	38	510	254	0	0	0	254
2368	27776	1	3	0	1	0	0	1	30	75	4	38	510	254	0	0	0	254,768,896
2368	27904	1	3	0	1	0	0	1	30	75	4	38	510	254	0	0	0	254,768,896
2368	28160	0	1	1	1	0	0	1	39	0	0	39	510	510	0	1	0	510
2368	28675	0	1	1	1	0	0	1	27	11	3	33	510	127	0	1	0	896
2368	28677	0	1	1	1	0	0	1	27	11	3	33	510	127	0	1	0	896
2368	28678	1	1	0	1	0	0	1	24	222	6	36	510	126	0	0	0	126
2368	28681	0	1	1	1	0	0	1	27	11	3	33	510	127	0	1	0	896
2368	28682	1	1	0	1	0	0	1	24	222	6	36	510	126	0	0	0	126
2368	28684	1	1	0	1	0	0	1	24	222	6	36	510	126	0	0	0	126
2368	28689	0	1	1	1	0	0	1	27	11	3	33	510	127	0	1	0	896
2368	28690	1	1	0	1	0	0	1	24	222	6	36	510	126	0	0	0	126
2368	28692	1	1	0	1	0	0	1	24	222	6	36	510	126	0	0	0	126
2368	28696	1	1	0	1	0	0	1	24	222	6	36	510	126	0	0	0	126
2368	28705	0	1	1	1	0	0	1	27	11	3	33	510	127	0	1	0	896
2368	28706	1	1	0	1	0	0	1	24	222	6	36	510	126	0	0	0	126
2368	28708	1	1	0	1	0	0	1	24	222	6	36	510	126	0	0	0	126
2368	28712	1	1	0	1	0	0	1	24	222	6	36	510	126	0	0	0	126
2368	28720	1	1	0	1	0	0	1	24	222	6	36	510	126	0	0	0	126
2368	28737	0	1	1	1	0	0	1	27	11	3	33	510	127	0	1	0	896
2368	28738	1	1	0	1	0	0	1	24	222	6	36	510	126	0	0	0	126
2368	28740	1	1	0	1	0	0	1	24	222	6	36	510	126	0	0	0	126
2368	28744	1	1	0	1	0	0	1	24	222	6	36	510	126	0	0	0	126
2368	28752	1	1	0	1	0	0	1	24	222	6	36	510	126	0	0	0	126
2368	28768	1	1	0	1	0	0	1	24	222	6	36	510	126	0	0	0	126
2368	28801	0	1	1	1	0	0	1	25	75	4	33	510	127	0	1	0	896
2368	28802	1	2	0	1	0	0	1	24	222	6	36	510	126	0	0	0	126,896
2368	28804	1	2	0	1	0	0	1	24	222	6	36	510	126	0	0	0	126,896
2368	28808	1	2	0	1	0	0	1	24	222	6	36	510	126	0	0	0	126,896
2368	28816	1	2	0	1	0	0	1	24	222	6	36	510	126	0	0	0	126,896
2368	28832	1	2	0	1	0	0	1	24	222	6	36	510	126	0	0	0	126,896
2368	28864	1	2	0	1	0	0	1	24	222	6	36	510	126	0	0	0	126,896
2368	28929	0	1	1	1	0	0	1	25	75	4	33	510	127	0	1	0	896
2368	28930	1	2	0	1	0	0	1	24	222	6	36	510	126	0	0	0	126,896
2368	28932	1	2	0	1	0	0	1	24	222	6	36	510	126	0	0	0	126,896
2368	28936	1	2	0	1	0	0	1	24	222	6	36	510	126	0	0	0	126,896
2368	28944	1	2	0	1	0	0	1	24	222	6	36	510	126	0	0	0	126,896
2368	28960	1	2	0	1	0	0	1	24	222	6	36	510	126	0	0	0	126,896
2368	28992	1	2	0	1	0	0	1	24	222	6	36	510	126	0	0	0	126,896
2368	29056	0	1	1	1	1	1	0	24	222	6	36	510	127	1	0	1	896
2368	29185	0	1	1	1	0	0	1	32	1	1	34	510	255	0	1	0	768
2368	29186	0	1	1	1	0	0	1	29	75	4	37	510	254	0	1	0	254
2368	29188	0	1	1	1	0	0	1	29	75	4	37	510	254	0	1	0	254
2368	29192	0	1	1	1	0	0	1	29	75	4	37	510	254	0	1	0	254
2368	29200	0	1	1	1	0	0	1	29	75	4	37	510	254	0	1	0	254
2368	29216	0	1	1	1	0	0	1	29	75	4	37	510	254	0	1	0	254
2368	29248	0	1	1	1	0	0	1	29	75	4	37	510	254	0	1	0	254
2368	29312	0	1	1	1	0	0	1	31	11	3	37	510	254	0	1	0	254
2368	29440	0	1	1	1	0	0	1	31	11	3	37	510	254	0	1	0	254
2368	29697	0	1	1	1	0	0	1	35	0	0	35	510	255	0	1	0	768
2368	29698	1	1	0	1	0	0	1	30	75	4	38	510	254	0	0	0	254
2368	29700	1	1	0	1	0	0	1	30	75	4	38	510	254	0	0	0	254
2368	29704	1	1	0	1	0	0	1	30	75	4	38	510	254	0	0	0	254
2368	29712	1	1	0	1	0	0	1	30	75	4	38	510	254	0	0	0	254
2368	29728	1	1	0	1	0	0	1	30	75	4	38	510	254	0	0	0	254
2368	29760	1	1	0	1	0	0	1	30	75	4	38	510	254	0	0	0	254
2368	29824	1	3	0	1	0	0	1	30	75	4	38	510	254	0	0	0	254,768,896
2368	29952	1	3	0	1	0	0	1	30	75	4	38	510	254	0	0	0	254,768,896
2368	30208	0	1	1	1	0	0	1	39	0	0	39	510	510	0	1	0	510
2368	30721	0	1	1	1	0	0	1	35	0	0	35	510	255	0	1	0	768
2368	30722	1	1	0	1	0	0	1	30	75	4	38	510	254	0	0	0	254
2368	30724	1	1	0	1	0	0	1	30	75	4	38	510	254	0	0	0	254
2368	30728	1	1	0	1	0	0	1	30	75	4	38	510	254	0	0	0	254
2368	30736	1	1	0	1	0	0	1	30	75	4	38	510	254	0	0	0	254
2368	30752	1	1	0	1	0	0	1	30	75	4	38	510	254	0	0	0	254
2368	30784	1	1	0	1	0	0	1	30	75	4	38	510	254	0	0	0	254
2368	30848	1	3	0	1	0	0	1	30	75	4	38	510	254	0	0	0	254,768,896
2368	30976	1	3	0	1	0	0	1	30	75	4	38	510	254	0	0	0	254,768,896
2368	31232	0	1	1	1	0	0	1	39	0	0	39	510	510	0	1	0	510
2368	31744	0	1	1	1	1	3	0	40	0	0	40	510	127	385	0	1	896
