id	Y_mask	dH	optH_count	q	good	delta_min	rho	compatible_optG	ell	Y_type	Y_edges	degree_sum	f_witness	h_witness_local	S_mask	R_witness	Delta_witness	optH_masks_local
254	31	0	1	0	1	0	0	1	23	0	0	23	32256	1008	0	0	0	1008
254	47	0	1	0	1	0	0	1	24	0	0	24	32256	1008	0	0	0	1008
254	55	0	1	0	1	0	0	1	24	0	0	24	32256	1008	0	0	0	1008
254	59	0	1	0	1	0	0	1	24	0	0	24	32256	1008	0	0	0	1008
254	61	0	1	0	1	0	0	1	24	0	0	24	32256	1008	0	0	0	1008
254	62	0	1	0	1	0	0	1	26	0	0	26	32256	1008	0	0	0	1008
254	79	0	1	0	1	0	0	1	24	0	0	24	32256	1008	0	0	0	1008
254	87	0	1	0	1	0	0	1	24	0	0	24	32256	1008	0	0	0	1008
254	91	0	1	0	1	0	0	1	24	0	0	24	32256	1008	0	0	0	1008
254	93	0	1	0	1	0	0	1	24	0	0	24	32256	1008	0	0	0	1008
254	94	0	1	0	1	0	0	1	26	0	0	26	32256	1008	0	0	0	1008
254	103	0	1	0	1	0	0	1	25	0	0	25	32256	1008	0	0	0	1008
254	107	0	1	0	1	0	0	1	25	0	0	25	32256	1008	0	0	0	1008
254	109	0	1	0	1	0	0	1	25	0	0	25	32256	1008	0	0	0	1008
254	110	0	1	0	1	0	0	1	27	0	0	27	32256	1008	0	0	0	1008
254	115	0	1	0	1	0	0	1	25	0	0	25	32256	1008	0	0	0	1008
254	117	0	1	0	1	0	0	1	25	0	0	25	32256	1008	0	0	0	1008
254	118	0	1	0	1	0	0	1	27	0	0	27	32256	1008	0	0	0	1008
254	121	0	1	0	1	0	0	1	25	0	0	25	32256	1008	0	0	0	1008
254	122	0	1	0	1	0	0	1	27	0	0	27	32256	1008	0	0	0	1008
254	124	0	1	0	1	0	0	1	27	0	0	27	32256	1008	0	0	0	1008
254	143	0	1	0	1	0	0	1	24	0	0	24	32256	1008	0	0	0	1008
254	151	0	1	0	1	0	0	1	24	0	0	24	32256	1008	0	0	0	1008
254	155	0	1	0	1	0	0	1	24	0	0	24	32256	1008	0	0	0	1008
254	157	0	1	0	1	0	0	1	24	0	0	24	32256	1008	0	0	0	1008
254	158	0	1	0	1	0	0	1	26	0	0	26	32256	1008	0	0	0	1008
254	167	0	1	0	1	0	0	1	25	0	0	25	32256	1008	0	0	0	1008
254	171	0	1	0	1	0	0	1	25	0	0	25	32256	1008	0	0	0	1008
254	173	0	1	0	1	0	0	1	25	0	0	25	32256	1008	0	0	0	1008
254	174	0	1	0	1	0	0	1	27	0	0	27	32256	1008	0	0	0	1008
254	179	0	1	0	1	0	0	1	25	0	0	25	32256	1008	0	0	0	1008
254	181	0	1	0	1	0	0	1	25	0	0	25	32256	1008	0	0	0	1008
254	182	0	1	0	1	0	0	1	27	0	0	27	32256	1008	0	0	0	1008
254	185	0	1	0	1	0	0	1	25	0	0	25	32256	1008	0	0	0	1008
254	186	0	1	0	1	0	0	1	27	0	0	27	32256	1008	0	0	0	1008
254	188	0	1	0	1	0	0	1	27	0	0	27	32256	1008	0	0	0	1008
254	199	0	1	0	1	0	0	1	25	0	0	25	32256	1008	0	0	0	1008
254	203	0	1	0	1	0	0	1	25	0	0	25	32256	1008	0	0	0	1008
254	205	0	1	0	1	0	0	1	25	0	0	25	32256	1008	0	0	0	1008
254	206	0	1	0	1	0	0	1	27	0	0	27	32256	1008	0	0	0	1008
254	211	0	1	0	1	0	0	1	25	0	0	25	32256	1008	0	0	0	1008
254	213	0	1	0	1	0	0	1	25	0	0	25	32256	1008	0	0	0	1008
254	214	0	1	0	1	0	0	1	27	0	0	27	32256	1008	0	0	0	1008
254	217	0	1	0	1	0	0	1	25	0	0	25	32256	1008	0	0	0	1008
254	218	0	1	0	1	0	0	1	27	0	0	27	32256	1008	0	0	0	1008
254	220	0	1	0	1	0	0	1	27	0	0	27	32256	1008	0	0	0	1008
254	227	0	1	0	1	0	0	1	26	0	0	26	32256	1008	0	0	0	1008
254	229	0	1	0	1	0	0	1	26	0	0	26	32256	1008	0	0	0	1008
254	230	0	1	0	1	0	0	1	28	0	0	28	32256	1008	0	0	0	1008
254	233	0	1	0	1	0	0	1	26	0	0	26	32256	1008	0	0	0	1008
254	234	0	1	0	1	0	0	1	28	0	0	28	32256	1008	0	0	0	1008
254	236	0	1	0	1	0	0	1	28	0	0	28	32256	1008	0	0	0	1008
254	241	0	1	0	1	0	0	1	26	0	0	26	32256	1008	0	0	0	1008
254	242	0	1	0	1	0	0	1	28	0	0	28	32256	1008	0	0	0	1008
254	244	0	1	0	1	0	0	1	28	0	0	28	32256	1008	0	0	0	1008
254	248	0	1	0	1	0	0	1	28	0	0	28	32256	1008	0	0	0	1008
254	271	0	1	0	1	0	0	1	24	0	0	24	32256	1008	0	0	0	1008
254	279	0	1	0	1	0	0	1	24	0	0	24	32256	1008	0	0	0	1008
254	283	0	1	0	1	0	0	1	24	0	0	24	32256	1008	0	0	0	1008
254	285	0	1	0	1	0	0	1	24	0	0	24	32256	1008	0	0	0	1008
254	286	0	1	0	1	0	0	1	26	0	0	26	32256	1008	0	0	0	1008
254	295	0	1	0	1	0	0	1	25	0	0	25	32256	1008	0	0	0	1008
254	299	0	1	0	1	0	0	1	25	0	0	25	32256	1008	0	0	0	1008
254	301	0	1	0	1	0	0	1	25	0	0	25	32256	1008	0	0	0	1008
254	302	0	1	0	1	0	0	1	27	0	0	27	32256	1008	0	0	0	1008
254	307	0	1	0	1	0	0	1	25	0	0	25	32256	1008	0	0	0	1008
254	309	0	1	0	1	0	0	1	25	0	0	25	32256	1008	0	0	0	1008
254	310	0	1	0	1	0	0	1	27	0	0	27	32256	1008	0	0	0	1008
254	313	0	1	0	1	0	0	1	25	0	0	25	32256	1008	0	0	0	1008
254	314	0	1	0	1	0	0	1	27	0	0	27	32256	1008	0	0	0	1008
254	316	0	1	0	1	0	0	1	27	0	0	27	32256	1008	0	0	0	1008
254	327	0	1	0	1	0	0	1	25	0	0	25	32256	1008	0	0	0	1008
254	331	0	1	0	1	0	0	1	25	0	0	25	32256	1008	0	0	0	1008
254	333	0	1	0	1	0	0	1	25	0	0	25	32256	1008	0	0	0	1008
254	334	0	1	0	1	0	0	1	27	0	0	27	32256	1008	0	0	0	1008
254	339	0	1	0	1	0	0	1	25	0	0	25	32256	1008	0	0	0	1008
254	341	0	1	0	1	0	0	1	25	0	0	25	32256	1008	0	0	0	1008
254	342	0	1	0	1	0	0	1	27	0	0	27	32256	1008	0	0	0	1008
254	345	0	1	0	1	0	0	1	25	0	0	25	32256	1008	0	0	0	1008
254	346	0	1	0	1	0	0	1	27	0	0	27	32256	1008	0	0	0	1008
254	348	0	1	0	1	0	0	1	27	0	0	27	32256	1008	0	0	0	1008
254	355	0	1	0	1	0	0	1	26	0	0	26	32256	1008	0	0	0	1008
254	357	0	1	0	1	0	0	1	26	0	0	26	32256	1008	0	0	0	1008
254	358	0	1	0	1	0	0	1	28	0	0	28	32256	1008	0	0	0	1008
254	361	0	1	0	1	0	0	1	26	0	0	26	32256	1008	0	0	0	1008
254	362	0	1	0	1	0	0	1	28	0	0	28	32256	1008	0	0	0	1008
254	364	0	1	0	1	0	0	1	28	0	0	28	32256	1008	0	0	0	1008
254	369	0	1	0	1	0	0	1	26	0	0	26	32256	1008	0	0	0	1008
254	370	0	1	0	1	0	0	1	28	0	0	28	32256	1008	0	0	0	1008
254	372	0	1	0	1	0	0	1	28	0	0	28	32256	1008	0	0	0	1008
254	376	0	1	0	1	0	0	1	28	0	0	28	32256	1008	0	0	0	1008
254	391	0	1	0	1	0	0	1	25	0	0	25	32256	1008	0	0	0	1008
254	395	0	1	0	1	0	0	1	25	0	0	25	32256	1008	0	0	0	1008
254	397	0	1	0	1	0	0	1	25	0	0	25	32256	1008	0	0	0	1008
254	398	0	1	0	1	0	0	1	27	0	0	27	32256	1008	0	0	0	1008
254	403	0	1	0	1	0	0	1	25	0	0	25	32256	1008	0	0	0	1008
254	405	0	1	0	1	0	0	1	25	0	0	25	32256	1008	0	0	0	1008
254	406	0	1	0	1	0	0	1	27	0	0	27	32256	1008	0	0	0	1008
254	409	0	1	0	1	0	0	1	25	0	0	25	32256	1008	0	0	0	1008
254	410	0	1	0	1	0	0	1	27	0	0	27	32256	1008	0	0	0	1008
254	412	0	1	0	1	0	0	1	27	0	0	27	32256	1008	0	0	0	1008
254	419	0	1	0	1	0	0	1	26	0	0	26	32256	1008	0	0	0	1008
254	421	0	1	0	1	0	0	1	26	0	0	26	32256	1008	0	0	0	1008
254	422	0	1	0	1	0	0	1	28	0	0	28	32256	1008	0	0	0	1008
254	425	0	1	0	1	0	0	1	26	0	0	26	32256	1008	0	0	0	1008
254	426	0	1	0	1	0	0	1	28	0	0	28	32256	1008	0	0	0	1008
254	428	0	1	0	1	0	0	1	28	0	0	28	32256	1008	0	0	0	1008
254	433	0	1	0	1	0	0	1	26	0	0	26	32256	1008	0	0	0	1008
254	434	0	1	0	1	0	0	1	28	0	0	28	32256	1008	0	0	0	1008
254	436	0	1	0	1	0	0	1	28	0	0	28	32256	1008	0	0	0	1008
254	440	0	1	0	1	0	0	1	28	0	0	28	32256	1008	0	0	0	1008
254	451	0	1	0	1	0	0	1	26	0	0	26	32256	1008	0	0	0	1008
254	453	0	1	0	1	0	0	1	26	0	0	26	32256	1008	0	0	0	1008
254	454	0	1	0	1	0	0	1	28	0	0	28	32256	1008	0	0	0	1008
254	457	0	1	0	1	0	0	1	26	0	0	26	32256	1008	0	0	0	1008
254	458	0	1	0	1	0	0	1	28	0	0	28	32256	1008	0	0	0	1008
254	460	0	1	0	1	0	0	1	28	0	0	28	32256	1008	0	0	0	1008
254	465	0	1	0	1	0	0	1	26	0	0	26	32256	1008	0	0	0	1008
254	466	0	1	0	1	0	0	1	28	0	0	28	32256	1008	0	0	0	1008
254	468	0	1	0	1	0	0	1	28	0	0	28	32256	1008	0	0	0	1008
254	472	0	1	0	1	0	0	1	28	0	0	28	32256	1008	0	0	0	1008
254	481	0	1	0	1	0	0	1	27	0	0	27	32256	1008	0	0	0	1008
254	482	0	1	0	1	0	0	1	29	0	0	29	32256	1008	0	0	0	1008
254	484	0	1	0	1	0	0	1	29	0	0	29	32256	1008	0	0	0	1008
254	488	0	1	0	1	0	0	1	29	0	0	29	32256	1008	0	0	0	1008
254	496	0	1	0	1	0	0	1	29	0	0	29	32256	1008	0	0	0	1008
254	527	0	1	0	1	0	0	1	22	1	1	24	32256	992	0	0	0	992
254	535	0	1	0	1	0	0	1	22	1	1	24	32256	992	0	0	0	992
254	539	0	1	0	1	0	0	1	20	3	2	24	32256	992	0	0	0	992
254	541	0	1	0	1	0	0	1	20	3	2	24	32256	992	0	0	0	992
254	542	0	1	0	1	0	0	1	22	3	2	26	32256	992	0	0	0	992
254	551	0	1	0	1	0	0	1	23	1	1	25	32256	992	0	0	0	992
254	555	0	1	0	1	0	0	1	21	3	2	25	32256	992	0	0	0	992
254	557	0	1	0	1	0	0	1	21	3	2	25	32256	992	0	0	0	992
254	558	0	1	0	1	0	0	1	23	3	2	27	32256	992	0	0	0	992
254	563	0	1	0	1	0	0	1	21	3	2	25	32256	992	0	0	0	992
254	565	0	1	0	1	0	0	1	21	3	2	25	32256	992	0	0	0	992
254	566	0	1	0	1	0	0	1	23	3	2	27	32256	992	0	0	0	992
254	569	0	1	0	1	0	0	1	19	11	3	25	32256	992	0	0	0	992
254	570	0	1	0	1	0	0	1	21	11	3	27	32256	992	0	0	0	992
254	572	0	1	0	1	0	0	1	21	11	3	27	32256	992	0	0	0	992
254	583	0	1	0	1	0	0	1	23	1	1	25	32256	992	0	0	0	992
254	587	0	1	0	1	0	0	1	21	3	2	25	32256	992	0	0	0	992
254	589	0	1	0	1	0	0	1	21	3	2	25	32256	992	0	0	0	992
254	590	0	1	0	1	0	0	1	23	3	2	27	32256	992	0	0	0	992
254	595	0	1	0	1	0	0	1	21	3	2	25	32256	992	0	0	0	992
254	597	0	1	0	1	0	0	1	21	3	2	25	32256	992	0	0	0	992
254	598	0	1	0	1	0	0	1	23	3	2	27	32256	992	0	0	0	992
254	601	0	1	0	1	0	0	1	19	11	3	25	32256	992	0	0	0	992
254	602	0	1	0	1	0	0	1	21	11	3	27	32256	992	0	0	0	992
254	604	0	1	0	1	0	0	1	21	11	3	27	32256	992	0	0	0	992
254	611	0	1	0	1	0	0	1	22	3	2	26	32256	992	0	0	0	992
254	613	0	1	0	1	0	0	1	22	3	2	26	32256	992	0	0	0	992
254	614	0	1	0	1	0	0	1	24	3	2	28	32256	992	0	0	0	992
254	617	0	1	0	1	0	0	1	20	11	3	26	32256	992	0	0	0	992
254	618	0	1	0	1	0	0	1	22	11	3	28	32256	992	0	0	0	992
254	620	0	1	0	1	0	0	1	22	11	3	28	32256	992	0	0	0	992
254	625	0	1	0	1	0	0	1	20	11	3	26	32256	992	0	0	0	992
254	626	0	1	0	1	0	0	1	22	11	3	28	32256	992	0	0	0	992
254	628	0	1	0	1	0	0	1	22	11	3	28	32256	992	0	0	0	992
254	632	0	1	0	1	0	0	1	20	75	4	28	32256	992	0	0	0	992
254	647	0	1	0	1	0	0	1	23	1	1	25	32256	992	0	0	0	992
254	651	0	1	0	1	0	0	1	21	3	2	25	32256	992	0	0	0	992
254	653	0	1	0	1	0	0	1	21	3	2	25	32256	992	0	0	0	992
254	654	0	1	0	1	0	0	1	23	3	2	27	32256	992	0	0	0	992
254	659	0	1	0	1	0	0	1	21	3	2	25	32256	992	0	0	0	992
254	661	0	1	0	1	0	0	1	21	3	2	25	32256	992	0	0	0	992
254	662	0	1	0	1	0	0	1	23	3	2	27	32256	992	0	0	0	992
254	665	0	1	0	1	0	0	1	19	11	3	25	32256	992	0	0	0	992
254	666	0	1	0	1	0	0	1	21	11	3	27	32256	992	0	0	0	992
254	668	0	1	0	1	0	0	1	21	11	3	27	32256	992	0	0	0	992
254	675	0	1	0	1	0	0	1	22	3	2	26	32256	992	0	0	0	992
254	677	0	1	0	1	0	0	1	22	3	2	26	32256	992	0	0	0	992
254	678	0	1	0	1	0	0	1	24	3	2	28	32256	992	0	0	0	992
254	681	0	1	0	1	0	0	1	20	11	3	26	32256	992	0	0	0	992
254	682	0	1	0	1	0	0	1	22	11	3	28	32256	992	0	0	0	992
254	684	0	1	0	1	0	0	1	22	11	3	28	32256	992	0	0	0	992
254	689	0	1	0	1	0	0	1	20	11	3	26	32256	992	0	0	0	992
254	690	0	1	0	1	0	0	1	22	11	3	28	32256	992	0	0	0	992
254	692	0	1	0	1	0	0	1	22	11	3	28	32256	992	0	0	0	992
254	696	0	1	0	1	0	0	1	20	75	4	28	32256	992	0	0	0	992
254	707	0	1	0	1	0	0	1	22	3	2	26	32256	992	0	0	0	992
254	709	0	1	0	1	0	0	1	22	3	2	26	32256	992	0	0	0	992
254	710	0	1	0	1	0	0	1	24	3	2	28	32256	992	0	0	0	992
254	713	0	1	0	1	0	0	1	20	11	3	26	32256	992	0	0	0	992
254	714	0	1	0	1	0	0	1	22	11	3	28	32256	992	0	0	0	992
254	716	0	1	0	1	0	0	1	22	11	3	28	32256	992	0	0	0	992
254	721	0	1	0	1	0	0	1	20	11	3	26	32256	992	0	0	0	992
254	722	0	1	0	1	0	0	1	22	11	3	28	32256	992	0	0	0	992
254	724	0	1	0	1	0	0	1	22	11	3	28	32256	992	0	0	0	992
254	728	0	1	0	1	0	0	1	20	75	4	28	32256	992	0	0	0	992
254	737	0	1	0	1	0	0	1	21	11	3	27	32256	992	0	0	0	992
254	738	0	1	0	1	0	0	1	23	11	3	29	32256	992	0	0	0	992
254	740	0	1	0	1	0	0	1	23	11	3	29	32256	992	0	0	0	992
254	744	0	1	0	1	0	0	1	21	75	4	29	32256	992	0	0	0	992
254	752	0	1	0	1	0	0	1	21	75	4	29	32256	992	0	0	0	992
254	775	0	1	0	1	0	0	1	23	1	1	25	32256	992	0	0	0	992
254	779	0	1	0	1	0	0	1	21	3	2	25	32256	992	0	0	0	992
254	781	0	1	0	1	0	0	1	21	3	2	25	32256	992	0	0	0	992
254	782	0	1	0	1	0	0	1	23	3	2	27	32256	992	0	0	0	992
254	787	0	1	0	1	0	0	1	21	3	2	25	32256	992	0	0	0	992
254	789	0	1	0	1	0	0	1	21	3	2	25	32256	992	0	0	0	992
254	790	0	1	0	1	0	0	1	23	3	2	27	32256	992	0	0	0	992
254	793	0	1	0	1	0	0	1	19	11	3	25	32256	992	0	0	0	992
254	794	0	1	0	1	0	0	1	21	11	3	27	32256	992	0	0	0	992
254	796	0	1	0	1	0	0	1	21	11	3	27	32256	992	0	0	0	992
254	803	0	1	0	1	0	0	1	22	3	2	26	32256	992	0	0	0	992
254	805	0	1	0	1	0	0	1	22	3	2	26	32256	992	0	0	0	992
254	806	0	1	0	1	0	0	1	24	3	2	28	32256	992	0	0	0	992
254	809	0	1	0	1	0	0	1	20	11	3	26	32256	992	0	0	0	992
254	810	0	1	0	1	0	0	1	22	11	3	28	32256	992	0	0	0	992
254	812	0	1	0	1	0	0	1	22	11	3	28	32256	992	0	0	0	992
254	817	0	1	0	1	0	0	1	20	11	3	26	32256	992	0	0	0	992
254	818	0	1	0	1	0	0	1	22	11	3	28	32256	992	0	0	0	992
254	820	0	1	0	1	0	0	1	22	11	3	28	32256	992	0	0	0	992
254	824	0	1	0	1	0	0	1	20	75	4	28	32256	992	0	0	0	992
254	835	0	1	0	1	0	0	1	22	3	2	26	32256	992	0	0	0	992
254	837	0	1	0	1	0	0	1	22	3	2	26	32256	992	0	0	0	992
254	838	0	1	0	1	0	0	1	24	3	2	28	32256	992	0	0	0	992
254	841	0	1	0	1	0	0	1	20	11	3	26	32256	992	0	0	0	992
254	842	0	1	0	1	0	0	1	22	11	3	28	32256	992	0	0	0	992
254	844	0	1	0	1	0	0	1	22	11	3	28	32256	992	0	0	0	992
254	849	0	1	0	1	0	0	1	20	11	3	26	32256	992	0	0	0	992
254	850	0	1	0	1	0	0	1	22	11	3	28	32256	992	0	0	0	992
254	852	0	1	0	1	0	0	1	22	11	3	28	32256	992	0	0	0	992
254	856	0	1	0	1	0	0	1	20	75	4	28	32256	992	0	0	0	992
254	865	0	1	0	1	0	0	1	21	11	3	27	32256	992	0	0	0	992
254	866	0	1	0	1	0	0	1	23	11	3	29	32256	992	0	0	0	992
254	868	0	1	0	1	0	0	1	23	11	3	29	32256	992	0	0	0	992
254	872	0	1	0	1	0	0	1	21	75	4	29	32256	992	0	0	0	992
254	880	0	1	0	1	0	0	1	21	75	4	29	32256	992	0	0	0	992
254	899	0	1	0	1	0	0	1	22	3	2	26	32256	992	0	0	0	992
254	901	0	1	0	1	0	0	1	22	3	2	26	32256	992	0	0	0	992
254	902	0	1	0	1	0	0	1	24	3	2	28	32256	992	0	0	0	992
254	905	0	1	0	1	0	0	1	20	11	3	26	32256	992	0	0	0	992
254	906	0	1	0	1	0	0	1	22	11	3	28	32256	992	0	0	0	992
254	908	0	1	0	1	0	0	1	22	11	3	28	32256	992	0	0	0	992
254	913	0	1	0	1	0	0	1	20	11	3	26	32256	992	0	0	0	992
254	914	0	1	0	1	0	0	1	22	11	3	28	32256	992	0	0	0	992
254	916	0	1	0	1	0	0	1	22	11	3	28	32256	992	0	0	0	992
254	920	0	1	0	1	0	0	1	20	75	4	28	32256	992	0	0	0	992
254	929	0	1	0	1	0	0	1	21	11	3	27	32256	992	0	0	0	992
254	930	0	1	0	1	0	0	1	23	11	3	29	32256	992	0	0	0	992
254	932	0	1	0	1	0	0	1	23	11	3	29	32256	992	0	0	0	992
254	936	0	1	0	1	0	0	1	21	75	4	29	32256	992	0	0	0	992
254	944	0	1	0	1	0	0	1	21	75	4	29	32256	992	0	0	0	992
254	961	0	1	0	1	0	0	1	21	11	3	27	32256	992	0	0	0	992
254	962	0	1	0	1	0	0	1	23	11	3	29	32256	992	0	0	0	992
254	964	0	1	0	1	0	0	1	23	11	3	29	32256	992	0	0	0	992
254	968	0	1	0	1	0	0	1	21	75	4	29	32256	992	0	0	0	992
254	976	0	1	0	1	0	0	1	21	75	4	29	32256	992	0	0	0	992
254	992	0	1	0	1	0	0	1	22	75	4	30	32256	992	0	0	0	992
254	1039	0	1	0	1	0	0	1	19	11	3	25	32256	992	0	0	0	992
254	1047	0	1	0	1	0	0	1	19	11	3	25	32256	992	0	0	0	992
254	1051	0	1	0	1	0	0	1	21	3	2	25	32256	992	0	0	0	992
254	1053	0	1	0	1	0	0	1	21	3	2	25	32256	992	0	0	0	992
254	1054	0	1	0	1	0	0	1	23	3	2	27	32256	992	0	0	0	992
254	1063	0	1	0	1	0	0	1	18	75	4	26	32256	992	0	0	0	992
254	1067	0	1	0	1	0	0	1	20	11	3	26	32256	992	0	0	0	992
254	1069	0	1	0	1	0	0	1	20	11	3	26	32256	992	0	0	0	992
254	1070	0	1	0	1	0	0	1	22	11	3	28	32256	992	0	0	0	992
254	1075	0	1	0	1	0	0	1	20	11	3	26	32256	992	0	0	0	992
254	1077	0	1	0	1	0	0	1	20	11	3	26	32256	992	0	0	0	992
254	1078	0	1	0	1	0	0	1	22	11	3	28	32256	992	0	0	0	992
254	1081	0	1	0	1	0	0	1	22	3	2	26	32256	992	0	0	0	992
254	1082	0	1	0	1	0	0	1	24	3	2	28	32256	992	0	0	0	992
254	1084	0	1	0	1	0	0	1	24	3	2	28	32256	992	0	0	0	992
254	1095	0	1	0	1	0	0	1	18	75	4	26	32256	992	0	0	0	992
254	1099	0	1	0	1	0	0	1	20	11	3	26	32256	992	0	0	0	992
254	1101	0	1	0	1	0	0	1	20	11	3	26	32256	992	0	0	0	992
254	1102	0	1	0	1	0	0	1	22	11	3	28	32256	992	0	0	0	992
254	1107	0	1	0	1	0	0	1	20	11	3	26	32256	992	0	0	0	992
254	1109	0	1	0	1	0	0	1	20	11	3	26	32256	992	0	0	0	992
254	1110	0	1	0	1	0	0	1	22	11	3	28	32256	992	0	0	0	992
254	1113	0	1	0	1	0	0	1	22	3	2	26	32256	992	0	0	0	992
254	1114	0	1	0	1	0	0	1	24	3	2	28	32256	992	0	0	0	992
254	1116	0	1	0	1	0	0	1	24	3	2	28	32256	992	0	0	0	992
254	1123	0	1	0	1	0	0	1	19	75	4	27	32256	992	0	0	0	992
254	1125	0	1	0	1	0	0	1	19	75	4	27	32256	992	0	0	0	992
254	1126	0	1	0	1	0	0	1	21	75	4	29	32256	992	0	0	0	992
254	1129	0	1	0	1	0	0	1	21	11	3	27	32256	992	0	0	0	992
254	1130	0	1	0	1	0	0	1	23	11	3	29	32256	992	0	0	0	992
254	1132	0	1	0	1	0	0	1	23	11	3	29	32256	992	0	0	0	992
254	1137	0	1	0	1	0	0	1	21	11	3	27	32256	992	0	0	0	992
254	1138	0	1	0	1	0	0	1	23	11	3	29	32256	992	0	0	0	992
254	1140	0	1	0	1	0	0	1	23	11	3	29	32256	992	0	0	0	992
254	1144	0	1	0	1	0	0	1	25	3	2	29	32256	992	0	0	0	992
254	1159	0	1	0	1	0	0	1	18	75	4	26	32256	992	0	0	0	992
254	1163	0	1	0	1	0	0	1	20	11	3	26	32256	992	0	0	0	992
254	1165	0	1	0	1	0	0	1	20	11	3	26	32256	992	0	0	0	992
254	1166	0	1	0	1	0	0	1	22	11	3	28	32256	992	0	0	0	992
254	1171	0	1	0	1	0	0	1	20	11	3	26	32256	992	0	0	0	992
254	1173	0	1	0	1	0	0	1	20	11	3	26	32256	992	0	0	0	992
254	1174	0	1	0	1	0	0	1	22	11	3	28	32256	992	0	0	0	992
254	1177	0	1	0	1	0	0	1	22	3	2	26	32256	992	0	0	0	992
254	1178	0	1	0	1	0	0	1	24	3	2	28	32256	992	0	0	0	992
254	1180	0	1	0	1	0	0	1	24	3	2	28	32256	992	0	0	0	992
254	1187	0	1	0	1	0	0	1	19	75	4	27	32256	992	0	0	0	992
254	1189	0	1	0	1	0	0	1	19	75	4	27	32256	992	0	0	0	992
254	1190	0	1	0	1	0	0	1	21	75	4	29	32256	992	0	0	0	992
254	1193	0	1	0	1	0	0	1	21	11	3	27	32256	992	0	0	0	992
254	1194	0	1	0	1	0	0	1	23	11	3	29	32256	992	0	0	0	992
254	1196	0	1	0	1	0	0	1	23	11	3	29	32256	992	0	0	0	992
254	1201	0	1	0	1	0	0	1	21	11	3	27	32256	992	0	0	0	992
254	1202	0	1	0	1	0	0	1	23	11	3	29	32256	992	0	0	0	992
254	1204	0	1	0	1	0	0	1	23	11	3	29	32256	992	0	0	0	992
254	1208	0	1	0	1	0	0	1	25	3	2	29	32256	992	0	0	0	992
254	1219	0	1	0	1	0	0	1	19	75	4	27	32256	992	0	0	0	992
254	1221	0	1	0	1	0	0	1	19	75	4	27	32256	992	0	0	0	992
254	1222	0	1	0	1	0	0	1	21	75	4	29	32256	992	0	0	0	992
254	1225	0	1	0	1	0	0	1	21	11	3	27	32256	992	0	0	0	992
254	1226	0	1	0	1	0	0	1	23	11	3	29	32256	992	0	0	0	992
254	1228	0	1	0	1	0	0	1	23	11	3	29	32256	992	0	0	0	992
254	1233	0	1	0	1	0	0	1	21	11	3	27	32256	992	0	0	0	992
254	1234	0	1	0	1	0	0	1	23	11	3	29	32256	992	0	0	0	992
254	1236	0	1	0	1	0	0	1	23	11	3	29	32256	992	0	0	0	992
254	1240	0	1	0	1	0	0	1	25	3	2	29	32256	992	0	0	0	992
254	1249	0	1	0	1	0	0	1	20	75	4	28	32256	992	0	0	0	992
254	1250	0	1	0	1	0	0	1	22	75	4	30	32256	992	0	0	0	992
254	1252	0	1	0	1	0	0	1	22	75	4	30	32256	992	0	0	0	992
254	1256	0	1	0	1	0	0	1	24	11	3	30	32256	992	0	0	0	992
254	1264	0	1	0	1	0	0	1	24	11	3	30	32256	992	0	0	0	992
254	1287	0	1	0	1	0	0	1	18	75	4	26	32256	992	0	0	0	992
254	1291	0	1	0	1	0	0	1	20	11	3	26	32256	992	0	0	0	992
254	1293	0	1	0	1	0	0	1	20	11	3	26	32256	992	0	0	0	992
254	1294	0	1	0	1	0	0	1	22	11	3	28	32256	992	0	0	0	992
254	1299	0	1	0	1	0	0	1	20	11	3	26	32256	992	0	0	0	992
254	1301	0	1	0	1	0	0	1	20	11	3	26	32256	992	0	0	0	992
254	1302	0	1	0	1	0	0	1	22	11	3	28	32256	992	0	0	0	992
254	1305	0	1	0	1	0	0	1	22	3	2	26	32256	992	0	0	0	992
254	1306	0	1	0	1	0	0	1	24	3	2	28	32256	992	0	0	0	992
254	1308	0	1	0	1	0	0	1	24	3	2	28	32256	992	0	0	0	992
254	1315	0	1	0	1	0	0	1	19	75	4	27	32256	992	0	0	0	992
254	1317	0	1	0	1	0	0	1	19	75	4	27	32256	992	0	0	0	992
254	1318	0	1	0	1	0	0	1	21	75	4	29	32256	992	0	0	0	992
254	1321	0	1	0	1	0	0	1	21	11	3	27	32256	992	0	0	0	992
254	1322	0	1	0	1	0	0	1	23	11	3	29	32256	992	0	0	0	992
254	1324	0	1	0	1	0	0	1	23	11	3	29	32256	992	0	0	0	992
254	1329	0	1	0	1	0	0	1	21	11	3	27	32256	992	0	0	0	992
254	1330	0	1	0	1	0	0	1	23	11	3	29	32256	992	0	0	0	992
254	1332	0	1	0	1	0	0	1	23	11	3	29	32256	992	0	0	0	992
254	1336	0	1	0	1	0	0	1	25	3	2	29	32256	992	0	0	0	992
254	1347	0	1	0	1	0	0	1	19	75	4	27	32256	992	0	0	0	992
254	1349	0	1	0	1	0	0	1	19	75	4	27	32256	992	0	0	0	992
254	1350	0	1	0	1	0	0	1	21	75	4	29	32256	992	0	0	0	992
254	1353	0	1	0	1	0	0	1	21	11	3	27	32256	992	0	0	0	992
254	1354	0	1	0	1	0	0	1	23	11	3	29	32256	992	0	0	0	992
254	1356	0	1	0	1	0	0	1	23	11	3	29	32256	992	0	0	0	992
254	1361	0	1	0	1	0	0	1	21	11	3	27	32256	992	0	0	0	992
254	1362	0	1	0	1	0	0	1	23	11	3	29	32256	992	0	0	0	992
254	1364	0	1	0	1	0	0	1	23	11	3	29	32256	992	0	0	0	992
254	1368	0	1	0	1	0	0	1	25	3	2	29	32256	992	0	0	0	992
254	1377	0	1	0	1	0	0	1	20	75	4	28	32256	992	0	0	0	992
254	1378	0	1	0	1	0	0	1	22	75	4	30	32256	992	0	0	0	992
254	1380	0	1	0	1	0	0	1	22	75	4	30	32256	992	0	0	0	992
254	1384	0	1	0	1	0	0	1	24	11	3	30	32256	992	0	0	0	992
254	1392	0	1	0	1	0	0	1	24	11	3	30	32256	992	0	0	0	992
254	1411	0	1	0	1	0	0	1	19	75	4	27	32256	992	0	0	0	992
254	1413	0	1	0	1	0	0	1	19	75	4	27	32256	992	0	0	0	992
254	1414	0	1	0	1	0	0	1	21	75	4	29	32256	992	0	0	0	992
254	1417	0	1	0	1	0	0	1	21	11	3	27	32256	992	0	0	0	992
254	1418	0	1	0	1	0	0	1	23	11	3	29	32256	992	0	0	0	992
254	1420	0	1	0	1	0	0	1	23	11	3	29	32256	992	0	0	0	992
254	1425	0	1	0	1	0	0	1	21	11	3	27	32256	992	0	0	0	992
254	1426	0	1	0	1	0	0	1	23	11	3	29	32256	992	0	0	0	992
254	1428	0	1	0	1	0	0	1	23	11	3	29	32256	992	0	0	0	992
254	1432	0	1	0	1	0	0	1	25	3	2	29	32256	992	0	0	0	992
254	1441	0	1	0	1	0	0	1	20	75	4	28	32256	992	0	0	0	992
254	1442	0	1	0	1	0	0	1	22	75	4	30	32256	992	0	0	0	992
254	1444	0	1	0	1	0	0	1	22	75	4	30	32256	992	0	0	0	992
254	1448	0	1	0	1	0	0	1	24	11	3	30	32256	992	0	0	0	992
254	1456	0	1	0	1	0	0	1	24	11	3	30	32256	992	0	0	0	992
254	1473	0	1	0	1	0	0	1	20	75	4	28	32256	992	0	0	0	992
254	1474	0	1	0	1	0	0	1	22	75	4	30	32256	992	0	0	0	992
254	1476	0	1	0	1	0	0	1	22	75	4	30	32256	992	0	0	0	992
254	1480	0	1	0	1	0	0	1	24	11	3	30	32256	992	0	0	0	992
254	1488	0	1	0	1	0	0	1	24	11	3	30	32256	992	0	0	0	992
254	1504	0	1	0	1	0	0	1	23	75	4	31	32256	992	0	0	0	992
254	1543	0	1	0	1	0	0	1	20	11	3	26	32256	960	0	0	0	960
254	1547	0	1	0	1	0	0	1	20	76	3	26	32256	960	0	0	0	960
254	1549	0	1	0	1	0	0	1	20	76	3	26	32256	960	0	0	0	960
254	1550	0	1	0	1	0	0	1	22	76	3	28	32256	960	0	0	0	960
254	1555	0	1	0	1	0	0	1	20	76	3	26	32256	960	0	0	0	960
254	1557	0	1	0	1	0	0	1	20	76	3	26	32256	960	0	0	0	960
254	1558	0	1	0	1	0	0	1	22	76	3	28	32256	960	0	0	0	960
254	1561	0	1	0	1	0	0	1	20	76	3	26	32256	960	0	0	0	960
254	1562	0	1	0	1	0	0	1	22	76	3	28	32256	960	0	0	0	960
254	1564	0	1	0	1	0	0	1	22	76	3	28	32256	960	0	0	0	960
254	1571	0	1	0	1	0	0	1	19	77	4	27	32256	960	0	0	0	960
254	1573	0	1	0	1	0	0	1	19	77	4	27	32256	960	0	0	0	960
254	1574	0	1	0	1	0	0	1	21	77	4	29	32256	960	0	0	0	960
254	1577	0	1	0	1	0	0	1	19	86	4	27	32256	960	0	0	0	960
254	1578	0	1	0	1	0	0	1	21	86	4	29	32256	960	0	0	0	960
254	1580	0	1	0	1	0	0	1	21	86	4	29	32256	960	0	0	0	960
254	1585	0	1	0	1	0	0	1	19	86	4	27	32256	960	0	0	0	960
254	1586	0	1	0	1	0	0	1	21	86	4	29	32256	960	0	0	0	960
254	1588	0	1	0	1	0	0	1	21	86	4	29	32256	960	0	0	0	960
254	1592	0	1	0	1	0	0	1	21	77	4	29	32256	960	0	0	0	960
254	1603	0	1	0	1	0	0	1	19	77	4	27	32256	960	0	0	0	960
254	1605	0	1	0	1	0	0	1	19	77	4	27	32256	960	0	0	0	960
254	1606	0	1	0	1	0	0	1	21	77	4	29	32256	960	0	0	0	960
254	1609	0	1	0	1	0	0	1	19	86	4	27	32256	960	0	0	0	960
254	1610	0	1	0	1	0	0	1	21	86	4	29	32256	960	0	0	0	960
254	1612	0	1	0	1	0	0	1	21	86	4	29	32256	960	0	0	0	960
254	1617	0	1	0	1	0	0	1	19	86	4	27	32256	960	0	0	0	960
254	1618	0	1	0	1	0	0	1	21	86	4	29	32256	960	0	0	0	960
254	1620	0	1	0	1	0	0	1	21	86	4	29	32256	960	0	0	0	960
254	1624	0	1	0	1	0	0	1	21	77	4	29	32256	960	0	0	0	960
254	1633	0	1	0	1	0	0	1	18	94	5	28	32256	960	0	0	0	960
254	1634	0	1	0	1	0	0	1	20	94	5	30	32256	960	0	0	0	960
254	1636	0	1	0	1	0	0	1	20	94	5	30	32256	960	0	0	0	960
254	1640	0	1	0	1	0	0	1	20	94	5	30	32256	960	0	0	0	960
254	1648	0	1	0	1	0	0	1	20	94	5	30	32256	960	0	0	0	960
254	1667	0	1	0	1	0	0	1	19	77	4	27	32256	960	0	0	0	960
254	1669	0	1	0	1	0	0	1	19	77	4	27	32256	960	0	0	0	960
254	1670	0	1	0	1	0	0	1	21	77	4	29	32256	960	0	0	0	960
254	1673	0	1	0	1	0	0	1	19	86	4	27	32256	960	0	0	0	960
254	1674	0	1	0	1	0	0	1	21	86	4	29	32256	960	0	0	0	960
254	1676	0	1	0	1	0	0	1	21	86	4	29	32256	960	0	0	0	960
254	1681	0	1	0	1	0	0	1	19	86	4	27	32256	960	0	0	0	960
254	1682	0	1	0	1	0	0	1	21	86	4	29	32256	960	0	0	0	960
254	1684	0	1	0	1	0	0	1	21	86	4	29	32256	960	0	0	0	960
254	1688	0	1	0	1	0	0	1	21	77	4	29	32256	960	0	0	0	960
254	1697	0	1	0	1	0	0	1	18	94	5	28	32256	960	0	0	0	960
254	1698	0	1	0	1	0	0	1	20	94	5	30	32256	960	0	0	0	960
254	1700	0	1	0	1	0	0	1	20	94	5	30	32256	960	0	0	0	960
254	1704	0	1	0	1	0	0	1	20	94	5	30	32256	960	0	0	0	960
254	1712	0	1	0	1	0	0	1	20	94	5	30	32256	960	0	0	0	960
254	1729	0	1	0	1	0	0	1	18	94	5	28	32256	960	0	0	0	960
254	1730	0	1	0	1	0	0	1	20	94	5	30	32256	960	0	0	0	960
254	1732	0	1	0	1	0	0	1	20	94	5	30	32256	960	0	0	0	960
254	1736	0	1	0	1	0	0	1	20	94	5	30	32256	960	0	0	0	960
254	1744	0	1	0	1	0	0	1	20	94	5	30	32256	960	0	0	0	960
254	1760	0	1	0	1	0	0	1	19	222	6	31	32256	960	0	0	0	960
254	1795	0	1	0	1	0	0	1	19	77	4	27	32256	960	0	0	0	960
254	1797	0	1	0	1	0	0	1	19	77	4	27	32256	960	0	0	0	960
254	1798	0	1	0	1	0	0	1	21	77	4	29	32256	960	0	0	0	960
254	1801	0	1	0	1	0	0	1	19	86	4	27	32256	960	0	0	0	960
254	1802	0	1	0	1	0	0	1	21	86	4	29	32256	960	0	0	0	960
254	1804	0	1	0	1	0	0	1	21	86	4	29	32256	960	0	0	0	960
254	1809	0	1	0	1	0	0	1	19	86	4	27	32256	960	0	0	0	960
254	1810	0	1	0	1	0	0	1	21	86	4	29	32256	960	0	0	0	960
254	1812	0	1	0	1	0	0	1	21	86	4	29	32256	960	0	0	0	960
254	1816	0	1	0	1	0	0	1	21	77	4	29	32256	960	0	0	0	960
254	1825	0	1	0	1	0	0	1	18	94	5	28	32256	960	0	0	0	960
254	1826	0	1	0	1	0	0	1	20	94	5	30	32256	960	0	0	0	960
254	1828	0	1	0	1	0	0	1	20	94	5	30	32256	960	0	0	0	960
254	1832	0	1	0	1	0	0	1	20	94	5	30	32256	960	0	0	0	960
254	1840	0	1	0	1	0	0	1	20	94	5	30	32256	960	0	0	0	960
254	1857	0	1	0	1	0	0	1	18	94	5	28	32256	960	0	0	0	960
254	1858	0	1	0	1	0	0	1	20	94	5	30	32256	960	0	0	0	960
254	1860	0	1	0	1	0	0	1	20	94	5	30	32256	960	0	0	0	960
254	1864	0	1	0	1	0	0	1	20	94	5	30	32256	960	0	0	0	960
254	1872	0	1	0	1	0	0	1	20	94	5	30	32256	960	0	0	0	960
254	1888	0	1	0	1	0	0	1	19	222	6	31	32256	960	0	0	0	960
254	1921	0	1	0	1	0	0	1	18	94	5	28	32256	960	0	0	0	960
254	1922	0	1	0	1	0	0	1	20	94	5	30	32256	960	0	0	0	960
254	1924	0	1	0	1	0	0	1	20	94	5	30	32256	960	0	0	0	960
254	1928	0	1	0	1	0	0	1	20	94	5	30	32256	960	0	0	0	960
254	1936	0	1	0	1	0	0	1	20	94	5	30	32256	960	0	0	0	960
254	1952	0	1	0	1	0	0	1	19	222	6	31	32256	960	0	0	0	960
254	1984	0	1	0	1	0	0	1	19	222	6	31	32256	960	0	0	0	960
254	2063	0	1	0	1	0	0	1	20	11	3	26	32256	992	0	0	0	992
254	2071	0	1	0	1	0	0	1	20	11	3	26	32256	992	0	0	0	992
254	2075	0	1	0	1	0	0	1	20	11	3	26	32256	992	0	0	0	992
254	2077	0	1	0	1	0	0	1	20	11	3	26	32256	992	0	0	0	992
254	2078	0	1	0	1	0	0	1	20	75	4	28	32256	992	0	0	0	992
254	2087	0	1	0	1	0	0	1	21	11	3	27	32256	992	0	0	0	992
254	2091	0	1	0	1	0	0	1	21	11	3	27	32256	992	0	0	0	992
254	2093	0	1	0	1	0	0	1	21	11	3	27	32256	992	0	0	0	992
254	2094	0	1	0	1	0	0	1	21	75	4	29	32256	992	0	0	0	992
254	2099	0	1	0	1	0	0	1	21	11	3	27	32256	992	0	0	0	992
254	2101	0	1	0	1	0	0	1	21	11	3	27	32256	992	0	0	0	992
254	2102	0	1	0	1	0	0	1	21	75	4	29	32256	992	0	0	0	992
254	2105	0	1	0	1	0	0	1	21	11	3	27	32256	992	0	0	0	992
254	2106	0	1	0	1	0	0	1	21	75	4	29	32256	992	0	0	0	992
254	2108	0	1	0	1	0	0	1	21	75	4	29	32256	992	0	0	0	992
254	2119	0	1	0	1	0	0	1	21	11	3	27	32256	992	0	0	0	992
254	2123	0	1	0	1	0	0	1	21	11	3	27	32256	992	0	0	0	992
254	2125	0	1	0	1	0	0	1	21	11	3	27	32256	992	0	0	0	992
254	2126	0	1	0	1	0	0	1	21	75	4	29	32256	992	0	0	0	992
254	2131	0	1	0	1	0	0	1	21	11	3	27	32256	992	0	0	0	992
254	2133	0	1	0	1	0	0	1	21	11	3	27	32256	992	0	0	0	992
254	2134	0	1	0	1	0	0	1	21	75	4	29	32256	992	0	0	0	992
254	2137	0	1	0	1	0	0	1	21	11	3	27	32256	992	0	0	0	992
254	2138	0	1	0	1	0	0	1	21	75	4	29	32256	992	0	0	0	992
254	2140	0	1	0	1	0	0	1	21	75	4	29	32256	992	0	0	0	992
254	2147	0	1	0	1	0	0	1	22	11	3	28	32256	992	0	0	0	992
254	2149	0	1	0	1	0	0	1	22	11	3	28	32256	992	0	0	0	992
254	2150	0	1	0	1	0	0	1	22	75	4	30	32256	992	0	0	0	992
254	2153	0	1	0	1	0	0	1	22	11	3	28	32256	992	0	0	0	992
254	2154	0	1	0	1	0	0	1	22	75	4	30	32256	992	0	0	0	992
254	2156	0	1	0	1	0	0	1	22	75	4	30	32256	992	0	0	0	992
254	2161	0	1	0	1	0	0	1	22	11	3	28	32256	992	0	0	0	992
254	2162	0	1	0	1	0	0	1	22	75	4	30	32256	992	0	0	0	992
254	2164	0	1	0	1	0	0	1	22	75	4	30	32256	992	0	0	0	992
254	2168	0	1	0	1	0	0	1	22	75	4	30	32256	992	0	0	0	992
254	2183	0	1	0	1	0	0	1	21	11	3	27	32256	992	0	0	0	992
254	2187	0	1	0	1	0	0	1	21	11	3	27	32256	992	0	0	0	992
254	2189	0	1	0	1	0	0	1	21	11	3	27	32256	992	0	0	0	992
254	2190	0	1	0	1	0	0	1	21	75	4	29	32256	992	0	0	0	992
254	2195	0	1	0	1	0	0	1	21	11	3	27	32256	992	0	0	0	992
254	2197	0	1	0	1	0	0	1	21	11	3	27	32256	992	0	0	0	992
254	2198	0	1	0	1	0	0	1	21	75	4	29	32256	992	0	0	0	992
254	2201	0	1	0	1	0	0	1	21	11	3	27	32256	992	0	0	0	992
254	2202	0	1	0	1	0	0	1	21	75	4	29	32256	992	0	0	0	992
254	2204	0	1	0	1	0	0	1	21	75	4	29	32256	992	0	0	0	992
254	2211	0	1	0	1	0	0	1	22	11	3	28	32256	992	0	0	0	992
254	2213	0	1	0	1	0	0	1	22	11	3	28	32256	992	0	0	0	992
254	2214	0	1	0	1	0	0	1	22	75	4	30	32256	992	0	0	0	992
254	2217	0	1	0	1	0	0	1	22	11	3	28	32256	992	0	0	0	992
254	2218	0	1	0	1	0	0	1	22	75	4	30	32256	992	0	0	0	992
254	2220	0	1	0	1	0	0	1	22	75	4	30	32256	992	0	0	0	992
254	2225	0	1	0	1	0	0	1	22	11	3	28	32256	992	0	0	0	992
254	2226	0	1	0	1	0	0	1	22	75	4	30	32256	992	0	0	0	992
254	2228	0	1	0	1	0	0	1	22	75	4	30	32256	992	0	0	0	992
254	2232	0	1	0	1	0	0	1	22	75	4	30	32256	992	0	0	0	992
254	2243	0	1	0	1	0	0	1	22	11	3	28	32256	992	0	0	0	992
254	2245	0	1	0	1	0	0	1	22	11	3	28	32256	992	0	0	0	992
254	2246	0	1	0	1	0	0	1	22	75	4	30	32256	992	0	0	0	992
254	2249	0	1	0	1	0	0	1	22	11	3	28	32256	992	0	0	0	992
254	2250	0	1	0	1	0	0	1	22	75	4	30	32256	992	0	0	0	992
254	2252	0	1	0	1	0	0	1	22	75	4	30	32256	992	0	0	0	992
254	2257	0	1	0	1	0	0	1	22	11	3	28	32256	992	0	0	0	992
254	2258	0	1	0	1	0	0	1	22	75	4	30	32256	992	0	0	0	992
254	2260	0	1	0	1	0	0	1	22	75	4	30	32256	992	0	0	0	992
254	2264	0	1	0	1	0	0	1	22	75	4	30	32256	992	0	0	0	992
254	2273	0	1	0	1	0	0	1	23	11	3	29	32256	992	0	0	0	992
254	2274	0	1	0	1	0	0	1	23	75	4	31	32256	992	0	0	0	992
254	2276	0	1	0	1	0	0	1	23	75	4	31	32256	992	0	0	0	992
254	2280	0	1	0	1	0	0	1	23	75	4	31	32256	992	0	0	0	992
254	2288	0	1	0	1	0	0	1	23	75	4	31	32256	992	0	0	0	992
254	2311	0	1	0	1	0	0	1	21	11	3	27	32256	992	0	0	0	992
254	2315	0	1	0	1	0	0	1	21	11	3	27	32256	992	0	0	0	992
254	2317	0	1	0	1	0	0	1	21	11	3	27	32256	992	0	0	0	992
254	2318	0	1	0	1	0	0	1	21	75	4	29	32256	992	0	0	0	992
254	2323	0	1	0	1	0	0	1	21	11	3	27	32256	992	0	0	0	992
254	2325	0	1	0	1	0	0	1	21	11	3	27	32256	992	0	0	0	992
254	2326	0	1	0	1	0	0	1	21	75	4	29	32256	992	0	0	0	992
254	2329	0	1	0	1	0	0	1	21	11	3	27	32256	992	0	0	0	992
254	2330	0	1	0	1	0	0	1	21	75	4	29	32256	992	0	0	0	992
254	2332	0	1	0	1	0	0	1	21	75	4	29	32256	992	0	0	0	992
254	2339	0	1	0	1	0	0	1	22	11	3	28	32256	992	0	0	0	992
254	2341	0	1	0	1	0	0	1	22	11	3	28	32256	992	0	0	0	992
254	2342	0	1	0	1	0	0	1	22	75	4	30	32256	992	0	0	0	992
254	2345	0	1	0	1	0	0	1	22	11	3	28	32256	992	0	0	0	992
254	2346	0	1	0	1	0	0	1	22	75	4	30	32256	992	0	0	0	992
254	2348	0	1	0	1	0	0	1	22	75	4	30	32256	992	0	0	0	992
254	2353	0	1	0	1	0	0	1	22	11	3	28	32256	992	0	0	0	992
254	2354	0	1	0	1	0	0	1	22	75	4	30	32256	992	0	0	0	992
254	2356	0	1	0	1	0	0	1	22	75	4	30	32256	992	0	0	0	992
254	2360	0	1	0	1	0	0	1	22	75	4	30	32256	992	0	0	0	992
254	2371	0	1	0	1	0	0	1	22	11	3	28	32256	992	0	0	0	992
254	2373	0	1	0	1	0	0	1	22	11	3	28	32256	992	0	0	0	992
254	2374	0	1	0	1	0	0	1	22	75	4	30	32256	992	0	0	0	992
254	2377	0	1	0	1	0	0	1	22	11	3	28	32256	992	0	0	0	992
254	2378	0	1	0	1	0	0	1	22	75	4	30	32256	992	0	0	0	992
254	2380	0	1	0	1	0	0	1	22	75	4	30	32256	992	0	0	0	992
254	2385	0	1	0	1	0	0	1	22	11	3	28	32256	992	0	0	0	992
254	2386	0	1	0	1	0	0	1	22	75	4	30	32256	992	0	0	0	992
254	2388	0	1	0	1	0	0	1	22	75	4	30	32256	992	0	0	0	992
254	2392	0	1	0	1	0	0	1	22	75	4	30	32256	992	0	0	0	992
254	2401	0	1	0	1	0	0	1	23	11	3	29	32256	992	0	0	0	992
254	2402	0	1	0	1	0	0	1	23	75	4	31	32256	992	0	0	0	992
254	2404	0	1	0	1	0	0	1	23	75	4	31	32256	992	0	0	0	992
254	2408	0	1	0	1	0	0	1	23	75	4	31	32256	992	0	0	0	992
254	2416	0	1	0	1	0	0	1	23	75	4	31	32256	992	0	0	0	992
254	2435	0	1	0	1	0	0	1	22	11	3	28	32256	992	0	0	0	992
254	2437	0	1	0	1	0	0	1	22	11	3	28	32256	992	0	0	0	992
254	2438	0	1	0	1	0	0	1	22	75	4	30	32256	992	0	0	0	992
254	2441	0	1	0	1	0	0	1	22	11	3	28	32256	992	0	0	0	992
254	2442	0	1	0	1	0	0	1	22	75	4	30	32256	992	0	0	0	992
254	2444	0	1	0	1	0	0	1	22	75	4	30	32256	992	0	0	0	992
254	2449	0	1	0	1	0	0	1	22	11	3	28	32256	992	0	0	0	992
254	2450	0	1	0	1	0	0	1	22	75	4	30	32256	992	0	0	0	992
254	2452	0	1	0	1	0	0	1	22	75	4	30	32256	992	0	0	0	992
254	2456	0	1	0	1	0	0	1	22	75	4	30	32256	992	0	0	0	992
254	2465	0	1	0	1	0	0	1	23	11	3	29	32256	992	0	0	0	992
254	2466	0	1	0	1	0	0	1	23	75	4	31	32256	992	0	0	0	992
254	2468	0	1	0	1	0	0	1	23	75	4	31	32256	992	0	0	0	992
254	2472	0	1	0	1	0	0	1	23	75	4	31	32256	992	0	0	0	992
254	2480	0	1	0	1	0	0	1	23	75	4	31	32256	992	0	0	0	992
254	2497	0	1	0	1	0	0	1	23	11	3	29	32256	992	0	0	0	992
254	2498	0	1	0	1	0	0	1	23	75	4	31	32256	992	0	0	0	992
254	2500	0	1	0	1	0	0	1	23	75	4	31	32256	992	0	0	0	992
254	2504	0	1	0	1	0	0	1	23	75	4	31	32256	992	0	0	0	992
254	2512	0	1	0	1	0	0	1	23	75	4	31	32256	992	0	0	0	992
254	2528	0	1	0	1	0	0	1	24	75	4	32	32256	992	0	0	0	992
254	2567	0	1	0	1	0	0	1	23	3	2	27	32256	960	0	0	0	960
254	2571	0	1	0	1	0	0	1	21	13	3	27	32256	960	0	0	0	960
254	2573	0	1	0	1	0	0	1	21	13	3	27	32256	960	0	0	0	960
254	2574	0	1	0	1	0	0	1	21	77	4	29	32256	960	0	0	0	960
254	2579	0	1	0	1	0	0	1	21	13	3	27	32256	960	0	0	0	960
254	2581	0	1	0	1	0	0	1	21	13	3	27	32256	960	0	0	0	960
254	2582	0	1	0	1	0	0	1	21	77	4	29	32256	960	0	0	0	960
254	2585	0	1	0	1	0	0	1	19	30	4	27	32256	960	0	0	0	960
254	2586	0	1	0	1	0	0	1	19	94	5	29	32256	960	0	0	0	960
254	2588	0	1	0	1	0	0	1	19	94	5	29	32256	960	0	0	0	960
254	2595	0	1	0	1	0	0	1	22	13	3	28	32256	960	0	0	0	960
254	2597	0	1	0	1	0	0	1	22	13	3	28	32256	960	0	0	0	960
254	2598	0	1	0	1	0	0	1	22	77	4	30	32256	960	0	0	0	960
254	2601	0	1	0	1	0	0	1	20	30	4	28	32256	960	0	0	0	960
254	2602	0	1	0	1	0	0	1	20	94	5	30	32256	960	0	0	0	960
254	2604	0	1	0	1	0	0	1	20	94	5	30	32256	960	0	0	0	960
254	2609	0	1	0	1	0	0	1	20	30	4	28	32256	960	0	0	0	960
254	2610	0	1	0	1	0	0	1	20	94	5	30	32256	960	0	0	0	960
254	2612	0	1	0	1	0	0	1	20	94	5	30	32256	960	0	0	0	960
254	2616	0	1	0	1	0	0	1	18	222	6	30	32256	960	0	0	0	960
254	2627	0	1	0	1	0	0	1	22	13	3	28	32256	960	0	0	0	960
254	2629	0	1	0	1	0	0	1	22	13	3	28	32256	960	0	0	0	960
254	2630	0	1	0	1	0	0	1	22	77	4	30	32256	960	0	0	0	960
254	2633	0	1	0	1	0	0	1	20	30	4	28	32256	960	0	0	0	960
254	2634	0	1	0	1	0	0	1	20	94	5	30	32256	960	0	0	0	960
254	2636	0	1	0	1	0	0	1	20	94	5	30	32256	960	0	0	0	960
254	2641	0	1	0	1	0	0	1	20	30	4	28	32256	960	0	0	0	960
254	2642	0	1	0	1	0	0	1	20	94	5	30	32256	960	0	0	0	960
254	2644	0	1	0	1	0	0	1	20	94	5	30	32256	960	0	0	0	960
254	2648	0	1	0	1	0	0	1	18	222	6	30	32256	960	0	0	0	960
254	2657	0	1	0	1	0	0	1	21	30	4	29	32256	960	0	0	0	960
254	2658	0	1	0	1	0	0	1	21	94	5	31	32256	960	0	0	0	960
254	2660	0	1	0	1	0	0	1	21	94	5	31	32256	960	0	0	0	960
254	2664	0	1	0	1	0	0	1	19	222	6	31	32256	960	0	0	0	960
254	2672	0	1	0	1	0	0	1	19	222	6	31	32256	960	0	0	0	960
254	2691	0	1	0	1	0	0	1	22	13	3	28	32256	960	0	0	0	960
254	2693	0	1	0	1	0	0	1	22	13	3	28	32256	960	0	0	0	960
254	2694	0	1	0	1	0	0	1	22	77	4	30	32256	960	0	0	0	960
254	2697	0	1	0	1	0	0	1	20	30	4	28	32256	960	0	0	0	960
254	2698	0	1	0	1	0	0	1	20	94	5	30	32256	960	0	0	0	960
254	2700	0	1	0	1	0	0	1	20	94	5	30	32256	960	0	0	0	960
254	2705	0	1	0	1	0	0	1	20	30	4	28	32256	960	0	0	0	960
254	2706	0	1	0	1	0	0	1	20	94	5	30	32256	960	0	0	0	960
254	2708	0	1	0	1	0	0	1	20	94	5	30	32256	960	0	0	0	960
254	2712	0	1	0	1	0	0	1	18	222	6	30	32256	960	0	0	0	960
254	2721	0	1	0	1	0	0	1	21	30	4	29	32256	960	0	0	0	960
254	2722	0	1	0	1	0	0	1	21	94	5	31	32256	960	0	0	0	960
254	2724	0	1	0	1	0	0	1	21	94	5	31	32256	960	0	0	0	960
254	2728	0	1	0	1	0	0	1	19	222	6	31	32256	960	0	0	0	960
254	2736	0	1	0	1	0	0	1	19	222	6	31	32256	960	0	0	0	960
254	2753	0	1	0	1	0	0	1	21	30	4	29	32256	960	0	0	0	960
254	2754	0	1	0	1	0	0	1	21	94	5	31	32256	960	0	0	0	960
254	2756	0	1	0	1	0	0	1	21	94	5	31	32256	960	0	0	0	960
254	2760	0	1	0	1	0	0	1	19	222	6	31	32256	960	0	0	0	960
254	2768	0	1	0	1	0	0	1	19	222	6	31	32256	960	0	0	0	960
254	2784	0	1	0	1	0	0	1	20	222	6	32	32256	960	0	0	0	960
254	2819	0	1	0	1	0	0	1	22	13	3	28	32256	960	0	0	0	960
254	2821	0	1	0	1	0	0	1	22	13	3	28	32256	960	0	0	0	960
254	2822	0	1	0	1	0	0	1	22	77	4	30	32256	960	0	0	0	960
254	2825	0	1	0	1	0	0	1	20	30	4	28	32256	960	0	0	0	960
254	2826	0	1	0	1	0	0	1	20	94	5	30	32256	960	0	0	0	960
254	2828	0	1	0	1	0	0	1	20	94	5	30	32256	960	0	0	0	960
254	2833	0	1	0	1	0	0	1	20	30	4	28	32256	960	0	0	0	960
254	2834	0	1	0	1	0	0	1	20	94	5	30	32256	960	0	0	0	960
254	2836	0	1	0	1	0	0	1	20	94	5	30	32256	960	0	0	0	960
254	2840	0	1	0	1	0	0	1	18	222	6	30	32256	960	0	0	0	960
254	2849	0	1	0	1	0	0	1	21	30	4	29	32256	960	0	0	0	960
254	2850	0	1	0	1	0	0	1	21	94	5	31	32256	960	0	0	0	960
254	2852	0	1	0	1	0	0	1	21	94	5	31	32256	960	0	0	0	960
254	2856	0	1	0	1	0	0	1	19	222	6	31	32256	960	0	0	0	960
254	2864	0	1	0	1	0	0	1	19	222	6	31	32256	960	0	0	0	960
254	2881	0	1	0	1	0	0	1	21	30	4	29	32256	960	0	0	0	960
254	2882	0	1	0	1	0	0	1	21	94	5	31	32256	960	0	0	0	960
254	2884	0	1	0	1	0	0	1	21	94	5	31	32256	960	0	0	0	960
254	2888	0	1	0	1	0	0	1	19	222	6	31	32256	960	0	0	0	960
254	2896	0	1	0	1	0	0	1	19	222	6	31	32256	960	0	0	0	960
254	2912	0	1	0	1	0	0	1	20	222	6	32	32256	960	0	0	0	960
254	2945	0	1	0	1	0	0	1	21	30	4	29	32256	960	0	0	0	960
254	2946	0	1	0	1	0	0	1	21	94	5	31	32256	960	0	0	0	960
254	2948	0	1	0	1	0	0	1	21	94	5	31	32256	960	0	0	0	960
254	2952	0	1	0	1	0	0	1	19	222	6	31	32256	960	0	0	0	960
254	2960	0	1	0	1	0	0	1	19	222	6	31	32256	960	0	0	0	960
254	2976	0	1	0	1	0	0	1	20	222	6	32	32256	960	0	0	0	960
254	3008	0	1	0	1	0	0	1	20	222	6	32	32256	960	0	0	0	960
254	3079	0	1	0	1	0	0	1	18	94	5	28	32256	960	0	0	0	960
254	3083	0	1	0	1	0	0	1	20	86	4	28	32256	960	0	0	0	960
254	3085	0	1	0	1	0	0	1	20	86	4	28	32256	960	0	0	0	960
254	3086	0	1	0	1	0	0	1	20	94	5	30	32256	960	0	0	0	960
254	3091	0	1	0	1	0	0	1	20	86	4	28	32256	960	0	0	0	960
254	3093	0	1	0	1	0	0	1	20	86	4	28	32256	960	0	0	0	960
254	3094	0	1	0	1	0	0	1	20	94	5	30	32256	960	0	0	0	960
254	3097	0	1	0	1	0	0	1	22	76	3	28	32256	960	0	0	0	960
254	3098	0	1	0	1	0	0	1	22	77	4	30	32256	960	0	0	0	960
254	3100	0	1	0	1	0	0	1	22	77	4	30	32256	960	0	0	0	960
254	3107	0	1	0	1	0	0	1	19	94	5	29	32256	960	0	0	0	960
254	3109	0	1	0	1	0	0	1	19	94	5	29	32256	960	0	0	0	960
254	3110	0	1	0	1	0	0	1	19	222	6	31	32256	960	0	0	0	960
254	3113	0	1	0	1	0	0	1	21	86	4	29	32256	960	0	0	0	960
254	3114	0	1	0	1	0	0	1	21	94	5	31	32256	960	0	0	0	960
254	3116	0	1	0	1	0	0	1	21	94	5	31	32256	960	0	0	0	960
254	3121	0	1	0	1	0	0	1	21	86	4	29	32256	960	0	0	0	960
254	3122	0	1	0	1	0	0	1	21	94	5	31	32256	960	0	0	0	960
254	3124	0	1	0	1	0	0	1	21	94	5	31	32256	960	0	0	0	960
254	3128	0	1	0	1	0	0	1	23	77	4	31	32256	960	0	0	0	960
254	3139	0	1	0	1	0	0	1	19	94	5	29	32256	960	0	0	0	960
254	3141	0	1	0	1	0	0	1	19	94	5	29	32256	960	0	0	0	960
254	3142	0	1	0	1	0	0	1	19	222	6	31	32256	960	0	0	0	960
254	3145	0	1	0	1	0	0	1	21	86	4	29	32256	960	0	0	0	960
254	3146	0	1	0	1	0	0	1	21	94	5	31	32256	960	0	0	0	960
254	3148	0	1	0	1	0	0	1	21	94	5	31	32256	960	0	0	0	960
254	3153	0	1	0	1	0	0	1	21	86	4	29	32256	960	0	0	0	960
254	3154	0	1	0	1	0	0	1	21	94	5	31	32256	960	0	0	0	960
254	3156	0	1	0	1	0	0	1	21	94	5	31	32256	960	0	0	0	960
254	3160	0	1	0	1	0	0	1	23	77	4	31	32256	960	0	0	0	960
254	3169	0	1	0	1	0	0	1	20	94	5	30	32256	960	0	0	0	960
254	3170	0	1	0	1	0	0	1	20	222	6	32	32256	960	0	0	0	960
254	3172	0	1	0	1	0	0	1	20	222	6	32	32256	960	0	0	0	960
254	3176	0	1	0	1	0	0	1	22	94	5	32	32256	960	0	0	0	960
254	3184	0	1	0	1	0	0	1	22	94	5	32	32256	960	0	0	0	960
254	3203	0	1	0	1	0	0	1	19	94	5	29	32256	960	0	0	0	960
254	3205	0	1	0	1	0	0	1	19	94	5	29	32256	960	0	0	0	960
254	3206	0	1	0	1	0	0	1	19	222	6	31	32256	960	0	0	0	960
254	3209	0	1	0	1	0	0	1	21	86	4	29	32256	960	0	0	0	960
254	3210	0	1	0	1	0	0	1	21	94	5	31	32256	960	0	0	0	960
254	3212	0	1	0	1	0	0	1	21	94	5	31	32256	960	0	0	0	960
254	3217	0	1	0	1	0	0	1	21	86	4	29	32256	960	0	0	0	960
254	3218	0	1	0	1	0	0	1	21	94	5	31	32256	960	0	0	0	960
254	3220	0	1	0	1	0	0	1	21	94	5	31	32256	960	0	0	0	960
254	3224	0	1	0	1	0	0	1	23	77	4	31	32256	960	0	0	0	960
254	3233	0	1	0	1	0	0	1	20	94	5	30	32256	960	0	0	0	960
254	3234	0	1	0	1	0	0	1	20	222	6	32	32256	960	0	0	0	960
254	3236	0	1	0	1	0	0	1	20	222	6	32	32256	960	0	0	0	960
254	3240	0	1	0	1	0	0	1	22	94	5	32	32256	960	0	0	0	960
254	3248	0	1	0	1	0	0	1	22	94	5	32	32256	960	0	0	0	960
254	3265	0	1	0	1	0	0	1	20	94	5	30	32256	960	0	0	0	960
254	3266	0	1	0	1	0	0	1	20	222	6	32	32256	960	0	0	0	960
254	3268	0	1	0	1	0	0	1	20	222	6	32	32256	960	0	0	0	960
254	3272	0	1	0	1	0	0	1	22	94	5	32	32256	960	0	0	0	960
254	3280	0	1	0	1	0	0	1	22	94	5	32	32256	960	0	0	0	960
254	3296	0	1	0	1	0	0	1	21	222	6	33	32256	960	0	0	0	960
254	3331	0	1	0	1	0	0	1	19	94	5	29	32256	960	0	0	0	960
254	3333	0	1	0	1	0	0	1	19	94	5	29	32256	960	0	0	0	960
254	3334	0	1	0	1	0	0	1	19	222	6	31	32256	960	0	0	0	960
254	3337	0	1	0	1	0	0	1	21	86	4	29	32256	960	0	0	0	960
254	3338	0	1	0	1	0	0	1	21	94	5	31	32256	960	0	0	0	960
254	3340	0	1	0	1	0	0	1	21	94	5	31	32256	960	0	0	0	960
254	3345	0	1	0	1	0	0	1	21	86	4	29	32256	960	0	0	0	960
254	3346	0	1	0	1	0	0	1	21	94	5	31	32256	960	0	0	0	960
254	3348	0	1	0	1	0	0	1	21	94	5	31	32256	960	0	0	0	960
254	3352	0	1	0	1	0	0	1	23	77	4	31	32256	960	0	0	0	960
254	3361	0	1	0	1	0	0	1	20	94	5	30	32256	960	0	0	0	960
254	3362	0	1	0	1	0	0	1	20	222	6	32	32256	960	0	0	0	960
254	3364	0	1	0	1	0	0	1	20	222	6	32	32256	960	0	0	0	960
254	3368	0	1	0	1	0	0	1	22	94	5	32	32256	960	0	0	0	960
254	3376	0	1	0	1	0	0	1	22	94	5	32	32256	960	0	0	0	960
254	3393	0	1	0	1	0	0	1	20	94	5	30	32256	960	0	0	0	960
254	3394	0	1	0	1	0	0	1	20	222	6	32	32256	960	0	0	0	960
254	3396	0	1	0	1	0	0	1	20	222	6	32	32256	960	0	0	0	960
254	3400	0	1	0	1	0	0	1	22	94	5	32	32256	960	0	0	0	960
254	3408	0	1	0	1	0	0	1	22	94	5	32	32256	960	0	0	0	960
254	3424	0	1	0	1	0	0	1	21	222	6	33	32256	960	0	0	0	960
254	3457	0	1	0	1	0	0	1	20	94	5	30	32256	960	0	0	0	960
254	3458	0	1	0	1	0	0	1	20	222	6	32	32256	960	0	0	0	960
254	3460	0	1	0	1	0	0	1	20	222	6	32	32256	960	0	0	0	960
254	3464	0	1	0	1	0	0	1	22	94	5	32	32256	960	0	0	0	960
254	3472	0	1	0	1	0	0	1	22	94	5	32	32256	960	0	0	0	960
254	3488	0	1	0	1	0	0	1	21	222	6	33	32256	960	0	0	0	960
254	3520	0	1	0	1	0	0	1	21	222	6	33	32256	960	0	0	0	960
254	3587	0	1	0	1	0	0	1	23	13	3	29	32256	896	0	0	0	896
254	3589	0	1	0	1	0	0	1	23	13	3	29	32256	896	0	0	0	896
254	3590	0	1	0	1	0	0	1	23	30	4	31	32256	896	0	0	0	896
254	3593	0	1	0	1	0	0	1	23	76	3	29	32256	896	0	0	0	896
254	3594	0	1	0	1	0	0	1	23	86	4	31	32256	896	0	0	0	896
254	3596	0	1	0	1	0	0	1	23	86	4	31	32256	896	0	0	0	896
254	3601	0	1	0	1	0	0	1	23	76	3	29	32256	896	0	0	0	896
254	3602	0	1	0	1	0	0	1	23	86	4	31	32256	896	0	0	0	896
254	3604	0	1	0	1	0	0	1	23	86	4	31	32256	896	0	0	0	896
254	3608	0	1	0	1	0	0	1	23	30	4	31	32256	896	0	0	0	896
254	3617	0	1	0	1	0	0	1	22	77	4	30	32256	896	0	0	0	896
254	3618	0	1	0	1	0	0	1	22	94	5	32	32256	896	0	0	0	896
254	3620	0	1	0	1	0	0	1	22	94	5	32	32256	896	0	0	0	896
254	3624	0	1	0	1	0	0	1	22	94	5	32	32256	896	0	0	0	896
254	3632	0	1	0	1	0	0	1	22	94	5	32	32256	896	0	0	0	896
254	3649	0	1	0	1	0	0	1	22	77	4	30	32256	896	0	0	0	896
254	3650	0	1	0	1	0	0	1	22	94	5	32	32256	896	0	0	0	896
254	3652	0	1	0	1	0	0	1	22	94	5	32	32256	896	0	0	0	896
254	3656	0	1	0	1	0	0	1	22	94	5	32	32256	896	0	0	0	896
254	3664	0	1	0	1	0	0	1	22	94	5	32	32256	896	0	0	0	896
254	3680	0	1	0	1	0	0	1	21	222	6	33	32256	896	0	0	0	896
254	3713	0	1	0	1	0	0	1	22	77	4	30	32256	896	0	0	0	896
254	3714	0	1	0	1	0	0	1	22	94	5	32	32256	896	0	0	0	896
254	3716	0	1	0	1	0	0	1	22	94	5	32	32256	896	0	0	0	896
254	3720	0	1	0	1	0	0	1	22	94	5	32	32256	896	0	0	0	896
254	3728	0	1	0	1	0	0	1	22	94	5	32	32256	896	0	0	0	896
254	3744	0	1	0	1	0	0	1	21	222	6	33	32256	896	0	0	0	896
254	3776	0	1	0	1	0	0	1	21	222	6	33	32256	896	0	0	0	896
254	3841	0	1	0	1	0	0	1	22	77	4	30	32256	896	0	0	0	896
254	3842	0	1	0	1	0	0	1	22	94	5	32	32256	896	0	0	0	896
254	3844	0	1	0	1	0	0	1	22	94	5	32	32256	896	0	0	0	896
254	3848	0	1	0	1	0	0	1	22	94	5	32	32256	896	0	0	0	896
254	3856	0	1	0	1	0	0	1	22	94	5	32	32256	896	0	0	0	896
254	3872	0	1	0	1	0	0	1	21	222	6	33	32256	896	0	0	0	896
254	3904	0	1	0	1	0	0	1	21	222	6	33	32256	896	0	0	0	896
254	3968	0	1	0	1	0	0	1	21	222	6	33	32256	896	0	0	0	896
254	4111	0	1	0	1	0	0	1	20	11	3	26	32256	992	0	0	0	992
254	4119	0	1	0	1	0	0	1	20	11	3	26	32256	992	0	0	0	992
254	4123	0	1	0	1	0	0	1	20	11	3	26	32256	992	0	0	0	992
254	4125	0	1	0	1	0	0	1	20	11	3	26	32256	992	0	0	0	992
254	4126	0	1	0	1	0	0	1	20	75	4	28	32256	992	0	0	0	992
254	4135	0	1	0	1	0	0	1	21	11	3	27	32256	992	0	0	0	992
254	4139	0	1	0	1	0	0	1	21	11	3	27	32256	992	0	0	0	992
254	4141	0	1	0	1	0	0	1	21	11	3	27	32256	992	0	0	0	992
254	4142	0	1	0	1	0	0	1	21	75	4	29	32256	992	0	0	0	992
254	4147	0	1	0	1	0	0	1	21	11	3	27	32256	992	0	0	0	992
254	4149	0	1	0	1	0	0	1	21	11	3	27	32256	992	0	0	0	992
254	4150	0	1	0	1	0	0	1	21	75	4	29	32256	992	0	0	0	992
254	4153	0	1	0	1	0	0	1	21	11	3	27	32256	992	0	0	0	992
254	4154	0	1	0	1	0	0	1	21	75	4	29	32256	992	0	0	0	992
254	4156	0	1	0	1	0	0	1	21	75	4	29	32256	992	0	0	0	992
254	4167	0	1	0	1	0	0	1	21	11	3	27	32256	992	0	0	0	992
254	4171	0	1	0	1	0	0	1	21	11	3	27	32256	992	0	0	0	992
254	4173	0	1	0	1	0	0	1	21	11	3	27	32256	992	0	0	0	992
254	4174	0	1	0	1	0	0	1	21	75	4	29	32256	992	0	0	0	992
254	4179	0	1	0	1	0	0	1	21	11	3	27	32256	992	0	0	0	992
254	4181	0	1	0	1	0	0	1	21	11	3	27	32256	992	0	0	0	992
254	4182	0	1	0	1	0	0	1	21	75	4	29	32256	992	0	0	0	992
254	4185	0	1	0	1	0	0	1	21	11	3	27	32256	992	0	0	0	992
254	4186	0	1	0	1	0	0	1	21	75	4	29	32256	992	0	0	0	992
254	4188	0	1	0	1	0	0	1	21	75	4	29	32256	992	0	0	0	992
254	4195	0	1	0	1	0	0	1	22	11	3	28	32256	992	0	0	0	992
254	4197	0	1	0	1	0	0	1	22	11	3	28	32256	992	0	0	0	992
254	4198	0	1	0	1	0	0	1	22	75	4	30	32256	992	0	0	0	992
254	4201	0	1	0	1	0	0	1	22	11	3	28	32256	992	0	0	0	992
254	4202	0	1	0	1	0	0	1	22	75	4	30	32256	992	0	0	0	992
254	4204	0	1	0	1	0	0	1	22	75	4	30	32256	992	0	0	0	992
254	4209	0	1	0	1	0	0	1	22	11	3	28	32256	992	0	0	0	992
254	4210	0	1	0	1	0	0	1	22	75	4	30	32256	992	0	0	0	992
254	4212	0	1	0	1	0	0	1	22	75	4	30	32256	992	0	0	0	992
254	4216	0	1	0	1	0	0	1	22	75	4	30	32256	992	0	0	0	992
254	4231	0	1	0	1	0	0	1	21	11	3	27	32256	992	0	0	0	992
254	4235	0	1	0	1	0	0	1	21	11	3	27	32256	992	0	0	0	992
254	4237	0	1	0	1	0	0	1	21	11	3	27	32256	992	0	0	0	992
254	4238	0	1	0	1	0	0	1	21	75	4	29	32256	992	0	0	0	992
254	4243	0	1	0	1	0	0	1	21	11	3	27	32256	992	0	0	0	992
254	4245	0	1	0	1	0	0	1	21	11	3	27	32256	992	0	0	0	992
254	4246	0	1	0	1	0	0	1	21	75	4	29	32256	992	0	0	0	992
254	4249	0	1	0	1	0	0	1	21	11	3	27	32256	992	0	0	0	992
254	4250	0	1	0	1	0	0	1	21	75	4	29	32256	992	0	0	0	992
254	4252	0	1	0	1	0	0	1	21	75	4	29	32256	992	0	0	0	992
254	4259	0	1	0	1	0	0	1	22	11	3	28	32256	992	0	0	0	992
254	4261	0	1	0	1	0	0	1	22	11	3	28	32256	992	0	0	0	992
254	4262	0	1	0	1	0	0	1	22	75	4	30	32256	992	0	0	0	992
254	4265	0	1	0	1	0	0	1	22	11	3	28	32256	992	0	0	0	992
254	4266	0	1	0	1	0	0	1	22	75	4	30	32256	992	0	0	0	992
254	4268	0	1	0	1	0	0	1	22	75	4	30	32256	992	0	0	0	992
254	4273	0	1	0	1	0	0	1	22	11	3	28	32256	992	0	0	0	992
254	4274	0	1	0	1	0	0	1	22	75	4	30	32256	992	0	0	0	992
254	4276	0	1	0	1	0	0	1	22	75	4	30	32256	992	0	0	0	992
254	4280	0	1	0	1	0	0	1	22	75	4	30	32256	992	0	0	0	992
254	4291	0	1	0	1	0	0	1	22	11	3	28	32256	992	0	0	0	992
254	4293	0	1	0	1	0	0	1	22	11	3	28	32256	992	0	0	0	992
254	4294	0	1	0	1	0	0	1	22	75	4	30	32256	992	0	0	0	992
254	4297	0	1	0	1	0	0	1	22	11	3	28	32256	992	0	0	0	992
254	4298	0	1	0	1	0	0	1	22	75	4	30	32256	992	0	0	0	992
254	4300	0	1	0	1	0	0	1	22	75	4	30	32256	992	0	0	0	992
254	4305	0	1	0	1	0	0	1	22	11	3	28	32256	992	0	0	0	992
254	4306	0	1	0	1	0	0	1	22	75	4	30	32256	992	0	0	0	992
254	4308	0	1	0	1	0	0	1	22	75	4	30	32256	992	0	0	0	992
254	4312	0	1	0	1	0	0	1	22	75	4	30	32256	992	0	0	0	992
254	4321	0	1	0	1	0	0	1	23	11	3	29	32256	992	0	0	0	992
254	4322	0	1	0	1	0	0	1	23	75	4	31	32256	992	0	0	0	992
254	4324	0	1	0	1	0	0	1	23	75	4	31	32256	992	0	0	0	992
254	4328	0	1	0	1	0	0	1	23	75	4	31	32256	992	0	0	0	992
254	4336	0	1	0	1	0	0	1	23	75	4	31	32256	992	0	0	0	992
254	4359	0	1	0	1	0	0	1	21	11	3	27	32256	992	0	0	0	992
254	4363	0	1	0	1	0	0	1	21	11	3	27	32256	992	0	0	0	992
254	4365	0	1	0	1	0	0	1	21	11	3	27	32256	992	0	0	0	992
254	4366	0	1	0	1	0	0	1	21	75	4	29	32256	992	0	0	0	992
254	4371	0	1	0	1	0	0	1	21	11	3	27	32256	992	0	0	0	992
254	4373	0	1	0	1	0	0	1	21	11	3	27	32256	992	0	0	0	992
254	4374	0	1	0	1	0	0	1	21	75	4	29	32256	992	0	0	0	992
254	4377	0	1	0	1	0	0	1	21	11	3	27	32256	992	0	0	0	992
254	4378	0	1	0	1	0	0	1	21	75	4	29	32256	992	0	0	0	992
254	4380	0	1	0	1	0	0	1	21	75	4	29	32256	992	0	0	0	992
254	4387	0	1	0	1	0	0	1	22	11	3	28	32256	992	0	0	0	992
254	4389	0	1	0	1	0	0	1	22	11	3	28	32256	992	0	0	0	992
254	4390	0	1	0	1	0	0	1	22	75	4	30	32256	992	0	0	0	992
254	4393	0	1	0	1	0	0	1	22	11	3	28	32256	992	0	0	0	992
254	4394	0	1	0	1	0	0	1	22	75	4	30	32256	992	0	0	0	992
254	4396	0	1	0	1	0	0	1	22	75	4	30	32256	992	0	0	0	992
254	4401	0	1	0	1	0	0	1	22	11	3	28	32256	992	0	0	0	992
254	4402	0	1	0	1	0	0	1	22	75	4	30	32256	992	0	0	0	992
254	4404	0	1	0	1	0	0	1	22	75	4	30	32256	992	0	0	0	992
254	4408	0	1	0	1	0	0	1	22	75	4	30	32256	992	0	0	0	992
254	4419	0	1	0	1	0	0	1	22	11	3	28	32256	992	0	0	0	992
254	4421	0	1	0	1	0	0	1	22	11	3	28	32256	992	0	0	0	992
254	4422	0	1	0	1	0	0	1	22	75	4	30	32256	992	0	0	0	992
254	4425	0	1	0	1	0	0	1	22	11	3	28	32256	992	0	0	0	992
254	4426	0	1	0	1	0	0	1	22	75	4	30	32256	992	0	0	0	992
254	4428	0	1	0	1	0	0	1	22	75	4	30	32256	992	0	0	0	992
254	4433	0	1	0	1	0	0	1	22	11	3	28	32256	992	0	0	0	992
254	4434	0	1	0	1	0	0	1	22	75	4	30	32256	992	0	0	0	992
254	4436	0	1	0	1	0	0	1	22	75	4	30	32256	992	0	0	0	992
254	4440	0	1	0	1	0	0	1	22	75	4	30	32256	992	0	0	0	992
254	4449	0	1	0	1	0	0	1	23	11	3	29	32256	992	0	0	0	992
254	4450	0	1	0	1	0	0	1	23	75	4	31	32256	992	0	0	0	992
254	4452	0	1	0	1	0	0	1	23	75	4	31	32256	992	0	0	0	992
254	4456	0	1	0	1	0	0	1	23	75	4	31	32256	992	0	0	0	992
254	4464	0	1	0	1	0	0	1	23	75	4	31	32256	992	0	0	0	992
254	4483	0	1	0	1	0	0	1	22	11	3	28	32256	992	0	0	0	992
254	4485	0	1	0	1	0	0	1	22	11	3	28	32256	992	0	0	0	992
254	4486	0	1	0	1	0	0	1	22	75	4	30	32256	992	0	0	0	992
254	4489	0	1	0	1	0	0	1	22	11	3	28	32256	992	0	0	0	992
254	4490	0	1	0	1	0	0	1	22	75	4	30	32256	992	0	0	0	992
254	4492	0	1	0	1	0	0	1	22	75	4	30	32256	992	0	0	0	992
254	4497	0	1	0	1	0	0	1	22	11	3	28	32256	992	0	0	0	992
254	4498	0	1	0	1	0	0	1	22	75	4	30	32256	992	0	0	0	992
254	4500	0	1	0	1	0	0	1	22	75	4	30	32256	992	0	0	0	992
254	4504	0	1	0	1	0	0	1	22	75	4	30	32256	992	0	0	0	992
254	4513	0	1	0	1	0	0	1	23	11	3	29	32256	992	0	0	0	992
254	4514	0	1	0	1	0	0	1	23	75	4	31	32256	992	0	0	0	992
254	4516	0	1	0	1	0	0	1	23	75	4	31	32256	992	0	0	0	992
254	4520	0	1	0	1	0	0	1	23	75	4	31	32256	992	0	0	0	992
254	4528	0	1	0	1	0	0	1	23	75	4	31	32256	992	0	0	0	992
254	4545	0	1	0	1	0	0	1	23	11	3	29	32256	992	0	0	0	992
254	4546	0	1	0	1	0	0	1	23	75	4	31	32256	992	0	0	0	992
254	4548	0	1	0	1	0	0	1	23	75	4	31	32256	992	0	0	0	992
254	4552	0	1	0	1	0	0	1	23	75	4	31	32256	992	0	0	0	992
254	4560	0	1	0	1	0	0	1	23	75	4	31	32256	992	0	0	0	992
254	4576	0	1	0	1	0	0	1	24	75	4	32	32256	992	0	0	0	992
254	4615	0	1	0	1	0	0	1	23	3	2	27	32256	960	0	0	0	960
254	4619	0	1	0	1	0	0	1	21	13	3	27	32256	960	0	0	0	960
254	4621	0	1	0	1	0	0	1	21	13	3	27	32256	960	0	0	0	960
254	4622	0	1	0	1	0	0	1	21	77	4	29	32256	960	0	0	0	960
254	4627	0	1	0	1	0	0	1	21	13	3	27	32256	960	0	0	0	960
254	4629	0	1	0	1	0	0	1	21	13	3	27	32256	960	0	0	0	960
254	4630	0	1	0	1	0	0	1	21	77	4	29	32256	960	0	0	0	960
254	4633	0	1	0	1	0	0	1	19	30	4	27	32256	960	0	0	0	960
254	4634	0	1	0	1	0	0	1	19	94	5	29	32256	960	0	0	0	960
254	4636	0	1	0	1	0	0	1	19	94	5	29	32256	960	0	0	0	960
254	4643	0	1	0	1	0	0	1	22	13	3	28	32256	960	0	0	0	960
254	4645	0	1	0	1	0	0	1	22	13	3	28	32256	960	0	0	0	960
254	4646	0	1	0	1	0	0	1	22	77	4	30	32256	960	0	0	0	960
254	4649	0	1	0	1	0	0	1	20	30	4	28	32256	960	0	0	0	960
254	4650	0	1	0	1	0	0	1	20	94	5	30	32256	960	0	0	0	960
254	4652	0	1	0	1	0	0	1	20	94	5	30	32256	960	0	0	0	960
254	4657	0	1	0	1	0	0	1	20	30	4	28	32256	960	0	0	0	960
254	4658	0	1	0	1	0	0	1	20	94	5	30	32256	960	0	0	0	960
254	4660	0	1	0	1	0	0	1	20	94	5	30	32256	960	0	0	0	960
254	4664	0	1	0	1	0	0	1	18	222	6	30	32256	960	0	0	0	960
254	4675	0	1	0	1	0	0	1	22	13	3	28	32256	960	0	0	0	960
254	4677	0	1	0	1	0	0	1	22	13	3	28	32256	960	0	0	0	960
254	4678	0	1	0	1	0	0	1	22	77	4	30	32256	960	0	0	0	960
254	4681	0	1	0	1	0	0	1	20	30	4	28	32256	960	0	0	0	960
254	4682	0	1	0	1	0	0	1	20	94	5	30	32256	960	0	0	0	960
254	4684	0	1	0	1	0	0	1	20	94	5	30	32256	960	0	0	0	960
254	4689	0	1	0	1	0	0	1	20	30	4	28	32256	960	0	0	0	960
254	4690	0	1	0	1	0	0	1	20	94	5	30	32256	960	0	0	0	960
254	4692	0	1	0	1	0	0	1	20	94	5	30	32256	960	0	0	0	960
254	4696	0	1	0	1	0	0	1	18	222	6	30	32256	960	0	0	0	960
254	4705	0	1	0	1	0	0	1	21	30	4	29	32256	960	0	0	0	960
254	4706	0	1	0	1	0	0	1	21	94	5	31	32256	960	0	0	0	960
254	4708	0	1	0	1	0	0	1	21	94	5	31	32256	960	0	0	0	960
254	4712	0	1	0	1	0	0	1	19	222	6	31	32256	960	0	0	0	960
254	4720	0	1	0	1	0	0	1	19	222	6	31	32256	960	0	0	0	960
254	4739	0	1	0	1	0	0	1	22	13	3	28	32256	960	0	0	0	960
254	4741	0	1	0	1	0	0	1	22	13	3	28	32256	960	0	0	0	960
254	4742	0	1	0	1	0	0	1	22	77	4	30	32256	960	0	0	0	960
254	4745	0	1	0	1	0	0	1	20	30	4	28	32256	960	0	0	0	960
254	4746	0	1	0	1	0	0	1	20	94	5	30	32256	960	0	0	0	960
254	4748	0	1	0	1	0	0	1	20	94	5	30	32256	960	0	0	0	960
254	4753	0	1	0	1	0	0	1	20	30	4	28	32256	960	0	0	0	960
254	4754	0	1	0	1	0	0	1	20	94	5	30	32256	960	0	0	0	960
254	4756	0	1	0	1	0	0	1	20	94	5	30	32256	960	0	0	0	960
254	4760	0	1	0	1	0	0	1	18	222	6	30	32256	960	0	0	0	960
254	4769	0	1	0	1	0	0	1	21	30	4	29	32256	960	0	0	0	960
254	4770	0	1	0	1	0	0	1	21	94	5	31	32256	960	0	0	0	960
254	4772	0	1	0	1	0	0	1	21	94	5	31	32256	960	0	0	0	960
254	4776	0	1	0	1	0	0	1	19	222	6	31	32256	960	0	0	0	960
254	4784	0	1	0	1	0	0	1	19	222	6	31	32256	960	0	0	0	960
254	4801	0	1	0	1	0	0	1	21	30	4	29	32256	960	0	0	0	960
254	4802	0	1	0	1	0	0	1	21	94	5	31	32256	960	0	0	0	960
254	4804	0	1	0	1	0	0	1	21	94	5	31	32256	960	0	0	0	960
254	4808	0	1	0	1	0	0	1	19	222	6	31	32256	960	0	0	0	960
254	4816	0	1	0	1	0	0	1	19	222	6	31	32256	960	0	0	0	960
254	4832	0	1	0	1	0	0	1	20	222	6	32	32256	960	0	0	0	960
254	4867	0	1	0	1	0	0	1	22	13	3	28	32256	960	0	0	0	960
254	4869	0	1	0	1	0	0	1	22	13	3	28	32256	960	0	0	0	960
254	4870	0	1	0	1	0	0	1	22	77	4	30	32256	960	0	0	0	960
254	4873	0	1	0	1	0	0	1	20	30	4	28	32256	960	0	0	0	960
254	4874	0	1	0	1	0	0	1	20	94	5	30	32256	960	0	0	0	960
254	4876	0	1	0	1	0	0	1	20	94	5	30	32256	960	0	0	0	960
254	4881	0	1	0	1	0	0	1	20	30	4	28	32256	960	0	0	0	960
254	4882	0	1	0	1	0	0	1	20	94	5	30	32256	960	0	0	0	960
254	4884	0	1	0	1	0	0	1	20	94	5	30	32256	960	0	0	0	960
254	4888	0	1	0	1	0	0	1	18	222	6	30	32256	960	0	0	0	960
254	4897	0	1	0	1	0	0	1	21	30	4	29	32256	960	0	0	0	960
254	4898	0	1	0	1	0	0	1	21	94	5	31	32256	960	0	0	0	960
254	4900	0	1	0	1	0	0	1	21	94	5	31	32256	960	0	0	0	960
254	4904	0	1	0	1	0	0	1	19	222	6	31	32256	960	0	0	0	960
254	4912	0	1	0	1	0	0	1	19	222	6	31	32256	960	0	0	0	960
254	4929	0	1	0	1	0	0	1	21	30	4	29	32256	960	0	0	0	960
254	4930	0	1	0	1	0	0	1	21	94	5	31	32256	960	0	0	0	960
254	4932	0	1	0	1	0	0	1	21	94	5	31	32256	960	0	0	0	960
254	4936	0	1	0	1	0	0	1	19	222	6	31	32256	960	0	0	0	960
254	4944	0	1	0	1	0	0	1	19	222	6	31	32256	960	0	0	0	960
254	4960	0	1	0	1	0	0	1	20	222	6	32	32256	960	0	0	0	960
254	4993	0	1	0	1	0	0	1	21	30	4	29	32256	960	0	0	0	960
254	4994	0	1	0	1	0	0	1	21	94	5	31	32256	960	0	0	0	960
254	4996	0	1	0	1	0	0	1	21	94	5	31	32256	960	0	0	0	960
254	5000	0	1	0	1	0	0	1	19	222	6	31	32256	960	0	0	0	960
254	5008	0	1	0	1	0	0	1	19	222	6	31	32256	960	0	0	0	960
254	5024	0	1	0	1	0	0	1	20	222	6	32	32256	960	0	0	0	960
254	5056	0	1	0	1	0	0	1	20	222	6	32	32256	960	0	0	0	960
254	5127	0	1	0	1	0	0	1	18	94	5	28	32256	960	0	0	0	960
254	5131	0	1	0	1	0	0	1	20	86	4	28	32256	960	0	0	0	960
254	5133	0	1	0	1	0	0	1	20	86	4	28	32256	960	0	0	0	960
254	5134	0	1	0	1	0	0	1	20	94	5	30	32256	960	0	0	0	960
254	5139	0	1	0	1	0	0	1	20	86	4	28	32256	960	0	0	0	960
254	5141	0	1	0	1	0	0	1	20	86	4	28	32256	960	0	0	0	960
254	5142	0	1	0	1	0	0	1	20	94	5	30	32256	960	0	0	0	960
254	5145	0	1	0	1	0	0	1	22	76	3	28	32256	960	0	0	0	960
254	5146	0	1	0	1	0	0	1	22	77	4	30	32256	960	0	0	0	960
254	5148	0	1	0	1	0	0	1	22	77	4	30	32256	960	0	0	0	960
254	5155	0	1	0	1	0	0	1	19	94	5	29	32256	960	0	0	0	960
254	5157	0	1	0	1	0	0	1	19	94	5	29	32256	960	0	0	0	960
254	5158	0	1	0	1	0	0	1	19	222	6	31	32256	960	0	0	0	960
254	5161	0	1	0	1	0	0	1	21	86	4	29	32256	960	0	0	0	960
254	5162	0	1	0	1	0	0	1	21	94	5	31	32256	960	0	0	0	960
254	5164	0	1	0	1	0	0	1	21	94	5	31	32256	960	0	0	0	960
254	5169	0	1	0	1	0	0	1	21	86	4	29	32256	960	0	0	0	960
254	5170	0	1	0	1	0	0	1	21	94	5	31	32256	960	0	0	0	960
254	5172	0	1	0	1	0	0	1	21	94	5	31	32256	960	0	0	0	960
254	5176	0	1	0	1	0	0	1	23	77	4	31	32256	960	0	0	0	960
254	5187	0	1	0	1	0	0	1	19	94	5	29	32256	960	0	0	0	960
254	5189	0	1	0	1	0	0	1	19	94	5	29	32256	960	0	0	0	960
254	5190	0	1	0	1	0	0	1	19	222	6	31	32256	960	0	0	0	960
254	5193	0	1	0	1	0	0	1	21	86	4	29	32256	960	0	0	0	960
254	5194	0	1	0	1	0	0	1	21	94	5	31	32256	960	0	0	0	960
254	5196	0	1	0	1	0	0	1	21	94	5	31	32256	960	0	0	0	960
254	5201	0	1	0	1	0	0	1	21	86	4	29	32256	960	0	0	0	960
254	5202	0	1	0	1	0	0	1	21	94	5	31	32256	960	0	0	0	960
254	5204	0	1	0	1	0	0	1	21	94	5	31	32256	960	0	0	0	960
254	5208	0	1	0	1	0	0	1	23	77	4	31	32256	960	0	0	0	960
254	5217	0	1	0	1	0	0	1	20	94	5	30	32256	960	0	0	0	960
254	5218	0	1	0	1	0	0	1	20	222	6	32	32256	960	0	0	0	960
254	5220	0	1	0	1	0	0	1	20	222	6	32	32256	960	0	0	0	960
254	5224	0	1	0	1	0	0	1	22	94	5	32	32256	960	0	0	0	960
254	5232	0	1	0	1	0	0	1	22	94	5	32	32256	960	0	0	0	960
254	5251	0	1	0	1	0	0	1	19	94	5	29	32256	960	0	0	0	960
254	5253	0	1	0	1	0	0	1	19	94	5	29	32256	960	0	0	0	960
254	5254	0	1	0	1	0	0	1	19	222	6	31	32256	960	0	0	0	960
254	5257	0	1	0	1	0	0	1	21	86	4	29	32256	960	0	0	0	960
254	5258	0	1	0	1	0	0	1	21	94	5	31	32256	960	0	0	0	960
254	5260	0	1	0	1	0	0	1	21	94	5	31	32256	960	0	0	0	960
254	5265	0	1	0	1	0	0	1	21	86	4	29	32256	960	0	0	0	960
254	5266	0	1	0	1	0	0	1	21	94	5	31	32256	960	0	0	0	960
254	5268	0	1	0	1	0	0	1	21	94	5	31	32256	960	0	0	0	960
254	5272	0	1	0	1	0	0	1	23	77	4	31	32256	960	0	0	0	960
254	5281	0	1	0	1	0	0	1	20	94	5	30	32256	960	0	0	0	960
254	5282	0	1	0	1	0	0	1	20	222	6	32	32256	960	0	0	0	960
254	5284	0	1	0	1	0	0	1	20	222	6	32	32256	960	0	0	0	960
254	5288	0	1	0	1	0	0	1	22	94	5	32	32256	960	0	0	0	960
254	5296	0	1	0	1	0	0	1	22	94	5	32	32256	960	0	0	0	960
254	5313	0	1	0	1	0	0	1	20	94	5	30	32256	960	0	0	0	960
254	5314	0	1	0	1	0	0	1	20	222	6	32	32256	960	0	0	0	960
254	5316	0	1	0	1	0	0	1	20	222	6	32	32256	960	0	0	0	960
254	5320	0	1	0	1	0	0	1	22	94	5	32	32256	960	0	0	0	960
254	5328	0	1	0	1	0	0	1	22	94	5	32	32256	960	0	0	0	960
254	5344	0	1	0	1	0	0	1	21	222	6	33	32256	960	0	0	0	960
254	5379	0	1	0	1	0	0	1	19	94	5	29	32256	960	0	0	0	960
254	5381	0	1	0	1	0	0	1	19	94	5	29	32256	960	0	0	0	960
254	5382	0	1	0	1	0	0	1	19	222	6	31	32256	960	0	0	0	960
254	5385	0	1	0	1	0	0	1	21	86	4	29	32256	960	0	0	0	960
254	5386	0	1	0	1	0	0	1	21	94	5	31	32256	960	0	0	0	960
254	5388	0	1	0	1	0	0	1	21	94	5	31	32256	960	0	0	0	960
254	5393	0	1	0	1	0	0	1	21	86	4	29	32256	960	0	0	0	960
254	5394	0	1	0	1	0	0	1	21	94	5	31	32256	960	0	0	0	960
254	5396	0	1	0	1	0	0	1	21	94	5	31	32256	960	0	0	0	960
254	5400	0	1	0	1	0	0	1	23	77	4	31	32256	960	0	0	0	960
254	5409	0	1	0	1	0	0	1	20	94	5	30	32256	960	0	0	0	960
254	5410	0	1	0	1	0	0	1	20	222	6	32	32256	960	0	0	0	960
254	5412	0	1	0	1	0	0	1	20	222	6	32	32256	960	0	0	0	960
254	5416	0	1	0	1	0	0	1	22	94	5	32	32256	960	0	0	0	960
254	5424	0	1	0	1	0	0	1	22	94	5	32	32256	960	0	0	0	960
254	5441	0	1	0	1	0	0	1	20	94	5	30	32256	960	0	0	0	960
254	5442	0	1	0	1	0	0	1	20	222	6	32	32256	960	0	0	0	960
254	5444	0	1	0	1	0	0	1	20	222	6	32	32256	960	0	0	0	960
254	5448	0	1	0	1	0	0	1	22	94	5	32	32256	960	0	0	0	960
254	5456	0	1	0	1	0	0	1	22	94	5	32	32256	960	0	0	0	960
254	5472	0	1	0	1	0	0	1	21	222	6	33	32256	960	0	0	0	960
254	5505	0	1	0	1	0	0	1	20	94	5	30	32256	960	0	0	0	960
254	5506	0	1	0	1	0	0	1	20	222	6	32	32256	960	0	0	0	960
254	5508	0	1	0	1	0	0	1	20	222	6	32	32256	960	0	0	0	960
254	5512	0	1	0	1	0	0	1	22	94	5	32	32256	960	0	0	0	960
254	5520	0	1	0	1	0	0	1	22	94	5	32	32256	960	0	0	0	960
254	5536	0	1	0	1	0	0	1	21	222	6	33	32256	960	0	0	0	960
254	5568	0	1	0	1	0	0	1	21	222	6	33	32256	960	0	0	0	960
254	5635	0	1	0	1	0	0	1	23	13	3	29	32256	896	0	0	0	896
254	5637	0	1	0	1	0	0	1	23	13	3	29	32256	896	0	0	0	896
254	5638	0	1	0	1	0	0	1	23	30	4	31	32256	896	0	0	0	896
254	5641	0	1	0	1	0	0	1	23	76	3	29	32256	896	0	0	0	896
254	5642	0	1	0	1	0	0	1	23	86	4	31	32256	896	0	0	0	896
254	5644	0	1	0	1	0	0	1	23	86	4	31	32256	896	0	0	0	896
254	5649	0	1	0	1	0	0	1	23	76	3	29	32256	896	0	0	0	896
254	5650	0	1	0	1	0	0	1	23	86	4	31	32256	896	0	0	0	896
254	5652	0	1	0	1	0	0	1	23	86	4	31	32256	896	0	0	0	896
254	5656	0	1	0	1	0	0	1	23	30	4	31	32256	896	0	0	0	896
254	5665	0	1	0	1	0	0	1	22	77	4	30	32256	896	0	0	0	896
254	5666	0	1	0	1	0	0	1	22	94	5	32	32256	896	0	0	0	896
254	5668	0	1	0	1	0	0	1	22	94	5	32	32256	896	0	0	0	896
254	5672	0	1	0	1	0	0	1	22	94	5	32	32256	896	0	0	0	896
254	5680	0	1	0	1	0	0	1	22	94	5	32	32256	896	0	0	0	896
254	5697	0	1	0	1	0	0	1	22	77	4	30	32256	896	0	0	0	896
254	5698	0	1	0	1	0	0	1	22	94	5	32	32256	896	0	0	0	896
254	5700	0	1	0	1	0	0	1	22	94	5	32	32256	896	0	0	0	896
254	5704	0	1	0	1	0	0	1	22	94	5	32	32256	896	0	0	0	896
254	5712	0	1	0	1	0	0	1	22	94	5	32	32256	896	0	0	0	896
254	5728	0	1	0	1	0	0	1	21	222	6	33	32256	896	0	0	0	896
254	5761	0	1	0	1	0	0	1	22	77	4	30	32256	896	0	0	0	896
254	5762	0	1	0	1	0	0	1	22	94	5	32	32256	896	0	0	0	896
254	5764	0	1	0	1	0	0	1	22	94	5	32	32256	896	0	0	0	896
254	5768	0	1	0	1	0	0	1	22	94	5	32	32256	896	0	0	0	896
254	5776	0	1	0	1	0	0	1	22	94	5	32	32256	896	0	0	0	896
254	5792	0	1	0	1	0	0	1	21	222	6	33	32256	896	0	0	0	896
254	5824	0	1	0	1	0	0	1	21	222	6	33	32256	896	0	0	0	896
254	5889	0	1	0	1	0	0	1	22	77	4	30	32256	896	0	0	0	896
254	5890	0	1	0	1	0	0	1	22	94	5	32	32256	896	0	0	0	896
254	5892	0	1	0	1	0	0	1	22	94	5	32	32256	896	0	0	0	896
254	5896	0	1	0	1	0	0	1	22	94	5	32	32256	896	0	0	0	896
254	5904	0	1	0	1	0	0	1	22	94	5	32	32256	896	0	0	0	896
254	5920	0	1	0	1	0	0	1	21	222	6	33	32256	896	0	0	0	896
254	5952	0	1	0	1	0	0	1	21	222	6	33	32256	896	0	0	0	896
254	6016	0	1	0	1	0	0	1	21	222	6	33	32256	896	0	0	0	896
254	6151	0	1	0	1	0	0	1	21	30	4	29	32256	960	0	0	0	960
254	6155	0	1	0	1	0	0	1	21	30	4	29	32256	960	0	0	0	960
254	6157	0	1	0	1	0	0	1	21	30	4	29	32256	960	0	0	0	960
254	6158	0	1	0	1	0	0	1	19	222	6	31	32256	960	0	0	0	960
254	6163	0	1	0	1	0	0	1	21	30	4	29	32256	960	0	0	0	960
254	6165	0	1	0	1	0	0	1	21	30	4	29	32256	960	0	0	0	960
254	6166	0	1	0	1	0	0	1	19	222	6	31	32256	960	0	0	0	960
254	6169	0	1	0	1	0	0	1	21	30	4	29	32256	960	0	0	0	960
254	6170	0	1	0	1	0	0	1	19	222	6	31	32256	960	0	0	0	960
254	6172	0	1	0	1	0	0	1	19	222	6	31	32256	960	0	0	0	960
254	6179	0	1	0	1	0	0	1	22	30	4	30	32256	960	0	0	0	960
254	6181	0	1	0	1	0	0	1	22	30	4	30	32256	960	0	0	0	960
254	6182	0	1	0	1	0	0	1	20	222	6	32	32256	960	0	0	0	960
254	6185	0	1	0	1	0	0	1	22	30	4	30	32256	960	0	0	0	960
254	6186	0	1	0	1	0	0	1	20	222	6	32	32256	960	0	0	0	960
254	6188	0	1	0	1	0	0	1	20	222	6	32	32256	960	0	0	0	960
254	6193	0	1	0	1	0	0	1	22	30	4	30	32256	960	0	0	0	960
254	6194	0	1	0	1	0	0	1	20	222	6	32	32256	960	0	0	0	960
254	6196	0	1	0	1	0	0	1	20	222	6	32	32256	960	0	0	0	960
254	6200	0	1	0	1	0	0	1	20	222	6	32	32256	960	0	0	0	960
254	6211	0	1	0	1	0	0	1	22	30	4	30	32256	960	0	0	0	960
254	6213	0	1	0	1	0	0	1	22	30	4	30	32256	960	0	0	0	960
254	6214	0	1	0	1	0	0	1	20	222	6	32	32256	960	0	0	0	960
254	6217	0	1	0	1	0	0	1	22	30	4	30	32256	960	0	0	0	960
254	6218	0	1	0	1	0	0	1	20	222	6	32	32256	960	0	0	0	960
254	6220	0	1	0	1	0	0	1	20	222	6	32	32256	960	0	0	0	960
254	6225	0	1	0	1	0	0	1	22	30	4	30	32256	960	0	0	0	960
254	6226	0	1	0	1	0	0	1	20	222	6	32	32256	960	0	0	0	960
254	6228	0	1	0	1	0	0	1	20	222	6	32	32256	960	0	0	0	960
254	6232	0	1	0	1	0	0	1	20	222	6	32	32256	960	0	0	0	960
254	6241	0	1	0	1	0	0	1	23	30	4	31	32256	960	0	0	0	960
254	6242	0	1	0	1	0	0	1	21	222	6	33	32256	960	0	0	0	960
254	6244	0	1	0	1	0	0	1	21	222	6	33	32256	960	0	0	0	960
254	6248	0	1	0	1	0	0	1	21	222	6	33	32256	960	0	0	0	960
254	6256	0	1	0	1	0	0	1	21	222	6	33	32256	960	0	0	0	960
254	6275	0	1	0	1	0	0	1	22	30	4	30	32256	960	0	0	0	960
254	6277	0	1	0	1	0	0	1	22	30	4	30	32256	960	0	0	0	960
254	6278	0	1	0	1	0	0	1	20	222	6	32	32256	960	0	0	0	960
254	6281	0	1	0	1	0	0	1	22	30	4	30	32256	960	0	0	0	960
254	6282	0	1	0	1	0	0	1	20	222	6	32	32256	960	0	0	0	960
254	6284	0	1	0	1	0	0	1	20	222	6	32	32256	960	0	0	0	960
254	6289	0	1	0	1	0	0	1	22	30	4	30	32256	960	0	0	0	960
254	6290	0	1	0	1	0	0	1	20	222	6	32	32256	960	0	0	0	960
254	6292	0	1	0	1	0	0	1	20	222	6	32	32256	960	0	0	0	960
254	6296	0	1	0	1	0	0	1	20	222	6	32	32256	960	0	0	0	960
254	6305	0	1	0	1	0	0	1	23	30	4	31	32256	960	0	0	0	960
254	6306	0	1	0	1	0	0	1	21	222	6	33	32256	960	0	0	0	960
254	6308	0	1	0	1	0	0	1	21	222	6	33	32256	960	0	0	0	960
254	6312	0	1	0	1	0	0	1	21	222	6	33	32256	960	0	0	0	960
254	6320	0	1	0	1	0	0	1	21	222	6	33	32256	960	0	0	0	960
254	6337	0	1	0	1	0	0	1	23	30	4	31	32256	960	0	0	0	960
254	6338	0	1	0	1	0	0	1	21	222	6	33	32256	960	0	0	0	960
254	6340	0	1	0	1	0	0	1	21	222	6	33	32256	960	0	0	0	960
254	6344	0	1	0	1	0	0	1	21	222	6	33	32256	960	0	0	0	960
254	6352	0	1	0	1	0	0	1	21	222	6	33	32256	960	0	0	0	960
254	6368	0	1	0	1	0	0	1	22	222	6	34	32256	960	0	0	0	960
254	6403	0	1	0	1	0	0	1	22	30	4	30	32256	960	0	0	0	960
254	6405	0	1	0	1	0	0	1	22	30	4	30	32256	960	0	0	0	960
254	6406	0	1	0	1	0	0	1	20	222	6	32	32256	960	0	0	0	960
254	6409	0	1	0	1	0	0	1	22	30	4	30	32256	960	0	0	0	960
254	6410	0	1	0	1	0	0	1	20	222	6	32	32256	960	0	0	0	960
254	6412	0	1	0	1	0	0	1	20	222	6	32	32256	960	0	0	0	960
254	6417	0	1	0	1	0	0	1	22	30	4	30	32256	960	0	0	0	960
254	6418	0	1	0	1	0	0	1	20	222	6	32	32256	960	0	0	0	960
254	6420	0	1	0	1	0	0	1	20	222	6	32	32256	960	0	0	0	960
254	6424	0	1	0	1	0	0	1	20	222	6	32	32256	960	0	0	0	960
254	6433	0	1	0	1	0	0	1	23	30	4	31	32256	960	0	0	0	960
254	6434	0	1	0	1	0	0	1	21	222	6	33	32256	960	0	0	0	960
254	6436	0	1	0	1	0	0	1	21	222	6	33	32256	960	0	0	0	960
254	6440	0	1	0	1	0	0	1	21	222	6	33	32256	960	0	0	0	960
254	6448	0	1	0	1	0	0	1	21	222	6	33	32256	960	0	0	0	960
254	6465	0	1	0	1	0	0	1	23	30	4	31	32256	960	0	0	0	960
254	6466	0	1	0	1	0	0	1	21	222	6	33	32256	960	0	0	0	960
254	6468	0	1	0	1	0	0	1	21	222	6	33	32256	960	0	0	0	960
254	6472	0	1	0	1	0	0	1	21	222	6	33	32256	960	0	0	0	960
254	6480	0	1	0	1	0	0	1	21	222	6	33	32256	960	0	0	0	960
254	6496	0	1	0	1	0	0	1	22	222	6	34	32256	960	0	0	0	960
254	6529	0	1	0	1	0	0	1	23	30	4	31	32256	960	0	0	0	960
254	6530	0	1	0	1	0	0	1	21	222	6	33	32256	960	0	0	0	960
254	6532	0	1	0	1	0	0	1	21	222	6	33	32256	960	0	0	0	960
254	6536	0	1	0	1	0	0	1	21	222	6	33	32256	960	0	0	0	960
254	6544	0	1	0	1	0	0	1	21	222	6	33	32256	960	0	0	0	960
254	6560	0	1	0	1	0	0	1	22	222	6	34	32256	960	0	0	0	960
254	6592	0	1	0	1	0	0	1	22	222	6	34	32256	960	0	0	0	960
254	6659	0	1	0	1	0	0	1	26	3	2	30	32256	896	0	0	0	896
254	6661	0	1	0	1	0	0	1	26	3	2	30	32256	896	0	0	0	896
254	6662	0	1	0	1	0	0	1	24	30	4	32	32256	896	0	0	0	896
254	6665	0	1	0	1	0	0	1	24	11	3	30	32256	896	0	0	0	896
254	6666	0	1	0	1	0	0	1	22	94	5	32	32256	896	0	0	0	896
254	6668	0	1	0	1	0	0	1	22	94	5	32	32256	896	0	0	0	896
254	6673	0	1	0	1	0	0	1	24	11	3	30	32256	896	0	0	0	896
254	6674	0	1	0	1	0	0	1	22	94	5	32	32256	896	0	0	0	896
254	6676	0	1	0	1	0	0	1	22	94	5	32	32256	896	0	0	0	896
254	6680	0	1	0	1	0	0	1	20	222	6	32	32256	896	0	0	0	896
254	6689	0	1	0	1	0	0	1	25	11	3	31	32256	896	0	0	0	896
254	6690	0	1	0	1	0	0	1	23	94	5	33	32256	896	0	0	0	896
254	6692	0	1	0	1	0	0	1	23	94	5	33	32256	896	0	0	0	896
254	6696	0	1	0	1	0	0	1	21	222	6	33	32256	896	0	0	0	896
254	6704	0	1	0	1	0	0	1	21	222	6	33	32256	896	0	0	0	896
254	6721	0	1	0	1	0	0	1	25	11	3	31	32256	896	0	0	0	896
254	6722	0	1	0	1	0	0	1	23	94	5	33	32256	896	0	0	0	896
254	6724	0	1	0	1	0	0	1	23	94	5	33	32256	896	0	0	0	896
254	6728	0	1	0	1	0	0	1	21	222	6	33	32256	896	0	0	0	896
254	6736	0	1	0	1	0	0	1	21	222	6	33	32256	896	0	0	0	896
254	6752	0	1	0	1	0	0	1	22	222	6	34	32256	896	0	0	0	896
254	6785	0	1	0	1	0	0	1	25	11	3	31	32256	896	0	0	0	896
254	6786	0	1	0	1	0	0	1	23	94	5	33	32256	896	0	0	0	896
254	6788	0	1	0	1	0	0	1	23	94	5	33	32256	896	0	0	0	896
254	6792	0	1	0	1	0	0	1	21	222	6	33	32256	896	0	0	0	896
254	6800	0	1	0	1	0	0	1	21	222	6	33	32256	896	0	0	0	896
254	6816	0	1	0	1	0	0	1	22	222	6	34	32256	896	0	0	0	896
254	6848	0	1	0	1	0	0	1	22	222	6	34	32256	896	0	0	0	896
254	6913	0	1	0	1	0	0	1	25	11	3	31	32256	896	0	0	0	896
254	6914	0	1	0	1	0	0	1	23	94	5	33	32256	896	0	0	0	896
254	6916	0	1	0	1	0	0	1	23	94	5	33	32256	896	0	0	0	896
254	6920	0	1	0	1	0	0	1	21	222	6	33	32256	896	0	0	0	896
254	6928	0	1	0	1	0	0	1	21	222	6	33	32256	896	0	0	0	896
254	6944	0	1	0	1	0	0	1	22	222	6	34	32256	896	0	0	0	896
254	6976	0	1	0	1	0	0	1	22	222	6	34	32256	896	0	0	0	896
254	7040	0	1	0	1	0	0	1	22	222	6	34	32256	896	0	0	0	896
254	7171	0	1	0	1	0	0	1	23	77	4	31	32256	896	0	0	0	896
254	7173	0	1	0	1	0	0	1	23	77	4	31	32256	896	0	0	0	896
254	7174	0	1	0	1	0	0	1	21	222	6	33	32256	896	0	0	0	896
254	7177	0	1	0	1	0	0	1	25	76	3	31	32256	896	0	0	0	896
254	7178	0	1	0	1	0	0	1	23	94	5	33	32256	896	0	0	0	896
254	7180	0	1	0	1	0	0	1	23	94	5	33	32256	896	0	0	0	896
254	7185	0	1	0	1	0	0	1	25	76	3	31	32256	896	0	0	0	896
254	7186	0	1	0	1	0	0	1	23	94	5	33	32256	896	0	0	0	896
254	7188	0	1	0	1	0	0	1	23	94	5	33	32256	896	0	0	0	896
254	7192	0	1	0	1	0	0	1	25	30	4	33	32256	896	0	0	0	896
254	7201	0	1	0	1	0	0	1	24	77	4	32	32256	896	0	0	0	896
254	7202	0	1	0	1	0	0	1	22	222	6	34	32256	896	0	0	0	896
254	7204	0	1	0	1	0	0	1	22	222	6	34	32256	896	0	0	0	896
254	7208	0	1	0	1	0	0	1	24	94	5	34	32256	896	0	0	0	896
254	7216	0	1	0	1	0	0	1	24	94	5	34	32256	896	0	0	0	896
254	7233	0	1	0	1	0	0	1	24	77	4	32	32256	896	0	0	0	896
254	7234	0	1	0	1	0	0	1	22	222	6	34	32256	896	0	0	0	896
254	7236	0	1	0	1	0	0	1	22	222	6	34	32256	896	0	0	0	896
254	7240	0	1	0	1	0	0	1	24	94	5	34	32256	896	0	0	0	896
254	7248	0	1	0	1	0	0	1	24	94	5	34	32256	896	0	0	0	896
254	7264	0	1	0	1	0	0	1	23	222	6	35	32256	896	0	0	0	896
254	7297	0	1	0	1	0	0	1	24	77	4	32	32256	896	0	0	0	896
254	7298	0	1	0	1	0	0	1	22	222	6	34	32256	896	0	0	0	896
254	7300	0	1	0	1	0	0	1	22	222	6	34	32256	896	0	0	0	896
254	7304	0	1	0	1	0	0	1	24	94	5	34	32256	896	0	0	0	896
254	7312	0	1	0	1	0	0	1	24	94	5	34	32256	896	0	0	0	896
254	7328	0	1	0	1	0	0	1	23	222	6	35	32256	896	0	0	0	896
254	7360	0	1	0	1	0	0	1	23	222	6	35	32256	896	0	0	0	896
254	7425	0	1	0	1	0	0	1	24	77	4	32	32256	896	0	0	0	896
254	7426	0	1	0	1	0	0	1	22	222	6	34	32256	896	0	0	0	896
254	7428	0	1	0	1	0	0	1	22	222	6	34	32256	896	0	0	0	896
254	7432	0	1	0	1	0	0	1	24	94	5	34	32256	896	0	0	0	896
254	7440	0	1	0	1	0	0	1	24	94	5	34	32256	896	0	0	0	896
254	7456	0	1	0	1	0	0	1	23	222	6	35	32256	896	0	0	0	896
254	7488	0	1	0	1	0	0	1	23	222	6	35	32256	896	0	0	0	896
254	7552	0	1	0	1	0	0	1	23	222	6	35	32256	896	0	0	0	896
254	7681	0	1	0	1	0	0	1	30	1	1	32	32256	768	0	0	0	768
254	7682	0	1	0	1	0	0	1	28	11	3	34	32256	768	0	0	0	768
254	7684	0	1	0	1	0	0	1	28	11	3	34	32256	768	0	0	0	768
254	7688	0	1	0	1	0	0	1	28	11	3	34	32256	768	0	0	0	768
254	7696	0	1	0	1	0	0	1	28	11	3	34	32256	768	0	0	0	768
254	7712	0	1	0	1	0	0	1	27	75	4	35	32256	768	0	0	0	768
254	7744	0	1	0	1	0	0	1	27	75	4	35	32256	768	0	0	0	768
254	7808	0	1	0	1	0	0	1	27	75	4	35	32256	768	0	0	0	768
254	7936	0	1	0	1	0	0	1	27	75	4	35	32256	768	0	0	0	768
254	8207	0	1	0	1	0	0	1	19	75	4	27	32256	992	0	0	0	992
254	8215	0	1	0	1	0	0	1	19	75	4	27	32256	992	0	0	0	992
254	8219	0	1	0	1	0	0	1	19	75	4	27	32256	992	0	0	0	992
254	8221	0	1	0	1	0	0	1	19	75	4	27	32256	992	0	0	0	992
254	8222	0	1	0	1	0	0	1	21	75	4	29	32256	992	0	0	0	992
254	8231	0	1	0	1	0	0	1	20	75	4	28	32256	992	0	0	0	992
254	8235	0	1	0	1	0	0	1	20	75	4	28	32256	992	0	0	0	992
254	8237	0	1	0	1	0	0	1	20	75	4	28	32256	992	0	0	0	992
254	8238	0	1	0	1	0	0	1	22	75	4	30	32256	992	0	0	0	992
254	8243	0	1	0	1	0	0	1	20	75	4	28	32256	992	0	0	0	992
254	8245	0	1	0	1	0	0	1	20	75	4	28	32256	992	0	0	0	992
254	8246	0	1	0	1	0	0	1	22	75	4	30	32256	992	0	0	0	992
254	8249	0	1	0	1	0	0	1	20	75	4	28	32256	992	0	0	0	992
254	8250	0	1	0	1	0	0	1	22	75	4	30	32256	992	0	0	0	992
254	8252	0	1	0	1	0	0	1	22	75	4	30	32256	992	0	0	0	992
254	8263	0	1	0	1	0	0	1	20	75	4	28	32256	992	0	0	0	992
254	8267	0	1	0	1	0	0	1	20	75	4	28	32256	992	0	0	0	992
254	8269	0	1	0	1	0	0	1	20	75	4	28	32256	992	0	0	0	992
254	8270	0	1	0	1	0	0	1	22	75	4	30	32256	992	0	0	0	992
254	8275	0	1	0	1	0	0	1	20	75	4	28	32256	992	0	0	0	992
254	8277	0	1	0	1	0	0	1	20	75	4	28	32256	992	0	0	0	992
254	8278	0	1	0	1	0	0	1	22	75	4	30	32256	992	0	0	0	992
254	8281	0	1	0	1	0	0	1	20	75	4	28	32256	992	0	0	0	992
254	8282	0	1	0	1	0	0	1	22	75	4	30	32256	992	0	0	0	992
254	8284	0	1	0	1	0	0	1	22	75	4	30	32256	992	0	0	0	992
254	8291	0	1	0	1	0	0	1	21	75	4	29	32256	992	0	0	0	992
254	8293	0	1	0	1	0	0	1	21	75	4	29	32256	992	0	0	0	992
254	8294	0	1	0	1	0	0	1	23	75	4	31	32256	992	0	0	0	992
254	8297	0	1	0	1	0	0	1	21	75	4	29	32256	992	0	0	0	992
254	8298	0	1	0	1	0	0	1	23	75	4	31	32256	992	0	0	0	992
254	8300	0	1	0	1	0	0	1	23	75	4	31	32256	992	0	0	0	992
254	8305	0	1	0	1	0	0	1	21	75	4	29	32256	992	0	0	0	992
254	8306	0	1	0	1	0	0	1	23	75	4	31	32256	992	0	0	0	992
254	8308	0	1	0	1	0	0	1	23	75	4	31	32256	992	0	0	0	992
254	8312	0	1	0	1	0	0	1	23	75	4	31	32256	992	0	0	0	992
254	8327	0	1	0	1	0	0	1	20	75	4	28	32256	992	0	0	0	992
254	8331	0	1	0	1	0	0	1	20	75	4	28	32256	992	0	0	0	992
254	8333	0	1	0	1	0	0	1	20	75	4	28	32256	992	0	0	0	992
254	8334	0	1	0	1	0	0	1	22	75	4	30	32256	992	0	0	0	992
254	8339	0	1	0	1	0	0	1	20	75	4	28	32256	992	0	0	0	992
254	8341	0	1	0	1	0	0	1	20	75	4	28	32256	992	0	0	0	992
254	8342	0	1	0	1	0	0	1	22	75	4	30	32256	992	0	0	0	992
254	8345	0	1	0	1	0	0	1	20	75	4	28	32256	992	0	0	0	992
254	8346	0	1	0	1	0	0	1	22	75	4	30	32256	992	0	0	0	992
254	8348	0	1	0	1	0	0	1	22	75	4	30	32256	992	0	0	0	992
254	8355	0	1	0	1	0	0	1	21	75	4	29	32256	992	0	0	0	992
254	8357	0	1	0	1	0	0	1	21	75	4	29	32256	992	0	0	0	992
254	8358	0	1	0	1	0	0	1	23	75	4	31	32256	992	0	0	0	992
254	8361	0	1	0	1	0	0	1	21	75	4	29	32256	992	0	0	0	992
254	8362	0	1	0	1	0	0	1	23	75	4	31	32256	992	0	0	0	992
254	8364	0	1	0	1	0	0	1	23	75	4	31	32256	992	0	0	0	992
254	8369	0	1	0	1	0	0	1	21	75	4	29	32256	992	0	0	0	992
254	8370	0	1	0	1	0	0	1	23	75	4	31	32256	992	0	0	0	992
254	8372	0	1	0	1	0	0	1	23	75	4	31	32256	992	0	0	0	992
254	8376	0	1	0	1	0	0	1	23	75	4	31	32256	992	0	0	0	992
254	8387	0	1	0	1	0	0	1	21	75	4	29	32256	992	0	0	0	992
254	8389	0	1	0	1	0	0	1	21	75	4	29	32256	992	0	0	0	992
254	8390	0	1	0	1	0	0	1	23	75	4	31	32256	992	0	0	0	992
254	8393	0	1	0	1	0	0	1	21	75	4	29	32256	992	0	0	0	992
254	8394	0	1	0	1	0	0	1	23	75	4	31	32256	992	0	0	0	992
254	8396	0	1	0	1	0	0	1	23	75	4	31	32256	992	0	0	0	992
254	8401	0	1	0	1	0	0	1	21	75	4	29	32256	992	0	0	0	992
254	8402	0	1	0	1	0	0	1	23	75	4	31	32256	992	0	0	0	992
254	8404	0	1	0	1	0	0	1	23	75	4	31	32256	992	0	0	0	992
254	8408	0	1	0	1	0	0	1	23	75	4	31	32256	992	0	0	0	992
254	8417	0	1	0	1	0	0	1	22	75	4	30	32256	992	0	0	0	992
254	8418	0	1	0	1	0	0	1	24	75	4	32	32256	992	0	0	0	992
254	8420	0	1	0	1	0	0	1	24	75	4	32	32256	992	0	0	0	992
254	8424	0	1	0	1	0	0	1	24	75	4	32	32256	992	0	0	0	992
254	8432	0	1	0	1	0	0	1	24	75	4	32	32256	992	0	0	0	992
254	8455	0	1	0	1	0	0	1	20	75	4	28	32256	992	0	0	0	992
254	8459	0	1	0	1	0	0	1	20	75	4	28	32256	992	0	0	0	992
254	8461	0	1	0	1	0	0	1	20	75	4	28	32256	992	0	0	0	992
254	8462	0	1	0	1	0	0	1	22	75	4	30	32256	992	0	0	0	992
254	8467	0	1	0	1	0	0	1	20	75	4	28	32256	992	0	0	0	992
254	8469	0	1	0	1	0	0	1	20	75	4	28	32256	992	0	0	0	992
254	8470	0	1	0	1	0	0	1	22	75	4	30	32256	992	0	0	0	992
254	8473	0	1	0	1	0	0	1	20	75	4	28	32256	992	0	0	0	992
254	8474	0	1	0	1	0	0	1	22	75	4	30	32256	992	0	0	0	992
254	8476	0	1	0	1	0	0	1	22	75	4	30	32256	992	0	0	0	992
254	8483	0	1	0	1	0	0	1	21	75	4	29	32256	992	0	0	0	992
254	8485	0	1	0	1	0	0	1	21	75	4	29	32256	992	0	0	0	992
254	8486	0	1	0	1	0	0	1	23	75	4	31	32256	992	0	0	0	992
254	8489	0	1	0	1	0	0	1	21	75	4	29	32256	992	0	0	0	992
254	8490	0	1	0	1	0	0	1	23	75	4	31	32256	992	0	0	0	992
254	8492	0	1	0	1	0	0	1	23	75	4	31	32256	992	0	0	0	992
254	8497	0	1	0	1	0	0	1	21	75	4	29	32256	992	0	0	0	992
254	8498	0	1	0	1	0	0	1	23	75	4	31	32256	992	0	0	0	992
254	8500	0	1	0	1	0	0	1	23	75	4	31	32256	992	0	0	0	992
254	8504	0	1	0	1	0	0	1	23	75	4	31	32256	992	0	0	0	992
254	8515	0	1	0	1	0	0	1	21	75	4	29	32256	992	0	0	0	992
254	8517	0	1	0	1	0	0	1	21	75	4	29	32256	992	0	0	0	992
254	8518	0	1	0	1	0	0	1	23	75	4	31	32256	992	0	0	0	992
254	8521	0	1	0	1	0	0	1	21	75	4	29	32256	992	0	0	0	992
254	8522	0	1	0	1	0	0	1	23	75	4	31	32256	992	0	0	0	992
254	8524	0	1	0	1	0	0	1	23	75	4	31	32256	992	0	0	0	992
254	8529	0	1	0	1	0	0	1	21	75	4	29	32256	992	0	0	0	992
254	8530	0	1	0	1	0	0	1	23	75	4	31	32256	992	0	0	0	992
254	8532	0	1	0	1	0	0	1	23	75	4	31	32256	992	0	0	0	992
254	8536	0	1	0	1	0	0	1	23	75	4	31	32256	992	0	0	0	992
254	8545	0	1	0	1	0	0	1	22	75	4	30	32256	992	0	0	0	992
254	8546	0	1	0	1	0	0	1	24	75	4	32	32256	992	0	0	0	992
254	8548	0	1	0	1	0	0	1	24	75	4	32	32256	992	0	0	0	992
254	8552	0	1	0	1	0	0	1	24	75	4	32	32256	992	0	0	0	992
254	8560	0	1	0	1	0	0	1	24	75	4	32	32256	992	0	0	0	992
254	8579	0	1	0	1	0	0	1	21	75	4	29	32256	992	0	0	0	992
254	8581	0	1	0	1	0	0	1	21	75	4	29	32256	992	0	0	0	992
254	8582	0	1	0	1	0	0	1	23	75	4	31	32256	992	0	0	0	992
254	8585	0	1	0	1	0	0	1	21	75	4	29	32256	992	0	0	0	992
254	8586	0	1	0	1	0	0	1	23	75	4	31	32256	992	0	0	0	992
254	8588	0	1	0	1	0	0	1	23	75	4	31	32256	992	0	0	0	992
254	8593	0	1	0	1	0	0	1	21	75	4	29	32256	992	0	0	0	992
254	8594	0	1	0	1	0	0	1	23	75	4	31	32256	992	0	0	0	992
254	8596	0	1	0	1	0	0	1	23	75	4	31	32256	992	0	0	0	992
254	8600	0	1	0	1	0	0	1	23	75	4	31	32256	992	0	0	0	992
254	8609	0	1	0	1	0	0	1	22	75	4	30	32256	992	0	0	0	992
254	8610	0	1	0	1	0	0	1	24	75	4	32	32256	992	0	0	0	992
254	8612	0	1	0	1	0	0	1	24	75	4	32	32256	992	0	0	0	992
254	8616	0	1	0	1	0	0	1	24	75	4	32	32256	992	0	0	0	992
254	8624	0	1	0	1	0	0	1	24	75	4	32	32256	992	0	0	0	992
254	8641	0	1	0	1	0	0	1	22	75	4	30	32256	992	0	0	0	992
254	8642	0	1	0	1	0	0	1	24	75	4	32	32256	992	0	0	0	992
254	8644	0	1	0	1	0	0	1	24	75	4	32	32256	992	0	0	0	992
254	8648	0	1	0	1	0	0	1	24	75	4	32	32256	992	0	0	0	992
254	8656	0	1	0	1	0	0	1	24	75	4	32	32256	992	0	0	0	992
254	8672	0	1	0	1	0	0	1	25	75	4	33	32256	992	0	0	0	992
254	8711	0	1	0	1	0	0	1	22	11	3	28	32256	960	0	0	0	960
254	8715	0	1	0	1	0	0	1	20	77	4	28	32256	960	0	0	0	960
254	8717	0	1	0	1	0	0	1	20	77	4	28	32256	960	0	0	0	960
254	8718	0	1	0	1	0	0	1	22	77	4	30	32256	960	0	0	0	960
254	8723	0	1	0	1	0	0	1	20	77	4	28	32256	960	0	0	0	960
254	8725	0	1	0	1	0	0	1	20	77	4	28	32256	960	0	0	0	960
254	8726	0	1	0	1	0	0	1	22	77	4	30	32256	960	0	0	0	960
254	8729	0	1	0	1	0	0	1	18	94	5	28	32256	960	0	0	0	960
254	8730	0	1	0	1	0	0	1	20	94	5	30	32256	960	0	0	0	960
254	8732	0	1	0	1	0	0	1	20	94	5	30	32256	960	0	0	0	960
254	8739	0	1	0	1	0	0	1	21	77	4	29	32256	960	0	0	0	960
254	8741	0	1	0	1	0	0	1	21	77	4	29	32256	960	0	0	0	960
254	8742	0	1	0	1	0	0	1	23	77	4	31	32256	960	0	0	0	960
254	8745	0	1	0	1	0	0	1	19	94	5	29	32256	960	0	0	0	960
254	8746	0	1	0	1	0	0	1	21	94	5	31	32256	960	0	0	0	960
254	8748	0	1	0	1	0	0	1	21	94	5	31	32256	960	0	0	0	960
254	8753	0	1	0	1	0	0	1	19	94	5	29	32256	960	0	0	0	960
254	8754	0	1	0	1	0	0	1	21	94	5	31	32256	960	0	0	0	960
254	8756	0	1	0	1	0	0	1	21	94	5	31	32256	960	0	0	0	960
254	8760	0	1	0	1	0	0	1	19	222	6	31	32256	960	0	0	0	960
254	8771	0	1	0	1	0	0	1	21	77	4	29	32256	960	0	0	0	960
254	8773	0	1	0	1	0	0	1	21	77	4	29	32256	960	0	0	0	960
254	8774	0	1	0	1	0	0	1	23	77	4	31	32256	960	0	0	0	960
254	8777	0	1	0	1	0	0	1	19	94	5	29	32256	960	0	0	0	960
254	8778	0	1	0	1	0	0	1	21	94	5	31	32256	960	0	0	0	960
254	8780	0	1	0	1	0	0	1	21	94	5	31	32256	960	0	0	0	960
254	8785	0	1	0	1	0	0	1	19	94	5	29	32256	960	0	0	0	960
254	8786	0	1	0	1	0	0	1	21	94	5	31	32256	960	0	0	0	960
254	8788	0	1	0	1	0	0	1	21	94	5	31	32256	960	0	0	0	960
254	8792	0	1	0	1	0	0	1	19	222	6	31	32256	960	0	0	0	960
254	8801	0	1	0	1	0	0	1	20	94	5	30	32256	960	0	0	0	960
254	8802	0	1	0	1	0	0	1	22	94	5	32	32256	960	0	0	0	960
254	8804	0	1	0	1	0	0	1	22	94	5	32	32256	960	0	0	0	960
254	8808	0	1	0	1	0	0	1	20	222	6	32	32256	960	0	0	0	960
254	8816	0	1	0	1	0	0	1	20	222	6	32	32256	960	0	0	0	960
254	8835	0	1	0	1	0	0	1	21	77	4	29	32256	960	0	0	0	960
254	8837	0	1	0	1	0	0	1	21	77	4	29	32256	960	0	0	0	960
254	8838	0	1	0	1	0	0	1	23	77	4	31	32256	960	0	0	0	960
254	8841	0	1	0	1	0	0	1	19	94	5	29	32256	960	0	0	0	960
254	8842	0	1	0	1	0	0	1	21	94	5	31	32256	960	0	0	0	960
254	8844	0	1	0	1	0	0	1	21	94	5	31	32256	960	0	0	0	960
254	8849	0	1	0	1	0	0	1	19	94	5	29	32256	960	0	0	0	960
254	8850	0	1	0	1	0	0	1	21	94	5	31	32256	960	0	0	0	960
254	8852	0	1	0	1	0	0	1	21	94	5	31	32256	960	0	0	0	960
254	8856	0	1	0	1	0	0	1	19	222	6	31	32256	960	0	0	0	960
254	8865	0	1	0	1	0	0	1	20	94	5	30	32256	960	0	0	0	960
254	8866	0	1	0	1	0	0	1	22	94	5	32	32256	960	0	0	0	960
254	8868	0	1	0	1	0	0	1	22	94	5	32	32256	960	0	0	0	960
254	8872	0	1	0	1	0	0	1	20	222	6	32	32256	960	0	0	0	960
254	8880	0	1	0	1	0	0	1	20	222	6	32	32256	960	0	0	0	960
254	8897	0	1	0	1	0	0	1	20	94	5	30	32256	960	0	0	0	960
254	8898	0	1	0	1	0	0	1	22	94	5	32	32256	960	0	0	0	960
254	8900	0	1	0	1	0	0	1	22	94	5	32	32256	960	0	0	0	960
254	8904	0	1	0	1	0	0	1	20	222	6	32	32256	960	0	0	0	960
254	8912	0	1	0	1	0	0	1	20	222	6	32	32256	960	0	0	0	960
254	8928	0	1	0	1	0	0	1	21	222	6	33	32256	960	0	0	0	960
254	8963	0	1	0	1	0	0	1	21	77	4	29	32256	960	0	0	0	960
254	8965	0	1	0	1	0	0	1	21	77	4	29	32256	960	0	0	0	960
254	8966	0	1	0	1	0	0	1	23	77	4	31	32256	960	0	0	0	960
254	8969	0	1	0	1	0	0	1	19	94	5	29	32256	960	0	0	0	960
254	8970	0	1	0	1	0	0	1	21	94	5	31	32256	960	0	0	0	960
254	8972	0	1	0	1	0	0	1	21	94	5	31	32256	960	0	0	0	960
254	8977	0	1	0	1	0	0	1	19	94	5	29	32256	960	0	0	0	960
254	8978	0	1	0	1	0	0	1	21	94	5	31	32256	960	0	0	0	960
254	8980	0	1	0	1	0	0	1	21	94	5	31	32256	960	0	0	0	960
254	8984	0	1	0	1	0	0	1	19	222	6	31	32256	960	0	0	0	960
254	8993	0	1	0	1	0	0	1	20	94	5	30	32256	960	0	0	0	960
254	8994	0	1	0	1	0	0	1	22	94	5	32	32256	960	0	0	0	960
254	8996	0	1	0	1	0	0	1	22	94	5	32	32256	960	0	0	0	960
254	9000	0	1	0	1	0	0	1	20	222	6	32	32256	960	0	0	0	960
254	9008	0	1	0	1	0	0	1	20	222	6	32	32256	960	0	0	0	960
254	9025	0	1	0	1	0	0	1	20	94	5	30	32256	960	0	0	0	960
254	9026	0	1	0	1	0	0	1	22	94	5	32	32256	960	0	0	0	960
254	9028	0	1	0	1	0	0	1	22	94	5	32	32256	960	0	0	0	960
254	9032	0	1	0	1	0	0	1	20	222	6	32	32256	960	0	0	0	960
254	9040	0	1	0	1	0	0	1	20	222	6	32	32256	960	0	0	0	960
254	9056	0	1	0	1	0	0	1	21	222	6	33	32256	960	0	0	0	960
254	9089	0	1	0	1	0	0	1	20	94	5	30	32256	960	0	0	0	960
254	9090	0	1	0	1	0	0	1	22	94	5	32	32256	960	0	0	0	960
254	9092	0	1	0	1	0	0	1	22	94	5	32	32256	960	0	0	0	960
254	9096	0	1	0	1	0	0	1	20	222	6	32	32256	960	0	0	0	960
254	9104	0	1	0	1	0	0	1	20	222	6	32	32256	960	0	0	0	960
254	9120	0	1	0	1	0	0	1	21	222	6	33	32256	960	0	0	0	960
254	9152	0	1	0	1	0	0	1	21	222	6	33	32256	960	0	0	0	960
254	9223	0	1	0	1	0	0	1	17	222	6	29	32256	960	0	0	0	960
254	9227	0	1	0	1	0	0	1	19	94	5	29	32256	960	0	0	0	960
254	9229	0	1	0	1	0	0	1	19	94	5	29	32256	960	0	0	0	960
254	9230	0	1	0	1	0	0	1	21	94	5	31	32256	960	0	0	0	960
254	9235	0	1	0	1	0	0	1	19	94	5	29	32256	960	0	0	0	960
254	9237	0	1	0	1	0	0	1	19	94	5	29	32256	960	0	0	0	960
254	9238	0	1	0	1	0	0	1	21	94	5	31	32256	960	0	0	0	960
254	9241	0	1	0	1	0	0	1	21	77	4	29	32256	960	0	0	0	960
254	9242	0	1	0	1	0	0	1	23	77	4	31	32256	960	0	0	0	960
254	9244	0	1	0	1	0	0	1	23	77	4	31	32256	960	0	0	0	960
254	9251	0	1	0	1	0	0	1	18	222	6	30	32256	960	0	0	0	960
254	9253	0	1	0	1	0	0	1	18	222	6	30	32256	960	0	0	0	960
254	9254	0	1	0	1	0	0	1	20	222	6	32	32256	960	0	0	0	960
254	9257	0	1	0	1	0	0	1	20	94	5	30	32256	960	0	0	0	960
254	9258	0	1	0	1	0	0	1	22	94	5	32	32256	960	0	0	0	960
254	9260	0	1	0	1	0	0	1	22	94	5	32	32256	960	0	0	0	960
254	9265	0	1	0	1	0	0	1	20	94	5	30	32256	960	0	0	0	960
254	9266	0	1	0	1	0	0	1	22	94	5	32	32256	960	0	0	0	960
254	9268	0	1	0	1	0	0	1	22	94	5	32	32256	960	0	0	0	960
254	9272	0	1	0	1	0	0	1	24	77	4	32	32256	960	0	0	0	960
254	9283	0	1	0	1	0	0	1	18	222	6	30	32256	960	0	0	0	960
254	9285	0	1	0	1	0	0	1	18	222	6	30	32256	960	0	0	0	960
254	9286	0	1	0	1	0	0	1	20	222	6	32	32256	960	0	0	0	960
254	9289	0	1	0	1	0	0	1	20	94	5	30	32256	960	0	0	0	960
254	9290	0	1	0	1	0	0	1	22	94	5	32	32256	960	0	0	0	960
254	9292	0	1	0	1	0	0	1	22	94	5	32	32256	960	0	0	0	960
254	9297	0	1	0	1	0	0	1	20	94	5	30	32256	960	0	0	0	960
254	9298	0	1	0	1	0	0	1	22	94	5	32	32256	960	0	0	0	960
254	9300	0	1	0	1	0	0	1	22	94	5	32	32256	960	0	0	0	960
254	9304	0	1	0	1	0	0	1	24	77	4	32	32256	960	0	0	0	960
254	9313	0	1	0	1	0	0	1	19	222	6	31	32256	960	0	0	0	960
254	9314	0	1	0	1	0	0	1	21	222	6	33	32256	960	0	0	0	960
254	9316	0	1	0	1	0	0	1	21	222	6	33	32256	960	0	0	0	960
254	9320	0	1	0	1	0	0	1	23	94	5	33	32256	960	0	0	0	960
254	9328	0	1	0	1	0	0	1	23	94	5	33	32256	960	0	0	0	960
254	9347	0	1	0	1	0	0	1	18	222	6	30	32256	960	0	0	0	960
254	9349	0	1	0	1	0	0	1	18	222	6	30	32256	960	0	0	0	960
254	9350	0	1	0	1	0	0	1	20	222	6	32	32256	960	0	0	0	960
254	9353	0	1	0	1	0	0	1	20	94	5	30	32256	960	0	0	0	960
254	9354	0	1	0	1	0	0	1	22	94	5	32	32256	960	0	0	0	960
254	9356	0	1	0	1	0	0	1	22	94	5	32	32256	960	0	0	0	960
254	9361	0	1	0	1	0	0	1	20	94	5	30	32256	960	0	0	0	960
254	9362	0	1	0	1	0	0	1	22	94	5	32	32256	960	0	0	0	960
254	9364	0	1	0	1	0	0	1	22	94	5	32	32256	960	0	0	0	960
254	9368	0	1	0	1	0	0	1	24	77	4	32	32256	960	0	0	0	960
254	9377	0	1	0	1	0	0	1	19	222	6	31	32256	960	0	0	0	960
254	9378	0	1	0	1	0	0	1	21	222	6	33	32256	960	0	0	0	960
254	9380	0	1	0	1	0	0	1	21	222	6	33	32256	960	0	0	0	960
254	9384	0	1	0	1	0	0	1	23	94	5	33	32256	960	0	0	0	960
254	9392	0	1	0	1	0	0	1	23	94	5	33	32256	960	0	0	0	960
254	9409	0	1	0	1	0	0	1	19	222	6	31	32256	960	0	0	0	960
254	9410	0	1	0	1	0	0	1	21	222	6	33	32256	960	0	0	0	960
254	9412	0	1	0	1	0	0	1	21	222	6	33	32256	960	0	0	0	960
254	9416	0	1	0	1	0	0	1	23	94	5	33	32256	960	0	0	0	960
254	9424	0	1	0	1	0	0	1	23	94	5	33	32256	960	0	0	0	960
254	9440	0	1	0	1	0	0	1	22	222	6	34	32256	960	0	0	0	960
254	9475	0	1	0	1	0	0	1	18	222	6	30	32256	960	0	0	0	960
254	9477	0	1	0	1	0	0	1	18	222	6	30	32256	960	0	0	0	960
254	9478	0	1	0	1	0	0	1	20	222	6	32	32256	960	0	0	0	960
254	9481	0	1	0	1	0	0	1	20	94	5	30	32256	960	0	0	0	960
254	9482	0	1	0	1	0	0	1	22	94	5	32	32256	960	0	0	0	960
254	9484	0	1	0	1	0	0	1	22	94	5	32	32256	960	0	0	0	960
254	9489	0	1	0	1	0	0	1	20	94	5	30	32256	960	0	0	0	960
254	9490	0	1	0	1	0	0	1	22	94	5	32	32256	960	0	0	0	960
254	9492	0	1	0	1	0	0	1	22	94	5	32	32256	960	0	0	0	960
254	9496	0	1	0	1	0	0	1	24	77	4	32	32256	960	0	0	0	960
254	9505	0	1	0	1	0	0	1	19	222	6	31	32256	960	0	0	0	960
254	9506	0	1	0	1	0	0	1	21	222	6	33	32256	960	0	0	0	960
254	9508	0	1	0	1	0	0	1	21	222	6	33	32256	960	0	0	0	960
254	9512	0	1	0	1	0	0	1	23	94	5	33	32256	960	0	0	0	960
254	9520	0	1	0	1	0	0	1	23	94	5	33	32256	960	0	0	0	960
254	9537	0	1	0	1	0	0	1	19	222	6	31	32256	960	0	0	0	960
254	9538	0	1	0	1	0	0	1	21	222	6	33	32256	960	0	0	0	960
254	9540	0	1	0	1	0	0	1	21	222	6	33	32256	960	0	0	0	960
254	9544	0	1	0	1	0	0	1	23	94	5	33	32256	960	0	0	0	960
254	9552	0	1	0	1	0	0	1	23	94	5	33	32256	960	0	0	0	960
254	9568	0	1	0	1	0	0	1	22	222	6	34	32256	960	0	0	0	960
254	9601	0	1	0	1	0	0	1	19	222	6	31	32256	960	0	0	0	960
254	9602	0	1	0	1	0	0	1	21	222	6	33	32256	960	0	0	0	960
254	9604	0	1	0	1	0	0	1	21	222	6	33	32256	960	0	0	0	960
254	9608	0	1	0	1	0	0	1	23	94	5	33	32256	960	0	0	0	960
254	9616	0	1	0	1	0	0	1	23	94	5	33	32256	960	0	0	0	960
254	9632	0	1	0	1	0	0	1	22	222	6	34	32256	960	0	0	0	960
254	9664	0	1	0	1	0	0	1	22	222	6	34	32256	960	0	0	0	960
254	9731	0	1	0	1	0	0	1	22	30	4	30	32256	896	0	0	0	896
254	9733	0	1	0	1	0	0	1	22	30	4	30	32256	896	0	0	0	896
254	9734	0	1	0	1	0	0	1	24	30	4	32	32256	896	0	0	0	896
254	9737	0	1	0	1	0	0	1	22	86	4	30	32256	896	0	0	0	896
254	9738	0	1	0	1	0	0	1	24	86	4	32	32256	896	0	0	0	896
254	9740	0	1	0	1	0	0	1	24	86	4	32	32256	896	0	0	0	896
254	9745	0	1	0	1	0	0	1	22	86	4	30	32256	896	0	0	0	896
254	9746	0	1	0	1	0	0	1	24	86	4	32	32256	896	0	0	0	896
254	9748	0	1	0	1	0	0	1	24	86	4	32	32256	896	0	0	0	896
254	9752	0	1	0	1	0	0	1	24	30	4	32	32256	896	0	0	0	896
254	9761	0	1	0	1	0	0	1	21	94	5	31	32256	896	0	0	0	896
254	9762	0	1	0	1	0	0	1	23	94	5	33	32256	896	0	0	0	896
254	9764	0	1	0	1	0	0	1	23	94	5	33	32256	896	0	0	0	896
254	9768	0	1	0	1	0	0	1	23	94	5	33	32256	896	0	0	0	896
254	9776	0	1	0	1	0	0	1	23	94	5	33	32256	896	0	0	0	896
254	9793	0	1	0	1	0	0	1	21	94	5	31	32256	896	0	0	0	896
254	9794	0	1	0	1	0	0	1	23	94	5	33	32256	896	0	0	0	896
254	9796	0	1	0	1	0	0	1	23	94	5	33	32256	896	0	0	0	896
254	9800	0	1	0	1	0	0	1	23	94	5	33	32256	896	0	0	0	896
254	9808	0	1	0	1	0	0	1	23	94	5	33	32256	896	0	0	0	896
254	9824	0	1	0	1	0	0	1	22	222	6	34	32256	896	0	0	0	896
254	9857	0	1	0	1	0	0	1	21	94	5	31	32256	896	0	0	0	896
254	9858	0	1	0	1	0	0	1	23	94	5	33	32256	896	0	0	0	896
254	9860	0	1	0	1	0	0	1	23	94	5	33	32256	896	0	0	0	896
254	9864	0	1	0	1	0	0	1	23	94	5	33	32256	896	0	0	0	896
254	9872	0	1	0	1	0	0	1	23	94	5	33	32256	896	0	0	0	896
254	9888	0	1	0	1	0	0	1	22	222	6	34	32256	896	0	0	0	896
254	9920	0	1	0	1	0	0	1	22	222	6	34	32256	896	0	0	0	896
254	9985	0	1	0	1	0	0	1	21	94	5	31	32256	896	0	0	0	896
254	9986	0	1	0	1	0	0	1	23	94	5	33	32256	896	0	0	0	896
254	9988	0	1	0	1	0	0	1	23	94	5	33	32256	896	0	0	0	896
254	9992	0	1	0	1	0	0	1	23	94	5	33	32256	896	0	0	0	896
254	10000	0	1	0	1	0	0	1	23	94	5	33	32256	896	0	0	0	896
254	10016	0	1	0	1	0	0	1	22	222	6	34	32256	896	0	0	0	896
254	10048	0	1	0	1	0	0	1	22	222	6	34	32256	896	0	0	0	896
254	10112	0	1	0	1	0	0	1	22	222	6	34	32256	896	0	0	0	896
254	10247	0	1	0	1	0	0	1	20	94	5	30	32256	960	0	0	0	960
254	10251	0	1	0	1	0	0	1	20	94	5	30	32256	960	0	0	0	960
254	10253	0	1	0	1	0	0	1	20	94	5	30	32256	960	0	0	0	960
254	10254	0	1	0	1	0	0	1	20	222	6	32	32256	960	0	0	0	960
254	10259	0	1	0	1	0	0	1	20	94	5	30	32256	960	0	0	0	960
254	10261	0	1	0	1	0	0	1	20	94	5	30	32256	960	0	0	0	960
254	10262	0	1	0	1	0	0	1	20	222	6	32	32256	960	0	0	0	960
254	10265	0	1	0	1	0	0	1	20	94	5	30	32256	960	0	0	0	960
254	10266	0	1	0	1	0	0	1	20	222	6	32	32256	960	0	0	0	960
254	10268	0	1	0	1	0	0	1	20	222	6	32	32256	960	0	0	0	960
254	10275	0	1	0	1	0	0	1	21	94	5	31	32256	960	0	0	0	960
254	10277	0	1	0	1	0	0	1	21	94	5	31	32256	960	0	0	0	960
254	10278	0	1	0	1	0	0	1	21	222	6	33	32256	960	0	0	0	960
254	10281	0	1	0	1	0	0	1	21	94	5	31	32256	960	0	0	0	960
254	10282	0	1	0	1	0	0	1	21	222	6	33	32256	960	0	0	0	960
254	10284	0	1	0	1	0	0	1	21	222	6	33	32256	960	0	0	0	960
254	10289	0	1	0	1	0	0	1	21	94	5	31	32256	960	0	0	0	960
254	10290	0	1	0	1	0	0	1	21	222	6	33	32256	960	0	0	0	960
254	10292	0	1	0	1	0	0	1	21	222	6	33	32256	960	0	0	0	960
254	10296	0	1	0	1	0	0	1	21	222	6	33	32256	960	0	0	0	960
254	10307	0	1	0	1	0	0	1	21	94	5	31	32256	960	0	0	0	960
254	10309	0	1	0	1	0	0	1	21	94	5	31	32256	960	0	0	0	960
254	10310	0	1	0	1	0	0	1	21	222	6	33	32256	960	0	0	0	960
254	10313	0	1	0	1	0	0	1	21	94	5	31	32256	960	0	0	0	960
254	10314	0	1	0	1	0	0	1	21	222	6	33	32256	960	0	0	0	960
254	10316	0	1	0	1	0	0	1	21	222	6	33	32256	960	0	0	0	960
254	10321	0	1	0	1	0	0	1	21	94	5	31	32256	960	0	0	0	960
254	10322	0	1	0	1	0	0	1	21	222	6	33	32256	960	0	0	0	960
254	10324	0	1	0	1	0	0	1	21	222	6	33	32256	960	0	0	0	960
254	10328	0	1	0	1	0	0	1	21	222	6	33	32256	960	0	0	0	960
254	10337	0	1	0	1	0	0	1	22	94	5	32	32256	960	0	0	0	960
254	10338	0	1	0	1	0	0	1	22	222	6	34	32256	960	0	0	0	960
254	10340	0	1	0	1	0	0	1	22	222	6	34	32256	960	0	0	0	960
254	10344	0	1	0	1	0	0	1	22	222	6	34	32256	960	0	0	0	960
254	10352	0	1	0	1	0	0	1	22	222	6	34	32256	960	0	0	0	960
254	10371	0	1	0	1	0	0	1	21	94	5	31	32256	960	0	0	0	960
254	10373	0	1	0	1	0	0	1	21	94	5	31	32256	960	0	0	0	960
254	10374	0	1	0	1	0	0	1	21	222	6	33	32256	960	0	0	0	960
254	10377	0	1	0	1	0	0	1	21	94	5	31	32256	960	0	0	0	960
254	10378	0	1	0	1	0	0	1	21	222	6	33	32256	960	0	0	0	960
254	10380	0	1	0	1	0	0	1	21	222	6	33	32256	960	0	0	0	960
254	10385	0	1	0	1	0	0	1	21	94	5	31	32256	960	0	0	0	960
254	10386	0	1	0	1	0	0	1	21	222	6	33	32256	960	0	0	0	960
254	10388	0	1	0	1	0	0	1	21	222	6	33	32256	960	0	0	0	960
254	10392	0	1	0	1	0	0	1	21	222	6	33	32256	960	0	0	0	960
254	10401	0	1	0	1	0	0	1	22	94	5	32	32256	960	0	0	0	960
254	10402	0	1	0	1	0	0	1	22	222	6	34	32256	960	0	0	0	960
254	10404	0	1	0	1	0	0	1	22	222	6	34	32256	960	0	0	0	960
254	10408	0	1	0	1	0	0	1	22	222	6	34	32256	960	0	0	0	960
254	10416	0	1	0	1	0	0	1	22	222	6	34	32256	960	0	0	0	960
254	10433	0	1	0	1	0	0	1	22	94	5	32	32256	960	0	0	0	960
254	10434	0	1	0	1	0	0	1	22	222	6	34	32256	960	0	0	0	960
254	10436	0	1	0	1	0	0	1	22	222	6	34	32256	960	0	0	0	960
254	10440	0	1	0	1	0	0	1	22	222	6	34	32256	960	0	0	0	960
254	10448	0	1	0	1	0	0	1	22	222	6	34	32256	960	0	0	0	960
254	10464	0	1	0	1	0	0	1	23	222	6	35	32256	960	0	0	0	960
254	10499	0	1	0	1	0	0	1	21	94	5	31	32256	960	0	0	0	960
254	10501	0	1	0	1	0	0	1	21	94	5	31	32256	960	0	0	0	960
254	10502	0	1	0	1	0	0	1	21	222	6	33	32256	960	0	0	0	960
254	10505	0	1	0	1	0	0	1	21	94	5	31	32256	960	0	0	0	960
254	10506	0	1	0	1	0	0	1	21	222	6	33	32256	960	0	0	0	960
254	10508	0	1	0	1	0	0	1	21	222	6	33	32256	960	0	0	0	960
254	10513	0	1	0	1	0	0	1	21	94	5	31	32256	960	0	0	0	960
254	10514	0	1	0	1	0	0	1	21	222	6	33	32256	960	0	0	0	960
254	10516	0	1	0	1	0	0	1	21	222	6	33	32256	960	0	0	0	960
254	10520	0	1	0	1	0	0	1	21	222	6	33	32256	960	0	0	0	960
254	10529	0	1	0	1	0	0	1	22	94	5	32	32256	960	0	0	0	960
254	10530	0	1	0	1	0	0	1	22	222	6	34	32256	960	0	0	0	960
254	10532	0	1	0	1	0	0	1	22	222	6	34	32256	960	0	0	0	960
254	10536	0	1	0	1	0	0	1	22	222	6	34	32256	960	0	0	0	960
254	10544	0	1	0	1	0	0	1	22	222	6	34	32256	960	0	0	0	960
254	10561	0	1	0	1	0	0	1	22	94	5	32	32256	960	0	0	0	960
254	10562	0	1	0	1	0	0	1	22	222	6	34	32256	960	0	0	0	960
254	10564	0	1	0	1	0	0	1	22	222	6	34	32256	960	0	0	0	960
254	10568	0	1	0	1	0	0	1	22	222	6	34	32256	960	0	0	0	960
254	10576	0	1	0	1	0	0	1	22	222	6	34	32256	960	0	0	0	960
254	10592	0	1	0	1	0	0	1	23	222	6	35	32256	960	0	0	0	960
254	10625	0	1	0	1	0	0	1	22	94	5	32	32256	960	0	0	0	960
254	10626	0	1	0	1	0	0	1	22	222	6	34	32256	960	0	0	0	960
254	10628	0	1	0	1	0	0	1	22	222	6	34	32256	960	0	0	0	960
254	10632	0	1	0	1	0	0	1	22	222	6	34	32256	960	0	0	0	960
254	10640	0	1	0	1	0	0	1	22	222	6	34	32256	960	0	0	0	960
254	10656	0	1	0	1	0	0	1	23	222	6	35	32256	960	0	0	0	960
254	10688	0	1	0	1	0	0	1	23	222	6	35	32256	960	0	0	0	960
254	10755	0	1	0	1	0	0	1	25	13	3	31	32256	896	0	0	0	896
254	10757	0	1	0	1	0	0	1	25	13	3	31	32256	896	0	0	0	896
254	10758	0	1	0	1	0	0	1	25	30	4	33	32256	896	0	0	0	896
254	10761	0	1	0	1	0	0	1	23	77	4	31	32256	896	0	0	0	896
254	10762	0	1	0	1	0	0	1	23	94	5	33	32256	896	0	0	0	896
254	10764	0	1	0	1	0	0	1	23	94	5	33	32256	896	0	0	0	896
254	10769	0	1	0	1	0	0	1	23	77	4	31	32256	896	0	0	0	896
254	10770	0	1	0	1	0	0	1	23	94	5	33	32256	896	0	0	0	896
254	10772	0	1	0	1	0	0	1	23	94	5	33	32256	896	0	0	0	896
254	10776	0	1	0	1	0	0	1	21	222	6	33	32256	896	0	0	0	896
254	10785	0	1	0	1	0	0	1	24	77	4	32	32256	896	0	0	0	896
254	10786	0	1	0	1	0	0	1	24	94	5	34	32256	896	0	0	0	896
254	10788	0	1	0	1	0	0	1	24	94	5	34	32256	896	0	0	0	896
254	10792	0	1	0	1	0	0	1	22	222	6	34	32256	896	0	0	0	896
254	10800	0	1	0	1	0	0	1	22	222	6	34	32256	896	0	0	0	896
254	10817	0	1	0	1	0	0	1	24	77	4	32	32256	896	0	0	0	896
254	10818	0	1	0	1	0	0	1	24	94	5	34	32256	896	0	0	0	896
254	10820	0	1	0	1	0	0	1	24	94	5	34	32256	896	0	0	0	896
254	10824	0	1	0	1	0	0	1	22	222	6	34	32256	896	0	0	0	896
254	10832	0	1	0	1	0	0	1	22	222	6	34	32256	896	0	0	0	896
254	10848	0	1	0	1	0	0	1	23	222	6	35	32256	896	0	0	0	896
254	10881	0	1	0	1	0	0	1	24	77	4	32	32256	896	0	0	0	896
254	10882	0	1	0	1	0	0	1	24	94	5	34	32256	896	0	0	0	896
254	10884	0	1	0	1	0	0	1	24	94	5	34	32256	896	0	0	0	896
254	10888	0	1	0	1	0	0	1	22	222	6	34	32256	896	0	0	0	896
254	10896	0	1	0	1	0	0	1	22	222	6	34	32256	896	0	0	0	896
254	10912	0	1	0	1	0	0	1	23	222	6	35	32256	896	0	0	0	896
254	10944	0	1	0	1	0	0	1	23	222	6	35	32256	896	0	0	0	896
254	11009	0	1	0	1	0	0	1	24	77	4	32	32256	896	0	0	0	896
254	11010	0	1	0	1	0	0	1	24	94	5	34	32256	896	0	0	0	896
254	11012	0	1	0	1	0	0	1	24	94	5	34	32256	896	0	0	0	896
254	11016	0	1	0	1	0	0	1	22	222	6	34	32256	896	0	0	0	896
254	11024	0	1	0	1	0	0	1	22	222	6	34	32256	896	0	0	0	896
254	11040	0	1	0	1	0	0	1	23	222	6	35	32256	896	0	0	0	896
254	11072	0	1	0	1	0	0	1	23	222	6	35	32256	896	0	0	0	896
254	11136	0	1	0	1	0	0	1	23	222	6	35	32256	896	0	0	0	896
254	11267	0	1	0	1	0	0	1	22	94	5	32	32256	896	0	0	0	896
254	11269	0	1	0	1	0	0	1	22	94	5	32	32256	896	0	0	0	896
254	11270	0	1	0	1	0	0	1	22	222	6	34	32256	896	0	0	0	896
254	11273	0	1	0	1	0	0	1	24	86	4	32	32256	896	0	0	0	896
254	11274	0	1	0	1	0	0	1	24	94	5	34	32256	896	0	0	0	896
254	11276	0	1	0	1	0	0	1	24	94	5	34	32256	896	0	0	0	896
254	11281	0	1	0	1	0	0	1	24	86	4	32	32256	896	0	0	0	896
254	11282	0	1	0	1	0	0	1	24	94	5	34	32256	896	0	0	0	896
254	11284	0	1	0	1	0	0	1	24	94	5	34	32256	896	0	0	0	896
254	11288	0	1	0	1	0	0	1	26	30	4	34	32256	896	0	0	0	896
254	11297	0	1	0	1	0	0	1	23	94	5	33	32256	896	0	0	0	896
254	11298	0	1	0	1	0	0	1	23	222	6	35	32256	896	0	0	0	896
254	11300	0	1	0	1	0	0	1	23	222	6	35	32256	896	0	0	0	896
254	11304	0	1	0	1	0	0	1	25	94	5	35	32256	896	0	0	0	896
254	11312	0	1	0	1	0	0	1	25	94	5	35	32256	896	0	0	0	896
254	11329	0	1	0	1	0	0	1	23	94	5	33	32256	896	0	0	0	896
254	11330	0	1	0	1	0	0	1	23	222	6	35	32256	896	0	0	0	896
254	11332	0	1	0	1	0	0	1	23	222	6	35	32256	896	0	0	0	896
254	11336	0	1	0	1	0	0	1	25	94	5	35	32256	896	0	0	0	896
254	11344	0	1	0	1	0	0	1	25	94	5	35	32256	896	0	0	0	896
254	11360	0	1	0	1	0	0	1	24	222	6	36	32256	896	0	0	0	896
254	11393	0	1	0	1	0	0	1	23	94	5	33	32256	896	0	0	0	896
254	11394	0	1	0	1	0	0	1	23	222	6	35	32256	896	0	0	0	896
254	11396	0	1	0	1	0	0	1	23	222	6	35	32256	896	0	0	0	896
254	11400	0	1	0	1	0	0	1	25	94	5	35	32256	896	0	0	0	896
254	11408	0	1	0	1	0	0	1	25	94	5	35	32256	896	0	0	0	896
254	11424	0	1	0	1	0	0	1	24	222	6	36	32256	896	0	0	0	896
254	11456	0	1	0	1	0	0	1	24	222	6	36	32256	896	0	0	0	896
254	11521	0	1	0	1	0	0	1	23	94	5	33	32256	896	0	0	0	896
254	11522	0	1	0	1	0	0	1	23	222	6	35	32256	896	0	0	0	896
254	11524	0	1	0	1	0	0	1	23	222	6	35	32256	896	0	0	0	896
254	11528	0	1	0	1	0	0	1	25	94	5	35	32256	896	0	0	0	896
254	11536	0	1	0	1	0	0	1	25	94	5	35	32256	896	0	0	0	896
254	11552	0	1	0	1	0	0	1	24	222	6	36	32256	896	0	0	0	896
254	11584	0	1	0	1	0	0	1	24	222	6	36	32256	896	0	0	0	896
254	11648	0	1	0	1	0	0	1	24	222	6	36	32256	896	0	0	0	896
254	11777	0	1	0	1	0	0	1	29	3	2	33	32256	768	0	0	0	768
254	11778	0	1	0	1	0	0	1	29	11	3	35	32256	768	0	0	0	768
254	11780	0	1	0	1	0	0	1	29	11	3	35	32256	768	0	0	0	768
254	11784	0	1	0	1	0	0	1	29	11	3	35	32256	768	0	0	0	768
254	11792	0	1	0	1	0	0	1	29	11	3	35	32256	768	0	0	0	768
254	11808	0	1	0	1	0	0	1	28	75	4	36	32256	768	0	0	0	768
254	11840	0	1	0	1	0	0	1	28	75	4	36	32256	768	0	0	0	768
254	11904	0	1	0	1	0	0	1	28	75	4	36	32256	768	0	0	0	768
254	12032	0	1	0	1	0	0	1	28	75	4	36	32256	768	0	0	0	768
254	12295	0	1	0	1	0	0	1	20	94	5	30	32256	960	0	0	0	960
254	12299	0	1	0	1	0	0	1	20	94	5	30	32256	960	0	0	0	960
254	12301	0	1	0	1	0	0	1	20	94	5	30	32256	960	0	0	0	960
254	12302	0	1	0	1	0	0	1	20	222	6	32	32256	960	0	0	0	960
254	12307	0	1	0	1	0	0	1	20	94	5	30	32256	960	0	0	0	960
254	12309	0	1	0	1	0	0	1	20	94	5	30	32256	960	0	0	0	960
254	12310	0	1	0	1	0	0	1	20	222	6	32	32256	960	0	0	0	960
254	12313	0	1	0	1	0	0	1	20	94	5	30	32256	960	0	0	0	960
254	12314	0	1	0	1	0	0	1	20	222	6	32	32256	960	0	0	0	960
254	12316	0	1	0	1	0	0	1	20	222	6	32	32256	960	0	0	0	960
254	12323	0	1	0	1	0	0	1	21	94	5	31	32256	960	0	0	0	960
254	12325	0	1	0	1	0	0	1	21	94	5	31	32256	960	0	0	0	960
254	12326	0	1	0	1	0	0	1	21	222	6	33	32256	960	0	0	0	960
254	12329	0	1	0	1	0	0	1	21	94	5	31	32256	960	0	0	0	960
254	12330	0	1	0	1	0	0	1	21	222	6	33	32256	960	0	0	0	960
254	12332	0	1	0	1	0	0	1	21	222	6	33	32256	960	0	0	0	960
254	12337	0	1	0	1	0	0	1	21	94	5	31	32256	960	0	0	0	960
254	12338	0	1	0	1	0	0	1	21	222	6	33	32256	960	0	0	0	960
254	12340	0	1	0	1	0	0	1	21	222	6	33	32256	960	0	0	0	960
254	12344	0	1	0	1	0	0	1	21	222	6	33	32256	960	0	0	0	960
254	12355	0	1	0	1	0	0	1	21	94	5	31	32256	960	0	0	0	960
254	12357	0	1	0	1	0	0	1	21	94	5	31	32256	960	0	0	0	960
254	12358	0	1	0	1	0	0	1	21	222	6	33	32256	960	0	0	0	960
254	12361	0	1	0	1	0	0	1	21	94	5	31	32256	960	0	0	0	960
254	12362	0	1	0	1	0	0	1	21	222	6	33	32256	960	0	0	0	960
254	12364	0	1	0	1	0	0	1	21	222	6	33	32256	960	0	0	0	960
254	12369	0	1	0	1	0	0	1	21	94	5	31	32256	960	0	0	0	960
254	12370	0	1	0	1	0	0	1	21	222	6	33	32256	960	0	0	0	960
254	12372	0	1	0	1	0	0	1	21	222	6	33	32256	960	0	0	0	960
254	12376	0	1	0	1	0	0	1	21	222	6	33	32256	960	0	0	0	960
254	12385	0	1	0	1	0	0	1	22	94	5	32	32256	960	0	0	0	960
254	12386	0	1	0	1	0	0	1	22	222	6	34	32256	960	0	0	0	960
254	12388	0	1	0	1	0	0	1	22	222	6	34	32256	960	0	0	0	960
254	12392	0	1	0	1	0	0	1	22	222	6	34	32256	960	0	0	0	960
254	12400	0	1	0	1	0	0	1	22	222	6	34	32256	960	0	0	0	960
254	12419	0	1	0	1	0	0	1	21	94	5	31	32256	960	0	0	0	960
254	12421	0	1	0	1	0	0	1	21	94	5	31	32256	960	0	0	0	960
254	12422	0	1	0	1	0	0	1	21	222	6	33	32256	960	0	0	0	960
254	12425	0	1	0	1	0	0	1	21	94	5	31	32256	960	0	0	0	960
254	12426	0	1	0	1	0	0	1	21	222	6	33	32256	960	0	0	0	960
254	12428	0	1	0	1	0	0	1	21	222	6	33	32256	960	0	0	0	960
254	12433	0	1	0	1	0	0	1	21	94	5	31	32256	960	0	0	0	960
254	12434	0	1	0	1	0	0	1	21	222	6	33	32256	960	0	0	0	960
254	12436	0	1	0	1	0	0	1	21	222	6	33	32256	960	0	0	0	960
254	12440	0	1	0	1	0	0	1	21	222	6	33	32256	960	0	0	0	960
254	12449	0	1	0	1	0	0	1	22	94	5	32	32256	960	0	0	0	960
254	12450	0	1	0	1	0	0	1	22	222	6	34	32256	960	0	0	0	960
254	12452	0	1	0	1	0	0	1	22	222	6	34	32256	960	0	0	0	960
254	12456	0	1	0	1	0	0	1	22	222	6	34	32256	960	0	0	0	960
254	12464	0	1	0	1	0	0	1	22	222	6	34	32256	960	0	0	0	960
254	12481	0	1	0	1	0	0	1	22	94	5	32	32256	960	0	0	0	960
254	12482	0	1	0	1	0	0	1	22	222	6	34	32256	960	0	0	0	960
254	12484	0	1	0	1	0	0	1	22	222	6	34	32256	960	0	0	0	960
254	12488	0	1	0	1	0	0	1	22	222	6	34	32256	960	0	0	0	960
254	12496	0	1	0	1	0	0	1	22	222	6	34	32256	960	0	0	0	960
254	12512	0	1	0	1	0	0	1	23	222	6	35	32256	960	0	0	0	960
254	12547	0	1	0	1	0	0	1	21	94	5	31	32256	960	0	0	0	960
254	12549	0	1	0	1	0	0	1	21	94	5	31	32256	960	0	0	0	960
254	12550	0	1	0	1	0	0	1	21	222	6	33	32256	960	0	0	0	960
254	12553	0	1	0	1	0	0	1	21	94	5	31	32256	960	0	0	0	960
254	12554	0	1	0	1	0	0	1	21	222	6	33	32256	960	0	0	0	960
254	12556	0	1	0	1	0	0	1	21	222	6	33	32256	960	0	0	0	960
254	12561	0	1	0	1	0	0	1	21	94	5	31	32256	960	0	0	0	960
254	12562	0	1	0	1	0	0	1	21	222	6	33	32256	960	0	0	0	960
254	12564	0	1	0	1	0	0	1	21	222	6	33	32256	960	0	0	0	960
254	12568	0	1	0	1	0	0	1	21	222	6	33	32256	960	0	0	0	960
254	12577	0	1	0	1	0	0	1	22	94	5	32	32256	960	0	0	0	960
254	12578	0	1	0	1	0	0	1	22	222	6	34	32256	960	0	0	0	960
254	12580	0	1	0	1	0	0	1	22	222	6	34	32256	960	0	0	0	960
254	12584	0	1	0	1	0	0	1	22	222	6	34	32256	960	0	0	0	960
254	12592	0	1	0	1	0	0	1	22	222	6	34	32256	960	0	0	0	960
254	12609	0	1	0	1	0	0	1	22	94	5	32	32256	960	0	0	0	960
254	12610	0	1	0	1	0	0	1	22	222	6	34	32256	960	0	0	0	960
254	12612	0	1	0	1	0	0	1	22	222	6	34	32256	960	0	0	0	960
254	12616	0	1	0	1	0	0	1	22	222	6	34	32256	960	0	0	0	960
254	12624	0	1	0	1	0	0	1	22	222	6	34	32256	960	0	0	0	960
254	12640	0	1	0	1	0	0	1	23	222	6	35	32256	960	0	0	0	960
254	12673	0	1	0	1	0	0	1	22	94	5	32	32256	960	0	0	0	960
254	12674	0	1	0	1	0	0	1	22	222	6	34	32256	960	0	0	0	960
254	12676	0	1	0	1	0	0	1	22	222	6	34	32256	960	0	0	0	960
254	12680	0	1	0	1	0	0	1	22	222	6	34	32256	960	0	0	0	960
254	12688	0	1	0	1	0	0	1	22	222	6	34	32256	960	0	0	0	960
254	12704	0	1	0	1	0	0	1	23	222	6	35	32256	960	0	0	0	960
254	12736	0	1	0	1	0	0	1	23	222	6	35	32256	960	0	0	0	960
254	12803	0	1	0	1	0	0	1	25	13	3	31	32256	896	0	0	0	896
254	12805	0	1	0	1	0	0	1	25	13	3	31	32256	896	0	0	0	896
254	12806	0	1	0	1	0	0	1	25	30	4	33	32256	896	0	0	0	896
254	12809	0	1	0	1	0	0	1	23	77	4	31	32256	896	0	0	0	896
254	12810	0	1	0	1	0	0	1	23	94	5	33	32256	896	0	0	0	896
254	12812	0	1	0	1	0	0	1	23	94	5	33	32256	896	0	0	0	896
254	12817	0	1	0	1	0	0	1	23	77	4	31	32256	896	0	0	0	896
254	12818	0	1	0	1	0	0	1	23	94	5	33	32256	896	0	0	0	896
254	12820	0	1	0	1	0	0	1	23	94	5	33	32256	896	0	0	0	896
254	12824	0	1	0	1	0	0	1	21	222	6	33	32256	896	0	0	0	896
254	12833	0	1	0	1	0	0	1	24	77	4	32	32256	896	0	0	0	896
254	12834	0	1	0	1	0	0	1	24	94	5	34	32256	896	0	0	0	896
254	12836	0	1	0	1	0	0	1	24	94	5	34	32256	896	0	0	0	896
254	12840	0	1	0	1	0	0	1	22	222	6	34	32256	896	0	0	0	896
254	12848	0	1	0	1	0	0	1	22	222	6	34	32256	896	0	0	0	896
254	12865	0	1	0	1	0	0	1	24	77	4	32	32256	896	0	0	0	896
254	12866	0	1	0	1	0	0	1	24	94	5	34	32256	896	0	0	0	896
254	12868	0	1	0	1	0	0	1	24	94	5	34	32256	896	0	0	0	896
254	12872	0	1	0	1	0	0	1	22	222	6	34	32256	896	0	0	0	896
254	12880	0	1	0	1	0	0	1	22	222	6	34	32256	896	0	0	0	896
254	12896	0	1	0	1	0	0	1	23	222	6	35	32256	896	0	0	0	896
254	12929	0	1	0	1	0	0	1	24	77	4	32	32256	896	0	0	0	896
254	12930	0	1	0	1	0	0	1	24	94	5	34	32256	896	0	0	0	896
254	12932	0	1	0	1	0	0	1	24	94	5	34	32256	896	0	0	0	896
254	12936	0	1	0	1	0	0	1	22	222	6	34	32256	896	0	0	0	896
254	12944	0	1	0	1	0	0	1	22	222	6	34	32256	896	0	0	0	896
254	12960	0	1	0	1	0	0	1	23	222	6	35	32256	896	0	0	0	896
254	12992	0	1	0	1	0	0	1	23	222	6	35	32256	896	0	0	0	896
254	13057	0	1	0	1	0	0	1	24	77	4	32	32256	896	0	0	0	896
254	13058	0	1	0	1	0	0	1	24	94	5	34	32256	896	0	0	0	896
254	13060	0	1	0	1	0	0	1	24	94	5	34	32256	896	0	0	0	896
254	13064	0	1	0	1	0	0	1	22	222	6	34	32256	896	0	0	0	896
254	13072	0	1	0	1	0	0	1	22	222	6	34	32256	896	0	0	0	896
254	13088	0	1	0	1	0	0	1	23	222	6	35	32256	896	0	0	0	896
254	13120	0	1	0	1	0	0	1	23	222	6	35	32256	896	0	0	0	896
254	13184	0	1	0	1	0	0	1	23	222	6	35	32256	896	0	0	0	896
254	13315	0	1	0	1	0	0	1	22	94	5	32	32256	896	0	0	0	896
254	13317	0	1	0	1	0	0	1	22	94	5	32	32256	896	0	0	0	896
254	13318	0	1	0	1	0	0	1	22	222	6	34	32256	896	0	0	0	896
254	13321	0	1	0	1	0	0	1	24	86	4	32	32256	896	0	0	0	896
254	13322	0	1	0	1	0	0	1	24	94	5	34	32256	896	0	0	0	896
254	13324	0	1	0	1	0	0	1	24	94	5	34	32256	896	0	0	0	896
254	13329	0	1	0	1	0	0	1	24	86	4	32	32256	896	0	0	0	896
254	13330	0	1	0	1	0	0	1	24	94	5	34	32256	896	0	0	0	896
254	13332	0	1	0	1	0	0	1	24	94	5	34	32256	896	0	0	0	896
254	13336	0	1	0	1	0	0	1	26	30	4	34	32256	896	0	0	0	896
254	13345	0	1	0	1	0	0	1	23	94	5	33	32256	896	0	0	0	896
254	13346	0	1	0	1	0	0	1	23	222	6	35	32256	896	0	0	0	896
254	13348	0	1	0	1	0	0	1	23	222	6	35	32256	896	0	0	0	896
254	13352	0	1	0	1	0	0	1	25	94	5	35	32256	896	0	0	0	896
254	13360	0	1	0	1	0	0	1	25	94	5	35	32256	896	0	0	0	896
254	13377	0	1	0	1	0	0	1	23	94	5	33	32256	896	0	0	0	896
254	13378	0	1	0	1	0	0	1	23	222	6	35	32256	896	0	0	0	896
254	13380	0	1	0	1	0	0	1	23	222	6	35	32256	896	0	0	0	896
254	13384	0	1	0	1	0	0	1	25	94	5	35	32256	896	0	0	0	896
254	13392	0	1	0	1	0	0	1	25	94	5	35	32256	896	0	0	0	896
254	13408	0	1	0	1	0	0	1	24	222	6	36	32256	896	0	0	0	896
254	13441	0	1	0	1	0	0	1	23	94	5	33	32256	896	0	0	0	896
254	13442	0	1	0	1	0	0	1	23	222	6	35	32256	896	0	0	0	896
254	13444	0	1	0	1	0	0	1	23	222	6	35	32256	896	0	0	0	896
254	13448	0	1	0	1	0	0	1	25	94	5	35	32256	896	0	0	0	896
254	13456	0	1	0	1	0	0	1	25	94	5	35	32256	896	0	0	0	896
254	13472	0	1	0	1	0	0	1	24	222	6	36	32256	896	0	0	0	896
254	13504	0	1	0	1	0	0	1	24	222	6	36	32256	896	0	0	0	896
254	13569	0	1	0	1	0	0	1	23	94	5	33	32256	896	0	0	0	896
254	13570	0	1	0	1	0	0	1	23	222	6	35	32256	896	0	0	0	896
254	13572	0	1	0	1	0	0	1	23	222	6	35	32256	896	0	0	0	896
254	13576	0	1	0	1	0	0	1	25	94	5	35	32256	896	0	0	0	896
254	13584	0	1	0	1	0	0	1	25	94	5	35	32256	896	0	0	0	896
254	13600	0	1	0	1	0	0	1	24	222	6	36	32256	896	0	0	0	896
254	13632	0	1	0	1	0	0	1	24	222	6	36	32256	896	0	0	0	896
254	13696	0	1	0	1	0	0	1	24	222	6	36	32256	896	0	0	0	896
254	13825	0	1	0	1	0	0	1	29	3	2	33	32256	768	0	0	0	768
254	13826	0	1	0	1	0	0	1	29	11	3	35	32256	768	0	0	0	768
254	13828	0	1	0	1	0	0	1	29	11	3	35	32256	768	0	0	0	768
254	13832	0	1	0	1	0	0	1	29	11	3	35	32256	768	0	0	0	768
254	13840	0	1	0	1	0	0	1	29	11	3	35	32256	768	0	0	0	768
254	13856	0	1	0	1	0	0	1	28	75	4	36	32256	768	0	0	0	768
254	13888	0	1	0	1	0	0	1	28	75	4	36	32256	768	0	0	0	768
254	13952	0	1	0	1	0	0	1	28	75	4	36	32256	768	0	0	0	768
254	14080	0	1	0	1	0	0	1	28	75	4	36	32256	768	0	0	0	768
254	14339	0	1	0	1	0	0	1	25	77	4	33	32256	896	0	0	0	896
254	14341	0	1	0	1	0	0	1	25	77	4	33	32256	896	0	0	0	896
254	14342	0	1	0	1	0	0	1	23	222	6	35	32256	896	0	0	0	896
254	14345	0	1	0	1	0	0	1	25	77	4	33	32256	896	0	0	0	896
254	14346	0	1	0	1	0	0	1	23	222	6	35	32256	896	0	0	0	896
254	14348	0	1	0	1	0	0	1	23	222	6	35	32256	896	0	0	0	896
254	14353	0	1	0	1	0	0	1	25	77	4	33	32256	896	0	0	0	896
254	14354	0	1	0	1	0	0	1	23	222	6	35	32256	896	0	0	0	896
254	14356	0	1	0	1	0	0	1	23	222	6	35	32256	896	0	0	0	896
254	14360	0	1	0	1	0	0	1	23	222	6	35	32256	896	0	0	0	896
254	14369	0	1	0	1	0	0	1	26	77	4	34	32256	896	0	0	0	896
254	14370	0	1	0	1	0	0	1	24	222	6	36	32256	896	0	0	0	896
254	14372	0	1	0	1	0	0	1	24	222	6	36	32256	896	0	0	0	896
254	14376	0	1	0	1	0	0	1	24	222	6	36	32256	896	0	0	0	896
254	14384	0	1	0	1	0	0	1	24	222	6	36	32256	896	0	0	0	896
254	14401	0	1	0	1	0	0	1	26	77	4	34	32256	896	0	0	0	896
254	14402	0	1	0	1	0	0	1	24	222	6	36	32256	896	0	0	0	896
254	14404	0	1	0	1	0	0	1	24	222	6	36	32256	896	0	0	0	896
254	14408	0	1	0	1	0	0	1	24	222	6	36	32256	896	0	0	0	896
254	14416	0	1	0	1	0	0	1	24	222	6	36	32256	896	0	0	0	896
254	14432	0	1	0	1	0	0	1	25	222	6	37	32256	896	0	0	0	896
254	14465	0	1	0	1	0	0	1	26	77	4	34	32256	896	0	0	0	896
254	14466	0	1	0	1	0	0	1	24	222	6	36	32256	896	0	0	0	896
254	14468	0	1	0	1	0	0	1	24	222	6	36	32256	896	0	0	0	896
254	14472	0	1	0	1	0	0	1	24	222	6	36	32256	896	0	0	0	896
254	14480	0	1	0	1	0	0	1	24	222	6	36	32256	896	0	0	0	896
254	14496	0	1	0	1	0	0	1	25	222	6	37	32256	896	0	0	0	896
254	14528	0	1	0	1	0	0	1	25	222	6	37	32256	896	0	0	0	896
254	14593	0	1	0	1	0	0	1	26	77	4	34	32256	896	0	0	0	896
254	14594	0	1	0	1	0	0	1	24	222	6	36	32256	896	0	0	0	896
254	14596	0	1	0	1	0	0	1	24	222	6	36	32256	896	0	0	0	896
254	14600	0	1	0	1	0	0	1	24	222	6	36	32256	896	0	0	0	896
254	14608	0	1	0	1	0	0	1	24	222	6	36	32256	896	0	0	0	896
254	14624	0	1	0	1	0	0	1	25	222	6	37	32256	896	0	0	0	896
254	14656	0	1	0	1	0	0	1	25	222	6	37	32256	896	0	0	0	896
254	14720	0	1	0	1	0	0	1	25	222	6	37	32256	896	0	0	0	896
254	14849	0	1	0	1	0	0	1	32	1	1	34	32256	768	0	0	0	768
254	14850	0	1	0	1	0	0	1	30	11	3	36	32256	768	0	0	0	768
254	14852	0	1	0	1	0	0	1	30	11	3	36	32256	768	0	0	0	768
254	14856	0	1	0	1	0	0	1	28	75	4	36	32256	768	0	0	0	768
254	14864	0	1	0	1	0	0	1	28	75	4	36	32256	768	0	0	0	768
254	14880	0	1	0	1	0	0	1	29	75	4	37	32256	768	0	0	0	768
254	14912	0	1	0	1	0	0	1	29	75	4	37	32256	768	0	0	0	768
254	14976	0	1	0	1	0	0	1	29	75	4	37	32256	768	0	0	0	768
254	15104	0	1	0	1	0	0	1	29	75	4	37	32256	768	0	0	0	768
254	15361	0	1	0	1	0	0	1	31	3	2	35	32256	768	0	0	0	768
254	15362	0	1	0	1	0	0	1	29	75	4	37	32256	768	0	0	0	768
254	15364	0	1	0	1	0	0	1	29	75	4	37	32256	768	0	0	0	768
254	15368	0	1	0	1	0	0	1	31	11	3	37	32256	768	0	0	0	768
254	15376	0	1	0	1	0	0	1	31	11	3	37	32256	768	0	0	0	768
254	15392	0	1	0	1	0	0	1	30	75	4	38	32256	768	0	0	0	768
254	15424	0	1	0	1	0	0	1	30	75	4	38	32256	768	0	0	0	768
254	15488	0	1	0	1	0	0	1	30	75	4	38	32256	768	0	0	0	768
254	15616	0	1	0	1	0	0	1	30	75	4	38	32256	768	0	0	0	768
254	15872	0	1	0	1	0	0	1	38	0	0	38	32256	512	0	0	0	512
254	16399	0	1	0	1	0	0	1	19	75	4	27	32256	992	0	0	0	992
254	16407	0	1	0	1	0	0	1	19	75	4	27	32256	992	0	0	0	992
254	16411	0	1	0	1	0	0	1	19	75	4	27	32256	992	0	0	0	992
254	16413	0	1	0	1	0	0	1	19	75	4	27	32256	992	0	0	0	992
254	16414	0	1	0	1	0	0	1	21	75	4	29	32256	992	0	0	0	992
254	16423	0	1	0	1	0	0	1	20	75	4	28	32256	992	0	0	0	992
254	16427	0	1	0	1	0	0	1	20	75	4	28	32256	992	0	0	0	992
254	16429	0	1	0	1	0	0	1	20	75	4	28	32256	992	0	0	0	992
254	16430	0	1	0	1	0	0	1	22	75	4	30	32256	992	0	0	0	992
254	16435	0	1	0	1	0	0	1	20	75	4	28	32256	992	0	0	0	992
254	16437	0	1	0	1	0	0	1	20	75	4	28	32256	992	0	0	0	992
254	16438	0	1	0	1	0	0	1	22	75	4	30	32256	992	0	0	0	992
254	16441	0	1	0	1	0	0	1	20	75	4	28	32256	992	0	0	0	992
254	16442	0	1	0	1	0	0	1	22	75	4	30	32256	992	0	0	0	992
254	16444	0	1	0	1	0	0	1	22	75	4	30	32256	992	0	0	0	992
254	16455	0	1	0	1	0	0	1	20	75	4	28	32256	992	0	0	0	992
254	16459	0	1	0	1	0	0	1	20	75	4	28	32256	992	0	0	0	992
254	16461	0	1	0	1	0	0	1	20	75	4	28	32256	992	0	0	0	992
254	16462	0	1	0	1	0	0	1	22	75	4	30	32256	992	0	0	0	992
254	16467	0	1	0	1	0	0	1	20	75	4	28	32256	992	0	0	0	992
254	16469	0	1	0	1	0	0	1	20	75	4	28	32256	992	0	0	0	992
254	16470	0	1	0	1	0	0	1	22	75	4	30	32256	992	0	0	0	992
254	16473	0	1	0	1	0	0	1	20	75	4	28	32256	992	0	0	0	992
254	16474	0	1	0	1	0	0	1	22	75	4	30	32256	992	0	0	0	992
254	16476	0	1	0	1	0	0	1	22	75	4	30	32256	992	0	0	0	992
254	16483	0	1	0	1	0	0	1	21	75	4	29	32256	992	0	0	0	992
254	16485	0	1	0	1	0	0	1	21	75	4	29	32256	992	0	0	0	992
254	16486	0	1	0	1	0	0	1	23	75	4	31	32256	992	0	0	0	992
254	16489	0	1	0	1	0	0	1	21	75	4	29	32256	992	0	0	0	992
254	16490	0	1	0	1	0	0	1	23	75	4	31	32256	992	0	0	0	992
254	16492	0	1	0	1	0	0	1	23	75	4	31	32256	992	0	0	0	992
254	16497	0	1	0	1	0	0	1	21	75	4	29	32256	992	0	0	0	992
254	16498	0	1	0	1	0	0	1	23	75	4	31	32256	992	0	0	0	992
254	16500	0	1	0	1	0	0	1	23	75	4	31	32256	992	0	0	0	992
254	16504	0	1	0	1	0	0	1	23	75	4	31	32256	992	0	0	0	992
254	16519	0	1	0	1	0	0	1	20	75	4	28	32256	992	0	0	0	992
254	16523	0	1	0	1	0	0	1	20	75	4	28	32256	992	0	0	0	992
254	16525	0	1	0	1	0	0	1	20	75	4	28	32256	992	0	0	0	992
254	16526	0	1	0	1	0	0	1	22	75	4	30	32256	992	0	0	0	992
254	16531	0	1	0	1	0	0	1	20	75	4	28	32256	992	0	0	0	992
254	16533	0	1	0	1	0	0	1	20	75	4	28	32256	992	0	0	0	992
254	16534	0	1	0	1	0	0	1	22	75	4	30	32256	992	0	0	0	992
254	16537	0	1	0	1	0	0	1	20	75	4	28	32256	992	0	0	0	992
254	16538	0	1	0	1	0	0	1	22	75	4	30	32256	992	0	0	0	992
254	16540	0	1	0	1	0	0	1	22	75	4	30	32256	992	0	0	0	992
254	16547	0	1	0	1	0	0	1	21	75	4	29	32256	992	0	0	0	992
254	16549	0	1	0	1	0	0	1	21	75	4	29	32256	992	0	0	0	992
254	16550	0	1	0	1	0	0	1	23	75	4	31	32256	992	0	0	0	992
254	16553	0	1	0	1	0	0	1	21	75	4	29	32256	992	0	0	0	992
254	16554	0	1	0	1	0	0	1	23	75	4	31	32256	992	0	0	0	992
254	16556	0	1	0	1	0	0	1	23	75	4	31	32256	992	0	0	0	992
254	16561	0	1	0	1	0	0	1	21	75	4	29	32256	992	0	0	0	992
254	16562	0	1	0	1	0	0	1	23	75	4	31	32256	992	0	0	0	992
254	16564	0	1	0	1	0	0	1	23	75	4	31	32256	992	0	0	0	992
254	16568	0	1	0	1	0	0	1	23	75	4	31	32256	992	0	0	0	992
254	16579	0	1	0	1	0	0	1	21	75	4	29	32256	992	0	0	0	992
254	16581	0	1	0	1	0	0	1	21	75	4	29	32256	992	0	0	0	992
254	16582	0	1	0	1	0	0	1	23	75	4	31	32256	992	0	0	0	992
254	16585	0	1	0	1	0	0	1	21	75	4	29	32256	992	0	0	0	992
254	16586	0	1	0	1	0	0	1	23	75	4	31	32256	992	0	0	0	992
254	16588	0	1	0	1	0	0	1	23	75	4	31	32256	992	0	0	0	992
254	16593	0	1	0	1	0	0	1	21	75	4	29	32256	992	0	0	0	992
254	16594	0	1	0	1	0	0	1	23	75	4	31	32256	992	0	0	0	992
254	16596	0	1	0	1	0	0	1	23	75	4	31	32256	992	0	0	0	992
254	16600	0	1	0	1	0	0	1	23	75	4	31	32256	992	0	0	0	992
254	16609	0	1	0	1	0	0	1	22	75	4	30	32256	992	0	0	0	992
254	16610	0	1	0	1	0	0	1	24	75	4	32	32256	992	0	0	0	992
254	16612	0	1	0	1	0	0	1	24	75	4	32	32256	992	0	0	0	992
254	16616	0	1	0	1	0	0	1	24	75	4	32	32256	992	0	0	0	992
254	16624	0	1	0	1	0	0	1	24	75	4	32	32256	992	0	0	0	992
254	16647	0	1	0	1	0	0	1	20	75	4	28	32256	992	0	0	0	992
254	16651	0	1	0	1	0	0	1	20	75	4	28	32256	992	0	0	0	992
254	16653	0	1	0	1	0	0	1	20	75	4	28	32256	992	0	0	0	992
254	16654	0	1	0	1	0	0	1	22	75	4	30	32256	992	0	0	0	992
254	16659	0	1	0	1	0	0	1	20	75	4	28	32256	992	0	0	0	992
254	16661	0	1	0	1	0	0	1	20	75	4	28	32256	992	0	0	0	992
254	16662	0	1	0	1	0	0	1	22	75	4	30	32256	992	0	0	0	992
254	16665	0	1	0	1	0	0	1	20	75	4	28	32256	992	0	0	0	992
254	16666	0	1	0	1	0	0	1	22	75	4	30	32256	992	0	0	0	992
254	16668	0	1	0	1	0	0	1	22	75	4	30	32256	992	0	0	0	992
254	16675	0	1	0	1	0	0	1	21	75	4	29	32256	992	0	0	0	992
254	16677	0	1	0	1	0	0	1	21	75	4	29	32256	992	0	0	0	992
254	16678	0	1	0	1	0	0	1	23	75	4	31	32256	992	0	0	0	992
254	16681	0	1	0	1	0	0	1	21	75	4	29	32256	992	0	0	0	992
254	16682	0	1	0	1	0	0	1	23	75	4	31	32256	992	0	0	0	992
254	16684	0	1	0	1	0	0	1	23	75	4	31	32256	992	0	0	0	992
254	16689	0	1	0	1	0	0	1	21	75	4	29	32256	992	0	0	0	992
254	16690	0	1	0	1	0	0	1	23	75	4	31	32256	992	0	0	0	992
254	16692	0	1	0	1	0	0	1	23	75	4	31	32256	992	0	0	0	992
254	16696	0	1	0	1	0	0	1	23	75	4	31	32256	992	0	0	0	992
254	16707	0	1	0	1	0	0	1	21	75	4	29	32256	992	0	0	0	992
254	16709	0	1	0	1	0	0	1	21	75	4	29	32256	992	0	0	0	992
254	16710	0	1	0	1	0	0	1	23	75	4	31	32256	992	0	0	0	992
254	16713	0	1	0	1	0	0	1	21	75	4	29	32256	992	0	0	0	992
254	16714	0	1	0	1	0	0	1	23	75	4	31	32256	992	0	0	0	992
254	16716	0	1	0	1	0	0	1	23	75	4	31	32256	992	0	0	0	992
254	16721	0	1	0	1	0	0	1	21	75	4	29	32256	992	0	0	0	992
254	16722	0	1	0	1	0	0	1	23	75	4	31	32256	992	0	0	0	992
254	16724	0	1	0	1	0	0	1	23	75	4	31	32256	992	0	0	0	992
254	16728	0	1	0	1	0	0	1	23	75	4	31	32256	992	0	0	0	992
254	16737	0	1	0	1	0	0	1	22	75	4	30	32256	992	0	0	0	992
254	16738	0	1	0	1	0	0	1	24	75	4	32	32256	992	0	0	0	992
254	16740	0	1	0	1	0	0	1	24	75	4	32	32256	992	0	0	0	992
254	16744	0	1	0	1	0	0	1	24	75	4	32	32256	992	0	0	0	992
254	16752	0	1	0	1	0	0	1	24	75	4	32	32256	992	0	0	0	992
254	16771	0	1	0	1	0	0	1	21	75	4	29	32256	992	0	0	0	992
254	16773	0	1	0	1	0	0	1	21	75	4	29	32256	992	0	0	0	992
254	16774	0	1	0	1	0	0	1	23	75	4	31	32256	992	0	0	0	992
254	16777	0	1	0	1	0	0	1	21	75	4	29	32256	992	0	0	0	992
254	16778	0	1	0	1	0	0	1	23	75	4	31	32256	992	0	0	0	992
254	16780	0	1	0	1	0	0	1	23	75	4	31	32256	992	0	0	0	992
254	16785	0	1	0	1	0	0	1	21	75	4	29	32256	992	0	0	0	992
254	16786	0	1	0	1	0	0	1	23	75	4	31	32256	992	0	0	0	992
254	16788	0	1	0	1	0	0	1	23	75	4	31	32256	992	0	0	0	992
254	16792	0	1	0	1	0	0	1	23	75	4	31	32256	992	0	0	0	992
254	16801	0	1	0	1	0	0	1	22	75	4	30	32256	992	0	0	0	992
254	16802	0	1	0	1	0	0	1	24	75	4	32	32256	992	0	0	0	992
254	16804	0	1	0	1	0	0	1	24	75	4	32	32256	992	0	0	0	992
254	16808	0	1	0	1	0	0	1	24	75	4	32	32256	992	0	0	0	992
254	16816	0	1	0	1	0	0	1	24	75	4	32	32256	992	0	0	0	992
254	16833	0	1	0	1	0	0	1	22	75	4	30	32256	992	0	0	0	992
254	16834	0	1	0	1	0	0	1	24	75	4	32	32256	992	0	0	0	992
254	16836	0	1	0	1	0	0	1	24	75	4	32	32256	992	0	0	0	992
254	16840	0	1	0	1	0	0	1	24	75	4	32	32256	992	0	0	0	992
254	16848	0	1	0	1	0	0	1	24	75	4	32	32256	992	0	0	0	992
254	16864	0	1	0	1	0	0	1	25	75	4	33	32256	992	0	0	0	992
254	16903	0	1	0	1	0	0	1	22	11	3	28	32256	960	0	0	0	960
254	16907	0	1	0	1	0	0	1	20	77	4	28	32256	960	0	0	0	960
254	16909	0	1	0	1	0	0	1	20	77	4	28	32256	960	0	0	0	960
254	16910	0	1	0	1	0	0	1	22	77	4	30	32256	960	0	0	0	960
254	16915	0	1	0	1	0	0	1	20	77	4	28	32256	960	0	0	0	960
254	16917	0	1	0	1	0	0	1	20	77	4	28	32256	960	0	0	0	960
254	16918	0	1	0	1	0	0	1	22	77	4	30	32256	960	0	0	0	960
254	16921	0	1	0	1	0	0	1	18	94	5	28	32256	960	0	0	0	960
254	16922	0	1	0	1	0	0	1	20	94	5	30	32256	960	0	0	0	960
254	16924	0	1	0	1	0	0	1	20	94	5	30	32256	960	0	0	0	960
254	16931	0	1	0	1	0	0	1	21	77	4	29	32256	960	0	0	0	960
254	16933	0	1	0	1	0	0	1	21	77	4	29	32256	960	0	0	0	960
254	16934	0	1	0	1	0	0	1	23	77	4	31	32256	960	0	0	0	960
254	16937	0	1	0	1	0	0	1	19	94	5	29	32256	960	0	0	0	960
254	16938	0	1	0	1	0	0	1	21	94	5	31	32256	960	0	0	0	960
254	16940	0	1	0	1	0	0	1	21	94	5	31	32256	960	0	0	0	960
254	16945	0	1	0	1	0	0	1	19	94	5	29	32256	960	0	0	0	960
254	16946	0	1	0	1	0	0	1	21	94	5	31	32256	960	0	0	0	960
254	16948	0	1	0	1	0	0	1	21	94	5	31	32256	960	0	0	0	960
254	16952	0	1	0	1	0	0	1	19	222	6	31	32256	960	0	0	0	960
254	16963	0	1	0	1	0	0	1	21	77	4	29	32256	960	0	0	0	960
254	16965	0	1	0	1	0	0	1	21	77	4	29	32256	960	0	0	0	960
254	16966	0	1	0	1	0	0	1	23	77	4	31	32256	960	0	0	0	960
254	16969	0	1	0	1	0	0	1	19	94	5	29	32256	960	0	0	0	960
254	16970	0	1	0	1	0	0	1	21	94	5	31	32256	960	0	0	0	960
254	16972	0	1	0	1	0	0	1	21	94	5	31	32256	960	0	0	0	960
254	16977	0	1	0	1	0	0	1	19	94	5	29	32256	960	0	0	0	960
254	16978	0	1	0	1	0	0	1	21	94	5	31	32256	960	0	0	0	960
254	16980	0	1	0	1	0	0	1	21	94	5	31	32256	960	0	0	0	960
254	16984	0	1	0	1	0	0	1	19	222	6	31	32256	960	0	0	0	960
254	16993	0	1	0	1	0	0	1	20	94	5	30	32256	960	0	0	0	960
254	16994	0	1	0	1	0	0	1	22	94	5	32	32256	960	0	0	0	960
254	16996	0	1	0	1	0	0	1	22	94	5	32	32256	960	0	0	0	960
254	17000	0	1	0	1	0	0	1	20	222	6	32	32256	960	0	0	0	960
254	17008	0	1	0	1	0	0	1	20	222	6	32	32256	960	0	0	0	960
254	17027	0	1	0	1	0	0	1	21	77	4	29	32256	960	0	0	0	960
254	17029	0	1	0	1	0	0	1	21	77	4	29	32256	960	0	0	0	960
254	17030	0	1	0	1	0	0	1	23	77	4	31	32256	960	0	0	0	960
254	17033	0	1	0	1	0	0	1	19	94	5	29	32256	960	0	0	0	960
254	17034	0	1	0	1	0	0	1	21	94	5	31	32256	960	0	0	0	960
254	17036	0	1	0	1	0	0	1	21	94	5	31	32256	960	0	0	0	960
254	17041	0	1	0	1	0	0	1	19	94	5	29	32256	960	0	0	0	960
254	17042	0	1	0	1	0	0	1	21	94	5	31	32256	960	0	0	0	960
254	17044	0	1	0	1	0	0	1	21	94	5	31	32256	960	0	0	0	960
254	17048	0	1	0	1	0	0	1	19	222	6	31	32256	960	0	0	0	960
254	17057	0	1	0	1	0	0	1	20	94	5	30	32256	960	0	0	0	960
254	17058	0	1	0	1	0	0	1	22	94	5	32	32256	960	0	0	0	960
254	17060	0	1	0	1	0	0	1	22	94	5	32	32256	960	0	0	0	960
254	17064	0	1	0	1	0	0	1	20	222	6	32	32256	960	0	0	0	960
254	17072	0	1	0	1	0	0	1	20	222	6	32	32256	960	0	0	0	960
254	17089	0	1	0	1	0	0	1	20	94	5	30	32256	960	0	0	0	960
254	17090	0	1	0	1	0	0	1	22	94	5	32	32256	960	0	0	0	960
254	17092	0	1	0	1	0	0	1	22	94	5	32	32256	960	0	0	0	960
254	17096	0	1	0	1	0	0	1	20	222	6	32	32256	960	0	0	0	960
254	17104	0	1	0	1	0	0	1	20	222	6	32	32256	960	0	0	0	960
254	17120	0	1	0	1	0	0	1	21	222	6	33	32256	960	0	0	0	960
254	17155	0	1	0	1	0	0	1	21	77	4	29	32256	960	0	0	0	960
254	17157	0	1	0	1	0	0	1	21	77	4	29	32256	960	0	0	0	960
254	17158	0	1	0	1	0	0	1	23	77	4	31	32256	960	0	0	0	960
254	17161	0	1	0	1	0	0	1	19	94	5	29	32256	960	0	0	0	960
254	17162	0	1	0	1	0	0	1	21	94	5	31	32256	960	0	0	0	960
254	17164	0	1	0	1	0	0	1	21	94	5	31	32256	960	0	0	0	960
254	17169	0	1	0	1	0	0	1	19	94	5	29	32256	960	0	0	0	960
254	17170	0	1	0	1	0	0	1	21	94	5	31	32256	960	0	0	0	960
254	17172	0	1	0	1	0	0	1	21	94	5	31	32256	960	0	0	0	960
254	17176	0	1	0	1	0	0	1	19	222	6	31	32256	960	0	0	0	960
254	17185	0	1	0	1	0	0	1	20	94	5	30	32256	960	0	0	0	960
254	17186	0	1	0	1	0	0	1	22	94	5	32	32256	960	0	0	0	960
254	17188	0	1	0	1	0	0	1	22	94	5	32	32256	960	0	0	0	960
254	17192	0	1	0	1	0	0	1	20	222	6	32	32256	960	0	0	0	960
254	17200	0	1	0	1	0	0	1	20	222	6	32	32256	960	0	0	0	960
254	17217	0	1	0	1	0	0	1	20	94	5	30	32256	960	0	0	0	960
254	17218	0	1	0	1	0	0	1	22	94	5	32	32256	960	0	0	0	960
254	17220	0	1	0	1	0	0	1	22	94	5	32	32256	960	0	0	0	960
254	17224	0	1	0	1	0	0	1	20	222	6	32	32256	960	0	0	0	960
254	17232	0	1	0	1	0	0	1	20	222	6	32	32256	960	0	0	0	960
254	17248	0	1	0	1	0	0	1	21	222	6	33	32256	960	0	0	0	960
254	17281	0	1	0	1	0	0	1	20	94	5	30	32256	960	0	0	0	960
254	17282	0	1	0	1	0	0	1	22	94	5	32	32256	960	0	0	0	960
254	17284	0	1	0	1	0	0	1	22	94	5	32	32256	960	0	0	0	960
254	17288	0	1	0	1	0	0	1	20	222	6	32	32256	960	0	0	0	960
254	17296	0	1	0	1	0	0	1	20	222	6	32	32256	960	0	0	0	960
254	17312	0	1	0	1	0	0	1	21	222	6	33	32256	960	0	0	0	960
254	17344	0	1	0	1	0	0	1	21	222	6	33	32256	960	0	0	0	960
254	17415	0	1	0	1	0	0	1	17	222	6	29	32256	960	0	0	0	960
254	17419	0	1	0	1	0	0	1	19	94	5	29	32256	960	0	0	0	960
254	17421	0	1	0	1	0	0	1	19	94	5	29	32256	960	0	0	0	960
254	17422	0	1	0	1	0	0	1	21	94	5	31	32256	960	0	0	0	960
254	17427	0	1	0	1	0	0	1	19	94	5	29	32256	960	0	0	0	960
254	17429	0	1	0	1	0	0	1	19	94	5	29	32256	960	0	0	0	960
254	17430	0	1	0	1	0	0	1	21	94	5	31	32256	960	0	0	0	960
254	17433	0	1	0	1	0	0	1	21	77	4	29	32256	960	0	0	0	960
254	17434	0	1	0	1	0	0	1	23	77	4	31	32256	960	0	0	0	960
254	17436	0	1	0	1	0	0	1	23	77	4	31	32256	960	0	0	0	960
254	17443	0	1	0	1	0	0	1	18	222	6	30	32256	960	0	0	0	960
254	17445	0	1	0	1	0	0	1	18	222	6	30	32256	960	0	0	0	960
254	17446	0	1	0	1	0	0	1	20	222	6	32	32256	960	0	0	0	960
254	17449	0	1	0	1	0	0	1	20	94	5	30	32256	960	0	0	0	960
254	17450	0	1	0	1	0	0	1	22	94	5	32	32256	960	0	0	0	960
254	17452	0	1	0	1	0	0	1	22	94	5	32	32256	960	0	0	0	960
254	17457	0	1	0	1	0	0	1	20	94	5	30	32256	960	0	0	0	960
254	17458	0	1	0	1	0	0	1	22	94	5	32	32256	960	0	0	0	960
254	17460	0	1	0	1	0	0	1	22	94	5	32	32256	960	0	0	0	960
254	17464	0	1	0	1	0	0	1	24	77	4	32	32256	960	0	0	0	960
254	17475	0	1	0	1	0	0	1	18	222	6	30	32256	960	0	0	0	960
254	17477	0	1	0	1	0	0	1	18	222	6	30	32256	960	0	0	0	960
254	17478	0	1	0	1	0	0	1	20	222	6	32	32256	960	0	0	0	960
254	17481	0	1	0	1	0	0	1	20	94	5	30	32256	960	0	0	0	960
254	17482	0	1	0	1	0	0	1	22	94	5	32	32256	960	0	0	0	960
254	17484	0	1	0	1	0	0	1	22	94	5	32	32256	960	0	0	0	960
254	17489	0	1	0	1	0	0	1	20	94	5	30	32256	960	0	0	0	960
254	17490	0	1	0	1	0	0	1	22	94	5	32	32256	960	0	0	0	960
254	17492	0	1	0	1	0	0	1	22	94	5	32	32256	960	0	0	0	960
254	17496	0	1	0	1	0	0	1	24	77	4	32	32256	960	0	0	0	960
254	17505	0	1	0	1	0	0	1	19	222	6	31	32256	960	0	0	0	960
254	17506	0	1	0	1	0	0	1	21	222	6	33	32256	960	0	0	0	960
254	17508	0	1	0	1	0	0	1	21	222	6	33	32256	960	0	0	0	960
254	17512	0	1	0	1	0	0	1	23	94	5	33	32256	960	0	0	0	960
254	17520	0	1	0	1	0	0	1	23	94	5	33	32256	960	0	0	0	960
254	17539	0	1	0	1	0	0	1	18	222	6	30	32256	960	0	0	0	960
254	17541	0	1	0	1	0	0	1	18	222	6	30	32256	960	0	0	0	960
254	17542	0	1	0	1	0	0	1	20	222	6	32	32256	960	0	0	0	960
254	17545	0	1	0	1	0	0	1	20	94	5	30	32256	960	0	0	0	960
254	17546	0	1	0	1	0	0	1	22	94	5	32	32256	960	0	0	0	960
254	17548	0	1	0	1	0	0	1	22	94	5	32	32256	960	0	0	0	960
254	17553	0	1	0	1	0	0	1	20	94	5	30	32256	960	0	0	0	960
254	17554	0	1	0	1	0	0	1	22	94	5	32	32256	960	0	0	0	960
254	17556	0	1	0	1	0	0	1	22	94	5	32	32256	960	0	0	0	960
254	17560	0	1	0	1	0	0	1	24	77	4	32	32256	960	0	0	0	960
254	17569	0	1	0	1	0	0	1	19	222	6	31	32256	960	0	0	0	960
254	17570	0	1	0	1	0	0	1	21	222	6	33	32256	960	0	0	0	960
254	17572	0	1	0	1	0	0	1	21	222	6	33	32256	960	0	0	0	960
254	17576	0	1	0	1	0	0	1	23	94	5	33	32256	960	0	0	0	960
254	17584	0	1	0	1	0	0	1	23	94	5	33	32256	960	0	0	0	960
254	17601	0	1	0	1	0	0	1	19	222	6	31	32256	960	0	0	0	960
254	17602	0	1	0	1	0	0	1	21	222	6	33	32256	960	0	0	0	960
254	17604	0	1	0	1	0	0	1	21	222	6	33	32256	960	0	0	0	960
254	17608	0	1	0	1	0	0	1	23	94	5	33	32256	960	0	0	0	960
254	17616	0	1	0	1	0	0	1	23	94	5	33	32256	960	0	0	0	960
254	17632	0	1	0	1	0	0	1	22	222	6	34	32256	960	0	0	0	960
254	17667	0	1	0	1	0	0	1	18	222	6	30	32256	960	0	0	0	960
254	17669	0	1	0	1	0	0	1	18	222	6	30	32256	960	0	0	0	960
254	17670	0	1	0	1	0	0	1	20	222	6	32	32256	960	0	0	0	960
254	17673	0	1	0	1	0	0	1	20	94	5	30	32256	960	0	0	0	960
254	17674	0	1	0	1	0	0	1	22	94	5	32	32256	960	0	0	0	960
254	17676	0	1	0	1	0	0	1	22	94	5	32	32256	960	0	0	0	960
254	17681	0	1	0	1	0	0	1	20	94	5	30	32256	960	0	0	0	960
254	17682	0	1	0	1	0	0	1	22	94	5	32	32256	960	0	0	0	960
254	17684	0	1	0	1	0	0	1	22	94	5	32	32256	960	0	0	0	960
254	17688	0	1	0	1	0	0	1	24	77	4	32	32256	960	0	0	0	960
254	17697	0	1	0	1	0	0	1	19	222	6	31	32256	960	0	0	0	960
254	17698	0	1	0	1	0	0	1	21	222	6	33	32256	960	0	0	0	960
254	17700	0	1	0	1	0	0	1	21	222	6	33	32256	960	0	0	0	960
254	17704	0	1	0	1	0	0	1	23	94	5	33	32256	960	0	0	0	960
254	17712	0	1	0	1	0	0	1	23	94	5	33	32256	960	0	0	0	960
254	17729	0	1	0	1	0	0	1	19	222	6	31	32256	960	0	0	0	960
254	17730	0	1	0	1	0	0	1	21	222	6	33	32256	960	0	0	0	960
254	17732	0	1	0	1	0	0	1	21	222	6	33	32256	960	0	0	0	960
254	17736	0	1	0	1	0	0	1	23	94	5	33	32256	960	0	0	0	960
254	17744	0	1	0	1	0	0	1	23	94	5	33	32256	960	0	0	0	960
254	17760	0	1	0	1	0	0	1	22	222	6	34	32256	960	0	0	0	960
254	17793	0	1	0	1	0	0	1	19	222	6	31	32256	960	0	0	0	960
254	17794	0	1	0	1	0	0	1	21	222	6	33	32256	960	0	0	0	960
254	17796	0	1	0	1	0	0	1	21	222	6	33	32256	960	0	0	0	960
254	17800	0	1	0	1	0	0	1	23	94	5	33	32256	960	0	0	0	960
254	17808	0	1	0	1	0	0	1	23	94	5	33	32256	960	0	0	0	960
254	17824	0	1	0	1	0	0	1	22	222	6	34	32256	960	0	0	0	960
254	17856	0	1	0	1	0	0	1	22	222	6	34	32256	960	0	0	0	960
254	17923	0	1	0	1	0	0	1	22	30	4	30	32256	896	0	0	0	896
254	17925	0	1	0	1	0	0	1	22	30	4	30	32256	896	0	0	0	896
254	17926	0	1	0	1	0	0	1	24	30	4	32	32256	896	0	0	0	896
254	17929	0	1	0	1	0	0	1	22	86	4	30	32256	896	0	0	0	896
254	17930	0	1	0	1	0	0	1	24	86	4	32	32256	896	0	0	0	896
254	17932	0	1	0	1	0	0	1	24	86	4	32	32256	896	0	0	0	896
254	17937	0	1	0	1	0	0	1	22	86	4	30	32256	896	0	0	0	896
254	17938	0	1	0	1	0	0	1	24	86	4	32	32256	896	0	0	0	896
254	17940	0	1	0	1	0	0	1	24	86	4	32	32256	896	0	0	0	896
254	17944	0	1	0	1	0	0	1	24	30	4	32	32256	896	0	0	0	896
254	17953	0	1	0	1	0	0	1	21	94	5	31	32256	896	0	0	0	896
254	17954	0	1	0	1	0	0	1	23	94	5	33	32256	896	0	0	0	896
254	17956	0	1	0	1	0	0	1	23	94	5	33	32256	896	0	0	0	896
254	17960	0	1	0	1	0	0	1	23	94	5	33	32256	896	0	0	0	896
254	17968	0	1	0	1	0	0	1	23	94	5	33	32256	896	0	0	0	896
254	17985	0	1	0	1	0	0	1	21	94	5	31	32256	896	0	0	0	896
254	17986	0	1	0	1	0	0	1	23	94	5	33	32256	896	0	0	0	896
254	17988	0	1	0	1	0	0	1	23	94	5	33	32256	896	0	0	0	896
254	17992	0	1	0	1	0	0	1	23	94	5	33	32256	896	0	0	0	896
254	18000	0	1	0	1	0	0	1	23	94	5	33	32256	896	0	0	0	896
254	18016	0	1	0	1	0	0	1	22	222	6	34	32256	896	0	0	0	896
254	18049	0	1	0	1	0	0	1	21	94	5	31	32256	896	0	0	0	896
254	18050	0	1	0	1	0	0	1	23	94	5	33	32256	896	0	0	0	896
254	18052	0	1	0	1	0	0	1	23	94	5	33	32256	896	0	0	0	896
254	18056	0	1	0	1	0	0	1	23	94	5	33	32256	896	0	0	0	896
254	18064	0	1	0	1	0	0	1	23	94	5	33	32256	896	0	0	0	896
254	18080	0	1	0	1	0	0	1	22	222	6	34	32256	896	0	0	0	896
254	18112	0	1	0	1	0	0	1	22	222	6	34	32256	896	0	0	0	896
254	18177	0	1	0	1	0	0	1	21	94	5	31	32256	896	0	0	0	896
254	18178	0	1	0	1	0	0	1	23	94	5	33	32256	896	0	0	0	896
254	18180	0	1	0	1	0	0	1	23	94	5	33	32256	896	0	0	0	896
254	18184	0	1	0	1	0	0	1	23	94	5	33	32256	896	0	0	0	896
254	18192	0	1	0	1	0	0	1	23	94	5	33	32256	896	0	0	0	896
254	18208	0	1	0	1	0	0	1	22	222	6	34	32256	896	0	0	0	896
254	18240	0	1	0	1	0	0	1	22	222	6	34	32256	896	0	0	0	896
254	18304	0	1	0	1	0	0	1	22	222	6	34	32256	896	0	0	0	896
254	18439	0	1	0	1	0	0	1	20	94	5	30	32256	960	0	0	0	960
254	18443	0	1	0	1	0	0	1	20	94	5	30	32256	960	0	0	0	960
254	18445	0	1	0	1	0	0	1	20	94	5	30	32256	960	0	0	0	960
254	18446	0	1	0	1	0	0	1	20	222	6	32	32256	960	0	0	0	960
254	18451	0	1	0	1	0	0	1	20	94	5	30	32256	960	0	0	0	960
254	18453	0	1	0	1	0	0	1	20	94	5	30	32256	960	0	0	0	960
254	18454	0	1	0	1	0	0	1	20	222	6	32	32256	960	0	0	0	960
254	18457	0	1	0	1	0	0	1	20	94	5	30	32256	960	0	0	0	960
254	18458	0	1	0	1	0	0	1	20	222	6	32	32256	960	0	0	0	960
254	18460	0	1	0	1	0	0	1	20	222	6	32	32256	960	0	0	0	960
254	18467	0	1	0	1	0	0	1	21	94	5	31	32256	960	0	0	0	960
254	18469	0	1	0	1	0	0	1	21	94	5	31	32256	960	0	0	0	960
254	18470	0	1	0	1	0	0	1	21	222	6	33	32256	960	0	0	0	960
254	18473	0	1	0	1	0	0	1	21	94	5	31	32256	960	0	0	0	960
254	18474	0	1	0	1	0	0	1	21	222	6	33	32256	960	0	0	0	960
254	18476	0	1	0	1	0	0	1	21	222	6	33	32256	960	0	0	0	960
254	18481	0	1	0	1	0	0	1	21	94	5	31	32256	960	0	0	0	960
254	18482	0	1	0	1	0	0	1	21	222	6	33	32256	960	0	0	0	960
254	18484	0	1	0	1	0	0	1	21	222	6	33	32256	960	0	0	0	960
254	18488	0	1	0	1	0	0	1	21	222	6	33	32256	960	0	0	0	960
254	18499	0	1	0	1	0	0	1	21	94	5	31	32256	960	0	0	0	960
254	18501	0	1	0	1	0	0	1	21	94	5	31	32256	960	0	0	0	960
254	18502	0	1	0	1	0	0	1	21	222	6	33	32256	960	0	0	0	960
254	18505	0	1	0	1	0	0	1	21	94	5	31	32256	960	0	0	0	960
254	18506	0	1	0	1	0	0	1	21	222	6	33	32256	960	0	0	0	960
254	18508	0	1	0	1	0	0	1	21	222	6	33	32256	960	0	0	0	960
254	18513	0	1	0	1	0	0	1	21	94	5	31	32256	960	0	0	0	960
254	18514	0	1	0	1	0	0	1	21	222	6	33	32256	960	0	0	0	960
254	18516	0	1	0	1	0	0	1	21	222	6	33	32256	960	0	0	0	960
254	18520	0	1	0	1	0	0	1	21	222	6	33	32256	960	0	0	0	960
254	18529	0	1	0	1	0	0	1	22	94	5	32	32256	960	0	0	0	960
254	18530	0	1	0	1	0	0	1	22	222	6	34	32256	960	0	0	0	960
254	18532	0	1	0	1	0	0	1	22	222	6	34	32256	960	0	0	0	960
254	18536	0	1	0	1	0	0	1	22	222	6	34	32256	960	0	0	0	960
254	18544	0	1	0	1	0	0	1	22	222	6	34	32256	960	0	0	0	960
254	18563	0	1	0	1	0	0	1	21	94	5	31	32256	960	0	0	0	960
254	18565	0	1	0	1	0	0	1	21	94	5	31	32256	960	0	0	0	960
254	18566	0	1	0	1	0	0	1	21	222	6	33	32256	960	0	0	0	960
254	18569	0	1	0	1	0	0	1	21	94	5	31	32256	960	0	0	0	960
254	18570	0	1	0	1	0	0	1	21	222	6	33	32256	960	0	0	0	960
254	18572	0	1	0	1	0	0	1	21	222	6	33	32256	960	0	0	0	960
254	18577	0	1	0	1	0	0	1	21	94	5	31	32256	960	0	0	0	960
254	18578	0	1	0	1	0	0	1	21	222	6	33	32256	960	0	0	0	960
254	18580	0	1	0	1	0	0	1	21	222	6	33	32256	960	0	0	0	960
254	18584	0	1	0	1	0	0	1	21	222	6	33	32256	960	0	0	0	960
254	18593	0	1	0	1	0	0	1	22	94	5	32	32256	960	0	0	0	960
254	18594	0	1	0	1	0	0	1	22	222	6	34	32256	960	0	0	0	960
254	18596	0	1	0	1	0	0	1	22	222	6	34	32256	960	0	0	0	960
254	18600	0	1	0	1	0	0	1	22	222	6	34	32256	960	0	0	0	960
254	18608	0	1	0	1	0	0	1	22	222	6	34	32256	960	0	0	0	960
254	18625	0	1	0	1	0	0	1	22	94	5	32	32256	960	0	0	0	960
254	18626	0	1	0	1	0	0	1	22	222	6	34	32256	960	0	0	0	960
254	18628	0	1	0	1	0	0	1	22	222	6	34	32256	960	0	0	0	960
254	18632	0	1	0	1	0	0	1	22	222	6	34	32256	960	0	0	0	960
254	18640	0	1	0	1	0	0	1	22	222	6	34	32256	960	0	0	0	960
254	18656	0	1	0	1	0	0	1	23	222	6	35	32256	960	0	0	0	960
254	18691	0	1	0	1	0	0	1	21	94	5	31	32256	960	0	0	0	960
254	18693	0	1	0	1	0	0	1	21	94	5	31	32256	960	0	0	0	960
254	18694	0	1	0	1	0	0	1	21	222	6	33	32256	960	0	0	0	960
254	18697	0	1	0	1	0	0	1	21	94	5	31	32256	960	0	0	0	960
254	18698	0	1	0	1	0	0	1	21	222	6	33	32256	960	0	0	0	960
254	18700	0	1	0	1	0	0	1	21	222	6	33	32256	960	0	0	0	960
254	18705	0	1	0	1	0	0	1	21	94	5	31	32256	960	0	0	0	960
254	18706	0	1	0	1	0	0	1	21	222	6	33	32256	960	0	0	0	960
254	18708	0	1	0	1	0	0	1	21	222	6	33	32256	960	0	0	0	960
254	18712	0	1	0	1	0	0	1	21	222	6	33	32256	960	0	0	0	960
254	18721	0	1	0	1	0	0	1	22	94	5	32	32256	960	0	0	0	960
254	18722	0	1	0	1	0	0	1	22	222	6	34	32256	960	0	0	0	960
254	18724	0	1	0	1	0	0	1	22	222	6	34	32256	960	0	0	0	960
254	18728	0	1	0	1	0	0	1	22	222	6	34	32256	960	0	0	0	960
254	18736	0	1	0	1	0	0	1	22	222	6	34	32256	960	0	0	0	960
254	18753	0	1	0	1	0	0	1	22	94	5	32	32256	960	0	0	0	960
254	18754	0	1	0	1	0	0	1	22	222	6	34	32256	960	0	0	0	960
254	18756	0	1	0	1	0	0	1	22	222	6	34	32256	960	0	0	0	960
254	18760	0	1	0	1	0	0	1	22	222	6	34	32256	960	0	0	0	960
254	18768	0	1	0	1	0	0	1	22	222	6	34	32256	960	0	0	0	960
254	18784	0	1	0	1	0	0	1	23	222	6	35	32256	960	0	0	0	960
254	18817	0	1	0	1	0	0	1	22	94	5	32	32256	960	0	0	0	960
254	18818	0	1	0	1	0	0	1	22	222	6	34	32256	960	0	0	0	960
254	18820	0	1	0	1	0	0	1	22	222	6	34	32256	960	0	0	0	960
254	18824	0	1	0	1	0	0	1	22	222	6	34	32256	960	0	0	0	960
254	18832	0	1	0	1	0	0	1	22	222	6	34	32256	960	0	0	0	960
254	18848	0	1	0	1	0	0	1	23	222	6	35	32256	960	0	0	0	960
254	18880	0	1	0	1	0	0	1	23	222	6	35	32256	960	0	0	0	960
254	18947	0	1	0	1	0	0	1	25	13	3	31	32256	896	0	0	0	896
254	18949	0	1	0	1	0	0	1	25	13	3	31	32256	896	0	0	0	896
254	18950	0	1	0	1	0	0	1	25	30	4	33	32256	896	0	0	0	896
254	18953	0	1	0	1	0	0	1	23	77	4	31	32256	896	0	0	0	896
254	18954	0	1	0	1	0	0	1	23	94	5	33	32256	896	0	0	0	896
254	18956	0	1	0	1	0	0	1	23	94	5	33	32256	896	0	0	0	896
254	18961	0	1	0	1	0	0	1	23	77	4	31	32256	896	0	0	0	896
254	18962	0	1	0	1	0	0	1	23	94	5	33	32256	896	0	0	0	896
254	18964	0	1	0	1	0	0	1	23	94	5	33	32256	896	0	0	0	896
254	18968	0	1	0	1	0	0	1	21	222	6	33	32256	896	0	0	0	896
254	18977	0	1	0	1	0	0	1	24	77	4	32	32256	896	0	0	0	896
254	18978	0	1	0	1	0	0	1	24	94	5	34	32256	896	0	0	0	896
254	18980	0	1	0	1	0	0	1	24	94	5	34	32256	896	0	0	0	896
254	18984	0	1	0	1	0	0	1	22	222	6	34	32256	896	0	0	0	896
254	18992	0	1	0	1	0	0	1	22	222	6	34	32256	896	0	0	0	896
254	19009	0	1	0	1	0	0	1	24	77	4	32	32256	896	0	0	0	896
254	19010	0	1	0	1	0	0	1	24	94	5	34	32256	896	0	0	0	896
254	19012	0	1	0	1	0	0	1	24	94	5	34	32256	896	0	0	0	896
254	19016	0	1	0	1	0	0	1	22	222	6	34	32256	896	0	0	0	896
254	19024	0	1	0	1	0	0	1	22	222	6	34	32256	896	0	0	0	896
254	19040	0	1	0	1	0	0	1	23	222	6	35	32256	896	0	0	0	896
254	19073	0	1	0	1	0	0	1	24	77	4	32	32256	896	0	0	0	896
254	19074	0	1	0	1	0	0	1	24	94	5	34	32256	896	0	0	0	896
254	19076	0	1	0	1	0	0	1	24	94	5	34	32256	896	0	0	0	896
254	19080	0	1	0	1	0	0	1	22	222	6	34	32256	896	0	0	0	896
254	19088	0	1	0	1	0	0	1	22	222	6	34	32256	896	0	0	0	896
254	19104	0	1	0	1	0	0	1	23	222	6	35	32256	896	0	0	0	896
254	19136	0	1	0	1	0	0	1	23	222	6	35	32256	896	0	0	0	896
254	19201	0	1	0	1	0	0	1	24	77	4	32	32256	896	0	0	0	896
254	19202	0	1	0	1	0	0	1	24	94	5	34	32256	896	0	0	0	896
254	19204	0	1	0	1	0	0	1	24	94	5	34	32256	896	0	0	0	896
254	19208	0	1	0	1	0	0	1	22	222	6	34	32256	896	0	0	0	896
254	19216	0	1	0	1	0	0	1	22	222	6	34	32256	896	0	0	0	896
254	19232	0	1	0	1	0	0	1	23	222	6	35	32256	896	0	0	0	896
254	19264	0	1	0	1	0	0	1	23	222	6	35	32256	896	0	0	0	896
254	19328	0	1	0	1	0	0	1	23	222	6	35	32256	896	0	0	0	896
254	19459	0	1	0	1	0	0	1	22	94	5	32	32256	896	0	0	0	896
254	19461	0	1	0	1	0	0	1	22	94	5	32	32256	896	0	0	0	896
254	19462	0	1	0	1	0	0	1	22	222	6	34	32256	896	0	0	0	896
254	19465	0	1	0	1	0	0	1	24	86	4	32	32256	896	0	0	0	896
254	19466	0	1	0	1	0	0	1	24	94	5	34	32256	896	0	0	0	896
254	19468	0	1	0	1	0	0	1	24	94	5	34	32256	896	0	0	0	896
254	19473	0	1	0	1	0	0	1	24	86	4	32	32256	896	0	0	0	896
254	19474	0	1	0	1	0	0	1	24	94	5	34	32256	896	0	0	0	896
254	19476	0	1	0	1	0	0	1	24	94	5	34	32256	896	0	0	0	896
254	19480	0	1	0	1	0	0	1	26	30	4	34	32256	896	0	0	0	896
254	19489	0	1	0	1	0	0	1	23	94	5	33	32256	896	0	0	0	896
254	19490	0	1	0	1	0	0	1	23	222	6	35	32256	896	0	0	0	896
254	19492	0	1	0	1	0	0	1	23	222	6	35	32256	896	0	0	0	896
254	19496	0	1	0	1	0	0	1	25	94	5	35	32256	896	0	0	0	896
254	19504	0	1	0	1	0	0	1	25	94	5	35	32256	896	0	0	0	896
254	19521	0	1	0	1	0	0	1	23	94	5	33	32256	896	0	0	0	896
254	19522	0	1	0	1	0	0	1	23	222	6	35	32256	896	0	0	0	896
254	19524	0	1	0	1	0	0	1	23	222	6	35	32256	896	0	0	0	896
254	19528	0	1	0	1	0	0	1	25	94	5	35	32256	896	0	0	0	896
254	19536	0	1	0	1	0	0	1	25	94	5	35	32256	896	0	0	0	896
254	19552	0	1	0	1	0	0	1	24	222	6	36	32256	896	0	0	0	896
254	19585	0	1	0	1	0	0	1	23	94	5	33	32256	896	0	0	0	896
254	19586	0	1	0	1	0	0	1	23	222	6	35	32256	896	0	0	0	896
254	19588	0	1	0	1	0	0	1	23	222	6	35	32256	896	0	0	0	896
254	19592	0	1	0	1	0	0	1	25	94	5	35	32256	896	0	0	0	896
254	19600	0	1	0	1	0	0	1	25	94	5	35	32256	896	0	0	0	896
254	19616	0	1	0	1	0	0	1	24	222	6	36	32256	896	0	0	0	896
254	19648	0	1	0	1	0	0	1	24	222	6	36	32256	896	0	0	0	896
254	19713	0	1	0	1	0	0	1	23	94	5	33	32256	896	0	0	0	896
254	19714	0	1	0	1	0	0	1	23	222	6	35	32256	896	0	0	0	896
254	19716	0	1	0	1	0	0	1	23	222	6	35	32256	896	0	0	0	896
254	19720	0	1	0	1	0	0	1	25	94	5	35	32256	896	0	0	0	896
254	19728	0	1	0	1	0	0	1	25	94	5	35	32256	896	0	0	0	896
254	19744	0	1	0	1	0	0	1	24	222	6	36	32256	896	0	0	0	896
254	19776	0	1	0	1	0	0	1	24	222	6	36	32256	896	0	0	0	896
254	19840	0	1	0	1	0	0	1	24	222	6	36	32256	896	0	0	0	896
254	19969	0	1	0	1	0	0	1	29	3	2	33	32256	768	0	0	0	768
254	19970	0	1	0	1	0	0	1	29	11	3	35	32256	768	0	0	0	768
254	19972	0	1	0	1	0	0	1	29	11	3	35	32256	768	0	0	0	768
254	19976	0	1	0	1	0	0	1	29	11	3	35	32256	768	0	0	0	768
254	19984	0	1	0	1	0	0	1	29	11	3	35	32256	768	0	0	0	768
254	20000	0	1	0	1	0	0	1	28	75	4	36	32256	768	0	0	0	768
254	20032	0	1	0	1	0	0	1	28	75	4	36	32256	768	0	0	0	768
254	20096	0	1	0	1	0	0	1	28	75	4	36	32256	768	0	0	0	768
254	20224	0	1	0	1	0	0	1	28	75	4	36	32256	768	0	0	0	768
254	20487	0	1	0	1	0	0	1	20	94	5	30	32256	960	0	0	0	960
254	20491	0	1	0	1	0	0	1	20	94	5	30	32256	960	0	0	0	960
254	20493	0	1	0	1	0	0	1	20	94	5	30	32256	960	0	0	0	960
254	20494	0	1	0	1	0	0	1	20	222	6	32	32256	960	0	0	0	960
254	20499	0	1	0	1	0	0	1	20	94	5	30	32256	960	0	0	0	960
254	20501	0	1	0	1	0	0	1	20	94	5	30	32256	960	0	0	0	960
254	20502	0	1	0	1	0	0	1	20	222	6	32	32256	960	0	0	0	960
254	20505	0	1	0	1	0	0	1	20	94	5	30	32256	960	0	0	0	960
254	20506	0	1	0	1	0	0	1	20	222	6	32	32256	960	0	0	0	960
254	20508	0	1	0	1	0	0	1	20	222	6	32	32256	960	0	0	0	960
254	20515	0	1	0	1	0	0	1	21	94	5	31	32256	960	0	0	0	960
254	20517	0	1	0	1	0	0	1	21	94	5	31	32256	960	0	0	0	960
254	20518	0	1	0	1	0	0	1	21	222	6	33	32256	960	0	0	0	960
254	20521	0	1	0	1	0	0	1	21	94	5	31	32256	960	0	0	0	960
254	20522	0	1	0	1	0	0	1	21	222	6	33	32256	960	0	0	0	960
254	20524	0	1	0	1	0	0	1	21	222	6	33	32256	960	0	0	0	960
254	20529	0	1	0	1	0	0	1	21	94	5	31	32256	960	0	0	0	960
254	20530	0	1	0	1	0	0	1	21	222	6	33	32256	960	0	0	0	960
254	20532	0	1	0	1	0	0	1	21	222	6	33	32256	960	0	0	0	960
254	20536	0	1	0	1	0	0	1	21	222	6	33	32256	960	0	0	0	960
254	20547	0	1	0	1	0	0	1	21	94	5	31	32256	960	0	0	0	960
254	20549	0	1	0	1	0	0	1	21	94	5	31	32256	960	0	0	0	960
254	20550	0	1	0	1	0	0	1	21	222	6	33	32256	960	0	0	0	960
254	20553	0	1	0	1	0	0	1	21	94	5	31	32256	960	0	0	0	960
254	20554	0	1	0	1	0	0	1	21	222	6	33	32256	960	0	0	0	960
254	20556	0	1	0	1	0	0	1	21	222	6	33	32256	960	0	0	0	960
254	20561	0	1	0	1	0	0	1	21	94	5	31	32256	960	0	0	0	960
254	20562	0	1	0	1	0	0	1	21	222	6	33	32256	960	0	0	0	960
254	20564	0	1	0	1	0	0	1	21	222	6	33	32256	960	0	0	0	960
254	20568	0	1	0	1	0	0	1	21	222	6	33	32256	960	0	0	0	960
254	20577	0	1	0	1	0	0	1	22	94	5	32	32256	960	0	0	0	960
254	20578	0	1	0	1	0	0	1	22	222	6	34	32256	960	0	0	0	960
254	20580	0	1	0	1	0	0	1	22	222	6	34	32256	960	0	0	0	960
254	20584	0	1	0	1	0	0	1	22	222	6	34	32256	960	0	0	0	960
254	20592	0	1	0	1	0	0	1	22	222	6	34	32256	960	0	0	0	960
254	20611	0	1	0	1	0	0	1	21	94	5	31	32256	960	0	0	0	960
254	20613	0	1	0	1	0	0	1	21	94	5	31	32256	960	0	0	0	960
254	20614	0	1	0	1	0	0	1	21	222	6	33	32256	960	0	0	0	960
254	20617	0	1	0	1	0	0	1	21	94	5	31	32256	960	0	0	0	960
254	20618	0	1	0	1	0	0	1	21	222	6	33	32256	960	0	0	0	960
254	20620	0	1	0	1	0	0	1	21	222	6	33	32256	960	0	0	0	960
254	20625	0	1	0	1	0	0	1	21	94	5	31	32256	960	0	0	0	960
254	20626	0	1	0	1	0	0	1	21	222	6	33	32256	960	0	0	0	960
254	20628	0	1	0	1	0	0	1	21	222	6	33	32256	960	0	0	0	960
254	20632	0	1	0	1	0	0	1	21	222	6	33	32256	960	0	0	0	960
254	20641	0	1	0	1	0	0	1	22	94	5	32	32256	960	0	0	0	960
254	20642	0	1	0	1	0	0	1	22	222	6	34	32256	960	0	0	0	960
254	20644	0	1	0	1	0	0	1	22	222	6	34	32256	960	0	0	0	960
254	20648	0	1	0	1	0	0	1	22	222	6	34	32256	960	0	0	0	960
254	20656	0	1	0	1	0	0	1	22	222	6	34	32256	960	0	0	0	960
254	20673	0	1	0	1	0	0	1	22	94	5	32	32256	960	0	0	0	960
254	20674	0	1	0	1	0	0	1	22	222	6	34	32256	960	0	0	0	960
254	20676	0	1	0	1	0	0	1	22	222	6	34	32256	960	0	0	0	960
254	20680	0	1	0	1	0	0	1	22	222	6	34	32256	960	0	0	0	960
254	20688	0	1	0	1	0	0	1	22	222	6	34	32256	960	0	0	0	960
254	20704	0	1	0	1	0	0	1	23	222	6	35	32256	960	0	0	0	960
254	20739	0	1	0	1	0	0	1	21	94	5	31	32256	960	0	0	0	960
254	20741	0	1	0	1	0	0	1	21	94	5	31	32256	960	0	0	0	960
254	20742	0	1	0	1	0	0	1	21	222	6	33	32256	960	0	0	0	960
254	20745	0	1	0	1	0	0	1	21	94	5	31	32256	960	0	0	0	960
254	20746	0	1	0	1	0	0	1	21	222	6	33	32256	960	0	0	0	960
254	20748	0	1	0	1	0	0	1	21	222	6	33	32256	960	0	0	0	960
254	20753	0	1	0	1	0	0	1	21	94	5	31	32256	960	0	0	0	960
254	20754	0	1	0	1	0	0	1	21	222	6	33	32256	960	0	0	0	960
254	20756	0	1	0	1	0	0	1	21	222	6	33	32256	960	0	0	0	960
254	20760	0	1	0	1	0	0	1	21	222	6	33	32256	960	0	0	0	960
254	20769	0	1	0	1	0	0	1	22	94	5	32	32256	960	0	0	0	960
254	20770	0	1	0	1	0	0	1	22	222	6	34	32256	960	0	0	0	960
254	20772	0	1	0	1	0	0	1	22	222	6	34	32256	960	0	0	0	960
254	20776	0	1	0	1	0	0	1	22	222	6	34	32256	960	0	0	0	960
254	20784	0	1	0	1	0	0	1	22	222	6	34	32256	960	0	0	0	960
254	20801	0	1	0	1	0	0	1	22	94	5	32	32256	960	0	0	0	960
254	20802	0	1	0	1	0	0	1	22	222	6	34	32256	960	0	0	0	960
254	20804	0	1	0	1	0	0	1	22	222	6	34	32256	960	0	0	0	960
254	20808	0	1	0	1	0	0	1	22	222	6	34	32256	960	0	0	0	960
254	20816	0	1	0	1	0	0	1	22	222	6	34	32256	960	0	0	0	960
254	20832	0	1	0	1	0	0	1	23	222	6	35	32256	960	0	0	0	960
254	20865	0	1	0	1	0	0	1	22	94	5	32	32256	960	0	0	0	960
254	20866	0	1	0	1	0	0	1	22	222	6	34	32256	960	0	0	0	960
254	20868	0	1	0	1	0	0	1	22	222	6	34	32256	960	0	0	0	960
254	20872	0	1	0	1	0	0	1	22	222	6	34	32256	960	0	0	0	960
254	20880	0	1	0	1	0	0	1	22	222	6	34	32256	960	0	0	0	960
254	20896	0	1	0	1	0	0	1	23	222	6	35	32256	960	0	0	0	960
254	20928	0	1	0	1	0	0	1	23	222	6	35	32256	960	0	0	0	960
254	20995	0	1	0	1	0	0	1	25	13	3	31	32256	896	0	0	0	896
254	20997	0	1	0	1	0	0	1	25	13	3	31	32256	896	0	0	0	896
254	20998	0	1	0	1	0	0	1	25	30	4	33	32256	896	0	0	0	896
254	21001	0	1	0	1	0	0	1	23	77	4	31	32256	896	0	0	0	896
254	21002	0	1	0	1	0	0	1	23	94	5	33	32256	896	0	0	0	896
254	21004	0	1	0	1	0	0	1	23	94	5	33	32256	896	0	0	0	896
254	21009	0	1	0	1	0	0	1	23	77	4	31	32256	896	0	0	0	896
254	21010	0	1	0	1	0	0	1	23	94	5	33	32256	896	0	0	0	896
254	21012	0	1	0	1	0	0	1	23	94	5	33	32256	896	0	0	0	896
254	21016	0	1	0	1	0	0	1	21	222	6	33	32256	896	0	0	0	896
254	21025	0	1	0	1	0	0	1	24	77	4	32	32256	896	0	0	0	896
254	21026	0	1	0	1	0	0	1	24	94	5	34	32256	896	0	0	0	896
254	21028	0	1	0	1	0	0	1	24	94	5	34	32256	896	0	0	0	896
254	21032	0	1	0	1	0	0	1	22	222	6	34	32256	896	0	0	0	896
254	21040	0	1	0	1	0	0	1	22	222	6	34	32256	896	0	0	0	896
254	21057	0	1	0	1	0	0	1	24	77	4	32	32256	896	0	0	0	896
254	21058	0	1	0	1	0	0	1	24	94	5	34	32256	896	0	0	0	896
254	21060	0	1	0	1	0	0	1	24	94	5	34	32256	896	0	0	0	896
254	21064	0	1	0	1	0	0	1	22	222	6	34	32256	896	0	0	0	896
254	21072	0	1	0	1	0	0	1	22	222	6	34	32256	896	0	0	0	896
254	21088	0	1	0	1	0	0	1	23	222	6	35	32256	896	0	0	0	896
254	21121	0	1	0	1	0	0	1	24	77	4	32	32256	896	0	0	0	896
254	21122	0	1	0	1	0	0	1	24	94	5	34	32256	896	0	0	0	896
254	21124	0	1	0	1	0	0	1	24	94	5	34	32256	896	0	0	0	896
254	21128	0	1	0	1	0	0	1	22	222	6	34	32256	896	0	0	0	896
254	21136	0	1	0	1	0	0	1	22	222	6	34	32256	896	0	0	0	896
254	21152	0	1	0	1	0	0	1	23	222	6	35	32256	896	0	0	0	896
254	21184	0	1	0	1	0	0	1	23	222	6	35	32256	896	0	0	0	896
254	21249	0	1	0	1	0	0	1	24	77	4	32	32256	896	0	0	0	896
254	21250	0	1	0	1	0	0	1	24	94	5	34	32256	896	0	0	0	896
254	21252	0	1	0	1	0	0	1	24	94	5	34	32256	896	0	0	0	896
254	21256	0	1	0	1	0	0	1	22	222	6	34	32256	896	0	0	0	896
254	21264	0	1	0	1	0	0	1	22	222	6	34	32256	896	0	0	0	896
254	21280	0	1	0	1	0	0	1	23	222	6	35	32256	896	0	0	0	896
254	21312	0	1	0	1	0	0	1	23	222	6	35	32256	896	0	0	0	896
254	21376	0	1	0	1	0	0	1	23	222	6	35	32256	896	0	0	0	896
254	21507	0	1	0	1	0	0	1	22	94	5	32	32256	896	0	0	0	896
254	21509	0	1	0	1	0	0	1	22	94	5	32	32256	896	0	0	0	896
254	21510	0	1	0	1	0	0	1	22	222	6	34	32256	896	0	0	0	896
254	21513	0	1	0	1	0	0	1	24	86	4	32	32256	896	0	0	0	896
254	21514	0	1	0	1	0	0	1	24	94	5	34	32256	896	0	0	0	896
254	21516	0	1	0	1	0	0	1	24	94	5	34	32256	896	0	0	0	896
254	21521	0	1	0	1	0	0	1	24	86	4	32	32256	896	0	0	0	896
254	21522	0	1	0	1	0	0	1	24	94	5	34	32256	896	0	0	0	896
254	21524	0	1	0	1	0	0	1	24	94	5	34	32256	896	0	0	0	896
254	21528	0	1	0	1	0	0	1	26	30	4	34	32256	896	0	0	0	896
254	21537	0	1	0	1	0	0	1	23	94	5	33	32256	896	0	0	0	896
254	21538	0	1	0	1	0	0	1	23	222	6	35	32256	896	0	0	0	896
254	21540	0	1	0	1	0	0	1	23	222	6	35	32256	896	0	0	0	896
254	21544	0	1	0	1	0	0	1	25	94	5	35	32256	896	0	0	0	896
254	21552	0	1	0	1	0	0	1	25	94	5	35	32256	896	0	0	0	896
254	21569	0	1	0	1	0	0	1	23	94	5	33	32256	896	0	0	0	896
254	21570	0	1	0	1	0	0	1	23	222	6	35	32256	896	0	0	0	896
254	21572	0	1	0	1	0	0	1	23	222	6	35	32256	896	0	0	0	896
254	21576	0	1	0	1	0	0	1	25	94	5	35	32256	896	0	0	0	896
254	21584	0	1	0	1	0	0	1	25	94	5	35	32256	896	0	0	0	896
254	21600	0	1	0	1	0	0	1	24	222	6	36	32256	896	0	0	0	896
254	21633	0	1	0	1	0	0	1	23	94	5	33	32256	896	0	0	0	896
254	21634	0	1	0	1	0	0	1	23	222	6	35	32256	896	0	0	0	896
254	21636	0	1	0	1	0	0	1	23	222	6	35	32256	896	0	0	0	896
254	21640	0	1	0	1	0	0	1	25	94	5	35	32256	896	0	0	0	896
254	21648	0	1	0	1	0	0	1	25	94	5	35	32256	896	0	0	0	896
254	21664	0	1	0	1	0	0	1	24	222	6	36	32256	896	0	0	0	896
254	21696	0	1	0	1	0	0	1	24	222	6	36	32256	896	0	0	0	896
254	21761	0	1	0	1	0	0	1	23	94	5	33	32256	896	0	0	0	896
254	21762	0	1	0	1	0	0	1	23	222	6	35	32256	896	0	0	0	896
254	21764	0	1	0	1	0	0	1	23	222	6	35	32256	896	0	0	0	896
254	21768	0	1	0	1	0	0	1	25	94	5	35	32256	896	0	0	0	896
254	21776	0	1	0	1	0	0	1	25	94	5	35	32256	896	0	0	0	896
254	21792	0	1	0	1	0	0	1	24	222	6	36	32256	896	0	0	0	896
254	21824	0	1	0	1	0	0	1	24	222	6	36	32256	896	0	0	0	896
254	21888	0	1	0	1	0	0	1	24	222	6	36	32256	896	0	0	0	896
254	22017	0	1	0	1	0	0	1	29	3	2	33	32256	768	0	0	0	768
254	22018	0	1	0	1	0	0	1	29	11	3	35	32256	768	0	0	0	768
254	22020	0	1	0	1	0	0	1	29	11	3	35	32256	768	0	0	0	768
254	22024	0	1	0	1	0	0	1	29	11	3	35	32256	768	0	0	0	768
254	22032	0	1	0	1	0	0	1	29	11	3	35	32256	768	0	0	0	768
254	22048	0	1	0	1	0	0	1	28	75	4	36	32256	768	0	0	0	768
254	22080	0	1	0	1	0	0	1	28	75	4	36	32256	768	0	0	0	768
254	22144	0	1	0	1	0	0	1	28	75	4	36	32256	768	0	0	0	768
254	22272	0	1	0	1	0	0	1	28	75	4	36	32256	768	0	0	0	768
254	22531	0	1	0	1	0	0	1	25	77	4	33	32256	896	0	0	0	896
254	22533	0	1	0	1	0	0	1	25	77	4	33	32256	896	0	0	0	896
254	22534	0	1	0	1	0	0	1	23	222	6	35	32256	896	0	0	0	896
254	22537	0	1	0	1	0	0	1	25	77	4	33	32256	896	0	0	0	896
254	22538	0	1	0	1	0	0	1	23	222	6	35	32256	896	0	0	0	896
254	22540	0	1	0	1	0	0	1	23	222	6	35	32256	896	0	0	0	896
254	22545	0	1	0	1	0	0	1	25	77	4	33	32256	896	0	0	0	896
254	22546	0	1	0	1	0	0	1	23	222	6	35	32256	896	0	0	0	896
254	22548	0	1	0	1	0	0	1	23	222	6	35	32256	896	0	0	0	896
254	22552	0	1	0	1	0	0	1	23	222	6	35	32256	896	0	0	0	896
254	22561	0	1	0	1	0	0	1	26	77	4	34	32256	896	0	0	0	896
254	22562	0	1	0	1	0	0	1	24	222	6	36	32256	896	0	0	0	896
254	22564	0	1	0	1	0	0	1	24	222	6	36	32256	896	0	0	0	896
254	22568	0	1	0	1	0	0	1	24	222	6	36	32256	896	0	0	0	896
254	22576	0	1	0	1	0	0	1	24	222	6	36	32256	896	0	0	0	896
254	22593	0	1	0	1	0	0	1	26	77	4	34	32256	896	0	0	0	896
254	22594	0	1	0	1	0	0	1	24	222	6	36	32256	896	0	0	0	896
254	22596	0	1	0	1	0	0	1	24	222	6	36	32256	896	0	0	0	896
254	22600	0	1	0	1	0	0	1	24	222	6	36	32256	896	0	0	0	896
254	22608	0	1	0	1	0	0	1	24	222	6	36	32256	896	0	0	0	896
254	22624	0	1	0	1	0	0	1	25	222	6	37	32256	896	0	0	0	896
254	22657	0	1	0	1	0	0	1	26	77	4	34	32256	896	0	0	0	896
254	22658	0	1	0	1	0	0	1	24	222	6	36	32256	896	0	0	0	896
254	22660	0	1	0	1	0	0	1	24	222	6	36	32256	896	0	0	0	896
254	22664	0	1	0	1	0	0	1	24	222	6	36	32256	896	0	0	0	896
254	22672	0	1	0	1	0	0	1	24	222	6	36	32256	896	0	0	0	896
254	22688	0	1	0	1	0	0	1	25	222	6	37	32256	896	0	0	0	896
254	22720	0	1	0	1	0	0	1	25	222	6	37	32256	896	0	0	0	896
254	22785	0	1	0	1	0	0	1	26	77	4	34	32256	896	0	0	0	896
254	22786	0	1	0	1	0	0	1	24	222	6	36	32256	896	0	0	0	896
254	22788	0	1	0	1	0	0	1	24	222	6	36	32256	896	0	0	0	896
254	22792	0	1	0	1	0	0	1	24	222	6	36	32256	896	0	0	0	896
254	22800	0	1	0	1	0	0	1	24	222	6	36	32256	896	0	0	0	896
254	22816	0	1	0	1	0	0	1	25	222	6	37	32256	896	0	0	0	896
254	22848	0	1	0	1	0	0	1	25	222	6	37	32256	896	0	0	0	896
254	22912	0	1	0	1	0	0	1	25	222	6	37	32256	896	0	0	0	896
254	23041	0	1	0	1	0	0	1	32	1	1	34	32256	768	0	0	0	768
254	23042	0	1	0	1	0	0	1	30	11	3	36	32256	768	0	0	0	768
254	23044	0	1	0	1	0	0	1	30	11	3	36	32256	768	0	0	0	768
254	23048	0	1	0	1	0	0	1	28	75	4	36	32256	768	0	0	0	768
254	23056	0	1	0	1	0	0	1	28	75	4	36	32256	768	0	0	0	768
254	23072	0	1	0	1	0	0	1	29	75	4	37	32256	768	0	0	0	768
254	23104	0	1	0	1	0	0	1	29	75	4	37	32256	768	0	0	0	768
254	23168	0	1	0	1	0	0	1	29	75	4	37	32256	768	0	0	0	768
254	23296	0	1	0	1	0	0	1	29	75	4	37	32256	768	0	0	0	768
254	23553	0	1	0	1	0	0	1	31	3	2	35	32256	768	0	0	0	768
254	23554	0	1	0	1	0	0	1	29	75	4	37	32256	768	0	0	0	768
254	23556	0	1	0	1	0	0	1	29	75	4	37	32256	768	0	0	0	768
254	23560	0	1	0	1	0	0	1	31	11	3	37	32256	768	0	0	0	768
254	23568	0	1	0	1	0	0	1	31	11	3	37	32256	768	0	0	0	768
254	23584	0	1	0	1	0	0	1	30	75	4	38	32256	768	0	0	0	768
254	23616	0	1	0	1	0	0	1	30	75	4	38	32256	768	0	0	0	768
254	23680	0	1	0	1	0	0	1	30	75	4	38	32256	768	0	0	0	768
254	23808	0	1	0	1	0	0	1	30	75	4	38	32256	768	0	0	0	768
254	24064	0	1	0	1	0	0	1	38	0	0	38	32256	512	0	0	0	512
254	24583	0	1	0	1	0	0	1	19	222	6	31	32256	960	0	0	0	960
254	24587	0	1	0	1	0	0	1	19	222	6	31	32256	960	0	0	0	960
254	24589	0	1	0	1	0	0	1	19	222	6	31	32256	960	0	0	0	960
254	24590	0	1	0	1	0	0	1	21	222	6	33	32256	960	0	0	0	960
254	24595	0	1	0	1	0	0	1	19	222	6	31	32256	960	0	0	0	960
254	24597	0	1	0	1	0	0	1	19	222	6	31	32256	960	0	0	0	960
254	24598	0	1	0	1	0	0	1	21	222	6	33	32256	960	0	0	0	960
254	24601	0	1	0	1	0	0	1	19	222	6	31	32256	960	0	0	0	960
254	24602	0	1	0	1	0	0	1	21	222	6	33	32256	960	0	0	0	960
254	24604	0	1	0	1	0	0	1	21	222	6	33	32256	960	0	0	0	960
254	24611	0	1	0	1	0	0	1	20	222	6	32	32256	960	0	0	0	960
254	24613	0	1	0	1	0	0	1	20	222	6	32	32256	960	0	0	0	960
254	24614	0	1	0	1	0	0	1	22	222	6	34	32256	960	0	0	0	960
254	24617	0	1	0	1	0	0	1	20	222	6	32	32256	960	0	0	0	960
254	24618	0	1	0	1	0	0	1	22	222	6	34	32256	960	0	0	0	960
254	24620	0	1	0	1	0	0	1	22	222	6	34	32256	960	0	0	0	960
254	24625	0	1	0	1	0	0	1	20	222	6	32	32256	960	0	0	0	960
254	24626	0	1	0	1	0	0	1	22	222	6	34	32256	960	0	0	0	960
254	24628	0	1	0	1	0	0	1	22	222	6	34	32256	960	0	0	0	960
254	24632	0	1	0	1	0	0	1	22	222	6	34	32256	960	0	0	0	960
254	24643	0	1	0	1	0	0	1	20	222	6	32	32256	960	0	0	0	960
254	24645	0	1	0	1	0	0	1	20	222	6	32	32256	960	0	0	0	960
254	24646	0	1	0	1	0	0	1	22	222	6	34	32256	960	0	0	0	960
254	24649	0	1	0	1	0	0	1	20	222	6	32	32256	960	0	0	0	960
254	24650	0	1	0	1	0	0	1	22	222	6	34	32256	960	0	0	0	960
254	24652	0	1	0	1	0	0	1	22	222	6	34	32256	960	0	0	0	960
254	24657	0	1	0	1	0	0	1	20	222	6	32	32256	960	0	0	0	960
254	24658	0	1	0	1	0	0	1	22	222	6	34	32256	960	0	0	0	960
254	24660	0	1	0	1	0	0	1	22	222	6	34	32256	960	0	0	0	960
254	24664	0	1	0	1	0	0	1	22	222	6	34	32256	960	0	0	0	960
254	24673	0	1	0	1	0	0	1	21	222	6	33	32256	960	0	0	0	960
254	24674	0	1	0	1	0	0	1	23	222	6	35	32256	960	0	0	0	960
254	24676	0	1	0	1	0	0	1	23	222	6	35	32256	960	0	0	0	960
254	24680	0	1	0	1	0	0	1	23	222	6	35	32256	960	0	0	0	960
254	24688	0	1	0	1	0	0	1	23	222	6	35	32256	960	0	0	0	960
254	24707	0	1	0	1	0	0	1	20	222	6	32	32256	960	0	0	0	960
254	24709	0	1	0	1	0	0	1	20	222	6	32	32256	960	0	0	0	960
254	24710	0	1	0	1	0	0	1	22	222	6	34	32256	960	0	0	0	960
254	24713	0	1	0	1	0	0	1	20	222	6	32	32256	960	0	0	0	960
254	24714	0	1	0	1	0	0	1	22	222	6	34	32256	960	0	0	0	960
254	24716	0	1	0	1	0	0	1	22	222	6	34	32256	960	0	0	0	960
254	24721	0	1	0	1	0	0	1	20	222	6	32	32256	960	0	0	0	960
254	24722	0	1	0	1	0	0	1	22	222	6	34	32256	960	0	0	0	960
254	24724	0	1	0	1	0	0	1	22	222	6	34	32256	960	0	0	0	960
254	24728	0	1	0	1	0	0	1	22	222	6	34	32256	960	0	0	0	960
254	24737	0	1	0	1	0	0	1	21	222	6	33	32256	960	0	0	0	960
254	24738	0	1	0	1	0	0	1	23	222	6	35	32256	960	0	0	0	960
254	24740	0	1	0	1	0	0	1	23	222	6	35	32256	960	0	0	0	960
254	24744	0	1	0	1	0	0	1	23	222	6	35	32256	960	0	0	0	960
254	24752	0	1	0	1	0	0	1	23	222	6	35	32256	960	0	0	0	960
254	24769	0	1	0	1	0	0	1	21	222	6	33	32256	960	0	0	0	960
254	24770	0	1	0	1	0	0	1	23	222	6	35	32256	960	0	0	0	960
254	24772	0	1	0	1	0	0	1	23	222	6	35	32256	960	0	0	0	960
254	24776	0	1	0	1	0	0	1	23	222	6	35	32256	960	0	0	0	960
254	24784	0	1	0	1	0	0	1	23	222	6	35	32256	960	0	0	0	960
254	24800	0	1	0	1	0	0	1	24	222	6	36	32256	960	0	0	0	960
254	24835	0	1	0	1	0	0	1	20	222	6	32	32256	960	0	0	0	960
254	24837	0	1	0	1	0	0	1	20	222	6	32	32256	960	0	0	0	960
254	24838	0	1	0	1	0	0	1	22	222	6	34	32256	960	0	0	0	960
254	24841	0	1	0	1	0	0	1	20	222	6	32	32256	960	0	0	0	960
254	24842	0	1	0	1	0	0	1	22	222	6	34	32256	960	0	0	0	960
254	24844	0	1	0	1	0	0	1	22	222	6	34	32256	960	0	0	0	960
254	24849	0	1	0	1	0	0	1	20	222	6	32	32256	960	0	0	0	960
254	24850	0	1	0	1	0	0	1	22	222	6	34	32256	960	0	0	0	960
254	24852	0	1	0	1	0	0	1	22	222	6	34	32256	960	0	0	0	960
254	24856	0	1	0	1	0	0	1	22	222	6	34	32256	960	0	0	0	960
254	24865	0	1	0	1	0	0	1	21	222	6	33	32256	960	0	0	0	960
254	24866	0	1	0	1	0	0	1	23	222	6	35	32256	960	0	0	0	960
254	24868	0	1	0	1	0	0	1	23	222	6	35	32256	960	0	0	0	960
254	24872	0	1	0	1	0	0	1	23	222	6	35	32256	960	0	0	0	960
254	24880	0	1	0	1	0	0	1	23	222	6	35	32256	960	0	0	0	960
254	24897	0	1	0	1	0	0	1	21	222	6	33	32256	960	0	0	0	960
254	24898	0	1	0	1	0	0	1	23	222	6	35	32256	960	0	0	0	960
254	24900	0	1	0	1	0	0	1	23	222	6	35	32256	960	0	0	0	960
254	24904	0	1	0	1	0	0	1	23	222	6	35	32256	960	0	0	0	960
254	24912	0	1	0	1	0	0	1	23	222	6	35	32256	960	0	0	0	960
254	24928	0	1	0	1	0	0	1	24	222	6	36	32256	960	0	0	0	960
254	24961	0	1	0	1	0	0	1	21	222	6	33	32256	960	0	0	0	960
254	24962	0	1	0	1	0	0	1	23	222	6	35	32256	960	0	0	0	960
254	24964	0	1	0	1	0	0	1	23	222	6	35	32256	960	0	0	0	960
254	24968	0	1	0	1	0	0	1	23	222	6	35	32256	960	0	0	0	960
254	24976	0	1	0	1	0	0	1	23	222	6	35	32256	960	0	0	0	960
254	24992	0	1	0	1	0	0	1	24	222	6	36	32256	960	0	0	0	960
254	25024	0	1	0	1	0	0	1	24	222	6	36	32256	960	0	0	0	960
254	25091	0	1	0	1	0	0	1	24	30	4	32	32256	896	0	0	0	896
254	25093	0	1	0	1	0	0	1	24	30	4	32	32256	896	0	0	0	896
254	25094	0	1	0	1	0	0	1	26	30	4	34	32256	896	0	0	0	896
254	25097	0	1	0	1	0	0	1	22	94	5	32	32256	896	0	0	0	896
254	25098	0	1	0	1	0	0	1	24	94	5	34	32256	896	0	0	0	896
254	25100	0	1	0	1	0	0	1	24	94	5	34	32256	896	0	0	0	896
254	25105	0	1	0	1	0	0	1	22	94	5	32	32256	896	0	0	0	896
254	25106	0	1	0	1	0	0	1	24	94	5	34	32256	896	0	0	0	896
254	25108	0	1	0	1	0	0	1	24	94	5	34	32256	896	0	0	0	896
254	25112	0	1	0	1	0	0	1	22	222	6	34	32256	896	0	0	0	896
254	25121	0	1	0	1	0	0	1	23	94	5	33	32256	896	0	0	0	896
254	25122	0	1	0	1	0	0	1	25	94	5	35	32256	896	0	0	0	896
254	25124	0	1	0	1	0	0	1	25	94	5	35	32256	896	0	0	0	896
254	25128	0	1	0	1	0	0	1	23	222	6	35	32256	896	0	0	0	896
254	25136	0	1	0	1	0	0	1	23	222	6	35	32256	896	0	0	0	896
254	25153	0	1	0	1	0	0	1	23	94	5	33	32256	896	0	0	0	896
254	25154	0	1	0	1	0	0	1	25	94	5	35	32256	896	0	0	0	896
254	25156	0	1	0	1	0	0	1	25	94	5	35	32256	896	0	0	0	896
254	25160	0	1	0	1	0	0	1	23	222	6	35	32256	896	0	0	0	896
254	25168	0	1	0	1	0	0	1	23	222	6	35	32256	896	0	0	0	896
254	25184	0	1	0	1	0	0	1	24	222	6	36	32256	896	0	0	0	896
254	25217	0	1	0	1	0	0	1	23	94	5	33	32256	896	0	0	0	896
254	25218	0	1	0	1	0	0	1	25	94	5	35	32256	896	0	0	0	896
254	25220	0	1	0	1	0	0	1	25	94	5	35	32256	896	0	0	0	896
254	25224	0	1	0	1	0	0	1	23	222	6	35	32256	896	0	0	0	896
254	25232	0	1	0	1	0	0	1	23	222	6	35	32256	896	0	0	0	896
254	25248	0	1	0	1	0	0	1	24	222	6	36	32256	896	0	0	0	896
254	25280	0	1	0	1	0	0	1	24	222	6	36	32256	896	0	0	0	896
254	25345	0	1	0	1	0	0	1	23	94	5	33	32256	896	0	0	0	896
254	25346	0	1	0	1	0	0	1	25	94	5	35	32256	896	0	0	0	896
254	25348	0	1	0	1	0	0	1	25	94	5	35	32256	896	0	0	0	896
254	25352	0	1	0	1	0	0	1	23	222	6	35	32256	896	0	0	0	896
254	25360	0	1	0	1	0	0	1	23	222	6	35	32256	896	0	0	0	896
254	25376	0	1	0	1	0	0	1	24	222	6	36	32256	896	0	0	0	896
254	25408	0	1	0	1	0	0	1	24	222	6	36	32256	896	0	0	0	896
254	25472	0	1	0	1	0	0	1	24	222	6	36	32256	896	0	0	0	896
254	25603	0	1	0	1	0	0	1	21	222	6	33	32256	896	0	0	0	896
254	25605	0	1	0	1	0	0	1	21	222	6	33	32256	896	0	0	0	896
254	25606	0	2	0	1	0	0	1	23	222	6	35	32256	896	0	0	0	126,896
254	25609	0	1	0	1	0	0	1	23	94	5	33	32256	896	0	0	0	896
254	25610	0	2	0	1	0	0	1	25	94	5	35	32256	896	0	0	0	126,896
254	25612	0	2	0	1	0	0	1	25	94	5	35	32256	896	0	0	0	126,896
254	25617	0	1	0	1	0	0	1	23	94	5	33	32256	896	0	0	0	896
254	25618	0	2	0	1	0	0	1	25	94	5	35	32256	896	0	0	0	126,896
254	25620	0	2	0	1	0	0	1	25	94	5	35	32256	896	0	0	0	126,896
254	25624	0	2	0	1	0	0	1	27	30	4	35	32256	896	0	0	0	126,896
254	25633	0	1	0	1	0	0	1	22	222	6	34	32256	896	0	0	0	896
254	25634	0	2	0	1	0	0	1	24	222	6	36	32256	896	0	0	0	126,896
254	25636	0	2	0	1	0	0	1	24	222	6	36	32256	896	0	0	0	126,896
254	25640	0	2	0	1	0	0	1	26	94	5	36	32256	896	0	0	0	126,896
254	25648	0	2	0	1	0	0	1	26	94	5	36	32256	896	0	0	0	126,896
254	25665	0	1	0	1	0	0	1	22	222	6	34	32256	896	0	0	0	896
254	25666	0	2	0	1	0	0	1	24	222	6	36	32256	896	0	0	0	126,896
254	25668	0	2	0	1	0	0	1	24	222	6	36	32256	896	0	0	0	126,896
254	25672	0	2	0	1	0	0	1	26	94	5	36	32256	896	0	0	0	126,896
254	25680	0	2	0	1	0	0	1	26	94	5	36	32256	896	0	0	0	126,896
254	25696	0	2	0	1	0	0	1	25	222	6	37	32256	896	0	0	0	126,896
254	25729	0	1	0	1	0	0	1	22	222	6	34	32256	896	0	0	0	896
254	25730	0	2	0	1	0	0	1	24	222	6	36	32256	896	0	0	0	126,896
254	25732	0	2	0	1	0	0	1	24	222	6	36	32256	896	0	0	0	126,896
254	25736	0	2	0	1	0	0	1	26	94	5	36	32256	896	0	0	0	126,896
254	25744	0	2	0	1	0	0	1	26	94	5	36	32256	896	0	0	0	126,896
254	25760	0	2	0	1	0	0	1	25	222	6	37	32256	896	0	0	0	126,896
254	25792	0	2	0	1	0	0	1	25	222	6	37	32256	896	0	0	0	126,896
254	25857	0	1	0	1	0	0	1	22	222	6	34	32256	896	0	0	0	896
254	25858	0	2	0	1	0	0	1	24	222	6	36	32256	896	0	0	0	126,896
254	25860	0	2	0	1	0	0	1	24	222	6	36	32256	896	0	0	0	126,896
254	25864	0	2	0	1	0	0	1	26	94	5	36	32256	896	0	0	0	126,896
254	25872	0	2	0	1	0	0	1	26	94	5	36	32256	896	0	0	0	126,896
254	25888	0	2	0	1	0	0	1	25	222	6	37	32256	896	0	0	0	126,896
254	25920	0	2	0	1	0	0	1	25	222	6	37	32256	896	0	0	0	126,896
254	25984	0	2	0	1	0	0	1	25	222	6	37	32256	896	0	0	0	126,896
254	26113	0	1	0	1	0	0	1	28	11	3	34	32256	768	0	0	0	768
254	26114	0	2	0	1	0	0	1	30	11	3	36	32256	768	0	0	0	254,768
254	26116	0	2	0	1	0	0	1	30	11	3	36	32256	768	0	0	0	254,768
254	26120	0	2	0	1	0	0	1	30	11	3	36	32256	768	0	0	0	254,768
254	26128	0	2	0	1	0	0	1	30	11	3	36	32256	768	0	0	0	254,768
254	26144	0	2	0	1	0	0	1	29	75	4	37	32256	768	0	0	0	254,768
254	26176	0	2	0	1	0	0	1	29	75	4	37	32256	768	0	0	0	254,768
254	26240	0	2	0	1	0	0	1	29	75	4	37	32256	768	0	0	0	254,768
254	26368	0	2	0	1	0	0	1	29	75	4	37	32256	768	0	0	0	254,768
254	26627	0	1	0	1	0	0	1	24	94	5	34	32256	896	0	0	0	896
254	26629	0	1	0	1	0	0	1	24	94	5	34	32256	896	0	0	0	896
254	26630	0	1	0	1	0	0	1	24	222	6	36	32256	896	0	0	0	896
254	26633	0	1	0	1	0	0	1	24	94	5	34	32256	896	0	0	0	896
254	26634	0	1	0	1	0	0	1	24	222	6	36	32256	896	0	0	0	896
254	26636	0	1	0	1	0	0	1	24	222	6	36	32256	896	0	0	0	896
254	26641	0	1	0	1	0	0	1	24	94	5	34	32256	896	0	0	0	896
254	26642	0	1	0	1	0	0	1	24	222	6	36	32256	896	0	0	0	896
254	26644	0	1	0	1	0	0	1	24	222	6	36	32256	896	0	0	0	896
254	26648	0	1	0	1	0	0	1	24	222	6	36	32256	896	0	0	0	896
254	26657	0	1	0	1	0	0	1	25	94	5	35	32256	896	0	0	0	896
254	26658	0	1	0	1	0	0	1	25	222	6	37	32256	896	0	0	0	896
254	26660	0	1	0	1	0	0	1	25	222	6	37	32256	896	0	0	0	896
254	26664	0	1	0	1	0	0	1	25	222	6	37	32256	896	0	0	0	896
254	26672	0	1	0	1	0	0	1	25	222	6	37	32256	896	0	0	0	896
254	26689	0	1	0	1	0	0	1	25	94	5	35	32256	896	0	0	0	896
254	26690	0	1	0	1	0	0	1	25	222	6	37	32256	896	0	0	0	896
254	26692	0	1	0	1	0	0	1	25	222	6	37	32256	896	0	0	0	896
254	26696	0	1	0	1	0	0	1	25	222	6	37	32256	896	0	0	0	896
254	26704	0	1	0	1	0	0	1	25	222	6	37	32256	896	0	0	0	896
254	26720	0	1	0	1	0	0	1	26	222	6	38	32256	896	0	0	0	896
254	26753	0	1	0	1	0	0	1	25	94	5	35	32256	896	0	0	0	896
254	26754	0	1	0	1	0	0	1	25	222	6	37	32256	896	0	0	0	896
254	26756	0	1	0	1	0	0	1	25	222	6	37	32256	896	0	0	0	896
254	26760	0	1	0	1	0	0	1	25	222	6	37	32256	896	0	0	0	896
254	26768	0	1	0	1	0	0	1	25	222	6	37	32256	896	0	0	0	896
254	26784	0	1	0	1	0	0	1	26	222	6	38	32256	896	0	0	0	896
254	26816	0	1	0	1	0	0	1	26	222	6	38	32256	896	0	0	0	896
254	26881	0	1	0	1	0	0	1	25	94	5	35	32256	896	0	0	0	896
254	26882	0	1	0	1	0	0	1	25	222	6	37	32256	896	0	0	0	896
254	26884	0	1	0	1	0	0	1	25	222	6	37	32256	896	0	0	0	896
254	26888	0	1	0	1	0	0	1	25	222	6	37	32256	896	0	0	0	896
254	26896	0	1	0	1	0	0	1	25	222	6	37	32256	896	0	0	0	896
254	26912	0	1	0	1	0	0	1	26	222	6	38	32256	896	0	0	0	896
254	26944	0	1	0	1	0	0	1	26	222	6	38	32256	896	0	0	0	896
254	27008	0	1	0	1	0	0	1	26	222	6	38	32256	896	0	0	0	896
254	27137	0	1	0	1	0	0	1	31	3	2	35	32256	768	0	0	0	768
254	27138	0	1	0	1	0	0	1	31	11	3	37	32256	768	0	0	0	768
254	27140	0	1	0	1	0	0	1	31	11	3	37	32256	768	0	0	0	768
254	27144	0	1	0	1	0	0	1	29	75	4	37	32256	768	0	0	0	768
254	27152	0	1	0	1	0	0	1	29	75	4	37	32256	768	0	0	0	768
254	27168	0	1	0	1	0	0	1	30	75	4	38	32256	768	0	0	0	768
254	27200	0	1	0	1	0	0	1	30	75	4	38	32256	768	0	0	0	768
254	27264	0	1	0	1	0	0	1	30	75	4	38	32256	768	0	0	0	768
254	27392	0	1	0	1	0	0	1	30	75	4	38	32256	768	0	0	0	768
254	27649	0	1	0	1	0	0	1	30	11	3	36	32256	768	0	0	0	768
254	27650	0	2	0	1	0	0	1	30	75	4	38	32256	768	0	0	0	254,768
254	27652	0	2	0	1	0	0	1	30	75	4	38	32256	768	0	0	0	254,768
254	27656	0	2	0	1	0	0	1	32	11	3	38	32256	768	0	0	0	254,768
254	27664	0	2	0	1	0	0	1	32	11	3	38	32256	768	0	0	0	254,768
254	27680	0	2	0	1	0	0	1	31	75	4	39	32256	768	0	0	0	254,768
254	27712	0	2	0	1	0	0	1	31	75	4	39	32256	768	0	0	0	254,768
254	27776	0	2	0	1	0	0	1	31	75	4	39	32256	768	0	0	0	254,768
254	27904	0	2	0	1	0	0	1	31	75	4	39	32256	768	0	0	0	254,768
254	28160	0	2	0	1	0	0	1	39	0	0	39	32256	512	0	0	0	510,512
254	28675	0	1	0	1	0	0	1	24	94	5	34	32256	896	0	0	0	896
254	28677	0	1	0	1	0	0	1	24	94	5	34	32256	896	0	0	0	896
254	28678	0	1	0	1	0	0	1	24	222	6	36	32256	896	0	0	0	896
254	28681	0	1	0	1	0	0	1	24	94	5	34	32256	896	0	0	0	896
254	28682	0	1	0	1	0	0	1	24	222	6	36	32256	896	0	0	0	896
254	28684	0	1	0	1	0	0	1	24	222	6	36	32256	896	0	0	0	896
254	28689	0	1	0	1	0	0	1	24	94	5	34	32256	896	0	0	0	896
254	28690	0	1	0	1	0	0	1	24	222	6	36	32256	896	0	0	0	896
254	28692	0	1	0	1	0	0	1	24	222	6	36	32256	896	0	0	0	896
254	28696	0	1	0	1	0	0	1	24	222	6	36	32256	896	0	0	0	896
254	28705	0	1	0	1	0	0	1	25	94	5	35	32256	896	0	0	0	896
254	28706	0	1	0	1	0	0	1	25	222	6	37	32256	896	0	0	0	896
254	28708	0	1	0	1	0	0	1	25	222	6	37	32256	896	0	0	0	896
254	28712	0	1	0	1	0	0	1	25	222	6	37	32256	896	0	0	0	896
254	28720	0	1	0	1	0	0	1	25	222	6	37	32256	896	0	0	0	896
254	28737	0	1	0	1	0	0	1	25	94	5	35	32256	896	0	0	0	896
254	28738	0	1	0	1	0	0	1	25	222	6	37	32256	896	0	0	0	896
254	28740	0	1	0	1	0	0	1	25	222	6	37	32256	896	0	0	0	896
254	28744	0	1	0	1	0	0	1	25	222	6	37	32256	896	0	0	0	896
254	28752	0	1	0	1	0	0	1	25	222	6	37	32256	896	0	0	0	896
254	28768	0	1	0	1	0	0	1	26	222	6	38	32256	896	0	0	0	896
254	28801	0	1	0	1	0	0	1	25	94	5	35	32256	896	0	0	0	896
254	28802	0	1	0	1	0	0	1	25	222	6	37	32256	896	0	0	0	896
254	28804	0	1	0	1	0	0	1	25	222	6	37	32256	896	0	0	0	896
254	28808	0	1	0	1	0	0	1	25	222	6	37	32256	896	0	0	0	896
254	28816	0	1	0	1	0	0	1	25	222	6	37	32256	896	0	0	0	896
254	28832	0	1	0	1	0	0	1	26	222	6	38	32256	896	0	0	0	896
254	28864	0	1	0	1	0	0	1	26	222	6	38	32256	896	0	0	0	896
254	28929	0	1	0	1	0	0	1	25	94	5	35	32256	896	0	0	0	896
254	28930	0	1	0	1	0	0	1	25	222	6	37	32256	896	0	0	0	896
254	28932	0	1	0	1	0	0	1	25	222	6	37	32256	896	0	0	0	896
254	28936	0	1	0	1	0	0	1	25	222	6	37	32256	896	0	0	0	896
254	28944	0	1	0	1	0	0	1	25	222	6	37	32256	896	0	0	0	896
254	28960	0	1	0	1	0	0	1	26	222	6	38	32256	896	0	0	0	896
254	28992	0	1	0	1	0	0	1	26	222	6	38	32256	896	0	0	0	896
254	29056	0	1	0	1	0	0	1	26	222	6	38	32256	896	0	0	0	896
254	29185	0	1	0	1	0	0	1	31	3	2	35	32256	768	0	0	0	768
254	29186	0	1	0	1	0	0	1	31	11	3	37	32256	768	0	0	0	768
254	29188	0	1	0	1	0	0	1	31	11	3	37	32256	768	0	0	0	768
254	29192	0	1	0	1	0	0	1	29	75	4	37	32256	768	0	0	0	768
254	29200	0	1	0	1	0	0	1	29	75	4	37	32256	768	0	0	0	768
254	29216	0	1	0	1	0	0	1	30	75	4	38	32256	768	0	0	0	768
254	29248	0	1	0	1	0	0	1	30	75	4	38	32256	768	0	0	0	768
254	29312	0	1	0	1	0	0	1	30	75	4	38	32256	768	0	0	0	768
254	29440	0	1	0	1	0	0	1	30	75	4	38	32256	768	0	0	0	768
254	29697	0	1	0	1	0	0	1	30	11	3	36	32256	768	0	0	0	768
254	29698	0	2	0	1	0	0	1	30	75	4	38	32256	768	0	0	0	254,768
254	29700	0	2	0	1	0	0	1	30	75	4	38	32256	768	0	0	0	254,768
254	29704	0	2	0	1	0	0	1	32	11	3	38	32256	768	0	0	0	254,768
254	29712	0	2	0	1	0	0	1	32	11	3	38	32256	768	0	0	0	254,768
254	29728	0	2	0	1	0	0	1	31	75	4	39	32256	768	0	0	0	254,768
254	29760	0	2	0	1	0	0	1	31	75	4	39	32256	768	0	0	0	254,768
254	29824	0	2	0	1	0	0	1	31	75	4	39	32256	768	0	0	0	254,768
254	29952	0	2	0	1	0	0	1	31	75	4	39	32256	768	0	0	0	254,768
254	30208	0	2	0	1	0	0	1	39	0	0	39	32256	512	0	0	0	510,512
254	30721	0	1	0	1	0	0	1	33	3	2	37	32256	768	0	0	0	768
254	30722	0	1	0	1	0	0	1	31	75	4	39	32256	768	0	0	0	768
254	30724	0	1	0	1	0	0	1	31	75	4	39	32256	768	0	0	0	768
254	30728	0	1	0	1	0	0	1	31	75	4	39	32256	768	0	0	0	768
254	30736	0	1	0	1	0	0	1	31	75	4	39	32256	768	0	0	0	768
254	30752	0	1	0	1	0	0	1	32	75	4	40	32256	768	0	0	0	768
254	30784	0	1	0	1	0	0	1	32	75	4	40	32256	768	0	0	0	768
254	30848	0	1	0	1	0	0	1	32	75	4	40	32256	768	0	0	0	768
254	30976	0	1	0	1	0	0	1	32	75	4	40	32256	768	0	0	0	768
254	31232	0	4	0	1	0	0	1	40	0	0	40	32256	512	0	0	0	512,520,528,536
254	31744	0	8	0	1	0	0	1	41	0	0	41	32256	512	0	0	0	504,506,508,510,512,514,516,518
