id	Y_mask	dH	optH_count	q	good	delta_min	rho	compatible_optG	ell	Y_type	Y_edges	degree_sum	f_witness	h_witness_local	S_mask	R_witness	Delta_witness	optH_masks_local
264	31	0	1	0	1	0	0	1	24	0	0	24	32256	1008	0	0	0	1008
264	47	0	1	0	1	0	0	1	24	0	0	24	32256	1008	0	0	0	1008
264	55	0	1	0	1	0	0	1	25	0	0	25	32256	1008	0	0	0	1008
264	59	0	1	0	1	0	0	1	25	0	0	25	32256	1008	0	0	0	1008
264	61	0	1	0	1	0	0	1	26	0	0	26	32256	1008	0	0	0	1008
264	62	0	1	0	1	0	0	1	26	0	0	26	32256	1008	0	0	0	1008
264	79	0	1	0	1	0	0	1	24	0	0	24	32256	1008	0	0	0	1008
264	87	0	1	0	1	0	0	1	25	0	0	25	32256	1008	0	0	0	1008
264	91	0	1	0	1	0	0	1	25	0	0	25	32256	1008	0	0	0	1008
264	93	0	1	0	1	0	0	1	26	0	0	26	32256	1008	0	0	0	1008
264	94	0	1	0	1	0	0	1	26	0	0	26	32256	1008	0	0	0	1008
264	103	0	1	0	1	0	0	1	25	0	0	25	32256	1008	0	0	0	1008
264	107	0	1	0	1	0	0	1	25	0	0	25	32256	1008	0	0	0	1008
264	109	0	1	0	1	0	0	1	26	0	0	26	32256	1008	0	0	0	1008
264	110	0	1	0	1	0	0	1	26	0	0	26	32256	1008	0	0	0	1008
264	115	0	1	0	1	0	0	1	26	0	0	26	32256	1008	0	0	0	1008
264	117	0	1	0	1	0	0	1	27	0	0	27	32256	1008	0	0	0	1008
264	118	0	1	0	1	0	0	1	27	0	0	27	32256	1008	0	0	0	1008
264	121	0	1	0	1	0	0	1	27	0	0	27	32256	1008	0	0	0	1008
264	122	0	1	0	1	0	0	1	27	0	0	27	32256	1008	0	0	0	1008
264	124	0	1	0	1	0	0	1	28	0	0	28	32256	1008	0	0	0	1008
264	143	0	1	0	1	0	0	1	24	0	0	24	32256	1008	0	0	0	1008
264	151	0	1	0	1	0	0	1	25	0	0	25	32256	1008	0	0	0	1008
264	155	0	1	0	1	0	0	1	25	0	0	25	32256	1008	0	0	0	1008
264	157	0	1	0	1	0	0	1	26	0	0	26	32256	1008	0	0	0	1008
264	158	0	1	0	1	0	0	1	26	0	0	26	32256	1008	0	0	0	1008
264	167	0	1	0	1	0	0	1	25	0	0	25	32256	1008	0	0	0	1008
264	171	0	1	0	1	0	0	1	25	0	0	25	32256	1008	0	0	0	1008
264	173	0	1	0	1	0	0	1	26	0	0	26	32256	1008	0	0	0	1008
264	174	0	1	0	1	0	0	1	26	0	0	26	32256	1008	0	0	0	1008
264	179	0	1	0	1	0	0	1	26	0	0	26	32256	1008	0	0	0	1008
264	181	0	1	0	1	0	0	1	27	0	0	27	32256	1008	0	0	0	1008
264	182	0	1	0	1	0	0	1	27	0	0	27	32256	1008	0	0	0	1008
264	185	0	1	0	1	0	0	1	27	0	0	27	32256	1008	0	0	0	1008
264	186	0	1	0	1	0	0	1	27	0	0	27	32256	1008	0	0	0	1008
264	188	0	1	0	1	0	0	1	28	0	0	28	32256	1008	0	0	0	1008
264	199	0	1	0	1	0	0	1	25	0	0	25	32256	1008	0	0	0	1008
264	203	0	1	0	1	0	0	1	25	0	0	25	32256	1008	0	0	0	1008
264	205	0	1	0	1	0	0	1	26	0	0	26	32256	1008	0	0	0	1008
264	206	0	1	0	1	0	0	1	26	0	0	26	32256	1008	0	0	0	1008
264	211	0	1	0	1	0	0	1	26	0	0	26	32256	1008	0	0	0	1008
264	213	0	1	0	1	0	0	1	27	0	0	27	32256	1008	0	0	0	1008
264	214	0	1	0	1	0	0	1	27	0	0	27	32256	1008	0	0	0	1008
264	217	0	1	0	1	0	0	1	27	0	0	27	32256	1008	0	0	0	1008
264	218	0	1	0	1	0	0	1	27	0	0	27	32256	1008	0	0	0	1008
264	220	0	1	0	1	0	0	1	28	0	0	28	32256	1008	0	0	0	1008
264	227	0	1	0	1	0	0	1	26	0	0	26	32256	1008	0	0	0	1008
264	229	0	1	0	1	0	0	1	27	0	0	27	32256	1008	0	0	0	1008
264	230	0	1	0	1	0	0	1	27	0	0	27	32256	1008	0	0	0	1008
264	233	0	1	0	1	0	0	1	27	0	0	27	32256	1008	0	0	0	1008
264	234	0	1	0	1	0	0	1	27	0	0	27	32256	1008	0	0	0	1008
264	236	0	1	0	1	0	0	1	28	0	0	28	32256	1008	0	0	0	1008
264	241	0	1	0	1	0	0	1	28	0	0	28	32256	1008	0	0	0	1008
264	242	0	1	0	1	0	0	1	28	0	0	28	32256	1008	0	0	0	1008
264	244	0	1	0	1	0	0	1	29	0	0	29	32256	1008	0	0	0	1008
264	248	0	1	0	1	0	0	1	29	0	0	29	32256	1008	0	0	0	1008
264	271	0	1	0	1	0	0	1	24	0	0	24	32256	1008	0	0	0	1008
264	279	0	1	0	1	0	0	1	25	0	0	25	32256	1008	0	0	0	1008
264	283	0	1	0	1	0	0	1	25	0	0	25	32256	1008	0	0	0	1008
264	285	0	1	0	1	0	0	1	26	0	0	26	32256	1008	0	0	0	1008
264	286	0	1	0	1	0	0	1	26	0	0	26	32256	1008	0	0	0	1008
264	295	0	1	0	1	0	0	1	25	0	0	25	32256	1008	0	0	0	1008
264	299	0	1	0	1	0	0	1	25	0	0	25	32256	1008	0	0	0	1008
264	301	0	1	0	1	0	0	1	26	0	0	26	32256	1008	0	0	0	1008
264	302	0	1	0	1	0	0	1	26	0	0	26	32256	1008	0	0	0	1008
264	307	0	1	0	1	0	0	1	26	0	0	26	32256	1008	0	0	0	1008
264	309	0	1	0	1	0	0	1	27	0	0	27	32256	1008	0	0	0	1008
264	310	0	1	0	1	0	0	1	27	0	0	27	32256	1008	0	0	0	1008
264	313	0	1	0	1	0	0	1	27	0	0	27	32256	1008	0	0	0	1008
264	314	0	1	0	1	0	0	1	27	0	0	27	32256	1008	0	0	0	1008
264	316	0	1	0	1	0	0	1	28	0	0	28	32256	1008	0	0	0	1008
264	327	0	1	0	1	0	0	1	25	0	0	25	32256	1008	0	0	0	1008
264	331	0	1	0	1	0	0	1	25	0	0	25	32256	1008	0	0	0	1008
264	333	0	1	0	1	0	0	1	26	0	0	26	32256	1008	0	0	0	1008
264	334	0	1	0	1	0	0	1	26	0	0	26	32256	1008	0	0	0	1008
264	339	0	1	0	1	0	0	1	26	0	0	26	32256	1008	0	0	0	1008
264	341	0	1	0	1	0	0	1	27	0	0	27	32256	1008	0	0	0	1008
264	342	0	1	0	1	0	0	1	27	0	0	27	32256	1008	0	0	0	1008
264	345	0	1	0	1	0	0	1	27	0	0	27	32256	1008	0	0	0	1008
264	346	0	1	0	1	0	0	1	27	0	0	27	32256	1008	0	0	0	1008
264	348	0	1	0	1	0	0	1	28	0	0	28	32256	1008	0	0	0	1008
264	355	0	1	0	1	0	0	1	26	0	0	26	32256	1008	0	0	0	1008
264	357	0	1	0	1	0	0	1	27	0	0	27	32256	1008	0	0	0	1008
264	358	0	1	0	1	0	0	1	27	0	0	27	32256	1008	0	0	0	1008
264	361	0	1	0	1	0	0	1	27	0	0	27	32256	1008	0	0	0	1008
264	362	0	1	0	1	0	0	1	27	0	0	27	32256	1008	0	0	0	1008
264	364	0	1	0	1	0	0	1	28	0	0	28	32256	1008	0	0	0	1008
264	369	0	1	0	1	0	0	1	28	0	0	28	32256	1008	0	0	0	1008
264	370	0	1	0	1	0	0	1	28	0	0	28	32256	1008	0	0	0	1008
264	372	0	1	0	1	0	0	1	29	0	0	29	32256	1008	0	0	0	1008
264	376	0	1	0	1	0	0	1	29	0	0	29	32256	1008	0	0	0	1008
264	391	0	1	0	1	0	0	1	25	0	0	25	32256	1008	0	0	0	1008
264	395	0	1	0	1	0	0	1	25	0	0	25	32256	1008	0	0	0	1008
264	397	0	1	0	1	0	0	1	26	0	0	26	32256	1008	0	0	0	1008
264	398	0	1	0	1	0	0	1	26	0	0	26	32256	1008	0	0	0	1008
264	403	0	1	0	1	0	0	1	26	0	0	26	32256	1008	0	0	0	1008
264	405	0	1	0	1	0	0	1	27	0	0	27	32256	1008	0	0	0	1008
264	406	0	1	0	1	0	0	1	27	0	0	27	32256	1008	0	0	0	1008
264	409	0	1	0	1	0	0	1	27	0	0	27	32256	1008	0	0	0	1008
264	410	0	1	0	1	0	0	1	27	0	0	27	32256	1008	0	0	0	1008
264	412	0	1	0	1	0	0	1	28	0	0	28	32256	1008	0	0	0	1008
264	419	0	1	0	1	0	0	1	26	0	0	26	32256	1008	0	0	0	1008
264	421	0	1	0	1	0	0	1	27	0	0	27	32256	1008	0	0	0	1008
264	422	0	1	0	1	0	0	1	27	0	0	27	32256	1008	0	0	0	1008
264	425	0	1	0	1	0	0	1	27	0	0	27	32256	1008	0	0	0	1008
264	426	0	1	0	1	0	0	1	27	0	0	27	32256	1008	0	0	0	1008
264	428	0	1	0	1	0	0	1	28	0	0	28	32256	1008	0	0	0	1008
264	433	0	1	0	1	0	0	1	28	0	0	28	32256	1008	0	0	0	1008
264	434	0	1	0	1	0	0	1	28	0	0	28	32256	1008	0	0	0	1008
264	436	0	1	0	1	0	0	1	29	0	0	29	32256	1008	0	0	0	1008
264	440	0	1	0	1	0	0	1	29	0	0	29	32256	1008	0	0	0	1008
264	451	0	1	0	1	0	0	1	26	0	0	26	32256	1008	0	0	0	1008
264	453	0	1	0	1	0	0	1	27	0	0	27	32256	1008	0	0	0	1008
264	454	0	1	0	1	0	0	1	27	0	0	27	32256	1008	0	0	0	1008
264	457	0	1	0	1	0	0	1	27	0	0	27	32256	1008	0	0	0	1008
264	458	0	1	0	1	0	0	1	27	0	0	27	32256	1008	0	0	0	1008
264	460	0	1	0	1	0	0	1	28	0	0	28	32256	1008	0	0	0	1008
264	465	0	1	0	1	0	0	1	28	0	0	28	32256	1008	0	0	0	1008
264	466	0	1	0	1	0	0	1	28	0	0	28	32256	1008	0	0	0	1008
264	468	0	1	0	1	0	0	1	29	0	0	29	32256	1008	0	0	0	1008
264	472	0	1	0	1	0	0	1	29	0	0	29	32256	1008	0	0	0	1008
264	481	0	1	0	1	0	0	1	28	0	0	28	32256	1008	0	0	0	1008
264	482	0	1	0	1	0	0	1	28	0	0	28	32256	1008	0	0	0	1008
264	484	0	1	0	1	0	0	1	29	0	0	29	32256	1008	0	0	0	1008
264	488	0	1	0	1	0	0	1	29	0	0	29	32256	1008	0	0	0	1008
264	496	0	1	0	1	0	0	1	30	0	0	30	32256	1008	0	0	0	1008
264	527	0	1	0	1	0	0	1	21	3	2	25	32256	992	0	0	0	992
264	535	0	1	0	1	0	0	1	22	3	2	26	32256	992	0	0	0	992
264	539	0	1	0	1	0	0	1	22	3	2	26	32256	992	0	0	0	992
264	541	0	1	0	1	0	0	1	21	11	3	27	32256	992	0	0	0	992
264	542	0	1	0	1	0	0	1	21	11	3	27	32256	992	0	0	0	992
264	551	0	1	0	1	0	0	1	22	3	2	26	32256	992	0	0	0	992
264	555	0	1	0	1	0	0	1	22	3	2	26	32256	992	0	0	0	992
264	557	0	1	0	1	0	0	1	21	11	3	27	32256	992	0	0	0	992
264	558	0	1	0	1	0	0	1	21	11	3	27	32256	992	0	0	0	992
264	563	0	1	0	1	0	0	1	23	3	2	27	32256	992	0	0	0	992
264	565	0	1	0	1	0	0	1	22	11	3	28	32256	992	0	0	0	992
264	566	0	1	0	1	0	0	1	22	11	3	28	32256	992	0	0	0	992
264	569	0	1	0	1	0	0	1	22	11	3	28	32256	992	0	0	0	992
264	570	0	1	0	1	0	0	1	22	11	3	28	32256	992	0	0	0	992
264	572	0	1	0	1	0	0	1	21	75	4	29	32256	992	0	0	0	992
264	583	0	1	0	1	0	0	1	22	3	2	26	32256	992	0	0	0	992
264	587	0	1	0	1	0	0	1	22	3	2	26	32256	992	0	0	0	992
264	589	0	1	0	1	0	0	1	21	11	3	27	32256	992	0	0	0	992
264	590	0	1	0	1	0	0	1	21	11	3	27	32256	992	0	0	0	992
264	595	0	1	0	1	0	0	1	23	3	2	27	32256	992	0	0	0	992
264	597	0	1	0	1	0	0	1	22	11	3	28	32256	992	0	0	0	992
264	598	0	1	0	1	0	0	1	22	11	3	28	32256	992	0	0	0	992
264	601	0	1	0	1	0	0	1	22	11	3	28	32256	992	0	0	0	992
264	602	0	1	0	1	0	0	1	22	11	3	28	32256	992	0	0	0	992
264	604	0	1	0	1	0	0	1	21	75	4	29	32256	992	0	0	0	992
264	611	0	1	0	1	0	0	1	23	3	2	27	32256	992	0	0	0	992
264	613	0	1	0	1	0	0	1	22	11	3	28	32256	992	0	0	0	992
264	614	0	1	0	1	0	0	1	22	11	3	28	32256	992	0	0	0	992
264	617	0	1	0	1	0	0	1	22	11	3	28	32256	992	0	0	0	992
264	618	0	1	0	1	0	0	1	22	11	3	28	32256	992	0	0	0	992
264	620	0	1	0	1	0	0	1	21	75	4	29	32256	992	0	0	0	992
264	625	0	1	0	1	0	0	1	23	11	3	29	32256	992	0	0	0	992
264	626	0	1	0	1	0	0	1	23	11	3	29	32256	992	0	0	0	992
264	628	0	1	0	1	0	0	1	22	75	4	30	32256	992	0	0	0	992
264	632	0	1	0	1	0	0	1	22	75	4	30	32256	992	0	0	0	992
264	647	0	1	0	1	0	0	1	22	3	2	26	32256	992	0	0	0	992
264	651	0	1	0	1	0	0	1	22	3	2	26	32256	992	0	0	0	992
264	653	0	1	0	1	0	0	1	21	11	3	27	32256	992	0	0	0	992
264	654	0	1	0	1	0	0	1	21	11	3	27	32256	992	0	0	0	992
264	659	0	1	0	1	0	0	1	23	3	2	27	32256	992	0	0	0	992
264	661	0	1	0	1	0	0	1	22	11	3	28	32256	992	0	0	0	992
264	662	0	1	0	1	0	0	1	22	11	3	28	32256	992	0	0	0	992
264	665	0	1	0	1	0	0	1	22	11	3	28	32256	992	0	0	0	992
264	666	0	1	0	1	0	0	1	22	11	3	28	32256	992	0	0	0	992
264	668	0	1	0	1	0	0	1	21	75	4	29	32256	992	0	0	0	992
264	675	0	1	0	1	0	0	1	23	3	2	27	32256	992	0	0	0	992
264	677	0	1	0	1	0	0	1	22	11	3	28	32256	992	0	0	0	992
264	678	0	1	0	1	0	0	1	22	11	3	28	32256	992	0	0	0	992
264	681	0	1	0	1	0	0	1	22	11	3	28	32256	992	0	0	0	992
264	682	0	1	0	1	0	0	1	22	11	3	28	32256	992	0	0	0	992
264	684	0	1	0	1	0	0	1	21	75	4	29	32256	992	0	0	0	992
264	689	0	1	0	1	0	0	1	23	11	3	29	32256	992	0	0	0	992
264	690	0	1	0	1	0	0	1	23	11	3	29	32256	992	0	0	0	992
264	692	0	1	0	1	0	0	1	22	75	4	30	32256	992	0	0	0	992
264	696	0	1	0	1	0	0	1	22	75	4	30	32256	992	0	0	0	992
264	707	0	1	0	1	0	0	1	23	3	2	27	32256	992	0	0	0	992
264	709	0	1	0	1	0	0	1	22	11	3	28	32256	992	0	0	0	992
264	710	0	1	0	1	0	0	1	22	11	3	28	32256	992	0	0	0	992
264	713	0	1	0	1	0	0	1	22	11	3	28	32256	992	0	0	0	992
264	714	0	1	0	1	0	0	1	22	11	3	28	32256	992	0	0	0	992
264	716	0	1	0	1	0	0	1	21	75	4	29	32256	992	0	0	0	992
264	721	0	1	0	1	0	0	1	23	11	3	29	32256	992	0	0	0	992
264	722	0	1	0	1	0	0	1	23	11	3	29	32256	992	0	0	0	992
264	724	0	1	0	1	0	0	1	22	75	4	30	32256	992	0	0	0	992
264	728	0	1	0	1	0	0	1	22	75	4	30	32256	992	0	0	0	992
264	737	0	1	0	1	0	0	1	23	11	3	29	32256	992	0	0	0	992
264	738	0	1	0	1	0	0	1	23	11	3	29	32256	992	0	0	0	992
264	740	0	1	0	1	0	0	1	22	75	4	30	32256	992	0	0	0	992
264	744	0	1	0	1	0	0	1	22	75	4	30	32256	992	0	0	0	992
264	752	0	1	0	1	0	0	1	23	75	4	31	32256	992	0	0	0	992
264	775	0	1	0	1	0	0	1	22	3	2	26	32256	992	0	0	0	992
264	779	0	1	0	1	0	0	1	22	3	2	26	32256	992	0	0	0	992
264	781	0	1	0	1	0	0	1	21	11	3	27	32256	992	0	0	0	992
264	782	0	1	0	1	0	0	1	21	11	3	27	32256	992	0	0	0	992
264	787	0	1	0	1	0	0	1	23	3	2	27	32256	992	0	0	0	992
264	789	0	1	0	1	0	0	1	22	11	3	28	32256	992	0	0	0	992
264	790	0	1	0	1	0	0	1	22	11	3	28	32256	992	0	0	0	992
264	793	0	1	0	1	0	0	1	22	11	3	28	32256	992	0	0	0	992
264	794	0	1	0	1	0	0	1	22	11	3	28	32256	992	0	0	0	992
264	796	0	1	0	1	0	0	1	21	75	4	29	32256	992	0	0	0	992
264	803	0	1	0	1	0	0	1	23	3	2	27	32256	992	0	0	0	992
264	805	0	1	0	1	0	0	1	22	11	3	28	32256	992	0	0	0	992
264	806	0	1	0	1	0	0	1	22	11	3	28	32256	992	0	0	0	992
264	809	0	1	0	1	0	0	1	22	11	3	28	32256	992	0	0	0	992
264	810	0	1	0	1	0	0	1	22	11	3	28	32256	992	0	0	0	992
264	812	0	1	0	1	0	0	1	21	75	4	29	32256	992	0	0	0	992
264	817	0	1	0	1	0	0	1	23	11	3	29	32256	992	0	0	0	992
264	818	0	1	0	1	0	0	1	23	11	3	29	32256	992	0	0	0	992
264	820	0	1	0	1	0	0	1	22	75	4	30	32256	992	0	0	0	992
264	824	0	1	0	1	0	0	1	22	75	4	30	32256	992	0	0	0	992
264	835	0	1	0	1	0	0	1	23	3	2	27	32256	992	0	0	0	992
264	837	0	1	0	1	0	0	1	22	11	3	28	32256	992	0	0	0	992
264	838	0	1	0	1	0	0	1	22	11	3	28	32256	992	0	0	0	992
264	841	0	1	0	1	0	0	1	22	11	3	28	32256	992	0	0	0	992
264	842	0	1	0	1	0	0	1	22	11	3	28	32256	992	0	0	0	992
264	844	0	1	0	1	0	0	1	21	75	4	29	32256	992	0	0	0	992
264	849	0	1	0	1	0	0	1	23	11	3	29	32256	992	0	0	0	992
264	850	0	1	0	1	0	0	1	23	11	3	29	32256	992	0	0	0	992
264	852	0	1	0	1	0	0	1	22	75	4	30	32256	992	0	0	0	992
264	856	0	1	0	1	0	0	1	22	75	4	30	32256	992	0	0	0	992
264	865	0	1	0	1	0	0	1	23	11	3	29	32256	992	0	0	0	992
264	866	0	1	0	1	0	0	1	23	11	3	29	32256	992	0	0	0	992
264	868	0	1	0	1	0	0	1	22	75	4	30	32256	992	0	0	0	992
264	872	0	1	0	1	0	0	1	22	75	4	30	32256	992	0	0	0	992
264	880	0	1	0	1	0	0	1	23	75	4	31	32256	992	0	0	0	992
264	899	0	1	0	1	0	0	1	23	3	2	27	32256	992	0	0	0	992
264	901	0	1	0	1	0	0	1	22	11	3	28	32256	992	0	0	0	992
264	902	0	1	0	1	0	0	1	22	11	3	28	32256	992	0	0	0	992
264	905	0	1	0	1	0	0	1	22	11	3	28	32256	992	0	0	0	992
264	906	0	1	0	1	0	0	1	22	11	3	28	32256	992	0	0	0	992
264	908	0	1	0	1	0	0	1	21	75	4	29	32256	992	0	0	0	992
264	913	0	1	0	1	0	0	1	23	11	3	29	32256	992	0	0	0	992
264	914	0	1	0	1	0	0	1	23	11	3	29	32256	992	0	0	0	992
264	916	0	1	0	1	0	0	1	22	75	4	30	32256	992	0	0	0	992
264	920	0	1	0	1	0	0	1	22	75	4	30	32256	992	0	0	0	992
264	929	0	1	0	1	0	0	1	23	11	3	29	32256	992	0	0	0	992
264	930	0	1	0	1	0	0	1	23	11	3	29	32256	992	0	0	0	992
264	932	0	1	0	1	0	0	1	22	75	4	30	32256	992	0	0	0	992
264	936	0	1	0	1	0	0	1	22	75	4	30	32256	992	0	0	0	992
264	944	0	1	0	1	0	0	1	23	75	4	31	32256	992	0	0	0	992
264	961	0	1	0	1	0	0	1	23	11	3	29	32256	992	0	0	0	992
264	962	0	1	0	1	0	0	1	23	11	3	29	32256	992	0	0	0	992
264	964	0	1	0	1	0	0	1	22	75	4	30	32256	992	0	0	0	992
264	968	0	1	0	1	0	0	1	22	75	4	30	32256	992	0	0	0	992
264	976	0	1	0	1	0	0	1	23	75	4	31	32256	992	0	0	0	992
264	992	0	1	0	1	0	0	1	23	75	4	31	32256	992	0	0	0	992
264	1039	0	1	0	1	0	0	1	20	11	3	26	32256	992	0	0	0	992
264	1047	0	1	0	1	0	0	1	21	11	3	27	32256	992	0	0	0	992
264	1051	0	1	0	1	0	0	1	21	11	3	27	32256	992	0	0	0	992
264	1053	0	1	0	1	0	0	1	20	75	4	28	32256	992	0	0	0	992
264	1054	0	1	0	1	0	0	1	22	11	3	28	32256	992	0	0	0	992
264	1063	0	1	0	1	0	0	1	21	11	3	27	32256	992	0	0	0	992
264	1067	0	1	0	1	0	0	1	21	11	3	27	32256	992	0	0	0	992
264	1069	0	1	0	1	0	0	1	20	75	4	28	32256	992	0	0	0	992
264	1070	0	1	0	1	0	0	1	22	11	3	28	32256	992	0	0	0	992
264	1075	0	1	0	1	0	0	1	22	11	3	28	32256	992	0	0	0	992
264	1077	0	1	0	1	0	0	1	21	75	4	29	32256	992	0	0	0	992
264	1078	0	1	0	1	0	0	1	23	11	3	29	32256	992	0	0	0	992
264	1081	0	1	0	1	0	0	1	21	75	4	29	32256	992	0	0	0	992
264	1082	0	1	0	1	0	0	1	23	11	3	29	32256	992	0	0	0	992
264	1084	0	1	0	1	0	0	1	22	75	4	30	32256	992	0	0	0	992
264	1095	0	1	0	1	0	0	1	21	11	3	27	32256	992	0	0	0	992
264	1099	0	1	0	1	0	0	1	21	11	3	27	32256	992	0	0	0	992
264	1101	0	1	0	1	0	0	1	20	75	4	28	32256	992	0	0	0	992
264	1102	0	1	0	1	0	0	1	22	11	3	28	32256	992	0	0	0	992
264	1107	0	1	0	1	0	0	1	22	11	3	28	32256	992	0	0	0	992
264	1109	0	1	0	1	0	0	1	21	75	4	29	32256	992	0	0	0	992
264	1110	0	1	0	1	0	0	1	23	11	3	29	32256	992	0	0	0	992
264	1113	0	1	0	1	0	0	1	21	75	4	29	32256	992	0	0	0	992
264	1114	0	1	0	1	0	0	1	23	11	3	29	32256	992	0	0	0	992
264	1116	0	1	0	1	0	0	1	22	75	4	30	32256	992	0	0	0	992
264	1123	0	1	0	1	0	0	1	22	11	3	28	32256	992	0	0	0	992
264	1125	0	1	0	1	0	0	1	21	75	4	29	32256	992	0	0	0	992
264	1126	0	1	0	1	0	0	1	23	11	3	29	32256	992	0	0	0	992
264	1129	0	1	0	1	0	0	1	21	75	4	29	32256	992	0	0	0	992
264	1130	0	1	0	1	0	0	1	23	11	3	29	32256	992	0	0	0	992
264	1132	0	1	0	1	0	0	1	22	75	4	30	32256	992	0	0	0	992
264	1137	0	1	0	1	0	0	1	22	75	4	30	32256	992	0	0	0	992
264	1138	0	1	0	1	0	0	1	24	11	3	30	32256	992	0	0	0	992
264	1140	0	1	0	1	0	0	1	23	75	4	31	32256	992	0	0	0	992
264	1144	0	1	0	1	0	0	1	23	75	4	31	32256	992	0	0	0	992
264	1159	0	1	0	1	0	0	1	21	11	3	27	32256	992	0	0	0	992
264	1163	0	1	0	1	0	0	1	21	11	3	27	32256	992	0	0	0	992
264	1165	0	1	0	1	0	0	1	20	75	4	28	32256	992	0	0	0	992
264	1166	0	1	0	1	0	0	1	22	11	3	28	32256	992	0	0	0	992
264	1171	0	1	0	1	0	0	1	22	11	3	28	32256	992	0	0	0	992
264	1173	0	1	0	1	0	0	1	21	75	4	29	32256	992	0	0	0	992
264	1174	0	1	0	1	0	0	1	23	11	3	29	32256	992	0	0	0	992
264	1177	0	1	0	1	0	0	1	21	75	4	29	32256	992	0	0	0	992
264	1178	0	1	0	1	0	0	1	23	11	3	29	32256	992	0	0	0	992
264	1180	0	1	0	1	0	0	1	22	75	4	30	32256	992	0	0	0	992
264	1187	0	1	0	1	0	0	1	22	11	3	28	32256	992	0	0	0	992
264	1189	0	1	0	1	0	0	1	21	75	4	29	32256	992	0	0	0	992
264	1190	0	1	0	1	0	0	1	23	11	3	29	32256	992	0	0	0	992
264	1193	0	1	0	1	0	0	1	21	75	4	29	32256	992	0	0	0	992
264	1194	0	1	0	1	0	0	1	23	11	3	29	32256	992	0	0	0	992
264	1196	0	1	0	1	0	0	1	22	75	4	30	32256	992	0	0	0	992
264	1201	0	1	0	1	0	0	1	22	75	4	30	32256	992	0	0	0	992
264	1202	0	1	0	1	0	0	1	24	11	3	30	32256	992	0	0	0	992
264	1204	0	1	0	1	0	0	1	23	75	4	31	32256	992	0	0	0	992
264	1208	0	1	0	1	0	0	1	23	75	4	31	32256	992	0	0	0	992
264	1219	0	1	0	1	0	0	1	22	11	3	28	32256	992	0	0	0	992
264	1221	0	1	0	1	0	0	1	21	75	4	29	32256	992	0	0	0	992
264	1222	0	1	0	1	0	0	1	23	11	3	29	32256	992	0	0	0	992
264	1225	0	1	0	1	0	0	1	21	75	4	29	32256	992	0	0	0	992
264	1226	0	1	0	1	0	0	1	23	11	3	29	32256	992	0	0	0	992
264	1228	0	1	0	1	0	0	1	22	75	4	30	32256	992	0	0	0	992
264	1233	0	1	0	1	0	0	1	22	75	4	30	32256	992	0	0	0	992
264	1234	0	1	0	1	0	0	1	24	11	3	30	32256	992	0	0	0	992
264	1236	0	1	0	1	0	0	1	23	75	4	31	32256	992	0	0	0	992
264	1240	0	1	0	1	0	0	1	23	75	4	31	32256	992	0	0	0	992
264	1249	0	1	0	1	0	0	1	22	75	4	30	32256	992	0	0	0	992
264	1250	0	1	0	1	0	0	1	24	11	3	30	32256	992	0	0	0	992
264	1252	0	1	0	1	0	0	1	23	75	4	31	32256	992	0	0	0	992
264	1256	0	1	0	1	0	0	1	23	75	4	31	32256	992	0	0	0	992
264	1264	0	1	0	1	0	0	1	24	75	4	32	32256	992	0	0	0	992
264	1287	0	1	0	1	0	0	1	21	11	3	27	32256	992	0	0	0	992
264	1291	0	1	0	1	0	0	1	21	11	3	27	32256	992	0	0	0	992
264	1293	0	1	0	1	0	0	1	20	75	4	28	32256	992	0	0	0	992
264	1294	0	1	0	1	0	0	1	22	11	3	28	32256	992	0	0	0	992
264	1299	0	1	0	1	0	0	1	22	11	3	28	32256	992	0	0	0	992
264	1301	0	1	0	1	0	0	1	21	75	4	29	32256	992	0	0	0	992
264	1302	0	1	0	1	0	0	1	23	11	3	29	32256	992	0	0	0	992
264	1305	0	1	0	1	0	0	1	21	75	4	29	32256	992	0	0	0	992
264	1306	0	1	0	1	0	0	1	23	11	3	29	32256	992	0	0	0	992
264	1308	0	1	0	1	0	0	1	22	75	4	30	32256	992	0	0	0	992
264	1315	0	1	0	1	0	0	1	22	11	3	28	32256	992	0	0	0	992
264	1317	0	1	0	1	0	0	1	21	75	4	29	32256	992	0	0	0	992
264	1318	0	1	0	1	0	0	1	23	11	3	29	32256	992	0	0	0	992
264	1321	0	1	0	1	0	0	1	21	75	4	29	32256	992	0	0	0	992
264	1322	0	1	0	1	0	0	1	23	11	3	29	32256	992	0	0	0	992
264	1324	0	1	0	1	0	0	1	22	75	4	30	32256	992	0	0	0	992
264	1329	0	1	0	1	0	0	1	22	75	4	30	32256	992	0	0	0	992
264	1330	0	1	0	1	0	0	1	24	11	3	30	32256	992	0	0	0	992
264	1332	0	1	0	1	0	0	1	23	75	4	31	32256	992	0	0	0	992
264	1336	0	1	0	1	0	0	1	23	75	4	31	32256	992	0	0	0	992
264	1347	0	1	0	1	0	0	1	22	11	3	28	32256	992	0	0	0	992
264	1349	0	1	0	1	0	0	1	21	75	4	29	32256	992	0	0	0	992
264	1350	0	1	0	1	0	0	1	23	11	3	29	32256	992	0	0	0	992
264	1353	0	1	0	1	0	0	1	21	75	4	29	32256	992	0	0	0	992
264	1354	0	1	0	1	0	0	1	23	11	3	29	32256	992	0	0	0	992
264	1356	0	1	0	1	0	0	1	22	75	4	30	32256	992	0	0	0	992
264	1361	0	1	0	1	0	0	1	22	75	4	30	32256	992	0	0	0	992
264	1362	0	1	0	1	0	0	1	24	11	3	30	32256	992	0	0	0	992
264	1364	0	1	0	1	0	0	1	23	75	4	31	32256	992	0	0	0	992
264	1368	0	1	0	1	0	0	1	23	75	4	31	32256	992	0	0	0	992
264	1377	0	1	0	1	0	0	1	22	75	4	30	32256	992	0	0	0	992
264	1378	0	1	0	1	0	0	1	24	11	3	30	32256	992	0	0	0	992
264	1380	0	1	0	1	0	0	1	23	75	4	31	32256	992	0	0	0	992
264	1384	0	1	0	1	0	0	1	23	75	4	31	32256	992	0	0	0	992
264	1392	0	1	0	1	0	0	1	24	75	4	32	32256	992	0	0	0	992
264	1411	0	1	0	1	0	0	1	22	11	3	28	32256	992	0	0	0	992
264	1413	0	1	0	1	0	0	1	21	75	4	29	32256	992	0	0	0	992
264	1414	0	1	0	1	0	0	1	23	11	3	29	32256	992	0	0	0	992
264	1417	0	1	0	1	0	0	1	21	75	4	29	32256	992	0	0	0	992
264	1418	0	1	0	1	0	0	1	23	11	3	29	32256	992	0	0	0	992
264	1420	0	1	0	1	0	0	1	22	75	4	30	32256	992	0	0	0	992
264	1425	0	1	0	1	0	0	1	22	75	4	30	32256	992	0	0	0	992
264	1426	0	1	0	1	0	0	1	24	11	3	30	32256	992	0	0	0	992
264	1428	0	1	0	1	0	0	1	23	75	4	31	32256	992	0	0	0	992
264	1432	0	1	0	1	0	0	1	23	75	4	31	32256	992	0	0	0	992
264	1441	0	1	0	1	0	0	1	22	75	4	30	32256	992	0	0	0	992
264	1442	0	1	0	1	0	0	1	24	11	3	30	32256	992	0	0	0	992
264	1444	0	1	0	1	0	0	1	23	75	4	31	32256	992	0	0	0	992
264	1448	0	1	0	1	0	0	1	23	75	4	31	32256	992	0	0	0	992
264	1456	0	1	0	1	0	0	1	24	75	4	32	32256	992	0	0	0	992
264	1473	0	1	0	1	0	0	1	22	75	4	30	32256	992	0	0	0	992
264	1474	0	1	0	1	0	0	1	24	11	3	30	32256	992	0	0	0	992
264	1476	0	1	0	1	0	0	1	23	75	4	31	32256	992	0	0	0	992
264	1480	0	1	0	1	0	0	1	23	75	4	31	32256	992	0	0	0	992
264	1488	0	1	0	1	0	0	1	24	75	4	32	32256	992	0	0	0	992
264	1504	0	1	0	1	0	0	1	24	75	4	32	32256	992	0	0	0	992
264	1543	0	1	0	1	0	0	1	22	13	3	28	32256	960	0	0	0	960
264	1547	0	1	0	1	0	0	1	22	13	3	28	32256	960	0	0	0	960
264	1549	0	1	0	1	0	0	1	19	94	5	29	32256	960	0	0	0	960
264	1550	0	1	0	1	0	0	1	21	30	4	29	32256	960	0	0	0	960
264	1555	0	1	0	1	0	0	1	23	13	3	29	32256	960	0	0	0	960
264	1557	0	1	0	1	0	0	1	20	94	5	30	32256	960	0	0	0	960
264	1558	0	1	0	1	0	0	1	22	30	4	30	32256	960	0	0	0	960
264	1561	0	1	0	1	0	0	1	20	94	5	30	32256	960	0	0	0	960
264	1562	0	1	0	1	0	0	1	22	30	4	30	32256	960	0	0	0	960
264	1564	0	1	0	1	0	0	1	19	222	6	31	32256	960	0	0	0	960
264	1571	0	1	0	1	0	0	1	23	13	3	29	32256	960	0	0	0	960
264	1573	0	1	0	1	0	0	1	20	94	5	30	32256	960	0	0	0	960
264	1574	0	1	0	1	0	0	1	22	30	4	30	32256	960	0	0	0	960
264	1577	0	1	0	1	0	0	1	20	94	5	30	32256	960	0	0	0	960
264	1578	0	1	0	1	0	0	1	22	30	4	30	32256	960	0	0	0	960
264	1580	0	1	0	1	0	0	1	19	222	6	31	32256	960	0	0	0	960
264	1585	0	1	0	1	0	0	1	21	94	5	31	32256	960	0	0	0	960
264	1586	0	1	0	1	0	0	1	23	30	4	31	32256	960	0	0	0	960
264	1588	0	1	0	1	0	0	1	20	222	6	32	32256	960	0	0	0	960
264	1592	0	1	0	1	0	0	1	20	222	6	32	32256	960	0	0	0	960
264	1603	0	1	0	1	0	0	1	23	13	3	29	32256	960	0	0	0	960
264	1605	0	1	0	1	0	0	1	20	94	5	30	32256	960	0	0	0	960
264	1606	0	1	0	1	0	0	1	22	30	4	30	32256	960	0	0	0	960
264	1609	0	1	0	1	0	0	1	20	94	5	30	32256	960	0	0	0	960
264	1610	0	1	0	1	0	0	1	22	30	4	30	32256	960	0	0	0	960
264	1612	0	1	0	1	0	0	1	19	222	6	31	32256	960	0	0	0	960
264	1617	0	1	0	1	0	0	1	21	94	5	31	32256	960	0	0	0	960
264	1618	0	1	0	1	0	0	1	23	30	4	31	32256	960	0	0	0	960
264	1620	0	1	0	1	0	0	1	20	222	6	32	32256	960	0	0	0	960
264	1624	0	1	0	1	0	0	1	20	222	6	32	32256	960	0	0	0	960
264	1633	0	1	0	1	0	0	1	21	94	5	31	32256	960	0	0	0	960
264	1634	0	1	0	1	0	0	1	23	30	4	31	32256	960	0	0	0	960
264	1636	0	1	0	1	0	0	1	20	222	6	32	32256	960	0	0	0	960
264	1640	0	1	0	1	0	0	1	20	222	6	32	32256	960	0	0	0	960
264	1648	0	1	0	1	0	0	1	21	222	6	33	32256	960	0	0	0	960
264	1667	0	1	0	1	0	0	1	23	13	3	29	32256	960	0	0	0	960
264	1669	0	1	0	1	0	0	1	20	94	5	30	32256	960	0	0	0	960
264	1670	0	1	0	1	0	0	1	22	30	4	30	32256	960	0	0	0	960
264	1673	0	1	0	1	0	0	1	20	94	5	30	32256	960	0	0	0	960
264	1674	0	1	0	1	0	0	1	22	30	4	30	32256	960	0	0	0	960
264	1676	0	1	0	1	0	0	1	19	222	6	31	32256	960	0	0	0	960
264	1681	0	1	0	1	0	0	1	21	94	5	31	32256	960	0	0	0	960
264	1682	0	1	0	1	0	0	1	23	30	4	31	32256	960	0	0	0	960
264	1684	0	1	0	1	0	0	1	20	222	6	32	32256	960	0	0	0	960
264	1688	0	1	0	1	0	0	1	20	222	6	32	32256	960	0	0	0	960
264	1697	0	1	0	1	0	0	1	21	94	5	31	32256	960	0	0	0	960
264	1698	0	1	0	1	0	0	1	23	30	4	31	32256	960	0	0	0	960
264	1700	0	1	0	1	0	0	1	20	222	6	32	32256	960	0	0	0	960
264	1704	0	1	0	1	0	0	1	20	222	6	32	32256	960	0	0	0	960
264	1712	0	1	0	1	0	0	1	21	222	6	33	32256	960	0	0	0	960
264	1729	0	1	0	1	0	0	1	21	94	5	31	32256	960	0	0	0	960
264	1730	0	1	0	1	0	0	1	23	30	4	31	32256	960	0	0	0	960
264	1732	0	1	0	1	0	0	1	20	222	6	32	32256	960	0	0	0	960
264	1736	0	1	0	1	0	0	1	20	222	6	32	32256	960	0	0	0	960
264	1744	0	1	0	1	0	0	1	21	222	6	33	32256	960	0	0	0	960
264	1760	0	1	0	1	0	0	1	21	222	6	33	32256	960	0	0	0	960
264	1795	0	1	0	1	0	0	1	23	13	3	29	32256	960	0	0	0	960
264	1797	0	1	0	1	0	0	1	20	94	5	30	32256	960	0	0	0	960
264	1798	0	1	0	1	0	0	1	22	30	4	30	32256	960	0	0	0	960
264	1801	0	1	0	1	0	0	1	20	94	5	30	32256	960	0	0	0	960
264	1802	0	1	0	1	0	0	1	22	30	4	30	32256	960	0	0	0	960
264	1804	0	1	0	1	0	0	1	19	222	6	31	32256	960	0	0	0	960
264	1809	0	1	0	1	0	0	1	21	94	5	31	32256	960	0	0	0	960
264	1810	0	1	0	1	0	0	1	23	30	4	31	32256	960	0	0	0	960
264	1812	0	1	0	1	0	0	1	20	222	6	32	32256	960	0	0	0	960
264	1816	0	1	0	1	0	0	1	20	222	6	32	32256	960	0	0	0	960
264	1825	0	1	0	1	0	0	1	21	94	5	31	32256	960	0	0	0	960
264	1826	0	1	0	1	0	0	1	23	30	4	31	32256	960	0	0	0	960
264	1828	0	1	0	1	0	0	1	20	222	6	32	32256	960	0	0	0	960
264	1832	0	1	0	1	0	0	1	20	222	6	32	32256	960	0	0	0	960
264	1840	0	1	0	1	0	0	1	21	222	6	33	32256	960	0	0	0	960
264	1857	0	1	0	1	0	0	1	21	94	5	31	32256	960	0	0	0	960
264	1858	0	1	0	1	0	0	1	23	30	4	31	32256	960	0	0	0	960
264	1860	0	1	0	1	0	0	1	20	222	6	32	32256	960	0	0	0	960
264	1864	0	1	0	1	0	0	1	20	222	6	32	32256	960	0	0	0	960
264	1872	0	1	0	1	0	0	1	21	222	6	33	32256	960	0	0	0	960
264	1888	0	1	0	1	0	0	1	21	222	6	33	32256	960	0	0	0	960
264	1921	0	1	0	1	0	0	1	21	94	5	31	32256	960	0	0	0	960
264	1922	0	1	0	1	0	0	1	23	30	4	31	32256	960	0	0	0	960
264	1924	0	1	0	1	0	0	1	20	222	6	32	32256	960	0	0	0	960
264	1928	0	1	0	1	0	0	1	20	222	6	32	32256	960	0	0	0	960
264	1936	0	1	0	1	0	0	1	21	222	6	33	32256	960	0	0	0	960
264	1952	0	1	0	1	0	0	1	21	222	6	33	32256	960	0	0	0	960
264	1984	0	1	0	1	0	0	1	21	222	6	33	32256	960	0	0	0	960
264	2063	0	1	0	1	0	0	1	20	11	3	26	32256	992	0	0	0	992
264	2071	0	1	0	1	0	0	1	21	11	3	27	32256	992	0	0	0	992
264	2075	0	1	0	1	0	0	1	21	11	3	27	32256	992	0	0	0	992
264	2077	0	1	0	1	0	0	1	22	11	3	28	32256	992	0	0	0	992
264	2078	0	1	0	1	0	0	1	20	75	4	28	32256	992	0	0	0	992
264	2087	0	1	0	1	0	0	1	21	11	3	27	32256	992	0	0	0	992
264	2091	0	1	0	1	0	0	1	21	11	3	27	32256	992	0	0	0	992
264	2093	0	1	0	1	0	0	1	22	11	3	28	32256	992	0	0	0	992
264	2094	0	1	0	1	0	0	1	20	75	4	28	32256	992	0	0	0	992
264	2099	0	1	0	1	0	0	1	22	11	3	28	32256	992	0	0	0	992
264	2101	0	1	0	1	0	0	1	23	11	3	29	32256	992	0	0	0	992
264	2102	0	1	0	1	0	0	1	21	75	4	29	32256	992	0	0	0	992
264	2105	0	1	0	1	0	0	1	23	11	3	29	32256	992	0	0	0	992
264	2106	0	1	0	1	0	0	1	21	75	4	29	32256	992	0	0	0	992
264	2108	0	1	0	1	0	0	1	22	75	4	30	32256	992	0	0	0	992
264	2119	0	1	0	1	0	0	1	21	11	3	27	32256	992	0	0	0	992
264	2123	0	1	0	1	0	0	1	21	11	3	27	32256	992	0	0	0	992
264	2125	0	1	0	1	0	0	1	22	11	3	28	32256	992	0	0	0	992
264	2126	0	1	0	1	0	0	1	20	75	4	28	32256	992	0	0	0	992
264	2131	0	1	0	1	0	0	1	22	11	3	28	32256	992	0	0	0	992
264	2133	0	1	0	1	0	0	1	23	11	3	29	32256	992	0	0	0	992
264	2134	0	1	0	1	0	0	1	21	75	4	29	32256	992	0	0	0	992
264	2137	0	1	0	1	0	0	1	23	11	3	29	32256	992	0	0	0	992
264	2138	0	1	0	1	0	0	1	21	75	4	29	32256	992	0	0	0	992
264	2140	0	1	0	1	0	0	1	22	75	4	30	32256	992	0	0	0	992
264	2147	0	1	0	1	0	0	1	22	11	3	28	32256	992	0	0	0	992
264	2149	0	1	0	1	0	0	1	23	11	3	29	32256	992	0	0	0	992
264	2150	0	1	0	1	0	0	1	21	75	4	29	32256	992	0	0	0	992
264	2153	0	1	0	1	0	0	1	23	11	3	29	32256	992	0	0	0	992
264	2154	0	1	0	1	0	0	1	21	75	4	29	32256	992	0	0	0	992
264	2156	0	1	0	1	0	0	1	22	75	4	30	32256	992	0	0	0	992
264	2161	0	1	0	1	0	0	1	24	11	3	30	32256	992	0	0	0	992
264	2162	0	1	0	1	0	0	1	22	75	4	30	32256	992	0	0	0	992
264	2164	0	1	0	1	0	0	1	23	75	4	31	32256	992	0	0	0	992
264	2168	0	1	0	1	0	0	1	23	75	4	31	32256	992	0	0	0	992
264	2183	0	1	0	1	0	0	1	21	11	3	27	32256	992	0	0	0	992
264	2187	0	1	0	1	0	0	1	21	11	3	27	32256	992	0	0	0	992
264	2189	0	1	0	1	0	0	1	22	11	3	28	32256	992	0	0	0	992
264	2190	0	1	0	1	0	0	1	20	75	4	28	32256	992	0	0	0	992
264	2195	0	1	0	1	0	0	1	22	11	3	28	32256	992	0	0	0	992
264	2197	0	1	0	1	0	0	1	23	11	3	29	32256	992	0	0	0	992
264	2198	0	1	0	1	0	0	1	21	75	4	29	32256	992	0	0	0	992
264	2201	0	1	0	1	0	0	1	23	11	3	29	32256	992	0	0	0	992
264	2202	0	1	0	1	0	0	1	21	75	4	29	32256	992	0	0	0	992
264	2204	0	1	0	1	0	0	1	22	75	4	30	32256	992	0	0	0	992
264	2211	0	1	0	1	0	0	1	22	11	3	28	32256	992	0	0	0	992
264	2213	0	1	0	1	0	0	1	23	11	3	29	32256	992	0	0	0	992
264	2214	0	1	0	1	0	0	1	21	75	4	29	32256	992	0	0	0	992
264	2217	0	1	0	1	0	0	1	23	11	3	29	32256	992	0	0	0	992
264	2218	0	1	0	1	0	0	1	21	75	4	29	32256	992	0	0	0	992
264	2220	0	1	0	1	0	0	1	22	75	4	30	32256	992	0	0	0	992
264	2225	0	1	0	1	0	0	1	24	11	3	30	32256	992	0	0	0	992
264	2226	0	1	0	1	0	0	1	22	75	4	30	32256	992	0	0	0	992
264	2228	0	1	0	1	0	0	1	23	75	4	31	32256	992	0	0	0	992
264	2232	0	1	0	1	0	0	1	23	75	4	31	32256	992	0	0	0	992
264	2243	0	1	0	1	0	0	1	22	11	3	28	32256	992	0	0	0	992
264	2245	0	1	0	1	0	0	1	23	11	3	29	32256	992	0	0	0	992
264	2246	0	1	0	1	0	0	1	21	75	4	29	32256	992	0	0	0	992
264	2249	0	1	0	1	0	0	1	23	11	3	29	32256	992	0	0	0	992
264	2250	0	1	0	1	0	0	1	21	75	4	29	32256	992	0	0	0	992
264	2252	0	1	0	1	0	0	1	22	75	4	30	32256	992	0	0	0	992
264	2257	0	1	0	1	0	0	1	24	11	3	30	32256	992	0	0	0	992
264	2258	0	1	0	1	0	0	1	22	75	4	30	32256	992	0	0	0	992
264	2260	0	1	0	1	0	0	1	23	75	4	31	32256	992	0	0	0	992
264	2264	0	1	0	1	0	0	1	23	75	4	31	32256	992	0	0	0	992
264	2273	0	1	0	1	0	0	1	24	11	3	30	32256	992	0	0	0	992
264	2274	0	1	0	1	0	0	1	22	75	4	30	32256	992	0	0	0	992
264	2276	0	1	0	1	0	0	1	23	75	4	31	32256	992	0	0	0	992
264	2280	0	1	0	1	0	0	1	23	75	4	31	32256	992	0	0	0	992
264	2288	0	1	0	1	0	0	1	24	75	4	32	32256	992	0	0	0	992
264	2311	0	1	0	1	0	0	1	21	11	3	27	32256	992	0	0	0	992
264	2315	0	1	0	1	0	0	1	21	11	3	27	32256	992	0	0	0	992
264	2317	0	1	0	1	0	0	1	22	11	3	28	32256	992	0	0	0	992
264	2318	0	1	0	1	0	0	1	20	75	4	28	32256	992	0	0	0	992
264	2323	0	1	0	1	0	0	1	22	11	3	28	32256	992	0	0	0	992
264	2325	0	1	0	1	0	0	1	23	11	3	29	32256	992	0	0	0	992
264	2326	0	1	0	1	0	0	1	21	75	4	29	32256	992	0	0	0	992
264	2329	0	1	0	1	0	0	1	23	11	3	29	32256	992	0	0	0	992
264	2330	0	1	0	1	0	0	1	21	75	4	29	32256	992	0	0	0	992
264	2332	0	1	0	1	0	0	1	22	75	4	30	32256	992	0	0	0	992
264	2339	0	1	0	1	0	0	1	22	11	3	28	32256	992	0	0	0	992
264	2341	0	1	0	1	0	0	1	23	11	3	29	32256	992	0	0	0	992
264	2342	0	1	0	1	0	0	1	21	75	4	29	32256	992	0	0	0	992
264	2345	0	1	0	1	0	0	1	23	11	3	29	32256	992	0	0	0	992
264	2346	0	1	0	1	0	0	1	21	75	4	29	32256	992	0	0	0	992
264	2348	0	1	0	1	0	0	1	22	75	4	30	32256	992	0	0	0	992
264	2353	0	1	0	1	0	0	1	24	11	3	30	32256	992	0	0	0	992
264	2354	0	1	0	1	0	0	1	22	75	4	30	32256	992	0	0	0	992
264	2356	0	1	0	1	0	0	1	23	75	4	31	32256	992	0	0	0	992
264	2360	0	1	0	1	0	0	1	23	75	4	31	32256	992	0	0	0	992
264	2371	0	1	0	1	0	0	1	22	11	3	28	32256	992	0	0	0	992
264	2373	0	1	0	1	0	0	1	23	11	3	29	32256	992	0	0	0	992
264	2374	0	1	0	1	0	0	1	21	75	4	29	32256	992	0	0	0	992
264	2377	0	1	0	1	0	0	1	23	11	3	29	32256	992	0	0	0	992
264	2378	0	1	0	1	0	0	1	21	75	4	29	32256	992	0	0	0	992
264	2380	0	1	0	1	0	0	1	22	75	4	30	32256	992	0	0	0	992
264	2385	0	1	0	1	0	0	1	24	11	3	30	32256	992	0	0	0	992
264	2386	0	1	0	1	0	0	1	22	75	4	30	32256	992	0	0	0	992
264	2388	0	1	0	1	0	0	1	23	75	4	31	32256	992	0	0	0	992
264	2392	0	1	0	1	0	0	1	23	75	4	31	32256	992	0	0	0	992
264	2401	0	1	0	1	0	0	1	24	11	3	30	32256	992	0	0	0	992
264	2402	0	1	0	1	0	0	1	22	75	4	30	32256	992	0	0	0	992
264	2404	0	1	0	1	0	0	1	23	75	4	31	32256	992	0	0	0	992
264	2408	0	1	0	1	0	0	1	23	75	4	31	32256	992	0	0	0	992
264	2416	0	1	0	1	0	0	1	24	75	4	32	32256	992	0	0	0	992
264	2435	0	1	0	1	0	0	1	22	11	3	28	32256	992	0	0	0	992
264	2437	0	1	0	1	0	0	1	23	11	3	29	32256	992	0	0	0	992
264	2438	0	1	0	1	0	0	1	21	75	4	29	32256	992	0	0	0	992
264	2441	0	1	0	1	0	0	1	23	11	3	29	32256	992	0	0	0	992
264	2442	0	1	0	1	0	0	1	21	75	4	29	32256	992	0	0	0	992
264	2444	0	1	0	1	0	0	1	22	75	4	30	32256	992	0	0	0	992
264	2449	0	1	0	1	0	0	1	24	11	3	30	32256	992	0	0	0	992
264	2450	0	1	0	1	0	0	1	22	75	4	30	32256	992	0	0	0	992
264	2452	0	1	0	1	0	0	1	23	75	4	31	32256	992	0	0	0	992
264	2456	0	1	0	1	0	0	1	23	75	4	31	32256	992	0	0	0	992
264	2465	0	1	0	1	0	0	1	24	11	3	30	32256	992	0	0	0	992
264	2466	0	1	0	1	0	0	1	22	75	4	30	32256	992	0	0	0	992
264	2468	0	1	0	1	0	0	1	23	75	4	31	32256	992	0	0	0	992
264	2472	0	1	0	1	0	0	1	23	75	4	31	32256	992	0	0	0	992
264	2480	0	1	0	1	0	0	1	24	75	4	32	32256	992	0	0	0	992
264	2497	0	1	0	1	0	0	1	24	11	3	30	32256	992	0	0	0	992
264	2498	0	1	0	1	0	0	1	22	75	4	30	32256	992	0	0	0	992
264	2500	0	1	0	1	0	0	1	23	75	4	31	32256	992	0	0	0	992
264	2504	0	1	0	1	0	0	1	23	75	4	31	32256	992	0	0	0	992
264	2512	0	1	0	1	0	0	1	24	75	4	32	32256	992	0	0	0	992
264	2528	0	1	0	1	0	0	1	24	75	4	32	32256	992	0	0	0	992
264	2567	0	1	0	1	0	0	1	22	13	3	28	32256	960	0	0	0	960
264	2571	0	1	0	1	0	0	1	22	13	3	28	32256	960	0	0	0	960
264	2573	0	1	0	1	0	0	1	21	30	4	29	32256	960	0	0	0	960
264	2574	0	1	0	1	0	0	1	19	94	5	29	32256	960	0	0	0	960
264	2579	0	1	0	1	0	0	1	23	13	3	29	32256	960	0	0	0	960
264	2581	0	1	0	1	0	0	1	22	30	4	30	32256	960	0	0	0	960
264	2582	0	1	0	1	0	0	1	20	94	5	30	32256	960	0	0	0	960
264	2585	0	1	0	1	0	0	1	22	30	4	30	32256	960	0	0	0	960
264	2586	0	1	0	1	0	0	1	20	94	5	30	32256	960	0	0	0	960
264	2588	0	1	0	1	0	0	1	19	222	6	31	32256	960	0	0	0	960
264	2595	0	1	0	1	0	0	1	23	13	3	29	32256	960	0	0	0	960
264	2597	0	1	0	1	0	0	1	22	30	4	30	32256	960	0	0	0	960
264	2598	0	1	0	1	0	0	1	20	94	5	30	32256	960	0	0	0	960
264	2601	0	1	0	1	0	0	1	22	30	4	30	32256	960	0	0	0	960
264	2602	0	1	0	1	0	0	1	20	94	5	30	32256	960	0	0	0	960
264	2604	0	1	0	1	0	0	1	19	222	6	31	32256	960	0	0	0	960
264	2609	0	1	0	1	0	0	1	23	30	4	31	32256	960	0	0	0	960
264	2610	0	1	0	1	0	0	1	21	94	5	31	32256	960	0	0	0	960
264	2612	0	1	0	1	0	0	1	20	222	6	32	32256	960	0	0	0	960
264	2616	0	1	0	1	0	0	1	20	222	6	32	32256	960	0	0	0	960
264	2627	0	1	0	1	0	0	1	23	13	3	29	32256	960	0	0	0	960
264	2629	0	1	0	1	0	0	1	22	30	4	30	32256	960	0	0	0	960
264	2630	0	1	0	1	0	0	1	20	94	5	30	32256	960	0	0	0	960
264	2633	0	1	0	1	0	0	1	22	30	4	30	32256	960	0	0	0	960
264	2634	0	1	0	1	0	0	1	20	94	5	30	32256	960	0	0	0	960
264	2636	0	1	0	1	0	0	1	19	222	6	31	32256	960	0	0	0	960
264	2641	0	1	0	1	0	0	1	23	30	4	31	32256	960	0	0	0	960
264	2642	0	1	0	1	0	0	1	21	94	5	31	32256	960	0	0	0	960
264	2644	0	1	0	1	0	0	1	20	222	6	32	32256	960	0	0	0	960
264	2648	0	1	0	1	0	0	1	20	222	6	32	32256	960	0	0	0	960
264	2657	0	1	0	1	0	0	1	23	30	4	31	32256	960	0	0	0	960
264	2658	0	1	0	1	0	0	1	21	94	5	31	32256	960	0	0	0	960
264	2660	0	1	0	1	0	0	1	20	222	6	32	32256	960	0	0	0	960
264	2664	0	1	0	1	0	0	1	20	222	6	32	32256	960	0	0	0	960
264	2672	0	1	0	1	0	0	1	21	222	6	33	32256	960	0	0	0	960
264	2691	0	1	0	1	0	0	1	23	13	3	29	32256	960	0	0	0	960
264	2693	0	1	0	1	0	0	1	22	30	4	30	32256	960	0	0	0	960
264	2694	0	1	0	1	0	0	1	20	94	5	30	32256	960	0	0	0	960
264	2697	0	1	0	1	0	0	1	22	30	4	30	32256	960	0	0	0	960
264	2698	0	1	0	1	0	0	1	20	94	5	30	32256	960	0	0	0	960
264	2700	0	1	0	1	0	0	1	19	222	6	31	32256	960	0	0	0	960
264	2705	0	1	0	1	0	0	1	23	30	4	31	32256	960	0	0	0	960
264	2706	0	1	0	1	0	0	1	21	94	5	31	32256	960	0	0	0	960
264	2708	0	1	0	1	0	0	1	20	222	6	32	32256	960	0	0	0	960
264	2712	0	1	0	1	0	0	1	20	222	6	32	32256	960	0	0	0	960
264	2721	0	1	0	1	0	0	1	23	30	4	31	32256	960	0	0	0	960
264	2722	0	1	0	1	0	0	1	21	94	5	31	32256	960	0	0	0	960
264	2724	0	1	0	1	0	0	1	20	222	6	32	32256	960	0	0	0	960
264	2728	0	1	0	1	0	0	1	20	222	6	32	32256	960	0	0	0	960
264	2736	0	1	0	1	0	0	1	21	222	6	33	32256	960	0	0	0	960
264	2753	0	1	0	1	0	0	1	23	30	4	31	32256	960	0	0	0	960
264	2754	0	1	0	1	0	0	1	21	94	5	31	32256	960	0	0	0	960
264	2756	0	1	0	1	0	0	1	20	222	6	32	32256	960	0	0	0	960
264	2760	0	1	0	1	0	0	1	20	222	6	32	32256	960	0	0	0	960
264	2768	0	1	0	1	0	0	1	21	222	6	33	32256	960	0	0	0	960
264	2784	0	1	0	1	0	0	1	21	222	6	33	32256	960	0	0	0	960
264	2819	0	1	0	1	0	0	1	23	13	3	29	32256	960	0	0	0	960
264	2821	0	1	0	1	0	0	1	22	30	4	30	32256	960	0	0	0	960
264	2822	0	1	0	1	0	0	1	20	94	5	30	32256	960	0	0	0	960
264	2825	0	1	0	1	0	0	1	22	30	4	30	32256	960	0	0	0	960
264	2826	0	1	0	1	0	0	1	20	94	5	30	32256	960	0	0	0	960
264	2828	0	1	0	1	0	0	1	19	222	6	31	32256	960	0	0	0	960
264	2833	0	1	0	1	0	0	1	23	30	4	31	32256	960	0	0	0	960
264	2834	0	1	0	1	0	0	1	21	94	5	31	32256	960	0	0	0	960
264	2836	0	1	0	1	0	0	1	20	222	6	32	32256	960	0	0	0	960
264	2840	0	1	0	1	0	0	1	20	222	6	32	32256	960	0	0	0	960
264	2849	0	1	0	1	0	0	1	23	30	4	31	32256	960	0	0	0	960
264	2850	0	1	0	1	0	0	1	21	94	5	31	32256	960	0	0	0	960
264	2852	0	1	0	1	0	0	1	20	222	6	32	32256	960	0	0	0	960
264	2856	0	1	0	1	0	0	1	20	222	6	32	32256	960	0	0	0	960
264	2864	0	1	0	1	0	0	1	21	222	6	33	32256	960	0	0	0	960
264	2881	0	1	0	1	0	0	1	23	30	4	31	32256	960	0	0	0	960
264	2882	0	1	0	1	0	0	1	21	94	5	31	32256	960	0	0	0	960
264	2884	0	1	0	1	0	0	1	20	222	6	32	32256	960	0	0	0	960
264	2888	0	1	0	1	0	0	1	20	222	6	32	32256	960	0	0	0	960
264	2896	0	1	0	1	0	0	1	21	222	6	33	32256	960	0	0	0	960
264	2912	0	1	0	1	0	0	1	21	222	6	33	32256	960	0	0	0	960
264	2945	0	1	0	1	0	0	1	23	30	4	31	32256	960	0	0	0	960
264	2946	0	1	0	1	0	0	1	21	94	5	31	32256	960	0	0	0	960
264	2948	0	1	0	1	0	0	1	20	222	6	32	32256	960	0	0	0	960
264	2952	0	1	0	1	0	0	1	20	222	6	32	32256	960	0	0	0	960
264	2960	0	1	0	1	0	0	1	21	222	6	33	32256	960	0	0	0	960
264	2976	0	1	0	1	0	0	1	21	222	6	33	32256	960	0	0	0	960
264	3008	0	1	0	1	0	0	1	21	222	6	33	32256	960	0	0	0	960
264	3079	0	1	0	1	0	0	1	21	86	4	29	32256	960	0	0	0	960
264	3083	0	1	0	1	0	0	1	21	86	4	29	32256	960	0	0	0	960
264	3085	0	1	0	1	0	0	1	20	94	5	30	32256	960	0	0	0	960
264	3086	0	1	0	1	0	0	1	20	94	5	30	32256	960	0	0	0	960
264	3091	0	1	0	1	0	0	1	22	86	4	30	32256	960	0	0	0	960
264	3093	0	1	0	1	0	0	1	21	94	5	31	32256	960	0	0	0	960
264	3094	0	1	0	1	0	0	1	21	94	5	31	32256	960	0	0	0	960
264	3097	0	1	0	1	0	0	1	21	94	5	31	32256	960	0	0	0	960
264	3098	0	1	0	1	0	0	1	21	94	5	31	32256	960	0	0	0	960
264	3100	0	1	0	1	0	0	1	20	222	6	32	32256	960	0	0	0	960
264	3107	0	1	0	1	0	0	1	22	86	4	30	32256	960	0	0	0	960
264	3109	0	1	0	1	0	0	1	21	94	5	31	32256	960	0	0	0	960
264	3110	0	1	0	1	0	0	1	21	94	5	31	32256	960	0	0	0	960
264	3113	0	1	0	1	0	0	1	21	94	5	31	32256	960	0	0	0	960
264	3114	0	1	0	1	0	0	1	21	94	5	31	32256	960	0	0	0	960
264	3116	0	1	0	1	0	0	1	20	222	6	32	32256	960	0	0	0	960
264	3121	0	1	0	1	0	0	1	22	94	5	32	32256	960	0	0	0	960
264	3122	0	1	0	1	0	0	1	22	94	5	32	32256	960	0	0	0	960
264	3124	0	1	0	1	0	0	1	21	222	6	33	32256	960	0	0	0	960
264	3128	0	1	0	1	0	0	1	21	222	6	33	32256	960	0	0	0	960
264	3139	0	1	0	1	0	0	1	22	86	4	30	32256	960	0	0	0	960
264	3141	0	1	0	1	0	0	1	21	94	5	31	32256	960	0	0	0	960
264	3142	0	1	0	1	0	0	1	21	94	5	31	32256	960	0	0	0	960
264	3145	0	1	0	1	0	0	1	21	94	5	31	32256	960	0	0	0	960
264	3146	0	1	0	1	0	0	1	21	94	5	31	32256	960	0	0	0	960
264	3148	0	1	0	1	0	0	1	20	222	6	32	32256	960	0	0	0	960
264	3153	0	1	0	1	0	0	1	22	94	5	32	32256	960	0	0	0	960
264	3154	0	1	0	1	0	0	1	22	94	5	32	32256	960	0	0	0	960
264	3156	0	1	0	1	0	0	1	21	222	6	33	32256	960	0	0	0	960
264	3160	0	1	0	1	0	0	1	21	222	6	33	32256	960	0	0	0	960
264	3169	0	1	0	1	0	0	1	22	94	5	32	32256	960	0	0	0	960
264	3170	0	1	0	1	0	0	1	22	94	5	32	32256	960	0	0	0	960
264	3172	0	1	0	1	0	0	1	21	222	6	33	32256	960	0	0	0	960
264	3176	0	1	0	1	0	0	1	21	222	6	33	32256	960	0	0	0	960
264	3184	0	1	0	1	0	0	1	22	222	6	34	32256	960	0	0	0	960
264	3203	0	1	0	1	0	0	1	22	86	4	30	32256	960	0	0	0	960
264	3205	0	1	0	1	0	0	1	21	94	5	31	32256	960	0	0	0	960
264	3206	0	1	0	1	0	0	1	21	94	5	31	32256	960	0	0	0	960
264	3209	0	1	0	1	0	0	1	21	94	5	31	32256	960	0	0	0	960
264	3210	0	1	0	1	0	0	1	21	94	5	31	32256	960	0	0	0	960
264	3212	0	1	0	1	0	0	1	20	222	6	32	32256	960	0	0	0	960
264	3217	0	1	0	1	0	0	1	22	94	5	32	32256	960	0	0	0	960
264	3218	0	1	0	1	0	0	1	22	94	5	32	32256	960	0	0	0	960
264	3220	0	1	0	1	0	0	1	21	222	6	33	32256	960	0	0	0	960
264	3224	0	1	0	1	0	0	1	21	222	6	33	32256	960	0	0	0	960
264	3233	0	1	0	1	0	0	1	22	94	5	32	32256	960	0	0	0	960
264	3234	0	1	0	1	0	0	1	22	94	5	32	32256	960	0	0	0	960
264	3236	0	1	0	1	0	0	1	21	222	6	33	32256	960	0	0	0	960
264	3240	0	1	0	1	0	0	1	21	222	6	33	32256	960	0	0	0	960
264	3248	0	1	0	1	0	0	1	22	222	6	34	32256	960	0	0	0	960
264	3265	0	1	0	1	0	0	1	22	94	5	32	32256	960	0	0	0	960
264	3266	0	1	0	1	0	0	1	22	94	5	32	32256	960	0	0	0	960
264	3268	0	1	0	1	0	0	1	21	222	6	33	32256	960	0	0	0	960
264	3272	0	1	0	1	0	0	1	21	222	6	33	32256	960	0	0	0	960
264	3280	0	1	0	1	0	0	1	22	222	6	34	32256	960	0	0	0	960
264	3296	0	1	0	1	0	0	1	22	222	6	34	32256	960	0	0	0	960
264	3331	0	1	0	1	0	0	1	22	86	4	30	32256	960	0	0	0	960
264	3333	0	1	0	1	0	0	1	21	94	5	31	32256	960	0	0	0	960
264	3334	0	1	0	1	0	0	1	21	94	5	31	32256	960	0	0	0	960
264	3337	0	1	0	1	0	0	1	21	94	5	31	32256	960	0	0	0	960
264	3338	0	1	0	1	0	0	1	21	94	5	31	32256	960	0	0	0	960
264	3340	0	1	0	1	0	0	1	20	222	6	32	32256	960	0	0	0	960
264	3345	0	1	0	1	0	0	1	22	94	5	32	32256	960	0	0	0	960
264	3346	0	1	0	1	0	0	1	22	94	5	32	32256	960	0	0	0	960
264	3348	0	1	0	1	0	0	1	21	222	6	33	32256	960	0	0	0	960
264	3352	0	1	0	1	0	0	1	21	222	6	33	32256	960	0	0	0	960
264	3361	0	1	0	1	0	0	1	22	94	5	32	32256	960	0	0	0	960
264	3362	0	1	0	1	0	0	1	22	94	5	32	32256	960	0	0	0	960
264	3364	0	1	0	1	0	0	1	21	222	6	33	32256	960	0	0	0	960
264	3368	0	1	0	1	0	0	1	21	222	6	33	32256	960	0	0	0	960
264	3376	0	1	0	1	0	0	1	22	222	6	34	32256	960	0	0	0	960
264	3393	0	1	0	1	0	0	1	22	94	5	32	32256	960	0	0	0	960
264	3394	0	1	0	1	0	0	1	22	94	5	32	32256	960	0	0	0	960
264	3396	0	1	0	1	0	0	1	21	222	6	33	32256	960	0	0	0	960
264	3400	0	1	0	1	0	0	1	21	222	6	33	32256	960	0	0	0	960
264	3408	0	1	0	1	0	0	1	22	222	6	34	32256	960	0	0	0	960
264	3424	0	1	0	1	0	0	1	22	222	6	34	32256	960	0	0	0	960
264	3457	0	1	0	1	0	0	1	22	94	5	32	32256	960	0	0	0	960
264	3458	0	1	0	1	0	0	1	22	94	5	32	32256	960	0	0	0	960
264	3460	0	1	0	1	0	0	1	21	222	6	33	32256	960	0	0	0	960
264	3464	0	1	0	1	0	0	1	21	222	6	33	32256	960	0	0	0	960
264	3472	0	1	0	1	0	0	1	22	222	6	34	32256	960	0	0	0	960
264	3488	0	1	0	1	0	0	1	22	222	6	34	32256	960	0	0	0	960
264	3520	0	1	0	1	0	0	1	22	222	6	34	32256	960	0	0	0	960
264	3587	0	1	0	1	0	0	1	27	12	2	31	32256	896	0	0	0	896
264	3589	0	1	0	1	0	0	1	24	77	4	32	32256	896	0	0	0	896
264	3590	0	1	0	1	0	0	1	24	77	4	32	32256	896	0	0	0	896
264	3593	0	1	0	1	0	0	1	24	77	4	32	32256	896	0	0	0	896
264	3594	0	1	0	1	0	0	1	24	77	4	32	32256	896	0	0	0	896
264	3596	0	1	0	1	0	0	1	21	222	6	33	32256	896	0	0	0	896
264	3601	0	1	0	1	0	0	1	25	77	4	33	32256	896	0	0	0	896
264	3602	0	1	0	1	0	0	1	25	77	4	33	32256	896	0	0	0	896
264	3604	0	1	0	1	0	0	1	22	222	6	34	32256	896	0	0	0	896
264	3608	0	1	0	1	0	0	1	22	222	6	34	32256	896	0	0	0	896
264	3617	0	1	0	1	0	0	1	25	77	4	33	32256	896	0	0	0	896
264	3618	0	1	0	1	0	0	1	25	77	4	33	32256	896	0	0	0	896
264	3620	0	1	0	1	0	0	1	22	222	6	34	32256	896	0	0	0	896
264	3624	0	1	0	1	0	0	1	22	222	6	34	32256	896	0	0	0	896
264	3632	0	1	0	1	0	0	1	23	222	6	35	32256	896	0	0	0	896
264	3649	0	1	0	1	0	0	1	25	77	4	33	32256	896	0	0	0	896
264	3650	0	1	0	1	0	0	1	25	77	4	33	32256	896	0	0	0	896
264	3652	0	1	0	1	0	0	1	22	222	6	34	32256	896	0	0	0	896
264	3656	0	1	0	1	0	0	1	22	222	6	34	32256	896	0	0	0	896
264	3664	0	1	0	1	0	0	1	23	222	6	35	32256	896	0	0	0	896
264	3680	0	1	0	1	0	0	1	23	222	6	35	32256	896	0	0	0	896
264	3713	0	1	0	1	0	0	1	25	77	4	33	32256	896	0	0	0	896
264	3714	0	1	0	1	0	0	1	25	77	4	33	32256	896	0	0	0	896
264	3716	0	1	0	1	0	0	1	22	222	6	34	32256	896	0	0	0	896
264	3720	0	1	0	1	0	0	1	22	222	6	34	32256	896	0	0	0	896
264	3728	0	1	0	1	0	0	1	23	222	6	35	32256	896	0	0	0	896
264	3744	0	1	0	1	0	0	1	23	222	6	35	32256	896	0	0	0	896
264	3776	0	1	0	1	0	0	1	23	222	6	35	32256	896	0	0	0	896
264	3841	0	1	0	1	0	0	1	25	77	4	33	32256	896	0	0	0	896
264	3842	0	1	0	1	0	0	1	25	77	4	33	32256	896	0	0	0	896
264	3844	0	1	0	1	0	0	1	22	222	6	34	32256	896	0	0	0	896
264	3848	0	1	0	1	0	0	1	22	222	6	34	32256	896	0	0	0	896
264	3856	0	1	0	1	0	0	1	23	222	6	35	32256	896	0	0	0	896
264	3872	0	1	0	1	0	0	1	23	222	6	35	32256	896	0	0	0	896
264	3904	0	1	0	1	0	0	1	23	222	6	35	32256	896	0	0	0	896
264	3968	0	1	0	1	0	0	1	23	222	6	35	32256	896	0	0	0	896
264	4111	0	1	0	1	0	0	1	20	11	3	26	32256	992	0	0	0	992
264	4119	0	1	0	1	0	0	1	19	75	4	27	32256	992	0	0	0	992
264	4123	0	1	0	1	0	0	1	21	11	3	27	32256	992	0	0	0	992
264	4125	0	1	0	1	0	0	1	22	11	3	28	32256	992	0	0	0	992
264	4126	0	1	0	1	0	0	1	22	11	3	28	32256	992	0	0	0	992
264	4135	0	1	0	1	0	0	1	19	75	4	27	32256	992	0	0	0	992
264	4139	0	1	0	1	0	0	1	21	11	3	27	32256	992	0	0	0	992
264	4141	0	1	0	1	0	0	1	22	11	3	28	32256	992	0	0	0	992
264	4142	0	1	0	1	0	0	1	22	11	3	28	32256	992	0	0	0	992
264	4147	0	1	0	1	0	0	1	20	75	4	28	32256	992	0	0	0	992
264	4149	0	1	0	1	0	0	1	21	75	4	29	32256	992	0	0	0	992
264	4150	0	1	0	1	0	0	1	21	75	4	29	32256	992	0	0	0	992
264	4153	0	1	0	1	0	0	1	23	11	3	29	32256	992	0	0	0	992
264	4154	0	1	0	1	0	0	1	23	11	3	29	32256	992	0	0	0	992
264	4156	0	1	0	1	0	0	1	24	11	3	30	32256	992	0	0	0	992
264	4167	0	1	0	1	0	0	1	19	75	4	27	32256	992	0	0	0	992
264	4171	0	1	0	1	0	0	1	21	11	3	27	32256	992	0	0	0	992
264	4173	0	1	0	1	0	0	1	22	11	3	28	32256	992	0	0	0	992
264	4174	0	1	0	1	0	0	1	22	11	3	28	32256	992	0	0	0	992
264	4179	0	1	0	1	0	0	1	20	75	4	28	32256	992	0	0	0	992
264	4181	0	1	0	1	0	0	1	21	75	4	29	32256	992	0	0	0	992
264	4182	0	1	0	1	0	0	1	21	75	4	29	32256	992	0	0	0	992
264	4185	0	1	0	1	0	0	1	23	11	3	29	32256	992	0	0	0	992
264	4186	0	1	0	1	0	0	1	23	11	3	29	32256	992	0	0	0	992
264	4188	0	1	0	1	0	0	1	24	11	3	30	32256	992	0	0	0	992
264	4195	0	1	0	1	0	0	1	20	75	4	28	32256	992	0	0	0	992
264	4197	0	1	0	1	0	0	1	21	75	4	29	32256	992	0	0	0	992
264	4198	0	1	0	1	0	0	1	21	75	4	29	32256	992	0	0	0	992
264	4201	0	1	0	1	0	0	1	23	11	3	29	32256	992	0	0	0	992
264	4202	0	1	0	1	0	0	1	23	11	3	29	32256	992	0	0	0	992
264	4204	0	1	0	1	0	0	1	24	11	3	30	32256	992	0	0	0	992
264	4209	0	1	0	1	0	0	1	22	75	4	30	32256	992	0	0	0	992
264	4210	0	1	0	1	0	0	1	22	75	4	30	32256	992	0	0	0	992
264	4212	0	1	0	1	0	0	1	23	75	4	31	32256	992	0	0	0	992
264	4216	0	1	0	1	0	0	1	25	11	3	31	32256	992	0	0	0	992
264	4231	0	1	0	1	0	0	1	19	75	4	27	32256	992	0	0	0	992
264	4235	0	1	0	1	0	0	1	21	11	3	27	32256	992	0	0	0	992
264	4237	0	1	0	1	0	0	1	22	11	3	28	32256	992	0	0	0	992
264	4238	0	1	0	1	0	0	1	22	11	3	28	32256	992	0	0	0	992
264	4243	0	1	0	1	0	0	1	20	75	4	28	32256	992	0	0	0	992
264	4245	0	1	0	1	0	0	1	21	75	4	29	32256	992	0	0	0	992
264	4246	0	1	0	1	0	0	1	21	75	4	29	32256	992	0	0	0	992
264	4249	0	1	0	1	0	0	1	23	11	3	29	32256	992	0	0	0	992
264	4250	0	1	0	1	0	0	1	23	11	3	29	32256	992	0	0	0	992
264	4252	0	1	0	1	0	0	1	24	11	3	30	32256	992	0	0	0	992
264	4259	0	1	0	1	0	0	1	20	75	4	28	32256	992	0	0	0	992
264	4261	0	1	0	1	0	0	1	21	75	4	29	32256	992	0	0	0	992
264	4262	0	1	0	1	0	0	1	21	75	4	29	32256	992	0	0	0	992
264	4265	0	1	0	1	0	0	1	23	11	3	29	32256	992	0	0	0	992
264	4266	0	1	0	1	0	0	1	23	11	3	29	32256	992	0	0	0	992
264	4268	0	1	0	1	0	0	1	24	11	3	30	32256	992	0	0	0	992
264	4273	0	1	0	1	0	0	1	22	75	4	30	32256	992	0	0	0	992
264	4274	0	1	0	1	0	0	1	22	75	4	30	32256	992	0	0	0	992
264	4276	0	1	0	1	0	0	1	23	75	4	31	32256	992	0	0	0	992
264	4280	0	1	0	1	0	0	1	25	11	3	31	32256	992	0	0	0	992
264	4291	0	1	0	1	0	0	1	20	75	4	28	32256	992	0	0	0	992
264	4293	0	1	0	1	0	0	1	21	75	4	29	32256	992	0	0	0	992
264	4294	0	1	0	1	0	0	1	21	75	4	29	32256	992	0	0	0	992
264	4297	0	1	0	1	0	0	1	23	11	3	29	32256	992	0	0	0	992
264	4298	0	1	0	1	0	0	1	23	11	3	29	32256	992	0	0	0	992
264	4300	0	1	0	1	0	0	1	24	11	3	30	32256	992	0	0	0	992
264	4305	0	1	0	1	0	0	1	22	75	4	30	32256	992	0	0	0	992
264	4306	0	1	0	1	0	0	1	22	75	4	30	32256	992	0	0	0	992
264	4308	0	1	0	1	0	0	1	23	75	4	31	32256	992	0	0	0	992
264	4312	0	1	0	1	0	0	1	25	11	3	31	32256	992	0	0	0	992
264	4321	0	1	0	1	0	0	1	22	75	4	30	32256	992	0	0	0	992
264	4322	0	1	0	1	0	0	1	22	75	4	30	32256	992	0	0	0	992
264	4324	0	1	0	1	0	0	1	23	75	4	31	32256	992	0	0	0	992
264	4328	0	1	0	1	0	0	1	25	11	3	31	32256	992	0	0	0	992
264	4336	0	1	0	1	0	0	1	24	75	4	32	32256	992	0	0	0	992
264	4359	0	1	0	1	0	0	1	19	75	4	27	32256	992	0	0	0	992
264	4363	0	1	0	1	0	0	1	21	11	3	27	32256	992	0	0	0	992
264	4365	0	1	0	1	0	0	1	22	11	3	28	32256	992	0	0	0	992
264	4366	0	1	0	1	0	0	1	22	11	3	28	32256	992	0	0	0	992
264	4371	0	1	0	1	0	0	1	20	75	4	28	32256	992	0	0	0	992
264	4373	0	1	0	1	0	0	1	21	75	4	29	32256	992	0	0	0	992
264	4374	0	1	0	1	0	0	1	21	75	4	29	32256	992	0	0	0	992
264	4377	0	1	0	1	0	0	1	23	11	3	29	32256	992	0	0	0	992
264	4378	0	1	0	1	0	0	1	23	11	3	29	32256	992	0	0	0	992
264	4380	0	1	0	1	0	0	1	24	11	3	30	32256	992	0	0	0	992
264	4387	0	1	0	1	0	0	1	20	75	4	28	32256	992	0	0	0	992
264	4389	0	1	0	1	0	0	1	21	75	4	29	32256	992	0	0	0	992
264	4390	0	1	0	1	0	0	1	21	75	4	29	32256	992	0	0	0	992
264	4393	0	1	0	1	0	0	1	23	11	3	29	32256	992	0	0	0	992
264	4394	0	1	0	1	0	0	1	23	11	3	29	32256	992	0	0	0	992
264	4396	0	1	0	1	0	0	1	24	11	3	30	32256	992	0	0	0	992
264	4401	0	1	0	1	0	0	1	22	75	4	30	32256	992	0	0	0	992
264	4402	0	1	0	1	0	0	1	22	75	4	30	32256	992	0	0	0	992
264	4404	0	1	0	1	0	0	1	23	75	4	31	32256	992	0	0	0	992
264	4408	0	1	0	1	0	0	1	25	11	3	31	32256	992	0	0	0	992
264	4419	0	1	0	1	0	0	1	20	75	4	28	32256	992	0	0	0	992
264	4421	0	1	0	1	0	0	1	21	75	4	29	32256	992	0	0	0	992
264	4422	0	1	0	1	0	0	1	21	75	4	29	32256	992	0	0	0	992
264	4425	0	1	0	1	0	0	1	23	11	3	29	32256	992	0	0	0	992
264	4426	0	1	0	1	0	0	1	23	11	3	29	32256	992	0	0	0	992
264	4428	0	1	0	1	0	0	1	24	11	3	30	32256	992	0	0	0	992
264	4433	0	1	0	1	0	0	1	22	75	4	30	32256	992	0	0	0	992
264	4434	0	1	0	1	0	0	1	22	75	4	30	32256	992	0	0	0	992
264	4436	0	1	0	1	0	0	1	23	75	4	31	32256	992	0	0	0	992
264	4440	0	1	0	1	0	0	1	25	11	3	31	32256	992	0	0	0	992
264	4449	0	1	0	1	0	0	1	22	75	4	30	32256	992	0	0	0	992
264	4450	0	1	0	1	0	0	1	22	75	4	30	32256	992	0	0	0	992
264	4452	0	1	0	1	0	0	1	23	75	4	31	32256	992	0	0	0	992
264	4456	0	1	0	1	0	0	1	25	11	3	31	32256	992	0	0	0	992
264	4464	0	1	0	1	0	0	1	24	75	4	32	32256	992	0	0	0	992
264	4483	0	1	0	1	0	0	1	20	75	4	28	32256	992	0	0	0	992
264	4485	0	1	0	1	0	0	1	21	75	4	29	32256	992	0	0	0	992
264	4486	0	1	0	1	0	0	1	21	75	4	29	32256	992	0	0	0	992
264	4489	0	1	0	1	0	0	1	23	11	3	29	32256	992	0	0	0	992
264	4490	0	1	0	1	0	0	1	23	11	3	29	32256	992	0	0	0	992
264	4492	0	1	0	1	0	0	1	24	11	3	30	32256	992	0	0	0	992
264	4497	0	1	0	1	0	0	1	22	75	4	30	32256	992	0	0	0	992
264	4498	0	1	0	1	0	0	1	22	75	4	30	32256	992	0	0	0	992
264	4500	0	1	0	1	0	0	1	23	75	4	31	32256	992	0	0	0	992
264	4504	0	1	0	1	0	0	1	25	11	3	31	32256	992	0	0	0	992
264	4513	0	1	0	1	0	0	1	22	75	4	30	32256	992	0	0	0	992
264	4514	0	1	0	1	0	0	1	22	75	4	30	32256	992	0	0	0	992
264	4516	0	1	0	1	0	0	1	23	75	4	31	32256	992	0	0	0	992
264	4520	0	1	0	1	0	0	1	25	11	3	31	32256	992	0	0	0	992
264	4528	0	1	0	1	0	0	1	24	75	4	32	32256	992	0	0	0	992
264	4545	0	1	0	1	0	0	1	22	75	4	30	32256	992	0	0	0	992
264	4546	0	1	0	1	0	0	1	22	75	4	30	32256	992	0	0	0	992
264	4548	0	1	0	1	0	0	1	23	75	4	31	32256	992	0	0	0	992
264	4552	0	1	0	1	0	0	1	25	11	3	31	32256	992	0	0	0	992
264	4560	0	1	0	1	0	0	1	24	75	4	32	32256	992	0	0	0	992
264	4576	0	1	0	1	0	0	1	24	75	4	32	32256	992	0	0	0	992
264	4615	0	1	0	1	0	0	1	20	77	4	28	32256	960	0	0	0	960
264	4619	0	1	0	1	0	0	1	22	76	3	28	32256	960	0	0	0	960
264	4621	0	1	0	1	0	0	1	21	86	4	29	32256	960	0	0	0	960
264	4622	0	1	0	1	0	0	1	21	86	4	29	32256	960	0	0	0	960
264	4627	0	1	0	1	0	0	1	21	77	4	29	32256	960	0	0	0	960
264	4629	0	1	0	1	0	0	1	20	94	5	30	32256	960	0	0	0	960
264	4630	0	1	0	1	0	0	1	20	94	5	30	32256	960	0	0	0	960
264	4633	0	1	0	1	0	0	1	22	86	4	30	32256	960	0	0	0	960
264	4634	0	1	0	1	0	0	1	22	86	4	30	32256	960	0	0	0	960
264	4636	0	1	0	1	0	0	1	21	94	5	31	32256	960	0	0	0	960
264	4643	0	1	0	1	0	0	1	21	77	4	29	32256	960	0	0	0	960
264	4645	0	1	0	1	0	0	1	20	94	5	30	32256	960	0	0	0	960
264	4646	0	1	0	1	0	0	1	20	94	5	30	32256	960	0	0	0	960
264	4649	0	1	0	1	0	0	1	22	86	4	30	32256	960	0	0	0	960
264	4650	0	1	0	1	0	0	1	22	86	4	30	32256	960	0	0	0	960
264	4652	0	1	0	1	0	0	1	21	94	5	31	32256	960	0	0	0	960
264	4657	0	1	0	1	0	0	1	21	94	5	31	32256	960	0	0	0	960
264	4658	0	1	0	1	0	0	1	21	94	5	31	32256	960	0	0	0	960
264	4660	0	1	0	1	0	0	1	20	222	6	32	32256	960	0	0	0	960
264	4664	0	1	0	1	0	0	1	22	94	5	32	32256	960	0	0	0	960
264	4675	0	1	0	1	0	0	1	21	77	4	29	32256	960	0	0	0	960
264	4677	0	1	0	1	0	0	1	20	94	5	30	32256	960	0	0	0	960
264	4678	0	1	0	1	0	0	1	20	94	5	30	32256	960	0	0	0	960
264	4681	0	1	0	1	0	0	1	22	86	4	30	32256	960	0	0	0	960
264	4682	0	1	0	1	0	0	1	22	86	4	30	32256	960	0	0	0	960
264	4684	0	1	0	1	0	0	1	21	94	5	31	32256	960	0	0	0	960
264	4689	0	1	0	1	0	0	1	21	94	5	31	32256	960	0	0	0	960
264	4690	0	1	0	1	0	0	1	21	94	5	31	32256	960	0	0	0	960
264	4692	0	1	0	1	0	0	1	20	222	6	32	32256	960	0	0	0	960
264	4696	0	1	0	1	0	0	1	22	94	5	32	32256	960	0	0	0	960
264	4705	0	1	0	1	0	0	1	21	94	5	31	32256	960	0	0	0	960
264	4706	0	1	0	1	0	0	1	21	94	5	31	32256	960	0	0	0	960
264	4708	0	1	0	1	0	0	1	20	222	6	32	32256	960	0	0	0	960
264	4712	0	1	0	1	0	0	1	22	94	5	32	32256	960	0	0	0	960
264	4720	0	1	0	1	0	0	1	21	222	6	33	32256	960	0	0	0	960
264	4739	0	1	0	1	0	0	1	21	77	4	29	32256	960	0	0	0	960
264	4741	0	1	0	1	0	0	1	20	94	5	30	32256	960	0	0	0	960
264	4742	0	1	0	1	0	0	1	20	94	5	30	32256	960	0	0	0	960
264	4745	0	1	0	1	0	0	1	22	86	4	30	32256	960	0	0	0	960
264	4746	0	1	0	1	0	0	1	22	86	4	30	32256	960	0	0	0	960
264	4748	0	1	0	1	0	0	1	21	94	5	31	32256	960	0	0	0	960
264	4753	0	1	0	1	0	0	1	21	94	5	31	32256	960	0	0	0	960
264	4754	0	1	0	1	0	0	1	21	94	5	31	32256	960	0	0	0	960
264	4756	0	1	0	1	0	0	1	20	222	6	32	32256	960	0	0	0	960
264	4760	0	1	0	1	0	0	1	22	94	5	32	32256	960	0	0	0	960
264	4769	0	1	0	1	0	0	1	21	94	5	31	32256	960	0	0	0	960
264	4770	0	1	0	1	0	0	1	21	94	5	31	32256	960	0	0	0	960
264	4772	0	1	0	1	0	0	1	20	222	6	32	32256	960	0	0	0	960
264	4776	0	1	0	1	0	0	1	22	94	5	32	32256	960	0	0	0	960
264	4784	0	1	0	1	0	0	1	21	222	6	33	32256	960	0	0	0	960
264	4801	0	1	0	1	0	0	1	21	94	5	31	32256	960	0	0	0	960
264	4802	0	1	0	1	0	0	1	21	94	5	31	32256	960	0	0	0	960
264	4804	0	1	0	1	0	0	1	20	222	6	32	32256	960	0	0	0	960
264	4808	0	1	0	1	0	0	1	22	94	5	32	32256	960	0	0	0	960
264	4816	0	1	0	1	0	0	1	21	222	6	33	32256	960	0	0	0	960
264	4832	0	1	0	1	0	0	1	21	222	6	33	32256	960	0	0	0	960
264	4867	0	1	0	1	0	0	1	21	77	4	29	32256	960	0	0	0	960
264	4869	0	1	0	1	0	0	1	20	94	5	30	32256	960	0	0	0	960
264	4870	0	1	0	1	0	0	1	20	94	5	30	32256	960	0	0	0	960
264	4873	0	1	0	1	0	0	1	22	86	4	30	32256	960	0	0	0	960
264	4874	0	1	0	1	0	0	1	22	86	4	30	32256	960	0	0	0	960
264	4876	0	1	0	1	0	0	1	21	94	5	31	32256	960	0	0	0	960
264	4881	0	1	0	1	0	0	1	21	94	5	31	32256	960	0	0	0	960
264	4882	0	1	0	1	0	0	1	21	94	5	31	32256	960	0	0	0	960
264	4884	0	1	0	1	0	0	1	20	222	6	32	32256	960	0	0	0	960
264	4888	0	1	0	1	0	0	1	22	94	5	32	32256	960	0	0	0	960
264	4897	0	1	0	1	0	0	1	21	94	5	31	32256	960	0	0	0	960
264	4898	0	1	0	1	0	0	1	21	94	5	31	32256	960	0	0	0	960
264	4900	0	1	0	1	0	0	1	20	222	6	32	32256	960	0	0	0	960
264	4904	0	1	0	1	0	0	1	22	94	5	32	32256	960	0	0	0	960
264	4912	0	1	0	1	0	0	1	21	222	6	33	32256	960	0	0	0	960
264	4929	0	1	0	1	0	0	1	21	94	5	31	32256	960	0	0	0	960
264	4930	0	1	0	1	0	0	1	21	94	5	31	32256	960	0	0	0	960
264	4932	0	1	0	1	0	0	1	20	222	6	32	32256	960	0	0	0	960
264	4936	0	1	0	1	0	0	1	22	94	5	32	32256	960	0	0	0	960
264	4944	0	1	0	1	0	0	1	21	222	6	33	32256	960	0	0	0	960
264	4960	0	1	0	1	0	0	1	21	222	6	33	32256	960	0	0	0	960
264	4993	0	1	0	1	0	0	1	21	94	5	31	32256	960	0	0	0	960
264	4994	0	1	0	1	0	0	1	21	94	5	31	32256	960	0	0	0	960
264	4996	0	1	0	1	0	0	1	20	222	6	32	32256	960	0	0	0	960
264	5000	0	1	0	1	0	0	1	22	94	5	32	32256	960	0	0	0	960
264	5008	0	1	0	1	0	0	1	21	222	6	33	32256	960	0	0	0	960
264	5024	0	1	0	1	0	0	1	21	222	6	33	32256	960	0	0	0	960
264	5056	0	1	0	1	0	0	1	21	222	6	33	32256	960	0	0	0	960
264	5127	0	1	0	1	0	0	1	19	94	5	29	32256	960	0	0	0	960
264	5131	0	1	0	1	0	0	1	21	86	4	29	32256	960	0	0	0	960
264	5133	0	1	0	1	0	0	1	20	94	5	30	32256	960	0	0	0	960
264	5134	0	1	0	1	0	0	1	22	86	4	30	32256	960	0	0	0	960
264	5139	0	1	0	1	0	0	1	20	94	5	30	32256	960	0	0	0	960
264	5141	0	1	0	1	0	0	1	19	222	6	31	32256	960	0	0	0	960
264	5142	0	1	0	1	0	0	1	21	94	5	31	32256	960	0	0	0	960
264	5145	0	1	0	1	0	0	1	21	94	5	31	32256	960	0	0	0	960
264	5146	0	1	0	1	0	0	1	23	86	4	31	32256	960	0	0	0	960
264	5148	0	1	0	1	0	0	1	22	94	5	32	32256	960	0	0	0	960
264	5155	0	1	0	1	0	0	1	20	94	5	30	32256	960	0	0	0	960
264	5157	0	1	0	1	0	0	1	19	222	6	31	32256	960	0	0	0	960
264	5158	0	1	0	1	0	0	1	21	94	5	31	32256	960	0	0	0	960
264	5161	0	1	0	1	0	0	1	21	94	5	31	32256	960	0	0	0	960
264	5162	0	1	0	1	0	0	1	23	86	4	31	32256	960	0	0	0	960
264	5164	0	1	0	1	0	0	1	22	94	5	32	32256	960	0	0	0	960
264	5169	0	1	0	1	0	0	1	20	222	6	32	32256	960	0	0	0	960
264	5170	0	1	0	1	0	0	1	22	94	5	32	32256	960	0	0	0	960
264	5172	0	1	0	1	0	0	1	21	222	6	33	32256	960	0	0	0	960
264	5176	0	1	0	1	0	0	1	23	94	5	33	32256	960	0	0	0	960
264	5187	0	1	0	1	0	0	1	20	94	5	30	32256	960	0	0	0	960
264	5189	0	1	0	1	0	0	1	19	222	6	31	32256	960	0	0	0	960
264	5190	0	1	0	1	0	0	1	21	94	5	31	32256	960	0	0	0	960
264	5193	0	1	0	1	0	0	1	21	94	5	31	32256	960	0	0	0	960
264	5194	0	1	0	1	0	0	1	23	86	4	31	32256	960	0	0	0	960
264	5196	0	1	0	1	0	0	1	22	94	5	32	32256	960	0	0	0	960
264	5201	0	1	0	1	0	0	1	20	222	6	32	32256	960	0	0	0	960
264	5202	0	1	0	1	0	0	1	22	94	5	32	32256	960	0	0	0	960
264	5204	0	1	0	1	0	0	1	21	222	6	33	32256	960	0	0	0	960
264	5208	0	1	0	1	0	0	1	23	94	5	33	32256	960	0	0	0	960
264	5217	0	1	0	1	0	0	1	20	222	6	32	32256	960	0	0	0	960
264	5218	0	1	0	1	0	0	1	22	94	5	32	32256	960	0	0	0	960
264	5220	0	1	0	1	0	0	1	21	222	6	33	32256	960	0	0	0	960
264	5224	0	1	0	1	0	0	1	23	94	5	33	32256	960	0	0	0	960
264	5232	0	1	0	1	0	0	1	22	222	6	34	32256	960	0	0	0	960
264	5251	0	1	0	1	0	0	1	20	94	5	30	32256	960	0	0	0	960
264	5253	0	1	0	1	0	0	1	19	222	6	31	32256	960	0	0	0	960
264	5254	0	1	0	1	0	0	1	21	94	5	31	32256	960	0	0	0	960
264	5257	0	1	0	1	0	0	1	21	94	5	31	32256	960	0	0	0	960
264	5258	0	1	0	1	0	0	1	23	86	4	31	32256	960	0	0	0	960
264	5260	0	1	0	1	0	0	1	22	94	5	32	32256	960	0	0	0	960
264	5265	0	1	0	1	0	0	1	20	222	6	32	32256	960	0	0	0	960
264	5266	0	1	0	1	0	0	1	22	94	5	32	32256	960	0	0	0	960
264	5268	0	1	0	1	0	0	1	21	222	6	33	32256	960	0	0	0	960
264	5272	0	1	0	1	0	0	1	23	94	5	33	32256	960	0	0	0	960
264	5281	0	1	0	1	0	0	1	20	222	6	32	32256	960	0	0	0	960
264	5282	0	1	0	1	0	0	1	22	94	5	32	32256	960	0	0	0	960
264	5284	0	1	0	1	0	0	1	21	222	6	33	32256	960	0	0	0	960
264	5288	0	1	0	1	0	0	1	23	94	5	33	32256	960	0	0	0	960
264	5296	0	1	0	1	0	0	1	22	222	6	34	32256	960	0	0	0	960
264	5313	0	1	0	1	0	0	1	20	222	6	32	32256	960	0	0	0	960
264	5314	0	1	0	1	0	0	1	22	94	5	32	32256	960	0	0	0	960
264	5316	0	1	0	1	0	0	1	21	222	6	33	32256	960	0	0	0	960
264	5320	0	1	0	1	0	0	1	23	94	5	33	32256	960	0	0	0	960
264	5328	0	1	0	1	0	0	1	22	222	6	34	32256	960	0	0	0	960
264	5344	0	1	0	1	0	0	1	22	222	6	34	32256	960	0	0	0	960
264	5379	0	1	0	1	0	0	1	20	94	5	30	32256	960	0	0	0	960
264	5381	0	1	0	1	0	0	1	19	222	6	31	32256	960	0	0	0	960
264	5382	0	1	0	1	0	0	1	21	94	5	31	32256	960	0	0	0	960
264	5385	0	1	0	1	0	0	1	21	94	5	31	32256	960	0	0	0	960
264	5386	0	1	0	1	0	0	1	23	86	4	31	32256	960	0	0	0	960
264	5388	0	1	0	1	0	0	1	22	94	5	32	32256	960	0	0	0	960
264	5393	0	1	0	1	0	0	1	20	222	6	32	32256	960	0	0	0	960
264	5394	0	1	0	1	0	0	1	22	94	5	32	32256	960	0	0	0	960
264	5396	0	1	0	1	0	0	1	21	222	6	33	32256	960	0	0	0	960
264	5400	0	1	0	1	0	0	1	23	94	5	33	32256	960	0	0	0	960
264	5409	0	1	0	1	0	0	1	20	222	6	32	32256	960	0	0	0	960
264	5410	0	1	0	1	0	0	1	22	94	5	32	32256	960	0	0	0	960
264	5412	0	1	0	1	0	0	1	21	222	6	33	32256	960	0	0	0	960
264	5416	0	1	0	1	0	0	1	23	94	5	33	32256	960	0	0	0	960
264	5424	0	1	0	1	0	0	1	22	222	6	34	32256	960	0	0	0	960
264	5441	0	1	0	1	0	0	1	20	222	6	32	32256	960	0	0	0	960
264	5442	0	1	0	1	0	0	1	22	94	5	32	32256	960	0	0	0	960
264	5444	0	1	0	1	0	0	1	21	222	6	33	32256	960	0	0	0	960
264	5448	0	1	0	1	0	0	1	23	94	5	33	32256	960	0	0	0	960
264	5456	0	1	0	1	0	0	1	22	222	6	34	32256	960	0	0	0	960
264	5472	0	1	0	1	0	0	1	22	222	6	34	32256	960	0	0	0	960
264	5505	0	1	0	1	0	0	1	20	222	6	32	32256	960	0	0	0	960
264	5506	0	1	0	1	0	0	1	22	94	5	32	32256	960	0	0	0	960
264	5508	0	1	0	1	0	0	1	21	222	6	33	32256	960	0	0	0	960
264	5512	0	1	0	1	0	0	1	23	94	5	33	32256	960	0	0	0	960
264	5520	0	1	0	1	0	0	1	22	222	6	34	32256	960	0	0	0	960
264	5536	0	1	0	1	0	0	1	22	222	6	34	32256	960	0	0	0	960
264	5568	0	1	0	1	0	0	1	22	222	6	34	32256	960	0	0	0	960
264	5635	0	1	0	1	0	0	1	25	13	3	31	32256	896	0	0	0	896
264	5637	0	1	0	1	0	0	1	22	94	5	32	32256	896	0	0	0	896
264	5638	0	1	0	1	0	0	1	24	77	4	32	32256	896	0	0	0	896
264	5641	0	1	0	1	0	0	1	24	86	4	32	32256	896	0	0	0	896
264	5642	0	1	0	1	0	0	1	26	76	3	32	32256	896	0	0	0	896
264	5644	0	1	0	1	0	0	1	23	94	5	33	32256	896	0	0	0	896
264	5649	0	1	0	1	0	0	1	23	94	5	33	32256	896	0	0	0	896
264	5650	0	1	0	1	0	0	1	25	77	4	33	32256	896	0	0	0	896
264	5652	0	1	0	1	0	0	1	22	222	6	34	32256	896	0	0	0	896
264	5656	0	1	0	1	0	0	1	24	94	5	34	32256	896	0	0	0	896
264	5665	0	1	0	1	0	0	1	23	94	5	33	32256	896	0	0	0	896
264	5666	0	1	0	1	0	0	1	25	77	4	33	32256	896	0	0	0	896
264	5668	0	1	0	1	0	0	1	22	222	6	34	32256	896	0	0	0	896
264	5672	0	1	0	1	0	0	1	24	94	5	34	32256	896	0	0	0	896
264	5680	0	1	0	1	0	0	1	23	222	6	35	32256	896	0	0	0	896
264	5697	0	1	0	1	0	0	1	23	94	5	33	32256	896	0	0	0	896
264	5698	0	1	0	1	0	0	1	25	77	4	33	32256	896	0	0	0	896
264	5700	0	1	0	1	0	0	1	22	222	6	34	32256	896	0	0	0	896
264	5704	0	1	0	1	0	0	1	24	94	5	34	32256	896	0	0	0	896
264	5712	0	1	0	1	0	0	1	23	222	6	35	32256	896	0	0	0	896
264	5728	0	1	0	1	0	0	1	23	222	6	35	32256	896	0	0	0	896
264	5761	0	1	0	1	0	0	1	23	94	5	33	32256	896	0	0	0	896
264	5762	0	1	0	1	0	0	1	25	77	4	33	32256	896	0	0	0	896
264	5764	0	1	0	1	0	0	1	22	222	6	34	32256	896	0	0	0	896
264	5768	0	1	0	1	0	0	1	24	94	5	34	32256	896	0	0	0	896
264	5776	0	1	0	1	0	0	1	23	222	6	35	32256	896	0	0	0	896
264	5792	0	1	0	1	0	0	1	23	222	6	35	32256	896	0	0	0	896
264	5824	0	1	0	1	0	0	1	23	222	6	35	32256	896	0	0	0	896
264	5889	0	1	0	1	0	0	1	23	94	5	33	32256	896	0	0	0	896
264	5890	0	1	0	1	0	0	1	25	77	4	33	32256	896	0	0	0	896
264	5892	0	1	0	1	0	0	1	22	222	6	34	32256	896	0	0	0	896
264	5896	0	1	0	1	0	0	1	24	94	5	34	32256	896	0	0	0	896
264	5904	0	1	0	1	0	0	1	23	222	6	35	32256	896	0	0	0	896
264	5920	0	1	0	1	0	0	1	23	222	6	35	32256	896	0	0	0	896
264	5952	0	1	0	1	0	0	1	23	222	6	35	32256	896	0	0	0	896
264	6016	0	1	0	1	0	0	1	23	222	6	35	32256	896	0	0	0	896
264	6151	0	1	0	1	0	0	1	19	94	5	29	32256	960	0	0	0	960
264	6155	0	1	0	1	0	0	1	21	86	4	29	32256	960	0	0	0	960
264	6157	0	1	0	1	0	0	1	22	86	4	30	32256	960	0	0	0	960
264	6158	0	1	0	1	0	0	1	20	94	5	30	32256	960	0	0	0	960
264	6163	0	1	0	1	0	0	1	20	94	5	30	32256	960	0	0	0	960
264	6165	0	1	0	1	0	0	1	21	94	5	31	32256	960	0	0	0	960
264	6166	0	1	0	1	0	0	1	19	222	6	31	32256	960	0	0	0	960
264	6169	0	1	0	1	0	0	1	23	86	4	31	32256	960	0	0	0	960
264	6170	0	1	0	1	0	0	1	21	94	5	31	32256	960	0	0	0	960
264	6172	0	1	0	1	0	0	1	22	94	5	32	32256	960	0	0	0	960
264	6179	0	1	0	1	0	0	1	20	94	5	30	32256	960	0	0	0	960
264	6181	0	1	0	1	0	0	1	21	94	5	31	32256	960	0	0	0	960
264	6182	0	1	0	1	0	0	1	19	222	6	31	32256	960	0	0	0	960
264	6185	0	1	0	1	0	0	1	23	86	4	31	32256	960	0	0	0	960
264	6186	0	1	0	1	0	0	1	21	94	5	31	32256	960	0	0	0	960
264	6188	0	1	0	1	0	0	1	22	94	5	32	32256	960	0	0	0	960
264	6193	0	1	0	1	0	0	1	22	94	5	32	32256	960	0	0	0	960
264	6194	0	1	0	1	0	0	1	20	222	6	32	32256	960	0	0	0	960
264	6196	0	1	0	1	0	0	1	21	222	6	33	32256	960	0	0	0	960
264	6200	0	1	0	1	0	0	1	23	94	5	33	32256	960	0	0	0	960
264	6211	0	1	0	1	0	0	1	20	94	5	30	32256	960	0	0	0	960
264	6213	0	1	0	1	0	0	1	21	94	5	31	32256	960	0	0	0	960
264	6214	0	1	0	1	0	0	1	19	222	6	31	32256	960	0	0	0	960
264	6217	0	1	0	1	0	0	1	23	86	4	31	32256	960	0	0	0	960
264	6218	0	1	0	1	0	0	1	21	94	5	31	32256	960	0	0	0	960
264	6220	0	1	0	1	0	0	1	22	94	5	32	32256	960	0	0	0	960
264	6225	0	1	0	1	0	0	1	22	94	5	32	32256	960	0	0	0	960
264	6226	0	1	0	1	0	0	1	20	222	6	32	32256	960	0	0	0	960
264	6228	0	1	0	1	0	0	1	21	222	6	33	32256	960	0	0	0	960
264	6232	0	1	0	1	0	0	1	23	94	5	33	32256	960	0	0	0	960
264	6241	0	1	0	1	0	0	1	22	94	5	32	32256	960	0	0	0	960
264	6242	0	1	0	1	0	0	1	20	222	6	32	32256	960	0	0	0	960
264	6244	0	1	0	1	0	0	1	21	222	6	33	32256	960	0	0	0	960
264	6248	0	1	0	1	0	0	1	23	94	5	33	32256	960	0	0	0	960
264	6256	0	1	0	1	0	0	1	22	222	6	34	32256	960	0	0	0	960
264	6275	0	1	0	1	0	0	1	20	94	5	30	32256	960	0	0	0	960
264	6277	0	1	0	1	0	0	1	21	94	5	31	32256	960	0	0	0	960
264	6278	0	1	0	1	0	0	1	19	222	6	31	32256	960	0	0	0	960
264	6281	0	1	0	1	0	0	1	23	86	4	31	32256	960	0	0	0	960
264	6282	0	1	0	1	0	0	1	21	94	5	31	32256	960	0	0	0	960
264	6284	0	1	0	1	0	0	1	22	94	5	32	32256	960	0	0	0	960
264	6289	0	1	0	1	0	0	1	22	94	5	32	32256	960	0	0	0	960
264	6290	0	1	0	1	0	0	1	20	222	6	32	32256	960	0	0	0	960
264	6292	0	1	0	1	0	0	1	21	222	6	33	32256	960	0	0	0	960
264	6296	0	1	0	1	0	0	1	23	94	5	33	32256	960	0	0	0	960
264	6305	0	1	0	1	0	0	1	22	94	5	32	32256	960	0	0	0	960
264	6306	0	1	0	1	0	0	1	20	222	6	32	32256	960	0	0	0	960
264	6308	0	1	0	1	0	0	1	21	222	6	33	32256	960	0	0	0	960
264	6312	0	1	0	1	0	0	1	23	94	5	33	32256	960	0	0	0	960
264	6320	0	1	0	1	0	0	1	22	222	6	34	32256	960	0	0	0	960
264	6337	0	1	0	1	0	0	1	22	94	5	32	32256	960	0	0	0	960
264	6338	0	1	0	1	0	0	1	20	222	6	32	32256	960	0	0	0	960
264	6340	0	1	0	1	0	0	1	21	222	6	33	32256	960	0	0	0	960
264	6344	0	1	0	1	0	0	1	23	94	5	33	32256	960	0	0	0	960
264	6352	0	1	0	1	0	0	1	22	222	6	34	32256	960	0	0	0	960
264	6368	0	1	0	1	0	0	1	22	222	6	34	32256	960	0	0	0	960
264	6403	0	1	0	1	0	0	1	20	94	5	30	32256	960	0	0	0	960
264	6405	0	1	0	1	0	0	1	21	94	5	31	32256	960	0	0	0	960
264	6406	0	1	0	1	0	0	1	19	222	6	31	32256	960	0	0	0	960
264	6409	0	1	0	1	0	0	1	23	86	4	31	32256	960	0	0	0	960
264	6410	0	1	0	1	0	0	1	21	94	5	31	32256	960	0	0	0	960
264	6412	0	1	0	1	0	0	1	22	94	5	32	32256	960	0	0	0	960
264	6417	0	1	0	1	0	0	1	22	94	5	32	32256	960	0	0	0	960
264	6418	0	1	0	1	0	0	1	20	222	6	32	32256	960	0	0	0	960
264	6420	0	1	0	1	0	0	1	21	222	6	33	32256	960	0	0	0	960
264	6424	0	1	0	1	0	0	1	23	94	5	33	32256	960	0	0	0	960
264	6433	0	1	0	1	0	0	1	22	94	5	32	32256	960	0	0	0	960
264	6434	0	1	0	1	0	0	1	20	222	6	32	32256	960	0	0	0	960
264	6436	0	1	0	1	0	0	1	21	222	6	33	32256	960	0	0	0	960
264	6440	0	1	0	1	0	0	1	23	94	5	33	32256	960	0	0	0	960
264	6448	0	1	0	1	0	0	1	22	222	6	34	32256	960	0	0	0	960
264	6465	0	1	0	1	0	0	1	22	94	5	32	32256	960	0	0	0	960
264	6466	0	1	0	1	0	0	1	20	222	6	32	32256	960	0	0	0	960
264	6468	0	1	0	1	0	0	1	21	222	6	33	32256	960	0	0	0	960
264	6472	0	1	0	1	0	0	1	23	94	5	33	32256	960	0	0	0	960
264	6480	0	1	0	1	0	0	1	22	222	6	34	32256	960	0	0	0	960
264	6496	0	1	0	1	0	0	1	22	222	6	34	32256	960	0	0	0	960
264	6529	0	1	0	1	0	0	1	22	94	5	32	32256	960	0	0	0	960
264	6530	0	1	0	1	0	0	1	20	222	6	32	32256	960	0	0	0	960
264	6532	0	1	0	1	0	0	1	21	222	6	33	32256	960	0	0	0	960
264	6536	0	1	0	1	0	0	1	23	94	5	33	32256	960	0	0	0	960
264	6544	0	1	0	1	0	0	1	22	222	6	34	32256	960	0	0	0	960
264	6560	0	1	0	1	0	0	1	22	222	6	34	32256	960	0	0	0	960
264	6592	0	1	0	1	0	0	1	22	222	6	34	32256	960	0	0	0	960
264	6659	0	1	0	1	0	0	1	25	13	3	31	32256	896	0	0	0	896
264	6661	0	1	0	1	0	0	1	24	77	4	32	32256	896	0	0	0	896
264	6662	0	1	0	1	0	0	1	22	94	5	32	32256	896	0	0	0	896
264	6665	0	1	0	1	0	0	1	26	76	3	32	32256	896	0	0	0	896
264	6666	0	1	0	1	0	0	1	24	86	4	32	32256	896	0	0	0	896
264	6668	0	1	0	1	0	0	1	23	94	5	33	32256	896	0	0	0	896
264	6673	0	1	0	1	0	0	1	25	77	4	33	32256	896	0	0	0	896
264	6674	0	1	0	1	0	0	1	23	94	5	33	32256	896	0	0	0	896
264	6676	0	1	0	1	0	0	1	22	222	6	34	32256	896	0	0	0	896
264	6680	0	1	0	1	0	0	1	24	94	5	34	32256	896	0	0	0	896
264	6689	0	1	0	1	0	0	1	25	77	4	33	32256	896	0	0	0	896
264	6690	0	1	0	1	0	0	1	23	94	5	33	32256	896	0	0	0	896
264	6692	0	1	0	1	0	0	1	22	222	6	34	32256	896	0	0	0	896
264	6696	0	1	0	1	0	0	1	24	94	5	34	32256	896	0	0	0	896
264	6704	0	1	0	1	0	0	1	23	222	6	35	32256	896	0	0	0	896
264	6721	0	1	0	1	0	0	1	25	77	4	33	32256	896	0	0	0	896
264	6722	0	1	0	1	0	0	1	23	94	5	33	32256	896	0	0	0	896
264	6724	0	1	0	1	0	0	1	22	222	6	34	32256	896	0	0	0	896
264	6728	0	1	0	1	0	0	1	24	94	5	34	32256	896	0	0	0	896
264	6736	0	1	0	1	0	0	1	23	222	6	35	32256	896	0	0	0	896
264	6752	0	1	0	1	0	0	1	23	222	6	35	32256	896	0	0	0	896
264	6785	0	1	0	1	0	0	1	25	77	4	33	32256	896	0	0	0	896
264	6786	0	1	0	1	0	0	1	23	94	5	33	32256	896	0	0	0	896
264	6788	0	1	0	1	0	0	1	22	222	6	34	32256	896	0	0	0	896
264	6792	0	1	0	1	0	0	1	24	94	5	34	32256	896	0	0	0	896
264	6800	0	1	0	1	0	0	1	23	222	6	35	32256	896	0	0	0	896
264	6816	0	1	0	1	0	0	1	23	222	6	35	32256	896	0	0	0	896
264	6848	0	1	0	1	0	0	1	23	222	6	35	32256	896	0	0	0	896
264	6913	0	1	0	1	0	0	1	25	77	4	33	32256	896	0	0	0	896
264	6914	0	1	0	1	0	0	1	23	94	5	33	32256	896	0	0	0	896
264	6916	0	1	0	1	0	0	1	22	222	6	34	32256	896	0	0	0	896
264	6920	0	1	0	1	0	0	1	24	94	5	34	32256	896	0	0	0	896
264	6928	0	1	0	1	0	0	1	23	222	6	35	32256	896	0	0	0	896
264	6944	0	1	0	1	0	0	1	23	222	6	35	32256	896	0	0	0	896
264	6976	0	1	0	1	0	0	1	23	222	6	35	32256	896	0	0	0	896
264	7040	0	1	0	1	0	0	1	23	222	6	35	32256	896	0	0	0	896
264	7171	0	1	0	1	0	0	1	24	86	4	32	32256	896	0	0	0	896
264	7173	0	1	0	1	0	0	1	23	94	5	33	32256	896	0	0	0	896
264	7174	0	1	0	1	0	0	1	23	94	5	33	32256	896	0	0	0	896
264	7177	0	1	0	1	0	0	1	25	86	4	33	32256	896	0	0	0	896
264	7178	0	1	0	1	0	0	1	25	86	4	33	32256	896	0	0	0	896
264	7180	0	1	0	1	0	0	1	24	94	5	34	32256	896	0	0	0	896
264	7185	0	1	0	1	0	0	1	24	94	5	34	32256	896	0	0	0	896
264	7186	0	1	0	1	0	0	1	24	94	5	34	32256	896	0	0	0	896
264	7188	0	1	0	1	0	0	1	23	222	6	35	32256	896	0	0	0	896
264	7192	0	1	0	1	0	0	1	25	94	5	35	32256	896	0	0	0	896
264	7201	0	1	0	1	0	0	1	24	94	5	34	32256	896	0	0	0	896
264	7202	0	1	0	1	0	0	1	24	94	5	34	32256	896	0	0	0	896
264	7204	0	1	0	1	0	0	1	23	222	6	35	32256	896	0	0	0	896
264	7208	0	1	0	1	0	0	1	25	94	5	35	32256	896	0	0	0	896
264	7216	0	1	0	1	0	0	1	24	222	6	36	32256	896	0	0	0	896
264	7233	0	1	0	1	0	0	1	24	94	5	34	32256	896	0	0	0	896
264	7234	0	1	0	1	0	0	1	24	94	5	34	32256	896	0	0	0	896
264	7236	0	1	0	1	0	0	1	23	222	6	35	32256	896	0	0	0	896
264	7240	0	1	0	1	0	0	1	25	94	5	35	32256	896	0	0	0	896
264	7248	0	1	0	1	0	0	1	24	222	6	36	32256	896	0	0	0	896
264	7264	0	1	0	1	0	0	1	24	222	6	36	32256	896	0	0	0	896
264	7297	0	1	0	1	0	0	1	24	94	5	34	32256	896	0	0	0	896
264	7298	0	1	0	1	0	0	1	24	94	5	34	32256	896	0	0	0	896
264	7300	0	1	0	1	0	0	1	23	222	6	35	32256	896	0	0	0	896
264	7304	0	1	0	1	0	0	1	25	94	5	35	32256	896	0	0	0	896
264	7312	0	1	0	1	0	0	1	24	222	6	36	32256	896	0	0	0	896
264	7328	0	1	0	1	0	0	1	24	222	6	36	32256	896	0	0	0	896
264	7360	0	1	0	1	0	0	1	24	222	6	36	32256	896	0	0	0	896
264	7425	0	1	0	1	0	0	1	24	94	5	34	32256	896	0	0	0	896
264	7426	0	1	0	1	0	0	1	24	94	5	34	32256	896	0	0	0	896
264	7428	0	1	0	1	0	0	1	23	222	6	35	32256	896	0	0	0	896
264	7432	0	1	0	1	0	0	1	25	94	5	35	32256	896	0	0	0	896
264	7440	0	1	0	1	0	0	1	24	222	6	36	32256	896	0	0	0	896
264	7456	0	1	0	1	0	0	1	24	222	6	36	32256	896	0	0	0	896
264	7488	0	1	0	1	0	0	1	24	222	6	36	32256	896	0	0	0	896
264	7552	0	1	0	1	0	0	1	24	222	6	36	32256	896	0	0	0	896
264	7681	0	1	0	1	0	0	1	31	3	2	35	32256	768	0	0	0	768
264	7682	0	1	0	1	0	0	1	31	3	2	35	32256	768	0	0	0	768
264	7684	0	1	0	1	0	0	1	28	75	4	36	32256	768	0	0	0	768
264	7688	0	1	0	1	0	0	1	30	11	3	36	32256	768	0	0	0	768
264	7696	0	1	0	1	0	0	1	29	75	4	37	32256	768	0	0	0	768
264	7712	0	1	0	1	0	0	1	29	75	4	37	32256	768	0	0	0	768
264	7744	0	1	0	1	0	0	1	29	75	4	37	32256	768	0	0	0	768
264	7808	0	1	0	1	0	0	1	29	75	4	37	32256	768	0	0	0	768
264	7936	0	1	0	1	0	0	1	29	75	4	37	32256	768	0	0	0	768
264	8207	0	1	0	1	0	0	1	20	11	3	26	32256	992	0	0	0	992
264	8215	0	1	0	1	0	0	1	21	11	3	27	32256	992	0	0	0	992
264	8219	0	1	0	1	0	0	1	19	75	4	27	32256	992	0	0	0	992
264	8221	0	1	0	1	0	0	1	22	11	3	28	32256	992	0	0	0	992
264	8222	0	1	0	1	0	0	1	22	11	3	28	32256	992	0	0	0	992
264	8231	0	1	0	1	0	0	1	21	11	3	27	32256	992	0	0	0	992
264	8235	0	1	0	1	0	0	1	19	75	4	27	32256	992	0	0	0	992
264	8237	0	1	0	1	0	0	1	22	11	3	28	32256	992	0	0	0	992
264	8238	0	1	0	1	0	0	1	22	11	3	28	32256	992	0	0	0	992
264	8243	0	1	0	1	0	0	1	20	75	4	28	32256	992	0	0	0	992
264	8245	0	1	0	1	0	0	1	23	11	3	29	32256	992	0	0	0	992
264	8246	0	1	0	1	0	0	1	23	11	3	29	32256	992	0	0	0	992
264	8249	0	1	0	1	0	0	1	21	75	4	29	32256	992	0	0	0	992
264	8250	0	1	0	1	0	0	1	21	75	4	29	32256	992	0	0	0	992
264	8252	0	1	0	1	0	0	1	24	11	3	30	32256	992	0	0	0	992
264	8263	0	1	0	1	0	0	1	21	11	3	27	32256	992	0	0	0	992
264	8267	0	1	0	1	0	0	1	19	75	4	27	32256	992	0	0	0	992
264	8269	0	1	0	1	0	0	1	22	11	3	28	32256	992	0	0	0	992
264	8270	0	1	0	1	0	0	1	22	11	3	28	32256	992	0	0	0	992
264	8275	0	1	0	1	0	0	1	20	75	4	28	32256	992	0	0	0	992
264	8277	0	1	0	1	0	0	1	23	11	3	29	32256	992	0	0	0	992
264	8278	0	1	0	1	0	0	1	23	11	3	29	32256	992	0	0	0	992
264	8281	0	1	0	1	0	0	1	21	75	4	29	32256	992	0	0	0	992
264	8282	0	1	0	1	0	0	1	21	75	4	29	32256	992	0	0	0	992
264	8284	0	1	0	1	0	0	1	24	11	3	30	32256	992	0	0	0	992
264	8291	0	1	0	1	0	0	1	20	75	4	28	32256	992	0	0	0	992
264	8293	0	1	0	1	0	0	1	23	11	3	29	32256	992	0	0	0	992
264	8294	0	1	0	1	0	0	1	23	11	3	29	32256	992	0	0	0	992
264	8297	0	1	0	1	0	0	1	21	75	4	29	32256	992	0	0	0	992
264	8298	0	1	0	1	0	0	1	21	75	4	29	32256	992	0	0	0	992
264	8300	0	1	0	1	0	0	1	24	11	3	30	32256	992	0	0	0	992
264	8305	0	1	0	1	0	0	1	22	75	4	30	32256	992	0	0	0	992
264	8306	0	1	0	1	0	0	1	22	75	4	30	32256	992	0	0	0	992
264	8308	0	1	0	1	0	0	1	25	11	3	31	32256	992	0	0	0	992
264	8312	0	1	0	1	0	0	1	23	75	4	31	32256	992	0	0	0	992
264	8327	0	1	0	1	0	0	1	21	11	3	27	32256	992	0	0	0	992
264	8331	0	1	0	1	0	0	1	19	75	4	27	32256	992	0	0	0	992
264	8333	0	1	0	1	0	0	1	22	11	3	28	32256	992	0	0	0	992
264	8334	0	1	0	1	0	0	1	22	11	3	28	32256	992	0	0	0	992
264	8339	0	1	0	1	0	0	1	20	75	4	28	32256	992	0	0	0	992
264	8341	0	1	0	1	0	0	1	23	11	3	29	32256	992	0	0	0	992
264	8342	0	1	0	1	0	0	1	23	11	3	29	32256	992	0	0	0	992
264	8345	0	1	0	1	0	0	1	21	75	4	29	32256	992	0	0	0	992
264	8346	0	1	0	1	0	0	1	21	75	4	29	32256	992	0	0	0	992
264	8348	0	1	0	1	0	0	1	24	11	3	30	32256	992	0	0	0	992
264	8355	0	1	0	1	0	0	1	20	75	4	28	32256	992	0	0	0	992
264	8357	0	1	0	1	0	0	1	23	11	3	29	32256	992	0	0	0	992
264	8358	0	1	0	1	0	0	1	23	11	3	29	32256	992	0	0	0	992
264	8361	0	1	0	1	0	0	1	21	75	4	29	32256	992	0	0	0	992
264	8362	0	1	0	1	0	0	1	21	75	4	29	32256	992	0	0	0	992
264	8364	0	1	0	1	0	0	1	24	11	3	30	32256	992	0	0	0	992
264	8369	0	1	0	1	0	0	1	22	75	4	30	32256	992	0	0	0	992
264	8370	0	1	0	1	0	0	1	22	75	4	30	32256	992	0	0	0	992
264	8372	0	1	0	1	0	0	1	25	11	3	31	32256	992	0	0	0	992
264	8376	0	1	0	1	0	0	1	23	75	4	31	32256	992	0	0	0	992
264	8387	0	1	0	1	0	0	1	20	75	4	28	32256	992	0	0	0	992
264	8389	0	1	0	1	0	0	1	23	11	3	29	32256	992	0	0	0	992
264	8390	0	1	0	1	0	0	1	23	11	3	29	32256	992	0	0	0	992
264	8393	0	1	0	1	0	0	1	21	75	4	29	32256	992	0	0	0	992
264	8394	0	1	0	1	0	0	1	21	75	4	29	32256	992	0	0	0	992
264	8396	0	1	0	1	0	0	1	24	11	3	30	32256	992	0	0	0	992
264	8401	0	1	0	1	0	0	1	22	75	4	30	32256	992	0	0	0	992
264	8402	0	1	0	1	0	0	1	22	75	4	30	32256	992	0	0	0	992
264	8404	0	1	0	1	0	0	1	25	11	3	31	32256	992	0	0	0	992
264	8408	0	1	0	1	0	0	1	23	75	4	31	32256	992	0	0	0	992
264	8417	0	1	0	1	0	0	1	22	75	4	30	32256	992	0	0	0	992
264	8418	0	1	0	1	0	0	1	22	75	4	30	32256	992	0	0	0	992
264	8420	0	1	0	1	0	0	1	25	11	3	31	32256	992	0	0	0	992
264	8424	0	1	0	1	0	0	1	23	75	4	31	32256	992	0	0	0	992
264	8432	0	1	0	1	0	0	1	24	75	4	32	32256	992	0	0	0	992
264	8455	0	1	0	1	0	0	1	21	11	3	27	32256	992	0	0	0	992
264	8459	0	1	0	1	0	0	1	19	75	4	27	32256	992	0	0	0	992
264	8461	0	1	0	1	0	0	1	22	11	3	28	32256	992	0	0	0	992
264	8462	0	1	0	1	0	0	1	22	11	3	28	32256	992	0	0	0	992
264	8467	0	1	0	1	0	0	1	20	75	4	28	32256	992	0	0	0	992
264	8469	0	1	0	1	0	0	1	23	11	3	29	32256	992	0	0	0	992
264	8470	0	1	0	1	0	0	1	23	11	3	29	32256	992	0	0	0	992
264	8473	0	1	0	1	0	0	1	21	75	4	29	32256	992	0	0	0	992
264	8474	0	1	0	1	0	0	1	21	75	4	29	32256	992	0	0	0	992
264	8476	0	1	0	1	0	0	1	24	11	3	30	32256	992	0	0	0	992
264	8483	0	1	0	1	0	0	1	20	75	4	28	32256	992	0	0	0	992
264	8485	0	1	0	1	0	0	1	23	11	3	29	32256	992	0	0	0	992
264	8486	0	1	0	1	0	0	1	23	11	3	29	32256	992	0	0	0	992
264	8489	0	1	0	1	0	0	1	21	75	4	29	32256	992	0	0	0	992
264	8490	0	1	0	1	0	0	1	21	75	4	29	32256	992	0	0	0	992
264	8492	0	1	0	1	0	0	1	24	11	3	30	32256	992	0	0	0	992
264	8497	0	1	0	1	0	0	1	22	75	4	30	32256	992	0	0	0	992
264	8498	0	1	0	1	0	0	1	22	75	4	30	32256	992	0	0	0	992
264	8500	0	1	0	1	0	0	1	25	11	3	31	32256	992	0	0	0	992
264	8504	0	1	0	1	0	0	1	23	75	4	31	32256	992	0	0	0	992
264	8515	0	1	0	1	0	0	1	20	75	4	28	32256	992	0	0	0	992
264	8517	0	1	0	1	0	0	1	23	11	3	29	32256	992	0	0	0	992
264	8518	0	1	0	1	0	0	1	23	11	3	29	32256	992	0	0	0	992
264	8521	0	1	0	1	0	0	1	21	75	4	29	32256	992	0	0	0	992
264	8522	0	1	0	1	0	0	1	21	75	4	29	32256	992	0	0	0	992
264	8524	0	1	0	1	0	0	1	24	11	3	30	32256	992	0	0	0	992
264	8529	0	1	0	1	0	0	1	22	75	4	30	32256	992	0	0	0	992
264	8530	0	1	0	1	0	0	1	22	75	4	30	32256	992	0	0	0	992
264	8532	0	1	0	1	0	0	1	25	11	3	31	32256	992	0	0	0	992
264	8536	0	1	0	1	0	0	1	23	75	4	31	32256	992	0	0	0	992
264	8545	0	1	0	1	0	0	1	22	75	4	30	32256	992	0	0	0	992
264	8546	0	1	0	1	0	0	1	22	75	4	30	32256	992	0	0	0	992
264	8548	0	1	0	1	0	0	1	25	11	3	31	32256	992	0	0	0	992
264	8552	0	1	0	1	0	0	1	23	75	4	31	32256	992	0	0	0	992
264	8560	0	1	0	1	0	0	1	24	75	4	32	32256	992	0	0	0	992
264	8579	0	1	0	1	0	0	1	20	75	4	28	32256	992	0	0	0	992
264	8581	0	1	0	1	0	0	1	23	11	3	29	32256	992	0	0	0	992
264	8582	0	1	0	1	0	0	1	23	11	3	29	32256	992	0	0	0	992
264	8585	0	1	0	1	0	0	1	21	75	4	29	32256	992	0	0	0	992
264	8586	0	1	0	1	0	0	1	21	75	4	29	32256	992	0	0	0	992
264	8588	0	1	0	1	0	0	1	24	11	3	30	32256	992	0	0	0	992
264	8593	0	1	0	1	0	0	1	22	75	4	30	32256	992	0	0	0	992
264	8594	0	1	0	1	0	0	1	22	75	4	30	32256	992	0	0	0	992
264	8596	0	1	0	1	0	0	1	25	11	3	31	32256	992	0	0	0	992
264	8600	0	1	0	1	0	0	1	23	75	4	31	32256	992	0	0	0	992
264	8609	0	1	0	1	0	0	1	22	75	4	30	32256	992	0	0	0	992
264	8610	0	1	0	1	0	0	1	22	75	4	30	32256	992	0	0	0	992
264	8612	0	1	0	1	0	0	1	25	11	3	31	32256	992	0	0	0	992
264	8616	0	1	0	1	0	0	1	23	75	4	31	32256	992	0	0	0	992
264	8624	0	1	0	1	0	0	1	24	75	4	32	32256	992	0	0	0	992
264	8641	0	1	0	1	0	0	1	22	75	4	30	32256	992	0	0	0	992
264	8642	0	1	0	1	0	0	1	22	75	4	30	32256	992	0	0	0	992
264	8644	0	1	0	1	0	0	1	25	11	3	31	32256	992	0	0	0	992
264	8648	0	1	0	1	0	0	1	23	75	4	31	32256	992	0	0	0	992
264	8656	0	1	0	1	0	0	1	24	75	4	32	32256	992	0	0	0	992
264	8672	0	1	0	1	0	0	1	24	75	4	32	32256	992	0	0	0	992
264	8711	0	1	0	1	0	0	1	22	76	3	28	32256	960	0	0	0	960
264	8715	0	1	0	1	0	0	1	20	77	4	28	32256	960	0	0	0	960
264	8717	0	1	0	1	0	0	1	21	86	4	29	32256	960	0	0	0	960
264	8718	0	1	0	1	0	0	1	21	86	4	29	32256	960	0	0	0	960
264	8723	0	1	0	1	0	0	1	21	77	4	29	32256	960	0	0	0	960
264	8725	0	1	0	1	0	0	1	22	86	4	30	32256	960	0	0	0	960
264	8726	0	1	0	1	0	0	1	22	86	4	30	32256	960	0	0	0	960
264	8729	0	1	0	1	0	0	1	20	94	5	30	32256	960	0	0	0	960
264	8730	0	1	0	1	0	0	1	20	94	5	30	32256	960	0	0	0	960
264	8732	0	1	0	1	0	0	1	21	94	5	31	32256	960	0	0	0	960
264	8739	0	1	0	1	0	0	1	21	77	4	29	32256	960	0	0	0	960
264	8741	0	1	0	1	0	0	1	22	86	4	30	32256	960	0	0	0	960
264	8742	0	1	0	1	0	0	1	22	86	4	30	32256	960	0	0	0	960
264	8745	0	1	0	1	0	0	1	20	94	5	30	32256	960	0	0	0	960
264	8746	0	1	0	1	0	0	1	20	94	5	30	32256	960	0	0	0	960
264	8748	0	1	0	1	0	0	1	21	94	5	31	32256	960	0	0	0	960
264	8753	0	1	0	1	0	0	1	21	94	5	31	32256	960	0	0	0	960
264	8754	0	1	0	1	0	0	1	21	94	5	31	32256	960	0	0	0	960
264	8756	0	1	0	1	0	0	1	22	94	5	32	32256	960	0	0	0	960
264	8760	0	1	0	1	0	0	1	20	222	6	32	32256	960	0	0	0	960
264	8771	0	1	0	1	0	0	1	21	77	4	29	32256	960	0	0	0	960
264	8773	0	1	0	1	0	0	1	22	86	4	30	32256	960	0	0	0	960
264	8774	0	1	0	1	0	0	1	22	86	4	30	32256	960	0	0	0	960
264	8777	0	1	0	1	0	0	1	20	94	5	30	32256	960	0	0	0	960
264	8778	0	1	0	1	0	0	1	20	94	5	30	32256	960	0	0	0	960
264	8780	0	1	0	1	0	0	1	21	94	5	31	32256	960	0	0	0	960
264	8785	0	1	0	1	0	0	1	21	94	5	31	32256	960	0	0	0	960
264	8786	0	1	0	1	0	0	1	21	94	5	31	32256	960	0	0	0	960
264	8788	0	1	0	1	0	0	1	22	94	5	32	32256	960	0	0	0	960
264	8792	0	1	0	1	0	0	1	20	222	6	32	32256	960	0	0	0	960
264	8801	0	1	0	1	0	0	1	21	94	5	31	32256	960	0	0	0	960
264	8802	0	1	0	1	0	0	1	21	94	5	31	32256	960	0	0	0	960
264	8804	0	1	0	1	0	0	1	22	94	5	32	32256	960	0	0	0	960
264	8808	0	1	0	1	0	0	1	20	222	6	32	32256	960	0	0	0	960
264	8816	0	1	0	1	0	0	1	21	222	6	33	32256	960	0	0	0	960
264	8835	0	1	0	1	0	0	1	21	77	4	29	32256	960	0	0	0	960
264	8837	0	1	0	1	0	0	1	22	86	4	30	32256	960	0	0	0	960
264	8838	0	1	0	1	0	0	1	22	86	4	30	32256	960	0	0	0	960
264	8841	0	1	0	1	0	0	1	20	94	5	30	32256	960	0	0	0	960
264	8842	0	1	0	1	0	0	1	20	94	5	30	32256	960	0	0	0	960
264	8844	0	1	0	1	0	0	1	21	94	5	31	32256	960	0	0	0	960
264	8849	0	1	0	1	0	0	1	21	94	5	31	32256	960	0	0	0	960
264	8850	0	1	0	1	0	0	1	21	94	5	31	32256	960	0	0	0	960
264	8852	0	1	0	1	0	0	1	22	94	5	32	32256	960	0	0	0	960
264	8856	0	1	0	1	0	0	1	20	222	6	32	32256	960	0	0	0	960
264	8865	0	1	0	1	0	0	1	21	94	5	31	32256	960	0	0	0	960
264	8866	0	1	0	1	0	0	1	21	94	5	31	32256	960	0	0	0	960
264	8868	0	1	0	1	0	0	1	22	94	5	32	32256	960	0	0	0	960
264	8872	0	1	0	1	0	0	1	20	222	6	32	32256	960	0	0	0	960
264	8880	0	1	0	1	0	0	1	21	222	6	33	32256	960	0	0	0	960
264	8897	0	1	0	1	0	0	1	21	94	5	31	32256	960	0	0	0	960
264	8898	0	1	0	1	0	0	1	21	94	5	31	32256	960	0	0	0	960
264	8900	0	1	0	1	0	0	1	22	94	5	32	32256	960	0	0	0	960
264	8904	0	1	0	1	0	0	1	20	222	6	32	32256	960	0	0	0	960
264	8912	0	1	0	1	0	0	1	21	222	6	33	32256	960	0	0	0	960
264	8928	0	1	0	1	0	0	1	21	222	6	33	32256	960	0	0	0	960
264	8963	0	1	0	1	0	0	1	21	77	4	29	32256	960	0	0	0	960
264	8965	0	1	0	1	0	0	1	22	86	4	30	32256	960	0	0	0	960
264	8966	0	1	0	1	0	0	1	22	86	4	30	32256	960	0	0	0	960
264	8969	0	1	0	1	0	0	1	20	94	5	30	32256	960	0	0	0	960
264	8970	0	1	0	1	0	0	1	20	94	5	30	32256	960	0	0	0	960
264	8972	0	1	0	1	0	0	1	21	94	5	31	32256	960	0	0	0	960
264	8977	0	1	0	1	0	0	1	21	94	5	31	32256	960	0	0	0	960
264	8978	0	1	0	1	0	0	1	21	94	5	31	32256	960	0	0	0	960
264	8980	0	1	0	1	0	0	1	22	94	5	32	32256	960	0	0	0	960
264	8984	0	1	0	1	0	0	1	20	222	6	32	32256	960	0	0	0	960
264	8993	0	1	0	1	0	0	1	21	94	5	31	32256	960	0	0	0	960
264	8994	0	1	0	1	0	0	1	21	94	5	31	32256	960	0	0	0	960
264	8996	0	1	0	1	0	0	1	22	94	5	32	32256	960	0	0	0	960
264	9000	0	1	0	1	0	0	1	20	222	6	32	32256	960	0	0	0	960
264	9008	0	1	0	1	0	0	1	21	222	6	33	32256	960	0	0	0	960
264	9025	0	1	0	1	0	0	1	21	94	5	31	32256	960	0	0	0	960
264	9026	0	1	0	1	0	0	1	21	94	5	31	32256	960	0	0	0	960
264	9028	0	1	0	1	0	0	1	22	94	5	32	32256	960	0	0	0	960
264	9032	0	1	0	1	0	0	1	20	222	6	32	32256	960	0	0	0	960
264	9040	0	1	0	1	0	0	1	21	222	6	33	32256	960	0	0	0	960
264	9056	0	1	0	1	0	0	1	21	222	6	33	32256	960	0	0	0	960
264	9089	0	1	0	1	0	0	1	21	94	5	31	32256	960	0	0	0	960
264	9090	0	1	0	1	0	0	1	21	94	5	31	32256	960	0	0	0	960
264	9092	0	1	0	1	0	0	1	22	94	5	32	32256	960	0	0	0	960
264	9096	0	1	0	1	0	0	1	20	222	6	32	32256	960	0	0	0	960
264	9104	0	1	0	1	0	0	1	21	222	6	33	32256	960	0	0	0	960
264	9120	0	1	0	1	0	0	1	21	222	6	33	32256	960	0	0	0	960
264	9152	0	1	0	1	0	0	1	21	222	6	33	32256	960	0	0	0	960
264	9223	0	1	0	1	0	0	1	21	86	4	29	32256	960	0	0	0	960
264	9227	0	1	0	1	0	0	1	19	94	5	29	32256	960	0	0	0	960
264	9229	0	1	0	1	0	0	1	20	94	5	30	32256	960	0	0	0	960
264	9230	0	1	0	1	0	0	1	22	86	4	30	32256	960	0	0	0	960
264	9235	0	1	0	1	0	0	1	20	94	5	30	32256	960	0	0	0	960
264	9237	0	1	0	1	0	0	1	21	94	5	31	32256	960	0	0	0	960
264	9238	0	1	0	1	0	0	1	23	86	4	31	32256	960	0	0	0	960
264	9241	0	1	0	1	0	0	1	19	222	6	31	32256	960	0	0	0	960
264	9242	0	1	0	1	0	0	1	21	94	5	31	32256	960	0	0	0	960
264	9244	0	1	0	1	0	0	1	22	94	5	32	32256	960	0	0	0	960
264	9251	0	1	0	1	0	0	1	20	94	5	30	32256	960	0	0	0	960
264	9253	0	1	0	1	0	0	1	21	94	5	31	32256	960	0	0	0	960
264	9254	0	1	0	1	0	0	1	23	86	4	31	32256	960	0	0	0	960
264	9257	0	1	0	1	0	0	1	19	222	6	31	32256	960	0	0	0	960
264	9258	0	1	0	1	0	0	1	21	94	5	31	32256	960	0	0	0	960
264	9260	0	1	0	1	0	0	1	22	94	5	32	32256	960	0	0	0	960
264	9265	0	1	0	1	0	0	1	20	222	6	32	32256	960	0	0	0	960
264	9266	0	1	0	1	0	0	1	22	94	5	32	32256	960	0	0	0	960
264	9268	0	1	0	1	0	0	1	23	94	5	33	32256	960	0	0	0	960
264	9272	0	1	0	1	0	0	1	21	222	6	33	32256	960	0	0	0	960
264	9283	0	1	0	1	0	0	1	20	94	5	30	32256	960	0	0	0	960
264	9285	0	1	0	1	0	0	1	21	94	5	31	32256	960	0	0	0	960
264	9286	0	1	0	1	0	0	1	23	86	4	31	32256	960	0	0	0	960
264	9289	0	1	0	1	0	0	1	19	222	6	31	32256	960	0	0	0	960
264	9290	0	1	0	1	0	0	1	21	94	5	31	32256	960	0	0	0	960
264	9292	0	1	0	1	0	0	1	22	94	5	32	32256	960	0	0	0	960
264	9297	0	1	0	1	0	0	1	20	222	6	32	32256	960	0	0	0	960
264	9298	0	1	0	1	0	0	1	22	94	5	32	32256	960	0	0	0	960
264	9300	0	1	0	1	0	0	1	23	94	5	33	32256	960	0	0	0	960
264	9304	0	1	0	1	0	0	1	21	222	6	33	32256	960	0	0	0	960
264	9313	0	1	0	1	0	0	1	20	222	6	32	32256	960	0	0	0	960
264	9314	0	1	0	1	0	0	1	22	94	5	32	32256	960	0	0	0	960
264	9316	0	1	0	1	0	0	1	23	94	5	33	32256	960	0	0	0	960
264	9320	0	1	0	1	0	0	1	21	222	6	33	32256	960	0	0	0	960
264	9328	0	1	0	1	0	0	1	22	222	6	34	32256	960	0	0	0	960
264	9347	0	1	0	1	0	0	1	20	94	5	30	32256	960	0	0	0	960
264	9349	0	1	0	1	0	0	1	21	94	5	31	32256	960	0	0	0	960
264	9350	0	1	0	1	0	0	1	23	86	4	31	32256	960	0	0	0	960
264	9353	0	1	0	1	0	0	1	19	222	6	31	32256	960	0	0	0	960
264	9354	0	1	0	1	0	0	1	21	94	5	31	32256	960	0	0	0	960
264	9356	0	1	0	1	0	0	1	22	94	5	32	32256	960	0	0	0	960
264	9361	0	1	0	1	0	0	1	20	222	6	32	32256	960	0	0	0	960
264	9362	0	1	0	1	0	0	1	22	94	5	32	32256	960	0	0	0	960
264	9364	0	1	0	1	0	0	1	23	94	5	33	32256	960	0	0	0	960
264	9368	0	1	0	1	0	0	1	21	222	6	33	32256	960	0	0	0	960
264	9377	0	1	0	1	0	0	1	20	222	6	32	32256	960	0	0	0	960
264	9378	0	1	0	1	0	0	1	22	94	5	32	32256	960	0	0	0	960
264	9380	0	1	0	1	0	0	1	23	94	5	33	32256	960	0	0	0	960
264	9384	0	1	0	1	0	0	1	21	222	6	33	32256	960	0	0	0	960
264	9392	0	1	0	1	0	0	1	22	222	6	34	32256	960	0	0	0	960
264	9409	0	1	0	1	0	0	1	20	222	6	32	32256	960	0	0	0	960
264	9410	0	1	0	1	0	0	1	22	94	5	32	32256	960	0	0	0	960
264	9412	0	1	0	1	0	0	1	23	94	5	33	32256	960	0	0	0	960
264	9416	0	1	0	1	0	0	1	21	222	6	33	32256	960	0	0	0	960
264	9424	0	1	0	1	0	0	1	22	222	6	34	32256	960	0	0	0	960
264	9440	0	1	0	1	0	0	1	22	222	6	34	32256	960	0	0	0	960
264	9475	0	1	0	1	0	0	1	20	94	5	30	32256	960	0	0	0	960
264	9477	0	1	0	1	0	0	1	21	94	5	31	32256	960	0	0	0	960
264	9478	0	1	0	1	0	0	1	23	86	4	31	32256	960	0	0	0	960
264	9481	0	1	0	1	0	0	1	19	222	6	31	32256	960	0	0	0	960
264	9482	0	1	0	1	0	0	1	21	94	5	31	32256	960	0	0	0	960
264	9484	0	1	0	1	0	0	1	22	94	5	32	32256	960	0	0	0	960
264	9489	0	1	0	1	0	0	1	20	222	6	32	32256	960	0	0	0	960
264	9490	0	1	0	1	0	0	1	22	94	5	32	32256	960	0	0	0	960
264	9492	0	1	0	1	0	0	1	23	94	5	33	32256	960	0	0	0	960
264	9496	0	1	0	1	0	0	1	21	222	6	33	32256	960	0	0	0	960
264	9505	0	1	0	1	0	0	1	20	222	6	32	32256	960	0	0	0	960
264	9506	0	1	0	1	0	0	1	22	94	5	32	32256	960	0	0	0	960
264	9508	0	1	0	1	0	0	1	23	94	5	33	32256	960	0	0	0	960
264	9512	0	1	0	1	0	0	1	21	222	6	33	32256	960	0	0	0	960
264	9520	0	1	0	1	0	0	1	22	222	6	34	32256	960	0	0	0	960
264	9537	0	1	0	1	0	0	1	20	222	6	32	32256	960	0	0	0	960
264	9538	0	1	0	1	0	0	1	22	94	5	32	32256	960	0	0	0	960
264	9540	0	1	0	1	0	0	1	23	94	5	33	32256	960	0	0	0	960
264	9544	0	1	0	1	0	0	1	21	222	6	33	32256	960	0	0	0	960
264	9552	0	1	0	1	0	0	1	22	222	6	34	32256	960	0	0	0	960
264	9568	0	1	0	1	0	0	1	22	222	6	34	32256	960	0	0	0	960
264	9601	0	1	0	1	0	0	1	20	222	6	32	32256	960	0	0	0	960
264	9602	0	1	0	1	0	0	1	22	94	5	32	32256	960	0	0	0	960
264	9604	0	1	0	1	0	0	1	23	94	5	33	32256	960	0	0	0	960
264	9608	0	1	0	1	0	0	1	21	222	6	33	32256	960	0	0	0	960
264	9616	0	1	0	1	0	0	1	22	222	6	34	32256	960	0	0	0	960
264	9632	0	1	0	1	0	0	1	22	222	6	34	32256	960	0	0	0	960
264	9664	0	1	0	1	0	0	1	22	222	6	34	32256	960	0	0	0	960
264	9731	0	1	0	1	0	0	1	25	13	3	31	32256	896	0	0	0	896
264	9733	0	1	0	1	0	0	1	24	86	4	32	32256	896	0	0	0	896
264	9734	0	1	0	1	0	0	1	26	76	3	32	32256	896	0	0	0	896
264	9737	0	1	0	1	0	0	1	22	94	5	32	32256	896	0	0	0	896
264	9738	0	1	0	1	0	0	1	24	77	4	32	32256	896	0	0	0	896
264	9740	0	1	0	1	0	0	1	23	94	5	33	32256	896	0	0	0	896
264	9745	0	1	0	1	0	0	1	23	94	5	33	32256	896	0	0	0	896
264	9746	0	1	0	1	0	0	1	25	77	4	33	32256	896	0	0	0	896
264	9748	0	1	0	1	0	0	1	24	94	5	34	32256	896	0	0	0	896
264	9752	0	1	0	1	0	0	1	22	222	6	34	32256	896	0	0	0	896
264	9761	0	1	0	1	0	0	1	23	94	5	33	32256	896	0	0	0	896
264	9762	0	1	0	1	0	0	1	25	77	4	33	32256	896	0	0	0	896
264	9764	0	1	0	1	0	0	1	24	94	5	34	32256	896	0	0	0	896
264	9768	0	1	0	1	0	0	1	22	222	6	34	32256	896	0	0	0	896
264	9776	0	1	0	1	0	0	1	23	222	6	35	32256	896	0	0	0	896
264	9793	0	1	0	1	0	0	1	23	94	5	33	32256	896	0	0	0	896
264	9794	0	1	0	1	0	0	1	25	77	4	33	32256	896	0	0	0	896
264	9796	0	1	0	1	0	0	1	24	94	5	34	32256	896	0	0	0	896
264	9800	0	1	0	1	0	0	1	22	222	6	34	32256	896	0	0	0	896
264	9808	0	1	0	1	0	0	1	23	222	6	35	32256	896	0	0	0	896
264	9824	0	1	0	1	0	0	1	23	222	6	35	32256	896	0	0	0	896
264	9857	0	1	0	1	0	0	1	23	94	5	33	32256	896	0	0	0	896
264	9858	0	1	0	1	0	0	1	25	77	4	33	32256	896	0	0	0	896
264	9860	0	1	0	1	0	0	1	24	94	5	34	32256	896	0	0	0	896
264	9864	0	1	0	1	0	0	1	22	222	6	34	32256	896	0	0	0	896
264	9872	0	1	0	1	0	0	1	23	222	6	35	32256	896	0	0	0	896
264	9888	0	1	0	1	0	0	1	23	222	6	35	32256	896	0	0	0	896
264	9920	0	1	0	1	0	0	1	23	222	6	35	32256	896	0	0	0	896
264	9985	0	1	0	1	0	0	1	23	94	5	33	32256	896	0	0	0	896
264	9986	0	1	0	1	0	0	1	25	77	4	33	32256	896	0	0	0	896
264	9988	0	1	0	1	0	0	1	24	94	5	34	32256	896	0	0	0	896
264	9992	0	1	0	1	0	0	1	22	222	6	34	32256	896	0	0	0	896
264	10000	0	1	0	1	0	0	1	23	222	6	35	32256	896	0	0	0	896
264	10016	0	1	0	1	0	0	1	23	222	6	35	32256	896	0	0	0	896
264	10048	0	1	0	1	0	0	1	23	222	6	35	32256	896	0	0	0	896
264	10112	0	1	0	1	0	0	1	23	222	6	35	32256	896	0	0	0	896
264	10247	0	1	0	1	0	0	1	21	86	4	29	32256	960	0	0	0	960
264	10251	0	1	0	1	0	0	1	19	94	5	29	32256	960	0	0	0	960
264	10253	0	1	0	1	0	0	1	22	86	4	30	32256	960	0	0	0	960
264	10254	0	1	0	1	0	0	1	20	94	5	30	32256	960	0	0	0	960
264	10259	0	1	0	1	0	0	1	20	94	5	30	32256	960	0	0	0	960
264	10261	0	1	0	1	0	0	1	23	86	4	31	32256	960	0	0	0	960
264	10262	0	1	0	1	0	0	1	21	94	5	31	32256	960	0	0	0	960
264	10265	0	1	0	1	0	0	1	21	94	5	31	32256	960	0	0	0	960
264	10266	0	1	0	1	0	0	1	19	222	6	31	32256	960	0	0	0	960
264	10268	0	1	0	1	0	0	1	22	94	5	32	32256	960	0	0	0	960
264	10275	0	1	0	1	0	0	1	20	94	5	30	32256	960	0	0	0	960
264	10277	0	1	0	1	0	0	1	23	86	4	31	32256	960	0	0	0	960
264	10278	0	1	0	1	0	0	1	21	94	5	31	32256	960	0	0	0	960
264	10281	0	1	0	1	0	0	1	21	94	5	31	32256	960	0	0	0	960
264	10282	0	1	0	1	0	0	1	19	222	6	31	32256	960	0	0	0	960
264	10284	0	1	0	1	0	0	1	22	94	5	32	32256	960	0	0	0	960
264	10289	0	1	0	1	0	0	1	22	94	5	32	32256	960	0	0	0	960
264	10290	0	1	0	1	0	0	1	20	222	6	32	32256	960	0	0	0	960
264	10292	0	1	0	1	0	0	1	23	94	5	33	32256	960	0	0	0	960
264	10296	0	1	0	1	0	0	1	21	222	6	33	32256	960	0	0	0	960
264	10307	0	1	0	1	0	0	1	20	94	5	30	32256	960	0	0	0	960
264	10309	0	1	0	1	0	0	1	23	86	4	31	32256	960	0	0	0	960
264	10310	0	1	0	1	0	0	1	21	94	5	31	32256	960	0	0	0	960
264	10313	0	1	0	1	0	0	1	21	94	5	31	32256	960	0	0	0	960
264	10314	0	1	0	1	0	0	1	19	222	6	31	32256	960	0	0	0	960
264	10316	0	1	0	1	0	0	1	22	94	5	32	32256	960	0	0	0	960
264	10321	0	1	0	1	0	0	1	22	94	5	32	32256	960	0	0	0	960
264	10322	0	1	0	1	0	0	1	20	222	6	32	32256	960	0	0	0	960
264	10324	0	1	0	1	0	0	1	23	94	5	33	32256	960	0	0	0	960
264	10328	0	1	0	1	0	0	1	21	222	6	33	32256	960	0	0	0	960
264	10337	0	1	0	1	0	0	1	22	94	5	32	32256	960	0	0	0	960
264	10338	0	1	0	1	0	0	1	20	222	6	32	32256	960	0	0	0	960
264	10340	0	1	0	1	0	0	1	23	94	5	33	32256	960	0	0	0	960
264	10344	0	1	0	1	0	0	1	21	222	6	33	32256	960	0	0	0	960
264	10352	0	1	0	1	0	0	1	22	222	6	34	32256	960	0	0	0	960
264	10371	0	1	0	1	0	0	1	20	94	5	30	32256	960	0	0	0	960
264	10373	0	1	0	1	0	0	1	23	86	4	31	32256	960	0	0	0	960
264	10374	0	1	0	1	0	0	1	21	94	5	31	32256	960	0	0	0	960
264	10377	0	1	0	1	0	0	1	21	94	5	31	32256	960	0	0	0	960
264	10378	0	1	0	1	0	0	1	19	222	6	31	32256	960	0	0	0	960
264	10380	0	1	0	1	0	0	1	22	94	5	32	32256	960	0	0	0	960
264	10385	0	1	0	1	0	0	1	22	94	5	32	32256	960	0	0	0	960
264	10386	0	1	0	1	0	0	1	20	222	6	32	32256	960	0	0	0	960
264	10388	0	1	0	1	0	0	1	23	94	5	33	32256	960	0	0	0	960
264	10392	0	1	0	1	0	0	1	21	222	6	33	32256	960	0	0	0	960
264	10401	0	1	0	1	0	0	1	22	94	5	32	32256	960	0	0	0	960
264	10402	0	1	0	1	0	0	1	20	222	6	32	32256	960	0	0	0	960
264	10404	0	1	0	1	0	0	1	23	94	5	33	32256	960	0	0	0	960
264	10408	0	1	0	1	0	0	1	21	222	6	33	32256	960	0	0	0	960
264	10416	0	1	0	1	0	0	1	22	222	6	34	32256	960	0	0	0	960
264	10433	0	1	0	1	0	0	1	22	94	5	32	32256	960	0	0	0	960
264	10434	0	1	0	1	0	0	1	20	222	6	32	32256	960	0	0	0	960
264	10436	0	1	0	1	0	0	1	23	94	5	33	32256	960	0	0	0	960
264	10440	0	1	0	1	0	0	1	21	222	6	33	32256	960	0	0	0	960
264	10448	0	1	0	1	0	0	1	22	222	6	34	32256	960	0	0	0	960
264	10464	0	1	0	1	0	0	1	22	222	6	34	32256	960	0	0	0	960
264	10499	0	1	0	1	0	0	1	20	94	5	30	32256	960	0	0	0	960
264	10501	0	1	0	1	0	0	1	23	86	4	31	32256	960	0	0	0	960
264	10502	0	1	0	1	0	0	1	21	94	5	31	32256	960	0	0	0	960
264	10505	0	1	0	1	0	0	1	21	94	5	31	32256	960	0	0	0	960
264	10506	0	1	0	1	0	0	1	19	222	6	31	32256	960	0	0	0	960
264	10508	0	1	0	1	0	0	1	22	94	5	32	32256	960	0	0	0	960
264	10513	0	1	0	1	0	0	1	22	94	5	32	32256	960	0	0	0	960
264	10514	0	1	0	1	0	0	1	20	222	6	32	32256	960	0	0	0	960
264	10516	0	1	0	1	0	0	1	23	94	5	33	32256	960	0	0	0	960
264	10520	0	1	0	1	0	0	1	21	222	6	33	32256	960	0	0	0	960
264	10529	0	1	0	1	0	0	1	22	94	5	32	32256	960	0	0	0	960
264	10530	0	1	0	1	0	0	1	20	222	6	32	32256	960	0	0	0	960
264	10532	0	1	0	1	0	0	1	23	94	5	33	32256	960	0	0	0	960
264	10536	0	1	0	1	0	0	1	21	222	6	33	32256	960	0	0	0	960
264	10544	0	1	0	1	0	0	1	22	222	6	34	32256	960	0	0	0	960
264	10561	0	1	0	1	0	0	1	22	94	5	32	32256	960	0	0	0	960
264	10562	0	1	0	1	0	0	1	20	222	6	32	32256	960	0	0	0	960
264	10564	0	1	0	1	0	0	1	23	94	5	33	32256	960	0	0	0	960
264	10568	0	1	0	1	0	0	1	21	222	6	33	32256	960	0	0	0	960
264	10576	0	1	0	1	0	0	1	22	222	6	34	32256	960	0	0	0	960
264	10592	0	1	0	1	0	0	1	22	222	6	34	32256	960	0	0	0	960
264	10625	0	1	0	1	0	0	1	22	94	5	32	32256	960	0	0	0	960
264	10626	0	1	0	1	0	0	1	20	222	6	32	32256	960	0	0	0	960
264	10628	0	1	0	1	0	0	1	23	94	5	33	32256	960	0	0	0	960
264	10632	0	1	0	1	0	0	1	21	222	6	33	32256	960	0	0	0	960
264	10640	0	1	0	1	0	0	1	22	222	6	34	32256	960	0	0	0	960
264	10656	0	1	0	1	0	0	1	22	222	6	34	32256	960	0	0	0	960
264	10688	0	1	0	1	0	0	1	22	222	6	34	32256	960	0	0	0	960
264	10755	0	1	0	1	0	0	1	25	13	3	31	32256	896	0	0	0	896
264	10757	0	1	0	1	0	0	1	26	76	3	32	32256	896	0	0	0	896
264	10758	0	1	0	1	0	0	1	24	86	4	32	32256	896	0	0	0	896
264	10761	0	1	0	1	0	0	1	24	77	4	32	32256	896	0	0	0	896
264	10762	0	1	0	1	0	0	1	22	94	5	32	32256	896	0	0	0	896
264	10764	0	1	0	1	0	0	1	23	94	5	33	32256	896	0	0	0	896
264	10769	0	1	0	1	0	0	1	25	77	4	33	32256	896	0	0	0	896
264	10770	0	1	0	1	0	0	1	23	94	5	33	32256	896	0	0	0	896
264	10772	0	1	0	1	0	0	1	24	94	5	34	32256	896	0	0	0	896
264	10776	0	1	0	1	0	0	1	22	222	6	34	32256	896	0	0	0	896
264	10785	0	1	0	1	0	0	1	25	77	4	33	32256	896	0	0	0	896
264	10786	0	1	0	1	0	0	1	23	94	5	33	32256	896	0	0	0	896
264	10788	0	1	0	1	0	0	1	24	94	5	34	32256	896	0	0	0	896
264	10792	0	1	0	1	0	0	1	22	222	6	34	32256	896	0	0	0	896
264	10800	0	1	0	1	0	0	1	23	222	6	35	32256	896	0	0	0	896
264	10817	0	1	0	1	0	0	1	25	77	4	33	32256	896	0	0	0	896
264	10818	0	1	0	1	0	0	1	23	94	5	33	32256	896	0	0	0	896
264	10820	0	1	0	1	0	0	1	24	94	5	34	32256	896	0	0	0	896
264	10824	0	1	0	1	0	0	1	22	222	6	34	32256	896	0	0	0	896
264	10832	0	1	0	1	0	0	1	23	222	6	35	32256	896	0	0	0	896
264	10848	0	1	0	1	0	0	1	23	222	6	35	32256	896	0	0	0	896
264	10881	0	1	0	1	0	0	1	25	77	4	33	32256	896	0	0	0	896
264	10882	0	1	0	1	0	0	1	23	94	5	33	32256	896	0	0	0	896
264	10884	0	1	0	1	0	0	1	24	94	5	34	32256	896	0	0	0	896
264	10888	0	1	0	1	0	0	1	22	222	6	34	32256	896	0	0	0	896
264	10896	0	1	0	1	0	0	1	23	222	6	35	32256	896	0	0	0	896
264	10912	0	1	0	1	0	0	1	23	222	6	35	32256	896	0	0	0	896
264	10944	0	1	0	1	0	0	1	23	222	6	35	32256	896	0	0	0	896
264	11009	0	1	0	1	0	0	1	25	77	4	33	32256	896	0	0	0	896
264	11010	0	1	0	1	0	0	1	23	94	5	33	32256	896	0	0	0	896
264	11012	0	1	0	1	0	0	1	24	94	5	34	32256	896	0	0	0	896
264	11016	0	1	0	1	0	0	1	22	222	6	34	32256	896	0	0	0	896
264	11024	0	1	0	1	0	0	1	23	222	6	35	32256	896	0	0	0	896
264	11040	0	1	0	1	0	0	1	23	222	6	35	32256	896	0	0	0	896
264	11072	0	1	0	1	0	0	1	23	222	6	35	32256	896	0	0	0	896
264	11136	0	1	0	1	0	0	1	23	222	6	35	32256	896	0	0	0	896
264	11267	0	1	0	1	0	0	1	24	86	4	32	32256	896	0	0	0	896
264	11269	0	1	0	1	0	0	1	25	86	4	33	32256	896	0	0	0	896
264	11270	0	1	0	1	0	0	1	25	86	4	33	32256	896	0	0	0	896
264	11273	0	1	0	1	0	0	1	23	94	5	33	32256	896	0	0	0	896
264	11274	0	1	0	1	0	0	1	23	94	5	33	32256	896	0	0	0	896
264	11276	0	1	0	1	0	0	1	24	94	5	34	32256	896	0	0	0	896
264	11281	0	1	0	1	0	0	1	24	94	5	34	32256	896	0	0	0	896
264	11282	0	1	0	1	0	0	1	24	94	5	34	32256	896	0	0	0	896
264	11284	0	1	0	1	0	0	1	25	94	5	35	32256	896	0	0	0	896
264	11288	0	1	0	1	0	0	1	23	222	6	35	32256	896	0	0	0	896
264	11297	0	1	0	1	0	0	1	24	94	5	34	32256	896	0	0	0	896
264	11298	0	1	0	1	0	0	1	24	94	5	34	32256	896	0	0	0	896
264	11300	0	1	0	1	0	0	1	25	94	5	35	32256	896	0	0	0	896
264	11304	0	1	0	1	0	0	1	23	222	6	35	32256	896	0	0	0	896
264	11312	0	1	0	1	0	0	1	24	222	6	36	32256	896	0	0	0	896
264	11329	0	1	0	1	0	0	1	24	94	5	34	32256	896	0	0	0	896
264	11330	0	1	0	1	0	0	1	24	94	5	34	32256	896	0	0	0	896
264	11332	0	1	0	1	0	0	1	25	94	5	35	32256	896	0	0	0	896
264	11336	0	1	0	1	0	0	1	23	222	6	35	32256	896	0	0	0	896
264	11344	0	1	0	1	0	0	1	24	222	6	36	32256	896	0	0	0	896
264	11360	0	1	0	1	0	0	1	24	222	6	36	32256	896	0	0	0	896
264	11393	0	1	0	1	0	0	1	24	94	5	34	32256	896	0	0	0	896
264	11394	0	1	0	1	0	0	1	24	94	5	34	32256	896	0	0	0	896
264	11396	0	1	0	1	0	0	1	25	94	5	35	32256	896	0	0	0	896
264	11400	0	1	0	1	0	0	1	23	222	6	35	32256	896	0	0	0	896
264	11408	0	1	0	1	0	0	1	24	222	6	36	32256	896	0	0	0	896
264	11424	0	1	0	1	0	0	1	24	222	6	36	32256	896	0	0	0	896
264	11456	0	1	0	1	0	0	1	24	222	6	36	32256	896	0	0	0	896
264	11521	0	1	0	1	0	0	1	24	94	5	34	32256	896	0	0	0	896
264	11522	0	1	0	1	0	0	1	24	94	5	34	32256	896	0	0	0	896
264	11524	0	1	0	1	0	0	1	25	94	5	35	32256	896	0	0	0	896
264	11528	0	1	0	1	0	0	1	23	222	6	35	32256	896	0	0	0	896
264	11536	0	1	0	1	0	0	1	24	222	6	36	32256	896	0	0	0	896
264	11552	0	1	0	1	0	0	1	24	222	6	36	32256	896	0	0	0	896
264	11584	0	1	0	1	0	0	1	24	222	6	36	32256	896	0	0	0	896
264	11648	0	1	0	1	0	0	1	24	222	6	36	32256	896	0	0	0	896
264	11777	0	1	0	1	0	0	1	31	3	2	35	32256	768	0	0	0	768
264	11778	0	1	0	1	0	0	1	31	3	2	35	32256	768	0	0	0	768
264	11780	0	1	0	1	0	0	1	30	11	3	36	32256	768	0	0	0	768
264	11784	0	1	0	1	0	0	1	28	75	4	36	32256	768	0	0	0	768
264	11792	0	1	0	1	0	0	1	29	75	4	37	32256	768	0	0	0	768
264	11808	0	1	0	1	0	0	1	29	75	4	37	32256	768	0	0	0	768
264	11840	0	1	0	1	0	0	1	29	75	4	37	32256	768	0	0	0	768
264	11904	0	1	0	1	0	0	1	29	75	4	37	32256	768	0	0	0	768
264	12032	0	1	0	1	0	0	1	29	75	4	37	32256	768	0	0	0	768
264	12295	0	1	0	1	0	0	1	19	94	5	29	32256	960	0	0	0	960
264	12299	0	1	0	1	0	0	1	19	94	5	29	32256	960	0	0	0	960
264	12301	0	1	0	1	0	0	1	22	86	4	30	32256	960	0	0	0	960
264	12302	0	1	0	1	0	0	1	22	86	4	30	32256	960	0	0	0	960
264	12307	0	1	0	1	0	0	1	18	222	6	30	32256	960	0	0	0	960
264	12309	0	1	0	1	0	0	1	21	94	5	31	32256	960	0	0	0	960
264	12310	0	1	0	1	0	0	1	21	94	5	31	32256	960	0	0	0	960
264	12313	0	1	0	1	0	0	1	21	94	5	31	32256	960	0	0	0	960
264	12314	0	1	0	1	0	0	1	21	94	5	31	32256	960	0	0	0	960
264	12316	0	1	0	1	0	0	1	24	86	4	32	32256	960	0	0	0	960
264	12323	0	1	0	1	0	0	1	18	222	6	30	32256	960	0	0	0	960
264	12325	0	1	0	1	0	0	1	21	94	5	31	32256	960	0	0	0	960
264	12326	0	1	0	1	0	0	1	21	94	5	31	32256	960	0	0	0	960
264	12329	0	1	0	1	0	0	1	21	94	5	31	32256	960	0	0	0	960
264	12330	0	1	0	1	0	0	1	21	94	5	31	32256	960	0	0	0	960
264	12332	0	1	0	1	0	0	1	24	86	4	32	32256	960	0	0	0	960
264	12337	0	1	0	1	0	0	1	20	222	6	32	32256	960	0	0	0	960
264	12338	0	1	0	1	0	0	1	20	222	6	32	32256	960	0	0	0	960
264	12340	0	1	0	1	0	0	1	23	94	5	33	32256	960	0	0	0	960
264	12344	0	1	0	1	0	0	1	23	94	5	33	32256	960	0	0	0	960
264	12355	0	1	0	1	0	0	1	18	222	6	30	32256	960	0	0	0	960
264	12357	0	1	0	1	0	0	1	21	94	5	31	32256	960	0	0	0	960
264	12358	0	1	0	1	0	0	1	21	94	5	31	32256	960	0	0	0	960
264	12361	0	1	0	1	0	0	1	21	94	5	31	32256	960	0	0	0	960
264	12362	0	1	0	1	0	0	1	21	94	5	31	32256	960	0	0	0	960
264	12364	0	1	0	1	0	0	1	24	86	4	32	32256	960	0	0	0	960
264	12369	0	1	0	1	0	0	1	20	222	6	32	32256	960	0	0	0	960
264	12370	0	1	0	1	0	0	1	20	222	6	32	32256	960	0	0	0	960
264	12372	0	1	0	1	0	0	1	23	94	5	33	32256	960	0	0	0	960
264	12376	0	1	0	1	0	0	1	23	94	5	33	32256	960	0	0	0	960
264	12385	0	1	0	1	0	0	1	20	222	6	32	32256	960	0	0	0	960
264	12386	0	1	0	1	0	0	1	20	222	6	32	32256	960	0	0	0	960
264	12388	0	1	0	1	0	0	1	23	94	5	33	32256	960	0	0	0	960
264	12392	0	1	0	1	0	0	1	23	94	5	33	32256	960	0	0	0	960
264	12400	0	1	0	1	0	0	1	22	222	6	34	32256	960	0	0	0	960
264	12419	0	1	0	1	0	0	1	18	222	6	30	32256	960	0	0	0	960
264	12421	0	1	0	1	0	0	1	21	94	5	31	32256	960	0	0	0	960
264	12422	0	1	0	1	0	0	1	21	94	5	31	32256	960	0	0	0	960
264	12425	0	1	0	1	0	0	1	21	94	5	31	32256	960	0	0	0	960
264	12426	0	1	0	1	0	0	1	21	94	5	31	32256	960	0	0	0	960
264	12428	0	1	0	1	0	0	1	24	86	4	32	32256	960	0	0	0	960
264	12433	0	1	0	1	0	0	1	20	222	6	32	32256	960	0	0	0	960
264	12434	0	1	0	1	0	0	1	20	222	6	32	32256	960	0	0	0	960
264	12436	0	1	0	1	0	0	1	23	94	5	33	32256	960	0	0	0	960
264	12440	0	1	0	1	0	0	1	23	94	5	33	32256	960	0	0	0	960
264	12449	0	1	0	1	0	0	1	20	222	6	32	32256	960	0	0	0	960
264	12450	0	1	0	1	0	0	1	20	222	6	32	32256	960	0	0	0	960
264	12452	0	1	0	1	0	0	1	23	94	5	33	32256	960	0	0	0	960
264	12456	0	1	0	1	0	0	1	23	94	5	33	32256	960	0	0	0	960
264	12464	0	1	0	1	0	0	1	22	222	6	34	32256	960	0	0	0	960
264	12481	0	1	0	1	0	0	1	20	222	6	32	32256	960	0	0	0	960
264	12482	0	1	0	1	0	0	1	20	222	6	32	32256	960	0	0	0	960
264	12484	0	1	0	1	0	0	1	23	94	5	33	32256	960	0	0	0	960
264	12488	0	1	0	1	0	0	1	23	94	5	33	32256	960	0	0	0	960
264	12496	0	1	0	1	0	0	1	22	222	6	34	32256	960	0	0	0	960
264	12512	0	1	0	1	0	0	1	22	222	6	34	32256	960	0	0	0	960
264	12547	0	1	0	1	0	0	1	18	222	6	30	32256	960	0	0	0	960
264	12549	0	1	0	1	0	0	1	21	94	5	31	32256	960	0	0	0	960
264	12550	0	1	0	1	0	0	1	21	94	5	31	32256	960	0	0	0	960
264	12553	0	1	0	1	0	0	1	21	94	5	31	32256	960	0	0	0	960
264	12554	0	1	0	1	0	0	1	21	94	5	31	32256	960	0	0	0	960
264	12556	0	1	0	1	0	0	1	24	86	4	32	32256	960	0	0	0	960
264	12561	0	1	0	1	0	0	1	20	222	6	32	32256	960	0	0	0	960
264	12562	0	1	0	1	0	0	1	20	222	6	32	32256	960	0	0	0	960
264	12564	0	1	0	1	0	0	1	23	94	5	33	32256	960	0	0	0	960
264	12568	0	1	0	1	0	0	1	23	94	5	33	32256	960	0	0	0	960
264	12577	0	1	0	1	0	0	1	20	222	6	32	32256	960	0	0	0	960
264	12578	0	1	0	1	0	0	1	20	222	6	32	32256	960	0	0	0	960
264	12580	0	1	0	1	0	0	1	23	94	5	33	32256	960	0	0	0	960
264	12584	0	1	0	1	0	0	1	23	94	5	33	32256	960	0	0	0	960
264	12592	0	1	0	1	0	0	1	22	222	6	34	32256	960	0	0	0	960
264	12609	0	1	0	1	0	0	1	20	222	6	32	32256	960	0	0	0	960
264	12610	0	1	0	1	0	0	1	20	222	6	32	32256	960	0	0	0	960
264	12612	0	1	0	1	0	0	1	23	94	5	33	32256	960	0	0	0	960
264	12616	0	1	0	1	0	0	1	23	94	5	33	32256	960	0	0	0	960
264	12624	0	1	0	1	0	0	1	22	222	6	34	32256	960	0	0	0	960
264	12640	0	1	0	1	0	0	1	22	222	6	34	32256	960	0	0	0	960
264	12673	0	1	0	1	0	0	1	20	222	6	32	32256	960	0	0	0	960
264	12674	0	1	0	1	0	0	1	20	222	6	32	32256	960	0	0	0	960
264	12676	0	1	0	1	0	0	1	23	94	5	33	32256	960	0	0	0	960
264	12680	0	1	0	1	0	0	1	23	94	5	33	32256	960	0	0	0	960
264	12688	0	1	0	1	0	0	1	22	222	6	34	32256	960	0	0	0	960
264	12704	0	1	0	1	0	0	1	22	222	6	34	32256	960	0	0	0	960
264	12736	0	1	0	1	0	0	1	22	222	6	34	32256	960	0	0	0	960
264	12803	0	1	0	1	0	0	1	23	30	4	31	32256	896	0	0	0	896
264	12805	0	1	0	1	0	0	1	24	86	4	32	32256	896	0	0	0	896
264	12806	0	1	0	1	0	0	1	24	86	4	32	32256	896	0	0	0	896
264	12809	0	1	0	1	0	0	1	24	86	4	32	32256	896	0	0	0	896
264	12810	0	1	0	1	0	0	1	24	86	4	32	32256	896	0	0	0	896
264	12812	0	1	0	1	0	0	1	25	86	4	33	32256	896	0	0	0	896
264	12817	0	1	0	1	0	0	1	23	94	5	33	32256	896	0	0	0	896
264	12818	0	1	0	1	0	0	1	23	94	5	33	32256	896	0	0	0	896
264	12820	0	1	0	1	0	0	1	24	94	5	34	32256	896	0	0	0	896
264	12824	0	1	0	1	0	0	1	24	94	5	34	32256	896	0	0	0	896
264	12833	0	1	0	1	0	0	1	23	94	5	33	32256	896	0	0	0	896
264	12834	0	1	0	1	0	0	1	23	94	5	33	32256	896	0	0	0	896
264	12836	0	1	0	1	0	0	1	24	94	5	34	32256	896	0	0	0	896
264	12840	0	1	0	1	0	0	1	24	94	5	34	32256	896	0	0	0	896
264	12848	0	1	0	1	0	0	1	23	222	6	35	32256	896	0	0	0	896
264	12865	0	1	0	1	0	0	1	23	94	5	33	32256	896	0	0	0	896
264	12866	0	1	0	1	0	0	1	23	94	5	33	32256	896	0	0	0	896
264	12868	0	1	0	1	0	0	1	24	94	5	34	32256	896	0	0	0	896
264	12872	0	1	0	1	0	0	1	24	94	5	34	32256	896	0	0	0	896
264	12880	0	1	0	1	0	0	1	23	222	6	35	32256	896	0	0	0	896
264	12896	0	1	0	1	0	0	1	23	222	6	35	32256	896	0	0	0	896
264	12929	0	1	0	1	0	0	1	23	94	5	33	32256	896	0	0	0	896
264	12930	0	1	0	1	0	0	1	23	94	5	33	32256	896	0	0	0	896
264	12932	0	1	0	1	0	0	1	24	94	5	34	32256	896	0	0	0	896
264	12936	0	1	0	1	0	0	1	24	94	5	34	32256	896	0	0	0	896
264	12944	0	1	0	1	0	0	1	23	222	6	35	32256	896	0	0	0	896
264	12960	0	1	0	1	0	0	1	23	222	6	35	32256	896	0	0	0	896
264	12992	0	1	0	1	0	0	1	23	222	6	35	32256	896	0	0	0	896
264	13057	0	1	0	1	0	0	1	23	94	5	33	32256	896	0	0	0	896
264	13058	0	1	0	1	0	0	1	23	94	5	33	32256	896	0	0	0	896
264	13060	0	1	0	1	0	0	1	24	94	5	34	32256	896	0	0	0	896
264	13064	0	1	0	1	0	0	1	24	94	5	34	32256	896	0	0	0	896
264	13072	0	1	0	1	0	0	1	23	222	6	35	32256	896	0	0	0	896
264	13088	0	1	0	1	0	0	1	23	222	6	35	32256	896	0	0	0	896
264	13120	0	1	0	1	0	0	1	23	222	6	35	32256	896	0	0	0	896
264	13184	0	1	0	1	0	0	1	23	222	6	35	32256	896	0	0	0	896
264	13315	0	1	0	1	0	0	1	22	94	5	32	32256	896	0	0	0	896
264	13317	0	1	0	1	0	0	1	23	94	5	33	32256	896	0	0	0	896
264	13318	0	1	0	1	0	0	1	25	86	4	33	32256	896	0	0	0	896
264	13321	0	1	0	1	0	0	1	23	94	5	33	32256	896	0	0	0	896
264	13322	0	1	0	1	0	0	1	25	86	4	33	32256	896	0	0	0	896
264	13324	0	1	0	1	0	0	1	26	86	4	34	32256	896	0	0	0	896
264	13329	0	1	0	1	0	0	1	22	222	6	34	32256	896	0	0	0	896
264	13330	0	1	0	1	0	0	1	24	94	5	34	32256	896	0	0	0	896
264	13332	0	1	0	1	0	0	1	25	94	5	35	32256	896	0	0	0	896
264	13336	0	1	0	1	0	0	1	25	94	5	35	32256	896	0	0	0	896
264	13345	0	1	0	1	0	0	1	22	222	6	34	32256	896	0	0	0	896
264	13346	0	1	0	1	0	0	1	24	94	5	34	32256	896	0	0	0	896
264	13348	0	1	0	1	0	0	1	25	94	5	35	32256	896	0	0	0	896
264	13352	0	1	0	1	0	0	1	25	94	5	35	32256	896	0	0	0	896
264	13360	0	1	0	1	0	0	1	24	222	6	36	32256	896	0	0	0	896
264	13377	0	1	0	1	0	0	1	22	222	6	34	32256	896	0	0	0	896
264	13378	0	1	0	1	0	0	1	24	94	5	34	32256	896	0	0	0	896
264	13380	0	1	0	1	0	0	1	25	94	5	35	32256	896	0	0	0	896
264	13384	0	1	0	1	0	0	1	25	94	5	35	32256	896	0	0	0	896
264	13392	0	1	0	1	0	0	1	24	222	6	36	32256	896	0	0	0	896
264	13408	0	1	0	1	0	0	1	24	222	6	36	32256	896	0	0	0	896
264	13441	0	1	0	1	0	0	1	22	222	6	34	32256	896	0	0	0	896
264	13442	0	1	0	1	0	0	1	24	94	5	34	32256	896	0	0	0	896
264	13444	0	1	0	1	0	0	1	25	94	5	35	32256	896	0	0	0	896
264	13448	0	1	0	1	0	0	1	25	94	5	35	32256	896	0	0	0	896
264	13456	0	1	0	1	0	0	1	24	222	6	36	32256	896	0	0	0	896
264	13472	0	1	0	1	0	0	1	24	222	6	36	32256	896	0	0	0	896
264	13504	0	1	0	1	0	0	1	24	222	6	36	32256	896	0	0	0	896
264	13569	0	1	0	1	0	0	1	22	222	6	34	32256	896	0	0	0	896
264	13570	0	1	0	1	0	0	1	24	94	5	34	32256	896	0	0	0	896
264	13572	0	1	0	1	0	0	1	25	94	5	35	32256	896	0	0	0	896
264	13576	0	1	0	1	0	0	1	25	94	5	35	32256	896	0	0	0	896
264	13584	0	1	0	1	0	0	1	24	222	6	36	32256	896	0	0	0	896
264	13600	0	1	0	1	0	0	1	24	222	6	36	32256	896	0	0	0	896
264	13632	0	1	0	1	0	0	1	24	222	6	36	32256	896	0	0	0	896
264	13696	0	1	0	1	0	0	1	24	222	6	36	32256	896	0	0	0	896
264	13825	0	1	0	1	0	0	1	29	11	3	35	32256	768	0	0	0	768
264	13826	0	1	0	1	0	0	1	31	3	2	35	32256	768	0	0	0	768
264	13828	0	1	0	1	0	0	1	30	11	3	36	32256	768	0	0	0	768
264	13832	0	1	0	1	0	0	1	30	11	3	36	32256	768	0	0	0	768
264	13840	0	1	0	1	0	0	1	29	75	4	37	32256	768	0	0	0	768
264	13856	0	1	0	1	0	0	1	29	75	4	37	32256	768	0	0	0	768
264	13888	0	1	0	1	0	0	1	29	75	4	37	32256	768	0	0	0	768
264	13952	0	1	0	1	0	0	1	29	75	4	37	32256	768	0	0	0	768
264	14080	0	1	0	1	0	0	1	29	75	4	37	32256	768	0	0	0	768
264	14339	0	1	0	1	0	0	1	22	94	5	32	32256	896	0	0	0	896
264	14341	0	1	0	1	0	0	1	25	86	4	33	32256	896	0	0	0	896
264	14342	0	1	0	1	0	0	1	23	94	5	33	32256	896	0	0	0	896
264	14345	0	1	0	1	0	0	1	25	86	4	33	32256	896	0	0	0	896
264	14346	0	1	0	1	0	0	1	23	94	5	33	32256	896	0	0	0	896
264	14348	0	1	0	1	0	0	1	26	86	4	34	32256	896	0	0	0	896
264	14353	0	1	0	1	0	0	1	24	94	5	34	32256	896	0	0	0	896
264	14354	0	1	0	1	0	0	1	22	222	6	34	32256	896	0	0	0	896
264	14356	0	1	0	1	0	0	1	25	94	5	35	32256	896	0	0	0	896
264	14360	0	1	0	1	0	0	1	25	94	5	35	32256	896	0	0	0	896
264	14369	0	1	0	1	0	0	1	24	94	5	34	32256	896	0	0	0	896
264	14370	0	1	0	1	0	0	1	22	222	6	34	32256	896	0	0	0	896
264	14372	0	1	0	1	0	0	1	25	94	5	35	32256	896	0	0	0	896
264	14376	0	1	0	1	0	0	1	25	94	5	35	32256	896	0	0	0	896
264	14384	0	1	0	1	0	0	1	24	222	6	36	32256	896	0	0	0	896
264	14401	0	1	0	1	0	0	1	24	94	5	34	32256	896	0	0	0	896
264	14402	0	1	0	1	0	0	1	22	222	6	34	32256	896	0	0	0	896
264	14404	0	1	0	1	0	0	1	25	94	5	35	32256	896	0	0	0	896
264	14408	0	1	0	1	0	0	1	25	94	5	35	32256	896	0	0	0	896
264	14416	0	1	0	1	0	0	1	24	222	6	36	32256	896	0	0	0	896
264	14432	0	1	0	1	0	0	1	24	222	6	36	32256	896	0	0	0	896
264	14465	0	1	0	1	0	0	1	24	94	5	34	32256	896	0	0	0	896
264	14466	0	1	0	1	0	0	1	22	222	6	34	32256	896	0	0	0	896
264	14468	0	1	0	1	0	0	1	25	94	5	35	32256	896	0	0	0	896
264	14472	0	1	0	1	0	0	1	25	94	5	35	32256	896	0	0	0	896
264	14480	0	1	0	1	0	0	1	24	222	6	36	32256	896	0	0	0	896
264	14496	0	1	0	1	0	0	1	24	222	6	36	32256	896	0	0	0	896
264	14528	0	1	0	1	0	0	1	24	222	6	36	32256	896	0	0	0	896
264	14593	0	1	0	1	0	0	1	24	94	5	34	32256	896	0	0	0	896
264	14594	0	1	0	1	0	0	1	22	222	6	34	32256	896	0	0	0	896
264	14596	0	1	0	1	0	0	1	25	94	5	35	32256	896	0	0	0	896
264	14600	0	1	0	1	0	0	1	25	94	5	35	32256	896	0	0	0	896
264	14608	0	1	0	1	0	0	1	24	222	6	36	32256	896	0	0	0	896
264	14624	0	1	0	1	0	0	1	24	222	6	36	32256	896	0	0	0	896
264	14656	0	1	0	1	0	0	1	24	222	6	36	32256	896	0	0	0	896
264	14720	0	1	0	1	0	0	1	24	222	6	36	32256	896	0	0	0	896
264	14849	0	1	0	1	0	0	1	31	3	2	35	32256	768	0	0	0	768
264	14850	0	1	0	1	0	0	1	29	11	3	35	32256	768	0	0	0	768
264	14852	0	1	0	1	0	0	1	30	11	3	36	32256	768	0	0	0	768
264	14856	0	1	0	1	0	0	1	30	11	3	36	32256	768	0	0	0	768
264	14864	0	1	0	1	0	0	1	29	75	4	37	32256	768	0	0	0	768
264	14880	0	1	0	1	0	0	1	29	75	4	37	32256	768	0	0	0	768
264	14912	0	1	0	1	0	0	1	29	75	4	37	32256	768	0	0	0	768
264	14976	0	1	0	1	0	0	1	29	75	4	37	32256	768	0	0	0	768
264	15104	0	1	0	1	0	0	1	29	75	4	37	32256	768	0	0	0	768
264	15361	0	1	0	1	0	0	1	30	11	3	36	32256	768	0	0	0	768
264	15362	0	1	0	1	0	0	1	30	11	3	36	32256	768	0	0	0	768
264	15364	0	1	0	1	0	0	1	31	11	3	37	32256	768	0	0	0	768
264	15368	0	1	0	1	0	0	1	31	11	3	37	32256	768	0	0	0	768
264	15376	0	1	0	1	0	0	1	30	75	4	38	32256	768	0	0	0	768
264	15392	0	1	0	1	0	0	1	30	75	4	38	32256	768	0	0	0	768
264	15424	0	1	0	1	0	0	1	30	75	4	38	32256	768	0	0	0	768
264	15488	0	1	0	1	0	0	1	30	75	4	38	32256	768	0	0	0	768
264	15616	0	1	0	1	0	0	1	30	75	4	38	32256	768	0	0	0	768
264	15872	0	1	0	1	0	0	1	39	0	0	39	32256	512	0	0	0	512
264	16399	0	1	0	1	0	0	1	19	75	4	27	32256	992	0	0	0	992
264	16407	0	1	0	1	0	0	1	20	75	4	28	32256	992	0	0	0	992
264	16411	0	1	0	1	0	0	1	20	75	4	28	32256	992	0	0	0	992
264	16413	0	1	0	1	0	0	1	21	75	4	29	32256	992	0	0	0	992
264	16414	0	1	0	1	0	0	1	21	75	4	29	32256	992	0	0	0	992
264	16423	0	1	0	1	0	0	1	20	75	4	28	32256	992	0	0	0	992
264	16427	0	1	0	1	0	0	1	20	75	4	28	32256	992	0	0	0	992
264	16429	0	1	0	1	0	0	1	21	75	4	29	32256	992	0	0	0	992
264	16430	0	1	0	1	0	0	1	21	75	4	29	32256	992	0	0	0	992
264	16435	0	1	0	1	0	0	1	21	75	4	29	32256	992	0	0	0	992
264	16437	0	1	0	1	0	0	1	22	75	4	30	32256	992	0	0	0	992
264	16438	0	1	0	1	0	0	1	22	75	4	30	32256	992	0	0	0	992
264	16441	0	1	0	1	0	0	1	22	75	4	30	32256	992	0	0	0	992
264	16442	0	1	0	1	0	0	1	22	75	4	30	32256	992	0	0	0	992
264	16444	0	1	0	1	0	0	1	23	75	4	31	32256	992	0	0	0	992
264	16455	0	1	0	1	0	0	1	20	75	4	28	32256	992	0	0	0	992
264	16459	0	1	0	1	0	0	1	20	75	4	28	32256	992	0	0	0	992
264	16461	0	1	0	1	0	0	1	21	75	4	29	32256	992	0	0	0	992
264	16462	0	1	0	1	0	0	1	21	75	4	29	32256	992	0	0	0	992
264	16467	0	1	0	1	0	0	1	21	75	4	29	32256	992	0	0	0	992
264	16469	0	1	0	1	0	0	1	22	75	4	30	32256	992	0	0	0	992
264	16470	0	1	0	1	0	0	1	22	75	4	30	32256	992	0	0	0	992
264	16473	0	1	0	1	0	0	1	22	75	4	30	32256	992	0	0	0	992
264	16474	0	1	0	1	0	0	1	22	75	4	30	32256	992	0	0	0	992
264	16476	0	1	0	1	0	0	1	23	75	4	31	32256	992	0	0	0	992
264	16483	0	1	0	1	0	0	1	21	75	4	29	32256	992	0	0	0	992
264	16485	0	1	0	1	0	0	1	22	75	4	30	32256	992	0	0	0	992
264	16486	0	1	0	1	0	0	1	22	75	4	30	32256	992	0	0	0	992
264	16489	0	1	0	1	0	0	1	22	75	4	30	32256	992	0	0	0	992
264	16490	0	1	0	1	0	0	1	22	75	4	30	32256	992	0	0	0	992
264	16492	0	1	0	1	0	0	1	23	75	4	31	32256	992	0	0	0	992
264	16497	0	1	0	1	0	0	1	23	75	4	31	32256	992	0	0	0	992
264	16498	0	1	0	1	0	0	1	23	75	4	31	32256	992	0	0	0	992
264	16500	0	1	0	1	0	0	1	24	75	4	32	32256	992	0	0	0	992
264	16504	0	1	0	1	0	0	1	24	75	4	32	32256	992	0	0	0	992
264	16519	0	1	0	1	0	0	1	20	75	4	28	32256	992	0	0	0	992
264	16523	0	1	0	1	0	0	1	20	75	4	28	32256	992	0	0	0	992
264	16525	0	1	0	1	0	0	1	21	75	4	29	32256	992	0	0	0	992
264	16526	0	1	0	1	0	0	1	21	75	4	29	32256	992	0	0	0	992
264	16531	0	1	0	1	0	0	1	21	75	4	29	32256	992	0	0	0	992
264	16533	0	1	0	1	0	0	1	22	75	4	30	32256	992	0	0	0	992
264	16534	0	1	0	1	0	0	1	22	75	4	30	32256	992	0	0	0	992
264	16537	0	1	0	1	0	0	1	22	75	4	30	32256	992	0	0	0	992
264	16538	0	1	0	1	0	0	1	22	75	4	30	32256	992	0	0	0	992
264	16540	0	1	0	1	0	0	1	23	75	4	31	32256	992	0	0	0	992
264	16547	0	1	0	1	0	0	1	21	75	4	29	32256	992	0	0	0	992
264	16549	0	1	0	1	0	0	1	22	75	4	30	32256	992	0	0	0	992
264	16550	0	1	0	1	0	0	1	22	75	4	30	32256	992	0	0	0	992
264	16553	0	1	0	1	0	0	1	22	75	4	30	32256	992	0	0	0	992
264	16554	0	1	0	1	0	0	1	22	75	4	30	32256	992	0	0	0	992
264	16556	0	1	0	1	0	0	1	23	75	4	31	32256	992	0	0	0	992
264	16561	0	1	0	1	0	0	1	23	75	4	31	32256	992	0	0	0	992
264	16562	0	1	0	1	0	0	1	23	75	4	31	32256	992	0	0	0	992
264	16564	0	1	0	1	0	0	1	24	75	4	32	32256	992	0	0	0	992
264	16568	0	1	0	1	0	0	1	24	75	4	32	32256	992	0	0	0	992
264	16579	0	1	0	1	0	0	1	21	75	4	29	32256	992	0	0	0	992
264	16581	0	1	0	1	0	0	1	22	75	4	30	32256	992	0	0	0	992
264	16582	0	1	0	1	0	0	1	22	75	4	30	32256	992	0	0	0	992
264	16585	0	1	0	1	0	0	1	22	75	4	30	32256	992	0	0	0	992
264	16586	0	1	0	1	0	0	1	22	75	4	30	32256	992	0	0	0	992
264	16588	0	1	0	1	0	0	1	23	75	4	31	32256	992	0	0	0	992
264	16593	0	1	0	1	0	0	1	23	75	4	31	32256	992	0	0	0	992
264	16594	0	1	0	1	0	0	1	23	75	4	31	32256	992	0	0	0	992
264	16596	0	1	0	1	0	0	1	24	75	4	32	32256	992	0	0	0	992
264	16600	0	1	0	1	0	0	1	24	75	4	32	32256	992	0	0	0	992
264	16609	0	1	0	1	0	0	1	23	75	4	31	32256	992	0	0	0	992
264	16610	0	1	0	1	0	0	1	23	75	4	31	32256	992	0	0	0	992
264	16612	0	1	0	1	0	0	1	24	75	4	32	32256	992	0	0	0	992
264	16616	0	1	0	1	0	0	1	24	75	4	32	32256	992	0	0	0	992
264	16624	0	1	0	1	0	0	1	25	75	4	33	32256	992	0	0	0	992
264	16647	0	1	0	1	0	0	1	20	75	4	28	32256	992	0	0	0	992
264	16651	0	1	0	1	0	0	1	20	75	4	28	32256	992	0	0	0	992
264	16653	0	1	0	1	0	0	1	21	75	4	29	32256	992	0	0	0	992
264	16654	0	1	0	1	0	0	1	21	75	4	29	32256	992	0	0	0	992
264	16659	0	1	0	1	0	0	1	21	75	4	29	32256	992	0	0	0	992
264	16661	0	1	0	1	0	0	1	22	75	4	30	32256	992	0	0	0	992
264	16662	0	1	0	1	0	0	1	22	75	4	30	32256	992	0	0	0	992
264	16665	0	1	0	1	0	0	1	22	75	4	30	32256	992	0	0	0	992
264	16666	0	1	0	1	0	0	1	22	75	4	30	32256	992	0	0	0	992
264	16668	0	1	0	1	0	0	1	23	75	4	31	32256	992	0	0	0	992
264	16675	0	1	0	1	0	0	1	21	75	4	29	32256	992	0	0	0	992
264	16677	0	1	0	1	0	0	1	22	75	4	30	32256	992	0	0	0	992
264	16678	0	1	0	1	0	0	1	22	75	4	30	32256	992	0	0	0	992
264	16681	0	1	0	1	0	0	1	22	75	4	30	32256	992	0	0	0	992
264	16682	0	1	0	1	0	0	1	22	75	4	30	32256	992	0	0	0	992
264	16684	0	1	0	1	0	0	1	23	75	4	31	32256	992	0	0	0	992
264	16689	0	1	0	1	0	0	1	23	75	4	31	32256	992	0	0	0	992
264	16690	0	1	0	1	0	0	1	23	75	4	31	32256	992	0	0	0	992
264	16692	0	1	0	1	0	0	1	24	75	4	32	32256	992	0	0	0	992
264	16696	0	1	0	1	0	0	1	24	75	4	32	32256	992	0	0	0	992
264	16707	0	1	0	1	0	0	1	21	75	4	29	32256	992	0	0	0	992
264	16709	0	1	0	1	0	0	1	22	75	4	30	32256	992	0	0	0	992
264	16710	0	1	0	1	0	0	1	22	75	4	30	32256	992	0	0	0	992
264	16713	0	1	0	1	0	0	1	22	75	4	30	32256	992	0	0	0	992
264	16714	0	1	0	1	0	0	1	22	75	4	30	32256	992	0	0	0	992
264	16716	0	1	0	1	0	0	1	23	75	4	31	32256	992	0	0	0	992
264	16721	0	1	0	1	0	0	1	23	75	4	31	32256	992	0	0	0	992
264	16722	0	1	0	1	0	0	1	23	75	4	31	32256	992	0	0	0	992
264	16724	0	1	0	1	0	0	1	24	75	4	32	32256	992	0	0	0	992
264	16728	0	1	0	1	0	0	1	24	75	4	32	32256	992	0	0	0	992
264	16737	0	1	0	1	0	0	1	23	75	4	31	32256	992	0	0	0	992
264	16738	0	1	0	1	0	0	1	23	75	4	31	32256	992	0	0	0	992
264	16740	0	1	0	1	0	0	1	24	75	4	32	32256	992	0	0	0	992
264	16744	0	1	0	1	0	0	1	24	75	4	32	32256	992	0	0	0	992
264	16752	0	1	0	1	0	0	1	25	75	4	33	32256	992	0	0	0	992
264	16771	0	1	0	1	0	0	1	21	75	4	29	32256	992	0	0	0	992
264	16773	0	1	0	1	0	0	1	22	75	4	30	32256	992	0	0	0	992
264	16774	0	1	0	1	0	0	1	22	75	4	30	32256	992	0	0	0	992
264	16777	0	1	0	1	0	0	1	22	75	4	30	32256	992	0	0	0	992
264	16778	0	1	0	1	0	0	1	22	75	4	30	32256	992	0	0	0	992
264	16780	0	1	0	1	0	0	1	23	75	4	31	32256	992	0	0	0	992
264	16785	0	1	0	1	0	0	1	23	75	4	31	32256	992	0	0	0	992
264	16786	0	1	0	1	0	0	1	23	75	4	31	32256	992	0	0	0	992
264	16788	0	1	0	1	0	0	1	24	75	4	32	32256	992	0	0	0	992
264	16792	0	1	0	1	0	0	1	24	75	4	32	32256	992	0	0	0	992
264	16801	0	1	0	1	0	0	1	23	75	4	31	32256	992	0	0	0	992
264	16802	0	1	0	1	0	0	1	23	75	4	31	32256	992	0	0	0	992
264	16804	0	1	0	1	0	0	1	24	75	4	32	32256	992	0	0	0	992
264	16808	0	1	0	1	0	0	1	24	75	4	32	32256	992	0	0	0	992
264	16816	0	1	0	1	0	0	1	25	75	4	33	32256	992	0	0	0	992
264	16833	0	1	0	1	0	0	1	23	75	4	31	32256	992	0	0	0	992
264	16834	0	1	0	1	0	0	1	23	75	4	31	32256	992	0	0	0	992
264	16836	0	1	0	1	0	0	1	24	75	4	32	32256	992	0	0	0	992
264	16840	0	1	0	1	0	0	1	24	75	4	32	32256	992	0	0	0	992
264	16848	0	1	0	1	0	0	1	25	75	4	33	32256	992	0	0	0	992
264	16864	0	1	0	1	0	0	1	25	75	4	33	32256	992	0	0	0	992
264	16903	0	1	0	1	0	0	1	21	77	4	29	32256	960	0	0	0	960
264	16907	0	1	0	1	0	0	1	21	77	4	29	32256	960	0	0	0	960
264	16909	0	1	0	1	0	0	1	20	94	5	30	32256	960	0	0	0	960
264	16910	0	1	0	1	0	0	1	20	94	5	30	32256	960	0	0	0	960
264	16915	0	1	0	1	0	0	1	22	77	4	30	32256	960	0	0	0	960
264	16917	0	1	0	1	0	0	1	21	94	5	31	32256	960	0	0	0	960
264	16918	0	1	0	1	0	0	1	21	94	5	31	32256	960	0	0	0	960
264	16921	0	1	0	1	0	0	1	21	94	5	31	32256	960	0	0	0	960
264	16922	0	1	0	1	0	0	1	21	94	5	31	32256	960	0	0	0	960
264	16924	0	1	0	1	0	0	1	20	222	6	32	32256	960	0	0	0	960
264	16931	0	1	0	1	0	0	1	22	77	4	30	32256	960	0	0	0	960
264	16933	0	1	0	1	0	0	1	21	94	5	31	32256	960	0	0	0	960
264	16934	0	1	0	1	0	0	1	21	94	5	31	32256	960	0	0	0	960
264	16937	0	1	0	1	0	0	1	21	94	5	31	32256	960	0	0	0	960
264	16938	0	1	0	1	0	0	1	21	94	5	31	32256	960	0	0	0	960
264	16940	0	1	0	1	0	0	1	20	222	6	32	32256	960	0	0	0	960
264	16945	0	1	0	1	0	0	1	22	94	5	32	32256	960	0	0	0	960
264	16946	0	1	0	1	0	0	1	22	94	5	32	32256	960	0	0	0	960
264	16948	0	1	0	1	0	0	1	21	222	6	33	32256	960	0	0	0	960
264	16952	0	1	0	1	0	0	1	21	222	6	33	32256	960	0	0	0	960
264	16963	0	1	0	1	0	0	1	22	77	4	30	32256	960	0	0	0	960
264	16965	0	1	0	1	0	0	1	21	94	5	31	32256	960	0	0	0	960
264	16966	0	1	0	1	0	0	1	21	94	5	31	32256	960	0	0	0	960
264	16969	0	1	0	1	0	0	1	21	94	5	31	32256	960	0	0	0	960
264	16970	0	1	0	1	0	0	1	21	94	5	31	32256	960	0	0	0	960
264	16972	0	1	0	1	0	0	1	20	222	6	32	32256	960	0	0	0	960
264	16977	0	1	0	1	0	0	1	22	94	5	32	32256	960	0	0	0	960
264	16978	0	1	0	1	0	0	1	22	94	5	32	32256	960	0	0	0	960
264	16980	0	1	0	1	0	0	1	21	222	6	33	32256	960	0	0	0	960
264	16984	0	1	0	1	0	0	1	21	222	6	33	32256	960	0	0	0	960
264	16993	0	1	0	1	0	0	1	22	94	5	32	32256	960	0	0	0	960
264	16994	0	1	0	1	0	0	1	22	94	5	32	32256	960	0	0	0	960
264	16996	0	1	0	1	0	0	1	21	222	6	33	32256	960	0	0	0	960
264	17000	0	1	0	1	0	0	1	21	222	6	33	32256	960	0	0	0	960
264	17008	0	1	0	1	0	0	1	22	222	6	34	32256	960	0	0	0	960
264	17027	0	1	0	1	0	0	1	22	77	4	30	32256	960	0	0	0	960
264	17029	0	1	0	1	0	0	1	21	94	5	31	32256	960	0	0	0	960
264	17030	0	1	0	1	0	0	1	21	94	5	31	32256	960	0	0	0	960
264	17033	0	1	0	1	0	0	1	21	94	5	31	32256	960	0	0	0	960
264	17034	0	1	0	1	0	0	1	21	94	5	31	32256	960	0	0	0	960
264	17036	0	1	0	1	0	0	1	20	222	6	32	32256	960	0	0	0	960
264	17041	0	1	0	1	0	0	1	22	94	5	32	32256	960	0	0	0	960
264	17042	0	1	0	1	0	0	1	22	94	5	32	32256	960	0	0	0	960
264	17044	0	1	0	1	0	0	1	21	222	6	33	32256	960	0	0	0	960
264	17048	0	1	0	1	0	0	1	21	222	6	33	32256	960	0	0	0	960
264	17057	0	1	0	1	0	0	1	22	94	5	32	32256	960	0	0	0	960
264	17058	0	1	0	1	0	0	1	22	94	5	32	32256	960	0	0	0	960
264	17060	0	1	0	1	0	0	1	21	222	6	33	32256	960	0	0	0	960
264	17064	0	1	0	1	0	0	1	21	222	6	33	32256	960	0	0	0	960
264	17072	0	1	0	1	0	0	1	22	222	6	34	32256	960	0	0	0	960
264	17089	0	1	0	1	0	0	1	22	94	5	32	32256	960	0	0	0	960
264	17090	0	1	0	1	0	0	1	22	94	5	32	32256	960	0	0	0	960
264	17092	0	1	0	1	0	0	1	21	222	6	33	32256	960	0	0	0	960
264	17096	0	1	0	1	0	0	1	21	222	6	33	32256	960	0	0	0	960
264	17104	0	1	0	1	0	0	1	22	222	6	34	32256	960	0	0	0	960
264	17120	0	1	0	1	0	0	1	22	222	6	34	32256	960	0	0	0	960
264	17155	0	1	0	1	0	0	1	22	77	4	30	32256	960	0	0	0	960
264	17157	0	1	0	1	0	0	1	21	94	5	31	32256	960	0	0	0	960
264	17158	0	1	0	1	0	0	1	21	94	5	31	32256	960	0	0	0	960
264	17161	0	1	0	1	0	0	1	21	94	5	31	32256	960	0	0	0	960
264	17162	0	1	0	1	0	0	1	21	94	5	31	32256	960	0	0	0	960
264	17164	0	1	0	1	0	0	1	20	222	6	32	32256	960	0	0	0	960
264	17169	0	1	0	1	0	0	1	22	94	5	32	32256	960	0	0	0	960
264	17170	0	1	0	1	0	0	1	22	94	5	32	32256	960	0	0	0	960
264	17172	0	1	0	1	0	0	1	21	222	6	33	32256	960	0	0	0	960
264	17176	0	1	0	1	0	0	1	21	222	6	33	32256	960	0	0	0	960
264	17185	0	1	0	1	0	0	1	22	94	5	32	32256	960	0	0	0	960
264	17186	0	1	0	1	0	0	1	22	94	5	32	32256	960	0	0	0	960
264	17188	0	1	0	1	0	0	1	21	222	6	33	32256	960	0	0	0	960
264	17192	0	1	0	1	0	0	1	21	222	6	33	32256	960	0	0	0	960
264	17200	0	1	0	1	0	0	1	22	222	6	34	32256	960	0	0	0	960
264	17217	0	1	0	1	0	0	1	22	94	5	32	32256	960	0	0	0	960
264	17218	0	1	0	1	0	0	1	22	94	5	32	32256	960	0	0	0	960
264	17220	0	1	0	1	0	0	1	21	222	6	33	32256	960	0	0	0	960
264	17224	0	1	0	1	0	0	1	21	222	6	33	32256	960	0	0	0	960
264	17232	0	1	0	1	0	0	1	22	222	6	34	32256	960	0	0	0	960
264	17248	0	1	0	1	0	0	1	22	222	6	34	32256	960	0	0	0	960
264	17281	0	1	0	1	0	0	1	22	94	5	32	32256	960	0	0	0	960
264	17282	0	1	0	1	0	0	1	22	94	5	32	32256	960	0	0	0	960
264	17284	0	1	0	1	0	0	1	21	222	6	33	32256	960	0	0	0	960
264	17288	0	1	0	1	0	0	1	21	222	6	33	32256	960	0	0	0	960
264	17296	0	1	0	1	0	0	1	22	222	6	34	32256	960	0	0	0	960
264	17312	0	1	0	1	0	0	1	22	222	6	34	32256	960	0	0	0	960
264	17344	0	1	0	1	0	0	1	22	222	6	34	32256	960	0	0	0	960
264	17415	0	1	0	1	0	0	1	20	94	5	30	32256	960	0	0	0	960
264	17419	0	1	0	1	0	0	1	20	94	5	30	32256	960	0	0	0	960
264	17421	0	1	0	1	0	0	1	19	222	6	31	32256	960	0	0	0	960
264	17422	0	1	0	1	0	0	1	21	94	5	31	32256	960	0	0	0	960
264	17427	0	1	0	1	0	0	1	21	94	5	31	32256	960	0	0	0	960
264	17429	0	1	0	1	0	0	1	20	222	6	32	32256	960	0	0	0	960
264	17430	0	1	0	1	0	0	1	22	94	5	32	32256	960	0	0	0	960
264	17433	0	1	0	1	0	0	1	20	222	6	32	32256	960	0	0	0	960
264	17434	0	1	0	1	0	0	1	22	94	5	32	32256	960	0	0	0	960
264	17436	0	1	0	1	0	0	1	21	222	6	33	32256	960	0	0	0	960
264	17443	0	1	0	1	0	0	1	21	94	5	31	32256	960	0	0	0	960
264	17445	0	1	0	1	0	0	1	20	222	6	32	32256	960	0	0	0	960
264	17446	0	1	0	1	0	0	1	22	94	5	32	32256	960	0	0	0	960
264	17449	0	1	0	1	0	0	1	20	222	6	32	32256	960	0	0	0	960
264	17450	0	1	0	1	0	0	1	22	94	5	32	32256	960	0	0	0	960
264	17452	0	1	0	1	0	0	1	21	222	6	33	32256	960	0	0	0	960
264	17457	0	1	0	1	0	0	1	21	222	6	33	32256	960	0	0	0	960
264	17458	0	1	0	1	0	0	1	23	94	5	33	32256	960	0	0	0	960
264	17460	0	1	0	1	0	0	1	22	222	6	34	32256	960	0	0	0	960
264	17464	0	1	0	1	0	0	1	22	222	6	34	32256	960	0	0	0	960
264	17475	0	1	0	1	0	0	1	21	94	5	31	32256	960	0	0	0	960
264	17477	0	1	0	1	0	0	1	20	222	6	32	32256	960	0	0	0	960
264	17478	0	1	0	1	0	0	1	22	94	5	32	32256	960	0	0	0	960
264	17481	0	1	0	1	0	0	1	20	222	6	32	32256	960	0	0	0	960
264	17482	0	1	0	1	0	0	1	22	94	5	32	32256	960	0	0	0	960
264	17484	0	1	0	1	0	0	1	21	222	6	33	32256	960	0	0	0	960
264	17489	0	1	0	1	0	0	1	21	222	6	33	32256	960	0	0	0	960
264	17490	0	1	0	1	0	0	1	23	94	5	33	32256	960	0	0	0	960
264	17492	0	1	0	1	0	0	1	22	222	6	34	32256	960	0	0	0	960
264	17496	0	1	0	1	0	0	1	22	222	6	34	32256	960	0	0	0	960
264	17505	0	1	0	1	0	0	1	21	222	6	33	32256	960	0	0	0	960
264	17506	0	1	0	1	0	0	1	23	94	5	33	32256	960	0	0	0	960
264	17508	0	1	0	1	0	0	1	22	222	6	34	32256	960	0	0	0	960
264	17512	0	1	0	1	0	0	1	22	222	6	34	32256	960	0	0	0	960
264	17520	0	1	0	1	0	0	1	23	222	6	35	32256	960	0	0	0	960
264	17539	0	1	0	1	0	0	1	21	94	5	31	32256	960	0	0	0	960
264	17541	0	1	0	1	0	0	1	20	222	6	32	32256	960	0	0	0	960
264	17542	0	1	0	1	0	0	1	22	94	5	32	32256	960	0	0	0	960
264	17545	0	1	0	1	0	0	1	20	222	6	32	32256	960	0	0	0	960
264	17546	0	1	0	1	0	0	1	22	94	5	32	32256	960	0	0	0	960
264	17548	0	1	0	1	0	0	1	21	222	6	33	32256	960	0	0	0	960
264	17553	0	1	0	1	0	0	1	21	222	6	33	32256	960	0	0	0	960
264	17554	0	1	0	1	0	0	1	23	94	5	33	32256	960	0	0	0	960
264	17556	0	1	0	1	0	0	1	22	222	6	34	32256	960	0	0	0	960
264	17560	0	1	0	1	0	0	1	22	222	6	34	32256	960	0	0	0	960
264	17569	0	1	0	1	0	0	1	21	222	6	33	32256	960	0	0	0	960
264	17570	0	1	0	1	0	0	1	23	94	5	33	32256	960	0	0	0	960
264	17572	0	1	0	1	0	0	1	22	222	6	34	32256	960	0	0	0	960
264	17576	0	1	0	1	0	0	1	22	222	6	34	32256	960	0	0	0	960
264	17584	0	1	0	1	0	0	1	23	222	6	35	32256	960	0	0	0	960
264	17601	0	1	0	1	0	0	1	21	222	6	33	32256	960	0	0	0	960
264	17602	0	1	0	1	0	0	1	23	94	5	33	32256	960	0	0	0	960
264	17604	0	1	0	1	0	0	1	22	222	6	34	32256	960	0	0	0	960
264	17608	0	1	0	1	0	0	1	22	222	6	34	32256	960	0	0	0	960
264	17616	0	1	0	1	0	0	1	23	222	6	35	32256	960	0	0	0	960
264	17632	0	1	0	1	0	0	1	23	222	6	35	32256	960	0	0	0	960
264	17667	0	1	0	1	0	0	1	21	94	5	31	32256	960	0	0	0	960
264	17669	0	1	0	1	0	0	1	20	222	6	32	32256	960	0	0	0	960
264	17670	0	1	0	1	0	0	1	22	94	5	32	32256	960	0	0	0	960
264	17673	0	1	0	1	0	0	1	20	222	6	32	32256	960	0	0	0	960
264	17674	0	1	0	1	0	0	1	22	94	5	32	32256	960	0	0	0	960
264	17676	0	1	0	1	0	0	1	21	222	6	33	32256	960	0	0	0	960
264	17681	0	1	0	1	0	0	1	21	222	6	33	32256	960	0	0	0	960
264	17682	0	1	0	1	0	0	1	23	94	5	33	32256	960	0	0	0	960
264	17684	0	1	0	1	0	0	1	22	222	6	34	32256	960	0	0	0	960
264	17688	0	1	0	1	0	0	1	22	222	6	34	32256	960	0	0	0	960
264	17697	0	1	0	1	0	0	1	21	222	6	33	32256	960	0	0	0	960
264	17698	0	1	0	1	0	0	1	23	94	5	33	32256	960	0	0	0	960
264	17700	0	1	0	1	0	0	1	22	222	6	34	32256	960	0	0	0	960
264	17704	0	1	0	1	0	0	1	22	222	6	34	32256	960	0	0	0	960
264	17712	0	1	0	1	0	0	1	23	222	6	35	32256	960	0	0	0	960
264	17729	0	1	0	1	0	0	1	21	222	6	33	32256	960	0	0	0	960
264	17730	0	1	0	1	0	0	1	23	94	5	33	32256	960	0	0	0	960
264	17732	0	1	0	1	0	0	1	22	222	6	34	32256	960	0	0	0	960
264	17736	0	1	0	1	0	0	1	22	222	6	34	32256	960	0	0	0	960
264	17744	0	1	0	1	0	0	1	23	222	6	35	32256	960	0	0	0	960
264	17760	0	1	0	1	0	0	1	23	222	6	35	32256	960	0	0	0	960
264	17793	0	1	0	1	0	0	1	21	222	6	33	32256	960	0	0	0	960
264	17794	0	1	0	1	0	0	1	23	94	5	33	32256	960	0	0	0	960
264	17796	0	1	0	1	0	0	1	22	222	6	34	32256	960	0	0	0	960
264	17800	0	1	0	1	0	0	1	22	222	6	34	32256	960	0	0	0	960
264	17808	0	1	0	1	0	0	1	23	222	6	35	32256	960	0	0	0	960
264	17824	0	1	0	1	0	0	1	23	222	6	35	32256	960	0	0	0	960
264	17856	0	1	0	1	0	0	1	23	222	6	35	32256	960	0	0	0	960
264	17923	0	1	0	1	0	0	1	26	13	3	32	32256	896	0	0	0	896
264	17925	0	1	0	1	0	0	1	23	94	5	33	32256	896	0	0	0	896
264	17926	0	1	0	1	0	0	1	25	77	4	33	32256	896	0	0	0	896
264	17929	0	1	0	1	0	0	1	23	94	5	33	32256	896	0	0	0	896
264	17930	0	1	0	1	0	0	1	25	77	4	33	32256	896	0	0	0	896
264	17932	0	1	0	1	0	0	1	22	222	6	34	32256	896	0	0	0	896
264	17937	0	1	0	1	0	0	1	24	94	5	34	32256	896	0	0	0	896
264	17938	0	1	0	1	0	0	1	26	77	4	34	32256	896	0	0	0	896
264	17940	0	1	0	1	0	0	1	23	222	6	35	32256	896	0	0	0	896
264	17944	0	1	0	1	0	0	1	23	222	6	35	32256	896	0	0	0	896
264	17953	0	1	0	1	0	0	1	24	94	5	34	32256	896	0	0	0	896
264	17954	0	1	0	1	0	0	1	26	77	4	34	32256	896	0	0	0	896
264	17956	0	1	0	1	0	0	1	23	222	6	35	32256	896	0	0	0	896
264	17960	0	1	0	1	0	0	1	23	222	6	35	32256	896	0	0	0	896
264	17968	0	1	0	1	0	0	1	24	222	6	36	32256	896	0	0	0	896
264	17985	0	1	0	1	0	0	1	24	94	5	34	32256	896	0	0	0	896
264	17986	0	1	0	1	0	0	1	26	77	4	34	32256	896	0	0	0	896
264	17988	0	1	0	1	0	0	1	23	222	6	35	32256	896	0	0	0	896
264	17992	0	1	0	1	0	0	1	23	222	6	35	32256	896	0	0	0	896
264	18000	0	1	0	1	0	0	1	24	222	6	36	32256	896	0	0	0	896
264	18016	0	1	0	1	0	0	1	24	222	6	36	32256	896	0	0	0	896
264	18049	0	1	0	1	0	0	1	24	94	5	34	32256	896	0	0	0	896
264	18050	0	1	0	1	0	0	1	26	77	4	34	32256	896	0	0	0	896
264	18052	0	1	0	1	0	0	1	23	222	6	35	32256	896	0	0	0	896
264	18056	0	1	0	1	0	0	1	23	222	6	35	32256	896	0	0	0	896
264	18064	0	1	0	1	0	0	1	24	222	6	36	32256	896	0	0	0	896
264	18080	0	1	0	1	0	0	1	24	222	6	36	32256	896	0	0	0	896
264	18112	0	1	0	1	0	0	1	24	222	6	36	32256	896	0	0	0	896
264	18177	0	1	0	1	0	0	1	24	94	5	34	32256	896	0	0	0	896
264	18178	0	1	0	1	0	0	1	26	77	4	34	32256	896	0	0	0	896
264	18180	0	1	0	1	0	0	1	23	222	6	35	32256	896	0	0	0	896
264	18184	0	1	0	1	0	0	1	23	222	6	35	32256	896	0	0	0	896
264	18192	0	1	0	1	0	0	1	24	222	6	36	32256	896	0	0	0	896
264	18208	0	1	0	1	0	0	1	24	222	6	36	32256	896	0	0	0	896
264	18240	0	1	0	1	0	0	1	24	222	6	36	32256	896	0	0	0	896
264	18304	0	1	0	1	0	0	1	24	222	6	36	32256	896	0	0	0	896
264	18439	0	1	0	1	0	0	1	20	94	5	30	32256	960	0	0	0	960
264	18443	0	1	0	1	0	0	1	20	94	5	30	32256	960	0	0	0	960
264	18445	0	1	0	1	0	0	1	21	94	5	31	32256	960	0	0	0	960
264	18446	0	1	0	1	0	0	1	19	222	6	31	32256	960	0	0	0	960
264	18451	0	1	0	1	0	0	1	21	94	5	31	32256	960	0	0	0	960
264	18453	0	1	0	1	0	0	1	22	94	5	32	32256	960	0	0	0	960
264	18454	0	1	0	1	0	0	1	20	222	6	32	32256	960	0	0	0	960
264	18457	0	1	0	1	0	0	1	22	94	5	32	32256	960	0	0	0	960
264	18458	0	1	0	1	0	0	1	20	222	6	32	32256	960	0	0	0	960
264	18460	0	1	0	1	0	0	1	21	222	6	33	32256	960	0	0	0	960
264	18467	0	1	0	1	0	0	1	21	94	5	31	32256	960	0	0	0	960
264	18469	0	1	0	1	0	0	1	22	94	5	32	32256	960	0	0	0	960
264	18470	0	1	0	1	0	0	1	20	222	6	32	32256	960	0	0	0	960
264	18473	0	1	0	1	0	0	1	22	94	5	32	32256	960	0	0	0	960
264	18474	0	1	0	1	0	0	1	20	222	6	32	32256	960	0	0	0	960
264	18476	0	1	0	1	0	0	1	21	222	6	33	32256	960	0	0	0	960
264	18481	0	1	0	1	0	0	1	23	94	5	33	32256	960	0	0	0	960
264	18482	0	1	0	1	0	0	1	21	222	6	33	32256	960	0	0	0	960
264	18484	0	1	0	1	0	0	1	22	222	6	34	32256	960	0	0	0	960
264	18488	0	1	0	1	0	0	1	22	222	6	34	32256	960	0	0	0	960
264	18499	0	1	0	1	0	0	1	21	94	5	31	32256	960	0	0	0	960
264	18501	0	1	0	1	0	0	1	22	94	5	32	32256	960	0	0	0	960
264	18502	0	1	0	1	0	0	1	20	222	6	32	32256	960	0	0	0	960
264	18505	0	1	0	1	0	0	1	22	94	5	32	32256	960	0	0	0	960
264	18506	0	1	0	1	0	0	1	20	222	6	32	32256	960	0	0	0	960
264	18508	0	1	0	1	0	0	1	21	222	6	33	32256	960	0	0	0	960
264	18513	0	1	0	1	0	0	1	23	94	5	33	32256	960	0	0	0	960
264	18514	0	1	0	1	0	0	1	21	222	6	33	32256	960	0	0	0	960
264	18516	0	1	0	1	0	0	1	22	222	6	34	32256	960	0	0	0	960
264	18520	0	1	0	1	0	0	1	22	222	6	34	32256	960	0	0	0	960
264	18529	0	1	0	1	0	0	1	23	94	5	33	32256	960	0	0	0	960
264	18530	0	1	0	1	0	0	1	21	222	6	33	32256	960	0	0	0	960
264	18532	0	1	0	1	0	0	1	22	222	6	34	32256	960	0	0	0	960
264	18536	0	1	0	1	0	0	1	22	222	6	34	32256	960	0	0	0	960
264	18544	0	1	0	1	0	0	1	23	222	6	35	32256	960	0	0	0	960
264	18563	0	1	0	1	0	0	1	21	94	5	31	32256	960	0	0	0	960
264	18565	0	1	0	1	0	0	1	22	94	5	32	32256	960	0	0	0	960
264	18566	0	1	0	1	0	0	1	20	222	6	32	32256	960	0	0	0	960
264	18569	0	1	0	1	0	0	1	22	94	5	32	32256	960	0	0	0	960
264	18570	0	1	0	1	0	0	1	20	222	6	32	32256	960	0	0	0	960
264	18572	0	1	0	1	0	0	1	21	222	6	33	32256	960	0	0	0	960
264	18577	0	1	0	1	0	0	1	23	94	5	33	32256	960	0	0	0	960
264	18578	0	1	0	1	0	0	1	21	222	6	33	32256	960	0	0	0	960
264	18580	0	1	0	1	0	0	1	22	222	6	34	32256	960	0	0	0	960
264	18584	0	1	0	1	0	0	1	22	222	6	34	32256	960	0	0	0	960
264	18593	0	1	0	1	0	0	1	23	94	5	33	32256	960	0	0	0	960
264	18594	0	1	0	1	0	0	1	21	222	6	33	32256	960	0	0	0	960
264	18596	0	1	0	1	0	0	1	22	222	6	34	32256	960	0	0	0	960
264	18600	0	1	0	1	0	0	1	22	222	6	34	32256	960	0	0	0	960
264	18608	0	1	0	1	0	0	1	23	222	6	35	32256	960	0	0	0	960
264	18625	0	1	0	1	0	0	1	23	94	5	33	32256	960	0	0	0	960
264	18626	0	1	0	1	0	0	1	21	222	6	33	32256	960	0	0	0	960
264	18628	0	1	0	1	0	0	1	22	222	6	34	32256	960	0	0	0	960
264	18632	0	1	0	1	0	0	1	22	222	6	34	32256	960	0	0	0	960
264	18640	0	1	0	1	0	0	1	23	222	6	35	32256	960	0	0	0	960
264	18656	0	1	0	1	0	0	1	23	222	6	35	32256	960	0	0	0	960
264	18691	0	1	0	1	0	0	1	21	94	5	31	32256	960	0	0	0	960
264	18693	0	1	0	1	0	0	1	22	94	5	32	32256	960	0	0	0	960
264	18694	0	1	0	1	0	0	1	20	222	6	32	32256	960	0	0	0	960
264	18697	0	1	0	1	0	0	1	22	94	5	32	32256	960	0	0	0	960
264	18698	0	1	0	1	0	0	1	20	222	6	32	32256	960	0	0	0	960
264	18700	0	1	0	1	0	0	1	21	222	6	33	32256	960	0	0	0	960
264	18705	0	1	0	1	0	0	1	23	94	5	33	32256	960	0	0	0	960
264	18706	0	1	0	1	0	0	1	21	222	6	33	32256	960	0	0	0	960
264	18708	0	1	0	1	0	0	1	22	222	6	34	32256	960	0	0	0	960
264	18712	0	1	0	1	0	0	1	22	222	6	34	32256	960	0	0	0	960
264	18721	0	1	0	1	0	0	1	23	94	5	33	32256	960	0	0	0	960
264	18722	0	1	0	1	0	0	1	21	222	6	33	32256	960	0	0	0	960
264	18724	0	1	0	1	0	0	1	22	222	6	34	32256	960	0	0	0	960
264	18728	0	1	0	1	0	0	1	22	222	6	34	32256	960	0	0	0	960
264	18736	0	1	0	1	0	0	1	23	222	6	35	32256	960	0	0	0	960
264	18753	0	1	0	1	0	0	1	23	94	5	33	32256	960	0	0	0	960
264	18754	0	1	0	1	0	0	1	21	222	6	33	32256	960	0	0	0	960
264	18756	0	1	0	1	0	0	1	22	222	6	34	32256	960	0	0	0	960
264	18760	0	1	0	1	0	0	1	22	222	6	34	32256	960	0	0	0	960
264	18768	0	1	0	1	0	0	1	23	222	6	35	32256	960	0	0	0	960
264	18784	0	1	0	1	0	0	1	23	222	6	35	32256	960	0	0	0	960
264	18817	0	1	0	1	0	0	1	23	94	5	33	32256	960	0	0	0	960
264	18818	0	1	0	1	0	0	1	21	222	6	33	32256	960	0	0	0	960
264	18820	0	1	0	1	0	0	1	22	222	6	34	32256	960	0	0	0	960
264	18824	0	1	0	1	0	0	1	22	222	6	34	32256	960	0	0	0	960
264	18832	0	1	0	1	0	0	1	23	222	6	35	32256	960	0	0	0	960
264	18848	0	1	0	1	0	0	1	23	222	6	35	32256	960	0	0	0	960
264	18880	0	1	0	1	0	0	1	23	222	6	35	32256	960	0	0	0	960
264	18947	0	1	0	1	0	0	1	26	13	3	32	32256	896	0	0	0	896
264	18949	0	1	0	1	0	0	1	25	77	4	33	32256	896	0	0	0	896
264	18950	0	1	0	1	0	0	1	23	94	5	33	32256	896	0	0	0	896
264	18953	0	1	0	1	0	0	1	25	77	4	33	32256	896	0	0	0	896
264	18954	0	1	0	1	0	0	1	23	94	5	33	32256	896	0	0	0	896
264	18956	0	1	0	1	0	0	1	22	222	6	34	32256	896	0	0	0	896
264	18961	0	1	0	1	0	0	1	26	77	4	34	32256	896	0	0	0	896
264	18962	0	1	0	1	0	0	1	24	94	5	34	32256	896	0	0	0	896
264	18964	0	1	0	1	0	0	1	23	222	6	35	32256	896	0	0	0	896
264	18968	0	1	0	1	0	0	1	23	222	6	35	32256	896	0	0	0	896
264	18977	0	1	0	1	0	0	1	26	77	4	34	32256	896	0	0	0	896
264	18978	0	1	0	1	0	0	1	24	94	5	34	32256	896	0	0	0	896
264	18980	0	1	0	1	0	0	1	23	222	6	35	32256	896	0	0	0	896
264	18984	0	1	0	1	0	0	1	23	222	6	35	32256	896	0	0	0	896
264	18992	0	1	0	1	0	0	1	24	222	6	36	32256	896	0	0	0	896
264	19009	0	1	0	1	0	0	1	26	77	4	34	32256	896	0	0	0	896
264	19010	0	1	0	1	0	0	1	24	94	5	34	32256	896	0	0	0	896
264	19012	0	1	0	1	0	0	1	23	222	6	35	32256	896	0	0	0	896
264	19016	0	1	0	1	0	0	1	23	222	6	35	32256	896	0	0	0	896
264	19024	0	1	0	1	0	0	1	24	222	6	36	32256	896	0	0	0	896
264	19040	0	1	0	1	0	0	1	24	222	6	36	32256	896	0	0	0	896
264	19073	0	1	0	1	0	0	1	26	77	4	34	32256	896	0	0	0	896
264	19074	0	1	0	1	0	0	1	24	94	5	34	32256	896	0	0	0	896
264	19076	0	1	0	1	0	0	1	23	222	6	35	32256	896	0	0	0	896
264	19080	0	1	0	1	0	0	1	23	222	6	35	32256	896	0	0	0	896
264	19088	0	1	0	1	0	0	1	24	222	6	36	32256	896	0	0	0	896
264	19104	0	1	0	1	0	0	1	24	222	6	36	32256	896	0	0	0	896
264	19136	0	1	0	1	0	0	1	24	222	6	36	32256	896	0	0	0	896
264	19201	0	1	0	1	0	0	1	26	77	4	34	32256	896	0	0	0	896
264	19202	0	1	0	1	0	0	1	24	94	5	34	32256	896	0	0	0	896
264	19204	0	1	0	1	0	0	1	23	222	6	35	32256	896	0	0	0	896
264	19208	0	1	0	1	0	0	1	23	222	6	35	32256	896	0	0	0	896
264	19216	0	1	0	1	0	0	1	24	222	6	36	32256	896	0	0	0	896
264	19232	0	1	0	1	0	0	1	24	222	6	36	32256	896	0	0	0	896
264	19264	0	1	0	1	0	0	1	24	222	6	36	32256	896	0	0	0	896
264	19328	0	1	0	1	0	0	1	24	222	6	36	32256	896	0	0	0	896
264	19459	0	1	0	1	0	0	1	25	86	4	33	32256	896	0	0	0	896
264	19461	0	1	0	1	0	0	1	24	94	5	34	32256	896	0	0	0	896
264	19462	0	1	0	1	0	0	1	24	94	5	34	32256	896	0	0	0	896
264	19465	0	1	0	1	0	0	1	24	94	5	34	32256	896	0	0	0	896
264	19466	0	1	0	1	0	0	1	24	94	5	34	32256	896	0	0	0	896
264	19468	0	1	0	1	0	0	1	23	222	6	35	32256	896	0	0	0	896
264	19473	0	1	0	1	0	0	1	25	94	5	35	32256	896	0	0	0	896
264	19474	0	1	0	1	0	0	1	25	94	5	35	32256	896	0	0	0	896
264	19476	0	1	0	1	0	0	1	24	222	6	36	32256	896	0	0	0	896
264	19480	0	1	0	1	0	0	1	24	222	6	36	32256	896	0	0	0	896
264	19489	0	1	0	1	0	0	1	25	94	5	35	32256	896	0	0	0	896
264	19490	0	1	0	1	0	0	1	25	94	5	35	32256	896	0	0	0	896
264	19492	0	1	0	1	0	0	1	24	222	6	36	32256	896	0	0	0	896
264	19496	0	1	0	1	0	0	1	24	222	6	36	32256	896	0	0	0	896
264	19504	0	1	0	1	0	0	1	25	222	6	37	32256	896	0	0	0	896
264	19521	0	1	0	1	0	0	1	25	94	5	35	32256	896	0	0	0	896
264	19522	0	1	0	1	0	0	1	25	94	5	35	32256	896	0	0	0	896
264	19524	0	1	0	1	0	0	1	24	222	6	36	32256	896	0	0	0	896
264	19528	0	1	0	1	0	0	1	24	222	6	36	32256	896	0	0	0	896
264	19536	0	1	0	1	0	0	1	25	222	6	37	32256	896	0	0	0	896
264	19552	0	1	0	1	0	0	1	25	222	6	37	32256	896	0	0	0	896
264	19585	0	1	0	1	0	0	1	25	94	5	35	32256	896	0	0	0	896
264	19586	0	1	0	1	0	0	1	25	94	5	35	32256	896	0	0	0	896
264	19588	0	1	0	1	0	0	1	24	222	6	36	32256	896	0	0	0	896
264	19592	0	1	0	1	0	0	1	24	222	6	36	32256	896	0	0	0	896
264	19600	0	1	0	1	0	0	1	25	222	6	37	32256	896	0	0	0	896
264	19616	0	1	0	1	0	0	1	25	222	6	37	32256	896	0	0	0	896
264	19648	0	1	0	1	0	0	1	25	222	6	37	32256	896	0	0	0	896
264	19713	0	1	0	1	0	0	1	25	94	5	35	32256	896	0	0	0	896
264	19714	0	1	0	1	0	0	1	25	94	5	35	32256	896	0	0	0	896
264	19716	0	1	0	1	0	0	1	24	222	6	36	32256	896	0	0	0	896
264	19720	0	1	0	1	0	0	1	24	222	6	36	32256	896	0	0	0	896
264	19728	0	1	0	1	0	0	1	25	222	6	37	32256	896	0	0	0	896
264	19744	0	1	0	1	0	0	1	25	222	6	37	32256	896	0	0	0	896
264	19776	0	1	0	1	0	0	1	25	222	6	37	32256	896	0	0	0	896
264	19840	0	1	0	1	0	0	1	25	222	6	37	32256	896	0	0	0	896
264	19969	0	1	0	1	0	0	1	32	3	2	36	32256	768	0	0	0	768
264	19970	0	1	0	1	0	0	1	32	3	2	36	32256	768	0	0	0	768
264	19972	0	1	0	1	0	0	1	29	75	4	37	32256	768	0	0	0	768
264	19976	0	1	0	1	0	0	1	29	75	4	37	32256	768	0	0	0	768
264	19984	0	1	0	1	0	0	1	30	75	4	38	32256	768	0	0	0	768
264	20000	0	1	0	1	0	0	1	30	75	4	38	32256	768	0	0	0	768
264	20032	0	1	0	1	0	0	1	30	75	4	38	32256	768	0	0	0	768
264	20096	0	1	0	1	0	0	1	30	75	4	38	32256	768	0	0	0	768
264	20224	0	1	0	1	0	0	1	30	75	4	38	32256	768	0	0	0	768
264	20487	0	1	0	1	0	0	1	18	222	6	30	32256	960	0	0	0	960
264	20491	0	1	0	1	0	0	1	20	94	5	30	32256	960	0	0	0	960
264	20493	0	1	0	1	0	0	1	21	94	5	31	32256	960	0	0	0	960
264	20494	0	1	0	1	0	0	1	21	94	5	31	32256	960	0	0	0	960
264	20499	0	1	0	1	0	0	1	19	222	6	31	32256	960	0	0	0	960
264	20501	0	1	0	1	0	0	1	20	222	6	32	32256	960	0	0	0	960
264	20502	0	1	0	1	0	0	1	20	222	6	32	32256	960	0	0	0	960
264	20505	0	1	0	1	0	0	1	22	94	5	32	32256	960	0	0	0	960
264	20506	0	1	0	1	0	0	1	22	94	5	32	32256	960	0	0	0	960
264	20508	0	1	0	1	0	0	1	23	94	5	33	32256	960	0	0	0	960
264	20515	0	1	0	1	0	0	1	19	222	6	31	32256	960	0	0	0	960
264	20517	0	1	0	1	0	0	1	20	222	6	32	32256	960	0	0	0	960
264	20518	0	1	0	1	0	0	1	20	222	6	32	32256	960	0	0	0	960
264	20521	0	1	0	1	0	0	1	22	94	5	32	32256	960	0	0	0	960
264	20522	0	1	0	1	0	0	1	22	94	5	32	32256	960	0	0	0	960
264	20524	0	1	0	1	0	0	1	23	94	5	33	32256	960	0	0	0	960
264	20529	0	1	0	1	0	0	1	21	222	6	33	32256	960	0	0	0	960
264	20530	0	1	0	1	0	0	1	21	222	6	33	32256	960	0	0	0	960
264	20532	0	1	0	1	0	0	1	22	222	6	34	32256	960	0	0	0	960
264	20536	0	1	0	1	0	0	1	24	94	5	34	32256	960	0	0	0	960
264	20547	0	1	0	1	0	0	1	19	222	6	31	32256	960	0	0	0	960
264	20549	0	1	0	1	0	0	1	20	222	6	32	32256	960	0	0	0	960
264	20550	0	1	0	1	0	0	1	20	222	6	32	32256	960	0	0	0	960
264	20553	0	1	0	1	0	0	1	22	94	5	32	32256	960	0	0	0	960
264	20554	0	1	0	1	0	0	1	22	94	5	32	32256	960	0	0	0	960
264	20556	0	1	0	1	0	0	1	23	94	5	33	32256	960	0	0	0	960
264	20561	0	1	0	1	0	0	1	21	222	6	33	32256	960	0	0	0	960
264	20562	0	1	0	1	0	0	1	21	222	6	33	32256	960	0	0	0	960
264	20564	0	1	0	1	0	0	1	22	222	6	34	32256	960	0	0	0	960
264	20568	0	1	0	1	0	0	1	24	94	5	34	32256	960	0	0	0	960
264	20577	0	1	0	1	0	0	1	21	222	6	33	32256	960	0	0	0	960
264	20578	0	1	0	1	0	0	1	21	222	6	33	32256	960	0	0	0	960
264	20580	0	1	0	1	0	0	1	22	222	6	34	32256	960	0	0	0	960
264	20584	0	1	0	1	0	0	1	24	94	5	34	32256	960	0	0	0	960
264	20592	0	1	0	1	0	0	1	23	222	6	35	32256	960	0	0	0	960
264	20611	0	1	0	1	0	0	1	19	222	6	31	32256	960	0	0	0	960
264	20613	0	1	0	1	0	0	1	20	222	6	32	32256	960	0	0	0	960
264	20614	0	1	0	1	0	0	1	20	222	6	32	32256	960	0	0	0	960
264	20617	0	1	0	1	0	0	1	22	94	5	32	32256	960	0	0	0	960
264	20618	0	1	0	1	0	0	1	22	94	5	32	32256	960	0	0	0	960
264	20620	0	1	0	1	0	0	1	23	94	5	33	32256	960	0	0	0	960
264	20625	0	1	0	1	0	0	1	21	222	6	33	32256	960	0	0	0	960
264	20626	0	1	0	1	0	0	1	21	222	6	33	32256	960	0	0	0	960
264	20628	0	1	0	1	0	0	1	22	222	6	34	32256	960	0	0	0	960
264	20632	0	1	0	1	0	0	1	24	94	5	34	32256	960	0	0	0	960
264	20641	0	1	0	1	0	0	1	21	222	6	33	32256	960	0	0	0	960
264	20642	0	1	0	1	0	0	1	21	222	6	33	32256	960	0	0	0	960
264	20644	0	1	0	1	0	0	1	22	222	6	34	32256	960	0	0	0	960
264	20648	0	1	0	1	0	0	1	24	94	5	34	32256	960	0	0	0	960
264	20656	0	1	0	1	0	0	1	23	222	6	35	32256	960	0	0	0	960
264	20673	0	1	0	1	0	0	1	21	222	6	33	32256	960	0	0	0	960
264	20674	0	1	0	1	0	0	1	21	222	6	33	32256	960	0	0	0	960
264	20676	0	1	0	1	0	0	1	22	222	6	34	32256	960	0	0	0	960
264	20680	0	1	0	1	0	0	1	24	94	5	34	32256	960	0	0	0	960
264	20688	0	1	0	1	0	0	1	23	222	6	35	32256	960	0	0	0	960
264	20704	0	1	0	1	0	0	1	23	222	6	35	32256	960	0	0	0	960
264	20739	0	1	0	1	0	0	1	19	222	6	31	32256	960	0	0	0	960
264	20741	0	1	0	1	0	0	1	20	222	6	32	32256	960	0	0	0	960
264	20742	0	1	0	1	0	0	1	20	222	6	32	32256	960	0	0	0	960
264	20745	0	1	0	1	0	0	1	22	94	5	32	32256	960	0	0	0	960
264	20746	0	1	0	1	0	0	1	22	94	5	32	32256	960	0	0	0	960
264	20748	0	1	0	1	0	0	1	23	94	5	33	32256	960	0	0	0	960
264	20753	0	1	0	1	0	0	1	21	222	6	33	32256	960	0	0	0	960
264	20754	0	1	0	1	0	0	1	21	222	6	33	32256	960	0	0	0	960
264	20756	0	1	0	1	0	0	1	22	222	6	34	32256	960	0	0	0	960
264	20760	0	1	0	1	0	0	1	24	94	5	34	32256	960	0	0	0	960
264	20769	0	1	0	1	0	0	1	21	222	6	33	32256	960	0	0	0	960
264	20770	0	1	0	1	0	0	1	21	222	6	33	32256	960	0	0	0	960
264	20772	0	1	0	1	0	0	1	22	222	6	34	32256	960	0	0	0	960
264	20776	0	1	0	1	0	0	1	24	94	5	34	32256	960	0	0	0	960
264	20784	0	1	0	1	0	0	1	23	222	6	35	32256	960	0	0	0	960
264	20801	0	1	0	1	0	0	1	21	222	6	33	32256	960	0	0	0	960
264	20802	0	1	0	1	0	0	1	21	222	6	33	32256	960	0	0	0	960
264	20804	0	1	0	1	0	0	1	22	222	6	34	32256	960	0	0	0	960
264	20808	0	1	0	1	0	0	1	24	94	5	34	32256	960	0	0	0	960
264	20816	0	1	0	1	0	0	1	23	222	6	35	32256	960	0	0	0	960
264	20832	0	1	0	1	0	0	1	23	222	6	35	32256	960	0	0	0	960
264	20865	0	1	0	1	0	0	1	21	222	6	33	32256	960	0	0	0	960
264	20866	0	1	0	1	0	0	1	21	222	6	33	32256	960	0	0	0	960
264	20868	0	1	0	1	0	0	1	22	222	6	34	32256	960	0	0	0	960
264	20872	0	1	0	1	0	0	1	24	94	5	34	32256	960	0	0	0	960
264	20880	0	1	0	1	0	0	1	23	222	6	35	32256	960	0	0	0	960
264	20896	0	1	0	1	0	0	1	23	222	6	35	32256	960	0	0	0	960
264	20928	0	1	0	1	0	0	1	23	222	6	35	32256	960	0	0	0	960
264	20995	0	1	0	1	0	0	1	24	30	4	32	32256	896	0	0	0	896
264	20997	0	1	0	1	0	0	1	23	94	5	33	32256	896	0	0	0	896
264	20998	0	1	0	1	0	0	1	23	94	5	33	32256	896	0	0	0	896
264	21001	0	1	0	1	0	0	1	25	86	4	33	32256	896	0	0	0	896
264	21002	0	1	0	1	0	0	1	25	86	4	33	32256	896	0	0	0	896
264	21004	0	1	0	1	0	0	1	24	94	5	34	32256	896	0	0	0	896
264	21009	0	1	0	1	0	0	1	24	94	5	34	32256	896	0	0	0	896
264	21010	0	1	0	1	0	0	1	24	94	5	34	32256	896	0	0	0	896
264	21012	0	1	0	1	0	0	1	23	222	6	35	32256	896	0	0	0	896
264	21016	0	1	0	1	0	0	1	25	94	5	35	32256	896	0	0	0	896
264	21025	0	1	0	1	0	0	1	24	94	5	34	32256	896	0	0	0	896
264	21026	0	1	0	1	0	0	1	24	94	5	34	32256	896	0	0	0	896
264	21028	0	1	0	1	0	0	1	23	222	6	35	32256	896	0	0	0	896
264	21032	0	1	0	1	0	0	1	25	94	5	35	32256	896	0	0	0	896
264	21040	0	1	0	1	0	0	1	24	222	6	36	32256	896	0	0	0	896
264	21057	0	1	0	1	0	0	1	24	94	5	34	32256	896	0	0	0	896
264	21058	0	1	0	1	0	0	1	24	94	5	34	32256	896	0	0	0	896
264	21060	0	1	0	1	0	0	1	23	222	6	35	32256	896	0	0	0	896
264	21064	0	1	0	1	0	0	1	25	94	5	35	32256	896	0	0	0	896
264	21072	0	1	0	1	0	0	1	24	222	6	36	32256	896	0	0	0	896
264	21088	0	1	0	1	0	0	1	24	222	6	36	32256	896	0	0	0	896
264	21121	0	1	0	1	0	0	1	24	94	5	34	32256	896	0	0	0	896
264	21122	0	1	0	1	0	0	1	24	94	5	34	32256	896	0	0	0	896
264	21124	0	1	0	1	0	0	1	23	222	6	35	32256	896	0	0	0	896
264	21128	0	1	0	1	0	0	1	25	94	5	35	32256	896	0	0	0	896
264	21136	0	1	0	1	0	0	1	24	222	6	36	32256	896	0	0	0	896
264	21152	0	1	0	1	0	0	1	24	222	6	36	32256	896	0	0	0	896
264	21184	0	1	0	1	0	0	1	24	222	6	36	32256	896	0	0	0	896
264	21249	0	1	0	1	0	0	1	24	94	5	34	32256	896	0	0	0	896
264	21250	0	1	0	1	0	0	1	24	94	5	34	32256	896	0	0	0	896
264	21252	0	1	0	1	0	0	1	23	222	6	35	32256	896	0	0	0	896
264	21256	0	1	0	1	0	0	1	25	94	5	35	32256	896	0	0	0	896
264	21264	0	1	0	1	0	0	1	24	222	6	36	32256	896	0	0	0	896
264	21280	0	1	0	1	0	0	1	24	222	6	36	32256	896	0	0	0	896
264	21312	0	1	0	1	0	0	1	24	222	6	36	32256	896	0	0	0	896
264	21376	0	1	0	1	0	0	1	24	222	6	36	32256	896	0	0	0	896
264	21507	0	1	0	1	0	0	1	23	94	5	33	32256	896	0	0	0	896
264	21509	0	1	0	1	0	0	1	22	222	6	34	32256	896	0	0	0	896
264	21510	0	1	0	1	0	0	1	24	94	5	34	32256	896	0	0	0	896
264	21513	0	1	0	1	0	0	1	24	94	5	34	32256	896	0	0	0	896
264	21514	0	1	0	1	0	0	1	26	86	4	34	32256	896	0	0	0	896
264	21516	0	1	0	1	0	0	1	25	94	5	35	32256	896	0	0	0	896
264	21521	0	1	0	1	0	0	1	23	222	6	35	32256	896	0	0	0	896
264	21522	0	1	0	1	0	0	1	25	94	5	35	32256	896	0	0	0	896
264	21524	0	1	0	1	0	0	1	24	222	6	36	32256	896	0	0	0	896
264	21528	0	1	0	1	0	0	1	26	94	5	36	32256	896	0	0	0	896
264	21537	0	1	0	1	0	0	1	23	222	6	35	32256	896	0	0	0	896
264	21538	0	1	0	1	0	0	1	25	94	5	35	32256	896	0	0	0	896
264	21540	0	1	0	1	0	0	1	24	222	6	36	32256	896	0	0	0	896
264	21544	0	1	0	1	0	0	1	26	94	5	36	32256	896	0	0	0	896
264	21552	0	1	0	1	0	0	1	25	222	6	37	32256	896	0	0	0	896
264	21569	0	1	0	1	0	0	1	23	222	6	35	32256	896	0	0	0	896
264	21570	0	1	0	1	0	0	1	25	94	5	35	32256	896	0	0	0	896
264	21572	0	1	0	1	0	0	1	24	222	6	36	32256	896	0	0	0	896
264	21576	0	1	0	1	0	0	1	26	94	5	36	32256	896	0	0	0	896
264	21584	0	1	0	1	0	0	1	25	222	6	37	32256	896	0	0	0	896
264	21600	0	1	0	1	0	0	1	25	222	6	37	32256	896	0	0	0	896
264	21633	0	1	0	1	0	0	1	23	222	6	35	32256	896	0	0	0	896
264	21634	0	1	0	1	0	0	1	25	94	5	35	32256	896	0	0	0	896
264	21636	0	1	0	1	0	0	1	24	222	6	36	32256	896	0	0	0	896
264	21640	0	1	0	1	0	0	1	26	94	5	36	32256	896	0	0	0	896
264	21648	0	1	0	1	0	0	1	25	222	6	37	32256	896	0	0	0	896
264	21664	0	1	0	1	0	0	1	25	222	6	37	32256	896	0	0	0	896
264	21696	0	1	0	1	0	0	1	25	222	6	37	32256	896	0	0	0	896
264	21761	0	1	0	1	0	0	1	23	222	6	35	32256	896	0	0	0	896
264	21762	0	1	0	1	0	0	1	25	94	5	35	32256	896	0	0	0	896
264	21764	0	1	0	1	0	0	1	24	222	6	36	32256	896	0	0	0	896
264	21768	0	1	0	1	0	0	1	26	94	5	36	32256	896	0	0	0	896
264	21776	0	1	0	1	0	0	1	25	222	6	37	32256	896	0	0	0	896
264	21792	0	1	0	1	0	0	1	25	222	6	37	32256	896	0	0	0	896
264	21824	0	1	0	1	0	0	1	25	222	6	37	32256	896	0	0	0	896
264	21888	0	1	0	1	0	0	1	25	222	6	37	32256	896	0	0	0	896
264	22017	0	1	0	1	0	0	1	30	11	3	36	32256	768	0	0	0	768
264	22018	0	1	0	1	0	0	1	32	3	2	36	32256	768	0	0	0	768
264	22020	0	1	0	1	0	0	1	29	75	4	37	32256	768	0	0	0	768
264	22024	0	1	0	1	0	0	1	31	11	3	37	32256	768	0	0	0	768
264	22032	0	1	0	1	0	0	1	30	75	4	38	32256	768	0	0	0	768
264	22048	0	1	0	1	0	0	1	30	75	4	38	32256	768	0	0	0	768
264	22080	0	1	0	1	0	0	1	30	75	4	38	32256	768	0	0	0	768
264	22144	0	1	0	1	0	0	1	30	75	4	38	32256	768	0	0	0	768
264	22272	0	1	0	1	0	0	1	30	75	4	38	32256	768	0	0	0	768
264	22531	0	1	0	1	0	0	1	23	94	5	33	32256	896	0	0	0	896
264	22533	0	1	0	1	0	0	1	24	94	5	34	32256	896	0	0	0	896
264	22534	0	1	0	1	0	0	1	22	222	6	34	32256	896	0	0	0	896
264	22537	0	1	0	1	0	0	1	26	86	4	34	32256	896	0	0	0	896
264	22538	0	1	0	1	0	0	1	24	94	5	34	32256	896	0	0	0	896
264	22540	0	1	0	1	0	0	1	25	94	5	35	32256	896	0	0	0	896
264	22545	0	1	0	1	0	0	1	25	94	5	35	32256	896	0	0	0	896
264	22546	0	1	0	1	0	0	1	23	222	6	35	32256	896	0	0	0	896
264	22548	0	1	0	1	0	0	1	24	222	6	36	32256	896	0	0	0	896
264	22552	0	1	0	1	0	0	1	26	94	5	36	32256	896	0	0	0	896
264	22561	0	1	0	1	0	0	1	25	94	5	35	32256	896	0	0	0	896
264	22562	0	1	0	1	0	0	1	23	222	6	35	32256	896	0	0	0	896
264	22564	0	1	0	1	0	0	1	24	222	6	36	32256	896	0	0	0	896
264	22568	0	1	0	1	0	0	1	26	94	5	36	32256	896	0	0	0	896
264	22576	0	1	0	1	0	0	1	25	222	6	37	32256	896	0	0	0	896
264	22593	0	1	0	1	0	0	1	25	94	5	35	32256	896	0	0	0	896
264	22594	0	1	0	1	0	0	1	23	222	6	35	32256	896	0	0	0	896
264	22596	0	1	0	1	0	0	1	24	222	6	36	32256	896	0	0	0	896
264	22600	0	1	0	1	0	0	1	26	94	5	36	32256	896	0	0	0	896
264	22608	0	1	0	1	0	0	1	25	222	6	37	32256	896	0	0	0	896
264	22624	0	1	0	1	0	0	1	25	222	6	37	32256	896	0	0	0	896
264	22657	0	1	0	1	0	0	1	25	94	5	35	32256	896	0	0	0	896
264	22658	0	1	0	1	0	0	1	23	222	6	35	32256	896	0	0	0	896
264	22660	0	1	0	1	0	0	1	24	222	6	36	32256	896	0	0	0	896
264	22664	0	1	0	1	0	0	1	26	94	5	36	32256	896	0	0	0	896
264	22672	0	1	0	1	0	0	1	25	222	6	37	32256	896	0	0	0	896
264	22688	0	1	0	1	0	0	1	25	222	6	37	32256	896	0	0	0	896
264	22720	0	1	0	1	0	0	1	25	222	6	37	32256	896	0	0	0	896
264	22785	0	1	0	1	0	0	1	25	94	5	35	32256	896	0	0	0	896
264	22786	0	1	0	1	0	0	1	23	222	6	35	32256	896	0	0	0	896
264	22788	0	1	0	1	0	0	1	24	222	6	36	32256	896	0	0	0	896
264	22792	0	1	0	1	0	0	1	26	94	5	36	32256	896	0	0	0	896
264	22800	0	1	0	1	0	0	1	25	222	6	37	32256	896	0	0	0	896
264	22816	0	1	0	1	0	0	1	25	222	6	37	32256	896	0	0	0	896
264	22848	0	1	0	1	0	0	1	25	222	6	37	32256	896	0	0	0	896
264	22912	0	1	0	1	0	0	1	25	222	6	37	32256	896	0	0	0	896
264	23041	0	1	0	1	0	0	1	32	3	2	36	32256	768	0	0	0	768
264	23042	0	1	0	1	0	0	1	30	11	3	36	32256	768	0	0	0	768
264	23044	0	1	0	1	0	0	1	29	75	4	37	32256	768	0	0	0	768
264	23048	0	1	0	1	0	0	1	31	11	3	37	32256	768	0	0	0	768
264	23056	0	1	0	1	0	0	1	30	75	4	38	32256	768	0	0	0	768
264	23072	0	1	0	1	0	0	1	30	75	4	38	32256	768	0	0	0	768
264	23104	0	1	0	1	0	0	1	30	75	4	38	32256	768	0	0	0	768
264	23168	0	1	0	1	0	0	1	30	75	4	38	32256	768	0	0	0	768
264	23296	0	1	0	1	0	0	1	30	75	4	38	32256	768	0	0	0	768
264	23553	0	1	0	1	0	0	1	31	11	3	37	32256	768	0	0	0	768
264	23554	0	1	0	1	0	0	1	31	11	3	37	32256	768	0	0	0	768
264	23556	0	1	0	1	0	0	1	30	75	4	38	32256	768	0	0	0	768
264	23560	0	1	0	1	0	0	1	32	11	3	38	32256	768	0	0	0	768
264	23568	0	1	0	1	0	0	1	31	75	4	39	32256	768	0	0	0	768
264	23584	0	1	0	1	0	0	1	31	75	4	39	32256	768	0	0	0	768
264	23616	0	1	0	1	0	0	1	31	75	4	39	32256	768	0	0	0	768
264	23680	0	1	0	1	0	0	1	31	75	4	39	32256	768	0	0	0	768
264	23808	0	1	0	1	0	0	1	31	75	4	39	32256	768	0	0	0	768
264	24064	0	2	0	1	0	0	1	40	0	0	40	32256	512	0	0	0	512,516
264	24583	0	1	0	1	0	0	1	20	94	5	30	32256	960	0	0	0	960
264	24587	0	1	0	1	0	0	1	18	222	6	30	32256	960	0	0	0	960
264	24589	0	1	0	1	0	0	1	21	94	5	31	32256	960	0	0	0	960
264	24590	0	1	0	1	0	0	1	21	94	5	31	32256	960	0	0	0	960
264	24595	0	1	0	1	0	0	1	19	222	6	31	32256	960	0	0	0	960
264	24597	0	1	0	1	0	0	1	22	94	5	32	32256	960	0	0	0	960
264	24598	0	1	0	1	0	0	1	22	94	5	32	32256	960	0	0	0	960
264	24601	0	1	0	1	0	0	1	20	222	6	32	32256	960	0	0	0	960
264	24602	0	1	0	1	0	0	1	20	222	6	32	32256	960	0	0	0	960
264	24604	0	1	0	1	0	0	1	23	94	5	33	32256	960	0	0	0	960
264	24611	0	1	0	1	0	0	1	19	222	6	31	32256	960	0	0	0	960
264	24613	0	1	0	1	0	0	1	22	94	5	32	32256	960	0	0	0	960
264	24614	0	1	0	1	0	0	1	22	94	5	32	32256	960	0	0	0	960
264	24617	0	1	0	1	0	0	1	20	222	6	32	32256	960	0	0	0	960
264	24618	0	1	0	1	0	0	1	20	222	6	32	32256	960	0	0	0	960
264	24620	0	1	0	1	0	0	1	23	94	5	33	32256	960	0	0	0	960
264	24625	0	1	0	1	0	0	1	21	222	6	33	32256	960	0	0	0	960
264	24626	0	1	0	1	0	0	1	21	222	6	33	32256	960	0	0	0	960
264	24628	0	1	0	1	0	0	1	24	94	5	34	32256	960	0	0	0	960
264	24632	0	1	0	1	0	0	1	22	222	6	34	32256	960	0	0	0	960
264	24643	0	1	0	1	0	0	1	19	222	6	31	32256	960	0	0	0	960
264	24645	0	1	0	1	0	0	1	22	94	5	32	32256	960	0	0	0	960
264	24646	0	1	0	1	0	0	1	22	94	5	32	32256	960	0	0	0	960
264	24649	0	1	0	1	0	0	1	20	222	6	32	32256	960	0	0	0	960
264	24650	0	1	0	1	0	0	1	20	222	6	32	32256	960	0	0	0	960
264	24652	0	1	0	1	0	0	1	23	94	5	33	32256	960	0	0	0	960
264	24657	0	1	0	1	0	0	1	21	222	6	33	32256	960	0	0	0	960
264	24658	0	1	0	1	0	0	1	21	222	6	33	32256	960	0	0	0	960
264	24660	0	1	0	1	0	0	1	24	94	5	34	32256	960	0	0	0	960
264	24664	0	1	0	1	0	0	1	22	222	6	34	32256	960	0	0	0	960
264	24673	0	1	0	1	0	0	1	21	222	6	33	32256	960	0	0	0	960
264	24674	0	1	0	1	0	0	1	21	222	6	33	32256	960	0	0	0	960
264	24676	0	1	0	1	0	0	1	24	94	5	34	32256	960	0	0	0	960
264	24680	0	1	0	1	0	0	1	22	222	6	34	32256	960	0	0	0	960
264	24688	0	1	0	1	0	0	1	23	222	6	35	32256	960	0	0	0	960
264	24707	0	1	0	1	0	0	1	19	222	6	31	32256	960	0	0	0	960
264	24709	0	1	0	1	0	0	1	22	94	5	32	32256	960	0	0	0	960
264	24710	0	1	0	1	0	0	1	22	94	5	32	32256	960	0	0	0	960
264	24713	0	1	0	1	0	0	1	20	222	6	32	32256	960	0	0	0	960
264	24714	0	1	0	1	0	0	1	20	222	6	32	32256	960	0	0	0	960
264	24716	0	1	0	1	0	0	1	23	94	5	33	32256	960	0	0	0	960
264	24721	0	1	0	1	0	0	1	21	222	6	33	32256	960	0	0	0	960
264	24722	0	1	0	1	0	0	1	21	222	6	33	32256	960	0	0	0	960
264	24724	0	1	0	1	0	0	1	24	94	5	34	32256	960	0	0	0	960
264	24728	0	1	0	1	0	0	1	22	222	6	34	32256	960	0	0	0	960
264	24737	0	1	0	1	0	0	1	21	222	6	33	32256	960	0	0	0	960
264	24738	0	1	0	1	0	0	1	21	222	6	33	32256	960	0	0	0	960
264	24740	0	1	0	1	0	0	1	24	94	5	34	32256	960	0	0	0	960
264	24744	0	1	0	1	0	0	1	22	222	6	34	32256	960	0	0	0	960
264	24752	0	1	0	1	0	0	1	23	222	6	35	32256	960	0	0	0	960
264	24769	0	1	0	1	0	0	1	21	222	6	33	32256	960	0	0	0	960
264	24770	0	1	0	1	0	0	1	21	222	6	33	32256	960	0	0	0	960
264	24772	0	1	0	1	0	0	1	24	94	5	34	32256	960	0	0	0	960
264	24776	0	1	0	1	0	0	1	22	222	6	34	32256	960	0	0	0	960
264	24784	0	1	0	1	0	0	1	23	222	6	35	32256	960	0	0	0	960
264	24800	0	1	0	1	0	0	1	23	222	6	35	32256	960	0	0	0	960
264	24835	0	1	0	1	0	0	1	19	222	6	31	32256	960	0	0	0	960
264	24837	0	1	0	1	0	0	1	22	94	5	32	32256	960	0	0	0	960
264	24838	0	1	0	1	0	0	1	22	94	5	32	32256	960	0	0	0	960
264	24841	0	1	0	1	0	0	1	20	222	6	32	32256	960	0	0	0	960
264	24842	0	1	0	1	0	0	1	20	222	6	32	32256	960	0	0	0	960
264	24844	0	1	0	1	0	0	1	23	94	5	33	32256	960	0	0	0	960
264	24849	0	1	0	1	0	0	1	21	222	6	33	32256	960	0	0	0	960
264	24850	0	1	0	1	0	0	1	21	222	6	33	32256	960	0	0	0	960
264	24852	0	1	0	1	0	0	1	24	94	5	34	32256	960	0	0	0	960
264	24856	0	1	0	1	0	0	1	22	222	6	34	32256	960	0	0	0	960
264	24865	0	1	0	1	0	0	1	21	222	6	33	32256	960	0	0	0	960
264	24866	0	1	0	1	0	0	1	21	222	6	33	32256	960	0	0	0	960
264	24868	0	1	0	1	0	0	1	24	94	5	34	32256	960	0	0	0	960
264	24872	0	1	0	1	0	0	1	22	222	6	34	32256	960	0	0	0	960
264	24880	0	1	0	1	0	0	1	23	222	6	35	32256	960	0	0	0	960
264	24897	0	1	0	1	0	0	1	21	222	6	33	32256	960	0	0	0	960
264	24898	0	1	0	1	0	0	1	21	222	6	33	32256	960	0	0	0	960
264	24900	0	1	0	1	0	0	1	24	94	5	34	32256	960	0	0	0	960
264	24904	0	1	0	1	0	0	1	22	222	6	34	32256	960	0	0	0	960
264	24912	0	1	0	1	0	0	1	23	222	6	35	32256	960	0	0	0	960
264	24928	0	1	0	1	0	0	1	23	222	6	35	32256	960	0	0	0	960
264	24961	0	1	0	1	0	0	1	21	222	6	33	32256	960	0	0	0	960
264	24962	0	1	0	1	0	0	1	21	222	6	33	32256	960	0	0	0	960
264	24964	0	1	0	1	0	0	1	24	94	5	34	32256	960	0	0	0	960
264	24968	0	1	0	1	0	0	1	22	222	6	34	32256	960	0	0	0	960
264	24976	0	1	0	1	0	0	1	23	222	6	35	32256	960	0	0	0	960
264	24992	0	1	0	1	0	0	1	23	222	6	35	32256	960	0	0	0	960
264	25024	0	1	0	1	0	0	1	23	222	6	35	32256	960	0	0	0	960
264	25091	0	1	0	1	0	0	1	24	30	4	32	32256	896	0	0	0	896
264	25093	0	1	0	1	0	0	1	25	86	4	33	32256	896	0	0	0	896
264	25094	0	1	0	1	0	0	1	25	86	4	33	32256	896	0	0	0	896
264	25097	0	1	0	1	0	0	1	23	94	5	33	32256	896	0	0	0	896
264	25098	0	1	0	1	0	0	1	23	94	5	33	32256	896	0	0	0	896
264	25100	0	1	0	1	0	0	1	24	94	5	34	32256	896	0	0	0	896
264	25105	0	1	0	1	0	0	1	24	94	5	34	32256	896	0	0	0	896
264	25106	0	1	0	1	0	0	1	24	94	5	34	32256	896	0	0	0	896
264	25108	0	1	0	1	0	0	1	25	94	5	35	32256	896	0	0	0	896
264	25112	0	1	0	1	0	0	1	23	222	6	35	32256	896	0	0	0	896
264	25121	0	1	0	1	0	0	1	24	94	5	34	32256	896	0	0	0	896
264	25122	0	1	0	1	0	0	1	24	94	5	34	32256	896	0	0	0	896
264	25124	0	1	0	1	0	0	1	25	94	5	35	32256	896	0	0	0	896
264	25128	0	1	0	1	0	0	1	23	222	6	35	32256	896	0	0	0	896
264	25136	0	1	0	1	0	0	1	24	222	6	36	32256	896	0	0	0	896
264	25153	0	1	0	1	0	0	1	24	94	5	34	32256	896	0	0	0	896
264	25154	0	1	0	1	0	0	1	24	94	5	34	32256	896	0	0	0	896
264	25156	0	1	0	1	0	0	1	25	94	5	35	32256	896	0	0	0	896
264	25160	0	1	0	1	0	0	1	23	222	6	35	32256	896	0	0	0	896
264	25168	0	1	0	1	0	0	1	24	222	6	36	32256	896	0	0	0	896
264	25184	0	1	0	1	0	0	1	24	222	6	36	32256	896	0	0	0	896
264	25217	0	1	0	1	0	0	1	24	94	5	34	32256	896	0	0	0	896
264	25218	0	1	0	1	0	0	1	24	94	5	34	32256	896	0	0	0	896
264	25220	0	1	0	1	0	0	1	25	94	5	35	32256	896	0	0	0	896
264	25224	0	1	0	1	0	0	1	23	222	6	35	32256	896	0	0	0	896
264	25232	0	1	0	1	0	0	1	24	222	6	36	32256	896	0	0	0	896
264	25248	0	1	0	1	0	0	1	24	222	6	36	32256	896	0	0	0	896
264	25280	0	1	0	1	0	0	1	24	222	6	36	32256	896	0	0	0	896
264	25345	0	1	0	1	0	0	1	24	94	5	34	32256	896	0	0	0	896
264	25346	0	1	0	1	0	0	1	24	94	5	34	32256	896	0	0	0	896
264	25348	0	1	0	1	0	0	1	25	94	5	35	32256	896	0	0	0	896
264	25352	0	1	0	1	0	0	1	23	222	6	35	32256	896	0	0	0	896
264	25360	0	1	0	1	0	0	1	24	222	6	36	32256	896	0	0	0	896
264	25376	0	1	0	1	0	0	1	24	222	6	36	32256	896	0	0	0	896
264	25408	0	1	0	1	0	0	1	24	222	6	36	32256	896	0	0	0	896
264	25472	0	1	0	1	0	0	1	24	222	6	36	32256	896	0	0	0	896
264	25603	0	1	0	1	0	0	1	23	94	5	33	32256	896	0	0	0	896
264	25605	0	1	0	1	0	0	1	24	94	5	34	32256	896	0	0	0	896
264	25606	0	1	0	1	0	0	1	26	86	4	34	32256	896	0	0	0	896
264	25609	0	1	0	1	0	0	1	22	222	6	34	32256	896	0	0	0	896
264	25610	0	1	0	1	0	0	1	24	94	5	34	32256	896	0	0	0	896
264	25612	0	1	0	1	0	0	1	25	94	5	35	32256	896	0	0	0	896
264	25617	0	1	0	1	0	0	1	23	222	6	35	32256	896	0	0	0	896
264	25618	0	1	0	1	0	0	1	25	94	5	35	32256	896	0	0	0	896
264	25620	0	1	0	1	0	0	1	26	94	5	36	32256	896	0	0	0	896
264	25624	0	1	0	1	0	0	1	24	222	6	36	32256	896	0	0	0	896
264	25633	0	1	0	1	0	0	1	23	222	6	35	32256	896	0	0	0	896
264	25634	0	1	0	1	0	0	1	25	94	5	35	32256	896	0	0	0	896
264	25636	0	1	0	1	0	0	1	26	94	5	36	32256	896	0	0	0	896
264	25640	0	1	0	1	0	0	1	24	222	6	36	32256	896	0	0	0	896
264	25648	0	1	0	1	0	0	1	25	222	6	37	32256	896	0	0	0	896
264	25665	0	1	0	1	0	0	1	23	222	6	35	32256	896	0	0	0	896
264	25666	0	1	0	1	0	0	1	25	94	5	35	32256	896	0	0	0	896
264	25668	0	1	0	1	0	0	1	26	94	5	36	32256	896	0	0	0	896
264	25672	0	1	0	1	0	0	1	24	222	6	36	32256	896	0	0	0	896
264	25680	0	1	0	1	0	0	1	25	222	6	37	32256	896	0	0	0	896
264	25696	0	1	0	1	0	0	1	25	222	6	37	32256	896	0	0	0	896
264	25729	0	1	0	1	0	0	1	23	222	6	35	32256	896	0	0	0	896
264	25730	0	1	0	1	0	0	1	25	94	5	35	32256	896	0	0	0	896
264	25732	0	1	0	1	0	0	1	26	94	5	36	32256	896	0	0	0	896
264	25736	0	1	0	1	0	0	1	24	222	6	36	32256	896	0	0	0	896
264	25744	0	1	0	1	0	0	1	25	222	6	37	32256	896	0	0	0	896
264	25760	0	1	0	1	0	0	1	25	222	6	37	32256	896	0	0	0	896
264	25792	0	1	0	1	0	0	1	25	222	6	37	32256	896	0	0	0	896
264	25857	0	1	0	1	0	0	1	23	222	6	35	32256	896	0	0	0	896
264	25858	0	1	0	1	0	0	1	25	94	5	35	32256	896	0	0	0	896
264	25860	0	1	0	1	0	0	1	26	94	5	36	32256	896	0	0	0	896
264	25864	0	1	0	1	0	0	1	24	222	6	36	32256	896	0	0	0	896
264	25872	0	1	0	1	0	0	1	25	222	6	37	32256	896	0	0	0	896
264	25888	0	1	0	1	0	0	1	25	222	6	37	32256	896	0	0	0	896
264	25920	0	1	0	1	0	0	1	25	222	6	37	32256	896	0	0	0	896
264	25984	0	1	0	1	0	0	1	25	222	6	37	32256	896	0	0	0	896
264	26113	0	1	0	1	0	0	1	30	11	3	36	32256	768	0	0	0	768
264	26114	0	1	0	1	0	0	1	32	3	2	36	32256	768	0	0	0	768
264	26116	0	1	0	1	0	0	1	31	11	3	37	32256	768	0	0	0	768
264	26120	0	1	0	1	0	0	1	29	75	4	37	32256	768	0	0	0	768
264	26128	0	1	0	1	0	0	1	30	75	4	38	32256	768	0	0	0	768
264	26144	0	1	0	1	0	0	1	30	75	4	38	32256	768	0	0	0	768
264	26176	0	1	0	1	0	0	1	30	75	4	38	32256	768	0	0	0	768
264	26240	0	1	0	1	0	0	1	30	75	4	38	32256	768	0	0	0	768
264	26368	0	1	0	1	0	0	1	30	75	4	38	32256	768	0	0	0	768
264	26627	0	1	0	1	0	0	1	23	94	5	33	32256	896	0	0	0	896
264	26629	0	1	0	1	0	0	1	26	86	4	34	32256	896	0	0	0	896
264	26630	0	1	0	1	0	0	1	24	94	5	34	32256	896	0	0	0	896
264	26633	0	1	0	1	0	0	1	24	94	5	34	32256	896	0	0	0	896
264	26634	0	1	0	1	0	0	1	22	222	6	34	32256	896	0	0	0	896
264	26636	0	1	0	1	0	0	1	25	94	5	35	32256	896	0	0	0	896
264	26641	0	1	0	1	0	0	1	25	94	5	35	32256	896	0	0	0	896
264	26642	0	1	0	1	0	0	1	23	222	6	35	32256	896	0	0	0	896
264	26644	0	1	0	1	0	0	1	26	94	5	36	32256	896	0	0	0	896
264	26648	0	1	0	1	0	0	1	24	222	6	36	32256	896	0	0	0	896
264	26657	0	1	0	1	0	0	1	25	94	5	35	32256	896	0	0	0	896
264	26658	0	1	0	1	0	0	1	23	222	6	35	32256	896	0	0	0	896
264	26660	0	1	0	1	0	0	1	26	94	5	36	32256	896	0	0	0	896
264	26664	0	1	0	1	0	0	1	24	222	6	36	32256	896	0	0	0	896
264	26672	0	1	0	1	0	0	1	25	222	6	37	32256	896	0	0	0	896
264	26689	0	1	0	1	0	0	1	25	94	5	35	32256	896	0	0	0	896
264	26690	0	1	0	1	0	0	1	23	222	6	35	32256	896	0	0	0	896
264	26692	0	1	0	1	0	0	1	26	94	5	36	32256	896	0	0	0	896
264	26696	0	1	0	1	0	0	1	24	222	6	36	32256	896	0	0	0	896
264	26704	0	1	0	1	0	0	1	25	222	6	37	32256	896	0	0	0	896
264	26720	0	1	0	1	0	0	1	25	222	6	37	32256	896	0	0	0	896
264	26753	0	1	0	1	0	0	1	25	94	5	35	32256	896	0	0	0	896
264	26754	0	1	0	1	0	0	1	23	222	6	35	32256	896	0	0	0	896
264	26756	0	1	0	1	0	0	1	26	94	5	36	32256	896	0	0	0	896
264	26760	0	1	0	1	0	0	1	24	222	6	36	32256	896	0	0	0	896
264	26768	0	1	0	1	0	0	1	25	222	6	37	32256	896	0	0	0	896
264	26784	0	1	0	1	0	0	1	25	222	6	37	32256	896	0	0	0	896
264	26816	0	1	0	1	0	0	1	25	222	6	37	32256	896	0	0	0	896
264	26881	0	1	0	1	0	0	1	25	94	5	35	32256	896	0	0	0	896
264	26882	0	1	0	1	0	0	1	23	222	6	35	32256	896	0	0	0	896
264	26884	0	1	0	1	0	0	1	26	94	5	36	32256	896	0	0	0	896
264	26888	0	1	0	1	0	0	1	24	222	6	36	32256	896	0	0	0	896
264	26896	0	1	0	1	0	0	1	25	222	6	37	32256	896	0	0	0	896
264	26912	0	1	0	1	0	0	1	25	222	6	37	32256	896	0	0	0	896
264	26944	0	1	0	1	0	0	1	25	222	6	37	32256	896	0	0	0	896
264	27008	0	1	0	1	0	0	1	25	222	6	37	32256	896	0	0	0	896
264	27137	0	1	0	1	0	0	1	32	3	2	36	32256	768	0	0	0	768
264	27138	0	1	0	1	0	0	1	30	11	3	36	32256	768	0	0	0	768
264	27140	0	1	0	1	0	0	1	31	11	3	37	32256	768	0	0	0	768
264	27144	0	1	0	1	0	0	1	29	75	4	37	32256	768	0	0	0	768
264	27152	0	1	0	1	0	0	1	30	75	4	38	32256	768	0	0	0	768
264	27168	0	1	0	1	0	0	1	30	75	4	38	32256	768	0	0	0	768
264	27200	0	1	0	1	0	0	1	30	75	4	38	32256	768	0	0	0	768
264	27264	0	1	0	1	0	0	1	30	75	4	38	32256	768	0	0	0	768
264	27392	0	1	0	1	0	0	1	30	75	4	38	32256	768	0	0	0	768
264	27649	0	1	0	1	0	0	1	31	11	3	37	32256	768	0	0	0	768
264	27650	0	1	0	1	0	0	1	31	11	3	37	32256	768	0	0	0	768
264	27652	0	1	0	1	0	0	1	32	11	3	38	32256	768	0	0	0	768
264	27656	0	1	0	1	0	0	1	30	75	4	38	32256	768	0	0	0	768
264	27664	0	1	0	1	0	0	1	31	75	4	39	32256	768	0	0	0	768
264	27680	0	1	0	1	0	0	1	31	75	4	39	32256	768	0	0	0	768
264	27712	0	1	0	1	0	0	1	31	75	4	39	32256	768	0	0	0	768
264	27776	0	1	0	1	0	0	1	31	75	4	39	32256	768	0	0	0	768
264	27904	0	1	0	1	0	0	1	31	75	4	39	32256	768	0	0	0	768
264	28160	0	2	0	1	0	0	1	40	0	0	40	32256	512	0	0	0	512,520
264	28675	0	1	0	1	0	0	1	21	222	6	33	32256	896	0	0	0	896
264	28677	0	1	0	1	0	0	1	24	94	5	34	32256	896	0	0	0	896
264	28678	0	1	0	1	0	0	1	24	94	5	34	32256	896	0	0	0	896
264	28681	0	1	0	1	0	0	1	24	94	5	34	32256	896	0	0	0	896
264	28682	0	1	0	1	0	0	1	24	94	5	34	32256	896	0	0	0	896
264	28684	0	1	0	1	0	0	1	27	86	4	35	32256	896	0	0	0	896
264	28689	0	1	0	1	0	0	1	23	222	6	35	32256	896	0	0	0	896
264	28690	0	1	0	1	0	0	1	23	222	6	35	32256	896	0	0	0	896
264	28692	0	1	0	1	0	0	1	26	94	5	36	32256	896	0	0	0	896
264	28696	0	1	0	1	0	0	1	26	94	5	36	32256	896	0	0	0	896
264	28705	0	1	0	1	0	0	1	23	222	6	35	32256	896	0	0	0	896
264	28706	0	1	0	1	0	0	1	23	222	6	35	32256	896	0	0	0	896
264	28708	0	1	0	1	0	0	1	26	94	5	36	32256	896	0	0	0	896
264	28712	0	1	0	1	0	0	1	26	94	5	36	32256	896	0	0	0	896
264	28720	0	1	0	1	0	0	1	25	222	6	37	32256	896	0	0	0	896
264	28737	0	1	0	1	0	0	1	23	222	6	35	32256	896	0	0	0	896
264	28738	0	1	0	1	0	0	1	23	222	6	35	32256	896	0	0	0	896
264	28740	0	1	0	1	0	0	1	26	94	5	36	32256	896	0	0	0	896
264	28744	0	1	0	1	0	0	1	26	94	5	36	32256	896	0	0	0	896
264	28752	0	1	0	1	0	0	1	25	222	6	37	32256	896	0	0	0	896
264	28768	0	1	0	1	0	0	1	25	222	6	37	32256	896	0	0	0	896
264	28801	0	1	0	1	0	0	1	23	222	6	35	32256	896	0	0	0	896
264	28802	0	1	0	1	0	0	1	23	222	6	35	32256	896	0	0	0	896
264	28804	0	1	0	1	0	0	1	26	94	5	36	32256	896	0	0	0	896
264	28808	0	1	0	1	0	0	1	26	94	5	36	32256	896	0	0	0	896
264	28816	0	1	0	1	0	0	1	25	222	6	37	32256	896	0	0	0	896
264	28832	0	1	0	1	0	0	1	25	222	6	37	32256	896	0	0	0	896
264	28864	0	1	0	1	0	0	1	25	222	6	37	32256	896	0	0	0	896
264	28929	0	1	0	1	0	0	1	23	222	6	35	32256	896	0	0	0	896
264	28930	0	1	0	1	0	0	1	23	222	6	35	32256	896	0	0	0	896
264	28932	0	1	0	1	0	0	1	26	94	5	36	32256	896	0	0	0	896
264	28936	0	1	0	1	0	0	1	26	94	5	36	32256	896	0	0	0	896
264	28944	0	1	0	1	0	0	1	25	222	6	37	32256	896	0	0	0	896
264	28960	0	1	0	1	0	0	1	25	222	6	37	32256	896	0	0	0	896
264	28992	0	1	0	1	0	0	1	25	222	6	37	32256	896	0	0	0	896
264	29056	0	1	0	1	0	0	1	25	222	6	37	32256	896	0	0	0	896
264	29185	0	1	0	1	0	0	1	30	11	3	36	32256	768	0	0	0	768
264	29186	0	1	0	1	0	0	1	30	11	3	36	32256	768	0	0	0	768
264	29188	0	1	0	1	0	0	1	31	11	3	37	32256	768	0	0	0	768
264	29192	0	1	0	1	0	0	1	31	11	3	37	32256	768	0	0	0	768
264	29200	0	1	0	1	0	0	1	30	75	4	38	32256	768	0	0	0	768
264	29216	0	1	0	1	0	0	1	30	75	4	38	32256	768	0	0	0	768
264	29248	0	1	0	1	0	0	1	30	75	4	38	32256	768	0	0	0	768
264	29312	0	1	0	1	0	0	1	30	75	4	38	32256	768	0	0	0	768
264	29440	0	1	0	1	0	0	1	30	75	4	38	32256	768	0	0	0	768
264	29697	0	1	0	1	0	0	1	29	75	4	37	32256	768	0	0	0	768
264	29698	0	2	0	1	0	0	1	31	11	3	37	32256	768	0	0	0	254,768
264	29700	0	2	0	1	0	0	1	32	11	3	38	32256	768	0	0	0	254,768
264	29704	0	2	0	1	0	0	1	32	11	3	38	32256	768	0	0	0	254,768
264	29712	0	2	0	1	0	0	1	31	75	4	39	32256	768	0	0	0	254,768
264	29728	0	2	0	1	0	0	1	31	75	4	39	32256	768	0	0	0	254,768
264	29760	0	2	0	1	0	0	1	31	75	4	39	32256	768	0	0	0	254,768
264	29824	0	2	0	1	0	0	1	31	75	4	39	32256	768	0	0	0	254,768
264	29952	0	2	0	1	0	0	1	31	75	4	39	32256	768	0	0	0	254,768
264	30208	0	2	0	1	0	0	1	40	0	0	40	32256	512	0	0	0	510,512
264	30721	0	2	0	1	0	0	1	31	11	3	37	32256	768	0	0	0	254,768
264	30722	0	1	0	1	0	0	1	29	75	4	37	32256	768	0	0	0	768
264	30724	0	2	0	1	0	0	1	32	11	3	38	32256	768	0	0	0	768,770
264	30728	0	2	0	1	0	0	1	32	11	3	38	32256	768	0	0	0	768,770
264	30736	0	2	0	1	0	0	1	31	75	4	39	32256	768	0	0	0	768,770
264	30752	0	2	0	1	0	0	1	31	75	4	39	32256	768	0	0	0	768,770
264	30784	0	2	0	1	0	0	1	31	75	4	39	32256	768	0	0	0	768,770
264	30848	0	2	0	1	0	0	1	31	75	4	39	32256	768	0	0	0	768,770
264	30976	0	2	0	1	0	0	1	31	75	4	39	32256	768	0	0	0	768,770
264	31232	0	2	0	1	0	0	1	40	0	0	40	32256	512	0	0	0	512,514
264	31744	0	4	0	1	0	0	1	41	0	0	41	32256	512	0	0	0	508,510,512,514
