id	Y_mask	dH	optH_count	q	good	delta_min	rho	compatible_optG	ell	Y_type	Y_edges	degree_sum	f_witness	h_witness_local	S_mask	R_witness	Delta_witness	optH_masks_local
275	31	0	1	1	1	0	0	1	19	0	0	19	2046	63	0	1	0	960
275	47	0	1	1	1	0	0	1	19	0	0	19	2046	63	0	1	0	960
275	55	0	1	1	1	0	0	1	19	0	0	19	2046	63	0	1	0	960
275	59	0	1	1	1	0	0	1	19	0	0	19	2046	63	0	1	0	960
275	61	0	1	1	1	0	0	1	19	0	0	19	2046	63	0	1	0	960
275	62	1	1	0	1	0	0	1	20	0	0	20	2046	62	0	0	0	62
275	79	0	1	1	1	0	0	1	19	0	0	19	2046	63	0	1	0	960
275	87	0	1	1	1	0	0	1	19	0	0	19	2046	63	0	1	0	960
275	91	0	1	1	1	0	0	1	19	0	0	19	2046	63	0	1	0	960
275	93	0	1	1	1	0	0	1	19	0	0	19	2046	63	0	1	0	960
275	94	1	1	0	1	0	0	1	20	0	0	20	2046	62	0	0	0	62
275	103	0	1	1	1	0	0	1	19	0	0	19	2046	63	0	1	0	960
275	107	0	1	1	1	0	0	1	19	0	0	19	2046	63	0	1	0	960
275	109	0	1	1	1	0	0	1	19	0	0	19	2046	63	0	1	0	960
275	110	1	1	0	1	0	0	1	20	0	0	20	2046	62	0	0	0	62
275	115	0	1	1	1	0	0	1	19	0	0	19	2046	63	0	1	0	960
275	117	0	1	1	1	0	0	1	19	0	0	19	2046	63	0	1	0	960
275	118	1	1	0	1	0	0	1	20	0	0	20	2046	62	0	0	0	62
275	121	0	1	1	1	0	0	1	19	0	0	19	2046	63	0	1	0	960
275	122	1	1	0	1	0	0	1	20	0	0	20	2046	62	0	0	0	62
275	124	1	1	0	1	0	0	1	20	0	0	20	2046	62	0	0	0	62
275	143	0	1	1	1	0	0	1	19	0	0	19	2046	63	0	1	0	960
275	151	0	1	1	1	0	0	1	19	0	0	19	2046	63	0	1	0	960
275	155	0	1	1	1	0	0	1	19	0	0	19	2046	63	0	1	0	960
275	157	0	1	1	1	0	0	1	19	0	0	19	2046	63	0	1	0	960
275	158	1	1	0	1	0	0	1	20	0	0	20	2046	62	0	0	0	62
275	167	0	1	1	1	0	0	1	19	0	0	19	2046	63	0	1	0	960
275	171	0	1	1	1	0	0	1	19	0	0	19	2046	63	0	1	0	960
275	173	0	1	1	1	0	0	1	19	0	0	19	2046	63	0	1	0	960
275	174	1	1	0	1	0	0	1	20	0	0	20	2046	62	0	0	0	62
275	179	0	1	1	1	0	0	1	19	0	0	19	2046	63	0	1	0	960
275	181	0	1	1	1	0	0	1	19	0	0	19	2046	63	0	1	0	960
275	182	1	1	0	1	0	0	1	20	0	0	20	2046	62	0	0	0	62
275	185	0	1	1	1	0	0	1	19	0	0	19	2046	63	0	1	0	960
275	186	1	1	0	1	0	0	1	20	0	0	20	2046	62	0	0	0	62
275	188	1	1	0	1	0	0	1	20	0	0	20	2046	62	0	0	0	62
275	199	0	1	1	1	0	0	1	19	0	0	19	2046	63	0	1	0	960
275	203	0	1	1	1	0	0	1	19	0	0	19	2046	63	0	1	0	960
275	205	0	1	1	1	0	0	1	19	0	0	19	2046	63	0	1	0	960
275	206	1	1	0	1	0	0	1	20	0	0	20	2046	62	0	0	0	62
275	211	0	1	1	1	0	0	1	19	0	0	19	2046	63	0	1	0	960
275	213	0	1	1	1	0	0	1	19	0	0	19	2046	63	0	1	0	960
275	214	1	1	0	1	0	0	1	20	0	0	20	2046	62	0	0	0	62
275	217	0	1	1	1	0	0	1	19	0	0	19	2046	63	0	1	0	960
275	218	1	1	0	1	0	0	1	20	0	0	20	2046	62	0	0	0	62
275	220	1	1	0	1	0	0	1	20	0	0	20	2046	62	0	0	0	62
275	227	0	1	1	1	0	0	1	19	0	0	19	2046	63	0	1	0	960
275	229	0	1	1	1	0	0	1	19	0	0	19	2046	63	0	1	0	960
275	230	1	1	0	1	0	0	1	20	0	0	20	2046	62	0	0	0	62
275	233	0	1	1	1	0	0	1	19	0	0	19	2046	63	0	1	0	960
275	234	1	1	0	1	0	0	1	20	0	0	20	2046	62	0	0	0	62
275	236	1	1	0	1	0	0	1	20	0	0	20	2046	62	0	0	0	62
275	241	0	1	1	1	0	0	1	19	0	0	19	2046	63	0	1	0	960
275	242	1	1	0	1	0	0	1	20	0	0	20	2046	62	0	0	0	62
275	244	1	1	0	1	0	0	1	20	0	0	20	2046	62	0	0	0	62
275	248	1	1	0	1	0	0	1	20	0	0	20	2046	62	0	0	0	62
275	271	0	1	1	1	0	0	1	19	0	0	19	2046	63	0	1	0	960
275	279	0	1	1	1	0	0	1	19	0	0	19	2046	63	0	1	0	960
275	283	0	1	1	1	0	0	1	19	0	0	19	2046	63	0	1	0	960
275	285	0	1	1	1	0	0	1	19	0	0	19	2046	63	0	1	0	960
275	286	1	1	0	1	0	0	1	20	0	0	20	2046	62	0	0	0	62
275	295	0	1	1	1	0	0	1	19	0	0	19	2046	63	0	1	0	960
275	299	0	1	1	1	0	0	1	19	0	0	19	2046	63	0	1	0	960
275	301	0	1	1	1	0	0	1	19	0	0	19	2046	63	0	1	0	960
275	302	1	1	0	1	0	0	1	20	0	0	20	2046	62	0	0	0	62
275	307	0	1	1	1	0	0	1	19	0	0	19	2046	63	0	1	0	960
275	309	0	1	1	1	0	0	1	19	0	0	19	2046	63	0	1	0	960
275	310	1	1	0	1	0	0	1	20	0	0	20	2046	62	0	0	0	62
275	313	0	1	1	1	0	0	1	19	0	0	19	2046	63	0	1	0	960
275	314	1	1	0	1	0	0	1	20	0	0	20	2046	62	0	0	0	62
275	316	1	1	0	1	0	0	1	20	0	0	20	2046	62	0	0	0	62
275	327	0	1	1	1	0	0	1	19	0	0	19	2046	63	0	1	0	960
275	331	0	1	1	1	0	0	1	19	0	0	19	2046	63	0	1	0	960
275	333	0	1	1	1	0	0	1	19	0	0	19	2046	63	0	1	0	960
275	334	1	1	0	1	0	0	1	20	0	0	20	2046	62	0	0	0	62
275	339	0	1	1	1	0	0	1	19	0	0	19	2046	63	0	1	0	960
275	341	0	1	1	1	0	0	1	19	0	0	19	2046	63	0	1	0	960
275	342	1	1	0	1	0	0	1	20	0	0	20	2046	62	0	0	0	62
275	345	0	1	1	1	0	0	1	19	0	0	19	2046	63	0	1	0	960
275	346	1	1	0	1	0	0	1	20	0	0	20	2046	62	0	0	0	62
275	348	1	1	0	1	0	0	1	20	0	0	20	2046	62	0	0	0	62
275	355	0	1	1	1	0	0	1	19	0	0	19	2046	63	0	1	0	960
275	357	0	1	1	1	0	0	1	19	0	0	19	2046	63	0	1	0	960
275	358	1	1	0	1	0	0	1	20	0	0	20	2046	62	0	0	0	62
275	361	0	1	1	1	0	0	1	19	0	0	19	2046	63	0	1	0	960
275	362	1	1	0	1	0	0	1	20	0	0	20	2046	62	0	0	0	62
275	364	1	1	0	1	0	0	1	20	0	0	20	2046	62	0	0	0	62
275	369	0	1	1	1	0	0	1	19	0	0	19	2046	63	0	1	0	960
275	370	1	1	0	1	0	0	1	20	0	0	20	2046	62	0	0	0	62
275	372	1	1	0	1	0	0	1	20	0	0	20	2046	62	0	0	0	62
275	376	1	1	0	1	0	0	1	20	0	0	20	2046	62	0	0	0	62
275	391	0	1	1	1	0	0	1	19	0	0	19	2046	63	0	1	0	960
275	395	0	1	1	1	0	0	1	19	0	0	19	2046	63	0	1	0	960
275	397	0	1	1	1	0	0	1	19	0	0	19	2046	63	0	1	0	960
275	398	1	1	0	1	0	0	1	20	0	0	20	2046	62	0	0	0	62
275	403	0	1	1	1	0	0	1	19	0	0	19	2046	63	0	1	0	960
275	405	0	1	1	1	0	0	1	19	0	0	19	2046	63	0	1	0	960
275	406	1	1	0	1	0	0	1	20	0	0	20	2046	62	0	0	0	62
275	409	0	1	1	1	0	0	1	19	0	0	19	2046	63	0	1	0	960
275	410	1	1	0	1	0	0	1	20	0	0	20	2046	62	0	0	0	62
275	412	1	1	0	1	0	0	1	20	0	0	20	2046	62	0	0	0	62
275	419	0	1	1	1	0	0	1	19	0	0	19	2046	63	0	1	0	960
275	421	0	1	1	1	0	0	1	19	0	0	19	2046	63	0	1	0	960
275	422	1	1	0	1	0	0	1	20	0	0	20	2046	62	0	0	0	62
275	425	0	1	1	1	0	0	1	19	0	0	19	2046	63	0	1	0	960
275	426	1	1	0	1	0	0	1	20	0	0	20	2046	62	0	0	0	62
275	428	1	1	0	1	0	0	1	20	0	0	20	2046	62	0	0	0	62
275	433	0	1	1	1	0	0	1	19	0	0	19	2046	63	0	1	0	960
275	434	1	1	0	1	0	0	1	20	0	0	20	2046	62	0	0	0	62
275	436	1	1	0	1	0	0	1	20	0	0	20	2046	62	0	0	0	62
275	440	1	1	0	1	0	0	1	20	0	0	20	2046	62	0	0	0	62
275	451	0	1	1	1	0	0	1	19	0	0	19	2046	63	0	1	0	960
275	453	0	1	1	1	0	0	1	19	0	0	19	2046	63	0	1	0	960
275	454	1	1	0	1	0	0	1	20	0	0	20	2046	62	0	0	0	62
275	457	0	1	1	1	0	0	1	19	0	0	19	2046	63	0	1	0	960
275	458	1	1	0	1	0	0	1	20	0	0	20	2046	62	0	0	0	62
275	460	1	1	0	1	0	0	1	20	0	0	20	2046	62	0	0	0	62
275	465	0	1	1	1	0	0	1	19	0	0	19	2046	63	0	1	0	960
275	466	1	1	0	1	0	0	1	20	0	0	20	2046	62	0	0	0	62
275	468	1	1	0	1	0	0	1	20	0	0	20	2046	62	0	0	0	62
275	472	1	1	0	1	0	0	1	20	0	0	20	2046	62	0	0	0	62
275	481	0	1	1	1	0	0	1	19	0	0	19	2046	63	0	1	0	960
275	482	1	1	0	1	0	0	1	20	0	0	20	2046	62	0	0	0	62
275	484	1	1	0	1	0	0	1	20	0	0	20	2046	62	0	0	0	62
275	488	1	1	0	1	0	0	1	20	0	0	20	2046	62	0	0	0	62
275	496	1	1	0	1	0	0	1	20	0	0	20	2046	62	0	0	0	62
275	527	0	1	1	1	0	0	1	17	1	1	19	2046	63	0	1	0	960
275	535	0	1	1	1	0	0	1	17	1	1	19	2046	63	0	1	0	960
275	539	0	1	1	1	0	0	1	17	1	1	19	2046	63	0	1	0	960
275	541	0	1	1	1	0	0	1	17	1	1	19	2046	63	0	1	0	960
275	542	1	2	0	1	0	0	1	20	0	0	20	2046	62	0	0	0	62,960
275	551	0	1	1	1	0	0	1	17	1	1	19	2046	63	0	1	0	960
275	555	0	1	1	1	0	0	1	17	1	1	19	2046	63	0	1	0	960
275	557	0	1	1	1	0	0	1	17	1	1	19	2046	63	0	1	0	960
275	558	1	2	0	1	0	0	1	20	0	0	20	2046	62	0	0	0	62,960
275	563	0	1	1	1	0	0	1	17	1	1	19	2046	63	0	1	0	960
275	565	0	1	1	1	0	0	1	17	1	1	19	2046	63	0	1	0	960
275	566	1	2	0	1	0	0	1	20	0	0	20	2046	62	0	0	0	62,960
275	569	0	1	1	1	0	0	1	17	1	1	19	2046	63	0	1	0	960
275	570	1	2	0	1	0	0	1	20	0	0	20	2046	62	0	0	0	62,960
275	572	1	2	0	1	0	0	1	20	0	0	20	2046	62	0	0	0	62,960
275	583	0	1	1	1	0	0	1	17	1	1	19	2046	63	0	1	0	960
275	587	0	1	1	1	0	0	1	17	1	1	19	2046	63	0	1	0	960
275	589	0	1	1	1	0	0	1	17	1	1	19	2046	63	0	1	0	960
275	590	1	2	0	1	0	0	1	20	0	0	20	2046	62	0	0	0	62,960
275	595	0	1	1	1	0	0	1	17	1	1	19	2046	63	0	1	0	960
275	597	0	1	1	1	0	0	1	17	1	1	19	2046	63	0	1	0	960
275	598	1	2	0	1	0	0	1	20	0	0	20	2046	62	0	0	0	62,960
275	601	0	1	1	1	0	0	1	17	1	1	19	2046	63	0	1	0	960
275	602	1	2	0	1	0	0	1	20	0	0	20	2046	62	0	0	0	62,960
275	604	1	2	0	1	0	0	1	20	0	0	20	2046	62	0	0	0	62,960
275	611	0	1	1	1	0	0	1	17	1	1	19	2046	63	0	1	0	960
275	613	0	1	1	1	0	0	1	17	1	1	19	2046	63	0	1	0	960
275	614	1	2	0	1	0	0	1	20	0	0	20	2046	62	0	0	0	62,960
275	617	0	1	1	1	0	0	1	17	1	1	19	2046	63	0	1	0	960
275	618	1	2	0	1	0	0	1	20	0	0	20	2046	62	0	0	0	62,960
275	620	1	2	0	1	0	0	1	20	0	0	20	2046	62	0	0	0	62,960
275	625	0	1	1	1	0	0	1	17	1	1	19	2046	63	0	1	0	960
275	626	1	2	0	1	0	0	1	20	0	0	20	2046	62	0	0	0	62,960
275	628	1	2	0	1	0	0	1	20	0	0	20	2046	62	0	0	0	62,960
275	632	1	2	0	1	0	0	1	20	0	0	20	2046	62	0	0	0	62,960
275	647	0	1	1	1	0	0	1	17	1	1	19	2046	63	0	1	0	960
275	651	0	1	1	1	0	0	1	17	1	1	19	2046	63	0	1	0	960
275	653	0	1	1	1	0	0	1	17	1	1	19	2046	63	0	1	0	960
275	654	1	2	0	1	0	0	1	20	0	0	20	2046	62	0	0	0	62,960
275	659	0	1	1	1	0	0	1	17	1	1	19	2046	63	0	1	0	960
275	661	0	1	1	1	0	0	1	17	1	1	19	2046	63	0	1	0	960
275	662	1	2	0	1	0	0	1	20	0	0	20	2046	62	0	0	0	62,960
275	665	0	1	1	1	0	0	1	17	1	1	19	2046	63	0	1	0	960
275	666	1	2	0	1	0	0	1	20	0	0	20	2046	62	0	0	0	62,960
275	668	1	2	0	1	0	0	1	20	0	0	20	2046	62	0	0	0	62,960
275	675	0	1	1	1	0	0	1	17	1	1	19	2046	63	0	1	0	960
275	677	0	1	1	1	0	0	1	17	1	1	19	2046	63	0	1	0	960
275	678	1	2	0	1	0	0	1	20	0	0	20	2046	62	0	0	0	62,960
275	681	0	1	1	1	0	0	1	17	1	1	19	2046	63	0	1	0	960
275	682	1	2	0	1	0	0	1	20	0	0	20	2046	62	0	0	0	62,960
275	684	1	2	0	1	0	0	1	20	0	0	20	2046	62	0	0	0	62,960
275	689	0	1	1	1	0	0	1	17	1	1	19	2046	63	0	1	0	960
275	690	1	2	0	1	0	0	1	20	0	0	20	2046	62	0	0	0	62,960
275	692	1	2	0	1	0	0	1	20	0	0	20	2046	62	0	0	0	62,960
275	696	1	2	0	1	0	0	1	20	0	0	20	2046	62	0	0	0	62,960
275	707	0	1	1	1	0	0	1	17	1	1	19	2046	63	0	1	0	960
275	709	0	1	1	1	0	0	1	17	1	1	19	2046	63	0	1	0	960
275	710	1	2	0	1	0	0	1	20	0	0	20	2046	62	0	0	0	62,960
275	713	0	1	1	1	0	0	1	17	1	1	19	2046	63	0	1	0	960
275	714	1	2	0	1	0	0	1	20	0	0	20	2046	62	0	0	0	62,960
275	716	1	2	0	1	0	0	1	20	0	0	20	2046	62	0	0	0	62,960
275	721	0	1	1	1	0	0	1	17	1	1	19	2046	63	0	1	0	960
275	722	1	2	0	1	0	0	1	20	0	0	20	2046	62	0	0	0	62,960
275	724	1	2	0	1	0	0	1	20	0	0	20	2046	62	0	0	0	62,960
275	728	1	2	0	1	0	0	1	20	0	0	20	2046	62	0	0	0	62,960
275	737	0	1	1	1	0	0	1	17	1	1	19	2046	63	0	1	0	960
275	738	1	2	0	1	0	0	1	20	0	0	20	2046	62	0	0	0	62,960
275	740	1	2	0	1	0	0	1	20	0	0	20	2046	62	0	0	0	62,960
275	744	1	2	0	1	0	0	1	20	0	0	20	2046	62	0	0	0	62,960
275	752	1	2	0	1	0	0	1	20	0	0	20	2046	62	0	0	0	62,960
275	775	0	1	1	1	0	0	1	17	1	1	19	2046	63	0	1	0	960
275	779	0	1	1	1	0	0	1	17	1	1	19	2046	63	0	1	0	960
275	781	0	1	1	1	0	0	1	17	1	1	19	2046	63	0	1	0	960
275	782	1	2	0	1	0	0	1	20	0	0	20	2046	62	0	0	0	62,960
275	787	0	1	1	1	0	0	1	17	1	1	19	2046	63	0	1	0	960
275	789	0	1	1	1	0	0	1	17	1	1	19	2046	63	0	1	0	960
275	790	1	2	0	1	0	0	1	20	0	0	20	2046	62	0	0	0	62,960
275	793	0	1	1	1	0	0	1	17	1	1	19	2046	63	0	1	0	960
275	794	1	2	0	1	0	0	1	20	0	0	20	2046	62	0	0	0	62,960
275	796	1	2	0	1	0	0	1	20	0	0	20	2046	62	0	0	0	62,960
275	803	0	1	1	1	0	0	1	17	1	1	19	2046	63	0	1	0	960
275	805	0	1	1	1	0	0	1	17	1	1	19	2046	63	0	1	0	960
275	806	1	2	0	1	0	0	1	20	0	0	20	2046	62	0	0	0	62,960
275	809	0	1	1	1	0	0	1	17	1	1	19	2046	63	0	1	0	960
275	810	1	2	0	1	0	0	1	20	0	0	20	2046	62	0	0	0	62,960
275	812	1	2	0	1	0	0	1	20	0	0	20	2046	62	0	0	0	62,960
275	817	0	1	1	1	0	0	1	17	1	1	19	2046	63	0	1	0	960
275	818	1	2	0	1	0	0	1	20	0	0	20	2046	62	0	0	0	62,960
275	820	1	2	0	1	0	0	1	20	0	0	20	2046	62	0	0	0	62,960
275	824	1	2	0	1	0	0	1	20	0	0	20	2046	62	0	0	0	62,960
275	835	0	1	1	1	0	0	1	17	1	1	19	2046	63	0	1	0	960
275	837	0	1	1	1	0	0	1	17	1	1	19	2046	63	0	1	0	960
275	838	1	2	0	1	0	0	1	20	0	0	20	2046	62	0	0	0	62,960
275	841	0	1	1	1	0	0	1	17	1	1	19	2046	63	0	1	0	960
275	842	1	2	0	1	0	0	1	20	0	0	20	2046	62	0	0	0	62,960
275	844	1	2	0	1	0	0	1	20	0	0	20	2046	62	0	0	0	62,960
275	849	0	1	1	1	0	0	1	17	1	1	19	2046	63	0	1	0	960
275	850	1	2	0	1	0	0	1	20	0	0	20	2046	62	0	0	0	62,960
275	852	1	2	0	1	0	0	1	20	0	0	20	2046	62	0	0	0	62,960
275	856	1	2	0	1	0	0	1	20	0	0	20	2046	62	0	0	0	62,960
275	865	0	1	1	1	0	0	1	17	1	1	19	2046	63	0	1	0	960
275	866	1	2	0	1	0	0	1	20	0	0	20	2046	62	0	0	0	62,960
275	868	1	2	0	1	0	0	1	20	0	0	20	2046	62	0	0	0	62,960
275	872	1	2	0	1	0	0	1	20	0	0	20	2046	62	0	0	0	62,960
275	880	1	2	0	1	0	0	1	20	0	0	20	2046	62	0	0	0	62,960
275	899	0	1	1	1	0	0	1	17	1	1	19	2046	63	0	1	0	960
275	901	0	1	1	1	0	0	1	17	1	1	19	2046	63	0	1	0	960
275	902	1	2	0	1	0	0	1	20	0	0	20	2046	62	0	0	0	62,960
275	905	0	1	1	1	0	0	1	17	1	1	19	2046	63	0	1	0	960
275	906	1	2	0	1	0	0	1	20	0	0	20	2046	62	0	0	0	62,960
275	908	1	2	0	1	0	0	1	20	0	0	20	2046	62	0	0	0	62,960
275	913	0	1	1	1	0	0	1	17	1	1	19	2046	63	0	1	0	960
275	914	1	2	0	1	0	0	1	20	0	0	20	2046	62	0	0	0	62,960
275	916	1	2	0	1	0	0	1	20	0	0	20	2046	62	0	0	0	62,960
275	920	1	2	0	1	0	0	1	20	0	0	20	2046	62	0	0	0	62,960
275	929	0	1	1	1	0	0	1	17	1	1	19	2046	63	0	1	0	960
275	930	1	2	0	1	0	0	1	20	0	0	20	2046	62	0	0	0	62,960
275	932	1	2	0	1	0	0	1	20	0	0	20	2046	62	0	0	0	62,960
275	936	1	2	0	1	0	0	1	20	0	0	20	2046	62	0	0	0	62,960
275	944	1	2	0	1	0	0	1	20	0	0	20	2046	62	0	0	0	62,960
275	961	0	1	1	1	0	0	1	17	1	1	19	2046	63	0	1	0	960
275	962	1	2	0	1	0	0	1	20	0	0	20	2046	62	0	0	0	62,960
275	964	1	2	0	1	0	0	1	20	0	0	20	2046	62	0	0	0	62,960
275	968	1	2	0	1	0	0	1	20	0	0	20	2046	62	0	0	0	62,960
275	976	1	2	0	1	0	0	1	20	0	0	20	2046	62	0	0	0	62,960
275	992	1	2	0	1	0	0	1	20	0	0	20	2046	62	0	0	0	62,960
275	1039	0	1	1	1	0	0	1	17	1	1	19	2046	63	0	1	0	960
275	1047	0	1	1	1	0	0	1	17	1	1	19	2046	63	0	1	0	960
275	1051	0	1	1	1	0	0	1	17	1	1	19	2046	63	0	1	0	960
275	1053	0	1	1	1	0	0	1	17	1	1	19	2046	63	0	1	0	960
275	1054	1	2	0	1	0	0	1	20	0	0	20	2046	62	0	0	0	62,960
275	1063	0	1	1	1	0	0	1	17	1	1	19	2046	63	0	1	0	960
275	1067	0	1	1	1	0	0	1	17	1	1	19	2046	63	0	1	0	960
275	1069	0	1	1	1	0	0	1	17	1	1	19	2046	63	0	1	0	960
275	1070	1	2	0	1	0	0	1	20	0	0	20	2046	62	0	0	0	62,960
275	1075	0	1	1	1	0	0	1	17	1	1	19	2046	63	0	1	0	960
275	1077	0	1	1	1	0	0	1	17	1	1	19	2046	63	0	1	0	960
275	1078	1	2	0	1	0	0	1	20	0	0	20	2046	62	0	0	0	62,960
275	1081	0	1	1	1	0	0	1	17	1	1	19	2046	63	0	1	0	960
275	1082	1	2	0	1	0	0	1	20	0	0	20	2046	62	0	0	0	62,960
275	1084	1	2	0	1	0	0	1	20	0	0	20	2046	62	0	0	0	62,960
275	1095	0	1	1	1	0	0	1	17	1	1	19	2046	63	0	1	0	960
275	1099	0	1	1	1	0	0	1	17	1	1	19	2046	63	0	1	0	960
275	1101	0	1	1	1	0	0	1	17	1	1	19	2046	63	0	1	0	960
275	1102	1	2	0	1	0	0	1	20	0	0	20	2046	62	0	0	0	62,960
275	1107	0	1	1	1	0	0	1	17	1	1	19	2046	63	0	1	0	960
275	1109	0	1	1	1	0	0	1	17	1	1	19	2046	63	0	1	0	960
275	1110	1	2	0	1	0	0	1	20	0	0	20	2046	62	0	0	0	62,960
275	1113	0	1	1	1	0	0	1	17	1	1	19	2046	63	0	1	0	960
275	1114	1	2	0	1	0	0	1	20	0	0	20	2046	62	0	0	0	62,960
275	1116	1	2	0	1	0	0	1	20	0	0	20	2046	62	0	0	0	62,960
275	1123	0	1	1	1	0	0	1	17	1	1	19	2046	63	0	1	0	960
275	1125	0	1	1	1	0	0	1	17	1	1	19	2046	63	0	1	0	960
275	1126	1	2	0	1	0	0	1	20	0	0	20	2046	62	0	0	0	62,960
275	1129	0	1	1	1	0	0	1	17	1	1	19	2046	63	0	1	0	960
275	1130	1	2	0	1	0	0	1	20	0	0	20	2046	62	0	0	0	62,960
275	1132	1	2	0	1	0	0	1	20	0	0	20	2046	62	0	0	0	62,960
275	1137	0	1	1	1	0	0	1	17	1	1	19	2046	63	0	1	0	960
275	1138	1	2	0	1	0	0	1	20	0	0	20	2046	62	0	0	0	62,960
275	1140	1	2	0	1	0	0	1	20	0	0	20	2046	62	0	0	0	62,960
275	1144	1	2	0	1	0	0	1	20	0	0	20	2046	62	0	0	0	62,960
275	1159	0	1	1	1	0	0	1	17	1	1	19	2046	63	0	1	0	960
275	1163	0	1	1	1	0	0	1	17	1	1	19	2046	63	0	1	0	960
275	1165	0	1	1	1	0	0	1	17	1	1	19	2046	63	0	1	0	960
275	1166	1	2	0	1	0	0	1	20	0	0	20	2046	62	0	0	0	62,960
275	1171	0	1	1	1	0	0	1	17	1	1	19	2046	63	0	1	0	960
275	1173	0	1	1	1	0	0	1	17	1	1	19	2046	63	0	1	0	960
275	1174	1	2	0	1	0	0	1	20	0	0	20	2046	62	0	0	0	62,960
275	1177	0	1	1	1	0	0	1	17	1	1	19	2046	63	0	1	0	960
275	1178	1	2	0	1	0	0	1	20	0	0	20	2046	62	0	0	0	62,960
275	1180	1	2	0	1	0	0	1	20	0	0	20	2046	62	0	0	0	62,960
275	1187	0	1	1	1	0	0	1	17	1	1	19	2046	63	0	1	0	960
275	1189	0	1	1	1	0	0	1	17	1	1	19	2046	63	0	1	0	960
275	1190	1	2	0	1	0	0	1	20	0	0	20	2046	62	0	0	0	62,960
275	1193	0	1	1	1	0	0	1	17	1	1	19	2046	63	0	1	0	960
275	1194	1	2	0	1	0	0	1	20	0	0	20	2046	62	0	0	0	62,960
275	1196	1	2	0	1	0	0	1	20	0	0	20	2046	62	0	0	0	62,960
275	1201	0	1	1	1	0	0	1	17	1	1	19	2046	63	0	1	0	960
275	1202	1	2	0	1	0	0	1	20	0	0	20	2046	62	0	0	0	62,960
275	1204	1	2	0	1	0	0	1	20	0	0	20	2046	62	0	0	0	62,960
275	1208	1	2	0	1	0	0	1	20	0	0	20	2046	62	0	0	0	62,960
275	1219	0	1	1	1	0	0	1	17	1	1	19	2046	63	0	1	0	960
275	1221	0	1	1	1	0	0	1	17	1	1	19	2046	63	0	1	0	960
275	1222	1	2	0	1	0	0	1	20	0	0	20	2046	62	0	0	0	62,960
275	1225	0	1	1	1	0	0	1	17	1	1	19	2046	63	0	1	0	960
275	1226	1	2	0	1	0	0	1	20	0	0	20	2046	62	0	0	0	62,960
275	1228	1	2	0	1	0	0	1	20	0	0	20	2046	62	0	0	0	62,960
275	1233	0	1	1	1	0	0	1	17	1	1	19	2046	63	0	1	0	960
275	1234	1	2	0	1	0	0	1	20	0	0	20	2046	62	0	0	0	62,960
275	1236	1	2	0	1	0	0	1	20	0	0	20	2046	62	0	0	0	62,960
275	1240	1	2	0	1	0	0	1	20	0	0	20	2046	62	0	0	0	62,960
275	1249	0	1	1	1	0	0	1	17	1	1	19	2046	63	0	1	0	960
275	1250	1	2	0	1	0	0	1	20	0	0	20	2046	62	0	0	0	62,960
275	1252	1	2	0	1	0	0	1	20	0	0	20	2046	62	0	0	0	62,960
275	1256	1	2	0	1	0	0	1	20	0	0	20	2046	62	0	0	0	62,960
275	1264	1	2	0	1	0	0	1	20	0	0	20	2046	62	0	0	0	62,960
275	1287	0	1	1	1	0	0	1	17	1	1	19	2046	63	0	1	0	960
275	1291	0	1	1	1	0	0	1	17	1	1	19	2046	63	0	1	0	960
275	1293	0	1	1	1	0	0	1	17	1	1	19	2046	63	0	1	0	960
275	1294	1	2	0	1	0	0	1	20	0	0	20	2046	62	0	0	0	62,960
275	1299	0	1	1	1	0	0	1	17	1	1	19	2046	63	0	1	0	960
275	1301	0	1	1	1	0	0	1	17	1	1	19	2046	63	0	1	0	960
275	1302	1	2	0	1	0	0	1	20	0	0	20	2046	62	0	0	0	62,960
275	1305	0	1	1	1	0	0	1	17	1	1	19	2046	63	0	1	0	960
275	1306	1	2	0	1	0	0	1	20	0	0	20	2046	62	0	0	0	62,960
275	1308	1	2	0	1	0	0	1	20	0	0	20	2046	62	0	0	0	62,960
275	1315	0	1	1	1	0	0	1	17	1	1	19	2046	63	0	1	0	960
275	1317	0	1	1	1	0	0	1	17	1	1	19	2046	63	0	1	0	960
275	1318	1	2	0	1	0	0	1	20	0	0	20	2046	62	0	0	0	62,960
275	1321	0	1	1	1	0	0	1	17	1	1	19	2046	63	0	1	0	960
275	1322	1	2	0	1	0	0	1	20	0	0	20	2046	62	0	0	0	62,960
275	1324	1	2	0	1	0	0	1	20	0	0	20	2046	62	0	0	0	62,960
275	1329	0	1	1	1	0	0	1	17	1	1	19	2046	63	0	1	0	960
275	1330	1	2	0	1	0	0	1	20	0	0	20	2046	62	0	0	0	62,960
275	1332	1	2	0	1	0	0	1	20	0	0	20	2046	62	0	0	0	62,960
275	1336	1	2	0	1	0	0	1	20	0	0	20	2046	62	0	0	0	62,960
275	1347	0	1	1	1	0	0	1	17	1	1	19	2046	63	0	1	0	960
275	1349	0	1	1	1	0	0	1	17	1	1	19	2046	63	0	1	0	960
275	1350	1	2	0	1	0	0	1	20	0	0	20	2046	62	0	0	0	62,960
275	1353	0	1	1	1	0	0	1	17	1	1	19	2046	63	0	1	0	960
275	1354	1	2	0	1	0	0	1	20	0	0	20	2046	62	0	0	0	62,960
275	1356	1	2	0	1	0	0	1	20	0	0	20	2046	62	0	0	0	62,960
275	1361	0	1	1	1	0	0	1	17	1	1	19	2046	63	0	1	0	960
275	1362	1	2	0	1	0	0	1	20	0	0	20	2046	62	0	0	0	62,960
275	1364	1	2	0	1	0	0	1	20	0	0	20	2046	62	0	0	0	62,960
275	1368	1	2	0	1	0	0	1	20	0	0	20	2046	62	0	0	0	62,960
275	1377	0	1	1	1	0	0	1	17	1	1	19	2046	63	0	1	0	960
275	1378	1	2	0	1	0	0	1	20	0	0	20	2046	62	0	0	0	62,960
275	1380	1	2	0	1	0	0	1	20	0	0	20	2046	62	0	0	0	62,960
275	1384	1	2	0	1	0	0	1	20	0	0	20	2046	62	0	0	0	62,960
275	1392	1	2	0	1	0	0	1	20	0	0	20	2046	62	0	0	0	62,960
275	1411	0	1	1	1	0	0	1	17	1	1	19	2046	63	0	1	0	960
275	1413	0	1	1	1	0	0	1	17	1	1	19	2046	63	0	1	0	960
275	1414	1	2	0	1	0	0	1	20	0	0	20	2046	62	0	0	0	62,960
275	1417	0	1	1	1	0	0	1	17	1	1	19	2046	63	0	1	0	960
275	1418	1	2	0	1	0	0	1	20	0	0	20	2046	62	0	0	0	62,960
275	1420	1	2	0	1	0	0	1	20	0	0	20	2046	62	0	0	0	62,960
275	1425	0	1	1	1	0	0	1	17	1	1	19	2046	63	0	1	0	960
275	1426	1	2	0	1	0	0	1	20	0	0	20	2046	62	0	0	0	62,960
275	1428	1	2	0	1	0	0	1	20	0	0	20	2046	62	0	0	0	62,960
275	1432	1	2	0	1	0	0	1	20	0	0	20	2046	62	0	0	0	62,960
275	1441	0	1	1	1	0	0	1	17	1	1	19	2046	63	0	1	0	960
275	1442	1	2	0	1	0	0	1	20	0	0	20	2046	62	0	0	0	62,960
275	1444	1	2	0	1	0	0	1	20	0	0	20	2046	62	0	0	0	62,960
275	1448	1	2	0	1	0	0	1	20	0	0	20	2046	62	0	0	0	62,960
275	1456	1	2	0	1	0	0	1	20	0	0	20	2046	62	0	0	0	62,960
275	1473	0	1	1	1	0	0	1	17	1	1	19	2046	63	0	1	0	960
275	1474	1	2	0	1	0	0	1	20	0	0	20	2046	62	0	0	0	62,960
275	1476	1	2	0	1	0	0	1	20	0	0	20	2046	62	0	0	0	62,960
275	1480	1	2	0	1	0	0	1	20	0	0	20	2046	62	0	0	0	62,960
275	1488	1	2	0	1	0	0	1	20	0	0	20	2046	62	0	0	0	62,960
275	1504	1	2	0	1	0	0	1	20	0	0	20	2046	62	0	0	0	62,960
275	1543	0	1	1	1	0	0	1	15	3	2	19	2046	63	0	1	0	960
275	1547	0	1	1	1	0	0	1	15	3	2	19	2046	63	0	1	0	960
275	1549	0	1	1	1	0	0	1	15	3	2	19	2046	63	0	1	0	960
275	1550	0	1	1	1	1	1	0	20	0	0	20	2046	63	1	0	1	960
275	1555	0	1	1	1	0	0	1	15	3	2	19	2046	63	0	1	0	960
275	1557	0	1	1	1	0	0	1	15	3	2	19	2046	63	0	1	0	960
275	1558	0	1	1	1	1	1	0	20	0	0	20	2046	63	1	0	1	960
275	1561	0	1	1	1	0	0	1	15	3	2	19	2046	63	0	1	0	960
275	1562	0	1	1	1	1	1	0	20	0	0	20	2046	63	1	0	1	960
275	1564	0	1	1	1	1	1	0	20	0	0	20	2046	63	1	0	1	960
275	1571	0	1	1	1	0	0	1	15	3	2	19	2046	63	0	1	0	960
275	1573	0	1	1	1	0	0	1	15	3	2	19	2046	63	0	1	0	960
275	1574	0	1	1	1	1	1	0	20	0	0	20	2046	63	1	0	1	960
275	1577	0	1	1	1	0	0	1	15	3	2	19	2046	63	0	1	0	960
275	1578	0	1	1	1	1	1	0	20	0	0	20	2046	63	1	0	1	960
275	1580	0	1	1	1	1	1	0	20	0	0	20	2046	63	1	0	1	960
275	1585	0	1	1	1	0	0	1	15	3	2	19	2046	63	0	1	0	960
275	1586	0	1	1	1	1	1	0	20	0	0	20	2046	63	1	0	1	960
275	1588	0	1	1	1	1	1	0	20	0	0	20	2046	63	1	0	1	960
275	1592	0	1	1	1	1	1	0	20	0	0	20	2046	63	1	0	1	960
275	1603	0	1	1	1	0	0	1	15	3	2	19	2046	63	0	1	0	960
275	1605	0	1	1	1	0	0	1	15	3	2	19	2046	63	0	1	0	960
275	1606	0	1	1	1	1	1	0	20	0	0	20	2046	63	1	0	1	960
275	1609	0	1	1	1	0	0	1	15	3	2	19	2046	63	0	1	0	960
275	1610	0	1	1	1	1	1	0	20	0	0	20	2046	63	1	0	1	960
275	1612	0	1	1	1	1	1	0	20	0	0	20	2046	63	1	0	1	960
275	1617	0	1	1	1	0	0	1	15	3	2	19	2046	63	0	1	0	960
275	1618	0	1	1	1	1	1	0	20	0	0	20	2046	63	1	0	1	960
275	1620	0	1	1	1	1	1	0	20	0	0	20	2046	63	1	0	1	960
275	1624	0	1	1	1	1	1	0	20	0	0	20	2046	63	1	0	1	960
275	1633	0	1	1	1	0	0	1	15	3	2	19	2046	63	0	1	0	960
275	1634	0	1	1	1	1	1	0	20	0	0	20	2046	63	1	0	1	960
275	1636	0	1	1	1	1	1	0	20	0	0	20	2046	63	1	0	1	960
275	1640	0	1	1	1	1	1	0	20	0	0	20	2046	63	1	0	1	960
275	1648	0	1	1	1	1	1	0	20	0	0	20	2046	63	1	0	1	960
275	1667	0	1	1	1	0	0	1	15	3	2	19	2046	63	0	1	0	960
275	1669	0	1	1	1	0	0	1	15	3	2	19	2046	63	0	1	0	960
275	1670	0	1	1	1	1	1	0	20	0	0	20	2046	63	1	0	1	960
275	1673	0	1	1	1	0	0	1	15	3	2	19	2046	63	0	1	0	960
275	1674	0	1	1	1	1	1	0	20	0	0	20	2046	63	1	0	1	960
275	1676	0	1	1	1	1	1	0	20	0	0	20	2046	63	1	0	1	960
275	1681	0	1	1	1	0	0	1	15	3	2	19	2046	63	0	1	0	960
275	1682	0	1	1	1	1	1	0	20	0	0	20	2046	63	1	0	1	960
275	1684	0	1	1	1	1	1	0	20	0	0	20	2046	63	1	0	1	960
275	1688	0	1	1	1	1	1	0	20	0	0	20	2046	63	1	0	1	960
275	1697	0	1	1	1	0	0	1	15	3	2	19	2046	63	0	1	0	960
275	1698	0	1	1	1	1	1	0	20	0	0	20	2046	63	1	0	1	960
275	1700	0	1	1	1	1	1	0	20	0	0	20	2046	63	1	0	1	960
275	1704	0	1	1	1	1	1	0	20	0	0	20	2046	63	1	0	1	960
275	1712	0	1	1	1	1	1	0	20	0	0	20	2046	63	1	0	1	960
275	1729	0	1	1	1	0	0	1	15	3	2	19	2046	63	0	1	0	960
275	1730	0	1	1	1	1	1	0	20	0	0	20	2046	63	1	0	1	960
275	1732	0	1	1	1	1	1	0	20	0	0	20	2046	63	1	0	1	960
275	1736	0	1	1	1	1	1	0	20	0	0	20	2046	63	1	0	1	960
275	1744	0	1	1	1	1	1	0	20	0	0	20	2046	63	1	0	1	960
275	1760	0	1	1	1	1	1	0	20	0	0	20	2046	63	1	0	1	960
275	1795	0	1	1	1	0	0	1	15	3	2	19	2046	63	0	1	0	960
275	1797	0	1	1	1	0	0	1	15	3	2	19	2046	63	0	1	0	960
275	1798	0	1	1	1	1	1	0	20	0	0	20	2046	63	1	0	1	960
275	1801	0	1	1	1	0	0	1	15	3	2	19	2046	63	0	1	0	960
275	1802	0	1	1	1	1	1	0	20	0	0	20	2046	63	1	0	1	960
275	1804	0	1	1	1	1	1	0	20	0	0	20	2046	63	1	0	1	960
275	1809	0	1	1	1	0	0	1	15	3	2	19	2046	63	0	1	0	960
275	1810	0	1	1	1	1	1	0	20	0	0	20	2046	63	1	0	1	960
275	1812	0	1	1	1	1	1	0	20	0	0	20	2046	63	1	0	1	960
275	1816	0	1	1	1	1	1	0	20	0	0	20	2046	63	1	0	1	960
275	1825	0	1	1	1	0	0	1	15	3	2	19	2046	63	0	1	0	960
275	1826	0	1	1	1	1	1	0	20	0	0	20	2046	63	1	0	1	960
275	1828	0	1	1	1	1	1	0	20	0	0	20	2046	63	1	0	1	960
275	1832	0	1	1	1	1	1	0	20	0	0	20	2046	63	1	0	1	960
275	1840	0	1	1	1	1	1	0	20	0	0	20	2046	63	1	0	1	960
275	1857	0	1	1	1	0	0	1	15	3	2	19	2046	63	0	1	0	960
275	1858	0	1	1	1	1	1	0	20	0	0	20	2046	63	1	0	1	960
275	1860	0	1	1	1	1	1	0	20	0	0	20	2046	63	1	0	1	960
275	1864	0	1	1	1	1	1	0	20	0	0	20	2046	63	1	0	1	960
275	1872	0	1	1	1	1	1	0	20	0	0	20	2046	63	1	0	1	960
275	1888	0	1	1	1	1	1	0	20	0	0	20	2046	63	1	0	1	960
275	1921	0	1	1	1	0	0	1	15	3	2	19	2046	63	0	1	0	960
275	1922	0	1	1	1	1	1	0	20	0	0	20	2046	63	1	0	1	960
275	1924	0	1	1	1	1	1	0	20	0	0	20	2046	63	1	0	1	960
275	1928	0	1	1	1	1	1	0	20	0	0	20	2046	63	1	0	1	960
275	1936	0	1	1	1	1	1	0	20	0	0	20	2046	63	1	0	1	960
275	1952	0	1	1	1	1	1	0	20	0	0	20	2046	63	1	0	1	960
275	1984	0	1	1	1	1	1	0	20	0	0	20	2046	63	1	0	1	960
275	2063	0	1	1	1	0	0	1	16	75	4	24	2046	127	0	1	0	896
275	2071	0	1	1	1	0	0	1	16	75	4	24	2046	127	0	1	0	896
275	2075	0	1	1	1	0	0	1	16	75	4	24	2046	127	0	1	0	896
275	2077	0	1	1	1	0	0	1	16	75	4	24	2046	127	0	1	0	896
275	2078	0	1	1	1	0	0	1	17	75	4	25	2046	126	0	1	0	126
275	2087	0	1	1	1	0	0	1	16	75	4	24	2046	127	0	1	0	896
275	2091	0	1	1	1	0	0	1	16	75	4	24	2046	127	0	1	0	896
275	2093	0	1	1	1	0	0	1	16	75	4	24	2046	127	0	1	0	896
275	2094	0	1	1	1	0	0	1	17	75	4	25	2046	126	0	1	0	126
275	2099	0	1	1	1	0	0	1	16	75	4	24	2046	127	0	1	0	896
275	2101	0	1	1	1	0	0	1	16	75	4	24	2046	127	0	1	0	896
275	2102	0	1	1	1	0	0	1	17	75	4	25	2046	126	0	1	0	126
275	2105	0	1	1	1	0	0	1	16	75	4	24	2046	127	0	1	0	896
275	2106	0	1	1	1	0	0	1	17	75	4	25	2046	126	0	1	0	126
275	2108	0	1	1	1	0	0	1	17	75	4	25	2046	126	0	1	0	126
275	2119	0	1	1	1	0	0	1	16	75	4	24	2046	127	0	1	0	896
275	2123	0	1	1	1	0	0	1	16	75	4	24	2046	127	0	1	0	896
275	2125	0	1	1	1	0	0	1	16	75	4	24	2046	127	0	1	0	896
275	2126	0	1	1	1	0	0	1	17	75	4	25	2046	126	0	1	0	126
275	2131	0	1	1	1	0	0	1	16	75	4	24	2046	127	0	1	0	896
275	2133	0	1	1	1	0	0	1	16	75	4	24	2046	127	0	1	0	896
275	2134	0	1	1	1	0	0	1	17	75	4	25	2046	126	0	1	0	126
275	2137	0	1	1	1	0	0	1	16	75	4	24	2046	127	0	1	0	896
275	2138	0	1	1	1	0	0	1	17	75	4	25	2046	126	0	1	0	126
275	2140	0	1	1	1	0	0	1	17	75	4	25	2046	126	0	1	0	126
275	2147	0	1	1	1	0	0	1	16	75	4	24	2046	127	0	1	0	896
275	2149	0	1	1	1	0	0	1	16	75	4	24	2046	127	0	1	0	896
275	2150	0	1	1	1	0	0	1	17	75	4	25	2046	126	0	1	0	126
275	2153	0	1	1	1	0	0	1	16	75	4	24	2046	127	0	1	0	896
275	2154	0	1	1	1	0	0	1	17	75	4	25	2046	126	0	1	0	126
275	2156	0	1	1	1	0	0	1	17	75	4	25	2046	126	0	1	0	126
275	2161	0	1	1	1	0	0	1	16	75	4	24	2046	127	0	1	0	896
275	2162	0	1	1	1	0	0	1	17	75	4	25	2046	126	0	1	0	126
275	2164	0	1	1	1	0	0	1	17	75	4	25	2046	126	0	1	0	126
275	2168	0	1	1	1	0	0	1	17	75	4	25	2046	126	0	1	0	126
275	2183	0	1	1	1	0	0	1	16	75	4	24	2046	127	0	1	0	896
275	2187	0	1	1	1	0	0	1	16	75	4	24	2046	127	0	1	0	896
275	2189	0	1	1	1	0	0	1	16	75	4	24	2046	127	0	1	0	896
275	2190	0	1	1	1	0	0	1	17	75	4	25	2046	126	0	1	0	126
275	2195	0	1	1	1	0	0	1	16	75	4	24	2046	127	0	1	0	896
275	2197	0	1	1	1	0	0	1	16	75	4	24	2046	127	0	1	0	896
275	2198	0	1	1	1	0	0	1	17	75	4	25	2046	126	0	1	0	126
275	2201	0	1	1	1	0	0	1	16	75	4	24	2046	127	0	1	0	896
275	2202	0	1	1	1	0	0	1	17	75	4	25	2046	126	0	1	0	126
275	2204	0	1	1	1	0	0	1	17	75	4	25	2046	126	0	1	0	126
275	2211	0	1	1	1	0	0	1	16	75	4	24	2046	127	0	1	0	896
275	2213	0	1	1	1	0	0	1	16	75	4	24	2046	127	0	1	0	896
275	2214	0	1	1	1	0	0	1	17	75	4	25	2046	126	0	1	0	126
275	2217	0	1	1	1	0	0	1	16	75	4	24	2046	127	0	1	0	896
275	2218	0	1	1	1	0	0	1	17	75	4	25	2046	126	0	1	0	126
275	2220	0	1	1	1	0	0	1	17	75	4	25	2046	126	0	1	0	126
275	2225	0	1	1	1	0	0	1	16	75	4	24	2046	127	0	1	0	896
275	2226	0	1	1	1	0	0	1	17	75	4	25	2046	126	0	1	0	126
275	2228	0	1	1	1	0	0	1	17	75	4	25	2046	126	0	1	0	126
275	2232	0	1	1	1	0	0	1	17	75	4	25	2046	126	0	1	0	126
275	2243	0	1	1	1	0	0	1	16	75	4	24	2046	127	0	1	0	896
275	2245	0	1	1	1	0	0	1	16	75	4	24	2046	127	0	1	0	896
275	2246	0	1	1	1	0	0	1	17	75	4	25	2046	126	0	1	0	126
275	2249	0	1	1	1	0	0	1	16	75	4	24	2046	127	0	1	0	896
275	2250	0	1	1	1	0	0	1	17	75	4	25	2046	126	0	1	0	126
275	2252	0	1	1	1	0	0	1	17	75	4	25	2046	126	0	1	0	126
275	2257	0	1	1	1	0	0	1	16	75	4	24	2046	127	0	1	0	896
275	2258	0	1	1	1	0	0	1	17	75	4	25	2046	126	0	1	0	126
275	2260	0	1	1	1	0	0	1	17	75	4	25	2046	126	0	1	0	126
275	2264	0	1	1	1	0	0	1	17	75	4	25	2046	126	0	1	0	126
275	2273	0	1	1	1	0	0	1	16	75	4	24	2046	127	0	1	0	896
275	2274	0	1	1	1	0	0	1	17	75	4	25	2046	126	0	1	0	126
275	2276	0	1	1	1	0	0	1	17	75	4	25	2046	126	0	1	0	126
275	2280	0	1	1	1	0	0	1	17	75	4	25	2046	126	0	1	0	126
275	2288	0	1	1	1	0	0	1	17	75	4	25	2046	126	0	1	0	126
275	2311	0	1	1	1	0	0	1	16	75	4	24	2046	127	0	1	0	896
275	2315	0	1	1	1	0	0	1	16	75	4	24	2046	127	0	1	0	896
275	2317	0	1	1	1	0	0	1	16	75	4	24	2046	127	0	1	0	896
275	2318	0	1	1	1	0	0	1	17	75	4	25	2046	126	0	1	0	126
275	2323	0	1	1	1	0	0	1	16	75	4	24	2046	127	0	1	0	896
275	2325	0	1	1	1	0	0	1	16	75	4	24	2046	127	0	1	0	896
275	2326	0	1	1	1	0	0	1	17	75	4	25	2046	126	0	1	0	126
275	2329	0	1	1	1	0	0	1	16	75	4	24	2046	127	0	1	0	896
275	2330	0	1	1	1	0	0	1	17	75	4	25	2046	126	0	1	0	126
275	2332	0	1	1	1	0	0	1	17	75	4	25	2046	126	0	1	0	126
275	2339	0	1	1	1	0	0	1	16	75	4	24	2046	127	0	1	0	896
275	2341	0	1	1	1	0	0	1	16	75	4	24	2046	127	0	1	0	896
275	2342	0	1	1	1	0	0	1	17	75	4	25	2046	126	0	1	0	126
275	2345	0	1	1	1	0	0	1	16	75	4	24	2046	127	0	1	0	896
275	2346	0	1	1	1	0	0	1	17	75	4	25	2046	126	0	1	0	126
275	2348	0	1	1	1	0	0	1	17	75	4	25	2046	126	0	1	0	126
275	2353	0	1	1	1	0	0	1	16	75	4	24	2046	127	0	1	0	896
275	2354	0	1	1	1	0	0	1	17	75	4	25	2046	126	0	1	0	126
275	2356	0	1	1	1	0	0	1	17	75	4	25	2046	126	0	1	0	126
275	2360	0	1	1	1	0	0	1	17	75	4	25	2046	126	0	1	0	126
275	2371	0	1	1	1	0	0	1	16	75	4	24	2046	127	0	1	0	896
275	2373	0	1	1	1	0	0	1	16	75	4	24	2046	127	0	1	0	896
275	2374	0	1	1	1	0	0	1	17	75	4	25	2046	126	0	1	0	126
275	2377	0	1	1	1	0	0	1	16	75	4	24	2046	127	0	1	0	896
275	2378	0	1	1	1	0	0	1	17	75	4	25	2046	126	0	1	0	126
275	2380	0	1	1	1	0	0	1	17	75	4	25	2046	126	0	1	0	126
275	2385	0	1	1	1	0	0	1	16	75	4	24	2046	127	0	1	0	896
275	2386	0	1	1	1	0	0	1	17	75	4	25	2046	126	0	1	0	126
275	2388	0	1	1	1	0	0	1	17	75	4	25	2046	126	0	1	0	126
275	2392	0	1	1	1	0	0	1	17	75	4	25	2046	126	0	1	0	126
275	2401	0	1	1	1	0	0	1	16	75	4	24	2046	127	0	1	0	896
275	2402	0	1	1	1	0	0	1	17	75	4	25	2046	126	0	1	0	126
275	2404	0	1	1	1	0	0	1	17	75	4	25	2046	126	0	1	0	126
275	2408	0	1	1	1	0	0	1	17	75	4	25	2046	126	0	1	0	126
275	2416	0	1	1	1	0	0	1	17	75	4	25	2046	126	0	1	0	126
275	2435	0	1	1	1	0	0	1	16	75	4	24	2046	127	0	1	0	896
275	2437	0	1	1	1	0	0	1	16	75	4	24	2046	127	0	1	0	896
275	2438	0	1	1	1	0	0	1	17	75	4	25	2046	126	0	1	0	126
275	2441	0	1	1	1	0	0	1	16	75	4	24	2046	127	0	1	0	896
275	2442	0	1	1	1	0	0	1	17	75	4	25	2046	126	0	1	0	126
275	2444	0	1	1	1	0	0	1	17	75	4	25	2046	126	0	1	0	126
275	2449	0	1	1	1	0	0	1	16	75	4	24	2046	127	0	1	0	896
275	2450	0	1	1	1	0	0	1	17	75	4	25	2046	126	0	1	0	126
275	2452	0	1	1	1	0	0	1	17	75	4	25	2046	126	0	1	0	126
275	2456	0	1	1	1	0	0	1	17	75	4	25	2046	126	0	1	0	126
275	2465	0	1	1	1	0	0	1	16	75	4	24	2046	127	0	1	0	896
275	2466	0	1	1	1	0	0	1	17	75	4	25	2046	126	0	1	0	126
275	2468	0	1	1	1	0	0	1	17	75	4	25	2046	126	0	1	0	126
275	2472	0	1	1	1	0	0	1	17	75	4	25	2046	126	0	1	0	126
275	2480	0	1	1	1	0	0	1	17	75	4	25	2046	126	0	1	0	126
275	2497	0	1	1	1	0	0	1	16	75	4	24	2046	127	0	1	0	896
275	2498	0	1	1	1	0	0	1	17	75	4	25	2046	126	0	1	0	126
275	2500	0	1	1	1	0	0	1	17	75	4	25	2046	126	0	1	0	126
275	2504	0	1	1	1	0	0	1	17	75	4	25	2046	126	0	1	0	126
275	2512	0	1	1	1	0	0	1	17	75	4	25	2046	126	0	1	0	126
275	2528	0	1	1	1	0	0	1	17	75	4	25	2046	126	0	1	0	126
275	2567	0	1	1	1	0	0	1	16	77	4	24	2046	127	0	1	0	896
275	2571	0	1	1	1	0	0	1	16	77	4	24	2046	127	0	1	0	896
275	2573	0	1	1	1	0	0	1	16	77	4	24	2046	127	0	1	0	896
275	2574	0	1	1	1	0	0	1	19	11	3	25	2046	126	0	1	0	126
275	2579	0	1	1	1	0	0	1	16	77	4	24	2046	127	0	1	0	896
275	2581	0	1	1	1	0	0	1	16	77	4	24	2046	127	0	1	0	896
275	2582	0	1	1	1	0	0	1	19	11	3	25	2046	126	0	1	0	126
275	2585	0	1	1	1	0	0	1	16	77	4	24	2046	127	0	1	0	896
275	2586	0	1	1	1	0	0	1	19	11	3	25	2046	126	0	1	0	126
275	2588	0	1	1	1	0	0	1	19	11	3	25	2046	126	0	1	0	126
275	2595	0	1	1	1	0	0	1	16	77	4	24	2046	127	0	1	0	896
275	2597	0	1	1	1	0	0	1	16	77	4	24	2046	127	0	1	0	896
275	2598	0	1	1	1	0	0	1	19	11	3	25	2046	126	0	1	0	126
275	2601	0	1	1	1	0	0	1	16	77	4	24	2046	127	0	1	0	896
275	2602	0	1	1	1	0	0	1	19	11	3	25	2046	126	0	1	0	126
275	2604	0	1	1	1	0	0	1	19	11	3	25	2046	126	0	1	0	126
275	2609	0	1	1	1	0	0	1	16	77	4	24	2046	127	0	1	0	896
275	2610	0	1	1	1	0	0	1	19	11	3	25	2046	126	0	1	0	126
275	2612	0	1	1	1	0	0	1	19	11	3	25	2046	126	0	1	0	126
275	2616	0	1	1	1	0	0	1	19	11	3	25	2046	126	0	1	0	126
275	2627	0	1	1	1	0	0	1	16	77	4	24	2046	127	0	1	0	896
275	2629	0	1	1	1	0	0	1	16	77	4	24	2046	127	0	1	0	896
275	2630	0	1	1	1	0	0	1	19	11	3	25	2046	126	0	1	0	126
275	2633	0	1	1	1	0	0	1	16	77	4	24	2046	127	0	1	0	896
275	2634	0	1	1	1	0	0	1	19	11	3	25	2046	126	0	1	0	126
275	2636	0	1	1	1	0	0	1	19	11	3	25	2046	126	0	1	0	126
275	2641	0	1	1	1	0	0	1	16	77	4	24	2046	127	0	1	0	896
275	2642	0	1	1	1	0	0	1	19	11	3	25	2046	126	0	1	0	126
275	2644	0	1	1	1	0	0	1	19	11	3	25	2046	126	0	1	0	126
275	2648	0	1	1	1	0	0	1	19	11	3	25	2046	126	0	1	0	126
275	2657	0	1	1	1	0	0	1	16	77	4	24	2046	127	0	1	0	896
275	2658	0	1	1	1	0	0	1	19	11	3	25	2046	126	0	1	0	126
275	2660	0	1	1	1	0	0	1	19	11	3	25	2046	126	0	1	0	126
275	2664	0	1	1	1	0	0	1	19	11	3	25	2046	126	0	1	0	126
275	2672	0	1	1	1	0	0	1	19	11	3	25	2046	126	0	1	0	126
275	2691	0	1	1	1	0	0	1	16	77	4	24	2046	127	0	1	0	896
275	2693	0	1	1	1	0	0	1	16	77	4	24	2046	127	0	1	0	896
275	2694	0	1	1	1	0	0	1	19	11	3	25	2046	126	0	1	0	126
275	2697	0	1	1	1	0	0	1	16	77	4	24	2046	127	0	1	0	896
275	2698	0	1	1	1	0	0	1	19	11	3	25	2046	126	0	1	0	126
275	2700	0	1	1	1	0	0	1	19	11	3	25	2046	126	0	1	0	126
275	2705	0	1	1	1	0	0	1	16	77	4	24	2046	127	0	1	0	896
275	2706	0	1	1	1	0	0	1	19	11	3	25	2046	126	0	1	0	126
275	2708	0	1	1	1	0	0	1	19	11	3	25	2046	126	0	1	0	126
275	2712	0	1	1	1	0	0	1	19	11	3	25	2046	126	0	1	0	126
275	2721	0	1	1	1	0	0	1	16	77	4	24	2046	127	0	1	0	896
275	2722	0	1	1	1	0	0	1	19	11	3	25	2046	126	0	1	0	126
275	2724	0	1	1	1	0	0	1	19	11	3	25	2046	126	0	1	0	126
275	2728	0	1	1	1	0	0	1	19	11	3	25	2046	126	0	1	0	126
275	2736	0	1	1	1	0	0	1	19	11	3	25	2046	126	0	1	0	126
275	2753	0	1	1	1	0	0	1	16	77	4	24	2046	127	0	1	0	896
275	2754	0	1	1	1	0	0	1	19	11	3	25	2046	126	0	1	0	126
275	2756	0	1	1	1	0	0	1	19	11	3	25	2046	126	0	1	0	126
275	2760	0	1	1	1	0	0	1	19	11	3	25	2046	126	0	1	0	126
275	2768	0	1	1	1	0	0	1	19	11	3	25	2046	126	0	1	0	126
275	2784	0	1	1	1	0	0	1	19	11	3	25	2046	126	0	1	0	126
275	2819	0	1	1	1	0	0	1	16	77	4	24	2046	127	0	1	0	896
275	2821	0	1	1	1	0	0	1	16	77	4	24	2046	127	0	1	0	896
275	2822	0	1	1	1	0	0	1	19	11	3	25	2046	126	0	1	0	126
275	2825	0	1	1	1	0	0	1	16	77	4	24	2046	127	0	1	0	896
275	2826	0	1	1	1	0	0	1	19	11	3	25	2046	126	0	1	0	126
275	2828	0	1	1	1	0	0	1	19	11	3	25	2046	126	0	1	0	126
275	2833	0	1	1	1	0	0	1	16	77	4	24	2046	127	0	1	0	896
275	2834	0	1	1	1	0	0	1	19	11	3	25	2046	126	0	1	0	126
275	2836	0	1	1	1	0	0	1	19	11	3	25	2046	126	0	1	0	126
275	2840	0	1	1	1	0	0	1	19	11	3	25	2046	126	0	1	0	126
275	2849	0	1	1	1	0	0	1	16	77	4	24	2046	127	0	1	0	896
275	2850	0	1	1	1	0	0	1	19	11	3	25	2046	126	0	1	0	126
275	2852	0	1	1	1	0	0	1	19	11	3	25	2046	126	0	1	0	126
275	2856	0	1	1	1	0	0	1	19	11	3	25	2046	126	0	1	0	126
275	2864	0	1	1	1	0	0	1	19	11	3	25	2046	126	0	1	0	126
275	2881	0	1	1	1	0	0	1	16	77	4	24	2046	127	0	1	0	896
275	2882	0	1	1	1	0	0	1	19	11	3	25	2046	126	0	1	0	126
275	2884	0	1	1	1	0	0	1	19	11	3	25	2046	126	0	1	0	126
275	2888	0	1	1	1	0	0	1	19	11	3	25	2046	126	0	1	0	126
275	2896	0	1	1	1	0	0	1	19	11	3	25	2046	126	0	1	0	126
275	2912	0	1	1	1	0	0	1	19	11	3	25	2046	126	0	1	0	126
275	2945	0	1	1	1	0	0	1	16	77	4	24	2046	127	0	1	0	896
275	2946	0	1	1	1	0	0	1	19	11	3	25	2046	126	0	1	0	126
275	2948	0	1	1	1	0	0	1	19	11	3	25	2046	126	0	1	0	126
275	2952	0	1	1	1	0	0	1	19	11	3	25	2046	126	0	1	0	126
275	2960	0	1	1	1	0	0	1	19	11	3	25	2046	126	0	1	0	126
275	2976	0	1	1	1	0	0	1	19	11	3	25	2046	126	0	1	0	126
275	3008	0	1	1	1	0	0	1	19	11	3	25	2046	126	0	1	0	126
275	3079	0	1	1	1	0	0	1	16	77	4	24	2046	127	0	1	0	896
275	3083	0	1	1	1	0	0	1	16	77	4	24	2046	127	0	1	0	896
275	3085	0	1	1	1	0	0	1	16	77	4	24	2046	127	0	1	0	896
275	3086	0	1	1	1	0	0	1	19	11	3	25	2046	126	0	1	0	126
275	3091	0	1	1	1	0	0	1	16	77	4	24	2046	127	0	1	0	896
275	3093	0	1	1	1	0	0	1	16	77	4	24	2046	127	0	1	0	896
275	3094	0	1	1	1	0	0	1	19	11	3	25	2046	126	0	1	0	126
275	3097	0	1	1	1	0	0	1	16	77	4	24	2046	127	0	1	0	896
275	3098	0	1	1	1	0	0	1	19	11	3	25	2046	126	0	1	0	126
275	3100	0	1	1	1	0	0	1	19	11	3	25	2046	126	0	1	0	126
275	3107	0	1	1	1	0	0	1	16	77	4	24	2046	127	0	1	0	896
275	3109	0	1	1	1	0	0	1	16	77	4	24	2046	127	0	1	0	896
275	3110	0	1	1	1	0	0	1	19	11	3	25	2046	126	0	1	0	126
275	3113	0	1	1	1	0	0	1	16	77	4	24	2046	127	0	1	0	896
275	3114	0	1	1	1	0	0	1	19	11	3	25	2046	126	0	1	0	126
275	3116	0	1	1	1	0	0	1	19	11	3	25	2046	126	0	1	0	126
275	3121	0	1	1	1	0	0	1	16	77	4	24	2046	127	0	1	0	896
275	3122	0	1	1	1	0	0	1	19	11	3	25	2046	126	0	1	0	126
275	3124	0	1	1	1	0	0	1	19	11	3	25	2046	126	0	1	0	126
275	3128	0	1	1	1	0	0	1	19	11	3	25	2046	126	0	1	0	126
275	3139	0	1	1	1	0	0	1	16	77	4	24	2046	127	0	1	0	896
275	3141	0	1	1	1	0	0	1	16	77	4	24	2046	127	0	1	0	896
275	3142	0	1	1	1	0	0	1	19	11	3	25	2046	126	0	1	0	126
275	3145	0	1	1	1	0	0	1	16	77	4	24	2046	127	0	1	0	896
275	3146	0	1	1	1	0	0	1	19	11	3	25	2046	126	0	1	0	126
275	3148	0	1	1	1	0	0	1	19	11	3	25	2046	126	0	1	0	126
275	3153	0	1	1	1	0	0	1	16	77	4	24	2046	127	0	1	0	896
275	3154	0	1	1	1	0	0	1	19	11	3	25	2046	126	0	1	0	126
275	3156	0	1	1	1	0	0	1	19	11	3	25	2046	126	0	1	0	126
275	3160	0	1	1	1	0	0	1	19	11	3	25	2046	126	0	1	0	126
275	3169	0	1	1	1	0	0	1	16	77	4	24	2046	127	0	1	0	896
275	3170	0	1	1	1	0	0	1	19	11	3	25	2046	126	0	1	0	126
275	3172	0	1	1	1	0	0	1	19	11	3	25	2046	126	0	1	0	126
275	3176	0	1	1	1	0	0	1	19	11	3	25	2046	126	0	1	0	126
275	3184	0	1	1	1	0	0	1	19	11	3	25	2046	126	0	1	0	126
275	3203	0	1	1	1	0	0	1	16	77	4	24	2046	127	0	1	0	896
275	3205	0	1	1	1	0	0	1	16	77	4	24	2046	127	0	1	0	896
275	3206	0	1	1	1	0	0	1	19	11	3	25	2046	126	0	1	0	126
275	3209	0	1	1	1	0	0	1	16	77	4	24	2046	127	0	1	0	896
275	3210	0	1	1	1	0	0	1	19	11	3	25	2046	126	0	1	0	126
275	3212	0	1	1	1	0	0	1	19	11	3	25	2046	126	0	1	0	126
275	3217	0	1	1	1	0	0	1	16	77	4	24	2046	127	0	1	0	896
275	3218	0	1	1	1	0	0	1	19	11	3	25	2046	126	0	1	0	126
275	3220	0	1	1	1	0	0	1	19	11	3	25	2046	126	0	1	0	126
275	3224	0	1	1	1	0	0	1	19	11	3	25	2046	126	0	1	0	126
275	3233	0	1	1	1	0	0	1	16	77	4	24	2046	127	0	1	0	896
275	3234	0	1	1	1	0	0	1	19	11	3	25	2046	126	0	1	0	126
275	3236	0	1	1	1	0	0	1	19	11	3	25	2046	126	0	1	0	126
275	3240	0	1	1	1	0	0	1	19	11	3	25	2046	126	0	1	0	126
275	3248	0	1	1	1	0	0	1	19	11	3	25	2046	126	0	1	0	126
275	3265	0	1	1	1	0	0	1	16	77	4	24	2046	127	0	1	0	896
275	3266	0	1	1	1	0	0	1	19	11	3	25	2046	126	0	1	0	126
275	3268	0	1	1	1	0	0	1	19	11	3	25	2046	126	0	1	0	126
275	3272	0	1	1	1	0	0	1	19	11	3	25	2046	126	0	1	0	126
275	3280	0	1	1	1	0	0	1	19	11	3	25	2046	126	0	1	0	126
275	3296	0	1	1	1	0	0	1	19	11	3	25	2046	126	0	1	0	126
275	3331	0	1	1	1	0	0	1	16	77	4	24	2046	127	0	1	0	896
275	3333	0	1	1	1	0	0	1	16	77	4	24	2046	127	0	1	0	896
275	3334	0	1	1	1	0	0	1	19	11	3	25	2046	126	0	1	0	126
275	3337	0	1	1	1	0	0	1	16	77	4	24	2046	127	0	1	0	896
275	3338	0	1	1	1	0	0	1	19	11	3	25	2046	126	0	1	0	126
275	3340	0	1	1	1	0	0	1	19	11	3	25	2046	126	0	1	0	126
275	3345	0	1	1	1	0	0	1	16	77	4	24	2046	127	0	1	0	896
275	3346	0	1	1	1	0	0	1	19	11	3	25	2046	126	0	1	0	126
275	3348	0	1	1	1	0	0	1	19	11	3	25	2046	126	0	1	0	126
275	3352	0	1	1	1	0	0	1	19	11	3	25	2046	126	0	1	0	126
275	3361	0	1	1	1	0	0	1	16	77	4	24	2046	127	0	1	0	896
275	3362	0	1	1	1	0	0	1	19	11	3	25	2046	126	0	1	0	126
275	3364	0	1	1	1	0	0	1	19	11	3	25	2046	126	0	1	0	126
275	3368	0	1	1	1	0	0	1	19	11	3	25	2046	126	0	1	0	126
275	3376	0	1	1	1	0	0	1	19	11	3	25	2046	126	0	1	0	126
275	3393	0	1	1	1	0	0	1	16	77	4	24	2046	127	0	1	0	896
275	3394	0	1	1	1	0	0	1	19	11	3	25	2046	126	0	1	0	126
275	3396	0	1	1	1	0	0	1	19	11	3	25	2046	126	0	1	0	126
275	3400	0	1	1	1	0	0	1	19	11	3	25	2046	126	0	1	0	126
275	3408	0	1	1	1	0	0	1	19	11	3	25	2046	126	0	1	0	126
275	3424	0	1	1	1	0	0	1	19	11	3	25	2046	126	0	1	0	126
275	3457	0	1	1	1	0	0	1	16	77	4	24	2046	127	0	1	0	896
275	3458	0	1	1	1	0	0	1	19	11	3	25	2046	126	0	1	0	126
275	3460	0	1	1	1	0	0	1	19	11	3	25	2046	126	0	1	0	126
275	3464	0	1	1	1	0	0	1	19	11	3	25	2046	126	0	1	0	126
275	3472	0	1	1	1	0	0	1	19	11	3	25	2046	126	0	1	0	126
275	3488	0	1	1	1	0	0	1	19	11	3	25	2046	126	0	1	0	126
275	3520	0	1	1	1	0	0	1	19	11	3	25	2046	126	0	1	0	126
275	3587	0	1	1	1	0	0	1	16	77	4	24	2046	127	0	1	0	896
275	3589	0	1	1	1	0	0	1	16	77	4	24	2046	127	0	1	0	896
275	3590	0	2	1	1	0	0	1	21	3	2	25	2046	126	0	1	0	126,896
275	3593	0	1	1	1	0	0	1	16	77	4	24	2046	127	0	1	0	896
275	3594	0	2	1	1	0	0	1	21	3	2	25	2046	126	0	1	0	126,896
275	3596	0	2	1	1	0	0	1	21	3	2	25	2046	126	0	1	0	126,896
275	3601	0	1	1	1	0	0	1	16	77	4	24	2046	127	0	1	0	896
275	3602	0	2	1	1	0	0	1	21	3	2	25	2046	126	0	1	0	126,896
275	3604	0	2	1	1	0	0	1	21	3	2	25	2046	126	0	1	0	126,896
275	3608	0	2	1	1	0	0	1	21	3	2	25	2046	126	0	1	0	126,896
275	3617	0	1	1	1	0	0	1	16	77	4	24	2046	127	0	1	0	896
275	3618	0	2	1	1	0	0	1	21	3	2	25	2046	126	0	1	0	126,896
275	3620	0	2	1	1	0	0	1	21	3	2	25	2046	126	0	1	0	126,896
275	3624	0	2	1	1	0	0	1	21	3	2	25	2046	126	0	1	0	126,896
275	3632	0	2	1	1	0	0	1	21	3	2	25	2046	126	0	1	0	126,896
275	3649	0	1	1	1	0	0	1	16	77	4	24	2046	127	0	1	0	896
275	3650	0	2	1	1	0	0	1	21	3	2	25	2046	126	0	1	0	126,896
275	3652	0	2	1	1	0	0	1	21	3	2	25	2046	126	0	1	0	126,896
275	3656	0	2	1	1	0	0	1	21	3	2	25	2046	126	0	1	0	126,896
275	3664	0	2	1	1	0	0	1	21	3	2	25	2046	126	0	1	0	126,896
275	3680	0	2	1	1	0	0	1	21	3	2	25	2046	126	0	1	0	126,896
275	3713	0	1	1	1	0	0	1	16	77	4	24	2046	127	0	1	0	896
275	3714	0	2	1	1	0	0	1	21	3	2	25	2046	126	0	1	0	126,896
275	3716	0	2	1	1	0	0	1	21	3	2	25	2046	126	0	1	0	126,896
275	3720	0	2	1	1	0	0	1	21	3	2	25	2046	126	0	1	0	126,896
275	3728	0	2	1	1	0	0	1	21	3	2	25	2046	126	0	1	0	126,896
275	3744	0	2	1	1	0	0	1	21	3	2	25	2046	126	0	1	0	126,896
275	3776	0	2	1	1	0	0	1	21	3	2	25	2046	126	0	1	0	126,896
275	3841	0	1	1	1	0	0	1	16	77	4	24	2046	127	0	1	0	896
275	3842	0	2	1	1	0	0	1	21	3	2	25	2046	126	0	1	0	126,896
275	3844	0	2	1	1	0	0	1	21	3	2	25	2046	126	0	1	0	126,896
275	3848	0	2	1	1	0	0	1	21	3	2	25	2046	126	0	1	0	126,896
275	3856	0	2	1	1	0	0	1	21	3	2	25	2046	126	0	1	0	126,896
275	3872	0	2	1	1	0	0	1	21	3	2	25	2046	126	0	1	0	126,896
275	3904	0	2	1	1	0	0	1	21	3	2	25	2046	126	0	1	0	126,896
275	3968	0	2	1	1	0	0	1	21	3	2	25	2046	126	0	1	0	126,896
275	4111	0	1	1	1	0	0	1	19	11	3	25	2046	127	0	1	0	896
275	4119	0	1	1	1	0	0	1	19	11	3	25	2046	127	0	1	0	896
275	4123	0	1	1	1	0	0	1	19	11	3	25	2046	127	0	1	0	896
275	4125	0	1	1	1	0	0	1	19	11	3	25	2046	127	0	1	0	896
275	4126	1	1	0	1	0	0	1	18	75	4	26	2046	126	0	0	0	126
275	4135	0	1	1	1	0	0	1	19	11	3	25	2046	127	0	1	0	896
275	4139	0	1	1	1	0	0	1	19	11	3	25	2046	127	0	1	0	896
275	4141	0	1	1	1	0	0	1	19	11	3	25	2046	127	0	1	0	896
275	4142	1	1	0	1	0	0	1	18	75	4	26	2046	126	0	0	0	126
275	4147	0	1	1	1	0	0	1	19	11	3	25	2046	127	0	1	0	896
275	4149	0	1	1	1	0	0	1	19	11	3	25	2046	127	0	1	0	896
275	4150	1	1	0	1	0	0	1	18	75	4	26	2046	126	0	0	0	126
275	4153	0	1	1	1	0	0	1	19	11	3	25	2046	127	0	1	0	896
275	4154	1	1	0	1	0	0	1	18	75	4	26	2046	126	0	0	0	126
275	4156	1	1	0	1	0	0	1	18	75	4	26	2046	126	0	0	0	126
275	4167	0	1	1	1	0	0	1	19	11	3	25	2046	127	0	1	0	896
275	4171	0	1	1	1	0	0	1	19	11	3	25	2046	127	0	1	0	896
275	4173	0	1	1	1	0	0	1	19	11	3	25	2046	127	0	1	0	896
275	4174	1	1	0	1	0	0	1	18	75	4	26	2046	126	0	0	0	126
275	4179	0	1	1	1	0	0	1	19	11	3	25	2046	127	0	1	0	896
275	4181	0	1	1	1	0	0	1	19	11	3	25	2046	127	0	1	0	896
275	4182	1	1	0	1	0	0	1	18	75	4	26	2046	126	0	0	0	126
275	4185	0	1	1	1	0	0	1	19	11	3	25	2046	127	0	1	0	896
275	4186	1	1	0	1	0	0	1	18	75	4	26	2046	126	0	0	0	126
275	4188	1	1	0	1	0	0	1	18	75	4	26	2046	126	0	0	0	126
275	4195	0	1	1	1	0	0	1	19	11	3	25	2046	127	0	1	0	896
275	4197	0	1	1	1	0	0	1	19	11	3	25	2046	127	0	1	0	896
275	4198	1	1	0	1	0	0	1	18	75	4	26	2046	126	0	0	0	126
275	4201	0	1	1	1	0	0	1	19	11	3	25	2046	127	0	1	0	896
275	4202	1	1	0	1	0	0	1	18	75	4	26	2046	126	0	0	0	126
275	4204	1	1	0	1	0	0	1	18	75	4	26	2046	126	0	0	0	126
275	4209	0	1	1	1	0	0	1	19	11	3	25	2046	127	0	1	0	896
275	4210	1	1	0	1	0	0	1	18	75	4	26	2046	126	0	0	0	126
275	4212	1	1	0	1	0	0	1	18	75	4	26	2046	126	0	0	0	126
275	4216	1	1	0	1	0	0	1	18	75	4	26	2046	126	0	0	0	126
275	4231	0	1	1	1	0	0	1	19	11	3	25	2046	127	0	1	0	896
275	4235	0	1	1	1	0	0	1	19	11	3	25	2046	127	0	1	0	896
275	4237	0	1	1	1	0	0	1	19	11	3	25	2046	127	0	1	0	896
275	4238	1	1	0	1	0	0	1	18	75	4	26	2046	126	0	0	0	126
275	4243	0	1	1	1	0	0	1	19	11	3	25	2046	127	0	1	0	896
275	4245	0	1	1	1	0	0	1	19	11	3	25	2046	127	0	1	0	896
275	4246	1	1	0	1	0	0	1	18	75	4	26	2046	126	0	0	0	126
275	4249	0	1	1	1	0	0	1	19	11	3	25	2046	127	0	1	0	896
275	4250	1	1	0	1	0	0	1	18	75	4	26	2046	126	0	0	0	126
275	4252	1	1	0	1	0	0	1	18	75	4	26	2046	126	0	0	0	126
275	4259	0	1	1	1	0	0	1	19	11	3	25	2046	127	0	1	0	896
275	4261	0	1	1	1	0	0	1	19	11	3	25	2046	127	0	1	0	896
275	4262	1	1	0	1	0	0	1	18	75	4	26	2046	126	0	0	0	126
275	4265	0	1	1	1	0	0	1	19	11	3	25	2046	127	0	1	0	896
275	4266	1	1	0	1	0	0	1	18	75	4	26	2046	126	0	0	0	126
275	4268	1	1	0	1	0	0	1	18	75	4	26	2046	126	0	0	0	126
275	4273	0	1	1	1	0	0	1	19	11	3	25	2046	127	0	1	0	896
275	4274	1	1	0	1	0	0	1	18	75	4	26	2046	126	0	0	0	126
275	4276	1	1	0	1	0	0	1	18	75	4	26	2046	126	0	0	0	126
275	4280	1	1	0	1	0	0	1	18	75	4	26	2046	126	0	0	0	126
275	4291	0	1	1	1	0	0	1	19	11	3	25	2046	127	0	1	0	896
275	4293	0	1	1	1	0	0	1	19	11	3	25	2046	127	0	1	0	896
275	4294	1	1	0	1	0	0	1	18	75	4	26	2046	126	0	0	0	126
275	4297	0	1	1	1	0	0	1	19	11	3	25	2046	127	0	1	0	896
275	4298	1	1	0	1	0	0	1	18	75	4	26	2046	126	0	0	0	126
275	4300	1	1	0	1	0	0	1	18	75	4	26	2046	126	0	0	0	126
275	4305	0	1	1	1	0	0	1	19	11	3	25	2046	127	0	1	0	896
275	4306	1	1	0	1	0	0	1	18	75	4	26	2046	126	0	0	0	126
275	4308	1	1	0	1	0	0	1	18	75	4	26	2046	126	0	0	0	126
275	4312	1	1	0	1	0	0	1	18	75	4	26	2046	126	0	0	0	126
275	4321	0	1	1	1	0	0	1	19	11	3	25	2046	127	0	1	0	896
275	4322	1	1	0	1	0	0	1	18	75	4	26	2046	126	0	0	0	126
275	4324	1	1	0	1	0	0	1	18	75	4	26	2046	126	0	0	0	126
275	4328	1	1	0	1	0	0	1	18	75	4	26	2046	126	0	0	0	126
275	4336	1	1	0	1	0	0	1	18	75	4	26	2046	126	0	0	0	126
275	4359	0	1	1	1	0	0	1	19	11	3	25	2046	127	0	1	0	896
275	4363	0	1	1	1	0	0	1	19	11	3	25	2046	127	0	1	0	896
275	4365	0	1	1	1	0	0	1	19	11	3	25	2046	127	0	1	0	896
275	4366	1	1	0	1	0	0	1	18	75	4	26	2046	126	0	0	0	126
275	4371	0	1	1	1	0	0	1	19	11	3	25	2046	127	0	1	0	896
275	4373	0	1	1	1	0	0	1	19	11	3	25	2046	127	0	1	0	896
275	4374	1	1	0	1	0	0	1	18	75	4	26	2046	126	0	0	0	126
275	4377	0	1	1	1	0	0	1	19	11	3	25	2046	127	0	1	0	896
275	4378	1	1	0	1	0	0	1	18	75	4	26	2046	126	0	0	0	126
275	4380	1	1	0	1	0	0	1	18	75	4	26	2046	126	0	0	0	126
275	4387	0	1	1	1	0	0	1	19	11	3	25	2046	127	0	1	0	896
275	4389	0	1	1	1	0	0	1	19	11	3	25	2046	127	0	1	0	896
275	4390	1	1	0	1	0	0	1	18	75	4	26	2046	126	0	0	0	126
275	4393	0	1	1	1	0	0	1	19	11	3	25	2046	127	0	1	0	896
275	4394	1	1	0	1	0	0	1	18	75	4	26	2046	126	0	0	0	126
275	4396	1	1	0	1	0	0	1	18	75	4	26	2046	126	0	0	0	126
275	4401	0	1	1	1	0	0	1	19	11	3	25	2046	127	0	1	0	896
275	4402	1	1	0	1	0	0	1	18	75	4	26	2046	126	0	0	0	126
275	4404	1	1	0	1	0	0	1	18	75	4	26	2046	126	0	0	0	126
275	4408	1	1	0	1	0	0	1	18	75	4	26	2046	126	0	0	0	126
275	4419	0	1	1	1	0	0	1	19	11	3	25	2046	127	0	1	0	896
275	4421	0	1	1	1	0	0	1	19	11	3	25	2046	127	0	1	0	896
275	4422	1	1	0	1	0	0	1	18	75	4	26	2046	126	0	0	0	126
275	4425	0	1	1	1	0	0	1	19	11	3	25	2046	127	0	1	0	896
275	4426	1	1	0	1	0	0	1	18	75	4	26	2046	126	0	0	0	126
275	4428	1	1	0	1	0	0	1	18	75	4	26	2046	126	0	0	0	126
275	4433	0	1	1	1	0	0	1	19	11	3	25	2046	127	0	1	0	896
275	4434	1	1	0	1	0	0	1	18	75	4	26	2046	126	0	0	0	126
275	4436	1	1	0	1	0	0	1	18	75	4	26	2046	126	0	0	0	126
275	4440	1	1	0	1	0	0	1	18	75	4	26	2046	126	0	0	0	126
275	4449	0	1	1	1	0	0	1	19	11	3	25	2046	127	0	1	0	896
275	4450	1	1	0	1	0	0	1	18	75	4	26	2046	126	0	0	0	126
275	4452	1	1	0	1	0	0	1	18	75	4	26	2046	126	0	0	0	126
275	4456	1	1	0	1	0	0	1	18	75	4	26	2046	126	0	0	0	126
275	4464	1	1	0	1	0	0	1	18	75	4	26	2046	126	0	0	0	126
275	4483	0	1	1	1	0	0	1	19	11	3	25	2046	127	0	1	0	896
275	4485	0	1	1	1	0	0	1	19	11	3	25	2046	127	0	1	0	896
275	4486	1	1	0	1	0	0	1	18	75	4	26	2046	126	0	0	0	126
275	4489	0	1	1	1	0	0	1	19	11	3	25	2046	127	0	1	0	896
275	4490	1	1	0	1	0	0	1	18	75	4	26	2046	126	0	0	0	126
275	4492	1	1	0	1	0	0	1	18	75	4	26	2046	126	0	0	0	126
275	4497	0	1	1	1	0	0	1	19	11	3	25	2046	127	0	1	0	896
275	4498	1	1	0	1	0	0	1	18	75	4	26	2046	126	0	0	0	126
275	4500	1	1	0	1	0	0	1	18	75	4	26	2046	126	0	0	0	126
275	4504	1	1	0	1	0	0	1	18	75	4	26	2046	126	0	0	0	126
275	4513	0	1	1	1	0	0	1	19	11	3	25	2046	127	0	1	0	896
275	4514	1	1	0	1	0	0	1	18	75	4	26	2046	126	0	0	0	126
275	4516	1	1	0	1	0	0	1	18	75	4	26	2046	126	0	0	0	126
275	4520	1	1	0	1	0	0	1	18	75	4	26	2046	126	0	0	0	126
275	4528	1	1	0	1	0	0	1	18	75	4	26	2046	126	0	0	0	126
275	4545	0	1	1	1	0	0	1	19	11	3	25	2046	127	0	1	0	896
275	4546	1	1	0	1	0	0	1	18	75	4	26	2046	126	0	0	0	126
275	4548	1	1	0	1	0	0	1	18	75	4	26	2046	126	0	0	0	126
275	4552	1	1	0	1	0	0	1	18	75	4	26	2046	126	0	0	0	126
275	4560	1	1	0	1	0	0	1	18	75	4	26	2046	126	0	0	0	126
275	4576	1	1	0	1	0	0	1	18	75	4	26	2046	126	0	0	0	126
275	4615	0	1	1	1	0	0	1	17	77	4	25	2046	127	0	1	0	896
275	4619	0	1	1	1	0	0	1	17	77	4	25	2046	127	0	1	0	896
275	4621	0	1	1	1	0	0	1	17	77	4	25	2046	127	0	1	0	896
275	4622	1	2	0	1	0	0	1	18	75	4	26	2046	126	0	0	0	126,896
275	4627	0	1	1	1	0	0	1	17	77	4	25	2046	127	0	1	0	896
275	4629	0	1	1	1	0	0	1	17	77	4	25	2046	127	0	1	0	896
275	4630	1	2	0	1	0	0	1	18	75	4	26	2046	126	0	0	0	126,896
275	4633	0	1	1	1	0	0	1	17	77	4	25	2046	127	0	1	0	896
275	4634	1	2	0	1	0	0	1	18	75	4	26	2046	126	0	0	0	126,896
275	4636	1	2	0	1	0	0	1	18	75	4	26	2046	126	0	0	0	126,896
275	4643	0	1	1	1	0	0	1	17	77	4	25	2046	127	0	1	0	896
275	4645	0	1	1	1	0	0	1	17	77	4	25	2046	127	0	1	0	896
275	4646	1	2	0	1	0	0	1	18	75	4	26	2046	126	0	0	0	126,896
275	4649	0	1	1	1	0	0	1	17	77	4	25	2046	127	0	1	0	896
275	4650	1	2	0	1	0	0	1	18	75	4	26	2046	126	0	0	0	126,896
275	4652	1	2	0	1	0	0	1	18	75	4	26	2046	126	0	0	0	126,896
275	4657	0	1	1	1	0	0	1	17	77	4	25	2046	127	0	1	0	896
275	4658	1	2	0	1	0	0	1	18	75	4	26	2046	126	0	0	0	126,896
275	4660	1	2	0	1	0	0	1	18	75	4	26	2046	126	0	0	0	126,896
275	4664	1	2	0	1	0	0	1	18	75	4	26	2046	126	0	0	0	126,896
275	4675	0	1	1	1	0	0	1	17	77	4	25	2046	127	0	1	0	896
275	4677	0	1	1	1	0	0	1	17	77	4	25	2046	127	0	1	0	896
275	4678	1	2	0	1	0	0	1	18	75	4	26	2046	126	0	0	0	126,896
275	4681	0	1	1	1	0	0	1	17	77	4	25	2046	127	0	1	0	896
275	4682	1	2	0	1	0	0	1	18	75	4	26	2046	126	0	0	0	126,896
275	4684	1	2	0	1	0	0	1	18	75	4	26	2046	126	0	0	0	126,896
275	4689	0	1	1	1	0	0	1	17	77	4	25	2046	127	0	1	0	896
275	4690	1	2	0	1	0	0	1	18	75	4	26	2046	126	0	0	0	126,896
275	4692	1	2	0	1	0	0	1	18	75	4	26	2046	126	0	0	0	126,896
275	4696	1	2	0	1	0	0	1	18	75	4	26	2046	126	0	0	0	126,896
275	4705	0	1	1	1	0	0	1	17	77	4	25	2046	127	0	1	0	896
275	4706	1	2	0	1	0	0	1	18	75	4	26	2046	126	0	0	0	126,896
275	4708	1	2	0	1	0	0	1	18	75	4	26	2046	126	0	0	0	126,896
275	4712	1	2	0	1	0	0	1	18	75	4	26	2046	126	0	0	0	126,896
275	4720	1	2	0	1	0	0	1	18	75	4	26	2046	126	0	0	0	126,896
275	4739	0	1	1	1	0	0	1	17	77	4	25	2046	127	0	1	0	896
275	4741	0	1	1	1	0	0	1	17	77	4	25	2046	127	0	1	0	896
275	4742	1	2	0	1	0	0	1	18	75	4	26	2046	126	0	0	0	126,896
275	4745	0	1	1	1	0	0	1	17	77	4	25	2046	127	0	1	0	896
275	4746	1	2	0	1	0	0	1	18	75	4	26	2046	126	0	0	0	126,896
275	4748	1	2	0	1	0	0	1	18	75	4	26	2046	126	0	0	0	126,896
275	4753	0	1	1	1	0	0	1	17	77	4	25	2046	127	0	1	0	896
275	4754	1	2	0	1	0	0	1	18	75	4	26	2046	126	0	0	0	126,896
275	4756	1	2	0	1	0	0	1	18	75	4	26	2046	126	0	0	0	126,896
275	4760	1	2	0	1	0	0	1	18	75	4	26	2046	126	0	0	0	126,896
275	4769	0	1	1	1	0	0	1	17	77	4	25	2046	127	0	1	0	896
275	4770	1	2	0	1	0	0	1	18	75	4	26	2046	126	0	0	0	126,896
275	4772	1	2	0	1	0	0	1	18	75	4	26	2046	126	0	0	0	126,896
275	4776	1	2	0	1	0	0	1	18	75	4	26	2046	126	0	0	0	126,896
275	4784	1	2	0	1	0	0	1	18	75	4	26	2046	126	0	0	0	126,896
275	4801	0	1	1	1	0	0	1	17	77	4	25	2046	127	0	1	0	896
275	4802	1	2	0	1	0	0	1	18	75	4	26	2046	126	0	0	0	126,896
275	4804	1	2	0	1	0	0	1	18	75	4	26	2046	126	0	0	0	126,896
275	4808	1	2	0	1	0	0	1	18	75	4	26	2046	126	0	0	0	126,896
275	4816	1	2	0	1	0	0	1	18	75	4	26	2046	126	0	0	0	126,896
275	4832	1	2	0	1	0	0	1	18	75	4	26	2046	126	0	0	0	126,896
275	4867	0	1	1	1	0	0	1	17	77	4	25	2046	127	0	1	0	896
275	4869	0	1	1	1	0	0	1	17	77	4	25	2046	127	0	1	0	896
275	4870	1	2	0	1	0	0	1	18	75	4	26	2046	126	0	0	0	126,896
275	4873	0	1	1	1	0	0	1	17	77	4	25	2046	127	0	1	0	896
275	4874	1	2	0	1	0	0	1	18	75	4	26	2046	126	0	0	0	126,896
275	4876	1	2	0	1	0	0	1	18	75	4	26	2046	126	0	0	0	126,896
275	4881	0	1	1	1	0	0	1	17	77	4	25	2046	127	0	1	0	896
275	4882	1	2	0	1	0	0	1	18	75	4	26	2046	126	0	0	0	126,896
275	4884	1	2	0	1	0	0	1	18	75	4	26	2046	126	0	0	0	126,896
275	4888	1	2	0	1	0	0	1	18	75	4	26	2046	126	0	0	0	126,896
275	4897	0	1	1	1	0	0	1	17	77	4	25	2046	127	0	1	0	896
275	4898	1	2	0	1	0	0	1	18	75	4	26	2046	126	0	0	0	126,896
275	4900	1	2	0	1	0	0	1	18	75	4	26	2046	126	0	0	0	126,896
275	4904	1	2	0	1	0	0	1	18	75	4	26	2046	126	0	0	0	126,896
275	4912	1	2	0	1	0	0	1	18	75	4	26	2046	126	0	0	0	126,896
275	4929	0	1	1	1	0	0	1	17	77	4	25	2046	127	0	1	0	896
275	4930	1	2	0	1	0	0	1	18	75	4	26	2046	126	0	0	0	126,896
275	4932	1	2	0	1	0	0	1	18	75	4	26	2046	126	0	0	0	126,896
275	4936	1	2	0	1	0	0	1	18	75	4	26	2046	126	0	0	0	126,896
275	4944	1	2	0	1	0	0	1	18	75	4	26	2046	126	0	0	0	126,896
275	4960	1	2	0	1	0	0	1	18	75	4	26	2046	126	0	0	0	126,896
275	4993	0	1	1	1	0	0	1	17	77	4	25	2046	127	0	1	0	896
275	4994	1	2	0	1	0	0	1	18	75	4	26	2046	126	0	0	0	126,896
275	4996	1	2	0	1	0	0	1	18	75	4	26	2046	126	0	0	0	126,896
275	5000	1	2	0	1	0	0	1	18	75	4	26	2046	126	0	0	0	126,896
275	5008	1	2	0	1	0	0	1	18	75	4	26	2046	126	0	0	0	126,896
275	5024	1	2	0	1	0	0	1	18	75	4	26	2046	126	0	0	0	126,896
275	5056	1	2	0	1	0	0	1	18	75	4	26	2046	126	0	0	0	126,896
275	5127	0	1	1	1	0	0	1	17	77	4	25	2046	127	0	1	0	896
275	5131	0	1	1	1	0	0	1	17	77	4	25	2046	127	0	1	0	896
275	5133	0	1	1	1	0	0	1	17	77	4	25	2046	127	0	1	0	896
275	5134	1	2	0	1	0	0	1	18	75	4	26	2046	126	0	0	0	126,896
275	5139	0	1	1	1	0	0	1	17	77	4	25	2046	127	0	1	0	896
275	5141	0	1	1	1	0	0	1	17	77	4	25	2046	127	0	1	0	896
275	5142	1	2	0	1	0	0	1	18	75	4	26	2046	126	0	0	0	126,896
275	5145	0	1	1	1	0	0	1	17	77	4	25	2046	127	0	1	0	896
275	5146	1	2	0	1	0	0	1	18	75	4	26	2046	126	0	0	0	126,896
275	5148	1	2	0	1	0	0	1	18	75	4	26	2046	126	0	0	0	126,896
275	5155	0	1	1	1	0	0	1	17	77	4	25	2046	127	0	1	0	896
275	5157	0	1	1	1	0	0	1	17	77	4	25	2046	127	0	1	0	896
275	5158	1	2	0	1	0	0	1	18	75	4	26	2046	126	0	0	0	126,896
275	5161	0	1	1	1	0	0	1	17	77	4	25	2046	127	0	1	0	896
275	5162	1	2	0	1	0	0	1	18	75	4	26	2046	126	0	0	0	126,896
275	5164	1	2	0	1	0	0	1	18	75	4	26	2046	126	0	0	0	126,896
275	5169	0	1	1	1	0	0	1	17	77	4	25	2046	127	0	1	0	896
275	5170	1	2	0	1	0	0	1	18	75	4	26	2046	126	0	0	0	126,896
275	5172	1	2	0	1	0	0	1	18	75	4	26	2046	126	0	0	0	126,896
275	5176	1	2	0	1	0	0	1	18	75	4	26	2046	126	0	0	0	126,896
275	5187	0	1	1	1	0	0	1	17	77	4	25	2046	127	0	1	0	896
275	5189	0	1	1	1	0	0	1	17	77	4	25	2046	127	0	1	0	896
275	5190	1	2	0	1	0	0	1	18	75	4	26	2046	126	0	0	0	126,896
275	5193	0	1	1	1	0	0	1	17	77	4	25	2046	127	0	1	0	896
275	5194	1	2	0	1	0	0	1	18	75	4	26	2046	126	0	0	0	126,896
275	5196	1	2	0	1	0	0	1	18	75	4	26	2046	126	0	0	0	126,896
275	5201	0	1	1	1	0	0	1	17	77	4	25	2046	127	0	1	0	896
275	5202	1	2	0	1	0	0	1	18	75	4	26	2046	126	0	0	0	126,896
275	5204	1	2	0	1	0	0	1	18	75	4	26	2046	126	0	0	0	126,896
275	5208	1	2	0	1	0	0	1	18	75	4	26	2046	126	0	0	0	126,896
275	5217	0	1	1	1	0	0	1	17	77	4	25	2046	127	0	1	0	896
275	5218	1	2	0	1	0	0	1	18	75	4	26	2046	126	0	0	0	126,896
275	5220	1	2	0	1	0	0	1	18	75	4	26	2046	126	0	0	0	126,896
275	5224	1	2	0	1	0	0	1	18	75	4	26	2046	126	0	0	0	126,896
275	5232	1	2	0	1	0	0	1	18	75	4	26	2046	126	0	0	0	126,896
275	5251	0	1	1	1	0	0	1	17	77	4	25	2046	127	0	1	0	896
275	5253	0	1	1	1	0	0	1	17	77	4	25	2046	127	0	1	0	896
275	5254	1	2	0	1	0	0	1	18	75	4	26	2046	126	0	0	0	126,896
275	5257	0	1	1	1	0	0	1	17	77	4	25	2046	127	0	1	0	896
275	5258	1	2	0	1	0	0	1	18	75	4	26	2046	126	0	0	0	126,896
275	5260	1	2	0	1	0	0	1	18	75	4	26	2046	126	0	0	0	126,896
275	5265	0	1	1	1	0	0	1	17	77	4	25	2046	127	0	1	0	896
275	5266	1	2	0	1	0	0	1	18	75	4	26	2046	126	0	0	0	126,896
275	5268	1	2	0	1	0	0	1	18	75	4	26	2046	126	0	0	0	126,896
275	5272	1	2	0	1	0	0	1	18	75	4	26	2046	126	0	0	0	126,896
275	5281	0	1	1	1	0	0	1	17	77	4	25	2046	127	0	1	0	896
275	5282	1	2	0	1	0	0	1	18	75	4	26	2046	126	0	0	0	126,896
275	5284	1	2	0	1	0	0	1	18	75	4	26	2046	126	0	0	0	126,896
275	5288	1	2	0	1	0	0	1	18	75	4	26	2046	126	0	0	0	126,896
275	5296	1	2	0	1	0	0	1	18	75	4	26	2046	126	0	0	0	126,896
275	5313	0	1	1	1	0	0	1	17	77	4	25	2046	127	0	1	0	896
275	5314	1	2	0	1	0	0	1	18	75	4	26	2046	126	0	0	0	126,896
275	5316	1	2	0	1	0	0	1	18	75	4	26	2046	126	0	0	0	126,896
275	5320	1	2	0	1	0	0	1	18	75	4	26	2046	126	0	0	0	126,896
275	5328	1	2	0	1	0	0	1	18	75	4	26	2046	126	0	0	0	126,896
275	5344	1	2	0	1	0	0	1	18	75	4	26	2046	126	0	0	0	126,896
275	5379	0	1	1	1	0	0	1	17	77	4	25	2046	127	0	1	0	896
275	5381	0	1	1	1	0	0	1	17	77	4	25	2046	127	0	1	0	896
275	5382	1	2	0	1	0	0	1	18	75	4	26	2046	126	0	0	0	126,896
275	5385	0	1	1	1	0	0	1	17	77	4	25	2046	127	0	1	0	896
275	5386	1	2	0	1	0	0	1	18	75	4	26	2046	126	0	0	0	126,896
275	5388	1	2	0	1	0	0	1	18	75	4	26	2046	126	0	0	0	126,896
275	5393	0	1	1	1	0	0	1	17	77	4	25	2046	127	0	1	0	896
275	5394	1	2	0	1	0	0	1	18	75	4	26	2046	126	0	0	0	126,896
275	5396	1	2	0	1	0	0	1	18	75	4	26	2046	126	0	0	0	126,896
275	5400	1	2	0	1	0	0	1	18	75	4	26	2046	126	0	0	0	126,896
275	5409	0	1	1	1	0	0	1	17	77	4	25	2046	127	0	1	0	896
275	5410	1	2	0	1	0	0	1	18	75	4	26	2046	126	0	0	0	126,896
275	5412	1	2	0	1	0	0	1	18	75	4	26	2046	126	0	0	0	126,896
275	5416	1	2	0	1	0	0	1	18	75	4	26	2046	126	0	0	0	126,896
275	5424	1	2	0	1	0	0	1	18	75	4	26	2046	126	0	0	0	126,896
275	5441	0	1	1	1	0	0	1	17	77	4	25	2046	127	0	1	0	896
275	5442	1	2	0	1	0	0	1	18	75	4	26	2046	126	0	0	0	126,896
275	5444	1	2	0	1	0	0	1	18	75	4	26	2046	126	0	0	0	126,896
275	5448	1	2	0	1	0	0	1	18	75	4	26	2046	126	0	0	0	126,896
275	5456	1	2	0	1	0	0	1	18	75	4	26	2046	126	0	0	0	126,896
275	5472	1	2	0	1	0	0	1	18	75	4	26	2046	126	0	0	0	126,896
275	5505	0	1	1	1	0	0	1	17	77	4	25	2046	127	0	1	0	896
275	5506	1	2	0	1	0	0	1	18	75	4	26	2046	126	0	0	0	126,896
275	5508	1	2	0	1	0	0	1	18	75	4	26	2046	126	0	0	0	126,896
275	5512	1	2	0	1	0	0	1	18	75	4	26	2046	126	0	0	0	126,896
275	5520	1	2	0	1	0	0	1	18	75	4	26	2046	126	0	0	0	126,896
275	5536	1	2	0	1	0	0	1	18	75	4	26	2046	126	0	0	0	126,896
275	5568	1	2	0	1	0	0	1	18	75	4	26	2046	126	0	0	0	126,896
275	5635	0	1	1	1	0	0	1	15	94	5	25	2046	127	0	1	0	896
275	5637	0	1	1	1	0	0	1	15	94	5	25	2046	127	0	1	0	896
275	5638	0	1	1	1	1	1	0	18	75	4	26	2046	127	1	0	1	896
275	5641	0	1	1	1	0	0	1	15	94	5	25	2046	127	0	1	0	896
275	5642	0	1	1	1	1	1	0	18	75	4	26	2046	127	1	0	1	896
275	5644	0	1	1	1	1	1	0	18	75	4	26	2046	127	1	0	1	896
275	5649	0	1	1	1	0	0	1	15	94	5	25	2046	127	0	1	0	896
275	5650	0	1	1	1	1	1	0	18	75	4	26	2046	127	1	0	1	896
275	5652	0	1	1	1	1	1	0	18	75	4	26	2046	127	1	0	1	896
275	5656	0	1	1	1	1	1	0	18	75	4	26	2046	127	1	0	1	896
275	5665	0	1	1	1	0	0	1	15	94	5	25	2046	127	0	1	0	896
275	5666	0	1	1	1	1	1	0	18	75	4	26	2046	127	1	0	1	896
275	5668	0	1	1	1	1	1	0	18	75	4	26	2046	127	1	0	1	896
275	5672	0	1	1	1	1	1	0	18	75	4	26	2046	127	1	0	1	896
275	5680	0	1	1	1	1	1	0	18	75	4	26	2046	127	1	0	1	896
275	5697	0	1	1	1	0	0	1	15	94	5	25	2046	127	0	1	0	896
275	5698	0	1	1	1	1	1	0	18	75	4	26	2046	127	1	0	1	896
275	5700	0	1	1	1	1	1	0	18	75	4	26	2046	127	1	0	1	896
275	5704	0	1	1	1	1	1	0	18	75	4	26	2046	127	1	0	1	896
275	5712	0	1	1	1	1	1	0	18	75	4	26	2046	127	1	0	1	896
275	5728	0	1	1	1	1	1	0	18	75	4	26	2046	127	1	0	1	896
275	5761	0	1	1	1	0	0	1	15	94	5	25	2046	127	0	1	0	896
275	5762	0	1	1	1	1	1	0	18	75	4	26	2046	127	1	0	1	896
275	5764	0	1	1	1	1	1	0	18	75	4	26	2046	127	1	0	1	896
275	5768	0	1	1	1	1	1	0	18	75	4	26	2046	127	1	0	1	896
275	5776	0	1	1	1	1	1	0	18	75	4	26	2046	127	1	0	1	896
275	5792	0	1	1	1	1	1	0	18	75	4	26	2046	127	1	0	1	896
275	5824	0	1	1	1	1	1	0	18	75	4	26	2046	127	1	0	1	896
275	5889	0	1	1	1	0	0	1	15	94	5	25	2046	127	0	1	0	896
275	5890	0	1	1	1	1	1	0	18	75	4	26	2046	127	1	0	1	896
275	5892	0	1	1	1	1	1	0	18	75	4	26	2046	127	1	0	1	896
275	5896	0	1	1	1	1	1	0	18	75	4	26	2046	127	1	0	1	896
275	5904	0	1	1	1	1	1	0	18	75	4	26	2046	127	1	0	1	896
275	5920	0	1	1	1	1	1	0	18	75	4	26	2046	127	1	0	1	896
275	5952	0	1	1	1	1	1	0	18	75	4	26	2046	127	1	0	1	896
275	6016	0	1	1	1	1	1	0	18	75	4	26	2046	127	1	0	1	896
275	6151	0	1	1	1	0	0	1	20	94	5	30	2046	255	0	1	0	768
275	6155	0	1	1	1	0	0	1	20	94	5	30	2046	255	0	1	0	768
275	6157	0	1	1	1	0	0	1	20	94	5	30	2046	255	0	1	0	768
275	6158	0	1	1	1	0	0	1	19	222	6	31	2046	254	0	1	0	254
275	6163	0	1	1	1	0	0	1	20	94	5	30	2046	255	0	1	0	768
275	6165	0	1	1	1	0	0	1	20	94	5	30	2046	255	0	1	0	768
275	6166	0	1	1	1	0	0	1	19	222	6	31	2046	254	0	1	0	254
275	6169	0	1	1	1	0	0	1	20	94	5	30	2046	255	0	1	0	768
275	6170	0	1	1	1	0	0	1	19	222	6	31	2046	254	0	1	0	254
275	6172	0	1	1	1	0	0	1	19	222	6	31	2046	254	0	1	0	254
275	6179	0	1	1	1	0	0	1	20	94	5	30	2046	255	0	1	0	768
275	6181	0	1	1	1	0	0	1	20	94	5	30	2046	255	0	1	0	768
275	6182	0	1	1	1	0	0	1	19	222	6	31	2046	254	0	1	0	254
275	6185	0	1	1	1	0	0	1	20	94	5	30	2046	255	0	1	0	768
275	6186	0	1	1	1	0	0	1	19	222	6	31	2046	254	0	1	0	254
275	6188	0	1	1	1	0	0	1	19	222	6	31	2046	254	0	1	0	254
275	6193	0	1	1	1	0	0	1	20	94	5	30	2046	255	0	1	0	768
275	6194	0	1	1	1	0	0	1	19	222	6	31	2046	254	0	1	0	254
275	6196	0	1	1	1	0	0	1	19	222	6	31	2046	254	0	1	0	254
275	6200	0	1	1	1	0	0	1	19	222	6	31	2046	254	0	1	0	254
275	6211	0	1	1	1	0	0	1	20	94	5	30	2046	255	0	1	0	768
275	6213	0	1	1	1	0	0	1	20	94	5	30	2046	255	0	1	0	768
275	6214	0	1	1	1	0	0	1	19	222	6	31	2046	254	0	1	0	254
275	6217	0	1	1	1	0	0	1	20	94	5	30	2046	255	0	1	0	768
275	6218	0	1	1	1	0	0	1	19	222	6	31	2046	254	0	1	0	254
275	6220	0	1	1	1	0	0	1	19	222	6	31	2046	254	0	1	0	254
275	6225	0	1	1	1	0	0	1	20	94	5	30	2046	255	0	1	0	768
275	6226	0	1	1	1	0	0	1	19	222	6	31	2046	254	0	1	0	254
275	6228	0	1	1	1	0	0	1	19	222	6	31	2046	254	0	1	0	254
275	6232	0	1	1	1	0	0	1	19	222	6	31	2046	254	0	1	0	254
275	6241	0	1	1	1	0	0	1	20	94	5	30	2046	255	0	1	0	768
275	6242	0	1	1	1	0	0	1	19	222	6	31	2046	254	0	1	0	254
275	6244	0	1	1	1	0	0	1	19	222	6	31	2046	254	0	1	0	254
275	6248	0	1	1	1	0	0	1	19	222	6	31	2046	254	0	1	0	254
275	6256	0	1	1	1	0	0	1	19	222	6	31	2046	254	0	1	0	254
275	6275	0	1	1	1	0	0	1	20	94	5	30	2046	255	0	1	0	768
275	6277	0	1	1	1	0	0	1	20	94	5	30	2046	255	0	1	0	768
275	6278	0	1	1	1	0	0	1	19	222	6	31	2046	254	0	1	0	254
275	6281	0	1	1	1	0	0	1	20	94	5	30	2046	255	0	1	0	768
275	6282	0	1	1	1	0	0	1	19	222	6	31	2046	254	0	1	0	254
275	6284	0	1	1	1	0	0	1	19	222	6	31	2046	254	0	1	0	254
275	6289	0	1	1	1	0	0	1	20	94	5	30	2046	255	0	1	0	768
275	6290	0	1	1	1	0	0	1	19	222	6	31	2046	254	0	1	0	254
275	6292	0	1	1	1	0	0	1	19	222	6	31	2046	254	0	1	0	254
275	6296	0	1	1	1	0	0	1	19	222	6	31	2046	254	0	1	0	254
275	6305	0	1	1	1	0	0	1	20	94	5	30	2046	255	0	1	0	768
275	6306	0	1	1	1	0	0	1	19	222	6	31	2046	254	0	1	0	254
275	6308	0	1	1	1	0	0	1	19	222	6	31	2046	254	0	1	0	254
275	6312	0	1	1	1	0	0	1	19	222	6	31	2046	254	0	1	0	254
275	6320	0	1	1	1	0	0	1	19	222	6	31	2046	254	0	1	0	254
275	6337	0	1	1	1	0	0	1	20	94	5	30	2046	255	0	1	0	768
275	6338	0	1	1	1	0	0	1	19	222	6	31	2046	254	0	1	0	254
275	6340	0	1	1	1	0	0	1	19	222	6	31	2046	254	0	1	0	254
275	6344	0	1	1	1	0	0	1	19	222	6	31	2046	254	0	1	0	254
275	6352	0	1	1	1	0	0	1	19	222	6	31	2046	254	0	1	0	254
275	6368	0	1	1	1	0	0	1	19	222	6	31	2046	254	0	1	0	254
275	6403	0	1	1	1	0	0	1	20	94	5	30	2046	255	0	1	0	768
275	6405	0	1	1	1	0	0	1	20	94	5	30	2046	255	0	1	0	768
275	6406	0	1	1	1	0	0	1	19	222	6	31	2046	254	0	1	0	254
275	6409	0	1	1	1	0	0	1	20	94	5	30	2046	255	0	1	0	768
275	6410	0	1	1	1	0	0	1	19	222	6	31	2046	254	0	1	0	254
275	6412	0	1	1	1	0	0	1	19	222	6	31	2046	254	0	1	0	254
275	6417	0	1	1	1	0	0	1	20	94	5	30	2046	255	0	1	0	768
275	6418	0	1	1	1	0	0	1	19	222	6	31	2046	254	0	1	0	254
275	6420	0	1	1	1	0	0	1	19	222	6	31	2046	254	0	1	0	254
275	6424	0	1	1	1	0	0	1	19	222	6	31	2046	254	0	1	0	254
275	6433	0	1	1	1	0	0	1	20	94	5	30	2046	255	0	1	0	768
275	6434	0	1	1	1	0	0	1	19	222	6	31	2046	254	0	1	0	254
275	6436	0	1	1	1	0	0	1	19	222	6	31	2046	254	0	1	0	254
275	6440	0	1	1	1	0	0	1	19	222	6	31	2046	254	0	1	0	254
275	6448	0	1	1	1	0	0	1	19	222	6	31	2046	254	0	1	0	254
275	6465	0	1	1	1	0	0	1	20	94	5	30	2046	255	0	1	0	768
275	6466	0	1	1	1	0	0	1	19	222	6	31	2046	254	0	1	0	254
275	6468	0	1	1	1	0	0	1	19	222	6	31	2046	254	0	1	0	254
275	6472	0	1	1	1	0	0	1	19	222	6	31	2046	254	0	1	0	254
275	6480	0	1	1	1	0	0	1	19	222	6	31	2046	254	0	1	0	254
275	6496	0	1	1	1	0	0	1	19	222	6	31	2046	254	0	1	0	254
275	6529	0	1	1	1	0	0	1	20	94	5	30	2046	255	0	1	0	768
275	6530	0	1	1	1	0	0	1	19	222	6	31	2046	254	0	1	0	254
275	6532	0	1	1	1	0	0	1	19	222	6	31	2046	254	0	1	0	254
275	6536	0	1	1	1	0	0	1	19	222	6	31	2046	254	0	1	0	254
275	6544	0	1	1	1	0	0	1	19	222	6	31	2046	254	0	1	0	254
275	6560	0	1	1	1	0	0	1	19	222	6	31	2046	254	0	1	0	254
275	6592	0	1	1	1	0	0	1	19	222	6	31	2046	254	0	1	0	254
275	6659	0	1	1	1	0	0	1	22	236	5	30	2046	255	0	1	0	768
275	6661	0	1	1	1	0	0	1	22	236	5	30	2046	255	0	1	0	768
275	6662	0	1	1	1	0	0	1	21	94	5	31	2046	254	0	1	0	254
275	6665	0	1	1	1	0	0	1	22	236	5	30	2046	255	0	1	0	768
275	6666	0	1	1	1	0	0	1	21	94	5	31	2046	254	0	1	0	254
275	6668	0	1	1	1	0	0	1	21	94	5	31	2046	254	0	1	0	254
275	6673	0	1	1	1	0	0	1	22	236	5	30	2046	255	0	1	0	768
275	6674	0	1	1	1	0	0	1	21	94	5	31	2046	254	0	1	0	254
275	6676	0	1	1	1	0	0	1	21	94	5	31	2046	254	0	1	0	254
275	6680	0	1	1	1	0	0	1	21	94	5	31	2046	254	0	1	0	254
275	6689	0	1	1	1	0	0	1	22	236	5	30	2046	255	0	1	0	768
275	6690	0	1	1	1	0	0	1	21	94	5	31	2046	254	0	1	0	254
275	6692	0	1	1	1	0	0	1	21	94	5	31	2046	254	0	1	0	254
275	6696	0	1	1	1	0	0	1	21	94	5	31	2046	254	0	1	0	254
275	6704	0	1	1	1	0	0	1	21	94	5	31	2046	254	0	1	0	254
275	6721	0	1	1	1	0	0	1	22	236	5	30	2046	255	0	1	0	768
275	6722	0	1	1	1	0	0	1	21	94	5	31	2046	254	0	1	0	254
275	6724	0	1	1	1	0	0	1	21	94	5	31	2046	254	0	1	0	254
275	6728	0	1	1	1	0	0	1	21	94	5	31	2046	254	0	1	0	254
275	6736	0	1	1	1	0	0	1	21	94	5	31	2046	254	0	1	0	254
275	6752	0	1	1	1	0	0	1	21	94	5	31	2046	254	0	1	0	254
275	6785	0	1	1	1	0	0	1	22	236	5	30	2046	255	0	1	0	768
275	6786	0	1	1	1	0	0	1	21	94	5	31	2046	254	0	1	0	254
275	6788	0	1	1	1	0	0	1	21	94	5	31	2046	254	0	1	0	254
275	6792	0	1	1	1	0	0	1	21	94	5	31	2046	254	0	1	0	254
275	6800	0	1	1	1	0	0	1	21	94	5	31	2046	254	0	1	0	254
275	6816	0	1	1	1	0	0	1	21	94	5	31	2046	254	0	1	0	254
275	6848	0	1	1	1	0	0	1	21	94	5	31	2046	254	0	1	0	254
275	6913	0	1	1	1	0	0	1	22	236	5	30	2046	255	0	1	0	768
275	6914	0	1	1	1	0	0	1	21	94	5	31	2046	254	0	1	0	254
275	6916	0	1	1	1	0	0	1	21	94	5	31	2046	254	0	1	0	254
275	6920	0	1	1	1	0	0	1	21	94	5	31	2046	254	0	1	0	254
275	6928	0	1	1	1	0	0	1	21	94	5	31	2046	254	0	1	0	254
275	6944	0	1	1	1	0	0	1	21	94	5	31	2046	254	0	1	0	254
275	6976	0	1	1	1	0	0	1	21	94	5	31	2046	254	0	1	0	254
275	7040	0	1	1	1	0	0	1	21	94	5	31	2046	254	0	1	0	254
275	7171	0	1	1	1	0	0	1	22	236	5	30	2046	255	0	1	0	768
275	7173	0	1	1	1	0	0	1	22	236	5	30	2046	255	0	1	0	768
275	7174	0	1	1	1	0	0	1	21	94	5	31	2046	254	0	1	0	254
275	7177	0	1	1	1	0	0	1	22	236	5	30	2046	255	0	1	0	768
275	7178	0	1	1	1	0	0	1	21	94	5	31	2046	254	0	1	0	254
275	7180	0	1	1	1	0	0	1	21	94	5	31	2046	254	0	1	0	254
275	7185	0	1	1	1	0	0	1	22	236	5	30	2046	255	0	1	0	768
275	7186	0	1	1	1	0	0	1	21	94	5	31	2046	254	0	1	0	254
275	7188	0	1	1	1	0	0	1	21	94	5	31	2046	254	0	1	0	254
275	7192	0	1	1	1	0	0	1	21	94	5	31	2046	254	0	1	0	254
275	7201	0	1	1	1	0	0	1	22	236	5	30	2046	255	0	1	0	768
275	7202	0	1	1	1	0	0	1	21	94	5	31	2046	254	0	1	0	254
275	7204	0	1	1	1	0	0	1	21	94	5	31	2046	254	0	1	0	254
275	7208	0	1	1	1	0	0	1	21	94	5	31	2046	254	0	1	0	254
275	7216	0	1	1	1	0	0	1	21	94	5	31	2046	254	0	1	0	254
275	7233	0	1	1	1	0	0	1	22	236	5	30	2046	255	0	1	0	768
275	7234	0	1	1	1	0	0	1	21	94	5	31	2046	254	0	1	0	254
275	7236	0	1	1	1	0	0	1	21	94	5	31	2046	254	0	1	0	254
275	7240	0	1	1	1	0	0	1	21	94	5	31	2046	254	0	1	0	254
275	7248	0	1	1	1	0	0	1	21	94	5	31	2046	254	0	1	0	254
275	7264	0	1	1	1	0	0	1	21	94	5	31	2046	254	0	1	0	254
275	7297	0	1	1	1	0	0	1	22	236	5	30	2046	255	0	1	0	768
275	7298	0	1	1	1	0	0	1	21	94	5	31	2046	254	0	1	0	254
275	7300	0	1	1	1	0	0	1	21	94	5	31	2046	254	0	1	0	254
275	7304	0	1	1	1	0	0	1	21	94	5	31	2046	254	0	1	0	254
275	7312	0	1	1	1	0	0	1	21	94	5	31	2046	254	0	1	0	254
275	7328	0	1	1	1	0	0	1	21	94	5	31	2046	254	0	1	0	254
275	7360	0	1	1	1	0	0	1	21	94	5	31	2046	254	0	1	0	254
275	7425	0	1	1	1	0	0	1	22	236	5	30	2046	255	0	1	0	768
275	7426	0	1	1	1	0	0	1	21	94	5	31	2046	254	0	1	0	254
275	7428	0	1	1	1	0	0	1	21	94	5	31	2046	254	0	1	0	254
275	7432	0	1	1	1	0	0	1	21	94	5	31	2046	254	0	1	0	254
275	7440	0	1	1	1	0	0	1	21	94	5	31	2046	254	0	1	0	254
275	7456	0	1	1	1	0	0	1	21	94	5	31	2046	254	0	1	0	254
275	7488	0	1	1	1	0	0	1	21	94	5	31	2046	254	0	1	0	254
275	7552	0	1	1	1	0	0	1	21	94	5	31	2046	254	0	1	0	254
275	7681	0	1	1	1	0	0	1	20	94	5	30	2046	255	0	1	0	768
275	7682	0	2	1	1	0	0	1	23	77	4	31	2046	254	0	1	0	254,768
275	7684	0	2	1	1	0	0	1	23	77	4	31	2046	254	0	1	0	254,768
275	7688	0	2	1	1	0	0	1	23	77	4	31	2046	254	0	1	0	254,768
275	7696	0	2	1	1	0	0	1	23	77	4	31	2046	254	0	1	0	254,768
275	7712	0	2	1	1	0	0	1	23	77	4	31	2046	254	0	1	0	254,768
275	7744	0	2	1	1	0	0	1	23	77	4	31	2046	254	0	1	0	254,768
275	7808	0	2	1	1	0	0	1	23	77	4	31	2046	254	0	1	0	254,768
275	7936	0	2	1	1	0	0	1	23	77	4	31	2046	254	0	1	0	254,768
275	8207	0	1	1	1	0	0	1	19	11	3	25	2046	127	0	1	0	896
275	8215	0	1	1	1	0	0	1	19	11	3	25	2046	127	0	1	0	896
275	8219	0	1	1	1	0	0	1	19	11	3	25	2046	127	0	1	0	896
275	8221	0	1	1	1	0	0	1	19	11	3	25	2046	127	0	1	0	896
275	8222	1	1	0	1	0	0	1	18	75	4	26	2046	126	0	0	0	126
275	8231	0	1	1	1	0	0	1	19	11	3	25	2046	127	0	1	0	896
275	8235	0	1	1	1	0	0	1	19	11	3	25	2046	127	0	1	0	896
275	8237	0	1	1	1	0	0	1	19	11	3	25	2046	127	0	1	0	896
275	8238	1	1	0	1	0	0	1	18	75	4	26	2046	126	0	0	0	126
275	8243	0	1	1	1	0	0	1	19	11	3	25	2046	127	0	1	0	896
275	8245	0	1	1	1	0	0	1	19	11	3	25	2046	127	0	1	0	896
275	8246	1	1	0	1	0	0	1	18	75	4	26	2046	126	0	0	0	126
275	8249	0	1	1	1	0	0	1	19	11	3	25	2046	127	0	1	0	896
275	8250	1	1	0	1	0	0	1	18	75	4	26	2046	126	0	0	0	126
275	8252	1	1	0	1	0	0	1	18	75	4	26	2046	126	0	0	0	126
275	8263	0	1	1	1	0	0	1	19	11	3	25	2046	127	0	1	0	896
275	8267	0	1	1	1	0	0	1	19	11	3	25	2046	127	0	1	0	896
275	8269	0	1	1	1	0	0	1	19	11	3	25	2046	127	0	1	0	896
275	8270	1	1	0	1	0	0	1	18	75	4	26	2046	126	0	0	0	126
275	8275	0	1	1	1	0	0	1	19	11	3	25	2046	127	0	1	0	896
275	8277	0	1	1	1	0	0	1	19	11	3	25	2046	127	0	1	0	896
275	8278	1	1	0	1	0	0	1	18	75	4	26	2046	126	0	0	0	126
275	8281	0	1	1	1	0	0	1	19	11	3	25	2046	127	0	1	0	896
275	8282	1	1	0	1	0	0	1	18	75	4	26	2046	126	0	0	0	126
275	8284	1	1	0	1	0	0	1	18	75	4	26	2046	126	0	0	0	126
275	8291	0	1	1	1	0	0	1	19	11	3	25	2046	127	0	1	0	896
275	8293	0	1	1	1	0	0	1	19	11	3	25	2046	127	0	1	0	896
275	8294	1	1	0	1	0	0	1	18	75	4	26	2046	126	0	0	0	126
275	8297	0	1	1	1	0	0	1	19	11	3	25	2046	127	0	1	0	896
275	8298	1	1	0	1	0	0	1	18	75	4	26	2046	126	0	0	0	126
275	8300	1	1	0	1	0	0	1	18	75	4	26	2046	126	0	0	0	126
275	8305	0	1	1	1	0	0	1	19	11	3	25	2046	127	0	1	0	896
275	8306	1	1	0	1	0	0	1	18	75	4	26	2046	126	0	0	0	126
275	8308	1	1	0	1	0	0	1	18	75	4	26	2046	126	0	0	0	126
275	8312	1	1	0	1	0	0	1	18	75	4	26	2046	126	0	0	0	126
275	8327	0	1	1	1	0	0	1	19	11	3	25	2046	127	0	1	0	896
275	8331	0	1	1	1	0	0	1	19	11	3	25	2046	127	0	1	0	896
275	8333	0	1	1	1	0	0	1	19	11	3	25	2046	127	0	1	0	896
275	8334	1	1	0	1	0	0	1	18	75	4	26	2046	126	0	0	0	126
275	8339	0	1	1	1	0	0	1	19	11	3	25	2046	127	0	1	0	896
275	8341	0	1	1	1	0	0	1	19	11	3	25	2046	127	0	1	0	896
275	8342	1	1	0	1	0	0	1	18	75	4	26	2046	126	0	0	0	126
275	8345	0	1	1	1	0	0	1	19	11	3	25	2046	127	0	1	0	896
275	8346	1	1	0	1	0	0	1	18	75	4	26	2046	126	0	0	0	126
275	8348	1	1	0	1	0	0	1	18	75	4	26	2046	126	0	0	0	126
275	8355	0	1	1	1	0	0	1	19	11	3	25	2046	127	0	1	0	896
275	8357	0	1	1	1	0	0	1	19	11	3	25	2046	127	0	1	0	896
275	8358	1	1	0	1	0	0	1	18	75	4	26	2046	126	0	0	0	126
275	8361	0	1	1	1	0	0	1	19	11	3	25	2046	127	0	1	0	896
275	8362	1	1	0	1	0	0	1	18	75	4	26	2046	126	0	0	0	126
275	8364	1	1	0	1	0	0	1	18	75	4	26	2046	126	0	0	0	126
275	8369	0	1	1	1	0	0	1	19	11	3	25	2046	127	0	1	0	896
275	8370	1	1	0	1	0	0	1	18	75	4	26	2046	126	0	0	0	126
275	8372	1	1	0	1	0	0	1	18	75	4	26	2046	126	0	0	0	126
275	8376	1	1	0	1	0	0	1	18	75	4	26	2046	126	0	0	0	126
275	8387	0	1	1	1	0	0	1	19	11	3	25	2046	127	0	1	0	896
275	8389	0	1	1	1	0	0	1	19	11	3	25	2046	127	0	1	0	896
275	8390	1	1	0	1	0	0	1	18	75	4	26	2046	126	0	0	0	126
275	8393	0	1	1	1	0	0	1	19	11	3	25	2046	127	0	1	0	896
275	8394	1	1	0	1	0	0	1	18	75	4	26	2046	126	0	0	0	126
275	8396	1	1	0	1	0	0	1	18	75	4	26	2046	126	0	0	0	126
275	8401	0	1	1	1	0	0	1	19	11	3	25	2046	127	0	1	0	896
275	8402	1	1	0	1	0	0	1	18	75	4	26	2046	126	0	0	0	126
275	8404	1	1	0	1	0	0	1	18	75	4	26	2046	126	0	0	0	126
275	8408	1	1	0	1	0	0	1	18	75	4	26	2046	126	0	0	0	126
275	8417	0	1	1	1	0	0	1	19	11	3	25	2046	127	0	1	0	896
275	8418	1	1	0	1	0	0	1	18	75	4	26	2046	126	0	0	0	126
275	8420	1	1	0	1	0	0	1	18	75	4	26	2046	126	0	0	0	126
275	8424	1	1	0	1	0	0	1	18	75	4	26	2046	126	0	0	0	126
275	8432	1	1	0	1	0	0	1	18	75	4	26	2046	126	0	0	0	126
275	8455	0	1	1	1	0	0	1	19	11	3	25	2046	127	0	1	0	896
275	8459	0	1	1	1	0	0	1	19	11	3	25	2046	127	0	1	0	896
275	8461	0	1	1	1	0	0	1	19	11	3	25	2046	127	0	1	0	896
275	8462	1	1	0	1	0	0	1	18	75	4	26	2046	126	0	0	0	126
275	8467	0	1	1	1	0	0	1	19	11	3	25	2046	127	0	1	0	896
275	8469	0	1	1	1	0	0	1	19	11	3	25	2046	127	0	1	0	896
275	8470	1	1	0	1	0	0	1	18	75	4	26	2046	126	0	0	0	126
275	8473	0	1	1	1	0	0	1	19	11	3	25	2046	127	0	1	0	896
275	8474	1	1	0	1	0	0	1	18	75	4	26	2046	126	0	0	0	126
275	8476	1	1	0	1	0	0	1	18	75	4	26	2046	126	0	0	0	126
275	8483	0	1	1	1	0	0	1	19	11	3	25	2046	127	0	1	0	896
275	8485	0	1	1	1	0	0	1	19	11	3	25	2046	127	0	1	0	896
275	8486	1	1	0	1	0	0	1	18	75	4	26	2046	126	0	0	0	126
275	8489	0	1	1	1	0	0	1	19	11	3	25	2046	127	0	1	0	896
275	8490	1	1	0	1	0	0	1	18	75	4	26	2046	126	0	0	0	126
275	8492	1	1	0	1	0	0	1	18	75	4	26	2046	126	0	0	0	126
275	8497	0	1	1	1	0	0	1	19	11	3	25	2046	127	0	1	0	896
275	8498	1	1	0	1	0	0	1	18	75	4	26	2046	126	0	0	0	126
275	8500	1	1	0	1	0	0	1	18	75	4	26	2046	126	0	0	0	126
275	8504	1	1	0	1	0	0	1	18	75	4	26	2046	126	0	0	0	126
275	8515	0	1	1	1	0	0	1	19	11	3	25	2046	127	0	1	0	896
275	8517	0	1	1	1	0	0	1	19	11	3	25	2046	127	0	1	0	896
275	8518	1	1	0	1	0	0	1	18	75	4	26	2046	126	0	0	0	126
275	8521	0	1	1	1	0	0	1	19	11	3	25	2046	127	0	1	0	896
275	8522	1	1	0	1	0	0	1	18	75	4	26	2046	126	0	0	0	126
275	8524	1	1	0	1	0	0	1	18	75	4	26	2046	126	0	0	0	126
275	8529	0	1	1	1	0	0	1	19	11	3	25	2046	127	0	1	0	896
275	8530	1	1	0	1	0	0	1	18	75	4	26	2046	126	0	0	0	126
275	8532	1	1	0	1	0	0	1	18	75	4	26	2046	126	0	0	0	126
275	8536	1	1	0	1	0	0	1	18	75	4	26	2046	126	0	0	0	126
275	8545	0	1	1	1	0	0	1	19	11	3	25	2046	127	0	1	0	896
275	8546	1	1	0	1	0	0	1	18	75	4	26	2046	126	0	0	0	126
275	8548	1	1	0	1	0	0	1	18	75	4	26	2046	126	0	0	0	126
275	8552	1	1	0	1	0	0	1	18	75	4	26	2046	126	0	0	0	126
275	8560	1	1	0	1	0	0	1	18	75	4	26	2046	126	0	0	0	126
275	8579	0	1	1	1	0	0	1	19	11	3	25	2046	127	0	1	0	896
275	8581	0	1	1	1	0	0	1	19	11	3	25	2046	127	0	1	0	896
275	8582	1	1	0	1	0	0	1	18	75	4	26	2046	126	0	0	0	126
275	8585	0	1	1	1	0	0	1	19	11	3	25	2046	127	0	1	0	896
275	8586	1	1	0	1	0	0	1	18	75	4	26	2046	126	0	0	0	126
275	8588	1	1	0	1	0	0	1	18	75	4	26	2046	126	0	0	0	126
275	8593	0	1	1	1	0	0	1	19	11	3	25	2046	127	0	1	0	896
275	8594	1	1	0	1	0	0	1	18	75	4	26	2046	126	0	0	0	126
275	8596	1	1	0	1	0	0	1	18	75	4	26	2046	126	0	0	0	126
275	8600	1	1	0	1	0	0	1	18	75	4	26	2046	126	0	0	0	126
275	8609	0	1	1	1	0	0	1	19	11	3	25	2046	127	0	1	0	896
275	8610	1	1	0	1	0	0	1	18	75	4	26	2046	126	0	0	0	126
275	8612	1	1	0	1	0	0	1	18	75	4	26	2046	126	0	0	0	126
275	8616	1	1	0	1	0	0	1	18	75	4	26	2046	126	0	0	0	126
275	8624	1	1	0	1	0	0	1	18	75	4	26	2046	126	0	0	0	126
275	8641	0	1	1	1	0	0	1	19	11	3	25	2046	127	0	1	0	896
275	8642	1	1	0	1	0	0	1	18	75	4	26	2046	126	0	0	0	126
275	8644	1	1	0	1	0	0	1	18	75	4	26	2046	126	0	0	0	126
275	8648	1	1	0	1	0	0	1	18	75	4	26	2046	126	0	0	0	126
275	8656	1	1	0	1	0	0	1	18	75	4	26	2046	126	0	0	0	126
275	8672	1	1	0	1	0	0	1	18	75	4	26	2046	126	0	0	0	126
275	8711	0	1	1	1	0	0	1	17	77	4	25	2046	127	0	1	0	896
275	8715	0	1	1	1	0	0	1	17	77	4	25	2046	127	0	1	0	896
275	8717	0	1	1	1	0	0	1	17	77	4	25	2046	127	0	1	0	896
275	8718	1	2	0	1	0	0	1	18	75	4	26	2046	126	0	0	0	126,896
275	8723	0	1	1	1	0	0	1	17	77	4	25	2046	127	0	1	0	896
275	8725	0	1	1	1	0	0	1	17	77	4	25	2046	127	0	1	0	896
275	8726	1	2	0	1	0	0	1	18	75	4	26	2046	126	0	0	0	126,896
275	8729	0	1	1	1	0	0	1	17	77	4	25	2046	127	0	1	0	896
275	8730	1	2	0	1	0	0	1	18	75	4	26	2046	126	0	0	0	126,896
275	8732	1	2	0	1	0	0	1	18	75	4	26	2046	126	0	0	0	126,896
275	8739	0	1	1	1	0	0	1	17	77	4	25	2046	127	0	1	0	896
275	8741	0	1	1	1	0	0	1	17	77	4	25	2046	127	0	1	0	896
275	8742	1	2	0	1	0	0	1	18	75	4	26	2046	126	0	0	0	126,896
275	8745	0	1	1	1	0	0	1	17	77	4	25	2046	127	0	1	0	896
275	8746	1	2	0	1	0	0	1	18	75	4	26	2046	126	0	0	0	126,896
275	8748	1	2	0	1	0	0	1	18	75	4	26	2046	126	0	0	0	126,896
275	8753	0	1	1	1	0	0	1	17	77	4	25	2046	127	0	1	0	896
275	8754	1	2	0	1	0	0	1	18	75	4	26	2046	126	0	0	0	126,896
275	8756	1	2	0	1	0	0	1	18	75	4	26	2046	126	0	0	0	126,896
275	8760	1	2	0	1	0	0	1	18	75	4	26	2046	126	0	0	0	126,896
275	8771	0	1	1	1	0	0	1	17	77	4	25	2046	127	0	1	0	896
275	8773	0	1	1	1	0	0	1	17	77	4	25	2046	127	0	1	0	896
275	8774	1	2	0	1	0	0	1	18	75	4	26	2046	126	0	0	0	126,896
275	8777	0	1	1	1	0	0	1	17	77	4	25	2046	127	0	1	0	896
275	8778	1	2	0	1	0	0	1	18	75	4	26	2046	126	0	0	0	126,896
275	8780	1	2	0	1	0	0	1	18	75	4	26	2046	126	0	0	0	126,896
275	8785	0	1	1	1	0	0	1	17	77	4	25	2046	127	0	1	0	896
275	8786	1	2	0	1	0	0	1	18	75	4	26	2046	126	0	0	0	126,896
275	8788	1	2	0	1	0	0	1	18	75	4	26	2046	126	0	0	0	126,896
275	8792	1	2	0	1	0	0	1	18	75	4	26	2046	126	0	0	0	126,896
275	8801	0	1	1	1	0	0	1	17	77	4	25	2046	127	0	1	0	896
275	8802	1	2	0	1	0	0	1	18	75	4	26	2046	126	0	0	0	126,896
275	8804	1	2	0	1	0	0	1	18	75	4	26	2046	126	0	0	0	126,896
275	8808	1	2	0	1	0	0	1	18	75	4	26	2046	126	0	0	0	126,896
275	8816	1	2	0	1	0	0	1	18	75	4	26	2046	126	0	0	0	126,896
275	8835	0	1	1	1	0	0	1	17	77	4	25	2046	127	0	1	0	896
275	8837	0	1	1	1	0	0	1	17	77	4	25	2046	127	0	1	0	896
275	8838	1	2	0	1	0	0	1	18	75	4	26	2046	126	0	0	0	126,896
275	8841	0	1	1	1	0	0	1	17	77	4	25	2046	127	0	1	0	896
275	8842	1	2	0	1	0	0	1	18	75	4	26	2046	126	0	0	0	126,896
275	8844	1	2	0	1	0	0	1	18	75	4	26	2046	126	0	0	0	126,896
275	8849	0	1	1	1	0	0	1	17	77	4	25	2046	127	0	1	0	896
275	8850	1	2	0	1	0	0	1	18	75	4	26	2046	126	0	0	0	126,896
275	8852	1	2	0	1	0	0	1	18	75	4	26	2046	126	0	0	0	126,896
275	8856	1	2	0	1	0	0	1	18	75	4	26	2046	126	0	0	0	126,896
275	8865	0	1	1	1	0	0	1	17	77	4	25	2046	127	0	1	0	896
275	8866	1	2	0	1	0	0	1	18	75	4	26	2046	126	0	0	0	126,896
275	8868	1	2	0	1	0	0	1	18	75	4	26	2046	126	0	0	0	126,896
275	8872	1	2	0	1	0	0	1	18	75	4	26	2046	126	0	0	0	126,896
275	8880	1	2	0	1	0	0	1	18	75	4	26	2046	126	0	0	0	126,896
275	8897	0	1	1	1	0	0	1	17	77	4	25	2046	127	0	1	0	896
275	8898	1	2	0	1	0	0	1	18	75	4	26	2046	126	0	0	0	126,896
275	8900	1	2	0	1	0	0	1	18	75	4	26	2046	126	0	0	0	126,896
275	8904	1	2	0	1	0	0	1	18	75	4	26	2046	126	0	0	0	126,896
275	8912	1	2	0	1	0	0	1	18	75	4	26	2046	126	0	0	0	126,896
275	8928	1	2	0	1	0	0	1	18	75	4	26	2046	126	0	0	0	126,896
275	8963	0	1	1	1	0	0	1	17	77	4	25	2046	127	0	1	0	896
275	8965	0	1	1	1	0	0	1	17	77	4	25	2046	127	0	1	0	896
275	8966	1	2	0	1	0	0	1	18	75	4	26	2046	126	0	0	0	126,896
275	8969	0	1	1	1	0	0	1	17	77	4	25	2046	127	0	1	0	896
275	8970	1	2	0	1	0	0	1	18	75	4	26	2046	126	0	0	0	126,896
275	8972	1	2	0	1	0	0	1	18	75	4	26	2046	126	0	0	0	126,896
275	8977	0	1	1	1	0	0	1	17	77	4	25	2046	127	0	1	0	896
275	8978	1	2	0	1	0	0	1	18	75	4	26	2046	126	0	0	0	126,896
275	8980	1	2	0	1	0	0	1	18	75	4	26	2046	126	0	0	0	126,896
275	8984	1	2	0	1	0	0	1	18	75	4	26	2046	126	0	0	0	126,896
275	8993	0	1	1	1	0	0	1	17	77	4	25	2046	127	0	1	0	896
275	8994	1	2	0	1	0	0	1	18	75	4	26	2046	126	0	0	0	126,896
275	8996	1	2	0	1	0	0	1	18	75	4	26	2046	126	0	0	0	126,896
275	9000	1	2	0	1	0	0	1	18	75	4	26	2046	126	0	0	0	126,896
275	9008	1	2	0	1	0	0	1	18	75	4	26	2046	126	0	0	0	126,896
275	9025	0	1	1	1	0	0	1	17	77	4	25	2046	127	0	1	0	896
275	9026	1	2	0	1	0	0	1	18	75	4	26	2046	126	0	0	0	126,896
275	9028	1	2	0	1	0	0	1	18	75	4	26	2046	126	0	0	0	126,896
275	9032	1	2	0	1	0	0	1	18	75	4	26	2046	126	0	0	0	126,896
275	9040	1	2	0	1	0	0	1	18	75	4	26	2046	126	0	0	0	126,896
275	9056	1	2	0	1	0	0	1	18	75	4	26	2046	126	0	0	0	126,896
275	9089	0	1	1	1	0	0	1	17	77	4	25	2046	127	0	1	0	896
275	9090	1	2	0	1	0	0	1	18	75	4	26	2046	126	0	0	0	126,896
275	9092	1	2	0	1	0	0	1	18	75	4	26	2046	126	0	0	0	126,896
275	9096	1	2	0	1	0	0	1	18	75	4	26	2046	126	0	0	0	126,896
275	9104	1	2	0	1	0	0	1	18	75	4	26	2046	126	0	0	0	126,896
275	9120	1	2	0	1	0	0	1	18	75	4	26	2046	126	0	0	0	126,896
275	9152	1	2	0	1	0	0	1	18	75	4	26	2046	126	0	0	0	126,896
275	9223	0	1	1	1	0	0	1	17	77	4	25	2046	127	0	1	0	896
275	9227	0	1	1	1	0	0	1	17	77	4	25	2046	127	0	1	0	896
275	9229	0	1	1	1	0	0	1	17	77	4	25	2046	127	0	1	0	896
275	9230	1	2	0	1	0	0	1	18	75	4	26	2046	126	0	0	0	126,896
275	9235	0	1	1	1	0	0	1	17	77	4	25	2046	127	0	1	0	896
275	9237	0	1	1	1	0	0	1	17	77	4	25	2046	127	0	1	0	896
275	9238	1	2	0	1	0	0	1	18	75	4	26	2046	126	0	0	0	126,896
275	9241	0	1	1	1	0	0	1	17	77	4	25	2046	127	0	1	0	896
275	9242	1	2	0	1	0	0	1	18	75	4	26	2046	126	0	0	0	126,896
275	9244	1	2	0	1	0	0	1	18	75	4	26	2046	126	0	0	0	126,896
275	9251	0	1	1	1	0	0	1	17	77	4	25	2046	127	0	1	0	896
275	9253	0	1	1	1	0	0	1	17	77	4	25	2046	127	0	1	0	896
275	9254	1	2	0	1	0	0	1	18	75	4	26	2046	126	0	0	0	126,896
275	9257	0	1	1	1	0	0	1	17	77	4	25	2046	127	0	1	0	896
275	9258	1	2	0	1	0	0	1	18	75	4	26	2046	126	0	0	0	126,896
275	9260	1	2	0	1	0	0	1	18	75	4	26	2046	126	0	0	0	126,896
275	9265	0	1	1	1	0	0	1	17	77	4	25	2046	127	0	1	0	896
275	9266	1	2	0	1	0	0	1	18	75	4	26	2046	126	0	0	0	126,896
275	9268	1	2	0	1	0	0	1	18	75	4	26	2046	126	0	0	0	126,896
275	9272	1	2	0	1	0	0	1	18	75	4	26	2046	126	0	0	0	126,896
275	9283	0	1	1	1	0	0	1	17	77	4	25	2046	127	0	1	0	896
275	9285	0	1	1	1	0	0	1	17	77	4	25	2046	127	0	1	0	896
275	9286	1	2	0	1	0	0	1	18	75	4	26	2046	126	0	0	0	126,896
275	9289	0	1	1	1	0	0	1	17	77	4	25	2046	127	0	1	0	896
275	9290	1	2	0	1	0	0	1	18	75	4	26	2046	126	0	0	0	126,896
275	9292	1	2	0	1	0	0	1	18	75	4	26	2046	126	0	0	0	126,896
275	9297	0	1	1	1	0	0	1	17	77	4	25	2046	127	0	1	0	896
275	9298	1	2	0	1	0	0	1	18	75	4	26	2046	126	0	0	0	126,896
275	9300	1	2	0	1	0	0	1	18	75	4	26	2046	126	0	0	0	126,896
275	9304	1	2	0	1	0	0	1	18	75	4	26	2046	126	0	0	0	126,896
275	9313	0	1	1	1	0	0	1	17	77	4	25	2046	127	0	1	0	896
275	9314	1	2	0	1	0	0	1	18	75	4	26	2046	126	0	0	0	126,896
275	9316	1	2	0	1	0	0	1	18	75	4	26	2046	126	0	0	0	126,896
275	9320	1	2	0	1	0	0	1	18	75	4	26	2046	126	0	0	0	126,896
275	9328	1	2	0	1	0	0	1	18	75	4	26	2046	126	0	0	0	126,896
275	9347	0	1	1	1	0	0	1	17	77	4	25	2046	127	0	1	0	896
275	9349	0	1	1	1	0	0	1	17	77	4	25	2046	127	0	1	0	896
275	9350	1	2	0	1	0	0	1	18	75	4	26	2046	126	0	0	0	126,896
275	9353	0	1	1	1	0	0	1	17	77	4	25	2046	127	0	1	0	896
275	9354	1	2	0	1	0	0	1	18	75	4	26	2046	126	0	0	0	126,896
275	9356	1	2	0	1	0	0	1	18	75	4	26	2046	126	0	0	0	126,896
275	9361	0	1	1	1	0	0	1	17	77	4	25	2046	127	0	1	0	896
275	9362	1	2	0	1	0	0	1	18	75	4	26	2046	126	0	0	0	126,896
275	9364	1	2	0	1	0	0	1	18	75	4	26	2046	126	0	0	0	126,896
275	9368	1	2	0	1	0	0	1	18	75	4	26	2046	126	0	0	0	126,896
275	9377	0	1	1	1	0	0	1	17	77	4	25	2046	127	0	1	0	896
275	9378	1	2	0	1	0	0	1	18	75	4	26	2046	126	0	0	0	126,896
275	9380	1	2	0	1	0	0	1	18	75	4	26	2046	126	0	0	0	126,896
275	9384	1	2	0	1	0	0	1	18	75	4	26	2046	126	0	0	0	126,896
275	9392	1	2	0	1	0	0	1	18	75	4	26	2046	126	0	0	0	126,896
275	9409	0	1	1	1	0	0	1	17	77	4	25	2046	127	0	1	0	896
275	9410	1	2	0	1	0	0	1	18	75	4	26	2046	126	0	0	0	126,896
275	9412	1	2	0	1	0	0	1	18	75	4	26	2046	126	0	0	0	126,896
275	9416	1	2	0	1	0	0	1	18	75	4	26	2046	126	0	0	0	126,896
275	9424	1	2	0	1	0	0	1	18	75	4	26	2046	126	0	0	0	126,896
275	9440	1	2	0	1	0	0	1	18	75	4	26	2046	126	0	0	0	126,896
275	9475	0	1	1	1	0	0	1	17	77	4	25	2046	127	0	1	0	896
275	9477	0	1	1	1	0	0	1	17	77	4	25	2046	127	0	1	0	896
275	9478	1	2	0	1	0	0	1	18	75	4	26	2046	126	0	0	0	126,896
275	9481	0	1	1	1	0	0	1	17	77	4	25	2046	127	0	1	0	896
275	9482	1	2	0	1	0	0	1	18	75	4	26	2046	126	0	0	0	126,896
275	9484	1	2	0	1	0	0	1	18	75	4	26	2046	126	0	0	0	126,896
275	9489	0	1	1	1	0	0	1	17	77	4	25	2046	127	0	1	0	896
275	9490	1	2	0	1	0	0	1	18	75	4	26	2046	126	0	0	0	126,896
275	9492	1	2	0	1	0	0	1	18	75	4	26	2046	126	0	0	0	126,896
275	9496	1	2	0	1	0	0	1	18	75	4	26	2046	126	0	0	0	126,896
275	9505	0	1	1	1	0	0	1	17	77	4	25	2046	127	0	1	0	896
275	9506	1	2	0	1	0	0	1	18	75	4	26	2046	126	0	0	0	126,896
275	9508	1	2	0	1	0	0	1	18	75	4	26	2046	126	0	0	0	126,896
275	9512	1	2	0	1	0	0	1	18	75	4	26	2046	126	0	0	0	126,896
275	9520	1	2	0	1	0	0	1	18	75	4	26	2046	126	0	0	0	126,896
275	9537	0	1	1	1	0	0	1	17	77	4	25	2046	127	0	1	0	896
275	9538	1	2	0	1	0	0	1	18	75	4	26	2046	126	0	0	0	126,896
275	9540	1	2	0	1	0	0	1	18	75	4	26	2046	126	0	0	0	126,896
275	9544	1	2	0	1	0	0	1	18	75	4	26	2046	126	0	0	0	126,896
275	9552	1	2	0	1	0	0	1	18	75	4	26	2046	126	0	0	0	126,896
275	9568	1	2	0	1	0	0	1	18	75	4	26	2046	126	0	0	0	126,896
275	9601	0	1	1	1	0	0	1	17	77	4	25	2046	127	0	1	0	896
275	9602	1	2	0	1	0	0	1	18	75	4	26	2046	126	0	0	0	126,896
275	9604	1	2	0	1	0	0	1	18	75	4	26	2046	126	0	0	0	126,896
275	9608	1	2	0	1	0	0	1	18	75	4	26	2046	126	0	0	0	126,896
275	9616	1	2	0	1	0	0	1	18	75	4	26	2046	126	0	0	0	126,896
275	9632	1	2	0	1	0	0	1	18	75	4	26	2046	126	0	0	0	126,896
275	9664	1	2	0	1	0	0	1	18	75	4	26	2046	126	0	0	0	126,896
275	9731	0	1	1	1	0	0	1	15	94	5	25	2046	127	0	1	0	896
275	9733	0	1	1	1	0	0	1	15	94	5	25	2046	127	0	1	0	896
275	9734	0	1	1	1	1	1	0	18	75	4	26	2046	127	1	0	1	896
275	9737	0	1	1	1	0	0	1	15	94	5	25	2046	127	0	1	0	896
275	9738	0	1	1	1	1	1	0	18	75	4	26	2046	127	1	0	1	896
275	9740	0	1	1	1	1	1	0	18	75	4	26	2046	127	1	0	1	896
275	9745	0	1	1	1	0	0	1	15	94	5	25	2046	127	0	1	0	896
275	9746	0	1	1	1	1	1	0	18	75	4	26	2046	127	1	0	1	896
275	9748	0	1	1	1	1	1	0	18	75	4	26	2046	127	1	0	1	896
275	9752	0	1	1	1	1	1	0	18	75	4	26	2046	127	1	0	1	896
275	9761	0	1	1	1	0	0	1	15	94	5	25	2046	127	0	1	0	896
275	9762	0	1	1	1	1	1	0	18	75	4	26	2046	127	1	0	1	896
275	9764	0	1	1	1	1	1	0	18	75	4	26	2046	127	1	0	1	896
275	9768	0	1	1	1	1	1	0	18	75	4	26	2046	127	1	0	1	896
275	9776	0	1	1	1	1	1	0	18	75	4	26	2046	127	1	0	1	896
275	9793	0	1	1	1	0	0	1	15	94	5	25	2046	127	0	1	0	896
275	9794	0	1	1	1	1	1	0	18	75	4	26	2046	127	1	0	1	896
275	9796	0	1	1	1	1	1	0	18	75	4	26	2046	127	1	0	1	896
275	9800	0	1	1	1	1	1	0	18	75	4	26	2046	127	1	0	1	896
275	9808	0	1	1	1	1	1	0	18	75	4	26	2046	127	1	0	1	896
275	9824	0	1	1	1	1	1	0	18	75	4	26	2046	127	1	0	1	896
275	9857	0	1	1	1	0	0	1	15	94	5	25	2046	127	0	1	0	896
275	9858	0	1	1	1	1	1	0	18	75	4	26	2046	127	1	0	1	896
275	9860	0	1	1	1	1	1	0	18	75	4	26	2046	127	1	0	1	896
275	9864	0	1	1	1	1	1	0	18	75	4	26	2046	127	1	0	1	896
275	9872	0	1	1	1	1	1	0	18	75	4	26	2046	127	1	0	1	896
275	9888	0	1	1	1	1	1	0	18	75	4	26	2046	127	1	0	1	896
275	9920	0	1	1	1	1	1	0	18	75	4	26	2046	127	1	0	1	896
275	9985	0	1	1	1	0	0	1	15	94	5	25	2046	127	0	1	0	896
275	9986	0	1	1	1	1	1	0	18	75	4	26	2046	127	1	0	1	896
275	9988	0	1	1	1	1	1	0	18	75	4	26	2046	127	1	0	1	896
275	9992	0	1	1	1	1	1	0	18	75	4	26	2046	127	1	0	1	896
275	10000	0	1	1	1	1	1	0	18	75	4	26	2046	127	1	0	1	896
275	10016	0	1	1	1	1	1	0	18	75	4	26	2046	127	1	0	1	896
275	10048	0	1	1	1	1	1	0	18	75	4	26	2046	127	1	0	1	896
275	10112	0	1	1	1	1	1	0	18	75	4	26	2046	127	1	0	1	896
275	10247	0	1	1	1	0	0	1	20	94	5	30	2046	255	0	1	0	768
275	10251	0	1	1	1	0	0	1	20	94	5	30	2046	255	0	1	0	768
275	10253	0	1	1	1	0	0	1	20	94	5	30	2046	255	0	1	0	768
275	10254	0	1	1	1	0	0	1	19	222	6	31	2046	254	0	1	0	254
275	10259	0	1	1	1	0	0	1	20	94	5	30	2046	255	0	1	0	768
275	10261	0	1	1	1	0	0	1	20	94	5	30	2046	255	0	1	0	768
275	10262	0	1	1	1	0	0	1	19	222	6	31	2046	254	0	1	0	254
275	10265	0	1	1	1	0	0	1	20	94	5	30	2046	255	0	1	0	768
275	10266	0	1	1	1	0	0	1	19	222	6	31	2046	254	0	1	0	254
275	10268	0	1	1	1	0	0	1	19	222	6	31	2046	254	0	1	0	254
275	10275	0	1	1	1	0	0	1	20	94	5	30	2046	255	0	1	0	768
275	10277	0	1	1	1	0	0	1	20	94	5	30	2046	255	0	1	0	768
275	10278	0	1	1	1	0	0	1	19	222	6	31	2046	254	0	1	0	254
275	10281	0	1	1	1	0	0	1	20	94	5	30	2046	255	0	1	0	768
275	10282	0	1	1	1	0	0	1	19	222	6	31	2046	254	0	1	0	254
275	10284	0	1	1	1	0	0	1	19	222	6	31	2046	254	0	1	0	254
275	10289	0	1	1	1	0	0	1	20	94	5	30	2046	255	0	1	0	768
275	10290	0	1	1	1	0	0	1	19	222	6	31	2046	254	0	1	0	254
275	10292	0	1	1	1	0	0	1	19	222	6	31	2046	254	0	1	0	254
275	10296	0	1	1	1	0	0	1	19	222	6	31	2046	254	0	1	0	254
275	10307	0	1	1	1	0	0	1	20	94	5	30	2046	255	0	1	0	768
275	10309	0	1	1	1	0	0	1	20	94	5	30	2046	255	0	1	0	768
275	10310	0	1	1	1	0	0	1	19	222	6	31	2046	254	0	1	0	254
275	10313	0	1	1	1	0	0	1	20	94	5	30	2046	255	0	1	0	768
275	10314	0	1	1	1	0	0	1	19	222	6	31	2046	254	0	1	0	254
275	10316	0	1	1	1	0	0	1	19	222	6	31	2046	254	0	1	0	254
275	10321	0	1	1	1	0	0	1	20	94	5	30	2046	255	0	1	0	768
275	10322	0	1	1	1	0	0	1	19	222	6	31	2046	254	0	1	0	254
275	10324	0	1	1	1	0	0	1	19	222	6	31	2046	254	0	1	0	254
275	10328	0	1	1	1	0	0	1	19	222	6	31	2046	254	0	1	0	254
275	10337	0	1	1	1	0	0	1	20	94	5	30	2046	255	0	1	0	768
275	10338	0	1	1	1	0	0	1	19	222	6	31	2046	254	0	1	0	254
275	10340	0	1	1	1	0	0	1	19	222	6	31	2046	254	0	1	0	254
275	10344	0	1	1	1	0	0	1	19	222	6	31	2046	254	0	1	0	254
275	10352	0	1	1	1	0	0	1	19	222	6	31	2046	254	0	1	0	254
275	10371	0	1	1	1	0	0	1	20	94	5	30	2046	255	0	1	0	768
275	10373	0	1	1	1	0	0	1	20	94	5	30	2046	255	0	1	0	768
275	10374	0	1	1	1	0	0	1	19	222	6	31	2046	254	0	1	0	254
275	10377	0	1	1	1	0	0	1	20	94	5	30	2046	255	0	1	0	768
275	10378	0	1	1	1	0	0	1	19	222	6	31	2046	254	0	1	0	254
275	10380	0	1	1	1	0	0	1	19	222	6	31	2046	254	0	1	0	254
275	10385	0	1	1	1	0	0	1	20	94	5	30	2046	255	0	1	0	768
275	10386	0	1	1	1	0	0	1	19	222	6	31	2046	254	0	1	0	254
275	10388	0	1	1	1	0	0	1	19	222	6	31	2046	254	0	1	0	254
275	10392	0	1	1	1	0	0	1	19	222	6	31	2046	254	0	1	0	254
275	10401	0	1	1	1	0	0	1	20	94	5	30	2046	255	0	1	0	768
275	10402	0	1	1	1	0	0	1	19	222	6	31	2046	254	0	1	0	254
275	10404	0	1	1	1	0	0	1	19	222	6	31	2046	254	0	1	0	254
275	10408	0	1	1	1	0	0	1	19	222	6	31	2046	254	0	1	0	254
275	10416	0	1	1	1	0	0	1	19	222	6	31	2046	254	0	1	0	254
275	10433	0	1	1	1	0	0	1	20	94	5	30	2046	255	0	1	0	768
275	10434	0	1	1	1	0	0	1	19	222	6	31	2046	254	0	1	0	254
275	10436	0	1	1	1	0	0	1	19	222	6	31	2046	254	0	1	0	254
275	10440	0	1	1	1	0	0	1	19	222	6	31	2046	254	0	1	0	254
275	10448	0	1	1	1	0	0	1	19	222	6	31	2046	254	0	1	0	254
275	10464	0	1	1	1	0	0	1	19	222	6	31	2046	254	0	1	0	254
275	10499	0	1	1	1	0	0	1	20	94	5	30	2046	255	0	1	0	768
275	10501	0	1	1	1	0	0	1	20	94	5	30	2046	255	0	1	0	768
275	10502	0	1	1	1	0	0	1	19	222	6	31	2046	254	0	1	0	254
275	10505	0	1	1	1	0	0	1	20	94	5	30	2046	255	0	1	0	768
275	10506	0	1	1	1	0	0	1	19	222	6	31	2046	254	0	1	0	254
275	10508	0	1	1	1	0	0	1	19	222	6	31	2046	254	0	1	0	254
275	10513	0	1	1	1	0	0	1	20	94	5	30	2046	255	0	1	0	768
275	10514	0	1	1	1	0	0	1	19	222	6	31	2046	254	0	1	0	254
275	10516	0	1	1	1	0	0	1	19	222	6	31	2046	254	0	1	0	254
275	10520	0	1	1	1	0	0	1	19	222	6	31	2046	254	0	1	0	254
275	10529	0	1	1	1	0	0	1	20	94	5	30	2046	255	0	1	0	768
275	10530	0	1	1	1	0	0	1	19	222	6	31	2046	254	0	1	0	254
275	10532	0	1	1	1	0	0	1	19	222	6	31	2046	254	0	1	0	254
275	10536	0	1	1	1	0	0	1	19	222	6	31	2046	254	0	1	0	254
275	10544	0	1	1	1	0	0	1	19	222	6	31	2046	254	0	1	0	254
275	10561	0	1	1	1	0	0	1	20	94	5	30	2046	255	0	1	0	768
275	10562	0	1	1	1	0	0	1	19	222	6	31	2046	254	0	1	0	254
275	10564	0	1	1	1	0	0	1	19	222	6	31	2046	254	0	1	0	254
275	10568	0	1	1	1	0	0	1	19	222	6	31	2046	254	0	1	0	254
275	10576	0	1	1	1	0	0	1	19	222	6	31	2046	254	0	1	0	254
275	10592	0	1	1	1	0	0	1	19	222	6	31	2046	254	0	1	0	254
275	10625	0	1	1	1	0	0	1	20	94	5	30	2046	255	0	1	0	768
275	10626	0	1	1	1	0	0	1	19	222	6	31	2046	254	0	1	0	254
275	10628	0	1	1	1	0	0	1	19	222	6	31	2046	254	0	1	0	254
275	10632	0	1	1	1	0	0	1	19	222	6	31	2046	254	0	1	0	254
275	10640	0	1	1	1	0	0	1	19	222	6	31	2046	254	0	1	0	254
275	10656	0	1	1	1	0	0	1	19	222	6	31	2046	254	0	1	0	254
275	10688	0	1	1	1	0	0	1	19	222	6	31	2046	254	0	1	0	254
275	10755	0	1	1	1	0	0	1	22	236	5	30	2046	255	0	1	0	768
275	10757	0	1	1	1	0	0	1	22	236	5	30	2046	255	0	1	0	768
275	10758	0	1	1	1	0	0	1	21	94	5	31	2046	254	0	1	0	254
275	10761	0	1	1	1	0	0	1	22	236	5	30	2046	255	0	1	0	768
275	10762	0	1	1	1	0	0	1	21	94	5	31	2046	254	0	1	0	254
275	10764	0	1	1	1	0	0	1	21	94	5	31	2046	254	0	1	0	254
275	10769	0	1	1	1	0	0	1	22	236	5	30	2046	255	0	1	0	768
275	10770	0	1	1	1	0	0	1	21	94	5	31	2046	254	0	1	0	254
275	10772	0	1	1	1	0	0	1	21	94	5	31	2046	254	0	1	0	254
275	10776	0	1	1	1	0	0	1	21	94	5	31	2046	254	0	1	0	254
275	10785	0	1	1	1	0	0	1	22	236	5	30	2046	255	0	1	0	768
275	10786	0	1	1	1	0	0	1	21	94	5	31	2046	254	0	1	0	254
275	10788	0	1	1	1	0	0	1	21	94	5	31	2046	254	0	1	0	254
275	10792	0	1	1	1	0	0	1	21	94	5	31	2046	254	0	1	0	254
275	10800	0	1	1	1	0	0	1	21	94	5	31	2046	254	0	1	0	254
275	10817	0	1	1	1	0	0	1	22	236	5	30	2046	255	0	1	0	768
275	10818	0	1	1	1	0	0	1	21	94	5	31	2046	254	0	1	0	254
275	10820	0	1	1	1	0	0	1	21	94	5	31	2046	254	0	1	0	254
275	10824	0	1	1	1	0	0	1	21	94	5	31	2046	254	0	1	0	254
275	10832	0	1	1	1	0	0	1	21	94	5	31	2046	254	0	1	0	254
275	10848	0	1	1	1	0	0	1	21	94	5	31	2046	254	0	1	0	254
275	10881	0	1	1	1	0	0	1	22	236	5	30	2046	255	0	1	0	768
275	10882	0	1	1	1	0	0	1	21	94	5	31	2046	254	0	1	0	254
275	10884	0	1	1	1	0	0	1	21	94	5	31	2046	254	0	1	0	254
275	10888	0	1	1	1	0	0	1	21	94	5	31	2046	254	0	1	0	254
275	10896	0	1	1	1	0	0	1	21	94	5	31	2046	254	0	1	0	254
275	10912	0	1	1	1	0	0	1	21	94	5	31	2046	254	0	1	0	254
275	10944	0	1	1	1	0	0	1	21	94	5	31	2046	254	0	1	0	254
275	11009	0	1	1	1	0	0	1	22	236	5	30	2046	255	0	1	0	768
275	11010	0	1	1	1	0	0	1	21	94	5	31	2046	254	0	1	0	254
275	11012	0	1	1	1	0	0	1	21	94	5	31	2046	254	0	1	0	254
275	11016	0	1	1	1	0	0	1	21	94	5	31	2046	254	0	1	0	254
275	11024	0	1	1	1	0	0	1	21	94	5	31	2046	254	0	1	0	254
275	11040	0	1	1	1	0	0	1	21	94	5	31	2046	254	0	1	0	254
275	11072	0	1	1	1	0	0	1	21	94	5	31	2046	254	0	1	0	254
275	11136	0	1	1	1	0	0	1	21	94	5	31	2046	254	0	1	0	254
275	11267	0	1	1	1	0	0	1	22	236	5	30	2046	255	0	1	0	768
275	11269	0	1	1	1	0	0	1	22	236	5	30	2046	255	0	1	0	768
275	11270	0	1	1	1	0	0	1	21	94	5	31	2046	254	0	1	0	254
275	11273	0	1	1	1	0	0	1	22	236	5	30	2046	255	0	1	0	768
275	11274	0	1	1	1	0	0	1	21	94	5	31	2046	254	0	1	0	254
275	11276	0	1	1	1	0	0	1	21	94	5	31	2046	254	0	1	0	254
275	11281	0	1	1	1	0	0	1	22	236	5	30	2046	255	0	1	0	768
275	11282	0	1	1	1	0	0	1	21	94	5	31	2046	254	0	1	0	254
275	11284	0	1	1	1	0	0	1	21	94	5	31	2046	254	0	1	0	254
275	11288	0	1	1	1	0	0	1	21	94	5	31	2046	254	0	1	0	254
275	11297	0	1	1	1	0	0	1	22	236	5	30	2046	255	0	1	0	768
275	11298	0	1	1	1	0	0	1	21	94	5	31	2046	254	0	1	0	254
275	11300	0	1	1	1	0	0	1	21	94	5	31	2046	254	0	1	0	254
275	11304	0	1	1	1	0	0	1	21	94	5	31	2046	254	0	1	0	254
275	11312	0	1	1	1	0	0	1	21	94	5	31	2046	254	0	1	0	254
275	11329	0	1	1	1	0	0	1	22	236	5	30	2046	255	0	1	0	768
275	11330	0	1	1	1	0	0	1	21	94	5	31	2046	254	0	1	0	254
275	11332	0	1	1	1	0	0	1	21	94	5	31	2046	254	0	1	0	254
275	11336	0	1	1	1	0	0	1	21	94	5	31	2046	254	0	1	0	254
275	11344	0	1	1	1	0	0	1	21	94	5	31	2046	254	0	1	0	254
275	11360	0	1	1	1	0	0	1	21	94	5	31	2046	254	0	1	0	254
275	11393	0	1	1	1	0	0	1	22	236	5	30	2046	255	0	1	0	768
275	11394	0	1	1	1	0	0	1	21	94	5	31	2046	254	0	1	0	254
275	11396	0	1	1	1	0	0	1	21	94	5	31	2046	254	0	1	0	254
275	11400	0	1	1	1	0	0	1	21	94	5	31	2046	254	0	1	0	254
275	11408	0	1	1	1	0	0	1	21	94	5	31	2046	254	0	1	0	254
275	11424	0	1	1	1	0	0	1	21	94	5	31	2046	254	0	1	0	254
275	11456	0	1	1	1	0	0	1	21	94	5	31	2046	254	0	1	0	254
275	11521	0	1	1	1	0	0	1	22	236	5	30	2046	255	0	1	0	768
275	11522	0	1	1	1	0	0	1	21	94	5	31	2046	254	0	1	0	254
275	11524	0	1	1	1	0	0	1	21	94	5	31	2046	254	0	1	0	254
275	11528	0	1	1	1	0	0	1	21	94	5	31	2046	254	0	1	0	254
275	11536	0	1	1	1	0	0	1	21	94	5	31	2046	254	0	1	0	254
275	11552	0	1	1	1	0	0	1	21	94	5	31	2046	254	0	1	0	254
275	11584	0	1	1	1	0	0	1	21	94	5	31	2046	254	0	1	0	254
275	11648	0	1	1	1	0	0	1	21	94	5	31	2046	254	0	1	0	254
275	11777	0	1	1	1	0	0	1	20	94	5	30	2046	255	0	1	0	768
275	11778	0	2	1	1	0	0	1	23	77	4	31	2046	254	0	1	0	254,768
275	11780	0	2	1	1	0	0	1	23	77	4	31	2046	254	0	1	0	254,768
275	11784	0	2	1	1	0	0	1	23	77	4	31	2046	254	0	1	0	254,768
275	11792	0	2	1	1	0	0	1	23	77	4	31	2046	254	0	1	0	254,768
275	11808	0	2	1	1	0	0	1	23	77	4	31	2046	254	0	1	0	254,768
275	11840	0	2	1	1	0	0	1	23	77	4	31	2046	254	0	1	0	254,768
275	11904	0	2	1	1	0	0	1	23	77	4	31	2046	254	0	1	0	254,768
275	12032	0	2	1	1	0	0	1	23	77	4	31	2046	254	0	1	0	254,768
275	12295	0	1	1	1	0	0	1	23	30	4	31	2046	255	0	1	0	768
275	12299	0	1	1	1	0	0	1	23	30	4	31	2046	255	0	1	0	768
275	12301	0	1	1	1	0	0	1	23	30	4	31	2046	255	0	1	0	768
275	12302	1	1	0	1	0	0	1	20	222	6	32	2046	254	0	0	0	254
275	12307	0	1	1	1	0	0	1	23	30	4	31	2046	255	0	1	0	768
275	12309	0	1	1	1	0	0	1	23	30	4	31	2046	255	0	1	0	768
275	12310	1	1	0	1	0	0	1	20	222	6	32	2046	254	0	0	0	254
275	12313	0	1	1	1	0	0	1	23	30	4	31	2046	255	0	1	0	768
275	12314	1	1	0	1	0	0	1	20	222	6	32	2046	254	0	0	0	254
275	12316	1	1	0	1	0	0	1	20	222	6	32	2046	254	0	0	0	254
275	12323	0	1	1	1	0	0	1	23	30	4	31	2046	255	0	1	0	768
275	12325	0	1	1	1	0	0	1	23	30	4	31	2046	255	0	1	0	768
275	12326	1	1	0	1	0	0	1	20	222	6	32	2046	254	0	0	0	254
275	12329	0	1	1	1	0	0	1	23	30	4	31	2046	255	0	1	0	768
275	12330	1	1	0	1	0	0	1	20	222	6	32	2046	254	0	0	0	254
275	12332	1	1	0	1	0	0	1	20	222	6	32	2046	254	0	0	0	254
275	12337	0	1	1	1	0	0	1	23	30	4	31	2046	255	0	1	0	768
275	12338	1	1	0	1	0	0	1	20	222	6	32	2046	254	0	0	0	254
275	12340	1	1	0	1	0	0	1	20	222	6	32	2046	254	0	0	0	254
275	12344	1	1	0	1	0	0	1	20	222	6	32	2046	254	0	0	0	254
275	12355	0	1	1	1	0	0	1	23	30	4	31	2046	255	0	1	0	768
275	12357	0	1	1	1	0	0	1	23	30	4	31	2046	255	0	1	0	768
275	12358	1	1	0	1	0	0	1	20	222	6	32	2046	254	0	0	0	254
275	12361	0	1	1	1	0	0	1	23	30	4	31	2046	255	0	1	0	768
275	12362	1	1	0	1	0	0	1	20	222	6	32	2046	254	0	0	0	254
275	12364	1	1	0	1	0	0	1	20	222	6	32	2046	254	0	0	0	254
275	12369	0	1	1	1	0	0	1	23	30	4	31	2046	255	0	1	0	768
275	12370	1	1	0	1	0	0	1	20	222	6	32	2046	254	0	0	0	254
275	12372	1	1	0	1	0	0	1	20	222	6	32	2046	254	0	0	0	254
275	12376	1	1	0	1	0	0	1	20	222	6	32	2046	254	0	0	0	254
275	12385	0	1	1	1	0	0	1	23	30	4	31	2046	255	0	1	0	768
275	12386	1	1	0	1	0	0	1	20	222	6	32	2046	254	0	0	0	254
275	12388	1	1	0	1	0	0	1	20	222	6	32	2046	254	0	0	0	254
275	12392	1	1	0	1	0	0	1	20	222	6	32	2046	254	0	0	0	254
275	12400	1	1	0	1	0	0	1	20	222	6	32	2046	254	0	0	0	254
275	12419	0	1	1	1	0	0	1	23	30	4	31	2046	255	0	1	0	768
275	12421	0	1	1	1	0	0	1	23	30	4	31	2046	255	0	1	0	768
275	12422	1	1	0	1	0	0	1	20	222	6	32	2046	254	0	0	0	254
275	12425	0	1	1	1	0	0	1	23	30	4	31	2046	255	0	1	0	768
275	12426	1	1	0	1	0	0	1	20	222	6	32	2046	254	0	0	0	254
275	12428	1	1	0	1	0	0	1	20	222	6	32	2046	254	0	0	0	254
275	12433	0	1	1	1	0	0	1	23	30	4	31	2046	255	0	1	0	768
275	12434	1	1	0	1	0	0	1	20	222	6	32	2046	254	0	0	0	254
275	12436	1	1	0	1	0	0	1	20	222	6	32	2046	254	0	0	0	254
275	12440	1	1	0	1	0	0	1	20	222	6	32	2046	254	0	0	0	254
275	12449	0	1	1	1	0	0	1	23	30	4	31	2046	255	0	1	0	768
275	12450	1	1	0	1	0	0	1	20	222	6	32	2046	254	0	0	0	254
275	12452	1	1	0	1	0	0	1	20	222	6	32	2046	254	0	0	0	254
275	12456	1	1	0	1	0	0	1	20	222	6	32	2046	254	0	0	0	254
275	12464	1	1	0	1	0	0	1	20	222	6	32	2046	254	0	0	0	254
275	12481	0	1	1	1	0	0	1	23	30	4	31	2046	255	0	1	0	768
275	12482	1	1	0	1	0	0	1	20	222	6	32	2046	254	0	0	0	254
275	12484	1	1	0	1	0	0	1	20	222	6	32	2046	254	0	0	0	254
275	12488	1	1	0	1	0	0	1	20	222	6	32	2046	254	0	0	0	254
275	12496	1	1	0	1	0	0	1	20	222	6	32	2046	254	0	0	0	254
275	12512	1	1	0	1	0	0	1	20	222	6	32	2046	254	0	0	0	254
275	12547	0	1	1	1	0	0	1	23	30	4	31	2046	255	0	1	0	768
275	12549	0	1	1	1	0	0	1	23	30	4	31	2046	255	0	1	0	768
275	12550	1	1	0	1	0	0	1	20	222	6	32	2046	254	0	0	0	254
275	12553	0	1	1	1	0	0	1	23	30	4	31	2046	255	0	1	0	768
275	12554	1	1	0	1	0	0	1	20	222	6	32	2046	254	0	0	0	254
275	12556	1	1	0	1	0	0	1	20	222	6	32	2046	254	0	0	0	254
275	12561	0	1	1	1	0	0	1	23	30	4	31	2046	255	0	1	0	768
275	12562	1	1	0	1	0	0	1	20	222	6	32	2046	254	0	0	0	254
275	12564	1	1	0	1	0	0	1	20	222	6	32	2046	254	0	0	0	254
275	12568	1	1	0	1	0	0	1	20	222	6	32	2046	254	0	0	0	254
275	12577	0	1	1	1	0	0	1	23	30	4	31	2046	255	0	1	0	768
275	12578	1	1	0	1	0	0	1	20	222	6	32	2046	254	0	0	0	254
275	12580	1	1	0	1	0	0	1	20	222	6	32	2046	254	0	0	0	254
275	12584	1	1	0	1	0	0	1	20	222	6	32	2046	254	0	0	0	254
275	12592	1	1	0	1	0	0	1	20	222	6	32	2046	254	0	0	0	254
275	12609	0	1	1	1	0	0	1	23	30	4	31	2046	255	0	1	0	768
275	12610	1	1	0	1	0	0	1	20	222	6	32	2046	254	0	0	0	254
275	12612	1	1	0	1	0	0	1	20	222	6	32	2046	254	0	0	0	254
275	12616	1	1	0	1	0	0	1	20	222	6	32	2046	254	0	0	0	254
275	12624	1	1	0	1	0	0	1	20	222	6	32	2046	254	0	0	0	254
275	12640	1	1	0	1	0	0	1	20	222	6	32	2046	254	0	0	0	254
275	12673	0	1	1	1	0	0	1	23	30	4	31	2046	255	0	1	0	768
275	12674	1	1	0	1	0	0	1	20	222	6	32	2046	254	0	0	0	254
275	12676	1	1	0	1	0	0	1	20	222	6	32	2046	254	0	0	0	254
275	12680	1	1	0	1	0	0	1	20	222	6	32	2046	254	0	0	0	254
275	12688	1	1	0	1	0	0	1	20	222	6	32	2046	254	0	0	0	254
275	12704	1	1	0	1	0	0	1	20	222	6	32	2046	254	0	0	0	254
275	12736	1	1	0	1	0	0	1	20	222	6	32	2046	254	0	0	0	254
275	12803	0	1	1	1	0	0	1	21	94	5	31	2046	255	0	1	0	768
275	12805	0	1	1	1	0	0	1	21	94	5	31	2046	255	0	1	0	768
275	12806	1	3	0	1	0	0	1	20	222	6	32	2046	254	0	0	0	254,768,896
275	12809	0	1	1	1	0	0	1	21	94	5	31	2046	255	0	1	0	768
275	12810	1	3	0	1	0	0	1	20	222	6	32	2046	254	0	0	0	254,768,896
275	12812	1	3	0	1	0	0	1	20	222	6	32	2046	254	0	0	0	254,768,896
275	12817	0	1	1	1	0	0	1	21	94	5	31	2046	255	0	1	0	768
275	12818	1	3	0	1	0	0	1	20	222	6	32	2046	254	0	0	0	254,768,896
275	12820	1	3	0	1	0	0	1	20	222	6	32	2046	254	0	0	0	254,768,896
275	12824	1	3	0	1	0	0	1	20	222	6	32	2046	254	0	0	0	254,768,896
275	12833	0	1	1	1	0	0	1	21	94	5	31	2046	255	0	1	0	768
275	12834	1	3	0	1	0	0	1	20	222	6	32	2046	254	0	0	0	254,768,896
275	12836	1	3	0	1	0	0	1	20	222	6	32	2046	254	0	0	0	254,768,896
275	12840	1	3	0	1	0	0	1	20	222	6	32	2046	254	0	0	0	254,768,896
275	12848	1	3	0	1	0	0	1	20	222	6	32	2046	254	0	0	0	254,768,896
275	12865	0	1	1	1	0	0	1	21	94	5	31	2046	255	0	1	0	768
275	12866	1	3	0	1	0	0	1	20	222	6	32	2046	254	0	0	0	254,768,896
275	12868	1	3	0	1	0	0	1	20	222	6	32	2046	254	0	0	0	254,768,896
275	12872	1	3	0	1	0	0	1	20	222	6	32	2046	254	0	0	0	254,768,896
275	12880	1	3	0	1	0	0	1	20	222	6	32	2046	254	0	0	0	254,768,896
275	12896	1	3	0	1	0	0	1	20	222	6	32	2046	254	0	0	0	254,768,896
275	12929	0	1	1	1	0	0	1	21	94	5	31	2046	255	0	1	0	768
275	12930	1	3	0	1	0	0	1	20	222	6	32	2046	254	0	0	0	254,768,896
275	12932	1	3	0	1	0	0	1	20	222	6	32	2046	254	0	0	0	254,768,896
275	12936	1	3	0	1	0	0	1	20	222	6	32	2046	254	0	0	0	254,768,896
275	12944	1	3	0	1	0	0	1	20	222	6	32	2046	254	0	0	0	254,768,896
275	12960	1	3	0	1	0	0	1	20	222	6	32	2046	254	0	0	0	254,768,896
275	12992	1	3	0	1	0	0	1	20	222	6	32	2046	254	0	0	0	254,768,896
275	13057	0	1	1	1	0	0	1	21	94	5	31	2046	255	0	1	0	768
275	13058	1	3	0	1	0	0	1	20	222	6	32	2046	254	0	0	0	254,768,896
275	13060	1	3	0	1	0	0	1	20	222	6	32	2046	254	0	0	0	254,768,896
275	13064	1	3	0	1	0	0	1	20	222	6	32	2046	254	0	0	0	254,768,896
275	13072	1	3	0	1	0	0	1	20	222	6	32	2046	254	0	0	0	254,768,896
275	13088	1	3	0	1	0	0	1	20	222	6	32	2046	254	0	0	0	254,768,896
275	13120	1	3	0	1	0	0	1	20	222	6	32	2046	254	0	0	0	254,768,896
275	13184	1	3	0	1	0	0	1	20	222	6	32	2046	254	0	0	0	254,768,896
275	13315	0	1	1	1	0	0	1	21	94	5	31	2046	255	0	1	0	768
275	13317	0	1	1	1	0	0	1	21	94	5	31	2046	255	0	1	0	768
275	13318	1	3	0	1	0	0	1	20	222	6	32	2046	254	0	0	0	254,768,896
275	13321	0	1	1	1	0	0	1	21	94	5	31	2046	255	0	1	0	768
275	13322	1	3	0	1	0	0	1	20	222	6	32	2046	254	0	0	0	254,768,896
275	13324	1	3	0	1	0	0	1	20	222	6	32	2046	254	0	0	0	254,768,896
275	13329	0	1	1	1	0	0	1	21	94	5	31	2046	255	0	1	0	768
275	13330	1	3	0	1	0	0	1	20	222	6	32	2046	254	0	0	0	254,768,896
275	13332	1	3	0	1	0	0	1	20	222	6	32	2046	254	0	0	0	254,768,896
275	13336	1	3	0	1	0	0	1	20	222	6	32	2046	254	0	0	0	254,768,896
275	13345	0	1	1	1	0	0	1	21	94	5	31	2046	255	0	1	0	768
275	13346	1	3	0	1	0	0	1	20	222	6	32	2046	254	0	0	0	254,768,896
275	13348	1	3	0	1	0	0	1	20	222	6	32	2046	254	0	0	0	254,768,896
275	13352	1	3	0	1	0	0	1	20	222	6	32	2046	254	0	0	0	254,768,896
275	13360	1	3	0	1	0	0	1	20	222	6	32	2046	254	0	0	0	254,768,896
275	13377	0	1	1	1	0	0	1	21	94	5	31	2046	255	0	1	0	768
275	13378	1	3	0	1	0	0	1	20	222	6	32	2046	254	0	0	0	254,768,896
275	13380	1	3	0	1	0	0	1	20	222	6	32	2046	254	0	0	0	254,768,896
275	13384	1	3	0	1	0	0	1	20	222	6	32	2046	254	0	0	0	254,768,896
275	13392	1	3	0	1	0	0	1	20	222	6	32	2046	254	0	0	0	254,768,896
275	13408	1	3	0	1	0	0	1	20	222	6	32	2046	254	0	0	0	254,768,896
275	13441	0	1	1	1	0	0	1	21	94	5	31	2046	255	0	1	0	768
275	13442	1	3	0	1	0	0	1	20	222	6	32	2046	254	0	0	0	254,768,896
275	13444	1	3	0	1	0	0	1	20	222	6	32	2046	254	0	0	0	254,768,896
275	13448	1	3	0	1	0	0	1	20	222	6	32	2046	254	0	0	0	254,768,896
275	13456	1	3	0	1	0	0	1	20	222	6	32	2046	254	0	0	0	254,768,896
275	13472	1	3	0	1	0	0	1	20	222	6	32	2046	254	0	0	0	254,768,896
275	13504	1	3	0	1	0	0	1	20	222	6	32	2046	254	0	0	0	254,768,896
275	13569	0	1	1	1	0	0	1	21	94	5	31	2046	255	0	1	0	768
275	13570	1	3	0	1	0	0	1	20	222	6	32	2046	254	0	0	0	254,768,896
275	13572	1	3	0	1	0	0	1	20	222	6	32	2046	254	0	0	0	254,768,896
275	13576	1	3	0	1	0	0	1	20	222	6	32	2046	254	0	0	0	254,768,896
275	13584	1	3	0	1	0	0	1	20	222	6	32	2046	254	0	0	0	254,768,896
275	13600	1	3	0	1	0	0	1	20	222	6	32	2046	254	0	0	0	254,768,896
275	13632	1	3	0	1	0	0	1	20	222	6	32	2046	254	0	0	0	254,768,896
275	13696	1	3	0	1	0	0	1	20	222	6	32	2046	254	0	0	0	254,768,896
275	13825	0	1	1	1	0	0	1	19	222	6	31	2046	255	0	1	0	768
275	13826	0	1	1	1	1	1	0	20	222	6	32	2046	255	1	0	1	768
275	13828	0	1	1	1	1	1	0	20	222	6	32	2046	255	1	0	1	768
275	13832	0	1	1	1	1	1	0	20	222	6	32	2046	255	1	0	1	768
275	13840	0	1	1	1	1	1	0	20	222	6	32	2046	255	1	0	1	768
275	13856	0	1	1	1	1	1	0	20	222	6	32	2046	255	1	0	1	768
275	13888	0	1	1	1	1	1	0	20	222	6	32	2046	255	1	0	1	768
275	13952	0	1	1	1	1	1	0	20	222	6	32	2046	255	1	0	1	768
275	14080	0	1	1	1	1	1	0	20	222	6	32	2046	255	1	0	1	768
275	14339	0	1	1	1	0	0	1	28	77	4	36	2046	511	0	1	0	512
275	14341	0	1	1	1	0	0	1	28	77	4	36	2046	511	0	1	0	512
275	14342	0	1	1	1	0	0	1	25	222	6	37	2046	510	0	1	0	510
275	14345	0	1	1	1	0	0	1	28	77	4	36	2046	511	0	1	0	512
275	14346	0	1	1	1	0	0	1	25	222	6	37	2046	510	0	1	0	510
275	14348	0	1	1	1	0	0	1	25	222	6	37	2046	510	0	1	0	510
275	14353	0	1	1	1	0	0	1	28	77	4	36	2046	511	0	1	0	512
275	14354	0	1	1	1	0	0	1	25	222	6	37	2046	510	0	1	0	510
275	14356	0	1	1	1	0	0	1	25	222	6	37	2046	510	0	1	0	510
275	14360	0	1	1	1	0	0	1	25	222	6	37	2046	510	0	1	0	510
275	14369	0	1	1	1	0	0	1	28	77	4	36	2046	511	0	1	0	512
275	14370	0	1	1	1	0	0	1	25	222	6	37	2046	510	0	1	0	510
275	14372	0	1	1	1	0	0	1	25	222	6	37	2046	510	0	1	0	510
275	14376	0	1	1	1	0	0	1	25	222	6	37	2046	510	0	1	0	510
275	14384	0	1	1	1	0	0	1	25	222	6	37	2046	510	0	1	0	510
275	14401	0	1	1	1	0	0	1	28	77	4	36	2046	511	0	1	0	512
275	14402	0	1	1	1	0	0	1	25	222	6	37	2046	510	0	1	0	510
275	14404	0	1	1	1	0	0	1	25	222	6	37	2046	510	0	1	0	510
275	14408	0	1	1	1	0	0	1	25	222	6	37	2046	510	0	1	0	510
275	14416	0	1	1	1	0	0	1	25	222	6	37	2046	510	0	1	0	510
275	14432	0	1	1	1	0	0	1	25	222	6	37	2046	510	0	1	0	510
275	14465	0	1	1	1	0	0	1	28	77	4	36	2046	511	0	1	0	512
275	14466	0	1	1	1	0	0	1	25	222	6	37	2046	510	0	1	0	510
275	14468	0	1	1	1	0	0	1	25	222	6	37	2046	510	0	1	0	510
275	14472	0	1	1	1	0	0	1	25	222	6	37	2046	510	0	1	0	510
275	14480	0	1	1	1	0	0	1	25	222	6	37	2046	510	0	1	0	510
275	14496	0	1	1	1	0	0	1	25	222	6	37	2046	510	0	1	0	510
275	14528	0	1	1	1	0	0	1	25	222	6	37	2046	510	0	1	0	510
275	14593	0	1	1	1	0	0	1	28	77	4	36	2046	511	0	1	0	512
275	14594	0	1	1	1	0	0	1	25	222	6	37	2046	510	0	1	0	510
275	14596	0	1	1	1	0	0	1	25	222	6	37	2046	510	0	1	0	510
275	14600	0	1	1	1	0	0	1	25	222	6	37	2046	510	0	1	0	510
275	14608	0	1	1	1	0	0	1	25	222	6	37	2046	510	0	1	0	510
275	14624	0	1	1	1	0	0	1	25	222	6	37	2046	510	0	1	0	510
275	14656	0	1	1	1	0	0	1	25	222	6	37	2046	510	0	1	0	510
275	14720	0	1	1	1	0	0	1	25	222	6	37	2046	510	0	1	0	510
275	14849	0	1	1	1	0	0	1	28	77	4	36	2046	511	0	1	0	512
275	14850	0	1	1	1	0	0	1	27	94	5	37	2046	510	0	1	0	510
275	14852	0	1	1	1	0	0	1	27	94	5	37	2046	510	0	1	0	510
275	14856	0	1	1	1	0	0	1	27	94	5	37	2046	510	0	1	0	510
275	14864	0	1	1	1	0	0	1	27	94	5	37	2046	510	0	1	0	510
275	14880	0	1	1	1	0	0	1	27	94	5	37	2046	510	0	1	0	510
275	14912	0	1	1	1	0	0	1	27	94	5	37	2046	510	0	1	0	510
275	14976	0	1	1	1	0	0	1	27	94	5	37	2046	510	0	1	0	510
275	15104	0	1	1	1	0	0	1	27	94	5	37	2046	510	0	1	0	510
275	15361	0	1	1	1	0	0	1	28	77	4	36	2046	511	0	1	0	512
275	15362	0	1	1	1	0	0	1	27	94	5	37	2046	510	0	1	0	510
275	15364	0	1	1	1	0	0	1	27	94	5	37	2046	510	0	1	0	510
275	15368	0	1	1	1	0	0	1	27	94	5	37	2046	510	0	1	0	510
275	15376	0	1	1	1	0	0	1	27	94	5	37	2046	510	0	1	0	510
275	15392	0	1	1	1	0	0	1	27	94	5	37	2046	510	0	1	0	510
275	15424	0	1	1	1	0	0	1	27	94	5	37	2046	510	0	1	0	510
275	15488	0	1	1	1	0	0	1	27	94	5	37	2046	510	0	1	0	510
275	15616	0	1	1	1	0	0	1	27	94	5	37	2046	510	0	1	0	510
275	15872	0	2	1	1	0	0	1	29	30	4	37	2046	510	0	1	0	510,512
275	16399	0	1	1	1	0	0	1	19	11	3	25	2046	127	0	1	0	896
275	16407	0	1	1	1	0	0	1	19	11	3	25	2046	127	0	1	0	896
275	16411	0	1	1	1	0	0	1	19	11	3	25	2046	127	0	1	0	896
275	16413	0	1	1	1	0	0	1	19	11	3	25	2046	127	0	1	0	896
275	16414	1	1	0	1	0	0	1	18	75	4	26	2046	126	0	0	0	126
275	16423	0	1	1	1	0	0	1	19	11	3	25	2046	127	0	1	0	896
275	16427	0	1	1	1	0	0	1	19	11	3	25	2046	127	0	1	0	896
275	16429	0	1	1	1	0	0	1	19	11	3	25	2046	127	0	1	0	896
275	16430	1	1	0	1	0	0	1	18	75	4	26	2046	126	0	0	0	126
275	16435	0	1	1	1	0	0	1	19	11	3	25	2046	127	0	1	0	896
275	16437	0	1	1	1	0	0	1	19	11	3	25	2046	127	0	1	0	896
275	16438	1	1	0	1	0	0	1	18	75	4	26	2046	126	0	0	0	126
275	16441	0	1	1	1	0	0	1	19	11	3	25	2046	127	0	1	0	896
275	16442	1	1	0	1	0	0	1	18	75	4	26	2046	126	0	0	0	126
275	16444	1	1	0	1	0	0	1	18	75	4	26	2046	126	0	0	0	126
275	16455	0	1	1	1	0	0	1	19	11	3	25	2046	127	0	1	0	896
275	16459	0	1	1	1	0	0	1	19	11	3	25	2046	127	0	1	0	896
275	16461	0	1	1	1	0	0	1	19	11	3	25	2046	127	0	1	0	896
275	16462	1	1	0	1	0	0	1	18	75	4	26	2046	126	0	0	0	126
275	16467	0	1	1	1	0	0	1	19	11	3	25	2046	127	0	1	0	896
275	16469	0	1	1	1	0	0	1	19	11	3	25	2046	127	0	1	0	896
275	16470	1	1	0	1	0	0	1	18	75	4	26	2046	126	0	0	0	126
275	16473	0	1	1	1	0	0	1	19	11	3	25	2046	127	0	1	0	896
275	16474	1	1	0	1	0	0	1	18	75	4	26	2046	126	0	0	0	126
275	16476	1	1	0	1	0	0	1	18	75	4	26	2046	126	0	0	0	126
275	16483	0	1	1	1	0	0	1	19	11	3	25	2046	127	0	1	0	896
275	16485	0	1	1	1	0	0	1	19	11	3	25	2046	127	0	1	0	896
275	16486	1	1	0	1	0	0	1	18	75	4	26	2046	126	0	0	0	126
275	16489	0	1	1	1	0	0	1	19	11	3	25	2046	127	0	1	0	896
275	16490	1	1	0	1	0	0	1	18	75	4	26	2046	126	0	0	0	126
275	16492	1	1	0	1	0	0	1	18	75	4	26	2046	126	0	0	0	126
275	16497	0	1	1	1	0	0	1	19	11	3	25	2046	127	0	1	0	896
275	16498	1	1	0	1	0	0	1	18	75	4	26	2046	126	0	0	0	126
275	16500	1	1	0	1	0	0	1	18	75	4	26	2046	126	0	0	0	126
275	16504	1	1	0	1	0	0	1	18	75	4	26	2046	126	0	0	0	126
275	16519	0	1	1	1	0	0	1	19	11	3	25	2046	127	0	1	0	896
275	16523	0	1	1	1	0	0	1	19	11	3	25	2046	127	0	1	0	896
275	16525	0	1	1	1	0	0	1	19	11	3	25	2046	127	0	1	0	896
275	16526	1	1	0	1	0	0	1	18	75	4	26	2046	126	0	0	0	126
275	16531	0	1	1	1	0	0	1	19	11	3	25	2046	127	0	1	0	896
275	16533	0	1	1	1	0	0	1	19	11	3	25	2046	127	0	1	0	896
275	16534	1	1	0	1	0	0	1	18	75	4	26	2046	126	0	0	0	126
275	16537	0	1	1	1	0	0	1	19	11	3	25	2046	127	0	1	0	896
275	16538	1	1	0	1	0	0	1	18	75	4	26	2046	126	0	0	0	126
275	16540	1	1	0	1	0	0	1	18	75	4	26	2046	126	0	0	0	126
275	16547	0	1	1	1	0	0	1	19	11	3	25	2046	127	0	1	0	896
275	16549	0	1	1	1	0	0	1	19	11	3	25	2046	127	0	1	0	896
275	16550	1	1	0	1	0	0	1	18	75	4	26	2046	126	0	0	0	126
275	16553	0	1	1	1	0	0	1	19	11	3	25	2046	127	0	1	0	896
275	16554	1	1	0	1	0	0	1	18	75	4	26	2046	126	0	0	0	126
275	16556	1	1	0	1	0	0	1	18	75	4	26	2046	126	0	0	0	126
275	16561	0	1	1	1	0	0	1	19	11	3	25	2046	127	0	1	0	896
275	16562	1	1	0	1	0	0	1	18	75	4	26	2046	126	0	0	0	126
275	16564	1	1	0	1	0	0	1	18	75	4	26	2046	126	0	0	0	126
275	16568	1	1	0	1	0	0	1	18	75	4	26	2046	126	0	0	0	126
275	16579	0	1	1	1	0	0	1	19	11	3	25	2046	127	0	1	0	896
275	16581	0	1	1	1	0	0	1	19	11	3	25	2046	127	0	1	0	896
275	16582	1	1	0	1	0	0	1	18	75	4	26	2046	126	0	0	0	126
275	16585	0	1	1	1	0	0	1	19	11	3	25	2046	127	0	1	0	896
275	16586	1	1	0	1	0	0	1	18	75	4	26	2046	126	0	0	0	126
275	16588	1	1	0	1	0	0	1	18	75	4	26	2046	126	0	0	0	126
275	16593	0	1	1	1	0	0	1	19	11	3	25	2046	127	0	1	0	896
275	16594	1	1	0	1	0	0	1	18	75	4	26	2046	126	0	0	0	126
275	16596	1	1	0	1	0	0	1	18	75	4	26	2046	126	0	0	0	126
275	16600	1	1	0	1	0	0	1	18	75	4	26	2046	126	0	0	0	126
275	16609	0	1	1	1	0	0	1	19	11	3	25	2046	127	0	1	0	896
275	16610	1	1	0	1	0	0	1	18	75	4	26	2046	126	0	0	0	126
275	16612	1	1	0	1	0	0	1	18	75	4	26	2046	126	0	0	0	126
275	16616	1	1	0	1	0	0	1	18	75	4	26	2046	126	0	0	0	126
275	16624	1	1	0	1	0	0	1	18	75	4	26	2046	126	0	0	0	126
275	16647	0	1	1	1	0	0	1	19	11	3	25	2046	127	0	1	0	896
275	16651	0	1	1	1	0	0	1	19	11	3	25	2046	127	0	1	0	896
275	16653	0	1	1	1	0	0	1	19	11	3	25	2046	127	0	1	0	896
275	16654	1	1	0	1	0	0	1	18	75	4	26	2046	126	0	0	0	126
275	16659	0	1	1	1	0	0	1	19	11	3	25	2046	127	0	1	0	896
275	16661	0	1	1	1	0	0	1	19	11	3	25	2046	127	0	1	0	896
275	16662	1	1	0	1	0	0	1	18	75	4	26	2046	126	0	0	0	126
275	16665	0	1	1	1	0	0	1	19	11	3	25	2046	127	0	1	0	896
275	16666	1	1	0	1	0	0	1	18	75	4	26	2046	126	0	0	0	126
275	16668	1	1	0	1	0	0	1	18	75	4	26	2046	126	0	0	0	126
275	16675	0	1	1	1	0	0	1	19	11	3	25	2046	127	0	1	0	896
275	16677	0	1	1	1	0	0	1	19	11	3	25	2046	127	0	1	0	896
275	16678	1	1	0	1	0	0	1	18	75	4	26	2046	126	0	0	0	126
275	16681	0	1	1	1	0	0	1	19	11	3	25	2046	127	0	1	0	896
275	16682	1	1	0	1	0	0	1	18	75	4	26	2046	126	0	0	0	126
275	16684	1	1	0	1	0	0	1	18	75	4	26	2046	126	0	0	0	126
275	16689	0	1	1	1	0	0	1	19	11	3	25	2046	127	0	1	0	896
275	16690	1	1	0	1	0	0	1	18	75	4	26	2046	126	0	0	0	126
275	16692	1	1	0	1	0	0	1	18	75	4	26	2046	126	0	0	0	126
275	16696	1	1	0	1	0	0	1	18	75	4	26	2046	126	0	0	0	126
275	16707	0	1	1	1	0	0	1	19	11	3	25	2046	127	0	1	0	896
275	16709	0	1	1	1	0	0	1	19	11	3	25	2046	127	0	1	0	896
275	16710	1	1	0	1	0	0	1	18	75	4	26	2046	126	0	0	0	126
275	16713	0	1	1	1	0	0	1	19	11	3	25	2046	127	0	1	0	896
275	16714	1	1	0	1	0	0	1	18	75	4	26	2046	126	0	0	0	126
275	16716	1	1	0	1	0	0	1	18	75	4	26	2046	126	0	0	0	126
275	16721	0	1	1	1	0	0	1	19	11	3	25	2046	127	0	1	0	896
275	16722	1	1	0	1	0	0	1	18	75	4	26	2046	126	0	0	0	126
275	16724	1	1	0	1	0	0	1	18	75	4	26	2046	126	0	0	0	126
275	16728	1	1	0	1	0	0	1	18	75	4	26	2046	126	0	0	0	126
275	16737	0	1	1	1	0	0	1	19	11	3	25	2046	127	0	1	0	896
275	16738	1	1	0	1	0	0	1	18	75	4	26	2046	126	0	0	0	126
275	16740	1	1	0	1	0	0	1	18	75	4	26	2046	126	0	0	0	126
275	16744	1	1	0	1	0	0	1	18	75	4	26	2046	126	0	0	0	126
275	16752	1	1	0	1	0	0	1	18	75	4	26	2046	126	0	0	0	126
275	16771	0	1	1	1	0	0	1	19	11	3	25	2046	127	0	1	0	896
275	16773	0	1	1	1	0	0	1	19	11	3	25	2046	127	0	1	0	896
275	16774	1	1	0	1	0	0	1	18	75	4	26	2046	126	0	0	0	126
275	16777	0	1	1	1	0	0	1	19	11	3	25	2046	127	0	1	0	896
275	16778	1	1	0	1	0	0	1	18	75	4	26	2046	126	0	0	0	126
275	16780	1	1	0	1	0	0	1	18	75	4	26	2046	126	0	0	0	126
275	16785	0	1	1	1	0	0	1	19	11	3	25	2046	127	0	1	0	896
275	16786	1	1	0	1	0	0	1	18	75	4	26	2046	126	0	0	0	126
275	16788	1	1	0	1	0	0	1	18	75	4	26	2046	126	0	0	0	126
275	16792	1	1	0	1	0	0	1	18	75	4	26	2046	126	0	0	0	126
275	16801	0	1	1	1	0	0	1	19	11	3	25	2046	127	0	1	0	896
275	16802	1	1	0	1	0	0	1	18	75	4	26	2046	126	0	0	0	126
275	16804	1	1	0	1	0	0	1	18	75	4	26	2046	126	0	0	0	126
275	16808	1	1	0	1	0	0	1	18	75	4	26	2046	126	0	0	0	126
275	16816	1	1	0	1	0	0	1	18	75	4	26	2046	126	0	0	0	126
275	16833	0	1	1	1	0	0	1	19	11	3	25	2046	127	0	1	0	896
275	16834	1	1	0	1	0	0	1	18	75	4	26	2046	126	0	0	0	126
275	16836	1	1	0	1	0	0	1	18	75	4	26	2046	126	0	0	0	126
275	16840	1	1	0	1	0	0	1	18	75	4	26	2046	126	0	0	0	126
275	16848	1	1	0	1	0	0	1	18	75	4	26	2046	126	0	0	0	126
275	16864	1	1	0	1	0	0	1	18	75	4	26	2046	126	0	0	0	126
275	16903	0	1	1	1	0	0	1	17	77	4	25	2046	127	0	1	0	896
275	16907	0	1	1	1	0	0	1	17	77	4	25	2046	127	0	1	0	896
275	16909	0	1	1	1	0	0	1	17	77	4	25	2046	127	0	1	0	896
275	16910	1	2	0	1	0	0	1	18	75	4	26	2046	126	0	0	0	126,896
275	16915	0	1	1	1	0	0	1	17	77	4	25	2046	127	0	1	0	896
275	16917	0	1	1	1	0	0	1	17	77	4	25	2046	127	0	1	0	896
275	16918	1	2	0	1	0	0	1	18	75	4	26	2046	126	0	0	0	126,896
275	16921	0	1	1	1	0	0	1	17	77	4	25	2046	127	0	1	0	896
275	16922	1	2	0	1	0	0	1	18	75	4	26	2046	126	0	0	0	126,896
275	16924	1	2	0	1	0	0	1	18	75	4	26	2046	126	0	0	0	126,896
275	16931	0	1	1	1	0	0	1	17	77	4	25	2046	127	0	1	0	896
275	16933	0	1	1	1	0	0	1	17	77	4	25	2046	127	0	1	0	896
275	16934	1	2	0	1	0	0	1	18	75	4	26	2046	126	0	0	0	126,896
275	16937	0	1	1	1	0	0	1	17	77	4	25	2046	127	0	1	0	896
275	16938	1	2	0	1	0	0	1	18	75	4	26	2046	126	0	0	0	126,896
275	16940	1	2	0	1	0	0	1	18	75	4	26	2046	126	0	0	0	126,896
275	16945	0	1	1	1	0	0	1	17	77	4	25	2046	127	0	1	0	896
275	16946	1	2	0	1	0	0	1	18	75	4	26	2046	126	0	0	0	126,896
275	16948	1	2	0	1	0	0	1	18	75	4	26	2046	126	0	0	0	126,896
275	16952	1	2	0	1	0	0	1	18	75	4	26	2046	126	0	0	0	126,896
275	16963	0	1	1	1	0	0	1	17	77	4	25	2046	127	0	1	0	896
275	16965	0	1	1	1	0	0	1	17	77	4	25	2046	127	0	1	0	896
275	16966	1	2	0	1	0	0	1	18	75	4	26	2046	126	0	0	0	126,896
275	16969	0	1	1	1	0	0	1	17	77	4	25	2046	127	0	1	0	896
275	16970	1	2	0	1	0	0	1	18	75	4	26	2046	126	0	0	0	126,896
275	16972	1	2	0	1	0	0	1	18	75	4	26	2046	126	0	0	0	126,896
275	16977	0	1	1	1	0	0	1	17	77	4	25	2046	127	0	1	0	896
275	16978	1	2	0	1	0	0	1	18	75	4	26	2046	126	0	0	0	126,896
275	16980	1	2	0	1	0	0	1	18	75	4	26	2046	126	0	0	0	126,896
275	16984	1	2	0	1	0	0	1	18	75	4	26	2046	126	0	0	0	126,896
275	16993	0	1	1	1	0	0	1	17	77	4	25	2046	127	0	1	0	896
275	16994	1	2	0	1	0	0	1	18	75	4	26	2046	126	0	0	0	126,896
275	16996	1	2	0	1	0	0	1	18	75	4	26	2046	126	0	0	0	126,896
275	17000	1	2	0	1	0	0	1	18	75	4	26	2046	126	0	0	0	126,896
275	17008	1	2	0	1	0	0	1	18	75	4	26	2046	126	0	0	0	126,896
275	17027	0	1	1	1	0	0	1	17	77	4	25	2046	127	0	1	0	896
275	17029	0	1	1	1	0	0	1	17	77	4	25	2046	127	0	1	0	896
275	17030	1	2	0	1	0	0	1	18	75	4	26	2046	126	0	0	0	126,896
275	17033	0	1	1	1	0	0	1	17	77	4	25	2046	127	0	1	0	896
275	17034	1	2	0	1	0	0	1	18	75	4	26	2046	126	0	0	0	126,896
275	17036	1	2	0	1	0	0	1	18	75	4	26	2046	126	0	0	0	126,896
275	17041	0	1	1	1	0	0	1	17	77	4	25	2046	127	0	1	0	896
275	17042	1	2	0	1	0	0	1	18	75	4	26	2046	126	0	0	0	126,896
275	17044	1	2	0	1	0	0	1	18	75	4	26	2046	126	0	0	0	126,896
275	17048	1	2	0	1	0	0	1	18	75	4	26	2046	126	0	0	0	126,896
275	17057	0	1	1	1	0	0	1	17	77	4	25	2046	127	0	1	0	896
275	17058	1	2	0	1	0	0	1	18	75	4	26	2046	126	0	0	0	126,896
275	17060	1	2	0	1	0	0	1	18	75	4	26	2046	126	0	0	0	126,896
275	17064	1	2	0	1	0	0	1	18	75	4	26	2046	126	0	0	0	126,896
275	17072	1	2	0	1	0	0	1	18	75	4	26	2046	126	0	0	0	126,896
275	17089	0	1	1	1	0	0	1	17	77	4	25	2046	127	0	1	0	896
275	17090	1	2	0	1	0	0	1	18	75	4	26	2046	126	0	0	0	126,896
275	17092	1	2	0	1	0	0	1	18	75	4	26	2046	126	0	0	0	126,896
275	17096	1	2	0	1	0	0	1	18	75	4	26	2046	126	0	0	0	126,896
275	17104	1	2	0	1	0	0	1	18	75	4	26	2046	126	0	0	0	126,896
275	17120	1	2	0	1	0	0	1	18	75	4	26	2046	126	0	0	0	126,896
275	17155	0	1	1	1	0	0	1	17	77	4	25	2046	127	0	1	0	896
275	17157	0	1	1	1	0	0	1	17	77	4	25	2046	127	0	1	0	896
275	17158	1	2	0	1	0	0	1	18	75	4	26	2046	126	0	0	0	126,896
275	17161	0	1	1	1	0	0	1	17	77	4	25	2046	127	0	1	0	896
275	17162	1	2	0	1	0	0	1	18	75	4	26	2046	126	0	0	0	126,896
275	17164	1	2	0	1	0	0	1	18	75	4	26	2046	126	0	0	0	126,896
275	17169	0	1	1	1	0	0	1	17	77	4	25	2046	127	0	1	0	896
275	17170	1	2	0	1	0	0	1	18	75	4	26	2046	126	0	0	0	126,896
275	17172	1	2	0	1	0	0	1	18	75	4	26	2046	126	0	0	0	126,896
275	17176	1	2	0	1	0	0	1	18	75	4	26	2046	126	0	0	0	126,896
275	17185	0	1	1	1	0	0	1	17	77	4	25	2046	127	0	1	0	896
275	17186	1	2	0	1	0	0	1	18	75	4	26	2046	126	0	0	0	126,896
275	17188	1	2	0	1	0	0	1	18	75	4	26	2046	126	0	0	0	126,896
275	17192	1	2	0	1	0	0	1	18	75	4	26	2046	126	0	0	0	126,896
275	17200	1	2	0	1	0	0	1	18	75	4	26	2046	126	0	0	0	126,896
275	17217	0	1	1	1	0	0	1	17	77	4	25	2046	127	0	1	0	896
275	17218	1	2	0	1	0	0	1	18	75	4	26	2046	126	0	0	0	126,896
275	17220	1	2	0	1	0	0	1	18	75	4	26	2046	126	0	0	0	126,896
275	17224	1	2	0	1	0	0	1	18	75	4	26	2046	126	0	0	0	126,896
275	17232	1	2	0	1	0	0	1	18	75	4	26	2046	126	0	0	0	126,896
275	17248	1	2	0	1	0	0	1	18	75	4	26	2046	126	0	0	0	126,896
275	17281	0	1	1	1	0	0	1	17	77	4	25	2046	127	0	1	0	896
275	17282	1	2	0	1	0	0	1	18	75	4	26	2046	126	0	0	0	126,896
275	17284	1	2	0	1	0	0	1	18	75	4	26	2046	126	0	0	0	126,896
275	17288	1	2	0	1	0	0	1	18	75	4	26	2046	126	0	0	0	126,896
275	17296	1	2	0	1	0	0	1	18	75	4	26	2046	126	0	0	0	126,896
275	17312	1	2	0	1	0	0	1	18	75	4	26	2046	126	0	0	0	126,896
275	17344	1	2	0	1	0	0	1	18	75	4	26	2046	126	0	0	0	126,896
275	17415	0	1	1	1	0	0	1	17	77	4	25	2046	127	0	1	0	896
275	17419	0	1	1	1	0	0	1	17	77	4	25	2046	127	0	1	0	896
275	17421	0	1	1	1	0	0	1	17	77	4	25	2046	127	0	1	0	896
275	17422	1	2	0	1	0	0	1	18	75	4	26	2046	126	0	0	0	126,896
275	17427	0	1	1	1	0	0	1	17	77	4	25	2046	127	0	1	0	896
275	17429	0	1	1	1	0	0	1	17	77	4	25	2046	127	0	1	0	896
275	17430	1	2	0	1	0	0	1	18	75	4	26	2046	126	0	0	0	126,896
275	17433	0	1	1	1	0	0	1	17	77	4	25	2046	127	0	1	0	896
275	17434	1	2	0	1	0	0	1	18	75	4	26	2046	126	0	0	0	126,896
275	17436	1	2	0	1	0	0	1	18	75	4	26	2046	126	0	0	0	126,896
275	17443	0	1	1	1	0	0	1	17	77	4	25	2046	127	0	1	0	896
275	17445	0	1	1	1	0	0	1	17	77	4	25	2046	127	0	1	0	896
275	17446	1	2	0	1	0	0	1	18	75	4	26	2046	126	0	0	0	126,896
275	17449	0	1	1	1	0	0	1	17	77	4	25	2046	127	0	1	0	896
275	17450	1	2	0	1	0	0	1	18	75	4	26	2046	126	0	0	0	126,896
275	17452	1	2	0	1	0	0	1	18	75	4	26	2046	126	0	0	0	126,896
275	17457	0	1	1	1	0	0	1	17	77	4	25	2046	127	0	1	0	896
275	17458	1	2	0	1	0	0	1	18	75	4	26	2046	126	0	0	0	126,896
275	17460	1	2	0	1	0	0	1	18	75	4	26	2046	126	0	0	0	126,896
275	17464	1	2	0	1	0	0	1	18	75	4	26	2046	126	0	0	0	126,896
275	17475	0	1	1	1	0	0	1	17	77	4	25	2046	127	0	1	0	896
275	17477	0	1	1	1	0	0	1	17	77	4	25	2046	127	0	1	0	896
275	17478	1	2	0	1	0	0	1	18	75	4	26	2046	126	0	0	0	126,896
275	17481	0	1	1	1	0	0	1	17	77	4	25	2046	127	0	1	0	896
275	17482	1	2	0	1	0	0	1	18	75	4	26	2046	126	0	0	0	126,896
275	17484	1	2	0	1	0	0	1	18	75	4	26	2046	126	0	0	0	126,896
275	17489	0	1	1	1	0	0	1	17	77	4	25	2046	127	0	1	0	896
275	17490	1	2	0	1	0	0	1	18	75	4	26	2046	126	0	0	0	126,896
275	17492	1	2	0	1	0	0	1	18	75	4	26	2046	126	0	0	0	126,896
275	17496	1	2	0	1	0	0	1	18	75	4	26	2046	126	0	0	0	126,896
275	17505	0	1	1	1	0	0	1	17	77	4	25	2046	127	0	1	0	896
275	17506	1	2	0	1	0	0	1	18	75	4	26	2046	126	0	0	0	126,896
275	17508	1	2	0	1	0	0	1	18	75	4	26	2046	126	0	0	0	126,896
275	17512	1	2	0	1	0	0	1	18	75	4	26	2046	126	0	0	0	126,896
275	17520	1	2	0	1	0	0	1	18	75	4	26	2046	126	0	0	0	126,896
275	17539	0	1	1	1	0	0	1	17	77	4	25	2046	127	0	1	0	896
275	17541	0	1	1	1	0	0	1	17	77	4	25	2046	127	0	1	0	896
275	17542	1	2	0	1	0	0	1	18	75	4	26	2046	126	0	0	0	126,896
275	17545	0	1	1	1	0	0	1	17	77	4	25	2046	127	0	1	0	896
275	17546	1	2	0	1	0	0	1	18	75	4	26	2046	126	0	0	0	126,896
275	17548	1	2	0	1	0	0	1	18	75	4	26	2046	126	0	0	0	126,896
275	17553	0	1	1	1	0	0	1	17	77	4	25	2046	127	0	1	0	896
275	17554	1	2	0	1	0	0	1	18	75	4	26	2046	126	0	0	0	126,896
275	17556	1	2	0	1	0	0	1	18	75	4	26	2046	126	0	0	0	126,896
275	17560	1	2	0	1	0	0	1	18	75	4	26	2046	126	0	0	0	126,896
275	17569	0	1	1	1	0	0	1	17	77	4	25	2046	127	0	1	0	896
275	17570	1	2	0	1	0	0	1	18	75	4	26	2046	126	0	0	0	126,896
275	17572	1	2	0	1	0	0	1	18	75	4	26	2046	126	0	0	0	126,896
275	17576	1	2	0	1	0	0	1	18	75	4	26	2046	126	0	0	0	126,896
275	17584	1	2	0	1	0	0	1	18	75	4	26	2046	126	0	0	0	126,896
275	17601	0	1	1	1	0	0	1	17	77	4	25	2046	127	0	1	0	896
275	17602	1	2	0	1	0	0	1	18	75	4	26	2046	126	0	0	0	126,896
275	17604	1	2	0	1	0	0	1	18	75	4	26	2046	126	0	0	0	126,896
275	17608	1	2	0	1	0	0	1	18	75	4	26	2046	126	0	0	0	126,896
275	17616	1	2	0	1	0	0	1	18	75	4	26	2046	126	0	0	0	126,896
275	17632	1	2	0	1	0	0	1	18	75	4	26	2046	126	0	0	0	126,896
275	17667	0	1	1	1	0	0	1	17	77	4	25	2046	127	0	1	0	896
275	17669	0	1	1	1	0	0	1	17	77	4	25	2046	127	0	1	0	896
275	17670	1	2	0	1	0	0	1	18	75	4	26	2046	126	0	0	0	126,896
275	17673	0	1	1	1	0	0	1	17	77	4	25	2046	127	0	1	0	896
275	17674	1	2	0	1	0	0	1	18	75	4	26	2046	126	0	0	0	126,896
275	17676	1	2	0	1	0	0	1	18	75	4	26	2046	126	0	0	0	126,896
275	17681	0	1	1	1	0	0	1	17	77	4	25	2046	127	0	1	0	896
275	17682	1	2	0	1	0	0	1	18	75	4	26	2046	126	0	0	0	126,896
275	17684	1	2	0	1	0	0	1	18	75	4	26	2046	126	0	0	0	126,896
275	17688	1	2	0	1	0	0	1	18	75	4	26	2046	126	0	0	0	126,896
275	17697	0	1	1	1	0	0	1	17	77	4	25	2046	127	0	1	0	896
275	17698	1	2	0	1	0	0	1	18	75	4	26	2046	126	0	0	0	126,896
275	17700	1	2	0	1	0	0	1	18	75	4	26	2046	126	0	0	0	126,896
275	17704	1	2	0	1	0	0	1	18	75	4	26	2046	126	0	0	0	126,896
275	17712	1	2	0	1	0	0	1	18	75	4	26	2046	126	0	0	0	126,896
275	17729	0	1	1	1	0	0	1	17	77	4	25	2046	127	0	1	0	896
275	17730	1	2	0	1	0	0	1	18	75	4	26	2046	126	0	0	0	126,896
275	17732	1	2	0	1	0	0	1	18	75	4	26	2046	126	0	0	0	126,896
275	17736	1	2	0	1	0	0	1	18	75	4	26	2046	126	0	0	0	126,896
275	17744	1	2	0	1	0	0	1	18	75	4	26	2046	126	0	0	0	126,896
275	17760	1	2	0	1	0	0	1	18	75	4	26	2046	126	0	0	0	126,896
275	17793	0	1	1	1	0	0	1	17	77	4	25	2046	127	0	1	0	896
275	17794	1	2	0	1	0	0	1	18	75	4	26	2046	126	0	0	0	126,896
275	17796	1	2	0	1	0	0	1	18	75	4	26	2046	126	0	0	0	126,896
275	17800	1	2	0	1	0	0	1	18	75	4	26	2046	126	0	0	0	126,896
275	17808	1	2	0	1	0	0	1	18	75	4	26	2046	126	0	0	0	126,896
275	17824	1	2	0	1	0	0	1	18	75	4	26	2046	126	0	0	0	126,896
275	17856	1	2	0	1	0	0	1	18	75	4	26	2046	126	0	0	0	126,896
275	17923	0	1	1	1	0	0	1	15	94	5	25	2046	127	0	1	0	896
275	17925	0	1	1	1	0	0	1	15	94	5	25	2046	127	0	1	0	896
275	17926	0	1	1	1	1	1	0	18	75	4	26	2046	127	1	0	1	896
275	17929	0	1	1	1	0	0	1	15	94	5	25	2046	127	0	1	0	896
275	17930	0	1	1	1	1	1	0	18	75	4	26	2046	127	1	0	1	896
275	17932	0	1	1	1	1	1	0	18	75	4	26	2046	127	1	0	1	896
275	17937	0	1	1	1	0	0	1	15	94	5	25	2046	127	0	1	0	896
275	17938	0	1	1	1	1	1	0	18	75	4	26	2046	127	1	0	1	896
275	17940	0	1	1	1	1	1	0	18	75	4	26	2046	127	1	0	1	896
275	17944	0	1	1	1	1	1	0	18	75	4	26	2046	127	1	0	1	896
275	17953	0	1	1	1	0	0	1	15	94	5	25	2046	127	0	1	0	896
275	17954	0	1	1	1	1	1	0	18	75	4	26	2046	127	1	0	1	896
275	17956	0	1	1	1	1	1	0	18	75	4	26	2046	127	1	0	1	896
275	17960	0	1	1	1	1	1	0	18	75	4	26	2046	127	1	0	1	896
275	17968	0	1	1	1	1	1	0	18	75	4	26	2046	127	1	0	1	896
275	17985	0	1	1	1	0	0	1	15	94	5	25	2046	127	0	1	0	896
275	17986	0	1	1	1	1	1	0	18	75	4	26	2046	127	1	0	1	896
275	17988	0	1	1	1	1	1	0	18	75	4	26	2046	127	1	0	1	896
275	17992	0	1	1	1	1	1	0	18	75	4	26	2046	127	1	0	1	896
275	18000	0	1	1	1	1	1	0	18	75	4	26	2046	127	1	0	1	896
275	18016	0	1	1	1	1	1	0	18	75	4	26	2046	127	1	0	1	896
275	18049	0	1	1	1	0	0	1	15	94	5	25	2046	127	0	1	0	896
275	18050	0	1	1	1	1	1	0	18	75	4	26	2046	127	1	0	1	896
275	18052	0	1	1	1	1	1	0	18	75	4	26	2046	127	1	0	1	896
275	18056	0	1	1	1	1	1	0	18	75	4	26	2046	127	1	0	1	896
275	18064	0	1	1	1	1	1	0	18	75	4	26	2046	127	1	0	1	896
275	18080	0	1	1	1	1	1	0	18	75	4	26	2046	127	1	0	1	896
275	18112	0	1	1	1	1	1	0	18	75	4	26	2046	127	1	0	1	896
275	18177	0	1	1	1	0	0	1	15	94	5	25	2046	127	0	1	0	896
275	18178	0	1	1	1	1	1	0	18	75	4	26	2046	127	1	0	1	896
275	18180	0	1	1	1	1	1	0	18	75	4	26	2046	127	1	0	1	896
275	18184	0	1	1	1	1	1	0	18	75	4	26	2046	127	1	0	1	896
275	18192	0	1	1	1	1	1	0	18	75	4	26	2046	127	1	0	1	896
275	18208	0	1	1	1	1	1	0	18	75	4	26	2046	127	1	0	1	896
275	18240	0	1	1	1	1	1	0	18	75	4	26	2046	127	1	0	1	896
275	18304	0	1	1	1	1	1	0	18	75	4	26	2046	127	1	0	1	896
275	18439	0	1	1	1	0	0	1	20	94	5	30	2046	255	0	1	0	768
275	18443	0	1	1	1	0	0	1	20	94	5	30	2046	255	0	1	0	768
275	18445	0	1	1	1	0	0	1	20	94	5	30	2046	255	0	1	0	768
275	18446	0	1	1	1	0	0	1	19	222	6	31	2046	254	0	1	0	254
275	18451	0	1	1	1	0	0	1	20	94	5	30	2046	255	0	1	0	768
275	18453	0	1	1	1	0	0	1	20	94	5	30	2046	255	0	1	0	768
275	18454	0	1	1	1	0	0	1	19	222	6	31	2046	254	0	1	0	254
275	18457	0	1	1	1	0	0	1	20	94	5	30	2046	255	0	1	0	768
275	18458	0	1	1	1	0	0	1	19	222	6	31	2046	254	0	1	0	254
275	18460	0	1	1	1	0	0	1	19	222	6	31	2046	254	0	1	0	254
275	18467	0	1	1	1	0	0	1	20	94	5	30	2046	255	0	1	0	768
275	18469	0	1	1	1	0	0	1	20	94	5	30	2046	255	0	1	0	768
275	18470	0	1	1	1	0	0	1	19	222	6	31	2046	254	0	1	0	254
275	18473	0	1	1	1	0	0	1	20	94	5	30	2046	255	0	1	0	768
275	18474	0	1	1	1	0	0	1	19	222	6	31	2046	254	0	1	0	254
275	18476	0	1	1	1	0	0	1	19	222	6	31	2046	254	0	1	0	254
275	18481	0	1	1	1	0	0	1	20	94	5	30	2046	255	0	1	0	768
275	18482	0	1	1	1	0	0	1	19	222	6	31	2046	254	0	1	0	254
275	18484	0	1	1	1	0	0	1	19	222	6	31	2046	254	0	1	0	254
275	18488	0	1	1	1	0	0	1	19	222	6	31	2046	254	0	1	0	254
275	18499	0	1	1	1	0	0	1	20	94	5	30	2046	255	0	1	0	768
275	18501	0	1	1	1	0	0	1	20	94	5	30	2046	255	0	1	0	768
275	18502	0	1	1	1	0	0	1	19	222	6	31	2046	254	0	1	0	254
275	18505	0	1	1	1	0	0	1	20	94	5	30	2046	255	0	1	0	768
275	18506	0	1	1	1	0	0	1	19	222	6	31	2046	254	0	1	0	254
275	18508	0	1	1	1	0	0	1	19	222	6	31	2046	254	0	1	0	254
275	18513	0	1	1	1	0	0	1	20	94	5	30	2046	255	0	1	0	768
275	18514	0	1	1	1	0	0	1	19	222	6	31	2046	254	0	1	0	254
275	18516	0	1	1	1	0	0	1	19	222	6	31	2046	254	0	1	0	254
275	18520	0	1	1	1	0	0	1	19	222	6	31	2046	254	0	1	0	254
275	18529	0	1	1	1	0	0	1	20	94	5	30	2046	255	0	1	0	768
275	18530	0	1	1	1	0	0	1	19	222	6	31	2046	254	0	1	0	254
275	18532	0	1	1	1	0	0	1	19	222	6	31	2046	254	0	1	0	254
275	18536	0	1	1	1	0	0	1	19	222	6	31	2046	254	0	1	0	254
275	18544	0	1	1	1	0	0	1	19	222	6	31	2046	254	0	1	0	254
275	18563	0	1	1	1	0	0	1	20	94	5	30	2046	255	0	1	0	768
275	18565	0	1	1	1	0	0	1	20	94	5	30	2046	255	0	1	0	768
275	18566	0	1	1	1	0	0	1	19	222	6	31	2046	254	0	1	0	254
275	18569	0	1	1	1	0	0	1	20	94	5	30	2046	255	0	1	0	768
275	18570	0	1	1	1	0	0	1	19	222	6	31	2046	254	0	1	0	254
275	18572	0	1	1	1	0	0	1	19	222	6	31	2046	254	0	1	0	254
275	18577	0	1	1	1	0	0	1	20	94	5	30	2046	255	0	1	0	768
275	18578	0	1	1	1	0	0	1	19	222	6	31	2046	254	0	1	0	254
275	18580	0	1	1	1	0	0	1	19	222	6	31	2046	254	0	1	0	254
275	18584	0	1	1	1	0	0	1	19	222	6	31	2046	254	0	1	0	254
275	18593	0	1	1	1	0	0	1	20	94	5	30	2046	255	0	1	0	768
275	18594	0	1	1	1	0	0	1	19	222	6	31	2046	254	0	1	0	254
275	18596	0	1	1	1	0	0	1	19	222	6	31	2046	254	0	1	0	254
275	18600	0	1	1	1	0	0	1	19	222	6	31	2046	254	0	1	0	254
275	18608	0	1	1	1	0	0	1	19	222	6	31	2046	254	0	1	0	254
275	18625	0	1	1	1	0	0	1	20	94	5	30	2046	255	0	1	0	768
275	18626	0	1	1	1	0	0	1	19	222	6	31	2046	254	0	1	0	254
275	18628	0	1	1	1	0	0	1	19	222	6	31	2046	254	0	1	0	254
275	18632	0	1	1	1	0	0	1	19	222	6	31	2046	254	0	1	0	254
275	18640	0	1	1	1	0	0	1	19	222	6	31	2046	254	0	1	0	254
275	18656	0	1	1	1	0	0	1	19	222	6	31	2046	254	0	1	0	254
275	18691	0	1	1	1	0	0	1	20	94	5	30	2046	255	0	1	0	768
275	18693	0	1	1	1	0	0	1	20	94	5	30	2046	255	0	1	0	768
275	18694	0	1	1	1	0	0	1	19	222	6	31	2046	254	0	1	0	254
275	18697	0	1	1	1	0	0	1	20	94	5	30	2046	255	0	1	0	768
275	18698	0	1	1	1	0	0	1	19	222	6	31	2046	254	0	1	0	254
275	18700	0	1	1	1	0	0	1	19	222	6	31	2046	254	0	1	0	254
275	18705	0	1	1	1	0	0	1	20	94	5	30	2046	255	0	1	0	768
275	18706	0	1	1	1	0	0	1	19	222	6	31	2046	254	0	1	0	254
275	18708	0	1	1	1	0	0	1	19	222	6	31	2046	254	0	1	0	254
275	18712	0	1	1	1	0	0	1	19	222	6	31	2046	254	0	1	0	254
275	18721	0	1	1	1	0	0	1	20	94	5	30	2046	255	0	1	0	768
275	18722	0	1	1	1	0	0	1	19	222	6	31	2046	254	0	1	0	254
275	18724	0	1	1	1	0	0	1	19	222	6	31	2046	254	0	1	0	254
275	18728	0	1	1	1	0	0	1	19	222	6	31	2046	254	0	1	0	254
275	18736	0	1	1	1	0	0	1	19	222	6	31	2046	254	0	1	0	254
275	18753	0	1	1	1	0	0	1	20	94	5	30	2046	255	0	1	0	768
275	18754	0	1	1	1	0	0	1	19	222	6	31	2046	254	0	1	0	254
275	18756	0	1	1	1	0	0	1	19	222	6	31	2046	254	0	1	0	254
275	18760	0	1	1	1	0	0	1	19	222	6	31	2046	254	0	1	0	254
275	18768	0	1	1	1	0	0	1	19	222	6	31	2046	254	0	1	0	254
275	18784	0	1	1	1	0	0	1	19	222	6	31	2046	254	0	1	0	254
275	18817	0	1	1	1	0	0	1	20	94	5	30	2046	255	0	1	0	768
275	18818	0	1	1	1	0	0	1	19	222	6	31	2046	254	0	1	0	254
275	18820	0	1	1	1	0	0	1	19	222	6	31	2046	254	0	1	0	254
275	18824	0	1	1	1	0	0	1	19	222	6	31	2046	254	0	1	0	254
275	18832	0	1	1	1	0	0	1	19	222	6	31	2046	254	0	1	0	254
275	18848	0	1	1	1	0	0	1	19	222	6	31	2046	254	0	1	0	254
275	18880	0	1	1	1	0	0	1	19	222	6	31	2046	254	0	1	0	254
275	18947	0	1	1	1	0	0	1	22	236	5	30	2046	255	0	1	0	768
275	18949	0	1	1	1	0	0	1	22	236	5	30	2046	255	0	1	0	768
275	18950	0	1	1	1	0	0	1	21	94	5	31	2046	254	0	1	0	254
275	18953	0	1	1	1	0	0	1	22	236	5	30	2046	255	0	1	0	768
275	18954	0	1	1	1	0	0	1	21	94	5	31	2046	254	0	1	0	254
275	18956	0	1	1	1	0	0	1	21	94	5	31	2046	254	0	1	0	254
275	18961	0	1	1	1	0	0	1	22	236	5	30	2046	255	0	1	0	768
275	18962	0	1	1	1	0	0	1	21	94	5	31	2046	254	0	1	0	254
275	18964	0	1	1	1	0	0	1	21	94	5	31	2046	254	0	1	0	254
275	18968	0	1	1	1	0	0	1	21	94	5	31	2046	254	0	1	0	254
275	18977	0	1	1	1	0	0	1	22	236	5	30	2046	255	0	1	0	768
275	18978	0	1	1	1	0	0	1	21	94	5	31	2046	254	0	1	0	254
275	18980	0	1	1	1	0	0	1	21	94	5	31	2046	254	0	1	0	254
275	18984	0	1	1	1	0	0	1	21	94	5	31	2046	254	0	1	0	254
275	18992	0	1	1	1	0	0	1	21	94	5	31	2046	254	0	1	0	254
275	19009	0	1	1	1	0	0	1	22	236	5	30	2046	255	0	1	0	768
275	19010	0	1	1	1	0	0	1	21	94	5	31	2046	254	0	1	0	254
275	19012	0	1	1	1	0	0	1	21	94	5	31	2046	254	0	1	0	254
275	19016	0	1	1	1	0	0	1	21	94	5	31	2046	254	0	1	0	254
275	19024	0	1	1	1	0	0	1	21	94	5	31	2046	254	0	1	0	254
275	19040	0	1	1	1	0	0	1	21	94	5	31	2046	254	0	1	0	254
275	19073	0	1	1	1	0	0	1	22	236	5	30	2046	255	0	1	0	768
275	19074	0	1	1	1	0	0	1	21	94	5	31	2046	254	0	1	0	254
275	19076	0	1	1	1	0	0	1	21	94	5	31	2046	254	0	1	0	254
275	19080	0	1	1	1	0	0	1	21	94	5	31	2046	254	0	1	0	254
275	19088	0	1	1	1	0	0	1	21	94	5	31	2046	254	0	1	0	254
275	19104	0	1	1	1	0	0	1	21	94	5	31	2046	254	0	1	0	254
275	19136	0	1	1	1	0	0	1	21	94	5	31	2046	254	0	1	0	254
275	19201	0	1	1	1	0	0	1	22	236	5	30	2046	255	0	1	0	768
275	19202	0	1	1	1	0	0	1	21	94	5	31	2046	254	0	1	0	254
275	19204	0	1	1	1	0	0	1	21	94	5	31	2046	254	0	1	0	254
275	19208	0	1	1	1	0	0	1	21	94	5	31	2046	254	0	1	0	254
275	19216	0	1	1	1	0	0	1	21	94	5	31	2046	254	0	1	0	254
275	19232	0	1	1	1	0	0	1	21	94	5	31	2046	254	0	1	0	254
275	19264	0	1	1	1	0	0	1	21	94	5	31	2046	254	0	1	0	254
275	19328	0	1	1	1	0	0	1	21	94	5	31	2046	254	0	1	0	254
275	19459	0	1	1	1	0	0	1	22	236	5	30	2046	255	0	1	0	768
275	19461	0	1	1	1	0	0	1	22	236	5	30	2046	255	0	1	0	768
275	19462	0	1	1	1	0	0	1	21	94	5	31	2046	254	0	1	0	254
275	19465	0	1	1	1	0	0	1	22	236	5	30	2046	255	0	1	0	768
275	19466	0	1	1	1	0	0	1	21	94	5	31	2046	254	0	1	0	254
275	19468	0	1	1	1	0	0	1	21	94	5	31	2046	254	0	1	0	254
275	19473	0	1	1	1	0	0	1	22	236	5	30	2046	255	0	1	0	768
275	19474	0	1	1	1	0	0	1	21	94	5	31	2046	254	0	1	0	254
275	19476	0	1	1	1	0	0	1	21	94	5	31	2046	254	0	1	0	254
275	19480	0	1	1	1	0	0	1	21	94	5	31	2046	254	0	1	0	254
275	19489	0	1	1	1	0	0	1	22	236	5	30	2046	255	0	1	0	768
275	19490	0	1	1	1	0	0	1	21	94	5	31	2046	254	0	1	0	254
275	19492	0	1	1	1	0	0	1	21	94	5	31	2046	254	0	1	0	254
275	19496	0	1	1	1	0	0	1	21	94	5	31	2046	254	0	1	0	254
275	19504	0	1	1	1	0	0	1	21	94	5	31	2046	254	0	1	0	254
275	19521	0	1	1	1	0	0	1	22	236	5	30	2046	255	0	1	0	768
275	19522	0	1	1	1	0	0	1	21	94	5	31	2046	254	0	1	0	254
275	19524	0	1	1	1	0	0	1	21	94	5	31	2046	254	0	1	0	254
275	19528	0	1	1	1	0	0	1	21	94	5	31	2046	254	0	1	0	254
275	19536	0	1	1	1	0	0	1	21	94	5	31	2046	254	0	1	0	254
275	19552	0	1	1	1	0	0	1	21	94	5	31	2046	254	0	1	0	254
275	19585	0	1	1	1	0	0	1	22	236	5	30	2046	255	0	1	0	768
275	19586	0	1	1	1	0	0	1	21	94	5	31	2046	254	0	1	0	254
275	19588	0	1	1	1	0	0	1	21	94	5	31	2046	254	0	1	0	254
275	19592	0	1	1	1	0	0	1	21	94	5	31	2046	254	0	1	0	254
275	19600	0	1	1	1	0	0	1	21	94	5	31	2046	254	0	1	0	254
275	19616	0	1	1	1	0	0	1	21	94	5	31	2046	254	0	1	0	254
275	19648	0	1	1	1	0	0	1	21	94	5	31	2046	254	0	1	0	254
275	19713	0	1	1	1	0	0	1	22	236	5	30	2046	255	0	1	0	768
275	19714	0	1	1	1	0	0	1	21	94	5	31	2046	254	0	1	0	254
275	19716	0	1	1	1	0	0	1	21	94	5	31	2046	254	0	1	0	254
275	19720	0	1	1	1	0	0	1	21	94	5	31	2046	254	0	1	0	254
275	19728	0	1	1	1	0	0	1	21	94	5	31	2046	254	0	1	0	254
275	19744	0	1	1	1	0	0	1	21	94	5	31	2046	254	0	1	0	254
275	19776	0	1	1	1	0	0	1	21	94	5	31	2046	254	0	1	0	254
275	19840	0	1	1	1	0	0	1	21	94	5	31	2046	254	0	1	0	254
275	19969	0	1	1	1	0	0	1	20	94	5	30	2046	255	0	1	0	768
275	19970	0	2	1	1	0	0	1	23	77	4	31	2046	254	0	1	0	254,768
275	19972	0	2	1	1	0	0	1	23	77	4	31	2046	254	0	1	0	254,768
275	19976	0	2	1	1	0	0	1	23	77	4	31	2046	254	0	1	0	254,768
275	19984	0	2	1	1	0	0	1	23	77	4	31	2046	254	0	1	0	254,768
275	20000	0	2	1	1	0	0	1	23	77	4	31	2046	254	0	1	0	254,768
275	20032	0	2	1	1	0	0	1	23	77	4	31	2046	254	0	1	0	254,768
275	20096	0	2	1	1	0	0	1	23	77	4	31	2046	254	0	1	0	254,768
275	20224	0	2	1	1	0	0	1	23	77	4	31	2046	254	0	1	0	254,768
275	20487	0	1	1	1	0	0	1	23	30	4	31	2046	255	0	1	0	768
275	20491	0	1	1	1	0	0	1	23	30	4	31	2046	255	0	1	0	768
275	20493	0	1	1	1	0	0	1	23	30	4	31	2046	255	0	1	0	768
275	20494	1	1	0	1	0	0	1	20	222	6	32	2046	254	0	0	0	254
275	20499	0	1	1	1	0	0	1	23	30	4	31	2046	255	0	1	0	768
275	20501	0	1	1	1	0	0	1	23	30	4	31	2046	255	0	1	0	768
275	20502	1	1	0	1	0	0	1	20	222	6	32	2046	254	0	0	0	254
275	20505	0	1	1	1	0	0	1	23	30	4	31	2046	255	0	1	0	768
275	20506	1	1	0	1	0	0	1	20	222	6	32	2046	254	0	0	0	254
275	20508	1	1	0	1	0	0	1	20	222	6	32	2046	254	0	0	0	254
275	20515	0	1	1	1	0	0	1	23	30	4	31	2046	255	0	1	0	768
275	20517	0	1	1	1	0	0	1	23	30	4	31	2046	255	0	1	0	768
275	20518	1	1	0	1	0	0	1	20	222	6	32	2046	254	0	0	0	254
275	20521	0	1	1	1	0	0	1	23	30	4	31	2046	255	0	1	0	768
275	20522	1	1	0	1	0	0	1	20	222	6	32	2046	254	0	0	0	254
275	20524	1	1	0	1	0	0	1	20	222	6	32	2046	254	0	0	0	254
275	20529	0	1	1	1	0	0	1	23	30	4	31	2046	255	0	1	0	768
275	20530	1	1	0	1	0	0	1	20	222	6	32	2046	254	0	0	0	254
275	20532	1	1	0	1	0	0	1	20	222	6	32	2046	254	0	0	0	254
275	20536	1	1	0	1	0	0	1	20	222	6	32	2046	254	0	0	0	254
275	20547	0	1	1	1	0	0	1	23	30	4	31	2046	255	0	1	0	768
275	20549	0	1	1	1	0	0	1	23	30	4	31	2046	255	0	1	0	768
275	20550	1	1	0	1	0	0	1	20	222	6	32	2046	254	0	0	0	254
275	20553	0	1	1	1	0	0	1	23	30	4	31	2046	255	0	1	0	768
275	20554	1	1	0	1	0	0	1	20	222	6	32	2046	254	0	0	0	254
275	20556	1	1	0	1	0	0	1	20	222	6	32	2046	254	0	0	0	254
275	20561	0	1	1	1	0	0	1	23	30	4	31	2046	255	0	1	0	768
275	20562	1	1	0	1	0	0	1	20	222	6	32	2046	254	0	0	0	254
275	20564	1	1	0	1	0	0	1	20	222	6	32	2046	254	0	0	0	254
275	20568	1	1	0	1	0	0	1	20	222	6	32	2046	254	0	0	0	254
275	20577	0	1	1	1	0	0	1	23	30	4	31	2046	255	0	1	0	768
275	20578	1	1	0	1	0	0	1	20	222	6	32	2046	254	0	0	0	254
275	20580	1	1	0	1	0	0	1	20	222	6	32	2046	254	0	0	0	254
275	20584	1	1	0	1	0	0	1	20	222	6	32	2046	254	0	0	0	254
275	20592	1	1	0	1	0	0	1	20	222	6	32	2046	254	0	0	0	254
275	20611	0	1	1	1	0	0	1	23	30	4	31	2046	255	0	1	0	768
275	20613	0	1	1	1	0	0	1	23	30	4	31	2046	255	0	1	0	768
275	20614	1	1	0	1	0	0	1	20	222	6	32	2046	254	0	0	0	254
275	20617	0	1	1	1	0	0	1	23	30	4	31	2046	255	0	1	0	768
275	20618	1	1	0	1	0	0	1	20	222	6	32	2046	254	0	0	0	254
275	20620	1	1	0	1	0	0	1	20	222	6	32	2046	254	0	0	0	254
275	20625	0	1	1	1	0	0	1	23	30	4	31	2046	255	0	1	0	768
275	20626	1	1	0	1	0	0	1	20	222	6	32	2046	254	0	0	0	254
275	20628	1	1	0	1	0	0	1	20	222	6	32	2046	254	0	0	0	254
275	20632	1	1	0	1	0	0	1	20	222	6	32	2046	254	0	0	0	254
275	20641	0	1	1	1	0	0	1	23	30	4	31	2046	255	0	1	0	768
275	20642	1	1	0	1	0	0	1	20	222	6	32	2046	254	0	0	0	254
275	20644	1	1	0	1	0	0	1	20	222	6	32	2046	254	0	0	0	254
275	20648	1	1	0	1	0	0	1	20	222	6	32	2046	254	0	0	0	254
275	20656	1	1	0	1	0	0	1	20	222	6	32	2046	254	0	0	0	254
275	20673	0	1	1	1	0	0	1	23	30	4	31	2046	255	0	1	0	768
275	20674	1	1	0	1	0	0	1	20	222	6	32	2046	254	0	0	0	254
275	20676	1	1	0	1	0	0	1	20	222	6	32	2046	254	0	0	0	254
275	20680	1	1	0	1	0	0	1	20	222	6	32	2046	254	0	0	0	254
275	20688	1	1	0	1	0	0	1	20	222	6	32	2046	254	0	0	0	254
275	20704	1	1	0	1	0	0	1	20	222	6	32	2046	254	0	0	0	254
275	20739	0	1	1	1	0	0	1	23	30	4	31	2046	255	0	1	0	768
275	20741	0	1	1	1	0	0	1	23	30	4	31	2046	255	0	1	0	768
275	20742	1	1	0	1	0	0	1	20	222	6	32	2046	254	0	0	0	254
275	20745	0	1	1	1	0	0	1	23	30	4	31	2046	255	0	1	0	768
275	20746	1	1	0	1	0	0	1	20	222	6	32	2046	254	0	0	0	254
275	20748	1	1	0	1	0	0	1	20	222	6	32	2046	254	0	0	0	254
275	20753	0	1	1	1	0	0	1	23	30	4	31	2046	255	0	1	0	768
275	20754	1	1	0	1	0	0	1	20	222	6	32	2046	254	0	0	0	254
275	20756	1	1	0	1	0	0	1	20	222	6	32	2046	254	0	0	0	254
275	20760	1	1	0	1	0	0	1	20	222	6	32	2046	254	0	0	0	254
275	20769	0	1	1	1	0	0	1	23	30	4	31	2046	255	0	1	0	768
275	20770	1	1	0	1	0	0	1	20	222	6	32	2046	254	0	0	0	254
275	20772	1	1	0	1	0	0	1	20	222	6	32	2046	254	0	0	0	254
275	20776	1	1	0	1	0	0	1	20	222	6	32	2046	254	0	0	0	254
275	20784	1	1	0	1	0	0	1	20	222	6	32	2046	254	0	0	0	254
275	20801	0	1	1	1	0	0	1	23	30	4	31	2046	255	0	1	0	768
275	20802	1	1	0	1	0	0	1	20	222	6	32	2046	254	0	0	0	254
275	20804	1	1	0	1	0	0	1	20	222	6	32	2046	254	0	0	0	254
275	20808	1	1	0	1	0	0	1	20	222	6	32	2046	254	0	0	0	254
275	20816	1	1	0	1	0	0	1	20	222	6	32	2046	254	0	0	0	254
275	20832	1	1	0	1	0	0	1	20	222	6	32	2046	254	0	0	0	254
275	20865	0	1	1	1	0	0	1	23	30	4	31	2046	255	0	1	0	768
275	20866	1	1	0	1	0	0	1	20	222	6	32	2046	254	0	0	0	254
275	20868	1	1	0	1	0	0	1	20	222	6	32	2046	254	0	0	0	254
275	20872	1	1	0	1	0	0	1	20	222	6	32	2046	254	0	0	0	254
275	20880	1	1	0	1	0	0	1	20	222	6	32	2046	254	0	0	0	254
275	20896	1	1	0	1	0	0	1	20	222	6	32	2046	254	0	0	0	254
275	20928	1	1	0	1	0	0	1	20	222	6	32	2046	254	0	0	0	254
275	20995	0	1	1	1	0	0	1	21	94	5	31	2046	255	0	1	0	768
275	20997	0	1	1	1	0	0	1	21	94	5	31	2046	255	0	1	0	768
275	20998	1	3	0	1	0	0	1	20	222	6	32	2046	254	0	0	0	254,768,896
275	21001	0	1	1	1	0	0	1	21	94	5	31	2046	255	0	1	0	768
275	21002	1	3	0	1	0	0	1	20	222	6	32	2046	254	0	0	0	254,768,896
275	21004	1	3	0	1	0	0	1	20	222	6	32	2046	254	0	0	0	254,768,896
275	21009	0	1	1	1	0	0	1	21	94	5	31	2046	255	0	1	0	768
275	21010	1	3	0	1	0	0	1	20	222	6	32	2046	254	0	0	0	254,768,896
275	21012	1	3	0	1	0	0	1	20	222	6	32	2046	254	0	0	0	254,768,896
275	21016	1	3	0	1	0	0	1	20	222	6	32	2046	254	0	0	0	254,768,896
275	21025	0	1	1	1	0	0	1	21	94	5	31	2046	255	0	1	0	768
275	21026	1	3	0	1	0	0	1	20	222	6	32	2046	254	0	0	0	254,768,896
275	21028	1	3	0	1	0	0	1	20	222	6	32	2046	254	0	0	0	254,768,896
275	21032	1	3	0	1	0	0	1	20	222	6	32	2046	254	0	0	0	254,768,896
275	21040	1	3	0	1	0	0	1	20	222	6	32	2046	254	0	0	0	254,768,896
275	21057	0	1	1	1	0	0	1	21	94	5	31	2046	255	0	1	0	768
275	21058	1	3	0	1	0	0	1	20	222	6	32	2046	254	0	0	0	254,768,896
275	21060	1	3	0	1	0	0	1	20	222	6	32	2046	254	0	0	0	254,768,896
275	21064	1	3	0	1	0	0	1	20	222	6	32	2046	254	0	0	0	254,768,896
275	21072	1	3	0	1	0	0	1	20	222	6	32	2046	254	0	0	0	254,768,896
275	21088	1	3	0	1	0	0	1	20	222	6	32	2046	254	0	0	0	254,768,896
275	21121	0	1	1	1	0	0	1	21	94	5	31	2046	255	0	1	0	768
275	21122	1	3	0	1	0	0	1	20	222	6	32	2046	254	0	0	0	254,768,896
275	21124	1	3	0	1	0	0	1	20	222	6	32	2046	254	0	0	0	254,768,896
275	21128	1	3	0	1	0	0	1	20	222	6	32	2046	254	0	0	0	254,768,896
275	21136	1	3	0	1	0	0	1	20	222	6	32	2046	254	0	0	0	254,768,896
275	21152	1	3	0	1	0	0	1	20	222	6	32	2046	254	0	0	0	254,768,896
275	21184	1	3	0	1	0	0	1	20	222	6	32	2046	254	0	0	0	254,768,896
275	21249	0	1	1	1	0	0	1	21	94	5	31	2046	255	0	1	0	768
275	21250	1	3	0	1	0	0	1	20	222	6	32	2046	254	0	0	0	254,768,896
275	21252	1	3	0	1	0	0	1	20	222	6	32	2046	254	0	0	0	254,768,896
275	21256	1	3	0	1	0	0	1	20	222	6	32	2046	254	0	0	0	254,768,896
275	21264	1	3	0	1	0	0	1	20	222	6	32	2046	254	0	0	0	254,768,896
275	21280	1	3	0	1	0	0	1	20	222	6	32	2046	254	0	0	0	254,768,896
275	21312	1	3	0	1	0	0	1	20	222	6	32	2046	254	0	0	0	254,768,896
275	21376	1	3	0	1	0	0	1	20	222	6	32	2046	254	0	0	0	254,768,896
275	21507	0	1	1	1	0	0	1	21	94	5	31	2046	255	0	1	0	768
275	21509	0	1	1	1	0	0	1	21	94	5	31	2046	255	0	1	0	768
275	21510	1	3	0	1	0	0	1	20	222	6	32	2046	254	0	0	0	254,768,896
275	21513	0	1	1	1	0	0	1	21	94	5	31	2046	255	0	1	0	768
275	21514	1	3	0	1	0	0	1	20	222	6	32	2046	254	0	0	0	254,768,896
275	21516	1	3	0	1	0	0	1	20	222	6	32	2046	254	0	0	0	254,768,896
275	21521	0	1	1	1	0	0	1	21	94	5	31	2046	255	0	1	0	768
275	21522	1	3	0	1	0	0	1	20	222	6	32	2046	254	0	0	0	254,768,896
275	21524	1	3	0	1	0	0	1	20	222	6	32	2046	254	0	0	0	254,768,896
275	21528	1	3	0	1	0	0	1	20	222	6	32	2046	254	0	0	0	254,768,896
275	21537	0	1	1	1	0	0	1	21	94	5	31	2046	255	0	1	0	768
275	21538	1	3	0	1	0	0	1	20	222	6	32	2046	254	0	0	0	254,768,896
275	21540	1	3	0	1	0	0	1	20	222	6	32	2046	254	0	0	0	254,768,896
275	21544	1	3	0	1	0	0	1	20	222	6	32	2046	254	0	0	0	254,768,896
275	21552	1	3	0	1	0	0	1	20	222	6	32	2046	254	0	0	0	254,768,896
275	21569	0	1	1	1	0	0	1	21	94	5	31	2046	255	0	1	0	768
275	21570	1	3	0	1	0	0	1	20	222	6	32	2046	254	0	0	0	254,768,896
275	21572	1	3	0	1	0	0	1	20	222	6	32	2046	254	0	0	0	254,768,896
275	21576	1	3	0	1	0	0	1	20	222	6	32	2046	254	0	0	0	254,768,896
275	21584	1	3	0	1	0	0	1	20	222	6	32	2046	254	0	0	0	254,768,896
275	21600	1	3	0	1	0	0	1	20	222	6	32	2046	254	0	0	0	254,768,896
275	21633	0	1	1	1	0	0	1	21	94	5	31	2046	255	0	1	0	768
275	21634	1	3	0	1	0	0	1	20	222	6	32	2046	254	0	0	0	254,768,896
275	21636	1	3	0	1	0	0	1	20	222	6	32	2046	254	0	0	0	254,768,896
275	21640	1	3	0	1	0	0	1	20	222	6	32	2046	254	0	0	0	254,768,896
275	21648	1	3	0	1	0	0	1	20	222	6	32	2046	254	0	0	0	254,768,896
275	21664	1	3	0	1	0	0	1	20	222	6	32	2046	254	0	0	0	254,768,896
275	21696	1	3	0	1	0	0	1	20	222	6	32	2046	254	0	0	0	254,768,896
275	21761	0	1	1	1	0	0	1	21	94	5	31	2046	255	0	1	0	768
275	21762	1	3	0	1	0	0	1	20	222	6	32	2046	254	0	0	0	254,768,896
275	21764	1	3	0	1	0	0	1	20	222	6	32	2046	254	0	0	0	254,768,896
275	21768	1	3	0	1	0	0	1	20	222	6	32	2046	254	0	0	0	254,768,896
275	21776	1	3	0	1	0	0	1	20	222	6	32	2046	254	0	0	0	254,768,896
275	21792	1	3	0	1	0	0	1	20	222	6	32	2046	254	0	0	0	254,768,896
275	21824	1	3	0	1	0	0	1	20	222	6	32	2046	254	0	0	0	254,768,896
275	21888	1	3	0	1	0	0	1	20	222	6	32	2046	254	0	0	0	254,768,896
275	22017	0	1	1	1	0	0	1	19	222	6	31	2046	255	0	1	0	768
275	22018	0	1	1	1	1	1	0	20	222	6	32	2046	255	1	0	1	768
275	22020	0	1	1	1	1	1	0	20	222	6	32	2046	255	1	0	1	768
275	22024	0	1	1	1	1	1	0	20	222	6	32	2046	255	1	0	1	768
275	22032	0	1	1	1	1	1	0	20	222	6	32	2046	255	1	0	1	768
275	22048	0	1	1	1	1	1	0	20	222	6	32	2046	255	1	0	1	768
275	22080	0	1	1	1	1	1	0	20	222	6	32	2046	255	1	0	1	768
275	22144	0	1	1	1	1	1	0	20	222	6	32	2046	255	1	0	1	768
275	22272	0	1	1	1	1	1	0	20	222	6	32	2046	255	1	0	1	768
275	22531	0	1	1	1	0	0	1	28	77	4	36	2046	511	0	1	0	512
275	22533	0	1	1	1	0	0	1	28	77	4	36	2046	511	0	1	0	512
275	22534	0	1	1	1	0	0	1	25	222	6	37	2046	510	0	1	0	510
275	22537	0	1	1	1	0	0	1	28	77	4	36	2046	511	0	1	0	512
275	22538	0	1	1	1	0	0	1	25	222	6	37	2046	510	0	1	0	510
275	22540	0	1	1	1	0	0	1	25	222	6	37	2046	510	0	1	0	510
275	22545	0	1	1	1	0	0	1	28	77	4	36	2046	511	0	1	0	512
275	22546	0	1	1	1	0	0	1	25	222	6	37	2046	510	0	1	0	510
275	22548	0	1	1	1	0	0	1	25	222	6	37	2046	510	0	1	0	510
275	22552	0	1	1	1	0	0	1	25	222	6	37	2046	510	0	1	0	510
275	22561	0	1	1	1	0	0	1	28	77	4	36	2046	511	0	1	0	512
275	22562	0	1	1	1	0	0	1	25	222	6	37	2046	510	0	1	0	510
275	22564	0	1	1	1	0	0	1	25	222	6	37	2046	510	0	1	0	510
275	22568	0	1	1	1	0	0	1	25	222	6	37	2046	510	0	1	0	510
275	22576	0	1	1	1	0	0	1	25	222	6	37	2046	510	0	1	0	510
275	22593	0	1	1	1	0	0	1	28	77	4	36	2046	511	0	1	0	512
275	22594	0	1	1	1	0	0	1	25	222	6	37	2046	510	0	1	0	510
275	22596	0	1	1	1	0	0	1	25	222	6	37	2046	510	0	1	0	510
275	22600	0	1	1	1	0	0	1	25	222	6	37	2046	510	0	1	0	510
275	22608	0	1	1	1	0	0	1	25	222	6	37	2046	510	0	1	0	510
275	22624	0	1	1	1	0	0	1	25	222	6	37	2046	510	0	1	0	510
275	22657	0	1	1	1	0	0	1	28	77	4	36	2046	511	0	1	0	512
275	22658	0	1	1	1	0	0	1	25	222	6	37	2046	510	0	1	0	510
275	22660	0	1	1	1	0	0	1	25	222	6	37	2046	510	0	1	0	510
275	22664	0	1	1	1	0	0	1	25	222	6	37	2046	510	0	1	0	510
275	22672	0	1	1	1	0	0	1	25	222	6	37	2046	510	0	1	0	510
275	22688	0	1	1	1	0	0	1	25	222	6	37	2046	510	0	1	0	510
275	22720	0	1	1	1	0	0	1	25	222	6	37	2046	510	0	1	0	510
275	22785	0	1	1	1	0	0	1	28	77	4	36	2046	511	0	1	0	512
275	22786	0	1	1	1	0	0	1	25	222	6	37	2046	510	0	1	0	510
275	22788	0	1	1	1	0	0	1	25	222	6	37	2046	510	0	1	0	510
275	22792	0	1	1	1	0	0	1	25	222	6	37	2046	510	0	1	0	510
275	22800	0	1	1	1	0	0	1	25	222	6	37	2046	510	0	1	0	510
275	22816	0	1	1	1	0	0	1	25	222	6	37	2046	510	0	1	0	510
275	22848	0	1	1	1	0	0	1	25	222	6	37	2046	510	0	1	0	510
275	22912	0	1	1	1	0	0	1	25	222	6	37	2046	510	0	1	0	510
275	23041	0	1	1	1	0	0	1	28	77	4	36	2046	511	0	1	0	512
275	23042	0	1	1	1	0	0	1	27	94	5	37	2046	510	0	1	0	510
275	23044	0	1	1	1	0	0	1	27	94	5	37	2046	510	0	1	0	510
275	23048	0	1	1	1	0	0	1	27	94	5	37	2046	510	0	1	0	510
275	23056	0	1	1	1	0	0	1	27	94	5	37	2046	510	0	1	0	510
275	23072	0	1	1	1	0	0	1	27	94	5	37	2046	510	0	1	0	510
275	23104	0	1	1	1	0	0	1	27	94	5	37	2046	510	0	1	0	510
275	23168	0	1	1	1	0	0	1	27	94	5	37	2046	510	0	1	0	510
275	23296	0	1	1	1	0	0	1	27	94	5	37	2046	510	0	1	0	510
275	23553	0	1	1	1	0	0	1	28	77	4	36	2046	511	0	1	0	512
275	23554	0	1	1	1	0	0	1	27	94	5	37	2046	510	0	1	0	510
275	23556	0	1	1	1	0	0	1	27	94	5	37	2046	510	0	1	0	510
275	23560	0	1	1	1	0	0	1	27	94	5	37	2046	510	0	1	0	510
275	23568	0	1	1	1	0	0	1	27	94	5	37	2046	510	0	1	0	510
275	23584	0	1	1	1	0	0	1	27	94	5	37	2046	510	0	1	0	510
275	23616	0	1	1	1	0	0	1	27	94	5	37	2046	510	0	1	0	510
275	23680	0	1	1	1	0	0	1	27	94	5	37	2046	510	0	1	0	510
275	23808	0	1	1	1	0	0	1	27	94	5	37	2046	510	0	1	0	510
275	24064	0	2	1	1	0	0	1	29	30	4	37	2046	510	0	1	0	510,512
275	24583	0	1	1	1	0	0	1	23	30	4	31	2046	255	0	1	0	768
275	24587	0	1	1	1	0	0	1	23	30	4	31	2046	255	0	1	0	768
275	24589	0	1	1	1	0	0	1	23	30	4	31	2046	255	0	1	0	768
275	24590	1	1	0	1	0	0	1	20	222	6	32	2046	254	0	0	0	254
275	24595	0	1	1	1	0	0	1	23	30	4	31	2046	255	0	1	0	768
275	24597	0	1	1	1	0	0	1	23	30	4	31	2046	255	0	1	0	768
275	24598	1	1	0	1	0	0	1	20	222	6	32	2046	254	0	0	0	254
275	24601	0	1	1	1	0	0	1	23	30	4	31	2046	255	0	1	0	768
275	24602	1	1	0	1	0	0	1	20	222	6	32	2046	254	0	0	0	254
275	24604	1	1	0	1	0	0	1	20	222	6	32	2046	254	0	0	0	254
275	24611	0	1	1	1	0	0	1	23	30	4	31	2046	255	0	1	0	768
275	24613	0	1	1	1	0	0	1	23	30	4	31	2046	255	0	1	0	768
275	24614	1	1	0	1	0	0	1	20	222	6	32	2046	254	0	0	0	254
275	24617	0	1	1	1	0	0	1	23	30	4	31	2046	255	0	1	0	768
275	24618	1	1	0	1	0	0	1	20	222	6	32	2046	254	0	0	0	254
275	24620	1	1	0	1	0	0	1	20	222	6	32	2046	254	0	0	0	254
275	24625	0	1	1	1	0	0	1	23	30	4	31	2046	255	0	1	0	768
275	24626	1	1	0	1	0	0	1	20	222	6	32	2046	254	0	0	0	254
275	24628	1	1	0	1	0	0	1	20	222	6	32	2046	254	0	0	0	254
275	24632	1	1	0	1	0	0	1	20	222	6	32	2046	254	0	0	0	254
275	24643	0	1	1	1	0	0	1	23	30	4	31	2046	255	0	1	0	768
275	24645	0	1	1	1	0	0	1	23	30	4	31	2046	255	0	1	0	768
275	24646	1	1	0	1	0	0	1	20	222	6	32	2046	254	0	0	0	254
275	24649	0	1	1	1	0	0	1	23	30	4	31	2046	255	0	1	0	768
275	24650	1	1	0	1	0	0	1	20	222	6	32	2046	254	0	0	0	254
275	24652	1	1	0	1	0	0	1	20	222	6	32	2046	254	0	0	0	254
275	24657	0	1	1	1	0	0	1	23	30	4	31	2046	255	0	1	0	768
275	24658	1	1	0	1	0	0	1	20	222	6	32	2046	254	0	0	0	254
275	24660	1	1	0	1	0	0	1	20	222	6	32	2046	254	0	0	0	254
275	24664	1	1	0	1	0	0	1	20	222	6	32	2046	254	0	0	0	254
275	24673	0	1	1	1	0	0	1	23	30	4	31	2046	255	0	1	0	768
275	24674	1	1	0	1	0	0	1	20	222	6	32	2046	254	0	0	0	254
275	24676	1	1	0	1	0	0	1	20	222	6	32	2046	254	0	0	0	254
275	24680	1	1	0	1	0	0	1	20	222	6	32	2046	254	0	0	0	254
275	24688	1	1	0	1	0	0	1	20	222	6	32	2046	254	0	0	0	254
275	24707	0	1	1	1	0	0	1	23	30	4	31	2046	255	0	1	0	768
275	24709	0	1	1	1	0	0	1	23	30	4	31	2046	255	0	1	0	768
275	24710	1	1	0	1	0	0	1	20	222	6	32	2046	254	0	0	0	254
275	24713	0	1	1	1	0	0	1	23	30	4	31	2046	255	0	1	0	768
275	24714	1	1	0	1	0	0	1	20	222	6	32	2046	254	0	0	0	254
275	24716	1	1	0	1	0	0	1	20	222	6	32	2046	254	0	0	0	254
275	24721	0	1	1	1	0	0	1	23	30	4	31	2046	255	0	1	0	768
275	24722	1	1	0	1	0	0	1	20	222	6	32	2046	254	0	0	0	254
275	24724	1	1	0	1	0	0	1	20	222	6	32	2046	254	0	0	0	254
275	24728	1	1	0	1	0	0	1	20	222	6	32	2046	254	0	0	0	254
275	24737	0	1	1	1	0	0	1	23	30	4	31	2046	255	0	1	0	768
275	24738	1	1	0	1	0	0	1	20	222	6	32	2046	254	0	0	0	254
275	24740	1	1	0	1	0	0	1	20	222	6	32	2046	254	0	0	0	254
275	24744	1	1	0	1	0	0	1	20	222	6	32	2046	254	0	0	0	254
275	24752	1	1	0	1	0	0	1	20	222	6	32	2046	254	0	0	0	254
275	24769	0	1	1	1	0	0	1	23	30	4	31	2046	255	0	1	0	768
275	24770	1	1	0	1	0	0	1	20	222	6	32	2046	254	0	0	0	254
275	24772	1	1	0	1	0	0	1	20	222	6	32	2046	254	0	0	0	254
275	24776	1	1	0	1	0	0	1	20	222	6	32	2046	254	0	0	0	254
275	24784	1	1	0	1	0	0	1	20	222	6	32	2046	254	0	0	0	254
275	24800	1	1	0	1	0	0	1	20	222	6	32	2046	254	0	0	0	254
275	24835	0	1	1	1	0	0	1	23	30	4	31	2046	255	0	1	0	768
275	24837	0	1	1	1	0	0	1	23	30	4	31	2046	255	0	1	0	768
275	24838	1	1	0	1	0	0	1	20	222	6	32	2046	254	0	0	0	254
275	24841	0	1	1	1	0	0	1	23	30	4	31	2046	255	0	1	0	768
275	24842	1	1	0	1	0	0	1	20	222	6	32	2046	254	0	0	0	254
275	24844	1	1	0	1	0	0	1	20	222	6	32	2046	254	0	0	0	254
275	24849	0	1	1	1	0	0	1	23	30	4	31	2046	255	0	1	0	768
275	24850	1	1	0	1	0	0	1	20	222	6	32	2046	254	0	0	0	254
275	24852	1	1	0	1	0	0	1	20	222	6	32	2046	254	0	0	0	254
275	24856	1	1	0	1	0	0	1	20	222	6	32	2046	254	0	0	0	254
275	24865	0	1	1	1	0	0	1	23	30	4	31	2046	255	0	1	0	768
275	24866	1	1	0	1	0	0	1	20	222	6	32	2046	254	0	0	0	254
275	24868	1	1	0	1	0	0	1	20	222	6	32	2046	254	0	0	0	254
275	24872	1	1	0	1	0	0	1	20	222	6	32	2046	254	0	0	0	254
275	24880	1	1	0	1	0	0	1	20	222	6	32	2046	254	0	0	0	254
275	24897	0	1	1	1	0	0	1	23	30	4	31	2046	255	0	1	0	768
275	24898	1	1	0	1	0	0	1	20	222	6	32	2046	254	0	0	0	254
275	24900	1	1	0	1	0	0	1	20	222	6	32	2046	254	0	0	0	254
275	24904	1	1	0	1	0	0	1	20	222	6	32	2046	254	0	0	0	254
275	24912	1	1	0	1	0	0	1	20	222	6	32	2046	254	0	0	0	254
275	24928	1	1	0	1	0	0	1	20	222	6	32	2046	254	0	0	0	254
275	24961	0	1	1	1	0	0	1	23	30	4	31	2046	255	0	1	0	768
275	24962	1	1	0	1	0	0	1	20	222	6	32	2046	254	0	0	0	254
275	24964	1	1	0	1	0	0	1	20	222	6	32	2046	254	0	0	0	254
275	24968	1	1	0	1	0	0	1	20	222	6	32	2046	254	0	0	0	254
275	24976	1	1	0	1	0	0	1	20	222	6	32	2046	254	0	0	0	254
275	24992	1	1	0	1	0	0	1	20	222	6	32	2046	254	0	0	0	254
275	25024	1	1	0	1	0	0	1	20	222	6	32	2046	254	0	0	0	254
275	25091	0	1	1	1	0	0	1	21	94	5	31	2046	255	0	1	0	768
275	25093	0	1	1	1	0	0	1	21	94	5	31	2046	255	0	1	0	768
275	25094	1	3	0	1	0	0	1	20	222	6	32	2046	254	0	0	0	254,768,896
275	25097	0	1	1	1	0	0	1	21	94	5	31	2046	255	0	1	0	768
275	25098	1	3	0	1	0	0	1	20	222	6	32	2046	254	0	0	0	254,768,896
275	25100	1	3	0	1	0	0	1	20	222	6	32	2046	254	0	0	0	254,768,896
275	25105	0	1	1	1	0	0	1	21	94	5	31	2046	255	0	1	0	768
275	25106	1	3	0	1	0	0	1	20	222	6	32	2046	254	0	0	0	254,768,896
275	25108	1	3	0	1	0	0	1	20	222	6	32	2046	254	0	0	0	254,768,896
275	25112	1	3	0	1	0	0	1	20	222	6	32	2046	254	0	0	0	254,768,896
275	25121	0	1	1	1	0	0	1	21	94	5	31	2046	255	0	1	0	768
275	25122	1	3	0	1	0	0	1	20	222	6	32	2046	254	0	0	0	254,768,896
275	25124	1	3	0	1	0	0	1	20	222	6	32	2046	254	0	0	0	254,768,896
275	25128	1	3	0	1	0	0	1	20	222	6	32	2046	254	0	0	0	254,768,896
275	25136	1	3	0	1	0	0	1	20	222	6	32	2046	254	0	0	0	254,768,896
275	25153	0	1	1	1	0	0	1	21	94	5	31	2046	255	0	1	0	768
275	25154	1	3	0	1	0	0	1	20	222	6	32	2046	254	0	0	0	254,768,896
275	25156	1	3	0	1	0	0	1	20	222	6	32	2046	254	0	0	0	254,768,896
275	25160	1	3	0	1	0	0	1	20	222	6	32	2046	254	0	0	0	254,768,896
275	25168	1	3	0	1	0	0	1	20	222	6	32	2046	254	0	0	0	254,768,896
275	25184	1	3	0	1	0	0	1	20	222	6	32	2046	254	0	0	0	254,768,896
275	25217	0	1	1	1	0	0	1	21	94	5	31	2046	255	0	1	0	768
275	25218	1	3	0	1	0	0	1	20	222	6	32	2046	254	0	0	0	254,768,896
275	25220	1	3	0	1	0	0	1	20	222	6	32	2046	254	0	0	0	254,768,896
275	25224	1	3	0	1	0	0	1	20	222	6	32	2046	254	0	0	0	254,768,896
275	25232	1	3	0	1	0	0	1	20	222	6	32	2046	254	0	0	0	254,768,896
275	25248	1	3	0	1	0	0	1	20	222	6	32	2046	254	0	0	0	254,768,896
275	25280	1	3	0	1	0	0	1	20	222	6	32	2046	254	0	0	0	254,768,896
275	25345	0	1	1	1	0	0	1	21	94	5	31	2046	255	0	1	0	768
275	25346	1	3	0	1	0	0	1	20	222	6	32	2046	254	0	0	0	254,768,896
275	25348	1	3	0	1	0	0	1	20	222	6	32	2046	254	0	0	0	254,768,896
275	25352	1	3	0	1	0	0	1	20	222	6	32	2046	254	0	0	0	254,768,896
275	25360	1	3	0	1	0	0	1	20	222	6	32	2046	254	0	0	0	254,768,896
275	25376	1	3	0	1	0	0	1	20	222	6	32	2046	254	0	0	0	254,768,896
275	25408	1	3	0	1	0	0	1	20	222	6	32	2046	254	0	0	0	254,768,896
275	25472	1	3	0	1	0	0	1	20	222	6	32	2046	254	0	0	0	254,768,896
275	25603	0	1	1	1	0	0	1	21	94	5	31	2046	255	0	1	0	768
275	25605	0	1	1	1	0	0	1	21	94	5	31	2046	255	0	1	0	768
275	25606	1	3	0	1	0	0	1	20	222	6	32	2046	254	0	0	0	254,768,896
275	25609	0	1	1	1	0	0	1	21	94	5	31	2046	255	0	1	0	768
275	25610	1	3	0	1	0	0	1	20	222	6	32	2046	254	0	0	0	254,768,896
275	25612	1	3	0	1	0	0	1	20	222	6	32	2046	254	0	0	0	254,768,896
275	25617	0	1	1	1	0	0	1	21	94	5	31	2046	255	0	1	0	768
275	25618	1	3	0	1	0	0	1	20	222	6	32	2046	254	0	0	0	254,768,896
275	25620	1	3	0	1	0	0	1	20	222	6	32	2046	254	0	0	0	254,768,896
275	25624	1	3	0	1	0	0	1	20	222	6	32	2046	254	0	0	0	254,768,896
275	25633	0	1	1	1	0	0	1	21	94	5	31	2046	255	0	1	0	768
275	25634	1	3	0	1	0	0	1	20	222	6	32	2046	254	0	0	0	254,768,896
275	25636	1	3	0	1	0	0	1	20	222	6	32	2046	254	0	0	0	254,768,896
275	25640	1	3	0	1	0	0	1	20	222	6	32	2046	254	0	0	0	254,768,896
275	25648	1	3	0	1	0	0	1	20	222	6	32	2046	254	0	0	0	254,768,896
275	25665	0	1	1	1	0	0	1	21	94	5	31	2046	255	0	1	0	768
275	25666	1	3	0	1	0	0	1	20	222	6	32	2046	254	0	0	0	254,768,896
275	25668	1	3	0	1	0	0	1	20	222	6	32	2046	254	0	0	0	254,768,896
275	25672	1	3	0	1	0	0	1	20	222	6	32	2046	254	0	0	0	254,768,896
275	25680	1	3	0	1	0	0	1	20	222	6	32	2046	254	0	0	0	254,768,896
275	25696	1	3	0	1	0	0	1	20	222	6	32	2046	254	0	0	0	254,768,896
275	25729	0	1	1	1	0	0	1	21	94	5	31	2046	255	0	1	0	768
275	25730	1	3	0	1	0	0	1	20	222	6	32	2046	254	0	0	0	254,768,896
275	25732	1	3	0	1	0	0	1	20	222	6	32	2046	254	0	0	0	254,768,896
275	25736	1	3	0	1	0	0	1	20	222	6	32	2046	254	0	0	0	254,768,896
275	25744	1	3	0	1	0	0	1	20	222	6	32	2046	254	0	0	0	254,768,896
275	25760	1	3	0	1	0	0	1	20	222	6	32	2046	254	0	0	0	254,768,896
275	25792	1	3	0	1	0	0	1	20	222	6	32	2046	254	0	0	0	254,768,896
275	25857	0	1	1	1	0	0	1	21	94	5	31	2046	255	0	1	0	768
275	25858	1	3	0	1	0	0	1	20	222	6	32	2046	254	0	0	0	254,768,896
275	25860	1	3	0	1	0	0	1	20	222	6	32	2046	254	0	0	0	254,768,896
275	25864	1	3	0	1	0	0	1	20	222	6	32	2046	254	0	0	0	254,768,896
275	25872	1	3	0	1	0	0	1	20	222	6	32	2046	254	0	0	0	254,768,896
275	25888	1	3	0	1	0	0	1	20	222	6	32	2046	254	0	0	0	254,768,896
275	25920	1	3	0	1	0	0	1	20	222	6	32	2046	254	0	0	0	254,768,896
275	25984	1	3	0	1	0	0	1	20	222	6	32	2046	254	0	0	0	254,768,896
275	26113	0	1	1	1	0	0	1	19	222	6	31	2046	255	0	1	0	768
275	26114	0	1	1	1	1	1	0	20	222	6	32	2046	255	1	0	1	768
275	26116	0	1	1	1	1	1	0	20	222	6	32	2046	255	1	0	1	768
275	26120	0	1	1	1	1	1	0	20	222	6	32	2046	255	1	0	1	768
275	26128	0	1	1	1	1	1	0	20	222	6	32	2046	255	1	0	1	768
275	26144	0	1	1	1	1	1	0	20	222	6	32	2046	255	1	0	1	768
275	26176	0	1	1	1	1	1	0	20	222	6	32	2046	255	1	0	1	768
275	26240	0	1	1	1	1	1	0	20	222	6	32	2046	255	1	0	1	768
275	26368	0	1	1	1	1	1	0	20	222	6	32	2046	255	1	0	1	768
275	26627	0	1	1	1	0	0	1	28	77	4	36	2046	511	0	1	0	512
275	26629	0	1	1	1	0	0	1	28	77	4	36	2046	511	0	1	0	512
275	26630	0	1	1	1	0	0	1	25	222	6	37	2046	510	0	1	0	510
275	26633	0	1	1	1	0	0	1	28	77	4	36	2046	511	0	1	0	512
275	26634	0	1	1	1	0	0	1	25	222	6	37	2046	510	0	1	0	510
275	26636	0	1	1	1	0	0	1	25	222	6	37	2046	510	0	1	0	510
275	26641	0	1	1	1	0	0	1	28	77	4	36	2046	511	0	1	0	512
275	26642	0	1	1	1	0	0	1	25	222	6	37	2046	510	0	1	0	510
275	26644	0	1	1	1	0	0	1	25	222	6	37	2046	510	0	1	0	510
275	26648	0	1	1	1	0	0	1	25	222	6	37	2046	510	0	1	0	510
275	26657	0	1	1	1	0	0	1	28	77	4	36	2046	511	0	1	0	512
275	26658	0	1	1	1	0	0	1	25	222	6	37	2046	510	0	1	0	510
275	26660	0	1	1	1	0	0	1	25	222	6	37	2046	510	0	1	0	510
275	26664	0	1	1	1	0	0	1	25	222	6	37	2046	510	0	1	0	510
275	26672	0	1	1	1	0	0	1	25	222	6	37	2046	510	0	1	0	510
275	26689	0	1	1	1	0	0	1	28	77	4	36	2046	511	0	1	0	512
275	26690	0	1	1	1	0	0	1	25	222	6	37	2046	510	0	1	0	510
275	26692	0	1	1	1	0	0	1	25	222	6	37	2046	510	0	1	0	510
275	26696	0	1	1	1	0	0	1	25	222	6	37	2046	510	0	1	0	510
275	26704	0	1	1	1	0	0	1	25	222	6	37	2046	510	0	1	0	510
275	26720	0	1	1	1	0	0	1	25	222	6	37	2046	510	0	1	0	510
275	26753	0	1	1	1	0	0	1	28	77	4	36	2046	511	0	1	0	512
275	26754	0	1	1	1	0	0	1	25	222	6	37	2046	510	0	1	0	510
275	26756	0	1	1	1	0	0	1	25	222	6	37	2046	510	0	1	0	510
275	26760	0	1	1	1	0	0	1	25	222	6	37	2046	510	0	1	0	510
275	26768	0	1	1	1	0	0	1	25	222	6	37	2046	510	0	1	0	510
275	26784	0	1	1	1	0	0	1	25	222	6	37	2046	510	0	1	0	510
275	26816	0	1	1	1	0	0	1	25	222	6	37	2046	510	0	1	0	510
275	26881	0	1	1	1	0	0	1	28	77	4	36	2046	511	0	1	0	512
275	26882	0	1	1	1	0	0	1	25	222	6	37	2046	510	0	1	0	510
275	26884	0	1	1	1	0	0	1	25	222	6	37	2046	510	0	1	0	510
275	26888	0	1	1	1	0	0	1	25	222	6	37	2046	510	0	1	0	510
275	26896	0	1	1	1	0	0	1	25	222	6	37	2046	510	0	1	0	510
275	26912	0	1	1	1	0	0	1	25	222	6	37	2046	510	0	1	0	510
275	26944	0	1	1	1	0	0	1	25	222	6	37	2046	510	0	1	0	510
275	27008	0	1	1	1	0	0	1	25	222	6	37	2046	510	0	1	0	510
275	27137	0	1	1	1	0	0	1	28	77	4	36	2046	511	0	1	0	512
275	27138	0	1	1	1	0	0	1	27	94	5	37	2046	510	0	1	0	510
275	27140	0	1	1	1	0	0	1	27	94	5	37	2046	510	0	1	0	510
275	27144	0	1	1	1	0	0	1	27	94	5	37	2046	510	0	1	0	510
275	27152	0	1	1	1	0	0	1	27	94	5	37	2046	510	0	1	0	510
275	27168	0	1	1	1	0	0	1	27	94	5	37	2046	510	0	1	0	510
275	27200	0	1	1	1	0	0	1	27	94	5	37	2046	510	0	1	0	510
275	27264	0	1	1	1	0	0	1	27	94	5	37	2046	510	0	1	0	510
275	27392	0	1	1	1	0	0	1	27	94	5	37	2046	510	0	1	0	510
275	27649	0	1	1	1	0	0	1	28	77	4	36	2046	511	0	1	0	512
275	27650	0	1	1	1	0	0	1	27	94	5	37	2046	510	0	1	0	510
275	27652	0	1	1	1	0	0	1	27	94	5	37	2046	510	0	1	0	510
275	27656	0	1	1	1	0	0	1	27	94	5	37	2046	510	0	1	0	510
275	27664	0	1	1	1	0	0	1	27	94	5	37	2046	510	0	1	0	510
275	27680	0	1	1	1	0	0	1	27	94	5	37	2046	510	0	1	0	510
275	27712	0	1	1	1	0	0	1	27	94	5	37	2046	510	0	1	0	510
275	27776	0	1	1	1	0	0	1	27	94	5	37	2046	510	0	1	0	510
275	27904	0	1	1	1	0	0	1	27	94	5	37	2046	510	0	1	0	510
275	28160	0	2	1	1	0	0	1	29	30	4	37	2046	510	0	1	0	510,512
275	28675	0	4	1	1	0	0	1	31	11	3	37	2046	511	0	1	0	512,640,768,896
275	28677	0	4	1	1	0	0	1	31	11	3	37	2046	511	0	1	0	512,640,768,896
275	28678	0	1	1	1	1	3	0	26	222	6	38	2046	127	1537	0	1	896
275	28681	0	4	1	1	0	0	1	31	11	3	37	2046	511	0	1	0	512,640,768,896
275	28682	0	1	1	1	1	3	0	26	222	6	38	2046	127	1537	0	1	896
275	28684	0	1	1	1	1	3	0	26	222	6	38	2046	127	1537	0	1	896
275	28689	0	4	1	1	0	0	1	31	11	3	37	2046	511	0	1	0	512,640,768,896
275	28690	0	1	1	1	1	3	0	26	222	6	38	2046	127	1537	0	1	896
275	28692	0	1	1	1	1	3	0	26	222	6	38	2046	127	1537	0	1	896
275	28696	0	1	1	1	1	3	0	26	222	6	38	2046	127	1537	0	1	896
275	28705	0	4	1	1	0	0	1	31	11	3	37	2046	511	0	1	0	512,640,768,896
275	28706	0	1	1	1	1	3	0	26	222	6	38	2046	127	1537	0	1	896
275	28708	0	1	1	1	1	3	0	26	222	6	38	2046	127	1537	0	1	896
275	28712	0	1	1	1	1	3	0	26	222	6	38	2046	127	1537	0	1	896
275	28720	0	1	1	1	1	3	0	26	222	6	38	2046	127	1537	0	1	896
275	28737	0	4	1	1	0	0	1	31	11	3	37	2046	511	0	1	0	512,640,768,896
275	28738	0	1	1	1	1	3	0	26	222	6	38	2046	127	1537	0	1	896
275	28740	0	1	1	1	1	3	0	26	222	6	38	2046	127	1537	0	1	896
275	28744	0	1	1	1	1	3	0	26	222	6	38	2046	127	1537	0	1	896
275	28752	0	1	1	1	1	3	0	26	222	6	38	2046	127	1537	0	1	896
275	28768	0	1	1	1	1	3	0	26	222	6	38	2046	127	1537	0	1	896
275	28801	0	4	1	1	0	0	1	31	11	3	37	2046	511	0	1	0	512,640,768,896
275	28802	0	1	1	1	1	3	0	26	222	6	38	2046	127	1537	0	1	896
275	28804	0	1	1	1	1	3	0	26	222	6	38	2046	127	1537	0	1	896
275	28808	0	1	1	1	1	3	0	26	222	6	38	2046	127	1537	0	1	896
275	28816	0	1	1	1	1	3	0	26	222	6	38	2046	127	1537	0	1	896
275	28832	0	1	1	1	1	3	0	26	222	6	38	2046	127	1537	0	1	896
275	28864	0	1	1	1	1	3	0	26	222	6	38	2046	127	1537	0	1	896
275	28929	0	4	1	1	0	0	1	31	11	3	37	2046	511	0	1	0	512,640,768,896
275	28930	0	1	1	1	1	3	0	26	222	6	38	2046	127	1537	0	1	896
275	28932	0	1	1	1	1	3	0	26	222	6	38	2046	127	1537	0	1	896
275	28936	0	1	1	1	1	3	0	26	222	6	38	2046	127	1537	0	1	896
275	28944	0	1	1	1	1	3	0	26	222	6	38	2046	127	1537	0	1	896
275	28960	0	1	1	1	1	3	0	26	222	6	38	2046	127	1537	0	1	896
275	28992	0	1	1	1	1	3	0	26	222	6	38	2046	127	1537	0	1	896
275	29056	0	1	1	1	1	3	0	26	222	6	38	2046	127	1537	0	1	896
275	29185	0	2	1	1	0	0	1	29	75	4	37	2046	511	0	1	0	512,768
275	29186	0	1	1	1	1	2	0	26	222	6	38	2046	255	1025	0	1	768
275	29188	0	1	1	1	1	2	0	26	222	6	38	2046	255	1025	0	1	768
275	29192	0	1	1	1	1	2	0	26	222	6	38	2046	255	1025	0	1	768
275	29200	0	1	1	1	1	2	0	26	222	6	38	2046	255	1025	0	1	768
275	29216	0	1	1	1	1	2	0	26	222	6	38	2046	255	1025	0	1	768
275	29248	0	1	1	1	1	2	0	26	222	6	38	2046	255	1025	0	1	768
275	29312	0	1	1	1	1	2	0	26	222	6	38	2046	255	1025	0	1	768
275	29440	0	1	1	1	1	2	0	26	222	6	38	2046	255	1025	0	1	768
275	29697	0	2	1	1	0	0	1	29	75	4	37	2046	511	0	1	0	512,768
275	29698	0	1	1	1	1	2	0	26	222	6	38	2046	255	513	0	1	768
275	29700	0	1	1	1	1	2	0	26	222	6	38	2046	255	513	0	1	768
275	29704	0	1	1	1	1	2	0	26	222	6	38	2046	255	513	0	1	768
275	29712	0	1	1	1	1	2	0	26	222	6	38	2046	255	513	0	1	768
275	29728	0	1	1	1	1	2	0	26	222	6	38	2046	255	513	0	1	768
275	29760	0	1	1	1	1	2	0	26	222	6	38	2046	255	513	0	1	768
275	29824	0	1	1	1	1	2	0	26	222	6	38	2046	255	513	0	1	768
275	29952	0	1	1	1	1	2	0	26	222	6	38	2046	255	513	0	1	768
275	30208	0	1	1	1	1	1	0	26	222	6	38	2046	511	1	0	1	512
275	30721	0	512	1	1	0	0	1	40	1	1	42	2046	1023	0	1	0	0,2,4,6,8,10,12,14,16,18,20,22,24,26,28,30,32,34,36,38,40,42,44,46,48,50,52,54,56,58,60,62,64,66,68,70,72,74,76,78,80,82,84,86,88,90,92,94,96,98,100,102,104,106,108,110,112,114,116,118,120,122,124,126,128,130,132,134,136,138,140,142,144,146,148,150,152,154,156,158,160,162,164,166,168,170,172,174,176,178,180,182,184,186,188,190,192,194,196,198,200,202,204,206,208,210,212,214,216,218,220,222,224,226,228,230,232,234,236,238,240,242,244,246,248,250,252,254,256,258,260,262,264,266,268,270,272,274,276,278,280,282,284,286,288,290,292,294,296,298,300,302,304,306,308,310,312,314,316,318,320,322,324,326,328,330,332,334,336,338,340,342,344,346,348,350,352,354,356,358,360,362,364,366,368,370,372,374,376,378,380,382,384,386,388,390,392,394,396,398,400,402,404,406,408,410,412,414,416,418,420,422,424,426,428,430,432,434,436,438,440,442,444,446,448,450,452,454,456,458,460,462,464,466,468,470,472,474,476,478,480,482,484,486,488,490,492,494,496,498,500,502,504,506,508,510,512,514,516,518,520,522,524,526,528,530,532,534,536,538,540,542,544,546,548,550,552,554,556,558,560,562,564,566,568,570,572,574,576,578,580,582,584,586,588,590,592,594,596,598,600,602,604,606,608,610,612,614,616,618,620,622,624,626,628,630,632,634,636,638,640,642,644,646,648,650,652,654,656,658,660,662,664,666,668,670,672,674,676,678,680,682,684,686,688,690,692,694,696,698,700,702,704,706,708,710,712,714,716,718,720,722,724,726,728,730,732,734,736,738,740,742,744,746,748,750,752,754,756,758,760,762,764,766,768,770,772,774,776,778,780,782,784,786,788,790,792,794,796,798,800,802,804,806,808,810,812,814,816,818,820,822,824,826,828,830,832,834,836,838,840,842,844,846,848,850,852,854,856,858,860,862,864,866,868,870,872,874,876,878,880,882,884,886,888,890,892,894,896,898,900,902,904,906,908,910,912,914,916,918,920,922,924,926,928,930,932,934,936,938,940,942,944,946,948,950,952,954,956,958,960,962,964,966,968,970,972,974,976,978,980,982,984,986,988,990,992,994,996,998,1000,1002,1004,1006,1008,1010,1012,1014,1016,1018,1020,1022
275	30722	0	128	1	1	0	0	1	35	75	4	43	2046	1022	0	1	0	768,770,772,774,776,778,780,782,784,786,788,790,792,794,796,798,800,802,804,806,808,810,812,814,816,818,820,822,824,826,828,830,832,834,836,838,840,842,844,846,848,850,852,854,856,858,860,862,864,866,868,870,872,874,876,878,880,882,884,886,888,890,892,894,896,898,900,902,904,906,908,910,912,914,916,918,920,922,924,926,928,930,932,934,936,938,940,942,944,946,948,950,952,954,956,958,960,962,964,966,968,970,972,974,976,978,980,982,984,986,988,990,992,994,996,998,1000,1002,1004,1006,1008,1010,1012,1014,1016,1018,1020,1022
275	30724	0	128	1	1	0	0	1	35	75	4	43	2046	1022	0	1	0	768,770,772,774,776,778,780,782,784,786,788,790,792,794,796,798,800,802,804,806,808,810,812,814,816,818,820,822,824,826,828,830,832,834,836,838,840,842,844,846,848,850,852,854,856,858,860,862,864,866,868,870,872,874,876,878,880,882,884,886,888,890,892,894,896,898,900,902,904,906,908,910,912,914,916,918,920,922,924,926,928,930,932,934,936,938,940,942,944,946,948,950,952,954,956,958,960,962,964,966,968,970,972,974,976,978,980,982,984,986,988,990,992,994,996,998,1000,1002,1004,1006,1008,1010,1012,1014,1016,1018,1020,1022
275	30728	0	128	1	1	0	0	1	35	75	4	43	2046	1022	0	1	0	768,770,772,774,776,778,780,782,784,786,788,790,792,794,796,798,800,802,804,806,808,810,812,814,816,818,820,822,824,826,828,830,832,834,836,838,840,842,844,846,848,850,852,854,856,858,860,862,864,866,868,870,872,874,876,878,880,882,884,886,888,890,892,894,896,898,900,902,904,906,908,910,912,914,916,918,920,922,924,926,928,930,932,934,936,938,940,942,944,946,948,950,952,954,956,958,960,962,964,966,968,970,972,974,976,978,980,982,984,986,988,990,992,994,996,998,1000,1002,1004,1006,1008,1010,1012,1014,1016,1018,1020,1022
275	30736	0	128	1	1	0	0	1	35	75	4	43	2046	1022	0	1	0	768,770,772,774,776,778,780,782,784,786,788,790,792,794,796,798,800,802,804,806,808,810,812,814,816,818,820,822,824,826,828,830,832,834,836,838,840,842,844,846,848,850,852,854,856,858,860,862,864,866,868,870,872,874,876,878,880,882,884,886,888,890,892,894,896,898,900,902,904,906,908,910,912,914,916,918,920,922,924,926,928,930,932,934,936,938,940,942,944,946,948,950,952,954,956,958,960,962,964,966,968,970,972,974,976,978,980,982,984,986,988,990,992,994,996,998,1000,1002,1004,1006,1008,1010,1012,1014,1016,1018,1020,1022
275	30752	0	128	1	1	0	0	1	35	75	4	43	2046	1022	0	1	0	768,770,772,774,776,778,780,782,784,786,788,790,792,794,796,798,800,802,804,806,808,810,812,814,816,818,820,822,824,826,828,830,832,834,836,838,840,842,844,846,848,850,852,854,856,858,860,862,864,866,868,870,872,874,876,878,880,882,884,886,888,890,892,894,896,898,900,902,904,906,908,910,912,914,916,918,920,922,924,926,928,930,932,934,936,938,940,942,944,946,948,950,952,954,956,958,960,962,964,966,968,970,972,974,976,978,980,982,984,986,988,990,992,994,996,998,1000,1002,1004,1006,1008,1010,1012,1014,1016,1018,1020,1022
275	30784	0	128	1	1	0	0	1	35	75	4	43	2046	1022	0	1	0	768,770,772,774,776,778,780,782,784,786,788,790,792,794,796,798,800,802,804,806,808,810,812,814,816,818,820,822,824,826,828,830,832,834,836,838,840,842,844,846,848,850,852,854,856,858,860,862,864,866,868,870,872,874,876,878,880,882,884,886,888,890,892,894,896,898,900,902,904,906,908,910,912,914,916,918,920,922,924,926,928,930,932,934,936,938,940,942,944,946,948,950,952,954,956,958,960,962,964,966,968,970,972,974,976,978,980,982,984,986,988,990,992,994,996,998,1000,1002,1004,1006,1008,1010,1012,1014,1016,1018,1020,1022
275	30848	0	128	1	1	0	0	1	35	75	4	43	2046	1022	0	1	0	768,770,772,774,776,778,780,782,784,786,788,790,792,794,796,798,800,802,804,806,808,810,812,814,816,818,820,822,824,826,828,830,832,834,836,838,840,842,844,846,848,850,852,854,856,858,860,862,864,866,868,870,872,874,876,878,880,882,884,886,888,890,892,894,896,898,900,902,904,906,908,910,912,914,916,918,920,922,924,926,928,930,932,934,936,938,940,942,944,946,948,950,952,954,956,958,960,962,964,966,968,970,972,974,976,978,980,982,984,986,988,990,992,994,996,998,1000,1002,1004,1006,1008,1010,1012,1014,1016,1018,1020,1022
275	30976	0	128	1	1	0	0	1	35	75	4	43	2046	1022	0	1	0	768,770,772,774,776,778,780,782,784,786,788,790,792,794,796,798,800,802,804,806,808,810,812,814,816,818,820,822,824,826,828,830,832,834,836,838,840,842,844,846,848,850,852,854,856,858,860,862,864,866,868,870,872,874,876,878,880,882,884,886,888,890,892,894,896,898,900,902,904,906,908,910,912,914,916,918,920,922,924,926,928,930,932,934,936,938,940,942,944,946,948,950,952,954,956,958,960,962,964,966,968,970,972,974,976,978,980,982,984,986,988,990,992,994,996,998,1000,1002,1004,1006,1008,1010,1012,1014,1016,1018,1020,1022
275	31232	0	256	1	1	0	0	1	37	11	3	43	2046	1022	0	1	0	512,514,516,518,520,522,524,526,528,530,532,534,536,538,540,542,544,546,548,550,552,554,556,558,560,562,564,566,568,570,572,574,576,578,580,582,584,586,588,590,592,594,596,598,600,602,604,606,608,610,612,614,616,618,620,622,624,626,628,630,632,634,636,638,640,642,644,646,648,650,652,654,656,658,660,662,664,666,668,670,672,674,676,678,680,682,684,686,688,690,692,694,696,698,700,702,704,706,708,710,712,714,716,718,720,722,724,726,728,730,732,734,736,738,740,742,744,746,748,750,752,754,756,758,760,762,764,766,768,770,772,774,776,778,780,782,784,786,788,790,792,794,796,798,800,802,804,806,808,810,812,814,816,818,820,822,824,826,828,830,832,834,836,838,840,842,844,846,848,850,852,854,856,858,860,862,864,866,868,870,872,874,876,878,880,882,884,886,888,890,892,894,896,898,900,902,904,906,908,910,912,914,916,918,920,922,924,926,928,930,932,934,936,938,940,942,944,946,948,950,952,954,956,958,960,962,964,966,968,970,972,974,976,978,980,982,984,986,988,990,992,994,996,998,1000,1002,1004,1006,1008,1010,1012,1014,1016,1018,1020,1022
275	31744	0	256	1	1	0	0	1	37	11	3	43	2046	1022	0	1	0	512,514,516,518,520,522,524,526,528,530,532,534,536,538,540,542,544,546,548,550,552,554,556,558,560,562,564,566,568,570,572,574,576,578,580,582,584,586,588,590,592,594,596,598,600,602,604,606,608,610,612,614,616,618,620,622,624,626,628,630,632,634,636,638,640,642,644,646,648,650,652,654,656,658,660,662,664,666,668,670,672,674,676,678,680,682,684,686,688,690,692,694,696,698,700,702,704,706,708,710,712,714,716,718,720,722,724,726,728,730,732,734,736,738,740,742,744,746,748,750,752,754,756,758,760,762,764,766,768,770,772,774,776,778,780,782,784,786,788,790,792,794,796,798,800,802,804,806,808,810,812,814,816,818,820,822,824,826,828,830,832,834,836,838,840,842,844,846,848,850,852,854,856,858,860,862,864,866,868,870,872,874,876,878,880,882,884,886,888,890,892,894,896,898,900,902,904,906,908,910,912,914,916,918,920,922,924,926,928,930,932,934,936,938,940,942,944,946,948,950,952,954,956,958,960,962,964,966,968,970,972,974,976,978,980,982,984,986,988,990,992,994,996,998,1000,1002,1004,1006,1008,1010,1012,1014,1016,1018,1020,1022
