id	Y_mask	dH	optH_count	q	good	delta_min	rho	compatible_optG	ell	Y_type	Y_edges	degree_sum	f_witness	h_witness_local	S_mask	R_witness	Delta_witness	optH_masks_local
333	31	0	1	0	1	0	0	1	30	0	0	30	32256	1008	0	0	0	1008
333	47	0	1	0	1	0	0	1	30	0	0	30	32256	1008	0	0	0	1008
333	55	0	1	0	1	0	0	1	30	0	0	30	32256	1008	0	0	0	1008
333	59	0	1	0	1	0	0	1	30	0	0	30	32256	1008	0	0	0	1008
333	61	0	1	0	1	0	0	1	30	0	0	30	32256	1008	0	0	0	1008
333	62	0	1	0	1	0	0	1	30	0	0	30	32256	1008	0	0	0	1008
333	79	0	1	0	1	0	0	1	30	0	0	30	32256	1008	0	0	0	1008
333	87	0	1	0	1	0	0	1	30	0	0	30	32256	1008	0	0	0	1008
333	91	0	1	0	1	0	0	1	30	0	0	30	32256	1008	0	0	0	1008
333	93	0	1	0	1	0	0	1	30	0	0	30	32256	1008	0	0	0	1008
333	94	0	1	0	1	0	0	1	30	0	0	30	32256	1008	0	0	0	1008
333	103	0	1	0	1	0	0	1	30	0	0	30	32256	1008	0	0	0	1008
333	107	0	1	0	1	0	0	1	30	0	0	30	32256	1008	0	0	0	1008
333	109	0	1	0	1	0	0	1	30	0	0	30	32256	1008	0	0	0	1008
333	110	0	1	0	1	0	0	1	30	0	0	30	32256	1008	0	0	0	1008
333	115	0	1	0	1	0	0	1	30	0	0	30	32256	1008	0	0	0	1008
333	117	0	1	0	1	0	0	1	30	0	0	30	32256	1008	0	0	0	1008
333	118	0	1	0	1	0	0	1	30	0	0	30	32256	1008	0	0	0	1008
333	121	0	1	0	1	0	0	1	30	0	0	30	32256	1008	0	0	0	1008
333	122	0	1	0	1	0	0	1	30	0	0	30	32256	1008	0	0	0	1008
333	124	0	1	0	1	0	0	1	30	0	0	30	32256	1008	0	0	0	1008
333	143	0	1	0	1	0	0	1	30	0	0	30	32256	1008	0	0	0	1008
333	151	0	1	0	1	0	0	1	30	0	0	30	32256	1008	0	0	0	1008
333	155	0	1	0	1	0	0	1	30	0	0	30	32256	1008	0	0	0	1008
333	157	0	1	0	1	0	0	1	30	0	0	30	32256	1008	0	0	0	1008
333	158	0	1	0	1	0	0	1	30	0	0	30	32256	1008	0	0	0	1008
333	167	0	1	0	1	0	0	1	30	0	0	30	32256	1008	0	0	0	1008
333	171	0	1	0	1	0	0	1	30	0	0	30	32256	1008	0	0	0	1008
333	173	0	1	0	1	0	0	1	30	0	0	30	32256	1008	0	0	0	1008
333	174	0	1	0	1	0	0	1	30	0	0	30	32256	1008	0	0	0	1008
333	179	0	1	0	1	0	0	1	30	0	0	30	32256	1008	0	0	0	1008
333	181	0	1	0	1	0	0	1	30	0	0	30	32256	1008	0	0	0	1008
333	182	0	1	0	1	0	0	1	30	0	0	30	32256	1008	0	0	0	1008
333	185	0	1	0	1	0	0	1	30	0	0	30	32256	1008	0	0	0	1008
333	186	0	1	0	1	0	0	1	30	0	0	30	32256	1008	0	0	0	1008
333	188	0	1	0	1	0	0	1	30	0	0	30	32256	1008	0	0	0	1008
333	199	0	1	0	1	0	0	1	30	0	0	30	32256	1008	0	0	0	1008
333	203	0	1	0	1	0	0	1	30	0	0	30	32256	1008	0	0	0	1008
333	205	0	1	0	1	0	0	1	30	0	0	30	32256	1008	0	0	0	1008
333	206	0	1	0	1	0	0	1	30	0	0	30	32256	1008	0	0	0	1008
333	211	0	1	0	1	0	0	1	30	0	0	30	32256	1008	0	0	0	1008
333	213	0	1	0	1	0	0	1	30	0	0	30	32256	1008	0	0	0	1008
333	214	0	1	0	1	0	0	1	30	0	0	30	32256	1008	0	0	0	1008
333	217	0	1	0	1	0	0	1	30	0	0	30	32256	1008	0	0	0	1008
333	218	0	1	0	1	0	0	1	30	0	0	30	32256	1008	0	0	0	1008
333	220	0	1	0	1	0	0	1	30	0	0	30	32256	1008	0	0	0	1008
333	227	0	1	0	1	0	0	1	30	0	0	30	32256	1008	0	0	0	1008
333	229	0	1	0	1	0	0	1	30	0	0	30	32256	1008	0	0	0	1008
333	230	0	1	0	1	0	0	1	30	0	0	30	32256	1008	0	0	0	1008
333	233	0	1	0	1	0	0	1	30	0	0	30	32256	1008	0	0	0	1008
333	234	0	1	0	1	0	0	1	30	0	0	30	32256	1008	0	0	0	1008
333	236	0	1	0	1	0	0	1	30	0	0	30	32256	1008	0	0	0	1008
333	241	0	1	0	1	0	0	1	30	0	0	30	32256	1008	0	0	0	1008
333	242	0	1	0	1	0	0	1	30	0	0	30	32256	1008	0	0	0	1008
333	244	0	1	0	1	0	0	1	30	0	0	30	32256	1008	0	0	0	1008
333	248	0	1	0	1	0	0	1	30	0	0	30	32256	1008	0	0	0	1008
333	271	0	1	0	1	0	0	1	30	0	0	30	32256	1008	0	0	0	1008
333	279	0	1	0	1	0	0	1	30	0	0	30	32256	1008	0	0	0	1008
333	283	0	1	0	1	0	0	1	30	0	0	30	32256	1008	0	0	0	1008
333	285	0	1	0	1	0	0	1	30	0	0	30	32256	1008	0	0	0	1008
333	286	0	1	0	1	0	0	1	30	0	0	30	32256	1008	0	0	0	1008
333	295	0	1	0	1	0	0	1	30	0	0	30	32256	1008	0	0	0	1008
333	299	0	1	0	1	0	0	1	30	0	0	30	32256	1008	0	0	0	1008
333	301	0	1	0	1	0	0	1	30	0	0	30	32256	1008	0	0	0	1008
333	302	0	1	0	1	0	0	1	30	0	0	30	32256	1008	0	0	0	1008
333	307	0	1	0	1	0	0	1	30	0	0	30	32256	1008	0	0	0	1008
333	309	0	1	0	1	0	0	1	30	0	0	30	32256	1008	0	0	0	1008
333	310	0	1	0	1	0	0	1	30	0	0	30	32256	1008	0	0	0	1008
333	313	0	1	0	1	0	0	1	30	0	0	30	32256	1008	0	0	0	1008
333	314	0	1	0	1	0	0	1	30	0	0	30	32256	1008	0	0	0	1008
333	316	0	1	0	1	0	0	1	30	0	0	30	32256	1008	0	0	0	1008
333	327	0	1	0	1	0	0	1	30	0	0	30	32256	1008	0	0	0	1008
333	331	0	1	0	1	0	0	1	30	0	0	30	32256	1008	0	0	0	1008
333	333	0	1	0	1	0	0	1	30	0	0	30	32256	1008	0	0	0	1008
333	334	0	1	0	1	0	0	1	30	0	0	30	32256	1008	0	0	0	1008
333	339	0	1	0	1	0	0	1	30	0	0	30	32256	1008	0	0	0	1008
333	341	0	1	0	1	0	0	1	30	0	0	30	32256	1008	0	0	0	1008
333	342	0	1	0	1	0	0	1	30	0	0	30	32256	1008	0	0	0	1008
333	345	0	1	0	1	0	0	1	30	0	0	30	32256	1008	0	0	0	1008
333	346	0	1	0	1	0	0	1	30	0	0	30	32256	1008	0	0	0	1008
333	348	0	1	0	1	0	0	1	30	0	0	30	32256	1008	0	0	0	1008
333	355	0	1	0	1	0	0	1	30	0	0	30	32256	1008	0	0	0	1008
333	357	0	1	0	1	0	0	1	30	0	0	30	32256	1008	0	0	0	1008
333	358	0	1	0	1	0	0	1	30	0	0	30	32256	1008	0	0	0	1008
333	361	0	1	0	1	0	0	1	30	0	0	30	32256	1008	0	0	0	1008
333	362	0	1	0	1	0	0	1	30	0	0	30	32256	1008	0	0	0	1008
333	364	0	1	0	1	0	0	1	30	0	0	30	32256	1008	0	0	0	1008
333	369	0	1	0	1	0	0	1	30	0	0	30	32256	1008	0	0	0	1008
333	370	0	1	0	1	0	0	1	30	0	0	30	32256	1008	0	0	0	1008
333	372	0	1	0	1	0	0	1	30	0	0	30	32256	1008	0	0	0	1008
333	376	0	1	0	1	0	0	1	30	0	0	30	32256	1008	0	0	0	1008
333	391	0	1	0	1	0	0	1	30	0	0	30	32256	1008	0	0	0	1008
333	395	0	1	0	1	0	0	1	30	0	0	30	32256	1008	0	0	0	1008
333	397	0	1	0	1	0	0	1	30	0	0	30	32256	1008	0	0	0	1008
333	398	0	1	0	1	0	0	1	30	0	0	30	32256	1008	0	0	0	1008
333	403	0	1	0	1	0	0	1	30	0	0	30	32256	1008	0	0	0	1008
333	405	0	1	0	1	0	0	1	30	0	0	30	32256	1008	0	0	0	1008
333	406	0	1	0	1	0	0	1	30	0	0	30	32256	1008	0	0	0	1008
333	409	0	1	0	1	0	0	1	30	0	0	30	32256	1008	0	0	0	1008
333	410	0	1	0	1	0	0	1	30	0	0	30	32256	1008	0	0	0	1008
333	412	0	1	0	1	0	0	1	30	0	0	30	32256	1008	0	0	0	1008
333	419	0	1	0	1	0	0	1	30	0	0	30	32256	1008	0	0	0	1008
333	421	0	1	0	1	0	0	1	30	0	0	30	32256	1008	0	0	0	1008
333	422	0	1	0	1	0	0	1	30	0	0	30	32256	1008	0	0	0	1008
333	425	0	1	0	1	0	0	1	30	0	0	30	32256	1008	0	0	0	1008
333	426	0	1	0	1	0	0	1	30	0	0	30	32256	1008	0	0	0	1008
333	428	0	1	0	1	0	0	1	30	0	0	30	32256	1008	0	0	0	1008
333	433	0	1	0	1	0	0	1	30	0	0	30	32256	1008	0	0	0	1008
333	434	0	1	0	1	0	0	1	30	0	0	30	32256	1008	0	0	0	1008
333	436	0	1	0	1	0	0	1	30	0	0	30	32256	1008	0	0	0	1008
333	440	0	1	0	1	0	0	1	30	0	0	30	32256	1008	0	0	0	1008
333	451	0	1	0	1	0	0	1	30	0	0	30	32256	1008	0	0	0	1008
333	453	0	1	0	1	0	0	1	30	0	0	30	32256	1008	0	0	0	1008
333	454	0	1	0	1	0	0	1	30	0	0	30	32256	1008	0	0	0	1008
333	457	0	1	0	1	0	0	1	30	0	0	30	32256	1008	0	0	0	1008
333	458	0	1	0	1	0	0	1	30	0	0	30	32256	1008	0	0	0	1008
333	460	0	1	0	1	0	0	1	30	0	0	30	32256	1008	0	0	0	1008
333	465	0	1	0	1	0	0	1	30	0	0	30	32256	1008	0	0	0	1008
333	466	0	1	0	1	0	0	1	30	0	0	30	32256	1008	0	0	0	1008
333	468	0	1	0	1	0	0	1	30	0	0	30	32256	1008	0	0	0	1008
333	472	0	1	0	1	0	0	1	30	0	0	30	32256	1008	0	0	0	1008
333	481	0	1	0	1	0	0	1	30	0	0	30	32256	1008	0	0	0	1008
333	482	0	1	0	1	0	0	1	30	0	0	30	32256	1008	0	0	0	1008
333	484	0	1	0	1	0	0	1	30	0	0	30	32256	1008	0	0	0	1008
333	488	0	1	0	1	0	0	1	30	0	0	30	32256	1008	0	0	0	1008
333	496	0	1	0	1	0	0	1	30	0	0	30	32256	1008	0	0	0	1008
333	527	0	1	0	1	0	0	1	25	75	4	33	32256	992	0	0	0	992
333	535	0	1	0	1	0	0	1	25	75	4	33	32256	992	0	0	0	992
333	539	0	1	0	1	0	0	1	25	75	4	33	32256	992	0	0	0	992
333	541	0	1	0	1	0	0	1	25	75	4	33	32256	992	0	0	0	992
333	542	0	1	0	1	0	0	1	25	75	4	33	32256	992	0	0	0	992
333	551	0	1	0	1	0	0	1	25	75	4	33	32256	992	0	0	0	992
333	555	0	1	0	1	0	0	1	25	75	4	33	32256	992	0	0	0	992
333	557	0	1	0	1	0	0	1	25	75	4	33	32256	992	0	0	0	992
333	558	0	1	0	1	0	0	1	25	75	4	33	32256	992	0	0	0	992
333	563	0	1	0	1	0	0	1	25	75	4	33	32256	992	0	0	0	992
333	565	0	1	0	1	0	0	1	25	75	4	33	32256	992	0	0	0	992
333	566	0	1	0	1	0	0	1	25	75	4	33	32256	992	0	0	0	992
333	569	0	1	0	1	0	0	1	25	75	4	33	32256	992	0	0	0	992
333	570	0	1	0	1	0	0	1	25	75	4	33	32256	992	0	0	0	992
333	572	0	1	0	1	0	0	1	25	75	4	33	32256	992	0	0	0	992
333	583	0	1	0	1	0	0	1	25	75	4	33	32256	992	0	0	0	992
333	587	0	1	0	1	0	0	1	25	75	4	33	32256	992	0	0	0	992
333	589	0	1	0	1	0	0	1	25	75	4	33	32256	992	0	0	0	992
333	590	0	1	0	1	0	0	1	25	75	4	33	32256	992	0	0	0	992
333	595	0	1	0	1	0	0	1	25	75	4	33	32256	992	0	0	0	992
333	597	0	1	0	1	0	0	1	25	75	4	33	32256	992	0	0	0	992
333	598	0	1	0	1	0	0	1	25	75	4	33	32256	992	0	0	0	992
333	601	0	1	0	1	0	0	1	25	75	4	33	32256	992	0	0	0	992
333	602	0	1	0	1	0	0	1	25	75	4	33	32256	992	0	0	0	992
333	604	0	1	0	1	0	0	1	25	75	4	33	32256	992	0	0	0	992
333	611	0	1	0	1	0	0	1	25	75	4	33	32256	992	0	0	0	992
333	613	0	1	0	1	0	0	1	25	75	4	33	32256	992	0	0	0	992
333	614	0	1	0	1	0	0	1	25	75	4	33	32256	992	0	0	0	992
333	617	0	1	0	1	0	0	1	25	75	4	33	32256	992	0	0	0	992
333	618	0	1	0	1	0	0	1	25	75	4	33	32256	992	0	0	0	992
333	620	0	1	0	1	0	0	1	25	75	4	33	32256	992	0	0	0	992
333	625	0	1	0	1	0	0	1	25	75	4	33	32256	992	0	0	0	992
333	626	0	1	0	1	0	0	1	25	75	4	33	32256	992	0	0	0	992
333	628	0	1	0	1	0	0	1	25	75	4	33	32256	992	0	0	0	992
333	632	0	1	0	1	0	0	1	25	75	4	33	32256	992	0	0	0	992
333	647	0	1	0	1	0	0	1	25	75	4	33	32256	992	0	0	0	992
333	651	0	1	0	1	0	0	1	25	75	4	33	32256	992	0	0	0	992
333	653	0	1	0	1	0	0	1	25	75	4	33	32256	992	0	0	0	992
333	654	0	1	0	1	0	0	1	25	75	4	33	32256	992	0	0	0	992
333	659	0	1	0	1	0	0	1	25	75	4	33	32256	992	0	0	0	992
333	661	0	1	0	1	0	0	1	25	75	4	33	32256	992	0	0	0	992
333	662	0	1	0	1	0	0	1	25	75	4	33	32256	992	0	0	0	992
333	665	0	1	0	1	0	0	1	25	75	4	33	32256	992	0	0	0	992
333	666	0	1	0	1	0	0	1	25	75	4	33	32256	992	0	0	0	992
333	668	0	1	0	1	0	0	1	25	75	4	33	32256	992	0	0	0	992
333	675	0	1	0	1	0	0	1	25	75	4	33	32256	992	0	0	0	992
333	677	0	1	0	1	0	0	1	25	75	4	33	32256	992	0	0	0	992
333	678	0	1	0	1	0	0	1	25	75	4	33	32256	992	0	0	0	992
333	681	0	1	0	1	0	0	1	25	75	4	33	32256	992	0	0	0	992
333	682	0	1	0	1	0	0	1	25	75	4	33	32256	992	0	0	0	992
333	684	0	1	0	1	0	0	1	25	75	4	33	32256	992	0	0	0	992
333	689	0	1	0	1	0	0	1	25	75	4	33	32256	992	0	0	0	992
333	690	0	1	0	1	0	0	1	25	75	4	33	32256	992	0	0	0	992
333	692	0	1	0	1	0	0	1	25	75	4	33	32256	992	0	0	0	992
333	696	0	1	0	1	0	0	1	25	75	4	33	32256	992	0	0	0	992
333	707	0	1	0	1	0	0	1	25	75	4	33	32256	992	0	0	0	992
333	709	0	1	0	1	0	0	1	25	75	4	33	32256	992	0	0	0	992
333	710	0	1	0	1	0	0	1	25	75	4	33	32256	992	0	0	0	992
333	713	0	1	0	1	0	0	1	25	75	4	33	32256	992	0	0	0	992
333	714	0	1	0	1	0	0	1	25	75	4	33	32256	992	0	0	0	992
333	716	0	1	0	1	0	0	1	25	75	4	33	32256	992	0	0	0	992
333	721	0	1	0	1	0	0	1	25	75	4	33	32256	992	0	0	0	992
333	722	0	1	0	1	0	0	1	25	75	4	33	32256	992	0	0	0	992
333	724	0	1	0	1	0	0	1	25	75	4	33	32256	992	0	0	0	992
333	728	0	1	0	1	0	0	1	25	75	4	33	32256	992	0	0	0	992
333	737	0	1	0	1	0	0	1	25	75	4	33	32256	992	0	0	0	992
333	738	0	1	0	1	0	0	1	25	75	4	33	32256	992	0	0	0	992
333	740	0	1	0	1	0	0	1	25	75	4	33	32256	992	0	0	0	992
333	744	0	1	0	1	0	0	1	25	75	4	33	32256	992	0	0	0	992
333	752	0	1	0	1	0	0	1	25	75	4	33	32256	992	0	0	0	992
333	775	0	1	0	1	0	0	1	25	75	4	33	32256	992	0	0	0	992
333	779	0	1	0	1	0	0	1	25	75	4	33	32256	992	0	0	0	992
333	781	0	1	0	1	0	0	1	25	75	4	33	32256	992	0	0	0	992
333	782	0	1	0	1	0	0	1	25	75	4	33	32256	992	0	0	0	992
333	787	0	1	0	1	0	0	1	25	75	4	33	32256	992	0	0	0	992
333	789	0	1	0	1	0	0	1	25	75	4	33	32256	992	0	0	0	992
333	790	0	1	0	1	0	0	1	25	75	4	33	32256	992	0	0	0	992
333	793	0	1	0	1	0	0	1	25	75	4	33	32256	992	0	0	0	992
333	794	0	1	0	1	0	0	1	25	75	4	33	32256	992	0	0	0	992
333	796	0	1	0	1	0	0	1	25	75	4	33	32256	992	0	0	0	992
333	803	0	1	0	1	0	0	1	25	75	4	33	32256	992	0	0	0	992
333	805	0	1	0	1	0	0	1	25	75	4	33	32256	992	0	0	0	992
333	806	0	1	0	1	0	0	1	25	75	4	33	32256	992	0	0	0	992
333	809	0	1	0	1	0	0	1	25	75	4	33	32256	992	0	0	0	992
333	810	0	1	0	1	0	0	1	25	75	4	33	32256	992	0	0	0	992
333	812	0	1	0	1	0	0	1	25	75	4	33	32256	992	0	0	0	992
333	817	0	1	0	1	0	0	1	25	75	4	33	32256	992	0	0	0	992
333	818	0	1	0	1	0	0	1	25	75	4	33	32256	992	0	0	0	992
333	820	0	1	0	1	0	0	1	25	75	4	33	32256	992	0	0	0	992
333	824	0	1	0	1	0	0	1	25	75	4	33	32256	992	0	0	0	992
333	835	0	1	0	1	0	0	1	25	75	4	33	32256	992	0	0	0	992
333	837	0	1	0	1	0	0	1	25	75	4	33	32256	992	0	0	0	992
333	838	0	1	0	1	0	0	1	25	75	4	33	32256	992	0	0	0	992
333	841	0	1	0	1	0	0	1	25	75	4	33	32256	992	0	0	0	992
333	842	0	1	0	1	0	0	1	25	75	4	33	32256	992	0	0	0	992
333	844	0	1	0	1	0	0	1	25	75	4	33	32256	992	0	0	0	992
333	849	0	1	0	1	0	0	1	25	75	4	33	32256	992	0	0	0	992
333	850	0	1	0	1	0	0	1	25	75	4	33	32256	992	0	0	0	992
333	852	0	1	0	1	0	0	1	25	75	4	33	32256	992	0	0	0	992
333	856	0	1	0	1	0	0	1	25	75	4	33	32256	992	0	0	0	992
333	865	0	1	0	1	0	0	1	25	75	4	33	32256	992	0	0	0	992
333	866	0	1	0	1	0	0	1	25	75	4	33	32256	992	0	0	0	992
333	868	0	1	0	1	0	0	1	25	75	4	33	32256	992	0	0	0	992
333	872	0	1	0	1	0	0	1	25	75	4	33	32256	992	0	0	0	992
333	880	0	1	0	1	0	0	1	25	75	4	33	32256	992	0	0	0	992
333	899	0	1	0	1	0	0	1	25	75	4	33	32256	992	0	0	0	992
333	901	0	1	0	1	0	0	1	25	75	4	33	32256	992	0	0	0	992
333	902	0	1	0	1	0	0	1	25	75	4	33	32256	992	0	0	0	992
333	905	0	1	0	1	0	0	1	25	75	4	33	32256	992	0	0	0	992
333	906	0	1	0	1	0	0	1	25	75	4	33	32256	992	0	0	0	992
333	908	0	1	0	1	0	0	1	25	75	4	33	32256	992	0	0	0	992
333	913	0	1	0	1	0	0	1	25	75	4	33	32256	992	0	0	0	992
333	914	0	1	0	1	0	0	1	25	75	4	33	32256	992	0	0	0	992
333	916	0	1	0	1	0	0	1	25	75	4	33	32256	992	0	0	0	992
333	920	0	1	0	1	0	0	1	25	75	4	33	32256	992	0	0	0	992
333	929	0	1	0	1	0	0	1	25	75	4	33	32256	992	0	0	0	992
333	930	0	1	0	1	0	0	1	25	75	4	33	32256	992	0	0	0	992
333	932	0	1	0	1	0	0	1	25	75	4	33	32256	992	0	0	0	992
333	936	0	1	0	1	0	0	1	25	75	4	33	32256	992	0	0	0	992
333	944	0	1	0	1	0	0	1	25	75	4	33	32256	992	0	0	0	992
333	961	0	1	0	1	0	0	1	25	75	4	33	32256	992	0	0	0	992
333	962	0	1	0	1	0	0	1	25	75	4	33	32256	992	0	0	0	992
333	964	0	1	0	1	0	0	1	25	75	4	33	32256	992	0	0	0	992
333	968	0	1	0	1	0	0	1	25	75	4	33	32256	992	0	0	0	992
333	976	0	1	0	1	0	0	1	25	75	4	33	32256	992	0	0	0	992
333	992	0	1	0	1	0	0	1	25	75	4	33	32256	992	0	0	0	992
333	1039	0	1	0	1	0	0	1	25	75	4	33	32256	992	0	0	0	992
333	1047	0	1	0	1	0	0	1	25	75	4	33	32256	992	0	0	0	992
333	1051	0	1	0	1	0	0	1	25	75	4	33	32256	992	0	0	0	992
333	1053	0	1	0	1	0	0	1	25	75	4	33	32256	992	0	0	0	992
333	1054	0	1	0	1	0	0	1	25	75	4	33	32256	992	0	0	0	992
333	1063	0	1	0	1	0	0	1	25	75	4	33	32256	992	0	0	0	992
333	1067	0	1	0	1	0	0	1	25	75	4	33	32256	992	0	0	0	992
333	1069	0	1	0	1	0	0	1	25	75	4	33	32256	992	0	0	0	992
333	1070	0	1	0	1	0	0	1	25	75	4	33	32256	992	0	0	0	992
333	1075	0	1	0	1	0	0	1	25	75	4	33	32256	992	0	0	0	992
333	1077	0	1	0	1	0	0	1	25	75	4	33	32256	992	0	0	0	992
333	1078	0	1	0	1	0	0	1	25	75	4	33	32256	992	0	0	0	992
333	1081	0	1	0	1	0	0	1	25	75	4	33	32256	992	0	0	0	992
333	1082	0	1	0	1	0	0	1	25	75	4	33	32256	992	0	0	0	992
333	1084	0	1	0	1	0	0	1	25	75	4	33	32256	992	0	0	0	992
333	1095	0	1	0	1	0	0	1	25	75	4	33	32256	992	0	0	0	992
333	1099	0	1	0	1	0	0	1	25	75	4	33	32256	992	0	0	0	992
333	1101	0	1	0	1	0	0	1	25	75	4	33	32256	992	0	0	0	992
333	1102	0	1	0	1	0	0	1	25	75	4	33	32256	992	0	0	0	992
333	1107	0	1	0	1	0	0	1	25	75	4	33	32256	992	0	0	0	992
333	1109	0	1	0	1	0	0	1	25	75	4	33	32256	992	0	0	0	992
333	1110	0	1	0	1	0	0	1	25	75	4	33	32256	992	0	0	0	992
333	1113	0	1	0	1	0	0	1	25	75	4	33	32256	992	0	0	0	992
333	1114	0	1	0	1	0	0	1	25	75	4	33	32256	992	0	0	0	992
333	1116	0	1	0	1	0	0	1	25	75	4	33	32256	992	0	0	0	992
333	1123	0	1	0	1	0	0	1	25	75	4	33	32256	992	0	0	0	992
333	1125	0	1	0	1	0	0	1	25	75	4	33	32256	992	0	0	0	992
333	1126	0	1	0	1	0	0	1	25	75	4	33	32256	992	0	0	0	992
333	1129	0	1	0	1	0	0	1	25	75	4	33	32256	992	0	0	0	992
333	1130	0	1	0	1	0	0	1	25	75	4	33	32256	992	0	0	0	992
333	1132	0	1	0	1	0	0	1	25	75	4	33	32256	992	0	0	0	992
333	1137	0	1	0	1	0	0	1	25	75	4	33	32256	992	0	0	0	992
333	1138	0	1	0	1	0	0	1	25	75	4	33	32256	992	0	0	0	992
333	1140	0	1	0	1	0	0	1	25	75	4	33	32256	992	0	0	0	992
333	1144	0	1	0	1	0	0	1	25	75	4	33	32256	992	0	0	0	992
333	1159	0	1	0	1	0	0	1	25	75	4	33	32256	992	0	0	0	992
333	1163	0	1	0	1	0	0	1	25	75	4	33	32256	992	0	0	0	992
333	1165	0	1	0	1	0	0	1	25	75	4	33	32256	992	0	0	0	992
333	1166	0	1	0	1	0	0	1	25	75	4	33	32256	992	0	0	0	992
333	1171	0	1	0	1	0	0	1	25	75	4	33	32256	992	0	0	0	992
333	1173	0	1	0	1	0	0	1	25	75	4	33	32256	992	0	0	0	992
333	1174	0	1	0	1	0	0	1	25	75	4	33	32256	992	0	0	0	992
333	1177	0	1	0	1	0	0	1	25	75	4	33	32256	992	0	0	0	992
333	1178	0	1	0	1	0	0	1	25	75	4	33	32256	992	0	0	0	992
333	1180	0	1	0	1	0	0	1	25	75	4	33	32256	992	0	0	0	992
333	1187	0	1	0	1	0	0	1	25	75	4	33	32256	992	0	0	0	992
333	1189	0	1	0	1	0	0	1	25	75	4	33	32256	992	0	0	0	992
333	1190	0	1	0	1	0	0	1	25	75	4	33	32256	992	0	0	0	992
333	1193	0	1	0	1	0	0	1	25	75	4	33	32256	992	0	0	0	992
333	1194	0	1	0	1	0	0	1	25	75	4	33	32256	992	0	0	0	992
333	1196	0	1	0	1	0	0	1	25	75	4	33	32256	992	0	0	0	992
333	1201	0	1	0	1	0	0	1	25	75	4	33	32256	992	0	0	0	992
333	1202	0	1	0	1	0	0	1	25	75	4	33	32256	992	0	0	0	992
333	1204	0	1	0	1	0	0	1	25	75	4	33	32256	992	0	0	0	992
333	1208	0	1	0	1	0	0	1	25	75	4	33	32256	992	0	0	0	992
333	1219	0	1	0	1	0	0	1	25	75	4	33	32256	992	0	0	0	992
333	1221	0	1	0	1	0	0	1	25	75	4	33	32256	992	0	0	0	992
333	1222	0	1	0	1	0	0	1	25	75	4	33	32256	992	0	0	0	992
333	1225	0	1	0	1	0	0	1	25	75	4	33	32256	992	0	0	0	992
333	1226	0	1	0	1	0	0	1	25	75	4	33	32256	992	0	0	0	992
333	1228	0	1	0	1	0	0	1	25	75	4	33	32256	992	0	0	0	992
333	1233	0	1	0	1	0	0	1	25	75	4	33	32256	992	0	0	0	992
333	1234	0	1	0	1	0	0	1	25	75	4	33	32256	992	0	0	0	992
333	1236	0	1	0	1	0	0	1	25	75	4	33	32256	992	0	0	0	992
333	1240	0	1	0	1	0	0	1	25	75	4	33	32256	992	0	0	0	992
333	1249	0	1	0	1	0	0	1	25	75	4	33	32256	992	0	0	0	992
333	1250	0	1	0	1	0	0	1	25	75	4	33	32256	992	0	0	0	992
333	1252	0	1	0	1	0	0	1	25	75	4	33	32256	992	0	0	0	992
333	1256	0	1	0	1	0	0	1	25	75	4	33	32256	992	0	0	0	992
333	1264	0	1	0	1	0	0	1	25	75	4	33	32256	992	0	0	0	992
333	1287	0	1	0	1	0	0	1	25	75	4	33	32256	992	0	0	0	992
333	1291	0	1	0	1	0	0	1	25	75	4	33	32256	992	0	0	0	992
333	1293	0	1	0	1	0	0	1	25	75	4	33	32256	992	0	0	0	992
333	1294	0	1	0	1	0	0	1	25	75	4	33	32256	992	0	0	0	992
333	1299	0	1	0	1	0	0	1	25	75	4	33	32256	992	0	0	0	992
333	1301	0	1	0	1	0	0	1	25	75	4	33	32256	992	0	0	0	992
333	1302	0	1	0	1	0	0	1	25	75	4	33	32256	992	0	0	0	992
333	1305	0	1	0	1	0	0	1	25	75	4	33	32256	992	0	0	0	992
333	1306	0	1	0	1	0	0	1	25	75	4	33	32256	992	0	0	0	992
333	1308	0	1	0	1	0	0	1	25	75	4	33	32256	992	0	0	0	992
333	1315	0	1	0	1	0	0	1	25	75	4	33	32256	992	0	0	0	992
333	1317	0	1	0	1	0	0	1	25	75	4	33	32256	992	0	0	0	992
333	1318	0	1	0	1	0	0	1	25	75	4	33	32256	992	0	0	0	992
333	1321	0	1	0	1	0	0	1	25	75	4	33	32256	992	0	0	0	992
333	1322	0	1	0	1	0	0	1	25	75	4	33	32256	992	0	0	0	992
333	1324	0	1	0	1	0	0	1	25	75	4	33	32256	992	0	0	0	992
333	1329	0	1	0	1	0	0	1	25	75	4	33	32256	992	0	0	0	992
333	1330	0	1	0	1	0	0	1	25	75	4	33	32256	992	0	0	0	992
333	1332	0	1	0	1	0	0	1	25	75	4	33	32256	992	0	0	0	992
333	1336	0	1	0	1	0	0	1	25	75	4	33	32256	992	0	0	0	992
333	1347	0	1	0	1	0	0	1	25	75	4	33	32256	992	0	0	0	992
333	1349	0	1	0	1	0	0	1	25	75	4	33	32256	992	0	0	0	992
333	1350	0	1	0	1	0	0	1	25	75	4	33	32256	992	0	0	0	992
333	1353	0	1	0	1	0	0	1	25	75	4	33	32256	992	0	0	0	992
333	1354	0	1	0	1	0	0	1	25	75	4	33	32256	992	0	0	0	992
333	1356	0	1	0	1	0	0	1	25	75	4	33	32256	992	0	0	0	992
333	1361	0	1	0	1	0	0	1	25	75	4	33	32256	992	0	0	0	992
333	1362	0	1	0	1	0	0	1	25	75	4	33	32256	992	0	0	0	992
333	1364	0	1	0	1	0	0	1	25	75	4	33	32256	992	0	0	0	992
333	1368	0	1	0	1	0	0	1	25	75	4	33	32256	992	0	0	0	992
333	1377	0	1	0	1	0	0	1	25	75	4	33	32256	992	0	0	0	992
333	1378	0	1	0	1	0	0	1	25	75	4	33	32256	992	0	0	0	992
333	1380	0	1	0	1	0	0	1	25	75	4	33	32256	992	0	0	0	992
333	1384	0	1	0	1	0	0	1	25	75	4	33	32256	992	0	0	0	992
333	1392	0	1	0	1	0	0	1	25	75	4	33	32256	992	0	0	0	992
333	1411	0	1	0	1	0	0	1	25	75	4	33	32256	992	0	0	0	992
333	1413	0	1	0	1	0	0	1	25	75	4	33	32256	992	0	0	0	992
333	1414	0	1	0	1	0	0	1	25	75	4	33	32256	992	0	0	0	992
333	1417	0	1	0	1	0	0	1	25	75	4	33	32256	992	0	0	0	992
333	1418	0	1	0	1	0	0	1	25	75	4	33	32256	992	0	0	0	992
333	1420	0	1	0	1	0	0	1	25	75	4	33	32256	992	0	0	0	992
333	1425	0	1	0	1	0	0	1	25	75	4	33	32256	992	0	0	0	992
333	1426	0	1	0	1	0	0	1	25	75	4	33	32256	992	0	0	0	992
333	1428	0	1	0	1	0	0	1	25	75	4	33	32256	992	0	0	0	992
333	1432	0	1	0	1	0	0	1	25	75	4	33	32256	992	0	0	0	992
333	1441	0	1	0	1	0	0	1	25	75	4	33	32256	992	0	0	0	992
333	1442	0	1	0	1	0	0	1	25	75	4	33	32256	992	0	0	0	992
333	1444	0	1	0	1	0	0	1	25	75	4	33	32256	992	0	0	0	992
333	1448	0	1	0	1	0	0	1	25	75	4	33	32256	992	0	0	0	992
333	1456	0	1	0	1	0	0	1	25	75	4	33	32256	992	0	0	0	992
333	1473	0	1	0	1	0	0	1	25	75	4	33	32256	992	0	0	0	992
333	1474	0	1	0	1	0	0	1	25	75	4	33	32256	992	0	0	0	992
333	1476	0	1	0	1	0	0	1	25	75	4	33	32256	992	0	0	0	992
333	1480	0	1	0	1	0	0	1	25	75	4	33	32256	992	0	0	0	992
333	1488	0	1	0	1	0	0	1	25	75	4	33	32256	992	0	0	0	992
333	1504	0	1	0	1	0	0	1	25	75	4	33	32256	992	0	0	0	992
333	1543	0	1	0	1	0	0	1	24	222	6	36	32256	960	0	0	0	960
333	1547	0	1	0	1	0	0	1	24	222	6	36	32256	960	0	0	0	960
333	1549	0	1	0	1	0	0	1	24	222	6	36	32256	960	0	0	0	960
333	1550	0	1	0	1	0	0	1	24	222	6	36	32256	960	0	0	0	960
333	1555	0	1	0	1	0	0	1	24	222	6	36	32256	960	0	0	0	960
333	1557	0	1	0	1	0	0	1	24	222	6	36	32256	960	0	0	0	960
333	1558	0	1	0	1	0	0	1	24	222	6	36	32256	960	0	0	0	960
333	1561	0	1	0	1	0	0	1	24	222	6	36	32256	960	0	0	0	960
333	1562	0	1	0	1	0	0	1	24	222	6	36	32256	960	0	0	0	960
333	1564	0	1	0	1	0	0	1	24	222	6	36	32256	960	0	0	0	960
333	1571	0	1	0	1	0	0	1	24	222	6	36	32256	960	0	0	0	960
333	1573	0	1	0	1	0	0	1	24	222	6	36	32256	960	0	0	0	960
333	1574	0	1	0	1	0	0	1	24	222	6	36	32256	960	0	0	0	960
333	1577	0	1	0	1	0	0	1	24	222	6	36	32256	960	0	0	0	960
333	1578	0	1	0	1	0	0	1	24	222	6	36	32256	960	0	0	0	960
333	1580	0	1	0	1	0	0	1	24	222	6	36	32256	960	0	0	0	960
333	1585	0	1	0	1	0	0	1	24	222	6	36	32256	960	0	0	0	960
333	1586	0	1	0	1	0	0	1	24	222	6	36	32256	960	0	0	0	960
333	1588	0	1	0	1	0	0	1	24	222	6	36	32256	960	0	0	0	960
333	1592	0	1	0	1	0	0	1	24	222	6	36	32256	960	0	0	0	960
333	1603	0	1	0	1	0	0	1	24	222	6	36	32256	960	0	0	0	960
333	1605	0	1	0	1	0	0	1	24	222	6	36	32256	960	0	0	0	960
333	1606	0	1	0	1	0	0	1	24	222	6	36	32256	960	0	0	0	960
333	1609	0	1	0	1	0	0	1	24	222	6	36	32256	960	0	0	0	960
333	1610	0	1	0	1	0	0	1	24	222	6	36	32256	960	0	0	0	960
333	1612	0	1	0	1	0	0	1	24	222	6	36	32256	960	0	0	0	960
333	1617	0	1	0	1	0	0	1	24	222	6	36	32256	960	0	0	0	960
333	1618	0	1	0	1	0	0	1	24	222	6	36	32256	960	0	0	0	960
333	1620	0	1	0	1	0	0	1	24	222	6	36	32256	960	0	0	0	960
333	1624	0	1	0	1	0	0	1	24	222	6	36	32256	960	0	0	0	960
333	1633	0	1	0	1	0	0	1	24	222	6	36	32256	960	0	0	0	960
333	1634	0	1	0	1	0	0	1	24	222	6	36	32256	960	0	0	0	960
333	1636	0	1	0	1	0	0	1	24	222	6	36	32256	960	0	0	0	960
333	1640	0	1	0	1	0	0	1	24	222	6	36	32256	960	0	0	0	960
333	1648	0	1	0	1	0	0	1	24	222	6	36	32256	960	0	0	0	960
333	1667	0	1	0	1	0	0	1	24	222	6	36	32256	960	0	0	0	960
333	1669	0	1	0	1	0	0	1	24	222	6	36	32256	960	0	0	0	960
333	1670	0	1	0	1	0	0	1	24	222	6	36	32256	960	0	0	0	960
333	1673	0	1	0	1	0	0	1	24	222	6	36	32256	960	0	0	0	960
333	1674	0	1	0	1	0	0	1	24	222	6	36	32256	960	0	0	0	960
333	1676	0	1	0	1	0	0	1	24	222	6	36	32256	960	0	0	0	960
333	1681	0	1	0	1	0	0	1	24	222	6	36	32256	960	0	0	0	960
333	1682	0	1	0	1	0	0	1	24	222	6	36	32256	960	0	0	0	960
333	1684	0	1	0	1	0	0	1	24	222	6	36	32256	960	0	0	0	960
333	1688	0	1	0	1	0	0	1	24	222	6	36	32256	960	0	0	0	960
333	1697	0	1	0	1	0	0	1	24	222	6	36	32256	960	0	0	0	960
333	1698	0	1	0	1	0	0	1	24	222	6	36	32256	960	0	0	0	960
333	1700	0	1	0	1	0	0	1	24	222	6	36	32256	960	0	0	0	960
333	1704	0	1	0	1	0	0	1	24	222	6	36	32256	960	0	0	0	960
333	1712	0	1	0	1	0	0	1	24	222	6	36	32256	960	0	0	0	960
333	1729	0	1	0	1	0	0	1	24	222	6	36	32256	960	0	0	0	960
333	1730	0	1	0	1	0	0	1	24	222	6	36	32256	960	0	0	0	960
333	1732	0	1	0	1	0	0	1	24	222	6	36	32256	960	0	0	0	960
333	1736	0	1	0	1	0	0	1	24	222	6	36	32256	960	0	0	0	960
333	1744	0	1	0	1	0	0	1	24	222	6	36	32256	960	0	0	0	960
333	1760	0	1	0	1	0	0	1	24	222	6	36	32256	960	0	0	0	960
333	1795	0	1	0	1	0	0	1	24	222	6	36	32256	960	0	0	0	960
333	1797	0	1	0	1	0	0	1	24	222	6	36	32256	960	0	0	0	960
333	1798	0	1	0	1	0	0	1	24	222	6	36	32256	960	0	0	0	960
333	1801	0	1	0	1	0	0	1	24	222	6	36	32256	960	0	0	0	960
333	1802	0	1	0	1	0	0	1	24	222	6	36	32256	960	0	0	0	960
333	1804	0	1	0	1	0	0	1	24	222	6	36	32256	960	0	0	0	960
333	1809	0	1	0	1	0	0	1	24	222	6	36	32256	960	0	0	0	960
333	1810	0	1	0	1	0	0	1	24	222	6	36	32256	960	0	0	0	960
333	1812	0	1	0	1	0	0	1	24	222	6	36	32256	960	0	0	0	960
333	1816	0	1	0	1	0	0	1	24	222	6	36	32256	960	0	0	0	960
333	1825	0	1	0	1	0	0	1	24	222	6	36	32256	960	0	0	0	960
333	1826	0	1	0	1	0	0	1	24	222	6	36	32256	960	0	0	0	960
333	1828	0	1	0	1	0	0	1	24	222	6	36	32256	960	0	0	0	960
333	1832	0	1	0	1	0	0	1	24	222	6	36	32256	960	0	0	0	960
333	1840	0	1	0	1	0	0	1	24	222	6	36	32256	960	0	0	0	960
333	1857	0	1	0	1	0	0	1	24	222	6	36	32256	960	0	0	0	960
333	1858	0	1	0	1	0	0	1	24	222	6	36	32256	960	0	0	0	960
333	1860	0	1	0	1	0	0	1	24	222	6	36	32256	960	0	0	0	960
333	1864	0	1	0	1	0	0	1	24	222	6	36	32256	960	0	0	0	960
333	1872	0	1	0	1	0	0	1	24	222	6	36	32256	960	0	0	0	960
333	1888	0	1	0	1	0	0	1	24	222	6	36	32256	960	0	0	0	960
333	1921	0	1	0	1	0	0	1	24	222	6	36	32256	960	0	0	0	960
333	1922	0	1	0	1	0	0	1	24	222	6	36	32256	960	0	0	0	960
333	1924	0	1	0	1	0	0	1	24	222	6	36	32256	960	0	0	0	960
333	1928	0	1	0	1	0	0	1	24	222	6	36	32256	960	0	0	0	960
333	1936	0	1	0	1	0	0	1	24	222	6	36	32256	960	0	0	0	960
333	1952	0	1	0	1	0	0	1	24	222	6	36	32256	960	0	0	0	960
333	1984	0	1	0	1	0	0	1	24	222	6	36	32256	960	0	0	0	960
333	2063	0	1	0	1	0	0	1	25	75	4	33	32256	992	0	0	0	992
333	2071	0	1	0	1	0	0	1	25	75	4	33	32256	992	0	0	0	992
333	2075	0	1	0	1	0	0	1	25	75	4	33	32256	992	0	0	0	992
333	2077	0	1	0	1	0	0	1	25	75	4	33	32256	992	0	0	0	992
333	2078	0	1	0	1	0	0	1	25	75	4	33	32256	992	0	0	0	992
333	2087	0	1	0	1	0	0	1	25	75	4	33	32256	992	0	0	0	992
333	2091	0	1	0	1	0	0	1	25	75	4	33	32256	992	0	0	0	992
333	2093	0	1	0	1	0	0	1	25	75	4	33	32256	992	0	0	0	992
333	2094	0	1	0	1	0	0	1	25	75	4	33	32256	992	0	0	0	992
333	2099	0	1	0	1	0	0	1	25	75	4	33	32256	992	0	0	0	992
333	2101	0	1	0	1	0	0	1	25	75	4	33	32256	992	0	0	0	992
333	2102	0	1	0	1	0	0	1	25	75	4	33	32256	992	0	0	0	992
333	2105	0	1	0	1	0	0	1	25	75	4	33	32256	992	0	0	0	992
333	2106	0	1	0	1	0	0	1	25	75	4	33	32256	992	0	0	0	992
333	2108	0	1	0	1	0	0	1	25	75	4	33	32256	992	0	0	0	992
333	2119	0	1	0	1	0	0	1	25	75	4	33	32256	992	0	0	0	992
333	2123	0	1	0	1	0	0	1	25	75	4	33	32256	992	0	0	0	992
333	2125	0	1	0	1	0	0	1	25	75	4	33	32256	992	0	0	0	992
333	2126	0	1	0	1	0	0	1	25	75	4	33	32256	992	0	0	0	992
333	2131	0	1	0	1	0	0	1	25	75	4	33	32256	992	0	0	0	992
333	2133	0	1	0	1	0	0	1	25	75	4	33	32256	992	0	0	0	992
333	2134	0	1	0	1	0	0	1	25	75	4	33	32256	992	0	0	0	992
333	2137	0	1	0	1	0	0	1	25	75	4	33	32256	992	0	0	0	992
333	2138	0	1	0	1	0	0	1	25	75	4	33	32256	992	0	0	0	992
333	2140	0	1	0	1	0	0	1	25	75	4	33	32256	992	0	0	0	992
333	2147	0	1	0	1	0	0	1	25	75	4	33	32256	992	0	0	0	992
333	2149	0	1	0	1	0	0	1	25	75	4	33	32256	992	0	0	0	992
333	2150	0	1	0	1	0	0	1	25	75	4	33	32256	992	0	0	0	992
333	2153	0	1	0	1	0	0	1	25	75	4	33	32256	992	0	0	0	992
333	2154	0	1	0	1	0	0	1	25	75	4	33	32256	992	0	0	0	992
333	2156	0	1	0	1	0	0	1	25	75	4	33	32256	992	0	0	0	992
333	2161	0	1	0	1	0	0	1	25	75	4	33	32256	992	0	0	0	992
333	2162	0	1	0	1	0	0	1	25	75	4	33	32256	992	0	0	0	992
333	2164	0	1	0	1	0	0	1	25	75	4	33	32256	992	0	0	0	992
333	2168	0	1	0	1	0	0	1	25	75	4	33	32256	992	0	0	0	992
333	2183	0	1	0	1	0	0	1	25	75	4	33	32256	992	0	0	0	992
333	2187	0	1	0	1	0	0	1	25	75	4	33	32256	992	0	0	0	992
333	2189	0	1	0	1	0	0	1	25	75	4	33	32256	992	0	0	0	992
333	2190	0	1	0	1	0	0	1	25	75	4	33	32256	992	0	0	0	992
333	2195	0	1	0	1	0	0	1	25	75	4	33	32256	992	0	0	0	992
333	2197	0	1	0	1	0	0	1	25	75	4	33	32256	992	0	0	0	992
333	2198	0	1	0	1	0	0	1	25	75	4	33	32256	992	0	0	0	992
333	2201	0	1	0	1	0	0	1	25	75	4	33	32256	992	0	0	0	992
333	2202	0	1	0	1	0	0	1	25	75	4	33	32256	992	0	0	0	992
333	2204	0	1	0	1	0	0	1	25	75	4	33	32256	992	0	0	0	992
333	2211	0	1	0	1	0	0	1	25	75	4	33	32256	992	0	0	0	992
333	2213	0	1	0	1	0	0	1	25	75	4	33	32256	992	0	0	0	992
333	2214	0	1	0	1	0	0	1	25	75	4	33	32256	992	0	0	0	992
333	2217	0	1	0	1	0	0	1	25	75	4	33	32256	992	0	0	0	992
333	2218	0	1	0	1	0	0	1	25	75	4	33	32256	992	0	0	0	992
333	2220	0	1	0	1	0	0	1	25	75	4	33	32256	992	0	0	0	992
333	2225	0	1	0	1	0	0	1	25	75	4	33	32256	992	0	0	0	992
333	2226	0	1	0	1	0	0	1	25	75	4	33	32256	992	0	0	0	992
333	2228	0	1	0	1	0	0	1	25	75	4	33	32256	992	0	0	0	992
333	2232	0	1	0	1	0	0	1	25	75	4	33	32256	992	0	0	0	992
333	2243	0	1	0	1	0	0	1	25	75	4	33	32256	992	0	0	0	992
333	2245	0	1	0	1	0	0	1	25	75	4	33	32256	992	0	0	0	992
333	2246	0	1	0	1	0	0	1	25	75	4	33	32256	992	0	0	0	992
333	2249	0	1	0	1	0	0	1	25	75	4	33	32256	992	0	0	0	992
333	2250	0	1	0	1	0	0	1	25	75	4	33	32256	992	0	0	0	992
333	2252	0	1	0	1	0	0	1	25	75	4	33	32256	992	0	0	0	992
333	2257	0	1	0	1	0	0	1	25	75	4	33	32256	992	0	0	0	992
333	2258	0	1	0	1	0	0	1	25	75	4	33	32256	992	0	0	0	992
333	2260	0	1	0	1	0	0	1	25	75	4	33	32256	992	0	0	0	992
333	2264	0	1	0	1	0	0	1	25	75	4	33	32256	992	0	0	0	992
333	2273	0	1	0	1	0	0	1	25	75	4	33	32256	992	0	0	0	992
333	2274	0	1	0	1	0	0	1	25	75	4	33	32256	992	0	0	0	992
333	2276	0	1	0	1	0	0	1	25	75	4	33	32256	992	0	0	0	992
333	2280	0	1	0	1	0	0	1	25	75	4	33	32256	992	0	0	0	992
333	2288	0	1	0	1	0	0	1	25	75	4	33	32256	992	0	0	0	992
333	2311	0	1	0	1	0	0	1	25	75	4	33	32256	992	0	0	0	992
333	2315	0	1	0	1	0	0	1	25	75	4	33	32256	992	0	0	0	992
333	2317	0	1	0	1	0	0	1	25	75	4	33	32256	992	0	0	0	992
333	2318	0	1	0	1	0	0	1	25	75	4	33	32256	992	0	0	0	992
333	2323	0	1	0	1	0	0	1	25	75	4	33	32256	992	0	0	0	992
333	2325	0	1	0	1	0	0	1	25	75	4	33	32256	992	0	0	0	992
333	2326	0	1	0	1	0	0	1	25	75	4	33	32256	992	0	0	0	992
333	2329	0	1	0	1	0	0	1	25	75	4	33	32256	992	0	0	0	992
333	2330	0	1	0	1	0	0	1	25	75	4	33	32256	992	0	0	0	992
333	2332	0	1	0	1	0	0	1	25	75	4	33	32256	992	0	0	0	992
333	2339	0	1	0	1	0	0	1	25	75	4	33	32256	992	0	0	0	992
333	2341	0	1	0	1	0	0	1	25	75	4	33	32256	992	0	0	0	992
333	2342	0	1	0	1	0	0	1	25	75	4	33	32256	992	0	0	0	992
333	2345	0	1	0	1	0	0	1	25	75	4	33	32256	992	0	0	0	992
333	2346	0	1	0	1	0	0	1	25	75	4	33	32256	992	0	0	0	992
333	2348	0	1	0	1	0	0	1	25	75	4	33	32256	992	0	0	0	992
333	2353	0	1	0	1	0	0	1	25	75	4	33	32256	992	0	0	0	992
333	2354	0	1	0	1	0	0	1	25	75	4	33	32256	992	0	0	0	992
333	2356	0	1	0	1	0	0	1	25	75	4	33	32256	992	0	0	0	992
333	2360	0	1	0	1	0	0	1	25	75	4	33	32256	992	0	0	0	992
333	2371	0	1	0	1	0	0	1	25	75	4	33	32256	992	0	0	0	992
333	2373	0	1	0	1	0	0	1	25	75	4	33	32256	992	0	0	0	992
333	2374	0	1	0	1	0	0	1	25	75	4	33	32256	992	0	0	0	992
333	2377	0	1	0	1	0	0	1	25	75	4	33	32256	992	0	0	0	992
333	2378	0	1	0	1	0	0	1	25	75	4	33	32256	992	0	0	0	992
333	2380	0	1	0	1	0	0	1	25	75	4	33	32256	992	0	0	0	992
333	2385	0	1	0	1	0	0	1	25	75	4	33	32256	992	0	0	0	992
333	2386	0	1	0	1	0	0	1	25	75	4	33	32256	992	0	0	0	992
333	2388	0	1	0	1	0	0	1	25	75	4	33	32256	992	0	0	0	992
333	2392	0	1	0	1	0	0	1	25	75	4	33	32256	992	0	0	0	992
333	2401	0	1	0	1	0	0	1	25	75	4	33	32256	992	0	0	0	992
333	2402	0	1	0	1	0	0	1	25	75	4	33	32256	992	0	0	0	992
333	2404	0	1	0	1	0	0	1	25	75	4	33	32256	992	0	0	0	992
333	2408	0	1	0	1	0	0	1	25	75	4	33	32256	992	0	0	0	992
333	2416	0	1	0	1	0	0	1	25	75	4	33	32256	992	0	0	0	992
333	2435	0	1	0	1	0	0	1	25	75	4	33	32256	992	0	0	0	992
333	2437	0	1	0	1	0	0	1	25	75	4	33	32256	992	0	0	0	992
333	2438	0	1	0	1	0	0	1	25	75	4	33	32256	992	0	0	0	992
333	2441	0	1	0	1	0	0	1	25	75	4	33	32256	992	0	0	0	992
333	2442	0	1	0	1	0	0	1	25	75	4	33	32256	992	0	0	0	992
333	2444	0	1	0	1	0	0	1	25	75	4	33	32256	992	0	0	0	992
333	2449	0	1	0	1	0	0	1	25	75	4	33	32256	992	0	0	0	992
333	2450	0	1	0	1	0	0	1	25	75	4	33	32256	992	0	0	0	992
333	2452	0	1	0	1	0	0	1	25	75	4	33	32256	992	0	0	0	992
333	2456	0	1	0	1	0	0	1	25	75	4	33	32256	992	0	0	0	992
333	2465	0	1	0	1	0	0	1	25	75	4	33	32256	992	0	0	0	992
333	2466	0	1	0	1	0	0	1	25	75	4	33	32256	992	0	0	0	992
333	2468	0	1	0	1	0	0	1	25	75	4	33	32256	992	0	0	0	992
333	2472	0	1	0	1	0	0	1	25	75	4	33	32256	992	0	0	0	992
333	2480	0	1	0	1	0	0	1	25	75	4	33	32256	992	0	0	0	992
333	2497	0	1	0	1	0	0	1	25	75	4	33	32256	992	0	0	0	992
333	2498	0	1	0	1	0	0	1	25	75	4	33	32256	992	0	0	0	992
333	2500	0	1	0	1	0	0	1	25	75	4	33	32256	992	0	0	0	992
333	2504	0	1	0	1	0	0	1	25	75	4	33	32256	992	0	0	0	992
333	2512	0	1	0	1	0	0	1	25	75	4	33	32256	992	0	0	0	992
333	2528	0	1	0	1	0	0	1	25	75	4	33	32256	992	0	0	0	992
333	2567	0	1	0	1	0	0	1	24	222	6	36	32256	960	0	0	0	960
333	2571	0	1	0	1	0	0	1	24	222	6	36	32256	960	0	0	0	960
333	2573	0	1	0	1	0	0	1	24	222	6	36	32256	960	0	0	0	960
333	2574	0	1	0	1	0	0	1	24	222	6	36	32256	960	0	0	0	960
333	2579	0	1	0	1	0	0	1	24	222	6	36	32256	960	0	0	0	960
333	2581	0	1	0	1	0	0	1	24	222	6	36	32256	960	0	0	0	960
333	2582	0	1	0	1	0	0	1	24	222	6	36	32256	960	0	0	0	960
333	2585	0	1	0	1	0	0	1	24	222	6	36	32256	960	0	0	0	960
333	2586	0	1	0	1	0	0	1	24	222	6	36	32256	960	0	0	0	960
333	2588	0	1	0	1	0	0	1	24	222	6	36	32256	960	0	0	0	960
333	2595	0	1	0	1	0	0	1	24	222	6	36	32256	960	0	0	0	960
333	2597	0	1	0	1	0	0	1	24	222	6	36	32256	960	0	0	0	960
333	2598	0	1	0	1	0	0	1	24	222	6	36	32256	960	0	0	0	960
333	2601	0	1	0	1	0	0	1	24	222	6	36	32256	960	0	0	0	960
333	2602	0	1	0	1	0	0	1	24	222	6	36	32256	960	0	0	0	960
333	2604	0	1	0	1	0	0	1	24	222	6	36	32256	960	0	0	0	960
333	2609	0	1	0	1	0	0	1	24	222	6	36	32256	960	0	0	0	960
333	2610	0	1	0	1	0	0	1	24	222	6	36	32256	960	0	0	0	960
333	2612	0	1	0	1	0	0	1	24	222	6	36	32256	960	0	0	0	960
333	2616	0	1	0	1	0	0	1	24	222	6	36	32256	960	0	0	0	960
333	2627	0	1	0	1	0	0	1	24	222	6	36	32256	960	0	0	0	960
333	2629	0	1	0	1	0	0	1	24	222	6	36	32256	960	0	0	0	960
333	2630	0	1	0	1	0	0	1	24	222	6	36	32256	960	0	0	0	960
333	2633	0	1	0	1	0	0	1	24	222	6	36	32256	960	0	0	0	960
333	2634	0	1	0	1	0	0	1	24	222	6	36	32256	960	0	0	0	960
333	2636	0	1	0	1	0	0	1	24	222	6	36	32256	960	0	0	0	960
333	2641	0	1	0	1	0	0	1	24	222	6	36	32256	960	0	0	0	960
333	2642	0	1	0	1	0	0	1	24	222	6	36	32256	960	0	0	0	960
333	2644	0	1	0	1	0	0	1	24	222	6	36	32256	960	0	0	0	960
333	2648	0	1	0	1	0	0	1	24	222	6	36	32256	960	0	0	0	960
333	2657	0	1	0	1	0	0	1	24	222	6	36	32256	960	0	0	0	960
333	2658	0	1	0	1	0	0	1	24	222	6	36	32256	960	0	0	0	960
333	2660	0	1	0	1	0	0	1	24	222	6	36	32256	960	0	0	0	960
333	2664	0	1	0	1	0	0	1	24	222	6	36	32256	960	0	0	0	960
333	2672	0	1	0	1	0	0	1	24	222	6	36	32256	960	0	0	0	960
333	2691	0	1	0	1	0	0	1	24	222	6	36	32256	960	0	0	0	960
333	2693	0	1	0	1	0	0	1	24	222	6	36	32256	960	0	0	0	960
333	2694	0	1	0	1	0	0	1	24	222	6	36	32256	960	0	0	0	960
333	2697	0	1	0	1	0	0	1	24	222	6	36	32256	960	0	0	0	960
333	2698	0	1	0	1	0	0	1	24	222	6	36	32256	960	0	0	0	960
333	2700	0	1	0	1	0	0	1	24	222	6	36	32256	960	0	0	0	960
333	2705	0	1	0	1	0	0	1	24	222	6	36	32256	960	0	0	0	960
333	2706	0	1	0	1	0	0	1	24	222	6	36	32256	960	0	0	0	960
333	2708	0	1	0	1	0	0	1	24	222	6	36	32256	960	0	0	0	960
333	2712	0	1	0	1	0	0	1	24	222	6	36	32256	960	0	0	0	960
333	2721	0	1	0	1	0	0	1	24	222	6	36	32256	960	0	0	0	960
333	2722	0	1	0	1	0	0	1	24	222	6	36	32256	960	0	0	0	960
333	2724	0	1	0	1	0	0	1	24	222	6	36	32256	960	0	0	0	960
333	2728	0	1	0	1	0	0	1	24	222	6	36	32256	960	0	0	0	960
333	2736	0	1	0	1	0	0	1	24	222	6	36	32256	960	0	0	0	960
333	2753	0	1	0	1	0	0	1	24	222	6	36	32256	960	0	0	0	960
333	2754	0	1	0	1	0	0	1	24	222	6	36	32256	960	0	0	0	960
333	2756	0	1	0	1	0	0	1	24	222	6	36	32256	960	0	0	0	960
333	2760	0	1	0	1	0	0	1	24	222	6	36	32256	960	0	0	0	960
333	2768	0	1	0	1	0	0	1	24	222	6	36	32256	960	0	0	0	960
333	2784	0	1	0	1	0	0	1	24	222	6	36	32256	960	0	0	0	960
333	2819	0	1	0	1	0	0	1	24	222	6	36	32256	960	0	0	0	960
333	2821	0	1	0	1	0	0	1	24	222	6	36	32256	960	0	0	0	960
333	2822	0	1	0	1	0	0	1	24	222	6	36	32256	960	0	0	0	960
333	2825	0	1	0	1	0	0	1	24	222	6	36	32256	960	0	0	0	960
333	2826	0	1	0	1	0	0	1	24	222	6	36	32256	960	0	0	0	960
333	2828	0	1	0	1	0	0	1	24	222	6	36	32256	960	0	0	0	960
333	2833	0	1	0	1	0	0	1	24	222	6	36	32256	960	0	0	0	960
333	2834	0	1	0	1	0	0	1	24	222	6	36	32256	960	0	0	0	960
333	2836	0	1	0	1	0	0	1	24	222	6	36	32256	960	0	0	0	960
333	2840	0	1	0	1	0	0	1	24	222	6	36	32256	960	0	0	0	960
333	2849	0	1	0	1	0	0	1	24	222	6	36	32256	960	0	0	0	960
333	2850	0	1	0	1	0	0	1	24	222	6	36	32256	960	0	0	0	960
333	2852	0	1	0	1	0	0	1	24	222	6	36	32256	960	0	0	0	960
333	2856	0	1	0	1	0	0	1	24	222	6	36	32256	960	0	0	0	960
333	2864	0	1	0	1	0	0	1	24	222	6	36	32256	960	0	0	0	960
333	2881	0	1	0	1	0	0	1	24	222	6	36	32256	960	0	0	0	960
333	2882	0	1	0	1	0	0	1	24	222	6	36	32256	960	0	0	0	960
333	2884	0	1	0	1	0	0	1	24	222	6	36	32256	960	0	0	0	960
333	2888	0	1	0	1	0	0	1	24	222	6	36	32256	960	0	0	0	960
333	2896	0	1	0	1	0	0	1	24	222	6	36	32256	960	0	0	0	960
333	2912	0	1	0	1	0	0	1	24	222	6	36	32256	960	0	0	0	960
333	2945	0	1	0	1	0	0	1	24	222	6	36	32256	960	0	0	0	960
333	2946	0	1	0	1	0	0	1	24	222	6	36	32256	960	0	0	0	960
333	2948	0	1	0	1	0	0	1	24	222	6	36	32256	960	0	0	0	960
333	2952	0	1	0	1	0	0	1	24	222	6	36	32256	960	0	0	0	960
333	2960	0	1	0	1	0	0	1	24	222	6	36	32256	960	0	0	0	960
333	2976	0	1	0	1	0	0	1	24	222	6	36	32256	960	0	0	0	960
333	3008	0	1	0	1	0	0	1	24	222	6	36	32256	960	0	0	0	960
333	3079	0	1	0	1	0	0	1	24	222	6	36	32256	960	0	0	0	960
333	3083	0	1	0	1	0	0	1	24	222	6	36	32256	960	0	0	0	960
333	3085	0	1	0	1	0	0	1	24	222	6	36	32256	960	0	0	0	960
333	3086	0	1	0	1	0	0	1	24	222	6	36	32256	960	0	0	0	960
333	3091	0	1	0	1	0	0	1	24	222	6	36	32256	960	0	0	0	960
333	3093	0	1	0	1	0	0	1	24	222	6	36	32256	960	0	0	0	960
333	3094	0	1	0	1	0	0	1	24	222	6	36	32256	960	0	0	0	960
333	3097	0	1	0	1	0	0	1	24	222	6	36	32256	960	0	0	0	960
333	3098	0	1	0	1	0	0	1	24	222	6	36	32256	960	0	0	0	960
333	3100	0	1	0	1	0	0	1	24	222	6	36	32256	960	0	0	0	960
333	3107	0	1	0	1	0	0	1	24	222	6	36	32256	960	0	0	0	960
333	3109	0	1	0	1	0	0	1	24	222	6	36	32256	960	0	0	0	960
333	3110	0	1	0	1	0	0	1	24	222	6	36	32256	960	0	0	0	960
333	3113	0	1	0	1	0	0	1	24	222	6	36	32256	960	0	0	0	960
333	3114	0	1	0	1	0	0	1	24	222	6	36	32256	960	0	0	0	960
333	3116	0	1	0	1	0	0	1	24	222	6	36	32256	960	0	0	0	960
333	3121	0	1	0	1	0	0	1	24	222	6	36	32256	960	0	0	0	960
333	3122	0	1	0	1	0	0	1	24	222	6	36	32256	960	0	0	0	960
333	3124	0	1	0	1	0	0	1	24	222	6	36	32256	960	0	0	0	960
333	3128	0	1	0	1	0	0	1	24	222	6	36	32256	960	0	0	0	960
333	3139	0	1	0	1	0	0	1	24	222	6	36	32256	960	0	0	0	960
333	3141	0	1	0	1	0	0	1	24	222	6	36	32256	960	0	0	0	960
333	3142	0	1	0	1	0	0	1	24	222	6	36	32256	960	0	0	0	960
333	3145	0	1	0	1	0	0	1	24	222	6	36	32256	960	0	0	0	960
333	3146	0	1	0	1	0	0	1	24	222	6	36	32256	960	0	0	0	960
333	3148	0	1	0	1	0	0	1	24	222	6	36	32256	960	0	0	0	960
333	3153	0	1	0	1	0	0	1	24	222	6	36	32256	960	0	0	0	960
333	3154	0	1	0	1	0	0	1	24	222	6	36	32256	960	0	0	0	960
333	3156	0	1	0	1	0	0	1	24	222	6	36	32256	960	0	0	0	960
333	3160	0	1	0	1	0	0	1	24	222	6	36	32256	960	0	0	0	960
333	3169	0	1	0	1	0	0	1	24	222	6	36	32256	960	0	0	0	960
333	3170	0	1	0	1	0	0	1	24	222	6	36	32256	960	0	0	0	960
333	3172	0	1	0	1	0	0	1	24	222	6	36	32256	960	0	0	0	960
333	3176	0	1	0	1	0	0	1	24	222	6	36	32256	960	0	0	0	960
333	3184	0	1	0	1	0	0	1	24	222	6	36	32256	960	0	0	0	960
333	3203	0	1	0	1	0	0	1	24	222	6	36	32256	960	0	0	0	960
333	3205	0	1	0	1	0	0	1	24	222	6	36	32256	960	0	0	0	960
333	3206	0	1	0	1	0	0	1	24	222	6	36	32256	960	0	0	0	960
333	3209	0	1	0	1	0	0	1	24	222	6	36	32256	960	0	0	0	960
333	3210	0	1	0	1	0	0	1	24	222	6	36	32256	960	0	0	0	960
333	3212	0	1	0	1	0	0	1	24	222	6	36	32256	960	0	0	0	960
333	3217	0	1	0	1	0	0	1	24	222	6	36	32256	960	0	0	0	960
333	3218	0	1	0	1	0	0	1	24	222	6	36	32256	960	0	0	0	960
333	3220	0	1	0	1	0	0	1	24	222	6	36	32256	960	0	0	0	960
333	3224	0	1	0	1	0	0	1	24	222	6	36	32256	960	0	0	0	960
333	3233	0	1	0	1	0	0	1	24	222	6	36	32256	960	0	0	0	960
333	3234	0	1	0	1	0	0	1	24	222	6	36	32256	960	0	0	0	960
333	3236	0	1	0	1	0	0	1	24	222	6	36	32256	960	0	0	0	960
333	3240	0	1	0	1	0	0	1	24	222	6	36	32256	960	0	0	0	960
333	3248	0	1	0	1	0	0	1	24	222	6	36	32256	960	0	0	0	960
333	3265	0	1	0	1	0	0	1	24	222	6	36	32256	960	0	0	0	960
333	3266	0	1	0	1	0	0	1	24	222	6	36	32256	960	0	0	0	960
333	3268	0	1	0	1	0	0	1	24	222	6	36	32256	960	0	0	0	960
333	3272	0	1	0	1	0	0	1	24	222	6	36	32256	960	0	0	0	960
333	3280	0	1	0	1	0	0	1	24	222	6	36	32256	960	0	0	0	960
333	3296	0	1	0	1	0	0	1	24	222	6	36	32256	960	0	0	0	960
333	3331	0	1	0	1	0	0	1	24	222	6	36	32256	960	0	0	0	960
333	3333	0	1	0	1	0	0	1	24	222	6	36	32256	960	0	0	0	960
333	3334	0	1	0	1	0	0	1	24	222	6	36	32256	960	0	0	0	960
333	3337	0	1	0	1	0	0	1	24	222	6	36	32256	960	0	0	0	960
333	3338	0	1	0	1	0	0	1	24	222	6	36	32256	960	0	0	0	960
333	3340	0	1	0	1	0	0	1	24	222	6	36	32256	960	0	0	0	960
333	3345	0	1	0	1	0	0	1	24	222	6	36	32256	960	0	0	0	960
333	3346	0	1	0	1	0	0	1	24	222	6	36	32256	960	0	0	0	960
333	3348	0	1	0	1	0	0	1	24	222	6	36	32256	960	0	0	0	960
333	3352	0	1	0	1	0	0	1	24	222	6	36	32256	960	0	0	0	960
333	3361	0	1	0	1	0	0	1	24	222	6	36	32256	960	0	0	0	960
333	3362	0	1	0	1	0	0	1	24	222	6	36	32256	960	0	0	0	960
333	3364	0	1	0	1	0	0	1	24	222	6	36	32256	960	0	0	0	960
333	3368	0	1	0	1	0	0	1	24	222	6	36	32256	960	0	0	0	960
333	3376	0	1	0	1	0	0	1	24	222	6	36	32256	960	0	0	0	960
333	3393	0	1	0	1	0	0	1	24	222	6	36	32256	960	0	0	0	960
333	3394	0	1	0	1	0	0	1	24	222	6	36	32256	960	0	0	0	960
333	3396	0	1	0	1	0	0	1	24	222	6	36	32256	960	0	0	0	960
333	3400	0	1	0	1	0	0	1	24	222	6	36	32256	960	0	0	0	960
333	3408	0	1	0	1	0	0	1	24	222	6	36	32256	960	0	0	0	960
333	3424	0	1	0	1	0	0	1	24	222	6	36	32256	960	0	0	0	960
333	3457	0	1	0	1	0	0	1	24	222	6	36	32256	960	0	0	0	960
333	3458	0	1	0	1	0	0	1	24	222	6	36	32256	960	0	0	0	960
333	3460	0	1	0	1	0	0	1	24	222	6	36	32256	960	0	0	0	960
333	3464	0	1	0	1	0	0	1	24	222	6	36	32256	960	0	0	0	960
333	3472	0	1	0	1	0	0	1	24	222	6	36	32256	960	0	0	0	960
333	3488	0	1	0	1	0	0	1	24	222	6	36	32256	960	0	0	0	960
333	3520	0	1	0	1	0	0	1	24	222	6	36	32256	960	0	0	0	960
333	3587	0	1	0	1	0	0	1	27	222	6	39	32256	896	0	0	0	896
333	3589	0	1	0	1	0	0	1	27	222	6	39	32256	896	0	0	0	896
333	3590	0	1	0	1	0	0	1	27	222	6	39	32256	896	0	0	0	896
333	3593	0	1	0	1	0	0	1	27	222	6	39	32256	896	0	0	0	896
333	3594	0	1	0	1	0	0	1	27	222	6	39	32256	896	0	0	0	896
333	3596	0	1	0	1	0	0	1	27	222	6	39	32256	896	0	0	0	896
333	3601	0	1	0	1	0	0	1	27	222	6	39	32256	896	0	0	0	896
333	3602	0	1	0	1	0	0	1	27	222	6	39	32256	896	0	0	0	896
333	3604	0	1	0	1	0	0	1	27	222	6	39	32256	896	0	0	0	896
333	3608	0	1	0	1	0	0	1	27	222	6	39	32256	896	0	0	0	896
333	3617	0	1	0	1	0	0	1	27	222	6	39	32256	896	0	0	0	896
333	3618	0	1	0	1	0	0	1	27	222	6	39	32256	896	0	0	0	896
333	3620	0	1	0	1	0	0	1	27	222	6	39	32256	896	0	0	0	896
333	3624	0	1	0	1	0	0	1	27	222	6	39	32256	896	0	0	0	896
333	3632	0	1	0	1	0	0	1	27	222	6	39	32256	896	0	0	0	896
333	3649	0	1	0	1	0	0	1	27	222	6	39	32256	896	0	0	0	896
333	3650	0	1	0	1	0	0	1	27	222	6	39	32256	896	0	0	0	896
333	3652	0	1	0	1	0	0	1	27	222	6	39	32256	896	0	0	0	896
333	3656	0	1	0	1	0	0	1	27	222	6	39	32256	896	0	0	0	896
333	3664	0	1	0	1	0	0	1	27	222	6	39	32256	896	0	0	0	896
333	3680	0	1	0	1	0	0	1	27	222	6	39	32256	896	0	0	0	896
333	3713	0	1	0	1	0	0	1	27	222	6	39	32256	896	0	0	0	896
333	3714	0	1	0	1	0	0	1	27	222	6	39	32256	896	0	0	0	896
333	3716	0	1	0	1	0	0	1	27	222	6	39	32256	896	0	0	0	896
333	3720	0	1	0	1	0	0	1	27	222	6	39	32256	896	0	0	0	896
333	3728	0	1	0	1	0	0	1	27	222	6	39	32256	896	0	0	0	896
333	3744	0	1	0	1	0	0	1	27	222	6	39	32256	896	0	0	0	896
333	3776	0	1	0	1	0	0	1	27	222	6	39	32256	896	0	0	0	896
333	3841	0	1	0	1	0	0	1	27	222	6	39	32256	896	0	0	0	896
333	3842	0	1	0	1	0	0	1	27	222	6	39	32256	896	0	0	0	896
333	3844	0	1	0	1	0	0	1	27	222	6	39	32256	896	0	0	0	896
333	3848	0	1	0	1	0	0	1	27	222	6	39	32256	896	0	0	0	896
333	3856	0	1	0	1	0	0	1	27	222	6	39	32256	896	0	0	0	896
333	3872	0	1	0	1	0	0	1	27	222	6	39	32256	896	0	0	0	896
333	3904	0	1	0	1	0	0	1	27	222	6	39	32256	896	0	0	0	896
333	3968	0	1	0	1	0	0	1	27	222	6	39	32256	896	0	0	0	896
333	4111	0	1	0	1	0	0	1	25	75	4	33	32256	992	0	0	0	992
333	4119	0	1	0	1	0	0	1	25	75	4	33	32256	992	0	0	0	992
333	4123	0	1	0	1	0	0	1	25	75	4	33	32256	992	0	0	0	992
333	4125	0	1	0	1	0	0	1	25	75	4	33	32256	992	0	0	0	992
333	4126	0	1	0	1	0	0	1	25	75	4	33	32256	992	0	0	0	992
333	4135	0	1	0	1	0	0	1	25	75	4	33	32256	992	0	0	0	992
333	4139	0	1	0	1	0	0	1	25	75	4	33	32256	992	0	0	0	992
333	4141	0	1	0	1	0	0	1	25	75	4	33	32256	992	0	0	0	992
333	4142	0	1	0	1	0	0	1	25	75	4	33	32256	992	0	0	0	992
333	4147	0	1	0	1	0	0	1	25	75	4	33	32256	992	0	0	0	992
333	4149	0	1	0	1	0	0	1	25	75	4	33	32256	992	0	0	0	992
333	4150	0	1	0	1	0	0	1	25	75	4	33	32256	992	0	0	0	992
333	4153	0	1	0	1	0	0	1	25	75	4	33	32256	992	0	0	0	992
333	4154	0	1	0	1	0	0	1	25	75	4	33	32256	992	0	0	0	992
333	4156	0	1	0	1	0	0	1	25	75	4	33	32256	992	0	0	0	992
333	4167	0	1	0	1	0	0	1	25	75	4	33	32256	992	0	0	0	992
333	4171	0	1	0	1	0	0	1	25	75	4	33	32256	992	0	0	0	992
333	4173	0	1	0	1	0	0	1	25	75	4	33	32256	992	0	0	0	992
333	4174	0	1	0	1	0	0	1	25	75	4	33	32256	992	0	0	0	992
333	4179	0	1	0	1	0	0	1	25	75	4	33	32256	992	0	0	0	992
333	4181	0	1	0	1	0	0	1	25	75	4	33	32256	992	0	0	0	992
333	4182	0	1	0	1	0	0	1	25	75	4	33	32256	992	0	0	0	992
333	4185	0	1	0	1	0	0	1	25	75	4	33	32256	992	0	0	0	992
333	4186	0	1	0	1	0	0	1	25	75	4	33	32256	992	0	0	0	992
333	4188	0	1	0	1	0	0	1	25	75	4	33	32256	992	0	0	0	992
333	4195	0	1	0	1	0	0	1	25	75	4	33	32256	992	0	0	0	992
333	4197	0	1	0	1	0	0	1	25	75	4	33	32256	992	0	0	0	992
333	4198	0	1	0	1	0	0	1	25	75	4	33	32256	992	0	0	0	992
333	4201	0	1	0	1	0	0	1	25	75	4	33	32256	992	0	0	0	992
333	4202	0	1	0	1	0	0	1	25	75	4	33	32256	992	0	0	0	992
333	4204	0	1	0	1	0	0	1	25	75	4	33	32256	992	0	0	0	992
333	4209	0	1	0	1	0	0	1	25	75	4	33	32256	992	0	0	0	992
333	4210	0	1	0	1	0	0	1	25	75	4	33	32256	992	0	0	0	992
333	4212	0	1	0	1	0	0	1	25	75	4	33	32256	992	0	0	0	992
333	4216	0	1	0	1	0	0	1	25	75	4	33	32256	992	0	0	0	992
333	4231	0	1	0	1	0	0	1	25	75	4	33	32256	992	0	0	0	992
333	4235	0	1	0	1	0	0	1	25	75	4	33	32256	992	0	0	0	992
333	4237	0	1	0	1	0	0	1	25	75	4	33	32256	992	0	0	0	992
333	4238	0	1	0	1	0	0	1	25	75	4	33	32256	992	0	0	0	992
333	4243	0	1	0	1	0	0	1	25	75	4	33	32256	992	0	0	0	992
333	4245	0	1	0	1	0	0	1	25	75	4	33	32256	992	0	0	0	992
333	4246	0	1	0	1	0	0	1	25	75	4	33	32256	992	0	0	0	992
333	4249	0	1	0	1	0	0	1	25	75	4	33	32256	992	0	0	0	992
333	4250	0	1	0	1	0	0	1	25	75	4	33	32256	992	0	0	0	992
333	4252	0	1	0	1	0	0	1	25	75	4	33	32256	992	0	0	0	992
333	4259	0	1	0	1	0	0	1	25	75	4	33	32256	992	0	0	0	992
333	4261	0	1	0	1	0	0	1	25	75	4	33	32256	992	0	0	0	992
333	4262	0	1	0	1	0	0	1	25	75	4	33	32256	992	0	0	0	992
333	4265	0	1	0	1	0	0	1	25	75	4	33	32256	992	0	0	0	992
333	4266	0	1	0	1	0	0	1	25	75	4	33	32256	992	0	0	0	992
333	4268	0	1	0	1	0	0	1	25	75	4	33	32256	992	0	0	0	992
333	4273	0	1	0	1	0	0	1	25	75	4	33	32256	992	0	0	0	992
333	4274	0	1	0	1	0	0	1	25	75	4	33	32256	992	0	0	0	992
333	4276	0	1	0	1	0	0	1	25	75	4	33	32256	992	0	0	0	992
333	4280	0	1	0	1	0	0	1	25	75	4	33	32256	992	0	0	0	992
333	4291	0	1	0	1	0	0	1	25	75	4	33	32256	992	0	0	0	992
333	4293	0	1	0	1	0	0	1	25	75	4	33	32256	992	0	0	0	992
333	4294	0	1	0	1	0	0	1	25	75	4	33	32256	992	0	0	0	992
333	4297	0	1	0	1	0	0	1	25	75	4	33	32256	992	0	0	0	992
333	4298	0	1	0	1	0	0	1	25	75	4	33	32256	992	0	0	0	992
333	4300	0	1	0	1	0	0	1	25	75	4	33	32256	992	0	0	0	992
333	4305	0	1	0	1	0	0	1	25	75	4	33	32256	992	0	0	0	992
333	4306	0	1	0	1	0	0	1	25	75	4	33	32256	992	0	0	0	992
333	4308	0	1	0	1	0	0	1	25	75	4	33	32256	992	0	0	0	992
333	4312	0	1	0	1	0	0	1	25	75	4	33	32256	992	0	0	0	992
333	4321	0	1	0	1	0	0	1	25	75	4	33	32256	992	0	0	0	992
333	4322	0	1	0	1	0	0	1	25	75	4	33	32256	992	0	0	0	992
333	4324	0	1	0	1	0	0	1	25	75	4	33	32256	992	0	0	0	992
333	4328	0	1	0	1	0	0	1	25	75	4	33	32256	992	0	0	0	992
333	4336	0	1	0	1	0	0	1	25	75	4	33	32256	992	0	0	0	992
333	4359	0	1	0	1	0	0	1	25	75	4	33	32256	992	0	0	0	992
333	4363	0	1	0	1	0	0	1	25	75	4	33	32256	992	0	0	0	992
333	4365	0	1	0	1	0	0	1	25	75	4	33	32256	992	0	0	0	992
333	4366	0	1	0	1	0	0	1	25	75	4	33	32256	992	0	0	0	992
333	4371	0	1	0	1	0	0	1	25	75	4	33	32256	992	0	0	0	992
333	4373	0	1	0	1	0	0	1	25	75	4	33	32256	992	0	0	0	992
333	4374	0	1	0	1	0	0	1	25	75	4	33	32256	992	0	0	0	992
333	4377	0	1	0	1	0	0	1	25	75	4	33	32256	992	0	0	0	992
333	4378	0	1	0	1	0	0	1	25	75	4	33	32256	992	0	0	0	992
333	4380	0	1	0	1	0	0	1	25	75	4	33	32256	992	0	0	0	992
333	4387	0	1	0	1	0	0	1	25	75	4	33	32256	992	0	0	0	992
333	4389	0	1	0	1	0	0	1	25	75	4	33	32256	992	0	0	0	992
333	4390	0	1	0	1	0	0	1	25	75	4	33	32256	992	0	0	0	992
333	4393	0	1	0	1	0	0	1	25	75	4	33	32256	992	0	0	0	992
333	4394	0	1	0	1	0	0	1	25	75	4	33	32256	992	0	0	0	992
333	4396	0	1	0	1	0	0	1	25	75	4	33	32256	992	0	0	0	992
333	4401	0	1	0	1	0	0	1	25	75	4	33	32256	992	0	0	0	992
333	4402	0	1	0	1	0	0	1	25	75	4	33	32256	992	0	0	0	992
333	4404	0	1	0	1	0	0	1	25	75	4	33	32256	992	0	0	0	992
333	4408	0	1	0	1	0	0	1	25	75	4	33	32256	992	0	0	0	992
333	4419	0	1	0	1	0	0	1	25	75	4	33	32256	992	0	0	0	992
333	4421	0	1	0	1	0	0	1	25	75	4	33	32256	992	0	0	0	992
333	4422	0	1	0	1	0	0	1	25	75	4	33	32256	992	0	0	0	992
333	4425	0	1	0	1	0	0	1	25	75	4	33	32256	992	0	0	0	992
333	4426	0	1	0	1	0	0	1	25	75	4	33	32256	992	0	0	0	992
333	4428	0	1	0	1	0	0	1	25	75	4	33	32256	992	0	0	0	992
333	4433	0	1	0	1	0	0	1	25	75	4	33	32256	992	0	0	0	992
333	4434	0	1	0	1	0	0	1	25	75	4	33	32256	992	0	0	0	992
333	4436	0	1	0	1	0	0	1	25	75	4	33	32256	992	0	0	0	992
333	4440	0	1	0	1	0	0	1	25	75	4	33	32256	992	0	0	0	992
333	4449	0	1	0	1	0	0	1	25	75	4	33	32256	992	0	0	0	992
333	4450	0	1	0	1	0	0	1	25	75	4	33	32256	992	0	0	0	992
333	4452	0	1	0	1	0	0	1	25	75	4	33	32256	992	0	0	0	992
333	4456	0	1	0	1	0	0	1	25	75	4	33	32256	992	0	0	0	992
333	4464	0	1	0	1	0	0	1	25	75	4	33	32256	992	0	0	0	992
333	4483	0	1	0	1	0	0	1	25	75	4	33	32256	992	0	0	0	992
333	4485	0	1	0	1	0	0	1	25	75	4	33	32256	992	0	0	0	992
333	4486	0	1	0	1	0	0	1	25	75	4	33	32256	992	0	0	0	992
333	4489	0	1	0	1	0	0	1	25	75	4	33	32256	992	0	0	0	992
333	4490	0	1	0	1	0	0	1	25	75	4	33	32256	992	0	0	0	992
333	4492	0	1	0	1	0	0	1	25	75	4	33	32256	992	0	0	0	992
333	4497	0	1	0	1	0	0	1	25	75	4	33	32256	992	0	0	0	992
333	4498	0	1	0	1	0	0	1	25	75	4	33	32256	992	0	0	0	992
333	4500	0	1	0	1	0	0	1	25	75	4	33	32256	992	0	0	0	992
333	4504	0	1	0	1	0	0	1	25	75	4	33	32256	992	0	0	0	992
333	4513	0	1	0	1	0	0	1	25	75	4	33	32256	992	0	0	0	992
333	4514	0	1	0	1	0	0	1	25	75	4	33	32256	992	0	0	0	992
333	4516	0	1	0	1	0	0	1	25	75	4	33	32256	992	0	0	0	992
333	4520	0	1	0	1	0	0	1	25	75	4	33	32256	992	0	0	0	992
333	4528	0	1	0	1	0	0	1	25	75	4	33	32256	992	0	0	0	992
333	4545	0	1	0	1	0	0	1	25	75	4	33	32256	992	0	0	0	992
333	4546	0	1	0	1	0	0	1	25	75	4	33	32256	992	0	0	0	992
333	4548	0	1	0	1	0	0	1	25	75	4	33	32256	992	0	0	0	992
333	4552	0	1	0	1	0	0	1	25	75	4	33	32256	992	0	0	0	992
333	4560	0	1	0	1	0	0	1	25	75	4	33	32256	992	0	0	0	992
333	4576	0	1	0	1	0	0	1	25	75	4	33	32256	992	0	0	0	992
333	4615	0	1	0	1	0	0	1	24	222	6	36	32256	960	0	0	0	960
333	4619	0	1	0	1	0	0	1	24	222	6	36	32256	960	0	0	0	960
333	4621	0	1	0	1	0	0	1	24	222	6	36	32256	960	0	0	0	960
333	4622	0	1	0	1	0	0	1	24	222	6	36	32256	960	0	0	0	960
333	4627	0	1	0	1	0	0	1	24	222	6	36	32256	960	0	0	0	960
333	4629	0	1	0	1	0	0	1	24	222	6	36	32256	960	0	0	0	960
333	4630	0	1	0	1	0	0	1	24	222	6	36	32256	960	0	0	0	960
333	4633	0	1	0	1	0	0	1	24	222	6	36	32256	960	0	0	0	960
333	4634	0	1	0	1	0	0	1	24	222	6	36	32256	960	0	0	0	960
333	4636	0	1	0	1	0	0	1	24	222	6	36	32256	960	0	0	0	960
333	4643	0	1	0	1	0	0	1	24	222	6	36	32256	960	0	0	0	960
333	4645	0	1	0	1	0	0	1	24	222	6	36	32256	960	0	0	0	960
333	4646	0	1	0	1	0	0	1	24	222	6	36	32256	960	0	0	0	960
333	4649	0	1	0	1	0	0	1	24	222	6	36	32256	960	0	0	0	960
333	4650	0	1	0	1	0	0	1	24	222	6	36	32256	960	0	0	0	960
333	4652	0	1	0	1	0	0	1	24	222	6	36	32256	960	0	0	0	960
333	4657	0	1	0	1	0	0	1	24	222	6	36	32256	960	0	0	0	960
333	4658	0	1	0	1	0	0	1	24	222	6	36	32256	960	0	0	0	960
333	4660	0	1	0	1	0	0	1	24	222	6	36	32256	960	0	0	0	960
333	4664	0	1	0	1	0	0	1	24	222	6	36	32256	960	0	0	0	960
333	4675	0	1	0	1	0	0	1	24	222	6	36	32256	960	0	0	0	960
333	4677	0	1	0	1	0	0	1	24	222	6	36	32256	960	0	0	0	960
333	4678	0	1	0	1	0	0	1	24	222	6	36	32256	960	0	0	0	960
333	4681	0	1	0	1	0	0	1	24	222	6	36	32256	960	0	0	0	960
333	4682	0	1	0	1	0	0	1	24	222	6	36	32256	960	0	0	0	960
333	4684	0	1	0	1	0	0	1	24	222	6	36	32256	960	0	0	0	960
333	4689	0	1	0	1	0	0	1	24	222	6	36	32256	960	0	0	0	960
333	4690	0	1	0	1	0	0	1	24	222	6	36	32256	960	0	0	0	960
333	4692	0	1	0	1	0	0	1	24	222	6	36	32256	960	0	0	0	960
333	4696	0	1	0	1	0	0	1	24	222	6	36	32256	960	0	0	0	960
333	4705	0	1	0	1	0	0	1	24	222	6	36	32256	960	0	0	0	960
333	4706	0	1	0	1	0	0	1	24	222	6	36	32256	960	0	0	0	960
333	4708	0	1	0	1	0	0	1	24	222	6	36	32256	960	0	0	0	960
333	4712	0	1	0	1	0	0	1	24	222	6	36	32256	960	0	0	0	960
333	4720	0	1	0	1	0	0	1	24	222	6	36	32256	960	0	0	0	960
333	4739	0	1	0	1	0	0	1	24	222	6	36	32256	960	0	0	0	960
333	4741	0	1	0	1	0	0	1	24	222	6	36	32256	960	0	0	0	960
333	4742	0	1	0	1	0	0	1	24	222	6	36	32256	960	0	0	0	960
333	4745	0	1	0	1	0	0	1	24	222	6	36	32256	960	0	0	0	960
333	4746	0	1	0	1	0	0	1	24	222	6	36	32256	960	0	0	0	960
333	4748	0	1	0	1	0	0	1	24	222	6	36	32256	960	0	0	0	960
333	4753	0	1	0	1	0	0	1	24	222	6	36	32256	960	0	0	0	960
333	4754	0	1	0	1	0	0	1	24	222	6	36	32256	960	0	0	0	960
333	4756	0	1	0	1	0	0	1	24	222	6	36	32256	960	0	0	0	960
333	4760	0	1	0	1	0	0	1	24	222	6	36	32256	960	0	0	0	960
333	4769	0	1	0	1	0	0	1	24	222	6	36	32256	960	0	0	0	960
333	4770	0	1	0	1	0	0	1	24	222	6	36	32256	960	0	0	0	960
333	4772	0	1	0	1	0	0	1	24	222	6	36	32256	960	0	0	0	960
333	4776	0	1	0	1	0	0	1	24	222	6	36	32256	960	0	0	0	960
333	4784	0	1	0	1	0	0	1	24	222	6	36	32256	960	0	0	0	960
333	4801	0	1	0	1	0	0	1	24	222	6	36	32256	960	0	0	0	960
333	4802	0	1	0	1	0	0	1	24	222	6	36	32256	960	0	0	0	960
333	4804	0	1	0	1	0	0	1	24	222	6	36	32256	960	0	0	0	960
333	4808	0	1	0	1	0	0	1	24	222	6	36	32256	960	0	0	0	960
333	4816	0	1	0	1	0	0	1	24	222	6	36	32256	960	0	0	0	960
333	4832	0	1	0	1	0	0	1	24	222	6	36	32256	960	0	0	0	960
333	4867	0	1	0	1	0	0	1	24	222	6	36	32256	960	0	0	0	960
333	4869	0	1	0	1	0	0	1	24	222	6	36	32256	960	0	0	0	960
333	4870	0	1	0	1	0	0	1	24	222	6	36	32256	960	0	0	0	960
333	4873	0	1	0	1	0	0	1	24	222	6	36	32256	960	0	0	0	960
333	4874	0	1	0	1	0	0	1	24	222	6	36	32256	960	0	0	0	960
333	4876	0	1	0	1	0	0	1	24	222	6	36	32256	960	0	0	0	960
333	4881	0	1	0	1	0	0	1	24	222	6	36	32256	960	0	0	0	960
333	4882	0	1	0	1	0	0	1	24	222	6	36	32256	960	0	0	0	960
333	4884	0	1	0	1	0	0	1	24	222	6	36	32256	960	0	0	0	960
333	4888	0	1	0	1	0	0	1	24	222	6	36	32256	960	0	0	0	960
333	4897	0	1	0	1	0	0	1	24	222	6	36	32256	960	0	0	0	960
333	4898	0	1	0	1	0	0	1	24	222	6	36	32256	960	0	0	0	960
333	4900	0	1	0	1	0	0	1	24	222	6	36	32256	960	0	0	0	960
333	4904	0	1	0	1	0	0	1	24	222	6	36	32256	960	0	0	0	960
333	4912	0	1	0	1	0	0	1	24	222	6	36	32256	960	0	0	0	960
333	4929	0	1	0	1	0	0	1	24	222	6	36	32256	960	0	0	0	960
333	4930	0	1	0	1	0	0	1	24	222	6	36	32256	960	0	0	0	960
333	4932	0	1	0	1	0	0	1	24	222	6	36	32256	960	0	0	0	960
333	4936	0	1	0	1	0	0	1	24	222	6	36	32256	960	0	0	0	960
333	4944	0	1	0	1	0	0	1	24	222	6	36	32256	960	0	0	0	960
333	4960	0	1	0	1	0	0	1	24	222	6	36	32256	960	0	0	0	960
333	4993	0	1	0	1	0	0	1	24	222	6	36	32256	960	0	0	0	960
333	4994	0	1	0	1	0	0	1	24	222	6	36	32256	960	0	0	0	960
333	4996	0	1	0	1	0	0	1	24	222	6	36	32256	960	0	0	0	960
333	5000	0	1	0	1	0	0	1	24	222	6	36	32256	960	0	0	0	960
333	5008	0	1	0	1	0	0	1	24	222	6	36	32256	960	0	0	0	960
333	5024	0	1	0	1	0	0	1	24	222	6	36	32256	960	0	0	0	960
333	5056	0	1	0	1	0	0	1	24	222	6	36	32256	960	0	0	0	960
333	5127	0	1	0	1	0	0	1	24	222	6	36	32256	960	0	0	0	960
333	5131	0	1	0	1	0	0	1	24	222	6	36	32256	960	0	0	0	960
333	5133	0	1	0	1	0	0	1	24	222	6	36	32256	960	0	0	0	960
333	5134	0	1	0	1	0	0	1	24	222	6	36	32256	960	0	0	0	960
333	5139	0	1	0	1	0	0	1	24	222	6	36	32256	960	0	0	0	960
333	5141	0	1	0	1	0	0	1	24	222	6	36	32256	960	0	0	0	960
333	5142	0	1	0	1	0	0	1	24	222	6	36	32256	960	0	0	0	960
333	5145	0	1	0	1	0	0	1	24	222	6	36	32256	960	0	0	0	960
333	5146	0	1	0	1	0	0	1	24	222	6	36	32256	960	0	0	0	960
333	5148	0	1	0	1	0	0	1	24	222	6	36	32256	960	0	0	0	960
333	5155	0	1	0	1	0	0	1	24	222	6	36	32256	960	0	0	0	960
333	5157	0	1	0	1	0	0	1	24	222	6	36	32256	960	0	0	0	960
333	5158	0	1	0	1	0	0	1	24	222	6	36	32256	960	0	0	0	960
333	5161	0	1	0	1	0	0	1	24	222	6	36	32256	960	0	0	0	960
333	5162	0	1	0	1	0	0	1	24	222	6	36	32256	960	0	0	0	960
333	5164	0	1	0	1	0	0	1	24	222	6	36	32256	960	0	0	0	960
333	5169	0	1	0	1	0	0	1	24	222	6	36	32256	960	0	0	0	960
333	5170	0	1	0	1	0	0	1	24	222	6	36	32256	960	0	0	0	960
333	5172	0	1	0	1	0	0	1	24	222	6	36	32256	960	0	0	0	960
333	5176	0	1	0	1	0	0	1	24	222	6	36	32256	960	0	0	0	960
333	5187	0	1	0	1	0	0	1	24	222	6	36	32256	960	0	0	0	960
333	5189	0	1	0	1	0	0	1	24	222	6	36	32256	960	0	0	0	960
333	5190	0	1	0	1	0	0	1	24	222	6	36	32256	960	0	0	0	960
333	5193	0	1	0	1	0	0	1	24	222	6	36	32256	960	0	0	0	960
333	5194	0	1	0	1	0	0	1	24	222	6	36	32256	960	0	0	0	960
333	5196	0	1	0	1	0	0	1	24	222	6	36	32256	960	0	0	0	960
333	5201	0	1	0	1	0	0	1	24	222	6	36	32256	960	0	0	0	960
333	5202	0	1	0	1	0	0	1	24	222	6	36	32256	960	0	0	0	960
333	5204	0	1	0	1	0	0	1	24	222	6	36	32256	960	0	0	0	960
333	5208	0	1	0	1	0	0	1	24	222	6	36	32256	960	0	0	0	960
333	5217	0	1	0	1	0	0	1	24	222	6	36	32256	960	0	0	0	960
333	5218	0	1	0	1	0	0	1	24	222	6	36	32256	960	0	0	0	960
333	5220	0	1	0	1	0	0	1	24	222	6	36	32256	960	0	0	0	960
333	5224	0	1	0	1	0	0	1	24	222	6	36	32256	960	0	0	0	960
333	5232	0	1	0	1	0	0	1	24	222	6	36	32256	960	0	0	0	960
333	5251	0	1	0	1	0	0	1	24	222	6	36	32256	960	0	0	0	960
333	5253	0	1	0	1	0	0	1	24	222	6	36	32256	960	0	0	0	960
333	5254	0	1	0	1	0	0	1	24	222	6	36	32256	960	0	0	0	960
333	5257	0	1	0	1	0	0	1	24	222	6	36	32256	960	0	0	0	960
333	5258	0	1	0	1	0	0	1	24	222	6	36	32256	960	0	0	0	960
333	5260	0	1	0	1	0	0	1	24	222	6	36	32256	960	0	0	0	960
333	5265	0	1	0	1	0	0	1	24	222	6	36	32256	960	0	0	0	960
333	5266	0	1	0	1	0	0	1	24	222	6	36	32256	960	0	0	0	960
333	5268	0	1	0	1	0	0	1	24	222	6	36	32256	960	0	0	0	960
333	5272	0	1	0	1	0	0	1	24	222	6	36	32256	960	0	0	0	960
333	5281	0	1	0	1	0	0	1	24	222	6	36	32256	960	0	0	0	960
333	5282	0	1	0	1	0	0	1	24	222	6	36	32256	960	0	0	0	960
333	5284	0	1	0	1	0	0	1	24	222	6	36	32256	960	0	0	0	960
333	5288	0	1	0	1	0	0	1	24	222	6	36	32256	960	0	0	0	960
333	5296	0	1	0	1	0	0	1	24	222	6	36	32256	960	0	0	0	960
333	5313	0	1	0	1	0	0	1	24	222	6	36	32256	960	0	0	0	960
333	5314	0	1	0	1	0	0	1	24	222	6	36	32256	960	0	0	0	960
333	5316	0	1	0	1	0	0	1	24	222	6	36	32256	960	0	0	0	960
333	5320	0	1	0	1	0	0	1	24	222	6	36	32256	960	0	0	0	960
333	5328	0	1	0	1	0	0	1	24	222	6	36	32256	960	0	0	0	960
333	5344	0	1	0	1	0	0	1	24	222	6	36	32256	960	0	0	0	960
333	5379	0	1	0	1	0	0	1	24	222	6	36	32256	960	0	0	0	960
333	5381	0	1	0	1	0	0	1	24	222	6	36	32256	960	0	0	0	960
333	5382	0	1	0	1	0	0	1	24	222	6	36	32256	960	0	0	0	960
333	5385	0	1	0	1	0	0	1	24	222	6	36	32256	960	0	0	0	960
333	5386	0	1	0	1	0	0	1	24	222	6	36	32256	960	0	0	0	960
333	5388	0	1	0	1	0	0	1	24	222	6	36	32256	960	0	0	0	960
333	5393	0	1	0	1	0	0	1	24	222	6	36	32256	960	0	0	0	960
333	5394	0	1	0	1	0	0	1	24	222	6	36	32256	960	0	0	0	960
333	5396	0	1	0	1	0	0	1	24	222	6	36	32256	960	0	0	0	960
333	5400	0	1	0	1	0	0	1	24	222	6	36	32256	960	0	0	0	960
333	5409	0	1	0	1	0	0	1	24	222	6	36	32256	960	0	0	0	960
333	5410	0	1	0	1	0	0	1	24	222	6	36	32256	960	0	0	0	960
333	5412	0	1	0	1	0	0	1	24	222	6	36	32256	960	0	0	0	960
333	5416	0	1	0	1	0	0	1	24	222	6	36	32256	960	0	0	0	960
333	5424	0	1	0	1	0	0	1	24	222	6	36	32256	960	0	0	0	960
333	5441	0	1	0	1	0	0	1	24	222	6	36	32256	960	0	0	0	960
333	5442	0	1	0	1	0	0	1	24	222	6	36	32256	960	0	0	0	960
333	5444	0	1	0	1	0	0	1	24	222	6	36	32256	960	0	0	0	960
333	5448	0	1	0	1	0	0	1	24	222	6	36	32256	960	0	0	0	960
333	5456	0	1	0	1	0	0	1	24	222	6	36	32256	960	0	0	0	960
333	5472	0	1	0	1	0	0	1	24	222	6	36	32256	960	0	0	0	960
333	5505	0	1	0	1	0	0	1	24	222	6	36	32256	960	0	0	0	960
333	5506	0	1	0	1	0	0	1	24	222	6	36	32256	960	0	0	0	960
333	5508	0	1	0	1	0	0	1	24	222	6	36	32256	960	0	0	0	960
333	5512	0	1	0	1	0	0	1	24	222	6	36	32256	960	0	0	0	960
333	5520	0	1	0	1	0	0	1	24	222	6	36	32256	960	0	0	0	960
333	5536	0	1	0	1	0	0	1	24	222	6	36	32256	960	0	0	0	960
333	5568	0	1	0	1	0	0	1	24	222	6	36	32256	960	0	0	0	960
333	5635	0	1	0	1	0	0	1	27	222	6	39	32256	896	0	0	0	896
333	5637	0	1	0	1	0	0	1	27	222	6	39	32256	896	0	0	0	896
333	5638	0	1	0	1	0	0	1	27	222	6	39	32256	896	0	0	0	896
333	5641	0	1	0	1	0	0	1	27	222	6	39	32256	896	0	0	0	896
333	5642	0	1	0	1	0	0	1	27	222	6	39	32256	896	0	0	0	896
333	5644	0	1	0	1	0	0	1	27	222	6	39	32256	896	0	0	0	896
333	5649	0	1	0	1	0	0	1	27	222	6	39	32256	896	0	0	0	896
333	5650	0	1	0	1	0	0	1	27	222	6	39	32256	896	0	0	0	896
333	5652	0	1	0	1	0	0	1	27	222	6	39	32256	896	0	0	0	896
333	5656	0	1	0	1	0	0	1	27	222	6	39	32256	896	0	0	0	896
333	5665	0	1	0	1	0	0	1	27	222	6	39	32256	896	0	0	0	896
333	5666	0	1	0	1	0	0	1	27	222	6	39	32256	896	0	0	0	896
333	5668	0	1	0	1	0	0	1	27	222	6	39	32256	896	0	0	0	896
333	5672	0	1	0	1	0	0	1	27	222	6	39	32256	896	0	0	0	896
333	5680	0	1	0	1	0	0	1	27	222	6	39	32256	896	0	0	0	896
333	5697	0	1	0	1	0	0	1	27	222	6	39	32256	896	0	0	0	896
333	5698	0	1	0	1	0	0	1	27	222	6	39	32256	896	0	0	0	896
333	5700	0	1	0	1	0	0	1	27	222	6	39	32256	896	0	0	0	896
333	5704	0	1	0	1	0	0	1	27	222	6	39	32256	896	0	0	0	896
333	5712	0	1	0	1	0	0	1	27	222	6	39	32256	896	0	0	0	896
333	5728	0	1	0	1	0	0	1	27	222	6	39	32256	896	0	0	0	896
333	5761	0	1	0	1	0	0	1	27	222	6	39	32256	896	0	0	0	896
333	5762	0	1	0	1	0	0	1	27	222	6	39	32256	896	0	0	0	896
333	5764	0	1	0	1	0	0	1	27	222	6	39	32256	896	0	0	0	896
333	5768	0	1	0	1	0	0	1	27	222	6	39	32256	896	0	0	0	896
333	5776	0	1	0	1	0	0	1	27	222	6	39	32256	896	0	0	0	896
333	5792	0	1	0	1	0	0	1	27	222	6	39	32256	896	0	0	0	896
333	5824	0	1	0	1	0	0	1	27	222	6	39	32256	896	0	0	0	896
333	5889	0	1	0	1	0	0	1	27	222	6	39	32256	896	0	0	0	896
333	5890	0	1	0	1	0	0	1	27	222	6	39	32256	896	0	0	0	896
333	5892	0	1	0	1	0	0	1	27	222	6	39	32256	896	0	0	0	896
333	5896	0	1	0	1	0	0	1	27	222	6	39	32256	896	0	0	0	896
333	5904	0	1	0	1	0	0	1	27	222	6	39	32256	896	0	0	0	896
333	5920	0	1	0	1	0	0	1	27	222	6	39	32256	896	0	0	0	896
333	5952	0	1	0	1	0	0	1	27	222	6	39	32256	896	0	0	0	896
333	6016	0	1	0	1	0	0	1	27	222	6	39	32256	896	0	0	0	896
333	6151	0	1	0	1	0	0	1	24	222	6	36	32256	960	0	0	0	960
333	6155	0	1	0	1	0	0	1	24	222	6	36	32256	960	0	0	0	960
333	6157	0	1	0	1	0	0	1	24	222	6	36	32256	960	0	0	0	960
333	6158	0	1	0	1	0	0	1	24	222	6	36	32256	960	0	0	0	960
333	6163	0	1	0	1	0	0	1	24	222	6	36	32256	960	0	0	0	960
333	6165	0	1	0	1	0	0	1	24	222	6	36	32256	960	0	0	0	960
333	6166	0	1	0	1	0	0	1	24	222	6	36	32256	960	0	0	0	960
333	6169	0	1	0	1	0	0	1	24	222	6	36	32256	960	0	0	0	960
333	6170	0	1	0	1	0	0	1	24	222	6	36	32256	960	0	0	0	960
333	6172	0	1	0	1	0	0	1	24	222	6	36	32256	960	0	0	0	960
333	6179	0	1	0	1	0	0	1	24	222	6	36	32256	960	0	0	0	960
333	6181	0	1	0	1	0	0	1	24	222	6	36	32256	960	0	0	0	960
333	6182	0	1	0	1	0	0	1	24	222	6	36	32256	960	0	0	0	960
333	6185	0	1	0	1	0	0	1	24	222	6	36	32256	960	0	0	0	960
333	6186	0	1	0	1	0	0	1	24	222	6	36	32256	960	0	0	0	960
333	6188	0	1	0	1	0	0	1	24	222	6	36	32256	960	0	0	0	960
333	6193	0	1	0	1	0	0	1	24	222	6	36	32256	960	0	0	0	960
333	6194	0	1	0	1	0	0	1	24	222	6	36	32256	960	0	0	0	960
333	6196	0	1	0	1	0	0	1	24	222	6	36	32256	960	0	0	0	960
333	6200	0	1	0	1	0	0	1	24	222	6	36	32256	960	0	0	0	960
333	6211	0	1	0	1	0	0	1	24	222	6	36	32256	960	0	0	0	960
333	6213	0	1	0	1	0	0	1	24	222	6	36	32256	960	0	0	0	960
333	6214	0	1	0	1	0	0	1	24	222	6	36	32256	960	0	0	0	960
333	6217	0	1	0	1	0	0	1	24	222	6	36	32256	960	0	0	0	960
333	6218	0	1	0	1	0	0	1	24	222	6	36	32256	960	0	0	0	960
333	6220	0	1	0	1	0	0	1	24	222	6	36	32256	960	0	0	0	960
333	6225	0	1	0	1	0	0	1	24	222	6	36	32256	960	0	0	0	960
333	6226	0	1	0	1	0	0	1	24	222	6	36	32256	960	0	0	0	960
333	6228	0	1	0	1	0	0	1	24	222	6	36	32256	960	0	0	0	960
333	6232	0	1	0	1	0	0	1	24	222	6	36	32256	960	0	0	0	960
333	6241	0	1	0	1	0	0	1	24	222	6	36	32256	960	0	0	0	960
333	6242	0	1	0	1	0	0	1	24	222	6	36	32256	960	0	0	0	960
333	6244	0	1	0	1	0	0	1	24	222	6	36	32256	960	0	0	0	960
333	6248	0	1	0	1	0	0	1	24	222	6	36	32256	960	0	0	0	960
333	6256	0	1	0	1	0	0	1	24	222	6	36	32256	960	0	0	0	960
333	6275	0	1	0	1	0	0	1	24	222	6	36	32256	960	0	0	0	960
333	6277	0	1	0	1	0	0	1	24	222	6	36	32256	960	0	0	0	960
333	6278	0	1	0	1	0	0	1	24	222	6	36	32256	960	0	0	0	960
333	6281	0	1	0	1	0	0	1	24	222	6	36	32256	960	0	0	0	960
333	6282	0	1	0	1	0	0	1	24	222	6	36	32256	960	0	0	0	960
333	6284	0	1	0	1	0	0	1	24	222	6	36	32256	960	0	0	0	960
333	6289	0	1	0	1	0	0	1	24	222	6	36	32256	960	0	0	0	960
333	6290	0	1	0	1	0	0	1	24	222	6	36	32256	960	0	0	0	960
333	6292	0	1	0	1	0	0	1	24	222	6	36	32256	960	0	0	0	960
333	6296	0	1	0	1	0	0	1	24	222	6	36	32256	960	0	0	0	960
333	6305	0	1	0	1	0	0	1	24	222	6	36	32256	960	0	0	0	960
333	6306	0	1	0	1	0	0	1	24	222	6	36	32256	960	0	0	0	960
333	6308	0	1	0	1	0	0	1	24	222	6	36	32256	960	0	0	0	960
333	6312	0	1	0	1	0	0	1	24	222	6	36	32256	960	0	0	0	960
333	6320	0	1	0	1	0	0	1	24	222	6	36	32256	960	0	0	0	960
333	6337	0	1	0	1	0	0	1	24	222	6	36	32256	960	0	0	0	960
333	6338	0	1	0	1	0	0	1	24	222	6	36	32256	960	0	0	0	960
333	6340	0	1	0	1	0	0	1	24	222	6	36	32256	960	0	0	0	960
333	6344	0	1	0	1	0	0	1	24	222	6	36	32256	960	0	0	0	960
333	6352	0	1	0	1	0	0	1	24	222	6	36	32256	960	0	0	0	960
333	6368	0	1	0	1	0	0	1	24	222	6	36	32256	960	0	0	0	960
333	6403	0	1	0	1	0	0	1	24	222	6	36	32256	960	0	0	0	960
333	6405	0	1	0	1	0	0	1	24	222	6	36	32256	960	0	0	0	960
333	6406	0	1	0	1	0	0	1	24	222	6	36	32256	960	0	0	0	960
333	6409	0	1	0	1	0	0	1	24	222	6	36	32256	960	0	0	0	960
333	6410	0	1	0	1	0	0	1	24	222	6	36	32256	960	0	0	0	960
333	6412	0	1	0	1	0	0	1	24	222	6	36	32256	960	0	0	0	960
333	6417	0	1	0	1	0	0	1	24	222	6	36	32256	960	0	0	0	960
333	6418	0	1	0	1	0	0	1	24	222	6	36	32256	960	0	0	0	960
333	6420	0	1	0	1	0	0	1	24	222	6	36	32256	960	0	0	0	960
333	6424	0	1	0	1	0	0	1	24	222	6	36	32256	960	0	0	0	960
333	6433	0	1	0	1	0	0	1	24	222	6	36	32256	960	0	0	0	960
333	6434	0	1	0	1	0	0	1	24	222	6	36	32256	960	0	0	0	960
333	6436	0	1	0	1	0	0	1	24	222	6	36	32256	960	0	0	0	960
333	6440	0	1	0	1	0	0	1	24	222	6	36	32256	960	0	0	0	960
333	6448	0	1	0	1	0	0	1	24	222	6	36	32256	960	0	0	0	960
333	6465	0	1	0	1	0	0	1	24	222	6	36	32256	960	0	0	0	960
333	6466	0	1	0	1	0	0	1	24	222	6	36	32256	960	0	0	0	960
333	6468	0	1	0	1	0	0	1	24	222	6	36	32256	960	0	0	0	960
333	6472	0	1	0	1	0	0	1	24	222	6	36	32256	960	0	0	0	960
333	6480	0	1	0	1	0	0	1	24	222	6	36	32256	960	0	0	0	960
333	6496	0	1	0	1	0	0	1	24	222	6	36	32256	960	0	0	0	960
333	6529	0	1	0	1	0	0	1	24	222	6	36	32256	960	0	0	0	960
333	6530	0	1	0	1	0	0	1	24	222	6	36	32256	960	0	0	0	960
333	6532	0	1	0	1	0	0	1	24	222	6	36	32256	960	0	0	0	960
333	6536	0	1	0	1	0	0	1	24	222	6	36	32256	960	0	0	0	960
333	6544	0	1	0	1	0	0	1	24	222	6	36	32256	960	0	0	0	960
333	6560	0	1	0	1	0	0	1	24	222	6	36	32256	960	0	0	0	960
333	6592	0	1	0	1	0	0	1	24	222	6	36	32256	960	0	0	0	960
333	6659	0	1	0	1	0	0	1	27	222	6	39	32256	896	0	0	0	896
333	6661	0	1	0	1	0	0	1	27	222	6	39	32256	896	0	0	0	896
333	6662	0	1	0	1	0	0	1	27	222	6	39	32256	896	0	0	0	896
333	6665	0	1	0	1	0	0	1	27	222	6	39	32256	896	0	0	0	896
333	6666	0	1	0	1	0	0	1	27	222	6	39	32256	896	0	0	0	896
333	6668	0	1	0	1	0	0	1	27	222	6	39	32256	896	0	0	0	896
333	6673	0	1	0	1	0	0	1	27	222	6	39	32256	896	0	0	0	896
333	6674	0	1	0	1	0	0	1	27	222	6	39	32256	896	0	0	0	896
333	6676	0	1	0	1	0	0	1	27	222	6	39	32256	896	0	0	0	896
333	6680	0	1	0	1	0	0	1	27	222	6	39	32256	896	0	0	0	896
333	6689	0	1	0	1	0	0	1	27	222	6	39	32256	896	0	0	0	896
333	6690	0	1	0	1	0	0	1	27	222	6	39	32256	896	0	0	0	896
333	6692	0	1	0	1	0	0	1	27	222	6	39	32256	896	0	0	0	896
333	6696	0	1	0	1	0	0	1	27	222	6	39	32256	896	0	0	0	896
333	6704	0	1	0	1	0	0	1	27	222	6	39	32256	896	0	0	0	896
333	6721	0	1	0	1	0	0	1	27	222	6	39	32256	896	0	0	0	896
333	6722	0	1	0	1	0	0	1	27	222	6	39	32256	896	0	0	0	896
333	6724	0	1	0	1	0	0	1	27	222	6	39	32256	896	0	0	0	896
333	6728	0	1	0	1	0	0	1	27	222	6	39	32256	896	0	0	0	896
333	6736	0	1	0	1	0	0	1	27	222	6	39	32256	896	0	0	0	896
333	6752	0	1	0	1	0	0	1	27	222	6	39	32256	896	0	0	0	896
333	6785	0	1	0	1	0	0	1	27	222	6	39	32256	896	0	0	0	896
333	6786	0	1	0	1	0	0	1	27	222	6	39	32256	896	0	0	0	896
333	6788	0	1	0	1	0	0	1	27	222	6	39	32256	896	0	0	0	896
333	6792	0	1	0	1	0	0	1	27	222	6	39	32256	896	0	0	0	896
333	6800	0	1	0	1	0	0	1	27	222	6	39	32256	896	0	0	0	896
333	6816	0	1	0	1	0	0	1	27	222	6	39	32256	896	0	0	0	896
333	6848	0	1	0	1	0	0	1	27	222	6	39	32256	896	0	0	0	896
333	6913	0	1	0	1	0	0	1	27	222	6	39	32256	896	0	0	0	896
333	6914	0	1	0	1	0	0	1	27	222	6	39	32256	896	0	0	0	896
333	6916	0	1	0	1	0	0	1	27	222	6	39	32256	896	0	0	0	896
333	6920	0	1	0	1	0	0	1	27	222	6	39	32256	896	0	0	0	896
333	6928	0	1	0	1	0	0	1	27	222	6	39	32256	896	0	0	0	896
333	6944	0	1	0	1	0	0	1	27	222	6	39	32256	896	0	0	0	896
333	6976	0	1	0	1	0	0	1	27	222	6	39	32256	896	0	0	0	896
333	7040	0	1	0	1	0	0	1	27	222	6	39	32256	896	0	0	0	896
333	7171	0	1	0	1	0	0	1	27	222	6	39	32256	896	0	0	0	896
333	7173	0	1	0	1	0	0	1	27	222	6	39	32256	896	0	0	0	896
333	7174	0	1	0	1	0	0	1	27	222	6	39	32256	896	0	0	0	896
333	7177	0	1	0	1	0	0	1	27	222	6	39	32256	896	0	0	0	896
333	7178	0	1	0	1	0	0	1	27	222	6	39	32256	896	0	0	0	896
333	7180	0	1	0	1	0	0	1	27	222	6	39	32256	896	0	0	0	896
333	7185	0	1	0	1	0	0	1	27	222	6	39	32256	896	0	0	0	896
333	7186	0	1	0	1	0	0	1	27	222	6	39	32256	896	0	0	0	896
333	7188	0	1	0	1	0	0	1	27	222	6	39	32256	896	0	0	0	896
333	7192	0	1	0	1	0	0	1	27	222	6	39	32256	896	0	0	0	896
333	7201	0	1	0	1	0	0	1	27	222	6	39	32256	896	0	0	0	896
333	7202	0	1	0	1	0	0	1	27	222	6	39	32256	896	0	0	0	896
333	7204	0	1	0	1	0	0	1	27	222	6	39	32256	896	0	0	0	896
333	7208	0	1	0	1	0	0	1	27	222	6	39	32256	896	0	0	0	896
333	7216	0	1	0	1	0	0	1	27	222	6	39	32256	896	0	0	0	896
333	7233	0	1	0	1	0	0	1	27	222	6	39	32256	896	0	0	0	896
333	7234	0	1	0	1	0	0	1	27	222	6	39	32256	896	0	0	0	896
333	7236	0	1	0	1	0	0	1	27	222	6	39	32256	896	0	0	0	896
333	7240	0	1	0	1	0	0	1	27	222	6	39	32256	896	0	0	0	896
333	7248	0	1	0	1	0	0	1	27	222	6	39	32256	896	0	0	0	896
333	7264	0	1	0	1	0	0	1	27	222	6	39	32256	896	0	0	0	896
333	7297	0	1	0	1	0	0	1	27	222	6	39	32256	896	0	0	0	896
333	7298	0	1	0	1	0	0	1	27	222	6	39	32256	896	0	0	0	896
333	7300	0	1	0	1	0	0	1	27	222	6	39	32256	896	0	0	0	896
333	7304	0	1	0	1	0	0	1	27	222	6	39	32256	896	0	0	0	896
333	7312	0	1	0	1	0	0	1	27	222	6	39	32256	896	0	0	0	896
333	7328	0	1	0	1	0	0	1	27	222	6	39	32256	896	0	0	0	896
333	7360	0	1	0	1	0	0	1	27	222	6	39	32256	896	0	0	0	896
333	7425	0	1	0	1	0	0	1	27	222	6	39	32256	896	0	0	0	896
333	7426	0	1	0	1	0	0	1	27	222	6	39	32256	896	0	0	0	896
333	7428	0	1	0	1	0	0	1	27	222	6	39	32256	896	0	0	0	896
333	7432	0	1	0	1	0	0	1	27	222	6	39	32256	896	0	0	0	896
333	7440	0	1	0	1	0	0	1	27	222	6	39	32256	896	0	0	0	896
333	7456	0	1	0	1	0	0	1	27	222	6	39	32256	896	0	0	0	896
333	7488	0	1	0	1	0	0	1	27	222	6	39	32256	896	0	0	0	896
333	7552	0	1	0	1	0	0	1	27	222	6	39	32256	896	0	0	0	896
333	7681	0	1	0	1	0	0	1	34	75	4	42	32256	768	0	0	0	768
333	7682	0	1	0	1	0	0	1	34	75	4	42	32256	768	0	0	0	768
333	7684	0	1	0	1	0	0	1	34	75	4	42	32256	768	0	0	0	768
333	7688	0	1	0	1	0	0	1	34	75	4	42	32256	768	0	0	0	768
333	7696	0	1	0	1	0	0	1	34	75	4	42	32256	768	0	0	0	768
333	7712	0	1	0	1	0	0	1	34	75	4	42	32256	768	0	0	0	768
333	7744	0	1	0	1	0	0	1	34	75	4	42	32256	768	0	0	0	768
333	7808	0	1	0	1	0	0	1	34	75	4	42	32256	768	0	0	0	768
333	7936	0	1	0	1	0	0	1	34	75	4	42	32256	768	0	0	0	768
333	8207	0	1	0	1	0	0	1	25	75	4	33	32256	992	0	0	0	992
333	8215	0	1	0	1	0	0	1	25	75	4	33	32256	992	0	0	0	992
333	8219	0	1	0	1	0	0	1	25	75	4	33	32256	992	0	0	0	992
333	8221	0	1	0	1	0	0	1	25	75	4	33	32256	992	0	0	0	992
333	8222	0	1	0	1	0	0	1	25	75	4	33	32256	992	0	0	0	992
333	8231	0	1	0	1	0	0	1	25	75	4	33	32256	992	0	0	0	992
333	8235	0	1	0	1	0	0	1	25	75	4	33	32256	992	0	0	0	992
333	8237	0	1	0	1	0	0	1	25	75	4	33	32256	992	0	0	0	992
333	8238	0	1	0	1	0	0	1	25	75	4	33	32256	992	0	0	0	992
333	8243	0	1	0	1	0	0	1	25	75	4	33	32256	992	0	0	0	992
333	8245	0	1	0	1	0	0	1	25	75	4	33	32256	992	0	0	0	992
333	8246	0	1	0	1	0	0	1	25	75	4	33	32256	992	0	0	0	992
333	8249	0	1	0	1	0	0	1	25	75	4	33	32256	992	0	0	0	992
333	8250	0	1	0	1	0	0	1	25	75	4	33	32256	992	0	0	0	992
333	8252	0	1	0	1	0	0	1	25	75	4	33	32256	992	0	0	0	992
333	8263	0	1	0	1	0	0	1	25	75	4	33	32256	992	0	0	0	992
333	8267	0	1	0	1	0	0	1	25	75	4	33	32256	992	0	0	0	992
333	8269	0	1	0	1	0	0	1	25	75	4	33	32256	992	0	0	0	992
333	8270	0	1	0	1	0	0	1	25	75	4	33	32256	992	0	0	0	992
333	8275	0	1	0	1	0	0	1	25	75	4	33	32256	992	0	0	0	992
333	8277	0	1	0	1	0	0	1	25	75	4	33	32256	992	0	0	0	992
333	8278	0	1	0	1	0	0	1	25	75	4	33	32256	992	0	0	0	992
333	8281	0	1	0	1	0	0	1	25	75	4	33	32256	992	0	0	0	992
333	8282	0	1	0	1	0	0	1	25	75	4	33	32256	992	0	0	0	992
333	8284	0	1	0	1	0	0	1	25	75	4	33	32256	992	0	0	0	992
333	8291	0	1	0	1	0	0	1	25	75	4	33	32256	992	0	0	0	992
333	8293	0	1	0	1	0	0	1	25	75	4	33	32256	992	0	0	0	992
333	8294	0	1	0	1	0	0	1	25	75	4	33	32256	992	0	0	0	992
333	8297	0	1	0	1	0	0	1	25	75	4	33	32256	992	0	0	0	992
333	8298	0	1	0	1	0	0	1	25	75	4	33	32256	992	0	0	0	992
333	8300	0	1	0	1	0	0	1	25	75	4	33	32256	992	0	0	0	992
333	8305	0	1	0	1	0	0	1	25	75	4	33	32256	992	0	0	0	992
333	8306	0	1	0	1	0	0	1	25	75	4	33	32256	992	0	0	0	992
333	8308	0	1	0	1	0	0	1	25	75	4	33	32256	992	0	0	0	992
333	8312	0	1	0	1	0	0	1	25	75	4	33	32256	992	0	0	0	992
333	8327	0	1	0	1	0	0	1	25	75	4	33	32256	992	0	0	0	992
333	8331	0	1	0	1	0	0	1	25	75	4	33	32256	992	0	0	0	992
333	8333	0	1	0	1	0	0	1	25	75	4	33	32256	992	0	0	0	992
333	8334	0	1	0	1	0	0	1	25	75	4	33	32256	992	0	0	0	992
333	8339	0	1	0	1	0	0	1	25	75	4	33	32256	992	0	0	0	992
333	8341	0	1	0	1	0	0	1	25	75	4	33	32256	992	0	0	0	992
333	8342	0	1	0	1	0	0	1	25	75	4	33	32256	992	0	0	0	992
333	8345	0	1	0	1	0	0	1	25	75	4	33	32256	992	0	0	0	992
333	8346	0	1	0	1	0	0	1	25	75	4	33	32256	992	0	0	0	992
333	8348	0	1	0	1	0	0	1	25	75	4	33	32256	992	0	0	0	992
333	8355	0	1	0	1	0	0	1	25	75	4	33	32256	992	0	0	0	992
333	8357	0	1	0	1	0	0	1	25	75	4	33	32256	992	0	0	0	992
333	8358	0	1	0	1	0	0	1	25	75	4	33	32256	992	0	0	0	992
333	8361	0	1	0	1	0	0	1	25	75	4	33	32256	992	0	0	0	992
333	8362	0	1	0	1	0	0	1	25	75	4	33	32256	992	0	0	0	992
333	8364	0	1	0	1	0	0	1	25	75	4	33	32256	992	0	0	0	992
333	8369	0	1	0	1	0	0	1	25	75	4	33	32256	992	0	0	0	992
333	8370	0	1	0	1	0	0	1	25	75	4	33	32256	992	0	0	0	992
333	8372	0	1	0	1	0	0	1	25	75	4	33	32256	992	0	0	0	992
333	8376	0	1	0	1	0	0	1	25	75	4	33	32256	992	0	0	0	992
333	8387	0	1	0	1	0	0	1	25	75	4	33	32256	992	0	0	0	992
333	8389	0	1	0	1	0	0	1	25	75	4	33	32256	992	0	0	0	992
333	8390	0	1	0	1	0	0	1	25	75	4	33	32256	992	0	0	0	992
333	8393	0	1	0	1	0	0	1	25	75	4	33	32256	992	0	0	0	992
333	8394	0	1	0	1	0	0	1	25	75	4	33	32256	992	0	0	0	992
333	8396	0	1	0	1	0	0	1	25	75	4	33	32256	992	0	0	0	992
333	8401	0	1	0	1	0	0	1	25	75	4	33	32256	992	0	0	0	992
333	8402	0	1	0	1	0	0	1	25	75	4	33	32256	992	0	0	0	992
333	8404	0	1	0	1	0	0	1	25	75	4	33	32256	992	0	0	0	992
333	8408	0	1	0	1	0	0	1	25	75	4	33	32256	992	0	0	0	992
333	8417	0	1	0	1	0	0	1	25	75	4	33	32256	992	0	0	0	992
333	8418	0	1	0	1	0	0	1	25	75	4	33	32256	992	0	0	0	992
333	8420	0	1	0	1	0	0	1	25	75	4	33	32256	992	0	0	0	992
333	8424	0	1	0	1	0	0	1	25	75	4	33	32256	992	0	0	0	992
333	8432	0	1	0	1	0	0	1	25	75	4	33	32256	992	0	0	0	992
333	8455	0	1	0	1	0	0	1	25	75	4	33	32256	992	0	0	0	992
333	8459	0	1	0	1	0	0	1	25	75	4	33	32256	992	0	0	0	992
333	8461	0	1	0	1	0	0	1	25	75	4	33	32256	992	0	0	0	992
333	8462	0	1	0	1	0	0	1	25	75	4	33	32256	992	0	0	0	992
333	8467	0	1	0	1	0	0	1	25	75	4	33	32256	992	0	0	0	992
333	8469	0	1	0	1	0	0	1	25	75	4	33	32256	992	0	0	0	992
333	8470	0	1	0	1	0	0	1	25	75	4	33	32256	992	0	0	0	992
333	8473	0	1	0	1	0	0	1	25	75	4	33	32256	992	0	0	0	992
333	8474	0	1	0	1	0	0	1	25	75	4	33	32256	992	0	0	0	992
333	8476	0	1	0	1	0	0	1	25	75	4	33	32256	992	0	0	0	992
333	8483	0	1	0	1	0	0	1	25	75	4	33	32256	992	0	0	0	992
333	8485	0	1	0	1	0	0	1	25	75	4	33	32256	992	0	0	0	992
333	8486	0	1	0	1	0	0	1	25	75	4	33	32256	992	0	0	0	992
333	8489	0	1	0	1	0	0	1	25	75	4	33	32256	992	0	0	0	992
333	8490	0	1	0	1	0	0	1	25	75	4	33	32256	992	0	0	0	992
333	8492	0	1	0	1	0	0	1	25	75	4	33	32256	992	0	0	0	992
333	8497	0	1	0	1	0	0	1	25	75	4	33	32256	992	0	0	0	992
333	8498	0	1	0	1	0	0	1	25	75	4	33	32256	992	0	0	0	992
333	8500	0	1	0	1	0	0	1	25	75	4	33	32256	992	0	0	0	992
333	8504	0	1	0	1	0	0	1	25	75	4	33	32256	992	0	0	0	992
333	8515	0	1	0	1	0	0	1	25	75	4	33	32256	992	0	0	0	992
333	8517	0	1	0	1	0	0	1	25	75	4	33	32256	992	0	0	0	992
333	8518	0	1	0	1	0	0	1	25	75	4	33	32256	992	0	0	0	992
333	8521	0	1	0	1	0	0	1	25	75	4	33	32256	992	0	0	0	992
333	8522	0	1	0	1	0	0	1	25	75	4	33	32256	992	0	0	0	992
333	8524	0	1	0	1	0	0	1	25	75	4	33	32256	992	0	0	0	992
333	8529	0	1	0	1	0	0	1	25	75	4	33	32256	992	0	0	0	992
333	8530	0	1	0	1	0	0	1	25	75	4	33	32256	992	0	0	0	992
333	8532	0	1	0	1	0	0	1	25	75	4	33	32256	992	0	0	0	992
333	8536	0	1	0	1	0	0	1	25	75	4	33	32256	992	0	0	0	992
333	8545	0	1	0	1	0	0	1	25	75	4	33	32256	992	0	0	0	992
333	8546	0	1	0	1	0	0	1	25	75	4	33	32256	992	0	0	0	992
333	8548	0	1	0	1	0	0	1	25	75	4	33	32256	992	0	0	0	992
333	8552	0	1	0	1	0	0	1	25	75	4	33	32256	992	0	0	0	992
333	8560	0	1	0	1	0	0	1	25	75	4	33	32256	992	0	0	0	992
333	8579	0	1	0	1	0	0	1	25	75	4	33	32256	992	0	0	0	992
333	8581	0	1	0	1	0	0	1	25	75	4	33	32256	992	0	0	0	992
333	8582	0	1	0	1	0	0	1	25	75	4	33	32256	992	0	0	0	992
333	8585	0	1	0	1	0	0	1	25	75	4	33	32256	992	0	0	0	992
333	8586	0	1	0	1	0	0	1	25	75	4	33	32256	992	0	0	0	992
333	8588	0	1	0	1	0	0	1	25	75	4	33	32256	992	0	0	0	992
333	8593	0	1	0	1	0	0	1	25	75	4	33	32256	992	0	0	0	992
333	8594	0	1	0	1	0	0	1	25	75	4	33	32256	992	0	0	0	992
333	8596	0	1	0	1	0	0	1	25	75	4	33	32256	992	0	0	0	992
333	8600	0	1	0	1	0	0	1	25	75	4	33	32256	992	0	0	0	992
333	8609	0	1	0	1	0	0	1	25	75	4	33	32256	992	0	0	0	992
333	8610	0	1	0	1	0	0	1	25	75	4	33	32256	992	0	0	0	992
333	8612	0	1	0	1	0	0	1	25	75	4	33	32256	992	0	0	0	992
333	8616	0	1	0	1	0	0	1	25	75	4	33	32256	992	0	0	0	992
333	8624	0	1	0	1	0	0	1	25	75	4	33	32256	992	0	0	0	992
333	8641	0	1	0	1	0	0	1	25	75	4	33	32256	992	0	0	0	992
333	8642	0	1	0	1	0	0	1	25	75	4	33	32256	992	0	0	0	992
333	8644	0	1	0	1	0	0	1	25	75	4	33	32256	992	0	0	0	992
333	8648	0	1	0	1	0	0	1	25	75	4	33	32256	992	0	0	0	992
333	8656	0	1	0	1	0	0	1	25	75	4	33	32256	992	0	0	0	992
333	8672	0	1	0	1	0	0	1	25	75	4	33	32256	992	0	0	0	992
333	8711	0	1	0	1	0	0	1	24	222	6	36	32256	960	0	0	0	960
333	8715	0	1	0	1	0	0	1	24	222	6	36	32256	960	0	0	0	960
333	8717	0	1	0	1	0	0	1	24	222	6	36	32256	960	0	0	0	960
333	8718	0	1	0	1	0	0	1	24	222	6	36	32256	960	0	0	0	960
333	8723	0	1	0	1	0	0	1	24	222	6	36	32256	960	0	0	0	960
333	8725	0	1	0	1	0	0	1	24	222	6	36	32256	960	0	0	0	960
333	8726	0	1	0	1	0	0	1	24	222	6	36	32256	960	0	0	0	960
333	8729	0	1	0	1	0	0	1	24	222	6	36	32256	960	0	0	0	960
333	8730	0	1	0	1	0	0	1	24	222	6	36	32256	960	0	0	0	960
333	8732	0	1	0	1	0	0	1	24	222	6	36	32256	960	0	0	0	960
333	8739	0	1	0	1	0	0	1	24	222	6	36	32256	960	0	0	0	960
333	8741	0	1	0	1	0	0	1	24	222	6	36	32256	960	0	0	0	960
333	8742	0	1	0	1	0	0	1	24	222	6	36	32256	960	0	0	0	960
333	8745	0	1	0	1	0	0	1	24	222	6	36	32256	960	0	0	0	960
333	8746	0	1	0	1	0	0	1	24	222	6	36	32256	960	0	0	0	960
333	8748	0	1	0	1	0	0	1	24	222	6	36	32256	960	0	0	0	960
333	8753	0	1	0	1	0	0	1	24	222	6	36	32256	960	0	0	0	960
333	8754	0	1	0	1	0	0	1	24	222	6	36	32256	960	0	0	0	960
333	8756	0	1	0	1	0	0	1	24	222	6	36	32256	960	0	0	0	960
333	8760	0	1	0	1	0	0	1	24	222	6	36	32256	960	0	0	0	960
333	8771	0	1	0	1	0	0	1	24	222	6	36	32256	960	0	0	0	960
333	8773	0	1	0	1	0	0	1	24	222	6	36	32256	960	0	0	0	960
333	8774	0	1	0	1	0	0	1	24	222	6	36	32256	960	0	0	0	960
333	8777	0	1	0	1	0	0	1	24	222	6	36	32256	960	0	0	0	960
333	8778	0	1	0	1	0	0	1	24	222	6	36	32256	960	0	0	0	960
333	8780	0	1	0	1	0	0	1	24	222	6	36	32256	960	0	0	0	960
333	8785	0	1	0	1	0	0	1	24	222	6	36	32256	960	0	0	0	960
333	8786	0	1	0	1	0	0	1	24	222	6	36	32256	960	0	0	0	960
333	8788	0	1	0	1	0	0	1	24	222	6	36	32256	960	0	0	0	960
333	8792	0	1	0	1	0	0	1	24	222	6	36	32256	960	0	0	0	960
333	8801	0	1	0	1	0	0	1	24	222	6	36	32256	960	0	0	0	960
333	8802	0	1	0	1	0	0	1	24	222	6	36	32256	960	0	0	0	960
333	8804	0	1	0	1	0	0	1	24	222	6	36	32256	960	0	0	0	960
333	8808	0	1	0	1	0	0	1	24	222	6	36	32256	960	0	0	0	960
333	8816	0	1	0	1	0	0	1	24	222	6	36	32256	960	0	0	0	960
333	8835	0	1	0	1	0	0	1	24	222	6	36	32256	960	0	0	0	960
333	8837	0	1	0	1	0	0	1	24	222	6	36	32256	960	0	0	0	960
333	8838	0	1	0	1	0	0	1	24	222	6	36	32256	960	0	0	0	960
333	8841	0	1	0	1	0	0	1	24	222	6	36	32256	960	0	0	0	960
333	8842	0	1	0	1	0	0	1	24	222	6	36	32256	960	0	0	0	960
333	8844	0	1	0	1	0	0	1	24	222	6	36	32256	960	0	0	0	960
333	8849	0	1	0	1	0	0	1	24	222	6	36	32256	960	0	0	0	960
333	8850	0	1	0	1	0	0	1	24	222	6	36	32256	960	0	0	0	960
333	8852	0	1	0	1	0	0	1	24	222	6	36	32256	960	0	0	0	960
333	8856	0	1	0	1	0	0	1	24	222	6	36	32256	960	0	0	0	960
333	8865	0	1	0	1	0	0	1	24	222	6	36	32256	960	0	0	0	960
333	8866	0	1	0	1	0	0	1	24	222	6	36	32256	960	0	0	0	960
333	8868	0	1	0	1	0	0	1	24	222	6	36	32256	960	0	0	0	960
333	8872	0	1	0	1	0	0	1	24	222	6	36	32256	960	0	0	0	960
333	8880	0	1	0	1	0	0	1	24	222	6	36	32256	960	0	0	0	960
333	8897	0	1	0	1	0	0	1	24	222	6	36	32256	960	0	0	0	960
333	8898	0	1	0	1	0	0	1	24	222	6	36	32256	960	0	0	0	960
333	8900	0	1	0	1	0	0	1	24	222	6	36	32256	960	0	0	0	960
333	8904	0	1	0	1	0	0	1	24	222	6	36	32256	960	0	0	0	960
333	8912	0	1	0	1	0	0	1	24	222	6	36	32256	960	0	0	0	960
333	8928	0	1	0	1	0	0	1	24	222	6	36	32256	960	0	0	0	960
333	8963	0	1	0	1	0	0	1	24	222	6	36	32256	960	0	0	0	960
333	8965	0	1	0	1	0	0	1	24	222	6	36	32256	960	0	0	0	960
333	8966	0	1	0	1	0	0	1	24	222	6	36	32256	960	0	0	0	960
333	8969	0	1	0	1	0	0	1	24	222	6	36	32256	960	0	0	0	960
333	8970	0	1	0	1	0	0	1	24	222	6	36	32256	960	0	0	0	960
333	8972	0	1	0	1	0	0	1	24	222	6	36	32256	960	0	0	0	960
333	8977	0	1	0	1	0	0	1	24	222	6	36	32256	960	0	0	0	960
333	8978	0	1	0	1	0	0	1	24	222	6	36	32256	960	0	0	0	960
333	8980	0	1	0	1	0	0	1	24	222	6	36	32256	960	0	0	0	960
333	8984	0	1	0	1	0	0	1	24	222	6	36	32256	960	0	0	0	960
333	8993	0	1	0	1	0	0	1	24	222	6	36	32256	960	0	0	0	960
333	8994	0	1	0	1	0	0	1	24	222	6	36	32256	960	0	0	0	960
333	8996	0	1	0	1	0	0	1	24	222	6	36	32256	960	0	0	0	960
333	9000	0	1	0	1	0	0	1	24	222	6	36	32256	960	0	0	0	960
333	9008	0	1	0	1	0	0	1	24	222	6	36	32256	960	0	0	0	960
333	9025	0	1	0	1	0	0	1	24	222	6	36	32256	960	0	0	0	960
333	9026	0	1	0	1	0	0	1	24	222	6	36	32256	960	0	0	0	960
333	9028	0	1	0	1	0	0	1	24	222	6	36	32256	960	0	0	0	960
333	9032	0	1	0	1	0	0	1	24	222	6	36	32256	960	0	0	0	960
333	9040	0	1	0	1	0	0	1	24	222	6	36	32256	960	0	0	0	960
333	9056	0	1	0	1	0	0	1	24	222	6	36	32256	960	0	0	0	960
333	9089	0	1	0	1	0	0	1	24	222	6	36	32256	960	0	0	0	960
333	9090	0	1	0	1	0	0	1	24	222	6	36	32256	960	0	0	0	960
333	9092	0	1	0	1	0	0	1	24	222	6	36	32256	960	0	0	0	960
333	9096	0	1	0	1	0	0	1	24	222	6	36	32256	960	0	0	0	960
333	9104	0	1	0	1	0	0	1	24	222	6	36	32256	960	0	0	0	960
333	9120	0	1	0	1	0	0	1	24	222	6	36	32256	960	0	0	0	960
333	9152	0	1	0	1	0	0	1	24	222	6	36	32256	960	0	0	0	960
333	9223	0	1	0	1	0	0	1	24	222	6	36	32256	960	0	0	0	960
333	9227	0	1	0	1	0	0	1	24	222	6	36	32256	960	0	0	0	960
333	9229	0	1	0	1	0	0	1	24	222	6	36	32256	960	0	0	0	960
333	9230	0	1	0	1	0	0	1	24	222	6	36	32256	960	0	0	0	960
333	9235	0	1	0	1	0	0	1	24	222	6	36	32256	960	0	0	0	960
333	9237	0	1	0	1	0	0	1	24	222	6	36	32256	960	0	0	0	960
333	9238	0	1	0	1	0	0	1	24	222	6	36	32256	960	0	0	0	960
333	9241	0	1	0	1	0	0	1	24	222	6	36	32256	960	0	0	0	960
333	9242	0	1	0	1	0	0	1	24	222	6	36	32256	960	0	0	0	960
333	9244	0	1	0	1	0	0	1	24	222	6	36	32256	960	0	0	0	960
333	9251	0	1	0	1	0	0	1	24	222	6	36	32256	960	0	0	0	960
333	9253	0	1	0	1	0	0	1	24	222	6	36	32256	960	0	0	0	960
333	9254	0	1	0	1	0	0	1	24	222	6	36	32256	960	0	0	0	960
333	9257	0	1	0	1	0	0	1	24	222	6	36	32256	960	0	0	0	960
333	9258	0	1	0	1	0	0	1	24	222	6	36	32256	960	0	0	0	960
333	9260	0	1	0	1	0	0	1	24	222	6	36	32256	960	0	0	0	960
333	9265	0	1	0	1	0	0	1	24	222	6	36	32256	960	0	0	0	960
333	9266	0	1	0	1	0	0	1	24	222	6	36	32256	960	0	0	0	960
333	9268	0	1	0	1	0	0	1	24	222	6	36	32256	960	0	0	0	960
333	9272	0	1	0	1	0	0	1	24	222	6	36	32256	960	0	0	0	960
333	9283	0	1	0	1	0	0	1	24	222	6	36	32256	960	0	0	0	960
333	9285	0	1	0	1	0	0	1	24	222	6	36	32256	960	0	0	0	960
333	9286	0	1	0	1	0	0	1	24	222	6	36	32256	960	0	0	0	960
333	9289	0	1	0	1	0	0	1	24	222	6	36	32256	960	0	0	0	960
333	9290	0	1	0	1	0	0	1	24	222	6	36	32256	960	0	0	0	960
333	9292	0	1	0	1	0	0	1	24	222	6	36	32256	960	0	0	0	960
333	9297	0	1	0	1	0	0	1	24	222	6	36	32256	960	0	0	0	960
333	9298	0	1	0	1	0	0	1	24	222	6	36	32256	960	0	0	0	960
333	9300	0	1	0	1	0	0	1	24	222	6	36	32256	960	0	0	0	960
333	9304	0	1	0	1	0	0	1	24	222	6	36	32256	960	0	0	0	960
333	9313	0	1	0	1	0	0	1	24	222	6	36	32256	960	0	0	0	960
333	9314	0	1	0	1	0	0	1	24	222	6	36	32256	960	0	0	0	960
333	9316	0	1	0	1	0	0	1	24	222	6	36	32256	960	0	0	0	960
333	9320	0	1	0	1	0	0	1	24	222	6	36	32256	960	0	0	0	960
333	9328	0	1	0	1	0	0	1	24	222	6	36	32256	960	0	0	0	960
333	9347	0	1	0	1	0	0	1	24	222	6	36	32256	960	0	0	0	960
333	9349	0	1	0	1	0	0	1	24	222	6	36	32256	960	0	0	0	960
333	9350	0	1	0	1	0	0	1	24	222	6	36	32256	960	0	0	0	960
333	9353	0	1	0	1	0	0	1	24	222	6	36	32256	960	0	0	0	960
333	9354	0	1	0	1	0	0	1	24	222	6	36	32256	960	0	0	0	960
333	9356	0	1	0	1	0	0	1	24	222	6	36	32256	960	0	0	0	960
333	9361	0	1	0	1	0	0	1	24	222	6	36	32256	960	0	0	0	960
333	9362	0	1	0	1	0	0	1	24	222	6	36	32256	960	0	0	0	960
333	9364	0	1	0	1	0	0	1	24	222	6	36	32256	960	0	0	0	960
333	9368	0	1	0	1	0	0	1	24	222	6	36	32256	960	0	0	0	960
333	9377	0	1	0	1	0	0	1	24	222	6	36	32256	960	0	0	0	960
333	9378	0	1	0	1	0	0	1	24	222	6	36	32256	960	0	0	0	960
333	9380	0	1	0	1	0	0	1	24	222	6	36	32256	960	0	0	0	960
333	9384	0	1	0	1	0	0	1	24	222	6	36	32256	960	0	0	0	960
333	9392	0	1	0	1	0	0	1	24	222	6	36	32256	960	0	0	0	960
333	9409	0	1	0	1	0	0	1	24	222	6	36	32256	960	0	0	0	960
333	9410	0	1	0	1	0	0	1	24	222	6	36	32256	960	0	0	0	960
333	9412	0	1	0	1	0	0	1	24	222	6	36	32256	960	0	0	0	960
333	9416	0	1	0	1	0	0	1	24	222	6	36	32256	960	0	0	0	960
333	9424	0	1	0	1	0	0	1	24	222	6	36	32256	960	0	0	0	960
333	9440	0	1	0	1	0	0	1	24	222	6	36	32256	960	0	0	0	960
333	9475	0	1	0	1	0	0	1	24	222	6	36	32256	960	0	0	0	960
333	9477	0	1	0	1	0	0	1	24	222	6	36	32256	960	0	0	0	960
333	9478	0	1	0	1	0	0	1	24	222	6	36	32256	960	0	0	0	960
333	9481	0	1	0	1	0	0	1	24	222	6	36	32256	960	0	0	0	960
333	9482	0	1	0	1	0	0	1	24	222	6	36	32256	960	0	0	0	960
333	9484	0	1	0	1	0	0	1	24	222	6	36	32256	960	0	0	0	960
333	9489	0	1	0	1	0	0	1	24	222	6	36	32256	960	0	0	0	960
333	9490	0	1	0	1	0	0	1	24	222	6	36	32256	960	0	0	0	960
333	9492	0	1	0	1	0	0	1	24	222	6	36	32256	960	0	0	0	960
333	9496	0	1	0	1	0	0	1	24	222	6	36	32256	960	0	0	0	960
333	9505	0	1	0	1	0	0	1	24	222	6	36	32256	960	0	0	0	960
333	9506	0	1	0	1	0	0	1	24	222	6	36	32256	960	0	0	0	960
333	9508	0	1	0	1	0	0	1	24	222	6	36	32256	960	0	0	0	960
333	9512	0	1	0	1	0	0	1	24	222	6	36	32256	960	0	0	0	960
333	9520	0	1	0	1	0	0	1	24	222	6	36	32256	960	0	0	0	960
333	9537	0	1	0	1	0	0	1	24	222	6	36	32256	960	0	0	0	960
333	9538	0	1	0	1	0	0	1	24	222	6	36	32256	960	0	0	0	960
333	9540	0	1	0	1	0	0	1	24	222	6	36	32256	960	0	0	0	960
333	9544	0	1	0	1	0	0	1	24	222	6	36	32256	960	0	0	0	960
333	9552	0	1	0	1	0	0	1	24	222	6	36	32256	960	0	0	0	960
333	9568	0	1	0	1	0	0	1	24	222	6	36	32256	960	0	0	0	960
333	9601	0	1	0	1	0	0	1	24	222	6	36	32256	960	0	0	0	960
333	9602	0	1	0	1	0	0	1	24	222	6	36	32256	960	0	0	0	960
333	9604	0	1	0	1	0	0	1	24	222	6	36	32256	960	0	0	0	960
333	9608	0	1	0	1	0	0	1	24	222	6	36	32256	960	0	0	0	960
333	9616	0	1	0	1	0	0	1	24	222	6	36	32256	960	0	0	0	960
333	9632	0	1	0	1	0	0	1	24	222	6	36	32256	960	0	0	0	960
333	9664	0	1	0	1	0	0	1	24	222	6	36	32256	960	0	0	0	960
333	9731	0	1	0	1	0	0	1	27	222	6	39	32256	896	0	0	0	896
333	9733	0	1	0	1	0	0	1	27	222	6	39	32256	896	0	0	0	896
333	9734	0	1	0	1	0	0	1	27	222	6	39	32256	896	0	0	0	896
333	9737	0	1	0	1	0	0	1	27	222	6	39	32256	896	0	0	0	896
333	9738	0	1	0	1	0	0	1	27	222	6	39	32256	896	0	0	0	896
333	9740	0	1	0	1	0	0	1	27	222	6	39	32256	896	0	0	0	896
333	9745	0	1	0	1	0	0	1	27	222	6	39	32256	896	0	0	0	896
333	9746	0	1	0	1	0	0	1	27	222	6	39	32256	896	0	0	0	896
333	9748	0	1	0	1	0	0	1	27	222	6	39	32256	896	0	0	0	896
333	9752	0	1	0	1	0	0	1	27	222	6	39	32256	896	0	0	0	896
333	9761	0	1	0	1	0	0	1	27	222	6	39	32256	896	0	0	0	896
333	9762	0	1	0	1	0	0	1	27	222	6	39	32256	896	0	0	0	896
333	9764	0	1	0	1	0	0	1	27	222	6	39	32256	896	0	0	0	896
333	9768	0	1	0	1	0	0	1	27	222	6	39	32256	896	0	0	0	896
333	9776	0	1	0	1	0	0	1	27	222	6	39	32256	896	0	0	0	896
333	9793	0	1	0	1	0	0	1	27	222	6	39	32256	896	0	0	0	896
333	9794	0	1	0	1	0	0	1	27	222	6	39	32256	896	0	0	0	896
333	9796	0	1	0	1	0	0	1	27	222	6	39	32256	896	0	0	0	896
333	9800	0	1	0	1	0	0	1	27	222	6	39	32256	896	0	0	0	896
333	9808	0	1	0	1	0	0	1	27	222	6	39	32256	896	0	0	0	896
333	9824	0	1	0	1	0	0	1	27	222	6	39	32256	896	0	0	0	896
333	9857	0	1	0	1	0	0	1	27	222	6	39	32256	896	0	0	0	896
333	9858	0	1	0	1	0	0	1	27	222	6	39	32256	896	0	0	0	896
333	9860	0	1	0	1	0	0	1	27	222	6	39	32256	896	0	0	0	896
333	9864	0	1	0	1	0	0	1	27	222	6	39	32256	896	0	0	0	896
333	9872	0	1	0	1	0	0	1	27	222	6	39	32256	896	0	0	0	896
333	9888	0	1	0	1	0	0	1	27	222	6	39	32256	896	0	0	0	896
333	9920	0	1	0	1	0	0	1	27	222	6	39	32256	896	0	0	0	896
333	9985	0	1	0	1	0	0	1	27	222	6	39	32256	896	0	0	0	896
333	9986	0	1	0	1	0	0	1	27	222	6	39	32256	896	0	0	0	896
333	9988	0	1	0	1	0	0	1	27	222	6	39	32256	896	0	0	0	896
333	9992	0	1	0	1	0	0	1	27	222	6	39	32256	896	0	0	0	896
333	10000	0	1	0	1	0	0	1	27	222	6	39	32256	896	0	0	0	896
333	10016	0	1	0	1	0	0	1	27	222	6	39	32256	896	0	0	0	896
333	10048	0	1	0	1	0	0	1	27	222	6	39	32256	896	0	0	0	896
333	10112	0	1	0	1	0	0	1	27	222	6	39	32256	896	0	0	0	896
333	10247	0	1	0	1	0	0	1	24	222	6	36	32256	960	0	0	0	960
333	10251	0	1	0	1	0	0	1	24	222	6	36	32256	960	0	0	0	960
333	10253	0	1	0	1	0	0	1	24	222	6	36	32256	960	0	0	0	960
333	10254	0	1	0	1	0	0	1	24	222	6	36	32256	960	0	0	0	960
333	10259	0	1	0	1	0	0	1	24	222	6	36	32256	960	0	0	0	960
333	10261	0	1	0	1	0	0	1	24	222	6	36	32256	960	0	0	0	960
333	10262	0	1	0	1	0	0	1	24	222	6	36	32256	960	0	0	0	960
333	10265	0	1	0	1	0	0	1	24	222	6	36	32256	960	0	0	0	960
333	10266	0	1	0	1	0	0	1	24	222	6	36	32256	960	0	0	0	960
333	10268	0	1	0	1	0	0	1	24	222	6	36	32256	960	0	0	0	960
333	10275	0	1	0	1	0	0	1	24	222	6	36	32256	960	0	0	0	960
333	10277	0	1	0	1	0	0	1	24	222	6	36	32256	960	0	0	0	960
333	10278	0	1	0	1	0	0	1	24	222	6	36	32256	960	0	0	0	960
333	10281	0	1	0	1	0	0	1	24	222	6	36	32256	960	0	0	0	960
333	10282	0	1	0	1	0	0	1	24	222	6	36	32256	960	0	0	0	960
333	10284	0	1	0	1	0	0	1	24	222	6	36	32256	960	0	0	0	960
333	10289	0	1	0	1	0	0	1	24	222	6	36	32256	960	0	0	0	960
333	10290	0	1	0	1	0	0	1	24	222	6	36	32256	960	0	0	0	960
333	10292	0	1	0	1	0	0	1	24	222	6	36	32256	960	0	0	0	960
333	10296	0	1	0	1	0	0	1	24	222	6	36	32256	960	0	0	0	960
333	10307	0	1	0	1	0	0	1	24	222	6	36	32256	960	0	0	0	960
333	10309	0	1	0	1	0	0	1	24	222	6	36	32256	960	0	0	0	960
333	10310	0	1	0	1	0	0	1	24	222	6	36	32256	960	0	0	0	960
333	10313	0	1	0	1	0	0	1	24	222	6	36	32256	960	0	0	0	960
333	10314	0	1	0	1	0	0	1	24	222	6	36	32256	960	0	0	0	960
333	10316	0	1	0	1	0	0	1	24	222	6	36	32256	960	0	0	0	960
333	10321	0	1	0	1	0	0	1	24	222	6	36	32256	960	0	0	0	960
333	10322	0	1	0	1	0	0	1	24	222	6	36	32256	960	0	0	0	960
333	10324	0	1	0	1	0	0	1	24	222	6	36	32256	960	0	0	0	960
333	10328	0	1	0	1	0	0	1	24	222	6	36	32256	960	0	0	0	960
333	10337	0	1	0	1	0	0	1	24	222	6	36	32256	960	0	0	0	960
333	10338	0	1	0	1	0	0	1	24	222	6	36	32256	960	0	0	0	960
333	10340	0	1	0	1	0	0	1	24	222	6	36	32256	960	0	0	0	960
333	10344	0	1	0	1	0	0	1	24	222	6	36	32256	960	0	0	0	960
333	10352	0	1	0	1	0	0	1	24	222	6	36	32256	960	0	0	0	960
333	10371	0	1	0	1	0	0	1	24	222	6	36	32256	960	0	0	0	960
333	10373	0	1	0	1	0	0	1	24	222	6	36	32256	960	0	0	0	960
333	10374	0	1	0	1	0	0	1	24	222	6	36	32256	960	0	0	0	960
333	10377	0	1	0	1	0	0	1	24	222	6	36	32256	960	0	0	0	960
333	10378	0	1	0	1	0	0	1	24	222	6	36	32256	960	0	0	0	960
333	10380	0	1	0	1	0	0	1	24	222	6	36	32256	960	0	0	0	960
333	10385	0	1	0	1	0	0	1	24	222	6	36	32256	960	0	0	0	960
333	10386	0	1	0	1	0	0	1	24	222	6	36	32256	960	0	0	0	960
333	10388	0	1	0	1	0	0	1	24	222	6	36	32256	960	0	0	0	960
333	10392	0	1	0	1	0	0	1	24	222	6	36	32256	960	0	0	0	960
333	10401	0	1	0	1	0	0	1	24	222	6	36	32256	960	0	0	0	960
333	10402	0	1	0	1	0	0	1	24	222	6	36	32256	960	0	0	0	960
333	10404	0	1	0	1	0	0	1	24	222	6	36	32256	960	0	0	0	960
333	10408	0	1	0	1	0	0	1	24	222	6	36	32256	960	0	0	0	960
333	10416	0	1	0	1	0	0	1	24	222	6	36	32256	960	0	0	0	960
333	10433	0	1	0	1	0	0	1	24	222	6	36	32256	960	0	0	0	960
333	10434	0	1	0	1	0	0	1	24	222	6	36	32256	960	0	0	0	960
333	10436	0	1	0	1	0	0	1	24	222	6	36	32256	960	0	0	0	960
333	10440	0	1	0	1	0	0	1	24	222	6	36	32256	960	0	0	0	960
333	10448	0	1	0	1	0	0	1	24	222	6	36	32256	960	0	0	0	960
333	10464	0	1	0	1	0	0	1	24	222	6	36	32256	960	0	0	0	960
333	10499	0	1	0	1	0	0	1	24	222	6	36	32256	960	0	0	0	960
333	10501	0	1	0	1	0	0	1	24	222	6	36	32256	960	0	0	0	960
333	10502	0	1	0	1	0	0	1	24	222	6	36	32256	960	0	0	0	960
333	10505	0	1	0	1	0	0	1	24	222	6	36	32256	960	0	0	0	960
333	10506	0	1	0	1	0	0	1	24	222	6	36	32256	960	0	0	0	960
333	10508	0	1	0	1	0	0	1	24	222	6	36	32256	960	0	0	0	960
333	10513	0	1	0	1	0	0	1	24	222	6	36	32256	960	0	0	0	960
333	10514	0	1	0	1	0	0	1	24	222	6	36	32256	960	0	0	0	960
333	10516	0	1	0	1	0	0	1	24	222	6	36	32256	960	0	0	0	960
333	10520	0	1	0	1	0	0	1	24	222	6	36	32256	960	0	0	0	960
333	10529	0	1	0	1	0	0	1	24	222	6	36	32256	960	0	0	0	960
333	10530	0	1	0	1	0	0	1	24	222	6	36	32256	960	0	0	0	960
333	10532	0	1	0	1	0	0	1	24	222	6	36	32256	960	0	0	0	960
333	10536	0	1	0	1	0	0	1	24	222	6	36	32256	960	0	0	0	960
333	10544	0	1	0	1	0	0	1	24	222	6	36	32256	960	0	0	0	960
333	10561	0	1	0	1	0	0	1	24	222	6	36	32256	960	0	0	0	960
333	10562	0	1	0	1	0	0	1	24	222	6	36	32256	960	0	0	0	960
333	10564	0	1	0	1	0	0	1	24	222	6	36	32256	960	0	0	0	960
333	10568	0	1	0	1	0	0	1	24	222	6	36	32256	960	0	0	0	960
333	10576	0	1	0	1	0	0	1	24	222	6	36	32256	960	0	0	0	960
333	10592	0	1	0	1	0	0	1	24	222	6	36	32256	960	0	0	0	960
333	10625	0	1	0	1	0	0	1	24	222	6	36	32256	960	0	0	0	960
333	10626	0	1	0	1	0	0	1	24	222	6	36	32256	960	0	0	0	960
333	10628	0	1	0	1	0	0	1	24	222	6	36	32256	960	0	0	0	960
333	10632	0	1	0	1	0	0	1	24	222	6	36	32256	960	0	0	0	960
333	10640	0	1	0	1	0	0	1	24	222	6	36	32256	960	0	0	0	960
333	10656	0	1	0	1	0	0	1	24	222	6	36	32256	960	0	0	0	960
333	10688	0	1	0	1	0	0	1	24	222	6	36	32256	960	0	0	0	960
333	10755	0	1	0	1	0	0	1	27	222	6	39	32256	896	0	0	0	896
333	10757	0	1	0	1	0	0	1	27	222	6	39	32256	896	0	0	0	896
333	10758	0	1	0	1	0	0	1	27	222	6	39	32256	896	0	0	0	896
333	10761	0	1	0	1	0	0	1	27	222	6	39	32256	896	0	0	0	896
333	10762	0	1	0	1	0	0	1	27	222	6	39	32256	896	0	0	0	896
333	10764	0	1	0	1	0	0	1	27	222	6	39	32256	896	0	0	0	896
333	10769	0	1	0	1	0	0	1	27	222	6	39	32256	896	0	0	0	896
333	10770	0	1	0	1	0	0	1	27	222	6	39	32256	896	0	0	0	896
333	10772	0	1	0	1	0	0	1	27	222	6	39	32256	896	0	0	0	896
333	10776	0	1	0	1	0	0	1	27	222	6	39	32256	896	0	0	0	896
333	10785	0	1	0	1	0	0	1	27	222	6	39	32256	896	0	0	0	896
333	10786	0	1	0	1	0	0	1	27	222	6	39	32256	896	0	0	0	896
333	10788	0	1	0	1	0	0	1	27	222	6	39	32256	896	0	0	0	896
333	10792	0	1	0	1	0	0	1	27	222	6	39	32256	896	0	0	0	896
333	10800	0	1	0	1	0	0	1	27	222	6	39	32256	896	0	0	0	896
333	10817	0	1	0	1	0	0	1	27	222	6	39	32256	896	0	0	0	896
333	10818	0	1	0	1	0	0	1	27	222	6	39	32256	896	0	0	0	896
333	10820	0	1	0	1	0	0	1	27	222	6	39	32256	896	0	0	0	896
333	10824	0	1	0	1	0	0	1	27	222	6	39	32256	896	0	0	0	896
333	10832	0	1	0	1	0	0	1	27	222	6	39	32256	896	0	0	0	896
333	10848	0	1	0	1	0	0	1	27	222	6	39	32256	896	0	0	0	896
333	10881	0	1	0	1	0	0	1	27	222	6	39	32256	896	0	0	0	896
333	10882	0	1	0	1	0	0	1	27	222	6	39	32256	896	0	0	0	896
333	10884	0	1	0	1	0	0	1	27	222	6	39	32256	896	0	0	0	896
333	10888	0	1	0	1	0	0	1	27	222	6	39	32256	896	0	0	0	896
333	10896	0	1	0	1	0	0	1	27	222	6	39	32256	896	0	0	0	896
333	10912	0	1	0	1	0	0	1	27	222	6	39	32256	896	0	0	0	896
333	10944	0	1	0	1	0	0	1	27	222	6	39	32256	896	0	0	0	896
333	11009	0	1	0	1	0	0	1	27	222	6	39	32256	896	0	0	0	896
333	11010	0	1	0	1	0	0	1	27	222	6	39	32256	896	0	0	0	896
333	11012	0	1	0	1	0	0	1	27	222	6	39	32256	896	0	0	0	896
333	11016	0	1	0	1	0	0	1	27	222	6	39	32256	896	0	0	0	896
333	11024	0	1	0	1	0	0	1	27	222	6	39	32256	896	0	0	0	896
333	11040	0	1	0	1	0	0	1	27	222	6	39	32256	896	0	0	0	896
333	11072	0	1	0	1	0	0	1	27	222	6	39	32256	896	0	0	0	896
333	11136	0	1	0	1	0	0	1	27	222	6	39	32256	896	0	0	0	896
333	11267	0	1	0	1	0	0	1	27	222	6	39	32256	896	0	0	0	896
333	11269	0	1	0	1	0	0	1	27	222	6	39	32256	896	0	0	0	896
333	11270	0	1	0	1	0	0	1	27	222	6	39	32256	896	0	0	0	896
333	11273	0	1	0	1	0	0	1	27	222	6	39	32256	896	0	0	0	896
333	11274	0	1	0	1	0	0	1	27	222	6	39	32256	896	0	0	0	896
333	11276	0	1	0	1	0	0	1	27	222	6	39	32256	896	0	0	0	896
333	11281	0	1	0	1	0	0	1	27	222	6	39	32256	896	0	0	0	896
333	11282	0	1	0	1	0	0	1	27	222	6	39	32256	896	0	0	0	896
333	11284	0	1	0	1	0	0	1	27	222	6	39	32256	896	0	0	0	896
333	11288	0	1	0	1	0	0	1	27	222	6	39	32256	896	0	0	0	896
333	11297	0	1	0	1	0	0	1	27	222	6	39	32256	896	0	0	0	896
333	11298	0	1	0	1	0	0	1	27	222	6	39	32256	896	0	0	0	896
333	11300	0	1	0	1	0	0	1	27	222	6	39	32256	896	0	0	0	896
333	11304	0	1	0	1	0	0	1	27	222	6	39	32256	896	0	0	0	896
333	11312	0	1	0	1	0	0	1	27	222	6	39	32256	896	0	0	0	896
333	11329	0	1	0	1	0	0	1	27	222	6	39	32256	896	0	0	0	896
333	11330	0	1	0	1	0	0	1	27	222	6	39	32256	896	0	0	0	896
333	11332	0	1	0	1	0	0	1	27	222	6	39	32256	896	0	0	0	896
333	11336	0	1	0	1	0	0	1	27	222	6	39	32256	896	0	0	0	896
333	11344	0	1	0	1	0	0	1	27	222	6	39	32256	896	0	0	0	896
333	11360	0	1	0	1	0	0	1	27	222	6	39	32256	896	0	0	0	896
333	11393	0	1	0	1	0	0	1	27	222	6	39	32256	896	0	0	0	896
333	11394	0	1	0	1	0	0	1	27	222	6	39	32256	896	0	0	0	896
333	11396	0	1	0	1	0	0	1	27	222	6	39	32256	896	0	0	0	896
333	11400	0	1	0	1	0	0	1	27	222	6	39	32256	896	0	0	0	896
333	11408	0	1	0	1	0	0	1	27	222	6	39	32256	896	0	0	0	896
333	11424	0	1	0	1	0	0	1	27	222	6	39	32256	896	0	0	0	896
333	11456	0	1	0	1	0	0	1	27	222	6	39	32256	896	0	0	0	896
333	11521	0	1	0	1	0	0	1	27	222	6	39	32256	896	0	0	0	896
333	11522	0	1	0	1	0	0	1	27	222	6	39	32256	896	0	0	0	896
333	11524	0	1	0	1	0	0	1	27	222	6	39	32256	896	0	0	0	896
333	11528	0	1	0	1	0	0	1	27	222	6	39	32256	896	0	0	0	896
333	11536	0	1	0	1	0	0	1	27	222	6	39	32256	896	0	0	0	896
333	11552	0	1	0	1	0	0	1	27	222	6	39	32256	896	0	0	0	896
333	11584	0	1	0	1	0	0	1	27	222	6	39	32256	896	0	0	0	896
333	11648	0	1	0	1	0	0	1	27	222	6	39	32256	896	0	0	0	896
333	11777	0	1	0	1	0	0	1	34	75	4	42	32256	768	0	0	0	768
333	11778	0	1	0	1	0	0	1	34	75	4	42	32256	768	0	0	0	768
333	11780	0	1	0	1	0	0	1	34	75	4	42	32256	768	0	0	0	768
333	11784	0	1	0	1	0	0	1	34	75	4	42	32256	768	0	0	0	768
333	11792	0	1	0	1	0	0	1	34	75	4	42	32256	768	0	0	0	768
333	11808	0	1	0	1	0	0	1	34	75	4	42	32256	768	0	0	0	768
333	11840	0	1	0	1	0	0	1	34	75	4	42	32256	768	0	0	0	768
333	11904	0	1	0	1	0	0	1	34	75	4	42	32256	768	0	0	0	768
333	12032	0	1	0	1	0	0	1	34	75	4	42	32256	768	0	0	0	768
333	12295	0	1	0	1	0	0	1	24	222	6	36	32256	960	0	0	0	960
333	12299	0	1	0	1	0	0	1	24	222	6	36	32256	960	0	0	0	960
333	12301	0	1	0	1	0	0	1	24	222	6	36	32256	960	0	0	0	960
333	12302	0	1	0	1	0	0	1	24	222	6	36	32256	960	0	0	0	960
333	12307	0	1	0	1	0	0	1	24	222	6	36	32256	960	0	0	0	960
333	12309	0	1	0	1	0	0	1	24	222	6	36	32256	960	0	0	0	960
333	12310	0	1	0	1	0	0	1	24	222	6	36	32256	960	0	0	0	960
333	12313	0	1	0	1	0	0	1	24	222	6	36	32256	960	0	0	0	960
333	12314	0	1	0	1	0	0	1	24	222	6	36	32256	960	0	0	0	960
333	12316	0	1	0	1	0	0	1	24	222	6	36	32256	960	0	0	0	960
333	12323	0	1	0	1	0	0	1	24	222	6	36	32256	960	0	0	0	960
333	12325	0	1	0	1	0	0	1	24	222	6	36	32256	960	0	0	0	960
333	12326	0	1	0	1	0	0	1	24	222	6	36	32256	960	0	0	0	960
333	12329	0	1	0	1	0	0	1	24	222	6	36	32256	960	0	0	0	960
333	12330	0	1	0	1	0	0	1	24	222	6	36	32256	960	0	0	0	960
333	12332	0	1	0	1	0	0	1	24	222	6	36	32256	960	0	0	0	960
333	12337	0	1	0	1	0	0	1	24	222	6	36	32256	960	0	0	0	960
333	12338	0	1	0	1	0	0	1	24	222	6	36	32256	960	0	0	0	960
333	12340	0	1	0	1	0	0	1	24	222	6	36	32256	960	0	0	0	960
333	12344	0	1	0	1	0	0	1	24	222	6	36	32256	960	0	0	0	960
333	12355	0	1	0	1	0	0	1	24	222	6	36	32256	960	0	0	0	960
333	12357	0	1	0	1	0	0	1	24	222	6	36	32256	960	0	0	0	960
333	12358	0	1	0	1	0	0	1	24	222	6	36	32256	960	0	0	0	960
333	12361	0	1	0	1	0	0	1	24	222	6	36	32256	960	0	0	0	960
333	12362	0	1	0	1	0	0	1	24	222	6	36	32256	960	0	0	0	960
333	12364	0	1	0	1	0	0	1	24	222	6	36	32256	960	0	0	0	960
333	12369	0	1	0	1	0	0	1	24	222	6	36	32256	960	0	0	0	960
333	12370	0	1	0	1	0	0	1	24	222	6	36	32256	960	0	0	0	960
333	12372	0	1	0	1	0	0	1	24	222	6	36	32256	960	0	0	0	960
333	12376	0	1	0	1	0	0	1	24	222	6	36	32256	960	0	0	0	960
333	12385	0	1	0	1	0	0	1	24	222	6	36	32256	960	0	0	0	960
333	12386	0	1	0	1	0	0	1	24	222	6	36	32256	960	0	0	0	960
333	12388	0	1	0	1	0	0	1	24	222	6	36	32256	960	0	0	0	960
333	12392	0	1	0	1	0	0	1	24	222	6	36	32256	960	0	0	0	960
333	12400	0	1	0	1	0	0	1	24	222	6	36	32256	960	0	0	0	960
333	12419	0	1	0	1	0	0	1	24	222	6	36	32256	960	0	0	0	960
333	12421	0	1	0	1	0	0	1	24	222	6	36	32256	960	0	0	0	960
333	12422	0	1	0	1	0	0	1	24	222	6	36	32256	960	0	0	0	960
333	12425	0	1	0	1	0	0	1	24	222	6	36	32256	960	0	0	0	960
333	12426	0	1	0	1	0	0	1	24	222	6	36	32256	960	0	0	0	960
333	12428	0	1	0	1	0	0	1	24	222	6	36	32256	960	0	0	0	960
333	12433	0	1	0	1	0	0	1	24	222	6	36	32256	960	0	0	0	960
333	12434	0	1	0	1	0	0	1	24	222	6	36	32256	960	0	0	0	960
333	12436	0	1	0	1	0	0	1	24	222	6	36	32256	960	0	0	0	960
333	12440	0	1	0	1	0	0	1	24	222	6	36	32256	960	0	0	0	960
333	12449	0	1	0	1	0	0	1	24	222	6	36	32256	960	0	0	0	960
333	12450	0	1	0	1	0	0	1	24	222	6	36	32256	960	0	0	0	960
333	12452	0	1	0	1	0	0	1	24	222	6	36	32256	960	0	0	0	960
333	12456	0	1	0	1	0	0	1	24	222	6	36	32256	960	0	0	0	960
333	12464	0	1	0	1	0	0	1	24	222	6	36	32256	960	0	0	0	960
333	12481	0	1	0	1	0	0	1	24	222	6	36	32256	960	0	0	0	960
333	12482	0	1	0	1	0	0	1	24	222	6	36	32256	960	0	0	0	960
333	12484	0	1	0	1	0	0	1	24	222	6	36	32256	960	0	0	0	960
333	12488	0	1	0	1	0	0	1	24	222	6	36	32256	960	0	0	0	960
333	12496	0	1	0	1	0	0	1	24	222	6	36	32256	960	0	0	0	960
333	12512	0	1	0	1	0	0	1	24	222	6	36	32256	960	0	0	0	960
333	12547	0	1	0	1	0	0	1	24	222	6	36	32256	960	0	0	0	960
333	12549	0	1	0	1	0	0	1	24	222	6	36	32256	960	0	0	0	960
333	12550	0	1	0	1	0	0	1	24	222	6	36	32256	960	0	0	0	960
333	12553	0	1	0	1	0	0	1	24	222	6	36	32256	960	0	0	0	960
333	12554	0	1	0	1	0	0	1	24	222	6	36	32256	960	0	0	0	960
333	12556	0	1	0	1	0	0	1	24	222	6	36	32256	960	0	0	0	960
333	12561	0	1	0	1	0	0	1	24	222	6	36	32256	960	0	0	0	960
333	12562	0	1	0	1	0	0	1	24	222	6	36	32256	960	0	0	0	960
333	12564	0	1	0	1	0	0	1	24	222	6	36	32256	960	0	0	0	960
333	12568	0	1	0	1	0	0	1	24	222	6	36	32256	960	0	0	0	960
333	12577	0	1	0	1	0	0	1	24	222	6	36	32256	960	0	0	0	960
333	12578	0	1	0	1	0	0	1	24	222	6	36	32256	960	0	0	0	960
333	12580	0	1	0	1	0	0	1	24	222	6	36	32256	960	0	0	0	960
333	12584	0	1	0	1	0	0	1	24	222	6	36	32256	960	0	0	0	960
333	12592	0	1	0	1	0	0	1	24	222	6	36	32256	960	0	0	0	960
333	12609	0	1	0	1	0	0	1	24	222	6	36	32256	960	0	0	0	960
333	12610	0	1	0	1	0	0	1	24	222	6	36	32256	960	0	0	0	960
333	12612	0	1	0	1	0	0	1	24	222	6	36	32256	960	0	0	0	960
333	12616	0	1	0	1	0	0	1	24	222	6	36	32256	960	0	0	0	960
333	12624	0	1	0	1	0	0	1	24	222	6	36	32256	960	0	0	0	960
333	12640	0	1	0	1	0	0	1	24	222	6	36	32256	960	0	0	0	960
333	12673	0	1	0	1	0	0	1	24	222	6	36	32256	960	0	0	0	960
333	12674	0	1	0	1	0	0	1	24	222	6	36	32256	960	0	0	0	960
333	12676	0	1	0	1	0	0	1	24	222	6	36	32256	960	0	0	0	960
333	12680	0	1	0	1	0	0	1	24	222	6	36	32256	960	0	0	0	960
333	12688	0	1	0	1	0	0	1	24	222	6	36	32256	960	0	0	0	960
333	12704	0	1	0	1	0	0	1	24	222	6	36	32256	960	0	0	0	960
333	12736	0	1	0	1	0	0	1	24	222	6	36	32256	960	0	0	0	960
333	12803	0	1	0	1	0	0	1	27	222	6	39	32256	896	0	0	0	896
333	12805	0	1	0	1	0	0	1	27	222	6	39	32256	896	0	0	0	896
333	12806	0	1	0	1	0	0	1	27	222	6	39	32256	896	0	0	0	896
333	12809	0	1	0	1	0	0	1	27	222	6	39	32256	896	0	0	0	896
333	12810	0	1	0	1	0	0	1	27	222	6	39	32256	896	0	0	0	896
333	12812	0	1	0	1	0	0	1	27	222	6	39	32256	896	0	0	0	896
333	12817	0	1	0	1	0	0	1	27	222	6	39	32256	896	0	0	0	896
333	12818	0	1	0	1	0	0	1	27	222	6	39	32256	896	0	0	0	896
333	12820	0	1	0	1	0	0	1	27	222	6	39	32256	896	0	0	0	896
333	12824	0	1	0	1	0	0	1	27	222	6	39	32256	896	0	0	0	896
333	12833	0	1	0	1	0	0	1	27	222	6	39	32256	896	0	0	0	896
333	12834	0	1	0	1	0	0	1	27	222	6	39	32256	896	0	0	0	896
333	12836	0	1	0	1	0	0	1	27	222	6	39	32256	896	0	0	0	896
333	12840	0	1	0	1	0	0	1	27	222	6	39	32256	896	0	0	0	896
333	12848	0	1	0	1	0	0	1	27	222	6	39	32256	896	0	0	0	896
333	12865	0	1	0	1	0	0	1	27	222	6	39	32256	896	0	0	0	896
333	12866	0	1	0	1	0	0	1	27	222	6	39	32256	896	0	0	0	896
333	12868	0	1	0	1	0	0	1	27	222	6	39	32256	896	0	0	0	896
333	12872	0	1	0	1	0	0	1	27	222	6	39	32256	896	0	0	0	896
333	12880	0	1	0	1	0	0	1	27	222	6	39	32256	896	0	0	0	896
333	12896	0	1	0	1	0	0	1	27	222	6	39	32256	896	0	0	0	896
333	12929	0	1	0	1	0	0	1	27	222	6	39	32256	896	0	0	0	896
333	12930	0	1	0	1	0	0	1	27	222	6	39	32256	896	0	0	0	896
333	12932	0	1	0	1	0	0	1	27	222	6	39	32256	896	0	0	0	896
333	12936	0	1	0	1	0	0	1	27	222	6	39	32256	896	0	0	0	896
333	12944	0	1	0	1	0	0	1	27	222	6	39	32256	896	0	0	0	896
333	12960	0	1	0	1	0	0	1	27	222	6	39	32256	896	0	0	0	896
333	12992	0	1	0	1	0	0	1	27	222	6	39	32256	896	0	0	0	896
333	13057	0	1	0	1	0	0	1	27	222	6	39	32256	896	0	0	0	896
333	13058	0	1	0	1	0	0	1	27	222	6	39	32256	896	0	0	0	896
333	13060	0	1	0	1	0	0	1	27	222	6	39	32256	896	0	0	0	896
333	13064	0	1	0	1	0	0	1	27	222	6	39	32256	896	0	0	0	896
333	13072	0	1	0	1	0	0	1	27	222	6	39	32256	896	0	0	0	896
333	13088	0	1	0	1	0	0	1	27	222	6	39	32256	896	0	0	0	896
333	13120	0	1	0	1	0	0	1	27	222	6	39	32256	896	0	0	0	896
333	13184	0	1	0	1	0	0	1	27	222	6	39	32256	896	0	0	0	896
333	13315	0	1	0	1	0	0	1	27	222	6	39	32256	896	0	0	0	896
333	13317	0	1	0	1	0	0	1	27	222	6	39	32256	896	0	0	0	896
333	13318	0	1	0	1	0	0	1	27	222	6	39	32256	896	0	0	0	896
333	13321	0	1	0	1	0	0	1	27	222	6	39	32256	896	0	0	0	896
333	13322	0	1	0	1	0	0	1	27	222	6	39	32256	896	0	0	0	896
333	13324	0	1	0	1	0	0	1	27	222	6	39	32256	896	0	0	0	896
333	13329	0	1	0	1	0	0	1	27	222	6	39	32256	896	0	0	0	896
333	13330	0	1	0	1	0	0	1	27	222	6	39	32256	896	0	0	0	896
333	13332	0	1	0	1	0	0	1	27	222	6	39	32256	896	0	0	0	896
333	13336	0	1	0	1	0	0	1	27	222	6	39	32256	896	0	0	0	896
333	13345	0	1	0	1	0	0	1	27	222	6	39	32256	896	0	0	0	896
333	13346	0	1	0	1	0	0	1	27	222	6	39	32256	896	0	0	0	896
333	13348	0	1	0	1	0	0	1	27	222	6	39	32256	896	0	0	0	896
333	13352	0	1	0	1	0	0	1	27	222	6	39	32256	896	0	0	0	896
333	13360	0	1	0	1	0	0	1	27	222	6	39	32256	896	0	0	0	896
333	13377	0	1	0	1	0	0	1	27	222	6	39	32256	896	0	0	0	896
333	13378	0	1	0	1	0	0	1	27	222	6	39	32256	896	0	0	0	896
333	13380	0	1	0	1	0	0	1	27	222	6	39	32256	896	0	0	0	896
333	13384	0	1	0	1	0	0	1	27	222	6	39	32256	896	0	0	0	896
333	13392	0	1	0	1	0	0	1	27	222	6	39	32256	896	0	0	0	896
333	13408	0	1	0	1	0	0	1	27	222	6	39	32256	896	0	0	0	896
333	13441	0	1	0	1	0	0	1	27	222	6	39	32256	896	0	0	0	896
333	13442	0	1	0	1	0	0	1	27	222	6	39	32256	896	0	0	0	896
333	13444	0	1	0	1	0	0	1	27	222	6	39	32256	896	0	0	0	896
333	13448	0	1	0	1	0	0	1	27	222	6	39	32256	896	0	0	0	896
333	13456	0	1	0	1	0	0	1	27	222	6	39	32256	896	0	0	0	896
333	13472	0	1	0	1	0	0	1	27	222	6	39	32256	896	0	0	0	896
333	13504	0	1	0	1	0	0	1	27	222	6	39	32256	896	0	0	0	896
333	13569	0	1	0	1	0	0	1	27	222	6	39	32256	896	0	0	0	896
333	13570	0	1	0	1	0	0	1	27	222	6	39	32256	896	0	0	0	896
333	13572	0	1	0	1	0	0	1	27	222	6	39	32256	896	0	0	0	896
333	13576	0	1	0	1	0	0	1	27	222	6	39	32256	896	0	0	0	896
333	13584	0	1	0	1	0	0	1	27	222	6	39	32256	896	0	0	0	896
333	13600	0	1	0	1	0	0	1	27	222	6	39	32256	896	0	0	0	896
333	13632	0	1	0	1	0	0	1	27	222	6	39	32256	896	0	0	0	896
333	13696	0	1	0	1	0	0	1	27	222	6	39	32256	896	0	0	0	896
333	13825	0	1	0	1	0	0	1	34	75	4	42	32256	768	0	0	0	768
333	13826	0	1	0	1	0	0	1	34	75	4	42	32256	768	0	0	0	768
333	13828	0	1	0	1	0	0	1	34	75	4	42	32256	768	0	0	0	768
333	13832	0	1	0	1	0	0	1	34	75	4	42	32256	768	0	0	0	768
333	13840	0	1	0	1	0	0	1	34	75	4	42	32256	768	0	0	0	768
333	13856	0	1	0	1	0	0	1	34	75	4	42	32256	768	0	0	0	768
333	13888	0	1	0	1	0	0	1	34	75	4	42	32256	768	0	0	0	768
333	13952	0	1	0	1	0	0	1	34	75	4	42	32256	768	0	0	0	768
333	14080	0	1	0	1	0	0	1	34	75	4	42	32256	768	0	0	0	768
333	14339	0	1	0	1	0	0	1	27	222	6	39	32256	896	0	0	0	896
333	14341	0	1	0	1	0	0	1	27	222	6	39	32256	896	0	0	0	896
333	14342	0	1	0	1	0	0	1	27	222	6	39	32256	896	0	0	0	896
333	14345	0	1	0	1	0	0	1	27	222	6	39	32256	896	0	0	0	896
333	14346	0	1	0	1	0	0	1	27	222	6	39	32256	896	0	0	0	896
333	14348	0	1	0	1	0	0	1	27	222	6	39	32256	896	0	0	0	896
333	14353	0	1	0	1	0	0	1	27	222	6	39	32256	896	0	0	0	896
333	14354	0	1	0	1	0	0	1	27	222	6	39	32256	896	0	0	0	896
333	14356	0	1	0	1	0	0	1	27	222	6	39	32256	896	0	0	0	896
333	14360	0	1	0	1	0	0	1	27	222	6	39	32256	896	0	0	0	896
333	14369	0	1	0	1	0	0	1	27	222	6	39	32256	896	0	0	0	896
333	14370	0	1	0	1	0	0	1	27	222	6	39	32256	896	0	0	0	896
333	14372	0	1	0	1	0	0	1	27	222	6	39	32256	896	0	0	0	896
333	14376	0	1	0	1	0	0	1	27	222	6	39	32256	896	0	0	0	896
333	14384	0	1	0	1	0	0	1	27	222	6	39	32256	896	0	0	0	896
333	14401	0	1	0	1	0	0	1	27	222	6	39	32256	896	0	0	0	896
333	14402	0	1	0	1	0	0	1	27	222	6	39	32256	896	0	0	0	896
333	14404	0	1	0	1	0	0	1	27	222	6	39	32256	896	0	0	0	896
333	14408	0	1	0	1	0	0	1	27	222	6	39	32256	896	0	0	0	896
333	14416	0	1	0	1	0	0	1	27	222	6	39	32256	896	0	0	0	896
333	14432	0	1	0	1	0	0	1	27	222	6	39	32256	896	0	0	0	896
333	14465	0	1	0	1	0	0	1	27	222	6	39	32256	896	0	0	0	896
333	14466	0	1	0	1	0	0	1	27	222	6	39	32256	896	0	0	0	896
333	14468	0	1	0	1	0	0	1	27	222	6	39	32256	896	0	0	0	896
333	14472	0	1	0	1	0	0	1	27	222	6	39	32256	896	0	0	0	896
333	14480	0	1	0	1	0	0	1	27	222	6	39	32256	896	0	0	0	896
333	14496	0	1	0	1	0	0	1	27	222	6	39	32256	896	0	0	0	896
333	14528	0	1	0	1	0	0	1	27	222	6	39	32256	896	0	0	0	896
333	14593	0	1	0	1	0	0	1	27	222	6	39	32256	896	0	0	0	896
333	14594	0	1	0	1	0	0	1	27	222	6	39	32256	896	0	0	0	896
333	14596	0	1	0	1	0	0	1	27	222	6	39	32256	896	0	0	0	896
333	14600	0	1	0	1	0	0	1	27	222	6	39	32256	896	0	0	0	896
333	14608	0	1	0	1	0	0	1	27	222	6	39	32256	896	0	0	0	896
333	14624	0	1	0	1	0	0	1	27	222	6	39	32256	896	0	0	0	896
333	14656	0	1	0	1	0	0	1	27	222	6	39	32256	896	0	0	0	896
333	14720	0	1	0	1	0	0	1	27	222	6	39	32256	896	0	0	0	896
333	14849	0	1	0	1	0	0	1	34	75	4	42	32256	768	0	0	0	768
333	14850	0	1	0	1	0	0	1	34	75	4	42	32256	768	0	0	0	768
333	14852	0	1	0	1	0	0	1	34	75	4	42	32256	768	0	0	0	768
333	14856	0	1	0	1	0	0	1	34	75	4	42	32256	768	0	0	0	768
333	14864	0	1	0	1	0	0	1	34	75	4	42	32256	768	0	0	0	768
333	14880	0	1	0	1	0	0	1	34	75	4	42	32256	768	0	0	0	768
333	14912	0	1	0	1	0	0	1	34	75	4	42	32256	768	0	0	0	768
333	14976	0	1	0	1	0	0	1	34	75	4	42	32256	768	0	0	0	768
333	15104	0	1	0	1	0	0	1	34	75	4	42	32256	768	0	0	0	768
333	15361	0	1	0	1	0	0	1	34	75	4	42	32256	768	0	0	0	768
333	15362	0	1	0	1	0	0	1	34	75	4	42	32256	768	0	0	0	768
333	15364	0	1	0	1	0	0	1	34	75	4	42	32256	768	0	0	0	768
333	15368	0	1	0	1	0	0	1	34	75	4	42	32256	768	0	0	0	768
333	15376	0	1	0	1	0	0	1	34	75	4	42	32256	768	0	0	0	768
333	15392	0	1	0	1	0	0	1	34	75	4	42	32256	768	0	0	0	768
333	15424	0	1	0	1	0	0	1	34	75	4	42	32256	768	0	0	0	768
333	15488	0	1	0	1	0	0	1	34	75	4	42	32256	768	0	0	0	768
333	15616	0	1	0	1	0	0	1	34	75	4	42	32256	768	0	0	0	768
333	15872	0	1	0	1	0	0	1	45	0	0	45	32256	512	0	0	0	512
333	16399	0	1	0	1	0	0	1	25	75	4	33	32256	992	0	0	0	992
333	16407	0	1	0	1	0	0	1	25	75	4	33	32256	992	0	0	0	992
333	16411	0	1	0	1	0	0	1	25	75	4	33	32256	992	0	0	0	992
333	16413	0	1	0	1	0	0	1	25	75	4	33	32256	992	0	0	0	992
333	16414	0	1	0	1	0	0	1	25	75	4	33	32256	992	0	0	0	992
333	16423	0	1	0	1	0	0	1	25	75	4	33	32256	992	0	0	0	992
333	16427	0	1	0	1	0	0	1	25	75	4	33	32256	992	0	0	0	992
333	16429	0	1	0	1	0	0	1	25	75	4	33	32256	992	0	0	0	992
333	16430	0	1	0	1	0	0	1	25	75	4	33	32256	992	0	0	0	992
333	16435	0	1	0	1	0	0	1	25	75	4	33	32256	992	0	0	0	992
333	16437	0	1	0	1	0	0	1	25	75	4	33	32256	992	0	0	0	992
333	16438	0	1	0	1	0	0	1	25	75	4	33	32256	992	0	0	0	992
333	16441	0	1	0	1	0	0	1	25	75	4	33	32256	992	0	0	0	992
333	16442	0	1	0	1	0	0	1	25	75	4	33	32256	992	0	0	0	992
333	16444	0	1	0	1	0	0	1	25	75	4	33	32256	992	0	0	0	992
333	16455	0	1	0	1	0	0	1	25	75	4	33	32256	992	0	0	0	992
333	16459	0	1	0	1	0	0	1	25	75	4	33	32256	992	0	0	0	992
333	16461	0	1	0	1	0	0	1	25	75	4	33	32256	992	0	0	0	992
333	16462	0	1	0	1	0	0	1	25	75	4	33	32256	992	0	0	0	992
333	16467	0	1	0	1	0	0	1	25	75	4	33	32256	992	0	0	0	992
333	16469	0	1	0	1	0	0	1	25	75	4	33	32256	992	0	0	0	992
333	16470	0	1	0	1	0	0	1	25	75	4	33	32256	992	0	0	0	992
333	16473	0	1	0	1	0	0	1	25	75	4	33	32256	992	0	0	0	992
333	16474	0	1	0	1	0	0	1	25	75	4	33	32256	992	0	0	0	992
333	16476	0	1	0	1	0	0	1	25	75	4	33	32256	992	0	0	0	992
333	16483	0	1	0	1	0	0	1	25	75	4	33	32256	992	0	0	0	992
333	16485	0	1	0	1	0	0	1	25	75	4	33	32256	992	0	0	0	992
333	16486	0	1	0	1	0	0	1	25	75	4	33	32256	992	0	0	0	992
333	16489	0	1	0	1	0	0	1	25	75	4	33	32256	992	0	0	0	992
333	16490	0	1	0	1	0	0	1	25	75	4	33	32256	992	0	0	0	992
333	16492	0	1	0	1	0	0	1	25	75	4	33	32256	992	0	0	0	992
333	16497	0	1	0	1	0	0	1	25	75	4	33	32256	992	0	0	0	992
333	16498	0	1	0	1	0	0	1	25	75	4	33	32256	992	0	0	0	992
333	16500	0	1	0	1	0	0	1	25	75	4	33	32256	992	0	0	0	992
333	16504	0	1	0	1	0	0	1	25	75	4	33	32256	992	0	0	0	992
333	16519	0	1	0	1	0	0	1	25	75	4	33	32256	992	0	0	0	992
333	16523	0	1	0	1	0	0	1	25	75	4	33	32256	992	0	0	0	992
333	16525	0	1	0	1	0	0	1	25	75	4	33	32256	992	0	0	0	992
333	16526	0	1	0	1	0	0	1	25	75	4	33	32256	992	0	0	0	992
333	16531	0	1	0	1	0	0	1	25	75	4	33	32256	992	0	0	0	992
333	16533	0	1	0	1	0	0	1	25	75	4	33	32256	992	0	0	0	992
333	16534	0	1	0	1	0	0	1	25	75	4	33	32256	992	0	0	0	992
333	16537	0	1	0	1	0	0	1	25	75	4	33	32256	992	0	0	0	992
333	16538	0	1	0	1	0	0	1	25	75	4	33	32256	992	0	0	0	992
333	16540	0	1	0	1	0	0	1	25	75	4	33	32256	992	0	0	0	992
333	16547	0	1	0	1	0	0	1	25	75	4	33	32256	992	0	0	0	992
333	16549	0	1	0	1	0	0	1	25	75	4	33	32256	992	0	0	0	992
333	16550	0	1	0	1	0	0	1	25	75	4	33	32256	992	0	0	0	992
333	16553	0	1	0	1	0	0	1	25	75	4	33	32256	992	0	0	0	992
333	16554	0	1	0	1	0	0	1	25	75	4	33	32256	992	0	0	0	992
333	16556	0	1	0	1	0	0	1	25	75	4	33	32256	992	0	0	0	992
333	16561	0	1	0	1	0	0	1	25	75	4	33	32256	992	0	0	0	992
333	16562	0	1	0	1	0	0	1	25	75	4	33	32256	992	0	0	0	992
333	16564	0	1	0	1	0	0	1	25	75	4	33	32256	992	0	0	0	992
333	16568	0	1	0	1	0	0	1	25	75	4	33	32256	992	0	0	0	992
333	16579	0	1	0	1	0	0	1	25	75	4	33	32256	992	0	0	0	992
333	16581	0	1	0	1	0	0	1	25	75	4	33	32256	992	0	0	0	992
333	16582	0	1	0	1	0	0	1	25	75	4	33	32256	992	0	0	0	992
333	16585	0	1	0	1	0	0	1	25	75	4	33	32256	992	0	0	0	992
333	16586	0	1	0	1	0	0	1	25	75	4	33	32256	992	0	0	0	992
333	16588	0	1	0	1	0	0	1	25	75	4	33	32256	992	0	0	0	992
333	16593	0	1	0	1	0	0	1	25	75	4	33	32256	992	0	0	0	992
333	16594	0	1	0	1	0	0	1	25	75	4	33	32256	992	0	0	0	992
333	16596	0	1	0	1	0	0	1	25	75	4	33	32256	992	0	0	0	992
333	16600	0	1	0	1	0	0	1	25	75	4	33	32256	992	0	0	0	992
333	16609	0	1	0	1	0	0	1	25	75	4	33	32256	992	0	0	0	992
333	16610	0	1	0	1	0	0	1	25	75	4	33	32256	992	0	0	0	992
333	16612	0	1	0	1	0	0	1	25	75	4	33	32256	992	0	0	0	992
333	16616	0	1	0	1	0	0	1	25	75	4	33	32256	992	0	0	0	992
333	16624	0	1	0	1	0	0	1	25	75	4	33	32256	992	0	0	0	992
333	16647	0	1	0	1	0	0	1	25	75	4	33	32256	992	0	0	0	992
333	16651	0	1	0	1	0	0	1	25	75	4	33	32256	992	0	0	0	992
333	16653	0	1	0	1	0	0	1	25	75	4	33	32256	992	0	0	0	992
333	16654	0	1	0	1	0	0	1	25	75	4	33	32256	992	0	0	0	992
333	16659	0	1	0	1	0	0	1	25	75	4	33	32256	992	0	0	0	992
333	16661	0	1	0	1	0	0	1	25	75	4	33	32256	992	0	0	0	992
333	16662	0	1	0	1	0	0	1	25	75	4	33	32256	992	0	0	0	992
333	16665	0	1	0	1	0	0	1	25	75	4	33	32256	992	0	0	0	992
333	16666	0	1	0	1	0	0	1	25	75	4	33	32256	992	0	0	0	992
333	16668	0	1	0	1	0	0	1	25	75	4	33	32256	992	0	0	0	992
333	16675	0	1	0	1	0	0	1	25	75	4	33	32256	992	0	0	0	992
333	16677	0	1	0	1	0	0	1	25	75	4	33	32256	992	0	0	0	992
333	16678	0	1	0	1	0	0	1	25	75	4	33	32256	992	0	0	0	992
333	16681	0	1	0	1	0	0	1	25	75	4	33	32256	992	0	0	0	992
333	16682	0	1	0	1	0	0	1	25	75	4	33	32256	992	0	0	0	992
333	16684	0	1	0	1	0	0	1	25	75	4	33	32256	992	0	0	0	992
333	16689	0	1	0	1	0	0	1	25	75	4	33	32256	992	0	0	0	992
333	16690	0	1	0	1	0	0	1	25	75	4	33	32256	992	0	0	0	992
333	16692	0	1	0	1	0	0	1	25	75	4	33	32256	992	0	0	0	992
333	16696	0	1	0	1	0	0	1	25	75	4	33	32256	992	0	0	0	992
333	16707	0	1	0	1	0	0	1	25	75	4	33	32256	992	0	0	0	992
333	16709	0	1	0	1	0	0	1	25	75	4	33	32256	992	0	0	0	992
333	16710	0	1	0	1	0	0	1	25	75	4	33	32256	992	0	0	0	992
333	16713	0	1	0	1	0	0	1	25	75	4	33	32256	992	0	0	0	992
333	16714	0	1	0	1	0	0	1	25	75	4	33	32256	992	0	0	0	992
333	16716	0	1	0	1	0	0	1	25	75	4	33	32256	992	0	0	0	992
333	16721	0	1	0	1	0	0	1	25	75	4	33	32256	992	0	0	0	992
333	16722	0	1	0	1	0	0	1	25	75	4	33	32256	992	0	0	0	992
333	16724	0	1	0	1	0	0	1	25	75	4	33	32256	992	0	0	0	992
333	16728	0	1	0	1	0	0	1	25	75	4	33	32256	992	0	0	0	992
333	16737	0	1	0	1	0	0	1	25	75	4	33	32256	992	0	0	0	992
333	16738	0	1	0	1	0	0	1	25	75	4	33	32256	992	0	0	0	992
333	16740	0	1	0	1	0	0	1	25	75	4	33	32256	992	0	0	0	992
333	16744	0	1	0	1	0	0	1	25	75	4	33	32256	992	0	0	0	992
333	16752	0	1	0	1	0	0	1	25	75	4	33	32256	992	0	0	0	992
333	16771	0	1	0	1	0	0	1	25	75	4	33	32256	992	0	0	0	992
333	16773	0	1	0	1	0	0	1	25	75	4	33	32256	992	0	0	0	992
333	16774	0	1	0	1	0	0	1	25	75	4	33	32256	992	0	0	0	992
333	16777	0	1	0	1	0	0	1	25	75	4	33	32256	992	0	0	0	992
333	16778	0	1	0	1	0	0	1	25	75	4	33	32256	992	0	0	0	992
333	16780	0	1	0	1	0	0	1	25	75	4	33	32256	992	0	0	0	992
333	16785	0	1	0	1	0	0	1	25	75	4	33	32256	992	0	0	0	992
333	16786	0	1	0	1	0	0	1	25	75	4	33	32256	992	0	0	0	992
333	16788	0	1	0	1	0	0	1	25	75	4	33	32256	992	0	0	0	992
333	16792	0	1	0	1	0	0	1	25	75	4	33	32256	992	0	0	0	992
333	16801	0	1	0	1	0	0	1	25	75	4	33	32256	992	0	0	0	992
333	16802	0	1	0	1	0	0	1	25	75	4	33	32256	992	0	0	0	992
333	16804	0	1	0	1	0	0	1	25	75	4	33	32256	992	0	0	0	992
333	16808	0	1	0	1	0	0	1	25	75	4	33	32256	992	0	0	0	992
333	16816	0	1	0	1	0	0	1	25	75	4	33	32256	992	0	0	0	992
333	16833	0	1	0	1	0	0	1	25	75	4	33	32256	992	0	0	0	992
333	16834	0	1	0	1	0	0	1	25	75	4	33	32256	992	0	0	0	992
333	16836	0	1	0	1	0	0	1	25	75	4	33	32256	992	0	0	0	992
333	16840	0	1	0	1	0	0	1	25	75	4	33	32256	992	0	0	0	992
333	16848	0	1	0	1	0	0	1	25	75	4	33	32256	992	0	0	0	992
333	16864	0	1	0	1	0	0	1	25	75	4	33	32256	992	0	0	0	992
333	16903	0	1	0	1	0	0	1	24	222	6	36	32256	960	0	0	0	960
333	16907	0	1	0	1	0	0	1	24	222	6	36	32256	960	0	0	0	960
333	16909	0	1	0	1	0	0	1	24	222	6	36	32256	960	0	0	0	960
333	16910	0	1	0	1	0	0	1	24	222	6	36	32256	960	0	0	0	960
333	16915	0	1	0	1	0	0	1	24	222	6	36	32256	960	0	0	0	960
333	16917	0	1	0	1	0	0	1	24	222	6	36	32256	960	0	0	0	960
333	16918	0	1	0	1	0	0	1	24	222	6	36	32256	960	0	0	0	960
333	16921	0	1	0	1	0	0	1	24	222	6	36	32256	960	0	0	0	960
333	16922	0	1	0	1	0	0	1	24	222	6	36	32256	960	0	0	0	960
333	16924	0	1	0	1	0	0	1	24	222	6	36	32256	960	0	0	0	960
333	16931	0	1	0	1	0	0	1	24	222	6	36	32256	960	0	0	0	960
333	16933	0	1	0	1	0	0	1	24	222	6	36	32256	960	0	0	0	960
333	16934	0	1	0	1	0	0	1	24	222	6	36	32256	960	0	0	0	960
333	16937	0	1	0	1	0	0	1	24	222	6	36	32256	960	0	0	0	960
333	16938	0	1	0	1	0	0	1	24	222	6	36	32256	960	0	0	0	960
333	16940	0	1	0	1	0	0	1	24	222	6	36	32256	960	0	0	0	960
333	16945	0	1	0	1	0	0	1	24	222	6	36	32256	960	0	0	0	960
333	16946	0	1	0	1	0	0	1	24	222	6	36	32256	960	0	0	0	960
333	16948	0	1	0	1	0	0	1	24	222	6	36	32256	960	0	0	0	960
333	16952	0	1	0	1	0	0	1	24	222	6	36	32256	960	0	0	0	960
333	16963	0	1	0	1	0	0	1	24	222	6	36	32256	960	0	0	0	960
333	16965	0	1	0	1	0	0	1	24	222	6	36	32256	960	0	0	0	960
333	16966	0	1	0	1	0	0	1	24	222	6	36	32256	960	0	0	0	960
333	16969	0	1	0	1	0	0	1	24	222	6	36	32256	960	0	0	0	960
333	16970	0	1	0	1	0	0	1	24	222	6	36	32256	960	0	0	0	960
333	16972	0	1	0	1	0	0	1	24	222	6	36	32256	960	0	0	0	960
333	16977	0	1	0	1	0	0	1	24	222	6	36	32256	960	0	0	0	960
333	16978	0	1	0	1	0	0	1	24	222	6	36	32256	960	0	0	0	960
333	16980	0	1	0	1	0	0	1	24	222	6	36	32256	960	0	0	0	960
333	16984	0	1	0	1	0	0	1	24	222	6	36	32256	960	0	0	0	960
333	16993	0	1	0	1	0	0	1	24	222	6	36	32256	960	0	0	0	960
333	16994	0	1	0	1	0	0	1	24	222	6	36	32256	960	0	0	0	960
333	16996	0	1	0	1	0	0	1	24	222	6	36	32256	960	0	0	0	960
333	17000	0	1	0	1	0	0	1	24	222	6	36	32256	960	0	0	0	960
333	17008	0	1	0	1	0	0	1	24	222	6	36	32256	960	0	0	0	960
333	17027	0	1	0	1	0	0	1	24	222	6	36	32256	960	0	0	0	960
333	17029	0	1	0	1	0	0	1	24	222	6	36	32256	960	0	0	0	960
333	17030	0	1	0	1	0	0	1	24	222	6	36	32256	960	0	0	0	960
333	17033	0	1	0	1	0	0	1	24	222	6	36	32256	960	0	0	0	960
333	17034	0	1	0	1	0	0	1	24	222	6	36	32256	960	0	0	0	960
333	17036	0	1	0	1	0	0	1	24	222	6	36	32256	960	0	0	0	960
333	17041	0	1	0	1	0	0	1	24	222	6	36	32256	960	0	0	0	960
333	17042	0	1	0	1	0	0	1	24	222	6	36	32256	960	0	0	0	960
333	17044	0	1	0	1	0	0	1	24	222	6	36	32256	960	0	0	0	960
333	17048	0	1	0	1	0	0	1	24	222	6	36	32256	960	0	0	0	960
333	17057	0	1	0	1	0	0	1	24	222	6	36	32256	960	0	0	0	960
333	17058	0	1	0	1	0	0	1	24	222	6	36	32256	960	0	0	0	960
333	17060	0	1	0	1	0	0	1	24	222	6	36	32256	960	0	0	0	960
333	17064	0	1	0	1	0	0	1	24	222	6	36	32256	960	0	0	0	960
333	17072	0	1	0	1	0	0	1	24	222	6	36	32256	960	0	0	0	960
333	17089	0	1	0	1	0	0	1	24	222	6	36	32256	960	0	0	0	960
333	17090	0	1	0	1	0	0	1	24	222	6	36	32256	960	0	0	0	960
333	17092	0	1	0	1	0	0	1	24	222	6	36	32256	960	0	0	0	960
333	17096	0	1	0	1	0	0	1	24	222	6	36	32256	960	0	0	0	960
333	17104	0	1	0	1	0	0	1	24	222	6	36	32256	960	0	0	0	960
333	17120	0	1	0	1	0	0	1	24	222	6	36	32256	960	0	0	0	960
333	17155	0	1	0	1	0	0	1	24	222	6	36	32256	960	0	0	0	960
333	17157	0	1	0	1	0	0	1	24	222	6	36	32256	960	0	0	0	960
333	17158	0	1	0	1	0	0	1	24	222	6	36	32256	960	0	0	0	960
333	17161	0	1	0	1	0	0	1	24	222	6	36	32256	960	0	0	0	960
333	17162	0	1	0	1	0	0	1	24	222	6	36	32256	960	0	0	0	960
333	17164	0	1	0	1	0	0	1	24	222	6	36	32256	960	0	0	0	960
333	17169	0	1	0	1	0	0	1	24	222	6	36	32256	960	0	0	0	960
333	17170	0	1	0	1	0	0	1	24	222	6	36	32256	960	0	0	0	960
333	17172	0	1	0	1	0	0	1	24	222	6	36	32256	960	0	0	0	960
333	17176	0	1	0	1	0	0	1	24	222	6	36	32256	960	0	0	0	960
333	17185	0	1	0	1	0	0	1	24	222	6	36	32256	960	0	0	0	960
333	17186	0	1	0	1	0	0	1	24	222	6	36	32256	960	0	0	0	960
333	17188	0	1	0	1	0	0	1	24	222	6	36	32256	960	0	0	0	960
333	17192	0	1	0	1	0	0	1	24	222	6	36	32256	960	0	0	0	960
333	17200	0	1	0	1	0	0	1	24	222	6	36	32256	960	0	0	0	960
333	17217	0	1	0	1	0	0	1	24	222	6	36	32256	960	0	0	0	960
333	17218	0	1	0	1	0	0	1	24	222	6	36	32256	960	0	0	0	960
333	17220	0	1	0	1	0	0	1	24	222	6	36	32256	960	0	0	0	960
333	17224	0	1	0	1	0	0	1	24	222	6	36	32256	960	0	0	0	960
333	17232	0	1	0	1	0	0	1	24	222	6	36	32256	960	0	0	0	960
333	17248	0	1	0	1	0	0	1	24	222	6	36	32256	960	0	0	0	960
333	17281	0	1	0	1	0	0	1	24	222	6	36	32256	960	0	0	0	960
333	17282	0	1	0	1	0	0	1	24	222	6	36	32256	960	0	0	0	960
333	17284	0	1	0	1	0	0	1	24	222	6	36	32256	960	0	0	0	960
333	17288	0	1	0	1	0	0	1	24	222	6	36	32256	960	0	0	0	960
333	17296	0	1	0	1	0	0	1	24	222	6	36	32256	960	0	0	0	960
333	17312	0	1	0	1	0	0	1	24	222	6	36	32256	960	0	0	0	960
333	17344	0	1	0	1	0	0	1	24	222	6	36	32256	960	0	0	0	960
333	17415	0	1	0	1	0	0	1	24	222	6	36	32256	960	0	0	0	960
333	17419	0	1	0	1	0	0	1	24	222	6	36	32256	960	0	0	0	960
333	17421	0	1	0	1	0	0	1	24	222	6	36	32256	960	0	0	0	960
333	17422	0	1	0	1	0	0	1	24	222	6	36	32256	960	0	0	0	960
333	17427	0	1	0	1	0	0	1	24	222	6	36	32256	960	0	0	0	960
333	17429	0	1	0	1	0	0	1	24	222	6	36	32256	960	0	0	0	960
333	17430	0	1	0	1	0	0	1	24	222	6	36	32256	960	0	0	0	960
333	17433	0	1	0	1	0	0	1	24	222	6	36	32256	960	0	0	0	960
333	17434	0	1	0	1	0	0	1	24	222	6	36	32256	960	0	0	0	960
333	17436	0	1	0	1	0	0	1	24	222	6	36	32256	960	0	0	0	960
333	17443	0	1	0	1	0	0	1	24	222	6	36	32256	960	0	0	0	960
333	17445	0	1	0	1	0	0	1	24	222	6	36	32256	960	0	0	0	960
333	17446	0	1	0	1	0	0	1	24	222	6	36	32256	960	0	0	0	960
333	17449	0	1	0	1	0	0	1	24	222	6	36	32256	960	0	0	0	960
333	17450	0	1	0	1	0	0	1	24	222	6	36	32256	960	0	0	0	960
333	17452	0	1	0	1	0	0	1	24	222	6	36	32256	960	0	0	0	960
333	17457	0	1	0	1	0	0	1	24	222	6	36	32256	960	0	0	0	960
333	17458	0	1	0	1	0	0	1	24	222	6	36	32256	960	0	0	0	960
333	17460	0	1	0	1	0	0	1	24	222	6	36	32256	960	0	0	0	960
333	17464	0	1	0	1	0	0	1	24	222	6	36	32256	960	0	0	0	960
333	17475	0	1	0	1	0	0	1	24	222	6	36	32256	960	0	0	0	960
333	17477	0	1	0	1	0	0	1	24	222	6	36	32256	960	0	0	0	960
333	17478	0	1	0	1	0	0	1	24	222	6	36	32256	960	0	0	0	960
333	17481	0	1	0	1	0	0	1	24	222	6	36	32256	960	0	0	0	960
333	17482	0	1	0	1	0	0	1	24	222	6	36	32256	960	0	0	0	960
333	17484	0	1	0	1	0	0	1	24	222	6	36	32256	960	0	0	0	960
333	17489	0	1	0	1	0	0	1	24	222	6	36	32256	960	0	0	0	960
333	17490	0	1	0	1	0	0	1	24	222	6	36	32256	960	0	0	0	960
333	17492	0	1	0	1	0	0	1	24	222	6	36	32256	960	0	0	0	960
333	17496	0	1	0	1	0	0	1	24	222	6	36	32256	960	0	0	0	960
333	17505	0	1	0	1	0	0	1	24	222	6	36	32256	960	0	0	0	960
333	17506	0	1	0	1	0	0	1	24	222	6	36	32256	960	0	0	0	960
333	17508	0	1	0	1	0	0	1	24	222	6	36	32256	960	0	0	0	960
333	17512	0	1	0	1	0	0	1	24	222	6	36	32256	960	0	0	0	960
333	17520	0	1	0	1	0	0	1	24	222	6	36	32256	960	0	0	0	960
333	17539	0	1	0	1	0	0	1	24	222	6	36	32256	960	0	0	0	960
333	17541	0	1	0	1	0	0	1	24	222	6	36	32256	960	0	0	0	960
333	17542	0	1	0	1	0	0	1	24	222	6	36	32256	960	0	0	0	960
333	17545	0	1	0	1	0	0	1	24	222	6	36	32256	960	0	0	0	960
333	17546	0	1	0	1	0	0	1	24	222	6	36	32256	960	0	0	0	960
333	17548	0	1	0	1	0	0	1	24	222	6	36	32256	960	0	0	0	960
333	17553	0	1	0	1	0	0	1	24	222	6	36	32256	960	0	0	0	960
333	17554	0	1	0	1	0	0	1	24	222	6	36	32256	960	0	0	0	960
333	17556	0	1	0	1	0	0	1	24	222	6	36	32256	960	0	0	0	960
333	17560	0	1	0	1	0	0	1	24	222	6	36	32256	960	0	0	0	960
333	17569	0	1	0	1	0	0	1	24	222	6	36	32256	960	0	0	0	960
333	17570	0	1	0	1	0	0	1	24	222	6	36	32256	960	0	0	0	960
333	17572	0	1	0	1	0	0	1	24	222	6	36	32256	960	0	0	0	960
333	17576	0	1	0	1	0	0	1	24	222	6	36	32256	960	0	0	0	960
333	17584	0	1	0	1	0	0	1	24	222	6	36	32256	960	0	0	0	960
333	17601	0	1	0	1	0	0	1	24	222	6	36	32256	960	0	0	0	960
333	17602	0	1	0	1	0	0	1	24	222	6	36	32256	960	0	0	0	960
333	17604	0	1	0	1	0	0	1	24	222	6	36	32256	960	0	0	0	960
333	17608	0	1	0	1	0	0	1	24	222	6	36	32256	960	0	0	0	960
333	17616	0	1	0	1	0	0	1	24	222	6	36	32256	960	0	0	0	960
333	17632	0	1	0	1	0	0	1	24	222	6	36	32256	960	0	0	0	960
333	17667	0	1	0	1	0	0	1	24	222	6	36	32256	960	0	0	0	960
333	17669	0	1	0	1	0	0	1	24	222	6	36	32256	960	0	0	0	960
333	17670	0	1	0	1	0	0	1	24	222	6	36	32256	960	0	0	0	960
333	17673	0	1	0	1	0	0	1	24	222	6	36	32256	960	0	0	0	960
333	17674	0	1	0	1	0	0	1	24	222	6	36	32256	960	0	0	0	960
333	17676	0	1	0	1	0	0	1	24	222	6	36	32256	960	0	0	0	960
333	17681	0	1	0	1	0	0	1	24	222	6	36	32256	960	0	0	0	960
333	17682	0	1	0	1	0	0	1	24	222	6	36	32256	960	0	0	0	960
333	17684	0	1	0	1	0	0	1	24	222	6	36	32256	960	0	0	0	960
333	17688	0	1	0	1	0	0	1	24	222	6	36	32256	960	0	0	0	960
333	17697	0	1	0	1	0	0	1	24	222	6	36	32256	960	0	0	0	960
333	17698	0	1	0	1	0	0	1	24	222	6	36	32256	960	0	0	0	960
333	17700	0	1	0	1	0	0	1	24	222	6	36	32256	960	0	0	0	960
333	17704	0	1	0	1	0	0	1	24	222	6	36	32256	960	0	0	0	960
333	17712	0	1	0	1	0	0	1	24	222	6	36	32256	960	0	0	0	960
333	17729	0	1	0	1	0	0	1	24	222	6	36	32256	960	0	0	0	960
333	17730	0	1	0	1	0	0	1	24	222	6	36	32256	960	0	0	0	960
333	17732	0	1	0	1	0	0	1	24	222	6	36	32256	960	0	0	0	960
333	17736	0	1	0	1	0	0	1	24	222	6	36	32256	960	0	0	0	960
333	17744	0	1	0	1	0	0	1	24	222	6	36	32256	960	0	0	0	960
333	17760	0	1	0	1	0	0	1	24	222	6	36	32256	960	0	0	0	960
333	17793	0	1	0	1	0	0	1	24	222	6	36	32256	960	0	0	0	960
333	17794	0	1	0	1	0	0	1	24	222	6	36	32256	960	0	0	0	960
333	17796	0	1	0	1	0	0	1	24	222	6	36	32256	960	0	0	0	960
333	17800	0	1	0	1	0	0	1	24	222	6	36	32256	960	0	0	0	960
333	17808	0	1	0	1	0	0	1	24	222	6	36	32256	960	0	0	0	960
333	17824	0	1	0	1	0	0	1	24	222	6	36	32256	960	0	0	0	960
333	17856	0	1	0	1	0	0	1	24	222	6	36	32256	960	0	0	0	960
333	17923	0	1	0	1	0	0	1	27	222	6	39	32256	896	0	0	0	896
333	17925	0	1	0	1	0	0	1	27	222	6	39	32256	896	0	0	0	896
333	17926	0	1	0	1	0	0	1	27	222	6	39	32256	896	0	0	0	896
333	17929	0	1	0	1	0	0	1	27	222	6	39	32256	896	0	0	0	896
333	17930	0	1	0	1	0	0	1	27	222	6	39	32256	896	0	0	0	896
333	17932	0	1	0	1	0	0	1	27	222	6	39	32256	896	0	0	0	896
333	17937	0	1	0	1	0	0	1	27	222	6	39	32256	896	0	0	0	896
333	17938	0	1	0	1	0	0	1	27	222	6	39	32256	896	0	0	0	896
333	17940	0	1	0	1	0	0	1	27	222	6	39	32256	896	0	0	0	896
333	17944	0	1	0	1	0	0	1	27	222	6	39	32256	896	0	0	0	896
333	17953	0	1	0	1	0	0	1	27	222	6	39	32256	896	0	0	0	896
333	17954	0	1	0	1	0	0	1	27	222	6	39	32256	896	0	0	0	896
333	17956	0	1	0	1	0	0	1	27	222	6	39	32256	896	0	0	0	896
333	17960	0	1	0	1	0	0	1	27	222	6	39	32256	896	0	0	0	896
333	17968	0	1	0	1	0	0	1	27	222	6	39	32256	896	0	0	0	896
333	17985	0	1	0	1	0	0	1	27	222	6	39	32256	896	0	0	0	896
333	17986	0	1	0	1	0	0	1	27	222	6	39	32256	896	0	0	0	896
333	17988	0	1	0	1	0	0	1	27	222	6	39	32256	896	0	0	0	896
333	17992	0	1	0	1	0	0	1	27	222	6	39	32256	896	0	0	0	896
333	18000	0	1	0	1	0	0	1	27	222	6	39	32256	896	0	0	0	896
333	18016	0	1	0	1	0	0	1	27	222	6	39	32256	896	0	0	0	896
333	18049	0	1	0	1	0	0	1	27	222	6	39	32256	896	0	0	0	896
333	18050	0	1	0	1	0	0	1	27	222	6	39	32256	896	0	0	0	896
333	18052	0	1	0	1	0	0	1	27	222	6	39	32256	896	0	0	0	896
333	18056	0	1	0	1	0	0	1	27	222	6	39	32256	896	0	0	0	896
333	18064	0	1	0	1	0	0	1	27	222	6	39	32256	896	0	0	0	896
333	18080	0	1	0	1	0	0	1	27	222	6	39	32256	896	0	0	0	896
333	18112	0	1	0	1	0	0	1	27	222	6	39	32256	896	0	0	0	896
333	18177	0	1	0	1	0	0	1	27	222	6	39	32256	896	0	0	0	896
333	18178	0	1	0	1	0	0	1	27	222	6	39	32256	896	0	0	0	896
333	18180	0	1	0	1	0	0	1	27	222	6	39	32256	896	0	0	0	896
333	18184	0	1	0	1	0	0	1	27	222	6	39	32256	896	0	0	0	896
333	18192	0	1	0	1	0	0	1	27	222	6	39	32256	896	0	0	0	896
333	18208	0	1	0	1	0	0	1	27	222	6	39	32256	896	0	0	0	896
333	18240	0	1	0	1	0	0	1	27	222	6	39	32256	896	0	0	0	896
333	18304	0	1	0	1	0	0	1	27	222	6	39	32256	896	0	0	0	896
333	18439	0	1	0	1	0	0	1	24	222	6	36	32256	960	0	0	0	960
333	18443	0	1	0	1	0	0	1	24	222	6	36	32256	960	0	0	0	960
333	18445	0	1	0	1	0	0	1	24	222	6	36	32256	960	0	0	0	960
333	18446	0	1	0	1	0	0	1	24	222	6	36	32256	960	0	0	0	960
333	18451	0	1	0	1	0	0	1	24	222	6	36	32256	960	0	0	0	960
333	18453	0	1	0	1	0	0	1	24	222	6	36	32256	960	0	0	0	960
333	18454	0	1	0	1	0	0	1	24	222	6	36	32256	960	0	0	0	960
333	18457	0	1	0	1	0	0	1	24	222	6	36	32256	960	0	0	0	960
333	18458	0	1	0	1	0	0	1	24	222	6	36	32256	960	0	0	0	960
333	18460	0	1	0	1	0	0	1	24	222	6	36	32256	960	0	0	0	960
333	18467	0	1	0	1	0	0	1	24	222	6	36	32256	960	0	0	0	960
333	18469	0	1	0	1	0	0	1	24	222	6	36	32256	960	0	0	0	960
333	18470	0	1	0	1	0	0	1	24	222	6	36	32256	960	0	0	0	960
333	18473	0	1	0	1	0	0	1	24	222	6	36	32256	960	0	0	0	960
333	18474	0	1	0	1	0	0	1	24	222	6	36	32256	960	0	0	0	960
333	18476	0	1	0	1	0	0	1	24	222	6	36	32256	960	0	0	0	960
333	18481	0	1	0	1	0	0	1	24	222	6	36	32256	960	0	0	0	960
333	18482	0	1	0	1	0	0	1	24	222	6	36	32256	960	0	0	0	960
333	18484	0	1	0	1	0	0	1	24	222	6	36	32256	960	0	0	0	960
333	18488	0	1	0	1	0	0	1	24	222	6	36	32256	960	0	0	0	960
333	18499	0	1	0	1	0	0	1	24	222	6	36	32256	960	0	0	0	960
333	18501	0	1	0	1	0	0	1	24	222	6	36	32256	960	0	0	0	960
333	18502	0	1	0	1	0	0	1	24	222	6	36	32256	960	0	0	0	960
333	18505	0	1	0	1	0	0	1	24	222	6	36	32256	960	0	0	0	960
333	18506	0	1	0	1	0	0	1	24	222	6	36	32256	960	0	0	0	960
333	18508	0	1	0	1	0	0	1	24	222	6	36	32256	960	0	0	0	960
333	18513	0	1	0	1	0	0	1	24	222	6	36	32256	960	0	0	0	960
333	18514	0	1	0	1	0	0	1	24	222	6	36	32256	960	0	0	0	960
333	18516	0	1	0	1	0	0	1	24	222	6	36	32256	960	0	0	0	960
333	18520	0	1	0	1	0	0	1	24	222	6	36	32256	960	0	0	0	960
333	18529	0	1	0	1	0	0	1	24	222	6	36	32256	960	0	0	0	960
333	18530	0	1	0	1	0	0	1	24	222	6	36	32256	960	0	0	0	960
333	18532	0	1	0	1	0	0	1	24	222	6	36	32256	960	0	0	0	960
333	18536	0	1	0	1	0	0	1	24	222	6	36	32256	960	0	0	0	960
333	18544	0	1	0	1	0	0	1	24	222	6	36	32256	960	0	0	0	960
333	18563	0	1	0	1	0	0	1	24	222	6	36	32256	960	0	0	0	960
333	18565	0	1	0	1	0	0	1	24	222	6	36	32256	960	0	0	0	960
333	18566	0	1	0	1	0	0	1	24	222	6	36	32256	960	0	0	0	960
333	18569	0	1	0	1	0	0	1	24	222	6	36	32256	960	0	0	0	960
333	18570	0	1	0	1	0	0	1	24	222	6	36	32256	960	0	0	0	960
333	18572	0	1	0	1	0	0	1	24	222	6	36	32256	960	0	0	0	960
333	18577	0	1	0	1	0	0	1	24	222	6	36	32256	960	0	0	0	960
333	18578	0	1	0	1	0	0	1	24	222	6	36	32256	960	0	0	0	960
333	18580	0	1	0	1	0	0	1	24	222	6	36	32256	960	0	0	0	960
333	18584	0	1	0	1	0	0	1	24	222	6	36	32256	960	0	0	0	960
333	18593	0	1	0	1	0	0	1	24	222	6	36	32256	960	0	0	0	960
333	18594	0	1	0	1	0	0	1	24	222	6	36	32256	960	0	0	0	960
333	18596	0	1	0	1	0	0	1	24	222	6	36	32256	960	0	0	0	960
333	18600	0	1	0	1	0	0	1	24	222	6	36	32256	960	0	0	0	960
333	18608	0	1	0	1	0	0	1	24	222	6	36	32256	960	0	0	0	960
333	18625	0	1	0	1	0	0	1	24	222	6	36	32256	960	0	0	0	960
333	18626	0	1	0	1	0	0	1	24	222	6	36	32256	960	0	0	0	960
333	18628	0	1	0	1	0	0	1	24	222	6	36	32256	960	0	0	0	960
333	18632	0	1	0	1	0	0	1	24	222	6	36	32256	960	0	0	0	960
333	18640	0	1	0	1	0	0	1	24	222	6	36	32256	960	0	0	0	960
333	18656	0	1	0	1	0	0	1	24	222	6	36	32256	960	0	0	0	960
333	18691	0	1	0	1	0	0	1	24	222	6	36	32256	960	0	0	0	960
333	18693	0	1	0	1	0	0	1	24	222	6	36	32256	960	0	0	0	960
333	18694	0	1	0	1	0	0	1	24	222	6	36	32256	960	0	0	0	960
333	18697	0	1	0	1	0	0	1	24	222	6	36	32256	960	0	0	0	960
333	18698	0	1	0	1	0	0	1	24	222	6	36	32256	960	0	0	0	960
333	18700	0	1	0	1	0	0	1	24	222	6	36	32256	960	0	0	0	960
333	18705	0	1	0	1	0	0	1	24	222	6	36	32256	960	0	0	0	960
333	18706	0	1	0	1	0	0	1	24	222	6	36	32256	960	0	0	0	960
333	18708	0	1	0	1	0	0	1	24	222	6	36	32256	960	0	0	0	960
333	18712	0	1	0	1	0	0	1	24	222	6	36	32256	960	0	0	0	960
333	18721	0	1	0	1	0	0	1	24	222	6	36	32256	960	0	0	0	960
333	18722	0	1	0	1	0	0	1	24	222	6	36	32256	960	0	0	0	960
333	18724	0	1	0	1	0	0	1	24	222	6	36	32256	960	0	0	0	960
333	18728	0	1	0	1	0	0	1	24	222	6	36	32256	960	0	0	0	960
333	18736	0	1	0	1	0	0	1	24	222	6	36	32256	960	0	0	0	960
333	18753	0	1	0	1	0	0	1	24	222	6	36	32256	960	0	0	0	960
333	18754	0	1	0	1	0	0	1	24	222	6	36	32256	960	0	0	0	960
333	18756	0	1	0	1	0	0	1	24	222	6	36	32256	960	0	0	0	960
333	18760	0	1	0	1	0	0	1	24	222	6	36	32256	960	0	0	0	960
333	18768	0	1	0	1	0	0	1	24	222	6	36	32256	960	0	0	0	960
333	18784	0	1	0	1	0	0	1	24	222	6	36	32256	960	0	0	0	960
333	18817	0	1	0	1	0	0	1	24	222	6	36	32256	960	0	0	0	960
333	18818	0	1	0	1	0	0	1	24	222	6	36	32256	960	0	0	0	960
333	18820	0	1	0	1	0	0	1	24	222	6	36	32256	960	0	0	0	960
333	18824	0	1	0	1	0	0	1	24	222	6	36	32256	960	0	0	0	960
333	18832	0	1	0	1	0	0	1	24	222	6	36	32256	960	0	0	0	960
333	18848	0	1	0	1	0	0	1	24	222	6	36	32256	960	0	0	0	960
333	18880	0	1	0	1	0	0	1	24	222	6	36	32256	960	0	0	0	960
333	18947	0	1	0	1	0	0	1	27	222	6	39	32256	896	0	0	0	896
333	18949	0	1	0	1	0	0	1	27	222	6	39	32256	896	0	0	0	896
333	18950	0	1	0	1	0	0	1	27	222	6	39	32256	896	0	0	0	896
333	18953	0	1	0	1	0	0	1	27	222	6	39	32256	896	0	0	0	896
333	18954	0	1	0	1	0	0	1	27	222	6	39	32256	896	0	0	0	896
333	18956	0	1	0	1	0	0	1	27	222	6	39	32256	896	0	0	0	896
333	18961	0	1	0	1	0	0	1	27	222	6	39	32256	896	0	0	0	896
333	18962	0	1	0	1	0	0	1	27	222	6	39	32256	896	0	0	0	896
333	18964	0	1	0	1	0	0	1	27	222	6	39	32256	896	0	0	0	896
333	18968	0	1	0	1	0	0	1	27	222	6	39	32256	896	0	0	0	896
333	18977	0	1	0	1	0	0	1	27	222	6	39	32256	896	0	0	0	896
333	18978	0	1	0	1	0	0	1	27	222	6	39	32256	896	0	0	0	896
333	18980	0	1	0	1	0	0	1	27	222	6	39	32256	896	0	0	0	896
333	18984	0	1	0	1	0	0	1	27	222	6	39	32256	896	0	0	0	896
333	18992	0	1	0	1	0	0	1	27	222	6	39	32256	896	0	0	0	896
333	19009	0	1	0	1	0	0	1	27	222	6	39	32256	896	0	0	0	896
333	19010	0	1	0	1	0	0	1	27	222	6	39	32256	896	0	0	0	896
333	19012	0	1	0	1	0	0	1	27	222	6	39	32256	896	0	0	0	896
333	19016	0	1	0	1	0	0	1	27	222	6	39	32256	896	0	0	0	896
333	19024	0	1	0	1	0	0	1	27	222	6	39	32256	896	0	0	0	896
333	19040	0	1	0	1	0	0	1	27	222	6	39	32256	896	0	0	0	896
333	19073	0	1	0	1	0	0	1	27	222	6	39	32256	896	0	0	0	896
333	19074	0	1	0	1	0	0	1	27	222	6	39	32256	896	0	0	0	896
333	19076	0	1	0	1	0	0	1	27	222	6	39	32256	896	0	0	0	896
333	19080	0	1	0	1	0	0	1	27	222	6	39	32256	896	0	0	0	896
333	19088	0	1	0	1	0	0	1	27	222	6	39	32256	896	0	0	0	896
333	19104	0	1	0	1	0	0	1	27	222	6	39	32256	896	0	0	0	896
333	19136	0	1	0	1	0	0	1	27	222	6	39	32256	896	0	0	0	896
333	19201	0	1	0	1	0	0	1	27	222	6	39	32256	896	0	0	0	896
333	19202	0	1	0	1	0	0	1	27	222	6	39	32256	896	0	0	0	896
333	19204	0	1	0	1	0	0	1	27	222	6	39	32256	896	0	0	0	896
333	19208	0	1	0	1	0	0	1	27	222	6	39	32256	896	0	0	0	896
333	19216	0	1	0	1	0	0	1	27	222	6	39	32256	896	0	0	0	896
333	19232	0	1	0	1	0	0	1	27	222	6	39	32256	896	0	0	0	896
333	19264	0	1	0	1	0	0	1	27	222	6	39	32256	896	0	0	0	896
333	19328	0	1	0	1	0	0	1	27	222	6	39	32256	896	0	0	0	896
333	19459	0	1	0	1	0	0	1	27	222	6	39	32256	896	0	0	0	896
333	19461	0	1	0	1	0	0	1	27	222	6	39	32256	896	0	0	0	896
333	19462	0	1	0	1	0	0	1	27	222	6	39	32256	896	0	0	0	896
333	19465	0	1	0	1	0	0	1	27	222	6	39	32256	896	0	0	0	896
333	19466	0	1	0	1	0	0	1	27	222	6	39	32256	896	0	0	0	896
333	19468	0	1	0	1	0	0	1	27	222	6	39	32256	896	0	0	0	896
333	19473	0	1	0	1	0	0	1	27	222	6	39	32256	896	0	0	0	896
333	19474	0	1	0	1	0	0	1	27	222	6	39	32256	896	0	0	0	896
333	19476	0	1	0	1	0	0	1	27	222	6	39	32256	896	0	0	0	896
333	19480	0	1	0	1	0	0	1	27	222	6	39	32256	896	0	0	0	896
333	19489	0	1	0	1	0	0	1	27	222	6	39	32256	896	0	0	0	896
333	19490	0	1	0	1	0	0	1	27	222	6	39	32256	896	0	0	0	896
333	19492	0	1	0	1	0	0	1	27	222	6	39	32256	896	0	0	0	896
333	19496	0	1	0	1	0	0	1	27	222	6	39	32256	896	0	0	0	896
333	19504	0	1	0	1	0	0	1	27	222	6	39	32256	896	0	0	0	896
333	19521	0	1	0	1	0	0	1	27	222	6	39	32256	896	0	0	0	896
333	19522	0	1	0	1	0	0	1	27	222	6	39	32256	896	0	0	0	896
333	19524	0	1	0	1	0	0	1	27	222	6	39	32256	896	0	0	0	896
333	19528	0	1	0	1	0	0	1	27	222	6	39	32256	896	0	0	0	896
333	19536	0	1	0	1	0	0	1	27	222	6	39	32256	896	0	0	0	896
333	19552	0	1	0	1	0	0	1	27	222	6	39	32256	896	0	0	0	896
333	19585	0	1	0	1	0	0	1	27	222	6	39	32256	896	0	0	0	896
333	19586	0	1	0	1	0	0	1	27	222	6	39	32256	896	0	0	0	896
333	19588	0	1	0	1	0	0	1	27	222	6	39	32256	896	0	0	0	896
333	19592	0	1	0	1	0	0	1	27	222	6	39	32256	896	0	0	0	896
333	19600	0	1	0	1	0	0	1	27	222	6	39	32256	896	0	0	0	896
333	19616	0	1	0	1	0	0	1	27	222	6	39	32256	896	0	0	0	896
333	19648	0	1	0	1	0	0	1	27	222	6	39	32256	896	0	0	0	896
333	19713	0	1	0	1	0	0	1	27	222	6	39	32256	896	0	0	0	896
333	19714	0	1	0	1	0	0	1	27	222	6	39	32256	896	0	0	0	896
333	19716	0	1	0	1	0	0	1	27	222	6	39	32256	896	0	0	0	896
333	19720	0	1	0	1	0	0	1	27	222	6	39	32256	896	0	0	0	896
333	19728	0	1	0	1	0	0	1	27	222	6	39	32256	896	0	0	0	896
333	19744	0	1	0	1	0	0	1	27	222	6	39	32256	896	0	0	0	896
333	19776	0	1	0	1	0	0	1	27	222	6	39	32256	896	0	0	0	896
333	19840	0	1	0	1	0	0	1	27	222	6	39	32256	896	0	0	0	896
333	19969	0	1	0	1	0	0	1	34	75	4	42	32256	768	0	0	0	768
333	19970	0	1	0	1	0	0	1	34	75	4	42	32256	768	0	0	0	768
333	19972	0	1	0	1	0	0	1	34	75	4	42	32256	768	0	0	0	768
333	19976	0	1	0	1	0	0	1	34	75	4	42	32256	768	0	0	0	768
333	19984	0	1	0	1	0	0	1	34	75	4	42	32256	768	0	0	0	768
333	20000	0	1	0	1	0	0	1	34	75	4	42	32256	768	0	0	0	768
333	20032	0	1	0	1	0	0	1	34	75	4	42	32256	768	0	0	0	768
333	20096	0	1	0	1	0	0	1	34	75	4	42	32256	768	0	0	0	768
333	20224	0	1	0	1	0	0	1	34	75	4	42	32256	768	0	0	0	768
333	20487	0	1	0	1	0	0	1	24	222	6	36	32256	960	0	0	0	960
333	20491	0	1	0	1	0	0	1	24	222	6	36	32256	960	0	0	0	960
333	20493	0	1	0	1	0	0	1	24	222	6	36	32256	960	0	0	0	960
333	20494	0	1	0	1	0	0	1	24	222	6	36	32256	960	0	0	0	960
333	20499	0	1	0	1	0	0	1	24	222	6	36	32256	960	0	0	0	960
333	20501	0	1	0	1	0	0	1	24	222	6	36	32256	960	0	0	0	960
333	20502	0	1	0	1	0	0	1	24	222	6	36	32256	960	0	0	0	960
333	20505	0	1	0	1	0	0	1	24	222	6	36	32256	960	0	0	0	960
333	20506	0	1	0	1	0	0	1	24	222	6	36	32256	960	0	0	0	960
333	20508	0	1	0	1	0	0	1	24	222	6	36	32256	960	0	0	0	960
333	20515	0	1	0	1	0	0	1	24	222	6	36	32256	960	0	0	0	960
333	20517	0	1	0	1	0	0	1	24	222	6	36	32256	960	0	0	0	960
333	20518	0	1	0	1	0	0	1	24	222	6	36	32256	960	0	0	0	960
333	20521	0	1	0	1	0	0	1	24	222	6	36	32256	960	0	0	0	960
333	20522	0	1	0	1	0	0	1	24	222	6	36	32256	960	0	0	0	960
333	20524	0	1	0	1	0	0	1	24	222	6	36	32256	960	0	0	0	960
333	20529	0	1	0	1	0	0	1	24	222	6	36	32256	960	0	0	0	960
333	20530	0	1	0	1	0	0	1	24	222	6	36	32256	960	0	0	0	960
333	20532	0	1	0	1	0	0	1	24	222	6	36	32256	960	0	0	0	960
333	20536	0	1	0	1	0	0	1	24	222	6	36	32256	960	0	0	0	960
333	20547	0	1	0	1	0	0	1	24	222	6	36	32256	960	0	0	0	960
333	20549	0	1	0	1	0	0	1	24	222	6	36	32256	960	0	0	0	960
333	20550	0	1	0	1	0	0	1	24	222	6	36	32256	960	0	0	0	960
333	20553	0	1	0	1	0	0	1	24	222	6	36	32256	960	0	0	0	960
333	20554	0	1	0	1	0	0	1	24	222	6	36	32256	960	0	0	0	960
333	20556	0	1	0	1	0	0	1	24	222	6	36	32256	960	0	0	0	960
333	20561	0	1	0	1	0	0	1	24	222	6	36	32256	960	0	0	0	960
333	20562	0	1	0	1	0	0	1	24	222	6	36	32256	960	0	0	0	960
333	20564	0	1	0	1	0	0	1	24	222	6	36	32256	960	0	0	0	960
333	20568	0	1	0	1	0	0	1	24	222	6	36	32256	960	0	0	0	960
333	20577	0	1	0	1	0	0	1	24	222	6	36	32256	960	0	0	0	960
333	20578	0	1	0	1	0	0	1	24	222	6	36	32256	960	0	0	0	960
333	20580	0	1	0	1	0	0	1	24	222	6	36	32256	960	0	0	0	960
333	20584	0	1	0	1	0	0	1	24	222	6	36	32256	960	0	0	0	960
333	20592	0	1	0	1	0	0	1	24	222	6	36	32256	960	0	0	0	960
333	20611	0	1	0	1	0	0	1	24	222	6	36	32256	960	0	0	0	960
333	20613	0	1	0	1	0	0	1	24	222	6	36	32256	960	0	0	0	960
333	20614	0	1	0	1	0	0	1	24	222	6	36	32256	960	0	0	0	960
333	20617	0	1	0	1	0	0	1	24	222	6	36	32256	960	0	0	0	960
333	20618	0	1	0	1	0	0	1	24	222	6	36	32256	960	0	0	0	960
333	20620	0	1	0	1	0	0	1	24	222	6	36	32256	960	0	0	0	960
333	20625	0	1	0	1	0	0	1	24	222	6	36	32256	960	0	0	0	960
333	20626	0	1	0	1	0	0	1	24	222	6	36	32256	960	0	0	0	960
333	20628	0	1	0	1	0	0	1	24	222	6	36	32256	960	0	0	0	960
333	20632	0	1	0	1	0	0	1	24	222	6	36	32256	960	0	0	0	960
333	20641	0	1	0	1	0	0	1	24	222	6	36	32256	960	0	0	0	960
333	20642	0	1	0	1	0	0	1	24	222	6	36	32256	960	0	0	0	960
333	20644	0	1	0	1	0	0	1	24	222	6	36	32256	960	0	0	0	960
333	20648	0	1	0	1	0	0	1	24	222	6	36	32256	960	0	0	0	960
333	20656	0	1	0	1	0	0	1	24	222	6	36	32256	960	0	0	0	960
333	20673	0	1	0	1	0	0	1	24	222	6	36	32256	960	0	0	0	960
333	20674	0	1	0	1	0	0	1	24	222	6	36	32256	960	0	0	0	960
333	20676	0	1	0	1	0	0	1	24	222	6	36	32256	960	0	0	0	960
333	20680	0	1	0	1	0	0	1	24	222	6	36	32256	960	0	0	0	960
333	20688	0	1	0	1	0	0	1	24	222	6	36	32256	960	0	0	0	960
333	20704	0	1	0	1	0	0	1	24	222	6	36	32256	960	0	0	0	960
333	20739	0	1	0	1	0	0	1	24	222	6	36	32256	960	0	0	0	960
333	20741	0	1	0	1	0	0	1	24	222	6	36	32256	960	0	0	0	960
333	20742	0	1	0	1	0	0	1	24	222	6	36	32256	960	0	0	0	960
333	20745	0	1	0	1	0	0	1	24	222	6	36	32256	960	0	0	0	960
333	20746	0	1	0	1	0	0	1	24	222	6	36	32256	960	0	0	0	960
333	20748	0	1	0	1	0	0	1	24	222	6	36	32256	960	0	0	0	960
333	20753	0	1	0	1	0	0	1	24	222	6	36	32256	960	0	0	0	960
333	20754	0	1	0	1	0	0	1	24	222	6	36	32256	960	0	0	0	960
333	20756	0	1	0	1	0	0	1	24	222	6	36	32256	960	0	0	0	960
333	20760	0	1	0	1	0	0	1	24	222	6	36	32256	960	0	0	0	960
333	20769	0	1	0	1	0	0	1	24	222	6	36	32256	960	0	0	0	960
333	20770	0	1	0	1	0	0	1	24	222	6	36	32256	960	0	0	0	960
333	20772	0	1	0	1	0	0	1	24	222	6	36	32256	960	0	0	0	960
333	20776	0	1	0	1	0	0	1	24	222	6	36	32256	960	0	0	0	960
333	20784	0	1	0	1	0	0	1	24	222	6	36	32256	960	0	0	0	960
333	20801	0	1	0	1	0	0	1	24	222	6	36	32256	960	0	0	0	960
333	20802	0	1	0	1	0	0	1	24	222	6	36	32256	960	0	0	0	960
333	20804	0	1	0	1	0	0	1	24	222	6	36	32256	960	0	0	0	960
333	20808	0	1	0	1	0	0	1	24	222	6	36	32256	960	0	0	0	960
333	20816	0	1	0	1	0	0	1	24	222	6	36	32256	960	0	0	0	960
333	20832	0	1	0	1	0	0	1	24	222	6	36	32256	960	0	0	0	960
333	20865	0	1	0	1	0	0	1	24	222	6	36	32256	960	0	0	0	960
333	20866	0	1	0	1	0	0	1	24	222	6	36	32256	960	0	0	0	960
333	20868	0	1	0	1	0	0	1	24	222	6	36	32256	960	0	0	0	960
333	20872	0	1	0	1	0	0	1	24	222	6	36	32256	960	0	0	0	960
333	20880	0	1	0	1	0	0	1	24	222	6	36	32256	960	0	0	0	960
333	20896	0	1	0	1	0	0	1	24	222	6	36	32256	960	0	0	0	960
333	20928	0	1	0	1	0	0	1	24	222	6	36	32256	960	0	0	0	960
333	20995	0	1	0	1	0	0	1	27	222	6	39	32256	896	0	0	0	896
333	20997	0	1	0	1	0	0	1	27	222	6	39	32256	896	0	0	0	896
333	20998	0	1	0	1	0	0	1	27	222	6	39	32256	896	0	0	0	896
333	21001	0	1	0	1	0	0	1	27	222	6	39	32256	896	0	0	0	896
333	21002	0	1	0	1	0	0	1	27	222	6	39	32256	896	0	0	0	896
333	21004	0	1	0	1	0	0	1	27	222	6	39	32256	896	0	0	0	896
333	21009	0	1	0	1	0	0	1	27	222	6	39	32256	896	0	0	0	896
333	21010	0	1	0	1	0	0	1	27	222	6	39	32256	896	0	0	0	896
333	21012	0	1	0	1	0	0	1	27	222	6	39	32256	896	0	0	0	896
333	21016	0	1	0	1	0	0	1	27	222	6	39	32256	896	0	0	0	896
333	21025	0	1	0	1	0	0	1	27	222	6	39	32256	896	0	0	0	896
333	21026	0	1	0	1	0	0	1	27	222	6	39	32256	896	0	0	0	896
333	21028	0	1	0	1	0	0	1	27	222	6	39	32256	896	0	0	0	896
333	21032	0	1	0	1	0	0	1	27	222	6	39	32256	896	0	0	0	896
333	21040	0	1	0	1	0	0	1	27	222	6	39	32256	896	0	0	0	896
333	21057	0	1	0	1	0	0	1	27	222	6	39	32256	896	0	0	0	896
333	21058	0	1	0	1	0	0	1	27	222	6	39	32256	896	0	0	0	896
333	21060	0	1	0	1	0	0	1	27	222	6	39	32256	896	0	0	0	896
333	21064	0	1	0	1	0	0	1	27	222	6	39	32256	896	0	0	0	896
333	21072	0	1	0	1	0	0	1	27	222	6	39	32256	896	0	0	0	896
333	21088	0	1	0	1	0	0	1	27	222	6	39	32256	896	0	0	0	896
333	21121	0	1	0	1	0	0	1	27	222	6	39	32256	896	0	0	0	896
333	21122	0	1	0	1	0	0	1	27	222	6	39	32256	896	0	0	0	896
333	21124	0	1	0	1	0	0	1	27	222	6	39	32256	896	0	0	0	896
333	21128	0	1	0	1	0	0	1	27	222	6	39	32256	896	0	0	0	896
333	21136	0	1	0	1	0	0	1	27	222	6	39	32256	896	0	0	0	896
333	21152	0	1	0	1	0	0	1	27	222	6	39	32256	896	0	0	0	896
333	21184	0	1	0	1	0	0	1	27	222	6	39	32256	896	0	0	0	896
333	21249	0	1	0	1	0	0	1	27	222	6	39	32256	896	0	0	0	896
333	21250	0	1	0	1	0	0	1	27	222	6	39	32256	896	0	0	0	896
333	21252	0	1	0	1	0	0	1	27	222	6	39	32256	896	0	0	0	896
333	21256	0	1	0	1	0	0	1	27	222	6	39	32256	896	0	0	0	896
333	21264	0	1	0	1	0	0	1	27	222	6	39	32256	896	0	0	0	896
333	21280	0	1	0	1	0	0	1	27	222	6	39	32256	896	0	0	0	896
333	21312	0	1	0	1	0	0	1	27	222	6	39	32256	896	0	0	0	896
333	21376	0	1	0	1	0	0	1	27	222	6	39	32256	896	0	0	0	896
333	21507	0	1	0	1	0	0	1	27	222	6	39	32256	896	0	0	0	896
333	21509	0	1	0	1	0	0	1	27	222	6	39	32256	896	0	0	0	896
333	21510	0	1	0	1	0	0	1	27	222	6	39	32256	896	0	0	0	896
333	21513	0	1	0	1	0	0	1	27	222	6	39	32256	896	0	0	0	896
333	21514	0	1	0	1	0	0	1	27	222	6	39	32256	896	0	0	0	896
333	21516	0	1	0	1	0	0	1	27	222	6	39	32256	896	0	0	0	896
333	21521	0	1	0	1	0	0	1	27	222	6	39	32256	896	0	0	0	896
333	21522	0	1	0	1	0	0	1	27	222	6	39	32256	896	0	0	0	896
333	21524	0	1	0	1	0	0	1	27	222	6	39	32256	896	0	0	0	896
333	21528	0	1	0	1	0	0	1	27	222	6	39	32256	896	0	0	0	896
333	21537	0	1	0	1	0	0	1	27	222	6	39	32256	896	0	0	0	896
333	21538	0	1	0	1	0	0	1	27	222	6	39	32256	896	0	0	0	896
333	21540	0	1	0	1	0	0	1	27	222	6	39	32256	896	0	0	0	896
333	21544	0	1	0	1	0	0	1	27	222	6	39	32256	896	0	0	0	896
333	21552	0	1	0	1	0	0	1	27	222	6	39	32256	896	0	0	0	896
333	21569	0	1	0	1	0	0	1	27	222	6	39	32256	896	0	0	0	896
333	21570	0	1	0	1	0	0	1	27	222	6	39	32256	896	0	0	0	896
333	21572	0	1	0	1	0	0	1	27	222	6	39	32256	896	0	0	0	896
333	21576	0	1	0	1	0	0	1	27	222	6	39	32256	896	0	0	0	896
333	21584	0	1	0	1	0	0	1	27	222	6	39	32256	896	0	0	0	896
333	21600	0	1	0	1	0	0	1	27	222	6	39	32256	896	0	0	0	896
333	21633	0	1	0	1	0	0	1	27	222	6	39	32256	896	0	0	0	896
333	21634	0	1	0	1	0	0	1	27	222	6	39	32256	896	0	0	0	896
333	21636	0	1	0	1	0	0	1	27	222	6	39	32256	896	0	0	0	896
333	21640	0	1	0	1	0	0	1	27	222	6	39	32256	896	0	0	0	896
333	21648	0	1	0	1	0	0	1	27	222	6	39	32256	896	0	0	0	896
333	21664	0	1	0	1	0	0	1	27	222	6	39	32256	896	0	0	0	896
333	21696	0	1	0	1	0	0	1	27	222	6	39	32256	896	0	0	0	896
333	21761	0	1	0	1	0	0	1	27	222	6	39	32256	896	0	0	0	896
333	21762	0	1	0	1	0	0	1	27	222	6	39	32256	896	0	0	0	896
333	21764	0	1	0	1	0	0	1	27	222	6	39	32256	896	0	0	0	896
333	21768	0	1	0	1	0	0	1	27	222	6	39	32256	896	0	0	0	896
333	21776	0	1	0	1	0	0	1	27	222	6	39	32256	896	0	0	0	896
333	21792	0	1	0	1	0	0	1	27	222	6	39	32256	896	0	0	0	896
333	21824	0	1	0	1	0	0	1	27	222	6	39	32256	896	0	0	0	896
333	21888	0	1	0	1	0	0	1	27	222	6	39	32256	896	0	0	0	896
333	22017	0	1	0	1	0	0	1	34	75	4	42	32256	768	0	0	0	768
333	22018	0	1	0	1	0	0	1	34	75	4	42	32256	768	0	0	0	768
333	22020	0	1	0	1	0	0	1	34	75	4	42	32256	768	0	0	0	768
333	22024	0	1	0	1	0	0	1	34	75	4	42	32256	768	0	0	0	768
333	22032	0	1	0	1	0	0	1	34	75	4	42	32256	768	0	0	0	768
333	22048	0	1	0	1	0	0	1	34	75	4	42	32256	768	0	0	0	768
333	22080	0	1	0	1	0	0	1	34	75	4	42	32256	768	0	0	0	768
333	22144	0	1	0	1	0	0	1	34	75	4	42	32256	768	0	0	0	768
333	22272	0	1	0	1	0	0	1	34	75	4	42	32256	768	0	0	0	768
333	22531	0	1	0	1	0	0	1	27	222	6	39	32256	896	0	0	0	896
333	22533	0	1	0	1	0	0	1	27	222	6	39	32256	896	0	0	0	896
333	22534	0	1	0	1	0	0	1	27	222	6	39	32256	896	0	0	0	896
333	22537	0	1	0	1	0	0	1	27	222	6	39	32256	896	0	0	0	896
333	22538	0	1	0	1	0	0	1	27	222	6	39	32256	896	0	0	0	896
333	22540	0	1	0	1	0	0	1	27	222	6	39	32256	896	0	0	0	896
333	22545	0	1	0	1	0	0	1	27	222	6	39	32256	896	0	0	0	896
333	22546	0	1	0	1	0	0	1	27	222	6	39	32256	896	0	0	0	896
333	22548	0	1	0	1	0	0	1	27	222	6	39	32256	896	0	0	0	896
333	22552	0	1	0	1	0	0	1	27	222	6	39	32256	896	0	0	0	896
333	22561	0	1	0	1	0	0	1	27	222	6	39	32256	896	0	0	0	896
333	22562	0	1	0	1	0	0	1	27	222	6	39	32256	896	0	0	0	896
333	22564	0	1	0	1	0	0	1	27	222	6	39	32256	896	0	0	0	896
333	22568	0	1	0	1	0	0	1	27	222	6	39	32256	896	0	0	0	896
333	22576	0	1	0	1	0	0	1	27	222	6	39	32256	896	0	0	0	896
333	22593	0	1	0	1	0	0	1	27	222	6	39	32256	896	0	0	0	896
333	22594	0	1	0	1	0	0	1	27	222	6	39	32256	896	0	0	0	896
333	22596	0	1	0	1	0	0	1	27	222	6	39	32256	896	0	0	0	896
333	22600	0	1	0	1	0	0	1	27	222	6	39	32256	896	0	0	0	896
333	22608	0	1	0	1	0	0	1	27	222	6	39	32256	896	0	0	0	896
333	22624	0	1	0	1	0	0	1	27	222	6	39	32256	896	0	0	0	896
333	22657	0	1	0	1	0	0	1	27	222	6	39	32256	896	0	0	0	896
333	22658	0	1	0	1	0	0	1	27	222	6	39	32256	896	0	0	0	896
333	22660	0	1	0	1	0	0	1	27	222	6	39	32256	896	0	0	0	896
333	22664	0	1	0	1	0	0	1	27	222	6	39	32256	896	0	0	0	896
333	22672	0	1	0	1	0	0	1	27	222	6	39	32256	896	0	0	0	896
333	22688	0	1	0	1	0	0	1	27	222	6	39	32256	896	0	0	0	896
333	22720	0	1	0	1	0	0	1	27	222	6	39	32256	896	0	0	0	896
333	22785	0	1	0	1	0	0	1	27	222	6	39	32256	896	0	0	0	896
333	22786	0	1	0	1	0	0	1	27	222	6	39	32256	896	0	0	0	896
333	22788	0	1	0	1	0	0	1	27	222	6	39	32256	896	0	0	0	896
333	22792	0	1	0	1	0	0	1	27	222	6	39	32256	896	0	0	0	896
333	22800	0	1	0	1	0	0	1	27	222	6	39	32256	896	0	0	0	896
333	22816	0	1	0	1	0	0	1	27	222	6	39	32256	896	0	0	0	896
333	22848	0	1	0	1	0	0	1	27	222	6	39	32256	896	0	0	0	896
333	22912	0	1	0	1	0	0	1	27	222	6	39	32256	896	0	0	0	896
333	23041	0	1	0	1	0	0	1	34	75	4	42	32256	768	0	0	0	768
333	23042	0	1	0	1	0	0	1	34	75	4	42	32256	768	0	0	0	768
333	23044	0	1	0	1	0	0	1	34	75	4	42	32256	768	0	0	0	768
333	23048	0	1	0	1	0	0	1	34	75	4	42	32256	768	0	0	0	768
333	23056	0	1	0	1	0	0	1	34	75	4	42	32256	768	0	0	0	768
333	23072	0	1	0	1	0	0	1	34	75	4	42	32256	768	0	0	0	768
333	23104	0	1	0	1	0	0	1	34	75	4	42	32256	768	0	0	0	768
333	23168	0	1	0	1	0	0	1	34	75	4	42	32256	768	0	0	0	768
333	23296	0	1	0	1	0	0	1	34	75	4	42	32256	768	0	0	0	768
333	23553	0	1	0	1	0	0	1	34	75	4	42	32256	768	0	0	0	768
333	23554	0	1	0	1	0	0	1	34	75	4	42	32256	768	0	0	0	768
333	23556	0	1	0	1	0	0	1	34	75	4	42	32256	768	0	0	0	768
333	23560	0	1	0	1	0	0	1	34	75	4	42	32256	768	0	0	0	768
333	23568	0	1	0	1	0	0	1	34	75	4	42	32256	768	0	0	0	768
333	23584	0	1	0	1	0	0	1	34	75	4	42	32256	768	0	0	0	768
333	23616	0	1	0	1	0	0	1	34	75	4	42	32256	768	0	0	0	768
333	23680	0	1	0	1	0	0	1	34	75	4	42	32256	768	0	0	0	768
333	23808	0	1	0	1	0	0	1	34	75	4	42	32256	768	0	0	0	768
333	24064	0	1	0	1	0	0	1	45	0	0	45	32256	512	0	0	0	512
333	24583	0	1	0	1	0	0	1	24	222	6	36	32256	960	0	0	0	960
333	24587	0	1	0	1	0	0	1	24	222	6	36	32256	960	0	0	0	960
333	24589	0	1	0	1	0	0	1	24	222	6	36	32256	960	0	0	0	960
333	24590	0	1	0	1	0	0	1	24	222	6	36	32256	960	0	0	0	960
333	24595	0	1	0	1	0	0	1	24	222	6	36	32256	960	0	0	0	960
333	24597	0	1	0	1	0	0	1	24	222	6	36	32256	960	0	0	0	960
333	24598	0	1	0	1	0	0	1	24	222	6	36	32256	960	0	0	0	960
333	24601	0	1	0	1	0	0	1	24	222	6	36	32256	960	0	0	0	960
333	24602	0	1	0	1	0	0	1	24	222	6	36	32256	960	0	0	0	960
333	24604	0	1	0	1	0	0	1	24	222	6	36	32256	960	0	0	0	960
333	24611	0	1	0	1	0	0	1	24	222	6	36	32256	960	0	0	0	960
333	24613	0	1	0	1	0	0	1	24	222	6	36	32256	960	0	0	0	960
333	24614	0	1	0	1	0	0	1	24	222	6	36	32256	960	0	0	0	960
333	24617	0	1	0	1	0	0	1	24	222	6	36	32256	960	0	0	0	960
333	24618	0	1	0	1	0	0	1	24	222	6	36	32256	960	0	0	0	960
333	24620	0	1	0	1	0	0	1	24	222	6	36	32256	960	0	0	0	960
333	24625	0	1	0	1	0	0	1	24	222	6	36	32256	960	0	0	0	960
333	24626	0	1	0	1	0	0	1	24	222	6	36	32256	960	0	0	0	960
333	24628	0	1	0	1	0	0	1	24	222	6	36	32256	960	0	0	0	960
333	24632	0	1	0	1	0	0	1	24	222	6	36	32256	960	0	0	0	960
333	24643	0	1	0	1	0	0	1	24	222	6	36	32256	960	0	0	0	960
333	24645	0	1	0	1	0	0	1	24	222	6	36	32256	960	0	0	0	960
333	24646	0	1	0	1	0	0	1	24	222	6	36	32256	960	0	0	0	960
333	24649	0	1	0	1	0	0	1	24	222	6	36	32256	960	0	0	0	960
333	24650	0	1	0	1	0	0	1	24	222	6	36	32256	960	0	0	0	960
333	24652	0	1	0	1	0	0	1	24	222	6	36	32256	960	0	0	0	960
333	24657	0	1	0	1	0	0	1	24	222	6	36	32256	960	0	0	0	960
333	24658	0	1	0	1	0	0	1	24	222	6	36	32256	960	0	0	0	960
333	24660	0	1	0	1	0	0	1	24	222	6	36	32256	960	0	0	0	960
333	24664	0	1	0	1	0	0	1	24	222	6	36	32256	960	0	0	0	960
333	24673	0	1	0	1	0	0	1	24	222	6	36	32256	960	0	0	0	960
333	24674	0	1	0	1	0	0	1	24	222	6	36	32256	960	0	0	0	960
333	24676	0	1	0	1	0	0	1	24	222	6	36	32256	960	0	0	0	960
333	24680	0	1	0	1	0	0	1	24	222	6	36	32256	960	0	0	0	960
333	24688	0	1	0	1	0	0	1	24	222	6	36	32256	960	0	0	0	960
333	24707	0	1	0	1	0	0	1	24	222	6	36	32256	960	0	0	0	960
333	24709	0	1	0	1	0	0	1	24	222	6	36	32256	960	0	0	0	960
333	24710	0	1	0	1	0	0	1	24	222	6	36	32256	960	0	0	0	960
333	24713	0	1	0	1	0	0	1	24	222	6	36	32256	960	0	0	0	960
333	24714	0	1	0	1	0	0	1	24	222	6	36	32256	960	0	0	0	960
333	24716	0	1	0	1	0	0	1	24	222	6	36	32256	960	0	0	0	960
333	24721	0	1	0	1	0	0	1	24	222	6	36	32256	960	0	0	0	960
333	24722	0	1	0	1	0	0	1	24	222	6	36	32256	960	0	0	0	960
333	24724	0	1	0	1	0	0	1	24	222	6	36	32256	960	0	0	0	960
333	24728	0	1	0	1	0	0	1	24	222	6	36	32256	960	0	0	0	960
333	24737	0	1	0	1	0	0	1	24	222	6	36	32256	960	0	0	0	960
333	24738	0	1	0	1	0	0	1	24	222	6	36	32256	960	0	0	0	960
333	24740	0	1	0	1	0	0	1	24	222	6	36	32256	960	0	0	0	960
333	24744	0	1	0	1	0	0	1	24	222	6	36	32256	960	0	0	0	960
333	24752	0	1	0	1	0	0	1	24	222	6	36	32256	960	0	0	0	960
333	24769	0	1	0	1	0	0	1	24	222	6	36	32256	960	0	0	0	960
333	24770	0	1	0	1	0	0	1	24	222	6	36	32256	960	0	0	0	960
333	24772	0	1	0	1	0	0	1	24	222	6	36	32256	960	0	0	0	960
333	24776	0	1	0	1	0	0	1	24	222	6	36	32256	960	0	0	0	960
333	24784	0	1	0	1	0	0	1	24	222	6	36	32256	960	0	0	0	960
333	24800	0	1	0	1	0	0	1	24	222	6	36	32256	960	0	0	0	960
333	24835	0	1	0	1	0	0	1	24	222	6	36	32256	960	0	0	0	960
333	24837	0	1	0	1	0	0	1	24	222	6	36	32256	960	0	0	0	960
333	24838	0	1	0	1	0	0	1	24	222	6	36	32256	960	0	0	0	960
333	24841	0	1	0	1	0	0	1	24	222	6	36	32256	960	0	0	0	960
333	24842	0	1	0	1	0	0	1	24	222	6	36	32256	960	0	0	0	960
333	24844	0	1	0	1	0	0	1	24	222	6	36	32256	960	0	0	0	960
333	24849	0	1	0	1	0	0	1	24	222	6	36	32256	960	0	0	0	960
333	24850	0	1	0	1	0	0	1	24	222	6	36	32256	960	0	0	0	960
333	24852	0	1	0	1	0	0	1	24	222	6	36	32256	960	0	0	0	960
333	24856	0	1	0	1	0	0	1	24	222	6	36	32256	960	0	0	0	960
333	24865	0	1	0	1	0	0	1	24	222	6	36	32256	960	0	0	0	960
333	24866	0	1	0	1	0	0	1	24	222	6	36	32256	960	0	0	0	960
333	24868	0	1	0	1	0	0	1	24	222	6	36	32256	960	0	0	0	960
333	24872	0	1	0	1	0	0	1	24	222	6	36	32256	960	0	0	0	960
333	24880	0	1	0	1	0	0	1	24	222	6	36	32256	960	0	0	0	960
333	24897	0	1	0	1	0	0	1	24	222	6	36	32256	960	0	0	0	960
333	24898	0	1	0	1	0	0	1	24	222	6	36	32256	960	0	0	0	960
333	24900	0	1	0	1	0	0	1	24	222	6	36	32256	960	0	0	0	960
333	24904	0	1	0	1	0	0	1	24	222	6	36	32256	960	0	0	0	960
333	24912	0	1	0	1	0	0	1	24	222	6	36	32256	960	0	0	0	960
333	24928	0	1	0	1	0	0	1	24	222	6	36	32256	960	0	0	0	960
333	24961	0	1	0	1	0	0	1	24	222	6	36	32256	960	0	0	0	960
333	24962	0	1	0	1	0	0	1	24	222	6	36	32256	960	0	0	0	960
333	24964	0	1	0	1	0	0	1	24	222	6	36	32256	960	0	0	0	960
333	24968	0	1	0	1	0	0	1	24	222	6	36	32256	960	0	0	0	960
333	24976	0	1	0	1	0	0	1	24	222	6	36	32256	960	0	0	0	960
333	24992	0	1	0	1	0	0	1	24	222	6	36	32256	960	0	0	0	960
333	25024	0	1	0	1	0	0	1	24	222	6	36	32256	960	0	0	0	960
333	25091	0	1	0	1	0	0	1	27	222	6	39	32256	896	0	0	0	896
333	25093	0	1	0	1	0	0	1	27	222	6	39	32256	896	0	0	0	896
333	25094	0	1	0	1	0	0	1	27	222	6	39	32256	896	0	0	0	896
333	25097	0	1	0	1	0	0	1	27	222	6	39	32256	896	0	0	0	896
333	25098	0	1	0	1	0	0	1	27	222	6	39	32256	896	0	0	0	896
333	25100	0	1	0	1	0	0	1	27	222	6	39	32256	896	0	0	0	896
333	25105	0	1	0	1	0	0	1	27	222	6	39	32256	896	0	0	0	896
333	25106	0	1	0	1	0	0	1	27	222	6	39	32256	896	0	0	0	896
333	25108	0	1	0	1	0	0	1	27	222	6	39	32256	896	0	0	0	896
333	25112	0	1	0	1	0	0	1	27	222	6	39	32256	896	0	0	0	896
333	25121	0	1	0	1	0	0	1	27	222	6	39	32256	896	0	0	0	896
333	25122	0	1	0	1	0	0	1	27	222	6	39	32256	896	0	0	0	896
333	25124	0	1	0	1	0	0	1	27	222	6	39	32256	896	0	0	0	896
333	25128	0	1	0	1	0	0	1	27	222	6	39	32256	896	0	0	0	896
333	25136	0	1	0	1	0	0	1	27	222	6	39	32256	896	0	0	0	896
333	25153	0	1	0	1	0	0	1	27	222	6	39	32256	896	0	0	0	896
333	25154	0	1	0	1	0	0	1	27	222	6	39	32256	896	0	0	0	896
333	25156	0	1	0	1	0	0	1	27	222	6	39	32256	896	0	0	0	896
333	25160	0	1	0	1	0	0	1	27	222	6	39	32256	896	0	0	0	896
333	25168	0	1	0	1	0	0	1	27	222	6	39	32256	896	0	0	0	896
333	25184	0	1	0	1	0	0	1	27	222	6	39	32256	896	0	0	0	896
333	25217	0	1	0	1	0	0	1	27	222	6	39	32256	896	0	0	0	896
333	25218	0	1	0	1	0	0	1	27	222	6	39	32256	896	0	0	0	896
333	25220	0	1	0	1	0	0	1	27	222	6	39	32256	896	0	0	0	896
333	25224	0	1	0	1	0	0	1	27	222	6	39	32256	896	0	0	0	896
333	25232	0	1	0	1	0	0	1	27	222	6	39	32256	896	0	0	0	896
333	25248	0	1	0	1	0	0	1	27	222	6	39	32256	896	0	0	0	896
333	25280	0	1	0	1	0	0	1	27	222	6	39	32256	896	0	0	0	896
333	25345	0	1	0	1	0	0	1	27	222	6	39	32256	896	0	0	0	896
333	25346	0	1	0	1	0	0	1	27	222	6	39	32256	896	0	0	0	896
333	25348	0	1	0	1	0	0	1	27	222	6	39	32256	896	0	0	0	896
333	25352	0	1	0	1	0	0	1	27	222	6	39	32256	896	0	0	0	896
333	25360	0	1	0	1	0	0	1	27	222	6	39	32256	896	0	0	0	896
333	25376	0	1	0	1	0	0	1	27	222	6	39	32256	896	0	0	0	896
333	25408	0	1	0	1	0	0	1	27	222	6	39	32256	896	0	0	0	896
333	25472	0	1	0	1	0	0	1	27	222	6	39	32256	896	0	0	0	896
333	25603	0	1	0	1	0	0	1	27	222	6	39	32256	896	0	0	0	896
333	25605	0	1	0	1	0	0	1	27	222	6	39	32256	896	0	0	0	896
333	25606	0	1	0	1	0	0	1	27	222	6	39	32256	896	0	0	0	896
333	25609	0	1	0	1	0	0	1	27	222	6	39	32256	896	0	0	0	896
333	25610	0	1	0	1	0	0	1	27	222	6	39	32256	896	0	0	0	896
333	25612	0	1	0	1	0	0	1	27	222	6	39	32256	896	0	0	0	896
333	25617	0	1	0	1	0	0	1	27	222	6	39	32256	896	0	0	0	896
333	25618	0	1	0	1	0	0	1	27	222	6	39	32256	896	0	0	0	896
333	25620	0	1	0	1	0	0	1	27	222	6	39	32256	896	0	0	0	896
333	25624	0	1	0	1	0	0	1	27	222	6	39	32256	896	0	0	0	896
333	25633	0	1	0	1	0	0	1	27	222	6	39	32256	896	0	0	0	896
333	25634	0	1	0	1	0	0	1	27	222	6	39	32256	896	0	0	0	896
333	25636	0	1	0	1	0	0	1	27	222	6	39	32256	896	0	0	0	896
333	25640	0	1	0	1	0	0	1	27	222	6	39	32256	896	0	0	0	896
333	25648	0	1	0	1	0	0	1	27	222	6	39	32256	896	0	0	0	896
333	25665	0	1	0	1	0	0	1	27	222	6	39	32256	896	0	0	0	896
333	25666	0	1	0	1	0	0	1	27	222	6	39	32256	896	0	0	0	896
333	25668	0	1	0	1	0	0	1	27	222	6	39	32256	896	0	0	0	896
333	25672	0	1	0	1	0	0	1	27	222	6	39	32256	896	0	0	0	896
333	25680	0	1	0	1	0	0	1	27	222	6	39	32256	896	0	0	0	896
333	25696	0	1	0	1	0	0	1	27	222	6	39	32256	896	0	0	0	896
333	25729	0	1	0	1	0	0	1	27	222	6	39	32256	896	0	0	0	896
333	25730	0	1	0	1	0	0	1	27	222	6	39	32256	896	0	0	0	896
333	25732	0	1	0	1	0	0	1	27	222	6	39	32256	896	0	0	0	896
333	25736	0	1	0	1	0	0	1	27	222	6	39	32256	896	0	0	0	896
333	25744	0	1	0	1	0	0	1	27	222	6	39	32256	896	0	0	0	896
333	25760	0	1	0	1	0	0	1	27	222	6	39	32256	896	0	0	0	896
333	25792	0	1	0	1	0	0	1	27	222	6	39	32256	896	0	0	0	896
333	25857	0	1	0	1	0	0	1	27	222	6	39	32256	896	0	0	0	896
333	25858	0	1	0	1	0	0	1	27	222	6	39	32256	896	0	0	0	896
333	25860	0	1	0	1	0	0	1	27	222	6	39	32256	896	0	0	0	896
333	25864	0	1	0	1	0	0	1	27	222	6	39	32256	896	0	0	0	896
333	25872	0	1	0	1	0	0	1	27	222	6	39	32256	896	0	0	0	896
333	25888	0	1	0	1	0	0	1	27	222	6	39	32256	896	0	0	0	896
333	25920	0	1	0	1	0	0	1	27	222	6	39	32256	896	0	0	0	896
333	25984	0	1	0	1	0	0	1	27	222	6	39	32256	896	0	0	0	896
333	26113	0	1	0	1	0	0	1	34	75	4	42	32256	768	0	0	0	768
333	26114	0	1	0	1	0	0	1	34	75	4	42	32256	768	0	0	0	768
333	26116	0	1	0	1	0	0	1	34	75	4	42	32256	768	0	0	0	768
333	26120	0	1	0	1	0	0	1	34	75	4	42	32256	768	0	0	0	768
333	26128	0	1	0	1	0	0	1	34	75	4	42	32256	768	0	0	0	768
333	26144	0	1	0	1	0	0	1	34	75	4	42	32256	768	0	0	0	768
333	26176	0	1	0	1	0	0	1	34	75	4	42	32256	768	0	0	0	768
333	26240	0	1	0	1	0	0	1	34	75	4	42	32256	768	0	0	0	768
333	26368	0	1	0	1	0	0	1	34	75	4	42	32256	768	0	0	0	768
333	26627	0	1	0	1	0	0	1	27	222	6	39	32256	896	0	0	0	896
333	26629	0	1	0	1	0	0	1	27	222	6	39	32256	896	0	0	0	896
333	26630	0	1	0	1	0	0	1	27	222	6	39	32256	896	0	0	0	896
333	26633	0	1	0	1	0	0	1	27	222	6	39	32256	896	0	0	0	896
333	26634	0	1	0	1	0	0	1	27	222	6	39	32256	896	0	0	0	896
333	26636	0	1	0	1	0	0	1	27	222	6	39	32256	896	0	0	0	896
333	26641	0	1	0	1	0	0	1	27	222	6	39	32256	896	0	0	0	896
333	26642	0	1	0	1	0	0	1	27	222	6	39	32256	896	0	0	0	896
333	26644	0	1	0	1	0	0	1	27	222	6	39	32256	896	0	0	0	896
333	26648	0	1	0	1	0	0	1	27	222	6	39	32256	896	0	0	0	896
333	26657	0	1	0	1	0	0	1	27	222	6	39	32256	896	0	0	0	896
333	26658	0	1	0	1	0	0	1	27	222	6	39	32256	896	0	0	0	896
333	26660	0	1	0	1	0	0	1	27	222	6	39	32256	896	0	0	0	896
333	26664	0	1	0	1	0	0	1	27	222	6	39	32256	896	0	0	0	896
333	26672	0	1	0	1	0	0	1	27	222	6	39	32256	896	0	0	0	896
333	26689	0	1	0	1	0	0	1	27	222	6	39	32256	896	0	0	0	896
333	26690	0	1	0	1	0	0	1	27	222	6	39	32256	896	0	0	0	896
333	26692	0	1	0	1	0	0	1	27	222	6	39	32256	896	0	0	0	896
333	26696	0	1	0	1	0	0	1	27	222	6	39	32256	896	0	0	0	896
333	26704	0	1	0	1	0	0	1	27	222	6	39	32256	896	0	0	0	896
333	26720	0	1	0	1	0	0	1	27	222	6	39	32256	896	0	0	0	896
333	26753	0	1	0	1	0	0	1	27	222	6	39	32256	896	0	0	0	896
333	26754	0	1	0	1	0	0	1	27	222	6	39	32256	896	0	0	0	896
333	26756	0	1	0	1	0	0	1	27	222	6	39	32256	896	0	0	0	896
333	26760	0	1	0	1	0	0	1	27	222	6	39	32256	896	0	0	0	896
333	26768	0	1	0	1	0	0	1	27	222	6	39	32256	896	0	0	0	896
333	26784	0	1	0	1	0	0	1	27	222	6	39	32256	896	0	0	0	896
333	26816	0	1	0	1	0	0	1	27	222	6	39	32256	896	0	0	0	896
333	26881	0	1	0	1	0	0	1	27	222	6	39	32256	896	0	0	0	896
333	26882	0	1	0	1	0	0	1	27	222	6	39	32256	896	0	0	0	896
333	26884	0	1	0	1	0	0	1	27	222	6	39	32256	896	0	0	0	896
333	26888	0	1	0	1	0	0	1	27	222	6	39	32256	896	0	0	0	896
333	26896	0	1	0	1	0	0	1	27	222	6	39	32256	896	0	0	0	896
333	26912	0	1	0	1	0	0	1	27	222	6	39	32256	896	0	0	0	896
333	26944	0	1	0	1	0	0	1	27	222	6	39	32256	896	0	0	0	896
333	27008	0	1	0	1	0	0	1	27	222	6	39	32256	896	0	0	0	896
333	27137	0	1	0	1	0	0	1	34	75	4	42	32256	768	0	0	0	768
333	27138	0	1	0	1	0	0	1	34	75	4	42	32256	768	0	0	0	768
333	27140	0	1	0	1	0	0	1	34	75	4	42	32256	768	0	0	0	768
333	27144	0	1	0	1	0	0	1	34	75	4	42	32256	768	0	0	0	768
333	27152	0	1	0	1	0	0	1	34	75	4	42	32256	768	0	0	0	768
333	27168	0	1	0	1	0	0	1	34	75	4	42	32256	768	0	0	0	768
333	27200	0	1	0	1	0	0	1	34	75	4	42	32256	768	0	0	0	768
333	27264	0	1	0	1	0	0	1	34	75	4	42	32256	768	0	0	0	768
333	27392	0	1	0	1	0	0	1	34	75	4	42	32256	768	0	0	0	768
333	27649	0	1	0	1	0	0	1	34	75	4	42	32256	768	0	0	0	768
333	27650	0	1	0	1	0	0	1	34	75	4	42	32256	768	0	0	0	768
333	27652	0	1	0	1	0	0	1	34	75	4	42	32256	768	0	0	0	768
333	27656	0	1	0	1	0	0	1	34	75	4	42	32256	768	0	0	0	768
333	27664	0	1	0	1	0	0	1	34	75	4	42	32256	768	0	0	0	768
333	27680	0	1	0	1	0	0	1	34	75	4	42	32256	768	0	0	0	768
333	27712	0	1	0	1	0	0	1	34	75	4	42	32256	768	0	0	0	768
333	27776	0	1	0	1	0	0	1	34	75	4	42	32256	768	0	0	0	768
333	27904	0	1	0	1	0	0	1	34	75	4	42	32256	768	0	0	0	768
333	28160	0	1	0	1	0	0	1	45	0	0	45	32256	512	0	0	0	512
333	28675	0	1	0	1	0	0	1	27	222	6	39	32256	896	0	0	0	896
333	28677	0	1	0	1	0	0	1	27	222	6	39	32256	896	0	0	0	896
333	28678	0	1	0	1	0	0	1	27	222	6	39	32256	896	0	0	0	896
333	28681	0	1	0	1	0	0	1	27	222	6	39	32256	896	0	0	0	896
333	28682	0	1	0	1	0	0	1	27	222	6	39	32256	896	0	0	0	896
333	28684	0	1	0	1	0	0	1	27	222	6	39	32256	896	0	0	0	896
333	28689	0	1	0	1	0	0	1	27	222	6	39	32256	896	0	0	0	896
333	28690	0	1	0	1	0	0	1	27	222	6	39	32256	896	0	0	0	896
333	28692	0	1	0	1	0	0	1	27	222	6	39	32256	896	0	0	0	896
333	28696	0	1	0	1	0	0	1	27	222	6	39	32256	896	0	0	0	896
333	28705	0	1	0	1	0	0	1	27	222	6	39	32256	896	0	0	0	896
333	28706	0	1	0	1	0	0	1	27	222	6	39	32256	896	0	0	0	896
333	28708	0	1	0	1	0	0	1	27	222	6	39	32256	896	0	0	0	896
333	28712	0	1	0	1	0	0	1	27	222	6	39	32256	896	0	0	0	896
333	28720	0	1	0	1	0	0	1	27	222	6	39	32256	896	0	0	0	896
333	28737	0	1	0	1	0	0	1	27	222	6	39	32256	896	0	0	0	896
333	28738	0	1	0	1	0	0	1	27	222	6	39	32256	896	0	0	0	896
333	28740	0	1	0	1	0	0	1	27	222	6	39	32256	896	0	0	0	896
333	28744	0	1	0	1	0	0	1	27	222	6	39	32256	896	0	0	0	896
333	28752	0	1	0	1	0	0	1	27	222	6	39	32256	896	0	0	0	896
333	28768	0	1	0	1	0	0	1	27	222	6	39	32256	896	0	0	0	896
333	28801	0	1	0	1	0	0	1	27	222	6	39	32256	896	0	0	0	896
333	28802	0	1	0	1	0	0	1	27	222	6	39	32256	896	0	0	0	896
333	28804	0	1	0	1	0	0	1	27	222	6	39	32256	896	0	0	0	896
333	28808	0	1	0	1	0	0	1	27	222	6	39	32256	896	0	0	0	896
333	28816	0	1	0	1	0	0	1	27	222	6	39	32256	896	0	0	0	896
333	28832	0	1	0	1	0	0	1	27	222	6	39	32256	896	0	0	0	896
333	28864	0	1	0	1	0	0	1	27	222	6	39	32256	896	0	0	0	896
333	28929	0	1	0	1	0	0	1	27	222	6	39	32256	896	0	0	0	896
333	28930	0	1	0	1	0	0	1	27	222	6	39	32256	896	0	0	0	896
333	28932	0	1	0	1	0	0	1	27	222	6	39	32256	896	0	0	0	896
333	28936	0	1	0	1	0	0	1	27	222	6	39	32256	896	0	0	0	896
333	28944	0	1	0	1	0	0	1	27	222	6	39	32256	896	0	0	0	896
333	28960	0	1	0	1	0	0	1	27	222	6	39	32256	896	0	0	0	896
333	28992	0	1	0	1	0	0	1	27	222	6	39	32256	896	0	0	0	896
333	29056	0	1	0	1	0	0	1	27	222	6	39	32256	896	0	0	0	896
333	29185	0	1	0	1	0	0	1	34	75	4	42	32256	768	0	0	0	768
333	29186	0	1	0	1	0	0	1	34	75	4	42	32256	768	0	0	0	768
333	29188	0	1	0	1	0	0	1	34	75	4	42	32256	768	0	0	0	768
333	29192	0	1	0	1	0	0	1	34	75	4	42	32256	768	0	0	0	768
333	29200	0	1	0	1	0	0	1	34	75	4	42	32256	768	0	0	0	768
333	29216	0	1	0	1	0	0	1	34	75	4	42	32256	768	0	0	0	768
333	29248	0	1	0	1	0	0	1	34	75	4	42	32256	768	0	0	0	768
333	29312	0	1	0	1	0	0	1	34	75	4	42	32256	768	0	0	0	768
333	29440	0	1	0	1	0	0	1	34	75	4	42	32256	768	0	0	0	768
333	29697	0	1	0	1	0	0	1	34	75	4	42	32256	768	0	0	0	768
333	29698	0	1	0	1	0	0	1	34	75	4	42	32256	768	0	0	0	768
333	29700	0	1	0	1	0	0	1	34	75	4	42	32256	768	0	0	0	768
333	29704	0	1	0	1	0	0	1	34	75	4	42	32256	768	0	0	0	768
333	29712	0	1	0	1	0	0	1	34	75	4	42	32256	768	0	0	0	768
333	29728	0	1	0	1	0	0	1	34	75	4	42	32256	768	0	0	0	768
333	29760	0	1	0	1	0	0	1	34	75	4	42	32256	768	0	0	0	768
333	29824	0	1	0	1	0	0	1	34	75	4	42	32256	768	0	0	0	768
333	29952	0	1	0	1	0	0	1	34	75	4	42	32256	768	0	0	0	768
333	30208	0	1	0	1	0	0	1	45	0	0	45	32256	512	0	0	0	512
333	30721	0	1	0	1	0	0	1	34	75	4	42	32256	768	0	0	0	768
333	30722	0	1	0	1	0	0	1	34	75	4	42	32256	768	0	0	0	768
333	30724	0	1	0	1	0	0	1	34	75	4	42	32256	768	0	0	0	768
333	30728	0	1	0	1	0	0	1	34	75	4	42	32256	768	0	0	0	768
333	30736	0	1	0	1	0	0	1	34	75	4	42	32256	768	0	0	0	768
333	30752	0	1	0	1	0	0	1	34	75	4	42	32256	768	0	0	0	768
333	30784	0	1	0	1	0	0	1	34	75	4	42	32256	768	0	0	0	768
333	30848	0	1	0	1	0	0	1	34	75	4	42	32256	768	0	0	0	768
333	30976	0	1	0	1	0	0	1	34	75	4	42	32256	768	0	0	0	768
333	31232	0	1	0	1	0	0	1	45	0	0	45	32256	512	0	0	0	512
333	31744	0	1	0	1	0	0	1	45	0	0	45	32256	512	0	0	0	512
