id	Y_mask	dH	optH_count	q	good	delta_min	rho	compatible_optG	ell	Y_type	Y_edges	degree_sum	f_witness	h_witness_local	S_mask	R_witness	Delta_witness	optH_masks_local
398	31	2	1	4	1	2	2	0	15	0	0	15	30912	326	20480	2	2	326
398	47	2	1	4	1	2	3	0	15	0	0	15	29464	696	9232	2	2	696
398	55	2	1	4	1	2	3	0	15	0	0	15	29464	696	9224	2	2	696
398	59	2	1	4	1	1	2	0	15	0	0	15	29464	696	9216	3	1	696
398	61	2	1	4	1	1	2	0	15	0	0	15	29464	696	9216	3	1	696
398	62	2	1	4	1	1	2	0	15	0	0	15	29464	696	9216	3	1	696
398	79	3	7	3	1	0	0	2	16	0	0	16	30848	964	0	3	0	570,632,698,836,864,868,964
398	87	3	7	3	1	0	0	2	16	0	0	16	30848	964	0	3	0	570,632,698,836,864,868,964
398	91	2	1	4	1	0	0	2	16	0	0	16	30848	964	0	4	0	964
398	93	2	1	4	1	0	0	2	16	0	0	16	30848	964	0	4	0	964
398	94	2	1	4	1	0	0	2	16	0	0	16	30848	964	0	4	0	964
398	103	2	1	4	1	2	4	0	16	0	0	16	29464	391	17280	1	3	632
398	107	3	4	3	1	0	0	2	16	0	0	16	30848	964	0	3	0	390,454,696,964
398	109	3	4	3	1	0	0	2	16	0	0	16	30848	964	0	3	0	390,454,696,964
398	110	3	4	3	1	0	0	2	16	0	0	16	30848	964	0	3	0	390,454,696,964
398	115	3	4	3	1	0	0	2	16	0	0	16	30848	964	0	3	0	390,454,696,964
398	117	3	4	3	1	0	0	2	16	0	0	16	30848	964	0	3	0	390,454,696,964
398	118	3	4	3	1	0	0	2	16	0	0	16	30848	964	0	3	0	390,454,696,964
398	121	2	1	4	1	0	0	2	16	0	0	16	30848	964	0	4	0	964
398	122	2	1	4	1	0	0	2	16	0	0	16	30848	964	0	4	0	964
398	124	2	1	4	1	0	0	2	16	0	0	16	30848	964	0	4	0	964
398	143	2	1	4	1	2	2	0	16	0	0	16	30912	868	5120	2	2	868
398	151	2	1	4	1	2	2	0	16	0	0	16	30912	868	5120	2	2	868
398	155	3	7	3	1	0	0	3	16	0	0	16	29464	920	0	3	0	666,698,836,868,920,960,964
398	157	3	7	3	1	0	0	3	16	0	0	16	29464	920	0	3	0	666,698,836,868,920,960,964
398	158	3	7	3	1	0	0	3	16	0	0	16	29464	920	0	3	0	666,698,836,868,920,960,964
398	167	2	1	4	1	2	2	0	16	0	0	16	29464	155	24576	2	2	868
398	171	3	4	3	1	0	0	1	16	0	0	16	29464	922	0	3	0	666,696,868,922
398	173	3	4	3	1	0	0	1	16	0	0	16	29464	922	0	3	0	666,696,868,922
398	174	3	4	3	1	0	0	1	16	0	0	16	29464	922	0	3	0	666,696,868,922
398	179	3	4	3	1	0	0	1	16	0	0	16	29464	922	0	3	0	666,696,868,922
398	181	3	4	3	1	0	0	1	16	0	0	16	29464	922	0	3	0	666,696,868,922
398	182	3	4	3	1	0	0	1	16	0	0	16	29464	922	0	3	0	666,696,868,922
398	185	2	1	4	1	0	0	1	16	0	0	16	29464	920	0	4	0	920
398	186	2	1	4	1	0	0	1	16	0	0	16	29464	920	0	4	0	920
398	188	2	1	4	1	0	0	1	16	0	0	16	29464	920	0	4	0	920
398	199	1	1	5	1	2	2	0	17	0	0	17	30848	864	5120	3	2	864
398	203	2	2	4	1	0	0	2	17	0	0	17	30848	960	0	4	0	864,960
398	205	2	2	4	1	0	0	2	17	0	0	17	30848	960	0	4	0	864,960
398	206	2	2	4	1	0	0	2	17	0	0	17	30848	960	0	4	0	864,960
398	211	2	2	4	1	0	0	2	17	0	0	17	30848	960	0	4	0	864,960
398	213	2	2	4	1	0	0	2	17	0	0	17	30848	960	0	4	0	864,960
398	214	2	2	4	1	0	0	2	17	0	0	17	30848	960	0	4	0	864,960
398	217	1	1	5	1	0	0	2	17	0	0	17	30848	960	0	5	0	960
398	218	1	1	5	1	0	0	2	17	0	0	17	30848	960	0	5	0	960
398	220	1	1	5	1	0	0	2	17	0	0	17	30848	960	0	5	0	960
398	227	2	1	4	1	1	2	0	17	0	0	17	30848	864	5120	3	1	864
398	229	2	1	4	1	1	2	0	17	0	0	17	30848	864	5120	3	1	864
398	230	2	1	4	1	1	2	0	17	0	0	17	30848	864	5120	3	1	864
398	233	2	1	4	1	0	0	2	17	0	0	17	30848	960	0	4	0	960
398	234	2	1	4	1	0	0	2	17	0	0	17	30848	960	0	4	0	960
398	236	2	1	4	1	0	0	2	17	0	0	17	30848	960	0	4	0	960
398	241	2	1	4	1	0	0	2	17	0	0	17	30848	960	0	4	0	960
398	242	2	1	4	1	0	0	2	17	0	0	17	30848	960	0	4	0	960
398	244	2	1	4	1	0	0	2	17	0	0	17	30848	960	0	4	0	960
398	248	1	1	5	1	0	0	2	17	0	0	17	30848	960	0	5	0	960
398	271	3	3	3	1	1	3	0	16	0	0	16	30912	333	20496	1	2	624,690,868
398	279	3	3	3	1	1	3	0	16	0	0	16	30912	333	20488	1	2	624,690,868
398	283	3	3	3	1	0	0	2	16	0	0	16	29464	912	0	3	0	690,912,968
398	285	3	3	3	1	0	0	2	16	0	0	16	29464	912	0	3	0	690,912,968
398	286	3	3	3	1	0	0	2	16	0	0	16	29464	912	0	3	0	690,912,968
398	295	2	1	4	1	2	4	0	16	0	0	16	29464	399	17088	2	2	624
398	299	3	3	3	1	0	0	1	16	0	0	16	29464	914	0	3	0	398,688,914
398	301	3	3	3	1	0	0	1	16	0	0	16	29464	914	0	3	0	398,688,914
398	302	3	3	3	1	0	0	1	16	0	0	16	29464	914	0	3	0	398,688,914
398	307	3	3	3	1	0	0	1	16	0	0	16	29464	914	0	3	0	398,688,914
398	309	3	3	3	1	0	0	1	16	0	0	16	29464	914	0	3	0	398,688,914
398	310	3	3	3	1	0	0	1	16	0	0	16	29464	914	0	3	0	398,688,914
398	313	2	1	4	1	0	0	1	16	0	0	16	29464	912	0	4	0	912
398	314	2	1	4	1	0	0	1	16	0	0	16	29464	912	0	4	0	912
398	316	2	1	4	1	0	0	1	16	0	0	16	29464	912	0	4	0	912
398	327	2	2	4	1	2	3	0	15	1	1	17	30848	864	5248	2	2	624,864
398	331	3	3	3	1	0	0	2	15	1	1	17	30848	968	0	3	0	398,864,968
398	333	3	3	3	1	0	0	2	15	1	1	17	30848	968	0	3	0	398,864,968
398	334	3	3	3	1	0	0	2	15	1	1	17	30848	968	0	3	0	398,864,968
398	339	3	3	3	1	0	0	2	15	1	1	17	30848	968	0	3	0	398,864,968
398	341	3	3	3	1	0	0	2	15	1	1	17	30848	968	0	3	0	398,864,968
398	342	3	3	3	1	0	0	2	15	1	1	17	30848	968	0	3	0	398,864,968
398	345	2	1	4	1	0	0	2	15	1	1	17	30848	968	0	4	0	968
398	346	2	1	4	1	0	0	2	15	1	1	17	30848	968	0	4	0	968
398	348	2	1	4	1	0	0	2	15	1	1	17	30848	968	0	4	0	968
398	355	2	1	4	1	2	3	0	15	1	1	17	29464	398	17024	2	2	398
398	357	2	1	4	1	2	3	0	15	1	1	17	29464	398	17024	2	2	398
398	358	2	1	4	1	2	3	0	15	1	1	17	29464	398	17024	2	2	398
398	361	3	4	3	1	0	0	3	15	1	1	17	29464	916	0	3	0	396,908,916,968
398	362	3	4	3	1	0	0	3	15	1	1	17	29464	916	0	3	0	396,908,916,968
398	364	3	4	3	1	0	0	3	15	1	1	17	29464	916	0	3	0	396,908,916,968
398	369	3	4	3	1	0	0	3	15	1	1	17	29464	916	0	3	0	396,908,916,968
398	370	3	4	3	1	0	0	3	15	1	1	17	29464	916	0	3	0	396,908,916,968
398	372	3	4	3	1	0	0	3	15	1	1	17	29464	916	0	3	0	396,908,916,968
398	376	2	3	4	1	0	0	3	15	1	1	17	29464	912	0	4	0	904,912,968
398	391	2	1	4	1	2	2	0	15	1	1	17	30912	872	5120	1	3	872
398	395	3	3	3	1	0	0	2	15	1	1	17	29464	914	0	3	0	872,914,960
398	397	3	3	3	1	0	0	2	15	1	1	17	29464	914	0	3	0	872,914,960
398	398	3	3	3	1	0	0	2	15	1	1	17	29464	914	0	3	0	872,914,960
398	403	3	3	3	1	0	0	2	15	1	1	17	29464	914	0	3	0	872,914,960
398	405	3	3	3	1	0	0	2	15	1	1	17	29464	914	0	3	0	872,914,960
398	406	3	3	3	1	0	0	2	15	1	1	17	29464	914	0	3	0	872,914,960
398	409	2	2	4	1	0	0	2	15	1	1	17	29464	912	0	4	0	912,960
398	410	2	2	4	1	0	0	2	15	1	1	17	29464	912	0	4	0	912,960
398	412	2	2	4	1	0	0	2	15	1	1	17	29464	912	0	4	0	912,960
398	419	3	4	3	1	0	0	1	15	1	1	17	29464	918	0	3	0	398,406,872,918
398	421	3	4	3	1	0	0	1	15	1	1	17	29464	918	0	3	0	398,406,872,918
398	422	3	4	3	1	0	0	1	15	1	1	17	29464	918	0	3	0	398,406,872,918
398	425	2	1	4	1	0	0	1	15	1	1	17	29464	916	0	4	0	916
398	426	2	1	4	1	0	0	1	15	1	1	17	29464	916	0	4	0	916
398	428	2	1	4	1	0	0	1	15	1	1	17	29464	916	0	4	0	916
398	433	2	1	4	1	0	0	1	15	1	1	17	29464	916	0	4	0	916
398	434	2	1	4	1	0	0	1	15	1	1	17	29464	916	0	4	0	916
398	436	2	1	4	1	0	0	1	15	1	1	17	29464	916	0	4	0	916
398	440	1	1	5	1	0	0	1	15	1	1	17	29464	912	0	5	0	912
398	451	2	1	4	1	1	2	0	14	3	2	18	30848	864	5120	3	1	864
398	453	2	1	4	1	1	2	0	14	3	2	18	30848	864	5120	3	1	864
398	454	2	1	4	1	1	2	0	14	3	2	18	30848	864	5120	3	1	864
398	457	2	1	4	1	0	0	2	14	3	2	18	30848	960	0	4	0	960
398	458	2	1	4	1	0	0	2	14	3	2	18	30848	960	0	4	0	960
398	460	2	1	4	1	0	0	2	14	3	2	18	30848	960	0	4	0	960
398	465	2	1	4	1	0	0	2	14	3	2	18	30848	960	0	4	0	960
398	466	2	1	4	1	0	0	2	14	3	2	18	30848	960	0	4	0	960
398	468	2	1	4	1	0	0	2	14	3	2	18	30848	960	0	4	0	960
398	472	1	1	5	1	0	0	2	14	3	2	18	30848	960	0	5	0	960
398	481	3	7	3	1	0	0	3	14	3	2	18	29464	924	0	3	0	396,412,864,908,924,960,992
398	482	3	7	3	1	0	0	3	14	3	2	18	29464	924	0	3	0	396,412,864,908,924,960,992
398	484	3	7	3	1	0	0	3	14	3	2	18	29464	924	0	3	0	396,412,864,908,924,960,992
398	488	2	3	4	1	0	0	3	14	3	2	18	29464	920	0	4	0	904,920,960
398	496	2	3	4	1	0	0	3	14	3	2	18	29464	920	0	4	0	904,920,960
398	527	3	3	3	1	1	3	0	16	0	0	16	30912	333	20496	1	2	624,690,868
398	535	3	3	3	1	1	3	0	16	0	0	16	30912	333	20488	1	2	624,690,868
398	539	3	3	3	1	0	0	2	16	0	0	16	29464	912	0	3	0	690,912,968
398	541	3	3	3	1	0	0	2	16	0	0	16	29464	912	0	3	0	690,912,968
398	542	3	3	3	1	0	0	2	16	0	0	16	29464	912	0	3	0	690,912,968
398	551	2	1	4	1	2	4	0	16	0	0	16	29464	399	16832	2	2	624
398	555	3	3	3	1	0	0	1	16	0	0	16	29464	914	0	3	0	398,688,914
398	557	3	3	3	1	0	0	1	16	0	0	16	29464	914	0	3	0	398,688,914
398	558	3	3	3	1	0	0	1	16	0	0	16	29464	914	0	3	0	398,688,914
398	563	3	3	3	1	0	0	1	16	0	0	16	29464	914	0	3	0	398,688,914
398	565	3	3	3	1	0	0	1	16	0	0	16	29464	914	0	3	0	398,688,914
398	566	3	3	3	1	0	0	1	16	0	0	16	29464	914	0	3	0	398,688,914
398	569	2	1	4	1	0	0	1	16	0	0	16	29464	912	0	4	0	912
398	570	2	1	4	1	0	0	1	16	0	0	16	29464	912	0	4	0	912
398	572	2	1	4	1	0	0	1	16	0	0	16	29464	912	0	4	0	912
398	583	2	2	4	1	2	3	0	15	1	1	17	30848	864	5248	2	2	624,864
398	587	3	3	3	1	0	0	2	15	1	1	17	30848	968	0	3	0	398,864,968
398	589	3	3	3	1	0	0	2	15	1	1	17	30848	968	0	3	0	398,864,968
398	590	3	3	3	1	0	0	2	15	1	1	17	30848	968	0	3	0	398,864,968
398	595	3	3	3	1	0	0	2	15	1	1	17	30848	968	0	3	0	398,864,968
398	597	3	3	3	1	0	0	2	15	1	1	17	30848	968	0	3	0	398,864,968
398	598	3	3	3	1	0	0	2	15	1	1	17	30848	968	0	3	0	398,864,968
398	601	2	1	4	1	0	0	2	15	1	1	17	30848	968	0	4	0	968
398	602	2	1	4	1	0	0	2	15	1	1	17	30848	968	0	4	0	968
398	604	2	1	4	1	0	0	2	15	1	1	17	30848	968	0	4	0	968
398	611	2	1	4	1	2	3	0	15	1	1	17	29464	398	16768	2	2	398
398	613	2	1	4	1	2	3	0	15	1	1	17	29464	398	16768	2	2	398
398	614	2	1	4	1	2	3	0	15	1	1	17	29464	398	16768	2	2	398
398	617	3	4	3	1	0	0	3	15	1	1	17	29464	916	0	3	0	396,908,916,968
398	618	3	4	3	1	0	0	3	15	1	1	17	29464	916	0	3	0	396,908,916,968
398	620	3	4	3	1	0	0	3	15	1	1	17	29464	916	0	3	0	396,908,916,968
398	625	3	4	3	1	0	0	3	15	1	1	17	29464	916	0	3	0	396,908,916,968
398	626	3	4	3	1	0	0	3	15	1	1	17	29464	916	0	3	0	396,908,916,968
398	628	3	4	3	1	0	0	3	15	1	1	17	29464	916	0	3	0	396,908,916,968
398	632	2	3	4	1	0	0	3	15	1	1	17	29464	912	0	4	0	904,912,968
398	647	2	1	4	1	2	2	0	15	1	1	17	30912	872	5120	1	3	872
398	651	3	3	3	1	0	0	2	15	1	1	17	29464	914	0	3	0	872,914,960
398	653	3	3	3	1	0	0	2	15	1	1	17	29464	914	0	3	0	872,914,960
398	654	3	3	3	1	0	0	2	15	1	1	17	29464	914	0	3	0	872,914,960
398	659	3	3	3	1	0	0	2	15	1	1	17	29464	914	0	3	0	872,914,960
398	661	3	3	3	1	0	0	2	15	1	1	17	29464	914	0	3	0	872,914,960
398	662	3	3	3	1	0	0	2	15	1	1	17	29464	914	0	3	0	872,914,960
398	665	2	2	4	1	0	0	2	15	1	1	17	29464	912	0	4	0	912,960
398	666	2	2	4	1	0	0	2	15	1	1	17	29464	912	0	4	0	912,960
398	668	2	2	4	1	0	0	2	15	1	1	17	29464	912	0	4	0	912,960
398	675	3	4	3	1	0	0	1	15	1	1	17	29464	918	0	3	0	398,406,872,918
398	677	3	4	3	1	0	0	1	15	1	1	17	29464	918	0	3	0	398,406,872,918
398	678	3	4	3	1	0	0	1	15	1	1	17	29464	918	0	3	0	398,406,872,918
398	681	2	1	4	1	0	0	1	15	1	1	17	29464	916	0	4	0	916
398	682	2	1	4	1	0	0	1	15	1	1	17	29464	916	0	4	0	916
398	684	2	1	4	1	0	0	1	15	1	1	17	29464	916	0	4	0	916
398	689	2	1	4	1	0	0	1	15	1	1	17	29464	916	0	4	0	916
398	690	2	1	4	1	0	0	1	15	1	1	17	29464	916	0	4	0	916
398	692	2	1	4	1	0	0	1	15	1	1	17	29464	916	0	4	0	916
398	696	1	1	5	1	0	0	1	15	1	1	17	29464	912	0	5	0	912
398	707	2	1	4	1	1	2	0	14	3	2	18	30848	864	5120	3	1	864
398	709	2	1	4	1	1	2	0	14	3	2	18	30848	864	5120	3	1	864
398	710	2	1	4	1	1	2	0	14	3	2	18	30848	864	5120	3	1	864
398	713	2	1	4	1	0	0	2	14	3	2	18	30848	960	0	4	0	960
398	714	2	1	4	1	0	0	2	14	3	2	18	30848	960	0	4	0	960
398	716	2	1	4	1	0	0	2	14	3	2	18	30848	960	0	4	0	960
398	721	2	1	4	1	0	0	2	14	3	2	18	30848	960	0	4	0	960
398	722	2	1	4	1	0	0	2	14	3	2	18	30848	960	0	4	0	960
398	724	2	1	4	1	0	0	2	14	3	2	18	30848	960	0	4	0	960
398	728	1	1	5	1	0	0	2	14	3	2	18	30848	960	0	5	0	960
398	737	3	7	3	1	0	0	3	14	3	2	18	29464	924	0	3	0	396,412,864,908,924,960,992
398	738	3	7	3	1	0	0	3	14	3	2	18	29464	924	0	3	0	396,412,864,908,924,960,992
398	740	3	7	3	1	0	0	3	14	3	2	18	29464	924	0	3	0	396,412,864,908,924,960,992
398	744	2	3	4	1	0	0	3	14	3	2	18	29464	920	0	4	0	904,920,960
398	752	2	3	4	1	0	0	3	14	3	2	18	29464	920	0	4	0	904,920,960
398	775	2	4	4	1	2	3	0	17	0	0	17	29464	407	16544	2	2	608,616,864,872
398	779	3	9	3	1	0	0	2	17	0	0	17	29464	898	0	3	0	406,414,864,872,898,914,960,976,992
398	781	3	9	3	1	0	0	2	17	0	0	17	29464	898	0	3	0	406,414,864,872,898,914,960,976,992
398	782	3	9	3	1	0	0	2	17	0	0	17	29464	898	0	3	0	406,414,864,872,898,914,960,976,992
398	787	3	9	3	1	0	0	2	17	0	0	17	29464	898	0	3	0	406,414,864,872,898,914,960,976,992
398	789	3	9	3	1	0	0	2	17	0	0	17	29464	898	0	3	0	406,414,864,872,898,914,960,976,992
398	790	3	9	3	1	0	0	2	17	0	0	17	29464	898	0	3	0	406,414,864,872,898,914,960,976,992
398	793	2	4	4	1	0	0	2	17	0	0	17	29464	896	0	4	0	896,912,960,976
398	794	2	4	4	1	0	0	2	17	0	0	17	29464	896	0	4	0	896,912,960,976
398	796	2	4	4	1	0	0	2	17	0	0	17	29464	896	0	4	0	896,912,960,976
398	803	2	2	4	1	1	2	0	17	0	0	17	29464	406	16512	3	1	406,414
398	805	2	2	4	1	1	2	0	17	0	0	17	29464	406	16512	3	1	406,414
398	806	2	2	4	1	1	2	0	17	0	0	17	29464	406	16512	3	1	406,414
398	809	2	2	4	1	0	0	1	17	0	0	17	29464	900	0	4	0	900,916
398	810	2	2	4	1	0	0	1	17	0	0	17	29464	900	0	4	0	900,916
398	812	2	2	4	1	0	0	1	17	0	0	17	29464	900	0	4	0	900,916
398	817	2	2	4	1	0	0	1	17	0	0	17	29464	900	0	4	0	900,916
398	818	2	2	4	1	0	0	1	17	0	0	17	29464	900	0	4	0	900,916
398	820	2	2	4	1	0	0	1	17	0	0	17	29464	900	0	4	0	900,916
398	824	1	2	5	1	0	0	1	17	0	0	17	29464	896	0	5	0	896,912
398	835	2	2	4	1	2	3	0	14	3	2	18	29464	414	16544	2	2	414,864
398	837	2	2	4	1	2	3	0	14	3	2	18	29464	414	16544	2	2	414,864
398	838	2	2	4	1	2	3	0	14	3	2	18	29464	414	16544	2	2	414,864
398	841	3	7	3	1	0	0	3	14	3	2	18	29464	900	0	3	0	412,864,900,916,960,976,992
398	842	3	7	3	1	0	0	3	14	3	2	18	29464	900	0	3	0	412,864,900,916,960,976,992
398	844	3	7	3	1	0	0	3	14	3	2	18	29464	900	0	3	0	412,864,900,916,960,976,992
398	849	3	7	3	1	0	0	3	14	3	2	18	29464	900	0	3	0	412,864,900,916,960,976,992
398	850	3	7	3	1	0	0	3	14	3	2	18	29464	900	0	3	0	412,864,900,916,960,976,992
398	852	3	7	3	1	0	0	3	14	3	2	18	29464	900	0	3	0	412,864,900,916,960,976,992
398	856	2	4	4	1	0	0	3	14	3	2	18	29464	896	0	4	0	896,912,960,976
398	865	2	1	4	1	1	2	0	14	3	2	18	29464	412	16512	3	1	412
398	866	2	1	4	1	1	2	0	14	3	2	18	29464	412	16512	3	1	412
398	868	2	1	4	1	1	2	0	14	3	2	18	29464	412	16512	3	1	412
398	872	2	2	4	1	0	0	1	14	3	2	18	29464	904	0	4	0	904,920
398	880	2	2	4	1	0	0	1	14	3	2	18	29464	904	0	4	0	904,920
398	899	3	7	3	1	0	0	2	14	3	2	18	29464	902	0	3	0	398,414,864,880,902,960,992
398	901	3	7	3	1	0	0	2	14	3	2	18	29464	902	0	3	0	398,414,864,880,902,960,992
398	902	3	7	3	1	0	0	2	14	3	2	18	29464	902	0	3	0	398,414,864,880,902,960,992
398	905	2	2	4	1	0	0	2	14	3	2	18	29464	900	0	4	0	900,960
398	906	2	2	4	1	0	0	2	14	3	2	18	29464	900	0	4	0	900,960
398	908	2	2	4	1	0	0	2	14	3	2	18	29464	900	0	4	0	900,960
398	913	2	2	4	1	0	0	2	14	3	2	18	29464	900	0	4	0	900,960
398	914	2	2	4	1	0	0	2	14	3	2	18	29464	900	0	4	0	900,960
398	916	2	2	4	1	0	0	2	14	3	2	18	29464	900	0	4	0	900,960
398	920	1	2	5	1	0	0	2	14	3	2	18	29464	896	0	5	0	896,960
398	929	2	1	4	1	0	0	1	14	3	2	18	29464	908	0	4	0	908
398	930	2	1	4	1	0	0	1	14	3	2	18	29464	908	0	4	0	908
398	932	2	1	4	1	0	0	1	14	3	2	18	29464	908	0	4	0	908
398	936	1	1	5	1	0	0	1	14	3	2	18	29464	904	0	5	0	904
398	944	1	1	5	1	0	0	1	14	3	2	18	29464	904	0	5	0	904
398	961	3	5	3	1	0	0	3	11	30	4	19	29464	908	0	3	0	412,864,908,960,992
398	962	3	5	3	1	0	0	3	11	30	4	19	29464	908	0	3	0	412,864,908,960,992
398	964	3	5	3	1	0	0	3	11	30	4	19	29464	908	0	3	0	412,864,908,960,992
398	968	2	2	4	1	0	0	3	11	30	4	19	29464	904	0	4	0	904,960
398	976	2	2	4	1	0	0	3	11	30	4	19	29464	904	0	4	0	904,960
398	992	2	1	4	1	0	0	1	11	30	4	19	29464	920	0	4	0	920
398	1039	2	3	4	1	2	1	0	15	1	1	17	30912	844	4096	2	2	332,690,844
398	1047	2	3	4	1	2	1	0	15	1	1	17	30912	844	4096	2	2	332,690,844
398	1051	2	1	4	1	1	2	0	13	3	2	17	29464	690	8224	3	1	690
398	1053	2	1	4	1	1	2	0	13	3	2	17	29464	690	8224	3	1	690
398	1054	2	1	4	1	1	2	0	13	3	2	17	29464	690	8224	3	1	690
398	1063	2	5	4	1	2	1	0	17	0	0	17	29464	691	8192	2	2	332,334,688,690,844
398	1067	2	2	4	1	1	1	0	15	1	1	17	29464	690	8192	3	1	688,690
398	1069	2	2	4	1	1	1	0	15	1	1	17	29464	690	8192	3	1	688,690
398	1070	2	2	4	1	1	1	0	15	1	1	17	29464	690	8192	3	1	688,690
398	1075	2	2	4	1	1	1	0	15	1	1	17	29464	690	8192	3	1	688,690
398	1077	2	2	4	1	1	1	0	15	1	1	17	29464	690	8192	3	1	688,690
398	1078	2	2	4	1	1	1	0	15	1	1	17	29464	690	8192	3	1	688,690
398	1081	2	2	4	1	0	0	1	13	3	2	17	29464	944	0	4	0	688,944
398	1082	2	2	4	1	0	0	1	13	3	2	17	29464	944	0	4	0	688,944
398	1084	2	2	4	1	0	0	1	13	3	2	17	29464	944	0	4	0	688,944
398	1095	1	1	5	1	1	1	0	18	0	0	18	30848	840	4096	4	1	840
398	1099	2	2	4	1	0	0	2	16	1	1	18	30848	968	0	4	0	840,968
398	1101	2	2	4	1	0	0	2	16	1	1	18	30848	968	0	4	0	840,968
398	1102	2	2	4	1	0	0	2	16	1	1	18	30848	968	0	4	0	840,968
398	1107	2	2	4	1	0	0	2	16	1	1	18	30848	968	0	4	0	840,968
398	1109	2	2	4	1	0	0	2	16	1	1	18	30848	968	0	4	0	840,968
398	1110	2	2	4	1	0	0	2	16	1	1	18	30848	968	0	4	0	840,968
398	1113	2	1	4	1	0	0	2	14	3	2	18	30848	968	0	4	0	968
398	1114	2	1	4	1	0	0	2	14	3	2	18	30848	968	0	4	0	968
398	1116	2	1	4	1	0	0	2	14	3	2	18	30848	968	0	4	0	968
398	1123	2	2	4	1	0	0	2	18	0	0	18	30848	968	0	4	0	840,968
398	1125	2	2	4	1	0	0	2	18	0	0	18	30848	968	0	4	0	840,968
398	1126	2	2	4	1	0	0	2	18	0	0	18	30848	968	0	4	0	840,968
398	1129	2	1	4	1	0	0	2	16	1	1	18	30848	968	0	4	0	968
398	1130	2	1	4	1	0	0	2	16	1	1	18	30848	968	0	4	0	968
398	1132	2	1	4	1	0	0	2	16	1	1	18	30848	968	0	4	0	968
398	1137	2	1	4	1	0	0	2	16	1	1	18	30848	968	0	4	0	968
398	1138	2	1	4	1	0	0	2	16	1	1	18	30848	968	0	4	0	968
398	1140	2	1	4	1	0	0	2	16	1	1	18	30848	968	0	4	0	968
398	1144	2	2	4	1	0	0	3	14	3	2	18	29464	944	0	4	0	944,968
398	1159	1	1	5	1	2	1	0	16	1	1	18	30912	840	4096	3	2	840
398	1163	2	1	4	1	1	1	0	14	3	2	18	30912	840	4096	3	1	840
398	1165	2	1	4	1	1	1	0	14	3	2	18	30912	840	4096	3	1	840
398	1166	2	1	4	1	1	1	0	14	3	2	18	30912	840	4096	3	1	840
398	1171	2	1	4	1	1	1	0	14	3	2	18	30912	840	4096	3	1	840
398	1173	2	1	4	1	1	1	0	14	3	2	18	30912	840	4096	3	1	840
398	1174	2	1	4	1	1	1	0	14	3	2	18	30912	840	4096	3	1	840
398	1177	3	5	3	1	0	0	3	12	11	3	18	29464	944	0	3	0	692,840,944,960,968
398	1178	3	5	3	1	0	0	3	12	11	3	18	29464	944	0	3	0	692,840,944,960,968
398	1180	3	5	3	1	0	0	3	12	11	3	18	29464	944	0	3	0	692,840,944,960,968
398	1187	2	1	4	1	1	1	0	16	1	1	18	30912	840	4096	3	1	840
398	1189	2	1	4	1	1	1	0	16	1	1	18	30912	840	4096	3	1	840
398	1190	2	1	4	1	1	1	0	16	1	1	18	30912	840	4096	3	1	840
398	1193	3	7	3	1	0	0	3	14	3	2	18	29464	948	0	3	0	688,692,840,944,948,960,968
398	1194	3	7	3	1	0	0	3	14	3	2	18	29464	948	0	3	0	688,692,840,944,948,960,968
398	1196	3	7	3	1	0	0	3	14	3	2	18	29464	948	0	3	0	688,692,840,944,948,960,968
398	1201	3	7	3	1	0	0	3	14	3	2	18	29464	948	0	3	0	688,692,840,944,948,960,968
398	1202	3	7	3	1	0	0	3	14	3	2	18	29464	948	0	3	0	688,692,840,944,948,960,968
398	1204	3	7	3	1	0	0	3	14	3	2	18	29464	948	0	3	0	688,692,840,944,948,960,968
398	1208	2	1	4	1	0	0	1	12	11	3	18	29464	944	0	4	0	944
398	1219	1	2	5	1	0	0	2	17	1	1	19	30848	960	0	5	0	832,960
398	1221	1	2	5	1	0	0	2	17	1	1	19	30848	960	0	5	0	832,960
398	1222	1	2	5	1	0	0	2	17	1	1	19	30848	960	0	5	0	832,960
398	1225	1	1	5	1	0	0	2	15	3	2	19	30848	960	0	5	0	960
398	1226	1	1	5	1	0	0	2	15	3	2	19	30848	960	0	5	0	960
398	1228	1	1	5	1	0	0	2	15	3	2	19	30848	960	0	5	0	960
398	1233	1	1	5	1	0	0	2	15	3	2	19	30848	960	0	5	0	960
398	1234	1	1	5	1	0	0	2	15	3	2	19	30848	960	0	5	0	960
398	1236	1	1	5	1	0	0	2	15	3	2	19	30848	960	0	5	0	960
398	1240	1	1	5	1	0	0	2	13	11	3	19	30848	960	0	5	0	960
398	1249	1	1	5	1	0	0	2	17	1	1	19	30848	960	0	5	0	960
398	1250	1	1	5	1	0	0	2	17	1	1	19	30848	960	0	5	0	960
398	1252	1	1	5	1	0	0	2	17	1	1	19	30848	960	0	5	0	960
398	1256	1	1	5	1	0	0	2	15	3	2	19	30848	960	0	5	0	960
398	1264	1	1	5	1	0	0	2	15	3	2	19	30848	960	0	5	0	960
398	1287	2	2	4	1	1	1	0	18	0	0	18	30912	856	4096	2	2	840,856
398	1291	3	9	3	1	0	0	2	16	1	1	18	29464	930	0	3	0	676,678,840,856,928,930,960,976,992
398	1293	3	9	3	1	0	0	2	16	1	1	18	29464	930	0	3	0	676,678,840,856,928,930,960,976,992
398	1294	3	9	3	1	0	0	2	16	1	1	18	29464	930	0	3	0	676,678,840,856,928,930,960,976,992
398	1299	3	9	3	1	0	0	2	16	1	1	18	29464	930	0	3	0	676,678,840,856,928,930,960,976,992
398	1301	3	9	3	1	0	0	2	16	1	1	18	29464	930	0	3	0	676,678,840,856,928,930,960,976,992
398	1302	3	9	3	1	0	0	2	16	1	1	18	29464	930	0	3	0	676,678,840,856,928,930,960,976,992
398	1305	2	1	4	1	0	0	1	14	3	2	18	29464	928	0	4	0	928
398	1306	2	1	4	1	0	0	1	14	3	2	18	29464	928	0	4	0	928
398	1308	2	1	4	1	0	0	1	14	3	2	18	29464	928	0	4	0	928
398	1315	3	15	3	1	0	0	2	18	0	0	18	29464	934	0	3	0	414,672,674,676,678,736,840,856,928,930,932,934,960,976,992
398	1317	3	15	3	1	0	0	2	18	0	0	18	29464	934	0	3	0	414,672,674,676,678,736,840,856,928,930,932,934,960,976,992
398	1318	3	15	3	1	0	0	2	18	0	0	18	29464	934	0	3	0	414,672,674,676,678,736,840,856,928,930,932,934,960,976,992
398	1321	2	2	4	1	0	0	1	16	1	1	18	29464	932	0	4	0	928,932
398	1322	2	2	4	1	0	0	1	16	1	1	18	29464	932	0	4	0	928,932
398	1324	2	2	4	1	0	0	1	16	1	1	18	29464	932	0	4	0	928,932
398	1329	2	2	4	1	0	0	1	16	1	1	18	29464	932	0	4	0	928,932
398	1330	2	2	4	1	0	0	1	16	1	1	18	29464	932	0	4	0	928,932
398	1332	2	2	4	1	0	0	1	16	1	1	18	29464	932	0	4	0	928,932
398	1336	1	1	5	1	0	0	1	14	3	2	18	29464	928	0	5	0	928
398	1347	2	4	4	1	0	0	2	17	1	1	19	30848	976	0	4	0	832,848,960,976
398	1349	2	4	4	1	0	0	2	17	1	1	19	30848	976	0	4	0	832,848,960,976
398	1350	2	4	4	1	0	0	2	17	1	1	19	30848	976	0	4	0	832,848,960,976
398	1353	2	2	4	1	0	0	2	15	12	2	19	30848	976	0	4	0	960,976
398	1354	2	2	4	1	0	0	2	15	12	2	19	30848	976	0	4	0	960,976
398	1356	2	2	4	1	0	0	2	15	12	2	19	30848	976	0	4	0	960,976
398	1361	2	2	4	1	0	0	2	15	12	2	19	30848	976	0	4	0	960,976
398	1362	2	2	4	1	0	0	2	15	12	2	19	30848	976	0	4	0	960,976
398	1364	2	2	4	1	0	0	2	15	12	2	19	30848	976	0	4	0	960,976
398	1368	2	3	4	1	0	0	3	13	76	3	19	29464	928	0	4	0	928,960,976
398	1377	2	2	4	1	0	0	2	17	1	1	19	30848	976	0	4	0	960,976
398	1378	2	2	4	1	0	0	2	17	1	1	19	30848	976	0	4	0	960,976
398	1380	2	2	4	1	0	0	2	17	1	1	19	30848	976	0	4	0	960,976
398	1384	2	4	4	1	0	0	3	15	12	2	19	29464	936	0	4	0	928,936,960,976
398	1392	2	4	4	1	0	0	3	15	12	2	19	29464	936	0	4	0	928,936,960,976
398	1411	2	2	4	1	0	0	1	15	3	2	19	30848	960	0	4	0	848,960
398	1413	2	2	4	1	0	0	1	15	3	2	19	30848	960	0	4	0	848,960
398	1414	2	2	4	1	0	0	1	15	3	2	19	30848	960	0	4	0	848,960
398	1417	2	1	4	1	0	0	1	13	13	3	19	30848	960	0	4	0	960
398	1418	2	1	4	1	0	0	1	13	13	3	19	30848	960	0	4	0	960
398	1420	2	1	4	1	0	0	1	13	13	3	19	30848	960	0	4	0	960
398	1425	2	1	4	1	0	0	1	13	13	3	19	30848	960	0	4	0	960
398	1426	2	1	4	1	0	0	1	13	13	3	19	30848	960	0	4	0	960
398	1428	2	1	4	1	0	0	1	13	13	3	19	30848	960	0	4	0	960
398	1432	2	2	4	1	0	0	2	11	77	4	19	29464	928	0	4	0	928,960
398	1441	2	1	4	1	0	0	1	15	3	2	19	30848	960	0	4	0	960
398	1442	2	1	4	1	0	0	1	15	3	2	19	30848	960	0	4	0	960
398	1444	2	1	4	1	0	0	1	15	3	2	19	30848	960	0	4	0	960
398	1448	2	3	4	1	0	0	2	13	13	3	19	29464	936	0	4	0	928,936,960
398	1456	2	3	4	1	0	0	2	13	13	3	19	29464	936	0	4	0	928,936,960
398	1473	1	1	5	1	0	0	2	14	13	3	20	30848	960	0	5	0	960
398	1474	1	1	5	1	0	0	2	14	13	3	20	30848	960	0	5	0	960
398	1476	1	1	5	1	0	0	2	14	13	3	20	30848	960	0	5	0	960
398	1480	1	1	5	1	0	0	2	12	86	4	20	30848	960	0	5	0	960
398	1488	1	1	5	1	0	0	2	12	86	4	20	30848	960	0	5	0	960
398	1504	1	1	5	1	0	0	2	14	13	3	20	30848	960	0	5	0	960
398	1543	2	2	4	1	1	1	0	18	0	0	18	30912	856	4096	2	2	840,856
398	1547	3	9	3	1	0	0	2	16	1	1	18	29464	930	0	3	0	676,678,840,856,928,930,960,976,992
398	1549	3	9	3	1	0	0	2	16	1	1	18	29464	930	0	3	0	676,678,840,856,928,930,960,976,992
398	1550	3	9	3	1	0	0	2	16	1	1	18	29464	930	0	3	0	676,678,840,856,928,930,960,976,992
398	1555	3	9	3	1	0	0	2	16	1	1	18	29464	930	0	3	0	676,678,840,856,928,930,960,976,992
398	1557	3	9	3	1	0	0	2	16	1	1	18	29464	930	0	3	0	676,678,840,856,928,930,960,976,992
398	1558	3	9	3	1	0	0	2	16	1	1	18	29464	930	0	3	0	676,678,840,856,928,930,960,976,992
398	1561	2	1	4	1	0	0	1	14	3	2	18	29464	928	0	4	0	928
398	1562	2	1	4	1	0	0	1	14	3	2	18	29464	928	0	4	0	928
398	1564	2	1	4	1	0	0	1	14	3	2	18	29464	928	0	4	0	928
398	1571	3	15	3	1	0	0	2	18	0	0	18	29464	934	0	3	0	414,672,674,676,678,736,840,856,928,930,932,934,960,976,992
398	1573	3	15	3	1	0	0	2	18	0	0	18	29464	934	0	3	0	414,672,674,676,678,736,840,856,928,930,932,934,960,976,992
398	1574	3	15	3	1	0	0	2	18	0	0	18	29464	934	0	3	0	414,672,674,676,678,736,840,856,928,930,932,934,960,976,992
398	1577	2	2	4	1	0	0	1	16	1	1	18	29464	932	0	4	0	928,932
398	1578	2	2	4	1	0	0	1	16	1	1	18	29464	932	0	4	0	928,932
398	1580	2	2	4	1	0	0	1	16	1	1	18	29464	932	0	4	0	928,932
398	1585	2	2	4	1	0	0	1	16	1	1	18	29464	932	0	4	0	928,932
398	1586	2	2	4	1	0	0	1	16	1	1	18	29464	932	0	4	0	928,932
398	1588	2	2	4	1	0	0	1	16	1	1	18	29464	932	0	4	0	928,932
398	1592	1	1	5	1	0	0	1	14	3	2	18	29464	928	0	5	0	928
398	1603	2	4	4	1	0	0	2	17	1	1	19	30848	976	0	4	0	832,848,960,976
398	1605	2	4	4	1	0	0	2	17	1	1	19	30848	976	0	4	0	832,848,960,976
398	1606	2	4	4	1	0	0	2	17	1	1	19	30848	976	0	4	0	832,848,960,976
398	1609	2	2	4	1	0	0	2	15	12	2	19	30848	976	0	4	0	960,976
398	1610	2	2	4	1	0	0	2	15	12	2	19	30848	976	0	4	0	960,976
398	1612	2	2	4	1	0	0	2	15	12	2	19	30848	976	0	4	0	960,976
398	1617	2	2	4	1	0	0	2	15	12	2	19	30848	976	0	4	0	960,976
398	1618	2	2	4	1	0	0	2	15	12	2	19	30848	976	0	4	0	960,976
398	1620	2	2	4	1	0	0	2	15	12	2	19	30848	976	0	4	0	960,976
398	1624	2	3	4	1	0	0	3	13	76	3	19	29464	928	0	4	0	928,960,976
398	1633	2	2	4	1	0	0	2	17	1	1	19	30848	976	0	4	0	960,976
398	1634	2	2	4	1	0	0	2	17	1	1	19	30848	976	0	4	0	960,976
398	1636	2	2	4	1	0	0	2	17	1	1	19	30848	976	0	4	0	960,976
398	1640	2	4	4	1	0	0	3	15	12	2	19	29464	936	0	4	0	928,936,960,976
398	1648	2	4	4	1	0	0	3	15	12	2	19	29464	936	0	4	0	928,936,960,976
398	1667	2	2	4	1	0	0	1	15	3	2	19	30848	960	0	4	0	848,960
398	1669	2	2	4	1	0	0	1	15	3	2	19	30848	960	0	4	0	848,960
398	1670	2	2	4	1	0	0	1	15	3	2	19	30848	960	0	4	0	848,960
398	1673	2	1	4	1	0	0	1	13	13	3	19	30848	960	0	4	0	960
398	1674	2	1	4	1	0	0	1	13	13	3	19	30848	960	0	4	0	960
398	1676	2	1	4	1	0	0	1	13	13	3	19	30848	960	0	4	0	960
398	1681	2	1	4	1	0	0	1	13	13	3	19	30848	960	0	4	0	960
398	1682	2	1	4	1	0	0	1	13	13	3	19	30848	960	0	4	0	960
398	1684	2	1	4	1	0	0	1	13	13	3	19	30848	960	0	4	0	960
398	1688	2	2	4	1	0	0	2	11	77	4	19	29464	928	0	4	0	928,960
398	1697	2	1	4	1	0	0	1	15	3	2	19	30848	960	0	4	0	960
398	1698	2	1	4	1	0	0	1	15	3	2	19	30848	960	0	4	0	960
398	1700	2	1	4	1	0	0	1	15	3	2	19	30848	960	0	4	0	960
398	1704	2	3	4	1	0	0	2	13	13	3	19	29464	936	0	4	0	928,936,960
398	1712	2	3	4	1	0	0	2	13	13	3	19	29464	936	0	4	0	928,936,960
398	1729	1	1	5	1	0	0	2	14	13	3	20	30848	960	0	5	0	960
398	1730	1	1	5	1	0	0	2	14	13	3	20	30848	960	0	5	0	960
398	1732	1	1	5	1	0	0	2	14	13	3	20	30848	960	0	5	0	960
398	1736	1	1	5	1	0	0	2	12	86	4	20	30848	960	0	5	0	960
398	1744	1	1	5	1	0	0	2	12	86	4	20	30848	960	0	5	0	960
398	1760	1	1	5	1	0	0	2	14	13	3	20	30848	960	0	5	0	960
398	1795	1	1	5	1	1	1	0	19	0	0	19	30848	960	128	4	1	960
398	1797	1	1	5	1	1	1	0	19	0	0	19	30848	960	128	4	1	960
398	1798	1	1	5	1	1	1	0	19	0	0	19	30848	960	128	4	1	960
398	1801	1	1	5	1	1	1	0	17	1	1	19	30848	960	128	4	1	960
398	1802	1	1	5	1	1	1	0	17	1	1	19	30848	960	128	4	1	960
398	1804	1	1	5	1	1	1	0	17	1	1	19	30848	960	128	4	1	960
398	1809	1	1	5	1	1	1	0	17	1	1	19	30848	960	128	4	1	960
398	1810	1	1	5	1	1	1	0	17	1	1	19	30848	960	128	4	1	960
398	1812	1	1	5	1	1	1	0	17	1	1	19	30848	960	128	4	1	960
398	1816	1	2	5	1	0	0	1	15	3	2	19	29464	896	0	5	0	896,960
398	1825	1	1	5	1	1	1	0	19	0	0	19	30848	960	128	4	1	960
398	1826	1	1	5	1	1	1	0	19	0	0	19	30848	960	128	4	1	960
398	1828	1	1	5	1	1	1	0	19	0	0	19	30848	960	128	4	1	960
398	1832	1	3	5	1	0	0	1	17	1	1	19	29464	904	0	5	0	896,904,960
398	1840	1	3	5	1	0	0	1	17	1	1	19	29464	904	0	5	0	896,904,960
398	1857	1	1	5	1	1	1	0	16	3	2	20	30848	960	128	4	1	960
398	1858	1	1	5	1	1	1	0	16	3	2	20	30848	960	128	4	1	960
398	1860	1	1	5	1	1	1	0	16	3	2	20	30848	960	128	4	1	960
398	1864	1	1	5	1	1	1	0	14	76	3	20	30848	960	128	4	1	960
398	1872	1	1	5	1	1	1	0	14	76	3	20	30848	960	128	4	1	960
398	1888	1	1	5	1	1	1	0	16	3	2	20	30848	960	128	4	1	960
398	1921	1	1	5	1	0	0	1	14	11	3	20	30848	960	0	5	0	960
398	1922	1	1	5	1	0	0	1	14	11	3	20	30848	960	0	5	0	960
398	1924	1	1	5	1	0	0	1	14	11	3	20	30848	960	0	5	0	960
398	1928	1	1	5	1	0	0	1	12	77	4	20	30848	960	0	5	0	960
398	1936	1	1	5	1	0	0	1	12	77	4	20	30848	960	0	5	0	960
398	1952	1	1	5	1	0	0	1	14	11	3	20	30848	960	0	5	0	960
398	1984	1	1	5	1	0	0	2	11	94	5	21	30848	960	0	5	0	960
398	2063	2	4	4	1	2	2	0	16	1	1	18	30912	397	16400	2	2	624,626,752,754
398	2071	2	4	4	1	2	2	0	16	1	1	18	30912	397	16392	2	2	624,626,752,754
398	2075	3	7	3	1	0	0	3	14	3	2	18	29464	944	0	3	0	396,398,752,754,904,908,944
398	2077	3	7	3	1	0	0	3	14	3	2	18	29464	944	0	3	0	396,398,752,754,904,908,944
398	2078	3	7	3	1	0	0	3	14	3	2	18	29464	944	0	3	0	396,398,752,754,904,908,944
398	2087	1	2	5	1	4	3	0	16	1	1	18	30912	399	16408	1	4	624,752
398	2091	2	2	4	1	2	2	0	14	3	2	18	30912	398	16400	2	2	398,752
398	2093	2	2	4	1	2	2	0	14	3	2	18	30912	398	16400	2	2	398,752
398	2094	2	2	4	1	2	2	0	14	3	2	18	30912	398	16400	2	2	398,752
398	2099	2	2	4	1	2	2	0	14	3	2	18	30912	398	16392	2	2	398,752
398	2101	2	2	4	1	2	2	0	14	3	2	18	30912	398	16392	2	2	398,752
398	2102	2	2	4	1	2	2	0	14	3	2	18	30912	398	16392	2	2	398,752
398	2105	3	5	3	1	0	0	3	12	11	3	18	29464	944	0	3	0	396,752,904,908,944
398	2106	3	5	3	1	0	0	3	12	11	3	18	29464	944	0	3	0	396,752,904,908,944
398	2108	3	5	3	1	0	0	3	12	11	3	18	29464	944	0	3	0	396,752,904,908,944
398	2119	1	2	5	1	2	3	0	19	0	0	19	30848	395	16408	3	2	624,628
398	2123	2	4	4	1	0	0	2	17	1	1	19	30848	904	0	4	0	394,398,904,906
398	2125	2	4	4	1	0	0	2	17	1	1	19	30848	904	0	4	0	394,398,904,906
398	2126	2	4	4	1	0	0	2	17	1	1	19	30848	904	0	4	0	394,398,904,906
398	2131	2	4	4	1	0	0	2	17	1	1	19	30848	904	0	4	0	394,398,904,906
398	2133	2	4	4	1	0	0	2	17	1	1	19	30848	904	0	4	0	394,398,904,906
398	2134	2	4	4	1	0	0	2	17	1	1	19	30848	904	0	4	0	394,398,904,906
398	2137	1	1	5	1	0	0	2	15	3	2	19	30848	904	0	5	0	904
398	2138	1	1	5	1	0	0	2	15	3	2	19	30848	904	0	5	0	904
398	2140	1	1	5	1	0	0	2	15	3	2	19	30848	904	0	5	0	904
398	2147	1	1	5	1	2	3	0	17	1	1	19	30848	398	16408	3	2	398
398	2149	1	1	5	1	2	3	0	17	1	1	19	30848	398	16408	3	2	398
398	2150	1	1	5	1	2	3	0	17	1	1	19	30848	398	16408	3	2	398
398	2153	2	3	4	1	0	0	2	15	3	2	19	30848	904	0	4	0	396,904,908
398	2154	2	3	4	1	0	0	2	15	3	2	19	30848	904	0	4	0	396,904,908
398	2156	2	3	4	1	0	0	2	15	3	2	19	30848	904	0	4	0	396,904,908
398	2161	2	3	4	1	0	0	2	15	3	2	19	30848	904	0	4	0	396,904,908
398	2162	2	3	4	1	0	0	2	15	3	2	19	30848	904	0	4	0	396,904,908
398	2164	2	3	4	1	0	0	2	15	3	2	19	30848	904	0	4	0	396,904,908
398	2168	1	1	5	1	0	0	2	13	11	3	19	30848	904	0	5	0	904
398	2183	2	5	4	1	2	2	0	19	0	0	19	30912	840	5120	2	2	624,628,752,756,840
398	2187	3	15	3	1	0	0	3	17	1	1	19	29464	946	0	3	0	394,398,752,756,840,896,898,904,906,912,914,928,930,944,946
398	2189	3	15	3	1	0	0	3	17	1	1	19	29464	946	0	3	0	394,398,752,756,840,896,898,904,906,912,914,928,930,944,946
398	2190	3	15	3	1	0	0	3	17	1	1	19	29464	946	0	3	0	394,398,752,756,840,896,898,904,906,912,914,928,930,944,946
398	2195	3	15	3	1	0	0	3	17	1	1	19	29464	946	0	3	0	394,398,752,756,840,896,898,904,906,912,914,928,930,944,946
398	2197	3	15	3	1	0	0	3	17	1	1	19	29464	946	0	3	0	394,398,752,756,840,896,898,904,906,912,914,928,930,944,946
398	2198	3	15	3	1	0	0	3	17	1	1	19	29464	946	0	3	0	394,398,752,756,840,896,898,904,906,912,914,928,930,944,946
398	2201	2	5	4	1	0	0	3	15	3	2	19	29464	944	0	4	0	896,904,912,928,944
398	2202	2	5	4	1	0	0	3	15	3	2	19	29464	944	0	4	0	896,904,912,928,944
398	2204	2	5	4	1	0	0	3	15	3	2	19	29464	944	0	4	0	896,904,912,928,944
398	2211	2	2	4	1	2	3	0	17	1	1	19	30912	398	16408	2	2	398,752
398	2213	2	2	4	1	2	3	0	17	1	1	19	30912	398	16408	2	2	398,752
398	2214	2	2	4	1	2	3	0	17	1	1	19	30912	398	16408	2	2	398,752
398	2217	3	12	3	1	0	0	3	15	3	2	19	29464	948	0	3	0	396,752,896,900,904,908,912,916,928,932,944,948
398	2218	3	12	3	1	0	0	3	15	3	2	19	29464	948	0	3	0	396,752,896,900,904,908,912,916,928,932,944,948
398	2220	3	12	3	1	0	0	3	15	3	2	19	29464	948	0	3	0	396,752,896,900,904,908,912,916,928,932,944,948
398	2225	3	12	3	1	0	0	3	15	3	2	19	29464	948	0	3	0	396,752,896,900,904,908,912,916,928,932,944,948
398	2226	3	12	3	1	0	0	3	15	3	2	19	29464	948	0	3	0	396,752,896,900,904,908,912,916,928,932,944,948
398	2228	3	12	3	1	0	0	3	15	3	2	19	29464	948	0	3	0	396,752,896,900,904,908,912,916,928,932,944,948
398	2232	2	5	4	1	0	0	3	13	11	3	19	29464	944	0	4	0	896,904,912,928,944
398	2243	2	8	4	1	0	0	2	20	0	0	20	30848	896	0	4	0	390,398,832,896,898,900,902,960
398	2245	2	8	4	1	0	0	2	20	0	0	20	30848	896	0	4	0	390,398,832,896,898,900,902,960
398	2246	2	8	4	1	0	0	2	20	0	0	20	30848	896	0	4	0	390,398,832,896,898,900,902,960
398	2249	1	2	5	1	0	0	2	18	1	1	20	30848	896	0	5	0	896,900
398	2250	1	2	5	1	0	0	2	18	1	1	20	30848	896	0	5	0	896,900
398	2252	1	2	5	1	0	0	2	18	1	1	20	30848	896	0	5	0	896,900
398	2257	1	2	5	1	0	0	2	18	1	1	20	30848	896	0	5	0	896,900
398	2258	1	2	5	1	0	0	2	18	1	1	20	30848	896	0	5	0	896,900
398	2260	1	2	5	1	0	0	2	18	1	1	20	30848	896	0	5	0	896,900
398	2264	0	1	6	0	0	0	2	16	3	2	20	30848	896	0	6	0	896
398	2273	2	6	4	1	0	0	2	18	1	1	20	30848	896	0	4	0	396,896,900,904,908,960
398	2274	2	6	4	1	0	0	2	18	1	1	20	30848	896	0	4	0	396,896,900,904,908,960
398	2276	2	6	4	1	0	0	2	18	1	1	20	30848	896	0	4	0	396,896,900,904,908,960
398	2280	1	2	5	1	0	0	2	16	3	2	20	30848	896	0	5	0	896,904
398	2288	1	2	5	1	0	0	2	16	3	2	20	30848	896	0	5	0	896,904
398	2311	2	4	4	1	2	3	0	17	1	1	19	30912	411	16408	1	3	608,612,736,740
398	2315	3	9	3	1	0	0	2	15	3	2	19	29464	930	0	3	0	410,414,736,740,912,914,928,930,992
398	2317	3	9	3	1	0	0	2	15	3	2	19	29464	930	0	3	0	410,414,736,740,912,914,928,930,992
398	2318	3	9	3	1	0	0	2	15	3	2	19	29464	930	0	3	0	410,414,736,740,912,914,928,930,992
398	2323	3	9	3	1	0	0	2	15	3	2	19	29464	930	0	3	0	410,414,736,740,912,914,928,930,992
398	2325	3	9	3	1	0	0	2	15	3	2	19	29464	930	0	3	0	410,414,736,740,912,914,928,930,992
398	2326	3	9	3	1	0	0	2	15	3	2	19	29464	930	0	3	0	410,414,736,740,912,914,928,930,992
398	2329	2	2	4	1	0	0	2	13	11	3	19	29464	928	0	4	0	912,928
398	2330	2	2	4	1	0	0	2	13	11	3	19	29464	928	0	4	0	912,928
398	2332	2	2	4	1	0	0	2	13	11	3	19	29464	928	0	4	0	912,928
398	2339	2	2	4	1	2	3	0	15	3	2	19	30912	414	16408	1	3	414,736
398	2341	2	2	4	1	2	3	0	15	3	2	19	30912	414	16408	1	3	414,736
398	2342	2	2	4	1	2	3	0	15	3	2	19	30912	414	16408	1	3	414,736
398	2345	3	7	3	1	0	0	2	13	11	3	19	29464	932	0	3	0	412,736,912,916,928,932,992
398	2346	3	7	3	1	0	0	2	13	11	3	19	29464	932	0	3	0	412,736,912,916,928,932,992
398	2348	3	7	3	1	0	0	2	13	11	3	19	29464	932	0	3	0	412,736,912,916,928,932,992
398	2353	3	7	3	1	0	0	2	13	11	3	19	29464	932	0	3	0	412,736,912,916,928,932,992
398	2354	3	7	3	1	0	0	2	13	11	3	19	29464	932	0	3	0	412,736,912,916,928,932,992
398	2356	3	7	3	1	0	0	2	13	11	3	19	29464	932	0	3	0	412,736,912,916,928,932,992
398	2360	2	2	4	1	0	0	2	11	75	4	19	29464	928	0	4	0	912,928
398	2371	2	2	4	1	1	3	0	16	3	2	20	29464	406	17024	2	2	406,414
398	2373	2	2	4	1	1	3	0	16	3	2	20	29464	406	17024	2	2	406,414
398	2374	2	2	4	1	1	3	0	16	3	2	20	29464	406	17024	2	2	406,414
398	2377	2	2	4	1	0	0	2	14	13	3	20	30848	912	0	4	0	912,916
398	2378	2	2	4	1	0	0	2	14	13	3	20	30848	912	0	4	0	912,916
398	2380	2	2	4	1	0	0	2	14	13	3	20	30848	912	0	4	0	912,916
398	2385	2	2	4	1	0	0	2	14	13	3	20	30848	912	0	4	0	912,916
398	2386	2	2	4	1	0	0	2	14	13	3	20	30848	912	0	4	0	912,916
398	2388	2	2	4	1	0	0	2	14	13	3	20	30848	912	0	4	0	912,916
398	2392	1	1	5	1	0	0	2	12	77	4	20	30848	912	0	5	0	912
398	2401	2	1	4	1	1	3	0	14	13	3	20	29464	412	17024	2	2	412
398	2402	2	1	4	1	1	3	0	14	13	3	20	29464	412	17024	2	2	412
398	2404	2	1	4	1	1	3	0	14	13	3	20	29464	412	17024	2	2	412
398	2408	2	2	4	1	0	0	2	12	77	4	20	30848	912	0	4	0	912,920
398	2416	2	2	4	1	0	0	2	12	77	4	20	30848	912	0	4	0	912,920
398	2435	3	15	3	1	0	0	2	16	3	2	20	29464	934	0	3	0	406,414,736,744,848,896,898,900,902,928,930,932,934,960,992
398	2437	3	15	3	1	0	0	2	16	3	2	20	29464	934	0	3	0	406,414,736,744,848,896,898,900,902,928,930,932,934,960,992
398	2438	3	15	3	1	0	0	2	16	3	2	20	29464	934	0	3	0	406,414,736,744,848,896,898,900,902,928,930,932,934,960,992
398	2441	2	4	4	1	0	0	2	14	13	3	20	29464	932	0	4	0	896,900,928,932
398	2442	2	4	4	1	0	0	2	14	13	3	20	29464	932	0	4	0	896,900,928,932
398	2444	2	4	4	1	0	0	2	14	13	3	20	29464	932	0	4	0	896,900,928,932
398	2449	2	4	4	1	0	0	2	14	13	3	20	29464	932	0	4	0	896,900,928,932
398	2450	2	4	4	1	0	0	2	14	13	3	20	29464	932	0	4	0	896,900,928,932
398	2452	2	4	4	1	0	0	2	14	13	3	20	29464	932	0	4	0	896,900,928,932
398	2456	1	2	5	1	0	0	2	12	77	4	20	29464	928	0	5	0	896,928
398	2465	3	12	3	1	0	0	2	14	13	3	20	29464	940	0	3	0	412,736,896,900,904,908,928,932,936,940,960,992
398	2466	3	12	3	1	0	0	2	14	13	3	20	29464	940	0	3	0	412,736,896,900,904,908,928,932,936,940,960,992
398	2468	3	12	3	1	0	0	2	14	13	3	20	29464	940	0	3	0	412,736,896,900,904,908,928,932,936,940,960,992
398	2472	2	4	4	1	0	0	2	12	77	4	20	29464	936	0	4	0	896,904,928,936
398	2480	2	4	4	1	0	0	2	12	77	4	20	29464	936	0	4	0	896,904,928,936
398	2497	2	5	4	1	0	0	2	15	11	3	21	30848	896	0	4	0	896,900,904,908,960
398	2498	2	5	4	1	0	0	2	15	11	3	21	30848	896	0	4	0	896,900,904,908,960
398	2500	2	5	4	1	0	0	2	15	11	3	21	30848	896	0	4	0	896,900,904,908,960
398	2504	1	2	5	1	0	0	2	13	77	4	21	30848	896	0	5	0	896,904
398	2512	1	2	5	1	0	0	2	13	77	4	21	30848	896	0	5	0	896,904
398	2528	2	5	4	1	0	0	2	13	77	4	21	30848	896	0	4	0	896,904,912,920,960
398	2567	2	4	4	1	2	3	0	17	1	1	19	30912	411	16408	1	3	608,612,736,740
398	2571	3	9	3	1	0	0	2	15	3	2	19	29464	930	0	3	0	410,414,736,740,912,914,928,930,992
398	2573	3	9	3	1	0	0	2	15	3	2	19	29464	930	0	3	0	410,414,736,740,912,914,928,930,992
398	2574	3	9	3	1	0	0	2	15	3	2	19	29464	930	0	3	0	410,414,736,740,912,914,928,930,992
398	2579	3	9	3	1	0	0	2	15	3	2	19	29464	930	0	3	0	410,414,736,740,912,914,928,930,992
398	2581	3	9	3	1	0	0	2	15	3	2	19	29464	930	0	3	0	410,414,736,740,912,914,928,930,992
398	2582	3	9	3	1	0	0	2	15	3	2	19	29464	930	0	3	0	410,414,736,740,912,914,928,930,992
398	2585	2	2	4	1	0	0	2	13	11	3	19	29464	928	0	4	0	912,928
398	2586	2	2	4	1	0	0	2	13	11	3	19	29464	928	0	4	0	912,928
398	2588	2	2	4	1	0	0	2	13	11	3	19	29464	928	0	4	0	912,928
398	2595	2	2	4	1	2	3	0	15	3	2	19	30912	414	16408	1	3	414,736
398	2597	2	2	4	1	2	3	0	15	3	2	19	30912	414	16408	1	3	414,736
398	2598	2	2	4	1	2	3	0	15	3	2	19	30912	414	16408	1	3	414,736
398	2601	3	7	3	1	0	0	2	13	11	3	19	29464	932	0	3	0	412,736,912,916,928,932,992
398	2602	3	7	3	1	0	0	2	13	11	3	19	29464	932	0	3	0	412,736,912,916,928,932,992
398	2604	3	7	3	1	0	0	2	13	11	3	19	29464	932	0	3	0	412,736,912,916,928,932,992
398	2609	3	7	3	1	0	0	2	13	11	3	19	29464	932	0	3	0	412,736,912,916,928,932,992
398	2610	3	7	3	1	0	0	2	13	11	3	19	29464	932	0	3	0	412,736,912,916,928,932,992
398	2612	3	7	3	1	0	0	2	13	11	3	19	29464	932	0	3	0	412,736,912,916,928,932,992
398	2616	2	2	4	1	0	0	2	11	75	4	19	29464	928	0	4	0	912,928
398	2627	2	2	4	1	1	3	0	16	3	2	20	29464	406	16768	2	2	406,414
398	2629	2	2	4	1	1	3	0	16	3	2	20	29464	406	16768	2	2	406,414
398	2630	2	2	4	1	1	3	0	16	3	2	20	29464	406	16768	2	2	406,414
398	2633	2	2	4	1	0	0	2	14	13	3	20	30848	912	0	4	0	912,916
398	2634	2	2	4	1	0	0	2	14	13	3	20	30848	912	0	4	0	912,916
398	2636	2	2	4	1	0	0	2	14	13	3	20	30848	912	0	4	0	912,916
398	2641	2	2	4	1	0	0	2	14	13	3	20	30848	912	0	4	0	912,916
398	2642	2	2	4	1	0	0	2	14	13	3	20	30848	912	0	4	0	912,916
398	2644	2	2	4	1	0	0	2	14	13	3	20	30848	912	0	4	0	912,916
398	2648	1	1	5	1	0	0	2	12	77	4	20	30848	912	0	5	0	912
398	2657	2	1	4	1	1	3	0	14	13	3	20	29464	412	16768	2	2	412
398	2658	2	1	4	1	1	3	0	14	13	3	20	29464	412	16768	2	2	412
398	2660	2	1	4	1	1	3	0	14	13	3	20	29464	412	16768	2	2	412
398	2664	2	2	4	1	0	0	2	12	77	4	20	30848	912	0	4	0	912,920
398	2672	2	2	4	1	0	0	2	12	77	4	20	30848	912	0	4	0	912,920
398	2691	3	15	3	1	0	0	2	16	3	2	20	29464	934	0	3	0	406,414,736,744,848,896,898,900,902,928,930,932,934,960,992
398	2693	3	15	3	1	0	0	2	16	3	2	20	29464	934	0	3	0	406,414,736,744,848,896,898,900,902,928,930,932,934,960,992
398	2694	3	15	3	1	0	0	2	16	3	2	20	29464	934	0	3	0	406,414,736,744,848,896,898,900,902,928,930,932,934,960,992
398	2697	2	4	4	1	0	0	2	14	13	3	20	29464	932	0	4	0	896,900,928,932
398	2698	2	4	4	1	0	0	2	14	13	3	20	29464	932	0	4	0	896,900,928,932
398	2700	2	4	4	1	0	0	2	14	13	3	20	29464	932	0	4	0	896,900,928,932
398	2705	2	4	4	1	0	0	2	14	13	3	20	29464	932	0	4	0	896,900,928,932
398	2706	2	4	4	1	0	0	2	14	13	3	20	29464	932	0	4	0	896,900,928,932
398	2708	2	4	4	1	0	0	2	14	13	3	20	29464	932	0	4	0	896,900,928,932
398	2712	1	2	5	1	0	0	2	12	77	4	20	29464	928	0	5	0	896,928
398	2721	3	12	3	1	0	0	2	14	13	3	20	29464	940	0	3	0	412,736,896,900,904,908,928,932,936,940,960,992
398	2722	3	12	3	1	0	0	2	14	13	3	20	29464	940	0	3	0	412,736,896,900,904,908,928,932,936,940,960,992
398	2724	3	12	3	1	0	0	2	14	13	3	20	29464	940	0	3	0	412,736,896,900,904,908,928,932,936,940,960,992
398	2728	2	4	4	1	0	0	2	12	77	4	20	29464	936	0	4	0	896,904,928,936
398	2736	2	4	4	1	0	0	2	12	77	4	20	29464	936	0	4	0	896,904,928,936
398	2753	2	5	4	1	0	0	2	15	11	3	21	30848	896	0	4	0	896,900,904,908,960
398	2754	2	5	4	1	0	0	2	15	11	3	21	30848	896	0	4	0	896,900,904,908,960
398	2756	2	5	4	1	0	0	2	15	11	3	21	30848	896	0	4	0	896,900,904,908,960
398	2760	1	2	5	1	0	0	2	13	77	4	21	30848	896	0	5	0	896,904
398	2768	1	2	5	1	0	0	2	13	77	4	21	30848	896	0	5	0	896,904
398	2784	2	5	4	1	0	0	2	13	77	4	21	30848	896	0	4	0	896,904,912,920,960
398	2819	2	1	4	1	1	2	0	16	3	2	20	30848	960	1152	3	1	960
398	2821	2	1	4	1	1	2	0	16	3	2	20	30848	960	1152	3	1	960
398	2822	2	1	4	1	1	2	0	16	3	2	20	30848	960	1152	3	1	960
398	2825	2	5	4	1	0	0	2	14	11	3	20	29464	900	0	4	0	896,900,928,932,960
398	2826	2	5	4	1	0	0	2	14	11	3	20	29464	900	0	4	0	896,900,928,932,960
398	2828	2	5	4	1	0	0	2	14	11	3	20	29464	900	0	4	0	896,900,928,932,960
398	2833	2	5	4	1	0	0	2	14	11	3	20	29464	900	0	4	0	896,900,928,932,960
398	2834	2	5	4	1	0	0	2	14	11	3	20	29464	900	0	4	0	896,900,928,932,960
398	2836	2	5	4	1	0	0	2	14	11	3	20	29464	900	0	4	0	896,900,928,932,960
398	2840	1	2	5	1	0	0	2	12	75	4	20	29464	896	0	5	0	896,928
398	2849	2	1	4	1	1	2	0	14	11	3	20	30848	960	1152	3	1	960
398	2850	2	1	4	1	1	2	0	14	11	3	20	30848	960	1152	3	1	960
398	2852	2	1	4	1	1	2	0	14	11	3	20	30848	960	1152	3	1	960
398	2856	2	5	4	1	0	0	2	12	75	4	20	29464	904	0	4	0	896,904,928,936,960
398	2864	2	5	4	1	0	0	2	12	75	4	20	29464	904	0	4	0	896,904,928,936,960
398	2881	2	1	4	1	1	2	0	13	30	4	21	30848	960	1152	3	1	960
398	2882	2	1	4	1	1	2	0	13	30	4	21	30848	960	1152	3	1	960
398	2884	2	1	4	1	1	2	0	13	30	4	21	30848	960	1152	3	1	960
398	2888	2	5	4	1	0	0	3	11	94	5	21	29464	904	0	4	0	896,904,928,936,960
398	2896	2	5	4	1	0	0	3	11	94	5	21	29464	904	0	4	0	896,904,928,936,960
398	2912	2	1	4	1	1	2	0	11	94	5	21	30848	960	1152	3	1	960
398	2945	2	5	4	1	0	0	2	13	30	4	21	29464	908	0	4	0	896,900,904,908,960
398	2946	2	5	4	1	0	0	2	13	30	4	21	29464	908	0	4	0	896,900,904,908,960
398	2948	2	5	4	1	0	0	2	13	30	4	21	29464	908	0	4	0	896,900,904,908,960
398	2952	1	2	5	1	0	0	2	11	94	5	21	29464	904	0	5	0	896,904
398	2960	1	2	5	1	0	0	2	11	94	5	21	29464	904	0	5	0	896,904
398	2976	2	5	4	1	0	0	2	11	94	5	21	29464	920	0	4	0	896,904,912,920,960
398	3008	2	5	4	1	0	0	3	10	222	6	22	29464	920	0	4	0	896,904,912,920,960
398	3079	1	2	5	1	2	3	0	20	0	0	20	29464	736	8216	2	3	736,740
398	3083	2	3	4	1	1	1	0	16	3	2	20	29464	992	16	3	1	736,740,992
398	3085	2	3	4	1	1	1	0	16	3	2	20	29464	992	16	3	1	736,740,992
398	3086	2	3	4	1	1	1	0	16	3	2	20	29464	992	16	3	1	736,740,992
398	3091	2	3	4	1	1	1	0	16	3	2	20	29464	992	8	3	1	736,740,992
398	3093	2	3	4	1	1	1	0	16	3	2	20	29464	992	8	3	1	736,740,992
398	3094	2	3	4	1	1	1	0	16	3	2	20	29464	992	8	3	1	736,740,992
398	3097	2	1	4	1	0	0	1	12	30	4	20	29464	992	0	4	0	992
398	3098	2	1	4	1	0	0	1	12	30	4	20	29464	992	0	4	0	992
398	3100	2	1	4	1	0	0	1	12	30	4	20	29464	992	0	4	0	992
398	3107	1	1	5	1	2	3	0	18	1	1	20	29464	736	8216	2	3	736
398	3109	1	1	5	1	2	3	0	18	1	1	20	29464	736	8216	2	3	736
398	3110	1	1	5	1	2	3	0	18	1	1	20	29464	736	8216	2	3	736
398	3113	2	2	4	1	1	1	0	14	13	3	20	29464	992	16	3	1	736,992
398	3114	2	2	4	1	1	1	0	14	13	3	20	29464	992	16	3	1	736,992
398	3116	2	2	4	1	1	1	0	14	13	3	20	29464	992	16	3	1	736,992
398	3121	2	2	4	1	1	1	0	14	13	3	20	29464	992	8	3	1	736,992
398	3122	2	2	4	1	1	1	0	14	13	3	20	29464	992	8	3	1	736,992
398	3124	2	2	4	1	1	1	0	14	13	3	20	29464	992	8	3	1	736,992
398	3128	2	1	4	1	0	0	1	10	94	5	20	29464	992	0	4	0	992
398	3139	1	1	5	1	0	0	2	21	0	0	21	30848	912	0	5	0	912
398	3141	1	1	5	1	0	0	2	21	0	0	21	30848	912	0	5	0	912
398	3142	1	1	5	1	0	0	2	21	0	0	21	30848	912	0	5	0	912
398	3145	1	1	5	1	0	0	2	17	3	2	21	30848	912	0	5	0	912
398	3146	1	1	5	1	0	0	2	17	3	2	21	30848	912	0	5	0	912
398	3148	1	1	5	1	0	0	2	17	3	2	21	30848	912	0	5	0	912
398	3153	1	1	5	1	0	0	2	17	3	2	21	30848	912	0	5	0	912
398	3154	1	1	5	1	0	0	2	17	3	2	21	30848	912	0	5	0	912
398	3156	1	1	5	1	0	0	2	17	3	2	21	30848	912	0	5	0	912
398	3160	1	1	5	1	0	0	2	13	30	4	21	30848	912	0	5	0	912
398	3169	1	1	5	1	0	0	2	19	1	1	21	30848	912	0	5	0	912
398	3170	1	1	5	1	0	0	2	19	1	1	21	30848	912	0	5	0	912
398	3172	1	1	5	1	0	0	2	19	1	1	21	30848	912	0	5	0	912
398	3176	1	1	5	1	0	0	2	15	13	3	21	30848	912	0	5	0	912
398	3184	1	1	5	1	0	0	2	15	13	3	21	30848	912	0	5	0	912
398	3203	2	8	4	1	0	0	2	19	1	1	21	30848	896	0	4	0	736,744,784,896,912,928,960,992
398	3205	2	8	4	1	0	0	2	19	1	1	21	30848	896	0	4	0	736,744,784,896,912,928,960,992
398	3206	2	8	4	1	0	0	2	19	1	1	21	30848	896	0	4	0	736,744,784,896,912,928,960,992
398	3209	2	5	4	1	0	0	2	15	13	3	21	30848	896	0	4	0	896,912,928,960,992
398	3210	2	5	4	1	0	0	2	15	13	3	21	30848	896	0	4	0	896,912,928,960,992
398	3212	2	5	4	1	0	0	2	15	13	3	21	30848	896	0	4	0	896,912,928,960,992
398	3217	2	5	4	1	0	0	2	15	13	3	21	30848	896	0	4	0	896,912,928,960,992
398	3218	2	5	4	1	0	0	2	15	13	3	21	30848	896	0	4	0	896,912,928,960,992
398	3220	2	5	4	1	0	0	2	15	13	3	21	30848	896	0	4	0	896,912,928,960,992
398	3224	2	5	4	1	0	0	3	11	94	5	21	29464	992	0	4	0	896,912,928,960,992
398	3233	2	6	4	1	0	0	2	17	12	2	21	30848	896	0	4	0	736,896,912,928,960,992
398	3234	2	6	4	1	0	0	2	17	12	2	21	30848	896	0	4	0	736,896,912,928,960,992
398	3236	2	6	4	1	0	0	2	17	12	2	21	30848	896	0	4	0	736,896,912,928,960,992
398	3240	2	5	4	1	0	0	2	13	86	4	21	30848	896	0	4	0	896,912,928,960,992
398	3248	2	5	4	1	0	0	2	13	86	4	21	30848	896	0	4	0	896,912,928,960,992
398	3265	0	1	6	0	0	0	2	20	1	1	22	30848	896	0	6	0	896
398	3266	0	1	6	0	0	0	2	20	1	1	22	30848	896	0	6	0	896
398	3268	0	1	6	0	0	0	2	20	1	1	22	30848	896	0	6	0	896
398	3272	0	1	6	0	0	0	2	16	13	3	22	30848	896	0	6	0	896
398	3280	0	1	6	0	0	0	2	16	13	3	22	30848	896	0	6	0	896
398	3296	0	1	6	0	0	0	2	18	12	2	22	30848	896	0	6	0	896
398	3331	1	1	5	1	1	2	0	19	1	1	21	29464	960	24	3	2	960
398	3333	1	1	5	1	1	2	0	19	1	1	21	29464	960	24	3	2	960
398	3334	1	1	5	1	1	2	0	19	1	1	21	29464	960	24	3	2	960
398	3337	1	1	5	1	1	1	0	15	13	3	21	29464	960	16	4	1	960
398	3338	1	1	5	1	1	1	0	15	13	3	21	29464	960	16	4	1	960
398	3340	1	1	5	1	1	1	0	15	13	3	21	29464	960	16	4	1	960
398	3345	1	1	5	1	1	1	0	15	13	3	21	29464	960	8	4	1	960
398	3346	1	1	5	1	1	1	0	15	13	3	21	29464	960	8	4	1	960
398	3348	1	1	5	1	1	1	0	15	13	3	21	29464	960	8	4	1	960
398	3352	1	1	5	1	0	0	1	11	94	5	21	29464	960	0	5	0	960
398	3361	1	1	5	1	1	2	0	17	3	2	21	29464	960	24	3	2	960
398	3362	1	1	5	1	1	2	0	17	3	2	21	29464	960	24	3	2	960
398	3364	1	1	5	1	1	2	0	17	3	2	21	29464	960	24	3	2	960
398	3368	1	1	5	1	1	1	0	13	77	4	21	29464	960	16	4	1	960
398	3376	1	1	5	1	1	1	0	13	77	4	21	29464	960	8	4	1	960
398	3393	1	3	5	1	0	0	2	18	3	2	22	30848	928	0	5	0	896,928,960
398	3394	1	3	5	1	0	0	2	18	3	2	22	30848	928	0	5	0	896,928,960
398	3396	1	3	5	1	0	0	2	18	3	2	22	30848	928	0	5	0	896,928,960
398	3400	1	3	5	1	0	0	2	14	86	4	22	30848	928	0	5	0	896,928,960
398	3408	1	3	5	1	0	0	2	14	86	4	22	30848	928	0	5	0	896,928,960
398	3424	1	3	5	1	0	0	2	16	13	3	22	30848	928	0	5	0	896,928,960
398	3457	1	2	5	1	0	0	1	16	13	3	22	30848	896	0	5	0	896,960
398	3458	1	2	5	1	0	0	1	16	13	3	22	30848	896	0	5	0	896,960
398	3460	1	2	5	1	0	0	1	16	13	3	22	30848	896	0	5	0	896,960
398	3464	1	2	5	1	0	0	1	14	236	5	22	30848	896	0	5	0	896,960
398	3472	1	2	5	1	0	0	1	14	236	5	22	30848	896	0	5	0	896,960
398	3488	1	2	5	1	0	0	1	14	86	4	22	30848	896	0	5	0	896,960
398	3520	0	1	6	0	0	0	2	15	77	4	23	30848	896	0	6	0	896
398	3587	1	1	5	1	1	2	0	19	1	1	21	29464	960	24	3	2	960
398	3589	1	1	5	1	1	2	0	19	1	1	21	29464	960	24	3	2	960
398	3590	1	1	5	1	1	2	0	19	1	1	21	29464	960	24	3	2	960
398	3593	1	1	5	1	1	1	0	15	13	3	21	29464	960	16	4	1	960
398	3594	1	1	5	1	1	1	0	15	13	3	21	29464	960	16	4	1	960
398	3596	1	1	5	1	1	1	0	15	13	3	21	29464	960	16	4	1	960
398	3601	1	1	5	1	1	1	0	15	13	3	21	29464	960	8	4	1	960
398	3602	1	1	5	1	1	1	0	15	13	3	21	29464	960	8	4	1	960
398	3604	1	1	5	1	1	1	0	15	13	3	21	29464	960	8	4	1	960
398	3608	1	1	5	1	0	0	1	11	94	5	21	29464	960	0	5	0	960
398	3617	1	1	5	1	1	2	0	17	3	2	21	29464	960	24	3	2	960
398	3618	1	1	5	1	1	2	0	17	3	2	21	29464	960	24	3	2	960
398	3620	1	1	5	1	1	2	0	17	3	2	21	29464	960	24	3	2	960
398	3624	1	1	5	1	1	1	0	13	77	4	21	29464	960	16	4	1	960
398	3632	1	1	5	1	1	1	0	13	77	4	21	29464	960	8	4	1	960
398	3649	1	3	5	1	0	0	2	18	3	2	22	30848	928	0	5	0	896,928,960
398	3650	1	3	5	1	0	0	2	18	3	2	22	30848	928	0	5	0	896,928,960
398	3652	1	3	5	1	0	0	2	18	3	2	22	30848	928	0	5	0	896,928,960
398	3656	1	3	5	1	0	0	2	14	86	4	22	30848	928	0	5	0	896,928,960
398	3664	1	3	5	1	0	0	2	14	86	4	22	30848	928	0	5	0	896,928,960
398	3680	1	3	5	1	0	0	2	16	13	3	22	30848	928	0	5	0	896,928,960
398	3713	1	2	5	1	0	0	1	16	13	3	22	30848	896	0	5	0	896,960
398	3714	1	2	5	1	0	0	1	16	13	3	22	30848	896	0	5	0	896,960
398	3716	1	2	5	1	0	0	1	16	13	3	22	30848	896	0	5	0	896,960
398	3720	1	2	5	1	0	0	1	14	236	5	22	30848	896	0	5	0	896,960
398	3728	1	2	5	1	0	0	1	14	236	5	22	30848	896	0	5	0	896,960
398	3744	1	2	5	1	0	0	1	14	86	4	22	30848	896	0	5	0	896,960
398	3776	0	1	6	0	0	0	2	15	77	4	23	30848	896	0	6	0	896
398	3841	0	1	6	0	1	1	0	18	3	2	22	30848	896	128	5	1	896
398	3842	0	1	6	0	1	1	0	18	3	2	22	30848	896	128	5	1	896
398	3844	0	1	6	0	1	1	0	18	3	2	22	30848	896	128	5	1	896
398	3848	0	1	6	0	1	1	0	14	77	4	22	29464	896	16	5	1	896
398	3856	0	1	6	0	1	1	0	14	77	4	22	29464	896	8	5	1	896
398	3872	0	1	6	0	1	1	0	16	11	3	22	30848	896	128	5	1	896
398	3904	0	1	6	0	1	1	0	15	30	4	23	30848	896	128	5	1	896
398	3968	0	1	6	0	0	0	1	13	94	5	23	30848	896	0	6	0	896
398	4111	2	1	4	1	1	2	0	12	11	3	18	30912	397	16400	3	1	626
398	4119	2	1	4	1	1	2	0	12	11	3	18	30912	397	16392	3	1	626
398	4123	2	3	4	1	0	0	1	14	3	2	18	30912	908	0	4	0	396,626,908
398	4125	2	3	4	1	0	0	1	14	3	2	18	30912	908	0	4	0	396,626,908
398	4126	2	3	4	1	0	0	1	14	3	2	18	30912	908	0	4	0	396,626,908
398	4135	2	2	4	1	2	3	0	12	11	3	18	30912	399	16408	2	2	624,752
398	4139	2	2	4	1	1	2	0	14	3	2	18	30912	398	16400	3	1	398,624
398	4141	2	2	4	1	1	2	0	14	3	2	18	30912	398	16400	3	1	398,624
398	4142	2	2	4	1	1	2	0	14	3	2	18	30912	398	16400	3	1	398,624
398	4147	2	2	4	1	1	2	0	14	3	2	18	30912	398	16392	3	1	398,624
398	4149	2	2	4	1	1	2	0	14	3	2	18	30912	398	16392	3	1	398,624
398	4150	2	2	4	1	1	2	0	14	3	2	18	30912	398	16392	3	1	398,624
398	4153	2	5	4	1	0	0	1	16	1	1	18	30912	908	0	4	0	396,398,624,626,908
398	4154	2	5	4	1	0	0	1	16	1	1	18	30912	908	0	4	0	396,398,624,626,908
398	4156	2	5	4	1	0	0	1	16	1	1	18	30912	908	0	4	0	396,398,624,626,908
398	4167	3	5	3	1	0	0	2	11	75	4	19	30848	904	0	3	0	628,752,904,960,968
398	4171	2	1	4	1	0	0	2	13	11	3	19	30848	904	0	4	0	904
398	4173	2	1	4	1	0	0	2	13	11	3	19	30848	904	0	4	0	904
398	4174	2	1	4	1	0	0	2	13	11	3	19	30848	904	0	4	0	904
398	4179	2	1	4	1	0	0	2	13	11	3	19	30848	904	0	4	0	904
398	4181	2	1	4	1	0	0	2	13	11	3	19	30848	904	0	4	0	904
398	4182	2	1	4	1	0	0	2	13	11	3	19	30848	904	0	4	0	904
398	4185	1	1	5	1	0	0	2	15	3	2	19	30848	904	0	5	0	904
398	4186	1	1	5	1	0	0	2	15	3	2	19	30848	904	0	5	0	904
398	4188	1	1	5	1	0	0	2	15	3	2	19	30848	904	0	5	0	904
398	4195	3	7	3	1	0	0	2	13	11	3	19	30848	904	0	3	0	270,398,624,752,904,960,968
398	4197	3	7	3	1	0	0	2	13	11	3	19	30848	904	0	3	0	270,398,624,752,904,960,968
398	4198	3	7	3	1	0	0	2	13	11	3	19	30848	904	0	3	0	270,398,624,752,904,960,968
398	4201	2	1	4	1	0	0	2	15	3	2	19	30848	904	0	4	0	904
398	4202	2	1	4	1	0	0	2	15	3	2	19	30848	904	0	4	0	904
398	4204	2	1	4	1	0	0	2	15	3	2	19	30848	904	0	4	0	904
398	4209	2	1	4	1	0	0	2	15	3	2	19	30848	904	0	4	0	904
398	4210	2	1	4	1	0	0	2	15	3	2	19	30848	904	0	4	0	904
398	4212	2	1	4	1	0	0	2	15	3	2	19	30848	904	0	4	0	904
398	4216	1	1	5	1	0	0	2	17	1	1	19	30848	904	0	5	0	904
398	4231	2	1	4	1	1	1	0	13	11	3	19	30912	968	1024	3	1	968
398	4235	2	2	4	1	0	0	1	15	3	2	19	30912	904	0	4	0	904,968
398	4237	2	2	4	1	0	0	1	15	3	2	19	30912	904	0	4	0	904,968
398	4238	2	2	4	1	0	0	1	15	3	2	19	30912	904	0	4	0	904,968
398	4243	2	2	4	1	0	0	1	15	3	2	19	30912	904	0	4	0	904,968
398	4245	2	2	4	1	0	0	1	15	3	2	19	30912	904	0	4	0	904,968
398	4246	2	2	4	1	0	0	1	15	3	2	19	30912	904	0	4	0	904,968
398	4249	1	1	5	1	0	0	1	17	1	1	19	30912	904	0	5	0	904
398	4250	1	1	5	1	0	0	1	17	1	1	19	30912	904	0	5	0	904
398	4252	1	1	5	1	0	0	1	17	1	1	19	30912	904	0	5	0	904
398	4259	2	1	4	1	1	1	0	15	3	2	19	30912	968	1024	3	1	968
398	4261	2	1	4	1	1	1	0	15	3	2	19	30912	968	1024	3	1	968
398	4262	2	1	4	1	1	1	0	15	3	2	19	30912	968	1024	3	1	968
398	4265	2	2	4	1	0	0	1	17	1	1	19	30912	904	0	4	0	904,968
398	4266	2	2	4	1	0	0	1	17	1	1	19	30912	904	0	4	0	904,968
398	4268	2	2	4	1	0	0	1	17	1	1	19	30912	904	0	4	0	904,968
398	4273	2	2	4	1	0	0	1	17	1	1	19	30912	904	0	4	0	904,968
398	4274	2	2	4	1	0	0	1	17	1	1	19	30912	904	0	4	0	904,968
398	4276	2	2	4	1	0	0	1	17	1	1	19	30912	904	0	4	0	904,968
398	4280	1	1	5	1	0	0	1	19	0	0	19	30912	904	0	5	0	904
398	4291	1	1	5	1	1	1	0	14	11	3	20	30848	960	1024	4	1	960
398	4293	1	1	5	1	1	1	0	14	11	3	20	30848	960	1024	4	1	960
398	4294	1	1	5	1	1	1	0	14	11	3	20	30848	960	1024	4	1	960
398	4297	1	2	5	1	0	0	2	16	3	2	20	30848	896	0	5	0	896,960
398	4298	1	2	5	1	0	0	2	16	3	2	20	30848	896	0	5	0	896,960
398	4300	1	2	5	1	0	0	2	16	3	2	20	30848	896	0	5	0	896,960
398	4305	1	2	5	1	0	0	2	16	3	2	20	30848	896	0	5	0	896,960
398	4306	1	2	5	1	0	0	2	16	3	2	20	30848	896	0	5	0	896,960
398	4308	1	2	5	1	0	0	2	16	3	2	20	30848	896	0	5	0	896,960
398	4312	0	1	6	0	0	0	2	18	1	1	20	30848	896	0	6	0	896
398	4321	1	1	5	1	1	1	0	16	3	2	20	30848	960	1024	4	1	960
398	4322	1	1	5	1	1	1	0	16	3	2	20	30848	960	1024	4	1	960
398	4324	1	1	5	1	1	1	0	16	3	2	20	30848	960	1024	4	1	960
398	4328	1	2	5	1	0	0	2	18	1	1	20	30848	896	0	5	0	896,960
398	4336	1	2	5	1	0	0	2	18	1	1	20	30848	896	0	5	0	896,960
398	4359	2	1	4	1	2	4	0	13	11	3	19	30848	736	9856	2	2	736
398	4363	3	9	3	1	0	0	2	15	3	2	19	30848	912	0	3	0	286,410,612,736,912,920,960,968,992
398	4365	3	9	3	1	0	0	2	15	3	2	19	30848	912	0	3	0	286,410,612,736,912,920,960,968,992
398	4366	3	9	3	1	0	0	2	15	3	2	19	30848	912	0	3	0	286,410,612,736,912,920,960,968,992
398	4371	3	9	3	1	0	0	2	15	3	2	19	30848	912	0	3	0	286,410,612,736,912,920,960,968,992
398	4373	3	9	3	1	0	0	2	15	3	2	19	30848	912	0	3	0	286,410,612,736,912,920,960,968,992
398	4374	3	9	3	1	0	0	2	15	3	2	19	30848	912	0	3	0	286,410,612,736,912,920,960,968,992
398	4377	2	2	4	1	0	0	2	17	1	1	19	30848	912	0	4	0	912,920
398	4378	2	2	4	1	0	0	2	17	1	1	19	30848	912	0	4	0	912,920
398	4380	2	2	4	1	0	0	2	17	1	1	19	30848	912	0	4	0	912,920
398	4387	2	2	4	1	2	4	0	15	3	2	19	29464	286	17088	2	2	286,736
398	4389	2	2	4	1	2	4	0	15	3	2	19	29464	286	17088	2	2	286,736
398	4390	2	2	4	1	2	4	0	15	3	2	19	29464	286	17088	2	2	286,736
398	4393	3	15	3	1	0	0	3	17	1	1	19	29464	804	0	3	0	284,286,412,414,608,610,736,738,804,864,912,920,960,968,992
398	4394	3	15	3	1	0	0	3	17	1	1	19	29464	804	0	3	0	284,286,412,414,608,610,736,738,804,864,912,920,960,968,992
398	4396	3	15	3	1	0	0	3	17	1	1	19	29464	804	0	3	0	284,286,412,414,608,610,736,738,804,864,912,920,960,968,992
398	4401	3	15	3	1	0	0	3	17	1	1	19	29464	804	0	3	0	284,286,412,414,608,610,736,738,804,864,912,920,960,968,992
398	4402	3	15	3	1	0	0	3	17	1	1	19	29464	804	0	3	0	284,286,412,414,608,610,736,738,804,864,912,920,960,968,992
398	4404	3	15	3	1	0	0	3	17	1	1	19	29464	804	0	3	0	284,286,412,414,608,610,736,738,804,864,912,920,960,968,992
398	4408	2	4	4	1	0	0	3	19	0	0	19	29464	800	0	4	0	800,864,912,920
398	4419	2	1	4	1	1	2	0	12	77	4	20	30848	960	1152	3	1	960
398	4421	2	1	4	1	1	2	0	12	77	4	20	30848	960	1152	3	1	960
398	4422	2	1	4	1	1	2	0	12	77	4	20	30848	960	1152	3	1	960
398	4425	2	2	4	1	0	0	2	14	13	3	20	30848	912	0	4	0	912,960
398	4426	2	2	4	1	0	0	2	14	13	3	20	30848	912	0	4	0	912,960
398	4428	2	2	4	1	0	0	2	14	13	3	20	30848	912	0	4	0	912,960
398	4433	2	2	4	1	0	0	2	14	13	3	20	30848	912	0	4	0	912,960
398	4434	2	2	4	1	0	0	2	14	13	3	20	30848	912	0	4	0	912,960
398	4436	2	2	4	1	0	0	2	14	13	3	20	30848	912	0	4	0	912,960
398	4440	1	1	5	1	0	0	2	16	3	2	20	30848	912	0	5	0	912
398	4449	2	1	4	1	1	2	0	14	13	3	20	30848	960	1152	3	1	960
398	4450	2	1	4	1	1	2	0	14	13	3	20	30848	960	1152	3	1	960
398	4452	2	1	4	1	1	2	0	14	13	3	20	30848	960	1152	3	1	960
398	4456	2	2	4	1	0	0	2	16	3	2	20	30848	912	0	4	0	912,960
398	4464	2	2	4	1	0	0	2	16	3	2	20	30848	912	0	4	0	912,960
398	4483	2	2	4	1	1	1	0	14	76	3	20	30848	960	1024	3	1	960,976
398	4485	2	2	4	1	1	1	0	14	76	3	20	30848	960	1024	3	1	960,976
398	4486	2	2	4	1	1	1	0	14	76	3	20	30848	960	1024	3	1	960,976
398	4489	2	4	4	1	0	0	2	16	12	2	20	30848	896	0	4	0	896,912,960,976
398	4490	2	4	4	1	0	0	2	16	12	2	20	30848	896	0	4	0	896,912,960,976
398	4492	2	4	4	1	0	0	2	16	12	2	20	30848	896	0	4	0	896,912,960,976
398	4497	2	4	4	1	0	0	2	16	12	2	20	30848	896	0	4	0	896,912,960,976
398	4498	2	4	4	1	0	0	2	16	12	2	20	30848	896	0	4	0	896,912,960,976
398	4500	2	4	4	1	0	0	2	16	12	2	20	30848	896	0	4	0	896,912,960,976
398	4504	1	2	5	1	0	0	2	18	1	1	20	30848	896	0	5	0	896,912
398	4513	2	2	4	1	1	1	0	16	12	2	20	30848	960	1024	3	1	960,976
398	4514	2	2	4	1	1	1	0	16	12	2	20	30848	960	1024	3	1	960,976
398	4516	2	2	4	1	1	1	0	16	12	2	20	30848	960	1024	3	1	960,976
398	4520	2	5	4	1	0	0	3	18	1	1	20	29464	808	0	4	0	808,896,912,960,976
398	4528	2	5	4	1	0	0	3	18	1	1	20	29464	808	0	4	0	808,896,912,960,976
398	4545	1	1	5	1	1	1	0	13	86	4	21	30848	960	1024	4	1	960
398	4546	1	1	5	1	1	1	0	13	86	4	21	30848	960	1024	4	1	960
398	4548	1	1	5	1	1	1	0	13	86	4	21	30848	960	1024	4	1	960
398	4552	1	2	5	1	0	0	2	15	13	3	21	30848	896	0	5	0	896,960
398	4560	1	2	5	1	0	0	2	15	13	3	21	30848	896	0	5	0	896,960
398	4576	1	1	5	1	1	1	0	15	13	3	21	30848	960	1024	4	1	960
398	4615	2	1	4	1	2	4	0	13	11	3	19	30848	736	9600	2	2	736
398	4619	3	9	3	1	0	0	2	15	3	2	19	30848	912	0	3	0	286,410,612,736,912,920,960,968,992
398	4621	3	9	3	1	0	0	2	15	3	2	19	30848	912	0	3	0	286,410,612,736,912,920,960,968,992
398	4622	3	9	3	1	0	0	2	15	3	2	19	30848	912	0	3	0	286,410,612,736,912,920,960,968,992
398	4627	3	9	3	1	0	0	2	15	3	2	19	30848	912	0	3	0	286,410,612,736,912,920,960,968,992
398	4629	3	9	3	1	0	0	2	15	3	2	19	30848	912	0	3	0	286,410,612,736,912,920,960,968,992
398	4630	3	9	3	1	0	0	2	15	3	2	19	30848	912	0	3	0	286,410,612,736,912,920,960,968,992
398	4633	2	2	4	1	0	0	2	17	1	1	19	30848	912	0	4	0	912,920
398	4634	2	2	4	1	0	0	2	17	1	1	19	30848	912	0	4	0	912,920
398	4636	2	2	4	1	0	0	2	17	1	1	19	30848	912	0	4	0	912,920
398	4643	2	2	4	1	2	4	0	15	3	2	19	29464	286	16832	2	2	286,736
398	4645	2	2	4	1	2	4	0	15	3	2	19	29464	286	16832	2	2	286,736
398	4646	2	2	4	1	2	4	0	15	3	2	19	29464	286	16832	2	2	286,736
398	4649	3	15	3	1	0	0	3	17	1	1	19	29464	804	0	3	0	284,286,412,414,608,610,736,738,804,864,912,920,960,968,992
398	4650	3	15	3	1	0	0	3	17	1	1	19	29464	804	0	3	0	284,286,412,414,608,610,736,738,804,864,912,920,960,968,992
398	4652	3	15	3	1	0	0	3	17	1	1	19	29464	804	0	3	0	284,286,412,414,608,610,736,738,804,864,912,920,960,968,992
398	4657	3	15	3	1	0	0	3	17	1	1	19	29464	804	0	3	0	284,286,412,414,608,610,736,738,804,864,912,920,960,968,992
398	4658	3	15	3	1	0	0	3	17	1	1	19	29464	804	0	3	0	284,286,412,414,608,610,736,738,804,864,912,920,960,968,992
398	4660	3	15	3	1	0	0	3	17	1	1	19	29464	804	0	3	0	284,286,412,414,608,610,736,738,804,864,912,920,960,968,992
398	4664	2	4	4	1	0	0	3	19	0	0	19	29464	800	0	4	0	800,864,912,920
398	4675	2	1	4	1	1	2	0	12	77	4	20	30848	960	1152	3	1	960
398	4677	2	1	4	1	1	2	0	12	77	4	20	30848	960	1152	3	1	960
398	4678	2	1	4	1	1	2	0	12	77	4	20	30848	960	1152	3	1	960
398	4681	2	2	4	1	0	0	2	14	13	3	20	30848	912	0	4	0	912,960
398	4682	2	2	4	1	0	0	2	14	13	3	20	30848	912	0	4	0	912,960
398	4684	2	2	4	1	0	0	2	14	13	3	20	30848	912	0	4	0	912,960
398	4689	2	2	4	1	0	0	2	14	13	3	20	30848	912	0	4	0	912,960
398	4690	2	2	4	1	0	0	2	14	13	3	20	30848	912	0	4	0	912,960
398	4692	2	2	4	1	0	0	2	14	13	3	20	30848	912	0	4	0	912,960
398	4696	1	1	5	1	0	0	2	16	3	2	20	30848	912	0	5	0	912
398	4705	2	1	4	1	1	2	0	14	13	3	20	30848	960	1152	3	1	960
398	4706	2	1	4	1	1	2	0	14	13	3	20	30848	960	1152	3	1	960
398	4708	2	1	4	1	1	2	0	14	13	3	20	30848	960	1152	3	1	960
398	4712	2	2	4	1	0	0	2	16	3	2	20	30848	912	0	4	0	912,960
398	4720	2	2	4	1	0	0	2	16	3	2	20	30848	912	0	4	0	912,960
398	4739	2	2	4	1	1	1	0	14	76	3	20	30848	960	1024	3	1	960,976
398	4741	2	2	4	1	1	1	0	14	76	3	20	30848	960	1024	3	1	960,976
398	4742	2	2	4	1	1	1	0	14	76	3	20	30848	960	1024	3	1	960,976
398	4745	2	4	4	1	0	0	2	16	12	2	20	30848	896	0	4	0	896,912,960,976
398	4746	2	4	4	1	0	0	2	16	12	2	20	30848	896	0	4	0	896,912,960,976
398	4748	2	4	4	1	0	0	2	16	12	2	20	30848	896	0	4	0	896,912,960,976
398	4753	2	4	4	1	0	0	2	16	12	2	20	30848	896	0	4	0	896,912,960,976
398	4754	2	4	4	1	0	0	2	16	12	2	20	30848	896	0	4	0	896,912,960,976
398	4756	2	4	4	1	0	0	2	16	12	2	20	30848	896	0	4	0	896,912,960,976
398	4760	1	2	5	1	0	0	2	18	1	1	20	30848	896	0	5	0	896,912
398	4769	2	2	4	1	1	1	0	16	12	2	20	30848	960	1024	3	1	960,976
398	4770	2	2	4	1	1	1	0	16	12	2	20	30848	960	1024	3	1	960,976
398	4772	2	2	4	1	1	1	0	16	12	2	20	30848	960	1024	3	1	960,976
398	4776	2	5	4	1	0	0	3	18	1	1	20	29464	808	0	4	0	808,896,912,960,976
398	4784	2	5	4	1	0	0	3	18	1	1	20	29464	808	0	4	0	808,896,912,960,976
398	4801	1	1	5	1	1	1	0	13	86	4	21	30848	960	1024	4	1	960
398	4802	1	1	5	1	1	1	0	13	86	4	21	30848	960	1024	4	1	960
398	4804	1	1	5	1	1	1	0	13	86	4	21	30848	960	1024	4	1	960
398	4808	1	2	5	1	0	0	2	15	13	3	21	30848	896	0	5	0	896,960
398	4816	1	2	5	1	0	0	2	15	13	3	21	30848	896	0	5	0	896,960
398	4832	1	1	5	1	1	1	0	15	13	3	21	30848	960	1024	4	1	960
398	4867	1	1	5	1	2	2	0	16	3	2	20	30848	960	1152	3	2	960
398	4869	1	1	5	1	2	2	0	16	3	2	20	30848	960	1152	3	2	960
398	4870	1	1	5	1	2	2	0	16	3	2	20	30848	960	1152	3	2	960
398	4873	1	1	5	1	1	2	0	18	1	1	20	30848	960	1152	4	1	960
398	4874	1	1	5	1	1	2	0	18	1	1	20	30848	960	1152	4	1	960
398	4876	1	1	5	1	1	2	0	18	1	1	20	30848	960	1152	4	1	960
398	4881	1	1	5	1	1	2	0	18	1	1	20	30848	960	1152	4	1	960
398	4882	1	1	5	1	1	2	0	18	1	1	20	30848	960	1152	4	1	960
398	4884	1	1	5	1	1	2	0	18	1	1	20	30848	960	1152	4	1	960
398	4888	1	3	5	1	0	0	1	20	0	0	20	30848	928	0	5	0	896,928,960
398	4897	1	1	5	1	2	2	0	18	1	1	20	30848	960	1152	3	2	960
398	4898	1	1	5	1	2	2	0	18	1	1	20	30848	960	1152	3	2	960
398	4900	1	1	5	1	2	2	0	18	1	1	20	30848	960	1152	3	2	960
398	4904	1	1	5	1	1	2	0	20	0	0	20	30848	960	1152	4	1	960
398	4912	1	1	5	1	1	2	0	20	0	0	20	30848	960	1152	4	1	960
398	4929	1	1	5	1	2	2	0	13	77	4	21	30848	960	1152	3	2	960
398	4930	1	1	5	1	2	2	0	13	77	4	21	30848	960	1152	3	2	960
398	4932	1	1	5	1	2	2	0	13	77	4	21	30848	960	1152	3	2	960
398	4936	1	1	5	1	1	2	0	15	11	3	21	30848	960	1152	4	1	960
398	4944	1	1	5	1	1	2	0	15	11	3	21	30848	960	1152	4	1	960
398	4960	1	1	5	1	2	2	0	15	11	3	21	30848	960	1152	3	2	960
398	4993	1	1	5	1	1	1	0	15	76	3	21	30848	960	1024	4	1	960
398	4994	1	1	5	1	1	1	0	15	76	3	21	30848	960	1024	4	1	960
398	4996	1	1	5	1	1	1	0	15	76	3	21	30848	960	1024	4	1	960
398	5000	1	2	5	1	0	0	1	17	3	2	21	30848	896	0	5	0	896,960
398	5008	1	2	5	1	0	0	1	17	3	2	21	30848	896	0	5	0	896,960
398	5024	1	1	5	1	1	1	0	17	3	2	21	30848	960	1024	4	1	960
398	5056	1	1	5	1	1	1	0	12	94	5	22	30848	960	1024	4	1	960
398	5127	2	1	4	1	0	0	1	12	75	4	20	30912	920	0	4	0	920
398	5131	2	1	4	1	0	0	1	12	77	4	20	30912	920	0	4	0	920
398	5133	2	1	4	1	0	0	1	12	77	4	20	30912	920	0	4	0	920
398	5134	2	1	4	1	0	0	1	12	77	4	20	30912	920	0	4	0	920
398	5139	2	1	4	1	0	0	1	12	77	4	20	30912	920	0	4	0	920
398	5141	2	1	4	1	0	0	1	12	77	4	20	30912	920	0	4	0	920
398	5142	2	1	4	1	0	0	1	12	77	4	20	30912	920	0	4	0	920
398	5145	2	1	4	1	0	0	1	12	77	4	20	30912	920	0	4	0	920
398	5146	2	1	4	1	0	0	1	12	77	4	20	30912	920	0	4	0	920
398	5148	2	1	4	1	0	0	1	12	77	4	20	30912	920	0	4	0	920
398	5155	2	1	4	1	0	0	1	14	11	3	20	30912	920	0	4	0	920
398	5157	2	1	4	1	0	0	1	14	11	3	20	30912	920	0	4	0	920
398	5158	2	1	4	1	0	0	1	14	11	3	20	30912	920	0	4	0	920
398	5161	2	1	4	1	0	0	1	14	13	3	20	30912	920	0	4	0	920
398	5162	2	1	4	1	0	0	1	14	13	3	20	30912	920	0	4	0	920
398	5164	2	1	4	1	0	0	1	14	13	3	20	30912	920	0	4	0	920
398	5169	2	1	4	1	0	0	1	14	13	3	20	30912	920	0	4	0	920
398	5170	2	1	4	1	0	0	1	14	13	3	20	30912	920	0	4	0	920
398	5172	2	1	4	1	0	0	1	14	13	3	20	30912	920	0	4	0	920
398	5176	2	2	4	1	0	0	2	14	11	3	20	29464	864	0	4	0	864,920
398	5187	1	1	5	1	0	0	2	13	75	4	21	30848	912	0	5	0	912
398	5189	1	1	5	1	0	0	2	13	75	4	21	30848	912	0	5	0	912
398	5190	1	1	5	1	0	0	2	13	75	4	21	30848	912	0	5	0	912
398	5193	1	1	5	1	0	0	2	13	77	4	21	30848	912	0	5	0	912
398	5194	1	1	5	1	0	0	2	13	77	4	21	30848	912	0	5	0	912
398	5196	1	1	5	1	0	0	2	13	77	4	21	30848	912	0	5	0	912
398	5201	1	1	5	1	0	0	2	13	77	4	21	30848	912	0	5	0	912
398	5202	1	1	5	1	0	0	2	13	77	4	21	30848	912	0	5	0	912
398	5204	1	1	5	1	0	0	2	13	77	4	21	30848	912	0	5	0	912
398	5208	1	1	5	1	0	0	2	13	77	4	21	30848	912	0	5	0	912
398	5217	1	1	5	1	0	0	2	15	11	3	21	30848	912	0	5	0	912
398	5218	1	1	5	1	0	0	2	15	11	3	21	30848	912	0	5	0	912
398	5220	1	1	5	1	0	0	2	15	11	3	21	30848	912	0	5	0	912
398	5224	1	1	5	1	0	0	2	15	13	3	21	30848	912	0	5	0	912
398	5232	1	1	5	1	0	0	2	15	13	3	21	30848	912	0	5	0	912
398	5251	1	1	5	1	0	0	1	13	77	4	21	30912	912	0	5	0	912
398	5253	1	1	5	1	0	0	1	13	77	4	21	30912	912	0	5	0	912
398	5254	1	1	5	1	0	0	1	13	77	4	21	30912	912	0	5	0	912
398	5257	1	1	5	1	0	0	1	13	77	4	21	30912	912	0	5	0	912
398	5258	1	1	5	1	0	0	1	13	77	4	21	30912	912	0	5	0	912
398	5260	1	1	5	1	0	0	1	13	77	4	21	30912	912	0	5	0	912
398	5265	1	1	5	1	0	0	1	13	77	4	21	30912	912	0	5	0	912
398	5266	1	1	5	1	0	0	1	13	77	4	21	30912	912	0	5	0	912
398	5268	1	1	5	1	0	0	1	13	77	4	21	30912	912	0	5	0	912
398	5272	1	1	5	1	0	0	1	13	75	4	21	30912	912	0	5	0	912
398	5281	1	1	5	1	0	0	1	15	13	3	21	30912	912	0	5	0	912
398	5282	1	1	5	1	0	0	1	15	13	3	21	30912	912	0	5	0	912
398	5284	1	1	5	1	0	0	1	15	13	3	21	30912	912	0	5	0	912
398	5288	1	1	5	1	0	0	1	15	11	3	21	30912	912	0	5	0	912
398	5296	1	1	5	1	0	0	1	15	11	3	21	30912	912	0	5	0	912
398	5313	0	1	6	0	0	0	2	14	77	4	22	30848	896	0	6	0	896
398	5314	0	1	6	0	0	0	2	14	77	4	22	30848	896	0	6	0	896
398	5316	0	1	6	0	0	0	2	14	77	4	22	30848	896	0	6	0	896
398	5320	0	1	6	0	0	0	2	14	77	4	22	30848	896	0	6	0	896
398	5328	0	1	6	0	0	0	2	14	77	4	22	30848	896	0	6	0	896
398	5344	0	1	6	0	0	0	2	16	13	3	22	30848	896	0	6	0	896
398	5379	2	5	4	1	0	0	2	15	11	3	21	30848	928	0	4	0	896,912,928,944,960
398	5381	2	5	4	1	0	0	2	15	11	3	21	30848	928	0	4	0	896,912,928,944,960
398	5382	2	5	4	1	0	0	2	15	11	3	21	30848	928	0	4	0	896,912,928,944,960
398	5385	2	5	4	1	0	0	2	15	13	3	21	30848	928	0	4	0	896,912,928,944,960
398	5386	2	5	4	1	0	0	2	15	13	3	21	30848	928	0	4	0	896,912,928,944,960
398	5388	2	5	4	1	0	0	2	15	13	3	21	30848	928	0	4	0	896,912,928,944,960
398	5393	2	5	4	1	0	0	2	15	13	3	21	30848	928	0	4	0	896,912,928,944,960
398	5394	2	5	4	1	0	0	2	15	13	3	21	30848	928	0	4	0	896,912,928,944,960
398	5396	2	5	4	1	0	0	2	15	13	3	21	30848	928	0	4	0	896,912,928,944,960
398	5400	2	6	4	1	0	0	3	15	11	3	21	29464	832	0	4	0	832,896,912,928,944,960
398	5409	2	5	4	1	0	0	2	17	3	2	21	30848	928	0	4	0	896,912,928,944,960
398	5410	2	5	4	1	0	0	2	17	3	2	21	30848	928	0	4	0	896,912,928,944,960
398	5412	2	5	4	1	0	0	2	17	3	2	21	30848	928	0	4	0	896,912,928,944,960
398	5416	2	7	4	1	0	0	3	17	3	2	21	29464	840	0	4	0	832,840,896,912,928,944,960
398	5424	2	7	4	1	0	0	3	17	3	2	21	29464	840	0	4	0	832,840,896,912,928,944,960
398	5441	1	2	5	1	0	0	2	14	77	4	22	30848	928	0	5	0	896,928
398	5442	1	2	5	1	0	0	2	14	77	4	22	30848	928	0	5	0	896,928
398	5444	1	2	5	1	0	0	2	14	77	4	22	30848	928	0	5	0	896,928
398	5448	1	2	5	1	0	0	2	14	86	4	22	30848	928	0	5	0	896,928
398	5456	1	2	5	1	0	0	2	14	86	4	22	30848	928	0	5	0	896,928
398	5472	1	2	5	1	0	0	2	16	13	3	22	30848	928	0	5	0	896,928
398	5505	1	2	5	1	0	0	2	14	86	4	22	30848	896	0	5	0	896,928
398	5506	1	2	5	1	0	0	2	14	86	4	22	30848	896	0	5	0	896,928
398	5508	1	2	5	1	0	0	2	14	86	4	22	30848	896	0	5	0	896,928
398	5512	1	2	5	1	0	0	2	14	77	4	22	30848	896	0	5	0	896,928
398	5520	1	2	5	1	0	0	2	14	77	4	22	30848	896	0	5	0	896,928
398	5536	1	2	5	1	0	0	2	16	13	3	22	30848	896	0	5	0	896,928
398	5568	0	1	6	0	0	0	2	15	236	5	23	30848	896	0	6	0	896
398	5635	2	5	4	1	0	0	2	15	11	3	21	30848	928	0	4	0	896,912,928,944,960
398	5637	2	5	4	1	0	0	2	15	11	3	21	30848	928	0	4	0	896,912,928,944,960
398	5638	2	5	4	1	0	0	2	15	11	3	21	30848	928	0	4	0	896,912,928,944,960
398	5641	2	5	4	1	0	0	2	15	13	3	21	30848	928	0	4	0	896,912,928,944,960
398	5642	2	5	4	1	0	0	2	15	13	3	21	30848	928	0	4	0	896,912,928,944,960
398	5644	2	5	4	1	0	0	2	15	13	3	21	30848	928	0	4	0	896,912,928,944,960
398	5649	2	5	4	1	0	0	2	15	13	3	21	30848	928	0	4	0	896,912,928,944,960
398	5650	2	5	4	1	0	0	2	15	13	3	21	30848	928	0	4	0	896,912,928,944,960
398	5652	2	5	4	1	0	0	2	15	13	3	21	30848	928	0	4	0	896,912,928,944,960
398	5656	2	6	4	1	0	0	3	15	11	3	21	29464	832	0	4	0	832,896,912,928,944,960
398	5665	2	5	4	1	0	0	2	17	3	2	21	30848	928	0	4	0	896,912,928,944,960
398	5666	2	5	4	1	0	0	2	17	3	2	21	30848	928	0	4	0	896,912,928,944,960
398	5668	2	5	4	1	0	0	2	17	3	2	21	30848	928	0	4	0	896,912,928,944,960
398	5672	2	7	4	1	0	0	3	17	3	2	21	29464	840	0	4	0	832,840,896,912,928,944,960
398	5680	2	7	4	1	0	0	3	17	3	2	21	29464	840	0	4	0	832,840,896,912,928,944,960
398	5697	1	2	5	1	0	0	2	14	77	4	22	30848	928	0	5	0	896,928
398	5698	1	2	5	1	0	0	2	14	77	4	22	30848	928	0	5	0	896,928
398	5700	1	2	5	1	0	0	2	14	77	4	22	30848	928	0	5	0	896,928
398	5704	1	2	5	1	0	0	2	14	86	4	22	30848	928	0	5	0	896,928
398	5712	1	2	5	1	0	0	2	14	86	4	22	30848	928	0	5	0	896,928
398	5728	1	2	5	1	0	0	2	16	13	3	22	30848	928	0	5	0	896,928
398	5761	1	2	5	1	0	0	2	14	86	4	22	30848	896	0	5	0	896,928
398	5762	1	2	5	1	0	0	2	14	86	4	22	30848	896	0	5	0	896,928
398	5764	1	2	5	1	0	0	2	14	86	4	22	30848	896	0	5	0	896,928
398	5768	1	2	5	1	0	0	2	14	77	4	22	30848	896	0	5	0	896,928
398	5776	1	2	5	1	0	0	2	14	77	4	22	30848	896	0	5	0	896,928
398	5792	1	2	5	1	0	0	2	16	13	3	22	30848	896	0	5	0	896,928
398	5824	0	1	6	0	0	0	2	15	236	5	23	30848	896	0	6	0	896
398	5889	0	1	6	0	1	1	0	18	3	2	22	30848	896	128	5	1	896
398	5890	0	1	6	0	1	1	0	18	3	2	22	30848	896	128	5	1	896
398	5892	0	1	6	0	1	1	0	18	3	2	22	30848	896	128	5	1	896
398	5896	0	1	6	0	1	1	0	18	3	2	22	30848	896	128	5	1	896
398	5904	0	1	6	0	1	1	0	18	3	2	22	30848	896	128	5	1	896
398	5920	0	1	6	0	1	1	0	20	1	1	22	30848	896	128	5	1	896
398	5952	0	1	6	0	1	1	0	15	77	4	23	30848	896	128	5	1	896
398	6016	0	1	6	0	0	0	1	15	77	4	23	30848	896	0	6	0	896
398	6151	1	2	5	1	3	3	0	13	75	4	21	30912	283	16408	2	3	736,740
398	6155	2	4	4	1	1	2	0	13	77	4	21	30912	282	16400	3	1	282,286,736,740
398	6157	2	4	4	1	1	2	0	13	77	4	21	30912	282	16400	3	1	282,286,736,740
398	6158	2	4	4	1	1	2	0	13	77	4	21	30912	282	16400	3	1	282,286,736,740
398	6163	2	4	4	1	1	2	0	13	77	4	21	30912	282	16392	3	1	282,286,736,740
398	6165	2	4	4	1	1	2	0	13	77	4	21	30912	282	16392	3	1	282,286,736,740
398	6166	2	4	4	1	1	2	0	13	77	4	21	30912	282	16392	3	1	282,286,736,740
398	6169	2	1	4	1	0	0	1	13	77	4	21	30912	792	0	4	0	792
398	6170	2	1	4	1	0	0	1	13	77	4	21	30912	792	0	4	0	792
398	6172	2	1	4	1	0	0	1	13	77	4	21	30912	792	0	4	0	792
398	6179	1	2	5	1	3	3	0	13	77	4	21	30912	286	16408	2	3	286,736
398	6181	1	2	5	1	3	3	0	13	77	4	21	30912	286	16408	2	3	286,736
398	6182	1	2	5	1	3	3	0	13	77	4	21	30912	286	16408	2	3	286,736
398	6185	2	4	4	1	1	2	0	13	77	4	21	30912	284	16400	3	1	284,286,736,738
398	6186	2	4	4	1	1	2	0	13	77	4	21	30912	284	16400	3	1	284,286,736,738
398	6188	2	4	4	1	1	2	0	13	77	4	21	30912	284	16400	3	1	284,286,736,738
398	6193	2	4	4	1	1	2	0	13	77	4	21	30912	284	16392	3	1	284,286,736,738
398	6194	2	4	4	1	1	2	0	13	77	4	21	30912	284	16392	3	1	284,286,736,738
398	6196	2	4	4	1	1	2	0	13	77	4	21	30912	284	16392	3	1	284,286,736,738
398	6200	2	1	4	1	0	0	1	13	75	4	21	30912	792	0	4	0	792
398	6211	2	4	4	1	1	3	0	14	75	4	22	30848	278	16408	3	1	278,286,736,744
398	6213	2	4	4	1	1	3	0	14	75	4	22	30848	278	16408	3	1	278,286,736,744
398	6214	2	4	4	1	1	3	0	14	75	4	22	30848	278	16408	3	1	278,286,736,744
398	6217	2	2	4	1	0	0	2	14	77	4	22	30848	784	0	4	0	784,788
398	6218	2	2	4	1	0	0	2	14	77	4	22	30848	784	0	4	0	784,788
398	6220	2	2	4	1	0	0	2	14	77	4	22	30848	784	0	4	0	784,788
398	6225	2	2	4	1	0	0	2	14	77	4	22	30848	784	0	4	0	784,788
398	6226	2	2	4	1	0	0	2	14	77	4	22	30848	784	0	4	0	784,788
398	6228	2	2	4	1	0	0	2	14	77	4	22	30848	784	0	4	0	784,788
398	6232	1	1	5	1	0	0	2	14	77	4	22	30848	784	0	5	0	784
398	6241	2	4	4	1	1	3	0	14	77	4	22	30848	284	16408	3	1	284,286,736,738
398	6242	2	4	4	1	1	3	0	14	77	4	22	30848	284	16408	3	1	284,286,736,738
398	6244	2	4	4	1	1	3	0	14	77	4	22	30848	284	16408	3	1	284,286,736,738
398	6248	2	2	4	1	0	0	2	14	77	4	22	30848	784	0	4	0	784,792
398	6256	2	2	4	1	0	0	2	14	77	4	22	30848	784	0	4	0	784,792
398	6275	2	5	4	1	1	1	0	16	11	3	22	30912	912	1024	3	1	278,286,736,744,912
398	6277	2	5	4	1	1	1	0	16	11	3	22	30912	912	1024	3	1	278,286,736,744,912
398	6278	2	5	4	1	1	1	0	16	11	3	22	30912	912	1024	3	1	278,286,736,744,912
398	6281	2	3	4	1	0	0	1	16	13	3	22	30912	784	0	4	0	784,788,912
398	6282	2	3	4	1	0	0	1	16	13	3	22	30912	784	0	4	0	784,788,912
398	6284	2	3	4	1	0	0	1	16	13	3	22	30912	784	0	4	0	784,788,912
398	6289	2	3	4	1	0	0	1	16	13	3	22	30912	784	0	4	0	784,788,912
398	6290	2	3	4	1	0	0	1	16	13	3	22	30912	784	0	4	0	784,788,912
398	6292	2	3	4	1	0	0	1	16	13	3	22	30912	784	0	4	0	784,788,912
398	6296	1	1	5	1	0	0	1	16	11	3	22	30912	784	0	5	0	784
398	6305	2	5	4	1	1	1	0	16	13	3	22	30912	912	1024	3	1	284,286,736,738,912
398	6306	2	5	4	1	1	1	0	16	13	3	22	30912	912	1024	3	1	284,286,736,738,912
398	6308	2	5	4	1	1	1	0	16	13	3	22	30912	912	1024	3	1	284,286,736,738,912
398	6312	2	3	4	1	0	0	1	16	11	3	22	30912	784	0	4	0	784,792,912
398	6320	2	3	4	1	0	0	1	16	11	3	22	30912	784	0	4	0	784,792,912
398	6337	1	1	5	1	1	1	0	17	11	3	23	30848	896	1024	4	1	896
398	6338	1	1	5	1	1	1	0	17	11	3	23	30848	896	1024	4	1	896
398	6340	1	1	5	1	1	1	0	17	11	3	23	30848	896	1024	4	1	896
398	6344	1	3	5	1	0	0	2	17	13	3	23	30848	768	0	5	0	768,776,896
398	6352	1	3	5	1	0	0	2	17	13	3	23	30848	768	0	5	0	768,776,896
398	6368	1	1	5	1	1	1	0	17	13	3	23	30848	896	1024	4	1	896
398	6403	2	5	4	1	2	3	0	14	77	4	22	29464	960	1048	2	2	310,318,704,712,960
398	6405	2	5	4	1	2	3	0	14	77	4	22	29464	960	1048	2	2	310,318,704,712,960
398	6406	2	5	4	1	2	3	0	14	77	4	22	29464	960	1048	2	2	310,318,704,712,960
398	6409	2	1	4	1	1	2	0	14	77	4	22	29464	960	1040	3	1	960
398	6410	2	1	4	1	1	2	0	14	77	4	22	29464	960	1040	3	1	960
398	6412	2	1	4	1	1	2	0	14	77	4	22	29464	960	1040	3	1	960
398	6417	2	1	4	1	1	2	0	14	77	4	22	29464	960	1032	3	1	960
398	6418	2	1	4	1	1	2	0	14	77	4	22	29464	960	1032	3	1	960
398	6420	2	1	4	1	1	2	0	14	77	4	22	29464	960	1032	3	1	960
398	6424	2	4	4	1	0	0	3	14	75	4	22	29464	832	0	4	0	800,816,832,960
398	6433	2	5	4	1	2	3	0	14	77	4	22	29464	960	1048	2	2	316,318,704,706,960
398	6434	2	5	4	1	2	3	0	14	77	4	22	29464	960	1048	2	2	316,318,704,706,960
398	6436	2	5	4	1	2	3	0	14	77	4	22	29464	960	1048	2	2	316,318,704,706,960
398	6440	2	1	4	1	1	2	0	14	75	4	22	29464	960	1040	3	1	960
398	6448	2	1	4	1	1	2	0	14	75	4	22	29464	960	1032	3	1	960
398	6465	2	2	4	1	1	2	0	13	94	5	23	30848	896	1152	3	1	896,960
398	6466	2	2	4	1	1	2	0	13	94	5	23	30848	896	1152	3	1	896,960
398	6468	2	2	4	1	1	2	0	13	94	5	23	30848	896	1152	3	1	896,960
398	6472	2	4	4	1	0	0	2	13	94	5	23	30848	800	0	4	0	800,808,896,960
398	6480	2	4	4	1	0	0	2	13	94	5	23	30848	800	0	4	0	800,808,896,960
398	6496	2	2	4	1	1	2	0	13	94	5	23	30848	896	1152	3	1	896,960
398	6529	2	3	4	1	1	1	0	15	86	4	23	30848	896	1024	3	1	896,928,960
398	6530	2	3	4	1	1	1	0	15	86	4	23	30848	896	1024	3	1	896,928,960
398	6532	2	3	4	1	1	1	0	15	86	4	23	30848	896	1024	3	1	896,928,960
398	6536	2	9	4	1	0	0	3	15	77	4	23	29464	840	0	4	0	768,776,800,808,832,840,896,928,960
398	6544	2	9	4	1	0	0	3	15	77	4	23	29464	840	0	4	0	768,776,800,808,832,840,896,928,960
398	6560	2	3	4	1	1	1	0	15	77	4	23	30848	896	1024	3	1	896,928,960
398	6592	1	1	5	1	1	1	0	14	94	5	24	30848	896	1024	4	1	896
398	6659	2	5	4	1	2	3	0	14	77	4	22	29464	960	1048	2	2	310,318,704,712,960
398	6661	2	5	4	1	2	3	0	14	77	4	22	29464	960	1048	2	2	310,318,704,712,960
398	6662	2	5	4	1	2	3	0	14	77	4	22	29464	960	1048	2	2	310,318,704,712,960
398	6665	2	1	4	1	1	2	0	14	77	4	22	29464	960	1040	3	1	960
398	6666	2	1	4	1	1	2	0	14	77	4	22	29464	960	1040	3	1	960
398	6668	2	1	4	1	1	2	0	14	77	4	22	29464	960	1040	3	1	960
398	6673	2	1	4	1	1	2	0	14	77	4	22	29464	960	1032	3	1	960
398	6674	2	1	4	1	1	2	0	14	77	4	22	29464	960	1032	3	1	960
398	6676	2	1	4	1	1	2	0	14	77	4	22	29464	960	1032	3	1	960
398	6680	2	4	4	1	0	0	3	14	75	4	22	29464	832	0	4	0	800,816,832,960
398	6689	2	5	4	1	2	3	0	14	77	4	22	29464	960	1048	2	2	316,318,704,706,960
398	6690	2	5	4	1	2	3	0	14	77	4	22	29464	960	1048	2	2	316,318,704,706,960
398	6692	2	5	4	1	2	3	0	14	77	4	22	29464	960	1048	2	2	316,318,704,706,960
398	6696	2	1	4	1	1	2	0	14	75	4	22	29464	960	1040	3	1	960
398	6704	2	1	4	1	1	2	0	14	75	4	22	29464	960	1032	3	1	960
398	6721	2	2	4	1	1	2	0	13	94	5	23	30848	896	1152	3	1	896,960
398	6722	2	2	4	1	1	2	0	13	94	5	23	30848	896	1152	3	1	896,960
398	6724	2	2	4	1	1	2	0	13	94	5	23	30848	896	1152	3	1	896,960
398	6728	2	4	4	1	0	0	2	13	94	5	23	30848	800	0	4	0	800,808,896,960
398	6736	2	4	4	1	0	0	2	13	94	5	23	30848	800	0	4	0	800,808,896,960
398	6752	2	2	4	1	1	2	0	13	94	5	23	30848	896	1152	3	1	896,960
398	6785	2	3	4	1	1	1	0	15	86	4	23	30848	896	1024	3	1	896,928,960
398	6786	2	3	4	1	1	1	0	15	86	4	23	30848	896	1024	3	1	896,928,960
398	6788	2	3	4	1	1	1	0	15	86	4	23	30848	896	1024	3	1	896,928,960
398	6792	2	9	4	1	0	0	3	15	77	4	23	29464	840	0	4	0	768,776,800,808,832,840,896,928,960
398	6800	2	9	4	1	0	0	3	15	77	4	23	29464	840	0	4	0	768,776,800,808,832,840,896,928,960
398	6816	2	3	4	1	1	1	0	15	77	4	23	30848	896	1024	3	1	896,928,960
398	6848	1	1	5	1	1	1	0	14	94	5	24	30848	896	1024	4	1	896
398	6913	1	1	5	1	2	2	0	15	77	4	23	30848	896	1152	3	2	896
398	6914	1	1	5	1	2	2	0	15	77	4	23	30848	896	1152	3	2	896
398	6916	1	1	5	1	2	2	0	15	77	4	23	30848	896	1152	3	2	896
398	6920	1	1	5	1	1	2	0	15	75	4	23	29464	896	1040	4	1	896
398	6928	1	1	5	1	1	2	0	15	75	4	23	29464	896	1032	4	1	896
398	6944	1	1	5	1	2	2	0	15	75	4	23	30848	896	1152	3	2	896
398	6976	1	1	5	1	2	2	0	12	222	6	24	30848	896	1152	3	2	896
398	7040	1	1	5	1	1	1	0	14	94	5	24	30848	896	1024	4	1	896
398	7171	2	6	4	1	0	0	1	15	75	4	23	30912	816	0	4	0	310,318,704,712,816,960
398	7173	2	6	4	1	0	0	1	15	75	4	23	30912	816	0	4	0	310,318,704,712,816,960
398	7174	2	6	4	1	0	0	1	15	75	4	23	30912	816	0	4	0	310,318,704,712,816,960
398	7177	2	2	4	1	0	0	1	13	94	5	23	30912	816	0	4	0	816,960
398	7178	2	2	4	1	0	0	1	13	94	5	23	30912	816	0	4	0	816,960
398	7180	2	2	4	1	0	0	1	13	94	5	23	30912	816	0	4	0	816,960
398	7185	2	2	4	1	0	0	1	13	94	5	23	30912	816	0	4	0	816,960
398	7186	2	2	4	1	0	0	1	13	94	5	23	30912	816	0	4	0	816,960
398	7188	2	2	4	1	0	0	1	13	94	5	23	30912	816	0	4	0	816,960
398	7192	2	2	4	1	0	0	2	11	222	6	23	29464	960	0	4	0	816,960
398	7201	2	6	4	1	0	0	1	15	77	4	23	30912	816	0	4	0	316,318,704,706,816,960
398	7202	2	6	4	1	0	0	1	15	77	4	23	30912	816	0	4	0	316,318,704,706,816,960
398	7204	2	6	4	1	0	0	1	15	77	4	23	30912	816	0	4	0	316,318,704,706,816,960
398	7208	2	2	4	1	0	0	1	13	94	5	23	30912	816	0	4	0	816,960
398	7216	2	2	4	1	0	0	1	13	94	5	23	30912	816	0	4	0	816,960
398	7233	1	1	5	1	0	0	2	16	75	4	24	30848	800	0	5	0	800
398	7234	1	1	5	1	0	0	2	16	75	4	24	30848	800	0	5	0	800
398	7236	1	1	5	1	0	0	2	16	75	4	24	30848	800	0	5	0	800
398	7240	1	1	5	1	0	0	2	14	94	5	24	30848	800	0	5	0	800
398	7248	1	1	5	1	0	0	2	14	94	5	24	30848	800	0	5	0	800
398	7264	1	1	5	1	0	0	2	16	77	4	24	30848	800	0	5	0	800
398	7297	1	1	5	1	0	0	1	16	77	4	24	30912	800	0	5	0	800
398	7298	1	1	5	1	0	0	1	16	77	4	24	30912	800	0	5	0	800
398	7300	1	1	5	1	0	0	1	16	77	4	24	30912	800	0	5	0	800
398	7304	1	1	5	1	0	0	1	14	94	5	24	30912	800	0	5	0	800
398	7312	1	1	5	1	0	0	1	14	94	5	24	30912	800	0	5	0	800
398	7328	1	1	5	1	0	0	1	16	86	4	24	30912	800	0	5	0	800
398	7360	0	1	6	0	0	0	2	17	77	4	25	30848	768	0	6	0	768
398	7425	1	1	5	1	1	2	0	16	77	4	24	29464	896	24	3	2	896
398	7426	1	1	5	1	1	2	0	16	77	4	24	29464	896	24	3	2	896
398	7428	1	1	5	1	1	2	0	16	77	4	24	29464	896	24	3	2	896
398	7432	1	1	5	1	1	1	0	14	94	5	24	29464	896	16	4	1	896
398	7440	1	1	5	1	1	1	0	14	94	5	24	29464	896	8	4	1	896
398	7456	1	1	5	1	1	2	0	16	77	4	24	29464	896	24	3	2	896
398	7488	1	3	5	1	0	0	2	15	94	5	25	30848	832	0	5	0	768,832,896
398	7552	1	3	5	1	0	0	2	17	236	5	25	30848	768	0	5	0	768,832,896
398	7681	1	1	5	1	1	2	0	16	77	4	24	29464	896	24	3	2	896
398	7682	1	1	5	1	1	2	0	16	77	4	24	29464	896	24	3	2	896
398	7684	1	1	5	1	1	2	0	16	77	4	24	29464	896	24	3	2	896
398	7688	1	1	5	1	1	1	0	14	94	5	24	29464	896	16	4	1	896
398	7696	1	1	5	1	1	1	0	14	94	5	24	29464	896	8	4	1	896
398	7712	1	1	5	1	1	2	0	16	77	4	24	29464	896	24	3	2	896
398	7744	1	3	5	1	0	0	2	15	94	5	25	30848	832	0	5	0	768,832,896
398	7808	1	3	5	1	0	0	2	17	236	5	25	30848	768	0	5	0	768,832,896
398	7936	0	1	6	0	1	1	0	17	77	4	25	30848	768	128	5	1	768
398	8207	3	7	3	1	0	0	1	13	11	3	19	29464	817	0	3	0	204,206,708,716,752,880,882
398	8215	3	7	3	1	0	0	1	13	11	3	19	29464	817	0	3	0	204,206,708,716,752,880,882
398	8219	2	4	4	1	0	0	1	15	3	2	19	29464	816	0	4	0	816,818,880,882
398	8221	2	4	4	1	0	0	1	15	3	2	19	29464	816	0	4	0	816,818,880,882
398	8222	2	4	4	1	0	0	1	15	3	2	19	29464	816	0	4	0	816,818,880,882
398	8231	3	5	3	1	0	0	1	11	75	4	19	29464	819	0	3	0	204,708,716,752,880
398	8235	2	2	4	1	0	0	1	13	11	3	19	29464	818	0	4	0	818,880
398	8237	2	2	4	1	0	0	1	13	11	3	19	29464	818	0	4	0	818,880
398	8238	2	2	4	1	0	0	1	13	11	3	19	29464	818	0	4	0	818,880
398	8243	2	2	4	1	0	0	1	13	11	3	19	29464	818	0	4	0	818,880
398	8245	2	2	4	1	0	0	1	13	11	3	19	29464	818	0	4	0	818,880
398	8246	2	2	4	1	0	0	1	13	11	3	19	29464	818	0	4	0	818,880
398	8249	1	2	5	1	0	0	1	15	3	2	19	29464	816	0	5	0	816,880
398	8250	1	2	5	1	0	0	1	15	3	2	19	29464	816	0	5	0	816,880
398	8252	1	2	5	1	0	0	1	15	3	2	19	29464	816	0	5	0	816,880
398	8263	2	5	4	1	2	2	0	14	11	3	20	29464	311	16416	2	2	704,712,720,736,752
398	8267	3	15	3	1	0	0	3	16	3	2	20	29464	818	0	3	0	270,286,302,310,318,704,712,720,736,752,818,822,880,884,904
398	8269	3	15	3	1	0	0	3	16	3	2	20	29464	818	0	3	0	270,286,302,310,318,704,712,720,736,752,818,822,880,884,904
398	8270	3	15	3	1	0	0	3	16	3	2	20	29464	818	0	3	0	270,286,302,310,318,704,712,720,736,752,818,822,880,884,904
398	8275	3	15	3	1	0	0	3	16	3	2	20	29464	818	0	3	0	270,286,302,310,318,704,712,720,736,752,818,822,880,884,904
398	8277	3	15	3	1	0	0	3	16	3	2	20	29464	818	0	3	0	270,286,302,310,318,704,712,720,736,752,818,822,880,884,904
398	8278	3	15	3	1	0	0	3	16	3	2	20	29464	818	0	3	0	270,286,302,310,318,704,712,720,736,752,818,822,880,884,904
398	8281	2	5	4	1	0	0	3	18	1	1	20	29464	816	0	4	0	816,820,880,884,904
398	8282	2	5	4	1	0	0	3	18	1	1	20	29464	816	0	4	0	816,820,880,884,904
398	8284	2	5	4	1	0	0	3	18	1	1	20	29464	816	0	4	0	816,820,880,884,904
398	8291	3	12	3	1	0	0	1	14	11	3	20	29464	822	0	3	0	270,286,302,310,318,704,712,720,736,752,822,880
398	8293	3	12	3	1	0	0	1	14	11	3	20	29464	822	0	3	0	270,286,302,310,318,704,712,720,736,752,822,880
398	8294	3	12	3	1	0	0	1	14	11	3	20	29464	822	0	3	0	270,286,302,310,318,704,712,720,736,752,822,880
398	8297	2	2	4	1	0	0	1	16	3	2	20	29464	820	0	4	0	820,880
398	8298	2	2	4	1	0	0	1	16	3	2	20	29464	820	0	4	0	820,880
398	8300	2	2	4	1	0	0	1	16	3	2	20	29464	820	0	4	0	820,880
398	8305	2	2	4	1	0	0	1	16	3	2	20	29464	820	0	4	0	820,880
398	8306	2	2	4	1	0	0	1	16	3	2	20	29464	820	0	4	0	820,880
398	8308	2	2	4	1	0	0	1	16	3	2	20	29464	820	0	4	0	820,880
398	8312	1	2	5	1	0	0	1	18	1	1	20	29464	816	0	5	0	816,880
398	8327	1	1	5	1	2	2	0	14	11	3	20	29464	311	16416	3	2	712
398	8331	2	4	4	1	0	0	1	16	3	2	20	29464	818	0	4	0	310,712,818,822
398	8333	2	4	4	1	0	0	1	16	3	2	20	29464	818	0	4	0	310,712,818,822
398	8334	2	4	4	1	0	0	1	16	3	2	20	29464	818	0	4	0	310,712,818,822
398	8339	2	4	4	1	0	0	1	16	3	2	20	29464	818	0	4	0	310,712,818,822
398	8341	2	4	4	1	0	0	1	16	3	2	20	29464	818	0	4	0	310,712,818,822
398	8342	2	4	4	1	0	0	1	16	3	2	20	29464	818	0	4	0	310,712,818,822
398	8345	1	2	5	1	0	0	1	18	1	1	20	29464	816	0	5	0	816,820
398	8346	1	2	5	1	0	0	1	18	1	1	20	29464	816	0	5	0	816,820
398	8348	1	2	5	1	0	0	1	18	1	1	20	29464	816	0	5	0	816,820
398	8355	2	3	4	1	0	0	1	14	11	3	20	29464	822	0	4	0	310,712,822
398	8357	2	3	4	1	0	0	1	14	11	3	20	29464	822	0	4	0	310,712,822
398	8358	2	3	4	1	0	0	1	14	11	3	20	29464	822	0	4	0	310,712,822
398	8361	1	1	5	1	0	0	1	16	3	2	20	29464	820	0	5	0	820
398	8362	1	1	5	1	0	0	1	16	3	2	20	29464	820	0	5	0	820
398	8364	1	1	5	1	0	0	1	16	3	2	20	29464	820	0	5	0	820
398	8369	1	1	5	1	0	0	1	16	3	2	20	29464	820	0	5	0	820
398	8370	1	1	5	1	0	0	1	16	3	2	20	29464	820	0	5	0	820
398	8372	1	1	5	1	0	0	1	16	3	2	20	29464	820	0	5	0	820
398	8376	0	1	6	0	0	0	1	18	1	1	20	29464	816	0	6	0	816
398	8387	1	2	5	1	2	2	0	17	3	2	21	29464	318	16416	3	2	318,704
398	8389	1	2	5	1	2	2	0	17	3	2	21	29464	318	16416	3	2	318,704
398	8390	1	2	5	1	2	2	0	17	3	2	21	29464	318	16416	3	2	318,704
398	8393	2	8	4	1	0	0	3	19	1	1	21	29464	820	0	4	0	316,318,704,706,820,828,896,960
398	8394	2	8	4	1	0	0	3	19	1	1	21	29464	820	0	4	0	316,318,704,706,820,828,896,960
398	8396	2	8	4	1	0	0	3	19	1	1	21	29464	820	0	4	0	316,318,704,706,820,828,896,960
398	8401	2	8	4	1	0	0	3	19	1	1	21	29464	820	0	4	0	316,318,704,706,820,828,896,960
398	8402	2	8	4	1	0	0	3	19	1	1	21	29464	820	0	4	0	316,318,704,706,820,828,896,960
398	8404	2	8	4	1	0	0	3	19	1	1	21	29464	820	0	4	0	316,318,704,706,820,828,896,960
398	8408	1	3	5	1	0	0	3	21	0	0	21	29464	816	0	5	0	816,824,896
398	8417	2	6	4	1	0	0	1	17	3	2	21	29464	828	0	4	0	316,318,704,706,828,960
398	8418	2	6	4	1	0	0	1	17	3	2	21	29464	828	0	4	0	316,318,704,706,828,960
398	8420	2	6	4	1	0	0	1	17	3	2	21	29464	828	0	4	0	316,318,704,706,828,960
398	8424	1	1	5	1	0	0	1	19	1	1	21	29464	824	0	5	0	824
398	8432	1	1	5	1	0	0	1	19	1	1	21	29464	824	0	5	0	824
398	8455	2	2	4	1	2	3	0	12	75	4	20	29464	311	16544	2	2	712,736
398	8459	3	9	3	1	0	0	1	14	11	3	20	29464	802	0	3	0	286,310,712,736,802,806,864,868,992
398	8461	3	9	3	1	0	0	1	14	11	3	20	29464	802	0	3	0	286,310,712,736,802,806,864,868,992
398	8462	3	9	3	1	0	0	1	14	11	3	20	29464	802	0	3	0	286,310,712,736,802,806,864,868,992
398	8467	3	9	3	1	0	0	1	14	11	3	20	29464	802	0	3	0	286,310,712,736,802,806,864,868,992
398	8469	3	9	3	1	0	0	1	14	11	3	20	29464	802	0	3	0	286,310,712,736,802,806,864,868,992
398	8470	3	9	3	1	0	0	1	14	11	3	20	29464	802	0	3	0	286,310,712,736,802,806,864,868,992
398	8473	2	4	4	1	0	0	1	16	3	2	20	29464	800	0	4	0	800,804,864,868
398	8474	2	4	4	1	0	0	1	16	3	2	20	29464	800	0	4	0	800,804,864,868
398	8476	2	4	4	1	0	0	1	16	3	2	20	29464	800	0	4	0	800,804,864,868
398	8483	3	7	3	1	0	0	1	12	75	4	20	29464	806	0	3	0	286,310,712,736,806,864,992
398	8485	3	7	3	1	0	0	1	12	75	4	20	29464	806	0	3	0	286,310,712,736,806,864,992
398	8486	3	7	3	1	0	0	1	12	75	4	20	29464	806	0	3	0	286,310,712,736,806,864,992
398	8489	2	2	4	1	0	0	1	14	11	3	20	29464	804	0	4	0	804,864
398	8490	2	2	4	1	0	0	1	14	11	3	20	29464	804	0	4	0	804,864
398	8492	2	2	4	1	0	0	1	14	11	3	20	29464	804	0	4	0	804,864
398	8497	2	2	4	1	0	0	1	14	11	3	20	29464	804	0	4	0	804,864
398	8498	2	2	4	1	0	0	1	14	11	3	20	29464	804	0	4	0	804,864
398	8500	2	2	4	1	0	0	1	14	11	3	20	29464	804	0	4	0	804,864
398	8504	1	2	5	1	0	0	1	16	3	2	20	29464	800	0	5	0	800,864
398	8515	2	4	4	1	2	3	0	13	77	4	21	29464	318	16544	2	2	286,318,704,736
398	8517	2	4	4	1	2	3	0	13	77	4	21	29464	318	16544	2	2	286,318,704,736
398	8518	2	4	4	1	2	3	0	13	77	4	21	29464	318	16544	2	2	286,318,704,736
398	8521	3	15	3	1	0	0	3	15	13	3	21	29464	804	0	3	0	284,286,316,318,704,706,736,738,804,812,864,872,912,960,992
398	8522	3	15	3	1	0	0	3	15	13	3	21	29464	804	0	3	0	284,286,316,318,704,706,736,738,804,812,864,872,912,960,992
398	8524	3	15	3	1	0	0	3	15	13	3	21	29464	804	0	3	0	284,286,316,318,704,706,736,738,804,812,864,872,912,960,992
398	8529	3	15	3	1	0	0	3	15	13	3	21	29464	804	0	3	0	284,286,316,318,704,706,736,738,804,812,864,872,912,960,992
398	8530	3	15	3	1	0	0	3	15	13	3	21	29464	804	0	3	0	284,286,316,318,704,706,736,738,804,812,864,872,912,960,992
398	8532	3	15	3	1	0	0	3	15	13	3	21	29464	804	0	3	0	284,286,316,318,704,706,736,738,804,812,864,872,912,960,992
398	8536	2	5	4	1	0	0	3	17	3	2	21	29464	800	0	4	0	800,808,864,872,912
398	8545	3	12	3	1	0	0	1	13	77	4	21	29464	812	0	3	0	284,286,316,318,704,706,736,738,812,864,960,992
398	8546	3	12	3	1	0	0	1	13	77	4	21	29464	812	0	3	0	284,286,316,318,704,706,736,738,812,864,960,992
398	8548	3	12	3	1	0	0	1	13	77	4	21	29464	812	0	3	0	284,286,316,318,704,706,736,738,812,864,960,992
398	8552	2	2	4	1	0	0	1	15	13	3	21	29464	808	0	4	0	808,864
398	8560	2	2	4	1	0	0	1	15	13	3	21	29464	808	0	4	0	808,864
398	8579	2	2	4	1	1	2	0	13	77	4	21	29464	302	16416	3	1	302,720
398	8581	2	2	4	1	1	2	0	13	77	4	21	29464	302	16416	3	1	302,720
398	8582	2	2	4	1	1	2	0	13	77	4	21	29464	302	16416	3	1	302,720
398	8585	2	2	4	1	0	0	1	15	13	3	21	29464	804	0	4	0	804,812
398	8586	2	2	4	1	0	0	1	15	13	3	21	29464	804	0	4	0	804,812
398	8588	2	2	4	1	0	0	1	15	13	3	21	29464	804	0	4	0	804,812
398	8593	2	2	4	1	0	0	1	15	13	3	21	29464	804	0	4	0	804,812
398	8594	2	2	4	1	0	0	1	15	13	3	21	29464	804	0	4	0	804,812
398	8596	2	2	4	1	0	0	1	15	13	3	21	29464	804	0	4	0	804,812
398	8600	1	2	5	1	0	0	1	17	3	2	21	29464	800	0	5	0	800,808
398	8609	2	1	4	1	0	0	1	13	77	4	21	29464	812	0	4	0	812
398	8610	2	1	4	1	0	0	1	13	77	4	21	29464	812	0	4	0	812
398	8612	2	1	4	1	0	0	1	13	77	4	21	29464	812	0	4	0	812
398	8616	1	1	5	1	0	0	1	15	13	3	21	29464	808	0	5	0	808
398	8624	1	1	5	1	0	0	1	15	13	3	21	29464	808	0	5	0	808
398	8641	2	5	4	1	1	1	0	14	77	4	22	30848	960	1024	3	1	316,318,704,706,960
398	8642	2	5	4	1	1	1	0	14	77	4	22	30848	960	1024	3	1	316,318,704,706,960
398	8644	2	5	4	1	1	1	0	14	77	4	22	30848	960	1024	3	1	316,318,704,706,960
398	8648	2	4	4	1	0	0	3	16	11	3	22	29464	808	0	4	0	808,824,896,960
398	8656	2	4	4	1	0	0	3	16	11	3	22	29464	808	0	4	0	808,824,896,960
398	8672	2	2	4	1	0	0	1	14	77	4	22	29464	824	0	4	0	824,960
398	8711	2	2	4	1	2	3	0	12	75	4	20	29464	311	16544	2	2	712,736
398	8715	3	9	3	1	0	0	1	14	11	3	20	29464	802	0	3	0	286,310,712,736,802,806,864,868,992
398	8717	3	9	3	1	0	0	1	14	11	3	20	29464	802	0	3	0	286,310,712,736,802,806,864,868,992
398	8718	3	9	3	1	0	0	1	14	11	3	20	29464	802	0	3	0	286,310,712,736,802,806,864,868,992
398	8723	3	9	3	1	0	0	1	14	11	3	20	29464	802	0	3	0	286,310,712,736,802,806,864,868,992
398	8725	3	9	3	1	0	0	1	14	11	3	20	29464	802	0	3	0	286,310,712,736,802,806,864,868,992
398	8726	3	9	3	1	0	0	1	14	11	3	20	29464	802	0	3	0	286,310,712,736,802,806,864,868,992
398	8729	2	4	4	1	0	0	1	16	3	2	20	29464	800	0	4	0	800,804,864,868
398	8730	2	4	4	1	0	0	1	16	3	2	20	29464	800	0	4	0	800,804,864,868
398	8732	2	4	4	1	0	0	1	16	3	2	20	29464	800	0	4	0	800,804,864,868
398	8739	3	7	3	1	0	0	1	12	75	4	20	29464	806	0	3	0	286,310,712,736,806,864,992
398	8741	3	7	3	1	0	0	1	12	75	4	20	29464	806	0	3	0	286,310,712,736,806,864,992
398	8742	3	7	3	1	0	0	1	12	75	4	20	29464	806	0	3	0	286,310,712,736,806,864,992
398	8745	2	2	4	1	0	0	1	14	11	3	20	29464	804	0	4	0	804,864
398	8746	2	2	4	1	0	0	1	14	11	3	20	29464	804	0	4	0	804,864
398	8748	2	2	4	1	0	0	1	14	11	3	20	29464	804	0	4	0	804,864
398	8753	2	2	4	1	0	0	1	14	11	3	20	29464	804	0	4	0	804,864
398	8754	2	2	4	1	0	0	1	14	11	3	20	29464	804	0	4	0	804,864
398	8756	2	2	4	1	0	0	1	14	11	3	20	29464	804	0	4	0	804,864
398	8760	1	2	5	1	0	0	1	16	3	2	20	29464	800	0	5	0	800,864
398	8771	2	4	4	1	2	3	0	13	77	4	21	29464	318	16544	2	2	286,318,704,736
398	8773	2	4	4	1	2	3	0	13	77	4	21	29464	318	16544	2	2	286,318,704,736
398	8774	2	4	4	1	2	3	0	13	77	4	21	29464	318	16544	2	2	286,318,704,736
398	8777	3	15	3	1	0	0	3	15	13	3	21	29464	804	0	3	0	284,286,316,318,704,706,736,738,804,812,864,872,912,960,992
398	8778	3	15	3	1	0	0	3	15	13	3	21	29464	804	0	3	0	284,286,316,318,704,706,736,738,804,812,864,872,912,960,992
398	8780	3	15	3	1	0	0	3	15	13	3	21	29464	804	0	3	0	284,286,316,318,704,706,736,738,804,812,864,872,912,960,992
398	8785	3	15	3	1	0	0	3	15	13	3	21	29464	804	0	3	0	284,286,316,318,704,706,736,738,804,812,864,872,912,960,992
398	8786	3	15	3	1	0	0	3	15	13	3	21	29464	804	0	3	0	284,286,316,318,704,706,736,738,804,812,864,872,912,960,992
398	8788	3	15	3	1	0	0	3	15	13	3	21	29464	804	0	3	0	284,286,316,318,704,706,736,738,804,812,864,872,912,960,992
398	8792	2	5	4	1	0	0	3	17	3	2	21	29464	800	0	4	0	800,808,864,872,912
398	8801	3	12	3	1	0	0	1	13	77	4	21	29464	812	0	3	0	284,286,316,318,704,706,736,738,812,864,960,992
398	8802	3	12	3	1	0	0	1	13	77	4	21	29464	812	0	3	0	284,286,316,318,704,706,736,738,812,864,960,992
398	8804	3	12	3	1	0	0	1	13	77	4	21	29464	812	0	3	0	284,286,316,318,704,706,736,738,812,864,960,992
398	8808	2	2	4	1	0	0	1	15	13	3	21	29464	808	0	4	0	808,864
398	8816	2	2	4	1	0	0	1	15	13	3	21	29464	808	0	4	0	808,864
398	8835	2	2	4	1	1	2	0	13	77	4	21	29464	302	16416	3	1	302,720
398	8837	2	2	4	1	1	2	0	13	77	4	21	29464	302	16416	3	1	302,720
398	8838	2	2	4	1	1	2	0	13	77	4	21	29464	302	16416	3	1	302,720
398	8841	2	2	4	1	0	0	1	15	13	3	21	29464	804	0	4	0	804,812
398	8842	2	2	4	1	0	0	1	15	13	3	21	29464	804	0	4	0	804,812
398	8844	2	2	4	1	0	0	1	15	13	3	21	29464	804	0	4	0	804,812
398	8849	2	2	4	1	0	0	1	15	13	3	21	29464	804	0	4	0	804,812
398	8850	2	2	4	1	0	0	1	15	13	3	21	29464	804	0	4	0	804,812
398	8852	2	2	4	1	0	0	1	15	13	3	21	29464	804	0	4	0	804,812
398	8856	1	2	5	1	0	0	1	17	3	2	21	29464	800	0	5	0	800,808
398	8865	2	1	4	1	0	0	1	13	77	4	21	29464	812	0	4	0	812
398	8866	2	1	4	1	0	0	1	13	77	4	21	29464	812	0	4	0	812
398	8868	2	1	4	1	0	0	1	13	77	4	21	29464	812	0	4	0	812
398	8872	1	1	5	1	0	0	1	15	13	3	21	29464	808	0	5	0	808
398	8880	1	1	5	1	0	0	1	15	13	3	21	29464	808	0	5	0	808
398	8897	2	5	4	1	1	1	0	14	77	4	22	30848	960	1024	3	1	316,318,704,706,960
398	8898	2	5	4	1	1	1	0	14	77	4	22	30848	960	1024	3	1	316,318,704,706,960
398	8900	2	5	4	1	1	1	0	14	77	4	22	30848	960	1024	3	1	316,318,704,706,960
398	8904	2	4	4	1	0	0	3	16	11	3	22	29464	808	0	4	0	808,824,896,960
398	8912	2	4	4	1	0	0	3	16	11	3	22	29464	808	0	4	0	808,824,896,960
398	8928	2	2	4	1	0	0	1	14	77	4	22	29464	824	0	4	0	824,960
398	8963	2	5	4	1	2	2	0	13	75	4	21	30848	960	1152	2	2	302,318,704,720,960
398	8965	2	5	4	1	2	2	0	13	75	4	21	30848	960	1152	2	2	302,318,704,720,960
398	8966	2	5	4	1	2	2	0	13	75	4	21	30848	960	1152	2	2	302,318,704,720,960
398	8969	2	1	4	1	1	2	0	15	11	3	21	30848	960	1152	3	1	960
398	8970	2	1	4	1	1	2	0	15	11	3	21	30848	960	1152	3	1	960
398	8972	2	1	4	1	1	2	0	15	11	3	21	30848	960	1152	3	1	960
398	8977	2	1	4	1	1	2	0	15	11	3	21	30848	960	1152	3	1	960
398	8978	2	1	4	1	1	2	0	15	11	3	21	30848	960	1152	3	1	960
398	8980	2	1	4	1	1	2	0	15	11	3	21	30848	960	1152	3	1	960
398	8984	2	9	4	1	0	0	2	17	3	2	21	29464	768	0	4	0	768,776,800,808,832,840,896,928,960
398	8993	2	1	4	1	1	2	0	13	75	4	21	30848	960	1152	2	2	960
398	8994	2	1	4	1	1	2	0	13	75	4	21	30848	960	1152	2	2	960
398	8996	2	1	4	1	1	2	0	13	75	4	21	30848	960	1152	2	2	960
398	9000	2	4	4	1	0	0	1	15	11	3	21	29464	776	0	4	0	776,808,832,960
398	9008	2	4	4	1	0	0	1	15	11	3	21	29464	776	0	4	0	776,808,832,960
398	9025	2	5	4	1	2	2	0	12	94	5	22	30848	960	1152	2	2	316,318,704,706,960
398	9026	2	5	4	1	2	2	0	12	94	5	22	30848	960	1152	2	2	316,318,704,706,960
398	9028	2	5	4	1	2	2	0	12	94	5	22	30848	960	1152	2	2	316,318,704,706,960
398	9032	2	1	4	1	1	2	0	14	30	4	22	30848	960	1152	3	1	960
398	9040	2	1	4	1	1	2	0	14	30	4	22	30848	960	1152	3	1	960
398	9056	2	1	4	1	1	2	0	12	94	5	22	30848	960	1152	2	2	960
398	9089	2	1	4	1	1	1	0	12	94	5	22	30848	960	1024	3	1	960
398	9090	2	1	4	1	1	1	0	12	94	5	22	30848	960	1024	3	1	960
398	9092	2	1	4	1	1	1	0	12	94	5	22	30848	960	1024	3	1	960
398	9096	2	4	4	1	0	0	2	14	30	4	22	29464	776	0	4	0	776,792,896,960
398	9104	2	4	4	1	0	0	2	14	30	4	22	29464	776	0	4	0	776,792,896,960
398	9120	2	2	4	1	0	0	1	12	94	5	22	29464	792	0	4	0	792,960
398	9152	2	1	4	1	1	1	0	11	222	6	23	30848	960	1024	3	1	960
398	9223	2	1	4	1	1	1	0	13	75	4	21	30912	664	4096	2	2	664
398	9227	2	4	4	1	0	0	1	13	77	4	21	29464	866	0	4	0	864,866,868,870
398	9229	2	4	4	1	0	0	1	13	77	4	21	29464	866	0	4	0	864,866,868,870
398	9230	2	4	4	1	0	0	1	13	77	4	21	29464	866	0	4	0	864,866,868,870
398	9235	2	4	4	1	0	0	1	13	77	4	21	29464	866	0	4	0	864,866,868,870
398	9237	2	4	4	1	0	0	1	13	77	4	21	29464	866	0	4	0	864,866,868,870
398	9238	2	4	4	1	0	0	1	13	77	4	21	29464	866	0	4	0	864,866,868,870
398	9241	1	2	5	1	0	0	1	13	77	4	21	29464	864	0	5	0	864,868
398	9242	1	2	5	1	0	0	1	13	77	4	21	29464	864	0	5	0	864,868
398	9244	1	2	5	1	0	0	1	13	77	4	21	29464	864	0	5	0	864,868
398	9251	2	4	4	1	0	0	1	13	75	4	21	29464	870	0	4	0	864,866,868,870
398	9253	2	4	4	1	0	0	1	13	75	4	21	29464	870	0	4	0	864,866,868,870
398	9254	2	4	4	1	0	0	1	13	75	4	21	29464	870	0	4	0	864,866,868,870
398	9257	1	2	5	1	0	0	1	13	77	4	21	29464	868	0	5	0	864,868
398	9258	1	2	5	1	0	0	1	13	77	4	21	29464	868	0	5	0	864,868
398	9260	1	2	5	1	0	0	1	13	77	4	21	29464	868	0	5	0	864,868
398	9265	1	2	5	1	0	0	1	13	77	4	21	29464	868	0	5	0	864,868
398	9266	1	2	5	1	0	0	1	13	77	4	21	29464	868	0	5	0	864,868
398	9268	1	2	5	1	0	0	1	13	77	4	21	29464	868	0	5	0	864,868
398	9272	0	1	6	0	0	0	1	13	77	4	21	29464	864	0	6	0	864
398	9283	2	3	4	1	0	0	2	16	11	3	22	30848	912	0	4	0	366,656,912
398	9285	2	3	4	1	0	0	2	16	11	3	22	30848	912	0	4	0	366,656,912
398	9286	2	3	4	1	0	0	2	16	11	3	22	30848	912	0	4	0	366,656,912
398	9289	2	5	4	1	0	0	3	16	13	3	22	29464	868	0	4	0	864,868,872,876,912
398	9290	2	5	4	1	0	0	3	16	13	3	22	29464	868	0	4	0	864,868,872,876,912
398	9292	2	5	4	1	0	0	3	16	13	3	22	29464	868	0	4	0	864,868,872,876,912
398	9297	2	5	4	1	0	0	3	16	13	3	22	29464	868	0	4	0	864,868,872,876,912
398	9298	2	5	4	1	0	0	3	16	13	3	22	29464	868	0	4	0	864,868,872,876,912
398	9300	2	5	4	1	0	0	3	16	13	3	22	29464	868	0	4	0	864,868,872,876,912
398	9304	1	2	5	1	0	0	1	16	11	3	22	29464	864	0	5	0	864,872
398	9313	2	5	4	1	0	0	3	16	11	3	22	29464	876	0	4	0	864,868,872,876,912
398	9314	2	5	4	1	0	0	3	16	11	3	22	29464	876	0	4	0	864,868,872,876,912
398	9316	2	5	4	1	0	0	3	16	11	3	22	29464	876	0	4	0	864,868,872,876,912
398	9320	1	2	5	1	0	0	1	16	13	3	22	29464	872	0	5	0	864,872
398	9328	1	2	5	1	0	0	1	16	13	3	22	29464	872	0	5	0	864,872
398	9347	2	2	4	1	1	1	0	14	77	4	22	30912	656	4096	3	1	366,656
398	9349	2	2	4	1	1	1	0	14	77	4	22	30912	656	4096	3	1	366,656
398	9350	2	2	4	1	1	1	0	14	77	4	22	30912	656	4096	3	1	366,656
398	9353	2	4	4	1	0	0	1	14	77	4	22	29464	868	0	4	0	864,868,872,876
398	9354	2	4	4	1	0	0	1	14	77	4	22	29464	868	0	4	0	864,868,872,876
398	9356	2	4	4	1	0	0	1	14	77	4	22	29464	868	0	4	0	864,868,872,876
398	9361	2	4	4	1	0	0	1	14	77	4	22	29464	868	0	4	0	864,868,872,876
398	9362	2	4	4	1	0	0	1	14	77	4	22	29464	868	0	4	0	864,868,872,876
398	9364	2	4	4	1	0	0	1	14	77	4	22	29464	868	0	4	0	864,868,872,876
398	9368	1	2	5	1	0	0	1	14	75	4	22	29464	864	0	5	0	864,872
398	9377	2	4	4	1	0	0	1	14	77	4	22	29464	876	0	4	0	864,868,872,876
398	9378	2	4	4	1	0	0	1	14	77	4	22	29464	876	0	4	0	864,868,872,876
398	9380	2	4	4	1	0	0	1	14	77	4	22	29464	876	0	4	0	864,868,872,876
398	9384	1	2	5	1	0	0	1	14	77	4	22	29464	872	0	5	0	864,872
398	9392	1	2	5	1	0	0	1	14	77	4	22	29464	872	0	5	0	864,872
398	9409	1	1	5	1	0	0	2	17	13	3	23	30848	896	0	5	0	896
398	9410	1	1	5	1	0	0	2	17	13	3	23	30848	896	0	5	0	896
398	9412	1	1	5	1	0	0	2	17	13	3	23	30848	896	0	5	0	896
398	9416	1	1	5	1	0	0	2	17	11	3	23	30848	896	0	5	0	896
398	9424	1	1	5	1	0	0	2	17	11	3	23	30848	896	0	5	0	896
398	9440	1	1	5	1	0	0	2	17	13	3	23	30848	896	0	5	0	896
398	9475	2	1	4	1	1	2	0	14	75	4	22	30848	960	640	3	1	960
398	9477	2	1	4	1	1	2	0	14	75	4	22	30848	960	640	3	1	960
398	9478	2	1	4	1	1	2	0	14	75	4	22	30848	960	640	3	1	960
398	9481	2	5	4	1	0	0	1	14	77	4	22	29464	836	0	4	0	832,836,840,844,960
398	9482	2	5	4	1	0	0	1	14	77	4	22	29464	836	0	4	0	832,836,840,844,960
398	9484	2	5	4	1	0	0	1	14	77	4	22	29464	836	0	4	0	832,836,840,844,960
398	9489	2	5	4	1	0	0	1	14	77	4	22	29464	836	0	4	0	832,836,840,844,960
398	9490	2	5	4	1	0	0	1	14	77	4	22	29464	836	0	4	0	832,836,840,844,960
398	9492	2	5	4	1	0	0	1	14	77	4	22	29464	836	0	4	0	832,836,840,844,960
398	9496	1	2	5	1	0	0	1	14	77	4	22	29464	832	0	5	0	832,840
398	9505	2	5	4	1	0	0	1	14	75	4	22	29464	844	0	4	0	832,836,840,844,960
398	9506	2	5	4	1	0	0	1	14	75	4	22	29464	844	0	4	0	832,836,840,844,960
398	9508	2	5	4	1	0	0	1	14	75	4	22	29464	844	0	4	0	832,836,840,844,960
398	9512	1	2	5	1	0	0	1	14	77	4	22	29464	840	0	5	0	832,840
398	9520	1	2	5	1	0	0	1	14	77	4	22	29464	840	0	5	0	832,840
398	9537	2	3	4	1	0	0	2	15	77	4	23	30848	928	0	4	0	896,928,960
398	9538	2	3	4	1	0	0	2	15	77	4	23	30848	928	0	4	0	896,928,960
398	9540	2	3	4	1	0	0	2	15	77	4	23	30848	928	0	4	0	896,928,960
398	9544	2	7	4	1	0	0	3	15	86	4	23	29464	840	0	4	0	832,840,848,856,896,928,960
398	9552	2	7	4	1	0	0	3	15	86	4	23	29464	840	0	4	0	832,840,848,856,896,928,960
398	9568	2	7	4	1	0	0	3	15	77	4	23	29464	856	0	4	0	832,840,848,856,896,928,960
398	9601	2	2	4	1	0	0	1	13	94	5	23	30848	896	0	4	0	896,960
398	9602	2	2	4	1	0	0	1	13	94	5	23	30848	896	0	4	0	896,960
398	9604	2	2	4	1	0	0	1	13	94	5	23	30848	896	0	4	0	896,960
398	9608	2	6	4	1	0	0	2	13	94	5	23	29464	840	0	4	0	832,840,848,856,896,960
398	9616	2	6	4	1	0	0	2	13	94	5	23	29464	840	0	4	0	832,840,848,856,896,960
398	9632	2	6	4	1	0	0	2	13	94	5	23	29464	856	0	4	0	832,840,848,856,896,960
398	9664	1	1	5	1	0	0	2	14	94	5	24	30848	896	0	5	0	896
398	9731	2	1	4	1	1	2	0	14	75	4	22	30848	960	384	3	1	960
398	9733	2	1	4	1	1	2	0	14	75	4	22	30848	960	384	3	1	960
398	9734	2	1	4	1	1	2	0	14	75	4	22	30848	960	384	3	1	960
398	9737	2	5	4	1	0	0	1	14	77	4	22	29464	836	0	4	0	832,836,840,844,960
398	9738	2	5	4	1	0	0	1	14	77	4	22	29464	836	0	4	0	832,836,840,844,960
398	9740	2	5	4	1	0	0	1	14	77	4	22	29464	836	0	4	0	832,836,840,844,960
398	9745	2	5	4	1	0	0	1	14	77	4	22	29464	836	0	4	0	832,836,840,844,960
398	9746	2	5	4	1	0	0	1	14	77	4	22	29464	836	0	4	0	832,836,840,844,960
398	9748	2	5	4	1	0	0	1	14	77	4	22	29464	836	0	4	0	832,836,840,844,960
398	9752	1	2	5	1	0	0	1	14	77	4	22	29464	832	0	5	0	832,840
398	9761	2	5	4	1	0	0	1	14	75	4	22	29464	844	0	4	0	832,836,840,844,960
398	9762	2	5	4	1	0	0	1	14	75	4	22	29464	844	0	4	0	832,836,840,844,960
398	9764	2	5	4	1	0	0	1	14	75	4	22	29464	844	0	4	0	832,836,840,844,960
398	9768	1	2	5	1	0	0	1	14	77	4	22	29464	840	0	5	0	832,840
398	9776	1	2	5	1	0	0	1	14	77	4	22	29464	840	0	5	0	832,840
398	9793	2	3	4	1	0	0	2	15	77	4	23	30848	928	0	4	0	896,928,960
398	9794	2	3	4	1	0	0	2	15	77	4	23	30848	928	0	4	0	896,928,960
398	9796	2	3	4	1	0	0	2	15	77	4	23	30848	928	0	4	0	896,928,960
398	9800	2	7	4	1	0	0	3	15	86	4	23	29464	840	0	4	0	832,840,848,856,896,928,960
398	9808	2	7	4	1	0	0	3	15	86	4	23	29464	840	0	4	0	832,840,848,856,896,928,960
398	9824	2	7	4	1	0	0	3	15	77	4	23	29464	856	0	4	0	832,840,848,856,896,928,960
398	9857	2	2	4	1	0	0	1	13	94	5	23	30848	896	0	4	0	896,960
398	9858	2	2	4	1	0	0	1	13	94	5	23	30848	896	0	4	0	896,960
398	9860	2	2	4	1	0	0	1	13	94	5	23	30848	896	0	4	0	896,960
398	9864	2	6	4	1	0	0	2	13	94	5	23	29464	840	0	4	0	832,840,848,856,896,960
398	9872	2	6	4	1	0	0	2	13	94	5	23	29464	840	0	4	0	832,840,848,856,896,960
398	9888	2	6	4	1	0	0	2	13	94	5	23	29464	856	0	4	0	832,840,848,856,896,960
398	9920	1	1	5	1	0	0	2	14	94	5	24	30848	896	0	5	0	896
398	9985	1	1	5	1	1	1	0	15	75	4	23	30848	896	128	4	1	896
398	9986	1	1	5	1	1	1	0	15	75	4	23	30848	896	128	4	1	896
398	9988	1	1	5	1	1	1	0	15	75	4	23	30848	896	128	4	1	896
398	9992	1	1	5	1	1	1	0	15	77	4	23	30848	896	128	4	1	896
398	10000	1	1	5	1	1	1	0	15	77	4	23	30848	896	128	4	1	896
398	10016	1	1	5	1	1	1	0	15	75	4	23	30848	896	128	4	1	896
398	10048	1	1	5	1	1	1	0	14	94	5	24	30848	896	128	4	1	896
398	10112	1	1	5	1	0	0	1	12	222	6	24	30848	896	0	5	0	896
398	10247	1	2	5	1	2	3	0	16	11	3	22	29464	992	1048	3	2	736,992
398	10251	1	1	5	1	1	2	0	16	76	3	22	29464	992	1040	4	1	992
398	10253	1	1	5	1	1	2	0	16	76	3	22	29464	992	1040	4	1	992
398	10254	1	1	5	1	1	2	0	16	76	3	22	29464	992	1040	4	1	992
398	10259	1	1	5	1	1	2	0	16	76	3	22	29464	992	1032	4	1	992
398	10261	1	1	5	1	1	2	0	16	76	3	22	29464	992	1032	4	1	992
398	10262	1	1	5	1	1	2	0	16	76	3	22	29464	992	1032	4	1	992
398	10265	1	2	5	1	0	0	1	16	76	3	22	29464	864	0	5	0	864,992
398	10266	1	2	5	1	0	0	1	16	76	3	22	29464	864	0	5	0	864,992
398	10268	1	2	5	1	0	0	1	16	76	3	22	29464	864	0	5	0	864,992
398	10275	1	1	5	1	2	3	0	14	77	4	22	29464	992	1048	3	2	992
398	10277	1	1	5	1	2	3	0	14	77	4	22	29464	992	1048	3	2	992
398	10278	1	1	5	1	2	3	0	14	77	4	22	29464	992	1048	3	2	992
398	10281	1	1	5	1	1	2	0	14	86	4	22	29464	992	1040	4	1	992
398	10282	1	1	5	1	1	2	0	14	86	4	22	29464	992	1040	4	1	992
398	10284	1	1	5	1	1	2	0	14	86	4	22	29464	992	1040	4	1	992
398	10289	1	1	5	1	1	2	0	14	86	4	22	29464	992	1032	4	1	992
398	10290	1	1	5	1	1	2	0	14	86	4	22	29464	992	1032	4	1	992
398	10292	1	1	5	1	1	2	0	14	86	4	22	29464	992	1032	4	1	992
398	10296	1	2	5	1	0	0	1	14	77	4	22	29464	864	0	5	0	864,992
398	10307	1	3	5	1	2	3	0	19	3	2	23	29464	992	1048	3	2	286,736,992
398	10309	1	3	5	1	2	3	0	19	3	2	23	29464	992	1048	3	2	286,736,992
398	10310	1	3	5	1	2	3	0	19	3	2	23	29464	992	1048	3	2	286,736,992
398	10313	1	1	5	1	1	2	0	19	12	2	23	29464	992	1040	4	1	992
398	10314	1	1	5	1	1	2	0	19	12	2	23	29464	992	1040	4	1	992
398	10316	1	1	5	1	1	2	0	19	12	2	23	29464	992	1040	4	1	992
398	10321	1	1	5	1	1	2	0	19	12	2	23	29464	992	1032	4	1	992
398	10322	1	1	5	1	1	2	0	19	12	2	23	29464	992	1032	4	1	992
398	10324	1	1	5	1	1	2	0	19	12	2	23	29464	992	1032	4	1	992
398	10328	1	3	5	1	0	0	3	19	3	2	23	29464	864	0	5	0	784,864,992
398	10337	1	1	5	1	2	3	0	17	13	3	23	29464	992	1048	3	2	992
398	10338	1	1	5	1	2	3	0	17	13	3	23	29464	992	1048	3	2	992
398	10340	1	1	5	1	2	3	0	17	13	3	23	29464	992	1048	3	2	992
398	10344	1	1	5	1	1	2	0	17	13	3	23	29464	992	1040	4	1	992
398	10352	1	1	5	1	1	2	0	17	13	3	23	29464	992	1032	4	1	992
398	10371	1	1	5	1	1	3	0	19	3	2	23	29464	992	1048	4	1	992
398	10373	1	1	5	1	1	3	0	19	3	2	23	29464	992	1048	4	1	992
398	10374	1	1	5	1	1	3	0	19	3	2	23	29464	992	1048	4	1	992
398	10377	1	3	5	1	0	0	1	19	12	2	23	29464	868	0	5	0	864,868,992
398	10378	1	3	5	1	0	0	1	19	12	2	23	29464	868	0	5	0	864,868,992
398	10380	1	3	5	1	0	0	1	19	12	2	23	29464	868	0	5	0	864,868,992
398	10385	1	3	5	1	0	0	1	19	12	2	23	29464	868	0	5	0	864,868,992
398	10386	1	3	5	1	0	0	1	19	12	2	23	29464	868	0	5	0	864,868,992
398	10388	1	3	5	1	0	0	1	19	12	2	23	29464	868	0	5	0	864,868,992
398	10392	0	1	6	0	0	0	1	19	3	2	23	29464	864	0	6	0	864
398	10401	1	1	5	1	1	3	0	17	13	3	23	29464	992	1048	4	1	992
398	10402	1	1	5	1	1	3	0	17	13	3	23	29464	992	1048	4	1	992
398	10404	1	1	5	1	1	3	0	17	13	3	23	29464	992	1048	4	1	992
398	10408	1	3	5	1	0	0	1	17	13	3	23	29464	872	0	5	0	864,872,992
398	10416	1	3	5	1	0	0	1	17	13	3	23	29464	872	0	5	0	864,872,992
398	10433	1	4	5	1	1	1	0	22	1	1	24	30848	896	1024	4	1	896,928,960,992
398	10434	1	4	5	1	1	1	0	22	1	1	24	30848	896	1024	4	1	896,928,960,992
398	10436	1	4	5	1	1	1	0	22	1	1	24	30848	896	1024	4	1	896,928,960,992
398	10440	1	12	5	1	0	0	3	22	1	1	24	29464	872	0	5	0	768,776,800,808,832,840,864,872,896,928,960,992
398	10448	1	12	5	1	0	0	3	22	1	1	24	29464	872	0	5	0	768,776,800,808,832,840,864,872,896,928,960,992
398	10464	1	4	5	1	1	1	0	20	3	2	24	30848	896	1024	4	1	896,928,960,992
398	10499	1	1	5	1	2	3	0	15	77	4	23	29464	960	1048	3	2	960
398	10501	1	1	5	1	2	3	0	15	77	4	23	29464	960	1048	3	2	960
398	10502	1	1	5	1	2	3	0	15	77	4	23	29464	960	1048	3	2	960
398	10505	1	1	5	1	1	2	0	15	86	4	23	29464	960	1040	4	1	960
398	10506	1	1	5	1	1	2	0	15	86	4	23	29464	960	1040	4	1	960
398	10508	1	1	5	1	1	2	0	15	86	4	23	29464	960	1040	4	1	960
398	10513	1	1	5	1	1	2	0	15	86	4	23	29464	960	1032	4	1	960
398	10514	1	1	5	1	1	2	0	15	86	4	23	29464	960	1032	4	1	960
398	10516	1	1	5	1	1	2	0	15	86	4	23	29464	960	1032	4	1	960
398	10520	1	2	5	1	0	0	1	15	77	4	23	29464	832	0	5	0	832,960
398	10529	1	1	5	1	2	3	0	13	94	5	23	29464	960	1048	3	2	960
398	10530	1	1	5	1	2	3	0	13	94	5	23	29464	960	1048	3	2	960
398	10532	1	1	5	1	2	3	0	13	94	5	23	29464	960	1048	3	2	960
398	10536	1	1	5	1	1	2	0	13	94	5	23	29464	960	1040	4	1	960
398	10544	1	1	5	1	1	2	0	13	94	5	23	29464	960	1032	4	1	960
398	10561	1	1	5	1	2	3	0	16	77	4	24	29464	960	1048	3	2	960
398	10562	1	1	5	1	2	3	0	16	77	4	24	29464	960	1048	3	2	960
398	10564	1	1	5	1	2	3	0	16	77	4	24	29464	960	1048	3	2	960
398	10568	1	1	5	1	1	2	0	16	77	4	24	29464	960	1040	4	1	960
398	10576	1	1	5	1	1	2	0	16	77	4	24	29464	960	1032	4	1	960
398	10592	1	1	5	1	2	3	0	14	94	5	24	29464	960	1048	3	2	960
398	10625	1	1	5	1	1	2	0	16	77	4	24	30848	960	1536	3	2	960
398	10626	1	1	5	1	1	2	0	16	77	4	24	30848	960	1536	3	2	960
398	10628	1	1	5	1	1	2	0	16	77	4	24	30848	960	1536	3	2	960
398	10632	1	3	5	1	0	0	1	16	77	4	24	29464	840	0	5	0	832,840,960
398	10640	1	3	5	1	0	0	1	16	77	4	24	29464	840	0	5	0	832,840,960
398	10656	1	1	5	1	1	2	0	14	94	5	24	30848	960	1536	3	2	960
398	10688	1	2	5	1	1	1	0	17	75	4	25	30848	896	1024	4	1	896,960
398	10755	1	1	5	1	2	3	0	15	77	4	23	29464	960	1048	3	2	960
398	10757	1	1	5	1	2	3	0	15	77	4	23	29464	960	1048	3	2	960
398	10758	1	1	5	1	2	3	0	15	77	4	23	29464	960	1048	3	2	960
398	10761	1	1	5	1	1	2	0	15	86	4	23	29464	960	1040	4	1	960
398	10762	1	1	5	1	1	2	0	15	86	4	23	29464	960	1040	4	1	960
398	10764	1	1	5	1	1	2	0	15	86	4	23	29464	960	1040	4	1	960
398	10769	1	1	5	1	1	2	0	15	86	4	23	29464	960	1032	4	1	960
398	10770	1	1	5	1	1	2	0	15	86	4	23	29464	960	1032	4	1	960
398	10772	1	1	5	1	1	2	0	15	86	4	23	29464	960	1032	4	1	960
398	10776	1	2	5	1	0	0	1	15	77	4	23	29464	832	0	5	0	832,960
398	10785	1	1	5	1	2	3	0	13	94	5	23	29464	960	1048	3	2	960
398	10786	1	1	5	1	2	3	0	13	94	5	23	29464	960	1048	3	2	960
398	10788	1	1	5	1	2	3	0	13	94	5	23	29464	960	1048	3	2	960
398	10792	1	1	5	1	1	2	0	13	94	5	23	29464	960	1040	4	1	960
398	10800	1	1	5	1	1	2	0	13	94	5	23	29464	960	1032	4	1	960
398	10817	1	1	5	1	2	3	0	16	77	4	24	29464	960	1048	3	2	960
398	10818	1	1	5	1	2	3	0	16	77	4	24	29464	960	1048	3	2	960
398	10820	1	1	5	1	2	3	0	16	77	4	24	29464	960	1048	3	2	960
398	10824	1	1	5	1	1	2	0	16	77	4	24	29464	960	1040	4	1	960
398	10832	1	1	5	1	1	2	0	16	77	4	24	29464	960	1032	4	1	960
398	10848	1	1	5	1	2	3	0	14	94	5	24	29464	960	1048	3	2	960
398	10881	1	1	5	1	1	2	0	16	77	4	24	30848	960	1280	3	2	960
398	10882	1	1	5	1	1	2	0	16	77	4	24	30848	960	1280	3	2	960
398	10884	1	1	5	1	1	2	0	16	77	4	24	30848	960	1280	3	2	960
398	10888	1	3	5	1	0	0	1	16	77	4	24	29464	840	0	5	0	832,840,960
398	10896	1	3	5	1	0	0	1	16	77	4	24	29464	840	0	5	0	832,840,960
398	10912	1	1	5	1	1	2	0	14	94	5	24	30848	960	1280	3	2	960
398	10944	1	2	5	1	1	1	0	17	75	4	25	30848	896	1024	4	1	896,960
398	11009	1	1	5	1	2	2	0	14	94	5	24	30848	896	1152	3	2	896
398	11010	1	1	5	1	2	2	0	14	94	5	24	30848	896	1152	3	2	896
398	11012	1	1	5	1	2	2	0	14	94	5	24	30848	896	1152	3	2	896
398	11016	1	1	5	1	1	2	0	14	94	5	24	29464	896	1040	4	1	896
398	11024	1	1	5	1	1	2	0	14	94	5	24	29464	896	1032	4	1	896
398	11040	1	1	5	1	2	2	0	12	222	6	24	30848	896	1152	3	2	896
398	11072	1	1	5	1	2	2	0	13	222	6	25	30848	896	1152	3	2	896
398	11136	1	1	5	1	1	1	0	13	222	6	25	30848	896	1024	4	1	896
398	11267	0	1	6	0	2	2	0	18	11	3	24	29464	960	24	4	2	960
398	11269	0	1	6	0	2	2	0	18	11	3	24	29464	960	24	4	2	960
398	11270	0	1	6	0	2	2	0	18	11	3	24	29464	960	24	4	2	960
398	11273	0	1	6	0	1	1	0	16	86	4	24	29464	960	16	5	1	960
398	11274	0	1	6	0	1	1	0	16	86	4	24	29464	960	16	5	1	960
398	11276	0	1	6	0	1	1	0	16	86	4	24	29464	960	16	5	1	960
398	11281	0	1	6	0	1	1	0	16	86	4	24	29464	960	8	5	1	960
398	11282	0	1	6	0	1	1	0	16	86	4	24	29464	960	8	5	1	960
398	11284	0	1	6	0	1	1	0	16	86	4	24	29464	960	8	5	1	960
398	11288	0	1	6	0	0	0	1	14	94	5	24	29464	960	0	6	0	960
398	11297	0	1	6	0	2	2	0	16	77	4	24	29464	960	24	4	2	960
398	11298	0	1	6	0	2	2	0	16	77	4	24	29464	960	24	4	2	960
398	11300	0	1	6	0	2	2	0	16	77	4	24	29464	960	24	4	2	960
398	11304	0	1	6	0	1	1	0	16	236	5	24	29464	960	16	5	1	960
398	11312	0	1	6	0	1	1	0	16	236	5	24	29464	960	8	5	1	960
398	11329	0	1	6	0	1	2	0	21	3	2	25	29464	960	24	4	2	960
398	11330	0	1	6	0	1	2	0	21	3	2	25	29464	960	24	4	2	960
398	11332	0	1	6	0	1	2	0	21	3	2	25	29464	960	24	4	2	960
398	11336	0	1	6	0	1	1	0	19	13	3	25	29464	960	16	5	1	960
398	11344	0	1	6	0	1	1	0	19	13	3	25	29464	960	8	5	1	960
398	11360	0	1	6	0	1	2	0	19	13	3	25	29464	960	24	4	2	960
398	11393	0	1	6	0	2	2	0	19	13	3	25	29464	960	24	4	2	960
398	11394	0	1	6	0	2	2	0	19	13	3	25	29464	960	24	4	2	960
398	11396	0	1	6	0	2	2	0	19	13	3	25	29464	960	24	4	2	960
398	11400	0	1	6	0	1	1	0	17	77	4	25	29464	960	16	5	1	960
398	11408	0	1	6	0	1	1	0	17	77	4	25	29464	960	8	5	1	960
398	11424	0	1	6	0	2	2	0	17	86	4	25	29464	960	24	4	2	960
398	11456	0	4	6	0	0	0	2	22	3	2	26	30848	768	0	6	0	768,832,896,960
398	11521	0	1	6	0	2	2	0	17	77	4	25	29464	896	24	4	2	896
398	11522	0	1	6	0	2	2	0	17	77	4	25	29464	896	24	4	2	896
398	11524	0	1	6	0	2	2	0	17	77	4	25	29464	896	24	4	2	896
398	11528	0	1	6	0	1	1	0	17	236	5	25	29464	896	16	5	1	896
398	11536	0	1	6	0	1	1	0	17	236	5	25	29464	896	8	5	1	896
398	11552	0	1	6	0	2	2	0	15	94	5	25	29464	896	24	4	2	896
398	11584	0	1	6	0	1	2	0	18	77	4	26	29464	896	24	4	2	896
398	11648	0	1	6	0	1	1	0	16	94	5	26	30848	896	512	5	1	896
398	11777	0	1	6	0	2	2	0	17	77	4	25	29464	896	24	4	2	896
398	11778	0	1	6	0	2	2	0	17	77	4	25	29464	896	24	4	2	896
398	11780	0	1	6	0	2	2	0	17	77	4	25	29464	896	24	4	2	896
398	11784	0	1	6	0	1	1	0	17	236	5	25	29464	896	16	5	1	896
398	11792	0	1	6	0	1	1	0	17	236	5	25	29464	896	8	5	1	896
398	11808	0	1	6	0	2	2	0	15	94	5	25	29464	896	24	4	2	896
398	11840	0	1	6	0	1	2	0	18	77	4	26	29464	896	24	4	2	896
398	11904	0	1	6	0	1	1	0	16	94	5	26	30848	896	256	5	1	896
398	12032	0	1	6	0	1	1	0	16	94	5	26	30848	768	128	5	1	768
398	12295	2	1	4	1	2	4	0	10	222	6	22	29464	992	3096	2	2	992
398	12299	2	3	4	1	1	2	0	14	30	4	22	29464	736	1040	3	1	736,740,992
398	12301	2	3	4	1	1	2	0	14	30	4	22	29464	736	1040	3	1	736,740,992
398	12302	2	3	4	1	1	2	0	14	30	4	22	29464	736	1040	3	1	736,740,992
398	12307	2	3	4	1	1	2	0	14	30	4	22	29464	736	1032	3	1	736,740,992
398	12309	2	3	4	1	1	2	0	14	30	4	22	29464	736	1032	3	1	736,740,992
398	12310	2	3	4	1	1	2	0	14	30	4	22	29464	736	1032	3	1	736,740,992
398	12313	1	2	5	1	1	1	0	18	3	2	22	29464	736	1024	4	1	736,740
398	12314	1	2	5	1	1	1	0	18	3	2	22	29464	736	1024	4	1	736,740
398	12316	1	2	5	1	1	1	0	18	3	2	22	29464	736	1024	4	1	736,740
398	12323	2	2	4	1	1	3	0	12	94	5	22	29464	736	1048	3	1	736,992
398	12325	2	2	4	1	1	3	0	12	94	5	22	29464	736	1048	3	1	736,992
398	12326	2	2	4	1	1	3	0	12	94	5	22	29464	736	1048	3	1	736,992
398	12329	1	1	5	1	1	2	0	16	13	3	22	29464	736	1040	4	1	736
398	12330	1	1	5	1	1	2	0	16	13	3	22	29464	736	1040	4	1	736
398	12332	1	1	5	1	1	2	0	16	13	3	22	29464	736	1040	4	1	736
398	12337	1	1	5	1	1	2	0	16	13	3	22	29464	736	1032	4	1	736
398	12338	1	1	5	1	1	2	0	16	13	3	22	29464	736	1032	4	1	736
398	12340	1	1	5	1	1	2	0	16	13	3	22	29464	736	1032	4	1	736
398	12344	0	1	6	0	1	1	0	20	1	1	22	29464	736	1024	5	1	736
398	12355	2	5	4	1	1	1	0	13	94	5	23	30848	912	1024	3	1	896,912,928,960,992
398	12357	2	5	4	1	1	1	0	13	94	5	23	30848	912	1024	3	1	896,912,928,960,992
398	12358	2	5	4	1	1	1	0	13	94	5	23	30848	912	1024	3	1	896,912,928,960,992
398	12361	2	8	4	1	0	0	2	17	13	3	23	30848	784	0	4	0	736,744,784,896,912,928,960,992
398	12362	2	8	4	1	0	0	2	17	13	3	23	30848	784	0	4	0	736,744,784,896,912,928,960,992
398	12364	2	8	4	1	0	0	2	17	13	3	23	30848	784	0	4	0	736,744,784,896,912,928,960,992
398	12369	2	8	4	1	0	0	2	17	13	3	23	30848	784	0	4	0	736,744,784,896,912,928,960,992
398	12370	2	8	4	1	0	0	2	17	13	3	23	30848	784	0	4	0	736,744,784,896,912,928,960,992
398	12372	2	8	4	1	0	0	2	17	13	3	23	30848	784	0	4	0	736,744,784,896,912,928,960,992
398	12376	1	3	5	1	0	0	2	21	1	1	23	30848	784	0	5	0	736,744,784
398	12385	2	6	4	1	1	1	0	15	86	4	23	30848	912	1024	3	1	736,896,912,928,960,992
398	12386	2	6	4	1	1	1	0	15	86	4	23	30848	912	1024	3	1	736,896,912,928,960,992
398	12388	2	6	4	1	1	1	0	15	86	4	23	30848	912	1024	3	1	736,896,912,928,960,992
398	12392	1	1	5	1	1	2	0	19	12	2	23	29464	736	1040	4	1	736
398	12400	1	1	5	1	1	2	0	19	12	2	23	29464	736	1032	4	1	736
398	12419	1	1	5	1	2	1	0	15	30	4	23	30912	912	1024	3	2	912
398	12421	1	1	5	1	2	1	0	15	30	4	23	30912	912	1024	3	2	912
398	12422	1	1	5	1	2	1	0	15	30	4	23	30912	912	1024	3	2	912
398	12425	1	1	5	1	1	1	0	19	3	2	23	30912	912	1024	4	1	912
398	12426	1	1	5	1	1	1	0	19	3	2	23	30912	912	1024	4	1	912
398	12428	1	1	5	1	1	1	0	19	3	2	23	30912	912	1024	4	1	912
398	12433	1	1	5	1	1	1	0	19	3	2	23	30912	912	1024	4	1	912
398	12434	1	1	5	1	1	1	0	19	3	2	23	30912	912	1024	4	1	912
398	12436	1	1	5	1	1	1	0	19	3	2	23	30912	912	1024	4	1	912
398	12440	1	6	5	1	0	0	2	23	0	0	23	29464	608	0	5	0	608,616,736,744,784,912
398	12449	1	1	5	1	1	1	0	17	13	3	23	30912	912	1024	3	2	912
398	12450	1	1	5	1	1	1	0	17	13	3	23	30912	912	1024	3	2	912
398	12452	1	1	5	1	1	1	0	17	13	3	23	30912	912	1024	3	2	912
398	12456	1	3	5	1	0	0	1	21	1	1	23	29464	616	0	5	0	616,736,912
398	12464	1	3	5	1	0	0	1	21	1	1	23	29464	616	0	5	0	616,736,912
398	12481	0	1	6	0	2	1	0	18	13	3	24	30848	896	1024	4	2	896
398	12482	0	1	6	0	2	1	0	18	13	3	24	30848	896	1024	4	2	896
398	12484	0	1	6	0	2	1	0	18	13	3	24	30848	896	1024	4	2	896
398	12488	0	1	6	0	1	1	0	22	1	1	24	30848	896	1024	5	1	896
398	12496	0	1	6	0	1	1	0	22	1	1	24	30848	896	1024	5	1	896
398	12512	0	1	6	0	2	1	0	20	12	2	24	30848	896	1024	4	2	896
398	12547	1	1	5	1	3	3	0	13	94	5	23	30848	960	1664	2	3	960
398	12549	1	1	5	1	3	3	0	13	94	5	23	30848	960	1664	2	3	960
398	12550	1	1	5	1	3	3	0	13	94	5	23	30848	960	1664	2	3	960
398	12553	1	1	5	1	2	3	0	17	13	3	23	29464	960	3088	3	2	960
398	12554	1	1	5	1	2	3	0	17	13	3	23	29464	960	3088	3	2	960
398	12556	1	1	5	1	2	3	0	17	13	3	23	29464	960	3088	3	2	960
398	12561	1	1	5	1	2	3	0	17	13	3	23	29464	960	3080	3	2	960
398	12562	1	1	5	1	2	3	0	17	13	3	23	29464	960	3080	3	2	960
398	12564	1	1	5	1	2	3	0	17	13	3	23	29464	960	3080	3	2	960
398	12568	1	3	5	1	1	1	0	21	1	1	23	29464	704	1024	4	1	704,712,960
398	12577	1	1	5	1	2	3	0	15	77	4	23	30848	960	1664	2	3	960
398	12578	1	1	5	1	2	3	0	15	77	4	23	30848	960	1664	2	3	960
398	12580	1	1	5	1	2	3	0	15	77	4	23	30848	960	1664	2	3	960
398	12584	1	2	5	1	1	2	0	19	3	2	23	29464	704	1040	4	1	704,960
398	12592	1	2	5	1	1	2	0	19	3	2	23	29464	704	1032	4	1	704,960
398	12609	1	2	5	1	2	2	0	16	236	5	24	30848	896	1152	3	2	896,960
398	12610	1	2	5	1	2	2	0	16	236	5	24	30848	896	1152	3	2	896,960
398	12612	1	2	5	1	2	2	0	16	236	5	24	30848	896	1152	3	2	896,960
398	12616	1	2	5	1	1	2	0	18	13	3	24	30848	896	1152	4	1	896,960
398	12624	1	2	5	1	1	2	0	18	13	3	24	30848	896	1152	4	1	896,960
398	12640	1	2	5	1	2	2	0	16	86	4	24	30848	896	1152	3	2	896,960
398	12673	1	3	5	1	2	1	0	16	86	4	24	30848	896	1024	3	2	896,928,960
398	12674	1	3	5	1	2	1	0	16	86	4	24	30848	896	1024	3	2	896,928,960
398	12676	1	3	5	1	2	1	0	16	86	4	24	30848	896	1024	3	2	896,928,960
398	12680	1	3	5	1	1	1	0	20	3	2	24	30848	896	1024	4	1	896,928,960
398	12688	1	3	5	1	1	1	0	20	3	2	24	30848	896	1024	4	1	896,928,960
398	12704	1	3	5	1	1	1	0	18	13	3	24	30848	896	1024	3	2	896,928,960
398	12736	0	1	6	0	2	1	0	17	77	4	25	30848	896	1024	4	2	896
398	12803	1	1	5	1	3	3	0	13	94	5	23	30848	960	1408	2	3	960
398	12805	1	1	5	1	3	3	0	13	94	5	23	30848	960	1408	2	3	960
398	12806	1	1	5	1	3	3	0	13	94	5	23	30848	960	1408	2	3	960
398	12809	1	1	5	1	2	3	0	17	13	3	23	29464	960	3088	3	2	960
398	12810	1	1	5	1	2	3	0	17	13	3	23	29464	960	3088	3	2	960
398	12812	1	1	5	1	2	3	0	17	13	3	23	29464	960	3088	3	2	960
398	12817	1	1	5	1	2	3	0	17	13	3	23	29464	960	3080	3	2	960
398	12818	1	1	5	1	2	3	0	17	13	3	23	29464	960	3080	3	2	960
398	12820	1	1	5	1	2	3	0	17	13	3	23	29464	960	3080	3	2	960
398	12824	1	3	5	1	1	1	0	21	1	1	23	29464	704	1024	4	1	704,712,960
398	12833	1	1	5	1	2	3	0	15	77	4	23	30848	960	1408	2	3	960
398	12834	1	1	5	1	2	3	0	15	77	4	23	30848	960	1408	2	3	960
398	12836	1	1	5	1	2	3	0	15	77	4	23	30848	960	1408	2	3	960
398	12840	1	2	5	1	1	2	0	19	3	2	23	29464	704	1040	4	1	704,960
398	12848	1	2	5	1	1	2	0	19	3	2	23	29464	704	1032	4	1	704,960
398	12865	1	2	5	1	2	2	0	16	236	5	24	30848	896	1152	3	2	896,960
398	12866	1	2	5	1	2	2	0	16	236	5	24	30848	896	1152	3	2	896,960
398	12868	1	2	5	1	2	2	0	16	236	5	24	30848	896	1152	3	2	896,960
398	12872	1	2	5	1	1	2	0	18	13	3	24	30848	896	1152	4	1	896,960
398	12880	1	2	5	1	1	2	0	18	13	3	24	30848	896	1152	4	1	896,960
398	12896	1	2	5	1	2	2	0	16	86	4	24	30848	896	1152	3	2	896,960
398	12929	1	3	5	1	2	1	0	16	86	4	24	30848	896	1024	3	2	896,928,960
398	12930	1	3	5	1	2	1	0	16	86	4	24	30848	896	1024	3	2	896,928,960
398	12932	1	3	5	1	2	1	0	16	86	4	24	30848	896	1024	3	2	896,928,960
398	12936	1	3	5	1	1	1	0	20	3	2	24	30848	896	1024	4	1	896,928,960
398	12944	1	3	5	1	1	1	0	20	3	2	24	30848	896	1024	4	1	896,928,960
398	12960	1	3	5	1	1	1	0	18	13	3	24	30848	896	1024	3	2	896,928,960
398	12992	0	1	6	0	2	1	0	17	77	4	25	30848	896	1024	4	2	896
398	13057	0	1	6	0	3	2	0	16	77	4	24	30848	896	1152	3	3	896
398	13058	0	1	6	0	3	2	0	16	77	4	24	30848	896	1152	3	3	896
398	13060	0	1	6	0	3	2	0	16	77	4	24	30848	896	1152	3	3	896
398	13064	0	1	6	0	2	2	0	20	3	2	24	30848	896	1152	4	2	896
398	13072	0	1	6	0	2	2	0	20	3	2	24	30848	896	1152	4	2	896
398	13088	0	1	6	0	3	2	0	18	11	3	24	30848	896	1152	3	3	896
398	13120	0	1	6	0	3	2	0	15	94	5	25	30848	896	1152	3	3	896
398	13184	0	1	6	0	2	1	0	17	30	4	25	30848	896	1024	4	2	896
398	13315	2	2	4	1	0	0	1	12	222	6	24	30912	816	0	4	0	816,960
398	13317	2	2	4	1	0	0	1	12	222	6	24	30912	816	0	4	0	816,960
398	13318	2	2	4	1	0	0	1	12	222	6	24	30912	816	0	4	0	816,960
398	13321	2	6	4	1	0	0	2	14	94	5	24	29464	708	0	4	0	704,708,712,716,816,960
398	13322	2	6	4	1	0	0	2	14	94	5	24	29464	708	0	4	0	704,708,712,716,816,960
398	13324	2	6	4	1	0	0	2	14	94	5	24	29464	708	0	4	0	704,708,712,716,816,960
398	13329	2	6	4	1	0	0	2	14	94	5	24	29464	708	0	4	0	704,708,712,716,816,960
398	13330	2	6	4	1	0	0	2	14	94	5	24	29464	708	0	4	0	704,708,712,716,816,960
398	13332	2	6	4	1	0	0	2	14	94	5	24	29464	708	0	4	0	704,708,712,716,816,960
398	13336	1	2	5	1	0	0	1	16	75	4	24	29464	704	0	5	0	704,712
398	13345	2	6	4	1	0	0	2	14	94	5	24	29464	716	0	4	0	704,708,712,716,816,960
398	13346	2	6	4	1	0	0	2	14	94	5	24	29464	716	0	4	0	704,708,712,716,816,960
398	13348	2	6	4	1	0	0	2	14	94	5	24	29464	716	0	4	0	704,708,712,716,816,960
398	13352	1	2	5	1	0	0	1	16	77	4	24	29464	712	0	5	0	704,712
398	13360	1	2	5	1	0	0	1	16	77	4	24	29464	712	0	5	0	704,712
398	13377	1	1	5	1	0	0	2	15	94	5	25	30848	800	0	5	0	800
398	13378	1	1	5	1	0	0	2	15	94	5	25	30848	800	0	5	0	800
398	13380	1	1	5	1	0	0	2	15	94	5	25	30848	800	0	5	0	800
398	13384	1	1	5	1	0	0	2	17	77	4	25	30848	800	0	5	0	800
398	13392	1	1	5	1	0	0	2	17	77	4	25	30848	800	0	5	0	800
398	13408	1	1	5	1	0	0	2	17	86	4	25	30848	800	0	5	0	800
398	13441	1	1	5	1	0	0	1	15	94	5	25	30912	800	0	5	0	800
398	13442	1	1	5	1	0	0	1	15	94	5	25	30912	800	0	5	0	800
398	13444	1	1	5	1	0	0	1	15	94	5	25	30912	800	0	5	0	800
398	13448	1	1	5	1	0	0	1	17	75	4	25	30912	800	0	5	0	800
398	13456	1	1	5	1	0	0	1	17	75	4	25	30912	800	0	5	0	800
398	13472	1	1	5	1	0	0	1	17	77	4	25	30912	800	0	5	0	800
398	13504	0	1	6	0	0	0	2	18	77	4	26	30848	768	0	6	0	768
398	13569	1	1	5	1	1	2	0	15	94	5	25	30848	896	640	4	1	896
398	13570	1	1	5	1	1	2	0	15	94	5	25	30848	896	640	4	1	896
398	13572	1	1	5	1	1	2	0	15	94	5	25	30848	896	640	4	1	896
398	13576	1	1	5	1	1	2	0	17	77	4	25	29464	896	2064	4	1	896
398	13584	1	1	5	1	1	2	0	17	77	4	25	29464	896	2056	4	1	896
398	13600	1	1	5	1	1	2	0	17	77	4	25	30848	896	640	4	1	896
398	13632	1	3	5	1	0	0	2	18	236	5	26	30848	832	0	5	0	768,832,896
398	13696	1	3	5	1	0	0	2	16	94	5	26	30848	768	0	5	0	768,832,896
398	13825	1	1	5	1	1	2	0	15	94	5	25	30848	896	384	4	1	896
398	13826	1	1	5	1	1	2	0	15	94	5	25	30848	896	384	4	1	896
398	13828	1	1	5	1	1	2	0	15	94	5	25	30848	896	384	4	1	896
398	13832	1	1	5	1	1	2	0	17	77	4	25	29464	896	2064	4	1	896
398	13840	1	1	5	1	1	2	0	17	77	4	25	29464	896	2056	4	1	896
398	13856	1	1	5	1	1	2	0	17	77	4	25	30848	896	384	4	1	896
398	13888	1	3	5	1	0	0	2	18	236	5	26	30848	832	0	5	0	768,832,896
398	13952	1	3	5	1	0	0	2	16	94	5	26	30848	768	0	5	0	768,832,896
398	14080	0	1	6	0	1	1	0	18	77	4	26	30848	768	128	5	1	768
398	14339	0	1	6	0	3	3	0	15	94	5	25	29464	960	1048	3	3	960
398	14341	0	1	6	0	3	3	0	15	94	5	25	29464	960	1048	3	3	960
398	14342	0	1	6	0	3	3	0	15	94	5	25	29464	960	1048	3	3	960
398	14345	0	1	6	0	2	2	0	17	86	4	25	29464	960	1040	4	2	960
398	14346	0	1	6	0	2	2	0	17	86	4	25	29464	960	1040	4	2	960
398	14348	0	1	6	0	2	2	0	17	86	4	25	29464	960	1040	4	2	960
398	14353	0	1	6	0	2	2	0	17	86	4	25	29464	960	1032	4	2	960
398	14354	0	1	6	0	2	2	0	17	86	4	25	29464	960	1032	4	2	960
398	14356	0	1	6	0	2	2	0	17	86	4	25	29464	960	1032	4	2	960
398	14360	0	1	6	0	1	1	0	19	11	3	25	29464	960	1024	5	1	960
398	14369	0	1	6	0	3	3	0	17	236	5	25	29464	960	1048	3	3	960
398	14370	0	1	6	0	3	3	0	17	236	5	25	29464	960	1048	3	3	960
398	14372	0	1	6	0	3	3	0	17	236	5	25	29464	960	1048	3	3	960
398	14376	0	1	6	0	2	2	0	17	77	4	25	29464	960	1040	4	2	960
398	14384	0	1	6	0	2	2	0	17	77	4	25	29464	960	1032	4	2	960
398	14401	0	1	6	0	3	3	0	18	77	4	26	29464	960	1048	3	3	960
398	14402	0	1	6	0	3	3	0	18	77	4	26	29464	960	1048	3	3	960
398	14404	0	1	6	0	3	3	0	18	77	4	26	29464	960	1048	3	3	960
398	14408	0	1	6	0	2	2	0	20	13	3	26	29464	960	1040	4	2	960
398	14416	0	1	6	0	2	2	0	20	13	3	26	29464	960	1032	4	2	960
398	14432	0	1	6	0	3	3	0	18	86	4	26	29464	960	1048	3	3	960
398	14465	0	1	6	0	2	3	0	20	13	3	26	29464	960	1048	4	2	960
398	14466	0	1	6	0	2	3	0	20	13	3	26	29464	960	1048	4	2	960
398	14468	0	1	6	0	2	3	0	20	13	3	26	29464	960	1048	4	2	960
398	14472	0	1	6	0	1	2	0	22	3	2	26	29464	960	1040	5	1	960
398	14480	0	1	6	0	1	2	0	22	3	2	26	29464	960	1032	5	1	960
398	14496	0	1	6	0	2	3	0	20	13	3	26	29464	960	1048	4	2	960
398	14528	0	4	6	0	2	1	0	23	3	2	27	30848	768	1024	4	2	768,832,896,960
398	14593	0	1	6	0	3	3	0	18	236	5	26	29464	896	1048	3	3	896
398	14594	0	1	6	0	3	3	0	18	236	5	26	29464	896	1048	3	3	896
398	14596	0	1	6	0	3	3	0	18	236	5	26	29464	896	1048	3	3	896
398	14600	0	1	6	0	2	2	0	18	77	4	26	29464	896	1040	4	2	896
398	14608	0	1	6	0	2	2	0	18	77	4	26	29464	896	1032	4	2	896
398	14624	0	1	6	0	3	3	0	16	94	5	26	29464	896	1048	3	3	896
398	14656	0	1	6	0	3	3	0	17	94	5	27	29464	896	1048	3	3	896
398	14720	0	1	6	0	2	2	0	19	77	4	27	30848	896	1536	3	3	896
398	14849	0	1	6	0	3	3	0	18	236	5	26	29464	896	1048	3	3	896
398	14850	0	1	6	0	3	3	0	18	236	5	26	29464	896	1048	3	3	896
398	14852	0	1	6	0	3	3	0	18	236	5	26	29464	896	1048	3	3	896
398	14856	0	1	6	0	2	2	0	18	77	4	26	29464	896	1040	4	2	896
398	14864	0	1	6	0	2	2	0	18	77	4	26	29464	896	1032	4	2	896
398	14880	0	1	6	0	3	3	0	16	94	5	26	29464	896	1048	3	3	896
398	14912	0	1	6	0	3	3	0	17	94	5	27	29464	896	1048	3	3	896
398	14976	0	1	6	0	2	2	0	19	77	4	27	30848	896	1280	3	3	896
398	15104	0	1	6	0	3	2	0	17	94	5	27	30848	768	1152	3	3	768
398	15361	0	1	6	0	2	2	0	17	94	5	27	29464	896	24	4	2	896
398	15362	0	1	6	0	2	2	0	17	94	5	27	29464	896	24	4	2	896
398	15364	0	1	6	0	2	2	0	17	94	5	27	29464	896	24	4	2	896
398	15368	0	1	6	0	1	1	0	17	94	5	27	29464	896	16	5	1	896
398	15376	0	1	6	0	1	1	0	17	94	5	27	29464	896	8	5	1	896
398	15392	0	1	6	0	2	2	0	19	236	5	27	29464	896	24	4	2	896
398	15424	0	1	6	0	1	2	0	20	77	4	28	29464	896	24	4	2	896
398	15488	0	1	6	0	1	2	0	20	77	4	28	29464	896	24	4	2	896
398	15616	0	1	6	0	2	2	0	20	236	5	28	29464	768	24	4	2	768
398	15872	0	1	6	0	2	2	0	20	236	5	28	29464	768	24	4	2	768
398	16399	2	3	4	1	1	1	0	12	75	4	20	30912	652	4096	3	1	370,652,716
398	16407	2	3	4	1	1	1	0	12	75	4	20	30912	652	4096	3	1	370,652,716
398	16411	2	3	4	1	0	0	1	12	75	4	20	30912	908	0	4	0	370,652,908
398	16413	2	3	4	1	0	0	1	12	75	4	20	30912	908	0	4	0	370,652,908
398	16414	2	3	4	1	0	0	1	12	75	4	20	30912	908	0	4	0	370,652,908
398	16423	2	1	4	1	1	1	0	12	75	4	20	29464	307	8192	3	1	716
398	16427	3	10	3	1	0	0	2	12	75	4	20	29464	818	0	3	0	306,368,370,652,654,716,782,818,908,910
398	16429	3	10	3	1	0	0	2	12	75	4	20	29464	818	0	3	0	306,368,370,652,654,716,782,818,908,910
398	16430	3	10	3	1	0	0	2	12	75	4	20	29464	818	0	3	0	306,368,370,652,654,716,782,818,908,910
398	16435	3	10	3	1	0	0	2	12	75	4	20	29464	818	0	3	0	306,368,370,652,654,716,782,818,908,910
398	16437	3	10	3	1	0	0	2	12	75	4	20	29464	818	0	3	0	306,368,370,652,654,716,782,818,908,910
398	16438	3	10	3	1	0	0	2	12	75	4	20	29464	818	0	3	0	306,368,370,652,654,716,782,818,908,910
398	16441	2	1	4	1	0	0	1	12	75	4	20	30912	908	0	4	0	908
398	16442	2	1	4	1	0	0	1	12	75	4	20	30912	908	0	4	0	908
398	16444	2	1	4	1	0	0	1	12	75	4	20	30912	908	0	4	0	908
398	16455	2	1	4	1	1	2	0	13	75	4	21	29464	311	8224	2	2	712
398	16459	2	2	4	1	0	0	2	13	75	4	21	30848	904	0	4	0	904,906
398	16461	2	2	4	1	0	0	2	13	75	4	21	30848	904	0	4	0	904,906
398	16462	2	2	4	1	0	0	2	13	75	4	21	30848	904	0	4	0	904,906
398	16467	2	2	4	1	0	0	2	13	75	4	21	30848	904	0	4	0	904,906
398	16469	2	2	4	1	0	0	2	13	75	4	21	30848	904	0	4	0	904,906
398	16470	2	2	4	1	0	0	2	13	75	4	21	30848	904	0	4	0	904,906
398	16473	1	1	5	1	0	0	2	13	75	4	21	30848	904	0	5	0	904
398	16474	1	1	5	1	0	0	2	13	75	4	21	30848	904	0	5	0	904
398	16476	1	1	5	1	0	0	2	13	75	4	21	30848	904	0	5	0	904
398	16483	2	1	4	1	1	3	0	13	75	4	21	29464	782	896	3	1	782
398	16485	2	1	4	1	1	3	0	13	75	4	21	29464	782	896	3	1	782
398	16486	2	1	4	1	1	3	0	13	75	4	21	29464	782	896	3	1	782
398	16489	2	3	4	1	0	0	2	13	75	4	21	30848	904	0	4	0	780,904,908
398	16490	2	3	4	1	0	0	2	13	75	4	21	30848	904	0	4	0	780,904,908
398	16492	2	3	4	1	0	0	2	13	75	4	21	30848	904	0	4	0	780,904,908
398	16497	2	3	4	1	0	0	2	13	75	4	21	30848	904	0	4	0	780,904,908
398	16498	2	3	4	1	0	0	2	13	75	4	21	30848	904	0	4	0	780,904,908
398	16500	2	3	4	1	0	0	2	13	75	4	21	30848	904	0	4	0	780,904,908
398	16504	1	1	5	1	0	0	2	13	75	4	21	30848	904	0	5	0	904
398	16519	1	1	5	1	2	2	0	13	75	4	21	29464	311	8224	3	2	712
398	16523	2	2	4	1	1	2	0	13	75	4	21	29464	310	8224	3	1	310,712
398	16525	2	2	4	1	1	2	0	13	75	4	21	29464	310	8224	3	1	310,712
398	16526	2	2	4	1	1	2	0	13	75	4	21	29464	310	8224	3	1	310,712
398	16531	2	2	4	1	1	2	0	13	75	4	21	29464	310	8224	3	1	310,712
398	16533	2	2	4	1	1	2	0	13	75	4	21	29464	310	8224	3	1	310,712
398	16534	2	2	4	1	1	2	0	13	75	4	21	29464	310	8224	3	1	310,712
398	16537	2	1	4	1	0	0	1	13	75	4	21	30912	904	0	4	0	904
398	16538	2	1	4	1	0	0	1	13	75	4	21	30912	904	0	4	0	904
398	16540	2	1	4	1	0	0	1	13	75	4	21	30912	904	0	4	0	904
398	16547	2	3	4	1	0	0	1	13	75	4	21	29464	822	0	4	0	310,712,822
398	16549	2	3	4	1	0	0	1	13	75	4	21	29464	822	0	4	0	310,712,822
398	16550	2	3	4	1	0	0	1	13	75	4	21	29464	822	0	4	0	310,712,822
398	16553	2	1	4	1	0	0	1	13	75	4	21	29464	820	0	4	0	820
398	16554	2	1	4	1	0	0	1	13	75	4	21	29464	820	0	4	0	820
398	16556	2	1	4	1	0	0	1	13	75	4	21	29464	820	0	4	0	820
398	16561	2	1	4	1	0	0	1	13	75	4	21	29464	820	0	4	0	820
398	16562	2	1	4	1	0	0	1	13	75	4	21	29464	820	0	4	0	820
398	16564	2	1	4	1	0	0	1	13	75	4	21	29464	820	0	4	0	820
398	16568	2	2	4	1	0	0	2	13	75	4	21	29464	816	0	4	0	816,904
398	16579	2	2	4	1	1	2	0	14	75	4	22	29464	318	8224	3	1	318,704
398	16581	2	2	4	1	1	2	0	14	75	4	22	29464	318	8224	3	1	318,704
398	16582	2	2	4	1	1	2	0	14	75	4	22	29464	318	8224	3	1	318,704
398	16585	2	2	4	1	0	0	2	14	75	4	22	30848	896	0	4	0	896,900
398	16586	2	2	4	1	0	0	2	14	75	4	22	30848	896	0	4	0	896,900
398	16588	2	2	4	1	0	0	2	14	75	4	22	30848	896	0	4	0	896,900
398	16593	2	2	4	1	0	0	2	14	75	4	22	30848	896	0	4	0	896,900
398	16594	2	2	4	1	0	0	2	14	75	4	22	30848	896	0	4	0	896,900
398	16596	2	2	4	1	0	0	2	14	75	4	22	30848	896	0	4	0	896,900
398	16600	1	1	5	1	0	0	2	14	75	4	22	30848	896	0	5	0	896
398	16609	2	4	4	1	0	0	1	14	75	4	22	29464	828	0	4	0	780,796,812,828
398	16610	2	4	4	1	0	0	1	14	75	4	22	29464	828	0	4	0	780,796,812,828
398	16612	2	4	4	1	0	0	1	14	75	4	22	29464	828	0	4	0	780,796,812,828
398	16616	2	6	4	1	0	0	3	14	75	4	22	29464	824	0	4	0	776,792,808,824,896,904
398	16624	2	6	4	1	0	0	3	14	75	4	22	29464	824	0	4	0	776,792,808,824,896,904
398	16647	2	2	4	1	1	2	0	15	11	3	21	29464	295	8224	3	1	712,728
398	16651	3	20	3	1	0	0	3	15	11	3	21	29464	802	0	3	0	294,310,356,358,664,666,712,728,786,790,794,798,802,806,818,822,912,914,920,922
398	16653	3	20	3	1	0	0	3	15	11	3	21	29464	802	0	3	0	294,310,356,358,664,666,712,728,786,790,794,798,802,806,818,822,912,914,920,922
398	16654	3	20	3	1	0	0	3	15	11	3	21	29464	802	0	3	0	294,310,356,358,664,666,712,728,786,790,794,798,802,806,818,822,912,914,920,922
398	16659	3	20	3	1	0	0	3	15	11	3	21	29464	802	0	3	0	294,310,356,358,664,666,712,728,786,790,794,798,802,806,818,822,912,914,920,922
398	16661	3	20	3	1	0	0	3	15	11	3	21	29464	802	0	3	0	294,310,356,358,664,666,712,728,786,790,794,798,802,806,818,822,912,914,920,922
398	16662	3	20	3	1	0	0	3	15	11	3	21	29464	802	0	3	0	294,310,356,358,664,666,712,728,786,790,794,798,802,806,818,822,912,914,920,922
398	16665	2	2	4	1	0	0	2	15	11	3	21	30848	912	0	4	0	912,920
398	16666	2	2	4	1	0	0	2	15	11	3	21	30848	912	0	4	0	912,920
398	16668	2	2	4	1	0	0	2	15	11	3	21	30848	912	0	4	0	912,920
398	16675	2	4	4	1	0	0	1	15	11	3	21	29464	806	0	4	0	790,798,806,822
398	16677	2	4	4	1	0	0	1	15	11	3	21	29464	806	0	4	0	790,798,806,822
398	16678	2	4	4	1	0	0	1	15	11	3	21	29464	806	0	4	0	790,798,806,822
398	16681	2	4	4	1	0	0	1	15	11	3	21	29464	804	0	4	0	788,796,804,820
398	16682	2	4	4	1	0	0	1	15	11	3	21	29464	804	0	4	0	788,796,804,820
398	16684	2	4	4	1	0	0	1	15	11	3	21	29464	804	0	4	0	788,796,804,820
398	16689	2	4	4	1	0	0	1	15	11	3	21	29464	804	0	4	0	788,796,804,820
398	16690	2	4	4	1	0	0	1	15	11	3	21	29464	804	0	4	0	788,796,804,820
398	16692	2	4	4	1	0	0	1	15	11	3	21	29464	804	0	4	0	788,796,804,820
398	16696	2	6	4	1	0	0	3	15	11	3	21	29464	800	0	4	0	784,792,800,816,912,920
398	16707	2	2	4	1	1	2	0	14	77	4	22	29464	790	640	3	1	790,798
398	16709	2	2	4	1	1	2	0	14	77	4	22	29464	790	640	3	1	790,798
398	16710	2	2	4	1	1	2	0	14	77	4	22	29464	790	640	3	1	790,798
398	16713	2	4	4	1	0	0	2	14	77	4	22	30848	912	0	4	0	788,796,912,916
398	16714	2	4	4	1	0	0	2	14	77	4	22	30848	912	0	4	0	788,796,912,916
398	16716	2	4	4	1	0	0	2	14	77	4	22	30848	912	0	4	0	788,796,912,916
398	16721	2	4	4	1	0	0	2	14	77	4	22	30848	912	0	4	0	788,796,912,916
398	16722	2	4	4	1	0	0	2	14	77	4	22	30848	912	0	4	0	788,796,912,916
398	16724	2	4	4	1	0	0	2	14	77	4	22	30848	912	0	4	0	788,796,912,916
398	16728	1	1	5	1	0	0	2	14	77	4	22	30848	912	0	5	0	912
398	16737	1	1	5	1	1	2	0	14	77	4	22	29464	796	640	4	1	796
398	16738	1	1	5	1	1	2	0	14	77	4	22	29464	796	640	4	1	796
398	16740	1	1	5	1	1	2	0	14	77	4	22	29464	796	640	4	1	796
398	16744	1	1	5	1	1	2	0	14	77	4	22	29464	792	640	4	1	792
398	16752	1	1	5	1	1	2	0	14	77	4	22	29464	792	640	4	1	792
398	16771	2	4	4	1	0	0	1	14	77	4	22	29464	806	0	4	0	302,720,806,814
398	16773	2	4	4	1	0	0	1	14	77	4	22	29464	806	0	4	0	302,720,806,814
398	16774	2	4	4	1	0	0	1	14	77	4	22	29464	806	0	4	0	302,720,806,814
398	16777	2	2	4	1	0	0	1	14	77	4	22	29464	804	0	4	0	804,812
398	16778	2	2	4	1	0	0	1	14	77	4	22	29464	804	0	4	0	804,812
398	16780	2	2	4	1	0	0	1	14	77	4	22	29464	804	0	4	0	804,812
398	16785	2	2	4	1	0	0	1	14	77	4	22	29464	804	0	4	0	804,812
398	16786	2	2	4	1	0	0	1	14	77	4	22	29464	804	0	4	0	804,812
398	16788	2	2	4	1	0	0	1	14	77	4	22	29464	804	0	4	0	804,812
398	16792	2	4	4	1	0	0	3	14	77	4	22	29464	800	0	4	0	800,808,896,912
398	16801	1	1	5	1	0	0	1	14	77	4	22	29464	812	0	5	0	812
398	16802	1	1	5	1	0	0	1	14	77	4	22	29464	812	0	5	0	812
398	16804	1	1	5	1	0	0	1	14	77	4	22	29464	812	0	5	0	812
398	16808	1	1	5	1	0	0	1	14	77	4	22	29464	808	0	5	0	808
398	16816	1	1	5	1	0	0	1	14	77	4	22	29464	808	0	5	0	808
398	16833	2	4	4	1	0	0	1	13	94	5	23	29464	812	0	4	0	780,796,812,828
398	16834	2	4	4	1	0	0	1	13	94	5	23	29464	812	0	4	0	780,796,812,828
398	16836	2	4	4	1	0	0	1	13	94	5	23	29464	812	0	4	0	780,796,812,828
398	16840	2	6	4	1	0	0	3	13	94	5	23	29464	808	0	4	0	776,792,808,824,896,904
398	16848	2	6	4	1	0	0	3	13	94	5	23	29464	808	0	4	0	776,792,808,824,896,904
398	16864	1	2	5	1	0	0	1	13	94	5	23	29464	824	0	5	0	792,824
398	16903	2	2	4	1	1	2	0	15	11	3	21	29464	295	8224	3	1	712,728
398	16907	3	20	3	1	0	0	3	15	11	3	21	29464	802	0	3	0	294,310,356,358,664,666,712,728,786,790,794,798,802,806,818,822,912,914,920,922
398	16909	3	20	3	1	0	0	3	15	11	3	21	29464	802	0	3	0	294,310,356,358,664,666,712,728,786,790,794,798,802,806,818,822,912,914,920,922
398	16910	3	20	3	1	0	0	3	15	11	3	21	29464	802	0	3	0	294,310,356,358,664,666,712,728,786,790,794,798,802,806,818,822,912,914,920,922
398	16915	3	20	3	1	0	0	3	15	11	3	21	29464	802	0	3	0	294,310,356,358,664,666,712,728,786,790,794,798,802,806,818,822,912,914,920,922
398	16917	3	20	3	1	0	0	3	15	11	3	21	29464	802	0	3	0	294,310,356,358,664,666,712,728,786,790,794,798,802,806,818,822,912,914,920,922
398	16918	3	20	3	1	0	0	3	15	11	3	21	29464	802	0	3	0	294,310,356,358,664,666,712,728,786,790,794,798,802,806,818,822,912,914,920,922
398	16921	2	2	4	1	0	0	2	15	11	3	21	30848	912	0	4	0	912,920
398	16922	2	2	4	1	0	0	2	15	11	3	21	30848	912	0	4	0	912,920
398	16924	2	2	4	1	0	0	2	15	11	3	21	30848	912	0	4	0	912,920
398	16931	2	4	4	1	0	0	1	15	11	3	21	29464	806	0	4	0	790,798,806,822
398	16933	2	4	4	1	0	0	1	15	11	3	21	29464	806	0	4	0	790,798,806,822
398	16934	2	4	4	1	0	0	1	15	11	3	21	29464	806	0	4	0	790,798,806,822
398	16937	2	4	4	1	0	0	1	15	11	3	21	29464	804	0	4	0	788,796,804,820
398	16938	2	4	4	1	0	0	1	15	11	3	21	29464	804	0	4	0	788,796,804,820
398	16940	2	4	4	1	0	0	1	15	11	3	21	29464	804	0	4	0	788,796,804,820
398	16945	2	4	4	1	0	0	1	15	11	3	21	29464	804	0	4	0	788,796,804,820
398	16946	2	4	4	1	0	0	1	15	11	3	21	29464	804	0	4	0	788,796,804,820
398	16948	2	4	4	1	0	0	1	15	11	3	21	29464	804	0	4	0	788,796,804,820
398	16952	2	6	4	1	0	0	3	15	11	3	21	29464	800	0	4	0	784,792,800,816,912,920
398	16963	2	2	4	1	1	2	0	14	77	4	22	29464	790	384	3	1	790,798
398	16965	2	2	4	1	1	2	0	14	77	4	22	29464	790	384	3	1	790,798
398	16966	2	2	4	1	1	2	0	14	77	4	22	29464	790	384	3	1	790,798
398	16969	2	4	4	1	0	0	2	14	77	4	22	30848	912	0	4	0	788,796,912,916
398	16970	2	4	4	1	0	0	2	14	77	4	22	30848	912	0	4	0	788,796,912,916
398	16972	2	4	4	1	0	0	2	14	77	4	22	30848	912	0	4	0	788,796,912,916
398	16977	2	4	4	1	0	0	2	14	77	4	22	30848	912	0	4	0	788,796,912,916
398	16978	2	4	4	1	0	0	2	14	77	4	22	30848	912	0	4	0	788,796,912,916
398	16980	2	4	4	1	0	0	2	14	77	4	22	30848	912	0	4	0	788,796,912,916
398	16984	1	1	5	1	0	0	2	14	77	4	22	30848	912	0	5	0	912
398	16993	1	1	5	1	1	2	0	14	77	4	22	29464	796	384	4	1	796
398	16994	1	1	5	1	1	2	0	14	77	4	22	29464	796	384	4	1	796
398	16996	1	1	5	1	1	2	0	14	77	4	22	29464	796	384	4	1	796
398	17000	1	1	5	1	1	2	0	14	77	4	22	29464	792	384	4	1	792
398	17008	1	1	5	1	1	2	0	14	77	4	22	29464	792	384	4	1	792
398	17027	2	4	4	1	0	0	1	14	77	4	22	29464	806	0	4	0	302,720,806,814
398	17029	2	4	4	1	0	0	1	14	77	4	22	29464	806	0	4	0	302,720,806,814
398	17030	2	4	4	1	0	0	1	14	77	4	22	29464	806	0	4	0	302,720,806,814
398	17033	2	2	4	1	0	0	1	14	77	4	22	29464	804	0	4	0	804,812
398	17034	2	2	4	1	0	0	1	14	77	4	22	29464	804	0	4	0	804,812
398	17036	2	2	4	1	0	0	1	14	77	4	22	29464	804	0	4	0	804,812
398	17041	2	2	4	1	0	0	1	14	77	4	22	29464	804	0	4	0	804,812
398	17042	2	2	4	1	0	0	1	14	77	4	22	29464	804	0	4	0	804,812
398	17044	2	2	4	1	0	0	1	14	77	4	22	29464	804	0	4	0	804,812
398	17048	2	4	4	1	0	0	3	14	77	4	22	29464	800	0	4	0	800,808,896,912
398	17057	1	1	5	1	0	0	1	14	77	4	22	29464	812	0	5	0	812
398	17058	1	1	5	1	0	0	1	14	77	4	22	29464	812	0	5	0	812
398	17060	1	1	5	1	0	0	1	14	77	4	22	29464	812	0	5	0	812
398	17064	1	1	5	1	0	0	1	14	77	4	22	29464	808	0	5	0	808
398	17072	1	1	5	1	0	0	1	14	77	4	22	29464	808	0	5	0	808
398	17089	2	4	4	1	0	0	1	13	94	5	23	29464	812	0	4	0	780,796,812,828
398	17090	2	4	4	1	0	0	1	13	94	5	23	29464	812	0	4	0	780,796,812,828
398	17092	2	4	4	1	0	0	1	13	94	5	23	29464	812	0	4	0	780,796,812,828
398	17096	2	6	4	1	0	0	3	13	94	5	23	29464	808	0	4	0	776,792,808,824,896,904
398	17104	2	6	4	1	0	0	3	13	94	5	23	29464	808	0	4	0	776,792,808,824,896,904
398	17120	1	2	5	1	0	0	1	13	94	5	23	29464	824	0	5	0	792,824
398	17155	1	2	5	1	1	1	0	18	3	2	22	29464	806	128	4	1	806,814
398	17157	1	2	5	1	1	1	0	18	3	2	22	29464	806	128	4	1	806,814
398	17158	1	2	5	1	1	1	0	18	3	2	22	29464	806	128	4	1	806,814
398	17161	1	2	5	1	1	1	0	18	3	2	22	29464	804	128	4	1	804,812
398	17162	1	2	5	1	1	1	0	18	3	2	22	29464	804	128	4	1	804,812
398	17164	1	2	5	1	1	1	0	18	3	2	22	29464	804	128	4	1	804,812
398	17169	1	2	5	1	1	1	0	18	3	2	22	29464	804	128	4	1	804,812
398	17170	1	2	5	1	1	1	0	18	3	2	22	29464	804	128	4	1	804,812
398	17172	1	2	5	1	1	1	0	18	3	2	22	29464	804	128	4	1	804,812
398	17176	1	3	5	1	0	0	1	18	3	2	22	30848	928	0	5	0	800,808,928
398	17185	0	1	6	0	1	1	0	18	3	2	22	29464	812	128	5	1	812
398	17186	0	1	6	0	1	1	0	18	3	2	22	29464	812	128	5	1	812
398	17188	0	1	6	0	1	1	0	18	3	2	22	29464	812	128	5	1	812
398	17192	0	1	6	0	1	1	0	18	3	2	22	29464	808	128	5	1	808
398	17200	0	1	6	0	1	1	0	18	3	2	22	29464	808	128	5	1	808
398	17217	1	2	5	1	1	1	0	15	77	4	23	29464	812	128	4	1	812,828
398	17218	1	2	5	1	1	1	0	15	77	4	23	29464	812	128	4	1	812,828
398	17220	1	2	5	1	1	1	0	15	77	4	23	29464	812	128	4	1	812,828
398	17224	1	2	5	1	1	1	0	15	77	4	23	29464	808	128	4	1	808,824
398	17232	1	2	5	1	1	1	0	15	77	4	23	29464	808	128	4	1	808,824
398	17248	0	1	6	0	1	1	0	15	77	4	23	29464	824	128	5	1	824
398	17281	1	2	5	1	0	0	1	15	77	4	23	29464	780	0	5	0	780,796
398	17282	1	2	5	1	0	0	1	15	77	4	23	29464	780	0	5	0	780,796
398	17284	1	2	5	1	0	0	1	15	77	4	23	29464	780	0	5	0	780,796
398	17288	1	2	5	1	0	0	1	15	77	4	23	29464	776	0	5	0	776,792
398	17296	1	2	5	1	0	0	1	15	77	4	23	29464	776	0	5	0	776,792
398	17312	0	1	6	0	0	0	1	15	77	4	23	29464	792	0	6	0	792
398	17344	1	2	5	1	0	0	1	12	222	6	24	29464	792	0	5	0	792,824
398	17415	0	1	6	0	2	1	0	16	11	3	22	30912	664	4096	4	2	664
398	17419	1	2	5	1	1	1	0	14	77	4	22	30912	664	4096	4	1	358,664
398	17421	1	2	5	1	1	1	0	14	77	4	22	30912	664	4096	4	1	358,664
398	17422	1	2	5	1	1	1	0	14	77	4	22	30912	664	4096	4	1	358,664
398	17427	1	2	5	1	1	1	0	14	77	4	22	30912	664	4096	4	1	358,664
398	17429	1	2	5	1	1	1	0	14	77	4	22	30912	664	4096	4	1	358,664
398	17430	1	2	5	1	1	1	0	14	77	4	22	30912	664	4096	4	1	358,664
398	17433	2	5	4	1	0	0	1	12	94	5	22	30912	920	0	4	0	356,358,664,666,920
398	17434	2	5	4	1	0	0	1	12	94	5	22	30912	920	0	4	0	356,358,664,666,920
398	17436	2	5	4	1	0	0	1	12	94	5	22	30912	920	0	4	0	356,358,664,666,920
398	17443	1	2	5	1	1	1	0	16	11	3	22	29464	358	8192	4	1	358,664
398	17445	1	2	5	1	1	1	0	16	11	3	22	29464	358	8192	4	1	358,664
398	17446	1	2	5	1	1	1	0	16	11	3	22	29464	358	8192	4	1	358,664
398	17449	2	6	4	1	0	0	2	14	77	4	22	29464	868	0	4	0	356,358,664,666,868,920
398	17450	2	6	4	1	0	0	2	14	77	4	22	29464	868	0	4	0	356,358,664,666,868,920
398	17452	2	6	4	1	0	0	2	14	77	4	22	29464	868	0	4	0	356,358,664,666,868,920
398	17457	2	6	4	1	0	0	2	14	77	4	22	29464	868	0	4	0	356,358,664,666,868,920
398	17458	2	6	4	1	0	0	2	14	77	4	22	29464	868	0	4	0	356,358,664,666,868,920
398	17460	2	6	4	1	0	0	2	14	77	4	22	29464	868	0	4	0	356,358,664,666,868,920
398	17464	2	2	4	1	0	0	2	12	94	5	22	29464	864	0	4	0	864,920
398	17475	1	3	5	1	0	0	2	17	11	3	23	30848	912	0	5	0	366,656,912
398	17477	1	3	5	1	0	0	2	17	11	3	23	30848	912	0	5	0	366,656,912
398	17478	1	3	5	1	0	0	2	17	11	3	23	30848	912	0	5	0	366,656,912
398	17481	1	1	5	1	0	0	2	15	77	4	23	30848	912	0	5	0	912
398	17482	1	1	5	1	0	0	2	15	77	4	23	30848	912	0	5	0	912
398	17484	1	1	5	1	0	0	2	15	77	4	23	30848	912	0	5	0	912
398	17489	1	1	5	1	0	0	2	15	77	4	23	30848	912	0	5	0	912
398	17490	1	1	5	1	0	0	2	15	77	4	23	30848	912	0	5	0	912
398	17492	1	1	5	1	0	0	2	15	77	4	23	30848	912	0	5	0	912
398	17496	1	1	5	1	0	0	2	13	94	5	23	30848	912	0	5	0	912
398	17505	1	1	5	1	0	0	2	17	11	3	23	30848	912	0	5	0	912
398	17506	1	1	5	1	0	0	2	17	11	3	23	30848	912	0	5	0	912
398	17508	1	1	5	1	0	0	2	17	11	3	23	30848	912	0	5	0	912
398	17512	1	1	5	1	0	0	2	15	77	4	23	30848	912	0	5	0	912
398	17520	1	1	5	1	0	0	2	15	77	4	23	30848	912	0	5	0	912
398	17539	1	2	5	1	1	1	0	15	77	4	23	30912	656	4096	4	1	366,656
398	17541	1	2	5	1	1	1	0	15	77	4	23	30912	656	4096	4	1	366,656
398	17542	1	2	5	1	1	1	0	15	77	4	23	30912	656	4096	4	1	366,656
398	17545	2	5	4	1	0	0	1	13	94	5	23	30912	912	0	4	0	364,366,656,658,912
398	17546	2	5	4	1	0	0	1	13	94	5	23	30912	912	0	4	0	364,366,656,658,912
398	17548	2	5	4	1	0	0	1	13	94	5	23	30912	912	0	4	0	364,366,656,658,912
398	17553	2	5	4	1	0	0	1	13	94	5	23	30912	912	0	4	0	364,366,656,658,912
398	17554	2	5	4	1	0	0	1	13	94	5	23	30912	912	0	4	0	364,366,656,658,912
398	17556	2	5	4	1	0	0	1	13	94	5	23	30912	912	0	4	0	364,366,656,658,912
398	17560	2	1	4	1	0	0	1	11	222	6	23	30912	912	0	4	0	912
398	17569	2	6	4	1	0	0	2	15	77	4	23	29464	876	0	4	0	364,366,656,658,876,912
398	17570	2	6	4	1	0	0	2	15	77	4	23	29464	876	0	4	0	364,366,656,658,876,912
398	17572	2	6	4	1	0	0	2	15	77	4	23	29464	876	0	4	0	364,366,656,658,876,912
398	17576	2	2	4	1	0	0	2	13	94	5	23	29464	872	0	4	0	872,912
398	17584	2	2	4	1	0	0	2	13	94	5	23	29464	872	0	4	0	872,912
398	17601	1	1	5	1	0	0	2	16	77	4	24	30848	896	0	5	0	896
398	17602	1	1	5	1	0	0	2	16	77	4	24	30848	896	0	5	0	896
398	17604	1	1	5	1	0	0	2	16	77	4	24	30848	896	0	5	0	896
398	17608	1	1	5	1	0	0	2	14	94	5	24	30848	896	0	5	0	896
398	17616	1	1	5	1	0	0	2	14	94	5	24	30848	896	0	5	0	896
398	17632	1	1	5	1	0	0	2	16	77	4	24	30848	896	0	5	0	896
398	17667	1	2	5	1	1	1	0	19	3	2	23	30912	688	4096	4	1	334,688
398	17669	1	2	5	1	1	1	0	19	3	2	23	30912	688	4096	4	1	334,688
398	17670	1	2	5	1	1	1	0	19	3	2	23	30912	688	4096	4	1	334,688
398	17673	2	8	4	1	0	0	3	17	13	3	23	29464	836	0	4	0	332,334,688,690,836,844,928,944
398	17674	2	8	4	1	0	0	3	17	13	3	23	29464	836	0	4	0	332,334,688,690,836,844,928,944
398	17676	2	8	4	1	0	0	3	17	13	3	23	29464	836	0	4	0	332,334,688,690,836,844,928,944
398	17681	2	8	4	1	0	0	3	17	13	3	23	29464	836	0	4	0	332,334,688,690,836,844,928,944
398	17682	2	8	4	1	0	0	3	17	13	3	23	29464	836	0	4	0	332,334,688,690,836,844,928,944
398	17684	2	8	4	1	0	0	3	17	13	3	23	29464	836	0	4	0	332,334,688,690,836,844,928,944
398	17688	2	4	4	1	0	0	3	15	30	4	23	29464	832	0	4	0	832,840,928,944
398	17697	1	1	5	1	0	0	1	19	3	2	23	29464	844	0	5	0	844
398	17698	1	1	5	1	0	0	1	19	3	2	23	29464	844	0	5	0	844
398	17700	1	1	5	1	0	0	1	19	3	2	23	29464	844	0	5	0	844
398	17704	1	1	5	1	0	0	1	17	13	3	23	29464	840	0	5	0	840
398	17712	1	1	5	1	0	0	1	17	13	3	23	29464	840	0	5	0	840
398	17729	1	1	5	1	0	0	2	18	13	3	24	30848	928	0	5	0	928
398	17730	1	1	5	1	0	0	2	18	13	3	24	30848	928	0	5	0	928
398	17732	1	1	5	1	0	0	2	18	13	3	24	30848	928	0	5	0	928
398	17736	1	1	5	1	0	0	2	16	86	4	24	30848	928	0	5	0	928
398	17744	1	1	5	1	0	0	2	16	86	4	24	30848	928	0	5	0	928
398	17760	1	3	5	1	0	0	3	18	13	3	24	29464	856	0	5	0	824,856,928
398	17793	2	8	4	1	0	0	3	16	77	4	24	29464	844	0	4	0	348,350,672,674,844,860,896,928
398	17794	2	8	4	1	0	0	3	16	77	4	24	29464	844	0	4	0	348,350,672,674,844,860,896,928
398	17796	2	8	4	1	0	0	3	16	77	4	24	29464	844	0	4	0	348,350,672,674,844,860,896,928
398	17800	2	4	4	1	0	0	3	14	94	5	24	29464	840	0	4	0	840,856,896,928
398	17808	2	4	4	1	0	0	3	14	94	5	24	29464	840	0	4	0	840,856,896,928
398	17824	1	1	5	1	0	0	1	16	77	4	24	29464	856	0	5	0	856
398	17856	1	1	5	1	0	0	2	15	94	5	25	30848	896	0	5	0	896
398	17923	1	2	5	1	1	1	0	19	3	2	23	30912	688	4096	4	1	334,688
398	17925	1	2	5	1	1	1	0	19	3	2	23	30912	688	4096	4	1	334,688
398	17926	1	2	5	1	1	1	0	19	3	2	23	30912	688	4096	4	1	334,688
398	17929	2	8	4	1	0	0	3	17	13	3	23	29464	836	0	4	0	332,334,688,690,836,844,928,944
398	17930	2	8	4	1	0	0	3	17	13	3	23	29464	836	0	4	0	332,334,688,690,836,844,928,944
398	17932	2	8	4	1	0	0	3	17	13	3	23	29464	836	0	4	0	332,334,688,690,836,844,928,944
398	17937	2	8	4	1	0	0	3	17	13	3	23	29464	836	0	4	0	332,334,688,690,836,844,928,944
398	17938	2	8	4	1	0	0	3	17	13	3	23	29464	836	0	4	0	332,334,688,690,836,844,928,944
398	17940	2	8	4	1	0	0	3	17	13	3	23	29464	836	0	4	0	332,334,688,690,836,844,928,944
398	17944	2	4	4	1	0	0	3	15	30	4	23	29464	832	0	4	0	832,840,928,944
398	17953	1	1	5	1	0	0	1	19	3	2	23	29464	844	0	5	0	844
398	17954	1	1	5	1	0	0	1	19	3	2	23	29464	844	0	5	0	844
398	17956	1	1	5	1	0	0	1	19	3	2	23	29464	844	0	5	0	844
398	17960	1	1	5	1	0	0	1	17	13	3	23	29464	840	0	5	0	840
398	17968	1	1	5	1	0	0	1	17	13	3	23	29464	840	0	5	0	840
398	17985	1	1	5	1	0	0	2	18	13	3	24	30848	928	0	5	0	928
398	17986	1	1	5	1	0	0	2	18	13	3	24	30848	928	0	5	0	928
398	17988	1	1	5	1	0	0	2	18	13	3	24	30848	928	0	5	0	928
398	17992	1	1	5	1	0	0	2	16	86	4	24	30848	928	0	5	0	928
398	18000	1	1	5	1	0	0	2	16	86	4	24	30848	928	0	5	0	928
398	18016	1	3	5	1	0	0	3	18	13	3	24	29464	856	0	5	0	824,856,928
398	18049	2	8	4	1	0	0	3	16	77	4	24	29464	844	0	4	0	348,350,672,674,844,860,896,928
398	18050	2	8	4	1	0	0	3	16	77	4	24	29464	844	0	4	0	348,350,672,674,844,860,896,928
398	18052	2	8	4	1	0	0	3	16	77	4	24	29464	844	0	4	0	348,350,672,674,844,860,896,928
398	18056	2	4	4	1	0	0	3	14	94	5	24	29464	840	0	4	0	840,856,896,928
398	18064	2	4	4	1	0	0	3	14	94	5	24	29464	840	0	4	0	840,856,896,928
398	18080	1	1	5	1	0	0	1	16	77	4	24	29464	856	0	5	0	856
398	18112	1	1	5	1	0	0	2	15	94	5	25	30848	896	0	5	0	896
398	18177	1	6	5	1	0	0	2	22	1	1	24	29464	780	0	5	0	780,796,844,860,896,960
398	18178	1	6	5	1	0	0	2	22	1	1	24	29464	780	0	5	0	780,796,844,860,896,960
398	18180	1	6	5	1	0	0	2	22	1	1	24	29464	780	0	5	0	780,796,844,860,896,960
398	18184	1	6	5	1	0	0	2	20	3	2	24	29464	776	0	5	0	776,792,840,856,896,960
398	18192	1	6	5	1	0	0	2	20	3	2	24	29464	776	0	5	0	776,792,840,856,896,960
398	18208	0	2	6	0	0	0	1	22	1	1	24	29464	792	0	6	0	792,856
398	18240	1	6	5	1	0	0	3	19	11	3	25	29464	792	0	5	0	792,824,856,888,896,960
398	18304	1	3	5	1	0	0	2	17	75	4	25	29464	792	0	5	0	792,824,896
398	18439	1	2	5	1	2	2	0	17	11	3	23	30912	795	24	3	2	228,484
398	18443	1	1	5	1	1	1	0	15	77	4	23	30912	794	16	4	1	794
398	18445	1	1	5	1	1	1	0	15	77	4	23	30912	794	16	4	1	794
398	18446	1	1	5	1	1	1	0	15	77	4	23	30912	794	16	4	1	794
398	18451	1	1	5	1	1	1	0	15	77	4	23	30912	794	8	4	1	794
398	18453	1	1	5	1	1	1	0	15	77	4	23	30912	794	8	4	1	794
398	18454	1	1	5	1	1	1	0	15	77	4	23	30912	794	8	4	1	794
398	18457	1	1	5	1	0	0	1	13	94	5	23	30912	792	0	5	0	792
398	18458	1	1	5	1	0	0	1	13	94	5	23	30912	792	0	5	0	792
398	18460	1	1	5	1	0	0	1	13	94	5	23	30912	792	0	5	0	792
398	18467	1	1	5	1	2	2	0	15	77	4	23	30912	798	24	3	2	798
398	18469	1	1	5	1	2	2	0	15	77	4	23	30912	798	24	3	2	798
398	18470	1	1	5	1	2	2	0	15	77	4	23	30912	798	24	3	2	798
398	18473	1	1	5	1	1	1	0	13	94	5	23	30912	796	16	4	1	796
398	18474	1	1	5	1	1	1	0	13	94	5	23	30912	796	16	4	1	796
398	18476	1	1	5	1	1	1	0	13	94	5	23	30912	796	16	4	1	796
398	18481	1	1	5	1	1	1	0	13	94	5	23	30912	796	8	4	1	796
398	18482	1	1	5	1	1	1	0	13	94	5	23	30912	796	8	4	1	796
398	18484	1	1	5	1	1	1	0	13	94	5	23	30912	796	8	4	1	796
398	18488	1	1	5	1	0	0	1	11	222	6	23	30912	792	0	5	0	792
398	18499	0	1	6	0	2	2	0	18	11	3	24	30848	790	24	4	2	790
398	18501	0	1	6	0	2	2	0	18	11	3	24	30848	790	24	4	2	790
398	18502	0	1	6	0	2	2	0	18	11	3	24	30848	790	24	4	2	790
398	18505	0	1	6	0	1	1	0	16	77	4	24	30848	788	16	5	1	788
398	18506	0	1	6	0	1	1	0	16	77	4	24	30848	788	16	5	1	788
398	18508	0	1	6	0	1	1	0	16	77	4	24	30848	788	16	5	1	788
398	18513	0	1	6	0	1	1	0	16	77	4	24	30848	788	8	5	1	788
398	18514	0	1	6	0	1	1	0	16	77	4	24	30848	788	8	5	1	788
398	18516	0	1	6	0	1	1	0	16	77	4	24	30848	788	8	5	1	788
398	18520	0	1	6	0	0	0	2	14	94	5	24	30848	784	0	6	0	784
398	18529	0	1	6	0	2	2	0	16	77	4	24	30848	796	24	4	2	796
398	18530	0	1	6	0	2	2	0	16	77	4	24	30848	796	24	4	2	796
398	18532	0	1	6	0	2	2	0	16	77	4	24	30848	796	24	4	2	796
398	18536	0	1	6	0	1	1	0	14	94	5	24	30848	792	16	5	1	792
398	18544	0	1	6	0	1	1	0	14	94	5	24	30848	792	8	5	1	792
398	18563	1	1	5	1	1	2	0	18	11	3	24	30912	790	24	3	2	790
398	18565	1	1	5	1	1	2	0	18	11	3	24	30912	790	24	3	2	790
398	18566	1	1	5	1	1	2	0	18	11	3	24	30912	790	24	3	2	790
398	18569	1	1	5	1	1	1	0	16	77	4	24	30912	788	16	4	1	788
398	18570	1	1	5	1	1	1	0	16	77	4	24	30912	788	16	4	1	788
398	18572	1	1	5	1	1	1	0	16	77	4	24	30912	788	16	4	1	788
398	18577	1	1	5	1	1	1	0	16	77	4	24	30912	788	8	4	1	788
398	18578	1	1	5	1	1	1	0	16	77	4	24	30912	788	8	4	1	788
398	18580	1	1	5	1	1	1	0	16	77	4	24	30912	788	8	4	1	788
398	18584	1	1	5	1	0	0	1	14	94	5	24	30912	784	0	5	0	784
398	18593	1	1	5	1	1	2	0	16	77	4	24	30912	796	24	3	2	796
398	18594	1	1	5	1	1	2	0	16	77	4	24	30912	796	24	3	2	796
398	18596	1	1	5	1	1	2	0	16	77	4	24	30912	796	24	3	2	796
398	18600	1	1	5	1	1	1	0	14	94	5	24	30912	792	16	4	1	792
398	18608	1	1	5	1	1	1	0	14	94	5	24	30912	792	8	4	1	792
398	18625	0	1	6	0	2	2	0	19	11	3	25	29464	780	768	4	2	780
398	18626	0	1	6	0	2	2	0	19	11	3	25	29464	780	768	4	2	780
398	18628	0	1	6	0	2	2	0	19	11	3	25	29464	780	768	4	2	780
398	18632	0	1	6	0	1	1	0	17	77	4	25	30848	776	16	5	1	776
398	18640	0	1	6	0	1	1	0	17	77	4	25	30848	776	8	5	1	776
398	18656	0	1	6	0	2	2	0	17	77	4	25	29464	792	768	4	2	792
398	18691	1	2	5	1	1	2	0	18	76	3	24	29464	806	640	4	1	806,822
398	18693	1	2	5	1	1	2	0	18	76	3	24	29464	806	640	4	1	806,822
398	18694	1	2	5	1	1	2	0	18	76	3	24	29464	806	640	4	1	806,822
398	18697	1	2	5	1	1	1	0	16	86	4	24	30848	804	16	4	1	804,820
398	18698	1	2	5	1	1	1	0	16	86	4	24	30848	804	16	4	1	804,820
398	18700	1	2	5	1	1	1	0	16	86	4	24	30848	804	16	4	1	804,820
398	18705	1	2	5	1	1	1	0	16	86	4	24	30848	804	8	4	1	804,820
398	18706	1	2	5	1	1	1	0	16	86	4	24	30848	804	8	4	1	804,820
398	18708	1	2	5	1	1	1	0	16	86	4	24	30848	804	8	4	1	804,820
398	18712	1	2	5	1	0	0	2	14	94	5	24	30848	800	0	5	0	800,816
398	18721	1	2	5	1	1	2	0	16	86	4	24	29464	812	640	4	1	812,828
398	18722	1	2	5	1	1	2	0	16	86	4	24	29464	812	640	4	1	812,828
398	18724	1	2	5	1	1	2	0	16	86	4	24	29464	812	640	4	1	812,828
398	18728	1	2	5	1	1	1	0	14	94	5	24	30848	808	16	4	1	808,824
398	18736	1	2	5	1	1	1	0	14	94	5	24	30848	808	8	4	1	808,824
398	18753	0	1	6	0	2	2	0	17	86	4	25	29464	812	640	4	2	812
398	18754	0	1	6	0	2	2	0	17	86	4	25	29464	812	640	4	2	812
398	18756	0	1	6	0	2	2	0	17	86	4	25	29464	812	640	4	2	812
398	18760	0	1	6	0	1	1	0	17	236	5	25	30848	808	16	5	1	808
398	18768	0	1	6	0	1	1	0	17	236	5	25	30848	808	8	5	1	808
398	18784	0	1	6	0	2	2	0	17	236	5	25	29464	824	640	4	2	824
398	18817	1	3	5	1	0	0	1	17	86	4	25	29464	844	0	5	0	780,812,844
398	18818	1	3	5	1	0	0	1	17	86	4	25	29464	844	0	5	0	780,812,844
398	18820	1	3	5	1	0	0	1	17	86	4	25	29464	844	0	5	0	780,812,844
398	18824	1	3	5	1	0	0	1	17	236	5	25	29464	840	0	5	0	776,808,840
398	18832	1	3	5	1	0	0	1	17	236	5	25	29464	840	0	5	0	776,808,840
398	18848	1	3	5	1	0	0	1	17	236	5	25	29464	856	0	5	0	792,824,856
398	18880	0	1	6	0	1	1	0	16	94	5	26	29464	792	512	5	1	792
398	18947	1	2	5	1	1	2	0	18	76	3	24	29464	806	384	4	1	806,822
398	18949	1	2	5	1	1	2	0	18	76	3	24	29464	806	384	4	1	806,822
398	18950	1	2	5	1	1	2	0	18	76	3	24	29464	806	384	4	1	806,822
398	18953	1	2	5	1	1	1	0	16	86	4	24	30848	804	16	4	1	804,820
398	18954	1	2	5	1	1	1	0	16	86	4	24	30848	804	16	4	1	804,820
398	18956	1	2	5	1	1	1	0	16	86	4	24	30848	804	16	4	1	804,820
398	18961	1	2	5	1	1	1	0	16	86	4	24	30848	804	8	4	1	804,820
398	18962	1	2	5	1	1	1	0	16	86	4	24	30848	804	8	4	1	804,820
398	18964	1	2	5	1	1	1	0	16	86	4	24	30848	804	8	4	1	804,820
398	18968	1	2	5	1	0	0	2	14	94	5	24	30848	800	0	5	0	800,816
398	18977	1	2	5	1	1	2	0	16	86	4	24	29464	812	384	4	1	812,828
398	18978	1	2	5	1	1	2	0	16	86	4	24	29464	812	384	4	1	812,828
398	18980	1	2	5	1	1	2	0	16	86	4	24	29464	812	384	4	1	812,828
398	18984	1	2	5	1	1	1	0	14	94	5	24	30848	808	16	4	1	808,824
398	18992	1	2	5	1	1	1	0	14	94	5	24	30848	808	8	4	1	808,824
398	19009	0	1	6	0	2	2	0	17	86	4	25	29464	812	384	4	2	812
398	19010	0	1	6	0	2	2	0	17	86	4	25	29464	812	384	4	2	812
398	19012	0	1	6	0	2	2	0	17	86	4	25	29464	812	384	4	2	812
398	19016	0	1	6	0	1	1	0	17	236	5	25	30848	808	16	5	1	808
398	19024	0	1	6	0	1	1	0	17	236	5	25	30848	808	8	5	1	808
398	19040	0	1	6	0	2	2	0	17	236	5	25	29464	824	384	4	2	824
398	19073	1	3	5	1	0	0	1	17	86	4	25	29464	844	0	5	0	780,812,844
398	19074	1	3	5	1	0	0	1	17	86	4	25	29464	844	0	5	0	780,812,844
398	19076	1	3	5	1	0	0	1	17	86	4	25	29464	844	0	5	0	780,812,844
398	19080	1	3	5	1	0	0	1	17	236	5	25	29464	840	0	5	0	776,808,840
398	19088	1	3	5	1	0	0	1	17	236	5	25	29464	840	0	5	0	776,808,840
398	19104	1	3	5	1	0	0	1	17	236	5	25	29464	856	0	5	0	792,824,856
398	19136	0	1	6	0	1	1	0	16	94	5	26	29464	792	256	5	1	792
398	19201	0	1	6	0	1	1	0	19	76	3	25	29464	844	128	5	1	844
398	19202	0	1	6	0	1	1	0	19	76	3	25	29464	844	128	5	1	844
398	19204	0	1	6	0	1	1	0	19	76	3	25	29464	844	128	5	1	844
398	19208	0	1	6	0	1	1	0	17	77	4	25	29464	840	128	5	1	840
398	19216	0	1	6	0	1	1	0	17	77	4	25	29464	840	128	5	1	840
398	19232	0	1	6	0	1	1	0	17	77	4	25	29464	856	128	5	1	856
398	19264	0	1	6	0	1	1	0	16	94	5	26	29464	856	128	5	1	856
398	19328	0	1	6	0	0	0	1	16	94	5	26	29464	792	0	6	0	792
398	19459	1	12	5	1	0	0	1	21	3	2	25	30912	816	0	5	0	456,458,460,462,560,562,564,566,816,818,820,822
398	19461	1	12	5	1	0	0	1	21	3	2	25	30912	816	0	5	0	456,458,460,462,560,562,564,566,816,818,820,822
398	19462	1	12	5	1	0	0	1	21	3	2	25	30912	816	0	5	0	456,458,460,462,560,562,564,566,816,818,820,822
398	19465	1	2	5	1	0	0	1	17	77	4	25	30912	816	0	5	0	816,820
398	19466	1	2	5	1	0	0	1	17	77	4	25	30912	816	0	5	0	816,820
398	19468	1	2	5	1	0	0	1	17	77	4	25	30912	816	0	5	0	816,820
398	19473	1	2	5	1	0	0	1	17	77	4	25	30912	816	0	5	0	816,820
398	19474	1	2	5	1	0	0	1	17	77	4	25	30912	816	0	5	0	816,820
398	19476	1	2	5	1	0	0	1	17	77	4	25	30912	816	0	5	0	816,820
398	19480	1	1	5	1	0	0	1	13	222	6	25	30912	816	0	5	0	816
398	19489	1	4	5	1	0	0	1	19	13	3	25	30912	816	0	5	0	816,820,824,828
398	19490	1	4	5	1	0	0	1	19	13	3	25	30912	816	0	5	0	816,820,824,828
398	19492	1	4	5	1	0	0	1	19	13	3	25	30912	816	0	5	0	816,820,824,828
398	19496	1	2	5	1	0	0	1	15	94	5	25	30912	816	0	5	0	816,824
398	19504	1	2	5	1	0	0	1	15	94	5	25	30912	816	0	5	0	816,824
398	19521	0	4	6	0	0	0	2	22	3	2	26	30848	800	0	6	0	800,804,808,812
398	19522	0	4	6	0	0	0	2	22	3	2	26	30848	800	0	6	0	800,804,808,812
398	19524	0	4	6	0	0	0	2	22	3	2	26	30848	800	0	6	0	800,804,808,812
398	19528	0	2	6	0	0	0	2	18	77	4	26	30848	800	0	6	0	800,808
398	19536	0	2	6	0	0	0	2	18	77	4	26	30848	800	0	6	0	800,808
398	19552	0	4	6	0	0	0	2	20	13	3	26	30848	800	0	6	0	800,808,816,824
398	19585	1	4	5	1	0	0	1	20	13	3	26	30912	800	0	5	0	800,804,808,812
398	19586	1	4	5	1	0	0	1	20	13	3	26	30912	800	0	5	0	800,804,808,812
398	19588	1	4	5	1	0	0	1	20	13	3	26	30912	800	0	5	0	800,804,808,812
398	19592	1	2	5	1	0	0	1	16	94	5	26	30912	800	0	5	0	800,808
398	19600	1	2	5	1	0	0	1	16	94	5	26	30912	800	0	5	0	800,808
398	19616	1	4	5	1	0	0	1	18	86	4	26	30912	800	0	5	0	800,808,816,824
398	19648	0	4	6	0	0	0	2	21	13	3	27	30848	768	0	6	0	768,776,784,792
398	19713	1	12	5	1	0	0	3	22	12	2	26	29464	908	0	5	0	832,836,840,844,864,868,872,876,896,900,904,908
398	19714	1	12	5	1	0	0	3	22	12	2	26	29464	908	0	5	0	832,836,840,844,864,868,872,876,896,900,904,908
398	19716	1	12	5	1	0	0	3	22	12	2	26	29464	908	0	5	0	832,836,840,844,864,868,872,876,896,900,904,908
398	19720	1	6	5	1	0	0	3	18	77	4	26	29464	904	0	5	0	832,840,864,872,896,904
398	19728	1	6	5	1	0	0	3	18	77	4	26	29464	904	0	5	0	832,840,864,872,896,904
398	19744	1	12	5	1	0	0	3	20	13	3	26	29464	920	0	5	0	832,840,848,856,864,872,880,888,896,904,912,920
398	19776	0	4	6	0	0	0	2	21	13	3	27	30848	832	0	6	0	832,840,848,856
398	19840	1	12	5	1	0	0	3	19	77	4	27	29464	920	0	5	0	768,776,784,792,832,840,848,856,896,904,912,920
398	19969	1	12	5	1	0	0	3	22	12	2	26	29464	908	0	5	0	832,836,840,844,864,868,872,876,896,900,904,908
398	19970	1	12	5	1	0	0	3	22	12	2	26	29464	908	0	5	0	832,836,840,844,864,868,872,876,896,900,904,908
398	19972	1	12	5	1	0	0	3	22	12	2	26	29464	908	0	5	0	832,836,840,844,864,868,872,876,896,900,904,908
398	19976	1	6	5	1	0	0	3	18	77	4	26	29464	904	0	5	0	832,840,864,872,896,904
398	19984	1	6	5	1	0	0	3	18	77	4	26	29464	904	0	5	0	832,840,864,872,896,904
398	20000	1	12	5	1	0	0	3	20	13	3	26	29464	920	0	5	0	832,840,848,856,864,872,880,888,896,904,912,920
398	20032	0	4	6	0	0	0	2	21	13	3	27	30848	832	0	6	0	832,840,848,856
398	20096	1	12	5	1	0	0	3	19	77	4	27	29464	920	0	5	0	768,776,784,792,832,840,848,856,896,904,912,920
398	20224	0	8	6	0	0	0	2	23	3	2	27	29464	792	0	6	0	768,776,784,792,896,904,912,920
398	20487	2	5	4	1	0	0	1	11	222	6	23	30912	792	0	4	0	228,230,792,794,920
398	20491	1	2	5	1	0	0	1	13	94	5	23	30912	792	0	5	0	792,794
398	20493	1	2	5	1	0	0	1	13	94	5	23	30912	792	0	5	0	792,794
398	20494	1	2	5	1	0	0	1	13	94	5	23	30912	792	0	5	0	792,794
398	20499	1	2	5	1	0	0	1	13	94	5	23	30912	792	0	5	0	792,794
398	20501	1	2	5	1	0	0	1	13	94	5	23	30912	792	0	5	0	792,794
398	20502	1	2	5	1	0	0	1	13	94	5	23	30912	792	0	5	0	792,794
398	20505	0	1	6	0	0	0	1	15	77	4	23	30912	792	0	6	0	792
398	20506	0	1	6	0	0	0	1	15	77	4	23	30912	792	0	6	0	792
398	20508	0	1	6	0	0	0	1	15	77	4	23	30912	792	0	6	0	792
398	20515	2	6	4	1	0	0	1	13	94	5	23	30912	792	0	4	0	542,792,794,796,798,920
398	20517	2	6	4	1	0	0	1	13	94	5	23	30912	792	0	4	0	542,792,794,796,798,920
398	20518	2	6	4	1	0	0	1	13	94	5	23	30912	792	0	4	0	542,792,794,796,798,920
398	20521	1	2	5	1	0	0	1	15	77	4	23	30912	792	0	5	0	792,796
398	20522	1	2	5	1	0	0	1	15	77	4	23	30912	792	0	5	0	792,796
398	20524	1	2	5	1	0	0	1	15	77	4	23	30912	792	0	5	0	792,796
398	20529	1	2	5	1	0	0	1	15	77	4	23	30912	792	0	5	0	792,796
398	20530	1	2	5	1	0	0	1	15	77	4	23	30912	792	0	5	0	792,796
398	20532	1	2	5	1	0	0	1	15	77	4	23	30912	792	0	5	0	792,796
398	20536	0	1	6	0	0	0	1	17	11	3	23	30912	792	0	6	0	792
398	20547	2	5	4	1	0	0	2	12	222	6	24	30848	784	0	4	0	784,786,788,790,912
398	20549	2	5	4	1	0	0	2	12	222	6	24	30848	784	0	4	0	784,786,788,790,912
398	20550	2	5	4	1	0	0	2	12	222	6	24	30848	784	0	4	0	784,786,788,790,912
398	20553	1	2	5	1	0	0	2	14	94	5	24	30848	784	0	5	0	784,788
398	20554	1	2	5	1	0	0	2	14	94	5	24	30848	784	0	5	0	784,788
398	20556	1	2	5	1	0	0	2	14	94	5	24	30848	784	0	5	0	784,788
398	20561	1	2	5	1	0	0	2	14	94	5	24	30848	784	0	5	0	784,788
398	20562	1	2	5	1	0	0	2	14	94	5	24	30848	784	0	5	0	784,788
398	20564	1	2	5	1	0	0	2	14	94	5	24	30848	784	0	5	0	784,788
398	20568	0	1	6	0	0	0	2	16	77	4	24	30848	784	0	6	0	784
398	20577	2	6	4	1	0	0	2	14	94	5	24	30848	784	0	4	0	540,784,788,792,796,912
398	20578	2	6	4	1	0	0	2	14	94	5	24	30848	784	0	4	0	540,784,788,792,796,912
398	20580	2	6	4	1	0	0	2	14	94	5	24	30848	784	0	4	0	540,784,788,792,796,912
398	20584	1	2	5	1	0	0	2	16	77	4	24	30848	784	0	5	0	784,792
398	20592	1	2	5	1	0	0	2	16	77	4	24	30848	784	0	5	0	784,792
398	20611	1	1	5	1	1	1	0	14	94	5	24	30912	912	1024	4	1	912
398	20613	1	1	5	1	1	1	0	14	94	5	24	30912	912	1024	4	1	912
398	20614	1	1	5	1	1	1	0	14	94	5	24	30912	912	1024	4	1	912
398	20617	1	3	5	1	0	0	1	16	77	4	24	30912	784	0	5	0	784,788,912
398	20618	1	3	5	1	0	0	1	16	77	4	24	30912	784	0	5	0	784,788,912
398	20620	1	3	5	1	0	0	1	16	77	4	24	30912	784	0	5	0	784,788,912
398	20625	1	3	5	1	0	0	1	16	77	4	24	30912	784	0	5	0	784,788,912
398	20626	1	3	5	1	0	0	1	16	77	4	24	30912	784	0	5	0	784,788,912
398	20628	1	3	5	1	0	0	1	16	77	4	24	30912	784	0	5	0	784,788,912
398	20632	0	1	6	0	0	0	1	18	11	3	24	30912	784	0	6	0	784
398	20641	1	1	5	1	1	1	0	16	77	4	24	30912	912	1024	4	1	912
398	20642	1	1	5	1	1	1	0	16	77	4	24	30912	912	1024	4	1	912
398	20644	1	1	5	1	1	1	0	16	77	4	24	30912	912	1024	4	1	912
398	20648	1	3	5	1	0	0	1	18	11	3	24	30912	784	0	5	0	784,792,912
398	20656	1	3	5	1	0	0	1	18	11	3	24	30912	784	0	5	0	784,792,912
398	20673	1	1	5	1	1	1	0	15	94	5	25	30848	896	1024	4	1	896
398	20674	1	1	5	1	1	1	0	15	94	5	25	30848	896	1024	4	1	896
398	20676	1	1	5	1	1	1	0	15	94	5	25	30848	896	1024	4	1	896
398	20680	1	3	5	1	0	0	2	17	77	4	25	30848	768	0	5	0	768,776,896
398	20688	1	3	5	1	0	0	2	17	77	4	25	30848	768	0	5	0	768,776,896
398	20704	1	1	5	1	1	1	0	17	77	4	25	30848	896	1024	4	1	896
398	20739	2	8	4	1	0	0	1	16	30	4	24	30912	816	0	4	0	566,574,816,818,820,822,912,944
398	20741	2	8	4	1	0	0	1	16	30	4	24	30912	816	0	4	0	566,574,816,818,820,822,912,944
398	20742	2	8	4	1	0	0	1	16	30	4	24	30912	816	0	4	0	566,574,816,818,820,822,912,944
398	20745	1	2	5	1	0	0	1	18	13	3	24	30912	816	0	5	0	816,820
398	20746	1	2	5	1	0	0	1	18	13	3	24	30912	816	0	5	0	816,820
398	20748	1	2	5	1	0	0	1	18	13	3	24	30912	816	0	5	0	816,820
398	20753	1	2	5	1	0	0	1	18	13	3	24	30912	816	0	5	0	816,820
398	20754	1	2	5	1	0	0	1	18	13	3	24	30912	816	0	5	0	816,820
398	20756	1	2	5	1	0	0	1	18	13	3	24	30912	816	0	5	0	816,820
398	20760	0	1	6	0	0	0	1	20	3	2	24	30912	816	0	6	0	816
398	20769	1	1	5	1	1	3	0	18	13	3	24	29464	572	704	4	1	572
398	20770	1	1	5	1	1	3	0	18	13	3	24	29464	572	704	4	1	572
398	20772	1	1	5	1	1	3	0	18	13	3	24	29464	572	704	4	1	572
398	20776	1	3	5	1	0	0	1	20	3	2	24	30912	816	0	5	0	568,816,824
398	20784	1	3	5	1	0	0	1	20	3	2	24	30912	816	0	5	0	568,816,824
398	20801	2	8	4	1	0	0	2	15	94	5	25	30848	800	0	4	0	556,572,800,804,808,812,896,928
398	20802	2	8	4	1	0	0	2	15	94	5	25	30848	800	0	4	0	556,572,800,804,808,812,896,928
398	20804	2	8	4	1	0	0	2	15	94	5	25	30848	800	0	4	0	556,572,800,804,808,812,896,928
398	20808	1	2	5	1	0	0	2	17	77	4	25	30848	800	0	5	0	800,808
398	20816	1	2	5	1	0	0	2	17	77	4	25	30848	800	0	5	0	800,808
398	20832	1	1	5	1	1	2	0	17	77	4	25	29464	568	640	4	1	568
398	20865	1	1	5	1	1	1	0	17	86	4	25	30912	928	1024	4	1	928
398	20866	1	1	5	1	1	1	0	17	86	4	25	30912	928	1024	4	1	928
398	20868	1	1	5	1	1	1	0	17	86	4	25	30912	928	1024	4	1	928
398	20872	1	3	5	1	0	0	1	19	13	3	25	30912	800	0	5	0	800,808,928
398	20880	1	3	5	1	0	0	1	19	13	3	25	30912	800	0	5	0	800,808,928
398	20896	1	3	5	1	0	0	1	19	13	3	25	29464	600	0	5	0	568,600,928
398	20928	1	1	5	1	1	1	0	16	94	5	26	30848	896	1024	4	1	896
398	20995	2	8	4	1	0	0	1	16	30	4	24	30912	816	0	4	0	566,574,816,818,820,822,912,944
398	20997	2	8	4	1	0	0	1	16	30	4	24	30912	816	0	4	0	566,574,816,818,820,822,912,944
398	20998	2	8	4	1	0	0	1	16	30	4	24	30912	816	0	4	0	566,574,816,818,820,822,912,944
398	21001	1	2	5	1	0	0	1	18	13	3	24	30912	816	0	5	0	816,820
398	21002	1	2	5	1	0	0	1	18	13	3	24	30912	816	0	5	0	816,820
398	21004	1	2	5	1	0	0	1	18	13	3	24	30912	816	0	5	0	816,820
398	21009	1	2	5	1	0	0	1	18	13	3	24	30912	816	0	5	0	816,820
398	21010	1	2	5	1	0	0	1	18	13	3	24	30912	816	0	5	0	816,820
398	21012	1	2	5	1	0	0	1	18	13	3	24	30912	816	0	5	0	816,820
398	21016	0	1	6	0	0	0	1	20	3	2	24	30912	816	0	6	0	816
398	21025	1	1	5	1	1	3	0	18	13	3	24	29464	572	448	4	1	572
398	21026	1	1	5	1	1	3	0	18	13	3	24	29464	572	448	4	1	572
398	21028	1	1	5	1	1	3	0	18	13	3	24	29464	572	448	4	1	572
398	21032	1	3	5	1	0	0	1	20	3	2	24	30912	816	0	5	0	568,816,824
398	21040	1	3	5	1	0	0	1	20	3	2	24	30912	816	0	5	0	568,816,824
398	21057	2	8	4	1	0	0	2	15	94	5	25	30848	800	0	4	0	556,572,800,804,808,812,896,928
398	21058	2	8	4	1	0	0	2	15	94	5	25	30848	800	0	4	0	556,572,800,804,808,812,896,928
398	21060	2	8	4	1	0	0	2	15	94	5	25	30848	800	0	4	0	556,572,800,804,808,812,896,928
398	21064	1	2	5	1	0	0	2	17	77	4	25	30848	800	0	5	0	800,808
398	21072	1	2	5	1	0	0	2	17	77	4	25	30848	800	0	5	0	800,808
398	21088	1	1	5	1	1	2	0	17	77	4	25	29464	568	384	4	1	568
398	21121	1	1	5	1	1	1	0	17	86	4	25	30912	928	1024	4	1	928
398	21122	1	1	5	1	1	1	0	17	86	4	25	30912	928	1024	4	1	928
398	21124	1	1	5	1	1	1	0	17	86	4	25	30912	928	1024	4	1	928
398	21128	1	3	5	1	0	0	1	19	13	3	25	30912	800	0	5	0	800,808,928
398	21136	1	3	5	1	0	0	1	19	13	3	25	30912	800	0	5	0	800,808,928
398	21152	1	3	5	1	0	0	1	19	13	3	25	29464	600	0	5	0	568,600,928
398	21184	1	1	5	1	1	1	0	16	94	5	26	30848	896	1024	4	1	896
398	21249	1	6	5	1	1	1	0	21	3	2	25	29464	588	128	4	1	588,604,620,636,896,928
398	21250	1	6	5	1	1	1	0	21	3	2	25	29464	588	128	4	1	588,604,620,636,896,928
398	21252	1	6	5	1	1	1	0	21	3	2	25	29464	588	128	4	1	588,604,620,636,896,928
398	21256	1	10	5	1	0	0	2	23	1	1	25	30848	832	0	5	0	584,600,616,632,832,840,864,872,896,928
398	21264	1	10	5	1	0	0	2	23	1	1	25	30848	832	0	5	0	584,600,616,632,832,840,864,872,896,928
398	21280	0	2	6	0	1	1	0	23	1	1	25	29464	600	128	5	1	600,632
398	21312	1	3	5	1	1	1	0	18	75	4	26	29464	600	128	4	1	600,632,896
398	21376	1	6	5	1	0	0	1	20	11	3	26	29464	536	0	5	0	536,568,600,632,896,960
398	21507	0	1	6	0	0	0	1	15	94	5	25	30912	816	0	6	0	816
398	21509	0	1	6	0	0	0	1	15	94	5	25	30912	816	0	6	0	816
398	21510	0	1	6	0	0	0	1	15	94	5	25	30912	816	0	6	0	816
398	21513	0	1	6	0	0	0	1	17	236	5	25	30912	816	0	6	0	816
398	21514	0	1	6	0	0	0	1	17	236	5	25	30912	816	0	6	0	816
398	21516	0	1	6	0	0	0	1	17	236	5	25	30912	816	0	6	0	816
398	21521	0	1	6	0	0	0	1	17	236	5	25	30912	816	0	6	0	816
398	21522	0	1	6	0	0	0	1	17	236	5	25	30912	816	0	6	0	816
398	21524	0	1	6	0	0	0	1	17	236	5	25	30912	816	0	6	0	816
398	21528	0	1	6	0	0	0	1	15	94	5	25	30912	816	0	6	0	816
398	21537	0	1	6	0	0	0	1	17	86	4	25	30912	816	0	6	0	816
398	21538	0	1	6	0	0	0	1	17	86	4	25	30912	816	0	6	0	816
398	21540	0	1	6	0	0	0	1	17	86	4	25	30912	816	0	6	0	816
398	21544	0	1	6	0	0	0	1	17	86	4	25	30912	816	0	6	0	816
398	21552	0	1	6	0	0	0	1	17	86	4	25	30912	816	0	6	0	816
398	21569	0	1	6	0	0	0	2	16	94	5	26	30848	800	0	6	0	800
398	21570	0	1	6	0	0	0	2	16	94	5	26	30848	800	0	6	0	800
398	21572	0	1	6	0	0	0	2	16	94	5	26	30848	800	0	6	0	800
398	21576	0	1	6	0	0	0	2	18	236	5	26	30848	800	0	6	0	800
398	21584	0	1	6	0	0	0	2	18	236	5	26	30848	800	0	6	0	800
398	21600	0	1	6	0	0	0	2	18	86	4	26	30848	800	0	6	0	800
398	21633	0	1	6	0	0	0	1	18	236	5	26	30912	800	0	6	0	800
398	21634	0	1	6	0	0	0	1	18	236	5	26	30912	800	0	6	0	800
398	21636	0	1	6	0	0	0	1	18	236	5	26	30912	800	0	6	0	800
398	21640	0	1	6	0	0	0	1	16	94	5	26	30912	800	0	6	0	800
398	21648	0	1	6	0	0	0	1	16	94	5	26	30912	800	0	6	0	800
398	21664	0	1	6	0	0	0	1	18	86	4	26	30912	800	0	6	0	800
398	21696	0	1	6	0	0	0	2	19	236	5	27	30848	768	0	6	0	768
398	21761	0	1	6	0	0	0	1	20	13	3	26	30912	864	0	6	0	864
398	21762	0	1	6	0	0	0	1	20	13	3	26	30912	864	0	6	0	864
398	21764	0	1	6	0	0	0	1	20	13	3	26	30912	864	0	6	0	864
398	21768	0	1	6	0	0	0	1	20	13	3	26	30912	864	0	6	0	864
398	21776	0	1	6	0	0	0	1	20	13	3	26	30912	864	0	6	0	864
398	21792	0	1	6	0	0	0	1	22	12	2	26	30912	864	0	6	0	864
398	21824	0	1	6	0	0	0	2	19	77	4	27	30848	832	0	6	0	832
398	21888	0	1	6	0	0	0	1	19	77	4	27	30912	832	0	6	0	832
398	22017	0	1	6	0	0	0	1	20	13	3	26	30912	864	0	6	0	864
398	22018	0	1	6	0	0	0	1	20	13	3	26	30912	864	0	6	0	864
398	22020	0	1	6	0	0	0	1	20	13	3	26	30912	864	0	6	0	864
398	22024	0	1	6	0	0	0	1	20	13	3	26	30912	864	0	6	0	864
398	22032	0	1	6	0	0	0	1	20	13	3	26	30912	864	0	6	0	864
398	22048	0	1	6	0	0	0	1	22	12	2	26	30912	864	0	6	0	864
398	22080	0	1	6	0	0	0	2	19	77	4	27	30848	832	0	6	0	832
398	22144	0	1	6	0	0	0	1	19	77	4	27	30912	832	0	6	0	832
398	22272	0	4	6	0	0	0	2	25	1	1	27	30848	896	0	6	0	768,832,896,960
398	22531	0	1	6	0	2	2	0	16	94	5	26	30912	566	24	4	2	566
398	22533	0	1	6	0	2	2	0	16	94	5	26	30912	566	24	4	2	566
398	22534	0	1	6	0	2	2	0	16	94	5	26	30912	566	24	4	2	566
398	22537	0	1	6	0	1	1	0	18	236	5	26	30912	564	16	5	1	564
398	22538	0	1	6	0	1	1	0	18	236	5	26	30912	564	16	5	1	564
398	22540	0	1	6	0	1	1	0	18	236	5	26	30912	564	16	5	1	564
398	22545	0	1	6	0	1	1	0	18	236	5	26	30912	564	8	5	1	564
398	22546	0	1	6	0	1	1	0	18	236	5	26	30912	564	8	5	1	564
398	22548	0	1	6	0	1	1	0	18	236	5	26	30912	564	8	5	1	564
398	22552	0	1	6	0	0	0	1	16	94	5	26	30912	560	0	6	0	560
398	22561	0	1	6	0	2	2	0	18	236	5	26	30912	572	24	4	2	572
398	22562	0	1	6	0	2	2	0	18	236	5	26	30912	572	24	4	2	572
398	22564	0	1	6	0	2	2	0	18	236	5	26	30912	572	24	4	2	572
398	22568	0	1	6	0	1	1	0	16	94	5	26	30912	568	16	5	1	568
398	22576	0	1	6	0	1	1	0	16	94	5	26	30912	568	8	5	1	568
398	22593	0	1	6	0	2	2	0	17	94	5	27	30848	556	24	4	2	556
398	22594	0	1	6	0	2	2	0	17	94	5	27	30848	556	24	4	2	556
398	22596	0	1	6	0	2	2	0	17	94	5	27	30848	556	24	4	2	556
398	22600	0	1	6	0	1	1	0	19	236	5	27	30848	552	16	5	1	552
398	22608	0	1	6	0	1	1	0	19	236	5	27	30848	552	8	5	1	552
398	22624	0	1	6	0	2	2	0	19	236	5	27	30848	568	24	4	2	568
398	22657	0	1	6	0	2	2	0	19	86	4	27	30912	556	24	4	2	556
398	22658	0	1	6	0	2	2	0	19	86	4	27	30912	556	24	4	2	556
398	22660	0	1	6	0	2	2	0	19	86	4	27	30912	556	24	4	2	556
398	22664	0	1	6	0	1	1	0	19	86	4	27	30912	552	16	5	1	552
398	22672	0	1	6	0	1	1	0	19	86	4	27	30912	552	8	5	1	552
398	22688	0	1	6	0	2	2	0	19	86	4	27	30912	568	24	4	2	568
398	22720	0	1	6	0	2	2	0	20	86	4	28	29464	536	768	4	2	536
398	22785	0	1	6	0	2	2	0	19	86	4	27	30912	620	24	4	2	620
398	22786	0	1	6	0	2	2	0	19	86	4	27	30912	620	24	4	2	620
398	22788	0	1	6	0	2	2	0	19	86	4	27	30912	620	24	4	2	620
398	22792	0	1	6	0	1	1	0	19	77	4	27	30912	616	16	5	1	616
398	22800	0	1	6	0	1	1	0	19	77	4	27	30912	616	8	5	1	616
398	22816	0	1	6	0	2	2	0	19	77	4	27	30912	632	24	4	2	632
398	22848	0	1	6	0	2	2	0	18	94	5	28	29464	600	640	4	2	600
398	22912	0	1	6	0	1	2	0	20	86	4	28	29464	600	576	5	1	600
398	23041	0	1	6	0	2	2	0	19	86	4	27	30912	620	24	4	2	620
398	23042	0	1	6	0	2	2	0	19	86	4	27	30912	620	24	4	2	620
398	23044	0	1	6	0	2	2	0	19	86	4	27	30912	620	24	4	2	620
398	23048	0	1	6	0	1	1	0	19	77	4	27	30912	616	16	5	1	616
398	23056	0	1	6	0	1	1	0	19	77	4	27	30912	616	8	5	1	616
398	23072	0	1	6	0	2	2	0	19	77	4	27	30912	632	24	4	2	632
398	23104	0	1	6	0	2	2	0	18	94	5	28	29464	600	384	4	2	600
398	23168	0	1	6	0	1	2	0	20	86	4	28	29464	600	320	5	1	600
398	23296	0	2	6	0	1	1	0	22	11	3	28	29464	664	128	5	1	664,728
398	23553	0	4	6	0	0	0	1	20	77	4	28	30912	608	0	6	0	608,612,616,620
398	23554	0	4	6	0	0	0	1	20	77	4	28	30912	608	0	6	0	608,612,616,620
398	23556	0	4	6	0	0	0	1	20	77	4	28	30912	608	0	6	0	608,612,616,620
398	23560	0	2	6	0	0	0	1	18	94	5	28	30912	608	0	6	0	608,616
398	23568	0	2	6	0	0	0	1	18	94	5	28	30912	608	0	6	0	608,616
398	23584	0	4	6	0	0	0	1	20	86	4	28	30912	608	0	6	0	608,616,624,632
398	23616	0	4	6	0	0	0	2	21	77	4	29	30848	576	0	6	0	576,584,592,600
398	23680	0	4	6	0	0	0	1	21	86	4	29	30912	576	0	6	0	576,584,592,600
398	23808	0	4	6	0	0	0	1	23	13	3	29	30912	704	0	6	0	704,712,720,728
398	24064	0	4	6	0	0	0	1	23	13	3	29	30912	704	0	6	0	704,712,720,728
398	24583	1	1	5	1	1	1	0	12	222	6	24	29464	615	32	4	1	408
398	24587	1	1	5	1	1	1	0	14	94	5	24	29464	614	32	4	1	614
398	24589	1	1	5	1	1	1	0	14	94	5	24	29464	614	32	4	1	614
398	24590	1	1	5	1	1	1	0	14	94	5	24	29464	614	32	4	1	614
398	24595	1	1	5	1	1	1	0	14	94	5	24	29464	614	32	4	1	614
398	24597	1	1	5	1	1	1	0	14	94	5	24	29464	614	32	4	1	614
398	24598	1	1	5	1	1	1	0	14	94	5	24	29464	614	32	4	1	614
398	24601	1	2	5	1	1	1	0	16	77	4	24	29464	612	32	4	1	612,740
398	24602	1	2	5	1	1	1	0	16	77	4	24	29464	612	32	4	1	612,740
398	24604	1	2	5	1	1	1	0	16	77	4	24	29464	612	32	4	1	612,740
398	24611	1	1	5	1	0	0	1	12	222	6	24	29464	614	0	5	0	614
398	24613	1	1	5	1	0	0	1	12	222	6	24	29464	614	0	5	0	614
398	24614	1	1	5	1	0	0	1	12	222	6	24	29464	614	0	5	0	614
398	24617	1	1	5	1	0	0	1	14	94	5	24	29464	612	0	5	0	612
398	24618	1	1	5	1	0	0	1	14	94	5	24	29464	612	0	5	0	612
398	24620	1	1	5	1	0	0	1	14	94	5	24	29464	612	0	5	0	612
398	24625	1	1	5	1	0	0	1	14	94	5	24	29464	612	0	5	0	612
398	24626	1	1	5	1	0	0	1	14	94	5	24	29464	612	0	5	0	612
398	24628	1	1	5	1	0	0	1	14	94	5	24	29464	612	0	5	0	612
398	24632	1	2	5	1	0	0	1	16	77	4	24	29464	608	0	5	0	608,736
398	24643	1	1	5	1	1	1	0	15	94	5	25	29464	622	32	4	1	622
398	24645	1	1	5	1	1	1	0	15	94	5	25	29464	622	32	4	1	622
398	24646	1	1	5	1	1	1	0	15	94	5	25	29464	622	32	4	1	622
398	24649	1	1	5	1	1	1	0	17	77	4	25	29464	620	32	4	1	620
398	24650	1	1	5	1	1	1	0	17	77	4	25	29464	620	32	4	1	620
398	24652	1	1	5	1	1	1	0	17	77	4	25	29464	620	32	4	1	620
398	24657	1	1	5	1	1	1	0	17	77	4	25	29464	620	32	4	1	620
398	24658	1	1	5	1	1	1	0	17	77	4	25	29464	620	32	4	1	620
398	24660	1	1	5	1	1	1	0	17	77	4	25	29464	620	32	4	1	620
398	24664	1	3	5	1	0	0	2	19	11	3	25	30848	784	0	5	0	616,744,784
398	24673	1	1	5	1	0	0	1	15	94	5	25	29464	620	0	5	0	620
398	24674	1	1	5	1	0	0	1	15	94	5	25	29464	620	0	5	0	620
398	24676	1	1	5	1	0	0	1	15	94	5	25	29464	620	0	5	0	620
398	24680	1	1	5	1	0	0	1	17	77	4	25	29464	616	0	5	0	616
398	24688	1	1	5	1	0	0	1	17	77	4	25	29464	616	0	5	0	616
398	24707	0	1	6	0	1	1	0	15	94	5	25	29464	622	32	5	1	622
398	24709	0	1	6	0	1	1	0	15	94	5	25	29464	622	32	5	1	622
398	24710	0	1	6	0	1	1	0	15	94	5	25	29464	622	32	5	1	622
398	24713	0	1	6	0	1	1	0	17	77	4	25	29464	620	32	5	1	620
398	24714	0	1	6	0	1	1	0	17	77	4	25	29464	620	32	5	1	620
398	24716	0	1	6	0	1	1	0	17	77	4	25	29464	620	32	5	1	620
398	24721	0	1	6	0	1	1	0	17	77	4	25	29464	620	32	5	1	620
398	24722	0	1	6	0	1	1	0	17	77	4	25	29464	620	32	5	1	620
398	24724	0	1	6	0	1	1	0	17	77	4	25	29464	620	32	5	1	620
398	24728	0	1	6	0	1	1	0	19	11	3	25	29464	616	32	5	1	616
398	24737	0	1	6	0	0	0	1	15	94	5	25	29464	620	0	6	0	620
398	24738	0	1	6	0	0	0	1	15	94	5	25	29464	620	0	6	0	620
398	24740	0	1	6	0	0	0	1	15	94	5	25	29464	620	0	6	0	620
398	24744	0	1	6	0	0	0	1	17	77	4	25	29464	616	0	6	0	616
398	24752	0	1	6	0	0	0	1	17	77	4	25	29464	616	0	6	0	616
398	24769	0	1	6	0	1	1	0	18	77	4	26	29464	636	32	5	1	636
398	24770	0	1	6	0	1	1	0	18	77	4	26	29464	636	32	5	1	636
398	24772	0	1	6	0	1	1	0	18	77	4	26	29464	636	32	5	1	636
398	24776	0	1	6	0	1	1	0	20	11	3	26	29464	632	32	5	1	632
398	24784	0	1	6	0	1	1	0	20	11	3	26	29464	632	32	5	1	632
398	24800	0	1	6	0	0	0	1	18	77	4	26	29464	632	0	6	0	632
398	24835	1	2	5	1	1	1	0	15	94	5	25	29464	590	32	4	1	590,622
398	24837	1	2	5	1	1	1	0	15	94	5	25	29464	590	32	4	1	590,622
398	24838	1	2	5	1	1	1	0	15	94	5	25	29464	590	32	4	1	590,622
398	24841	1	2	5	1	1	1	0	17	86	4	25	29464	588	32	4	1	588,620
398	24842	1	2	5	1	1	1	0	17	86	4	25	29464	588	32	4	1	588,620
398	24844	1	2	5	1	1	1	0	17	86	4	25	29464	588	32	4	1	588,620
398	24849	1	2	5	1	1	1	0	17	86	4	25	29464	588	32	4	1	588,620
398	24850	1	2	5	1	1	1	0	17	86	4	25	29464	588	32	4	1	588,620
398	24852	1	2	5	1	1	1	0	17	86	4	25	29464	588	32	4	1	588,620
398	24856	1	3	5	1	1	1	0	19	76	3	25	29464	584	32	4	1	584,616,712
398	24865	1	2	5	1	0	0	1	15	94	5	25	29464	588	0	5	0	588,620
398	24866	1	2	5	1	0	0	1	15	94	5	25	29464	588	0	5	0	588,620
398	24868	1	2	5	1	0	0	1	15	94	5	25	29464	588	0	5	0	588,620
398	24872	1	2	5	1	0	0	1	17	86	4	25	29464	584	0	5	0	584,616
398	24880	1	2	5	1	0	0	1	17	86	4	25	29464	584	0	5	0	584,616
398	24897	1	3	5	1	1	1	0	18	236	5	26	29464	604	32	4	1	572,604,636
398	24898	1	3	5	1	1	1	0	18	236	5	26	29464	604	32	4	1	572,604,636
398	24900	1	3	5	1	1	1	0	18	236	5	26	29464	604	32	4	1	572,604,636
398	24904	1	3	5	1	1	1	0	18	86	4	26	29464	600	32	4	1	568,600,632
398	24912	1	3	5	1	1	1	0	18	86	4	26	29464	600	32	4	1	568,600,632
398	24928	1	3	5	1	0	0	1	18	236	5	26	29464	600	0	5	0	568,600,632
398	24961	0	1	6	0	1	1	0	18	236	5	26	29464	604	32	5	1	604
398	24962	0	1	6	0	1	1	0	18	236	5	26	29464	604	32	5	1	604
398	24964	0	1	6	0	1	1	0	18	236	5	26	29464	604	32	5	1	604
398	24968	0	1	6	0	1	1	0	18	86	4	26	29464	600	32	5	1	600
398	24976	0	1	6	0	1	1	0	18	86	4	26	29464	600	32	5	1	600
398	24992	0	1	6	0	0	0	1	18	236	5	26	29464	600	0	6	0	600
398	25024	0	1	6	0	1	1	0	17	94	5	27	29464	632	32	5	1	632
398	25091	1	2	5	1	1	1	0	15	94	5	25	29464	590	32	4	1	590,622
398	25093	1	2	5	1	1	1	0	15	94	5	25	29464	590	32	4	1	590,622
398	25094	1	2	5	1	1	1	0	15	94	5	25	29464	590	32	4	1	590,622
398	25097	1	2	5	1	1	1	0	17	86	4	25	29464	588	32	4	1	588,620
398	25098	1	2	5	1	1	1	0	17	86	4	25	29464	588	32	4	1	588,620
398	25100	1	2	5	1	1	1	0	17	86	4	25	29464	588	32	4	1	588,620
398	25105	1	2	5	1	1	1	0	17	86	4	25	29464	588	32	4	1	588,620
398	25106	1	2	5	1	1	1	0	17	86	4	25	29464	588	32	4	1	588,620
398	25108	1	2	5	1	1	1	0	17	86	4	25	29464	588	32	4	1	588,620
398	25112	1	3	5	1	1	1	0	19	76	3	25	29464	584	32	4	1	584,616,712
398	25121	1	2	5	1	0	0	1	15	94	5	25	29464	588	0	5	0	588,620
398	25122	1	2	5	1	0	0	1	15	94	5	25	29464	588	0	5	0	588,620
398	25124	1	2	5	1	0	0	1	15	94	5	25	29464	588	0	5	0	588,620
398	25128	1	2	5	1	0	0	1	17	86	4	25	29464	584	0	5	0	584,616
398	25136	1	2	5	1	0	0	1	17	86	4	25	29464	584	0	5	0	584,616
398	25153	1	3	5	1	1	1	0	18	236	5	26	29464	604	32	4	1	572,604,636
398	25154	1	3	5	1	1	1	0	18	236	5	26	29464	604	32	4	1	572,604,636
398	25156	1	3	5	1	1	1	0	18	236	5	26	29464	604	32	4	1	572,604,636
398	25160	1	3	5	1	1	1	0	18	86	4	26	29464	600	32	4	1	568,600,632
398	25168	1	3	5	1	1	1	0	18	86	4	26	29464	600	32	4	1	568,600,632
398	25184	1	3	5	1	0	0	1	18	236	5	26	29464	600	0	5	0	568,600,632
398	25217	0	1	6	0	1	1	0	18	236	5	26	29464	604	32	5	1	604
398	25218	0	1	6	0	1	1	0	18	236	5	26	29464	604	32	5	1	604
398	25220	0	1	6	0	1	1	0	18	236	5	26	29464	604	32	5	1	604
398	25224	0	1	6	0	1	1	0	18	86	4	26	29464	600	32	5	1	600
398	25232	0	1	6	0	1	1	0	18	86	4	26	29464	600	32	5	1	600
398	25248	0	1	6	0	0	0	1	18	236	5	26	29464	600	0	6	0	600
398	25280	0	1	6	0	1	1	0	17	94	5	27	29464	632	32	5	1	632
398	25345	0	1	6	0	2	2	0	18	77	4	26	29464	604	160	4	2	604
398	25346	0	1	6	0	2	2	0	18	77	4	26	29464	604	160	4	2	604
398	25348	0	1	6	0	2	2	0	18	77	4	26	29464	604	160	4	2	604
398	25352	0	1	6	0	2	2	0	20	76	3	26	29464	600	160	4	2	600
398	25360	0	1	6	0	2	2	0	20	76	3	26	29464	600	160	4	2	600
398	25376	0	1	6	0	1	1	0	18	77	4	26	29464	600	128	5	1	600
398	25408	0	1	6	0	2	2	0	17	94	5	27	29464	632	160	4	2	632
398	25472	0	1	6	0	1	1	0	17	94	5	27	29464	568	32	5	1	568
398	25603	0	1	6	0	1	1	0	16	94	5	26	29464	718	32	5	1	718
398	25605	0	1	6	0	1	1	0	16	94	5	26	29464	718	32	5	1	718
398	25606	0	1	6	0	1	1	0	16	94	5	26	29464	718	32	5	1	718
398	25609	0	1	6	0	1	1	0	18	236	5	26	29464	716	32	5	1	716
398	25610	0	1	6	0	1	1	0	18	236	5	26	29464	716	32	5	1	716
398	25612	0	1	6	0	1	1	0	18	236	5	26	29464	716	32	5	1	716
398	25617	0	1	6	0	1	1	0	18	236	5	26	29464	716	32	5	1	716
398	25618	0	1	6	0	1	1	0	18	236	5	26	29464	716	32	5	1	716
398	25620	0	1	6	0	1	1	0	18	236	5	26	29464	716	32	5	1	716
398	25624	0	1	6	0	1	1	0	16	94	5	26	29464	712	32	5	1	712
398	25633	0	1	6	0	0	0	1	16	94	5	26	29464	716	0	6	0	716
398	25634	0	1	6	0	0	0	1	16	94	5	26	29464	716	0	6	0	716
398	25636	0	1	6	0	0	0	1	16	94	5	26	29464	716	0	6	0	716
398	25640	0	1	6	0	0	0	1	18	236	5	26	29464	712	0	6	0	712
398	25648	0	1	6	0	0	0	1	18	236	5	26	29464	712	0	6	0	712
398	25665	0	1	6	0	1	1	0	19	86	4	27	29464	732	32	5	1	732
398	25666	0	1	6	0	1	1	0	19	86	4	27	29464	732	32	5	1	732
398	25668	0	1	6	0	1	1	0	19	86	4	27	29464	732	32	5	1	732
398	25672	0	1	6	0	1	1	0	19	86	4	27	29464	728	32	5	1	728
398	25680	0	1	6	0	1	1	0	19	86	4	27	29464	728	32	5	1	728
398	25696	0	1	6	0	0	0	1	19	86	4	27	29464	728	0	6	0	728
398	25729	0	1	6	0	1	1	0	19	236	5	27	29464	732	32	5	1	732
398	25730	0	1	6	0	1	1	0	19	236	5	27	29464	732	32	5	1	732
398	25732	0	1	6	0	1	1	0	19	236	5	27	29464	732	32	5	1	732
398	25736	0	1	6	0	1	1	0	17	94	5	27	29464	728	32	5	1	728
398	25744	0	1	6	0	1	1	0	17	94	5	27	29464	728	32	5	1	728
398	25760	0	1	6	0	0	0	1	19	236	5	27	29464	728	0	6	0	728
398	25792	0	1	6	0	1	1	0	20	86	4	28	29464	760	32	5	1	760
398	25857	0	1	6	0	1	1	0	19	77	4	27	29464	668	32	5	1	668
398	25858	0	1	6	0	1	1	0	19	77	4	27	29464	668	32	5	1	668
398	25860	0	1	6	0	1	1	0	19	77	4	27	29464	668	32	5	1	668
398	25864	0	1	6	0	1	1	0	19	86	4	27	29464	664	32	5	1	664
398	25872	0	1	6	0	1	1	0	19	86	4	27	29464	664	32	5	1	664
398	25888	0	1	6	0	0	0	1	19	77	4	27	29464	664	0	6	0	664
398	25920	0	1	6	0	1	1	0	20	86	4	28	29464	696	32	5	1	696
398	25984	0	1	6	0	1	1	0	18	94	5	28	29464	696	32	5	1	696
398	26113	0	1	6	0	1	1	0	19	77	4	27	29464	668	32	5	1	668
398	26114	0	1	6	0	1	1	0	19	77	4	27	29464	668	32	5	1	668
398	26116	0	1	6	0	1	1	0	19	77	4	27	29464	668	32	5	1	668
398	26120	0	1	6	0	1	1	0	19	86	4	27	29464	664	32	5	1	664
398	26128	0	1	6	0	1	1	0	19	86	4	27	29464	664	32	5	1	664
398	26144	0	1	6	0	0	0	1	19	77	4	27	29464	664	0	6	0	664
398	26176	0	1	6	0	1	1	0	20	86	4	28	29464	696	32	5	1	696
398	26240	0	1	6	0	1	1	0	18	94	5	28	29464	696	32	5	1	696
398	26368	0	2	6	0	1	1	0	22	11	3	28	29464	568	32	5	1	568,696
398	26627	1	6	5	1	0	0	1	19	30	4	27	29464	710	0	5	0	566,574,710,718,960,968
398	26629	1	6	5	1	0	0	1	19	30	4	27	29464	710	0	5	0	566,574,710,718,960,968
398	26630	1	6	5	1	0	0	1	19	30	4	27	29464	710	0	5	0	566,574,710,718,960,968
398	26633	1	6	5	1	0	0	1	19	86	4	27	29464	708	0	5	0	564,572,708,716,960,968
398	26634	1	6	5	1	0	0	1	19	86	4	27	29464	708	0	5	0	564,572,708,716,960,968
398	26636	1	6	5	1	0	0	1	19	86	4	27	29464	708	0	5	0	564,572,708,716,960,968
398	26641	1	6	5	1	0	0	1	19	86	4	27	29464	708	0	5	0	564,572,708,716,960,968
398	26642	1	6	5	1	0	0	1	19	86	4	27	29464	708	0	5	0	564,572,708,716,960,968
398	26644	1	6	5	1	0	0	1	19	86	4	27	29464	708	0	5	0	564,572,708,716,960,968
398	26648	1	6	5	1	0	0	2	19	30	4	27	29464	704	0	5	0	560,568,704,712,960,968
398	26657	1	3	5	1	0	0	1	17	94	5	27	29464	716	0	5	0	572,716,960
398	26658	1	3	5	1	0	0	1	17	94	5	27	29464	716	0	5	0	572,716,960
398	26660	1	3	5	1	0	0	1	17	94	5	27	29464	716	0	5	0	572,716,960
398	26664	1	3	5	1	0	0	1	17	94	5	27	29464	712	0	5	0	568,712,960
398	26672	1	3	5	1	0	0	1	17	94	5	27	29464	712	0	5	0	568,712,960
398	26689	0	2	6	0	1	2	0	22	13	3	28	30848	556	24	4	2	556,572
398	26690	0	2	6	0	1	2	0	22	13	3	28	30848	556	24	4	2	556,572
398	26692	0	2	6	0	1	2	0	22	13	3	28	30848	556	24	4	2	556,572
398	26696	0	2	6	0	1	1	0	22	13	3	28	30848	552	16	5	1	552,568
398	26704	0	2	6	0	1	1	0	22	13	3	28	30848	552	8	5	1	552,568
398	26720	0	1	6	0	1	2	0	20	77	4	28	30848	568	24	4	2	568
398	26753	0	2	6	0	0	0	1	22	13	3	28	29464	716	0	6	0	716,732
398	26754	0	2	6	0	0	0	1	22	13	3	28	29464	716	0	6	0	716,732
398	26756	0	2	6	0	0	0	1	22	13	3	28	29464	716	0	6	0	716,732
398	26760	0	2	6	0	0	0	1	22	13	3	28	29464	712	0	6	0	712,728
398	26768	0	2	6	0	0	0	1	22	13	3	28	29464	712	0	6	0	712,728
398	26784	0	1	6	0	0	0	1	20	77	4	28	29464	728	0	6	0	728
398	26816	0	8	6	0	0	0	1	25	3	2	29	29464	728	0	6	0	536,568,600,632,664,696,728,760
398	26881	1	10	5	1	0	0	1	20	86	4	28	29464	652	0	5	0	588,604,620,636,652,668,716,732,896,912
398	26882	1	10	5	1	0	0	1	20	86	4	28	29464	652	0	5	0	588,604,620,636,652,668,716,732,896,912
398	26884	1	10	5	1	0	0	1	20	86	4	28	29464	652	0	5	0	588,604,620,636,652,668,716,732,896,912
398	26888	1	10	5	1	0	0	1	20	86	4	28	29464	648	0	5	0	584,600,616,632,648,664,712,728,896,912
398	26896	1	10	5	1	0	0	1	20	86	4	28	29464	648	0	5	0	584,600,616,632,648,664,712,728,896,912
398	26912	1	5	5	1	0	0	1	18	94	5	28	29464	664	0	5	0	600,632,664,728,896
398	26944	0	2	6	0	1	2	0	21	77	4	29	29464	600	640	5	1	600,632
398	27008	0	2	6	0	0	0	1	21	77	4	29	29464	664	0	6	0	664,696
398	27137	1	10	5	1	0	0	1	20	86	4	28	29464	652	0	5	0	588,604,620,636,652,668,716,732,896,912
398	27138	1	10	5	1	0	0	1	20	86	4	28	29464	652	0	5	0	588,604,620,636,652,668,716,732,896,912
398	27140	1	10	5	1	0	0	1	20	86	4	28	29464	652	0	5	0	588,604,620,636,652,668,716,732,896,912
398	27144	1	10	5	1	0	0	1	20	86	4	28	29464	648	0	5	0	584,600,616,632,648,664,712,728,896,912
398	27152	1	10	5	1	0	0	1	20	86	4	28	29464	648	0	5	0	584,600,616,632,648,664,712,728,896,912
398	27168	1	5	5	1	0	0	1	18	94	5	28	29464	664	0	5	0	600,632,664,728,896
398	27200	0	2	6	0	1	2	0	21	77	4	29	29464	600	384	5	1	600,632
398	27264	0	2	6	0	0	0	1	21	77	4	29	29464	664	0	6	0	664,696
398	27392	0	2	6	0	1	1	0	21	30	4	29	29464	664	128	5	1	664,696
398	27649	0	8	6	0	0	0	1	23	13	3	29	29464	908	0	6	0	896,900,904,908,912,916,920,924
398	27650	0	8	6	0	0	0	1	23	13	3	29	29464	908	0	6	0	896,900,904,908,912,916,920,924
398	27652	0	8	6	0	0	0	1	23	13	3	29	29464	908	0	6	0	896,900,904,908,912,916,920,924
398	27656	0	4	6	0	0	0	1	21	77	4	29	29464	904	0	6	0	896,904,912,920
398	27664	0	4	6	0	0	0	1	21	77	4	29	29464	904	0	6	0	896,904,912,920
398	27680	0	4	6	0	0	0	1	21	77	4	29	29464	920	0	6	0	896,904,912,920
398	27712	0	16	6	0	0	0	3	26	12	2	30	29464	920	0	6	0	576,584,592,600,608,616,624,632,896,904,912,920,928,936,944,952
398	27776	0	8	6	0	0	0	1	24	13	3	30	29464	920	0	6	0	896,904,912,920,928,936,944,952
398	27904	0	8	6	0	0	0	1	24	13	3	30	29464	792	0	6	0	768,776,784,792,800,808,816,824
398	28160	0	8	6	0	0	0	1	24	13	3	30	29464	792	0	6	0	768,776,784,792,800,808,816,824
398	28675	1	2	5	1	1	1	0	15	222	6	27	29464	206	32	4	1	206,816
398	28677	1	2	5	1	1	1	0	15	222	6	27	29464	206	32	4	1	206,816
398	28678	1	2	5	1	1	1	0	15	222	6	27	29464	206	32	4	1	206,816
398	28681	1	12	5	1	0	0	1	19	77	4	27	30912	560	0	5	0	204,206,456,458,460,462,560,562,564,566,816,818
398	28682	1	12	5	1	0	0	1	19	77	4	27	30912	560	0	5	0	204,206,456,458,460,462,560,562,564,566,816,818
398	28684	1	12	5	1	0	0	1	19	77	4	27	30912	560	0	5	0	204,206,456,458,460,462,560,562,564,566,816,818
398	28689	1	12	5	1	0	0	1	19	77	4	27	30912	560	0	5	0	204,206,456,458,460,462,560,562,564,566,816,818
398	28690	1	12	5	1	0	0	1	19	77	4	27	30912	560	0	5	0	204,206,456,458,460,462,560,562,564,566,816,818
398	28692	1	12	5	1	0	0	1	19	77	4	27	30912	560	0	5	0	204,206,456,458,460,462,560,562,564,566,816,818
398	28696	0	8	6	0	0	0	1	23	3	2	27	30912	560	0	6	0	456,458,460,462,560,562,564,566
398	28705	1	4	5	1	0	0	1	17	94	5	27	29464	204	0	5	0	204,206,816,818
398	28706	1	4	5	1	0	0	1	17	94	5	27	29464	204	0	5	0	204,206,816,818
398	28708	1	4	5	1	0	0	1	17	94	5	27	29464	204	0	5	0	204,206,816,818
398	28712	1	24	5	1	0	0	2	21	13	3	27	29464	200	0	5	0	200,202,204,206,448,450,452,454,456,458,460,462,560,562,564,566,568,570,572,574,816,818,820,822
398	28720	1	24	5	1	0	0	2	21	13	3	27	29464	200	0	5	0	200,202,204,206,448,450,452,454,456,458,460,462,560,562,564,566,568,570,572,574,816,818,820,822
398	28737	1	4	5	1	1	1	0	18	94	5	28	29464	220	32	4	1	220,222,800,802
398	28738	1	4	5	1	1	1	0	18	94	5	28	29464	220	32	4	1	220,222,800,802
398	28740	1	4	5	1	1	1	0	18	94	5	28	29464	220	32	4	1	220,222,800,802
398	28744	1	24	5	1	0	0	2	22	13	3	28	30848	544	0	5	0	216,218,220,222,464,466,468,470,472,474,476,478,544,546,548,550,552,554,556,558,800,802,804,806
398	28752	1	24	5	1	0	0	2	22	13	3	28	30848	544	0	5	0	216,218,220,222,464,466,468,470,472,474,476,478,544,546,548,550,552,554,556,558,800,802,804,806
398	28768	1	8	5	1	0	0	1	20	86	4	28	29464	216	0	5	0	216,218,220,222,800,802,804,806
398	28801	0	4	6	0	1	1	0	20	77	4	28	29464	220	32	5	1	220,222,800,802
398	28802	0	4	6	0	1	1	0	20	77	4	28	29464	220	32	5	1	220,222,800,802
398	28804	0	4	6	0	1	1	0	20	77	4	28	29464	220	32	5	1	220,222,800,802
398	28808	0	8	6	0	1	1	0	24	3	2	28	29464	216	32	5	1	216,218,220,222,800,802,804,806
398	28816	0	8	6	0	1	1	0	24	3	2	28	29464	216	32	5	1	216,218,220,222,800,802,804,806
398	28832	0	8	6	0	0	0	1	22	13	3	28	29464	216	0	6	0	216,218,220,222,800,802,804,806
398	28864	0	8	6	0	1	1	0	23	13	3	29	29464	248	32	5	1	248,250,252,254,768,770,772,774
398	28929	1	12	5	1	1	1	0	20	77	4	28	29464	156	32	4	1	124,126,156,158,220,222,800,802,864,866,896,898
398	28930	1	12	5	1	1	1	0	20	77	4	28	29464	156	32	4	1	124,126,156,158,220,222,800,802,864,866,896,898
398	28932	1	12	5	1	1	1	0	20	77	4	28	29464	156	32	4	1	124,126,156,158,220,222,800,802,864,866,896,898
398	28936	1	40	5	1	0	0	1	24	12	2	28	30912	608	0	5	0	120,122,124,126,152,154,156,158,216,218,220,222,400,402,404,406,408,410,412,414,608,610,612,614,616,618,620,622,800,802,804,806,864,866,868,870,896,898,900,902
398	28944	1	40	5	1	0	0	1	24	12	2	28	30912	608	0	5	0	120,122,124,126,152,154,156,158,216,218,220,222,400,402,404,406,408,410,412,414,608,610,612,614,616,618,620,622,800,802,804,806,864,866,868,870,896,898,900,902
398	28960	1	24	5	1	0	0	1	22	13	3	28	29464	152	0	5	0	120,122,124,126,152,154,156,158,216,218,220,222,800,802,804,806,864,866,868,870,896,898,900,902
398	28992	1	24	5	1	1	1	0	21	77	4	29	29464	184	32	4	1	120,122,124,126,184,186,188,190,248,250,252,254,768,770,772,774,832,834,836,838,896,898,900,902
398	29056	0	8	6	0	1	1	0	23	13	3	29	29464	184	32	5	1	184,186,188,190,832,834,836,838
398	29185	1	12	5	1	1	1	0	20	77	4	28	29464	156	32	4	1	124,126,156,158,220,222,800,802,864,866,896,898
398	29186	1	12	5	1	1	1	0	20	77	4	28	29464	156	32	4	1	124,126,156,158,220,222,800,802,864,866,896,898
398	29188	1	12	5	1	1	1	0	20	77	4	28	29464	156	32	4	1	124,126,156,158,220,222,800,802,864,866,896,898
398	29192	1	40	5	1	0	0	1	24	12	2	28	30912	608	0	5	0	120,122,124,126,152,154,156,158,216,218,220,222,400,402,404,406,408,410,412,414,608,610,612,614,616,618,620,622,800,802,804,806,864,866,868,870,896,898,900,902
398	29200	1	40	5	1	0	0	1	24	12	2	28	30912	608	0	5	0	120,122,124,126,152,154,156,158,216,218,220,222,400,402,404,406,408,410,412,414,608,610,612,614,616,618,620,622,800,802,804,806,864,866,868,870,896,898,900,902
398	29216	1	24	5	1	0	0	1	22	13	3	28	29464	152	0	5	0	120,122,124,126,152,154,156,158,216,218,220,222,800,802,804,806,864,866,868,870,896,898,900,902
398	29248	1	24	5	1	1	1	0	21	77	4	29	29464	184	32	4	1	120,122,124,126,184,186,188,190,248,250,252,254,768,770,772,774,832,834,836,838,896,898,900,902
398	29312	0	8	6	0	1	1	0	23	13	3	29	29464	184	32	5	1	184,186,188,190,832,834,836,838
398	29440	0	16	6	0	2	2	0	25	3	2	29	29464	184	160	4	2	184,186,188,190,248,250,252,254,768,770,772,774,832,834,836,838
398	29697	0	4	6	0	0	0	1	19	94	5	29	30912	608	0	6	0	412,414,608,610
398	29698	0	4	6	0	0	0	1	19	94	5	29	30912	608	0	6	0	412,414,608,610
398	29700	0	4	6	0	0	0	1	19	94	5	29	30912	608	0	6	0	412,414,608,610
398	29704	0	8	6	0	0	0	1	21	77	4	29	30912	608	0	6	0	408,410,412,414,608,610,612,614
398	29712	0	8	6	0	0	0	1	21	77	4	29	30912	608	0	6	0	408,410,412,414,608,610,612,614
398	29728	0	8	6	0	0	0	2	21	86	4	29	29464	408	0	6	0	408,410,412,414,608,610,612,614
398	29760	0	8	6	0	0	0	2	22	86	4	30	30848	576	0	6	0	440,442,444,446,576,578,580,582
398	29824	0	8	6	0	0	0	1	22	77	4	30	30912	576	0	6	0	440,442,444,446,576,578,580,582
398	29952	0	8	6	0	0	0	1	24	13	3	30	30912	704	0	6	0	312,314,316,318,704,706,708,710
398	30208	0	8	6	0	0	0	1	24	13	3	30	30912	704	0	6	0	312,314,316,318,704,706,708,710
398	30721	0	8	6	0	1	2	0	22	77	4	30	30912	108	24	4	2	108,110,124,126,896,898,912,914
398	30722	0	8	6	0	1	2	0	22	77	4	30	30912	108	24	4	2	108,110,124,126,896,898,912,914
398	30724	0	8	6	0	1	2	0	22	77	4	30	30912	108	24	4	2	108,110,124,126,896,898,912,914
398	30728	0	16	6	0	1	1	0	24	13	3	30	30912	104	16	5	1	104,106,108,110,120,122,124,126,896,898,900,902,912,914,916,918
398	30736	0	16	6	0	1	1	0	24	13	3	30	30912	104	8	5	1	104,106,108,110,120,122,124,126,896,898,900,902,912,914,916,918
398	30752	0	8	6	0	1	2	0	22	77	4	30	30912	120	24	4	2	120,122,124,126,896,898,900,902
398	30784	0	16	6	0	1	2	0	25	13	3	31	30848	88	24	4	2	88,90,92,94,120,122,124,126,896,898,900,902,928,930,932,934
398	30848	0	32	6	0	0	0	1	27	12	2	31	29464	408	0	6	0	88,90,92,94,120,122,124,126,408,410,412,414,440,442,444,446,576,578,580,582,608,610,612,614,896,898,900,902,928,930,932,934
398	30976	0	16	6	0	1	2	0	25	13	3	31	30912	216	24	4	2	216,218,220,222,248,250,252,254,768,770,772,774,800,802,804,806
398	31232	0	16	6	0	1	2	0	25	13	3	31	30912	216	24	4	2	216,218,220,222,248,250,252,254,768,770,772,774,800,802,804,806
398	31744	0	64	6	0	0	0	2	26	13	3	32	29464	792	0	6	0	192,194,196,198,200,202,204,206,208,210,212,214,216,218,220,222,224,226,228,230,232,234,236,238,240,242,244,246,248,250,252,254,768,770,772,774,776,778,780,782,784,786,788,790,792,794,796,798,800,802,804,806,808,810,812,814,816,818,820,822,824,826,828,830
