id	Y_mask	dH	optH_count	q	good	delta_min	rho	compatible_optG	ell	Y_type	Y_edges	degree_sum	f_witness	h_witness_local	S_mask	R_witness	Delta_witness	optH_masks_local
401	31	2	1	4	1	2	3	0	15	0	0	15	29888	391	17440	1	3	632
401	47	2	1	4	1	2	3	0	15	0	0	15	29888	391	17424	1	3	632
401	55	2	1	4	1	2	3	0	15	0	0	15	29888	391	17416	2	2	632
401	59	2	1	4	1	2	3	0	15	0	0	15	29888	391	17412	2	2	632
401	61	2	1	4	1	2	2	0	15	0	0	15	29888	390	17408	2	2	390
401	62	2	1	4	1	2	2	0	15	0	0	15	29888	390	17408	2	2	390
401	79	2	1	4	1	1	3	0	16	0	0	16	30784	728	8960	3	1	728
401	87	3	4	3	1	0	0	2	16	0	0	16	29824	932	0	3	0	294,422,632,932
401	91	3	4	3	1	0	0	2	16	0	0	16	29824	932	0	3	0	294,422,632,932
401	93	3	7	3	1	0	0	4	16	0	0	16	29824	932	0	3	0	390,422,728,900,932,960,964
401	94	3	7	3	1	0	0	4	16	0	0	16	29824	932	0	3	0	390,422,728,900,932,960,964
401	103	3	4	3	1	0	0	2	16	0	0	16	29824	932	0	3	0	294,422,632,932
401	107	3	4	3	1	0	0	2	16	0	0	16	29824	932	0	3	0	294,422,632,932
401	109	3	7	3	1	0	0	4	16	0	0	16	29824	932	0	3	0	390,422,728,900,932,960,964
401	110	3	7	3	1	0	0	4	16	0	0	16	29824	932	0	3	0	390,422,728,900,932,960,964
401	115	2	1	4	1	0	0	2	16	0	0	16	29824	932	0	4	0	932
401	117	2	1	4	1	0	0	2	16	0	0	16	29824	932	0	4	0	932
401	118	2	1	4	1	0	0	2	16	0	0	16	29824	932	0	4	0	932
401	121	2	1	4	1	0	0	2	16	0	0	16	29824	932	0	4	0	932
401	122	2	1	4	1	0	0	2	16	0	0	16	29824	932	0	4	0	932
401	124	2	2	4	1	0	0	2	16	0	0	16	29824	932	0	4	0	900,932
401	143	2	1	4	1	0	0	2	16	0	0	16	30784	964	0	4	0	964
401	151	3	4	3	1	0	0	2	16	0	0	16	30784	964	0	3	0	570,632,826,964
401	155	3	4	3	1	0	0	2	16	0	0	16	30784	964	0	3	0	570,632,826,964
401	157	2	1	4	1	0	0	2	16	0	0	16	30784	964	0	4	0	964
401	158	2	1	4	1	0	0	2	16	0	0	16	30784	964	0	4	0	964
401	167	3	4	3	1	0	0	2	16	0	0	16	30784	964	0	3	0	570,632,826,964
401	171	3	4	3	1	0	0	2	16	0	0	16	30784	964	0	3	0	570,632,826,964
401	173	2	1	4	1	0	0	2	16	0	0	16	30784	964	0	4	0	964
401	174	2	1	4	1	0	0	2	16	0	0	16	30784	964	0	4	0	964
401	179	2	1	4	1	1	3	0	16	0	0	16	29824	824	4864	3	1	824
401	181	3	7	3	1	0	0	4	16	0	0	16	29824	928	0	3	0	390,454,824,900,928,932,964
401	182	3	7	3	1	0	0	4	16	0	0	16	29824	928	0	3	0	390,454,824,900,928,932,964
401	185	3	7	3	1	0	0	4	16	0	0	16	29824	928	0	3	0	390,454,824,900,928,932,964
401	186	3	7	3	1	0	0	4	16	0	0	16	29824	928	0	3	0	390,454,824,900,928,932,964
401	188	2	2	4	1	0	0	2	16	0	0	16	30784	964	0	4	0	900,964
401	199	2	1	4	1	0	0	2	17	0	0	17	30784	960	0	4	0	960
401	203	2	1	4	1	0	0	2	17	0	0	17	30784	960	0	4	0	960
401	205	1	1	5	1	0	0	2	17	0	0	17	30784	960	0	5	0	960
401	206	1	1	5	1	0	0	2	17	0	0	17	30784	960	0	5	0	960
401	211	2	1	4	1	0	0	2	17	0	0	17	29824	928	0	4	0	928
401	213	2	2	4	1	0	0	4	17	0	0	17	29824	928	0	4	0	928,960
401	214	2	2	4	1	0	0	4	17	0	0	17	29824	928	0	4	0	928,960
401	217	2	2	4	1	0	0	4	17	0	0	17	29824	928	0	4	0	928,960
401	218	2	2	4	1	0	0	4	17	0	0	17	29824	928	0	4	0	928,960
401	220	1	1	5	1	0	0	2	17	0	0	17	30784	960	0	5	0	960
401	227	2	1	4	1	0	0	2	17	0	0	17	29824	928	0	4	0	928
401	229	2	2	4	1	0	0	4	17	0	0	17	29824	928	0	4	0	928,960
401	230	2	2	4	1	0	0	4	17	0	0	17	29824	928	0	4	0	928,960
401	233	2	2	4	1	0	0	4	17	0	0	17	29824	928	0	4	0	928,960
401	234	2	2	4	1	0	0	4	17	0	0	17	29824	928	0	4	0	928,960
401	236	1	1	5	1	0	0	2	17	0	0	17	30784	960	0	5	0	960
401	241	1	1	5	1	0	0	2	17	0	0	17	29824	928	0	5	0	928
401	242	1	1	5	1	0	0	2	17	0	0	17	29824	928	0	5	0	928
401	244	1	1	5	1	0	0	2	17	0	0	17	29824	928	0	5	0	928
401	248	1	1	5	1	0	0	2	17	0	0	17	29824	928	0	5	0	928
401	271	2	1	4	1	1	3	0	16	0	0	16	30784	720	8768	3	1	720
401	279	3	3	3	1	1	3	0	16	0	0	16	29888	302	20512	1	2	302,624,818
401	283	3	3	3	1	1	3	0	16	0	0	16	29888	302	20512	1	2	302,624,818
401	285	3	3	3	1	0	0	1	16	0	0	16	30784	964	0	3	0	398,720,964
401	286	3	3	3	1	0	0	1	16	0	0	16	30784	964	0	3	0	398,720,964
401	295	3	3	3	1	1	3	0	16	0	0	16	29888	302	20496	1	2	302,624,818
401	299	3	3	3	1	1	3	0	16	0	0	16	29888	302	20496	1	2	302,624,818
401	301	3	3	3	1	0	0	1	16	0	0	16	30784	964	0	3	0	398,720,964
401	302	3	3	3	1	0	0	1	16	0	0	16	30784	964	0	3	0	398,720,964
401	307	2	1	4	1	1	3	0	16	0	0	16	29824	816	4736	3	1	816
401	309	3	3	3	1	0	0	1	16	0	0	16	29824	936	0	3	0	398,816,936
401	310	3	3	3	1	0	0	1	16	0	0	16	29824	936	0	3	0	398,816,936
401	313	3	3	3	1	0	0	1	16	0	0	16	29824	936	0	3	0	398,816,936
401	314	3	3	3	1	0	0	1	16	0	0	16	29824	936	0	3	0	398,816,936
401	316	3	4	3	1	0	0	2	16	0	0	16	29824	936	0	3	0	396,908,936,964
401	327	2	1	4	1	1	3	0	15	1	1	17	30784	721	8712	3	1	302
401	331	2	1	4	1	1	3	0	15	1	1	17	30784	721	8708	3	1	302
401	333	2	2	4	1	0	0	1	15	1	1	17	30784	960	0	4	0	720,960
401	334	2	2	4	1	0	0	1	15	1	1	17	30784	960	0	4	0	720,960
401	339	3	4	3	1	0	0	2	15	1	1	17	29824	936	0	3	0	300,812,820,936
401	341	3	3	3	1	0	0	3	15	1	1	17	29824	936	0	3	0	722,936,960
401	342	3	3	3	1	0	0	3	15	1	1	17	29824	936	0	3	0	722,936,960
401	345	3	3	3	1	0	0	3	15	1	1	17	29824	936	0	3	0	722,936,960
401	346	3	3	3	1	0	0	3	15	1	1	17	29824	936	0	3	0	722,936,960
401	348	2	1	4	1	0	0	1	15	1	1	17	30784	960	0	4	0	960
401	355	3	4	3	1	0	0	2	15	1	1	17	29824	936	0	3	0	300,812,820,936
401	357	3	3	3	1	0	0	3	15	1	1	17	29824	936	0	3	0	722,936,960
401	358	3	3	3	1	0	0	3	15	1	1	17	29824	936	0	3	0	722,936,960
401	361	3	3	3	1	0	0	3	15	1	1	17	29824	936	0	3	0	722,936,960
401	362	3	3	3	1	0	0	3	15	1	1	17	29824	936	0	3	0	722,936,960
401	364	2	1	4	1	0	0	1	15	1	1	17	30784	960	0	4	0	960
401	369	2	1	4	1	0	0	2	15	1	1	17	29824	936	0	4	0	936
401	370	2	1	4	1	0	0	2	15	1	1	17	29824	936	0	4	0	936
401	372	2	1	4	1	0	0	2	15	1	1	17	29824	936	0	4	0	936
401	376	2	1	4	1	0	0	2	15	1	1	17	29824	936	0	4	0	936
401	391	3	4	3	1	0	0	2	15	1	1	17	30784	968	0	3	0	302,310,822,968
401	395	3	4	3	1	0	0	2	15	1	1	17	30784	968	0	3	0	302,310,822,968
401	397	2	1	4	1	0	0	2	15	1	1	17	30784	968	0	4	0	968
401	398	2	1	4	1	0	0	2	15	1	1	17	30784	968	0	4	0	968
401	403	2	1	4	1	1	3	0	15	1	1	17	29824	820	4640	3	1	820
401	405	3	3	3	1	0	0	3	15	1	1	17	29824	928	0	3	0	820,928,968
401	406	3	3	3	1	0	0	3	15	1	1	17	29824	928	0	3	0	820,928,968
401	409	3	3	3	1	0	0	3	15	1	1	17	29824	928	0	3	0	820,928,968
401	410	3	3	3	1	0	0	3	15	1	1	17	29824	928	0	3	0	820,928,968
401	412	2	1	4	1	0	0	2	15	1	1	17	30784	968	0	4	0	968
401	419	2	1	4	1	1	3	0	15	1	1	17	29824	820	4624	3	1	820
401	421	3	3	3	1	0	0	3	15	1	1	17	29824	928	0	3	0	820,928,968
401	422	3	3	3	1	0	0	3	15	1	1	17	29824	928	0	3	0	820,928,968
401	425	3	3	3	1	0	0	3	15	1	1	17	29824	928	0	3	0	820,928,968
401	426	3	3	3	1	0	0	3	15	1	1	17	29824	928	0	3	0	820,928,968
401	428	2	1	4	1	0	0	2	15	1	1	17	30784	968	0	4	0	968
401	433	2	2	4	1	0	0	1	15	1	1	17	29824	928	0	4	0	816,928
401	434	2	2	4	1	0	0	1	15	1	1	17	29824	928	0	4	0	816,928
401	436	2	1	4	1	0	0	1	15	1	1	17	29824	928	0	4	0	928
401	440	2	1	4	1	0	0	1	15	1	1	17	29824	928	0	4	0	928
401	451	3	7	3	1	0	0	4	14	3	2	18	29824	928	0	3	0	300,316,812,828,928,960,992
401	453	2	1	4	1	0	0	2	14	3	2	18	30784	960	0	4	0	960
401	454	2	1	4	1	0	0	2	14	3	2	18	30784	960	0	4	0	960
401	457	2	1	4	1	0	0	2	14	3	2	18	30784	960	0	4	0	960
401	458	2	1	4	1	0	0	2	14	3	2	18	30784	960	0	4	0	960
401	460	1	1	5	1	0	0	2	14	3	2	18	30784	960	0	5	0	960
401	465	2	1	4	1	0	0	2	14	3	2	18	29824	928	0	4	0	928
401	466	2	1	4	1	0	0	2	14	3	2	18	29824	928	0	4	0	928
401	468	2	2	4	1	0	0	4	14	3	2	18	29824	928	0	4	0	928,960
401	472	2	2	4	1	0	0	4	14	3	2	18	29824	928	0	4	0	928,960
401	481	2	1	4	1	0	0	2	14	3	2	18	29824	928	0	4	0	928
401	482	2	1	4	1	0	0	2	14	3	2	18	29824	928	0	4	0	928
401	484	2	2	4	1	0	0	4	14	3	2	18	29824	928	0	4	0	928,960
401	488	2	2	4	1	0	0	4	14	3	2	18	29824	928	0	4	0	928,960
401	496	1	1	5	1	0	0	2	14	3	2	18	29824	928	0	5	0	928
401	527	2	1	4	1	1	3	0	16	0	0	16	30784	720	8512	3	1	720
401	535	3	3	3	1	1	3	0	16	0	0	16	29888	302	20512	1	2	302,624,818
401	539	3	3	3	1	1	3	0	16	0	0	16	29888	302	20512	1	2	302,624,818
401	541	3	3	3	1	0	0	1	16	0	0	16	30784	964	0	3	0	398,720,964
401	542	3	3	3	1	0	0	1	16	0	0	16	30784	964	0	3	0	398,720,964
401	551	3	3	3	1	1	3	0	16	0	0	16	29888	302	20496	1	2	302,624,818
401	555	3	3	3	1	1	3	0	16	0	0	16	29888	302	20496	1	2	302,624,818
401	557	3	3	3	1	0	0	1	16	0	0	16	30784	964	0	3	0	398,720,964
401	558	3	3	3	1	0	0	1	16	0	0	16	30784	964	0	3	0	398,720,964
401	563	2	1	4	1	1	3	0	16	0	0	16	29824	816	4480	3	1	816
401	565	3	3	3	1	0	0	1	16	0	0	16	29824	936	0	3	0	398,816,936
401	566	3	3	3	1	0	0	1	16	0	0	16	29824	936	0	3	0	398,816,936
401	569	3	3	3	1	0	0	1	16	0	0	16	29824	936	0	3	0	398,816,936
401	570	3	3	3	1	0	0	1	16	0	0	16	29824	936	0	3	0	398,816,936
401	572	3	4	3	1	0	0	2	16	0	0	16	29824	936	0	3	0	396,908,936,964
401	583	2	1	4	1	1	3	0	15	1	1	17	30784	721	8456	3	1	302
401	587	2	1	4	1	1	3	0	15	1	1	17	30784	721	8452	3	1	302
401	589	2	2	4	1	0	0	1	15	1	1	17	30784	960	0	4	0	720,960
401	590	2	2	4	1	0	0	1	15	1	1	17	30784	960	0	4	0	720,960
401	595	3	4	3	1	0	0	2	15	1	1	17	29824	936	0	3	0	300,812,820,936
401	597	3	3	3	1	0	0	3	15	1	1	17	29824	936	0	3	0	722,936,960
401	598	3	3	3	1	0	0	3	15	1	1	17	29824	936	0	3	0	722,936,960
401	601	3	3	3	1	0	0	3	15	1	1	17	29824	936	0	3	0	722,936,960
401	602	3	3	3	1	0	0	3	15	1	1	17	29824	936	0	3	0	722,936,960
401	604	2	1	4	1	0	0	1	15	1	1	17	30784	960	0	4	0	960
401	611	3	4	3	1	0	0	2	15	1	1	17	29824	936	0	3	0	300,812,820,936
401	613	3	3	3	1	0	0	3	15	1	1	17	29824	936	0	3	0	722,936,960
401	614	3	3	3	1	0	0	3	15	1	1	17	29824	936	0	3	0	722,936,960
401	617	3	3	3	1	0	0	3	15	1	1	17	29824	936	0	3	0	722,936,960
401	618	3	3	3	1	0	0	3	15	1	1	17	29824	936	0	3	0	722,936,960
401	620	2	1	4	1	0	0	1	15	1	1	17	30784	960	0	4	0	960
401	625	2	1	4	1	0	0	2	15	1	1	17	29824	936	0	4	0	936
401	626	2	1	4	1	0	0	2	15	1	1	17	29824	936	0	4	0	936
401	628	2	1	4	1	0	0	2	15	1	1	17	29824	936	0	4	0	936
401	632	2	1	4	1	0	0	2	15	1	1	17	29824	936	0	4	0	936
401	647	3	4	3	1	0	0	2	15	1	1	17	30784	968	0	3	0	302,310,822,968
401	651	3	4	3	1	0	0	2	15	1	1	17	30784	968	0	3	0	302,310,822,968
401	653	2	1	4	1	0	0	2	15	1	1	17	30784	968	0	4	0	968
401	654	2	1	4	1	0	0	2	15	1	1	17	30784	968	0	4	0	968
401	659	2	1	4	1	1	3	0	15	1	1	17	29824	820	4384	3	1	820
401	661	3	3	3	1	0	0	3	15	1	1	17	29824	928	0	3	0	820,928,968
401	662	3	3	3	1	0	0	3	15	1	1	17	29824	928	0	3	0	820,928,968
401	665	3	3	3	1	0	0	3	15	1	1	17	29824	928	0	3	0	820,928,968
401	666	3	3	3	1	0	0	3	15	1	1	17	29824	928	0	3	0	820,928,968
401	668	2	1	4	1	0	0	2	15	1	1	17	30784	968	0	4	0	968
401	675	2	1	4	1	1	3	0	15	1	1	17	29824	820	4368	3	1	820
401	677	3	3	3	1	0	0	3	15	1	1	17	29824	928	0	3	0	820,928,968
401	678	3	3	3	1	0	0	3	15	1	1	17	29824	928	0	3	0	820,928,968
401	681	3	3	3	1	0	0	3	15	1	1	17	29824	928	0	3	0	820,928,968
401	682	3	3	3	1	0	0	3	15	1	1	17	29824	928	0	3	0	820,928,968
401	684	2	1	4	1	0	0	2	15	1	1	17	30784	968	0	4	0	968
401	689	2	2	4	1	0	0	1	15	1	1	17	29824	928	0	4	0	816,928
401	690	2	2	4	1	0	0	1	15	1	1	17	29824	928	0	4	0	816,928
401	692	2	1	4	1	0	0	1	15	1	1	17	29824	928	0	4	0	928
401	696	2	1	4	1	0	0	1	15	1	1	17	29824	928	0	4	0	928
401	707	3	7	3	1	0	0	4	14	3	2	18	29824	928	0	3	0	300,316,812,828,928,960,992
401	709	2	1	4	1	0	0	2	14	3	2	18	30784	960	0	4	0	960
401	710	2	1	4	1	0	0	2	14	3	2	18	30784	960	0	4	0	960
401	713	2	1	4	1	0	0	2	14	3	2	18	30784	960	0	4	0	960
401	714	2	1	4	1	0	0	2	14	3	2	18	30784	960	0	4	0	960
401	716	1	1	5	1	0	0	2	14	3	2	18	30784	960	0	5	0	960
401	721	2	1	4	1	0	0	2	14	3	2	18	29824	928	0	4	0	928
401	722	2	1	4	1	0	0	2	14	3	2	18	29824	928	0	4	0	928
401	724	2	2	4	1	0	0	4	14	3	2	18	29824	928	0	4	0	928,960
401	728	2	2	4	1	0	0	4	14	3	2	18	29824	928	0	4	0	928,960
401	737	2	1	4	1	0	0	2	14	3	2	18	29824	928	0	4	0	928
401	738	2	1	4	1	0	0	2	14	3	2	18	29824	928	0	4	0	928
401	740	2	2	4	1	0	0	4	14	3	2	18	29824	928	0	4	0	928,960
401	744	2	2	4	1	0	0	4	14	3	2	18	29824	928	0	4	0	928,960
401	752	1	1	5	1	0	0	2	14	3	2	18	29824	928	0	5	0	928
401	775	2	2	4	1	1	2	0	17	0	0	17	30784	713	8200	3	1	310,318
401	779	2	2	4	1	1	2	0	17	0	0	17	30784	713	8196	3	1	310,318
401	781	2	4	4	1	0	0	1	17	0	0	17	30784	968	0	4	0	704,712,960,968
401	782	2	4	4	1	0	0	1	17	0	0	17	30784	968	0	4	0	704,712,960,968
401	787	2	2	4	1	1	2	0	17	0	0	17	29824	820	4128	3	1	804,820
401	789	3	9	3	1	0	0	2	17	0	0	17	29824	944	0	3	0	706,714,804,820,928,944,960,968,992
401	790	3	9	3	1	0	0	2	17	0	0	17	29824	944	0	3	0	706,714,804,820,928,944,960,968,992
401	793	3	9	3	1	0	0	2	17	0	0	17	29824	944	0	3	0	706,714,804,820,928,944,960,968,992
401	794	3	9	3	1	0	0	2	17	0	0	17	29824	944	0	3	0	706,714,804,820,928,944,960,968,992
401	796	2	2	4	1	0	0	1	17	0	0	17	30784	968	0	4	0	960,968
401	803	2	2	4	1	1	2	0	17	0	0	17	29824	820	4112	3	1	804,820
401	805	3	9	3	1	0	0	2	17	0	0	17	29824	944	0	3	0	706,714,804,820,928,944,960,968,992
401	806	3	9	3	1	0	0	2	17	0	0	17	29824	944	0	3	0	706,714,804,820,928,944,960,968,992
401	809	3	9	3	1	0	0	2	17	0	0	17	29824	944	0	3	0	706,714,804,820,928,944,960,968,992
401	810	3	9	3	1	0	0	2	17	0	0	17	29824	944	0	3	0	706,714,804,820,928,944,960,968,992
401	812	2	2	4	1	0	0	1	17	0	0	17	30784	968	0	4	0	960,968
401	817	2	4	4	1	0	0	1	17	0	0	17	29824	944	0	4	0	800,816,928,944
401	818	2	4	4	1	0	0	1	17	0	0	17	29824	944	0	4	0	800,816,928,944
401	820	2	2	4	1	0	0	1	17	0	0	17	29824	944	0	4	0	928,944
401	824	2	2	4	1	0	0	1	17	0	0	17	29824	944	0	4	0	928,944
401	835	2	1	4	1	1	3	0	14	3	2	18	30784	707	8204	3	1	316
401	837	2	2	4	1	0	0	1	14	3	2	18	30784	960	0	4	0	706,960
401	838	2	2	4	1	0	0	1	14	3	2	18	30784	960	0	4	0	706,960
401	841	2	2	4	1	0	0	1	14	3	2	18	30784	960	0	4	0	706,960
401	842	2	2	4	1	0	0	1	14	3	2	18	30784	960	0	4	0	706,960
401	844	1	1	5	1	0	0	1	14	3	2	18	30784	960	0	5	0	960
401	849	3	7	3	1	0	0	3	14	3	2	18	29824	944	0	3	0	710,808,824,928,944,960,992
401	850	3	7	3	1	0	0	3	14	3	2	18	29824	944	0	3	0	710,808,824,928,944,960,992
401	852	2	1	4	1	0	0	1	14	3	2	18	30784	960	0	4	0	960
401	856	2	1	4	1	0	0	1	14	3	2	18	30784	960	0	4	0	960
401	865	3	7	3	1	0	0	3	14	3	2	18	29824	944	0	3	0	710,808,824,928,944,960,992
401	866	3	7	3	1	0	0	3	14	3	2	18	29824	944	0	3	0	710,808,824,928,944,960,992
401	868	2	1	4	1	0	0	1	14	3	2	18	30784	960	0	4	0	960
401	872	2	1	4	1	0	0	1	14	3	2	18	30784	960	0	4	0	960
401	880	2	2	4	1	0	0	2	14	3	2	18	29824	944	0	4	0	928,944
401	899	2	1	4	1	1	3	0	14	3	2	18	29824	812	4144	3	1	812
401	901	3	7	3	1	0	0	3	14	3	2	18	29824	928	0	3	0	706,722,812,928,960,976,992
401	902	3	7	3	1	0	0	3	14	3	2	18	29824	928	0	3	0	706,722,812,928,960,976,992
401	905	3	7	3	1	0	0	3	14	3	2	18	29824	928	0	3	0	706,722,812,928,960,976,992
401	906	3	7	3	1	0	0	3	14	3	2	18	29824	928	0	3	0	706,722,812,928,960,976,992
401	908	2	2	4	1	0	0	2	14	3	2	18	30784	976	0	4	0	960,976
401	913	2	2	4	1	0	0	1	14	3	2	18	29824	928	0	4	0	808,928
401	914	2	2	4	1	0	0	1	14	3	2	18	29824	928	0	4	0	808,928
401	916	2	1	4	1	0	0	1	14	3	2	18	29824	928	0	4	0	928
401	920	2	1	4	1	0	0	1	14	3	2	18	29824	928	0	4	0	928
401	929	2	2	4	1	0	0	1	14	3	2	18	29824	928	0	4	0	808,928
401	930	2	2	4	1	0	0	1	14	3	2	18	29824	928	0	4	0	808,928
401	932	2	1	4	1	0	0	1	14	3	2	18	29824	928	0	4	0	928
401	936	2	1	4	1	0	0	1	14	3	2	18	29824	928	0	4	0	928
401	944	1	1	5	1	0	0	1	14	3	2	18	29824	928	0	5	0	928
401	961	3	5	3	1	0	0	4	11	30	4	19	29824	928	0	3	0	710,824,928,960,992
401	962	3	5	3	1	0	0	4	11	30	4	19	29824	928	0	3	0	710,824,928,960,992
401	964	2	1	4	1	0	0	2	11	30	4	19	30784	960	0	4	0	960
401	968	2	1	4	1	0	0	2	11	30	4	19	30784	960	0	4	0	960
401	976	2	1	4	1	0	0	2	11	30	4	19	29824	928	0	4	0	928
401	992	2	1	4	1	0	0	2	11	30	4	19	29824	928	0	4	0	928
401	1039	2	2	4	1	2	3	0	13	3	2	17	29888	399	16432	2	2	624,752
401	1047	2	2	4	1	1	2	0	15	1	1	17	29888	398	16416	3	1	398,624
401	1051	2	2	4	1	1	2	0	15	1	1	17	29888	398	16416	3	1	398,624
401	1053	2	1	4	1	1	2	0	13	3	2	17	29888	398	16416	3	1	398
401	1054	2	1	4	1	1	2	0	13	3	2	17	29888	398	16416	3	1	398
401	1063	2	2	4	1	1	2	0	15	1	1	17	29888	398	16400	3	1	398,624
401	1067	2	2	4	1	1	2	0	15	1	1	17	29888	398	16400	3	1	398,624
401	1069	2	1	4	1	1	2	0	13	3	2	17	29888	398	16400	3	1	398
401	1070	2	1	4	1	1	2	0	13	3	2	17	29888	398	16400	3	1	398
401	1075	2	5	4	1	0	0	1	17	0	0	17	29888	908	0	4	0	396,398,624,626,908
401	1077	2	3	4	1	0	0	1	15	1	1	17	29888	908	0	4	0	396,398,908
401	1078	2	3	4	1	0	0	1	15	1	1	17	29888	908	0	4	0	396,398,908
401	1081	2	3	4	1	0	0	1	15	1	1	17	29888	908	0	4	0	396,398,908
401	1082	2	3	4	1	0	0	1	15	1	1	17	29888	908	0	4	0	396,398,908
401	1084	2	2	4	1	0	0	1	13	3	2	17	29888	908	0	4	0	396,908
401	1095	3	7	3	1	0	0	4	14	3	2	18	29824	904	0	3	0	270,398,624,752,904,960,968
401	1099	3	7	3	1	0	0	4	14	3	2	18	29824	904	0	3	0	270,398,624,752,904,960,968
401	1101	3	5	3	1	0	0	4	12	11	3	18	29824	904	0	3	0	398,752,904,960,968
401	1102	3	5	3	1	0	0	4	12	11	3	18	29824	904	0	3	0	398,752,904,960,968
401	1107	2	1	4	1	0	0	2	16	1	1	18	29824	904	0	4	0	904
401	1109	2	1	4	1	0	0	2	14	3	2	18	29824	904	0	4	0	904
401	1110	2	1	4	1	0	0	2	14	3	2	18	29824	904	0	4	0	904
401	1113	2	1	4	1	0	0	2	14	3	2	18	29824	904	0	4	0	904
401	1114	2	1	4	1	0	0	2	14	3	2	18	29824	904	0	4	0	904
401	1116	2	1	4	1	0	0	2	12	11	3	18	29824	904	0	4	0	904
401	1123	2	1	4	1	0	0	2	16	1	1	18	29824	904	0	4	0	904
401	1125	2	1	4	1	0	0	2	14	3	2	18	29824	904	0	4	0	904
401	1126	2	1	4	1	0	0	2	14	3	2	18	29824	904	0	4	0	904
401	1129	2	1	4	1	0	0	2	14	3	2	18	29824	904	0	4	0	904
401	1130	2	1	4	1	0	0	2	14	3	2	18	29824	904	0	4	0	904
401	1132	2	1	4	1	0	0	2	12	11	3	18	29824	904	0	4	0	904
401	1137	1	1	5	1	0	0	2	16	1	1	18	29824	904	0	5	0	904
401	1138	1	1	5	1	0	0	2	16	1	1	18	29824	904	0	5	0	904
401	1140	1	1	5	1	0	0	2	14	3	2	18	29824	904	0	5	0	904
401	1144	1	1	5	1	0	0	2	14	3	2	18	29824	904	0	5	0	904
401	1159	2	1	4	1	0	0	2	16	1	1	18	30784	968	0	4	0	968
401	1163	2	1	4	1	0	0	2	16	1	1	18	30784	968	0	4	0	968
401	1165	2	1	4	1	0	0	2	14	3	2	18	30784	968	0	4	0	968
401	1166	2	1	4	1	0	0	2	14	3	2	18	30784	968	0	4	0	968
401	1171	2	2	4	1	0	0	3	18	0	0	18	29888	904	0	4	0	904,968
401	1173	2	2	4	1	0	0	3	16	1	1	18	29888	904	0	4	0	904,968
401	1174	2	2	4	1	0	0	3	16	1	1	18	29888	904	0	4	0	904,968
401	1177	2	2	4	1	0	0	3	16	1	1	18	29888	904	0	4	0	904,968
401	1178	2	2	4	1	0	0	3	16	1	1	18	29888	904	0	4	0	904,968
401	1180	2	2	4	1	0	0	3	14	3	2	18	29888	904	0	4	0	904,968
401	1187	2	2	4	1	0	0	3	18	0	0	18	29888	904	0	4	0	904,968
401	1189	2	2	4	1	0	0	3	16	1	1	18	29888	904	0	4	0	904,968
401	1190	2	2	4	1	0	0	3	16	1	1	18	29888	904	0	4	0	904,968
401	1193	2	2	4	1	0	0	3	16	1	1	18	29888	904	0	4	0	904,968
401	1194	2	2	4	1	0	0	3	16	1	1	18	29888	904	0	4	0	904,968
401	1196	2	2	4	1	0	0	3	14	3	2	18	29888	904	0	4	0	904,968
401	1201	1	1	5	1	0	0	1	18	0	0	18	29888	904	0	5	0	904
401	1202	1	1	5	1	0	0	1	18	0	0	18	29888	904	0	5	0	904
401	1204	1	1	5	1	0	0	1	16	1	1	18	29888	904	0	5	0	904
401	1208	1	1	5	1	0	0	1	16	1	1	18	29888	904	0	5	0	904
401	1219	1	1	5	1	0	0	2	17	1	1	19	30784	960	0	5	0	960
401	1221	1	1	5	1	0	0	2	15	3	2	19	30784	960	0	5	0	960
401	1222	1	1	5	1	0	0	2	15	3	2	19	30784	960	0	5	0	960
401	1225	1	1	5	1	0	0	2	15	3	2	19	30784	960	0	5	0	960
401	1226	1	1	5	1	0	0	2	15	3	2	19	30784	960	0	5	0	960
401	1228	1	1	5	1	0	0	2	13	11	3	19	30784	960	0	5	0	960
401	1233	1	2	5	1	0	0	4	17	1	1	19	29824	896	0	5	0	896,960
401	1234	1	2	5	1	0	0	4	17	1	1	19	29824	896	0	5	0	896,960
401	1236	1	2	5	1	0	0	4	15	3	2	19	29824	896	0	5	0	896,960
401	1240	1	2	5	1	0	0	4	15	3	2	19	29824	896	0	5	0	896,960
401	1249	1	2	5	1	0	0	4	17	1	1	19	29824	896	0	5	0	896,960
401	1250	1	2	5	1	0	0	4	17	1	1	19	29824	896	0	5	0	896,960
401	1252	1	2	5	1	0	0	4	15	3	2	19	29824	896	0	5	0	896,960
401	1256	1	2	5	1	0	0	4	15	3	2	19	29824	896	0	5	0	896,960
401	1264	0	1	6	0	0	0	2	17	1	1	19	29824	896	0	6	0	896
401	1287	2	2	4	1	1	3	0	16	1	1	18	30784	736	8768	3	1	286,736
401	1291	2	2	4	1	1	3	0	16	1	1	18	30784	736	8768	3	1	286,736
401	1293	2	1	4	1	1	3	0	14	3	2	18	30784	736	8768	3	1	736
401	1294	2	1	4	1	1	3	0	14	3	2	18	30784	736	8768	3	1	736
401	1299	3	15	3	1	0	0	3	18	0	0	18	29824	912	0	3	0	284,286,412,414,608,610,736,738,804,864,912,920,960,968,992
401	1301	3	9	3	1	0	0	3	16	1	1	18	29824	912	0	3	0	412,414,736,738,912,920,960,968,992
401	1302	3	9	3	1	0	0	3	16	1	1	18	29824	912	0	3	0	412,414,736,738,912,920,960,968,992
401	1305	3	9	3	1	0	0	3	16	1	1	18	29824	912	0	3	0	412,414,736,738,912,920,960,968,992
401	1306	3	9	3	1	0	0	3	16	1	1	18	29824	912	0	3	0	412,414,736,738,912,920,960,968,992
401	1308	3	7	3	1	0	0	3	14	3	2	18	29824	912	0	3	0	412,736,912,920,960,968,992
401	1315	3	15	3	1	0	0	3	18	0	0	18	29824	912	0	3	0	284,286,412,414,608,610,736,738,804,864,912,920,960,968,992
401	1317	3	9	3	1	0	0	3	16	1	1	18	29824	912	0	3	0	412,414,736,738,912,920,960,968,992
401	1318	3	9	3	1	0	0	3	16	1	1	18	29824	912	0	3	0	412,414,736,738,912,920,960,968,992
401	1321	3	9	3	1	0	0	3	16	1	1	18	29824	912	0	3	0	412,414,736,738,912,920,960,968,992
401	1322	3	9	3	1	0	0	3	16	1	1	18	29824	912	0	3	0	412,414,736,738,912,920,960,968,992
401	1324	3	7	3	1	0	0	3	14	3	2	18	29824	912	0	3	0	412,736,912,920,960,968,992
401	1329	2	2	4	1	0	0	2	18	0	0	18	29824	912	0	4	0	912,920
401	1330	2	2	4	1	0	0	2	18	0	0	18	29824	912	0	4	0	912,920
401	1332	2	2	4	1	0	0	2	16	1	1	18	29824	912	0	4	0	912,920
401	1336	2	2	4	1	0	0	2	16	1	1	18	29824	912	0	4	0	912,920
401	1347	2	1	4	1	0	0	1	15	3	2	19	30784	960	0	4	0	960
401	1349	2	1	4	1	0	0	1	13	13	3	19	30784	960	0	4	0	960
401	1350	2	1	4	1	0	0	1	13	13	3	19	30784	960	0	4	0	960
401	1353	2	1	4	1	0	0	1	13	13	3	19	30784	960	0	4	0	960
401	1354	2	1	4	1	0	0	1	13	13	3	19	30784	960	0	4	0	960
401	1356	2	1	4	1	0	0	1	11	77	4	19	30784	960	0	4	0	960
401	1361	2	2	4	1	0	0	3	15	3	2	19	29824	912	0	4	0	912,960
401	1362	2	2	4	1	0	0	3	15	3	2	19	29824	912	0	4	0	912,960
401	1364	2	2	4	1	0	0	3	13	13	3	19	29824	912	0	4	0	912,960
401	1368	2	2	4	1	0	0	3	13	13	3	19	29824	912	0	4	0	912,960
401	1377	2	2	4	1	0	0	3	15	3	2	19	29824	912	0	4	0	912,960
401	1378	2	2	4	1	0	0	3	15	3	2	19	29824	912	0	4	0	912,960
401	1380	2	2	4	1	0	0	3	13	13	3	19	29824	912	0	4	0	912,960
401	1384	2	2	4	1	0	0	3	13	13	3	19	29824	912	0	4	0	912,960
401	1392	1	1	5	1	0	0	2	15	3	2	19	29824	912	0	5	0	912
401	1411	2	2	4	1	0	0	2	17	1	1	19	30784	976	0	4	0	960,976
401	1413	2	2	4	1	0	0	2	15	12	2	19	30784	976	0	4	0	960,976
401	1414	2	2	4	1	0	0	2	15	12	2	19	30784	976	0	4	0	960,976
401	1417	2	2	4	1	0	0	2	15	12	2	19	30784	976	0	4	0	960,976
401	1418	2	2	4	1	0	0	2	15	12	2	19	30784	976	0	4	0	960,976
401	1420	2	2	4	1	0	0	2	13	76	3	19	30784	976	0	4	0	960,976
401	1425	2	4	4	1	0	0	4	17	1	1	19	29824	896	0	4	0	896,912,960,976
401	1426	2	4	4	1	0	0	4	17	1	1	19	29824	896	0	4	0	896,912,960,976
401	1428	2	4	4	1	0	0	4	15	12	2	19	29824	896	0	4	0	896,912,960,976
401	1432	2	4	4	1	0	0	4	15	12	2	19	29824	896	0	4	0	896,912,960,976
401	1441	2	4	4	1	0	0	4	17	1	1	19	29824	896	0	4	0	896,912,960,976
401	1442	2	4	4	1	0	0	4	17	1	1	19	29824	896	0	4	0	896,912,960,976
401	1444	2	4	4	1	0	0	4	15	12	2	19	29824	896	0	4	0	896,912,960,976
401	1448	2	4	4	1	0	0	4	15	12	2	19	29824	896	0	4	0	896,912,960,976
401	1456	1	2	5	1	0	0	2	17	1	1	19	29824	896	0	5	0	896,912
401	1473	1	1	5	1	0	0	2	14	13	3	20	30784	960	0	5	0	960
401	1474	1	1	5	1	0	0	2	14	13	3	20	30784	960	0	5	0	960
401	1476	1	1	5	1	0	0	2	12	86	4	20	30784	960	0	5	0	960
401	1480	1	1	5	1	0	0	2	12	86	4	20	30784	960	0	5	0	960
401	1488	1	2	5	1	0	0	4	14	13	3	20	29824	896	0	5	0	896,960
401	1504	1	2	5	1	0	0	4	14	13	3	20	29824	896	0	5	0	896,960
401	1543	2	2	4	1	1	3	0	16	1	1	18	30784	736	8512	3	1	286,736
401	1547	2	2	4	1	1	3	0	16	1	1	18	30784	736	8512	3	1	286,736
401	1549	2	1	4	1	1	3	0	14	3	2	18	30784	736	8512	3	1	736
401	1550	2	1	4	1	1	3	0	14	3	2	18	30784	736	8512	3	1	736
401	1555	3	15	3	1	0	0	3	18	0	0	18	29824	912	0	3	0	284,286,412,414,608,610,736,738,804,864,912,920,960,968,992
401	1557	3	9	3	1	0	0	3	16	1	1	18	29824	912	0	3	0	412,414,736,738,912,920,960,968,992
401	1558	3	9	3	1	0	0	3	16	1	1	18	29824	912	0	3	0	412,414,736,738,912,920,960,968,992
401	1561	3	9	3	1	0	0	3	16	1	1	18	29824	912	0	3	0	412,414,736,738,912,920,960,968,992
401	1562	3	9	3	1	0	0	3	16	1	1	18	29824	912	0	3	0	412,414,736,738,912,920,960,968,992
401	1564	3	7	3	1	0	0	3	14	3	2	18	29824	912	0	3	0	412,736,912,920,960,968,992
401	1571	3	15	3	1	0	0	3	18	0	0	18	29824	912	0	3	0	284,286,412,414,608,610,736,738,804,864,912,920,960,968,992
401	1573	3	9	3	1	0	0	3	16	1	1	18	29824	912	0	3	0	412,414,736,738,912,920,960,968,992
401	1574	3	9	3	1	0	0	3	16	1	1	18	29824	912	0	3	0	412,414,736,738,912,920,960,968,992
401	1577	3	9	3	1	0	0	3	16	1	1	18	29824	912	0	3	0	412,414,736,738,912,920,960,968,992
401	1578	3	9	3	1	0	0	3	16	1	1	18	29824	912	0	3	0	412,414,736,738,912,920,960,968,992
401	1580	3	7	3	1	0	0	3	14	3	2	18	29824	912	0	3	0	412,736,912,920,960,968,992
401	1585	2	2	4	1	0	0	2	18	0	0	18	29824	912	0	4	0	912,920
401	1586	2	2	4	1	0	0	2	18	0	0	18	29824	912	0	4	0	912,920
401	1588	2	2	4	1	0	0	2	16	1	1	18	29824	912	0	4	0	912,920
401	1592	2	2	4	1	0	0	2	16	1	1	18	29824	912	0	4	0	912,920
401	1603	2	1	4	1	0	0	1	15	3	2	19	30784	960	0	4	0	960
401	1605	2	1	4	1	0	0	1	13	13	3	19	30784	960	0	4	0	960
401	1606	2	1	4	1	0	0	1	13	13	3	19	30784	960	0	4	0	960
401	1609	2	1	4	1	0	0	1	13	13	3	19	30784	960	0	4	0	960
401	1610	2	1	4	1	0	0	1	13	13	3	19	30784	960	0	4	0	960
401	1612	2	1	4	1	0	0	1	11	77	4	19	30784	960	0	4	0	960
401	1617	2	2	4	1	0	0	3	15	3	2	19	29824	912	0	4	0	912,960
401	1618	2	2	4	1	0	0	3	15	3	2	19	29824	912	0	4	0	912,960
401	1620	2	2	4	1	0	0	3	13	13	3	19	29824	912	0	4	0	912,960
401	1624	2	2	4	1	0	0	3	13	13	3	19	29824	912	0	4	0	912,960
401	1633	2	2	4	1	0	0	3	15	3	2	19	29824	912	0	4	0	912,960
401	1634	2	2	4	1	0	0	3	15	3	2	19	29824	912	0	4	0	912,960
401	1636	2	2	4	1	0	0	3	13	13	3	19	29824	912	0	4	0	912,960
401	1640	2	2	4	1	0	0	3	13	13	3	19	29824	912	0	4	0	912,960
401	1648	1	1	5	1	0	0	2	15	3	2	19	29824	912	0	5	0	912
401	1667	2	2	4	1	0	0	2	17	1	1	19	30784	976	0	4	0	960,976
401	1669	2	2	4	1	0	0	2	15	12	2	19	30784	976	0	4	0	960,976
401	1670	2	2	4	1	0	0	2	15	12	2	19	30784	976	0	4	0	960,976
401	1673	2	2	4	1	0	0	2	15	12	2	19	30784	976	0	4	0	960,976
401	1674	2	2	4	1	0	0	2	15	12	2	19	30784	976	0	4	0	960,976
401	1676	2	2	4	1	0	0	2	13	76	3	19	30784	976	0	4	0	960,976
401	1681	2	4	4	1	0	0	4	17	1	1	19	29824	896	0	4	0	896,912,960,976
401	1682	2	4	4	1	0	0	4	17	1	1	19	29824	896	0	4	0	896,912,960,976
401	1684	2	4	4	1	0	0	4	15	12	2	19	29824	896	0	4	0	896,912,960,976
401	1688	2	4	4	1	0	0	4	15	12	2	19	29824	896	0	4	0	896,912,960,976
401	1697	2	4	4	1	0	0	4	17	1	1	19	29824	896	0	4	0	896,912,960,976
401	1698	2	4	4	1	0	0	4	17	1	1	19	29824	896	0	4	0	896,912,960,976
401	1700	2	4	4	1	0	0	4	15	12	2	19	29824	896	0	4	0	896,912,960,976
401	1704	2	4	4	1	0	0	4	15	12	2	19	29824	896	0	4	0	896,912,960,976
401	1712	1	2	5	1	0	0	2	17	1	1	19	29824	896	0	5	0	896,912
401	1729	1	1	5	1	0	0	2	14	13	3	20	30784	960	0	5	0	960
401	1730	1	1	5	1	0	0	2	14	13	3	20	30784	960	0	5	0	960
401	1732	1	1	5	1	0	0	2	12	86	4	20	30784	960	0	5	0	960
401	1736	1	1	5	1	0	0	2	12	86	4	20	30784	960	0	5	0	960
401	1744	1	2	5	1	0	0	4	14	13	3	20	29824	896	0	5	0	896,960
401	1760	1	2	5	1	0	0	4	14	13	3	20	29824	896	0	5	0	896,960
401	1795	1	1	5	1	1	1	0	19	0	0	19	30784	960	64	4	1	960
401	1797	1	1	5	1	1	1	0	17	1	1	19	30784	960	64	4	1	960
401	1798	1	1	5	1	1	1	0	17	1	1	19	30784	960	64	4	1	960
401	1801	1	1	5	1	1	1	0	17	1	1	19	30784	960	64	4	1	960
401	1802	1	1	5	1	1	1	0	17	1	1	19	30784	960	64	4	1	960
401	1804	1	1	5	1	1	1	0	15	3	2	19	30784	960	64	4	1	960
401	1809	1	1	5	1	1	1	0	19	0	0	19	30784	960	64	4	1	960
401	1810	1	1	5	1	1	1	0	19	0	0	19	30784	960	64	4	1	960
401	1812	1	1	5	1	1	1	0	17	1	1	19	30784	960	64	4	1	960
401	1816	1	1	5	1	1	1	0	17	1	1	19	30784	960	64	4	1	960
401	1825	1	1	5	1	1	1	0	19	0	0	19	30784	960	64	4	1	960
401	1826	1	1	5	1	1	1	0	19	0	0	19	30784	960	64	4	1	960
401	1828	1	1	5	1	1	1	0	17	1	1	19	30784	960	64	4	1	960
401	1832	1	1	5	1	1	1	0	17	1	1	19	30784	960	64	4	1	960
401	1840	1	3	5	1	0	0	1	19	0	0	19	29824	928	0	5	0	896,928,960
401	1857	1	1	5	1	0	0	1	14	11	3	20	30784	960	0	5	0	960
401	1858	1	1	5	1	0	0	1	14	11	3	20	30784	960	0	5	0	960
401	1860	1	1	5	1	0	0	1	12	77	4	20	30784	960	0	5	0	960
401	1864	1	1	5	1	0	0	1	12	77	4	20	30784	960	0	5	0	960
401	1872	1	1	5	1	0	0	1	14	11	3	20	30784	960	0	5	0	960
401	1888	1	1	5	1	0	0	1	14	11	3	20	30784	960	0	5	0	960
401	1921	1	1	5	1	1	1	0	16	3	2	20	29824	960	2048	4	1	960
401	1922	1	1	5	1	1	1	0	16	3	2	20	29824	960	2048	4	1	960
401	1924	1	1	5	1	1	1	0	14	76	3	20	29824	960	2048	4	1	960
401	1928	1	1	5	1	1	1	0	14	76	3	20	29824	960	2048	4	1	960
401	1936	1	2	5	1	0	0	1	16	3	2	20	29824	896	0	5	0	896,960
401	1952	1	2	5	1	0	0	1	16	3	2	20	29824	896	0	5	0	896,960
401	1984	1	1	5	1	0	0	2	11	94	5	21	30784	960	0	5	0	960
401	2063	2	5	4	1	0	0	1	17	0	0	17	30912	908	0	4	0	396,398,624,626,908
401	2071	2	2	4	1	1	2	0	15	1	1	17	30912	397	16392	3	1	624,626
401	2075	2	2	4	1	1	2	0	15	1	1	17	30912	397	16388	3	1	624,626
401	2077	2	3	4	1	0	0	1	15	1	1	17	30912	908	0	4	0	396,398,908
401	2078	2	3	4	1	0	0	1	15	1	1	17	30912	908	0	4	0	396,398,908
401	2087	2	2	4	1	1	2	0	15	1	1	17	30912	397	16392	3	1	624,626
401	2091	2	2	4	1	1	2	0	15	1	1	17	30912	397	16388	3	1	624,626
401	2093	2	3	4	1	0	0	1	15	1	1	17	30912	908	0	4	0	396,398,908
401	2094	2	3	4	1	0	0	1	15	1	1	17	30912	908	0	4	0	396,398,908
401	2099	2	2	4	1	2	3	0	13	3	2	17	30912	399	16396	2	2	624,880
401	2101	2	1	4	1	1	2	0	13	3	2	17	30912	398	16392	3	1	398
401	2102	2	1	4	1	1	2	0	13	3	2	17	30912	398	16392	3	1	398
401	2105	2	1	4	1	1	2	0	13	3	2	17	30912	398	16388	3	1	398
401	2106	2	1	4	1	1	2	0	13	3	2	17	30912	398	16388	3	1	398
401	2108	2	2	4	1	0	0	1	13	3	2	17	30912	908	0	4	0	396,908
401	2119	2	2	4	1	0	0	3	18	0	0	18	29824	968	0	4	0	904,968
401	2123	2	2	4	1	0	0	3	18	0	0	18	29824	968	0	4	0	904,968
401	2125	1	1	5	1	0	0	1	18	0	0	18	30912	904	0	5	0	904
401	2126	1	1	5	1	0	0	1	18	0	0	18	30912	904	0	5	0	904
401	2131	2	1	4	1	0	0	2	16	1	1	18	29824	968	0	4	0	968
401	2133	2	2	4	1	0	0	3	16	1	1	18	29824	968	0	4	0	904,968
401	2134	2	2	4	1	0	0	3	16	1	1	18	29824	968	0	4	0	904,968
401	2137	2	2	4	1	0	0	3	16	1	1	18	29824	968	0	4	0	904,968
401	2138	2	2	4	1	0	0	3	16	1	1	18	29824	968	0	4	0	904,968
401	2140	1	1	5	1	0	0	1	16	1	1	18	30912	904	0	5	0	904
401	2147	2	1	4	1	0	0	2	16	1	1	18	29824	968	0	4	0	968
401	2149	2	2	4	1	0	0	3	16	1	1	18	29824	968	0	4	0	904,968
401	2150	2	2	4	1	0	0	3	16	1	1	18	29824	968	0	4	0	904,968
401	2153	2	2	4	1	0	0	3	16	1	1	18	29824	968	0	4	0	904,968
401	2154	2	2	4	1	0	0	3	16	1	1	18	29824	968	0	4	0	904,968
401	2156	1	1	5	1	0	0	1	16	1	1	18	30912	904	0	5	0	904
401	2161	2	1	4	1	0	0	2	14	3	2	18	29824	968	0	4	0	968
401	2162	2	1	4	1	0	0	2	14	3	2	18	29824	968	0	4	0	968
401	2164	2	2	4	1	0	0	3	14	3	2	18	29824	968	0	4	0	904,968
401	2168	2	2	4	1	0	0	3	14	3	2	18	29824	968	0	4	0	904,968
401	2183	2	1	4	1	0	0	2	16	1	1	18	30784	904	0	4	0	904
401	2187	2	1	4	1	0	0	2	16	1	1	18	30784	904	0	4	0	904
401	2189	1	1	5	1	0	0	2	16	1	1	18	30784	904	0	5	0	904
401	2190	1	1	5	1	0	0	2	16	1	1	18	30784	904	0	5	0	904
401	2195	3	7	3	1	0	0	4	14	3	2	18	29824	960	0	3	0	624,628,880,884,904,960,968
401	2197	2	1	4	1	0	0	2	14	3	2	18	30784	904	0	4	0	904
401	2198	2	1	4	1	0	0	2	14	3	2	18	30784	904	0	4	0	904
401	2201	2	1	4	1	0	0	2	14	3	2	18	30784	904	0	4	0	904
401	2202	2	1	4	1	0	0	2	14	3	2	18	30784	904	0	4	0	904
401	2204	1	1	5	1	0	0	2	14	3	2	18	30784	904	0	5	0	904
401	2211	3	7	3	1	0	0	4	14	3	2	18	29824	960	0	3	0	624,628,880,884,904,960,968
401	2213	2	1	4	1	0	0	2	14	3	2	18	30784	904	0	4	0	904
401	2214	2	1	4	1	0	0	2	14	3	2	18	30784	904	0	4	0	904
401	2217	2	1	4	1	0	0	2	14	3	2	18	30784	904	0	4	0	904
401	2218	2	1	4	1	0	0	2	14	3	2	18	30784	904	0	4	0	904
401	2220	1	1	5	1	0	0	2	14	3	2	18	30784	904	0	5	0	904
401	2225	3	5	3	1	0	0	4	12	11	3	18	29824	960	0	3	0	398,880,904,960,968
401	2226	3	5	3	1	0	0	4	12	11	3	18	29824	960	0	3	0	398,880,904,960,968
401	2228	2	1	4	1	0	0	2	12	11	3	18	30784	904	0	4	0	904
401	2232	2	1	4	1	0	0	2	12	11	3	18	30784	904	0	4	0	904
401	2243	1	1	5	1	0	0	2	17	1	1	19	29824	960	0	5	0	960
401	2245	1	2	5	1	0	0	4	17	1	1	19	29824	960	0	5	0	896,960
401	2246	1	2	5	1	0	0	4	17	1	1	19	29824	960	0	5	0	896,960
401	2249	1	2	5	1	0	0	4	17	1	1	19	29824	960	0	5	0	896,960
401	2250	1	2	5	1	0	0	4	17	1	1	19	29824	960	0	5	0	896,960
401	2252	0	1	6	0	0	0	2	17	1	1	19	30784	896	0	6	0	896
401	2257	1	1	5	1	0	0	2	15	3	2	19	29824	960	0	5	0	960
401	2258	1	1	5	1	0	0	2	15	3	2	19	29824	960	0	5	0	960
401	2260	1	2	5	1	0	0	4	15	3	2	19	29824	960	0	5	0	896,960
401	2264	1	2	5	1	0	0	4	15	3	2	19	29824	960	0	5	0	896,960
401	2273	1	1	5	1	0	0	2	15	3	2	19	29824	960	0	5	0	960
401	2274	1	1	5	1	0	0	2	15	3	2	19	29824	960	0	5	0	960
401	2276	1	2	5	1	0	0	4	15	3	2	19	29824	960	0	5	0	896,960
401	2280	1	2	5	1	0	0	4	15	3	2	19	29824	960	0	5	0	896,960
401	2288	1	1	5	1	0	0	2	13	11	3	19	29824	960	0	5	0	960
401	2311	3	15	3	1	0	0	3	18	0	0	18	29824	976	0	3	0	350,608,610,612,614,736,864,866,868,870,904,920,960,976,992
401	2315	3	15	3	1	0	0	3	18	0	0	18	29824	976	0	3	0	350,608,610,612,614,736,864,866,868,870,904,920,960,976,992
401	2317	2	2	4	1	0	0	2	18	0	0	18	30784	904	0	4	0	904,920
401	2318	2	2	4	1	0	0	2	18	0	0	18	30784	904	0	4	0	904,920
401	2323	2	2	4	1	1	3	0	16	1	1	18	29824	864	4736	3	1	864,868
401	2325	3	9	3	1	0	0	3	16	1	1	18	29824	976	0	3	0	410,414,864,868,904,920,960,976,992
401	2326	3	9	3	1	0	0	3	16	1	1	18	29824	976	0	3	0	410,414,864,868,904,920,960,976,992
401	2329	3	9	3	1	0	0	3	16	1	1	18	29824	976	0	3	0	410,414,864,868,904,920,960,976,992
401	2330	3	9	3	1	0	0	3	16	1	1	18	29824	976	0	3	0	410,414,864,868,904,920,960,976,992
401	2332	2	2	4	1	0	0	2	16	1	1	18	30784	904	0	4	0	904,920
401	2339	2	2	4	1	1	3	0	16	1	1	18	29824	864	4736	3	1	864,868
401	2341	3	9	3	1	0	0	3	16	1	1	18	29824	976	0	3	0	410,414,864,868,904,920,960,976,992
401	2342	3	9	3	1	0	0	3	16	1	1	18	29824	976	0	3	0	410,414,864,868,904,920,960,976,992
401	2345	3	9	3	1	0	0	3	16	1	1	18	29824	976	0	3	0	410,414,864,868,904,920,960,976,992
401	2346	3	9	3	1	0	0	3	16	1	1	18	29824	976	0	3	0	410,414,864,868,904,920,960,976,992
401	2348	2	2	4	1	0	0	2	16	1	1	18	30784	904	0	4	0	904,920
401	2353	2	1	4	1	1	3	0	14	3	2	18	29824	864	4736	3	1	864
401	2354	2	1	4	1	1	3	0	14	3	2	18	29824	864	4736	3	1	864
401	2356	3	7	3	1	0	0	3	14	3	2	18	29824	976	0	3	0	412,864,904,920,960,976,992
401	2360	3	7	3	1	0	0	3	14	3	2	18	29824	976	0	3	0	412,864,904,920,960,976,992
401	2371	2	2	4	1	0	0	2	17	1	1	19	29824	976	0	4	0	960,976
401	2373	2	4	4	1	0	0	4	17	1	1	19	29824	976	0	4	0	896,912,960,976
401	2374	2	4	4	1	0	0	4	17	1	1	19	29824	976	0	4	0	896,912,960,976
401	2377	2	4	4	1	0	0	4	17	1	1	19	29824	976	0	4	0	896,912,960,976
401	2378	2	4	4	1	0	0	4	17	1	1	19	29824	976	0	4	0	896,912,960,976
401	2380	1	2	5	1	0	0	2	17	1	1	19	30784	896	0	5	0	896,912
401	2385	2	2	4	1	0	0	2	15	12	2	19	29824	976	0	4	0	960,976
401	2386	2	2	4	1	0	0	2	15	12	2	19	29824	976	0	4	0	960,976
401	2388	2	4	4	1	0	0	4	15	12	2	19	29824	976	0	4	0	896,912,960,976
401	2392	2	4	4	1	0	0	4	15	12	2	19	29824	976	0	4	0	896,912,960,976
401	2401	2	2	4	1	0	0	2	15	12	2	19	29824	976	0	4	0	960,976
401	2402	2	2	4	1	0	0	2	15	12	2	19	29824	976	0	4	0	960,976
401	2404	2	4	4	1	0	0	4	15	12	2	19	29824	976	0	4	0	896,912,960,976
401	2408	2	4	4	1	0	0	4	15	12	2	19	29824	976	0	4	0	896,912,960,976
401	2416	2	2	4	1	0	0	2	13	76	3	19	29824	976	0	4	0	960,976
401	2435	2	1	4	1	0	0	1	15	3	2	19	29824	960	0	4	0	960
401	2437	2	2	4	1	0	0	3	15	3	2	19	29824	960	0	4	0	912,960
401	2438	2	2	4	1	0	0	3	15	3	2	19	29824	960	0	4	0	912,960
401	2441	2	2	4	1	0	0	3	15	3	2	19	29824	960	0	4	0	912,960
401	2442	2	2	4	1	0	0	3	15	3	2	19	29824	960	0	4	0	912,960
401	2444	1	1	5	1	0	0	2	15	3	2	19	30784	912	0	5	0	912
401	2449	2	1	4	1	0	0	1	13	13	3	19	29824	960	0	4	0	960
401	2450	2	1	4	1	0	0	1	13	13	3	19	29824	960	0	4	0	960
401	2452	2	2	4	1	0	0	3	13	13	3	19	29824	960	0	4	0	912,960
401	2456	2	2	4	1	0	0	3	13	13	3	19	29824	960	0	4	0	912,960
401	2465	2	1	4	1	0	0	1	13	13	3	19	29824	960	0	4	0	960
401	2466	2	1	4	1	0	0	1	13	13	3	19	29824	960	0	4	0	960
401	2468	2	2	4	1	0	0	3	13	13	3	19	29824	960	0	4	0	912,960
401	2472	2	2	4	1	0	0	3	13	13	3	19	29824	960	0	4	0	912,960
401	2480	2	1	4	1	0	0	1	11	77	4	19	29824	960	0	4	0	960
401	2497	1	1	5	1	0	0	2	14	13	3	20	29824	960	0	5	0	960
401	2498	1	1	5	1	0	0	2	14	13	3	20	29824	960	0	5	0	960
401	2500	1	2	5	1	0	0	4	14	13	3	20	29824	960	0	5	0	896,960
401	2504	1	2	5	1	0	0	4	14	13	3	20	29824	960	0	5	0	896,960
401	2512	1	1	5	1	0	0	2	12	86	4	20	29824	960	0	5	0	960
401	2528	1	1	5	1	0	0	2	12	86	4	20	29824	960	0	5	0	960
401	2567	3	15	3	1	0	0	3	18	0	0	18	29824	976	0	3	0	350,608,610,612,614,736,864,866,868,870,904,920,960,976,992
401	2571	3	15	3	1	0	0	3	18	0	0	18	29824	976	0	3	0	350,608,610,612,614,736,864,866,868,870,904,920,960,976,992
401	2573	2	2	4	1	0	0	2	18	0	0	18	30784	904	0	4	0	904,920
401	2574	2	2	4	1	0	0	2	18	0	0	18	30784	904	0	4	0	904,920
401	2579	2	2	4	1	1	3	0	16	1	1	18	29824	864	4480	3	1	864,868
401	2581	3	9	3	1	0	0	3	16	1	1	18	29824	976	0	3	0	410,414,864,868,904,920,960,976,992
401	2582	3	9	3	1	0	0	3	16	1	1	18	29824	976	0	3	0	410,414,864,868,904,920,960,976,992
401	2585	3	9	3	1	0	0	3	16	1	1	18	29824	976	0	3	0	410,414,864,868,904,920,960,976,992
401	2586	3	9	3	1	0	0	3	16	1	1	18	29824	976	0	3	0	410,414,864,868,904,920,960,976,992
401	2588	2	2	4	1	0	0	2	16	1	1	18	30784	904	0	4	0	904,920
401	2595	2	2	4	1	1	3	0	16	1	1	18	29824	864	4480	3	1	864,868
401	2597	3	9	3	1	0	0	3	16	1	1	18	29824	976	0	3	0	410,414,864,868,904,920,960,976,992
401	2598	3	9	3	1	0	0	3	16	1	1	18	29824	976	0	3	0	410,414,864,868,904,920,960,976,992
401	2601	3	9	3	1	0	0	3	16	1	1	18	29824	976	0	3	0	410,414,864,868,904,920,960,976,992
401	2602	3	9	3	1	0	0	3	16	1	1	18	29824	976	0	3	0	410,414,864,868,904,920,960,976,992
401	2604	2	2	4	1	0	0	2	16	1	1	18	30784	904	0	4	0	904,920
401	2609	2	1	4	1	1	3	0	14	3	2	18	29824	864	4480	3	1	864
401	2610	2	1	4	1	1	3	0	14	3	2	18	29824	864	4480	3	1	864
401	2612	3	7	3	1	0	0	3	14	3	2	18	29824	976	0	3	0	412,864,904,920,960,976,992
401	2616	3	7	3	1	0	0	3	14	3	2	18	29824	976	0	3	0	412,864,904,920,960,976,992
401	2627	2	2	4	1	0	0	2	17	1	1	19	29824	976	0	4	0	960,976
401	2629	2	4	4	1	0	0	4	17	1	1	19	29824	976	0	4	0	896,912,960,976
401	2630	2	4	4	1	0	0	4	17	1	1	19	29824	976	0	4	0	896,912,960,976
401	2633	2	4	4	1	0	0	4	17	1	1	19	29824	976	0	4	0	896,912,960,976
401	2634	2	4	4	1	0	0	4	17	1	1	19	29824	976	0	4	0	896,912,960,976
401	2636	1	2	5	1	0	0	2	17	1	1	19	30784	896	0	5	0	896,912
401	2641	2	2	4	1	0	0	2	15	12	2	19	29824	976	0	4	0	960,976
401	2642	2	2	4	1	0	0	2	15	12	2	19	29824	976	0	4	0	960,976
401	2644	2	4	4	1	0	0	4	15	12	2	19	29824	976	0	4	0	896,912,960,976
401	2648	2	4	4	1	0	0	4	15	12	2	19	29824	976	0	4	0	896,912,960,976
401	2657	2	2	4	1	0	0	2	15	12	2	19	29824	976	0	4	0	960,976
401	2658	2	2	4	1	0	0	2	15	12	2	19	29824	976	0	4	0	960,976
401	2660	2	4	4	1	0	0	4	15	12	2	19	29824	976	0	4	0	896,912,960,976
401	2664	2	4	4	1	0	0	4	15	12	2	19	29824	976	0	4	0	896,912,960,976
401	2672	2	2	4	1	0	0	2	13	76	3	19	29824	976	0	4	0	960,976
401	2691	2	1	4	1	0	0	1	15	3	2	19	29824	960	0	4	0	960
401	2693	2	2	4	1	0	0	3	15	3	2	19	29824	960	0	4	0	912,960
401	2694	2	2	4	1	0	0	3	15	3	2	19	29824	960	0	4	0	912,960
401	2697	2	2	4	1	0	0	3	15	3	2	19	29824	960	0	4	0	912,960
401	2698	2	2	4	1	0	0	3	15	3	2	19	29824	960	0	4	0	912,960
401	2700	1	1	5	1	0	0	2	15	3	2	19	30784	912	0	5	0	912
401	2705	2	1	4	1	0	0	1	13	13	3	19	29824	960	0	4	0	960
401	2706	2	1	4	1	0	0	1	13	13	3	19	29824	960	0	4	0	960
401	2708	2	2	4	1	0	0	3	13	13	3	19	29824	960	0	4	0	912,960
401	2712	2	2	4	1	0	0	3	13	13	3	19	29824	960	0	4	0	912,960
401	2721	2	1	4	1	0	0	1	13	13	3	19	29824	960	0	4	0	960
401	2722	2	1	4	1	0	0	1	13	13	3	19	29824	960	0	4	0	960
401	2724	2	2	4	1	0	0	3	13	13	3	19	29824	960	0	4	0	912,960
401	2728	2	2	4	1	0	0	3	13	13	3	19	29824	960	0	4	0	912,960
401	2736	2	1	4	1	0	0	1	11	77	4	19	29824	960	0	4	0	960
401	2753	1	1	5	1	0	0	2	14	13	3	20	29824	960	0	5	0	960
401	2754	1	1	5	1	0	0	2	14	13	3	20	29824	960	0	5	0	960
401	2756	1	2	5	1	0	0	4	14	13	3	20	29824	960	0	5	0	896,960
401	2760	1	2	5	1	0	0	4	14	13	3	20	29824	960	0	5	0	896,960
401	2768	1	1	5	1	0	0	2	12	86	4	20	29824	960	0	5	0	960
401	2784	1	1	5	1	0	0	2	12	86	4	20	29824	960	0	5	0	960
401	2819	1	1	5	1	1	1	0	19	0	0	19	29824	960	128	4	1	960
401	2821	1	1	5	1	1	1	0	19	0	0	19	29824	960	128	4	1	960
401	2822	1	1	5	1	1	1	0	19	0	0	19	29824	960	128	4	1	960
401	2825	1	1	5	1	1	1	0	19	0	0	19	29824	960	128	4	1	960
401	2826	1	1	5	1	1	1	0	19	0	0	19	29824	960	128	4	1	960
401	2828	1	3	5	1	0	0	1	19	0	0	19	30784	912	0	5	0	896,912,960
401	2833	1	1	5	1	1	1	0	17	1	1	19	29824	960	128	4	1	960
401	2834	1	1	5	1	1	1	0	17	1	1	19	29824	960	128	4	1	960
401	2836	1	1	5	1	1	1	0	17	1	1	19	29824	960	128	4	1	960
401	2840	1	1	5	1	1	1	0	17	1	1	19	29824	960	128	4	1	960
401	2849	1	1	5	1	1	1	0	17	1	1	19	29824	960	128	4	1	960
401	2850	1	1	5	1	1	1	0	17	1	1	19	29824	960	128	4	1	960
401	2852	1	1	5	1	1	1	0	17	1	1	19	29824	960	128	4	1	960
401	2856	1	1	5	1	1	1	0	17	1	1	19	29824	960	128	4	1	960
401	2864	1	1	5	1	1	1	0	15	3	2	19	29824	960	128	4	1	960
401	2881	1	1	5	1	1	1	0	16	3	2	20	29824	960	128	4	1	960
401	2882	1	1	5	1	1	1	0	16	3	2	20	29824	960	128	4	1	960
401	2884	1	2	5	1	0	0	1	16	3	2	20	30784	896	0	5	0	896,960
401	2888	1	2	5	1	0	0	1	16	3	2	20	30784	896	0	5	0	896,960
401	2896	1	1	5	1	1	1	0	14	76	3	20	29824	960	128	4	1	960
401	2912	1	1	5	1	1	1	0	14	76	3	20	29824	960	128	4	1	960
401	2945	1	1	5	1	0	0	1	14	11	3	20	29824	960	0	5	0	960
401	2946	1	1	5	1	0	0	1	14	11	3	20	29824	960	0	5	0	960
401	2948	1	1	5	1	0	0	1	14	11	3	20	29824	960	0	5	0	960
401	2952	1	1	5	1	0	0	1	14	11	3	20	29824	960	0	5	0	960
401	2960	1	1	5	1	0	0	1	12	77	4	20	29824	960	0	5	0	960
401	2976	1	1	5	1	0	0	1	12	77	4	20	29824	960	0	5	0	960
401	3008	1	1	5	1	0	0	2	11	94	5	21	29824	960	0	5	0	960
401	3079	2	1	4	1	0	0	2	15	3	2	19	29888	920	0	4	0	920
401	3083	2	1	4	1	0	0	2	15	3	2	19	29888	920	0	4	0	920
401	3085	2	1	4	1	0	0	2	13	11	3	19	29888	920	0	4	0	920
401	3086	2	1	4	1	0	0	2	13	11	3	19	29888	920	0	4	0	920
401	3091	2	1	4	1	0	0	2	15	3	2	19	29888	920	0	4	0	920
401	3093	2	1	4	1	0	0	2	13	13	3	19	29888	920	0	4	0	920
401	3094	2	1	4	1	0	0	2	13	13	3	19	29888	920	0	4	0	920
401	3097	2	1	4	1	0	0	2	13	13	3	19	29888	920	0	4	0	920
401	3098	2	1	4	1	0	0	2	13	13	3	19	29888	920	0	4	0	920
401	3100	2	1	4	1	0	0	2	11	77	4	19	29888	920	0	4	0	920
401	3107	2	1	4	1	0	0	2	15	3	2	19	29888	920	0	4	0	920
401	3109	2	1	4	1	0	0	2	13	13	3	19	29888	920	0	4	0	920
401	3110	2	1	4	1	0	0	2	13	13	3	19	29888	920	0	4	0	920
401	3113	2	1	4	1	0	0	2	13	13	3	19	29888	920	0	4	0	920
401	3114	2	1	4	1	0	0	2	13	13	3	19	29888	920	0	4	0	920
401	3116	2	1	4	1	0	0	2	11	77	4	19	29888	920	0	4	0	920
401	3121	2	1	4	1	0	0	2	13	11	3	19	29888	920	0	4	0	920
401	3122	2	1	4	1	0	0	2	13	11	3	19	29888	920	0	4	0	920
401	3124	2	1	4	1	0	0	2	11	77	4	19	29888	920	0	4	0	920
401	3128	2	1	4	1	0	0	2	11	77	4	19	29888	920	0	4	0	920
401	3139	1	1	5	1	0	0	3	16	3	2	20	29824	912	0	5	0	912
401	3141	1	1	5	1	0	0	3	14	11	3	20	29824	912	0	5	0	912
401	3142	1	1	5	1	0	0	3	14	11	3	20	29824	912	0	5	0	912
401	3145	1	1	5	1	0	0	3	14	11	3	20	29824	912	0	5	0	912
401	3146	1	1	5	1	0	0	3	14	11	3	20	29824	912	0	5	0	912
401	3148	1	1	5	1	0	0	3	12	75	4	20	29824	912	0	5	0	912
401	3153	1	1	5	1	0	0	3	14	13	3	20	29824	912	0	5	0	912
401	3154	1	1	5	1	0	0	3	14	13	3	20	29824	912	0	5	0	912
401	3156	1	1	5	1	0	0	3	12	77	4	20	29824	912	0	5	0	912
401	3160	1	1	5	1	0	0	3	12	77	4	20	29824	912	0	5	0	912
401	3169	1	1	5	1	0	0	3	14	13	3	20	29824	912	0	5	0	912
401	3170	1	1	5	1	0	0	3	14	13	3	20	29824	912	0	5	0	912
401	3172	1	1	5	1	0	0	3	12	77	4	20	29824	912	0	5	0	912
401	3176	1	1	5	1	0	0	3	12	77	4	20	29824	912	0	5	0	912
401	3184	1	1	5	1	0	0	3	12	77	4	20	29824	912	0	5	0	912
401	3203	1	1	5	1	0	0	3	16	3	2	20	29888	912	0	5	0	912
401	3205	1	1	5	1	0	0	3	14	13	3	20	29888	912	0	5	0	912
401	3206	1	1	5	1	0	0	3	14	13	3	20	29888	912	0	5	0	912
401	3209	1	1	5	1	0	0	3	14	13	3	20	29888	912	0	5	0	912
401	3210	1	1	5	1	0	0	3	14	13	3	20	29888	912	0	5	0	912
401	3212	1	1	5	1	0	0	3	12	77	4	20	29888	912	0	5	0	912
401	3217	1	1	5	1	0	0	3	14	11	3	20	29888	912	0	5	0	912
401	3218	1	1	5	1	0	0	3	14	11	3	20	29888	912	0	5	0	912
401	3220	1	1	5	1	0	0	3	12	77	4	20	29888	912	0	5	0	912
401	3224	1	1	5	1	0	0	3	12	77	4	20	29888	912	0	5	0	912
401	3233	1	1	5	1	0	0	3	14	11	3	20	29888	912	0	5	0	912
401	3234	1	1	5	1	0	0	3	14	11	3	20	29888	912	0	5	0	912
401	3236	1	1	5	1	0	0	3	12	77	4	20	29888	912	0	5	0	912
401	3240	1	1	5	1	0	0	3	12	77	4	20	29888	912	0	5	0	912
401	3248	1	1	5	1	0	0	3	12	75	4	20	29888	912	0	5	0	912
401	3265	0	1	6	0	0	0	4	15	13	3	21	29824	896	0	6	0	896
401	3266	0	1	6	0	0	0	4	15	13	3	21	29824	896	0	6	0	896
401	3268	0	1	6	0	0	0	4	13	77	4	21	29824	896	0	6	0	896
401	3272	0	1	6	0	0	0	4	13	77	4	21	29824	896	0	6	0	896
401	3280	0	1	6	0	0	0	4	13	77	4	21	29824	896	0	6	0	896
401	3296	0	1	6	0	0	0	4	13	77	4	21	29824	896	0	6	0	896
401	3331	2	5	4	1	0	0	4	18	1	1	20	29824	928	0	4	0	896,912,928,944,960
401	3333	2	5	4	1	0	0	4	16	3	2	20	29824	928	0	4	0	896,912,928,944,960
401	3334	2	5	4	1	0	0	4	16	3	2	20	29824	928	0	4	0	896,912,928,944,960
401	3337	2	5	4	1	0	0	4	16	3	2	20	29824	928	0	4	0	896,912,928,944,960
401	3338	2	5	4	1	0	0	4	16	3	2	20	29824	928	0	4	0	896,912,928,944,960
401	3340	2	5	4	1	0	0	4	14	11	3	20	29824	928	0	4	0	896,912,928,944,960
401	3345	2	5	4	1	0	0	4	16	3	2	20	29824	928	0	4	0	896,912,928,944,960
401	3346	2	5	4	1	0	0	4	16	3	2	20	29824	928	0	4	0	896,912,928,944,960
401	3348	2	5	4	1	0	0	4	14	13	3	20	29824	928	0	4	0	896,912,928,944,960
401	3352	2	5	4	1	0	0	4	14	13	3	20	29824	928	0	4	0	896,912,928,944,960
401	3361	2	5	4	1	0	0	4	16	3	2	20	29824	928	0	4	0	896,912,928,944,960
401	3362	2	5	4	1	0	0	4	16	3	2	20	29824	928	0	4	0	896,912,928,944,960
401	3364	2	5	4	1	0	0	4	14	13	3	20	29824	928	0	4	0	896,912,928,944,960
401	3368	2	5	4	1	0	0	4	14	13	3	20	29824	928	0	4	0	896,912,928,944,960
401	3376	2	5	4	1	0	0	4	14	11	3	20	29824	928	0	4	0	896,912,928,944,960
401	3393	1	2	5	1	0	0	4	15	13	3	21	29824	928	0	5	0	896,928
401	3394	1	2	5	1	0	0	4	15	13	3	21	29824	928	0	5	0	896,928
401	3396	1	2	5	1	0	0	4	13	77	4	21	29824	928	0	5	0	896,928
401	3400	1	2	5	1	0	0	4	13	77	4	21	29824	928	0	5	0	896,928
401	3408	1	2	5	1	0	0	4	13	86	4	21	29824	928	0	5	0	896,928
401	3424	1	2	5	1	0	0	4	13	86	4	21	29824	928	0	5	0	896,928
401	3457	1	2	5	1	0	0	4	15	13	3	21	29824	896	0	5	0	896,928
401	3458	1	2	5	1	0	0	4	15	13	3	21	29824	896	0	5	0	896,928
401	3460	1	2	5	1	0	0	4	13	86	4	21	29824	896	0	5	0	896,928
401	3464	1	2	5	1	0	0	4	13	86	4	21	29824	896	0	5	0	896,928
401	3472	1	2	5	1	0	0	4	13	77	4	21	29824	896	0	5	0	896,928
401	3488	1	2	5	1	0	0	4	13	77	4	21	29824	896	0	5	0	896,928
401	3520	0	1	6	0	0	0	4	14	236	5	22	29824	896	0	6	0	896
401	3587	2	5	4	1	0	0	4	18	1	1	20	29824	928	0	4	0	896,912,928,944,960
401	3589	2	5	4	1	0	0	4	16	3	2	20	29824	928	0	4	0	896,912,928,944,960
401	3590	2	5	4	1	0	0	4	16	3	2	20	29824	928	0	4	0	896,912,928,944,960
401	3593	2	5	4	1	0	0	4	16	3	2	20	29824	928	0	4	0	896,912,928,944,960
401	3594	2	5	4	1	0	0	4	16	3	2	20	29824	928	0	4	0	896,912,928,944,960
401	3596	2	5	4	1	0	0	4	14	11	3	20	29824	928	0	4	0	896,912,928,944,960
401	3601	2	5	4	1	0	0	4	16	3	2	20	29824	928	0	4	0	896,912,928,944,960
401	3602	2	5	4	1	0	0	4	16	3	2	20	29824	928	0	4	0	896,912,928,944,960
401	3604	2	5	4	1	0	0	4	14	13	3	20	29824	928	0	4	0	896,912,928,944,960
401	3608	2	5	4	1	0	0	4	14	13	3	20	29824	928	0	4	0	896,912,928,944,960
401	3617	2	5	4	1	0	0	4	16	3	2	20	29824	928	0	4	0	896,912,928,944,960
401	3618	2	5	4	1	0	0	4	16	3	2	20	29824	928	0	4	0	896,912,928,944,960
401	3620	2	5	4	1	0	0	4	14	13	3	20	29824	928	0	4	0	896,912,928,944,960
401	3624	2	5	4	1	0	0	4	14	13	3	20	29824	928	0	4	0	896,912,928,944,960
401	3632	2	5	4	1	0	0	4	14	11	3	20	29824	928	0	4	0	896,912,928,944,960
401	3649	1	2	5	1	0	0	4	15	13	3	21	29824	928	0	5	0	896,928
401	3650	1	2	5	1	0	0	4	15	13	3	21	29824	928	0	5	0	896,928
401	3652	1	2	5	1	0	0	4	13	77	4	21	29824	928	0	5	0	896,928
401	3656	1	2	5	1	0	0	4	13	77	4	21	29824	928	0	5	0	896,928
401	3664	1	2	5	1	0	0	4	13	86	4	21	29824	928	0	5	0	896,928
401	3680	1	2	5	1	0	0	4	13	86	4	21	29824	928	0	5	0	896,928
401	3713	1	2	5	1	0	0	4	15	13	3	21	29824	896	0	5	0	896,928
401	3714	1	2	5	1	0	0	4	15	13	3	21	29824	896	0	5	0	896,928
401	3716	1	2	5	1	0	0	4	13	86	4	21	29824	896	0	5	0	896,928
401	3720	1	2	5	1	0	0	4	13	86	4	21	29824	896	0	5	0	896,928
401	3728	1	2	5	1	0	0	4	13	77	4	21	29824	896	0	5	0	896,928
401	3744	1	2	5	1	0	0	4	13	77	4	21	29824	896	0	5	0	896,928
401	3776	0	1	6	0	0	0	4	14	236	5	22	29824	896	0	6	0	896
401	3841	0	1	6	0	1	1	0	19	1	1	21	29824	896	128	5	1	896
401	3842	0	1	6	0	1	1	0	19	1	1	21	29824	896	128	5	1	896
401	3844	0	1	6	0	1	1	0	17	3	2	21	29824	896	128	5	1	896
401	3848	0	1	6	0	1	1	0	17	3	2	21	29824	896	128	5	1	896
401	3856	0	1	6	0	1	1	0	17	3	2	21	29824	896	128	5	1	896
401	3872	0	1	6	0	1	1	0	17	3	2	21	29824	896	128	5	1	896
401	3904	0	1	6	0	0	0	1	14	77	4	22	30784	896	0	6	0	896
401	3968	0	1	6	0	0	0	1	14	77	4	22	29824	896	0	6	0	896
401	4111	1	2	5	1	3	3	0	15	3	2	19	29888	335	16432	1	4	688,752
401	4119	2	2	4	1	2	2	0	13	11	3	19	29888	334	16416	2	2	334,752
401	4123	2	2	4	1	2	2	0	13	11	3	19	29888	334	16416	2	2	334,752
401	4125	2	4	4	1	2	2	0	15	3	2	19	29888	334	16416	2	2	270,334,688,752
401	4126	2	4	4	1	2	2	0	15	3	2	19	29888	334	16416	2	2	270,334,688,752
401	4135	2	2	4	1	2	2	0	13	11	3	19	29888	334	16400	2	2	334,752
401	4139	2	2	4	1	2	2	0	13	11	3	19	29888	334	16400	2	2	334,752
401	4141	2	4	4	1	2	2	0	15	3	2	19	29888	334	16400	2	2	270,334,688,752
401	4142	2	4	4	1	2	2	0	15	3	2	19	29888	334	16400	2	2	270,334,688,752
401	4147	3	5	3	1	0	0	2	11	75	4	19	29824	840	0	3	0	332,752,840,844,880
401	4149	3	7	3	1	0	0	2	13	11	3	19	29824	840	0	3	0	270,332,690,752,840,844,880
401	4150	3	7	3	1	0	0	2	13	11	3	19	29824	840	0	3	0	270,332,690,752,840,844,880
401	4153	3	7	3	1	0	0	2	13	11	3	19	29824	840	0	3	0	270,332,690,752,840,844,880
401	4154	3	7	3	1	0	0	2	13	11	3	19	29824	840	0	3	0	270,332,690,752,840,844,880
401	4156	3	12	3	1	0	0	2	15	3	2	19	29824	840	0	3	0	268,270,332,334,688,690,752,754,780,840,844,880
401	4167	1	1	5	1	2	3	0	16	3	2	20	29824	334	16432	3	2	334
401	4171	1	1	5	1	2	3	0	16	3	2	20	29824	334	16432	3	2	334
401	4173	1	2	5	1	2	3	0	18	1	1	20	29824	334	16432	3	2	334,688
401	4174	1	2	5	1	2	3	0	18	1	1	20	29824	334	16432	3	2	334,688
401	4179	2	3	4	1	0	0	2	14	11	3	20	29824	840	0	4	0	332,840,844
401	4181	2	4	4	1	0	0	2	16	3	2	20	29824	840	0	4	0	332,690,840,844
401	4182	2	4	4	1	0	0	2	16	3	2	20	29824	840	0	4	0	332,690,840,844
401	4185	2	4	4	1	0	0	2	16	3	2	20	29824	840	0	4	0	332,690,840,844
401	4186	2	4	4	1	0	0	2	16	3	2	20	29824	840	0	4	0	332,690,840,844
401	4188	2	6	4	1	0	0	2	18	1	1	20	29824	840	0	4	0	332,334,688,690,840,844
401	4195	2	3	4	1	0	0	2	14	11	3	20	29824	840	0	4	0	332,840,844
401	4197	2	4	4	1	0	0	2	16	3	2	20	29824	840	0	4	0	332,690,840,844
401	4198	2	4	4	1	0	0	2	16	3	2	20	29824	840	0	4	0	332,690,840,844
401	4201	2	4	4	1	0	0	2	16	3	2	20	29824	840	0	4	0	332,690,840,844
401	4202	2	4	4	1	0	0	2	16	3	2	20	29824	840	0	4	0	332,690,840,844
401	4204	2	6	4	1	0	0	2	18	1	1	20	29824	840	0	4	0	332,334,688,690,840,844
401	4209	1	1	5	1	0	0	2	14	11	3	20	29824	840	0	5	0	840
401	4210	1	1	5	1	0	0	2	14	11	3	20	29824	840	0	5	0	840
401	4212	1	1	5	1	0	0	2	16	3	2	20	29824	840	0	5	0	840
401	4216	1	1	5	1	0	0	2	16	3	2	20	29824	840	0	5	0	840
401	4231	2	2	4	1	1	3	0	16	3	2	20	29888	334	16432	2	2	334,752
401	4235	2	2	4	1	1	3	0	16	3	2	20	29888	334	16432	2	2	334,752
401	4237	2	5	4	1	0	0	2	18	1	1	20	30784	904	0	4	0	270,334,688,752,904
401	4238	2	5	4	1	0	0	2	18	1	1	20	30784	904	0	4	0	270,334,688,752,904
401	4243	3	12	3	1	0	0	2	14	11	3	20	29824	832	0	3	0	332,752,832,836,840,844,848,852,864,868,880,884
401	4245	3	15	3	1	0	0	4	16	3	2	20	29824	832	0	3	0	270,332,690,752,832,836,840,844,848,852,864,868,880,884,904
401	4246	3	15	3	1	0	0	4	16	3	2	20	29824	832	0	3	0	270,332,690,752,832,836,840,844,848,852,864,868,880,884,904
401	4249	3	15	3	1	0	0	4	16	3	2	20	29824	832	0	3	0	270,332,690,752,832,836,840,844,848,852,864,868,880,884,904
401	4250	3	15	3	1	0	0	4	16	3	2	20	29824	832	0	3	0	270,332,690,752,832,836,840,844,848,852,864,868,880,884,904
401	4252	2	1	4	1	0	0	2	18	1	1	20	30784	904	0	4	0	904
401	4259	3	12	3	1	0	0	2	14	11	3	20	29824	832	0	3	0	332,752,832,836,840,844,848,852,864,868,880,884
401	4261	3	15	3	1	0	0	4	16	3	2	20	29824	832	0	3	0	270,332,690,752,832,836,840,844,848,852,864,868,880,884,904
401	4262	3	15	3	1	0	0	4	16	3	2	20	29824	832	0	3	0	270,332,690,752,832,836,840,844,848,852,864,868,880,884,904
401	4265	3	15	3	1	0	0	4	16	3	2	20	29824	832	0	3	0	270,332,690,752,832,836,840,844,848,852,864,868,880,884,904
401	4266	3	15	3	1	0	0	4	16	3	2	20	29824	832	0	3	0	270,332,690,752,832,836,840,844,848,852,864,868,880,884,904
401	4268	2	1	4	1	0	0	2	18	1	1	20	30784	904	0	4	0	904
401	4273	2	5	4	1	0	0	2	14	11	3	20	29824	832	0	4	0	832,840,848,864,880
401	4274	2	5	4	1	0	0	2	14	11	3	20	29824	832	0	4	0	832,840,848,864,880
401	4276	2	5	4	1	0	0	2	16	3	2	20	29824	832	0	4	0	832,840,848,864,880
401	4280	2	5	4	1	0	0	2	16	3	2	20	29824	832	0	4	0	832,840,848,864,880
401	4291	2	6	4	1	0	0	2	17	3	2	21	29824	832	0	4	0	332,832,836,840,844,960
401	4293	2	8	4	1	0	0	4	19	1	1	21	29824	832	0	4	0	332,690,832,836,840,844,896,960
401	4294	2	8	4	1	0	0	4	19	1	1	21	29824	832	0	4	0	332,690,832,836,840,844,896,960
401	4297	2	8	4	1	0	0	4	19	1	1	21	29824	832	0	4	0	332,690,832,836,840,844,896,960
401	4298	2	8	4	1	0	0	4	19	1	1	21	29824	832	0	4	0	332,690,832,836,840,844,896,960
401	4300	1	1	5	1	0	0	2	21	0	0	21	30784	896	0	5	0	896
401	4305	1	2	5	1	0	0	2	17	3	2	21	29824	832	0	5	0	832,840
401	4306	1	2	5	1	0	0	2	17	3	2	21	29824	832	0	5	0	832,840
401	4308	1	2	5	1	0	0	2	19	1	1	21	29824	832	0	5	0	832,840
401	4312	1	2	5	1	0	0	2	19	1	1	21	29824	832	0	5	0	832,840
401	4321	1	2	5	1	0	0	2	17	3	2	21	29824	832	0	5	0	832,840
401	4322	1	2	5	1	0	0	2	17	3	2	21	29824	832	0	5	0	832,840
401	4324	1	2	5	1	0	0	2	19	1	1	21	29824	832	0	5	0	832,840
401	4328	1	2	5	1	0	0	2	19	1	1	21	29824	832	0	5	0	832,840
401	4336	0	1	6	0	0	0	2	17	3	2	21	29824	832	0	6	0	832
401	4359	2	2	4	1	2	3	0	14	11	3	20	29888	350	16432	1	3	350,736
401	4363	2	2	4	1	2	3	0	14	11	3	20	29888	350	16432	1	3	350,736
401	4365	2	4	4	1	1	3	0	16	3	2	20	29888	350	16432	1	3	286,350,672,736
401	4366	2	4	4	1	1	3	0	16	3	2	20	29888	350	16432	1	3	286,350,672,736
401	4371	3	7	3	1	0	0	1	12	75	4	20	29824	848	0	3	0	348,736,848,852,864,868,992
401	4373	3	9	3	1	0	0	1	14	11	3	20	29824	848	0	3	0	286,348,674,736,848,852,864,868,992
401	4374	3	9	3	1	0	0	1	14	11	3	20	29824	848	0	3	0	286,348,674,736,848,852,864,868,992
401	4377	3	9	3	1	0	0	1	14	11	3	20	29824	848	0	3	0	286,348,674,736,848,852,864,868,992
401	4378	3	9	3	1	0	0	1	14	11	3	20	29824	848	0	3	0	286,348,674,736,848,852,864,868,992
401	4380	3	15	3	1	0	0	2	16	3	2	20	29824	848	0	3	0	284,286,348,350,672,674,736,738,848,852,864,868,904,928,992
401	4387	3	7	3	1	0	0	1	12	75	4	20	29824	848	0	3	0	348,736,848,852,864,868,992
401	4389	3	9	3	1	0	0	1	14	11	3	20	29824	848	0	3	0	286,348,674,736,848,852,864,868,992
401	4390	3	9	3	1	0	0	1	14	11	3	20	29824	848	0	3	0	286,348,674,736,848,852,864,868,992
401	4393	3	9	3	1	0	0	1	14	11	3	20	29824	848	0	3	0	286,348,674,736,848,852,864,868,992
401	4394	3	9	3	1	0	0	1	14	11	3	20	29824	848	0	3	0	286,348,674,736,848,852,864,868,992
401	4396	3	15	3	1	0	0	2	16	3	2	20	29824	848	0	3	0	284,286,348,350,672,674,736,738,848,852,864,868,904,928,992
401	4401	2	2	4	1	0	0	1	12	75	4	20	29824	848	0	4	0	848,864
401	4402	2	2	4	1	0	0	1	12	75	4	20	29824	848	0	4	0	848,864
401	4404	2	2	4	1	0	0	1	14	11	3	20	29824	848	0	4	0	848,864
401	4408	2	2	4	1	0	0	1	14	11	3	20	29824	848	0	4	0	848,864
401	4419	2	1	4	1	1	3	0	13	77	4	21	29824	348	16432	3	1	348
401	4421	2	2	4	1	1	3	0	15	13	3	21	29824	348	16432	3	1	348,674
401	4422	2	2	4	1	1	3	0	15	13	3	21	29824	348	16432	3	1	348,674
401	4425	2	2	4	1	1	3	0	15	13	3	21	29824	348	16432	3	1	348,674
401	4426	2	2	4	1	1	3	0	15	13	3	21	29824	348	16432	3	1	348,674
401	4428	2	6	4	1	0	0	1	17	3	2	21	30784	896	0	4	0	348,350,672,674,896,928
401	4433	2	2	4	1	0	0	2	13	77	4	21	29824	848	0	4	0	848,856
401	4434	2	2	4	1	0	0	2	13	77	4	21	29824	848	0	4	0	848,856
401	4436	2	2	4	1	0	0	2	15	13	3	21	29824	848	0	4	0	848,856
401	4440	2	2	4	1	0	0	2	15	13	3	21	29824	848	0	4	0	848,856
401	4449	2	2	4	1	0	0	2	13	77	4	21	29824	848	0	4	0	848,856
401	4450	2	2	4	1	0	0	2	13	77	4	21	29824	848	0	4	0	848,856
401	4452	2	2	4	1	0	0	2	15	13	3	21	29824	848	0	4	0	848,856
401	4456	2	2	4	1	0	0	2	15	13	3	21	29824	848	0	4	0	848,856
401	4464	1	1	5	1	0	0	2	13	77	4	21	29824	848	0	5	0	848
401	4483	3	12	3	1	0	0	1	13	77	4	21	29824	832	0	3	0	348,736,832,836,840,844,864,868,872,876,960,992
401	4485	3	15	3	1	0	0	3	15	13	3	21	29824	832	0	3	0	286,348,674,736,832,836,840,844,864,868,872,876,912,960,992
401	4486	3	15	3	1	0	0	3	15	13	3	21	29824	832	0	3	0	286,348,674,736,832,836,840,844,864,868,872,876,912,960,992
401	4489	3	15	3	1	0	0	3	15	13	3	21	29824	832	0	3	0	286,348,674,736,832,836,840,844,864,868,872,876,912,960,992
401	4490	3	15	3	1	0	0	3	15	13	3	21	29824	832	0	3	0	286,348,674,736,832,836,840,844,864,868,872,876,912,960,992
401	4492	2	1	4	1	0	0	2	17	3	2	21	30784	912	0	4	0	912
401	4497	2	4	4	1	0	0	1	13	77	4	21	29824	832	0	4	0	832,840,864,872
401	4498	2	4	4	1	0	0	1	13	77	4	21	29824	832	0	4	0	832,840,864,872
401	4500	2	4	4	1	0	0	1	15	13	3	21	29824	832	0	4	0	832,840,864,872
401	4504	2	4	4	1	0	0	1	15	13	3	21	29824	832	0	4	0	832,840,864,872
401	4513	2	4	4	1	0	0	1	13	77	4	21	29824	832	0	4	0	832,840,864,872
401	4514	2	4	4	1	0	0	1	13	77	4	21	29824	832	0	4	0	832,840,864,872
401	4516	2	4	4	1	0	0	1	15	13	3	21	29824	832	0	4	0	832,840,864,872
401	4520	2	4	4	1	0	0	1	15	13	3	21	29824	832	0	4	0	832,840,864,872
401	4528	1	2	5	1	0	0	1	13	77	4	21	29824	832	0	5	0	832,864
401	4545	2	5	4	1	0	0	2	14	77	4	22	29824	832	0	4	0	832,840,848,856,960
401	4546	2	5	4	1	0	0	2	14	77	4	22	29824	832	0	4	0	832,840,848,856,960
401	4548	2	6	4	1	0	0	4	16	11	3	22	29824	832	0	4	0	832,840,848,856,896,960
401	4552	2	6	4	1	0	0	4	16	11	3	22	29824	832	0	4	0	832,840,848,856,896,960
401	4560	1	2	5	1	0	0	2	14	77	4	22	29824	832	0	5	0	832,848
401	4576	1	2	5	1	0	0	2	14	77	4	22	29824	832	0	5	0	832,848
401	4615	2	2	4	1	2	3	0	14	11	3	20	29888	350	16432	1	3	350,736
401	4619	2	2	4	1	2	3	0	14	11	3	20	29888	350	16432	1	3	350,736
401	4621	2	4	4	1	1	3	0	16	3	2	20	29888	350	16432	1	3	286,350,672,736
401	4622	2	4	4	1	1	3	0	16	3	2	20	29888	350	16432	1	3	286,350,672,736
401	4627	3	7	3	1	0	0	1	12	75	4	20	29824	848	0	3	0	348,736,848,852,864,868,992
401	4629	3	9	3	1	0	0	1	14	11	3	20	29824	848	0	3	0	286,348,674,736,848,852,864,868,992
401	4630	3	9	3	1	0	0	1	14	11	3	20	29824	848	0	3	0	286,348,674,736,848,852,864,868,992
401	4633	3	9	3	1	0	0	1	14	11	3	20	29824	848	0	3	0	286,348,674,736,848,852,864,868,992
401	4634	3	9	3	1	0	0	1	14	11	3	20	29824	848	0	3	0	286,348,674,736,848,852,864,868,992
401	4636	3	15	3	1	0	0	2	16	3	2	20	29824	848	0	3	0	284,286,348,350,672,674,736,738,848,852,864,868,904,928,992
401	4643	3	7	3	1	0	0	1	12	75	4	20	29824	848	0	3	0	348,736,848,852,864,868,992
401	4645	3	9	3	1	0	0	1	14	11	3	20	29824	848	0	3	0	286,348,674,736,848,852,864,868,992
401	4646	3	9	3	1	0	0	1	14	11	3	20	29824	848	0	3	0	286,348,674,736,848,852,864,868,992
401	4649	3	9	3	1	0	0	1	14	11	3	20	29824	848	0	3	0	286,348,674,736,848,852,864,868,992
401	4650	3	9	3	1	0	0	1	14	11	3	20	29824	848	0	3	0	286,348,674,736,848,852,864,868,992
401	4652	3	15	3	1	0	0	2	16	3	2	20	29824	848	0	3	0	284,286,348,350,672,674,736,738,848,852,864,868,904,928,992
401	4657	2	2	4	1	0	0	1	12	75	4	20	29824	848	0	4	0	848,864
401	4658	2	2	4	1	0	0	1	12	75	4	20	29824	848	0	4	0	848,864
401	4660	2	2	4	1	0	0	1	14	11	3	20	29824	848	0	4	0	848,864
401	4664	2	2	4	1	0	0	1	14	11	3	20	29824	848	0	4	0	848,864
401	4675	2	1	4	1	1	3	0	13	77	4	21	29824	348	16432	3	1	348
401	4677	2	2	4	1	1	3	0	15	13	3	21	29824	348	16432	3	1	348,674
401	4678	2	2	4	1	1	3	0	15	13	3	21	29824	348	16432	3	1	348,674
401	4681	2	2	4	1	1	3	0	15	13	3	21	29824	348	16432	3	1	348,674
401	4682	2	2	4	1	1	3	0	15	13	3	21	29824	348	16432	3	1	348,674
401	4684	2	6	4	1	0	0	1	17	3	2	21	30784	896	0	4	0	348,350,672,674,896,928
401	4689	2	2	4	1	0	0	2	13	77	4	21	29824	848	0	4	0	848,856
401	4690	2	2	4	1	0	0	2	13	77	4	21	29824	848	0	4	0	848,856
401	4692	2	2	4	1	0	0	2	15	13	3	21	29824	848	0	4	0	848,856
401	4696	2	2	4	1	0	0	2	15	13	3	21	29824	848	0	4	0	848,856
401	4705	2	2	4	1	0	0	2	13	77	4	21	29824	848	0	4	0	848,856
401	4706	2	2	4	1	0	0	2	13	77	4	21	29824	848	0	4	0	848,856
401	4708	2	2	4	1	0	0	2	15	13	3	21	29824	848	0	4	0	848,856
401	4712	2	2	4	1	0	0	2	15	13	3	21	29824	848	0	4	0	848,856
401	4720	1	1	5	1	0	0	2	13	77	4	21	29824	848	0	5	0	848
401	4739	3	12	3	1	0	0	1	13	77	4	21	29824	832	0	3	0	348,736,832,836,840,844,864,868,872,876,960,992
401	4741	3	15	3	1	0	0	3	15	13	3	21	29824	832	0	3	0	286,348,674,736,832,836,840,844,864,868,872,876,912,960,992
401	4742	3	15	3	1	0	0	3	15	13	3	21	29824	832	0	3	0	286,348,674,736,832,836,840,844,864,868,872,876,912,960,992
401	4745	3	15	3	1	0	0	3	15	13	3	21	29824	832	0	3	0	286,348,674,736,832,836,840,844,864,868,872,876,912,960,992
401	4746	3	15	3	1	0	0	3	15	13	3	21	29824	832	0	3	0	286,348,674,736,832,836,840,844,864,868,872,876,912,960,992
401	4748	2	1	4	1	0	0	2	17	3	2	21	30784	912	0	4	0	912
401	4753	2	4	4	1	0	0	1	13	77	4	21	29824	832	0	4	0	832,840,864,872
401	4754	2	4	4	1	0	0	1	13	77	4	21	29824	832	0	4	0	832,840,864,872
401	4756	2	4	4	1	0	0	1	15	13	3	21	29824	832	0	4	0	832,840,864,872
401	4760	2	4	4	1	0	0	1	15	13	3	21	29824	832	0	4	0	832,840,864,872
401	4769	2	4	4	1	0	0	1	13	77	4	21	29824	832	0	4	0	832,840,864,872
401	4770	2	4	4	1	0	0	1	13	77	4	21	29824	832	0	4	0	832,840,864,872
401	4772	2	4	4	1	0	0	1	15	13	3	21	29824	832	0	4	0	832,840,864,872
401	4776	2	4	4	1	0	0	1	15	13	3	21	29824	832	0	4	0	832,840,864,872
401	4784	1	2	5	1	0	0	1	13	77	4	21	29824	832	0	5	0	832,864
401	4801	2	5	4	1	0	0	2	14	77	4	22	29824	832	0	4	0	832,840,848,856,960
401	4802	2	5	4	1	0	0	2	14	77	4	22	29824	832	0	4	0	832,840,848,856,960
401	4804	2	6	4	1	0	0	4	16	11	3	22	29824	832	0	4	0	832,840,848,856,896,960
401	4808	2	6	4	1	0	0	4	16	11	3	22	29824	832	0	4	0	832,840,848,856,896,960
401	4816	1	2	5	1	0	0	2	14	77	4	22	29824	832	0	5	0	832,848
401	4832	1	2	5	1	0	0	2	14	77	4	22	29824	832	0	5	0	832,848
401	4867	2	1	4	1	1	2	0	13	75	4	21	29824	960	2176	3	1	960
401	4869	2	1	4	1	1	2	0	15	11	3	21	29824	960	2176	3	1	960
401	4870	2	1	4	1	1	2	0	15	11	3	21	29824	960	2176	3	1	960
401	4873	2	1	4	1	1	2	0	15	11	3	21	29824	960	2176	3	1	960
401	4874	2	1	4	1	1	2	0	15	11	3	21	29824	960	2176	3	1	960
401	4876	2	3	4	1	0	0	1	17	3	2	21	30784	912	0	4	0	896,912,960
401	4881	2	5	4	1	0	0	1	13	75	4	21	29824	864	0	4	0	832,840,864,872,960
401	4882	2	5	4	1	0	0	1	13	75	4	21	29824	864	0	4	0	832,840,864,872,960
401	4884	2	5	4	1	0	0	1	15	11	3	21	29824	864	0	4	0	832,840,864,872,960
401	4888	2	5	4	1	0	0	1	15	11	3	21	29824	864	0	4	0	832,840,864,872,960
401	4897	2	5	4	1	0	0	1	13	75	4	21	29824	864	0	4	0	832,840,864,872,960
401	4898	2	5	4	1	0	0	1	13	75	4	21	29824	864	0	4	0	832,840,864,872,960
401	4900	2	5	4	1	0	0	1	15	11	3	21	29824	864	0	4	0	832,840,864,872,960
401	4904	2	5	4	1	0	0	1	15	11	3	21	29824	864	0	4	0	832,840,864,872,960
401	4912	1	2	5	1	0	0	1	13	75	4	21	29824	864	0	5	0	832,864
401	4929	2	1	4	1	1	1	0	12	94	5	22	30784	960	1024	3	1	960
401	4930	2	1	4	1	1	1	0	12	94	5	22	30784	960	1024	3	1	960
401	4932	2	2	4	1	0	0	1	14	30	4	22	30784	896	0	4	0	896,960
401	4936	2	2	4	1	0	0	1	14	30	4	22	30784	896	0	4	0	896,960
401	4944	2	5	4	1	0	0	2	12	94	5	22	29824	864	0	4	0	832,848,864,880,960
401	4960	2	5	4	1	0	0	2	12	94	5	22	29824	864	0	4	0	832,848,864,880,960
401	4993	2	5	4	1	0	0	1	12	94	5	22	29824	832	0	4	0	832,840,848,856,960
401	4994	2	5	4	1	0	0	1	12	94	5	22	29824	832	0	4	0	832,840,848,856,960
401	4996	2	5	4	1	0	0	1	14	30	4	22	29824	832	0	4	0	832,840,848,856,960
401	5000	2	5	4	1	0	0	1	14	30	4	22	29824	832	0	4	0	832,840,848,856,960
401	5008	1	2	5	1	0	0	1	12	94	5	22	29824	832	0	5	0	832,848
401	5024	1	2	5	1	0	0	1	12	94	5	22	29824	832	0	5	0	832,848
401	5056	2	5	4	1	0	0	2	11	222	6	23	29824	832	0	4	0	832,848,864,880,960
401	5127	1	2	5	1	3	3	0	13	77	4	21	29888	286	16432	2	3	286,736
401	5131	1	2	5	1	3	3	0	13	77	4	21	29888	286	16432	2	3	286,736
401	5133	1	2	5	1	3	3	0	13	77	4	21	29888	286	16432	2	3	286,736
401	5134	1	2	5	1	3	3	0	13	77	4	21	29888	286	16432	2	3	286,736
401	5139	2	4	4	1	1	2	0	13	75	4	21	29888	284	16416	3	1	284,286,736,738
401	5141	2	4	4	1	1	2	0	13	77	4	21	29888	284	16416	3	1	284,286,736,738
401	5142	2	4	4	1	1	2	0	13	77	4	21	29888	284	16416	3	1	284,286,736,738
401	5145	2	4	4	1	1	2	0	13	77	4	21	29888	284	16416	3	1	284,286,736,738
401	5146	2	4	4	1	1	2	0	13	77	4	21	29888	284	16416	3	1	284,286,736,738
401	5148	2	4	4	1	1	2	0	13	77	4	21	29888	284	16416	3	1	284,286,736,738
401	5155	2	4	4	1	1	2	0	13	75	4	21	29888	284	16400	3	1	284,286,736,738
401	5157	2	4	4	1	1	2	0	13	77	4	21	29888	284	16400	3	1	284,286,736,738
401	5158	2	4	4	1	1	2	0	13	77	4	21	29888	284	16400	3	1	284,286,736,738
401	5161	2	4	4	1	1	2	0	13	77	4	21	29888	284	16400	3	1	284,286,736,738
401	5162	2	4	4	1	1	2	0	13	77	4	21	29888	284	16400	3	1	284,286,736,738
401	5164	2	4	4	1	1	2	0	13	77	4	21	29888	284	16400	3	1	284,286,736,738
401	5169	2	1	4	1	0	0	1	13	75	4	21	29888	792	0	4	0	792
401	5170	2	1	4	1	0	0	1	13	75	4	21	29888	792	0	4	0	792
401	5172	2	1	4	1	0	0	1	13	77	4	21	29888	792	0	4	0	792
401	5176	2	1	4	1	0	0	1	13	77	4	21	29888	792	0	4	0	792
401	5187	2	4	4	1	1	3	0	14	77	4	22	29824	284	16432	3	1	284,286,736,738
401	5189	2	4	4	1	1	3	0	14	77	4	22	29824	284	16432	3	1	284,286,736,738
401	5190	2	4	4	1	1	3	0	14	77	4	22	29824	284	16432	3	1	284,286,736,738
401	5193	2	4	4	1	1	3	0	14	77	4	22	29824	284	16432	3	1	284,286,736,738
401	5194	2	4	4	1	1	3	0	14	77	4	22	29824	284	16432	3	1	284,286,736,738
401	5196	2	4	4	1	1	3	0	14	75	4	22	29824	284	16432	3	1	284,286,736,738
401	5201	2	2	4	1	0	0	2	14	77	4	22	29824	784	0	4	0	784,792
401	5202	2	2	4	1	0	0	2	14	77	4	22	29824	784	0	4	0	784,792
401	5204	2	2	4	1	0	0	2	14	77	4	22	29824	784	0	4	0	784,792
401	5208	2	2	4	1	0	0	2	14	77	4	22	29824	784	0	4	0	784,792
401	5217	2	2	4	1	0	0	2	14	77	4	22	29824	784	0	4	0	784,792
401	5218	2	2	4	1	0	0	2	14	77	4	22	29824	784	0	4	0	784,792
401	5220	2	2	4	1	0	0	2	14	77	4	22	29824	784	0	4	0	784,792
401	5224	2	2	4	1	0	0	2	14	77	4	22	29824	784	0	4	0	784,792
401	5232	1	1	5	1	0	0	2	14	77	4	22	29824	784	0	5	0	784
401	5251	2	5	4	1	0	0	2	16	11	3	22	30784	912	0	4	0	284,286,736,738,912
401	5253	2	5	4	1	0	0	2	16	13	3	22	30784	912	0	4	0	284,286,736,738,912
401	5254	2	5	4	1	0	0	2	16	13	3	22	30784	912	0	4	0	284,286,736,738,912
401	5257	2	5	4	1	0	0	2	16	13	3	22	30784	912	0	4	0	284,286,736,738,912
401	5258	2	5	4	1	0	0	2	16	13	3	22	30784	912	0	4	0	284,286,736,738,912
401	5260	2	5	4	1	0	0	2	16	11	3	22	30784	912	0	4	0	284,286,736,738,912
401	5265	2	3	4	1	0	0	3	16	11	3	22	29888	784	0	4	0	784,792,912
401	5266	2	3	4	1	0	0	3	16	11	3	22	29888	784	0	4	0	784,792,912
401	5268	2	3	4	1	0	0	3	16	13	3	22	29888	784	0	4	0	784,792,912
401	5272	2	3	4	1	0	0	3	16	13	3	22	29888	784	0	4	0	784,792,912
401	5281	2	3	4	1	0	0	3	16	11	3	22	29888	784	0	4	0	784,792,912
401	5282	2	3	4	1	0	0	3	16	11	3	22	29888	784	0	4	0	784,792,912
401	5284	2	3	4	1	0	0	3	16	13	3	22	29888	784	0	4	0	784,792,912
401	5288	2	3	4	1	0	0	3	16	13	3	22	29888	784	0	4	0	784,792,912
401	5296	1	1	5	1	0	0	1	16	11	3	22	29888	784	0	5	0	784
401	5313	1	1	5	1	0	0	2	17	13	3	23	30784	896	0	5	0	896
401	5314	1	1	5	1	0	0	2	17	13	3	23	30784	896	0	5	0	896
401	5316	1	1	5	1	0	0	2	17	11	3	23	30784	896	0	5	0	896
401	5320	1	1	5	1	0	0	2	17	11	3	23	30784	896	0	5	0	896
401	5328	1	3	5	1	0	0	4	17	13	3	23	29824	768	0	5	0	768,784,896
401	5344	1	3	5	1	0	0	4	17	13	3	23	29824	768	0	5	0	768,784,896
401	5379	2	5	4	1	1	2	0	14	75	4	22	30784	960	576	3	1	316,318,704,706,960
401	5381	2	5	4	1	1	2	0	14	77	4	22	30784	960	576	3	1	316,318,704,706,960
401	5382	2	5	4	1	1	2	0	14	77	4	22	30784	960	576	3	1	316,318,704,706,960
401	5385	2	5	4	1	1	2	0	14	77	4	22	30784	960	576	3	1	316,318,704,706,960
401	5386	2	5	4	1	1	2	0	14	77	4	22	30784	960	576	3	1	316,318,704,706,960
401	5388	2	5	4	1	1	2	0	14	77	4	22	30784	960	576	3	1	316,318,704,706,960
401	5393	2	1	4	1	1	2	0	14	75	4	22	30784	960	576	3	1	960
401	5394	2	1	4	1	1	2	0	14	75	4	22	30784	960	576	3	1	960
401	5396	2	1	4	1	1	2	0	14	77	4	22	30784	960	576	3	1	960
401	5400	2	1	4	1	1	2	0	14	77	4	22	30784	960	576	3	1	960
401	5409	2	1	4	1	1	2	0	14	75	4	22	30784	960	576	3	1	960
401	5410	2	1	4	1	1	2	0	14	75	4	22	30784	960	576	3	1	960
401	5412	2	1	4	1	1	2	0	14	77	4	22	30784	960	576	3	1	960
401	5416	2	1	4	1	1	2	0	14	77	4	22	30784	960	576	3	1	960
401	5424	2	4	4	1	0	0	2	14	75	4	22	29824	800	0	4	0	800,816,832,960
401	5441	2	2	4	1	0	0	1	13	94	5	23	30784	896	0	4	0	896,960
401	5442	2	2	4	1	0	0	1	13	94	5	23	30784	896	0	4	0	896,960
401	5444	2	2	4	1	0	0	1	13	94	5	23	30784	896	0	4	0	896,960
401	5448	2	2	4	1	0	0	1	13	94	5	23	30784	896	0	4	0	896,960
401	5456	2	4	4	1	0	0	3	13	94	5	23	29824	800	0	4	0	800,816,896,960
401	5472	2	4	4	1	0	0	3	13	94	5	23	29824	800	0	4	0	800,816,896,960
401	5505	2	3	4	1	0	0	2	15	77	4	23	30784	928	0	4	0	896,928,960
401	5506	2	3	4	1	0	0	2	15	77	4	23	30784	928	0	4	0	896,928,960
401	5508	2	3	4	1	0	0	2	15	86	4	23	30784	928	0	4	0	896,928,960
401	5512	2	3	4	1	0	0	2	15	86	4	23	30784	928	0	4	0	896,928,960
401	5520	2	9	4	1	0	0	4	15	77	4	23	29824	768	0	4	0	768,784,800,816,832,848,896,928,960
401	5536	2	9	4	1	0	0	4	15	77	4	23	29824	768	0	4	0	768,784,800,816,832,848,896,928,960
401	5568	1	1	5	1	0	0	2	14	94	5	24	30784	896	0	5	0	896
401	5635	2	5	4	1	1	2	0	14	75	4	22	30784	960	320	3	1	316,318,704,706,960
401	5637	2	5	4	1	1	2	0	14	77	4	22	30784	960	320	3	1	316,318,704,706,960
401	5638	2	5	4	1	1	2	0	14	77	4	22	30784	960	320	3	1	316,318,704,706,960
401	5641	2	5	4	1	1	2	0	14	77	4	22	30784	960	320	3	1	316,318,704,706,960
401	5642	2	5	4	1	1	2	0	14	77	4	22	30784	960	320	3	1	316,318,704,706,960
401	5644	2	5	4	1	1	2	0	14	77	4	22	30784	960	320	3	1	316,318,704,706,960
401	5649	2	1	4	1	1	2	0	14	75	4	22	30784	960	320	3	1	960
401	5650	2	1	4	1	1	2	0	14	75	4	22	30784	960	320	3	1	960
401	5652	2	1	4	1	1	2	0	14	77	4	22	30784	960	320	3	1	960
401	5656	2	1	4	1	1	2	0	14	77	4	22	30784	960	320	3	1	960
401	5665	2	1	4	1	1	2	0	14	75	4	22	30784	960	320	3	1	960
401	5666	2	1	4	1	1	2	0	14	75	4	22	30784	960	320	3	1	960
401	5668	2	1	4	1	1	2	0	14	77	4	22	30784	960	320	3	1	960
401	5672	2	1	4	1	1	2	0	14	77	4	22	30784	960	320	3	1	960
401	5680	2	4	4	1	0	0	2	14	75	4	22	29824	800	0	4	0	800,816,832,960
401	5697	2	2	4	1	0	0	1	13	94	5	23	30784	896	0	4	0	896,960
401	5698	2	2	4	1	0	0	1	13	94	5	23	30784	896	0	4	0	896,960
401	5700	2	2	4	1	0	0	1	13	94	5	23	30784	896	0	4	0	896,960
401	5704	2	2	4	1	0	0	1	13	94	5	23	30784	896	0	4	0	896,960
401	5712	2	4	4	1	0	0	3	13	94	5	23	29824	800	0	4	0	800,816,896,960
401	5728	2	4	4	1	0	0	3	13	94	5	23	29824	800	0	4	0	800,816,896,960
401	5761	2	3	4	1	0	0	2	15	77	4	23	30784	928	0	4	0	896,928,960
401	5762	2	3	4	1	0	0	2	15	77	4	23	30784	928	0	4	0	896,928,960
401	5764	2	3	4	1	0	0	2	15	86	4	23	30784	928	0	4	0	896,928,960
401	5768	2	3	4	1	0	0	2	15	86	4	23	30784	928	0	4	0	896,928,960
401	5776	2	9	4	1	0	0	4	15	77	4	23	29824	768	0	4	0	768,784,800,816,832,848,896,928,960
401	5792	2	9	4	1	0	0	4	15	77	4	23	29824	768	0	4	0	768,784,800,816,832,848,896,928,960
401	5824	1	1	5	1	0	0	2	14	94	5	24	30784	896	0	5	0	896
401	5889	1	1	5	1	1	1	0	15	75	4	23	30784	896	64	4	1	896
401	5890	1	1	5	1	1	1	0	15	75	4	23	30784	896	64	4	1	896
401	5892	1	1	5	1	1	1	0	15	77	4	23	30784	896	64	4	1	896
401	5896	1	1	5	1	1	1	0	15	77	4	23	30784	896	64	4	1	896
401	5904	1	1	5	1	1	1	0	15	75	4	23	30784	896	64	4	1	896
401	5920	1	1	5	1	1	1	0	15	75	4	23	30784	896	64	4	1	896
401	5952	1	1	5	1	0	0	1	12	222	6	24	30784	896	0	5	0	896
401	6016	1	1	5	1	1	1	0	14	94	5	24	29824	896	2048	4	1	896
401	6151	1	1	5	1	2	4	0	17	3	2	21	29824	736	9088	3	2	736
401	6155	1	1	5	1	2	4	0	17	3	2	21	29824	736	9088	3	2	736
401	6157	1	2	5	1	1	3	0	19	1	1	21	30912	286	16432	4	1	286,736
401	6158	1	2	5	1	1	3	0	19	1	1	21	30912	286	16432	4	1	286,736
401	6163	2	2	4	1	1	3	0	13	77	4	21	29824	992	896	3	1	736,992
401	6165	2	3	4	1	1	3	0	15	13	3	21	29824	992	896	3	1	286,736,992
401	6166	2	3	4	1	1	3	0	15	13	3	21	29824	992	896	3	1	286,736,992
401	6169	2	3	4	1	1	3	0	15	13	3	21	29824	992	896	3	1	286,736,992
401	6170	2	3	4	1	1	3	0	15	13	3	21	29824	992	896	3	1	286,736,992
401	6172	2	6	4	1	0	0	1	17	3	2	21	30912	792	0	4	0	284,286,736,738,792,992
401	6179	2	2	4	1	1	3	0	13	77	4	21	29824	992	896	3	1	736,992
401	6181	2	3	4	1	1	3	0	15	13	3	21	29824	992	896	3	1	286,736,992
401	6182	2	3	4	1	1	3	0	15	13	3	21	29824	992	896	3	1	286,736,992
401	6185	2	3	4	1	1	3	0	15	13	3	21	29824	992	896	3	1	286,736,992
401	6186	2	3	4	1	1	3	0	15	13	3	21	29824	992	896	3	1	286,736,992
401	6188	2	6	4	1	0	0	1	17	3	2	21	30912	792	0	4	0	284,286,736,738,792,992
401	6193	2	1	4	1	1	3	0	11	94	5	21	29824	992	896	3	1	992
401	6194	2	1	4	1	1	3	0	11	94	5	21	29824	992	896	3	1	992
401	6196	2	1	4	1	1	3	0	13	30	4	21	29824	992	896	3	1	992
401	6200	2	1	4	1	1	3	0	13	30	4	21	29824	992	896	3	1	992
401	6211	1	1	5	1	0	0	2	18	3	2	22	29824	912	0	5	0	912
401	6213	1	1	5	1	0	0	2	20	1	1	22	29824	912	0	5	0	912
401	6214	1	1	5	1	0	0	2	20	1	1	22	29824	912	0	5	0	912
401	6217	1	1	5	1	0	0	2	20	1	1	22	29824	912	0	5	0	912
401	6218	1	1	5	1	0	0	2	20	1	1	22	29824	912	0	5	0	912
401	6220	1	2	5	1	0	0	3	22	0	0	22	29824	912	0	5	0	784,912
401	6225	1	1	5	1	0	0	2	16	13	3	22	29824	912	0	5	0	912
401	6226	1	1	5	1	0	0	2	16	13	3	22	29824	912	0	5	0	912
401	6228	1	1	5	1	0	0	2	18	3	2	22	29824	912	0	5	0	912
401	6232	1	1	5	1	0	0	2	18	3	2	22	29824	912	0	5	0	912
401	6241	1	1	5	1	0	0	2	16	13	3	22	29824	912	0	5	0	912
401	6242	1	1	5	1	0	0	2	16	13	3	22	29824	912	0	5	0	912
401	6244	1	1	5	1	0	0	2	18	3	2	22	29824	912	0	5	0	912
401	6248	1	1	5	1	0	0	2	18	3	2	22	29824	912	0	5	0	912
401	6256	1	1	5	1	0	0	2	14	30	4	22	29824	912	0	5	0	912
401	6275	2	6	4	1	0	0	2	16	76	3	22	29824	896	0	4	0	736,896,912,928,960,992
401	6277	2	8	4	1	0	0	4	18	12	2	22	29824	896	0	4	0	286,736,784,896,912,928,960,992
401	6278	2	8	4	1	0	0	4	18	12	2	22	29824	896	0	4	0	286,736,784,896,912,928,960,992
401	6281	2	8	4	1	0	0	4	18	12	2	22	29824	896	0	4	0	286,736,784,896,912,928,960,992
401	6282	2	8	4	1	0	0	4	18	12	2	22	29824	896	0	4	0	286,736,784,896,912,928,960,992
401	6284	1	1	5	1	0	0	2	20	1	1	22	30784	784	0	5	0	784
401	6289	2	5	4	1	0	0	2	14	86	4	22	29824	896	0	4	0	896,912,928,960,992
401	6290	2	5	4	1	0	0	2	14	86	4	22	29824	896	0	4	0	896,912,928,960,992
401	6292	2	6	4	1	0	0	4	16	13	3	22	29824	896	0	4	0	784,896,912,928,960,992
401	6296	2	6	4	1	0	0	4	16	13	3	22	29824	896	0	4	0	784,896,912,928,960,992
401	6305	2	5	4	1	0	0	2	14	86	4	22	29824	896	0	4	0	896,912,928,960,992
401	6306	2	5	4	1	0	0	2	14	86	4	22	29824	896	0	4	0	896,912,928,960,992
401	6308	2	6	4	1	0	0	4	16	13	3	22	29824	896	0	4	0	784,896,912,928,960,992
401	6312	2	6	4	1	0	0	4	16	13	3	22	29824	896	0	4	0	784,896,912,928,960,992
401	6320	2	5	4	1	0	0	2	12	94	5	22	29824	896	0	4	0	896,912,928,960,992
401	6337	0	1	6	0	0	0	2	19	12	2	23	29824	896	0	6	0	896
401	6338	0	1	6	0	0	0	2	19	12	2	23	29824	896	0	6	0	896
401	6340	0	1	6	0	0	0	2	21	1	1	23	29824	896	0	6	0	896
401	6344	0	1	6	0	0	0	2	21	1	1	23	29824	896	0	6	0	896
401	6352	0	1	6	0	0	0	2	17	13	3	23	29824	896	0	6	0	896
401	6368	0	1	6	0	0	0	2	17	13	3	23	29824	896	0	6	0	896
401	6403	1	1	5	1	1	2	0	16	11	3	22	29824	960	640	4	1	960
401	6405	1	1	5	1	1	2	0	18	3	2	22	29824	960	640	4	1	960
401	6406	1	1	5	1	1	2	0	18	3	2	22	29824	960	640	4	1	960
401	6409	1	1	5	1	1	2	0	18	3	2	22	29824	960	640	4	1	960
401	6410	1	1	5	1	1	2	0	18	3	2	22	29824	960	640	4	1	960
401	6412	1	1	5	1	1	2	0	20	1	1	22	29824	960	640	4	1	960
401	6417	1	1	5	1	1	2	0	14	77	4	22	29824	960	640	4	1	960
401	6418	1	1	5	1	1	2	0	14	77	4	22	29824	960	640	4	1	960
401	6420	1	1	5	1	1	2	0	16	13	3	22	29824	960	640	4	1	960
401	6424	1	1	5	1	1	2	0	16	13	3	22	29824	960	640	4	1	960
401	6433	1	1	5	1	1	2	0	14	77	4	22	29824	960	640	4	1	960
401	6434	1	1	5	1	1	2	0	14	77	4	22	29824	960	640	4	1	960
401	6436	1	1	5	1	1	2	0	16	13	3	22	29824	960	640	4	1	960
401	6440	1	1	5	1	1	2	0	16	13	3	22	29824	960	640	4	1	960
401	6448	1	1	5	1	1	2	0	12	94	5	22	29824	960	640	4	1	960
401	6465	1	3	5	1	0	0	2	17	13	3	23	29824	928	0	5	0	896,928,960
401	6466	1	3	5	1	0	0	2	17	13	3	23	29824	928	0	5	0	896,928,960
401	6468	1	3	5	1	0	0	2	19	3	2	23	29824	928	0	5	0	896,928,960
401	6472	1	3	5	1	0	0	2	19	3	2	23	29824	928	0	5	0	896,928,960
401	6480	1	3	5	1	0	0	2	15	86	4	23	29824	928	0	5	0	896,928,960
401	6496	1	3	5	1	0	0	2	15	86	4	23	29824	928	0	5	0	896,928,960
401	6529	1	2	5	1	0	0	1	15	86	4	23	29824	896	0	5	0	896,960
401	6530	1	2	5	1	0	0	1	15	86	4	23	29824	896	0	5	0	896,960
401	6532	1	2	5	1	0	0	1	17	13	3	23	29824	896	0	5	0	896,960
401	6536	1	2	5	1	0	0	1	17	13	3	23	29824	896	0	5	0	896,960
401	6544	1	2	5	1	0	0	1	15	236	5	23	29824	896	0	5	0	896,960
401	6560	1	2	5	1	0	0	1	15	236	5	23	29824	896	0	5	0	896,960
401	6592	0	1	6	0	0	0	2	16	77	4	24	29824	896	0	6	0	896
401	6659	1	1	5	1	1	2	0	16	11	3	22	29824	960	384	4	1	960
401	6661	1	1	5	1	1	2	0	18	3	2	22	29824	960	384	4	1	960
401	6662	1	1	5	1	1	2	0	18	3	2	22	29824	960	384	4	1	960
401	6665	1	1	5	1	1	2	0	18	3	2	22	29824	960	384	4	1	960
401	6666	1	1	5	1	1	2	0	18	3	2	22	29824	960	384	4	1	960
401	6668	1	1	5	1	1	2	0	20	1	1	22	29824	960	384	4	1	960
401	6673	1	1	5	1	1	2	0	14	77	4	22	29824	960	384	4	1	960
401	6674	1	1	5	1	1	2	0	14	77	4	22	29824	960	384	4	1	960
401	6676	1	1	5	1	1	2	0	16	13	3	22	29824	960	384	4	1	960
401	6680	1	1	5	1	1	2	0	16	13	3	22	29824	960	384	4	1	960
401	6689	1	1	5	1	1	2	0	14	77	4	22	29824	960	384	4	1	960
401	6690	1	1	5	1	1	2	0	14	77	4	22	29824	960	384	4	1	960
401	6692	1	1	5	1	1	2	0	16	13	3	22	29824	960	384	4	1	960
401	6696	1	1	5	1	1	2	0	16	13	3	22	29824	960	384	4	1	960
401	6704	1	1	5	1	1	2	0	12	94	5	22	29824	960	384	4	1	960
401	6721	1	3	5	1	0	0	2	17	13	3	23	29824	928	0	5	0	896,928,960
401	6722	1	3	5	1	0	0	2	17	13	3	23	29824	928	0	5	0	896,928,960
401	6724	1	3	5	1	0	0	2	19	3	2	23	29824	928	0	5	0	896,928,960
401	6728	1	3	5	1	0	0	2	19	3	2	23	29824	928	0	5	0	896,928,960
401	6736	1	3	5	1	0	0	2	15	86	4	23	29824	928	0	5	0	896,928,960
401	6752	1	3	5	1	0	0	2	15	86	4	23	29824	928	0	5	0	896,928,960
401	6785	1	2	5	1	0	0	1	15	86	4	23	29824	896	0	5	0	896,960
401	6786	1	2	5	1	0	0	1	15	86	4	23	29824	896	0	5	0	896,960
401	6788	1	2	5	1	0	0	1	17	13	3	23	29824	896	0	5	0	896,960
401	6792	1	2	5	1	0	0	1	17	13	3	23	29824	896	0	5	0	896,960
401	6800	1	2	5	1	0	0	1	15	236	5	23	29824	896	0	5	0	896,960
401	6816	1	2	5	1	0	0	1	15	236	5	23	29824	896	0	5	0	896,960
401	6848	0	1	6	0	0	0	2	16	77	4	24	29824	896	0	6	0	896
401	6913	0	1	6	0	1	1	0	17	11	3	23	29824	896	128	5	1	896
401	6914	0	1	6	0	1	1	0	17	11	3	23	29824	896	128	5	1	896
401	6916	0	1	6	0	1	1	0	19	3	2	23	29824	896	128	5	1	896
401	6920	0	1	6	0	1	1	0	19	3	2	23	29824	896	128	5	1	896
401	6928	0	1	6	0	1	1	0	15	77	4	23	29824	896	128	5	1	896
401	6944	0	1	6	0	1	1	0	15	77	4	23	29824	896	128	5	1	896
401	6976	0	1	6	0	1	1	0	16	30	4	24	29824	896	128	5	1	896
401	7040	0	1	6	0	0	0	1	14	94	5	24	29824	896	0	6	0	896
401	7171	2	6	4	1	0	0	2	15	77	4	23	29888	816	0	4	0	316,318,704,706,816,960
401	7173	2	6	4	1	0	0	2	15	77	4	23	29888	816	0	4	0	316,318,704,706,816,960
401	7174	2	6	4	1	0	0	2	15	77	4	23	29888	816	0	4	0	316,318,704,706,816,960
401	7177	2	6	4	1	0	0	2	15	77	4	23	29888	816	0	4	0	316,318,704,706,816,960
401	7178	2	6	4	1	0	0	2	15	77	4	23	29888	816	0	4	0	316,318,704,706,816,960
401	7180	2	6	4	1	0	0	2	15	75	4	23	29888	816	0	4	0	316,318,704,706,816,960
401	7185	2	2	4	1	0	0	2	13	94	5	23	29888	816	0	4	0	816,960
401	7186	2	2	4	1	0	0	2	13	94	5	23	29888	816	0	4	0	816,960
401	7188	2	2	4	1	0	0	2	13	94	5	23	29888	816	0	4	0	816,960
401	7192	2	2	4	1	0	0	2	13	94	5	23	29888	816	0	4	0	816,960
401	7201	2	2	4	1	0	0	2	13	94	5	23	29888	816	0	4	0	816,960
401	7202	2	2	4	1	0	0	2	13	94	5	23	29888	816	0	4	0	816,960
401	7204	2	2	4	1	0	0	2	13	94	5	23	29888	816	0	4	0	816,960
401	7208	2	2	4	1	0	0	2	13	94	5	23	29888	816	0	4	0	816,960
401	7216	2	2	4	1	0	0	2	11	222	6	23	29888	816	0	4	0	816,960
401	7233	1	1	5	1	0	0	3	16	77	4	24	29824	800	0	5	0	800
401	7234	1	1	5	1	0	0	3	16	77	4	24	29824	800	0	5	0	800
401	7236	1	1	5	1	0	0	3	16	75	4	24	29824	800	0	5	0	800
401	7240	1	1	5	1	0	0	3	16	75	4	24	29824	800	0	5	0	800
401	7248	1	1	5	1	0	0	3	14	94	5	24	29824	800	0	5	0	800
401	7264	1	1	5	1	0	0	3	14	94	5	24	29824	800	0	5	0	800
401	7297	1	1	5	1	0	0	3	16	86	4	24	29888	800	0	5	0	800
401	7298	1	1	5	1	0	0	3	16	86	4	24	29888	800	0	5	0	800
401	7300	1	1	5	1	0	0	3	16	77	4	24	29888	800	0	5	0	800
401	7304	1	1	5	1	0	0	3	16	77	4	24	29888	800	0	5	0	800
401	7312	1	1	5	1	0	0	3	14	94	5	24	29888	800	0	5	0	800
401	7328	1	1	5	1	0	0	3	14	94	5	24	29888	800	0	5	0	800
401	7360	0	1	6	0	0	0	4	17	77	4	25	29824	768	0	6	0	768
401	7425	1	1	5	1	1	2	0	16	77	4	24	29824	896	640	4	1	896
401	7426	1	1	5	1	1	2	0	16	77	4	24	29824	896	640	4	1	896
401	7428	1	1	5	1	1	2	0	16	77	4	24	29824	896	640	4	1	896
401	7432	1	1	5	1	1	2	0	16	77	4	24	29824	896	640	4	1	896
401	7440	1	1	5	1	1	2	0	14	94	5	24	29824	896	640	4	1	896
401	7456	1	1	5	1	1	2	0	14	94	5	24	29824	896	640	4	1	896
401	7488	1	3	5	1	0	0	4	15	94	5	25	29824	832	0	5	0	768,832,896
401	7552	1	3	5	1	0	0	4	17	236	5	25	29824	768	0	5	0	768,832,896
401	7681	1	1	5	1	1	2	0	16	77	4	24	29824	896	384	4	1	896
401	7682	1	1	5	1	1	2	0	16	77	4	24	29824	896	384	4	1	896
401	7684	1	1	5	1	1	2	0	16	77	4	24	29824	896	384	4	1	896
401	7688	1	1	5	1	1	2	0	16	77	4	24	29824	896	384	4	1	896
401	7696	1	1	5	1	1	2	0	14	94	5	24	29824	896	384	4	1	896
401	7712	1	1	5	1	1	2	0	14	94	5	24	29824	896	384	4	1	896
401	7744	1	3	5	1	0	0	4	15	94	5	25	29824	832	0	5	0	768,832,896
401	7808	1	3	5	1	0	0	4	17	236	5	25	29824	768	0	5	0	768,832,896
401	7936	0	1	6	0	1	1	0	17	77	4	25	29824	768	128	5	1	768
401	8207	3	5	3	1	0	0	2	11	75	4	19	30784	900	0	3	0	396,752,900,908,944
401	8215	2	2	4	1	2	2	0	13	11	3	19	30912	397	16392	2	2	626,752
401	8219	2	2	4	1	2	2	0	13	11	3	19	30912	397	16388	2	2	626,752
401	8221	3	7	3	1	0	0	2	13	11	3	19	30784	900	0	3	0	270,396,626,752,900,908,944
401	8222	3	7	3	1	0	0	2	13	11	3	19	30784	900	0	3	0	270,396,626,752,900,908,944
401	8231	2	2	4	1	2	2	0	13	11	3	19	30912	397	16392	2	2	626,752
401	8235	2	2	4	1	2	2	0	13	11	3	19	30912	397	16388	2	2	626,752
401	8237	3	7	3	1	0	0	2	13	11	3	19	30784	900	0	3	0	270,396,626,752,900,908,944
401	8238	3	7	3	1	0	0	2	13	11	3	19	30784	900	0	3	0	270,396,626,752,900,908,944
401	8243	1	2	5	1	3	3	0	15	3	2	19	30912	399	16396	1	4	624,752
401	8245	2	4	4	1	2	2	0	15	3	2	19	30912	398	16392	2	2	270,398,624,752
401	8246	2	4	4	1	2	2	0	15	3	2	19	30912	398	16392	2	2	270,398,624,752
401	8249	2	4	4	1	2	2	0	15	3	2	19	30912	398	16388	2	2	270,398,624,752
401	8250	2	4	4	1	2	2	0	15	3	2	19	30912	398	16388	2	2	270,398,624,752
401	8252	3	12	3	1	0	0	2	15	3	2	19	30784	900	0	3	0	268,270,396,398,624,626,752,754,780,900,908,944
401	8263	3	12	3	1	0	0	2	14	11	3	20	30784	896	0	3	0	78,94,110,118,126,630,752,896,904,912,928,944
401	8267	3	12	3	1	0	0	2	14	11	3	20	30784	896	0	3	0	78,94,110,118,126,630,752,896,904,912,928,944
401	8269	2	5	4	1	0	0	2	14	11	3	20	30784	896	0	4	0	896,904,912,928,944
401	8270	2	5	4	1	0	0	2	14	11	3	20	30784	896	0	4	0	896,904,912,928,944
401	8275	2	2	4	1	1	3	0	16	3	2	20	30912	395	16396	2	2	628,752
401	8277	3	15	3	1	0	0	4	16	3	2	20	29824	840	0	3	0	270,394,628,752,840,896,898,904,906,912,914,928,930,944,946
401	8278	3	15	3	1	0	0	4	16	3	2	20	29824	840	0	3	0	270,394,628,752,840,896,898,904,906,912,914,928,930,944,946
401	8281	3	15	3	1	0	0	4	16	3	2	20	29824	840	0	3	0	270,394,628,752,840,896,898,904,906,912,914,928,930,944,946
401	8282	3	15	3	1	0	0	4	16	3	2	20	29824	840	0	3	0	270,394,628,752,840,896,898,904,906,912,914,928,930,944,946
401	8284	2	5	4	1	0	0	2	16	3	2	20	30784	896	0	4	0	896,904,912,928,944
401	8291	2	2	4	1	1	3	0	16	3	2	20	30912	395	16396	2	2	628,752
401	8293	3	15	3	1	0	0	4	16	3	2	20	29824	840	0	3	0	270,394,628,752,840,896,898,904,906,912,914,928,930,944,946
401	8294	3	15	3	1	0	0	4	16	3	2	20	29824	840	0	3	0	270,394,628,752,840,896,898,904,906,912,914,928,930,944,946
401	8297	3	15	3	1	0	0	4	16	3	2	20	29824	840	0	3	0	270,394,628,752,840,896,898,904,906,912,914,928,930,944,946
401	8298	3	15	3	1	0	0	4	16	3	2	20	29824	840	0	3	0	270,394,628,752,840,896,898,904,906,912,914,928,930,944,946
401	8300	2	5	4	1	0	0	2	16	3	2	20	30784	896	0	4	0	896,904,912,928,944
401	8305	2	5	4	1	0	0	2	18	1	1	20	29824	840	0	4	0	270,398,624,752,840
401	8306	2	5	4	1	0	0	2	18	1	1	20	29824	840	0	4	0	270,398,624,752,840
401	8308	2	1	4	1	0	0	2	18	1	1	20	29824	840	0	4	0	840
401	8312	2	1	4	1	0	0	2	18	1	1	20	29824	840	0	4	0	840
401	8327	2	3	4	1	0	0	2	14	11	3	20	30784	904	0	4	0	118,630,904
401	8331	2	3	4	1	0	0	2	14	11	3	20	30784	904	0	4	0	118,630,904
401	8333	1	1	5	1	0	0	2	14	11	3	20	30784	904	0	5	0	904
401	8334	1	1	5	1	0	0	2	14	11	3	20	30784	904	0	5	0	904
401	8339	1	1	5	1	2	3	0	16	3	2	20	30784	395	16396	3	2	628
401	8341	2	4	4	1	0	0	2	16	3	2	20	30784	904	0	4	0	394,628,904,906
401	8342	2	4	4	1	0	0	2	16	3	2	20	30784	904	0	4	0	394,628,904,906
401	8345	2	4	4	1	0	0	2	16	3	2	20	30784	904	0	4	0	394,628,904,906
401	8346	2	4	4	1	0	0	2	16	3	2	20	30784	904	0	4	0	394,628,904,906
401	8348	1	1	5	1	0	0	2	16	3	2	20	30784	904	0	5	0	904
401	8355	1	1	5	1	2	3	0	16	3	2	20	30784	395	16396	3	2	628
401	8357	2	4	4	1	0	0	2	16	3	2	20	30784	904	0	4	0	394,628,904,906
401	8358	2	4	4	1	0	0	2	16	3	2	20	30784	904	0	4	0	394,628,904,906
401	8361	2	4	4	1	0	0	2	16	3	2	20	30784	904	0	4	0	394,628,904,906
401	8362	2	4	4	1	0	0	2	16	3	2	20	30784	904	0	4	0	394,628,904,906
401	8364	1	1	5	1	0	0	2	16	3	2	20	30784	904	0	5	0	904
401	8369	1	2	5	1	2	3	0	18	1	1	20	29824	624	4864	3	2	398,624
401	8370	1	2	5	1	2	3	0	18	1	1	20	29824	624	4864	3	2	398,624
401	8372	2	6	4	1	0	0	2	18	1	1	20	30784	904	0	4	0	396,398,624,626,904,908
401	8376	2	6	4	1	0	0	2	18	1	1	20	30784	904	0	4	0	396,398,624,626,904,908
401	8387	2	6	4	1	0	0	2	17	3	2	21	30784	896	0	4	0	124,126,636,896,898,960
401	8389	1	2	5	1	0	0	2	17	3	2	21	30784	896	0	5	0	896,898
401	8390	1	2	5	1	0	0	2	17	3	2	21	30784	896	0	5	0	896,898
401	8393	1	2	5	1	0	0	2	17	3	2	21	30784	896	0	5	0	896,898
401	8394	1	2	5	1	0	0	2	17	3	2	21	30784	896	0	5	0	896,898
401	8396	0	1	6	0	0	0	2	17	3	2	21	30784	896	0	6	0	896
401	8401	2	8	4	1	0	0	4	19	1	1	21	29824	832	0	4	0	390,632,832,896,898,900,902,960
401	8402	2	8	4	1	0	0	4	19	1	1	21	29824	832	0	4	0	390,632,832,896,898,900,902,960
401	8404	1	2	5	1	0	0	2	19	1	1	21	30784	896	0	5	0	896,900
401	8408	1	2	5	1	0	0	2	19	1	1	21	30784	896	0	5	0	896,900
401	8417	2	8	4	1	0	0	4	19	1	1	21	29824	832	0	4	0	390,632,832,896,898,900,902,960
401	8418	2	8	4	1	0	0	4	19	1	1	21	29824	832	0	4	0	390,632,832,896,898,900,902,960
401	8420	1	2	5	1	0	0	2	19	1	1	21	30784	896	0	5	0	896,900
401	8424	1	2	5	1	0	0	2	19	1	1	21	30784	896	0	5	0	896,900
401	8432	1	1	5	1	0	0	2	21	0	0	21	29824	832	0	5	0	832
401	8455	3	7	3	1	0	0	1	12	75	4	20	30784	904	0	3	0	94,118,614,736,904,928,992
401	8459	3	7	3	1	0	0	1	12	75	4	20	30784	904	0	3	0	94,118,614,736,904,928,992
401	8461	2	2	4	1	0	0	1	12	75	4	20	30784	904	0	4	0	904,928
401	8462	2	2	4	1	0	0	1	12	75	4	20	30784	904	0	4	0	904,928
401	8467	2	2	4	1	2	3	0	14	11	3	20	30912	411	16396	1	3	612,736
401	8469	3	9	3	1	0	0	1	14	11	3	20	30784	904	0	3	0	286,410,612,736,904,906,928,930,992
401	8470	3	9	3	1	0	0	1	14	11	3	20	30784	904	0	3	0	286,410,612,736,904,906,928,930,992
401	8473	3	9	3	1	0	0	1	14	11	3	20	30784	904	0	3	0	286,410,612,736,904,906,928,930,992
401	8474	3	9	3	1	0	0	1	14	11	3	20	30784	904	0	3	0	286,410,612,736,904,906,928,930,992
401	8476	2	2	4	1	0	0	1	14	11	3	20	30784	904	0	4	0	904,928
401	8483	2	2	4	1	2	3	0	14	11	3	20	30912	411	16396	1	3	612,736
401	8485	3	9	3	1	0	0	1	14	11	3	20	30784	904	0	3	0	286,410,612,736,904,906,928,930,992
401	8486	3	9	3	1	0	0	1	14	11	3	20	30784	904	0	3	0	286,410,612,736,904,906,928,930,992
401	8489	3	9	3	1	0	0	1	14	11	3	20	30784	904	0	3	0	286,410,612,736,904,906,928,930,992
401	8490	3	9	3	1	0	0	1	14	11	3	20	30784	904	0	3	0	286,410,612,736,904,906,928,930,992
401	8492	2	2	4	1	0	0	1	14	11	3	20	30784	904	0	4	0	904,928
401	8497	2	4	4	1	1	3	0	16	3	2	20	29824	608	4736	3	1	286,414,608,736
401	8498	2	4	4	1	1	3	0	16	3	2	20	29824	608	4736	3	1	286,414,608,736
401	8500	3	15	3	1	0	0	2	16	3	2	20	29824	848	0	3	0	284,286,412,414,608,610,736,738,848,864,904,908,928,932,992
401	8504	3	15	3	1	0	0	2	16	3	2	20	29824	848	0	3	0	284,286,412,414,608,610,736,738,848,864,904,908,928,932,992
401	8515	3	12	3	1	0	0	1	13	77	4	21	30784	896	0	3	0	92,94,124,126,620,736,896,898,928,930,960,992
401	8517	2	4	4	1	0	0	1	13	77	4	21	30784	896	0	4	0	896,898,928,930
401	8518	2	4	4	1	0	0	1	13	77	4	21	30784	896	0	4	0	896,898,928,930
401	8521	2	4	4	1	0	0	1	13	77	4	21	30784	896	0	4	0	896,898,928,930
401	8522	2	4	4	1	0	0	1	13	77	4	21	30784	896	0	4	0	896,898,928,930
401	8524	1	2	5	1	0	0	1	13	77	4	21	30784	896	0	5	0	896,928
401	8529	3	15	3	1	0	0	3	15	13	3	21	29824	848	0	3	0	286,406,616,736,848,896,898,900,902,928,930,932,934,960,992
401	8530	3	15	3	1	0	0	3	15	13	3	21	29824	848	0	3	0	286,406,616,736,848,896,898,900,902,928,930,932,934,960,992
401	8532	2	4	4	1	0	0	1	15	13	3	21	30784	896	0	4	0	896,900,928,932
401	8536	2	4	4	1	0	0	1	15	13	3	21	30784	896	0	4	0	896,900,928,932
401	8545	3	15	3	1	0	0	3	15	13	3	21	29824	848	0	3	0	286,406,616,736,848,896,898,900,902,928,930,932,934,960,992
401	8546	3	15	3	1	0	0	3	15	13	3	21	29824	848	0	3	0	286,406,616,736,848,896,898,900,902,928,930,932,934,960,992
401	8548	2	4	4	1	0	0	1	15	13	3	21	30784	896	0	4	0	896,900,928,932
401	8552	2	4	4	1	0	0	1	15	13	3	21	30784	896	0	4	0	896,900,928,932
401	8560	2	1	4	1	0	0	2	17	3	2	21	29824	848	0	4	0	848
401	8579	2	1	4	1	1	3	0	13	77	4	21	30784	403	16396	3	1	620
401	8581	2	2	4	1	0	0	2	13	77	4	21	30784	912	0	4	0	912,914
401	8582	2	2	4	1	0	0	2	13	77	4	21	30784	912	0	4	0	912,914
401	8585	2	2	4	1	0	0	2	13	77	4	21	30784	912	0	4	0	912,914
401	8586	2	2	4	1	0	0	2	13	77	4	21	30784	912	0	4	0	912,914
401	8588	1	1	5	1	0	0	2	13	77	4	21	30784	912	0	5	0	912
401	8593	2	2	4	1	1	3	0	15	13	3	21	29824	616	4640	3	1	406,616
401	8594	2	2	4	1	1	3	0	15	13	3	21	29824	616	4640	3	1	406,616
401	8596	2	2	4	1	0	0	2	15	13	3	21	30784	912	0	4	0	912,916
401	8600	2	2	4	1	0	0	2	15	13	3	21	30784	912	0	4	0	912,916
401	8609	2	2	4	1	1	3	0	15	13	3	21	29824	616	4624	3	1	406,616
401	8610	2	2	4	1	1	3	0	15	13	3	21	29824	616	4624	3	1	406,616
401	8612	2	2	4	1	0	0	2	15	13	3	21	30784	912	0	4	0	912,916
401	8616	2	2	4	1	0	0	2	15	13	3	21	30784	912	0	4	0	912,916
401	8624	2	6	4	1	0	0	1	17	3	2	21	29824	832	0	4	0	412,414,608,610,832,864
401	8641	2	5	4	1	0	0	2	14	77	4	22	30784	896	0	4	0	896,898,900,902,960
401	8642	2	5	4	1	0	0	2	14	77	4	22	30784	896	0	4	0	896,898,900,902,960
401	8644	1	2	5	1	0	0	2	14	77	4	22	30784	896	0	5	0	896,900
401	8648	1	2	5	1	0	0	2	14	77	4	22	30784	896	0	5	0	896,900
401	8656	2	6	4	1	0	0	4	16	11	3	22	29824	832	0	4	0	832,896,900,904,908,960
401	8672	2	6	4	1	0	0	4	16	11	3	22	29824	832	0	4	0	832,896,900,904,908,960
401	8711	3	7	3	1	0	0	1	12	75	4	20	30784	904	0	3	0	94,118,614,736,904,928,992
401	8715	3	7	3	1	0	0	1	12	75	4	20	30784	904	0	3	0	94,118,614,736,904,928,992
401	8717	2	2	4	1	0	0	1	12	75	4	20	30784	904	0	4	0	904,928
401	8718	2	2	4	1	0	0	1	12	75	4	20	30784	904	0	4	0	904,928
401	8723	2	2	4	1	2	3	0	14	11	3	20	30912	411	16396	1	3	612,736
401	8725	3	9	3	1	0	0	1	14	11	3	20	30784	904	0	3	0	286,410,612,736,904,906,928,930,992
401	8726	3	9	3	1	0	0	1	14	11	3	20	30784	904	0	3	0	286,410,612,736,904,906,928,930,992
401	8729	3	9	3	1	0	0	1	14	11	3	20	30784	904	0	3	0	286,410,612,736,904,906,928,930,992
401	8730	3	9	3	1	0	0	1	14	11	3	20	30784	904	0	3	0	286,410,612,736,904,906,928,930,992
401	8732	2	2	4	1	0	0	1	14	11	3	20	30784	904	0	4	0	904,928
401	8739	2	2	4	1	2	3	0	14	11	3	20	30912	411	16396	1	3	612,736
401	8741	3	9	3	1	0	0	1	14	11	3	20	30784	904	0	3	0	286,410,612,736,904,906,928,930,992
401	8742	3	9	3	1	0	0	1	14	11	3	20	30784	904	0	3	0	286,410,612,736,904,906,928,930,992
401	8745	3	9	3	1	0	0	1	14	11	3	20	30784	904	0	3	0	286,410,612,736,904,906,928,930,992
401	8746	3	9	3	1	0	0	1	14	11	3	20	30784	904	0	3	0	286,410,612,736,904,906,928,930,992
401	8748	2	2	4	1	0	0	1	14	11	3	20	30784	904	0	4	0	904,928
401	8753	2	4	4	1	1	3	0	16	3	2	20	29824	608	4480	3	1	286,414,608,736
401	8754	2	4	4	1	1	3	0	16	3	2	20	29824	608	4480	3	1	286,414,608,736
401	8756	3	15	3	1	0	0	2	16	3	2	20	29824	848	0	3	0	284,286,412,414,608,610,736,738,848,864,904,908,928,932,992
401	8760	3	15	3	1	0	0	2	16	3	2	20	29824	848	0	3	0	284,286,412,414,608,610,736,738,848,864,904,908,928,932,992
401	8771	3	12	3	1	0	0	1	13	77	4	21	30784	896	0	3	0	92,94,124,126,620,736,896,898,928,930,960,992
401	8773	2	4	4	1	0	0	1	13	77	4	21	30784	896	0	4	0	896,898,928,930
401	8774	2	4	4	1	0	0	1	13	77	4	21	30784	896	0	4	0	896,898,928,930
401	8777	2	4	4	1	0	0	1	13	77	4	21	30784	896	0	4	0	896,898,928,930
401	8778	2	4	4	1	0	0	1	13	77	4	21	30784	896	0	4	0	896,898,928,930
401	8780	1	2	5	1	0	0	1	13	77	4	21	30784	896	0	5	0	896,928
401	8785	3	15	3	1	0	0	3	15	13	3	21	29824	848	0	3	0	286,406,616,736,848,896,898,900,902,928,930,932,934,960,992
401	8786	3	15	3	1	0	0	3	15	13	3	21	29824	848	0	3	0	286,406,616,736,848,896,898,900,902,928,930,932,934,960,992
401	8788	2	4	4	1	0	0	1	15	13	3	21	30784	896	0	4	0	896,900,928,932
401	8792	2	4	4	1	0	0	1	15	13	3	21	30784	896	0	4	0	896,900,928,932
401	8801	3	15	3	1	0	0	3	15	13	3	21	29824	848	0	3	0	286,406,616,736,848,896,898,900,902,928,930,932,934,960,992
401	8802	3	15	3	1	0	0	3	15	13	3	21	29824	848	0	3	0	286,406,616,736,848,896,898,900,902,928,930,932,934,960,992
401	8804	2	4	4	1	0	0	1	15	13	3	21	30784	896	0	4	0	896,900,928,932
401	8808	2	4	4	1	0	0	1	15	13	3	21	30784	896	0	4	0	896,900,928,932
401	8816	2	1	4	1	0	0	2	17	3	2	21	29824	848	0	4	0	848
401	8835	2	1	4	1	1	3	0	13	77	4	21	30784	403	16396	3	1	620
401	8837	2	2	4	1	0	0	2	13	77	4	21	30784	912	0	4	0	912,914
401	8838	2	2	4	1	0	0	2	13	77	4	21	30784	912	0	4	0	912,914
401	8841	2	2	4	1	0	0	2	13	77	4	21	30784	912	0	4	0	912,914
401	8842	2	2	4	1	0	0	2	13	77	4	21	30784	912	0	4	0	912,914
401	8844	1	1	5	1	0	0	2	13	77	4	21	30784	912	0	5	0	912
401	8849	2	2	4	1	1	3	0	15	13	3	21	29824	616	4384	3	1	406,616
401	8850	2	2	4	1	1	3	0	15	13	3	21	29824	616	4384	3	1	406,616
401	8852	2	2	4	1	0	0	2	15	13	3	21	30784	912	0	4	0	912,916
401	8856	2	2	4	1	0	0	2	15	13	3	21	30784	912	0	4	0	912,916
401	8865	2	2	4	1	1	3	0	15	13	3	21	29824	616	4368	3	1	406,616
401	8866	2	2	4	1	1	3	0	15	13	3	21	29824	616	4368	3	1	406,616
401	8868	2	2	4	1	0	0	2	15	13	3	21	30784	912	0	4	0	912,916
401	8872	2	2	4	1	0	0	2	15	13	3	21	30784	912	0	4	0	912,916
401	8880	2	6	4	1	0	0	1	17	3	2	21	29824	832	0	4	0	412,414,608,610,832,864
401	8897	2	5	4	1	0	0	2	14	77	4	22	30784	896	0	4	0	896,898,900,902,960
401	8898	2	5	4	1	0	0	2	14	77	4	22	30784	896	0	4	0	896,898,900,902,960
401	8900	1	2	5	1	0	0	2	14	77	4	22	30784	896	0	5	0	896,900
401	8904	1	2	5	1	0	0	2	14	77	4	22	30784	896	0	5	0	896,900
401	8912	2	6	4	1	0	0	4	16	11	3	22	29824	832	0	4	0	832,896,900,904,908,960
401	8928	2	6	4	1	0	0	4	16	11	3	22	29824	832	0	4	0	832,896,900,904,908,960
401	8963	2	1	4	1	1	2	0	13	75	4	21	29824	960	2176	2	2	960
401	8965	2	5	4	1	0	0	1	13	75	4	21	30784	912	0	4	0	896,898,912,914,960
401	8966	2	5	4	1	0	0	1	13	75	4	21	30784	912	0	4	0	896,898,912,914,960
401	8969	2	5	4	1	0	0	1	13	75	4	21	30784	912	0	4	0	896,898,912,914,960
401	8970	2	5	4	1	0	0	1	13	75	4	21	30784	912	0	4	0	896,898,912,914,960
401	8972	1	2	5	1	0	0	1	13	75	4	21	30784	912	0	5	0	896,912
401	8977	2	1	4	1	1	2	0	15	11	3	21	29824	960	2176	3	1	960
401	8978	2	1	4	1	1	2	0	15	11	3	21	29824	960	2176	3	1	960
401	8980	2	5	4	1	0	0	1	15	11	3	21	30784	912	0	4	0	896,900,912,916,960
401	8984	2	5	4	1	0	0	1	15	11	3	21	30784	912	0	4	0	896,900,912,916,960
401	8993	2	1	4	1	1	2	0	15	11	3	21	29824	960	2176	3	1	960
401	8994	2	1	4	1	1	2	0	15	11	3	21	29824	960	2176	3	1	960
401	8996	2	5	4	1	0	0	1	15	11	3	21	30784	912	0	4	0	896,900,912,916,960
401	9000	2	5	4	1	0	0	1	15	11	3	21	30784	912	0	4	0	896,900,912,916,960
401	9008	2	3	4	1	0	0	1	17	3	2	21	29824	864	0	4	0	832,864,960
401	9025	2	5	4	1	0	0	1	12	94	5	22	30784	896	0	4	0	896,898,900,902,960
401	9026	2	5	4	1	0	0	1	12	94	5	22	30784	896	0	4	0	896,898,900,902,960
401	9028	1	2	5	1	0	0	1	12	94	5	22	30784	896	0	5	0	896,900
401	9032	1	2	5	1	0	0	1	12	94	5	22	30784	896	0	5	0	896,900
401	9040	2	5	4	1	0	0	1	14	30	4	22	30784	896	0	4	0	896,900,904,908,960
401	9056	2	5	4	1	0	0	1	14	30	4	22	30784	896	0	4	0	896,900,904,908,960
401	9089	2	1	4	1	1	1	0	12	94	5	22	29824	960	2048	3	1	960
401	9090	2	1	4	1	1	1	0	12	94	5	22	29824	960	2048	3	1	960
401	9092	2	5	4	1	0	0	2	12	94	5	22	30784	928	0	4	0	896,900,928,932,960
401	9096	2	5	4	1	0	0	2	12	94	5	22	30784	928	0	4	0	896,900,928,932,960
401	9104	2	2	4	1	0	0	1	14	30	4	22	29824	832	0	4	0	832,960
401	9120	2	2	4	1	0	0	1	14	30	4	22	29824	832	0	4	0	832,960
401	9152	2	5	4	1	0	0	2	11	222	6	23	30784	896	0	4	0	896,900,904,908,960
401	9223	2	2	4	1	1	3	0	13	77	4	21	30784	992	832	3	1	736,992
401	9227	2	2	4	1	1	3	0	13	77	4	21	30784	992	832	3	1	736,992
401	9229	2	1	4	1	1	3	0	11	94	5	21	30784	992	832	3	1	992
401	9230	2	1	4	1	1	3	0	11	94	5	21	30784	992	832	3	1	992
401	9235	1	1	5	1	2	4	0	17	3	2	21	29888	287	16428	3	2	736
401	9237	2	3	4	1	1	3	0	15	13	3	21	29888	286	16424	3	1	286,736,992
401	9238	2	3	4	1	1	3	0	15	13	3	21	29888	286	16424	3	1	286,736,992
401	9241	2	3	4	1	1	3	0	15	13	3	21	29888	286	16420	3	1	286,736,992
401	9242	2	3	4	1	1	3	0	15	13	3	21	29888	286	16420	3	1	286,736,992
401	9244	2	1	4	1	1	3	0	13	30	4	21	30784	992	832	3	1	992
401	9251	1	1	5	1	2	4	0	17	3	2	21	29888	287	16412	3	2	736
401	9253	2	3	4	1	1	3	0	15	13	3	21	29888	286	16408	3	1	286,736,992
401	9254	2	3	4	1	1	3	0	15	13	3	21	29888	286	16408	3	1	286,736,992
401	9257	2	3	4	1	1	3	0	15	13	3	21	29888	286	16404	3	1	286,736,992
401	9258	2	3	4	1	1	3	0	15	13	3	21	29888	286	16404	3	1	286,736,992
401	9260	2	1	4	1	1	3	0	13	30	4	21	30784	992	832	3	1	992
401	9265	1	2	5	1	1	3	0	19	1	1	21	29888	286	16396	4	1	286,736
401	9266	1	2	5	1	1	3	0	19	1	1	21	29888	286	16396	4	1	286,736
401	9268	2	6	4	1	0	0	1	17	3	2	21	29888	792	0	4	0	284,286,736,738,792,992
401	9272	2	6	4	1	0	0	1	17	3	2	21	29888	792	0	4	0	284,286,736,738,792,992
401	9283	2	6	4	1	0	0	2	16	76	3	22	30784	896	0	4	0	736,896,912,928,960,992
401	9285	2	5	4	1	0	0	2	14	86	4	22	30784	896	0	4	0	896,912,928,960,992
401	9286	2	5	4	1	0	0	2	14	86	4	22	30784	896	0	4	0	896,912,928,960,992
401	9289	2	5	4	1	0	0	2	14	86	4	22	30784	896	0	4	0	896,912,928,960,992
401	9290	2	5	4	1	0	0	2	14	86	4	22	30784	896	0	4	0	896,912,928,960,992
401	9292	2	5	4	1	0	0	2	12	94	5	22	30784	896	0	4	0	896,912,928,960,992
401	9297	2	8	4	1	0	0	4	18	12	2	22	29824	784	0	4	0	286,736,784,896,912,928,960,992
401	9298	2	8	4	1	0	0	4	18	12	2	22	29824	784	0	4	0	286,736,784,896,912,928,960,992
401	9300	2	6	4	1	0	0	4	16	13	3	22	29824	784	0	4	0	784,896,912,928,960,992
401	9304	2	6	4	1	0	0	4	16	13	3	22	29824	784	0	4	0	784,896,912,928,960,992
401	9313	2	8	4	1	0	0	4	18	12	2	22	29824	784	0	4	0	286,736,784,896,912,928,960,992
401	9314	2	8	4	1	0	0	4	18	12	2	22	29824	784	0	4	0	286,736,784,896,912,928,960,992
401	9316	2	6	4	1	0	0	4	16	13	3	22	29824	784	0	4	0	784,896,912,928,960,992
401	9320	2	6	4	1	0	0	4	16	13	3	22	29824	784	0	4	0	784,896,912,928,960,992
401	9328	1	1	5	1	0	0	2	20	1	1	22	29824	784	0	5	0	784
401	9347	1	1	5	1	0	0	2	18	3	2	22	30784	912	0	5	0	912
401	9349	1	1	5	1	0	0	2	16	13	3	22	30784	912	0	5	0	912
401	9350	1	1	5	1	0	0	2	16	13	3	22	30784	912	0	5	0	912
401	9353	1	1	5	1	0	0	2	16	13	3	22	30784	912	0	5	0	912
401	9354	1	1	5	1	0	0	2	16	13	3	22	30784	912	0	5	0	912
401	9356	1	1	5	1	0	0	2	14	30	4	22	30784	912	0	5	0	912
401	9361	1	1	5	1	0	0	2	20	1	1	22	30784	912	0	5	0	912
401	9362	1	1	5	1	0	0	2	20	1	1	22	30784	912	0	5	0	912
401	9364	1	1	5	1	0	0	2	18	3	2	22	30784	912	0	5	0	912
401	9368	1	1	5	1	0	0	2	18	3	2	22	30784	912	0	5	0	912
401	9377	1	1	5	1	0	0	2	20	1	1	22	30784	912	0	5	0	912
401	9378	1	1	5	1	0	0	2	20	1	1	22	30784	912	0	5	0	912
401	9380	1	1	5	1	0	0	2	18	3	2	22	30784	912	0	5	0	912
401	9384	1	1	5	1	0	0	2	18	3	2	22	30784	912	0	5	0	912
401	9392	1	2	5	1	0	0	3	22	0	0	22	29888	784	0	5	0	784,912
401	9409	0	1	6	0	0	0	2	19	12	2	23	30784	896	0	6	0	896
401	9410	0	1	6	0	0	0	2	19	12	2	23	30784	896	0	6	0	896
401	9412	0	1	6	0	0	0	2	17	13	3	23	30784	896	0	6	0	896
401	9416	0	1	6	0	0	0	2	17	13	3	23	30784	896	0	6	0	896
401	9424	0	1	6	0	0	0	2	21	1	1	23	30784	896	0	6	0	896
401	9440	0	1	6	0	0	0	2	21	1	1	23	30784	896	0	6	0	896
401	9475	1	1	5	1	1	2	0	16	11	3	22	30784	960	576	4	1	960
401	9477	1	1	5	1	1	2	0	14	77	4	22	30784	960	576	4	1	960
401	9478	1	1	5	1	1	2	0	14	77	4	22	30784	960	576	4	1	960
401	9481	1	1	5	1	1	2	0	14	77	4	22	30784	960	576	4	1	960
401	9482	1	1	5	1	1	2	0	14	77	4	22	30784	960	576	4	1	960
401	9484	1	1	5	1	1	2	0	12	94	5	22	30784	960	576	4	1	960
401	9489	1	1	5	1	1	2	0	18	3	2	22	30784	960	576	4	1	960
401	9490	1	1	5	1	1	2	0	18	3	2	22	30784	960	576	4	1	960
401	9492	1	1	5	1	1	2	0	16	13	3	22	30784	960	576	4	1	960
401	9496	1	1	5	1	1	2	0	16	13	3	22	30784	960	576	4	1	960
401	9505	1	1	5	1	1	2	0	18	3	2	22	30784	960	576	4	1	960
401	9506	1	1	5	1	1	2	0	18	3	2	22	30784	960	576	4	1	960
401	9508	1	1	5	1	1	2	0	16	13	3	22	30784	960	576	4	1	960
401	9512	1	1	5	1	1	2	0	16	13	3	22	30784	960	576	4	1	960
401	9520	1	1	5	1	1	2	0	20	1	1	22	30784	960	576	4	1	960
401	9537	1	2	5	1	0	0	1	15	86	4	23	30784	896	0	5	0	896,960
401	9538	1	2	5	1	0	0	1	15	86	4	23	30784	896	0	5	0	896,960
401	9540	1	2	5	1	0	0	1	15	236	5	23	30784	896	0	5	0	896,960
401	9544	1	2	5	1	0	0	1	15	236	5	23	30784	896	0	5	0	896,960
401	9552	1	2	5	1	0	0	1	17	13	3	23	30784	896	0	5	0	896,960
401	9568	1	2	5	1	0	0	1	17	13	3	23	30784	896	0	5	0	896,960
401	9601	1	3	5	1	0	0	2	17	13	3	23	30784	928	0	5	0	896,928,960
401	9602	1	3	5	1	0	0	2	17	13	3	23	30784	928	0	5	0	896,928,960
401	9604	1	3	5	1	0	0	2	15	86	4	23	30784	928	0	5	0	896,928,960
401	9608	1	3	5	1	0	0	2	15	86	4	23	30784	928	0	5	0	896,928,960
401	9616	1	3	5	1	0	0	2	19	3	2	23	30784	928	0	5	0	896,928,960
401	9632	1	3	5	1	0	0	2	19	3	2	23	30784	928	0	5	0	896,928,960
401	9664	0	1	6	0	0	0	2	16	77	4	24	30784	896	0	6	0	896
401	9731	1	1	5	1	1	2	0	16	11	3	22	30784	960	320	4	1	960
401	9733	1	1	5	1	1	2	0	14	77	4	22	30784	960	320	4	1	960
401	9734	1	1	5	1	1	2	0	14	77	4	22	30784	960	320	4	1	960
401	9737	1	1	5	1	1	2	0	14	77	4	22	30784	960	320	4	1	960
401	9738	1	1	5	1	1	2	0	14	77	4	22	30784	960	320	4	1	960
401	9740	1	1	5	1	1	2	0	12	94	5	22	30784	960	320	4	1	960
401	9745	1	1	5	1	1	2	0	18	3	2	22	30784	960	320	4	1	960
401	9746	1	1	5	1	1	2	0	18	3	2	22	30784	960	320	4	1	960
401	9748	1	1	5	1	1	2	0	16	13	3	22	30784	960	320	4	1	960
401	9752	1	1	5	1	1	2	0	16	13	3	22	30784	960	320	4	1	960
401	9761	1	1	5	1	1	2	0	18	3	2	22	30784	960	320	4	1	960
401	9762	1	1	5	1	1	2	0	18	3	2	22	30784	960	320	4	1	960
401	9764	1	1	5	1	1	2	0	16	13	3	22	30784	960	320	4	1	960
401	9768	1	1	5	1	1	2	0	16	13	3	22	30784	960	320	4	1	960
401	9776	1	1	5	1	1	2	0	20	1	1	22	30784	960	320	4	1	960
401	9793	1	2	5	1	0	0	1	15	86	4	23	30784	896	0	5	0	896,960
401	9794	1	2	5	1	0	0	1	15	86	4	23	30784	896	0	5	0	896,960
401	9796	1	2	5	1	0	0	1	15	236	5	23	30784	896	0	5	0	896,960
401	9800	1	2	5	1	0	0	1	15	236	5	23	30784	896	0	5	0	896,960
401	9808	1	2	5	1	0	0	1	17	13	3	23	30784	896	0	5	0	896,960
401	9824	1	2	5	1	0	0	1	17	13	3	23	30784	896	0	5	0	896,960
401	9857	1	3	5	1	0	0	2	17	13	3	23	30784	928	0	5	0	896,928,960
401	9858	1	3	5	1	0	0	2	17	13	3	23	30784	928	0	5	0	896,928,960
401	9860	1	3	5	1	0	0	2	15	86	4	23	30784	928	0	5	0	896,928,960
401	9864	1	3	5	1	0	0	2	15	86	4	23	30784	928	0	5	0	896,928,960
401	9872	1	3	5	1	0	0	2	19	3	2	23	30784	928	0	5	0	896,928,960
401	9888	1	3	5	1	0	0	2	19	3	2	23	30784	928	0	5	0	896,928,960
401	9920	0	1	6	0	0	0	2	16	77	4	24	30784	896	0	6	0	896
401	9985	0	1	6	0	1	1	0	17	11	3	23	30784	896	64	5	1	896
401	9986	0	1	6	0	1	1	0	17	11	3	23	30784	896	64	5	1	896
401	9988	0	1	6	0	1	1	0	15	77	4	23	30784	896	64	5	1	896
401	9992	0	1	6	0	1	1	0	15	77	4	23	30784	896	64	5	1	896
401	10000	0	1	6	0	1	1	0	19	3	2	23	30784	896	64	5	1	896
401	10016	0	1	6	0	1	1	0	19	3	2	23	30784	896	64	5	1	896
401	10048	0	1	6	0	0	0	1	14	94	5	24	30784	896	0	6	0	896
401	10112	0	1	6	0	1	1	0	16	30	4	24	29824	896	2048	4	2	896
401	10247	2	4	4	1	1	2	0	13	75	4	21	30912	281	16392	3	1	736,738,740,742
401	10251	2	4	4	1	1	2	0	13	75	4	21	30912	281	16388	3	1	736,738,740,742
401	10253	2	1	4	1	0	0	1	13	75	4	21	30912	792	0	4	0	792
401	10254	2	1	4	1	0	0	1	13	75	4	21	30912	792	0	4	0	792
401	10259	1	2	5	1	3	3	0	13	77	4	21	30912	283	16396	2	3	736,740
401	10261	2	4	4	1	1	2	0	13	77	4	21	30912	282	16392	3	1	282,286,736,740
401	10262	2	4	4	1	1	2	0	13	77	4	21	30912	282	16392	3	1	282,286,736,740
401	10265	2	4	4	1	1	2	0	13	77	4	21	30912	282	16388	3	1	282,286,736,740
401	10266	2	4	4	1	1	2	0	13	77	4	21	30912	282	16388	3	1	282,286,736,740
401	10268	2	1	4	1	0	0	1	13	77	4	21	30912	792	0	4	0	792
401	10275	1	2	5	1	3	3	0	13	77	4	21	30912	283	16396	2	3	736,740
401	10277	2	4	4	1	1	2	0	13	77	4	21	30912	282	16392	3	1	282,286,736,740
401	10278	2	4	4	1	1	2	0	13	77	4	21	30912	282	16392	3	1	282,286,736,740
401	10281	2	4	4	1	1	2	0	13	77	4	21	30912	282	16388	3	1	282,286,736,740
401	10282	2	4	4	1	1	2	0	13	77	4	21	30912	282	16388	3	1	282,286,736,740
401	10284	2	1	4	1	0	0	1	13	77	4	21	30912	792	0	4	0	792
401	10289	1	2	5	1	3	3	0	13	77	4	21	30912	286	16396	2	3	286,736
401	10290	1	2	5	1	3	3	0	13	77	4	21	30912	286	16396	2	3	286,736
401	10292	2	4	4	1	1	2	0	13	77	4	21	30912	284	16392	3	1	284,286,736,738
401	10296	2	4	4	1	1	2	0	13	77	4	21	30912	284	16388	3	1	284,286,736,738
401	10307	2	5	4	1	0	0	2	16	11	3	22	29824	912	0	4	0	736,740,744,748,912
401	10309	2	3	4	1	0	0	3	16	11	3	22	29824	912	0	4	0	784,786,912
401	10310	2	3	4	1	0	0	3	16	11	3	22	29824	912	0	4	0	784,786,912
401	10313	2	3	4	1	0	0	3	16	11	3	22	29824	912	0	4	0	784,786,912
401	10314	2	3	4	1	0	0	3	16	11	3	22	29824	912	0	4	0	784,786,912
401	10316	1	1	5	1	0	0	1	16	11	3	22	30912	784	0	5	0	784
401	10321	2	5	4	1	0	0	2	16	13	3	22	29824	912	0	4	0	278,286,736,744,912
401	10322	2	5	4	1	0	0	2	16	13	3	22	29824	912	0	4	0	278,286,736,744,912
401	10324	2	3	4	1	0	0	3	16	13	3	22	29824	912	0	4	0	784,788,912
401	10328	2	3	4	1	0	0	3	16	13	3	22	29824	912	0	4	0	784,788,912
401	10337	2	5	4	1	0	0	2	16	13	3	22	29824	912	0	4	0	278,286,736,744,912
401	10338	2	5	4	1	0	0	2	16	13	3	22	29824	912	0	4	0	278,286,736,744,912
401	10340	2	3	4	1	0	0	3	16	13	3	22	29824	912	0	4	0	784,788,912
401	10344	2	3	4	1	0	0	3	16	13	3	22	29824	912	0	4	0	784,788,912
401	10352	2	5	4	1	0	0	2	16	11	3	22	29824	912	0	4	0	284,286,736,738,912
401	10371	2	4	4	1	1	3	0	14	77	4	22	29824	736	4864	3	1	736,740,744,748
401	10373	2	2	4	1	0	0	2	14	77	4	22	30784	784	0	4	0	784,786
401	10374	2	2	4	1	0	0	2	14	77	4	22	30784	784	0	4	0	784,786
401	10377	2	2	4	1	0	0	2	14	77	4	22	30784	784	0	4	0	784,786
401	10378	2	2	4	1	0	0	2	14	77	4	22	30784	784	0	4	0	784,786
401	10380	1	1	5	1	0	0	2	14	77	4	22	30784	784	0	5	0	784
401	10385	2	4	4	1	1	3	0	14	77	4	22	29824	736	4864	3	1	278,286,736,744
401	10386	2	4	4	1	1	3	0	14	77	4	22	29824	736	4864	3	1	278,286,736,744
401	10388	2	2	4	1	0	0	2	14	77	4	22	30784	784	0	4	0	784,788
401	10392	2	2	4	1	0	0	2	14	77	4	22	30784	784	0	4	0	784,788
401	10401	2	4	4	1	1	3	0	14	77	4	22	29824	736	4864	3	1	278,286,736,744
401	10402	2	4	4	1	1	3	0	14	77	4	22	29824	736	4864	3	1	278,286,736,744
401	10404	2	2	4	1	0	0	2	14	77	4	22	30784	784	0	4	0	784,788
401	10408	2	2	4	1	0	0	2	14	77	4	22	30784	784	0	4	0	784,788
401	10416	2	4	4	1	1	3	0	14	75	4	22	29824	736	4864	3	1	284,286,736,738
401	10433	1	1	5	1	0	0	2	17	13	3	23	29824	896	0	5	0	896
401	10434	1	1	5	1	0	0	2	17	13	3	23	29824	896	0	5	0	896
401	10436	1	3	5	1	0	0	4	17	13	3	23	29824	896	0	5	0	768,772,896
401	10440	1	3	5	1	0	0	4	17	13	3	23	29824	896	0	5	0	768,772,896
401	10448	1	1	5	1	0	0	2	17	11	3	23	29824	896	0	5	0	896
401	10464	1	1	5	1	0	0	2	17	11	3	23	29824	896	0	5	0	896
401	10499	2	5	4	1	1	2	0	14	75	4	22	29824	960	640	3	1	704,708,712,716,960
401	10501	2	1	4	1	1	2	0	14	75	4	22	29824	960	640	3	1	960
401	10502	2	1	4	1	1	2	0	14	75	4	22	29824	960	640	3	1	960
401	10505	2	1	4	1	1	2	0	14	75	4	22	29824	960	640	3	1	960
401	10506	2	1	4	1	1	2	0	14	75	4	22	29824	960	640	3	1	960
401	10508	2	4	4	1	0	0	2	14	75	4	22	30784	784	0	4	0	784,816,832,960
401	10513	2	5	4	1	1	2	0	14	77	4	22	29824	960	640	3	1	310,318,704,712,960
401	10514	2	5	4	1	1	2	0	14	77	4	22	29824	960	640	3	1	310,318,704,712,960
401	10516	2	1	4	1	1	2	0	14	77	4	22	29824	960	640	3	1	960
401	10520	2	1	4	1	1	2	0	14	77	4	22	29824	960	640	3	1	960
401	10529	2	5	4	1	1	2	0	14	77	4	22	29824	960	640	3	1	310,318,704,712,960
401	10530	2	5	4	1	1	2	0	14	77	4	22	29824	960	640	3	1	310,318,704,712,960
401	10532	2	1	4	1	1	2	0	14	77	4	22	29824	960	640	3	1	960
401	10536	2	1	4	1	1	2	0	14	77	4	22	29824	960	640	3	1	960
401	10544	2	5	4	1	1	2	0	14	77	4	22	29824	960	640	3	1	316,318,704,706,960
401	10561	2	3	4	1	0	0	2	15	77	4	23	29824	928	0	4	0	896,928,960
401	10562	2	3	4	1	0	0	2	15	77	4	23	29824	928	0	4	0	896,928,960
401	10564	2	9	4	1	0	0	4	15	77	4	23	29824	928	0	4	0	768,772,800,804,832,836,896,928,960
401	10568	2	9	4	1	0	0	4	15	77	4	23	29824	928	0	4	0	768,772,800,804,832,836,896,928,960
401	10576	2	3	4	1	0	0	2	15	86	4	23	29824	928	0	4	0	896,928,960
401	10592	2	3	4	1	0	0	2	15	86	4	23	29824	928	0	4	0	896,928,960
401	10625	2	2	4	1	0	0	1	13	94	5	23	29824	896	0	4	0	896,960
401	10626	2	2	4	1	0	0	1	13	94	5	23	29824	896	0	4	0	896,960
401	10628	2	4	4	1	0	0	3	13	94	5	23	29824	896	0	4	0	800,804,896,960
401	10632	2	4	4	1	0	0	3	13	94	5	23	29824	896	0	4	0	800,804,896,960
401	10640	2	2	4	1	0	0	1	13	94	5	23	29824	896	0	4	0	896,960
401	10656	2	2	4	1	0	0	1	13	94	5	23	29824	896	0	4	0	896,960
401	10688	1	1	5	1	0	0	2	14	94	5	24	29824	896	0	5	0	896
401	10755	2	5	4	1	1	2	0	14	75	4	22	29824	960	384	3	1	704,708,712,716,960
401	10757	2	1	4	1	1	2	0	14	75	4	22	29824	960	384	3	1	960
401	10758	2	1	4	1	1	2	0	14	75	4	22	29824	960	384	3	1	960
401	10761	2	1	4	1	1	2	0	14	75	4	22	29824	960	384	3	1	960
401	10762	2	1	4	1	1	2	0	14	75	4	22	29824	960	384	3	1	960
401	10764	2	4	4	1	0	0	2	14	75	4	22	30784	784	0	4	0	784,816,832,960
401	10769	2	5	4	1	1	2	0	14	77	4	22	29824	960	384	3	1	310,318,704,712,960
401	10770	2	5	4	1	1	2	0	14	77	4	22	29824	960	384	3	1	310,318,704,712,960
401	10772	2	1	4	1	1	2	0	14	77	4	22	29824	960	384	3	1	960
401	10776	2	1	4	1	1	2	0	14	77	4	22	29824	960	384	3	1	960
401	10785	2	5	4	1	1	2	0	14	77	4	22	29824	960	384	3	1	310,318,704,712,960
401	10786	2	5	4	1	1	2	0	14	77	4	22	29824	960	384	3	1	310,318,704,712,960
401	10788	2	1	4	1	1	2	0	14	77	4	22	29824	960	384	3	1	960
401	10792	2	1	4	1	1	2	0	14	77	4	22	29824	960	384	3	1	960
401	10800	2	5	4	1	1	2	0	14	77	4	22	29824	960	384	3	1	316,318,704,706,960
401	10817	2	3	4	1	0	0	2	15	77	4	23	29824	928	0	4	0	896,928,960
401	10818	2	3	4	1	0	0	2	15	77	4	23	29824	928	0	4	0	896,928,960
401	10820	2	9	4	1	0	0	4	15	77	4	23	29824	928	0	4	0	768,772,800,804,832,836,896,928,960
401	10824	2	9	4	1	0	0	4	15	77	4	23	29824	928	0	4	0	768,772,800,804,832,836,896,928,960
401	10832	2	3	4	1	0	0	2	15	86	4	23	29824	928	0	4	0	896,928,960
401	10848	2	3	4	1	0	0	2	15	86	4	23	29824	928	0	4	0	896,928,960
401	10881	2	2	4	1	0	0	1	13	94	5	23	29824	896	0	4	0	896,960
401	10882	2	2	4	1	0	0	1	13	94	5	23	29824	896	0	4	0	896,960
401	10884	2	4	4	1	0	0	3	13	94	5	23	29824	896	0	4	0	800,804,896,960
401	10888	2	4	4	1	0	0	3	13	94	5	23	29824	896	0	4	0	800,804,896,960
401	10896	2	2	4	1	0	0	1	13	94	5	23	29824	896	0	4	0	896,960
401	10912	2	2	4	1	0	0	1	13	94	5	23	29824	896	0	4	0	896,960
401	10944	1	1	5	1	0	0	2	14	94	5	24	29824	896	0	5	0	896
401	11009	1	1	5	1	1	1	0	15	75	4	23	29824	896	128	4	1	896
401	11010	1	1	5	1	1	1	0	15	75	4	23	29824	896	128	4	1	896
401	11012	1	1	5	1	1	1	0	15	75	4	23	29824	896	128	4	1	896
401	11016	1	1	5	1	1	1	0	15	75	4	23	29824	896	128	4	1	896
401	11024	1	1	5	1	1	1	0	15	77	4	23	29824	896	128	4	1	896
401	11040	1	1	5	1	1	1	0	15	77	4	23	29824	896	128	4	1	896
401	11072	1	1	5	1	1	1	0	14	94	5	24	29824	896	128	4	1	896
401	11136	1	1	5	1	0	0	1	12	222	6	24	29824	896	0	5	0	896
401	11267	2	6	4	1	0	0	2	15	77	4	23	29888	816	0	4	0	704,708,712,716,816,960
401	11269	2	2	4	1	0	0	2	13	94	5	23	29888	816	0	4	0	816,960
401	11270	2	2	4	1	0	0	2	13	94	5	23	29888	816	0	4	0	816,960
401	11273	2	2	4	1	0	0	2	13	94	5	23	29888	816	0	4	0	816,960
401	11274	2	2	4	1	0	0	2	13	94	5	23	29888	816	0	4	0	816,960
401	11276	2	2	4	1	0	0	2	11	222	6	23	29888	816	0	4	0	816,960
401	11281	2	6	4	1	0	0	2	15	77	4	23	29888	816	0	4	0	310,318,704,712,816,960
401	11282	2	6	4	1	0	0	2	15	77	4	23	29888	816	0	4	0	310,318,704,712,816,960
401	11284	2	2	4	1	0	0	2	13	94	5	23	29888	816	0	4	0	816,960
401	11288	2	2	4	1	0	0	2	13	94	5	23	29888	816	0	4	0	816,960
401	11297	2	6	4	1	0	0	2	15	77	4	23	29888	816	0	4	0	310,318,704,712,816,960
401	11298	2	6	4	1	0	0	2	15	77	4	23	29888	816	0	4	0	310,318,704,712,816,960
401	11300	2	2	4	1	0	0	2	13	94	5	23	29888	816	0	4	0	816,960
401	11304	2	2	4	1	0	0	2	13	94	5	23	29888	816	0	4	0	816,960
401	11312	2	6	4	1	0	0	2	15	75	4	23	29888	816	0	4	0	316,318,704,706,816,960
401	11329	1	1	5	1	0	0	3	16	86	4	24	29824	800	0	5	0	800
401	11330	1	1	5	1	0	0	3	16	86	4	24	29824	800	0	5	0	800
401	11332	1	1	5	1	0	0	3	14	94	5	24	29824	800	0	5	0	800
401	11336	1	1	5	1	0	0	3	14	94	5	24	29824	800	0	5	0	800
401	11344	1	1	5	1	0	0	3	16	77	4	24	29824	800	0	5	0	800
401	11360	1	1	5	1	0	0	3	16	77	4	24	29824	800	0	5	0	800
401	11393	1	1	5	1	0	0	3	16	77	4	24	29888	800	0	5	0	800
401	11394	1	1	5	1	0	0	3	16	77	4	24	29888	800	0	5	0	800
401	11396	1	1	5	1	0	0	3	14	94	5	24	29888	800	0	5	0	800
401	11400	1	1	5	1	0	0	3	14	94	5	24	29888	800	0	5	0	800
401	11408	1	1	5	1	0	0	3	16	75	4	24	29888	800	0	5	0	800
401	11424	1	1	5	1	0	0	3	16	75	4	24	29888	800	0	5	0	800
401	11456	0	1	6	0	0	0	4	17	77	4	25	29824	768	0	6	0	768
401	11521	1	1	5	1	1	2	0	16	77	4	24	29824	896	640	4	1	896
401	11522	1	1	5	1	1	2	0	16	77	4	24	29824	896	640	4	1	896
401	11524	1	1	5	1	1	2	0	14	94	5	24	29824	896	640	4	1	896
401	11528	1	1	5	1	1	2	0	14	94	5	24	29824	896	640	4	1	896
401	11536	1	1	5	1	1	2	0	16	77	4	24	29824	896	640	4	1	896
401	11552	1	1	5	1	1	2	0	16	77	4	24	29824	896	640	4	1	896
401	11584	1	3	5	1	0	0	4	17	236	5	25	29824	832	0	5	0	768,832,896
401	11648	1	3	5	1	0	0	4	15	94	5	25	29824	768	0	5	0	768,832,896
401	11777	1	1	5	1	1	2	0	16	77	4	24	29824	896	384	4	1	896
401	11778	1	1	5	1	1	2	0	16	77	4	24	29824	896	384	4	1	896
401	11780	1	1	5	1	1	2	0	14	94	5	24	29824	896	384	4	1	896
401	11784	1	1	5	1	1	2	0	14	94	5	24	29824	896	384	4	1	896
401	11792	1	1	5	1	1	2	0	16	77	4	24	29824	896	384	4	1	896
401	11808	1	1	5	1	1	2	0	16	77	4	24	29824	896	384	4	1	896
401	11840	1	3	5	1	0	0	4	17	236	5	25	29824	832	0	5	0	768,832,896
401	11904	1	3	5	1	0	0	4	15	94	5	25	29824	768	0	5	0	768,832,896
401	12032	0	1	6	0	1	1	0	17	77	4	25	29824	768	128	5	1	768
401	12295	1	1	5	1	3	4	0	13	94	5	23	29824	992	2944	1	4	992
401	12299	1	1	5	1	3	4	0	13	94	5	23	29824	992	2944	1	4	992
401	12301	1	2	5	1	2	3	0	15	77	4	23	30784	864	832	3	2	864,992
401	12302	1	2	5	1	2	3	0	15	77	4	23	30784	864	832	3	2	864,992
401	12307	1	1	5	1	3	4	0	13	94	5	23	29824	992	2944	2	3	992
401	12309	1	1	5	1	3	4	0	15	86	4	23	29824	992	2944	2	3	992
401	12310	1	1	5	1	3	4	0	15	86	4	23	29824	992	2944	2	3	992
401	12313	1	1	5	1	3	4	0	15	86	4	23	29824	992	2944	2	3	992
401	12314	1	1	5	1	3	4	0	15	86	4	23	29824	992	2944	2	3	992
401	12316	1	2	5	1	2	3	0	17	76	3	23	30784	864	832	3	2	864,992
401	12323	1	1	5	1	3	4	0	13	94	5	23	29824	992	2944	2	3	992
401	12325	1	1	5	1	3	4	0	15	86	4	23	29824	992	2944	2	3	992
401	12326	1	1	5	1	3	4	0	15	86	4	23	29824	992	2944	2	3	992
401	12329	1	1	5	1	3	4	0	15	86	4	23	29824	992	2944	2	3	992
401	12330	1	1	5	1	3	4	0	15	86	4	23	29824	992	2944	2	3	992
401	12332	1	2	5	1	2	3	0	17	76	3	23	30784	864	832	3	2	864,992
401	12337	1	2	5	1	2	3	0	15	77	4	23	29824	736	896	3	2	736,992
401	12338	1	2	5	1	2	3	0	15	77	4	23	29824	736	896	3	2	736,992
401	12340	1	2	5	1	2	3	0	17	76	3	23	29824	736	896	3	2	736,992
401	12344	1	2	5	1	2	3	0	17	76	3	23	29824	736	896	3	2	736,992
401	12355	1	1	5	1	2	3	0	16	30	4	24	30784	992	1792	2	3	992
401	12357	1	3	5	1	2	2	0	18	13	3	24	30784	864	768	3	2	864,866,992
401	12358	1	3	5	1	2	2	0	18	13	3	24	30784	864	768	3	2	864,866,992
401	12361	1	3	5	1	2	2	0	18	13	3	24	30784	864	768	3	2	864,866,992
401	12362	1	3	5	1	2	2	0	18	13	3	24	30784	864	768	3	2	864,866,992
401	12364	0	1	6	0	2	2	0	20	3	2	24	30784	864	768	4	2	864
401	12369	1	1	5	1	1	3	0	18	13	3	24	30784	992	1792	2	3	992
401	12370	1	1	5	1	1	3	0	18	13	3	24	30784	992	1792	2	3	992
401	12372	1	3	5	1	1	2	0	20	12	2	24	30784	864	768	3	2	864,868,992
401	12376	1	3	5	1	1	2	0	20	12	2	24	30784	864	768	3	2	864,868,992
401	12385	1	1	5	1	1	3	0	18	13	3	24	30784	992	1792	2	3	992
401	12386	1	1	5	1	1	3	0	18	13	3	24	30784	992	1792	2	3	992
401	12388	1	3	5	1	1	2	0	20	12	2	24	30784	864	768	3	2	864,868,992
401	12392	1	3	5	1	1	2	0	20	12	2	24	30784	864	768	3	2	864,868,992
401	12400	1	3	5	1	0	0	2	20	3	2	24	29824	656	0	5	0	656,736,992
401	12419	1	1	5	1	2	3	0	16	30	4	24	29824	992	2816	2	3	992
401	12421	1	1	5	1	1	3	0	18	13	3	24	29824	992	2816	2	3	992
401	12422	1	1	5	1	1	3	0	18	13	3	24	29824	992	2816	2	3	992
401	12425	1	1	5	1	1	3	0	18	13	3	24	29824	992	2816	2	3	992
401	12426	1	1	5	1	1	3	0	18	13	3	24	29824	992	2816	2	3	992
401	12428	1	3	5	1	0	0	2	20	3	2	24	30784	784	0	5	0	784,864,992
401	12433	1	3	5	1	2	2	0	18	13	3	24	29824	736	768	3	2	736,744,992
401	12434	1	3	5	1	2	2	0	18	13	3	24	29824	736	768	3	2	736,744,992
401	12436	1	3	5	1	1	2	0	20	12	2	24	29824	736	768	3	2	736,744,992
401	12440	1	3	5	1	1	2	0	20	12	2	24	29824	736	768	3	2	736,744,992
401	12449	1	3	5	1	2	2	0	18	13	3	24	29824	736	768	3	2	736,744,992
401	12450	1	3	5	1	2	2	0	18	13	3	24	29824	736	768	3	2	736,744,992
401	12452	1	3	5	1	1	2	0	20	12	2	24	29824	736	768	3	2	736,744,992
401	12456	1	3	5	1	1	2	0	20	12	2	24	29824	736	768	3	2	736,744,992
401	12464	0	1	6	0	2	2	0	20	3	2	24	29824	736	768	4	2	736
401	12481	1	4	5	1	1	1	0	21	3	2	25	29824	896	2048	4	1	896,928,960,992
401	12482	1	4	5	1	1	1	0	21	3	2	25	29824	896	2048	4	1	896,928,960,992
401	12484	1	12	5	1	0	0	2	23	1	1	25	30784	768	0	5	0	768,772,800,804,832,836,864,868,896,928,960,992
401	12488	1	12	5	1	0	0	2	23	1	1	25	30784	768	0	5	0	768,772,800,804,832,836,864,868,896,928,960,992
401	12496	1	12	5	1	0	0	2	23	1	1	25	29824	640	0	5	0	640,656,672,688,704,720,736,752,896,928,960,992
401	12512	1	12	5	1	0	0	2	23	1	1	25	29824	640	0	5	0	640,656,672,688,704,720,736,752,896,928,960,992
401	12547	1	1	5	1	3	3	0	12	222	6	24	29824	960	2688	2	3	960
401	12549	1	1	5	1	2	3	0	14	94	5	24	29824	960	2688	2	3	960
401	12550	1	1	5	1	2	3	0	14	94	5	24	29824	960	2688	2	3	960
401	12553	1	1	5	1	2	3	0	14	94	5	24	29824	960	2688	2	3	960
401	12554	1	1	5	1	2	3	0	14	94	5	24	29824	960	2688	2	3	960
401	12556	1	2	5	1	1	2	0	16	77	4	24	30784	832	576	4	1	832,960
401	12561	1	1	5	1	2	3	0	14	94	5	24	29824	960	2688	3	2	960
401	12562	1	1	5	1	2	3	0	14	94	5	24	29824	960	2688	3	2	960
401	12564	1	1	5	1	2	3	0	16	86	4	24	29824	960	2688	3	2	960
401	12568	1	1	5	1	2	3	0	16	86	4	24	29824	960	2688	3	2	960
401	12577	1	1	5	1	2	3	0	14	94	5	24	29824	960	2688	3	2	960
401	12578	1	1	5	1	2	3	0	14	94	5	24	29824	960	2688	3	2	960
401	12580	1	1	5	1	2	3	0	16	86	4	24	29824	960	2688	3	2	960
401	12584	1	1	5	1	2	3	0	16	86	4	24	29824	960	2688	3	2	960
401	12592	1	2	5	1	1	2	0	16	77	4	24	29824	704	640	4	1	704,960
401	12609	1	1	5	1	2	2	0	15	94	5	25	30784	960	1536	3	2	960
401	12610	1	1	5	1	2	2	0	15	94	5	25	30784	960	1536	3	2	960
401	12612	1	3	5	1	1	1	0	17	77	4	25	30784	832	512	4	1	832,836,960
401	12616	1	3	5	1	1	1	0	17	77	4	25	30784	832	512	4	1	832,836,960
401	12624	1	1	5	1	1	2	0	17	77	4	25	30784	960	1536	3	2	960
401	12640	1	1	5	1	1	2	0	17	77	4	25	30784	960	1536	3	2	960
401	12673	1	1	5	1	2	2	0	15	94	5	25	29824	960	2560	3	2	960
401	12674	1	1	5	1	2	2	0	15	94	5	25	29824	960	2560	3	2	960
401	12676	1	1	5	1	1	2	0	17	77	4	25	29824	960	2560	3	2	960
401	12680	1	1	5	1	1	2	0	17	77	4	25	29824	960	2560	3	2	960
401	12688	1	3	5	1	1	1	0	17	77	4	25	29824	704	512	4	1	704,720,960
401	12704	1	3	5	1	1	1	0	17	77	4	25	29824	704	512	4	1	704,720,960
401	12736	1	2	5	1	1	1	0	18	75	4	26	29824	896	2048	4	1	896,960
401	12803	1	1	5	1	3	3	0	12	222	6	24	29824	960	2432	2	3	960
401	12805	1	1	5	1	2	3	0	14	94	5	24	29824	960	2432	2	3	960
401	12806	1	1	5	1	2	3	0	14	94	5	24	29824	960	2432	2	3	960
401	12809	1	1	5	1	2	3	0	14	94	5	24	29824	960	2432	2	3	960
401	12810	1	1	5	1	2	3	0	14	94	5	24	29824	960	2432	2	3	960
401	12812	1	2	5	1	1	2	0	16	77	4	24	30784	832	320	4	1	832,960
401	12817	1	1	5	1	2	3	0	14	94	5	24	29824	960	2432	3	2	960
401	12818	1	1	5	1	2	3	0	14	94	5	24	29824	960	2432	3	2	960
401	12820	1	1	5	1	2	3	0	16	86	4	24	29824	960	2432	3	2	960
401	12824	1	1	5	1	2	3	0	16	86	4	24	29824	960	2432	3	2	960
401	12833	1	1	5	1	2	3	0	14	94	5	24	29824	960	2432	3	2	960
401	12834	1	1	5	1	2	3	0	14	94	5	24	29824	960	2432	3	2	960
401	12836	1	1	5	1	2	3	0	16	86	4	24	29824	960	2432	3	2	960
401	12840	1	1	5	1	2	3	0	16	86	4	24	29824	960	2432	3	2	960
401	12848	1	2	5	1	1	2	0	16	77	4	24	29824	704	384	4	1	704,960
401	12865	1	1	5	1	2	2	0	15	94	5	25	30784	960	1280	3	2	960
401	12866	1	1	5	1	2	2	0	15	94	5	25	30784	960	1280	3	2	960
401	12868	1	3	5	1	1	1	0	17	77	4	25	30784	832	256	4	1	832,836,960
401	12872	1	3	5	1	1	1	0	17	77	4	25	30784	832	256	4	1	832,836,960
401	12880	1	1	5	1	1	2	0	17	77	4	25	30784	960	1280	3	2	960
401	12896	1	1	5	1	1	2	0	17	77	4	25	30784	960	1280	3	2	960
401	12929	1	1	5	1	2	2	0	15	94	5	25	29824	960	2304	3	2	960
401	12930	1	1	5	1	2	2	0	15	94	5	25	29824	960	2304	3	2	960
401	12932	1	1	5	1	1	2	0	17	77	4	25	29824	960	2304	3	2	960
401	12936	1	1	5	1	1	2	0	17	77	4	25	29824	960	2304	3	2	960
401	12944	1	3	5	1	1	1	0	17	77	4	25	29824	704	256	4	1	704,720,960
401	12960	1	3	5	1	1	1	0	17	77	4	25	29824	704	256	4	1	704,720,960
401	12992	1	2	5	1	1	1	0	18	75	4	26	29824	896	2048	4	1	896,960
401	13057	1	1	5	1	2	2	0	13	222	6	25	29824	896	2176	3	2	896
401	13058	1	1	5	1	2	2	0	13	222	6	25	29824	896	2176	3	2	896
401	13060	1	1	5	1	1	2	0	15	94	5	25	29824	896	2176	3	2	896
401	13064	1	1	5	1	1	2	0	15	94	5	25	29824	896	2176	3	2	896
401	13072	1	1	5	1	1	2	0	15	94	5	25	29824	896	2176	4	1	896
401	13088	1	1	5	1	1	2	0	15	94	5	25	29824	896	2176	4	1	896
401	13120	1	1	5	1	1	1	0	14	222	6	26	30784	896	1024	4	1	896
401	13184	1	1	5	1	1	1	0	14	222	6	26	29824	896	2048	4	1	896
401	13315	0	1	6	0	3	3	0	15	94	5	25	30784	960	832	3	3	960
401	13317	0	1	6	0	3	3	0	17	236	5	25	30784	960	832	3	3	960
401	13318	0	1	6	0	3	3	0	17	236	5	25	30784	960	832	3	3	960
401	13321	0	1	6	0	3	3	0	17	236	5	25	30784	960	832	3	3	960
401	13322	0	1	6	0	3	3	0	17	236	5	25	30784	960	832	3	3	960
401	13324	0	1	6	0	3	3	0	15	94	5	25	30784	960	832	3	3	960
401	13329	0	1	6	0	3	3	0	17	77	4	25	30784	960	832	3	3	960
401	13330	0	1	6	0	3	3	0	17	77	4	25	30784	960	832	3	3	960
401	13332	0	1	6	0	3	3	0	17	86	4	25	30784	960	832	3	3	960
401	13336	0	1	6	0	3	3	0	17	86	4	25	30784	960	832	3	3	960
401	13345	0	1	6	0	3	3	0	17	77	4	25	30784	960	832	3	3	960
401	13346	0	1	6	0	3	3	0	17	77	4	25	30784	960	832	3	3	960
401	13348	0	1	6	0	3	3	0	17	86	4	25	30784	960	832	3	3	960
401	13352	0	1	6	0	3	3	0	17	86	4	25	30784	960	832	3	3	960
401	13360	0	1	6	0	2	3	0	19	11	3	25	30784	960	832	3	3	960
401	13377	0	1	6	0	2	2	0	18	86	4	26	30784	960	768	4	2	960
401	13378	0	1	6	0	2	2	0	18	86	4	26	30784	960	768	4	2	960
401	13380	0	1	6	0	2	2	0	18	77	4	26	30784	960	768	4	2	960
401	13384	0	1	6	0	2	2	0	18	77	4	26	30784	960	768	4	2	960
401	13392	0	1	6	0	2	2	0	20	13	3	26	30784	960	768	4	2	960
401	13408	0	1	6	0	2	2	0	20	13	3	26	30784	960	768	4	2	960
401	13441	0	1	6	0	1	3	0	20	13	3	26	29824	960	2816	2	4	960
401	13442	0	1	6	0	1	3	0	20	13	3	26	29824	960	2816	2	4	960
401	13444	0	1	6	0	1	3	0	20	13	3	26	29824	960	2816	2	4	960
401	13448	0	1	6	0	1	3	0	20	13	3	26	29824	960	2816	2	4	960
401	13456	0	1	6	0	1	3	0	22	3	2	26	29824	960	2816	3	3	960
401	13472	0	1	6	0	1	3	0	22	3	2	26	29824	960	2816	3	3	960
401	13504	0	4	6	0	0	0	2	23	3	2	27	30784	768	0	6	0	768,832,896,960
401	13569	0	1	6	0	2	2	0	16	94	5	26	30784	896	576	4	2	896
401	13570	0	1	6	0	2	2	0	16	94	5	26	30784	896	576	4	2	896
401	13572	0	1	6	0	2	2	0	18	236	5	26	30784	896	576	4	2	896
401	13576	0	1	6	0	2	2	0	18	236	5	26	30784	896	576	4	2	896
401	13584	0	1	6	0	2	2	0	18	77	4	26	30784	896	576	4	2	896
401	13600	0	1	6	0	2	2	0	18	77	4	26	30784	896	576	4	2	896
401	13632	0	1	6	0	1	1	0	17	94	5	27	30784	896	512	5	1	896
401	13696	0	1	6	0	1	2	0	19	77	4	27	29824	896	2560	3	3	896
401	13825	0	1	6	0	2	2	0	16	94	5	26	30784	896	320	4	2	896
401	13826	0	1	6	0	2	2	0	16	94	5	26	30784	896	320	4	2	896
401	13828	0	1	6	0	2	2	0	18	236	5	26	30784	896	320	4	2	896
401	13832	0	1	6	0	2	2	0	18	236	5	26	30784	896	320	4	2	896
401	13840	0	1	6	0	2	2	0	18	77	4	26	30784	896	320	4	2	896
401	13856	0	1	6	0	2	2	0	18	77	4	26	30784	896	320	4	2	896
401	13888	0	1	6	0	1	1	0	17	94	5	27	30784	896	256	5	1	896
401	13952	0	1	6	0	1	2	0	19	77	4	27	29824	896	2304	3	3	896
401	14080	0	1	6	0	1	1	0	17	94	5	27	30784	768	64	5	1	768
401	14339	0	1	6	0	3	3	0	15	94	5	25	29824	960	896	3	3	960
401	14341	0	1	6	0	3	3	0	17	77	4	25	29824	960	896	3	3	960
401	14342	0	1	6	0	3	3	0	17	77	4	25	29824	960	896	3	3	960
401	14345	0	1	6	0	3	3	0	17	77	4	25	29824	960	896	3	3	960
401	14346	0	1	6	0	3	3	0	17	77	4	25	29824	960	896	3	3	960
401	14348	0	1	6	0	2	3	0	19	11	3	25	29824	960	896	3	3	960
401	14353	0	1	6	0	3	3	0	17	236	5	25	29824	960	896	3	3	960
401	14354	0	1	6	0	3	3	0	17	236	5	25	29824	960	896	3	3	960
401	14356	0	1	6	0	3	3	0	17	86	4	25	29824	960	896	3	3	960
401	14360	0	1	6	0	3	3	0	17	86	4	25	29824	960	896	3	3	960
401	14369	0	1	6	0	3	3	0	17	236	5	25	29824	960	896	3	3	960
401	14370	0	1	6	0	3	3	0	17	236	5	25	29824	960	896	3	3	960
401	14372	0	1	6	0	3	3	0	17	86	4	25	29824	960	896	3	3	960
401	14376	0	1	6	0	3	3	0	17	86	4	25	29824	960	896	3	3	960
401	14384	0	1	6	0	3	3	0	15	94	5	25	29824	960	896	3	3	960
401	14401	0	1	6	0	1	3	0	20	13	3	26	29824	960	896	5	1	960
401	14402	0	1	6	0	1	3	0	20	13	3	26	29824	960	896	5	1	960
401	14404	0	1	6	0	1	3	0	22	3	2	26	29824	960	896	5	1	960
401	14408	0	1	6	0	1	3	0	22	3	2	26	29824	960	896	5	1	960
401	14416	0	1	6	0	1	3	0	20	13	3	26	29824	960	896	5	1	960
401	14432	0	1	6	0	1	3	0	20	13	3	26	29824	960	896	5	1	960
401	14465	0	1	6	0	2	2	0	18	86	4	26	29824	960	768	4	2	960
401	14466	0	1	6	0	2	2	0	18	86	4	26	29824	960	768	4	2	960
401	14468	0	1	6	0	2	2	0	20	13	3	26	29824	960	768	4	2	960
401	14472	0	1	6	0	2	2	0	20	13	3	26	29824	960	768	4	2	960
401	14480	0	1	6	0	2	2	0	18	77	4	26	29824	960	768	4	2	960
401	14496	0	1	6	0	2	2	0	18	77	4	26	29824	960	768	4	2	960
401	14528	0	4	6	0	0	0	2	23	3	2	27	29824	768	0	6	0	768,832,896,960
401	14593	0	1	6	0	2	2	0	16	94	5	26	29824	896	640	4	2	896
401	14594	0	1	6	0	2	2	0	16	94	5	26	29824	896	640	4	2	896
401	14596	0	1	6	0	2	2	0	18	77	4	26	29824	896	640	4	2	896
401	14600	0	1	6	0	2	2	0	18	77	4	26	29824	896	640	4	2	896
401	14608	0	1	6	0	2	2	0	18	236	5	26	29824	896	640	4	2	896
401	14624	0	1	6	0	2	2	0	18	236	5	26	29824	896	640	4	2	896
401	14656	0	1	6	0	1	2	0	19	77	4	27	29824	896	640	5	1	896
401	14720	0	1	6	0	1	1	0	17	94	5	27	29824	896	512	5	1	896
401	14849	0	1	6	0	2	2	0	16	94	5	26	29824	896	384	4	2	896
401	14850	0	1	6	0	2	2	0	16	94	5	26	29824	896	384	4	2	896
401	14852	0	1	6	0	2	2	0	18	77	4	26	29824	896	384	4	2	896
401	14856	0	1	6	0	2	2	0	18	77	4	26	29824	896	384	4	2	896
401	14864	0	1	6	0	2	2	0	18	236	5	26	29824	896	384	4	2	896
401	14880	0	1	6	0	2	2	0	18	236	5	26	29824	896	384	4	2	896
401	14912	0	1	6	0	1	2	0	19	77	4	27	29824	896	384	5	1	896
401	14976	0	1	6	0	1	1	0	17	94	5	27	29824	896	256	5	1	896
401	15104	0	1	6	0	1	1	0	17	94	5	27	29824	768	128	5	1	768
401	15361	0	1	6	0	2	3	0	19	236	5	27	29824	896	896	3	3	896
401	15362	0	1	6	0	2	3	0	19	236	5	27	29824	896	896	3	3	896
401	15364	0	1	6	0	2	3	0	17	94	5	27	29824	896	896	3	3	896
401	15368	0	1	6	0	2	3	0	17	94	5	27	29824	896	896	3	3	896
401	15376	0	1	6	0	2	3	0	17	94	5	27	29824	896	896	3	3	896
401	15392	0	1	6	0	2	3	0	17	94	5	27	29824	896	896	3	3	896
401	15424	0	1	6	0	1	2	0	20	77	4	28	30784	896	768	4	2	896
401	15488	0	1	6	0	1	2	0	20	77	4	28	29824	896	768	4	2	896
401	15616	0	1	6	0	2	2	0	20	236	5	28	29824	768	640	4	2	768
401	15872	0	1	6	0	2	2	0	20	236	5	28	29824	768	384	4	2	768
401	16399	2	1	4	1	0	0	1	12	75	4	20	30912	908	0	4	0	908
401	16407	3	10	3	1	0	0	2	12	75	4	20	29888	844	0	3	0	114,240,242,590,626,780,782,844,846,908
401	16411	3	10	3	1	0	0	2	12	75	4	20	29888	844	0	3	0	114,240,242,590,626,780,782,844,846,908
401	16413	2	3	4	1	0	0	1	12	75	4	20	30912	908	0	4	0	780,782,908
401	16414	2	3	4	1	0	0	1	12	75	4	20	30912	908	0	4	0	780,782,908
401	16423	3	10	3	1	0	0	2	12	75	4	20	29888	844	0	3	0	114,240,242,590,626,780,782,844,846,908
401	16427	3	10	3	1	0	0	2	12	75	4	20	29888	844	0	3	0	114,240,242,590,626,780,782,844,846,908
401	16429	2	3	4	1	0	0	1	12	75	4	20	30912	908	0	4	0	780,782,908
401	16430	2	3	4	1	0	0	1	12	75	4	20	30912	908	0	4	0	780,782,908
401	16435	2	1	4	1	0	0	1	12	75	4	20	29888	844	0	4	0	844
401	16437	2	3	4	1	0	0	1	12	75	4	20	29888	844	0	4	0	780,782,844
401	16438	2	3	4	1	0	0	1	12	75	4	20	29888	844	0	4	0	780,782,844
401	16441	2	3	4	1	0	0	1	12	75	4	20	29888	844	0	4	0	780,782,844
401	16442	2	3	4	1	0	0	1	12	75	4	20	29888	844	0	4	0	780,782,844
401	16444	1	1	5	1	1	1	0	12	75	4	20	29888	780	1024	4	1	780
401	16455	2	1	4	1	1	3	0	13	75	4	21	29824	590	4144	3	1	590
401	16459	2	1	4	1	1	3	0	13	75	4	21	29824	590	4144	3	1	590
401	16461	2	1	4	1	0	0	1	13	75	4	21	30912	904	0	4	0	904
401	16462	2	1	4	1	0	0	1	13	75	4	21	30912	904	0	4	0	904
401	16467	2	3	4	1	0	0	2	13	75	4	21	29824	840	0	4	0	588,840,844
401	16469	2	2	4	1	0	0	2	13	75	4	21	29824	840	0	4	0	840,844
401	16470	2	2	4	1	0	0	2	13	75	4	21	29824	840	0	4	0	840,844
401	16473	2	2	4	1	0	0	2	13	75	4	21	29824	840	0	4	0	840,844
401	16474	2	2	4	1	0	0	2	13	75	4	21	29824	840	0	4	0	840,844
401	16476	2	5	4	1	0	0	3	13	75	4	21	29824	840	0	4	0	776,780,840,844,904
401	16483	2	3	4	1	0	0	2	13	75	4	21	29824	840	0	4	0	588,840,844
401	16485	2	2	4	1	0	0	2	13	75	4	21	29824	840	0	4	0	840,844
401	16486	2	2	4	1	0	0	2	13	75	4	21	29824	840	0	4	0	840,844
401	16489	2	2	4	1	0	0	2	13	75	4	21	29824	840	0	4	0	840,844
401	16490	2	2	4	1	0	0	2	13	75	4	21	29824	840	0	4	0	840,844
401	16492	2	5	4	1	0	0	3	13	75	4	21	29824	840	0	4	0	776,780,840,844,904
401	16497	1	1	5	1	0	0	2	13	75	4	21	29824	840	0	5	0	840
401	16498	1	1	5	1	0	0	2	13	75	4	21	29824	840	0	5	0	840
401	16500	1	1	5	1	0	0	2	13	75	4	21	29824	840	0	5	0	840
401	16504	1	1	5	1	0	0	2	13	75	4	21	29824	840	0	5	0	840
401	16519	2	3	4	1	0	0	2	13	75	4	21	30784	904	0	4	0	118,630,904
401	16523	2	3	4	1	0	0	2	13	75	4	21	30784	904	0	4	0	118,630,904
401	16525	1	1	5	1	0	0	2	13	75	4	21	30784	904	0	5	0	904
401	16526	1	1	5	1	0	0	2	13	75	4	21	30784	904	0	5	0	904
401	16531	2	1	4	1	1	3	0	13	75	4	21	30784	395	8204	3	1	628
401	16533	2	2	4	1	0	0	2	13	75	4	21	30784	904	0	4	0	904,906
401	16534	2	2	4	1	0	0	2	13	75	4	21	30784	904	0	4	0	904,906
401	16537	2	2	4	1	0	0	2	13	75	4	21	30784	904	0	4	0	904,906
401	16538	2	2	4	1	0	0	2	13	75	4	21	30784	904	0	4	0	904,906
401	16540	1	1	5	1	0	0	2	13	75	4	21	30784	904	0	5	0	904
401	16547	2	1	4	1	1	3	0	13	75	4	21	30784	395	8204	3	1	628
401	16549	2	2	4	1	0	0	2	13	75	4	21	30784	904	0	4	0	904,906
401	16550	2	2	4	1	0	0	2	13	75	4	21	30784	904	0	4	0	904,906
401	16553	2	2	4	1	0	0	2	13	75	4	21	30784	904	0	4	0	904,906
401	16554	2	2	4	1	0	0	2	13	75	4	21	30784	904	0	4	0	904,906
401	16556	1	1	5	1	0	0	2	13	75	4	21	30784	904	0	5	0	904
401	16561	2	1	4	1	0	0	1	13	75	4	21	29888	840	0	4	0	840
401	16562	2	1	4	1	0	0	1	13	75	4	21	29888	840	0	4	0	840
401	16564	2	5	4	1	0	0	3	13	75	4	21	29888	840	0	4	0	776,780,840,904,908
401	16568	2	5	4	1	0	0	3	13	75	4	21	29888	840	0	4	0	776,780,840,904,908
401	16579	2	4	4	1	1	3	0	14	75	4	22	29824	588	4144	3	1	588,604,620,636
401	16581	2	2	4	1	0	0	2	14	75	4	22	30784	896	0	4	0	896,898
401	16582	2	2	4	1	0	0	2	14	75	4	22	30784	896	0	4	0	896,898
401	16585	2	2	4	1	0	0	2	14	75	4	22	30784	896	0	4	0	896,898
401	16586	2	2	4	1	0	0	2	14	75	4	22	30784	896	0	4	0	896,898
401	16588	1	1	5	1	0	0	2	14	75	4	22	30784	896	0	5	0	896
401	16593	2	2	4	1	0	0	2	14	75	4	22	29824	832	0	4	0	832,840
401	16594	2	2	4	1	0	0	2	14	75	4	22	29824	832	0	4	0	832,840
401	16596	2	4	4	1	0	0	4	14	75	4	22	29824	832	0	4	0	832,840,896,900
401	16600	2	4	4	1	0	0	4	14	75	4	22	29824	832	0	4	0	832,840,896,900
401	16609	2	2	4	1	0	0	2	14	75	4	22	29824	832	0	4	0	832,840
401	16610	2	2	4	1	0	0	2	14	75	4	22	29824	832	0	4	0	832,840
401	16612	2	4	4	1	0	0	4	14	75	4	22	29824	832	0	4	0	832,840,896,900
401	16616	2	4	4	1	0	0	4	14	75	4	22	29824	832	0	4	0	832,840,896,900
401	16624	1	1	5	1	0	0	2	14	75	4	22	29824	832	0	5	0	832
401	16647	2	4	4	1	1	2	0	15	11	3	21	30784	393	8200	3	1	598,606,614,630
401	16651	2	4	4	1	1	2	0	15	11	3	21	30784	393	8196	3	1	598,606,614,630
401	16653	2	2	4	1	0	0	2	15	11	3	21	30784	904	0	4	0	904,920
401	16654	2	2	4	1	0	0	2	15	11	3	21	30784	904	0	4	0	904,920
401	16659	2	4	4	1	1	2	0	15	11	3	21	29824	596	4128	3	1	596,604,612,628
401	16661	3	20	3	1	0	0	4	15	11	3	21	29824	848	0	3	0	394,410,418,426,596,604,612,628,792,794,796,798,848,852,856,860,904,906,920,922
401	16662	3	20	3	1	0	0	4	15	11	3	21	29824	848	0	3	0	394,410,418,426,596,604,612,628,792,794,796,798,848,852,856,860,904,906,920,922
401	16665	3	20	3	1	0	0	4	15	11	3	21	29824	848	0	3	0	394,410,418,426,596,604,612,628,792,794,796,798,848,852,856,860,904,906,920,922
401	16666	3	20	3	1	0	0	4	15	11	3	21	29824	848	0	3	0	394,410,418,426,596,604,612,628,792,794,796,798,848,852,856,860,904,906,920,922
401	16668	2	4	4	1	0	0	2	15	11	3	21	30784	904	0	4	0	792,796,904,920
401	16675	2	4	4	1	1	2	0	15	11	3	21	29824	596	4112	3	1	596,604,612,628
401	16677	3	20	3	1	0	0	4	15	11	3	21	29824	848	0	3	0	394,410,418,426,596,604,612,628,792,794,796,798,848,852,856,860,904,906,920,922
401	16678	3	20	3	1	0	0	4	15	11	3	21	29824	848	0	3	0	394,410,418,426,596,604,612,628,792,794,796,798,848,852,856,860,904,906,920,922
401	16681	3	20	3	1	0	0	4	15	11	3	21	29824	848	0	3	0	394,410,418,426,596,604,612,628,792,794,796,798,848,852,856,860,904,906,920,922
401	16682	3	20	3	1	0	0	4	15	11	3	21	29824	848	0	3	0	394,410,418,426,596,604,612,628,792,794,796,798,848,852,856,860,904,906,920,922
401	16684	2	4	4	1	0	0	2	15	11	3	21	30784	904	0	4	0	792,796,904,920
401	16689	2	2	4	1	0	0	2	15	11	3	21	29824	848	0	4	0	848,856
401	16690	2	2	4	1	0	0	2	15	11	3	21	29824	848	0	4	0	848,856
401	16692	2	4	4	1	0	0	2	15	11	3	21	29824	848	0	4	0	792,796,848,856
401	16696	2	4	4	1	0	0	2	15	11	3	21	29824	848	0	4	0	792,796,848,856
401	16707	1	1	5	1	2	3	0	14	77	4	22	29824	604	4144	3	2	604
401	16709	2	2	4	1	1	3	0	14	77	4	22	29824	604	4144	3	1	418,604
401	16710	2	2	4	1	1	3	0	14	77	4	22	29824	604	4144	3	1	418,604
401	16713	2	2	4	1	1	3	0	14	77	4	22	29824	604	4144	3	1	418,604
401	16714	2	2	4	1	1	3	0	14	77	4	22	29824	604	4144	3	1	418,604
401	16716	2	2	4	1	0	0	2	14	77	4	22	30784	896	0	4	0	896,912
401	16721	2	4	4	1	0	0	2	14	77	4	22	29824	848	0	4	0	422,600,848,856
401	16722	2	4	4	1	0	0	2	14	77	4	22	29824	848	0	4	0	422,600,848,856
401	16724	2	2	4	1	0	0	2	14	77	4	22	29824	848	0	4	0	848,856
401	16728	2	2	4	1	0	0	2	14	77	4	22	29824	848	0	4	0	848,856
401	16737	2	4	4	1	0	0	2	14	77	4	22	29824	848	0	4	0	422,600,848,856
401	16738	2	4	4	1	0	0	2	14	77	4	22	29824	848	0	4	0	422,600,848,856
401	16740	2	2	4	1	0	0	2	14	77	4	22	29824	848	0	4	0	848,856
401	16744	2	2	4	1	0	0	2	14	77	4	22	29824	848	0	4	0	848,856
401	16752	1	1	5	1	0	0	2	14	77	4	22	29824	848	0	5	0	848
401	16771	1	1	5	1	2	3	0	14	77	4	22	30784	403	8204	3	2	620
401	16773	2	4	4	1	0	0	2	14	77	4	22	30784	912	0	4	0	402,620,912,914
401	16774	2	4	4	1	0	0	2	14	77	4	22	30784	912	0	4	0	402,620,912,914
401	16777	2	4	4	1	0	0	2	14	77	4	22	30784	912	0	4	0	402,620,912,914
401	16778	2	4	4	1	0	0	2	14	77	4	22	30784	912	0	4	0	402,620,912,914
401	16780	1	1	5	1	0	0	2	14	77	4	22	30784	912	0	5	0	912
401	16785	2	2	4	1	1	3	0	14	77	4	22	29824	616	4640	3	1	406,616
401	16786	2	2	4	1	1	3	0	14	77	4	22	29824	616	4640	3	1	406,616
401	16788	2	2	4	1	0	0	2	14	77	4	22	30784	912	0	4	0	912,916
401	16792	2	2	4	1	0	0	2	14	77	4	22	30784	912	0	4	0	912,916
401	16801	2	2	4	1	1	3	0	14	77	4	22	29824	616	4624	3	1	406,616
401	16802	2	2	4	1	1	3	0	14	77	4	22	29824	616	4624	3	1	406,616
401	16804	2	2	4	1	0	0	2	14	77	4	22	30784	912	0	4	0	912,916
401	16808	2	2	4	1	0	0	2	14	77	4	22	30784	912	0	4	0	912,916
401	16816	2	2	4	1	0	0	2	14	77	4	22	29824	832	0	4	0	832,848
401	16833	2	4	4	1	1	3	0	13	94	5	23	29824	600	4144	3	1	390,422,600,632
401	16834	2	4	4	1	1	3	0	13	94	5	23	29824	600	4144	3	1	390,422,600,632
401	16836	2	2	4	1	0	0	2	13	94	5	23	30784	896	0	4	0	896,900
401	16840	2	2	4	1	0	0	2	13	94	5	23	30784	896	0	4	0	896,900
401	16848	2	2	4	1	0	0	2	13	94	5	23	29824	832	0	4	0	832,848
401	16864	2	2	4	1	0	0	2	13	94	5	23	29824	832	0	4	0	832,848
401	16903	2	4	4	1	1	2	0	15	11	3	21	30784	393	8200	3	1	598,606,614,630
401	16907	2	4	4	1	1	2	0	15	11	3	21	30784	393	8196	3	1	598,606,614,630
401	16909	2	2	4	1	0	0	2	15	11	3	21	30784	904	0	4	0	904,920
401	16910	2	2	4	1	0	0	2	15	11	3	21	30784	904	0	4	0	904,920
401	16915	2	4	4	1	1	2	0	15	11	3	21	29824	596	4128	3	1	596,604,612,628
401	16917	3	20	3	1	0	0	4	15	11	3	21	29824	848	0	3	0	394,410,418,426,596,604,612,628,792,794,796,798,848,852,856,860,904,906,920,922
401	16918	3	20	3	1	0	0	4	15	11	3	21	29824	848	0	3	0	394,410,418,426,596,604,612,628,792,794,796,798,848,852,856,860,904,906,920,922
401	16921	3	20	3	1	0	0	4	15	11	3	21	29824	848	0	3	0	394,410,418,426,596,604,612,628,792,794,796,798,848,852,856,860,904,906,920,922
401	16922	3	20	3	1	0	0	4	15	11	3	21	29824	848	0	3	0	394,410,418,426,596,604,612,628,792,794,796,798,848,852,856,860,904,906,920,922
401	16924	2	4	4	1	0	0	2	15	11	3	21	30784	904	0	4	0	792,796,904,920
401	16931	2	4	4	1	1	2	0	15	11	3	21	29824	596	4112	3	1	596,604,612,628
401	16933	3	20	3	1	0	0	4	15	11	3	21	29824	848	0	3	0	394,410,418,426,596,604,612,628,792,794,796,798,848,852,856,860,904,906,920,922
401	16934	3	20	3	1	0	0	4	15	11	3	21	29824	848	0	3	0	394,410,418,426,596,604,612,628,792,794,796,798,848,852,856,860,904,906,920,922
401	16937	3	20	3	1	0	0	4	15	11	3	21	29824	848	0	3	0	394,410,418,426,596,604,612,628,792,794,796,798,848,852,856,860,904,906,920,922
401	16938	3	20	3	1	0	0	4	15	11	3	21	29824	848	0	3	0	394,410,418,426,596,604,612,628,792,794,796,798,848,852,856,860,904,906,920,922
401	16940	2	4	4	1	0	0	2	15	11	3	21	30784	904	0	4	0	792,796,904,920
401	16945	2	2	4	1	0	0	2	15	11	3	21	29824	848	0	4	0	848,856
401	16946	2	2	4	1	0	0	2	15	11	3	21	29824	848	0	4	0	848,856
401	16948	2	4	4	1	0	0	2	15	11	3	21	29824	848	0	4	0	792,796,848,856
401	16952	2	4	4	1	0	0	2	15	11	3	21	29824	848	0	4	0	792,796,848,856
401	16963	1	1	5	1	2	3	0	14	77	4	22	29824	604	4144	3	2	604
401	16965	2	2	4	1	1	3	0	14	77	4	22	29824	604	4144	3	1	418,604
401	16966	2	2	4	1	1	3	0	14	77	4	22	29824	604	4144	3	1	418,604
401	16969	2	2	4	1	1	3	0	14	77	4	22	29824	604	4144	3	1	418,604
401	16970	2	2	4	1	1	3	0	14	77	4	22	29824	604	4144	3	1	418,604
401	16972	2	2	4	1	0	0	2	14	77	4	22	30784	896	0	4	0	896,912
401	16977	2	4	4	1	0	0	2	14	77	4	22	29824	848	0	4	0	422,600,848,856
401	16978	2	4	4	1	0	0	2	14	77	4	22	29824	848	0	4	0	422,600,848,856
401	16980	2	2	4	1	0	0	2	14	77	4	22	29824	848	0	4	0	848,856
401	16984	2	2	4	1	0	0	2	14	77	4	22	29824	848	0	4	0	848,856
401	16993	2	4	4	1	0	0	2	14	77	4	22	29824	848	0	4	0	422,600,848,856
401	16994	2	4	4	1	0	0	2	14	77	4	22	29824	848	0	4	0	422,600,848,856
401	16996	2	2	4	1	0	0	2	14	77	4	22	29824	848	0	4	0	848,856
401	17000	2	2	4	1	0	0	2	14	77	4	22	29824	848	0	4	0	848,856
401	17008	1	1	5	1	0	0	2	14	77	4	22	29824	848	0	5	0	848
401	17027	1	1	5	1	2	3	0	14	77	4	22	30784	403	8204	3	2	620
401	17029	2	4	4	1	0	0	2	14	77	4	22	30784	912	0	4	0	402,620,912,914
401	17030	2	4	4	1	0	0	2	14	77	4	22	30784	912	0	4	0	402,620,912,914
401	17033	2	4	4	1	0	0	2	14	77	4	22	30784	912	0	4	0	402,620,912,914
401	17034	2	4	4	1	0	0	2	14	77	4	22	30784	912	0	4	0	402,620,912,914
401	17036	1	1	5	1	0	0	2	14	77	4	22	30784	912	0	5	0	912
401	17041	2	2	4	1	1	3	0	14	77	4	22	29824	616	4384	3	1	406,616
401	17042	2	2	4	1	1	3	0	14	77	4	22	29824	616	4384	3	1	406,616
401	17044	2	2	4	1	0	0	2	14	77	4	22	30784	912	0	4	0	912,916
401	17048	2	2	4	1	0	0	2	14	77	4	22	30784	912	0	4	0	912,916
401	17057	2	2	4	1	1	3	0	14	77	4	22	29824	616	4368	3	1	406,616
401	17058	2	2	4	1	1	3	0	14	77	4	22	29824	616	4368	3	1	406,616
401	17060	2	2	4	1	0	0	2	14	77	4	22	30784	912	0	4	0	912,916
401	17064	2	2	4	1	0	0	2	14	77	4	22	30784	912	0	4	0	912,916
401	17072	2	2	4	1	0	0	2	14	77	4	22	29824	832	0	4	0	832,848
401	17089	2	4	4	1	1	3	0	13	94	5	23	29824	600	4144	3	1	390,422,600,632
401	17090	2	4	4	1	1	3	0	13	94	5	23	29824	600	4144	3	1	390,422,600,632
401	17092	2	2	4	1	0	0	2	13	94	5	23	30784	896	0	4	0	896,900
401	17096	2	2	4	1	0	0	2	13	94	5	23	30784	896	0	4	0	896,900
401	17104	2	2	4	1	0	0	2	13	94	5	23	29824	832	0	4	0	832,848
401	17120	2	2	4	1	0	0	2	13	94	5	23	29824	832	0	4	0	832,848
401	17155	0	1	6	0	3	3	0	18	3	2	22	29824	620	4144	3	3	620
401	17157	1	2	5	1	1	2	0	18	3	2	22	30784	402	8200	4	1	402,620
401	17158	1	2	5	1	1	2	0	18	3	2	22	30784	402	8200	4	1	402,620
401	17161	1	2	5	1	1	2	0	18	3	2	22	30784	402	8196	4	1	402,620
401	17162	1	2	5	1	1	2	0	18	3	2	22	30784	402	8196	4	1	402,620
401	17164	1	1	5	1	0	0	1	18	3	2	22	30784	912	0	5	0	912
401	17169	1	2	5	1	1	2	0	18	3	2	22	29824	616	4128	4	1	406,616
401	17170	1	2	5	1	1	2	0	18	3	2	22	29824	616	4128	4	1	406,616
401	17172	2	8	4	1	0	0	2	18	3	2	22	29824	864	0	4	0	404,406,616,618,864,872,912,916
401	17176	2	8	4	1	0	0	2	18	3	2	22	29824	864	0	4	0	404,406,616,618,864,872,912,916
401	17185	1	2	5	1	1	2	0	18	3	2	22	29824	616	4112	4	1	406,616
401	17186	1	2	5	1	1	2	0	18	3	2	22	29824	616	4112	4	1	406,616
401	17188	2	8	4	1	0	0	2	18	3	2	22	29824	864	0	4	0	404,406,616,618,864,872,912,916
401	17192	2	8	4	1	0	0	2	18	3	2	22	29824	864	0	4	0	404,406,616,618,864,872,912,916
401	17200	1	1	5	1	0	0	1	18	3	2	22	29824	864	0	5	0	864
401	17217	1	2	5	1	2	3	0	15	77	4	23	29824	632	4144	3	2	390,632
401	17218	1	2	5	1	2	3	0	15	77	4	23	29824	632	4144	3	2	390,632
401	17220	2	6	4	1	0	0	1	15	77	4	23	30784	896	0	4	0	388,390,632,634,896,900
401	17224	2	6	4	1	0	0	1	15	77	4	23	30784	896	0	4	0	388,390,632,634,896,900
401	17232	2	6	4	1	0	0	2	15	77	4	23	29824	864	0	4	0	396,398,624,626,864,880
401	17248	2	6	4	1	0	0	2	15	77	4	23	29824	864	0	4	0	396,398,624,626,864,880
401	17281	1	2	5	1	2	3	0	15	77	4	23	29824	600	4144	3	2	422,600
401	17282	1	2	5	1	2	3	0	15	77	4	23	29824	600	4144	3	2	422,600
401	17284	2	6	4	1	0	0	2	15	77	4	23	30784	928	0	4	0	420,422,600,602,928,932
401	17288	2	6	4	1	0	0	2	15	77	4	23	30784	928	0	4	0	420,422,600,602,928,932
401	17296	2	6	4	1	0	0	1	15	77	4	23	29824	832	0	4	0	428,430,592,594,832,848
401	17312	2	6	4	1	0	0	1	15	77	4	23	29824	832	0	4	0	428,430,592,594,832,848
401	17344	2	4	4	1	1	3	0	12	222	6	24	29824	624	4144	3	1	396,398,624,626
401	17415	2	6	4	1	0	0	2	14	77	4	22	29888	792	0	4	0	542,792,794,796,798,920
401	17419	2	6	4	1	0	0	2	14	77	4	22	29888	792	0	4	0	542,792,794,796,798,920
401	17421	2	5	4	1	0	0	2	12	94	5	22	29888	792	0	4	0	792,794,796,798,920
401	17422	2	5	4	1	0	0	2	12	94	5	22	29888	792	0	4	0	792,794,796,798,920
401	17427	1	2	5	1	0	0	1	16	11	3	22	29888	792	0	5	0	792,796
401	17429	1	2	5	1	0	0	1	14	77	4	22	29888	792	0	5	0	792,796
401	17430	1	2	5	1	0	0	1	14	77	4	22	29888	792	0	5	0	792,796
401	17433	1	2	5	1	0	0	1	14	77	4	22	29888	792	0	5	0	792,796
401	17434	1	2	5	1	0	0	1	14	77	4	22	29888	792	0	5	0	792,796
401	17436	1	2	5	1	0	0	1	12	94	5	22	29888	792	0	5	0	792,796
401	17443	1	2	5	1	0	0	1	16	11	3	22	29888	792	0	5	0	792,796
401	17445	1	2	5	1	0	0	1	14	77	4	22	29888	792	0	5	0	792,796
401	17446	1	2	5	1	0	0	1	14	77	4	22	29888	792	0	5	0	792,796
401	17449	1	2	5	1	0	0	1	14	77	4	22	29888	792	0	5	0	792,796
401	17450	1	2	5	1	0	0	1	14	77	4	22	29888	792	0	5	0	792,796
401	17452	1	2	5	1	0	0	1	12	94	5	22	29888	792	0	5	0	792,796
401	17457	0	1	6	0	0	0	1	16	11	3	22	29888	792	0	6	0	792
401	17458	0	1	6	0	0	0	1	16	11	3	22	29888	792	0	6	0	792
401	17460	0	1	6	0	0	0	1	14	77	4	22	29888	792	0	6	0	792
401	17464	0	1	6	0	0	0	1	14	77	4	22	29888	792	0	6	0	792
401	17475	2	6	4	1	0	0	3	15	77	4	23	29824	784	0	4	0	540,784,788,792,796,912
401	17477	2	5	4	1	0	0	3	13	94	5	23	29824	784	0	4	0	784,788,792,796,912
401	17478	2	5	4	1	0	0	3	13	94	5	23	29824	784	0	4	0	784,788,792,796,912
401	17481	2	5	4	1	0	0	3	13	94	5	23	29824	784	0	4	0	784,788,792,796,912
401	17482	2	5	4	1	0	0	3	13	94	5	23	29824	784	0	4	0	784,788,792,796,912
401	17484	2	5	4	1	0	0	3	11	222	6	23	29824	784	0	4	0	784,788,792,796,912
401	17489	1	2	5	1	0	0	2	15	77	4	23	29824	784	0	5	0	784,792
401	17490	1	2	5	1	0	0	2	15	77	4	23	29824	784	0	5	0	784,792
401	17492	1	2	5	1	0	0	2	13	94	5	23	29824	784	0	5	0	784,792
401	17496	1	2	5	1	0	0	2	13	94	5	23	29824	784	0	5	0	784,792
401	17505	1	2	5	1	0	0	2	15	77	4	23	29824	784	0	5	0	784,792
401	17506	1	2	5	1	0	0	2	15	77	4	23	29824	784	0	5	0	784,792
401	17508	1	2	5	1	0	0	2	13	94	5	23	29824	784	0	5	0	784,792
401	17512	1	2	5	1	0	0	2	13	94	5	23	29824	784	0	5	0	784,792
401	17520	0	1	6	0	0	0	2	15	77	4	23	29824	784	0	6	0	784
401	17539	1	1	5	1	0	0	2	17	11	3	23	30784	912	0	5	0	912
401	17541	1	1	5	1	0	0	2	15	77	4	23	30784	912	0	5	0	912
401	17542	1	1	5	1	0	0	2	15	77	4	23	30784	912	0	5	0	912
401	17545	1	1	5	1	0	0	2	15	77	4	23	30784	912	0	5	0	912
401	17546	1	1	5	1	0	0	2	15	77	4	23	30784	912	0	5	0	912
401	17548	1	1	5	1	0	0	2	13	94	5	23	30784	912	0	5	0	912
401	17553	1	3	5	1	0	0	3	17	11	3	23	29888	784	0	5	0	784,792,912
401	17554	1	3	5	1	0	0	3	17	11	3	23	29888	784	0	5	0	784,792,912
401	17556	1	3	5	1	0	0	3	15	77	4	23	29888	784	0	5	0	784,792,912
401	17560	1	3	5	1	0	0	3	15	77	4	23	29888	784	0	5	0	784,792,912
401	17569	1	3	5	1	0	0	3	17	11	3	23	29888	784	0	5	0	784,792,912
401	17570	1	3	5	1	0	0	3	17	11	3	23	29888	784	0	5	0	784,792,912
401	17572	1	3	5	1	0	0	3	15	77	4	23	29888	784	0	5	0	784,792,912
401	17576	1	3	5	1	0	0	3	15	77	4	23	29888	784	0	5	0	784,792,912
401	17584	0	1	6	0	0	0	1	17	11	3	23	29888	784	0	6	0	784
401	17601	1	1	5	1	0	0	2	16	77	4	24	30784	896	0	5	0	896
401	17602	1	1	5	1	0	0	2	16	77	4	24	30784	896	0	5	0	896
401	17604	1	1	5	1	0	0	2	14	94	5	24	30784	896	0	5	0	896
401	17608	1	1	5	1	0	0	2	14	94	5	24	30784	896	0	5	0	896
401	17616	1	3	5	1	0	0	4	16	77	4	24	29824	768	0	5	0	768,784,896
401	17632	1	3	5	1	0	0	4	16	77	4	24	29824	768	0	5	0	768,784,896
401	17667	1	1	5	1	1	3	0	19	3	2	23	29888	572	4144	4	1	572
401	17669	2	8	4	1	0	0	3	17	13	3	23	29888	816	0	4	0	450,572,816,820,824,828,912,944
401	17670	2	8	4	1	0	0	3	17	13	3	23	29888	816	0	4	0	450,572,816,820,824,828,912,944
401	17673	2	8	4	1	0	0	3	17	13	3	23	29888	816	0	4	0	450,572,816,820,824,828,912,944
401	17674	2	8	4	1	0	0	3	17	13	3	23	29888	816	0	4	0	450,572,816,820,824,828,912,944
401	17676	2	6	4	1	0	0	3	15	30	4	23	29888	816	0	4	0	816,820,824,828,912,944
401	17681	1	2	5	1	0	0	1	19	3	2	23	29888	816	0	5	0	816,824
401	17682	1	2	5	1	0	0	1	19	3	2	23	29888	816	0	5	0	816,824
401	17684	1	2	5	1	0	0	1	17	13	3	23	29888	816	0	5	0	816,824
401	17688	1	2	5	1	0	0	1	17	13	3	23	29888	816	0	5	0	816,824
401	17697	1	2	5	1	0	0	1	19	3	2	23	29888	816	0	5	0	816,824
401	17698	1	2	5	1	0	0	1	19	3	2	23	29888	816	0	5	0	816,824
401	17700	1	2	5	1	0	0	1	17	13	3	23	29888	816	0	5	0	816,824
401	17704	1	2	5	1	0	0	1	17	13	3	23	29888	816	0	5	0	816,824
401	17712	0	1	6	0	0	0	1	19	3	2	23	29888	816	0	6	0	816
401	17729	2	8	4	1	0	0	4	16	77	4	24	29824	800	0	4	0	454,568,800,808,816,824,896,928
401	17730	2	8	4	1	0	0	4	16	77	4	24	29824	800	0	4	0	454,568,800,808,816,824,896,928
401	17732	2	6	4	1	0	0	4	14	94	5	24	29824	800	0	4	0	800,808,816,824,896,928
401	17736	2	6	4	1	0	0	4	14	94	5	24	29824	800	0	4	0	800,808,816,824,896,928
401	17744	1	2	5	1	0	0	2	16	77	4	24	29824	800	0	5	0	800,816
401	17760	1	2	5	1	0	0	2	16	77	4	24	29824	800	0	5	0	800,816
401	17793	1	1	5	1	0	0	2	18	13	3	24	30784	928	0	5	0	928
401	17794	1	1	5	1	0	0	2	18	13	3	24	30784	928	0	5	0	928
401	17796	1	1	5	1	0	0	2	16	86	4	24	30784	928	0	5	0	928
401	17800	1	1	5	1	0	0	2	16	86	4	24	30784	928	0	5	0	928
401	17808	1	3	5	1	0	0	3	18	13	3	24	29888	800	0	5	0	800,816,928
401	17824	1	3	5	1	0	0	3	18	13	3	24	29888	800	0	5	0	800,816,928
401	17856	1	1	5	1	0	0	2	15	94	5	25	30784	896	0	5	0	896
401	17923	1	1	5	1	1	3	0	19	3	2	23	29888	572	4144	4	1	572
401	17925	2	8	4	1	0	0	3	17	13	3	23	29888	816	0	4	0	450,572,816,820,824,828,912,944
401	17926	2	8	4	1	0	0	3	17	13	3	23	29888	816	0	4	0	450,572,816,820,824,828,912,944
401	17929	2	8	4	1	0	0	3	17	13	3	23	29888	816	0	4	0	450,572,816,820,824,828,912,944
401	17930	2	8	4	1	0	0	3	17	13	3	23	29888	816	0	4	0	450,572,816,820,824,828,912,944
401	17932	2	6	4	1	0	0	3	15	30	4	23	29888	816	0	4	0	816,820,824,828,912,944
401	17937	1	2	5	1	0	0	1	19	3	2	23	29888	816	0	5	0	816,824
401	17938	1	2	5	1	0	0	1	19	3	2	23	29888	816	0	5	0	816,824
401	17940	1	2	5	1	0	0	1	17	13	3	23	29888	816	0	5	0	816,824
401	17944	1	2	5	1	0	0	1	17	13	3	23	29888	816	0	5	0	816,824
401	17953	1	2	5	1	0	0	1	19	3	2	23	29888	816	0	5	0	816,824
401	17954	1	2	5	1	0	0	1	19	3	2	23	29888	816	0	5	0	816,824
401	17956	1	2	5	1	0	0	1	17	13	3	23	29888	816	0	5	0	816,824
401	17960	1	2	5	1	0	0	1	17	13	3	23	29888	816	0	5	0	816,824
401	17968	0	1	6	0	0	0	1	19	3	2	23	29888	816	0	6	0	816
401	17985	2	8	4	1	0	0	4	16	77	4	24	29824	800	0	4	0	454,568,800,808,816,824,896,928
401	17986	2	8	4	1	0	0	4	16	77	4	24	29824	800	0	4	0	454,568,800,808,816,824,896,928
401	17988	2	6	4	1	0	0	4	14	94	5	24	29824	800	0	4	0	800,808,816,824,896,928
401	17992	2	6	4	1	0	0	4	14	94	5	24	29824	800	0	4	0	800,808,816,824,896,928
401	18000	1	2	5	1	0	0	2	16	77	4	24	29824	800	0	5	0	800,816
401	18016	1	2	5	1	0	0	2	16	77	4	24	29824	800	0	5	0	800,816
401	18049	1	1	5	1	0	0	2	18	13	3	24	30784	928	0	5	0	928
401	18050	1	1	5	1	0	0	2	18	13	3	24	30784	928	0	5	0	928
401	18052	1	1	5	1	0	0	2	16	86	4	24	30784	928	0	5	0	928
401	18056	1	1	5	1	0	0	2	16	86	4	24	30784	928	0	5	0	928
401	18064	1	3	5	1	0	0	3	18	13	3	24	29888	800	0	5	0	800,816,928
401	18080	1	3	5	1	0	0	3	18	13	3	24	29888	800	0	5	0	800,816,928
401	18112	1	1	5	1	0	0	2	15	94	5	25	30784	896	0	5	0	896
401	18177	1	6	5	1	0	0	1	22	1	1	24	30784	928	0	5	0	390,422,600,632,896,928
401	18178	1	6	5	1	0	0	1	22	1	1	24	30784	928	0	5	0	390,422,600,632,896,928
401	18180	1	2	5	1	0	0	1	20	3	2	24	30784	928	0	5	0	896,928
401	18184	1	2	5	1	0	0	1	20	3	2	24	30784	928	0	5	0	896,928
401	18192	1	6	5	1	0	0	3	22	1	1	24	29824	832	0	5	0	832,848,864,880,896,928
401	18208	1	6	5	1	0	0	3	22	1	1	24	29824	832	0	5	0	832,848,864,880,896,928
401	18240	1	1	5	1	0	0	1	17	75	4	25	30784	896	0	5	0	896
401	18304	1	2	5	1	0	0	2	19	11	3	25	30784	960	0	5	0	896,960
401	18439	1	2	5	1	0	0	1	16	11	3	22	30912	792	0	5	0	230,792
401	18443	1	2	5	1	0	0	1	16	11	3	22	30912	792	0	5	0	230,792
401	18445	0	1	6	0	0	0	1	16	11	3	22	30912	792	0	6	0	792
401	18446	0	1	6	0	0	0	1	16	11	3	22	30912	792	0	6	0	792
401	18451	2	6	4	1	0	0	2	14	77	4	22	29888	920	0	4	0	228,230,740,792,794,920
401	18453	1	2	5	1	0	0	1	14	77	4	22	30912	792	0	5	0	792,794
401	18454	1	2	5	1	0	0	1	14	77	4	22	30912	792	0	5	0	792,794
401	18457	1	2	5	1	0	0	1	14	77	4	22	30912	792	0	5	0	792,794
401	18458	1	2	5	1	0	0	1	14	77	4	22	30912	792	0	5	0	792,794
401	18460	0	1	6	0	0	0	1	14	77	4	22	30912	792	0	6	0	792
401	18467	2	6	4	1	0	0	2	14	77	4	22	29888	920	0	4	0	228,230,740,792,794,920
401	18469	1	2	5	1	0	0	1	14	77	4	22	30912	792	0	5	0	792,794
401	18470	1	2	5	1	0	0	1	14	77	4	22	30912	792	0	5	0	792,794
401	18473	1	2	5	1	0	0	1	14	77	4	22	30912	792	0	5	0	792,794
401	18474	1	2	5	1	0	0	1	14	77	4	22	30912	792	0	5	0	792,794
401	18476	0	1	6	0	0	0	1	14	77	4	22	30912	792	0	6	0	792
401	18481	2	5	4	1	0	0	2	12	94	5	22	29888	920	0	4	0	792,794,796,798,920
401	18482	2	5	4	1	0	0	2	12	94	5	22	29888	920	0	4	0	792,794,796,798,920
401	18484	1	2	5	1	0	0	1	12	94	5	22	30912	792	0	5	0	792,796
401	18488	1	2	5	1	0	0	1	12	94	5	22	30912	792	0	5	0	792,796
401	18499	1	1	5	1	0	0	2	17	11	3	23	29824	912	0	5	0	912
401	18501	1	3	5	1	0	0	3	17	11	3	23	29824	912	0	5	0	784,786,912
401	18502	1	3	5	1	0	0	3	17	11	3	23	29824	912	0	5	0	784,786,912
401	18505	1	3	5	1	0	0	3	17	11	3	23	29824	912	0	5	0	784,786,912
401	18506	1	3	5	1	0	0	3	17	11	3	23	29824	912	0	5	0	784,786,912
401	18508	0	1	6	0	0	0	1	17	11	3	23	30912	784	0	6	0	784
401	18513	1	1	5	1	0	0	2	15	77	4	23	29824	912	0	5	0	912
401	18514	1	1	5	1	0	0	2	15	77	4	23	29824	912	0	5	0	912
401	18516	1	3	5	1	0	0	3	15	77	4	23	29824	912	0	5	0	784,788,912
401	18520	1	3	5	1	0	0	3	15	77	4	23	29824	912	0	5	0	784,788,912
401	18529	1	1	5	1	0	0	2	15	77	4	23	29824	912	0	5	0	912
401	18530	1	1	5	1	0	0	2	15	77	4	23	29824	912	0	5	0	912
401	18532	1	3	5	1	0	0	3	15	77	4	23	29824	912	0	5	0	784,788,912
401	18536	1	3	5	1	0	0	3	15	77	4	23	29824	912	0	5	0	784,788,912
401	18544	1	1	5	1	0	0	2	13	94	5	23	29824	912	0	5	0	912
401	18563	2	6	4	1	0	0	3	15	77	4	23	29888	912	0	4	0	236,238,748,784,786,912
401	18565	1	2	5	1	0	0	2	15	77	4	23	30784	784	0	5	0	784,786
401	18566	1	2	5	1	0	0	2	15	77	4	23	30784	784	0	5	0	784,786
401	18569	1	2	5	1	0	0	2	15	77	4	23	30784	784	0	5	0	784,786
401	18570	1	2	5	1	0	0	2	15	77	4	23	30784	784	0	5	0	784,786
401	18572	0	1	6	0	0	0	2	15	77	4	23	30784	784	0	6	0	784
401	18577	2	5	4	1	0	0	3	13	94	5	23	29888	912	0	4	0	784,786,788,790,912
401	18578	2	5	4	1	0	0	3	13	94	5	23	29888	912	0	4	0	784,786,788,790,912
401	18580	1	2	5	1	0	0	2	13	94	5	23	30784	784	0	5	0	784,788
401	18584	1	2	5	1	0	0	2	13	94	5	23	30784	784	0	5	0	784,788
401	18593	2	5	4	1	0	0	3	13	94	5	23	29888	912	0	4	0	784,786,788,790,912
401	18594	2	5	4	1	0	0	3	13	94	5	23	29888	912	0	4	0	784,786,788,790,912
401	18596	1	2	5	1	0	0	2	13	94	5	23	30784	784	0	5	0	784,788
401	18600	1	2	5	1	0	0	2	13	94	5	23	30784	784	0	5	0	784,788
401	18608	2	5	4	1	0	0	3	11	222	6	23	29888	912	0	4	0	784,788,792,796,912
401	18625	1	1	5	1	0	0	2	16	77	4	24	29824	896	0	5	0	896
401	18626	1	1	5	1	0	0	2	16	77	4	24	29824	896	0	5	0	896
401	18628	1	3	5	1	0	0	4	16	77	4	24	29824	896	0	5	0	768,772,896
401	18632	1	3	5	1	0	0	4	16	77	4	24	29824	896	0	5	0	768,772,896
401	18640	1	1	5	1	0	0	2	14	94	5	24	29824	896	0	5	0	896
401	18656	1	1	5	1	0	0	2	14	94	5	24	29824	896	0	5	0	896
401	18691	1	1	5	1	1	3	0	19	3	2	23	30912	307	8204	4	1	716
401	18693	1	2	5	1	0	0	1	19	3	2	23	30912	816	0	5	0	816,818
401	18694	1	2	5	1	0	0	1	19	3	2	23	30912	816	0	5	0	816,818
401	18697	1	2	5	1	0	0	1	19	3	2	23	30912	816	0	5	0	816,818
401	18698	1	2	5	1	0	0	1	19	3	2	23	30912	816	0	5	0	816,818
401	18700	0	1	6	0	0	0	1	19	3	2	23	30912	816	0	6	0	816
401	18705	2	8	4	1	0	0	3	17	13	3	23	29824	928	0	4	0	310,712,816,818,820,822,928,944
401	18706	2	8	4	1	0	0	3	17	13	3	23	29824	928	0	4	0	310,712,816,818,820,822,928,944
401	18708	1	2	5	1	0	0	1	17	13	3	23	30912	816	0	5	0	816,820
401	18712	1	2	5	1	0	0	1	17	13	3	23	30912	816	0	5	0	816,820
401	18721	2	8	4	1	0	0	3	17	13	3	23	29824	928	0	4	0	310,712,816,818,820,822,928,944
401	18722	2	8	4	1	0	0	3	17	13	3	23	29824	928	0	4	0	310,712,816,818,820,822,928,944
401	18724	1	2	5	1	0	0	1	17	13	3	23	30912	816	0	5	0	816,820
401	18728	1	2	5	1	0	0	1	17	13	3	23	30912	816	0	5	0	816,820
401	18736	2	6	4	1	0	0	3	15	30	4	23	29824	928	0	4	0	816,820,824,828,928,944
401	18753	1	1	5	1	0	0	2	18	13	3	24	29824	928	0	5	0	928
401	18754	1	1	5	1	0	0	2	18	13	3	24	29824	928	0	5	0	928
401	18756	1	3	5	1	0	0	3	18	13	3	24	29824	928	0	5	0	800,804,928
401	18760	1	3	5	1	0	0	3	18	13	3	24	29824	928	0	5	0	800,804,928
401	18768	1	1	5	1	0	0	2	16	86	4	24	29824	928	0	5	0	928
401	18784	1	1	5	1	0	0	2	16	86	4	24	29824	928	0	5	0	928
401	18817	2	8	4	1	0	0	4	16	77	4	24	29824	896	0	4	0	294,728,800,802,804,806,896,928
401	18818	2	8	4	1	0	0	4	16	77	4	24	29824	896	0	4	0	294,728,800,802,804,806,896,928
401	18820	1	2	5	1	0	0	2	16	77	4	24	30784	800	0	5	0	800,804
401	18824	1	2	5	1	0	0	2	16	77	4	24	30784	800	0	5	0	800,804
401	18832	2	6	4	1	0	0	4	14	94	5	24	29824	896	0	4	0	800,804,808,812,896,928
401	18848	2	6	4	1	0	0	4	14	94	5	24	29824	896	0	4	0	800,804,808,812,896,928
401	18880	1	1	5	1	0	0	2	15	94	5	25	29824	896	0	5	0	896
401	18947	1	1	5	1	1	3	0	19	3	2	23	30912	307	8204	4	1	716
401	18949	1	2	5	1	0	0	1	19	3	2	23	30912	816	0	5	0	816,818
401	18950	1	2	5	1	0	0	1	19	3	2	23	30912	816	0	5	0	816,818
401	18953	1	2	5	1	0	0	1	19	3	2	23	30912	816	0	5	0	816,818
401	18954	1	2	5	1	0	0	1	19	3	2	23	30912	816	0	5	0	816,818
401	18956	0	1	6	0	0	0	1	19	3	2	23	30912	816	0	6	0	816
401	18961	2	8	4	1	0	0	3	17	13	3	23	29824	928	0	4	0	310,712,816,818,820,822,928,944
401	18962	2	8	4	1	0	0	3	17	13	3	23	29824	928	0	4	0	310,712,816,818,820,822,928,944
401	18964	1	2	5	1	0	0	1	17	13	3	23	30912	816	0	5	0	816,820
401	18968	1	2	5	1	0	0	1	17	13	3	23	30912	816	0	5	0	816,820
401	18977	2	8	4	1	0	0	3	17	13	3	23	29824	928	0	4	0	310,712,816,818,820,822,928,944
401	18978	2	8	4	1	0	0	3	17	13	3	23	29824	928	0	4	0	310,712,816,818,820,822,928,944
401	18980	1	2	5	1	0	0	1	17	13	3	23	30912	816	0	5	0	816,820
401	18984	1	2	5	1	0	0	1	17	13	3	23	30912	816	0	5	0	816,820
401	18992	2	6	4	1	0	0	3	15	30	4	23	29824	928	0	4	0	816,820,824,828,928,944
401	19009	1	1	5	1	0	0	2	18	13	3	24	29824	928	0	5	0	928
401	19010	1	1	5	1	0	0	2	18	13	3	24	29824	928	0	5	0	928
401	19012	1	3	5	1	0	0	3	18	13	3	24	29824	928	0	5	0	800,804,928
401	19016	1	3	5	1	0	0	3	18	13	3	24	29824	928	0	5	0	800,804,928
401	19024	1	1	5	1	0	0	2	16	86	4	24	29824	928	0	5	0	928
401	19040	1	1	5	1	0	0	2	16	86	4	24	29824	928	0	5	0	928
401	19073	2	8	4	1	0	0	4	16	77	4	24	29824	896	0	4	0	294,728,800,802,804,806,896,928
401	19074	2	8	4	1	0	0	4	16	77	4	24	29824	896	0	4	0	294,728,800,802,804,806,896,928
401	19076	1	2	5	1	0	0	2	16	77	4	24	30784	800	0	5	0	800,804
401	19080	1	2	5	1	0	0	2	16	77	4	24	30784	800	0	5	0	800,804
401	19088	2	6	4	1	0	0	4	14	94	5	24	29824	896	0	4	0	800,804,808,812,896,928
401	19104	2	6	4	1	0	0	4	14	94	5	24	29824	896	0	4	0	800,804,808,812,896,928
401	19136	1	1	5	1	0	0	2	15	94	5	25	29824	896	0	5	0	896
401	19201	1	6	5	1	0	0	1	22	1	1	24	29824	960	0	5	0	294,358,664,728,896,960
401	19202	1	6	5	1	0	0	1	22	1	1	24	29824	960	0	5	0	294,358,664,728,896,960
401	19204	1	6	5	1	0	0	3	22	1	1	24	29824	960	0	5	0	800,804,864,868,896,960
401	19208	1	6	5	1	0	0	3	22	1	1	24	29824	960	0	5	0	800,804,864,868,896,960
401	19216	1	2	5	1	0	0	1	20	3	2	24	29824	960	0	5	0	896,960
401	19232	1	2	5	1	0	0	1	20	3	2	24	29824	960	0	5	0	896,960
401	19264	1	2	5	1	0	0	2	19	11	3	25	29824	960	0	5	0	896,960
401	19328	1	1	5	1	0	0	1	17	75	4	25	29824	896	0	5	0	896
401	19459	0	1	6	0	0	0	2	18	76	3	24	29888	816	0	6	0	816
401	19461	0	1	6	0	0	0	2	16	86	4	24	29888	816	0	6	0	816
401	19462	0	1	6	0	0	0	2	16	86	4	24	29888	816	0	6	0	816
401	19465	0	1	6	0	0	0	2	16	86	4	24	29888	816	0	6	0	816
401	19466	0	1	6	0	0	0	2	16	86	4	24	29888	816	0	6	0	816
401	19468	0	1	6	0	0	0	2	14	94	5	24	29888	816	0	6	0	816
401	19473	0	1	6	0	0	0	2	16	86	4	24	29888	816	0	6	0	816
401	19474	0	1	6	0	0	0	2	16	86	4	24	29888	816	0	6	0	816
401	19476	0	1	6	0	0	0	2	16	236	5	24	29888	816	0	6	0	816
401	19480	0	1	6	0	0	0	2	16	236	5	24	29888	816	0	6	0	816
401	19489	0	1	6	0	0	0	2	16	86	4	24	29888	816	0	6	0	816
401	19490	0	1	6	0	0	0	2	16	86	4	24	29888	816	0	6	0	816
401	19492	0	1	6	0	0	0	2	16	236	5	24	29888	816	0	6	0	816
401	19496	0	1	6	0	0	0	2	16	236	5	24	29888	816	0	6	0	816
401	19504	0	1	6	0	0	0	2	14	94	5	24	29888	816	0	6	0	816
401	19521	0	1	6	0	0	0	3	17	86	4	25	29824	800	0	6	0	800
401	19522	0	1	6	0	0	0	3	17	86	4	25	29824	800	0	6	0	800
401	19524	0	1	6	0	0	0	3	15	94	5	25	29824	800	0	6	0	800
401	19528	0	1	6	0	0	0	3	15	94	5	25	29824	800	0	6	0	800
401	19536	0	1	6	0	0	0	3	17	236	5	25	29824	800	0	6	0	800
401	19552	0	1	6	0	0	0	3	17	236	5	25	29824	800	0	6	0	800
401	19585	0	1	6	0	0	0	3	17	86	4	25	29888	800	0	6	0	800
401	19586	0	1	6	0	0	0	3	17	86	4	25	29888	800	0	6	0	800
401	19588	0	1	6	0	0	0	3	17	236	5	25	29888	800	0	6	0	800
401	19592	0	1	6	0	0	0	3	17	236	5	25	29888	800	0	6	0	800
401	19600	0	1	6	0	0	0	3	15	94	5	25	29888	800	0	6	0	800
401	19616	0	1	6	0	0	0	3	15	94	5	25	29888	800	0	6	0	800
401	19648	0	1	6	0	0	0	4	18	236	5	26	29824	768	0	6	0	768
401	19713	0	1	6	0	0	0	2	21	12	2	25	29888	864	0	6	0	864
401	19714	0	1	6	0	0	0	2	21	12	2	25	29888	864	0	6	0	864
401	19716	0	1	6	0	0	0	2	19	13	3	25	29888	864	0	6	0	864
401	19720	0	1	6	0	0	0	2	19	13	3	25	29888	864	0	6	0	864
401	19728	0	1	6	0	0	0	2	19	13	3	25	29888	864	0	6	0	864
401	19744	0	1	6	0	0	0	2	19	13	3	25	29888	864	0	6	0	864
401	19776	0	1	6	0	0	0	3	18	77	4	26	29824	832	0	6	0	832
401	19840	0	1	6	0	0	0	3	18	77	4	26	29888	832	0	6	0	832
401	19969	0	1	6	0	0	0	2	21	12	2	25	29888	864	0	6	0	864
401	19970	0	1	6	0	0	0	2	21	12	2	25	29888	864	0	6	0	864
401	19972	0	1	6	0	0	0	2	19	13	3	25	29888	864	0	6	0	864
401	19976	0	1	6	0	0	0	2	19	13	3	25	29888	864	0	6	0	864
401	19984	0	1	6	0	0	0	2	19	13	3	25	29888	864	0	6	0	864
401	20000	0	1	6	0	0	0	2	19	13	3	25	29888	864	0	6	0	864
401	20032	0	1	6	0	0	0	3	18	77	4	26	29824	832	0	6	0	832
401	20096	0	1	6	0	0	0	3	18	77	4	26	29888	832	0	6	0	832
401	20224	0	4	6	0	0	0	4	24	1	1	26	29824	896	0	6	0	768,832,896,960
401	20487	1	1	5	1	2	2	0	14	94	5	24	29888	670	48	3	2	670
401	20491	1	1	5	1	2	2	0	14	94	5	24	29888	670	48	3	2	670
401	20493	1	2	5	1	1	2	0	16	77	4	24	29888	670	48	3	2	542,670
401	20494	1	2	5	1	1	2	0	16	77	4	24	29888	670	48	3	2	542,670
401	20499	1	1	5	1	1	1	0	12	222	6	24	29888	668	32	4	1	668
401	20501	1	1	5	1	1	1	0	14	94	5	24	29888	668	32	4	1	668
401	20502	1	1	5	1	1	1	0	14	94	5	24	29888	668	32	4	1	668
401	20505	1	1	5	1	1	1	0	14	94	5	24	29888	668	32	4	1	668
401	20506	1	1	5	1	1	1	0	14	94	5	24	29888	668	32	4	1	668
401	20508	1	2	5	1	1	1	0	16	77	4	24	29888	668	32	4	1	540,668
401	20515	1	1	5	1	1	1	0	12	222	6	24	29888	668	16	4	1	668
401	20517	1	1	5	1	1	1	0	14	94	5	24	29888	668	16	4	1	668
401	20518	1	1	5	1	1	1	0	14	94	5	24	29888	668	16	4	1	668
401	20521	1	1	5	1	1	1	0	14	94	5	24	29888	668	16	4	1	668
401	20522	1	1	5	1	1	1	0	14	94	5	24	29888	668	16	4	1	668
401	20524	1	2	5	1	1	1	0	16	77	4	24	29888	668	16	4	1	540,668
401	20529	1	1	5	1	0	0	1	12	222	6	24	29888	664	0	5	0	664
401	20530	1	1	5	1	0	0	1	12	222	6	24	29888	664	0	5	0	664
401	20532	1	1	5	1	0	0	1	14	94	5	24	29888	664	0	5	0	664
401	20536	1	1	5	1	0	0	1	14	94	5	24	29888	664	0	5	0	664
401	20547	0	1	6	0	2	2	0	15	94	5	25	29824	668	48	4	2	668
401	20549	0	1	6	0	2	2	0	17	77	4	25	29824	668	48	4	2	668
401	20550	0	1	6	0	2	2	0	17	77	4	25	29824	668	48	4	2	668
401	20553	0	1	6	0	2	2	0	17	77	4	25	29824	668	48	4	2	668
401	20554	0	1	6	0	2	2	0	17	77	4	25	29824	668	48	4	2	668
401	20556	0	1	6	0	2	2	0	19	11	3	25	29824	668	48	4	2	668
401	20561	0	1	6	0	1	1	0	15	94	5	25	29824	664	32	5	1	664
401	20562	0	1	6	0	1	1	0	15	94	5	25	29824	664	32	5	1	664
401	20564	0	1	6	0	1	1	0	17	77	4	25	29824	664	32	5	1	664
401	20568	0	1	6	0	1	1	0	17	77	4	25	29824	664	32	5	1	664
401	20577	0	1	6	0	1	1	0	15	94	5	25	29824	664	16	5	1	664
401	20578	0	1	6	0	1	1	0	15	94	5	25	29824	664	16	5	1	664
401	20580	0	1	6	0	1	1	0	17	77	4	25	29824	664	16	5	1	664
401	20584	0	1	6	0	1	1	0	17	77	4	25	29824	664	16	5	1	664
401	20592	0	1	6	0	0	0	2	15	94	5	25	29824	656	0	6	0	656
401	20611	1	1	5	1	2	2	0	15	94	5	25	29888	668	48	3	2	668
401	20613	1	1	5	1	1	2	0	17	77	4	25	29888	668	48	3	2	668
401	20614	1	1	5	1	1	2	0	17	77	4	25	29888	668	48	3	2	668
401	20617	1	1	5	1	1	2	0	17	77	4	25	29888	668	48	3	2	668
401	20618	1	1	5	1	1	2	0	17	77	4	25	29888	668	48	3	2	668
401	20620	1	3	5	1	0	0	2	19	11	3	25	30784	784	0	5	0	540,668,784
401	20625	1	1	5	1	1	1	0	15	94	5	25	29888	664	32	4	1	664
401	20626	1	1	5	1	1	1	0	15	94	5	25	29888	664	32	4	1	664
401	20628	1	1	5	1	1	1	0	17	77	4	25	29888	664	32	4	1	664
401	20632	1	1	5	1	1	1	0	17	77	4	25	29888	664	32	4	1	664
401	20641	1	1	5	1	1	1	0	15	94	5	25	29888	664	16	4	1	664
401	20642	1	1	5	1	1	1	0	15	94	5	25	29888	664	16	4	1	664
401	20644	1	1	5	1	1	1	0	17	77	4	25	29888	664	16	4	1	664
401	20648	1	1	5	1	1	1	0	17	77	4	25	29888	664	16	4	1	664
401	20656	1	1	5	1	0	0	1	15	94	5	25	29888	656	0	5	0	656
401	20673	0	1	6	0	2	2	0	18	77	4	26	29824	664	48	4	2	664
401	20674	0	1	6	0	2	2	0	18	77	4	26	29824	664	48	4	2	664
401	20676	0	1	6	0	2	2	0	20	11	3	26	29824	664	48	4	2	664
401	20680	0	1	6	0	2	2	0	20	11	3	26	29824	664	48	4	2	664
401	20688	0	1	6	0	1	1	0	18	77	4	26	29824	656	32	5	1	656
401	20704	0	1	6	0	1	1	0	18	77	4	26	29824	656	16	5	1	656
401	20739	1	2	5	1	2	2	0	15	94	5	25	29824	684	48	3	2	684,700
401	20741	1	2	5	1	2	2	0	17	86	4	25	29824	684	48	3	2	684,700
401	20742	1	2	5	1	2	2	0	17	86	4	25	29824	684	48	3	2	684,700
401	20745	1	2	5	1	2	2	0	17	86	4	25	29824	684	48	3	2	684,700
401	20746	1	2	5	1	2	2	0	17	86	4	25	29824	684	48	3	2	684,700
401	20748	1	3	5	1	1	2	0	19	76	3	25	29824	684	48	3	2	572,684,700
401	20753	1	2	5	1	1	1	0	15	94	5	25	29824	680	32	4	1	680,696
401	20754	1	2	5	1	1	1	0	15	94	5	25	29824	680	32	4	1	680,696
401	20756	1	2	5	1	1	1	0	17	86	4	25	29824	680	32	4	1	680,696
401	20760	1	2	5	1	1	1	0	17	86	4	25	29824	680	32	4	1	680,696
401	20769	1	2	5	1	1	1	0	15	94	5	25	29824	680	16	4	1	680,696
401	20770	1	2	5	1	1	1	0	15	94	5	25	29824	680	16	4	1	680,696
401	20772	1	2	5	1	1	1	0	17	86	4	25	29824	680	16	4	1	680,696
401	20776	1	2	5	1	1	1	0	17	86	4	25	29824	680	16	4	1	680,696
401	20784	1	2	5	1	0	0	2	15	94	5	25	29824	672	0	5	0	672,688
401	20801	0	1	6	0	2	2	0	18	236	5	26	29824	696	48	4	2	696
401	20802	0	1	6	0	2	2	0	18	236	5	26	29824	696	48	4	2	696
401	20804	0	1	6	0	2	2	0	18	86	4	26	29824	696	48	4	2	696
401	20808	0	1	6	0	2	2	0	18	86	4	26	29824	696	48	4	2	696
401	20816	0	1	6	0	1	1	0	18	236	5	26	29824	688	32	5	1	688
401	20832	0	1	6	0	1	1	0	18	236	5	26	29824	688	16	5	1	688
401	20865	1	3	5	1	2	2	0	18	236	5	26	29824	664	48	3	2	664,696,728
401	20866	1	3	5	1	2	2	0	18	236	5	26	29824	664	48	3	2	664,696,728
401	20868	1	3	5	1	1	2	0	18	86	4	26	29824	664	48	3	2	664,696,728
401	20872	1	3	5	1	1	2	0	18	86	4	26	29824	664	48	3	2	664,696,728
401	20880	1	3	5	1	1	1	0	18	236	5	26	29824	656	32	4	1	656,688,720
401	20896	1	3	5	1	1	1	0	18	236	5	26	29824	656	16	4	1	656,688,720
401	20928	0	1	6	0	2	2	0	17	94	5	27	29824	688	48	4	2	688
401	20995	1	2	5	1	2	2	0	15	94	5	25	29824	684	48	3	2	684,700
401	20997	1	2	5	1	2	2	0	17	86	4	25	29824	684	48	3	2	684,700
401	20998	1	2	5	1	2	2	0	17	86	4	25	29824	684	48	3	2	684,700
401	21001	1	2	5	1	2	2	0	17	86	4	25	29824	684	48	3	2	684,700
401	21002	1	2	5	1	2	2	0	17	86	4	25	29824	684	48	3	2	684,700
401	21004	1	3	5	1	1	2	0	19	76	3	25	29824	684	48	3	2	572,684,700
401	21009	1	2	5	1	1	1	0	15	94	5	25	29824	680	32	4	1	680,696
401	21010	1	2	5	1	1	1	0	15	94	5	25	29824	680	32	4	1	680,696
401	21012	1	2	5	1	1	1	0	17	86	4	25	29824	680	32	4	1	680,696
401	21016	1	2	5	1	1	1	0	17	86	4	25	29824	680	32	4	1	680,696
401	21025	1	2	5	1	1	1	0	15	94	5	25	29824	680	16	4	1	680,696
401	21026	1	2	5	1	1	1	0	15	94	5	25	29824	680	16	4	1	680,696
401	21028	1	2	5	1	1	1	0	17	86	4	25	29824	680	16	4	1	680,696
401	21032	1	2	5	1	1	1	0	17	86	4	25	29824	680	16	4	1	680,696
401	21040	1	2	5	1	0	0	2	15	94	5	25	29824	672	0	5	0	672,688
401	21057	0	1	6	0	2	2	0	18	236	5	26	29824	696	48	4	2	696
401	21058	0	1	6	0	2	2	0	18	236	5	26	29824	696	48	4	2	696
401	21060	0	1	6	0	2	2	0	18	86	4	26	29824	696	48	4	2	696
401	21064	0	1	6	0	2	2	0	18	86	4	26	29824	696	48	4	2	696
401	21072	0	1	6	0	1	1	0	18	236	5	26	29824	688	32	5	1	688
401	21088	0	1	6	0	1	1	0	18	236	5	26	29824	688	16	5	1	688
401	21121	1	3	5	1	2	2	0	18	236	5	26	29824	664	48	3	2	664,696,728
401	21122	1	3	5	1	2	2	0	18	236	5	26	29824	664	48	3	2	664,696,728
401	21124	1	3	5	1	1	2	0	18	86	4	26	29824	664	48	3	2	664,696,728
401	21128	1	3	5	1	1	2	0	18	86	4	26	29824	664	48	3	2	664,696,728
401	21136	1	3	5	1	1	1	0	18	236	5	26	29824	656	32	4	1	656,688,720
401	21152	1	3	5	1	1	1	0	18	236	5	26	29824	656	16	4	1	656,688,720
401	21184	0	1	6	0	2	2	0	17	94	5	27	29824	688	48	4	2	688
401	21249	0	1	6	0	2	2	0	18	77	4	26	29824	728	48	4	2	728
401	21250	0	1	6	0	2	2	0	18	77	4	26	29824	728	48	4	2	728
401	21252	0	1	6	0	2	2	0	20	76	3	26	29824	728	48	4	2	728
401	21256	0	1	6	0	2	2	0	20	76	3	26	29824	728	48	4	2	728
401	21264	0	1	6	0	1	1	0	18	77	4	26	29824	720	32	5	1	720
401	21280	0	1	6	0	1	1	0	18	77	4	26	29824	720	16	5	1	720
401	21312	0	1	6	0	2	2	0	17	94	5	27	29824	752	48	4	2	752
401	21376	0	1	6	0	2	2	0	17	94	5	27	29824	688	48	4	2	688
401	21507	0	1	6	0	2	2	0	16	94	5	26	29888	572	48	4	2	572
401	21509	0	1	6	0	2	2	0	18	236	5	26	29888	572	48	4	2	572
401	21510	0	1	6	0	2	2	0	18	236	5	26	29888	572	48	4	2	572
401	21513	0	1	6	0	2	2	0	18	236	5	26	29888	572	48	4	2	572
401	21514	0	1	6	0	2	2	0	18	236	5	26	29888	572	48	4	2	572
401	21516	0	1	6	0	2	2	0	16	94	5	26	29888	572	48	4	2	572
401	21521	0	1	6	0	1	1	0	16	94	5	26	29888	568	32	5	1	568
401	21522	0	1	6	0	1	1	0	16	94	5	26	29888	568	32	5	1	568
401	21524	0	1	6	0	1	1	0	18	236	5	26	29888	568	32	5	1	568
401	21528	0	1	6	0	1	1	0	18	236	5	26	29888	568	32	5	1	568
401	21537	0	1	6	0	1	1	0	16	94	5	26	29888	568	16	5	1	568
401	21538	0	1	6	0	1	1	0	16	94	5	26	29888	568	16	5	1	568
401	21540	0	1	6	0	1	1	0	18	236	5	26	29888	568	16	5	1	568
401	21544	0	1	6	0	1	1	0	18	236	5	26	29888	568	16	5	1	568
401	21552	0	1	6	0	0	0	1	16	94	5	26	29888	560	0	6	0	560
401	21569	0	1	6	0	2	2	0	19	236	5	27	29824	568	48	4	2	568
401	21570	0	1	6	0	2	2	0	19	236	5	27	29824	568	48	4	2	568
401	21572	0	1	6	0	2	2	0	17	94	5	27	29824	568	48	4	2	568
401	21576	0	1	6	0	2	2	0	17	94	5	27	29824	568	48	4	2	568
401	21584	0	1	6	0	1	1	0	19	236	5	27	29824	560	32	5	1	560
401	21600	0	1	6	0	1	1	0	19	236	5	27	29824	560	16	5	1	560
401	21633	0	1	6	0	1	2	0	19	86	4	27	29888	568	48	4	2	568
401	21634	0	1	6	0	1	2	0	19	86	4	27	29888	568	48	4	2	568
401	21636	0	1	6	0	1	2	0	19	86	4	27	29888	568	48	4	2	568
401	21640	0	1	6	0	1	2	0	19	86	4	27	29888	568	48	4	2	568
401	21648	0	1	6	0	1	1	0	19	86	4	27	29888	560	32	5	1	560
401	21664	0	1	6	0	1	1	0	19	86	4	27	29888	560	16	5	1	560
401	21696	0	1	6	0	1	2	0	20	86	4	28	29824	560	48	4	2	560
401	21761	0	1	6	0	2	2	0	19	77	4	27	29888	632	48	4	2	632
401	21762	0	1	6	0	2	2	0	19	77	4	27	29888	632	48	4	2	632
401	21764	0	1	6	0	2	2	0	19	86	4	27	29888	632	48	4	2	632
401	21768	0	1	6	0	2	2	0	19	86	4	27	29888	632	48	4	2	632
401	21776	0	1	6	0	1	1	0	19	77	4	27	29888	624	32	5	1	624
401	21792	0	1	6	0	1	1	0	19	77	4	27	29888	624	16	5	1	624
401	21824	0	1	6	0	2	2	0	18	94	5	28	29824	624	48	4	2	624
401	21888	0	1	6	0	1	2	0	20	86	4	28	29888	624	48	4	2	624
401	22017	0	1	6	0	2	2	0	19	77	4	27	29888	632	48	4	2	632
401	22018	0	1	6	0	2	2	0	19	77	4	27	29888	632	48	4	2	632
401	22020	0	1	6	0	2	2	0	19	86	4	27	29888	632	48	4	2	632
401	22024	0	1	6	0	2	2	0	19	86	4	27	29888	632	48	4	2	632
401	22032	0	1	6	0	1	1	0	19	77	4	27	29888	624	32	5	1	624
401	22048	0	1	6	0	1	1	0	19	77	4	27	29888	624	16	5	1	624
401	22080	0	1	6	0	2	2	0	18	94	5	28	29824	624	48	4	2	624
401	22144	0	1	6	0	1	2	0	20	86	4	28	29888	624	48	4	2	624
401	22272	0	2	6	0	1	2	0	22	11	3	28	29824	688	48	4	2	688,752
401	22531	1	4	5	1	0	0	1	18	30	4	26	29888	816	0	5	0	816,820,824,828
401	22533	1	12	5	1	0	0	2	20	13	3	26	29888	816	0	5	0	560,562,564,566,568,570,572,574,816,820,824,828
401	22534	1	12	5	1	0	0	2	20	13	3	26	29888	816	0	5	0	560,562,564,566,568,570,572,574,816,820,824,828
401	22537	1	12	5	1	0	0	2	20	13	3	26	29888	816	0	5	0	560,562,564,566,568,570,572,574,816,820,824,828
401	22538	1	12	5	1	0	0	2	20	13	3	26	29888	816	0	5	0	560,562,564,566,568,570,572,574,816,820,824,828
401	22540	0	4	6	0	0	0	1	22	3	2	26	30912	560	0	6	0	560,564,568,572
401	22545	1	2	5	1	0	0	1	16	94	5	26	29888	816	0	5	0	816,824
401	22546	1	2	5	1	0	0	1	16	94	5	26	29888	816	0	5	0	816,824
401	22548	1	6	5	1	0	0	2	18	77	4	26	29888	816	0	5	0	560,564,568,572,816,824
401	22552	1	6	5	1	0	0	2	18	77	4	26	29888	816	0	5	0	560,564,568,572,816,824
401	22561	1	2	5	1	0	0	1	16	94	5	26	29888	816	0	5	0	816,824
401	22562	1	2	5	1	0	0	1	16	94	5	26	29888	816	0	5	0	816,824
401	22564	1	6	5	1	0	0	2	18	77	4	26	29888	816	0	5	0	560,564,568,572,816,824
401	22568	1	6	5	1	0	0	2	18	77	4	26	29888	816	0	5	0	560,564,568,572,816,824
401	22576	1	1	5	1	0	0	1	14	222	6	26	29888	816	0	5	0	816
401	22593	0	4	6	0	0	0	2	21	13	3	27	29824	800	0	6	0	800,808,816,824
401	22594	0	4	6	0	0	0	2	21	13	3	27	29824	800	0	6	0	800,808,816,824
401	22596	0	4	6	0	0	0	2	23	3	2	27	29824	800	0	6	0	800,808,816,824
401	22600	0	4	6	0	0	0	2	23	3	2	27	29824	800	0	6	0	800,808,816,824
401	22608	0	2	6	0	0	0	2	19	77	4	27	29824	800	0	6	0	800,816
401	22624	0	2	6	0	0	0	2	19	77	4	27	29824	800	0	6	0	800,816
401	22657	1	4	5	1	0	0	1	19	86	4	27	29888	800	0	5	0	800,808,816,824
401	22658	1	4	5	1	0	0	1	19	86	4	27	29888	800	0	5	0	800,808,816,824
401	22660	1	12	5	1	0	0	3	21	13	3	27	29888	800	0	5	0	544,548,552,556,560,564,568,572,800,808,816,824
401	22664	1	12	5	1	0	0	3	21	13	3	27	29888	800	0	5	0	544,548,552,556,560,564,568,572,800,808,816,824
401	22672	1	2	5	1	0	0	1	17	94	5	27	29888	800	0	5	0	800,816
401	22688	1	2	5	1	0	0	1	17	94	5	27	29888	800	0	5	0	800,816
401	22720	0	4	6	0	0	0	2	22	13	3	28	29824	768	0	6	0	768,784,800,816
401	22785	1	12	5	1	0	0	2	21	13	3	27	29824	832	0	5	0	832,840,848,856,864,872,880,888,896,904,912,920
401	22786	1	12	5	1	0	0	2	21	13	3	27	29824	832	0	5	0	832,840,848,856,864,872,880,888,896,904,912,920
401	22788	1	20	5	1	0	0	3	23	12	2	27	29824	832	0	5	0	608,612,616,620,624,628,632,636,832,840,848,856,864,872,880,888,896,904,912,920
401	22792	1	20	5	1	0	0	3	23	12	2	27	29824	832	0	5	0	608,612,616,620,624,628,632,636,832,840,848,856,864,872,880,888,896,904,912,920
401	22800	1	6	5	1	0	0	2	19	77	4	27	29824	832	0	5	0	832,848,864,880,896,912
401	22816	1	6	5	1	0	0	2	19	77	4	27	29824	832	0	5	0	832,848,864,880,896,912
401	22848	0	4	6	0	0	0	2	22	13	3	28	29824	832	0	6	0	832,848,864,880
401	22912	1	12	5	1	0	0	2	20	77	4	28	29824	768	0	5	0	768,784,800,816,832,848,864,880,896,912,928,944
401	23041	1	12	5	1	0	0	2	21	13	3	27	29824	832	0	5	0	832,840,848,856,864,872,880,888,896,904,912,920
401	23042	1	12	5	1	0	0	2	21	13	3	27	29824	832	0	5	0	832,840,848,856,864,872,880,888,896,904,912,920
401	23044	1	20	5	1	0	0	3	23	12	2	27	29824	832	0	5	0	608,612,616,620,624,628,632,636,832,840,848,856,864,872,880,888,896,904,912,920
401	23048	1	20	5	1	0	0	3	23	12	2	27	29824	832	0	5	0	608,612,616,620,624,628,632,636,832,840,848,856,864,872,880,888,896,904,912,920
401	23056	1	6	5	1	0	0	2	19	77	4	27	29824	832	0	5	0	832,848,864,880,896,912
401	23072	1	6	5	1	0	0	2	19	77	4	27	29824	832	0	5	0	832,848,864,880,896,912
401	23104	0	4	6	0	0	0	2	22	13	3	28	29824	832	0	6	0	832,848,864,880
401	23168	1	12	5	1	0	0	2	20	77	4	28	29824	768	0	5	0	768,784,800,816,832,848,864,880,896,912,928,944
401	23296	0	8	6	0	0	0	1	24	3	2	28	29824	896	0	6	0	768,784,800,816,896,912,928,944
401	23553	0	4	6	0	0	0	2	20	86	4	28	29888	608	0	6	0	608,616,624,632
401	23554	0	4	6	0	0	0	2	20	86	4	28	29888	608	0	6	0	608,616,624,632
401	23556	0	4	6	0	0	0	2	20	77	4	28	29888	608	0	6	0	608,616,624,632
401	23560	0	4	6	0	0	0	2	20	77	4	28	29888	608	0	6	0	608,616,624,632
401	23568	0	2	6	0	0	0	2	18	94	5	28	29888	608	0	6	0	608,624
401	23584	0	2	6	0	0	0	2	18	94	5	28	29888	608	0	6	0	608,624
401	23616	0	4	6	0	0	0	3	21	77	4	29	29824	576	0	6	0	576,592,608,624
401	23680	0	4	6	0	0	0	3	21	86	4	29	29888	576	0	6	0	576,592,608,624
401	23808	0	4	6	0	0	0	2	23	13	3	29	29888	704	0	6	0	704,720,736,752
401	24064	0	4	6	0	0	0	2	23	13	3	29	29888	704	0	6	0	704,720,736,752
401	24583	1	1	5	1	1	1	0	12	222	6	24	30912	793	8	4	1	230
401	24587	1	1	5	1	1	1	0	12	222	6	24	30912	793	4	4	1	230
401	24589	1	1	5	1	0	0	1	12	222	6	24	30912	792	0	5	0	792
401	24590	1	1	5	1	0	0	1	12	222	6	24	30912	792	0	5	0	792
401	24595	1	1	5	1	2	2	0	14	94	5	24	30912	795	12	3	2	228
401	24597	1	1	5	1	1	1	0	14	94	5	24	30912	794	8	4	1	794
401	24598	1	1	5	1	1	1	0	14	94	5	24	30912	794	8	4	1	794
401	24601	1	1	5	1	1	1	0	14	94	5	24	30912	794	4	4	1	794
401	24602	1	1	5	1	1	1	0	14	94	5	24	30912	794	4	4	1	794
401	24604	1	1	5	1	0	0	1	14	94	5	24	30912	792	0	5	0	792
401	24611	1	1	5	1	2	2	0	14	94	5	24	30912	795	12	3	2	228
401	24613	1	1	5	1	1	1	0	14	94	5	24	30912	794	8	4	1	794
401	24614	1	1	5	1	1	1	0	14	94	5	24	30912	794	8	4	1	794
401	24617	1	1	5	1	1	1	0	14	94	5	24	30912	794	4	4	1	794
401	24618	1	1	5	1	1	1	0	14	94	5	24	30912	794	4	4	1	794
401	24620	1	1	5	1	0	0	1	14	94	5	24	30912	792	0	5	0	792
401	24625	1	2	5	1	1	2	0	16	77	4	24	30912	798	12	3	2	542,798
401	24626	1	2	5	1	1	2	0	16	77	4	24	30912	798	12	3	2	542,798
401	24628	1	2	5	1	1	1	0	16	77	4	24	30912	796	8	4	1	540,796
401	24632	1	2	5	1	1	1	0	16	77	4	24	30912	796	4	4	1	540,796
401	24643	1	1	5	1	2	2	0	15	94	5	25	30912	787	12	3	2	236
401	24645	1	1	5	1	1	1	0	15	94	5	25	30912	786	8	4	1	786
401	24646	1	1	5	1	1	1	0	15	94	5	25	30912	786	8	4	1	786
401	24649	1	1	5	1	1	1	0	15	94	5	25	30912	786	4	4	1	786
401	24650	1	1	5	1	1	1	0	15	94	5	25	30912	786	4	4	1	786
401	24652	1	1	5	1	0	0	1	15	94	5	25	30912	784	0	5	0	784
401	24657	1	1	5	1	1	2	0	17	77	4	25	30912	790	12	3	2	790
401	24658	1	1	5	1	1	2	0	17	77	4	25	30912	790	12	3	2	790
401	24660	1	1	5	1	1	1	0	17	77	4	25	30912	788	8	4	1	788
401	24664	1	1	5	1	1	1	0	17	77	4	25	30912	788	4	4	1	788
401	24673	1	1	5	1	1	2	0	17	77	4	25	30912	790	12	3	2	790
401	24674	1	1	5	1	1	2	0	17	77	4	25	30912	790	12	3	2	790
401	24676	1	1	5	1	1	1	0	17	77	4	25	30912	788	8	4	1	788
401	24680	1	1	5	1	1	1	0	17	77	4	25	30912	788	4	4	1	788
401	24688	1	3	5	1	0	0	2	19	11	3	25	29824	656	0	5	0	540,656,796
401	24707	0	1	6	0	2	2	0	15	94	5	25	30784	787	12	4	2	236
401	24709	0	1	6	0	1	1	0	15	94	5	25	30784	786	8	5	1	786
401	24710	0	1	6	0	1	1	0	15	94	5	25	30784	786	8	5	1	786
401	24713	0	1	6	0	1	1	0	15	94	5	25	30784	786	4	5	1	786
401	24714	0	1	6	0	1	1	0	15	94	5	25	30784	786	4	5	1	786
401	24716	0	1	6	0	0	0	2	15	94	5	25	30784	784	0	6	0	784
401	24721	0	1	6	0	2	2	0	17	77	4	25	30784	790	12	4	2	790
401	24722	0	1	6	0	2	2	0	17	77	4	25	30784	790	12	4	2	790
401	24724	0	1	6	0	1	1	0	17	77	4	25	30784	788	8	5	1	788
401	24728	0	1	6	0	1	1	0	17	77	4	25	30784	788	4	5	1	788
401	24737	0	1	6	0	2	2	0	17	77	4	25	30784	790	12	4	2	790
401	24738	0	1	6	0	2	2	0	17	77	4	25	30784	790	12	4	2	790
401	24740	0	1	6	0	1	1	0	17	77	4	25	30784	788	8	5	1	788
401	24744	0	1	6	0	1	1	0	17	77	4	25	30784	788	4	5	1	788
401	24752	0	1	6	0	2	2	0	19	11	3	25	30784	796	12	4	2	796
401	24769	0	1	6	0	2	2	0	18	77	4	26	30784	774	12	4	2	774
401	24770	0	1	6	0	2	2	0	18	77	4	26	30784	774	12	4	2	774
401	24772	0	1	6	0	1	1	0	18	77	4	26	30784	772	8	5	1	772
401	24776	0	1	6	0	1	1	0	18	77	4	26	30784	772	4	5	1	772
401	24784	0	1	6	0	2	2	0	20	11	3	26	30784	780	12	4	2	780
401	24800	0	1	6	0	2	2	0	20	11	3	26	30784	780	12	4	2	780
401	24835	1	2	5	1	2	2	0	15	94	5	25	30784	787	12	3	2	204,236
401	24837	1	2	5	1	1	1	0	15	94	5	25	30784	786	8	4	1	786,818
401	24838	1	2	5	1	1	1	0	15	94	5	25	30784	786	8	4	1	786,818
401	24841	1	2	5	1	1	1	0	15	94	5	25	30784	786	4	4	1	786,818
401	24842	1	2	5	1	1	1	0	15	94	5	25	30784	786	4	4	1	786,818
401	24844	1	2	5	1	0	0	2	15	94	5	25	30784	784	0	5	0	784,816
401	24849	1	2	5	1	2	2	0	17	86	4	25	30784	790	12	3	2	790,822
401	24850	1	2	5	1	2	2	0	17	86	4	25	30784	790	12	3	2	790,822
401	24852	1	2	5	1	1	1	0	17	86	4	25	30784	788	8	4	1	788,820
401	24856	1	2	5	1	1	1	0	17	86	4	25	30784	788	4	4	1	788,820
401	24865	1	2	5	1	2	2	0	17	86	4	25	30784	790	12	3	2	790,822
401	24866	1	2	5	1	2	2	0	17	86	4	25	30784	790	12	3	2	790,822
401	24868	1	2	5	1	1	1	0	17	86	4	25	30784	788	8	4	1	788,820
401	24872	1	2	5	1	1	1	0	17	86	4	25	30784	788	4	4	1	788,820
401	24880	1	3	5	1	1	2	0	19	76	3	25	30784	796	12	3	2	572,796,828
401	24897	1	3	5	1	2	2	0	18	236	5	26	30784	774	12	3	2	774,806,838
401	24898	1	3	5	1	2	2	0	18	236	5	26	30784	774	12	3	2	774,806,838
401	24900	1	3	5	1	1	1	0	18	236	5	26	30784	772	8	4	1	772,804,836
401	24904	1	3	5	1	1	1	0	18	236	5	26	30784	772	4	4	1	772,804,836
401	24912	1	3	5	1	1	2	0	18	86	4	26	30784	780	12	3	2	780,812,844
401	24928	1	3	5	1	1	2	0	18	86	4	26	30784	780	12	3	2	780,812,844
401	24961	0	1	6	0	2	2	0	18	236	5	26	30784	806	12	4	2	806
401	24962	0	1	6	0	2	2	0	18	236	5	26	30784	806	12	4	2	806
401	24964	0	1	6	0	1	1	0	18	236	5	26	30784	804	8	5	1	804
401	24968	0	1	6	0	1	1	0	18	236	5	26	30784	804	4	5	1	804
401	24976	0	1	6	0	2	2	0	18	86	4	26	30784	812	12	4	2	812
401	24992	0	1	6	0	2	2	0	18	86	4	26	30784	812	12	4	2	812
401	25024	0	1	6	0	2	2	0	17	94	5	27	30784	780	12	4	2	780
401	25091	1	2	5	1	2	2	0	15	94	5	25	30784	787	12	3	2	204,236
401	25093	1	2	5	1	1	1	0	15	94	5	25	30784	786	8	4	1	786,818
401	25094	1	2	5	1	1	1	0	15	94	5	25	30784	786	8	4	1	786,818
401	25097	1	2	5	1	1	1	0	15	94	5	25	30784	786	4	4	1	786,818
401	25098	1	2	5	1	1	1	0	15	94	5	25	30784	786	4	4	1	786,818
401	25100	1	2	5	1	0	0	2	15	94	5	25	30784	784	0	5	0	784,816
401	25105	1	2	5	1	2	2	0	17	86	4	25	30784	790	12	3	2	790,822
401	25106	1	2	5	1	2	2	0	17	86	4	25	30784	790	12	3	2	790,822
401	25108	1	2	5	1	1	1	0	17	86	4	25	30784	788	8	4	1	788,820
401	25112	1	2	5	1	1	1	0	17	86	4	25	30784	788	4	4	1	788,820
401	25121	1	2	5	1	2	2	0	17	86	4	25	30784	790	12	3	2	790,822
401	25122	1	2	5	1	2	2	0	17	86	4	25	30784	790	12	3	2	790,822
401	25124	1	2	5	1	1	1	0	17	86	4	25	30784	788	8	4	1	788,820
401	25128	1	2	5	1	1	1	0	17	86	4	25	30784	788	4	4	1	788,820
401	25136	1	3	5	1	1	2	0	19	76	3	25	30784	796	12	3	2	572,796,828
401	25153	1	3	5	1	2	2	0	18	236	5	26	30784	774	12	3	2	774,806,838
401	25154	1	3	5	1	2	2	0	18	236	5	26	30784	774	12	3	2	774,806,838
401	25156	1	3	5	1	1	1	0	18	236	5	26	30784	772	8	4	1	772,804,836
401	25160	1	3	5	1	1	1	0	18	236	5	26	30784	772	4	4	1	772,804,836
401	25168	1	3	5	1	1	2	0	18	86	4	26	30784	780	12	3	2	780,812,844
401	25184	1	3	5	1	1	2	0	18	86	4	26	30784	780	12	3	2	780,812,844
401	25217	0	1	6	0	2	2	0	18	236	5	26	30784	806	12	4	2	806
401	25218	0	1	6	0	2	2	0	18	236	5	26	30784	806	12	4	2	806
401	25220	0	1	6	0	1	1	0	18	236	5	26	30784	804	8	5	1	804
401	25224	0	1	6	0	1	1	0	18	236	5	26	30784	804	4	5	1	804
401	25232	0	1	6	0	2	2	0	18	86	4	26	30784	812	12	4	2	812
401	25248	0	1	6	0	2	2	0	18	86	4	26	30784	812	12	4	2	812
401	25280	0	1	6	0	2	2	0	17	94	5	27	30784	780	12	4	2	780
401	25345	0	1	6	0	2	2	0	18	77	4	26	30784	806	12	4	2	806
401	25346	0	1	6	0	2	2	0	18	77	4	26	30784	806	12	4	2	806
401	25348	0	1	6	0	1	1	0	18	77	4	26	30784	804	8	5	1	804
401	25352	0	1	6	0	1	1	0	18	77	4	26	30784	804	4	5	1	804
401	25360	0	1	6	0	2	2	0	20	76	3	26	30784	812	12	4	2	812
401	25376	0	1	6	0	2	2	0	20	76	3	26	30784	812	12	4	2	812
401	25408	0	1	6	0	2	2	0	17	94	5	27	30784	780	12	4	2	780
401	25472	0	1	6	0	2	2	0	17	94	5	27	30784	844	12	4	2	844
401	25603	1	4	5	1	0	0	1	18	30	4	26	30912	816	0	5	0	204,206,816,818
401	25605	1	2	5	1	0	0	1	16	94	5	26	30912	816	0	5	0	816,818
401	25606	1	2	5	1	0	0	1	16	94	5	26	30912	816	0	5	0	816,818
401	25609	1	2	5	1	0	0	1	16	94	5	26	30912	816	0	5	0	816,818
401	25610	1	2	5	1	0	0	1	16	94	5	26	30912	816	0	5	0	816,818
401	25612	1	1	5	1	0	0	1	14	222	6	26	30912	816	0	5	0	816
401	25617	1	12	5	1	0	0	2	20	13	3	26	29888	560	0	5	0	560,562,564,566,568,570,572,574,816,818,820,822
401	25618	1	12	5	1	0	0	2	20	13	3	26	29888	560	0	5	0	560,562,564,566,568,570,572,574,816,818,820,822
401	25620	1	6	5	1	0	0	2	18	77	4	26	29888	560	0	5	0	560,564,568,572,816,820
401	25624	1	6	5	1	0	0	2	18	77	4	26	29888	560	0	5	0	560,564,568,572,816,820
401	25633	1	12	5	1	0	0	2	20	13	3	26	29888	560	0	5	0	560,562,564,566,568,570,572,574,816,818,820,822
401	25634	1	12	5	1	0	0	2	20	13	3	26	29888	560	0	5	0	560,562,564,566,568,570,572,574,816,818,820,822
401	25636	1	6	5	1	0	0	2	18	77	4	26	29888	560	0	5	0	560,564,568,572,816,820
401	25640	1	6	5	1	0	0	2	18	77	4	26	29888	560	0	5	0	560,564,568,572,816,820
401	25648	0	4	6	0	0	0	1	22	3	2	26	29888	560	0	6	0	560,564,568,572
401	25665	1	4	5	1	0	0	1	19	86	4	27	30912	800	0	5	0	800,802,804,806
401	25666	1	4	5	1	0	0	1	19	86	4	27	30912	800	0	5	0	800,802,804,806
401	25668	1	2	5	1	0	0	1	17	94	5	27	30912	800	0	5	0	800,804
401	25672	1	2	5	1	0	0	1	17	94	5	27	30912	800	0	5	0	800,804
401	25680	1	12	5	1	0	0	3	21	13	3	27	29824	544	0	5	0	544,548,552,556,560,564,568,572,800,804,808,812
401	25696	1	12	5	1	0	0	3	21	13	3	27	29824	544	0	5	0	544,548,552,556,560,564,568,572,800,804,808,812
401	25729	0	4	6	0	0	0	2	21	13	3	27	30784	800	0	6	0	800,802,804,806
401	25730	0	4	6	0	0	0	2	21	13	3	27	30784	800	0	6	0	800,802,804,806
401	25732	0	2	6	0	0	0	2	19	77	4	27	30784	800	0	6	0	800,804
401	25736	0	2	6	0	0	0	2	19	77	4	27	30784	800	0	6	0	800,804
401	25744	0	4	6	0	0	0	2	23	3	2	27	30784	800	0	6	0	800,804,808,812
401	25760	0	4	6	0	0	0	2	23	3	2	27	30784	800	0	6	0	800,804,808,812
401	25792	0	4	6	0	0	0	2	22	13	3	28	30784	768	0	6	0	768,772,776,780
401	25857	1	12	5	1	0	0	2	21	13	3	27	30784	800	0	5	0	800,802,804,806,864,866,868,870,896,898,900,902
401	25858	1	12	5	1	0	0	2	21	13	3	27	30784	800	0	5	0	800,802,804,806,864,866,868,870,896,898,900,902
401	25860	1	6	5	1	0	0	2	19	77	4	27	30784	800	0	5	0	800,804,864,868,896,900
401	25864	1	6	5	1	0	0	2	19	77	4	27	30784	800	0	5	0	800,804,864,868,896,900
401	25872	1	20	5	1	0	0	3	23	12	2	27	29888	608	0	5	0	608,612,616,620,624,628,632,636,800,804,808,812,864,868,872,876,896,900,904,908
401	25888	1	20	5	1	0	0	3	23	12	2	27	29888	608	0	5	0	608,612,616,620,624,628,632,636,800,804,808,812,864,868,872,876,896,900,904,908
401	25920	1	12	5	1	0	0	2	20	77	4	28	30784	768	0	5	0	768,772,776,780,832,836,840,844,896,900,904,908
401	25984	0	4	6	0	0	0	2	22	13	3	28	30784	832	0	6	0	832,836,840,844
401	26113	1	12	5	1	0	0	2	21	13	3	27	30784	800	0	5	0	800,802,804,806,864,866,868,870,896,898,900,902
401	26114	1	12	5	1	0	0	2	21	13	3	27	30784	800	0	5	0	800,802,804,806,864,866,868,870,896,898,900,902
401	26116	1	6	5	1	0	0	2	19	77	4	27	30784	800	0	5	0	800,804,864,868,896,900
401	26120	1	6	5	1	0	0	2	19	77	4	27	30784	800	0	5	0	800,804,864,868,896,900
401	26128	1	20	5	1	0	0	3	23	12	2	27	29888	608	0	5	0	608,612,616,620,624,628,632,636,800,804,808,812,864,868,872,876,896,900,904,908
401	26144	1	20	5	1	0	0	3	23	12	2	27	29888	608	0	5	0	608,612,616,620,624,628,632,636,800,804,808,812,864,868,872,876,896,900,904,908
401	26176	1	12	5	1	0	0	2	20	77	4	28	30784	768	0	5	0	768,772,776,780,832,836,840,844,896,900,904,908
401	26240	0	4	6	0	0	0	2	22	13	3	28	30784	832	0	6	0	832,836,840,844
401	26368	0	8	6	0	0	0	1	24	3	2	28	30784	832	0	6	0	768,772,776,780,832,836,840,844
401	26627	0	1	6	0	2	2	0	16	94	5	26	30912	563	12	4	2	460
401	26629	0	1	6	0	1	1	0	16	94	5	26	30912	562	8	5	1	562
401	26630	0	1	6	0	1	1	0	16	94	5	26	30912	562	8	5	1	562
401	26633	0	1	6	0	1	1	0	16	94	5	26	30912	562	4	5	1	562
401	26634	0	1	6	0	1	1	0	16	94	5	26	30912	562	4	5	1	562
401	26636	0	1	6	0	0	0	1	16	94	5	26	30912	560	0	6	0	560
401	26641	0	1	6	0	2	2	0	18	236	5	26	30912	566	12	4	2	566
401	26642	0	1	6	0	2	2	0	18	236	5	26	30912	566	12	4	2	566
401	26644	0	1	6	0	1	1	0	18	236	5	26	30912	564	8	5	1	564
401	26648	0	1	6	0	1	1	0	18	236	5	26	30912	564	4	5	1	564
401	26657	0	1	6	0	2	2	0	18	236	5	26	30912	566	12	4	2	566
401	26658	0	1	6	0	2	2	0	18	236	5	26	30912	566	12	4	2	566
401	26660	0	1	6	0	1	1	0	18	236	5	26	30912	564	8	5	1	564
401	26664	0	1	6	0	1	1	0	18	236	5	26	30912	564	4	5	1	564
401	26672	0	1	6	0	2	2	0	16	94	5	26	30912	572	12	4	2	572
401	26689	0	1	6	0	1	2	0	19	86	4	27	30912	550	12	4	2	550
401	26690	0	1	6	0	1	2	0	19	86	4	27	30912	550	12	4	2	550
401	26692	0	1	6	0	1	1	0	19	86	4	27	30912	548	8	5	1	548
401	26696	0	1	6	0	1	1	0	19	86	4	27	30912	548	4	5	1	548
401	26704	0	1	6	0	1	2	0	19	86	4	27	30912	556	12	4	2	556
401	26720	0	1	6	0	1	2	0	19	86	4	27	30912	556	12	4	2	556
401	26753	0	1	6	0	2	2	0	19	236	5	27	30784	550	12	4	2	550
401	26754	0	1	6	0	2	2	0	19	236	5	27	30784	550	12	4	2	550
401	26756	0	1	6	0	1	1	0	19	236	5	27	30784	548	8	5	1	548
401	26760	0	1	6	0	1	1	0	19	236	5	27	30784	548	4	5	1	548
401	26768	0	1	6	0	2	2	0	17	94	5	27	30784	556	12	4	2	556
401	26784	0	1	6	0	2	2	0	17	94	5	27	30784	556	12	4	2	556
401	26816	0	1	6	0	1	2	0	20	86	4	28	30784	524	12	4	2	524
401	26881	0	1	6	0	2	2	0	19	77	4	27	30912	614	12	4	2	614
401	26882	0	1	6	0	2	2	0	19	77	4	27	30912	614	12	4	2	614
401	26884	0	1	6	0	1	1	0	19	77	4	27	30912	612	8	5	1	612
401	26888	0	1	6	0	1	1	0	19	77	4	27	30912	612	4	5	1	612
401	26896	0	1	6	0	2	2	0	19	86	4	27	30912	620	12	4	2	620
401	26912	0	1	6	0	2	2	0	19	86	4	27	30912	620	12	4	2	620
401	26944	0	1	6	0	1	2	0	20	86	4	28	30912	588	12	4	2	588
401	27008	0	1	6	0	2	2	0	18	94	5	28	30784	588	12	4	2	588
401	27137	0	1	6	0	2	2	0	19	77	4	27	30912	614	12	4	2	614
401	27138	0	1	6	0	2	2	0	19	77	4	27	30912	614	12	4	2	614
401	27140	0	1	6	0	1	1	0	19	77	4	27	30912	612	8	5	1	612
401	27144	0	1	6	0	1	1	0	19	77	4	27	30912	612	4	5	1	612
401	27152	0	1	6	0	2	2	0	19	86	4	27	30912	620	12	4	2	620
401	27168	0	1	6	0	2	2	0	19	86	4	27	30912	620	12	4	2	620
401	27200	0	1	6	0	1	2	0	20	86	4	28	30912	588	12	4	2	588
401	27264	0	1	6	0	2	2	0	18	94	5	28	30784	588	12	4	2	588
401	27392	0	2	6	0	1	2	0	22	11	3	28	30784	588	12	4	2	588,716
401	27649	0	4	6	0	0	0	2	20	86	4	28	29888	608	0	6	0	608,610,612,614
401	27650	0	4	6	0	0	0	2	20	86	4	28	29888	608	0	6	0	608,610,612,614
401	27652	0	2	6	0	0	0	2	18	94	5	28	29888	608	0	6	0	608,612
401	27656	0	2	6	0	0	0	2	18	94	5	28	29888	608	0	6	0	608,612
401	27664	0	4	6	0	0	0	2	20	77	4	28	29888	608	0	6	0	608,612,616,620
401	27680	0	4	6	0	0	0	2	20	77	4	28	29888	608	0	6	0	608,612,616,620
401	27712	0	4	6	0	0	0	3	21	86	4	29	29824	576	0	6	0	576,580,584,588
401	27776	0	4	6	0	0	0	3	21	77	4	29	29888	576	0	6	0	576,580,584,588
401	27904	0	4	6	0	0	0	2	23	13	3	29	29888	704	0	6	0	704,708,712,716
401	28160	0	4	6	0	0	0	2	23	13	3	29	29888	704	0	6	0	704,708,712,716
401	28675	1	3	5	1	2	2	0	16	222	6	28	29888	316	48	3	2	316,460,960
401	28677	1	6	5	1	1	1	0	18	94	5	28	30912	562	8	4	1	62,316,460,562,706,960
401	28678	1	6	5	1	1	1	0	18	94	5	28	30912	562	8	4	1	62,316,460,562,706,960
401	28681	1	6	5	1	1	1	0	18	94	5	28	30912	562	4	4	1	62,316,460,562,706,960
401	28682	1	6	5	1	1	1	0	18	94	5	28	30912	562	4	4	1	62,316,460,562,706,960
401	28684	1	12	5	1	0	0	1	20	30	4	28	30912	560	0	5	0	60,62,316,318,460,462,560,562,704,706,960,962
401	28689	1	6	5	1	1	1	0	18	94	5	28	29888	312	32	4	1	62,312,456,566,710,960
401	28690	1	6	5	1	1	1	0	18	94	5	28	29888	312	32	4	1	62,312,456,566,710,960
401	28692	1	12	5	1	1	1	0	20	86	4	28	29888	312	32	4	1	60,62,312,314,456,458,564,566,708,710,960,962
401	28696	1	12	5	1	1	1	0	20	86	4	28	29888	312	32	4	1	60,62,312,314,456,458,564,566,708,710,960,962
401	28705	1	6	5	1	1	1	0	18	94	5	28	29888	312	16	4	1	62,312,456,566,710,960
401	28706	1	6	5	1	1	1	0	18	94	5	28	29888	312	16	4	1	62,312,456,566,710,960
401	28708	1	12	5	1	1	1	0	20	86	4	28	29888	312	16	4	1	60,62,312,314,456,458,564,566,708,710,960,962
401	28712	1	12	5	1	1	1	0	20	86	4	28	29888	312	16	4	1	60,62,312,314,456,458,564,566,708,710,960,962
401	28720	1	12	5	1	0	0	1	20	30	4	28	29888	304	0	5	0	60,62,304,306,448,450,572,574,716,718,960,962
401	28737	0	2	6	0	2	2	0	21	77	4	29	29824	312	48	4	2	312,710
401	28738	0	2	6	0	2	2	0	21	77	4	29	29824	312	48	4	2	312,710
401	28740	0	4	6	0	2	2	0	23	13	3	29	29824	312	48	4	2	312,314,708,710
401	28744	0	4	6	0	2	2	0	23	13	3	29	29824	312	48	4	2	312,314,708,710
401	28752	0	4	6	0	1	1	0	23	13	3	29	29824	304	32	5	1	304,306,716,718
401	28768	0	4	6	0	1	1	0	23	13	3	29	29824	304	16	5	1	304,306,716,718
401	28801	0	2	6	0	2	2	0	21	77	4	29	30784	550	12	4	2	472,550
401	28802	0	2	6	0	2	2	0	21	77	4	29	30784	550	12	4	2	472,550
401	28804	0	4	6	0	1	1	0	23	13	3	29	30784	548	8	5	1	472,474,548,550
401	28808	0	4	6	0	1	1	0	23	13	3	29	30784	548	4	5	1	472,474,548,550
401	28816	0	4	6	0	2	2	0	23	13	3	29	30784	556	12	4	2	464,466,556,558
401	28832	0	4	6	0	2	2	0	23	13	3	29	30784	556	12	4	2	464,466,556,558
401	28864	0	16	6	0	2	2	0	26	3	2	30	29824	304	48	4	2	304,306,368,370,432,434,496,498,524,526,588,590,652,654,716,718
401	28929	1	10	5	1	2	2	0	19	94	5	29	29824	344	48	3	2	126,344,376,408,472,550,614,646,678,896
401	28930	1	10	5	1	2	2	0	19	94	5	29	29824	344	48	3	2	126,344,376,408,472,550,614,646,678,896
401	28932	1	20	5	1	1	1	0	21	86	4	29	30784	548	8	4	1	124,126,344,346,376,378,408,410,472,474,548,550,612,614,644,646,676,678,896,898
401	28936	1	20	5	1	1	1	0	21	86	4	29	30784	548	4	4	1	124,126,344,346,376,378,408,410,472,474,548,550,612,614,644,646,676,678,896,898
401	28944	1	20	5	1	1	1	0	21	86	4	29	29824	336	32	4	1	124,126,336,338,368,370,400,402,464,466,556,558,620,622,652,654,684,686,896,898
401	28960	1	20	5	1	1	1	0	21	86	4	29	29824	336	16	4	1	124,126,336,338,368,370,400,402,464,466,556,558,620,622,652,654,684,686,896,898
401	28992	0	4	6	0	2	2	0	22	77	4	30	29824	368	48	4	2	368,370,652,654
401	29056	0	4	6	0	2	2	0	22	77	4	30	30784	588	12	4	2	432,434,588,590
401	29185	1	10	5	1	2	2	0	19	94	5	29	29824	344	48	3	2	126,344,376,408,472,550,614,646,678,896
401	29186	1	10	5	1	2	2	0	19	94	5	29	29824	344	48	3	2	126,344,376,408,472,550,614,646,678,896
401	29188	1	20	5	1	1	1	0	21	86	4	29	30784	548	8	4	1	124,126,344,346,376,378,408,410,472,474,548,550,612,614,644,646,676,678,896,898
401	29192	1	20	5	1	1	1	0	21	86	4	29	30784	548	4	4	1	124,126,344,346,376,378,408,410,472,474,548,550,612,614,644,646,676,678,896,898
401	29200	1	20	5	1	1	1	0	21	86	4	29	29824	336	32	4	1	124,126,336,338,368,370,400,402,464,466,556,558,620,622,652,654,684,686,896,898
401	29216	1	20	5	1	1	1	0	21	86	4	29	29824	336	16	4	1	124,126,336,338,368,370,400,402,464,466,556,558,620,622,652,654,684,686,896,898
401	29248	0	4	6	0	2	2	0	22	77	4	30	29824	368	48	4	2	368,370,652,654
401	29312	0	4	6	0	2	2	0	22	77	4	30	30784	588	12	4	2	432,434,588,590
401	29440	0	4	6	0	2	2	0	22	30	4	30	29824	432	48	4	2	432,434,588,590
401	29697	0	8	6	0	1	2	0	22	77	4	30	29888	120	48	4	2	120,122,124,126,896,898,900,902
401	29698	0	8	6	0	1	2	0	22	77	4	30	29888	120	48	4	2	120,122,124,126,896,898,900,902
401	29700	0	8	6	0	1	2	0	22	77	4	30	29888	120	48	4	2	120,122,124,126,896,898,900,902
401	29704	0	8	6	0	1	2	0	22	77	4	30	29888	120	48	4	2	120,122,124,126,896,898,900,902
401	29712	0	16	6	0	1	1	0	24	13	3	30	29888	112	32	5	1	112,114,116,118,120,122,124,126,896,898,900,902,904,906,908,910
401	29728	0	16	6	0	1	1	0	24	13	3	30	29888	112	16	5	1	112,114,116,118,120,122,124,126,896,898,900,902,904,906,908,910
401	29760	0	16	6	0	1	2	0	25	13	3	31	29824	112	48	4	2	112,114,116,118,120,122,124,126,896,898,900,902,904,906,908,910
401	29824	0	32	6	0	0	0	2	27	12	2	31	30784	576	0	6	0	112,114,116,118,120,122,124,126,432,434,436,438,440,442,444,446,576,578,580,582,584,586,588,590,896,898,900,902,904,906,908,910
401	29952	0	16	6	0	1	2	0	25	13	3	31	29888	240	48	4	2	240,242,244,246,248,250,252,254,768,770,772,774,776,778,780,782
401	30208	0	16	6	0	1	2	0	25	13	3	31	29888	240	48	4	2	240,242,244,246,248,250,252,254,768,770,772,774,776,778,780,782
401	30721	0	8	6	0	1	2	0	22	77	4	30	30912	102	12	4	2	102,110,118,126,896,904,912,920
401	30722	0	8	6	0	1	2	0	22	77	4	30	30912	102	12	4	2	102,110,118,126,896,904,912,920
401	30724	0	16	6	0	1	1	0	24	13	3	30	30912	100	8	5	1	100,102,108,110,116,118,124,126,896,898,904,906,912,914,920,922
401	30728	0	16	6	0	1	1	0	24	13	3	30	30912	100	4	5	1	100,102,108,110,116,118,124,126,896,898,904,906,912,914,920,922
401	30736	0	8	6	0	1	2	0	22	77	4	30	30912	108	12	4	2	108,110,124,126,896,898,912,914
401	30752	0	8	6	0	1	2	0	22	77	4	30	30912	108	12	4	2	108,110,124,126,896,898,912,914
401	30784	0	32	6	0	0	0	2	27	12	2	31	29824	576	0	6	0	76,78,92,94,108,110,124,126,396,398,412,414,428,430,444,446,576,578,592,594,608,610,624,626,896,898,912,914,928,930,944,946
401	30848	0	16	6	0	1	2	0	25	13	3	31	29824	896	768	4	2	76,78,92,94,108,110,124,126,896,898,912,914,928,930,944,946
401	30976	0	16	6	0	1	2	0	25	13	3	31	29824	768	640	5	1	204,206,220,222,236,238,252,254,768,770,784,786,800,802,816,818
401	31232	0	16	6	0	1	2	0	25	13	3	31	29824	768	384	5	1	204,206,220,222,236,238,252,254,768,770,784,786,800,802,816,818
401	31744	0	64	6	0	0	0	2	26	13	3	32	29888	192	0	6	0	192,194,196,198,200,202,204,206,208,210,212,214,216,218,220,222,224,226,228,230,232,234,236,238,240,242,244,246,248,250,252,254,768,770,772,774,776,778,780,782,784,786,788,790,792,794,796,798,800,802,804,806,808,810,812,814,816,818,820,822,824,826,828,830
