id	Y_mask	good	q	rho	delta_min	f_mask	h_mask_local	S_mask	S_vertices	S_size	S_edges	S_degrees	independent	connected	path	star	bipartite	H_boundary_M	H_boundary_C	Y_boundary_M	Y_boundary_C	S_internal_M	S_internal_C	R	Delta
614	31	0	6	2	6	32512	824	6144	11,12	2	0	0,0	1	0	0	0	1	6	0	0	8	0	0	0	6
614	47	0	6	2	6	32512	824	6144	11,12	2	0	0,0	1	0	0	0	1	6	0	0	8	0	0	0	6
614	55	1	4	2	4	32512	824	6144	11,12	2	0	0,0	1	0	0	0	1	6	2	0	6	0	0	0	4
614	59	1	4	2	4	32512	824	6144	11,12	2	0	0,0	1	0	0	0	1	6	2	0	6	0	0	0	4
614	61	1	4	2	4	32512	824	6144	11,12	2	0	0,0	1	0	0	0	1	6	2	0	6	0	0	0	4
614	62	1	4	2	4	32512	824	6144	11,12	2	0	0,0	1	0	0	0	1	6	2	0	6	0	0	0	4
614	79	0	6	2	6	32512	824	6144	11,12	2	0	0,0	1	0	0	0	1	6	0	0	8	0	0	0	6
614	87	1	4	2	4	32512	824	6144	11,12	2	0	0,0	1	0	0	0	1	6	2	0	6	0	0	0	4
614	91	1	4	2	4	32512	824	6144	11,12	2	0	0,0	1	0	0	0	1	6	2	0	6	0	0	0	4
614	93	1	4	2	4	32512	824	6144	11,12	2	0	0,0	1	0	0	0	1	6	2	0	6	0	0	0	4
614	94	1	4	2	4	32512	824	6144	11,12	2	0	0,0	1	0	0	0	1	6	2	0	6	0	0	0	4
614	103	1	4	2	4	32512	824	6144	11,12	2	0	0,0	1	0	0	0	1	6	2	0	6	0	0	0	4
614	107	1	4	2	4	32512	824	6144	11,12	2	0	0,0	1	0	0	0	1	6	2	0	6	0	0	0	4
614	109	1	4	2	4	32512	824	6144	11,12	2	0	0,0	1	0	0	0	1	6	2	0	6	0	0	0	4
614	110	1	4	2	4	32512	824	6144	11,12	2	0	0,0	1	0	0	0	1	6	2	0	6	0	0	0	4
614	115	1	4	4	4	32512	964	1920	7,8,9,10	4	3	1,1,1,3	0	1	0	1	1	6	2	0	9	0	3	0	4
614	117	1	4	4	4	32512	964	1920	7,8,9,10	4	3	1,1,1,3	0	1	0	1	1	6	2	0	9	0	3	0	4
614	118	1	4	4	4	32512	964	1920	7,8,9,10	4	3	1,1,1,3	0	1	0	1	1	6	2	0	9	0	3	0	4
614	121	1	4	4	4	32512	964	1920	7,8,9,10	4	3	1,1,1,3	0	1	0	1	1	6	2	0	9	0	3	0	4
614	122	1	4	4	4	32512	964	1920	7,8,9,10	4	3	1,1,1,3	0	1	0	1	1	6	2	0	9	0	3	0	4
614	124	1	4	4	4	32512	964	1920	7,8,9,10	4	3	1,1,1,3	0	1	0	1	1	6	2	0	9	0	3	0	4
614	143	0	6	2	6	32512	824	6144	11,12	2	0	0,0	1	0	0	0	1	6	0	0	8	0	0	0	6
614	151	1	4	2	4	32512	824	6144	11,12	2	0	0,0	1	0	0	0	1	6	2	0	6	0	0	0	4
614	155	1	4	2	4	32512	824	6144	11,12	2	0	0,0	1	0	0	0	1	6	2	0	6	0	0	0	4
614	157	1	4	2	4	32512	824	6144	11,12	2	0	0,0	1	0	0	0	1	6	2	0	6	0	0	0	4
614	158	1	4	2	4	32512	824	6144	11,12	2	0	0,0	1	0	0	0	1	6	2	0	6	0	0	0	4
614	167	1	4	2	4	32512	824	6144	11,12	2	0	0,0	1	0	0	0	1	6	2	0	6	0	0	0	4
614	171	1	4	2	4	32512	824	6144	11,12	2	0	0,0	1	0	0	0	1	6	2	0	6	0	0	0	4
614	173	1	4	2	4	32512	824	6144	11,12	2	0	0,0	1	0	0	0	1	6	2	0	6	0	0	0	4
614	174	1	4	2	4	32512	824	6144	11,12	2	0	0,0	1	0	0	0	1	6	2	0	6	0	0	0	4
614	179	1	4	4	4	32512	964	1856	6,8,9,10	4	3	1,1,1,3	0	1	0	1	1	6	2	0	9	0	3	0	4
614	181	1	4	4	4	32512	964	1856	6,8,9,10	4	3	1,1,1,3	0	1	0	1	1	6	2	0	9	0	3	0	4
614	182	1	4	4	4	32512	964	1856	6,8,9,10	4	3	1,1,1,3	0	1	0	1	1	6	2	0	9	0	3	0	4
614	185	1	4	4	4	32512	964	1856	6,8,9,10	4	3	1,1,1,3	0	1	0	1	1	6	2	0	9	0	3	0	4
614	186	1	4	4	4	32512	964	1856	6,8,9,10	4	3	1,1,1,3	0	1	0	1	1	6	2	0	9	0	3	0	4
614	188	1	4	4	4	32512	964	1856	6,8,9,10	4	3	1,1,1,3	0	1	0	1	1	6	2	0	9	0	3	0	4
614	199	1	4	2	4	32512	824	6144	11,12	2	0	0,0	1	0	0	0	1	6	2	0	6	0	0	0	4
614	203	1	4	2	4	32512	824	6144	11,12	2	0	0,0	1	0	0	0	1	6	2	0	6	0	0	0	4
614	205	1	4	2	4	32512	824	6144	11,12	2	0	0,0	1	0	0	0	1	6	2	0	6	0	0	0	4
614	206	1	4	2	4	32512	824	6144	11,12	2	0	0,0	1	0	0	0	1	6	2	0	6	0	0	0	4
614	211	1	4	4	4	32512	964	1824	5,8,9,10	4	3	1,1,1,3	0	1	0	1	1	6	2	0	9	0	3	0	4
614	213	1	4	4	4	32512	964	1824	5,8,9,10	4	3	1,1,1,3	0	1	0	1	1	6	2	0	9	0	3	0	4
614	214	1	4	4	4	32512	964	1824	5,8,9,10	4	3	1,1,1,3	0	1	0	1	1	6	2	0	9	0	3	0	4
614	217	1	4	4	4	32512	964	1824	5,8,9,10	4	3	1,1,1,3	0	1	0	1	1	6	2	0	9	0	3	0	4
614	218	1	4	4	4	32512	964	1824	5,8,9,10	4	3	1,1,1,3	0	1	0	1	1	6	2	0	9	0	3	0	4
614	220	1	4	4	4	32512	964	1824	5,8,9,10	4	3	1,1,1,3	0	1	0	1	1	6	2	0	9	0	3	0	4
614	227	1	4	4	4	32512	964	1808	4,8,9,10	4	3	1,1,1,3	0	1	0	1	1	6	2	0	9	0	3	0	4
614	229	1	4	4	4	32512	964	1808	4,8,9,10	4	3	1,1,1,3	0	1	0	1	1	6	2	0	9	0	3	0	4
614	230	1	4	4	4	32512	964	1808	4,8,9,10	4	3	1,1,1,3	0	1	0	1	1	6	2	0	9	0	3	0	4
614	233	1	4	4	4	32512	964	1808	4,8,9,10	4	3	1,1,1,3	0	1	0	1	1	6	2	0	9	0	3	0	4
614	234	1	4	4	4	32512	964	1808	4,8,9,10	4	3	1,1,1,3	0	1	0	1	1	6	2	0	9	0	3	0	4
614	236	1	4	4	4	32512	964	1808	4,8,9,10	4	3	1,1,1,3	0	1	0	1	1	6	2	0	9	0	3	0	4
614	241	0	6	3	6	32512	960	1792	8,9,10	3	0	0,0,0	1	0	0	0	1	6	0	0	12	0	0	0	6
614	242	0	6	3	6	32512	960	1792	8,9,10	3	0	0,0,0	1	0	0	0	1	6	0	0	12	0	0	0	6
614	244	0	6	3	6	32512	960	1792	8,9,10	3	0	0,0,0	1	0	0	0	1	6	0	0	12	0	0	0	6
614	248	0	6	3	6	32512	960	1792	8,9,10	3	0	0,0,0	1	0	0	0	1	6	0	0	12	0	0	0	6
614	271	0	6	2	4	32512	816	6144	11,12	2	0	0,0	1	0	0	0	1	4	0	2	8	0	0	2	4
614	279	1	4	2	2	32512	816	6144	11,12	2	0	0,0	1	0	0	0	1	4	2	2	6	0	0	2	2
614	283	1	4	2	2	32512	816	6144	11,12	2	0	0,0	1	0	0	0	1	4	2	2	6	0	0	2	2
614	285	1	4	2	2	32512	816	6144	11,12	2	0	0,0	1	0	0	0	1	4	2	2	6	0	0	2	2
614	286	1	4	2	2	32512	816	6144	11,12	2	0	0,0	1	0	0	0	1	4	2	2	6	0	0	2	2
614	295	1	4	2	2	32512	816	6144	11,12	2	0	0,0	1	0	0	0	1	4	2	2	6	0	0	2	2
614	299	1	4	2	2	32512	816	6144	11,12	2	0	0,0	1	0	0	0	1	4	2	2	6	0	0	2	2
614	301	1	4	2	2	32512	816	6144	11,12	2	0	0,0	1	0	0	0	1	4	2	2	6	0	0	2	2
614	302	1	4	2	2	32512	816	6144	11,12	2	0	0,0	1	0	0	0	1	4	2	2	6	0	0	2	2
614	327	1	4	2	2	32512	816	6144	11,12	2	0	0,0	1	0	0	0	1	4	2	2	6	0	0	2	2
614	331	1	4	2	2	32512	816	6144	11,12	2	0	0,0	1	0	0	0	1	4	2	2	6	0	0	2	2
614	333	1	4	2	2	32512	816	6144	11,12	2	0	0,0	1	0	0	0	1	4	2	2	6	0	0	2	2
614	334	1	4	2	2	32512	816	6144	11,12	2	0	0,0	1	0	0	0	1	4	2	2	6	0	0	2	2
614	369	1	4	2	2	32512	960	1536	9,10	2	0	0,0	1	0	0	0	1	4	2	0	6	0	0	2	2
614	370	1	4	2	2	32512	960	1536	9,10	2	0	0,0	1	0	0	0	1	4	2	0	6	0	0	2	2
614	372	1	4	2	2	32512	960	1536	9,10	2	0	0,0	1	0	0	0	1	4	2	0	6	0	0	2	2
614	376	1	4	2	2	32512	960	1536	9,10	2	0	0,0	1	0	0	0	1	4	2	0	6	0	0	2	2
614	391	1	4	2	2	32512	816	6144	11,12	2	0	0,0	1	0	0	0	1	4	2	2	6	0	0	2	2
614	395	1	4	2	2	32512	816	6144	11,12	2	0	0,0	1	0	0	0	1	4	2	2	6	0	0	2	2
614	397	1	4	2	2	32512	816	6144	11,12	2	0	0,0	1	0	0	0	1	4	2	2	6	0	0	2	2
614	398	1	4	2	2	32512	816	6144	11,12	2	0	0,0	1	0	0	0	1	4	2	2	6	0	0	2	2
614	433	1	4	2	2	32512	960	1536	9,10	2	0	0,0	1	0	0	0	1	4	2	0	6	0	0	2	2
614	434	1	4	2	2	32512	960	1536	9,10	2	0	0,0	1	0	0	0	1	4	2	0	6	0	0	2	2
614	436	1	4	2	2	32512	960	1536	9,10	2	0	0,0	1	0	0	0	1	4	2	0	6	0	0	2	2
614	440	1	4	2	2	32512	960	1536	9,10	2	0	0,0	1	0	0	0	1	4	2	0	6	0	0	2	2
614	465	1	4	2	2	32512	960	1536	9,10	2	0	0,0	1	0	0	0	1	4	2	0	6	0	0	2	2
614	466	1	4	2	2	32512	960	1536	9,10	2	0	0,0	1	0	0	0	1	4	2	0	6	0	0	2	2
614	468	1	4	2	2	32512	960	1536	9,10	2	0	0,0	1	0	0	0	1	4	2	0	6	0	0	2	2
614	472	1	4	2	2	32512	960	1536	9,10	2	0	0,0	1	0	0	0	1	4	2	0	6	0	0	2	2
614	481	1	4	2	2	32512	960	1536	9,10	2	0	0,0	1	0	0	0	1	4	2	0	6	0	0	2	2
614	482	1	4	2	2	32512	960	1536	9,10	2	0	0,0	1	0	0	0	1	4	2	0	6	0	0	2	2
614	484	1	4	2	2	32512	960	1536	9,10	2	0	0,0	1	0	0	0	1	4	2	0	6	0	0	2	2
614	488	1	4	2	2	32512	960	1536	9,10	2	0	0,0	1	0	0	0	1	4	2	0	6	0	0	2	2
614	496	0	6	2	4	32512	960	1536	9,10	2	0	0,0	1	0	0	0	1	4	0	0	8	0	0	2	4
614	527	0	6	2	4	32512	816	6144	11,12	2	0	0,0	1	0	0	0	1	4	0	2	8	0	0	2	4
614	535	1	4	2	2	32512	816	6144	11,12	2	0	0,0	1	0	0	0	1	4	2	2	6	0	0	2	2
614	539	1	4	2	2	32512	816	6144	11,12	2	0	0,0	1	0	0	0	1	4	2	2	6	0	0	2	2
614	541	1	4	2	2	32512	816	6144	11,12	2	0	0,0	1	0	0	0	1	4	2	2	6	0	0	2	2
614	542	1	4	2	2	32512	816	6144	11,12	2	0	0,0	1	0	0	0	1	4	2	2	6	0	0	2	2
614	551	1	4	2	2	32512	816	6144	11,12	2	0	0,0	1	0	0	0	1	4	2	2	6	0	0	2	2
614	555	1	4	2	2	32512	816	6144	11,12	2	0	0,0	1	0	0	0	1	4	2	2	6	0	0	2	2
614	557	1	4	2	2	32512	816	6144	11,12	2	0	0,0	1	0	0	0	1	4	2	2	6	0	0	2	2
614	558	1	4	2	2	32512	816	6144	11,12	2	0	0,0	1	0	0	0	1	4	2	2	6	0	0	2	2
614	583	1	4	2	2	32512	816	6144	11,12	2	0	0,0	1	0	0	0	1	4	2	2	6	0	0	2	2
614	587	1	4	2	2	32512	816	6144	11,12	2	0	0,0	1	0	0	0	1	4	2	2	6	0	0	2	2
614	589	1	4	2	2	32512	816	6144	11,12	2	0	0,0	1	0	0	0	1	4	2	2	6	0	0	2	2
614	590	1	4	2	2	32512	816	6144	11,12	2	0	0,0	1	0	0	0	1	4	2	2	6	0	0	2	2
614	625	1	4	2	2	32512	960	1280	8,10	2	0	0,0	1	0	0	0	1	4	2	0	6	0	0	2	2
614	626	1	4	2	2	32512	960	1280	8,10	2	0	0,0	1	0	0	0	1	4	2	0	6	0	0	2	2
614	628	1	4	2	2	32512	960	1280	8,10	2	0	0,0	1	0	0	0	1	4	2	0	6	0	0	2	2
614	632	1	4	2	2	32512	960	1280	8,10	2	0	0,0	1	0	0	0	1	4	2	0	6	0	0	2	2
614	647	1	4	2	2	32512	816	6144	11,12	2	0	0,0	1	0	0	0	1	4	2	2	6	0	0	2	2
614	651	1	4	2	2	32512	816	6144	11,12	2	0	0,0	1	0	0	0	1	4	2	2	6	0	0	2	2
614	653	1	4	2	2	32512	816	6144	11,12	2	0	0,0	1	0	0	0	1	4	2	2	6	0	0	2	2
614	654	1	4	2	2	32512	816	6144	11,12	2	0	0,0	1	0	0	0	1	4	2	2	6	0	0	2	2
614	689	1	4	2	2	32512	960	1280	8,10	2	0	0,0	1	0	0	0	1	4	2	0	6	0	0	2	2
614	690	1	4	2	2	32512	960	1280	8,10	2	0	0,0	1	0	0	0	1	4	2	0	6	0	0	2	2
614	692	1	4	2	2	32512	960	1280	8,10	2	0	0,0	1	0	0	0	1	4	2	0	6	0	0	2	2
614	696	1	4	2	2	32512	960	1280	8,10	2	0	0,0	1	0	0	0	1	4	2	0	6	0	0	2	2
614	721	1	4	2	2	32512	960	1280	8,10	2	0	0,0	1	0	0	0	1	4	2	0	6	0	0	2	2
614	722	1	4	2	2	32512	960	1280	8,10	2	0	0,0	1	0	0	0	1	4	2	0	6	0	0	2	2
614	724	1	4	2	2	32512	960	1280	8,10	2	0	0,0	1	0	0	0	1	4	2	0	6	0	0	2	2
614	728	1	4	2	2	32512	960	1280	8,10	2	0	0,0	1	0	0	0	1	4	2	0	6	0	0	2	2
614	737	1	4	2	2	32512	960	1280	8,10	2	0	0,0	1	0	0	0	1	4	2	0	6	0	0	2	2
614	738	1	4	2	2	32512	960	1280	8,10	2	0	0,0	1	0	0	0	1	4	2	0	6	0	0	2	2
614	740	1	4	2	2	32512	960	1280	8,10	2	0	0,0	1	0	0	0	1	4	2	0	6	0	0	2	2
614	744	1	4	2	2	32512	960	1280	8,10	2	0	0,0	1	0	0	0	1	4	2	0	6	0	0	2	2
614	752	0	6	2	4	32512	960	1280	8,10	2	0	0,0	1	0	0	0	1	4	0	0	8	0	0	2	4
614	880	1	5	1	1	32512	960	1024	10	1	0	0	1	1	1	1	1	2	1	0	3	0	0	4	1
614	944	1	5	1	1	32512	960	1024	10	1	0	0	1	1	1	1	1	2	1	0	3	0	0	4	1
614	976	1	5	1	1	32512	960	1024	10	1	0	0	1	1	1	1	1	2	1	0	3	0	0	4	1
614	992	1	5	1	1	32512	960	1024	10	1	0	0	1	1	1	1	1	2	1	0	3	0	0	4	1
614	1039	0	6	2	4	32512	816	6144	11,12	2	0	0,0	1	0	0	0	1	4	0	2	8	0	0	2	4
614	1047	1	4	2	2	32512	816	6144	11,12	2	0	0,0	1	0	0	0	1	4	2	2	6	0	0	2	2
614	1051	1	4	2	2	32512	816	6144	11,12	2	0	0,0	1	0	0	0	1	4	2	2	6	0	0	2	2
614	1053	1	4	2	2	32512	816	6144	11,12	2	0	0,0	1	0	0	0	1	4	2	2	6	0	0	2	2
614	1054	1	4	2	2	32512	816	6144	11,12	2	0	0,0	1	0	0	0	1	4	2	2	6	0	0	2	2
614	1063	1	4	2	2	32512	816	6144	11,12	2	0	0,0	1	0	0	0	1	4	2	2	6	0	0	2	2
614	1067	1	4	2	2	32512	816	6144	11,12	2	0	0,0	1	0	0	0	1	4	2	2	6	0	0	2	2
614	1069	1	4	2	2	32512	816	6144	11,12	2	0	0,0	1	0	0	0	1	4	2	2	6	0	0	2	2
614	1070	1	4	2	2	32512	816	6144	11,12	2	0	0,0	1	0	0	0	1	4	2	2	6	0	0	2	2
614	1095	1	4	2	2	32512	816	6144	11,12	2	0	0,0	1	0	0	0	1	4	2	2	6	0	0	2	2
614	1099	1	4	2	2	32512	816	6144	11,12	2	0	0,0	1	0	0	0	1	4	2	2	6	0	0	2	2
614	1101	1	4	2	2	32512	816	6144	11,12	2	0	0,0	1	0	0	0	1	4	2	2	6	0	0	2	2
614	1102	1	4	2	2	32512	816	6144	11,12	2	0	0,0	1	0	0	0	1	4	2	2	6	0	0	2	2
614	1137	1	4	2	2	32512	960	768	8,9	2	0	0,0	1	0	0	0	1	4	2	0	6	0	0	2	2
614	1138	1	4	2	2	32512	960	768	8,9	2	0	0,0	1	0	0	0	1	4	2	0	6	0	0	2	2
614	1140	1	4	2	2	32512	960	768	8,9	2	0	0,0	1	0	0	0	1	4	2	0	6	0	0	2	2
614	1144	1	4	2	2	32512	960	768	8,9	2	0	0,0	1	0	0	0	1	4	2	0	6	0	0	2	2
614	1159	1	4	2	2	32512	816	6144	11,12	2	0	0,0	1	0	0	0	1	4	2	2	6	0	0	2	2
614	1163	1	4	2	2	32512	816	6144	11,12	2	0	0,0	1	0	0	0	1	4	2	2	6	0	0	2	2
614	1165	1	4	2	2	32512	816	6144	11,12	2	0	0,0	1	0	0	0	1	4	2	2	6	0	0	2	2
614	1166	1	4	2	2	32512	816	6144	11,12	2	0	0,0	1	0	0	0	1	4	2	2	6	0	0	2	2
614	1201	1	4	2	2	32512	960	768	8,9	2	0	0,0	1	0	0	0	1	4	2	0	6	0	0	2	2
614	1202	1	4	2	2	32512	960	768	8,9	2	0	0,0	1	0	0	0	1	4	2	0	6	0	0	2	2
614	1204	1	4	2	2	32512	960	768	8,9	2	0	0,0	1	0	0	0	1	4	2	0	6	0	0	2	2
614	1208	1	4	2	2	32512	960	768	8,9	2	0	0,0	1	0	0	0	1	4	2	0	6	0	0	2	2
614	1233	1	4	2	2	32512	960	768	8,9	2	0	0,0	1	0	0	0	1	4	2	0	6	0	0	2	2
614	1234	1	4	2	2	32512	960	768	8,9	2	0	0,0	1	0	0	0	1	4	2	0	6	0	0	2	2
614	1236	1	4	2	2	32512	960	768	8,9	2	0	0,0	1	0	0	0	1	4	2	0	6	0	0	2	2
614	1240	1	4	2	2	32512	960	768	8,9	2	0	0,0	1	0	0	0	1	4	2	0	6	0	0	2	2
614	1249	1	4	2	2	32512	960	768	8,9	2	0	0,0	1	0	0	0	1	4	2	0	6	0	0	2	2
614	1250	1	4	2	2	32512	960	768	8,9	2	0	0,0	1	0	0	0	1	4	2	0	6	0	0	2	2
614	1252	1	4	2	2	32512	960	768	8,9	2	0	0,0	1	0	0	0	1	4	2	0	6	0	0	2	2
614	1256	1	4	2	2	32512	960	768	8,9	2	0	0,0	1	0	0	0	1	4	2	0	6	0	0	2	2
614	1264	0	6	2	4	32512	960	768	8,9	2	0	0,0	1	0	0	0	1	4	0	0	8	0	0	2	4
614	1392	1	5	1	1	32512	960	512	9	1	0	0	1	1	1	1	1	2	1	0	3	0	0	4	1
614	1456	1	5	1	1	32512	960	512	9	1	0	0	1	1	1	1	1	2	1	0	3	0	0	4	1
614	1488	1	5	1	1	32512	960	512	9	1	0	0	1	1	1	1	1	2	1	0	3	0	0	4	1
614	1504	1	5	1	1	32512	960	512	9	1	0	0	1	1	1	1	1	2	1	0	3	0	0	4	1
614	1648	1	5	1	1	32512	960	256	8	1	0	0	1	1	1	1	1	2	1	0	3	0	0	4	1
614	1712	1	5	1	1	32512	960	256	8	1	0	0	1	1	1	1	1	2	1	0	3	0	0	4	1
614	1744	1	5	1	1	32512	960	256	8	1	0	0	1	1	1	1	1	2	1	0	3	0	0	4	1
614	1760	1	5	1	1	32512	960	256	8	1	0	0	1	1	1	1	1	2	1	0	3	0	0	4	1
614	2063	0	6	1	3	32512	880	4096	12	1	0	0	1	1	1	1	1	3	0	0	4	0	0	3	3
614	2071	1	5	1	2	32512	880	4096	12	1	0	0	1	1	1	1	1	3	1	0	3	0	0	3	2
614	2075	1	5	1	2	32512	880	4096	12	1	0	0	1	1	1	1	1	3	1	0	3	0	0	3	2
614	2077	1	5	1	2	32512	880	4096	12	1	0	0	1	1	1	1	1	3	1	0	3	0	0	3	2
614	2078	1	5	1	2	32512	880	4096	12	1	0	0	1	1	1	1	1	3	1	0	3	0	0	3	2
614	2087	1	5	1	2	32512	880	4096	12	1	0	0	1	1	1	1	1	3	1	0	3	0	0	3	2
614	2091	1	5	1	2	32512	880	4096	12	1	0	0	1	1	1	1	1	3	1	0	3	0	0	3	2
614	2093	1	5	1	2	32512	880	4096	12	1	0	0	1	1	1	1	1	3	1	0	3	0	0	3	2
614	2094	1	5	1	2	32512	880	4096	12	1	0	0	1	1	1	1	1	3	1	0	3	0	0	3	2
614	2099	1	4	1	1	32512	880	4096	12	1	0	0	1	1	1	1	1	3	2	0	2	0	0	3	1
614	2101	1	4	1	1	32512	880	4096	12	1	0	0	1	1	1	1	1	3	2	0	2	0	0	3	1
614	2102	1	4	1	1	32512	880	4096	12	1	0	0	1	1	1	1	1	3	2	0	2	0	0	3	1
614	2105	1	4	1	1	32512	880	4096	12	1	0	0	1	1	1	1	1	3	2	0	2	0	0	3	1
614	2106	1	4	1	1	32512	880	4096	12	1	0	0	1	1	1	1	1	3	2	0	2	0	0	3	1
614	2108	1	4	1	1	32512	880	4096	12	1	0	0	1	1	1	1	1	3	2	0	2	0	0	3	1
614	2119	1	5	1	2	32512	880	4096	12	1	0	0	1	1	1	1	1	3	1	0	3	0	0	3	2
614	2123	1	5	1	2	32512	880	4096	12	1	0	0	1	1	1	1	1	3	1	0	3	0	0	3	2
614	2125	1	5	1	2	32512	880	4096	12	1	0	0	1	1	1	1	1	3	1	0	3	0	0	3	2
614	2126	1	5	1	2	32512	880	4096	12	1	0	0	1	1	1	1	1	3	1	0	3	0	0	3	2
614	2131	1	4	1	1	32512	880	4096	12	1	0	0	1	1	1	1	1	3	2	0	2	0	0	3	1
614	2133	1	4	1	1	32512	880	4096	12	1	0	0	1	1	1	1	1	3	2	0	2	0	0	3	1
614	2134	1	4	1	1	32512	880	4096	12	1	0	0	1	1	1	1	1	3	2	0	2	0	0	3	1
614	2137	1	4	1	1	32512	880	4096	12	1	0	0	1	1	1	1	1	3	2	0	2	0	0	3	1
614	2138	1	4	1	1	32512	880	4096	12	1	0	0	1	1	1	1	1	3	2	0	2	0	0	3	1
614	2140	1	4	1	1	32512	880	4096	12	1	0	0	1	1	1	1	1	3	2	0	2	0	0	3	1
614	2147	1	4	1	1	32512	880	4096	12	1	0	0	1	1	1	1	1	3	2	0	2	0	0	3	1
614	2149	1	4	1	1	32512	880	4096	12	1	0	0	1	1	1	1	1	3	2	0	2	0	0	3	1
614	2150	1	4	1	1	32512	880	4096	12	1	0	0	1	1	1	1	1	3	2	0	2	0	0	3	1
614	2153	1	4	1	1	32512	880	4096	12	1	0	0	1	1	1	1	1	3	2	0	2	0	0	3	1
614	2154	1	4	1	1	32512	880	4096	12	1	0	0	1	1	1	1	1	3	2	0	2	0	0	3	1
614	2156	1	4	1	1	32512	880	4096	12	1	0	0	1	1	1	1	1	3	2	0	2	0	0	3	1
614	2161	1	4	4	1	32512	904	1920	7,8,9,10	4	3	1,1,1,3	0	1	0	1	1	3	2	3	9	0	3	3	1
614	2162	1	4	4	1	32512	904	1920	7,8,9,10	4	3	1,1,1,3	0	1	0	1	1	3	2	3	9	0	3	3	1
614	2164	1	4	4	1	32512	904	1920	7,8,9,10	4	3	1,1,1,3	0	1	0	1	1	3	2	3	9	0	3	3	1
614	2168	1	4	4	1	32512	904	1920	7,8,9,10	4	3	1,1,1,3	0	1	0	1	1	3	2	3	9	0	3	3	1
614	2183	1	5	1	2	32512	880	4096	12	1	0	0	1	1	1	1	1	3	1	0	3	0	0	3	2
614	2187	1	5	1	2	32512	880	4096	12	1	0	0	1	1	1	1	1	3	1	0	3	0	0	3	2
614	2189	1	5	1	2	32512	880	4096	12	1	0	0	1	1	1	1	1	3	1	0	3	0	0	3	2
614	2190	1	5	1	2	32512	880	4096	12	1	0	0	1	1	1	1	1	3	1	0	3	0	0	3	2
614	2195	1	4	1	1	32512	880	4096	12	1	0	0	1	1	1	1	1	3	2	0	2	0	0	3	1
614	2197	1	4	1	1	32512	880	4096	12	1	0	0	1	1	1	1	1	3	2	0	2	0	0	3	1
614	2198	1	4	1	1	32512	880	4096	12	1	0	0	1	1	1	1	1	3	2	0	2	0	0	3	1
614	2201	1	4	1	1	32512	880	4096	12	1	0	0	1	1	1	1	1	3	2	0	2	0	0	3	1
614	2202	1	4	1	1	32512	880	4096	12	1	0	0	1	1	1	1	1	3	2	0	2	0	0	3	1
614	2204	1	4	1	1	32512	880	4096	12	1	0	0	1	1	1	1	1	3	2	0	2	0	0	3	1
614	2211	1	4	1	1	32512	880	4096	12	1	0	0	1	1	1	1	1	3	2	0	2	0	0	3	1
614	2213	1	4	1	1	32512	880	4096	12	1	0	0	1	1	1	1	1	3	2	0	2	0	0	3	1
614	2214	1	4	1	1	32512	880	4096	12	1	0	0	1	1	1	1	1	3	2	0	2	0	0	3	1
614	2217	1	4	1	1	32512	880	4096	12	1	0	0	1	1	1	1	1	3	2	0	2	0	0	3	1
614	2218	1	4	1	1	32512	880	4096	12	1	0	0	1	1	1	1	1	3	2	0	2	0	0	3	1
614	2220	1	4	1	1	32512	880	4096	12	1	0	0	1	1	1	1	1	3	2	0	2	0	0	3	1
614	2225	1	4	4	1	32512	904	1856	6,8,9,10	4	3	1,1,1,3	0	1	0	1	1	3	2	3	9	0	3	3	1
614	2226	1	4	4	1	32512	904	1856	6,8,9,10	4	3	1,1,1,3	0	1	0	1	1	3	2	3	9	0	3	3	1
614	2228	1	4	4	1	32512	904	1856	6,8,9,10	4	3	1,1,1,3	0	1	0	1	1	3	2	3	9	0	3	3	1
614	2232	1	4	4	1	32512	904	1856	6,8,9,10	4	3	1,1,1,3	0	1	0	1	1	3	2	3	9	0	3	3	1
614	2243	1	4	1	1	32512	880	4096	12	1	0	0	1	1	1	1	1	3	2	0	2	0	0	3	1
614	2245	1	4	1	1	32512	880	4096	12	1	0	0	1	1	1	1	1	3	2	0	2	0	0	3	1
614	2246	1	4	1	1	32512	880	4096	12	1	0	0	1	1	1	1	1	3	2	0	2	0	0	3	1
614	2249	1	4	1	1	32512	880	4096	12	1	0	0	1	1	1	1	1	3	2	0	2	0	0	3	1
614	2250	1	4	1	1	32512	880	4096	12	1	0	0	1	1	1	1	1	3	2	0	2	0	0	3	1
614	2252	1	4	1	1	32512	880	4096	12	1	0	0	1	1	1	1	1	3	2	0	2	0	0	3	1
614	2257	1	4	4	1	32512	904	1824	5,8,9,10	4	3	1,1,1,3	0	1	0	1	1	3	2	3	9	0	3	3	1
614	2258	1	4	4	1	32512	904	1824	5,8,9,10	4	3	1,1,1,3	0	1	0	1	1	3	2	3	9	0	3	3	1
614	2260	1	4	4	1	32512	904	1824	5,8,9,10	4	3	1,1,1,3	0	1	0	1	1	3	2	3	9	0	3	3	1
614	2264	1	4	4	1	32512	904	1824	5,8,9,10	4	3	1,1,1,3	0	1	0	1	1	3	2	3	9	0	3	3	1
614	2273	1	4	4	1	32512	904	1808	4,8,9,10	4	3	1,1,1,3	0	1	0	1	1	3	2	3	9	0	3	3	1
614	2274	1	4	4	1	32512	904	1808	4,8,9,10	4	3	1,1,1,3	0	1	0	1	1	3	2	3	9	0	3	3	1
614	2276	1	4	4	1	32512	904	1808	4,8,9,10	4	3	1,1,1,3	0	1	0	1	1	3	2	3	9	0	3	3	1
614	2280	1	4	4	1	32512	904	1808	4,8,9,10	4	3	1,1,1,3	0	1	0	1	1	3	2	3	9	0	3	3	1
614	2288	0	6	3	3	32512	896	1792	8,9,10	3	0	0,0,0	1	0	0	0	1	3	0	3	12	0	0	3	3
614	2311	1	5	1	1	32512	864	4096	12	1	0	0	1	1	1	1	1	2	1	1	3	0	0	4	1
614	2315	1	5	1	1	32512	864	4096	12	1	0	0	1	1	1	1	1	2	1	1	3	0	0	4	1
614	2317	1	5	1	1	32512	864	4096	12	1	0	0	1	1	1	1	1	2	1	1	3	0	0	4	1
614	2318	1	5	1	1	32512	864	4096	12	1	0	0	1	1	1	1	1	2	1	1	3	0	0	4	1
614	2567	1	5	1	1	32512	864	4096	12	1	0	0	1	1	1	1	1	2	1	1	3	0	0	4	1
614	2571	1	5	1	1	32512	864	4096	12	1	0	0	1	1	1	1	1	2	1	1	3	0	0	4	1
614	2573	1	5	1	1	32512	864	4096	12	1	0	0	1	1	1	1	1	2	1	1	3	0	0	4	1
614	2574	1	5	1	1	32512	864	4096	12	1	0	0	1	1	1	1	1	2	1	1	3	0	0	4	1
614	3079	1	5	1	1	32512	864	4096	12	1	0	0	1	1	1	1	1	2	1	1	3	0	0	4	1
614	3083	1	5	1	1	32512	864	4096	12	1	0	0	1	1	1	1	1	2	1	1	3	0	0	4	1
614	3085	1	5	1	1	32512	864	4096	12	1	0	0	1	1	1	1	1	2	1	1	3	0	0	4	1
614	3086	1	5	1	1	32512	864	4096	12	1	0	0	1	1	1	1	1	2	1	1	3	0	0	4	1
614	4111	0	6	1	3	32512	880	2048	11	1	0	0	1	1	1	1	1	3	0	0	4	0	0	3	3
614	4119	1	5	1	2	32512	880	2048	11	1	0	0	1	1	1	1	1	3	1	0	3	0	0	3	2
614	4123	1	5	1	2	32512	880	2048	11	1	0	0	1	1	1	1	1	3	1	0	3	0	0	3	2
614	4125	1	5	1	2	32512	880	2048	11	1	0	0	1	1	1	1	1	3	1	0	3	0	0	3	2
614	4126	1	5	1	2	32512	880	2048	11	1	0	0	1	1	1	1	1	3	1	0	3	0	0	3	2
614	4135	1	5	1	2	32512	880	2048	11	1	0	0	1	1	1	1	1	3	1	0	3	0	0	3	2
614	4139	1	5	1	2	32512	880	2048	11	1	0	0	1	1	1	1	1	3	1	0	3	0	0	3	2
614	4141	1	5	1	2	32512	880	2048	11	1	0	0	1	1	1	1	1	3	1	0	3	0	0	3	2
614	4142	1	5	1	2	32512	880	2048	11	1	0	0	1	1	1	1	1	3	1	0	3	0	0	3	2
614	4147	1	4	1	1	32512	880	2048	11	1	0	0	1	1	1	1	1	3	2	0	2	0	0	3	1
614	4149	1	4	1	1	32512	880	2048	11	1	0	0	1	1	1	1	1	3	2	0	2	0	0	3	1
614	4150	1	4	1	1	32512	880	2048	11	1	0	0	1	1	1	1	1	3	2	0	2	0	0	3	1
614	4153	1	4	1	1	32512	880	2048	11	1	0	0	1	1	1	1	1	3	2	0	2	0	0	3	1
614	4154	1	4	1	1	32512	880	2048	11	1	0	0	1	1	1	1	1	3	2	0	2	0	0	3	1
614	4156	1	4	1	1	32512	880	2048	11	1	0	0	1	1	1	1	1	3	2	0	2	0	0	3	1
614	4167	1	5	1	2	32512	880	2048	11	1	0	0	1	1	1	1	1	3	1	0	3	0	0	3	2
614	4171	1	5	1	2	32512	880	2048	11	1	0	0	1	1	1	1	1	3	1	0	3	0	0	3	2
614	4173	1	5	1	2	32512	880	2048	11	1	0	0	1	1	1	1	1	3	1	0	3	0	0	3	2
614	4174	1	5	1	2	32512	880	2048	11	1	0	0	1	1	1	1	1	3	1	0	3	0	0	3	2
614	4179	1	4	1	1	32512	880	2048	11	1	0	0	1	1	1	1	1	3	2	0	2	0	0	3	1
614	4181	1	4	1	1	32512	880	2048	11	1	0	0	1	1	1	1	1	3	2	0	2	0	0	3	1
614	4182	1	4	1	1	32512	880	2048	11	1	0	0	1	1	1	1	1	3	2	0	2	0	0	3	1
614	4185	1	4	1	1	32512	880	2048	11	1	0	0	1	1	1	1	1	3	2	0	2	0	0	3	1
614	4186	1	4	1	1	32512	880	2048	11	1	0	0	1	1	1	1	1	3	2	0	2	0	0	3	1
614	4188	1	4	1	1	32512	880	2048	11	1	0	0	1	1	1	1	1	3	2	0	2	0	0	3	1
614	4195	1	4	1	1	32512	880	2048	11	1	0	0	1	1	1	1	1	3	2	0	2	0	0	3	1
614	4197	1	4	1	1	32512	880	2048	11	1	0	0	1	1	1	1	1	3	2	0	2	0	0	3	1
614	4198	1	4	1	1	32512	880	2048	11	1	0	0	1	1	1	1	1	3	2	0	2	0	0	3	1
614	4201	1	4	1	1	32512	880	2048	11	1	0	0	1	1	1	1	1	3	2	0	2	0	0	3	1
614	4202	1	4	1	1	32512	880	2048	11	1	0	0	1	1	1	1	1	3	2	0	2	0	0	3	1
614	4204	1	4	1	1	32512	880	2048	11	1	0	0	1	1	1	1	1	3	2	0	2	0	0	3	1
614	4209	1	4	4	1	32512	904	1920	7,8,9,10	4	3	1,1,1,3	0	1	0	1	1	3	2	3	9	0	3	3	1
614	4210	1	4	4	1	32512	904	1920	7,8,9,10	4	3	1,1,1,3	0	1	0	1	1	3	2	3	9	0	3	3	1
614	4212	1	4	4	1	32512	904	1920	7,8,9,10	4	3	1,1,1,3	0	1	0	1	1	3	2	3	9	0	3	3	1
614	4216	1	4	4	1	32512	904	1920	7,8,9,10	4	3	1,1,1,3	0	1	0	1	1	3	2	3	9	0	3	3	1
614	4231	1	5	1	2	32512	880	2048	11	1	0	0	1	1	1	1	1	3	1	0	3	0	0	3	2
614	4235	1	5	1	2	32512	880	2048	11	1	0	0	1	1	1	1	1	3	1	0	3	0	0	3	2
614	4237	1	5	1	2	32512	880	2048	11	1	0	0	1	1	1	1	1	3	1	0	3	0	0	3	2
614	4238	1	5	1	2	32512	880	2048	11	1	0	0	1	1	1	1	1	3	1	0	3	0	0	3	2
614	4243	1	4	1	1	32512	880	2048	11	1	0	0	1	1	1	1	1	3	2	0	2	0	0	3	1
614	4245	1	4	1	1	32512	880	2048	11	1	0	0	1	1	1	1	1	3	2	0	2	0	0	3	1
614	4246	1	4	1	1	32512	880	2048	11	1	0	0	1	1	1	1	1	3	2	0	2	0	0	3	1
614	4249	1	4	1	1	32512	880	2048	11	1	0	0	1	1	1	1	1	3	2	0	2	0	0	3	1
614	4250	1	4	1	1	32512	880	2048	11	1	0	0	1	1	1	1	1	3	2	0	2	0	0	3	1
614	4252	1	4	1	1	32512	880	2048	11	1	0	0	1	1	1	1	1	3	2	0	2	0	0	3	1
614	4259	1	4	1	1	32512	880	2048	11	1	0	0	1	1	1	1	1	3	2	0	2	0	0	3	1
614	4261	1	4	1	1	32512	880	2048	11	1	0	0	1	1	1	1	1	3	2	0	2	0	0	3	1
614	4262	1	4	1	1	32512	880	2048	11	1	0	0	1	1	1	1	1	3	2	0	2	0	0	3	1
614	4265	1	4	1	1	32512	880	2048	11	1	0	0	1	1	1	1	1	3	2	0	2	0	0	3	1
614	4266	1	4	1	1	32512	880	2048	11	1	0	0	1	1	1	1	1	3	2	0	2	0	0	3	1
614	4268	1	4	1	1	32512	880	2048	11	1	0	0	1	1	1	1	1	3	2	0	2	0	0	3	1
614	4273	1	4	4	1	32512	904	1856	6,8,9,10	4	3	1,1,1,3	0	1	0	1	1	3	2	3	9	0	3	3	1
614	4274	1	4	4	1	32512	904	1856	6,8,9,10	4	3	1,1,1,3	0	1	0	1	1	3	2	3	9	0	3	3	1
614	4276	1	4	4	1	32512	904	1856	6,8,9,10	4	3	1,1,1,3	0	1	0	1	1	3	2	3	9	0	3	3	1
614	4280	1	4	4	1	32512	904	1856	6,8,9,10	4	3	1,1,1,3	0	1	0	1	1	3	2	3	9	0	3	3	1
614	4291	1	4	1	1	32512	880	2048	11	1	0	0	1	1	1	1	1	3	2	0	2	0	0	3	1
614	4293	1	4	1	1	32512	880	2048	11	1	0	0	1	1	1	1	1	3	2	0	2	0	0	3	1
614	4294	1	4	1	1	32512	880	2048	11	1	0	0	1	1	1	1	1	3	2	0	2	0	0	3	1
614	4297	1	4	1	1	32512	880	2048	11	1	0	0	1	1	1	1	1	3	2	0	2	0	0	3	1
614	4298	1	4	1	1	32512	880	2048	11	1	0	0	1	1	1	1	1	3	2	0	2	0	0	3	1
614	4300	1	4	1	1	32512	880	2048	11	1	0	0	1	1	1	1	1	3	2	0	2	0	0	3	1
614	4305	1	4	4	1	32512	904	1824	5,8,9,10	4	3	1,1,1,3	0	1	0	1	1	3	2	3	9	0	3	3	1
614	4306	1	4	4	1	32512	904	1824	5,8,9,10	4	3	1,1,1,3	0	1	0	1	1	3	2	3	9	0	3	3	1
614	4308	1	4	4	1	32512	904	1824	5,8,9,10	4	3	1,1,1,3	0	1	0	1	1	3	2	3	9	0	3	3	1
614	4312	1	4	4	1	32512	904	1824	5,8,9,10	4	3	1,1,1,3	0	1	0	1	1	3	2	3	9	0	3	3	1
614	4321	1	4	4	1	32512	904	1808	4,8,9,10	4	3	1,1,1,3	0	1	0	1	1	3	2	3	9	0	3	3	1
614	4322	1	4	4	1	32512	904	1808	4,8,9,10	4	3	1,1,1,3	0	1	0	1	1	3	2	3	9	0	3	3	1
614	4324	1	4	4	1	32512	904	1808	4,8,9,10	4	3	1,1,1,3	0	1	0	1	1	3	2	3	9	0	3	3	1
614	4328	1	4	4	1	32512	904	1808	4,8,9,10	4	3	1,1,1,3	0	1	0	1	1	3	2	3	9	0	3	3	1
614	4336	0	6	3	3	32512	896	1792	8,9,10	3	0	0,0,0	1	0	0	0	1	3	0	3	12	0	0	3	3
614	4359	1	5	1	1	32512	864	2048	11	1	0	0	1	1	1	1	1	2	1	1	3	0	0	4	1
614	4363	1	5	1	1	32512	864	2048	11	1	0	0	1	1	1	1	1	2	1	1	3	0	0	4	1
614	4365	1	5	1	1	32512	864	2048	11	1	0	0	1	1	1	1	1	2	1	1	3	0	0	4	1
614	4366	1	5	1	1	32512	864	2048	11	1	0	0	1	1	1	1	1	2	1	1	3	0	0	4	1
614	4615	1	5	1	1	32512	864	2048	11	1	0	0	1	1	1	1	1	2	1	1	3	0	0	4	1
614	4619	1	5	1	1	32512	864	2048	11	1	0	0	1	1	1	1	1	2	1	1	3	0	0	4	1
614	4621	1	5	1	1	32512	864	2048	11	1	0	0	1	1	1	1	1	2	1	1	3	0	0	4	1
614	4622	1	5	1	1	32512	864	2048	11	1	0	0	1	1	1	1	1	2	1	1	3	0	0	4	1
614	5127	1	5	1	1	32512	864	2048	11	1	0	0	1	1	1	1	1	2	1	1	3	0	0	4	1
614	5131	1	5	1	1	32512	864	2048	11	1	0	0	1	1	1	1	1	2	1	1	3	0	0	4	1
614	5133	1	5	1	1	32512	864	2048	11	1	0	0	1	1	1	1	1	2	1	1	3	0	0	4	1
614	5134	1	5	1	1	32512	864	2048	11	1	0	0	1	1	1	1	1	2	1	1	3	0	0	4	1
614	8207	0	6	2	6	32512	624	6144	11,12	2	0	0,0	1	0	0	0	1	6	0	0	8	0	0	0	6
614	8215	1	5	3	5	32512	625	6152	3,11,12	3	2	1,1,2	0	1	1	1	1	6	1	0	7	0	2	0	5
614	8219	1	5	3	5	32512	625	6148	2,11,12	3	2	1,1,2	0	1	1	1	1	6	1	0	7	0	2	0	5
614	8221	1	5	3	5	32512	625	6146	1,11,12	3	2	1,1,2	0	1	1	1	1	6	1	0	7	0	2	0	5
614	8222	1	5	3	5	32512	625	6145	0,11,12	3	2	1,1,2	0	1	1	1	1	6	1	0	7	0	2	0	5
614	8231	1	5	3	5	32512	625	6152	3,11,12	3	2	1,1,2	0	1	1	1	1	6	1	0	7	0	2	0	5
614	8235	1	5	3	5	32512	625	6148	2,11,12	3	2	1,1,2	0	1	1	1	1	6	1	0	7	0	2	0	5
614	8237	1	5	3	5	32512	625	6146	1,11,12	3	2	1,1,2	0	1	1	1	1	6	1	0	7	0	2	0	5
614	8238	1	5	3	5	32512	625	6145	0,11,12	3	2	1,1,2	0	1	1	1	1	6	1	0	7	0	2	0	5
614	8243	1	4	4	4	32512	627	6156	2,3,11,12	4	4	2,2,2,2	0	1	0	0	1	6	2	0	6	0	4	0	4
614	8245	1	4	4	4	32512	627	6154	1,3,11,12	4	4	2,2,2,2	0	1	0	0	1	6	2	0	6	0	4	0	4
614	8246	1	4	4	4	32512	627	6153	0,3,11,12	4	4	2,2,2,2	0	1	0	0	1	6	2	0	6	0	4	0	4
614	8249	1	4	4	4	32512	627	6150	1,2,11,12	4	4	2,2,2,2	0	1	0	0	1	6	2	0	6	0	4	0	4
614	8250	1	4	4	4	32512	627	6149	0,2,11,12	4	4	2,2,2,2	0	1	0	0	1	6	2	0	6	0	4	0	4
614	8252	1	4	4	4	32512	627	6147	0,1,11,12	4	4	2,2,2,2	0	1	0	0	1	6	2	0	6	0	4	0	4
614	8263	1	5	3	5	32512	625	6152	3,11,12	3	2	1,1,2	0	1	1	1	1	6	1	0	7	0	2	0	5
614	8267	1	5	3	5	32512	625	6148	2,11,12	3	2	1,1,2	0	1	1	1	1	6	1	0	7	0	2	0	5
614	8269	1	5	3	5	32512	625	6146	1,11,12	3	2	1,1,2	0	1	1	1	1	6	1	0	7	0	2	0	5
614	8270	1	5	3	5	32512	625	6145	0,11,12	3	2	1,1,2	0	1	1	1	1	6	1	0	7	0	2	0	5
614	8275	1	4	4	4	32512	627	6156	2,3,11,12	4	4	2,2,2,2	0	1	0	0	1	6	2	0	6	0	4	0	4
614	8277	1	4	4	4	32512	627	6154	1,3,11,12	4	4	2,2,2,2	0	1	0	0	1	6	2	0	6	0	4	0	4
614	8278	1	4	4	4	32512	627	6153	0,3,11,12	4	4	2,2,2,2	0	1	0	0	1	6	2	0	6	0	4	0	4
614	8281	1	4	4	4	32512	627	6150	1,2,11,12	4	4	2,2,2,2	0	1	0	0	1	6	2	0	6	0	4	0	4
614	8282	1	4	4	4	32512	627	6149	0,2,11,12	4	4	2,2,2,2	0	1	0	0	1	6	2	0	6	0	4	0	4
614	8284	1	4	4	4	32512	627	6147	0,1,11,12	4	4	2,2,2,2	0	1	0	0	1	6	2	0	6	0	4	0	4
614	8291	1	4	4	4	32512	627	6156	2,3,11,12	4	4	2,2,2,2	0	1	0	0	1	6	2	0	6	0	4	0	4
614	8293	1	4	4	4	32512	627	6154	1,3,11,12	4	4	2,2,2,2	0	1	0	0	1	6	2	0	6	0	4	0	4
614	8294	1	4	4	4	32512	627	6153	0,3,11,12	4	4	2,2,2,2	0	1	0	0	1	6	2	0	6	0	4	0	4
614	8297	1	4	4	4	32512	627	6150	1,2,11,12	4	4	2,2,2,2	0	1	0	0	1	6	2	0	6	0	4	0	4
614	8298	1	4	4	4	32512	627	6149	0,2,11,12	4	4	2,2,2,2	0	1	0	0	1	6	2	0	6	0	4	0	4
614	8300	1	4	4	4	32512	627	6147	0,1,11,12	4	4	2,2,2,2	0	1	0	0	1	6	2	0	6	0	4	0	4
614	8305	1	5	4	5	32512	904	1920	7,8,9,10	4	3	1,1,1,3	0	1	0	1	1	6	1	0	10	0	3	0	5
614	8306	1	5	4	5	32512	904	1920	7,8,9,10	4	3	1,1,1,3	0	1	0	1	1	6	1	0	10	0	3	0	5
614	8308	1	5	4	5	32512	904	1920	7,8,9,10	4	3	1,1,1,3	0	1	0	1	1	6	1	0	10	0	3	0	5
614	8312	1	5	4	5	32512	904	1920	7,8,9,10	4	3	1,1,1,3	0	1	0	1	1	6	1	0	10	0	3	0	5
614	8327	1	5	3	5	32512	625	6152	3,11,12	3	2	1,1,2	0	1	1	1	1	6	1	0	7	0	2	0	5
614	8331	1	5	3	5	32512	625	6148	2,11,12	3	2	1,1,2	0	1	1	1	1	6	1	0	7	0	2	0	5
614	8333	1	5	3	5	32512	625	6146	1,11,12	3	2	1,1,2	0	1	1	1	1	6	1	0	7	0	2	0	5
614	8334	1	5	3	5	32512	625	6145	0,11,12	3	2	1,1,2	0	1	1	1	1	6	1	0	7	0	2	0	5
614	8339	1	4	4	4	32512	627	6156	2,3,11,12	4	4	2,2,2,2	0	1	0	0	1	6	2	0	6	0	4	0	4
614	8341	1	4	4	4	32512	627	6154	1,3,11,12	4	4	2,2,2,2	0	1	0	0	1	6	2	0	6	0	4	0	4
614	8342	1	4	4	4	32512	627	6153	0,3,11,12	4	4	2,2,2,2	0	1	0	0	1	6	2	0	6	0	4	0	4
614	8345	1	4	4	4	32512	627	6150	1,2,11,12	4	4	2,2,2,2	0	1	0	0	1	6	2	0	6	0	4	0	4
614	8346	1	4	4	4	32512	627	6149	0,2,11,12	4	4	2,2,2,2	0	1	0	0	1	6	2	0	6	0	4	0	4
614	8348	1	4	4	4	32512	627	6147	0,1,11,12	4	4	2,2,2,2	0	1	0	0	1	6	2	0	6	0	4	0	4
614	8355	1	4	4	4	32512	627	6156	2,3,11,12	4	4	2,2,2,2	0	1	0	0	1	6	2	0	6	0	4	0	4
614	8357	1	4	4	4	32512	627	6154	1,3,11,12	4	4	2,2,2,2	0	1	0	0	1	6	2	0	6	0	4	0	4
614	8358	1	4	4	4	32512	627	6153	0,3,11,12	4	4	2,2,2,2	0	1	0	0	1	6	2	0	6	0	4	0	4
614	8361	1	4	4	4	32512	627	6150	1,2,11,12	4	4	2,2,2,2	0	1	0	0	1	6	2	0	6	0	4	0	4
614	8362	1	4	4	4	32512	627	6149	0,2,11,12	4	4	2,2,2,2	0	1	0	0	1	6	2	0	6	0	4	0	4
614	8364	1	4	4	4	32512	627	6147	0,1,11,12	4	4	2,2,2,2	0	1	0	0	1	6	2	0	6	0	4	0	4
614	8369	1	5	4	5	32512	904	1856	6,8,9,10	4	3	1,1,1,3	0	1	0	1	1	6	1	0	10	0	3	0	5
614	8370	1	5	4	5	32512	904	1856	6,8,9,10	4	3	1,1,1,3	0	1	0	1	1	6	1	0	10	0	3	0	5
614	8372	1	5	4	5	32512	904	1856	6,8,9,10	4	3	1,1,1,3	0	1	0	1	1	6	1	0	10	0	3	0	5
614	8376	1	5	4	5	32512	904	1856	6,8,9,10	4	3	1,1,1,3	0	1	0	1	1	6	1	0	10	0	3	0	5
614	8387	1	4	4	4	32512	627	6156	2,3,11,12	4	4	2,2,2,2	0	1	0	0	1	6	2	0	6	0	4	0	4
614	8389	1	4	4	4	32512	627	6154	1,3,11,12	4	4	2,2,2,2	0	1	0	0	1	6	2	0	6	0	4	0	4
614	8390	1	4	4	4	32512	627	6153	0,3,11,12	4	4	2,2,2,2	0	1	0	0	1	6	2	0	6	0	4	0	4
614	8393	1	4	4	4	32512	627	6150	1,2,11,12	4	4	2,2,2,2	0	1	0	0	1	6	2	0	6	0	4	0	4
614	8394	1	4	4	4	32512	627	6149	0,2,11,12	4	4	2,2,2,2	0	1	0	0	1	6	2	0	6	0	4	0	4
614	8396	1	4	4	4	32512	627	6147	0,1,11,12	4	4	2,2,2,2	0	1	0	0	1	6	2	0	6	0	4	0	4
614	8401	1	5	4	5	32512	904	1824	5,8,9,10	4	3	1,1,1,3	0	1	0	1	1	6	1	0	10	0	3	0	5
614	8402	1	5	4	5	32512	904	1824	5,8,9,10	4	3	1,1,1,3	0	1	0	1	1	6	1	0	10	0	3	0	5
614	8404	1	5	4	5	32512	904	1824	5,8,9,10	4	3	1,1,1,3	0	1	0	1	1	6	1	0	10	0	3	0	5
614	8408	1	5	4	5	32512	904	1824	5,8,9,10	4	3	1,1,1,3	0	1	0	1	1	6	1	0	10	0	3	0	5
614	8417	1	5	4	5	32512	904	1808	4,8,9,10	4	3	1,1,1,3	0	1	0	1	1	6	1	0	10	0	3	0	5
614	8418	1	5	4	5	32512	904	1808	4,8,9,10	4	3	1,1,1,3	0	1	0	1	1	6	1	0	10	0	3	0	5
614	8420	1	5	4	5	32512	904	1808	4,8,9,10	4	3	1,1,1,3	0	1	0	1	1	6	1	0	10	0	3	0	5
614	8424	1	5	4	5	32512	904	1808	4,8,9,10	4	3	1,1,1,3	0	1	0	1	1	6	1	0	10	0	3	0	5
614	8432	0	6	3	6	32512	896	1792	8,9,10	3	0	0,0,0	1	0	0	0	1	6	0	0	12	0	0	0	6
614	8455	1	5	3	3	32512	609	6152	3,11,12	3	2	1,1,2	0	1	1	1	1	4	1	2	7	0	2	2	3
614	8459	1	5	3	3	32512	609	6148	2,11,12	3	2	1,1,2	0	1	1	1	1	4	1	2	7	0	2	2	3
614	8461	1	5	3	3	32512	609	6146	1,11,12	3	2	1,1,2	0	1	1	1	1	4	1	2	7	0	2	2	3
614	8462	1	5	3	3	32512	609	6145	0,11,12	3	2	1,1,2	0	1	1	1	1	4	1	2	7	0	2	2	3
614	8467	1	4	4	2	32512	611	6156	2,3,11,12	4	4	2,2,2,2	0	1	0	0	1	4	2	2	6	0	4	2	2
614	8469	1	4	4	2	32512	611	6154	1,3,11,12	4	4	2,2,2,2	0	1	0	0	1	4	2	2	6	0	4	2	2
614	8470	1	4	4	2	32512	611	6153	0,3,11,12	4	4	2,2,2,2	0	1	0	0	1	4	2	2	6	0	4	2	2
614	8473	1	4	4	2	32512	611	6150	1,2,11,12	4	4	2,2,2,2	0	1	0	0	1	4	2	2	6	0	4	2	2
614	8474	1	4	4	2	32512	611	6149	0,2,11,12	4	4	2,2,2,2	0	1	0	0	1	4	2	2	6	0	4	2	2
614	8476	1	4	4	2	32512	611	6147	0,1,11,12	4	4	2,2,2,2	0	1	0	0	1	4	2	2	6	0	4	2	2
614	8483	1	4	4	2	32512	611	6156	2,3,11,12	4	4	2,2,2,2	0	1	0	0	1	4	2	2	6	0	4	2	2
614	8485	1	4	4	2	32512	611	6154	1,3,11,12	4	4	2,2,2,2	0	1	0	0	1	4	2	2	6	0	4	2	2
614	8486	1	4	4	2	32512	611	6153	0,3,11,12	4	4	2,2,2,2	0	1	0	0	1	4	2	2	6	0	4	2	2
614	8489	1	4	4	2	32512	611	6150	1,2,11,12	4	4	2,2,2,2	0	1	0	0	1	4	2	2	6	0	4	2	2
614	8490	1	4	4	2	32512	611	6149	0,2,11,12	4	4	2,2,2,2	0	1	0	0	1	4	2	2	6	0	4	2	2
614	8492	1	4	4	2	32512	611	6147	0,1,11,12	4	4	2,2,2,2	0	1	0	0	1	4	2	2	6	0	4	2	2
614	8497	1	4	4	2	32512	920	1728	6,7,9,10	4	4	2,2,2,2	0	1	0	0	1	4	2	0	8	0	4	2	2
614	8498	1	4	4	2	32512	920	1728	6,7,9,10	4	4	2,2,2,2	0	1	0	0	1	4	2	0	8	0	4	2	2
614	8500	1	4	4	2	32512	920	1728	6,7,9,10	4	4	2,2,2,2	0	1	0	0	1	4	2	0	8	0	4	2	2
614	8504	1	4	4	2	32512	920	1728	6,7,9,10	4	4	2,2,2,2	0	1	0	0	1	4	2	0	8	0	4	2	2
614	8515	1	4	4	2	32512	611	6156	2,3,11,12	4	4	2,2,2,2	0	1	0	0	1	4	2	2	6	0	4	2	2
614	8517	1	4	4	2	32512	611	6154	1,3,11,12	4	4	2,2,2,2	0	1	0	0	1	4	2	2	6	0	4	2	2
614	8518	1	4	4	2	32512	611	6153	0,3,11,12	4	4	2,2,2,2	0	1	0	0	1	4	2	2	6	0	4	2	2
614	8521	1	4	4	2	32512	611	6150	1,2,11,12	4	4	2,2,2,2	0	1	0	0	1	4	2	2	6	0	4	2	2
614	8522	1	4	4	2	32512	611	6149	0,2,11,12	4	4	2,2,2,2	0	1	0	0	1	4	2	2	6	0	4	2	2
614	8524	1	4	4	2	32512	611	6147	0,1,11,12	4	4	2,2,2,2	0	1	0	0	1	4	2	2	6	0	4	2	2
614	8529	1	4	4	2	32512	920	1696	5,7,9,10	4	4	2,2,2,2	0	1	0	0	1	4	2	0	8	0	4	2	2
614	8530	1	4	4	2	32512	920	1696	5,7,9,10	4	4	2,2,2,2	0	1	0	0	1	4	2	0	8	0	4	2	2
614	8532	1	4	4	2	32512	920	1696	5,7,9,10	4	4	2,2,2,2	0	1	0	0	1	4	2	0	8	0	4	2	2
614	8536	1	4	4	2	32512	920	1696	5,7,9,10	4	4	2,2,2,2	0	1	0	0	1	4	2	0	8	0	4	2	2
614	8545	1	4	4	2	32512	920	1680	4,7,9,10	4	4	2,2,2,2	0	1	0	0	1	4	2	0	8	0	4	2	2
614	8546	1	4	4	2	32512	920	1680	4,7,9,10	4	4	2,2,2,2	0	1	0	0	1	4	2	0	8	0	4	2	2
614	8548	1	4	4	2	32512	920	1680	4,7,9,10	4	4	2,2,2,2	0	1	0	0	1	4	2	0	8	0	4	2	2
614	8552	1	4	4	2	32512	920	1680	4,7,9,10	4	4	2,2,2,2	0	1	0	0	1	4	2	0	8	0	4	2	2
614	8560	1	5	3	3	32512	912	1664	7,9,10	3	2	1,1,2	0	1	1	1	1	4	1	0	8	0	2	2	3
614	8579	1	4	4	2	32512	611	6156	2,3,11,12	4	4	2,2,2,2	0	1	0	0	1	4	2	2	6	0	4	2	2
614	8581	1	4	4	2	32512	611	6154	1,3,11,12	4	4	2,2,2,2	0	1	0	0	1	4	2	2	6	0	4	2	2
614	8582	1	4	4	2	32512	611	6153	0,3,11,12	4	4	2,2,2,2	0	1	0	0	1	4	2	2	6	0	4	2	2
614	8585	1	4	4	2	32512	611	6150	1,2,11,12	4	4	2,2,2,2	0	1	0	0	1	4	2	2	6	0	4	2	2
614	8586	1	4	4	2	32512	611	6149	0,2,11,12	4	4	2,2,2,2	0	1	0	0	1	4	2	2	6	0	4	2	2
614	8588	1	4	4	2	32512	611	6147	0,1,11,12	4	4	2,2,2,2	0	1	0	0	1	4	2	2	6	0	4	2	2
614	8593	1	4	4	2	32512	920	1632	5,6,9,10	4	4	2,2,2,2	0	1	0	0	1	4	2	0	8	0	4	2	2
614	8594	1	4	4	2	32512	920	1632	5,6,9,10	4	4	2,2,2,2	0	1	0	0	1	4	2	0	8	0	4	2	2
614	8596	1	4	4	2	32512	920	1632	5,6,9,10	4	4	2,2,2,2	0	1	0	0	1	4	2	0	8	0	4	2	2
614	8600	1	4	4	2	32512	920	1632	5,6,9,10	4	4	2,2,2,2	0	1	0	0	1	4	2	0	8	0	4	2	2
614	8609	1	4	4	2	32512	920	1616	4,6,9,10	4	4	2,2,2,2	0	1	0	0	1	4	2	0	8	0	4	2	2
614	8610	1	4	4	2	32512	920	1616	4,6,9,10	4	4	2,2,2,2	0	1	0	0	1	4	2	0	8	0	4	2	2
614	8612	1	4	4	2	32512	920	1616	4,6,9,10	4	4	2,2,2,2	0	1	0	0	1	4	2	0	8	0	4	2	2
614	8616	1	4	4	2	32512	920	1616	4,6,9,10	4	4	2,2,2,2	0	1	0	0	1	4	2	0	8	0	4	2	2
614	8624	1	5	3	3	32512	912	1600	6,9,10	3	2	1,1,2	0	1	1	1	1	4	1	0	8	0	2	2	3
614	8641	1	4	4	2	32512	920	1584	4,5,9,10	4	4	2,2,2,2	0	1	0	0	1	4	2	0	8	0	4	2	2
614	8642	1	4	4	2	32512	920	1584	4,5,9,10	4	4	2,2,2,2	0	1	0	0	1	4	2	0	8	0	4	2	2
614	8644	1	4	4	2	32512	920	1584	4,5,9,10	4	4	2,2,2,2	0	1	0	0	1	4	2	0	8	0	4	2	2
614	8648	1	4	4	2	32512	920	1584	4,5,9,10	4	4	2,2,2,2	0	1	0	0	1	4	2	0	8	0	4	2	2
614	8656	1	5	3	3	32512	912	1568	5,9,10	3	2	1,1,2	0	1	1	1	1	4	1	0	8	0	2	2	3
614	8672	1	5	3	3	32512	912	1552	4,9,10	3	2	1,1,2	0	1	1	1	1	4	1	0	8	0	2	2	3
614	8711	1	5	3	3	32512	609	6152	3,11,12	3	2	1,1,2	0	1	1	1	1	4	1	2	7	0	2	2	3
614	8715	1	5	3	3	32512	609	6148	2,11,12	3	2	1,1,2	0	1	1	1	1	4	1	2	7	0	2	2	3
614	8717	1	5	3	3	32512	609	6146	1,11,12	3	2	1,1,2	0	1	1	1	1	4	1	2	7	0	2	2	3
614	8718	1	5	3	3	32512	609	6145	0,11,12	3	2	1,1,2	0	1	1	1	1	4	1	2	7	0	2	2	3
614	8723	1	4	4	2	32512	611	6156	2,3,11,12	4	4	2,2,2,2	0	1	0	0	1	4	2	2	6	0	4	2	2
614	8725	1	4	4	2	32512	611	6154	1,3,11,12	4	4	2,2,2,2	0	1	0	0	1	4	2	2	6	0	4	2	2
614	8726	1	4	4	2	32512	611	6153	0,3,11,12	4	4	2,2,2,2	0	1	0	0	1	4	2	2	6	0	4	2	2
614	8729	1	4	4	2	32512	611	6150	1,2,11,12	4	4	2,2,2,2	0	1	0	0	1	4	2	2	6	0	4	2	2
614	8730	1	4	4	2	32512	611	6149	0,2,11,12	4	4	2,2,2,2	0	1	0	0	1	4	2	2	6	0	4	2	2
614	8732	1	4	4	2	32512	611	6147	0,1,11,12	4	4	2,2,2,2	0	1	0	0	1	4	2	2	6	0	4	2	2
614	8739	1	4	4	2	32512	611	6156	2,3,11,12	4	4	2,2,2,2	0	1	0	0	1	4	2	2	6	0	4	2	2
614	8741	1	4	4	2	32512	611	6154	1,3,11,12	4	4	2,2,2,2	0	1	0	0	1	4	2	2	6	0	4	2	2
614	8742	1	4	4	2	32512	611	6153	0,3,11,12	4	4	2,2,2,2	0	1	0	0	1	4	2	2	6	0	4	2	2
614	8745	1	4	4	2	32512	611	6150	1,2,11,12	4	4	2,2,2,2	0	1	0	0	1	4	2	2	6	0	4	2	2
614	8746	1	4	4	2	32512	611	6149	0,2,11,12	4	4	2,2,2,2	0	1	0	0	1	4	2	2	6	0	4	2	2
614	8748	1	4	4	2	32512	611	6147	0,1,11,12	4	4	2,2,2,2	0	1	0	0	1	4	2	2	6	0	4	2	2
614	8753	1	4	4	2	32512	920	1472	6,7,8,10	4	4	2,2,2,2	0	1	0	0	1	4	2	0	8	0	4	2	2
614	8754	1	4	4	2	32512	920	1472	6,7,8,10	4	4	2,2,2,2	0	1	0	0	1	4	2	0	8	0	4	2	2
614	8756	1	4	4	2	32512	920	1472	6,7,8,10	4	4	2,2,2,2	0	1	0	0	1	4	2	0	8	0	4	2	2
614	8760	1	4	4	2	32512	920	1472	6,7,8,10	4	4	2,2,2,2	0	1	0	0	1	4	2	0	8	0	4	2	2
614	8771	1	4	4	2	32512	611	6156	2,3,11,12	4	4	2,2,2,2	0	1	0	0	1	4	2	2	6	0	4	2	2
614	8773	1	4	4	2	32512	611	6154	1,3,11,12	4	4	2,2,2,2	0	1	0	0	1	4	2	2	6	0	4	2	2
614	8774	1	4	4	2	32512	611	6153	0,3,11,12	4	4	2,2,2,2	0	1	0	0	1	4	2	2	6	0	4	2	2
614	8777	1	4	4	2	32512	611	6150	1,2,11,12	4	4	2,2,2,2	0	1	0	0	1	4	2	2	6	0	4	2	2
614	8778	1	4	4	2	32512	611	6149	0,2,11,12	4	4	2,2,2,2	0	1	0	0	1	4	2	2	6	0	4	2	2
614	8780	1	4	4	2	32512	611	6147	0,1,11,12	4	4	2,2,2,2	0	1	0	0	1	4	2	2	6	0	4	2	2
614	8785	1	4	4	2	32512	920	1440	5,7,8,10	4	4	2,2,2,2	0	1	0	0	1	4	2	0	8	0	4	2	2
614	8786	1	4	4	2	32512	920	1440	5,7,8,10	4	4	2,2,2,2	0	1	0	0	1	4	2	0	8	0	4	2	2
614	8788	1	4	4	2	32512	920	1440	5,7,8,10	4	4	2,2,2,2	0	1	0	0	1	4	2	0	8	0	4	2	2
614	8792	1	4	4	2	32512	920	1440	5,7,8,10	4	4	2,2,2,2	0	1	0	0	1	4	2	0	8	0	4	2	2
614	8801	1	4	4	2	32512	920	1424	4,7,8,10	4	4	2,2,2,2	0	1	0	0	1	4	2	0	8	0	4	2	2
614	8802	1	4	4	2	32512	920	1424	4,7,8,10	4	4	2,2,2,2	0	1	0	0	1	4	2	0	8	0	4	2	2
614	8804	1	4	4	2	32512	920	1424	4,7,8,10	4	4	2,2,2,2	0	1	0	0	1	4	2	0	8	0	4	2	2
614	8808	1	4	4	2	32512	920	1424	4,7,8,10	4	4	2,2,2,2	0	1	0	0	1	4	2	0	8	0	4	2	2
614	8816	1	5	3	3	32512	912	1408	7,8,10	3	2	1,1,2	0	1	1	1	1	4	1	0	8	0	2	2	3
614	8835	1	4	4	2	32512	611	6156	2,3,11,12	4	4	2,2,2,2	0	1	0	0	1	4	2	2	6	0	4	2	2
614	8837	1	4	4	2	32512	611	6154	1,3,11,12	4	4	2,2,2,2	0	1	0	0	1	4	2	2	6	0	4	2	2
614	8838	1	4	4	2	32512	611	6153	0,3,11,12	4	4	2,2,2,2	0	1	0	0	1	4	2	2	6	0	4	2	2
614	8841	1	4	4	2	32512	611	6150	1,2,11,12	4	4	2,2,2,2	0	1	0	0	1	4	2	2	6	0	4	2	2
614	8842	1	4	4	2	32512	611	6149	0,2,11,12	4	4	2,2,2,2	0	1	0	0	1	4	2	2	6	0	4	2	2
614	8844	1	4	4	2	32512	611	6147	0,1,11,12	4	4	2,2,2,2	0	1	0	0	1	4	2	2	6	0	4	2	2
614	8849	1	4	4	2	32512	920	1376	5,6,8,10	4	4	2,2,2,2	0	1	0	0	1	4	2	0	8	0	4	2	2
614	8850	1	4	4	2	32512	920	1376	5,6,8,10	4	4	2,2,2,2	0	1	0	0	1	4	2	0	8	0	4	2	2
614	8852	1	4	4	2	32512	920	1376	5,6,8,10	4	4	2,2,2,2	0	1	0	0	1	4	2	0	8	0	4	2	2
614	8856	1	4	4	2	32512	920	1376	5,6,8,10	4	4	2,2,2,2	0	1	0	0	1	4	2	0	8	0	4	2	2
614	8865	1	4	4	2	32512	920	1360	4,6,8,10	4	4	2,2,2,2	0	1	0	0	1	4	2	0	8	0	4	2	2
614	8866	1	4	4	2	32512	920	1360	4,6,8,10	4	4	2,2,2,2	0	1	0	0	1	4	2	0	8	0	4	2	2
614	8868	1	4	4	2	32512	920	1360	4,6,8,10	4	4	2,2,2,2	0	1	0	0	1	4	2	0	8	0	4	2	2
614	8872	1	4	4	2	32512	920	1360	4,6,8,10	4	4	2,2,2,2	0	1	0	0	1	4	2	0	8	0	4	2	2
614	8880	1	5	3	3	32512	912	1344	6,8,10	3	2	1,1,2	0	1	1	1	1	4	1	0	8	0	2	2	3
614	8897	1	4	4	2	32512	920	1328	4,5,8,10	4	4	2,2,2,2	0	1	0	0	1	4	2	0	8	0	4	2	2
614	8898	1	4	4	2	32512	920	1328	4,5,8,10	4	4	2,2,2,2	0	1	0	0	1	4	2	0	8	0	4	2	2
614	8900	1	4	4	2	32512	920	1328	4,5,8,10	4	4	2,2,2,2	0	1	0	0	1	4	2	0	8	0	4	2	2
614	8904	1	4	4	2	32512	920	1328	4,5,8,10	4	4	2,2,2,2	0	1	0	0	1	4	2	0	8	0	4	2	2
614	8912	1	5	3	3	32512	912	1312	5,8,10	3	2	1,1,2	0	1	1	1	1	4	1	0	8	0	2	2	3
614	8928	1	5	3	3	32512	912	1296	4,8,10	3	2	1,1,2	0	1	1	1	1	4	1	0	8	0	2	2	3
614	9223	1	5	3	3	32512	609	6152	3,11,12	3	2	1,1,2	0	1	1	1	1	4	1	2	7	0	2	2	3
614	9227	1	5	3	3	32512	609	6148	2,11,12	3	2	1,1,2	0	1	1	1	1	4	1	2	7	0	2	2	3
614	9229	1	5	3	3	32512	609	6146	1,11,12	3	2	1,1,2	0	1	1	1	1	4	1	2	7	0	2	2	3
614	9230	1	5	3	3	32512	609	6145	0,11,12	3	2	1,1,2	0	1	1	1	1	4	1	2	7	0	2	2	3
614	9235	1	4	4	2	32512	611	6156	2,3,11,12	4	4	2,2,2,2	0	1	0	0	1	4	2	2	6	0	4	2	2
614	9237	1	4	4	2	32512	611	6154	1,3,11,12	4	4	2,2,2,2	0	1	0	0	1	4	2	2	6	0	4	2	2
614	9238	1	4	4	2	32512	611	6153	0,3,11,12	4	4	2,2,2,2	0	1	0	0	1	4	2	2	6	0	4	2	2
614	9241	1	4	4	2	32512	611	6150	1,2,11,12	4	4	2,2,2,2	0	1	0	0	1	4	2	2	6	0	4	2	2
614	9242	1	4	4	2	32512	611	6149	0,2,11,12	4	4	2,2,2,2	0	1	0	0	1	4	2	2	6	0	4	2	2
614	9244	1	4	4	2	32512	611	6147	0,1,11,12	4	4	2,2,2,2	0	1	0	0	1	4	2	2	6	0	4	2	2
614	9251	1	4	4	2	32512	611	6156	2,3,11,12	4	4	2,2,2,2	0	1	0	0	1	4	2	2	6	0	4	2	2
614	9253	1	4	4	2	32512	611	6154	1,3,11,12	4	4	2,2,2,2	0	1	0	0	1	4	2	2	6	0	4	2	2
614	9254	1	4	4	2	32512	611	6153	0,3,11,12	4	4	2,2,2,2	0	1	0	0	1	4	2	2	6	0	4	2	2
614	9257	1	4	4	2	32512	611	6150	1,2,11,12	4	4	2,2,2,2	0	1	0	0	1	4	2	2	6	0	4	2	2
614	9258	1	4	4	2	32512	611	6149	0,2,11,12	4	4	2,2,2,2	0	1	0	0	1	4	2	2	6	0	4	2	2
614	9260	1	4	4	2	32512	611	6147	0,1,11,12	4	4	2,2,2,2	0	1	0	0	1	4	2	2	6	0	4	2	2
614	9265	1	4	4	2	32512	920	960	6,7,8,9	4	4	2,2,2,2	0	1	0	0	1	4	2	0	8	0	4	2	2
614	9266	1	4	4	2	32512	920	960	6,7,8,9	4	4	2,2,2,2	0	1	0	0	1	4	2	0	8	0	4	2	2
614	9268	1	4	4	2	32512	920	960	6,7,8,9	4	4	2,2,2,2	0	1	0	0	1	4	2	0	8	0	4	2	2
614	9272	1	4	4	2	32512	920	960	6,7,8,9	4	4	2,2,2,2	0	1	0	0	1	4	2	0	8	0	4	2	2
614	9283	1	4	4	2	32512	611	6156	2,3,11,12	4	4	2,2,2,2	0	1	0	0	1	4	2	2	6	0	4	2	2
614	9285	1	4	4	2	32512	611	6154	1,3,11,12	4	4	2,2,2,2	0	1	0	0	1	4	2	2	6	0	4	2	2
614	9286	1	4	4	2	32512	611	6153	0,3,11,12	4	4	2,2,2,2	0	1	0	0	1	4	2	2	6	0	4	2	2
614	9289	1	4	4	2	32512	611	6150	1,2,11,12	4	4	2,2,2,2	0	1	0	0	1	4	2	2	6	0	4	2	2
614	9290	1	4	4	2	32512	611	6149	0,2,11,12	4	4	2,2,2,2	0	1	0	0	1	4	2	2	6	0	4	2	2
614	9292	1	4	4	2	32512	611	6147	0,1,11,12	4	4	2,2,2,2	0	1	0	0	1	4	2	2	6	0	4	2	2
614	9297	1	4	4	2	32512	920	928	5,7,8,9	4	4	2,2,2,2	0	1	0	0	1	4	2	0	8	0	4	2	2
614	9298	1	4	4	2	32512	920	928	5,7,8,9	4	4	2,2,2,2	0	1	0	0	1	4	2	0	8	0	4	2	2
614	9300	1	4	4	2	32512	920	928	5,7,8,9	4	4	2,2,2,2	0	1	0	0	1	4	2	0	8	0	4	2	2
614	9304	1	4	4	2	32512	920	928	5,7,8,9	4	4	2,2,2,2	0	1	0	0	1	4	2	0	8	0	4	2	2
614	9313	1	4	4	2	32512	920	912	4,7,8,9	4	4	2,2,2,2	0	1	0	0	1	4	2	0	8	0	4	2	2
614	9314	1	4	4	2	32512	920	912	4,7,8,9	4	4	2,2,2,2	0	1	0	0	1	4	2	0	8	0	4	2	2
614	9316	1	4	4	2	32512	920	912	4,7,8,9	4	4	2,2,2,2	0	1	0	0	1	4	2	0	8	0	4	2	2
614	9320	1	4	4	2	32512	920	912	4,7,8,9	4	4	2,2,2,2	0	1	0	0	1	4	2	0	8	0	4	2	2
614	9328	1	5	3	3	32512	912	896	7,8,9	3	2	1,1,2	0	1	1	1	1	4	1	0	8	0	2	2	3
614	9347	1	4	4	2	32512	611	6156	2,3,11,12	4	4	2,2,2,2	0	1	0	0	1	4	2	2	6	0	4	2	2
614	9349	1	4	4	2	32512	611	6154	1,3,11,12	4	4	2,2,2,2	0	1	0	0	1	4	2	2	6	0	4	2	2
614	9350	1	4	4	2	32512	611	6153	0,3,11,12	4	4	2,2,2,2	0	1	0	0	1	4	2	2	6	0	4	2	2
614	9353	1	4	4	2	32512	611	6150	1,2,11,12	4	4	2,2,2,2	0	1	0	0	1	4	2	2	6	0	4	2	2
614	9354	1	4	4	2	32512	611	6149	0,2,11,12	4	4	2,2,2,2	0	1	0	0	1	4	2	2	6	0	4	2	2
614	9356	1	4	4	2	32512	611	6147	0,1,11,12	4	4	2,2,2,2	0	1	0	0	1	4	2	2	6	0	4	2	2
614	9361	1	4	4	2	32512	920	864	5,6,8,9	4	4	2,2,2,2	0	1	0	0	1	4	2	0	8	0	4	2	2
614	9362	1	4	4	2	32512	920	864	5,6,8,9	4	4	2,2,2,2	0	1	0	0	1	4	2	0	8	0	4	2	2
614	9364	1	4	4	2	32512	920	864	5,6,8,9	4	4	2,2,2,2	0	1	0	0	1	4	2	0	8	0	4	2	2
614	9368	1	4	4	2	32512	920	864	5,6,8,9	4	4	2,2,2,2	0	1	0	0	1	4	2	0	8	0	4	2	2
614	9377	1	4	4	2	32512	920	848	4,6,8,9	4	4	2,2,2,2	0	1	0	0	1	4	2	0	8	0	4	2	2
614	9378	1	4	4	2	32512	920	848	4,6,8,9	4	4	2,2,2,2	0	1	0	0	1	4	2	0	8	0	4	2	2
614	9380	1	4	4	2	32512	920	848	4,6,8,9	4	4	2,2,2,2	0	1	0	0	1	4	2	0	8	0	4	2	2
614	9384	1	4	4	2	32512	920	848	4,6,8,9	4	4	2,2,2,2	0	1	0	0	1	4	2	0	8	0	4	2	2
614	9392	1	5	3	3	32512	912	832	6,8,9	3	2	1,1,2	0	1	1	1	1	4	1	0	8	0	2	2	3
614	9409	1	4	4	2	32512	920	816	4,5,8,9	4	4	2,2,2,2	0	1	0	0	1	4	2	0	8	0	4	2	2
614	9410	1	4	4	2	32512	920	816	4,5,8,9	4	4	2,2,2,2	0	1	0	0	1	4	2	0	8	0	4	2	2
614	9412	1	4	4	2	32512	920	816	4,5,8,9	4	4	2,2,2,2	0	1	0	0	1	4	2	0	8	0	4	2	2
614	9416	1	4	4	2	32512	920	816	4,5,8,9	4	4	2,2,2,2	0	1	0	0	1	4	2	0	8	0	4	2	2
614	9424	1	5	3	3	32512	912	800	5,8,9	3	2	1,1,2	0	1	1	1	1	4	1	0	8	0	2	2	3
614	9440	1	5	3	3	32512	912	784	4,8,9	3	2	1,1,2	0	1	1	1	1	4	1	0	8	0	2	2	3
614	10247	1	5	1	2	32512	736	4096	12	1	0	0	1	1	1	1	1	3	1	0	3	0	0	3	2
614	10251	1	5	1	2	32512	736	4096	12	1	0	0	1	1	1	1	1	3	1	0	3	0	0	3	2
614	10253	1	5	1	2	32512	736	4096	12	1	0	0	1	1	1	1	1	3	1	0	3	0	0	3	2
614	10254	1	5	1	2	32512	736	4096	12	1	0	0	1	1	1	1	1	3	1	0	3	0	0	3	2
614	10259	1	4	1	1	32512	736	4096	12	1	0	0	1	1	1	1	1	3	2	0	2	0	0	3	1
614	10261	1	4	1	1	32512	736	4096	12	1	0	0	1	1	1	1	1	3	2	0	2	0	0	3	1
614	10262	1	4	1	1	32512	736	4096	12	1	0	0	1	1	1	1	1	3	2	0	2	0	0	3	1
614	10265	1	4	1	1	32512	736	4096	12	1	0	0	1	1	1	1	1	3	2	0	2	0	0	3	1
614	10266	1	4	1	1	32512	736	4096	12	1	0	0	1	1	1	1	1	3	2	0	2	0	0	3	1
614	10268	1	4	1	1	32512	736	4096	12	1	0	0	1	1	1	1	1	3	2	0	2	0	0	3	1
614	10275	1	4	1	1	32512	736	4096	12	1	0	0	1	1	1	1	1	3	2	0	2	0	0	3	1
614	10277	1	4	1	1	32512	736	4096	12	1	0	0	1	1	1	1	1	3	2	0	2	0	0	3	1
614	10278	1	4	1	1	32512	736	4096	12	1	0	0	1	1	1	1	1	3	2	0	2	0	0	3	1
614	10281	1	4	1	1	32512	736	4096	12	1	0	0	1	1	1	1	1	3	2	0	2	0	0	3	1
614	10282	1	4	1	1	32512	736	4096	12	1	0	0	1	1	1	1	1	3	2	0	2	0	0	3	1
614	10284	1	4	1	1	32512	736	4096	12	1	0	0	1	1	1	1	1	3	2	0	2	0	0	3	1
614	10289	1	4	5	1	32512	231	20494	1,2,3,12,14	5	6	2,2,2,3,3	0	1	0	0	1	3	2	0	10	0	6	3	1
614	10290	1	4	5	1	32512	231	20493	0,2,3,12,14	5	6	2,2,2,3,3	0	1	0	0	1	3	2	0	10	0	6	3	1
614	10292	1	4	5	1	32512	231	20491	0,1,3,12,14	5	6	2,2,2,3,3	0	1	0	0	1	3	2	0	10	0	6	3	1
614	10296	1	4	5	1	32512	231	20487	0,1,2,12,14	5	6	2,2,2,3,3	0	1	0	0	1	3	2	0	10	0	6	3	1
614	10307	1	4	1	1	32512	736	4096	12	1	0	0	1	1	1	1	1	3	2	0	2	0	0	3	1
614	10309	1	4	1	1	32512	736	4096	12	1	0	0	1	1	1	1	1	3	2	0	2	0	0	3	1
614	10310	1	4	1	1	32512	736	4096	12	1	0	0	1	1	1	1	1	3	2	0	2	0	0	3	1
614	10313	1	4	1	1	32512	736	4096	12	1	0	0	1	1	1	1	1	3	2	0	2	0	0	3	1
614	10314	1	4	1	1	32512	736	4096	12	1	0	0	1	1	1	1	1	3	2	0	2	0	0	3	1
614	10316	1	4	1	1	32512	736	4096	12	1	0	0	1	1	1	1	1	3	2	0	2	0	0	3	1
614	10321	1	4	5	1	32512	231	20494	1,2,3,12,14	5	6	2,2,2,3,3	0	1	0	0	1	3	2	0	10	0	6	3	1
614	10322	1	4	5	1	32512	231	20493	0,2,3,12,14	5	6	2,2,2,3,3	0	1	0	0	1	3	2	0	10	0	6	3	1
614	10324	1	4	5	1	32512	231	20491	0,1,3,12,14	5	6	2,2,2,3,3	0	1	0	0	1	3	2	0	10	0	6	3	1
614	10328	1	4	5	1	32512	231	20487	0,1,2,12,14	5	6	2,2,2,3,3	0	1	0	0	1	3	2	0	10	0	6	3	1
614	10337	1	4	5	1	32512	231	20494	1,2,3,12,14	5	6	2,2,2,3,3	0	1	0	0	1	3	2	0	10	0	6	3	1
614	10338	1	4	5	1	32512	231	20493	0,2,3,12,14	5	6	2,2,2,3,3	0	1	0	0	1	3	2	0	10	0	6	3	1
614	10340	1	4	5	1	32512	231	20491	0,1,3,12,14	5	6	2,2,2,3,3	0	1	0	0	1	3	2	0	10	0	6	3	1
614	10344	1	4	5	1	32512	231	20487	0,1,2,12,14	5	6	2,2,2,3,3	0	1	0	0	1	3	2	0	10	0	6	3	1
614	10352	1	5	4	2	32512	784	1920	7,8,9,10	4	3	1,1,1,3	0	1	0	1	1	3	1	3	10	0	3	3	2
614	10371	1	4	1	1	32512	736	4096	12	1	0	0	1	1	1	1	1	3	2	0	2	0	0	3	1
614	10373	1	4	1	1	32512	736	4096	12	1	0	0	1	1	1	1	1	3	2	0	2	0	0	3	1
614	10374	1	4	1	1	32512	736	4096	12	1	0	0	1	1	1	1	1	3	2	0	2	0	0	3	1
614	10377	1	4	1	1	32512	736	4096	12	1	0	0	1	1	1	1	1	3	2	0	2	0	0	3	1
614	10378	1	4	1	1	32512	736	4096	12	1	0	0	1	1	1	1	1	3	2	0	2	0	0	3	1
614	10380	1	4	1	1	32512	736	4096	12	1	0	0	1	1	1	1	1	3	2	0	2	0	0	3	1
614	10385	1	4	5	1	32512	231	20494	1,2,3,12,14	5	6	2,2,2,3,3	0	1	0	0	1	3	2	0	10	0	6	3	1
614	10386	1	4	5	1	32512	231	20493	0,2,3,12,14	5	6	2,2,2,3,3	0	1	0	0	1	3	2	0	10	0	6	3	1
614	10388	1	4	5	1	32512	231	20491	0,1,3,12,14	5	6	2,2,2,3,3	0	1	0	0	1	3	2	0	10	0	6	3	1
614	10392	1	4	5	1	32512	231	20487	0,1,2,12,14	5	6	2,2,2,3,3	0	1	0	0	1	3	2	0	10	0	6	3	1
614	10401	1	4	5	1	32512	231	20494	1,2,3,12,14	5	6	2,2,2,3,3	0	1	0	0	1	3	2	0	10	0	6	3	1
614	10402	1	4	5	1	32512	231	20493	0,2,3,12,14	5	6	2,2,2,3,3	0	1	0	0	1	3	2	0	10	0	6	3	1
614	10404	1	4	5	1	32512	231	20491	0,1,3,12,14	5	6	2,2,2,3,3	0	1	0	0	1	3	2	0	10	0	6	3	1
614	10408	1	4	5	1	32512	231	20487	0,1,2,12,14	5	6	2,2,2,3,3	0	1	0	0	1	3	2	0	10	0	6	3	1
614	10416	1	5	4	2	32512	784	1856	6,8,9,10	4	3	1,1,1,3	0	1	0	1	1	3	1	3	10	0	3	3	2
614	10433	1	4	5	1	32512	231	20494	1,2,3,12,14	5	6	2,2,2,3,3	0	1	0	0	1	3	2	0	10	0	6	3	1
614	10434	1	4	5	1	32512	231	20493	0,2,3,12,14	5	6	2,2,2,3,3	0	1	0	0	1	3	2	0	10	0	6	3	1
614	10436	1	4	5	1	32512	231	20491	0,1,3,12,14	5	6	2,2,2,3,3	0	1	0	0	1	3	2	0	10	0	6	3	1
614	10440	1	4	5	1	32512	231	20487	0,1,2,12,14	5	6	2,2,2,3,3	0	1	0	0	1	3	2	0	10	0	6	3	1
614	10448	1	5	4	2	32512	784	1824	5,8,9,10	4	3	1,1,1,3	0	1	0	1	1	3	1	3	10	0	3	3	2
614	10464	1	5	4	2	32512	784	1808	4,8,9,10	4	3	1,1,1,3	0	1	0	1	1	3	1	3	10	0	3	3	2
614	12295	1	5	1	2	32512	736	2048	11	1	0	0	1	1	1	1	1	3	1	0	3	0	0	3	2
614	12299	1	5	1	2	32512	736	2048	11	1	0	0	1	1	1	1	1	3	1	0	3	0	0	3	2
614	12301	1	5	1	2	32512	736	2048	11	1	0	0	1	1	1	1	1	3	1	0	3	0	0	3	2
614	12302	1	5	1	2	32512	736	2048	11	1	0	0	1	1	1	1	1	3	1	0	3	0	0	3	2
614	12307	1	4	1	1	32512	736	2048	11	1	0	0	1	1	1	1	1	3	2	0	2	0	0	3	1
614	12309	1	4	1	1	32512	736	2048	11	1	0	0	1	1	1	1	1	3	2	0	2	0	0	3	1
614	12310	1	4	1	1	32512	736	2048	11	1	0	0	1	1	1	1	1	3	2	0	2	0	0	3	1
614	12313	1	4	1	1	32512	736	2048	11	1	0	0	1	1	1	1	1	3	2	0	2	0	0	3	1
614	12314	1	4	1	1	32512	736	2048	11	1	0	0	1	1	1	1	1	3	2	0	2	0	0	3	1
614	12316	1	4	1	1	32512	736	2048	11	1	0	0	1	1	1	1	1	3	2	0	2	0	0	3	1
614	12323	1	4	1	1	32512	736	2048	11	1	0	0	1	1	1	1	1	3	2	0	2	0	0	3	1
614	12325	1	4	1	1	32512	736	2048	11	1	0	0	1	1	1	1	1	3	2	0	2	0	0	3	1
614	12326	1	4	1	1	32512	736	2048	11	1	0	0	1	1	1	1	1	3	2	0	2	0	0	3	1
614	12329	1	4	1	1	32512	736	2048	11	1	0	0	1	1	1	1	1	3	2	0	2	0	0	3	1
614	12330	1	4	1	1	32512	736	2048	11	1	0	0	1	1	1	1	1	3	2	0	2	0	0	3	1
614	12332	1	4	1	1	32512	736	2048	11	1	0	0	1	1	1	1	1	3	2	0	2	0	0	3	1
614	12337	1	4	5	1	32512	231	18446	1,2,3,11,14	5	6	2,2,2,3,3	0	1	0	0	1	3	2	0	10	0	6	3	1
614	12338	1	4	5	1	32512	231	18445	0,2,3,11,14	5	6	2,2,2,3,3	0	1	0	0	1	3	2	0	10	0	6	3	1
614	12340	1	4	5	1	32512	231	18443	0,1,3,11,14	5	6	2,2,2,3,3	0	1	0	0	1	3	2	0	10	0	6	3	1
614	12344	1	4	5	1	32512	231	18439	0,1,2,11,14	5	6	2,2,2,3,3	0	1	0	0	1	3	2	0	10	0	6	3	1
614	12355	1	4	1	1	32512	736	2048	11	1	0	0	1	1	1	1	1	3	2	0	2	0	0	3	1
614	12357	1	4	1	1	32512	736	2048	11	1	0	0	1	1	1	1	1	3	2	0	2	0	0	3	1
614	12358	1	4	1	1	32512	736	2048	11	1	0	0	1	1	1	1	1	3	2	0	2	0	0	3	1
614	12361	1	4	1	1	32512	736	2048	11	1	0	0	1	1	1	1	1	3	2	0	2	0	0	3	1
614	12362	1	4	1	1	32512	736	2048	11	1	0	0	1	1	1	1	1	3	2	0	2	0	0	3	1
614	12364	1	4	1	1	32512	736	2048	11	1	0	0	1	1	1	1	1	3	2	0	2	0	0	3	1
614	12369	1	4	5	1	32512	231	18446	1,2,3,11,14	5	6	2,2,2,3,3	0	1	0	0	1	3	2	0	10	0	6	3	1
614	12370	1	4	5	1	32512	231	18445	0,2,3,11,14	5	6	2,2,2,3,3	0	1	0	0	1	3	2	0	10	0	6	3	1
614	12372	1	4	5	1	32512	231	18443	0,1,3,11,14	5	6	2,2,2,3,3	0	1	0	0	1	3	2	0	10	0	6	3	1
614	12376	1	4	5	1	32512	231	18439	0,1,2,11,14	5	6	2,2,2,3,3	0	1	0	0	1	3	2	0	10	0	6	3	1
614	12385	1	4	5	1	32512	231	18446	1,2,3,11,14	5	6	2,2,2,3,3	0	1	0	0	1	3	2	0	10	0	6	3	1
614	12386	1	4	5	1	32512	231	18445	0,2,3,11,14	5	6	2,2,2,3,3	0	1	0	0	1	3	2	0	10	0	6	3	1
614	12388	1	4	5	1	32512	231	18443	0,1,3,11,14	5	6	2,2,2,3,3	0	1	0	0	1	3	2	0	10	0	6	3	1
614	12392	1	4	5	1	32512	231	18439	0,1,2,11,14	5	6	2,2,2,3,3	0	1	0	0	1	3	2	0	10	0	6	3	1
614	12400	1	5	4	2	32512	784	1920	7,8,9,10	4	3	1,1,1,3	0	1	0	1	1	3	1	3	10	0	3	3	2
614	12419	1	4	1	1	32512	736	2048	11	1	0	0	1	1	1	1	1	3	2	0	2	0	0	3	1
614	12421	1	4	1	1	32512	736	2048	11	1	0	0	1	1	1	1	1	3	2	0	2	0	0	3	1
614	12422	1	4	1	1	32512	736	2048	11	1	0	0	1	1	1	1	1	3	2	0	2	0	0	3	1
614	12425	1	4	1	1	32512	736	2048	11	1	0	0	1	1	1	1	1	3	2	0	2	0	0	3	1
614	12426	1	4	1	1	32512	736	2048	11	1	0	0	1	1	1	1	1	3	2	0	2	0	0	3	1
614	12428	1	4	1	1	32512	736	2048	11	1	0	0	1	1	1	1	1	3	2	0	2	0	0	3	1
614	12433	1	4	5	1	32512	231	18446	1,2,3,11,14	5	6	2,2,2,3,3	0	1	0	0	1	3	2	0	10	0	6	3	1
614	12434	1	4	5	1	32512	231	18445	0,2,3,11,14	5	6	2,2,2,3,3	0	1	0	0	1	3	2	0	10	0	6	3	1
614	12436	1	4	5	1	32512	231	18443	0,1,3,11,14	5	6	2,2,2,3,3	0	1	0	0	1	3	2	0	10	0	6	3	1
614	12440	1	4	5	1	32512	231	18439	0,1,2,11,14	5	6	2,2,2,3,3	0	1	0	0	1	3	2	0	10	0	6	3	1
614	12449	1	4	5	1	32512	231	18446	1,2,3,11,14	5	6	2,2,2,3,3	0	1	0	0	1	3	2	0	10	0	6	3	1
614	12450	1	4	5	1	32512	231	18445	0,2,3,11,14	5	6	2,2,2,3,3	0	1	0	0	1	3	2	0	10	0	6	3	1
614	12452	1	4	5	1	32512	231	18443	0,1,3,11,14	5	6	2,2,2,3,3	0	1	0	0	1	3	2	0	10	0	6	3	1
614	12456	1	4	5	1	32512	231	18439	0,1,2,11,14	5	6	2,2,2,3,3	0	1	0	0	1	3	2	0	10	0	6	3	1
614	12464	1	5	4	2	32512	784	1856	6,8,9,10	4	3	1,1,1,3	0	1	0	1	1	3	1	3	10	0	3	3	2
614	12481	1	4	5	1	32512	231	18446	1,2,3,11,14	5	6	2,2,2,3,3	0	1	0	0	1	3	2	0	10	0	6	3	1
614	12482	1	4	5	1	32512	231	18445	0,2,3,11,14	5	6	2,2,2,3,3	0	1	0	0	1	3	2	0	10	0	6	3	1
614	12484	1	4	5	1	32512	231	18443	0,1,3,11,14	5	6	2,2,2,3,3	0	1	0	0	1	3	2	0	10	0	6	3	1
614	12488	1	4	5	1	32512	231	18439	0,1,2,11,14	5	6	2,2,2,3,3	0	1	0	0	1	3	2	0	10	0	6	3	1
614	12496	1	5	4	2	32512	784	1824	5,8,9,10	4	3	1,1,1,3	0	1	0	1	1	3	1	3	10	0	3	3	2
614	12512	1	5	4	2	32512	784	1808	4,8,9,10	4	3	1,1,1,3	0	1	0	1	1	3	1	3	10	0	3	3	2
614	16399	0	6	2	6	32512	624	6144	11,12	2	0	0,0	1	0	0	0	1	6	0	0	8	0	0	0	6
614	16407	1	5	3	5	32512	625	6152	3,11,12	3	2	1,1,2	0	1	1	1	1	6	1	0	7	0	2	0	5
614	16411	1	5	3	5	32512	625	6148	2,11,12	3	2	1,1,2	0	1	1	1	1	6	1	0	7	0	2	0	5
614	16413	1	5	3	5	32512	625	6146	1,11,12	3	2	1,1,2	0	1	1	1	1	6	1	0	7	0	2	0	5
614	16414	1	5	3	5	32512	625	6145	0,11,12	3	2	1,1,2	0	1	1	1	1	6	1	0	7	0	2	0	5
614	16423	1	5	3	5	32512	625	6152	3,11,12	3	2	1,1,2	0	1	1	1	1	6	1	0	7	0	2	0	5
614	16427	1	5	3	5	32512	625	6148	2,11,12	3	2	1,1,2	0	1	1	1	1	6	1	0	7	0	2	0	5
614	16429	1	5	3	5	32512	625	6146	1,11,12	3	2	1,1,2	0	1	1	1	1	6	1	0	7	0	2	0	5
614	16430	1	5	3	5	32512	625	6145	0,11,12	3	2	1,1,2	0	1	1	1	1	6	1	0	7	0	2	0	5
614	16435	1	4	4	4	32512	627	6156	2,3,11,12	4	4	2,2,2,2	0	1	0	0	1	6	2	0	6	0	4	0	4
614	16437	1	4	4	4	32512	627	6154	1,3,11,12	4	4	2,2,2,2	0	1	0	0	1	6	2	0	6	0	4	0	4
614	16438	1	4	4	4	32512	627	6153	0,3,11,12	4	4	2,2,2,2	0	1	0	0	1	6	2	0	6	0	4	0	4
614	16441	1	4	4	4	32512	627	6150	1,2,11,12	4	4	2,2,2,2	0	1	0	0	1	6	2	0	6	0	4	0	4
614	16442	1	4	4	4	32512	627	6149	0,2,11,12	4	4	2,2,2,2	0	1	0	0	1	6	2	0	6	0	4	0	4
614	16444	1	4	4	4	32512	627	6147	0,1,11,12	4	4	2,2,2,2	0	1	0	0	1	6	2	0	6	0	4	0	4
614	16455	1	5	3	5	32512	625	6152	3,11,12	3	2	1,1,2	0	1	1	1	1	6	1	0	7	0	2	0	5
614	16459	1	5	3	5	32512	625	6148	2,11,12	3	2	1,1,2	0	1	1	1	1	6	1	0	7	0	2	0	5
614	16461	1	5	3	5	32512	625	6146	1,11,12	3	2	1,1,2	0	1	1	1	1	6	1	0	7	0	2	0	5
614	16462	1	5	3	5	32512	625	6145	0,11,12	3	2	1,1,2	0	1	1	1	1	6	1	0	7	0	2	0	5
614	16467	1	4	4	4	32512	627	6156	2,3,11,12	4	4	2,2,2,2	0	1	0	0	1	6	2	0	6	0	4	0	4
614	16469	1	4	4	4	32512	627	6154	1,3,11,12	4	4	2,2,2,2	0	1	0	0	1	6	2	0	6	0	4	0	4
614	16470	1	4	4	4	32512	627	6153	0,3,11,12	4	4	2,2,2,2	0	1	0	0	1	6	2	0	6	0	4	0	4
614	16473	1	4	4	4	32512	627	6150	1,2,11,12	4	4	2,2,2,2	0	1	0	0	1	6	2	0	6	0	4	0	4
614	16474	1	4	4	4	32512	627	6149	0,2,11,12	4	4	2,2,2,2	0	1	0	0	1	6	2	0	6	0	4	0	4
614	16476	1	4	4	4	32512	627	6147	0,1,11,12	4	4	2,2,2,2	0	1	0	0	1	6	2	0	6	0	4	0	4
614	16483	1	4	4	4	32512	627	6156	2,3,11,12	4	4	2,2,2,2	0	1	0	0	1	6	2	0	6	0	4	0	4
614	16485	1	4	4	4	32512	627	6154	1,3,11,12	4	4	2,2,2,2	0	1	0	0	1	6	2	0	6	0	4	0	4
614	16486	1	4	4	4	32512	627	6153	0,3,11,12	4	4	2,2,2,2	0	1	0	0	1	6	2	0	6	0	4	0	4
614	16489	1	4	4	4	32512	627	6150	1,2,11,12	4	4	2,2,2,2	0	1	0	0	1	6	2	0	6	0	4	0	4
614	16490	1	4	4	4	32512	627	6149	0,2,11,12	4	4	2,2,2,2	0	1	0	0	1	6	2	0	6	0	4	0	4
614	16492	1	4	4	4	32512	627	6147	0,1,11,12	4	4	2,2,2,2	0	1	0	0	1	6	2	0	6	0	4	0	4
614	16497	1	5	4	5	32512	904	1920	7,8,9,10	4	3	1,1,1,3	0	1	0	1	1	6	1	0	10	0	3	0	5
614	16498	1	5	4	5	32512	904	1920	7,8,9,10	4	3	1,1,1,3	0	1	0	1	1	6	1	0	10	0	3	0	5
614	16500	1	5	4	5	32512	904	1920	7,8,9,10	4	3	1,1,1,3	0	1	0	1	1	6	1	0	10	0	3	0	5
614	16504	1	5	4	5	32512	904	1920	7,8,9,10	4	3	1,1,1,3	0	1	0	1	1	6	1	0	10	0	3	0	5
614	16519	1	5	3	5	32512	625	6152	3,11,12	3	2	1,1,2	0	1	1	1	1	6	1	0	7	0	2	0	5
614	16523	1	5	3	5	32512	625	6148	2,11,12	3	2	1,1,2	0	1	1	1	1	6	1	0	7	0	2	0	5
614	16525	1	5	3	5	32512	625	6146	1,11,12	3	2	1,1,2	0	1	1	1	1	6	1	0	7	0	2	0	5
614	16526	1	5	3	5	32512	625	6145	0,11,12	3	2	1,1,2	0	1	1	1	1	6	1	0	7	0	2	0	5
614	16531	1	4	4	4	32512	627	6156	2,3,11,12	4	4	2,2,2,2	0	1	0	0	1	6	2	0	6	0	4	0	4
614	16533	1	4	4	4	32512	627	6154	1,3,11,12	4	4	2,2,2,2	0	1	0	0	1	6	2	0	6	0	4	0	4
614	16534	1	4	4	4	32512	627	6153	0,3,11,12	4	4	2,2,2,2	0	1	0	0	1	6	2	0	6	0	4	0	4
614	16537	1	4	4	4	32512	627	6150	1,2,11,12	4	4	2,2,2,2	0	1	0	0	1	6	2	0	6	0	4	0	4
614	16538	1	4	4	4	32512	627	6149	0,2,11,12	4	4	2,2,2,2	0	1	0	0	1	6	2	0	6	0	4	0	4
614	16540	1	4	4	4	32512	627	6147	0,1,11,12	4	4	2,2,2,2	0	1	0	0	1	6	2	0	6	0	4	0	4
614	16547	1	4	4	4	32512	627	6156	2,3,11,12	4	4	2,2,2,2	0	1	0	0	1	6	2	0	6	0	4	0	4
614	16549	1	4	4	4	32512	627	6154	1,3,11,12	4	4	2,2,2,2	0	1	0	0	1	6	2	0	6	0	4	0	4
614	16550	1	4	4	4	32512	627	6153	0,3,11,12	4	4	2,2,2,2	0	1	0	0	1	6	2	0	6	0	4	0	4
614	16553	1	4	4	4	32512	627	6150	1,2,11,12	4	4	2,2,2,2	0	1	0	0	1	6	2	0	6	0	4	0	4
614	16554	1	4	4	4	32512	627	6149	0,2,11,12	4	4	2,2,2,2	0	1	0	0	1	6	2	0	6	0	4	0	4
614	16556	1	4	4	4	32512	627	6147	0,1,11,12	4	4	2,2,2,2	0	1	0	0	1	6	2	0	6	0	4	0	4
614	16561	1	5	4	5	32512	904	1856	6,8,9,10	4	3	1,1,1,3	0	1	0	1	1	6	1	0	10	0	3	0	5
614	16562	1	5	4	5	32512	904	1856	6,8,9,10	4	3	1,1,1,3	0	1	0	1	1	6	1	0	10	0	3	0	5
614	16564	1	5	4	5	32512	904	1856	6,8,9,10	4	3	1,1,1,3	0	1	0	1	1	6	1	0	10	0	3	0	5
614	16568	1	5	4	5	32512	904	1856	6,8,9,10	4	3	1,1,1,3	0	1	0	1	1	6	1	0	10	0	3	0	5
614	16579	1	4	4	4	32512	627	6156	2,3,11,12	4	4	2,2,2,2	0	1	0	0	1	6	2	0	6	0	4	0	4
614	16581	1	4	4	4	32512	627	6154	1,3,11,12	4	4	2,2,2,2	0	1	0	0	1	6	2	0	6	0	4	0	4
614	16582	1	4	4	4	32512	627	6153	0,3,11,12	4	4	2,2,2,2	0	1	0	0	1	6	2	0	6	0	4	0	4
614	16585	1	4	4	4	32512	627	6150	1,2,11,12	4	4	2,2,2,2	0	1	0	0	1	6	2	0	6	0	4	0	4
614	16586	1	4	4	4	32512	627	6149	0,2,11,12	4	4	2,2,2,2	0	1	0	0	1	6	2	0	6	0	4	0	4
614	16588	1	4	4	4	32512	627	6147	0,1,11,12	4	4	2,2,2,2	0	1	0	0	1	6	2	0	6	0	4	0	4
614	16593	1	5	4	5	32512	904	1824	5,8,9,10	4	3	1,1,1,3	0	1	0	1	1	6	1	0	10	0	3	0	5
614	16594	1	5	4	5	32512	904	1824	5,8,9,10	4	3	1,1,1,3	0	1	0	1	1	6	1	0	10	0	3	0	5
614	16596	1	5	4	5	32512	904	1824	5,8,9,10	4	3	1,1,1,3	0	1	0	1	1	6	1	0	10	0	3	0	5
614	16600	1	5	4	5	32512	904	1824	5,8,9,10	4	3	1,1,1,3	0	1	0	1	1	6	1	0	10	0	3	0	5
614	16609	1	5	4	5	32512	904	1808	4,8,9,10	4	3	1,1,1,3	0	1	0	1	1	6	1	0	10	0	3	0	5
614	16610	1	5	4	5	32512	904	1808	4,8,9,10	4	3	1,1,1,3	0	1	0	1	1	6	1	0	10	0	3	0	5
614	16612	1	5	4	5	32512	904	1808	4,8,9,10	4	3	1,1,1,3	0	1	0	1	1	6	1	0	10	0	3	0	5
614	16616	1	5	4	5	32512	904	1808	4,8,9,10	4	3	1,1,1,3	0	1	0	1	1	6	1	0	10	0	3	0	5
614	16624	0	6	3	6	32512	896	1792	8,9,10	3	0	0,0,0	1	0	0	0	1	6	0	0	12	0	0	0	6
614	16647	1	5	3	3	32512	609	6152	3,11,12	3	2	1,1,2	0	1	1	1	1	4	1	2	7	0	2	2	3
614	16651	1	5	3	3	32512	609	6148	2,11,12	3	2	1,1,2	0	1	1	1	1	4	1	2	7	0	2	2	3
614	16653	1	5	3	3	32512	609	6146	1,11,12	3	2	1,1,2	0	1	1	1	1	4	1	2	7	0	2	2	3
614	16654	1	5	3	3	32512	609	6145	0,11,12	3	2	1,1,2	0	1	1	1	1	4	1	2	7	0	2	2	3
614	16659	1	4	4	2	32512	611	6156	2,3,11,12	4	4	2,2,2,2	0	1	0	0	1	4	2	2	6	0	4	2	2
614	16661	1	4	4	2	32512	611	6154	1,3,11,12	4	4	2,2,2,2	0	1	0	0	1	4	2	2	6	0	4	2	2
614	16662	1	4	4	2	32512	611	6153	0,3,11,12	4	4	2,2,2,2	0	1	0	0	1	4	2	2	6	0	4	2	2
614	16665	1	4	4	2	32512	611	6150	1,2,11,12	4	4	2,2,2,2	0	1	0	0	1	4	2	2	6	0	4	2	2
614	16666	1	4	4	2	32512	611	6149	0,2,11,12	4	4	2,2,2,2	0	1	0	0	1	4	2	2	6	0	4	2	2
614	16668	1	4	4	2	32512	611	6147	0,1,11,12	4	4	2,2,2,2	0	1	0	0	1	4	2	2	6	0	4	2	2
614	16675	1	4	4	2	32512	611	6156	2,3,11,12	4	4	2,2,2,2	0	1	0	0	1	4	2	2	6	0	4	2	2
614	16677	1	4	4	2	32512	611	6154	1,3,11,12	4	4	2,2,2,2	0	1	0	0	1	4	2	2	6	0	4	2	2
614	16678	1	4	4	2	32512	611	6153	0,3,11,12	4	4	2,2,2,2	0	1	0	0	1	4	2	2	6	0	4	2	2
614	16681	1	4	4	2	32512	611	6150	1,2,11,12	4	4	2,2,2,2	0	1	0	0	1	4	2	2	6	0	4	2	2
614	16682	1	4	4	2	32512	611	6149	0,2,11,12	4	4	2,2,2,2	0	1	0	0	1	4	2	2	6	0	4	2	2
614	16684	1	4	4	2	32512	611	6147	0,1,11,12	4	4	2,2,2,2	0	1	0	0	1	4	2	2	6	0	4	2	2
614	16689	1	4	4	2	32512	920	1728	6,7,9,10	4	4	2,2,2,2	0	1	0	0	1	4	2	0	8	0	4	2	2
614	16690	1	4	4	2	32512	920	1728	6,7,9,10	4	4	2,2,2,2	0	1	0	0	1	4	2	0	8	0	4	2	2
614	16692	1	4	4	2	32512	920	1728	6,7,9,10	4	4	2,2,2,2	0	1	0	0	1	4	2	0	8	0	4	2	2
614	16696	1	4	4	2	32512	920	1728	6,7,9,10	4	4	2,2,2,2	0	1	0	0	1	4	2	0	8	0	4	2	2
614	16707	1	4	4	2	32512	611	6156	2,3,11,12	4	4	2,2,2,2	0	1	0	0	1	4	2	2	6	0	4	2	2
614	16709	1	4	4	2	32512	611	6154	1,3,11,12	4	4	2,2,2,2	0	1	0	0	1	4	2	2	6	0	4	2	2
614	16710	1	4	4	2	32512	611	6153	0,3,11,12	4	4	2,2,2,2	0	1	0	0	1	4	2	2	6	0	4	2	2
614	16713	1	4	4	2	32512	611	6150	1,2,11,12	4	4	2,2,2,2	0	1	0	0	1	4	2	2	6	0	4	2	2
614	16714	1	4	4	2	32512	611	6149	0,2,11,12	4	4	2,2,2,2	0	1	0	0	1	4	2	2	6	0	4	2	2
614	16716	1	4	4	2	32512	611	6147	0,1,11,12	4	4	2,2,2,2	0	1	0	0	1	4	2	2	6	0	4	2	2
614	16721	1	4	4	2	32512	920	1696	5,7,9,10	4	4	2,2,2,2	0	1	0	0	1	4	2	0	8	0	4	2	2
614	16722	1	4	4	2	32512	920	1696	5,7,9,10	4	4	2,2,2,2	0	1	0	0	1	4	2	0	8	0	4	2	2
614	16724	1	4	4	2	32512	920	1696	5,7,9,10	4	4	2,2,2,2	0	1	0	0	1	4	2	0	8	0	4	2	2
614	16728	1	4	4	2	32512	920	1696	5,7,9,10	4	4	2,2,2,2	0	1	0	0	1	4	2	0	8	0	4	2	2
614	16737	1	4	4	2	32512	920	1680	4,7,9,10	4	4	2,2,2,2	0	1	0	0	1	4	2	0	8	0	4	2	2
614	16738	1	4	4	2	32512	920	1680	4,7,9,10	4	4	2,2,2,2	0	1	0	0	1	4	2	0	8	0	4	2	2
614	16740	1	4	4	2	32512	920	1680	4,7,9,10	4	4	2,2,2,2	0	1	0	0	1	4	2	0	8	0	4	2	2
614	16744	1	4	4	2	32512	920	1680	4,7,9,10	4	4	2,2,2,2	0	1	0	0	1	4	2	0	8	0	4	2	2
614	16752	1	5	3	3	32512	912	1664	7,9,10	3	2	1,1,2	0	1	1	1	1	4	1	0	8	0	2	2	3
614	16771	1	4	4	2	32512	611	6156	2,3,11,12	4	4	2,2,2,2	0	1	0	0	1	4	2	2	6	0	4	2	2
614	16773	1	4	4	2	32512	611	6154	1,3,11,12	4	4	2,2,2,2	0	1	0	0	1	4	2	2	6	0	4	2	2
614	16774	1	4	4	2	32512	611	6153	0,3,11,12	4	4	2,2,2,2	0	1	0	0	1	4	2	2	6	0	4	2	2
614	16777	1	4	4	2	32512	611	6150	1,2,11,12	4	4	2,2,2,2	0	1	0	0	1	4	2	2	6	0	4	2	2
614	16778	1	4	4	2	32512	611	6149	0,2,11,12	4	4	2,2,2,2	0	1	0	0	1	4	2	2	6	0	4	2	2
614	16780	1	4	4	2	32512	611	6147	0,1,11,12	4	4	2,2,2,2	0	1	0	0	1	4	2	2	6	0	4	2	2
614	16785	1	4	4	2	32512	920	1632	5,6,9,10	4	4	2,2,2,2	0	1	0	0	1	4	2	0	8	0	4	2	2
614	16786	1	4	4	2	32512	920	1632	5,6,9,10	4	4	2,2,2,2	0	1	0	0	1	4	2	0	8	0	4	2	2
614	16788	1	4	4	2	32512	920	1632	5,6,9,10	4	4	2,2,2,2	0	1	0	0	1	4	2	0	8	0	4	2	2
614	16792	1	4	4	2	32512	920	1632	5,6,9,10	4	4	2,2,2,2	0	1	0	0	1	4	2	0	8	0	4	2	2
614	16801	1	4	4	2	32512	920	1616	4,6,9,10	4	4	2,2,2,2	0	1	0	0	1	4	2	0	8	0	4	2	2
614	16802	1	4	4	2	32512	920	1616	4,6,9,10	4	4	2,2,2,2	0	1	0	0	1	4	2	0	8	0	4	2	2
614	16804	1	4	4	2	32512	920	1616	4,6,9,10	4	4	2,2,2,2	0	1	0	0	1	4	2	0	8	0	4	2	2
614	16808	1	4	4	2	32512	920	1616	4,6,9,10	4	4	2,2,2,2	0	1	0	0	1	4	2	0	8	0	4	2	2
614	16816	1	5	3	3	32512	912	1600	6,9,10	3	2	1,1,2	0	1	1	1	1	4	1	0	8	0	2	2	3
614	16833	1	4	4	2	32512	920	1584	4,5,9,10	4	4	2,2,2,2	0	1	0	0	1	4	2	0	8	0	4	2	2
614	16834	1	4	4	2	32512	920	1584	4,5,9,10	4	4	2,2,2,2	0	1	0	0	1	4	2	0	8	0	4	2	2
614	16836	1	4	4	2	32512	920	1584	4,5,9,10	4	4	2,2,2,2	0	1	0	0	1	4	2	0	8	0	4	2	2
614	16840	1	4	4	2	32512	920	1584	4,5,9,10	4	4	2,2,2,2	0	1	0	0	1	4	2	0	8	0	4	2	2
614	16848	1	5	3	3	32512	912	1568	5,9,10	3	2	1,1,2	0	1	1	1	1	4	1	0	8	0	2	2	3
614	16864	1	5	3	3	32512	912	1552	4,9,10	3	2	1,1,2	0	1	1	1	1	4	1	0	8	0	2	2	3
614	16903	1	5	3	3	32512	609	6152	3,11,12	3	2	1,1,2	0	1	1	1	1	4	1	2	7	0	2	2	3
614	16907	1	5	3	3	32512	609	6148	2,11,12	3	2	1,1,2	0	1	1	1	1	4	1	2	7	0	2	2	3
614	16909	1	5	3	3	32512	609	6146	1,11,12	3	2	1,1,2	0	1	1	1	1	4	1	2	7	0	2	2	3
614	16910	1	5	3	3	32512	609	6145	0,11,12	3	2	1,1,2	0	1	1	1	1	4	1	2	7	0	2	2	3
614	16915	1	4	4	2	32512	611	6156	2,3,11,12	4	4	2,2,2,2	0	1	0	0	1	4	2	2	6	0	4	2	2
614	16917	1	4	4	2	32512	611	6154	1,3,11,12	4	4	2,2,2,2	0	1	0	0	1	4	2	2	6	0	4	2	2
614	16918	1	4	4	2	32512	611	6153	0,3,11,12	4	4	2,2,2,2	0	1	0	0	1	4	2	2	6	0	4	2	2
614	16921	1	4	4	2	32512	611	6150	1,2,11,12	4	4	2,2,2,2	0	1	0	0	1	4	2	2	6	0	4	2	2
614	16922	1	4	4	2	32512	611	6149	0,2,11,12	4	4	2,2,2,2	0	1	0	0	1	4	2	2	6	0	4	2	2
614	16924	1	4	4	2	32512	611	6147	0,1,11,12	4	4	2,2,2,2	0	1	0	0	1	4	2	2	6	0	4	2	2
614	16931	1	4	4	2	32512	611	6156	2,3,11,12	4	4	2,2,2,2	0	1	0	0	1	4	2	2	6	0	4	2	2
614	16933	1	4	4	2	32512	611	6154	1,3,11,12	4	4	2,2,2,2	0	1	0	0	1	4	2	2	6	0	4	2	2
614	16934	1	4	4	2	32512	611	6153	0,3,11,12	4	4	2,2,2,2	0	1	0	0	1	4	2	2	6	0	4	2	2
614	16937	1	4	4	2	32512	611	6150	1,2,11,12	4	4	2,2,2,2	0	1	0	0	1	4	2	2	6	0	4	2	2
614	16938	1	4	4	2	32512	611	6149	0,2,11,12	4	4	2,2,2,2	0	1	0	0	1	4	2	2	6	0	4	2	2
614	16940	1	4	4	2	32512	611	6147	0,1,11,12	4	4	2,2,2,2	0	1	0	0	1	4	2	2	6	0	4	2	2
614	16945	1	4	4	2	32512	920	1472	6,7,8,10	4	4	2,2,2,2	0	1	0	0	1	4	2	0	8	0	4	2	2
614	16946	1	4	4	2	32512	920	1472	6,7,8,10	4	4	2,2,2,2	0	1	0	0	1	4	2	0	8	0	4	2	2
614	16948	1	4	4	2	32512	920	1472	6,7,8,10	4	4	2,2,2,2	0	1	0	0	1	4	2	0	8	0	4	2	2
614	16952	1	4	4	2	32512	920	1472	6,7,8,10	4	4	2,2,2,2	0	1	0	0	1	4	2	0	8	0	4	2	2
614	16963	1	4	4	2	32512	611	6156	2,3,11,12	4	4	2,2,2,2	0	1	0	0	1	4	2	2	6	0	4	2	2
614	16965	1	4	4	2	32512	611	6154	1,3,11,12	4	4	2,2,2,2	0	1	0	0	1	4	2	2	6	0	4	2	2
614	16966	1	4	4	2	32512	611	6153	0,3,11,12	4	4	2,2,2,2	0	1	0	0	1	4	2	2	6	0	4	2	2
614	16969	1	4	4	2	32512	611	6150	1,2,11,12	4	4	2,2,2,2	0	1	0	0	1	4	2	2	6	0	4	2	2
614	16970	1	4	4	2	32512	611	6149	0,2,11,12	4	4	2,2,2,2	0	1	0	0	1	4	2	2	6	0	4	2	2
614	16972	1	4	4	2	32512	611	6147	0,1,11,12	4	4	2,2,2,2	0	1	0	0	1	4	2	2	6	0	4	2	2
614	16977	1	4	4	2	32512	920	1440	5,7,8,10	4	4	2,2,2,2	0	1	0	0	1	4	2	0	8	0	4	2	2
614	16978	1	4	4	2	32512	920	1440	5,7,8,10	4	4	2,2,2,2	0	1	0	0	1	4	2	0	8	0	4	2	2
614	16980	1	4	4	2	32512	920	1440	5,7,8,10	4	4	2,2,2,2	0	1	0	0	1	4	2	0	8	0	4	2	2
614	16984	1	4	4	2	32512	920	1440	5,7,8,10	4	4	2,2,2,2	0	1	0	0	1	4	2	0	8	0	4	2	2
614	16993	1	4	4	2	32512	920	1424	4,7,8,10	4	4	2,2,2,2	0	1	0	0	1	4	2	0	8	0	4	2	2
614	16994	1	4	4	2	32512	920	1424	4,7,8,10	4	4	2,2,2,2	0	1	0	0	1	4	2	0	8	0	4	2	2
614	16996	1	4	4	2	32512	920	1424	4,7,8,10	4	4	2,2,2,2	0	1	0	0	1	4	2	0	8	0	4	2	2
614	17000	1	4	4	2	32512	920	1424	4,7,8,10	4	4	2,2,2,2	0	1	0	0	1	4	2	0	8	0	4	2	2
614	17008	1	5	3	3	32512	912	1408	7,8,10	3	2	1,1,2	0	1	1	1	1	4	1	0	8	0	2	2	3
614	17027	1	4	4	2	32512	611	6156	2,3,11,12	4	4	2,2,2,2	0	1	0	0	1	4	2	2	6	0	4	2	2
614	17029	1	4	4	2	32512	611	6154	1,3,11,12	4	4	2,2,2,2	0	1	0	0	1	4	2	2	6	0	4	2	2
614	17030	1	4	4	2	32512	611	6153	0,3,11,12	4	4	2,2,2,2	0	1	0	0	1	4	2	2	6	0	4	2	2
614	17033	1	4	4	2	32512	611	6150	1,2,11,12	4	4	2,2,2,2	0	1	0	0	1	4	2	2	6	0	4	2	2
614	17034	1	4	4	2	32512	611	6149	0,2,11,12	4	4	2,2,2,2	0	1	0	0	1	4	2	2	6	0	4	2	2
614	17036	1	4	4	2	32512	611	6147	0,1,11,12	4	4	2,2,2,2	0	1	0	0	1	4	2	2	6	0	4	2	2
614	17041	1	4	4	2	32512	920	1376	5,6,8,10	4	4	2,2,2,2	0	1	0	0	1	4	2	0	8	0	4	2	2
614	17042	1	4	4	2	32512	920	1376	5,6,8,10	4	4	2,2,2,2	0	1	0	0	1	4	2	0	8	0	4	2	2
614	17044	1	4	4	2	32512	920	1376	5,6,8,10	4	4	2,2,2,2	0	1	0	0	1	4	2	0	8	0	4	2	2
614	17048	1	4	4	2	32512	920	1376	5,6,8,10	4	4	2,2,2,2	0	1	0	0	1	4	2	0	8	0	4	2	2
614	17057	1	4	4	2	32512	920	1360	4,6,8,10	4	4	2,2,2,2	0	1	0	0	1	4	2	0	8	0	4	2	2
614	17058	1	4	4	2	32512	920	1360	4,6,8,10	4	4	2,2,2,2	0	1	0	0	1	4	2	0	8	0	4	2	2
614	17060	1	4	4	2	32512	920	1360	4,6,8,10	4	4	2,2,2,2	0	1	0	0	1	4	2	0	8	0	4	2	2
614	17064	1	4	4	2	32512	920	1360	4,6,8,10	4	4	2,2,2,2	0	1	0	0	1	4	2	0	8	0	4	2	2
614	17072	1	5	3	3	32512	912	1344	6,8,10	3	2	1,1,2	0	1	1	1	1	4	1	0	8	0	2	2	3
614	17089	1	4	4	2	32512	920	1328	4,5,8,10	4	4	2,2,2,2	0	1	0	0	1	4	2	0	8	0	4	2	2
614	17090	1	4	4	2	32512	920	1328	4,5,8,10	4	4	2,2,2,2	0	1	0	0	1	4	2	0	8	0	4	2	2
614	17092	1	4	4	2	32512	920	1328	4,5,8,10	4	4	2,2,2,2	0	1	0	0	1	4	2	0	8	0	4	2	2
614	17096	1	4	4	2	32512	920	1328	4,5,8,10	4	4	2,2,2,2	0	1	0	0	1	4	2	0	8	0	4	2	2
614	17104	1	5	3	3	32512	912	1312	5,8,10	3	2	1,1,2	0	1	1	1	1	4	1	0	8	0	2	2	3
614	17120	1	5	3	3	32512	912	1296	4,8,10	3	2	1,1,2	0	1	1	1	1	4	1	0	8	0	2	2	3
614	17415	1	5	3	3	32512	609	6152	3,11,12	3	2	1,1,2	0	1	1	1	1	4	1	2	7	0	2	2	3
614	17419	1	5	3	3	32512	609	6148	2,11,12	3	2	1,1,2	0	1	1	1	1	4	1	2	7	0	2	2	3
614	17421	1	5	3	3	32512	609	6146	1,11,12	3	2	1,1,2	0	1	1	1	1	4	1	2	7	0	2	2	3
614	17422	1	5	3	3	32512	609	6145	0,11,12	3	2	1,1,2	0	1	1	1	1	4	1	2	7	0	2	2	3
614	17427	1	4	4	2	32512	611	6156	2,3,11,12	4	4	2,2,2,2	0	1	0	0	1	4	2	2	6	0	4	2	2
614	17429	1	4	4	2	32512	611	6154	1,3,11,12	4	4	2,2,2,2	0	1	0	0	1	4	2	2	6	0	4	2	2
614	17430	1	4	4	2	32512	611	6153	0,3,11,12	4	4	2,2,2,2	0	1	0	0	1	4	2	2	6	0	4	2	2
614	17433	1	4	4	2	32512	611	6150	1,2,11,12	4	4	2,2,2,2	0	1	0	0	1	4	2	2	6	0	4	2	2
614	17434	1	4	4	2	32512	611	6149	0,2,11,12	4	4	2,2,2,2	0	1	0	0	1	4	2	2	6	0	4	2	2
614	17436	1	4	4	2	32512	611	6147	0,1,11,12	4	4	2,2,2,2	0	1	0	0	1	4	2	2	6	0	4	2	2
614	17443	1	4	4	2	32512	611	6156	2,3,11,12	4	4	2,2,2,2	0	1	0	0	1	4	2	2	6	0	4	2	2
614	17445	1	4	4	2	32512	611	6154	1,3,11,12	4	4	2,2,2,2	0	1	0	0	1	4	2	2	6	0	4	2	2
614	17446	1	4	4	2	32512	611	6153	0,3,11,12	4	4	2,2,2,2	0	1	0	0	1	4	2	2	6	0	4	2	2
614	17449	1	4	4	2	32512	611	6150	1,2,11,12	4	4	2,2,2,2	0	1	0	0	1	4	2	2	6	0	4	2	2
614	17450	1	4	4	2	32512	611	6149	0,2,11,12	4	4	2,2,2,2	0	1	0	0	1	4	2	2	6	0	4	2	2
614	17452	1	4	4	2	32512	611	6147	0,1,11,12	4	4	2,2,2,2	0	1	0	0	1	4	2	2	6	0	4	2	2
614	17457	1	4	4	2	32512	920	960	6,7,8,9	4	4	2,2,2,2	0	1	0	0	1	4	2	0	8	0	4	2	2
614	17458	1	4	4	2	32512	920	960	6,7,8,9	4	4	2,2,2,2	0	1	0	0	1	4	2	0	8	0	4	2	2
614	17460	1	4	4	2	32512	920	960	6,7,8,9	4	4	2,2,2,2	0	1	0	0	1	4	2	0	8	0	4	2	2
614	17464	1	4	4	2	32512	920	960	6,7,8,9	4	4	2,2,2,2	0	1	0	0	1	4	2	0	8	0	4	2	2
614	17475	1	4	4	2	32512	611	6156	2,3,11,12	4	4	2,2,2,2	0	1	0	0	1	4	2	2	6	0	4	2	2
614	17477	1	4	4	2	32512	611	6154	1,3,11,12	4	4	2,2,2,2	0	1	0	0	1	4	2	2	6	0	4	2	2
614	17478	1	4	4	2	32512	611	6153	0,3,11,12	4	4	2,2,2,2	0	1	0	0	1	4	2	2	6	0	4	2	2
614	17481	1	4	4	2	32512	611	6150	1,2,11,12	4	4	2,2,2,2	0	1	0	0	1	4	2	2	6	0	4	2	2
614	17482	1	4	4	2	32512	611	6149	0,2,11,12	4	4	2,2,2,2	0	1	0	0	1	4	2	2	6	0	4	2	2
614	17484	1	4	4	2	32512	611	6147	0,1,11,12	4	4	2,2,2,2	0	1	0	0	1	4	2	2	6	0	4	2	2
614	17489	1	4	4	2	32512	920	928	5,7,8,9	4	4	2,2,2,2	0	1	0	0	1	4	2	0	8	0	4	2	2
614	17490	1	4	4	2	32512	920	928	5,7,8,9	4	4	2,2,2,2	0	1	0	0	1	4	2	0	8	0	4	2	2
614	17492	1	4	4	2	32512	920	928	5,7,8,9	4	4	2,2,2,2	0	1	0	0	1	4	2	0	8	0	4	2	2
614	17496	1	4	4	2	32512	920	928	5,7,8,9	4	4	2,2,2,2	0	1	0	0	1	4	2	0	8	0	4	2	2
614	17505	1	4	4	2	32512	920	912	4,7,8,9	4	4	2,2,2,2	0	1	0	0	1	4	2	0	8	0	4	2	2
614	17506	1	4	4	2	32512	920	912	4,7,8,9	4	4	2,2,2,2	0	1	0	0	1	4	2	0	8	0	4	2	2
614	17508	1	4	4	2	32512	920	912	4,7,8,9	4	4	2,2,2,2	0	1	0	0	1	4	2	0	8	0	4	2	2
614	17512	1	4	4	2	32512	920	912	4,7,8,9	4	4	2,2,2,2	0	1	0	0	1	4	2	0	8	0	4	2	2
614	17520	1	5	3	3	32512	912	896	7,8,9	3	2	1,1,2	0	1	1	1	1	4	1	0	8	0	2	2	3
614	17539	1	4	4	2	32512	611	6156	2,3,11,12	4	4	2,2,2,2	0	1	0	0	1	4	2	2	6	0	4	2	2
614	17541	1	4	4	2	32512	611	6154	1,3,11,12	4	4	2,2,2,2	0	1	0	0	1	4	2	2	6	0	4	2	2
614	17542	1	4	4	2	32512	611	6153	0,3,11,12	4	4	2,2,2,2	0	1	0	0	1	4	2	2	6	0	4	2	2
614	17545	1	4	4	2	32512	611	6150	1,2,11,12	4	4	2,2,2,2	0	1	0	0	1	4	2	2	6	0	4	2	2
614	17546	1	4	4	2	32512	611	6149	0,2,11,12	4	4	2,2,2,2	0	1	0	0	1	4	2	2	6	0	4	2	2
614	17548	1	4	4	2	32512	611	6147	0,1,11,12	4	4	2,2,2,2	0	1	0	0	1	4	2	2	6	0	4	2	2
614	17553	1	4	4	2	32512	920	864	5,6,8,9	4	4	2,2,2,2	0	1	0	0	1	4	2	0	8	0	4	2	2
614	17554	1	4	4	2	32512	920	864	5,6,8,9	4	4	2,2,2,2	0	1	0	0	1	4	2	0	8	0	4	2	2
614	17556	1	4	4	2	32512	920	864	5,6,8,9	4	4	2,2,2,2	0	1	0	0	1	4	2	0	8	0	4	2	2
614	17560	1	4	4	2	32512	920	864	5,6,8,9	4	4	2,2,2,2	0	1	0	0	1	4	2	0	8	0	4	2	2
614	17569	1	4	4	2	32512	920	848	4,6,8,9	4	4	2,2,2,2	0	1	0	0	1	4	2	0	8	0	4	2	2
614	17570	1	4	4	2	32512	920	848	4,6,8,9	4	4	2,2,2,2	0	1	0	0	1	4	2	0	8	0	4	2	2
614	17572	1	4	4	2	32512	920	848	4,6,8,9	4	4	2,2,2,2	0	1	0	0	1	4	2	0	8	0	4	2	2
614	17576	1	4	4	2	32512	920	848	4,6,8,9	4	4	2,2,2,2	0	1	0	0	1	4	2	0	8	0	4	2	2
614	17584	1	5	3	3	32512	912	832	6,8,9	3	2	1,1,2	0	1	1	1	1	4	1	0	8	0	2	2	3
614	17601	1	4	4	2	32512	920	816	4,5,8,9	4	4	2,2,2,2	0	1	0	0	1	4	2	0	8	0	4	2	2
614	17602	1	4	4	2	32512	920	816	4,5,8,9	4	4	2,2,2,2	0	1	0	0	1	4	2	0	8	0	4	2	2
614	17604	1	4	4	2	32512	920	816	4,5,8,9	4	4	2,2,2,2	0	1	0	0	1	4	2	0	8	0	4	2	2
614	17608	1	4	4	2	32512	920	816	4,5,8,9	4	4	2,2,2,2	0	1	0	0	1	4	2	0	8	0	4	2	2
614	17616	1	5	3	3	32512	912	800	5,8,9	3	2	1,1,2	0	1	1	1	1	4	1	0	8	0	2	2	3
614	17632	1	5	3	3	32512	912	784	4,8,9	3	2	1,1,2	0	1	1	1	1	4	1	0	8	0	2	2	3
614	18439	1	5	1	2	32512	736	4096	12	1	0	0	1	1	1	1	1	3	1	0	3	0	0	3	2
614	18443	1	5	1	2	32512	736	4096	12	1	0	0	1	1	1	1	1	3	1	0	3	0	0	3	2
614	18445	1	5	1	2	32512	736	4096	12	1	0	0	1	1	1	1	1	3	1	0	3	0	0	3	2
614	18446	1	5	1	2	32512	736	4096	12	1	0	0	1	1	1	1	1	3	1	0	3	0	0	3	2
614	18451	1	4	1	1	32512	736	4096	12	1	0	0	1	1	1	1	1	3	2	0	2	0	0	3	1
614	18453	1	4	1	1	32512	736	4096	12	1	0	0	1	1	1	1	1	3	2	0	2	0	0	3	1
614	18454	1	4	1	1	32512	736	4096	12	1	0	0	1	1	1	1	1	3	2	0	2	0	0	3	1
614	18457	1	4	1	1	32512	736	4096	12	1	0	0	1	1	1	1	1	3	2	0	2	0	0	3	1
614	18458	1	4	1	1	32512	736	4096	12	1	0	0	1	1	1	1	1	3	2	0	2	0	0	3	1
614	18460	1	4	1	1	32512	736	4096	12	1	0	0	1	1	1	1	1	3	2	0	2	0	0	3	1
614	18467	1	4	1	1	32512	736	4096	12	1	0	0	1	1	1	1	1	3	2	0	2	0	0	3	1
614	18469	1	4	1	1	32512	736	4096	12	1	0	0	1	1	1	1	1	3	2	0	2	0	0	3	1
614	18470	1	4	1	1	32512	736	4096	12	1	0	0	1	1	1	1	1	3	2	0	2	0	0	3	1
614	18473	1	4	1	1	32512	736	4096	12	1	0	0	1	1	1	1	1	3	2	0	2	0	0	3	1
614	18474	1	4	1	1	32512	736	4096	12	1	0	0	1	1	1	1	1	3	2	0	2	0	0	3	1
614	18476	1	4	1	1	32512	736	4096	12	1	0	0	1	1	1	1	1	3	2	0	2	0	0	3	1
614	18481	1	4	5	1	32512	231	12302	1,2,3,12,13	5	6	2,2,2,3,3	0	1	0	0	1	3	2	0	10	0	6	3	1
614	18482	1	4	5	1	32512	231	12301	0,2,3,12,13	5	6	2,2,2,3,3	0	1	0	0	1	3	2	0	10	0	6	3	1
614	18484	1	4	5	1	32512	231	12299	0,1,3,12,13	5	6	2,2,2,3,3	0	1	0	0	1	3	2	0	10	0	6	3	1
614	18488	1	4	5	1	32512	231	12295	0,1,2,12,13	5	6	2,2,2,3,3	0	1	0	0	1	3	2	0	10	0	6	3	1
614	18499	1	4	1	1	32512	736	4096	12	1	0	0	1	1	1	1	1	3	2	0	2	0	0	3	1
614	18501	1	4	1	1	32512	736	4096	12	1	0	0	1	1	1	1	1	3	2	0	2	0	0	3	1
614	18502	1	4	1	1	32512	736	4096	12	1	0	0	1	1	1	1	1	3	2	0	2	0	0	3	1
614	18505	1	4	1	1	32512	736	4096	12	1	0	0	1	1	1	1	1	3	2	0	2	0	0	3	1
614	18506	1	4	1	1	32512	736	4096	12	1	0	0	1	1	1	1	1	3	2	0	2	0	0	3	1
614	18508	1	4	1	1	32512	736	4096	12	1	0	0	1	1	1	1	1	3	2	0	2	0	0	3	1
614	18513	1	4	5	1	32512	231	12302	1,2,3,12,13	5	6	2,2,2,3,3	0	1	0	0	1	3	2	0	10	0	6	3	1
614	18514	1	4	5	1	32512	231	12301	0,2,3,12,13	5	6	2,2,2,3,3	0	1	0	0	1	3	2	0	10	0	6	3	1
614	18516	1	4	5	1	32512	231	12299	0,1,3,12,13	5	6	2,2,2,3,3	0	1	0	0	1	3	2	0	10	0	6	3	1
614	18520	1	4	5	1	32512	231	12295	0,1,2,12,13	5	6	2,2,2,3,3	0	1	0	0	1	3	2	0	10	0	6	3	1
614	18529	1	4	5	1	32512	231	12302	1,2,3,12,13	5	6	2,2,2,3,3	0	1	0	0	1	3	2	0	10	0	6	3	1
614	18530	1	4	5	1	32512	231	12301	0,2,3,12,13	5	6	2,2,2,3,3	0	1	0	0	1	3	2	0	10	0	6	3	1
614	18532	1	4	5	1	32512	231	12299	0,1,3,12,13	5	6	2,2,2,3,3	0	1	0	0	1	3	2	0	10	0	6	3	1
614	18536	1	4	5	1	32512	231	12295	0,1,2,12,13	5	6	2,2,2,3,3	0	1	0	0	1	3	2	0	10	0	6	3	1
614	18544	1	5	4	2	32512	784	1920	7,8,9,10	4	3	1,1,1,3	0	1	0	1	1	3	1	3	10	0	3	3	2
614	18563	1	4	1	1	32512	736	4096	12	1	0	0	1	1	1	1	1	3	2	0	2	0	0	3	1
614	18565	1	4	1	1	32512	736	4096	12	1	0	0	1	1	1	1	1	3	2	0	2	0	0	3	1
614	18566	1	4	1	1	32512	736	4096	12	1	0	0	1	1	1	1	1	3	2	0	2	0	0	3	1
614	18569	1	4	1	1	32512	736	4096	12	1	0	0	1	1	1	1	1	3	2	0	2	0	0	3	1
614	18570	1	4	1	1	32512	736	4096	12	1	0	0	1	1	1	1	1	3	2	0	2	0	0	3	1
614	18572	1	4	1	1	32512	736	4096	12	1	0	0	1	1	1	1	1	3	2	0	2	0	0	3	1
614	18577	1	4	5	1	32512	231	12302	1,2,3,12,13	5	6	2,2,2,3,3	0	1	0	0	1	3	2	0	10	0	6	3	1
614	18578	1	4	5	1	32512	231	12301	0,2,3,12,13	5	6	2,2,2,3,3	0	1	0	0	1	3	2	0	10	0	6	3	1
614	18580	1	4	5	1	32512	231	12299	0,1,3,12,13	5	6	2,2,2,3,3	0	1	0	0	1	3	2	0	10	0	6	3	1
614	18584	1	4	5	1	32512	231	12295	0,1,2,12,13	5	6	2,2,2,3,3	0	1	0	0	1	3	2	0	10	0	6	3	1
614	18593	1	4	5	1	32512	231	12302	1,2,3,12,13	5	6	2,2,2,3,3	0	1	0	0	1	3	2	0	10	0	6	3	1
614	18594	1	4	5	1	32512	231	12301	0,2,3,12,13	5	6	2,2,2,3,3	0	1	0	0	1	3	2	0	10	0	6	3	1
614	18596	1	4	5	1	32512	231	12299	0,1,3,12,13	5	6	2,2,2,3,3	0	1	0	0	1	3	2	0	10	0	6	3	1
614	18600	1	4	5	1	32512	231	12295	0,1,2,12,13	5	6	2,2,2,3,3	0	1	0	0	1	3	2	0	10	0	6	3	1
614	18608	1	5	4	2	32512	784	1856	6,8,9,10	4	3	1,1,1,3	0	1	0	1	1	3	1	3	10	0	3	3	2
614	18625	1	4	5	1	32512	231	12302	1,2,3,12,13	5	6	2,2,2,3,3	0	1	0	0	1	3	2	0	10	0	6	3	1
614	18626	1	4	5	1	32512	231	12301	0,2,3,12,13	5	6	2,2,2,3,3	0	1	0	0	1	3	2	0	10	0	6	3	1
614	18628	1	4	5	1	32512	231	12299	0,1,3,12,13	5	6	2,2,2,3,3	0	1	0	0	1	3	2	0	10	0	6	3	1
614	18632	1	4	5	1	32512	231	12295	0,1,2,12,13	5	6	2,2,2,3,3	0	1	0	0	1	3	2	0	10	0	6	3	1
614	18640	1	5	4	2	32512	784	1824	5,8,9,10	4	3	1,1,1,3	0	1	0	1	1	3	1	3	10	0	3	3	2
614	18656	1	5	4	2	32512	784	1808	4,8,9,10	4	3	1,1,1,3	0	1	0	1	1	3	1	3	10	0	3	3	2
614	20487	1	5	1	2	32512	736	2048	11	1	0	0	1	1	1	1	1	3	1	0	3	0	0	3	2
614	20491	1	5	1	2	32512	736	2048	11	1	0	0	1	1	1	1	1	3	1	0	3	0	0	3	2
614	20493	1	5	1	2	32512	736	2048	11	1	0	0	1	1	1	1	1	3	1	0	3	0	0	3	2
614	20494	1	5	1	2	32512	736	2048	11	1	0	0	1	1	1	1	1	3	1	0	3	0	0	3	2
614	20499	1	4	1	1	32512	736	2048	11	1	0	0	1	1	1	1	1	3	2	0	2	0	0	3	1
614	20501	1	4	1	1	32512	736	2048	11	1	0	0	1	1	1	1	1	3	2	0	2	0	0	3	1
614	20502	1	4	1	1	32512	736	2048	11	1	0	0	1	1	1	1	1	3	2	0	2	0	0	3	1
614	20505	1	4	1	1	32512	736	2048	11	1	0	0	1	1	1	1	1	3	2	0	2	0	0	3	1
614	20506	1	4	1	1	32512	736	2048	11	1	0	0	1	1	1	1	1	3	2	0	2	0	0	3	1
614	20508	1	4	1	1	32512	736	2048	11	1	0	0	1	1	1	1	1	3	2	0	2	0	0	3	1
614	20515	1	4	1	1	32512	736	2048	11	1	0	0	1	1	1	1	1	3	2	0	2	0	0	3	1
614	20517	1	4	1	1	32512	736	2048	11	1	0	0	1	1	1	1	1	3	2	0	2	0	0	3	1
614	20518	1	4	1	1	32512	736	2048	11	1	0	0	1	1	1	1	1	3	2	0	2	0	0	3	1
614	20521	1	4	1	1	32512	736	2048	11	1	0	0	1	1	1	1	1	3	2	0	2	0	0	3	1
614	20522	1	4	1	1	32512	736	2048	11	1	0	0	1	1	1	1	1	3	2	0	2	0	0	3	1
614	20524	1	4	1	1	32512	736	2048	11	1	0	0	1	1	1	1	1	3	2	0	2	0	0	3	1
614	20529	1	4	5	1	32512	231	10254	1,2,3,11,13	5	6	2,2,2,3,3	0	1	0	0	1	3	2	0	10	0	6	3	1
614	20530	1	4	5	1	32512	231	10253	0,2,3,11,13	5	6	2,2,2,3,3	0	1	0	0	1	3	2	0	10	0	6	3	1
614	20532	1	4	5	1	32512	231	10251	0,1,3,11,13	5	6	2,2,2,3,3	0	1	0	0	1	3	2	0	10	0	6	3	1
614	20536	1	4	5	1	32512	231	10247	0,1,2,11,13	5	6	2,2,2,3,3	0	1	0	0	1	3	2	0	10	0	6	3	1
614	20547	1	4	1	1	32512	736	2048	11	1	0	0	1	1	1	1	1	3	2	0	2	0	0	3	1
614	20549	1	4	1	1	32512	736	2048	11	1	0	0	1	1	1	1	1	3	2	0	2	0	0	3	1
614	20550	1	4	1	1	32512	736	2048	11	1	0	0	1	1	1	1	1	3	2	0	2	0	0	3	1
614	20553	1	4	1	1	32512	736	2048	11	1	0	0	1	1	1	1	1	3	2	0	2	0	0	3	1
614	20554	1	4	1	1	32512	736	2048	11	1	0	0	1	1	1	1	1	3	2	0	2	0	0	3	1
614	20556	1	4	1	1	32512	736	2048	11	1	0	0	1	1	1	1	1	3	2	0	2	0	0	3	1
614	20561	1	4	5	1	32512	231	10254	1,2,3,11,13	5	6	2,2,2,3,3	0	1	0	0	1	3	2	0	10	0	6	3	1
614	20562	1	4	5	1	32512	231	10253	0,2,3,11,13	5	6	2,2,2,3,3	0	1	0	0	1	3	2	0	10	0	6	3	1
614	20564	1	4	5	1	32512	231	10251	0,1,3,11,13	5	6	2,2,2,3,3	0	1	0	0	1	3	2	0	10	0	6	3	1
614	20568	1	4	5	1	32512	231	10247	0,1,2,11,13	5	6	2,2,2,3,3	0	1	0	0	1	3	2	0	10	0	6	3	1
614	20577	1	4	5	1	32512	231	10254	1,2,3,11,13	5	6	2,2,2,3,3	0	1	0	0	1	3	2	0	10	0	6	3	1
614	20578	1	4	5	1	32512	231	10253	0,2,3,11,13	5	6	2,2,2,3,3	0	1	0	0	1	3	2	0	10	0	6	3	1
614	20580	1	4	5	1	32512	231	10251	0,1,3,11,13	5	6	2,2,2,3,3	0	1	0	0	1	3	2	0	10	0	6	3	1
614	20584	1	4	5	1	32512	231	10247	0,1,2,11,13	5	6	2,2,2,3,3	0	1	0	0	1	3	2	0	10	0	6	3	1
614	20592	1	5	4	2	32512	784	1920	7,8,9,10	4	3	1,1,1,3	0	1	0	1	1	3	1	3	10	0	3	3	2
614	20611	1	4	1	1	32512	736	2048	11	1	0	0	1	1	1	1	1	3	2	0	2	0	0	3	1
614	20613	1	4	1	1	32512	736	2048	11	1	0	0	1	1	1	1	1	3	2	0	2	0	0	3	1
614	20614	1	4	1	1	32512	736	2048	11	1	0	0	1	1	1	1	1	3	2	0	2	0	0	3	1
614	20617	1	4	1	1	32512	736	2048	11	1	0	0	1	1	1	1	1	3	2	0	2	0	0	3	1
614	20618	1	4	1	1	32512	736	2048	11	1	0	0	1	1	1	1	1	3	2	0	2	0	0	3	1
614	20620	1	4	1	1	32512	736	2048	11	1	0	0	1	1	1	1	1	3	2	0	2	0	0	3	1
614	20625	1	4	5	1	32512	231	10254	1,2,3,11,13	5	6	2,2,2,3,3	0	1	0	0	1	3	2	0	10	0	6	3	1
614	20626	1	4	5	1	32512	231	10253	0,2,3,11,13	5	6	2,2,2,3,3	0	1	0	0	1	3	2	0	10	0	6	3	1
614	20628	1	4	5	1	32512	231	10251	0,1,3,11,13	5	6	2,2,2,3,3	0	1	0	0	1	3	2	0	10	0	6	3	1
614	20632	1	4	5	1	32512	231	10247	0,1,2,11,13	5	6	2,2,2,3,3	0	1	0	0	1	3	2	0	10	0	6	3	1
614	20641	1	4	5	1	32512	231	10254	1,2,3,11,13	5	6	2,2,2,3,3	0	1	0	0	1	3	2	0	10	0	6	3	1
614	20642	1	4	5	1	32512	231	10253	0,2,3,11,13	5	6	2,2,2,3,3	0	1	0	0	1	3	2	0	10	0	6	3	1
614	20644	1	4	5	1	32512	231	10251	0,1,3,11,13	5	6	2,2,2,3,3	0	1	0	0	1	3	2	0	10	0	6	3	1
614	20648	1	4	5	1	32512	231	10247	0,1,2,11,13	5	6	2,2,2,3,3	0	1	0	0	1	3	2	0	10	0	6	3	1
614	20656	1	5	4	2	32512	784	1856	6,8,9,10	4	3	1,1,1,3	0	1	0	1	1	3	1	3	10	0	3	3	2
614	20673	1	4	5	1	32512	231	10254	1,2,3,11,13	5	6	2,2,2,3,3	0	1	0	0	1	3	2	0	10	0	6	3	1
614	20674	1	4	5	1	32512	231	10253	0,2,3,11,13	5	6	2,2,2,3,3	0	1	0	0	1	3	2	0	10	0	6	3	1
614	20676	1	4	5	1	32512	231	10251	0,1,3,11,13	5	6	2,2,2,3,3	0	1	0	0	1	3	2	0	10	0	6	3	1
614	20680	1	4	5	1	32512	231	10247	0,1,2,11,13	5	6	2,2,2,3,3	0	1	0	0	1	3	2	0	10	0	6	3	1
614	20688	1	5	4	2	32512	784	1824	5,8,9,10	4	3	1,1,1,3	0	1	0	1	1	3	1	3	10	0	3	3	2
614	20704	1	5	4	2	32512	784	1808	4,8,9,10	4	3	1,1,1,3	0	1	0	1	1	3	1	3	10	0	3	3	2
614	24583	0	6	3	6	32512	225	6152	3,11,12	3	2	1,1,2	0	1	1	1	1	6	0	0	8	0	2	0	6
614	24587	0	6	3	6	32512	225	6148	2,11,12	3	2	1,1,2	0	1	1	1	1	6	0	0	8	0	2	0	6
614	24589	0	6	3	6	32512	225	6146	1,11,12	3	2	1,1,2	0	1	1	1	1	6	0	0	8	0	2	0	6
614	24590	0	6	3	6	32512	225	6145	0,11,12	3	2	1,1,2	0	1	1	1	1	6	0	0	8	0	2	0	6
614	24595	0	6	4	6	32512	227	6156	2,3,11,12	4	4	2,2,2,2	0	1	0	0	1	6	0	0	8	0	4	0	6
614	24597	0	6	4	6	32512	227	6154	1,3,11,12	4	4	2,2,2,2	0	1	0	0	1	6	0	0	8	0	4	0	6
614	24598	0	6	4	6	32512	227	6153	0,3,11,12	4	4	2,2,2,2	0	1	0	0	1	6	0	0	8	0	4	0	6
614	24601	0	6	4	6	32512	227	6150	1,2,11,12	4	4	2,2,2,2	0	1	0	0	1	6	0	0	8	0	4	0	6
614	24602	0	6	4	6	32512	227	6149	0,2,11,12	4	4	2,2,2,2	0	1	0	0	1	6	0	0	8	0	4	0	6
614	24604	0	6	4	6	32512	227	6147	0,1,11,12	4	4	2,2,2,2	0	1	0	0	1	6	0	0	8	0	4	0	6
614	24611	0	6	4	6	32512	227	6156	2,3,11,12	4	4	2,2,2,2	0	1	0	0	1	6	0	0	8	0	4	0	6
614	24613	0	6	4	6	32512	227	6154	1,3,11,12	4	4	2,2,2,2	0	1	0	0	1	6	0	0	8	0	4	0	6
614	24614	0	6	4	6	32512	227	6153	0,3,11,12	4	4	2,2,2,2	0	1	0	0	1	6	0	0	8	0	4	0	6
614	24617	0	6	4	6	32512	227	6150	1,2,11,12	4	4	2,2,2,2	0	1	0	0	1	6	0	0	8	0	4	0	6
614	24618	0	6	4	6	32512	227	6149	0,2,11,12	4	4	2,2,2,2	0	1	0	0	1	6	0	0	8	0	4	0	6
614	24620	0	6	4	6	32512	227	6147	0,1,11,12	4	4	2,2,2,2	0	1	0	0	1	6	0	0	8	0	4	0	6
614	24625	0	6	5	6	32512	231	6158	1,2,3,11,12	5	6	2,2,2,3,3	0	1	0	0	1	6	0	0	8	0	6	0	6
614	24626	0	6	5	6	32512	231	6157	0,2,3,11,12	5	6	2,2,2,3,3	0	1	0	0	1	6	0	0	8	0	6	0	6
614	24628	0	6	5	6	32512	231	6155	0,1,3,11,12	5	6	2,2,2,3,3	0	1	0	0	1	6	0	0	8	0	6	0	6
614	24632	0	6	5	6	32512	231	6151	0,1,2,11,12	5	6	2,2,2,3,3	0	1	0	0	1	6	0	0	8	0	6	0	6
614	24643	0	6	4	6	32512	227	6156	2,3,11,12	4	4	2,2,2,2	0	1	0	0	1	6	0	0	8	0	4	0	6
614	24645	0	6	4	6	32512	227	6154	1,3,11,12	4	4	2,2,2,2	0	1	0	0	1	6	0	0	8	0	4	0	6
614	24646	0	6	4	6	32512	227	6153	0,3,11,12	4	4	2,2,2,2	0	1	0	0	1	6	0	0	8	0	4	0	6
614	24649	0	6	4	6	32512	227	6150	1,2,11,12	4	4	2,2,2,2	0	1	0	0	1	6	0	0	8	0	4	0	6
614	24650	0	6	4	6	32512	227	6149	0,2,11,12	4	4	2,2,2,2	0	1	0	0	1	6	0	0	8	0	4	0	6
614	24652	0	6	4	6	32512	227	6147	0,1,11,12	4	4	2,2,2,2	0	1	0	0	1	6	0	0	8	0	4	0	6
614	24657	0	6	5	6	32512	231	6158	1,2,3,11,12	5	6	2,2,2,3,3	0	1	0	0	1	6	0	0	8	0	6	0	6
614	24658	0	6	5	6	32512	231	6157	0,2,3,11,12	5	6	2,2,2,3,3	0	1	0	0	1	6	0	0	8	0	6	0	6
614	24660	0	6	5	6	32512	231	6155	0,1,3,11,12	5	6	2,2,2,3,3	0	1	0	0	1	6	0	0	8	0	6	0	6
614	24664	0	6	5	6	32512	231	6151	0,1,2,11,12	5	6	2,2,2,3,3	0	1	0	0	1	6	0	0	8	0	6	0	6
614	24673	0	6	5	6	32512	231	6158	1,2,3,11,12	5	6	2,2,2,3,3	0	1	0	0	1	6	0	0	8	0	6	0	6
614	24674	0	6	5	6	32512	231	6157	0,2,3,11,12	5	6	2,2,2,3,3	0	1	0	0	1	6	0	0	8	0	6	0	6
614	24676	0	6	5	6	32512	231	6155	0,1,3,11,12	5	6	2,2,2,3,3	0	1	0	0	1	6	0	0	8	0	6	0	6
614	24680	0	6	5	6	32512	231	6151	0,1,2,11,12	5	6	2,2,2,3,3	0	1	0	0	1	6	0	0	8	0	6	0	6
614	24688	0	6	4	6	32512	784	1920	7,8,9,10	4	3	1,1,1,3	0	1	0	1	1	6	0	0	11	0	3	0	6
614	24707	0	6	4	6	32512	227	6156	2,3,11,12	4	4	2,2,2,2	0	1	0	0	1	6	0	0	8	0	4	0	6
614	24709	0	6	4	6	32512	227	6154	1,3,11,12	4	4	2,2,2,2	0	1	0	0	1	6	0	0	8	0	4	0	6
614	24710	0	6	4	6	32512	227	6153	0,3,11,12	4	4	2,2,2,2	0	1	0	0	1	6	0	0	8	0	4	0	6
614	24713	0	6	4	6	32512	227	6150	1,2,11,12	4	4	2,2,2,2	0	1	0	0	1	6	0	0	8	0	4	0	6
614	24714	0	6	4	6	32512	227	6149	0,2,11,12	4	4	2,2,2,2	0	1	0	0	1	6	0	0	8	0	4	0	6
614	24716	0	6	4	6	32512	227	6147	0,1,11,12	4	4	2,2,2,2	0	1	0	0	1	6	0	0	8	0	4	0	6
614	24721	0	6	5	6	32512	231	6158	1,2,3,11,12	5	6	2,2,2,3,3	0	1	0	0	1	6	0	0	8	0	6	0	6
614	24722	0	6	5	6	32512	231	6157	0,2,3,11,12	5	6	2,2,2,3,3	0	1	0	0	1	6	0	0	8	0	6	0	6
614	24724	0	6	5	6	32512	231	6155	0,1,3,11,12	5	6	2,2,2,3,3	0	1	0	0	1	6	0	0	8	0	6	0	6
614	24728	0	6	5	6	32512	231	6151	0,1,2,11,12	5	6	2,2,2,3,3	0	1	0	0	1	6	0	0	8	0	6	0	6
614	24737	0	6	5	6	32512	231	6158	1,2,3,11,12	5	6	2,2,2,3,3	0	1	0	0	1	6	0	0	8	0	6	0	6
614	24738	0	6	5	6	32512	231	6157	0,2,3,11,12	5	6	2,2,2,3,3	0	1	0	0	1	6	0	0	8	0	6	0	6
614	24740	0	6	5	6	32512	231	6155	0,1,3,11,12	5	6	2,2,2,3,3	0	1	0	0	1	6	0	0	8	0	6	0	6
614	24744	0	6	5	6	32512	231	6151	0,1,2,11,12	5	6	2,2,2,3,3	0	1	0	0	1	6	0	0	8	0	6	0	6
614	24752	0	6	4	6	32512	784	1856	6,8,9,10	4	3	1,1,1,3	0	1	0	1	1	6	0	0	11	0	3	0	6
614	24769	0	6	5	6	32512	231	6158	1,2,3,11,12	5	6	2,2,2,3,3	0	1	0	0	1	6	0	0	8	0	6	0	6
614	24770	0	6	5	6	32512	231	6157	0,2,3,11,12	5	6	2,2,2,3,3	0	1	0	0	1	6	0	0	8	0	6	0	6
614	24772	0	6	5	6	32512	231	6155	0,1,3,11,12	5	6	2,2,2,3,3	0	1	0	0	1	6	0	0	8	0	6	0	6
614	24776	0	6	5	6	32512	231	6151	0,1,2,11,12	5	6	2,2,2,3,3	0	1	0	0	1	6	0	0	8	0	6	0	6
614	24784	0	6	4	6	32512	784	1824	5,8,9,10	4	3	1,1,1,3	0	1	0	1	1	6	0	0	11	0	3	0	6
614	24800	0	6	4	6	32512	784	1808	4,8,9,10	4	3	1,1,1,3	0	1	0	1	1	6	0	0	11	0	3	0	6
614	24835	0	6	4	4	32512	195	6156	2,3,11,12	4	4	2,2,2,2	0	1	0	0	1	4	0	2	8	0	4	2	4
614	24837	0	6	4	4	32512	195	6154	1,3,11,12	4	4	2,2,2,2	0	1	0	0	1	4	0	2	8	0	4	2	4
614	24838	0	6	4	4	32512	195	6153	0,3,11,12	4	4	2,2,2,2	0	1	0	0	1	4	0	2	8	0	4	2	4
614	24841	0	6	4	4	32512	195	6150	1,2,11,12	4	4	2,2,2,2	0	1	0	0	1	4	0	2	8	0	4	2	4
614	24842	0	6	4	4	32512	195	6149	0,2,11,12	4	4	2,2,2,2	0	1	0	0	1	4	0	2	8	0	4	2	4
614	24844	0	6	4	4	32512	195	6147	0,1,11,12	4	4	2,2,2,2	0	1	0	0	1	4	0	2	8	0	4	2	4
614	24849	0	6	5	4	32512	199	6158	1,2,3,11,12	5	6	2,2,2,3,3	0	1	0	0	1	4	0	2	8	0	6	2	4
614	24850	0	6	5	4	32512	199	6157	0,2,3,11,12	5	6	2,2,2,3,3	0	1	0	0	1	4	0	2	8	0	6	2	4
614	24852	0	6	5	4	32512	199	6155	0,1,3,11,12	5	6	2,2,2,3,3	0	1	0	0	1	4	0	2	8	0	6	2	4
614	24856	0	6	5	4	32512	199	6151	0,1,2,11,12	5	6	2,2,2,3,3	0	1	0	0	1	4	0	2	8	0	6	2	4
614	24865	0	6	5	4	32512	199	6158	1,2,3,11,12	5	6	2,2,2,3,3	0	1	0	0	1	4	0	2	8	0	6	2	4
614	24866	0	6	5	4	32512	199	6157	0,2,3,11,12	5	6	2,2,2,3,3	0	1	0	0	1	4	0	2	8	0	6	2	4
614	24868	0	6	5	4	32512	199	6155	0,1,3,11,12	5	6	2,2,2,3,3	0	1	0	0	1	4	0	2	8	0	6	2	4
614	24872	0	6	5	4	32512	199	6151	0,1,2,11,12	5	6	2,2,2,3,3	0	1	0	0	1	4	0	2	8	0	6	2	4
614	24880	0	6	4	4	32512	816	1728	6,7,9,10	4	4	2,2,2,2	0	1	0	0	1	4	0	0	10	0	4	2	4
614	24897	0	6	5	4	32512	199	6158	1,2,3,11,12	5	6	2,2,2,3,3	0	1	0	0	1	4	0	2	8	0	6	2	4
614	24898	0	6	5	4	32512	199	6157	0,2,3,11,12	5	6	2,2,2,3,3	0	1	0	0	1	4	0	2	8	0	6	2	4
614	24900	0	6	5	4	32512	199	6155	0,1,3,11,12	5	6	2,2,2,3,3	0	1	0	0	1	4	0	2	8	0	6	2	4
614	24904	0	6	5	4	32512	199	6151	0,1,2,11,12	5	6	2,2,2,3,3	0	1	0	0	1	4	0	2	8	0	6	2	4
614	24912	0	6	4	4	32512	816	1696	5,7,9,10	4	4	2,2,2,2	0	1	0	0	1	4	0	0	10	0	4	2	4
614	24928	0	6	4	4	32512	816	1680	4,7,9,10	4	4	2,2,2,2	0	1	0	0	1	4	0	0	10	0	4	2	4
614	24961	0	6	5	4	32512	199	6158	1,2,3,11,12	5	6	2,2,2,3,3	0	1	0	0	1	4	0	2	8	0	6	2	4
614	24962	0	6	5	4	32512	199	6157	0,2,3,11,12	5	6	2,2,2,3,3	0	1	0	0	1	4	0	2	8	0	6	2	4
614	24964	0	6	5	4	32512	199	6155	0,1,3,11,12	5	6	2,2,2,3,3	0	1	0	0	1	4	0	2	8	0	6	2	4
614	24968	0	6	5	4	32512	199	6151	0,1,2,11,12	5	6	2,2,2,3,3	0	1	0	0	1	4	0	2	8	0	6	2	4
614	24976	0	6	4	4	32512	816	1632	5,6,9,10	4	4	2,2,2,2	0	1	0	0	1	4	0	0	10	0	4	2	4
614	24992	0	6	4	4	32512	816	1616	4,6,9,10	4	4	2,2,2,2	0	1	0	0	1	4	0	0	10	0	4	2	4
614	25024	0	6	4	4	32512	816	1584	4,5,9,10	4	4	2,2,2,2	0	1	0	0	1	4	0	0	10	0	4	2	4
614	25091	0	6	4	4	32512	195	6156	2,3,11,12	4	4	2,2,2,2	0	1	0	0	1	4	0	2	8	0	4	2	4
614	25093	0	6	4	4	32512	195	6154	1,3,11,12	4	4	2,2,2,2	0	1	0	0	1	4	0	2	8	0	4	2	4
614	25094	0	6	4	4	32512	195	6153	0,3,11,12	4	4	2,2,2,2	0	1	0	0	1	4	0	2	8	0	4	2	4
614	25097	0	6	4	4	32512	195	6150	1,2,11,12	4	4	2,2,2,2	0	1	0	0	1	4	0	2	8	0	4	2	4
614	25098	0	6	4	4	32512	195	6149	0,2,11,12	4	4	2,2,2,2	0	1	0	0	1	4	0	2	8	0	4	2	4
614	25100	0	6	4	4	32512	195	6147	0,1,11,12	4	4	2,2,2,2	0	1	0	0	1	4	0	2	8	0	4	2	4
614	25105	0	6	5	4	32512	199	6158	1,2,3,11,12	5	6	2,2,2,3,3	0	1	0	0	1	4	0	2	8	0	6	2	4
614	25106	0	6	5	4	32512	199	6157	0,2,3,11,12	5	6	2,2,2,3,3	0	1	0	0	1	4	0	2	8	0	6	2	4
614	25108	0	6	5	4	32512	199	6155	0,1,3,11,12	5	6	2,2,2,3,3	0	1	0	0	1	4	0	2	8	0	6	2	4
614	25112	0	6	5	4	32512	199	6151	0,1,2,11,12	5	6	2,2,2,3,3	0	1	0	0	1	4	0	2	8	0	6	2	4
614	25121	0	6	5	4	32512	199	6158	1,2,3,11,12	5	6	2,2,2,3,3	0	1	0	0	1	4	0	2	8	0	6	2	4
614	25122	0	6	5	4	32512	199	6157	0,2,3,11,12	5	6	2,2,2,3,3	0	1	0	0	1	4	0	2	8	0	6	2	4
614	25124	0	6	5	4	32512	199	6155	0,1,3,11,12	5	6	2,2,2,3,3	0	1	0	0	1	4	0	2	8	0	6	2	4
614	25128	0	6	5	4	32512	199	6151	0,1,2,11,12	5	6	2,2,2,3,3	0	1	0	0	1	4	0	2	8	0	6	2	4
614	25136	0	6	4	4	32512	816	1472	6,7,8,10	4	4	2,2,2,2	0	1	0	0	1	4	0	0	10	0	4	2	4
614	25153	0	6	5	4	32512	199	6158	1,2,3,11,12	5	6	2,2,2,3,3	0	1	0	0	1	4	0	2	8	0	6	2	4
614	25154	0	6	5	4	32512	199	6157	0,2,3,11,12	5	6	2,2,2,3,3	0	1	0	0	1	4	0	2	8	0	6	2	4
614	25156	0	6	5	4	32512	199	6155	0,1,3,11,12	5	6	2,2,2,3,3	0	1	0	0	1	4	0	2	8	0	6	2	4
614	25160	0	6	5	4	32512	199	6151	0,1,2,11,12	5	6	2,2,2,3,3	0	1	0	0	1	4	0	2	8	0	6	2	4
614	25168	0	6	4	4	32512	816	1440	5,7,8,10	4	4	2,2,2,2	0	1	0	0	1	4	0	0	10	0	4	2	4
614	25184	0	6	4	4	32512	816	1424	4,7,8,10	4	4	2,2,2,2	0	1	0	0	1	4	0	0	10	0	4	2	4
614	25217	0	6	5	4	32512	199	6158	1,2,3,11,12	5	6	2,2,2,3,3	0	1	0	0	1	4	0	2	8	0	6	2	4
614	25218	0	6	5	4	32512	199	6157	0,2,3,11,12	5	6	2,2,2,3,3	0	1	0	0	1	4	0	2	8	0	6	2	4
614	25220	0	6	5	4	32512	199	6155	0,1,3,11,12	5	6	2,2,2,3,3	0	1	0	0	1	4	0	2	8	0	6	2	4
614	25224	0	6	5	4	32512	199	6151	0,1,2,11,12	5	6	2,2,2,3,3	0	1	0	0	1	4	0	2	8	0	6	2	4
614	25232	0	6	4	4	32512	816	1376	5,6,8,10	4	4	2,2,2,2	0	1	0	0	1	4	0	0	10	0	4	2	4
614	25248	0	6	4	4	32512	816	1360	4,6,8,10	4	4	2,2,2,2	0	1	0	0	1	4	0	0	10	0	4	2	4
614	25280	0	6	4	4	32512	816	1328	4,5,8,10	4	4	2,2,2,2	0	1	0	0	1	4	0	0	10	0	4	2	4
614	25345	0	6	5	2	32512	135	6158	1,2,3,11,12	5	6	2,2,2,3,3	0	1	0	0	1	2	0	4	8	0	6	4	2
614	25346	0	6	5	2	32512	135	6157	0,2,3,11,12	5	6	2,2,2,3,3	0	1	0	0	1	2	0	4	8	0	6	4	2
614	25348	0	6	5	2	32512	135	6155	0,1,3,11,12	5	6	2,2,2,3,3	0	1	0	0	1	2	0	4	8	0	6	4	2
614	25352	0	6	5	2	32512	135	6151	0,1,2,11,12	5	6	2,2,2,3,3	0	1	0	0	1	2	0	4	8	0	6	4	2
614	25360	0	6	4	2	32512	880	1248	5,6,7,10	4	3	1,1,1,3	0	1	0	1	1	2	0	0	13	0	3	4	2
614	25376	0	6	4	2	32512	880	1232	4,6,7,10	4	3	1,1,1,3	0	1	0	1	1	2	0	0	13	0	3	4	2
614	25408	0	6	4	2	32512	880	1200	4,5,7,10	4	3	1,1,1,3	0	1	0	1	1	2	0	0	13	0	3	4	2
614	25472	0	6	4	2	32512	880	1136	4,5,6,10	4	3	1,1,1,3	0	1	0	1	1	2	0	0	13	0	3	4	2
614	25603	0	6	4	4	32512	195	6156	2,3,11,12	4	4	2,2,2,2	0	1	0	0	1	4	0	2	8	0	4	2	4
614	25605	0	6	4	4	32512	195	6154	1,3,11,12	4	4	2,2,2,2	0	1	0	0	1	4	0	2	8	0	4	2	4
614	25606	0	6	4	4	32512	195	6153	0,3,11,12	4	4	2,2,2,2	0	1	0	0	1	4	0	2	8	0	4	2	4
614	25609	0	6	4	4	32512	195	6150	1,2,11,12	4	4	2,2,2,2	0	1	0	0	1	4	0	2	8	0	4	2	4
614	25610	0	6	4	4	32512	195	6149	0,2,11,12	4	4	2,2,2,2	0	1	0	0	1	4	0	2	8	0	4	2	4
614	25612	0	6	4	4	32512	195	6147	0,1,11,12	4	4	2,2,2,2	0	1	0	0	1	4	0	2	8	0	4	2	4
614	25617	0	6	5	4	32512	199	6158	1,2,3,11,12	5	6	2,2,2,3,3	0	1	0	0	1	4	0	2	8	0	6	2	4
614	25618	0	6	5	4	32512	199	6157	0,2,3,11,12	5	6	2,2,2,3,3	0	1	0	0	1	4	0	2	8	0	6	2	4
614	25620	0	6	5	4	32512	199	6155	0,1,3,11,12	5	6	2,2,2,3,3	0	1	0	0	1	4	0	2	8	0	6	2	4
614	25624	0	6	5	4	32512	199	6151	0,1,2,11,12	5	6	2,2,2,3,3	0	1	0	0	1	4	0	2	8	0	6	2	4
614	25633	0	6	5	4	32512	199	6158	1,2,3,11,12	5	6	2,2,2,3,3	0	1	0	0	1	4	0	2	8	0	6	2	4
614	25634	0	6	5	4	32512	199	6157	0,2,3,11,12	5	6	2,2,2,3,3	0	1	0	0	1	4	0	2	8	0	6	2	4
614	25636	0	6	5	4	32512	199	6155	0,1,3,11,12	5	6	2,2,2,3,3	0	1	0	0	1	4	0	2	8	0	6	2	4
614	25640	0	6	5	4	32512	199	6151	0,1,2,11,12	5	6	2,2,2,3,3	0	1	0	0	1	4	0	2	8	0	6	2	4
614	25648	0	6	4	4	32512	816	960	6,7,8,9	4	4	2,2,2,2	0	1	0	0	1	4	0	0	10	0	4	2	4
614	25665	0	6	5	4	32512	199	6158	1,2,3,11,12	5	6	2,2,2,3,3	0	1	0	0	1	4	0	2	8	0	6	2	4
614	25666	0	6	5	4	32512	199	6157	0,2,3,11,12	5	6	2,2,2,3,3	0	1	0	0	1	4	0	2	8	0	6	2	4
614	25668	0	6	5	4	32512	199	6155	0,1,3,11,12	5	6	2,2,2,3,3	0	1	0	0	1	4	0	2	8	0	6	2	4
614	25672	0	6	5	4	32512	199	6151	0,1,2,11,12	5	6	2,2,2,3,3	0	1	0	0	1	4	0	2	8	0	6	2	4
614	25680	0	6	4	4	32512	816	928	5,7,8,9	4	4	2,2,2,2	0	1	0	0	1	4	0	0	10	0	4	2	4
614	25696	0	6	4	4	32512	816	912	4,7,8,9	4	4	2,2,2,2	0	1	0	0	1	4	0	0	10	0	4	2	4
614	25729	0	6	5	4	32512	199	6158	1,2,3,11,12	5	6	2,2,2,3,3	0	1	0	0	1	4	0	2	8	0	6	2	4
614	25730	0	6	5	4	32512	199	6157	0,2,3,11,12	5	6	2,2,2,3,3	0	1	0	0	1	4	0	2	8	0	6	2	4
614	25732	0	6	5	4	32512	199	6155	0,1,3,11,12	5	6	2,2,2,3,3	0	1	0	0	1	4	0	2	8	0	6	2	4
614	25736	0	6	5	4	32512	199	6151	0,1,2,11,12	5	6	2,2,2,3,3	0	1	0	0	1	4	0	2	8	0	6	2	4
614	25744	0	6	4	4	32512	816	864	5,6,8,9	4	4	2,2,2,2	0	1	0	0	1	4	0	0	10	0	4	2	4
614	25760	0	6	4	4	32512	816	848	4,6,8,9	4	4	2,2,2,2	0	1	0	0	1	4	0	0	10	0	4	2	4
614	25792	0	6	4	4	32512	816	816	4,5,8,9	4	4	2,2,2,2	0	1	0	0	1	4	0	0	10	0	4	2	4
614	25857	0	6	5	2	32512	135	6158	1,2,3,11,12	5	6	2,2,2,3,3	0	1	0	0	1	2	0	4	8	0	6	4	2
614	25858	0	6	5	2	32512	135	6157	0,2,3,11,12	5	6	2,2,2,3,3	0	1	0	0	1	2	0	4	8	0	6	4	2
614	25860	0	6	5	2	32512	135	6155	0,1,3,11,12	5	6	2,2,2,3,3	0	1	0	0	1	2	0	4	8	0	6	4	2
614	25864	0	6	5	2	32512	135	6151	0,1,2,11,12	5	6	2,2,2,3,3	0	1	0	0	1	2	0	4	8	0	6	4	2
614	25872	0	6	4	2	32512	880	736	5,6,7,9	4	3	1,1,1,3	0	1	0	1	1	2	0	0	13	0	3	4	2
614	25888	0	6	4	2	32512	880	720	4,6,7,9	4	3	1,1,1,3	0	1	0	1	1	2	0	0	13	0	3	4	2
614	25920	0	6	4	2	32512	880	688	4,5,7,9	4	3	1,1,1,3	0	1	0	1	1	2	0	0	13	0	3	4	2
614	25984	0	6	4	2	32512	880	624	4,5,6,9	4	3	1,1,1,3	0	1	0	1	1	2	0	0	13	0	3	4	2
614	26113	0	6	5	2	32512	135	6158	1,2,3,11,12	5	6	2,2,2,3,3	0	1	0	0	1	2	0	4	8	0	6	4	2
614	26114	0	6	5	2	32512	135	6157	0,2,3,11,12	5	6	2,2,2,3,3	0	1	0	0	1	2	0	4	8	0	6	4	2
614	26116	0	6	5	2	32512	135	6155	0,1,3,11,12	5	6	2,2,2,3,3	0	1	0	0	1	2	0	4	8	0	6	4	2
614	26120	0	6	5	2	32512	135	6151	0,1,2,11,12	5	6	2,2,2,3,3	0	1	0	0	1	2	0	4	8	0	6	4	2
614	26128	0	6	4	2	32512	880	480	5,6,7,8	4	3	1,1,1,3	0	1	0	1	1	2	0	0	13	0	3	4	2
614	26144	0	6	4	2	32512	880	464	4,6,7,8	4	3	1,1,1,3	0	1	0	1	1	2	0	0	13	0	3	4	2
614	26176	0	6	4	2	32512	880	432	4,5,7,8	4	3	1,1,1,3	0	1	0	1	1	2	0	0	13	0	3	4	2
614	26240	0	6	4	2	32512	880	368	4,5,6,8	4	3	1,1,1,3	0	1	0	1	1	2	0	0	13	0	3	4	2
614	26627	0	6	3	3	32512	451	4108	2,3,12	3	2	1,1,2	0	1	1	1	1	3	0	0	8	0	2	3	3
614	26629	0	6	3	3	32512	451	4106	1,3,12	3	2	1,1,2	0	1	1	1	1	3	0	0	8	0	2	3	3
614	26630	0	6	3	3	32512	451	4105	0,3,12	3	2	1,1,2	0	1	1	1	1	3	0	0	8	0	2	3	3
614	26633	0	6	3	3	32512	451	4102	1,2,12	3	2	1,1,2	0	1	1	1	1	3	0	0	8	0	2	3	3
614	26634	0	6	3	3	32512	451	4101	0,2,12	3	2	1,1,2	0	1	1	1	1	3	0	0	8	0	2	3	3
614	26636	0	6	3	3	32512	451	4099	0,1,12	3	2	1,1,2	0	1	1	1	1	3	0	0	8	0	2	3	3
614	26641	0	6	4	3	32512	455	4110	1,2,3,12	4	3	1,1,1,3	0	1	0	1	1	3	0	0	10	0	3	3	3
614	26642	0	6	4	3	32512	455	4109	0,2,3,12	4	3	1,1,1,3	0	1	0	1	1	3	0	0	10	0	3	3	3
614	26644	0	6	4	3	32512	455	4107	0,1,3,12	4	3	1,1,1,3	0	1	0	1	1	3	0	0	10	0	3	3	3
614	26648	0	6	4	3	32512	455	4103	0,1,2,12	4	3	1,1,1,3	0	1	0	1	1	3	0	0	10	0	3	3	3
614	26657	0	6	4	3	32512	455	4110	1,2,3,12	4	3	1,1,1,3	0	1	0	1	1	3	0	0	10	0	3	3	3
614	26658	0	6	4	3	32512	455	4109	0,2,3,12	4	3	1,1,1,3	0	1	0	1	1	3	0	0	10	0	3	3	3
614	26660	0	6	4	3	32512	455	4107	0,1,3,12	4	3	1,1,1,3	0	1	0	1	1	3	0	0	10	0	3	3	3
614	26664	0	6	4	3	32512	455	4103	0,1,2,12	4	3	1,1,1,3	0	1	0	1	1	3	0	0	10	0	3	3	3
614	26672	0	6	5	3	32512	463	4111	0,1,2,3,12	5	4	1,1,1,1,4	0	1	0	1	1	3	0	0	12	0	4	3	3
614	26689	0	6	4	3	32512	455	4110	1,2,3,12	4	3	1,1,1,3	0	1	0	1	1	3	0	0	10	0	3	3	3
614	26690	0	6	4	3	32512	455	4109	0,2,3,12	4	3	1,1,1,3	0	1	0	1	1	3	0	0	10	0	3	3	3
614	26692	0	6	4	3	32512	455	4107	0,1,3,12	4	3	1,1,1,3	0	1	0	1	1	3	0	0	10	0	3	3	3
614	26696	0	6	4	3	32512	455	4103	0,1,2,12	4	3	1,1,1,3	0	1	0	1	1	3	0	0	10	0	3	3	3
614	26704	0	6	5	3	32512	463	4111	0,1,2,3,12	5	4	1,1,1,1,4	0	1	0	1	1	3	0	0	12	0	4	3	3
614	26720	0	6	5	3	32512	463	4111	0,1,2,3,12	5	4	1,1,1,1,4	0	1	0	1	1	3	0	0	12	0	4	3	3
614	26753	0	6	4	3	32512	455	4110	1,2,3,12	4	3	1,1,1,3	0	1	0	1	1	3	0	0	10	0	3	3	3
614	26754	0	6	4	3	32512	455	4109	0,2,3,12	4	3	1,1,1,3	0	1	0	1	1	3	0	0	10	0	3	3	3
614	26756	0	6	4	3	32512	455	4107	0,1,3,12	4	3	1,1,1,3	0	1	0	1	1	3	0	0	10	0	3	3	3
614	26760	0	6	4	3	32512	455	4103	0,1,2,12	4	3	1,1,1,3	0	1	0	1	1	3	0	0	10	0	3	3	3
614	26768	0	6	5	3	32512	463	4111	0,1,2,3,12	5	4	1,1,1,1,4	0	1	0	1	1	3	0	0	12	0	4	3	3
614	26784	0	6	5	3	32512	463	4111	0,1,2,3,12	5	4	1,1,1,1,4	0	1	0	1	1	3	0	0	12	0	4	3	3
614	26816	0	6	5	3	32512	463	4111	0,1,2,3,12	5	4	1,1,1,1,4	0	1	0	1	1	3	0	0	12	0	4	3	3
614	26881	0	6	4	2	32512	391	4110	1,2,3,12	4	3	1,1,1,3	0	1	0	1	1	2	0	1	10	0	3	4	2
614	26882	0	6	4	2	32512	391	4109	0,2,3,12	4	3	1,1,1,3	0	1	0	1	1	2	0	1	10	0	3	4	2
614	26884	0	6	4	2	32512	391	4107	0,1,3,12	4	3	1,1,1,3	0	1	0	1	1	2	0	1	10	0	3	4	2
614	26888	0	6	4	2	32512	391	4103	0,1,2,12	4	3	1,1,1,3	0	1	0	1	1	2	0	1	10	0	3	4	2
614	26896	0	6	5	2	32512	399	4111	0,1,2,3,12	5	4	1,1,1,1,4	0	1	0	1	1	2	0	1	12	0	4	4	2
614	26912	0	6	5	2	32512	399	4111	0,1,2,3,12	5	4	1,1,1,1,4	0	1	0	1	1	2	0	1	12	0	4	4	2
614	26944	0	6	5	2	32512	399	4111	0,1,2,3,12	5	4	1,1,1,1,4	0	1	0	1	1	2	0	1	12	0	4	4	2
614	27008	0	6	5	2	32512	399	4111	0,1,2,3,12	5	4	1,1,1,1,4	0	1	0	1	1	2	0	1	12	0	4	4	2
614	27137	0	6	4	2	32512	391	4110	1,2,3,12	4	3	1,1,1,3	0	1	0	1	1	2	0	1	10	0	3	4	2
614	27138	0	6	4	2	32512	391	4109	0,2,3,12	4	3	1,1,1,3	0	1	0	1	1	2	0	1	10	0	3	4	2
614	27140	0	6	4	2	32512	391	4107	0,1,3,12	4	3	1,1,1,3	0	1	0	1	1	2	0	1	10	0	3	4	2
614	27144	0	6	4	2	32512	391	4103	0,1,2,12	4	3	1,1,1,3	0	1	0	1	1	2	0	1	10	0	3	4	2
614	27152	0	6	5	2	32512	399	4111	0,1,2,3,12	5	4	1,1,1,1,4	0	1	0	1	1	2	0	1	12	0	4	4	2
614	27168	0	6	5	2	32512	399	4111	0,1,2,3,12	5	4	1,1,1,1,4	0	1	0	1	1	2	0	1	12	0	4	4	2
614	27200	0	6	5	2	32512	399	4111	0,1,2,3,12	5	4	1,1,1,1,4	0	1	0	1	1	2	0	1	12	0	4	4	2
614	27264	0	6	5	2	32512	399	4111	0,1,2,3,12	5	4	1,1,1,1,4	0	1	0	1	1	2	0	1	12	0	4	4	2
614	27392	0	6	5	1	32512	271	4111	0,1,2,3,12	5	4	1,1,1,1,4	0	1	0	1	1	1	0	2	12	0	4	5	1
614	27649	0	6	4	2	32512	391	4110	1,2,3,12	4	3	1,1,1,3	0	1	0	1	1	2	0	1	10	0	3	4	2
614	27650	0	6	4	2	32512	391	4109	0,2,3,12	4	3	1,1,1,3	0	1	0	1	1	2	0	1	10	0	3	4	2
614	27652	0	6	4	2	32512	391	4107	0,1,3,12	4	3	1,1,1,3	0	1	0	1	1	2	0	1	10	0	3	4	2
614	27656	0	6	4	2	32512	391	4103	0,1,2,12	4	3	1,1,1,3	0	1	0	1	1	2	0	1	10	0	3	4	2
614	27664	0	6	5	2	32512	399	4111	0,1,2,3,12	5	4	1,1,1,1,4	0	1	0	1	1	2	0	1	12	0	4	4	2
614	27680	0	6	5	2	32512	399	4111	0,1,2,3,12	5	4	1,1,1,1,4	0	1	0	1	1	2	0	1	12	0	4	4	2
614	27712	0	6	5	2	32512	399	4111	0,1,2,3,12	5	4	1,1,1,1,4	0	1	0	1	1	2	0	1	12	0	4	4	2
614	27776	0	6	5	2	32512	399	4111	0,1,2,3,12	5	4	1,1,1,1,4	0	1	0	1	1	2	0	1	12	0	4	4	2
614	27904	0	6	5	1	32512	271	4111	0,1,2,3,12	5	4	1,1,1,1,4	0	1	0	1	1	1	0	2	12	0	4	5	1
614	28160	0	6	5	1	32512	271	4111	0,1,2,3,12	5	4	1,1,1,1,4	0	1	0	1	1	1	0	2	12	0	4	5	1
614	28675	0	6	3	3	32512	451	2060	2,3,11	3	2	1,1,2	0	1	1	1	1	3	0	0	8	0	2	3	3
614	28677	0	6	3	3	32512	451	2058	1,3,11	3	2	1,1,2	0	1	1	1	1	3	0	0	8	0	2	3	3
614	28678	0	6	3	3	32512	451	2057	0,3,11	3	2	1,1,2	0	1	1	1	1	3	0	0	8	0	2	3	3
614	28681	0	6	3	3	32512	451	2054	1,2,11	3	2	1,1,2	0	1	1	1	1	3	0	0	8	0	2	3	3
614	28682	0	6	3	3	32512	451	2053	0,2,11	3	2	1,1,2	0	1	1	1	1	3	0	0	8	0	2	3	3
614	28684	0	6	3	3	32512	451	2051	0,1,11	3	2	1,1,2	0	1	1	1	1	3	0	0	8	0	2	3	3
614	28689	0	6	4	3	32512	455	2062	1,2,3,11	4	3	1,1,1,3	0	1	0	1	1	3	0	0	10	0	3	3	3
614	28690	0	6	4	3	32512	455	2061	0,2,3,11	4	3	1,1,1,3	0	1	0	1	1	3	0	0	10	0	3	3	3
614	28692	0	6	4	3	32512	455	2059	0,1,3,11	4	3	1,1,1,3	0	1	0	1	1	3	0	0	10	0	3	3	3
614	28696	0	6	4	3	32512	455	2055	0,1,2,11	4	3	1,1,1,3	0	1	0	1	1	3	0	0	10	0	3	3	3
614	28705	0	6	4	3	32512	455	2062	1,2,3,11	4	3	1,1,1,3	0	1	0	1	1	3	0	0	10	0	3	3	3
614	28706	0	6	4	3	32512	455	2061	0,2,3,11	4	3	1,1,1,3	0	1	0	1	1	3	0	0	10	0	3	3	3
614	28708	0	6	4	3	32512	455	2059	0,1,3,11	4	3	1,1,1,3	0	1	0	1	1	3	0	0	10	0	3	3	3
614	28712	0	6	4	3	32512	455	2055	0,1,2,11	4	3	1,1,1,3	0	1	0	1	1	3	0	0	10	0	3	3	3
614	28720	0	6	5	3	32512	463	2063	0,1,2,3,11	5	4	1,1,1,1,4	0	1	0	1	1	3	0	0	12	0	4	3	3
614	28737	0	6	4	3	32512	455	2062	1,2,3,11	4	3	1,1,1,3	0	1	0	1	1	3	0	0	10	0	3	3	3
614	28738	0	6	4	3	32512	455	2061	0,2,3,11	4	3	1,1,1,3	0	1	0	1	1	3	0	0	10	0	3	3	3
614	28740	0	6	4	3	32512	455	2059	0,1,3,11	4	3	1,1,1,3	0	1	0	1	1	3	0	0	10	0	3	3	3
614	28744	0	6	4	3	32512	455	2055	0,1,2,11	4	3	1,1,1,3	0	1	0	1	1	3	0	0	10	0	3	3	3
614	28752	0	6	5	3	32512	463	2063	0,1,2,3,11	5	4	1,1,1,1,4	0	1	0	1	1	3	0	0	12	0	4	3	3
614	28768	0	6	5	3	32512	463	2063	0,1,2,3,11	5	4	1,1,1,1,4	0	1	0	1	1	3	0	0	12	0	4	3	3
614	28801	0	6	4	3	32512	455	2062	1,2,3,11	4	3	1,1,1,3	0	1	0	1	1	3	0	0	10	0	3	3	3
614	28802	0	6	4	3	32512	455	2061	0,2,3,11	4	3	1,1,1,3	0	1	0	1	1	3	0	0	10	0	3	3	3
614	28804	0	6	4	3	32512	455	2059	0,1,3,11	4	3	1,1,1,3	0	1	0	1	1	3	0	0	10	0	3	3	3
614	28808	0	6	4	3	32512	455	2055	0,1,2,11	4	3	1,1,1,3	0	1	0	1	1	3	0	0	10	0	3	3	3
614	28816	0	6	5	3	32512	463	2063	0,1,2,3,11	5	4	1,1,1,1,4	0	1	0	1	1	3	0	0	12	0	4	3	3
614	28832	0	6	5	3	32512	463	2063	0,1,2,3,11	5	4	1,1,1,1,4	0	1	0	1	1	3	0	0	12	0	4	3	3
614	28864	0	6	5	3	32512	463	2063	0,1,2,3,11	5	4	1,1,1,1,4	0	1	0	1	1	3	0	0	12	0	4	3	3
614	28929	0	6	4	2	32512	391	2062	1,2,3,11	4	3	1,1,1,3	0	1	0	1	1	2	0	1	10	0	3	4	2
614	28930	0	6	4	2	32512	391	2061	0,2,3,11	4	3	1,1,1,3	0	1	0	1	1	2	0	1	10	0	3	4	2
614	28932	0	6	4	2	32512	391	2059	0,1,3,11	4	3	1,1,1,3	0	1	0	1	1	2	0	1	10	0	3	4	2
614	28936	0	6	4	2	32512	391	2055	0,1,2,11	4	3	1,1,1,3	0	1	0	1	1	2	0	1	10	0	3	4	2
614	28944	0	6	5	2	32512	399	2063	0,1,2,3,11	5	4	1,1,1,1,4	0	1	0	1	1	2	0	1	12	0	4	4	2
614	28960	0	6	5	2	32512	399	2063	0,1,2,3,11	5	4	1,1,1,1,4	0	1	0	1	1	2	0	1	12	0	4	4	2
614	28992	0	6	5	2	32512	399	2063	0,1,2,3,11	5	4	1,1,1,1,4	0	1	0	1	1	2	0	1	12	0	4	4	2
614	29056	0	6	5	2	32512	399	2063	0,1,2,3,11	5	4	1,1,1,1,4	0	1	0	1	1	2	0	1	12	0	4	4	2
614	29185	0	6	4	2	32512	391	2062	1,2,3,11	4	3	1,1,1,3	0	1	0	1	1	2	0	1	10	0	3	4	2
614	29186	0	6	4	2	32512	391	2061	0,2,3,11	4	3	1,1,1,3	0	1	0	1	1	2	0	1	10	0	3	4	2
614	29188	0	6	4	2	32512	391	2059	0,1,3,11	4	3	1,1,1,3	0	1	0	1	1	2	0	1	10	0	3	4	2
614	29192	0	6	4	2	32512	391	2055	0,1,2,11	4	3	1,1,1,3	0	1	0	1	1	2	0	1	10	0	3	4	2
614	29200	0	6	5	2	32512	399	2063	0,1,2,3,11	5	4	1,1,1,1,4	0	1	0	1	1	2	0	1	12	0	4	4	2
614	29216	0	6	5	2	32512	399	2063	0,1,2,3,11	5	4	1,1,1,1,4	0	1	0	1	1	2	0	1	12	0	4	4	2
614	29248	0	6	5	2	32512	399	2063	0,1,2,3,11	5	4	1,1,1,1,4	0	1	0	1	1	2	0	1	12	0	4	4	2
614	29312	0	6	5	2	32512	399	2063	0,1,2,3,11	5	4	1,1,1,1,4	0	1	0	1	1	2	0	1	12	0	4	4	2
614	29440	0	6	5	1	32512	271	2063	0,1,2,3,11	5	4	1,1,1,1,4	0	1	0	1	1	1	0	2	12	0	4	5	1
614	29697	0	6	4	2	32512	391	2062	1,2,3,11	4	3	1,1,1,3	0	1	0	1	1	2	0	1	10	0	3	4	2
614	29698	0	6	4	2	32512	391	2061	0,2,3,11	4	3	1,1,1,3	0	1	0	1	1	2	0	1	10	0	3	4	2
614	29700	0	6	4	2	32512	391	2059	0,1,3,11	4	3	1,1,1,3	0	1	0	1	1	2	0	1	10	0	3	4	2
614	29704	0	6	4	2	32512	391	2055	0,1,2,11	4	3	1,1,1,3	0	1	0	1	1	2	0	1	10	0	3	4	2
614	29712	0	6	5	2	32512	399	2063	0,1,2,3,11	5	4	1,1,1,1,4	0	1	0	1	1	2	0	1	12	0	4	4	2
614	29728	0	6	5	2	32512	399	2063	0,1,2,3,11	5	4	1,1,1,1,4	0	1	0	1	1	2	0	1	12	0	4	4	2
614	29760	0	6	5	2	32512	399	2063	0,1,2,3,11	5	4	1,1,1,1,4	0	1	0	1	1	2	0	1	12	0	4	4	2
614	29824	0	6	5	2	32512	399	2063	0,1,2,3,11	5	4	1,1,1,1,4	0	1	0	1	1	2	0	1	12	0	4	4	2
614	29952	0	6	5	1	32512	271	2063	0,1,2,3,11	5	4	1,1,1,1,4	0	1	0	1	1	1	0	2	12	0	4	5	1
614	30208	0	6	5	1	32512	271	2063	0,1,2,3,11	5	4	1,1,1,1,4	0	1	0	1	1	1	0	2	12	0	4	5	1
