id	Y_mask	dH	optH_count	q	good	delta_min	rho	compatible_optG	ell	Y_type	Y_edges	degree_sum	f_witness	h_witness_local	S_mask	R_witness	Delta_witness	optH_masks_local
78	31	1	1	3	1	3	1	0	15	0	0	15	29632	414	16384	0	3	414
78	47	1	1	3	1	3	1	0	15	0	0	15	29632	414	16384	0	3	414
78	55	1	1	3	1	3	1	0	15	0	0	15	29632	414	16384	0	3	414
78	59	1	1	3	1	3	1	0	15	0	0	15	29632	414	16384	0	3	414
78	61	1	1	3	1	3	1	0	15	0	0	15	29632	414	16384	0	3	414
78	62	1	1	3	1	3	1	0	15	0	0	15	29632	414	16384	0	3	414
78	79	2	1	2	1	1	1	0	15	0	0	15	29632	412	16384	1	1	412
78	87	2	1	2	1	1	1	0	15	0	0	15	29632	412	16384	1	1	412
78	91	2	1	2	1	1	1	0	15	0	0	15	29632	412	16384	1	1	412
78	93	2	1	2	1	1	1	0	15	0	0	15	29632	412	16384	1	1	412
78	94	2	1	2	1	1	1	0	15	0	0	15	29632	412	16384	1	1	412
78	103	2	1	2	1	1	1	0	15	0	0	15	29632	412	16384	1	1	412
78	107	2	1	2	1	1	1	0	15	0	0	15	29632	412	16384	1	1	412
78	109	2	1	2	1	1	1	0	15	0	0	15	29632	412	16384	1	1	412
78	110	2	1	2	1	1	1	0	15	0	0	15	29632	412	16384	1	1	412
78	115	2	1	2	1	1	1	0	15	0	0	15	29632	412	16384	1	1	412
78	117	2	1	2	1	1	1	0	15	0	0	15	29632	412	16384	1	1	412
78	118	2	1	2	1	1	1	0	15	0	0	15	29632	412	16384	1	1	412
78	121	2	1	2	1	1	1	0	15	0	0	15	29632	412	16384	1	1	412
78	122	2	1	2	1	1	1	0	15	0	0	15	29632	412	16384	1	1	412
78	124	2	1	2	1	1	1	0	15	0	0	15	29632	412	16384	1	1	412
78	143	2	1	2	1	1	1	0	15	0	0	15	29632	412	16384	1	1	412
78	151	2	1	2	1	1	1	0	15	0	0	15	29632	412	16384	1	1	412
78	155	2	1	2	1	1	1	0	15	0	0	15	29632	412	16384	1	1	412
78	157	2	1	2	1	1	1	0	15	0	0	15	29632	412	16384	1	1	412
78	158	2	1	2	1	1	1	0	15	0	0	15	29632	412	16384	1	1	412
78	167	2	1	2	1	1	1	0	15	0	0	15	29632	412	16384	1	1	412
78	171	2	1	2	1	1	1	0	15	0	0	15	29632	412	16384	1	1	412
78	173	2	1	2	1	1	1	0	15	0	0	15	29632	412	16384	1	1	412
78	174	2	1	2	1	1	1	0	15	0	0	15	29632	412	16384	1	1	412
78	179	2	1	2	1	1	1	0	15	0	0	15	29632	412	16384	1	1	412
78	181	2	1	2	1	1	1	0	15	0	0	15	29632	412	16384	1	1	412
78	182	2	1	2	1	1	1	0	15	0	0	15	29632	412	16384	1	1	412
78	185	2	1	2	1	1	1	0	15	0	0	15	29632	412	16384	1	1	412
78	186	2	1	2	1	1	1	0	15	0	0	15	29632	412	16384	1	1	412
78	188	2	1	2	1	1	1	0	15	0	0	15	29632	412	16384	1	1	412
78	199	2	1	2	1	0	0	1	15	0	0	15	29632	920	0	2	0	920
78	203	2	1	2	1	0	0	1	15	0	0	15	29632	920	0	2	0	920
78	205	2	1	2	1	0	0	1	15	0	0	15	29632	920	0	2	0	920
78	206	2	1	2	1	0	0	1	15	0	0	15	29632	920	0	2	0	920
78	211	2	1	2	1	0	0	1	15	0	0	15	29632	920	0	2	0	920
78	213	2	1	2	1	0	0	1	15	0	0	15	29632	920	0	2	0	920
78	214	2	1	2	1	0	0	1	15	0	0	15	29632	920	0	2	0	920
78	217	2	1	2	1	0	0	1	15	0	0	15	29632	920	0	2	0	920
78	218	2	1	2	1	0	0	1	15	0	0	15	29632	920	0	2	0	920
78	220	2	1	2	1	0	0	1	15	0	0	15	29632	920	0	2	0	920
78	227	2	1	2	1	0	0	1	15	0	0	15	29632	920	0	2	0	920
78	229	2	1	2	1	0	0	1	15	0	0	15	29632	920	0	2	0	920
78	230	2	1	2	1	0	0	1	15	0	0	15	29632	920	0	2	0	920
78	233	2	1	2	1	0	0	1	15	0	0	15	29632	920	0	2	0	920
78	234	2	1	2	1	0	0	1	15	0	0	15	29632	920	0	2	0	920
78	236	2	1	2	1	0	0	1	15	0	0	15	29632	920	0	2	0	920
78	241	2	1	2	1	0	0	1	15	0	0	15	29632	920	0	2	0	920
78	242	2	1	2	1	0	0	1	15	0	0	15	29632	920	0	2	0	920
78	244	2	1	2	1	0	0	1	15	0	0	15	29632	920	0	2	0	920
78	248	2	1	2	1	0	0	1	15	0	0	15	29632	920	0	2	0	920
78	271	2	1	2	1	1	1	0	15	0	0	15	29632	412	16384	1	1	412
78	279	2	1	2	1	1	1	0	15	0	0	15	29632	412	16384	1	1	412
78	283	2	1	2	1	1	1	0	15	0	0	15	29632	412	16384	1	1	412
78	285	2	1	2	1	1	1	0	15	0	0	15	29632	412	16384	1	1	412
78	286	2	1	2	1	1	1	0	15	0	0	15	29632	412	16384	1	1	412
78	295	2	1	2	1	1	1	0	15	0	0	15	29632	412	16384	1	1	412
78	299	2	1	2	1	1	1	0	15	0	0	15	29632	412	16384	1	1	412
78	301	2	1	2	1	1	1	0	15	0	0	15	29632	412	16384	1	1	412
78	302	2	1	2	1	1	1	0	15	0	0	15	29632	412	16384	1	1	412
78	307	2	1	2	1	1	1	0	15	0	0	15	29632	412	16384	1	1	412
78	309	2	1	2	1	1	1	0	15	0	0	15	29632	412	16384	1	1	412
78	310	2	1	2	1	1	1	0	15	0	0	15	29632	412	16384	1	1	412
78	313	2	1	2	1	1	1	0	15	0	0	15	29632	412	16384	1	1	412
78	314	2	1	2	1	1	1	0	15	0	0	15	29632	412	16384	1	1	412
78	316	2	1	2	1	1	1	0	15	0	0	15	29632	412	16384	1	1	412
78	327	2	1	2	1	0	0	1	15	0	0	15	29632	920	0	2	0	920
78	331	2	1	2	1	0	0	1	15	0	0	15	29632	920	0	2	0	920
78	333	2	1	2	1	0	0	1	15	0	0	15	29632	920	0	2	0	920
78	334	2	1	2	1	0	0	1	15	0	0	15	29632	920	0	2	0	920
78	339	2	1	2	1	0	0	1	15	0	0	15	29632	920	0	2	0	920
78	341	2	1	2	1	0	0	1	15	0	0	15	29632	920	0	2	0	920
78	342	2	1	2	1	0	0	1	15	0	0	15	29632	920	0	2	0	920
78	345	2	1	2	1	0	0	1	15	0	0	15	29632	920	0	2	0	920
78	346	2	1	2	1	0	0	1	15	0	0	15	29632	920	0	2	0	920
78	348	2	1	2	1	0	0	1	15	0	0	15	29632	920	0	2	0	920
78	355	2	1	2	1	0	0	1	15	0	0	15	29632	920	0	2	0	920
78	357	2	1	2	1	0	0	1	15	0	0	15	29632	920	0	2	0	920
78	358	2	1	2	1	0	0	1	15	0	0	15	29632	920	0	2	0	920
78	361	2	1	2	1	0	0	1	15	0	0	15	29632	920	0	2	0	920
78	362	2	1	2	1	0	0	1	15	0	0	15	29632	920	0	2	0	920
78	364	2	1	2	1	0	0	1	15	0	0	15	29632	920	0	2	0	920
78	369	2	1	2	1	0	0	1	15	0	0	15	29632	920	0	2	0	920
78	370	2	1	2	1	0	0	1	15	0	0	15	29632	920	0	2	0	920
78	372	2	1	2	1	0	0	1	15	0	0	15	29632	920	0	2	0	920
78	376	2	1	2	1	0	0	1	15	0	0	15	29632	920	0	2	0	920
78	391	2	1	2	1	0	0	1	15	0	0	15	29632	920	0	2	0	920
78	395	2	1	2	1	0	0	1	15	0	0	15	29632	920	0	2	0	920
78	397	2	1	2	1	0	0	1	15	0	0	15	29632	920	0	2	0	920
78	398	2	1	2	1	0	0	1	15	0	0	15	29632	920	0	2	0	920
78	403	2	1	2	1	0	0	1	15	0	0	15	29632	920	0	2	0	920
78	405	2	1	2	1	0	0	1	15	0	0	15	29632	920	0	2	0	920
78	406	2	1	2	1	0	0	1	15	0	0	15	29632	920	0	2	0	920
78	409	2	1	2	1	0	0	1	15	0	0	15	29632	920	0	2	0	920
78	410	2	1	2	1	0	0	1	15	0	0	15	29632	920	0	2	0	920
78	412	2	1	2	1	0	0	1	15	0	0	15	29632	920	0	2	0	920
78	419	2	1	2	1	0	0	1	15	0	0	15	29632	920	0	2	0	920
78	421	2	1	2	1	0	0	1	15	0	0	15	29632	920	0	2	0	920
78	422	2	1	2	1	0	0	1	15	0	0	15	29632	920	0	2	0	920
78	425	2	1	2	1	0	0	1	15	0	0	15	29632	920	0	2	0	920
78	426	2	1	2	1	0	0	1	15	0	0	15	29632	920	0	2	0	920
78	428	2	1	2	1	0	0	1	15	0	0	15	29632	920	0	2	0	920
78	433	2	1	2	1	0	0	1	15	0	0	15	29632	920	0	2	0	920
78	434	2	1	2	1	0	0	1	15	0	0	15	29632	920	0	2	0	920
78	436	2	1	2	1	0	0	1	15	0	0	15	29632	920	0	2	0	920
78	440	2	1	2	1	0	0	1	15	0	0	15	29632	920	0	2	0	920
78	451	1	1	3	1	0	0	1	15	0	0	15	29632	912	0	3	0	912
78	453	1	1	3	1	0	0	1	15	0	0	15	29632	912	0	3	0	912
78	454	1	1	3	1	0	0	1	15	0	0	15	29632	912	0	3	0	912
78	457	1	1	3	1	0	0	1	15	0	0	15	29632	912	0	3	0	912
78	458	1	1	3	1	0	0	1	15	0	0	15	29632	912	0	3	0	912
78	460	1	1	3	1	0	0	1	15	0	0	15	29632	912	0	3	0	912
78	465	1	1	3	1	0	0	1	15	0	0	15	29632	912	0	3	0	912
78	466	1	1	3	1	0	0	1	15	0	0	15	29632	912	0	3	0	912
78	468	1	1	3	1	0	0	1	15	0	0	15	29632	912	0	3	0	912
78	472	1	1	3	1	0	0	1	15	0	0	15	29632	912	0	3	0	912
78	481	1	1	3	1	0	0	1	15	0	0	15	29632	912	0	3	0	912
78	482	1	1	3	1	0	0	1	15	0	0	15	29632	912	0	3	0	912
78	484	1	1	3	1	0	0	1	15	0	0	15	29632	912	0	3	0	912
78	488	1	1	3	1	0	0	1	15	0	0	15	29632	912	0	3	0	912
78	496	1	1	3	1	0	0	1	15	0	0	15	29632	912	0	3	0	912
78	527	2	1	2	1	1	1	0	15	0	0	15	29632	412	16384	1	1	412
78	535	2	1	2	1	1	1	0	15	0	0	15	29632	412	16384	1	1	412
78	539	2	1	2	1	1	1	0	15	0	0	15	29632	412	16384	1	1	412
78	541	2	1	2	1	1	1	0	15	0	0	15	29632	412	16384	1	1	412
78	542	2	1	2	1	1	1	0	15	0	0	15	29632	412	16384	1	1	412
78	551	2	1	2	1	1	1	0	15	0	0	15	29632	412	16384	1	1	412
78	555	2	1	2	1	1	1	0	15	0	0	15	29632	412	16384	1	1	412
78	557	2	1	2	1	1	1	0	15	0	0	15	29632	412	16384	1	1	412
78	558	2	1	2	1	1	1	0	15	0	0	15	29632	412	16384	1	1	412
78	563	2	1	2	1	1	1	0	15	0	0	15	29632	412	16384	1	1	412
78	565	2	1	2	1	1	1	0	15	0	0	15	29632	412	16384	1	1	412
78	566	2	1	2	1	1	1	0	15	0	0	15	29632	412	16384	1	1	412
78	569	2	1	2	1	1	1	0	15	0	0	15	29632	412	16384	1	1	412
78	570	2	1	2	1	1	1	0	15	0	0	15	29632	412	16384	1	1	412
78	572	2	1	2	1	1	1	0	15	0	0	15	29632	412	16384	1	1	412
78	583	2	1	2	1	0	0	1	15	0	0	15	29632	920	0	2	0	920
78	587	2	1	2	1	0	0	1	15	0	0	15	29632	920	0	2	0	920
78	589	2	1	2	1	0	0	1	15	0	0	15	29632	920	0	2	0	920
78	590	2	1	2	1	0	0	1	15	0	0	15	29632	920	0	2	0	920
78	595	2	1	2	1	0	0	1	15	0	0	15	29632	920	0	2	0	920
78	597	2	1	2	1	0	0	1	15	0	0	15	29632	920	0	2	0	920
78	598	2	1	2	1	0	0	1	15	0	0	15	29632	920	0	2	0	920
78	601	2	1	2	1	0	0	1	15	0	0	15	29632	920	0	2	0	920
78	602	2	1	2	1	0	0	1	15	0	0	15	29632	920	0	2	0	920
78	604	2	1	2	1	0	0	1	15	0	0	15	29632	920	0	2	0	920
78	611	2	1	2	1	0	0	1	15	0	0	15	29632	920	0	2	0	920
78	613	2	1	2	1	0	0	1	15	0	0	15	29632	920	0	2	0	920
78	614	2	1	2	1	0	0	1	15	0	0	15	29632	920	0	2	0	920
78	617	2	1	2	1	0	0	1	15	0	0	15	29632	920	0	2	0	920
78	618	2	1	2	1	0	0	1	15	0	0	15	29632	920	0	2	0	920
78	620	2	1	2	1	0	0	1	15	0	0	15	29632	920	0	2	0	920
78	625	2	1	2	1	0	0	1	15	0	0	15	29632	920	0	2	0	920
78	626	2	1	2	1	0	0	1	15	0	0	15	29632	920	0	2	0	920
78	628	2	1	2	1	0	0	1	15	0	0	15	29632	920	0	2	0	920
78	632	2	1	2	1	0	0	1	15	0	0	15	29632	920	0	2	0	920
78	647	2	1	2	1	0	0	1	15	0	0	15	29632	920	0	2	0	920
78	651	2	1	2	1	0	0	1	15	0	0	15	29632	920	0	2	0	920
78	653	2	1	2	1	0	0	1	15	0	0	15	29632	920	0	2	0	920
78	654	2	1	2	1	0	0	1	15	0	0	15	29632	920	0	2	0	920
78	659	2	1	2	1	0	0	1	15	0	0	15	29632	920	0	2	0	920
78	661	2	1	2	1	0	0	1	15	0	0	15	29632	920	0	2	0	920
78	662	2	1	2	1	0	0	1	15	0	0	15	29632	920	0	2	0	920
78	665	2	1	2	1	0	0	1	15	0	0	15	29632	920	0	2	0	920
78	666	2	1	2	1	0	0	1	15	0	0	15	29632	920	0	2	0	920
78	668	2	1	2	1	0	0	1	15	0	0	15	29632	920	0	2	0	920
78	675	2	1	2	1	0	0	1	15	0	0	15	29632	920	0	2	0	920
78	677	2	1	2	1	0	0	1	15	0	0	15	29632	920	0	2	0	920
78	678	2	1	2	1	0	0	1	15	0	0	15	29632	920	0	2	0	920
78	681	2	1	2	1	0	0	1	15	0	0	15	29632	920	0	2	0	920
78	682	2	1	2	1	0	0	1	15	0	0	15	29632	920	0	2	0	920
78	684	2	1	2	1	0	0	1	15	0	0	15	29632	920	0	2	0	920
78	689	2	1	2	1	0	0	1	15	0	0	15	29632	920	0	2	0	920
78	690	2	1	2	1	0	0	1	15	0	0	15	29632	920	0	2	0	920
78	692	2	1	2	1	0	0	1	15	0	0	15	29632	920	0	2	0	920
78	696	2	1	2	1	0	0	1	15	0	0	15	29632	920	0	2	0	920
78	707	1	1	3	1	0	0	1	15	0	0	15	29632	912	0	3	0	912
78	709	1	1	3	1	0	0	1	15	0	0	15	29632	912	0	3	0	912
78	710	1	1	3	1	0	0	1	15	0	0	15	29632	912	0	3	0	912
78	713	1	1	3	1	0	0	1	15	0	0	15	29632	912	0	3	0	912
78	714	1	1	3	1	0	0	1	15	0	0	15	29632	912	0	3	0	912
78	716	1	1	3	1	0	0	1	15	0	0	15	29632	912	0	3	0	912
78	721	1	1	3	1	0	0	1	15	0	0	15	29632	912	0	3	0	912
78	722	1	1	3	1	0	0	1	15	0	0	15	29632	912	0	3	0	912
78	724	1	1	3	1	0	0	1	15	0	0	15	29632	912	0	3	0	912
78	728	1	1	3	1	0	0	1	15	0	0	15	29632	912	0	3	0	912
78	737	1	1	3	1	0	0	1	15	0	0	15	29632	912	0	3	0	912
78	738	1	1	3	1	0	0	1	15	0	0	15	29632	912	0	3	0	912
78	740	1	1	3	1	0	0	1	15	0	0	15	29632	912	0	3	0	912
78	744	1	1	3	1	0	0	1	15	0	0	15	29632	912	0	3	0	912
78	752	1	1	3	1	0	0	1	15	0	0	15	29632	912	0	3	0	912
78	775	2	1	2	1	0	0	1	15	0	0	15	29632	920	0	2	0	920
78	779	2	1	2	1	0	0	1	15	0	0	15	29632	920	0	2	0	920
78	781	2	1	2	1	0	0	1	15	0	0	15	29632	920	0	2	0	920
78	782	2	1	2	1	0	0	1	15	0	0	15	29632	920	0	2	0	920
78	787	2	1	2	1	0	0	1	15	0	0	15	29632	920	0	2	0	920
78	789	2	1	2	1	0	0	1	15	0	0	15	29632	920	0	2	0	920
78	790	2	1	2	1	0	0	1	15	0	0	15	29632	920	0	2	0	920
78	793	2	1	2	1	0	0	1	15	0	0	15	29632	920	0	2	0	920
78	794	2	1	2	1	0	0	1	15	0	0	15	29632	920	0	2	0	920
78	796	2	1	2	1	0	0	1	15	0	0	15	29632	920	0	2	0	920
78	803	2	1	2	1	0	0	1	15	0	0	15	29632	920	0	2	0	920
78	805	2	1	2	1	0	0	1	15	0	0	15	29632	920	0	2	0	920
78	806	2	1	2	1	0	0	1	15	0	0	15	29632	920	0	2	0	920
78	809	2	1	2	1	0	0	1	15	0	0	15	29632	920	0	2	0	920
78	810	2	1	2	1	0	0	1	15	0	0	15	29632	920	0	2	0	920
78	812	2	1	2	1	0	0	1	15	0	0	15	29632	920	0	2	0	920
78	817	2	1	2	1	0	0	1	15	0	0	15	29632	920	0	2	0	920
78	818	2	1	2	1	0	0	1	15	0	0	15	29632	920	0	2	0	920
78	820	2	1	2	1	0	0	1	15	0	0	15	29632	920	0	2	0	920
78	824	2	1	2	1	0	0	1	15	0	0	15	29632	920	0	2	0	920
78	835	1	1	3	1	0	0	1	15	0	0	15	29632	912	0	3	0	912
78	837	1	1	3	1	0	0	1	15	0	0	15	29632	912	0	3	0	912
78	838	1	1	3	1	0	0	1	15	0	0	15	29632	912	0	3	0	912
78	841	1	1	3	1	0	0	1	15	0	0	15	29632	912	0	3	0	912
78	842	1	1	3	1	0	0	1	15	0	0	15	29632	912	0	3	0	912
78	844	1	1	3	1	0	0	1	15	0	0	15	29632	912	0	3	0	912
78	849	1	1	3	1	0	0	1	15	0	0	15	29632	912	0	3	0	912
78	850	1	1	3	1	0	0	1	15	0	0	15	29632	912	0	3	0	912
78	852	1	1	3	1	0	0	1	15	0	0	15	29632	912	0	3	0	912
78	856	1	1	3	1	0	0	1	15	0	0	15	29632	912	0	3	0	912
78	865	1	1	3	1	0	0	1	15	0	0	15	29632	912	0	3	0	912
78	866	1	1	3	1	0	0	1	15	0	0	15	29632	912	0	3	0	912
78	868	1	1	3	1	0	0	1	15	0	0	15	29632	912	0	3	0	912
78	872	1	1	3	1	0	0	1	15	0	0	15	29632	912	0	3	0	912
78	880	1	1	3	1	0	0	1	15	0	0	15	29632	912	0	3	0	912
78	899	1	1	3	1	0	0	1	15	0	0	15	29632	912	0	3	0	912
78	901	1	1	3	1	0	0	1	15	0	0	15	29632	912	0	3	0	912
78	902	1	1	3	1	0	0	1	15	0	0	15	29632	912	0	3	0	912
78	905	1	1	3	1	0	0	1	15	0	0	15	29632	912	0	3	0	912
78	906	1	1	3	1	0	0	1	15	0	0	15	29632	912	0	3	0	912
78	908	1	1	3	1	0	0	1	15	0	0	15	29632	912	0	3	0	912
78	913	1	1	3	1	0	0	1	15	0	0	15	29632	912	0	3	0	912
78	914	1	1	3	1	0	0	1	15	0	0	15	29632	912	0	3	0	912
78	916	1	1	3	1	0	0	1	15	0	0	15	29632	912	0	3	0	912
78	920	1	1	3	1	0	0	1	15	0	0	15	29632	912	0	3	0	912
78	929	1	1	3	1	0	0	1	15	0	0	15	29632	912	0	3	0	912
78	930	1	1	3	1	0	0	1	15	0	0	15	29632	912	0	3	0	912
78	932	1	1	3	1	0	0	1	15	0	0	15	29632	912	0	3	0	912
78	936	1	1	3	1	0	0	1	15	0	0	15	29632	912	0	3	0	912
78	944	1	1	3	1	0	0	1	15	0	0	15	29632	912	0	3	0	912
78	961	0	1	4	1	0	0	1	15	0	0	15	29632	896	0	4	0	896
78	962	0	1	4	1	0	0	1	15	0	0	15	29632	896	0	4	0	896
78	964	0	1	4	1	0	0	1	15	0	0	15	29632	896	0	4	0	896
78	968	0	1	4	1	0	0	1	15	0	0	15	29632	896	0	4	0	896
78	976	0	1	4	1	0	0	1	15	0	0	15	29632	896	0	4	0	896
78	992	0	1	4	1	0	0	1	15	0	0	15	29632	896	0	4	0	896
78	1039	2	2	2	1	0	0	1	18	0	0	18	31744	960	0	2	0	444,960
78	1047	2	2	2	1	0	0	1	18	0	0	18	31744	960	0	2	0	444,960
78	1051	2	2	2	1	0	0	1	18	0	0	18	31744	960	0	2	0	444,960
78	1053	2	2	2	1	0	0	1	18	0	0	18	31744	960	0	2	0	444,960
78	1054	2	2	2	1	0	0	1	18	0	0	18	31744	960	0	2	0	444,960
78	1063	2	2	2	1	0	0	1	18	0	0	18	31744	960	0	2	0	444,960
78	1067	2	2	2	1	0	0	1	18	0	0	18	31744	960	0	2	0	444,960
78	1069	2	2	2	1	0	0	1	18	0	0	18	31744	960	0	2	0	444,960
78	1070	2	2	2	1	0	0	1	18	0	0	18	31744	960	0	2	0	444,960
78	1075	2	2	2	1	0	0	1	18	0	0	18	31744	960	0	2	0	444,960
78	1077	2	2	2	1	0	0	1	18	0	0	18	31744	960	0	2	0	444,960
78	1078	2	2	2	1	0	0	1	18	0	0	18	31744	960	0	2	0	444,960
78	1081	2	2	2	1	0	0	1	18	0	0	18	31744	960	0	2	0	444,960
78	1082	2	2	2	1	0	0	1	18	0	0	18	31744	960	0	2	0	444,960
78	1084	2	2	2	1	0	0	1	18	0	0	18	31744	960	0	2	0	444,960
78	1095	2	1	2	1	0	0	1	16	1	1	18	31744	960	0	2	0	960
78	1099	2	1	2	1	0	0	1	16	1	1	18	31744	960	0	2	0	960
78	1101	2	1	2	1	0	0	1	16	1	1	18	31744	960	0	2	0	960
78	1102	2	1	2	1	0	0	1	16	1	1	18	31744	960	0	2	0	960
78	1107	2	1	2	1	0	0	1	16	1	1	18	31744	960	0	2	0	960
78	1109	2	1	2	1	0	0	1	16	1	1	18	31744	960	0	2	0	960
78	1110	2	1	2	1	0	0	1	16	1	1	18	31744	960	0	2	0	960
78	1113	2	1	2	1	0	0	1	16	1	1	18	31744	960	0	2	0	960
78	1114	2	1	2	1	0	0	1	16	1	1	18	31744	960	0	2	0	960
78	1116	2	1	2	1	0	0	1	16	1	1	18	31744	960	0	2	0	960
78	1123	2	1	2	1	0	0	1	16	1	1	18	31744	960	0	2	0	960
78	1125	2	1	2	1	0	0	1	16	1	1	18	31744	960	0	2	0	960
78	1126	2	1	2	1	0	0	1	16	1	1	18	31744	960	0	2	0	960
78	1129	2	1	2	1	0	0	1	16	1	1	18	31744	960	0	2	0	960
78	1130	2	1	2	1	0	0	1	16	1	1	18	31744	960	0	2	0	960
78	1132	2	1	2	1	0	0	1	16	1	1	18	31744	960	0	2	0	960
78	1137	2	1	2	1	0	0	1	16	1	1	18	31744	960	0	2	0	960
78	1138	2	1	2	1	0	0	1	16	1	1	18	31744	960	0	2	0	960
78	1140	2	1	2	1	0	0	1	16	1	1	18	31744	960	0	2	0	960
78	1144	2	1	2	1	0	0	1	16	1	1	18	31744	960	0	2	0	960
78	1159	2	1	2	1	0	0	1	16	1	1	18	31744	960	0	2	0	960
78	1163	2	1	2	1	0	0	1	16	1	1	18	31744	960	0	2	0	960
78	1165	2	1	2	1	0	0	1	16	1	1	18	31744	960	0	2	0	960
78	1166	2	1	2	1	0	0	1	16	1	1	18	31744	960	0	2	0	960
78	1171	2	1	2	1	0	0	1	16	1	1	18	31744	960	0	2	0	960
78	1173	2	1	2	1	0	0	1	16	1	1	18	31744	960	0	2	0	960
78	1174	2	1	2	1	0	0	1	16	1	1	18	31744	960	0	2	0	960
78	1177	2	1	2	1	0	0	1	16	1	1	18	31744	960	0	2	0	960
78	1178	2	1	2	1	0	0	1	16	1	1	18	31744	960	0	2	0	960
78	1180	2	1	2	1	0	0	1	16	1	1	18	31744	960	0	2	0	960
78	1187	2	1	2	1	0	0	1	16	1	1	18	31744	960	0	2	0	960
78	1189	2	1	2	1	0	0	1	16	1	1	18	31744	960	0	2	0	960
78	1190	2	1	2	1	0	0	1	16	1	1	18	31744	960	0	2	0	960
78	1193	2	1	2	1	0	0	1	16	1	1	18	31744	960	0	2	0	960
78	1194	2	1	2	1	0	0	1	16	1	1	18	31744	960	0	2	0	960
78	1196	2	1	2	1	0	0	1	16	1	1	18	31744	960	0	2	0	960
78	1201	2	1	2	1	0	0	1	16	1	1	18	31744	960	0	2	0	960
78	1202	2	1	2	1	0	0	1	16	1	1	18	31744	960	0	2	0	960
78	1204	2	1	2	1	0	0	1	16	1	1	18	31744	960	0	2	0	960
78	1208	2	1	2	1	0	0	1	16	1	1	18	31744	960	0	2	0	960
78	1219	2	5	2	1	0	0	2	14	3	2	18	29632	944	0	2	0	896,912,928,944,960
78	1221	2	5	2	1	0	0	2	14	3	2	18	29632	944	0	2	0	896,912,928,944,960
78	1222	2	5	2	1	0	0	2	14	3	2	18	29632	944	0	2	0	896,912,928,944,960
78	1225	2	5	2	1	0	0	2	14	3	2	18	29632	944	0	2	0	896,912,928,944,960
78	1226	2	5	2	1	0	0	2	14	3	2	18	29632	944	0	2	0	896,912,928,944,960
78	1228	2	5	2	1	0	0	2	14	3	2	18	29632	944	0	2	0	896,912,928,944,960
78	1233	2	5	2	1	0	0	2	14	3	2	18	29632	944	0	2	0	896,912,928,944,960
78	1234	2	5	2	1	0	0	2	14	3	2	18	29632	944	0	2	0	896,912,928,944,960
78	1236	2	5	2	1	0	0	2	14	3	2	18	29632	944	0	2	0	896,912,928,944,960
78	1240	2	5	2	1	0	0	2	14	3	2	18	29632	944	0	2	0	896,912,928,944,960
78	1249	2	5	2	1	0	0	2	14	3	2	18	29632	944	0	2	0	896,912,928,944,960
78	1250	2	5	2	1	0	0	2	14	3	2	18	29632	944	0	2	0	896,912,928,944,960
78	1252	2	5	2	1	0	0	2	14	3	2	18	29632	944	0	2	0	896,912,928,944,960
78	1256	2	5	2	1	0	0	2	14	3	2	18	29632	944	0	2	0	896,912,928,944,960
78	1264	2	5	2	1	0	0	2	14	3	2	18	29632	944	0	2	0	896,912,928,944,960
78	1287	2	1	2	1	0	0	1	16	1	1	18	31744	960	0	2	0	960
78	1291	2	1	2	1	0	0	1	16	1	1	18	31744	960	0	2	0	960
78	1293	2	1	2	1	0	0	1	16	1	1	18	31744	960	0	2	0	960
78	1294	2	1	2	1	0	0	1	16	1	1	18	31744	960	0	2	0	960
78	1299	2	1	2	1	0	0	1	16	1	1	18	31744	960	0	2	0	960
78	1301	2	1	2	1	0	0	1	16	1	1	18	31744	960	0	2	0	960
78	1302	2	1	2	1	0	0	1	16	1	1	18	31744	960	0	2	0	960
78	1305	2	1	2	1	0	0	1	16	1	1	18	31744	960	0	2	0	960
78	1306	2	1	2	1	0	0	1	16	1	1	18	31744	960	0	2	0	960
78	1308	2	1	2	1	0	0	1	16	1	1	18	31744	960	0	2	0	960
78	1315	2	1	2	1	0	0	1	16	1	1	18	31744	960	0	2	0	960
78	1317	2	1	2	1	0	0	1	16	1	1	18	31744	960	0	2	0	960
78	1318	2	1	2	1	0	0	1	16	1	1	18	31744	960	0	2	0	960
78	1321	2	1	2	1	0	0	1	16	1	1	18	31744	960	0	2	0	960
78	1322	2	1	2	1	0	0	1	16	1	1	18	31744	960	0	2	0	960
78	1324	2	1	2	1	0	0	1	16	1	1	18	31744	960	0	2	0	960
78	1329	2	1	2	1	0	0	1	16	1	1	18	31744	960	0	2	0	960
78	1330	2	1	2	1	0	0	1	16	1	1	18	31744	960	0	2	0	960
78	1332	2	1	2	1	0	0	1	16	1	1	18	31744	960	0	2	0	960
78	1336	2	1	2	1	0	0	1	16	1	1	18	31744	960	0	2	0	960
78	1347	2	5	2	1	0	0	2	14	3	2	18	29632	944	0	2	0	896,912,928,944,960
78	1349	2	5	2	1	0	0	2	14	3	2	18	29632	944	0	2	0	896,912,928,944,960
78	1350	2	5	2	1	0	0	2	14	3	2	18	29632	944	0	2	0	896,912,928,944,960
78	1353	2	5	2	1	0	0	2	14	3	2	18	29632	944	0	2	0	896,912,928,944,960
78	1354	2	5	2	1	0	0	2	14	3	2	18	29632	944	0	2	0	896,912,928,944,960
78	1356	2	5	2	1	0	0	2	14	3	2	18	29632	944	0	2	0	896,912,928,944,960
78	1361	2	5	2	1	0	0	2	14	3	2	18	29632	944	0	2	0	896,912,928,944,960
78	1362	2	5	2	1	0	0	2	14	3	2	18	29632	944	0	2	0	896,912,928,944,960
78	1364	2	5	2	1	0	0	2	14	3	2	18	29632	944	0	2	0	896,912,928,944,960
78	1368	2	5	2	1	0	0	2	14	3	2	18	29632	944	0	2	0	896,912,928,944,960
78	1377	2	5	2	1	0	0	2	14	3	2	18	29632	944	0	2	0	896,912,928,944,960
78	1378	2	5	2	1	0	0	2	14	3	2	18	29632	944	0	2	0	896,912,928,944,960
78	1380	2	5	2	1	0	0	2	14	3	2	18	29632	944	0	2	0	896,912,928,944,960
78	1384	2	5	2	1	0	0	2	14	3	2	18	29632	944	0	2	0	896,912,928,944,960
78	1392	2	5	2	1	0	0	2	14	3	2	18	29632	944	0	2	0	896,912,928,944,960
78	1411	2	5	2	1	0	0	2	14	3	2	18	29632	944	0	2	0	896,912,928,944,960
78	1413	2	5	2	1	0	0	2	14	3	2	18	29632	944	0	2	0	896,912,928,944,960
78	1414	2	5	2	1	0	0	2	14	3	2	18	29632	944	0	2	0	896,912,928,944,960
78	1417	2	5	2	1	0	0	2	14	3	2	18	29632	944	0	2	0	896,912,928,944,960
78	1418	2	5	2	1	0	0	2	14	3	2	18	29632	944	0	2	0	896,912,928,944,960
78	1420	2	5	2	1	0	0	2	14	3	2	18	29632	944	0	2	0	896,912,928,944,960
78	1425	2	5	2	1	0	0	2	14	3	2	18	29632	944	0	2	0	896,912,928,944,960
78	1426	2	5	2	1	0	0	2	14	3	2	18	29632	944	0	2	0	896,912,928,944,960
78	1428	2	5	2	1	0	0	2	14	3	2	18	29632	944	0	2	0	896,912,928,944,960
78	1432	2	5	2	1	0	0	2	14	3	2	18	29632	944	0	2	0	896,912,928,944,960
78	1441	2	5	2	1	0	0	2	14	3	2	18	29632	944	0	2	0	896,912,928,944,960
78	1442	2	5	2	1	0	0	2	14	3	2	18	29632	944	0	2	0	896,912,928,944,960
78	1444	2	5	2	1	0	0	2	14	3	2	18	29632	944	0	2	0	896,912,928,944,960
78	1448	2	5	2	1	0	0	2	14	3	2	18	29632	944	0	2	0	896,912,928,944,960
78	1456	2	5	2	1	0	0	2	14	3	2	18	29632	944	0	2	0	896,912,928,944,960
78	1473	1	2	3	1	0	0	1	12	11	3	18	29632	928	0	3	0	896,928
78	1474	1	2	3	1	0	0	1	12	11	3	18	29632	928	0	3	0	896,928
78	1476	1	2	3	1	0	0	1	12	11	3	18	29632	928	0	3	0	896,928
78	1480	1	2	3	1	0	0	1	12	11	3	18	29632	928	0	3	0	896,928
78	1488	1	2	3	1	0	0	1	12	11	3	18	29632	928	0	3	0	896,928
78	1504	1	2	3	1	0	0	1	12	11	3	18	29632	928	0	3	0	896,928
78	1543	2	1	2	1	0	0	1	16	1	1	18	31744	960	0	2	0	960
78	1547	2	1	2	1	0	0	1	16	1	1	18	31744	960	0	2	0	960
78	1549	2	1	2	1	0	0	1	16	1	1	18	31744	960	0	2	0	960
78	1550	2	1	2	1	0	0	1	16	1	1	18	31744	960	0	2	0	960
78	1555	2	1	2	1	0	0	1	16	1	1	18	31744	960	0	2	0	960
78	1557	2	1	2	1	0	0	1	16	1	1	18	31744	960	0	2	0	960
78	1558	2	1	2	1	0	0	1	16	1	1	18	31744	960	0	2	0	960
78	1561	2	1	2	1	0	0	1	16	1	1	18	31744	960	0	2	0	960
78	1562	2	1	2	1	0	0	1	16	1	1	18	31744	960	0	2	0	960
78	1564	2	1	2	1	0	0	1	16	1	1	18	31744	960	0	2	0	960
78	1571	2	1	2	1	0	0	1	16	1	1	18	31744	960	0	2	0	960
78	1573	2	1	2	1	0	0	1	16	1	1	18	31744	960	0	2	0	960
78	1574	2	1	2	1	0	0	1	16	1	1	18	31744	960	0	2	0	960
78	1577	2	1	2	1	0	0	1	16	1	1	18	31744	960	0	2	0	960
78	1578	2	1	2	1	0	0	1	16	1	1	18	31744	960	0	2	0	960
78	1580	2	1	2	1	0	0	1	16	1	1	18	31744	960	0	2	0	960
78	1585	2	1	2	1	0	0	1	16	1	1	18	31744	960	0	2	0	960
78	1586	2	1	2	1	0	0	1	16	1	1	18	31744	960	0	2	0	960
78	1588	2	1	2	1	0	0	1	16	1	1	18	31744	960	0	2	0	960
78	1592	2	1	2	1	0	0	1	16	1	1	18	31744	960	0	2	0	960
78	1603	2	5	2	1	0	0	2	14	3	2	18	29632	944	0	2	0	896,912,928,944,960
78	1605	2	5	2	1	0	0	2	14	3	2	18	29632	944	0	2	0	896,912,928,944,960
78	1606	2	5	2	1	0	0	2	14	3	2	18	29632	944	0	2	0	896,912,928,944,960
78	1609	2	5	2	1	0	0	2	14	3	2	18	29632	944	0	2	0	896,912,928,944,960
78	1610	2	5	2	1	0	0	2	14	3	2	18	29632	944	0	2	0	896,912,928,944,960
78	1612	2	5	2	1	0	0	2	14	3	2	18	29632	944	0	2	0	896,912,928,944,960
78	1617	2	5	2	1	0	0	2	14	3	2	18	29632	944	0	2	0	896,912,928,944,960
78	1618	2	5	2	1	0	0	2	14	3	2	18	29632	944	0	2	0	896,912,928,944,960
78	1620	2	5	2	1	0	0	2	14	3	2	18	29632	944	0	2	0	896,912,928,944,960
78	1624	2	5	2	1	0	0	2	14	3	2	18	29632	944	0	2	0	896,912,928,944,960
78	1633	2	5	2	1	0	0	2	14	3	2	18	29632	944	0	2	0	896,912,928,944,960
78	1634	2	5	2	1	0	0	2	14	3	2	18	29632	944	0	2	0	896,912,928,944,960
78	1636	2	5	2	1	0	0	2	14	3	2	18	29632	944	0	2	0	896,912,928,944,960
78	1640	2	5	2	1	0	0	2	14	3	2	18	29632	944	0	2	0	896,912,928,944,960
78	1648	2	5	2	1	0	0	2	14	3	2	18	29632	944	0	2	0	896,912,928,944,960
78	1667	2	5	2	1	0	0	2	14	3	2	18	29632	944	0	2	0	896,912,928,944,960
78	1669	2	5	2	1	0	0	2	14	3	2	18	29632	944	0	2	0	896,912,928,944,960
78	1670	2	5	2	1	0	0	2	14	3	2	18	29632	944	0	2	0	896,912,928,944,960
78	1673	2	5	2	1	0	0	2	14	3	2	18	29632	944	0	2	0	896,912,928,944,960
78	1674	2	5	2	1	0	0	2	14	3	2	18	29632	944	0	2	0	896,912,928,944,960
78	1676	2	5	2	1	0	0	2	14	3	2	18	29632	944	0	2	0	896,912,928,944,960
78	1681	2	5	2	1	0	0	2	14	3	2	18	29632	944	0	2	0	896,912,928,944,960
78	1682	2	5	2	1	0	0	2	14	3	2	18	29632	944	0	2	0	896,912,928,944,960
78	1684	2	5	2	1	0	0	2	14	3	2	18	29632	944	0	2	0	896,912,928,944,960
78	1688	2	5	2	1	0	0	2	14	3	2	18	29632	944	0	2	0	896,912,928,944,960
78	1697	2	5	2	1	0	0	2	14	3	2	18	29632	944	0	2	0	896,912,928,944,960
78	1698	2	5	2	1	0	0	2	14	3	2	18	29632	944	0	2	0	896,912,928,944,960
78	1700	2	5	2	1	0	0	2	14	3	2	18	29632	944	0	2	0	896,912,928,944,960
78	1704	2	5	2	1	0	0	2	14	3	2	18	29632	944	0	2	0	896,912,928,944,960
78	1712	2	5	2	1	0	0	2	14	3	2	18	29632	944	0	2	0	896,912,928,944,960
78	1729	1	2	3	1	0	0	1	12	11	3	18	29632	928	0	3	0	896,928
78	1730	1	2	3	1	0	0	1	12	11	3	18	29632	928	0	3	0	896,928
78	1732	1	2	3	1	0	0	1	12	11	3	18	29632	928	0	3	0	896,928
78	1736	1	2	3	1	0	0	1	12	11	3	18	29632	928	0	3	0	896,928
78	1744	1	2	3	1	0	0	1	12	11	3	18	29632	928	0	3	0	896,928
78	1760	1	2	3	1	0	0	1	12	11	3	18	29632	928	0	3	0	896,928
78	1795	2	5	2	1	0	0	2	14	3	2	18	29632	944	0	2	0	896,912,928,944,960
78	1797	2	5	2	1	0	0	2	14	3	2	18	29632	944	0	2	0	896,912,928,944,960
78	1798	2	5	2	1	0	0	2	14	3	2	18	29632	944	0	2	0	896,912,928,944,960
78	1801	2	5	2	1	0	0	2	14	3	2	18	29632	944	0	2	0	896,912,928,944,960
78	1802	2	5	2	1	0	0	2	14	3	2	18	29632	944	0	2	0	896,912,928,944,960
78	1804	2	5	2	1	0	0	2	14	3	2	18	29632	944	0	2	0	896,912,928,944,960
78	1809	2	5	2	1	0	0	2	14	3	2	18	29632	944	0	2	0	896,912,928,944,960
78	1810	2	5	2	1	0	0	2	14	3	2	18	29632	944	0	2	0	896,912,928,944,960
78	1812	2	5	2	1	0	0	2	14	3	2	18	29632	944	0	2	0	896,912,928,944,960
78	1816	2	5	2	1	0	0	2	14	3	2	18	29632	944	0	2	0	896,912,928,944,960
78	1825	2	5	2	1	0	0	2	14	3	2	18	29632	944	0	2	0	896,912,928,944,960
78	1826	2	5	2	1	0	0	2	14	3	2	18	29632	944	0	2	0	896,912,928,944,960
78	1828	2	5	2	1	0	0	2	14	3	2	18	29632	944	0	2	0	896,912,928,944,960
78	1832	2	5	2	1	0	0	2	14	3	2	18	29632	944	0	2	0	896,912,928,944,960
78	1840	2	5	2	1	0	0	2	14	3	2	18	29632	944	0	2	0	896,912,928,944,960
78	1857	1	2	3	1	0	0	1	12	11	3	18	29632	928	0	3	0	896,928
78	1858	1	2	3	1	0	0	1	12	11	3	18	29632	928	0	3	0	896,928
78	1860	1	2	3	1	0	0	1	12	11	3	18	29632	928	0	3	0	896,928
78	1864	1	2	3	1	0	0	1	12	11	3	18	29632	928	0	3	0	896,928
78	1872	1	2	3	1	0	0	1	12	11	3	18	29632	928	0	3	0	896,928
78	1888	1	2	3	1	0	0	1	12	11	3	18	29632	928	0	3	0	896,928
78	1921	1	2	3	1	0	0	1	12	11	3	18	29632	928	0	3	0	896,928
78	1922	1	2	3	1	0	0	1	12	11	3	18	29632	928	0	3	0	896,928
78	1924	1	2	3	1	0	0	1	12	11	3	18	29632	928	0	3	0	896,928
78	1928	1	2	3	1	0	0	1	12	11	3	18	29632	928	0	3	0	896,928
78	1936	1	2	3	1	0	0	1	12	11	3	18	29632	928	0	3	0	896,928
78	1952	1	2	3	1	0	0	1	12	11	3	18	29632	928	0	3	0	896,928
78	1984	0	1	4	1	0	0	1	10	75	4	18	29632	896	0	4	0	896
78	2063	2	2	2	1	0	0	1	18	0	0	18	31744	960	0	2	0	444,960
78	2071	2	2	2	1	0	0	1	18	0	0	18	31744	960	0	2	0	444,960
78	2075	2	2	2	1	0	0	1	18	0	0	18	31744	960	0	2	0	444,960
78	2077	2	2	2	1	0	0	1	18	0	0	18	31744	960	0	2	0	444,960
78	2078	2	2	2	1	0	0	1	18	0	0	18	31744	960	0	2	0	444,960
78	2087	2	2	2	1	0	0	1	18	0	0	18	31744	960	0	2	0	444,960
78	2091	2	2	2	1	0	0	1	18	0	0	18	31744	960	0	2	0	444,960
78	2093	2	2	2	1	0	0	1	18	0	0	18	31744	960	0	2	0	444,960
78	2094	2	2	2	1	0	0	1	18	0	0	18	31744	960	0	2	0	444,960
78	2099	2	2	2	1	0	0	1	18	0	0	18	31744	960	0	2	0	444,960
78	2101	2	2	2	1	0	0	1	18	0	0	18	31744	960	0	2	0	444,960
78	2102	2	2	2	1	0	0	1	18	0	0	18	31744	960	0	2	0	444,960
78	2105	2	2	2	1	0	0	1	18	0	0	18	31744	960	0	2	0	444,960
78	2106	2	2	2	1	0	0	1	18	0	0	18	31744	960	0	2	0	444,960
78	2108	2	2	2	1	0	0	1	18	0	0	18	31744	960	0	2	0	444,960
78	2119	2	1	2	1	0	0	1	16	1	1	18	31744	960	0	2	0	960
78	2123	2	1	2	1	0	0	1	16	1	1	18	31744	960	0	2	0	960
78	2125	2	1	2	1	0	0	1	16	1	1	18	31744	960	0	2	0	960
78	2126	2	1	2	1	0	0	1	16	1	1	18	31744	960	0	2	0	960
78	2131	2	1	2	1	0	0	1	16	1	1	18	31744	960	0	2	0	960
78	2133	2	1	2	1	0	0	1	16	1	1	18	31744	960	0	2	0	960
78	2134	2	1	2	1	0	0	1	16	1	1	18	31744	960	0	2	0	960
78	2137	2	1	2	1	0	0	1	16	1	1	18	31744	960	0	2	0	960
78	2138	2	1	2	1	0	0	1	16	1	1	18	31744	960	0	2	0	960
78	2140	2	1	2	1	0	0	1	16	1	1	18	31744	960	0	2	0	960
78	2147	2	1	2	1	0	0	1	16	1	1	18	31744	960	0	2	0	960
78	2149	2	1	2	1	0	0	1	16	1	1	18	31744	960	0	2	0	960
78	2150	2	1	2	1	0	0	1	16	1	1	18	31744	960	0	2	0	960
78	2153	2	1	2	1	0	0	1	16	1	1	18	31744	960	0	2	0	960
78	2154	2	1	2	1	0	0	1	16	1	1	18	31744	960	0	2	0	960
78	2156	2	1	2	1	0	0	1	16	1	1	18	31744	960	0	2	0	960
78	2161	2	1	2	1	0	0	1	16	1	1	18	31744	960	0	2	0	960
78	2162	2	1	2	1	0	0	1	16	1	1	18	31744	960	0	2	0	960
78	2164	2	1	2	1	0	0	1	16	1	1	18	31744	960	0	2	0	960
78	2168	2	1	2	1	0	0	1	16	1	1	18	31744	960	0	2	0	960
78	2183	2	1	2	1	0	0	1	16	1	1	18	31744	960	0	2	0	960
78	2187	2	1	2	1	0	0	1	16	1	1	18	31744	960	0	2	0	960
78	2189	2	1	2	1	0	0	1	16	1	1	18	31744	960	0	2	0	960
78	2190	2	1	2	1	0	0	1	16	1	1	18	31744	960	0	2	0	960
78	2195	2	1	2	1	0	0	1	16	1	1	18	31744	960	0	2	0	960
78	2197	2	1	2	1	0	0	1	16	1	1	18	31744	960	0	2	0	960
78	2198	2	1	2	1	0	0	1	16	1	1	18	31744	960	0	2	0	960
78	2201	2	1	2	1	0	0	1	16	1	1	18	31744	960	0	2	0	960
78	2202	2	1	2	1	0	0	1	16	1	1	18	31744	960	0	2	0	960
78	2204	2	1	2	1	0	0	1	16	1	1	18	31744	960	0	2	0	960
78	2211	2	1	2	1	0	0	1	16	1	1	18	31744	960	0	2	0	960
78	2213	2	1	2	1	0	0	1	16	1	1	18	31744	960	0	2	0	960
78	2214	2	1	2	1	0	0	1	16	1	1	18	31744	960	0	2	0	960
78	2217	2	1	2	1	0	0	1	16	1	1	18	31744	960	0	2	0	960
78	2218	2	1	2	1	0	0	1	16	1	1	18	31744	960	0	2	0	960
78	2220	2	1	2	1	0	0	1	16	1	1	18	31744	960	0	2	0	960
78	2225	2	1	2	1	0	0	1	16	1	1	18	31744	960	0	2	0	960
78	2226	2	1	2	1	0	0	1	16	1	1	18	31744	960	0	2	0	960
78	2228	2	1	2	1	0	0	1	16	1	1	18	31744	960	0	2	0	960
78	2232	2	1	2	1	0	0	1	16	1	1	18	31744	960	0	2	0	960
78	2243	2	5	2	1	0	0	2	14	3	2	18	29632	944	0	2	0	896,912,928,944,960
78	2245	2	5	2	1	0	0	2	14	3	2	18	29632	944	0	2	0	896,912,928,944,960
78	2246	2	5	2	1	0	0	2	14	3	2	18	29632	944	0	2	0	896,912,928,944,960
78	2249	2	5	2	1	0	0	2	14	3	2	18	29632	944	0	2	0	896,912,928,944,960
78	2250	2	5	2	1	0	0	2	14	3	2	18	29632	944	0	2	0	896,912,928,944,960
78	2252	2	5	2	1	0	0	2	14	3	2	18	29632	944	0	2	0	896,912,928,944,960
78	2257	2	5	2	1	0	0	2	14	3	2	18	29632	944	0	2	0	896,912,928,944,960
78	2258	2	5	2	1	0	0	2	14	3	2	18	29632	944	0	2	0	896,912,928,944,960
78	2260	2	5	2	1	0	0	2	14	3	2	18	29632	944	0	2	0	896,912,928,944,960
78	2264	2	5	2	1	0	0	2	14	3	2	18	29632	944	0	2	0	896,912,928,944,960
78	2273	2	5	2	1	0	0	2	14	3	2	18	29632	944	0	2	0	896,912,928,944,960
78	2274	2	5	2	1	0	0	2	14	3	2	18	29632	944	0	2	0	896,912,928,944,960
78	2276	2	5	2	1	0	0	2	14	3	2	18	29632	944	0	2	0	896,912,928,944,960
78	2280	2	5	2	1	0	0	2	14	3	2	18	29632	944	0	2	0	896,912,928,944,960
78	2288	2	5	2	1	0	0	2	14	3	2	18	29632	944	0	2	0	896,912,928,944,960
78	2311	2	1	2	1	0	0	1	16	1	1	18	31744	960	0	2	0	960
78	2315	2	1	2	1	0	0	1	16	1	1	18	31744	960	0	2	0	960
78	2317	2	1	2	1	0	0	1	16	1	1	18	31744	960	0	2	0	960
78	2318	2	1	2	1	0	0	1	16	1	1	18	31744	960	0	2	0	960
78	2323	2	1	2	1	0	0	1	16	1	1	18	31744	960	0	2	0	960
78	2325	2	1	2	1	0	0	1	16	1	1	18	31744	960	0	2	0	960
78	2326	2	1	2	1	0	0	1	16	1	1	18	31744	960	0	2	0	960
78	2329	2	1	2	1	0	0	1	16	1	1	18	31744	960	0	2	0	960
78	2330	2	1	2	1	0	0	1	16	1	1	18	31744	960	0	2	0	960
78	2332	2	1	2	1	0	0	1	16	1	1	18	31744	960	0	2	0	960
78	2339	2	1	2	1	0	0	1	16	1	1	18	31744	960	0	2	0	960
78	2341	2	1	2	1	0	0	1	16	1	1	18	31744	960	0	2	0	960
78	2342	2	1	2	1	0	0	1	16	1	1	18	31744	960	0	2	0	960
78	2345	2	1	2	1	0	0	1	16	1	1	18	31744	960	0	2	0	960
78	2346	2	1	2	1	0	0	1	16	1	1	18	31744	960	0	2	0	960
78	2348	2	1	2	1	0	0	1	16	1	1	18	31744	960	0	2	0	960
78	2353	2	1	2	1	0	0	1	16	1	1	18	31744	960	0	2	0	960
78	2354	2	1	2	1	0	0	1	16	1	1	18	31744	960	0	2	0	960
78	2356	2	1	2	1	0	0	1	16	1	1	18	31744	960	0	2	0	960
78	2360	2	1	2	1	0	0	1	16	1	1	18	31744	960	0	2	0	960
78	2371	2	5	2	1	0	0	2	14	3	2	18	29632	944	0	2	0	896,912,928,944,960
78	2373	2	5	2	1	0	0	2	14	3	2	18	29632	944	0	2	0	896,912,928,944,960
78	2374	2	5	2	1	0	0	2	14	3	2	18	29632	944	0	2	0	896,912,928,944,960
78	2377	2	5	2	1	0	0	2	14	3	2	18	29632	944	0	2	0	896,912,928,944,960
78	2378	2	5	2	1	0	0	2	14	3	2	18	29632	944	0	2	0	896,912,928,944,960
78	2380	2	5	2	1	0	0	2	14	3	2	18	29632	944	0	2	0	896,912,928,944,960
78	2385	2	5	2	1	0	0	2	14	3	2	18	29632	944	0	2	0	896,912,928,944,960
78	2386	2	5	2	1	0	0	2	14	3	2	18	29632	944	0	2	0	896,912,928,944,960
78	2388	2	5	2	1	0	0	2	14	3	2	18	29632	944	0	2	0	896,912,928,944,960
78	2392	2	5	2	1	0	0	2	14	3	2	18	29632	944	0	2	0	896,912,928,944,960
78	2401	2	5	2	1	0	0	2	14	3	2	18	29632	944	0	2	0	896,912,928,944,960
78	2402	2	5	2	1	0	0	2	14	3	2	18	29632	944	0	2	0	896,912,928,944,960
78	2404	2	5	2	1	0	0	2	14	3	2	18	29632	944	0	2	0	896,912,928,944,960
78	2408	2	5	2	1	0	0	2	14	3	2	18	29632	944	0	2	0	896,912,928,944,960
78	2416	2	5	2	1	0	0	2	14	3	2	18	29632	944	0	2	0	896,912,928,944,960
78	2435	2	5	2	1	0	0	2	14	3	2	18	29632	944	0	2	0	896,912,928,944,960
78	2437	2	5	2	1	0	0	2	14	3	2	18	29632	944	0	2	0	896,912,928,944,960
78	2438	2	5	2	1	0	0	2	14	3	2	18	29632	944	0	2	0	896,912,928,944,960
78	2441	2	5	2	1	0	0	2	14	3	2	18	29632	944	0	2	0	896,912,928,944,960
78	2442	2	5	2	1	0	0	2	14	3	2	18	29632	944	0	2	0	896,912,928,944,960
78	2444	2	5	2	1	0	0	2	14	3	2	18	29632	944	0	2	0	896,912,928,944,960
78	2449	2	5	2	1	0	0	2	14	3	2	18	29632	944	0	2	0	896,912,928,944,960
78	2450	2	5	2	1	0	0	2	14	3	2	18	29632	944	0	2	0	896,912,928,944,960
78	2452	2	5	2	1	0	0	2	14	3	2	18	29632	944	0	2	0	896,912,928,944,960
78	2456	2	5	2	1	0	0	2	14	3	2	18	29632	944	0	2	0	896,912,928,944,960
78	2465	2	5	2	1	0	0	2	14	3	2	18	29632	944	0	2	0	896,912,928,944,960
78	2466	2	5	2	1	0	0	2	14	3	2	18	29632	944	0	2	0	896,912,928,944,960
78	2468	2	5	2	1	0	0	2	14	3	2	18	29632	944	0	2	0	896,912,928,944,960
78	2472	2	5	2	1	0	0	2	14	3	2	18	29632	944	0	2	0	896,912,928,944,960
78	2480	2	5	2	1	0	0	2	14	3	2	18	29632	944	0	2	0	896,912,928,944,960
78	2497	1	2	3	1	0	0	1	12	11	3	18	29632	928	0	3	0	896,928
78	2498	1	2	3	1	0	0	1	12	11	3	18	29632	928	0	3	0	896,928
78	2500	1	2	3	1	0	0	1	12	11	3	18	29632	928	0	3	0	896,928
78	2504	1	2	3	1	0	0	1	12	11	3	18	29632	928	0	3	0	896,928
78	2512	1	2	3	1	0	0	1	12	11	3	18	29632	928	0	3	0	896,928
78	2528	1	2	3	1	0	0	1	12	11	3	18	29632	928	0	3	0	896,928
78	2567	2	1	2	1	0	0	1	16	1	1	18	31744	960	0	2	0	960
78	2571	2	1	2	1	0	0	1	16	1	1	18	31744	960	0	2	0	960
78	2573	2	1	2	1	0	0	1	16	1	1	18	31744	960	0	2	0	960
78	2574	2	1	2	1	0	0	1	16	1	1	18	31744	960	0	2	0	960
78	2579	2	1	2	1	0	0	1	16	1	1	18	31744	960	0	2	0	960
78	2581	2	1	2	1	0	0	1	16	1	1	18	31744	960	0	2	0	960
78	2582	2	1	2	1	0	0	1	16	1	1	18	31744	960	0	2	0	960
78	2585	2	1	2	1	0	0	1	16	1	1	18	31744	960	0	2	0	960
78	2586	2	1	2	1	0	0	1	16	1	1	18	31744	960	0	2	0	960
78	2588	2	1	2	1	0	0	1	16	1	1	18	31744	960	0	2	0	960
78	2595	2	1	2	1	0	0	1	16	1	1	18	31744	960	0	2	0	960
78	2597	2	1	2	1	0	0	1	16	1	1	18	31744	960	0	2	0	960
78	2598	2	1	2	1	0	0	1	16	1	1	18	31744	960	0	2	0	960
78	2601	2	1	2	1	0	0	1	16	1	1	18	31744	960	0	2	0	960
78	2602	2	1	2	1	0	0	1	16	1	1	18	31744	960	0	2	0	960
78	2604	2	1	2	1	0	0	1	16	1	1	18	31744	960	0	2	0	960
78	2609	2	1	2	1	0	0	1	16	1	1	18	31744	960	0	2	0	960
78	2610	2	1	2	1	0	0	1	16	1	1	18	31744	960	0	2	0	960
78	2612	2	1	2	1	0	0	1	16	1	1	18	31744	960	0	2	0	960
78	2616	2	1	2	1	0	0	1	16	1	1	18	31744	960	0	2	0	960
78	2627	2	5	2	1	0	0	2	14	3	2	18	29632	944	0	2	0	896,912,928,944,960
78	2629	2	5	2	1	0	0	2	14	3	2	18	29632	944	0	2	0	896,912,928,944,960
78	2630	2	5	2	1	0	0	2	14	3	2	18	29632	944	0	2	0	896,912,928,944,960
78	2633	2	5	2	1	0	0	2	14	3	2	18	29632	944	0	2	0	896,912,928,944,960
78	2634	2	5	2	1	0	0	2	14	3	2	18	29632	944	0	2	0	896,912,928,944,960
78	2636	2	5	2	1	0	0	2	14	3	2	18	29632	944	0	2	0	896,912,928,944,960
78	2641	2	5	2	1	0	0	2	14	3	2	18	29632	944	0	2	0	896,912,928,944,960
78	2642	2	5	2	1	0	0	2	14	3	2	18	29632	944	0	2	0	896,912,928,944,960
78	2644	2	5	2	1	0	0	2	14	3	2	18	29632	944	0	2	0	896,912,928,944,960
78	2648	2	5	2	1	0	0	2	14	3	2	18	29632	944	0	2	0	896,912,928,944,960
78	2657	2	5	2	1	0	0	2	14	3	2	18	29632	944	0	2	0	896,912,928,944,960
78	2658	2	5	2	1	0	0	2	14	3	2	18	29632	944	0	2	0	896,912,928,944,960
78	2660	2	5	2	1	0	0	2	14	3	2	18	29632	944	0	2	0	896,912,928,944,960
78	2664	2	5	2	1	0	0	2	14	3	2	18	29632	944	0	2	0	896,912,928,944,960
78	2672	2	5	2	1	0	0	2	14	3	2	18	29632	944	0	2	0	896,912,928,944,960
78	2691	2	5	2	1	0	0	2	14	3	2	18	29632	944	0	2	0	896,912,928,944,960
78	2693	2	5	2	1	0	0	2	14	3	2	18	29632	944	0	2	0	896,912,928,944,960
78	2694	2	5	2	1	0	0	2	14	3	2	18	29632	944	0	2	0	896,912,928,944,960
78	2697	2	5	2	1	0	0	2	14	3	2	18	29632	944	0	2	0	896,912,928,944,960
78	2698	2	5	2	1	0	0	2	14	3	2	18	29632	944	0	2	0	896,912,928,944,960
78	2700	2	5	2	1	0	0	2	14	3	2	18	29632	944	0	2	0	896,912,928,944,960
78	2705	2	5	2	1	0	0	2	14	3	2	18	29632	944	0	2	0	896,912,928,944,960
78	2706	2	5	2	1	0	0	2	14	3	2	18	29632	944	0	2	0	896,912,928,944,960
78	2708	2	5	2	1	0	0	2	14	3	2	18	29632	944	0	2	0	896,912,928,944,960
78	2712	2	5	2	1	0	0	2	14	3	2	18	29632	944	0	2	0	896,912,928,944,960
78	2721	2	5	2	1	0	0	2	14	3	2	18	29632	944	0	2	0	896,912,928,944,960
78	2722	2	5	2	1	0	0	2	14	3	2	18	29632	944	0	2	0	896,912,928,944,960
78	2724	2	5	2	1	0	0	2	14	3	2	18	29632	944	0	2	0	896,912,928,944,960
78	2728	2	5	2	1	0	0	2	14	3	2	18	29632	944	0	2	0	896,912,928,944,960
78	2736	2	5	2	1	0	0	2	14	3	2	18	29632	944	0	2	0	896,912,928,944,960
78	2753	1	2	3	1	0	0	1	12	11	3	18	29632	928	0	3	0	896,928
78	2754	1	2	3	1	0	0	1	12	11	3	18	29632	928	0	3	0	896,928
78	2756	1	2	3	1	0	0	1	12	11	3	18	29632	928	0	3	0	896,928
78	2760	1	2	3	1	0	0	1	12	11	3	18	29632	928	0	3	0	896,928
78	2768	1	2	3	1	0	0	1	12	11	3	18	29632	928	0	3	0	896,928
78	2784	1	2	3	1	0	0	1	12	11	3	18	29632	928	0	3	0	896,928
78	2819	2	5	2	1	0	0	2	14	3	2	18	29632	944	0	2	0	896,912,928,944,960
78	2821	2	5	2	1	0	0	2	14	3	2	18	29632	944	0	2	0	896,912,928,944,960
78	2822	2	5	2	1	0	0	2	14	3	2	18	29632	944	0	2	0	896,912,928,944,960
78	2825	2	5	2	1	0	0	2	14	3	2	18	29632	944	0	2	0	896,912,928,944,960
78	2826	2	5	2	1	0	0	2	14	3	2	18	29632	944	0	2	0	896,912,928,944,960
78	2828	2	5	2	1	0	0	2	14	3	2	18	29632	944	0	2	0	896,912,928,944,960
78	2833	2	5	2	1	0	0	2	14	3	2	18	29632	944	0	2	0	896,912,928,944,960
78	2834	2	5	2	1	0	0	2	14	3	2	18	29632	944	0	2	0	896,912,928,944,960
78	2836	2	5	2	1	0	0	2	14	3	2	18	29632	944	0	2	0	896,912,928,944,960
78	2840	2	5	2	1	0	0	2	14	3	2	18	29632	944	0	2	0	896,912,928,944,960
78	2849	2	5	2	1	0	0	2	14	3	2	18	29632	944	0	2	0	896,912,928,944,960
78	2850	2	5	2	1	0	0	2	14	3	2	18	29632	944	0	2	0	896,912,928,944,960
78	2852	2	5	2	1	0	0	2	14	3	2	18	29632	944	0	2	0	896,912,928,944,960
78	2856	2	5	2	1	0	0	2	14	3	2	18	29632	944	0	2	0	896,912,928,944,960
78	2864	2	5	2	1	0	0	2	14	3	2	18	29632	944	0	2	0	896,912,928,944,960
78	2881	1	2	3	1	0	0	1	12	11	3	18	29632	928	0	3	0	896,928
78	2882	1	2	3	1	0	0	1	12	11	3	18	29632	928	0	3	0	896,928
78	2884	1	2	3	1	0	0	1	12	11	3	18	29632	928	0	3	0	896,928
78	2888	1	2	3	1	0	0	1	12	11	3	18	29632	928	0	3	0	896,928
78	2896	1	2	3	1	0	0	1	12	11	3	18	29632	928	0	3	0	896,928
78	2912	1	2	3	1	0	0	1	12	11	3	18	29632	928	0	3	0	896,928
78	2945	1	2	3	1	0	0	1	12	11	3	18	29632	928	0	3	0	896,928
78	2946	1	2	3	1	0	0	1	12	11	3	18	29632	928	0	3	0	896,928
78	2948	1	2	3	1	0	0	1	12	11	3	18	29632	928	0	3	0	896,928
78	2952	1	2	3	1	0	0	1	12	11	3	18	29632	928	0	3	0	896,928
78	2960	1	2	3	1	0	0	1	12	11	3	18	29632	928	0	3	0	896,928
78	2976	1	2	3	1	0	0	1	12	11	3	18	29632	928	0	3	0	896,928
78	3008	0	1	4	1	0	0	1	10	75	4	18	29632	896	0	4	0	896
78	3079	0	1	4	1	0	0	1	21	0	0	21	31744	896	0	4	0	896
78	3083	0	1	4	1	0	0	1	21	0	0	21	31744	896	0	4	0	896
78	3085	0	1	4	1	0	0	1	21	0	0	21	31744	896	0	4	0	896
78	3086	0	1	4	1	0	0	1	21	0	0	21	31744	896	0	4	0	896
78	3091	0	1	4	1	0	0	1	21	0	0	21	31744	896	0	4	0	896
78	3093	0	1	4	1	0	0	1	21	0	0	21	31744	896	0	4	0	896
78	3094	0	1	4	1	0	0	1	21	0	0	21	31744	896	0	4	0	896
78	3097	0	1	4	1	0	0	1	21	0	0	21	31744	896	0	4	0	896
78	3098	0	1	4	1	0	0	1	21	0	0	21	31744	896	0	4	0	896
78	3100	0	1	4	1	0	0	1	21	0	0	21	31744	896	0	4	0	896
78	3107	0	1	4	1	0	0	1	21	0	0	21	31744	896	0	4	0	896
78	3109	0	1	4	1	0	0	1	21	0	0	21	31744	896	0	4	0	896
78	3110	0	1	4	1	0	0	1	21	0	0	21	31744	896	0	4	0	896
78	3113	0	1	4	1	0	0	1	21	0	0	21	31744	896	0	4	0	896
78	3114	0	1	4	1	0	0	1	21	0	0	21	31744	896	0	4	0	896
78	3116	0	1	4	1	0	0	1	21	0	0	21	31744	896	0	4	0	896
78	3121	0	1	4	1	0	0	1	21	0	0	21	31744	896	0	4	0	896
78	3122	0	1	4	1	0	0	1	21	0	0	21	31744	896	0	4	0	896
78	3124	0	1	4	1	0	0	1	21	0	0	21	31744	896	0	4	0	896
78	3128	0	1	4	1	0	0	1	21	0	0	21	31744	896	0	4	0	896
78	3139	0	1	4	1	0	0	1	17	3	2	21	31744	896	0	4	0	896
78	3141	0	1	4	1	0	0	1	17	3	2	21	31744	896	0	4	0	896
78	3142	0	1	4	1	0	0	1	17	3	2	21	31744	896	0	4	0	896
78	3145	0	1	4	1	0	0	1	17	3	2	21	31744	896	0	4	0	896
78	3146	0	1	4	1	0	0	1	17	3	2	21	31744	896	0	4	0	896
78	3148	0	1	4	1	0	0	1	17	3	2	21	31744	896	0	4	0	896
78	3153	0	1	4	1	0	0	1	17	3	2	21	31744	896	0	4	0	896
78	3154	0	1	4	1	0	0	1	17	3	2	21	31744	896	0	4	0	896
78	3156	0	1	4	1	0	0	1	17	3	2	21	31744	896	0	4	0	896
78	3160	0	1	4	1	0	0	1	17	3	2	21	31744	896	0	4	0	896
78	3169	0	1	4	1	0	0	1	17	3	2	21	31744	896	0	4	0	896
78	3170	0	1	4	1	0	0	1	17	3	2	21	31744	896	0	4	0	896
78	3172	0	1	4	1	0	0	1	17	3	2	21	31744	896	0	4	0	896
78	3176	0	1	4	1	0	0	1	17	3	2	21	31744	896	0	4	0	896
78	3184	0	1	4	1	0	0	1	17	3	2	21	31744	896	0	4	0	896
78	3203	0	1	4	1	0	0	1	17	3	2	21	31744	896	0	4	0	896
78	3205	0	1	4	1	0	0	1	17	3	2	21	31744	896	0	4	0	896
78	3206	0	1	4	1	0	0	1	17	3	2	21	31744	896	0	4	0	896
78	3209	0	1	4	1	0	0	1	17	3	2	21	31744	896	0	4	0	896
78	3210	0	1	4	1	0	0	1	17	3	2	21	31744	896	0	4	0	896
78	3212	0	1	4	1	0	0	1	17	3	2	21	31744	896	0	4	0	896
78	3217	0	1	4	1	0	0	1	17	3	2	21	31744	896	0	4	0	896
78	3218	0	1	4	1	0	0	1	17	3	2	21	31744	896	0	4	0	896
78	3220	0	1	4	1	0	0	1	17	3	2	21	31744	896	0	4	0	896
78	3224	0	1	4	1	0	0	1	17	3	2	21	31744	896	0	4	0	896
78	3233	0	1	4	1	0	0	1	17	3	2	21	31744	896	0	4	0	896
78	3234	0	1	4	1	0	0	1	17	3	2	21	31744	896	0	4	0	896
78	3236	0	1	4	1	0	0	1	17	3	2	21	31744	896	0	4	0	896
78	3240	0	1	4	1	0	0	1	17	3	2	21	31744	896	0	4	0	896
78	3248	0	1	4	1	0	0	1	17	3	2	21	31744	896	0	4	0	896
78	3265	0	1	4	1	0	0	1	13	30	4	21	31744	896	0	4	0	896
78	3266	0	1	4	1	0	0	1	13	30	4	21	31744	896	0	4	0	896
78	3268	0	1	4	1	0	0	1	13	30	4	21	31744	896	0	4	0	896
78	3272	0	1	4	1	0	0	1	13	30	4	21	31744	896	0	4	0	896
78	3280	0	1	4	1	0	0	1	13	30	4	21	31744	896	0	4	0	896
78	3296	0	1	4	1	0	0	1	13	30	4	21	31744	896	0	4	0	896
78	3331	0	1	4	1	0	0	1	17	3	2	21	31744	896	0	4	0	896
78	3333	0	1	4	1	0	0	1	17	3	2	21	31744	896	0	4	0	896
78	3334	0	1	4	1	0	0	1	17	3	2	21	31744	896	0	4	0	896
78	3337	0	1	4	1	0	0	1	17	3	2	21	31744	896	0	4	0	896
78	3338	0	1	4	1	0	0	1	17	3	2	21	31744	896	0	4	0	896
78	3340	0	1	4	1	0	0	1	17	3	2	21	31744	896	0	4	0	896
78	3345	0	1	4	1	0	0	1	17	3	2	21	31744	896	0	4	0	896
78	3346	0	1	4	1	0	0	1	17	3	2	21	31744	896	0	4	0	896
78	3348	0	1	4	1	0	0	1	17	3	2	21	31744	896	0	4	0	896
78	3352	0	1	4	1	0	0	1	17	3	2	21	31744	896	0	4	0	896
78	3361	0	1	4	1	0	0	1	17	3	2	21	31744	896	0	4	0	896
78	3362	0	1	4	1	0	0	1	17	3	2	21	31744	896	0	4	0	896
78	3364	0	1	4	1	0	0	1	17	3	2	21	31744	896	0	4	0	896
78	3368	0	1	4	1	0	0	1	17	3	2	21	31744	896	0	4	0	896
78	3376	0	1	4	1	0	0	1	17	3	2	21	31744	896	0	4	0	896
78	3393	0	1	4	1	0	0	1	13	30	4	21	31744	896	0	4	0	896
78	3394	0	1	4	1	0	0	1	13	30	4	21	31744	896	0	4	0	896
78	3396	0	1	4	1	0	0	1	13	30	4	21	31744	896	0	4	0	896
78	3400	0	1	4	1	0	0	1	13	30	4	21	31744	896	0	4	0	896
78	3408	0	1	4	1	0	0	1	13	30	4	21	31744	896	0	4	0	896
78	3424	0	1	4	1	0	0	1	13	30	4	21	31744	896	0	4	0	896
78	3457	0	1	4	1	0	0	1	13	30	4	21	31744	896	0	4	0	896
78	3458	0	1	4	1	0	0	1	13	30	4	21	31744	896	0	4	0	896
78	3460	0	1	4	1	0	0	1	13	30	4	21	31744	896	0	4	0	896
78	3464	0	1	4	1	0	0	1	13	30	4	21	31744	896	0	4	0	896
78	3472	0	1	4	1	0	0	1	13	30	4	21	31744	896	0	4	0	896
78	3488	0	1	4	1	0	0	1	13	30	4	21	31744	896	0	4	0	896
78	3520	0	1	4	1	0	0	1	9	222	6	21	31744	896	0	4	0	896
78	3587	0	1	4	1	0	0	1	17	3	2	21	31744	896	0	4	0	896
78	3589	0	1	4	1	0	0	1	17	3	2	21	31744	896	0	4	0	896
78	3590	0	1	4	1	0	0	1	17	3	2	21	31744	896	0	4	0	896
78	3593	0	1	4	1	0	0	1	17	3	2	21	31744	896	0	4	0	896
78	3594	0	1	4	1	0	0	1	17	3	2	21	31744	896	0	4	0	896
78	3596	0	1	4	1	0	0	1	17	3	2	21	31744	896	0	4	0	896
78	3601	0	1	4	1	0	0	1	17	3	2	21	31744	896	0	4	0	896
78	3602	0	1	4	1	0	0	1	17	3	2	21	31744	896	0	4	0	896
78	3604	0	1	4	1	0	0	1	17	3	2	21	31744	896	0	4	0	896
78	3608	0	1	4	1	0	0	1	17	3	2	21	31744	896	0	4	0	896
78	3617	0	1	4	1	0	0	1	17	3	2	21	31744	896	0	4	0	896
78	3618	0	1	4	1	0	0	1	17	3	2	21	31744	896	0	4	0	896
78	3620	0	1	4	1	0	0	1	17	3	2	21	31744	896	0	4	0	896
78	3624	0	1	4	1	0	0	1	17	3	2	21	31744	896	0	4	0	896
78	3632	0	1	4	1	0	0	1	17	3	2	21	31744	896	0	4	0	896
78	3649	0	1	4	1	0	0	1	13	30	4	21	31744	896	0	4	0	896
78	3650	0	1	4	1	0	0	1	13	30	4	21	31744	896	0	4	0	896
78	3652	0	1	4	1	0	0	1	13	30	4	21	31744	896	0	4	0	896
78	3656	0	1	4	1	0	0	1	13	30	4	21	31744	896	0	4	0	896
78	3664	0	1	4	1	0	0	1	13	30	4	21	31744	896	0	4	0	896
78	3680	0	1	4	1	0	0	1	13	30	4	21	31744	896	0	4	0	896
78	3713	0	1	4	1	0	0	1	13	30	4	21	31744	896	0	4	0	896
78	3714	0	1	4	1	0	0	1	13	30	4	21	31744	896	0	4	0	896
78	3716	0	1	4	1	0	0	1	13	30	4	21	31744	896	0	4	0	896
78	3720	0	1	4	1	0	0	1	13	30	4	21	31744	896	0	4	0	896
78	3728	0	1	4	1	0	0	1	13	30	4	21	31744	896	0	4	0	896
78	3744	0	1	4	1	0	0	1	13	30	4	21	31744	896	0	4	0	896
78	3776	0	1	4	1	0	0	1	9	222	6	21	31744	896	0	4	0	896
78	3841	0	1	4	1	0	0	1	13	30	4	21	31744	896	0	4	0	896
78	3842	0	1	4	1	0	0	1	13	30	4	21	31744	896	0	4	0	896
78	3844	0	1	4	1	0	0	1	13	30	4	21	31744	896	0	4	0	896
78	3848	0	1	4	1	0	0	1	13	30	4	21	31744	896	0	4	0	896
78	3856	0	1	4	1	0	0	1	13	30	4	21	31744	896	0	4	0	896
78	3872	0	1	4	1	0	0	1	13	30	4	21	31744	896	0	4	0	896
78	3904	0	1	4	1	0	0	1	9	222	6	21	31744	896	0	4	0	896
78	3968	0	1	4	1	0	0	1	9	222	6	21	31744	896	0	4	0	896
78	4111	2	5	2	1	0	0	1	12	75	4	20	31744	960	0	2	0	316,318,704,706,960
78	4119	2	5	2	1	0	0	1	12	75	4	20	31744	960	0	2	0	316,318,704,706,960
78	4123	2	5	2	1	0	0	1	12	75	4	20	31744	960	0	2	0	316,318,704,706,960
78	4125	2	5	2	1	0	0	1	12	75	4	20	31744	960	0	2	0	316,318,704,706,960
78	4126	2	5	2	1	0	0	1	12	75	4	20	31744	960	0	2	0	316,318,704,706,960
78	4135	2	5	2	1	0	0	1	12	75	4	20	31744	960	0	2	0	316,318,704,706,960
78	4139	2	5	2	1	0	0	1	12	75	4	20	31744	960	0	2	0	316,318,704,706,960
78	4141	2	5	2	1	0	0	1	12	75	4	20	31744	960	0	2	0	316,318,704,706,960
78	4142	2	5	2	1	0	0	1	12	75	4	20	31744	960	0	2	0	316,318,704,706,960
78	4147	2	5	2	1	0	0	1	12	75	4	20	31744	960	0	2	0	316,318,704,706,960
78	4149	2	5	2	1	0	0	1	12	75	4	20	31744	960	0	2	0	316,318,704,706,960
78	4150	2	5	2	1	0	0	1	12	75	4	20	31744	960	0	2	0	316,318,704,706,960
78	4153	2	5	2	1	0	0	1	12	75	4	20	31744	960	0	2	0	316,318,704,706,960
78	4154	2	5	2	1	0	0	1	12	75	4	20	31744	960	0	2	0	316,318,704,706,960
78	4156	2	5	2	1	0	0	1	12	75	4	20	31744	960	0	2	0	316,318,704,706,960
78	4167	2	1	2	1	0	0	1	14	11	3	20	31744	960	0	2	0	960
78	4171	2	1	2	1	0	0	1	14	11	3	20	31744	960	0	2	0	960
78	4173	2	1	2	1	0	0	1	14	11	3	20	31744	960	0	2	0	960
78	4174	2	1	2	1	0	0	1	14	11	3	20	31744	960	0	2	0	960
78	4179	2	1	2	1	0	0	1	14	11	3	20	31744	960	0	2	0	960
78	4181	2	1	2	1	0	0	1	14	11	3	20	31744	960	0	2	0	960
78	4182	2	1	2	1	0	0	1	14	11	3	20	31744	960	0	2	0	960
78	4185	2	1	2	1	0	0	1	14	11	3	20	31744	960	0	2	0	960
78	4186	2	1	2	1	0	0	1	14	11	3	20	31744	960	0	2	0	960
78	4188	2	1	2	1	0	0	1	14	11	3	20	31744	960	0	2	0	960
78	4195	2	1	2	1	0	0	1	14	11	3	20	31744	960	0	2	0	960
78	4197	2	1	2	1	0	0	1	14	11	3	20	31744	960	0	2	0	960
78	4198	2	1	2	1	0	0	1	14	11	3	20	31744	960	0	2	0	960
78	4201	2	1	2	1	0	0	1	14	11	3	20	31744	960	0	2	0	960
78	4202	2	1	2	1	0	0	1	14	11	3	20	31744	960	0	2	0	960
78	4204	2	1	2	1	0	0	1	14	11	3	20	31744	960	0	2	0	960
78	4209	2	1	2	1	0	0	1	14	11	3	20	31744	960	0	2	0	960
78	4210	2	1	2	1	0	0	1	14	11	3	20	31744	960	0	2	0	960
78	4212	2	1	2	1	0	0	1	14	11	3	20	31744	960	0	2	0	960
78	4216	2	1	2	1	0	0	1	14	11	3	20	31744	960	0	2	0	960
78	4231	2	1	2	1	0	0	1	14	11	3	20	31744	960	0	2	0	960
78	4235	2	1	2	1	0	0	1	14	11	3	20	31744	960	0	2	0	960
78	4237	2	1	2	1	0	0	1	14	11	3	20	31744	960	0	2	0	960
78	4238	2	1	2	1	0	0	1	14	11	3	20	31744	960	0	2	0	960
78	4243	2	1	2	1	0	0	1	14	11	3	20	31744	960	0	2	0	960
78	4245	2	1	2	1	0	0	1	14	11	3	20	31744	960	0	2	0	960
78	4246	2	1	2	1	0	0	1	14	11	3	20	31744	960	0	2	0	960
78	4249	2	1	2	1	0	0	1	14	11	3	20	31744	960	0	2	0	960
78	4250	2	1	2	1	0	0	1	14	11	3	20	31744	960	0	2	0	960
78	4252	2	1	2	1	0	0	1	14	11	3	20	31744	960	0	2	0	960
78	4259	2	1	2	1	0	0	1	14	11	3	20	31744	960	0	2	0	960
78	4261	2	1	2	1	0	0	1	14	11	3	20	31744	960	0	2	0	960
78	4262	2	1	2	1	0	0	1	14	11	3	20	31744	960	0	2	0	960
78	4265	2	1	2	1	0	0	1	14	11	3	20	31744	960	0	2	0	960
78	4266	2	1	2	1	0	0	1	14	11	3	20	31744	960	0	2	0	960
78	4268	2	1	2	1	0	0	1	14	11	3	20	31744	960	0	2	0	960
78	4273	2	1	2	1	0	0	1	14	11	3	20	31744	960	0	2	0	960
78	4274	2	1	2	1	0	0	1	14	11	3	20	31744	960	0	2	0	960
78	4276	2	1	2	1	0	0	1	14	11	3	20	31744	960	0	2	0	960
78	4280	2	1	2	1	0	0	1	14	11	3	20	31744	960	0	2	0	960
78	4291	2	2	2	1	0	0	2	16	3	2	20	29632	816	0	2	0	816,960
78	4293	2	2	2	1	0	0	2	16	3	2	20	29632	816	0	2	0	816,960
78	4294	2	2	2	1	0	0	2	16	3	2	20	29632	816	0	2	0	816,960
78	4297	2	2	2	1	0	0	2	16	3	2	20	29632	816	0	2	0	816,960
78	4298	2	2	2	1	0	0	2	16	3	2	20	29632	816	0	2	0	816,960
78	4300	2	2	2	1	0	0	2	16	3	2	20	29632	816	0	2	0	816,960
78	4305	2	2	2	1	0	0	2	16	3	2	20	29632	816	0	2	0	816,960
78	4306	2	2	2	1	0	0	2	16	3	2	20	29632	816	0	2	0	816,960
78	4308	2	2	2	1	0	0	2	16	3	2	20	29632	816	0	2	0	816,960
78	4312	2	2	2	1	0	0	2	16	3	2	20	29632	816	0	2	0	816,960
78	4321	2	2	2	1	0	0	2	16	3	2	20	29632	816	0	2	0	816,960
78	4322	2	2	2	1	0	0	2	16	3	2	20	29632	816	0	2	0	816,960
78	4324	2	2	2	1	0	0	2	16	3	2	20	29632	816	0	2	0	816,960
78	4328	2	2	2	1	0	0	2	16	3	2	20	29632	816	0	2	0	816,960
78	4336	2	2	2	1	0	0	2	16	3	2	20	29632	816	0	2	0	816,960
78	4359	2	1	2	1	0	0	1	14	11	3	20	31744	960	0	2	0	960
78	4363	2	1	2	1	0	0	1	14	11	3	20	31744	960	0	2	0	960
78	4365	2	1	2	1	0	0	1	14	11	3	20	31744	960	0	2	0	960
78	4366	2	1	2	1	0	0	1	14	11	3	20	31744	960	0	2	0	960
78	4371	2	1	2	1	0	0	1	14	11	3	20	31744	960	0	2	0	960
78	4373	2	1	2	1	0	0	1	14	11	3	20	31744	960	0	2	0	960
78	4374	2	1	2	1	0	0	1	14	11	3	20	31744	960	0	2	0	960
78	4377	2	1	2	1	0	0	1	14	11	3	20	31744	960	0	2	0	960
78	4378	2	1	2	1	0	0	1	14	11	3	20	31744	960	0	2	0	960
78	4380	2	1	2	1	0	0	1	14	11	3	20	31744	960	0	2	0	960
78	4387	2	1	2	1	0	0	1	14	11	3	20	31744	960	0	2	0	960
78	4389	2	1	2	1	0	0	1	14	11	3	20	31744	960	0	2	0	960
78	4390	2	1	2	1	0	0	1	14	11	3	20	31744	960	0	2	0	960
78	4393	2	1	2	1	0	0	1	14	11	3	20	31744	960	0	2	0	960
78	4394	2	1	2	1	0	0	1	14	11	3	20	31744	960	0	2	0	960
78	4396	2	1	2	1	0	0	1	14	11	3	20	31744	960	0	2	0	960
78	4401	2	1	2	1	0	0	1	14	11	3	20	31744	960	0	2	0	960
78	4402	2	1	2	1	0	0	1	14	11	3	20	31744	960	0	2	0	960
78	4404	2	1	2	1	0	0	1	14	11	3	20	31744	960	0	2	0	960
78	4408	2	1	2	1	0	0	1	14	11	3	20	31744	960	0	2	0	960
78	4419	2	2	2	1	0	0	2	16	3	2	20	29632	816	0	2	0	816,960
78	4421	2	2	2	1	0	0	2	16	3	2	20	29632	816	0	2	0	816,960
78	4422	2	2	2	1	0	0	2	16	3	2	20	29632	816	0	2	0	816,960
78	4425	2	2	2	1	0	0	2	16	3	2	20	29632	816	0	2	0	816,960
78	4426	2	2	2	1	0	0	2	16	3	2	20	29632	816	0	2	0	816,960
78	4428	2	2	2	1	0	0	2	16	3	2	20	29632	816	0	2	0	816,960
78	4433	2	2	2	1	0	0	2	16	3	2	20	29632	816	0	2	0	816,960
78	4434	2	2	2	1	0	0	2	16	3	2	20	29632	816	0	2	0	816,960
78	4436	2	2	2	1	0	0	2	16	3	2	20	29632	816	0	2	0	816,960
78	4440	2	2	2	1	0	0	2	16	3	2	20	29632	816	0	2	0	816,960
78	4449	2	2	2	1	0	0	2	16	3	2	20	29632	816	0	2	0	816,960
78	4450	2	2	2	1	0	0	2	16	3	2	20	29632	816	0	2	0	816,960
78	4452	2	2	2	1	0	0	2	16	3	2	20	29632	816	0	2	0	816,960
78	4456	2	2	2	1	0	0	2	16	3	2	20	29632	816	0	2	0	816,960
78	4464	2	2	2	1	0	0	2	16	3	2	20	29632	816	0	2	0	816,960
78	4483	2	2	2	1	0	0	2	16	3	2	20	29632	816	0	2	0	816,960
78	4485	2	2	2	1	0	0	2	16	3	2	20	29632	816	0	2	0	816,960
78	4486	2	2	2	1	0	0	2	16	3	2	20	29632	816	0	2	0	816,960
78	4489	2	2	2	1	0	0	2	16	3	2	20	29632	816	0	2	0	816,960
78	4490	2	2	2	1	0	0	2	16	3	2	20	29632	816	0	2	0	816,960
78	4492	2	2	2	1	0	0	2	16	3	2	20	29632	816	0	2	0	816,960
78	4497	2	2	2	1	0	0	2	16	3	2	20	29632	816	0	2	0	816,960
78	4498	2	2	2	1	0	0	2	16	3	2	20	29632	816	0	2	0	816,960
78	4500	2	2	2	1	0	0	2	16	3	2	20	29632	816	0	2	0	816,960
78	4504	2	2	2	1	0	0	2	16	3	2	20	29632	816	0	2	0	816,960
78	4513	2	2	2	1	0	0	2	16	3	2	20	29632	816	0	2	0	816,960
78	4514	2	2	2	1	0	0	2	16	3	2	20	29632	816	0	2	0	816,960
78	4516	2	2	2	1	0	0	2	16	3	2	20	29632	816	0	2	0	816,960
78	4520	2	2	2	1	0	0	2	16	3	2	20	29632	816	0	2	0	816,960
78	4528	2	2	2	1	0	0	2	16	3	2	20	29632	816	0	2	0	816,960
78	4545	1	1	3	1	0	0	1	18	1	1	20	29632	800	0	3	0	800
78	4546	1	1	3	1	0	0	1	18	1	1	20	29632	800	0	3	0	800
78	4548	1	1	3	1	0	0	1	18	1	1	20	29632	800	0	3	0	800
78	4552	1	1	3	1	0	0	1	18	1	1	20	29632	800	0	3	0	800
78	4560	1	1	3	1	0	0	1	18	1	1	20	29632	800	0	3	0	800
78	4576	1	1	3	1	0	0	1	18	1	1	20	29632	800	0	3	0	800
78	4615	2	1	2	1	0	0	1	14	11	3	20	31744	960	0	2	0	960
78	4619	2	1	2	1	0	0	1	14	11	3	20	31744	960	0	2	0	960
78	4621	2	1	2	1	0	0	1	14	11	3	20	31744	960	0	2	0	960
78	4622	2	1	2	1	0	0	1	14	11	3	20	31744	960	0	2	0	960
78	4627	2	1	2	1	0	0	1	14	11	3	20	31744	960	0	2	0	960
78	4629	2	1	2	1	0	0	1	14	11	3	20	31744	960	0	2	0	960
78	4630	2	1	2	1	0	0	1	14	11	3	20	31744	960	0	2	0	960
78	4633	2	1	2	1	0	0	1	14	11	3	20	31744	960	0	2	0	960
78	4634	2	1	2	1	0	0	1	14	11	3	20	31744	960	0	2	0	960
78	4636	2	1	2	1	0	0	1	14	11	3	20	31744	960	0	2	0	960
78	4643	2	1	2	1	0	0	1	14	11	3	20	31744	960	0	2	0	960
78	4645	2	1	2	1	0	0	1	14	11	3	20	31744	960	0	2	0	960
78	4646	2	1	2	1	0	0	1	14	11	3	20	31744	960	0	2	0	960
78	4649	2	1	2	1	0	0	1	14	11	3	20	31744	960	0	2	0	960
78	4650	2	1	2	1	0	0	1	14	11	3	20	31744	960	0	2	0	960
78	4652	2	1	2	1	0	0	1	14	11	3	20	31744	960	0	2	0	960
78	4657	2	1	2	1	0	0	1	14	11	3	20	31744	960	0	2	0	960
78	4658	2	1	2	1	0	0	1	14	11	3	20	31744	960	0	2	0	960
78	4660	2	1	2	1	0	0	1	14	11	3	20	31744	960	0	2	0	960
78	4664	2	1	2	1	0	0	1	14	11	3	20	31744	960	0	2	0	960
78	4675	2	2	2	1	0	0	2	16	3	2	20	29632	816	0	2	0	816,960
78	4677	2	2	2	1	0	0	2	16	3	2	20	29632	816	0	2	0	816,960
78	4678	2	2	2	1	0	0	2	16	3	2	20	29632	816	0	2	0	816,960
78	4681	2	2	2	1	0	0	2	16	3	2	20	29632	816	0	2	0	816,960
78	4682	2	2	2	1	0	0	2	16	3	2	20	29632	816	0	2	0	816,960
78	4684	2	2	2	1	0	0	2	16	3	2	20	29632	816	0	2	0	816,960
78	4689	2	2	2	1	0	0	2	16	3	2	20	29632	816	0	2	0	816,960
78	4690	2	2	2	1	0	0	2	16	3	2	20	29632	816	0	2	0	816,960
78	4692	2	2	2	1	0	0	2	16	3	2	20	29632	816	0	2	0	816,960
78	4696	2	2	2	1	0	0	2	16	3	2	20	29632	816	0	2	0	816,960
78	4705	2	2	2	1	0	0	2	16	3	2	20	29632	816	0	2	0	816,960
78	4706	2	2	2	1	0	0	2	16	3	2	20	29632	816	0	2	0	816,960
78	4708	2	2	2	1	0	0	2	16	3	2	20	29632	816	0	2	0	816,960
78	4712	2	2	2	1	0	0	2	16	3	2	20	29632	816	0	2	0	816,960
78	4720	2	2	2	1	0	0	2	16	3	2	20	29632	816	0	2	0	816,960
78	4739	2	2	2	1	0	0	2	16	3	2	20	29632	816	0	2	0	816,960
78	4741	2	2	2	1	0	0	2	16	3	2	20	29632	816	0	2	0	816,960
78	4742	2	2	2	1	0	0	2	16	3	2	20	29632	816	0	2	0	816,960
78	4745	2	2	2	1	0	0	2	16	3	2	20	29632	816	0	2	0	816,960
78	4746	2	2	2	1	0	0	2	16	3	2	20	29632	816	0	2	0	816,960
78	4748	2	2	2	1	0	0	2	16	3	2	20	29632	816	0	2	0	816,960
78	4753	2	2	2	1	0	0	2	16	3	2	20	29632	816	0	2	0	816,960
78	4754	2	2	2	1	0	0	2	16	3	2	20	29632	816	0	2	0	816,960
78	4756	2	2	2	1	0	0	2	16	3	2	20	29632	816	0	2	0	816,960
78	4760	2	2	2	1	0	0	2	16	3	2	20	29632	816	0	2	0	816,960
78	4769	2	2	2	1	0	0	2	16	3	2	20	29632	816	0	2	0	816,960
78	4770	2	2	2	1	0	0	2	16	3	2	20	29632	816	0	2	0	816,960
78	4772	2	2	2	1	0	0	2	16	3	2	20	29632	816	0	2	0	816,960
78	4776	2	2	2	1	0	0	2	16	3	2	20	29632	816	0	2	0	816,960
78	4784	2	2	2	1	0	0	2	16	3	2	20	29632	816	0	2	0	816,960
78	4801	1	1	3	1	0	0	1	18	1	1	20	29632	800	0	3	0	800
78	4802	1	1	3	1	0	0	1	18	1	1	20	29632	800	0	3	0	800
78	4804	1	1	3	1	0	0	1	18	1	1	20	29632	800	0	3	0	800
78	4808	1	1	3	1	0	0	1	18	1	1	20	29632	800	0	3	0	800
78	4816	1	1	3	1	0	0	1	18	1	1	20	29632	800	0	3	0	800
78	4832	1	1	3	1	0	0	1	18	1	1	20	29632	800	0	3	0	800
78	4867	2	2	2	1	0	0	2	16	3	2	20	29632	816	0	2	0	816,960
78	4869	2	2	2	1	0	0	2	16	3	2	20	29632	816	0	2	0	816,960
78	4870	2	2	2	1	0	0	2	16	3	2	20	29632	816	0	2	0	816,960
78	4873	2	2	2	1	0	0	2	16	3	2	20	29632	816	0	2	0	816,960
78	4874	2	2	2	1	0	0	2	16	3	2	20	29632	816	0	2	0	816,960
78	4876	2	2	2	1	0	0	2	16	3	2	20	29632	816	0	2	0	816,960
78	4881	2	2	2	1	0	0	2	16	3	2	20	29632	816	0	2	0	816,960
78	4882	2	2	2	1	0	0	2	16	3	2	20	29632	816	0	2	0	816,960
78	4884	2	2	2	1	0	0	2	16	3	2	20	29632	816	0	2	0	816,960
78	4888	2	2	2	1	0	0	2	16	3	2	20	29632	816	0	2	0	816,960
78	4897	2	2	2	1	0	0	2	16	3	2	20	29632	816	0	2	0	816,960
78	4898	2	2	2	1	0	0	2	16	3	2	20	29632	816	0	2	0	816,960
78	4900	2	2	2	1	0	0	2	16	3	2	20	29632	816	0	2	0	816,960
78	4904	2	2	2	1	0	0	2	16	3	2	20	29632	816	0	2	0	816,960
78	4912	2	2	2	1	0	0	2	16	3	2	20	29632	816	0	2	0	816,960
78	4929	1	1	3	1	0	0	1	18	1	1	20	29632	800	0	3	0	800
78	4930	1	1	3	1	0	0	1	18	1	1	20	29632	800	0	3	0	800
78	4932	1	1	3	1	0	0	1	18	1	1	20	29632	800	0	3	0	800
78	4936	1	1	3	1	0	0	1	18	1	1	20	29632	800	0	3	0	800
78	4944	1	1	3	1	0	0	1	18	1	1	20	29632	800	0	3	0	800
78	4960	1	1	3	1	0	0	1	18	1	1	20	29632	800	0	3	0	800
78	4993	1	1	3	1	0	0	1	18	1	1	20	29632	800	0	3	0	800
78	4994	1	1	3	1	0	0	1	18	1	1	20	29632	800	0	3	0	800
78	4996	1	1	3	1	0	0	1	18	1	1	20	29632	800	0	3	0	800
78	5000	1	1	3	1	0	0	1	18	1	1	20	29632	800	0	3	0	800
78	5008	1	1	3	1	0	0	1	18	1	1	20	29632	800	0	3	0	800
78	5024	1	1	3	1	0	0	1	18	1	1	20	29632	800	0	3	0	800
78	5056	0	1	4	1	0	0	1	20	0	0	20	29632	768	0	4	0	768
78	5127	1	1	3	1	0	0	1	15	75	4	23	31744	896	0	3	0	896
78	5131	1	1	3	1	0	0	1	15	75	4	23	31744	896	0	3	0	896
78	5133	1	1	3	1	0	0	1	15	75	4	23	31744	896	0	3	0	896
78	5134	1	1	3	1	0	0	1	15	75	4	23	31744	896	0	3	0	896
78	5139	1	1	3	1	0	0	1	15	75	4	23	31744	896	0	3	0	896
78	5141	1	1	3	1	0	0	1	15	75	4	23	31744	896	0	3	0	896
78	5142	1	1	3	1	0	0	1	15	75	4	23	31744	896	0	3	0	896
78	5145	1	1	3	1	0	0	1	15	75	4	23	31744	896	0	3	0	896
78	5146	1	1	3	1	0	0	1	15	75	4	23	31744	896	0	3	0	896
78	5148	1	1	3	1	0	0	1	15	75	4	23	31744	896	0	3	0	896
78	5155	1	1	3	1	0	0	1	15	75	4	23	31744	896	0	3	0	896
78	5157	1	1	3	1	0	0	1	15	75	4	23	31744	896	0	3	0	896
78	5158	1	1	3	1	0	0	1	15	75	4	23	31744	896	0	3	0	896
78	5161	1	1	3	1	0	0	1	15	75	4	23	31744	896	0	3	0	896
78	5162	1	1	3	1	0	0	1	15	75	4	23	31744	896	0	3	0	896
78	5164	1	1	3	1	0	0	1	15	75	4	23	31744	896	0	3	0	896
78	5169	1	1	3	1	0	0	1	15	75	4	23	31744	896	0	3	0	896
78	5170	1	1	3	1	0	0	1	15	75	4	23	31744	896	0	3	0	896
78	5172	1	1	3	1	0	0	1	15	75	4	23	31744	896	0	3	0	896
78	5176	1	1	3	1	0	0	1	15	75	4	23	31744	896	0	3	0	896
78	5187	1	1	3	1	0	0	1	15	77	4	23	31744	896	0	3	0	896
78	5189	1	1	3	1	0	0	1	15	77	4	23	31744	896	0	3	0	896
78	5190	1	1	3	1	0	0	1	15	77	4	23	31744	896	0	3	0	896
78	5193	1	1	3	1	0	0	1	15	77	4	23	31744	896	0	3	0	896
78	5194	1	1	3	1	0	0	1	15	77	4	23	31744	896	0	3	0	896
78	5196	1	1	3	1	0	0	1	15	77	4	23	31744	896	0	3	0	896
78	5201	1	1	3	1	0	0	1	15	77	4	23	31744	896	0	3	0	896
78	5202	1	1	3	1	0	0	1	15	77	4	23	31744	896	0	3	0	896
78	5204	1	1	3	1	0	0	1	15	77	4	23	31744	896	0	3	0	896
78	5208	1	1	3	1	0	0	1	15	77	4	23	31744	896	0	3	0	896
78	5217	1	1	3	1	0	0	1	15	77	4	23	31744	896	0	3	0	896
78	5218	1	1	3	1	0	0	1	15	77	4	23	31744	896	0	3	0	896
78	5220	1	1	3	1	0	0	1	15	77	4	23	31744	896	0	3	0	896
78	5224	1	1	3	1	0	0	1	15	77	4	23	31744	896	0	3	0	896
78	5232	1	1	3	1	0	0	1	15	77	4	23	31744	896	0	3	0	896
78	5251	1	1	3	1	0	0	1	15	77	4	23	31744	896	0	3	0	896
78	5253	1	1	3	1	0	0	1	15	77	4	23	31744	896	0	3	0	896
78	5254	1	1	3	1	0	0	1	15	77	4	23	31744	896	0	3	0	896
78	5257	1	1	3	1	0	0	1	15	77	4	23	31744	896	0	3	0	896
78	5258	1	1	3	1	0	0	1	15	77	4	23	31744	896	0	3	0	896
78	5260	1	1	3	1	0	0	1	15	77	4	23	31744	896	0	3	0	896
78	5265	1	1	3	1	0	0	1	15	77	4	23	31744	896	0	3	0	896
78	5266	1	1	3	1	0	0	1	15	77	4	23	31744	896	0	3	0	896
78	5268	1	1	3	1	0	0	1	15	77	4	23	31744	896	0	3	0	896
78	5272	1	1	3	1	0	0	1	15	77	4	23	31744	896	0	3	0	896
78	5281	1	1	3	1	0	0	1	15	77	4	23	31744	896	0	3	0	896
78	5282	1	1	3	1	0	0	1	15	77	4	23	31744	896	0	3	0	896
78	5284	1	1	3	1	0	0	1	15	77	4	23	31744	896	0	3	0	896
78	5288	1	1	3	1	0	0	1	15	77	4	23	31744	896	0	3	0	896
78	5296	1	1	3	1	0	0	1	15	77	4	23	31744	896	0	3	0	896
78	5313	1	1	3	1	0	0	1	15	77	4	23	31744	896	0	3	0	896
78	5314	1	1	3	1	0	0	1	15	77	4	23	31744	896	0	3	0	896
78	5316	1	1	3	1	0	0	1	15	77	4	23	31744	896	0	3	0	896
78	5320	1	1	3	1	0	0	1	15	77	4	23	31744	896	0	3	0	896
78	5328	1	1	3	1	0	0	1	15	77	4	23	31744	896	0	3	0	896
78	5344	1	1	3	1	0	0	1	15	77	4	23	31744	896	0	3	0	896
78	5379	1	1	3	1	0	0	1	15	77	4	23	31744	896	0	3	0	896
78	5381	1	1	3	1	0	0	1	15	77	4	23	31744	896	0	3	0	896
78	5382	1	1	3	1	0	0	1	15	77	4	23	31744	896	0	3	0	896
78	5385	1	1	3	1	0	0	1	15	77	4	23	31744	896	0	3	0	896
78	5386	1	1	3	1	0	0	1	15	77	4	23	31744	896	0	3	0	896
78	5388	1	1	3	1	0	0	1	15	77	4	23	31744	896	0	3	0	896
78	5393	1	1	3	1	0	0	1	15	77	4	23	31744	896	0	3	0	896
78	5394	1	1	3	1	0	0	1	15	77	4	23	31744	896	0	3	0	896
78	5396	1	1	3	1	0	0	1	15	77	4	23	31744	896	0	3	0	896
78	5400	1	1	3	1	0	0	1	15	77	4	23	31744	896	0	3	0	896
78	5409	1	1	3	1	0	0	1	15	77	4	23	31744	896	0	3	0	896
78	5410	1	1	3	1	0	0	1	15	77	4	23	31744	896	0	3	0	896
78	5412	1	1	3	1	0	0	1	15	77	4	23	31744	896	0	3	0	896
78	5416	1	1	3	1	0	0	1	15	77	4	23	31744	896	0	3	0	896
78	5424	1	1	3	1	0	0	1	15	77	4	23	31744	896	0	3	0	896
78	5441	1	1	3	1	0	0	1	15	77	4	23	31744	896	0	3	0	896
78	5442	1	1	3	1	0	0	1	15	77	4	23	31744	896	0	3	0	896
78	5444	1	1	3	1	0	0	1	15	77	4	23	31744	896	0	3	0	896
78	5448	1	1	3	1	0	0	1	15	77	4	23	31744	896	0	3	0	896
78	5456	1	1	3	1	0	0	1	15	77	4	23	31744	896	0	3	0	896
78	5472	1	1	3	1	0	0	1	15	77	4	23	31744	896	0	3	0	896
78	5505	1	1	3	1	0	0	1	15	77	4	23	31744	896	0	3	0	896
78	5506	1	1	3	1	0	0	1	15	77	4	23	31744	896	0	3	0	896
78	5508	1	1	3	1	0	0	1	15	77	4	23	31744	896	0	3	0	896
78	5512	1	1	3	1	0	0	1	15	77	4	23	31744	896	0	3	0	896
78	5520	1	1	3	1	0	0	1	15	77	4	23	31744	896	0	3	0	896
78	5536	1	1	3	1	0	0	1	15	77	4	23	31744	896	0	3	0	896
78	5568	1	3	3	1	0	0	2	15	75	4	23	29632	832	0	3	0	768,832,896
78	5635	1	1	3	1	0	0	1	15	77	4	23	31744	896	0	3	0	896
78	5637	1	1	3	1	0	0	1	15	77	4	23	31744	896	0	3	0	896
78	5638	1	1	3	1	0	0	1	15	77	4	23	31744	896	0	3	0	896
78	5641	1	1	3	1	0	0	1	15	77	4	23	31744	896	0	3	0	896
78	5642	1	1	3	1	0	0	1	15	77	4	23	31744	896	0	3	0	896
78	5644	1	1	3	1	0	0	1	15	77	4	23	31744	896	0	3	0	896
78	5649	1	1	3	1	0	0	1	15	77	4	23	31744	896	0	3	0	896
78	5650	1	1	3	1	0	0	1	15	77	4	23	31744	896	0	3	0	896
78	5652	1	1	3	1	0	0	1	15	77	4	23	31744	896	0	3	0	896
78	5656	1	1	3	1	0	0	1	15	77	4	23	31744	896	0	3	0	896
78	5665	1	1	3	1	0	0	1	15	77	4	23	31744	896	0	3	0	896
78	5666	1	1	3	1	0	0	1	15	77	4	23	31744	896	0	3	0	896
78	5668	1	1	3	1	0	0	1	15	77	4	23	31744	896	0	3	0	896
78	5672	1	1	3	1	0	0	1	15	77	4	23	31744	896	0	3	0	896
78	5680	1	1	3	1	0	0	1	15	77	4	23	31744	896	0	3	0	896
78	5697	1	1	3	1	0	0	1	15	77	4	23	31744	896	0	3	0	896
78	5698	1	1	3	1	0	0	1	15	77	4	23	31744	896	0	3	0	896
78	5700	1	1	3	1	0	0	1	15	77	4	23	31744	896	0	3	0	896
78	5704	1	1	3	1	0	0	1	15	77	4	23	31744	896	0	3	0	896
78	5712	1	1	3	1	0	0	1	15	77	4	23	31744	896	0	3	0	896
78	5728	1	1	3	1	0	0	1	15	77	4	23	31744	896	0	3	0	896
78	5761	1	1	3	1	0	0	1	15	77	4	23	31744	896	0	3	0	896
78	5762	1	1	3	1	0	0	1	15	77	4	23	31744	896	0	3	0	896
78	5764	1	1	3	1	0	0	1	15	77	4	23	31744	896	0	3	0	896
78	5768	1	1	3	1	0	0	1	15	77	4	23	31744	896	0	3	0	896
78	5776	1	1	3	1	0	0	1	15	77	4	23	31744	896	0	3	0	896
78	5792	1	1	3	1	0	0	1	15	77	4	23	31744	896	0	3	0	896
78	5824	1	3	3	1	0	0	2	15	75	4	23	29632	832	0	3	0	768,832,896
78	5889	1	1	3	1	0	0	1	15	77	4	23	31744	896	0	3	0	896
78	5890	1	1	3	1	0	0	1	15	77	4	23	31744	896	0	3	0	896
78	5892	1	1	3	1	0	0	1	15	77	4	23	31744	896	0	3	0	896
78	5896	1	1	3	1	0	0	1	15	77	4	23	31744	896	0	3	0	896
78	5904	1	1	3	1	0	0	1	15	77	4	23	31744	896	0	3	0	896
78	5920	1	1	3	1	0	0	1	15	77	4	23	31744	896	0	3	0	896
78	5952	1	3	3	1	0	0	2	15	75	4	23	29632	832	0	3	0	768,832,896
78	6016	1	3	3	1	0	0	2	15	75	4	23	29632	832	0	3	0	768,832,896
78	6151	1	1	3	1	0	0	1	15	75	4	23	31744	896	0	3	0	896
78	6155	1	1	3	1	0	0	1	15	75	4	23	31744	896	0	3	0	896
78	6157	1	1	3	1	0	0	1	15	75	4	23	31744	896	0	3	0	896
78	6158	1	1	3	1	0	0	1	15	75	4	23	31744	896	0	3	0	896
78	6163	1	1	3	1	0	0	1	15	75	4	23	31744	896	0	3	0	896
78	6165	1	1	3	1	0	0	1	15	75	4	23	31744	896	0	3	0	896
78	6166	1	1	3	1	0	0	1	15	75	4	23	31744	896	0	3	0	896
78	6169	1	1	3	1	0	0	1	15	75	4	23	31744	896	0	3	0	896
78	6170	1	1	3	1	0	0	1	15	75	4	23	31744	896	0	3	0	896
78	6172	1	1	3	1	0	0	1	15	75	4	23	31744	896	0	3	0	896
78	6179	1	1	3	1	0	0	1	15	75	4	23	31744	896	0	3	0	896
78	6181	1	1	3	1	0	0	1	15	75	4	23	31744	896	0	3	0	896
78	6182	1	1	3	1	0	0	1	15	75	4	23	31744	896	0	3	0	896
78	6185	1	1	3	1	0	0	1	15	75	4	23	31744	896	0	3	0	896
78	6186	1	1	3	1	0	0	1	15	75	4	23	31744	896	0	3	0	896
78	6188	1	1	3	1	0	0	1	15	75	4	23	31744	896	0	3	0	896
78	6193	1	1	3	1	0	0	1	15	75	4	23	31744	896	0	3	0	896
78	6194	1	1	3	1	0	0	1	15	75	4	23	31744	896	0	3	0	896
78	6196	1	1	3	1	0	0	1	15	75	4	23	31744	896	0	3	0	896
78	6200	1	1	3	1	0	0	1	15	75	4	23	31744	896	0	3	0	896
78	6211	1	1	3	1	0	0	1	15	77	4	23	31744	896	0	3	0	896
78	6213	1	1	3	1	0	0	1	15	77	4	23	31744	896	0	3	0	896
78	6214	1	1	3	1	0	0	1	15	77	4	23	31744	896	0	3	0	896
78	6217	1	1	3	1	0	0	1	15	77	4	23	31744	896	0	3	0	896
78	6218	1	1	3	1	0	0	1	15	77	4	23	31744	896	0	3	0	896
78	6220	1	1	3	1	0	0	1	15	77	4	23	31744	896	0	3	0	896
78	6225	1	1	3	1	0	0	1	15	77	4	23	31744	896	0	3	0	896
78	6226	1	1	3	1	0	0	1	15	77	4	23	31744	896	0	3	0	896
78	6228	1	1	3	1	0	0	1	15	77	4	23	31744	896	0	3	0	896
78	6232	1	1	3	1	0	0	1	15	77	4	23	31744	896	0	3	0	896
78	6241	1	1	3	1	0	0	1	15	77	4	23	31744	896	0	3	0	896
78	6242	1	1	3	1	0	0	1	15	77	4	23	31744	896	0	3	0	896
78	6244	1	1	3	1	0	0	1	15	77	4	23	31744	896	0	3	0	896
78	6248	1	1	3	1	0	0	1	15	77	4	23	31744	896	0	3	0	896
78	6256	1	1	3	1	0	0	1	15	77	4	23	31744	896	0	3	0	896
78	6275	1	1	3	1	0	0	1	15	77	4	23	31744	896	0	3	0	896
78	6277	1	1	3	1	0	0	1	15	77	4	23	31744	896	0	3	0	896
78	6278	1	1	3	1	0	0	1	15	77	4	23	31744	896	0	3	0	896
78	6281	1	1	3	1	0	0	1	15	77	4	23	31744	896	0	3	0	896
78	6282	1	1	3	1	0	0	1	15	77	4	23	31744	896	0	3	0	896
78	6284	1	1	3	1	0	0	1	15	77	4	23	31744	896	0	3	0	896
78	6289	1	1	3	1	0	0	1	15	77	4	23	31744	896	0	3	0	896
78	6290	1	1	3	1	0	0	1	15	77	4	23	31744	896	0	3	0	896
78	6292	1	1	3	1	0	0	1	15	77	4	23	31744	896	0	3	0	896
78	6296	1	1	3	1	0	0	1	15	77	4	23	31744	896	0	3	0	896
78	6305	1	1	3	1	0	0	1	15	77	4	23	31744	896	0	3	0	896
78	6306	1	1	3	1	0	0	1	15	77	4	23	31744	896	0	3	0	896
78	6308	1	1	3	1	0	0	1	15	77	4	23	31744	896	0	3	0	896
78	6312	1	1	3	1	0	0	1	15	77	4	23	31744	896	0	3	0	896
78	6320	1	1	3	1	0	0	1	15	77	4	23	31744	896	0	3	0	896
78	6337	1	1	3	1	0	0	1	15	77	4	23	31744	896	0	3	0	896
78	6338	1	1	3	1	0	0	1	15	77	4	23	31744	896	0	3	0	896
78	6340	1	1	3	1	0	0	1	15	77	4	23	31744	896	0	3	0	896
78	6344	1	1	3	1	0	0	1	15	77	4	23	31744	896	0	3	0	896
78	6352	1	1	3	1	0	0	1	15	77	4	23	31744	896	0	3	0	896
78	6368	1	1	3	1	0	0	1	15	77	4	23	31744	896	0	3	0	896
78	6403	1	1	3	1	0	0	1	15	77	4	23	31744	896	0	3	0	896
78	6405	1	1	3	1	0	0	1	15	77	4	23	31744	896	0	3	0	896
78	6406	1	1	3	1	0	0	1	15	77	4	23	31744	896	0	3	0	896
78	6409	1	1	3	1	0	0	1	15	77	4	23	31744	896	0	3	0	896
78	6410	1	1	3	1	0	0	1	15	77	4	23	31744	896	0	3	0	896
78	6412	1	1	3	1	0	0	1	15	77	4	23	31744	896	0	3	0	896
78	6417	1	1	3	1	0	0	1	15	77	4	23	31744	896	0	3	0	896
78	6418	1	1	3	1	0	0	1	15	77	4	23	31744	896	0	3	0	896
78	6420	1	1	3	1	0	0	1	15	77	4	23	31744	896	0	3	0	896
78	6424	1	1	3	1	0	0	1	15	77	4	23	31744	896	0	3	0	896
78	6433	1	1	3	1	0	0	1	15	77	4	23	31744	896	0	3	0	896
78	6434	1	1	3	1	0	0	1	15	77	4	23	31744	896	0	3	0	896
78	6436	1	1	3	1	0	0	1	15	77	4	23	31744	896	0	3	0	896
78	6440	1	1	3	1	0	0	1	15	77	4	23	31744	896	0	3	0	896
78	6448	1	1	3	1	0	0	1	15	77	4	23	31744	896	0	3	0	896
78	6465	1	1	3	1	0	0	1	15	77	4	23	31744	896	0	3	0	896
78	6466	1	1	3	1	0	0	1	15	77	4	23	31744	896	0	3	0	896
78	6468	1	1	3	1	0	0	1	15	77	4	23	31744	896	0	3	0	896
78	6472	1	1	3	1	0	0	1	15	77	4	23	31744	896	0	3	0	896
78	6480	1	1	3	1	0	0	1	15	77	4	23	31744	896	0	3	0	896
78	6496	1	1	3	1	0	0	1	15	77	4	23	31744	896	0	3	0	896
78	6529	1	1	3	1	0	0	1	15	77	4	23	31744	896	0	3	0	896
78	6530	1	1	3	1	0	0	1	15	77	4	23	31744	896	0	3	0	896
78	6532	1	1	3	1	0	0	1	15	77	4	23	31744	896	0	3	0	896
78	6536	1	1	3	1	0	0	1	15	77	4	23	31744	896	0	3	0	896
78	6544	1	1	3	1	0	0	1	15	77	4	23	31744	896	0	3	0	896
78	6560	1	1	3	1	0	0	1	15	77	4	23	31744	896	0	3	0	896
78	6592	1	3	3	1	0	0	2	15	75	4	23	29632	832	0	3	0	768,832,896
78	6659	1	1	3	1	0	0	1	15	77	4	23	31744	896	0	3	0	896
78	6661	1	1	3	1	0	0	1	15	77	4	23	31744	896	0	3	0	896
78	6662	1	1	3	1	0	0	1	15	77	4	23	31744	896	0	3	0	896
78	6665	1	1	3	1	0	0	1	15	77	4	23	31744	896	0	3	0	896
78	6666	1	1	3	1	0	0	1	15	77	4	23	31744	896	0	3	0	896
78	6668	1	1	3	1	0	0	1	15	77	4	23	31744	896	0	3	0	896
78	6673	1	1	3	1	0	0	1	15	77	4	23	31744	896	0	3	0	896
78	6674	1	1	3	1	0	0	1	15	77	4	23	31744	896	0	3	0	896
78	6676	1	1	3	1	0	0	1	15	77	4	23	31744	896	0	3	0	896
78	6680	1	1	3	1	0	0	1	15	77	4	23	31744	896	0	3	0	896
78	6689	1	1	3	1	0	0	1	15	77	4	23	31744	896	0	3	0	896
78	6690	1	1	3	1	0	0	1	15	77	4	23	31744	896	0	3	0	896
78	6692	1	1	3	1	0	0	1	15	77	4	23	31744	896	0	3	0	896
78	6696	1	1	3	1	0	0	1	15	77	4	23	31744	896	0	3	0	896
78	6704	1	1	3	1	0	0	1	15	77	4	23	31744	896	0	3	0	896
78	6721	1	1	3	1	0	0	1	15	77	4	23	31744	896	0	3	0	896
78	6722	1	1	3	1	0	0	1	15	77	4	23	31744	896	0	3	0	896
78	6724	1	1	3	1	0	0	1	15	77	4	23	31744	896	0	3	0	896
78	6728	1	1	3	1	0	0	1	15	77	4	23	31744	896	0	3	0	896
78	6736	1	1	3	1	0	0	1	15	77	4	23	31744	896	0	3	0	896
78	6752	1	1	3	1	0	0	1	15	77	4	23	31744	896	0	3	0	896
78	6785	1	1	3	1	0	0	1	15	77	4	23	31744	896	0	3	0	896
78	6786	1	1	3	1	0	0	1	15	77	4	23	31744	896	0	3	0	896
78	6788	1	1	3	1	0	0	1	15	77	4	23	31744	896	0	3	0	896
78	6792	1	1	3	1	0	0	1	15	77	4	23	31744	896	0	3	0	896
78	6800	1	1	3	1	0	0	1	15	77	4	23	31744	896	0	3	0	896
78	6816	1	1	3	1	0	0	1	15	77	4	23	31744	896	0	3	0	896
78	6848	1	3	3	1	0	0	2	15	75	4	23	29632	832	0	3	0	768,832,896
78	6913	1	1	3	1	0	0	1	15	77	4	23	31744	896	0	3	0	896
78	6914	1	1	3	1	0	0	1	15	77	4	23	31744	896	0	3	0	896
78	6916	1	1	3	1	0	0	1	15	77	4	23	31744	896	0	3	0	896
78	6920	1	1	3	1	0	0	1	15	77	4	23	31744	896	0	3	0	896
78	6928	1	1	3	1	0	0	1	15	77	4	23	31744	896	0	3	0	896
78	6944	1	1	3	1	0	0	1	15	77	4	23	31744	896	0	3	0	896
78	6976	1	3	3	1	0	0	2	15	75	4	23	29632	832	0	3	0	768,832,896
78	7040	1	3	3	1	0	0	2	15	75	4	23	29632	832	0	3	0	768,832,896
78	7171	0	1	4	1	0	0	1	18	75	4	26	31744	768	0	4	0	768
78	7173	0	1	4	1	0	0	1	18	75	4	26	31744	768	0	4	0	768
78	7174	0	1	4	1	0	0	1	18	75	4	26	31744	768	0	4	0	768
78	7177	0	1	4	1	0	0	1	18	75	4	26	31744	768	0	4	0	768
78	7178	0	1	4	1	0	0	1	18	75	4	26	31744	768	0	4	0	768
78	7180	0	1	4	1	0	0	1	18	75	4	26	31744	768	0	4	0	768
78	7185	0	1	4	1	0	0	1	18	75	4	26	31744	768	0	4	0	768
78	7186	0	1	4	1	0	0	1	18	75	4	26	31744	768	0	4	0	768
78	7188	0	1	4	1	0	0	1	18	75	4	26	31744	768	0	4	0	768
78	7192	0	1	4	1	0	0	1	18	75	4	26	31744	768	0	4	0	768
78	7201	0	1	4	1	0	0	1	18	75	4	26	31744	768	0	4	0	768
78	7202	0	1	4	1	0	0	1	18	75	4	26	31744	768	0	4	0	768
78	7204	0	1	4	1	0	0	1	18	75	4	26	31744	768	0	4	0	768
78	7208	0	1	4	1	0	0	1	18	75	4	26	31744	768	0	4	0	768
78	7216	0	1	4	1	0	0	1	18	75	4	26	31744	768	0	4	0	768
78	7233	0	1	4	1	0	0	1	16	94	5	26	31744	768	0	4	0	768
78	7234	0	1	4	1	0	0	1	16	94	5	26	31744	768	0	4	0	768
78	7236	0	1	4	1	0	0	1	16	94	5	26	31744	768	0	4	0	768
78	7240	0	1	4	1	0	0	1	16	94	5	26	31744	768	0	4	0	768
78	7248	0	1	4	1	0	0	1	16	94	5	26	31744	768	0	4	0	768
78	7264	0	1	4	1	0	0	1	16	94	5	26	31744	768	0	4	0	768
78	7297	0	1	4	1	0	0	1	16	94	5	26	31744	768	0	4	0	768
78	7298	0	1	4	1	0	0	1	16	94	5	26	31744	768	0	4	0	768
78	7300	0	1	4	1	0	0	1	16	94	5	26	31744	768	0	4	0	768
78	7304	0	1	4	1	0	0	1	16	94	5	26	31744	768	0	4	0	768
78	7312	0	1	4	1	0	0	1	16	94	5	26	31744	768	0	4	0	768
78	7328	0	1	4	1	0	0	1	16	94	5	26	31744	768	0	4	0	768
78	7360	0	1	4	1	0	0	1	14	222	6	26	31744	768	0	4	0	768
78	7425	0	1	4	1	0	0	1	16	94	5	26	31744	768	0	4	0	768
78	7426	0	1	4	1	0	0	1	16	94	5	26	31744	768	0	4	0	768
78	7428	0	1	4	1	0	0	1	16	94	5	26	31744	768	0	4	0	768
78	7432	0	1	4	1	0	0	1	16	94	5	26	31744	768	0	4	0	768
78	7440	0	1	4	1	0	0	1	16	94	5	26	31744	768	0	4	0	768
78	7456	0	1	4	1	0	0	1	16	94	5	26	31744	768	0	4	0	768
78	7488	0	1	4	1	0	0	1	14	222	6	26	31744	768	0	4	0	768
78	7552	0	1	4	1	0	0	1	14	222	6	26	31744	768	0	4	0	768
78	7681	0	1	4	1	0	0	1	16	94	5	26	31744	768	0	4	0	768
78	7682	0	1	4	1	0	0	1	16	94	5	26	31744	768	0	4	0	768
78	7684	0	1	4	1	0	0	1	16	94	5	26	31744	768	0	4	0	768
78	7688	0	1	4	1	0	0	1	16	94	5	26	31744	768	0	4	0	768
78	7696	0	1	4	1	0	0	1	16	94	5	26	31744	768	0	4	0	768
78	7712	0	1	4	1	0	0	1	16	94	5	26	31744	768	0	4	0	768
78	7744	0	1	4	1	0	0	1	14	222	6	26	31744	768	0	4	0	768
78	7808	0	1	4	1	0	0	1	14	222	6	26	31744	768	0	4	0	768
78	7936	0	1	4	1	0	0	1	14	222	6	26	31744	768	0	4	0	768
78	8207	2	5	2	1	0	0	1	12	75	4	20	31744	960	0	2	0	316,318,704,706,960
78	8215	2	5	2	1	0	0	1	12	75	4	20	31744	960	0	2	0	316,318,704,706,960
78	8219	2	5	2	1	0	0	1	12	75	4	20	31744	960	0	2	0	316,318,704,706,960
78	8221	2	5	2	1	0	0	1	12	75	4	20	31744	960	0	2	0	316,318,704,706,960
78	8222	2	5	2	1	0	0	1	12	75	4	20	31744	960	0	2	0	316,318,704,706,960
78	8231	2	5	2	1	0	0	1	12	75	4	20	31744	960	0	2	0	316,318,704,706,960
78	8235	2	5	2	1	0	0	1	12	75	4	20	31744	960	0	2	0	316,318,704,706,960
78	8237	2	5	2	1	0	0	1	12	75	4	20	31744	960	0	2	0	316,318,704,706,960
78	8238	2	5	2	1	0	0	1	12	75	4	20	31744	960	0	2	0	316,318,704,706,960
78	8243	2	5	2	1	0	0	1	12	75	4	20	31744	960	0	2	0	316,318,704,706,960
78	8245	2	5	2	1	0	0	1	12	75	4	20	31744	960	0	2	0	316,318,704,706,960
78	8246	2	5	2	1	0	0	1	12	75	4	20	31744	960	0	2	0	316,318,704,706,960
78	8249	2	5	2	1	0	0	1	12	75	4	20	31744	960	0	2	0	316,318,704,706,960
78	8250	2	5	2	1	0	0	1	12	75	4	20	31744	960	0	2	0	316,318,704,706,960
78	8252	2	5	2	1	0	0	1	12	75	4	20	31744	960	0	2	0	316,318,704,706,960
78	8263	2	1	2	1	0	0	1	14	11	3	20	31744	960	0	2	0	960
78	8267	2	1	2	1	0	0	1	14	11	3	20	31744	960	0	2	0	960
78	8269	2	1	2	1	0	0	1	14	11	3	20	31744	960	0	2	0	960
78	8270	2	1	2	1	0	0	1	14	11	3	20	31744	960	0	2	0	960
78	8275	2	1	2	1	0	0	1	14	11	3	20	31744	960	0	2	0	960
78	8277	2	1	2	1	0	0	1	14	11	3	20	31744	960	0	2	0	960
78	8278	2	1	2	1	0	0	1	14	11	3	20	31744	960	0	2	0	960
78	8281	2	1	2	1	0	0	1	14	11	3	20	31744	960	0	2	0	960
78	8282	2	1	2	1	0	0	1	14	11	3	20	31744	960	0	2	0	960
78	8284	2	1	2	1	0	0	1	14	11	3	20	31744	960	0	2	0	960
78	8291	2	1	2	1	0	0	1	14	11	3	20	31744	960	0	2	0	960
78	8293	2	1	2	1	0	0	1	14	11	3	20	31744	960	0	2	0	960
78	8294	2	1	2	1	0	0	1	14	11	3	20	31744	960	0	2	0	960
78	8297	2	1	2	1	0	0	1	14	11	3	20	31744	960	0	2	0	960
78	8298	2	1	2	1	0	0	1	14	11	3	20	31744	960	0	2	0	960
78	8300	2	1	2	1	0	0	1	14	11	3	20	31744	960	0	2	0	960
78	8305	2	1	2	1	0	0	1	14	11	3	20	31744	960	0	2	0	960
78	8306	2	1	2	1	0	0	1	14	11	3	20	31744	960	0	2	0	960
78	8308	2	1	2	1	0	0	1	14	11	3	20	31744	960	0	2	0	960
78	8312	2	1	2	1	0	0	1	14	11	3	20	31744	960	0	2	0	960
78	8327	2	1	2	1	0	0	1	14	11	3	20	31744	960	0	2	0	960
78	8331	2	1	2	1	0	0	1	14	11	3	20	31744	960	0	2	0	960
78	8333	2	1	2	1	0	0	1	14	11	3	20	31744	960	0	2	0	960
78	8334	2	1	2	1	0	0	1	14	11	3	20	31744	960	0	2	0	960
78	8339	2	1	2	1	0	0	1	14	11	3	20	31744	960	0	2	0	960
78	8341	2	1	2	1	0	0	1	14	11	3	20	31744	960	0	2	0	960
78	8342	2	1	2	1	0	0	1	14	11	3	20	31744	960	0	2	0	960
78	8345	2	1	2	1	0	0	1	14	11	3	20	31744	960	0	2	0	960
78	8346	2	1	2	1	0	0	1	14	11	3	20	31744	960	0	2	0	960
78	8348	2	1	2	1	0	0	1	14	11	3	20	31744	960	0	2	0	960
78	8355	2	1	2	1	0	0	1	14	11	3	20	31744	960	0	2	0	960
78	8357	2	1	2	1	0	0	1	14	11	3	20	31744	960	0	2	0	960
78	8358	2	1	2	1	0	0	1	14	11	3	20	31744	960	0	2	0	960
78	8361	2	1	2	1	0	0	1	14	11	3	20	31744	960	0	2	0	960
78	8362	2	1	2	1	0	0	1	14	11	3	20	31744	960	0	2	0	960
78	8364	2	1	2	1	0	0	1	14	11	3	20	31744	960	0	2	0	960
78	8369	2	1	2	1	0	0	1	14	11	3	20	31744	960	0	2	0	960
78	8370	2	1	2	1	0	0	1	14	11	3	20	31744	960	0	2	0	960
78	8372	2	1	2	1	0	0	1	14	11	3	20	31744	960	0	2	0	960
78	8376	2	1	2	1	0	0	1	14	11	3	20	31744	960	0	2	0	960
78	8387	2	2	2	1	0	0	2	16	3	2	20	29632	816	0	2	0	816,960
78	8389	2	2	2	1	0	0	2	16	3	2	20	29632	816	0	2	0	816,960
78	8390	2	2	2	1	0	0	2	16	3	2	20	29632	816	0	2	0	816,960
78	8393	2	2	2	1	0	0	2	16	3	2	20	29632	816	0	2	0	816,960
78	8394	2	2	2	1	0	0	2	16	3	2	20	29632	816	0	2	0	816,960
78	8396	2	2	2	1	0	0	2	16	3	2	20	29632	816	0	2	0	816,960
78	8401	2	2	2	1	0	0	2	16	3	2	20	29632	816	0	2	0	816,960
78	8402	2	2	2	1	0	0	2	16	3	2	20	29632	816	0	2	0	816,960
78	8404	2	2	2	1	0	0	2	16	3	2	20	29632	816	0	2	0	816,960
78	8408	2	2	2	1	0	0	2	16	3	2	20	29632	816	0	2	0	816,960
78	8417	2	2	2	1	0	0	2	16	3	2	20	29632	816	0	2	0	816,960
78	8418	2	2	2	1	0	0	2	16	3	2	20	29632	816	0	2	0	816,960
78	8420	2	2	2	1	0	0	2	16	3	2	20	29632	816	0	2	0	816,960
78	8424	2	2	2	1	0	0	2	16	3	2	20	29632	816	0	2	0	816,960
78	8432	2	2	2	1	0	0	2	16	3	2	20	29632	816	0	2	0	816,960
78	8455	2	1	2	1	0	0	1	14	11	3	20	31744	960	0	2	0	960
78	8459	2	1	2	1	0	0	1	14	11	3	20	31744	960	0	2	0	960
78	8461	2	1	2	1	0	0	1	14	11	3	20	31744	960	0	2	0	960
78	8462	2	1	2	1	0	0	1	14	11	3	20	31744	960	0	2	0	960
78	8467	2	1	2	1	0	0	1	14	11	3	20	31744	960	0	2	0	960
78	8469	2	1	2	1	0	0	1	14	11	3	20	31744	960	0	2	0	960
78	8470	2	1	2	1	0	0	1	14	11	3	20	31744	960	0	2	0	960
78	8473	2	1	2	1	0	0	1	14	11	3	20	31744	960	0	2	0	960
78	8474	2	1	2	1	0	0	1	14	11	3	20	31744	960	0	2	0	960
78	8476	2	1	2	1	0	0	1	14	11	3	20	31744	960	0	2	0	960
78	8483	2	1	2	1	0	0	1	14	11	3	20	31744	960	0	2	0	960
78	8485	2	1	2	1	0	0	1	14	11	3	20	31744	960	0	2	0	960
78	8486	2	1	2	1	0	0	1	14	11	3	20	31744	960	0	2	0	960
78	8489	2	1	2	1	0	0	1	14	11	3	20	31744	960	0	2	0	960
78	8490	2	1	2	1	0	0	1	14	11	3	20	31744	960	0	2	0	960
78	8492	2	1	2	1	0	0	1	14	11	3	20	31744	960	0	2	0	960
78	8497	2	1	2	1	0	0	1	14	11	3	20	31744	960	0	2	0	960
78	8498	2	1	2	1	0	0	1	14	11	3	20	31744	960	0	2	0	960
78	8500	2	1	2	1	0	0	1	14	11	3	20	31744	960	0	2	0	960
78	8504	2	1	2	1	0	0	1	14	11	3	20	31744	960	0	2	0	960
78	8515	2	2	2	1	0	0	2	16	3	2	20	29632	816	0	2	0	816,960
78	8517	2	2	2	1	0	0	2	16	3	2	20	29632	816	0	2	0	816,960
78	8518	2	2	2	1	0	0	2	16	3	2	20	29632	816	0	2	0	816,960
78	8521	2	2	2	1	0	0	2	16	3	2	20	29632	816	0	2	0	816,960
78	8522	2	2	2	1	0	0	2	16	3	2	20	29632	816	0	2	0	816,960
78	8524	2	2	2	1	0	0	2	16	3	2	20	29632	816	0	2	0	816,960
78	8529	2	2	2	1	0	0	2	16	3	2	20	29632	816	0	2	0	816,960
78	8530	2	2	2	1	0	0	2	16	3	2	20	29632	816	0	2	0	816,960
78	8532	2	2	2	1	0	0	2	16	3	2	20	29632	816	0	2	0	816,960
78	8536	2	2	2	1	0	0	2	16	3	2	20	29632	816	0	2	0	816,960
78	8545	2	2	2	1	0	0	2	16	3	2	20	29632	816	0	2	0	816,960
78	8546	2	2	2	1	0	0	2	16	3	2	20	29632	816	0	2	0	816,960
78	8548	2	2	2	1	0	0	2	16	3	2	20	29632	816	0	2	0	816,960
78	8552	2	2	2	1	0	0	2	16	3	2	20	29632	816	0	2	0	816,960
78	8560	2	2	2	1	0	0	2	16	3	2	20	29632	816	0	2	0	816,960
78	8579	2	2	2	1	0	0	2	16	3	2	20	29632	816	0	2	0	816,960
78	8581	2	2	2	1	0	0	2	16	3	2	20	29632	816	0	2	0	816,960
78	8582	2	2	2	1	0	0	2	16	3	2	20	29632	816	0	2	0	816,960
78	8585	2	2	2	1	0	0	2	16	3	2	20	29632	816	0	2	0	816,960
78	8586	2	2	2	1	0	0	2	16	3	2	20	29632	816	0	2	0	816,960
78	8588	2	2	2	1	0	0	2	16	3	2	20	29632	816	0	2	0	816,960
78	8593	2	2	2	1	0	0	2	16	3	2	20	29632	816	0	2	0	816,960
78	8594	2	2	2	1	0	0	2	16	3	2	20	29632	816	0	2	0	816,960
78	8596	2	2	2	1	0	0	2	16	3	2	20	29632	816	0	2	0	816,960
78	8600	2	2	2	1	0	0	2	16	3	2	20	29632	816	0	2	0	816,960
78	8609	2	2	2	1	0	0	2	16	3	2	20	29632	816	0	2	0	816,960
78	8610	2	2	2	1	0	0	2	16	3	2	20	29632	816	0	2	0	816,960
78	8612	2	2	2	1	0	0	2	16	3	2	20	29632	816	0	2	0	816,960
78	8616	2	2	2	1	0	0	2	16	3	2	20	29632	816	0	2	0	816,960
78	8624	2	2	2	1	0	0	2	16	3	2	20	29632	816	0	2	0	816,960
78	8641	1	1	3	1	0	0	1	18	1	1	20	29632	800	0	3	0	800
78	8642	1	1	3	1	0	0	1	18	1	1	20	29632	800	0	3	0	800
78	8644	1	1	3	1	0	0	1	18	1	1	20	29632	800	0	3	0	800
78	8648	1	1	3	1	0	0	1	18	1	1	20	29632	800	0	3	0	800
78	8656	1	1	3	1	0	0	1	18	1	1	20	29632	800	0	3	0	800
78	8672	1	1	3	1	0	0	1	18	1	1	20	29632	800	0	3	0	800
78	8711	2	1	2	1	0	0	1	14	11	3	20	31744	960	0	2	0	960
78	8715	2	1	2	1	0	0	1	14	11	3	20	31744	960	0	2	0	960
78	8717	2	1	2	1	0	0	1	14	11	3	20	31744	960	0	2	0	960
78	8718	2	1	2	1	0	0	1	14	11	3	20	31744	960	0	2	0	960
78	8723	2	1	2	1	0	0	1	14	11	3	20	31744	960	0	2	0	960
78	8725	2	1	2	1	0	0	1	14	11	3	20	31744	960	0	2	0	960
78	8726	2	1	2	1	0	0	1	14	11	3	20	31744	960	0	2	0	960
78	8729	2	1	2	1	0	0	1	14	11	3	20	31744	960	0	2	0	960
78	8730	2	1	2	1	0	0	1	14	11	3	20	31744	960	0	2	0	960
78	8732	2	1	2	1	0	0	1	14	11	3	20	31744	960	0	2	0	960
78	8739	2	1	2	1	0	0	1	14	11	3	20	31744	960	0	2	0	960
78	8741	2	1	2	1	0	0	1	14	11	3	20	31744	960	0	2	0	960
78	8742	2	1	2	1	0	0	1	14	11	3	20	31744	960	0	2	0	960
78	8745	2	1	2	1	0	0	1	14	11	3	20	31744	960	0	2	0	960
78	8746	2	1	2	1	0	0	1	14	11	3	20	31744	960	0	2	0	960
78	8748	2	1	2	1	0	0	1	14	11	3	20	31744	960	0	2	0	960
78	8753	2	1	2	1	0	0	1	14	11	3	20	31744	960	0	2	0	960
78	8754	2	1	2	1	0	0	1	14	11	3	20	31744	960	0	2	0	960
78	8756	2	1	2	1	0	0	1	14	11	3	20	31744	960	0	2	0	960
78	8760	2	1	2	1	0	0	1	14	11	3	20	31744	960	0	2	0	960
78	8771	2	2	2	1	0	0	2	16	3	2	20	29632	816	0	2	0	816,960
78	8773	2	2	2	1	0	0	2	16	3	2	20	29632	816	0	2	0	816,960
78	8774	2	2	2	1	0	0	2	16	3	2	20	29632	816	0	2	0	816,960
78	8777	2	2	2	1	0	0	2	16	3	2	20	29632	816	0	2	0	816,960
78	8778	2	2	2	1	0	0	2	16	3	2	20	29632	816	0	2	0	816,960
78	8780	2	2	2	1	0	0	2	16	3	2	20	29632	816	0	2	0	816,960
78	8785	2	2	2	1	0	0	2	16	3	2	20	29632	816	0	2	0	816,960
78	8786	2	2	2	1	0	0	2	16	3	2	20	29632	816	0	2	0	816,960
78	8788	2	2	2	1	0	0	2	16	3	2	20	29632	816	0	2	0	816,960
78	8792	2	2	2	1	0	0	2	16	3	2	20	29632	816	0	2	0	816,960
78	8801	2	2	2	1	0	0	2	16	3	2	20	29632	816	0	2	0	816,960
78	8802	2	2	2	1	0	0	2	16	3	2	20	29632	816	0	2	0	816,960
78	8804	2	2	2	1	0	0	2	16	3	2	20	29632	816	0	2	0	816,960
78	8808	2	2	2	1	0	0	2	16	3	2	20	29632	816	0	2	0	816,960
78	8816	2	2	2	1	0	0	2	16	3	2	20	29632	816	0	2	0	816,960
78	8835	2	2	2	1	0	0	2	16	3	2	20	29632	816	0	2	0	816,960
78	8837	2	2	2	1	0	0	2	16	3	2	20	29632	816	0	2	0	816,960
78	8838	2	2	2	1	0	0	2	16	3	2	20	29632	816	0	2	0	816,960
78	8841	2	2	2	1	0	0	2	16	3	2	20	29632	816	0	2	0	816,960
78	8842	2	2	2	1	0	0	2	16	3	2	20	29632	816	0	2	0	816,960
78	8844	2	2	2	1	0	0	2	16	3	2	20	29632	816	0	2	0	816,960
78	8849	2	2	2	1	0	0	2	16	3	2	20	29632	816	0	2	0	816,960
78	8850	2	2	2	1	0	0	2	16	3	2	20	29632	816	0	2	0	816,960
78	8852	2	2	2	1	0	0	2	16	3	2	20	29632	816	0	2	0	816,960
78	8856	2	2	2	1	0	0	2	16	3	2	20	29632	816	0	2	0	816,960
78	8865	2	2	2	1	0	0	2	16	3	2	20	29632	816	0	2	0	816,960
78	8866	2	2	2	1	0	0	2	16	3	2	20	29632	816	0	2	0	816,960
78	8868	2	2	2	1	0	0	2	16	3	2	20	29632	816	0	2	0	816,960
78	8872	2	2	2	1	0	0	2	16	3	2	20	29632	816	0	2	0	816,960
78	8880	2	2	2	1	0	0	2	16	3	2	20	29632	816	0	2	0	816,960
78	8897	1	1	3	1	0	0	1	18	1	1	20	29632	800	0	3	0	800
78	8898	1	1	3	1	0	0	1	18	1	1	20	29632	800	0	3	0	800
78	8900	1	1	3	1	0	0	1	18	1	1	20	29632	800	0	3	0	800
78	8904	1	1	3	1	0	0	1	18	1	1	20	29632	800	0	3	0	800
78	8912	1	1	3	1	0	0	1	18	1	1	20	29632	800	0	3	0	800
78	8928	1	1	3	1	0	0	1	18	1	1	20	29632	800	0	3	0	800
78	8963	2	2	2	1	0	0	2	16	3	2	20	29632	816	0	2	0	816,960
78	8965	2	2	2	1	0	0	2	16	3	2	20	29632	816	0	2	0	816,960
78	8966	2	2	2	1	0	0	2	16	3	2	20	29632	816	0	2	0	816,960
78	8969	2	2	2	1	0	0	2	16	3	2	20	29632	816	0	2	0	816,960
78	8970	2	2	2	1	0	0	2	16	3	2	20	29632	816	0	2	0	816,960
78	8972	2	2	2	1	0	0	2	16	3	2	20	29632	816	0	2	0	816,960
78	8977	2	2	2	1	0	0	2	16	3	2	20	29632	816	0	2	0	816,960
78	8978	2	2	2	1	0	0	2	16	3	2	20	29632	816	0	2	0	816,960
78	8980	2	2	2	1	0	0	2	16	3	2	20	29632	816	0	2	0	816,960
78	8984	2	2	2	1	0	0	2	16	3	2	20	29632	816	0	2	0	816,960
78	8993	2	2	2	1	0	0	2	16	3	2	20	29632	816	0	2	0	816,960
78	8994	2	2	2	1	0	0	2	16	3	2	20	29632	816	0	2	0	816,960
78	8996	2	2	2	1	0	0	2	16	3	2	20	29632	816	0	2	0	816,960
78	9000	2	2	2	1	0	0	2	16	3	2	20	29632	816	0	2	0	816,960
78	9008	2	2	2	1	0	0	2	16	3	2	20	29632	816	0	2	0	816,960
78	9025	1	1	3	1	0	0	1	18	1	1	20	29632	800	0	3	0	800
78	9026	1	1	3	1	0	0	1	18	1	1	20	29632	800	0	3	0	800
78	9028	1	1	3	1	0	0	1	18	1	1	20	29632	800	0	3	0	800
78	9032	1	1	3	1	0	0	1	18	1	1	20	29632	800	0	3	0	800
78	9040	1	1	3	1	0	0	1	18	1	1	20	29632	800	0	3	0	800
78	9056	1	1	3	1	0	0	1	18	1	1	20	29632	800	0	3	0	800
78	9089	1	1	3	1	0	0	1	18	1	1	20	29632	800	0	3	0	800
78	9090	1	1	3	1	0	0	1	18	1	1	20	29632	800	0	3	0	800
78	9092	1	1	3	1	0	0	1	18	1	1	20	29632	800	0	3	0	800
78	9096	1	1	3	1	0	0	1	18	1	1	20	29632	800	0	3	0	800
78	9104	1	1	3	1	0	0	1	18	1	1	20	29632	800	0	3	0	800
78	9120	1	1	3	1	0	0	1	18	1	1	20	29632	800	0	3	0	800
78	9152	0	1	4	1	0	0	1	20	0	0	20	29632	768	0	4	0	768
78	9223	1	1	3	1	0	0	1	15	75	4	23	31744	896	0	3	0	896
78	9227	1	1	3	1	0	0	1	15	75	4	23	31744	896	0	3	0	896
78	9229	1	1	3	1	0	0	1	15	75	4	23	31744	896	0	3	0	896
78	9230	1	1	3	1	0	0	1	15	75	4	23	31744	896	0	3	0	896
78	9235	1	1	3	1	0	0	1	15	75	4	23	31744	896	0	3	0	896
78	9237	1	1	3	1	0	0	1	15	75	4	23	31744	896	0	3	0	896
78	9238	1	1	3	1	0	0	1	15	75	4	23	31744	896	0	3	0	896
78	9241	1	1	3	1	0	0	1	15	75	4	23	31744	896	0	3	0	896
78	9242	1	1	3	1	0	0	1	15	75	4	23	31744	896	0	3	0	896
78	9244	1	1	3	1	0	0	1	15	75	4	23	31744	896	0	3	0	896
78	9251	1	1	3	1	0	0	1	15	75	4	23	31744	896	0	3	0	896
78	9253	1	1	3	1	0	0	1	15	75	4	23	31744	896	0	3	0	896
78	9254	1	1	3	1	0	0	1	15	75	4	23	31744	896	0	3	0	896
78	9257	1	1	3	1	0	0	1	15	75	4	23	31744	896	0	3	0	896
78	9258	1	1	3	1	0	0	1	15	75	4	23	31744	896	0	3	0	896
78	9260	1	1	3	1	0	0	1	15	75	4	23	31744	896	0	3	0	896
78	9265	1	1	3	1	0	0	1	15	75	4	23	31744	896	0	3	0	896
78	9266	1	1	3	1	0	0	1	15	75	4	23	31744	896	0	3	0	896
78	9268	1	1	3	1	0	0	1	15	75	4	23	31744	896	0	3	0	896
78	9272	1	1	3	1	0	0	1	15	75	4	23	31744	896	0	3	0	896
78	9283	1	1	3	1	0	0	1	15	77	4	23	31744	896	0	3	0	896
78	9285	1	1	3	1	0	0	1	15	77	4	23	31744	896	0	3	0	896
78	9286	1	1	3	1	0	0	1	15	77	4	23	31744	896	0	3	0	896
78	9289	1	1	3	1	0	0	1	15	77	4	23	31744	896	0	3	0	896
78	9290	1	1	3	1	0	0	1	15	77	4	23	31744	896	0	3	0	896
78	9292	1	1	3	1	0	0	1	15	77	4	23	31744	896	0	3	0	896
78	9297	1	1	3	1	0	0	1	15	77	4	23	31744	896	0	3	0	896
78	9298	1	1	3	1	0	0	1	15	77	4	23	31744	896	0	3	0	896
78	9300	1	1	3	1	0	0	1	15	77	4	23	31744	896	0	3	0	896
78	9304	1	1	3	1	0	0	1	15	77	4	23	31744	896	0	3	0	896
78	9313	1	1	3	1	0	0	1	15	77	4	23	31744	896	0	3	0	896
78	9314	1	1	3	1	0	0	1	15	77	4	23	31744	896	0	3	0	896
78	9316	1	1	3	1	0	0	1	15	77	4	23	31744	896	0	3	0	896
78	9320	1	1	3	1	0	0	1	15	77	4	23	31744	896	0	3	0	896
78	9328	1	1	3	1	0	0	1	15	77	4	23	31744	896	0	3	0	896
78	9347	1	1	3	1	0	0	1	15	77	4	23	31744	896	0	3	0	896
78	9349	1	1	3	1	0	0	1	15	77	4	23	31744	896	0	3	0	896
78	9350	1	1	3	1	0	0	1	15	77	4	23	31744	896	0	3	0	896
78	9353	1	1	3	1	0	0	1	15	77	4	23	31744	896	0	3	0	896
78	9354	1	1	3	1	0	0	1	15	77	4	23	31744	896	0	3	0	896
78	9356	1	1	3	1	0	0	1	15	77	4	23	31744	896	0	3	0	896
78	9361	1	1	3	1	0	0	1	15	77	4	23	31744	896	0	3	0	896
78	9362	1	1	3	1	0	0	1	15	77	4	23	31744	896	0	3	0	896
78	9364	1	1	3	1	0	0	1	15	77	4	23	31744	896	0	3	0	896
78	9368	1	1	3	1	0	0	1	15	77	4	23	31744	896	0	3	0	896
78	9377	1	1	3	1	0	0	1	15	77	4	23	31744	896	0	3	0	896
78	9378	1	1	3	1	0	0	1	15	77	4	23	31744	896	0	3	0	896
78	9380	1	1	3	1	0	0	1	15	77	4	23	31744	896	0	3	0	896
78	9384	1	1	3	1	0	0	1	15	77	4	23	31744	896	0	3	0	896
78	9392	1	1	3	1	0	0	1	15	77	4	23	31744	896	0	3	0	896
78	9409	1	1	3	1	0	0	1	15	77	4	23	31744	896	0	3	0	896
78	9410	1	1	3	1	0	0	1	15	77	4	23	31744	896	0	3	0	896
78	9412	1	1	3	1	0	0	1	15	77	4	23	31744	896	0	3	0	896
78	9416	1	1	3	1	0	0	1	15	77	4	23	31744	896	0	3	0	896
78	9424	1	1	3	1	0	0	1	15	77	4	23	31744	896	0	3	0	896
78	9440	1	1	3	1	0	0	1	15	77	4	23	31744	896	0	3	0	896
78	9475	1	1	3	1	0	0	1	15	77	4	23	31744	896	0	3	0	896
78	9477	1	1	3	1	0	0	1	15	77	4	23	31744	896	0	3	0	896
78	9478	1	1	3	1	0	0	1	15	77	4	23	31744	896	0	3	0	896
78	9481	1	1	3	1	0	0	1	15	77	4	23	31744	896	0	3	0	896
78	9482	1	1	3	1	0	0	1	15	77	4	23	31744	896	0	3	0	896
78	9484	1	1	3	1	0	0	1	15	77	4	23	31744	896	0	3	0	896
78	9489	1	1	3	1	0	0	1	15	77	4	23	31744	896	0	3	0	896
78	9490	1	1	3	1	0	0	1	15	77	4	23	31744	896	0	3	0	896
78	9492	1	1	3	1	0	0	1	15	77	4	23	31744	896	0	3	0	896
78	9496	1	1	3	1	0	0	1	15	77	4	23	31744	896	0	3	0	896
78	9505	1	1	3	1	0	0	1	15	77	4	23	31744	896	0	3	0	896
78	9506	1	1	3	1	0	0	1	15	77	4	23	31744	896	0	3	0	896
78	9508	1	1	3	1	0	0	1	15	77	4	23	31744	896	0	3	0	896
78	9512	1	1	3	1	0	0	1	15	77	4	23	31744	896	0	3	0	896
78	9520	1	1	3	1	0	0	1	15	77	4	23	31744	896	0	3	0	896
78	9537	1	1	3	1	0	0	1	15	77	4	23	31744	896	0	3	0	896
78	9538	1	1	3	1	0	0	1	15	77	4	23	31744	896	0	3	0	896
78	9540	1	1	3	1	0	0	1	15	77	4	23	31744	896	0	3	0	896
78	9544	1	1	3	1	0	0	1	15	77	4	23	31744	896	0	3	0	896
78	9552	1	1	3	1	0	0	1	15	77	4	23	31744	896	0	3	0	896
78	9568	1	1	3	1	0	0	1	15	77	4	23	31744	896	0	3	0	896
78	9601	1	1	3	1	0	0	1	15	77	4	23	31744	896	0	3	0	896
78	9602	1	1	3	1	0	0	1	15	77	4	23	31744	896	0	3	0	896
78	9604	1	1	3	1	0	0	1	15	77	4	23	31744	896	0	3	0	896
78	9608	1	1	3	1	0	0	1	15	77	4	23	31744	896	0	3	0	896
78	9616	1	1	3	1	0	0	1	15	77	4	23	31744	896	0	3	0	896
78	9632	1	1	3	1	0	0	1	15	77	4	23	31744	896	0	3	0	896
78	9664	1	3	3	1	0	0	2	15	75	4	23	29632	832	0	3	0	768,832,896
78	9731	1	1	3	1	0	0	1	15	77	4	23	31744	896	0	3	0	896
78	9733	1	1	3	1	0	0	1	15	77	4	23	31744	896	0	3	0	896
78	9734	1	1	3	1	0	0	1	15	77	4	23	31744	896	0	3	0	896
78	9737	1	1	3	1	0	0	1	15	77	4	23	31744	896	0	3	0	896
78	9738	1	1	3	1	0	0	1	15	77	4	23	31744	896	0	3	0	896
78	9740	1	1	3	1	0	0	1	15	77	4	23	31744	896	0	3	0	896
78	9745	1	1	3	1	0	0	1	15	77	4	23	31744	896	0	3	0	896
78	9746	1	1	3	1	0	0	1	15	77	4	23	31744	896	0	3	0	896
78	9748	1	1	3	1	0	0	1	15	77	4	23	31744	896	0	3	0	896
78	9752	1	1	3	1	0	0	1	15	77	4	23	31744	896	0	3	0	896
78	9761	1	1	3	1	0	0	1	15	77	4	23	31744	896	0	3	0	896
78	9762	1	1	3	1	0	0	1	15	77	4	23	31744	896	0	3	0	896
78	9764	1	1	3	1	0	0	1	15	77	4	23	31744	896	0	3	0	896
78	9768	1	1	3	1	0	0	1	15	77	4	23	31744	896	0	3	0	896
78	9776	1	1	3	1	0	0	1	15	77	4	23	31744	896	0	3	0	896
78	9793	1	1	3	1	0	0	1	15	77	4	23	31744	896	0	3	0	896
78	9794	1	1	3	1	0	0	1	15	77	4	23	31744	896	0	3	0	896
78	9796	1	1	3	1	0	0	1	15	77	4	23	31744	896	0	3	0	896
78	9800	1	1	3	1	0	0	1	15	77	4	23	31744	896	0	3	0	896
78	9808	1	1	3	1	0	0	1	15	77	4	23	31744	896	0	3	0	896
78	9824	1	1	3	1	0	0	1	15	77	4	23	31744	896	0	3	0	896
78	9857	1	1	3	1	0	0	1	15	77	4	23	31744	896	0	3	0	896
78	9858	1	1	3	1	0	0	1	15	77	4	23	31744	896	0	3	0	896
78	9860	1	1	3	1	0	0	1	15	77	4	23	31744	896	0	3	0	896
78	9864	1	1	3	1	0	0	1	15	77	4	23	31744	896	0	3	0	896
78	9872	1	1	3	1	0	0	1	15	77	4	23	31744	896	0	3	0	896
78	9888	1	1	3	1	0	0	1	15	77	4	23	31744	896	0	3	0	896
78	9920	1	3	3	1	0	0	2	15	75	4	23	29632	832	0	3	0	768,832,896
78	9985	1	1	3	1	0	0	1	15	77	4	23	31744	896	0	3	0	896
78	9986	1	1	3	1	0	0	1	15	77	4	23	31744	896	0	3	0	896
78	9988	1	1	3	1	0	0	1	15	77	4	23	31744	896	0	3	0	896
78	9992	1	1	3	1	0	0	1	15	77	4	23	31744	896	0	3	0	896
78	10000	1	1	3	1	0	0	1	15	77	4	23	31744	896	0	3	0	896
78	10016	1	1	3	1	0	0	1	15	77	4	23	31744	896	0	3	0	896
78	10048	1	3	3	1	0	0	2	15	75	4	23	29632	832	0	3	0	768,832,896
78	10112	1	3	3	1	0	0	2	15	75	4	23	29632	832	0	3	0	768,832,896
78	10247	1	1	3	1	0	0	1	15	75	4	23	31744	896	0	3	0	896
78	10251	1	1	3	1	0	0	1	15	75	4	23	31744	896	0	3	0	896
78	10253	1	1	3	1	0	0	1	15	75	4	23	31744	896	0	3	0	896
78	10254	1	1	3	1	0	0	1	15	75	4	23	31744	896	0	3	0	896
78	10259	1	1	3	1	0	0	1	15	75	4	23	31744	896	0	3	0	896
78	10261	1	1	3	1	0	0	1	15	75	4	23	31744	896	0	3	0	896
78	10262	1	1	3	1	0	0	1	15	75	4	23	31744	896	0	3	0	896
78	10265	1	1	3	1	0	0	1	15	75	4	23	31744	896	0	3	0	896
78	10266	1	1	3	1	0	0	1	15	75	4	23	31744	896	0	3	0	896
78	10268	1	1	3	1	0	0	1	15	75	4	23	31744	896	0	3	0	896
78	10275	1	1	3	1	0	0	1	15	75	4	23	31744	896	0	3	0	896
78	10277	1	1	3	1	0	0	1	15	75	4	23	31744	896	0	3	0	896
78	10278	1	1	3	1	0	0	1	15	75	4	23	31744	896	0	3	0	896
78	10281	1	1	3	1	0	0	1	15	75	4	23	31744	896	0	3	0	896
78	10282	1	1	3	1	0	0	1	15	75	4	23	31744	896	0	3	0	896
78	10284	1	1	3	1	0	0	1	15	75	4	23	31744	896	0	3	0	896
78	10289	1	1	3	1	0	0	1	15	75	4	23	31744	896	0	3	0	896
78	10290	1	1	3	1	0	0	1	15	75	4	23	31744	896	0	3	0	896
78	10292	1	1	3	1	0	0	1	15	75	4	23	31744	896	0	3	0	896
78	10296	1	1	3	1	0	0	1	15	75	4	23	31744	896	0	3	0	896
78	10307	1	1	3	1	0	0	1	15	77	4	23	31744	896	0	3	0	896
78	10309	1	1	3	1	0	0	1	15	77	4	23	31744	896	0	3	0	896
78	10310	1	1	3	1	0	0	1	15	77	4	23	31744	896	0	3	0	896
78	10313	1	1	3	1	0	0	1	15	77	4	23	31744	896	0	3	0	896
78	10314	1	1	3	1	0	0	1	15	77	4	23	31744	896	0	3	0	896
78	10316	1	1	3	1	0	0	1	15	77	4	23	31744	896	0	3	0	896
78	10321	1	1	3	1	0	0	1	15	77	4	23	31744	896	0	3	0	896
78	10322	1	1	3	1	0	0	1	15	77	4	23	31744	896	0	3	0	896
78	10324	1	1	3	1	0	0	1	15	77	4	23	31744	896	0	3	0	896
78	10328	1	1	3	1	0	0	1	15	77	4	23	31744	896	0	3	0	896
78	10337	1	1	3	1	0	0	1	15	77	4	23	31744	896	0	3	0	896
78	10338	1	1	3	1	0	0	1	15	77	4	23	31744	896	0	3	0	896
78	10340	1	1	3	1	0	0	1	15	77	4	23	31744	896	0	3	0	896
78	10344	1	1	3	1	0	0	1	15	77	4	23	31744	896	0	3	0	896
78	10352	1	1	3	1	0	0	1	15	77	4	23	31744	896	0	3	0	896
78	10371	1	1	3	1	0	0	1	15	77	4	23	31744	896	0	3	0	896
78	10373	1	1	3	1	0	0	1	15	77	4	23	31744	896	0	3	0	896
78	10374	1	1	3	1	0	0	1	15	77	4	23	31744	896	0	3	0	896
78	10377	1	1	3	1	0	0	1	15	77	4	23	31744	896	0	3	0	896
78	10378	1	1	3	1	0	0	1	15	77	4	23	31744	896	0	3	0	896
78	10380	1	1	3	1	0	0	1	15	77	4	23	31744	896	0	3	0	896
78	10385	1	1	3	1	0	0	1	15	77	4	23	31744	896	0	3	0	896
78	10386	1	1	3	1	0	0	1	15	77	4	23	31744	896	0	3	0	896
78	10388	1	1	3	1	0	0	1	15	77	4	23	31744	896	0	3	0	896
78	10392	1	1	3	1	0	0	1	15	77	4	23	31744	896	0	3	0	896
78	10401	1	1	3	1	0	0	1	15	77	4	23	31744	896	0	3	0	896
78	10402	1	1	3	1	0	0	1	15	77	4	23	31744	896	0	3	0	896
78	10404	1	1	3	1	0	0	1	15	77	4	23	31744	896	0	3	0	896
78	10408	1	1	3	1	0	0	1	15	77	4	23	31744	896	0	3	0	896
78	10416	1	1	3	1	0	0	1	15	77	4	23	31744	896	0	3	0	896
78	10433	1	1	3	1	0	0	1	15	77	4	23	31744	896	0	3	0	896
78	10434	1	1	3	1	0	0	1	15	77	4	23	31744	896	0	3	0	896
78	10436	1	1	3	1	0	0	1	15	77	4	23	31744	896	0	3	0	896
78	10440	1	1	3	1	0	0	1	15	77	4	23	31744	896	0	3	0	896
78	10448	1	1	3	1	0	0	1	15	77	4	23	31744	896	0	3	0	896
78	10464	1	1	3	1	0	0	1	15	77	4	23	31744	896	0	3	0	896
78	10499	1	1	3	1	0	0	1	15	77	4	23	31744	896	0	3	0	896
78	10501	1	1	3	1	0	0	1	15	77	4	23	31744	896	0	3	0	896
78	10502	1	1	3	1	0	0	1	15	77	4	23	31744	896	0	3	0	896
78	10505	1	1	3	1	0	0	1	15	77	4	23	31744	896	0	3	0	896
78	10506	1	1	3	1	0	0	1	15	77	4	23	31744	896	0	3	0	896
78	10508	1	1	3	1	0	0	1	15	77	4	23	31744	896	0	3	0	896
78	10513	1	1	3	1	0	0	1	15	77	4	23	31744	896	0	3	0	896
78	10514	1	1	3	1	0	0	1	15	77	4	23	31744	896	0	3	0	896
78	10516	1	1	3	1	0	0	1	15	77	4	23	31744	896	0	3	0	896
78	10520	1	1	3	1	0	0	1	15	77	4	23	31744	896	0	3	0	896
78	10529	1	1	3	1	0	0	1	15	77	4	23	31744	896	0	3	0	896
78	10530	1	1	3	1	0	0	1	15	77	4	23	31744	896	0	3	0	896
78	10532	1	1	3	1	0	0	1	15	77	4	23	31744	896	0	3	0	896
78	10536	1	1	3	1	0	0	1	15	77	4	23	31744	896	0	3	0	896
78	10544	1	1	3	1	0	0	1	15	77	4	23	31744	896	0	3	0	896
78	10561	1	1	3	1	0	0	1	15	77	4	23	31744	896	0	3	0	896
78	10562	1	1	3	1	0	0	1	15	77	4	23	31744	896	0	3	0	896
78	10564	1	1	3	1	0	0	1	15	77	4	23	31744	896	0	3	0	896
78	10568	1	1	3	1	0	0	1	15	77	4	23	31744	896	0	3	0	896
78	10576	1	1	3	1	0	0	1	15	77	4	23	31744	896	0	3	0	896
78	10592	1	1	3	1	0	0	1	15	77	4	23	31744	896	0	3	0	896
78	10625	1	1	3	1	0	0	1	15	77	4	23	31744	896	0	3	0	896
78	10626	1	1	3	1	0	0	1	15	77	4	23	31744	896	0	3	0	896
78	10628	1	1	3	1	0	0	1	15	77	4	23	31744	896	0	3	0	896
78	10632	1	1	3	1	0	0	1	15	77	4	23	31744	896	0	3	0	896
78	10640	1	1	3	1	0	0	1	15	77	4	23	31744	896	0	3	0	896
78	10656	1	1	3	1	0	0	1	15	77	4	23	31744	896	0	3	0	896
78	10688	1	3	3	1	0	0	2	15	75	4	23	29632	832	0	3	0	768,832,896
78	10755	1	1	3	1	0	0	1	15	77	4	23	31744	896	0	3	0	896
78	10757	1	1	3	1	0	0	1	15	77	4	23	31744	896	0	3	0	896
78	10758	1	1	3	1	0	0	1	15	77	4	23	31744	896	0	3	0	896
78	10761	1	1	3	1	0	0	1	15	77	4	23	31744	896	0	3	0	896
78	10762	1	1	3	1	0	0	1	15	77	4	23	31744	896	0	3	0	896
78	10764	1	1	3	1	0	0	1	15	77	4	23	31744	896	0	3	0	896
78	10769	1	1	3	1	0	0	1	15	77	4	23	31744	896	0	3	0	896
78	10770	1	1	3	1	0	0	1	15	77	4	23	31744	896	0	3	0	896
78	10772	1	1	3	1	0	0	1	15	77	4	23	31744	896	0	3	0	896
78	10776	1	1	3	1	0	0	1	15	77	4	23	31744	896	0	3	0	896
78	10785	1	1	3	1	0	0	1	15	77	4	23	31744	896	0	3	0	896
78	10786	1	1	3	1	0	0	1	15	77	4	23	31744	896	0	3	0	896
78	10788	1	1	3	1	0	0	1	15	77	4	23	31744	896	0	3	0	896
78	10792	1	1	3	1	0	0	1	15	77	4	23	31744	896	0	3	0	896
78	10800	1	1	3	1	0	0	1	15	77	4	23	31744	896	0	3	0	896
78	10817	1	1	3	1	0	0	1	15	77	4	23	31744	896	0	3	0	896
78	10818	1	1	3	1	0	0	1	15	77	4	23	31744	896	0	3	0	896
78	10820	1	1	3	1	0	0	1	15	77	4	23	31744	896	0	3	0	896
78	10824	1	1	3	1	0	0	1	15	77	4	23	31744	896	0	3	0	896
78	10832	1	1	3	1	0	0	1	15	77	4	23	31744	896	0	3	0	896
78	10848	1	1	3	1	0	0	1	15	77	4	23	31744	896	0	3	0	896
78	10881	1	1	3	1	0	0	1	15	77	4	23	31744	896	0	3	0	896
78	10882	1	1	3	1	0	0	1	15	77	4	23	31744	896	0	3	0	896
78	10884	1	1	3	1	0	0	1	15	77	4	23	31744	896	0	3	0	896
78	10888	1	1	3	1	0	0	1	15	77	4	23	31744	896	0	3	0	896
78	10896	1	1	3	1	0	0	1	15	77	4	23	31744	896	0	3	0	896
78	10912	1	1	3	1	0	0	1	15	77	4	23	31744	896	0	3	0	896
78	10944	1	3	3	1	0	0	2	15	75	4	23	29632	832	0	3	0	768,832,896
78	11009	1	1	3	1	0	0	1	15	77	4	23	31744	896	0	3	0	896
78	11010	1	1	3	1	0	0	1	15	77	4	23	31744	896	0	3	0	896
78	11012	1	1	3	1	0	0	1	15	77	4	23	31744	896	0	3	0	896
78	11016	1	1	3	1	0	0	1	15	77	4	23	31744	896	0	3	0	896
78	11024	1	1	3	1	0	0	1	15	77	4	23	31744	896	0	3	0	896
78	11040	1	1	3	1	0	0	1	15	77	4	23	31744	896	0	3	0	896
78	11072	1	3	3	1	0	0	2	15	75	4	23	29632	832	0	3	0	768,832,896
78	11136	1	3	3	1	0	0	2	15	75	4	23	29632	832	0	3	0	768,832,896
78	11267	0	1	4	1	0	0	1	18	75	4	26	31744	768	0	4	0	768
78	11269	0	1	4	1	0	0	1	18	75	4	26	31744	768	0	4	0	768
78	11270	0	1	4	1	0	0	1	18	75	4	26	31744	768	0	4	0	768
78	11273	0	1	4	1	0	0	1	18	75	4	26	31744	768	0	4	0	768
78	11274	0	1	4	1	0	0	1	18	75	4	26	31744	768	0	4	0	768
78	11276	0	1	4	1	0	0	1	18	75	4	26	31744	768	0	4	0	768
78	11281	0	1	4	1	0	0	1	18	75	4	26	31744	768	0	4	0	768
78	11282	0	1	4	1	0	0	1	18	75	4	26	31744	768	0	4	0	768
78	11284	0	1	4	1	0	0	1	18	75	4	26	31744	768	0	4	0	768
78	11288	0	1	4	1	0	0	1	18	75	4	26	31744	768	0	4	0	768
78	11297	0	1	4	1	0	0	1	18	75	4	26	31744	768	0	4	0	768
78	11298	0	1	4	1	0	0	1	18	75	4	26	31744	768	0	4	0	768
78	11300	0	1	4	1	0	0	1	18	75	4	26	31744	768	0	4	0	768
78	11304	0	1	4	1	0	0	1	18	75	4	26	31744	768	0	4	0	768
78	11312	0	1	4	1	0	0	1	18	75	4	26	31744	768	0	4	0	768
78	11329	0	1	4	1	0	0	1	16	94	5	26	31744	768	0	4	0	768
78	11330	0	1	4	1	0	0	1	16	94	5	26	31744	768	0	4	0	768
78	11332	0	1	4	1	0	0	1	16	94	5	26	31744	768	0	4	0	768
78	11336	0	1	4	1	0	0	1	16	94	5	26	31744	768	0	4	0	768
78	11344	0	1	4	1	0	0	1	16	94	5	26	31744	768	0	4	0	768
78	11360	0	1	4	1	0	0	1	16	94	5	26	31744	768	0	4	0	768
78	11393	0	1	4	1	0	0	1	16	94	5	26	31744	768	0	4	0	768
78	11394	0	1	4	1	0	0	1	16	94	5	26	31744	768	0	4	0	768
78	11396	0	1	4	1	0	0	1	16	94	5	26	31744	768	0	4	0	768
78	11400	0	1	4	1	0	0	1	16	94	5	26	31744	768	0	4	0	768
78	11408	0	1	4	1	0	0	1	16	94	5	26	31744	768	0	4	0	768
78	11424	0	1	4	1	0	0	1	16	94	5	26	31744	768	0	4	0	768
78	11456	0	1	4	1	0	0	1	14	222	6	26	31744	768	0	4	0	768
78	11521	0	1	4	1	0	0	1	16	94	5	26	31744	768	0	4	0	768
78	11522	0	1	4	1	0	0	1	16	94	5	26	31744	768	0	4	0	768
78	11524	0	1	4	1	0	0	1	16	94	5	26	31744	768	0	4	0	768
78	11528	0	1	4	1	0	0	1	16	94	5	26	31744	768	0	4	0	768
78	11536	0	1	4	1	0	0	1	16	94	5	26	31744	768	0	4	0	768
78	11552	0	1	4	1	0	0	1	16	94	5	26	31744	768	0	4	0	768
78	11584	0	1	4	1	0	0	1	14	222	6	26	31744	768	0	4	0	768
78	11648	0	1	4	1	0	0	1	14	222	6	26	31744	768	0	4	0	768
78	11777	0	1	4	1	0	0	1	16	94	5	26	31744	768	0	4	0	768
78	11778	0	1	4	1	0	0	1	16	94	5	26	31744	768	0	4	0	768
78	11780	0	1	4	1	0	0	1	16	94	5	26	31744	768	0	4	0	768
78	11784	0	1	4	1	0	0	1	16	94	5	26	31744	768	0	4	0	768
78	11792	0	1	4	1	0	0	1	16	94	5	26	31744	768	0	4	0	768
78	11808	0	1	4	1	0	0	1	16	94	5	26	31744	768	0	4	0	768
78	11840	0	1	4	1	0	0	1	14	222	6	26	31744	768	0	4	0	768
78	11904	0	1	4	1	0	0	1	14	222	6	26	31744	768	0	4	0	768
78	12032	0	1	4	1	0	0	1	14	222	6	26	31744	768	0	4	0	768
78	12295	0	1	4	1	0	0	1	13	222	6	25	31744	896	0	4	0	896
78	12299	0	1	4	1	0	0	1	13	222	6	25	31744	896	0	4	0	896
78	12301	0	1	4	1	0	0	1	13	222	6	25	31744	896	0	4	0	896
78	12302	0	1	4	1	0	0	1	13	222	6	25	31744	896	0	4	0	896
78	12307	0	1	4	1	0	0	1	13	222	6	25	31744	896	0	4	0	896
78	12309	0	1	4	1	0	0	1	13	222	6	25	31744	896	0	4	0	896
78	12310	0	1	4	1	0	0	1	13	222	6	25	31744	896	0	4	0	896
78	12313	0	1	4	1	0	0	1	13	222	6	25	31744	896	0	4	0	896
78	12314	0	1	4	1	0	0	1	13	222	6	25	31744	896	0	4	0	896
78	12316	0	1	4	1	0	0	1	13	222	6	25	31744	896	0	4	0	896
78	12323	0	1	4	1	0	0	1	13	222	6	25	31744	896	0	4	0	896
78	12325	0	1	4	1	0	0	1	13	222	6	25	31744	896	0	4	0	896
78	12326	0	1	4	1	0	0	1	13	222	6	25	31744	896	0	4	0	896
78	12329	0	1	4	1	0	0	1	13	222	6	25	31744	896	0	4	0	896
78	12330	0	1	4	1	0	0	1	13	222	6	25	31744	896	0	4	0	896
78	12332	0	1	4	1	0	0	1	13	222	6	25	31744	896	0	4	0	896
78	12337	0	1	4	1	0	0	1	13	222	6	25	31744	896	0	4	0	896
78	12338	0	1	4	1	0	0	1	13	222	6	25	31744	896	0	4	0	896
78	12340	0	1	4	1	0	0	1	13	222	6	25	31744	896	0	4	0	896
78	12344	0	1	4	1	0	0	1	13	222	6	25	31744	896	0	4	0	896
78	12355	0	1	4	1	0	0	1	17	30	4	25	31744	896	0	4	0	896
78	12357	0	1	4	1	0	0	1	17	30	4	25	31744	896	0	4	0	896
78	12358	0	1	4	1	0	0	1	17	30	4	25	31744	896	0	4	0	896
78	12361	0	1	4	1	0	0	1	17	30	4	25	31744	896	0	4	0	896
78	12362	0	1	4	1	0	0	1	17	30	4	25	31744	896	0	4	0	896
78	12364	0	1	4	1	0	0	1	17	30	4	25	31744	896	0	4	0	896
78	12369	0	1	4	1	0	0	1	17	30	4	25	31744	896	0	4	0	896
78	12370	0	1	4	1	0	0	1	17	30	4	25	31744	896	0	4	0	896
78	12372	0	1	4	1	0	0	1	17	30	4	25	31744	896	0	4	0	896
78	12376	0	1	4	1	0	0	1	17	30	4	25	31744	896	0	4	0	896
78	12385	0	1	4	1	0	0	1	17	30	4	25	31744	896	0	4	0	896
78	12386	0	1	4	1	0	0	1	17	30	4	25	31744	896	0	4	0	896
78	12388	0	1	4	1	0	0	1	17	30	4	25	31744	896	0	4	0	896
78	12392	0	1	4	1	0	0	1	17	30	4	25	31744	896	0	4	0	896
78	12400	0	1	4	1	0	0	1	17	30	4	25	31744	896	0	4	0	896
78	12419	0	1	4	1	0	0	1	17	30	4	25	31744	896	0	4	0	896
78	12421	0	1	4	1	0	0	1	17	30	4	25	31744	896	0	4	0	896
78	12422	0	1	4	1	0	0	1	17	30	4	25	31744	896	0	4	0	896
78	12425	0	1	4	1	0	0	1	17	30	4	25	31744	896	0	4	0	896
78	12426	0	1	4	1	0	0	1	17	30	4	25	31744	896	0	4	0	896
78	12428	0	1	4	1	0	0	1	17	30	4	25	31744	896	0	4	0	896
78	12433	0	1	4	1	0	0	1	17	30	4	25	31744	896	0	4	0	896
78	12434	0	1	4	1	0	0	1	17	30	4	25	31744	896	0	4	0	896
78	12436	0	1	4	1	0	0	1	17	30	4	25	31744	896	0	4	0	896
78	12440	0	1	4	1	0	0	1	17	30	4	25	31744	896	0	4	0	896
78	12449	0	1	4	1	0	0	1	17	30	4	25	31744	896	0	4	0	896
78	12450	0	1	4	1	0	0	1	17	30	4	25	31744	896	0	4	0	896
78	12452	0	1	4	1	0	0	1	17	30	4	25	31744	896	0	4	0	896
78	12456	0	1	4	1	0	0	1	17	30	4	25	31744	896	0	4	0	896
78	12464	0	1	4	1	0	0	1	17	30	4	25	31744	896	0	4	0	896
78	12481	0	1	4	1	0	0	1	21	3	2	25	31744	896	0	4	0	896
78	12482	0	1	4	1	0	0	1	21	3	2	25	31744	896	0	4	0	896
78	12484	0	1	4	1	0	0	1	21	3	2	25	31744	896	0	4	0	896
78	12488	0	1	4	1	0	0	1	21	3	2	25	31744	896	0	4	0	896
78	12496	0	1	4	1	0	0	1	21	3	2	25	31744	896	0	4	0	896
78	12512	0	1	4	1	0	0	1	21	3	2	25	31744	896	0	4	0	896
78	12547	0	1	4	1	0	0	1	17	30	4	25	31744	896	0	4	0	896
78	12549	0	1	4	1	0	0	1	17	30	4	25	31744	896	0	4	0	896
78	12550	0	1	4	1	0	0	1	17	30	4	25	31744	896	0	4	0	896
78	12553	0	1	4	1	0	0	1	17	30	4	25	31744	896	0	4	0	896
78	12554	0	1	4	1	0	0	1	17	30	4	25	31744	896	0	4	0	896
78	12556	0	1	4	1	0	0	1	17	30	4	25	31744	896	0	4	0	896
78	12561	0	1	4	1	0	0	1	17	30	4	25	31744	896	0	4	0	896
78	12562	0	1	4	1	0	0	1	17	30	4	25	31744	896	0	4	0	896
78	12564	0	1	4	1	0	0	1	17	30	4	25	31744	896	0	4	0	896
78	12568	0	1	4	1	0	0	1	17	30	4	25	31744	896	0	4	0	896
78	12577	0	1	4	1	0	0	1	17	30	4	25	31744	896	0	4	0	896
78	12578	0	1	4	1	0	0	1	17	30	4	25	31744	896	0	4	0	896
78	12580	0	1	4	1	0	0	1	17	30	4	25	31744	896	0	4	0	896
78	12584	0	1	4	1	0	0	1	17	30	4	25	31744	896	0	4	0	896
78	12592	0	1	4	1	0	0	1	17	30	4	25	31744	896	0	4	0	896
78	12609	0	1	4	1	0	0	1	21	3	2	25	31744	896	0	4	0	896
78	12610	0	1	4	1	0	0	1	21	3	2	25	31744	896	0	4	0	896
78	12612	0	1	4	1	0	0	1	21	3	2	25	31744	896	0	4	0	896
78	12616	0	1	4	1	0	0	1	21	3	2	25	31744	896	0	4	0	896
78	12624	0	1	4	1	0	0	1	21	3	2	25	31744	896	0	4	0	896
78	12640	0	1	4	1	0	0	1	21	3	2	25	31744	896	0	4	0	896
78	12673	0	1	4	1	0	0	1	21	3	2	25	31744	896	0	4	0	896
78	12674	0	1	4	1	0	0	1	21	3	2	25	31744	896	0	4	0	896
78	12676	0	1	4	1	0	0	1	21	3	2	25	31744	896	0	4	0	896
78	12680	0	1	4	1	0	0	1	21	3	2	25	31744	896	0	4	0	896
78	12688	0	1	4	1	0	0	1	21	3	2	25	31744	896	0	4	0	896
78	12704	0	1	4	1	0	0	1	21	3	2	25	31744	896	0	4	0	896
78	12736	0	1	4	1	0	0	1	25	0	0	25	31744	896	0	4	0	896
78	12803	0	1	4	1	0	0	1	17	30	4	25	31744	896	0	4	0	896
78	12805	0	1	4	1	0	0	1	17	30	4	25	31744	896	0	4	0	896
78	12806	0	1	4	1	0	0	1	17	30	4	25	31744	896	0	4	0	896
78	12809	0	1	4	1	0	0	1	17	30	4	25	31744	896	0	4	0	896
78	12810	0	1	4	1	0	0	1	17	30	4	25	31744	896	0	4	0	896
78	12812	0	1	4	1	0	0	1	17	30	4	25	31744	896	0	4	0	896
78	12817	0	1	4	1	0	0	1	17	30	4	25	31744	896	0	4	0	896
78	12818	0	1	4	1	0	0	1	17	30	4	25	31744	896	0	4	0	896
78	12820	0	1	4	1	0	0	1	17	30	4	25	31744	896	0	4	0	896
78	12824	0	1	4	1	0	0	1	17	30	4	25	31744	896	0	4	0	896
78	12833	0	1	4	1	0	0	1	17	30	4	25	31744	896	0	4	0	896
78	12834	0	1	4	1	0	0	1	17	30	4	25	31744	896	0	4	0	896
78	12836	0	1	4	1	0	0	1	17	30	4	25	31744	896	0	4	0	896
78	12840	0	1	4	1	0	0	1	17	30	4	25	31744	896	0	4	0	896
78	12848	0	1	4	1	0	0	1	17	30	4	25	31744	896	0	4	0	896
78	12865	0	1	4	1	0	0	1	21	3	2	25	31744	896	0	4	0	896
78	12866	0	1	4	1	0	0	1	21	3	2	25	31744	896	0	4	0	896
78	12868	0	1	4	1	0	0	1	21	3	2	25	31744	896	0	4	0	896
78	12872	0	1	4	1	0	0	1	21	3	2	25	31744	896	0	4	0	896
78	12880	0	1	4	1	0	0	1	21	3	2	25	31744	896	0	4	0	896
78	12896	0	1	4	1	0	0	1	21	3	2	25	31744	896	0	4	0	896
78	12929	0	1	4	1	0	0	1	21	3	2	25	31744	896	0	4	0	896
78	12930	0	1	4	1	0	0	1	21	3	2	25	31744	896	0	4	0	896
78	12932	0	1	4	1	0	0	1	21	3	2	25	31744	896	0	4	0	896
78	12936	0	1	4	1	0	0	1	21	3	2	25	31744	896	0	4	0	896
78	12944	0	1	4	1	0	0	1	21	3	2	25	31744	896	0	4	0	896
78	12960	0	1	4	1	0	0	1	21	3	2	25	31744	896	0	4	0	896
78	12992	0	1	4	1	0	0	1	25	0	0	25	31744	896	0	4	0	896
78	13057	0	1	4	1	0	0	1	21	3	2	25	31744	896	0	4	0	896
78	13058	0	1	4	1	0	0	1	21	3	2	25	31744	896	0	4	0	896
78	13060	0	1	4	1	0	0	1	21	3	2	25	31744	896	0	4	0	896
78	13064	0	1	4	1	0	0	1	21	3	2	25	31744	896	0	4	0	896
78	13072	0	1	4	1	0	0	1	21	3	2	25	31744	896	0	4	0	896
78	13088	0	1	4	1	0	0	1	21	3	2	25	31744	896	0	4	0	896
78	13120	0	1	4	1	0	0	1	25	0	0	25	31744	896	0	4	0	896
78	13184	0	1	4	1	0	0	1	25	0	0	25	31744	896	0	4	0	896
78	13315	0	1	4	1	0	0	1	16	222	6	28	31744	768	0	4	0	768
78	13317	0	1	4	1	0	0	1	16	222	6	28	31744	768	0	4	0	768
78	13318	0	1	4	1	0	0	1	16	222	6	28	31744	768	0	4	0	768
78	13321	0	1	4	1	0	0	1	16	222	6	28	31744	768	0	4	0	768
78	13322	0	1	4	1	0	0	1	16	222	6	28	31744	768	0	4	0	768
78	13324	0	1	4	1	0	0	1	16	222	6	28	31744	768	0	4	0	768
78	13329	0	1	4	1	0	0	1	16	222	6	28	31744	768	0	4	0	768
78	13330	0	1	4	1	0	0	1	16	222	6	28	31744	768	0	4	0	768
78	13332	0	1	4	1	0	0	1	16	222	6	28	31744	768	0	4	0	768
78	13336	0	1	4	1	0	0	1	16	222	6	28	31744	768	0	4	0	768
78	13345	0	1	4	1	0	0	1	16	222	6	28	31744	768	0	4	0	768
78	13346	0	1	4	1	0	0	1	16	222	6	28	31744	768	0	4	0	768
78	13348	0	1	4	1	0	0	1	16	222	6	28	31744	768	0	4	0	768
78	13352	0	1	4	1	0	0	1	16	222	6	28	31744	768	0	4	0	768
78	13360	0	1	4	1	0	0	1	16	222	6	28	31744	768	0	4	0	768
78	13377	0	1	4	1	0	0	1	18	94	5	28	31744	768	0	4	0	768
78	13378	0	1	4	1	0	0	1	18	94	5	28	31744	768	0	4	0	768
78	13380	0	1	4	1	0	0	1	18	94	5	28	31744	768	0	4	0	768
78	13384	0	1	4	1	0	0	1	18	94	5	28	31744	768	0	4	0	768
78	13392	0	1	4	1	0	0	1	18	94	5	28	31744	768	0	4	0	768
78	13408	0	1	4	1	0	0	1	18	94	5	28	31744	768	0	4	0	768
78	13441	0	1	4	1	0	0	1	18	94	5	28	31744	768	0	4	0	768
78	13442	0	1	4	1	0	0	1	18	94	5	28	31744	768	0	4	0	768
78	13444	0	1	4	1	0	0	1	18	94	5	28	31744	768	0	4	0	768
78	13448	0	1	4	1	0	0	1	18	94	5	28	31744	768	0	4	0	768
78	13456	0	1	4	1	0	0	1	18	94	5	28	31744	768	0	4	0	768
78	13472	0	1	4	1	0	0	1	18	94	5	28	31744	768	0	4	0	768
78	13504	0	1	4	1	0	0	1	20	75	4	28	31744	768	0	4	0	768
78	13569	0	1	4	1	0	0	1	18	94	5	28	31744	768	0	4	0	768
78	13570	0	1	4	1	0	0	1	18	94	5	28	31744	768	0	4	0	768
78	13572	0	1	4	1	0	0	1	18	94	5	28	31744	768	0	4	0	768
78	13576	0	1	4	1	0	0	1	18	94	5	28	31744	768	0	4	0	768
78	13584	0	1	4	1	0	0	1	18	94	5	28	31744	768	0	4	0	768
78	13600	0	1	4	1	0	0	1	18	94	5	28	31744	768	0	4	0	768
78	13632	0	1	4	1	0	0	1	20	75	4	28	31744	768	0	4	0	768
78	13696	0	1	4	1	0	0	1	20	75	4	28	31744	768	0	4	0	768
78	13825	0	1	4	1	0	0	1	18	94	5	28	31744	768	0	4	0	768
78	13826	0	1	4	1	0	0	1	18	94	5	28	31744	768	0	4	0	768
78	13828	0	1	4	1	0	0	1	18	94	5	28	31744	768	0	4	0	768
78	13832	0	1	4	1	0	0	1	18	94	5	28	31744	768	0	4	0	768
78	13840	0	1	4	1	0	0	1	18	94	5	28	31744	768	0	4	0	768
78	13856	0	1	4	1	0	0	1	18	94	5	28	31744	768	0	4	0	768
78	13888	0	1	4	1	0	0	1	20	75	4	28	31744	768	0	4	0	768
78	13952	0	1	4	1	0	0	1	20	75	4	28	31744	768	0	4	0	768
78	14080	0	1	4	1	0	0	1	20	75	4	28	31744	768	0	4	0	768
78	14339	0	1	4	1	0	0	1	16	222	6	28	31744	768	0	4	0	768
78	14341	0	1	4	1	0	0	1	16	222	6	28	31744	768	0	4	0	768
78	14342	0	1	4	1	0	0	1	16	222	6	28	31744	768	0	4	0	768
78	14345	0	1	4	1	0	0	1	16	222	6	28	31744	768	0	4	0	768
78	14346	0	1	4	1	0	0	1	16	222	6	28	31744	768	0	4	0	768
78	14348	0	1	4	1	0	0	1	16	222	6	28	31744	768	0	4	0	768
78	14353	0	1	4	1	0	0	1	16	222	6	28	31744	768	0	4	0	768
78	14354	0	1	4	1	0	0	1	16	222	6	28	31744	768	0	4	0	768
78	14356	0	1	4	1	0	0	1	16	222	6	28	31744	768	0	4	0	768
78	14360	0	1	4	1	0	0	1	16	222	6	28	31744	768	0	4	0	768
78	14369	0	1	4	1	0	0	1	16	222	6	28	31744	768	0	4	0	768
78	14370	0	1	4	1	0	0	1	16	222	6	28	31744	768	0	4	0	768
78	14372	0	1	4	1	0	0	1	16	222	6	28	31744	768	0	4	0	768
78	14376	0	1	4	1	0	0	1	16	222	6	28	31744	768	0	4	0	768
78	14384	0	1	4	1	0	0	1	16	222	6	28	31744	768	0	4	0	768
78	14401	0	1	4	1	0	0	1	18	94	5	28	31744	768	0	4	0	768
78	14402	0	1	4	1	0	0	1	18	94	5	28	31744	768	0	4	0	768
78	14404	0	1	4	1	0	0	1	18	94	5	28	31744	768	0	4	0	768
78	14408	0	1	4	1	0	0	1	18	94	5	28	31744	768	0	4	0	768
78	14416	0	1	4	1	0	0	1	18	94	5	28	31744	768	0	4	0	768
78	14432	0	1	4	1	0	0	1	18	94	5	28	31744	768	0	4	0	768
78	14465	0	1	4	1	0	0	1	18	94	5	28	31744	768	0	4	0	768
78	14466	0	1	4	1	0	0	1	18	94	5	28	31744	768	0	4	0	768
78	14468	0	1	4	1	0	0	1	18	94	5	28	31744	768	0	4	0	768
78	14472	0	1	4	1	0	0	1	18	94	5	28	31744	768	0	4	0	768
78	14480	0	1	4	1	0	0	1	18	94	5	28	31744	768	0	4	0	768
78	14496	0	1	4	1	0	0	1	18	94	5	28	31744	768	0	4	0	768
78	14528	0	1	4	1	0	0	1	20	75	4	28	31744	768	0	4	0	768
78	14593	0	1	4	1	0	0	1	18	94	5	28	31744	768	0	4	0	768
78	14594	0	1	4	1	0	0	1	18	94	5	28	31744	768	0	4	0	768
78	14596	0	1	4	1	0	0	1	18	94	5	28	31744	768	0	4	0	768
78	14600	0	1	4	1	0	0	1	18	94	5	28	31744	768	0	4	0	768
78	14608	0	1	4	1	0	0	1	18	94	5	28	31744	768	0	4	0	768
78	14624	0	1	4	1	0	0	1	18	94	5	28	31744	768	0	4	0	768
78	14656	0	1	4	1	0	0	1	20	75	4	28	31744	768	0	4	0	768
78	14720	0	1	4	1	0	0	1	20	75	4	28	31744	768	0	4	0	768
78	14849	0	1	4	1	0	0	1	18	94	5	28	31744	768	0	4	0	768
78	14850	0	1	4	1	0	0	1	18	94	5	28	31744	768	0	4	0	768
78	14852	0	1	4	1	0	0	1	18	94	5	28	31744	768	0	4	0	768
78	14856	0	1	4	1	0	0	1	18	94	5	28	31744	768	0	4	0	768
78	14864	0	1	4	1	0	0	1	18	94	5	28	31744	768	0	4	0	768
78	14880	0	1	4	1	0	0	1	18	94	5	28	31744	768	0	4	0	768
78	14912	0	1	4	1	0	0	1	20	75	4	28	31744	768	0	4	0	768
78	14976	0	1	4	1	0	0	1	20	75	4	28	31744	768	0	4	0	768
78	15104	0	1	4	1	0	0	1	20	75	4	28	31744	768	0	4	0	768
78	15361	0	1	4	1	0	0	1	19	222	6	31	31744	512	0	4	0	512
78	15362	0	1	4	1	0	0	1	19	222	6	31	31744	512	0	4	0	512
78	15364	0	1	4	1	0	0	1	19	222	6	31	31744	512	0	4	0	512
78	15368	0	1	4	1	0	0	1	19	222	6	31	31744	512	0	4	0	512
78	15376	0	1	4	1	0	0	1	19	222	6	31	31744	512	0	4	0	512
78	15392	0	1	4	1	0	0	1	19	222	6	31	31744	512	0	4	0	512
78	15424	0	1	4	1	0	0	1	19	222	6	31	31744	512	0	4	0	512
78	15488	0	1	4	1	0	0	1	19	222	6	31	31744	512	0	4	0	512
78	15616	0	1	4	1	0	0	1	19	222	6	31	31744	512	0	4	0	512
78	15872	0	1	4	1	0	0	1	19	222	6	31	31744	512	0	4	0	512
78	16399	0	1	4	1	0	0	1	14	75	4	22	29632	828	0	4	0	828
78	16407	0	1	4	1	0	0	1	14	75	4	22	29632	828	0	4	0	828
78	16411	0	1	4	1	0	0	1	14	75	4	22	29632	828	0	4	0	828
78	16413	0	1	4	1	0	0	1	14	75	4	22	29632	828	0	4	0	828
78	16414	0	1	4	1	0	0	1	14	75	4	22	29632	828	0	4	0	828
78	16423	0	1	4	1	0	0	1	14	75	4	22	29632	828	0	4	0	828
78	16427	0	1	4	1	0	0	1	14	75	4	22	29632	828	0	4	0	828
78	16429	0	1	4	1	0	0	1	14	75	4	22	29632	828	0	4	0	828
78	16430	0	1	4	1	0	0	1	14	75	4	22	29632	828	0	4	0	828
78	16435	0	1	4	1	0	0	1	14	75	4	22	29632	828	0	4	0	828
78	16437	0	1	4	1	0	0	1	14	75	4	22	29632	828	0	4	0	828
78	16438	0	1	4	1	0	0	1	14	75	4	22	29632	828	0	4	0	828
78	16441	0	1	4	1	0	0	1	14	75	4	22	29632	828	0	4	0	828
78	16442	0	1	4	1	0	0	1	14	75	4	22	29632	828	0	4	0	828
78	16444	0	1	4	1	0	0	1	14	75	4	22	29632	828	0	4	0	828
78	16455	0	1	4	1	0	0	1	14	75	4	22	29632	824	0	4	0	824
78	16459	0	1	4	1	0	0	1	14	75	4	22	29632	824	0	4	0	824
78	16461	0	1	4	1	0	0	1	14	75	4	22	29632	824	0	4	0	824
78	16462	0	1	4	1	0	0	1	14	75	4	22	29632	824	0	4	0	824
78	16467	0	1	4	1	0	0	1	14	75	4	22	29632	824	0	4	0	824
78	16469	0	1	4	1	0	0	1	14	75	4	22	29632	824	0	4	0	824
78	16470	0	1	4	1	0	0	1	14	75	4	22	29632	824	0	4	0	824
78	16473	0	1	4	1	0	0	1	14	75	4	22	29632	824	0	4	0	824
78	16474	0	1	4	1	0	0	1	14	75	4	22	29632	824	0	4	0	824
78	16476	0	1	4	1	0	0	1	14	75	4	22	29632	824	0	4	0	824
78	16483	0	1	4	1	0	0	1	14	75	4	22	29632	824	0	4	0	824
78	16485	0	1	4	1	0	0	1	14	75	4	22	29632	824	0	4	0	824
78	16486	0	1	4	1	0	0	1	14	75	4	22	29632	824	0	4	0	824
78	16489	0	1	4	1	0	0	1	14	75	4	22	29632	824	0	4	0	824
78	16490	0	1	4	1	0	0	1	14	75	4	22	29632	824	0	4	0	824
78	16492	0	1	4	1	0	0	1	14	75	4	22	29632	824	0	4	0	824
78	16497	0	1	4	1	0	0	1	14	75	4	22	29632	824	0	4	0	824
78	16498	0	1	4	1	0	0	1	14	75	4	22	29632	824	0	4	0	824
78	16500	0	1	4	1	0	0	1	14	75	4	22	29632	824	0	4	0	824
78	16504	0	1	4	1	0	0	1	14	75	4	22	29632	824	0	4	0	824
78	16519	0	1	4	1	0	0	1	14	75	4	22	29632	824	0	4	0	824
78	16523	0	1	4	1	0	0	1	14	75	4	22	29632	824	0	4	0	824
78	16525	0	1	4	1	0	0	1	14	75	4	22	29632	824	0	4	0	824
78	16526	0	1	4	1	0	0	1	14	75	4	22	29632	824	0	4	0	824
78	16531	0	1	4	1	0	0	1	14	75	4	22	29632	824	0	4	0	824
78	16533	0	1	4	1	0	0	1	14	75	4	22	29632	824	0	4	0	824
78	16534	0	1	4	1	0	0	1	14	75	4	22	29632	824	0	4	0	824
78	16537	0	1	4	1	0	0	1	14	75	4	22	29632	824	0	4	0	824
78	16538	0	1	4	1	0	0	1	14	75	4	22	29632	824	0	4	0	824
78	16540	0	1	4	1	0	0	1	14	75	4	22	29632	824	0	4	0	824
78	16547	0	1	4	1	0	0	1	14	75	4	22	29632	824	0	4	0	824
78	16549	0	1	4	1	0	0	1	14	75	4	22	29632	824	0	4	0	824
78	16550	0	1	4	1	0	0	1	14	75	4	22	29632	824	0	4	0	824
78	16553	0	1	4	1	0	0	1	14	75	4	22	29632	824	0	4	0	824
78	16554	0	1	4	1	0	0	1	14	75	4	22	29632	824	0	4	0	824
78	16556	0	1	4	1	0	0	1	14	75	4	22	29632	824	0	4	0	824
78	16561	0	1	4	1	0	0	1	14	75	4	22	29632	824	0	4	0	824
78	16562	0	1	4	1	0	0	1	14	75	4	22	29632	824	0	4	0	824
78	16564	0	1	4	1	0	0	1	14	75	4	22	29632	824	0	4	0	824
78	16568	0	1	4	1	0	0	1	14	75	4	22	29632	824	0	4	0	824
78	16579	0	1	4	1	0	0	1	14	75	4	22	29632	816	0	4	0	816
78	16581	0	1	4	1	0	0	1	14	75	4	22	29632	816	0	4	0	816
78	16582	0	1	4	1	0	0	1	14	75	4	22	29632	816	0	4	0	816
78	16585	0	1	4	1	0	0	1	14	75	4	22	29632	816	0	4	0	816
78	16586	0	1	4	1	0	0	1	14	75	4	22	29632	816	0	4	0	816
78	16588	0	1	4	1	0	0	1	14	75	4	22	29632	816	0	4	0	816
78	16593	0	1	4	1	0	0	1	14	75	4	22	29632	816	0	4	0	816
78	16594	0	1	4	1	0	0	1	14	75	4	22	29632	816	0	4	0	816
78	16596	0	1	4	1	0	0	1	14	75	4	22	29632	816	0	4	0	816
78	16600	0	1	4	1	0	0	1	14	75	4	22	29632	816	0	4	0	816
78	16609	0	1	4	1	0	0	1	14	75	4	22	29632	816	0	4	0	816
78	16610	0	1	4	1	0	0	1	14	75	4	22	29632	816	0	4	0	816
78	16612	0	1	4	1	0	0	1	14	75	4	22	29632	816	0	4	0	816
78	16616	0	1	4	1	0	0	1	14	75	4	22	29632	816	0	4	0	816
78	16624	0	1	4	1	0	0	1	14	75	4	22	29632	816	0	4	0	816
78	16647	0	1	4	1	0	0	1	14	75	4	22	29632	824	0	4	0	824
78	16651	0	1	4	1	0	0	1	14	75	4	22	29632	824	0	4	0	824
78	16653	0	1	4	1	0	0	1	14	75	4	22	29632	824	0	4	0	824
78	16654	0	1	4	1	0	0	1	14	75	4	22	29632	824	0	4	0	824
78	16659	0	1	4	1	0	0	1	14	75	4	22	29632	824	0	4	0	824
78	16661	0	1	4	1	0	0	1	14	75	4	22	29632	824	0	4	0	824
78	16662	0	1	4	1	0	0	1	14	75	4	22	29632	824	0	4	0	824
78	16665	0	1	4	1	0	0	1	14	75	4	22	29632	824	0	4	0	824
78	16666	0	1	4	1	0	0	1	14	75	4	22	29632	824	0	4	0	824
78	16668	0	1	4	1	0	0	1	14	75	4	22	29632	824	0	4	0	824
78	16675	0	1	4	1	0	0	1	14	75	4	22	29632	824	0	4	0	824
78	16677	0	1	4	1	0	0	1	14	75	4	22	29632	824	0	4	0	824
78	16678	0	1	4	1	0	0	1	14	75	4	22	29632	824	0	4	0	824
78	16681	0	1	4	1	0	0	1	14	75	4	22	29632	824	0	4	0	824
78	16682	0	1	4	1	0	0	1	14	75	4	22	29632	824	0	4	0	824
78	16684	0	1	4	1	0	0	1	14	75	4	22	29632	824	0	4	0	824
78	16689	0	1	4	1	0	0	1	14	75	4	22	29632	824	0	4	0	824
78	16690	0	1	4	1	0	0	1	14	75	4	22	29632	824	0	4	0	824
78	16692	0	1	4	1	0	0	1	14	75	4	22	29632	824	0	4	0	824
78	16696	0	1	4	1	0	0	1	14	75	4	22	29632	824	0	4	0	824
78	16707	0	1	4	1	0	0	1	14	75	4	22	29632	816	0	4	0	816
78	16709	0	1	4	1	0	0	1	14	75	4	22	29632	816	0	4	0	816
78	16710	0	1	4	1	0	0	1	14	75	4	22	29632	816	0	4	0	816
78	16713	0	1	4	1	0	0	1	14	75	4	22	29632	816	0	4	0	816
78	16714	0	1	4	1	0	0	1	14	75	4	22	29632	816	0	4	0	816
78	16716	0	1	4	1	0	0	1	14	75	4	22	29632	816	0	4	0	816
78	16721	0	1	4	1	0	0	1	14	75	4	22	29632	816	0	4	0	816
78	16722	0	1	4	1	0	0	1	14	75	4	22	29632	816	0	4	0	816
78	16724	0	1	4	1	0	0	1	14	75	4	22	29632	816	0	4	0	816
78	16728	0	1	4	1	0	0	1	14	75	4	22	29632	816	0	4	0	816
78	16737	0	1	4	1	0	0	1	14	75	4	22	29632	816	0	4	0	816
78	16738	0	1	4	1	0	0	1	14	75	4	22	29632	816	0	4	0	816
78	16740	0	1	4	1	0	0	1	14	75	4	22	29632	816	0	4	0	816
78	16744	0	1	4	1	0	0	1	14	75	4	22	29632	816	0	4	0	816
78	16752	0	1	4	1	0	0	1	14	75	4	22	29632	816	0	4	0	816
78	16771	0	1	4	1	0	0	1	14	75	4	22	29632	816	0	4	0	816
78	16773	0	1	4	1	0	0	1	14	75	4	22	29632	816	0	4	0	816
78	16774	0	1	4	1	0	0	1	14	75	4	22	29632	816	0	4	0	816
78	16777	0	1	4	1	0	0	1	14	75	4	22	29632	816	0	4	0	816
78	16778	0	1	4	1	0	0	1	14	75	4	22	29632	816	0	4	0	816
78	16780	0	1	4	1	0	0	1	14	75	4	22	29632	816	0	4	0	816
78	16785	0	1	4	1	0	0	1	14	75	4	22	29632	816	0	4	0	816
78	16786	0	1	4	1	0	0	1	14	75	4	22	29632	816	0	4	0	816
78	16788	0	1	4	1	0	0	1	14	75	4	22	29632	816	0	4	0	816
78	16792	0	1	4	1	0	0	1	14	75	4	22	29632	816	0	4	0	816
78	16801	0	1	4	1	0	0	1	14	75	4	22	29632	816	0	4	0	816
78	16802	0	1	4	1	0	0	1	14	75	4	22	29632	816	0	4	0	816
78	16804	0	1	4	1	0	0	1	14	75	4	22	29632	816	0	4	0	816
78	16808	0	1	4	1	0	0	1	14	75	4	22	29632	816	0	4	0	816
78	16816	0	1	4	1	0	0	1	14	75	4	22	29632	816	0	4	0	816
78	16833	0	1	4	1	0	0	1	14	75	4	22	29632	800	0	4	0	800
78	16834	0	1	4	1	0	0	1	14	75	4	22	29632	800	0	4	0	800
78	16836	0	1	4	1	0	0	1	14	75	4	22	29632	800	0	4	0	800
78	16840	0	1	4	1	0	0	1	14	75	4	22	29632	800	0	4	0	800
78	16848	0	1	4	1	0	0	1	14	75	4	22	29632	800	0	4	0	800
78	16864	0	1	4	1	0	0	1	14	75	4	22	29632	800	0	4	0	800
78	16903	0	1	4	1	0	0	1	14	75	4	22	29632	824	0	4	0	824
78	16907	0	1	4	1	0	0	1	14	75	4	22	29632	824	0	4	0	824
78	16909	0	1	4	1	0	0	1	14	75	4	22	29632	824	0	4	0	824
78	16910	0	1	4	1	0	0	1	14	75	4	22	29632	824	0	4	0	824
78	16915	0	1	4	1	0	0	1	14	75	4	22	29632	824	0	4	0	824
78	16917	0	1	4	1	0	0	1	14	75	4	22	29632	824	0	4	0	824
78	16918	0	1	4	1	0	0	1	14	75	4	22	29632	824	0	4	0	824
78	16921	0	1	4	1	0	0	1	14	75	4	22	29632	824	0	4	0	824
78	16922	0	1	4	1	0	0	1	14	75	4	22	29632	824	0	4	0	824
78	16924	0	1	4	1	0	0	1	14	75	4	22	29632	824	0	4	0	824
78	16931	0	1	4	1	0	0	1	14	75	4	22	29632	824	0	4	0	824
78	16933	0	1	4	1	0	0	1	14	75	4	22	29632	824	0	4	0	824
78	16934	0	1	4	1	0	0	1	14	75	4	22	29632	824	0	4	0	824
78	16937	0	1	4	1	0	0	1	14	75	4	22	29632	824	0	4	0	824
78	16938	0	1	4	1	0	0	1	14	75	4	22	29632	824	0	4	0	824
78	16940	0	1	4	1	0	0	1	14	75	4	22	29632	824	0	4	0	824
78	16945	0	1	4	1	0	0	1	14	75	4	22	29632	824	0	4	0	824
78	16946	0	1	4	1	0	0	1	14	75	4	22	29632	824	0	4	0	824
78	16948	0	1	4	1	0	0	1	14	75	4	22	29632	824	0	4	0	824
78	16952	0	1	4	1	0	0	1	14	75	4	22	29632	824	0	4	0	824
78	16963	0	1	4	1	0	0	1	14	75	4	22	29632	816	0	4	0	816
78	16965	0	1	4	1	0	0	1	14	75	4	22	29632	816	0	4	0	816
78	16966	0	1	4	1	0	0	1	14	75	4	22	29632	816	0	4	0	816
78	16969	0	1	4	1	0	0	1	14	75	4	22	29632	816	0	4	0	816
78	16970	0	1	4	1	0	0	1	14	75	4	22	29632	816	0	4	0	816
78	16972	0	1	4	1	0	0	1	14	75	4	22	29632	816	0	4	0	816
78	16977	0	1	4	1	0	0	1	14	75	4	22	29632	816	0	4	0	816
78	16978	0	1	4	1	0	0	1	14	75	4	22	29632	816	0	4	0	816
78	16980	0	1	4	1	0	0	1	14	75	4	22	29632	816	0	4	0	816
78	16984	0	1	4	1	0	0	1	14	75	4	22	29632	816	0	4	0	816
78	16993	0	1	4	1	0	0	1	14	75	4	22	29632	816	0	4	0	816
78	16994	0	1	4	1	0	0	1	14	75	4	22	29632	816	0	4	0	816
78	16996	0	1	4	1	0	0	1	14	75	4	22	29632	816	0	4	0	816
78	17000	0	1	4	1	0	0	1	14	75	4	22	29632	816	0	4	0	816
78	17008	0	1	4	1	0	0	1	14	75	4	22	29632	816	0	4	0	816
78	17027	0	1	4	1	0	0	1	14	75	4	22	29632	816	0	4	0	816
78	17029	0	1	4	1	0	0	1	14	75	4	22	29632	816	0	4	0	816
78	17030	0	1	4	1	0	0	1	14	75	4	22	29632	816	0	4	0	816
78	17033	0	1	4	1	0	0	1	14	75	4	22	29632	816	0	4	0	816
78	17034	0	1	4	1	0	0	1	14	75	4	22	29632	816	0	4	0	816
78	17036	0	1	4	1	0	0	1	14	75	4	22	29632	816	0	4	0	816
78	17041	0	1	4	1	0	0	1	14	75	4	22	29632	816	0	4	0	816
78	17042	0	1	4	1	0	0	1	14	75	4	22	29632	816	0	4	0	816
78	17044	0	1	4	1	0	0	1	14	75	4	22	29632	816	0	4	0	816
78	17048	0	1	4	1	0	0	1	14	75	4	22	29632	816	0	4	0	816
78	17057	0	1	4	1	0	0	1	14	75	4	22	29632	816	0	4	0	816
78	17058	0	1	4	1	0	0	1	14	75	4	22	29632	816	0	4	0	816
78	17060	0	1	4	1	0	0	1	14	75	4	22	29632	816	0	4	0	816
78	17064	0	1	4	1	0	0	1	14	75	4	22	29632	816	0	4	0	816
78	17072	0	1	4	1	0	0	1	14	75	4	22	29632	816	0	4	0	816
78	17089	0	1	4	1	0	0	1	14	75	4	22	29632	800	0	4	0	800
78	17090	0	1	4	1	0	0	1	14	75	4	22	29632	800	0	4	0	800
78	17092	0	1	4	1	0	0	1	14	75	4	22	29632	800	0	4	0	800
78	17096	0	1	4	1	0	0	1	14	75	4	22	29632	800	0	4	0	800
78	17104	0	1	4	1	0	0	1	14	75	4	22	29632	800	0	4	0	800
78	17120	0	1	4	1	0	0	1	14	75	4	22	29632	800	0	4	0	800
78	17155	0	1	4	1	0	0	1	14	75	4	22	29632	816	0	4	0	816
78	17157	0	1	4	1	0	0	1	14	75	4	22	29632	816	0	4	0	816
78	17158	0	1	4	1	0	0	1	14	75	4	22	29632	816	0	4	0	816
78	17161	0	1	4	1	0	0	1	14	75	4	22	29632	816	0	4	0	816
78	17162	0	1	4	1	0	0	1	14	75	4	22	29632	816	0	4	0	816
78	17164	0	1	4	1	0	0	1	14	75	4	22	29632	816	0	4	0	816
78	17169	0	1	4	1	0	0	1	14	75	4	22	29632	816	0	4	0	816
78	17170	0	1	4	1	0	0	1	14	75	4	22	29632	816	0	4	0	816
78	17172	0	1	4	1	0	0	1	14	75	4	22	29632	816	0	4	0	816
78	17176	0	1	4	1	0	0	1	14	75	4	22	29632	816	0	4	0	816
78	17185	0	1	4	1	0	0	1	14	75	4	22	29632	816	0	4	0	816
78	17186	0	1	4	1	0	0	1	14	75	4	22	29632	816	0	4	0	816
78	17188	0	1	4	1	0	0	1	14	75	4	22	29632	816	0	4	0	816
78	17192	0	1	4	1	0	0	1	14	75	4	22	29632	816	0	4	0	816
78	17200	0	1	4	1	0	0	1	14	75	4	22	29632	816	0	4	0	816
78	17217	0	1	4	1	0	0	1	14	75	4	22	29632	800	0	4	0	800
78	17218	0	1	4	1	0	0	1	14	75	4	22	29632	800	0	4	0	800
78	17220	0	1	4	1	0	0	1	14	75	4	22	29632	800	0	4	0	800
78	17224	0	1	4	1	0	0	1	14	75	4	22	29632	800	0	4	0	800
78	17232	0	1	4	1	0	0	1	14	75	4	22	29632	800	0	4	0	800
78	17248	0	1	4	1	0	0	1	14	75	4	22	29632	800	0	4	0	800
78	17281	0	1	4	1	0	0	1	14	75	4	22	29632	800	0	4	0	800
78	17282	0	1	4	1	0	0	1	14	75	4	22	29632	800	0	4	0	800
78	17284	0	1	4	1	0	0	1	14	75	4	22	29632	800	0	4	0	800
78	17288	0	1	4	1	0	0	1	14	75	4	22	29632	800	0	4	0	800
78	17296	0	1	4	1	0	0	1	14	75	4	22	29632	800	0	4	0	800
78	17312	0	1	4	1	0	0	1	14	75	4	22	29632	800	0	4	0	800
78	17344	0	1	4	1	0	0	1	14	75	4	22	29632	768	0	4	0	768
78	17415	0	1	4	1	0	0	1	19	11	3	25	29632	888	0	4	0	888
78	17419	0	1	4	1	0	0	1	19	11	3	25	29632	888	0	4	0	888
78	17421	0	1	4	1	0	0	1	19	11	3	25	29632	888	0	4	0	888
78	17422	0	1	4	1	0	0	1	19	11	3	25	29632	888	0	4	0	888
78	17427	0	1	4	1	0	0	1	19	11	3	25	29632	888	0	4	0	888
78	17429	0	1	4	1	0	0	1	19	11	3	25	29632	888	0	4	0	888
78	17430	0	1	4	1	0	0	1	19	11	3	25	29632	888	0	4	0	888
78	17433	0	1	4	1	0	0	1	19	11	3	25	29632	888	0	4	0	888
78	17434	0	1	4	1	0	0	1	19	11	3	25	29632	888	0	4	0	888
78	17436	0	1	4	1	0	0	1	19	11	3	25	29632	888	0	4	0	888
78	17443	0	1	4	1	0	0	1	19	11	3	25	29632	888	0	4	0	888
78	17445	0	1	4	1	0	0	1	19	11	3	25	29632	888	0	4	0	888
78	17446	0	1	4	1	0	0	1	19	11	3	25	29632	888	0	4	0	888
78	17449	0	1	4	1	0	0	1	19	11	3	25	29632	888	0	4	0	888
78	17450	0	1	4	1	0	0	1	19	11	3	25	29632	888	0	4	0	888
78	17452	0	1	4	1	0	0	1	19	11	3	25	29632	888	0	4	0	888
78	17457	0	1	4	1	0	0	1	19	11	3	25	29632	888	0	4	0	888
78	17458	0	1	4	1	0	0	1	19	11	3	25	29632	888	0	4	0	888
78	17460	0	1	4	1	0	0	1	19	11	3	25	29632	888	0	4	0	888
78	17464	0	1	4	1	0	0	1	19	11	3	25	29632	888	0	4	0	888
78	17475	0	1	4	1	0	0	1	17	77	4	25	29632	880	0	4	0	880
78	17477	0	1	4	1	0	0	1	17	77	4	25	29632	880	0	4	0	880
78	17478	0	1	4	1	0	0	1	17	77	4	25	29632	880	0	4	0	880
78	17481	0	1	4	1	0	0	1	17	77	4	25	29632	880	0	4	0	880
78	17482	0	1	4	1	0	0	1	17	77	4	25	29632	880	0	4	0	880
78	17484	0	1	4	1	0	0	1	17	77	4	25	29632	880	0	4	0	880
78	17489	0	1	4	1	0	0	1	17	77	4	25	29632	880	0	4	0	880
78	17490	0	1	4	1	0	0	1	17	77	4	25	29632	880	0	4	0	880
78	17492	0	1	4	1	0	0	1	17	77	4	25	29632	880	0	4	0	880
78	17496	0	1	4	1	0	0	1	17	77	4	25	29632	880	0	4	0	880
78	17505	0	1	4	1	0	0	1	17	77	4	25	29632	880	0	4	0	880
78	17506	0	1	4	1	0	0	1	17	77	4	25	29632	880	0	4	0	880
78	17508	0	1	4	1	0	0	1	17	77	4	25	29632	880	0	4	0	880
78	17512	0	1	4	1	0	0	1	17	77	4	25	29632	880	0	4	0	880
78	17520	0	1	4	1	0	0	1	17	77	4	25	29632	880	0	4	0	880
78	17539	0	1	4	1	0	0	1	17	77	4	25	29632	880	0	4	0	880
78	17541	0	1	4	1	0	0	1	17	77	4	25	29632	880	0	4	0	880
78	17542	0	1	4	1	0	0	1	17	77	4	25	29632	880	0	4	0	880
78	17545	0	1	4	1	0	0	1	17	77	4	25	29632	880	0	4	0	880
78	17546	0	1	4	1	0	0	1	17	77	4	25	29632	880	0	4	0	880
78	17548	0	1	4	1	0	0	1	17	77	4	25	29632	880	0	4	0	880
78	17553	0	1	4	1	0	0	1	17	77	4	25	29632	880	0	4	0	880
78	17554	0	1	4	1	0	0	1	17	77	4	25	29632	880	0	4	0	880
78	17556	0	1	4	1	0	0	1	17	77	4	25	29632	880	0	4	0	880
78	17560	0	1	4	1	0	0	1	17	77	4	25	29632	880	0	4	0	880
78	17569	0	1	4	1	0	0	1	17	77	4	25	29632	880	0	4	0	880
78	17570	0	1	4	1	0	0	1	17	77	4	25	29632	880	0	4	0	880
78	17572	0	1	4	1	0	0	1	17	77	4	25	29632	880	0	4	0	880
78	17576	0	1	4	1	0	0	1	17	77	4	25	29632	880	0	4	0	880
78	17584	0	1	4	1	0	0	1	17	77	4	25	29632	880	0	4	0	880
78	17601	0	1	4	1	0	0	1	15	94	5	25	29632	864	0	4	0	864
78	17602	0	1	4	1	0	0	1	15	94	5	25	29632	864	0	4	0	864
78	17604	0	1	4	1	0	0	1	15	94	5	25	29632	864	0	4	0	864
78	17608	0	1	4	1	0	0	1	15	94	5	25	29632	864	0	4	0	864
78	17616	0	1	4	1	0	0	1	15	94	5	25	29632	864	0	4	0	864
78	17632	0	1	4	1	0	0	1	15	94	5	25	29632	864	0	4	0	864
78	17667	0	1	4	1	0	0	1	17	77	4	25	29632	880	0	4	0	880
78	17669	0	1	4	1	0	0	1	17	77	4	25	29632	880	0	4	0	880
78	17670	0	1	4	1	0	0	1	17	77	4	25	29632	880	0	4	0	880
78	17673	0	1	4	1	0	0	1	17	77	4	25	29632	880	0	4	0	880
78	17674	0	1	4	1	0	0	1	17	77	4	25	29632	880	0	4	0	880
78	17676	0	1	4	1	0	0	1	17	77	4	25	29632	880	0	4	0	880
78	17681	0	1	4	1	0	0	1	17	77	4	25	29632	880	0	4	0	880
78	17682	0	1	4	1	0	0	1	17	77	4	25	29632	880	0	4	0	880
78	17684	0	1	4	1	0	0	1	17	77	4	25	29632	880	0	4	0	880
78	17688	0	1	4	1	0	0	1	17	77	4	25	29632	880	0	4	0	880
78	17697	0	1	4	1	0	0	1	17	77	4	25	29632	880	0	4	0	880
78	17698	0	1	4	1	0	0	1	17	77	4	25	29632	880	0	4	0	880
78	17700	0	1	4	1	0	0	1	17	77	4	25	29632	880	0	4	0	880
78	17704	0	1	4	1	0	0	1	17	77	4	25	29632	880	0	4	0	880
78	17712	0	1	4	1	0	0	1	17	77	4	25	29632	880	0	4	0	880
78	17729	0	1	4	1	0	0	1	15	94	5	25	29632	864	0	4	0	864
78	17730	0	1	4	1	0	0	1	15	94	5	25	29632	864	0	4	0	864
78	17732	0	1	4	1	0	0	1	15	94	5	25	29632	864	0	4	0	864
78	17736	0	1	4	1	0	0	1	15	94	5	25	29632	864	0	4	0	864
78	17744	0	1	4	1	0	0	1	15	94	5	25	29632	864	0	4	0	864
78	17760	0	1	4	1	0	0	1	15	94	5	25	29632	864	0	4	0	864
78	17793	0	1	4	1	0	0	1	15	94	5	25	29632	864	0	4	0	864
78	17794	0	1	4	1	0	0	1	15	94	5	25	29632	864	0	4	0	864
78	17796	0	1	4	1	0	0	1	15	94	5	25	29632	864	0	4	0	864
78	17800	0	1	4	1	0	0	1	15	94	5	25	29632	864	0	4	0	864
78	17808	0	1	4	1	0	0	1	15	94	5	25	29632	864	0	4	0	864
78	17824	0	1	4	1	0	0	1	15	94	5	25	29632	864	0	4	0	864
78	17856	0	1	4	1	0	0	1	13	222	6	25	29632	832	0	4	0	832
78	17923	0	1	4	1	0	0	1	17	77	4	25	29632	880	0	4	0	880
78	17925	0	1	4	1	0	0	1	17	77	4	25	29632	880	0	4	0	880
78	17926	0	1	4	1	0	0	1	17	77	4	25	29632	880	0	4	0	880
78	17929	0	1	4	1	0	0	1	17	77	4	25	29632	880	0	4	0	880
78	17930	0	1	4	1	0	0	1	17	77	4	25	29632	880	0	4	0	880
78	17932	0	1	4	1	0	0	1	17	77	4	25	29632	880	0	4	0	880
78	17937	0	1	4	1	0	0	1	17	77	4	25	29632	880	0	4	0	880
78	17938	0	1	4	1	0	0	1	17	77	4	25	29632	880	0	4	0	880
78	17940	0	1	4	1	0	0	1	17	77	4	25	29632	880	0	4	0	880
78	17944	0	1	4	1	0	0	1	17	77	4	25	29632	880	0	4	0	880
78	17953	0	1	4	1	0	0	1	17	77	4	25	29632	880	0	4	0	880
78	17954	0	1	4	1	0	0	1	17	77	4	25	29632	880	0	4	0	880
78	17956	0	1	4	1	0	0	1	17	77	4	25	29632	880	0	4	0	880
78	17960	0	1	4	1	0	0	1	17	77	4	25	29632	880	0	4	0	880
78	17968	0	1	4	1	0	0	1	17	77	4	25	29632	880	0	4	0	880
78	17985	0	1	4	1	0	0	1	15	94	5	25	29632	864	0	4	0	864
78	17986	0	1	4	1	0	0	1	15	94	5	25	29632	864	0	4	0	864
78	17988	0	1	4	1	0	0	1	15	94	5	25	29632	864	0	4	0	864
78	17992	0	1	4	1	0	0	1	15	94	5	25	29632	864	0	4	0	864
78	18000	0	1	4	1	0	0	1	15	94	5	25	29632	864	0	4	0	864
78	18016	0	1	4	1	0	0	1	15	94	5	25	29632	864	0	4	0	864
78	18049	0	1	4	1	0	0	1	15	94	5	25	29632	864	0	4	0	864
78	18050	0	1	4	1	0	0	1	15	94	5	25	29632	864	0	4	0	864
78	18052	0	1	4	1	0	0	1	15	94	5	25	29632	864	0	4	0	864
78	18056	0	1	4	1	0	0	1	15	94	5	25	29632	864	0	4	0	864
78	18064	0	1	4	1	0	0	1	15	94	5	25	29632	864	0	4	0	864
78	18080	0	1	4	1	0	0	1	15	94	5	25	29632	864	0	4	0	864
78	18112	0	1	4	1	0	0	1	13	222	6	25	29632	832	0	4	0	832
78	18177	0	1	4	1	0	0	1	15	94	5	25	29632	864	0	4	0	864
78	18178	0	1	4	1	0	0	1	15	94	5	25	29632	864	0	4	0	864
78	18180	0	1	4	1	0	0	1	15	94	5	25	29632	864	0	4	0	864
78	18184	0	1	4	1	0	0	1	15	94	5	25	29632	864	0	4	0	864
78	18192	0	1	4	1	0	0	1	15	94	5	25	29632	864	0	4	0	864
78	18208	0	1	4	1	0	0	1	15	94	5	25	29632	864	0	4	0	864
78	18240	0	1	4	1	0	0	1	13	222	6	25	29632	832	0	4	0	832
78	18304	0	1	4	1	0	0	1	13	222	6	25	29632	832	0	4	0	832
78	18439	0	1	4	1	0	0	1	19	11	3	25	29632	888	0	4	0	888
78	18443	0	1	4	1	0	0	1	19	11	3	25	29632	888	0	4	0	888
78	18445	0	1	4	1	0	0	1	19	11	3	25	29632	888	0	4	0	888
78	18446	0	1	4	1	0	0	1	19	11	3	25	29632	888	0	4	0	888
78	18451	0	1	4	1	0	0	1	19	11	3	25	29632	888	0	4	0	888
78	18453	0	1	4	1	0	0	1	19	11	3	25	29632	888	0	4	0	888
78	18454	0	1	4	1	0	0	1	19	11	3	25	29632	888	0	4	0	888
78	18457	0	1	4	1	0	0	1	19	11	3	25	29632	888	0	4	0	888
78	18458	0	1	4	1	0	0	1	19	11	3	25	29632	888	0	4	0	888
78	18460	0	1	4	1	0	0	1	19	11	3	25	29632	888	0	4	0	888
78	18467	0	1	4	1	0	0	1	19	11	3	25	29632	888	0	4	0	888
78	18469	0	1	4	1	0	0	1	19	11	3	25	29632	888	0	4	0	888
78	18470	0	1	4	1	0	0	1	19	11	3	25	29632	888	0	4	0	888
78	18473	0	1	4	1	0	0	1	19	11	3	25	29632	888	0	4	0	888
78	18474	0	1	4	1	0	0	1	19	11	3	25	29632	888	0	4	0	888
78	18476	0	1	4	1	0	0	1	19	11	3	25	29632	888	0	4	0	888
78	18481	0	1	4	1	0	0	1	19	11	3	25	29632	888	0	4	0	888
78	18482	0	1	4	1	0	0	1	19	11	3	25	29632	888	0	4	0	888
78	18484	0	1	4	1	0	0	1	19	11	3	25	29632	888	0	4	0	888
78	18488	0	1	4	1	0	0	1	19	11	3	25	29632	888	0	4	0	888
78	18499	0	1	4	1	0	0	1	17	77	4	25	29632	880	0	4	0	880
78	18501	0	1	4	1	0	0	1	17	77	4	25	29632	880	0	4	0	880
78	18502	0	1	4	1	0	0	1	17	77	4	25	29632	880	0	4	0	880
78	18505	0	1	4	1	0	0	1	17	77	4	25	29632	880	0	4	0	880
78	18506	0	1	4	1	0	0	1	17	77	4	25	29632	880	0	4	0	880
78	18508	0	1	4	1	0	0	1	17	77	4	25	29632	880	0	4	0	880
78	18513	0	1	4	1	0	0	1	17	77	4	25	29632	880	0	4	0	880
78	18514	0	1	4	1	0	0	1	17	77	4	25	29632	880	0	4	0	880
78	18516	0	1	4	1	0	0	1	17	77	4	25	29632	880	0	4	0	880
78	18520	0	1	4	1	0	0	1	17	77	4	25	29632	880	0	4	0	880
78	18529	0	1	4	1	0	0	1	17	77	4	25	29632	880	0	4	0	880
78	18530	0	1	4	1	0	0	1	17	77	4	25	29632	880	0	4	0	880
78	18532	0	1	4	1	0	0	1	17	77	4	25	29632	880	0	4	0	880
78	18536	0	1	4	1	0	0	1	17	77	4	25	29632	880	0	4	0	880
78	18544	0	1	4	1	0	0	1	17	77	4	25	29632	880	0	4	0	880
78	18563	0	1	4	1	0	0	1	17	77	4	25	29632	880	0	4	0	880
78	18565	0	1	4	1	0	0	1	17	77	4	25	29632	880	0	4	0	880
78	18566	0	1	4	1	0	0	1	17	77	4	25	29632	880	0	4	0	880
78	18569	0	1	4	1	0	0	1	17	77	4	25	29632	880	0	4	0	880
78	18570	0	1	4	1	0	0	1	17	77	4	25	29632	880	0	4	0	880
78	18572	0	1	4	1	0	0	1	17	77	4	25	29632	880	0	4	0	880
78	18577	0	1	4	1	0	0	1	17	77	4	25	29632	880	0	4	0	880
78	18578	0	1	4	1	0	0	1	17	77	4	25	29632	880	0	4	0	880
78	18580	0	1	4	1	0	0	1	17	77	4	25	29632	880	0	4	0	880
78	18584	0	1	4	1	0	0	1	17	77	4	25	29632	880	0	4	0	880
78	18593	0	1	4	1	0	0	1	17	77	4	25	29632	880	0	4	0	880
78	18594	0	1	4	1	0	0	1	17	77	4	25	29632	880	0	4	0	880
78	18596	0	1	4	1	0	0	1	17	77	4	25	29632	880	0	4	0	880
78	18600	0	1	4	1	0	0	1	17	77	4	25	29632	880	0	4	0	880
78	18608	0	1	4	1	0	0	1	17	77	4	25	29632	880	0	4	0	880
78	18625	0	1	4	1	0	0	1	15	94	5	25	29632	864	0	4	0	864
78	18626	0	1	4	1	0	0	1	15	94	5	25	29632	864	0	4	0	864
78	18628	0	1	4	1	0	0	1	15	94	5	25	29632	864	0	4	0	864
78	18632	0	1	4	1	0	0	1	15	94	5	25	29632	864	0	4	0	864
78	18640	0	1	4	1	0	0	1	15	94	5	25	29632	864	0	4	0	864
78	18656	0	1	4	1	0	0	1	15	94	5	25	29632	864	0	4	0	864
78	18691	0	1	4	1	0	0	1	17	77	4	25	29632	880	0	4	0	880
78	18693	0	1	4	1	0	0	1	17	77	4	25	29632	880	0	4	0	880
78	18694	0	1	4	1	0	0	1	17	77	4	25	29632	880	0	4	0	880
78	18697	0	1	4	1	0	0	1	17	77	4	25	29632	880	0	4	0	880
78	18698	0	1	4	1	0	0	1	17	77	4	25	29632	880	0	4	0	880
78	18700	0	1	4	1	0	0	1	17	77	4	25	29632	880	0	4	0	880
78	18705	0	1	4	1	0	0	1	17	77	4	25	29632	880	0	4	0	880
78	18706	0	1	4	1	0	0	1	17	77	4	25	29632	880	0	4	0	880
78	18708	0	1	4	1	0	0	1	17	77	4	25	29632	880	0	4	0	880
78	18712	0	1	4	1	0	0	1	17	77	4	25	29632	880	0	4	0	880
78	18721	0	1	4	1	0	0	1	17	77	4	25	29632	880	0	4	0	880
78	18722	0	1	4	1	0	0	1	17	77	4	25	29632	880	0	4	0	880
78	18724	0	1	4	1	0	0	1	17	77	4	25	29632	880	0	4	0	880
78	18728	0	1	4	1	0	0	1	17	77	4	25	29632	880	0	4	0	880
78	18736	0	1	4	1	0	0	1	17	77	4	25	29632	880	0	4	0	880
78	18753	0	1	4	1	0	0	1	15	94	5	25	29632	864	0	4	0	864
78	18754	0	1	4	1	0	0	1	15	94	5	25	29632	864	0	4	0	864
78	18756	0	1	4	1	0	0	1	15	94	5	25	29632	864	0	4	0	864
78	18760	0	1	4	1	0	0	1	15	94	5	25	29632	864	0	4	0	864
78	18768	0	1	4	1	0	0	1	15	94	5	25	29632	864	0	4	0	864
78	18784	0	1	4	1	0	0	1	15	94	5	25	29632	864	0	4	0	864
78	18817	0	1	4	1	0	0	1	15	94	5	25	29632	864	0	4	0	864
78	18818	0	1	4	1	0	0	1	15	94	5	25	29632	864	0	4	0	864
78	18820	0	1	4	1	0	0	1	15	94	5	25	29632	864	0	4	0	864
78	18824	0	1	4	1	0	0	1	15	94	5	25	29632	864	0	4	0	864
78	18832	0	1	4	1	0	0	1	15	94	5	25	29632	864	0	4	0	864
78	18848	0	1	4	1	0	0	1	15	94	5	25	29632	864	0	4	0	864
78	18880	0	1	4	1	0	0	1	13	222	6	25	29632	832	0	4	0	832
78	18947	0	1	4	1	0	0	1	17	77	4	25	29632	880	0	4	0	880
78	18949	0	1	4	1	0	0	1	17	77	4	25	29632	880	0	4	0	880
78	18950	0	1	4	1	0	0	1	17	77	4	25	29632	880	0	4	0	880
78	18953	0	1	4	1	0	0	1	17	77	4	25	29632	880	0	4	0	880
78	18954	0	1	4	1	0	0	1	17	77	4	25	29632	880	0	4	0	880
78	18956	0	1	4	1	0	0	1	17	77	4	25	29632	880	0	4	0	880
78	18961	0	1	4	1	0	0	1	17	77	4	25	29632	880	0	4	0	880
78	18962	0	1	4	1	0	0	1	17	77	4	25	29632	880	0	4	0	880
78	18964	0	1	4	1	0	0	1	17	77	4	25	29632	880	0	4	0	880
78	18968	0	1	4	1	0	0	1	17	77	4	25	29632	880	0	4	0	880
78	18977	0	1	4	1	0	0	1	17	77	4	25	29632	880	0	4	0	880
78	18978	0	1	4	1	0	0	1	17	77	4	25	29632	880	0	4	0	880
78	18980	0	1	4	1	0	0	1	17	77	4	25	29632	880	0	4	0	880
78	18984	0	1	4	1	0	0	1	17	77	4	25	29632	880	0	4	0	880
78	18992	0	1	4	1	0	0	1	17	77	4	25	29632	880	0	4	0	880
78	19009	0	1	4	1	0	0	1	15	94	5	25	29632	864	0	4	0	864
78	19010	0	1	4	1	0	0	1	15	94	5	25	29632	864	0	4	0	864
78	19012	0	1	4	1	0	0	1	15	94	5	25	29632	864	0	4	0	864
78	19016	0	1	4	1	0	0	1	15	94	5	25	29632	864	0	4	0	864
78	19024	0	1	4	1	0	0	1	15	94	5	25	29632	864	0	4	0	864
78	19040	0	1	4	1	0	0	1	15	94	5	25	29632	864	0	4	0	864
78	19073	0	1	4	1	0	0	1	15	94	5	25	29632	864	0	4	0	864
78	19074	0	1	4	1	0	0	1	15	94	5	25	29632	864	0	4	0	864
78	19076	0	1	4	1	0	0	1	15	94	5	25	29632	864	0	4	0	864
78	19080	0	1	4	1	0	0	1	15	94	5	25	29632	864	0	4	0	864
78	19088	0	1	4	1	0	0	1	15	94	5	25	29632	864	0	4	0	864
78	19104	0	1	4	1	0	0	1	15	94	5	25	29632	864	0	4	0	864
78	19136	0	1	4	1	0	0	1	13	222	6	25	29632	832	0	4	0	832
78	19201	0	1	4	1	0	0	1	15	94	5	25	29632	864	0	4	0	864
78	19202	0	1	4	1	0	0	1	15	94	5	25	29632	864	0	4	0	864
78	19204	0	1	4	1	0	0	1	15	94	5	25	29632	864	0	4	0	864
78	19208	0	1	4	1	0	0	1	15	94	5	25	29632	864	0	4	0	864
78	19216	0	1	4	1	0	0	1	15	94	5	25	29632	864	0	4	0	864
78	19232	0	1	4	1	0	0	1	15	94	5	25	29632	864	0	4	0	864
78	19264	0	1	4	1	0	0	1	13	222	6	25	29632	832	0	4	0	832
78	19328	0	1	4	1	0	0	1	13	222	6	25	29632	832	0	4	0	832
78	19459	0	16	4	1	0	0	2	24	3	2	28	29632	1008	0	4	0	768,784,800,816,832,848,864,880,896,912,928,944,960,976,992,1008
78	19461	0	16	4	1	0	0	2	24	3	2	28	29632	1008	0	4	0	768,784,800,816,832,848,864,880,896,912,928,944,960,976,992,1008
78	19462	0	16	4	1	0	0	2	24	3	2	28	29632	1008	0	4	0	768,784,800,816,832,848,864,880,896,912,928,944,960,976,992,1008
78	19465	0	16	4	1	0	0	2	24	3	2	28	29632	1008	0	4	0	768,784,800,816,832,848,864,880,896,912,928,944,960,976,992,1008
78	19466	0	16	4	1	0	0	2	24	3	2	28	29632	1008	0	4	0	768,784,800,816,832,848,864,880,896,912,928,944,960,976,992,1008
78	19468	0	16	4	1	0	0	2	24	3	2	28	29632	1008	0	4	0	768,784,800,816,832,848,864,880,896,912,928,944,960,976,992,1008
78	19473	0	16	4	1	0	0	2	24	3	2	28	29632	1008	0	4	0	768,784,800,816,832,848,864,880,896,912,928,944,960,976,992,1008
78	19474	0	16	4	1	0	0	2	24	3	2	28	29632	1008	0	4	0	768,784,800,816,832,848,864,880,896,912,928,944,960,976,992,1008
78	19476	0	16	4	1	0	0	2	24	3	2	28	29632	1008	0	4	0	768,784,800,816,832,848,864,880,896,912,928,944,960,976,992,1008
78	19480	0	16	4	1	0	0	2	24	3	2	28	29632	1008	0	4	0	768,784,800,816,832,848,864,880,896,912,928,944,960,976,992,1008
78	19489	0	16	4	1	0	0	2	24	3	2	28	29632	1008	0	4	0	768,784,800,816,832,848,864,880,896,912,928,944,960,976,992,1008
78	19490	0	16	4	1	0	0	2	24	3	2	28	29632	1008	0	4	0	768,784,800,816,832,848,864,880,896,912,928,944,960,976,992,1008
78	19492	0	16	4	1	0	0	2	24	3	2	28	29632	1008	0	4	0	768,784,800,816,832,848,864,880,896,912,928,944,960,976,992,1008
78	19496	0	16	4	1	0	0	2	24	3	2	28	29632	1008	0	4	0	768,784,800,816,832,848,864,880,896,912,928,944,960,976,992,1008
78	19504	0	16	4	1	0	0	2	24	3	2	28	29632	1008	0	4	0	768,784,800,816,832,848,864,880,896,912,928,944,960,976,992,1008
78	19521	0	8	4	1	0	0	2	20	77	4	28	29632	992	0	4	0	768,800,832,864,896,928,960,992
78	19522	0	8	4	1	0	0	2	20	77	4	28	29632	992	0	4	0	768,800,832,864,896,928,960,992
78	19524	0	8	4	1	0	0	2	20	77	4	28	29632	992	0	4	0	768,800,832,864,896,928,960,992
78	19528	0	8	4	1	0	0	2	20	77	4	28	29632	992	0	4	0	768,800,832,864,896,928,960,992
78	19536	0	8	4	1	0	0	2	20	77	4	28	29632	992	0	4	0	768,800,832,864,896,928,960,992
78	19552	0	8	4	1	0	0	2	20	77	4	28	29632	992	0	4	0	768,800,832,864,896,928,960,992
78	19585	0	8	4	1	0	0	2	20	77	4	28	29632	992	0	4	0	768,800,832,864,896,928,960,992
78	19586	0	8	4	1	0	0	2	20	77	4	28	29632	992	0	4	0	768,800,832,864,896,928,960,992
78	19588	0	8	4	1	0	0	2	20	77	4	28	29632	992	0	4	0	768,800,832,864,896,928,960,992
78	19592	0	8	4	1	0	0	2	20	77	4	28	29632	992	0	4	0	768,800,832,864,896,928,960,992
78	19600	0	8	4	1	0	0	2	20	77	4	28	29632	992	0	4	0	768,800,832,864,896,928,960,992
78	19616	0	8	4	1	0	0	2	20	77	4	28	29632	992	0	4	0	768,800,832,864,896,928,960,992
78	19648	0	4	4	1	0	0	2	16	222	6	28	29632	960	0	4	0	768,832,896,960
78	19713	0	8	4	1	0	0	2	20	77	4	28	29632	992	0	4	0	768,800,832,864,896,928,960,992
78	19714	0	8	4	1	0	0	2	20	77	4	28	29632	992	0	4	0	768,800,832,864,896,928,960,992
78	19716	0	8	4	1	0	0	2	20	77	4	28	29632	992	0	4	0	768,800,832,864,896,928,960,992
78	19720	0	8	4	1	0	0	2	20	77	4	28	29632	992	0	4	0	768,800,832,864,896,928,960,992
78	19728	0	8	4	1	0	0	2	20	77	4	28	29632	992	0	4	0	768,800,832,864,896,928,960,992
78	19744	0	8	4	1	0	0	2	20	77	4	28	29632	992	0	4	0	768,800,832,864,896,928,960,992
78	19776	0	4	4	1	0	0	2	16	222	6	28	29632	960	0	4	0	768,832,896,960
78	19840	0	4	4	1	0	0	2	16	222	6	28	29632	960	0	4	0	768,832,896,960
78	19969	0	8	4	1	0	0	2	20	77	4	28	29632	992	0	4	0	768,800,832,864,896,928,960,992
78	19970	0	8	4	1	0	0	2	20	77	4	28	29632	992	0	4	0	768,800,832,864,896,928,960,992
78	19972	0	8	4	1	0	0	2	20	77	4	28	29632	992	0	4	0	768,800,832,864,896,928,960,992
78	19976	0	8	4	1	0	0	2	20	77	4	28	29632	992	0	4	0	768,800,832,864,896,928,960,992
78	19984	0	8	4	1	0	0	2	20	77	4	28	29632	992	0	4	0	768,800,832,864,896,928,960,992
78	20000	0	8	4	1	0	0	2	20	77	4	28	29632	992	0	4	0	768,800,832,864,896,928,960,992
78	20032	0	4	4	1	0	0	2	16	222	6	28	29632	960	0	4	0	768,832,896,960
78	20096	0	4	4	1	0	0	2	16	222	6	28	29632	960	0	4	0	768,832,896,960
78	20224	0	4	4	1	0	0	2	16	222	6	28	29632	960	0	4	0	768,832,896,960
78	20487	0	1	4	1	0	0	1	15	222	6	27	29632	632	0	4	0	632
78	20491	0	1	4	1	0	0	1	15	222	6	27	29632	632	0	4	0	632
78	20493	0	1	4	1	0	0	1	15	222	6	27	29632	632	0	4	0	632
78	20494	0	1	4	1	0	0	1	15	222	6	27	29632	632	0	4	0	632
78	20499	0	1	4	1	0	0	1	15	222	6	27	29632	632	0	4	0	632
78	20501	0	1	4	1	0	0	1	15	222	6	27	29632	632	0	4	0	632
78	20502	0	1	4	1	0	0	1	15	222	6	27	29632	632	0	4	0	632
78	20505	0	1	4	1	0	0	1	15	222	6	27	29632	632	0	4	0	632
78	20506	0	1	4	1	0	0	1	15	222	6	27	29632	632	0	4	0	632
78	20508	0	1	4	1	0	0	1	15	222	6	27	29632	632	0	4	0	632
78	20515	0	1	4	1	0	0	1	15	222	6	27	29632	632	0	4	0	632
78	20517	0	1	4	1	0	0	1	15	222	6	27	29632	632	0	4	0	632
78	20518	0	1	4	1	0	0	1	15	222	6	27	29632	632	0	4	0	632
78	20521	0	1	4	1	0	0	1	15	222	6	27	29632	632	0	4	0	632
78	20522	0	1	4	1	0	0	1	15	222	6	27	29632	632	0	4	0	632
78	20524	0	1	4	1	0	0	1	15	222	6	27	29632	632	0	4	0	632
78	20529	0	1	4	1	0	0	1	15	222	6	27	29632	632	0	4	0	632
78	20530	0	1	4	1	0	0	1	15	222	6	27	29632	632	0	4	0	632
78	20532	0	1	4	1	0	0	1	15	222	6	27	29632	632	0	4	0	632
78	20536	0	1	4	1	0	0	1	15	222	6	27	29632	632	0	4	0	632
78	20547	0	1	4	1	0	0	1	17	94	5	27	29632	624	0	4	0	624
78	20549	0	1	4	1	0	0	1	17	94	5	27	29632	624	0	4	0	624
78	20550	0	1	4	1	0	0	1	17	94	5	27	29632	624	0	4	0	624
78	20553	0	1	4	1	0	0	1	17	94	5	27	29632	624	0	4	0	624
78	20554	0	1	4	1	0	0	1	17	94	5	27	29632	624	0	4	0	624
78	20556	0	1	4	1	0	0	1	17	94	5	27	29632	624	0	4	0	624
78	20561	0	1	4	1	0	0	1	17	94	5	27	29632	624	0	4	0	624
78	20562	0	1	4	1	0	0	1	17	94	5	27	29632	624	0	4	0	624
78	20564	0	1	4	1	0	0	1	17	94	5	27	29632	624	0	4	0	624
78	20568	0	1	4	1	0	0	1	17	94	5	27	29632	624	0	4	0	624
78	20577	0	1	4	1	0	0	1	17	94	5	27	29632	624	0	4	0	624
78	20578	0	1	4	1	0	0	1	17	94	5	27	29632	624	0	4	0	624
78	20580	0	1	4	1	0	0	1	17	94	5	27	29632	624	0	4	0	624
78	20584	0	1	4	1	0	0	1	17	94	5	27	29632	624	0	4	0	624
78	20592	0	1	4	1	0	0	1	17	94	5	27	29632	624	0	4	0	624
78	20611	0	1	4	1	0	0	1	17	94	5	27	29632	624	0	4	0	624
78	20613	0	1	4	1	0	0	1	17	94	5	27	29632	624	0	4	0	624
78	20614	0	1	4	1	0	0	1	17	94	5	27	29632	624	0	4	0	624
78	20617	0	1	4	1	0	0	1	17	94	5	27	29632	624	0	4	0	624
78	20618	0	1	4	1	0	0	1	17	94	5	27	29632	624	0	4	0	624
78	20620	0	1	4	1	0	0	1	17	94	5	27	29632	624	0	4	0	624
78	20625	0	1	4	1	0	0	1	17	94	5	27	29632	624	0	4	0	624
78	20626	0	1	4	1	0	0	1	17	94	5	27	29632	624	0	4	0	624
78	20628	0	1	4	1	0	0	1	17	94	5	27	29632	624	0	4	0	624
78	20632	0	1	4	1	0	0	1	17	94	5	27	29632	624	0	4	0	624
78	20641	0	1	4	1	0	0	1	17	94	5	27	29632	624	0	4	0	624
78	20642	0	1	4	1	0	0	1	17	94	5	27	29632	624	0	4	0	624
78	20644	0	1	4	1	0	0	1	17	94	5	27	29632	624	0	4	0	624
78	20648	0	1	4	1	0	0	1	17	94	5	27	29632	624	0	4	0	624
78	20656	0	1	4	1	0	0	1	17	94	5	27	29632	624	0	4	0	624
78	20673	0	1	4	1	0	0	1	19	77	4	27	29632	608	0	4	0	608
78	20674	0	1	4	1	0	0	1	19	77	4	27	29632	608	0	4	0	608
78	20676	0	1	4	1	0	0	1	19	77	4	27	29632	608	0	4	0	608
78	20680	0	1	4	1	0	0	1	19	77	4	27	29632	608	0	4	0	608
78	20688	0	1	4	1	0	0	1	19	77	4	27	29632	608	0	4	0	608
78	20704	0	1	4	1	0	0	1	19	77	4	27	29632	608	0	4	0	608
78	20739	0	1	4	1	0	0	1	17	94	5	27	29632	624	0	4	0	624
78	20741	0	1	4	1	0	0	1	17	94	5	27	29632	624	0	4	0	624
78	20742	0	1	4	1	0	0	1	17	94	5	27	29632	624	0	4	0	624
78	20745	0	1	4	1	0	0	1	17	94	5	27	29632	624	0	4	0	624
78	20746	0	1	4	1	0	0	1	17	94	5	27	29632	624	0	4	0	624
78	20748	0	1	4	1	0	0	1	17	94	5	27	29632	624	0	4	0	624
78	20753	0	1	4	1	0	0	1	17	94	5	27	29632	624	0	4	0	624
78	20754	0	1	4	1	0	0	1	17	94	5	27	29632	624	0	4	0	624
78	20756	0	1	4	1	0	0	1	17	94	5	27	29632	624	0	4	0	624
78	20760	0	1	4	1	0	0	1	17	94	5	27	29632	624	0	4	0	624
78	20769	0	1	4	1	0	0	1	17	94	5	27	29632	624	0	4	0	624
78	20770	0	1	4	1	0	0	1	17	94	5	27	29632	624	0	4	0	624
78	20772	0	1	4	1	0	0	1	17	94	5	27	29632	624	0	4	0	624
78	20776	0	1	4	1	0	0	1	17	94	5	27	29632	624	0	4	0	624
78	20784	0	1	4	1	0	0	1	17	94	5	27	29632	624	0	4	0	624
78	20801	0	1	4	1	0	0	1	19	77	4	27	29632	608	0	4	0	608
78	20802	0	1	4	1	0	0	1	19	77	4	27	29632	608	0	4	0	608
78	20804	0	1	4	1	0	0	1	19	77	4	27	29632	608	0	4	0	608
78	20808	0	1	4	1	0	0	1	19	77	4	27	29632	608	0	4	0	608
78	20816	0	1	4	1	0	0	1	19	77	4	27	29632	608	0	4	0	608
78	20832	0	1	4	1	0	0	1	19	77	4	27	29632	608	0	4	0	608
78	20865	0	1	4	1	0	0	1	19	77	4	27	29632	608	0	4	0	608
78	20866	0	1	4	1	0	0	1	19	77	4	27	29632	608	0	4	0	608
78	20868	0	1	4	1	0	0	1	19	77	4	27	29632	608	0	4	0	608
78	20872	0	1	4	1	0	0	1	19	77	4	27	29632	608	0	4	0	608
78	20880	0	1	4	1	0	0	1	19	77	4	27	29632	608	0	4	0	608
78	20896	0	1	4	1	0	0	1	19	77	4	27	29632	608	0	4	0	608
78	20928	0	1	4	1	0	0	1	21	11	3	27	29632	576	0	4	0	576
78	20995	0	1	4	1	0	0	1	17	94	5	27	29632	624	0	4	0	624
78	20997	0	1	4	1	0	0	1	17	94	5	27	29632	624	0	4	0	624
78	20998	0	1	4	1	0	0	1	17	94	5	27	29632	624	0	4	0	624
78	21001	0	1	4	1	0	0	1	17	94	5	27	29632	624	0	4	0	624
78	21002	0	1	4	1	0	0	1	17	94	5	27	29632	624	0	4	0	624
78	21004	0	1	4	1	0	0	1	17	94	5	27	29632	624	0	4	0	624
78	21009	0	1	4	1	0	0	1	17	94	5	27	29632	624	0	4	0	624
78	21010	0	1	4	1	0	0	1	17	94	5	27	29632	624	0	4	0	624
78	21012	0	1	4	1	0	0	1	17	94	5	27	29632	624	0	4	0	624
78	21016	0	1	4	1	0	0	1	17	94	5	27	29632	624	0	4	0	624
78	21025	0	1	4	1	0	0	1	17	94	5	27	29632	624	0	4	0	624
78	21026	0	1	4	1	0	0	1	17	94	5	27	29632	624	0	4	0	624
78	21028	0	1	4	1	0	0	1	17	94	5	27	29632	624	0	4	0	624
78	21032	0	1	4	1	0	0	1	17	94	5	27	29632	624	0	4	0	624
78	21040	0	1	4	1	0	0	1	17	94	5	27	29632	624	0	4	0	624
78	21057	0	1	4	1	0	0	1	19	77	4	27	29632	608	0	4	0	608
78	21058	0	1	4	1	0	0	1	19	77	4	27	29632	608	0	4	0	608
78	21060	0	1	4	1	0	0	1	19	77	4	27	29632	608	0	4	0	608
78	21064	0	1	4	1	0	0	1	19	77	4	27	29632	608	0	4	0	608
78	21072	0	1	4	1	0	0	1	19	77	4	27	29632	608	0	4	0	608
78	21088	0	1	4	1	0	0	1	19	77	4	27	29632	608	0	4	0	608
78	21121	0	1	4	1	0	0	1	19	77	4	27	29632	608	0	4	0	608
78	21122	0	1	4	1	0	0	1	19	77	4	27	29632	608	0	4	0	608
78	21124	0	1	4	1	0	0	1	19	77	4	27	29632	608	0	4	0	608
78	21128	0	1	4	1	0	0	1	19	77	4	27	29632	608	0	4	0	608
78	21136	0	1	4	1	0	0	1	19	77	4	27	29632	608	0	4	0	608
78	21152	0	1	4	1	0	0	1	19	77	4	27	29632	608	0	4	0	608
78	21184	0	1	4	1	0	0	1	21	11	3	27	29632	576	0	4	0	576
78	21249	0	1	4	1	0	0	1	19	77	4	27	29632	608	0	4	0	608
78	21250	0	1	4	1	0	0	1	19	77	4	27	29632	608	0	4	0	608
78	21252	0	1	4	1	0	0	1	19	77	4	27	29632	608	0	4	0	608
78	21256	0	1	4	1	0	0	1	19	77	4	27	29632	608	0	4	0	608
78	21264	0	1	4	1	0	0	1	19	77	4	27	29632	608	0	4	0	608
78	21280	0	1	4	1	0	0	1	19	77	4	27	29632	608	0	4	0	608
78	21312	0	1	4	1	0	0	1	21	11	3	27	29632	576	0	4	0	576
78	21376	0	1	4	1	0	0	1	21	11	3	27	29632	576	0	4	0	576
78	21507	0	1	4	1	0	0	1	20	94	5	30	29632	752	0	4	0	752
78	21509	0	1	4	1	0	0	1	20	94	5	30	29632	752	0	4	0	752
78	21510	0	1	4	1	0	0	1	20	94	5	30	29632	752	0	4	0	752
78	21513	0	1	4	1	0	0	1	20	94	5	30	29632	752	0	4	0	752
78	21514	0	1	4	1	0	0	1	20	94	5	30	29632	752	0	4	0	752
78	21516	0	1	4	1	0	0	1	20	94	5	30	29632	752	0	4	0	752
78	21521	0	1	4	1	0	0	1	20	94	5	30	29632	752	0	4	0	752
78	21522	0	1	4	1	0	0	1	20	94	5	30	29632	752	0	4	0	752
78	21524	0	1	4	1	0	0	1	20	94	5	30	29632	752	0	4	0	752
78	21528	0	1	4	1	0	0	1	20	94	5	30	29632	752	0	4	0	752
78	21537	0	1	4	1	0	0	1	20	94	5	30	29632	752	0	4	0	752
78	21538	0	1	4	1	0	0	1	20	94	5	30	29632	752	0	4	0	752
78	21540	0	1	4	1	0	0	1	20	94	5	30	29632	752	0	4	0	752
78	21544	0	1	4	1	0	0	1	20	94	5	30	29632	752	0	4	0	752
78	21552	0	1	4	1	0	0	1	20	94	5	30	29632	752	0	4	0	752
78	21569	0	1	4	1	0	0	1	22	236	5	30	29632	736	0	4	0	736
78	21570	0	1	4	1	0	0	1	22	236	5	30	29632	736	0	4	0	736
78	21572	0	1	4	1	0	0	1	22	236	5	30	29632	736	0	4	0	736
78	21576	0	1	4	1	0	0	1	22	236	5	30	29632	736	0	4	0	736
78	21584	0	1	4	1	0	0	1	22	236	5	30	29632	736	0	4	0	736
78	21600	0	1	4	1	0	0	1	22	236	5	30	29632	736	0	4	0	736
78	21633	0	1	4	1	0	0	1	22	236	5	30	29632	736	0	4	0	736
78	21634	0	1	4	1	0	0	1	22	236	5	30	29632	736	0	4	0	736
78	21636	0	1	4	1	0	0	1	22	236	5	30	29632	736	0	4	0	736
78	21640	0	1	4	1	0	0	1	22	236	5	30	29632	736	0	4	0	736
78	21648	0	1	4	1	0	0	1	22	236	5	30	29632	736	0	4	0	736
78	21664	0	1	4	1	0	0	1	22	236	5	30	29632	736	0	4	0	736
78	21696	0	1	4	1	0	0	1	20	94	5	30	29632	704	0	4	0	704
78	21761	0	1	4	1	0	0	1	22	236	5	30	29632	736	0	4	0	736
78	21762	0	1	4	1	0	0	1	22	236	5	30	29632	736	0	4	0	736
78	21764	0	1	4	1	0	0	1	22	236	5	30	29632	736	0	4	0	736
78	21768	0	1	4	1	0	0	1	22	236	5	30	29632	736	0	4	0	736
78	21776	0	1	4	1	0	0	1	22	236	5	30	29632	736	0	4	0	736
78	21792	0	1	4	1	0	0	1	22	236	5	30	29632	736	0	4	0	736
78	21824	0	1	4	1	0	0	1	20	94	5	30	29632	704	0	4	0	704
78	21888	0	1	4	1	0	0	1	20	94	5	30	29632	704	0	4	0	704
78	22017	0	1	4	1	0	0	1	22	236	5	30	29632	736	0	4	0	736
78	22018	0	1	4	1	0	0	1	22	236	5	30	29632	736	0	4	0	736
78	22020	0	1	4	1	0	0	1	22	236	5	30	29632	736	0	4	0	736
78	22024	0	1	4	1	0	0	1	22	236	5	30	29632	736	0	4	0	736
78	22032	0	1	4	1	0	0	1	22	236	5	30	29632	736	0	4	0	736
78	22048	0	1	4	1	0	0	1	22	236	5	30	29632	736	0	4	0	736
78	22080	0	1	4	1	0	0	1	20	94	5	30	29632	704	0	4	0	704
78	22144	0	1	4	1	0	0	1	20	94	5	30	29632	704	0	4	0	704
78	22272	0	1	4	1	0	0	1	20	94	5	30	29632	704	0	4	0	704
78	22531	0	1	4	1	0	0	1	20	94	5	30	29632	752	0	4	0	752
78	22533	0	1	4	1	0	0	1	20	94	5	30	29632	752	0	4	0	752
78	22534	0	1	4	1	0	0	1	20	94	5	30	29632	752	0	4	0	752
78	22537	0	1	4	1	0	0	1	20	94	5	30	29632	752	0	4	0	752
78	22538	0	1	4	1	0	0	1	20	94	5	30	29632	752	0	4	0	752
78	22540	0	1	4	1	0	0	1	20	94	5	30	29632	752	0	4	0	752
78	22545	0	1	4	1	0	0	1	20	94	5	30	29632	752	0	4	0	752
78	22546	0	1	4	1	0	0	1	20	94	5	30	29632	752	0	4	0	752
78	22548	0	1	4	1	0	0	1	20	94	5	30	29632	752	0	4	0	752
78	22552	0	1	4	1	0	0	1	20	94	5	30	29632	752	0	4	0	752
78	22561	0	1	4	1	0	0	1	20	94	5	30	29632	752	0	4	0	752
78	22562	0	1	4	1	0	0	1	20	94	5	30	29632	752	0	4	0	752
78	22564	0	1	4	1	0	0	1	20	94	5	30	29632	752	0	4	0	752
78	22568	0	1	4	1	0	0	1	20	94	5	30	29632	752	0	4	0	752
78	22576	0	1	4	1	0	0	1	20	94	5	30	29632	752	0	4	0	752
78	22593	0	1	4	1	0	0	1	22	236	5	30	29632	736	0	4	0	736
78	22594	0	1	4	1	0	0	1	22	236	5	30	29632	736	0	4	0	736
78	22596	0	1	4	1	0	0	1	22	236	5	30	29632	736	0	4	0	736
78	22600	0	1	4	1	0	0	1	22	236	5	30	29632	736	0	4	0	736
78	22608	0	1	4	1	0	0	1	22	236	5	30	29632	736	0	4	0	736
78	22624	0	1	4	1	0	0	1	22	236	5	30	29632	736	0	4	0	736
78	22657	0	1	4	1	0	0	1	22	236	5	30	29632	736	0	4	0	736
78	22658	0	1	4	1	0	0	1	22	236	5	30	29632	736	0	4	0	736
78	22660	0	1	4	1	0	0	1	22	236	5	30	29632	736	0	4	0	736
78	22664	0	1	4	1	0	0	1	22	236	5	30	29632	736	0	4	0	736
78	22672	0	1	4	1	0	0	1	22	236	5	30	29632	736	0	4	0	736
78	22688	0	1	4	1	0	0	1	22	236	5	30	29632	736	0	4	0	736
78	22720	0	1	4	1	0	0	1	20	94	5	30	29632	704	0	4	0	704
78	22785	0	1	4	1	0	0	1	22	236	5	30	29632	736	0	4	0	736
78	22786	0	1	4	1	0	0	1	22	236	5	30	29632	736	0	4	0	736
78	22788	0	1	4	1	0	0	1	22	236	5	30	29632	736	0	4	0	736
78	22792	0	1	4	1	0	0	1	22	236	5	30	29632	736	0	4	0	736
78	22800	0	1	4	1	0	0	1	22	236	5	30	29632	736	0	4	0	736
78	22816	0	1	4	1	0	0	1	22	236	5	30	29632	736	0	4	0	736
78	22848	0	1	4	1	0	0	1	20	94	5	30	29632	704	0	4	0	704
78	22912	0	1	4	1	0	0	1	20	94	5	30	29632	704	0	4	0	704
78	23041	0	1	4	1	0	0	1	22	236	5	30	29632	736	0	4	0	736
78	23042	0	1	4	1	0	0	1	22	236	5	30	29632	736	0	4	0	736
78	23044	0	1	4	1	0	0	1	22	236	5	30	29632	736	0	4	0	736
78	23048	0	1	4	1	0	0	1	22	236	5	30	29632	736	0	4	0	736
78	23056	0	1	4	1	0	0	1	22	236	5	30	29632	736	0	4	0	736
78	23072	0	1	4	1	0	0	1	22	236	5	30	29632	736	0	4	0	736
78	23104	0	1	4	1	0	0	1	20	94	5	30	29632	704	0	4	0	704
78	23168	0	1	4	1	0	0	1	20	94	5	30	29632	704	0	4	0	704
78	23296	0	1	4	1	0	0	1	20	94	5	30	29632	704	0	4	0	704
78	23553	0	16	4	1	0	0	2	25	77	4	33	29632	992	0	4	0	512,544,576,608,640,672,704,736,768,800,832,864,896,928,960,992
78	23554	0	16	4	1	0	0	2	25	77	4	33	29632	992	0	4	0	512,544,576,608,640,672,704,736,768,800,832,864,896,928,960,992
78	23556	0	16	4	1	0	0	2	25	77	4	33	29632	992	0	4	0	512,544,576,608,640,672,704,736,768,800,832,864,896,928,960,992
78	23560	0	16	4	1	0	0	2	25	77	4	33	29632	992	0	4	0	512,544,576,608,640,672,704,736,768,800,832,864,896,928,960,992
78	23568	0	16	4	1	0	0	2	25	77	4	33	29632	992	0	4	0	512,544,576,608,640,672,704,736,768,800,832,864,896,928,960,992
78	23584	0	16	4	1	0	0	2	25	77	4	33	29632	992	0	4	0	512,544,576,608,640,672,704,736,768,800,832,864,896,928,960,992
78	23616	0	8	4	1	0	0	2	23	94	5	33	29632	960	0	4	0	512,576,640,704,768,832,896,960
78	23680	0	8	4	1	0	0	2	23	94	5	33	29632	960	0	4	0	512,576,640,704,768,832,896,960
78	23808	0	8	4	1	0	0	2	23	94	5	33	29632	960	0	4	0	512,576,640,704,768,832,896,960
78	24064	0	8	4	1	0	0	2	23	94	5	33	29632	960	0	4	0	512,576,640,704,768,832,896,960
78	24583	0	1	4	1	0	0	1	15	222	6	27	29632	632	0	4	0	632
78	24587	0	1	4	1	0	0	1	15	222	6	27	29632	632	0	4	0	632
78	24589	0	1	4	1	0	0	1	15	222	6	27	29632	632	0	4	0	632
78	24590	0	1	4	1	0	0	1	15	222	6	27	29632	632	0	4	0	632
78	24595	0	1	4	1	0	0	1	15	222	6	27	29632	632	0	4	0	632
78	24597	0	1	4	1	0	0	1	15	222	6	27	29632	632	0	4	0	632
78	24598	0	1	4	1	0	0	1	15	222	6	27	29632	632	0	4	0	632
78	24601	0	1	4	1	0	0	1	15	222	6	27	29632	632	0	4	0	632
78	24602	0	1	4	1	0	0	1	15	222	6	27	29632	632	0	4	0	632
78	24604	0	1	4	1	0	0	1	15	222	6	27	29632	632	0	4	0	632
78	24611	0	1	4	1	0	0	1	15	222	6	27	29632	632	0	4	0	632
78	24613	0	1	4	1	0	0	1	15	222	6	27	29632	632	0	4	0	632
78	24614	0	1	4	1	0	0	1	15	222	6	27	29632	632	0	4	0	632
78	24617	0	1	4	1	0	0	1	15	222	6	27	29632	632	0	4	0	632
78	24618	0	1	4	1	0	0	1	15	222	6	27	29632	632	0	4	0	632
78	24620	0	1	4	1	0	0	1	15	222	6	27	29632	632	0	4	0	632
78	24625	0	1	4	1	0	0	1	15	222	6	27	29632	632	0	4	0	632
78	24626	0	1	4	1	0	0	1	15	222	6	27	29632	632	0	4	0	632
78	24628	0	1	4	1	0	0	1	15	222	6	27	29632	632	0	4	0	632
78	24632	0	1	4	1	0	0	1	15	222	6	27	29632	632	0	4	0	632
78	24643	0	1	4	1	0	0	1	17	94	5	27	29632	624	0	4	0	624
78	24645	0	1	4	1	0	0	1	17	94	5	27	29632	624	0	4	0	624
78	24646	0	1	4	1	0	0	1	17	94	5	27	29632	624	0	4	0	624
78	24649	0	1	4	1	0	0	1	17	94	5	27	29632	624	0	4	0	624
78	24650	0	1	4	1	0	0	1	17	94	5	27	29632	624	0	4	0	624
78	24652	0	1	4	1	0	0	1	17	94	5	27	29632	624	0	4	0	624
78	24657	0	1	4	1	0	0	1	17	94	5	27	29632	624	0	4	0	624
78	24658	0	1	4	1	0	0	1	17	94	5	27	29632	624	0	4	0	624
78	24660	0	1	4	1	0	0	1	17	94	5	27	29632	624	0	4	0	624
78	24664	0	1	4	1	0	0	1	17	94	5	27	29632	624	0	4	0	624
78	24673	0	1	4	1	0	0	1	17	94	5	27	29632	624	0	4	0	624
78	24674	0	1	4	1	0	0	1	17	94	5	27	29632	624	0	4	0	624
78	24676	0	1	4	1	0	0	1	17	94	5	27	29632	624	0	4	0	624
78	24680	0	1	4	1	0	0	1	17	94	5	27	29632	624	0	4	0	624
78	24688	0	1	4	1	0	0	1	17	94	5	27	29632	624	0	4	0	624
78	24707	0	1	4	1	0	0	1	17	94	5	27	29632	624	0	4	0	624
78	24709	0	1	4	1	0	0	1	17	94	5	27	29632	624	0	4	0	624
78	24710	0	1	4	1	0	0	1	17	94	5	27	29632	624	0	4	0	624
78	24713	0	1	4	1	0	0	1	17	94	5	27	29632	624	0	4	0	624
78	24714	0	1	4	1	0	0	1	17	94	5	27	29632	624	0	4	0	624
78	24716	0	1	4	1	0	0	1	17	94	5	27	29632	624	0	4	0	624
78	24721	0	1	4	1	0	0	1	17	94	5	27	29632	624	0	4	0	624
78	24722	0	1	4	1	0	0	1	17	94	5	27	29632	624	0	4	0	624
78	24724	0	1	4	1	0	0	1	17	94	5	27	29632	624	0	4	0	624
78	24728	0	1	4	1	0	0	1	17	94	5	27	29632	624	0	4	0	624
78	24737	0	1	4	1	0	0	1	17	94	5	27	29632	624	0	4	0	624
78	24738	0	1	4	1	0	0	1	17	94	5	27	29632	624	0	4	0	624
78	24740	0	1	4	1	0	0	1	17	94	5	27	29632	624	0	4	0	624
78	24744	0	1	4	1	0	0	1	17	94	5	27	29632	624	0	4	0	624
78	24752	0	1	4	1	0	0	1	17	94	5	27	29632	624	0	4	0	624
78	24769	0	1	4	1	0	0	1	19	77	4	27	29632	608	0	4	0	608
78	24770	0	1	4	1	0	0	1	19	77	4	27	29632	608	0	4	0	608
78	24772	0	1	4	1	0	0	1	19	77	4	27	29632	608	0	4	0	608
78	24776	0	1	4	1	0	0	1	19	77	4	27	29632	608	0	4	0	608
78	24784	0	1	4	1	0	0	1	19	77	4	27	29632	608	0	4	0	608
78	24800	0	1	4	1	0	0	1	19	77	4	27	29632	608	0	4	0	608
78	24835	0	1	4	1	0	0	1	17	94	5	27	29632	624	0	4	0	624
78	24837	0	1	4	1	0	0	1	17	94	5	27	29632	624	0	4	0	624
78	24838	0	1	4	1	0	0	1	17	94	5	27	29632	624	0	4	0	624
78	24841	0	1	4	1	0	0	1	17	94	5	27	29632	624	0	4	0	624
78	24842	0	1	4	1	0	0	1	17	94	5	27	29632	624	0	4	0	624
78	24844	0	1	4	1	0	0	1	17	94	5	27	29632	624	0	4	0	624
78	24849	0	1	4	1	0	0	1	17	94	5	27	29632	624	0	4	0	624
78	24850	0	1	4	1	0	0	1	17	94	5	27	29632	624	0	4	0	624
78	24852	0	1	4	1	0	0	1	17	94	5	27	29632	624	0	4	0	624
78	24856	0	1	4	1	0	0	1	17	94	5	27	29632	624	0	4	0	624
78	24865	0	1	4	1	0	0	1	17	94	5	27	29632	624	0	4	0	624
78	24866	0	1	4	1	0	0	1	17	94	5	27	29632	624	0	4	0	624
78	24868	0	1	4	1	0	0	1	17	94	5	27	29632	624	0	4	0	624
78	24872	0	1	4	1	0	0	1	17	94	5	27	29632	624	0	4	0	624
78	24880	0	1	4	1	0	0	1	17	94	5	27	29632	624	0	4	0	624
78	24897	0	1	4	1	0	0	1	19	77	4	27	29632	608	0	4	0	608
78	24898	0	1	4	1	0	0	1	19	77	4	27	29632	608	0	4	0	608
78	24900	0	1	4	1	0	0	1	19	77	4	27	29632	608	0	4	0	608
78	24904	0	1	4	1	0	0	1	19	77	4	27	29632	608	0	4	0	608
78	24912	0	1	4	1	0	0	1	19	77	4	27	29632	608	0	4	0	608
78	24928	0	1	4	1	0	0	1	19	77	4	27	29632	608	0	4	0	608
78	24961	0	1	4	1	0	0	1	19	77	4	27	29632	608	0	4	0	608
78	24962	0	1	4	1	0	0	1	19	77	4	27	29632	608	0	4	0	608
78	24964	0	1	4	1	0	0	1	19	77	4	27	29632	608	0	4	0	608
78	24968	0	1	4	1	0	0	1	19	77	4	27	29632	608	0	4	0	608
78	24976	0	1	4	1	0	0	1	19	77	4	27	29632	608	0	4	0	608
78	24992	0	1	4	1	0	0	1	19	77	4	27	29632	608	0	4	0	608
78	25024	0	1	4	1	0	0	1	21	11	3	27	29632	576	0	4	0	576
78	25091	0	1	4	1	0	0	1	17	94	5	27	29632	624	0	4	0	624
78	25093	0	1	4	1	0	0	1	17	94	5	27	29632	624	0	4	0	624
78	25094	0	1	4	1	0	0	1	17	94	5	27	29632	624	0	4	0	624
78	25097	0	1	4	1	0	0	1	17	94	5	27	29632	624	0	4	0	624
78	25098	0	1	4	1	0	0	1	17	94	5	27	29632	624	0	4	0	624
78	25100	0	1	4	1	0	0	1	17	94	5	27	29632	624	0	4	0	624
78	25105	0	1	4	1	0	0	1	17	94	5	27	29632	624	0	4	0	624
78	25106	0	1	4	1	0	0	1	17	94	5	27	29632	624	0	4	0	624
78	25108	0	1	4	1	0	0	1	17	94	5	27	29632	624	0	4	0	624
78	25112	0	1	4	1	0	0	1	17	94	5	27	29632	624	0	4	0	624
78	25121	0	1	4	1	0	0	1	17	94	5	27	29632	624	0	4	0	624
78	25122	0	1	4	1	0	0	1	17	94	5	27	29632	624	0	4	0	624
78	25124	0	1	4	1	0	0	1	17	94	5	27	29632	624	0	4	0	624
78	25128	0	1	4	1	0	0	1	17	94	5	27	29632	624	0	4	0	624
78	25136	0	1	4	1	0	0	1	17	94	5	27	29632	624	0	4	0	624
78	25153	0	1	4	1	0	0	1	19	77	4	27	29632	608	0	4	0	608
78	25154	0	1	4	1	0	0	1	19	77	4	27	29632	608	0	4	0	608
78	25156	0	1	4	1	0	0	1	19	77	4	27	29632	608	0	4	0	608
78	25160	0	1	4	1	0	0	1	19	77	4	27	29632	608	0	4	0	608
78	25168	0	1	4	1	0	0	1	19	77	4	27	29632	608	0	4	0	608
78	25184	0	1	4	1	0	0	1	19	77	4	27	29632	608	0	4	0	608
78	25217	0	1	4	1	0	0	1	19	77	4	27	29632	608	0	4	0	608
78	25218	0	1	4	1	0	0	1	19	77	4	27	29632	608	0	4	0	608
78	25220	0	1	4	1	0	0	1	19	77	4	27	29632	608	0	4	0	608
78	25224	0	1	4	1	0	0	1	19	77	4	27	29632	608	0	4	0	608
78	25232	0	1	4	1	0	0	1	19	77	4	27	29632	608	0	4	0	608
78	25248	0	1	4	1	0	0	1	19	77	4	27	29632	608	0	4	0	608
78	25280	0	1	4	1	0	0	1	21	11	3	27	29632	576	0	4	0	576
78	25345	0	1	4	1	0	0	1	19	77	4	27	29632	608	0	4	0	608
78	25346	0	1	4	1	0	0	1	19	77	4	27	29632	608	0	4	0	608
78	25348	0	1	4	1	0	0	1	19	77	4	27	29632	608	0	4	0	608
78	25352	0	1	4	1	0	0	1	19	77	4	27	29632	608	0	4	0	608
78	25360	0	1	4	1	0	0	1	19	77	4	27	29632	608	0	4	0	608
78	25376	0	1	4	1	0	0	1	19	77	4	27	29632	608	0	4	0	608
78	25408	0	1	4	1	0	0	1	21	11	3	27	29632	576	0	4	0	576
78	25472	0	1	4	1	0	0	1	21	11	3	27	29632	576	0	4	0	576
78	25603	0	1	4	1	0	0	1	20	94	5	30	29632	752	0	4	0	752
78	25605	0	1	4	1	0	0	1	20	94	5	30	29632	752	0	4	0	752
78	25606	0	1	4	1	0	0	1	20	94	5	30	29632	752	0	4	0	752
78	25609	0	1	4	1	0	0	1	20	94	5	30	29632	752	0	4	0	752
78	25610	0	1	4	1	0	0	1	20	94	5	30	29632	752	0	4	0	752
78	25612	0	1	4	1	0	0	1	20	94	5	30	29632	752	0	4	0	752
78	25617	0	1	4	1	0	0	1	20	94	5	30	29632	752	0	4	0	752
78	25618	0	1	4	1	0	0	1	20	94	5	30	29632	752	0	4	0	752
78	25620	0	1	4	1	0	0	1	20	94	5	30	29632	752	0	4	0	752
78	25624	0	1	4	1	0	0	1	20	94	5	30	29632	752	0	4	0	752
78	25633	0	1	4	1	0	0	1	20	94	5	30	29632	752	0	4	0	752
78	25634	0	1	4	1	0	0	1	20	94	5	30	29632	752	0	4	0	752
78	25636	0	1	4	1	0	0	1	20	94	5	30	29632	752	0	4	0	752
78	25640	0	1	4	1	0	0	1	20	94	5	30	29632	752	0	4	0	752
78	25648	0	1	4	1	0	0	1	20	94	5	30	29632	752	0	4	0	752
78	25665	0	1	4	1	0	0	1	22	236	5	30	29632	736	0	4	0	736
78	25666	0	1	4	1	0	0	1	22	236	5	30	29632	736	0	4	0	736
78	25668	0	1	4	1	0	0	1	22	236	5	30	29632	736	0	4	0	736
78	25672	0	1	4	1	0	0	1	22	236	5	30	29632	736	0	4	0	736
78	25680	0	1	4	1	0	0	1	22	236	5	30	29632	736	0	4	0	736
78	25696	0	1	4	1	0	0	1	22	236	5	30	29632	736	0	4	0	736
78	25729	0	1	4	1	0	0	1	22	236	5	30	29632	736	0	4	0	736
78	25730	0	1	4	1	0	0	1	22	236	5	30	29632	736	0	4	0	736
78	25732	0	1	4	1	0	0	1	22	236	5	30	29632	736	0	4	0	736
78	25736	0	1	4	1	0	0	1	22	236	5	30	29632	736	0	4	0	736
78	25744	0	1	4	1	0	0	1	22	236	5	30	29632	736	0	4	0	736
78	25760	0	1	4	1	0	0	1	22	236	5	30	29632	736	0	4	0	736
78	25792	0	1	4	1	0	0	1	20	94	5	30	29632	704	0	4	0	704
78	25857	0	1	4	1	0	0	1	22	236	5	30	29632	736	0	4	0	736
78	25858	0	1	4	1	0	0	1	22	236	5	30	29632	736	0	4	0	736
78	25860	0	1	4	1	0	0	1	22	236	5	30	29632	736	0	4	0	736
78	25864	0	1	4	1	0	0	1	22	236	5	30	29632	736	0	4	0	736
78	25872	0	1	4	1	0	0	1	22	236	5	30	29632	736	0	4	0	736
78	25888	0	1	4	1	0	0	1	22	236	5	30	29632	736	0	4	0	736
78	25920	0	1	4	1	0	0	1	20	94	5	30	29632	704	0	4	0	704
78	25984	0	1	4	1	0	0	1	20	94	5	30	29632	704	0	4	0	704
78	26113	0	1	4	1	0	0	1	22	236	5	30	29632	736	0	4	0	736
78	26114	0	1	4	1	0	0	1	22	236	5	30	29632	736	0	4	0	736
78	26116	0	1	4	1	0	0	1	22	236	5	30	29632	736	0	4	0	736
78	26120	0	1	4	1	0	0	1	22	236	5	30	29632	736	0	4	0	736
78	26128	0	1	4	1	0	0	1	22	236	5	30	29632	736	0	4	0	736
78	26144	0	1	4	1	0	0	1	22	236	5	30	29632	736	0	4	0	736
78	26176	0	1	4	1	0	0	1	20	94	5	30	29632	704	0	4	0	704
78	26240	0	1	4	1	0	0	1	20	94	5	30	29632	704	0	4	0	704
78	26368	0	1	4	1	0	0	1	20	94	5	30	29632	704	0	4	0	704
78	26627	0	1	4	1	0	0	1	20	94	5	30	29632	752	0	4	0	752
78	26629	0	1	4	1	0	0	1	20	94	5	30	29632	752	0	4	0	752
78	26630	0	1	4	1	0	0	1	20	94	5	30	29632	752	0	4	0	752
78	26633	0	1	4	1	0	0	1	20	94	5	30	29632	752	0	4	0	752
78	26634	0	1	4	1	0	0	1	20	94	5	30	29632	752	0	4	0	752
78	26636	0	1	4	1	0	0	1	20	94	5	30	29632	752	0	4	0	752
78	26641	0	1	4	1	0	0	1	20	94	5	30	29632	752	0	4	0	752
78	26642	0	1	4	1	0	0	1	20	94	5	30	29632	752	0	4	0	752
78	26644	0	1	4	1	0	0	1	20	94	5	30	29632	752	0	4	0	752
78	26648	0	1	4	1	0	0	1	20	94	5	30	29632	752	0	4	0	752
78	26657	0	1	4	1	0	0	1	20	94	5	30	29632	752	0	4	0	752
78	26658	0	1	4	1	0	0	1	20	94	5	30	29632	752	0	4	0	752
78	26660	0	1	4	1	0	0	1	20	94	5	30	29632	752	0	4	0	752
78	26664	0	1	4	1	0	0	1	20	94	5	30	29632	752	0	4	0	752
78	26672	0	1	4	1	0	0	1	20	94	5	30	29632	752	0	4	0	752
78	26689	0	1	4	1	0	0	1	22	236	5	30	29632	736	0	4	0	736
78	26690	0	1	4	1	0	0	1	22	236	5	30	29632	736	0	4	0	736
78	26692	0	1	4	1	0	0	1	22	236	5	30	29632	736	0	4	0	736
78	26696	0	1	4	1	0	0	1	22	236	5	30	29632	736	0	4	0	736
78	26704	0	1	4	1	0	0	1	22	236	5	30	29632	736	0	4	0	736
78	26720	0	1	4	1	0	0	1	22	236	5	30	29632	736	0	4	0	736
78	26753	0	1	4	1	0	0	1	22	236	5	30	29632	736	0	4	0	736
78	26754	0	1	4	1	0	0	1	22	236	5	30	29632	736	0	4	0	736
78	26756	0	1	4	1	0	0	1	22	236	5	30	29632	736	0	4	0	736
78	26760	0	1	4	1	0	0	1	22	236	5	30	29632	736	0	4	0	736
78	26768	0	1	4	1	0	0	1	22	236	5	30	29632	736	0	4	0	736
78	26784	0	1	4	1	0	0	1	22	236	5	30	29632	736	0	4	0	736
78	26816	0	1	4	1	0	0	1	20	94	5	30	29632	704	0	4	0	704
78	26881	0	1	4	1	0	0	1	22	236	5	30	29632	736	0	4	0	736
78	26882	0	1	4	1	0	0	1	22	236	5	30	29632	736	0	4	0	736
78	26884	0	1	4	1	0	0	1	22	236	5	30	29632	736	0	4	0	736
78	26888	0	1	4	1	0	0	1	22	236	5	30	29632	736	0	4	0	736
78	26896	0	1	4	1	0	0	1	22	236	5	30	29632	736	0	4	0	736
78	26912	0	1	4	1	0	0	1	22	236	5	30	29632	736	0	4	0	736
78	26944	0	1	4	1	0	0	1	20	94	5	30	29632	704	0	4	0	704
78	27008	0	1	4	1	0	0	1	20	94	5	30	29632	704	0	4	0	704
78	27137	0	1	4	1	0	0	1	22	236	5	30	29632	736	0	4	0	736
78	27138	0	1	4	1	0	0	1	22	236	5	30	29632	736	0	4	0	736
78	27140	0	1	4	1	0	0	1	22	236	5	30	29632	736	0	4	0	736
78	27144	0	1	4	1	0	0	1	22	236	5	30	29632	736	0	4	0	736
78	27152	0	1	4	1	0	0	1	22	236	5	30	29632	736	0	4	0	736
78	27168	0	1	4	1	0	0	1	22	236	5	30	29632	736	0	4	0	736
78	27200	0	1	4	1	0	0	1	20	94	5	30	29632	704	0	4	0	704
78	27264	0	1	4	1	0	0	1	20	94	5	30	29632	704	0	4	0	704
78	27392	0	1	4	1	0	0	1	20	94	5	30	29632	704	0	4	0	704
78	27649	0	16	4	1	0	0	2	25	77	4	33	29632	992	0	4	0	512,544,576,608,640,672,704,736,768,800,832,864,896,928,960,992
78	27650	0	16	4	1	0	0	2	25	77	4	33	29632	992	0	4	0	512,544,576,608,640,672,704,736,768,800,832,864,896,928,960,992
78	27652	0	16	4	1	0	0	2	25	77	4	33	29632	992	0	4	0	512,544,576,608,640,672,704,736,768,800,832,864,896,928,960,992
78	27656	0	16	4	1	0	0	2	25	77	4	33	29632	992	0	4	0	512,544,576,608,640,672,704,736,768,800,832,864,896,928,960,992
78	27664	0	16	4	1	0	0	2	25	77	4	33	29632	992	0	4	0	512,544,576,608,640,672,704,736,768,800,832,864,896,928,960,992
78	27680	0	16	4	1	0	0	2	25	77	4	33	29632	992	0	4	0	512,544,576,608,640,672,704,736,768,800,832,864,896,928,960,992
78	27712	0	8	4	1	0	0	2	23	94	5	33	29632	960	0	4	0	512,576,640,704,768,832,896,960
78	27776	0	8	4	1	0	0	2	23	94	5	33	29632	960	0	4	0	512,576,640,704,768,832,896,960
78	27904	0	8	4	1	0	0	2	23	94	5	33	29632	960	0	4	0	512,576,640,704,768,832,896,960
78	28160	0	8	4	1	0	0	2	23	94	5	33	29632	960	0	4	0	512,576,640,704,768,832,896,960
78	28675	0	16	4	1	0	0	2	20	222	6	32	29632	240	0	4	0	240,242,244,246,248,250,252,254,768,770,772,774,776,778,780,782
78	28677	0	16	4	1	0	0	2	20	222	6	32	29632	240	0	4	0	240,242,244,246,248,250,252,254,768,770,772,774,776,778,780,782
78	28678	0	16	4	1	0	0	2	20	222	6	32	29632	240	0	4	0	240,242,244,246,248,250,252,254,768,770,772,774,776,778,780,782
78	28681	0	16	4	1	0	0	2	20	222	6	32	29632	240	0	4	0	240,242,244,246,248,250,252,254,768,770,772,774,776,778,780,782
78	28682	0	16	4	1	0	0	2	20	222	6	32	29632	240	0	4	0	240,242,244,246,248,250,252,254,768,770,772,774,776,778,780,782
78	28684	0	16	4	1	0	0	2	20	222	6	32	29632	240	0	4	0	240,242,244,246,248,250,252,254,768,770,772,774,776,778,780,782
78	28689	0	16	4	1	0	0	2	20	222	6	32	29632	240	0	4	0	240,242,244,246,248,250,252,254,768,770,772,774,776,778,780,782
78	28690	0	16	4	1	0	0	2	20	222	6	32	29632	240	0	4	0	240,242,244,246,248,250,252,254,768,770,772,774,776,778,780,782
78	28692	0	16	4	1	0	0	2	20	222	6	32	29632	240	0	4	0	240,242,244,246,248,250,252,254,768,770,772,774,776,778,780,782
78	28696	0	16	4	1	0	0	2	20	222	6	32	29632	240	0	4	0	240,242,244,246,248,250,252,254,768,770,772,774,776,778,780,782
78	28705	0	16	4	1	0	0	2	20	222	6	32	29632	240	0	4	0	240,242,244,246,248,250,252,254,768,770,772,774,776,778,780,782
78	28706	0	16	4	1	0	0	2	20	222	6	32	29632	240	0	4	0	240,242,244,246,248,250,252,254,768,770,772,774,776,778,780,782
78	28708	0	16	4	1	0	0	2	20	222	6	32	29632	240	0	4	0	240,242,244,246,248,250,252,254,768,770,772,774,776,778,780,782
78	28712	0	16	4	1	0	0	2	20	222	6	32	29632	240	0	4	0	240,242,244,246,248,250,252,254,768,770,772,774,776,778,780,782
78	28720	0	16	4	1	0	0	2	20	222	6	32	29632	240	0	4	0	240,242,244,246,248,250,252,254,768,770,772,774,776,778,780,782
78	28737	0	32	4	1	0	0	2	24	77	4	32	29632	224	0	4	0	224,226,228,230,232,234,236,238,240,242,244,246,248,250,252,254,768,770,772,774,776,778,780,782,784,786,788,790,792,794,796,798
78	28738	0	32	4	1	0	0	2	24	77	4	32	29632	224	0	4	0	224,226,228,230,232,234,236,238,240,242,244,246,248,250,252,254,768,770,772,774,776,778,780,782,784,786,788,790,792,794,796,798
78	28740	0	32	4	1	0	0	2	24	77	4	32	29632	224	0	4	0	224,226,228,230,232,234,236,238,240,242,244,246,248,250,252,254,768,770,772,774,776,778,780,782,784,786,788,790,792,794,796,798
78	28744	0	32	4	1	0	0	2	24	77	4	32	29632	224	0	4	0	224,226,228,230,232,234,236,238,240,242,244,246,248,250,252,254,768,770,772,774,776,778,780,782,784,786,788,790,792,794,796,798
78	28752	0	32	4	1	0	0	2	24	77	4	32	29632	224	0	4	0	224,226,228,230,232,234,236,238,240,242,244,246,248,250,252,254,768,770,772,774,776,778,780,782,784,786,788,790,792,794,796,798
78	28768	0	32	4	1	0	0	2	24	77	4	32	29632	224	0	4	0	224,226,228,230,232,234,236,238,240,242,244,246,248,250,252,254,768,770,772,774,776,778,780,782,784,786,788,790,792,794,796,798
78	28801	0	32	4	1	0	0	2	24	77	4	32	29632	224	0	4	0	224,226,228,230,232,234,236,238,240,242,244,246,248,250,252,254,768,770,772,774,776,778,780,782,784,786,788,790,792,794,796,798
78	28802	0	32	4	1	0	0	2	24	77	4	32	29632	224	0	4	0	224,226,228,230,232,234,236,238,240,242,244,246,248,250,252,254,768,770,772,774,776,778,780,782,784,786,788,790,792,794,796,798
78	28804	0	32	4	1	0	0	2	24	77	4	32	29632	224	0	4	0	224,226,228,230,232,234,236,238,240,242,244,246,248,250,252,254,768,770,772,774,776,778,780,782,784,786,788,790,792,794,796,798
78	28808	0	32	4	1	0	0	2	24	77	4	32	29632	224	0	4	0	224,226,228,230,232,234,236,238,240,242,244,246,248,250,252,254,768,770,772,774,776,778,780,782,784,786,788,790,792,794,796,798
78	28816	0	32	4	1	0	0	2	24	77	4	32	29632	224	0	4	0	224,226,228,230,232,234,236,238,240,242,244,246,248,250,252,254,768,770,772,774,776,778,780,782,784,786,788,790,792,794,796,798
78	28832	0	32	4	1	0	0	2	24	77	4	32	29632	224	0	4	0	224,226,228,230,232,234,236,238,240,242,244,246,248,250,252,254,768,770,772,774,776,778,780,782,784,786,788,790,792,794,796,798
78	28864	0	64	4	1	0	0	2	28	3	2	32	29632	192	0	4	0	192,194,196,198,200,202,204,206,208,210,212,214,216,218,220,222,224,226,228,230,232,234,236,238,240,242,244,246,248,250,252,254,768,770,772,774,776,778,780,782,784,786,788,790,792,794,796,798,800,802,804,806,808,810,812,814,816,818,820,822,824,826,828,830
78	28929	0	32	4	1	0	0	2	24	77	4	32	29632	224	0	4	0	224,226,228,230,232,234,236,238,240,242,244,246,248,250,252,254,768,770,772,774,776,778,780,782,784,786,788,790,792,794,796,798
78	28930	0	32	4	1	0	0	2	24	77	4	32	29632	224	0	4	0	224,226,228,230,232,234,236,238,240,242,244,246,248,250,252,254,768,770,772,774,776,778,780,782,784,786,788,790,792,794,796,798
78	28932	0	32	4	1	0	0	2	24	77	4	32	29632	224	0	4	0	224,226,228,230,232,234,236,238,240,242,244,246,248,250,252,254,768,770,772,774,776,778,780,782,784,786,788,790,792,794,796,798
78	28936	0	32	4	1	0	0	2	24	77	4	32	29632	224	0	4	0	224,226,228,230,232,234,236,238,240,242,244,246,248,250,252,254,768,770,772,774,776,778,780,782,784,786,788,790,792,794,796,798
78	28944	0	32	4	1	0	0	2	24	77	4	32	29632	224	0	4	0	224,226,228,230,232,234,236,238,240,242,244,246,248,250,252,254,768,770,772,774,776,778,780,782,784,786,788,790,792,794,796,798
78	28960	0	32	4	1	0	0	2	24	77	4	32	29632	224	0	4	0	224,226,228,230,232,234,236,238,240,242,244,246,248,250,252,254,768,770,772,774,776,778,780,782,784,786,788,790,792,794,796,798
78	28992	0	64	4	1	0	0	2	28	3	2	32	29632	192	0	4	0	192,194,196,198,200,202,204,206,208,210,212,214,216,218,220,222,224,226,228,230,232,234,236,238,240,242,244,246,248,250,252,254,768,770,772,774,776,778,780,782,784,786,788,790,792,794,796,798,800,802,804,806,808,810,812,814,816,818,820,822,824,826,828,830
78	29056	0	64	4	1	0	0	2	28	3	2	32	29632	192	0	4	0	192,194,196,198,200,202,204,206,208,210,212,214,216,218,220,222,224,226,228,230,232,234,236,238,240,242,244,246,248,250,252,254,768,770,772,774,776,778,780,782,784,786,788,790,792,794,796,798,800,802,804,806,808,810,812,814,816,818,820,822,824,826,828,830
78	29185	0	32	4	1	0	0	2	24	77	4	32	29632	224	0	4	0	224,226,228,230,232,234,236,238,240,242,244,246,248,250,252,254,768,770,772,774,776,778,780,782,784,786,788,790,792,794,796,798
78	29186	0	32	4	1	0	0	2	24	77	4	32	29632	224	0	4	0	224,226,228,230,232,234,236,238,240,242,244,246,248,250,252,254,768,770,772,774,776,778,780,782,784,786,788,790,792,794,796,798
78	29188	0	32	4	1	0	0	2	24	77	4	32	29632	224	0	4	0	224,226,228,230,232,234,236,238,240,242,244,246,248,250,252,254,768,770,772,774,776,778,780,782,784,786,788,790,792,794,796,798
78	29192	0	32	4	1	0	0	2	24	77	4	32	29632	224	0	4	0	224,226,228,230,232,234,236,238,240,242,244,246,248,250,252,254,768,770,772,774,776,778,780,782,784,786,788,790,792,794,796,798
78	29200	0	32	4	1	0	0	2	24	77	4	32	29632	224	0	4	0	224,226,228,230,232,234,236,238,240,242,244,246,248,250,252,254,768,770,772,774,776,778,780,782,784,786,788,790,792,794,796,798
78	29216	0	32	4	1	0	0	2	24	77	4	32	29632	224	0	4	0	224,226,228,230,232,234,236,238,240,242,244,246,248,250,252,254,768,770,772,774,776,778,780,782,784,786,788,790,792,794,796,798
78	29248	0	64	4	1	0	0	2	28	3	2	32	29632	192	0	4	0	192,194,196,198,200,202,204,206,208,210,212,214,216,218,220,222,224,226,228,230,232,234,236,238,240,242,244,246,248,250,252,254,768,770,772,774,776,778,780,782,784,786,788,790,792,794,796,798,800,802,804,806,808,810,812,814,816,818,820,822,824,826,828,830
78	29312	0	64	4	1	0	0	2	28	3	2	32	29632	192	0	4	0	192,194,196,198,200,202,204,206,208,210,212,214,216,218,220,222,224,226,228,230,232,234,236,238,240,242,244,246,248,250,252,254,768,770,772,774,776,778,780,782,784,786,788,790,792,794,796,798,800,802,804,806,808,810,812,814,816,818,820,822,824,826,828,830
78	29440	0	64	4	1	0	0	2	28	3	2	32	29632	192	0	4	0	192,194,196,198,200,202,204,206,208,210,212,214,216,218,220,222,224,226,228,230,232,234,236,238,240,242,244,246,248,250,252,254,768,770,772,774,776,778,780,782,784,786,788,790,792,794,796,798,800,802,804,806,808,810,812,814,816,818,820,822,824,826,828,830
78	29697	0	32	4	1	0	0	2	25	94	5	35	29632	480	0	4	0	480,482,484,486,488,490,492,494,496,498,500,502,504,506,508,510,512,514,516,518,520,522,524,526,528,530,532,534,536,538,540,542
78	29698	0	32	4	1	0	0	2	25	94	5	35	29632	480	0	4	0	480,482,484,486,488,490,492,494,496,498,500,502,504,506,508,510,512,514,516,518,520,522,524,526,528,530,532,534,536,538,540,542
78	29700	0	32	4	1	0	0	2	25	94	5	35	29632	480	0	4	0	480,482,484,486,488,490,492,494,496,498,500,502,504,506,508,510,512,514,516,518,520,522,524,526,528,530,532,534,536,538,540,542
78	29704	0	32	4	1	0	0	2	25	94	5	35	29632	480	0	4	0	480,482,484,486,488,490,492,494,496,498,500,502,504,506,508,510,512,514,516,518,520,522,524,526,528,530,532,534,536,538,540,542
78	29712	0	32	4	1	0	0	2	25	94	5	35	29632	480	0	4	0	480,482,484,486,488,490,492,494,496,498,500,502,504,506,508,510,512,514,516,518,520,522,524,526,528,530,532,534,536,538,540,542
78	29728	0	32	4	1	0	0	2	25	94	5	35	29632	480	0	4	0	480,482,484,486,488,490,492,494,496,498,500,502,504,506,508,510,512,514,516,518,520,522,524,526,528,530,532,534,536,538,540,542
78	29760	0	64	4	1	0	0	2	27	77	4	35	29632	448	0	4	0	448,450,452,454,456,458,460,462,464,466,468,470,472,474,476,478,480,482,484,486,488,490,492,494,496,498,500,502,504,506,508,510,512,514,516,518,520,522,524,526,528,530,532,534,536,538,540,542,544,546,548,550,552,554,556,558,560,562,564,566,568,570,572,574
78	29824	0	64	4	1	0	0	2	27	77	4	35	29632	448	0	4	0	448,450,452,454,456,458,460,462,464,466,468,470,472,474,476,478,480,482,484,486,488,490,492,494,496,498,500,502,504,506,508,510,512,514,516,518,520,522,524,526,528,530,532,534,536,538,540,542,544,546,548,550,552,554,556,558,560,562,564,566,568,570,572,574
78	29952	0	64	4	1	0	0	2	27	77	4	35	29632	448	0	4	0	448,450,452,454,456,458,460,462,464,466,468,470,472,474,476,478,480,482,484,486,488,490,492,494,496,498,500,502,504,506,508,510,512,514,516,518,520,522,524,526,528,530,532,534,536,538,540,542,544,546,548,550,552,554,556,558,560,562,564,566,568,570,572,574
78	30208	0	64	4	1	0	0	2	27	77	4	35	29632	448	0	4	0	448,450,452,454,456,458,460,462,464,466,468,470,472,474,476,478,480,482,484,486,488,490,492,494,496,498,500,502,504,506,508,510,512,514,516,518,520,522,524,526,528,530,532,534,536,538,540,542,544,546,548,550,552,554,556,558,560,562,564,566,568,570,572,574
78	30721	0	32	4	1	0	0	2	25	94	5	35	29632	480	0	4	0	480,482,484,486,488,490,492,494,496,498,500,502,504,506,508,510,512,514,516,518,520,522,524,526,528,530,532,534,536,538,540,542
78	30722	0	32	4	1	0	0	2	25	94	5	35	29632	480	0	4	0	480,482,484,486,488,490,492,494,496,498,500,502,504,506,508,510,512,514,516,518,520,522,524,526,528,530,532,534,536,538,540,542
78	30724	0	32	4	1	0	0	2	25	94	5	35	29632	480	0	4	0	480,482,484,486,488,490,492,494,496,498,500,502,504,506,508,510,512,514,516,518,520,522,524,526,528,530,532,534,536,538,540,542
78	30728	0	32	4	1	0	0	2	25	94	5	35	29632	480	0	4	0	480,482,484,486,488,490,492,494,496,498,500,502,504,506,508,510,512,514,516,518,520,522,524,526,528,530,532,534,536,538,540,542
78	30736	0	32	4	1	0	0	2	25	94	5	35	29632	480	0	4	0	480,482,484,486,488,490,492,494,496,498,500,502,504,506,508,510,512,514,516,518,520,522,524,526,528,530,532,534,536,538,540,542
78	30752	0	32	4	1	0	0	2	25	94	5	35	29632	480	0	4	0	480,482,484,486,488,490,492,494,496,498,500,502,504,506,508,510,512,514,516,518,520,522,524,526,528,530,532,534,536,538,540,542
78	30784	0	64	4	1	0	0	2	27	77	4	35	29632	448	0	4	0	448,450,452,454,456,458,460,462,464,466,468,470,472,474,476,478,480,482,484,486,488,490,492,494,496,498,500,502,504,506,508,510,512,514,516,518,520,522,524,526,528,530,532,534,536,538,540,542,544,546,548,550,552,554,556,558,560,562,564,566,568,570,572,574
78	30848	0	64	4	1	0	0	2	27	77	4	35	29632	448	0	4	0	448,450,452,454,456,458,460,462,464,466,468,470,472,474,476,478,480,482,484,486,488,490,492,494,496,498,500,502,504,506,508,510,512,514,516,518,520,522,524,526,528,530,532,534,536,538,540,542,544,546,548,550,552,554,556,558,560,562,564,566,568,570,572,574
78	30976	0	64	4	1	0	0	2	27	77	4	35	29632	448	0	4	0	448,450,452,454,456,458,460,462,464,466,468,470,472,474,476,478,480,482,484,486,488,490,492,494,496,498,500,502,504,506,508,510,512,514,516,518,520,522,524,526,528,530,532,534,536,538,540,542,544,546,548,550,552,554,556,558,560,562,564,566,568,570,572,574
78	31232	0	64	4	1	0	0	2	27	77	4	35	29632	448	0	4	0	448,450,452,454,456,458,460,462,464,466,468,470,472,474,476,478,480,482,484,486,488,490,492,494,496,498,500,502,504,506,508,510,512,514,516,518,520,522,524,526,528,530,532,534,536,538,540,542,544,546,548,550,552,554,556,558,560,562,564,566,568,570,572,574
78	31744	0	512	4	1	0	0	2	30	30	4	38	29632	960	0	4	0	0,2,4,6,8,10,12,14,16,18,20,22,24,26,28,30,32,34,36,38,40,42,44,46,48,50,52,54,56,58,60,62,64,66,68,70,72,74,76,78,80,82,84,86,88,90,92,94,96,98,100,102,104,106,108,110,112,114,116,118,120,122,124,126,128,130,132,134,136,138,140,142,144,146,148,150,152,154,156,158,160,162,164,166,168,170,172,174,176,178,180,182,184,186,188,190,192,194,196,198,200,202,204,206,208,210,212,214,216,218,220,222,224,226,228,230,232,234,236,238,240,242,244,246,248,250,252,254,256,258,260,262,264,266,268,270,272,274,276,278,280,282,284,286,288,290,292,294,296,298,300,302,304,306,308,310,312,314,316,318,320,322,324,326,328,330,332,334,336,338,340,342,344,346,348,350,352,354,356,358,360,362,364,366,368,370,372,374,376,378,380,382,384,386,388,390,392,394,396,398,400,402,404,406,408,410,412,414,416,418,420,422,424,426,428,430,432,434,436,438,440,442,444,446,448,450,452,454,456,458,460,462,464,466,468,470,472,474,476,478,480,482,484,486,488,490,492,494,496,498,500,502,504,506,508,510,512,514,516,518,520,522,524,526,528,530,532,534,536,538,540,542,544,546,548,550,552,554,556,558,560,562,564,566,568,570,572,574,576,578,580,582,584,586,588,590,592,594,596,598,600,602,604,606,608,610,612,614,616,618,620,622,624,626,628,630,632,634,636,638,640,642,644,646,648,650,652,654,656,658,660,662,664,666,668,670,672,674,676,678,680,682,684,686,688,690,692,694,696,698,700,702,704,706,708,710,712,714,716,718,720,722,724,726,728,730,732,734,736,738,740,742,744,746,748,750,752,754,756,758,760,762,764,766,768,770,772,774,776,778,780,782,784,786,788,790,792,794,796,798,800,802,804,806,808,810,812,814,816,818,820,822,824,826,828,830,832,834,836,838,840,842,844,846,848,850,852,854,856,858,860,862,864,866,868,870,872,874,876,878,880,882,884,886,888,890,892,894,896,898,900,902,904,906,908,910,912,914,916,918,920,922,924,926,928,930,932,934,936,938,940,942,944,946,948,950,952,954,956,958,960,962,964,966,968,970,972,974,976,978,980,982,984,986,988,990,992,994,996,998,1000,1002,1004,1006,1008,1010,1012,1014,1016,1018,1020,1022
