id	Y_mask	dH	optH_count	q	good	delta_min	rho	compatible_optG	ell	Y_type	Y_edges	degree_sum	f_witness	h_witness_local	S_mask	R_witness	Delta_witness	optH_masks_local
8600	31	0	1	8	0	4	3	0	28	0	0	28	32352	115	28672	2	6	908
8600	47	2	1	6	0	0	0	2	26	1	1	28	32256	1008	0	6	0	1008
8600	55	2	1	6	0	0	0	2	26	1	1	28	32256	1008	0	6	0	1008
8600	59	2	1	6	0	0	0	2	26	1	1	28	32256	1008	0	6	0	1008
8600	61	0	1	8	0	4	3	0	27	1	1	29	32640	908	3584	2	6	908
8600	62	0	1	8	0	3	3	0	29	0	0	29	32320	114	28672	5	3	114
8600	79	2	1	6	0	0	0	2	26	1	1	28	32256	1008	0	6	0	1008
8600	87	2	1	6	0	0	0	2	26	1	1	28	32256	1008	0	6	0	1008
8600	91	2	1	6	0	0	0	2	26	1	1	28	32256	1008	0	6	0	1008
8600	93	0	1	8	0	4	3	0	27	1	1	29	32640	908	3584	2	6	908
8600	94	0	1	8	0	3	3	0	29	0	0	29	32288	114	28672	5	3	114
8600	103	0	1	8	0	0	0	4	24	3	2	28	32256	1008	0	8	0	1008
8600	107	0	1	8	0	0	0	4	24	3	2	28	32256	1008	0	8	0	1008
8600	109	2	1	6	0	0	0	4	25	3	2	29	32256	1008	0	6	0	1008
8600	110	0	1	8	0	0	0	4	29	0	0	29	32256	1008	0	8	0	1008
8600	115	0	1	8	0	0	0	4	24	3	2	28	32256	1008	0	8	0	1008
8600	117	2	1	6	0	0	0	4	25	3	2	29	32256	1008	0	6	0	1008
8600	118	0	1	8	0	0	0	4	29	0	0	29	32256	1008	0	8	0	1008
8600	121	2	1	6	0	0	0	4	25	3	2	29	32256	1008	0	6	0	1008
8600	122	0	1	8	0	0	0	4	29	0	0	29	32256	1008	0	8	0	1008
8600	124	0	1	8	0	2	4	0	30	0	0	30	32256	114	28674	6	2	114
8600	143	2	1	6	0	0	0	2	26	1	1	28	32256	1008	0	6	0	1008
8600	151	2	1	6	0	0	0	2	26	1	1	28	32256	1008	0	6	0	1008
8600	155	2	1	6	0	0	0	2	26	1	1	28	32256	1008	0	6	0	1008
8600	157	0	1	8	0	3	3	0	29	0	0	29	32512	904	3584	5	3	904
8600	158	0	1	8	0	4	3	0	27	1	1	29	32352	118	28672	2	6	118
8600	167	1	1	7	0	0	0	3	22	13	3	28	32256	1008	0	7	0	1008
8600	171	1	1	7	0	0	0	3	22	13	3	28	32256	1008	0	7	0	1008
8600	173	2	1	6	0	0	0	3	25	3	2	29	32256	1008	0	6	0	1008
8600	174	2	1	6	0	0	0	3	25	3	2	29	32256	1008	0	6	0	1008
8600	179	1	1	7	0	0	0	3	22	13	3	28	32256	1008	0	7	0	1008
8600	181	2	1	6	0	0	0	3	25	3	2	29	32256	1008	0	6	0	1008
8600	182	2	1	6	0	0	0	3	25	3	2	29	32256	1008	0	6	0	1008
8600	185	2	1	6	0	0	0	3	25	3	2	29	32256	1008	0	6	0	1008
8600	186	2	1	6	0	0	0	3	25	3	2	29	32256	1008	0	6	0	1008
8600	188	0	1	8	0	3	4	0	28	1	1	30	32320	118	28674	4	4	118
8600	199	1	1	7	0	0	0	3	22	13	3	28	32256	1008	0	7	0	1008
8600	203	1	1	7	0	0	0	3	22	13	3	28	32256	1008	0	7	0	1008
8600	205	2	1	6	0	0	0	3	25	3	2	29	32256	1008	0	6	0	1008
8600	206	2	1	6	0	0	0	3	25	3	2	29	32256	1008	0	6	0	1008
8600	211	1	1	7	0	0	0	3	22	13	3	28	32256	1008	0	7	0	1008
8600	213	2	1	6	0	0	0	3	25	3	2	29	32256	1008	0	6	0	1008
8600	214	2	1	6	0	0	0	3	25	3	2	29	32256	1008	0	6	0	1008
8600	217	2	1	6	0	0	0	3	25	3	2	29	32256	1008	0	6	0	1008
8600	218	2	1	6	0	0	0	3	25	3	2	29	32256	1008	0	6	0	1008
8600	220	0	1	8	0	3	4	0	28	1	1	30	32288	118	28674	4	4	118
8600	227	0	1	8	0	0	0	5	18	94	5	28	32256	1008	0	8	0	1008
8600	229	1	1	7	0	0	0	5	21	30	4	29	32256	1008	0	7	0	1008
8600	230	0	1	8	0	0	0	5	23	11	3	29	32256	1008	0	8	0	1008
8600	233	1	1	7	0	0	0	5	21	30	4	29	32256	1008	0	7	0	1008
8600	234	0	1	8	0	0	0	5	23	11	3	29	32256	1008	0	8	0	1008
8600	236	1	1	7	0	0	0	5	26	3	2	30	32256	1008	0	7	0	1008
8600	241	1	1	7	0	0	0	5	21	30	4	29	32256	1008	0	7	0	1008
8600	242	0	1	8	0	0	0	5	23	11	3	29	32256	1008	0	8	0	1008
8600	244	1	1	7	0	0	0	5	26	3	2	30	32256	1008	0	7	0	1008
8600	248	1	1	7	0	0	0	5	26	3	2	30	32256	1008	0	7	0	1008
8600	271	2	1	6	0	0	0	2	26	1	1	28	32256	1008	0	6	0	1008
8600	279	2	1	6	0	0	0	2	26	1	1	28	32256	1008	0	6	0	1008
8600	283	2	1	6	0	0	0	2	26	1	1	28	32256	1008	0	6	0	1008
8600	285	0	1	8	0	3	3	0	29	0	0	29	32384	904	3584	5	3	904
8600	286	0	1	8	0	4	3	0	27	1	1	29	32352	118	28672	2	6	118
8600	295	1	1	7	0	0	0	3	22	13	3	28	32256	1008	0	7	0	1008
8600	299	1	1	7	0	0	0	3	22	13	3	28	32256	1008	0	7	0	1008
8600	301	2	1	6	0	0	0	3	25	3	2	29	32256	1008	0	6	0	1008
8600	302	2	1	6	0	0	0	3	25	3	2	29	32256	1008	0	6	0	1008
8600	307	1	1	7	0	0	0	3	22	13	3	28	32256	1008	0	7	0	1008
8600	309	2	1	6	0	0	0	3	25	3	2	29	32256	1008	0	6	0	1008
8600	310	2	1	6	0	0	0	3	25	3	2	29	32256	1008	0	6	0	1008
8600	313	2	1	6	0	0	0	3	25	3	2	29	32256	1008	0	6	0	1008
8600	314	2	1	6	0	0	0	3	25	3	2	29	32256	1008	0	6	0	1008
8600	316	0	1	8	0	3	4	0	28	1	1	30	32320	118	28674	4	4	118
8600	327	1	1	7	0	0	0	3	22	13	3	28	32256	1008	0	7	0	1008
8600	331	1	1	7	0	0	0	3	22	13	3	28	32256	1008	0	7	0	1008
8600	333	2	1	6	0	0	0	3	25	3	2	29	32256	1008	0	6	0	1008
8600	334	2	1	6	0	0	0	3	25	3	2	29	32256	1008	0	6	0	1008
8600	339	1	1	7	0	0	0	3	22	13	3	28	32256	1008	0	7	0	1008
8600	341	2	1	6	0	0	0	3	25	3	2	29	32256	1008	0	6	0	1008
8600	342	2	1	6	0	0	0	3	25	3	2	29	32256	1008	0	6	0	1008
8600	345	2	1	6	0	0	0	3	25	3	2	29	32256	1008	0	6	0	1008
8600	346	2	1	6	0	0	0	3	25	3	2	29	32256	1008	0	6	0	1008
8600	348	0	1	8	0	3	4	0	28	1	1	30	32288	118	28674	4	4	118
8600	355	0	1	8	0	0	0	5	18	94	5	28	32256	1008	0	8	0	1008
8600	357	1	1	7	0	0	0	5	21	30	4	29	32256	1008	0	7	0	1008
8600	358	0	1	8	0	0	0	5	23	11	3	29	32256	1008	0	8	0	1008
8600	361	1	1	7	0	0	0	5	21	30	4	29	32256	1008	0	7	0	1008
8600	362	0	1	8	0	0	0	5	23	11	3	29	32256	1008	0	8	0	1008
8600	364	1	1	7	0	0	0	5	26	3	2	30	32256	1008	0	7	0	1008
8600	369	1	1	7	0	0	0	5	21	30	4	29	32256	1008	0	7	0	1008
8600	370	0	1	8	0	0	0	5	23	11	3	29	32256	1008	0	8	0	1008
8600	372	1	1	7	0	0	0	5	26	3	2	30	32256	1008	0	7	0	1008
8600	376	1	1	7	0	0	0	5	26	3	2	30	32256	1008	0	7	0	1008
8600	391	0	1	8	0	0	0	4	24	3	2	28	32256	1008	0	8	0	1008
8600	395	0	1	8	0	0	0	4	24	3	2	28	32256	1008	0	8	0	1008
8600	397	0	1	8	0	0	0	4	29	0	0	29	32256	1008	0	8	0	1008
8600	398	2	1	6	0	0	0	4	25	3	2	29	32256	1008	0	6	0	1008
8600	403	0	1	8	0	0	0	4	24	3	2	28	32256	1008	0	8	0	1008
8600	405	0	1	8	0	0	0	4	29	0	0	29	32256	1008	0	8	0	1008
8600	406	2	1	6	0	0	0	4	25	3	2	29	32256	1008	0	6	0	1008
8600	409	0	1	8	0	0	0	4	29	0	0	29	32256	1008	0	8	0	1008
8600	410	2	1	6	0	0	0	4	25	3	2	29	32256	1008	0	6	0	1008
8600	412	0	1	8	0	2	4	0	30	0	0	30	32256	897	3585	6	2	126
8600	419	0	1	8	0	0	0	5	18	94	5	28	32256	1008	0	8	0	1008
8600	421	0	1	8	0	0	0	5	23	11	3	29	32256	1008	0	8	0	1008
8600	422	1	1	7	0	0	0	5	21	30	4	29	32256	1008	0	7	0	1008
8600	425	0	1	8	0	0	0	5	23	11	3	29	32256	1008	0	8	0	1008
8600	426	1	1	7	0	0	0	5	21	30	4	29	32256	1008	0	7	0	1008
8600	428	1	1	7	0	0	0	5	26	3	2	30	32256	1008	0	7	0	1008
8600	433	0	1	8	0	0	0	5	23	11	3	29	32256	1008	0	8	0	1008
8600	434	1	1	7	0	0	0	5	21	30	4	29	32256	1008	0	7	0	1008
8600	436	1	1	7	0	0	0	5	26	3	2	30	32256	1008	0	7	0	1008
8600	440	1	1	7	0	0	0	5	26	3	2	30	32256	1008	0	7	0	1008
8600	451	0	1	8	0	0	0	5	18	94	5	28	32256	1008	0	8	0	1008
8600	453	0	1	8	0	0	0	5	23	11	3	29	32256	1008	0	8	0	1008
8600	454	1	1	7	0	0	0	5	21	30	4	29	32256	1008	0	7	0	1008
8600	457	0	1	8	0	0	0	5	23	11	3	29	32256	1008	0	8	0	1008
8600	458	1	1	7	0	0	0	5	21	30	4	29	32256	1008	0	7	0	1008
8600	460	1	1	7	0	0	0	5	26	3	2	30	32256	1008	0	7	0	1008
8600	465	0	1	8	0	0	0	5	23	11	3	29	32256	1008	0	8	0	1008
8600	466	1	1	7	0	0	0	5	21	30	4	29	32256	1008	0	7	0	1008
8600	468	1	1	7	0	0	0	5	26	3	2	30	32256	1008	0	7	0	1008
8600	472	1	1	7	0	0	0	5	26	3	2	30	32256	1008	0	7	0	1008
8600	481	0	1	8	0	0	0	7	17	222	6	29	32256	1008	0	8	0	1008
8600	482	0	1	8	0	0	0	7	17	222	6	29	32256	1008	0	8	0	1008
8600	484	0	1	8	0	0	0	7	22	30	4	30	32256	1008	0	8	0	1008
8600	488	0	1	8	0	0	0	7	22	30	4	30	32256	1008	0	8	0	1008
8600	496	0	1	8	0	0	0	7	22	30	4	30	32256	1008	0	8	0	1008
8600	527	2	1	6	0	2	2	0	22	11	3	28	32640	920	3072	4	2	920
8600	535	2	1	6	0	2	2	0	22	11	3	28	32640	920	3072	4	2	920
8600	539	2	1	6	0	2	2	0	22	11	3	28	32640	920	3072	4	2	920
8600	541	0	1	8	0	4	2	0	21	75	4	29	32640	920	3072	4	4	920
8600	542	0	1	8	0	6	3	0	23	11	3	29	32352	102	28672	2	6	102
8600	551	2	1	6	0	0	0	2	22	13	3	28	32256	992	0	6	0	992
8600	555	2	1	6	0	0	0	2	22	13	3	28	32256	992	0	6	0	992
8600	557	2	1	6	0	2	2	0	21	77	4	29	32640	920	3072	4	2	920
8600	558	2	1	6	0	1	3	0	25	3	2	29	32640	921	3073	3	3	102
8600	563	2	1	6	0	0	0	2	22	13	3	28	32256	992	0	6	0	992
8600	565	2	1	6	0	2	2	0	21	77	4	29	32640	920	3072	4	2	920
8600	566	2	1	6	0	1	3	0	25	3	2	29	32640	921	3073	3	3	102
8600	569	2	1	6	0	2	2	0	21	77	4	29	32640	920	3072	4	2	920
8600	570	2	1	6	0	1	3	0	25	3	2	29	32640	921	3073	3	3	102
8600	572	0	1	8	0	5	3	0	24	11	3	30	32640	921	3073	3	5	102
8600	583	2	1	6	0	0	0	2	22	13	3	28	32256	992	0	6	0	992
8600	587	2	1	6	0	0	0	2	22	13	3	28	32256	992	0	6	0	992
8600	589	2	1	6	0	2	2	0	21	77	4	29	32640	920	3072	4	2	920
8600	590	2	1	6	0	1	3	0	25	3	2	29	32640	921	3073	3	3	102
8600	595	2	1	6	0	0	0	2	22	13	3	28	32256	992	0	6	0	992
8600	597	2	1	6	0	2	2	0	21	77	4	29	32640	920	3072	4	2	920
8600	598	2	1	6	0	1	3	0	25	3	2	29	32640	921	3073	3	3	102
8600	601	2	1	6	0	2	2	0	21	77	4	29	32640	920	3072	4	2	920
8600	602	2	1	6	0	1	3	0	25	3	2	29	32640	921	3073	3	3	102
8600	604	0	1	8	0	5	3	0	24	11	3	30	32640	921	3073	3	5	102
8600	611	0	1	8	0	0	0	4	22	11	3	28	32256	992	0	8	0	992
8600	613	2	1	6	0	0	0	4	21	77	4	29	32256	992	0	6	0	992
8600	614	0	1	8	0	0	0	4	27	1	1	29	32256	992	0	8	0	992
8600	617	2	1	6	0	0	0	4	21	77	4	29	32256	992	0	6	0	992
8600	618	0	1	8	0	0	0	4	27	1	1	29	32256	992	0	8	0	992
8600	620	2	2	6	0	0	0	4	26	3	2	30	32256	992	0	6	0	102,992
8600	625	2	1	6	0	0	0	4	21	77	4	29	32256	992	0	6	0	992
8600	626	0	1	8	0	0	0	4	27	1	1	29	32256	992	0	8	0	992
8600	628	2	2	6	0	0	0	4	26	3	2	30	32256	992	0	6	0	102,992
8600	632	2	2	6	0	0	0	4	26	3	2	30	32256	992	0	6	0	102,992
8600	647	2	2	6	0	0	0	4	20	77	4	28	32256	992	0	6	0	992,1008
8600	651	2	2	6	0	0	0	4	20	77	4	28	32256	992	0	6	0	992,1008
8600	653	2	4	6	0	0	0	2	21	75	4	29	32512	1008	0	6	0	912,944,976,1008
8600	654	2	1	6	0	2	3	0	21	77	4	29	32512	913	3073	4	2	110
8600	659	2	2	6	0	0	0	4	20	77	4	28	32256	992	0	6	0	992,1008
8600	661	2	4	6	0	0	0	2	21	75	4	29	32512	1008	0	6	0	912,944,976,1008
8600	662	2	1	6	0	2	3	0	21	77	4	29	32512	913	3073	4	2	110
8600	665	2	4	6	0	0	0	2	21	75	4	29	32512	1008	0	6	0	912,944,976,1008
8600	666	2	1	6	0	2	3	0	21	77	4	29	32512	913	3073	4	2	110
8600	668	0	1	8	0	4	3	0	22	75	4	30	32512	913	3073	4	4	110
8600	675	1	1	7	0	0	0	3	18	94	5	28	32256	992	0	7	0	992
8600	677	2	2	6	0	0	0	5	19	94	5	29	32256	992	0	6	0	992,1008
8600	678	2	1	6	0	0	0	3	21	77	4	29	32256	992	0	6	0	992
8600	681	2	2	6	0	0	0	5	19	94	5	29	32256	992	0	6	0	992,1008
8600	682	2	1	6	0	0	0	3	21	77	4	29	32256	992	0	6	0	992
8600	684	2	1	6	0	1	3	0	22	77	4	30	32512	913	3073	5	1	110
8600	689	2	2	6	0	0	0	5	19	94	5	29	32256	992	0	6	0	992,1008
8600	690	2	1	6	0	0	0	3	21	77	4	29	32256	992	0	6	0	992
8600	692	2	1	6	0	1	3	0	22	77	4	30	32512	913	3073	5	1	110
8600	696	2	1	6	0	1	3	0	22	77	4	30	32512	913	3073	5	1	110
8600	707	1	1	7	0	0	0	3	18	94	5	28	32256	992	0	7	0	992
8600	709	2	2	6	0	0	0	5	19	94	5	29	32256	992	0	6	0	992,1008
8600	710	2	1	6	0	0	0	3	21	77	4	29	32256	992	0	6	0	992
8600	713	2	2	6	0	0	0	5	19	94	5	29	32256	992	0	6	0	992,1008
8600	714	2	1	6	0	0	0	3	21	77	4	29	32256	992	0	6	0	992
8600	716	2	1	6	0	1	3	0	22	77	4	30	32512	913	3073	5	1	110
8600	721	2	2	6	0	0	0	5	19	94	5	29	32256	992	0	6	0	992,1008
8600	722	2	1	6	0	0	0	3	21	77	4	29	32256	992	0	6	0	992
8600	724	2	1	6	0	1	3	0	22	77	4	30	32512	913	3073	5	1	110
8600	728	2	1	6	0	1	3	0	22	77	4	30	32512	913	3073	5	1	110
8600	737	1	1	7	0	0	0	5	17	222	6	29	32256	992	0	7	0	992
8600	738	0	1	8	0	0	0	5	21	75	4	29	32256	992	0	8	0	992
8600	740	1	1	7	0	0	0	5	22	77	4	30	32256	992	0	7	0	992
8600	744	1	1	7	0	0	0	5	22	77	4	30	32256	992	0	7	0	992
8600	752	1	1	7	0	0	0	5	22	77	4	30	32256	992	0	7	0	992
8600	775	2	2	6	0	0	0	4	20	77	4	28	32256	992	0	6	0	992,1008
8600	779	2	2	6	0	0	0	4	20	77	4	28	32256	992	0	6	0	992,1008
8600	781	2	4	6	0	0	0	2	21	75	4	29	32384	1008	0	6	0	912,944,976,1008
8600	782	2	1	6	0	2	3	0	21	77	4	29	32384	913	3073	4	2	110
8600	787	2	2	6	0	0	0	4	20	77	4	28	32256	992	0	6	0	992,1008
8600	789	2	4	6	0	0	0	2	21	75	4	29	32384	1008	0	6	0	912,944,976,1008
8600	790	2	1	6	0	2	3	0	21	77	4	29	32384	913	3073	4	2	110
8600	793	2	4	6	0	0	0	2	21	75	4	29	32384	1008	0	6	0	912,944,976,1008
8600	794	2	1	6	0	2	3	0	21	77	4	29	32384	913	3073	4	2	110
8600	796	0	1	8	0	4	3	0	22	75	4	30	32384	913	3073	4	4	110
8600	803	1	1	7	0	0	0	3	18	94	5	28	32256	992	0	7	0	992
8600	805	2	2	6	0	0	0	5	19	94	5	29	32256	992	0	6	0	992,1008
8600	806	2	1	6	0	0	0	3	21	77	4	29	32256	992	0	6	0	992
8600	809	2	2	6	0	0	0	5	19	94	5	29	32256	992	0	6	0	992,1008
8600	810	2	1	6	0	0	0	3	21	77	4	29	32256	992	0	6	0	992
8600	812	2	1	6	0	1	3	0	22	77	4	30	32384	913	3073	5	1	110
8600	817	2	2	6	0	0	0	5	19	94	5	29	32256	992	0	6	0	992,1008
8600	818	2	1	6	0	0	0	3	21	77	4	29	32256	992	0	6	0	992
8600	820	2	1	6	0	1	3	0	22	77	4	30	32384	913	3073	5	1	110
8600	824	2	1	6	0	1	3	0	22	77	4	30	32384	913	3073	5	1	110
8600	835	1	1	7	0	0	0	3	18	94	5	28	32256	992	0	7	0	992
8600	837	2	2	6	0	0	0	5	19	94	5	29	32256	992	0	6	0	992,1008
8600	838	2	1	6	0	0	0	3	21	77	4	29	32256	992	0	6	0	992
8600	841	2	2	6	0	0	0	5	19	94	5	29	32256	992	0	6	0	992,1008
8600	842	2	1	6	0	0	0	3	21	77	4	29	32256	992	0	6	0	992
8600	844	2	1	6	0	1	3	0	22	77	4	30	32384	913	3073	5	1	110
8600	849	2	2	6	0	0	0	5	19	94	5	29	32256	992	0	6	0	992,1008
8600	850	2	1	6	0	0	0	3	21	77	4	29	32256	992	0	6	0	992
8600	852	2	1	6	0	1	3	0	22	77	4	30	32384	913	3073	5	1	110
8600	856	2	1	6	0	1	3	0	22	77	4	30	32384	913	3073	5	1	110
8600	865	1	1	7	0	0	0	5	17	222	6	29	32256	992	0	7	0	992
8600	866	0	1	8	0	0	0	5	21	75	4	29	32256	992	0	8	0	992
8600	868	1	1	7	0	0	0	5	22	77	4	30	32256	992	0	7	0	992
8600	872	1	1	7	0	0	0	5	22	77	4	30	32256	992	0	7	0	992
8600	880	1	1	7	0	0	0	5	22	77	4	30	32256	992	0	7	0	992
8600	899	0	1	8	0	0	0	4	18	94	5	28	32256	992	0	8	0	992
8600	901	0	1	8	0	0	0	4	21	75	4	29	32256	992	0	8	0	992
8600	902	2	2	6	0	0	0	4	19	94	5	29	32256	992	0	6	0	30,992
8600	905	0	1	8	0	0	0	4	21	75	4	29	32256	992	0	8	0	992
8600	906	2	2	6	0	0	0	4	19	94	5	29	32256	992	0	6	0	30,992
8600	908	2	5	6	0	0	0	4	22	75	4	30	32256	992	0	6	0	30,62,94,126,992
8600	913	0	1	8	0	0	0	4	21	75	4	29	32256	992	0	8	0	992
8600	914	2	2	6	0	0	0	4	19	94	5	29	32256	992	0	6	0	30,992
8600	916	2	5	6	0	0	0	4	22	75	4	30	32256	992	0	6	0	30,62,94,126,992
8600	920	2	5	6	0	0	0	4	22	75	4	30	32256	992	0	6	0	30,62,94,126,992
8600	929	0	1	8	0	0	0	5	17	222	6	29	32256	992	0	8	0	992
8600	930	1	1	7	0	0	0	5	17	222	6	29	32256	992	0	7	0	992
8600	932	1	1	7	0	0	0	5	20	94	5	30	32256	992	0	7	0	992
8600	936	1	1	7	0	0	0	5	20	94	5	30	32256	992	0	7	0	992
8600	944	1	1	7	0	0	0	5	20	94	5	30	32256	992	0	7	0	992
8600	961	0	1	8	0	0	0	5	17	222	6	29	32256	992	0	8	0	992
8600	962	1	1	7	0	0	0	5	17	222	6	29	32256	992	0	7	0	992
8600	964	1	1	7	0	0	0	5	20	94	5	30	32256	992	0	7	0	992
8600	968	1	1	7	0	0	0	5	20	94	5	30	32256	992	0	7	0	992
8600	976	1	1	7	0	0	0	5	20	94	5	30	32256	992	0	7	0	992
8600	992	0	1	8	0	0	0	7	18	222	6	30	32256	992	0	8	0	992
8600	1039	2	1	6	0	2	2	0	22	11	3	28	32640	920	2560	4	2	920
8600	1047	2	1	6	0	2	2	0	22	11	3	28	32640	920	2560	4	2	920
8600	1051	2	1	6	0	2	2	0	22	11	3	28	32640	920	2560	4	2	920
8600	1053	0	1	8	0	4	2	0	21	75	4	29	32640	920	2560	4	4	920
8600	1054	0	1	8	0	6	3	0	23	11	3	29	32352	102	28672	2	6	102
8600	1063	2	1	6	0	0	0	2	22	13	3	28	32256	992	0	6	0	992
8600	1067	2	1	6	0	0	0	2	22	13	3	28	32256	992	0	6	0	992
8600	1069	2	1	6	0	2	2	0	21	77	4	29	32640	920	2560	4	2	920
8600	1070	2	1	6	0	1	3	0	25	3	2	29	32640	921	2561	3	3	102
8600	1075	2	1	6	0	0	0	2	22	13	3	28	32256	992	0	6	0	992
8600	1077	2	1	6	0	2	2	0	21	77	4	29	32640	920	2560	4	2	920
8600	1078	2	1	6	0	1	3	0	25	3	2	29	32640	921	2561	3	3	102
8600	1081	2	1	6	0	2	2	0	21	77	4	29	32640	920	2560	4	2	920
8600	1082	2	1	6	0	1	3	0	25	3	2	29	32640	921	2561	3	3	102
8600	1084	0	1	8	0	5	3	0	24	11	3	30	32640	921	2561	3	5	102
8600	1095	2	1	6	0	0	0	2	22	13	3	28	32256	992	0	6	0	992
8600	1099	2	1	6	0	0	0	2	22	13	3	28	32256	992	0	6	0	992
8600	1101	2	1	6	0	2	2	0	21	77	4	29	32640	920	2560	4	2	920
8600	1102	2	1	6	0	1	3	0	25	3	2	29	32640	921	2561	3	3	102
8600	1107	2	1	6	0	0	0	2	22	13	3	28	32256	992	0	6	0	992
8600	1109	2	1	6	0	2	2	0	21	77	4	29	32640	920	2560	4	2	920
8600	1110	2	1	6	0	1	3	0	25	3	2	29	32640	921	2561	3	3	102
8600	1113	2	1	6	0	2	2	0	21	77	4	29	32640	920	2560	4	2	920
8600	1114	2	1	6	0	1	3	0	25	3	2	29	32640	921	2561	3	3	102
8600	1116	0	1	8	0	5	3	0	24	11	3	30	32640	921	2561	3	5	102
8600	1123	0	1	8	0	0	0	4	22	11	3	28	32256	992	0	8	0	992
8600	1125	2	1	6	0	0	0	4	21	77	4	29	32256	992	0	6	0	992
8600	1126	0	1	8	0	0	0	4	27	1	1	29	32256	992	0	8	0	992
8600	1129	2	1	6	0	0	0	4	21	77	4	29	32256	992	0	6	0	992
8600	1130	0	1	8	0	0	0	4	27	1	1	29	32256	992	0	8	0	992
8600	1132	2	2	6	0	0	0	4	26	3	2	30	32256	992	0	6	0	102,992
8600	1137	2	1	6	0	0	0	4	21	77	4	29	32256	992	0	6	0	992
8600	1138	0	1	8	0	0	0	4	27	1	1	29	32256	992	0	8	0	992
8600	1140	2	2	6	0	0	0	4	26	3	2	30	32256	992	0	6	0	102,992
8600	1144	2	2	6	0	0	0	4	26	3	2	30	32256	992	0	6	0	102,992
8600	1159	2	2	6	0	0	0	4	20	77	4	28	32256	992	0	6	0	992,1008
8600	1163	2	2	6	0	0	0	4	20	77	4	28	32256	992	0	6	0	992,1008
8600	1165	2	4	6	0	0	0	2	21	75	4	29	32512	1008	0	6	0	912,944,976,1008
8600	1166	2	1	6	0	2	3	0	21	77	4	29	32512	913	2561	4	2	110
8600	1171	2	2	6	0	0	0	4	20	77	4	28	32256	992	0	6	0	992,1008
8600	1173	2	4	6	0	0	0	2	21	75	4	29	32512	1008	0	6	0	912,944,976,1008
8600	1174	2	1	6	0	2	3	0	21	77	4	29	32512	913	2561	4	2	110
8600	1177	2	4	6	0	0	0	2	21	75	4	29	32512	1008	0	6	0	912,944,976,1008
8600	1178	2	1	6	0	2	3	0	21	77	4	29	32512	913	2561	4	2	110
8600	1180	0	1	8	0	4	3	0	22	75	4	30	32512	913	2561	4	4	110
8600	1187	1	1	7	0	0	0	3	18	94	5	28	32256	992	0	7	0	992
8600	1189	2	2	6	0	0	0	5	19	94	5	29	32256	992	0	6	0	992,1008
8600	1190	2	1	6	0	0	0	3	21	77	4	29	32256	992	0	6	0	992
8600	1193	2	2	6	0	0	0	5	19	94	5	29	32256	992	0	6	0	992,1008
8600	1194	2	1	6	0	0	0	3	21	77	4	29	32256	992	0	6	0	992
8600	1196	2	1	6	0	1	3	0	22	77	4	30	32512	913	2561	5	1	110
8600	1201	2	2	6	0	0	0	5	19	94	5	29	32256	992	0	6	0	992,1008
8600	1202	2	1	6	0	0	0	3	21	77	4	29	32256	992	0	6	0	992
8600	1204	2	1	6	0	1	3	0	22	77	4	30	32512	913	2561	5	1	110
8600	1208	2	1	6	0	1	3	0	22	77	4	30	32512	913	2561	5	1	110
8600	1219	1	1	7	0	0	0	3	18	94	5	28	32256	992	0	7	0	992
8600	1221	2	2	6	0	0	0	5	19	94	5	29	32256	992	0	6	0	992,1008
8600	1222	2	1	6	0	0	0	3	21	77	4	29	32256	992	0	6	0	992
8600	1225	2	2	6	0	0	0	5	19	94	5	29	32256	992	0	6	0	992,1008
8600	1226	2	1	6	0	0	0	3	21	77	4	29	32256	992	0	6	0	992
8600	1228	2	1	6	0	1	3	0	22	77	4	30	32512	913	2561	5	1	110
8600	1233	2	2	6	0	0	0	5	19	94	5	29	32256	992	0	6	0	992,1008
8600	1234	2	1	6	0	0	0	3	21	77	4	29	32256	992	0	6	0	992
8600	1236	2	1	6	0	1	3	0	22	77	4	30	32512	913	2561	5	1	110
8600	1240	2	1	6	0	1	3	0	22	77	4	30	32512	913	2561	5	1	110
8600	1249	1	1	7	0	0	0	5	17	222	6	29	32256	992	0	7	0	992
8600	1250	0	1	8	0	0	0	5	21	75	4	29	32256	992	0	8	0	992
8600	1252	1	1	7	0	0	0	5	22	77	4	30	32256	992	0	7	0	992
8600	1256	1	1	7	0	0	0	5	22	77	4	30	32256	992	0	7	0	992
8600	1264	1	1	7	0	0	0	5	22	77	4	30	32256	992	0	7	0	992
8600	1287	2	2	6	0	0	0	4	20	77	4	28	32256	992	0	6	0	992,1008
8600	1291	2	2	6	0	0	0	4	20	77	4	28	32256	992	0	6	0	992,1008
8600	1293	2	4	6	0	0	0	2	21	75	4	29	32384	1008	0	6	0	912,944,976,1008
8600	1294	2	1	6	0	2	3	0	21	77	4	29	32384	913	2561	4	2	110
8600	1299	2	2	6	0	0	0	4	20	77	4	28	32256	992	0	6	0	992,1008
8600	1301	2	4	6	0	0	0	2	21	75	4	29	32384	1008	0	6	0	912,944,976,1008
8600	1302	2	1	6	0	2	3	0	21	77	4	29	32384	913	2561	4	2	110
8600	1305	2	4	6	0	0	0	2	21	75	4	29	32384	1008	0	6	0	912,944,976,1008
8600	1306	2	1	6	0	2	3	0	21	77	4	29	32384	913	2561	4	2	110
8600	1308	0	1	8	0	4	3	0	22	75	4	30	32384	913	2561	4	4	110
8600	1315	1	1	7	0	0	0	3	18	94	5	28	32256	992	0	7	0	992
8600	1317	2	2	6	0	0	0	5	19	94	5	29	32256	992	0	6	0	992,1008
8600	1318	2	1	6	0	0	0	3	21	77	4	29	32256	992	0	6	0	992
8600	1321	2	2	6	0	0	0	5	19	94	5	29	32256	992	0	6	0	992,1008
8600	1322	2	1	6	0	0	0	3	21	77	4	29	32256	992	0	6	0	992
8600	1324	2	1	6	0	1	3	0	22	77	4	30	32384	913	2561	5	1	110
8600	1329	2	2	6	0	0	0	5	19	94	5	29	32256	992	0	6	0	992,1008
8600	1330	2	1	6	0	0	0	3	21	77	4	29	32256	992	0	6	0	992
8600	1332	2	1	6	0	1	3	0	22	77	4	30	32384	913	2561	5	1	110
8600	1336	2	1	6	0	1	3	0	22	77	4	30	32384	913	2561	5	1	110
8600	1347	1	1	7	0	0	0	3	18	94	5	28	32256	992	0	7	0	992
8600	1349	2	2	6	0	0	0	5	19	94	5	29	32256	992	0	6	0	992,1008
8600	1350	2	1	6	0	0	0	3	21	77	4	29	32256	992	0	6	0	992
8600	1353	2	2	6	0	0	0	5	19	94	5	29	32256	992	0	6	0	992,1008
8600	1354	2	1	6	0	0	0	3	21	77	4	29	32256	992	0	6	0	992
8600	1356	2	1	6	0	1	3	0	22	77	4	30	32384	913	2561	5	1	110
8600	1361	2	2	6	0	0	0	5	19	94	5	29	32256	992	0	6	0	992,1008
8600	1362	2	1	6	0	0	0	3	21	77	4	29	32256	992	0	6	0	992
8600	1364	2	1	6	0	1	3	0	22	77	4	30	32384	913	2561	5	1	110
8600	1368	2	1	6	0	1	3	0	22	77	4	30	32384	913	2561	5	1	110
8600	1377	1	1	7	0	0	0	5	17	222	6	29	32256	992	0	7	0	992
8600	1378	0	1	8	0	0	0	5	21	75	4	29	32256	992	0	8	0	992
8600	1380	1	1	7	0	0	0	5	22	77	4	30	32256	992	0	7	0	992
8600	1384	1	1	7	0	0	0	5	22	77	4	30	32256	992	0	7	0	992
8600	1392	1	1	7	0	0	0	5	22	77	4	30	32256	992	0	7	0	992
8600	1411	0	1	8	0	0	0	4	18	94	5	28	32256	992	0	8	0	992
8600	1413	0	1	8	0	0	0	4	21	75	4	29	32256	992	0	8	0	992
8600	1414	2	2	6	0	0	0	4	19	94	5	29	32256	992	0	6	0	30,992
8600	1417	0	1	8	0	0	0	4	21	75	4	29	32256	992	0	8	0	992
8600	1418	2	2	6	0	0	0	4	19	94	5	29	32256	992	0	6	0	30,992
8600	1420	2	5	6	0	0	0	4	22	75	4	30	32256	992	0	6	0	30,62,94,126,992
8600	1425	0	1	8	0	0	0	4	21	75	4	29	32256	992	0	8	0	992
8600	1426	2	2	6	0	0	0	4	19	94	5	29	32256	992	0	6	0	30,992
8600	1428	2	5	6	0	0	0	4	22	75	4	30	32256	992	0	6	0	30,62,94,126,992
8600	1432	2	5	6	0	0	0	4	22	75	4	30	32256	992	0	6	0	30,62,94,126,992
8600	1441	0	1	8	0	0	0	5	17	222	6	29	32256	992	0	8	0	992
8600	1442	1	1	7	0	0	0	5	17	222	6	29	32256	992	0	7	0	992
8600	1444	1	1	7	0	0	0	5	20	94	5	30	32256	992	0	7	0	992
8600	1448	1	1	7	0	0	0	5	20	94	5	30	32256	992	0	7	0	992
8600	1456	1	1	7	0	0	0	5	20	94	5	30	32256	992	0	7	0	992
8600	1473	0	1	8	0	0	0	5	17	222	6	29	32256	992	0	8	0	992
8600	1474	1	1	7	0	0	0	5	17	222	6	29	32256	992	0	7	0	992
8600	1476	1	1	7	0	0	0	5	20	94	5	30	32256	992	0	7	0	992
8600	1480	1	1	7	0	0	0	5	20	94	5	30	32256	992	0	7	0	992
8600	1488	1	1	7	0	0	0	5	20	94	5	30	32256	992	0	7	0	992
8600	1504	0	1	8	0	0	0	7	18	222	6	30	32256	992	0	8	0	992
8600	1543	2	2	6	0	0	0	1	20	30	4	28	32640	1008	0	6	0	944,1008
8600	1547	2	2	6	0	0	0	1	20	30	4	28	32640	1008	0	6	0	944,1008
8600	1549	1	1	7	0	1	1	0	17	222	6	29	32640	944	2048	6	1	944
8600	1550	1	1	7	0	3	2	0	21	30	4	29	32640	945	2049	4	3	78
8600	1555	2	2	6	0	0	0	1	20	30	4	28	32640	1008	0	6	0	944,1008
8600	1557	1	1	7	0	1	1	0	17	222	6	29	32640	944	2048	6	1	944
8600	1558	1	1	7	0	3	2	0	21	30	4	29	32640	945	2049	4	3	78
8600	1561	1	1	7	0	1	1	0	17	222	6	29	32640	944	2048	6	1	944
8600	1562	1	1	7	0	3	2	0	21	30	4	29	32640	945	2049	4	3	78
8600	1564	0	1	8	0	4	2	0	18	222	6	30	32640	945	2049	4	4	78
8600	1571	2	4	6	0	0	0	5	22	11	3	28	32256	960	0	6	0	960,976,992,1008
8600	1573	2	2	6	0	0	0	1	19	94	5	29	32640	1008	0	6	0	944,1008
8600	1574	2	1	6	0	1	2	0	25	3	2	29	32640	945	2049	5	1	78
8600	1577	2	2	6	0	0	0	1	19	94	5	29	32640	1008	0	6	0	944,1008
8600	1578	2	1	6	0	1	2	0	25	3	2	29	32640	945	2049	5	1	78
8600	1580	1	1	7	0	2	2	0	22	30	4	30	32640	945	2049	5	2	78
8600	1585	2	2	6	0	0	0	1	19	94	5	29	32640	1008	0	6	0	944,1008
8600	1586	2	1	6	0	1	2	0	25	3	2	29	32640	945	2049	5	1	78
8600	1588	1	1	7	0	2	2	0	22	30	4	30	32640	945	2049	5	2	78
8600	1592	1	1	7	0	2	2	0	22	30	4	30	32640	945	2049	5	2	78
8600	1603	2	4	6	0	0	0	5	22	11	3	28	32256	960	0	6	0	960,976,992,1008
8600	1605	2	2	6	0	0	0	1	19	94	5	29	32640	1008	0	6	0	944,1008
8600	1606	2	1	6	0	1	2	0	25	3	2	29	32640	945	2049	5	1	78
8600	1609	2	2	6	0	0	0	1	19	94	5	29	32640	1008	0	6	0	944,1008
8600	1610	2	1	6	0	1	2	0	25	3	2	29	32640	945	2049	5	1	78
8600	1612	1	1	7	0	2	2	0	22	30	4	30	32640	945	2049	5	2	78
8600	1617	2	2	6	0	0	0	1	19	94	5	29	32640	1008	0	6	0	944,1008
8600	1618	2	1	6	0	1	2	0	25	3	2	29	32640	945	2049	5	1	78
8600	1620	1	1	7	0	2	2	0	22	30	4	30	32640	945	2049	5	2	78
8600	1624	1	1	7	0	2	2	0	22	30	4	30	32640	945	2049	5	2	78
8600	1633	2	4	6	0	0	0	7	21	75	4	29	32256	960	0	6	0	960,976,992,1008
8600	1634	0	1	8	0	0	0	4	29	0	0	29	32256	960	0	8	0	960
8600	1636	2	5	6	0	0	0	7	26	3	2	30	32256	960	0	6	0	78,960,976,992,1008
8600	1640	2	5	6	0	0	0	7	26	3	2	30	32256	960	0	6	0	78,960,976,992,1008
8600	1648	2	5	6	0	0	0	7	26	3	2	30	32256	960	0	6	0	78,960,976,992,1008
8600	1667	1	1	7	0	0	0	2	18	94	5	28	32512	992	0	7	0	992
8600	1669	1	1	7	0	0	0	2	17	222	6	29	32512	992	0	7	0	992
8600	1670	2	2	6	0	1	1	0	19	94	5	29	32512	993	1	5	1	30,94
8600	1673	1	1	7	0	0	0	2	17	222	6	29	32512	992	0	7	0	992
8600	1674	2	2	6	0	1	1	0	19	94	5	29	32512	993	1	5	1	30,94
8600	1676	1	1	7	0	2	2	0	18	222	6	30	32512	929	2049	5	2	94
8600	1681	1	1	7	0	0	0	2	17	222	6	29	32512	992	0	7	0	992
8600	1682	2	2	6	0	1	1	0	19	94	5	29	32512	993	1	5	1	30,94
8600	1684	1	1	7	0	2	2	0	18	222	6	30	32512	929	2049	5	2	94
8600	1688	1	1	7	0	2	2	0	18	222	6	30	32512	929	2049	5	2	94
8600	1697	1	1	7	0	0	0	2	17	222	6	29	32512	992	0	7	0	992
8600	1698	2	4	6	0	0	0	5	21	75	4	29	32256	960	0	6	0	30,62,960,992
8600	1700	2	3	6	0	0	0	2	20	94	5	30	32512	992	0	6	0	30,94,992
8600	1704	2	3	6	0	0	0	2	20	94	5	30	32512	992	0	6	0	30,94,992
8600	1712	2	3	6	0	0	0	2	20	94	5	30	32512	992	0	6	0	30,94,992
8600	1729	1	1	7	0	0	0	2	17	222	6	29	32512	992	0	7	0	992
8600	1730	2	4	6	0	0	0	5	21	75	4	29	32256	960	0	6	0	30,62,960,992
8600	1732	2	3	6	0	0	0	2	20	94	5	30	32512	992	0	6	0	30,94,992
8600	1736	2	3	6	0	0	0	2	20	94	5	30	32512	992	0	6	0	30,94,992
8600	1744	2	3	6	0	0	0	2	20	94	5	30	32512	992	0	6	0	30,94,992
8600	1760	1	2	7	0	0	0	7	22	75	4	30	32256	960	0	7	0	960,992
8600	1795	1	1	7	0	0	0	2	18	94	5	28	32384	992	0	7	0	992
8600	1797	1	1	7	0	0	0	2	17	222	6	29	32384	992	0	7	0	992
8600	1798	2	2	6	0	1	1	0	19	94	5	29	32384	993	1	5	1	30,94
8600	1801	1	1	7	0	0	0	2	17	222	6	29	32384	992	0	7	0	992
8600	1802	2	2	6	0	1	1	0	19	94	5	29	32384	993	1	5	1	30,94
8600	1804	1	1	7	0	2	2	0	18	222	6	30	32384	929	2049	5	2	94
8600	1809	1	1	7	0	0	0	2	17	222	6	29	32384	992	0	7	0	992
8600	1810	2	2	6	0	1	1	0	19	94	5	29	32384	993	1	5	1	30,94
8600	1812	1	1	7	0	2	2	0	18	222	6	30	32384	929	2049	5	2	94
8600	1816	1	1	7	0	2	2	0	18	222	6	30	32384	929	2049	5	2	94
8600	1825	1	1	7	0	0	0	2	17	222	6	29	32384	992	0	7	0	992
8600	1826	2	4	6	0	0	0	5	21	75	4	29	32256	960	0	6	0	30,62,960,992
8600	1828	2	3	6	0	0	0	2	20	94	5	30	32384	992	0	6	0	30,94,992
8600	1832	2	3	6	0	0	0	2	20	94	5	30	32384	992	0	6	0	30,94,992
8600	1840	2	3	6	0	0	0	2	20	94	5	30	32384	992	0	6	0	30,94,992
8600	1857	1	1	7	0	0	0	2	17	222	6	29	32384	992	0	7	0	992
8600	1858	2	4	6	0	0	0	5	21	75	4	29	32256	960	0	6	0	30,62,960,992
8600	1860	2	3	6	0	0	0	2	20	94	5	30	32384	992	0	6	0	30,94,992
8600	1864	2	3	6	0	0	0	2	20	94	5	30	32384	992	0	6	0	30,94,992
8600	1872	2	3	6	0	0	0	2	20	94	5	30	32384	992	0	6	0	30,94,992
8600	1888	1	2	7	0	0	0	7	22	75	4	30	32256	960	0	7	0	960,992
8600	1921	0	1	8	0	0	0	4	17	222	6	29	32256	960	0	8	0	960
8600	1922	1	1	7	0	1	1	0	17	222	6	29	32256	961	1	6	1	62
8600	1924	1	1	7	0	1	1	0	18	222	6	30	32256	961	1	6	1	62
8600	1928	1	1	7	0	1	1	0	18	222	6	30	32256	961	1	6	1	62
8600	1936	1	1	7	0	1	1	0	18	222	6	30	32256	961	1	6	1	62
8600	1952	1	2	7	0	0	0	5	18	222	6	30	32256	960	0	7	0	62,960
8600	1984	1	2	7	0	0	0	5	18	222	6	30	32256	960	0	7	0	62,960
8600	2063	2	1	6	0	2	2	0	22	11	3	28	32640	920	1536	4	2	920
8600	2071	2	1	6	0	2	2	0	22	11	3	28	32640	920	1536	4	2	920
8600	2075	2	1	6	0	2	2	0	22	11	3	28	32640	920	1536	4	2	920
8600	2077	0	1	8	0	4	2	0	21	75	4	29	32640	920	1536	4	4	920
8600	2078	0	1	8	0	6	3	0	23	11	3	29	32352	102	28672	2	6	102
8600	2087	2	1	6	0	0	0	2	22	13	3	28	32256	992	0	6	0	992
8600	2091	2	1	6	0	0	0	2	22	13	3	28	32256	992	0	6	0	992
8600	2093	2	1	6	0	2	2	0	21	77	4	29	32640	920	1536	4	2	920
8600	2094	2	1	6	0	1	3	0	25	3	2	29	32640	921	1537	3	3	102
8600	2099	2	1	6	0	0	0	2	22	13	3	28	32256	992	0	6	0	992
8600	2101	2	1	6	0	2	2	0	21	77	4	29	32640	920	1536	4	2	920
8600	2102	2	1	6	0	1	3	0	25	3	2	29	32640	921	1537	3	3	102
8600	2105	2	1	6	0	2	2	0	21	77	4	29	32640	920	1536	4	2	920
8600	2106	2	1	6	0	1	3	0	25	3	2	29	32640	921	1537	3	3	102
8600	2108	0	1	8	0	5	3	0	24	11	3	30	32640	921	1537	3	5	102
8600	2119	2	1	6	0	0	0	2	22	13	3	28	32256	992	0	6	0	992
8600	2123	2	1	6	0	0	0	2	22	13	3	28	32256	992	0	6	0	992
8600	2125	2	1	6	0	2	2	0	21	77	4	29	32640	920	1536	4	2	920
8600	2126	2	1	6	0	1	3	0	25	3	2	29	32640	921	1537	3	3	102
8600	2131	2	1	6	0	0	0	2	22	13	3	28	32256	992	0	6	0	992
8600	2133	2	1	6	0	2	2	0	21	77	4	29	32640	920	1536	4	2	920
8600	2134	2	1	6	0	1	3	0	25	3	2	29	32640	921	1537	3	3	102
8600	2137	2	1	6	0	2	2	0	21	77	4	29	32640	920	1536	4	2	920
8600	2138	2	1	6	0	1	3	0	25	3	2	29	32640	921	1537	3	3	102
8600	2140	0	1	8	0	5	3	0	24	11	3	30	32640	921	1537	3	5	102
8600	2147	0	1	8	0	0	0	4	22	11	3	28	32256	992	0	8	0	992
8600	2149	2	1	6	0	0	0	4	21	77	4	29	32256	992	0	6	0	992
8600	2150	0	1	8	0	0	0	4	27	1	1	29	32256	992	0	8	0	992
8600	2153	2	1	6	0	0	0	4	21	77	4	29	32256	992	0	6	0	992
8600	2154	0	1	8	0	0	0	4	27	1	1	29	32256	992	0	8	0	992
8600	2156	2	2	6	0	0	0	4	26	3	2	30	32256	992	0	6	0	102,992
8600	2161	2	1	6	0	0	0	4	21	77	4	29	32256	992	0	6	0	992
8600	2162	0	1	8	0	0	0	4	27	1	1	29	32256	992	0	8	0	992
8600	2164	2	2	6	0	0	0	4	26	3	2	30	32256	992	0	6	0	102,992
8600	2168	2	2	6	0	0	0	4	26	3	2	30	32256	992	0	6	0	102,992
8600	2183	2	2	6	0	0	0	4	20	77	4	28	32256	992	0	6	0	992,1008
8600	2187	2	2	6	0	0	0	4	20	77	4	28	32256	992	0	6	0	992,1008
8600	2189	2	4	6	0	0	0	2	21	75	4	29	32512	1008	0	6	0	912,944,976,1008
8600	2190	2	1	6	0	2	3	0	21	77	4	29	32512	913	1537	4	2	110
8600	2195	2	2	6	0	0	0	4	20	77	4	28	32256	992	0	6	0	992,1008
8600	2197	2	4	6	0	0	0	2	21	75	4	29	32512	1008	0	6	0	912,944,976,1008
8600	2198	2	1	6	0	2	3	0	21	77	4	29	32512	913	1537	4	2	110
8600	2201	2	4	6	0	0	0	2	21	75	4	29	32512	1008	0	6	0	912,944,976,1008
8600	2202	2	1	6	0	2	3	0	21	77	4	29	32512	913	1537	4	2	110
8600	2204	0	1	8	0	4	3	0	22	75	4	30	32512	913	1537	4	4	110
8600	2211	1	1	7	0	0	0	3	18	94	5	28	32256	992	0	7	0	992
8600	2213	2	2	6	0	0	0	5	19	94	5	29	32256	992	0	6	0	992,1008
8600	2214	2	1	6	0	0	0	3	21	77	4	29	32256	992	0	6	0	992
8600	2217	2	2	6	0	0	0	5	19	94	5	29	32256	992	0	6	0	992,1008
8600	2218	2	1	6	0	0	0	3	21	77	4	29	32256	992	0	6	0	992
8600	2220	2	1	6	0	1	3	0	22	77	4	30	32512	913	1537	5	1	110
8600	2225	2	2	6	0	0	0	5	19	94	5	29	32256	992	0	6	0	992,1008
8600	2226	2	1	6	0	0	0	3	21	77	4	29	32256	992	0	6	0	992
8600	2228	2	1	6	0	1	3	0	22	77	4	30	32512	913	1537	5	1	110
8600	2232	2	1	6	0	1	3	0	22	77	4	30	32512	913	1537	5	1	110
8600	2243	1	1	7	0	0	0	3	18	94	5	28	32256	992	0	7	0	992
8600	2245	2	2	6	0	0	0	5	19	94	5	29	32256	992	0	6	0	992,1008
8600	2246	2	1	6	0	0	0	3	21	77	4	29	32256	992	0	6	0	992
8600	2249	2	2	6	0	0	0	5	19	94	5	29	32256	992	0	6	0	992,1008
8600	2250	2	1	6	0	0	0	3	21	77	4	29	32256	992	0	6	0	992
8600	2252	2	1	6	0	1	3	0	22	77	4	30	32512	913	1537	5	1	110
8600	2257	2	2	6	0	0	0	5	19	94	5	29	32256	992	0	6	0	992,1008
8600	2258	2	1	6	0	0	0	3	21	77	4	29	32256	992	0	6	0	992
8600	2260	2	1	6	0	1	3	0	22	77	4	30	32512	913	1537	5	1	110
8600	2264	2	1	6	0	1	3	0	22	77	4	30	32512	913	1537	5	1	110
8600	2273	1	1	7	0	0	0	5	17	222	6	29	32256	992	0	7	0	992
8600	2274	0	1	8	0	0	0	5	21	75	4	29	32256	992	0	8	0	992
8600	2276	1	1	7	0	0	0	5	22	77	4	30	32256	992	0	7	0	992
8600	2280	1	1	7	0	0	0	5	22	77	4	30	32256	992	0	7	0	992
8600	2288	1	1	7	0	0	0	5	22	77	4	30	32256	992	0	7	0	992
8600	2311	2	2	6	0	0	0	4	20	77	4	28	32256	992	0	6	0	992,1008
8600	2315	2	2	6	0	0	0	4	20	77	4	28	32256	992	0	6	0	992,1008
8600	2317	2	4	6	0	0	0	2	21	75	4	29	32384	1008	0	6	0	912,944,976,1008
8600	2318	2	1	6	0	2	3	0	21	77	4	29	32384	913	1537	4	2	110
8600	2323	2	2	6	0	0	0	4	20	77	4	28	32256	992	0	6	0	992,1008
8600	2325	2	4	6	0	0	0	2	21	75	4	29	32384	1008	0	6	0	912,944,976,1008
8600	2326	2	1	6	0	2	3	0	21	77	4	29	32384	913	1537	4	2	110
8600	2329	2	4	6	0	0	0	2	21	75	4	29	32384	1008	0	6	0	912,944,976,1008
8600	2330	2	1	6	0	2	3	0	21	77	4	29	32384	913	1537	4	2	110
8600	2332	0	1	8	0	4	3	0	22	75	4	30	32384	913	1537	4	4	110
8600	2339	1	1	7	0	0	0	3	18	94	5	28	32256	992	0	7	0	992
8600	2341	2	2	6	0	0	0	5	19	94	5	29	32256	992	0	6	0	992,1008
8600	2342	2	1	6	0	0	0	3	21	77	4	29	32256	992	0	6	0	992
8600	2345	2	2	6	0	0	0	5	19	94	5	29	32256	992	0	6	0	992,1008
8600	2346	2	1	6	0	0	0	3	21	77	4	29	32256	992	0	6	0	992
8600	2348	2	1	6	0	1	3	0	22	77	4	30	32384	913	1537	5	1	110
8600	2353	2	2	6	0	0	0	5	19	94	5	29	32256	992	0	6	0	992,1008
8600	2354	2	1	6	0	0	0	3	21	77	4	29	32256	992	0	6	0	992
8600	2356	2	1	6	0	1	3	0	22	77	4	30	32384	913	1537	5	1	110
8600	2360	2	1	6	0	1	3	0	22	77	4	30	32384	913	1537	5	1	110
8600	2371	1	1	7	0	0	0	3	18	94	5	28	32256	992	0	7	0	992
8600	2373	2	2	6	0	0	0	5	19	94	5	29	32256	992	0	6	0	992,1008
8600	2374	2	1	6	0	0	0	3	21	77	4	29	32256	992	0	6	0	992
8600	2377	2	2	6	0	0	0	5	19	94	5	29	32256	992	0	6	0	992,1008
8600	2378	2	1	6	0	0	0	3	21	77	4	29	32256	992	0	6	0	992
8600	2380	2	1	6	0	1	3	0	22	77	4	30	32384	913	1537	5	1	110
8600	2385	2	2	6	0	0	0	5	19	94	5	29	32256	992	0	6	0	992,1008
8600	2386	2	1	6	0	0	0	3	21	77	4	29	32256	992	0	6	0	992
8600	2388	2	1	6	0	1	3	0	22	77	4	30	32384	913	1537	5	1	110
8600	2392	2	1	6	0	1	3	0	22	77	4	30	32384	913	1537	5	1	110
8600	2401	1	1	7	0	0	0	5	17	222	6	29	32256	992	0	7	0	992
8600	2402	0	1	8	0	0	0	5	21	75	4	29	32256	992	0	8	0	992
8600	2404	1	1	7	0	0	0	5	22	77	4	30	32256	992	0	7	0	992
8600	2408	1	1	7	0	0	0	5	22	77	4	30	32256	992	0	7	0	992
8600	2416	1	1	7	0	0	0	5	22	77	4	30	32256	992	0	7	0	992
8600	2435	0	1	8	0	0	0	4	18	94	5	28	32256	992	0	8	0	992
8600	2437	0	1	8	0	0	0	4	21	75	4	29	32256	992	0	8	0	992
8600	2438	2	2	6	0	0	0	4	19	94	5	29	32256	992	0	6	0	30,992
8600	2441	0	1	8	0	0	0	4	21	75	4	29	32256	992	0	8	0	992
8600	2442	2	2	6	0	0	0	4	19	94	5	29	32256	992	0	6	0	30,992
8600	2444	2	5	6	0	0	0	4	22	75	4	30	32256	992	0	6	0	30,62,94,126,992
8600	2449	0	1	8	0	0	0	4	21	75	4	29	32256	992	0	8	0	992
8600	2450	2	2	6	0	0	0	4	19	94	5	29	32256	992	0	6	0	30,992
8600	2452	2	5	6	0	0	0	4	22	75	4	30	32256	992	0	6	0	30,62,94,126,992
8600	2456	2	5	6	0	0	0	4	22	75	4	30	32256	992	0	6	0	30,62,94,126,992
8600	2465	0	1	8	0	0	0	5	17	222	6	29	32256	992	0	8	0	992
8600	2466	1	1	7	0	0	0	5	17	222	6	29	32256	992	0	7	0	992
8600	2468	1	1	7	0	0	0	5	20	94	5	30	32256	992	0	7	0	992
8600	2472	1	1	7	0	0	0	5	20	94	5	30	32256	992	0	7	0	992
8600	2480	1	1	7	0	0	0	5	20	94	5	30	32256	992	0	7	0	992
8600	2497	0	1	8	0	0	0	5	17	222	6	29	32256	992	0	8	0	992
8600	2498	1	1	7	0	0	0	5	17	222	6	29	32256	992	0	7	0	992
8600	2500	1	1	7	0	0	0	5	20	94	5	30	32256	992	0	7	0	992
8600	2504	1	1	7	0	0	0	5	20	94	5	30	32256	992	0	7	0	992
8600	2512	1	1	7	0	0	0	5	20	94	5	30	32256	992	0	7	0	992
8600	2528	0	1	8	0	0	0	7	18	222	6	30	32256	992	0	8	0	992
8600	2567	2	2	6	0	0	0	1	20	30	4	28	32640	1008	0	6	0	944,1008
8600	2571	2	2	6	0	0	0	1	20	30	4	28	32640	1008	0	6	0	944,1008
8600	2573	1	1	7	0	1	1	0	17	222	6	29	32640	944	1024	6	1	944
8600	2574	1	1	7	0	3	2	0	21	30	4	29	32640	945	1025	4	3	78
8600	2579	2	2	6	0	0	0	1	20	30	4	28	32640	1008	0	6	0	944,1008
8600	2581	1	1	7	0	1	1	0	17	222	6	29	32640	944	1024	6	1	944
8600	2582	1	1	7	0	3	2	0	21	30	4	29	32640	945	1025	4	3	78
8600	2585	1	1	7	0	1	1	0	17	222	6	29	32640	944	1024	6	1	944
8600	2586	1	1	7	0	3	2	0	21	30	4	29	32640	945	1025	4	3	78
8600	2588	0	1	8	0	4	2	0	18	222	6	30	32640	945	1025	4	4	78
8600	2595	2	4	6	0	0	0	5	22	11	3	28	32256	960	0	6	0	960,976,992,1008
8600	2597	2	2	6	0	0	0	1	19	94	5	29	32640	1008	0	6	0	944,1008
8600	2598	2	1	6	0	1	2	0	25	3	2	29	32640	945	1025	5	1	78
8600	2601	2	2	6	0	0	0	1	19	94	5	29	32640	1008	0	6	0	944,1008
8600	2602	2	1	6	0	1	2	0	25	3	2	29	32640	945	1025	5	1	78
8600	2604	1	1	7	0	2	2	0	22	30	4	30	32640	945	1025	5	2	78
8600	2609	2	2	6	0	0	0	1	19	94	5	29	32640	1008	0	6	0	944,1008
8600	2610	2	1	6	0	1	2	0	25	3	2	29	32640	945	1025	5	1	78
8600	2612	1	1	7	0	2	2	0	22	30	4	30	32640	945	1025	5	2	78
8600	2616	1	1	7	0	2	2	0	22	30	4	30	32640	945	1025	5	2	78
8600	2627	2	4	6	0	0	0	5	22	11	3	28	32256	960	0	6	0	960,976,992,1008
8600	2629	2	2	6	0	0	0	1	19	94	5	29	32640	1008	0	6	0	944,1008
8600	2630	2	1	6	0	1	2	0	25	3	2	29	32640	945	1025	5	1	78
8600	2633	2	2	6	0	0	0	1	19	94	5	29	32640	1008	0	6	0	944,1008
8600	2634	2	1	6	0	1	2	0	25	3	2	29	32640	945	1025	5	1	78
8600	2636	1	1	7	0	2	2	0	22	30	4	30	32640	945	1025	5	2	78
8600	2641	2	2	6	0	0	0	1	19	94	5	29	32640	1008	0	6	0	944,1008
8600	2642	2	1	6	0	1	2	0	25	3	2	29	32640	945	1025	5	1	78
8600	2644	1	1	7	0	2	2	0	22	30	4	30	32640	945	1025	5	2	78
8600	2648	1	1	7	0	2	2	0	22	30	4	30	32640	945	1025	5	2	78
8600	2657	2	4	6	0	0	0	7	21	75	4	29	32256	960	0	6	0	960,976,992,1008
8600	2658	0	1	8	0	0	0	4	29	0	0	29	32256	960	0	8	0	960
8600	2660	2	5	6	0	0	0	7	26	3	2	30	32256	960	0	6	0	78,960,976,992,1008
8600	2664	2	5	6	0	0	0	7	26	3	2	30	32256	960	0	6	0	78,960,976,992,1008
8600	2672	2	5	6	0	0	0	7	26	3	2	30	32256	960	0	6	0	78,960,976,992,1008
8600	2691	1	1	7	0	0	0	2	18	94	5	28	32512	992	0	7	0	992
8600	2693	1	1	7	0	0	0	2	17	222	6	29	32512	992	0	7	0	992
8600	2694	2	2	6	0	1	1	0	19	94	5	29	32512	993	1	5	1	30,94
8600	2697	1	1	7	0	0	0	2	17	222	6	29	32512	992	0	7	0	992
8600	2698	2	2	6	0	1	1	0	19	94	5	29	32512	993	1	5	1	30,94
8600	2700	1	1	7	0	2	2	0	18	222	6	30	32512	929	1025	5	2	94
8600	2705	1	1	7	0	0	0	2	17	222	6	29	32512	992	0	7	0	992
8600	2706	2	2	6	0	1	1	0	19	94	5	29	32512	993	1	5	1	30,94
8600	2708	1	1	7	0	2	2	0	18	222	6	30	32512	929	1025	5	2	94
8600	2712	1	1	7	0	2	2	0	18	222	6	30	32512	929	1025	5	2	94
8600	2721	1	1	7	0	0	0	2	17	222	6	29	32512	992	0	7	0	992
8600	2722	2	4	6	0	0	0	5	21	75	4	29	32256	960	0	6	0	30,62,960,992
8600	2724	2	3	6	0	0	0	2	20	94	5	30	32512	992	0	6	0	30,94,992
8600	2728	2	3	6	0	0	0	2	20	94	5	30	32512	992	0	6	0	30,94,992
8600	2736	2	3	6	0	0	0	2	20	94	5	30	32512	992	0	6	0	30,94,992
8600	2753	1	1	7	0	0	0	2	17	222	6	29	32512	992	0	7	0	992
8600	2754	2	4	6	0	0	0	5	21	75	4	29	32256	960	0	6	0	30,62,960,992
8600	2756	2	3	6	0	0	0	2	20	94	5	30	32512	992	0	6	0	30,94,992
8600	2760	2	3	6	0	0	0	2	20	94	5	30	32512	992	0	6	0	30,94,992
8600	2768	2	3	6	0	0	0	2	20	94	5	30	32512	992	0	6	0	30,94,992
8600	2784	1	2	7	0	0	0	7	22	75	4	30	32256	960	0	7	0	960,992
8600	2819	1	1	7	0	0	0	2	18	94	5	28	32384	992	0	7	0	992
8600	2821	1	1	7	0	0	0	2	17	222	6	29	32384	992	0	7	0	992
8600	2822	2	2	6	0	1	1	0	19	94	5	29	32384	993	1	5	1	30,94
8600	2825	1	1	7	0	0	0	2	17	222	6	29	32384	992	0	7	0	992
8600	2826	2	2	6	0	1	1	0	19	94	5	29	32384	993	1	5	1	30,94
8600	2828	1	1	7	0	2	2	0	18	222	6	30	32384	929	1025	5	2	94
8600	2833	1	1	7	0	0	0	2	17	222	6	29	32384	992	0	7	0	992
8600	2834	2	2	6	0	1	1	0	19	94	5	29	32384	993	1	5	1	30,94
8600	2836	1	1	7	0	2	2	0	18	222	6	30	32384	929	1025	5	2	94
8600	2840	1	1	7	0	2	2	0	18	222	6	30	32384	929	1025	5	2	94
8600	2849	1	1	7	0	0	0	2	17	222	6	29	32384	992	0	7	0	992
8600	2850	2	4	6	0	0	0	5	21	75	4	29	32256	960	0	6	0	30,62,960,992
8600	2852	2	3	6	0	0	0	2	20	94	5	30	32384	992	0	6	0	30,94,992
8600	2856	2	3	6	0	0	0	2	20	94	5	30	32384	992	0	6	0	30,94,992
8600	2864	2	3	6	0	0	0	2	20	94	5	30	32384	992	0	6	0	30,94,992
8600	2881	1	1	7	0	0	0	2	17	222	6	29	32384	992	0	7	0	992
8600	2882	2	4	6	0	0	0	5	21	75	4	29	32256	960	0	6	0	30,62,960,992
8600	2884	2	3	6	0	0	0	2	20	94	5	30	32384	992	0	6	0	30,94,992
8600	2888	2	3	6	0	0	0	2	20	94	5	30	32384	992	0	6	0	30,94,992
8600	2896	2	3	6	0	0	0	2	20	94	5	30	32384	992	0	6	0	30,94,992
8600	2912	1	2	7	0	0	0	7	22	75	4	30	32256	960	0	7	0	960,992
8600	2945	0	1	8	0	0	0	4	17	222	6	29	32256	960	0	8	0	960
8600	2946	1	1	7	0	1	1	0	17	222	6	29	32256	961	1	6	1	62
8600	2948	1	1	7	0	1	1	0	18	222	6	30	32256	961	1	6	1	62
8600	2952	1	1	7	0	1	1	0	18	222	6	30	32256	961	1	6	1	62
8600	2960	1	1	7	0	1	1	0	18	222	6	30	32256	961	1	6	1	62
8600	2976	1	2	7	0	0	0	5	18	222	6	30	32256	960	0	7	0	62,960
8600	3008	1	2	7	0	0	0	5	18	222	6	30	32256	960	0	7	0	62,960
8600	3079	2	2	6	0	0	0	1	20	30	4	28	32640	1008	0	6	0	944,1008
8600	3083	2	2	6	0	0	0	1	20	30	4	28	32640	1008	0	6	0	944,1008
8600	3085	1	1	7	0	1	1	0	17	222	6	29	32640	944	512	6	1	944
8600	3086	1	1	7	0	3	2	0	21	30	4	29	32640	945	513	4	3	78
8600	3091	2	2	6	0	0	0	1	20	30	4	28	32640	1008	0	6	0	944,1008
8600	3093	1	1	7	0	1	1	0	17	222	6	29	32640	944	512	6	1	944
8600	3094	1	1	7	0	3	2	0	21	30	4	29	32640	945	513	4	3	78
8600	3097	1	1	7	0	1	1	0	17	222	6	29	32640	944	512	6	1	944
8600	3098	1	1	7	0	3	2	0	21	30	4	29	32640	945	513	4	3	78
8600	3100	0	1	8	0	4	2	0	18	222	6	30	32640	945	513	4	4	78
8600	3107	2	4	6	0	0	0	5	22	11	3	28	32256	960	0	6	0	960,976,992,1008
8600	3109	2	2	6	0	0	0	1	19	94	5	29	32640	1008	0	6	0	944,1008
8600	3110	2	1	6	0	1	2	0	25	3	2	29	32640	945	513	5	1	78
8600	3113	2	2	6	0	0	0	1	19	94	5	29	32640	1008	0	6	0	944,1008
8600	3114	2	1	6	0	1	2	0	25	3	2	29	32640	945	513	5	1	78
8600	3116	1	1	7	0	2	2	0	22	30	4	30	32640	945	513	5	2	78
8600	3121	2	2	6	0	0	0	1	19	94	5	29	32640	1008	0	6	0	944,1008
8600	3122	2	1	6	0	1	2	0	25	3	2	29	32640	945	513	5	1	78
8600	3124	1	1	7	0	2	2	0	22	30	4	30	32640	945	513	5	2	78
8600	3128	1	1	7	0	2	2	0	22	30	4	30	32640	945	513	5	2	78
8600	3139	2	4	6	0	0	0	5	22	11	3	28	32256	960	0	6	0	960,976,992,1008
8600	3141	2	2	6	0	0	0	1	19	94	5	29	32640	1008	0	6	0	944,1008
8600	3142	2	1	6	0	1	2	0	25	3	2	29	32640	945	513	5	1	78
8600	3145	2	2	6	0	0	0	1	19	94	5	29	32640	1008	0	6	0	944,1008
8600	3146	2	1	6	0	1	2	0	25	3	2	29	32640	945	513	5	1	78
8600	3148	1	1	7	0	2	2	0	22	30	4	30	32640	945	513	5	2	78
8600	3153	2	2	6	0	0	0	1	19	94	5	29	32640	1008	0	6	0	944,1008
8600	3154	2	1	6	0	1	2	0	25	3	2	29	32640	945	513	5	1	78
8600	3156	1	1	7	0	2	2	0	22	30	4	30	32640	945	513	5	2	78
8600	3160	1	1	7	0	2	2	0	22	30	4	30	32640	945	513	5	2	78
8600	3169	2	4	6	0	0	0	7	21	75	4	29	32256	960	0	6	0	960,976,992,1008
8600	3170	0	1	8	0	0	0	4	29	0	0	29	32256	960	0	8	0	960
8600	3172	2	5	6	0	0	0	7	26	3	2	30	32256	960	0	6	0	78,960,976,992,1008
8600	3176	2	5	6	0	0	0	7	26	3	2	30	32256	960	0	6	0	78,960,976,992,1008
8600	3184	2	5	6	0	0	0	7	26	3	2	30	32256	960	0	6	0	78,960,976,992,1008
8600	3203	1	1	7	0	0	0	2	18	94	5	28	32512	992	0	7	0	992
8600	3205	1	1	7	0	0	0	2	17	222	6	29	32512	992	0	7	0	992
8600	3206	2	2	6	0	1	1	0	19	94	5	29	32512	993	1	5	1	30,94
8600	3209	1	1	7	0	0	0	2	17	222	6	29	32512	992	0	7	0	992
8600	3210	2	2	6	0	1	1	0	19	94	5	29	32512	993	1	5	1	30,94
8600	3212	1	1	7	0	2	2	0	18	222	6	30	32512	929	513	5	2	94
8600	3217	1	1	7	0	0	0	2	17	222	6	29	32512	992	0	7	0	992
8600	3218	2	2	6	0	1	1	0	19	94	5	29	32512	993	1	5	1	30,94
8600	3220	1	1	7	0	2	2	0	18	222	6	30	32512	929	513	5	2	94
8600	3224	1	1	7	0	2	2	0	18	222	6	30	32512	929	513	5	2	94
8600	3233	1	1	7	0	0	0	2	17	222	6	29	32512	992	0	7	0	992
8600	3234	2	4	6	0	0	0	5	21	75	4	29	32256	960	0	6	0	30,62,960,992
8600	3236	2	3	6	0	0	0	2	20	94	5	30	32512	992	0	6	0	30,94,992
8600	3240	2	3	6	0	0	0	2	20	94	5	30	32512	992	0	6	0	30,94,992
8600	3248	2	3	6	0	0	0	2	20	94	5	30	32512	992	0	6	0	30,94,992
8600	3265	1	1	7	0	0	0	2	17	222	6	29	32512	992	0	7	0	992
8600	3266	2	4	6	0	0	0	5	21	75	4	29	32256	960	0	6	0	30,62,960,992
8600	3268	2	3	6	0	0	0	2	20	94	5	30	32512	992	0	6	0	30,94,992
8600	3272	2	3	6	0	0	0	2	20	94	5	30	32512	992	0	6	0	30,94,992
8600	3280	2	3	6	0	0	0	2	20	94	5	30	32512	992	0	6	0	30,94,992
8600	3296	1	2	7	0	0	0	7	22	75	4	30	32256	960	0	7	0	960,992
8600	3331	1	1	7	0	0	0	2	18	94	5	28	32384	992	0	7	0	992
8600	3333	1	1	7	0	0	0	2	17	222	6	29	32384	992	0	7	0	992
8600	3334	2	2	6	0	1	1	0	19	94	5	29	32384	993	1	5	1	30,94
8600	3337	1	1	7	0	0	0	2	17	222	6	29	32384	992	0	7	0	992
8600	3338	2	2	6	0	1	1	0	19	94	5	29	32384	993	1	5	1	30,94
8600	3340	1	1	7	0	2	2	0	18	222	6	30	32384	929	513	5	2	94
8600	3345	1	1	7	0	0	0	2	17	222	6	29	32384	992	0	7	0	992
8600	3346	2	2	6	0	1	1	0	19	94	5	29	32384	993	1	5	1	30,94
8600	3348	1	1	7	0	2	2	0	18	222	6	30	32384	929	513	5	2	94
8600	3352	1	1	7	0	2	2	0	18	222	6	30	32384	929	513	5	2	94
8600	3361	1	1	7	0	0	0	2	17	222	6	29	32384	992	0	7	0	992
8600	3362	2	4	6	0	0	0	5	21	75	4	29	32256	960	0	6	0	30,62,960,992
8600	3364	2	3	6	0	0	0	2	20	94	5	30	32384	992	0	6	0	30,94,992
8600	3368	2	3	6	0	0	0	2	20	94	5	30	32384	992	0	6	0	30,94,992
8600	3376	2	3	6	0	0	0	2	20	94	5	30	32384	992	0	6	0	30,94,992
8600	3393	1	1	7	0	0	0	2	17	222	6	29	32384	992	0	7	0	992
8600	3394	2	4	6	0	0	0	5	21	75	4	29	32256	960	0	6	0	30,62,960,992
8600	3396	2	3	6	0	0	0	2	20	94	5	30	32384	992	0	6	0	30,94,992
8600	3400	2	3	6	0	0	0	2	20	94	5	30	32384	992	0	6	0	30,94,992
8600	3408	2	3	6	0	0	0	2	20	94	5	30	32384	992	0	6	0	30,94,992
8600	3424	1	2	7	0	0	0	7	22	75	4	30	32256	960	0	7	0	960,992
8600	3457	0	1	8	0	0	0	4	17	222	6	29	32256	960	0	8	0	960
8600	3458	1	1	7	0	1	1	0	17	222	6	29	32256	961	1	6	1	62
8600	3460	1	1	7	0	1	1	0	18	222	6	30	32256	961	1	6	1	62
8600	3464	1	1	7	0	1	1	0	18	222	6	30	32256	961	1	6	1	62
8600	3472	1	1	7	0	1	1	0	18	222	6	30	32256	961	1	6	1	62
8600	3488	1	2	7	0	0	0	5	18	222	6	30	32256	960	0	7	0	62,960
8600	3520	1	2	7	0	0	0	5	18	222	6	30	32256	960	0	7	0	62,960
8600	3587	0	1	8	0	0	0	1	22	11	3	28	32640	992	0	8	0	992
8600	3589	0	1	8	0	0	0	1	17	222	6	29	32640	992	0	8	0	992
8600	3590	0	1	8	0	2	1	0	23	11	3	29	32640	993	1	6	2	30
8600	3593	0	1	8	0	0	0	1	17	222	6	29	32640	992	0	8	0	992
8600	3594	0	1	8	0	2	1	0	23	11	3	29	32640	993	1	6	2	30
8600	3596	0	1	8	0	2	1	0	18	222	6	30	32640	993	1	6	2	30
8600	3601	0	1	8	0	0	0	1	17	222	6	29	32640	992	0	8	0	992
8600	3602	0	1	8	0	2	1	0	23	11	3	29	32640	993	1	6	2	30
8600	3604	0	1	8	0	2	1	0	18	222	6	30	32640	993	1	6	2	30
8600	3608	0	1	8	0	2	1	0	18	222	6	30	32640	993	1	6	2	30
8600	3617	0	1	8	0	0	0	1	21	75	4	29	32640	992	0	8	0	992
8600	3618	0	1	8	0	1	1	0	29	0	0	29	32640	993	1	7	1	30
8600	3620	0	1	8	0	1	1	0	24	11	3	30	32640	993	1	7	1	30
8600	3624	0	1	8	0	1	1	0	24	11	3	30	32640	993	1	7	1	30
8600	3632	0	1	8	0	1	1	0	24	11	3	30	32640	993	1	7	1	30
8600	3649	0	1	8	0	0	0	1	21	75	4	29	32640	992	0	8	0	992
8600	3650	0	1	8	0	1	1	0	29	0	0	29	32640	993	1	7	1	30
8600	3652	0	1	8	0	1	1	0	24	11	3	30	32640	993	1	7	1	30
8600	3656	0	1	8	0	1	1	0	24	11	3	30	32640	993	1	7	1	30
8600	3664	0	1	8	0	1	1	0	24	11	3	30	32640	993	1	7	1	30
8600	3680	0	2	8	0	0	0	1	30	0	0	30	32640	992	0	8	0	30,992
8600	3713	0	1	8	0	0	0	2	17	222	6	29	32512	960	0	8	0	960
8600	3714	0	1	8	0	2	1	0	21	75	4	29	32512	961	1	6	2	62
8600	3716	0	1	8	0	2	1	0	18	222	6	30	32512	961	1	6	2	62
8600	3720	0	1	8	0	2	1	0	18	222	6	30	32512	961	1	6	2	62
8600	3728	0	1	8	0	2	1	0	18	222	6	30	32512	961	1	6	2	62
8600	3744	0	1	8	0	1	1	0	22	75	4	30	32512	961	1	7	1	62
8600	3776	0	1	8	0	1	1	0	22	75	4	30	32512	961	1	7	1	62
8600	3841	0	1	8	0	0	0	2	17	222	6	29	32384	960	0	8	0	960
8600	3842	0	1	8	0	2	1	0	21	75	4	29	32384	961	1	6	2	62
8600	3844	0	1	8	0	2	1	0	18	222	6	30	32384	961	1	6	2	62
8600	3848	0	1	8	0	2	1	0	18	222	6	30	32384	961	1	6	2	62
8600	3856	0	1	8	0	2	1	0	18	222	6	30	32384	961	1	6	2	62
8600	3872	0	1	8	0	1	1	0	22	75	4	30	32384	961	1	7	1	62
8600	3904	0	1	8	0	1	1	0	22	75	4	30	32384	961	1	7	1	62
8600	3968	0	1	8	0	2	1	0	18	222	6	30	32256	897	1	6	2	126
8600	4111	2	1	6	0	2	2	0	22	11	3	28	32352	230	24576	4	2	230
8600	4119	2	1	6	0	2	2	0	22	11	3	28	32352	230	24576	4	2	230
8600	4123	2	1	6	0	2	2	0	22	11	3	28	32352	230	24576	4	2	230
8600	4125	0	1	8	0	6	3	0	23	11	3	29	32352	231	24578	2	6	792
8600	4126	0	1	8	0	4	2	0	21	75	4	29	32352	230	24576	4	4	230
8600	4135	2	2	6	0	0	0	4	20	77	4	28	32256	992	0	6	0	992,996
8600	4139	2	2	6	0	0	0	4	20	77	4	28	32256	992	0	6	0	992,996
8600	4141	2	1	6	0	2	3	0	21	77	4	29	32320	229	24578	4	2	794
8600	4142	2	4	6	0	0	0	2	21	75	4	29	32320	996	0	6	0	228,484,740,996
8600	4147	2	2	6	0	0	0	4	20	77	4	28	32256	992	0	6	0	992,996
8600	4149	2	1	6	0	2	3	0	21	77	4	29	32320	229	24578	4	2	794
8600	4150	2	4	6	0	0	0	2	21	75	4	29	32320	996	0	6	0	228,484,740,996
8600	4153	2	1	6	0	2	3	0	21	77	4	29	32320	229	24578	4	2	794
8600	4154	2	4	6	0	0	0	2	21	75	4	29	32320	996	0	6	0	228,484,740,996
8600	4156	0	1	8	0	4	3	0	22	75	4	30	32320	230	24578	4	4	230
8600	4167	2	2	6	0	0	0	4	20	77	4	28	32256	992	0	6	0	992,996
8600	4171	2	2	6	0	0	0	4	20	77	4	28	32256	992	0	6	0	992,996
8600	4173	2	1	6	0	2	3	0	21	77	4	29	32288	229	24578	4	2	794
8600	4174	2	4	6	0	0	0	2	21	75	4	29	32288	996	0	6	0	228,484,740,996
8600	4179	2	2	6	0	0	0	4	20	77	4	28	32256	992	0	6	0	992,996
8600	4181	2	1	6	0	2	3	0	21	77	4	29	32288	229	24578	4	2	794
8600	4182	2	4	6	0	0	0	2	21	75	4	29	32288	996	0	6	0	228,484,740,996
8600	4185	2	1	6	0	2	3	0	21	77	4	29	32288	229	24578	4	2	794
8600	4186	2	4	6	0	0	0	2	21	75	4	29	32288	996	0	6	0	228,484,740,996
8600	4188	0	1	8	0	4	3	0	22	75	4	30	32288	230	24578	4	4	230
8600	4195	0	1	8	0	0	0	4	18	94	5	28	32256	992	0	8	0	992
8600	4197	2	2	6	0	0	0	4	19	94	5	29	32256	992	0	6	0	30,992
8600	4198	0	1	8	0	0	0	4	21	75	4	29	32256	992	0	8	0	992
8600	4201	2	2	6	0	0	0	4	19	94	5	29	32256	992	0	6	0	30,992
8600	4202	0	1	8	0	0	0	4	21	75	4	29	32256	992	0	8	0	992
8600	4204	2	5	6	0	0	0	4	22	75	4	30	32256	992	0	6	0	226,482,738,992,994
8600	4209	2	2	6	0	0	0	4	19	94	5	29	32256	992	0	6	0	30,992
8600	4210	0	1	8	0	0	0	4	21	75	4	29	32256	992	0	8	0	992
8600	4212	2	5	6	0	0	0	4	22	75	4	30	32256	992	0	6	0	226,482,738,992,994
8600	4216	2	5	6	0	0	0	4	22	75	4	30	32256	992	0	6	0	226,482,738,992,994
8600	4231	2	1	6	0	0	0	2	22	13	3	28	32256	992	0	6	0	992
8600	4235	2	1	6	0	0	0	2	22	13	3	28	32256	992	0	6	0	992
8600	4237	2	1	6	0	1	3	0	25	3	2	29	32352	237	24578	3	3	786
8600	4238	2	1	6	0	2	2	0	21	77	4	29	32352	236	24576	4	2	236
8600	4243	2	1	6	0	0	0	2	22	13	3	28	32256	992	0	6	0	992
8600	4245	2	1	6	0	1	3	0	25	3	2	29	32352	237	24578	3	3	786
8600	4246	2	1	6	0	2	2	0	21	77	4	29	32352	236	24576	4	2	236
8600	4249	2	1	6	0	1	3	0	25	3	2	29	32352	237	24578	3	3	786
8600	4250	2	1	6	0	2	2	0	21	77	4	29	32352	236	24576	4	2	236
8600	4252	0	1	8	0	5	3	0	24	11	3	30	32352	238	24578	3	5	238
8600	4259	1	1	7	0	0	0	3	18	94	5	28	32256	992	0	7	0	992
8600	4261	2	1	6	0	0	0	3	21	77	4	29	32256	992	0	6	0	992
8600	4262	2	2	6	0	0	0	5	19	94	5	29	32256	992	0	6	0	992,1000
8600	4265	2	1	6	0	0	0	3	21	77	4	29	32256	992	0	6	0	992
8600	4266	2	2	6	0	0	0	5	19	94	5	29	32256	992	0	6	0	992,1000
8600	4268	2	1	6	0	1	3	0	22	77	4	30	32320	234	24578	5	1	234
8600	4273	2	1	6	0	0	0	3	21	77	4	29	32256	992	0	6	0	992
8600	4274	2	2	6	0	0	0	5	19	94	5	29	32256	992	0	6	0	992,1000
8600	4276	2	1	6	0	1	3	0	22	77	4	30	32320	234	24578	5	1	234
8600	4280	2	1	6	0	1	3	0	22	77	4	30	32320	234	24578	5	1	234
8600	4291	1	1	7	0	0	0	3	18	94	5	28	32256	992	0	7	0	992
8600	4293	2	1	6	0	0	0	3	21	77	4	29	32256	992	0	6	0	992
8600	4294	2	2	6	0	0	0	5	19	94	5	29	32256	992	0	6	0	992,1000
8600	4297	2	1	6	0	0	0	3	21	77	4	29	32256	992	0	6	0	992
8600	4298	2	2	6	0	0	0	5	19	94	5	29	32256	992	0	6	0	992,1000
8600	4300	2	1	6	0	1	3	0	22	77	4	30	32288	234	24578	5	1	234
8600	4305	2	1	6	0	0	0	3	21	77	4	29	32256	992	0	6	0	992
8600	4306	2	2	6	0	0	0	5	19	94	5	29	32256	992	0	6	0	992,1000
8600	4308	2	1	6	0	1	3	0	22	77	4	30	32288	234	24578	5	1	234
8600	4312	2	1	6	0	1	3	0	22	77	4	30	32288	234	24578	5	1	234
8600	4321	1	1	7	0	0	0	5	17	222	6	29	32256	992	0	7	0	992
8600	4322	0	1	8	0	0	0	5	17	222	6	29	32256	992	0	8	0	992
8600	4324	1	1	7	0	0	0	5	20	94	5	30	32256	992	0	7	0	992
8600	4328	1	1	7	0	0	0	5	20	94	5	30	32256	992	0	7	0	992
8600	4336	1	1	7	0	0	0	5	20	94	5	30	32256	992	0	7	0	992
8600	4359	2	1	6	0	0	0	2	22	13	3	28	32256	992	0	6	0	992
8600	4363	2	1	6	0	0	0	2	22	13	3	28	32256	992	0	6	0	992
8600	4365	2	1	6	0	1	3	0	25	3	2	29	32352	237	24578	3	3	786
8600	4366	2	1	6	0	2	2	0	21	77	4	29	32352	236	24576	4	2	236
8600	4371	2	1	6	0	0	0	2	22	13	3	28	32256	992	0	6	0	992
8600	4373	2	1	6	0	1	3	0	25	3	2	29	32352	237	24578	3	3	786
8600	4374	2	1	6	0	2	2	0	21	77	4	29	32352	236	24576	4	2	236
8600	4377	2	1	6	0	1	3	0	25	3	2	29	32352	237	24578	3	3	786
8600	4378	2	1	6	0	2	2	0	21	77	4	29	32352	236	24576	4	2	236
8600	4380	0	1	8	0	5	3	0	24	11	3	30	32352	238	24578	3	5	238
8600	4387	1	1	7	0	0	0	3	18	94	5	28	32256	992	0	7	0	992
8600	4389	2	1	6	0	0	0	3	21	77	4	29	32256	992	0	6	0	992
8600	4390	2	2	6	0	0	0	5	19	94	5	29	32256	992	0	6	0	992,1000
8600	4393	2	1	6	0	0	0	3	21	77	4	29	32256	992	0	6	0	992
8600	4394	2	2	6	0	0	0	5	19	94	5	29	32256	992	0	6	0	992,1000
8600	4396	2	1	6	0	1	3	0	22	77	4	30	32320	234	24578	5	1	234
8600	4401	2	1	6	0	0	0	3	21	77	4	29	32256	992	0	6	0	992
8600	4402	2	2	6	0	0	0	5	19	94	5	29	32256	992	0	6	0	992,1000
8600	4404	2	1	6	0	1	3	0	22	77	4	30	32320	234	24578	5	1	234
8600	4408	2	1	6	0	1	3	0	22	77	4	30	32320	234	24578	5	1	234
8600	4419	1	1	7	0	0	0	3	18	94	5	28	32256	992	0	7	0	992
8600	4421	2	1	6	0	0	0	3	21	77	4	29	32256	992	0	6	0	992
8600	4422	2	2	6	0	0	0	5	19	94	5	29	32256	992	0	6	0	992,1000
8600	4425	2	1	6	0	0	0	3	21	77	4	29	32256	992	0	6	0	992
8600	4426	2	2	6	0	0	0	5	19	94	5	29	32256	992	0	6	0	992,1000
8600	4428	2	1	6	0	1	3	0	22	77	4	30	32288	234	24578	5	1	234
8600	4433	2	1	6	0	0	0	3	21	77	4	29	32256	992	0	6	0	992
8600	4434	2	2	6	0	0	0	5	19	94	5	29	32256	992	0	6	0	992,1000
8600	4436	2	1	6	0	1	3	0	22	77	4	30	32288	234	24578	5	1	234
8600	4440	2	1	6	0	1	3	0	22	77	4	30	32288	234	24578	5	1	234
8600	4449	1	1	7	0	0	0	5	17	222	6	29	32256	992	0	7	0	992
8600	4450	0	1	8	0	0	0	5	17	222	6	29	32256	992	0	8	0	992
8600	4452	1	1	7	0	0	0	5	20	94	5	30	32256	992	0	7	0	992
8600	4456	1	1	7	0	0	0	5	20	94	5	30	32256	992	0	7	0	992
8600	4464	1	1	7	0	0	0	5	20	94	5	30	32256	992	0	7	0	992
8600	4483	0	1	8	0	0	0	4	22	11	3	28	32256	992	0	8	0	992
8600	4485	0	1	8	0	0	0	4	27	1	1	29	32256	992	0	8	0	992
8600	4486	2	1	6	0	0	0	4	21	77	4	29	32256	992	0	6	0	992
8600	4489	0	1	8	0	0	0	4	27	1	1	29	32256	992	0	8	0	992
8600	4490	2	1	6	0	0	0	4	21	77	4	29	32256	992	0	6	0	992
8600	4492	2	2	6	0	0	0	4	26	3	2	30	32256	992	0	6	0	250,992
8600	4497	0	1	8	0	0	0	4	27	1	1	29	32256	992	0	8	0	992
8600	4498	2	1	6	0	0	0	4	21	77	4	29	32256	992	0	6	0	992
8600	4500	2	2	6	0	0	0	4	26	3	2	30	32256	992	0	6	0	250,992
8600	4504	2	2	6	0	0	0	4	26	3	2	30	32256	992	0	6	0	250,992
8600	4513	0	1	8	0	0	0	5	21	75	4	29	32256	992	0	8	0	992
8600	4514	1	1	7	0	0	0	5	17	222	6	29	32256	992	0	7	0	992
8600	4516	1	1	7	0	0	0	5	22	77	4	30	32256	992	0	7	0	992
8600	4520	1	1	7	0	0	0	5	22	77	4	30	32256	992	0	7	0	992
8600	4528	1	1	7	0	0	0	5	22	77	4	30	32256	992	0	7	0	992
8600	4545	0	1	8	0	0	0	5	21	75	4	29	32256	992	0	8	0	992
8600	4546	1	1	7	0	0	0	5	17	222	6	29	32256	992	0	7	0	992
8600	4548	1	1	7	0	0	0	5	22	77	4	30	32256	992	0	7	0	992
8600	4552	1	1	7	0	0	0	5	22	77	4	30	32256	992	0	7	0	992
8600	4560	1	1	7	0	0	0	5	22	77	4	30	32256	992	0	7	0	992
8600	4576	0	1	8	0	0	0	7	18	222	6	30	32256	992	0	8	0	992
8600	4615	4	15	4	1	0	0	7	20	86	4	28	32256	960	0	4	0	204,206,460,716,816,818,880,944,960,964,968,972,976,992,1008
8600	4619	4	15	4	1	0	0	7	20	86	4	28	32256	960	0	4	0	204,206,460,716,816,818,880,944,960,964,968,972,976,992,1008
8600	4621	2	2	6	0	2	2	0	19	94	5	29	32640	816	3072	4	2	816,818
8600	4622	2	2	6	0	2	2	0	19	94	5	29	32352	204	24576	4	2	204,206
8600	4627	4	15	4	1	0	0	7	20	86	4	28	32256	960	0	4	0	204,206,460,716,816,818,880,944,960,964,968,972,976,992,1008
8600	4629	2	2	6	0	2	2	0	19	94	5	29	32640	816	3072	4	2	816,818
8600	4630	2	2	6	0	2	2	0	19	94	5	29	32352	204	24576	4	2	204,206
8600	4633	2	2	6	0	2	2	0	19	94	5	29	32640	816	3072	4	2	816,818
8600	4634	2	2	6	0	2	2	0	19	94	5	29	32352	204	24576	4	2	204,206
8600	4636	0	1	8	0	6	3	0	18	222	6	30	32352	206	24578	2	6	206
8600	4643	2	2	6	0	0	0	4	20	86	4	28	32256	960	0	6	0	960,968
8600	4645	4	15	4	1	0	0	7	21	236	5	29	32256	960	0	4	0	54,62,310,566,816,818,820,822,880,944,960,968,976,992,1008
8600	4646	2	1	6	0	0	0	2	21	77	4	29	32320	968	0	6	0	968
8600	4649	4	15	4	1	0	0	7	21	236	5	29	32256	960	0	4	0	54,62,310,566,816,818,820,822,880,944,960,968,976,992,1008
8600	4650	2	1	6	0	0	0	2	21	77	4	29	32320	968	0	6	0	968
8600	4652	2	2	6	0	2	3	0	20	94	5	30	32320	202	24578	4	2	202,206
8600	4657	4	15	4	1	0	0	7	21	236	5	29	32256	960	0	4	0	54,62,310,566,816,818,820,822,880,944,960,968,976,992,1008
8600	4658	2	1	6	0	0	0	2	21	77	4	29	32320	968	0	6	0	968
8600	4660	2	2	6	0	2	3	0	20	94	5	30	32320	202	24578	4	2	202,206
8600	4664	2	2	6	0	2	3	0	20	94	5	30	32320	202	24578	4	2	202,206
8600	4675	2	2	6	0	0	0	4	20	86	4	28	32256	960	0	6	0	960,968
8600	4677	4	15	4	1	0	0	7	21	236	5	29	32256	960	0	4	0	54,62,310,566,816,818,820,822,880,944,960,968,976,992,1008
8600	4678	2	1	6	0	0	0	2	21	77	4	29	32288	968	0	6	0	968
8600	4681	4	15	4	1	0	0	7	21	236	5	29	32256	960	0	4	0	54,62,310,566,816,818,820,822,880,944,960,968,976,992,1008
8600	4682	2	1	6	0	0	0	2	21	77	4	29	32288	968	0	6	0	968
8600	4684	2	2	6	0	2	3	0	20	94	5	30	32288	202	24578	4	2	202,206
8600	4689	4	15	4	1	0	0	7	21	236	5	29	32256	960	0	4	0	54,62,310,566,816,818,820,822,880,944,960,968,976,992,1008
8600	4690	2	1	6	0	0	0	2	21	77	4	29	32288	968	0	6	0	968
8600	4692	2	2	6	0	2	3	0	20	94	5	30	32288	202	24578	4	2	202,206
8600	4696	2	2	6	0	2	3	0	20	94	5	30	32288	202	24578	4	2	202,206
8600	4705	2	2	6	0	0	0	4	19	94	5	29	32256	960	0	6	0	62,960
8600	4706	0	1	8	0	0	0	4	23	11	3	29	32256	960	0	8	0	960
8600	4708	2	2	6	0	0	0	4	22	77	4	30	32256	960	0	6	0	960,962
8600	4712	2	2	6	0	0	0	4	22	77	4	30	32256	960	0	6	0	960,962
8600	4720	2	2	6	0	0	0	4	22	77	4	30	32256	960	0	6	0	960,962
8600	4739	2	2	6	0	0	0	4	20	86	4	28	32256	960	0	6	0	960,992
8600	4741	2	1	6	0	0	0	2	21	77	4	29	32512	992	0	6	0	992
8600	4742	4	15	4	1	0	0	7	21	236	5	29	32256	960	0	4	0	30,62,94,158,216,218,220,222,472,728,960,968,976,984,992
8600	4745	2	1	6	0	0	0	2	21	77	4	29	32512	992	0	6	0	992
8600	4746	4	15	4	1	0	0	7	21	236	5	29	32256	960	0	4	0	30,62,94,158,216,218,220,222,472,728,960,968,976,984,992
8600	4748	2	2	6	0	2	3	0	20	94	5	30	32352	218	24578	3	3	218,222
8600	4753	2	1	6	0	0	0	2	21	77	4	29	32512	992	0	6	0	992
8600	4754	4	15	4	1	0	0	7	21	236	5	29	32256	960	0	4	0	30,62,94,158,216,218,220,222,472,728,960,968,976,984,992
8600	4756	2	2	6	0	2	3	0	20	94	5	30	32352	218	24578	3	3	218,222
8600	4760	2	2	6	0	2	3	0	20	94	5	30	32352	218	24578	3	3	218,222
8600	4769	2	2	6	0	0	0	5	19	94	5	29	32256	960	0	6	0	960,992
8600	4770	2	2	6	0	0	0	5	19	94	5	29	32256	960	0	6	0	960,976
8600	4772	3	3	5	1	0	0	7	22	236	5	30	32256	960	0	5	0	960,976,992
8600	4776	3	3	5	1	0	0	7	22	236	5	30	32256	960	0	5	0	960,976,992
8600	4784	3	3	5	1	0	0	7	22	236	5	30	32256	960	0	5	0	960,976,992
8600	4801	2	2	6	0	0	0	5	19	94	5	29	32256	960	0	6	0	960,992
8600	4802	2	2	6	0	0	0	5	19	94	5	29	32256	960	0	6	0	960,976
8600	4804	3	3	5	1	0	0	7	22	236	5	30	32256	960	0	5	0	960,976,992
8600	4808	3	3	5	1	0	0	7	22	236	5	30	32256	960	0	5	0	960,976,992
8600	4816	3	3	5	1	0	0	7	22	236	5	30	32256	960	0	5	0	960,976,992
8600	4832	1	1	7	0	0	0	5	20	94	5	30	32256	960	0	7	0	960
8600	4867	2	2	6	0	0	0	4	20	86	4	28	32256	960	0	6	0	960,992
8600	4869	2	1	6	0	0	0	2	21	77	4	29	32384	992	0	6	0	992
8600	4870	4	15	4	1	0	0	7	21	236	5	29	32256	960	0	4	0	30,62,94,158,216,218,220,222,472,728,960,968,976,984,992
8600	4873	2	1	6	0	0	0	2	21	77	4	29	32384	992	0	6	0	992
8600	4874	4	15	4	1	0	0	7	21	236	5	29	32256	960	0	4	0	30,62,94,158,216,218,220,222,472,728,960,968,976,984,992
8600	4876	2	2	6	0	2	3	0	20	94	5	30	32352	218	24578	3	3	218,222
8600	4881	2	1	6	0	0	0	2	21	77	4	29	32384	992	0	6	0	992
8600	4882	4	15	4	1	0	0	7	21	236	5	29	32256	960	0	4	0	30,62,94,158,216,218,220,222,472,728,960,968,976,984,992
8600	4884	2	2	6	0	2	3	0	20	94	5	30	32352	218	24578	3	3	218,222
8600	4888	2	2	6	0	2	3	0	20	94	5	30	32352	218	24578	3	3	218,222
8600	4897	2	2	6	0	0	0	5	19	94	5	29	32256	960	0	6	0	960,992
8600	4898	2	2	6	0	0	0	5	19	94	5	29	32256	960	0	6	0	960,976
8600	4900	3	3	5	1	0	0	7	22	236	5	30	32256	960	0	5	0	960,976,992
8600	4904	3	3	5	1	0	0	7	22	236	5	30	32256	960	0	5	0	960,976,992
8600	4912	3	3	5	1	0	0	7	22	236	5	30	32256	960	0	5	0	960,976,992
8600	4929	2	2	6	0	0	0	5	19	94	5	29	32256	960	0	6	0	960,992
8600	4930	2	2	6	0	0	0	5	19	94	5	29	32256	960	0	6	0	960,976
8600	4932	3	3	5	1	0	0	7	22	236	5	30	32256	960	0	5	0	960,976,992
8600	4936	3	3	5	1	0	0	7	22	236	5	30	32256	960	0	5	0	960,976,992
8600	4944	3	3	5	1	0	0	7	22	236	5	30	32256	960	0	5	0	960,976,992
8600	4960	1	1	7	0	0	0	5	20	94	5	30	32256	960	0	7	0	960
8600	4993	0	1	8	0	0	0	4	23	11	3	29	32256	960	0	8	0	960
8600	4994	2	2	6	0	0	0	4	19	94	5	29	32256	960	0	6	0	62,960
8600	4996	2	2	6	0	0	0	4	22	77	4	30	32256	960	0	6	0	62,960
8600	5000	2	2	6	0	0	0	4	22	77	4	30	32256	960	0	6	0	62,960
8600	5008	2	2	6	0	0	0	4	22	77	4	30	32256	960	0	6	0	62,960
8600	5024	1	1	7	0	0	0	5	20	94	5	30	32256	960	0	7	0	960
8600	5056	1	1	7	0	0	0	5	20	94	5	30	32256	960	0	7	0	960
8600	5127	4	15	4	1	0	0	7	20	86	4	28	32256	960	0	4	0	204,206,460,716,816,818,880,944,960,964,968,972,976,992,1008
8600	5131	4	15	4	1	0	0	7	20	86	4	28	32256	960	0	4	0	204,206,460,716,816,818,880,944,960,964,968,972,976,992,1008
8600	5133	2	2	6	0	2	2	0	19	94	5	29	32640	816	2560	4	2	816,818
8600	5134	2	2	6	0	2	2	0	19	94	5	29	32352	204	24576	4	2	204,206
8600	5139	4	15	4	1	0	0	7	20	86	4	28	32256	960	0	4	0	204,206,460,716,816,818,880,944,960,964,968,972,976,992,1008
8600	5141	2	2	6	0	2	2	0	19	94	5	29	32640	816	2560	4	2	816,818
8600	5142	2	2	6	0	2	2	0	19	94	5	29	32352	204	24576	4	2	204,206
8600	5145	2	2	6	0	2	2	0	19	94	5	29	32640	816	2560	4	2	816,818
8600	5146	2	2	6	0	2	2	0	19	94	5	29	32352	204	24576	4	2	204,206
8600	5148	0	1	8	0	6	3	0	18	222	6	30	32352	206	24578	2	6	206
8600	5155	2	2	6	0	0	0	4	20	86	4	28	32256	960	0	6	0	960,968
8600	5157	4	15	4	1	0	0	7	21	236	5	29	32256	960	0	4	0	54,62,310,566,816,818,820,822,880,944,960,968,976,992,1008
8600	5158	2	1	6	0	0	0	2	21	77	4	29	32320	968	0	6	0	968
8600	5161	4	15	4	1	0	0	7	21	236	5	29	32256	960	0	4	0	54,62,310,566,816,818,820,822,880,944,960,968,976,992,1008
8600	5162	2	1	6	0	0	0	2	21	77	4	29	32320	968	0	6	0	968
8600	5164	2	2	6	0	2	3	0	20	94	5	30	32320	202	24578	4	2	202,206
8600	5169	4	15	4	1	0	0	7	21	236	5	29	32256	960	0	4	0	54,62,310,566,816,818,820,822,880,944,960,968,976,992,1008
8600	5170	2	1	6	0	0	0	2	21	77	4	29	32320	968	0	6	0	968
8600	5172	2	2	6	0	2	3	0	20	94	5	30	32320	202	24578	4	2	202,206
8600	5176	2	2	6	0	2	3	0	20	94	5	30	32320	202	24578	4	2	202,206
8600	5187	2	2	6	0	0	0	4	20	86	4	28	32256	960	0	6	0	960,968
8600	5189	4	15	4	1	0	0	7	21	236	5	29	32256	960	0	4	0	54,62,310,566,816,818,820,822,880,944,960,968,976,992,1008
8600	5190	2	1	6	0	0	0	2	21	77	4	29	32288	968	0	6	0	968
8600	5193	4	15	4	1	0	0	7	21	236	5	29	32256	960	0	4	0	54,62,310,566,816,818,820,822,880,944,960,968,976,992,1008
8600	5194	2	1	6	0	0	0	2	21	77	4	29	32288	968	0	6	0	968
8600	5196	2	2	6	0	2	3	0	20	94	5	30	32288	202	24578	4	2	202,206
8600	5201	4	15	4	1	0	0	7	21	236	5	29	32256	960	0	4	0	54,62,310,566,816,818,820,822,880,944,960,968,976,992,1008
8600	5202	2	1	6	0	0	0	2	21	77	4	29	32288	968	0	6	0	968
8600	5204	2	2	6	0	2	3	0	20	94	5	30	32288	202	24578	4	2	202,206
8600	5208	2	2	6	0	2	3	0	20	94	5	30	32288	202	24578	4	2	202,206
8600	5217	2	2	6	0	0	0	4	19	94	5	29	32256	960	0	6	0	62,960
8600	5218	0	1	8	0	0	0	4	23	11	3	29	32256	960	0	8	0	960
8600	5220	2	2	6	0	0	0	4	22	77	4	30	32256	960	0	6	0	960,962
8600	5224	2	2	6	0	0	0	4	22	77	4	30	32256	960	0	6	0	960,962
8600	5232	2	2	6	0	0	0	4	22	77	4	30	32256	960	0	6	0	960,962
8600	5251	2	2	6	0	0	0	4	20	86	4	28	32256	960	0	6	0	960,992
8600	5253	2	1	6	0	0	0	2	21	77	4	29	32512	992	0	6	0	992
8600	5254	4	15	4	1	0	0	7	21	236	5	29	32256	960	0	4	0	30,62,94,158,216,218,220,222,472,728,960,968,976,984,992
8600	5257	2	1	6	0	0	0	2	21	77	4	29	32512	992	0	6	0	992
8600	5258	4	15	4	1	0	0	7	21	236	5	29	32256	960	0	4	0	30,62,94,158,216,218,220,222,472,728,960,968,976,984,992
8600	5260	2	2	6	0	2	3	0	20	94	5	30	32352	218	24578	3	3	218,222
8600	5265	2	1	6	0	0	0	2	21	77	4	29	32512	992	0	6	0	992
8600	5266	4	15	4	1	0	0	7	21	236	5	29	32256	960	0	4	0	30,62,94,158,216,218,220,222,472,728,960,968,976,984,992
8600	5268	2	2	6	0	2	3	0	20	94	5	30	32352	218	24578	3	3	218,222
8600	5272	2	2	6	0	2	3	0	20	94	5	30	32352	218	24578	3	3	218,222
8600	5281	2	2	6	0	0	0	5	19	94	5	29	32256	960	0	6	0	960,992
8600	5282	2	2	6	0	0	0	5	19	94	5	29	32256	960	0	6	0	960,976
8600	5284	3	3	5	1	0	0	7	22	236	5	30	32256	960	0	5	0	960,976,992
8600	5288	3	3	5	1	0	0	7	22	236	5	30	32256	960	0	5	0	960,976,992
8600	5296	3	3	5	1	0	0	7	22	236	5	30	32256	960	0	5	0	960,976,992
8600	5313	2	2	6	0	0	0	5	19	94	5	29	32256	960	0	6	0	960,992
8600	5314	2	2	6	0	0	0	5	19	94	5	29	32256	960	0	6	0	960,976
8600	5316	3	3	5	1	0	0	7	22	236	5	30	32256	960	0	5	0	960,976,992
8600	5320	3	3	5	1	0	0	7	22	236	5	30	32256	960	0	5	0	960,976,992
8600	5328	3	3	5	1	0	0	7	22	236	5	30	32256	960	0	5	0	960,976,992
8600	5344	1	1	7	0	0	0	5	20	94	5	30	32256	960	0	7	0	960
8600	5379	2	2	6	0	0	0	4	20	86	4	28	32256	960	0	6	0	960,992
8600	5381	2	1	6	0	0	0	2	21	77	4	29	32384	992	0	6	0	992
8600	5382	4	15	4	1	0	0	7	21	236	5	29	32256	960	0	4	0	30,62,94,158,216,218,220,222,472,728,960,968,976,984,992
8600	5385	2	1	6	0	0	0	2	21	77	4	29	32384	992	0	6	0	992
8600	5386	4	15	4	1	0	0	7	21	236	5	29	32256	960	0	4	0	30,62,94,158,216,218,220,222,472,728,960,968,976,984,992
8600	5388	2	2	6	0	2	3	0	20	94	5	30	32352	218	24578	3	3	218,222
8600	5393	2	1	6	0	0	0	2	21	77	4	29	32384	992	0	6	0	992
8600	5394	4	15	4	1	0	0	7	21	236	5	29	32256	960	0	4	0	30,62,94,158,216,218,220,222,472,728,960,968,976,984,992
8600	5396	2	2	6	0	2	3	0	20	94	5	30	32352	218	24578	3	3	218,222
8600	5400	2	2	6	0	2	3	0	20	94	5	30	32352	218	24578	3	3	218,222
8600	5409	2	2	6	0	0	0	5	19	94	5	29	32256	960	0	6	0	960,992
8600	5410	2	2	6	0	0	0	5	19	94	5	29	32256	960	0	6	0	960,976
8600	5412	3	3	5	1	0	0	7	22	236	5	30	32256	960	0	5	0	960,976,992
8600	5416	3	3	5	1	0	0	7	22	236	5	30	32256	960	0	5	0	960,976,992
8600	5424	3	3	5	1	0	0	7	22	236	5	30	32256	960	0	5	0	960,976,992
8600	5441	2	2	6	0	0	0	5	19	94	5	29	32256	960	0	6	0	960,992
8600	5442	2	2	6	0	0	0	5	19	94	5	29	32256	960	0	6	0	960,976
8600	5444	3	3	5	1	0	0	7	22	236	5	30	32256	960	0	5	0	960,976,992
8600	5448	3	3	5	1	0	0	7	22	236	5	30	32256	960	0	5	0	960,976,992
8600	5456	3	3	5	1	0	0	7	22	236	5	30	32256	960	0	5	0	960,976,992
8600	5472	1	1	7	0	0	0	5	20	94	5	30	32256	960	0	7	0	960
8600	5505	0	1	8	0	0	0	4	23	11	3	29	32256	960	0	8	0	960
8600	5506	2	2	6	0	0	0	4	19	94	5	29	32256	960	0	6	0	62,960
8600	5508	2	2	6	0	0	0	4	22	77	4	30	32256	960	0	6	0	62,960
8600	5512	2	2	6	0	0	0	4	22	77	4	30	32256	960	0	6	0	62,960
8600	5520	2	2	6	0	0	0	4	22	77	4	30	32256	960	0	6	0	62,960
8600	5536	1	1	7	0	0	0	5	20	94	5	30	32256	960	0	7	0	960
8600	5568	1	1	7	0	0	0	5	20	94	5	30	32256	960	0	7	0	960
8600	5635	2	1	6	0	0	0	1	22	76	3	28	32640	992	0	6	0	992
8600	5637	2	2	6	0	0	0	1	19	94	5	29	32640	992	0	6	0	864,992
8600	5638	2	1	6	0	2	2	0	21	77	4	29	32640	865	2049	4	2	158
8600	5641	2	2	6	0	0	0	1	19	94	5	29	32640	992	0	6	0	864,992
8600	5642	2	1	6	0	2	2	0	21	77	4	29	32640	865	2049	4	2	158
8600	5644	1	1	7	0	3	2	0	18	222	6	30	32640	865	2049	4	3	158
8600	5649	2	2	6	0	0	0	1	19	94	5	29	32640	992	0	6	0	864,992
8600	5650	2	1	6	0	2	2	0	21	77	4	29	32640	865	2049	4	2	158
8600	5652	1	1	7	0	3	2	0	18	222	6	30	32640	865	2049	4	3	158
8600	5656	1	1	7	0	3	2	0	18	222	6	30	32640	865	2049	4	3	158
8600	5665	2	1	6	0	0	0	1	21	77	4	29	32640	992	0	6	0	992
8600	5666	2	1	6	0	0	0	2	25	3	2	29	32320	912	0	6	0	912
8600	5668	2	1	6	0	1	2	0	22	77	4	30	32640	865	2049	5	1	158
8600	5672	2	1	6	0	1	2	0	22	77	4	30	32640	865	2049	5	1	158
8600	5680	2	1	6	0	1	2	0	22	77	4	30	32640	865	2049	5	1	158
8600	5697	2	1	6	0	0	0	1	21	77	4	29	32640	992	0	6	0	992
8600	5698	2	1	6	0	0	0	2	25	3	2	29	32288	912	0	6	0	912
8600	5700	2	1	6	0	1	2	0	22	77	4	30	32640	865	2049	5	1	158
8600	5704	2	1	6	0	1	2	0	22	77	4	30	32640	865	2049	5	1	158
8600	5712	2	1	6	0	1	2	0	22	77	4	30	32640	865	2049	5	1	158
8600	5728	2	5	6	0	0	0	7	26	3	2	30	32256	896	0	6	0	896,898,928,960,992
8600	5761	1	1	7	0	0	0	2	21	30	4	29	32512	960	0	7	0	960
8600	5762	2	1	6	0	1	1	0	21	77	4	29	32512	961	1	5	1	62
8600	5764	2	2	6	0	1	1	0	20	94	5	30	32512	961	1	5	1	62,190
8600	5768	2	2	6	0	1	1	0	20	94	5	30	32512	961	1	5	1	62,190
8600	5776	2	2	6	0	1	1	0	20	94	5	30	32512	961	1	5	1	62,190
8600	5792	2	2	6	0	0	0	2	22	77	4	30	32512	960	0	6	0	62,960
8600	5824	2	2	6	0	0	0	2	22	77	4	30	32512	960	0	6	0	62,960
8600	5889	1	1	7	0	0	0	2	21	30	4	29	32384	960	0	7	0	960
8600	5890	2	1	6	0	1	1	0	21	77	4	29	32384	961	1	5	1	62
8600	5892	2	2	6	0	1	1	0	20	94	5	30	32384	961	1	5	1	62,190
8600	5896	2	2	6	0	1	1	0	20	94	5	30	32384	961	1	5	1	62,190
8600	5904	2	2	6	0	1	1	0	20	94	5	30	32384	961	1	5	1	62,190
8600	5920	2	2	6	0	0	0	2	22	77	4	30	32384	960	0	6	0	62,960
8600	5952	2	2	6	0	0	0	2	22	77	4	30	32384	960	0	6	0	62,960
8600	6016	1	1	7	0	1	1	0	22	30	4	30	32256	897	1	6	1	126
8600	6151	4	15	4	1	0	0	7	20	86	4	28	32256	960	0	4	0	204,206,460,716,816,818,880,944,960,964,968,972,976,992,1008
8600	6155	4	15	4	1	0	0	7	20	86	4	28	32256	960	0	4	0	204,206,460,716,816,818,880,944,960,964,968,972,976,992,1008
8600	6157	2	2	6	0	2	2	0	19	94	5	29	32640	816	1536	4	2	816,818
8600	6158	2	2	6	0	2	2	0	19	94	5	29	32352	204	24576	4	2	204,206
8600	6163	4	15	4	1	0	0	7	20	86	4	28	32256	960	0	4	0	204,206,460,716,816,818,880,944,960,964,968,972,976,992,1008
8600	6165	2	2	6	0	2	2	0	19	94	5	29	32640	816	1536	4	2	816,818
8600	6166	2	2	6	0	2	2	0	19	94	5	29	32352	204	24576	4	2	204,206
8600	6169	2	2	6	0	2	2	0	19	94	5	29	32640	816	1536	4	2	816,818
8600	6170	2	2	6	0	2	2	0	19	94	5	29	32352	204	24576	4	2	204,206
8600	6172	0	1	8	0	6	3	0	18	222	6	30	32352	206	24578	2	6	206
8600	6179	2	2	6	0	0	0	4	20	86	4	28	32256	960	0	6	0	960,968
8600	6181	4	15	4	1	0	0	7	21	236	5	29	32256	960	0	4	0	54,62,310,566,816,818,820,822,880,944,960,968,976,992,1008
8600	6182	2	1	6	0	0	0	2	21	77	4	29	32320	968	0	6	0	968
8600	6185	4	15	4	1	0	0	7	21	236	5	29	32256	960	0	4	0	54,62,310,566,816,818,820,822,880,944,960,968,976,992,1008
8600	6186	2	1	6	0	0	0	2	21	77	4	29	32320	968	0	6	0	968
8600	6188	2	2	6	0	2	3	0	20	94	5	30	32320	202	24578	4	2	202,206
8600	6193	4	15	4	1	0	0	7	21	236	5	29	32256	960	0	4	0	54,62,310,566,816,818,820,822,880,944,960,968,976,992,1008
8600	6194	2	1	6	0	0	0	2	21	77	4	29	32320	968	0	6	0	968
8600	6196	2	2	6	0	2	3	0	20	94	5	30	32320	202	24578	4	2	202,206
8600	6200	2	2	6	0	2	3	0	20	94	5	30	32320	202	24578	4	2	202,206
8600	6211	2	2	6	0	0	0	4	20	86	4	28	32256	960	0	6	0	960,968
8600	6213	4	15	4	1	0	0	7	21	236	5	29	32256	960	0	4	0	54,62,310,566,816,818,820,822,880,944,960,968,976,992,1008
8600	6214	2	1	6	0	0	0	2	21	77	4	29	32288	968	0	6	0	968
8600	6217	4	15	4	1	0	0	7	21	236	5	29	32256	960	0	4	0	54,62,310,566,816,818,820,822,880,944,960,968,976,992,1008
8600	6218	2	1	6	0	0	0	2	21	77	4	29	32288	968	0	6	0	968
8600	6220	2	2	6	0	2	3	0	20	94	5	30	32288	202	24578	4	2	202,206
8600	6225	4	15	4	1	0	0	7	21	236	5	29	32256	960	0	4	0	54,62,310,566,816,818,820,822,880,944,960,968,976,992,1008
8600	6226	2	1	6	0	0	0	2	21	77	4	29	32288	968	0	6	0	968
8600	6228	2	2	6	0	2	3	0	20	94	5	30	32288	202	24578	4	2	202,206
8600	6232	2	2	6	0	2	3	0	20	94	5	30	32288	202	24578	4	2	202,206
8600	6241	2	2	6	0	0	0	4	19	94	5	29	32256	960	0	6	0	62,960
8600	6242	0	1	8	0	0	0	4	23	11	3	29	32256	960	0	8	0	960
8600	6244	2	2	6	0	0	0	4	22	77	4	30	32256	960	0	6	0	960,962
8600	6248	2	2	6	0	0	0	4	22	77	4	30	32256	960	0	6	0	960,962
8600	6256	2	2	6	0	0	0	4	22	77	4	30	32256	960	0	6	0	960,962
8600	6275	2	2	6	0	0	0	4	20	86	4	28	32256	960	0	6	0	960,992
8600	6277	2	1	6	0	0	0	2	21	77	4	29	32512	992	0	6	0	992
8600	6278	4	15	4	1	0	0	7	21	236	5	29	32256	960	0	4	0	30,62,94,158,216,218,220,222,472,728,960,968,976,984,992
8600	6281	2	1	6	0	0	0	2	21	77	4	29	32512	992	0	6	0	992
8600	6282	4	15	4	1	0	0	7	21	236	5	29	32256	960	0	4	0	30,62,94,158,216,218,220,222,472,728,960,968,976,984,992
8600	6284	2	2	6	0	2	3	0	20	94	5	30	32352	218	24578	3	3	218,222
8600	6289	2	1	6	0	0	0	2	21	77	4	29	32512	992	0	6	0	992
8600	6290	4	15	4	1	0	0	7	21	236	5	29	32256	960	0	4	0	30,62,94,158,216,218,220,222,472,728,960,968,976,984,992
8600	6292	2	2	6	0	2	3	0	20	94	5	30	32352	218	24578	3	3	218,222
8600	6296	2	2	6	0	2	3	0	20	94	5	30	32352	218	24578	3	3	218,222
8600	6305	2	2	6	0	0	0	5	19	94	5	29	32256	960	0	6	0	960,992
8600	6306	2	2	6	0	0	0	5	19	94	5	29	32256	960	0	6	0	960,976
8600	6308	3	3	5	1	0	0	7	22	236	5	30	32256	960	0	5	0	960,976,992
8600	6312	3	3	5	1	0	0	7	22	236	5	30	32256	960	0	5	0	960,976,992
8600	6320	3	3	5	1	0	0	7	22	236	5	30	32256	960	0	5	0	960,976,992
8600	6337	2	2	6	0	0	0	5	19	94	5	29	32256	960	0	6	0	960,992
8600	6338	2	2	6	0	0	0	5	19	94	5	29	32256	960	0	6	0	960,976
8600	6340	3	3	5	1	0	0	7	22	236	5	30	32256	960	0	5	0	960,976,992
8600	6344	3	3	5	1	0	0	7	22	236	5	30	32256	960	0	5	0	960,976,992
8600	6352	3	3	5	1	0	0	7	22	236	5	30	32256	960	0	5	0	960,976,992
8600	6368	1	1	7	0	0	0	5	20	94	5	30	32256	960	0	7	0	960
8600	6403	2	2	6	0	0	0	4	20	86	4	28	32256	960	0	6	0	960,992
8600	6405	2	1	6	0	0	0	2	21	77	4	29	32384	992	0	6	0	992
8600	6406	4	15	4	1	0	0	7	21	236	5	29	32256	960	0	4	0	30,62,94,158,216,218,220,222,472,728,960,968,976,984,992
8600	6409	2	1	6	0	0	0	2	21	77	4	29	32384	992	0	6	0	992
8600	6410	4	15	4	1	0	0	7	21	236	5	29	32256	960	0	4	0	30,62,94,158,216,218,220,222,472,728,960,968,976,984,992
8600	6412	2	2	6	0	2	3	0	20	94	5	30	32352	218	24578	3	3	218,222
8600	6417	2	1	6	0	0	0	2	21	77	4	29	32384	992	0	6	0	992
8600	6418	4	15	4	1	0	0	7	21	236	5	29	32256	960	0	4	0	30,62,94,158,216,218,220,222,472,728,960,968,976,984,992
8600	6420	2	2	6	0	2	3	0	20	94	5	30	32352	218	24578	3	3	218,222
8600	6424	2	2	6	0	2	3	0	20	94	5	30	32352	218	24578	3	3	218,222
8600	6433	2	2	6	0	0	0	5	19	94	5	29	32256	960	0	6	0	960,992
8600	6434	2	2	6	0	0	0	5	19	94	5	29	32256	960	0	6	0	960,976
8600	6436	3	3	5	1	0	0	7	22	236	5	30	32256	960	0	5	0	960,976,992
8600	6440	3	3	5	1	0	0	7	22	236	5	30	32256	960	0	5	0	960,976,992
8600	6448	3	3	5	1	0	0	7	22	236	5	30	32256	960	0	5	0	960,976,992
8600	6465	2	2	6	0	0	0	5	19	94	5	29	32256	960	0	6	0	960,992
8600	6466	2	2	6	0	0	0	5	19	94	5	29	32256	960	0	6	0	960,976
8600	6468	3	3	5	1	0	0	7	22	236	5	30	32256	960	0	5	0	960,976,992
8600	6472	3	3	5	1	0	0	7	22	236	5	30	32256	960	0	5	0	960,976,992
8600	6480	3	3	5	1	0	0	7	22	236	5	30	32256	960	0	5	0	960,976,992
8600	6496	1	1	7	0	0	0	5	20	94	5	30	32256	960	0	7	0	960
8600	6529	0	1	8	0	0	0	4	23	11	3	29	32256	960	0	8	0	960
8600	6530	2	2	6	0	0	0	4	19	94	5	29	32256	960	0	6	0	62,960
8600	6532	2	2	6	0	0	0	4	22	77	4	30	32256	960	0	6	0	62,960
8600	6536	2	2	6	0	0	0	4	22	77	4	30	32256	960	0	6	0	62,960
8600	6544	2	2	6	0	0	0	4	22	77	4	30	32256	960	0	6	0	62,960
8600	6560	1	1	7	0	0	0	5	20	94	5	30	32256	960	0	7	0	960
8600	6592	1	1	7	0	0	0	5	20	94	5	30	32256	960	0	7	0	960
8600	6659	2	1	6	0	0	0	1	22	76	3	28	32640	992	0	6	0	992
8600	6661	2	2	6	0	0	0	1	19	94	5	29	32640	992	0	6	0	864,992
8600	6662	2	1	6	0	2	2	0	21	77	4	29	32640	865	1025	4	2	158
8600	6665	2	2	6	0	0	0	1	19	94	5	29	32640	992	0	6	0	864,992
8600	6666	2	1	6	0	2	2	0	21	77	4	29	32640	865	1025	4	2	158
8600	6668	1	1	7	0	3	2	0	18	222	6	30	32640	865	1025	4	3	158
8600	6673	2	2	6	0	0	0	1	19	94	5	29	32640	992	0	6	0	864,992
8600	6674	2	1	6	0	2	2	0	21	77	4	29	32640	865	1025	4	2	158
8600	6676	1	1	7	0	3	2	0	18	222	6	30	32640	865	1025	4	3	158
8600	6680	1	1	7	0	3	2	0	18	222	6	30	32640	865	1025	4	3	158
8600	6689	2	1	6	0	0	0	1	21	77	4	29	32640	992	0	6	0	992
8600	6690	2	1	6	0	0	0	2	25	3	2	29	32320	912	0	6	0	912
8600	6692	2	1	6	0	1	2	0	22	77	4	30	32640	865	1025	5	1	158
8600	6696	2	1	6	0	1	2	0	22	77	4	30	32640	865	1025	5	1	158
8600	6704	2	1	6	0	1	2	0	22	77	4	30	32640	865	1025	5	1	158
8600	6721	2	1	6	0	0	0	1	21	77	4	29	32640	992	0	6	0	992
8600	6722	2	1	6	0	0	0	2	25	3	2	29	32288	912	0	6	0	912
8600	6724	2	1	6	0	1	2	0	22	77	4	30	32640	865	1025	5	1	158
8600	6728	2	1	6	0	1	2	0	22	77	4	30	32640	865	1025	5	1	158
8600	6736	2	1	6	0	1	2	0	22	77	4	30	32640	865	1025	5	1	158
8600	6752	2	5	6	0	0	0	7	26	3	2	30	32256	896	0	6	0	896,898,928,960,992
8600	6785	1	1	7	0	0	0	2	21	30	4	29	32512	960	0	7	0	960
8600	6786	2	1	6	0	1	1	0	21	77	4	29	32512	961	1	5	1	62
8600	6788	2	2	6	0	1	1	0	20	94	5	30	32512	961	1	5	1	62,190
8600	6792	2	2	6	0	1	1	0	20	94	5	30	32512	961	1	5	1	62,190
8600	6800	2	2	6	0	1	1	0	20	94	5	30	32512	961	1	5	1	62,190
8600	6816	2	2	6	0	0	0	2	22	77	4	30	32512	960	0	6	0	62,960
8600	6848	2	2	6	0	0	0	2	22	77	4	30	32512	960	0	6	0	62,960
8600	6913	1	1	7	0	0	0	2	21	30	4	29	32384	960	0	7	0	960
8600	6914	2	1	6	0	1	1	0	21	77	4	29	32384	961	1	5	1	62
8600	6916	2	2	6	0	1	1	0	20	94	5	30	32384	961	1	5	1	62,190
8600	6920	2	2	6	0	1	1	0	20	94	5	30	32384	961	1	5	1	62,190
8600	6928	2	2	6	0	1	1	0	20	94	5	30	32384	961	1	5	1	62,190
8600	6944	2	2	6	0	0	0	2	22	77	4	30	32384	960	0	6	0	62,960
8600	6976	2	2	6	0	0	0	2	22	77	4	30	32384	960	0	6	0	62,960
8600	7040	1	1	7	0	1	1	0	22	30	4	30	32256	897	1	6	1	126
8600	7171	2	1	6	0	0	0	1	22	76	3	28	32640	992	0	6	0	992
8600	7173	2	2	6	0	0	0	1	19	94	5	29	32640	992	0	6	0	864,992
8600	7174	2	1	6	0	2	2	0	21	77	4	29	32640	865	513	4	2	158
8600	7177	2	2	6	0	0	0	1	19	94	5	29	32640	992	0	6	0	864,992
8600	7178	2	1	6	0	2	2	0	21	77	4	29	32640	865	513	4	2	158
8600	7180	1	1	7	0	3	2	0	18	222	6	30	32640	865	513	4	3	158
8600	7185	2	2	6	0	0	0	1	19	94	5	29	32640	992	0	6	0	864,992
8600	7186	2	1	6	0	2	2	0	21	77	4	29	32640	865	513	4	2	158
8600	7188	1	1	7	0	3	2	0	18	222	6	30	32640	865	513	4	3	158
8600	7192	1	1	7	0	3	2	0	18	222	6	30	32640	865	513	4	3	158
8600	7201	2	1	6	0	0	0	1	21	77	4	29	32640	992	0	6	0	992
8600	7202	2	1	6	0	0	0	2	25	3	2	29	32320	912	0	6	0	912
8600	7204	2	1	6	0	1	2	0	22	77	4	30	32640	865	513	5	1	158
8600	7208	2	1	6	0	1	2	0	22	77	4	30	32640	865	513	5	1	158
8600	7216	2	1	6	0	1	2	0	22	77	4	30	32640	865	513	5	1	158
8600	7233	2	1	6	0	0	0	1	21	77	4	29	32640	992	0	6	0	992
8600	7234	2	1	6	0	0	0	2	25	3	2	29	32288	912	0	6	0	912
8600	7236	2	1	6	0	1	2	0	22	77	4	30	32640	865	513	5	1	158
8600	7240	2	1	6	0	1	2	0	22	77	4	30	32640	865	513	5	1	158
8600	7248	2	1	6	0	1	2	0	22	77	4	30	32640	865	513	5	1	158
8600	7264	2	5	6	0	0	0	7	26	3	2	30	32256	896	0	6	0	896,898,928,960,992
8600	7297	1	1	7	0	0	0	2	21	30	4	29	32512	960	0	7	0	960
8600	7298	2	1	6	0	1	1	0	21	77	4	29	32512	961	1	5	1	62
8600	7300	2	2	6	0	1	1	0	20	94	5	30	32512	961	1	5	1	62,190
8600	7304	2	2	6	0	1	1	0	20	94	5	30	32512	961	1	5	1	62,190
8600	7312	2	2	6	0	1	1	0	20	94	5	30	32512	961	1	5	1	62,190
8600	7328	2	2	6	0	0	0	2	22	77	4	30	32512	960	0	6	0	62,960
8600	7360	2	2	6	0	0	0	2	22	77	4	30	32512	960	0	6	0	62,960
8600	7425	1	1	7	0	0	0	2	21	30	4	29	32384	960	0	7	0	960
8600	7426	2	1	6	0	1	1	0	21	77	4	29	32384	961	1	5	1	62
8600	7428	2	2	6	0	1	1	0	20	94	5	30	32384	961	1	5	1	62,190
8600	7432	2	2	6	0	1	1	0	20	94	5	30	32384	961	1	5	1	62,190
8600	7440	2	2	6	0	1	1	0	20	94	5	30	32384	961	1	5	1	62,190
8600	7456	2	2	6	0	0	0	2	22	77	4	30	32384	960	0	6	0	62,960
8600	7488	2	2	6	0	0	0	2	22	77	4	30	32384	960	0	6	0	62,960
8600	7552	1	1	7	0	1	1	0	22	30	4	30	32256	897	1	6	1	126
8600	7681	0	1	8	0	0	0	1	23	11	3	29	32640	960	0	8	0	960
8600	7682	0	1	8	0	2	1	0	27	1	1	29	32640	961	1	6	2	62
8600	7684	0	1	8	0	2	1	0	22	75	4	30	32640	961	1	6	2	62
8600	7688	0	1	8	0	2	1	0	22	75	4	30	32640	961	1	6	2	62
8600	7696	0	1	8	0	2	1	0	22	75	4	30	32640	961	1	6	2	62
8600	7712	0	1	8	0	1	1	0	28	1	1	30	32640	961	1	7	1	62
8600	7744	0	1	8	0	1	1	0	28	1	1	30	32640	961	1	7	1	62
8600	7808	0	1	8	0	2	1	0	24	11	3	30	32512	897	1	6	2	126
8600	7936	0	1	8	0	2	1	0	24	11	3	30	32384	897	1	6	2	126
8600	8207	2	1	6	0	2	2	0	22	11	3	28	32352	230	20480	4	2	230
8600	8215	2	1	6	0	2	2	0	22	11	3	28	32352	230	20480	4	2	230
8600	8219	2	1	6	0	2	2	0	22	11	3	28	32352	230	20480	4	2	230
8600	8221	0	1	8	0	6	3	0	23	11	3	29	32352	231	20482	2	6	792
8600	8222	0	1	8	0	4	2	0	21	75	4	29	32352	230	20480	4	4	230
8600	8231	2	2	6	0	0	0	4	20	77	4	28	32256	992	0	6	0	992,996
8600	8235	2	2	6	0	0	0	4	20	77	4	28	32256	992	0	6	0	992,996
8600	8237	2	1	6	0	2	3	0	21	77	4	29	32320	229	20482	4	2	794
8600	8238	2	4	6	0	0	0	2	21	75	4	29	32320	996	0	6	0	228,484,740,996
8600	8243	2	2	6	0	0	0	4	20	77	4	28	32256	992	0	6	0	992,996
8600	8245	2	1	6	0	2	3	0	21	77	4	29	32320	229	20482	4	2	794
8600	8246	2	4	6	0	0	0	2	21	75	4	29	32320	996	0	6	0	228,484,740,996
8600	8249	2	1	6	0	2	3	0	21	77	4	29	32320	229	20482	4	2	794
8600	8250	2	4	6	0	0	0	2	21	75	4	29	32320	996	0	6	0	228,484,740,996
8600	8252	0	1	8	0	4	3	0	22	75	4	30	32320	230	20482	4	4	230
8600	8263	2	2	6	0	0	0	4	20	77	4	28	32256	992	0	6	0	992,996
8600	8267	2	2	6	0	0	0	4	20	77	4	28	32256	992	0	6	0	992,996
8600	8269	2	1	6	0	2	3	0	21	77	4	29	32288	229	20482	4	2	794
8600	8270	2	4	6	0	0	0	2	21	75	4	29	32288	996	0	6	0	228,484,740,996
8600	8275	2	2	6	0	0	0	4	20	77	4	28	32256	992	0	6	0	992,996
8600	8277	2	1	6	0	2	3	0	21	77	4	29	32288	229	20482	4	2	794
8600	8278	2	4	6	0	0	0	2	21	75	4	29	32288	996	0	6	0	228,484,740,996
8600	8281	2	1	6	0	2	3	0	21	77	4	29	32288	229	20482	4	2	794
8600	8282	2	4	6	0	0	0	2	21	75	4	29	32288	996	0	6	0	228,484,740,996
8600	8284	0	1	8	0	4	3	0	22	75	4	30	32288	230	20482	4	4	230
8600	8291	0	1	8	0	0	0	4	18	94	5	28	32256	992	0	8	0	992
8600	8293	2	2	6	0	0	0	4	19	94	5	29	32256	992	0	6	0	30,992
8600	8294	0	1	8	0	0	0	4	21	75	4	29	32256	992	0	8	0	992
8600	8297	2	2	6	0	0	0	4	19	94	5	29	32256	992	0	6	0	30,992
8600	8298	0	1	8	0	0	0	4	21	75	4	29	32256	992	0	8	0	992
8600	8300	2	5	6	0	0	0	4	22	75	4	30	32256	992	0	6	0	226,482,738,992,994
8600	8305	2	2	6	0	0	0	4	19	94	5	29	32256	992	0	6	0	30,992
8600	8306	0	1	8	0	0	0	4	21	75	4	29	32256	992	0	8	0	992
8600	8308	2	5	6	0	0	0	4	22	75	4	30	32256	992	0	6	0	226,482,738,992,994
8600	8312	2	5	6	0	0	0	4	22	75	4	30	32256	992	0	6	0	226,482,738,992,994
8600	8327	2	1	6	0	0	0	2	22	13	3	28	32256	992	0	6	0	992
8600	8331	2	1	6	0	0	0	2	22	13	3	28	32256	992	0	6	0	992
8600	8333	2	1	6	0	1	3	0	25	3	2	29	32352	237	20482	3	3	786
8600	8334	2	1	6	0	2	2	0	21	77	4	29	32352	236	20480	4	2	236
8600	8339	2	1	6	0	0	0	2	22	13	3	28	32256	992	0	6	0	992
8600	8341	2	1	6	0	1	3	0	25	3	2	29	32352	237	20482	3	3	786
8600	8342	2	1	6	0	2	2	0	21	77	4	29	32352	236	20480	4	2	236
8600	8345	2	1	6	0	1	3	0	25	3	2	29	32352	237	20482	3	3	786
8600	8346	2	1	6	0	2	2	0	21	77	4	29	32352	236	20480	4	2	236
8600	8348	0	1	8	0	5	3	0	24	11	3	30	32352	238	20482	3	5	238
8600	8355	1	1	7	0	0	0	3	18	94	5	28	32256	992	0	7	0	992
8600	8357	2	1	6	0	0	0	3	21	77	4	29	32256	992	0	6	0	992
8600	8358	2	2	6	0	0	0	5	19	94	5	29	32256	992	0	6	0	992,1000
8600	8361	2	1	6	0	0	0	3	21	77	4	29	32256	992	0	6	0	992
8600	8362	2	2	6	0	0	0	5	19	94	5	29	32256	992	0	6	0	992,1000
8600	8364	2	1	6	0	1	3	0	22	77	4	30	32320	234	20482	5	1	234
8600	8369	2	1	6	0	0	0	3	21	77	4	29	32256	992	0	6	0	992
8600	8370	2	2	6	0	0	0	5	19	94	5	29	32256	992	0	6	0	992,1000
8600	8372	2	1	6	0	1	3	0	22	77	4	30	32320	234	20482	5	1	234
8600	8376	2	1	6	0	1	3	0	22	77	4	30	32320	234	20482	5	1	234
8600	8387	1	1	7	0	0	0	3	18	94	5	28	32256	992	0	7	0	992
8600	8389	2	1	6	0	0	0	3	21	77	4	29	32256	992	0	6	0	992
8600	8390	2	2	6	0	0	0	5	19	94	5	29	32256	992	0	6	0	992,1000
8600	8393	2	1	6	0	0	0	3	21	77	4	29	32256	992	0	6	0	992
8600	8394	2	2	6	0	0	0	5	19	94	5	29	32256	992	0	6	0	992,1000
8600	8396	2	1	6	0	1	3	0	22	77	4	30	32288	234	20482	5	1	234
8600	8401	2	1	6	0	0	0	3	21	77	4	29	32256	992	0	6	0	992
8600	8402	2	2	6	0	0	0	5	19	94	5	29	32256	992	0	6	0	992,1000
8600	8404	2	1	6	0	1	3	0	22	77	4	30	32288	234	20482	5	1	234
8600	8408	2	1	6	0	1	3	0	22	77	4	30	32288	234	20482	5	1	234
8600	8417	1	1	7	0	0	0	5	17	222	6	29	32256	992	0	7	0	992
8600	8418	0	1	8	0	0	0	5	17	222	6	29	32256	992	0	8	0	992
8600	8420	1	1	7	0	0	0	5	20	94	5	30	32256	992	0	7	0	992
8600	8424	1	1	7	0	0	0	5	20	94	5	30	32256	992	0	7	0	992
8600	8432	1	1	7	0	0	0	5	20	94	5	30	32256	992	0	7	0	992
8600	8455	2	1	6	0	0	0	2	22	13	3	28	32256	992	0	6	0	992
8600	8459	2	1	6	0	0	0	2	22	13	3	28	32256	992	0	6	0	992
8600	8461	2	1	6	0	1	3	0	25	3	2	29	32352	237	20482	3	3	786
8600	8462	2	1	6	0	2	2	0	21	77	4	29	32352	236	20480	4	2	236
8600	8467	2	1	6	0	0	0	2	22	13	3	28	32256	992	0	6	0	992
8600	8469	2	1	6	0	1	3	0	25	3	2	29	32352	237	20482	3	3	786
8600	8470	2	1	6	0	2	2	0	21	77	4	29	32352	236	20480	4	2	236
8600	8473	2	1	6	0	1	3	0	25	3	2	29	32352	237	20482	3	3	786
8600	8474	2	1	6	0	2	2	0	21	77	4	29	32352	236	20480	4	2	236
8600	8476	0	1	8	0	5	3	0	24	11	3	30	32352	238	20482	3	5	238
8600	8483	1	1	7	0	0	0	3	18	94	5	28	32256	992	0	7	0	992
8600	8485	2	1	6	0	0	0	3	21	77	4	29	32256	992	0	6	0	992
8600	8486	2	2	6	0	0	0	5	19	94	5	29	32256	992	0	6	0	992,1000
8600	8489	2	1	6	0	0	0	3	21	77	4	29	32256	992	0	6	0	992
8600	8490	2	2	6	0	0	0	5	19	94	5	29	32256	992	0	6	0	992,1000
8600	8492	2	1	6	0	1	3	0	22	77	4	30	32320	234	20482	5	1	234
8600	8497	2	1	6	0	0	0	3	21	77	4	29	32256	992	0	6	0	992
8600	8498	2	2	6	0	0	0	5	19	94	5	29	32256	992	0	6	0	992,1000
8600	8500	2	1	6	0	1	3	0	22	77	4	30	32320	234	20482	5	1	234
8600	8504	2	1	6	0	1	3	0	22	77	4	30	32320	234	20482	5	1	234
8600	8515	1	1	7	0	0	0	3	18	94	5	28	32256	992	0	7	0	992
8600	8517	2	1	6	0	0	0	3	21	77	4	29	32256	992	0	6	0	992
8600	8518	2	2	6	0	0	0	5	19	94	5	29	32256	992	0	6	0	992,1000
8600	8521	2	1	6	0	0	0	3	21	77	4	29	32256	992	0	6	0	992
8600	8522	2	2	6	0	0	0	5	19	94	5	29	32256	992	0	6	0	992,1000
8600	8524	2	1	6	0	1	3	0	22	77	4	30	32288	234	20482	5	1	234
8600	8529	2	1	6	0	0	0	3	21	77	4	29	32256	992	0	6	0	992
8600	8530	2	2	6	0	0	0	5	19	94	5	29	32256	992	0	6	0	992,1000
8600	8532	2	1	6	0	1	3	0	22	77	4	30	32288	234	20482	5	1	234
8600	8536	2	1	6	0	1	3	0	22	77	4	30	32288	234	20482	5	1	234
8600	8545	1	1	7	0	0	0	5	17	222	6	29	32256	992	0	7	0	992
8600	8546	0	1	8	0	0	0	5	17	222	6	29	32256	992	0	8	0	992
8600	8548	1	1	7	0	0	0	5	20	94	5	30	32256	992	0	7	0	992
8600	8552	1	1	7	0	0	0	5	20	94	5	30	32256	992	0	7	0	992
8600	8560	1	1	7	0	0	0	5	20	94	5	30	32256	992	0	7	0	992
8600	8579	0	1	8	0	0	0	4	22	11	3	28	32256	992	0	8	0	992
8600	8581	0	1	8	0	0	0	4	27	1	1	29	32256	992	0	8	0	992
8600	8582	2	1	6	0	0	0	4	21	77	4	29	32256	992	0	6	0	992
8600	8585	0	1	8	0	0	0	4	27	1	1	29	32256	992	0	8	0	992
8600	8586	2	1	6	0	0	0	4	21	77	4	29	32256	992	0	6	0	992
8600	8588	2	2	6	0	0	0	4	26	3	2	30	32256	992	0	6	0	250,992
8600	8593	0	1	8	0	0	0	4	27	1	1	29	32256	992	0	8	0	992
8600	8594	2	1	6	0	0	0	4	21	77	4	29	32256	992	0	6	0	992
8600	8596	2	2	6	0	0	0	4	26	3	2	30	32256	992	0	6	0	250,992
8600	8600	2	2	6	0	0	0	4	26	3	2	30	32256	992	0	6	0	250,992
8600	8609	0	1	8	0	0	0	5	21	75	4	29	32256	992	0	8	0	992
8600	8610	1	1	7	0	0	0	5	17	222	6	29	32256	992	0	7	0	992
8600	8612	1	1	7	0	0	0	5	22	77	4	30	32256	992	0	7	0	992
8600	8616	1	1	7	0	0	0	5	22	77	4	30	32256	992	0	7	0	992
8600	8624	1	1	7	0	0	0	5	22	77	4	30	32256	992	0	7	0	992
8600	8641	0	1	8	0	0	0	5	21	75	4	29	32256	992	0	8	0	992
8600	8642	1	1	7	0	0	0	5	17	222	6	29	32256	992	0	7	0	992
8600	8644	1	1	7	0	0	0	5	22	77	4	30	32256	992	0	7	0	992
8600	8648	1	1	7	0	0	0	5	22	77	4	30	32256	992	0	7	0	992
8600	8656	1	1	7	0	0	0	5	22	77	4	30	32256	992	0	7	0	992
8600	8672	0	1	8	0	0	0	7	18	222	6	30	32256	992	0	8	0	992
8600	8711	4	15	4	1	0	0	7	20	86	4	28	32256	960	0	4	0	204,206,460,716,816,818,880,944,960,964,968,972,976,992,1008
8600	8715	4	15	4	1	0	0	7	20	86	4	28	32256	960	0	4	0	204,206,460,716,816,818,880,944,960,964,968,972,976,992,1008
8600	8717	2	2	6	0	2	2	0	19	94	5	29	32640	816	3072	4	2	816,818
8600	8718	2	2	6	0	2	2	0	19	94	5	29	32352	204	20480	4	2	204,206
8600	8723	4	15	4	1	0	0	7	20	86	4	28	32256	960	0	4	0	204,206,460,716,816,818,880,944,960,964,968,972,976,992,1008
8600	8725	2	2	6	0	2	2	0	19	94	5	29	32640	816	3072	4	2	816,818
8600	8726	2	2	6	0	2	2	0	19	94	5	29	32352	204	20480	4	2	204,206
8600	8729	2	2	6	0	2	2	0	19	94	5	29	32640	816	3072	4	2	816,818
8600	8730	2	2	6	0	2	2	0	19	94	5	29	32352	204	20480	4	2	204,206
8600	8732	0	1	8	0	6	3	0	18	222	6	30	32352	206	20482	2	6	206
8600	8739	2	2	6	0	0	0	4	20	86	4	28	32256	960	0	6	0	960,968
8600	8741	4	15	4	1	0	0	7	21	236	5	29	32256	960	0	4	0	54,62,310,566,816,818,820,822,880,944,960,968,976,992,1008
8600	8742	2	1	6	0	0	0	2	21	77	4	29	32320	968	0	6	0	968
8600	8745	4	15	4	1	0	0	7	21	236	5	29	32256	960	0	4	0	54,62,310,566,816,818,820,822,880,944,960,968,976,992,1008
8600	8746	2	1	6	0	0	0	2	21	77	4	29	32320	968	0	6	0	968
8600	8748	2	2	6	0	2	3	0	20	94	5	30	32320	202	20482	4	2	202,206
8600	8753	4	15	4	1	0	0	7	21	236	5	29	32256	960	0	4	0	54,62,310,566,816,818,820,822,880,944,960,968,976,992,1008
8600	8754	2	1	6	0	0	0	2	21	77	4	29	32320	968	0	6	0	968
8600	8756	2	2	6	0	2	3	0	20	94	5	30	32320	202	20482	4	2	202,206
8600	8760	2	2	6	0	2	3	0	20	94	5	30	32320	202	20482	4	2	202,206
8600	8771	2	2	6	0	0	0	4	20	86	4	28	32256	960	0	6	0	960,968
8600	8773	4	15	4	1	0	0	7	21	236	5	29	32256	960	0	4	0	54,62,310,566,816,818,820,822,880,944,960,968,976,992,1008
8600	8774	2	1	6	0	0	0	2	21	77	4	29	32288	968	0	6	0	968
8600	8777	4	15	4	1	0	0	7	21	236	5	29	32256	960	0	4	0	54,62,310,566,816,818,820,822,880,944,960,968,976,992,1008
8600	8778	2	1	6	0	0	0	2	21	77	4	29	32288	968	0	6	0	968
8600	8780	2	2	6	0	2	3	0	20	94	5	30	32288	202	20482	4	2	202,206
8600	8785	4	15	4	1	0	0	7	21	236	5	29	32256	960	0	4	0	54,62,310,566,816,818,820,822,880,944,960,968,976,992,1008
8600	8786	2	1	6	0	0	0	2	21	77	4	29	32288	968	0	6	0	968
8600	8788	2	2	6	0	2	3	0	20	94	5	30	32288	202	20482	4	2	202,206
8600	8792	2	2	6	0	2	3	0	20	94	5	30	32288	202	20482	4	2	202,206
8600	8801	2	2	6	0	0	0	4	19	94	5	29	32256	960	0	6	0	62,960
8600	8802	0	1	8	0	0	0	4	23	11	3	29	32256	960	0	8	0	960
8600	8804	2	2	6	0	0	0	4	22	77	4	30	32256	960	0	6	0	960,962
8600	8808	2	2	6	0	0	0	4	22	77	4	30	32256	960	0	6	0	960,962
8600	8816	2	2	6	0	0	0	4	22	77	4	30	32256	960	0	6	0	960,962
8600	8835	2	2	6	0	0	0	4	20	86	4	28	32256	960	0	6	0	960,992
8600	8837	2	1	6	0	0	0	2	21	77	4	29	32512	992	0	6	0	992
8600	8838	4	15	4	1	0	0	7	21	236	5	29	32256	960	0	4	0	30,62,94,158,216,218,220,222,472,728,960,968,976,984,992
8600	8841	2	1	6	0	0	0	2	21	77	4	29	32512	992	0	6	0	992
8600	8842	4	15	4	1	0	0	7	21	236	5	29	32256	960	0	4	0	30,62,94,158,216,218,220,222,472,728,960,968,976,984,992
8600	8844	2	2	6	0	2	3	0	20	94	5	30	32352	218	20482	3	3	218,222
8600	8849	2	1	6	0	0	0	2	21	77	4	29	32512	992	0	6	0	992
8600	8850	4	15	4	1	0	0	7	21	236	5	29	32256	960	0	4	0	30,62,94,158,216,218,220,222,472,728,960,968,976,984,992
8600	8852	2	2	6	0	2	3	0	20	94	5	30	32352	218	20482	3	3	218,222
8600	8856	2	2	6	0	2	3	0	20	94	5	30	32352	218	20482	3	3	218,222
8600	8865	2	2	6	0	0	0	5	19	94	5	29	32256	960	0	6	0	960,992
8600	8866	2	2	6	0	0	0	5	19	94	5	29	32256	960	0	6	0	960,976
8600	8868	3	3	5	1	0	0	7	22	236	5	30	32256	960	0	5	0	960,976,992
8600	8872	3	3	5	1	0	0	7	22	236	5	30	32256	960	0	5	0	960,976,992
8600	8880	3	3	5	1	0	0	7	22	236	5	30	32256	960	0	5	0	960,976,992
8600	8897	2	2	6	0	0	0	5	19	94	5	29	32256	960	0	6	0	960,992
8600	8898	2	2	6	0	0	0	5	19	94	5	29	32256	960	0	6	0	960,976
8600	8900	3	3	5	1	0	0	7	22	236	5	30	32256	960	0	5	0	960,976,992
8600	8904	3	3	5	1	0	0	7	22	236	5	30	32256	960	0	5	0	960,976,992
8600	8912	3	3	5	1	0	0	7	22	236	5	30	32256	960	0	5	0	960,976,992
8600	8928	1	1	7	0	0	0	5	20	94	5	30	32256	960	0	7	0	960
8600	8963	2	2	6	0	0	0	4	20	86	4	28	32256	960	0	6	0	960,992
8600	8965	2	1	6	0	0	0	2	21	77	4	29	32384	992	0	6	0	992
8600	8966	4	15	4	1	0	0	7	21	236	5	29	32256	960	0	4	0	30,62,94,158,216,218,220,222,472,728,960,968,976,984,992
8600	8969	2	1	6	0	0	0	2	21	77	4	29	32384	992	0	6	0	992
8600	8970	4	15	4	1	0	0	7	21	236	5	29	32256	960	0	4	0	30,62,94,158,216,218,220,222,472,728,960,968,976,984,992
8600	8972	2	2	6	0	2	3	0	20	94	5	30	32352	218	20482	3	3	218,222
8600	8977	2	1	6	0	0	0	2	21	77	4	29	32384	992	0	6	0	992
8600	8978	4	15	4	1	0	0	7	21	236	5	29	32256	960	0	4	0	30,62,94,158,216,218,220,222,472,728,960,968,976,984,992
8600	8980	2	2	6	0	2	3	0	20	94	5	30	32352	218	20482	3	3	218,222
8600	8984	2	2	6	0	2	3	0	20	94	5	30	32352	218	20482	3	3	218,222
8600	8993	2	2	6	0	0	0	5	19	94	5	29	32256	960	0	6	0	960,992
8600	8994	2	2	6	0	0	0	5	19	94	5	29	32256	960	0	6	0	960,976
8600	8996	3	3	5	1	0	0	7	22	236	5	30	32256	960	0	5	0	960,976,992
8600	9000	3	3	5	1	0	0	7	22	236	5	30	32256	960	0	5	0	960,976,992
8600	9008	3	3	5	1	0	0	7	22	236	5	30	32256	960	0	5	0	960,976,992
8600	9025	2	2	6	0	0	0	5	19	94	5	29	32256	960	0	6	0	960,992
8600	9026	2	2	6	0	0	0	5	19	94	5	29	32256	960	0	6	0	960,976
8600	9028	3	3	5	1	0	0	7	22	236	5	30	32256	960	0	5	0	960,976,992
8600	9032	3	3	5	1	0	0	7	22	236	5	30	32256	960	0	5	0	960,976,992
8600	9040	3	3	5	1	0	0	7	22	236	5	30	32256	960	0	5	0	960,976,992
8600	9056	1	1	7	0	0	0	5	20	94	5	30	32256	960	0	7	0	960
8600	9089	0	1	8	0	0	0	4	23	11	3	29	32256	960	0	8	0	960
8600	9090	2	2	6	0	0	0	4	19	94	5	29	32256	960	0	6	0	62,960
8600	9092	2	2	6	0	0	0	4	22	77	4	30	32256	960	0	6	0	62,960
8600	9096	2	2	6	0	0	0	4	22	77	4	30	32256	960	0	6	0	62,960
8600	9104	2	2	6	0	0	0	4	22	77	4	30	32256	960	0	6	0	62,960
8600	9120	1	1	7	0	0	0	5	20	94	5	30	32256	960	0	7	0	960
8600	9152	1	1	7	0	0	0	5	20	94	5	30	32256	960	0	7	0	960
8600	9223	4	15	4	1	0	0	7	20	86	4	28	32256	960	0	4	0	204,206,460,716,816,818,880,944,960,964,968,972,976,992,1008
8600	9227	4	15	4	1	0	0	7	20	86	4	28	32256	960	0	4	0	204,206,460,716,816,818,880,944,960,964,968,972,976,992,1008
8600	9229	2	2	6	0	2	2	0	19	94	5	29	32640	816	2560	4	2	816,818
8600	9230	2	2	6	0	2	2	0	19	94	5	29	32352	204	20480	4	2	204,206
8600	9235	4	15	4	1	0	0	7	20	86	4	28	32256	960	0	4	0	204,206,460,716,816,818,880,944,960,964,968,972,976,992,1008
8600	9237	2	2	6	0	2	2	0	19	94	5	29	32640	816	2560	4	2	816,818
8600	9238	2	2	6	0	2	2	0	19	94	5	29	32352	204	20480	4	2	204,206
8600	9241	2	2	6	0	2	2	0	19	94	5	29	32640	816	2560	4	2	816,818
8600	9242	2	2	6	0	2	2	0	19	94	5	29	32352	204	20480	4	2	204,206
8600	9244	0	1	8	0	6	3	0	18	222	6	30	32352	206	20482	2	6	206
8600	9251	2	2	6	0	0	0	4	20	86	4	28	32256	960	0	6	0	960,968
8600	9253	4	15	4	1	0	0	7	21	236	5	29	32256	960	0	4	0	54,62,310,566,816,818,820,822,880,944,960,968,976,992,1008
8600	9254	2	1	6	0	0	0	2	21	77	4	29	32320	968	0	6	0	968
8600	9257	4	15	4	1	0	0	7	21	236	5	29	32256	960	0	4	0	54,62,310,566,816,818,820,822,880,944,960,968,976,992,1008
8600	9258	2	1	6	0	0	0	2	21	77	4	29	32320	968	0	6	0	968
8600	9260	2	2	6	0	2	3	0	20	94	5	30	32320	202	20482	4	2	202,206
8600	9265	4	15	4	1	0	0	7	21	236	5	29	32256	960	0	4	0	54,62,310,566,816,818,820,822,880,944,960,968,976,992,1008
8600	9266	2	1	6	0	0	0	2	21	77	4	29	32320	968	0	6	0	968
8600	9268	2	2	6	0	2	3	0	20	94	5	30	32320	202	20482	4	2	202,206
8600	9272	2	2	6	0	2	3	0	20	94	5	30	32320	202	20482	4	2	202,206
8600	9283	2	2	6	0	0	0	4	20	86	4	28	32256	960	0	6	0	960,968
8600	9285	4	15	4	1	0	0	7	21	236	5	29	32256	960	0	4	0	54,62,310,566,816,818,820,822,880,944,960,968,976,992,1008
8600	9286	2	1	6	0	0	0	2	21	77	4	29	32288	968	0	6	0	968
8600	9289	4	15	4	1	0	0	7	21	236	5	29	32256	960	0	4	0	54,62,310,566,816,818,820,822,880,944,960,968,976,992,1008
8600	9290	2	1	6	0	0	0	2	21	77	4	29	32288	968	0	6	0	968
8600	9292	2	2	6	0	2	3	0	20	94	5	30	32288	202	20482	4	2	202,206
8600	9297	4	15	4	1	0	0	7	21	236	5	29	32256	960	0	4	0	54,62,310,566,816,818,820,822,880,944,960,968,976,992,1008
8600	9298	2	1	6	0	0	0	2	21	77	4	29	32288	968	0	6	0	968
8600	9300	2	2	6	0	2	3	0	20	94	5	30	32288	202	20482	4	2	202,206
8600	9304	2	2	6	0	2	3	0	20	94	5	30	32288	202	20482	4	2	202,206
8600	9313	2	2	6	0	0	0	4	19	94	5	29	32256	960	0	6	0	62,960
8600	9314	0	1	8	0	0	0	4	23	11	3	29	32256	960	0	8	0	960
8600	9316	2	2	6	0	0	0	4	22	77	4	30	32256	960	0	6	0	960,962
8600	9320	2	2	6	0	0	0	4	22	77	4	30	32256	960	0	6	0	960,962
8600	9328	2	2	6	0	0	0	4	22	77	4	30	32256	960	0	6	0	960,962
8600	9347	2	2	6	0	0	0	4	20	86	4	28	32256	960	0	6	0	960,992
8600	9349	2	1	6	0	0	0	2	21	77	4	29	32512	992	0	6	0	992
8600	9350	4	15	4	1	0	0	7	21	236	5	29	32256	960	0	4	0	30,62,94,158,216,218,220,222,472,728,960,968,976,984,992
8600	9353	2	1	6	0	0	0	2	21	77	4	29	32512	992	0	6	0	992
8600	9354	4	15	4	1	0	0	7	21	236	5	29	32256	960	0	4	0	30,62,94,158,216,218,220,222,472,728,960,968,976,984,992
8600	9356	2	2	6	0	2	3	0	20	94	5	30	32352	218	20482	3	3	218,222
8600	9361	2	1	6	0	0	0	2	21	77	4	29	32512	992	0	6	0	992
8600	9362	4	15	4	1	0	0	7	21	236	5	29	32256	960	0	4	0	30,62,94,158,216,218,220,222,472,728,960,968,976,984,992
8600	9364	2	2	6	0	2	3	0	20	94	5	30	32352	218	20482	3	3	218,222
8600	9368	2	2	6	0	2	3	0	20	94	5	30	32352	218	20482	3	3	218,222
8600	9377	2	2	6	0	0	0	5	19	94	5	29	32256	960	0	6	0	960,992
8600	9378	2	2	6	0	0	0	5	19	94	5	29	32256	960	0	6	0	960,976
8600	9380	3	3	5	1	0	0	7	22	236	5	30	32256	960	0	5	0	960,976,992
8600	9384	3	3	5	1	0	0	7	22	236	5	30	32256	960	0	5	0	960,976,992
8600	9392	3	3	5	1	0	0	7	22	236	5	30	32256	960	0	5	0	960,976,992
8600	9409	2	2	6	0	0	0	5	19	94	5	29	32256	960	0	6	0	960,992
8600	9410	2	2	6	0	0	0	5	19	94	5	29	32256	960	0	6	0	960,976
8600	9412	3	3	5	1	0	0	7	22	236	5	30	32256	960	0	5	0	960,976,992
8600	9416	3	3	5	1	0	0	7	22	236	5	30	32256	960	0	5	0	960,976,992
8600	9424	3	3	5	1	0	0	7	22	236	5	30	32256	960	0	5	0	960,976,992
8600	9440	1	1	7	0	0	0	5	20	94	5	30	32256	960	0	7	0	960
8600	9475	2	2	6	0	0	0	4	20	86	4	28	32256	960	0	6	0	960,992
8600	9477	2	1	6	0	0	0	2	21	77	4	29	32384	992	0	6	0	992
8600	9478	4	15	4	1	0	0	7	21	236	5	29	32256	960	0	4	0	30,62,94,158,216,218,220,222,472,728,960,968,976,984,992
8600	9481	2	1	6	0	0	0	2	21	77	4	29	32384	992	0	6	0	992
8600	9482	4	15	4	1	0	0	7	21	236	5	29	32256	960	0	4	0	30,62,94,158,216,218,220,222,472,728,960,968,976,984,992
8600	9484	2	2	6	0	2	3	0	20	94	5	30	32352	218	20482	3	3	218,222
8600	9489	2	1	6	0	0	0	2	21	77	4	29	32384	992	0	6	0	992
8600	9490	4	15	4	1	0	0	7	21	236	5	29	32256	960	0	4	0	30,62,94,158,216,218,220,222,472,728,960,968,976,984,992
8600	9492	2	2	6	0	2	3	0	20	94	5	30	32352	218	20482	3	3	218,222
8600	9496	2	2	6	0	2	3	0	20	94	5	30	32352	218	20482	3	3	218,222
8600	9505	2	2	6	0	0	0	5	19	94	5	29	32256	960	0	6	0	960,992
8600	9506	2	2	6	0	0	0	5	19	94	5	29	32256	960	0	6	0	960,976
8600	9508	3	3	5	1	0	0	7	22	236	5	30	32256	960	0	5	0	960,976,992
8600	9512	3	3	5	1	0	0	7	22	236	5	30	32256	960	0	5	0	960,976,992
8600	9520	3	3	5	1	0	0	7	22	236	5	30	32256	960	0	5	0	960,976,992
8600	9537	2	2	6	0	0	0	5	19	94	5	29	32256	960	0	6	0	960,992
8600	9538	2	2	6	0	0	0	5	19	94	5	29	32256	960	0	6	0	960,976
8600	9540	3	3	5	1	0	0	7	22	236	5	30	32256	960	0	5	0	960,976,992
8600	9544	3	3	5	1	0	0	7	22	236	5	30	32256	960	0	5	0	960,976,992
8600	9552	3	3	5	1	0	0	7	22	236	5	30	32256	960	0	5	0	960,976,992
8600	9568	1	1	7	0	0	0	5	20	94	5	30	32256	960	0	7	0	960
8600	9601	0	1	8	0	0	0	4	23	11	3	29	32256	960	0	8	0	960
8600	9602	2	2	6	0	0	0	4	19	94	5	29	32256	960	0	6	0	62,960
8600	9604	2	2	6	0	0	0	4	22	77	4	30	32256	960	0	6	0	62,960
8600	9608	2	2	6	0	0	0	4	22	77	4	30	32256	960	0	6	0	62,960
8600	9616	2	2	6	0	0	0	4	22	77	4	30	32256	960	0	6	0	62,960
8600	9632	1	1	7	0	0	0	5	20	94	5	30	32256	960	0	7	0	960
8600	9664	1	1	7	0	0	0	5	20	94	5	30	32256	960	0	7	0	960
8600	9731	2	1	6	0	0	0	1	22	76	3	28	32640	992	0	6	0	992
8600	9733	2	2	6	0	0	0	1	19	94	5	29	32640	992	0	6	0	864,992
8600	9734	2	1	6	0	2	2	0	21	77	4	29	32640	865	2049	4	2	158
8600	9737	2	2	6	0	0	0	1	19	94	5	29	32640	992	0	6	0	864,992
8600	9738	2	1	6	0	2	2	0	21	77	4	29	32640	865	2049	4	2	158
8600	9740	1	1	7	0	3	2	0	18	222	6	30	32640	865	2049	4	3	158
8600	9745	2	2	6	0	0	0	1	19	94	5	29	32640	992	0	6	0	864,992
8600	9746	2	1	6	0	2	2	0	21	77	4	29	32640	865	2049	4	2	158
8600	9748	1	1	7	0	3	2	0	18	222	6	30	32640	865	2049	4	3	158
8600	9752	1	1	7	0	3	2	0	18	222	6	30	32640	865	2049	4	3	158
8600	9761	2	1	6	0	0	0	1	21	77	4	29	32640	992	0	6	0	992
8600	9762	2	1	6	0	0	0	2	25	3	2	29	32320	912	0	6	0	912
8600	9764	2	1	6	0	1	2	0	22	77	4	30	32640	865	2049	5	1	158
8600	9768	2	1	6	0	1	2	0	22	77	4	30	32640	865	2049	5	1	158
8600	9776	2	1	6	0	1	2	0	22	77	4	30	32640	865	2049	5	1	158
8600	9793	2	1	6	0	0	0	1	21	77	4	29	32640	992	0	6	0	992
8600	9794	2	1	6	0	0	0	2	25	3	2	29	32288	912	0	6	0	912
8600	9796	2	1	6	0	1	2	0	22	77	4	30	32640	865	2049	5	1	158
8600	9800	2	1	6	0	1	2	0	22	77	4	30	32640	865	2049	5	1	158
8600	9808	2	1	6	0	1	2	0	22	77	4	30	32640	865	2049	5	1	158
8600	9824	2	5	6	0	0	0	7	26	3	2	30	32256	896	0	6	0	896,898,928,960,992
8600	9857	1	1	7	0	0	0	2	21	30	4	29	32512	960	0	7	0	960
8600	9858	2	1	6	0	1	1	0	21	77	4	29	32512	961	1	5	1	62
8600	9860	2	2	6	0	1	1	0	20	94	5	30	32512	961	1	5	1	62,190
8600	9864	2	2	6	0	1	1	0	20	94	5	30	32512	961	1	5	1	62,190
8600	9872	2	2	6	0	1	1	0	20	94	5	30	32512	961	1	5	1	62,190
8600	9888	2	2	6	0	0	0	2	22	77	4	30	32512	960	0	6	0	62,960
8600	9920	2	2	6	0	0	0	2	22	77	4	30	32512	960	0	6	0	62,960
8600	9985	1	1	7	0	0	0	2	21	30	4	29	32384	960	0	7	0	960
8600	9986	2	1	6	0	1	1	0	21	77	4	29	32384	961	1	5	1	62
8600	9988	2	2	6	0	1	1	0	20	94	5	30	32384	961	1	5	1	62,190
8600	9992	2	2	6	0	1	1	0	20	94	5	30	32384	961	1	5	1	62,190
8600	10000	2	2	6	0	1	1	0	20	94	5	30	32384	961	1	5	1	62,190
8600	10016	2	2	6	0	0	0	2	22	77	4	30	32384	960	0	6	0	62,960
8600	10048	2	2	6	0	0	0	2	22	77	4	30	32384	960	0	6	0	62,960
8600	10112	1	1	7	0	1	1	0	22	30	4	30	32256	897	1	6	1	126
8600	10247	4	15	4	1	0	0	7	20	86	4	28	32256	960	0	4	0	204,206,460,716,816,818,880,944,960,964,968,972,976,992,1008
8600	10251	4	15	4	1	0	0	7	20	86	4	28	32256	960	0	4	0	204,206,460,716,816,818,880,944,960,964,968,972,976,992,1008
8600	10253	2	2	6	0	2	2	0	19	94	5	29	32640	816	1536	4	2	816,818
8600	10254	2	2	6	0	2	2	0	19	94	5	29	32352	204	20480	4	2	204,206
8600	10259	4	15	4	1	0	0	7	20	86	4	28	32256	960	0	4	0	204,206,460,716,816,818,880,944,960,964,968,972,976,992,1008
8600	10261	2	2	6	0	2	2	0	19	94	5	29	32640	816	1536	4	2	816,818
8600	10262	2	2	6	0	2	2	0	19	94	5	29	32352	204	20480	4	2	204,206
8600	10265	2	2	6	0	2	2	0	19	94	5	29	32640	816	1536	4	2	816,818
8600	10266	2	2	6	0	2	2	0	19	94	5	29	32352	204	20480	4	2	204,206
8600	10268	0	1	8	0	6	3	0	18	222	6	30	32352	206	20482	2	6	206
8600	10275	2	2	6	0	0	0	4	20	86	4	28	32256	960	0	6	0	960,968
8600	10277	4	15	4	1	0	0	7	21	236	5	29	32256	960	0	4	0	54,62,310,566,816,818,820,822,880,944,960,968,976,992,1008
8600	10278	2	1	6	0	0	0	2	21	77	4	29	32320	968	0	6	0	968
8600	10281	4	15	4	1	0	0	7	21	236	5	29	32256	960	0	4	0	54,62,310,566,816,818,820,822,880,944,960,968,976,992,1008
8600	10282	2	1	6	0	0	0	2	21	77	4	29	32320	968	0	6	0	968
8600	10284	2	2	6	0	2	3	0	20	94	5	30	32320	202	20482	4	2	202,206
8600	10289	4	15	4	1	0	0	7	21	236	5	29	32256	960	0	4	0	54,62,310,566,816,818,820,822,880,944,960,968,976,992,1008
8600	10290	2	1	6	0	0	0	2	21	77	4	29	32320	968	0	6	0	968
8600	10292	2	2	6	0	2	3	0	20	94	5	30	32320	202	20482	4	2	202,206
8600	10296	2	2	6	0	2	3	0	20	94	5	30	32320	202	20482	4	2	202,206
8600	10307	2	2	6	0	0	0	4	20	86	4	28	32256	960	0	6	0	960,968
8600	10309	4	15	4	1	0	0	7	21	236	5	29	32256	960	0	4	0	54,62,310,566,816,818,820,822,880,944,960,968,976,992,1008
8600	10310	2	1	6	0	0	0	2	21	77	4	29	32288	968	0	6	0	968
8600	10313	4	15	4	1	0	0	7	21	236	5	29	32256	960	0	4	0	54,62,310,566,816,818,820,822,880,944,960,968,976,992,1008
8600	10314	2	1	6	0	0	0	2	21	77	4	29	32288	968	0	6	0	968
8600	10316	2	2	6	0	2	3	0	20	94	5	30	32288	202	20482	4	2	202,206
8600	10321	4	15	4	1	0	0	7	21	236	5	29	32256	960	0	4	0	54,62,310,566,816,818,820,822,880,944,960,968,976,992,1008
8600	10322	2	1	6	0	0	0	2	21	77	4	29	32288	968	0	6	0	968
8600	10324	2	2	6	0	2	3	0	20	94	5	30	32288	202	20482	4	2	202,206
8600	10328	2	2	6	0	2	3	0	20	94	5	30	32288	202	20482	4	2	202,206
8600	10337	2	2	6	0	0	0	4	19	94	5	29	32256	960	0	6	0	62,960
8600	10338	0	1	8	0	0	0	4	23	11	3	29	32256	960	0	8	0	960
8600	10340	2	2	6	0	0	0	4	22	77	4	30	32256	960	0	6	0	960,962
8600	10344	2	2	6	0	0	0	4	22	77	4	30	32256	960	0	6	0	960,962
8600	10352	2	2	6	0	0	0	4	22	77	4	30	32256	960	0	6	0	960,962
8600	10371	2	2	6	0	0	0	4	20	86	4	28	32256	960	0	6	0	960,992
8600	10373	2	1	6	0	0	0	2	21	77	4	29	32512	992	0	6	0	992
8600	10374	4	15	4	1	0	0	7	21	236	5	29	32256	960	0	4	0	30,62,94,158,216,218,220,222,472,728,960,968,976,984,992
8600	10377	2	1	6	0	0	0	2	21	77	4	29	32512	992	0	6	0	992
8600	10378	4	15	4	1	0	0	7	21	236	5	29	32256	960	0	4	0	30,62,94,158,216,218,220,222,472,728,960,968,976,984,992
8600	10380	2	2	6	0	2	3	0	20	94	5	30	32352	218	20482	3	3	218,222
8600	10385	2	1	6	0	0	0	2	21	77	4	29	32512	992	0	6	0	992
8600	10386	4	15	4	1	0	0	7	21	236	5	29	32256	960	0	4	0	30,62,94,158,216,218,220,222,472,728,960,968,976,984,992
8600	10388	2	2	6	0	2	3	0	20	94	5	30	32352	218	20482	3	3	218,222
8600	10392	2	2	6	0	2	3	0	20	94	5	30	32352	218	20482	3	3	218,222
8600	10401	2	2	6	0	0	0	5	19	94	5	29	32256	960	0	6	0	960,992
8600	10402	2	2	6	0	0	0	5	19	94	5	29	32256	960	0	6	0	960,976
8600	10404	3	3	5	1	0	0	7	22	236	5	30	32256	960	0	5	0	960,976,992
8600	10408	3	3	5	1	0	0	7	22	236	5	30	32256	960	0	5	0	960,976,992
8600	10416	3	3	5	1	0	0	7	22	236	5	30	32256	960	0	5	0	960,976,992
8600	10433	2	2	6	0	0	0	5	19	94	5	29	32256	960	0	6	0	960,992
8600	10434	2	2	6	0	0	0	5	19	94	5	29	32256	960	0	6	0	960,976
8600	10436	3	3	5	1	0	0	7	22	236	5	30	32256	960	0	5	0	960,976,992
8600	10440	3	3	5	1	0	0	7	22	236	5	30	32256	960	0	5	0	960,976,992
8600	10448	3	3	5	1	0	0	7	22	236	5	30	32256	960	0	5	0	960,976,992
8600	10464	1	1	7	0	0	0	5	20	94	5	30	32256	960	0	7	0	960
8600	10499	2	2	6	0	0	0	4	20	86	4	28	32256	960	0	6	0	960,992
8600	10501	2	1	6	0	0	0	2	21	77	4	29	32384	992	0	6	0	992
8600	10502	4	15	4	1	0	0	7	21	236	5	29	32256	960	0	4	0	30,62,94,158,216,218,220,222,472,728,960,968,976,984,992
8600	10505	2	1	6	0	0	0	2	21	77	4	29	32384	992	0	6	0	992
8600	10506	4	15	4	1	0	0	7	21	236	5	29	32256	960	0	4	0	30,62,94,158,216,218,220,222,472,728,960,968,976,984,992
8600	10508	2	2	6	0	2	3	0	20	94	5	30	32352	218	20482	3	3	218,222
8600	10513	2	1	6	0	0	0	2	21	77	4	29	32384	992	0	6	0	992
8600	10514	4	15	4	1	0	0	7	21	236	5	29	32256	960	0	4	0	30,62,94,158,216,218,220,222,472,728,960,968,976,984,992
8600	10516	2	2	6	0	2	3	0	20	94	5	30	32352	218	20482	3	3	218,222
8600	10520	2	2	6	0	2	3	0	20	94	5	30	32352	218	20482	3	3	218,222
8600	10529	2	2	6	0	0	0	5	19	94	5	29	32256	960	0	6	0	960,992
8600	10530	2	2	6	0	0	0	5	19	94	5	29	32256	960	0	6	0	960,976
8600	10532	3	3	5	1	0	0	7	22	236	5	30	32256	960	0	5	0	960,976,992
8600	10536	3	3	5	1	0	0	7	22	236	5	30	32256	960	0	5	0	960,976,992
8600	10544	3	3	5	1	0	0	7	22	236	5	30	32256	960	0	5	0	960,976,992
8600	10561	2	2	6	0	0	0	5	19	94	5	29	32256	960	0	6	0	960,992
8600	10562	2	2	6	0	0	0	5	19	94	5	29	32256	960	0	6	0	960,976
8600	10564	3	3	5	1	0	0	7	22	236	5	30	32256	960	0	5	0	960,976,992
8600	10568	3	3	5	1	0	0	7	22	236	5	30	32256	960	0	5	0	960,976,992
8600	10576	3	3	5	1	0	0	7	22	236	5	30	32256	960	0	5	0	960,976,992
8600	10592	1	1	7	0	0	0	5	20	94	5	30	32256	960	0	7	0	960
8600	10625	0	1	8	0	0	0	4	23	11	3	29	32256	960	0	8	0	960
8600	10626	2	2	6	0	0	0	4	19	94	5	29	32256	960	0	6	0	62,960
8600	10628	2	2	6	0	0	0	4	22	77	4	30	32256	960	0	6	0	62,960
8600	10632	2	2	6	0	0	0	4	22	77	4	30	32256	960	0	6	0	62,960
8600	10640	2	2	6	0	0	0	4	22	77	4	30	32256	960	0	6	0	62,960
8600	10656	1	1	7	0	0	0	5	20	94	5	30	32256	960	0	7	0	960
8600	10688	1	1	7	0	0	0	5	20	94	5	30	32256	960	0	7	0	960
8600	10755	2	1	6	0	0	0	1	22	76	3	28	32640	992	0	6	0	992
8600	10757	2	2	6	0	0	0	1	19	94	5	29	32640	992	0	6	0	864,992
8600	10758	2	1	6	0	2	2	0	21	77	4	29	32640	865	1025	4	2	158
8600	10761	2	2	6	0	0	0	1	19	94	5	29	32640	992	0	6	0	864,992
8600	10762	2	1	6	0	2	2	0	21	77	4	29	32640	865	1025	4	2	158
8600	10764	1	1	7	0	3	2	0	18	222	6	30	32640	865	1025	4	3	158
8600	10769	2	2	6	0	0	0	1	19	94	5	29	32640	992	0	6	0	864,992
8600	10770	2	1	6	0	2	2	0	21	77	4	29	32640	865	1025	4	2	158
8600	10772	1	1	7	0	3	2	0	18	222	6	30	32640	865	1025	4	3	158
8600	10776	1	1	7	0	3	2	0	18	222	6	30	32640	865	1025	4	3	158
8600	10785	2	1	6	0	0	0	1	21	77	4	29	32640	992	0	6	0	992
8600	10786	2	1	6	0	0	0	2	25	3	2	29	32320	912	0	6	0	912
8600	10788	2	1	6	0	1	2	0	22	77	4	30	32640	865	1025	5	1	158
8600	10792	2	1	6	0	1	2	0	22	77	4	30	32640	865	1025	5	1	158
8600	10800	2	1	6	0	1	2	0	22	77	4	30	32640	865	1025	5	1	158
8600	10817	2	1	6	0	0	0	1	21	77	4	29	32640	992	0	6	0	992
8600	10818	2	1	6	0	0	0	2	25	3	2	29	32288	912	0	6	0	912
8600	10820	2	1	6	0	1	2	0	22	77	4	30	32640	865	1025	5	1	158
8600	10824	2	1	6	0	1	2	0	22	77	4	30	32640	865	1025	5	1	158
8600	10832	2	1	6	0	1	2	0	22	77	4	30	32640	865	1025	5	1	158
8600	10848	2	5	6	0	0	0	7	26	3	2	30	32256	896	0	6	0	896,898,928,960,992
8600	10881	1	1	7	0	0	0	2	21	30	4	29	32512	960	0	7	0	960
8600	10882	2	1	6	0	1	1	0	21	77	4	29	32512	961	1	5	1	62
8600	10884	2	2	6	0	1	1	0	20	94	5	30	32512	961	1	5	1	62,190
8600	10888	2	2	6	0	1	1	0	20	94	5	30	32512	961	1	5	1	62,190
8600	10896	2	2	6	0	1	1	0	20	94	5	30	32512	961	1	5	1	62,190
8600	10912	2	2	6	0	0	0	2	22	77	4	30	32512	960	0	6	0	62,960
8600	10944	2	2	6	0	0	0	2	22	77	4	30	32512	960	0	6	0	62,960
8600	11009	1	1	7	0	0	0	2	21	30	4	29	32384	960	0	7	0	960
8600	11010	2	1	6	0	1	1	0	21	77	4	29	32384	961	1	5	1	62
8600	11012	2	2	6	0	1	1	0	20	94	5	30	32384	961	1	5	1	62,190
8600	11016	2	2	6	0	1	1	0	20	94	5	30	32384	961	1	5	1	62,190
8600	11024	2	2	6	0	1	1	0	20	94	5	30	32384	961	1	5	1	62,190
8600	11040	2	2	6	0	0	0	2	22	77	4	30	32384	960	0	6	0	62,960
8600	11072	2	2	6	0	0	0	2	22	77	4	30	32384	960	0	6	0	62,960
8600	11136	1	1	7	0	1	1	0	22	30	4	30	32256	897	1	6	1	126
8600	11267	2	1	6	0	0	0	1	22	76	3	28	32640	992	0	6	0	992
8600	11269	2	2	6	0	0	0	1	19	94	5	29	32640	992	0	6	0	864,992
8600	11270	2	1	6	0	2	2	0	21	77	4	29	32640	865	513	4	2	158
8600	11273	2	2	6	0	0	0	1	19	94	5	29	32640	992	0	6	0	864,992
8600	11274	2	1	6	0	2	2	0	21	77	4	29	32640	865	513	4	2	158
8600	11276	1	1	7	0	3	2	0	18	222	6	30	32640	865	513	4	3	158
8600	11281	2	2	6	0	0	0	1	19	94	5	29	32640	992	0	6	0	864,992
8600	11282	2	1	6	0	2	2	0	21	77	4	29	32640	865	513	4	2	158
8600	11284	1	1	7	0	3	2	0	18	222	6	30	32640	865	513	4	3	158
8600	11288	1	1	7	0	3	2	0	18	222	6	30	32640	865	513	4	3	158
8600	11297	2	1	6	0	0	0	1	21	77	4	29	32640	992	0	6	0	992
8600	11298	2	1	6	0	0	0	2	25	3	2	29	32320	912	0	6	0	912
8600	11300	2	1	6	0	1	2	0	22	77	4	30	32640	865	513	5	1	158
8600	11304	2	1	6	0	1	2	0	22	77	4	30	32640	865	513	5	1	158
8600	11312	2	1	6	0	1	2	0	22	77	4	30	32640	865	513	5	1	158
8600	11329	2	1	6	0	0	0	1	21	77	4	29	32640	992	0	6	0	992
8600	11330	2	1	6	0	0	0	2	25	3	2	29	32288	912	0	6	0	912
8600	11332	2	1	6	0	1	2	0	22	77	4	30	32640	865	513	5	1	158
8600	11336	2	1	6	0	1	2	0	22	77	4	30	32640	865	513	5	1	158
8600	11344	2	1	6	0	1	2	0	22	77	4	30	32640	865	513	5	1	158
8600	11360	2	5	6	0	0	0	7	26	3	2	30	32256	896	0	6	0	896,898,928,960,992
8600	11393	1	1	7	0	0	0	2	21	30	4	29	32512	960	0	7	0	960
8600	11394	2	1	6	0	1	1	0	21	77	4	29	32512	961	1	5	1	62
8600	11396	2	2	6	0	1	1	0	20	94	5	30	32512	961	1	5	1	62,190
8600	11400	2	2	6	0	1	1	0	20	94	5	30	32512	961	1	5	1	62,190
8600	11408	2	2	6	0	1	1	0	20	94	5	30	32512	961	1	5	1	62,190
8600	11424	2	2	6	0	0	0	2	22	77	4	30	32512	960	0	6	0	62,960
8600	11456	2	2	6	0	0	0	2	22	77	4	30	32512	960	0	6	0	62,960
8600	11521	1	1	7	0	0	0	2	21	30	4	29	32384	960	0	7	0	960
8600	11522	2	1	6	0	1	1	0	21	77	4	29	32384	961	1	5	1	62
8600	11524	2	2	6	0	1	1	0	20	94	5	30	32384	961	1	5	1	62,190
8600	11528	2	2	6	0	1	1	0	20	94	5	30	32384	961	1	5	1	62,190
8600	11536	2	2	6	0	1	1	0	20	94	5	30	32384	961	1	5	1	62,190
8600	11552	2	2	6	0	0	0	2	22	77	4	30	32384	960	0	6	0	62,960
8600	11584	2	2	6	0	0	0	2	22	77	4	30	32384	960	0	6	0	62,960
8600	11648	1	1	7	0	1	1	0	22	30	4	30	32256	897	1	6	1	126
8600	11777	0	1	8	0	0	0	1	23	11	3	29	32640	960	0	8	0	960
8600	11778	0	1	8	0	2	1	0	27	1	1	29	32640	961	1	6	2	62
8600	11780	0	1	8	0	2	1	0	22	75	4	30	32640	961	1	6	2	62
8600	11784	0	1	8	0	2	1	0	22	75	4	30	32640	961	1	6	2	62
8600	11792	0	1	8	0	2	1	0	22	75	4	30	32640	961	1	6	2	62
8600	11808	0	1	8	0	1	1	0	28	1	1	30	32640	961	1	7	1	62
8600	11840	0	1	8	0	1	1	0	28	1	1	30	32640	961	1	7	1	62
8600	11904	0	1	8	0	2	1	0	24	11	3	30	32512	897	1	6	2	126
8600	12032	0	1	8	0	2	1	0	24	11	3	30	32384	897	1	6	2	126
8600	12295	2	2	6	0	0	0	1	20	30	4	28	32352	972	0	6	0	460,972
8600	12299	2	2	6	0	0	0	1	20	30	4	28	32352	972	0	6	0	460,972
8600	12301	1	1	7	0	3	2	0	21	30	4	29	32352	461	16386	4	3	562
8600	12302	1	1	7	0	1	1	0	17	222	6	29	32352	460	16384	6	1	460
8600	12307	2	2	6	0	0	0	1	20	30	4	28	32352	972	0	6	0	460,972
8600	12309	1	1	7	0	3	2	0	21	30	4	29	32352	461	16386	4	3	562
8600	12310	1	1	7	0	1	1	0	17	222	6	29	32352	460	16384	6	1	460
8600	12313	1	1	7	0	3	2	0	21	30	4	29	32352	461	16386	4	3	562
8600	12314	1	1	7	0	1	1	0	17	222	6	29	32352	460	16384	6	1	460
8600	12316	0	1	8	0	4	2	0	18	222	6	30	32352	462	16386	4	4	462
8600	12323	1	1	7	0	0	0	2	18	94	5	28	32320	968	0	7	0	968
8600	12325	2	2	6	0	1	1	0	19	94	5	29	32320	969	2	5	1	54,566
8600	12326	1	1	7	0	0	0	2	17	222	6	29	32320	968	0	7	0	968
8600	12329	2	2	6	0	1	1	0	19	94	5	29	32320	969	2	5	1	54,566
8600	12330	1	1	7	0	0	0	2	17	222	6	29	32320	968	0	7	0	968
8600	12332	1	1	7	0	2	2	0	18	222	6	30	32320	458	16386	5	2	458
8600	12337	2	2	6	0	1	1	0	19	94	5	29	32320	969	2	5	1	54,566
8600	12338	1	1	7	0	0	0	2	17	222	6	29	32320	968	0	7	0	968
8600	12340	1	1	7	0	2	2	0	18	222	6	30	32320	458	16386	5	2	458
8600	12344	1	1	7	0	2	2	0	18	222	6	30	32320	458	16386	5	2	458
8600	12355	1	1	7	0	0	0	2	18	94	5	28	32288	968	0	7	0	968
8600	12357	2	2	6	0	1	1	0	19	94	5	29	32288	969	2	5	1	54,566
8600	12358	1	1	7	0	0	0	2	17	222	6	29	32288	968	0	7	0	968
8600	12361	2	2	6	0	1	1	0	19	94	5	29	32288	969	2	5	1	54,566
8600	12362	1	1	7	0	0	0	2	17	222	6	29	32288	968	0	7	0	968
8600	12364	1	1	7	0	2	2	0	18	222	6	30	32288	458	16386	5	2	458
8600	12369	2	2	6	0	1	1	0	19	94	5	29	32288	969	2	5	1	54,566
8600	12370	1	1	7	0	0	0	2	17	222	6	29	32288	968	0	7	0	968
8600	12372	1	1	7	0	2	2	0	18	222	6	30	32288	458	16386	5	2	458
8600	12376	1	1	7	0	2	2	0	18	222	6	30	32288	458	16386	5	2	458
8600	12385	1	1	7	0	1	1	0	17	222	6	29	32256	961	2	6	1	62
8600	12386	0	1	8	0	0	0	4	17	222	6	29	32256	960	0	8	0	960
8600	12388	1	1	7	0	1	1	0	18	222	6	30	32256	962	2	6	1	962
8600	12392	1	1	7	0	1	1	0	18	222	6	30	32256	962	2	6	1	962
8600	12400	1	1	7	0	1	1	0	18	222	6	30	32256	962	2	6	1	962
8600	12419	2	4	6	0	0	0	5	22	11	3	28	32256	960	0	6	0	960,968,976,984
8600	12421	2	1	6	0	1	2	0	25	3	2	29	32352	473	16386	5	1	550
8600	12422	2	2	6	0	0	0	1	19	94	5	29	32352	984	0	6	0	472,984
8600	12425	2	1	6	0	1	2	0	25	3	2	29	32352	473	16386	5	1	550
8600	12426	2	2	6	0	0	0	1	19	94	5	29	32352	984	0	6	0	472,984
8600	12428	1	1	7	0	2	2	0	22	30	4	30	32352	474	16386	5	2	474
8600	12433	2	1	6	0	1	2	0	25	3	2	29	32352	473	16386	5	1	550
8600	12434	2	2	6	0	0	0	1	19	94	5	29	32352	984	0	6	0	472,984
8600	12436	1	1	7	0	2	2	0	22	30	4	30	32352	474	16386	5	2	474
8600	12440	1	1	7	0	2	2	0	22	30	4	30	32352	474	16386	5	2	474
8600	12449	2	4	6	0	0	0	5	21	75	4	29	32256	960	0	6	0	46,62,960,976
8600	12450	1	1	7	0	0	0	2	17	222	6	29	32320	976	0	7	0	976
8600	12452	2	3	6	0	0	0	2	20	94	5	30	32320	976	0	6	0	466,976,978
8600	12456	2	3	6	0	0	0	2	20	94	5	30	32320	976	0	6	0	466,976,978
8600	12464	2	3	6	0	0	0	2	20	94	5	30	32320	976	0	6	0	466,976,978
8600	12481	2	4	6	0	0	0	5	21	75	4	29	32256	960	0	6	0	46,62,960,976
8600	12482	1	1	7	0	0	0	2	17	222	6	29	32288	976	0	7	0	976
8600	12484	2	3	6	0	0	0	2	20	94	5	30	32288	976	0	6	0	466,976,978
8600	12488	2	3	6	0	0	0	2	20	94	5	30	32288	976	0	6	0	466,976,978
8600	12496	2	3	6	0	0	0	2	20	94	5	30	32288	976	0	6	0	466,976,978
8600	12512	1	2	7	0	0	0	5	18	222	6	30	32256	960	0	7	0	960,962
8600	12547	2	4	6	0	0	0	5	22	11	3	28	32256	960	0	6	0	960,968,976,984
8600	12549	2	1	6	0	1	2	0	25	3	2	29	32352	473	16386	5	1	550
8600	12550	2	2	6	0	0	0	1	19	94	5	29	32352	984	0	6	0	472,984
8600	12553	2	1	6	0	1	2	0	25	3	2	29	32352	473	16386	5	1	550
8600	12554	2	2	6	0	0	0	1	19	94	5	29	32352	984	0	6	0	472,984
8600	12556	1	1	7	0	2	2	0	22	30	4	30	32352	474	16386	5	2	474
8600	12561	2	1	6	0	1	2	0	25	3	2	29	32352	473	16386	5	1	550
8600	12562	2	2	6	0	0	0	1	19	94	5	29	32352	984	0	6	0	472,984
8600	12564	1	1	7	0	2	2	0	22	30	4	30	32352	474	16386	5	2	474
8600	12568	1	1	7	0	2	2	0	22	30	4	30	32352	474	16386	5	2	474
8600	12577	2	4	6	0	0	0	5	21	75	4	29	32256	960	0	6	0	46,62,960,976
8600	12578	1	1	7	0	0	0	2	17	222	6	29	32320	976	0	7	0	976
8600	12580	2	3	6	0	0	0	2	20	94	5	30	32320	976	0	6	0	466,976,978
8600	12584	2	3	6	0	0	0	2	20	94	5	30	32320	976	0	6	0	466,976,978
8600	12592	2	3	6	0	0	0	2	20	94	5	30	32320	976	0	6	0	466,976,978
8600	12609	2	4	6	0	0	0	5	21	75	4	29	32256	960	0	6	0	46,62,960,976
8600	12610	1	1	7	0	0	0	2	17	222	6	29	32288	976	0	7	0	976
8600	12612	2	3	6	0	0	0	2	20	94	5	30	32288	976	0	6	0	466,976,978
8600	12616	2	3	6	0	0	0	2	20	94	5	30	32288	976	0	6	0	466,976,978
8600	12624	2	3	6	0	0	0	2	20	94	5	30	32288	976	0	6	0	466,976,978
8600	12640	1	2	7	0	0	0	5	18	222	6	30	32256	960	0	7	0	960,962
8600	12673	0	1	8	0	0	0	4	29	0	0	29	32256	960	0	8	0	960
8600	12674	2	4	6	0	0	0	7	21	75	4	29	32256	960	0	6	0	960,976,992,1008
8600	12676	2	5	6	0	0	0	7	26	3	2	30	32256	960	0	6	0	498,960,976,992,1008
8600	12680	2	5	6	0	0	0	7	26	3	2	30	32256	960	0	6	0	498,960,976,992,1008
8600	12688	2	5	6	0	0	0	7	26	3	2	30	32256	960	0	6	0	498,960,976,992,1008
8600	12704	1	2	7	0	0	0	7	22	75	4	30	32256	960	0	7	0	960,992
8600	12736	1	2	7	0	0	0	7	22	75	4	30	32256	960	0	7	0	960,992
8600	12803	2	1	6	0	0	0	1	22	76	3	28	32352	920	0	6	0	920
8600	12805	2	1	6	0	2	2	0	21	77	4	29	32352	409	16386	4	2	614
8600	12806	2	2	6	0	0	0	1	19	94	5	29	32352	920	0	6	0	408,920
8600	12809	2	1	6	0	2	2	0	21	77	4	29	32352	409	16386	4	2	614
8600	12810	2	2	6	0	0	0	1	19	94	5	29	32352	920	0	6	0	408,920
8600	12812	1	1	7	0	3	2	0	18	222	6	30	32352	410	16386	4	3	410
8600	12817	2	1	6	0	2	2	0	21	77	4	29	32352	409	16386	4	2	614
8600	12818	2	2	6	0	0	0	1	19	94	5	29	32352	920	0	6	0	408,920
8600	12820	1	1	7	0	3	2	0	18	222	6	30	32352	410	16386	4	3	410
8600	12824	1	1	7	0	3	2	0	18	222	6	30	32352	410	16386	4	3	410
8600	12833	2	1	6	0	1	1	0	21	77	4	29	32320	913	2	5	1	110
8600	12834	1	1	7	0	0	0	2	21	30	4	29	32320	912	0	7	0	912
8600	12836	2	2	6	0	1	1	0	20	94	5	30	32320	914	2	5	1	402,914
8600	12840	2	2	6	0	1	1	0	20	94	5	30	32320	914	2	5	1	402,914
8600	12848	2	2	6	0	1	1	0	20	94	5	30	32320	914	2	5	1	402,914
8600	12865	2	1	6	0	1	1	0	21	77	4	29	32288	913	2	5	1	110
8600	12866	1	1	7	0	0	0	2	21	30	4	29	32288	912	0	7	0	912
8600	12868	2	2	6	0	1	1	0	20	94	5	30	32288	914	2	5	1	402,914
8600	12872	2	2	6	0	1	1	0	20	94	5	30	32288	914	2	5	1	402,914
8600	12880	2	2	6	0	1	1	0	20	94	5	30	32288	914	2	5	1	402,914
8600	12896	1	1	7	0	1	1	0	22	30	4	30	32256	898	2	6	1	898
8600	12929	2	1	6	0	0	0	2	25	3	2	29	32512	960	0	6	0	960
8600	12930	2	1	6	0	0	0	1	21	77	4	29	32352	944	0	6	0	944
8600	12932	2	1	6	0	1	2	0	22	77	4	30	32352	434	16386	5	1	434
8600	12936	2	1	6	0	1	2	0	22	77	4	30	32352	434	16386	5	1	434
8600	12944	2	1	6	0	1	2	0	22	77	4	30	32352	434	16386	5	1	434
8600	12960	2	2	6	0	0	0	2	22	77	4	30	32320	928	0	6	0	928,930
8600	12992	2	2	6	0	0	0	2	22	77	4	30	32288	928	0	6	0	928,930
8600	13057	2	1	6	0	0	0	2	25	3	2	29	32384	960	0	6	0	960
8600	13058	2	1	6	0	0	0	1	21	77	4	29	32352	944	0	6	0	944
8600	13060	2	1	6	0	1	2	0	22	77	4	30	32352	434	16386	5	1	434
8600	13064	2	1	6	0	1	2	0	22	77	4	30	32352	434	16386	5	1	434
8600	13072	2	1	6	0	1	2	0	22	77	4	30	32352	434	16386	5	1	434
8600	13088	2	2	6	0	0	0	2	22	77	4	30	32320	928	0	6	0	928,930
8600	13120	2	2	6	0	0	0	2	22	77	4	30	32288	928	0	6	0	928,930
8600	13184	2	5	6	0	0	0	7	26	3	2	30	32256	896	0	6	0	126,896,928,960,992
8600	13315	2	1	6	0	0	0	1	22	76	3	28	32352	920	0	6	0	920
8600	13317	2	1	6	0	2	2	0	21	77	4	29	32352	409	16386	4	2	614
8600	13318	2	2	6	0	0	0	1	19	94	5	29	32352	920	0	6	0	408,920
8600	13321	2	1	6	0	2	2	0	21	77	4	29	32352	409	16386	4	2	614
8600	13322	2	2	6	0	0	0	1	19	94	5	29	32352	920	0	6	0	408,920
8600	13324	1	1	7	0	3	2	0	18	222	6	30	32352	410	16386	4	3	410
8600	13329	2	1	6	0	2	2	0	21	77	4	29	32352	409	16386	4	2	614
8600	13330	2	2	6	0	0	0	1	19	94	5	29	32352	920	0	6	0	408,920
8600	13332	1	1	7	0	3	2	0	18	222	6	30	32352	410	16386	4	3	410
8600	13336	1	1	7	0	3	2	0	18	222	6	30	32352	410	16386	4	3	410
8600	13345	2	1	6	0	1	1	0	21	77	4	29	32320	913	2	5	1	110
8600	13346	1	1	7	0	0	0	2	21	30	4	29	32320	912	0	7	0	912
8600	13348	2	2	6	0	1	1	0	20	94	5	30	32320	914	2	5	1	402,914
8600	13352	2	2	6	0	1	1	0	20	94	5	30	32320	914	2	5	1	402,914
8600	13360	2	2	6	0	1	1	0	20	94	5	30	32320	914	2	5	1	402,914
8600	13377	2	1	6	0	1	1	0	21	77	4	29	32288	913	2	5	1	110
8600	13378	1	1	7	0	0	0	2	21	30	4	29	32288	912	0	7	0	912
8600	13380	2	2	6	0	1	1	0	20	94	5	30	32288	914	2	5	1	402,914
8600	13384	2	2	6	0	1	1	0	20	94	5	30	32288	914	2	5	1	402,914
8600	13392	2	2	6	0	1	1	0	20	94	5	30	32288	914	2	5	1	402,914
8600	13408	1	1	7	0	1	1	0	22	30	4	30	32256	898	2	6	1	898
8600	13441	2	1	6	0	0	0	2	25	3	2	29	32512	960	0	6	0	960
8600	13442	2	1	6	0	0	0	1	21	77	4	29	32352	944	0	6	0	944
8600	13444	2	1	6	0	1	2	0	22	77	4	30	32352	434	16386	5	1	434
8600	13448	2	1	6	0	1	2	0	22	77	4	30	32352	434	16386	5	1	434
8600	13456	2	1	6	0	1	2	0	22	77	4	30	32352	434	16386	5	1	434
8600	13472	2	2	6	0	0	0	2	22	77	4	30	32320	928	0	6	0	928,930
8600	13504	2	2	6	0	0	0	2	22	77	4	30	32288	928	0	6	0	928,930
8600	13569	2	1	6	0	0	0	2	25	3	2	29	32384	960	0	6	0	960
8600	13570	2	1	6	0	0	0	1	21	77	4	29	32352	944	0	6	0	944
8600	13572	2	1	6	0	1	2	0	22	77	4	30	32352	434	16386	5	1	434
8600	13576	2	1	6	0	1	2	0	22	77	4	30	32352	434	16386	5	1	434
8600	13584	2	1	6	0	1	2	0	22	77	4	30	32352	434	16386	5	1	434
8600	13600	2	2	6	0	0	0	2	22	77	4	30	32320	928	0	6	0	928,930
8600	13632	2	2	6	0	0	0	2	22	77	4	30	32288	928	0	6	0	928,930
8600	13696	2	5	6	0	0	0	7	26	3	2	30	32256	896	0	6	0	126,896,928,960,992
8600	13825	2	1	6	0	0	0	1	25	3	2	29	32640	960	0	6	0	960
8600	13826	2	1	6	0	0	0	1	25	3	2	29	32352	816	0	6	0	816
8600	13828	2	4	6	0	2	2	0	22	75	4	30	32352	306	16386	4	2	306,310,314,318
8600	13832	2	4	6	0	2	2	0	22	75	4	30	32352	306	16386	4	2	306,310,314,318
8600	13840	2	4	6	0	2	2	0	22	75	4	30	32352	306	16386	4	2	306,310,314,318
8600	13856	2	1	6	0	1	1	0	26	3	2	30	32320	802	2	5	1	802
8600	13888	2	1	6	0	1	1	0	26	3	2	30	32288	802	2	5	1	802
8600	13952	2	1	6	0	1	1	0	26	3	2	30	32512	897	1	5	1	126
8600	14080	2	1	6	0	1	1	0	26	3	2	30	32384	897	1	5	1	126
8600	14339	2	1	6	0	0	0	1	22	76	3	28	32352	920	0	6	0	920
8600	14341	2	1	6	0	2	2	0	21	77	4	29	32352	409	16386	4	2	614
8600	14342	2	2	6	0	0	0	1	19	94	5	29	32352	920	0	6	0	408,920
8600	14345	2	1	6	0	2	2	0	21	77	4	29	32352	409	16386	4	2	614
8600	14346	2	2	6	0	0	0	1	19	94	5	29	32352	920	0	6	0	408,920
8600	14348	1	1	7	0	3	2	0	18	222	6	30	32352	410	16386	4	3	410
8600	14353	2	1	6	0	2	2	0	21	77	4	29	32352	409	16386	4	2	614
8600	14354	2	2	6	0	0	0	1	19	94	5	29	32352	920	0	6	0	408,920
8600	14356	1	1	7	0	3	2	0	18	222	6	30	32352	410	16386	4	3	410
8600	14360	1	1	7	0	3	2	0	18	222	6	30	32352	410	16386	4	3	410
8600	14369	2	1	6	0	1	1	0	21	77	4	29	32320	913	2	5	1	110
8600	14370	1	1	7	0	0	0	2	21	30	4	29	32320	912	0	7	0	912
8600	14372	2	2	6	0	1	1	0	20	94	5	30	32320	914	2	5	1	402,914
8600	14376	2	2	6	0	1	1	0	20	94	5	30	32320	914	2	5	1	402,914
8600	14384	2	2	6	0	1	1	0	20	94	5	30	32320	914	2	5	1	402,914
8600	14401	2	1	6	0	1	1	0	21	77	4	29	32288	913	2	5	1	110
8600	14402	1	1	7	0	0	0	2	21	30	4	29	32288	912	0	7	0	912
8600	14404	2	2	6	0	1	1	0	20	94	5	30	32288	914	2	5	1	402,914
8600	14408	2	2	6	0	1	1	0	20	94	5	30	32288	914	2	5	1	402,914
8600	14416	2	2	6	0	1	1	0	20	94	5	30	32288	914	2	5	1	402,914
8600	14432	1	1	7	0	1	1	0	22	30	4	30	32256	898	2	6	1	898
8600	14465	2	1	6	0	0	0	2	25	3	2	29	32512	960	0	6	0	960
8600	14466	2	1	6	0	0	0	1	21	77	4	29	32352	944	0	6	0	944
8600	14468	2	1	6	0	1	2	0	22	77	4	30	32352	434	16386	5	1	434
8600	14472	2	1	6	0	1	2	0	22	77	4	30	32352	434	16386	5	1	434
8600	14480	2	1	6	0	1	2	0	22	77	4	30	32352	434	16386	5	1	434
8600	14496	2	2	6	0	0	0	2	22	77	4	30	32320	928	0	6	0	928,930
8600	14528	2	2	6	0	0	0	2	22	77	4	30	32288	928	0	6	0	928,930
8600	14593	2	1	6	0	0	0	2	25	3	2	29	32384	960	0	6	0	960
8600	14594	2	1	6	0	0	0	1	21	77	4	29	32352	944	0	6	0	944
8600	14596	2	1	6	0	1	2	0	22	77	4	30	32352	434	16386	5	1	434
8600	14600	2	1	6	0	1	2	0	22	77	4	30	32352	434	16386	5	1	434
8600	14608	2	1	6	0	1	2	0	22	77	4	30	32352	434	16386	5	1	434
8600	14624	2	2	6	0	0	0	2	22	77	4	30	32320	928	0	6	0	928,930
8600	14656	2	2	6	0	0	0	2	22	77	4	30	32288	928	0	6	0	928,930
8600	14720	2	5	6	0	0	0	7	26	3	2	30	32256	896	0	6	0	126,896,928,960,992
8600	14849	2	1	6	0	0	0	1	25	3	2	29	32640	960	0	6	0	960
8600	14850	2	1	6	0	0	0	1	25	3	2	29	32352	816	0	6	0	816
8600	14852	2	4	6	0	2	2	0	22	75	4	30	32352	306	16386	4	2	306,310,314,318
8600	14856	2	4	6	0	2	2	0	22	75	4	30	32352	306	16386	4	2	306,310,314,318
8600	14864	2	4	6	0	2	2	0	22	75	4	30	32352	306	16386	4	2	306,310,314,318
8600	14880	2	1	6	0	1	1	0	26	3	2	30	32320	802	2	5	1	802
8600	14912	2	1	6	0	1	1	0	26	3	2	30	32288	802	2	5	1	802
8600	14976	2	1	6	0	1	1	0	26	3	2	30	32512	897	1	5	1	126
8600	15104	2	1	6	0	1	1	0	26	3	2	30	32384	897	1	5	1	126
8600	15361	2	1	6	0	0	0	1	25	3	2	29	32640	960	0	6	0	960
8600	15362	2	1	6	0	0	0	1	25	3	2	29	32352	816	0	6	0	816
8600	15364	2	4	6	0	2	2	0	22	75	4	30	32352	306	16386	4	2	306,310,314,318
8600	15368	2	4	6	0	2	2	0	22	75	4	30	32352	306	16386	4	2	306,310,314,318
8600	15376	2	4	6	0	2	2	0	22	75	4	30	32352	306	16386	4	2	306,310,314,318
8600	15392	2	1	6	0	1	1	0	26	3	2	30	32320	802	2	5	1	802
8600	15424	2	1	6	0	1	1	0	26	3	2	30	32288	802	2	5	1	802
8600	15488	2	1	6	0	1	1	0	26	3	2	30	32512	897	1	5	1	126
8600	15616	2	1	6	0	1	1	0	26	3	2	30	32384	897	1	5	1	126
8600	15872	0	1	8	0	2	1	0	30	0	0	30	32640	897	1	6	2	126
8600	16399	2	1	6	0	2	2	0	22	11	3	28	32352	230	12288	4	2	230
8600	16407	2	1	6	0	2	2	0	22	11	3	28	32352	230	12288	4	2	230
8600	16411	2	1	6	0	2	2	0	22	11	3	28	32352	230	12288	4	2	230
8600	16413	0	1	8	0	6	3	0	23	11	3	29	32352	231	12290	2	6	792
8600	16414	0	1	8	0	4	2	0	21	75	4	29	32352	230	12288	4	4	230
8600	16423	2	2	6	0	0	0	4	20	77	4	28	32256	992	0	6	0	992,996
8600	16427	2	2	6	0	0	0	4	20	77	4	28	32256	992	0	6	0	992,996
8600	16429	2	1	6	0	2	3	0	21	77	4	29	32320	229	12290	4	2	794
8600	16430	2	4	6	0	0	0	2	21	75	4	29	32320	996	0	6	0	228,484,740,996
8600	16435	2	2	6	0	0	0	4	20	77	4	28	32256	992	0	6	0	992,996
8600	16437	2	1	6	0	2	3	0	21	77	4	29	32320	229	12290	4	2	794
8600	16438	2	4	6	0	0	0	2	21	75	4	29	32320	996	0	6	0	228,484,740,996
8600	16441	2	1	6	0	2	3	0	21	77	4	29	32320	229	12290	4	2	794
8600	16442	2	4	6	0	0	0	2	21	75	4	29	32320	996	0	6	0	228,484,740,996
8600	16444	0	1	8	0	4	3	0	22	75	4	30	32320	230	12290	4	4	230
8600	16455	2	2	6	0	0	0	4	20	77	4	28	32256	992	0	6	0	992,996
8600	16459	2	2	6	0	0	0	4	20	77	4	28	32256	992	0	6	0	992,996
8600	16461	2	1	6	0	2	3	0	21	77	4	29	32288	229	12290	4	2	794
8600	16462	2	4	6	0	0	0	2	21	75	4	29	32288	996	0	6	0	228,484,740,996
8600	16467	2	2	6	0	0	0	4	20	77	4	28	32256	992	0	6	0	992,996
8600	16469	2	1	6	0	2	3	0	21	77	4	29	32288	229	12290	4	2	794
8600	16470	2	4	6	0	0	0	2	21	75	4	29	32288	996	0	6	0	228,484,740,996
8600	16473	2	1	6	0	2	3	0	21	77	4	29	32288	229	12290	4	2	794
8600	16474	2	4	6	0	0	0	2	21	75	4	29	32288	996	0	6	0	228,484,740,996
8600	16476	0	1	8	0	4	3	0	22	75	4	30	32288	230	12290	4	4	230
8600	16483	0	1	8	0	0	0	4	18	94	5	28	32256	992	0	8	0	992
8600	16485	2	2	6	0	0	0	4	19	94	5	29	32256	992	0	6	0	30,992
8600	16486	0	1	8	0	0	0	4	21	75	4	29	32256	992	0	8	0	992
8600	16489	2	2	6	0	0	0	4	19	94	5	29	32256	992	0	6	0	30,992
8600	16490	0	1	8	0	0	0	4	21	75	4	29	32256	992	0	8	0	992
8600	16492	2	5	6	0	0	0	4	22	75	4	30	32256	992	0	6	0	226,482,738,992,994
8600	16497	2	2	6	0	0	0	4	19	94	5	29	32256	992	0	6	0	30,992
8600	16498	0	1	8	0	0	0	4	21	75	4	29	32256	992	0	8	0	992
8600	16500	2	5	6	0	0	0	4	22	75	4	30	32256	992	0	6	0	226,482,738,992,994
8600	16504	2	5	6	0	0	0	4	22	75	4	30	32256	992	0	6	0	226,482,738,992,994
8600	16519	2	1	6	0	0	0	2	22	13	3	28	32256	992	0	6	0	992
8600	16523	2	1	6	0	0	0	2	22	13	3	28	32256	992	0	6	0	992
8600	16525	2	1	6	0	1	3	0	25	3	2	29	32352	237	12290	3	3	786
8600	16526	2	1	6	0	2	2	0	21	77	4	29	32352	236	12288	4	2	236
8600	16531	2	1	6	0	0	0	2	22	13	3	28	32256	992	0	6	0	992
8600	16533	2	1	6	0	1	3	0	25	3	2	29	32352	237	12290	3	3	786
8600	16534	2	1	6	0	2	2	0	21	77	4	29	32352	236	12288	4	2	236
8600	16537	2	1	6	0	1	3	0	25	3	2	29	32352	237	12290	3	3	786
8600	16538	2	1	6	0	2	2	0	21	77	4	29	32352	236	12288	4	2	236
8600	16540	0	1	8	0	5	3	0	24	11	3	30	32352	238	12290	3	5	238
8600	16547	1	1	7	0	0	0	3	18	94	5	28	32256	992	0	7	0	992
8600	16549	2	1	6	0	0	0	3	21	77	4	29	32256	992	0	6	0	992
8600	16550	2	2	6	0	0	0	5	19	94	5	29	32256	992	0	6	0	992,1000
8600	16553	2	1	6	0	0	0	3	21	77	4	29	32256	992	0	6	0	992
8600	16554	2	2	6	0	0	0	5	19	94	5	29	32256	992	0	6	0	992,1000
8600	16556	2	1	6	0	1	3	0	22	77	4	30	32320	234	12290	5	1	234
8600	16561	2	1	6	0	0	0	3	21	77	4	29	32256	992	0	6	0	992
8600	16562	2	2	6	0	0	0	5	19	94	5	29	32256	992	0	6	0	992,1000
8600	16564	2	1	6	0	1	3	0	22	77	4	30	32320	234	12290	5	1	234
8600	16568	2	1	6	0	1	3	0	22	77	4	30	32320	234	12290	5	1	234
8600	16579	1	1	7	0	0	0	3	18	94	5	28	32256	992	0	7	0	992
8600	16581	2	1	6	0	0	0	3	21	77	4	29	32256	992	0	6	0	992
8600	16582	2	2	6	0	0	0	5	19	94	5	29	32256	992	0	6	0	992,1000
8600	16585	2	1	6	0	0	0	3	21	77	4	29	32256	992	0	6	0	992
8600	16586	2	2	6	0	0	0	5	19	94	5	29	32256	992	0	6	0	992,1000
8600	16588	2	1	6	0	1	3	0	22	77	4	30	32288	234	12290	5	1	234
8600	16593	2	1	6	0	0	0	3	21	77	4	29	32256	992	0	6	0	992
8600	16594	2	2	6	0	0	0	5	19	94	5	29	32256	992	0	6	0	992,1000
8600	16596	2	1	6	0	1	3	0	22	77	4	30	32288	234	12290	5	1	234
8600	16600	2	1	6	0	1	3	0	22	77	4	30	32288	234	12290	5	1	234
8600	16609	1	1	7	0	0	0	5	17	222	6	29	32256	992	0	7	0	992
8600	16610	0	1	8	0	0	0	5	17	222	6	29	32256	992	0	8	0	992
8600	16612	1	1	7	0	0	0	5	20	94	5	30	32256	992	0	7	0	992
8600	16616	1	1	7	0	0	0	5	20	94	5	30	32256	992	0	7	0	992
8600	16624	1	1	7	0	0	0	5	20	94	5	30	32256	992	0	7	0	992
8600	16647	2	1	6	0	0	0	2	22	13	3	28	32256	992	0	6	0	992
8600	16651	2	1	6	0	0	0	2	22	13	3	28	32256	992	0	6	0	992
8600	16653	2	1	6	0	1	3	0	25	3	2	29	32352	237	12290	3	3	786
8600	16654	2	1	6	0	2	2	0	21	77	4	29	32352	236	12288	4	2	236
8600	16659	2	1	6	0	0	0	2	22	13	3	28	32256	992	0	6	0	992
8600	16661	2	1	6	0	1	3	0	25	3	2	29	32352	237	12290	3	3	786
8600	16662	2	1	6	0	2	2	0	21	77	4	29	32352	236	12288	4	2	236
8600	16665	2	1	6	0	1	3	0	25	3	2	29	32352	237	12290	3	3	786
8600	16666	2	1	6	0	2	2	0	21	77	4	29	32352	236	12288	4	2	236
8600	16668	0	1	8	0	5	3	0	24	11	3	30	32352	238	12290	3	5	238
8600	16675	1	1	7	0	0	0	3	18	94	5	28	32256	992	0	7	0	992
8600	16677	2	1	6	0	0	0	3	21	77	4	29	32256	992	0	6	0	992
8600	16678	2	2	6	0	0	0	5	19	94	5	29	32256	992	0	6	0	992,1000
8600	16681	2	1	6	0	0	0	3	21	77	4	29	32256	992	0	6	0	992
8600	16682	2	2	6	0	0	0	5	19	94	5	29	32256	992	0	6	0	992,1000
8600	16684	2	1	6	0	1	3	0	22	77	4	30	32320	234	12290	5	1	234
8600	16689	2	1	6	0	0	0	3	21	77	4	29	32256	992	0	6	0	992
8600	16690	2	2	6	0	0	0	5	19	94	5	29	32256	992	0	6	0	992,1000
8600	16692	2	1	6	0	1	3	0	22	77	4	30	32320	234	12290	5	1	234
8600	16696	2	1	6	0	1	3	0	22	77	4	30	32320	234	12290	5	1	234
8600	16707	1	1	7	0	0	0	3	18	94	5	28	32256	992	0	7	0	992
8600	16709	2	1	6	0	0	0	3	21	77	4	29	32256	992	0	6	0	992
8600	16710	2	2	6	0	0	0	5	19	94	5	29	32256	992	0	6	0	992,1000
8600	16713	2	1	6	0	0	0	3	21	77	4	29	32256	992	0	6	0	992
8600	16714	2	2	6	0	0	0	5	19	94	5	29	32256	992	0	6	0	992,1000
8600	16716	2	1	6	0	1	3	0	22	77	4	30	32288	234	12290	5	1	234
8600	16721	2	1	6	0	0	0	3	21	77	4	29	32256	992	0	6	0	992
8600	16722	2	2	6	0	0	0	5	19	94	5	29	32256	992	0	6	0	992,1000
8600	16724	2	1	6	0	1	3	0	22	77	4	30	32288	234	12290	5	1	234
8600	16728	2	1	6	0	1	3	0	22	77	4	30	32288	234	12290	5	1	234
8600	16737	1	1	7	0	0	0	5	17	222	6	29	32256	992	0	7	0	992
8600	16738	0	1	8	0	0	0	5	17	222	6	29	32256	992	0	8	0	992
8600	16740	1	1	7	0	0	0	5	20	94	5	30	32256	992	0	7	0	992
8600	16744	1	1	7	0	0	0	5	20	94	5	30	32256	992	0	7	0	992
8600	16752	1	1	7	0	0	0	5	20	94	5	30	32256	992	0	7	0	992
8600	16771	0	1	8	0	0	0	4	22	11	3	28	32256	992	0	8	0	992
8600	16773	0	1	8	0	0	0	4	27	1	1	29	32256	992	0	8	0	992
8600	16774	2	1	6	0	0	0	4	21	77	4	29	32256	992	0	6	0	992
8600	16777	0	1	8	0	0	0	4	27	1	1	29	32256	992	0	8	0	992
8600	16778	2	1	6	0	0	0	4	21	77	4	29	32256	992	0	6	0	992
8600	16780	2	2	6	0	0	0	4	26	3	2	30	32256	992	0	6	0	250,992
8600	16785	0	1	8	0	0	0	4	27	1	1	29	32256	992	0	8	0	992
8600	16786	2	1	6	0	0	0	4	21	77	4	29	32256	992	0	6	0	992
8600	16788	2	2	6	0	0	0	4	26	3	2	30	32256	992	0	6	0	250,992
8600	16792	2	2	6	0	0	0	4	26	3	2	30	32256	992	0	6	0	250,992
8600	16801	0	1	8	0	0	0	5	21	75	4	29	32256	992	0	8	0	992
8600	16802	1	1	7	0	0	0	5	17	222	6	29	32256	992	0	7	0	992
8600	16804	1	1	7	0	0	0	5	22	77	4	30	32256	992	0	7	0	992
8600	16808	1	1	7	0	0	0	5	22	77	4	30	32256	992	0	7	0	992
8600	16816	1	1	7	0	0	0	5	22	77	4	30	32256	992	0	7	0	992
8600	16833	0	1	8	0	0	0	5	21	75	4	29	32256	992	0	8	0	992
8600	16834	1	1	7	0	0	0	5	17	222	6	29	32256	992	0	7	0	992
8600	16836	1	1	7	0	0	0	5	22	77	4	30	32256	992	0	7	0	992
8600	16840	1	1	7	0	0	0	5	22	77	4	30	32256	992	0	7	0	992
8600	16848	1	1	7	0	0	0	5	22	77	4	30	32256	992	0	7	0	992
8600	16864	0	1	8	0	0	0	7	18	222	6	30	32256	992	0	8	0	992
8600	16903	4	15	4	1	0	0	7	20	86	4	28	32256	960	0	4	0	204,206,460,716,816,818,880,944,960,964,968,972,976,992,1008
8600	16907	4	15	4	1	0	0	7	20	86	4	28	32256	960	0	4	0	204,206,460,716,816,818,880,944,960,964,968,972,976,992,1008
8600	16909	2	2	6	0	2	2	0	19	94	5	29	32640	816	3072	4	2	816,818
8600	16910	2	2	6	0	2	2	0	19	94	5	29	32352	204	12288	4	2	204,206
8600	16915	4	15	4	1	0	0	7	20	86	4	28	32256	960	0	4	0	204,206,460,716,816,818,880,944,960,964,968,972,976,992,1008
8600	16917	2	2	6	0	2	2	0	19	94	5	29	32640	816	3072	4	2	816,818
8600	16918	2	2	6	0	2	2	0	19	94	5	29	32352	204	12288	4	2	204,206
8600	16921	2	2	6	0	2	2	0	19	94	5	29	32640	816	3072	4	2	816,818
8600	16922	2	2	6	0	2	2	0	19	94	5	29	32352	204	12288	4	2	204,206
8600	16924	0	1	8	0	6	3	0	18	222	6	30	32352	206	12290	2	6	206
8600	16931	2	2	6	0	0	0	4	20	86	4	28	32256	960	0	6	0	960,968
8600	16933	4	15	4	1	0	0	7	21	236	5	29	32256	960	0	4	0	54,62,310,566,816,818,820,822,880,944,960,968,976,992,1008
8600	16934	2	1	6	0	0	0	2	21	77	4	29	32320	968	0	6	0	968
8600	16937	4	15	4	1	0	0	7	21	236	5	29	32256	960	0	4	0	54,62,310,566,816,818,820,822,880,944,960,968,976,992,1008
8600	16938	2	1	6	0	0	0	2	21	77	4	29	32320	968	0	6	0	968
8600	16940	2	2	6	0	2	3	0	20	94	5	30	32320	202	12290	4	2	202,206
8600	16945	4	15	4	1	0	0	7	21	236	5	29	32256	960	0	4	0	54,62,310,566,816,818,820,822,880,944,960,968,976,992,1008
8600	16946	2	1	6	0	0	0	2	21	77	4	29	32320	968	0	6	0	968
8600	16948	2	2	6	0	2	3	0	20	94	5	30	32320	202	12290	4	2	202,206
8600	16952	2	2	6	0	2	3	0	20	94	5	30	32320	202	12290	4	2	202,206
8600	16963	2	2	6	0	0	0	4	20	86	4	28	32256	960	0	6	0	960,968
8600	16965	4	15	4	1	0	0	7	21	236	5	29	32256	960	0	4	0	54,62,310,566,816,818,820,822,880,944,960,968,976,992,1008
8600	16966	2	1	6	0	0	0	2	21	77	4	29	32288	968	0	6	0	968
8600	16969	4	15	4	1	0	0	7	21	236	5	29	32256	960	0	4	0	54,62,310,566,816,818,820,822,880,944,960,968,976,992,1008
8600	16970	2	1	6	0	0	0	2	21	77	4	29	32288	968	0	6	0	968
8600	16972	2	2	6	0	2	3	0	20	94	5	30	32288	202	12290	4	2	202,206
8600	16977	4	15	4	1	0	0	7	21	236	5	29	32256	960	0	4	0	54,62,310,566,816,818,820,822,880,944,960,968,976,992,1008
8600	16978	2	1	6	0	0	0	2	21	77	4	29	32288	968	0	6	0	968
8600	16980	2	2	6	0	2	3	0	20	94	5	30	32288	202	12290	4	2	202,206
8600	16984	2	2	6	0	2	3	0	20	94	5	30	32288	202	12290	4	2	202,206
8600	16993	2	2	6	0	0	0	4	19	94	5	29	32256	960	0	6	0	62,960
8600	16994	0	1	8	0	0	0	4	23	11	3	29	32256	960	0	8	0	960
8600	16996	2	2	6	0	0	0	4	22	77	4	30	32256	960	0	6	0	960,962
8600	17000	2	2	6	0	0	0	4	22	77	4	30	32256	960	0	6	0	960,962
8600	17008	2	2	6	0	0	0	4	22	77	4	30	32256	960	0	6	0	960,962
8600	17027	2	2	6	0	0	0	4	20	86	4	28	32256	960	0	6	0	960,992
8600	17029	2	1	6	0	0	0	2	21	77	4	29	32512	992	0	6	0	992
8600	17030	4	15	4	1	0	0	7	21	236	5	29	32256	960	0	4	0	30,62,94,158,216,218,220,222,472,728,960,968,976,984,992
8600	17033	2	1	6	0	0	0	2	21	77	4	29	32512	992	0	6	0	992
8600	17034	4	15	4	1	0	0	7	21	236	5	29	32256	960	0	4	0	30,62,94,158,216,218,220,222,472,728,960,968,976,984,992
8600	17036	2	2	6	0	2	3	0	20	94	5	30	32352	218	12290	3	3	218,222
8600	17041	2	1	6	0	0	0	2	21	77	4	29	32512	992	0	6	0	992
8600	17042	4	15	4	1	0	0	7	21	236	5	29	32256	960	0	4	0	30,62,94,158,216,218,220,222,472,728,960,968,976,984,992
8600	17044	2	2	6	0	2	3	0	20	94	5	30	32352	218	12290	3	3	218,222
8600	17048	2	2	6	0	2	3	0	20	94	5	30	32352	218	12290	3	3	218,222
8600	17057	2	2	6	0	0	0	5	19	94	5	29	32256	960	0	6	0	960,992
8600	17058	2	2	6	0	0	0	5	19	94	5	29	32256	960	0	6	0	960,976
8600	17060	3	3	5	1	0	0	7	22	236	5	30	32256	960	0	5	0	960,976,992
8600	17064	3	3	5	1	0	0	7	22	236	5	30	32256	960	0	5	0	960,976,992
8600	17072	3	3	5	1	0	0	7	22	236	5	30	32256	960	0	5	0	960,976,992
8600	17089	2	2	6	0	0	0	5	19	94	5	29	32256	960	0	6	0	960,992
8600	17090	2	2	6	0	0	0	5	19	94	5	29	32256	960	0	6	0	960,976
8600	17092	3	3	5	1	0	0	7	22	236	5	30	32256	960	0	5	0	960,976,992
8600	17096	3	3	5	1	0	0	7	22	236	5	30	32256	960	0	5	0	960,976,992
8600	17104	3	3	5	1	0	0	7	22	236	5	30	32256	960	0	5	0	960,976,992
8600	17120	1	1	7	0	0	0	5	20	94	5	30	32256	960	0	7	0	960
8600	17155	2	2	6	0	0	0	4	20	86	4	28	32256	960	0	6	0	960,992
8600	17157	2	1	6	0	0	0	2	21	77	4	29	32384	992	0	6	0	992
8600	17158	4	15	4	1	0	0	7	21	236	5	29	32256	960	0	4	0	30,62,94,158,216,218,220,222,472,728,960,968,976,984,992
8600	17161	2	1	6	0	0	0	2	21	77	4	29	32384	992	0	6	0	992
8600	17162	4	15	4	1	0	0	7	21	236	5	29	32256	960	0	4	0	30,62,94,158,216,218,220,222,472,728,960,968,976,984,992
8600	17164	2	2	6	0	2	3	0	20	94	5	30	32352	218	12290	3	3	218,222
8600	17169	2	1	6	0	0	0	2	21	77	4	29	32384	992	0	6	0	992
8600	17170	4	15	4	1	0	0	7	21	236	5	29	32256	960	0	4	0	30,62,94,158,216,218,220,222,472,728,960,968,976,984,992
8600	17172	2	2	6	0	2	3	0	20	94	5	30	32352	218	12290	3	3	218,222
8600	17176	2	2	6	0	2	3	0	20	94	5	30	32352	218	12290	3	3	218,222
8600	17185	2	2	6	0	0	0	5	19	94	5	29	32256	960	0	6	0	960,992
8600	17186	2	2	6	0	0	0	5	19	94	5	29	32256	960	0	6	0	960,976
8600	17188	3	3	5	1	0	0	7	22	236	5	30	32256	960	0	5	0	960,976,992
8600	17192	3	3	5	1	0	0	7	22	236	5	30	32256	960	0	5	0	960,976,992
8600	17200	3	3	5	1	0	0	7	22	236	5	30	32256	960	0	5	0	960,976,992
8600	17217	2	2	6	0	0	0	5	19	94	5	29	32256	960	0	6	0	960,992
8600	17218	2	2	6	0	0	0	5	19	94	5	29	32256	960	0	6	0	960,976
8600	17220	3	3	5	1	0	0	7	22	236	5	30	32256	960	0	5	0	960,976,992
8600	17224	3	3	5	1	0	0	7	22	236	5	30	32256	960	0	5	0	960,976,992
8600	17232	3	3	5	1	0	0	7	22	236	5	30	32256	960	0	5	0	960,976,992
8600	17248	1	1	7	0	0	0	5	20	94	5	30	32256	960	0	7	0	960
8600	17281	0	1	8	0	0	0	4	23	11	3	29	32256	960	0	8	0	960
8600	17282	2	2	6	0	0	0	4	19	94	5	29	32256	960	0	6	0	62,960
8600	17284	2	2	6	0	0	0	4	22	77	4	30	32256	960	0	6	0	62,960
8600	17288	2	2	6	0	0	0	4	22	77	4	30	32256	960	0	6	0	62,960
8600	17296	2	2	6	0	0	0	4	22	77	4	30	32256	960	0	6	0	62,960
8600	17312	1	1	7	0	0	0	5	20	94	5	30	32256	960	0	7	0	960
8600	17344	1	1	7	0	0	0	5	20	94	5	30	32256	960	0	7	0	960
8600	17415	4	15	4	1	0	0	7	20	86	4	28	32256	960	0	4	0	204,206,460,716,816,818,880,944,960,964,968,972,976,992,1008
8600	17419	4	15	4	1	0	0	7	20	86	4	28	32256	960	0	4	0	204,206,460,716,816,818,880,944,960,964,968,972,976,992,1008
8600	17421	2	2	6	0	2	2	0	19	94	5	29	32640	816	2560	4	2	816,818
8600	17422	2	2	6	0	2	2	0	19	94	5	29	32352	204	12288	4	2	204,206
8600	17427	4	15	4	1	0	0	7	20	86	4	28	32256	960	0	4	0	204,206,460,716,816,818,880,944,960,964,968,972,976,992,1008
8600	17429	2	2	6	0	2	2	0	19	94	5	29	32640	816	2560	4	2	816,818
8600	17430	2	2	6	0	2	2	0	19	94	5	29	32352	204	12288	4	2	204,206
8600	17433	2	2	6	0	2	2	0	19	94	5	29	32640	816	2560	4	2	816,818
8600	17434	2	2	6	0	2	2	0	19	94	5	29	32352	204	12288	4	2	204,206
8600	17436	0	1	8	0	6	3	0	18	222	6	30	32352	206	12290	2	6	206
8600	17443	2	2	6	0	0	0	4	20	86	4	28	32256	960	0	6	0	960,968
8600	17445	4	15	4	1	0	0	7	21	236	5	29	32256	960	0	4	0	54,62,310,566,816,818,820,822,880,944,960,968,976,992,1008
8600	17446	2	1	6	0	0	0	2	21	77	4	29	32320	968	0	6	0	968
8600	17449	4	15	4	1	0	0	7	21	236	5	29	32256	960	0	4	0	54,62,310,566,816,818,820,822,880,944,960,968,976,992,1008
8600	17450	2	1	6	0	0	0	2	21	77	4	29	32320	968	0	6	0	968
8600	17452	2	2	6	0	2	3	0	20	94	5	30	32320	202	12290	4	2	202,206
8600	17457	4	15	4	1	0	0	7	21	236	5	29	32256	960	0	4	0	54,62,310,566,816,818,820,822,880,944,960,968,976,992,1008
8600	17458	2	1	6	0	0	0	2	21	77	4	29	32320	968	0	6	0	968
8600	17460	2	2	6	0	2	3	0	20	94	5	30	32320	202	12290	4	2	202,206
8600	17464	2	2	6	0	2	3	0	20	94	5	30	32320	202	12290	4	2	202,206
8600	17475	2	2	6	0	0	0	4	20	86	4	28	32256	960	0	6	0	960,968
8600	17477	4	15	4	1	0	0	7	21	236	5	29	32256	960	0	4	0	54,62,310,566,816,818,820,822,880,944,960,968,976,992,1008
8600	17478	2	1	6	0	0	0	2	21	77	4	29	32288	968	0	6	0	968
8600	17481	4	15	4	1	0	0	7	21	236	5	29	32256	960	0	4	0	54,62,310,566,816,818,820,822,880,944,960,968,976,992,1008
8600	17482	2	1	6	0	0	0	2	21	77	4	29	32288	968	0	6	0	968
8600	17484	2	2	6	0	2	3	0	20	94	5	30	32288	202	12290	4	2	202,206
8600	17489	4	15	4	1	0	0	7	21	236	5	29	32256	960	0	4	0	54,62,310,566,816,818,820,822,880,944,960,968,976,992,1008
8600	17490	2	1	6	0	0	0	2	21	77	4	29	32288	968	0	6	0	968
8600	17492	2	2	6	0	2	3	0	20	94	5	30	32288	202	12290	4	2	202,206
8600	17496	2	2	6	0	2	3	0	20	94	5	30	32288	202	12290	4	2	202,206
8600	17505	2	2	6	0	0	0	4	19	94	5	29	32256	960	0	6	0	62,960
8600	17506	0	1	8	0	0	0	4	23	11	3	29	32256	960	0	8	0	960
8600	17508	2	2	6	0	0	0	4	22	77	4	30	32256	960	0	6	0	960,962
8600	17512	2	2	6	0	0	0	4	22	77	4	30	32256	960	0	6	0	960,962
8600	17520	2	2	6	0	0	0	4	22	77	4	30	32256	960	0	6	0	960,962
8600	17539	2	2	6	0	0	0	4	20	86	4	28	32256	960	0	6	0	960,992
8600	17541	2	1	6	0	0	0	2	21	77	4	29	32512	992	0	6	0	992
8600	17542	4	15	4	1	0	0	7	21	236	5	29	32256	960	0	4	0	30,62,94,158,216,218,220,222,472,728,960,968,976,984,992
8600	17545	2	1	6	0	0	0	2	21	77	4	29	32512	992	0	6	0	992
8600	17546	4	15	4	1	0	0	7	21	236	5	29	32256	960	0	4	0	30,62,94,158,216,218,220,222,472,728,960,968,976,984,992
8600	17548	2	2	6	0	2	3	0	20	94	5	30	32352	218	12290	3	3	218,222
8600	17553	2	1	6	0	0	0	2	21	77	4	29	32512	992	0	6	0	992
8600	17554	4	15	4	1	0	0	7	21	236	5	29	32256	960	0	4	0	30,62,94,158,216,218,220,222,472,728,960,968,976,984,992
8600	17556	2	2	6	0	2	3	0	20	94	5	30	32352	218	12290	3	3	218,222
8600	17560	2	2	6	0	2	3	0	20	94	5	30	32352	218	12290	3	3	218,222
8600	17569	2	2	6	0	0	0	5	19	94	5	29	32256	960	0	6	0	960,992
8600	17570	2	2	6	0	0	0	5	19	94	5	29	32256	960	0	6	0	960,976
8600	17572	3	3	5	1	0	0	7	22	236	5	30	32256	960	0	5	0	960,976,992
8600	17576	3	3	5	1	0	0	7	22	236	5	30	32256	960	0	5	0	960,976,992
8600	17584	3	3	5	1	0	0	7	22	236	5	30	32256	960	0	5	0	960,976,992
8600	17601	2	2	6	0	0	0	5	19	94	5	29	32256	960	0	6	0	960,992
8600	17602	2	2	6	0	0	0	5	19	94	5	29	32256	960	0	6	0	960,976
8600	17604	3	3	5	1	0	0	7	22	236	5	30	32256	960	0	5	0	960,976,992
8600	17608	3	3	5	1	0	0	7	22	236	5	30	32256	960	0	5	0	960,976,992
8600	17616	3	3	5	1	0	0	7	22	236	5	30	32256	960	0	5	0	960,976,992
8600	17632	1	1	7	0	0	0	5	20	94	5	30	32256	960	0	7	0	960
8600	17667	2	2	6	0	0	0	4	20	86	4	28	32256	960	0	6	0	960,992
8600	17669	2	1	6	0	0	0	2	21	77	4	29	32384	992	0	6	0	992
8600	17670	4	15	4	1	0	0	7	21	236	5	29	32256	960	0	4	0	30,62,94,158,216,218,220,222,472,728,960,968,976,984,992
8600	17673	2	1	6	0	0	0	2	21	77	4	29	32384	992	0	6	0	992
8600	17674	4	15	4	1	0	0	7	21	236	5	29	32256	960	0	4	0	30,62,94,158,216,218,220,222,472,728,960,968,976,984,992
8600	17676	2	2	6	0	2	3	0	20	94	5	30	32352	218	12290	3	3	218,222
8600	17681	2	1	6	0	0	0	2	21	77	4	29	32384	992	0	6	0	992
8600	17682	4	15	4	1	0	0	7	21	236	5	29	32256	960	0	4	0	30,62,94,158,216,218,220,222,472,728,960,968,976,984,992
8600	17684	2	2	6	0	2	3	0	20	94	5	30	32352	218	12290	3	3	218,222
8600	17688	2	2	6	0	2	3	0	20	94	5	30	32352	218	12290	3	3	218,222
8600	17697	2	2	6	0	0	0	5	19	94	5	29	32256	960	0	6	0	960,992
8600	17698	2	2	6	0	0	0	5	19	94	5	29	32256	960	0	6	0	960,976
8600	17700	3	3	5	1	0	0	7	22	236	5	30	32256	960	0	5	0	960,976,992
8600	17704	3	3	5	1	0	0	7	22	236	5	30	32256	960	0	5	0	960,976,992
8600	17712	3	3	5	1	0	0	7	22	236	5	30	32256	960	0	5	0	960,976,992
8600	17729	2	2	6	0	0	0	5	19	94	5	29	32256	960	0	6	0	960,992
8600	17730	2	2	6	0	0	0	5	19	94	5	29	32256	960	0	6	0	960,976
8600	17732	3	3	5	1	0	0	7	22	236	5	30	32256	960	0	5	0	960,976,992
8600	17736	3	3	5	1	0	0	7	22	236	5	30	32256	960	0	5	0	960,976,992
8600	17744	3	3	5	1	0	0	7	22	236	5	30	32256	960	0	5	0	960,976,992
8600	17760	1	1	7	0	0	0	5	20	94	5	30	32256	960	0	7	0	960
8600	17793	0	1	8	0	0	0	4	23	11	3	29	32256	960	0	8	0	960
8600	17794	2	2	6	0	0	0	4	19	94	5	29	32256	960	0	6	0	62,960
8600	17796	2	2	6	0	0	0	4	22	77	4	30	32256	960	0	6	0	62,960
8600	17800	2	2	6	0	0	0	4	22	77	4	30	32256	960	0	6	0	62,960
8600	17808	2	2	6	0	0	0	4	22	77	4	30	32256	960	0	6	0	62,960
8600	17824	1	1	7	0	0	0	5	20	94	5	30	32256	960	0	7	0	960
8600	17856	1	1	7	0	0	0	5	20	94	5	30	32256	960	0	7	0	960
8600	17923	2	1	6	0	0	0	1	22	76	3	28	32640	992	0	6	0	992
8600	17925	2	2	6	0	0	0	1	19	94	5	29	32640	992	0	6	0	864,992
8600	17926	2	1	6	0	2	2	0	21	77	4	29	32640	865	2049	4	2	158
8600	17929	2	2	6	0	0	0	1	19	94	5	29	32640	992	0	6	0	864,992
8600	17930	2	1	6	0	2	2	0	21	77	4	29	32640	865	2049	4	2	158
8600	17932	1	1	7	0	3	2	0	18	222	6	30	32640	865	2049	4	3	158
8600	17937	2	2	6	0	0	0	1	19	94	5	29	32640	992	0	6	0	864,992
8600	17938	2	1	6	0	2	2	0	21	77	4	29	32640	865	2049	4	2	158
8600	17940	1	1	7	0	3	2	0	18	222	6	30	32640	865	2049	4	3	158
8600	17944	1	1	7	0	3	2	0	18	222	6	30	32640	865	2049	4	3	158
8600	17953	2	1	6	0	0	0	1	21	77	4	29	32640	992	0	6	0	992
8600	17954	2	1	6	0	0	0	2	25	3	2	29	32320	912	0	6	0	912
8600	17956	2	1	6	0	1	2	0	22	77	4	30	32640	865	2049	5	1	158
8600	17960	2	1	6	0	1	2	0	22	77	4	30	32640	865	2049	5	1	158
8600	17968	2	1	6	0	1	2	0	22	77	4	30	32640	865	2049	5	1	158
8600	17985	2	1	6	0	0	0	1	21	77	4	29	32640	992	0	6	0	992
8600	17986	2	1	6	0	0	0	2	25	3	2	29	32288	912	0	6	0	912
8600	17988	2	1	6	0	1	2	0	22	77	4	30	32640	865	2049	5	1	158
8600	17992	2	1	6	0	1	2	0	22	77	4	30	32640	865	2049	5	1	158
8600	18000	2	1	6	0	1	2	0	22	77	4	30	32640	865	2049	5	1	158
8600	18016	2	5	6	0	0	0	7	26	3	2	30	32256	896	0	6	0	896,898,928,960,992
8600	18049	1	1	7	0	0	0	2	21	30	4	29	32512	960	0	7	0	960
8600	18050	2	1	6	0	1	1	0	21	77	4	29	32512	961	1	5	1	62
8600	18052	2	2	6	0	1	1	0	20	94	5	30	32512	961	1	5	1	62,190
8600	18056	2	2	6	0	1	1	0	20	94	5	30	32512	961	1	5	1	62,190
8600	18064	2	2	6	0	1	1	0	20	94	5	30	32512	961	1	5	1	62,190
8600	18080	2	2	6	0	0	0	2	22	77	4	30	32512	960	0	6	0	62,960
8600	18112	2	2	6	0	0	0	2	22	77	4	30	32512	960	0	6	0	62,960
8600	18177	1	1	7	0	0	0	2	21	30	4	29	32384	960	0	7	0	960
8600	18178	2	1	6	0	1	1	0	21	77	4	29	32384	961	1	5	1	62
8600	18180	2	2	6	0	1	1	0	20	94	5	30	32384	961	1	5	1	62,190
8600	18184	2	2	6	0	1	1	0	20	94	5	30	32384	961	1	5	1	62,190
8600	18192	2	2	6	0	1	1	0	20	94	5	30	32384	961	1	5	1	62,190
8600	18208	2	2	6	0	0	0	2	22	77	4	30	32384	960	0	6	0	62,960
8600	18240	2	2	6	0	0	0	2	22	77	4	30	32384	960	0	6	0	62,960
8600	18304	1	1	7	0	1	1	0	22	30	4	30	32256	897	1	6	1	126
8600	18439	4	15	4	1	0	0	7	20	86	4	28	32256	960	0	4	0	204,206,460,716,816,818,880,944,960,964,968,972,976,992,1008
8600	18443	4	15	4	1	0	0	7	20	86	4	28	32256	960	0	4	0	204,206,460,716,816,818,880,944,960,964,968,972,976,992,1008
8600	18445	2	2	6	0	2	2	0	19	94	5	29	32640	816	1536	4	2	816,818
8600	18446	2	2	6	0	2	2	0	19	94	5	29	32352	204	12288	4	2	204,206
8600	18451	4	15	4	1	0	0	7	20	86	4	28	32256	960	0	4	0	204,206,460,716,816,818,880,944,960,964,968,972,976,992,1008
8600	18453	2	2	6	0	2	2	0	19	94	5	29	32640	816	1536	4	2	816,818
8600	18454	2	2	6	0	2	2	0	19	94	5	29	32352	204	12288	4	2	204,206
8600	18457	2	2	6	0	2	2	0	19	94	5	29	32640	816	1536	4	2	816,818
8600	18458	2	2	6	0	2	2	0	19	94	5	29	32352	204	12288	4	2	204,206
8600	18460	0	1	8	0	6	3	0	18	222	6	30	32352	206	12290	2	6	206
8600	18467	2	2	6	0	0	0	4	20	86	4	28	32256	960	0	6	0	960,968
8600	18469	4	15	4	1	0	0	7	21	236	5	29	32256	960	0	4	0	54,62,310,566,816,818,820,822,880,944,960,968,976,992,1008
8600	18470	2	1	6	0	0	0	2	21	77	4	29	32320	968	0	6	0	968
8600	18473	4	15	4	1	0	0	7	21	236	5	29	32256	960	0	4	0	54,62,310,566,816,818,820,822,880,944,960,968,976,992,1008
8600	18474	2	1	6	0	0	0	2	21	77	4	29	32320	968	0	6	0	968
8600	18476	2	2	6	0	2	3	0	20	94	5	30	32320	202	12290	4	2	202,206
8600	18481	4	15	4	1	0	0	7	21	236	5	29	32256	960	0	4	0	54,62,310,566,816,818,820,822,880,944,960,968,976,992,1008
8600	18482	2	1	6	0	0	0	2	21	77	4	29	32320	968	0	6	0	968
8600	18484	2	2	6	0	2	3	0	20	94	5	30	32320	202	12290	4	2	202,206
8600	18488	2	2	6	0	2	3	0	20	94	5	30	32320	202	12290	4	2	202,206
8600	18499	2	2	6	0	0	0	4	20	86	4	28	32256	960	0	6	0	960,968
8600	18501	4	15	4	1	0	0	7	21	236	5	29	32256	960	0	4	0	54,62,310,566,816,818,820,822,880,944,960,968,976,992,1008
8600	18502	2	1	6	0	0	0	2	21	77	4	29	32288	968	0	6	0	968
8600	18505	4	15	4	1	0	0	7	21	236	5	29	32256	960	0	4	0	54,62,310,566,816,818,820,822,880,944,960,968,976,992,1008
8600	18506	2	1	6	0	0	0	2	21	77	4	29	32288	968	0	6	0	968
8600	18508	2	2	6	0	2	3	0	20	94	5	30	32288	202	12290	4	2	202,206
8600	18513	4	15	4	1	0	0	7	21	236	5	29	32256	960	0	4	0	54,62,310,566,816,818,820,822,880,944,960,968,976,992,1008
8600	18514	2	1	6	0	0	0	2	21	77	4	29	32288	968	0	6	0	968
8600	18516	2	2	6	0	2	3	0	20	94	5	30	32288	202	12290	4	2	202,206
8600	18520	2	2	6	0	2	3	0	20	94	5	30	32288	202	12290	4	2	202,206
8600	18529	2	2	6	0	0	0	4	19	94	5	29	32256	960	0	6	0	62,960
8600	18530	0	1	8	0	0	0	4	23	11	3	29	32256	960	0	8	0	960
8600	18532	2	2	6	0	0	0	4	22	77	4	30	32256	960	0	6	0	960,962
8600	18536	2	2	6	0	0	0	4	22	77	4	30	32256	960	0	6	0	960,962
8600	18544	2	2	6	0	0	0	4	22	77	4	30	32256	960	0	6	0	960,962
8600	18563	2	2	6	0	0	0	4	20	86	4	28	32256	960	0	6	0	960,992
8600	18565	2	1	6	0	0	0	2	21	77	4	29	32512	992	0	6	0	992
8600	18566	4	15	4	1	0	0	7	21	236	5	29	32256	960	0	4	0	30,62,94,158,216,218,220,222,472,728,960,968,976,984,992
8600	18569	2	1	6	0	0	0	2	21	77	4	29	32512	992	0	6	0	992
8600	18570	4	15	4	1	0	0	7	21	236	5	29	32256	960	0	4	0	30,62,94,158,216,218,220,222,472,728,960,968,976,984,992
8600	18572	2	2	6	0	2	3	0	20	94	5	30	32352	218	12290	3	3	218,222
8600	18577	2	1	6	0	0	0	2	21	77	4	29	32512	992	0	6	0	992
8600	18578	4	15	4	1	0	0	7	21	236	5	29	32256	960	0	4	0	30,62,94,158,216,218,220,222,472,728,960,968,976,984,992
8600	18580	2	2	6	0	2	3	0	20	94	5	30	32352	218	12290	3	3	218,222
8600	18584	2	2	6	0	2	3	0	20	94	5	30	32352	218	12290	3	3	218,222
8600	18593	2	2	6	0	0	0	5	19	94	5	29	32256	960	0	6	0	960,992
8600	18594	2	2	6	0	0	0	5	19	94	5	29	32256	960	0	6	0	960,976
8600	18596	3	3	5	1	0	0	7	22	236	5	30	32256	960	0	5	0	960,976,992
8600	18600	3	3	5	1	0	0	7	22	236	5	30	32256	960	0	5	0	960,976,992
8600	18608	3	3	5	1	0	0	7	22	236	5	30	32256	960	0	5	0	960,976,992
8600	18625	2	2	6	0	0	0	5	19	94	5	29	32256	960	0	6	0	960,992
8600	18626	2	2	6	0	0	0	5	19	94	5	29	32256	960	0	6	0	960,976
8600	18628	3	3	5	1	0	0	7	22	236	5	30	32256	960	0	5	0	960,976,992
8600	18632	3	3	5	1	0	0	7	22	236	5	30	32256	960	0	5	0	960,976,992
8600	18640	3	3	5	1	0	0	7	22	236	5	30	32256	960	0	5	0	960,976,992
8600	18656	1	1	7	0	0	0	5	20	94	5	30	32256	960	0	7	0	960
8600	18691	2	2	6	0	0	0	4	20	86	4	28	32256	960	0	6	0	960,992
8600	18693	2	1	6	0	0	0	2	21	77	4	29	32384	992	0	6	0	992
8600	18694	4	15	4	1	0	0	7	21	236	5	29	32256	960	0	4	0	30,62,94,158,216,218,220,222,472,728,960,968,976,984,992
8600	18697	2	1	6	0	0	0	2	21	77	4	29	32384	992	0	6	0	992
8600	18698	4	15	4	1	0	0	7	21	236	5	29	32256	960	0	4	0	30,62,94,158,216,218,220,222,472,728,960,968,976,984,992
8600	18700	2	2	6	0	2	3	0	20	94	5	30	32352	218	12290	3	3	218,222
8600	18705	2	1	6	0	0	0	2	21	77	4	29	32384	992	0	6	0	992
8600	18706	4	15	4	1	0	0	7	21	236	5	29	32256	960	0	4	0	30,62,94,158,216,218,220,222,472,728,960,968,976,984,992
8600	18708	2	2	6	0	2	3	0	20	94	5	30	32352	218	12290	3	3	218,222
8600	18712	2	2	6	0	2	3	0	20	94	5	30	32352	218	12290	3	3	218,222
8600	18721	2	2	6	0	0	0	5	19	94	5	29	32256	960	0	6	0	960,992
8600	18722	2	2	6	0	0	0	5	19	94	5	29	32256	960	0	6	0	960,976
8600	18724	3	3	5	1	0	0	7	22	236	5	30	32256	960	0	5	0	960,976,992
8600	18728	3	3	5	1	0	0	7	22	236	5	30	32256	960	0	5	0	960,976,992
8600	18736	3	3	5	1	0	0	7	22	236	5	30	32256	960	0	5	0	960,976,992
8600	18753	2	2	6	0	0	0	5	19	94	5	29	32256	960	0	6	0	960,992
8600	18754	2	2	6	0	0	0	5	19	94	5	29	32256	960	0	6	0	960,976
8600	18756	3	3	5	1	0	0	7	22	236	5	30	32256	960	0	5	0	960,976,992
8600	18760	3	3	5	1	0	0	7	22	236	5	30	32256	960	0	5	0	960,976,992
8600	18768	3	3	5	1	0	0	7	22	236	5	30	32256	960	0	5	0	960,976,992
8600	18784	1	1	7	0	0	0	5	20	94	5	30	32256	960	0	7	0	960
8600	18817	0	1	8	0	0	0	4	23	11	3	29	32256	960	0	8	0	960
8600	18818	2	2	6	0	0	0	4	19	94	5	29	32256	960	0	6	0	62,960
8600	18820	2	2	6	0	0	0	4	22	77	4	30	32256	960	0	6	0	62,960
8600	18824	2	2	6	0	0	0	4	22	77	4	30	32256	960	0	6	0	62,960
8600	18832	2	2	6	0	0	0	4	22	77	4	30	32256	960	0	6	0	62,960
8600	18848	1	1	7	0	0	0	5	20	94	5	30	32256	960	0	7	0	960
8600	18880	1	1	7	0	0	0	5	20	94	5	30	32256	960	0	7	0	960
8600	18947	2	1	6	0	0	0	1	22	76	3	28	32640	992	0	6	0	992
8600	18949	2	2	6	0	0	0	1	19	94	5	29	32640	992	0	6	0	864,992
8600	18950	2	1	6	0	2	2	0	21	77	4	29	32640	865	1025	4	2	158
8600	18953	2	2	6	0	0	0	1	19	94	5	29	32640	992	0	6	0	864,992
8600	18954	2	1	6	0	2	2	0	21	77	4	29	32640	865	1025	4	2	158
8600	18956	1	1	7	0	3	2	0	18	222	6	30	32640	865	1025	4	3	158
8600	18961	2	2	6	0	0	0	1	19	94	5	29	32640	992	0	6	0	864,992
8600	18962	2	1	6	0	2	2	0	21	77	4	29	32640	865	1025	4	2	158
8600	18964	1	1	7	0	3	2	0	18	222	6	30	32640	865	1025	4	3	158
8600	18968	1	1	7	0	3	2	0	18	222	6	30	32640	865	1025	4	3	158
8600	18977	2	1	6	0	0	0	1	21	77	4	29	32640	992	0	6	0	992
8600	18978	2	1	6	0	0	0	2	25	3	2	29	32320	912	0	6	0	912
8600	18980	2	1	6	0	1	2	0	22	77	4	30	32640	865	1025	5	1	158
8600	18984	2	1	6	0	1	2	0	22	77	4	30	32640	865	1025	5	1	158
8600	18992	2	1	6	0	1	2	0	22	77	4	30	32640	865	1025	5	1	158
8600	19009	2	1	6	0	0	0	1	21	77	4	29	32640	992	0	6	0	992
8600	19010	2	1	6	0	0	0	2	25	3	2	29	32288	912	0	6	0	912
8600	19012	2	1	6	0	1	2	0	22	77	4	30	32640	865	1025	5	1	158
8600	19016	2	1	6	0	1	2	0	22	77	4	30	32640	865	1025	5	1	158
8600	19024	2	1	6	0	1	2	0	22	77	4	30	32640	865	1025	5	1	158
8600	19040	2	5	6	0	0	0	7	26	3	2	30	32256	896	0	6	0	896,898,928,960,992
8600	19073	1	1	7	0	0	0	2	21	30	4	29	32512	960	0	7	0	960
8600	19074	2	1	6	0	1	1	0	21	77	4	29	32512	961	1	5	1	62
8600	19076	2	2	6	0	1	1	0	20	94	5	30	32512	961	1	5	1	62,190
8600	19080	2	2	6	0	1	1	0	20	94	5	30	32512	961	1	5	1	62,190
8600	19088	2	2	6	0	1	1	0	20	94	5	30	32512	961	1	5	1	62,190
8600	19104	2	2	6	0	0	0	2	22	77	4	30	32512	960	0	6	0	62,960
8600	19136	2	2	6	0	0	0	2	22	77	4	30	32512	960	0	6	0	62,960
8600	19201	1	1	7	0	0	0	2	21	30	4	29	32384	960	0	7	0	960
8600	19202	2	1	6	0	1	1	0	21	77	4	29	32384	961	1	5	1	62
8600	19204	2	2	6	0	1	1	0	20	94	5	30	32384	961	1	5	1	62,190
8600	19208	2	2	6	0	1	1	0	20	94	5	30	32384	961	1	5	1	62,190
8600	19216	2	2	6	0	1	1	0	20	94	5	30	32384	961	1	5	1	62,190
8600	19232	2	2	6	0	0	0	2	22	77	4	30	32384	960	0	6	0	62,960
8600	19264	2	2	6	0	0	0	2	22	77	4	30	32384	960	0	6	0	62,960
8600	19328	1	1	7	0	1	1	0	22	30	4	30	32256	897	1	6	1	126
8600	19459	2	1	6	0	0	0	1	22	76	3	28	32640	992	0	6	0	992
8600	19461	2	2	6	0	0	0	1	19	94	5	29	32640	992	0	6	0	864,992
8600	19462	2	1	6	0	2	2	0	21	77	4	29	32640	865	513	4	2	158
8600	19465	2	2	6	0	0	0	1	19	94	5	29	32640	992	0	6	0	864,992
8600	19466	2	1	6	0	2	2	0	21	77	4	29	32640	865	513	4	2	158
8600	19468	1	1	7	0	3	2	0	18	222	6	30	32640	865	513	4	3	158
8600	19473	2	2	6	0	0	0	1	19	94	5	29	32640	992	0	6	0	864,992
8600	19474	2	1	6	0	2	2	0	21	77	4	29	32640	865	513	4	2	158
8600	19476	1	1	7	0	3	2	0	18	222	6	30	32640	865	513	4	3	158
8600	19480	1	1	7	0	3	2	0	18	222	6	30	32640	865	513	4	3	158
8600	19489	2	1	6	0	0	0	1	21	77	4	29	32640	992	0	6	0	992
8600	19490	2	1	6	0	0	0	2	25	3	2	29	32320	912	0	6	0	912
8600	19492	2	1	6	0	1	2	0	22	77	4	30	32640	865	513	5	1	158
8600	19496	2	1	6	0	1	2	0	22	77	4	30	32640	865	513	5	1	158
8600	19504	2	1	6	0	1	2	0	22	77	4	30	32640	865	513	5	1	158
8600	19521	2	1	6	0	0	0	1	21	77	4	29	32640	992	0	6	0	992
8600	19522	2	1	6	0	0	0	2	25	3	2	29	32288	912	0	6	0	912
8600	19524	2	1	6	0	1	2	0	22	77	4	30	32640	865	513	5	1	158
8600	19528	2	1	6	0	1	2	0	22	77	4	30	32640	865	513	5	1	158
8600	19536	2	1	6	0	1	2	0	22	77	4	30	32640	865	513	5	1	158
8600	19552	2	5	6	0	0	0	7	26	3	2	30	32256	896	0	6	0	896,898,928,960,992
8600	19585	1	1	7	0	0	0	2	21	30	4	29	32512	960	0	7	0	960
8600	19586	2	1	6	0	1	1	0	21	77	4	29	32512	961	1	5	1	62
8600	19588	2	2	6	0	1	1	0	20	94	5	30	32512	961	1	5	1	62,190
8600	19592	2	2	6	0	1	1	0	20	94	5	30	32512	961	1	5	1	62,190
8600	19600	2	2	6	0	1	1	0	20	94	5	30	32512	961	1	5	1	62,190
8600	19616	2	2	6	0	0	0	2	22	77	4	30	32512	960	0	6	0	62,960
8600	19648	2	2	6	0	0	0	2	22	77	4	30	32512	960	0	6	0	62,960
8600	19713	1	1	7	0	0	0	2	21	30	4	29	32384	960	0	7	0	960
8600	19714	2	1	6	0	1	1	0	21	77	4	29	32384	961	1	5	1	62
8600	19716	2	2	6	0	1	1	0	20	94	5	30	32384	961	1	5	1	62,190
8600	19720	2	2	6	0	1	1	0	20	94	5	30	32384	961	1	5	1	62,190
8600	19728	2	2	6	0	1	1	0	20	94	5	30	32384	961	1	5	1	62,190
8600	19744	2	2	6	0	0	0	2	22	77	4	30	32384	960	0	6	0	62,960
8600	19776	2	2	6	0	0	0	2	22	77	4	30	32384	960	0	6	0	62,960
8600	19840	1	1	7	0	1	1	0	22	30	4	30	32256	897	1	6	1	126
8600	19969	0	1	8	0	0	0	1	23	11	3	29	32640	960	0	8	0	960
8600	19970	0	1	8	0	2	1	0	27	1	1	29	32640	961	1	6	2	62
8600	19972	0	1	8	0	2	1	0	22	75	4	30	32640	961	1	6	2	62
8600	19976	0	1	8	0	2	1	0	22	75	4	30	32640	961	1	6	2	62
8600	19984	0	1	8	0	2	1	0	22	75	4	30	32640	961	1	6	2	62
8600	20000	0	1	8	0	1	1	0	28	1	1	30	32640	961	1	7	1	62
8600	20032	0	1	8	0	1	1	0	28	1	1	30	32640	961	1	7	1	62
8600	20096	0	1	8	0	2	1	0	24	11	3	30	32512	897	1	6	2	126
8600	20224	0	1	8	0	2	1	0	24	11	3	30	32384	897	1	6	2	126
8600	20487	2	2	6	0	0	0	1	20	30	4	28	32352	972	0	6	0	460,972
8600	20491	2	2	6	0	0	0	1	20	30	4	28	32352	972	0	6	0	460,972
8600	20493	1	1	7	0	3	2	0	21	30	4	29	32352	461	8194	4	3	562
8600	20494	1	1	7	0	1	1	0	17	222	6	29	32352	460	8192	6	1	460
8600	20499	2	2	6	0	0	0	1	20	30	4	28	32352	972	0	6	0	460,972
8600	20501	1	1	7	0	3	2	0	21	30	4	29	32352	461	8194	4	3	562
8600	20502	1	1	7	0	1	1	0	17	222	6	29	32352	460	8192	6	1	460
8600	20505	1	1	7	0	3	2	0	21	30	4	29	32352	461	8194	4	3	562
8600	20506	1	1	7	0	1	1	0	17	222	6	29	32352	460	8192	6	1	460
8600	20508	0	1	8	0	4	2	0	18	222	6	30	32352	462	8194	4	4	462
8600	20515	1	1	7	0	0	0	2	18	94	5	28	32320	968	0	7	0	968
8600	20517	2	2	6	0	1	1	0	19	94	5	29	32320	969	2	5	1	54,566
8600	20518	1	1	7	0	0	0	2	17	222	6	29	32320	968	0	7	0	968
8600	20521	2	2	6	0	1	1	0	19	94	5	29	32320	969	2	5	1	54,566
8600	20522	1	1	7	0	0	0	2	17	222	6	29	32320	968	0	7	0	968
8600	20524	1	1	7	0	2	2	0	18	222	6	30	32320	458	8194	5	2	458
8600	20529	2	2	6	0	1	1	0	19	94	5	29	32320	969	2	5	1	54,566
8600	20530	1	1	7	0	0	0	2	17	222	6	29	32320	968	0	7	0	968
8600	20532	1	1	7	0	2	2	0	18	222	6	30	32320	458	8194	5	2	458
8600	20536	1	1	7	0	2	2	0	18	222	6	30	32320	458	8194	5	2	458
8600	20547	1	1	7	0	0	0	2	18	94	5	28	32288	968	0	7	0	968
8600	20549	2	2	6	0	1	1	0	19	94	5	29	32288	969	2	5	1	54,566
8600	20550	1	1	7	0	0	0	2	17	222	6	29	32288	968	0	7	0	968
8600	20553	2	2	6	0	1	1	0	19	94	5	29	32288	969	2	5	1	54,566
8600	20554	1	1	7	0	0	0	2	17	222	6	29	32288	968	0	7	0	968
8600	20556	1	1	7	0	2	2	0	18	222	6	30	32288	458	8194	5	2	458
8600	20561	2	2	6	0	1	1	0	19	94	5	29	32288	969	2	5	1	54,566
8600	20562	1	1	7	0	0	0	2	17	222	6	29	32288	968	0	7	0	968
8600	20564	1	1	7	0	2	2	0	18	222	6	30	32288	458	8194	5	2	458
8600	20568	1	1	7	0	2	2	0	18	222	6	30	32288	458	8194	5	2	458
8600	20577	1	1	7	0	1	1	0	17	222	6	29	32256	961	2	6	1	62
8600	20578	0	1	8	0	0	0	4	17	222	6	29	32256	960	0	8	0	960
8600	20580	1	1	7	0	1	1	0	18	222	6	30	32256	962	2	6	1	962
8600	20584	1	1	7	0	1	1	0	18	222	6	30	32256	962	2	6	1	962
8600	20592	1	1	7	0	1	1	0	18	222	6	30	32256	962	2	6	1	962
8600	20611	2	4	6	0	0	0	5	22	11	3	28	32256	960	0	6	0	960,968,976,984
8600	20613	2	1	6	0	1	2	0	25	3	2	29	32352	473	8194	5	1	550
8600	20614	2	2	6	0	0	0	1	19	94	5	29	32352	984	0	6	0	472,984
8600	20617	2	1	6	0	1	2	0	25	3	2	29	32352	473	8194	5	1	550
8600	20618	2	2	6	0	0	0	1	19	94	5	29	32352	984	0	6	0	472,984
8600	20620	1	1	7	0	2	2	0	22	30	4	30	32352	474	8194	5	2	474
8600	20625	2	1	6	0	1	2	0	25	3	2	29	32352	473	8194	5	1	550
8600	20626	2	2	6	0	0	0	1	19	94	5	29	32352	984	0	6	0	472,984
8600	20628	1	1	7	0	2	2	0	22	30	4	30	32352	474	8194	5	2	474
8600	20632	1	1	7	0	2	2	0	22	30	4	30	32352	474	8194	5	2	474
8600	20641	2	4	6	0	0	0	5	21	75	4	29	32256	960	0	6	0	46,62,960,976
8600	20642	1	1	7	0	0	0	2	17	222	6	29	32320	976	0	7	0	976
8600	20644	2	3	6	0	0	0	2	20	94	5	30	32320	976	0	6	0	466,976,978
8600	20648	2	3	6	0	0	0	2	20	94	5	30	32320	976	0	6	0	466,976,978
8600	20656	2	3	6	0	0	0	2	20	94	5	30	32320	976	0	6	0	466,976,978
8600	20673	2	4	6	0	0	0	5	21	75	4	29	32256	960	0	6	0	46,62,960,976
8600	20674	1	1	7	0	0	0	2	17	222	6	29	32288	976	0	7	0	976
8600	20676	2	3	6	0	0	0	2	20	94	5	30	32288	976	0	6	0	466,976,978
8600	20680	2	3	6	0	0	0	2	20	94	5	30	32288	976	0	6	0	466,976,978
8600	20688	2	3	6	0	0	0	2	20	94	5	30	32288	976	0	6	0	466,976,978
8600	20704	1	2	7	0	0	0	5	18	222	6	30	32256	960	0	7	0	960,962
8600	20739	2	4	6	0	0	0	5	22	11	3	28	32256	960	0	6	0	960,968,976,984
8600	20741	2	1	6	0	1	2	0	25	3	2	29	32352	473	8194	5	1	550
8600	20742	2	2	6	0	0	0	1	19	94	5	29	32352	984	0	6	0	472,984
8600	20745	2	1	6	0	1	2	0	25	3	2	29	32352	473	8194	5	1	550
8600	20746	2	2	6	0	0	0	1	19	94	5	29	32352	984	0	6	0	472,984
8600	20748	1	1	7	0	2	2	0	22	30	4	30	32352	474	8194	5	2	474
8600	20753	2	1	6	0	1	2	0	25	3	2	29	32352	473	8194	5	1	550
8600	20754	2	2	6	0	0	0	1	19	94	5	29	32352	984	0	6	0	472,984
8600	20756	1	1	7	0	2	2	0	22	30	4	30	32352	474	8194	5	2	474
8600	20760	1	1	7	0	2	2	0	22	30	4	30	32352	474	8194	5	2	474
8600	20769	2	4	6	0	0	0	5	21	75	4	29	32256	960	0	6	0	46,62,960,976
8600	20770	1	1	7	0	0	0	2	17	222	6	29	32320	976	0	7	0	976
8600	20772	2	3	6	0	0	0	2	20	94	5	30	32320	976	0	6	0	466,976,978
8600	20776	2	3	6	0	0	0	2	20	94	5	30	32320	976	0	6	0	466,976,978
8600	20784	2	3	6	0	0	0	2	20	94	5	30	32320	976	0	6	0	466,976,978
8600	20801	2	4	6	0	0	0	5	21	75	4	29	32256	960	0	6	0	46,62,960,976
8600	20802	1	1	7	0	0	0	2	17	222	6	29	32288	976	0	7	0	976
8600	20804	2	3	6	0	0	0	2	20	94	5	30	32288	976	0	6	0	466,976,978
8600	20808	2	3	6	0	0	0	2	20	94	5	30	32288	976	0	6	0	466,976,978
8600	20816	2	3	6	0	0	0	2	20	94	5	30	32288	976	0	6	0	466,976,978
8600	20832	1	2	7	0	0	0	5	18	222	6	30	32256	960	0	7	0	960,962
8600	20865	0	1	8	0	0	0	4	29	0	0	29	32256	960	0	8	0	960
8600	20866	2	4	6	0	0	0	7	21	75	4	29	32256	960	0	6	0	960,976,992,1008
8600	20868	2	5	6	0	0	0	7	26	3	2	30	32256	960	0	6	0	498,960,976,992,1008
8600	20872	2	5	6	0	0	0	7	26	3	2	30	32256	960	0	6	0	498,960,976,992,1008
8600	20880	2	5	6	0	0	0	7	26	3	2	30	32256	960	0	6	0	498,960,976,992,1008
8600	20896	1	2	7	0	0	0	7	22	75	4	30	32256	960	0	7	0	960,992
8600	20928	1	2	7	0	0	0	7	22	75	4	30	32256	960	0	7	0	960,992
8600	20995	2	1	6	0	0	0	1	22	76	3	28	32352	920	0	6	0	920
8600	20997	2	1	6	0	2	2	0	21	77	4	29	32352	409	8194	4	2	614
8600	20998	2	2	6	0	0	0	1	19	94	5	29	32352	920	0	6	0	408,920
8600	21001	2	1	6	0	2	2	0	21	77	4	29	32352	409	8194	4	2	614
8600	21002	2	2	6	0	0	0	1	19	94	5	29	32352	920	0	6	0	408,920
8600	21004	1	1	7	0	3	2	0	18	222	6	30	32352	410	8194	4	3	410
8600	21009	2	1	6	0	2	2	0	21	77	4	29	32352	409	8194	4	2	614
8600	21010	2	2	6	0	0	0	1	19	94	5	29	32352	920	0	6	0	408,920
8600	21012	1	1	7	0	3	2	0	18	222	6	30	32352	410	8194	4	3	410
8600	21016	1	1	7	0	3	2	0	18	222	6	30	32352	410	8194	4	3	410
8600	21025	2	1	6	0	1	1	0	21	77	4	29	32320	913	2	5	1	110
8600	21026	1	1	7	0	0	0	2	21	30	4	29	32320	912	0	7	0	912
8600	21028	2	2	6	0	1	1	0	20	94	5	30	32320	914	2	5	1	402,914
8600	21032	2	2	6	0	1	1	0	20	94	5	30	32320	914	2	5	1	402,914
8600	21040	2	2	6	0	1	1	0	20	94	5	30	32320	914	2	5	1	402,914
8600	21057	2	1	6	0	1	1	0	21	77	4	29	32288	913	2	5	1	110
8600	21058	1	1	7	0	0	0	2	21	30	4	29	32288	912	0	7	0	912
8600	21060	2	2	6	0	1	1	0	20	94	5	30	32288	914	2	5	1	402,914
8600	21064	2	2	6	0	1	1	0	20	94	5	30	32288	914	2	5	1	402,914
8600	21072	2	2	6	0	1	1	0	20	94	5	30	32288	914	2	5	1	402,914
8600	21088	1	1	7	0	1	1	0	22	30	4	30	32256	898	2	6	1	898
8600	21121	2	1	6	0	0	0	2	25	3	2	29	32512	960	0	6	0	960
8600	21122	2	1	6	0	0	0	1	21	77	4	29	32352	944	0	6	0	944
8600	21124	2	1	6	0	1	2	0	22	77	4	30	32352	434	8194	5	1	434
8600	21128	2	1	6	0	1	2	0	22	77	4	30	32352	434	8194	5	1	434
8600	21136	2	1	6	0	1	2	0	22	77	4	30	32352	434	8194	5	1	434
8600	21152	2	2	6	0	0	0	2	22	77	4	30	32320	928	0	6	0	928,930
8600	21184	2	2	6	0	0	0	2	22	77	4	30	32288	928	0	6	0	928,930
8600	21249	2	1	6	0	0	0	2	25	3	2	29	32384	960	0	6	0	960
8600	21250	2	1	6	0	0	0	1	21	77	4	29	32352	944	0	6	0	944
8600	21252	2	1	6	0	1	2	0	22	77	4	30	32352	434	8194	5	1	434
8600	21256	2	1	6	0	1	2	0	22	77	4	30	32352	434	8194	5	1	434
8600	21264	2	1	6	0	1	2	0	22	77	4	30	32352	434	8194	5	1	434
8600	21280	2	2	6	0	0	0	2	22	77	4	30	32320	928	0	6	0	928,930
8600	21312	2	2	6	0	0	0	2	22	77	4	30	32288	928	0	6	0	928,930
8600	21376	2	5	6	0	0	0	7	26	3	2	30	32256	896	0	6	0	126,896,928,960,992
8600	21507	2	1	6	0	0	0	1	22	76	3	28	32352	920	0	6	0	920
8600	21509	2	1	6	0	2	2	0	21	77	4	29	32352	409	8194	4	2	614
8600	21510	2	2	6	0	0	0	1	19	94	5	29	32352	920	0	6	0	408,920
8600	21513	2	1	6	0	2	2	0	21	77	4	29	32352	409	8194	4	2	614
8600	21514	2	2	6	0	0	0	1	19	94	5	29	32352	920	0	6	0	408,920
8600	21516	1	1	7	0	3	2	0	18	222	6	30	32352	410	8194	4	3	410
8600	21521	2	1	6	0	2	2	0	21	77	4	29	32352	409	8194	4	2	614
8600	21522	2	2	6	0	0	0	1	19	94	5	29	32352	920	0	6	0	408,920
8600	21524	1	1	7	0	3	2	0	18	222	6	30	32352	410	8194	4	3	410
8600	21528	1	1	7	0	3	2	0	18	222	6	30	32352	410	8194	4	3	410
8600	21537	2	1	6	0	1	1	0	21	77	4	29	32320	913	2	5	1	110
8600	21538	1	1	7	0	0	0	2	21	30	4	29	32320	912	0	7	0	912
8600	21540	2	2	6	0	1	1	0	20	94	5	30	32320	914	2	5	1	402,914
8600	21544	2	2	6	0	1	1	0	20	94	5	30	32320	914	2	5	1	402,914
8600	21552	2	2	6	0	1	1	0	20	94	5	30	32320	914	2	5	1	402,914
8600	21569	2	1	6	0	1	1	0	21	77	4	29	32288	913	2	5	1	110
8600	21570	1	1	7	0	0	0	2	21	30	4	29	32288	912	0	7	0	912
8600	21572	2	2	6	0	1	1	0	20	94	5	30	32288	914	2	5	1	402,914
8600	21576	2	2	6	0	1	1	0	20	94	5	30	32288	914	2	5	1	402,914
8600	21584	2	2	6	0	1	1	0	20	94	5	30	32288	914	2	5	1	402,914
8600	21600	1	1	7	0	1	1	0	22	30	4	30	32256	898	2	6	1	898
8600	21633	2	1	6	0	0	0	2	25	3	2	29	32512	960	0	6	0	960
8600	21634	2	1	6	0	0	0	1	21	77	4	29	32352	944	0	6	0	944
8600	21636	2	1	6	0	1	2	0	22	77	4	30	32352	434	8194	5	1	434
8600	21640	2	1	6	0	1	2	0	22	77	4	30	32352	434	8194	5	1	434
8600	21648	2	1	6	0	1	2	0	22	77	4	30	32352	434	8194	5	1	434
8600	21664	2	2	6	0	0	0	2	22	77	4	30	32320	928	0	6	0	928,930
8600	21696	2	2	6	0	0	0	2	22	77	4	30	32288	928	0	6	0	928,930
8600	21761	2	1	6	0	0	0	2	25	3	2	29	32384	960	0	6	0	960
8600	21762	2	1	6	0	0	0	1	21	77	4	29	32352	944	0	6	0	944
8600	21764	2	1	6	0	1	2	0	22	77	4	30	32352	434	8194	5	1	434
8600	21768	2	1	6	0	1	2	0	22	77	4	30	32352	434	8194	5	1	434
8600	21776	2	1	6	0	1	2	0	22	77	4	30	32352	434	8194	5	1	434
8600	21792	2	2	6	0	0	0	2	22	77	4	30	32320	928	0	6	0	928,930
8600	21824	2	2	6	0	0	0	2	22	77	4	30	32288	928	0	6	0	928,930
8600	21888	2	5	6	0	0	0	7	26	3	2	30	32256	896	0	6	0	126,896,928,960,992
8600	22017	2	1	6	0	0	0	1	25	3	2	29	32640	960	0	6	0	960
8600	22018	2	1	6	0	0	0	1	25	3	2	29	32352	816	0	6	0	816
8600	22020	2	4	6	0	2	2	0	22	75	4	30	32352	306	8194	4	2	306,310,314,318
8600	22024	2	4	6	0	2	2	0	22	75	4	30	32352	306	8194	4	2	306,310,314,318
8600	22032	2	4	6	0	2	2	0	22	75	4	30	32352	306	8194	4	2	306,310,314,318
8600	22048	2	1	6	0	1	1	0	26	3	2	30	32320	802	2	5	1	802
8600	22080	2	1	6	0	1	1	0	26	3	2	30	32288	802	2	5	1	802
8600	22144	2	1	6	0	1	1	0	26	3	2	30	32512	897	1	5	1	126
8600	22272	2	1	6	0	1	1	0	26	3	2	30	32384	897	1	5	1	126
8600	22531	2	1	6	0	0	0	1	22	76	3	28	32352	920	0	6	0	920
8600	22533	2	1	6	0	2	2	0	21	77	4	29	32352	409	8194	4	2	614
8600	22534	2	2	6	0	0	0	1	19	94	5	29	32352	920	0	6	0	408,920
8600	22537	2	1	6	0	2	2	0	21	77	4	29	32352	409	8194	4	2	614
8600	22538	2	2	6	0	0	0	1	19	94	5	29	32352	920	0	6	0	408,920
8600	22540	1	1	7	0	3	2	0	18	222	6	30	32352	410	8194	4	3	410
8600	22545	2	1	6	0	2	2	0	21	77	4	29	32352	409	8194	4	2	614
8600	22546	2	2	6	0	0	0	1	19	94	5	29	32352	920	0	6	0	408,920
8600	22548	1	1	7	0	3	2	0	18	222	6	30	32352	410	8194	4	3	410
8600	22552	1	1	7	0	3	2	0	18	222	6	30	32352	410	8194	4	3	410
8600	22561	2	1	6	0	1	1	0	21	77	4	29	32320	913	2	5	1	110
8600	22562	1	1	7	0	0	0	2	21	30	4	29	32320	912	0	7	0	912
8600	22564	2	2	6	0	1	1	0	20	94	5	30	32320	914	2	5	1	402,914
8600	22568	2	2	6	0	1	1	0	20	94	5	30	32320	914	2	5	1	402,914
8600	22576	2	2	6	0	1	1	0	20	94	5	30	32320	914	2	5	1	402,914
8600	22593	2	1	6	0	1	1	0	21	77	4	29	32288	913	2	5	1	110
8600	22594	1	1	7	0	0	0	2	21	30	4	29	32288	912	0	7	0	912
8600	22596	2	2	6	0	1	1	0	20	94	5	30	32288	914	2	5	1	402,914
8600	22600	2	2	6	0	1	1	0	20	94	5	30	32288	914	2	5	1	402,914
8600	22608	2	2	6	0	1	1	0	20	94	5	30	32288	914	2	5	1	402,914
8600	22624	1	1	7	0	1	1	0	22	30	4	30	32256	898	2	6	1	898
8600	22657	2	1	6	0	0	0	2	25	3	2	29	32512	960	0	6	0	960
8600	22658	2	1	6	0	0	0	1	21	77	4	29	32352	944	0	6	0	944
8600	22660	2	1	6	0	1	2	0	22	77	4	30	32352	434	8194	5	1	434
8600	22664	2	1	6	0	1	2	0	22	77	4	30	32352	434	8194	5	1	434
8600	22672	2	1	6	0	1	2	0	22	77	4	30	32352	434	8194	5	1	434
8600	22688	2	2	6	0	0	0	2	22	77	4	30	32320	928	0	6	0	928,930
8600	22720	2	2	6	0	0	0	2	22	77	4	30	32288	928	0	6	0	928,930
8600	22785	2	1	6	0	0	0	2	25	3	2	29	32384	960	0	6	0	960
8600	22786	2	1	6	0	0	0	1	21	77	4	29	32352	944	0	6	0	944
8600	22788	2	1	6	0	1	2	0	22	77	4	30	32352	434	8194	5	1	434
8600	22792	2	1	6	0	1	2	0	22	77	4	30	32352	434	8194	5	1	434
8600	22800	2	1	6	0	1	2	0	22	77	4	30	32352	434	8194	5	1	434
8600	22816	2	2	6	0	0	0	2	22	77	4	30	32320	928	0	6	0	928,930
8600	22848	2	2	6	0	0	0	2	22	77	4	30	32288	928	0	6	0	928,930
8600	22912	2	5	6	0	0	0	7	26	3	2	30	32256	896	0	6	0	126,896,928,960,992
8600	23041	2	1	6	0	0	0	1	25	3	2	29	32640	960	0	6	0	960
8600	23042	2	1	6	0	0	0	1	25	3	2	29	32352	816	0	6	0	816
8600	23044	2	4	6	0	2	2	0	22	75	4	30	32352	306	8194	4	2	306,310,314,318
8600	23048	2	4	6	0	2	2	0	22	75	4	30	32352	306	8194	4	2	306,310,314,318
8600	23056	2	4	6	0	2	2	0	22	75	4	30	32352	306	8194	4	2	306,310,314,318
8600	23072	2	1	6	0	1	1	0	26	3	2	30	32320	802	2	5	1	802
8600	23104	2	1	6	0	1	1	0	26	3	2	30	32288	802	2	5	1	802
8600	23168	2	1	6	0	1	1	0	26	3	2	30	32512	897	1	5	1	126
8600	23296	2	1	6	0	1	1	0	26	3	2	30	32384	897	1	5	1	126
8600	23553	2	1	6	0	0	0	1	25	3	2	29	32640	960	0	6	0	960
8600	23554	2	1	6	0	0	0	1	25	3	2	29	32352	816	0	6	0	816
8600	23556	2	4	6	0	2	2	0	22	75	4	30	32352	306	8194	4	2	306,310,314,318
8600	23560	2	4	6	0	2	2	0	22	75	4	30	32352	306	8194	4	2	306,310,314,318
8600	23568	2	4	6	0	2	2	0	22	75	4	30	32352	306	8194	4	2	306,310,314,318
8600	23584	2	1	6	0	1	1	0	26	3	2	30	32320	802	2	5	1	802
8600	23616	2	1	6	0	1	1	0	26	3	2	30	32288	802	2	5	1	802
8600	23680	2	1	6	0	1	1	0	26	3	2	30	32512	897	1	5	1	126
8600	23808	2	1	6	0	1	1	0	26	3	2	30	32384	897	1	5	1	126
8600	24064	0	1	8	0	2	1	0	30	0	0	30	32640	897	1	6	2	126
8600	24583	2	2	6	0	0	0	1	20	30	4	28	32352	972	0	6	0	460,972
8600	24587	2	2	6	0	0	0	1	20	30	4	28	32352	972	0	6	0	460,972
8600	24589	1	1	7	0	3	2	0	21	30	4	29	32352	461	4098	4	3	562
8600	24590	1	1	7	0	1	1	0	17	222	6	29	32352	460	4096	6	1	460
8600	24595	2	2	6	0	0	0	1	20	30	4	28	32352	972	0	6	0	460,972
8600	24597	1	1	7	0	3	2	0	21	30	4	29	32352	461	4098	4	3	562
8600	24598	1	1	7	0	1	1	0	17	222	6	29	32352	460	4096	6	1	460
8600	24601	1	1	7	0	3	2	0	21	30	4	29	32352	461	4098	4	3	562
8600	24602	1	1	7	0	1	1	0	17	222	6	29	32352	460	4096	6	1	460
8600	24604	0	1	8	0	4	2	0	18	222	6	30	32352	462	4098	4	4	462
8600	24611	1	1	7	0	0	0	2	18	94	5	28	32320	968	0	7	0	968
8600	24613	2	2	6	0	1	1	0	19	94	5	29	32320	969	2	5	1	54,566
8600	24614	1	1	7	0	0	0	2	17	222	6	29	32320	968	0	7	0	968
8600	24617	2	2	6	0	1	1	0	19	94	5	29	32320	969	2	5	1	54,566
8600	24618	1	1	7	0	0	0	2	17	222	6	29	32320	968	0	7	0	968
8600	24620	1	1	7	0	2	2	0	18	222	6	30	32320	458	4098	5	2	458
8600	24625	2	2	6	0	1	1	0	19	94	5	29	32320	969	2	5	1	54,566
8600	24626	1	1	7	0	0	0	2	17	222	6	29	32320	968	0	7	0	968
8600	24628	1	1	7	0	2	2	0	18	222	6	30	32320	458	4098	5	2	458
8600	24632	1	1	7	0	2	2	0	18	222	6	30	32320	458	4098	5	2	458
8600	24643	1	1	7	0	0	0	2	18	94	5	28	32288	968	0	7	0	968
8600	24645	2	2	6	0	1	1	0	19	94	5	29	32288	969	2	5	1	54,566
8600	24646	1	1	7	0	0	0	2	17	222	6	29	32288	968	0	7	0	968
8600	24649	2	2	6	0	1	1	0	19	94	5	29	32288	969	2	5	1	54,566
8600	24650	1	1	7	0	0	0	2	17	222	6	29	32288	968	0	7	0	968
8600	24652	1	1	7	0	2	2	0	18	222	6	30	32288	458	4098	5	2	458
8600	24657	2	2	6	0	1	1	0	19	94	5	29	32288	969	2	5	1	54,566
8600	24658	1	1	7	0	0	0	2	17	222	6	29	32288	968	0	7	0	968
8600	24660	1	1	7	0	2	2	0	18	222	6	30	32288	458	4098	5	2	458
8600	24664	1	1	7	0	2	2	0	18	222	6	30	32288	458	4098	5	2	458
8600	24673	1	1	7	0	1	1	0	17	222	6	29	32256	961	2	6	1	62
8600	24674	0	1	8	0	0	0	4	17	222	6	29	32256	960	0	8	0	960
8600	24676	1	1	7	0	1	1	0	18	222	6	30	32256	962	2	6	1	962
8600	24680	1	1	7	0	1	1	0	18	222	6	30	32256	962	2	6	1	962
8600	24688	1	1	7	0	1	1	0	18	222	6	30	32256	962	2	6	1	962
8600	24707	2	4	6	0	0	0	5	22	11	3	28	32256	960	0	6	0	960,968,976,984
8600	24709	2	1	6	0	1	2	0	25	3	2	29	32352	473	4098	5	1	550
8600	24710	2	2	6	0	0	0	1	19	94	5	29	32352	984	0	6	0	472,984
8600	24713	2	1	6	0	1	2	0	25	3	2	29	32352	473	4098	5	1	550
8600	24714	2	2	6	0	0	0	1	19	94	5	29	32352	984	0	6	0	472,984
8600	24716	1	1	7	0	2	2	0	22	30	4	30	32352	474	4098	5	2	474
8600	24721	2	1	6	0	1	2	0	25	3	2	29	32352	473	4098	5	1	550
8600	24722	2	2	6	0	0	0	1	19	94	5	29	32352	984	0	6	0	472,984
8600	24724	1	1	7	0	2	2	0	22	30	4	30	32352	474	4098	5	2	474
8600	24728	1	1	7	0	2	2	0	22	30	4	30	32352	474	4098	5	2	474
8600	24737	2	4	6	0	0	0	5	21	75	4	29	32256	960	0	6	0	46,62,960,976
8600	24738	1	1	7	0	0	0	2	17	222	6	29	32320	976	0	7	0	976
8600	24740	2	3	6	0	0	0	2	20	94	5	30	32320	976	0	6	0	466,976,978
8600	24744	2	3	6	0	0	0	2	20	94	5	30	32320	976	0	6	0	466,976,978
8600	24752	2	3	6	0	0	0	2	20	94	5	30	32320	976	0	6	0	466,976,978
8600	24769	2	4	6	0	0	0	5	21	75	4	29	32256	960	0	6	0	46,62,960,976
8600	24770	1	1	7	0	0	0	2	17	222	6	29	32288	976	0	7	0	976
8600	24772	2	3	6	0	0	0	2	20	94	5	30	32288	976	0	6	0	466,976,978
8600	24776	2	3	6	0	0	0	2	20	94	5	30	32288	976	0	6	0	466,976,978
8600	24784	2	3	6	0	0	0	2	20	94	5	30	32288	976	0	6	0	466,976,978
8600	24800	1	2	7	0	0	0	5	18	222	6	30	32256	960	0	7	0	960,962
8600	24835	2	4	6	0	0	0	5	22	11	3	28	32256	960	0	6	0	960,968,976,984
8600	24837	2	1	6	0	1	2	0	25	3	2	29	32352	473	4098	5	1	550
8600	24838	2	2	6	0	0	0	1	19	94	5	29	32352	984	0	6	0	472,984
8600	24841	2	1	6	0	1	2	0	25	3	2	29	32352	473	4098	5	1	550
8600	24842	2	2	6	0	0	0	1	19	94	5	29	32352	984	0	6	0	472,984
8600	24844	1	1	7	0	2	2	0	22	30	4	30	32352	474	4098	5	2	474
8600	24849	2	1	6	0	1	2	0	25	3	2	29	32352	473	4098	5	1	550
8600	24850	2	2	6	0	0	0	1	19	94	5	29	32352	984	0	6	0	472,984
8600	24852	1	1	7	0	2	2	0	22	30	4	30	32352	474	4098	5	2	474
8600	24856	1	1	7	0	2	2	0	22	30	4	30	32352	474	4098	5	2	474
8600	24865	2	4	6	0	0	0	5	21	75	4	29	32256	960	0	6	0	46,62,960,976
8600	24866	1	1	7	0	0	0	2	17	222	6	29	32320	976	0	7	0	976
8600	24868	2	3	6	0	0	0	2	20	94	5	30	32320	976	0	6	0	466,976,978
8600	24872	2	3	6	0	0	0	2	20	94	5	30	32320	976	0	6	0	466,976,978
8600	24880	2	3	6	0	0	0	2	20	94	5	30	32320	976	0	6	0	466,976,978
8600	24897	2	4	6	0	0	0	5	21	75	4	29	32256	960	0	6	0	46,62,960,976
8600	24898	1	1	7	0	0	0	2	17	222	6	29	32288	976	0	7	0	976
8600	24900	2	3	6	0	0	0	2	20	94	5	30	32288	976	0	6	0	466,976,978
8600	24904	2	3	6	0	0	0	2	20	94	5	30	32288	976	0	6	0	466,976,978
8600	24912	2	3	6	0	0	0	2	20	94	5	30	32288	976	0	6	0	466,976,978
8600	24928	1	2	7	0	0	0	5	18	222	6	30	32256	960	0	7	0	960,962
8600	24961	0	1	8	0	0	0	4	29	0	0	29	32256	960	0	8	0	960
8600	24962	2	4	6	0	0	0	7	21	75	4	29	32256	960	0	6	0	960,976,992,1008
8600	24964	2	5	6	0	0	0	7	26	3	2	30	32256	960	0	6	0	498,960,976,992,1008
8600	24968	2	5	6	0	0	0	7	26	3	2	30	32256	960	0	6	0	498,960,976,992,1008
8600	24976	2	5	6	0	0	0	7	26	3	2	30	32256	960	0	6	0	498,960,976,992,1008
8600	24992	1	2	7	0	0	0	7	22	75	4	30	32256	960	0	7	0	960,992
8600	25024	1	2	7	0	0	0	7	22	75	4	30	32256	960	0	7	0	960,992
8600	25091	2	1	6	0	0	0	1	22	76	3	28	32352	920	0	6	0	920
8600	25093	2	1	6	0	2	2	0	21	77	4	29	32352	409	4098	4	2	614
8600	25094	2	2	6	0	0	0	1	19	94	5	29	32352	920	0	6	0	408,920
8600	25097	2	1	6	0	2	2	0	21	77	4	29	32352	409	4098	4	2	614
8600	25098	2	2	6	0	0	0	1	19	94	5	29	32352	920	0	6	0	408,920
8600	25100	1	1	7	0	3	2	0	18	222	6	30	32352	410	4098	4	3	410
8600	25105	2	1	6	0	2	2	0	21	77	4	29	32352	409	4098	4	2	614
8600	25106	2	2	6	0	0	0	1	19	94	5	29	32352	920	0	6	0	408,920
8600	25108	1	1	7	0	3	2	0	18	222	6	30	32352	410	4098	4	3	410
8600	25112	1	1	7	0	3	2	0	18	222	6	30	32352	410	4098	4	3	410
8600	25121	2	1	6	0	1	1	0	21	77	4	29	32320	913	2	5	1	110
8600	25122	1	1	7	0	0	0	2	21	30	4	29	32320	912	0	7	0	912
8600	25124	2	2	6	0	1	1	0	20	94	5	30	32320	914	2	5	1	402,914
8600	25128	2	2	6	0	1	1	0	20	94	5	30	32320	914	2	5	1	402,914
8600	25136	2	2	6	0	1	1	0	20	94	5	30	32320	914	2	5	1	402,914
8600	25153	2	1	6	0	1	1	0	21	77	4	29	32288	913	2	5	1	110
8600	25154	1	1	7	0	0	0	2	21	30	4	29	32288	912	0	7	0	912
8600	25156	2	2	6	0	1	1	0	20	94	5	30	32288	914	2	5	1	402,914
8600	25160	2	2	6	0	1	1	0	20	94	5	30	32288	914	2	5	1	402,914
8600	25168	2	2	6	0	1	1	0	20	94	5	30	32288	914	2	5	1	402,914
8600	25184	1	1	7	0	1	1	0	22	30	4	30	32256	898	2	6	1	898
8600	25217	2	1	6	0	0	0	2	25	3	2	29	32512	960	0	6	0	960
8600	25218	2	1	6	0	0	0	1	21	77	4	29	32352	944	0	6	0	944
8600	25220	2	1	6	0	1	2	0	22	77	4	30	32352	434	4098	5	1	434
8600	25224	2	1	6	0	1	2	0	22	77	4	30	32352	434	4098	5	1	434
8600	25232	2	1	6	0	1	2	0	22	77	4	30	32352	434	4098	5	1	434
8600	25248	2	2	6	0	0	0	2	22	77	4	30	32320	928	0	6	0	928,930
8600	25280	2	2	6	0	0	0	2	22	77	4	30	32288	928	0	6	0	928,930
8600	25345	2	1	6	0	0	0	2	25	3	2	29	32384	960	0	6	0	960
8600	25346	2	1	6	0	0	0	1	21	77	4	29	32352	944	0	6	0	944
8600	25348	2	1	6	0	1	2	0	22	77	4	30	32352	434	4098	5	1	434
8600	25352	2	1	6	0	1	2	0	22	77	4	30	32352	434	4098	5	1	434
8600	25360	2	1	6	0	1	2	0	22	77	4	30	32352	434	4098	5	1	434
8600	25376	2	2	6	0	0	0	2	22	77	4	30	32320	928	0	6	0	928,930
8600	25408	2	2	6	0	0	0	2	22	77	4	30	32288	928	0	6	0	928,930
8600	25472	2	5	6	0	0	0	7	26	3	2	30	32256	896	0	6	0	126,896,928,960,992
8600	25603	2	1	6	0	0	0	1	22	76	3	28	32352	920	0	6	0	920
8600	25605	2	1	6	0	2	2	0	21	77	4	29	32352	409	4098	4	2	614
8600	25606	2	2	6	0	0	0	1	19	94	5	29	32352	920	0	6	0	408,920
8600	25609	2	1	6	0	2	2	0	21	77	4	29	32352	409	4098	4	2	614
8600	25610	2	2	6	0	0	0	1	19	94	5	29	32352	920	0	6	0	408,920
8600	25612	1	1	7	0	3	2	0	18	222	6	30	32352	410	4098	4	3	410
8600	25617	2	1	6	0	2	2	0	21	77	4	29	32352	409	4098	4	2	614
8600	25618	2	2	6	0	0	0	1	19	94	5	29	32352	920	0	6	0	408,920
8600	25620	1	1	7	0	3	2	0	18	222	6	30	32352	410	4098	4	3	410
8600	25624	1	1	7	0	3	2	0	18	222	6	30	32352	410	4098	4	3	410
8600	25633	2	1	6	0	1	1	0	21	77	4	29	32320	913	2	5	1	110
8600	25634	1	1	7	0	0	0	2	21	30	4	29	32320	912	0	7	0	912
8600	25636	2	2	6	0	1	1	0	20	94	5	30	32320	914	2	5	1	402,914
8600	25640	2	2	6	0	1	1	0	20	94	5	30	32320	914	2	5	1	402,914
8600	25648	2	2	6	0	1	1	0	20	94	5	30	32320	914	2	5	1	402,914
8600	25665	2	1	6	0	1	1	0	21	77	4	29	32288	913	2	5	1	110
8600	25666	1	1	7	0	0	0	2	21	30	4	29	32288	912	0	7	0	912
8600	25668	2	2	6	0	1	1	0	20	94	5	30	32288	914	2	5	1	402,914
8600	25672	2	2	6	0	1	1	0	20	94	5	30	32288	914	2	5	1	402,914
8600	25680	2	2	6	0	1	1	0	20	94	5	30	32288	914	2	5	1	402,914
8600	25696	1	1	7	0	1	1	0	22	30	4	30	32256	898	2	6	1	898
8600	25729	2	1	6	0	0	0	2	25	3	2	29	32512	960	0	6	0	960
8600	25730	2	1	6	0	0	0	1	21	77	4	29	32352	944	0	6	0	944
8600	25732	2	1	6	0	1	2	0	22	77	4	30	32352	434	4098	5	1	434
8600	25736	2	1	6	0	1	2	0	22	77	4	30	32352	434	4098	5	1	434
8600	25744	2	1	6	0	1	2	0	22	77	4	30	32352	434	4098	5	1	434
8600	25760	2	2	6	0	0	0	2	22	77	4	30	32320	928	0	6	0	928,930
8600	25792	2	2	6	0	0	0	2	22	77	4	30	32288	928	0	6	0	928,930
8600	25857	2	1	6	0	0	0	2	25	3	2	29	32384	960	0	6	0	960
8600	25858	2	1	6	0	0	0	1	21	77	4	29	32352	944	0	6	0	944
8600	25860	2	1	6	0	1	2	0	22	77	4	30	32352	434	4098	5	1	434
8600	25864	2	1	6	0	1	2	0	22	77	4	30	32352	434	4098	5	1	434
8600	25872	2	1	6	0	1	2	0	22	77	4	30	32352	434	4098	5	1	434
8600	25888	2	2	6	0	0	0	2	22	77	4	30	32320	928	0	6	0	928,930
8600	25920	2	2	6	0	0	0	2	22	77	4	30	32288	928	0	6	0	928,930
8600	25984	2	5	6	0	0	0	7	26	3	2	30	32256	896	0	6	0	126,896,928,960,992
8600	26113	2	1	6	0	0	0	1	25	3	2	29	32640	960	0	6	0	960
8600	26114	2	1	6	0	0	0	1	25	3	2	29	32352	816	0	6	0	816
8600	26116	2	4	6	0	2	2	0	22	75	4	30	32352	306	4098	4	2	306,310,314,318
8600	26120	2	4	6	0	2	2	0	22	75	4	30	32352	306	4098	4	2	306,310,314,318
8600	26128	2	4	6	0	2	2	0	22	75	4	30	32352	306	4098	4	2	306,310,314,318
8600	26144	2	1	6	0	1	1	0	26	3	2	30	32320	802	2	5	1	802
8600	26176	2	1	6	0	1	1	0	26	3	2	30	32288	802	2	5	1	802
8600	26240	2	1	6	0	1	1	0	26	3	2	30	32512	897	1	5	1	126
8600	26368	2	1	6	0	1	1	0	26	3	2	30	32384	897	1	5	1	126
8600	26627	2	1	6	0	0	0	1	22	76	3	28	32352	920	0	6	0	920
8600	26629	2	1	6	0	2	2	0	21	77	4	29	32352	409	4098	4	2	614
8600	26630	2	2	6	0	0	0	1	19	94	5	29	32352	920	0	6	0	408,920
8600	26633	2	1	6	0	2	2	0	21	77	4	29	32352	409	4098	4	2	614
8600	26634	2	2	6	0	0	0	1	19	94	5	29	32352	920	0	6	0	408,920
8600	26636	1	1	7	0	3	2	0	18	222	6	30	32352	410	4098	4	3	410
8600	26641	2	1	6	0	2	2	0	21	77	4	29	32352	409	4098	4	2	614
8600	26642	2	2	6	0	0	0	1	19	94	5	29	32352	920	0	6	0	408,920
8600	26644	1	1	7	0	3	2	0	18	222	6	30	32352	410	4098	4	3	410
8600	26648	1	1	7	0	3	2	0	18	222	6	30	32352	410	4098	4	3	410
8600	26657	2	1	6	0	1	1	0	21	77	4	29	32320	913	2	5	1	110
8600	26658	1	1	7	0	0	0	2	21	30	4	29	32320	912	0	7	0	912
8600	26660	2	2	6	0	1	1	0	20	94	5	30	32320	914	2	5	1	402,914
8600	26664	2	2	6	0	1	1	0	20	94	5	30	32320	914	2	5	1	402,914
8600	26672	2	2	6	0	1	1	0	20	94	5	30	32320	914	2	5	1	402,914
8600	26689	2	1	6	0	1	1	0	21	77	4	29	32288	913	2	5	1	110
8600	26690	1	1	7	0	0	0	2	21	30	4	29	32288	912	0	7	0	912
8600	26692	2	2	6	0	1	1	0	20	94	5	30	32288	914	2	5	1	402,914
8600	26696	2	2	6	0	1	1	0	20	94	5	30	32288	914	2	5	1	402,914
8600	26704	2	2	6	0	1	1	0	20	94	5	30	32288	914	2	5	1	402,914
8600	26720	1	1	7	0	1	1	0	22	30	4	30	32256	898	2	6	1	898
8600	26753	2	1	6	0	0	0	2	25	3	2	29	32512	960	0	6	0	960
8600	26754	2	1	6	0	0	0	1	21	77	4	29	32352	944	0	6	0	944
8600	26756	2	1	6	0	1	2	0	22	77	4	30	32352	434	4098	5	1	434
8600	26760	2	1	6	0	1	2	0	22	77	4	30	32352	434	4098	5	1	434
8600	26768	2	1	6	0	1	2	0	22	77	4	30	32352	434	4098	5	1	434
8600	26784	2	2	6	0	0	0	2	22	77	4	30	32320	928	0	6	0	928,930
8600	26816	2	2	6	0	0	0	2	22	77	4	30	32288	928	0	6	0	928,930
8600	26881	2	1	6	0	0	0	2	25	3	2	29	32384	960	0	6	0	960
8600	26882	2	1	6	0	0	0	1	21	77	4	29	32352	944	0	6	0	944
8600	26884	2	1	6	0	1	2	0	22	77	4	30	32352	434	4098	5	1	434
8600	26888	2	1	6	0	1	2	0	22	77	4	30	32352	434	4098	5	1	434
8600	26896	2	1	6	0	1	2	0	22	77	4	30	32352	434	4098	5	1	434
8600	26912	2	2	6	0	0	0	2	22	77	4	30	32320	928	0	6	0	928,930
8600	26944	2	2	6	0	0	0	2	22	77	4	30	32288	928	0	6	0	928,930
8600	27008	2	5	6	0	0	0	7	26	3	2	30	32256	896	0	6	0	126,896,928,960,992
8600	27137	2	1	6	0	0	0	1	25	3	2	29	32640	960	0	6	0	960
8600	27138	2	1	6	0	0	0	1	25	3	2	29	32352	816	0	6	0	816
8600	27140	2	4	6	0	2	2	0	22	75	4	30	32352	306	4098	4	2	306,310,314,318
8600	27144	2	4	6	0	2	2	0	22	75	4	30	32352	306	4098	4	2	306,310,314,318
8600	27152	2	4	6	0	2	2	0	22	75	4	30	32352	306	4098	4	2	306,310,314,318
8600	27168	2	1	6	0	1	1	0	26	3	2	30	32320	802	2	5	1	802
8600	27200	2	1	6	0	1	1	0	26	3	2	30	32288	802	2	5	1	802
8600	27264	2	1	6	0	1	1	0	26	3	2	30	32512	897	1	5	1	126
8600	27392	2	1	6	0	1	1	0	26	3	2	30	32384	897	1	5	1	126
8600	27649	2	1	6	0	0	0	1	25	3	2	29	32640	960	0	6	0	960
8600	27650	2	1	6	0	0	0	1	25	3	2	29	32352	816	0	6	0	816
8600	27652	2	4	6	0	2	2	0	22	75	4	30	32352	306	4098	4	2	306,310,314,318
8600	27656	2	4	6	0	2	2	0	22	75	4	30	32352	306	4098	4	2	306,310,314,318
8600	27664	2	4	6	0	2	2	0	22	75	4	30	32352	306	4098	4	2	306,310,314,318
8600	27680	2	1	6	0	1	1	0	26	3	2	30	32320	802	2	5	1	802
8600	27712	2	1	6	0	1	1	0	26	3	2	30	32288	802	2	5	1	802
8600	27776	2	1	6	0	1	1	0	26	3	2	30	32512	897	1	5	1	126
8600	27904	2	1	6	0	1	1	0	26	3	2	30	32384	897	1	5	1	126
8600	28160	0	1	8	0	2	1	0	30	0	0	30	32640	897	1	6	2	126
8600	28675	0	1	8	0	0	0	1	22	11	3	28	32352	920	0	8	0	920
8600	28677	0	1	8	0	2	1	0	23	11	3	29	32352	921	2	6	2	102
8600	28678	0	1	8	0	0	0	1	17	222	6	29	32352	920	0	8	0	920
8600	28681	0	1	8	0	2	1	0	23	11	3	29	32352	921	2	6	2	102
8600	28682	0	1	8	0	0	0	1	17	222	6	29	32352	920	0	8	0	920
8600	28684	0	1	8	0	2	1	0	18	222	6	30	32352	922	2	6	2	922
8600	28689	0	1	8	0	2	1	0	23	11	3	29	32352	921	2	6	2	102
8600	28690	0	1	8	0	0	0	1	17	222	6	29	32352	920	0	8	0	920
8600	28692	0	1	8	0	2	1	0	18	222	6	30	32352	922	2	6	2	922
8600	28696	0	1	8	0	2	1	0	18	222	6	30	32352	922	2	6	2	922
8600	28705	0	1	8	0	2	1	0	21	75	4	29	32320	913	2	6	2	110
8600	28706	0	1	8	0	0	0	2	17	222	6	29	32320	912	0	8	0	912
8600	28708	0	1	8	0	2	1	0	18	222	6	30	32320	914	2	6	2	914
8600	28712	0	1	8	0	2	1	0	18	222	6	30	32320	914	2	6	2	914
8600	28720	0	1	8	0	2	1	0	18	222	6	30	32320	914	2	6	2	914
8600	28737	0	1	8	0	2	1	0	21	75	4	29	32288	913	2	6	2	110
8600	28738	0	1	8	0	0	0	2	17	222	6	29	32288	912	0	8	0	912
8600	28740	0	1	8	0	2	1	0	18	222	6	30	32288	914	2	6	2	914
8600	28744	0	1	8	0	2	1	0	18	222	6	30	32288	914	2	6	2	914
8600	28752	0	1	8	0	2	1	0	18	222	6	30	32288	914	2	6	2	914
8600	28768	0	1	8	0	2	1	0	18	222	6	30	32256	898	2	6	2	898
8600	28801	0	1	8	0	1	1	0	29	0	0	29	32352	945	2	7	1	78
8600	28802	0	1	8	0	0	0	1	21	75	4	29	32352	944	0	8	0	944
8600	28804	0	1	8	0	1	1	0	24	11	3	30	32352	946	2	7	1	946
8600	28808	0	1	8	0	1	1	0	24	11	3	30	32352	946	2	7	1	946
8600	28816	0	1	8	0	1	1	0	24	11	3	30	32352	946	2	7	1	946
8600	28832	0	1	8	0	1	1	0	22	75	4	30	32320	930	2	7	1	930
8600	28864	0	1	8	0	1	1	0	22	75	4	30	32288	930	2	7	1	930
8600	28929	0	1	8	0	1	1	0	29	0	0	29	32352	945	2	7	1	78
8600	28930	0	1	8	0	0	0	1	21	75	4	29	32352	944	0	8	0	944
8600	28932	0	1	8	0	1	1	0	24	11	3	30	32352	946	2	7	1	946
8600	28936	0	1	8	0	1	1	0	24	11	3	30	32352	946	2	7	1	946
8600	28944	0	1	8	0	1	1	0	24	11	3	30	32352	946	2	7	1	946
8600	28960	0	1	8	0	1	1	0	22	75	4	30	32320	930	2	7	1	930
8600	28992	0	1	8	0	1	1	0	22	75	4	30	32288	930	2	7	1	930
8600	29056	0	2	8	0	0	0	1	30	0	0	30	32352	992	0	8	0	992,994
8600	29185	0	1	8	0	2	1	0	27	1	1	29	32352	817	2	6	2	206
8600	29186	0	1	8	0	0	0	1	23	11	3	29	32352	816	0	8	0	816
8600	29188	0	1	8	0	2	1	0	22	75	4	30	32352	818	2	6	2	818
8600	29192	0	1	8	0	2	1	0	22	75	4	30	32352	818	2	6	2	818
8600	29200	0	1	8	0	2	1	0	22	75	4	30	32352	818	2	6	2	818
8600	29216	0	1	8	0	2	1	0	24	11	3	30	32320	802	2	6	2	802
8600	29248	0	1	8	0	2	1	0	24	11	3	30	32288	802	2	6	2	802
8600	29312	0	1	8	0	1	1	0	28	1	1	30	32352	866	2	7	1	866
8600	29440	0	1	8	0	1	1	0	28	1	1	30	32352	866	2	7	1	866
8600	29697	0	1	8	0	2	1	0	27	1	1	29	32352	817	2	6	2	206
8600	29698	0	1	8	0	0	0	1	23	11	3	29	32352	816	0	8	0	816
8600	29700	0	1	8	0	2	1	0	22	75	4	30	32352	818	2	6	2	818
8600	29704	0	1	8	0	2	1	0	22	75	4	30	32352	818	2	6	2	818
8600	29712	0	1	8	0	2	1	0	22	75	4	30	32352	818	2	6	2	818
8600	29728	0	1	8	0	2	1	0	24	11	3	30	32320	802	2	6	2	802
8600	29760	0	1	8	0	2	1	0	24	11	3	30	32288	802	2	6	2	802
8600	29824	0	1	8	0	1	1	0	28	1	1	30	32352	866	2	7	1	866
8600	29952	0	1	8	0	1	1	0	28	1	1	30	32352	866	2	7	1	866
8600	30208	0	1	8	0	2	1	0	30	0	0	30	32352	610	2	6	2	610
8600	30721	0	1	8	0	2	1	0	27	1	1	29	32352	817	2	6	2	206
8600	30722	0	1	8	0	0	0	1	23	11	3	29	32352	816	0	8	0	816
8600	30724	0	1	8	0	2	1	0	22	75	4	30	32352	818	2	6	2	818
8600	30728	0	1	8	0	2	1	0	22	75	4	30	32352	818	2	6	2	818
8600	30736	0	1	8	0	2	1	0	22	75	4	30	32352	818	2	6	2	818
8600	30752	0	1	8	0	2	1	0	24	11	3	30	32320	802	2	6	2	802
8600	30784	0	1	8	0	2	1	0	24	11	3	30	32288	802	2	6	2	802
8600	30848	0	1	8	0	1	1	0	28	1	1	30	32352	866	2	7	1	866
8600	30976	0	1	8	0	1	1	0	28	1	1	30	32352	866	2	7	1	866
8600	31232	0	1	8	0	2	1	0	30	0	0	30	32352	610	2	6	2	610
8600	31744	0	1	8	0	2	1	0	30	0	0	30	32352	610	2	6	2	610
