id	Y_mask	dH	optH_count	q	good	delta_min	rho	compatible_optG	ell	Y_type	Y_edges	degree_sum	f_witness	h_witness_local	S_mask	R_witness	Delta_witness	optH_masks_local
8814	31	3	5	4	1	0	0	5	20	0	0	20	510	15	0	4	0	402,676,840,910,1008
8814	47	2	1	5	1	0	0	1	17	3	2	21	5872	183	0	5	0	840
8814	55	2	1	5	1	0	0	1	17	3	2	21	11112	347	0	5	0	676
8814	59	2	1	5	1	0	0	1	17	3	2	21	19876	621	0	5	0	402
8814	61	3	11	4	1	0	0	5	19	1	1	21	510	15	0	4	0	112,182,240,346,368,496,620,624,752,880,1008
8814	62	3	11	4	1	0	0	5	19	1	1	21	510	14	0	4	0	14,142,182,270,346,398,526,620,654,782,910
8814	79	2	1	5	1	0	0	1	17	3	2	21	5872	183	0	5	0	840
8814	87	2	1	5	1	0	0	1	17	3	2	21	11112	347	0	5	0	676
8814	91	3	11	4	1	0	0	5	19	1	1	21	510	15	0	4	0	182,346,400,432,464,496,908,912,944,976,1008
8814	93	2	1	5	1	0	0	1	17	3	2	21	29122	909	0	5	0	114
8814	94	3	11	4	1	0	0	5	19	1	1	21	510	14	0	4	0	14,46,78,110,182,346,526,558,590,622,908
8814	103	2	2	5	1	0	0	2	14	86	4	22	5872	182	0	5	0	182,678
8814	107	2	1	5	1	0	0	1	16	13	3	22	5872	182	0	5	0	182
8814	109	2	1	5	1	0	0	1	16	13	3	22	5872	182	0	5	0	182
8814	110	2	3	5	1	0	0	1	18	12	2	22	5872	182	0	5	0	182,840,844
8814	115	2	1	5	1	0	0	1	16	13	3	22	11112	346	0	5	0	346
8814	117	2	1	5	1	0	0	1	16	13	3	22	11112	346	0	5	0	346
8814	118	2	3	5	1	0	0	1	18	12	2	22	11112	346	0	5	0	346,676,684
8814	121	2	1	5	1	1	1	0	18	3	2	22	510	527	16384	4	1	496
8814	122	2	4	5	1	0	0	1	20	1	1	22	19876	622	0	5	0	526,558,590,622
8814	124	2	4	5	1	0	0	1	20	1	1	22	29122	910	0	5	0	526,654,782,910
8814	143	2	1	5	1	0	0	1	17	3	2	21	5872	183	0	5	0	840
8814	151	3	11	4	1	0	0	5	19	1	1	21	510	15	0	4	0	182,618,672,688,736,752,908,928,944,992,1008
8814	155	2	1	5	1	0	0	1	17	3	2	21	19876	619	0	5	0	404
8814	157	2	1	5	1	0	0	1	17	3	2	21	29122	909	0	5	0	114
8814	158	3	11	4	1	0	0	5	19	1	1	21	510	14	0	4	0	14,30,78,94,182,270,286,334,350,618,908
8814	167	2	1	5	1	0	0	1	16	13	3	22	5872	182	0	5	0	182
8814	171	2	2	5	1	0	0	2	14	86	4	22	5872	182	0	5	0	182,406
8814	173	2	1	5	1	0	0	1	16	13	3	22	5872	182	0	5	0	182
8814	174	2	3	5	1	0	0	1	18	12	2	22	5872	182	0	5	0	182,840,844
8814	179	2	1	5	1	0	0	1	16	13	3	22	19876	617	0	5	0	406
8814	181	2	1	5	1	1	1	0	18	3	2	22	510	271	8192	4	1	752
8814	182	2	4	5	1	0	0	1	20	1	1	22	11112	350	0	5	0	270,286,334,350
8814	185	2	1	5	1	0	0	1	16	13	3	22	19876	618	0	5	0	618
8814	186	2	3	5	1	0	0	1	18	12	2	22	19876	618	0	5	0	404,412,618
8814	188	2	4	5	1	0	0	1	20	1	1	22	29122	910	0	5	0	270,398,782,910
8814	199	2	1	5	1	0	0	1	16	13	3	22	5872	182	0	5	0	182
8814	203	2	1	5	1	0	0	1	16	13	3	22	5872	182	0	5	0	182
8814	205	2	2	5	1	0	0	2	14	86	4	22	5872	182	0	5	0	118,182
8814	206	2	3	5	1	0	0	1	18	12	2	22	5872	182	0	5	0	182,840,844
8814	211	2	1	5	1	1	1	0	18	3	2	22	510	79	2048	4	1	944
8814	213	2	1	5	1	0	0	1	16	13	3	22	29122	905	0	5	0	118
8814	214	2	4	5	1	0	0	1	20	1	1	22	11112	350	0	5	0	78,94,334,350
8814	217	2	1	5	1	0	0	1	16	13	3	22	29122	905	0	5	0	118
8814	218	2	4	5	1	0	0	1	20	1	1	22	19876	622	0	5	0	78,110,590,622
8814	220	2	3	5	1	0	0	1	18	12	2	22	29122	906	0	5	0	116,124,906
8814	227	2	1	5	1	0	0	1	15	77	4	23	5872	180	0	5	0	180
8814	229	2	1	5	1	0	0	1	15	77	4	23	5872	180	0	5	0	180
8814	230	1	1	6	0	1	1	0	19	12	2	23	5872	181	1	5	1	842
8814	233	2	1	5	1	0	0	1	15	77	4	23	5872	180	0	5	0	180
8814	234	1	1	6	0	1	1	0	19	12	2	23	5872	181	1	5	1	842
8814	236	1	1	6	0	1	1	0	19	12	2	23	5872	181	1	5	1	842
8814	241	3	11	4	1	0	0	5	17	11	3	23	510	15	0	4	0	118,176,240,348,432,496,618,688,752,944,1008
8814	242	2	6	5	1	0	0	2	21	1	1	23	11112	348	0	5	0	78,334,348,590,618,846
8814	244	2	6	5	1	0	0	2	21	1	1	23	11112	348	0	5	0	270,334,348,782,846,906
8814	248	2	6	5	1	0	0	2	21	1	1	23	19876	620	0	5	0	526,590,620,782,846,906
8814	271	3	11	4	1	0	0	5	19	1	1	21	510	15	0	4	0	342,618,832,848,864,880,908,960,976,992,1008
8814	279	2	1	5	1	0	0	1	17	3	2	21	11112	343	0	5	0	680
8814	283	2	1	5	1	0	0	1	17	3	2	21	19876	619	0	5	0	404
8814	285	2	1	5	1	0	0	1	17	3	2	21	29122	909	0	5	0	114
8814	286	3	11	4	1	0	0	5	19	1	1	21	510	14	0	4	0	14,30,46,62,142,158,174,190,342,618,908
8814	295	2	1	5	1	0	0	1	16	13	3	22	11112	341	0	5	0	682
8814	299	2	1	5	1	0	0	1	16	13	3	22	19876	617	0	5	0	406
8814	301	2	1	5	1	1	1	0	18	3	2	22	510	143	4096	4	1	880
8814	302	2	4	5	1	0	0	1	20	1	1	22	5872	190	0	5	0	142,158,174,190
8814	307	2	2	5	1	0	0	2	14	86	4	22	11112	342	0	5	0	342,406
8814	309	2	1	5	1	0	0	1	16	13	3	22	11112	342	0	5	0	342
8814	310	2	3	5	1	0	0	1	18	12	2	22	11112	342	0	5	0	342,680,684
8814	313	2	1	5	1	0	0	1	16	13	3	22	19876	618	0	5	0	618
8814	314	2	3	5	1	0	0	1	18	12	2	22	19876	618	0	5	0	404,412,618
8814	316	2	4	5	1	0	0	1	20	1	1	22	29122	910	0	5	0	142,398,654,910
8814	327	2	1	5	1	0	0	1	16	13	3	22	11112	341	0	5	0	682
8814	331	2	1	5	1	1	1	0	18	3	2	22	510	47	1024	4	1	976
8814	333	2	1	5	1	0	0	1	16	13	3	22	29122	905	0	5	0	118
8814	334	2	4	5	1	0	0	1	20	1	1	22	5872	190	0	5	0	46,62,174,190
8814	339	2	1	5	1	0	0	1	16	13	3	22	11112	342	0	5	0	342
8814	341	2	2	5	1	0	0	2	14	86	4	22	11112	342	0	5	0	118,342
8814	342	2	3	5	1	0	0	1	18	12	2	22	11112	342	0	5	0	342,680,684
8814	345	2	1	5	1	0	0	1	16	13	3	22	29122	905	0	5	0	118
8814	346	2	4	5	1	0	0	1	20	1	1	22	19876	622	0	5	0	46,110,558,622
8814	348	2	3	5	1	0	0	1	18	12	2	22	29122	906	0	5	0	116,124,906
8814	355	2	1	5	1	0	0	1	15	77	4	23	11112	338	0	5	0	338
8814	357	2	1	5	1	0	0	1	15	77	4	23	11112	338	0	5	0	338
8814	358	1	1	6	0	1	1	0	19	12	2	23	11112	339	1	5	1	684
8814	361	3	11	4	1	0	0	5	17	11	3	23	510	15	0	4	0	118,188,336,368,464,496,618,848,880,976,1008
8814	362	2	6	5	1	0	0	2	21	1	1	23	5872	188	0	5	0	46,174,188,558,618,686
8814	364	2	6	5	1	0	0	2	21	1	1	23	5872	188	0	5	0	142,174,188,654,686,906
8814	369	2	1	5	1	0	0	1	15	77	4	23	11112	340	0	5	0	340
8814	370	1	1	6	0	1	1	0	19	12	2	23	11112	341	1	5	1	682
8814	372	1	1	6	0	1	1	0	19	12	2	23	11112	341	1	5	1	682
8814	376	2	6	5	1	0	0	2	21	1	1	23	19876	620	0	5	0	526,558,620,654,686,906
8814	391	2	1	5	1	1	1	0	18	3	2	22	510	31	512	4	1	992
8814	395	2	1	5	1	0	0	1	16	13	3	22	19876	613	0	5	0	410
8814	397	2	1	5	1	0	0	1	16	13	3	22	29122	905	0	5	0	118
8814	398	2	4	5	1	0	0	1	20	1	1	22	5872	190	0	5	0	30,62,158,190
8814	403	2	1	5	1	0	0	1	16	13	3	22	19876	613	0	5	0	410
8814	405	2	1	5	1	0	0	1	16	13	3	22	29122	905	0	5	0	118
8814	406	2	4	5	1	0	0	1	20	1	1	22	11112	350	0	5	0	30,94,286,350
8814	409	2	2	5	1	0	0	2	14	86	4	22	19876	614	0	5	0	118,614
8814	410	2	3	5	1	0	0	1	18	12	2	22	19876	614	0	5	0	408,412,614
8814	412	2	3	5	1	0	0	1	18	12	2	22	29122	906	0	5	0	116,124,906
8814	419	2	1	5	1	0	0	1	15	77	4	23	19876	609	0	5	0	414
8814	421	3	11	4	1	0	0	5	17	11	3	23	510	15	0	4	0	118,188,346,608,624,736,752,864,880,992,1008
8814	422	2	6	5	1	0	0	2	21	1	1	23	5872	188	0	5	0	30,158,188,286,346,414
8814	425	2	1	5	1	0	0	1	15	77	4	23	19876	610	0	5	0	610
8814	426	1	1	6	0	1	1	0	19	12	2	23	19876	611	1	5	1	412
8814	428	2	6	5	1	0	0	2	21	1	1	23	5872	188	0	5	0	142,158,188,398,414,906
8814	433	2	1	5	1	0	0	1	15	77	4	23	19876	610	0	5	0	610
8814	434	1	1	6	0	1	1	0	19	12	2	23	19876	611	1	5	1	412
8814	436	2	6	5	1	0	0	2	21	1	1	23	11112	348	0	5	0	270,286,348,398,414,906
8814	440	1	1	6	0	1	1	0	19	12	2	23	19876	613	1	5	1	410
8814	451	3	11	4	1	0	0	5	17	11	3	23	510	15	0	4	0	188,346,406,896,912,928,944,960,976,992,1008
8814	453	2	1	5	1	0	0	1	15	77	4	23	29122	897	0	5	0	126
8814	454	2	6	5	1	0	0	2	21	1	1	23	5872	188	0	5	0	30,62,94,126,188,346
8814	457	2	1	5	1	0	0	1	15	77	4	23	29122	897	0	5	0	126
8814	458	2	6	5	1	0	0	2	21	1	1	23	5872	188	0	5	0	46,62,110,126,188,618
8814	460	1	1	6	0	1	1	0	19	12	2	23	29122	899	1	5	1	124
8814	465	2	1	5	1	0	0	1	15	77	4	23	29122	897	0	5	0	126
8814	466	2	6	5	1	0	0	2	21	1	1	23	11112	348	0	5	0	78,94,110,126,348,618
8814	468	1	1	6	0	1	1	0	19	12	2	23	29122	899	1	5	1	124
8814	472	1	1	6	0	1	1	0	19	12	2	23	29122	899	1	5	1	124
8814	481	3	5	4	1	0	0	5	16	75	4	24	510	15	0	4	0	126,184,340,610,1008
8814	482	2	6	5	1	0	0	3	22	1	1	24	5872	184	0	5	0	184,340,412,610,682,838
8814	484	2	6	5	1	0	0	3	22	1	1	24	5872	184	0	5	0	124,184,340,682,838,898
8814	488	2	6	5	1	0	0	3	22	1	1	24	5872	184	0	5	0	124,184,410,612,838,898
8814	496	2	6	5	1	0	0	3	22	1	1	24	11112	344	0	5	0	124,344,410,612,678,898
8814	527	2	1	5	1	0	0	1	17	3	2	21	5872	175	0	5	0	848
8814	535	2	1	5	1	0	0	1	17	3	2	21	11112	343	0	5	0	680
8814	539	3	11	4	1	0	0	5	19	1	1	21	510	31	0	4	0	174,342,388,396,404,412,900,908,916,924,992
8814	541	3	11	4	1	0	0	5	19	1	1	21	510	31	0	4	0	98,106,114,122,174,342,610,618,626,634,992
8814	542	2	1	5	1	0	0	1	17	3	2	21	510	30	0	5	0	30
8814	551	2	2	5	1	0	0	2	14	86	4	22	5872	174	0	5	0	174,682
8814	555	2	1	5	1	0	0	1	16	13	3	22	5872	174	0	5	0	174
8814	557	2	3	5	1	0	0	1	18	12	2	22	5872	174	0	5	0	174,848,880
8814	558	2	1	5	1	0	0	1	16	13	3	22	5872	174	0	5	0	174
8814	563	2	1	5	1	0	0	1	16	13	3	22	11112	342	0	5	0	342
8814	565	2	3	5	1	0	0	1	18	12	2	22	11112	342	0	5	0	342,680,744
8814	566	2	1	5	1	0	0	1	16	13	3	22	11112	342	0	5	0	342
8814	569	2	4	5	1	0	0	1	20	1	1	22	19876	634	0	5	0	610,618,626,634
8814	570	2	1	5	1	1	1	0	18	3	2	22	29122	412	16384	4	1	412
8814	572	2	4	5	1	0	0	1	20	1	1	22	510	30	0	5	0	30,158,286,414
8814	583	2	2	5	1	0	0	2	14	86	4	22	5872	174	0	5	0	174,682
8814	587	2	3	5	1	0	0	1	18	12	2	22	5872	174	0	5	0	174,848,976
8814	589	2	1	5	1	0	0	1	16	13	3	22	5872	174	0	5	0	174
8814	590	2	1	5	1	0	0	1	16	13	3	22	5872	174	0	5	0	174
8814	595	2	3	5	1	0	0	1	18	12	2	22	11112	342	0	5	0	342,680,936
8814	597	2	1	5	1	0	0	1	16	13	3	22	11112	342	0	5	0	342
8814	598	2	1	5	1	0	0	1	16	13	3	22	11112	342	0	5	0	342
8814	601	2	4	5	1	0	0	1	20	1	1	22	29122	921	0	5	0	102,110,118,126
8814	602	2	4	5	1	0	0	1	20	1	1	22	510	30	0	5	0	30,62,94,126
8814	604	2	1	5	1	1	1	0	18	3	2	22	19876	124	16384	4	1	124
8814	611	2	4	5	1	0	0	2	15	86	4	23	5872	172	0	5	0	172,338,684,850
8814	613	2	4	5	1	0	0	2	15	86	4	23	5872	172	0	5	0	172,338,684,850
8814	614	2	4	5	1	0	0	2	15	86	4	23	5872	172	0	5	0	172,338,684,850
8814	617	2	4	5	1	0	0	1	19	3	2	23	5872	172	0	5	0	172,174,848,850
8814	618	2	4	5	1	0	0	1	19	3	2	23	5872	172	0	5	0	172,174,848,850
8814	620	2	4	5	1	0	0	1	19	3	2	23	5872	172	0	5	0	172,174,848,850
8814	625	2	4	5	1	0	0	1	19	3	2	23	11112	340	0	5	0	340,342,680,682
8814	626	2	4	5	1	0	0	1	19	3	2	23	11112	340	0	5	0	340,342,680,682
8814	628	2	4	5	1	0	0	1	19	3	2	23	11112	340	0	5	0	340,342,680,682
8814	632	2	6	5	1	0	0	3	23	0	0	23	510	30	0	5	0	30,124,410,542,636,922
8814	647	3	3	4	1	0	0	3	14	77	4	22	510	31	0	4	0	174,674,992
8814	651	3	3	4	1	0	0	3	14	77	4	22	5872	174	0	4	0	174,394,920
8814	653	3	3	4	1	0	0	3	14	77	4	22	5872	174	0	4	0	102,174,628
8814	654	3	3	4	1	0	0	3	14	77	4	22	510	30	0	4	0	30,174,348
8814	659	3	9	4	1	0	0	4	16	13	3	22	510	31	0	4	0	286,350,394,410,904,920,928,936,992
8814	661	3	9	4	1	0	0	4	16	13	3	22	510	31	0	4	0	94,102,118,350,612,628,736,740,992
8814	662	2	4	5	1	0	0	2	16	11	3	22	510	30	0	5	0	30,94,286,350
8814	665	2	4	5	1	0	0	2	16	11	3	22	19876	630	0	5	0	102,118,614,630
8814	666	3	9	4	1	0	0	4	16	13	3	22	510	30	0	4	0	30,94,118,284,348,408,412,630,920
8814	668	3	9	4	1	0	0	4	16	13	3	22	510	30	0	4	0	30,92,116,124,286,348,410,628,922
8814	675	3	3	4	1	0	0	3	15	236	5	23	5872	172	0	4	0	172,346,398
8814	677	3	9	4	1	0	0	4	15	86	4	23	510	31	0	4	0	172,346,624,676,736,740,850,880,992
8814	678	2	1	5	1	0	0	1	15	77	4	23	11112	346	0	5	0	346
8814	681	2	1	5	1	0	0	1	15	77	4	23	19876	626	0	5	0	626
8814	682	3	9	4	1	0	0	4	15	86	4	23	5872	172	0	4	0	172,344,396,408,412,626,850,856,920
8814	684	3	20	4	1	0	0	5	17	13	3	23	510	30	0	4	0	30,142,158,172,174,282,286,344,346,398,410,414,624,794,848,850,856,858,880,922
8814	689	2	3	5	1	0	0	1	17	13	3	23	19876	626	0	5	0	610,626,738
8814	690	2	3	5	1	0	0	1	17	13	3	23	11112	348	0	5	0	284,348,412
8814	692	1	1	6	0	1	1	0	19	3	2	23	510	286	8192	5	1	286
8814	696	1	1	6	0	1	1	0	19	3	2	23	29122	410	16384	5	1	410
8814	707	3	9	4	1	0	0	4	15	86	4	23	510	31	0	4	0	172,346,676,850,912,928,932,976,992
8814	709	3	3	4	1	0	0	3	15	236	5	23	5872	172	0	4	0	110,172,346
8814	710	2	1	5	1	0	0	1	15	77	4	23	11112	346	0	5	0	346
8814	713	2	1	5	1	0	0	1	15	77	4	23	29122	913	0	5	0	110
8814	714	3	20	4	1	0	0	5	17	13	3	23	510	30	0	4	0	30,46,62,90,94,110,122,126,172,174,344,346,602,634,848,850,856,858,912,976
8814	716	3	9	4	1	0	0	4	15	86	4	23	5872	172	0	4	0	108,120,124,172,344,632,850,856,914
8814	721	2	3	5	1	0	0	1	17	13	3	23	29122	913	0	5	0	94,110,126
8814	722	1	1	6	0	1	1	0	19	3	2	23	510	94	2048	5	1	94
8814	724	2	3	5	1	0	0	1	17	13	3	23	11112	348	0	5	0	92,124,348
8814	728	1	1	6	0	1	1	0	19	3	2	23	19876	124	16384	5	1	124
8814	737	3	11	4	1	0	0	5	16	77	4	24	510	31	0	4	0	110,168,170,340,342,626,680,682,852,854,992
8814	738	2	4	5	1	0	0	1	18	13	3	24	11112	340	0	5	0	340,342,852,854
8814	740	2	4	5	1	0	0	1	18	13	3	24	11112	340	0	5	0	340,342,852,854
8814	744	2	6	5	1	0	0	2	20	3	2	24	19876	628	0	5	0	628,848,850,852,854,914
8814	752	2	13	5	1	0	0	4	22	1	1	24	510	30	0	5	0	30,92,94,124,282,286,344,346,348,350,410,628,914
8814	775	3	3	4	1	0	0	3	14	77	4	22	510	31	0	4	0	190,690,992
8814	779	3	9	4	1	0	0	4	16	13	3	22	510	31	0	4	0	158,190,394,410,904,920,960,968,992
8814	781	3	9	4	1	0	0	4	16	13	3	22	510	31	0	4	0	62,102,118,190,612,628,864,868,992
8814	782	2	4	5	1	0	0	2	16	11	3	22	510	30	0	5	0	30,62,158,190
8814	787	3	3	4	1	0	0	3	14	77	4	22	11112	334	0	4	0	334,394,920
8814	789	3	3	4	1	0	0	3	14	77	4	22	11112	334	0	4	0	102,334,628
8814	790	3	3	4	1	0	0	3	14	77	4	22	510	30	0	4	0	30,188,334
8814	793	2	4	5	1	0	0	2	16	11	3	22	19876	630	0	5	0	102,118,614,630
8814	794	3	9	4	1	0	0	4	16	13	3	22	510	30	0	4	0	30,62,118,156,188,408,412,630,920
8814	796	3	9	4	1	0	0	4	16	13	3	22	510	30	0	4	0	30,60,116,124,158,188,410,628,922
8814	803	3	3	4	1	0	0	3	15	236	5	23	5872	188	0	4	0	188,330,398
8814	805	3	9	4	1	0	0	4	15	86	4	23	510	31	0	4	0	188,330,624,692,752,834,864,866,992
8814	806	2	1	5	1	0	0	1	15	77	4	23	5872	188	0	5	0	188
8814	809	2	3	5	1	0	0	1	17	13	3	23	19876	626	0	5	0	610,626,866
8814	810	2	3	5	1	0	0	1	17	13	3	23	5872	188	0	5	0	156,188,412
8814	812	1	1	6	0	1	1	0	19	3	2	23	510	158	4096	5	1	158
8814	817	2	1	5	1	0	0	1	15	77	4	23	19876	626	0	5	0	626
8814	818	3	9	4	1	0	0	4	15	86	4	23	5872	184	0	4	0	184,332,396,408,412,626,690,696,920
8814	820	3	20	4	1	0	0	5	17	13	3	23	510	30	0	4	0	30,154,158,184,186,270,286,332,334,398,410,414,624,666,688,690,696,698,752,922
8814	824	1	1	6	0	1	1	0	19	3	2	23	29122	410	16384	5	1	410
8814	835	3	9	4	1	0	0	4	15	86	4	23	510	31	0	4	0	188,330,692,834,912,944,960,962,992
8814	837	3	3	4	1	0	0	3	15	236	5	23	5872	188	0	4	0	110,188,330
8814	838	2	1	5	1	0	0	1	15	77	4	23	5872	188	0	5	0	188
8814	841	2	3	5	1	0	0	1	17	13	3	23	29122	913	0	5	0	62,110,126
8814	842	1	1	6	0	1	1	0	19	3	2	23	510	62	1024	5	1	62
8814	844	2	3	5	1	0	0	1	17	13	3	23	5872	188	0	5	0	60,124,188
8814	849	2	1	5	1	0	0	1	15	77	4	23	29122	913	0	5	0	110
8814	850	3	20	4	1	0	0	5	17	13	3	23	510	30	0	4	0	30,58,62,78,94,110,122,126,184,186,332,334,570,634,688,690,696,698,912,944
8814	852	3	9	4	1	0	0	4	15	86	4	23	5872	184	0	4	0	108,120,124,184,332,632,690,696,914
8814	856	1	1	6	0	1	1	0	19	3	2	23	19876	124	16384	5	1	124
8814	865	3	11	4	1	0	0	5	16	77	4	24	510	31	0	4	0	110,184,186,324,326,626,696,698,836,838,992
8814	866	2	4	5	1	0	0	1	18	13	3	24	5872	184	0	5	0	184,186,696,698
8814	868	2	4	5	1	0	0	1	18	13	3	24	5872	184	0	5	0	184,186,696,698
8814	872	2	13	5	1	0	0	4	22	1	1	24	510	30	0	5	0	30,60,62,124,154,158,184,186,188,190,410,628,914
8814	880	2	6	5	1	0	0	2	20	3	2	24	19876	628	0	5	0	628,688,690,692,694,914
8814	899	3	3	4	1	0	0	3	13	94	5	23	510	31	0	4	0	406,912,992
8814	901	3	3	4	1	0	0	3	13	94	5	23	510	31	0	4	0	110,616,992
8814	902	2	1	5	1	0	0	1	15	75	4	23	510	30	0	5	0	30
8814	905	2	2	5	1	0	0	2	13	94	5	23	19876	618	0	5	0	110,618
8814	906	3	9	4	1	0	0	4	15	77	4	23	510	30	0	4	0	30,62,110,156,188,404,412,618,912
8814	908	3	9	4	1	0	0	4	15	77	4	23	510	30	0	4	0	30,60,108,124,158,188,406,616,914
8814	913	2	2	5	1	0	0	2	13	94	5	23	19876	618	0	5	0	110,618
8814	914	3	9	4	1	0	0	4	15	77	4	23	510	30	0	4	0	30,94,110,284,348,404,412,618,912
8814	916	3	9	4	1	0	0	4	15	77	4	23	510	30	0	4	0	30,92,108,124,286,348,406,616,914
8814	920	2	4	5	1	0	0	2	15	86	4	23	19876	620	0	5	0	108,402,620,914
8814	929	2	1	5	1	0	0	1	14	94	5	24	19876	610	0	5	0	610
8814	930	2	1	5	1	1	1	0	16	77	4	24	19876	611	1	4	1	412
8814	932	2	4	5	1	0	0	1	18	11	3	24	510	30	0	5	0	30,158,286,414
8814	936	1	1	6	0	1	1	0	18	13	3	24	19876	613	1	5	1	410
8814	944	1	1	6	0	1	1	0	18	13	3	24	19876	613	1	5	1	410
8814	961	2	1	5	1	0	0	1	14	94	5	24	29122	897	0	5	0	126
8814	962	2	4	5	1	0	0	1	18	11	3	24	510	30	0	5	0	30,62,94,126
8814	964	2	1	5	1	1	1	0	16	77	4	24	29122	899	1	4	1	124
8814	968	1	1	6	0	1	1	0	18	13	3	24	29122	899	1	5	1	124
8814	976	1	1	6	0	1	1	0	18	13	3	24	29122	899	1	5	1	124
8814	992	2	6	5	1	0	0	3	21	3	2	25	510	30	0	5	0	30,124,410,612,898,992
8814	1039	2	1	5	1	0	0	1	17	3	2	21	5872	175	0	5	0	848
8814	1047	3	11	4	1	0	0	5	19	1	1	21	510	31	0	4	0	174,602,648,652,664,668,904,908,920,924,992
8814	1051	2	1	5	1	0	0	1	17	3	2	21	19876	603	0	5	0	420
8814	1053	3	11	4	1	0	0	5	19	1	1	21	510	31	0	4	0	98,102,114,118,174,354,358,370,374,602,992
8814	1054	2	1	5	1	0	0	1	17	3	2	21	510	30	0	5	0	30
8814	1063	2	1	5	1	0	0	1	16	13	3	22	5872	174	0	5	0	174
8814	1067	2	2	5	1	0	0	2	14	86	4	22	5872	174	0	5	0	174,422
8814	1069	2	3	5	1	0	0	1	18	12	2	22	5872	174	0	5	0	174,848,880
8814	1070	2	1	5	1	0	0	1	16	13	3	22	5872	174	0	5	0	174
8814	1075	2	1	5	1	0	0	1	16	13	3	22	19876	601	0	5	0	422
8814	1077	2	4	5	1	0	0	1	20	1	1	22	11112	374	0	5	0	354,358,370,374
8814	1078	2	1	5	1	1	1	0	18	3	2	22	29122	668	8192	4	1	668
8814	1081	2	3	5	1	0	0	1	18	12	2	22	19876	602	0	5	0	420,484,602
8814	1082	2	1	5	1	0	0	1	16	13	3	22	19876	602	0	5	0	602
8814	1084	2	4	5	1	0	0	1	20	1	1	22	510	30	0	5	0	30,158,542,670
8814	1095	3	3	4	1	0	0	3	14	77	4	22	5872	174	0	4	0	174,650,920
8814	1099	3	3	4	1	0	0	3	14	77	4	22	510	31	0	4	0	174,418,992
8814	1101	3	3	4	1	0	0	3	14	77	4	22	5872	174	0	4	0	102,174,372
8814	1102	3	3	4	1	0	0	3	14	77	4	22	510	30	0	4	0	30,174,604
8814	1107	3	9	4	1	0	0	4	16	13	3	22	510	31	0	4	0	358,374,418,482,904,920,928,936,992
8814	1109	2	4	5	1	0	0	2	16	11	3	22	11112	374	0	5	0	102,118,358,374
8814	1110	3	9	4	1	0	0	4	16	13	3	22	510	30	0	4	0	30,94,118,374,540,604,664,668,920
8814	1113	3	9	4	1	0	0	4	16	13	3	22	510	31	0	4	0	94,102,118,356,372,480,484,606,992
8814	1114	2	4	5	1	0	0	2	16	11	3	22	510	30	0	5	0	30,94,542,606
8814	1116	3	9	4	1	0	0	4	16	13	3	22	510	30	0	4	0	30,92,116,124,372,542,604,666,922
8814	1123	3	3	4	1	0	0	3	15	236	5	23	5872	172	0	4	0	172,370,422
8814	1125	2	1	5	1	0	0	1	15	77	4	23	11112	370	0	5	0	370
8814	1126	3	9	4	1	0	0	4	15	86	4	23	5872	172	0	4	0	172,370,600,652,664,668,850,856,920
8814	1129	3	9	4	1	0	0	4	15	86	4	23	510	31	0	4	0	172,368,420,480,484,602,850,880,992
8814	1130	2	1	5	1	0	0	1	15	77	4	23	19876	602	0	5	0	602
8814	1132	3	20	4	1	0	0	5	17	13	3	23	510	30	0	4	0	30,142,158,172,174,368,538,542,600,602,654,666,670,794,848,850,856,858,880,922
8814	1137	2	3	5	1	0	0	1	17	13	3	23	11112	372	0	5	0	356,372,484
8814	1138	2	3	5	1	0	0	1	17	13	3	23	19876	602	0	5	0	538,602,666
8814	1140	1	1	6	0	1	1	0	19	3	2	23	29122	666	8192	5	1	666
8814	1144	1	1	6	0	1	1	0	19	3	2	23	510	542	16384	5	1	542
8814	1159	2	3	5	1	0	0	1	18	12	2	22	5872	174	0	5	0	174,848,976
8814	1163	2	2	5	1	0	0	2	14	86	4	22	5872	174	0	5	0	174,426
8814	1165	2	1	5	1	0	0	1	16	13	3	22	5872	174	0	5	0	174
8814	1166	2	1	5	1	0	0	1	16	13	3	22	5872	174	0	5	0	174
8814	1171	2	3	5	1	0	0	1	18	12	2	22	19876	597	0	5	0	424,426,936
8814	1173	2	4	5	1	0	0	1	20	1	1	22	29122	921	0	5	0	102,110,118,126
8814	1174	2	4	5	1	0	0	1	20	1	1	22	510	30	0	5	0	30,62,94,126
8814	1177	2	1	5	1	0	0	1	16	13	3	22	19876	598	0	5	0	598
8814	1178	2	1	5	1	0	0	1	16	13	3	22	19876	598	0	5	0	598
8814	1180	2	1	5	1	1	1	0	18	3	2	22	11112	124	8192	4	1	124
8814	1187	2	4	5	1	0	0	2	15	86	4	23	5872	172	0	5	0	172,174,428,430
8814	1189	2	4	5	1	0	0	1	19	3	2	23	5872	172	0	5	0	172,174,848,850
8814	1190	2	4	5	1	0	0	1	19	3	2	23	5872	172	0	5	0	172,174,848,850
8814	1193	2	4	5	1	0	0	2	15	86	4	23	5872	172	0	5	0	172,428,594,850
8814	1194	2	4	5	1	0	0	2	15	86	4	23	5872	172	0	5	0	172,428,594,850
8814	1196	2	4	5	1	0	0	1	19	3	2	23	5872	172	0	5	0	172,174,848,850
8814	1201	2	4	5	1	0	0	1	19	3	2	23	19876	594	0	5	0	424,428,594,598
8814	1202	2	4	5	1	0	0	1	19	3	2	23	19876	594	0	5	0	424,428,594,598
8814	1204	2	6	5	1	0	0	3	23	0	0	23	510	30	0	5	0	30,124,286,380,666,922
8814	1208	2	4	5	1	0	0	1	19	3	2	23	19876	596	0	5	0	424,426,596,598
8814	1219	3	9	4	1	0	0	4	15	86	4	23	510	31	0	4	0	172,174,420,422,912,928,932,976,992
8814	1221	2	1	5	1	0	0	1	15	77	4	23	29122	913	0	5	0	110
8814	1222	3	20	4	1	0	0	5	17	13	3	23	510	30	0	4	0	30,46,62,90,94,110,122,126,172,174,346,378,600,602,848,850,856,858,912,976
8814	1225	3	3	4	1	0	0	3	15	236	5	23	5872	172	0	4	0	110,172,602
8814	1226	2	1	5	1	0	0	1	15	77	4	23	19876	602	0	5	0	602
8814	1228	3	9	4	1	0	0	4	15	86	4	23	5872	172	0	4	0	108,120,124,172,376,600,850,856,914
8814	1233	2	3	5	1	0	0	1	17	13	3	23	29122	913	0	5	0	94,110,126
8814	1234	1	1	6	0	1	1	0	19	3	2	23	510	94	2048	5	1	94
8814	1236	1	1	6	0	1	1	0	19	3	2	23	11112	124	8192	5	1	124
8814	1240	2	3	5	1	0	0	1	17	13	3	23	19876	604	0	5	0	92,124,604
8814	1249	3	11	4	1	0	0	5	16	77	4	24	510	31	0	4	0	110,168,172,372,424,428,594,598,850,854,992
8814	1250	2	4	5	1	0	0	1	18	13	3	24	19876	594	0	5	0	594,598,850,854
8814	1252	2	6	5	1	0	0	2	20	3	2	24	11112	372	0	5	0	372,848,850,852,854,914
8814	1256	2	4	5	1	0	0	1	18	13	3	24	19876	596	0	5	0	596,598,852,854
8814	1264	2	13	5	1	0	0	4	22	1	1	24	510	30	0	5	0	30,92,94,124,376,534,542,596,598,604,606,662,914
8814	1287	3	9	4	1	0	0	4	16	13	3	22	510	31	0	4	0	158,190,658,666,912,920,960,976,992
8814	1291	3	3	4	1	0	0	3	14	77	4	22	510	31	0	4	0	190,426,992
8814	1293	3	9	4	1	0	0	4	16	13	3	22	510	31	0	4	0	62,102,110,190,356,364,864,868,992
8814	1294	2	4	5	1	0	0	2	16	11	3	22	510	30	0	5	0	30,62,158,190
8814	1299	3	3	4	1	0	0	3	14	77	4	22	11112	366	0	4	0	366,426,920
8814	1301	2	4	5	1	0	0	2	16	11	3	22	11112	366	0	5	0	102,110,358,366
8814	1302	3	9	4	1	0	0	4	16	13	3	22	510	30	0	4	0	30,62,110,156,188,366,664,668,920
8814	1305	3	3	4	1	0	0	3	14	77	4	22	11112	364	0	4	0	102,364,598
8814	1306	3	3	4	1	0	0	3	14	77	4	22	510	30	0	4	0	30,188,598
8814	1308	3	9	4	1	0	0	4	16	13	3	22	510	30	0	4	0	30,60,108,124,158,188,364,666,922
8814	1315	3	3	4	1	0	0	3	15	236	5	23	5872	188	0	4	0	188,362,430
8814	1317	2	3	5	1	0	0	1	17	13	3	23	11112	362	0	5	0	354,362,866
8814	1318	2	3	5	1	0	0	1	17	13	3	23	5872	188	0	5	0	156,188,668
8814	1321	3	9	4	1	0	0	4	15	86	4	23	510	31	0	4	0	188,360,428,488,594,834,864,866,992
8814	1322	2	1	5	1	0	0	1	15	77	4	23	5872	188	0	5	0	188
8814	1324	1	1	6	0	1	1	0	19	3	2	23	510	158	4096	5	1	158
8814	1329	2	1	5	1	0	0	1	15	77	4	23	11112	364	0	5	0	364
8814	1330	3	9	4	1	0	0	4	15	86	4	23	5872	184	0	4	0	184,364,428,440,594,658,664,666,920
8814	1332	1	1	6	0	1	1	0	19	3	2	23	29122	666	8192	5	1	666
8814	1336	3	20	4	1	0	0	5	17	13	3	23	510	30	0	4	0	30,154,158,184,186,360,410,424,426,440,442,488,534,542,596,598,662,666,670,922
8814	1347	3	3	4	1	0	0	3	13	94	5	23	510	31	0	4	0	362,912,992
8814	1349	2	2	5	1	0	0	2	13	94	5	23	11112	362	0	5	0	110,362
8814	1350	3	9	4	1	0	0	4	15	77	4	23	510	30	0	4	0	30,62,110,156,188,362,660,668,912
8814	1353	3	3	4	1	0	0	3	13	94	5	23	510	31	0	4	0	110,360,992
8814	1354	2	1	5	1	0	0	1	15	75	4	23	510	30	0	5	0	30
8814	1356	3	9	4	1	0	0	4	15	77	4	23	510	30	0	4	0	30,60,108,124,158,188,360,662,914
8814	1361	2	2	5	1	0	0	2	13	94	5	23	11112	364	0	5	0	110,364
8814	1362	3	9	4	1	0	0	4	15	77	4	23	510	30	0	4	0	30,94,110,364,538,602,658,666,912
8814	1364	2	4	5	1	0	0	2	15	86	4	23	11112	364	0	5	0	108,364,658,914
8814	1368	3	9	4	1	0	0	4	15	77	4	23	510	30	0	4	0	30,92,108,124,360,542,604,662,914
8814	1377	2	1	5	1	0	0	1	14	94	5	24	11112	356	0	5	0	356
8814	1378	2	1	5	1	1	1	0	16	77	4	24	11112	357	1	4	1	666
8814	1380	1	1	6	0	1	1	0	18	13	3	24	11112	357	1	5	1	666
8814	1384	2	4	5	1	0	0	1	18	11	3	24	510	30	0	5	0	30,158,542,670
8814	1392	1	1	6	0	1	1	0	18	13	3	24	11112	361	1	5	1	662
8814	1411	3	9	4	1	0	0	4	15	86	4	23	510	31	0	4	0	62,188,190,436,438,912,944,960,992
8814	1413	2	3	5	1	0	0	1	17	13	3	23	29122	913	0	5	0	62,110,126
8814	1414	1	1	6	0	1	1	0	19	3	2	23	510	62	512	5	1	62
8814	1417	3	3	4	1	0	0	3	15	236	5	23	5872	188	0	4	0	110,188,586
8814	1418	2	1	5	1	0	0	1	15	77	4	23	5872	188	0	5	0	188
8814	1420	2	3	5	1	0	0	1	17	13	3	23	5872	188	0	5	0	60,124,188
8814	1425	2	1	5	1	0	0	1	15	77	4	23	29122	913	0	5	0	110
8814	1426	3	20	4	1	0	0	5	17	13	3	23	510	30	0	4	0	30,60,62,78,94,110,124,126,184,188,316,380,432,436,440,444,586,590,912,944
8814	1428	1	1	6	0	1	1	0	19	3	2	23	11112	124	8192	5	1	124
8814	1432	3	9	4	1	0	0	4	15	86	4	23	5872	184	0	4	0	108,120,124,184,376,434,440,588,914
8814	1441	3	11	4	1	0	0	5	16	77	4	24	510	31	0	4	0	110,184,188,372,440,444,578,582,834,838,992
8814	1442	2	4	5	1	0	0	1	18	13	3	24	5872	184	0	5	0	184,188,440,444
8814	1444	2	13	5	1	0	0	4	22	1	1	24	510	30	0	5	0	30,60,62,124,154,158,184,186,188,190,372,666,914
8814	1448	2	4	5	1	0	0	1	18	13	3	24	5872	184	0	5	0	184,186,440,442
8814	1456	2	6	5	1	0	0	2	20	3	2	24	11112	376	0	5	0	376,432,434,440,442,914
8814	1473	2	1	5	1	0	0	1	14	94	5	24	29122	897	0	5	0	126
8814	1474	2	4	5	1	0	0	1	18	11	3	24	510	30	0	5	0	30,62,94,126
8814	1476	1	1	6	0	1	1	0	18	13	3	24	29122	899	1	5	1	124
8814	1480	2	1	5	1	1	1	0	16	77	4	24	29122	899	1	4	1	124
8814	1488	1	1	6	0	1	1	0	18	13	3	24	29122	899	1	5	1	124
8814	1504	2	6	5	1	0	0	3	21	3	2	25	510	30	0	5	0	30,124,360,662,898,992
8814	1543	2	1	5	1	0	0	1	16	13	3	22	5872	158	0	5	0	158
8814	1547	2	1	5	1	0	0	1	16	13	3	22	5872	158	0	5	0	158
8814	1549	2	3	5	1	0	0	1	18	12	2	22	5872	158	0	5	0	158,864,868
8814	1550	2	2	5	1	0	0	2	14	86	4	22	510	62	0	5	0	62,158
8814	1555	2	1	5	1	1	1	0	18	3	2	22	29122	920	256	4	1	920
8814	1557	2	4	5	1	0	0	1	20	1	1	22	11112	366	0	5	0	102,110,358,366
8814	1558	2	1	5	1	0	0	1	16	13	3	22	510	62	0	5	0	62
8814	1561	2	4	5	1	0	0	1	20	1	1	22	19876	630	0	5	0	102,118,614,630
8814	1562	2	1	5	1	0	0	1	16	13	3	22	510	62	0	5	0	62
8814	1564	2	3	5	1	0	0	1	18	12	2	22	510	62	0	5	0	60,62,124
8814	1571	2	1	5	1	0	0	1	15	77	4	23	5872	156	0	5	0	156
8814	1573	1	1	6	0	1	1	0	19	12	2	23	5872	157	2	5	1	866
8814	1574	2	1	5	1	0	0	1	15	77	4	23	5872	156	0	5	0	156
8814	1577	1	1	6	0	1	1	0	19	12	2	23	5872	157	2	5	1	866
8814	1578	2	1	5	1	0	0	1	15	77	4	23	5872	156	0	5	0	156
8814	1580	1	1	6	0	1	1	0	19	12	2	23	5872	158	2	5	1	158
8814	1585	2	6	5	1	0	0	2	21	1	1	23	11112	364	0	5	0	102,358,364,614,626,870
8814	1586	3	11	4	1	0	0	5	17	11	3	23	510	62	0	4	0	62,152,184,364,408,440,626,664,696,920,952
8814	1588	2	6	5	1	0	0	2	21	1	1	23	510	62	0	5	0	62,154,186,364,666,698
8814	1592	2	6	5	1	0	0	2	21	1	1	23	510	62	0	5	0	62,154,186,410,442,628
8814	1603	3	9	4	1	0	0	4	15	86	4	23	510	63	0	4	0	156,362,660,866,912,916,944,960,992
8814	1605	2	1	5	1	0	0	1	15	77	4	23	11112	362	0	5	0	362
8814	1606	3	3	4	1	0	0	3	15	236	5	23	510	62	0	4	0	62,156,362
8814	1609	3	20	4	1	0	0	5	17	13	3	23	510	63	0	4	0	30,62,78,94,106,110,122,126,156,158,360,362,618,634,864,866,872,874,960,992
8814	1610	2	1	5	1	0	0	1	15	77	4	23	510	62	0	5	0	62
8814	1612	3	9	4	1	0	0	4	15	86	4	23	510	62	0	4	0	60,62,120,124,156,158,360,632,872
8814	1617	1	1	6	0	1	1	0	19	3	2	23	29122	913	256	5	1	110
8814	1618	2	3	5	1	0	0	1	17	13	3	23	510	62	0	5	0	62,110,126
8814	1620	2	3	5	1	0	0	1	17	13	3	23	11112	364	0	5	0	108,124,364
8814	1624	1	1	6	0	1	1	0	19	3	2	23	19876	124	16384	5	1	124
8814	1633	2	4	5	1	0	0	1	18	13	3	24	11112	356	0	5	0	356,358,868,870
8814	1634	3	11	4	1	0	0	5	16	77	4	24	510	62	0	4	0	62,152,154,356,358,626,664,666,868,870,944
8814	1636	2	4	5	1	0	0	1	18	13	3	24	11112	356	0	5	0	154,356,666,868
8814	1640	2	6	5	1	0	0	2	20	3	2	24	510	62	0	5	0	62,154,158,628,864,868
8814	1648	2	13	5	1	0	0	4	22	1	1	24	510	62	0	5	0	62,108,124,360,364,566,628,658,662,690,694,914,946
8814	1667	3	9	4	1	0	0	4	15	86	4	23	510	63	0	4	0	156,158,404,406,912,916,944,960,992
8814	1669	3	20	4	1	0	0	5	17	13	3	23	510	63	0	4	0	30,62,78,94,106,110,122,126,156,158,362,378,616,618,864,866,872,874,960,992
8814	1670	2	1	5	1	0	0	1	15	77	4	23	510	62	0	5	0	62
8814	1673	2	1	5	1	0	0	1	15	77	4	23	19876	618	0	5	0	618
8814	1674	3	3	4	1	0	0	3	15	236	5	23	510	62	0	4	0	62,156,618
8814	1676	3	9	4	1	0	0	4	15	86	4	23	510	62	0	4	0	60,62,120,124,156,158,376,616,872
8814	1681	1	1	6	0	1	1	0	19	3	2	23	29122	913	256	5	1	110
8814	1682	2	3	5	1	0	0	1	17	13	3	23	510	62	0	5	0	62,110,126
8814	1684	1	1	6	0	1	1	0	19	3	2	23	11112	124	8192	5	1	124
8814	1688	2	3	5	1	0	0	1	17	13	3	23	19876	620	0	5	0	108,124,620
8814	1697	2	4	5	1	0	0	1	18	13	3	24	19876	610	0	5	0	610,614,866,870
8814	1698	3	11	4	1	0	0	5	16	77	4	24	510	62	0	4	0	62,152,156,372,408,412,610,614,866,870,944
8814	1700	2	6	5	1	0	0	2	20	3	2	24	510	62	0	5	0	62,154,158,372,864,868
8814	1704	2	4	5	1	0	0	1	18	13	3	24	19876	612	0	5	0	154,410,612,868
8814	1712	2	13	5	1	0	0	4	22	1	1	24	510	62	0	5	0	62,108,124,314,376,402,410,434,442,612,620,914,946
8814	1729	2	3	5	1	0	0	1	16	86	4	24	29122	929	0	5	0	94,118,126
8814	1730	2	3	5	1	0	0	1	16	86	4	24	510	62	0	5	0	62,118,126
8814	1732	2	3	5	1	0	0	1	16	86	4	24	11112	372	0	5	0	116,124,372
8814	1736	2	3	5	1	0	0	1	16	86	4	24	19876	628	0	5	0	116,124,628
8814	1744	0	1	7	0	2	2	0	20	12	2	24	510	124	2050	5	2	124
8814	1760	2	13	5	1	0	0	4	21	12	2	25	510	62	0	5	0	62,108,124,360,364,612,620,864,868,872,876,930,992
8814	1795	3	3	4	1	0	0	3	13	94	5	23	510	63	0	4	0	188,944,960
8814	1797	3	9	4	1	0	0	4	15	77	4	23	510	63	0	4	0	62,78,94,188,330,346,834,842,960
8814	1798	2	2	5	1	0	0	2	13	94	5	23	510	62	0	5	0	62,188
8814	1801	3	9	4	1	0	0	4	15	77	4	23	510	63	0	4	0	62,78,110,188,586,618,834,842,960
8814	1802	2	2	5	1	0	0	2	13	94	5	23	510	62	0	5	0	62,188
8814	1804	2	4	5	1	0	0	2	15	86	4	23	510	62	0	5	0	60,62,188,190
8814	1809	2	1	5	1	0	0	1	15	75	4	23	29122	945	0	5	0	78
8814	1810	3	3	4	1	0	0	3	13	94	5	23	510	62	0	4	0	62,184,944
8814	1812	3	9	4	1	0	0	4	15	77	4	23	510	62	0	4	0	60,62,92,124,184,186,348,690,946
8814	1816	3	9	4	1	0	0	4	15	77	4	23	510	62	0	4	0	60,62,108,124,184,186,434,620,946
8814	1825	2	1	5	1	1	1	0	16	77	4	24	5872	185	2	4	1	838
8814	1826	2	1	5	1	0	0	1	14	94	5	24	5872	184	0	5	0	184
8814	1828	1	1	6	0	1	1	0	18	13	3	24	5872	186	2	5	1	186
8814	1832	1	1	6	0	1	1	0	18	13	3	24	5872	186	2	5	1	186
8814	1840	2	4	5	1	0	0	1	18	11	3	24	29122	946	0	5	0	178,434,690,946
8814	1857	2	1	5	1	0	0	1	14	94	5	24	29122	929	0	5	0	94
8814	1858	2	1	5	1	0	0	1	14	94	5	24	510	62	0	5	0	62
8814	1860	3	9	4	1	0	0	4	16	236	5	24	510	62	0	4	0	60,62,92,124,184,186,340,682,930
8814	1864	2	3	5	1	0	0	1	16	77	4	24	510	62	0	5	0	60,62,124
8814	1872	2	3	5	1	0	0	1	16	77	4	24	29122	930	0	5	0	92,124,930
8814	1888	2	6	5	1	0	0	2	19	13	3	25	510	62	0	5	0	62,178,182,690,694,930
8814	1921	2	1	5	1	0	0	1	14	94	5	24	29122	929	0	5	0	94
8814	1922	2	1	5	1	0	0	1	14	94	5	24	510	62	0	5	0	62
8814	1924	2	3	5	1	0	0	1	16	77	4	24	510	62	0	5	0	60,62,124
8814	1928	3	9	4	1	0	0	4	16	236	5	24	510	62	0	4	0	60,62,92,124,184,186,426,596,930
8814	1936	2	3	5	1	0	0	1	16	77	4	24	29122	930	0	5	0	92,124,930
8814	1952	2	6	5	1	0	0	2	19	13	3	25	510	62	0	5	0	62,178,186,434,442,930
8814	1984	1	1	6	0	1	1	0	17	86	4	25	29122	899	1	5	1	124
8814	2063	3	11	4	1	0	0	5	19	1	1	21	510	31	0	4	0	310,602,784,788,792,796,912,916,920,924,992
8814	2071	2	1	5	1	0	0	1	17	3	2	21	11112	311	0	5	0	712
8814	2075	2	1	5	1	0	0	1	17	3	2	21	19876	603	0	5	0	420
8814	2077	3	11	4	1	0	0	5	19	1	1	21	510	31	0	4	0	98,102,106,110,226,230,234,238,310,602,992
8814	2078	2	1	5	1	0	0	1	17	3	2	21	510	30	0	5	0	30
8814	2087	2	1	5	1	0	0	1	16	13	3	22	11112	309	0	5	0	714
8814	2091	2	1	5	1	0	0	1	16	13	3	22	19876	601	0	5	0	422
8814	2093	2	4	5	1	0	0	1	20	1	1	22	5872	238	0	5	0	226,230,234,238
8814	2094	2	1	5	1	1	1	0	18	3	2	22	29122	796	4096	4	1	796
8814	2099	2	2	5	1	0	0	2	14	86	4	22	11112	310	0	5	0	310,422
8814	2101	2	3	5	1	0	0	1	18	12	2	22	11112	310	0	5	0	310,712,744
8814	2102	2	1	5	1	0	0	1	16	13	3	22	11112	310	0	5	0	310
8814	2105	2	3	5	1	0	0	1	18	12	2	22	19876	602	0	5	0	420,484,602
8814	2106	2	1	5	1	0	0	1	16	13	3	22	19876	602	0	5	0	602
8814	2108	2	4	5	1	0	0	1	20	1	1	22	510	30	0	5	0	30,286,542,798
8814	2119	3	3	4	1	0	0	3	14	77	4	22	5872	238	0	4	0	238,714,920
8814	2123	3	9	4	1	0	0	4	16	13	3	22	510	31	0	4	0	230,238,418,482,912,920,928,944,992
8814	2125	2	4	5	1	0	0	2	16	11	3	22	5872	238	0	5	0	102,110,230,238
8814	2126	3	9	4	1	0	0	4	16	13	3	22	510	30	0	4	0	30,94,110,238,540,604,792,796,920
8814	2131	3	3	4	1	0	0	3	14	77	4	22	510	31	0	4	0	310,418,992
8814	2133	3	3	4	1	0	0	3	14	77	4	22	5872	236	0	4	0	102,236,310
8814	2134	3	3	4	1	0	0	3	14	77	4	22	510	30	0	4	0	30,310,604
8814	2137	3	9	4	1	0	0	4	16	13	3	22	510	31	0	4	0	94,102,110,228,236,480,484,606,992
8814	2138	2	4	5	1	0	0	2	16	11	3	22	510	30	0	5	0	30,94,542,606
8814	2140	3	9	4	1	0	0	4	16	13	3	22	510	30	0	4	0	30,92,108,124,236,542,604,794,922
8814	2147	3	3	4	1	0	0	3	15	236	5	23	5872	236	0	4	0	236,306,422
8814	2149	2	1	5	1	0	0	1	15	77	4	23	5872	236	0	5	0	236
8814	2150	3	9	4	1	0	0	4	15	86	4	23	5872	236	0	4	0	236,306,600,716,728,786,792,794,920
8814	2153	2	3	5	1	0	0	1	17	13	3	23	5872	236	0	5	0	228,236,484
8814	2154	2	3	5	1	0	0	1	17	13	3	23	19876	602	0	5	0	538,602,794
8814	2156	1	1	6	0	1	1	0	19	3	2	23	29122	794	4096	5	1	794
8814	2161	3	9	4	1	0	0	4	15	86	4	23	510	31	0	4	0	232,308,420,480,484,602,714,744,992
8814	2162	2	1	5	1	0	0	1	15	77	4	23	19876	602	0	5	0	602
8814	2164	3	20	4	1	0	0	5	17	13	3	23	510	30	0	4	0	30,232,278,286,308,310,538,542,600,602,666,712,714,728,730,744,790,794,798,922
8814	2168	1	1	6	0	1	1	0	19	3	2	23	510	542	16384	5	1	542
8814	2183	3	9	4	1	0	0	4	16	13	3	22	510	31	0	4	0	230,238,706,738,912,920,960,976,992
8814	2187	3	3	4	1	0	0	3	14	77	4	22	5872	238	0	4	0	238,426,920
8814	2189	2	4	5	1	0	0	2	16	11	3	22	5872	238	0	5	0	102,110,230,238
8814	2190	3	9	4	1	0	0	4	16	13	3	22	510	30	0	4	0	30,62,110,238,284,316,792,796,920
8814	2195	3	3	4	1	0	0	3	14	77	4	22	510	31	0	4	0	318,426,992
8814	2197	3	9	4	1	0	0	4	16	13	3	22	510	31	0	4	0	62,102,110,228,236,318,736,740,992
8814	2198	2	4	5	1	0	0	2	16	11	3	22	510	30	0	5	0	30,62,286,318
8814	2201	3	3	4	1	0	0	3	14	77	4	22	5872	236	0	4	0	102,236,598
8814	2202	3	3	4	1	0	0	3	14	77	4	22	510	30	0	4	0	30,316,598
8814	2204	3	9	4	1	0	0	4	16	13	3	22	510	30	0	4	0	30,60,108,124,236,286,316,794,922
8814	2211	3	3	4	1	0	0	3	15	236	5	23	5872	236	0	4	0	236,314,430
8814	2213	2	3	5	1	0	0	1	17	13	3	23	5872	236	0	5	0	228,236,740
8814	2214	2	3	5	1	0	0	1	17	13	3	23	11112	314	0	5	0	282,314,794
8814	2217	2	1	5	1	0	0	1	15	77	4	23	5872	236	0	5	0	236
8814	2218	3	9	4	1	0	0	4	15	86	4	23	5872	236	0	4	0	236,312,428,440,594,786,792,794,920
8814	2220	1	1	6	0	1	1	0	19	3	2	23	29122	794	4096	5	1	794
8814	2225	3	9	4	1	0	0	4	15	86	4	23	510	31	0	4	0	232,316,428,488,594,706,736,738,992
8814	2226	2	1	5	1	0	0	1	15	77	4	23	11112	316	0	5	0	316
8814	2228	1	1	6	0	1	1	0	19	3	2	23	510	286	8192	5	1	286
8814	2232	3	20	4	1	0	0	5	17	13	3	23	510	30	0	4	0	30,232,282,286,312,314,410,424,426,440,442,488,534,542,596,598,790,794,798,922
8814	2243	3	3	4	1	0	0	3	13	94	5	23	510	31	0	4	0	236,912,992
8814	2245	2	2	5	1	0	0	2	13	94	5	23	5872	236	0	5	0	110,236
8814	2246	3	9	4	1	0	0	4	15	77	4	23	510	30	0	4	0	30,62,110,236,282,314,786,794,912
8814	2249	2	2	5	1	0	0	2	13	94	5	23	5872	236	0	5	0	110,236
8814	2250	3	9	4	1	0	0	4	15	77	4	23	510	30	0	4	0	30,94,110,236,538,602,786,794,912
8814	2252	2	4	5	1	0	0	2	15	86	4	23	5872	236	0	5	0	108,236,786,914
8814	2257	3	3	4	1	0	0	3	13	94	5	23	510	31	0	4	0	110,232,992
8814	2258	2	1	5	1	0	0	1	15	75	4	23	510	30	0	5	0	30
8814	2260	3	9	4	1	0	0	4	15	77	4	23	510	30	0	4	0	30,60,108,124,232,286,316,790,914
8814	2264	3	9	4	1	0	0	4	15	77	4	23	510	30	0	4	0	30,92,108,124,232,542,604,790,914
8814	2273	2	1	5	1	0	0	1	14	94	5	24	5872	232	0	5	0	232
8814	2274	2	1	5	1	1	1	0	16	77	4	24	5872	233	1	4	1	790
8814	2276	1	1	6	0	1	1	0	18	13	3	24	5872	233	1	5	1	790
8814	2280	1	1	6	0	1	1	0	18	13	3	24	5872	233	1	5	1	790
8814	2288	2	4	5	1	0	0	1	18	11	3	24	510	30	0	5	0	30,286,542,798
8814	2311	2	3	5	1	0	0	1	18	12	2	22	11112	301	0	5	0	720,722,976
8814	2315	2	3	5	1	0	0	1	18	12	2	22	19876	597	0	5	0	424,426,936
8814	2317	2	4	5	1	0	0	1	20	1	1	22	29122	921	0	5	0	102,110,118,126
8814	2318	2	4	5	1	0	0	1	20	1	1	22	510	30	0	5	0	30,62,94,126
8814	2323	2	2	5	1	0	0	2	14	86	4	22	11112	302	0	5	0	302,426
8814	2325	2	1	5	1	0	0	1	16	13	3	22	11112	302	0	5	0	302
8814	2326	2	1	5	1	0	0	1	16	13	3	22	11112	302	0	5	0	302
8814	2329	2	1	5	1	0	0	1	16	13	3	22	19876	598	0	5	0	598
8814	2330	2	1	5	1	0	0	1	16	13	3	22	19876	598	0	5	0	598
8814	2332	2	1	5	1	1	1	0	18	3	2	22	5872	124	4096	4	1	124
8814	2339	2	4	5	1	0	0	2	15	86	4	23	11112	298	0	5	0	298,302,426,430
8814	2341	2	4	5	1	0	0	1	19	3	2	23	11112	298	0	5	0	298,302,720,724
8814	2342	2	4	5	1	0	0	1	19	3	2	23	11112	298	0	5	0	298,302,720,724
8814	2345	2	4	5	1	0	0	1	19	3	2	23	19876	594	0	5	0	424,428,594,598
8814	2346	2	4	5	1	0	0	1	19	3	2	23	19876	594	0	5	0	424,428,594,598
8814	2348	2	6	5	1	0	0	3	23	0	0	23	510	30	0	5	0	30,124,158,252,794,922
8814	2353	2	4	5	1	0	0	2	15	86	4	23	11112	300	0	5	0	300,428,594,722
8814	2354	2	4	5	1	0	0	2	15	86	4	23	11112	300	0	5	0	300,428,594,722
8814	2356	2	4	5	1	0	0	1	19	3	2	23	11112	300	0	5	0	300,302,720,722
8814	2360	2	4	5	1	0	0	1	19	3	2	23	19876	596	0	5	0	424,426,596,598
8814	2371	3	9	4	1	0	0	4	15	86	4	23	510	31	0	4	0	298,302,418,422,912,928,930,976,992
8814	2373	2	1	5	1	0	0	1	15	77	4	23	29122	913	0	5	0	110
8814	2374	3	20	4	1	0	0	5	17	13	3	23	510	30	0	4	0	30,46,62,92,94,110,124,126,220,252,298,302,600,604,720,724,728,732,912,976
8814	2377	2	3	5	1	0	0	1	17	13	3	23	29122	913	0	5	0	94,110,126
8814	2378	1	1	6	0	1	1	0	19	3	2	23	510	94	1024	5	1	94
8814	2380	1	1	6	0	1	1	0	19	3	2	23	5872	124	4096	5	1	124
8814	2385	3	3	4	1	0	0	3	15	236	5	23	11112	300	0	4	0	110,300,602
8814	2386	2	1	5	1	0	0	1	15	77	4	23	19876	602	0	5	0	602
8814	2388	3	9	4	1	0	0	4	15	86	4	23	5872	248	0	4	0	108,120,124,248,300,600,722,728,914
8814	2392	2	3	5	1	0	0	1	17	13	3	23	19876	604	0	5	0	92,124,604
8814	2401	3	11	4	1	0	0	5	16	77	4	24	510	31	0	4	0	110,248,292,300,420,428,594,602,722,730,992
8814	2402	2	4	5	1	0	0	1	18	13	3	24	19876	594	0	5	0	594,602,722,730
8814	2404	2	6	5	1	0	0	2	20	3	2	24	5872	248	0	5	0	248,720,722,728,730,914
8814	2408	2	13	5	1	0	0	4	22	1	1	24	510	30	0	5	0	30,92,94,124,248,534,542,596,598,604,606,790,914
8814	2416	2	4	5	1	0	0	1	18	13	3	24	19876	596	0	5	0	596,598,724,726
8814	2435	3	9	4	1	0	0	4	15	86	4	23	510	31	0	4	0	62,314,318,434,438,912,944,960,992
8814	2437	2	3	5	1	0	0	1	17	13	3	23	29122	913	0	5	0	62,110,126
8814	2438	1	1	6	0	1	1	0	19	3	2	23	510	62	512	5	1	62
8814	2441	2	1	5	1	0	0	1	15	77	4	23	29122	913	0	5	0	110
8814	2442	3	20	4	1	0	0	5	17	13	3	23	510	30	0	4	0	30,60,62,78,94,110,124,126,188,252,312,316,432,436,440,444,586,590,912,944
8814	2444	1	1	6	0	1	1	0	19	3	2	23	5872	124	4096	5	1	124
8814	2449	3	3	4	1	0	0	3	15	236	5	23	11112	316	0	4	0	110,316,586
8814	2450	2	1	5	1	0	0	1	15	77	4	23	11112	316	0	5	0	316
8814	2452	2	3	5	1	0	0	1	17	13	3	23	11112	316	0	5	0	60,124,316
8814	2456	3	9	4	1	0	0	4	15	86	4	23	5872	248	0	4	0	108,120,124,248,312,434,440,588,914
8814	2465	3	11	4	1	0	0	5	16	77	4	24	510	31	0	4	0	110,248,308,316,436,444,578,586,706,714,992
8814	2466	2	4	5	1	0	0	1	18	13	3	24	11112	308	0	5	0	308,316,436,444
8814	2468	2	13	5	1	0	0	4	22	1	1	24	510	30	0	5	0	30,60,62,124,248,278,286,308,310,316,318,790,914
8814	2472	2	6	5	1	0	0	2	20	3	2	24	5872	248	0	5	0	248,432,434,440,442,914
8814	2480	2	4	5	1	0	0	1	18	13	3	24	11112	312	0	5	0	312,314,440,442
8814	2497	2	1	5	1	0	0	1	14	94	5	24	29122	897	0	5	0	126
8814	2498	2	4	5	1	0	0	1	18	11	3	24	510	30	0	5	0	30,62,94,126
8814	2500	1	1	6	0	1	1	0	18	13	3	24	29122	899	1	5	1	124
8814	2504	1	1	6	0	1	1	0	18	13	3	24	29122	899	1	5	1	124
8814	2512	2	1	5	1	1	1	0	16	77	4	24	29122	899	1	4	1	124
8814	2528	2	6	5	1	0	0	3	21	3	2	25	510	30	0	5	0	30,124,240,782,898,992
8814	2567	2	1	5	1	0	0	1	16	13	3	22	11112	301	0	5	0	722
8814	2571	2	1	5	1	1	1	0	18	3	2	22	29122	936	128	4	1	936
8814	2573	2	4	5	1	0	0	1	20	1	1	22	5872	222	0	5	0	86,94,214,222
8814	2574	2	1	5	1	0	0	1	16	13	3	22	510	62	0	5	0	62
8814	2579	2	1	5	1	0	0	1	16	13	3	22	11112	302	0	5	0	302
8814	2581	2	3	5	1	0	0	1	18	12	2	22	11112	302	0	5	0	302,720,724
8814	2582	2	2	5	1	0	0	2	14	86	4	22	510	62	0	5	0	62,302
8814	2585	2	4	5	1	0	0	1	20	1	1	22	19876	630	0	5	0	86,118,598,630
8814	2586	2	1	5	1	0	0	1	16	13	3	22	510	62	0	5	0	62
8814	2588	2	3	5	1	0	0	1	18	12	2	22	510	62	0	5	0	60,62,124
8814	2595	2	1	5	1	0	0	1	15	77	4	23	11112	298	0	5	0	298
8814	2597	1	1	6	0	1	1	0	19	12	2	23	11112	299	2	5	1	724
8814	2598	2	1	5	1	0	0	1	15	77	4	23	11112	298	0	5	0	298
8814	2601	2	6	5	1	0	0	2	21	1	1	23	5872	220	0	5	0	86,214,220,598,626,726
8814	2602	3	11	4	1	0	0	5	17	11	3	23	510	62	0	4	0	62,220,296,312,424,440,626,808,824,936,952
8814	2604	2	6	5	1	0	0	2	21	1	1	23	510	62	0	5	0	62,220,298,314,810,826
8814	2609	1	1	6	0	1	1	0	19	12	2	23	11112	301	2	5	1	722
8814	2610	2	1	5	1	0	0	1	15	77	4	23	11112	300	0	5	0	300
8814	2612	1	1	6	0	1	1	0	19	12	2	23	11112	302	2	5	1	302
8814	2616	2	6	5	1	0	0	2	21	1	1	23	510	62	0	5	0	62,298,314,426,442,628
8814	2627	3	9	4	1	0	0	4	15	86	4	23	510	63	0	4	0	220,298,724,802,928,930,944,960,976
8814	2629	2	1	5	1	0	0	1	15	77	4	23	5872	220	0	5	0	220
8814	2630	3	3	4	1	0	0	3	15	236	5	23	510	62	0	4	0	62,220,298
8814	2633	1	1	6	0	1	1	0	19	3	2	23	29122	929	128	5	1	94
8814	2634	2	3	5	1	0	0	1	17	13	3	23	510	62	0	5	0	62,94,126
8814	2636	2	3	5	1	0	0	1	17	13	3	23	5872	220	0	5	0	92,124,220
8814	2641	3	20	4	1	0	0	5	17	13	3	23	510	63	0	4	0	46,62,78,90,94,110,122,126,216,218,300,302,602,634,720,722,728,730,960,976
8814	2642	2	1	5	1	0	0	1	15	77	4	23	510	62	0	5	0	62
8814	2644	3	9	4	1	0	0	4	15	86	4	23	510	62	0	4	0	60,62,120,124,216,300,302,632,728
8814	2648	1	1	6	0	1	1	0	19	3	2	23	19876	124	16384	5	1	124
8814	2657	2	4	5	1	0	0	1	18	13	3	24	5872	216	0	5	0	216,218,728,730
8814	2658	3	11	4	1	0	0	5	16	77	4	24	510	62	0	4	0	62,216,218,292,294,626,728,730,804,806,944
8814	2660	2	4	5	1	0	0	1	18	13	3	24	5872	216	0	5	0	216,294,728,806
8814	2664	2	13	5	1	0	0	4	22	1	1	24	510	62	0	5	0	62,92,124,216,220,566,628,802,806,818,822,930,946
8814	2672	2	6	5	1	0	0	2	20	3	2	24	510	62	0	5	0	62,298,302,628,720,724
8814	2691	3	3	4	1	0	0	3	13	94	5	23	510	63	0	4	0	314,944,960
8814	2693	3	9	4	1	0	0	4	15	77	4	23	510	63	0	4	0	62,78,94,204,220,314,708,716,960
8814	2694	2	2	5	1	0	0	2	13	94	5	23	510	62	0	5	0	62,314
8814	2697	2	1	5	1	0	0	1	15	75	4	23	29122	945	0	5	0	78
8814	2698	3	3	4	1	0	0	3	13	94	5	23	510	62	0	4	0	62,312,944
8814	2700	3	9	4	1	0	0	4	15	77	4	23	510	62	0	4	0	60,62,92,124,220,312,314,818,946
8814	2705	3	9	4	1	0	0	4	15	77	4	23	510	63	0	4	0	62,78,110,316,586,618,706,714,960
8814	2706	2	2	5	1	0	0	2	13	94	5	23	510	62	0	5	0	62,316
8814	2708	2	4	5	1	0	0	2	15	86	4	23	510	62	0	5	0	60,62,316,318
8814	2712	3	9	4	1	0	0	4	15	77	4	23	510	62	0	4	0	60,62,108,124,312,314,434,620,946
8814	2721	2	1	5	1	1	1	0	16	77	4	24	11112	309	2	4	1	714
8814	2722	2	1	5	1	0	0	1	14	94	5	24	11112	308	0	5	0	308
8814	2724	1	1	6	0	1	1	0	18	13	3	24	11112	310	2	5	1	310
8814	2728	2	4	5	1	0	0	1	18	11	3	24	29122	946	0	5	0	306,434,818,946
8814	2736	1	1	6	0	1	1	0	18	13	3	24	11112	314	2	5	1	314
8814	2753	2	1	5	1	0	0	1	14	94	5	24	29122	929	0	5	0	94
8814	2754	2	1	5	1	0	0	1	14	94	5	24	510	62	0	5	0	62
8814	2756	3	9	4	1	0	0	4	16	236	5	24	510	62	0	4	0	60,62,92,124,216,308,310,806,930
8814	2760	2	3	5	1	0	0	1	16	77	4	24	29122	930	0	5	0	92,124,930
8814	2768	2	3	5	1	0	0	1	16	77	4	24	510	62	0	5	0	60,62,124
8814	2784	2	6	5	1	0	0	2	19	13	3	25	510	62	0	5	0	62,298,302,810,814,930
8814	2819	3	9	4	1	0	0	4	15	86	4	23	510	63	0	4	0	282,286,402,406,912,914,944,960,992
8814	2821	3	20	4	1	0	0	5	17	13	3	23	510	63	0	4	0	30,62,78,94,108,110,124,126,236,252,282,286,616,620,736,740,744,748,960,992
8814	2822	2	1	5	1	0	0	1	15	77	4	23	510	62	0	5	0	62
8814	2825	1	1	6	0	1	1	0	19	3	2	23	29122	913	128	5	1	110
8814	2826	2	3	5	1	0	0	1	17	13	3	23	510	62	0	5	0	62,110,126
8814	2828	1	1	6	0	1	1	0	19	3	2	23	5872	124	4096	5	1	124
8814	2833	2	1	5	1	0	0	1	15	77	4	23	19876	618	0	5	0	618
8814	2834	3	3	4	1	0	0	3	15	236	5	23	510	62	0	4	0	62,284,618
8814	2836	3	9	4	1	0	0	4	15	86	4	23	510	62	0	4	0	60,62,120,124,248,284,286,616,744
8814	2840	2	3	5	1	0	0	1	17	13	3	23	19876	620	0	5	0	108,124,620
8814	2849	2	4	5	1	0	0	1	18	13	3	24	19876	610	0	5	0	610,618,738,746
8814	2850	3	11	4	1	0	0	5	16	77	4	24	510	62	0	4	0	62,248,276,284,404,412,610,618,738,746,944
8814	2852	2	6	5	1	0	0	2	20	3	2	24	510	62	0	5	0	62,248,278,286,736,744
8814	2856	2	13	5	1	0	0	4	22	1	1	24	510	62	0	5	0	62,108,124,186,248,402,410,434,442,612,620,914,946
8814	2864	2	4	5	1	0	0	1	18	13	3	24	19876	612	0	5	0	282,410,612,740
8814	2881	2	3	5	1	0	0	1	16	86	4	24	29122	929	0	5	0	94,122,126
8814	2882	2	3	5	1	0	0	1	16	86	4	24	510	62	0	5	0	62,122,126
8814	2884	2	3	5	1	0	0	1	16	86	4	24	5872	248	0	5	0	120,124,248
8814	2888	0	1	7	0	2	2	0	20	12	2	24	510	124	1026	5	2	124
8814	2896	2	3	5	1	0	0	1	16	86	4	24	19876	628	0	5	0	116,124,628
8814	2912	2	13	5	1	0	0	4	21	12	2	25	510	62	0	5	0	62,116,124,240,244,612,628,736,740,752,756,930,992
8814	2945	2	1	5	1	0	0	1	14	94	5	24	29122	929	0	5	0	94
8814	2946	2	1	5	1	0	0	1	14	94	5	24	510	62	0	5	0	62
8814	2948	2	3	5	1	0	0	1	16	77	4	24	510	62	0	5	0	60,62,124
8814	2952	2	3	5	1	0	0	1	16	77	4	24	29122	930	0	5	0	92,124,930
8814	2960	3	9	4	1	0	0	4	16	236	5	24	510	62	0	4	0	60,62,92,124,312,314,426,596,930
8814	2976	2	6	5	1	0	0	2	19	13	3	25	510	62	0	5	0	62,298,314,426,442,930
8814	3008	1	1	6	0	1	1	0	17	86	4	25	29122	899	1	5	1	124
8814	3079	2	1	5	1	1	1	0	18	3	2	22	29122	944	64	4	1	944
8814	3083	2	1	5	1	0	0	1	16	13	3	22	19876	565	0	5	0	458
8814	3085	2	4	5	1	0	0	1	20	1	1	22	5872	222	0	5	0	78,94,206,222
8814	3086	2	1	5	1	0	0	1	16	13	3	22	510	62	0	5	0	62
8814	3091	2	1	5	1	0	0	1	16	13	3	22	19876	565	0	5	0	458
8814	3093	2	4	5	1	0	0	1	20	1	1	22	11112	366	0	5	0	78,110,334,366
8814	3094	2	1	5	1	0	0	1	16	13	3	22	510	62	0	5	0	62
8814	3097	2	3	5	1	0	0	1	18	12	2	22	19876	566	0	5	0	456,460,566
8814	3098	2	2	5	1	0	0	2	14	86	4	22	510	62	0	5	0	62,566
8814	3100	2	3	5	1	0	0	1	18	12	2	22	510	62	0	5	0	60,62,124
8814	3107	2	1	5	1	0	0	1	15	77	4	23	19876	561	0	5	0	462
8814	3109	2	6	5	1	0	0	2	21	1	1	23	5872	220	0	5	0	78,206,220,334,362,462
8814	3110	3	11	4	1	0	0	5	17	11	3	23	510	62	0	4	0	62,220,362,560,568,688,696,816,824,944,952
8814	3113	1	1	6	0	1	1	0	19	12	2	23	19876	563	2	5	1	460
8814	3114	2	1	5	1	0	0	1	15	77	4	23	19876	562	0	5	0	562
8814	3116	2	6	5	1	0	0	2	21	1	1	23	510	62	0	5	0	62,220,562,570,818,826
8814	3121	1	1	6	0	1	1	0	19	12	2	23	19876	563	2	5	1	460
8814	3122	2	1	5	1	0	0	1	15	77	4	23	19876	562	0	5	0	562
8814	3124	2	6	5	1	0	0	2	21	1	1	23	510	62	0	5	0	62,364,562,570,690,698
8814	3128	1	1	6	0	1	1	0	19	12	2	23	19876	566	2	5	1	566
8814	3139	3	3	4	1	0	0	3	13	94	5	23	510	63	0	4	0	454,944,960
8814	3141	2	1	5	1	0	0	1	15	75	4	23	29122	945	0	5	0	78
8814	3142	3	3	4	1	0	0	3	13	94	5	23	510	62	0	4	0	62,568,944
8814	3145	3	9	4	1	0	0	4	15	77	4	23	510	63	0	4	0	62,78,94,204,220,452,460,570,960
8814	3146	2	2	5	1	0	0	2	13	94	5	23	510	62	0	5	0	62,570
8814	3148	3	9	4	1	0	0	4	15	77	4	23	510	62	0	4	0	60,62,92,124,220,568,570,818,946
8814	3153	3	9	4	1	0	0	4	15	77	4	23	510	63	0	4	0	62,78,110,332,364,452,460,570,960
8814	3154	2	2	5	1	0	0	2	13	94	5	23	510	62	0	5	0	62,570
8814	3156	3	9	4	1	0	0	4	15	77	4	23	510	62	0	4	0	60,62,108,124,364,568,570,690,946
8814	3160	2	4	5	1	0	0	2	15	86	4	23	510	62	0	5	0	60,62,572,574
8814	3169	2	1	5	1	1	1	0	16	77	4	24	19876	563	2	4	1	460
8814	3170	2	1	5	1	0	0	1	14	94	5	24	19876	562	0	5	0	562
8814	3172	2	4	5	1	0	0	1	18	11	3	24	29122	946	0	5	0	562,690,818,946
8814	3176	1	1	6	0	1	1	0	18	13	3	24	19876	566	2	5	1	566
8814	3184	1	1	6	0	1	1	0	18	13	3	24	19876	566	2	5	1	566
8814	3203	3	9	4	1	0	0	4	15	86	4	23	510	63	0	4	0	94,220,222,468,470,928,944,960,976
8814	3205	1	1	6	0	1	1	0	19	3	2	23	29122	929	64	5	1	94
8814	3206	2	3	5	1	0	0	1	17	13	3	23	510	62	0	5	0	62,94,126
8814	3209	2	1	5	1	0	0	1	15	77	4	23	5872	220	0	5	0	220
8814	3210	3	3	4	1	0	0	3	15	236	5	23	510	62	0	4	0	62,220,554
8814	3212	2	3	5	1	0	0	1	17	13	3	23	5872	220	0	5	0	92,124,220
8814	3217	3	20	4	1	0	0	5	17	13	3	23	510	63	0	4	0	46,62,78,92,94,110,124,126,216,220,348,380,464,468,472,476,554,558,960,976
8814	3218	2	1	5	1	0	0	1	15	77	4	23	510	62	0	5	0	62
8814	3220	1	1	6	0	1	1	0	19	3	2	23	11112	124	8192	5	1	124
8814	3224	3	9	4	1	0	0	4	15	86	4	23	510	62	0	4	0	60,62,120,124,216,376,472,556,558
8814	3233	2	4	5	1	0	0	1	18	13	3	24	5872	216	0	5	0	216,220,472,476
8814	3234	3	11	4	1	0	0	5	16	77	4	24	510	62	0	4	0	62,216,220,372,472,476,546,550,802,806,944
8814	3236	2	13	5	1	0	0	4	22	1	1	24	510	62	0	5	0	62,92,124,216,220,310,372,802,806,818,822,930,946
8814	3240	2	4	5	1	0	0	1	18	13	3	24	5872	216	0	5	0	216,472,550,806
8814	3248	2	6	5	1	0	0	2	20	3	2	24	510	62	0	5	0	62,376,464,472,550,558
8814	3265	2	1	5	1	0	0	1	14	94	5	24	29122	929	0	5	0	94
8814	3266	2	1	5	1	0	0	1	14	94	5	24	510	62	0	5	0	62
8814	3268	2	3	5	1	0	0	1	16	77	4	24	29122	930	0	5	0	92,124,930
8814	3272	3	9	4	1	0	0	4	16	236	5	24	510	62	0	4	0	60,62,92,124,216,564,566,806,930
8814	3280	2	3	5	1	0	0	1	16	77	4	24	510	62	0	5	0	60,62,124
8814	3296	2	6	5	1	0	0	2	19	13	3	25	510	62	0	5	0	62,550,558,806,814,930
8814	3331	3	9	4	1	0	0	4	15	86	4	23	510	63	0	4	0	94,346,350,466,470,928,944,960,976
8814	3333	1	1	6	0	1	1	0	19	3	2	23	29122	929	64	5	1	94
8814	3334	2	3	5	1	0	0	1	17	13	3	23	510	62	0	5	0	62,94,126
8814	3337	3	20	4	1	0	0	5	17	13	3	23	510	63	0	4	0	46,62,78,92,94,110,124,126,220,252,344,348,464,468,472,476,554,558,960,976
8814	3338	2	1	5	1	0	0	1	15	77	4	23	510	62	0	5	0	62
8814	3340	1	1	6	0	1	1	0	19	3	2	23	5872	124	4096	5	1	124
8814	3345	2	1	5	1	0	0	1	15	77	4	23	11112	348	0	5	0	348
8814	3346	3	3	4	1	0	0	3	15	236	5	23	510	62	0	4	0	62,348,554
8814	3348	2	3	5	1	0	0	1	17	13	3	23	11112	348	0	5	0	92,124,348
8814	3352	3	9	4	1	0	0	4	15	86	4	23	510	62	0	4	0	60,62,120,124,248,344,472,556,558
8814	3361	2	4	5	1	0	0	1	18	13	3	24	11112	340	0	5	0	340,348,468,476
8814	3362	3	11	4	1	0	0	5	16	77	4	24	510	62	0	4	0	62,248,340,348,468,476,546,554,674,682,944
8814	3364	2	13	5	1	0	0	4	22	1	1	24	510	62	0	5	0	62,92,124,186,248,340,348,674,682,690,698,930,946
8814	3368	2	6	5	1	0	0	2	20	3	2	24	510	62	0	5	0	62,248,464,472,550,558
8814	3376	2	4	5	1	0	0	1	18	13	3	24	11112	344	0	5	0	344,472,550,678
8814	3393	2	1	5	1	0	0	1	14	94	5	24	29122	929	0	5	0	94
8814	3394	2	1	5	1	0	0	1	14	94	5	24	510	62	0	5	0	62
8814	3396	2	3	5	1	0	0	1	16	77	4	24	29122	930	0	5	0	92,124,930
8814	3400	2	3	5	1	0	0	1	16	77	4	24	510	62	0	5	0	60,62,124
8814	3408	3	9	4	1	0	0	4	16	236	5	24	510	62	0	4	0	60,62,92,124,344,564,566,678,930
8814	3424	2	6	5	1	0	0	2	19	13	3	25	510	62	0	5	0	62,550,566,678,694,930
8814	3457	2	3	5	1	0	0	1	16	86	4	24	29122	929	0	5	0	94,124,126
8814	3458	2	3	5	1	0	0	1	16	86	4	24	510	62	0	5	0	62,124,126
8814	3460	0	1	7	0	2	2	0	20	12	2	24	510	124	514	5	2	124
8814	3464	2	3	5	1	0	0	1	16	86	4	24	5872	248	0	5	0	120,124,248
8814	3472	2	3	5	1	0	0	1	16	86	4	24	11112	376	0	5	0	120,124,376
8814	3488	2	13	5	1	0	0	4	21	12	2	25	510	62	0	5	0	62,120,124,240,248,360,376,480,488,496,504,930,992
8814	3520	1	1	6	0	1	1	0	17	86	4	25	29122	899	1	5	1	124
8814	3587	3	11	4	1	0	0	5	17	11	3	23	510	127	0	4	0	188,346,406,896,912,928,944,960,976,992,1008
8814	3589	2	6	5	1	0	0	2	21	1	1	23	5872	188	0	5	0	30,62,94,126,188,346
8814	3590	2	1	5	1	0	0	1	15	77	4	23	510	126	0	5	0	126
8814	3593	2	6	5	1	0	0	2	21	1	1	23	5872	188	0	5	0	46,62,110,126,188,618
8814	3594	2	1	5	1	0	0	1	15	77	4	23	510	126	0	5	0	126
8814	3596	1	1	6	0	1	1	0	19	12	2	23	510	124	2	5	1	124
8814	3601	2	6	5	1	0	0	2	21	1	1	23	11112	348	0	5	0	78,94,110,126,348,618
8814	3602	2	1	5	1	0	0	1	15	77	4	23	510	126	0	5	0	126
8814	3604	1	1	6	0	1	1	0	19	12	2	23	510	124	2	5	1	124
8814	3608	1	1	6	0	1	1	0	19	12	2	23	510	124	2	5	1	124
8814	3617	2	6	5	1	0	0	3	22	1	1	24	5872	184	0	5	0	184,340,412,610,682,838
8814	3618	3	5	4	1	0	0	5	16	75	4	24	510	126	0	4	0	126,184,340,610,1008
8814	3620	2	6	5	1	0	0	3	22	1	1	24	510	126	0	5	0	124,126,184,186,340,342
8814	3624	2	6	5	1	0	0	3	22	1	1	24	510	126	0	5	0	124,126,184,186,612,614
8814	3632	2	6	5	1	0	0	3	22	1	1	24	510	126	0	5	0	124,126,344,346,612,614
8814	3649	2	4	5	1	0	0	1	18	11	3	24	29122	993	0	5	0	30,62,94,126
8814	3650	2	1	5	1	0	0	1	14	94	5	24	510	126	0	5	0	126
8814	3652	2	1	5	1	1	1	0	16	77	4	24	510	124	2	4	1	124
8814	3656	1	1	6	0	1	1	0	18	13	3	24	510	124	2	5	1	124
8814	3664	1	1	6	0	1	1	0	18	13	3	24	510	124	2	5	1	124
8814	3680	2	6	5	1	0	0	3	21	3	2	25	510	126	0	5	0	124,126,612,614,992,994
8814	3713	2	4	5	1	0	0	1	18	11	3	24	29122	993	0	5	0	30,62,94,126
8814	3714	2	1	5	1	0	0	1	14	94	5	24	510	126	0	5	0	126
8814	3716	1	1	6	0	1	1	0	18	13	3	24	510	124	2	5	1	124
8814	3720	2	1	5	1	1	1	0	16	77	4	24	510	124	2	4	1	124
8814	3728	1	1	6	0	1	1	0	18	13	3	24	510	124	2	5	1	124
8814	3744	2	6	5	1	0	0	3	21	3	2	25	510	126	0	5	0	124,126,360,362,992,994
8814	3776	1	1	6	0	1	1	0	17	86	4	25	510	124	2	5	1	124
8814	3841	2	4	5	1	0	0	1	18	11	3	24	29122	993	0	5	0	30,62,94,126
8814	3842	2	1	5	1	0	0	1	14	94	5	24	510	126	0	5	0	126
8814	3844	1	1	6	0	1	1	0	18	13	3	24	510	124	2	5	1	124
8814	3848	1	1	6	0	1	1	0	18	13	3	24	510	124	2	5	1	124
8814	3856	2	1	5	1	1	1	0	16	77	4	24	510	124	2	4	1	124
8814	3872	2	6	5	1	0	0	3	21	3	2	25	510	126	0	5	0	124,126,240,242,992,994
8814	3904	1	1	6	0	1	1	0	17	86	4	25	510	124	2	5	1	124
8814	3968	1	1	6	0	1	1	0	17	86	4	25	510	124	2	5	1	124
8814	4111	2	1	5	1	0	0	1	17	3	2	21	5872	111	0	5	0	912
8814	4119	3	11	4	1	0	0	5	19	1	1	21	510	31	0	4	0	110,584,586,600,602,712,714,728,730,796,992
8814	4123	3	11	4	1	0	0	5	19	1	1	21	510	31	0	4	0	110,292,294,308,310,420,422,436,438,796,992
8814	4125	2	1	5	1	0	0	1	17	3	2	21	29122	797	0	5	0	226
8814	4126	2	1	5	1	0	0	1	17	3	2	21	510	30	0	5	0	30
8814	4135	3	3	4	1	0	0	3	14	77	4	22	5872	110	0	4	0	110,586,728
8814	4139	3	3	4	1	0	0	3	14	77	4	22	5872	110	0	4	0	110,294,436
8814	4141	3	3	4	1	0	0	3	14	77	4	22	510	31	0	4	0	110,226,992
8814	4142	3	3	4	1	0	0	3	14	77	4	22	510	30	0	4	0	30,110,796
8814	4147	2	4	5	1	0	0	2	16	11	3	22	11112	438	0	5	0	294,310,422,438
8814	4149	3	9	4	1	0	0	4	16	13	3	22	510	31	0	4	0	226,422,438,482,712,728,736,744,992
8814	4150	3	9	4	1	0	0	4	16	13	3	22	510	30	0	4	0	30,286,310,438,540,600,604,728,796
8814	4153	3	9	4	1	0	0	4	16	13	3	22	510	31	0	4	0	226,420,436,480,484,714,730,738,992
8814	4154	3	9	4	1	0	0	4	16	13	3	22	510	30	0	4	0	30,284,308,316,436,542,602,730,796
8814	4156	2	4	5	1	0	0	2	16	11	3	22	510	30	0	5	0	30,286,542,798
8814	4167	2	1	5	1	0	0	1	16	13	3	22	5872	110	0	5	0	110
8814	4171	2	3	5	1	0	0	1	18	12	2	22	5872	110	0	5	0	110,912,944
8814	4173	2	2	5	1	0	0	2	14	86	4	22	5872	110	0	5	0	110,230
8814	4174	2	1	5	1	0	0	1	16	13	3	22	5872	110	0	5	0	110
8814	4179	2	4	5	1	0	0	1	20	1	1	22	11112	438	0	5	0	418,422,434,438
8814	4181	2	1	5	1	0	0	1	16	13	3	22	29122	793	0	5	0	230
8814	4182	2	1	5	1	1	1	0	18	3	2	22	19876	604	2048	4	1	604
8814	4185	2	3	5	1	0	0	1	18	12	2	22	29122	793	0	5	0	228,230,484
8814	4186	2	4	5	1	0	0	1	20	1	1	22	510	30	0	5	0	30,94,542,606
8814	4188	2	1	5	1	0	0	1	16	13	3	22	29122	794	0	5	0	794
8814	4195	2	1	5	1	0	0	1	15	77	4	23	11112	434	0	5	0	434
8814	4197	3	3	4	1	0	0	3	15	236	5	23	5872	108	0	4	0	108,230,434
8814	4198	3	9	4	1	0	0	4	15	86	4	23	5872	108	0	4	0	108,434,588,600,604,728,792,914,920
8814	4201	3	9	4	1	0	0	4	15	86	4	23	510	31	0	4	0	108,110,228,230,432,480,484,944,992
8814	4202	3	20	4	1	0	0	5	17	13	3	23	510	30	0	4	0	30,78,94,108,110,432,538,542,590,602,606,666,730,792,794,912,914,920,922,944
8814	4204	2	1	5	1	0	0	1	15	77	4	23	29122	794	0	5	0	794
8814	4209	2	3	5	1	0	0	1	17	13	3	23	11112	436	0	5	0	420,436,484
8814	4210	1	1	6	0	1	1	0	19	3	2	23	19876	602	2048	5	1	602
8814	4212	2	3	5	1	0	0	1	17	13	3	23	29122	794	0	5	0	538,602,794
8814	4216	1	1	6	0	1	1	0	19	3	2	23	510	542	16384	5	1	542
8814	4231	2	3	5	1	0	0	1	18	12	2	22	5872	110	0	5	0	110,912,976
8814	4235	2	1	5	1	0	0	1	16	13	3	22	5872	110	0	5	0	110
8814	4237	2	2	5	1	0	0	2	14	86	4	22	5872	110	0	5	0	110,230
8814	4238	2	1	5	1	0	0	1	16	13	3	22	5872	110	0	5	0	110
8814	4243	2	4	5	1	0	0	1	20	1	1	22	19876	725	0	5	0	298,302,314,318
8814	4245	2	3	5	1	0	0	1	18	12	2	22	29122	793	0	5	0	228,230,740
8814	4246	2	4	5	1	0	0	1	20	1	1	22	510	30	0	5	0	30,62,286,318
8814	4249	2	1	5	1	0	0	1	16	13	3	22	29122	793	0	5	0	230
8814	4250	2	1	5	1	1	1	0	18	3	2	22	11112	316	2048	4	1	316
8814	4252	2	1	5	1	0	0	1	16	13	3	22	29122	794	0	5	0	794
8814	4259	2	1	5	1	0	0	1	15	77	4	23	19876	721	0	5	0	302
8814	4261	3	9	4	1	0	0	4	15	86	4	23	510	31	0	4	0	108,110,228,230,720,736,740,976,992
8814	4262	3	20	4	1	0	0	5	17	13	3	23	510	30	0	4	0	30,46,62,108,110,282,286,302,314,318,410,442,720,792,794,912,914,920,922,976
8814	4265	3	3	4	1	0	0	3	15	236	5	23	5872	108	0	4	0	108,230,722
8814	4266	3	9	4	1	0	0	4	15	86	4	23	5872	108	0	4	0	108,300,312,316,440,722,792,914,920
8814	4268	2	1	5	1	0	0	1	15	77	4	23	29122	794	0	5	0	794
8814	4273	2	3	5	1	0	0	1	17	13	3	23	19876	722	0	5	0	706,722,738
8814	4274	1	1	6	0	1	1	0	19	3	2	23	11112	316	2048	5	1	316
8814	4276	1	1	6	0	1	1	0	19	3	2	23	510	286	8192	5	1	286
8814	4280	2	3	5	1	0	0	1	17	13	3	23	29122	794	0	5	0	282,314,794
8814	4291	2	4	5	1	0	0	1	19	3	2	23	5872	108	0	5	0	108,110,912,914
8814	4293	2	4	5	1	0	0	2	15	86	4	23	5872	108	0	5	0	108,110,236,238
8814	4294	2	4	5	1	0	0	1	19	3	2	23	5872	108	0	5	0	108,110,912,914
8814	4297	2	4	5	1	0	0	2	15	86	4	23	5872	108	0	5	0	108,110,236,238
8814	4298	2	4	5	1	0	0	1	19	3	2	23	5872	108	0	5	0	108,110,912,914
8814	4300	2	4	5	1	0	0	2	15	86	4	23	5872	108	0	5	0	108,236,786,914
8814	4305	2	4	5	1	0	0	1	19	3	2	23	29122	785	0	5	0	232,234,236,238
8814	4306	2	6	5	1	0	0	3	23	0	0	23	510	30	0	5	0	30,158,316,444,602,730
8814	4308	2	4	5	1	0	0	1	19	3	2	23	29122	786	0	5	0	232,236,786,790
8814	4312	2	4	5	1	0	0	1	19	3	2	23	29122	786	0	5	0	232,236,786,790
8814	4321	3	11	4	1	0	0	5	16	77	4	24	510	31	0	4	0	104,106,108,110,232,234,236,238,436,722,992
8814	4322	2	6	5	1	0	0	2	20	3	2	24	11112	436	0	5	0	436,722,912,914,916,918
8814	4324	2	4	5	1	0	0	1	18	13	3	24	29122	786	0	5	0	786,790,914,918
8814	4328	2	4	5	1	0	0	1	18	13	3	24	29122	786	0	5	0	786,790,914,918
8814	4336	2	13	5	1	0	0	4	22	1	1	24	510	30	0	5	0	30,282,286,314,440,534,542,598,724,786,790,794,798
8814	4359	3	9	4	1	0	0	4	16	13	3	22	510	31	0	4	0	94,126,594,598,720,724,960,976,992
8814	4363	3	9	4	1	0	0	4	16	13	3	22	510	31	0	4	0	62,126,298,302,424,428,928,936,992
8814	4365	3	3	4	1	0	0	3	14	77	4	22	510	31	0	4	0	126,230,992
8814	4366	2	4	5	1	0	0	2	16	11	3	22	510	30	0	5	0	30,62,94,126
8814	4371	2	4	5	1	0	0	2	16	11	3	22	11112	430	0	5	0	298,302,426,430
8814	4373	3	3	4	1	0	0	3	14	77	4	22	11112	430	0	4	0	230,430,724
8814	4374	3	9	4	1	0	0	4	16	13	3	22	510	30	0	4	0	30,62,92,124,302,430,596,604,724
8814	4377	3	3	4	1	0	0	3	14	77	4	22	11112	428	0	4	0	230,428,726
8814	4378	3	9	4	1	0	0	4	16	13	3	22	510	30	0	4	0	30,60,94,124,300,316,428,598,726
8814	4380	3	3	4	1	0	0	3	14	77	4	22	510	30	0	4	0	30,124,794
8814	4387	2	2	5	1	0	0	2	13	94	5	23	11112	426	0	5	0	302,426
8814	4389	3	3	4	1	0	0	3	13	94	5	23	510	31	0	4	0	426,720,992
8814	4390	3	9	4	1	0	0	4	15	77	4	23	510	30	0	4	0	30,62,92,124,302,426,596,604,720
8814	4393	3	3	4	1	0	0	3	13	94	5	23	510	31	0	4	0	424,722,992
8814	4394	3	9	4	1	0	0	4	15	77	4	23	510	30	0	4	0	30,60,94,124,300,316,424,598,722
8814	4396	2	1	5	1	0	0	1	15	75	4	23	510	30	0	5	0	30
8814	4401	2	2	5	1	0	0	2	13	94	5	23	11112	428	0	5	0	428,722
8814	4402	2	4	5	1	0	0	2	15	86	4	23	11112	428	0	5	0	300,428,594,722
8814	4404	3	9	4	1	0	0	4	15	77	4	23	510	30	0	4	0	30,286,302,428,538,594,602,720,794
8814	4408	3	9	4	1	0	0	4	15	77	4	23	510	30	0	4	0	30,282,298,314,424,542,598,724,794
8814	4419	2	3	5	1	0	0	1	17	13	3	23	11112	426	0	5	0	418,426,930
8814	4421	3	3	4	1	0	0	3	15	236	5	23	5872	124	0	4	0	124,238,426
8814	4422	2	3	5	1	0	0	1	17	13	3	23	5872	124	0	5	0	92,124,604
8814	4425	3	9	4	1	0	0	4	15	86	4	23	510	31	0	4	0	94,124,126,236,238,424,488,928,992
8814	4426	1	1	6	0	1	1	0	19	3	2	23	510	94	1024	5	1	94
8814	4428	2	1	5	1	0	0	1	15	77	4	23	5872	124	0	5	0	124
8814	4433	2	1	5	1	0	0	1	15	77	4	23	11112	428	0	5	0	428
8814	4434	1	1	6	0	1	1	0	19	3	2	23	19876	602	2048	5	1	602
8814	4436	3	9	4	1	0	0	4	15	86	4	23	5872	120	0	4	0	120,236,248,428,594,600,602,728,786
8814	4440	3	20	4	1	0	0	5	17	13	3	23	510	30	0	4	0	30,92,94,120,124,220,232,236,248,252,424,488,534,542,598,604,606,732,786,790
8814	4449	2	1	5	1	0	0	1	14	94	5	24	11112	420	0	5	0	420
8814	4450	1	1	6	0	1	1	0	18	13	3	24	11112	421	1	5	1	602
8814	4452	2	1	5	1	1	1	0	16	77	4	24	11112	421	1	4	1	602
8814	4456	2	4	5	1	0	0	1	18	11	3	24	510	30	0	5	0	30,94,542,606
8814	4464	1	1	6	0	1	1	0	18	13	3	24	11112	425	1	5	1	598
8814	4483	2	3	5	1	0	0	1	17	13	3	23	19876	713	0	5	0	62,310,318
8814	4485	3	9	4	1	0	0	4	15	86	4	23	510	31	0	4	0	62,124,126,236,238,712,744,960,992
8814	4486	1	1	6	0	1	1	0	19	3	2	23	510	62	512	5	1	62
8814	4489	3	3	4	1	0	0	3	15	236	5	23	5872	124	0	4	0	124,238,714
8814	4490	2	3	5	1	0	0	1	17	13	3	23	5872	124	0	5	0	60,124,316
8814	4492	2	1	5	1	0	0	1	15	77	4	23	5872	124	0	5	0	124
8814	4497	2	1	5	1	0	0	1	15	77	4	23	19876	714	0	5	0	714
8814	4498	1	1	6	0	1	1	0	19	3	2	23	11112	316	2048	5	1	316
8814	4500	3	20	4	1	0	0	5	17	13	3	23	510	30	0	4	0	30,60,62,120,124,188,232,236,248,252,278,286,310,316,318,444,712,744,786,790
8814	4504	3	9	4	1	0	0	4	15	86	4	23	5872	120	0	4	0	120,236,248,306,312,314,440,716,786
8814	4513	2	1	5	1	0	0	1	14	94	5	24	19876	706	0	5	0	706
8814	4514	1	1	6	0	1	1	0	18	13	3	24	19876	707	1	5	1	316
8814	4516	2	4	5	1	0	0	1	18	11	3	24	510	30	0	5	0	30,62,286,318
8814	4520	2	1	5	1	1	1	0	16	77	4	24	19876	709	1	4	1	314
8814	4528	1	1	6	0	1	1	0	18	13	3	24	19876	709	1	5	1	314
8814	4545	3	11	4	1	0	0	5	16	77	4	24	510	31	0	4	0	120,122,124,126,248,250,252,254,436,722,992
8814	4546	2	13	5	1	0	0	4	22	1	1	24	510	30	0	5	0	30,60,62,90,94,120,122,124,126,316,436,602,722
8814	4548	2	4	5	1	0	0	1	18	13	3	24	5872	120	0	5	0	120,124,248,252
8814	4552	2	4	5	1	0	0	1	18	13	3	24	5872	120	0	5	0	120,124,248,252
8814	4560	2	6	5	1	0	0	2	20	3	2	24	11112	440	0	5	0	240,244,248,252,440,724
8814	4576	2	6	5	1	0	0	3	21	3	2	25	510	30	0	5	0	30,314,424,598,708,992
8814	4615	2	1	5	1	0	0	1	16	13	3	22	5872	94	0	5	0	94
8814	4619	2	3	5	1	0	0	1	18	12	2	22	5872	94	0	5	0	94,928,936
8814	4621	2	1	5	1	0	0	1	16	13	3	22	5872	94	0	5	0	94
8814	4622	2	2	5	1	0	0	2	14	86	4	22	510	62	0	5	0	62,94
8814	4627	2	4	5	1	0	0	1	20	1	1	22	11112	430	0	5	0	298,302,426,430
8814	4629	2	1	5	1	1	1	0	18	3	2	22	19876	724	256	4	1	724
8814	4630	2	1	5	1	0	0	1	16	13	3	22	510	62	0	5	0	62
8814	4633	2	4	5	1	0	0	1	20	1	1	22	29122	825	0	5	0	198,214,710,726
8814	4634	2	3	5	1	0	0	1	18	12	2	22	510	62	0	5	0	60,62,316
8814	4636	2	1	5	1	0	0	1	16	13	3	22	510	62	0	5	0	62
8814	4643	2	1	5	1	0	0	1	15	77	4	23	11112	426	0	5	0	426
8814	4645	3	9	4	1	0	0	4	15	86	4	23	510	63	0	4	0	92,426,596,720,724,752,930,960,992
8814	4646	3	3	4	1	0	0	3	15	236	5	23	510	62	0	4	0	62,92,426
8814	4649	3	20	4	1	0	0	5	17	13	3	23	510	63	0	4	0	86,92,94,198,214,424,598,706,710,722,726,738,754,928,930,936,960,962,992,994
8814	4650	3	9	4	1	0	0	4	15	86	4	23	510	62	0	4	0	60,62,92,94,312,316,424,824,936
8814	4652	2	1	5	1	0	0	1	15	77	4	23	510	62	0	5	0	62
8814	4657	1	1	6	0	1	1	0	19	3	2	23	19876	722	256	5	1	722
8814	4658	2	3	5	1	0	0	1	17	13	3	23	11112	428	0	5	0	300,316,428
8814	4660	2	3	5	1	0	0	1	17	13	3	23	510	62	0	5	0	62,302,318
8814	4664	1	1	6	0	1	1	0	19	3	2	23	29122	314	16384	5	1	314
8814	4675	1	1	6	0	1	1	0	19	12	2	23	5872	93	4	5	1	930
8814	4677	2	1	5	1	0	0	1	15	77	4	23	5872	92	0	5	0	92
8814	4678	2	1	5	1	0	0	1	15	77	4	23	5872	92	0	5	0	92
8814	4681	1	1	6	0	1	1	0	19	12	2	23	5872	94	4	5	1	94
8814	4682	1	1	6	0	1	1	0	19	12	2	23	5872	94	4	5	1	94
8814	4684	2	1	5	1	0	0	1	15	77	4	23	5872	92	0	5	0	92
8814	4689	2	6	5	1	0	0	2	21	1	1	23	11112	428	0	5	0	90,206,218,428,602,730
8814	4690	2	6	5	1	0	0	2	21	1	1	23	510	62	0	5	0	62,90,122,428,602,634
8814	4692	3	11	4	1	0	0	5	17	11	3	23	510	62	0	4	0	62,88,120,216,248,428,600,632,728,760,818
8814	4696	2	6	5	1	0	0	2	21	1	1	23	510	62	0	5	0	62,92,124,220,252,818
8814	4705	2	4	5	1	0	0	1	18	13	3	24	11112	420	0	5	0	90,420,602,932
8814	4706	2	4	5	1	0	0	1	18	13	3	24	11112	420	0	5	0	90,420,602,932
8814	4708	3	11	4	1	0	0	5	16	77	4	24	510	62	0	4	0	62,88,90,420,422,600,602,752,818,932,934
8814	4712	2	6	5	1	0	0	2	20	3	2	24	510	62	0	5	0	62,92,94,818,928,930
8814	4720	2	13	5	1	0	0	4	22	1	1	24	510	62	0	5	0	62,298,314,424,426,566,596,598,628,630,724,756,818
8814	4739	3	20	4	1	0	0	5	17	13	3	23	510	63	0	4	0	30,62,92,94,278,286,306,310,314,318,434,442,816,818,928,930,944,946,960,992
8814	4741	3	9	4	1	0	0	4	15	86	4	23	510	63	0	4	0	92,94,204,206,712,716,744,960,992
8814	4742	2	1	5	1	0	0	1	15	77	4	23	510	62	0	5	0	62
8814	4745	2	1	5	1	0	0	1	15	77	4	23	29122	817	0	5	0	206
8814	4746	3	9	4	1	0	0	4	15	86	4	23	510	62	0	4	0	60,62,92,94,312,316,440,816,944
8814	4748	3	3	4	1	0	0	3	15	236	5	23	510	62	0	4	0	62,92,818
8814	4753	1	1	6	0	1	1	0	19	3	2	23	19876	714	256	5	1	714
8814	4754	1	1	6	0	1	1	0	19	3	2	23	11112	316	2048	5	1	316
8814	4756	2	3	5	1	0	0	1	17	13	3	23	510	62	0	5	0	62,310,318
8814	4760	2	3	5	1	0	0	1	17	13	3	23	29122	818	0	5	0	306,314,818
8814	4769	2	3	5	1	0	0	1	16	86	4	24	19876	738	0	5	0	706,714,738
8814	4770	2	3	5	1	0	0	1	16	86	4	24	11112	436	0	5	0	308,316,436
8814	4772	2	3	5	1	0	0	1	16	86	4	24	510	62	0	5	0	62,310,318
8814	4776	2	3	5	1	0	0	1	16	86	4	24	29122	818	0	5	0	306,314,818
8814	4784	0	1	7	0	2	2	0	20	12	2	24	510	314	8196	5	2	314
8814	4801	2	4	5	1	0	0	1	18	13	3	24	29122	801	0	5	0	90,94,218,222
8814	4802	2	6	5	1	0	0	2	20	3	2	24	510	62	0	5	0	62,90,94,436,928,932
8814	4804	3	11	4	1	0	0	5	16	77	4	24	510	62	0	4	0	62,88,92,216,220,436,752,802,806,930,934
8814	4808	2	4	5	1	0	0	1	18	13	3	24	29122	802	0	5	0	92,220,802,930
8814	4816	2	13	5	1	0	0	4	22	1	1	24	510	62	0	5	0	62,188,212,220,244,252,298,314,440,724,756,802,810
8814	4832	2	13	5	1	0	0	4	21	12	2	25	510	62	0	5	0	62,298,314,424,426,740,802,810,928,930,936,938,992
8814	4867	3	9	4	1	0	0	4	15	77	4	23	510	63	0	4	0	62,124,278,286,402,410,898,914,960
8814	4869	3	3	4	1	0	0	3	13	94	5	23	510	63	0	4	0	124,744,960
8814	4870	2	2	5	1	0	0	2	13	94	5	23	510	62	0	5	0	62,124
8814	4873	3	9	4	1	0	0	4	15	77	4	23	510	63	0	4	0	110,124,126,206,238,714,746,960,962
8814	4874	2	4	5	1	0	0	2	15	86	4	23	510	62	0	5	0	60,62,124,126
8814	4876	2	2	5	1	0	0	2	13	94	5	23	510	62	0	5	0	62,124
8814	4881	2	1	5	1	0	0	1	15	75	4	23	19876	746	0	5	0	746
8814	4882	3	9	4	1	0	0	4	15	77	4	23	510	62	0	4	0	60,62,120,122,284,316,412,618,746
8814	4884	3	3	4	1	0	0	3	13	94	5	23	510	62	0	4	0	62,120,744
8814	4888	3	9	4	1	0	0	4	15	77	4	23	510	62	0	4	0	58,62,120,124,236,306,314,748,818
8814	4897	2	1	5	1	0	0	1	14	94	5	24	19876	738	0	5	0	738
8814	4898	3	9	4	1	0	0	4	16	236	5	24	510	62	0	4	0	60,62,120,122,284,316,404,618,738
8814	4900	2	1	5	1	0	0	1	14	94	5	24	510	62	0	5	0	62
8814	4904	2	3	5	1	0	0	1	16	77	4	24	510	62	0	5	0	58,62,314
8814	4912	2	3	5	1	0	0	1	16	77	4	24	19876	740	0	5	0	282,314,740
8814	4929	2	1	5	1	1	1	0	16	77	4	24	5872	122	4	4	1	122
8814	4930	1	1	6	0	1	1	0	18	13	3	24	5872	122	4	5	1	122
8814	4932	2	1	5	1	0	0	1	14	94	5	24	5872	120	0	5	0	120
8814	4936	1	1	6	0	1	1	0	18	13	3	24	5872	124	4	5	1	124
8814	4944	2	4	5	1	0	0	1	18	11	3	24	19876	756	0	5	0	116,244,628,756
8814	4960	2	6	5	1	0	0	2	19	13	3	25	510	62	0	5	0	62,116,118,628,630,740
8814	4993	2	1	5	1	0	0	1	14	94	5	24	19876	722	0	5	0	722
8814	4994	2	3	5	1	0	0	1	16	77	4	24	510	62	0	5	0	60,62,316
8814	4996	2	1	5	1	0	0	1	14	94	5	24	510	62	0	5	0	62
8814	5000	3	9	4	1	0	0	4	16	236	5	24	510	62	0	4	0	58,62,120,124,220,298,314,724,802
8814	5008	2	3	5	1	0	0	1	16	77	4	24	19876	724	0	5	0	298,314,724
8814	5024	1	1	6	0	1	1	0	17	86	4	25	19876	709	1	5	1	314
8814	5056	2	6	5	1	0	0	2	19	13	3	25	510	62	0	5	0	62,116,124,244,252,740
8814	5127	2	3	5	1	0	0	1	18	12	2	22	5872	94	0	5	0	94,928,944
8814	5131	2	1	5	1	0	0	1	16	13	3	22	5872	94	0	5	0	94
8814	5133	2	1	5	1	0	0	1	16	13	3	22	5872	94	0	5	0	94
8814	5134	2	2	5	1	0	0	2	14	86	4	22	510	62	0	5	0	62,94
8814	5139	2	4	5	1	0	0	1	20	1	1	22	19876	693	0	5	0	330,334,458,462
8814	5141	2	4	5	1	0	0	1	20	1	1	22	29122	825	0	5	0	198,206,454,462
8814	5142	2	3	5	1	0	0	1	18	12	2	22	510	62	0	5	0	60,62,572
8814	5145	2	1	5	1	1	1	0	18	3	2	22	11112	460	256	4	1	460
8814	5146	2	1	5	1	0	0	1	16	13	3	22	510	62	0	5	0	62
8814	5148	2	1	5	1	0	0	1	16	13	3	22	510	62	0	5	0	62
8814	5155	2	1	5	1	0	0	1	15	77	4	23	19876	689	0	5	0	334
8814	5157	3	20	4	1	0	0	5	17	13	3	23	510	63	0	4	0	78,92,94,198,206,334,450,454,458,462,482,490,688,928,930,944,960,962,992,994
8814	5158	3	9	4	1	0	0	4	15	86	4	23	510	62	0	4	0	60,62,92,94,568,572,688,824,944
8814	5161	3	9	4	1	0	0	4	15	86	4	23	510	63	0	4	0	92,332,456,460,488,690,930,960,992
8814	5162	3	3	4	1	0	0	3	15	236	5	23	510	62	0	4	0	62,92,690
8814	5164	2	1	5	1	0	0	1	15	77	4	23	510	62	0	5	0	62
8814	5169	1	1	6	0	1	1	0	19	3	2	23	11112	460	256	5	1	460
8814	5170	2	3	5	1	0	0	1	17	13	3	23	19876	690	0	5	0	562,570,690
8814	5172	1	1	6	0	1	1	0	19	3	2	23	29122	570	8192	5	1	570
8814	5176	2	3	5	1	0	0	1	17	13	3	23	510	62	0	5	0	62,566,574
8814	5187	3	20	4	1	0	0	5	17	13	3	23	510	63	0	4	0	78,92,94,206,326,334,450,454,458,462,482,490,816,928,930,944,960,962,992,994
8814	5189	2	1	5	1	0	0	1	15	77	4	23	29122	817	0	5	0	206
8814	5190	3	9	4	1	0	0	4	15	86	4	23	510	62	0	4	0	60,62,92,94,568,572,696,816,944
8814	5193	3	9	4	1	0	0	4	15	86	4	23	510	63	0	4	0	92,94,204,206,456,460,488,960,992
8814	5194	2	1	5	1	0	0	1	15	77	4	23	510	62	0	5	0	62
8814	5196	3	3	4	1	0	0	3	15	236	5	23	510	62	0	4	0	62,92,818
8814	5201	1	1	6	0	1	1	0	19	3	2	23	11112	460	256	5	1	460
8814	5202	1	1	6	0	1	1	0	19	3	2	23	19876	570	2048	5	1	570
8814	5204	2	3	5	1	0	0	1	17	13	3	23	29122	818	0	5	0	562,570,818
8814	5208	2	3	5	1	0	0	1	17	13	3	23	510	62	0	5	0	62,566,574
8814	5217	2	3	5	1	0	0	1	16	86	4	24	11112	484	0	5	0	452,460,484
8814	5218	2	3	5	1	0	0	1	16	86	4	24	19876	690	0	5	0	562,570,690
8814	5220	2	3	5	1	0	0	1	16	86	4	24	29122	818	0	5	0	562,570,818
8814	5224	2	3	5	1	0	0	1	16	86	4	24	510	62	0	5	0	62,566,574
8814	5232	0	1	7	0	2	2	0	20	12	2	24	510	566	16392	5	2	566
8814	5251	1	1	6	0	1	1	0	19	12	2	23	5872	94	8	5	1	94
8814	5253	1	1	6	0	1	1	0	19	12	2	23	5872	94	8	5	1	94
8814	5254	1	1	6	0	1	1	0	19	12	2	23	5872	94	8	5	1	94
8814	5257	2	1	5	1	0	0	1	15	77	4	23	5872	92	0	5	0	92
8814	5258	2	1	5	1	0	0	1	15	77	4	23	5872	92	0	5	0	92
8814	5260	2	1	5	1	0	0	1	15	77	4	23	5872	92	0	5	0	92
8814	5265	2	6	5	1	0	0	2	21	1	1	23	19876	682	0	5	0	92,206,220,348,476,682
8814	5266	2	6	5	1	0	0	2	21	1	1	23	510	62	0	5	0	62,92,124,348,380,682
8814	5268	2	6	5	1	0	0	2	21	1	1	23	510	62	0	5	0	62,92,124,220,252,818
8814	5272	3	11	4	1	0	0	5	17	11	3	23	510	62	0	4	0	62,88,120,216,248,344,376,472,504,684,818
8814	5281	2	4	5	1	0	0	1	18	13	3	24	19876	674	0	5	0	92,348,674,930
8814	5282	2	4	5	1	0	0	1	18	13	3	24	19876	674	0	5	0	92,348,674,930
8814	5284	2	6	5	1	0	0	2	20	3	2	24	510	62	0	5	0	62,92,94,818,928,930
8814	5288	3	11	4	1	0	0	5	16	77	4	24	510	62	0	4	0	62,88,90,344,346,496,676,678,818,932,934
8814	5296	2	13	5	1	0	0	4	22	1	1	24	510	62	0	5	0	62,314,344,346,376,378,472,504,550,566,676,678,818
8814	5313	2	4	5	1	0	0	1	18	13	3	24	29122	801	0	5	0	92,94,220,222
8814	5314	2	6	5	1	0	0	2	20	3	2	24	510	62	0	5	0	62,92,94,690,928,930
8814	5316	2	4	5	1	0	0	1	18	13	3	24	29122	802	0	5	0	92,220,802,930
8814	5320	3	11	4	1	0	0	5	16	77	4	24	510	62	0	4	0	62,88,92,216,220,496,692,802,806,930,934
8814	5328	2	13	5	1	0	0	4	22	1	1	24	510	62	0	5	0	62,188,216,220,248,252,472,504,550,566,692,802,806
8814	5344	2	13	5	1	0	0	4	21	12	2	25	510	62	0	5	0	62,488,550,566,676,678,802,806,928,930,932,934,992
8814	5379	3	9	4	1	0	0	4	15	77	4	23	510	63	0	4	0	94,124,126,342,350,466,474,960,962
8814	5381	3	9	4	1	0	0	4	15	77	4	23	510	63	0	4	0	94,124,126,206,222,458,474,960,962
8814	5382	2	4	5	1	0	0	2	15	86	4	23	510	62	0	5	0	60,62,124,126
8814	5385	3	3	4	1	0	0	3	13	94	5	23	510	63	0	4	0	124,472,960
8814	5386	2	2	5	1	0	0	2	13	94	5	23	510	62	0	5	0	62,124
8814	5388	2	2	5	1	0	0	2	13	94	5	23	510	62	0	5	0	62,124
8814	5393	2	1	5	1	0	0	1	15	75	4	23	11112	476	0	5	0	476
8814	5394	3	9	4	1	0	0	4	15	77	4	23	510	62	0	4	0	58,62,120,124,348,476,554,570,682
8814	5396	3	9	4	1	0	0	4	15	77	4	23	510	62	0	4	0	58,62,120,124,220,476,562,570,818
8814	5400	3	3	4	1	0	0	3	13	94	5	23	510	62	0	4	0	62,120,472
8814	5409	2	1	5	1	0	0	1	14	94	5	24	11112	468	0	5	0	468
8814	5410	3	9	4	1	0	0	4	16	236	5	24	510	62	0	4	0	58,62,120,124,348,468,554,570,674
8814	5412	2	3	5	1	0	0	1	16	77	4	24	510	62	0	5	0	58,62,570
8814	5416	2	1	5	1	0	0	1	14	94	5	24	510	62	0	5	0	62
8814	5424	2	3	5	1	0	0	1	16	77	4	24	11112	472	0	5	0	472,550,566
8814	5441	2	1	5	1	0	0	1	14	94	5	24	11112	468	0	5	0	468
8814	5442	2	3	5	1	0	0	1	16	77	4	24	510	62	0	5	0	58,62,570
8814	5444	3	9	4	1	0	0	4	16	236	5	24	510	62	0	4	0	58,62,120,124,220,468,554,570,802
8814	5448	2	1	5	1	0	0	1	14	94	5	24	510	62	0	5	0	62
8814	5456	2	3	5	1	0	0	1	16	77	4	24	11112	472	0	5	0	472,550,566
8814	5472	1	1	6	0	1	1	0	17	86	4	25	11112	457	1	5	1	566
8814	5505	2	1	5	1	1	1	0	16	77	4	24	5872	124	8	4	1	124
8814	5506	1	1	6	0	1	1	0	18	13	3	24	5872	124	8	5	1	124
8814	5508	1	1	6	0	1	1	0	18	13	3	24	5872	124	8	5	1	124
8814	5512	2	1	5	1	0	0	1	14	94	5	24	5872	120	0	5	0	120
8814	5520	2	4	5	1	0	0	1	18	11	3	24	11112	504	0	5	0	120,248,376,504
8814	5536	2	6	5	1	0	0	2	19	13	3	25	510	62	0	5	0	62,120,122,376,378,488
8814	5568	2	6	5	1	0	0	2	19	13	3	25	510	62	0	5	0	62,120,124,248,252,488
8814	5635	2	4	5	1	0	0	1	19	3	2	23	5872	60	0	5	0	60,62,960,962
8814	5637	2	4	5	1	0	0	1	19	3	2	23	5872	60	0	5	0	60,62,960,962
8814	5638	2	4	5	1	0	0	2	15	86	4	23	510	126	0	5	0	60,62,124,126
8814	5641	2	4	5	1	0	0	1	19	3	2	23	5872	60	0	5	0	60,62,960,962
8814	5642	2	4	5	1	0	0	2	15	86	4	23	510	126	0	5	0	60,62,124,126
8814	5644	2	4	5	1	0	0	2	15	86	4	23	510	126	0	5	0	60,62,124,126
8814	5649	2	6	5	1	0	0	3	23	0	0	23	11112	476	0	5	0	142,206,412,476,682,746
8814	5650	2	4	5	1	0	0	1	19	3	2	23	510	126	0	5	0	120,122,124,126
8814	5652	2	4	5	1	0	0	1	19	3	2	23	510	126	0	5	0	120,122,124,126
8814	5656	2	4	5	1	0	0	1	19	3	2	23	510	126	0	5	0	120,122,124,126
8814	5665	2	6	5	1	0	0	2	20	3	2	24	11112	468	0	5	0	468,738,960,962,964,966
8814	5666	3	11	4	1	0	0	5	16	77	4	24	510	126	0	4	0	56,58,60,62,120,122,124,126,468,738,880
8814	5668	2	4	5	1	0	0	1	18	13	3	24	510	126	0	5	0	58,62,122,126
8814	5672	2	4	5	1	0	0	1	18	13	3	24	510	126	0	5	0	58,62,122,126
8814	5680	2	13	5	1	0	0	4	22	1	1	24	510	126	0	5	0	114,118,122,126,346,370,378,472,614,626,630,740,882
8814	5697	2	6	5	1	0	0	2	20	3	2	24	11112	468	0	5	0	58,62,158,468,960,964
8814	5698	2	4	5	1	0	0	1	18	13	3	24	510	126	0	5	0	58,62,122,126
8814	5700	3	11	4	1	0	0	5	16	77	4	24	510	126	0	4	0	56,58,60,62,120,122,124,126,468,752,866
8814	5704	2	4	5	1	0	0	1	18	13	3	24	510	126	0	5	0	60,62,124,126
8814	5712	2	13	5	1	0	0	4	22	1	1	24	510	126	0	5	0	116,118,124,126,220,244,252,472,614,628,630,756,866
8814	5728	2	13	5	1	0	0	4	21	12	2	25	510	126	0	5	0	54,62,118,126,456,566,614,630,740,866,960,968,992
8814	5761	2	6	5	1	0	0	2	20	3	2	24	19876	722	0	5	0	60,62,158,722,960,962
8814	5762	2	4	5	1	0	0	1	18	13	3	24	510	126	0	5	0	60,62,124,126
8814	5764	2	4	5	1	0	0	1	18	13	3	24	510	126	0	5	0	60,62,124,126
8814	5768	3	11	4	1	0	0	5	16	77	4	24	510	126	0	4	0	56,58,60,62,120,122,124,126,496,724,866
8814	5776	2	13	5	1	0	0	4	22	1	1	24	510	126	0	5	0	120,122,124,126,220,248,252,362,376,378,504,724,866
8814	5792	2	13	5	1	0	0	4	21	12	2	25	510	126	0	5	0	58,62,122,126,314,362,378,488,708,866,960,964,992
8814	5824	2	13	5	1	0	0	4	21	12	2	25	510	126	0	5	0	60,62,124,126,188,236,252,488,740,834,960,962,992
8814	5889	3	11	4	1	0	0	5	16	75	4	24	510	127	0	4	0	120,122,124,126,158,436,722,896,898,900,902
8814	5890	2	4	5	1	0	0	2	14	94	5	24	510	126	0	5	0	120,122,124,126
8814	5892	2	4	5	1	0	0	2	14	94	5	24	510	126	0	5	0	120,122,124,126
8814	5896	2	4	5	1	0	0	2	14	94	5	24	510	126	0	5	0	120,122,124,126
8814	5904	3	11	4	1	0	0	5	16	75	4	24	510	126	0	4	0	112,114,116,118,120,122,124,126,440,724,866
8814	5920	2	4	5	1	0	0	1	17	77	4	25	510	126	0	5	0	114,118,122,126
8814	5952	2	4	5	1	0	0	1	17	77	4	25	510	126	0	5	0	116,118,124,126
8814	6016	2	4	5	1	0	0	1	17	77	4	25	510	126	0	5	0	120,122,124,126
8814	6151	3	9	4	1	0	0	4	16	13	3	22	5872	222	0	4	0	214,222,658,662,688,692,816,824,944
8814	6155	3	9	4	1	0	0	4	16	13	3	22	5872	222	0	4	0	206,222,330,334,360,364,808,824,872
8814	6157	2	4	5	1	0	0	2	16	11	3	22	5872	222	0	5	0	198,206,214,222
8814	6158	3	3	4	1	0	0	3	14	77	4	22	510	62	0	4	0	62,222,824
8814	6163	2	4	5	1	0	0	2	16	11	3	22	11112	366	0	5	0	330,334,362,366
8814	6165	3	9	4	1	0	0	4	16	13	3	22	5872	220	0	4	0	198,206,212,220,334,366,660,692,724
8814	6166	3	3	4	1	0	0	3	14	77	4	22	510	62	0	4	0	62,366,692
8814	6169	3	9	4	1	0	0	4	16	13	3	22	5872	220	0	4	0	198,204,214,220,332,364,460,662,694
8814	6170	3	3	4	1	0	0	3	14	77	4	22	510	62	0	4	0	62,364,694
8814	6172	3	3	4	1	0	0	3	14	77	4	22	510	62	0	4	0	62,220,826
8814	6179	2	2	5	1	0	0	2	13	94	5	23	11112	362	0	5	0	334,362
8814	6181	3	9	4	1	0	0	4	15	77	4	23	5872	220	0	4	0	198,206,212,220,334,362,660,688,724
8814	6182	3	3	4	1	0	0	3	13	94	5	23	11112	362	0	4	0	362,688,824
8814	6185	3	9	4	1	0	0	4	15	77	4	23	5872	220	0	4	0	198,204,214,220,332,360,460,662,690
8814	6186	3	3	4	1	0	0	3	13	94	5	23	11112	360	0	4	0	360,690,824
8814	6188	2	1	5	1	0	0	1	15	75	4	23	29122	826	0	5	0	826
8814	6193	2	4	5	1	0	0	2	15	86	4	23	11112	364	0	5	0	332,364,658,690
8814	6194	2	2	5	1	0	0	2	13	94	5	23	11112	364	0	5	0	364,690
8814	6196	3	9	4	1	0	0	4	15	77	4	23	510	62	0	4	0	62,302,318,364,366,570,688,690,826
8814	6200	3	9	4	1	0	0	4	15	77	4	23	510	62	0	4	0	62,314,360,362,566,574,692,694,826
8814	6211	3	9	4	1	0	0	4	15	77	4	23	5872	220	0	4	0	206,220,326,334,354,362,802,816,866
8814	6213	2	2	5	1	0	0	2	13	94	5	23	5872	220	0	5	0	206,220
8814	6214	3	3	4	1	0	0	3	13	94	5	23	5872	220	0	4	0	220,696,816
8814	6217	2	4	5	1	0	0	2	15	86	4	23	5872	220	0	5	0	204,206,220,222
8814	6218	3	9	4	1	0	0	4	15	77	4	23	510	62	0	4	0	62,158,190,220,222,570,698,816,818
8814	6220	2	2	5	1	0	0	2	13	94	5	23	5872	220	0	5	0	220,818
8814	6225	3	9	4	1	0	0	4	15	77	4	23	5872	216	0	4	0	204,206,216,218,332,364,460,666,698
8814	6226	2	1	5	1	0	0	1	15	75	4	23	19876	698	0	5	0	698
8814	6228	3	3	4	1	0	0	3	13	94	5	23	5872	216	0	4	0	216,696,818
8814	6232	3	9	4	1	0	0	4	15	77	4	23	510	62	0	4	0	62,188,216,220,566,574,700,818,822
8814	6241	3	9	4	1	0	0	4	16	236	5	24	5872	216	0	4	0	204,206,216,218,332,356,460,666,690
8814	6242	2	1	5	1	0	0	1	14	94	5	24	19876	690	0	5	0	690
8814	6244	2	1	5	1	0	0	1	14	94	5	24	29122	818	0	5	0	818
8814	6248	2	3	5	1	0	0	1	16	77	4	24	29122	818	0	5	0	566,818,822
8814	6256	2	3	5	1	0	0	1	16	77	4	24	19876	692	0	5	0	566,692,694
8814	6275	3	9	4	1	0	0	4	15	77	4	23	5872	220	0	4	0	94,220,222,342,350,370,378,816,818
8814	6277	2	4	5	1	0	0	2	15	86	4	23	5872	220	0	5	0	204,206,220,222
8814	6278	3	9	4	1	0	0	4	15	77	4	23	510	62	0	4	0	62,94,126,220,222,314,378,816,818
8814	6281	2	2	5	1	0	0	2	13	94	5	23	5872	220	0	5	0	206,220
8814	6282	3	3	4	1	0	0	3	13	94	5	23	5872	220	0	4	0	220,376,816
8814	6284	2	2	5	1	0	0	2	13	94	5	23	5872	220	0	5	0	220,818
8814	6289	3	9	4	1	0	0	4	15	77	4	23	5872	216	0	4	0	202,206,216,220,348,380,650,682,714
8814	6290	2	1	5	1	0	0	1	15	75	4	23	11112	380	0	5	0	380
8814	6292	3	9	4	1	0	0	4	15	77	4	23	510	62	0	4	0	62,124,216,220,310,318,380,818,822
8814	6296	3	3	4	1	0	0	3	13	94	5	23	5872	216	0	4	0	216,376,818
8814	6305	3	9	4	1	0	0	4	16	236	5	24	5872	216	0	4	0	202,206,216,220,348,372,650,674,714
8814	6306	2	1	5	1	0	0	1	14	94	5	24	11112	372	0	5	0	372
8814	6308	2	3	5	1	0	0	1	16	77	4	24	29122	818	0	5	0	310,818,822
8814	6312	2	1	5	1	0	0	1	14	94	5	24	29122	818	0	5	0	818
8814	6320	2	3	5	1	0	0	1	16	77	4	24	11112	376	0	5	0	314,376,378
8814	6337	2	4	5	1	0	0	2	14	94	5	24	5872	216	0	5	0	216,218,220,222
8814	6338	3	11	4	1	0	0	5	16	75	4	24	510	62	0	4	0	62,216,218,220,222,372,690,800,802,804,806
8814	6340	2	4	5	1	0	0	2	14	94	5	24	5872	216	0	5	0	216,220,802,806
8814	6344	2	4	5	1	0	0	2	14	94	5	24	5872	216	0	5	0	216,220,802,806
8814	6352	3	11	4	1	0	0	5	16	75	4	24	510	62	0	4	0	62,208,212,216,220,376,692,802,806,810,814
8814	6368	2	4	5	1	0	0	1	17	77	4	25	29122	802	0	5	0	802,806,810,814
8814	6403	2	4	5	1	0	0	2	15	86	4	23	11112	346	0	5	0	338,342,346,350
8814	6405	3	9	4	1	0	0	4	15	77	4	23	5872	252	0	4	0	94,206,222,236,252,346,350,680,684
8814	6406	3	9	4	1	0	0	4	15	77	4	23	510	62	0	4	0	62,94,126,188,252,346,350,680,684
8814	6409	3	9	4	1	0	0	4	15	77	4	23	5872	252	0	4	0	174,206,220,238,252,344,348,682,686
8814	6410	3	9	4	1	0	0	4	15	77	4	23	510	62	0	4	0	62,124,174,190,252,344,348,682,686
8814	6412	2	1	5	1	0	0	1	15	75	4	23	5872	252	0	5	0	252
8814	6417	2	2	5	1	0	0	2	13	94	5	23	11112	348	0	5	0	348,682
8814	6418	2	2	5	1	0	0	2	13	94	5	23	11112	348	0	5	0	348,682
8814	6420	3	3	4	1	0	0	3	13	94	5	23	5872	248	0	4	0	248,348,680
8814	6424	3	3	4	1	0	0	3	13	94	5	23	5872	248	0	4	0	248,344,684
8814	6433	2	4	5	1	0	0	2	14	94	5	24	11112	340	0	5	0	340,348,674,682
8814	6434	2	4	5	1	0	0	2	14	94	5	24	11112	340	0	5	0	340,348,674,682
8814	6436	3	11	4	1	0	0	5	16	75	4	24	510	62	0	4	0	62,248,340,342,348,350,672,674,680,682,818
8814	6440	3	11	4	1	0	0	5	16	75	4	24	510	62	0	4	0	62,248,336,338,344,346,676,678,684,686,818
8814	6448	2	4	5	1	0	0	2	14	94	5	24	11112	344	0	5	0	344,346,676,678
8814	6465	3	9	4	1	0	0	4	16	236	5	24	5872	248	0	4	0	186,220,222,248,250,340,348,690,698
8814	6466	2	3	5	1	0	0	1	16	77	4	24	19876	690	0	5	0	186,690,698
8814	6468	2	1	5	1	0	0	1	14	94	5	24	5872	248	0	5	0	248
8814	6472	2	3	5	1	0	0	1	16	77	4	24	5872	248	0	5	0	188,248,252
8814	6480	2	1	5	1	0	0	1	14	94	5	24	19876	692	0	5	0	692
8814	6496	2	4	5	1	0	0	1	17	77	4	25	19876	676	0	5	0	676,678,692,694
8814	6529	3	9	4	1	0	0	4	16	236	5	24	5872	248	0	4	0	124,218,222,248,252,372,380,658,666
8814	6530	2	3	5	1	0	0	1	16	77	4	24	11112	372	0	5	0	124,372,380
8814	6532	2	3	5	1	0	0	1	16	77	4	24	5872	248	0	5	0	124,248,252
8814	6536	2	1	5	1	0	0	1	14	94	5	24	5872	248	0	5	0	248
8814	6544	2	1	5	1	0	0	1	14	94	5	24	11112	376	0	5	0	376
8814	6560	2	4	5	1	0	0	1	17	77	4	25	11112	360	0	5	0	360,362,376,378
8814	6592	2	4	5	1	0	0	1	17	77	4	25	5872	240	0	5	0	240,244,248,252
8814	6659	2	3	5	1	0	0	1	17	13	3	23	11112	346	0	5	0	338,346,850
8814	6661	2	3	5	1	0	0	1	17	13	3	23	5872	188	0	5	0	172,188,684
8814	6662	3	3	4	1	0	0	3	15	236	5	23	510	126	0	4	0	126,188,346
8814	6665	1	1	6	0	1	1	0	19	3	2	23	29122	849	128	5	1	174
8814	6666	3	9	4	1	0	0	4	15	86	4	23	510	126	0	4	0	124,126,174,188,190,344,376,848,880
8814	6668	2	1	5	1	0	0	1	15	77	4	23	5872	188	0	5	0	188
8814	6673	1	1	6	0	1	1	0	19	3	2	23	19876	682	256	5	1	682
8814	6674	2	1	5	1	0	0	1	15	77	4	23	11112	348	0	5	0	348
8814	6676	3	9	4	1	0	0	4	15	86	4	23	510	126	0	4	0	124,126,184,248,342,348,350,680,744
8814	6680	3	20	4	1	0	0	5	17	13	3	23	510	126	0	4	0	120,122,124,126,172,184,188,236,248,252,338,344,346,370,376,378,684,748,850,882
8814	6689	1	1	6	0	1	1	0	18	13	3	24	11112	341	2	5	1	682
8814	6690	2	1	5	1	0	0	1	14	94	5	24	11112	340	0	5	0	340
8814	6692	2	1	5	1	1	1	0	16	77	4	24	11112	342	2	4	1	342
8814	6696	2	4	5	1	0	0	1	18	11	3	24	29122	882	0	5	0	338,370,850,882
8814	6704	1	1	6	0	1	1	0	18	13	3	24	11112	346	2	5	1	346
8814	6721	1	1	6	0	1	1	0	18	13	3	24	5872	186	4	5	1	186
8814	6722	2	1	5	1	1	1	0	16	77	4	24	5872	186	4	4	1	186
8814	6724	2	1	5	1	0	0	1	14	94	5	24	5872	184	0	5	0	184
8814	6728	1	1	6	0	1	1	0	18	13	3	24	5872	188	4	5	1	188
8814	6736	2	4	5	1	0	0	1	18	11	3	24	19876	756	0	5	0	180,244,692,756
8814	6752	2	6	5	1	0	0	2	19	13	3	25	19876	740	0	5	0	180,330,692,740,842,866
8814	6785	2	3	5	1	0	0	1	16	77	4	24	29122	865	0	5	0	154,158,666
8814	6786	2	1	5	1	0	0	1	14	94	5	24	11112	372	0	5	0	372
8814	6788	3	9	4	1	0	0	4	16	236	5	24	510	126	0	4	0	124,126,184,188,358,372,374,866,870
8814	6792	2	1	5	1	0	0	1	14	94	5	24	29122	866	0	5	0	866
8814	6800	2	3	5	1	0	0	1	16	77	4	24	11112	376	0	5	0	362,376,378
8814	6816	1	1	6	0	1	1	0	17	86	4	25	11112	362	2	5	1	362
8814	6848	2	4	5	1	0	0	1	17	77	4	25	29122	834	0	5	0	180,188,834,842
8814	6913	2	3	5	1	0	0	1	16	77	4	24	19876	722	0	5	0	218,722,730
8814	6914	3	9	4	1	0	0	4	16	236	5	24	510	126	0	4	0	124,126,218,248,250,308,316,722,730
8814	6916	2	1	5	1	0	0	1	14	94	5	24	5872	248	0	5	0	248
8814	6920	2	3	5	1	0	0	1	16	77	4	24	5872	248	0	5	0	220,248,252
8814	6928	2	1	5	1	0	0	1	14	94	5	24	19876	724	0	5	0	724
8814	6944	2	4	5	1	0	0	1	17	77	4	25	19876	708	0	5	0	298,314,708,724
8814	6976	1	1	6	0	1	1	0	17	86	4	25	5872	244	4	5	1	244
8814	7040	3	20	4	1	0	0	5	17	236	5	25	510	126	0	4	0	120,122,124,126,180,188,240,244,248,252,330,346,360,362,376,378,676,692,834,842
8814	7171	2	3	5	1	0	0	1	17	13	3	23	19876	617	0	5	0	158,406,414
8814	7173	1	1	6	0	1	1	0	19	3	2	23	29122	865	64	5	1	158
8814	7174	3	9	4	1	0	0	4	15	86	4	23	510	126	0	4	0	124,126,158,188,190,616,632,864,880
8814	7177	2	3	5	1	0	0	1	17	13	3	23	5872	188	0	5	0	156,188,412
8814	7178	3	3	4	1	0	0	3	15	236	5	23	510	126	0	4	0	126,188,618
8814	7180	2	1	5	1	0	0	1	15	77	4	23	5872	188	0	5	0	188
8814	7185	1	1	6	0	1	1	0	19	3	2	23	11112	412	256	5	1	412
8814	7186	2	1	5	1	0	0	1	15	77	4	23	19876	618	0	5	0	618
8814	7188	3	20	4	1	0	0	5	17	13	3	23	510	126	0	4	0	120,122,124,126,156,184,188,220,248,252,412,476,610,616,618,626,632,634,866,882
8814	7192	3	9	4	1	0	0	4	15	86	4	23	510	126	0	4	0	124,126,184,248,408,472,614,620,622
8814	7201	1	1	6	0	1	1	0	18	13	3	24	19876	611	2	5	1	412
8814	7202	2	1	5	1	0	0	1	14	94	5	24	19876	610	0	5	0	610
8814	7204	2	4	5	1	0	0	1	18	11	3	24	29122	882	0	5	0	610,626,866,882
8814	7208	2	1	5	1	1	1	0	16	77	4	24	19876	614	2	4	1	614
8814	7216	1	1	6	0	1	1	0	18	13	3	24	19876	614	2	5	1	614
8814	7233	2	3	5	1	0	0	1	16	77	4	24	29122	865	0	5	0	156,158,412
8814	7234	2	1	5	1	0	0	1	14	94	5	24	19876	626	0	5	0	626
8814	7236	2	1	5	1	0	0	1	14	94	5	24	29122	866	0	5	0	866
8814	7240	3	9	4	1	0	0	4	16	236	5	24	510	126	0	4	0	124,126,184,188,614,628,630,866,870
8814	7248	2	3	5	1	0	0	1	16	77	4	24	19876	628	0	5	0	614,628,630
8814	7264	1	1	6	0	1	1	0	17	86	4	25	19876	614	2	5	1	614
8814	7297	1	1	6	0	1	1	0	18	13	3	24	5872	188	8	5	1	188
8814	7298	2	1	5	1	1	1	0	16	77	4	24	5872	188	8	4	1	188
8814	7300	1	1	6	0	1	1	0	18	13	3	24	5872	188	8	5	1	188
8814	7304	2	1	5	1	0	0	1	14	94	5	24	5872	184	0	5	0	184
8814	7312	2	4	5	1	0	0	1	18	11	3	24	11112	504	0	5	0	184,248,440,504
8814	7328	2	6	5	1	0	0	2	19	13	3	25	11112	488	0	5	0	184,440,488,582,838,866
8814	7360	2	4	5	1	0	0	1	17	77	4	25	29122	834	0	5	0	184,188,834,838
8814	7425	2	3	5	1	0	0	1	16	77	4	24	11112	436	0	5	0	188,436,444
8814	7426	3	9	4	1	0	0	4	16	236	5	24	510	126	0	4	0	122,126,188,248,252,436,444,594,602
8814	7428	2	3	5	1	0	0	1	16	77	4	24	5872	248	0	5	0	188,248,252
8814	7432	2	1	5	1	0	0	1	14	94	5	24	5872	248	0	5	0	248
8814	7440	2	1	5	1	0	0	1	14	94	5	24	11112	440	0	5	0	440
8814	7456	2	4	5	1	0	0	1	17	77	4	25	11112	424	0	5	0	424,440,582,598
8814	7488	3	20	4	1	0	0	5	17	236	5	25	510	126	0	4	0	116,118,124,126,184,188,240,244,248,252,424,440,582,598,612,614,628,630,834,838
8814	7552	1	1	6	0	1	1	0	17	86	4	25	5872	248	8	5	1	248
8814	7681	2	13	5	1	0	0	4	22	1	1	24	5872	120	0	5	0	30,60,62,90,94,120,122,124,126,316,436,602,722
8814	7682	3	11	4	1	0	0	5	16	77	4	24	510	254	0	4	0	120,122,124,126,248,250,252,254,436,722,992
8814	7684	2	4	5	1	0	0	1	18	13	3	24	5872	120	0	5	0	120,124,248,252
8814	7688	2	4	5	1	0	0	1	18	13	3	24	5872	120	0	5	0	120,124,248,252
8814	7696	2	6	5	1	0	0	2	20	3	2	24	11112	440	0	5	0	240,244,248,252,440,724
8814	7712	2	6	5	1	0	0	3	21	3	2	25	11112	424	0	5	0	424,426,708,710,992,994
8814	7744	2	6	5	1	0	0	2	19	13	3	25	19876	740	0	5	0	116,124,244,252,740,962
8814	7808	2	6	5	1	0	0	2	19	13	3	25	11112	488	0	5	0	120,124,248,252,488,962
8814	7936	2	4	5	1	0	0	1	17	77	4	25	5872	240	0	5	0	240,244,248,252
8814	8207	3	11	4	1	0	0	5	19	1	1	21	510	31	0	4	0	182,656,658,664,666,720,722,728,730,796,992
8814	8215	2	1	5	1	0	0	1	17	3	2	21	11112	183	0	5	0	840
8814	8219	3	11	4	1	0	0	5	19	1	1	21	510	31	0	4	0	182,292,294,300,302,356,358,364,366,796,992
8814	8221	2	1	5	1	0	0	1	17	3	2	21	29122	797	0	5	0	226
8814	8222	2	1	5	1	0	0	1	17	3	2	21	510	30	0	5	0	30
8814	8231	3	3	4	1	0	0	3	14	77	4	22	5872	366	0	4	0	366,728,842
8814	8235	2	4	5	1	0	0	2	16	11	3	22	5872	366	0	5	0	294,302,358,366
8814	8237	3	9	4	1	0	0	4	16	13	3	22	510	31	0	4	0	226,358,366,482,720,728,736,752,992
8814	8238	3	9	4	1	0	0	4	16	13	3	22	510	30	0	4	0	30,286,302,366,540,664,668,728,796
8814	8243	3	3	4	1	0	0	3	14	77	4	22	5872	364	0	4	0	182,294,364
8814	8245	3	3	4	1	0	0	3	14	77	4	22	510	31	0	4	0	182,226,992
8814	8246	3	3	4	1	0	0	3	14	77	4	22	510	30	0	4	0	30,182,796
8814	8249	3	9	4	1	0	0	4	16	13	3	22	510	31	0	4	0	226,356,364,480,484,722,730,738,992
8814	8250	3	9	4	1	0	0	4	16	13	3	22	510	30	0	4	0	30,284,300,316,364,542,666,730,796
8814	8252	2	4	5	1	0	0	2	16	11	3	22	510	30	0	5	0	30,286,542,798
8814	8263	2	1	5	1	0	0	1	16	13	3	22	11112	181	0	5	0	842
8814	8267	2	4	5	1	0	0	1	20	1	1	22	5872	366	0	5	0	354,358,362,366
8814	8269	2	1	5	1	0	0	1	16	13	3	22	29122	793	0	5	0	230
8814	8270	2	1	5	1	1	1	0	18	3	2	22	19876	668	1024	4	1	668
8814	8275	2	3	5	1	0	0	1	18	12	2	22	11112	182	0	5	0	182,840,872
8814	8277	2	2	5	1	0	0	2	14	86	4	22	11112	182	0	5	0	182,230
8814	8278	2	1	5	1	0	0	1	16	13	3	22	11112	182	0	5	0	182
8814	8281	2	3	5	1	0	0	1	18	12	2	22	29122	793	0	5	0	228,230,484
8814	8282	2	4	5	1	0	0	1	20	1	1	22	510	30	0	5	0	30,158,542,670
8814	8284	2	1	5	1	0	0	1	16	13	3	22	29122	794	0	5	0	794
8814	8291	2	1	5	1	0	0	1	15	77	4	23	5872	364	0	5	0	364
8814	8293	3	3	4	1	0	0	3	15	236	5	23	5872	364	0	4	0	178,230,364
8814	8294	3	9	4	1	0	0	4	15	86	4	23	5872	364	0	4	0	178,364,658,664,666,728,792,844,856
8814	8297	2	3	5	1	0	0	1	17	13	3	23	5872	364	0	5	0	356,364,484
8814	8298	1	1	6	0	1	1	0	19	3	2	23	19876	666	1024	5	1	666
8814	8300	2	3	5	1	0	0	1	17	13	3	23	29122	794	0	5	0	538,666,794
8814	8305	3	9	4	1	0	0	4	15	86	4	23	510	31	0	4	0	180,182,228,230,360,480,484,872,992
8814	8306	3	20	4	1	0	0	5	17	13	3	23	510	30	0	4	0	30,150,158,180,182,360,538,542,602,662,666,670,730,792,794,840,842,856,858,872
8814	8308	2	1	5	1	0	0	1	15	77	4	23	29122	794	0	5	0	794
8814	8312	1	1	6	0	1	1	0	19	3	2	23	510	542	16384	5	1	542
8814	8327	3	9	4	1	0	0	4	16	13	3	22	510	31	0	4	0	362,366,720,724,834,866,960,976,992
8814	8331	2	4	5	1	0	0	2	16	11	3	22	5872	366	0	5	0	298,302,362,366
8814	8333	3	3	4	1	0	0	3	14	77	4	22	5872	366	0	4	0	230,366,724
8814	8334	3	9	4	1	0	0	4	16	13	3	22	510	30	0	4	0	30,62,156,188,302,366,660,668,724
8814	8339	3	9	4	1	0	0	4	16	13	3	22	510	31	0	4	0	62,190,298,302,360,364,864,872,992
8814	8341	3	3	4	1	0	0	3	14	77	4	22	510	31	0	4	0	190,230,992
8814	8342	2	4	5	1	0	0	2	16	11	3	22	510	30	0	5	0	30,62,158,190
8814	8345	3	3	4	1	0	0	3	14	77	4	22	5872	364	0	4	0	230,364,726
8814	8346	3	9	4	1	0	0	4	16	13	3	22	510	30	0	4	0	30,60,158,188,300,316,364,662,726
8814	8348	3	3	4	1	0	0	3	14	77	4	22	510	30	0	4	0	30,188,794
8814	8355	2	2	5	1	0	0	2	13	94	5	23	5872	364	0	5	0	302,364
8814	8357	3	3	4	1	0	0	3	13	94	5	23	510	31	0	4	0	364,720,992
8814	8358	3	9	4	1	0	0	4	15	77	4	23	510	30	0	4	0	30,62,154,186,302,364,658,666,720
8814	8361	2	2	5	1	0	0	2	13	94	5	23	5872	364	0	5	0	364,722
8814	8362	2	4	5	1	0	0	2	15	86	4	23	5872	364	0	5	0	300,364,658,722
8814	8364	3	9	4	1	0	0	4	15	77	4	23	510	30	0	4	0	30,286,302,364,538,658,666,720,794
8814	8369	3	3	4	1	0	0	3	13	94	5	23	510	31	0	4	0	360,722,992
8814	8370	3	9	4	1	0	0	4	15	77	4	23	510	30	0	4	0	30,60,158,188,300,316,360,662,722
8814	8372	2	1	5	1	0	0	1	15	75	4	23	510	30	0	5	0	30
8814	8376	3	9	4	1	0	0	4	15	77	4	23	510	30	0	4	0	30,282,298,314,360,542,662,724,794
8814	8387	2	3	5	1	0	0	1	17	13	3	23	5872	364	0	5	0	356,364,868
8814	8389	3	3	4	1	0	0	3	15	236	5	23	5872	364	0	4	0	186,238,364
8814	8390	2	3	5	1	0	0	1	17	13	3	23	11112	186	0	5	0	154,186,666
8814	8393	2	1	5	1	0	0	1	15	77	4	23	5872	364	0	5	0	364
8814	8394	1	1	6	0	1	1	0	19	3	2	23	19876	666	1024	5	1	666
8814	8396	3	9	4	1	0	0	4	15	86	4	23	5872	364	0	4	0	184,236,248,364,658,664,666,728,786
8814	8401	3	9	4	1	0	0	4	15	86	4	23	510	31	0	4	0	158,188,190,236,238,360,488,864,992
8814	8402	1	1	6	0	1	1	0	19	3	2	23	510	158	2048	5	1	158
8814	8404	2	1	5	1	0	0	1	15	77	4	23	11112	188	0	5	0	188
8814	8408	3	20	4	1	0	0	5	17	13	3	23	510	30	0	4	0	30,156,158,184,188,220,232,236,248,252,360,488,534,542,662,668,670,732,786,790
8814	8417	2	1	5	1	0	0	1	14	94	5	24	5872	360	0	5	0	360
8814	8418	1	1	6	0	1	1	0	18	13	3	24	5872	361	1	5	1	662
8814	8420	2	1	5	1	1	1	0	16	77	4	24	5872	361	1	4	1	662
8814	8424	1	1	6	0	1	1	0	18	13	3	24	5872	361	1	5	1	662
8814	8432	2	4	5	1	0	0	1	18	11	3	24	510	30	0	5	0	30,158,542,670
8814	8455	2	3	5	1	0	0	1	18	12	2	22	11112	173	0	5	0	848,850,976
8814	8459	2	4	5	1	0	0	1	20	1	1	22	19876	725	0	5	0	298,302,314,318
8814	8461	2	3	5	1	0	0	1	18	12	2	22	29122	793	0	5	0	228,230,740
8814	8462	2	4	5	1	0	0	1	20	1	1	22	510	30	0	5	0	30,62,286,318
8814	8467	2	1	5	1	0	0	1	16	13	3	22	11112	174	0	5	0	174
8814	8469	2	2	5	1	0	0	2	14	86	4	22	11112	174	0	5	0	174,230
8814	8470	2	1	5	1	0	0	1	16	13	3	22	11112	174	0	5	0	174
8814	8473	2	1	5	1	0	0	1	16	13	3	22	29122	793	0	5	0	230
8814	8474	2	1	5	1	1	1	0	18	3	2	22	5872	316	1024	4	1	316
8814	8476	2	1	5	1	0	0	1	16	13	3	22	29122	794	0	5	0	794
8814	8483	2	1	5	1	0	0	1	15	77	4	23	19876	721	0	5	0	302
8814	8485	3	9	4	1	0	0	4	15	86	4	23	510	31	0	4	0	170,174,226,230,720,736,738,976,992
8814	8486	3	20	4	1	0	0	5	17	13	3	23	510	30	0	4	0	30,46,62,170,174,284,286,302,316,318,348,380,720,792,796,848,852,856,860,976
8814	8489	2	3	5	1	0	0	1	17	13	3	23	19876	722	0	5	0	706,722,738
8814	8490	1	1	6	0	1	1	0	19	3	2	23	5872	316	1024	5	1	316
8814	8492	1	1	6	0	1	1	0	19	3	2	23	510	286	4096	5	1	286
8814	8497	3	3	4	1	0	0	3	15	236	5	23	11112	172	0	4	0	172,230,722
8814	8498	3	9	4	1	0	0	4	15	86	4	23	5872	376	0	4	0	172,300,312,316,376,722,792,850,856
8814	8500	2	1	5	1	0	0	1	15	77	4	23	29122	794	0	5	0	794
8814	8504	2	3	5	1	0	0	1	17	13	3	23	29122	794	0	5	0	282,314,794
8814	8515	2	4	5	1	0	0	1	19	3	2	23	11112	170	0	5	0	170,174,848,852
8814	8517	2	4	5	1	0	0	2	15	86	4	23	11112	170	0	5	0	170,174,234,238
8814	8518	2	4	5	1	0	0	1	19	3	2	23	11112	170	0	5	0	170,174,848,852
8814	8521	2	4	5	1	0	0	1	19	3	2	23	29122	785	0	5	0	232,234,236,238
8814	8522	2	6	5	1	0	0	3	23	0	0	23	510	30	0	5	0	30,94,316,380,666,730
8814	8524	2	4	5	1	0	0	1	19	3	2	23	29122	786	0	5	0	232,236,786,790
8814	8529	2	4	5	1	0	0	2	15	86	4	23	11112	172	0	5	0	172,174,236,238
8814	8530	2	4	5	1	0	0	1	19	3	2	23	11112	172	0	5	0	172,174,848,850
8814	8532	2	4	5	1	0	0	2	15	86	4	23	11112	172	0	5	0	172,236,786,850
8814	8536	2	4	5	1	0	0	1	19	3	2	23	29122	786	0	5	0	232,236,786,790
8814	8545	3	11	4	1	0	0	5	16	77	4	24	510	31	0	4	0	164,166,172,174,228,230,236,238,376,722,992
8814	8546	2	6	5	1	0	0	2	20	3	2	24	5872	376	0	5	0	376,722,848,850,856,858
8814	8548	2	4	5	1	0	0	1	18	13	3	24	29122	786	0	5	0	786,794,850,858
8814	8552	2	13	5	1	0	0	4	22	1	1	24	510	30	0	5	0	30,282,286,314,376,534,542,662,724,786,790,794,798
8814	8560	2	4	5	1	0	0	1	18	13	3	24	29122	786	0	5	0	786,790,850,854
8814	8579	2	3	5	1	0	0	1	17	13	3	23	19876	713	0	5	0	62,310,318
8814	8581	3	9	4	1	0	0	4	15	86	4	23	510	31	0	4	0	62,186,190,234,238,712,744,960,992
8814	8582	1	1	6	0	1	1	0	19	3	2	23	510	62	512	5	1	62
8814	8585	2	1	5	1	0	0	1	15	77	4	23	19876	714	0	5	0	714
8814	8586	1	1	6	0	1	1	0	19	3	2	23	5872	316	1024	5	1	316
8814	8588	3	20	4	1	0	0	5	17	13	3	23	510	30	0	4	0	30,60,62,124,184,188,232,236,248,252,278,286,310,316,318,380,712,744,786,790
8814	8593	3	3	4	1	0	0	3	15	236	5	23	11112	188	0	4	0	188,238,714
8814	8594	2	3	5	1	0	0	1	17	13	3	23	11112	188	0	5	0	60,188,316
8814	8596	2	1	5	1	0	0	1	15	77	4	23	11112	188	0	5	0	188
8814	8600	3	9	4	1	0	0	4	15	86	4	23	5872	376	0	4	0	184,236,248,306,312,314,376,716,786
8814	8609	2	1	5	1	0	0	1	14	94	5	24	19876	706	0	5	0	706
8814	8610	1	1	6	0	1	1	0	18	13	3	24	19876	707	1	5	1	316
8814	8612	2	4	5	1	0	0	1	18	11	3	24	510	30	0	5	0	30,62,286,318
8814	8616	1	1	6	0	1	1	0	18	13	3	24	19876	709	1	5	1	314
8814	8624	2	1	5	1	1	1	0	16	77	4	24	19876	709	1	4	1	314
8814	8641	3	11	4	1	0	0	5	16	77	4	24	510	31	0	4	0	180,182,188,190,244,246,252,254,376,722,992
8814	8642	2	13	5	1	0	0	4	22	1	1	24	510	30	0	5	0	30,60,62,150,158,180,182,188,190,316,376,662,722
8814	8644	2	4	5	1	0	0	1	18	13	3	24	11112	180	0	5	0	180,188,244,252
8814	8648	2	6	5	1	0	0	2	20	3	2	24	5872	376	0	5	0	240,244,248,252,376,724
8814	8656	2	4	5	1	0	0	1	18	13	3	24	11112	184	0	5	0	184,188,248,252
8814	8672	2	6	5	1	0	0	3	21	3	2	25	510	30	0	5	0	30,314,368,654,708,992
8814	8711	2	1	5	1	0	0	1	16	13	3	22	11112	173	0	5	0	850
8814	8715	2	4	5	1	0	0	1	20	1	1	22	5872	350	0	5	0	282,286,346,350
8814	8717	2	1	5	1	1	1	0	18	3	2	22	19876	740	128	4	1	740
8814	8718	2	1	5	1	0	0	1	16	13	3	22	510	62	0	5	0	62
8814	8723	2	3	5	1	0	0	1	18	12	2	22	11112	174	0	5	0	174,848,856
8814	8725	2	1	5	1	0	0	1	16	13	3	22	11112	174	0	5	0	174
8814	8726	2	2	5	1	0	0	2	14	86	4	22	510	62	0	5	0	62,174
8814	8729	2	4	5	1	0	0	1	20	1	1	22	29122	825	0	5	0	198,230,710,742
8814	8730	2	3	5	1	0	0	1	18	12	2	22	510	62	0	5	0	60,62,316
8814	8732	2	1	5	1	0	0	1	16	13	3	22	510	62	0	5	0	62
8814	8739	2	1	5	1	0	0	1	15	77	4	23	5872	348	0	5	0	348
8814	8741	3	9	4	1	0	0	4	15	86	4	23	510	63	0	4	0	170,348,674,736,738,752,852,960,976
8814	8742	3	3	4	1	0	0	3	15	236	5	23	510	62	0	4	0	62,170,348
8814	8745	1	1	6	0	1	1	0	19	3	2	23	19876	738	128	5	1	738
8814	8746	2	3	5	1	0	0	1	17	13	3	23	5872	348	0	5	0	284,316,348
8814	8748	2	3	5	1	0	0	1	17	13	3	23	510	62	0	5	0	62,286,318
8814	8753	3	20	4	1	0	0	5	17	13	3	23	510	63	0	4	0	166,172,174,198,230,344,678,706,710,722,738,742,754,848,850,856,960,962,976,978
8814	8754	3	9	4	1	0	0	4	15	86	4	23	510	62	0	4	0	60,62,172,174,312,316,344,824,856
8814	8756	2	1	5	1	0	0	1	15	77	4	23	510	62	0	5	0	62
8814	8760	1	1	6	0	1	1	0	19	3	2	23	29122	314	16384	5	1	314
8814	8771	1	1	6	0	1	1	0	19	12	2	23	11112	171	4	5	1	852
8814	8773	2	1	5	1	0	0	1	15	77	4	23	11112	170	0	5	0	170
8814	8774	2	1	5	1	0	0	1	15	77	4	23	11112	170	0	5	0	170
8814	8777	2	6	5	1	0	0	2	21	1	1	23	5872	348	0	5	0	170,206,234,348,682,746
8814	8778	2	6	5	1	0	0	2	21	1	1	23	510	62	0	5	0	62,170,186,348,682,698
8814	8780	3	11	4	1	0	0	5	17	11	3	23	510	62	0	4	0	62,168,184,232,248,348,680,696,744,760,818
8814	8785	1	1	6	0	1	1	0	19	12	2	23	11112	174	4	5	1	174
8814	8786	1	1	6	0	1	1	0	19	12	2	23	11112	174	4	5	1	174
8814	8788	2	1	5	1	0	0	1	15	77	4	23	11112	172	0	5	0	172
8814	8792	2	6	5	1	0	0	2	21	1	1	23	510	62	0	5	0	62,172,188,236,252,818
8814	8801	2	4	5	1	0	0	1	18	13	3	24	5872	344	0	5	0	166,344,678,856
8814	8802	2	4	5	1	0	0	1	18	13	3	24	5872	344	0	5	0	166,344,678,856
8814	8804	3	11	4	1	0	0	5	16	77	4	24	510	62	0	4	0	62,164,166,344,346,676,678,752,818,856,858
8814	8808	2	13	5	1	0	0	4	22	1	1	24	510	62	0	5	0	62,282,314,344,346,566,676,678,692,694,740,756,818
8814	8816	2	6	5	1	0	0	2	20	3	2	24	510	62	0	5	0	62,172,174,818,848,850
8814	8835	3	9	4	1	0	0	4	15	77	4	23	510	63	0	4	0	62,186,278,286,340,348,836,852,960
8814	8837	3	3	4	1	0	0	3	13	94	5	23	510	63	0	4	0	186,744,960
8814	8838	2	2	5	1	0	0	2	13	94	5	23	510	62	0	5	0	62,186
8814	8841	2	1	5	1	0	0	1	15	75	4	23	19876	746	0	5	0	746
8814	8842	3	9	4	1	0	0	4	15	77	4	23	510	62	0	4	0	60,62,184,186,284,316,348,682,746
8814	8844	3	3	4	1	0	0	3	13	94	5	23	510	62	0	4	0	62,184,744
8814	8849	3	9	4	1	0	0	4	15	77	4	23	510	63	0	4	0	174,188,190,206,238,714,746,960,962
8814	8850	2	4	5	1	0	0	2	15	86	4	23	510	62	0	5	0	60,62,188,190
8814	8852	2	2	5	1	0	0	2	13	94	5	23	510	62	0	5	0	62,188
8814	8856	3	9	4	1	0	0	4	15	77	4	23	510	62	0	4	0	58,62,184,188,236,306,314,748,818
8814	8865	2	1	5	1	0	0	1	14	94	5	24	19876	738	0	5	0	738
8814	8866	3	9	4	1	0	0	4	16	236	5	24	510	62	0	4	0	60,62,180,182,284,316,344,678,738
8814	8868	2	1	5	1	0	0	1	14	94	5	24	510	62	0	5	0	62
8814	8872	2	3	5	1	0	0	1	16	77	4	24	19876	740	0	5	0	282,314,740
8814	8880	2	3	5	1	0	0	1	16	77	4	24	510	62	0	5	0	58,62,314
8814	8897	2	1	5	1	1	1	0	16	77	4	24	11112	182	4	4	1	182
8814	8898	1	1	6	0	1	1	0	18	13	3	24	11112	182	4	5	1	182
8814	8900	2	1	5	1	0	0	1	14	94	5	24	11112	180	0	5	0	180
8814	8904	2	4	5	1	0	0	1	18	11	3	24	19876	756	0	5	0	180,244,692,756
8814	8912	1	1	6	0	1	1	0	18	13	3	24	11112	188	4	5	1	188
8814	8928	2	6	5	1	0	0	2	19	13	3	25	510	62	0	5	0	62,172,174,684,686,740
8814	8963	3	20	4	1	0	0	5	17	13	3	23	510	63	0	4	0	30,62,154,158,278,286,308,310,316,318,372,380,816,820,864,868,880,884,960,992
8814	8965	3	9	4	1	0	0	4	15	86	4	23	510	63	0	4	0	154,158,202,206,712,714,744,960,992
8814	8966	2	1	5	1	0	0	1	15	77	4	23	510	62	0	5	0	62
8814	8969	1	1	6	0	1	1	0	19	3	2	23	19876	714	128	5	1	714
8814	8970	1	1	6	0	1	1	0	19	3	2	23	5872	316	1024	5	1	316
8814	8972	2	3	5	1	0	0	1	17	13	3	23	510	62	0	5	0	62,310,318
8814	8977	2	1	5	1	0	0	1	15	77	4	23	29122	817	0	5	0	206
8814	8978	3	9	4	1	0	0	4	15	86	4	23	510	62	0	4	0	60,62,156,158,312,316,376,816,880
8814	8980	3	3	4	1	0	0	3	15	236	5	23	510	62	0	4	0	62,156,818
8814	8984	2	3	5	1	0	0	1	17	13	3	23	29122	818	0	5	0	306,314,818
8814	8993	2	3	5	1	0	0	1	16	86	4	24	19876	738	0	5	0	706,710,738
8814	8994	2	3	5	1	0	0	1	16	86	4	24	5872	376	0	5	0	312,316,376
8814	8996	2	3	5	1	0	0	1	16	86	4	24	510	62	0	5	0	62,314,318
8814	9000	0	1	7	0	2	2	0	20	12	2	24	510	314	4100	5	2	314
8814	9008	2	3	5	1	0	0	1	16	86	4	24	29122	818	0	5	0	306,314,818
8814	9025	2	4	5	1	0	0	1	18	13	3	24	29122	801	0	5	0	150,158,214,222
8814	9026	2	6	5	1	0	0	2	20	3	2	24	510	62	0	5	0	62,150,158,376,864,872
8814	9028	3	11	4	1	0	0	5	16	77	4	24	510	62	0	4	0	62,148,156,212,220,376,752,802,810,866,874
8814	9032	2	13	5	1	0	0	4	22	1	1	24	510	62	0	5	0	62,124,212,220,244,252,298,314,376,724,756,802,810
8814	9040	2	4	5	1	0	0	1	18	13	3	24	29122	802	0	5	0	156,220,802,866
8814	9056	2	13	5	1	0	0	4	21	12	2	25	510	62	0	5	0	62,306,314,368,370,740,802,818,864,866,880,882,992
8814	9089	2	1	5	1	0	0	1	14	94	5	24	19876	722	0	5	0	722
8814	9090	2	3	5	1	0	0	1	16	77	4	24	510	62	0	5	0	60,62,316
8814	9092	2	1	5	1	0	0	1	14	94	5	24	510	62	0	5	0	62
8814	9096	2	3	5	1	0	0	1	16	77	4	24	19876	724	0	5	0	298,314,724
8814	9104	3	9	4	1	0	0	4	16	236	5	24	510	62	0	4	0	58,62,184,188,220,298,314,724,802
8814	9120	1	1	6	0	1	1	0	17	86	4	25	19876	709	1	5	1	314
8814	9152	2	6	5	1	0	0	2	19	13	3	25	510	62	0	5	0	62,172,188,236,252,740
8814	9223	3	9	4	1	0	0	4	16	13	3	22	5872	350	0	4	0	346,350,688,692,786,794,816,824,944
8814	9227	2	4	5	1	0	0	2	16	11	3	22	5872	350	0	5	0	330,334,346,350
8814	9229	3	9	4	1	0	0	4	16	13	3	22	5872	350	0	4	0	198,206,228,236,334,350,676,692,740
8814	9230	3	3	4	1	0	0	3	14	77	4	22	510	62	0	4	0	62,350,692
8814	9235	3	9	4	1	0	0	4	16	13	3	22	5872	348	0	4	0	206,238,330,334,344,348,792,824,856
8814	9237	2	4	5	1	0	0	2	16	11	3	22	11112	238	0	5	0	198,206,230,238
8814	9238	3	3	4	1	0	0	3	14	77	4	22	510	62	0	4	0	62,238,824
8814	9241	3	9	4	1	0	0	4	16	13	3	22	5872	348	0	4	0	198,204,230,236,332,348,460,678,694
8814	9242	3	3	4	1	0	0	3	14	77	4	22	510	62	0	4	0	62,348,694
8814	9244	3	3	4	1	0	0	3	14	77	4	22	510	62	0	4	0	62,236,826
8814	9251	2	2	5	1	0	0	2	13	94	5	23	5872	348	0	5	0	334,348
8814	9253	3	9	4	1	0	0	4	15	77	4	23	5872	348	0	4	0	198,206,226,234,334,348,674,688,738
8814	9254	3	3	4	1	0	0	3	13	94	5	23	5872	348	0	4	0	348,688,824
8814	9257	2	4	5	1	0	0	2	15	86	4	23	5872	348	0	5	0	332,348,674,690
8814	9258	2	2	5	1	0	0	2	13	94	5	23	5872	348	0	5	0	348,690
8814	9260	3	9	4	1	0	0	4	15	77	4	23	510	62	0	4	0	62,286,318,348,350,570,688,690,826
8814	9265	3	9	4	1	0	0	4	15	77	4	23	5872	344	0	4	0	198,204,230,236,332,344,460,678,690
8814	9266	3	3	4	1	0	0	3	13	94	5	23	5872	344	0	4	0	344,690,824
8814	9268	2	1	5	1	0	0	1	15	75	4	23	29122	826	0	5	0	826
8814	9272	3	9	4	1	0	0	4	15	77	4	23	510	62	0	4	0	62,314,344,346,566,574,692,694,826
8814	9283	3	9	4	1	0	0	4	15	77	4	23	5872	348	0	4	0	206,234,326,334,340,348,788,816,852
8814	9285	2	2	5	1	0	0	2	13	94	5	23	11112	234	0	5	0	206,234
8814	9286	3	3	4	1	0	0	3	13	94	5	23	11112	234	0	4	0	234,696,816
8814	9289	3	9	4	1	0	0	4	15	77	4	23	5872	348	0	4	0	204,206,232,234,332,348,460,682,698
8814	9290	2	1	5	1	0	0	1	15	75	4	23	19876	698	0	5	0	698
8814	9292	3	3	4	1	0	0	3	13	94	5	23	11112	232	0	4	0	232,696,818
8814	9297	2	4	5	1	0	0	2	15	86	4	23	11112	236	0	5	0	204,206,236,238
8814	9298	3	9	4	1	0	0	4	15	77	4	23	510	62	0	4	0	62,174,190,236,238,570,698,816,818
8814	9300	2	2	5	1	0	0	2	13	94	5	23	11112	236	0	5	0	236,818
8814	9304	3	9	4	1	0	0	4	15	77	4	23	510	62	0	4	0	62,188,232,236,566,574,700,818,822
8814	9313	3	9	4	1	0	0	4	16	236	5	24	5872	344	0	4	0	204,206,228,230,332,344,460,678,690
8814	9314	2	1	5	1	0	0	1	14	94	5	24	19876	690	0	5	0	690
8814	9316	2	1	5	1	0	0	1	14	94	5	24	29122	818	0	5	0	818
8814	9320	2	3	5	1	0	0	1	16	77	4	24	19876	692	0	5	0	566,692,694
8814	9328	2	3	5	1	0	0	1	16	77	4	24	29122	818	0	5	0	566,818,822
8814	9347	2	4	5	1	0	0	2	15	86	4	23	5872	348	0	5	0	340,342,348,350
8814	9349	3	9	4	1	0	0	4	15	77	4	23	5872	348	0	4	0	94,206,222,234,250,348,350,680,682
8814	9350	3	9	4	1	0	0	4	15	77	4	23	510	62	0	4	0	62,94,126,186,250,348,350,680,682
8814	9353	2	2	5	1	0	0	2	13	94	5	23	5872	348	0	5	0	348,682
8814	9354	2	2	5	1	0	0	2	13	94	5	23	5872	348	0	5	0	348,682
8814	9356	3	3	4	1	0	0	3	13	94	5	23	5872	348	0	4	0	248,348,680
8814	9361	3	9	4	1	0	0	4	15	77	4	23	5872	344	0	4	0	174,206,220,238,252,344,348,682,686
8814	9362	3	9	4	1	0	0	4	15	77	4	23	510	62	0	4	0	62,124,174,190,252,344,348,682,686
8814	9364	2	1	5	1	0	0	1	15	75	4	23	11112	252	0	5	0	252
8814	9368	3	3	4	1	0	0	3	13	94	5	23	5872	344	0	4	0	248,344,684
8814	9377	2	4	5	1	0	0	2	14	94	5	24	5872	344	0	5	0	344,348,674,678
8814	9378	2	4	5	1	0	0	2	14	94	5	24	5872	344	0	5	0	344,348,674,678
8814	9380	3	11	4	1	0	0	5	16	75	4	24	510	62	0	4	0	62,244,344,346,348,350,672,674,676,678,818
8814	9384	2	4	5	1	0	0	2	14	94	5	24	5872	344	0	5	0	344,346,676,678
8814	9392	3	11	4	1	0	0	5	16	75	4	24	510	62	0	4	0	62,248,336,338,344,346,676,678,684,686,818
8814	9409	3	9	4	1	0	0	4	16	236	5	24	5872	344	0	4	0	182,220,222,244,246,344,348,690,694
8814	9410	2	3	5	1	0	0	1	16	77	4	24	19876	690	0	5	0	182,690,694
8814	9412	2	1	5	1	0	0	1	14	94	5	24	11112	244	0	5	0	244
8814	9416	2	1	5	1	0	0	1	14	94	5	24	19876	692	0	5	0	692
8814	9424	2	3	5	1	0	0	1	16	77	4	24	11112	248	0	5	0	188,248,252
8814	9440	2	4	5	1	0	0	1	17	77	4	25	19876	676	0	5	0	676,678,684,686
8814	9475	3	9	4	1	0	0	4	15	77	4	23	5872	380	0	4	0	94,218,222,342,350,372,380,816,820
8814	9477	2	4	5	1	0	0	2	15	86	4	23	11112	218	0	5	0	202,206,218,222
8814	9478	3	9	4	1	0	0	4	15	77	4	23	510	62	0	4	0	62,94,126,218,222,316,380,816,820
8814	9481	3	9	4	1	0	0	4	15	77	4	23	5872	380	0	4	0	202,206,216,220,348,380,650,682,714
8814	9482	2	1	5	1	0	0	1	15	75	4	23	5872	380	0	5	0	380
8814	9484	3	9	4	1	0	0	4	15	77	4	23	510	62	0	4	0	62,124,216,220,310,318,380,818,822
8814	9489	2	2	5	1	0	0	2	13	94	5	23	11112	220	0	5	0	206,220
8814	9490	3	3	4	1	0	0	3	13	94	5	23	5872	376	0	4	0	220,376,816
8814	9492	2	2	5	1	0	0	2	13	94	5	23	11112	220	0	5	0	220,818
8814	9496	3	3	4	1	0	0	3	13	94	5	23	5872	376	0	4	0	216,376,818
8814	9505	3	9	4	1	0	0	4	16	236	5	24	5872	376	0	4	0	198,206,212,220,348,376,646,674,710
8814	9506	2	1	5	1	0	0	1	14	94	5	24	5872	376	0	5	0	376
8814	9508	2	3	5	1	0	0	1	16	77	4	24	29122	818	0	5	0	314,818,826
8814	9512	2	3	5	1	0	0	1	16	77	4	24	5872	376	0	5	0	314,376,378
8814	9520	2	1	5	1	0	0	1	14	94	5	24	29122	818	0	5	0	818
8814	9537	2	4	5	1	0	0	2	14	94	5	24	11112	212	0	5	0	212,214,220,222
8814	9538	3	11	4	1	0	0	5	16	75	4	24	510	62	0	4	0	62,212,214,220,222,376,690,800,802,808,810
8814	9540	2	4	5	1	0	0	2	14	94	5	24	11112	212	0	5	0	212,220,802,810
8814	9544	3	11	4	1	0	0	5	16	75	4	24	510	62	0	4	0	62,208,212,216,220,376,692,802,806,810,814
8814	9552	2	4	5	1	0	0	2	14	94	5	24	11112	216	0	5	0	216,220,802,806
8814	9568	2	4	5	1	0	0	1	17	77	4	25	29122	802	0	5	0	802,806,818,822
8814	9601	3	9	4	1	0	0	4	16	236	5	24	5872	376	0	4	0	124,214,222,244,252,376,380,658,662
8814	9602	2	3	5	1	0	0	1	16	77	4	24	5872	376	0	5	0	124,376,380
8814	9604	2	3	5	1	0	0	1	16	77	4	24	11112	244	0	5	0	124,244,252
8814	9608	2	1	5	1	0	0	1	14	94	5	24	5872	376	0	5	0	376
8814	9616	2	1	5	1	0	0	1	14	94	5	24	11112	248	0	5	0	248
8814	9632	2	4	5	1	0	0	1	17	77	4	25	5872	368	0	5	0	368,370,376,378
8814	9664	2	4	5	1	0	0	1	17	77	4	25	11112	232	0	5	0	232,236,248,252
8814	9731	2	3	5	1	0	0	1	17	13	3	23	5872	316	0	5	0	308,316,820
8814	9733	2	3	5	1	0	0	1	17	13	3	23	11112	218	0	5	0	202,218,714
8814	9734	3	3	4	1	0	0	3	15	236	5	23	510	126	0	4	0	126,218,316
8814	9737	1	1	6	0	1	1	0	19	3	2	23	19876	714	128	5	1	714
8814	9738	2	1	5	1	0	0	1	15	77	4	23	5872	316	0	5	0	316
8814	9740	3	9	4	1	0	0	4	15	86	4	23	510	126	0	4	0	124,126,216,248,310,316,318,712,744
8814	9745	1	1	6	0	1	1	0	19	3	2	23	29122	817	256	5	1	206
8814	9746	3	9	4	1	0	0	4	15	86	4	23	510	126	0	4	0	124,126,206,220,222,312,376,816,880
8814	9748	2	1	5	1	0	0	1	15	77	4	23	11112	220	0	5	0	220
8814	9752	3	20	4	1	0	0	5	17	13	3	23	510	126	0	4	0	120,122,124,126,204,216,220,236,248,252,306,312,314,370,376,378,716,748,818,882
8814	9761	1	1	6	0	1	1	0	18	13	3	24	5872	313	2	5	1	710
8814	9762	2	1	5	1	0	0	1	14	94	5	24	5872	312	0	5	0	312
8814	9764	2	1	5	1	1	1	0	16	77	4	24	5872	314	2	4	1	314
8814	9768	1	1	6	0	1	1	0	18	13	3	24	5872	314	2	5	1	314
8814	9776	2	4	5	1	0	0	1	18	11	3	24	29122	882	0	5	0	306,370,818,882
8814	9793	1	1	6	0	1	1	0	18	13	3	24	11112	214	4	5	1	214
8814	9794	2	1	5	1	1	1	0	16	77	4	24	11112	214	4	4	1	214
8814	9796	2	1	5	1	0	0	1	14	94	5	24	11112	212	0	5	0	212
8814	9800	2	4	5	1	0	0	1	18	11	3	24	19876	756	0	5	0	212,244,724,756
8814	9808	1	1	6	0	1	1	0	18	13	3	24	11112	220	4	5	1	220
8814	9824	2	6	5	1	0	0	2	19	13	3	25	19876	740	0	5	0	204,306,716,740,818,866
8814	9857	2	3	5	1	0	0	1	16	77	4	24	19876	722	0	5	0	214,722,726
8814	9858	3	9	4	1	0	0	4	16	236	5	24	510	126	0	4	0	124,126,214,244,246,312,316,722,726
8814	9860	2	1	5	1	0	0	1	14	94	5	24	11112	244	0	5	0	244
8814	9864	2	1	5	1	0	0	1	14	94	5	24	19876	724	0	5	0	724
8814	9872	2	3	5	1	0	0	1	16	77	4	24	11112	248	0	5	0	220,248,252
8814	9888	2	4	5	1	0	0	1	17	77	4	25	19876	708	0	5	0	306,314,708,716
8814	9920	1	1	6	0	1	1	0	17	86	4	25	11112	236	4	5	1	236
8814	9985	2	3	5	1	0	0	1	16	77	4	24	29122	865	0	5	0	150,158,662
8814	9986	2	1	5	1	0	0	1	14	94	5	24	5872	376	0	5	0	376
8814	9988	3	9	4	1	0	0	4	16	236	5	24	510	126	0	4	0	124,126,180,188,362,376,378,866,874
8814	9992	2	3	5	1	0	0	1	16	77	4	24	5872	376	0	5	0	362,376,378
8814	10000	2	1	5	1	0	0	1	14	94	5	24	29122	866	0	5	0	866
8814	10016	1	1	6	0	1	1	0	17	86	4	25	5872	370	2	5	1	370
8814	10048	2	4	5	1	0	0	1	17	77	4	25	29122	834	0	5	0	172,188,834,850
8814	10112	3	20	4	1	0	0	5	17	236	5	25	510	126	0	4	0	120,122,124,126,172,188,232,236,248,252,338,346,368,370,376,378,676,684,834,850
8814	10247	2	3	5	1	0	0	1	18	12	2	22	11112	109	0	5	0	912,914,944
8814	10251	2	4	5	1	0	0	1	20	1	1	22	19876	693	0	5	0	330,334,458,462
8814	10253	2	4	5	1	0	0	1	20	1	1	22	29122	825	0	5	0	198,206,454,462
8814	10254	2	3	5	1	0	0	1	18	12	2	22	510	62	0	5	0	60,62,572
8814	10259	2	1	5	1	0	0	1	16	13	3	22	11112	110	0	5	0	110
8814	10261	2	1	5	1	0	0	1	16	13	3	22	11112	110	0	5	0	110
8814	10262	2	2	5	1	0	0	2	14	86	4	22	510	62	0	5	0	62,110
8814	10265	2	1	5	1	1	1	0	18	3	2	22	5872	460	128	4	1	460
8814	10266	2	1	5	1	0	0	1	16	13	3	22	510	62	0	5	0	62
8814	10268	2	1	5	1	0	0	1	16	13	3	22	510	62	0	5	0	62
8814	10275	2	1	5	1	0	0	1	15	77	4	23	19876	689	0	5	0	334
8814	10277	3	20	4	1	0	0	5	17	13	3	23	510	63	0	4	0	78,106,110,198,206,334,452,454,460,462,468,476,688,912,916,944,960,964,976,980
8814	10278	3	9	4	1	0	0	4	15	86	4	23	510	62	0	4	0	58,62,106,110,568,570,688,824,944
8814	10281	1	1	6	0	1	1	0	19	3	2	23	5872	460	128	5	1	460
8814	10282	2	3	5	1	0	0	1	17	13	3	23	19876	690	0	5	0	562,570,690
8814	10284	1	1	6	0	1	1	0	19	3	2	23	29122	570	4096	5	1	570
8814	10289	3	9	4	1	0	0	4	15	86	4	23	510	63	0	4	0	108,332,456,460,472,690,914,960,976
8814	10290	3	3	4	1	0	0	3	15	236	5	23	510	62	0	4	0	62,108,690
8814	10292	2	1	5	1	0	0	1	15	77	4	23	510	62	0	5	0	62
8814	10296	2	3	5	1	0	0	1	17	13	3	23	510	62	0	5	0	62,566,574
8814	10307	3	20	4	1	0	0	5	17	13	3	23	510	63	0	4	0	78,106,110,206,326,334,452,454,460,462,468,476,816,912,916,944,960,964,976,980
8814	10309	2	1	5	1	0	0	1	15	77	4	23	29122	817	0	5	0	206
8814	10310	3	9	4	1	0	0	4	15	86	4	23	510	62	0	4	0	58,62,106,110,568,570,696,816,944
8814	10313	1	1	6	0	1	1	0	19	3	2	23	5872	460	128	5	1	460
8814	10314	1	1	6	0	1	1	0	19	3	2	23	19876	570	1024	5	1	570
8814	10316	2	3	5	1	0	0	1	17	13	3	23	29122	818	0	5	0	562,570,818
8814	10321	3	9	4	1	0	0	4	15	86	4	23	510	63	0	4	0	108,110,204,206,456,460,472,960,976
8814	10322	2	1	5	1	0	0	1	15	77	4	23	510	62	0	5	0	62
8814	10324	3	3	4	1	0	0	3	15	236	5	23	510	62	0	4	0	62,108,818
8814	10328	2	3	5	1	0	0	1	17	13	3	23	510	62	0	5	0	62,566,574
8814	10337	2	3	5	1	0	0	1	16	86	4	24	5872	472	0	5	0	456,460,472
8814	10338	2	3	5	1	0	0	1	16	86	4	24	19876	690	0	5	0	562,566,690
8814	10340	2	3	5	1	0	0	1	16	86	4	24	29122	818	0	5	0	562,566,818
8814	10344	0	1	7	0	2	2	0	20	12	2	24	510	566	16400	5	2	566
8814	10352	2	3	5	1	0	0	1	16	86	4	24	510	62	0	5	0	62,566,574
8814	10371	3	9	4	1	0	0	4	15	77	4	23	510	63	0	4	0	94,122,126,342,350,468,476,960,964
8814	10373	3	9	4	1	0	0	4	15	77	4	23	510	63	0	4	0	94,122,126,206,222,460,476,960,964
8814	10374	2	4	5	1	0	0	2	15	86	4	23	510	62	0	5	0	58,62,122,126
8814	10377	2	1	5	1	0	0	1	15	75	4	23	5872	476	0	5	0	476
8814	10378	3	9	4	1	0	0	4	15	77	4	23	510	62	0	4	0	58,62,120,124,348,476,554,570,682
8814	10380	3	9	4	1	0	0	4	15	77	4	23	510	62	0	4	0	58,62,120,124,220,476,562,570,818
8814	10385	3	3	4	1	0	0	3	13	94	5	23	510	63	0	4	0	124,472,960
8814	10386	2	2	5	1	0	0	2	13	94	5	23	510	62	0	5	0	62,124
8814	10388	2	2	5	1	0	0	2	13	94	5	23	510	62	0	5	0	62,124
8814	10392	3	3	4	1	0	0	3	13	94	5	23	510	62	0	4	0	62,120,472
8814	10401	2	1	5	1	0	0	1	14	94	5	24	5872	472	0	5	0	472
8814	10402	3	9	4	1	0	0	4	16	236	5	24	510	62	0	4	0	54,62,116,124,348,472,550,566,674
8814	10404	2	3	5	1	0	0	1	16	77	4	24	510	62	0	5	0	54,62,566
8814	10408	2	3	5	1	0	0	1	16	77	4	24	5872	472	0	5	0	472,550,566
8814	10416	2	1	5	1	0	0	1	14	94	5	24	510	62	0	5	0	62
8814	10433	2	1	5	1	0	0	1	14	94	5	24	5872	472	0	5	0	472
8814	10434	2	3	5	1	0	0	1	16	77	4	24	510	62	0	5	0	54,62,566
8814	10436	3	9	4	1	0	0	4	16	236	5	24	510	62	0	4	0	54,62,116,124,220,472,550,566,802
8814	10440	2	3	5	1	0	0	1	16	77	4	24	5872	472	0	5	0	472,550,566
8814	10448	2	1	5	1	0	0	1	14	94	5	24	510	62	0	5	0	62
8814	10464	1	1	6	0	1	1	0	17	86	4	25	5872	465	1	5	1	558
8814	10499	1	1	6	0	1	1	0	19	12	2	23	11112	94	16	5	1	94
8814	10501	1	1	6	0	1	1	0	19	12	2	23	11112	94	16	5	1	94
8814	10502	1	1	6	0	1	1	0	19	12	2	23	11112	94	16	5	1	94
8814	10505	2	6	5	1	0	0	2	21	1	1	23	19876	682	0	5	0	92,206,220,348,476,682
8814	10506	2	6	5	1	0	0	2	21	1	1	23	510	62	0	5	0	62,92,124,348,380,682
8814	10508	2	6	5	1	0	0	2	21	1	1	23	510	62	0	5	0	62,92,124,220,252,818
8814	10513	2	1	5	1	0	0	1	15	77	4	23	11112	92	0	5	0	92
8814	10514	2	1	5	1	0	0	1	15	77	4	23	11112	92	0	5	0	92
8814	10516	2	1	5	1	0	0	1	15	77	4	23	11112	92	0	5	0	92
8814	10520	3	11	4	1	0	0	5	17	11	3	23	510	62	0	4	0	62,88,120,216,248,344,376,472,504,684,818
8814	10529	2	4	5	1	0	0	1	18	13	3	24	19876	674	0	5	0	92,348,674,930
8814	10530	2	4	5	1	0	0	1	18	13	3	24	19876	674	0	5	0	92,348,674,930
8814	10532	2	6	5	1	0	0	2	20	3	2	24	510	62	0	5	0	62,92,94,818,928,930
8814	10536	2	13	5	1	0	0	4	22	1	1	24	510	62	0	5	0	62,314,344,346,376,378,472,504,550,566,676,678,818
8814	10544	3	11	4	1	0	0	5	16	77	4	24	510	62	0	4	0	62,88,90,344,346,496,676,678,818,932,934
8814	10561	2	4	5	1	0	0	1	18	13	3	24	29122	801	0	5	0	92,94,220,222
8814	10562	2	6	5	1	0	0	2	20	3	2	24	510	62	0	5	0	62,92,94,690,928,930
8814	10564	2	4	5	1	0	0	1	18	13	3	24	29122	802	0	5	0	92,220,802,930
8814	10568	2	13	5	1	0	0	4	22	1	1	24	510	62	0	5	0	62,188,216,220,248,252,472,504,550,566,692,802,806
8814	10576	3	11	4	1	0	0	5	16	77	4	24	510	62	0	4	0	62,88,92,216,220,496,692,802,806,930,934
8814	10592	2	13	5	1	0	0	4	21	12	2	25	510	62	0	5	0	62,496,550,558,676,678,802,806,928,930,932,934,992
8814	10625	2	1	5	1	1	1	0	16	77	4	24	11112	124	16	4	1	124
8814	10626	1	1	6	0	1	1	0	18	13	3	24	11112	124	16	5	1	124
8814	10628	1	1	6	0	1	1	0	18	13	3	24	11112	124	16	5	1	124
8814	10632	2	4	5	1	0	0	1	18	11	3	24	5872	504	0	5	0	120,248,376,504
8814	10640	2	1	5	1	0	0	1	14	94	5	24	11112	120	0	5	0	120
8814	10656	2	6	5	1	0	0	2	19	13	3	25	510	62	0	5	0	62,120,122,376,378,496
8814	10688	2	6	5	1	0	0	2	19	13	3	25	510	62	0	5	0	62,120,124,248,252,496
8814	10755	2	4	5	1	0	0	1	19	3	2	23	11112	90	0	5	0	90,94,928,932
8814	10757	2	4	5	1	0	0	1	19	3	2	23	11112	90	0	5	0	90,94,928,932
8814	10758	2	4	5	1	0	0	2	15	86	4	23	510	126	0	5	0	90,94,122,126
8814	10761	2	6	5	1	0	0	3	23	0	0	23	5872	444	0	5	0	142,174,412,444,714,746
8814	10762	2	4	5	1	0	0	1	19	3	2	23	510	126	0	5	0	120,122,124,126
8814	10764	2	4	5	1	0	0	1	19	3	2	23	510	126	0	5	0	120,122,124,126
8814	10769	2	4	5	1	0	0	1	19	3	2	23	11112	92	0	5	0	92,94,928,930
8814	10770	2	4	5	1	0	0	2	15	86	4	23	510	126	0	5	0	92,94,124,126
8814	10772	2	4	5	1	0	0	2	15	86	4	23	510	126	0	5	0	92,94,124,126
8814	10776	2	4	5	1	0	0	1	19	3	2	23	510	126	0	5	0	120,122,124,126
8814	10785	2	6	5	1	0	0	2	20	3	2	24	5872	440	0	5	0	440,738,928,930,936,938
8814	10786	3	11	4	1	0	0	5	16	77	4	24	510	126	0	4	0	84,86,92,94,116,118,124,126,440,738,880
8814	10788	2	4	5	1	0	0	1	18	13	3	24	510	126	0	5	0	86,94,118,126
8814	10792	2	13	5	1	0	0	4	22	1	1	24	510	126	0	5	0	114,118,122,126,314,370,378,440,614,626,630,740,882
8814	10800	2	4	5	1	0	0	1	18	13	3	24	510	126	0	5	0	90,94,122,126
8814	10817	2	6	5	1	0	0	2	20	3	2	24	5872	440	0	5	0	86,94,158,440,928,936
8814	10818	2	4	5	1	0	0	1	18	13	3	24	510	126	0	5	0	86,94,118,126
8814	10820	3	11	4	1	0	0	5	16	77	4	24	510	126	0	4	0	84,86,92,94,116,118,124,126,440,752,866
8814	10824	2	13	5	1	0	0	4	22	1	1	24	510	126	0	5	0	116,118,124,126,188,244,252,440,614,628,630,756,866
8814	10832	2	4	5	1	0	0	1	18	13	3	24	510	126	0	5	0	92,94,124,126
8814	10848	2	13	5	1	0	0	4	21	12	2	25	510	126	0	5	0	78,94,110,126,432,590,614,622,740,866,928,944,992
8814	10881	3	11	4	1	0	0	5	16	75	4	24	510	127	0	4	0	116,118,124,126,158,440,722,896,898,904,906
8814	10882	2	4	5	1	0	0	2	14	94	5	24	510	126	0	5	0	116,118,124,126
8814	10884	2	4	5	1	0	0	2	14	94	5	24	510	126	0	5	0	116,118,124,126
8814	10888	3	11	4	1	0	0	5	16	75	4	24	510	126	0	4	0	112,114,116,118,120,122,124,126,440,724,866
8814	10896	2	4	5	1	0	0	2	14	94	5	24	510	126	0	5	0	120,122,124,126
8814	10912	2	4	5	1	0	0	1	17	77	4	25	510	126	0	5	0	106,110,122,126
8814	10944	2	4	5	1	0	0	1	17	77	4	25	510	126	0	5	0	108,110,124,126
8814	11009	2	6	5	1	0	0	2	20	3	2	24	19876	722	0	5	0	60,62,158,722,960,962
8814	11010	2	4	5	1	0	0	1	18	13	3	24	510	126	0	5	0	60,62,124,126
8814	11012	2	4	5	1	0	0	1	18	13	3	24	510	126	0	5	0	60,62,124,126
8814	11016	2	13	5	1	0	0	4	22	1	1	24	510	126	0	5	0	120,122,124,126,220,248,252,362,376,378,504,724,866
8814	11024	3	11	4	1	0	0	5	16	77	4	24	510	126	0	4	0	56,58,60,62,120,122,124,126,496,724,866
8814	11040	2	13	5	1	0	0	4	21	12	2	25	510	126	0	5	0	58,62,122,126,314,370,378,496,708,866,960,964,992
8814	11072	2	13	5	1	0	0	4	21	12	2	25	510	126	0	5	0	60,62,124,126,188,244,252,496,740,834,960,962,992
8814	11136	2	4	5	1	0	0	1	17	77	4	25	510	126	0	5	0	120,122,124,126
8814	11267	2	3	5	1	0	0	1	17	13	3	23	19876	617	0	5	0	158,406,414
8814	11269	1	1	6	0	1	1	0	19	3	2	23	29122	865	64	5	1	158
8814	11270	3	9	4	1	0	0	4	15	86	4	23	510	126	0	4	0	122,126,158,218,222,616,632,864,880
8814	11273	1	1	6	0	1	1	0	19	3	2	23	5872	412	128	5	1	412
8814	11274	2	1	5	1	0	0	1	15	77	4	23	19876	618	0	5	0	618
8814	11276	3	20	4	1	0	0	5	17	13	3	23	510	126	0	4	0	120,122,124,126,156,188,216,220,248,252,412,444,610,616,618,626,632,634,866,882
8814	11281	2	3	5	1	0	0	1	17	13	3	23	11112	220	0	5	0	156,220,412
8814	11282	3	3	4	1	0	0	3	15	236	5	23	510	126	0	4	0	126,220,618
8814	11284	2	1	5	1	0	0	1	15	77	4	23	11112	220	0	5	0	220
8814	11288	3	9	4	1	0	0	4	15	86	4	23	510	126	0	4	0	124,126,216,248,408,440,614,620,622
8814	11297	1	1	6	0	1	1	0	18	13	3	24	19876	611	2	5	1	412
8814	11298	2	1	5	1	0	0	1	14	94	5	24	19876	610	0	5	0	610
8814	11300	2	4	5	1	0	0	1	18	11	3	24	29122	882	0	5	0	610,626,866,882
8814	11304	1	1	6	0	1	1	0	18	13	3	24	19876	614	2	5	1	614
8814	11312	2	1	5	1	1	1	0	16	77	4	24	19876	614	2	4	1	614
8814	11329	2	3	5	1	0	0	1	16	77	4	24	29122	865	0	5	0	156,158,412
8814	11330	2	1	5	1	0	0	1	14	94	5	24	19876	626	0	5	0	626
8814	11332	2	1	5	1	0	0	1	14	94	5	24	29122	866	0	5	0	866
8814	11336	2	3	5	1	0	0	1	16	77	4	24	19876	628	0	5	0	614,628,630
8814	11344	3	9	4	1	0	0	4	16	236	5	24	510	126	0	4	0	124,126,216,220,614,628,630,866,870
8814	11360	1	1	6	0	1	1	0	17	86	4	25	19876	614	2	5	1	614
8814	11393	2	3	5	1	0	0	1	16	77	4	24	5872	440	0	5	0	188,440,444
8814	11394	3	9	4	1	0	0	4	16	236	5	24	510	126	0	4	0	118,126,188,244,252,440,444,594,598
8814	11396	2	3	5	1	0	0	1	16	77	4	24	11112	244	0	5	0	188,244,252
8814	11400	2	1	5	1	0	0	1	14	94	5	24	5872	440	0	5	0	440
8814	11408	2	1	5	1	0	0	1	14	94	5	24	11112	248	0	5	0	248
8814	11424	2	4	5	1	0	0	1	17	77	4	25	5872	432	0	5	0	432,440,582,590
8814	11456	3	20	4	1	0	0	5	17	236	5	25	510	126	0	4	0	108,110,124,126,184,188,232,236,248,252,432,440,582,590,612,614,620,622,834,838
8814	11521	1	1	6	0	1	1	0	18	13	3	24	11112	188	16	5	1	188
8814	11522	2	1	5	1	1	1	0	16	77	4	24	11112	188	16	4	1	188
8814	11524	1	1	6	0	1	1	0	18	13	3	24	11112	188	16	5	1	188
8814	11528	2	4	5	1	0	0	1	18	11	3	24	5872	504	0	5	0	184,248,440,504
8814	11536	2	1	5	1	0	0	1	14	94	5	24	11112	184	0	5	0	184
8814	11552	2	6	5	1	0	0	2	19	13	3	25	5872	496	0	5	0	184,440,496,582,838,866
8814	11584	2	4	5	1	0	0	1	17	77	4	25	29122	834	0	5	0	184,188,834,838
8814	11648	1	1	6	0	1	1	0	17	86	4	25	11112	248	16	5	1	248
8814	11777	2	13	5	1	0	0	4	22	1	1	24	5872	376	0	5	0	30,60,62,150,158,180,182,188,190,316,376,662,722
8814	11778	3	11	4	1	0	0	5	16	77	4	24	510	254	0	4	0	180,182,188,190,244,246,252,254,376,722,992
8814	11780	2	4	5	1	0	0	1	18	13	3	24	11112	180	0	5	0	180,188,244,252
8814	11784	2	6	5	1	0	0	2	20	3	2	24	5872	376	0	5	0	240,244,248,252,376,724
8814	11792	2	4	5	1	0	0	1	18	13	3	24	11112	184	0	5	0	184,188,248,252
8814	11808	2	6	5	1	0	0	3	21	3	2	25	5872	368	0	5	0	368,370,708,710,992,994
8814	11840	2	6	5	1	0	0	2	19	13	3	25	19876	740	0	5	0	172,188,236,252,740,962
8814	11904	2	4	5	1	0	0	1	17	77	4	25	11112	232	0	5	0	232,236,248,252
8814	12032	2	6	5	1	0	0	2	19	13	3	25	5872	496	0	5	0	120,124,248,252,496,962
8814	12295	2	1	5	1	1	1	0	18	3	2	22	19876	944	32	4	1	944
8814	12299	2	4	5	1	0	0	1	20	1	1	22	5872	222	0	5	0	78,94,206,222
8814	12301	2	1	5	1	0	0	1	16	13	3	22	29122	569	0	5	0	454
8814	12302	2	1	5	1	0	0	1	16	13	3	22	510	62	0	5	0	62
8814	12307	2	4	5	1	0	0	1	20	1	1	22	11112	366	0	5	0	78,110,334,366
8814	12309	2	1	5	1	0	0	1	16	13	3	22	29122	569	0	5	0	454
8814	12310	2	1	5	1	0	0	1	16	13	3	22	510	62	0	5	0	62
8814	12313	2	3	5	1	0	0	1	18	12	2	22	29122	569	0	5	0	452,454,460
8814	12314	2	3	5	1	0	0	1	18	12	2	22	510	62	0	5	0	60,62,124
8814	12316	2	2	5	1	0	0	2	14	86	4	22	510	62	0	5	0	62,570
8814	12323	2	1	5	1	0	0	1	15	75	4	23	19876	945	0	5	0	78
8814	12325	3	3	4	1	0	0	3	13	94	5	23	510	63	0	4	0	454,944,960
8814	12326	3	3	4	1	0	0	3	13	94	5	23	510	62	0	4	0	62,568,944
8814	12329	3	9	4	1	0	0	4	15	77	4	23	510	63	0	4	0	204,220,452,454,460,930,946,960,962
8814	12330	3	9	4	1	0	0	4	15	77	4	23	510	62	0	4	0	60,62,92,124,220,568,570,818,946
8814	12332	2	2	5	1	0	0	2	13	94	5	23	510	62	0	5	0	62,570
8814	12337	3	9	4	1	0	0	4	15	77	4	23	510	63	0	4	0	332,364,452,454,460,914,946,960,962
8814	12338	3	9	4	1	0	0	4	15	77	4	23	510	62	0	4	0	60,62,108,124,364,568,570,690,946
8814	12340	2	2	5	1	0	0	2	13	94	5	23	510	62	0	5	0	62,570
8814	12344	2	4	5	1	0	0	2	15	86	4	23	510	62	0	5	0	58,62,570,574
8814	12355	2	6	5	1	0	0	2	21	1	1	23	5872	220	0	5	0	78,206,220,334,362,462
8814	12357	2	1	5	1	0	0	1	15	77	4	23	29122	561	0	5	0	462
8814	12358	3	11	4	1	0	0	5	17	11	3	23	510	62	0	4	0	62,220,362,560,568,688,696,816,824,944,952
8814	12361	1	1	6	0	1	1	0	19	12	2	23	29122	563	4	5	1	460
8814	12362	2	6	5	1	0	0	2	21	1	1	23	510	62	0	5	0	62,220,562,570,818,826
8814	12364	2	1	5	1	0	0	1	15	77	4	23	29122	562	0	5	0	562
8814	12369	1	1	6	0	1	1	0	19	12	2	23	29122	563	4	5	1	460
8814	12370	2	6	5	1	0	0	2	21	1	1	23	510	62	0	5	0	62,364,562,570,690,698
8814	12372	2	1	5	1	0	0	1	15	77	4	23	29122	562	0	5	0	562
8814	12376	1	1	6	0	1	1	0	19	12	2	23	29122	566	4	5	1	566
8814	12385	2	1	5	1	1	1	0	16	77	4	24	29122	563	4	4	1	460
8814	12386	2	4	5	1	0	0	1	18	11	3	24	19876	946	0	5	0	562,690,818,946
8814	12388	2	1	5	1	0	0	1	14	94	5	24	29122	562	0	5	0	562
8814	12392	1	1	6	0	1	1	0	18	13	3	24	29122	566	4	5	1	566
8814	12400	1	1	6	0	1	1	0	18	13	3	24	29122	566	4	5	1	566
8814	12419	1	1	6	0	1	1	0	19	3	2	23	19876	929	32	5	1	94
8814	12421	3	9	4	1	0	0	4	15	86	4	23	510	63	0	4	0	94,220,222,460,462,928,936,960,968
8814	12422	2	3	5	1	0	0	1	17	13	3	23	510	62	0	5	0	62,94,126
8814	12425	2	1	5	1	0	0	1	15	77	4	23	5872	220	0	5	0	220
8814	12426	2	3	5	1	0	0	1	17	13	3	23	5872	220	0	5	0	92,124,220
8814	12428	3	3	4	1	0	0	3	15	236	5	23	510	62	0	4	0	62,220,562
8814	12433	3	20	4	1	0	0	5	17	13	3	23	510	63	0	4	0	92,124,216,220,348,380,456,458,460,462,472,476,898,906,930,938,960,962,968,970
8814	12434	1	1	6	0	1	1	0	19	3	2	23	11112	124	2048	5	1	124
8814	12436	2	1	5	1	0	0	1	15	77	4	23	510	62	0	5	0	62
8814	12440	3	9	4	1	0	0	4	15	86	4	23	510	62	0	4	0	58,62,120,122,216,376,472,562,566
8814	12449	2	1	5	1	0	0	1	14	94	5	24	19876	930	0	5	0	930
8814	12450	2	3	5	1	0	0	1	16	77	4	24	19876	930	0	5	0	92,124,930
8814	12452	2	1	5	1	0	0	1	14	94	5	24	510	62	0	5	0	62
8814	12456	3	9	4	1	0	0	4	16	236	5	24	510	62	0	4	0	58,62,90,122,216,562,566,806,932
8814	12464	2	3	5	1	0	0	1	16	77	4	24	510	62	0	5	0	58,62,122
8814	12481	2	4	5	1	0	0	1	18	13	3	24	5872	216	0	5	0	216,220,472,476
8814	12482	2	13	5	1	0	0	4	22	1	1	24	510	62	0	5	0	62,92,124,216,220,310,372,802,806,818,822,930,946
8814	12484	3	11	4	1	0	0	5	16	77	4	24	510	62	0	4	0	62,216,220,372,472,476,546,550,802,806,944
8814	12488	2	4	5	1	0	0	1	18	13	3	24	5872	216	0	5	0	216,472,550,806
8814	12496	2	6	5	1	0	0	2	20	3	2	24	510	62	0	5	0	62,376,464,472,550,558
8814	12512	2	6	5	1	0	0	2	19	13	3	25	510	62	0	5	0	62,550,558,806,814,932
8814	12547	1	1	6	0	1	1	0	19	3	2	23	19876	929	32	5	1	94
8814	12549	3	9	4	1	0	0	4	15	86	4	23	510	63	0	4	0	94,346,350,458,462,928,936,960,968
8814	12550	2	3	5	1	0	0	1	17	13	3	23	510	62	0	5	0	62,94,126
8814	12553	3	20	4	1	0	0	5	17	13	3	23	510	63	0	4	0	92,124,220,252,344,348,456,458,460,462,472,476,898,906,930,938,960,962,968,970
8814	12554	1	1	6	0	1	1	0	19	3	2	23	5872	124	1024	5	1	124
8814	12556	2	1	5	1	0	0	1	15	77	4	23	510	62	0	5	0	62
8814	12561	2	1	5	1	0	0	1	15	77	4	23	11112	348	0	5	0	348
8814	12562	2	3	5	1	0	0	1	17	13	3	23	11112	348	0	5	0	92,124,348
8814	12564	3	3	4	1	0	0	3	15	236	5	23	510	62	0	4	0	62,348,562
8814	12568	3	9	4	1	0	0	4	15	86	4	23	510	62	0	4	0	58,62,120,122,248,344,472,562,566
8814	12577	2	1	5	1	0	0	1	14	94	5	24	19876	930	0	5	0	930
8814	12578	2	3	5	1	0	0	1	16	77	4	24	19876	930	0	5	0	92,124,930
8814	12580	2	1	5	1	0	0	1	14	94	5	24	510	62	0	5	0	62
8814	12584	2	3	5	1	0	0	1	16	77	4	24	510	62	0	5	0	58,62,122
8814	12592	3	9	4	1	0	0	4	16	236	5	24	510	62	0	4	0	58,62,90,122,344,562,566,678,932
8814	12609	2	4	5	1	0	0	1	18	13	3	24	11112	340	0	5	0	340,348,468,476
8814	12610	2	13	5	1	0	0	4	22	1	1	24	510	62	0	5	0	62,92,124,186,248,340,348,674,682,690,698,930,946
8814	12612	3	11	4	1	0	0	5	16	77	4	24	510	62	0	4	0	62,248,340,348,468,476,546,554,674,682,944
8814	12616	2	6	5	1	0	0	2	20	3	2	24	510	62	0	5	0	62,248,464,472,550,558
8814	12624	2	4	5	1	0	0	1	18	13	3	24	11112	344	0	5	0	344,472,550,678
8814	12640	2	6	5	1	0	0	2	19	13	3	25	510	62	0	5	0	62,550,566,678,694,932
8814	12673	2	3	5	1	0	0	1	16	86	4	24	19876	914	0	5	0	124,898,914
8814	12674	0	1	7	0	2	2	0	20	12	2	24	510	124	516	5	2	124
8814	12676	2	3	5	1	0	0	1	16	86	4	24	510	62	0	5	0	62,124,126
8814	12680	2	3	5	1	0	0	1	16	86	4	24	5872	248	0	5	0	120,122,248
8814	12688	2	3	5	1	0	0	1	16	86	4	24	11112	376	0	5	0	120,122,376
8814	12704	1	1	6	0	1	1	0	17	86	4	25	19876	901	1	5	1	122
8814	12736	2	13	5	1	0	0	4	21	12	2	25	510	62	0	5	0	62,120,122,240,248,360,376,480,488,496,504,932,992
8814	12803	2	6	5	1	0	0	2	21	1	1	23	5872	188	0	5	0	30,62,94,126,188,346
8814	12805	3	11	4	1	0	0	5	17	11	3	23	510	127	0	4	0	188,346,398,896,904,928,936,960,968,992,1000
8814	12806	2	1	5	1	0	0	1	15	77	4	23	510	126	0	5	0	126
8814	12809	2	6	5	1	0	0	2	21	1	1	23	5872	188	0	5	0	188,398,898,906,962,970
8814	12810	1	1	6	0	1	1	0	19	12	2	23	510	124	4	5	1	124
8814	12812	2	1	5	1	0	0	1	15	77	4	23	510	126	0	5	0	126
8814	12817	2	6	5	1	0	0	2	21	1	1	23	11112	348	0	5	0	348,398,898,906,930,938
8814	12818	1	1	6	0	1	1	0	19	12	2	23	510	124	4	5	1	124
8814	12820	2	1	5	1	0	0	1	15	77	4	23	510	126	0	5	0	126
8814	12824	1	1	6	0	1	1	0	19	12	2	23	510	122	4	5	1	122
8814	12833	2	4	5	1	0	0	1	18	11	3	24	19876	994	0	5	0	898,930,962,994
8814	12834	2	1	5	1	1	1	0	16	77	4	24	510	124	4	4	1	124
8814	12836	2	1	5	1	0	0	1	14	94	5	24	510	126	0	5	0	126
8814	12840	1	1	6	0	1	1	0	18	13	3	24	510	122	4	5	1	122
8814	12848	1	1	6	0	1	1	0	18	13	3	24	510	122	4	5	1	122
8814	12865	2	6	5	1	0	0	3	22	1	1	24	5872	184	0	5	0	184,186,340,342,412,414
8814	12866	2	6	5	1	0	0	3	22	1	1	24	510	126	0	5	0	124,126,184,186,340,342
8814	12868	3	5	4	1	0	0	5	16	75	4	24	510	126	0	4	0	126,184,340,610,1008
8814	12872	2	6	5	1	0	0	3	22	1	1	24	510	126	0	5	0	122,126,184,188,610,614
8814	12880	2	6	5	1	0	0	3	22	1	1	24	510	126	0	5	0	122,126,344,348,610,614
8814	12896	2	6	5	1	0	0	3	21	3	2	25	510	126	0	5	0	122,126,610,614,992,996
8814	12929	2	4	5	1	0	0	1	18	11	3	24	19876	978	0	5	0	898,914,962,978
8814	12930	1	1	6	0	1	1	0	18	13	3	24	510	124	4	5	1	124
8814	12932	2	1	5	1	0	0	1	14	94	5	24	510	126	0	5	0	126
8814	12936	2	1	5	1	1	1	0	16	77	4	24	510	122	4	4	1	122
8814	12944	1	1	6	0	1	1	0	18	13	3	24	510	122	4	5	1	122
8814	12960	1	1	6	0	1	1	0	17	86	4	25	510	122	4	5	1	122
8814	12992	2	6	5	1	0	0	3	21	3	2	25	510	126	0	5	0	122,126,360,364,992,996
8814	13057	2	4	5	1	0	0	1	18	11	3	24	19876	978	0	5	0	898,914,962,978
8814	13058	1	1	6	0	1	1	0	18	13	3	24	510	124	4	5	1	124
8814	13060	2	1	5	1	0	0	1	14	94	5	24	510	126	0	5	0	126
8814	13064	1	1	6	0	1	1	0	18	13	3	24	510	122	4	5	1	122
8814	13072	2	1	5	1	1	1	0	16	77	4	24	510	122	4	4	1	122
8814	13088	1	1	6	0	1	1	0	17	86	4	25	510	122	4	5	1	122
8814	13120	2	6	5	1	0	0	3	21	3	2	25	510	126	0	5	0	122,126,240,244,992,996
8814	13184	1	1	6	0	1	1	0	17	86	4	25	510	122	4	5	1	122
8814	13315	1	1	6	0	1	1	0	19	3	2	23	19876	865	32	5	1	158
8814	13317	2	3	5	1	0	0	1	17	13	3	23	29122	625	0	5	0	158,398,414
8814	13318	3	9	4	1	0	0	4	15	86	4	23	510	126	0	4	0	124,126,158,188,190,624,632,864,872
8814	13321	2	3	5	1	0	0	1	17	13	3	23	5872	188	0	5	0	156,188,412
8814	13322	2	1	5	1	0	0	1	15	77	4	23	5872	188	0	5	0	188
8814	13324	3	3	4	1	0	0	3	15	236	5	23	510	126	0	4	0	126,188,626
8814	13329	1	1	6	0	1	1	0	19	3	2	23	11112	412	256	5	1	412
8814	13330	3	20	4	1	0	0	5	17	13	3	23	510	126	0	4	0	120,122,124,126,156,184,188,220,248,252,412,476,610,618,624,626,632,634,866,874
8814	13332	2	1	5	1	0	0	1	15	77	4	23	29122	626	0	5	0	626
8814	13336	3	9	4	1	0	0	4	15	86	4	23	510	126	0	4	0	122,126,184,248,408,472,614,626,630
8814	13345	2	3	5	1	0	0	1	16	77	4	24	19876	866	0	5	0	156,412,866
8814	13346	2	1	5	1	0	0	1	14	94	5	24	19876	866	0	5	0	866
8814	13348	2	1	5	1	0	0	1	14	94	5	24	29122	626	0	5	0	626
8814	13352	3	9	4	1	0	0	4	16	236	5	24	510	126	0	4	0	122,126,184,186,614,626,630,868,870
8814	13360	2	3	5	1	0	0	1	16	77	4	24	29122	626	0	5	0	614,626,630
8814	13377	1	1	6	0	1	1	0	18	13	3	24	29122	611	4	5	1	412
8814	13378	2	4	5	1	0	0	1	18	11	3	24	19876	882	0	5	0	610,626,866,882
8814	13380	2	1	5	1	0	0	1	14	94	5	24	29122	610	0	5	0	610
8814	13384	2	1	5	1	1	1	0	16	77	4	24	29122	614	4	4	1	614
8814	13392	1	1	6	0	1	1	0	18	13	3	24	29122	614	4	5	1	614
8814	13408	1	1	6	0	1	1	0	17	86	4	25	29122	614	4	5	1	614
8814	13441	1	1	6	0	1	1	0	18	13	3	24	5872	188	8	5	1	188
8814	13442	1	1	6	0	1	1	0	18	13	3	24	5872	188	8	5	1	188
8814	13444	2	1	5	1	1	1	0	16	77	4	24	5872	188	8	4	1	188
8814	13448	2	1	5	1	0	0	1	14	94	5	24	5872	184	0	5	0	184
8814	13456	2	4	5	1	0	0	1	18	11	3	24	11112	504	0	5	0	184,248,440,504
8814	13472	2	4	5	1	0	0	1	17	77	4	25	19876	836	0	5	0	184,186,836,838
8814	13504	2	6	5	1	0	0	2	19	13	3	25	11112	488	0	5	0	184,440,488,582,838,868
8814	13569	2	3	5	1	0	0	1	16	77	4	24	11112	436	0	5	0	188,436,444
8814	13570	2	3	5	1	0	0	1	16	77	4	24	5872	248	0	5	0	188,248,252
8814	13572	3	9	4	1	0	0	4	16	236	5	24	510	126	0	4	0	122,126,188,248,252,436,444,610,618
8814	13576	2	1	5	1	0	0	1	14	94	5	24	5872	248	0	5	0	248
8814	13584	2	1	5	1	0	0	1	14	94	5	24	11112	440	0	5	0	440
8814	13600	3	20	4	1	0	0	5	17	236	5	25	510	126	0	4	0	114,118,122,126,184,186,240,242,248,250,424,440,582,598,610,614,626,630,836,838
8814	13632	2	4	5	1	0	0	1	17	77	4	25	11112	424	0	5	0	424,440,582,598
8814	13696	1	1	6	0	1	1	0	17	86	4	25	5872	248	8	5	1	248
8814	13825	2	13	5	1	0	0	4	22	1	1	24	5872	120	0	5	0	60,120,124,286,316,406,436,898,902,914,918,962,978
8814	13826	2	4	5	1	0	0	1	18	13	3	24	5872	120	0	5	0	120,124,248,252
8814	13828	3	11	4	1	0	0	5	16	77	4	24	510	254	0	4	0	120,122,124,126,248,250,252,254,436,738,976
8814	13832	2	4	5	1	0	0	1	18	13	3	24	5872	120	0	5	0	120,122,248,250
8814	13840	2	6	5	1	0	0	2	20	3	2	24	11112	440	0	5	0	240,242,248,250,440,738
8814	13856	2	6	5	1	0	0	2	19	13	3	25	19876	964	0	5	0	114,122,242,250,738,964
8814	13888	2	6	5	1	0	0	3	21	3	2	25	11112	424	0	5	0	424,428,706,710,992,996
8814	13952	2	6	5	1	0	0	2	19	13	3	25	11112	488	0	5	0	120,122,248,250,488,932
8814	14080	2	4	5	1	0	0	1	17	77	4	25	5872	240	0	5	0	240,242,248,250
8814	14339	1	1	6	0	1	1	0	19	3	2	23	19876	865	32	5	1	158
8814	14341	2	3	5	1	0	0	1	17	13	3	23	29122	625	0	5	0	158,398,414
8814	14342	3	9	4	1	0	0	4	15	86	4	23	510	126	0	4	0	122,126,158,218,222,624,632,864,872
8814	14345	1	1	6	0	1	1	0	19	3	2	23	5872	412	128	5	1	412
8814	14346	3	20	4	1	0	0	5	17	13	3	23	510	126	0	4	0	120,122,124,126,156,188,216,220,248,252,412,444,610,618,624,626,632,634,866,874
8814	14348	2	1	5	1	0	0	1	15	77	4	23	29122	626	0	5	0	626
8814	14353	2	3	5	1	0	0	1	17	13	3	23	11112	220	0	5	0	156,220,412
8814	14354	2	1	5	1	0	0	1	15	77	4	23	11112	220	0	5	0	220
8814	14356	3	3	4	1	0	0	3	15	236	5	23	510	126	0	4	0	126,220,626
8814	14360	3	9	4	1	0	0	4	15	86	4	23	510	126	0	4	0	122,126,216,248,408,440,614,626,630
8814	14369	2	3	5	1	0	0	1	16	77	4	24	19876	866	0	5	0	156,412,866
8814	14370	2	1	5	1	0	0	1	14	94	5	24	19876	866	0	5	0	866
8814	14372	2	1	5	1	0	0	1	14	94	5	24	29122	626	0	5	0	626
8814	14376	2	3	5	1	0	0	1	16	77	4	24	29122	626	0	5	0	614,626,630
8814	14384	3	9	4	1	0	0	4	16	236	5	24	510	126	0	4	0	122,126,216,218,614,626,630,868,870
8814	14401	1	1	6	0	1	1	0	18	13	3	24	29122	611	4	5	1	412
8814	14402	2	4	5	1	0	0	1	18	11	3	24	19876	882	0	5	0	610,626,866,882
8814	14404	2	1	5	1	0	0	1	14	94	5	24	29122	610	0	5	0	610
8814	14408	1	1	6	0	1	1	0	18	13	3	24	29122	614	4	5	1	614
8814	14416	2	1	5	1	1	1	0	16	77	4	24	29122	614	4	4	1	614
8814	14432	1	1	6	0	1	1	0	17	86	4	25	29122	614	4	5	1	614
8814	14465	2	3	5	1	0	0	1	16	77	4	24	5872	440	0	5	0	188,440,444
8814	14466	2	3	5	1	0	0	1	16	77	4	24	11112	244	0	5	0	188,244,252
8814	14468	3	9	4	1	0	0	4	16	236	5	24	510	126	0	4	0	118,126,188,244,252,440,444,610,614
8814	14472	2	1	5	1	0	0	1	14	94	5	24	5872	440	0	5	0	440
8814	14480	2	1	5	1	0	0	1	14	94	5	24	11112	248	0	5	0	248
8814	14496	3	20	4	1	0	0	5	17	236	5	25	510	126	0	4	0	106,110,122,126,184,186,232,234,248,250,432,440,582,590,610,614,618,622,836,838
8814	14528	2	4	5	1	0	0	1	17	77	4	25	5872	432	0	5	0	432,440,582,590
8814	14593	1	1	6	0	1	1	0	18	13	3	24	11112	188	16	5	1	188
8814	14594	1	1	6	0	1	1	0	18	13	3	24	11112	188	16	5	1	188
8814	14596	2	1	5	1	1	1	0	16	77	4	24	11112	188	16	4	1	188
8814	14600	2	4	5	1	0	0	1	18	11	3	24	5872	504	0	5	0	184,248,440,504
8814	14608	2	1	5	1	0	0	1	14	94	5	24	11112	184	0	5	0	184
8814	14624	2	4	5	1	0	0	1	17	77	4	25	19876	836	0	5	0	184,186,836,838
8814	14656	2	6	5	1	0	0	2	19	13	3	25	5872	496	0	5	0	184,440,496,582,838,868
8814	14720	1	1	6	0	1	1	0	17	86	4	25	11112	248	16	5	1	248
8814	14849	2	13	5	1	0	0	4	22	1	1	24	5872	376	0	5	0	60,180,188,286,316,346,376,834,842,850,858,962,978
8814	14850	2	4	5	1	0	0	1	18	13	3	24	11112	180	0	5	0	180,188,244,252
8814	14852	3	11	4	1	0	0	5	16	77	4	24	510	254	0	4	0	180,182,188,190,244,246,252,254,376,738,976
8814	14856	2	6	5	1	0	0	2	20	3	2	24	5872	376	0	5	0	240,242,248,250,376,738
8814	14864	2	4	5	1	0	0	1	18	13	3	24	11112	184	0	5	0	184,186,248,250
8814	14880	2	6	5	1	0	0	2	19	13	3	25	19876	964	0	5	0	170,186,234,250,738,964
8814	14912	2	6	5	1	0	0	3	21	3	2	25	5872	368	0	5	0	368,372,706,710,992,996
8814	14976	2	4	5	1	0	0	1	17	77	4	25	11112	232	0	5	0	232,234,248,250
8814	15104	2	6	5	1	0	0	2	19	13	3	25	5872	496	0	5	0	120,122,248,250,496,932
8814	15361	0	1	7	0	2	2	0	20	12	2	24	5872	316	136	5	2	316
8814	15362	2	3	5	1	0	0	1	16	86	4	24	19876	722	0	5	0	316,706,722
8814	15364	2	3	5	1	0	0	1	16	86	4	24	29122	738	0	5	0	316,706,738
8814	15368	2	3	5	1	0	0	1	16	86	4	24	5872	376	0	5	0	312,376,710
8814	15376	2	3	5	1	0	0	1	16	86	4	24	11112	440	0	5	0	312,440,710
8814	15392	1	1	6	0	1	1	0	17	86	4	25	19876	710	2	5	1	710
8814	15424	1	1	6	0	1	1	0	17	86	4	25	29122	710	4	5	1	710
8814	15488	1	1	6	0	1	1	0	17	86	4	25	5872	376	8	5	1	376
8814	15616	1	1	6	0	1	1	0	17	86	4	25	11112	376	16	5	1	376
8814	15872	2	13	5	1	0	0	4	21	12	2	25	5872	240	0	5	0	120,240,248,360,376,480,488,496,504,902,932,962,992
8814	16399	3	11	4	1	0	0	5	19	1	1	21	510	31	0	4	0	218,656,658,660,662,688,690,692,694,796,992
8814	16407	3	11	4	1	0	0	5	19	1	1	21	510	31	0	4	0	218,328,330,332,334,360,362,364,366,796,992
8814	16411	2	1	5	1	0	0	1	17	3	2	21	19876	219	0	5	0	804
8814	16413	2	1	5	1	0	0	1	17	3	2	21	29122	797	0	5	0	226
8814	16414	2	1	5	1	0	0	1	17	3	2	21	510	30	0	5	0	30
8814	16423	2	4	5	1	0	0	2	16	11	3	22	5872	366	0	5	0	330,334,362,366
8814	16427	3	3	4	1	0	0	3	14	77	4	22	5872	366	0	4	0	366,692,806
8814	16429	3	9	4	1	0	0	4	16	13	3	22	510	31	0	4	0	226,362,366,482,688,692,736,752,992
8814	16430	3	9	4	1	0	0	4	16	13	3	22	510	30	0	4	0	30,286,334,366,540,660,668,692,796
8814	16435	3	3	4	1	0	0	3	14	77	4	22	5872	364	0	4	0	364,694,806
8814	16437	3	9	4	1	0	0	4	16	13	3	22	510	31	0	4	0	226,360,364,480,488,690,694,738,992
8814	16438	3	9	4	1	0	0	4	16	13	3	22	510	30	0	4	0	30,284,332,348,364,542,662,694,796
8814	16441	3	3	4	1	0	0	3	14	77	4	22	510	31	0	4	0	218,226,992
8814	16442	3	3	4	1	0	0	3	14	77	4	22	510	30	0	4	0	30,218,796
8814	16444	2	4	5	1	0	0	2	16	11	3	22	510	30	0	5	0	30,286,542,798
8814	16455	2	4	5	1	0	0	2	16	11	3	22	5872	366	0	5	0	330,334,362,366
8814	16459	3	9	4	1	0	0	4	16	13	3	22	510	31	0	4	0	362,366,688,692,802,866,928,944,992
8814	16461	3	3	4	1	0	0	3	14	77	4	22	5872	366	0	4	0	230,366,692
8814	16462	3	9	4	1	0	0	4	16	13	3	22	510	30	0	4	0	30,94,156,220,334,366,660,668,692
8814	16467	3	9	4	1	0	0	4	16	13	3	22	510	31	0	4	0	360,364,690,694,802,864,872,930,992
8814	16469	3	3	4	1	0	0	3	14	77	4	22	5872	364	0	4	0	230,364,694
8814	16470	3	9	4	1	0	0	4	16	13	3	22	510	30	0	4	0	30,92,158,220,332,348,364,662,694
8814	16473	3	3	4	1	0	0	3	14	77	4	22	510	31	0	4	0	222,230,992
8814	16474	2	4	5	1	0	0	2	16	11	3	22	510	30	0	5	0	30,94,158,222
8814	16476	3	3	4	1	0	0	3	14	77	4	22	510	30	0	4	0	30,220,794
8814	16483	2	2	5	1	0	0	2	13	94	5	23	5872	364	0	5	0	364,690
8814	16485	2	2	5	1	0	0	2	13	94	5	23	5872	364	0	5	0	364,690
8814	16486	2	4	5	1	0	0	2	15	86	4	23	5872	364	0	5	0	332,364,658,690
8814	16489	3	3	4	1	0	0	3	13	94	5	23	510	31	0	4	0	364,688,992
8814	16490	3	9	4	1	0	0	4	15	77	4	23	510	30	0	4	0	30,94,154,218,334,364,658,666,688
8814	16492	3	9	4	1	0	0	4	15	77	4	23	510	30	0	4	0	30,286,334,364,538,658,666,688,794
8814	16497	3	3	4	1	0	0	3	13	94	5	23	510	31	0	4	0	360,692,992
8814	16498	3	9	4	1	0	0	4	15	77	4	23	510	30	0	4	0	30,90,158,218,330,346,360,662,692
8814	16500	3	9	4	1	0	0	4	15	77	4	23	510	30	0	4	0	30,282,330,346,360,542,662,692,794
8814	16504	2	1	5	1	0	0	1	15	75	4	23	510	30	0	5	0	30
8814	16519	2	4	5	1	0	0	1	20	1	1	22	5872	366	0	5	0	354,358,362,366
8814	16523	2	1	5	1	0	0	1	16	13	3	22	19876	213	0	5	0	810
8814	16525	2	1	5	1	0	0	1	16	13	3	22	29122	793	0	5	0	230
8814	16526	2	1	5	1	1	1	0	18	3	2	22	11112	668	512	4	1	668
8814	16531	2	3	5	1	0	0	1	18	12	2	22	19876	213	0	5	0	808,810,872
8814	16533	2	3	5	1	0	0	1	18	12	2	22	29122	793	0	5	0	228,230,484
8814	16534	2	4	5	1	0	0	1	20	1	1	22	510	30	0	5	0	30,158,542,670
8814	16537	2	2	5	1	0	0	2	14	86	4	22	19876	214	0	5	0	214,230
8814	16538	2	1	5	1	0	0	1	16	13	3	22	19876	214	0	5	0	214
8814	16540	2	1	5	1	0	0	1	16	13	3	22	29122	794	0	5	0	794
8814	16547	2	1	5	1	0	0	1	15	77	4	23	5872	364	0	5	0	364
8814	16549	2	3	5	1	0	0	1	17	13	3	23	5872	364	0	5	0	356,364,484
8814	16550	1	1	6	0	1	1	0	19	3	2	23	11112	666	512	5	1	666
8814	16553	3	3	4	1	0	0	3	15	236	5	23	5872	364	0	4	0	210,230,364
8814	16554	3	9	4	1	0	0	4	15	86	4	23	5872	364	0	4	0	210,364,658,664,666,696,792,812,824
8814	16556	2	3	5	1	0	0	1	17	13	3	23	29122	794	0	5	0	538,666,794
8814	16561	3	9	4	1	0	0	4	15	86	4	23	510	31	0	4	0	210,214,226,230,360,480,482,872,992
8814	16562	3	20	4	1	0	0	5	17	13	3	23	510	30	0	4	0	30,150,158,210,214,360,540,542,572,662,668,670,700,792,796,808,812,824,828,872
8814	16564	1	1	6	0	1	1	0	19	3	2	23	510	542	8192	5	1	542
8814	16568	2	1	5	1	0	0	1	15	77	4	23	29122	794	0	5	0	794
8814	16579	2	3	5	1	0	0	1	17	13	3	23	5872	364	0	5	0	356,364,868
8814	16581	2	1	5	1	0	0	1	15	77	4	23	5872	364	0	5	0	364
8814	16582	1	1	6	0	1	1	0	19	3	2	23	11112	666	512	5	1	666
8814	16585	3	3	4	1	0	0	3	15	236	5	23	5872	364	0	4	0	218,238,364
8814	16586	2	3	5	1	0	0	1	17	13	3	23	19876	218	0	5	0	154,218,666
8814	16588	3	9	4	1	0	0	4	15	86	4	23	5872	364	0	4	0	216,236,248,364,658,664,666,696,786
8814	16593	3	9	4	1	0	0	4	15	86	4	23	510	31	0	4	0	158,218,222,234,238,360,488,864,992
8814	16594	1	1	6	0	1	1	0	19	3	2	23	510	158	2048	5	1	158
8814	16596	3	20	4	1	0	0	5	17	13	3	23	510	30	0	4	0	30,156,158,188,216,220,232,236,248,252,360,488,534,542,662,668,670,700,786,790
8814	16600	2	1	5	1	0	0	1	15	77	4	23	19876	220	0	5	0	220
8814	16609	2	1	5	1	0	0	1	14	94	5	24	5872	360	0	5	0	360
8814	16610	1	1	6	0	1	1	0	18	13	3	24	5872	361	1	5	1	662
8814	16612	1	1	6	0	1	1	0	18	13	3	24	5872	361	1	5	1	662
8814	16616	2	1	5	1	1	1	0	16	77	4	24	5872	361	1	4	1	662
8814	16624	2	4	5	1	0	0	1	18	11	3	24	510	30	0	5	0	30,158,542,670
8814	16647	2	4	5	1	0	0	1	20	1	1	22	11112	685	0	5	0	338,342,346,350
8814	16651	2	3	5	1	0	0	1	18	12	2	22	19876	213	0	5	0	808,810,936
8814	16653	2	3	5	1	0	0	1	18	12	2	22	29122	793	0	5	0	228,230,740
8814	16654	2	4	5	1	0	0	1	20	1	1	22	510	30	0	5	0	30,94,286,350
8814	16659	2	1	5	1	0	0	1	16	13	3	22	19876	213	0	5	0	810
8814	16661	2	1	5	1	0	0	1	16	13	3	22	29122	793	0	5	0	230
8814	16662	2	1	5	1	1	1	0	18	3	2	22	5872	348	512	4	1	348
8814	16665	2	2	5	1	0	0	2	14	86	4	22	19876	214	0	5	0	214,230
8814	16666	2	1	5	1	0	0	1	16	13	3	22	19876	214	0	5	0	214
8814	16668	2	1	5	1	0	0	1	16	13	3	22	29122	794	0	5	0	794
8814	16675	2	1	5	1	0	0	1	15	77	4	23	11112	682	0	5	0	682
8814	16677	2	3	5	1	0	0	1	17	13	3	23	11112	682	0	5	0	674,682,738
8814	16678	1	1	6	0	1	1	0	19	3	2	23	5872	348	512	5	1	348
8814	16681	3	9	4	1	0	0	4	15	86	4	23	510	31	0	4	0	210,214,226,230,680,736,738,936,992
8814	16682	3	20	4	1	0	0	5	17	13	3	23	510	30	0	4	0	30,86,94,210,214,284,286,316,342,348,350,380,680,792,796,808,812,824,828,936
8814	16684	1	1	6	0	1	1	0	19	3	2	23	510	286	4096	5	1	286
8814	16689	3	3	4	1	0	0	3	15	236	5	23	11112	684	0	4	0	210,230,684
8814	16690	3	9	4	1	0	0	4	15	86	4	23	5872	376	0	4	0	210,338,344,346,376,684,792,812,824
8814	16692	2	3	5	1	0	0	1	17	13	3	23	29122	794	0	5	0	282,346,794
8814	16696	2	1	5	1	0	0	1	15	77	4	23	29122	794	0	5	0	794
8814	16707	2	3	5	1	0	0	1	17	13	3	23	11112	682	0	5	0	674,682,930
8814	16709	2	1	5	1	0	0	1	15	77	4	23	11112	682	0	5	0	682
8814	16710	1	1	6	0	1	1	0	19	3	2	23	5872	348	512	5	1	348
8814	16713	3	9	4	1	0	0	4	15	86	4	23	510	31	0	4	0	94,218,222,234,238,680,744,928,992
8814	16714	1	1	6	0	1	1	0	19	3	2	23	510	94	1024	5	1	94
8814	16716	3	20	4	1	0	0	5	17	13	3	23	510	30	0	4	0	30,92,94,124,216,220,232,236,248,252,278,286,342,348,350,380,680,744,786,790
8814	16721	3	3	4	1	0	0	3	15	236	5	23	11112	684	0	4	0	218,238,684
8814	16722	2	3	5	1	0	0	1	17	13	3	23	19876	218	0	5	0	90,218,346
8814	16724	3	9	4	1	0	0	4	15	86	4	23	5872	376	0	4	0	216,236,248,338,344,346,376,684,786
8814	16728	2	1	5	1	0	0	1	15	77	4	23	19876	220	0	5	0	220
8814	16737	2	1	5	1	0	0	1	14	94	5	24	11112	676	0	5	0	676
8814	16738	1	1	6	0	1	1	0	18	13	3	24	11112	677	1	5	1	346
8814	16740	1	1	6	0	1	1	0	18	13	3	24	11112	677	1	5	1	346
8814	16744	2	4	5	1	0	0	1	18	11	3	24	510	30	0	5	0	30,94,286,350
8814	16752	2	1	5	1	1	1	0	16	77	4	24	11112	681	1	4	1	342
8814	16771	2	4	5	1	0	0	1	19	3	2	23	19876	201	0	5	0	816,818,820,822
8814	16773	2	4	5	1	0	0	1	19	3	2	23	29122	785	0	5	0	232,234,236,238
8814	16774	2	6	5	1	0	0	3	23	0	0	23	510	30	0	5	0	30,62,348,380,666,698
8814	16777	2	4	5	1	0	0	2	15	86	4	23	19876	202	0	5	0	202,206,234,238
8814	16778	2	4	5	1	0	0	1	19	3	2	23	19876	202	0	5	0	202,206,816,820
8814	16780	2	4	5	1	0	0	1	19	3	2	23	29122	786	0	5	0	232,236,786,790
8814	16785	2	4	5	1	0	0	2	15	86	4	23	19876	202	0	5	0	202,206,234,238
8814	16786	2	4	5	1	0	0	1	19	3	2	23	19876	202	0	5	0	202,206,816,820
8814	16788	2	4	5	1	0	0	1	19	3	2	23	29122	786	0	5	0	232,236,786,790
8814	16792	2	4	5	1	0	0	2	15	86	4	23	19876	204	0	5	0	204,236,786,818
8814	16801	3	11	4	1	0	0	5	16	77	4	24	510	31	0	4	0	194,198,202,206,226,230,234,238,376,692,992
8814	16802	2	6	5	1	0	0	2	20	3	2	24	5872	376	0	5	0	376,692,816,820,824,828
8814	16804	2	13	5	1	0	0	4	22	1	1	24	510	30	0	5	0	30,282,286,346,376,534,542,662,692,786,790,794,798
8814	16808	2	4	5	1	0	0	1	18	13	3	24	29122	786	0	5	0	786,794,818,826
8814	16816	2	4	5	1	0	0	1	18	13	3	24	29122	786	0	5	0	786,794,818,826
8814	16833	3	11	4	1	0	0	5	16	77	4	24	510	31	0	4	0	210,214,218,222,242,246,250,254,376,692,992
8814	16834	2	13	5	1	0	0	4	22	1	1	24	510	30	0	5	0	30,90,94,150,158,210,214,218,222,346,376,662,692
8814	16836	2	6	5	1	0	0	2	20	3	2	24	5872	376	0	5	0	240,244,248,252,376,692
8814	16840	2	4	5	1	0	0	1	18	13	3	24	19876	212	0	5	0	212,220,244,252
8814	16848	2	4	5	1	0	0	1	18	13	3	24	19876	212	0	5	0	212,220,244,252
8814	16864	2	6	5	1	0	0	3	21	3	2	25	510	30	0	5	0	30,342,368,654,680,992
8814	16903	2	4	5	1	0	0	2	16	11	3	22	5872	350	0	5	0	338,342,346,350
8814	16907	3	9	4	1	0	0	4	16	13	3	22	5872	350	0	4	0	346,350,680,684,778,794,808,824,936
8814	16909	3	9	4	1	0	0	4	16	13	3	22	5872	350	0	4	0	198,214,228,244,342,350,676,684,740
8814	16910	3	3	4	1	0	0	3	14	77	4	22	510	62	0	4	0	62,350,684
8814	16915	3	9	4	1	0	0	4	16	13	3	22	5872	348	0	4	0	344,348,682,686,778,792,810,824,856
8814	16917	3	9	4	1	0	0	4	16	13	3	22	5872	348	0	4	0	198,212,230,244,340,348,468,678,686
8814	16918	3	3	4	1	0	0	3	14	77	4	22	510	62	0	4	0	62,348,686
8814	16921	2	4	5	1	0	0	2	16	11	3	22	19876	246	0	5	0	198,214,230,246
8814	16922	3	3	4	1	0	0	3	14	77	4	22	510	62	0	4	0	62,246,824
8814	16924	3	3	4	1	0	0	3	14	77	4	22	510	62	0	4	0	62,244,826
8814	16931	2	2	5	1	0	0	2	13	94	5	23	5872	348	0	5	0	348,682
8814	16933	2	4	5	1	0	0	2	15	86	4	23	5872	348	0	5	0	340,348,674,682
8814	16934	2	2	5	1	0	0	2	13	94	5	23	5872	348	0	5	0	348,682
8814	16937	3	9	4	1	0	0	4	15	77	4	23	5872	348	0	4	0	198,214,226,242,342,348,674,680,738
8814	16938	3	3	4	1	0	0	3	13	94	5	23	5872	348	0	4	0	348,680,824
8814	16940	3	9	4	1	0	0	4	15	77	4	23	510	62	0	4	0	62,286,318,348,350,570,680,682,826
8814	16945	3	9	4	1	0	0	4	15	77	4	23	5872	344	0	4	0	198,210,230,242,338,344,466,678,684
8814	16946	3	3	4	1	0	0	3	13	94	5	23	5872	344	0	4	0	344,684,824
8814	16948	3	9	4	1	0	0	4	15	77	4	23	510	62	0	4	0	62,314,344,346,558,574,684,686,826
8814	16952	2	1	5	1	0	0	1	15	75	4	23	29122	826	0	5	0	826
8814	16963	2	4	5	1	0	0	2	15	86	4	23	5872	348	0	5	0	340,348,674,682
8814	16965	2	2	5	1	0	0	2	13	94	5	23	5872	348	0	5	0	348,682
8814	16966	2	2	5	1	0	0	2	13	94	5	23	5872	348	0	5	0	348,682
8814	16969	3	9	4	1	0	0	4	15	77	4	23	5872	348	0	4	0	94,206,222,234,250,348,350,680,682
8814	16970	3	9	4	1	0	0	4	15	77	4	23	510	62	0	4	0	62,94,126,186,250,348,350,680,682
8814	16972	3	3	4	1	0	0	3	13	94	5	23	5872	348	0	4	0	248,348,680
8814	16977	3	9	4	1	0	0	4	15	77	4	23	5872	344	0	4	0	174,206,218,238,250,344,346,684,686
8814	16978	3	9	4	1	0	0	4	15	77	4	23	510	62	0	4	0	62,122,174,190,250,344,346,684,686
8814	16980	3	3	4	1	0	0	3	13	94	5	23	5872	344	0	4	0	248,344,684
8814	16984	2	1	5	1	0	0	1	15	75	4	23	19876	252	0	5	0	252
8814	16993	2	4	5	1	0	0	2	14	94	5	24	5872	344	0	5	0	344,346,676,678
8814	16994	2	4	5	1	0	0	2	14	94	5	24	5872	344	0	5	0	344,346,676,678
8814	16996	2	4	5	1	0	0	2	14	94	5	24	5872	344	0	5	0	344,346,676,678
8814	17000	3	11	4	1	0	0	5	16	75	4	24	510	62	0	4	0	62,244,344,346,348,350,672,674,676,678,818
8814	17008	3	11	4	1	0	0	5	16	75	4	24	510	62	0	4	0	62,244,336,338,340,342,680,682,684,686,818
8814	17027	3	9	4	1	0	0	4	15	77	4	23	5872	348	0	4	0	340,348,690,698,788,790,816,818,852
8814	17029	3	9	4	1	0	0	4	15	77	4	23	5872	348	0	4	0	204,206,232,234,332,348,460,682,698
8814	17030	2	1	5	1	0	0	1	15	75	4	23	11112	698	0	5	0	698
8814	17033	2	2	5	1	0	0	2	13	94	5	23	19876	234	0	5	0	206,234
8814	17034	3	3	4	1	0	0	3	13	94	5	23	11112	696	0	4	0	234,696,816
8814	17036	3	3	4	1	0	0	3	13	94	5	23	11112	696	0	4	0	232,696,818
8814	17041	2	4	5	1	0	0	2	15	86	4	23	19876	234	0	5	0	202,206,234,238
8814	17042	3	9	4	1	0	0	4	15	77	4	23	510	62	0	4	0	62,174,190,234,238,572,700,816,820
8814	17044	3	9	4	1	0	0	4	15	77	4	23	510	62	0	4	0	62,188,232,236,566,574,700,818,822
8814	17048	2	2	5	1	0	0	2	13	94	5	23	19876	236	0	5	0	236,818
8814	17057	3	9	4	1	0	0	4	16	236	5	24	5872	344	0	4	0	202,206,226,230,330,344,458,678,692
8814	17058	2	1	5	1	0	0	1	14	94	5	24	11112	692	0	5	0	692
8814	17060	2	3	5	1	0	0	1	16	77	4	24	11112	692	0	5	0	566,692,694
8814	17064	2	1	5	1	0	0	1	14	94	5	24	29122	818	0	5	0	818
8814	17072	2	3	5	1	0	0	1	16	77	4	24	29122	818	0	5	0	570,818,826
8814	17089	3	9	4	1	0	0	4	16	236	5	24	5872	344	0	4	0	182,218,222,242,246,344,346,692,694
8814	17090	2	3	5	1	0	0	1	16	77	4	24	11112	692	0	5	0	182,692,694
8814	17092	2	1	5	1	0	0	1	14	94	5	24	11112	692	0	5	0	692
8814	17096	2	1	5	1	0	0	1	14	94	5	24	19876	244	0	5	0	244
8814	17104	2	3	5	1	0	0	1	16	77	4	24	19876	244	0	5	0	188,244,252
8814	17120	2	4	5	1	0	0	1	17	77	4	25	11112	680	0	5	0	680,682,684,686
8814	17155	3	9	4	1	0	0	4	15	77	4	23	5872	380	0	4	0	372,380,658,666,786,790,816,820,914
8814	17157	3	9	4	1	0	0	4	15	77	4	23	5872	380	0	4	0	202,206,232,236,364,380,650,666,714
8814	17158	2	1	5	1	0	0	1	15	75	4	23	5872	380	0	5	0	380
8814	17161	2	4	5	1	0	0	2	15	86	4	23	19876	234	0	5	0	202,206,234,238
8814	17162	3	9	4	1	0	0	4	15	77	4	23	510	62	0	4	0	62,110,126,234,238,316,380,816,820
8814	17164	3	9	4	1	0	0	4	15	77	4	23	510	62	0	4	0	62,124,232,236,310,318,380,818,822
8814	17169	2	2	5	1	0	0	2	13	94	5	23	19876	234	0	5	0	206,234
8814	17170	3	3	4	1	0	0	3	13	94	5	23	5872	376	0	4	0	234,376,816
8814	17172	3	3	4	1	0	0	3	13	94	5	23	5872	376	0	4	0	232,376,818
8814	17176	2	2	5	1	0	0	2	13	94	5	23	19876	236	0	5	0	236,818
8814	17185	3	9	4	1	0	0	4	16	236	5	24	5872	376	0	4	0	198,206,226,234,362,376,646,660,710
8814	17186	2	1	5	1	0	0	1	14	94	5	24	5872	376	0	5	0	376
8814	17188	2	3	5	1	0	0	1	16	77	4	24	5872	376	0	5	0	314,376,378
8814	17192	2	3	5	1	0	0	1	16	77	4	24	29122	818	0	5	0	314,818,826
8814	17200	2	1	5	1	0	0	1	14	94	5	24	29122	818	0	5	0	818
8814	17217	3	9	4	1	0	0	4	16	236	5	24	5872	376	0	4	0	122,214,222,242,250,376,378,660,662
8814	17218	2	3	5	1	0	0	1	16	77	4	24	5872	376	0	5	0	122,376,378
8814	17220	2	1	5	1	0	0	1	14	94	5	24	5872	376	0	5	0	376
8814	17224	2	3	5	1	0	0	1	16	77	4	24	19876	244	0	5	0	124,244,252
8814	17232	2	1	5	1	0	0	1	14	94	5	24	19876	244	0	5	0	244
8814	17248	2	4	5	1	0	0	1	17	77	4	25	5872	368	0	5	0	368,370,372,374
8814	17281	2	4	5	1	0	0	2	14	94	5	24	19876	210	0	5	0	210,214,218,222
8814	17282	3	11	4	1	0	0	5	16	75	4	24	510	62	0	4	0	62,210,214,218,222,376,692,800,804,808,812
8814	17284	3	11	4	1	0	0	5	16	75	4	24	510	62	0	4	0	62,208,212,216,220,376,692,802,806,810,814
8814	17288	2	4	5	1	0	0	2	14	94	5	24	19876	212	0	5	0	212,220,802,810
8814	17296	2	4	5	1	0	0	2	14	94	5	24	19876	212	0	5	0	212,220,802,810
8814	17312	2	4	5	1	0	0	1	17	77	4	25	29122	802	0	5	0	802,810,818,826
8814	17344	2	4	5	1	0	0	1	17	77	4	25	19876	228	0	5	0	228,236,244,252
8814	17415	2	4	5	1	0	0	1	20	1	1	22	5872	350	0	5	0	282,286,346,350
8814	17419	2	1	5	1	0	0	1	16	13	3	22	19876	181	0	5	0	842
8814	17421	2	1	5	1	1	1	0	18	3	2	22	11112	740	64	4	1	740
8814	17422	2	1	5	1	0	0	1	16	13	3	22	510	62	0	5	0	62
8814	17427	2	3	5	1	0	0	1	18	12	2	22	19876	181	0	5	0	840,842,856
8814	17429	2	4	5	1	0	0	1	20	1	1	22	29122	825	0	5	0	198,230,710,742
8814	17430	2	3	5	1	0	0	1	18	12	2	22	510	62	0	5	0	60,62,316
8814	17433	2	1	5	1	0	0	1	16	13	3	22	19876	182	0	5	0	182
8814	17434	2	2	5	1	0	0	2	14	86	4	22	510	62	0	5	0	62,182
8814	17436	2	1	5	1	0	0	1	16	13	3	22	510	62	0	5	0	62
8814	17443	2	1	5	1	0	0	1	15	77	4	23	5872	348	0	5	0	348
8814	17445	1	1	6	0	1	1	0	19	3	2	23	11112	738	64	5	1	738
8814	17446	2	3	5	1	0	0	1	17	13	3	23	5872	348	0	5	0	284,316,348
8814	17449	3	9	4	1	0	0	4	15	86	4	23	510	63	0	4	0	178,348,674,736,738,744,844,960,968
8814	17450	3	3	4	1	0	0	3	15	236	5	23	510	62	0	4	0	62,178,348
8814	17452	2	3	5	1	0	0	1	17	13	3	23	510	62	0	5	0	62,286,318
8814	17457	3	20	4	1	0	0	5	17	13	3	23	510	63	0	4	0	166,178,182,198,230,344,678,708,710,716,740,742,748,840,844,856,960,964,968,972
8814	17458	3	9	4	1	0	0	4	15	86	4	23	510	62	0	4	0	58,62,178,182,312,314,344,824,856
8814	17460	1	1	6	0	1	1	0	19	3	2	23	29122	314	8192	5	1	314
8814	17464	2	1	5	1	0	0	1	15	77	4	23	510	62	0	5	0	62
8814	17475	3	9	4	1	0	0	4	15	77	4	23	510	63	0	4	0	340,348,738,746,836,838,852,960,962
8814	17477	2	1	5	1	0	0	1	15	75	4	23	11112	746	0	5	0	746
8814	17478	3	9	4	1	0	0	4	15	77	4	23	510	62	0	4	0	60,62,184,186,284,316,348,682,746
8814	17481	3	3	4	1	0	0	3	13	94	5	23	510	63	0	4	0	186,744,960
8814	17482	2	2	5	1	0	0	2	13	94	5	23	510	62	0	5	0	62,186
8814	17484	3	3	4	1	0	0	3	13	94	5	23	510	62	0	4	0	62,184,744
8814	17489	3	9	4	1	0	0	4	15	77	4	23	510	63	0	4	0	174,186,190,206,238,716,748,960,964
8814	17490	2	4	5	1	0	0	2	15	86	4	23	510	62	0	5	0	58,62,186,190
8814	17492	3	9	4	1	0	0	4	15	77	4	23	510	62	0	4	0	58,62,184,188,236,306,314,748,818
8814	17496	2	2	5	1	0	0	2	13	94	5	23	510	62	0	5	0	62,188
8814	17505	2	1	5	1	0	0	1	14	94	5	24	11112	740	0	5	0	740
8814	17506	3	9	4	1	0	0	4	16	236	5	24	510	62	0	4	0	58,62,178,182,282,314,344,678,740
8814	17508	2	3	5	1	0	0	1	16	77	4	24	11112	740	0	5	0	282,314,740
8814	17512	2	1	5	1	0	0	1	14	94	5	24	510	62	0	5	0	62
8814	17520	2	3	5	1	0	0	1	16	77	4	24	510	62	0	5	0	54,62,310
8814	17539	1	1	6	0	1	1	0	19	12	2	23	19876	171	8	5	1	852
8814	17541	2	6	5	1	0	0	2	21	1	1	23	5872	348	0	5	0	170,206,234,348,682,746
8814	17542	2	6	5	1	0	0	2	21	1	1	23	510	62	0	5	0	62,170,186,348,682,698
8814	17545	2	1	5	1	0	0	1	15	77	4	23	19876	170	0	5	0	170
8814	17546	2	1	5	1	0	0	1	15	77	4	23	19876	170	0	5	0	170
8814	17548	3	11	4	1	0	0	5	17	11	3	23	510	62	0	4	0	62,168,184,232,248,348,680,696,744,760,818
8814	17553	1	1	6	0	1	1	0	19	12	2	23	19876	174	8	5	1	174
8814	17554	1	1	6	0	1	1	0	19	12	2	23	19876	174	8	5	1	174
8814	17556	2	6	5	1	0	0	2	21	1	1	23	510	62	0	5	0	62,172,188,236,252,818
8814	17560	2	1	5	1	0	0	1	15	77	4	23	19876	172	0	5	0	172
8814	17569	2	4	5	1	0	0	1	18	13	3	24	5872	344	0	5	0	166,344,678,856
8814	17570	2	4	5	1	0	0	1	18	13	3	24	5872	344	0	5	0	166,344,678,856
8814	17572	2	13	5	1	0	0	4	22	1	1	24	510	62	0	5	0	62,282,314,344,346,566,676,678,692,694,740,756,818
8814	17576	3	11	4	1	0	0	5	16	77	4	24	510	62	0	4	0	62,164,166,344,346,676,678,752,818,856,858
8814	17584	2	6	5	1	0	0	2	20	3	2	24	510	62	0	5	0	62,172,174,818,848,850
8814	17601	2	1	5	1	1	1	0	16	77	4	24	19876	182	8	4	1	182
8814	17602	1	1	6	0	1	1	0	18	13	3	24	19876	182	8	5	1	182
8814	17604	2	4	5	1	0	0	1	18	11	3	24	11112	756	0	5	0	180,244,692,756
8814	17608	2	1	5	1	0	0	1	14	94	5	24	19876	180	0	5	0	180
8814	17616	1	1	6	0	1	1	0	18	13	3	24	19876	188	8	5	1	188
8814	17632	2	6	5	1	0	0	2	19	13	3	25	510	62	0	5	0	62,172,174,684,686,744
8814	17667	3	20	4	1	0	0	5	17	13	3	23	510	63	0	4	0	308,316,372,380,706,714,722,730,816,820,848,850,852,854,880,884,960,962,976,978
8814	17669	1	1	6	0	1	1	0	19	3	2	23	11112	714	64	5	1	714
8814	17670	1	1	6	0	1	1	0	19	3	2	23	5872	316	512	5	1	316
8814	17673	3	9	4	1	0	0	4	15	86	4	23	510	63	0	4	0	170,174,202,206,712,714,728,960,976
8814	17674	2	1	5	1	0	0	1	15	77	4	23	510	62	0	5	0	62
8814	17676	2	3	5	1	0	0	1	17	13	3	23	510	62	0	5	0	62,310,318
8814	17681	2	1	5	1	0	0	1	15	77	4	23	29122	817	0	5	0	206
8814	17682	3	9	4	1	0	0	4	15	86	4	23	510	62	0	4	0	58,62,170,174,312,314,376,816,880
8814	17684	2	3	5	1	0	0	1	17	13	3	23	29122	818	0	5	0	306,314,818
8814	17688	3	3	4	1	0	0	3	15	236	5	23	510	62	0	4	0	62,172,818
8814	17697	2	3	5	1	0	0	1	16	86	4	24	11112	724	0	5	0	708,710,724
8814	17698	2	3	5	1	0	0	1	16	86	4	24	5872	376	0	5	0	312,314,376
8814	17700	0	1	7	0	2	2	0	20	12	2	24	510	314	4104	5	2	314
8814	17704	2	3	5	1	0	0	1	16	86	4	24	510	62	0	5	0	62,314,318
8814	17712	2	3	5	1	0	0	1	16	86	4	24	29122	818	0	5	0	306,310,818
8814	17729	2	1	5	1	0	0	1	14	94	5	24	11112	724	0	5	0	724
8814	17730	2	3	5	1	0	0	1	16	77	4	24	510	62	0	5	0	58,62,314
8814	17732	2	3	5	1	0	0	1	16	77	4	24	11112	724	0	5	0	298,314,724
8814	17736	2	1	5	1	0	0	1	14	94	5	24	510	62	0	5	0	62
8814	17744	3	9	4	1	0	0	4	16	236	5	24	510	62	0	4	0	54,62,180,188,220,294,310,728,802
8814	17760	1	1	6	0	1	1	0	17	86	4	25	11112	713	1	5	1	310
8814	17793	2	4	5	1	0	0	1	18	13	3	24	29122	801	0	5	0	150,158,214,222
8814	17794	2	6	5	1	0	0	2	20	3	2	24	510	62	0	5	0	62,150,158,376,864,872
8814	17796	2	13	5	1	0	0	4	22	1	1	24	510	62	0	5	0	62,124,212,220,244,252,298,314,376,724,756,802,810
8814	17800	3	11	4	1	0	0	5	16	77	4	24	510	62	0	4	0	62,148,156,212,220,376,752,802,810,866,874
8814	17808	2	4	5	1	0	0	1	18	13	3	24	29122	802	0	5	0	156,220,802,866
8814	17824	2	13	5	1	0	0	4	21	12	2	25	510	62	0	5	0	62,306,310,368,370,744,802,818,864,866,880,882,992
8814	17856	2	6	5	1	0	0	2	19	13	3	25	510	62	0	5	0	62,172,188,236,252,744
8814	17923	2	3	5	1	0	0	1	17	13	3	23	5872	316	0	5	0	308,316,820
8814	17925	1	1	6	0	1	1	0	19	3	2	23	11112	714	64	5	1	714
8814	17926	2	1	5	1	0	0	1	15	77	4	23	5872	316	0	5	0	316
8814	17929	2	3	5	1	0	0	1	17	13	3	23	19876	234	0	5	0	202,234,714
8814	17930	3	3	4	1	0	0	3	15	236	5	23	510	126	0	4	0	126,234,316
8814	17932	3	9	4	1	0	0	4	15	86	4	23	510	126	0	4	0	124,126,232,248,310,316,318,712,728
8814	17937	1	1	6	0	1	1	0	19	3	2	23	29122	817	256	5	1	206
8814	17938	3	9	4	1	0	0	4	15	86	4	23	510	126	0	4	0	122,126,206,234,238,312,376,816,880
8814	17940	3	20	4	1	0	0	5	17	13	3	23	510	126	0	4	0	120,122,124,126,204,220,232,236,248,252,306,312,314,370,376,378,716,732,818,882
8814	17944	2	1	5	1	0	0	1	15	77	4	23	19876	236	0	5	0	236
8814	17953	1	1	6	0	1	1	0	18	13	3	24	5872	313	2	5	1	710
8814	17954	2	1	5	1	0	0	1	14	94	5	24	5872	312	0	5	0	312
8814	17956	1	1	6	0	1	1	0	18	13	3	24	5872	314	2	5	1	314
8814	17960	2	1	5	1	1	1	0	16	77	4	24	5872	314	2	4	1	314
8814	17968	2	4	5	1	0	0	1	18	11	3	24	29122	882	0	5	0	306,370,818,882
8814	17985	2	3	5	1	0	0	1	16	77	4	24	11112	724	0	5	0	214,724,726
8814	17986	3	9	4	1	0	0	4	16	236	5	24	510	126	0	4	0	122,126,214,242,246,312,314,724,726
8814	17988	2	1	5	1	0	0	1	14	94	5	24	11112	724	0	5	0	724
8814	17992	2	1	5	1	0	0	1	14	94	5	24	19876	244	0	5	0	244
8814	18000	2	3	5	1	0	0	1	16	77	4	24	19876	244	0	5	0	220,244,252
8814	18016	2	4	5	1	0	0	1	17	77	4	25	11112	712	0	5	0	306,310,712,716
8814	18049	1	1	6	0	1	1	0	18	13	3	24	19876	214	8	5	1	214
8814	18050	2	1	5	1	1	1	0	16	77	4	24	19876	214	8	4	1	214
8814	18052	2	4	5	1	0	0	1	18	11	3	24	11112	756	0	5	0	212,244,724,756
8814	18056	2	1	5	1	0	0	1	14	94	5	24	19876	212	0	5	0	212
8814	18064	1	1	6	0	1	1	0	18	13	3	24	19876	220	8	5	1	220
8814	18080	2	6	5	1	0	0	2	19	13	3	25	11112	744	0	5	0	204,306,716,744,818,866
8814	18112	1	1	6	0	1	1	0	17	86	4	25	19876	236	8	5	1	236
8814	18177	2	3	5	1	0	0	1	16	77	4	24	29122	865	0	5	0	150,158,662
8814	18178	2	1	5	1	0	0	1	14	94	5	24	5872	376	0	5	0	376
8814	18180	2	3	5	1	0	0	1	16	77	4	24	5872	376	0	5	0	362,376,378
8814	18184	3	9	4	1	0	0	4	16	236	5	24	510	126	0	4	0	124,126,212,220,362,376,378,866,874
8814	18192	2	1	5	1	0	0	1	14	94	5	24	29122	866	0	5	0	866
8814	18208	1	1	6	0	1	1	0	17	86	4	25	5872	370	2	5	1	370
8814	18240	3	20	4	1	0	0	5	17	236	5	25	510	126	0	4	0	116,118,124,126,172,188,228,236,244,252,338,342,368,370,372,374,680,684,834,850
8814	18304	2	4	5	1	0	0	1	17	77	4	25	29122	834	0	5	0	172,188,834,850
8814	18439	2	4	5	1	0	0	1	20	1	1	22	11112	621	0	5	0	402,406,466,470
8814	18443	2	3	5	1	0	0	1	18	12	2	22	19876	181	0	5	0	840,842,872
8814	18445	2	4	5	1	0	0	1	20	1	1	22	29122	825	0	5	0	198,214,454,470
8814	18446	2	3	5	1	0	0	1	18	12	2	22	510	62	0	5	0	60,62,572
8814	18451	2	1	5	1	0	0	1	16	13	3	22	19876	181	0	5	0	842
8814	18453	2	1	5	1	1	1	0	18	3	2	22	5872	468	64	4	1	468
8814	18454	2	1	5	1	0	0	1	16	13	3	22	510	62	0	5	0	62
8814	18457	2	1	5	1	0	0	1	16	13	3	22	19876	182	0	5	0	182
8814	18458	2	2	5	1	0	0	2	14	86	4	22	510	62	0	5	0	62,182
8814	18460	2	1	5	1	0	0	1	16	13	3	22	510	62	0	5	0	62
8814	18467	2	1	5	1	0	0	1	15	77	4	23	11112	618	0	5	0	618
8814	18469	1	1	6	0	1	1	0	19	3	2	23	5872	468	64	5	1	468
8814	18470	2	3	5	1	0	0	1	17	13	3	23	11112	618	0	5	0	554,570,618
8814	18473	3	20	4	1	0	0	5	17	13	3	23	510	63	0	4	0	150,178,182,198,214,406,452,454,460,468,470,476,616,840,844,872,960,964,968,972
8814	18474	3	9	4	1	0	0	4	15	86	4	23	510	62	0	4	0	58,62,178,182,568,570,616,824,872
8814	18476	1	1	6	0	1	1	0	19	3	2	23	29122	570	4096	5	1	570
8814	18481	3	9	4	1	0	0	4	15	86	4	23	510	63	0	4	0	178,402,464,466,472,620,844,960,968
8814	18482	3	3	4	1	0	0	3	15	236	5	23	510	62	0	4	0	62,178,620
8814	18484	2	3	5	1	0	0	1	17	13	3	23	510	62	0	5	0	62,558,574
8814	18488	2	1	5	1	0	0	1	15	77	4	23	510	62	0	5	0	62
8814	18499	3	9	4	1	0	0	4	15	77	4	23	510	63	0	4	0	468,476,610,618,834,838,866,960,964
8814	18501	2	1	5	1	0	0	1	15	75	4	23	5872	476	0	5	0	476
8814	18502	3	9	4	1	0	0	4	15	77	4	23	510	62	0	4	0	58,62,184,188,412,476,554,570,618
8814	18505	3	9	4	1	0	0	4	15	77	4	23	510	63	0	4	0	158,186,190,206,222,460,476,960,964
8814	18506	2	4	5	1	0	0	2	15	86	4	23	510	62	0	5	0	58,62,186,190
8814	18508	3	9	4	1	0	0	4	15	77	4	23	510	62	0	4	0	58,62,184,188,220,476,562,570,818
8814	18513	3	3	4	1	0	0	3	13	94	5	23	510	63	0	4	0	186,472,960
8814	18514	2	2	5	1	0	0	2	13	94	5	23	510	62	0	5	0	62,186
8814	18516	3	3	4	1	0	0	3	13	94	5	23	510	62	0	4	0	62,184,472
8814	18520	2	2	5	1	0	0	2	13	94	5	23	510	62	0	5	0	62,188
8814	18529	2	1	5	1	0	0	1	14	94	5	24	5872	472	0	5	0	472
8814	18530	3	9	4	1	0	0	4	16	236	5	24	510	62	0	4	0	54,62,178,186,410,472,550,566,612
8814	18532	2	3	5	1	0	0	1	16	77	4	24	5872	472	0	5	0	472,550,566
8814	18536	2	3	5	1	0	0	1	16	77	4	24	510	62	0	5	0	54,62,566
8814	18544	2	1	5	1	0	0	1	14	94	5	24	510	62	0	5	0	62
8814	18563	3	20	4	1	0	0	5	17	13	3	23	510	63	0	4	0	452,460,468,476,562,570,626,634,816,818,848,850,852,854,880,882,960,964,976,980
8814	18565	1	1	6	0	1	1	0	19	3	2	23	5872	460	64	5	1	460
8814	18566	1	1	6	0	1	1	0	19	3	2	23	11112	570	512	5	1	570
8814	18569	2	1	5	1	0	0	1	15	77	4	23	29122	817	0	5	0	206
8814	18570	3	9	4	1	0	0	4	15	86	4	23	510	62	0	4	0	58,62,170,174,568,570,632,816,880
8814	18572	2	3	5	1	0	0	1	17	13	3	23	29122	818	0	5	0	562,570,818
8814	18577	3	9	4	1	0	0	4	15	86	4	23	510	63	0	4	0	170,174,202,206,456,458,472,960,976
8814	18578	2	1	5	1	0	0	1	15	77	4	23	510	62	0	5	0	62
8814	18580	2	3	5	1	0	0	1	17	13	3	23	510	62	0	5	0	62,566,574
8814	18584	3	3	4	1	0	0	3	15	236	5	23	510	62	0	4	0	62,172,818
8814	18593	2	3	5	1	0	0	1	16	86	4	24	5872	472	0	5	0	456,458,472
8814	18594	2	3	5	1	0	0	1	16	86	4	24	11112	628	0	5	0	564,566,628
8814	18596	0	1	7	0	2	2	0	20	12	2	24	510	566	8208	5	2	566
8814	18600	2	3	5	1	0	0	1	16	86	4	24	29122	818	0	5	0	562,566,818
8814	18608	2	3	5	1	0	0	1	16	86	4	24	510	62	0	5	0	62,570,574
8814	18625	2	1	5	1	0	0	1	14	94	5	24	5872	472	0	5	0	472
8814	18626	2	3	5	1	0	0	1	16	77	4	24	510	62	0	5	0	54,62,566
8814	18628	2	3	5	1	0	0	1	16	77	4	24	5872	472	0	5	0	472,550,566
8814	18632	3	9	4	1	0	0	4	16	236	5	24	510	62	0	4	0	54,62,180,188,220,472,550,566,802
8814	18640	2	1	5	1	0	0	1	14	94	5	24	510	62	0	5	0	62
8814	18656	1	1	6	0	1	1	0	17	86	4	25	5872	465	1	5	1	558
8814	18691	1	1	6	0	1	1	0	19	12	2	23	19876	173	16	5	1	850
8814	18693	2	6	5	1	0	0	2	21	1	1	23	11112	602	0	5	0	172,206,236,428,492,602
8814	18694	2	6	5	1	0	0	2	21	1	1	23	510	62	0	5	0	62,172,188,428,444,602
8814	18697	1	1	6	0	1	1	0	19	12	2	23	19876	174	16	5	1	174
8814	18698	1	1	6	0	1	1	0	19	12	2	23	19876	174	16	5	1	174
8814	18700	2	6	5	1	0	0	2	21	1	1	23	510	62	0	5	0	62,172,188,236,252,818
8814	18705	2	1	5	1	0	0	1	15	77	4	23	19876	170	0	5	0	170
8814	18706	2	1	5	1	0	0	1	15	77	4	23	19876	170	0	5	0	170
8814	18708	3	11	4	1	0	0	5	17	11	3	23	510	62	0	4	0	62,168,184,232,248,424,440,488,504,604,818
8814	18712	2	1	5	1	0	0	1	15	77	4	23	19876	172	0	5	0	172
8814	18721	2	4	5	1	0	0	1	18	13	3	24	11112	596	0	5	0	170,426,596,852
8814	18722	2	4	5	1	0	0	1	18	13	3	24	11112	596	0	5	0	170,426,596,852
8814	18724	2	13	5	1	0	0	4	22	1	1	24	510	62	0	5	0	62,314,424,426,440,442,488,504,534,566,596,598,818
8814	18728	2	6	5	1	0	0	2	20	3	2	24	510	62	0	5	0	62,172,174,818,848,850
8814	18736	3	11	4	1	0	0	5	16	77	4	24	510	62	0	4	0	62,164,166,420,422,496,600,602,818,856,858
8814	18753	2	1	5	1	1	1	0	16	77	4	24	19876	186	16	4	1	186
8814	18754	1	1	6	0	1	1	0	18	13	3	24	19876	186	16	5	1	186
8814	18756	2	4	5	1	0	0	1	18	11	3	24	5872	504	0	5	0	184,248,440,504
8814	18760	1	1	6	0	1	1	0	18	13	3	24	19876	188	16	5	1	188
8814	18768	2	1	5	1	0	0	1	14	94	5	24	19876	180	0	5	0	180
8814	18784	2	6	5	1	0	0	2	19	13	3	25	510	62	0	5	0	62,180,182,436,438,496
8814	18817	2	4	5	1	0	0	1	18	13	3	24	29122	801	0	5	0	154,158,218,222
8814	18818	2	6	5	1	0	0	2	20	3	2	24	510	62	0	5	0	62,154,158,628,864,868
8814	18820	2	13	5	1	0	0	4	22	1	1	24	510	62	0	5	0	62,124,216,220,248,252,472,504,550,566,628,802,806
8814	18824	2	4	5	1	0	0	1	18	13	3	24	29122	802	0	5	0	156,220,802,866
8814	18832	3	11	4	1	0	0	5	16	77	4	24	510	62	0	4	0	62,148,156,212,220,496,632,802,810,866,874
8814	18848	2	13	5	1	0	0	4	21	12	2	25	510	62	0	5	0	62,496,554,558,616,618,802,810,864,866,872,874,992
8814	18880	2	6	5	1	0	0	2	19	13	3	25	510	62	0	5	0	62,180,188,244,252,496
8814	18947	2	3	5	1	0	0	1	17	13	3	23	11112	602	0	5	0	594,602,850
8814	18949	1	1	6	0	1	1	0	19	3	2	23	5872	428	64	5	1	428
8814	18950	2	1	5	1	0	0	1	15	77	4	23	11112	602	0	5	0	602
8814	18953	1	1	6	0	1	1	0	19	3	2	23	29122	849	128	5	1	174
8814	18954	3	9	4	1	0	0	4	15	86	4	23	510	126	0	4	0	122,126,174,234,238,600,632,848,880
8814	18956	3	20	4	1	0	0	5	17	13	3	23	510	126	0	4	0	120,122,124,126,172,188,232,236,248,252,428,444,594,600,602,626,632,634,850,882
8814	18961	2	3	5	1	0	0	1	17	13	3	23	19876	234	0	5	0	170,234,426
8814	18962	3	3	4	1	0	0	3	15	236	5	23	510	126	0	4	0	126,234,604
8814	18964	3	9	4	1	0	0	4	15	86	4	23	510	126	0	4	0	124,126,232,248,424,440,598,604,606
8814	18968	2	1	5	1	0	0	1	15	77	4	23	19876	236	0	5	0	236
8814	18977	1	1	6	0	1	1	0	18	13	3	24	11112	597	2	5	1	426
8814	18978	2	1	5	1	0	0	1	14	94	5	24	11112	596	0	5	0	596
8814	18980	1	1	6	0	1	1	0	18	13	3	24	11112	598	2	5	1	598
8814	18984	2	4	5	1	0	0	1	18	11	3	24	29122	882	0	5	0	594,626,850,882
8814	18992	2	1	5	1	1	1	0	16	77	4	24	11112	602	2	4	1	602
8814	19009	2	3	5	1	0	0	1	16	77	4	24	5872	440	0	5	0	186,440,442
8814	19010	3	9	4	1	0	0	4	16	236	5	24	510	126	0	4	0	118,126,186,242,250,440,442,596,598
8814	19012	2	1	5	1	0	0	1	14	94	5	24	5872	440	0	5	0	440
8814	19016	2	3	5	1	0	0	1	16	77	4	24	19876	244	0	5	0	188,244,252
8814	19024	2	1	5	1	0	0	1	14	94	5	24	19876	244	0	5	0	244
8814	19040	2	4	5	1	0	0	1	17	77	4	25	5872	432	0	5	0	432,436,586,590
8814	19073	2	3	5	1	0	0	1	16	77	4	24	29122	865	0	5	0	154,158,410
8814	19074	2	1	5	1	0	0	1	14	94	5	24	11112	628	0	5	0	628
8814	19076	2	3	5	1	0	0	1	16	77	4	24	11112	628	0	5	0	614,628,630
8814	19080	2	1	5	1	0	0	1	14	94	5	24	29122	866	0	5	0	866
8814	19088	3	9	4	1	0	0	4	16	236	5	24	510	126	0	4	0	124,126,212,220,618,632,634,866,874
8814	19104	1	1	6	0	1	1	0	17	86	4	25	11112	618	2	5	1	618
8814	19136	3	20	4	1	0	0	5	17	236	5	25	510	126	0	4	0	108,110,124,126,180,188,228,236,244,252,432,436,586,590,616,618,620,622,834,842
8814	19201	1	1	6	0	1	1	0	18	13	3	24	19876	218	16	5	1	218
8814	19202	2	1	5	1	1	1	0	16	77	4	24	19876	218	16	4	1	218
8814	19204	2	4	5	1	0	0	1	18	11	3	24	5872	504	0	5	0	216,248,472,504
8814	19208	1	1	6	0	1	1	0	18	13	3	24	19876	220	16	5	1	220
8814	19216	2	1	5	1	0	0	1	14	94	5	24	19876	212	0	5	0	212
8814	19232	2	6	5	1	0	0	2	19	13	3	25	5872	496	0	5	0	212,468,496,554,810,866
8814	19264	1	1	6	0	1	1	0	17	86	4	25	19876	244	16	5	1	244
8814	19328	2	4	5	1	0	0	1	17	77	4	25	29122	834	0	5	0	180,188,834,842
8814	19459	2	4	5	1	0	0	1	19	3	2	23	19876	105	0	5	0	912,914,916,918
8814	19461	2	6	5	1	0	0	3	23	0	0	23	5872	444	0	5	0	142,158,428,444,714,730
8814	19462	2	4	5	1	0	0	1	19	3	2	23	510	126	0	5	0	120,122,124,126
8814	19465	2	4	5	1	0	0	1	19	3	2	23	19876	106	0	5	0	106,110,912,916
8814	19466	2	4	5	1	0	0	2	15	86	4	23	510	126	0	5	0	106,110,122,126
8814	19468	2	4	5	1	0	0	1	19	3	2	23	510	126	0	5	0	120,122,124,126
8814	19473	2	4	5	1	0	0	1	19	3	2	23	19876	106	0	5	0	106,110,912,916
8814	19474	2	4	5	1	0	0	2	15	86	4	23	510	126	0	5	0	106,110,122,126
8814	19476	2	4	5	1	0	0	1	19	3	2	23	510	126	0	5	0	120,122,124,126
8814	19480	2	4	5	1	0	0	2	15	86	4	23	510	126	0	5	0	108,110,124,126
8814	19489	2	6	5	1	0	0	2	20	3	2	24	5872	440	0	5	0	440,724,912,916,920,924
8814	19490	3	11	4	1	0	0	5	16	77	4	24	510	126	0	4	0	98,102,106,110,114,118,122,126,440,724,880
8814	19492	2	13	5	1	0	0	4	22	1	1	24	510	126	0	5	0	114,118,122,126,314,370,378,440,598,626,630,724,882
8814	19496	2	4	5	1	0	0	1	18	13	3	24	510	126	0	5	0	102,110,118,126
8814	19504	2	4	5	1	0	0	1	18	13	3	24	510	126	0	5	0	102,110,118,126
8814	19521	3	11	4	1	0	0	5	16	75	4	24	510	127	0	4	0	114,118,122,126,158,440,724,896,900,904,908
8814	19522	2	4	5	1	0	0	2	14	94	5	24	510	126	0	5	0	114,118,122,126
8814	19524	3	11	4	1	0	0	5	16	75	4	24	510	126	0	4	0	112,114,116,118,120,122,124,126,440,724,866
8814	19528	2	4	5	1	0	0	2	14	94	5	24	510	126	0	5	0	116,118,124,126
8814	19536	2	4	5	1	0	0	2	14	94	5	24	510	126	0	5	0	116,118,124,126
8814	19552	2	4	5	1	0	0	1	17	77	4	25	510	126	0	5	0	102,110,118,126
8814	19585	2	6	5	1	0	0	2	20	3	2	24	5872	440	0	5	0	86,94,158,440,928,936
8814	19586	2	4	5	1	0	0	1	18	13	3	24	510	126	0	5	0	86,94,118,126
8814	19588	2	13	5	1	0	0	4	22	1	1	24	510	126	0	5	0	116,118,124,126,188,244,252,440,614,628,630,756,866
8814	19592	3	11	4	1	0	0	5	16	77	4	24	510	126	0	4	0	84,86,92,94,116,118,124,126,440,752,866
8814	19600	2	4	5	1	0	0	1	18	13	3	24	510	126	0	5	0	92,94,124,126
8814	19616	2	13	5	1	0	0	4	21	12	2	25	510	126	0	5	0	78,94,110,126,432,590,618,622,744,866,928,944,992
8814	19648	2	4	5	1	0	0	1	17	77	4	25	510	126	0	5	0	108,110,124,126
8814	19713	2	6	5	1	0	0	2	20	3	2	24	11112	692	0	5	0	90,94,158,692,928,932
8814	19714	2	4	5	1	0	0	1	18	13	3	24	510	126	0	5	0	90,94,122,126
8814	19716	2	13	5	1	0	0	4	22	1	1	24	510	126	0	5	0	120,122,124,126,188,248,252,362,376,378,504,692,866
8814	19720	2	4	5	1	0	0	1	18	13	3	24	510	126	0	5	0	92,94,124,126
8814	19728	3	11	4	1	0	0	5	16	77	4	24	510	126	0	4	0	84,86,92,94,116,118,124,126,496,696,866
8814	19744	2	13	5	1	0	0	4	21	12	2	25	510	126	0	5	0	86,94,118,126,342,370,374,496,680,866,928,936,992
8814	19776	2	4	5	1	0	0	1	17	77	4	25	510	126	0	5	0	116,118,124,126
8814	19840	2	13	5	1	0	0	4	21	12	2	25	510	126	0	5	0	60,62,124,126,188,248,252,496,744,834,960,962,992
8814	19969	2	13	5	1	0	0	4	22	1	1	24	5872	376	0	5	0	30,90,94,150,158,210,214,218,222,346,376,662,692
8814	19970	3	11	4	1	0	0	5	16	77	4	24	510	254	0	4	0	210,214,218,222,242,246,250,254,376,692,992
8814	19972	2	6	5	1	0	0	2	20	3	2	24	5872	376	0	5	0	240,244,248,252,376,692
8814	19976	2	4	5	1	0	0	1	18	13	3	24	19876	212	0	5	0	212,220,244,252
8814	19984	2	4	5	1	0	0	1	18	13	3	24	19876	212	0	5	0	212,220,244,252
8814	20000	2	6	5	1	0	0	3	21	3	2	25	5872	368	0	5	0	368,370,680,682,992,994
8814	20032	2	4	5	1	0	0	1	17	77	4	25	19876	228	0	5	0	228,236,244,252
8814	20096	2	6	5	1	0	0	2	19	13	3	25	11112	744	0	5	0	172,188,236,252,744,962
8814	20224	2	6	5	1	0	0	2	19	13	3	25	5872	496	0	5	0	180,188,244,252,496,962
8814	20487	2	4	5	1	0	0	1	20	1	1	22	5872	222	0	5	0	150,158,214,222
8814	20491	2	1	5	1	1	1	0	18	3	2	22	11112	872	32	4	1	872
8814	20493	2	1	5	1	0	0	1	16	13	3	22	29122	569	0	5	0	454
8814	20494	2	1	5	1	0	0	1	16	13	3	22	510	62	0	5	0	62
8814	20499	2	4	5	1	0	0	1	20	1	1	22	19876	437	0	5	0	586,618,842,874
8814	20501	2	3	5	1	0	0	1	18	12	2	22	29122	569	0	5	0	452,454,468
8814	20502	2	3	5	1	0	0	1	18	12	2	22	510	62	0	5	0	60,62,188
8814	20505	2	1	5	1	0	0	1	16	13	3	22	29122	569	0	5	0	454
8814	20506	2	1	5	1	0	0	1	16	13	3	22	510	62	0	5	0	62
8814	20508	2	2	5	1	0	0	2	14	86	4	22	510	62	0	5	0	62,570
8814	20515	2	1	5	1	0	0	1	15	75	4	23	11112	874	0	5	0	874
8814	20517	3	9	4	1	0	0	4	15	77	4	23	510	63	0	4	0	212,220,452,454,468,866,874,960,962
8814	20518	3	9	4	1	0	0	4	15	77	4	23	510	62	0	4	0	60,62,156,188,220,568,570,810,874
8814	20521	3	3	4	1	0	0	3	13	94	5	23	510	63	0	4	0	454,872,960
8814	20522	3	3	4	1	0	0	3	13	94	5	23	510	62	0	4	0	62,568,872
8814	20524	2	2	5	1	0	0	2	13	94	5	23	510	62	0	5	0	62,570
8814	20529	3	9	4	1	0	0	4	15	77	4	23	510	63	0	4	0	402,434,450,454,466,844,876,960,964
8814	20530	3	9	4	1	0	0	4	15	77	4	23	510	62	0	4	0	58,62,178,186,434,568,572,620,876
8814	20532	2	4	5	1	0	0	2	15	86	4	23	510	62	0	5	0	58,62,570,574
8814	20536	2	2	5	1	0	0	2	13	94	5	23	510	62	0	5	0	62,570
8814	20547	1	1	6	0	1	1	0	19	3	2	23	11112	866	32	5	1	866
8814	20549	2	1	5	1	0	0	1	15	77	4	23	5872	220	0	5	0	220
8814	20550	2	3	5	1	0	0	1	17	13	3	23	5872	220	0	5	0	156,188,220
8814	20553	3	9	4	1	0	0	4	15	86	4	23	510	63	0	4	0	158,220,222,460,462,864,872,960,968
8814	20554	2	3	5	1	0	0	1	17	13	3	23	510	62	0	5	0	62,158,190
8814	20556	3	3	4	1	0	0	3	15	236	5	23	510	62	0	4	0	62,220,562
8814	20561	3	20	4	1	0	0	5	17	13	3	23	510	63	0	4	0	154,186,216,218,410,442,456,458,460,462,472,474,836,844,868,876,960,964,968,972
8814	20562	1	1	6	0	1	1	0	19	3	2	23	19876	186	2048	5	1	186
8814	20564	3	9	4	1	0	0	4	15	86	4	23	510	62	0	4	0	58,62,184,186,216,440,472,562,566
8814	20568	2	1	5	1	0	0	1	15	77	4	23	510	62	0	5	0	62
8814	20577	2	1	5	1	0	0	1	14	94	5	24	11112	868	0	5	0	868
8814	20578	2	3	5	1	0	0	1	16	77	4	24	11112	868	0	5	0	154,186,868
8814	20580	3	9	4	1	0	0	4	16	236	5	24	510	62	0	4	0	58,62,154,186,216,562,566,806,868
8814	20584	2	1	5	1	0	0	1	14	94	5	24	510	62	0	5	0	62
8814	20592	2	3	5	1	0	0	1	16	77	4	24	510	62	0	5	0	54,62,182
8814	20611	2	6	5	1	0	0	2	21	1	1	23	5872	220	0	5	0	220,562,598,626,818,882
8814	20613	1	1	6	0	1	1	0	19	12	2	23	29122	563	8	5	1	460
8814	20614	2	6	5	1	0	0	2	21	1	1	23	510	62	0	5	0	62,220,562,570,818,826
8814	20617	2	1	5	1	0	0	1	15	77	4	23	29122	561	0	5	0	462
8814	20618	3	11	4	1	0	0	5	17	11	3	23	510	62	0	4	0	62,220,426,560,568,624,632,816,824,880,888
8814	20620	2	1	5	1	0	0	1	15	77	4	23	29122	562	0	5	0	562
8814	20625	1	1	6	0	1	1	0	19	12	2	23	29122	565	8	5	1	458
8814	20626	2	6	5	1	0	0	2	21	1	1	23	510	62	0	5	0	62,426,564,572,628,636
8814	20628	1	1	6	0	1	1	0	19	12	2	23	29122	566	8	5	1	566
8814	20632	2	1	5	1	0	0	1	15	77	4	23	29122	562	0	5	0	562
8814	20641	2	1	5	1	1	1	0	16	77	4	24	29122	565	8	4	1	458
8814	20642	2	4	5	1	0	0	1	18	11	3	24	11112	884	0	5	0	564,628,820,884
8814	20644	1	1	6	0	1	1	0	18	13	3	24	29122	566	8	5	1	566
8814	20648	2	1	5	1	0	0	1	14	94	5	24	29122	562	0	5	0	562
8814	20656	1	1	6	0	1	1	0	18	13	3	24	29122	570	8	5	1	570
8814	20673	2	4	5	1	0	0	1	18	13	3	24	5872	216	0	5	0	216,218,472,474
8814	20674	2	13	5	1	0	0	4	22	1	1	24	510	62	0	5	0	62,154,186,216,218,310,434,804,806,820,822,868,884
8814	20676	2	4	5	1	0	0	1	18	13	3	24	5872	216	0	5	0	216,472,550,806
8814	20680	3	11	4	1	0	0	5	16	77	4	24	510	62	0	4	0	62,216,220,436,472,476,546,550,802,806,880
8814	20688	2	6	5	1	0	0	2	20	3	2	24	510	62	0	5	0	62,436,464,468,554,558
8814	20704	2	6	5	1	0	0	2	19	13	3	25	510	62	0	5	0	62,554,558,810,814,872
8814	20739	1	1	6	0	1	1	0	19	3	2	23	11112	850	32	5	1	850
8814	20741	3	20	4	1	0	0	5	17	13	3	23	510	63	0	4	0	172,188,236,252,424,428,456,458,460,462,488,492,834,842,850,858,960,962,968,970
8814	20742	1	1	6	0	1	1	0	19	3	2	23	5872	188	512	5	1	188
8814	20745	3	9	4	1	0	0	4	15	86	4	23	510	63	0	4	0	174,426,430,458,462,848,856,960,968
8814	20746	2	3	5	1	0	0	1	17	13	3	23	510	62	0	5	0	62,174,190
8814	20748	2	1	5	1	0	0	1	15	77	4	23	510	62	0	5	0	62
8814	20753	2	1	5	1	0	0	1	15	77	4	23	19876	426	0	5	0	426
8814	20754	2	3	5	1	0	0	1	17	13	3	23	19876	426	0	5	0	170,186,426
8814	20756	3	9	4	1	0	0	4	15	86	4	23	510	62	0	4	0	58,62,184,186,248,424,488,562,566
8814	20760	3	3	4	1	0	0	3	15	236	5	23	510	62	0	4	0	62,428,562
8814	20769	2	1	5	1	0	0	1	14	94	5	24	11112	852	0	5	0	852
8814	20770	2	3	5	1	0	0	1	16	77	4	24	11112	852	0	5	0	170,186,852
8814	20772	2	3	5	1	0	0	1	16	77	4	24	510	62	0	5	0	58,62,186
8814	20776	2	1	5	1	0	0	1	14	94	5	24	510	62	0	5	0	62
8814	20784	3	9	4	1	0	0	4	16	236	5	24	510	62	0	4	0	54,62,166,182,420,562,570,602,856
8814	20801	2	3	5	1	0	0	1	16	86	4	24	11112	852	0	5	0	186,836,852
8814	20802	0	1	7	0	2	2	0	20	12	2	24	510	186	1032	5	2	186
8814	20804	2	3	5	1	0	0	1	16	86	4	24	5872	248	0	5	0	184,186,248
8814	20808	2	3	5	1	0	0	1	16	86	4	24	510	62	0	5	0	62,188,190
8814	20816	2	3	5	1	0	0	1	16	86	4	24	19876	436	0	5	0	180,182,436
8814	20832	1	1	6	0	1	1	0	17	86	4	25	11112	841	1	5	1	182
8814	20865	2	4	5	1	0	0	1	18	13	3	24	19876	402	0	5	0	402,410,466,474
8814	20866	2	13	5	1	0	0	4	22	1	1	24	510	62	0	5	0	62,124,154,186,248,402,410,612,620,628,636,868,884
8814	20868	2	6	5	1	0	0	2	20	3	2	24	510	62	0	5	0	62,248,464,472,550,558
8814	20872	3	11	4	1	0	0	5	16	77	4	24	510	62	0	4	0	62,248,404,412,468,476,546,554,610,618,880
8814	20880	2	4	5	1	0	0	1	18	13	3	24	19876	404	0	5	0	404,468,554,618
8814	20896	2	6	5	1	0	0	2	19	13	3	25	510	62	0	5	0	62,554,570,618,634,872
8814	20928	2	13	5	1	0	0	4	21	12	2	25	510	62	0	5	0	62,180,182,240,244,420,436,480,484,496,500,872,992
8814	20995	1	1	6	0	1	1	0	19	3	2	23	11112	850	32	5	1	850
8814	20997	2	3	5	1	0	0	1	17	13	3	23	5872	188	0	5	0	172,188,428
8814	20998	2	1	5	1	0	0	1	15	77	4	23	5872	188	0	5	0	188
8814	21001	2	3	5	1	0	0	1	17	13	3	23	29122	625	0	5	0	174,398,430
8814	21002	3	9	4	1	0	0	4	15	86	4	23	510	126	0	4	0	124,126,174,188,190,624,632,848,856
8814	21004	3	3	4	1	0	0	3	15	236	5	23	510	126	0	4	0	126,188,626
8814	21009	1	1	6	0	1	1	0	19	3	2	23	19876	426	256	5	1	426
8814	21010	3	20	4	1	0	0	5	17	13	3	23	510	126	0	4	0	120,122,124,126,170,184,186,234,248,250,426,490,596,604,624,628,632,636,852,860
8814	21012	3	9	4	1	0	0	4	15	86	4	23	510	126	0	4	0	122,126,184,248,424,488,598,626,630
8814	21016	2	1	5	1	0	0	1	15	77	4	23	29122	626	0	5	0	626
8814	21025	2	3	5	1	0	0	1	16	77	4	24	11112	852	0	5	0	170,426,852
8814	21026	2	1	5	1	0	0	1	14	94	5	24	11112	852	0	5	0	852
8814	21028	3	9	4	1	0	0	4	16	236	5	24	510	126	0	4	0	122,126,184,186,598,626,630,852,854
8814	21032	2	1	5	1	0	0	1	14	94	5	24	29122	626	0	5	0	626
8814	21040	2	3	5	1	0	0	1	16	77	4	24	29122	626	0	5	0	602,626,634
8814	21057	1	1	6	0	1	1	0	18	13	3	24	5872	186	4	5	1	186
8814	21058	1	1	6	0	1	1	0	18	13	3	24	5872	186	4	5	1	186
8814	21060	2	1	5	1	0	0	1	14	94	5	24	5872	184	0	5	0	184
8814	21064	2	1	5	1	1	1	0	16	77	4	24	5872	188	4	4	1	188
8814	21072	2	4	5	1	0	0	1	18	11	3	24	19876	500	0	5	0	180,244,436,500
8814	21088	2	4	5	1	0	0	1	17	77	4	25	11112	840	0	5	0	180,182,840,842
8814	21121	1	1	6	0	1	1	0	18	13	3	24	29122	613	8	5	1	410
8814	21122	2	4	5	1	0	0	1	18	11	3	24	11112	884	0	5	0	612,628,868,884
8814	21124	2	1	5	1	1	1	0	16	77	4	24	29122	614	8	4	1	614
8814	21128	2	1	5	1	0	0	1	14	94	5	24	29122	610	0	5	0	610
8814	21136	1	1	6	0	1	1	0	18	13	3	24	29122	618	8	5	1	618
8814	21152	1	1	6	0	1	1	0	17	86	4	25	29122	618	8	5	1	618
8814	21184	2	6	5	1	0	0	2	19	13	3	25	11112	872	0	5	0	180,436,484,586,842,872
8814	21249	2	3	5	1	0	0	1	16	77	4	24	19876	466	0	5	0	218,466,474
8814	21250	2	3	5	1	0	0	1	16	77	4	24	5872	248	0	5	0	218,248,250
8814	21252	2	1	5	1	0	0	1	14	94	5	24	5872	248	0	5	0	248
8814	21256	3	9	4	1	0	0	4	16	236	5	24	510	126	0	4	0	122,126,220,248,252,468,476,610,618
8814	21264	2	1	5	1	0	0	1	14	94	5	24	19876	468	0	5	0	468
8814	21280	3	20	4	1	0	0	5	17	236	5	25	510	126	0	4	0	114,118,122,126,212,214,240,242,244,246,452,468,554,570,610,618,626,634,808,810
8814	21312	1	1	6	0	1	1	0	17	86	4	25	5872	244	4	5	1	244
8814	21376	2	4	5	1	0	0	1	17	77	4	25	19876	420	0	5	0	420,436,586,602
8814	21507	2	6	5	1	0	0	2	21	1	1	23	5872	188	0	5	0	188,662,898,914,962,978
8814	21509	2	6	5	1	0	0	2	21	1	1	23	5872	188	0	5	0	188,398,898,906,962,970
8814	21510	1	1	6	0	1	1	0	19	12	2	23	510	124	8	5	1	124
8814	21513	3	11	4	1	0	0	5	17	11	3	23	510	127	0	4	0	188,362,398,896,904,912,920,960,968,976,984
8814	21514	2	1	5	1	0	0	1	15	77	4	23	510	126	0	5	0	126
8814	21516	2	1	5	1	0	0	1	15	77	4	23	510	126	0	5	0	126
8814	21521	2	6	5	1	0	0	2	21	1	1	23	19876	362	0	5	0	362,398,900,908,916,924
8814	21522	1	1	6	0	1	1	0	19	12	2	23	510	122	8	5	1	122
8814	21524	1	1	6	0	1	1	0	19	12	2	23	510	122	8	5	1	122
8814	21528	2	1	5	1	0	0	1	15	77	4	23	510	126	0	5	0	126
8814	21537	2	4	5	1	0	0	1	18	11	3	24	11112	980	0	5	0	900,916,964,980
8814	21538	2	1	5	1	1	1	0	16	77	4	24	510	122	8	4	1	122
8814	21540	1	1	6	0	1	1	0	18	13	3	24	510	122	8	5	1	122
8814	21544	2	1	5	1	0	0	1	14	94	5	24	510	126	0	5	0	126
8814	21552	1	1	6	0	1	1	0	18	13	3	24	510	118	8	5	1	118
8814	21569	2	4	5	1	0	0	1	18	11	3	24	11112	980	0	5	0	900,916,964,980
8814	21570	1	1	6	0	1	1	0	18	13	3	24	510	122	8	5	1	122
8814	21572	2	1	5	1	1	1	0	16	77	4	24	510	122	8	4	1	122
8814	21576	2	1	5	1	0	0	1	14	94	5	24	510	126	0	5	0	126
8814	21584	1	1	6	0	1	1	0	18	13	3	24	510	118	8	5	1	118
8814	21600	1	1	6	0	1	1	0	17	86	4	25	510	118	8	5	1	118
8814	21633	2	6	5	1	0	0	3	22	1	1	24	5872	184	0	5	0	184,188,338,342,410,414
8814	21634	2	6	5	1	0	0	3	22	1	1	24	510	126	0	5	0	122,126,184,188,338,342
8814	21636	2	6	5	1	0	0	3	22	1	1	24	510	126	0	5	0	122,126,184,188,610,614
8814	21640	3	5	4	1	0	0	5	16	75	4	24	510	126	0	4	0	126,184,340,610,1008
8814	21648	2	6	5	1	0	0	3	22	1	1	24	510	126	0	5	0	118,126,340,348,610,618
8814	21664	2	6	5	1	0	0	3	21	3	2	25	510	126	0	5	0	118,126,610,618,992,1000
8814	21696	2	6	5	1	0	0	3	21	3	2	25	510	126	0	5	0	118,126,356,364,992,1000
8814	21761	2	4	5	1	0	0	1	18	11	3	24	11112	948	0	5	0	900,916,932,948
8814	21762	1	1	6	0	1	1	0	18	13	3	24	510	122	8	5	1	122
8814	21764	1	1	6	0	1	1	0	18	13	3	24	510	122	8	5	1	122
8814	21768	2	1	5	1	0	0	1	14	94	5	24	510	126	0	5	0	126
8814	21776	2	1	5	1	1	1	0	16	77	4	24	510	118	8	4	1	118
8814	21792	1	1	6	0	1	1	0	17	86	4	25	510	118	8	5	1	118
8814	21824	1	1	6	0	1	1	0	17	86	4	25	510	118	8	5	1	118
8814	21888	2	6	5	1	0	0	3	21	3	2	25	510	126	0	5	0	118,126,240,248,992,1000
8814	22017	2	13	5	1	0	0	4	22	1	1	24	5872	120	0	5	0	90,120,122,286,346,406,466,900,902,916,918,932,948
8814	22018	2	4	5	1	0	0	1	18	13	3	24	5872	120	0	5	0	120,122,248,250
8814	22020	2	4	5	1	0	0	1	18	13	3	24	5872	120	0	5	0	120,122,248,250
8814	22024	3	11	4	1	0	0	5	16	77	4	24	510	254	0	4	0	120,122,124,126,248,250,252,254,468,738,944
8814	22032	2	6	5	1	0	0	2	20	3	2	24	19876	468	0	5	0	240,242,244,246,468,738
8814	22048	2	6	5	1	0	0	2	19	13	3	25	11112	936	0	5	0	114,118,242,246,738,936
8814	22080	2	6	5	1	0	0	2	19	13	3	25	11112	936	0	5	0	116,118,244,246,484,936
8814	22144	2	6	5	1	0	0	3	21	3	2	25	11112	1000	0	5	0	420,428,706,714,992,1000
8814	22272	2	4	5	1	0	0	1	17	77	4	25	5872	240	0	5	0	240,242,244,246
8814	22531	1	1	6	0	1	1	0	19	3	2	23	11112	722	32	5	1	722
8814	22533	1	1	6	0	1	1	0	19	3	2	23	5872	428	64	5	1	428
8814	22534	3	20	4	1	0	0	5	17	13	3	23	510	126	0	4	0	120,122,124,126,300,316,360,364,376,380,428,444,594,602,624,626,632,634,722,730
8814	22537	2	3	5	1	0	0	1	17	13	3	23	29122	625	0	5	0	302,398,430
8814	22538	3	9	4	1	0	0	4	15	86	4	23	510	126	0	4	0	122,126,302,362,366,624,632,720,728
8814	22540	2	1	5	1	0	0	1	15	77	4	23	29122	626	0	5	0	626
8814	22545	2	3	5	1	0	0	1	17	13	3	23	19876	362	0	5	0	298,362,426
8814	22546	2	1	5	1	0	0	1	15	77	4	23	19876	362	0	5	0	362
8814	22548	3	9	4	1	0	0	4	15	86	4	23	510	126	0	4	0	122,126,360,376,424,440,598,626,630
8814	22552	3	3	4	1	0	0	3	15	236	5	23	510	126	0	4	0	126,364,626
8814	22561	2	3	5	1	0	0	1	16	77	4	24	11112	724	0	5	0	298,426,724
8814	22562	2	1	5	1	0	0	1	14	94	5	24	11112	724	0	5	0	724
8814	22564	2	3	5	1	0	0	1	16	77	4	24	29122	626	0	5	0	598,626,630
8814	22568	2	1	5	1	0	0	1	14	94	5	24	29122	626	0	5	0	626
8814	22576	3	9	4	1	0	0	4	16	236	5	24	510	126	0	4	0	118,126,356,358,602,626,634,728,730
8814	22593	2	3	5	1	0	0	1	16	77	4	24	5872	440	0	5	0	314,440,442
8814	22594	2	3	5	1	0	0	1	16	77	4	24	19876	370	0	5	0	314,370,378
8814	22596	2	1	5	1	0	0	1	14	94	5	24	5872	440	0	5	0	440
8814	22600	3	9	4	1	0	0	4	16	236	5	24	510	126	0	4	0	118,126,316,372,380,440,444,610,614
8814	22608	2	1	5	1	0	0	1	14	94	5	24	19876	372	0	5	0	372
8814	22624	3	20	4	1	0	0	5	17	236	5	25	510	126	0	4	0	102,110,118,126,308,310,356,358,372,374,432,436,586,590,610,614,618,622,712,714
8814	22657	1	1	6	0	1	1	0	18	13	3	24	29122	613	8	5	1	410
8814	22658	2	4	5	1	0	0	1	18	11	3	24	11112	756	0	5	0	612,628,740,756
8814	22660	1	1	6	0	1	1	0	18	13	3	24	29122	614	8	5	1	614
8814	22664	2	1	5	1	0	0	1	14	94	5	24	29122	610	0	5	0	610
8814	22672	2	1	5	1	1	1	0	16	77	4	24	29122	618	8	4	1	618
8814	22688	1	1	6	0	1	1	0	17	86	4	25	29122	618	8	5	1	618
8814	22720	2	4	5	1	0	0	1	17	77	4	25	5872	432	0	5	0	432,436,586,590
8814	22785	1	1	6	0	1	1	0	18	13	3	24	19876	346	16	5	1	346
8814	22786	1	1	6	0	1	1	0	18	13	3	24	19876	346	16	5	1	346
8814	22788	2	4	5	1	0	0	1	18	11	3	24	5872	504	0	5	0	344,376,472,504
8814	22792	2	1	5	1	1	1	0	16	77	4	24	19876	348	16	4	1	348
8814	22800	2	1	5	1	0	0	1	14	94	5	24	19876	340	0	5	0	340
8814	22816	2	4	5	1	0	0	1	17	77	4	25	11112	680	0	5	0	340,342,680,682
8814	22848	1	1	6	0	1	1	0	17	86	4	25	19876	372	16	5	1	372
8814	22912	2	6	5	1	0	0	2	19	13	3	25	5872	496	0	5	0	308,436,496,586,714,744
8814	23041	0	1	7	0	2	2	0	20	12	2	24	5872	346	68	5	2	346
8814	23042	2	3	5	1	0	0	1	16	86	4	24	11112	692	0	5	0	346,676,692
8814	23044	2	3	5	1	0	0	1	16	86	4	24	5872	376	0	5	0	344,376,678
8814	23048	2	3	5	1	0	0	1	16	86	4	24	29122	738	0	5	0	348,674,738
8814	23056	2	3	5	1	0	0	1	16	86	4	24	19876	468	0	5	0	340,468,682
8814	23072	1	1	6	0	1	1	0	17	86	4	25	11112	682	2	5	1	682
8814	23104	1	1	6	0	1	1	0	17	86	4	25	5872	372	4	5	1	372
8814	23168	1	1	6	0	1	1	0	17	86	4	25	29122	714	8	5	1	714
8814	23296	1	1	6	0	1	1	0	17	86	4	25	19876	436	16	5	1	436
8814	23553	2	13	5	1	0	0	4	22	1	1	24	5872	376	0	5	0	90,210,218,286,316,346,376,804,812,820,828,932,948
8814	23554	2	4	5	1	0	0	1	18	13	3	24	19876	210	0	5	0	210,218,242,250
8814	23556	2	6	5	1	0	0	2	20	3	2	24	5872	376	0	5	0	240,242,248,250,376,738
8814	23560	3	11	4	1	0	0	5	16	77	4	24	510	254	0	4	0	212,214,220,222,244,246,252,254,376,738,944
8814	23568	2	4	5	1	0	0	1	18	13	3	24	19876	212	0	5	0	212,214,244,246
8814	23584	2	6	5	1	0	0	2	19	13	3	25	11112	936	0	5	0	198,214,230,246,738,936
8814	23616	2	4	5	1	0	0	1	17	77	4	25	19876	228	0	5	0	228,230,244,246
8814	23680	2	6	5	1	0	0	3	21	3	2	25	5872	368	0	5	0	368,376,706,714,992,1000
8814	23808	2	6	5	1	0	0	2	19	13	3	25	5872	496	0	5	0	180,182,244,246,496,872
8814	24064	2	13	5	1	0	0	4	21	12	2	25	5872	240	0	5	0	180,240,244,420,436,480,484,496,500,842,872,962,992
8814	24583	2	4	5	1	0	0	1	20	1	1	22	11112	365	0	5	0	658,666,722,730
8814	24587	2	4	5	1	0	0	1	20	1	1	22	19876	437	0	5	0	586,602,714,730
8814	24589	2	3	5	1	0	0	1	18	12	2	22	29122	569	0	5	0	452,454,484
8814	24590	2	3	5	1	0	0	1	18	12	2	22	510	62	0	5	0	60,62,316
8814	24595	2	1	5	1	1	1	0	18	3	2	22	5872	728	32	4	1	728
8814	24597	2	1	5	1	0	0	1	16	13	3	22	29122	569	0	5	0	454
8814	24598	2	1	5	1	0	0	1	16	13	3	22	510	62	0	5	0	62
8814	24601	2	1	5	1	0	0	1	16	13	3	22	29122	569	0	5	0	454
8814	24602	2	1	5	1	0	0	1	16	13	3	22	510	62	0	5	0	62
8814	24604	2	2	5	1	0	0	2	14	86	4	22	510	62	0	5	0	62,570
8814	24611	2	1	5	1	0	0	1	15	75	4	23	5872	732	0	5	0	732
8814	24613	3	9	4	1	0	0	4	15	77	4	23	510	63	0	4	0	354,362,450,454,482,724,732,960,964
8814	24614	3	9	4	1	0	0	4	15	77	4	23	510	62	0	4	0	58,62,298,314,362,568,572,668,732
8814	24617	3	9	4	1	0	0	4	15	77	4	23	510	63	0	4	0	418,434,450,454,482,716,732,960,964
8814	24618	3	9	4	1	0	0	4	15	77	4	23	510	62	0	4	0	58,62,306,314,434,568,572,604,732
8814	24620	2	4	5	1	0	0	2	15	86	4	23	510	62	0	5	0	58,62,570,574
8814	24625	3	3	4	1	0	0	3	13	94	5	23	510	63	0	4	0	454,728,960
8814	24626	3	3	4	1	0	0	3	13	94	5	23	510	62	0	4	0	62,568,728
8814	24628	2	2	5	1	0	0	2	13	94	5	23	510	62	0	5	0	62,570
8814	24632	2	2	5	1	0	0	2	13	94	5	23	510	62	0	5	0	62,570
8814	24643	1	1	6	0	1	1	0	19	3	2	23	5872	724	32	5	1	724
8814	24645	2	1	5	1	0	0	1	15	77	4	23	11112	362	0	5	0	362
8814	24646	2	3	5	1	0	0	1	17	13	3	23	11112	362	0	5	0	298,314,362
8814	24649	3	20	4	1	0	0	5	17	13	3	23	510	63	0	4	0	298,314,360,362,426,442,456,458,460,462,488,490,708,716,724,732,960,964,968,972
8814	24650	1	1	6	0	1	1	0	19	3	2	23	19876	314	1024	5	1	314
8814	24652	3	9	4	1	0	0	4	15	86	4	23	510	62	0	4	0	58,62,312,314,360,440,488,562,566
8814	24657	3	9	4	1	0	0	4	15	86	4	23	510	63	0	4	0	302,364,366,460,462,720,728,960,968
8814	24658	2	3	5	1	0	0	1	17	13	3	23	510	62	0	5	0	62,302,318
8814	24660	3	3	4	1	0	0	3	15	236	5	23	510	62	0	4	0	62,364,562
8814	24664	2	1	5	1	0	0	1	15	77	4	23	510	62	0	5	0	62
8814	24673	2	1	5	1	0	0	1	14	94	5	24	5872	728	0	5	0	728
8814	24674	2	3	5	1	0	0	1	16	77	4	24	5872	728	0	5	0	294,310,728
8814	24676	3	9	4	1	0	0	4	16	236	5	24	510	62	0	4	0	54,62,294,310,356,562,570,666,728
8814	24680	2	3	5	1	0	0	1	16	77	4	24	510	62	0	5	0	54,62,310
8814	24688	2	1	5	1	0	0	1	14	94	5	24	510	62	0	5	0	62
8814	24707	1	1	6	0	1	1	0	19	3	2	23	5872	724	32	5	1	724
8814	24709	3	20	4	1	0	0	5	17	13	3	23	510	63	0	4	0	298,314,362,378,424,426,456,458,460,462,488,490,708,716,724,732,960,964,968,972
8814	24710	1	1	6	0	1	1	0	19	3	2	23	11112	314	512	5	1	314
8814	24713	2	1	5	1	0	0	1	15	77	4	23	19876	426	0	5	0	426
8814	24714	2	3	5	1	0	0	1	17	13	3	23	19876	426	0	5	0	298,314,426
8814	24716	3	9	4	1	0	0	4	15	86	4	23	510	62	0	4	0	58,62,312,314,376,424,488,562,566
8814	24721	3	9	4	1	0	0	4	15	86	4	23	510	63	0	4	0	302,426,430,458,462,720,728,960,968
8814	24722	2	3	5	1	0	0	1	17	13	3	23	510	62	0	5	0	62,302,318
8814	24724	2	1	5	1	0	0	1	15	77	4	23	510	62	0	5	0	62
8814	24728	3	3	4	1	0	0	3	15	236	5	23	510	62	0	4	0	62,428,562
8814	24737	2	1	5	1	0	0	1	14	94	5	24	5872	728	0	5	0	728
8814	24738	2	3	5	1	0	0	1	16	77	4	24	5872	728	0	5	0	294,310,728
8814	24740	2	3	5	1	0	0	1	16	77	4	24	510	62	0	5	0	54,62,310
8814	24744	3	9	4	1	0	0	4	16	236	5	24	510	62	0	4	0	54,62,294,310,420,562,570,602,728
8814	24752	2	1	5	1	0	0	1	14	94	5	24	510	62	0	5	0	62
8814	24769	2	3	5	1	0	0	1	16	86	4	24	5872	728	0	5	0	310,712,728
8814	24770	0	1	7	0	2	2	0	20	12	2	24	510	310	2064	5	2	310
8814	24772	2	3	5	1	0	0	1	16	86	4	24	11112	372	0	5	0	308,310,372
8814	24776	2	3	5	1	0	0	1	16	86	4	24	19876	436	0	5	0	308,310,436
8814	24784	2	3	5	1	0	0	1	16	86	4	24	510	62	0	5	0	62,316,318
8814	24800	1	1	6	0	1	1	0	17	86	4	25	5872	721	1	5	1	302
8814	24835	2	6	5	1	0	0	2	21	1	1	23	11112	346	0	5	0	346,564,598,628,692,756
8814	24837	1	1	6	0	1	1	0	19	12	2	23	29122	565	16	5	1	458
8814	24838	2	6	5	1	0	0	2	21	1	1	23	510	62	0	5	0	62,346,564,572,692,700
8814	24841	1	1	6	0	1	1	0	19	12	2	23	29122	565	16	5	1	458
8814	24842	2	6	5	1	0	0	2	21	1	1	23	510	62	0	5	0	62,426,564,572,628,636
8814	24844	1	1	6	0	1	1	0	19	12	2	23	29122	566	16	5	1	566
8814	24849	2	1	5	1	0	0	1	15	77	4	23	29122	561	0	5	0	462
8814	24850	3	11	4	1	0	0	5	17	11	3	23	510	62	0	4	0	62,348,426,560,568,624,632,688,696,752,760
8814	24852	2	1	5	1	0	0	1	15	77	4	23	29122	562	0	5	0	562
8814	24856	2	1	5	1	0	0	1	15	77	4	23	29122	562	0	5	0	562
8814	24865	2	1	5	1	1	1	0	16	77	4	24	29122	569	16	4	1	454
8814	24866	2	4	5	1	0	0	1	18	11	3	24	5872	760	0	5	0	568,632,696,760
8814	24868	1	1	6	0	1	1	0	18	13	3	24	29122	570	16	5	1	570
8814	24872	1	1	6	0	1	1	0	18	13	3	24	29122	570	16	5	1	570
8814	24880	2	1	5	1	0	0	1	14	94	5	24	29122	562	0	5	0	562
8814	24897	2	4	5	1	0	0	1	18	13	3	24	11112	340	0	5	0	340,342,468,470
8814	24898	2	13	5	1	0	0	4	22	1	1	24	510	62	0	5	0	62,186,278,310,340,342,434,680,682,696,698,744,760
8814	24900	2	4	5	1	0	0	1	18	13	3	24	11112	340	0	5	0	340,468,554,682
8814	24904	2	6	5	1	0	0	2	20	3	2	24	510	62	0	5	0	62,436,464,468,554,558
8814	24912	3	11	4	1	0	0	5	16	77	4	24	510	62	0	4	0	62,344,348,436,472,476,546,550,674,678,752
8814	24928	2	6	5	1	0	0	2	19	13	3	25	510	62	0	5	0	62,562,566,690,694,752
8814	24961	2	4	5	1	0	0	1	18	13	3	24	19876	402	0	5	0	402,406,466,470
8814	24962	2	13	5	1	0	0	4	22	1	1	24	510	62	0	5	0	62,124,278,310,372,402,406,616,620,632,636,744,760
8814	24964	2	6	5	1	0	0	2	20	3	2	24	510	62	0	5	0	62,372,464,468,554,558
8814	24968	2	4	5	1	0	0	1	18	13	3	24	19876	404	0	5	0	404,468,554,618
8814	24976	3	11	4	1	0	0	5	16	77	4	24	510	62	0	4	0	62,376,404,412,468,476,546,554,610,618,752
8814	24992	2	6	5	1	0	0	2	19	13	3	25	510	62	0	5	0	62,562,570,626,634,752
8814	25024	2	13	5	1	0	0	4	21	12	2	25	510	62	0	5	0	62,300,302,360,364,420,428,480,484,488,492,752,992
8814	25091	1	1	6	0	1	1	0	19	3	2	23	5872	692	32	5	1	692
8814	25093	2	3	5	1	0	0	1	17	13	3	23	11112	346	0	5	0	330,346,458
8814	25094	2	1	5	1	0	0	1	15	77	4	23	11112	346	0	5	0	346
8814	25097	1	1	6	0	1	1	0	19	3	2	23	19876	458	128	5	1	458
8814	25098	3	20	4	1	0	0	5	17	13	3	23	510	126	0	4	0	120,122,124,126,330,344,346,362,376,378,458,490,564,572,624,628,632,636,692,700
8814	25100	3	9	4	1	0	0	4	15	86	4	23	510	126	0	4	0	122,126,344,376,456,488,566,626,630
8814	25105	2	3	5	1	0	0	1	17	13	3	23	29122	625	0	5	0	334,398,462
8814	25106	3	9	4	1	0	0	4	15	86	4	23	510	126	0	4	0	124,126,334,348,350,624,632,688,696
8814	25108	3	3	4	1	0	0	3	15	236	5	23	510	126	0	4	0	126,348,626
8814	25112	2	1	5	1	0	0	1	15	77	4	23	29122	626	0	5	0	626
8814	25121	2	3	5	1	0	0	1	16	77	4	24	5872	696	0	5	0	326,454,696
8814	25122	2	1	5	1	0	0	1	14	94	5	24	5872	696	0	5	0	696
8814	25124	3	9	4	1	0	0	4	16	236	5	24	510	126	0	4	0	118,126,340,342,570,626,634,696,698
8814	25128	2	3	5	1	0	0	1	16	77	4	24	29122	626	0	5	0	570,626,634
8814	25136	2	1	5	1	0	0	1	14	94	5	24	29122	626	0	5	0	626
8814	25153	1	1	6	0	1	1	0	18	13	3	24	11112	342	4	5	1	342
8814	25154	1	1	6	0	1	1	0	18	13	3	24	11112	342	4	5	1	342
8814	25156	2	1	5	1	0	0	1	14	94	5	24	11112	340	0	5	0	340
8814	25160	2	4	5	1	0	0	1	18	11	3	24	19876	500	0	5	0	340,372,468,500
8814	25168	2	1	5	1	1	1	0	16	77	4	24	11112	348	4	4	1	348
8814	25184	2	4	5	1	0	0	1	17	77	4	25	5872	688	0	5	0	332,334,688,690
8814	25217	2	3	5	1	0	0	1	16	77	4	24	19876	466	0	5	0	342,466,470
8814	25218	2	3	5	1	0	0	1	16	77	4	24	11112	372	0	5	0	342,372,374
8814	25220	2	1	5	1	0	0	1	14	94	5	24	11112	372	0	5	0	372
8814	25224	2	1	5	1	0	0	1	14	94	5	24	19876	468	0	5	0	468
8814	25232	3	9	4	1	0	0	4	16	236	5	24	510	126	0	4	0	122,126,348,376,380,468,476,610,618
8814	25248	3	20	4	1	0	0	5	17	236	5	25	510	126	0	4	0	106,110,122,126,332,334,360,362,364,366,452,460,562,570,610,618,626,634,688,690
8814	25280	1	1	6	0	1	1	0	17	86	4	25	11112	364	4	5	1	364
8814	25345	1	1	6	0	1	1	0	18	13	3	24	29122	617	16	5	1	406
8814	25346	2	4	5	1	0	0	1	18	11	3	24	5872	760	0	5	0	616,632,744,760
8814	25348	2	1	5	1	1	1	0	16	77	4	24	29122	618	16	4	1	618
8814	25352	1	1	6	0	1	1	0	18	13	3	24	29122	618	16	5	1	618
8814	25360	2	1	5	1	0	0	1	14	94	5	24	29122	610	0	5	0	610
8814	25376	1	1	6	0	1	1	0	17	86	4	25	29122	626	16	5	1	626
8814	25408	2	6	5	1	0	0	2	19	13	3	25	5872	752	0	5	0	300,428,484,594,722,752
8814	25472	2	4	5	1	0	0	1	17	77	4	25	19876	420	0	5	0	420,428,594,602
8814	25603	1	1	6	0	1	1	0	19	3	2	23	5872	692	32	5	1	692
8814	25605	1	1	6	0	1	1	0	19	3	2	23	11112	458	64	5	1	458
8814	25606	3	20	4	1	0	0	5	17	13	3	23	510	126	0	4	0	120,122,124,126,330,346,360,362,376,378,458,474,564,572,624,628,632,636,692,700
8814	25609	2	3	5	1	0	0	1	17	13	3	23	19876	362	0	5	0	330,362,458
8814	25610	2	1	5	1	0	0	1	15	77	4	23	19876	362	0	5	0	362
8814	25612	3	9	4	1	0	0	4	15	86	4	23	510	126	0	4	0	122,126,360,376,456,472,566,626,630
8814	25617	2	3	5	1	0	0	1	17	13	3	23	29122	625	0	5	0	334,398,462
8814	25618	3	9	4	1	0	0	4	15	86	4	23	510	126	0	4	0	122,126,334,362,366,624,632,688,696
8814	25620	2	1	5	1	0	0	1	15	77	4	23	29122	626	0	5	0	626
8814	25624	3	3	4	1	0	0	3	15	236	5	23	510	126	0	4	0	126,364,626
8814	25633	2	3	5	1	0	0	1	16	77	4	24	5872	696	0	5	0	326,454,696
8814	25634	2	1	5	1	0	0	1	14	94	5	24	5872	696	0	5	0	696
8814	25636	2	3	5	1	0	0	1	16	77	4	24	29122	626	0	5	0	570,626,634
8814	25640	3	9	4	1	0	0	4	16	236	5	24	510	126	0	4	0	118,126,356,358,570,626,634,696,698
8814	25648	2	1	5	1	0	0	1	14	94	5	24	29122	626	0	5	0	626
8814	25665	2	3	5	1	0	0	1	16	77	4	24	11112	468	0	5	0	342,468,470
8814	25666	2	3	5	1	0	0	1	16	77	4	24	19876	370	0	5	0	342,370,374
8814	25668	2	1	5	1	0	0	1	14	94	5	24	11112	468	0	5	0	468
8814	25672	2	1	5	1	0	0	1	14	94	5	24	19876	372	0	5	0	372
8814	25680	3	9	4	1	0	0	4	16	236	5	24	510	126	0	4	0	118,126,348,372,380,472,476,610,614
8814	25696	3	20	4	1	0	0	5	17	236	5	25	510	126	0	4	0	102,110,118,126,332,334,356,358,364,366,456,460,562,566,610,614,626,630,688,690
8814	25729	1	1	6	0	1	1	0	18	13	3	24	19876	342	8	5	1	342
8814	25730	1	1	6	0	1	1	0	18	13	3	24	19876	342	8	5	1	342
8814	25732	2	4	5	1	0	0	1	18	11	3	24	11112	500	0	5	0	340,372,468,500
8814	25736	2	1	5	1	0	0	1	14	94	5	24	19876	340	0	5	0	340
8814	25744	2	1	5	1	1	1	0	16	77	4	24	19876	348	8	4	1	348
8814	25760	2	4	5	1	0	0	1	17	77	4	25	5872	688	0	5	0	332,334,688,690
8814	25792	1	1	6	0	1	1	0	17	86	4	25	19876	364	8	5	1	364
8814	25857	1	1	6	0	1	1	0	18	13	3	24	29122	617	16	5	1	406
8814	25858	2	4	5	1	0	0	1	18	11	3	24	5872	760	0	5	0	616,632,744,760
8814	25860	1	1	6	0	1	1	0	18	13	3	24	29122	618	16	5	1	618
8814	25864	2	1	5	1	1	1	0	16	77	4	24	29122	618	16	4	1	618
8814	25872	2	1	5	1	0	0	1	14	94	5	24	29122	610	0	5	0	610
8814	25888	1	1	6	0	1	1	0	17	86	4	25	29122	626	16	5	1	626
8814	25920	2	4	5	1	0	0	1	17	77	4	25	11112	424	0	5	0	424,428,594,598
8814	25984	2	6	5	1	0	0	2	19	13	3	25	5872	752	0	5	0	300,428,488,594,722,752
8814	26113	0	1	7	0	2	2	0	20	12	2	24	5872	617	34	5	2	406
8814	26114	2	3	5	1	0	0	1	16	86	4	24	5872	632	0	5	0	406,616,632
8814	26116	2	3	5	1	0	0	1	16	86	4	24	11112	436	0	5	0	404,436,618
8814	26120	2	3	5	1	0	0	1	16	86	4	24	19876	468	0	5	0	404,468,618
8814	26128	2	3	5	1	0	0	1	16	86	4	24	29122	738	0	5	0	412,610,738
8814	26144	1	1	6	0	1	1	0	17	86	4	25	5872	626	2	5	1	626
8814	26176	1	1	6	0	1	1	0	17	86	4	25	11112	428	4	5	1	428
8814	26240	1	1	6	0	1	1	0	17	86	4	25	19876	428	8	5	1	428
8814	26368	1	1	6	0	1	1	0	17	86	4	25	29122	722	16	5	1	722
8814	26627	2	6	5	1	0	0	2	21	1	1	23	11112	218	0	5	0	218,662,900,916,932,948
8814	26629	2	6	5	1	0	0	2	21	1	1	23	11112	218	0	5	0	218,398,900,908,932,940
8814	26630	1	1	6	0	1	1	0	19	12	2	23	510	122	16	5	1	122
8814	26633	2	6	5	1	0	0	2	21	1	1	23	19876	362	0	5	0	362,398,900,908,916,924
8814	26634	1	1	6	0	1	1	0	19	12	2	23	510	122	16	5	1	122
8814	26636	1	1	6	0	1	1	0	19	12	2	23	510	122	16	5	1	122
8814	26641	3	11	4	1	0	0	5	17	11	3	23	510	127	0	4	0	220,362,398,896,904,912,920,928,936,944,952
8814	26642	2	1	5	1	0	0	1	15	77	4	23	510	126	0	5	0	126
8814	26644	2	1	5	1	0	0	1	15	77	4	23	510	126	0	5	0	126
8814	26648	2	1	5	1	0	0	1	15	77	4	23	510	126	0	5	0	126
8814	26657	2	4	5	1	0	0	1	18	11	3	24	5872	952	0	5	0	904,920,936,952
8814	26658	2	1	5	1	1	1	0	16	77	4	24	510	118	16	4	1	118
8814	26660	1	1	6	0	1	1	0	18	13	3	24	510	118	16	5	1	118
8814	26664	1	1	6	0	1	1	0	18	13	3	24	510	118	16	5	1	118
8814	26672	2	1	5	1	0	0	1	14	94	5	24	510	126	0	5	0	126
8814	26689	2	4	5	1	0	0	1	18	11	3	24	5872	952	0	5	0	904,920,936,952
8814	26690	1	1	6	0	1	1	0	18	13	3	24	510	118	16	5	1	118
8814	26692	2	1	5	1	1	1	0	16	77	4	24	510	118	16	4	1	118
8814	26696	1	1	6	0	1	1	0	18	13	3	24	510	118	16	5	1	118
8814	26704	2	1	5	1	0	0	1	14	94	5	24	510	126	0	5	0	126
8814	26720	1	1	6	0	1	1	0	17	86	4	25	510	110	16	5	1	110
8814	26753	2	4	5	1	0	0	1	18	11	3	24	5872	952	0	5	0	904,920,936,952
8814	26754	1	1	6	0	1	1	0	18	13	3	24	510	118	16	5	1	118
8814	26756	1	1	6	0	1	1	0	18	13	3	24	510	118	16	5	1	118
8814	26760	2	1	5	1	1	1	0	16	77	4	24	510	118	16	4	1	118
8814	26768	2	1	5	1	0	0	1	14	94	5	24	510	126	0	5	0	126
8814	26784	1	1	6	0	1	1	0	17	86	4	25	510	110	16	5	1	110
8814	26816	1	1	6	0	1	1	0	17	86	4	25	510	110	16	5	1	110
8814	26881	2	6	5	1	0	0	3	22	1	1	24	11112	180	0	5	0	180,188,338,346,406,414
8814	26882	2	6	5	1	0	0	3	22	1	1	24	510	126	0	5	0	118,126,180,188,338,346
8814	26884	2	6	5	1	0	0	3	22	1	1	24	510	126	0	5	0	118,126,180,188,610,618
8814	26888	2	6	5	1	0	0	3	22	1	1	24	510	126	0	5	0	118,126,340,348,610,618
8814	26896	3	5	4	1	0	0	5	16	75	4	24	510	126	0	4	0	126,184,340,610,1008
8814	26912	2	6	5	1	0	0	3	21	3	2	25	510	126	0	5	0	110,126,610,626,992,1008
8814	26944	2	6	5	1	0	0	3	21	3	2	25	510	126	0	5	0	110,126,356,372,992,1008
8814	27008	2	6	5	1	0	0	3	21	3	2	25	510	126	0	5	0	110,126,232,248,992,1008
8814	27137	2	13	5	1	0	0	4	22	1	1	24	5872	888	0	5	0	150,180,182,286,346,406,466,840,842,856,858,872,888
8814	27138	2	4	5	1	0	0	1	18	13	3	24	11112	180	0	5	0	180,182,244,246
8814	27140	2	4	5	1	0	0	1	18	13	3	24	11112	180	0	5	0	180,182,244,246
8814	27144	2	6	5	1	0	0	2	20	3	2	24	19876	468	0	5	0	240,242,244,246,468,738
8814	27152	3	11	4	1	0	0	5	16	77	4	24	510	254	0	4	0	184,186,188,190,248,250,252,254,468,738,880
8814	27168	2	6	5	1	0	0	2	19	13	3	25	5872	880	0	5	0	170,174,234,238,738,880
8814	27200	2	6	5	1	0	0	2	19	13	3	25	5872	880	0	5	0	172,174,236,238,484,880
8814	27264	2	4	5	1	0	0	1	17	77	4	25	11112	232	0	5	0	232,234,236,238
8814	27392	2	6	5	1	0	0	3	21	3	2	25	5872	1008	0	5	0	420,436,706,722,992,1008
8814	27649	2	13	5	1	0	0	4	22	1	1	24	5872	888	0	5	0	150,210,214,286,316,406,436,808,812,824,828,872,888
8814	27650	2	4	5	1	0	0	1	18	13	3	24	19876	210	0	5	0	210,214,242,246
8814	27652	2	6	5	1	0	0	2	20	3	2	24	11112	436	0	5	0	240,242,244,246,436,738
8814	27656	2	4	5	1	0	0	1	18	13	3	24	19876	212	0	5	0	212,214,244,246
8814	27664	3	11	4	1	0	0	5	16	77	4	24	510	254	0	4	0	212,214,220,222,244,246,252,254,440,738,880
8814	27680	2	6	5	1	0	0	2	19	13	3	25	5872	880	0	5	0	198,206,230,238,738,880
8814	27712	2	4	5	1	0	0	1	17	77	4	25	19876	228	0	5	0	228,230,236,238
8814	27776	2	6	5	1	0	0	2	19	13	3	25	5872	880	0	5	0	172,174,236,238,488,880
8814	27904	2	6	5	1	0	0	3	21	3	2	25	5872	1008	0	5	0	360,376,706,722,992,1008
8814	28160	2	13	5	1	0	0	4	21	12	2	25	5872	752	0	5	0	300,360,364,420,428,480,484,488,492,722,752,962,992
8814	28675	2	6	5	1	0	0	3	23	0	0	23	5872	444	0	5	0	150,158,436,444,722,730
8814	28677	2	4	5	1	0	0	1	19	3	2	23	29122	113	0	5	0	904,906,908,910
8814	28678	2	4	5	1	0	0	1	19	3	2	23	510	126	0	5	0	120,122,124,126
8814	28681	2	4	5	1	0	0	1	19	3	2	23	29122	113	0	5	0	904,906,908,910
8814	28682	2	4	5	1	0	0	1	19	3	2	23	510	126	0	5	0	120,122,124,126
8814	28684	2	4	5	1	0	0	2	15	86	4	23	510	126	0	5	0	114,118,122,126
8814	28689	2	4	5	1	0	0	1	19	3	2	23	29122	113	0	5	0	904,906,908,910
8814	28690	2	4	5	1	0	0	1	19	3	2	23	510	126	0	5	0	120,122,124,126
8814	28692	2	4	5	1	0	0	2	15	86	4	23	510	126	0	5	0	114,118,122,126
8814	28696	2	4	5	1	0	0	2	15	86	4	23	510	126	0	5	0	114,118,122,126
8814	28705	3	11	4	1	0	0	5	16	75	4	24	510	127	0	4	0	440,724,866,896,898,900,902,904,906,908,910
8814	28706	3	11	4	1	0	0	5	16	75	4	24	510	126	0	4	0	112,114,116,118,120,122,124,126,440,724,866
8814	28708	2	4	5	1	0	0	2	14	94	5	24	510	126	0	5	0	114,118,122,126
8814	28712	2	4	5	1	0	0	2	14	94	5	24	510	126	0	5	0	114,118,122,126
8814	28720	2	4	5	1	0	0	2	14	94	5	24	510	126	0	5	0	114,118,122,126
8814	28737	2	6	5	1	0	0	2	20	3	2	24	5872	440	0	5	0	440,724,912,916,920,924
8814	28738	2	13	5	1	0	0	4	22	1	1	24	510	126	0	5	0	114,118,122,126,314,370,378,440,598,626,630,724,882
8814	28740	3	11	4	1	0	0	5	16	77	4	24	510	126	0	4	0	98,102,106,110,114,118,122,126,440,724,880
8814	28744	2	4	5	1	0	0	1	18	13	3	24	510	126	0	5	0	102,110,118,126
8814	28752	2	4	5	1	0	0	1	18	13	3	24	510	126	0	5	0	102,110,118,126
8814	28768	2	4	5	1	0	0	1	17	77	4	25	510	126	0	5	0	102,110,118,126
8814	28801	2	6	5	1	0	0	2	20	3	2	24	5872	440	0	5	0	440,850,912,914,920,922
8814	28802	2	13	5	1	0	0	4	22	1	1	24	510	126	0	5	0	116,118,124,126,188,244,252,440,598,628,630,756,850
8814	28804	2	4	5	1	0	0	1	18	13	3	24	510	126	0	5	0	102,110,118,126
8814	28808	3	11	4	1	0	0	5	16	77	4	24	510	126	0	4	0	98,102,106,110,114,118,122,126,440,752,852
8814	28816	2	4	5	1	0	0	1	18	13	3	24	510	126	0	5	0	106,110,122,126
8814	28832	2	4	5	1	0	0	1	17	77	4	25	510	126	0	5	0	106,110,122,126
8814	28864	2	13	5	1	0	0	4	21	12	2	25	510	126	0	5	0	78,94,110,126,432,590,620,622,744,868,928,944,992
8814	28929	2	6	5	1	0	0	2	20	3	2	24	11112	692	0	5	0	692,850,912,914,916,918
8814	28930	2	13	5	1	0	0	4	22	1	1	24	510	126	0	5	0	120,122,124,126,188,248,252,346,376,378,504,692,850
8814	28932	2	4	5	1	0	0	1	18	13	3	24	510	126	0	5	0	106,110,122,126
8814	28936	2	4	5	1	0	0	1	18	13	3	24	510	126	0	5	0	106,110,122,126
8814	28944	3	11	4	1	0	0	5	16	77	4	24	510	126	0	4	0	98,102,106,110,114,118,122,126,496,696,852
8814	28960	2	4	5	1	0	0	1	17	77	4	25	510	126	0	5	0	114,118,122,126
8814	28992	2	13	5	1	0	0	4	21	12	2	25	510	126	0	5	0	86,94,118,126,342,372,374,496,680,868,928,936,992
8814	29056	2	13	5	1	0	0	4	21	12	2	25	510	126	0	5	0	90,94,122,126,218,248,250,496,744,804,928,932,992
8814	29185	2	13	5	1	0	0	4	22	1	1	24	5872	376	0	5	0	346,376,662,692,786,790,794,798,850,858,914,918,978
8814	29186	2	6	5	1	0	0	2	20	3	2	24	5872	376	0	5	0	240,244,248,252,376,692
8814	29188	3	11	4	1	0	0	5	16	77	4	24	510	254	0	4	0	226,230,234,238,242,246,250,254,376,692,976
8814	29192	2	4	5	1	0	0	1	18	13	3	24	29122	226	0	5	0	226,234,242,250
8814	29200	2	4	5	1	0	0	1	18	13	3	24	29122	226	0	5	0	226,234,242,250
8814	29216	2	4	5	1	0	0	1	17	77	4	25	29122	226	0	5	0	226,234,242,250
8814	29248	2	6	5	1	0	0	3	21	3	2	25	5872	368	0	5	0	368,372,680,684,992,996
8814	29312	2	6	5	1	0	0	2	19	13	3	25	11112	744	0	5	0	202,218,234,250,744,932
8814	29440	2	6	5	1	0	0	2	19	13	3	25	5872	496	0	5	0	210,218,242,250,496,932
8814	29697	2	13	5	1	0	0	4	22	1	1	24	5872	376	0	5	0	316,376,662,722,788,790,796,798,820,828,916,918,948
8814	29698	2	6	5	1	0	0	2	20	3	2	24	5872	376	0	5	0	240,242,248,250,376,722
8814	29700	2	4	5	1	0	0	1	18	13	3	24	29122	226	0	5	0	226,234,242,250
8814	29704	3	11	4	1	0	0	5	16	77	4	24	510	254	0	4	0	226,230,234,238,242,246,250,254,376,724,944
8814	29712	2	4	5	1	0	0	1	18	13	3	24	29122	226	0	5	0	226,230,242,246
8814	29728	2	4	5	1	0	0	1	17	77	4	25	29122	226	0	5	0	226,230,242,246
8814	29760	2	6	5	1	0	0	2	19	13	3	25	11112	936	0	5	0	198,214,230,246,740,936
8814	29824	2	6	5	1	0	0	3	21	3	2	25	5872	368	0	5	0	368,376,676,684,992,1000
8814	29952	2	6	5	1	0	0	2	19	13	3	25	5872	496	0	5	0	210,214,242,246,496,872
8814	30208	2	13	5	1	0	0	4	21	12	2	25	5872	240	0	5	0	210,240,242,450,466,480,482,496,498,812,872,932,992
8814	30721	2	13	5	1	0	0	4	22	1	1	24	5872	888	0	5	0	316,436,602,722,792,794,796,798,824,828,856,858,888
8814	30722	2	6	5	1	0	0	2	20	3	2	24	11112	436	0	5	0	240,242,244,246,436,722
8814	30724	2	4	5	1	0	0	1	18	13	3	24	29122	226	0	5	0	226,230,242,246
8814	30728	2	4	5	1	0	0	1	18	13	3	24	29122	226	0	5	0	226,230,242,246
8814	30736	3	11	4	1	0	0	5	16	77	4	24	510	254	0	4	0	226,230,234,238,242,246,250,254,440,724,880
8814	30752	2	4	5	1	0	0	1	17	77	4	25	29122	226	0	5	0	226,230,234,238
8814	30784	2	6	5	1	0	0	2	19	13	3	25	5872	880	0	5	0	198,206,230,238,740,880
8814	30848	2	6	5	1	0	0	2	19	13	3	25	5872	880	0	5	0	202,206,234,238,488,880
8814	30976	2	6	5	1	0	0	3	21	3	2	25	5872	1008	0	5	0	360,376,676,692,992,1008
8814	31232	2	13	5	1	0	0	4	21	12	2	25	5872	752	0	5	0	330,360,362,450,458,480,482,488,490,692,752,932,992
8814	31744	2	13	5	1	0	0	4	21	12	2	25	5872	752	0	5	0	390,420,422,450,454,480,482,484,486,632,752,872,992
