id	Y_mask	dH	optH_count	q	good	delta_min	rho	compatible_optG	ell	Y_type	Y_edges	degree_sum	f_witness	h_witness_local	S_mask	R_witness	Delta_witness	optH_masks_local
964	31	0	1	0	1	0	0	1	35	0	0	35	32512	1016	0	0	0	1016
964	47	0	1	0	1	0	0	1	35	0	0	35	32512	1016	0	0	0	1016
964	55	0	1	0	1	0	0	1	35	0	0	35	32512	1016	0	0	0	1016
964	59	0	1	0	1	0	0	1	35	0	0	35	32512	1016	0	0	0	1016
964	61	0	1	0	1	0	0	1	35	0	0	35	32512	1016	0	0	0	1016
964	62	0	1	0	1	0	0	1	35	0	0	35	32512	1016	0	0	0	1016
964	79	0	1	0	1	0	0	1	35	0	0	35	32512	1016	0	0	0	1016
964	87	0	1	0	1	0	0	1	35	0	0	35	32512	1016	0	0	0	1016
964	91	0	1	0	1	0	0	1	35	0	0	35	32512	1016	0	0	0	1016
964	93	0	1	0	1	0	0	1	35	0	0	35	32512	1016	0	0	0	1016
964	94	0	1	0	1	0	0	1	35	0	0	35	32512	1016	0	0	0	1016
964	103	0	1	0	1	0	0	1	35	0	0	35	32512	1016	0	0	0	1016
964	107	0	1	0	1	0	0	1	35	0	0	35	32512	1016	0	0	0	1016
964	109	0	1	0	1	0	0	1	35	0	0	35	32512	1016	0	0	0	1016
964	110	0	1	0	1	0	0	1	35	0	0	35	32512	1016	0	0	0	1016
964	115	0	1	0	1	0	0	1	35	0	0	35	32512	1016	0	0	0	1016
964	117	0	1	0	1	0	0	1	35	0	0	35	32512	1016	0	0	0	1016
964	118	0	1	0	1	0	0	1	35	0	0	35	32512	1016	0	0	0	1016
964	121	0	1	0	1	0	0	1	35	0	0	35	32512	1016	0	0	0	1016
964	122	0	1	0	1	0	0	1	35	0	0	35	32512	1016	0	0	0	1016
964	124	0	1	0	1	0	0	1	35	0	0	35	32512	1016	0	0	0	1016
964	143	0	1	0	1	0	0	1	35	0	0	35	32512	1016	0	0	0	1016
964	151	0	1	0	1	0	0	1	35	0	0	35	32512	1016	0	0	0	1016
964	155	0	1	0	1	0	0	1	35	0	0	35	32512	1016	0	0	0	1016
964	157	0	1	0	1	0	0	1	35	0	0	35	32512	1016	0	0	0	1016
964	158	0	1	0	1	0	0	1	35	0	0	35	32512	1016	0	0	0	1016
964	167	0	1	0	1	0	0	1	35	0	0	35	32512	1016	0	0	0	1016
964	171	0	1	0	1	0	0	1	35	0	0	35	32512	1016	0	0	0	1016
964	173	0	1	0	1	0	0	1	35	0	0	35	32512	1016	0	0	0	1016
964	174	0	1	0	1	0	0	1	35	0	0	35	32512	1016	0	0	0	1016
964	179	0	1	0	1	0	0	1	35	0	0	35	32512	1016	0	0	0	1016
964	181	0	1	0	1	0	0	1	35	0	0	35	32512	1016	0	0	0	1016
964	182	0	1	0	1	0	0	1	35	0	0	35	32512	1016	0	0	0	1016
964	185	0	1	0	1	0	0	1	35	0	0	35	32512	1016	0	0	0	1016
964	186	0	1	0	1	0	0	1	35	0	0	35	32512	1016	0	0	0	1016
964	188	0	1	0	1	0	0	1	35	0	0	35	32512	1016	0	0	0	1016
964	199	0	1	0	1	0	0	1	35	0	0	35	32512	1016	0	0	0	1016
964	203	0	1	0	1	0	0	1	35	0	0	35	32512	1016	0	0	0	1016
964	205	0	1	0	1	0	0	1	35	0	0	35	32512	1016	0	0	0	1016
964	206	0	1	0	1	0	0	1	35	0	0	35	32512	1016	0	0	0	1016
964	211	0	1	0	1	0	0	1	35	0	0	35	32512	1016	0	0	0	1016
964	213	0	1	0	1	0	0	1	35	0	0	35	32512	1016	0	0	0	1016
964	214	0	1	0	1	0	0	1	35	0	0	35	32512	1016	0	0	0	1016
964	217	0	1	0	1	0	0	1	35	0	0	35	32512	1016	0	0	0	1016
964	218	0	1	0	1	0	0	1	35	0	0	35	32512	1016	0	0	0	1016
964	220	0	1	0	1	0	0	1	35	0	0	35	32512	1016	0	0	0	1016
964	227	0	1	0	1	0	0	1	35	0	0	35	32512	1016	0	0	0	1016
964	229	0	1	0	1	0	0	1	35	0	0	35	32512	1016	0	0	0	1016
964	230	0	1	0	1	0	0	1	35	0	0	35	32512	1016	0	0	0	1016
964	233	0	1	0	1	0	0	1	35	0	0	35	32512	1016	0	0	0	1016
964	234	0	1	0	1	0	0	1	35	0	0	35	32512	1016	0	0	0	1016
964	236	0	1	0	1	0	0	1	35	0	0	35	32512	1016	0	0	0	1016
964	241	0	1	0	1	0	0	1	35	0	0	35	32512	1016	0	0	0	1016
964	242	0	1	0	1	0	0	1	35	0	0	35	32512	1016	0	0	0	1016
964	244	0	1	0	1	0	0	1	35	0	0	35	32512	1016	0	0	0	1016
964	248	0	1	0	1	0	0	1	35	0	0	35	32512	1016	0	0	0	1016
964	271	0	1	0	1	0	0	1	28	75	4	36	32512	1008	0	0	0	1008
964	279	0	1	0	1	0	0	1	28	75	4	36	32512	1008	0	0	0	1008
964	283	0	1	0	1	0	0	1	28	75	4	36	32512	1008	0	0	0	1008
964	285	0	1	0	1	0	0	1	28	75	4	36	32512	1008	0	0	0	1008
964	286	0	1	0	1	0	0	1	28	75	4	36	32512	1008	0	0	0	1008
964	295	0	1	0	1	0	0	1	28	75	4	36	32512	1008	0	0	0	1008
964	299	0	1	0	1	0	0	1	28	75	4	36	32512	1008	0	0	0	1008
964	301	0	1	0	1	0	0	1	28	75	4	36	32512	1008	0	0	0	1008
964	302	0	1	0	1	0	0	1	28	75	4	36	32512	1008	0	0	0	1008
964	307	0	1	0	1	0	0	1	28	75	4	36	32512	1008	0	0	0	1008
964	309	0	1	0	1	0	0	1	28	75	4	36	32512	1008	0	0	0	1008
964	310	0	1	0	1	0	0	1	28	75	4	36	32512	1008	0	0	0	1008
964	313	0	1	0	1	0	0	1	28	75	4	36	32512	1008	0	0	0	1008
964	314	0	1	0	1	0	0	1	28	75	4	36	32512	1008	0	0	0	1008
964	316	0	1	0	1	0	0	1	28	75	4	36	32512	1008	0	0	0	1008
964	327	0	1	0	1	0	0	1	28	75	4	36	32512	1008	0	0	0	1008
964	331	0	1	0	1	0	0	1	28	75	4	36	32512	1008	0	0	0	1008
964	333	0	1	0	1	0	0	1	28	75	4	36	32512	1008	0	0	0	1008
964	334	0	1	0	1	0	0	1	28	75	4	36	32512	1008	0	0	0	1008
964	339	0	1	0	1	0	0	1	28	75	4	36	32512	1008	0	0	0	1008
964	341	0	1	0	1	0	0	1	28	75	4	36	32512	1008	0	0	0	1008
964	342	0	1	0	1	0	0	1	28	75	4	36	32512	1008	0	0	0	1008
964	345	0	1	0	1	0	0	1	28	75	4	36	32512	1008	0	0	0	1008
964	346	0	1	0	1	0	0	1	28	75	4	36	32512	1008	0	0	0	1008
964	348	0	1	0	1	0	0	1	28	75	4	36	32512	1008	0	0	0	1008
964	355	0	1	0	1	0	0	1	28	75	4	36	32512	1008	0	0	0	1008
964	357	0	1	0	1	0	0	1	28	75	4	36	32512	1008	0	0	0	1008
964	358	0	1	0	1	0	0	1	28	75	4	36	32512	1008	0	0	0	1008
964	361	0	1	0	1	0	0	1	28	75	4	36	32512	1008	0	0	0	1008
964	362	0	1	0	1	0	0	1	28	75	4	36	32512	1008	0	0	0	1008
964	364	0	1	0	1	0	0	1	28	75	4	36	32512	1008	0	0	0	1008
964	369	0	1	0	1	0	0	1	28	75	4	36	32512	1008	0	0	0	1008
964	370	0	1	0	1	0	0	1	28	75	4	36	32512	1008	0	0	0	1008
964	372	0	1	0	1	0	0	1	28	75	4	36	32512	1008	0	0	0	1008
964	376	0	1	0	1	0	0	1	28	75	4	36	32512	1008	0	0	0	1008
964	391	0	1	0	1	0	0	1	28	75	4	36	32512	1008	0	0	0	1008
964	395	0	1	0	1	0	0	1	28	75	4	36	32512	1008	0	0	0	1008
964	397	0	1	0	1	0	0	1	28	75	4	36	32512	1008	0	0	0	1008
964	398	0	1	0	1	0	0	1	28	75	4	36	32512	1008	0	0	0	1008
964	403	0	1	0	1	0	0	1	28	75	4	36	32512	1008	0	0	0	1008
964	405	0	1	0	1	0	0	1	28	75	4	36	32512	1008	0	0	0	1008
964	406	0	1	0	1	0	0	1	28	75	4	36	32512	1008	0	0	0	1008
964	409	0	1	0	1	0	0	1	28	75	4	36	32512	1008	0	0	0	1008
964	410	0	1	0	1	0	0	1	28	75	4	36	32512	1008	0	0	0	1008
964	412	0	1	0	1	0	0	1	28	75	4	36	32512	1008	0	0	0	1008
964	419	0	1	0	1	0	0	1	28	75	4	36	32512	1008	0	0	0	1008
964	421	0	1	0	1	0	0	1	28	75	4	36	32512	1008	0	0	0	1008
964	422	0	1	0	1	0	0	1	28	75	4	36	32512	1008	0	0	0	1008
964	425	0	1	0	1	0	0	1	28	75	4	36	32512	1008	0	0	0	1008
964	426	0	1	0	1	0	0	1	28	75	4	36	32512	1008	0	0	0	1008
964	428	0	1	0	1	0	0	1	28	75	4	36	32512	1008	0	0	0	1008
964	433	0	1	0	1	0	0	1	28	75	4	36	32512	1008	0	0	0	1008
964	434	0	1	0	1	0	0	1	28	75	4	36	32512	1008	0	0	0	1008
964	436	0	1	0	1	0	0	1	28	75	4	36	32512	1008	0	0	0	1008
964	440	0	1	0	1	0	0	1	28	75	4	36	32512	1008	0	0	0	1008
964	451	0	1	0	1	0	0	1	28	75	4	36	32512	1008	0	0	0	1008
964	453	0	1	0	1	0	0	1	28	75	4	36	32512	1008	0	0	0	1008
964	454	0	1	0	1	0	0	1	28	75	4	36	32512	1008	0	0	0	1008
964	457	0	1	0	1	0	0	1	28	75	4	36	32512	1008	0	0	0	1008
964	458	0	1	0	1	0	0	1	28	75	4	36	32512	1008	0	0	0	1008
964	460	0	1	0	1	0	0	1	28	75	4	36	32512	1008	0	0	0	1008
964	465	0	1	0	1	0	0	1	28	75	4	36	32512	1008	0	0	0	1008
964	466	0	1	0	1	0	0	1	28	75	4	36	32512	1008	0	0	0	1008
964	468	0	1	0	1	0	0	1	28	75	4	36	32512	1008	0	0	0	1008
964	472	0	1	0	1	0	0	1	28	75	4	36	32512	1008	0	0	0	1008
964	481	0	1	0	1	0	0	1	28	75	4	36	32512	1008	0	0	0	1008
964	482	0	1	0	1	0	0	1	28	75	4	36	32512	1008	0	0	0	1008
964	484	0	1	0	1	0	0	1	28	75	4	36	32512	1008	0	0	0	1008
964	488	0	1	0	1	0	0	1	28	75	4	36	32512	1008	0	0	0	1008
964	496	0	1	0	1	0	0	1	28	75	4	36	32512	1008	0	0	0	1008
964	527	0	1	0	1	0	0	1	28	75	4	36	32512	1008	0	0	0	1008
964	535	0	1	0	1	0	0	1	28	75	4	36	32512	1008	0	0	0	1008
964	539	0	1	0	1	0	0	1	28	75	4	36	32512	1008	0	0	0	1008
964	541	0	1	0	1	0	0	1	28	75	4	36	32512	1008	0	0	0	1008
964	542	0	1	0	1	0	0	1	28	75	4	36	32512	1008	0	0	0	1008
964	551	0	1	0	1	0	0	1	28	75	4	36	32512	1008	0	0	0	1008
964	555	0	1	0	1	0	0	1	28	75	4	36	32512	1008	0	0	0	1008
964	557	0	1	0	1	0	0	1	28	75	4	36	32512	1008	0	0	0	1008
964	558	0	1	0	1	0	0	1	28	75	4	36	32512	1008	0	0	0	1008
964	563	0	1	0	1	0	0	1	28	75	4	36	32512	1008	0	0	0	1008
964	565	0	1	0	1	0	0	1	28	75	4	36	32512	1008	0	0	0	1008
964	566	0	1	0	1	0	0	1	28	75	4	36	32512	1008	0	0	0	1008
964	569	0	1	0	1	0	0	1	28	75	4	36	32512	1008	0	0	0	1008
964	570	0	1	0	1	0	0	1	28	75	4	36	32512	1008	0	0	0	1008
964	572	0	1	0	1	0	0	1	28	75	4	36	32512	1008	0	0	0	1008
964	583	0	1	0	1	0	0	1	28	75	4	36	32512	1008	0	0	0	1008
964	587	0	1	0	1	0	0	1	28	75	4	36	32512	1008	0	0	0	1008
964	589	0	1	0	1	0	0	1	28	75	4	36	32512	1008	0	0	0	1008
964	590	0	1	0	1	0	0	1	28	75	4	36	32512	1008	0	0	0	1008
964	595	0	1	0	1	0	0	1	28	75	4	36	32512	1008	0	0	0	1008
964	597	0	1	0	1	0	0	1	28	75	4	36	32512	1008	0	0	0	1008
964	598	0	1	0	1	0	0	1	28	75	4	36	32512	1008	0	0	0	1008
964	601	0	1	0	1	0	0	1	28	75	4	36	32512	1008	0	0	0	1008
964	602	0	1	0	1	0	0	1	28	75	4	36	32512	1008	0	0	0	1008
964	604	0	1	0	1	0	0	1	28	75	4	36	32512	1008	0	0	0	1008
964	611	0	1	0	1	0	0	1	28	75	4	36	32512	1008	0	0	0	1008
964	613	0	1	0	1	0	0	1	28	75	4	36	32512	1008	0	0	0	1008
964	614	0	1	0	1	0	0	1	28	75	4	36	32512	1008	0	0	0	1008
964	617	0	1	0	1	0	0	1	28	75	4	36	32512	1008	0	0	0	1008
964	618	0	1	0	1	0	0	1	28	75	4	36	32512	1008	0	0	0	1008
964	620	0	1	0	1	0	0	1	28	75	4	36	32512	1008	0	0	0	1008
964	625	0	1	0	1	0	0	1	28	75	4	36	32512	1008	0	0	0	1008
964	626	0	1	0	1	0	0	1	28	75	4	36	32512	1008	0	0	0	1008
964	628	0	1	0	1	0	0	1	28	75	4	36	32512	1008	0	0	0	1008
964	632	0	1	0	1	0	0	1	28	75	4	36	32512	1008	0	0	0	1008
964	647	0	1	0	1	0	0	1	28	75	4	36	32512	1008	0	0	0	1008
964	651	0	1	0	1	0	0	1	28	75	4	36	32512	1008	0	0	0	1008
964	653	0	1	0	1	0	0	1	28	75	4	36	32512	1008	0	0	0	1008
964	654	0	1	0	1	0	0	1	28	75	4	36	32512	1008	0	0	0	1008
964	659	0	1	0	1	0	0	1	28	75	4	36	32512	1008	0	0	0	1008
964	661	0	1	0	1	0	0	1	28	75	4	36	32512	1008	0	0	0	1008
964	662	0	1	0	1	0	0	1	28	75	4	36	32512	1008	0	0	0	1008
964	665	0	1	0	1	0	0	1	28	75	4	36	32512	1008	0	0	0	1008
964	666	0	1	0	1	0	0	1	28	75	4	36	32512	1008	0	0	0	1008
964	668	0	1	0	1	0	0	1	28	75	4	36	32512	1008	0	0	0	1008
964	675	0	1	0	1	0	0	1	28	75	4	36	32512	1008	0	0	0	1008
964	677	0	1	0	1	0	0	1	28	75	4	36	32512	1008	0	0	0	1008
964	678	0	1	0	1	0	0	1	28	75	4	36	32512	1008	0	0	0	1008
964	681	0	1	0	1	0	0	1	28	75	4	36	32512	1008	0	0	0	1008
964	682	0	1	0	1	0	0	1	28	75	4	36	32512	1008	0	0	0	1008
964	684	0	1	0	1	0	0	1	28	75	4	36	32512	1008	0	0	0	1008
964	689	0	1	0	1	0	0	1	28	75	4	36	32512	1008	0	0	0	1008
964	690	0	1	0	1	0	0	1	28	75	4	36	32512	1008	0	0	0	1008
964	692	0	1	0	1	0	0	1	28	75	4	36	32512	1008	0	0	0	1008
964	696	0	1	0	1	0	0	1	28	75	4	36	32512	1008	0	0	0	1008
964	707	0	1	0	1	0	0	1	28	75	4	36	32512	1008	0	0	0	1008
964	709	0	1	0	1	0	0	1	28	75	4	36	32512	1008	0	0	0	1008
964	710	0	1	0	1	0	0	1	28	75	4	36	32512	1008	0	0	0	1008
964	713	0	1	0	1	0	0	1	28	75	4	36	32512	1008	0	0	0	1008
964	714	0	1	0	1	0	0	1	28	75	4	36	32512	1008	0	0	0	1008
964	716	0	1	0	1	0	0	1	28	75	4	36	32512	1008	0	0	0	1008
964	721	0	1	0	1	0	0	1	28	75	4	36	32512	1008	0	0	0	1008
964	722	0	1	0	1	0	0	1	28	75	4	36	32512	1008	0	0	0	1008
964	724	0	1	0	1	0	0	1	28	75	4	36	32512	1008	0	0	0	1008
964	728	0	1	0	1	0	0	1	28	75	4	36	32512	1008	0	0	0	1008
964	737	0	1	0	1	0	0	1	28	75	4	36	32512	1008	0	0	0	1008
964	738	0	1	0	1	0	0	1	28	75	4	36	32512	1008	0	0	0	1008
964	740	0	1	0	1	0	0	1	28	75	4	36	32512	1008	0	0	0	1008
964	744	0	1	0	1	0	0	1	28	75	4	36	32512	1008	0	0	0	1008
964	752	0	1	0	1	0	0	1	28	75	4	36	32512	1008	0	0	0	1008
964	775	0	1	0	1	0	0	1	25	222	6	37	32512	992	0	0	0	992
964	779	0	1	0	1	0	0	1	25	222	6	37	32512	992	0	0	0	992
964	781	0	1	0	1	0	0	1	25	222	6	37	32512	992	0	0	0	992
964	782	0	1	0	1	0	0	1	25	222	6	37	32512	992	0	0	0	992
964	787	0	1	0	1	0	0	1	25	222	6	37	32512	992	0	0	0	992
964	789	0	1	0	1	0	0	1	25	222	6	37	32512	992	0	0	0	992
964	790	0	1	0	1	0	0	1	25	222	6	37	32512	992	0	0	0	992
964	793	0	1	0	1	0	0	1	25	222	6	37	32512	992	0	0	0	992
964	794	0	1	0	1	0	0	1	25	222	6	37	32512	992	0	0	0	992
964	796	0	1	0	1	0	0	1	25	222	6	37	32512	992	0	0	0	992
964	803	0	1	0	1	0	0	1	25	222	6	37	32512	992	0	0	0	992
964	805	0	1	0	1	0	0	1	25	222	6	37	32512	992	0	0	0	992
964	806	0	1	0	1	0	0	1	25	222	6	37	32512	992	0	0	0	992
964	809	0	1	0	1	0	0	1	25	222	6	37	32512	992	0	0	0	992
964	810	0	1	0	1	0	0	1	25	222	6	37	32512	992	0	0	0	992
964	812	0	1	0	1	0	0	1	25	222	6	37	32512	992	0	0	0	992
964	817	0	1	0	1	0	0	1	25	222	6	37	32512	992	0	0	0	992
964	818	0	1	0	1	0	0	1	25	222	6	37	32512	992	0	0	0	992
964	820	0	1	0	1	0	0	1	25	222	6	37	32512	992	0	0	0	992
964	824	0	1	0	1	0	0	1	25	222	6	37	32512	992	0	0	0	992
964	835	0	1	0	1	0	0	1	25	222	6	37	32512	992	0	0	0	992
964	837	0	1	0	1	0	0	1	25	222	6	37	32512	992	0	0	0	992
964	838	0	1	0	1	0	0	1	25	222	6	37	32512	992	0	0	0	992
964	841	0	1	0	1	0	0	1	25	222	6	37	32512	992	0	0	0	992
964	842	0	1	0	1	0	0	1	25	222	6	37	32512	992	0	0	0	992
964	844	0	1	0	1	0	0	1	25	222	6	37	32512	992	0	0	0	992
964	849	0	1	0	1	0	0	1	25	222	6	37	32512	992	0	0	0	992
964	850	0	1	0	1	0	0	1	25	222	6	37	32512	992	0	0	0	992
964	852	0	1	0	1	0	0	1	25	222	6	37	32512	992	0	0	0	992
964	856	0	1	0	1	0	0	1	25	222	6	37	32512	992	0	0	0	992
964	865	0	1	0	1	0	0	1	25	222	6	37	32512	992	0	0	0	992
964	866	0	1	0	1	0	0	1	25	222	6	37	32512	992	0	0	0	992
964	868	0	1	0	1	0	0	1	25	222	6	37	32512	992	0	0	0	992
964	872	0	1	0	1	0	0	1	25	222	6	37	32512	992	0	0	0	992
964	880	0	1	0	1	0	0	1	25	222	6	37	32512	992	0	0	0	992
964	899	0	1	0	1	0	0	1	25	222	6	37	32512	992	0	0	0	992
964	901	0	1	0	1	0	0	1	25	222	6	37	32512	992	0	0	0	992
964	902	0	1	0	1	0	0	1	25	222	6	37	32512	992	0	0	0	992
964	905	0	1	0	1	0	0	1	25	222	6	37	32512	992	0	0	0	992
964	906	0	1	0	1	0	0	1	25	222	6	37	32512	992	0	0	0	992
964	908	0	1	0	1	0	0	1	25	222	6	37	32512	992	0	0	0	992
964	913	0	1	0	1	0	0	1	25	222	6	37	32512	992	0	0	0	992
964	914	0	1	0	1	0	0	1	25	222	6	37	32512	992	0	0	0	992
964	916	0	1	0	1	0	0	1	25	222	6	37	32512	992	0	0	0	992
964	920	0	1	0	1	0	0	1	25	222	6	37	32512	992	0	0	0	992
964	929	0	1	0	1	0	0	1	25	222	6	37	32512	992	0	0	0	992
964	930	0	1	0	1	0	0	1	25	222	6	37	32512	992	0	0	0	992
964	932	0	1	0	1	0	0	1	25	222	6	37	32512	992	0	0	0	992
964	936	0	1	0	1	0	0	1	25	222	6	37	32512	992	0	0	0	992
964	944	0	1	0	1	0	0	1	25	222	6	37	32512	992	0	0	0	992
964	961	0	1	0	1	0	0	1	25	222	6	37	32512	992	0	0	0	992
964	962	0	1	0	1	0	0	1	25	222	6	37	32512	992	0	0	0	992
964	964	0	1	0	1	0	0	1	25	222	6	37	32512	992	0	0	0	992
964	968	0	1	0	1	0	0	1	25	222	6	37	32512	992	0	0	0	992
964	976	0	1	0	1	0	0	1	25	222	6	37	32512	992	0	0	0	992
964	992	0	1	0	1	0	0	1	25	222	6	37	32512	992	0	0	0	992
964	1039	0	1	0	1	0	0	1	28	75	4	36	32512	1008	0	0	0	1008
964	1047	0	1	0	1	0	0	1	28	75	4	36	32512	1008	0	0	0	1008
964	1051	0	1	0	1	0	0	1	28	75	4	36	32512	1008	0	0	0	1008
964	1053	0	1	0	1	0	0	1	28	75	4	36	32512	1008	0	0	0	1008
964	1054	0	1	0	1	0	0	1	28	75	4	36	32512	1008	0	0	0	1008
964	1063	0	1	0	1	0	0	1	28	75	4	36	32512	1008	0	0	0	1008
964	1067	0	1	0	1	0	0	1	28	75	4	36	32512	1008	0	0	0	1008
964	1069	0	1	0	1	0	0	1	28	75	4	36	32512	1008	0	0	0	1008
964	1070	0	1	0	1	0	0	1	28	75	4	36	32512	1008	0	0	0	1008
964	1075	0	1	0	1	0	0	1	28	75	4	36	32512	1008	0	0	0	1008
964	1077	0	1	0	1	0	0	1	28	75	4	36	32512	1008	0	0	0	1008
964	1078	0	1	0	1	0	0	1	28	75	4	36	32512	1008	0	0	0	1008
964	1081	0	1	0	1	0	0	1	28	75	4	36	32512	1008	0	0	0	1008
964	1082	0	1	0	1	0	0	1	28	75	4	36	32512	1008	0	0	0	1008
964	1084	0	1	0	1	0	0	1	28	75	4	36	32512	1008	0	0	0	1008
964	1095	0	1	0	1	0	0	1	28	75	4	36	32512	1008	0	0	0	1008
964	1099	0	1	0	1	0	0	1	28	75	4	36	32512	1008	0	0	0	1008
964	1101	0	1	0	1	0	0	1	28	75	4	36	32512	1008	0	0	0	1008
964	1102	0	1	0	1	0	0	1	28	75	4	36	32512	1008	0	0	0	1008
964	1107	0	1	0	1	0	0	1	28	75	4	36	32512	1008	0	0	0	1008
964	1109	0	1	0	1	0	0	1	28	75	4	36	32512	1008	0	0	0	1008
964	1110	0	1	0	1	0	0	1	28	75	4	36	32512	1008	0	0	0	1008
964	1113	0	1	0	1	0	0	1	28	75	4	36	32512	1008	0	0	0	1008
964	1114	0	1	0	1	0	0	1	28	75	4	36	32512	1008	0	0	0	1008
964	1116	0	1	0	1	0	0	1	28	75	4	36	32512	1008	0	0	0	1008
964	1123	0	1	0	1	0	0	1	28	75	4	36	32512	1008	0	0	0	1008
964	1125	0	1	0	1	0	0	1	28	75	4	36	32512	1008	0	0	0	1008
964	1126	0	1	0	1	0	0	1	28	75	4	36	32512	1008	0	0	0	1008
964	1129	0	1	0	1	0	0	1	28	75	4	36	32512	1008	0	0	0	1008
964	1130	0	1	0	1	0	0	1	28	75	4	36	32512	1008	0	0	0	1008
964	1132	0	1	0	1	0	0	1	28	75	4	36	32512	1008	0	0	0	1008
964	1137	0	1	0	1	0	0	1	28	75	4	36	32512	1008	0	0	0	1008
964	1138	0	1	0	1	0	0	1	28	75	4	36	32512	1008	0	0	0	1008
964	1140	0	1	0	1	0	0	1	28	75	4	36	32512	1008	0	0	0	1008
964	1144	0	1	0	1	0	0	1	28	75	4	36	32512	1008	0	0	0	1008
964	1159	0	1	0	1	0	0	1	28	75	4	36	32512	1008	0	0	0	1008
964	1163	0	1	0	1	0	0	1	28	75	4	36	32512	1008	0	0	0	1008
964	1165	0	1	0	1	0	0	1	28	75	4	36	32512	1008	0	0	0	1008
964	1166	0	1	0	1	0	0	1	28	75	4	36	32512	1008	0	0	0	1008
964	1171	0	1	0	1	0	0	1	28	75	4	36	32512	1008	0	0	0	1008
964	1173	0	1	0	1	0	0	1	28	75	4	36	32512	1008	0	0	0	1008
964	1174	0	1	0	1	0	0	1	28	75	4	36	32512	1008	0	0	0	1008
964	1177	0	1	0	1	0	0	1	28	75	4	36	32512	1008	0	0	0	1008
964	1178	0	1	0	1	0	0	1	28	75	4	36	32512	1008	0	0	0	1008
964	1180	0	1	0	1	0	0	1	28	75	4	36	32512	1008	0	0	0	1008
964	1187	0	1	0	1	0	0	1	28	75	4	36	32512	1008	0	0	0	1008
964	1189	0	1	0	1	0	0	1	28	75	4	36	32512	1008	0	0	0	1008
964	1190	0	1	0	1	0	0	1	28	75	4	36	32512	1008	0	0	0	1008
964	1193	0	1	0	1	0	0	1	28	75	4	36	32512	1008	0	0	0	1008
964	1194	0	1	0	1	0	0	1	28	75	4	36	32512	1008	0	0	0	1008
964	1196	0	1	0	1	0	0	1	28	75	4	36	32512	1008	0	0	0	1008
964	1201	0	1	0	1	0	0	1	28	75	4	36	32512	1008	0	0	0	1008
964	1202	0	1	0	1	0	0	1	28	75	4	36	32512	1008	0	0	0	1008
964	1204	0	1	0	1	0	0	1	28	75	4	36	32512	1008	0	0	0	1008
964	1208	0	1	0	1	0	0	1	28	75	4	36	32512	1008	0	0	0	1008
964	1219	0	1	0	1	0	0	1	28	75	4	36	32512	1008	0	0	0	1008
964	1221	0	1	0	1	0	0	1	28	75	4	36	32512	1008	0	0	0	1008
964	1222	0	1	0	1	0	0	1	28	75	4	36	32512	1008	0	0	0	1008
964	1225	0	1	0	1	0	0	1	28	75	4	36	32512	1008	0	0	0	1008
964	1226	0	1	0	1	0	0	1	28	75	4	36	32512	1008	0	0	0	1008
964	1228	0	1	0	1	0	0	1	28	75	4	36	32512	1008	0	0	0	1008
964	1233	0	1	0	1	0	0	1	28	75	4	36	32512	1008	0	0	0	1008
964	1234	0	1	0	1	0	0	1	28	75	4	36	32512	1008	0	0	0	1008
964	1236	0	1	0	1	0	0	1	28	75	4	36	32512	1008	0	0	0	1008
964	1240	0	1	0	1	0	0	1	28	75	4	36	32512	1008	0	0	0	1008
964	1249	0	1	0	1	0	0	1	28	75	4	36	32512	1008	0	0	0	1008
964	1250	0	1	0	1	0	0	1	28	75	4	36	32512	1008	0	0	0	1008
964	1252	0	1	0	1	0	0	1	28	75	4	36	32512	1008	0	0	0	1008
964	1256	0	1	0	1	0	0	1	28	75	4	36	32512	1008	0	0	0	1008
964	1264	0	1	0	1	0	0	1	28	75	4	36	32512	1008	0	0	0	1008
964	1287	0	1	0	1	0	0	1	25	222	6	37	32512	992	0	0	0	992
964	1291	0	1	0	1	0	0	1	25	222	6	37	32512	992	0	0	0	992
964	1293	0	1	0	1	0	0	1	25	222	6	37	32512	992	0	0	0	992
964	1294	0	1	0	1	0	0	1	25	222	6	37	32512	992	0	0	0	992
964	1299	0	1	0	1	0	0	1	25	222	6	37	32512	992	0	0	0	992
964	1301	0	1	0	1	0	0	1	25	222	6	37	32512	992	0	0	0	992
964	1302	0	1	0	1	0	0	1	25	222	6	37	32512	992	0	0	0	992
964	1305	0	1	0	1	0	0	1	25	222	6	37	32512	992	0	0	0	992
964	1306	0	1	0	1	0	0	1	25	222	6	37	32512	992	0	0	0	992
964	1308	0	1	0	1	0	0	1	25	222	6	37	32512	992	0	0	0	992
964	1315	0	1	0	1	0	0	1	25	222	6	37	32512	992	0	0	0	992
964	1317	0	1	0	1	0	0	1	25	222	6	37	32512	992	0	0	0	992
964	1318	0	1	0	1	0	0	1	25	222	6	37	32512	992	0	0	0	992
964	1321	0	1	0	1	0	0	1	25	222	6	37	32512	992	0	0	0	992
964	1322	0	1	0	1	0	0	1	25	222	6	37	32512	992	0	0	0	992
964	1324	0	1	0	1	0	0	1	25	222	6	37	32512	992	0	0	0	992
964	1329	0	1	0	1	0	0	1	25	222	6	37	32512	992	0	0	0	992
964	1330	0	1	0	1	0	0	1	25	222	6	37	32512	992	0	0	0	992
964	1332	0	1	0	1	0	0	1	25	222	6	37	32512	992	0	0	0	992
964	1336	0	1	0	1	0	0	1	25	222	6	37	32512	992	0	0	0	992
964	1347	0	1	0	1	0	0	1	25	222	6	37	32512	992	0	0	0	992
964	1349	0	1	0	1	0	0	1	25	222	6	37	32512	992	0	0	0	992
964	1350	0	1	0	1	0	0	1	25	222	6	37	32512	992	0	0	0	992
964	1353	0	1	0	1	0	0	1	25	222	6	37	32512	992	0	0	0	992
964	1354	0	1	0	1	0	0	1	25	222	6	37	32512	992	0	0	0	992
964	1356	0	1	0	1	0	0	1	25	222	6	37	32512	992	0	0	0	992
964	1361	0	1	0	1	0	0	1	25	222	6	37	32512	992	0	0	0	992
964	1362	0	1	0	1	0	0	1	25	222	6	37	32512	992	0	0	0	992
964	1364	0	1	0	1	0	0	1	25	222	6	37	32512	992	0	0	0	992
964	1368	0	1	0	1	0	0	1	25	222	6	37	32512	992	0	0	0	992
964	1377	0	1	0	1	0	0	1	25	222	6	37	32512	992	0	0	0	992
964	1378	0	1	0	1	0	0	1	25	222	6	37	32512	992	0	0	0	992
964	1380	0	1	0	1	0	0	1	25	222	6	37	32512	992	0	0	0	992
964	1384	0	1	0	1	0	0	1	25	222	6	37	32512	992	0	0	0	992
964	1392	0	1	0	1	0	0	1	25	222	6	37	32512	992	0	0	0	992
964	1411	0	1	0	1	0	0	1	25	222	6	37	32512	992	0	0	0	992
964	1413	0	1	0	1	0	0	1	25	222	6	37	32512	992	0	0	0	992
964	1414	0	1	0	1	0	0	1	25	222	6	37	32512	992	0	0	0	992
964	1417	0	1	0	1	0	0	1	25	222	6	37	32512	992	0	0	0	992
964	1418	0	1	0	1	0	0	1	25	222	6	37	32512	992	0	0	0	992
964	1420	0	1	0	1	0	0	1	25	222	6	37	32512	992	0	0	0	992
964	1425	0	1	0	1	0	0	1	25	222	6	37	32512	992	0	0	0	992
964	1426	0	1	0	1	0	0	1	25	222	6	37	32512	992	0	0	0	992
964	1428	0	1	0	1	0	0	1	25	222	6	37	32512	992	0	0	0	992
964	1432	0	1	0	1	0	0	1	25	222	6	37	32512	992	0	0	0	992
964	1441	0	1	0	1	0	0	1	25	222	6	37	32512	992	0	0	0	992
964	1442	0	1	0	1	0	0	1	25	222	6	37	32512	992	0	0	0	992
964	1444	0	1	0	1	0	0	1	25	222	6	37	32512	992	0	0	0	992
964	1448	0	1	0	1	0	0	1	25	222	6	37	32512	992	0	0	0	992
964	1456	0	1	0	1	0	0	1	25	222	6	37	32512	992	0	0	0	992
964	1473	0	1	0	1	0	0	1	25	222	6	37	32512	992	0	0	0	992
964	1474	0	1	0	1	0	0	1	25	222	6	37	32512	992	0	0	0	992
964	1476	0	1	0	1	0	0	1	25	222	6	37	32512	992	0	0	0	992
964	1480	0	1	0	1	0	0	1	25	222	6	37	32512	992	0	0	0	992
964	1488	0	1	0	1	0	0	1	25	222	6	37	32512	992	0	0	0	992
964	1504	0	1	0	1	0	0	1	25	222	6	37	32512	992	0	0	0	992
964	1543	0	1	0	1	0	0	1	25	222	6	37	32512	992	0	0	0	992
964	1547	0	1	0	1	0	0	1	25	222	6	37	32512	992	0	0	0	992
964	1549	0	1	0	1	0	0	1	25	222	6	37	32512	992	0	0	0	992
964	1550	0	1	0	1	0	0	1	25	222	6	37	32512	992	0	0	0	992
964	1555	0	1	0	1	0	0	1	25	222	6	37	32512	992	0	0	0	992
964	1557	0	1	0	1	0	0	1	25	222	6	37	32512	992	0	0	0	992
964	1558	0	1	0	1	0	0	1	25	222	6	37	32512	992	0	0	0	992
964	1561	0	1	0	1	0	0	1	25	222	6	37	32512	992	0	0	0	992
964	1562	0	1	0	1	0	0	1	25	222	6	37	32512	992	0	0	0	992
964	1564	0	1	0	1	0	0	1	25	222	6	37	32512	992	0	0	0	992
964	1571	0	1	0	1	0	0	1	25	222	6	37	32512	992	0	0	0	992
964	1573	0	1	0	1	0	0	1	25	222	6	37	32512	992	0	0	0	992
964	1574	0	1	0	1	0	0	1	25	222	6	37	32512	992	0	0	0	992
964	1577	0	1	0	1	0	0	1	25	222	6	37	32512	992	0	0	0	992
964	1578	0	1	0	1	0	0	1	25	222	6	37	32512	992	0	0	0	992
964	1580	0	1	0	1	0	0	1	25	222	6	37	32512	992	0	0	0	992
964	1585	0	1	0	1	0	0	1	25	222	6	37	32512	992	0	0	0	992
964	1586	0	1	0	1	0	0	1	25	222	6	37	32512	992	0	0	0	992
964	1588	0	1	0	1	0	0	1	25	222	6	37	32512	992	0	0	0	992
964	1592	0	1	0	1	0	0	1	25	222	6	37	32512	992	0	0	0	992
964	1603	0	1	0	1	0	0	1	25	222	6	37	32512	992	0	0	0	992
964	1605	0	1	0	1	0	0	1	25	222	6	37	32512	992	0	0	0	992
964	1606	0	1	0	1	0	0	1	25	222	6	37	32512	992	0	0	0	992
964	1609	0	1	0	1	0	0	1	25	222	6	37	32512	992	0	0	0	992
964	1610	0	1	0	1	0	0	1	25	222	6	37	32512	992	0	0	0	992
964	1612	0	1	0	1	0	0	1	25	222	6	37	32512	992	0	0	0	992
964	1617	0	1	0	1	0	0	1	25	222	6	37	32512	992	0	0	0	992
964	1618	0	1	0	1	0	0	1	25	222	6	37	32512	992	0	0	0	992
964	1620	0	1	0	1	0	0	1	25	222	6	37	32512	992	0	0	0	992
964	1624	0	1	0	1	0	0	1	25	222	6	37	32512	992	0	0	0	992
964	1633	0	1	0	1	0	0	1	25	222	6	37	32512	992	0	0	0	992
964	1634	0	1	0	1	0	0	1	25	222	6	37	32512	992	0	0	0	992
964	1636	0	1	0	1	0	0	1	25	222	6	37	32512	992	0	0	0	992
964	1640	0	1	0	1	0	0	1	25	222	6	37	32512	992	0	0	0	992
964	1648	0	1	0	1	0	0	1	25	222	6	37	32512	992	0	0	0	992
964	1667	0	1	0	1	0	0	1	25	222	6	37	32512	992	0	0	0	992
964	1669	0	1	0	1	0	0	1	25	222	6	37	32512	992	0	0	0	992
964	1670	0	1	0	1	0	0	1	25	222	6	37	32512	992	0	0	0	992
964	1673	0	1	0	1	0	0	1	25	222	6	37	32512	992	0	0	0	992
964	1674	0	1	0	1	0	0	1	25	222	6	37	32512	992	0	0	0	992
964	1676	0	1	0	1	0	0	1	25	222	6	37	32512	992	0	0	0	992
964	1681	0	1	0	1	0	0	1	25	222	6	37	32512	992	0	0	0	992
964	1682	0	1	0	1	0	0	1	25	222	6	37	32512	992	0	0	0	992
964	1684	0	1	0	1	0	0	1	25	222	6	37	32512	992	0	0	0	992
964	1688	0	1	0	1	0	0	1	25	222	6	37	32512	992	0	0	0	992
964	1697	0	1	0	1	0	0	1	25	222	6	37	32512	992	0	0	0	992
964	1698	0	1	0	1	0	0	1	25	222	6	37	32512	992	0	0	0	992
964	1700	0	1	0	1	0	0	1	25	222	6	37	32512	992	0	0	0	992
964	1704	0	1	0	1	0	0	1	25	222	6	37	32512	992	0	0	0	992
964	1712	0	1	0	1	0	0	1	25	222	6	37	32512	992	0	0	0	992
964	1729	0	1	0	1	0	0	1	25	222	6	37	32512	992	0	0	0	992
964	1730	0	1	0	1	0	0	1	25	222	6	37	32512	992	0	0	0	992
964	1732	0	1	0	1	0	0	1	25	222	6	37	32512	992	0	0	0	992
964	1736	0	1	0	1	0	0	1	25	222	6	37	32512	992	0	0	0	992
964	1744	0	1	0	1	0	0	1	25	222	6	37	32512	992	0	0	0	992
964	1760	0	1	0	1	0	0	1	25	222	6	37	32512	992	0	0	0	992
964	1795	0	1	0	1	0	0	1	26	222	6	38	32512	960	0	0	0	960
964	1797	0	1	0	1	0	0	1	26	222	6	38	32512	960	0	0	0	960
964	1798	0	1	0	1	0	0	1	26	222	6	38	32512	960	0	0	0	960
964	1801	0	1	0	1	0	0	1	26	222	6	38	32512	960	0	0	0	960
964	1802	0	1	0	1	0	0	1	26	222	6	38	32512	960	0	0	0	960
964	1804	0	1	0	1	0	0	1	26	222	6	38	32512	960	0	0	0	960
964	1809	0	1	0	1	0	0	1	26	222	6	38	32512	960	0	0	0	960
964	1810	0	1	0	1	0	0	1	26	222	6	38	32512	960	0	0	0	960
964	1812	0	1	0	1	0	0	1	26	222	6	38	32512	960	0	0	0	960
964	1816	0	1	0	1	0	0	1	26	222	6	38	32512	960	0	0	0	960
964	1825	0	1	0	1	0	0	1	26	222	6	38	32512	960	0	0	0	960
964	1826	0	1	0	1	0	0	1	26	222	6	38	32512	960	0	0	0	960
964	1828	0	1	0	1	0	0	1	26	222	6	38	32512	960	0	0	0	960
964	1832	0	1	0	1	0	0	1	26	222	6	38	32512	960	0	0	0	960
964	1840	0	1	0	1	0	0	1	26	222	6	38	32512	960	0	0	0	960
964	1857	0	1	0	1	0	0	1	26	222	6	38	32512	960	0	0	0	960
964	1858	0	1	0	1	0	0	1	26	222	6	38	32512	960	0	0	0	960
964	1860	0	1	0	1	0	0	1	26	222	6	38	32512	960	0	0	0	960
964	1864	0	1	0	1	0	0	1	26	222	6	38	32512	960	0	0	0	960
964	1872	0	1	0	1	0	0	1	26	222	6	38	32512	960	0	0	0	960
964	1888	0	1	0	1	0	0	1	26	222	6	38	32512	960	0	0	0	960
964	1921	0	1	0	1	0	0	1	26	222	6	38	32512	960	0	0	0	960
964	1922	0	1	0	1	0	0	1	26	222	6	38	32512	960	0	0	0	960
964	1924	0	1	0	1	0	0	1	26	222	6	38	32512	960	0	0	0	960
964	1928	0	1	0	1	0	0	1	26	222	6	38	32512	960	0	0	0	960
964	1936	0	1	0	1	0	0	1	26	222	6	38	32512	960	0	0	0	960
964	1952	0	1	0	1	0	0	1	26	222	6	38	32512	960	0	0	0	960
964	1984	0	1	0	1	0	0	1	26	222	6	38	32512	960	0	0	0	960
964	2063	0	1	0	1	0	0	1	28	75	4	36	32512	1008	0	0	0	1008
964	2071	0	1	0	1	0	0	1	28	75	4	36	32512	1008	0	0	0	1008
964	2075	0	1	0	1	0	0	1	28	75	4	36	32512	1008	0	0	0	1008
964	2077	0	1	0	1	0	0	1	28	75	4	36	32512	1008	0	0	0	1008
964	2078	0	1	0	1	0	0	1	28	75	4	36	32512	1008	0	0	0	1008
964	2087	0	1	0	1	0	0	1	28	75	4	36	32512	1008	0	0	0	1008
964	2091	0	1	0	1	0	0	1	28	75	4	36	32512	1008	0	0	0	1008
964	2093	0	1	0	1	0	0	1	28	75	4	36	32512	1008	0	0	0	1008
964	2094	0	1	0	1	0	0	1	28	75	4	36	32512	1008	0	0	0	1008
964	2099	0	1	0	1	0	0	1	28	75	4	36	32512	1008	0	0	0	1008
964	2101	0	1	0	1	0	0	1	28	75	4	36	32512	1008	0	0	0	1008
964	2102	0	1	0	1	0	0	1	28	75	4	36	32512	1008	0	0	0	1008
964	2105	0	1	0	1	0	0	1	28	75	4	36	32512	1008	0	0	0	1008
964	2106	0	1	0	1	0	0	1	28	75	4	36	32512	1008	0	0	0	1008
964	2108	0	1	0	1	0	0	1	28	75	4	36	32512	1008	0	0	0	1008
964	2119	0	1	0	1	0	0	1	28	75	4	36	32512	1008	0	0	0	1008
964	2123	0	1	0	1	0	0	1	28	75	4	36	32512	1008	0	0	0	1008
964	2125	0	1	0	1	0	0	1	28	75	4	36	32512	1008	0	0	0	1008
964	2126	0	1	0	1	0	0	1	28	75	4	36	32512	1008	0	0	0	1008
964	2131	0	1	0	1	0	0	1	28	75	4	36	32512	1008	0	0	0	1008
964	2133	0	1	0	1	0	0	1	28	75	4	36	32512	1008	0	0	0	1008
964	2134	0	1	0	1	0	0	1	28	75	4	36	32512	1008	0	0	0	1008
964	2137	0	1	0	1	0	0	1	28	75	4	36	32512	1008	0	0	0	1008
964	2138	0	1	0	1	0	0	1	28	75	4	36	32512	1008	0	0	0	1008
964	2140	0	1	0	1	0	0	1	28	75	4	36	32512	1008	0	0	0	1008
964	2147	0	1	0	1	0	0	1	28	75	4	36	32512	1008	0	0	0	1008
964	2149	0	1	0	1	0	0	1	28	75	4	36	32512	1008	0	0	0	1008
964	2150	0	1	0	1	0	0	1	28	75	4	36	32512	1008	0	0	0	1008
964	2153	0	1	0	1	0	0	1	28	75	4	36	32512	1008	0	0	0	1008
964	2154	0	1	0	1	0	0	1	28	75	4	36	32512	1008	0	0	0	1008
964	2156	0	1	0	1	0	0	1	28	75	4	36	32512	1008	0	0	0	1008
964	2161	0	1	0	1	0	0	1	28	75	4	36	32512	1008	0	0	0	1008
964	2162	0	1	0	1	0	0	1	28	75	4	36	32512	1008	0	0	0	1008
964	2164	0	1	0	1	0	0	1	28	75	4	36	32512	1008	0	0	0	1008
964	2168	0	1	0	1	0	0	1	28	75	4	36	32512	1008	0	0	0	1008
964	2183	0	1	0	1	0	0	1	28	75	4	36	32512	1008	0	0	0	1008
964	2187	0	1	0	1	0	0	1	28	75	4	36	32512	1008	0	0	0	1008
964	2189	0	1	0	1	0	0	1	28	75	4	36	32512	1008	0	0	0	1008
964	2190	0	1	0	1	0	0	1	28	75	4	36	32512	1008	0	0	0	1008
964	2195	0	1	0	1	0	0	1	28	75	4	36	32512	1008	0	0	0	1008
964	2197	0	1	0	1	0	0	1	28	75	4	36	32512	1008	0	0	0	1008
964	2198	0	1	0	1	0	0	1	28	75	4	36	32512	1008	0	0	0	1008
964	2201	0	1	0	1	0	0	1	28	75	4	36	32512	1008	0	0	0	1008
964	2202	0	1	0	1	0	0	1	28	75	4	36	32512	1008	0	0	0	1008
964	2204	0	1	0	1	0	0	1	28	75	4	36	32512	1008	0	0	0	1008
964	2211	0	1	0	1	0	0	1	28	75	4	36	32512	1008	0	0	0	1008
964	2213	0	1	0	1	0	0	1	28	75	4	36	32512	1008	0	0	0	1008
964	2214	0	1	0	1	0	0	1	28	75	4	36	32512	1008	0	0	0	1008
964	2217	0	1	0	1	0	0	1	28	75	4	36	32512	1008	0	0	0	1008
964	2218	0	1	0	1	0	0	1	28	75	4	36	32512	1008	0	0	0	1008
964	2220	0	1	0	1	0	0	1	28	75	4	36	32512	1008	0	0	0	1008
964	2225	0	1	0	1	0	0	1	28	75	4	36	32512	1008	0	0	0	1008
964	2226	0	1	0	1	0	0	1	28	75	4	36	32512	1008	0	0	0	1008
964	2228	0	1	0	1	0	0	1	28	75	4	36	32512	1008	0	0	0	1008
964	2232	0	1	0	1	0	0	1	28	75	4	36	32512	1008	0	0	0	1008
964	2243	0	1	0	1	0	0	1	28	75	4	36	32512	1008	0	0	0	1008
964	2245	0	1	0	1	0	0	1	28	75	4	36	32512	1008	0	0	0	1008
964	2246	0	1	0	1	0	0	1	28	75	4	36	32512	1008	0	0	0	1008
964	2249	0	1	0	1	0	0	1	28	75	4	36	32512	1008	0	0	0	1008
964	2250	0	1	0	1	0	0	1	28	75	4	36	32512	1008	0	0	0	1008
964	2252	0	1	0	1	0	0	1	28	75	4	36	32512	1008	0	0	0	1008
964	2257	0	1	0	1	0	0	1	28	75	4	36	32512	1008	0	0	0	1008
964	2258	0	1	0	1	0	0	1	28	75	4	36	32512	1008	0	0	0	1008
964	2260	0	1	0	1	0	0	1	28	75	4	36	32512	1008	0	0	0	1008
964	2264	0	1	0	1	0	0	1	28	75	4	36	32512	1008	0	0	0	1008
964	2273	0	1	0	1	0	0	1	28	75	4	36	32512	1008	0	0	0	1008
964	2274	0	1	0	1	0	0	1	28	75	4	36	32512	1008	0	0	0	1008
964	2276	0	1	0	1	0	0	1	28	75	4	36	32512	1008	0	0	0	1008
964	2280	0	1	0	1	0	0	1	28	75	4	36	32512	1008	0	0	0	1008
964	2288	0	1	0	1	0	0	1	28	75	4	36	32512	1008	0	0	0	1008
964	2311	0	1	0	1	0	0	1	25	222	6	37	32512	992	0	0	0	992
964	2315	0	1	0	1	0	0	1	25	222	6	37	32512	992	0	0	0	992
964	2317	0	1	0	1	0	0	1	25	222	6	37	32512	992	0	0	0	992
964	2318	0	1	0	1	0	0	1	25	222	6	37	32512	992	0	0	0	992
964	2323	0	1	0	1	0	0	1	25	222	6	37	32512	992	0	0	0	992
964	2325	0	1	0	1	0	0	1	25	222	6	37	32512	992	0	0	0	992
964	2326	0	1	0	1	0	0	1	25	222	6	37	32512	992	0	0	0	992
964	2329	0	1	0	1	0	0	1	25	222	6	37	32512	992	0	0	0	992
964	2330	0	1	0	1	0	0	1	25	222	6	37	32512	992	0	0	0	992
964	2332	0	1	0	1	0	0	1	25	222	6	37	32512	992	0	0	0	992
964	2339	0	1	0	1	0	0	1	25	222	6	37	32512	992	0	0	0	992
964	2341	0	1	0	1	0	0	1	25	222	6	37	32512	992	0	0	0	992
964	2342	0	1	0	1	0	0	1	25	222	6	37	32512	992	0	0	0	992
964	2345	0	1	0	1	0	0	1	25	222	6	37	32512	992	0	0	0	992
964	2346	0	1	0	1	0	0	1	25	222	6	37	32512	992	0	0	0	992
964	2348	0	1	0	1	0	0	1	25	222	6	37	32512	992	0	0	0	992
964	2353	0	1	0	1	0	0	1	25	222	6	37	32512	992	0	0	0	992
964	2354	0	1	0	1	0	0	1	25	222	6	37	32512	992	0	0	0	992
964	2356	0	1	0	1	0	0	1	25	222	6	37	32512	992	0	0	0	992
964	2360	0	1	0	1	0	0	1	25	222	6	37	32512	992	0	0	0	992
964	2371	0	1	0	1	0	0	1	25	222	6	37	32512	992	0	0	0	992
964	2373	0	1	0	1	0	0	1	25	222	6	37	32512	992	0	0	0	992
964	2374	0	1	0	1	0	0	1	25	222	6	37	32512	992	0	0	0	992
964	2377	0	1	0	1	0	0	1	25	222	6	37	32512	992	0	0	0	992
964	2378	0	1	0	1	0	0	1	25	222	6	37	32512	992	0	0	0	992
964	2380	0	1	0	1	0	0	1	25	222	6	37	32512	992	0	0	0	992
964	2385	0	1	0	1	0	0	1	25	222	6	37	32512	992	0	0	0	992
964	2386	0	1	0	1	0	0	1	25	222	6	37	32512	992	0	0	0	992
964	2388	0	1	0	1	0	0	1	25	222	6	37	32512	992	0	0	0	992
964	2392	0	1	0	1	0	0	1	25	222	6	37	32512	992	0	0	0	992
964	2401	0	1	0	1	0	0	1	25	222	6	37	32512	992	0	0	0	992
964	2402	0	1	0	1	0	0	1	25	222	6	37	32512	992	0	0	0	992
964	2404	0	1	0	1	0	0	1	25	222	6	37	32512	992	0	0	0	992
964	2408	0	1	0	1	0	0	1	25	222	6	37	32512	992	0	0	0	992
964	2416	0	1	0	1	0	0	1	25	222	6	37	32512	992	0	0	0	992
964	2435	0	1	0	1	0	0	1	25	222	6	37	32512	992	0	0	0	992
964	2437	0	1	0	1	0	0	1	25	222	6	37	32512	992	0	0	0	992
964	2438	0	1	0	1	0	0	1	25	222	6	37	32512	992	0	0	0	992
964	2441	0	1	0	1	0	0	1	25	222	6	37	32512	992	0	0	0	992
964	2442	0	1	0	1	0	0	1	25	222	6	37	32512	992	0	0	0	992
964	2444	0	1	0	1	0	0	1	25	222	6	37	32512	992	0	0	0	992
964	2449	0	1	0	1	0	0	1	25	222	6	37	32512	992	0	0	0	992
964	2450	0	1	0	1	0	0	1	25	222	6	37	32512	992	0	0	0	992
964	2452	0	1	0	1	0	0	1	25	222	6	37	32512	992	0	0	0	992
964	2456	0	1	0	1	0	0	1	25	222	6	37	32512	992	0	0	0	992
964	2465	0	1	0	1	0	0	1	25	222	6	37	32512	992	0	0	0	992
964	2466	0	1	0	1	0	0	1	25	222	6	37	32512	992	0	0	0	992
964	2468	0	1	0	1	0	0	1	25	222	6	37	32512	992	0	0	0	992
964	2472	0	1	0	1	0	0	1	25	222	6	37	32512	992	0	0	0	992
964	2480	0	1	0	1	0	0	1	25	222	6	37	32512	992	0	0	0	992
964	2497	0	1	0	1	0	0	1	25	222	6	37	32512	992	0	0	0	992
964	2498	0	1	0	1	0	0	1	25	222	6	37	32512	992	0	0	0	992
964	2500	0	1	0	1	0	0	1	25	222	6	37	32512	992	0	0	0	992
964	2504	0	1	0	1	0	0	1	25	222	6	37	32512	992	0	0	0	992
964	2512	0	1	0	1	0	0	1	25	222	6	37	32512	992	0	0	0	992
964	2528	0	1	0	1	0	0	1	25	222	6	37	32512	992	0	0	0	992
964	2567	0	1	0	1	0	0	1	25	222	6	37	32512	992	0	0	0	992
964	2571	0	1	0	1	0	0	1	25	222	6	37	32512	992	0	0	0	992
964	2573	0	1	0	1	0	0	1	25	222	6	37	32512	992	0	0	0	992
964	2574	0	1	0	1	0	0	1	25	222	6	37	32512	992	0	0	0	992
964	2579	0	1	0	1	0	0	1	25	222	6	37	32512	992	0	0	0	992
964	2581	0	1	0	1	0	0	1	25	222	6	37	32512	992	0	0	0	992
964	2582	0	1	0	1	0	0	1	25	222	6	37	32512	992	0	0	0	992
964	2585	0	1	0	1	0	0	1	25	222	6	37	32512	992	0	0	0	992
964	2586	0	1	0	1	0	0	1	25	222	6	37	32512	992	0	0	0	992
964	2588	0	1	0	1	0	0	1	25	222	6	37	32512	992	0	0	0	992
964	2595	0	1	0	1	0	0	1	25	222	6	37	32512	992	0	0	0	992
964	2597	0	1	0	1	0	0	1	25	222	6	37	32512	992	0	0	0	992
964	2598	0	1	0	1	0	0	1	25	222	6	37	32512	992	0	0	0	992
964	2601	0	1	0	1	0	0	1	25	222	6	37	32512	992	0	0	0	992
964	2602	0	1	0	1	0	0	1	25	222	6	37	32512	992	0	0	0	992
964	2604	0	1	0	1	0	0	1	25	222	6	37	32512	992	0	0	0	992
964	2609	0	1	0	1	0	0	1	25	222	6	37	32512	992	0	0	0	992
964	2610	0	1	0	1	0	0	1	25	222	6	37	32512	992	0	0	0	992
964	2612	0	1	0	1	0	0	1	25	222	6	37	32512	992	0	0	0	992
964	2616	0	1	0	1	0	0	1	25	222	6	37	32512	992	0	0	0	992
964	2627	0	1	0	1	0	0	1	25	222	6	37	32512	992	0	0	0	992
964	2629	0	1	0	1	0	0	1	25	222	6	37	32512	992	0	0	0	992
964	2630	0	1	0	1	0	0	1	25	222	6	37	32512	992	0	0	0	992
964	2633	0	1	0	1	0	0	1	25	222	6	37	32512	992	0	0	0	992
964	2634	0	1	0	1	0	0	1	25	222	6	37	32512	992	0	0	0	992
964	2636	0	1	0	1	0	0	1	25	222	6	37	32512	992	0	0	0	992
964	2641	0	1	0	1	0	0	1	25	222	6	37	32512	992	0	0	0	992
964	2642	0	1	0	1	0	0	1	25	222	6	37	32512	992	0	0	0	992
964	2644	0	1	0	1	0	0	1	25	222	6	37	32512	992	0	0	0	992
964	2648	0	1	0	1	0	0	1	25	222	6	37	32512	992	0	0	0	992
964	2657	0	1	0	1	0	0	1	25	222	6	37	32512	992	0	0	0	992
964	2658	0	1	0	1	0	0	1	25	222	6	37	32512	992	0	0	0	992
964	2660	0	1	0	1	0	0	1	25	222	6	37	32512	992	0	0	0	992
964	2664	0	1	0	1	0	0	1	25	222	6	37	32512	992	0	0	0	992
964	2672	0	1	0	1	0	0	1	25	222	6	37	32512	992	0	0	0	992
964	2691	0	1	0	1	0	0	1	25	222	6	37	32512	992	0	0	0	992
964	2693	0	1	0	1	0	0	1	25	222	6	37	32512	992	0	0	0	992
964	2694	0	1	0	1	0	0	1	25	222	6	37	32512	992	0	0	0	992
964	2697	0	1	0	1	0	0	1	25	222	6	37	32512	992	0	0	0	992
964	2698	0	1	0	1	0	0	1	25	222	6	37	32512	992	0	0	0	992
964	2700	0	1	0	1	0	0	1	25	222	6	37	32512	992	0	0	0	992
964	2705	0	1	0	1	0	0	1	25	222	6	37	32512	992	0	0	0	992
964	2706	0	1	0	1	0	0	1	25	222	6	37	32512	992	0	0	0	992
964	2708	0	1	0	1	0	0	1	25	222	6	37	32512	992	0	0	0	992
964	2712	0	1	0	1	0	0	1	25	222	6	37	32512	992	0	0	0	992
964	2721	0	1	0	1	0	0	1	25	222	6	37	32512	992	0	0	0	992
964	2722	0	1	0	1	0	0	1	25	222	6	37	32512	992	0	0	0	992
964	2724	0	1	0	1	0	0	1	25	222	6	37	32512	992	0	0	0	992
964	2728	0	1	0	1	0	0	1	25	222	6	37	32512	992	0	0	0	992
964	2736	0	1	0	1	0	0	1	25	222	6	37	32512	992	0	0	0	992
964	2753	0	1	0	1	0	0	1	25	222	6	37	32512	992	0	0	0	992
964	2754	0	1	0	1	0	0	1	25	222	6	37	32512	992	0	0	0	992
964	2756	0	1	0	1	0	0	1	25	222	6	37	32512	992	0	0	0	992
964	2760	0	1	0	1	0	0	1	25	222	6	37	32512	992	0	0	0	992
964	2768	0	1	0	1	0	0	1	25	222	6	37	32512	992	0	0	0	992
964	2784	0	1	0	1	0	0	1	25	222	6	37	32512	992	0	0	0	992
964	2819	0	1	0	1	0	0	1	26	222	6	38	32512	960	0	0	0	960
964	2821	0	1	0	1	0	0	1	26	222	6	38	32512	960	0	0	0	960
964	2822	0	1	0	1	0	0	1	26	222	6	38	32512	960	0	0	0	960
964	2825	0	1	0	1	0	0	1	26	222	6	38	32512	960	0	0	0	960
964	2826	0	1	0	1	0	0	1	26	222	6	38	32512	960	0	0	0	960
964	2828	0	1	0	1	0	0	1	26	222	6	38	32512	960	0	0	0	960
964	2833	0	1	0	1	0	0	1	26	222	6	38	32512	960	0	0	0	960
964	2834	0	1	0	1	0	0	1	26	222	6	38	32512	960	0	0	0	960
964	2836	0	1	0	1	0	0	1	26	222	6	38	32512	960	0	0	0	960
964	2840	0	1	0	1	0	0	1	26	222	6	38	32512	960	0	0	0	960
964	2849	0	1	0	1	0	0	1	26	222	6	38	32512	960	0	0	0	960
964	2850	0	1	0	1	0	0	1	26	222	6	38	32512	960	0	0	0	960
964	2852	0	1	0	1	0	0	1	26	222	6	38	32512	960	0	0	0	960
964	2856	0	1	0	1	0	0	1	26	222	6	38	32512	960	0	0	0	960
964	2864	0	1	0	1	0	0	1	26	222	6	38	32512	960	0	0	0	960
964	2881	0	1	0	1	0	0	1	26	222	6	38	32512	960	0	0	0	960
964	2882	0	1	0	1	0	0	1	26	222	6	38	32512	960	0	0	0	960
964	2884	0	1	0	1	0	0	1	26	222	6	38	32512	960	0	0	0	960
964	2888	0	1	0	1	0	0	1	26	222	6	38	32512	960	0	0	0	960
964	2896	0	1	0	1	0	0	1	26	222	6	38	32512	960	0	0	0	960
964	2912	0	1	0	1	0	0	1	26	222	6	38	32512	960	0	0	0	960
964	2945	0	1	0	1	0	0	1	26	222	6	38	32512	960	0	0	0	960
964	2946	0	1	0	1	0	0	1	26	222	6	38	32512	960	0	0	0	960
964	2948	0	1	0	1	0	0	1	26	222	6	38	32512	960	0	0	0	960
964	2952	0	1	0	1	0	0	1	26	222	6	38	32512	960	0	0	0	960
964	2960	0	1	0	1	0	0	1	26	222	6	38	32512	960	0	0	0	960
964	2976	0	1	0	1	0	0	1	26	222	6	38	32512	960	0	0	0	960
964	3008	0	1	0	1	0	0	1	26	222	6	38	32512	960	0	0	0	960
964	3079	0	1	0	1	0	0	1	25	222	6	37	32512	992	0	0	0	992
964	3083	0	1	0	1	0	0	1	25	222	6	37	32512	992	0	0	0	992
964	3085	0	1	0	1	0	0	1	25	222	6	37	32512	992	0	0	0	992
964	3086	0	1	0	1	0	0	1	25	222	6	37	32512	992	0	0	0	992
964	3091	0	1	0	1	0	0	1	25	222	6	37	32512	992	0	0	0	992
964	3093	0	1	0	1	0	0	1	25	222	6	37	32512	992	0	0	0	992
964	3094	0	1	0	1	0	0	1	25	222	6	37	32512	992	0	0	0	992
964	3097	0	1	0	1	0	0	1	25	222	6	37	32512	992	0	0	0	992
964	3098	0	1	0	1	0	0	1	25	222	6	37	32512	992	0	0	0	992
964	3100	0	1	0	1	0	0	1	25	222	6	37	32512	992	0	0	0	992
964	3107	0	1	0	1	0	0	1	25	222	6	37	32512	992	0	0	0	992
964	3109	0	1	0	1	0	0	1	25	222	6	37	32512	992	0	0	0	992
964	3110	0	1	0	1	0	0	1	25	222	6	37	32512	992	0	0	0	992
964	3113	0	1	0	1	0	0	1	25	222	6	37	32512	992	0	0	0	992
964	3114	0	1	0	1	0	0	1	25	222	6	37	32512	992	0	0	0	992
964	3116	0	1	0	1	0	0	1	25	222	6	37	32512	992	0	0	0	992
964	3121	0	1	0	1	0	0	1	25	222	6	37	32512	992	0	0	0	992
964	3122	0	1	0	1	0	0	1	25	222	6	37	32512	992	0	0	0	992
964	3124	0	1	0	1	0	0	1	25	222	6	37	32512	992	0	0	0	992
964	3128	0	1	0	1	0	0	1	25	222	6	37	32512	992	0	0	0	992
964	3139	0	1	0	1	0	0	1	25	222	6	37	32512	992	0	0	0	992
964	3141	0	1	0	1	0	0	1	25	222	6	37	32512	992	0	0	0	992
964	3142	0	1	0	1	0	0	1	25	222	6	37	32512	992	0	0	0	992
964	3145	0	1	0	1	0	0	1	25	222	6	37	32512	992	0	0	0	992
964	3146	0	1	0	1	0	0	1	25	222	6	37	32512	992	0	0	0	992
964	3148	0	1	0	1	0	0	1	25	222	6	37	32512	992	0	0	0	992
964	3153	0	1	0	1	0	0	1	25	222	6	37	32512	992	0	0	0	992
964	3154	0	1	0	1	0	0	1	25	222	6	37	32512	992	0	0	0	992
964	3156	0	1	0	1	0	0	1	25	222	6	37	32512	992	0	0	0	992
964	3160	0	1	0	1	0	0	1	25	222	6	37	32512	992	0	0	0	992
964	3169	0	1	0	1	0	0	1	25	222	6	37	32512	992	0	0	0	992
964	3170	0	1	0	1	0	0	1	25	222	6	37	32512	992	0	0	0	992
964	3172	0	1	0	1	0	0	1	25	222	6	37	32512	992	0	0	0	992
964	3176	0	1	0	1	0	0	1	25	222	6	37	32512	992	0	0	0	992
964	3184	0	1	0	1	0	0	1	25	222	6	37	32512	992	0	0	0	992
964	3203	0	1	0	1	0	0	1	25	222	6	37	32512	992	0	0	0	992
964	3205	0	1	0	1	0	0	1	25	222	6	37	32512	992	0	0	0	992
964	3206	0	1	0	1	0	0	1	25	222	6	37	32512	992	0	0	0	992
964	3209	0	1	0	1	0	0	1	25	222	6	37	32512	992	0	0	0	992
964	3210	0	1	0	1	0	0	1	25	222	6	37	32512	992	0	0	0	992
964	3212	0	1	0	1	0	0	1	25	222	6	37	32512	992	0	0	0	992
964	3217	0	1	0	1	0	0	1	25	222	6	37	32512	992	0	0	0	992
964	3218	0	1	0	1	0	0	1	25	222	6	37	32512	992	0	0	0	992
964	3220	0	1	0	1	0	0	1	25	222	6	37	32512	992	0	0	0	992
964	3224	0	1	0	1	0	0	1	25	222	6	37	32512	992	0	0	0	992
964	3233	0	1	0	1	0	0	1	25	222	6	37	32512	992	0	0	0	992
964	3234	0	1	0	1	0	0	1	25	222	6	37	32512	992	0	0	0	992
964	3236	0	1	0	1	0	0	1	25	222	6	37	32512	992	0	0	0	992
964	3240	0	1	0	1	0	0	1	25	222	6	37	32512	992	0	0	0	992
964	3248	0	1	0	1	0	0	1	25	222	6	37	32512	992	0	0	0	992
964	3265	0	1	0	1	0	0	1	25	222	6	37	32512	992	0	0	0	992
964	3266	0	1	0	1	0	0	1	25	222	6	37	32512	992	0	0	0	992
964	3268	0	1	0	1	0	0	1	25	222	6	37	32512	992	0	0	0	992
964	3272	0	1	0	1	0	0	1	25	222	6	37	32512	992	0	0	0	992
964	3280	0	1	0	1	0	0	1	25	222	6	37	32512	992	0	0	0	992
964	3296	0	1	0	1	0	0	1	25	222	6	37	32512	992	0	0	0	992
964	3331	0	1	0	1	0	0	1	26	222	6	38	32512	960	0	0	0	960
964	3333	0	1	0	1	0	0	1	26	222	6	38	32512	960	0	0	0	960
964	3334	0	1	0	1	0	0	1	26	222	6	38	32512	960	0	0	0	960
964	3337	0	1	0	1	0	0	1	26	222	6	38	32512	960	0	0	0	960
964	3338	0	1	0	1	0	0	1	26	222	6	38	32512	960	0	0	0	960
964	3340	0	1	0	1	0	0	1	26	222	6	38	32512	960	0	0	0	960
964	3345	0	1	0	1	0	0	1	26	222	6	38	32512	960	0	0	0	960
964	3346	0	1	0	1	0	0	1	26	222	6	38	32512	960	0	0	0	960
964	3348	0	1	0	1	0	0	1	26	222	6	38	32512	960	0	0	0	960
964	3352	0	1	0	1	0	0	1	26	222	6	38	32512	960	0	0	0	960
964	3361	0	1	0	1	0	0	1	26	222	6	38	32512	960	0	0	0	960
964	3362	0	1	0	1	0	0	1	26	222	6	38	32512	960	0	0	0	960
964	3364	0	1	0	1	0	0	1	26	222	6	38	32512	960	0	0	0	960
964	3368	0	1	0	1	0	0	1	26	222	6	38	32512	960	0	0	0	960
964	3376	0	1	0	1	0	0	1	26	222	6	38	32512	960	0	0	0	960
964	3393	0	1	0	1	0	0	1	26	222	6	38	32512	960	0	0	0	960
964	3394	0	1	0	1	0	0	1	26	222	6	38	32512	960	0	0	0	960
964	3396	0	1	0	1	0	0	1	26	222	6	38	32512	960	0	0	0	960
964	3400	0	1	0	1	0	0	1	26	222	6	38	32512	960	0	0	0	960
964	3408	0	1	0	1	0	0	1	26	222	6	38	32512	960	0	0	0	960
964	3424	0	1	0	1	0	0	1	26	222	6	38	32512	960	0	0	0	960
964	3457	0	1	0	1	0	0	1	26	222	6	38	32512	960	0	0	0	960
964	3458	0	1	0	1	0	0	1	26	222	6	38	32512	960	0	0	0	960
964	3460	0	1	0	1	0	0	1	26	222	6	38	32512	960	0	0	0	960
964	3464	0	1	0	1	0	0	1	26	222	6	38	32512	960	0	0	0	960
964	3472	0	1	0	1	0	0	1	26	222	6	38	32512	960	0	0	0	960
964	3488	0	1	0	1	0	0	1	26	222	6	38	32512	960	0	0	0	960
964	3520	0	1	0	1	0	0	1	26	222	6	38	32512	960	0	0	0	960
964	3587	0	1	0	1	0	0	1	26	222	6	38	32512	960	0	0	0	960
964	3589	0	1	0	1	0	0	1	26	222	6	38	32512	960	0	0	0	960
964	3590	0	1	0	1	0	0	1	26	222	6	38	32512	960	0	0	0	960
964	3593	0	1	0	1	0	0	1	26	222	6	38	32512	960	0	0	0	960
964	3594	0	1	0	1	0	0	1	26	222	6	38	32512	960	0	0	0	960
964	3596	0	1	0	1	0	0	1	26	222	6	38	32512	960	0	0	0	960
964	3601	0	1	0	1	0	0	1	26	222	6	38	32512	960	0	0	0	960
964	3602	0	1	0	1	0	0	1	26	222	6	38	32512	960	0	0	0	960
964	3604	0	1	0	1	0	0	1	26	222	6	38	32512	960	0	0	0	960
964	3608	0	1	0	1	0	0	1	26	222	6	38	32512	960	0	0	0	960
964	3617	0	1	0	1	0	0	1	26	222	6	38	32512	960	0	0	0	960
964	3618	0	1	0	1	0	0	1	26	222	6	38	32512	960	0	0	0	960
964	3620	0	1	0	1	0	0	1	26	222	6	38	32512	960	0	0	0	960
964	3624	0	1	0	1	0	0	1	26	222	6	38	32512	960	0	0	0	960
964	3632	0	1	0	1	0	0	1	26	222	6	38	32512	960	0	0	0	960
964	3649	0	1	0	1	0	0	1	26	222	6	38	32512	960	0	0	0	960
964	3650	0	1	0	1	0	0	1	26	222	6	38	32512	960	0	0	0	960
964	3652	0	1	0	1	0	0	1	26	222	6	38	32512	960	0	0	0	960
964	3656	0	1	0	1	0	0	1	26	222	6	38	32512	960	0	0	0	960
964	3664	0	1	0	1	0	0	1	26	222	6	38	32512	960	0	0	0	960
964	3680	0	1	0	1	0	0	1	26	222	6	38	32512	960	0	0	0	960
964	3713	0	1	0	1	0	0	1	26	222	6	38	32512	960	0	0	0	960
964	3714	0	1	0	1	0	0	1	26	222	6	38	32512	960	0	0	0	960
964	3716	0	1	0	1	0	0	1	26	222	6	38	32512	960	0	0	0	960
964	3720	0	1	0	1	0	0	1	26	222	6	38	32512	960	0	0	0	960
964	3728	0	1	0	1	0	0	1	26	222	6	38	32512	960	0	0	0	960
964	3744	0	1	0	1	0	0	1	26	222	6	38	32512	960	0	0	0	960
964	3776	0	1	0	1	0	0	1	26	222	6	38	32512	960	0	0	0	960
964	3841	0	1	0	1	0	0	1	31	75	4	39	32512	896	0	0	0	896
964	3842	0	1	0	1	0	0	1	31	75	4	39	32512	896	0	0	0	896
964	3844	0	1	0	1	0	0	1	31	75	4	39	32512	896	0	0	0	896
964	3848	0	1	0	1	0	0	1	31	75	4	39	32512	896	0	0	0	896
964	3856	0	1	0	1	0	0	1	31	75	4	39	32512	896	0	0	0	896
964	3872	0	1	0	1	0	0	1	31	75	4	39	32512	896	0	0	0	896
964	3904	0	1	0	1	0	0	1	31	75	4	39	32512	896	0	0	0	896
964	3968	0	1	0	1	0	0	1	31	75	4	39	32512	896	0	0	0	896
964	4111	0	1	0	1	0	0	1	28	75	4	36	32512	1008	0	0	0	1008
964	4119	0	1	0	1	0	0	1	28	75	4	36	32512	1008	0	0	0	1008
964	4123	0	1	0	1	0	0	1	28	75	4	36	32512	1008	0	0	0	1008
964	4125	0	1	0	1	0	0	1	28	75	4	36	32512	1008	0	0	0	1008
964	4126	0	1	0	1	0	0	1	28	75	4	36	32512	1008	0	0	0	1008
964	4135	0	1	0	1	0	0	1	28	75	4	36	32512	1008	0	0	0	1008
964	4139	0	1	0	1	0	0	1	28	75	4	36	32512	1008	0	0	0	1008
964	4141	0	1	0	1	0	0	1	28	75	4	36	32512	1008	0	0	0	1008
964	4142	0	1	0	1	0	0	1	28	75	4	36	32512	1008	0	0	0	1008
964	4147	0	1	0	1	0	0	1	28	75	4	36	32512	1008	0	0	0	1008
964	4149	0	1	0	1	0	0	1	28	75	4	36	32512	1008	0	0	0	1008
964	4150	0	1	0	1	0	0	1	28	75	4	36	32512	1008	0	0	0	1008
964	4153	0	1	0	1	0	0	1	28	75	4	36	32512	1008	0	0	0	1008
964	4154	0	1	0	1	0	0	1	28	75	4	36	32512	1008	0	0	0	1008
964	4156	0	1	0	1	0	0	1	28	75	4	36	32512	1008	0	0	0	1008
964	4167	0	1	0	1	0	0	1	28	75	4	36	32512	1008	0	0	0	1008
964	4171	0	1	0	1	0	0	1	28	75	4	36	32512	1008	0	0	0	1008
964	4173	0	1	0	1	0	0	1	28	75	4	36	32512	1008	0	0	0	1008
964	4174	0	1	0	1	0	0	1	28	75	4	36	32512	1008	0	0	0	1008
964	4179	0	1	0	1	0	0	1	28	75	4	36	32512	1008	0	0	0	1008
964	4181	0	1	0	1	0	0	1	28	75	4	36	32512	1008	0	0	0	1008
964	4182	0	1	0	1	0	0	1	28	75	4	36	32512	1008	0	0	0	1008
964	4185	0	1	0	1	0	0	1	28	75	4	36	32512	1008	0	0	0	1008
964	4186	0	1	0	1	0	0	1	28	75	4	36	32512	1008	0	0	0	1008
964	4188	0	1	0	1	0	0	1	28	75	4	36	32512	1008	0	0	0	1008
964	4195	0	1	0	1	0	0	1	28	75	4	36	32512	1008	0	0	0	1008
964	4197	0	1	0	1	0	0	1	28	75	4	36	32512	1008	0	0	0	1008
964	4198	0	1	0	1	0	0	1	28	75	4	36	32512	1008	0	0	0	1008
964	4201	0	1	0	1	0	0	1	28	75	4	36	32512	1008	0	0	0	1008
964	4202	0	1	0	1	0	0	1	28	75	4	36	32512	1008	0	0	0	1008
964	4204	0	1	0	1	0	0	1	28	75	4	36	32512	1008	0	0	0	1008
964	4209	0	1	0	1	0	0	1	28	75	4	36	32512	1008	0	0	0	1008
964	4210	0	1	0	1	0	0	1	28	75	4	36	32512	1008	0	0	0	1008
964	4212	0	1	0	1	0	0	1	28	75	4	36	32512	1008	0	0	0	1008
964	4216	0	1	0	1	0	0	1	28	75	4	36	32512	1008	0	0	0	1008
964	4231	0	1	0	1	0	0	1	28	75	4	36	32512	1008	0	0	0	1008
964	4235	0	1	0	1	0	0	1	28	75	4	36	32512	1008	0	0	0	1008
964	4237	0	1	0	1	0	0	1	28	75	4	36	32512	1008	0	0	0	1008
964	4238	0	1	0	1	0	0	1	28	75	4	36	32512	1008	0	0	0	1008
964	4243	0	1	0	1	0	0	1	28	75	4	36	32512	1008	0	0	0	1008
964	4245	0	1	0	1	0	0	1	28	75	4	36	32512	1008	0	0	0	1008
964	4246	0	1	0	1	0	0	1	28	75	4	36	32512	1008	0	0	0	1008
964	4249	0	1	0	1	0	0	1	28	75	4	36	32512	1008	0	0	0	1008
964	4250	0	1	0	1	0	0	1	28	75	4	36	32512	1008	0	0	0	1008
964	4252	0	1	0	1	0	0	1	28	75	4	36	32512	1008	0	0	0	1008
964	4259	0	1	0	1	0	0	1	28	75	4	36	32512	1008	0	0	0	1008
964	4261	0	1	0	1	0	0	1	28	75	4	36	32512	1008	0	0	0	1008
964	4262	0	1	0	1	0	0	1	28	75	4	36	32512	1008	0	0	0	1008
964	4265	0	1	0	1	0	0	1	28	75	4	36	32512	1008	0	0	0	1008
964	4266	0	1	0	1	0	0	1	28	75	4	36	32512	1008	0	0	0	1008
964	4268	0	1	0	1	0	0	1	28	75	4	36	32512	1008	0	0	0	1008
964	4273	0	1	0	1	0	0	1	28	75	4	36	32512	1008	0	0	0	1008
964	4274	0	1	0	1	0	0	1	28	75	4	36	32512	1008	0	0	0	1008
964	4276	0	1	0	1	0	0	1	28	75	4	36	32512	1008	0	0	0	1008
964	4280	0	1	0	1	0	0	1	28	75	4	36	32512	1008	0	0	0	1008
964	4291	0	1	0	1	0	0	1	28	75	4	36	32512	1008	0	0	0	1008
964	4293	0	1	0	1	0	0	1	28	75	4	36	32512	1008	0	0	0	1008
964	4294	0	1	0	1	0	0	1	28	75	4	36	32512	1008	0	0	0	1008
964	4297	0	1	0	1	0	0	1	28	75	4	36	32512	1008	0	0	0	1008
964	4298	0	1	0	1	0	0	1	28	75	4	36	32512	1008	0	0	0	1008
964	4300	0	1	0	1	0	0	1	28	75	4	36	32512	1008	0	0	0	1008
964	4305	0	1	0	1	0	0	1	28	75	4	36	32512	1008	0	0	0	1008
964	4306	0	1	0	1	0	0	1	28	75	4	36	32512	1008	0	0	0	1008
964	4308	0	1	0	1	0	0	1	28	75	4	36	32512	1008	0	0	0	1008
964	4312	0	1	0	1	0	0	1	28	75	4	36	32512	1008	0	0	0	1008
964	4321	0	1	0	1	0	0	1	28	75	4	36	32512	1008	0	0	0	1008
964	4322	0	1	0	1	0	0	1	28	75	4	36	32512	1008	0	0	0	1008
964	4324	0	1	0	1	0	0	1	28	75	4	36	32512	1008	0	0	0	1008
964	4328	0	1	0	1	0	0	1	28	75	4	36	32512	1008	0	0	0	1008
964	4336	0	1	0	1	0	0	1	28	75	4	36	32512	1008	0	0	0	1008
964	4359	0	1	0	1	0	0	1	25	222	6	37	32512	992	0	0	0	992
964	4363	0	1	0	1	0	0	1	25	222	6	37	32512	992	0	0	0	992
964	4365	0	1	0	1	0	0	1	25	222	6	37	32512	992	0	0	0	992
964	4366	0	1	0	1	0	0	1	25	222	6	37	32512	992	0	0	0	992
964	4371	0	1	0	1	0	0	1	25	222	6	37	32512	992	0	0	0	992
964	4373	0	1	0	1	0	0	1	25	222	6	37	32512	992	0	0	0	992
964	4374	0	1	0	1	0	0	1	25	222	6	37	32512	992	0	0	0	992
964	4377	0	1	0	1	0	0	1	25	222	6	37	32512	992	0	0	0	992
964	4378	0	1	0	1	0	0	1	25	222	6	37	32512	992	0	0	0	992
964	4380	0	1	0	1	0	0	1	25	222	6	37	32512	992	0	0	0	992
964	4387	0	1	0	1	0	0	1	25	222	6	37	32512	992	0	0	0	992
964	4389	0	1	0	1	0	0	1	25	222	6	37	32512	992	0	0	0	992
964	4390	0	1	0	1	0	0	1	25	222	6	37	32512	992	0	0	0	992
964	4393	0	1	0	1	0	0	1	25	222	6	37	32512	992	0	0	0	992
964	4394	0	1	0	1	0	0	1	25	222	6	37	32512	992	0	0	0	992
964	4396	0	1	0	1	0	0	1	25	222	6	37	32512	992	0	0	0	992
964	4401	0	1	0	1	0	0	1	25	222	6	37	32512	992	0	0	0	992
964	4402	0	1	0	1	0	0	1	25	222	6	37	32512	992	0	0	0	992
964	4404	0	1	0	1	0	0	1	25	222	6	37	32512	992	0	0	0	992
964	4408	0	1	0	1	0	0	1	25	222	6	37	32512	992	0	0	0	992
964	4419	0	1	0	1	0	0	1	25	222	6	37	32512	992	0	0	0	992
964	4421	0	1	0	1	0	0	1	25	222	6	37	32512	992	0	0	0	992
964	4422	0	1	0	1	0	0	1	25	222	6	37	32512	992	0	0	0	992
964	4425	0	1	0	1	0	0	1	25	222	6	37	32512	992	0	0	0	992
964	4426	0	1	0	1	0	0	1	25	222	6	37	32512	992	0	0	0	992
964	4428	0	1	0	1	0	0	1	25	222	6	37	32512	992	0	0	0	992
964	4433	0	1	0	1	0	0	1	25	222	6	37	32512	992	0	0	0	992
964	4434	0	1	0	1	0	0	1	25	222	6	37	32512	992	0	0	0	992
964	4436	0	1	0	1	0	0	1	25	222	6	37	32512	992	0	0	0	992
964	4440	0	1	0	1	0	0	1	25	222	6	37	32512	992	0	0	0	992
964	4449	0	1	0	1	0	0	1	25	222	6	37	32512	992	0	0	0	992
964	4450	0	1	0	1	0	0	1	25	222	6	37	32512	992	0	0	0	992
964	4452	0	1	0	1	0	0	1	25	222	6	37	32512	992	0	0	0	992
964	4456	0	1	0	1	0	0	1	25	222	6	37	32512	992	0	0	0	992
964	4464	0	1	0	1	0	0	1	25	222	6	37	32512	992	0	0	0	992
964	4483	0	1	0	1	0	0	1	25	222	6	37	32512	992	0	0	0	992
964	4485	0	1	0	1	0	0	1	25	222	6	37	32512	992	0	0	0	992
964	4486	0	1	0	1	0	0	1	25	222	6	37	32512	992	0	0	0	992
964	4489	0	1	0	1	0	0	1	25	222	6	37	32512	992	0	0	0	992
964	4490	0	1	0	1	0	0	1	25	222	6	37	32512	992	0	0	0	992
964	4492	0	1	0	1	0	0	1	25	222	6	37	32512	992	0	0	0	992
964	4497	0	1	0	1	0	0	1	25	222	6	37	32512	992	0	0	0	992
964	4498	0	1	0	1	0	0	1	25	222	6	37	32512	992	0	0	0	992
964	4500	0	1	0	1	0	0	1	25	222	6	37	32512	992	0	0	0	992
964	4504	0	1	0	1	0	0	1	25	222	6	37	32512	992	0	0	0	992
964	4513	0	1	0	1	0	0	1	25	222	6	37	32512	992	0	0	0	992
964	4514	0	1	0	1	0	0	1	25	222	6	37	32512	992	0	0	0	992
964	4516	0	1	0	1	0	0	1	25	222	6	37	32512	992	0	0	0	992
964	4520	0	1	0	1	0	0	1	25	222	6	37	32512	992	0	0	0	992
964	4528	0	1	0	1	0	0	1	25	222	6	37	32512	992	0	0	0	992
964	4545	0	1	0	1	0	0	1	25	222	6	37	32512	992	0	0	0	992
964	4546	0	1	0	1	0	0	1	25	222	6	37	32512	992	0	0	0	992
964	4548	0	1	0	1	0	0	1	25	222	6	37	32512	992	0	0	0	992
964	4552	0	1	0	1	0	0	1	25	222	6	37	32512	992	0	0	0	992
964	4560	0	1	0	1	0	0	1	25	222	6	37	32512	992	0	0	0	992
964	4576	0	1	0	1	0	0	1	25	222	6	37	32512	992	0	0	0	992
964	4615	0	1	0	1	0	0	1	25	222	6	37	32512	992	0	0	0	992
964	4619	0	1	0	1	0	0	1	25	222	6	37	32512	992	0	0	0	992
964	4621	0	1	0	1	0	0	1	25	222	6	37	32512	992	0	0	0	992
964	4622	0	1	0	1	0	0	1	25	222	6	37	32512	992	0	0	0	992
964	4627	0	1	0	1	0	0	1	25	222	6	37	32512	992	0	0	0	992
964	4629	0	1	0	1	0	0	1	25	222	6	37	32512	992	0	0	0	992
964	4630	0	1	0	1	0	0	1	25	222	6	37	32512	992	0	0	0	992
964	4633	0	1	0	1	0	0	1	25	222	6	37	32512	992	0	0	0	992
964	4634	0	1	0	1	0	0	1	25	222	6	37	32512	992	0	0	0	992
964	4636	0	1	0	1	0	0	1	25	222	6	37	32512	992	0	0	0	992
964	4643	0	1	0	1	0	0	1	25	222	6	37	32512	992	0	0	0	992
964	4645	0	1	0	1	0	0	1	25	222	6	37	32512	992	0	0	0	992
964	4646	0	1	0	1	0	0	1	25	222	6	37	32512	992	0	0	0	992
964	4649	0	1	0	1	0	0	1	25	222	6	37	32512	992	0	0	0	992
964	4650	0	1	0	1	0	0	1	25	222	6	37	32512	992	0	0	0	992
964	4652	0	1	0	1	0	0	1	25	222	6	37	32512	992	0	0	0	992
964	4657	0	1	0	1	0	0	1	25	222	6	37	32512	992	0	0	0	992
964	4658	0	1	0	1	0	0	1	25	222	6	37	32512	992	0	0	0	992
964	4660	0	1	0	1	0	0	1	25	222	6	37	32512	992	0	0	0	992
964	4664	0	1	0	1	0	0	1	25	222	6	37	32512	992	0	0	0	992
964	4675	0	1	0	1	0	0	1	25	222	6	37	32512	992	0	0	0	992
964	4677	0	1	0	1	0	0	1	25	222	6	37	32512	992	0	0	0	992
964	4678	0	1	0	1	0	0	1	25	222	6	37	32512	992	0	0	0	992
964	4681	0	1	0	1	0	0	1	25	222	6	37	32512	992	0	0	0	992
964	4682	0	1	0	1	0	0	1	25	222	6	37	32512	992	0	0	0	992
964	4684	0	1	0	1	0	0	1	25	222	6	37	32512	992	0	0	0	992
964	4689	0	1	0	1	0	0	1	25	222	6	37	32512	992	0	0	0	992
964	4690	0	1	0	1	0	0	1	25	222	6	37	32512	992	0	0	0	992
964	4692	0	1	0	1	0	0	1	25	222	6	37	32512	992	0	0	0	992
964	4696	0	1	0	1	0	0	1	25	222	6	37	32512	992	0	0	0	992
964	4705	0	1	0	1	0	0	1	25	222	6	37	32512	992	0	0	0	992
964	4706	0	1	0	1	0	0	1	25	222	6	37	32512	992	0	0	0	992
964	4708	0	1	0	1	0	0	1	25	222	6	37	32512	992	0	0	0	992
964	4712	0	1	0	1	0	0	1	25	222	6	37	32512	992	0	0	0	992
964	4720	0	1	0	1	0	0	1	25	222	6	37	32512	992	0	0	0	992
964	4739	0	1	0	1	0	0	1	25	222	6	37	32512	992	0	0	0	992
964	4741	0	1	0	1	0	0	1	25	222	6	37	32512	992	0	0	0	992
964	4742	0	1	0	1	0	0	1	25	222	6	37	32512	992	0	0	0	992
964	4745	0	1	0	1	0	0	1	25	222	6	37	32512	992	0	0	0	992
964	4746	0	1	0	1	0	0	1	25	222	6	37	32512	992	0	0	0	992
964	4748	0	1	0	1	0	0	1	25	222	6	37	32512	992	0	0	0	992
964	4753	0	1	0	1	0	0	1	25	222	6	37	32512	992	0	0	0	992
964	4754	0	1	0	1	0	0	1	25	222	6	37	32512	992	0	0	0	992
964	4756	0	1	0	1	0	0	1	25	222	6	37	32512	992	0	0	0	992
964	4760	0	1	0	1	0	0	1	25	222	6	37	32512	992	0	0	0	992
964	4769	0	1	0	1	0	0	1	25	222	6	37	32512	992	0	0	0	992
964	4770	0	1	0	1	0	0	1	25	222	6	37	32512	992	0	0	0	992
964	4772	0	1	0	1	0	0	1	25	222	6	37	32512	992	0	0	0	992
964	4776	0	1	0	1	0	0	1	25	222	6	37	32512	992	0	0	0	992
964	4784	0	1	0	1	0	0	1	25	222	6	37	32512	992	0	0	0	992
964	4801	0	1	0	1	0	0	1	25	222	6	37	32512	992	0	0	0	992
964	4802	0	1	0	1	0	0	1	25	222	6	37	32512	992	0	0	0	992
964	4804	0	1	0	1	0	0	1	25	222	6	37	32512	992	0	0	0	992
964	4808	0	1	0	1	0	0	1	25	222	6	37	32512	992	0	0	0	992
964	4816	0	1	0	1	0	0	1	25	222	6	37	32512	992	0	0	0	992
964	4832	0	1	0	1	0	0	1	25	222	6	37	32512	992	0	0	0	992
964	4867	0	1	0	1	0	0	1	26	222	6	38	32512	960	0	0	0	960
964	4869	0	1	0	1	0	0	1	26	222	6	38	32512	960	0	0	0	960
964	4870	0	1	0	1	0	0	1	26	222	6	38	32512	960	0	0	0	960
964	4873	0	1	0	1	0	0	1	26	222	6	38	32512	960	0	0	0	960
964	4874	0	1	0	1	0	0	1	26	222	6	38	32512	960	0	0	0	960
964	4876	0	1	0	1	0	0	1	26	222	6	38	32512	960	0	0	0	960
964	4881	0	1	0	1	0	0	1	26	222	6	38	32512	960	0	0	0	960
964	4882	0	1	0	1	0	0	1	26	222	6	38	32512	960	0	0	0	960
964	4884	0	1	0	1	0	0	1	26	222	6	38	32512	960	0	0	0	960
964	4888	0	1	0	1	0	0	1	26	222	6	38	32512	960	0	0	0	960
964	4897	0	1	0	1	0	0	1	26	222	6	38	32512	960	0	0	0	960
964	4898	0	1	0	1	0	0	1	26	222	6	38	32512	960	0	0	0	960
964	4900	0	1	0	1	0	0	1	26	222	6	38	32512	960	0	0	0	960
964	4904	0	1	0	1	0	0	1	26	222	6	38	32512	960	0	0	0	960
964	4912	0	1	0	1	0	0	1	26	222	6	38	32512	960	0	0	0	960
964	4929	0	1	0	1	0	0	1	26	222	6	38	32512	960	0	0	0	960
964	4930	0	1	0	1	0	0	1	26	222	6	38	32512	960	0	0	0	960
964	4932	0	1	0	1	0	0	1	26	222	6	38	32512	960	0	0	0	960
964	4936	0	1	0	1	0	0	1	26	222	6	38	32512	960	0	0	0	960
964	4944	0	1	0	1	0	0	1	26	222	6	38	32512	960	0	0	0	960
964	4960	0	1	0	1	0	0	1	26	222	6	38	32512	960	0	0	0	960
964	4993	0	1	0	1	0	0	1	26	222	6	38	32512	960	0	0	0	960
964	4994	0	1	0	1	0	0	1	26	222	6	38	32512	960	0	0	0	960
964	4996	0	1	0	1	0	0	1	26	222	6	38	32512	960	0	0	0	960
964	5000	0	1	0	1	0	0	1	26	222	6	38	32512	960	0	0	0	960
964	5008	0	1	0	1	0	0	1	26	222	6	38	32512	960	0	0	0	960
964	5024	0	1	0	1	0	0	1	26	222	6	38	32512	960	0	0	0	960
964	5056	0	1	0	1	0	0	1	26	222	6	38	32512	960	0	0	0	960
964	5127	0	1	0	1	0	0	1	25	222	6	37	32512	992	0	0	0	992
964	5131	0	1	0	1	0	0	1	25	222	6	37	32512	992	0	0	0	992
964	5133	0	1	0	1	0	0	1	25	222	6	37	32512	992	0	0	0	992
964	5134	0	1	0	1	0	0	1	25	222	6	37	32512	992	0	0	0	992
964	5139	0	1	0	1	0	0	1	25	222	6	37	32512	992	0	0	0	992
964	5141	0	1	0	1	0	0	1	25	222	6	37	32512	992	0	0	0	992
964	5142	0	1	0	1	0	0	1	25	222	6	37	32512	992	0	0	0	992
964	5145	0	1	0	1	0	0	1	25	222	6	37	32512	992	0	0	0	992
964	5146	0	1	0	1	0	0	1	25	222	6	37	32512	992	0	0	0	992
964	5148	0	1	0	1	0	0	1	25	222	6	37	32512	992	0	0	0	992
964	5155	0	1	0	1	0	0	1	25	222	6	37	32512	992	0	0	0	992
964	5157	0	1	0	1	0	0	1	25	222	6	37	32512	992	0	0	0	992
964	5158	0	1	0	1	0	0	1	25	222	6	37	32512	992	0	0	0	992
964	5161	0	1	0	1	0	0	1	25	222	6	37	32512	992	0	0	0	992
964	5162	0	1	0	1	0	0	1	25	222	6	37	32512	992	0	0	0	992
964	5164	0	1	0	1	0	0	1	25	222	6	37	32512	992	0	0	0	992
964	5169	0	1	0	1	0	0	1	25	222	6	37	32512	992	0	0	0	992
964	5170	0	1	0	1	0	0	1	25	222	6	37	32512	992	0	0	0	992
964	5172	0	1	0	1	0	0	1	25	222	6	37	32512	992	0	0	0	992
964	5176	0	1	0	1	0	0	1	25	222	6	37	32512	992	0	0	0	992
964	5187	0	1	0	1	0	0	1	25	222	6	37	32512	992	0	0	0	992
964	5189	0	1	0	1	0	0	1	25	222	6	37	32512	992	0	0	0	992
964	5190	0	1	0	1	0	0	1	25	222	6	37	32512	992	0	0	0	992
964	5193	0	1	0	1	0	0	1	25	222	6	37	32512	992	0	0	0	992
964	5194	0	1	0	1	0	0	1	25	222	6	37	32512	992	0	0	0	992
964	5196	0	1	0	1	0	0	1	25	222	6	37	32512	992	0	0	0	992
964	5201	0	1	0	1	0	0	1	25	222	6	37	32512	992	0	0	0	992
964	5202	0	1	0	1	0	0	1	25	222	6	37	32512	992	0	0	0	992
964	5204	0	1	0	1	0	0	1	25	222	6	37	32512	992	0	0	0	992
964	5208	0	1	0	1	0	0	1	25	222	6	37	32512	992	0	0	0	992
964	5217	0	1	0	1	0	0	1	25	222	6	37	32512	992	0	0	0	992
964	5218	0	1	0	1	0	0	1	25	222	6	37	32512	992	0	0	0	992
964	5220	0	1	0	1	0	0	1	25	222	6	37	32512	992	0	0	0	992
964	5224	0	1	0	1	0	0	1	25	222	6	37	32512	992	0	0	0	992
964	5232	0	1	0	1	0	0	1	25	222	6	37	32512	992	0	0	0	992
964	5251	0	1	0	1	0	0	1	25	222	6	37	32512	992	0	0	0	992
964	5253	0	1	0	1	0	0	1	25	222	6	37	32512	992	0	0	0	992
964	5254	0	1	0	1	0	0	1	25	222	6	37	32512	992	0	0	0	992
964	5257	0	1	0	1	0	0	1	25	222	6	37	32512	992	0	0	0	992
964	5258	0	1	0	1	0	0	1	25	222	6	37	32512	992	0	0	0	992
964	5260	0	1	0	1	0	0	1	25	222	6	37	32512	992	0	0	0	992
964	5265	0	1	0	1	0	0	1	25	222	6	37	32512	992	0	0	0	992
964	5266	0	1	0	1	0	0	1	25	222	6	37	32512	992	0	0	0	992
964	5268	0	1	0	1	0	0	1	25	222	6	37	32512	992	0	0	0	992
964	5272	0	1	0	1	0	0	1	25	222	6	37	32512	992	0	0	0	992
964	5281	0	1	0	1	0	0	1	25	222	6	37	32512	992	0	0	0	992
964	5282	0	1	0	1	0	0	1	25	222	6	37	32512	992	0	0	0	992
964	5284	0	1	0	1	0	0	1	25	222	6	37	32512	992	0	0	0	992
964	5288	0	1	0	1	0	0	1	25	222	6	37	32512	992	0	0	0	992
964	5296	0	1	0	1	0	0	1	25	222	6	37	32512	992	0	0	0	992
964	5313	0	1	0	1	0	0	1	25	222	6	37	32512	992	0	0	0	992
964	5314	0	1	0	1	0	0	1	25	222	6	37	32512	992	0	0	0	992
964	5316	0	1	0	1	0	0	1	25	222	6	37	32512	992	0	0	0	992
964	5320	0	1	0	1	0	0	1	25	222	6	37	32512	992	0	0	0	992
964	5328	0	1	0	1	0	0	1	25	222	6	37	32512	992	0	0	0	992
964	5344	0	1	0	1	0	0	1	25	222	6	37	32512	992	0	0	0	992
964	5379	0	1	0	1	0	0	1	26	222	6	38	32512	960	0	0	0	960
964	5381	0	1	0	1	0	0	1	26	222	6	38	32512	960	0	0	0	960
964	5382	0	1	0	1	0	0	1	26	222	6	38	32512	960	0	0	0	960
964	5385	0	1	0	1	0	0	1	26	222	6	38	32512	960	0	0	0	960
964	5386	0	1	0	1	0	0	1	26	222	6	38	32512	960	0	0	0	960
964	5388	0	1	0	1	0	0	1	26	222	6	38	32512	960	0	0	0	960
964	5393	0	1	0	1	0	0	1	26	222	6	38	32512	960	0	0	0	960
964	5394	0	1	0	1	0	0	1	26	222	6	38	32512	960	0	0	0	960
964	5396	0	1	0	1	0	0	1	26	222	6	38	32512	960	0	0	0	960
964	5400	0	1	0	1	0	0	1	26	222	6	38	32512	960	0	0	0	960
964	5409	0	1	0	1	0	0	1	26	222	6	38	32512	960	0	0	0	960
964	5410	0	1	0	1	0	0	1	26	222	6	38	32512	960	0	0	0	960
964	5412	0	1	0	1	0	0	1	26	222	6	38	32512	960	0	0	0	960
964	5416	0	1	0	1	0	0	1	26	222	6	38	32512	960	0	0	0	960
964	5424	0	1	0	1	0	0	1	26	222	6	38	32512	960	0	0	0	960
964	5441	0	1	0	1	0	0	1	26	222	6	38	32512	960	0	0	0	960
964	5442	0	1	0	1	0	0	1	26	222	6	38	32512	960	0	0	0	960
964	5444	0	1	0	1	0	0	1	26	222	6	38	32512	960	0	0	0	960
964	5448	0	1	0	1	0	0	1	26	222	6	38	32512	960	0	0	0	960
964	5456	0	1	0	1	0	0	1	26	222	6	38	32512	960	0	0	0	960
964	5472	0	1	0	1	0	0	1	26	222	6	38	32512	960	0	0	0	960
964	5505	0	1	0	1	0	0	1	26	222	6	38	32512	960	0	0	0	960
964	5506	0	1	0	1	0	0	1	26	222	6	38	32512	960	0	0	0	960
964	5508	0	1	0	1	0	0	1	26	222	6	38	32512	960	0	0	0	960
964	5512	0	1	0	1	0	0	1	26	222	6	38	32512	960	0	0	0	960
964	5520	0	1	0	1	0	0	1	26	222	6	38	32512	960	0	0	0	960
964	5536	0	1	0	1	0	0	1	26	222	6	38	32512	960	0	0	0	960
964	5568	0	1	0	1	0	0	1	26	222	6	38	32512	960	0	0	0	960
964	5635	0	1	0	1	0	0	1	26	222	6	38	32512	960	0	0	0	960
964	5637	0	1	0	1	0	0	1	26	222	6	38	32512	960	0	0	0	960
964	5638	0	1	0	1	0	0	1	26	222	6	38	32512	960	0	0	0	960
964	5641	0	1	0	1	0	0	1	26	222	6	38	32512	960	0	0	0	960
964	5642	0	1	0	1	0	0	1	26	222	6	38	32512	960	0	0	0	960
964	5644	0	1	0	1	0	0	1	26	222	6	38	32512	960	0	0	0	960
964	5649	0	1	0	1	0	0	1	26	222	6	38	32512	960	0	0	0	960
964	5650	0	1	0	1	0	0	1	26	222	6	38	32512	960	0	0	0	960
964	5652	0	1	0	1	0	0	1	26	222	6	38	32512	960	0	0	0	960
964	5656	0	1	0	1	0	0	1	26	222	6	38	32512	960	0	0	0	960
964	5665	0	1	0	1	0	0	1	26	222	6	38	32512	960	0	0	0	960
964	5666	0	1	0	1	0	0	1	26	222	6	38	32512	960	0	0	0	960
964	5668	0	1	0	1	0	0	1	26	222	6	38	32512	960	0	0	0	960
964	5672	0	1	0	1	0	0	1	26	222	6	38	32512	960	0	0	0	960
964	5680	0	1	0	1	0	0	1	26	222	6	38	32512	960	0	0	0	960
964	5697	0	1	0	1	0	0	1	26	222	6	38	32512	960	0	0	0	960
964	5698	0	1	0	1	0	0	1	26	222	6	38	32512	960	0	0	0	960
964	5700	0	1	0	1	0	0	1	26	222	6	38	32512	960	0	0	0	960
964	5704	0	1	0	1	0	0	1	26	222	6	38	32512	960	0	0	0	960
964	5712	0	1	0	1	0	0	1	26	222	6	38	32512	960	0	0	0	960
964	5728	0	1	0	1	0	0	1	26	222	6	38	32512	960	0	0	0	960
964	5761	0	1	0	1	0	0	1	26	222	6	38	32512	960	0	0	0	960
964	5762	0	1	0	1	0	0	1	26	222	6	38	32512	960	0	0	0	960
964	5764	0	1	0	1	0	0	1	26	222	6	38	32512	960	0	0	0	960
964	5768	0	1	0	1	0	0	1	26	222	6	38	32512	960	0	0	0	960
964	5776	0	1	0	1	0	0	1	26	222	6	38	32512	960	0	0	0	960
964	5792	0	1	0	1	0	0	1	26	222	6	38	32512	960	0	0	0	960
964	5824	0	1	0	1	0	0	1	26	222	6	38	32512	960	0	0	0	960
964	5889	0	1	0	1	0	0	1	31	75	4	39	32512	896	0	0	0	896
964	5890	0	1	0	1	0	0	1	31	75	4	39	32512	896	0	0	0	896
964	5892	0	1	0	1	0	0	1	31	75	4	39	32512	896	0	0	0	896
964	5896	0	1	0	1	0	0	1	31	75	4	39	32512	896	0	0	0	896
964	5904	0	1	0	1	0	0	1	31	75	4	39	32512	896	0	0	0	896
964	5920	0	1	0	1	0	0	1	31	75	4	39	32512	896	0	0	0	896
964	5952	0	1	0	1	0	0	1	31	75	4	39	32512	896	0	0	0	896
964	6016	0	1	0	1	0	0	1	31	75	4	39	32512	896	0	0	0	896
964	6151	0	1	0	1	0	0	1	25	222	6	37	32512	992	0	0	0	992
964	6155	0	1	0	1	0	0	1	25	222	6	37	32512	992	0	0	0	992
964	6157	0	1	0	1	0	0	1	25	222	6	37	32512	992	0	0	0	992
964	6158	0	1	0	1	0	0	1	25	222	6	37	32512	992	0	0	0	992
964	6163	0	1	0	1	0	0	1	25	222	6	37	32512	992	0	0	0	992
964	6165	0	1	0	1	0	0	1	25	222	6	37	32512	992	0	0	0	992
964	6166	0	1	0	1	0	0	1	25	222	6	37	32512	992	0	0	0	992
964	6169	0	1	0	1	0	0	1	25	222	6	37	32512	992	0	0	0	992
964	6170	0	1	0	1	0	0	1	25	222	6	37	32512	992	0	0	0	992
964	6172	0	1	0	1	0	0	1	25	222	6	37	32512	992	0	0	0	992
964	6179	0	1	0	1	0	0	1	25	222	6	37	32512	992	0	0	0	992
964	6181	0	1	0	1	0	0	1	25	222	6	37	32512	992	0	0	0	992
964	6182	0	1	0	1	0	0	1	25	222	6	37	32512	992	0	0	0	992
964	6185	0	1	0	1	0	0	1	25	222	6	37	32512	992	0	0	0	992
964	6186	0	1	0	1	0	0	1	25	222	6	37	32512	992	0	0	0	992
964	6188	0	1	0	1	0	0	1	25	222	6	37	32512	992	0	0	0	992
964	6193	0	1	0	1	0	0	1	25	222	6	37	32512	992	0	0	0	992
964	6194	0	1	0	1	0	0	1	25	222	6	37	32512	992	0	0	0	992
964	6196	0	1	0	1	0	0	1	25	222	6	37	32512	992	0	0	0	992
964	6200	0	1	0	1	0	0	1	25	222	6	37	32512	992	0	0	0	992
964	6211	0	1	0	1	0	0	1	25	222	6	37	32512	992	0	0	0	992
964	6213	0	1	0	1	0	0	1	25	222	6	37	32512	992	0	0	0	992
964	6214	0	1	0	1	0	0	1	25	222	6	37	32512	992	0	0	0	992
964	6217	0	1	0	1	0	0	1	25	222	6	37	32512	992	0	0	0	992
964	6218	0	1	0	1	0	0	1	25	222	6	37	32512	992	0	0	0	992
964	6220	0	1	0	1	0	0	1	25	222	6	37	32512	992	0	0	0	992
964	6225	0	1	0	1	0	0	1	25	222	6	37	32512	992	0	0	0	992
964	6226	0	1	0	1	0	0	1	25	222	6	37	32512	992	0	0	0	992
964	6228	0	1	0	1	0	0	1	25	222	6	37	32512	992	0	0	0	992
964	6232	0	1	0	1	0	0	1	25	222	6	37	32512	992	0	0	0	992
964	6241	0	1	0	1	0	0	1	25	222	6	37	32512	992	0	0	0	992
964	6242	0	1	0	1	0	0	1	25	222	6	37	32512	992	0	0	0	992
964	6244	0	1	0	1	0	0	1	25	222	6	37	32512	992	0	0	0	992
964	6248	0	1	0	1	0	0	1	25	222	6	37	32512	992	0	0	0	992
964	6256	0	1	0	1	0	0	1	25	222	6	37	32512	992	0	0	0	992
964	6275	0	1	0	1	0	0	1	25	222	6	37	32512	992	0	0	0	992
964	6277	0	1	0	1	0	0	1	25	222	6	37	32512	992	0	0	0	992
964	6278	0	1	0	1	0	0	1	25	222	6	37	32512	992	0	0	0	992
964	6281	0	1	0	1	0	0	1	25	222	6	37	32512	992	0	0	0	992
964	6282	0	1	0	1	0	0	1	25	222	6	37	32512	992	0	0	0	992
964	6284	0	1	0	1	0	0	1	25	222	6	37	32512	992	0	0	0	992
964	6289	0	1	0	1	0	0	1	25	222	6	37	32512	992	0	0	0	992
964	6290	0	1	0	1	0	0	1	25	222	6	37	32512	992	0	0	0	992
964	6292	0	1	0	1	0	0	1	25	222	6	37	32512	992	0	0	0	992
964	6296	0	1	0	1	0	0	1	25	222	6	37	32512	992	0	0	0	992
964	6305	0	1	0	1	0	0	1	25	222	6	37	32512	992	0	0	0	992
964	6306	0	1	0	1	0	0	1	25	222	6	37	32512	992	0	0	0	992
964	6308	0	1	0	1	0	0	1	25	222	6	37	32512	992	0	0	0	992
964	6312	0	1	0	1	0	0	1	25	222	6	37	32512	992	0	0	0	992
964	6320	0	1	0	1	0	0	1	25	222	6	37	32512	992	0	0	0	992
964	6337	0	1	0	1	0	0	1	25	222	6	37	32512	992	0	0	0	992
964	6338	0	1	0	1	0	0	1	25	222	6	37	32512	992	0	0	0	992
964	6340	0	1	0	1	0	0	1	25	222	6	37	32512	992	0	0	0	992
964	6344	0	1	0	1	0	0	1	25	222	6	37	32512	992	0	0	0	992
964	6352	0	1	0	1	0	0	1	25	222	6	37	32512	992	0	0	0	992
964	6368	0	1	0	1	0	0	1	25	222	6	37	32512	992	0	0	0	992
964	6403	0	1	0	1	0	0	1	26	222	6	38	32512	960	0	0	0	960
964	6405	0	1	0	1	0	0	1	26	222	6	38	32512	960	0	0	0	960
964	6406	0	1	0	1	0	0	1	26	222	6	38	32512	960	0	0	0	960
964	6409	0	1	0	1	0	0	1	26	222	6	38	32512	960	0	0	0	960
964	6410	0	1	0	1	0	0	1	26	222	6	38	32512	960	0	0	0	960
964	6412	0	1	0	1	0	0	1	26	222	6	38	32512	960	0	0	0	960
964	6417	0	1	0	1	0	0	1	26	222	6	38	32512	960	0	0	0	960
964	6418	0	1	0	1	0	0	1	26	222	6	38	32512	960	0	0	0	960
964	6420	0	1	0	1	0	0	1	26	222	6	38	32512	960	0	0	0	960
964	6424	0	1	0	1	0	0	1	26	222	6	38	32512	960	0	0	0	960
964	6433	0	1	0	1	0	0	1	26	222	6	38	32512	960	0	0	0	960
964	6434	0	1	0	1	0	0	1	26	222	6	38	32512	960	0	0	0	960
964	6436	0	1	0	1	0	0	1	26	222	6	38	32512	960	0	0	0	960
964	6440	0	1	0	1	0	0	1	26	222	6	38	32512	960	0	0	0	960
964	6448	0	1	0	1	0	0	1	26	222	6	38	32512	960	0	0	0	960
964	6465	0	1	0	1	0	0	1	26	222	6	38	32512	960	0	0	0	960
964	6466	0	1	0	1	0	0	1	26	222	6	38	32512	960	0	0	0	960
964	6468	0	1	0	1	0	0	1	26	222	6	38	32512	960	0	0	0	960
964	6472	0	1	0	1	0	0	1	26	222	6	38	32512	960	0	0	0	960
964	6480	0	1	0	1	0	0	1	26	222	6	38	32512	960	0	0	0	960
964	6496	0	1	0	1	0	0	1	26	222	6	38	32512	960	0	0	0	960
964	6529	0	1	0	1	0	0	1	26	222	6	38	32512	960	0	0	0	960
964	6530	0	1	0	1	0	0	1	26	222	6	38	32512	960	0	0	0	960
964	6532	0	1	0	1	0	0	1	26	222	6	38	32512	960	0	0	0	960
964	6536	0	1	0	1	0	0	1	26	222	6	38	32512	960	0	0	0	960
964	6544	0	1	0	1	0	0	1	26	222	6	38	32512	960	0	0	0	960
964	6560	0	1	0	1	0	0	1	26	222	6	38	32512	960	0	0	0	960
964	6592	0	1	0	1	0	0	1	26	222	6	38	32512	960	0	0	0	960
964	6659	0	1	0	1	0	0	1	26	222	6	38	32512	960	0	0	0	960
964	6661	0	1	0	1	0	0	1	26	222	6	38	32512	960	0	0	0	960
964	6662	0	1	0	1	0	0	1	26	222	6	38	32512	960	0	0	0	960
964	6665	0	1	0	1	0	0	1	26	222	6	38	32512	960	0	0	0	960
964	6666	0	1	0	1	0	0	1	26	222	6	38	32512	960	0	0	0	960
964	6668	0	1	0	1	0	0	1	26	222	6	38	32512	960	0	0	0	960
964	6673	0	1	0	1	0	0	1	26	222	6	38	32512	960	0	0	0	960
964	6674	0	1	0	1	0	0	1	26	222	6	38	32512	960	0	0	0	960
964	6676	0	1	0	1	0	0	1	26	222	6	38	32512	960	0	0	0	960
964	6680	0	1	0	1	0	0	1	26	222	6	38	32512	960	0	0	0	960
964	6689	0	1	0	1	0	0	1	26	222	6	38	32512	960	0	0	0	960
964	6690	0	1	0	1	0	0	1	26	222	6	38	32512	960	0	0	0	960
964	6692	0	1	0	1	0	0	1	26	222	6	38	32512	960	0	0	0	960
964	6696	0	1	0	1	0	0	1	26	222	6	38	32512	960	0	0	0	960
964	6704	0	1	0	1	0	0	1	26	222	6	38	32512	960	0	0	0	960
964	6721	0	1	0	1	0	0	1	26	222	6	38	32512	960	0	0	0	960
964	6722	0	1	0	1	0	0	1	26	222	6	38	32512	960	0	0	0	960
964	6724	0	1	0	1	0	0	1	26	222	6	38	32512	960	0	0	0	960
964	6728	0	1	0	1	0	0	1	26	222	6	38	32512	960	0	0	0	960
964	6736	0	1	0	1	0	0	1	26	222	6	38	32512	960	0	0	0	960
964	6752	0	1	0	1	0	0	1	26	222	6	38	32512	960	0	0	0	960
964	6785	0	1	0	1	0	0	1	26	222	6	38	32512	960	0	0	0	960
964	6786	0	1	0	1	0	0	1	26	222	6	38	32512	960	0	0	0	960
964	6788	0	1	0	1	0	0	1	26	222	6	38	32512	960	0	0	0	960
964	6792	0	1	0	1	0	0	1	26	222	6	38	32512	960	0	0	0	960
964	6800	0	1	0	1	0	0	1	26	222	6	38	32512	960	0	0	0	960
964	6816	0	1	0	1	0	0	1	26	222	6	38	32512	960	0	0	0	960
964	6848	0	1	0	1	0	0	1	26	222	6	38	32512	960	0	0	0	960
964	6913	0	1	0	1	0	0	1	31	75	4	39	32512	896	0	0	0	896
964	6914	0	1	0	1	0	0	1	31	75	4	39	32512	896	0	0	0	896
964	6916	0	1	0	1	0	0	1	31	75	4	39	32512	896	0	0	0	896
964	6920	0	1	0	1	0	0	1	31	75	4	39	32512	896	0	0	0	896
964	6928	0	1	0	1	0	0	1	31	75	4	39	32512	896	0	0	0	896
964	6944	0	1	0	1	0	0	1	31	75	4	39	32512	896	0	0	0	896
964	6976	0	1	0	1	0	0	1	31	75	4	39	32512	896	0	0	0	896
964	7040	0	1	0	1	0	0	1	31	75	4	39	32512	896	0	0	0	896
964	7171	0	1	0	1	0	0	1	26	222	6	38	32512	960	0	0	0	960
964	7173	0	1	0	1	0	0	1	26	222	6	38	32512	960	0	0	0	960
964	7174	0	1	0	1	0	0	1	26	222	6	38	32512	960	0	0	0	960
964	7177	0	1	0	1	0	0	1	26	222	6	38	32512	960	0	0	0	960
964	7178	0	1	0	1	0	0	1	26	222	6	38	32512	960	0	0	0	960
964	7180	0	1	0	1	0	0	1	26	222	6	38	32512	960	0	0	0	960
964	7185	0	1	0	1	0	0	1	26	222	6	38	32512	960	0	0	0	960
964	7186	0	1	0	1	0	0	1	26	222	6	38	32512	960	0	0	0	960
964	7188	0	1	0	1	0	0	1	26	222	6	38	32512	960	0	0	0	960
964	7192	0	1	0	1	0	0	1	26	222	6	38	32512	960	0	0	0	960
964	7201	0	1	0	1	0	0	1	26	222	6	38	32512	960	0	0	0	960
964	7202	0	1	0	1	0	0	1	26	222	6	38	32512	960	0	0	0	960
964	7204	0	1	0	1	0	0	1	26	222	6	38	32512	960	0	0	0	960
964	7208	0	1	0	1	0	0	1	26	222	6	38	32512	960	0	0	0	960
964	7216	0	1	0	1	0	0	1	26	222	6	38	32512	960	0	0	0	960
964	7233	0	1	0	1	0	0	1	26	222	6	38	32512	960	0	0	0	960
964	7234	0	1	0	1	0	0	1	26	222	6	38	32512	960	0	0	0	960
964	7236	0	1	0	1	0	0	1	26	222	6	38	32512	960	0	0	0	960
964	7240	0	1	0	1	0	0	1	26	222	6	38	32512	960	0	0	0	960
964	7248	0	1	0	1	0	0	1	26	222	6	38	32512	960	0	0	0	960
964	7264	0	1	0	1	0	0	1	26	222	6	38	32512	960	0	0	0	960
964	7297	0	1	0	1	0	0	1	26	222	6	38	32512	960	0	0	0	960
964	7298	0	1	0	1	0	0	1	26	222	6	38	32512	960	0	0	0	960
964	7300	0	1	0	1	0	0	1	26	222	6	38	32512	960	0	0	0	960
964	7304	0	1	0	1	0	0	1	26	222	6	38	32512	960	0	0	0	960
964	7312	0	1	0	1	0	0	1	26	222	6	38	32512	960	0	0	0	960
964	7328	0	1	0	1	0	0	1	26	222	6	38	32512	960	0	0	0	960
964	7360	0	1	0	1	0	0	1	26	222	6	38	32512	960	0	0	0	960
964	7425	0	1	0	1	0	0	1	31	75	4	39	32512	896	0	0	0	896
964	7426	0	1	0	1	0	0	1	31	75	4	39	32512	896	0	0	0	896
964	7428	0	1	0	1	0	0	1	31	75	4	39	32512	896	0	0	0	896
964	7432	0	1	0	1	0	0	1	31	75	4	39	32512	896	0	0	0	896
964	7440	0	1	0	1	0	0	1	31	75	4	39	32512	896	0	0	0	896
964	7456	0	1	0	1	0	0	1	31	75	4	39	32512	896	0	0	0	896
964	7488	0	1	0	1	0	0	1	31	75	4	39	32512	896	0	0	0	896
964	7552	0	1	0	1	0	0	1	31	75	4	39	32512	896	0	0	0	896
964	7681	0	1	0	1	0	0	1	31	75	4	39	32512	896	0	0	0	896
964	7682	0	1	0	1	0	0	1	31	75	4	39	32512	896	0	0	0	896
964	7684	0	1	0	1	0	0	1	31	75	4	39	32512	896	0	0	0	896
964	7688	0	1	0	1	0	0	1	31	75	4	39	32512	896	0	0	0	896
964	7696	0	1	0	1	0	0	1	31	75	4	39	32512	896	0	0	0	896
964	7712	0	1	0	1	0	0	1	31	75	4	39	32512	896	0	0	0	896
964	7744	0	1	0	1	0	0	1	31	75	4	39	32512	896	0	0	0	896
964	7808	0	1	0	1	0	0	1	31	75	4	39	32512	896	0	0	0	896
964	7936	0	1	0	1	0	0	1	40	0	0	40	32512	768	0	0	0	768
964	8207	0	1	0	1	0	0	1	28	75	4	36	32512	1008	0	0	0	1008
964	8215	0	1	0	1	0	0	1	28	75	4	36	32512	1008	0	0	0	1008
964	8219	0	1	0	1	0	0	1	28	75	4	36	32512	1008	0	0	0	1008
964	8221	0	1	0	1	0	0	1	28	75	4	36	32512	1008	0	0	0	1008
964	8222	0	1	0	1	0	0	1	28	75	4	36	32512	1008	0	0	0	1008
964	8231	0	1	0	1	0	0	1	28	75	4	36	32512	1008	0	0	0	1008
964	8235	0	1	0	1	0	0	1	28	75	4	36	32512	1008	0	0	0	1008
964	8237	0	1	0	1	0	0	1	28	75	4	36	32512	1008	0	0	0	1008
964	8238	0	1	0	1	0	0	1	28	75	4	36	32512	1008	0	0	0	1008
964	8243	0	1	0	1	0	0	1	28	75	4	36	32512	1008	0	0	0	1008
964	8245	0	1	0	1	0	0	1	28	75	4	36	32512	1008	0	0	0	1008
964	8246	0	1	0	1	0	0	1	28	75	4	36	32512	1008	0	0	0	1008
964	8249	0	1	0	1	0	0	1	28	75	4	36	32512	1008	0	0	0	1008
964	8250	0	1	0	1	0	0	1	28	75	4	36	32512	1008	0	0	0	1008
964	8252	0	1	0	1	0	0	1	28	75	4	36	32512	1008	0	0	0	1008
964	8263	0	1	0	1	0	0	1	28	75	4	36	32512	1008	0	0	0	1008
964	8267	0	1	0	1	0	0	1	28	75	4	36	32512	1008	0	0	0	1008
964	8269	0	1	0	1	0	0	1	28	75	4	36	32512	1008	0	0	0	1008
964	8270	0	1	0	1	0	0	1	28	75	4	36	32512	1008	0	0	0	1008
964	8275	0	1	0	1	0	0	1	28	75	4	36	32512	1008	0	0	0	1008
964	8277	0	1	0	1	0	0	1	28	75	4	36	32512	1008	0	0	0	1008
964	8278	0	1	0	1	0	0	1	28	75	4	36	32512	1008	0	0	0	1008
964	8281	0	1	0	1	0	0	1	28	75	4	36	32512	1008	0	0	0	1008
964	8282	0	1	0	1	0	0	1	28	75	4	36	32512	1008	0	0	0	1008
964	8284	0	1	0	1	0	0	1	28	75	4	36	32512	1008	0	0	0	1008
964	8291	0	1	0	1	0	0	1	28	75	4	36	32512	1008	0	0	0	1008
964	8293	0	1	0	1	0	0	1	28	75	4	36	32512	1008	0	0	0	1008
964	8294	0	1	0	1	0	0	1	28	75	4	36	32512	1008	0	0	0	1008
964	8297	0	1	0	1	0	0	1	28	75	4	36	32512	1008	0	0	0	1008
964	8298	0	1	0	1	0	0	1	28	75	4	36	32512	1008	0	0	0	1008
964	8300	0	1	0	1	0	0	1	28	75	4	36	32512	1008	0	0	0	1008
964	8305	0	1	0	1	0	0	1	28	75	4	36	32512	1008	0	0	0	1008
964	8306	0	1	0	1	0	0	1	28	75	4	36	32512	1008	0	0	0	1008
964	8308	0	1	0	1	0	0	1	28	75	4	36	32512	1008	0	0	0	1008
964	8312	0	1	0	1	0	0	1	28	75	4	36	32512	1008	0	0	0	1008
964	8327	0	1	0	1	0	0	1	28	75	4	36	32512	1008	0	0	0	1008
964	8331	0	1	0	1	0	0	1	28	75	4	36	32512	1008	0	0	0	1008
964	8333	0	1	0	1	0	0	1	28	75	4	36	32512	1008	0	0	0	1008
964	8334	0	1	0	1	0	0	1	28	75	4	36	32512	1008	0	0	0	1008
964	8339	0	1	0	1	0	0	1	28	75	4	36	32512	1008	0	0	0	1008
964	8341	0	1	0	1	0	0	1	28	75	4	36	32512	1008	0	0	0	1008
964	8342	0	1	0	1	0	0	1	28	75	4	36	32512	1008	0	0	0	1008
964	8345	0	1	0	1	0	0	1	28	75	4	36	32512	1008	0	0	0	1008
964	8346	0	1	0	1	0	0	1	28	75	4	36	32512	1008	0	0	0	1008
964	8348	0	1	0	1	0	0	1	28	75	4	36	32512	1008	0	0	0	1008
964	8355	0	1	0	1	0	0	1	28	75	4	36	32512	1008	0	0	0	1008
964	8357	0	1	0	1	0	0	1	28	75	4	36	32512	1008	0	0	0	1008
964	8358	0	1	0	1	0	0	1	28	75	4	36	32512	1008	0	0	0	1008
964	8361	0	1	0	1	0	0	1	28	75	4	36	32512	1008	0	0	0	1008
964	8362	0	1	0	1	0	0	1	28	75	4	36	32512	1008	0	0	0	1008
964	8364	0	1	0	1	0	0	1	28	75	4	36	32512	1008	0	0	0	1008
964	8369	0	1	0	1	0	0	1	28	75	4	36	32512	1008	0	0	0	1008
964	8370	0	1	0	1	0	0	1	28	75	4	36	32512	1008	0	0	0	1008
964	8372	0	1	0	1	0	0	1	28	75	4	36	32512	1008	0	0	0	1008
964	8376	0	1	0	1	0	0	1	28	75	4	36	32512	1008	0	0	0	1008
964	8387	0	1	0	1	0	0	1	28	75	4	36	32512	1008	0	0	0	1008
964	8389	0	1	0	1	0	0	1	28	75	4	36	32512	1008	0	0	0	1008
964	8390	0	1	0	1	0	0	1	28	75	4	36	32512	1008	0	0	0	1008
964	8393	0	1	0	1	0	0	1	28	75	4	36	32512	1008	0	0	0	1008
964	8394	0	1	0	1	0	0	1	28	75	4	36	32512	1008	0	0	0	1008
964	8396	0	1	0	1	0	0	1	28	75	4	36	32512	1008	0	0	0	1008
964	8401	0	1	0	1	0	0	1	28	75	4	36	32512	1008	0	0	0	1008
964	8402	0	1	0	1	0	0	1	28	75	4	36	32512	1008	0	0	0	1008
964	8404	0	1	0	1	0	0	1	28	75	4	36	32512	1008	0	0	0	1008
964	8408	0	1	0	1	0	0	1	28	75	4	36	32512	1008	0	0	0	1008
964	8417	0	1	0	1	0	0	1	28	75	4	36	32512	1008	0	0	0	1008
964	8418	0	1	0	1	0	0	1	28	75	4	36	32512	1008	0	0	0	1008
964	8420	0	1	0	1	0	0	1	28	75	4	36	32512	1008	0	0	0	1008
964	8424	0	1	0	1	0	0	1	28	75	4	36	32512	1008	0	0	0	1008
964	8432	0	1	0	1	0	0	1	28	75	4	36	32512	1008	0	0	0	1008
964	8455	0	1	0	1	0	0	1	25	222	6	37	32512	992	0	0	0	992
964	8459	0	1	0	1	0	0	1	25	222	6	37	32512	992	0	0	0	992
964	8461	0	1	0	1	0	0	1	25	222	6	37	32512	992	0	0	0	992
964	8462	0	1	0	1	0	0	1	25	222	6	37	32512	992	0	0	0	992
964	8467	0	1	0	1	0	0	1	25	222	6	37	32512	992	0	0	0	992
964	8469	0	1	0	1	0	0	1	25	222	6	37	32512	992	0	0	0	992
964	8470	0	1	0	1	0	0	1	25	222	6	37	32512	992	0	0	0	992
964	8473	0	1	0	1	0	0	1	25	222	6	37	32512	992	0	0	0	992
964	8474	0	1	0	1	0	0	1	25	222	6	37	32512	992	0	0	0	992
964	8476	0	1	0	1	0	0	1	25	222	6	37	32512	992	0	0	0	992
964	8483	0	1	0	1	0	0	1	25	222	6	37	32512	992	0	0	0	992
964	8485	0	1	0	1	0	0	1	25	222	6	37	32512	992	0	0	0	992
964	8486	0	1	0	1	0	0	1	25	222	6	37	32512	992	0	0	0	992
964	8489	0	1	0	1	0	0	1	25	222	6	37	32512	992	0	0	0	992
964	8490	0	1	0	1	0	0	1	25	222	6	37	32512	992	0	0	0	992
964	8492	0	1	0	1	0	0	1	25	222	6	37	32512	992	0	0	0	992
964	8497	0	1	0	1	0	0	1	25	222	6	37	32512	992	0	0	0	992
964	8498	0	1	0	1	0	0	1	25	222	6	37	32512	992	0	0	0	992
964	8500	0	1	0	1	0	0	1	25	222	6	37	32512	992	0	0	0	992
964	8504	0	1	0	1	0	0	1	25	222	6	37	32512	992	0	0	0	992
964	8515	0	1	0	1	0	0	1	25	222	6	37	32512	992	0	0	0	992
964	8517	0	1	0	1	0	0	1	25	222	6	37	32512	992	0	0	0	992
964	8518	0	1	0	1	0	0	1	25	222	6	37	32512	992	0	0	0	992
964	8521	0	1	0	1	0	0	1	25	222	6	37	32512	992	0	0	0	992
964	8522	0	1	0	1	0	0	1	25	222	6	37	32512	992	0	0	0	992
964	8524	0	1	0	1	0	0	1	25	222	6	37	32512	992	0	0	0	992
964	8529	0	1	0	1	0	0	1	25	222	6	37	32512	992	0	0	0	992
964	8530	0	1	0	1	0	0	1	25	222	6	37	32512	992	0	0	0	992
964	8532	0	1	0	1	0	0	1	25	222	6	37	32512	992	0	0	0	992
964	8536	0	1	0	1	0	0	1	25	222	6	37	32512	992	0	0	0	992
964	8545	0	1	0	1	0	0	1	25	222	6	37	32512	992	0	0	0	992
964	8546	0	1	0	1	0	0	1	25	222	6	37	32512	992	0	0	0	992
964	8548	0	1	0	1	0	0	1	25	222	6	37	32512	992	0	0	0	992
964	8552	0	1	0	1	0	0	1	25	222	6	37	32512	992	0	0	0	992
964	8560	0	1	0	1	0	0	1	25	222	6	37	32512	992	0	0	0	992
964	8579	0	1	0	1	0	0	1	25	222	6	37	32512	992	0	0	0	992
964	8581	0	1	0	1	0	0	1	25	222	6	37	32512	992	0	0	0	992
964	8582	0	1	0	1	0	0	1	25	222	6	37	32512	992	0	0	0	992
964	8585	0	1	0	1	0	0	1	25	222	6	37	32512	992	0	0	0	992
964	8586	0	1	0	1	0	0	1	25	222	6	37	32512	992	0	0	0	992
964	8588	0	1	0	1	0	0	1	25	222	6	37	32512	992	0	0	0	992
964	8593	0	1	0	1	0	0	1	25	222	6	37	32512	992	0	0	0	992
964	8594	0	1	0	1	0	0	1	25	222	6	37	32512	992	0	0	0	992
964	8596	0	1	0	1	0	0	1	25	222	6	37	32512	992	0	0	0	992
964	8600	0	1	0	1	0	0	1	25	222	6	37	32512	992	0	0	0	992
964	8609	0	1	0	1	0	0	1	25	222	6	37	32512	992	0	0	0	992
964	8610	0	1	0	1	0	0	1	25	222	6	37	32512	992	0	0	0	992
964	8612	0	1	0	1	0	0	1	25	222	6	37	32512	992	0	0	0	992
964	8616	0	1	0	1	0	0	1	25	222	6	37	32512	992	0	0	0	992
964	8624	0	1	0	1	0	0	1	25	222	6	37	32512	992	0	0	0	992
964	8641	0	1	0	1	0	0	1	25	222	6	37	32512	992	0	0	0	992
964	8642	0	1	0	1	0	0	1	25	222	6	37	32512	992	0	0	0	992
964	8644	0	1	0	1	0	0	1	25	222	6	37	32512	992	0	0	0	992
964	8648	0	1	0	1	0	0	1	25	222	6	37	32512	992	0	0	0	992
964	8656	0	1	0	1	0	0	1	25	222	6	37	32512	992	0	0	0	992
964	8672	0	1	0	1	0	0	1	25	222	6	37	32512	992	0	0	0	992
964	8711	0	1	0	1	0	0	1	25	222	6	37	32512	992	0	0	0	992
964	8715	0	1	0	1	0	0	1	25	222	6	37	32512	992	0	0	0	992
964	8717	0	1	0	1	0	0	1	25	222	6	37	32512	992	0	0	0	992
964	8718	0	1	0	1	0	0	1	25	222	6	37	32512	992	0	0	0	992
964	8723	0	1	0	1	0	0	1	25	222	6	37	32512	992	0	0	0	992
964	8725	0	1	0	1	0	0	1	25	222	6	37	32512	992	0	0	0	992
964	8726	0	1	0	1	0	0	1	25	222	6	37	32512	992	0	0	0	992
964	8729	0	1	0	1	0	0	1	25	222	6	37	32512	992	0	0	0	992
964	8730	0	1	0	1	0	0	1	25	222	6	37	32512	992	0	0	0	992
964	8732	0	1	0	1	0	0	1	25	222	6	37	32512	992	0	0	0	992
964	8739	0	1	0	1	0	0	1	25	222	6	37	32512	992	0	0	0	992
964	8741	0	1	0	1	0	0	1	25	222	6	37	32512	992	0	0	0	992
964	8742	0	1	0	1	0	0	1	25	222	6	37	32512	992	0	0	0	992
964	8745	0	1	0	1	0	0	1	25	222	6	37	32512	992	0	0	0	992
964	8746	0	1	0	1	0	0	1	25	222	6	37	32512	992	0	0	0	992
964	8748	0	1	0	1	0	0	1	25	222	6	37	32512	992	0	0	0	992
964	8753	0	1	0	1	0	0	1	25	222	6	37	32512	992	0	0	0	992
964	8754	0	1	0	1	0	0	1	25	222	6	37	32512	992	0	0	0	992
964	8756	0	1	0	1	0	0	1	25	222	6	37	32512	992	0	0	0	992
964	8760	0	1	0	1	0	0	1	25	222	6	37	32512	992	0	0	0	992
964	8771	0	1	0	1	0	0	1	25	222	6	37	32512	992	0	0	0	992
964	8773	0	1	0	1	0	0	1	25	222	6	37	32512	992	0	0	0	992
964	8774	0	1	0	1	0	0	1	25	222	6	37	32512	992	0	0	0	992
964	8777	0	1	0	1	0	0	1	25	222	6	37	32512	992	0	0	0	992
964	8778	0	1	0	1	0	0	1	25	222	6	37	32512	992	0	0	0	992
964	8780	0	1	0	1	0	0	1	25	222	6	37	32512	992	0	0	0	992
964	8785	0	1	0	1	0	0	1	25	222	6	37	32512	992	0	0	0	992
964	8786	0	1	0	1	0	0	1	25	222	6	37	32512	992	0	0	0	992
964	8788	0	1	0	1	0	0	1	25	222	6	37	32512	992	0	0	0	992
964	8792	0	1	0	1	0	0	1	25	222	6	37	32512	992	0	0	0	992
964	8801	0	1	0	1	0	0	1	25	222	6	37	32512	992	0	0	0	992
964	8802	0	1	0	1	0	0	1	25	222	6	37	32512	992	0	0	0	992
964	8804	0	1	0	1	0	0	1	25	222	6	37	32512	992	0	0	0	992
964	8808	0	1	0	1	0	0	1	25	222	6	37	32512	992	0	0	0	992
964	8816	0	1	0	1	0	0	1	25	222	6	37	32512	992	0	0	0	992
964	8835	0	1	0	1	0	0	1	25	222	6	37	32512	992	0	0	0	992
964	8837	0	1	0	1	0	0	1	25	222	6	37	32512	992	0	0	0	992
964	8838	0	1	0	1	0	0	1	25	222	6	37	32512	992	0	0	0	992
964	8841	0	1	0	1	0	0	1	25	222	6	37	32512	992	0	0	0	992
964	8842	0	1	0	1	0	0	1	25	222	6	37	32512	992	0	0	0	992
964	8844	0	1	0	1	0	0	1	25	222	6	37	32512	992	0	0	0	992
964	8849	0	1	0	1	0	0	1	25	222	6	37	32512	992	0	0	0	992
964	8850	0	1	0	1	0	0	1	25	222	6	37	32512	992	0	0	0	992
964	8852	0	1	0	1	0	0	1	25	222	6	37	32512	992	0	0	0	992
964	8856	0	1	0	1	0	0	1	25	222	6	37	32512	992	0	0	0	992
964	8865	0	1	0	1	0	0	1	25	222	6	37	32512	992	0	0	0	992
964	8866	0	1	0	1	0	0	1	25	222	6	37	32512	992	0	0	0	992
964	8868	0	1	0	1	0	0	1	25	222	6	37	32512	992	0	0	0	992
964	8872	0	1	0	1	0	0	1	25	222	6	37	32512	992	0	0	0	992
964	8880	0	1	0	1	0	0	1	25	222	6	37	32512	992	0	0	0	992
964	8897	0	1	0	1	0	0	1	25	222	6	37	32512	992	0	0	0	992
964	8898	0	1	0	1	0	0	1	25	222	6	37	32512	992	0	0	0	992
964	8900	0	1	0	1	0	0	1	25	222	6	37	32512	992	0	0	0	992
964	8904	0	1	0	1	0	0	1	25	222	6	37	32512	992	0	0	0	992
964	8912	0	1	0	1	0	0	1	25	222	6	37	32512	992	0	0	0	992
964	8928	0	1	0	1	0	0	1	25	222	6	37	32512	992	0	0	0	992
964	8963	0	1	0	1	0	0	1	26	222	6	38	32512	960	0	0	0	960
964	8965	0	1	0	1	0	0	1	26	222	6	38	32512	960	0	0	0	960
964	8966	0	1	0	1	0	0	1	26	222	6	38	32512	960	0	0	0	960
964	8969	0	1	0	1	0	0	1	26	222	6	38	32512	960	0	0	0	960
964	8970	0	1	0	1	0	0	1	26	222	6	38	32512	960	0	0	0	960
964	8972	0	1	0	1	0	0	1	26	222	6	38	32512	960	0	0	0	960
964	8977	0	1	0	1	0	0	1	26	222	6	38	32512	960	0	0	0	960
964	8978	0	1	0	1	0	0	1	26	222	6	38	32512	960	0	0	0	960
964	8980	0	1	0	1	0	0	1	26	222	6	38	32512	960	0	0	0	960
964	8984	0	1	0	1	0	0	1	26	222	6	38	32512	960	0	0	0	960
964	8993	0	1	0	1	0	0	1	26	222	6	38	32512	960	0	0	0	960
964	8994	0	1	0	1	0	0	1	26	222	6	38	32512	960	0	0	0	960
964	8996	0	1	0	1	0	0	1	26	222	6	38	32512	960	0	0	0	960
964	9000	0	1	0	1	0	0	1	26	222	6	38	32512	960	0	0	0	960
964	9008	0	1	0	1	0	0	1	26	222	6	38	32512	960	0	0	0	960
964	9025	0	1	0	1	0	0	1	26	222	6	38	32512	960	0	0	0	960
964	9026	0	1	0	1	0	0	1	26	222	6	38	32512	960	0	0	0	960
964	9028	0	1	0	1	0	0	1	26	222	6	38	32512	960	0	0	0	960
964	9032	0	1	0	1	0	0	1	26	222	6	38	32512	960	0	0	0	960
964	9040	0	1	0	1	0	0	1	26	222	6	38	32512	960	0	0	0	960
964	9056	0	1	0	1	0	0	1	26	222	6	38	32512	960	0	0	0	960
964	9089	0	1	0	1	0	0	1	26	222	6	38	32512	960	0	0	0	960
964	9090	0	1	0	1	0	0	1	26	222	6	38	32512	960	0	0	0	960
964	9092	0	1	0	1	0	0	1	26	222	6	38	32512	960	0	0	0	960
964	9096	0	1	0	1	0	0	1	26	222	6	38	32512	960	0	0	0	960
964	9104	0	1	0	1	0	0	1	26	222	6	38	32512	960	0	0	0	960
964	9120	0	1	0	1	0	0	1	26	222	6	38	32512	960	0	0	0	960
964	9152	0	1	0	1	0	0	1	26	222	6	38	32512	960	0	0	0	960
964	9223	0	1	0	1	0	0	1	25	222	6	37	32512	992	0	0	0	992
964	9227	0	1	0	1	0	0	1	25	222	6	37	32512	992	0	0	0	992
964	9229	0	1	0	1	0	0	1	25	222	6	37	32512	992	0	0	0	992
964	9230	0	1	0	1	0	0	1	25	222	6	37	32512	992	0	0	0	992
964	9235	0	1	0	1	0	0	1	25	222	6	37	32512	992	0	0	0	992
964	9237	0	1	0	1	0	0	1	25	222	6	37	32512	992	0	0	0	992
964	9238	0	1	0	1	0	0	1	25	222	6	37	32512	992	0	0	0	992
964	9241	0	1	0	1	0	0	1	25	222	6	37	32512	992	0	0	0	992
964	9242	0	1	0	1	0	0	1	25	222	6	37	32512	992	0	0	0	992
964	9244	0	1	0	1	0	0	1	25	222	6	37	32512	992	0	0	0	992
964	9251	0	1	0	1	0	0	1	25	222	6	37	32512	992	0	0	0	992
964	9253	0	1	0	1	0	0	1	25	222	6	37	32512	992	0	0	0	992
964	9254	0	1	0	1	0	0	1	25	222	6	37	32512	992	0	0	0	992
964	9257	0	1	0	1	0	0	1	25	222	6	37	32512	992	0	0	0	992
964	9258	0	1	0	1	0	0	1	25	222	6	37	32512	992	0	0	0	992
964	9260	0	1	0	1	0	0	1	25	222	6	37	32512	992	0	0	0	992
964	9265	0	1	0	1	0	0	1	25	222	6	37	32512	992	0	0	0	992
964	9266	0	1	0	1	0	0	1	25	222	6	37	32512	992	0	0	0	992
964	9268	0	1	0	1	0	0	1	25	222	6	37	32512	992	0	0	0	992
964	9272	0	1	0	1	0	0	1	25	222	6	37	32512	992	0	0	0	992
964	9283	0	1	0	1	0	0	1	25	222	6	37	32512	992	0	0	0	992
964	9285	0	1	0	1	0	0	1	25	222	6	37	32512	992	0	0	0	992
964	9286	0	1	0	1	0	0	1	25	222	6	37	32512	992	0	0	0	992
964	9289	0	1	0	1	0	0	1	25	222	6	37	32512	992	0	0	0	992
964	9290	0	1	0	1	0	0	1	25	222	6	37	32512	992	0	0	0	992
964	9292	0	1	0	1	0	0	1	25	222	6	37	32512	992	0	0	0	992
964	9297	0	1	0	1	0	0	1	25	222	6	37	32512	992	0	0	0	992
964	9298	0	1	0	1	0	0	1	25	222	6	37	32512	992	0	0	0	992
964	9300	0	1	0	1	0	0	1	25	222	6	37	32512	992	0	0	0	992
964	9304	0	1	0	1	0	0	1	25	222	6	37	32512	992	0	0	0	992
964	9313	0	1	0	1	0	0	1	25	222	6	37	32512	992	0	0	0	992
964	9314	0	1	0	1	0	0	1	25	222	6	37	32512	992	0	0	0	992
964	9316	0	1	0	1	0	0	1	25	222	6	37	32512	992	0	0	0	992
964	9320	0	1	0	1	0	0	1	25	222	6	37	32512	992	0	0	0	992
964	9328	0	1	0	1	0	0	1	25	222	6	37	32512	992	0	0	0	992
964	9347	0	1	0	1	0	0	1	25	222	6	37	32512	992	0	0	0	992
964	9349	0	1	0	1	0	0	1	25	222	6	37	32512	992	0	0	0	992
964	9350	0	1	0	1	0	0	1	25	222	6	37	32512	992	0	0	0	992
964	9353	0	1	0	1	0	0	1	25	222	6	37	32512	992	0	0	0	992
964	9354	0	1	0	1	0	0	1	25	222	6	37	32512	992	0	0	0	992
964	9356	0	1	0	1	0	0	1	25	222	6	37	32512	992	0	0	0	992
964	9361	0	1	0	1	0	0	1	25	222	6	37	32512	992	0	0	0	992
964	9362	0	1	0	1	0	0	1	25	222	6	37	32512	992	0	0	0	992
964	9364	0	1	0	1	0	0	1	25	222	6	37	32512	992	0	0	0	992
964	9368	0	1	0	1	0	0	1	25	222	6	37	32512	992	0	0	0	992
964	9377	0	1	0	1	0	0	1	25	222	6	37	32512	992	0	0	0	992
964	9378	0	1	0	1	0	0	1	25	222	6	37	32512	992	0	0	0	992
964	9380	0	1	0	1	0	0	1	25	222	6	37	32512	992	0	0	0	992
964	9384	0	1	0	1	0	0	1	25	222	6	37	32512	992	0	0	0	992
964	9392	0	1	0	1	0	0	1	25	222	6	37	32512	992	0	0	0	992
964	9409	0	1	0	1	0	0	1	25	222	6	37	32512	992	0	0	0	992
964	9410	0	1	0	1	0	0	1	25	222	6	37	32512	992	0	0	0	992
964	9412	0	1	0	1	0	0	1	25	222	6	37	32512	992	0	0	0	992
964	9416	0	1	0	1	0	0	1	25	222	6	37	32512	992	0	0	0	992
964	9424	0	1	0	1	0	0	1	25	222	6	37	32512	992	0	0	0	992
964	9440	0	1	0	1	0	0	1	25	222	6	37	32512	992	0	0	0	992
964	9475	0	1	0	1	0	0	1	26	222	6	38	32512	960	0	0	0	960
964	9477	0	1	0	1	0	0	1	26	222	6	38	32512	960	0	0	0	960
964	9478	0	1	0	1	0	0	1	26	222	6	38	32512	960	0	0	0	960
964	9481	0	1	0	1	0	0	1	26	222	6	38	32512	960	0	0	0	960
964	9482	0	1	0	1	0	0	1	26	222	6	38	32512	960	0	0	0	960
964	9484	0	1	0	1	0	0	1	26	222	6	38	32512	960	0	0	0	960
964	9489	0	1	0	1	0	0	1	26	222	6	38	32512	960	0	0	0	960
964	9490	0	1	0	1	0	0	1	26	222	6	38	32512	960	0	0	0	960
964	9492	0	1	0	1	0	0	1	26	222	6	38	32512	960	0	0	0	960
964	9496	0	1	0	1	0	0	1	26	222	6	38	32512	960	0	0	0	960
964	9505	0	1	0	1	0	0	1	26	222	6	38	32512	960	0	0	0	960
964	9506	0	1	0	1	0	0	1	26	222	6	38	32512	960	0	0	0	960
964	9508	0	1	0	1	0	0	1	26	222	6	38	32512	960	0	0	0	960
964	9512	0	1	0	1	0	0	1	26	222	6	38	32512	960	0	0	0	960
964	9520	0	1	0	1	0	0	1	26	222	6	38	32512	960	0	0	0	960
964	9537	0	1	0	1	0	0	1	26	222	6	38	32512	960	0	0	0	960
964	9538	0	1	0	1	0	0	1	26	222	6	38	32512	960	0	0	0	960
964	9540	0	1	0	1	0	0	1	26	222	6	38	32512	960	0	0	0	960
964	9544	0	1	0	1	0	0	1	26	222	6	38	32512	960	0	0	0	960
964	9552	0	1	0	1	0	0	1	26	222	6	38	32512	960	0	0	0	960
964	9568	0	1	0	1	0	0	1	26	222	6	38	32512	960	0	0	0	960
964	9601	0	1	0	1	0	0	1	26	222	6	38	32512	960	0	0	0	960
964	9602	0	1	0	1	0	0	1	26	222	6	38	32512	960	0	0	0	960
964	9604	0	1	0	1	0	0	1	26	222	6	38	32512	960	0	0	0	960
964	9608	0	1	0	1	0	0	1	26	222	6	38	32512	960	0	0	0	960
964	9616	0	1	0	1	0	0	1	26	222	6	38	32512	960	0	0	0	960
964	9632	0	1	0	1	0	0	1	26	222	6	38	32512	960	0	0	0	960
964	9664	0	1	0	1	0	0	1	26	222	6	38	32512	960	0	0	0	960
964	9731	0	1	0	1	0	0	1	26	222	6	38	32512	960	0	0	0	960
964	9733	0	1	0	1	0	0	1	26	222	6	38	32512	960	0	0	0	960
964	9734	0	1	0	1	0	0	1	26	222	6	38	32512	960	0	0	0	960
964	9737	0	1	0	1	0	0	1	26	222	6	38	32512	960	0	0	0	960
964	9738	0	1	0	1	0	0	1	26	222	6	38	32512	960	0	0	0	960
964	9740	0	1	0	1	0	0	1	26	222	6	38	32512	960	0	0	0	960
964	9745	0	1	0	1	0	0	1	26	222	6	38	32512	960	0	0	0	960
964	9746	0	1	0	1	0	0	1	26	222	6	38	32512	960	0	0	0	960
964	9748	0	1	0	1	0	0	1	26	222	6	38	32512	960	0	0	0	960
964	9752	0	1	0	1	0	0	1	26	222	6	38	32512	960	0	0	0	960
964	9761	0	1	0	1	0	0	1	26	222	6	38	32512	960	0	0	0	960
964	9762	0	1	0	1	0	0	1	26	222	6	38	32512	960	0	0	0	960
964	9764	0	1	0	1	0	0	1	26	222	6	38	32512	960	0	0	0	960
964	9768	0	1	0	1	0	0	1	26	222	6	38	32512	960	0	0	0	960
964	9776	0	1	0	1	0	0	1	26	222	6	38	32512	960	0	0	0	960
964	9793	0	1	0	1	0	0	1	26	222	6	38	32512	960	0	0	0	960
964	9794	0	1	0	1	0	0	1	26	222	6	38	32512	960	0	0	0	960
964	9796	0	1	0	1	0	0	1	26	222	6	38	32512	960	0	0	0	960
964	9800	0	1	0	1	0	0	1	26	222	6	38	32512	960	0	0	0	960
964	9808	0	1	0	1	0	0	1	26	222	6	38	32512	960	0	0	0	960
964	9824	0	1	0	1	0	0	1	26	222	6	38	32512	960	0	0	0	960
964	9857	0	1	0	1	0	0	1	26	222	6	38	32512	960	0	0	0	960
964	9858	0	1	0	1	0	0	1	26	222	6	38	32512	960	0	0	0	960
964	9860	0	1	0	1	0	0	1	26	222	6	38	32512	960	0	0	0	960
964	9864	0	1	0	1	0	0	1	26	222	6	38	32512	960	0	0	0	960
964	9872	0	1	0	1	0	0	1	26	222	6	38	32512	960	0	0	0	960
964	9888	0	1	0	1	0	0	1	26	222	6	38	32512	960	0	0	0	960
964	9920	0	1	0	1	0	0	1	26	222	6	38	32512	960	0	0	0	960
964	9985	0	1	0	1	0	0	1	31	75	4	39	32512	896	0	0	0	896
964	9986	0	1	0	1	0	0	1	31	75	4	39	32512	896	0	0	0	896
964	9988	0	1	0	1	0	0	1	31	75	4	39	32512	896	0	0	0	896
964	9992	0	1	0	1	0	0	1	31	75	4	39	32512	896	0	0	0	896
964	10000	0	1	0	1	0	0	1	31	75	4	39	32512	896	0	0	0	896
964	10016	0	1	0	1	0	0	1	31	75	4	39	32512	896	0	0	0	896
964	10048	0	1	0	1	0	0	1	31	75	4	39	32512	896	0	0	0	896
964	10112	0	1	0	1	0	0	1	31	75	4	39	32512	896	0	0	0	896
964	10247	0	1	0	1	0	0	1	25	222	6	37	32512	992	0	0	0	992
964	10251	0	1	0	1	0	0	1	25	222	6	37	32512	992	0	0	0	992
964	10253	0	1	0	1	0	0	1	25	222	6	37	32512	992	0	0	0	992
964	10254	0	1	0	1	0	0	1	25	222	6	37	32512	992	0	0	0	992
964	10259	0	1	0	1	0	0	1	25	222	6	37	32512	992	0	0	0	992
964	10261	0	1	0	1	0	0	1	25	222	6	37	32512	992	0	0	0	992
964	10262	0	1	0	1	0	0	1	25	222	6	37	32512	992	0	0	0	992
964	10265	0	1	0	1	0	0	1	25	222	6	37	32512	992	0	0	0	992
964	10266	0	1	0	1	0	0	1	25	222	6	37	32512	992	0	0	0	992
964	10268	0	1	0	1	0	0	1	25	222	6	37	32512	992	0	0	0	992
964	10275	0	1	0	1	0	0	1	25	222	6	37	32512	992	0	0	0	992
964	10277	0	1	0	1	0	0	1	25	222	6	37	32512	992	0	0	0	992
964	10278	0	1	0	1	0	0	1	25	222	6	37	32512	992	0	0	0	992
964	10281	0	1	0	1	0	0	1	25	222	6	37	32512	992	0	0	0	992
964	10282	0	1	0	1	0	0	1	25	222	6	37	32512	992	0	0	0	992
964	10284	0	1	0	1	0	0	1	25	222	6	37	32512	992	0	0	0	992
964	10289	0	1	0	1	0	0	1	25	222	6	37	32512	992	0	0	0	992
964	10290	0	1	0	1	0	0	1	25	222	6	37	32512	992	0	0	0	992
964	10292	0	1	0	1	0	0	1	25	222	6	37	32512	992	0	0	0	992
964	10296	0	1	0	1	0	0	1	25	222	6	37	32512	992	0	0	0	992
964	10307	0	1	0	1	0	0	1	25	222	6	37	32512	992	0	0	0	992
964	10309	0	1	0	1	0	0	1	25	222	6	37	32512	992	0	0	0	992
964	10310	0	1	0	1	0	0	1	25	222	6	37	32512	992	0	0	0	992
964	10313	0	1	0	1	0	0	1	25	222	6	37	32512	992	0	0	0	992
964	10314	0	1	0	1	0	0	1	25	222	6	37	32512	992	0	0	0	992
964	10316	0	1	0	1	0	0	1	25	222	6	37	32512	992	0	0	0	992
964	10321	0	1	0	1	0	0	1	25	222	6	37	32512	992	0	0	0	992
964	10322	0	1	0	1	0	0	1	25	222	6	37	32512	992	0	0	0	992
964	10324	0	1	0	1	0	0	1	25	222	6	37	32512	992	0	0	0	992
964	10328	0	1	0	1	0	0	1	25	222	6	37	32512	992	0	0	0	992
964	10337	0	1	0	1	0	0	1	25	222	6	37	32512	992	0	0	0	992
964	10338	0	1	0	1	0	0	1	25	222	6	37	32512	992	0	0	0	992
964	10340	0	1	0	1	0	0	1	25	222	6	37	32512	992	0	0	0	992
964	10344	0	1	0	1	0	0	1	25	222	6	37	32512	992	0	0	0	992
964	10352	0	1	0	1	0	0	1	25	222	6	37	32512	992	0	0	0	992
964	10371	0	1	0	1	0	0	1	25	222	6	37	32512	992	0	0	0	992
964	10373	0	1	0	1	0	0	1	25	222	6	37	32512	992	0	0	0	992
964	10374	0	1	0	1	0	0	1	25	222	6	37	32512	992	0	0	0	992
964	10377	0	1	0	1	0	0	1	25	222	6	37	32512	992	0	0	0	992
964	10378	0	1	0	1	0	0	1	25	222	6	37	32512	992	0	0	0	992
964	10380	0	1	0	1	0	0	1	25	222	6	37	32512	992	0	0	0	992
964	10385	0	1	0	1	0	0	1	25	222	6	37	32512	992	0	0	0	992
964	10386	0	1	0	1	0	0	1	25	222	6	37	32512	992	0	0	0	992
964	10388	0	1	0	1	0	0	1	25	222	6	37	32512	992	0	0	0	992
964	10392	0	1	0	1	0	0	1	25	222	6	37	32512	992	0	0	0	992
964	10401	0	1	0	1	0	0	1	25	222	6	37	32512	992	0	0	0	992
964	10402	0	1	0	1	0	0	1	25	222	6	37	32512	992	0	0	0	992
964	10404	0	1	0	1	0	0	1	25	222	6	37	32512	992	0	0	0	992
964	10408	0	1	0	1	0	0	1	25	222	6	37	32512	992	0	0	0	992
964	10416	0	1	0	1	0	0	1	25	222	6	37	32512	992	0	0	0	992
964	10433	0	1	0	1	0	0	1	25	222	6	37	32512	992	0	0	0	992
964	10434	0	1	0	1	0	0	1	25	222	6	37	32512	992	0	0	0	992
964	10436	0	1	0	1	0	0	1	25	222	6	37	32512	992	0	0	0	992
964	10440	0	1	0	1	0	0	1	25	222	6	37	32512	992	0	0	0	992
964	10448	0	1	0	1	0	0	1	25	222	6	37	32512	992	0	0	0	992
964	10464	0	1	0	1	0	0	1	25	222	6	37	32512	992	0	0	0	992
964	10499	0	1	0	1	0	0	1	26	222	6	38	32512	960	0	0	0	960
964	10501	0	1	0	1	0	0	1	26	222	6	38	32512	960	0	0	0	960
964	10502	0	1	0	1	0	0	1	26	222	6	38	32512	960	0	0	0	960
964	10505	0	1	0	1	0	0	1	26	222	6	38	32512	960	0	0	0	960
964	10506	0	1	0	1	0	0	1	26	222	6	38	32512	960	0	0	0	960
964	10508	0	1	0	1	0	0	1	26	222	6	38	32512	960	0	0	0	960
964	10513	0	1	0	1	0	0	1	26	222	6	38	32512	960	0	0	0	960
964	10514	0	1	0	1	0	0	1	26	222	6	38	32512	960	0	0	0	960
964	10516	0	1	0	1	0	0	1	26	222	6	38	32512	960	0	0	0	960
964	10520	0	1	0	1	0	0	1	26	222	6	38	32512	960	0	0	0	960
964	10529	0	1	0	1	0	0	1	26	222	6	38	32512	960	0	0	0	960
964	10530	0	1	0	1	0	0	1	26	222	6	38	32512	960	0	0	0	960
964	10532	0	1	0	1	0	0	1	26	222	6	38	32512	960	0	0	0	960
964	10536	0	1	0	1	0	0	1	26	222	6	38	32512	960	0	0	0	960
964	10544	0	1	0	1	0	0	1	26	222	6	38	32512	960	0	0	0	960
964	10561	0	1	0	1	0	0	1	26	222	6	38	32512	960	0	0	0	960
964	10562	0	1	0	1	0	0	1	26	222	6	38	32512	960	0	0	0	960
964	10564	0	1	0	1	0	0	1	26	222	6	38	32512	960	0	0	0	960
964	10568	0	1	0	1	0	0	1	26	222	6	38	32512	960	0	0	0	960
964	10576	0	1	0	1	0	0	1	26	222	6	38	32512	960	0	0	0	960
964	10592	0	1	0	1	0	0	1	26	222	6	38	32512	960	0	0	0	960
964	10625	0	1	0	1	0	0	1	26	222	6	38	32512	960	0	0	0	960
964	10626	0	1	0	1	0	0	1	26	222	6	38	32512	960	0	0	0	960
964	10628	0	1	0	1	0	0	1	26	222	6	38	32512	960	0	0	0	960
964	10632	0	1	0	1	0	0	1	26	222	6	38	32512	960	0	0	0	960
964	10640	0	1	0	1	0	0	1	26	222	6	38	32512	960	0	0	0	960
964	10656	0	1	0	1	0	0	1	26	222	6	38	32512	960	0	0	0	960
964	10688	0	1	0	1	0	0	1	26	222	6	38	32512	960	0	0	0	960
964	10755	0	1	0	1	0	0	1	26	222	6	38	32512	960	0	0	0	960
964	10757	0	1	0	1	0	0	1	26	222	6	38	32512	960	0	0	0	960
964	10758	0	1	0	1	0	0	1	26	222	6	38	32512	960	0	0	0	960
964	10761	0	1	0	1	0	0	1	26	222	6	38	32512	960	0	0	0	960
964	10762	0	1	0	1	0	0	1	26	222	6	38	32512	960	0	0	0	960
964	10764	0	1	0	1	0	0	1	26	222	6	38	32512	960	0	0	0	960
964	10769	0	1	0	1	0	0	1	26	222	6	38	32512	960	0	0	0	960
964	10770	0	1	0	1	0	0	1	26	222	6	38	32512	960	0	0	0	960
964	10772	0	1	0	1	0	0	1	26	222	6	38	32512	960	0	0	0	960
964	10776	0	1	0	1	0	0	1	26	222	6	38	32512	960	0	0	0	960
964	10785	0	1	0	1	0	0	1	26	222	6	38	32512	960	0	0	0	960
964	10786	0	1	0	1	0	0	1	26	222	6	38	32512	960	0	0	0	960
964	10788	0	1	0	1	0	0	1	26	222	6	38	32512	960	0	0	0	960
964	10792	0	1	0	1	0	0	1	26	222	6	38	32512	960	0	0	0	960
964	10800	0	1	0	1	0	0	1	26	222	6	38	32512	960	0	0	0	960
964	10817	0	1	0	1	0	0	1	26	222	6	38	32512	960	0	0	0	960
964	10818	0	1	0	1	0	0	1	26	222	6	38	32512	960	0	0	0	960
964	10820	0	1	0	1	0	0	1	26	222	6	38	32512	960	0	0	0	960
964	10824	0	1	0	1	0	0	1	26	222	6	38	32512	960	0	0	0	960
964	10832	0	1	0	1	0	0	1	26	222	6	38	32512	960	0	0	0	960
964	10848	0	1	0	1	0	0	1	26	222	6	38	32512	960	0	0	0	960
964	10881	0	1	0	1	0	0	1	26	222	6	38	32512	960	0	0	0	960
964	10882	0	1	0	1	0	0	1	26	222	6	38	32512	960	0	0	0	960
964	10884	0	1	0	1	0	0	1	26	222	6	38	32512	960	0	0	0	960
964	10888	0	1	0	1	0	0	1	26	222	6	38	32512	960	0	0	0	960
964	10896	0	1	0	1	0	0	1	26	222	6	38	32512	960	0	0	0	960
964	10912	0	1	0	1	0	0	1	26	222	6	38	32512	960	0	0	0	960
964	10944	0	1	0	1	0	0	1	26	222	6	38	32512	960	0	0	0	960
964	11009	0	1	0	1	0	0	1	31	75	4	39	32512	896	0	0	0	896
964	11010	0	1	0	1	0	0	1	31	75	4	39	32512	896	0	0	0	896
964	11012	0	1	0	1	0	0	1	31	75	4	39	32512	896	0	0	0	896
964	11016	0	1	0	1	0	0	1	31	75	4	39	32512	896	0	0	0	896
964	11024	0	1	0	1	0	0	1	31	75	4	39	32512	896	0	0	0	896
964	11040	0	1	0	1	0	0	1	31	75	4	39	32512	896	0	0	0	896
964	11072	0	1	0	1	0	0	1	31	75	4	39	32512	896	0	0	0	896
964	11136	0	1	0	1	0	0	1	31	75	4	39	32512	896	0	0	0	896
964	11267	0	1	0	1	0	0	1	26	222	6	38	32512	960	0	0	0	960
964	11269	0	1	0	1	0	0	1	26	222	6	38	32512	960	0	0	0	960
964	11270	0	1	0	1	0	0	1	26	222	6	38	32512	960	0	0	0	960
964	11273	0	1	0	1	0	0	1	26	222	6	38	32512	960	0	0	0	960
964	11274	0	1	0	1	0	0	1	26	222	6	38	32512	960	0	0	0	960
964	11276	0	1	0	1	0	0	1	26	222	6	38	32512	960	0	0	0	960
964	11281	0	1	0	1	0	0	1	26	222	6	38	32512	960	0	0	0	960
964	11282	0	1	0	1	0	0	1	26	222	6	38	32512	960	0	0	0	960
964	11284	0	1	0	1	0	0	1	26	222	6	38	32512	960	0	0	0	960
964	11288	0	1	0	1	0	0	1	26	222	6	38	32512	960	0	0	0	960
964	11297	0	1	0	1	0	0	1	26	222	6	38	32512	960	0	0	0	960
964	11298	0	1	0	1	0	0	1	26	222	6	38	32512	960	0	0	0	960
964	11300	0	1	0	1	0	0	1	26	222	6	38	32512	960	0	0	0	960
964	11304	0	1	0	1	0	0	1	26	222	6	38	32512	960	0	0	0	960
964	11312	0	1	0	1	0	0	1	26	222	6	38	32512	960	0	0	0	960
964	11329	0	1	0	1	0	0	1	26	222	6	38	32512	960	0	0	0	960
964	11330	0	1	0	1	0	0	1	26	222	6	38	32512	960	0	0	0	960
964	11332	0	1	0	1	0	0	1	26	222	6	38	32512	960	0	0	0	960
964	11336	0	1	0	1	0	0	1	26	222	6	38	32512	960	0	0	0	960
964	11344	0	1	0	1	0	0	1	26	222	6	38	32512	960	0	0	0	960
964	11360	0	1	0	1	0	0	1	26	222	6	38	32512	960	0	0	0	960
964	11393	0	1	0	1	0	0	1	26	222	6	38	32512	960	0	0	0	960
964	11394	0	1	0	1	0	0	1	26	222	6	38	32512	960	0	0	0	960
964	11396	0	1	0	1	0	0	1	26	222	6	38	32512	960	0	0	0	960
964	11400	0	1	0	1	0	0	1	26	222	6	38	32512	960	0	0	0	960
964	11408	0	1	0	1	0	0	1	26	222	6	38	32512	960	0	0	0	960
964	11424	0	1	0	1	0	0	1	26	222	6	38	32512	960	0	0	0	960
964	11456	0	1	0	1	0	0	1	26	222	6	38	32512	960	0	0	0	960
964	11521	0	1	0	1	0	0	1	31	75	4	39	32512	896	0	0	0	896
964	11522	0	1	0	1	0	0	1	31	75	4	39	32512	896	0	0	0	896
964	11524	0	1	0	1	0	0	1	31	75	4	39	32512	896	0	0	0	896
964	11528	0	1	0	1	0	0	1	31	75	4	39	32512	896	0	0	0	896
964	11536	0	1	0	1	0	0	1	31	75	4	39	32512	896	0	0	0	896
964	11552	0	1	0	1	0	0	1	31	75	4	39	32512	896	0	0	0	896
964	11584	0	1	0	1	0	0	1	31	75	4	39	32512	896	0	0	0	896
964	11648	0	1	0	1	0	0	1	31	75	4	39	32512	896	0	0	0	896
964	11777	0	1	0	1	0	0	1	31	75	4	39	32512	896	0	0	0	896
964	11778	0	1	0	1	0	0	1	31	75	4	39	32512	896	0	0	0	896
964	11780	0	1	0	1	0	0	1	31	75	4	39	32512	896	0	0	0	896
964	11784	0	1	0	1	0	0	1	31	75	4	39	32512	896	0	0	0	896
964	11792	0	1	0	1	0	0	1	31	75	4	39	32512	896	0	0	0	896
964	11808	0	1	0	1	0	0	1	31	75	4	39	32512	896	0	0	0	896
964	11840	0	1	0	1	0	0	1	31	75	4	39	32512	896	0	0	0	896
964	11904	0	1	0	1	0	0	1	31	75	4	39	32512	896	0	0	0	896
964	12032	0	1	0	1	0	0	1	40	0	0	40	32512	768	0	0	0	768
964	12295	0	1	0	1	0	0	1	25	222	6	37	32512	992	0	0	0	992
964	12299	0	1	0	1	0	0	1	25	222	6	37	32512	992	0	0	0	992
964	12301	0	1	0	1	0	0	1	25	222	6	37	32512	992	0	0	0	992
964	12302	0	1	0	1	0	0	1	25	222	6	37	32512	992	0	0	0	992
964	12307	0	1	0	1	0	0	1	25	222	6	37	32512	992	0	0	0	992
964	12309	0	1	0	1	0	0	1	25	222	6	37	32512	992	0	0	0	992
964	12310	0	1	0	1	0	0	1	25	222	6	37	32512	992	0	0	0	992
964	12313	0	1	0	1	0	0	1	25	222	6	37	32512	992	0	0	0	992
964	12314	0	1	0	1	0	0	1	25	222	6	37	32512	992	0	0	0	992
964	12316	0	1	0	1	0	0	1	25	222	6	37	32512	992	0	0	0	992
964	12323	0	1	0	1	0	0	1	25	222	6	37	32512	992	0	0	0	992
964	12325	0	1	0	1	0	0	1	25	222	6	37	32512	992	0	0	0	992
964	12326	0	1	0	1	0	0	1	25	222	6	37	32512	992	0	0	0	992
964	12329	0	1	0	1	0	0	1	25	222	6	37	32512	992	0	0	0	992
964	12330	0	1	0	1	0	0	1	25	222	6	37	32512	992	0	0	0	992
964	12332	0	1	0	1	0	0	1	25	222	6	37	32512	992	0	0	0	992
964	12337	0	1	0	1	0	0	1	25	222	6	37	32512	992	0	0	0	992
964	12338	0	1	0	1	0	0	1	25	222	6	37	32512	992	0	0	0	992
964	12340	0	1	0	1	0	0	1	25	222	6	37	32512	992	0	0	0	992
964	12344	0	1	0	1	0	0	1	25	222	6	37	32512	992	0	0	0	992
964	12355	0	1	0	1	0	0	1	25	222	6	37	32512	992	0	0	0	992
964	12357	0	1	0	1	0	0	1	25	222	6	37	32512	992	0	0	0	992
964	12358	0	1	0	1	0	0	1	25	222	6	37	32512	992	0	0	0	992
964	12361	0	1	0	1	0	0	1	25	222	6	37	32512	992	0	0	0	992
964	12362	0	1	0	1	0	0	1	25	222	6	37	32512	992	0	0	0	992
964	12364	0	1	0	1	0	0	1	25	222	6	37	32512	992	0	0	0	992
964	12369	0	1	0	1	0	0	1	25	222	6	37	32512	992	0	0	0	992
964	12370	0	1	0	1	0	0	1	25	222	6	37	32512	992	0	0	0	992
964	12372	0	1	0	1	0	0	1	25	222	6	37	32512	992	0	0	0	992
964	12376	0	1	0	1	0	0	1	25	222	6	37	32512	992	0	0	0	992
964	12385	0	1	0	1	0	0	1	25	222	6	37	32512	992	0	0	0	992
964	12386	0	1	0	1	0	0	1	25	222	6	37	32512	992	0	0	0	992
964	12388	0	1	0	1	0	0	1	25	222	6	37	32512	992	0	0	0	992
964	12392	0	1	0	1	0	0	1	25	222	6	37	32512	992	0	0	0	992
964	12400	0	1	0	1	0	0	1	25	222	6	37	32512	992	0	0	0	992
964	12419	0	1	0	1	0	0	1	25	222	6	37	32512	992	0	0	0	992
964	12421	0	1	0	1	0	0	1	25	222	6	37	32512	992	0	0	0	992
964	12422	0	1	0	1	0	0	1	25	222	6	37	32512	992	0	0	0	992
964	12425	0	1	0	1	0	0	1	25	222	6	37	32512	992	0	0	0	992
964	12426	0	1	0	1	0	0	1	25	222	6	37	32512	992	0	0	0	992
964	12428	0	1	0	1	0	0	1	25	222	6	37	32512	992	0	0	0	992
964	12433	0	1	0	1	0	0	1	25	222	6	37	32512	992	0	0	0	992
964	12434	0	1	0	1	0	0	1	25	222	6	37	32512	992	0	0	0	992
964	12436	0	1	0	1	0	0	1	25	222	6	37	32512	992	0	0	0	992
964	12440	0	1	0	1	0	0	1	25	222	6	37	32512	992	0	0	0	992
964	12449	0	1	0	1	0	0	1	25	222	6	37	32512	992	0	0	0	992
964	12450	0	1	0	1	0	0	1	25	222	6	37	32512	992	0	0	0	992
964	12452	0	1	0	1	0	0	1	25	222	6	37	32512	992	0	0	0	992
964	12456	0	1	0	1	0	0	1	25	222	6	37	32512	992	0	0	0	992
964	12464	0	1	0	1	0	0	1	25	222	6	37	32512	992	0	0	0	992
964	12481	0	1	0	1	0	0	1	25	222	6	37	32512	992	0	0	0	992
964	12482	0	1	0	1	0	0	1	25	222	6	37	32512	992	0	0	0	992
964	12484	0	1	0	1	0	0	1	25	222	6	37	32512	992	0	0	0	992
964	12488	0	1	0	1	0	0	1	25	222	6	37	32512	992	0	0	0	992
964	12496	0	1	0	1	0	0	1	25	222	6	37	32512	992	0	0	0	992
964	12512	0	1	0	1	0	0	1	25	222	6	37	32512	992	0	0	0	992
964	12547	0	1	0	1	0	0	1	26	222	6	38	32512	960	0	0	0	960
964	12549	0	1	0	1	0	0	1	26	222	6	38	32512	960	0	0	0	960
964	12550	0	1	0	1	0	0	1	26	222	6	38	32512	960	0	0	0	960
964	12553	0	1	0	1	0	0	1	26	222	6	38	32512	960	0	0	0	960
964	12554	0	1	0	1	0	0	1	26	222	6	38	32512	960	0	0	0	960
964	12556	0	1	0	1	0	0	1	26	222	6	38	32512	960	0	0	0	960
964	12561	0	1	0	1	0	0	1	26	222	6	38	32512	960	0	0	0	960
964	12562	0	1	0	1	0	0	1	26	222	6	38	32512	960	0	0	0	960
964	12564	0	1	0	1	0	0	1	26	222	6	38	32512	960	0	0	0	960
964	12568	0	1	0	1	0	0	1	26	222	6	38	32512	960	0	0	0	960
964	12577	0	1	0	1	0	0	1	26	222	6	38	32512	960	0	0	0	960
964	12578	0	1	0	1	0	0	1	26	222	6	38	32512	960	0	0	0	960
964	12580	0	1	0	1	0	0	1	26	222	6	38	32512	960	0	0	0	960
964	12584	0	1	0	1	0	0	1	26	222	6	38	32512	960	0	0	0	960
964	12592	0	1	0	1	0	0	1	26	222	6	38	32512	960	0	0	0	960
964	12609	0	1	0	1	0	0	1	26	222	6	38	32512	960	0	0	0	960
964	12610	0	1	0	1	0	0	1	26	222	6	38	32512	960	0	0	0	960
964	12612	0	1	0	1	0	0	1	26	222	6	38	32512	960	0	0	0	960
964	12616	0	1	0	1	0	0	1	26	222	6	38	32512	960	0	0	0	960
964	12624	0	1	0	1	0	0	1	26	222	6	38	32512	960	0	0	0	960
964	12640	0	1	0	1	0	0	1	26	222	6	38	32512	960	0	0	0	960
964	12673	0	1	0	1	0	0	1	26	222	6	38	32512	960	0	0	0	960
964	12674	0	1	0	1	0	0	1	26	222	6	38	32512	960	0	0	0	960
964	12676	0	1	0	1	0	0	1	26	222	6	38	32512	960	0	0	0	960
964	12680	0	1	0	1	0	0	1	26	222	6	38	32512	960	0	0	0	960
964	12688	0	1	0	1	0	0	1	26	222	6	38	32512	960	0	0	0	960
964	12704	0	1	0	1	0	0	1	26	222	6	38	32512	960	0	0	0	960
964	12736	0	1	0	1	0	0	1	26	222	6	38	32512	960	0	0	0	960
964	12803	0	1	0	1	0	0	1	26	222	6	38	32512	960	0	0	0	960
964	12805	0	1	0	1	0	0	1	26	222	6	38	32512	960	0	0	0	960
964	12806	0	1	0	1	0	0	1	26	222	6	38	32512	960	0	0	0	960
964	12809	0	1	0	1	0	0	1	26	222	6	38	32512	960	0	0	0	960
964	12810	0	1	0	1	0	0	1	26	222	6	38	32512	960	0	0	0	960
964	12812	0	1	0	1	0	0	1	26	222	6	38	32512	960	0	0	0	960
964	12817	0	1	0	1	0	0	1	26	222	6	38	32512	960	0	0	0	960
964	12818	0	1	0	1	0	0	1	26	222	6	38	32512	960	0	0	0	960
964	12820	0	1	0	1	0	0	1	26	222	6	38	32512	960	0	0	0	960
964	12824	0	1	0	1	0	0	1	26	222	6	38	32512	960	0	0	0	960
964	12833	0	1	0	1	0	0	1	26	222	6	38	32512	960	0	0	0	960
964	12834	0	1	0	1	0	0	1	26	222	6	38	32512	960	0	0	0	960
964	12836	0	1	0	1	0	0	1	26	222	6	38	32512	960	0	0	0	960
964	12840	0	1	0	1	0	0	1	26	222	6	38	32512	960	0	0	0	960
964	12848	0	1	0	1	0	0	1	26	222	6	38	32512	960	0	0	0	960
964	12865	0	1	0	1	0	0	1	26	222	6	38	32512	960	0	0	0	960
964	12866	0	1	0	1	0	0	1	26	222	6	38	32512	960	0	0	0	960
964	12868	0	1	0	1	0	0	1	26	222	6	38	32512	960	0	0	0	960
964	12872	0	1	0	1	0	0	1	26	222	6	38	32512	960	0	0	0	960
964	12880	0	1	0	1	0	0	1	26	222	6	38	32512	960	0	0	0	960
964	12896	0	1	0	1	0	0	1	26	222	6	38	32512	960	0	0	0	960
964	12929	0	1	0	1	0	0	1	26	222	6	38	32512	960	0	0	0	960
964	12930	0	1	0	1	0	0	1	26	222	6	38	32512	960	0	0	0	960
964	12932	0	1	0	1	0	0	1	26	222	6	38	32512	960	0	0	0	960
964	12936	0	1	0	1	0	0	1	26	222	6	38	32512	960	0	0	0	960
964	12944	0	1	0	1	0	0	1	26	222	6	38	32512	960	0	0	0	960
964	12960	0	1	0	1	0	0	1	26	222	6	38	32512	960	0	0	0	960
964	12992	0	1	0	1	0	0	1	26	222	6	38	32512	960	0	0	0	960
964	13057	0	1	0	1	0	0	1	31	75	4	39	32512	896	0	0	0	896
964	13058	0	1	0	1	0	0	1	31	75	4	39	32512	896	0	0	0	896
964	13060	0	1	0	1	0	0	1	31	75	4	39	32512	896	0	0	0	896
964	13064	0	1	0	1	0	0	1	31	75	4	39	32512	896	0	0	0	896
964	13072	0	1	0	1	0	0	1	31	75	4	39	32512	896	0	0	0	896
964	13088	0	1	0	1	0	0	1	31	75	4	39	32512	896	0	0	0	896
964	13120	0	1	0	1	0	0	1	31	75	4	39	32512	896	0	0	0	896
964	13184	0	1	0	1	0	0	1	31	75	4	39	32512	896	0	0	0	896
964	13315	0	1	0	1	0	0	1	26	222	6	38	32512	960	0	0	0	960
964	13317	0	1	0	1	0	0	1	26	222	6	38	32512	960	0	0	0	960
964	13318	0	1	0	1	0	0	1	26	222	6	38	32512	960	0	0	0	960
964	13321	0	1	0	1	0	0	1	26	222	6	38	32512	960	0	0	0	960
964	13322	0	1	0	1	0	0	1	26	222	6	38	32512	960	0	0	0	960
964	13324	0	1	0	1	0	0	1	26	222	6	38	32512	960	0	0	0	960
964	13329	0	1	0	1	0	0	1	26	222	6	38	32512	960	0	0	0	960
964	13330	0	1	0	1	0	0	1	26	222	6	38	32512	960	0	0	0	960
964	13332	0	1	0	1	0	0	1	26	222	6	38	32512	960	0	0	0	960
964	13336	0	1	0	1	0	0	1	26	222	6	38	32512	960	0	0	0	960
964	13345	0	1	0	1	0	0	1	26	222	6	38	32512	960	0	0	0	960
964	13346	0	1	0	1	0	0	1	26	222	6	38	32512	960	0	0	0	960
964	13348	0	1	0	1	0	0	1	26	222	6	38	32512	960	0	0	0	960
964	13352	0	1	0	1	0	0	1	26	222	6	38	32512	960	0	0	0	960
964	13360	0	1	0	1	0	0	1	26	222	6	38	32512	960	0	0	0	960
964	13377	0	1	0	1	0	0	1	26	222	6	38	32512	960	0	0	0	960
964	13378	0	1	0	1	0	0	1	26	222	6	38	32512	960	0	0	0	960
964	13380	0	1	0	1	0	0	1	26	222	6	38	32512	960	0	0	0	960
964	13384	0	1	0	1	0	0	1	26	222	6	38	32512	960	0	0	0	960
964	13392	0	1	0	1	0	0	1	26	222	6	38	32512	960	0	0	0	960
964	13408	0	1	0	1	0	0	1	26	222	6	38	32512	960	0	0	0	960
964	13441	0	1	0	1	0	0	1	26	222	6	38	32512	960	0	0	0	960
964	13442	0	1	0	1	0	0	1	26	222	6	38	32512	960	0	0	0	960
964	13444	0	1	0	1	0	0	1	26	222	6	38	32512	960	0	0	0	960
964	13448	0	1	0	1	0	0	1	26	222	6	38	32512	960	0	0	0	960
964	13456	0	1	0	1	0	0	1	26	222	6	38	32512	960	0	0	0	960
964	13472	0	1	0	1	0	0	1	26	222	6	38	32512	960	0	0	0	960
964	13504	0	1	0	1	0	0	1	26	222	6	38	32512	960	0	0	0	960
964	13569	0	1	0	1	0	0	1	31	75	4	39	32512	896	0	0	0	896
964	13570	0	1	0	1	0	0	1	31	75	4	39	32512	896	0	0	0	896
964	13572	0	1	0	1	0	0	1	31	75	4	39	32512	896	0	0	0	896
964	13576	0	1	0	1	0	0	1	31	75	4	39	32512	896	0	0	0	896
964	13584	0	1	0	1	0	0	1	31	75	4	39	32512	896	0	0	0	896
964	13600	0	1	0	1	0	0	1	31	75	4	39	32512	896	0	0	0	896
964	13632	0	1	0	1	0	0	1	31	75	4	39	32512	896	0	0	0	896
964	13696	0	1	0	1	0	0	1	31	75	4	39	32512	896	0	0	0	896
964	13825	0	1	0	1	0	0	1	31	75	4	39	32512	896	0	0	0	896
964	13826	0	1	0	1	0	0	1	31	75	4	39	32512	896	0	0	0	896
964	13828	0	1	0	1	0	0	1	31	75	4	39	32512	896	0	0	0	896
964	13832	0	1	0	1	0	0	1	31	75	4	39	32512	896	0	0	0	896
964	13840	0	1	0	1	0	0	1	31	75	4	39	32512	896	0	0	0	896
964	13856	0	1	0	1	0	0	1	31	75	4	39	32512	896	0	0	0	896
964	13888	0	1	0	1	0	0	1	31	75	4	39	32512	896	0	0	0	896
964	13952	0	1	0	1	0	0	1	31	75	4	39	32512	896	0	0	0	896
964	14080	0	1	0	1	0	0	1	40	0	0	40	32512	768	0	0	0	768
964	14339	0	1	0	1	0	0	1	26	222	6	38	32512	960	0	0	0	960
964	14341	0	1	0	1	0	0	1	26	222	6	38	32512	960	0	0	0	960
964	14342	0	1	0	1	0	0	1	26	222	6	38	32512	960	0	0	0	960
964	14345	0	1	0	1	0	0	1	26	222	6	38	32512	960	0	0	0	960
964	14346	0	1	0	1	0	0	1	26	222	6	38	32512	960	0	0	0	960
964	14348	0	1	0	1	0	0	1	26	222	6	38	32512	960	0	0	0	960
964	14353	0	1	0	1	0	0	1	26	222	6	38	32512	960	0	0	0	960
964	14354	0	1	0	1	0	0	1	26	222	6	38	32512	960	0	0	0	960
964	14356	0	1	0	1	0	0	1	26	222	6	38	32512	960	0	0	0	960
964	14360	0	1	0	1	0	0	1	26	222	6	38	32512	960	0	0	0	960
964	14369	0	1	0	1	0	0	1	26	222	6	38	32512	960	0	0	0	960
964	14370	0	1	0	1	0	0	1	26	222	6	38	32512	960	0	0	0	960
964	14372	0	1	0	1	0	0	1	26	222	6	38	32512	960	0	0	0	960
964	14376	0	1	0	1	0	0	1	26	222	6	38	32512	960	0	0	0	960
964	14384	0	1	0	1	0	0	1	26	222	6	38	32512	960	0	0	0	960
964	14401	0	1	0	1	0	0	1	26	222	6	38	32512	960	0	0	0	960
964	14402	0	1	0	1	0	0	1	26	222	6	38	32512	960	0	0	0	960
964	14404	0	1	0	1	0	0	1	26	222	6	38	32512	960	0	0	0	960
964	14408	0	1	0	1	0	0	1	26	222	6	38	32512	960	0	0	0	960
964	14416	0	1	0	1	0	0	1	26	222	6	38	32512	960	0	0	0	960
964	14432	0	1	0	1	0	0	1	26	222	6	38	32512	960	0	0	0	960
964	14465	0	1	0	1	0	0	1	26	222	6	38	32512	960	0	0	0	960
964	14466	0	1	0	1	0	0	1	26	222	6	38	32512	960	0	0	0	960
964	14468	0	1	0	1	0	0	1	26	222	6	38	32512	960	0	0	0	960
964	14472	0	1	0	1	0	0	1	26	222	6	38	32512	960	0	0	0	960
964	14480	0	1	0	1	0	0	1	26	222	6	38	32512	960	0	0	0	960
964	14496	0	1	0	1	0	0	1	26	222	6	38	32512	960	0	0	0	960
964	14528	0	1	0	1	0	0	1	26	222	6	38	32512	960	0	0	0	960
964	14593	0	1	0	1	0	0	1	31	75	4	39	32512	896	0	0	0	896
964	14594	0	1	0	1	0	0	1	31	75	4	39	32512	896	0	0	0	896
964	14596	0	1	0	1	0	0	1	31	75	4	39	32512	896	0	0	0	896
964	14600	0	1	0	1	0	0	1	31	75	4	39	32512	896	0	0	0	896
964	14608	0	1	0	1	0	0	1	31	75	4	39	32512	896	0	0	0	896
964	14624	0	1	0	1	0	0	1	31	75	4	39	32512	896	0	0	0	896
964	14656	0	1	0	1	0	0	1	31	75	4	39	32512	896	0	0	0	896
964	14720	0	1	0	1	0	0	1	31	75	4	39	32512	896	0	0	0	896
964	14849	0	1	0	1	0	0	1	31	75	4	39	32512	896	0	0	0	896
964	14850	0	1	0	1	0	0	1	31	75	4	39	32512	896	0	0	0	896
964	14852	0	1	0	1	0	0	1	31	75	4	39	32512	896	0	0	0	896
964	14856	0	1	0	1	0	0	1	31	75	4	39	32512	896	0	0	0	896
964	14864	0	1	0	1	0	0	1	31	75	4	39	32512	896	0	0	0	896
964	14880	0	1	0	1	0	0	1	31	75	4	39	32512	896	0	0	0	896
964	14912	0	1	0	1	0	0	1	31	75	4	39	32512	896	0	0	0	896
964	14976	0	1	0	1	0	0	1	31	75	4	39	32512	896	0	0	0	896
964	15104	0	1	0	1	0	0	1	40	0	0	40	32512	768	0	0	0	768
964	15361	0	1	0	1	0	0	1	31	75	4	39	32512	896	0	0	0	896
964	15362	0	1	0	1	0	0	1	31	75	4	39	32512	896	0	0	0	896
964	15364	0	1	0	1	0	0	1	31	75	4	39	32512	896	0	0	0	896
964	15368	0	1	0	1	0	0	1	31	75	4	39	32512	896	0	0	0	896
964	15376	0	1	0	1	0	0	1	31	75	4	39	32512	896	0	0	0	896
964	15392	0	1	0	1	0	0	1	31	75	4	39	32512	896	0	0	0	896
964	15424	0	1	0	1	0	0	1	31	75	4	39	32512	896	0	0	0	896
964	15488	0	1	0	1	0	0	1	31	75	4	39	32512	896	0	0	0	896
964	15616	0	1	0	1	0	0	1	40	0	0	40	32512	768	0	0	0	768
964	15872	0	1	0	1	0	0	1	40	0	0	40	32512	768	0	0	0	768
964	16399	0	1	0	1	0	0	1	28	75	4	36	32512	1008	0	0	0	1008
964	16407	0	1	0	1	0	0	1	28	75	4	36	32512	1008	0	0	0	1008
964	16411	0	1	0	1	0	0	1	28	75	4	36	32512	1008	0	0	0	1008
964	16413	0	1	0	1	0	0	1	28	75	4	36	32512	1008	0	0	0	1008
964	16414	0	1	0	1	0	0	1	28	75	4	36	32512	1008	0	0	0	1008
964	16423	0	1	0	1	0	0	1	28	75	4	36	32512	1008	0	0	0	1008
964	16427	0	1	0	1	0	0	1	28	75	4	36	32512	1008	0	0	0	1008
964	16429	0	1	0	1	0	0	1	28	75	4	36	32512	1008	0	0	0	1008
964	16430	0	1	0	1	0	0	1	28	75	4	36	32512	1008	0	0	0	1008
964	16435	0	1	0	1	0	0	1	28	75	4	36	32512	1008	0	0	0	1008
964	16437	0	1	0	1	0	0	1	28	75	4	36	32512	1008	0	0	0	1008
964	16438	0	1	0	1	0	0	1	28	75	4	36	32512	1008	0	0	0	1008
964	16441	0	1	0	1	0	0	1	28	75	4	36	32512	1008	0	0	0	1008
964	16442	0	1	0	1	0	0	1	28	75	4	36	32512	1008	0	0	0	1008
964	16444	0	1	0	1	0	0	1	28	75	4	36	32512	1008	0	0	0	1008
964	16455	0	1	0	1	0	0	1	28	75	4	36	32512	1008	0	0	0	1008
964	16459	0	1	0	1	0	0	1	28	75	4	36	32512	1008	0	0	0	1008
964	16461	0	1	0	1	0	0	1	28	75	4	36	32512	1008	0	0	0	1008
964	16462	0	1	0	1	0	0	1	28	75	4	36	32512	1008	0	0	0	1008
964	16467	0	1	0	1	0	0	1	28	75	4	36	32512	1008	0	0	0	1008
964	16469	0	1	0	1	0	0	1	28	75	4	36	32512	1008	0	0	0	1008
964	16470	0	1	0	1	0	0	1	28	75	4	36	32512	1008	0	0	0	1008
964	16473	0	1	0	1	0	0	1	28	75	4	36	32512	1008	0	0	0	1008
964	16474	0	1	0	1	0	0	1	28	75	4	36	32512	1008	0	0	0	1008
964	16476	0	1	0	1	0	0	1	28	75	4	36	32512	1008	0	0	0	1008
964	16483	0	1	0	1	0	0	1	28	75	4	36	32512	1008	0	0	0	1008
964	16485	0	1	0	1	0	0	1	28	75	4	36	32512	1008	0	0	0	1008
964	16486	0	1	0	1	0	0	1	28	75	4	36	32512	1008	0	0	0	1008
964	16489	0	1	0	1	0	0	1	28	75	4	36	32512	1008	0	0	0	1008
964	16490	0	1	0	1	0	0	1	28	75	4	36	32512	1008	0	0	0	1008
964	16492	0	1	0	1	0	0	1	28	75	4	36	32512	1008	0	0	0	1008
964	16497	0	1	0	1	0	0	1	28	75	4	36	32512	1008	0	0	0	1008
964	16498	0	1	0	1	0	0	1	28	75	4	36	32512	1008	0	0	0	1008
964	16500	0	1	0	1	0	0	1	28	75	4	36	32512	1008	0	0	0	1008
964	16504	0	1	0	1	0	0	1	28	75	4	36	32512	1008	0	0	0	1008
964	16519	0	1	0	1	0	0	1	28	75	4	36	32512	1008	0	0	0	1008
964	16523	0	1	0	1	0	0	1	28	75	4	36	32512	1008	0	0	0	1008
964	16525	0	1	0	1	0	0	1	28	75	4	36	32512	1008	0	0	0	1008
964	16526	0	1	0	1	0	0	1	28	75	4	36	32512	1008	0	0	0	1008
964	16531	0	1	0	1	0	0	1	28	75	4	36	32512	1008	0	0	0	1008
964	16533	0	1	0	1	0	0	1	28	75	4	36	32512	1008	0	0	0	1008
964	16534	0	1	0	1	0	0	1	28	75	4	36	32512	1008	0	0	0	1008
964	16537	0	1	0	1	0	0	1	28	75	4	36	32512	1008	0	0	0	1008
964	16538	0	1	0	1	0	0	1	28	75	4	36	32512	1008	0	0	0	1008
964	16540	0	1	0	1	0	0	1	28	75	4	36	32512	1008	0	0	0	1008
964	16547	0	1	0	1	0	0	1	28	75	4	36	32512	1008	0	0	0	1008
964	16549	0	1	0	1	0	0	1	28	75	4	36	32512	1008	0	0	0	1008
964	16550	0	1	0	1	0	0	1	28	75	4	36	32512	1008	0	0	0	1008
964	16553	0	1	0	1	0	0	1	28	75	4	36	32512	1008	0	0	0	1008
964	16554	0	1	0	1	0	0	1	28	75	4	36	32512	1008	0	0	0	1008
964	16556	0	1	0	1	0	0	1	28	75	4	36	32512	1008	0	0	0	1008
964	16561	0	1	0	1	0	0	1	28	75	4	36	32512	1008	0	0	0	1008
964	16562	0	1	0	1	0	0	1	28	75	4	36	32512	1008	0	0	0	1008
964	16564	0	1	0	1	0	0	1	28	75	4	36	32512	1008	0	0	0	1008
964	16568	0	1	0	1	0	0	1	28	75	4	36	32512	1008	0	0	0	1008
964	16579	0	1	0	1	0	0	1	28	75	4	36	32512	1008	0	0	0	1008
964	16581	0	1	0	1	0	0	1	28	75	4	36	32512	1008	0	0	0	1008
964	16582	0	1	0	1	0	0	1	28	75	4	36	32512	1008	0	0	0	1008
964	16585	0	1	0	1	0	0	1	28	75	4	36	32512	1008	0	0	0	1008
964	16586	0	1	0	1	0	0	1	28	75	4	36	32512	1008	0	0	0	1008
964	16588	0	1	0	1	0	0	1	28	75	4	36	32512	1008	0	0	0	1008
964	16593	0	1	0	1	0	0	1	28	75	4	36	32512	1008	0	0	0	1008
964	16594	0	1	0	1	0	0	1	28	75	4	36	32512	1008	0	0	0	1008
964	16596	0	1	0	1	0	0	1	28	75	4	36	32512	1008	0	0	0	1008
964	16600	0	1	0	1	0	0	1	28	75	4	36	32512	1008	0	0	0	1008
964	16609	0	1	0	1	0	0	1	28	75	4	36	32512	1008	0	0	0	1008
964	16610	0	1	0	1	0	0	1	28	75	4	36	32512	1008	0	0	0	1008
964	16612	0	1	0	1	0	0	1	28	75	4	36	32512	1008	0	0	0	1008
964	16616	0	1	0	1	0	0	1	28	75	4	36	32512	1008	0	0	0	1008
964	16624	0	1	0	1	0	0	1	28	75	4	36	32512	1008	0	0	0	1008
964	16647	0	1	0	1	0	0	1	25	222	6	37	32512	992	0	0	0	992
964	16651	0	1	0	1	0	0	1	25	222	6	37	32512	992	0	0	0	992
964	16653	0	1	0	1	0	0	1	25	222	6	37	32512	992	0	0	0	992
964	16654	0	1	0	1	0	0	1	25	222	6	37	32512	992	0	0	0	992
964	16659	0	1	0	1	0	0	1	25	222	6	37	32512	992	0	0	0	992
964	16661	0	1	0	1	0	0	1	25	222	6	37	32512	992	0	0	0	992
964	16662	0	1	0	1	0	0	1	25	222	6	37	32512	992	0	0	0	992
964	16665	0	1	0	1	0	0	1	25	222	6	37	32512	992	0	0	0	992
964	16666	0	1	0	1	0	0	1	25	222	6	37	32512	992	0	0	0	992
964	16668	0	1	0	1	0	0	1	25	222	6	37	32512	992	0	0	0	992
964	16675	0	1	0	1	0	0	1	25	222	6	37	32512	992	0	0	0	992
964	16677	0	1	0	1	0	0	1	25	222	6	37	32512	992	0	0	0	992
964	16678	0	1	0	1	0	0	1	25	222	6	37	32512	992	0	0	0	992
964	16681	0	1	0	1	0	0	1	25	222	6	37	32512	992	0	0	0	992
964	16682	0	1	0	1	0	0	1	25	222	6	37	32512	992	0	0	0	992
964	16684	0	1	0	1	0	0	1	25	222	6	37	32512	992	0	0	0	992
964	16689	0	1	0	1	0	0	1	25	222	6	37	32512	992	0	0	0	992
964	16690	0	1	0	1	0	0	1	25	222	6	37	32512	992	0	0	0	992
964	16692	0	1	0	1	0	0	1	25	222	6	37	32512	992	0	0	0	992
964	16696	0	1	0	1	0	0	1	25	222	6	37	32512	992	0	0	0	992
964	16707	0	1	0	1	0	0	1	25	222	6	37	32512	992	0	0	0	992
964	16709	0	1	0	1	0	0	1	25	222	6	37	32512	992	0	0	0	992
964	16710	0	1	0	1	0	0	1	25	222	6	37	32512	992	0	0	0	992
964	16713	0	1	0	1	0	0	1	25	222	6	37	32512	992	0	0	0	992
964	16714	0	1	0	1	0	0	1	25	222	6	37	32512	992	0	0	0	992
964	16716	0	1	0	1	0	0	1	25	222	6	37	32512	992	0	0	0	992
964	16721	0	1	0	1	0	0	1	25	222	6	37	32512	992	0	0	0	992
964	16722	0	1	0	1	0	0	1	25	222	6	37	32512	992	0	0	0	992
964	16724	0	1	0	1	0	0	1	25	222	6	37	32512	992	0	0	0	992
964	16728	0	1	0	1	0	0	1	25	222	6	37	32512	992	0	0	0	992
964	16737	0	1	0	1	0	0	1	25	222	6	37	32512	992	0	0	0	992
964	16738	0	1	0	1	0	0	1	25	222	6	37	32512	992	0	0	0	992
964	16740	0	1	0	1	0	0	1	25	222	6	37	32512	992	0	0	0	992
964	16744	0	1	0	1	0	0	1	25	222	6	37	32512	992	0	0	0	992
964	16752	0	1	0	1	0	0	1	25	222	6	37	32512	992	0	0	0	992
964	16771	0	1	0	1	0	0	1	25	222	6	37	32512	992	0	0	0	992
964	16773	0	1	0	1	0	0	1	25	222	6	37	32512	992	0	0	0	992
964	16774	0	1	0	1	0	0	1	25	222	6	37	32512	992	0	0	0	992
964	16777	0	1	0	1	0	0	1	25	222	6	37	32512	992	0	0	0	992
964	16778	0	1	0	1	0	0	1	25	222	6	37	32512	992	0	0	0	992
964	16780	0	1	0	1	0	0	1	25	222	6	37	32512	992	0	0	0	992
964	16785	0	1	0	1	0	0	1	25	222	6	37	32512	992	0	0	0	992
964	16786	0	1	0	1	0	0	1	25	222	6	37	32512	992	0	0	0	992
964	16788	0	1	0	1	0	0	1	25	222	6	37	32512	992	0	0	0	992
964	16792	0	1	0	1	0	0	1	25	222	6	37	32512	992	0	0	0	992
964	16801	0	1	0	1	0	0	1	25	222	6	37	32512	992	0	0	0	992
964	16802	0	1	0	1	0	0	1	25	222	6	37	32512	992	0	0	0	992
964	16804	0	1	0	1	0	0	1	25	222	6	37	32512	992	0	0	0	992
964	16808	0	1	0	1	0	0	1	25	222	6	37	32512	992	0	0	0	992
964	16816	0	1	0	1	0	0	1	25	222	6	37	32512	992	0	0	0	992
964	16833	0	1	0	1	0	0	1	25	222	6	37	32512	992	0	0	0	992
964	16834	0	1	0	1	0	0	1	25	222	6	37	32512	992	0	0	0	992
964	16836	0	1	0	1	0	0	1	25	222	6	37	32512	992	0	0	0	992
964	16840	0	1	0	1	0	0	1	25	222	6	37	32512	992	0	0	0	992
964	16848	0	1	0	1	0	0	1	25	222	6	37	32512	992	0	0	0	992
964	16864	0	1	0	1	0	0	1	25	222	6	37	32512	992	0	0	0	992
964	16903	0	1	0	1	0	0	1	25	222	6	37	32512	992	0	0	0	992
964	16907	0	1	0	1	0	0	1	25	222	6	37	32512	992	0	0	0	992
964	16909	0	1	0	1	0	0	1	25	222	6	37	32512	992	0	0	0	992
964	16910	0	1	0	1	0	0	1	25	222	6	37	32512	992	0	0	0	992
964	16915	0	1	0	1	0	0	1	25	222	6	37	32512	992	0	0	0	992
964	16917	0	1	0	1	0	0	1	25	222	6	37	32512	992	0	0	0	992
964	16918	0	1	0	1	0	0	1	25	222	6	37	32512	992	0	0	0	992
964	16921	0	1	0	1	0	0	1	25	222	6	37	32512	992	0	0	0	992
964	16922	0	1	0	1	0	0	1	25	222	6	37	32512	992	0	0	0	992
964	16924	0	1	0	1	0	0	1	25	222	6	37	32512	992	0	0	0	992
964	16931	0	1	0	1	0	0	1	25	222	6	37	32512	992	0	0	0	992
964	16933	0	1	0	1	0	0	1	25	222	6	37	32512	992	0	0	0	992
964	16934	0	1	0	1	0	0	1	25	222	6	37	32512	992	0	0	0	992
964	16937	0	1	0	1	0	0	1	25	222	6	37	32512	992	0	0	0	992
964	16938	0	1	0	1	0	0	1	25	222	6	37	32512	992	0	0	0	992
964	16940	0	1	0	1	0	0	1	25	222	6	37	32512	992	0	0	0	992
964	16945	0	1	0	1	0	0	1	25	222	6	37	32512	992	0	0	0	992
964	16946	0	1	0	1	0	0	1	25	222	6	37	32512	992	0	0	0	992
964	16948	0	1	0	1	0	0	1	25	222	6	37	32512	992	0	0	0	992
964	16952	0	1	0	1	0	0	1	25	222	6	37	32512	992	0	0	0	992
964	16963	0	1	0	1	0	0	1	25	222	6	37	32512	992	0	0	0	992
964	16965	0	1	0	1	0	0	1	25	222	6	37	32512	992	0	0	0	992
964	16966	0	1	0	1	0	0	1	25	222	6	37	32512	992	0	0	0	992
964	16969	0	1	0	1	0	0	1	25	222	6	37	32512	992	0	0	0	992
964	16970	0	1	0	1	0	0	1	25	222	6	37	32512	992	0	0	0	992
964	16972	0	1	0	1	0	0	1	25	222	6	37	32512	992	0	0	0	992
964	16977	0	1	0	1	0	0	1	25	222	6	37	32512	992	0	0	0	992
964	16978	0	1	0	1	0	0	1	25	222	6	37	32512	992	0	0	0	992
964	16980	0	1	0	1	0	0	1	25	222	6	37	32512	992	0	0	0	992
964	16984	0	1	0	1	0	0	1	25	222	6	37	32512	992	0	0	0	992
964	16993	0	1	0	1	0	0	1	25	222	6	37	32512	992	0	0	0	992
964	16994	0	1	0	1	0	0	1	25	222	6	37	32512	992	0	0	0	992
964	16996	0	1	0	1	0	0	1	25	222	6	37	32512	992	0	0	0	992
964	17000	0	1	0	1	0	0	1	25	222	6	37	32512	992	0	0	0	992
964	17008	0	1	0	1	0	0	1	25	222	6	37	32512	992	0	0	0	992
964	17027	0	1	0	1	0	0	1	25	222	6	37	32512	992	0	0	0	992
964	17029	0	1	0	1	0	0	1	25	222	6	37	32512	992	0	0	0	992
964	17030	0	1	0	1	0	0	1	25	222	6	37	32512	992	0	0	0	992
964	17033	0	1	0	1	0	0	1	25	222	6	37	32512	992	0	0	0	992
964	17034	0	1	0	1	0	0	1	25	222	6	37	32512	992	0	0	0	992
964	17036	0	1	0	1	0	0	1	25	222	6	37	32512	992	0	0	0	992
964	17041	0	1	0	1	0	0	1	25	222	6	37	32512	992	0	0	0	992
964	17042	0	1	0	1	0	0	1	25	222	6	37	32512	992	0	0	0	992
964	17044	0	1	0	1	0	0	1	25	222	6	37	32512	992	0	0	0	992
964	17048	0	1	0	1	0	0	1	25	222	6	37	32512	992	0	0	0	992
964	17057	0	1	0	1	0	0	1	25	222	6	37	32512	992	0	0	0	992
964	17058	0	1	0	1	0	0	1	25	222	6	37	32512	992	0	0	0	992
964	17060	0	1	0	1	0	0	1	25	222	6	37	32512	992	0	0	0	992
964	17064	0	1	0	1	0	0	1	25	222	6	37	32512	992	0	0	0	992
964	17072	0	1	0	1	0	0	1	25	222	6	37	32512	992	0	0	0	992
964	17089	0	1	0	1	0	0	1	25	222	6	37	32512	992	0	0	0	992
964	17090	0	1	0	1	0	0	1	25	222	6	37	32512	992	0	0	0	992
964	17092	0	1	0	1	0	0	1	25	222	6	37	32512	992	0	0	0	992
964	17096	0	1	0	1	0	0	1	25	222	6	37	32512	992	0	0	0	992
964	17104	0	1	0	1	0	0	1	25	222	6	37	32512	992	0	0	0	992
964	17120	0	1	0	1	0	0	1	25	222	6	37	32512	992	0	0	0	992
964	17155	0	1	0	1	0	0	1	26	222	6	38	32512	960	0	0	0	960
964	17157	0	1	0	1	0	0	1	26	222	6	38	32512	960	0	0	0	960
964	17158	0	1	0	1	0	0	1	26	222	6	38	32512	960	0	0	0	960
964	17161	0	1	0	1	0	0	1	26	222	6	38	32512	960	0	0	0	960
964	17162	0	1	0	1	0	0	1	26	222	6	38	32512	960	0	0	0	960
964	17164	0	1	0	1	0	0	1	26	222	6	38	32512	960	0	0	0	960
964	17169	0	1	0	1	0	0	1	26	222	6	38	32512	960	0	0	0	960
964	17170	0	1	0	1	0	0	1	26	222	6	38	32512	960	0	0	0	960
964	17172	0	1	0	1	0	0	1	26	222	6	38	32512	960	0	0	0	960
964	17176	0	1	0	1	0	0	1	26	222	6	38	32512	960	0	0	0	960
964	17185	0	1	0	1	0	0	1	26	222	6	38	32512	960	0	0	0	960
964	17186	0	1	0	1	0	0	1	26	222	6	38	32512	960	0	0	0	960
964	17188	0	1	0	1	0	0	1	26	222	6	38	32512	960	0	0	0	960
964	17192	0	1	0	1	0	0	1	26	222	6	38	32512	960	0	0	0	960
964	17200	0	1	0	1	0	0	1	26	222	6	38	32512	960	0	0	0	960
964	17217	0	1	0	1	0	0	1	26	222	6	38	32512	960	0	0	0	960
964	17218	0	1	0	1	0	0	1	26	222	6	38	32512	960	0	0	0	960
964	17220	0	1	0	1	0	0	1	26	222	6	38	32512	960	0	0	0	960
964	17224	0	1	0	1	0	0	1	26	222	6	38	32512	960	0	0	0	960
964	17232	0	1	0	1	0	0	1	26	222	6	38	32512	960	0	0	0	960
964	17248	0	1	0	1	0	0	1	26	222	6	38	32512	960	0	0	0	960
964	17281	0	1	0	1	0	0	1	26	222	6	38	32512	960	0	0	0	960
964	17282	0	1	0	1	0	0	1	26	222	6	38	32512	960	0	0	0	960
964	17284	0	1	0	1	0	0	1	26	222	6	38	32512	960	0	0	0	960
964	17288	0	1	0	1	0	0	1	26	222	6	38	32512	960	0	0	0	960
964	17296	0	1	0	1	0	0	1	26	222	6	38	32512	960	0	0	0	960
964	17312	0	1	0	1	0	0	1	26	222	6	38	32512	960	0	0	0	960
964	17344	0	1	0	1	0	0	1	26	222	6	38	32512	960	0	0	0	960
964	17415	0	1	0	1	0	0	1	25	222	6	37	32512	992	0	0	0	992
964	17419	0	1	0	1	0	0	1	25	222	6	37	32512	992	0	0	0	992
964	17421	0	1	0	1	0	0	1	25	222	6	37	32512	992	0	0	0	992
964	17422	0	1	0	1	0	0	1	25	222	6	37	32512	992	0	0	0	992
964	17427	0	1	0	1	0	0	1	25	222	6	37	32512	992	0	0	0	992
964	17429	0	1	0	1	0	0	1	25	222	6	37	32512	992	0	0	0	992
964	17430	0	1	0	1	0	0	1	25	222	6	37	32512	992	0	0	0	992
964	17433	0	1	0	1	0	0	1	25	222	6	37	32512	992	0	0	0	992
964	17434	0	1	0	1	0	0	1	25	222	6	37	32512	992	0	0	0	992
964	17436	0	1	0	1	0	0	1	25	222	6	37	32512	992	0	0	0	992
964	17443	0	1	0	1	0	0	1	25	222	6	37	32512	992	0	0	0	992
964	17445	0	1	0	1	0	0	1	25	222	6	37	32512	992	0	0	0	992
964	17446	0	1	0	1	0	0	1	25	222	6	37	32512	992	0	0	0	992
964	17449	0	1	0	1	0	0	1	25	222	6	37	32512	992	0	0	0	992
964	17450	0	1	0	1	0	0	1	25	222	6	37	32512	992	0	0	0	992
964	17452	0	1	0	1	0	0	1	25	222	6	37	32512	992	0	0	0	992
964	17457	0	1	0	1	0	0	1	25	222	6	37	32512	992	0	0	0	992
964	17458	0	1	0	1	0	0	1	25	222	6	37	32512	992	0	0	0	992
964	17460	0	1	0	1	0	0	1	25	222	6	37	32512	992	0	0	0	992
964	17464	0	1	0	1	0	0	1	25	222	6	37	32512	992	0	0	0	992
964	17475	0	1	0	1	0	0	1	25	222	6	37	32512	992	0	0	0	992
964	17477	0	1	0	1	0	0	1	25	222	6	37	32512	992	0	0	0	992
964	17478	0	1	0	1	0	0	1	25	222	6	37	32512	992	0	0	0	992
964	17481	0	1	0	1	0	0	1	25	222	6	37	32512	992	0	0	0	992
964	17482	0	1	0	1	0	0	1	25	222	6	37	32512	992	0	0	0	992
964	17484	0	1	0	1	0	0	1	25	222	6	37	32512	992	0	0	0	992
964	17489	0	1	0	1	0	0	1	25	222	6	37	32512	992	0	0	0	992
964	17490	0	1	0	1	0	0	1	25	222	6	37	32512	992	0	0	0	992
964	17492	0	1	0	1	0	0	1	25	222	6	37	32512	992	0	0	0	992
964	17496	0	1	0	1	0	0	1	25	222	6	37	32512	992	0	0	0	992
964	17505	0	1	0	1	0	0	1	25	222	6	37	32512	992	0	0	0	992
964	17506	0	1	0	1	0	0	1	25	222	6	37	32512	992	0	0	0	992
964	17508	0	1	0	1	0	0	1	25	222	6	37	32512	992	0	0	0	992
964	17512	0	1	0	1	0	0	1	25	222	6	37	32512	992	0	0	0	992
964	17520	0	1	0	1	0	0	1	25	222	6	37	32512	992	0	0	0	992
964	17539	0	1	0	1	0	0	1	25	222	6	37	32512	992	0	0	0	992
964	17541	0	1	0	1	0	0	1	25	222	6	37	32512	992	0	0	0	992
964	17542	0	1	0	1	0	0	1	25	222	6	37	32512	992	0	0	0	992
964	17545	0	1	0	1	0	0	1	25	222	6	37	32512	992	0	0	0	992
964	17546	0	1	0	1	0	0	1	25	222	6	37	32512	992	0	0	0	992
964	17548	0	1	0	1	0	0	1	25	222	6	37	32512	992	0	0	0	992
964	17553	0	1	0	1	0	0	1	25	222	6	37	32512	992	0	0	0	992
964	17554	0	1	0	1	0	0	1	25	222	6	37	32512	992	0	0	0	992
964	17556	0	1	0	1	0	0	1	25	222	6	37	32512	992	0	0	0	992
964	17560	0	1	0	1	0	0	1	25	222	6	37	32512	992	0	0	0	992
964	17569	0	1	0	1	0	0	1	25	222	6	37	32512	992	0	0	0	992
964	17570	0	1	0	1	0	0	1	25	222	6	37	32512	992	0	0	0	992
964	17572	0	1	0	1	0	0	1	25	222	6	37	32512	992	0	0	0	992
964	17576	0	1	0	1	0	0	1	25	222	6	37	32512	992	0	0	0	992
964	17584	0	1	0	1	0	0	1	25	222	6	37	32512	992	0	0	0	992
964	17601	0	1	0	1	0	0	1	25	222	6	37	32512	992	0	0	0	992
964	17602	0	1	0	1	0	0	1	25	222	6	37	32512	992	0	0	0	992
964	17604	0	1	0	1	0	0	1	25	222	6	37	32512	992	0	0	0	992
964	17608	0	1	0	1	0	0	1	25	222	6	37	32512	992	0	0	0	992
964	17616	0	1	0	1	0	0	1	25	222	6	37	32512	992	0	0	0	992
964	17632	0	1	0	1	0	0	1	25	222	6	37	32512	992	0	0	0	992
964	17667	0	1	0	1	0	0	1	26	222	6	38	32512	960	0	0	0	960
964	17669	0	1	0	1	0	0	1	26	222	6	38	32512	960	0	0	0	960
964	17670	0	1	0	1	0	0	1	26	222	6	38	32512	960	0	0	0	960
964	17673	0	1	0	1	0	0	1	26	222	6	38	32512	960	0	0	0	960
964	17674	0	1	0	1	0	0	1	26	222	6	38	32512	960	0	0	0	960
964	17676	0	1	0	1	0	0	1	26	222	6	38	32512	960	0	0	0	960
964	17681	0	1	0	1	0	0	1	26	222	6	38	32512	960	0	0	0	960
964	17682	0	1	0	1	0	0	1	26	222	6	38	32512	960	0	0	0	960
964	17684	0	1	0	1	0	0	1	26	222	6	38	32512	960	0	0	0	960
964	17688	0	1	0	1	0	0	1	26	222	6	38	32512	960	0	0	0	960
964	17697	0	1	0	1	0	0	1	26	222	6	38	32512	960	0	0	0	960
964	17698	0	1	0	1	0	0	1	26	222	6	38	32512	960	0	0	0	960
964	17700	0	1	0	1	0	0	1	26	222	6	38	32512	960	0	0	0	960
964	17704	0	1	0	1	0	0	1	26	222	6	38	32512	960	0	0	0	960
964	17712	0	1	0	1	0	0	1	26	222	6	38	32512	960	0	0	0	960
964	17729	0	1	0	1	0	0	1	26	222	6	38	32512	960	0	0	0	960
964	17730	0	1	0	1	0	0	1	26	222	6	38	32512	960	0	0	0	960
964	17732	0	1	0	1	0	0	1	26	222	6	38	32512	960	0	0	0	960
964	17736	0	1	0	1	0	0	1	26	222	6	38	32512	960	0	0	0	960
964	17744	0	1	0	1	0	0	1	26	222	6	38	32512	960	0	0	0	960
964	17760	0	1	0	1	0	0	1	26	222	6	38	32512	960	0	0	0	960
964	17793	0	1	0	1	0	0	1	26	222	6	38	32512	960	0	0	0	960
964	17794	0	1	0	1	0	0	1	26	222	6	38	32512	960	0	0	0	960
964	17796	0	1	0	1	0	0	1	26	222	6	38	32512	960	0	0	0	960
964	17800	0	1	0	1	0	0	1	26	222	6	38	32512	960	0	0	0	960
964	17808	0	1	0	1	0	0	1	26	222	6	38	32512	960	0	0	0	960
964	17824	0	1	0	1	0	0	1	26	222	6	38	32512	960	0	0	0	960
964	17856	0	1	0	1	0	0	1	26	222	6	38	32512	960	0	0	0	960
964	17923	0	1	0	1	0	0	1	26	222	6	38	32512	960	0	0	0	960
964	17925	0	1	0	1	0	0	1	26	222	6	38	32512	960	0	0	0	960
964	17926	0	1	0	1	0	0	1	26	222	6	38	32512	960	0	0	0	960
964	17929	0	1	0	1	0	0	1	26	222	6	38	32512	960	0	0	0	960
964	17930	0	1	0	1	0	0	1	26	222	6	38	32512	960	0	0	0	960
964	17932	0	1	0	1	0	0	1	26	222	6	38	32512	960	0	0	0	960
964	17937	0	1	0	1	0	0	1	26	222	6	38	32512	960	0	0	0	960
964	17938	0	1	0	1	0	0	1	26	222	6	38	32512	960	0	0	0	960
964	17940	0	1	0	1	0	0	1	26	222	6	38	32512	960	0	0	0	960
964	17944	0	1	0	1	0	0	1	26	222	6	38	32512	960	0	0	0	960
964	17953	0	1	0	1	0	0	1	26	222	6	38	32512	960	0	0	0	960
964	17954	0	1	0	1	0	0	1	26	222	6	38	32512	960	0	0	0	960
964	17956	0	1	0	1	0	0	1	26	222	6	38	32512	960	0	0	0	960
964	17960	0	1	0	1	0	0	1	26	222	6	38	32512	960	0	0	0	960
964	17968	0	1	0	1	0	0	1	26	222	6	38	32512	960	0	0	0	960
964	17985	0	1	0	1	0	0	1	26	222	6	38	32512	960	0	0	0	960
964	17986	0	1	0	1	0	0	1	26	222	6	38	32512	960	0	0	0	960
964	17988	0	1	0	1	0	0	1	26	222	6	38	32512	960	0	0	0	960
964	17992	0	1	0	1	0	0	1	26	222	6	38	32512	960	0	0	0	960
964	18000	0	1	0	1	0	0	1	26	222	6	38	32512	960	0	0	0	960
964	18016	0	1	0	1	0	0	1	26	222	6	38	32512	960	0	0	0	960
964	18049	0	1	0	1	0	0	1	26	222	6	38	32512	960	0	0	0	960
964	18050	0	1	0	1	0	0	1	26	222	6	38	32512	960	0	0	0	960
964	18052	0	1	0	1	0	0	1	26	222	6	38	32512	960	0	0	0	960
964	18056	0	1	0	1	0	0	1	26	222	6	38	32512	960	0	0	0	960
964	18064	0	1	0	1	0	0	1	26	222	6	38	32512	960	0	0	0	960
964	18080	0	1	0	1	0	0	1	26	222	6	38	32512	960	0	0	0	960
964	18112	0	1	0	1	0	0	1	26	222	6	38	32512	960	0	0	0	960
964	18177	0	1	0	1	0	0	1	31	75	4	39	32512	896	0	0	0	896
964	18178	0	1	0	1	0	0	1	31	75	4	39	32512	896	0	0	0	896
964	18180	0	1	0	1	0	0	1	31	75	4	39	32512	896	0	0	0	896
964	18184	0	1	0	1	0	0	1	31	75	4	39	32512	896	0	0	0	896
964	18192	0	1	0	1	0	0	1	31	75	4	39	32512	896	0	0	0	896
964	18208	0	1	0	1	0	0	1	31	75	4	39	32512	896	0	0	0	896
964	18240	0	1	0	1	0	0	1	31	75	4	39	32512	896	0	0	0	896
964	18304	0	1	0	1	0	0	1	31	75	4	39	32512	896	0	0	0	896
964	18439	0	1	0	1	0	0	1	25	222	6	37	32512	992	0	0	0	992
964	18443	0	1	0	1	0	0	1	25	222	6	37	32512	992	0	0	0	992
964	18445	0	1	0	1	0	0	1	25	222	6	37	32512	992	0	0	0	992
964	18446	0	1	0	1	0	0	1	25	222	6	37	32512	992	0	0	0	992
964	18451	0	1	0	1	0	0	1	25	222	6	37	32512	992	0	0	0	992
964	18453	0	1	0	1	0	0	1	25	222	6	37	32512	992	0	0	0	992
964	18454	0	1	0	1	0	0	1	25	222	6	37	32512	992	0	0	0	992
964	18457	0	1	0	1	0	0	1	25	222	6	37	32512	992	0	0	0	992
964	18458	0	1	0	1	0	0	1	25	222	6	37	32512	992	0	0	0	992
964	18460	0	1	0	1	0	0	1	25	222	6	37	32512	992	0	0	0	992
964	18467	0	1	0	1	0	0	1	25	222	6	37	32512	992	0	0	0	992
964	18469	0	1	0	1	0	0	1	25	222	6	37	32512	992	0	0	0	992
964	18470	0	1	0	1	0	0	1	25	222	6	37	32512	992	0	0	0	992
964	18473	0	1	0	1	0	0	1	25	222	6	37	32512	992	0	0	0	992
964	18474	0	1	0	1	0	0	1	25	222	6	37	32512	992	0	0	0	992
964	18476	0	1	0	1	0	0	1	25	222	6	37	32512	992	0	0	0	992
964	18481	0	1	0	1	0	0	1	25	222	6	37	32512	992	0	0	0	992
964	18482	0	1	0	1	0	0	1	25	222	6	37	32512	992	0	0	0	992
964	18484	0	1	0	1	0	0	1	25	222	6	37	32512	992	0	0	0	992
964	18488	0	1	0	1	0	0	1	25	222	6	37	32512	992	0	0	0	992
964	18499	0	1	0	1	0	0	1	25	222	6	37	32512	992	0	0	0	992
964	18501	0	1	0	1	0	0	1	25	222	6	37	32512	992	0	0	0	992
964	18502	0	1	0	1	0	0	1	25	222	6	37	32512	992	0	0	0	992
964	18505	0	1	0	1	0	0	1	25	222	6	37	32512	992	0	0	0	992
964	18506	0	1	0	1	0	0	1	25	222	6	37	32512	992	0	0	0	992
964	18508	0	1	0	1	0	0	1	25	222	6	37	32512	992	0	0	0	992
964	18513	0	1	0	1	0	0	1	25	222	6	37	32512	992	0	0	0	992
964	18514	0	1	0	1	0	0	1	25	222	6	37	32512	992	0	0	0	992
964	18516	0	1	0	1	0	0	1	25	222	6	37	32512	992	0	0	0	992
964	18520	0	1	0	1	0	0	1	25	222	6	37	32512	992	0	0	0	992
964	18529	0	1	0	1	0	0	1	25	222	6	37	32512	992	0	0	0	992
964	18530	0	1	0	1	0	0	1	25	222	6	37	32512	992	0	0	0	992
964	18532	0	1	0	1	0	0	1	25	222	6	37	32512	992	0	0	0	992
964	18536	0	1	0	1	0	0	1	25	222	6	37	32512	992	0	0	0	992
964	18544	0	1	0	1	0	0	1	25	222	6	37	32512	992	0	0	0	992
964	18563	0	1	0	1	0	0	1	25	222	6	37	32512	992	0	0	0	992
964	18565	0	1	0	1	0	0	1	25	222	6	37	32512	992	0	0	0	992
964	18566	0	1	0	1	0	0	1	25	222	6	37	32512	992	0	0	0	992
964	18569	0	1	0	1	0	0	1	25	222	6	37	32512	992	0	0	0	992
964	18570	0	1	0	1	0	0	1	25	222	6	37	32512	992	0	0	0	992
964	18572	0	1	0	1	0	0	1	25	222	6	37	32512	992	0	0	0	992
964	18577	0	1	0	1	0	0	1	25	222	6	37	32512	992	0	0	0	992
964	18578	0	1	0	1	0	0	1	25	222	6	37	32512	992	0	0	0	992
964	18580	0	1	0	1	0	0	1	25	222	6	37	32512	992	0	0	0	992
964	18584	0	1	0	1	0	0	1	25	222	6	37	32512	992	0	0	0	992
964	18593	0	1	0	1	0	0	1	25	222	6	37	32512	992	0	0	0	992
964	18594	0	1	0	1	0	0	1	25	222	6	37	32512	992	0	0	0	992
964	18596	0	1	0	1	0	0	1	25	222	6	37	32512	992	0	0	0	992
964	18600	0	1	0	1	0	0	1	25	222	6	37	32512	992	0	0	0	992
964	18608	0	1	0	1	0	0	1	25	222	6	37	32512	992	0	0	0	992
964	18625	0	1	0	1	0	0	1	25	222	6	37	32512	992	0	0	0	992
964	18626	0	1	0	1	0	0	1	25	222	6	37	32512	992	0	0	0	992
964	18628	0	1	0	1	0	0	1	25	222	6	37	32512	992	0	0	0	992
964	18632	0	1	0	1	0	0	1	25	222	6	37	32512	992	0	0	0	992
964	18640	0	1	0	1	0	0	1	25	222	6	37	32512	992	0	0	0	992
964	18656	0	1	0	1	0	0	1	25	222	6	37	32512	992	0	0	0	992
964	18691	0	1	0	1	0	0	1	26	222	6	38	32512	960	0	0	0	960
964	18693	0	1	0	1	0	0	1	26	222	6	38	32512	960	0	0	0	960
964	18694	0	1	0	1	0	0	1	26	222	6	38	32512	960	0	0	0	960
964	18697	0	1	0	1	0	0	1	26	222	6	38	32512	960	0	0	0	960
964	18698	0	1	0	1	0	0	1	26	222	6	38	32512	960	0	0	0	960
964	18700	0	1	0	1	0	0	1	26	222	6	38	32512	960	0	0	0	960
964	18705	0	1	0	1	0	0	1	26	222	6	38	32512	960	0	0	0	960
964	18706	0	1	0	1	0	0	1	26	222	6	38	32512	960	0	0	0	960
964	18708	0	1	0	1	0	0	1	26	222	6	38	32512	960	0	0	0	960
964	18712	0	1	0	1	0	0	1	26	222	6	38	32512	960	0	0	0	960
964	18721	0	1	0	1	0	0	1	26	222	6	38	32512	960	0	0	0	960
964	18722	0	1	0	1	0	0	1	26	222	6	38	32512	960	0	0	0	960
964	18724	0	1	0	1	0	0	1	26	222	6	38	32512	960	0	0	0	960
964	18728	0	1	0	1	0	0	1	26	222	6	38	32512	960	0	0	0	960
964	18736	0	1	0	1	0	0	1	26	222	6	38	32512	960	0	0	0	960
964	18753	0	1	0	1	0	0	1	26	222	6	38	32512	960	0	0	0	960
964	18754	0	1	0	1	0	0	1	26	222	6	38	32512	960	0	0	0	960
964	18756	0	1	0	1	0	0	1	26	222	6	38	32512	960	0	0	0	960
964	18760	0	1	0	1	0	0	1	26	222	6	38	32512	960	0	0	0	960
964	18768	0	1	0	1	0	0	1	26	222	6	38	32512	960	0	0	0	960
964	18784	0	1	0	1	0	0	1	26	222	6	38	32512	960	0	0	0	960
964	18817	0	1	0	1	0	0	1	26	222	6	38	32512	960	0	0	0	960
964	18818	0	1	0	1	0	0	1	26	222	6	38	32512	960	0	0	0	960
964	18820	0	1	0	1	0	0	1	26	222	6	38	32512	960	0	0	0	960
964	18824	0	1	0	1	0	0	1	26	222	6	38	32512	960	0	0	0	960
964	18832	0	1	0	1	0	0	1	26	222	6	38	32512	960	0	0	0	960
964	18848	0	1	0	1	0	0	1	26	222	6	38	32512	960	0	0	0	960
964	18880	0	1	0	1	0	0	1	26	222	6	38	32512	960	0	0	0	960
964	18947	0	1	0	1	0	0	1	26	222	6	38	32512	960	0	0	0	960
964	18949	0	1	0	1	0	0	1	26	222	6	38	32512	960	0	0	0	960
964	18950	0	1	0	1	0	0	1	26	222	6	38	32512	960	0	0	0	960
964	18953	0	1	0	1	0	0	1	26	222	6	38	32512	960	0	0	0	960
964	18954	0	1	0	1	0	0	1	26	222	6	38	32512	960	0	0	0	960
964	18956	0	1	0	1	0	0	1	26	222	6	38	32512	960	0	0	0	960
964	18961	0	1	0	1	0	0	1	26	222	6	38	32512	960	0	0	0	960
964	18962	0	1	0	1	0	0	1	26	222	6	38	32512	960	0	0	0	960
964	18964	0	1	0	1	0	0	1	26	222	6	38	32512	960	0	0	0	960
964	18968	0	1	0	1	0	0	1	26	222	6	38	32512	960	0	0	0	960
964	18977	0	1	0	1	0	0	1	26	222	6	38	32512	960	0	0	0	960
964	18978	0	1	0	1	0	0	1	26	222	6	38	32512	960	0	0	0	960
964	18980	0	1	0	1	0	0	1	26	222	6	38	32512	960	0	0	0	960
964	18984	0	1	0	1	0	0	1	26	222	6	38	32512	960	0	0	0	960
964	18992	0	1	0	1	0	0	1	26	222	6	38	32512	960	0	0	0	960
964	19009	0	1	0	1	0	0	1	26	222	6	38	32512	960	0	0	0	960
964	19010	0	1	0	1	0	0	1	26	222	6	38	32512	960	0	0	0	960
964	19012	0	1	0	1	0	0	1	26	222	6	38	32512	960	0	0	0	960
964	19016	0	1	0	1	0	0	1	26	222	6	38	32512	960	0	0	0	960
964	19024	0	1	0	1	0	0	1	26	222	6	38	32512	960	0	0	0	960
964	19040	0	1	0	1	0	0	1	26	222	6	38	32512	960	0	0	0	960
964	19073	0	1	0	1	0	0	1	26	222	6	38	32512	960	0	0	0	960
964	19074	0	1	0	1	0	0	1	26	222	6	38	32512	960	0	0	0	960
964	19076	0	1	0	1	0	0	1	26	222	6	38	32512	960	0	0	0	960
964	19080	0	1	0	1	0	0	1	26	222	6	38	32512	960	0	0	0	960
964	19088	0	1	0	1	0	0	1	26	222	6	38	32512	960	0	0	0	960
964	19104	0	1	0	1	0	0	1	26	222	6	38	32512	960	0	0	0	960
964	19136	0	1	0	1	0	0	1	26	222	6	38	32512	960	0	0	0	960
964	19201	0	1	0	1	0	0	1	31	75	4	39	32512	896	0	0	0	896
964	19202	0	1	0	1	0	0	1	31	75	4	39	32512	896	0	0	0	896
964	19204	0	1	0	1	0	0	1	31	75	4	39	32512	896	0	0	0	896
964	19208	0	1	0	1	0	0	1	31	75	4	39	32512	896	0	0	0	896
964	19216	0	1	0	1	0	0	1	31	75	4	39	32512	896	0	0	0	896
964	19232	0	1	0	1	0	0	1	31	75	4	39	32512	896	0	0	0	896
964	19264	0	1	0	1	0	0	1	31	75	4	39	32512	896	0	0	0	896
964	19328	0	1	0	1	0	0	1	31	75	4	39	32512	896	0	0	0	896
964	19459	0	1	0	1	0	0	1	26	222	6	38	32512	960	0	0	0	960
964	19461	0	1	0	1	0	0	1	26	222	6	38	32512	960	0	0	0	960
964	19462	0	1	0	1	0	0	1	26	222	6	38	32512	960	0	0	0	960
964	19465	0	1	0	1	0	0	1	26	222	6	38	32512	960	0	0	0	960
964	19466	0	1	0	1	0	0	1	26	222	6	38	32512	960	0	0	0	960
964	19468	0	1	0	1	0	0	1	26	222	6	38	32512	960	0	0	0	960
964	19473	0	1	0	1	0	0	1	26	222	6	38	32512	960	0	0	0	960
964	19474	0	1	0	1	0	0	1	26	222	6	38	32512	960	0	0	0	960
964	19476	0	1	0	1	0	0	1	26	222	6	38	32512	960	0	0	0	960
964	19480	0	1	0	1	0	0	1	26	222	6	38	32512	960	0	0	0	960
964	19489	0	1	0	1	0	0	1	26	222	6	38	32512	960	0	0	0	960
964	19490	0	1	0	1	0	0	1	26	222	6	38	32512	960	0	0	0	960
964	19492	0	1	0	1	0	0	1	26	222	6	38	32512	960	0	0	0	960
964	19496	0	1	0	1	0	0	1	26	222	6	38	32512	960	0	0	0	960
964	19504	0	1	0	1	0	0	1	26	222	6	38	32512	960	0	0	0	960
964	19521	0	1	0	1	0	0	1	26	222	6	38	32512	960	0	0	0	960
964	19522	0	1	0	1	0	0	1	26	222	6	38	32512	960	0	0	0	960
964	19524	0	1	0	1	0	0	1	26	222	6	38	32512	960	0	0	0	960
964	19528	0	1	0	1	0	0	1	26	222	6	38	32512	960	0	0	0	960
964	19536	0	1	0	1	0	0	1	26	222	6	38	32512	960	0	0	0	960
964	19552	0	1	0	1	0	0	1	26	222	6	38	32512	960	0	0	0	960
964	19585	0	1	0	1	0	0	1	26	222	6	38	32512	960	0	0	0	960
964	19586	0	1	0	1	0	0	1	26	222	6	38	32512	960	0	0	0	960
964	19588	0	1	0	1	0	0	1	26	222	6	38	32512	960	0	0	0	960
964	19592	0	1	0	1	0	0	1	26	222	6	38	32512	960	0	0	0	960
964	19600	0	1	0	1	0	0	1	26	222	6	38	32512	960	0	0	0	960
964	19616	0	1	0	1	0	0	1	26	222	6	38	32512	960	0	0	0	960
964	19648	0	1	0	1	0	0	1	26	222	6	38	32512	960	0	0	0	960
964	19713	0	1	0	1	0	0	1	31	75	4	39	32512	896	0	0	0	896
964	19714	0	1	0	1	0	0	1	31	75	4	39	32512	896	0	0	0	896
964	19716	0	1	0	1	0	0	1	31	75	4	39	32512	896	0	0	0	896
964	19720	0	1	0	1	0	0	1	31	75	4	39	32512	896	0	0	0	896
964	19728	0	1	0	1	0	0	1	31	75	4	39	32512	896	0	0	0	896
964	19744	0	1	0	1	0	0	1	31	75	4	39	32512	896	0	0	0	896
964	19776	0	1	0	1	0	0	1	31	75	4	39	32512	896	0	0	0	896
964	19840	0	1	0	1	0	0	1	31	75	4	39	32512	896	0	0	0	896
964	19969	0	1	0	1	0	0	1	31	75	4	39	32512	896	0	0	0	896
964	19970	0	1	0	1	0	0	1	31	75	4	39	32512	896	0	0	0	896
964	19972	0	1	0	1	0	0	1	31	75	4	39	32512	896	0	0	0	896
964	19976	0	1	0	1	0	0	1	31	75	4	39	32512	896	0	0	0	896
964	19984	0	1	0	1	0	0	1	31	75	4	39	32512	896	0	0	0	896
964	20000	0	1	0	1	0	0	1	31	75	4	39	32512	896	0	0	0	896
964	20032	0	1	0	1	0	0	1	31	75	4	39	32512	896	0	0	0	896
964	20096	0	1	0	1	0	0	1	31	75	4	39	32512	896	0	0	0	896
964	20224	0	1	0	1	0	0	1	40	0	0	40	32512	768	0	0	0	768
964	20487	0	1	0	1	0	0	1	25	222	6	37	32512	992	0	0	0	992
964	20491	0	1	0	1	0	0	1	25	222	6	37	32512	992	0	0	0	992
964	20493	0	1	0	1	0	0	1	25	222	6	37	32512	992	0	0	0	992
964	20494	0	1	0	1	0	0	1	25	222	6	37	32512	992	0	0	0	992
964	20499	0	1	0	1	0	0	1	25	222	6	37	32512	992	0	0	0	992
964	20501	0	1	0	1	0	0	1	25	222	6	37	32512	992	0	0	0	992
964	20502	0	1	0	1	0	0	1	25	222	6	37	32512	992	0	0	0	992
964	20505	0	1	0	1	0	0	1	25	222	6	37	32512	992	0	0	0	992
964	20506	0	1	0	1	0	0	1	25	222	6	37	32512	992	0	0	0	992
964	20508	0	1	0	1	0	0	1	25	222	6	37	32512	992	0	0	0	992
964	20515	0	1	0	1	0	0	1	25	222	6	37	32512	992	0	0	0	992
964	20517	0	1	0	1	0	0	1	25	222	6	37	32512	992	0	0	0	992
964	20518	0	1	0	1	0	0	1	25	222	6	37	32512	992	0	0	0	992
964	20521	0	1	0	1	0	0	1	25	222	6	37	32512	992	0	0	0	992
964	20522	0	1	0	1	0	0	1	25	222	6	37	32512	992	0	0	0	992
964	20524	0	1	0	1	0	0	1	25	222	6	37	32512	992	0	0	0	992
964	20529	0	1	0	1	0	0	1	25	222	6	37	32512	992	0	0	0	992
964	20530	0	1	0	1	0	0	1	25	222	6	37	32512	992	0	0	0	992
964	20532	0	1	0	1	0	0	1	25	222	6	37	32512	992	0	0	0	992
964	20536	0	1	0	1	0	0	1	25	222	6	37	32512	992	0	0	0	992
964	20547	0	1	0	1	0	0	1	25	222	6	37	32512	992	0	0	0	992
964	20549	0	1	0	1	0	0	1	25	222	6	37	32512	992	0	0	0	992
964	20550	0	1	0	1	0	0	1	25	222	6	37	32512	992	0	0	0	992
964	20553	0	1	0	1	0	0	1	25	222	6	37	32512	992	0	0	0	992
964	20554	0	1	0	1	0	0	1	25	222	6	37	32512	992	0	0	0	992
964	20556	0	1	0	1	0	0	1	25	222	6	37	32512	992	0	0	0	992
964	20561	0	1	0	1	0	0	1	25	222	6	37	32512	992	0	0	0	992
964	20562	0	1	0	1	0	0	1	25	222	6	37	32512	992	0	0	0	992
964	20564	0	1	0	1	0	0	1	25	222	6	37	32512	992	0	0	0	992
964	20568	0	1	0	1	0	0	1	25	222	6	37	32512	992	0	0	0	992
964	20577	0	1	0	1	0	0	1	25	222	6	37	32512	992	0	0	0	992
964	20578	0	1	0	1	0	0	1	25	222	6	37	32512	992	0	0	0	992
964	20580	0	1	0	1	0	0	1	25	222	6	37	32512	992	0	0	0	992
964	20584	0	1	0	1	0	0	1	25	222	6	37	32512	992	0	0	0	992
964	20592	0	1	0	1	0	0	1	25	222	6	37	32512	992	0	0	0	992
964	20611	0	1	0	1	0	0	1	25	222	6	37	32512	992	0	0	0	992
964	20613	0	1	0	1	0	0	1	25	222	6	37	32512	992	0	0	0	992
964	20614	0	1	0	1	0	0	1	25	222	6	37	32512	992	0	0	0	992
964	20617	0	1	0	1	0	0	1	25	222	6	37	32512	992	0	0	0	992
964	20618	0	1	0	1	0	0	1	25	222	6	37	32512	992	0	0	0	992
964	20620	0	1	0	1	0	0	1	25	222	6	37	32512	992	0	0	0	992
964	20625	0	1	0	1	0	0	1	25	222	6	37	32512	992	0	0	0	992
964	20626	0	1	0	1	0	0	1	25	222	6	37	32512	992	0	0	0	992
964	20628	0	1	0	1	0	0	1	25	222	6	37	32512	992	0	0	0	992
964	20632	0	1	0	1	0	0	1	25	222	6	37	32512	992	0	0	0	992
964	20641	0	1	0	1	0	0	1	25	222	6	37	32512	992	0	0	0	992
964	20642	0	1	0	1	0	0	1	25	222	6	37	32512	992	0	0	0	992
964	20644	0	1	0	1	0	0	1	25	222	6	37	32512	992	0	0	0	992
964	20648	0	1	0	1	0	0	1	25	222	6	37	32512	992	0	0	0	992
964	20656	0	1	0	1	0	0	1	25	222	6	37	32512	992	0	0	0	992
964	20673	0	1	0	1	0	0	1	25	222	6	37	32512	992	0	0	0	992
964	20674	0	1	0	1	0	0	1	25	222	6	37	32512	992	0	0	0	992
964	20676	0	1	0	1	0	0	1	25	222	6	37	32512	992	0	0	0	992
964	20680	0	1	0	1	0	0	1	25	222	6	37	32512	992	0	0	0	992
964	20688	0	1	0	1	0	0	1	25	222	6	37	32512	992	0	0	0	992
964	20704	0	1	0	1	0	0	1	25	222	6	37	32512	992	0	0	0	992
964	20739	0	1	0	1	0	0	1	26	222	6	38	32512	960	0	0	0	960
964	20741	0	1	0	1	0	0	1	26	222	6	38	32512	960	0	0	0	960
964	20742	0	1	0	1	0	0	1	26	222	6	38	32512	960	0	0	0	960
964	20745	0	1	0	1	0	0	1	26	222	6	38	32512	960	0	0	0	960
964	20746	0	1	0	1	0	0	1	26	222	6	38	32512	960	0	0	0	960
964	20748	0	1	0	1	0	0	1	26	222	6	38	32512	960	0	0	0	960
964	20753	0	1	0	1	0	0	1	26	222	6	38	32512	960	0	0	0	960
964	20754	0	1	0	1	0	0	1	26	222	6	38	32512	960	0	0	0	960
964	20756	0	1	0	1	0	0	1	26	222	6	38	32512	960	0	0	0	960
964	20760	0	1	0	1	0	0	1	26	222	6	38	32512	960	0	0	0	960
964	20769	0	1	0	1	0	0	1	26	222	6	38	32512	960	0	0	0	960
964	20770	0	1	0	1	0	0	1	26	222	6	38	32512	960	0	0	0	960
964	20772	0	1	0	1	0	0	1	26	222	6	38	32512	960	0	0	0	960
964	20776	0	1	0	1	0	0	1	26	222	6	38	32512	960	0	0	0	960
964	20784	0	1	0	1	0	0	1	26	222	6	38	32512	960	0	0	0	960
964	20801	0	1	0	1	0	0	1	26	222	6	38	32512	960	0	0	0	960
964	20802	0	1	0	1	0	0	1	26	222	6	38	32512	960	0	0	0	960
964	20804	0	1	0	1	0	0	1	26	222	6	38	32512	960	0	0	0	960
964	20808	0	1	0	1	0	0	1	26	222	6	38	32512	960	0	0	0	960
964	20816	0	1	0	1	0	0	1	26	222	6	38	32512	960	0	0	0	960
964	20832	0	1	0	1	0	0	1	26	222	6	38	32512	960	0	0	0	960
964	20865	0	1	0	1	0	0	1	26	222	6	38	32512	960	0	0	0	960
964	20866	0	1	0	1	0	0	1	26	222	6	38	32512	960	0	0	0	960
964	20868	0	1	0	1	0	0	1	26	222	6	38	32512	960	0	0	0	960
964	20872	0	1	0	1	0	0	1	26	222	6	38	32512	960	0	0	0	960
964	20880	0	1	0	1	0	0	1	26	222	6	38	32512	960	0	0	0	960
964	20896	0	1	0	1	0	0	1	26	222	6	38	32512	960	0	0	0	960
964	20928	0	1	0	1	0	0	1	26	222	6	38	32512	960	0	0	0	960
964	20995	0	1	0	1	0	0	1	26	222	6	38	32512	960	0	0	0	960
964	20997	0	1	0	1	0	0	1	26	222	6	38	32512	960	0	0	0	960
964	20998	0	1	0	1	0	0	1	26	222	6	38	32512	960	0	0	0	960
964	21001	0	1	0	1	0	0	1	26	222	6	38	32512	960	0	0	0	960
964	21002	0	1	0	1	0	0	1	26	222	6	38	32512	960	0	0	0	960
964	21004	0	1	0	1	0	0	1	26	222	6	38	32512	960	0	0	0	960
964	21009	0	1	0	1	0	0	1	26	222	6	38	32512	960	0	0	0	960
964	21010	0	1	0	1	0	0	1	26	222	6	38	32512	960	0	0	0	960
964	21012	0	1	0	1	0	0	1	26	222	6	38	32512	960	0	0	0	960
964	21016	0	1	0	1	0	0	1	26	222	6	38	32512	960	0	0	0	960
964	21025	0	1	0	1	0	0	1	26	222	6	38	32512	960	0	0	0	960
964	21026	0	1	0	1	0	0	1	26	222	6	38	32512	960	0	0	0	960
964	21028	0	1	0	1	0	0	1	26	222	6	38	32512	960	0	0	0	960
964	21032	0	1	0	1	0	0	1	26	222	6	38	32512	960	0	0	0	960
964	21040	0	1	0	1	0	0	1	26	222	6	38	32512	960	0	0	0	960
964	21057	0	1	0	1	0	0	1	26	222	6	38	32512	960	0	0	0	960
964	21058	0	1	0	1	0	0	1	26	222	6	38	32512	960	0	0	0	960
964	21060	0	1	0	1	0	0	1	26	222	6	38	32512	960	0	0	0	960
964	21064	0	1	0	1	0	0	1	26	222	6	38	32512	960	0	0	0	960
964	21072	0	1	0	1	0	0	1	26	222	6	38	32512	960	0	0	0	960
964	21088	0	1	0	1	0	0	1	26	222	6	38	32512	960	0	0	0	960
964	21121	0	1	0	1	0	0	1	26	222	6	38	32512	960	0	0	0	960
964	21122	0	1	0	1	0	0	1	26	222	6	38	32512	960	0	0	0	960
964	21124	0	1	0	1	0	0	1	26	222	6	38	32512	960	0	0	0	960
964	21128	0	1	0	1	0	0	1	26	222	6	38	32512	960	0	0	0	960
964	21136	0	1	0	1	0	0	1	26	222	6	38	32512	960	0	0	0	960
964	21152	0	1	0	1	0	0	1	26	222	6	38	32512	960	0	0	0	960
964	21184	0	1	0	1	0	0	1	26	222	6	38	32512	960	0	0	0	960
964	21249	0	1	0	1	0	0	1	31	75	4	39	32512	896	0	0	0	896
964	21250	0	1	0	1	0	0	1	31	75	4	39	32512	896	0	0	0	896
964	21252	0	1	0	1	0	0	1	31	75	4	39	32512	896	0	0	0	896
964	21256	0	1	0	1	0	0	1	31	75	4	39	32512	896	0	0	0	896
964	21264	0	1	0	1	0	0	1	31	75	4	39	32512	896	0	0	0	896
964	21280	0	1	0	1	0	0	1	31	75	4	39	32512	896	0	0	0	896
964	21312	0	1	0	1	0	0	1	31	75	4	39	32512	896	0	0	0	896
964	21376	0	1	0	1	0	0	1	31	75	4	39	32512	896	0	0	0	896
964	21507	0	1	0	1	0	0	1	26	222	6	38	32512	960	0	0	0	960
964	21509	0	1	0	1	0	0	1	26	222	6	38	32512	960	0	0	0	960
964	21510	0	1	0	1	0	0	1	26	222	6	38	32512	960	0	0	0	960
964	21513	0	1	0	1	0	0	1	26	222	6	38	32512	960	0	0	0	960
964	21514	0	1	0	1	0	0	1	26	222	6	38	32512	960	0	0	0	960
964	21516	0	1	0	1	0	0	1	26	222	6	38	32512	960	0	0	0	960
964	21521	0	1	0	1	0	0	1	26	222	6	38	32512	960	0	0	0	960
964	21522	0	1	0	1	0	0	1	26	222	6	38	32512	960	0	0	0	960
964	21524	0	1	0	1	0	0	1	26	222	6	38	32512	960	0	0	0	960
964	21528	0	1	0	1	0	0	1	26	222	6	38	32512	960	0	0	0	960
964	21537	0	1	0	1	0	0	1	26	222	6	38	32512	960	0	0	0	960
964	21538	0	1	0	1	0	0	1	26	222	6	38	32512	960	0	0	0	960
964	21540	0	1	0	1	0	0	1	26	222	6	38	32512	960	0	0	0	960
964	21544	0	1	0	1	0	0	1	26	222	6	38	32512	960	0	0	0	960
964	21552	0	1	0	1	0	0	1	26	222	6	38	32512	960	0	0	0	960
964	21569	0	1	0	1	0	0	1	26	222	6	38	32512	960	0	0	0	960
964	21570	0	1	0	1	0	0	1	26	222	6	38	32512	960	0	0	0	960
964	21572	0	1	0	1	0	0	1	26	222	6	38	32512	960	0	0	0	960
964	21576	0	1	0	1	0	0	1	26	222	6	38	32512	960	0	0	0	960
964	21584	0	1	0	1	0	0	1	26	222	6	38	32512	960	0	0	0	960
964	21600	0	1	0	1	0	0	1	26	222	6	38	32512	960	0	0	0	960
964	21633	0	1	0	1	0	0	1	26	222	6	38	32512	960	0	0	0	960
964	21634	0	1	0	1	0	0	1	26	222	6	38	32512	960	0	0	0	960
964	21636	0	1	0	1	0	0	1	26	222	6	38	32512	960	0	0	0	960
964	21640	0	1	0	1	0	0	1	26	222	6	38	32512	960	0	0	0	960
964	21648	0	1	0	1	0	0	1	26	222	6	38	32512	960	0	0	0	960
964	21664	0	1	0	1	0	0	1	26	222	6	38	32512	960	0	0	0	960
964	21696	0	1	0	1	0	0	1	26	222	6	38	32512	960	0	0	0	960
964	21761	0	1	0	1	0	0	1	31	75	4	39	32512	896	0	0	0	896
964	21762	0	1	0	1	0	0	1	31	75	4	39	32512	896	0	0	0	896
964	21764	0	1	0	1	0	0	1	31	75	4	39	32512	896	0	0	0	896
964	21768	0	1	0	1	0	0	1	31	75	4	39	32512	896	0	0	0	896
964	21776	0	1	0	1	0	0	1	31	75	4	39	32512	896	0	0	0	896
964	21792	0	1	0	1	0	0	1	31	75	4	39	32512	896	0	0	0	896
964	21824	0	1	0	1	0	0	1	31	75	4	39	32512	896	0	0	0	896
964	21888	0	1	0	1	0	0	1	31	75	4	39	32512	896	0	0	0	896
964	22017	0	1	0	1	0	0	1	31	75	4	39	32512	896	0	0	0	896
964	22018	0	1	0	1	0	0	1	31	75	4	39	32512	896	0	0	0	896
964	22020	0	1	0	1	0	0	1	31	75	4	39	32512	896	0	0	0	896
964	22024	0	1	0	1	0	0	1	31	75	4	39	32512	896	0	0	0	896
964	22032	0	1	0	1	0	0	1	31	75	4	39	32512	896	0	0	0	896
964	22048	0	1	0	1	0	0	1	31	75	4	39	32512	896	0	0	0	896
964	22080	0	1	0	1	0	0	1	31	75	4	39	32512	896	0	0	0	896
964	22144	0	1	0	1	0	0	1	31	75	4	39	32512	896	0	0	0	896
964	22272	0	1	0	1	0	0	1	40	0	0	40	32512	768	0	0	0	768
964	22531	0	1	0	1	0	0	1	26	222	6	38	32512	960	0	0	0	960
964	22533	0	1	0	1	0	0	1	26	222	6	38	32512	960	0	0	0	960
964	22534	0	1	0	1	0	0	1	26	222	6	38	32512	960	0	0	0	960
964	22537	0	1	0	1	0	0	1	26	222	6	38	32512	960	0	0	0	960
964	22538	0	1	0	1	0	0	1	26	222	6	38	32512	960	0	0	0	960
964	22540	0	1	0	1	0	0	1	26	222	6	38	32512	960	0	0	0	960
964	22545	0	1	0	1	0	0	1	26	222	6	38	32512	960	0	0	0	960
964	22546	0	1	0	1	0	0	1	26	222	6	38	32512	960	0	0	0	960
964	22548	0	1	0	1	0	0	1	26	222	6	38	32512	960	0	0	0	960
964	22552	0	1	0	1	0	0	1	26	222	6	38	32512	960	0	0	0	960
964	22561	0	1	0	1	0	0	1	26	222	6	38	32512	960	0	0	0	960
964	22562	0	1	0	1	0	0	1	26	222	6	38	32512	960	0	0	0	960
964	22564	0	1	0	1	0	0	1	26	222	6	38	32512	960	0	0	0	960
964	22568	0	1	0	1	0	0	1	26	222	6	38	32512	960	0	0	0	960
964	22576	0	1	0	1	0	0	1	26	222	6	38	32512	960	0	0	0	960
964	22593	0	1	0	1	0	0	1	26	222	6	38	32512	960	0	0	0	960
964	22594	0	1	0	1	0	0	1	26	222	6	38	32512	960	0	0	0	960
964	22596	0	1	0	1	0	0	1	26	222	6	38	32512	960	0	0	0	960
964	22600	0	1	0	1	0	0	1	26	222	6	38	32512	960	0	0	0	960
964	22608	0	1	0	1	0	0	1	26	222	6	38	32512	960	0	0	0	960
964	22624	0	1	0	1	0	0	1	26	222	6	38	32512	960	0	0	0	960
964	22657	0	1	0	1	0	0	1	26	222	6	38	32512	960	0	0	0	960
964	22658	0	1	0	1	0	0	1	26	222	6	38	32512	960	0	0	0	960
964	22660	0	1	0	1	0	0	1	26	222	6	38	32512	960	0	0	0	960
964	22664	0	1	0	1	0	0	1	26	222	6	38	32512	960	0	0	0	960
964	22672	0	1	0	1	0	0	1	26	222	6	38	32512	960	0	0	0	960
964	22688	0	1	0	1	0	0	1	26	222	6	38	32512	960	0	0	0	960
964	22720	0	1	0	1	0	0	1	26	222	6	38	32512	960	0	0	0	960
964	22785	0	1	0	1	0	0	1	31	75	4	39	32512	896	0	0	0	896
964	22786	0	1	0	1	0	0	1	31	75	4	39	32512	896	0	0	0	896
964	22788	0	1	0	1	0	0	1	31	75	4	39	32512	896	0	0	0	896
964	22792	0	1	0	1	0	0	1	31	75	4	39	32512	896	0	0	0	896
964	22800	0	1	0	1	0	0	1	31	75	4	39	32512	896	0	0	0	896
964	22816	0	1	0	1	0	0	1	31	75	4	39	32512	896	0	0	0	896
964	22848	0	1	0	1	0	0	1	31	75	4	39	32512	896	0	0	0	896
964	22912	0	1	0	1	0	0	1	31	75	4	39	32512	896	0	0	0	896
964	23041	0	1	0	1	0	0	1	31	75	4	39	32512	896	0	0	0	896
964	23042	0	1	0	1	0	0	1	31	75	4	39	32512	896	0	0	0	896
964	23044	0	1	0	1	0	0	1	31	75	4	39	32512	896	0	0	0	896
964	23048	0	1	0	1	0	0	1	31	75	4	39	32512	896	0	0	0	896
964	23056	0	1	0	1	0	0	1	31	75	4	39	32512	896	0	0	0	896
964	23072	0	1	0	1	0	0	1	31	75	4	39	32512	896	0	0	0	896
964	23104	0	1	0	1	0	0	1	31	75	4	39	32512	896	0	0	0	896
964	23168	0	1	0	1	0	0	1	31	75	4	39	32512	896	0	0	0	896
964	23296	0	1	0	1	0	0	1	40	0	0	40	32512	768	0	0	0	768
964	23553	0	1	0	1	0	0	1	31	75	4	39	32512	896	0	0	0	896
964	23554	0	1	0	1	0	0	1	31	75	4	39	32512	896	0	0	0	896
964	23556	0	1	0	1	0	0	1	31	75	4	39	32512	896	0	0	0	896
964	23560	0	1	0	1	0	0	1	31	75	4	39	32512	896	0	0	0	896
964	23568	0	1	0	1	0	0	1	31	75	4	39	32512	896	0	0	0	896
964	23584	0	1	0	1	0	0	1	31	75	4	39	32512	896	0	0	0	896
964	23616	0	1	0	1	0	0	1	31	75	4	39	32512	896	0	0	0	896
964	23680	0	1	0	1	0	0	1	31	75	4	39	32512	896	0	0	0	896
964	23808	0	1	0	1	0	0	1	40	0	0	40	32512	768	0	0	0	768
964	24064	0	1	0	1	0	0	1	40	0	0	40	32512	768	0	0	0	768
964	24583	0	1	0	1	0	0	1	25	222	6	37	32512	992	0	0	0	992
964	24587	0	1	0	1	0	0	1	25	222	6	37	32512	992	0	0	0	992
964	24589	0	1	0	1	0	0	1	25	222	6	37	32512	992	0	0	0	992
964	24590	0	1	0	1	0	0	1	25	222	6	37	32512	992	0	0	0	992
964	24595	0	1	0	1	0	0	1	25	222	6	37	32512	992	0	0	0	992
964	24597	0	1	0	1	0	0	1	25	222	6	37	32512	992	0	0	0	992
964	24598	0	1	0	1	0	0	1	25	222	6	37	32512	992	0	0	0	992
964	24601	0	1	0	1	0	0	1	25	222	6	37	32512	992	0	0	0	992
964	24602	0	1	0	1	0	0	1	25	222	6	37	32512	992	0	0	0	992
964	24604	0	1	0	1	0	0	1	25	222	6	37	32512	992	0	0	0	992
964	24611	0	1	0	1	0	0	1	25	222	6	37	32512	992	0	0	0	992
964	24613	0	1	0	1	0	0	1	25	222	6	37	32512	992	0	0	0	992
964	24614	0	1	0	1	0	0	1	25	222	6	37	32512	992	0	0	0	992
964	24617	0	1	0	1	0	0	1	25	222	6	37	32512	992	0	0	0	992
964	24618	0	1	0	1	0	0	1	25	222	6	37	32512	992	0	0	0	992
964	24620	0	1	0	1	0	0	1	25	222	6	37	32512	992	0	0	0	992
964	24625	0	1	0	1	0	0	1	25	222	6	37	32512	992	0	0	0	992
964	24626	0	1	0	1	0	0	1	25	222	6	37	32512	992	0	0	0	992
964	24628	0	1	0	1	0	0	1	25	222	6	37	32512	992	0	0	0	992
964	24632	0	1	0	1	0	0	1	25	222	6	37	32512	992	0	0	0	992
964	24643	0	1	0	1	0	0	1	25	222	6	37	32512	992	0	0	0	992
964	24645	0	1	0	1	0	0	1	25	222	6	37	32512	992	0	0	0	992
964	24646	0	1	0	1	0	0	1	25	222	6	37	32512	992	0	0	0	992
964	24649	0	1	0	1	0	0	1	25	222	6	37	32512	992	0	0	0	992
964	24650	0	1	0	1	0	0	1	25	222	6	37	32512	992	0	0	0	992
964	24652	0	1	0	1	0	0	1	25	222	6	37	32512	992	0	0	0	992
964	24657	0	1	0	1	0	0	1	25	222	6	37	32512	992	0	0	0	992
964	24658	0	1	0	1	0	0	1	25	222	6	37	32512	992	0	0	0	992
964	24660	0	1	0	1	0	0	1	25	222	6	37	32512	992	0	0	0	992
964	24664	0	1	0	1	0	0	1	25	222	6	37	32512	992	0	0	0	992
964	24673	0	1	0	1	0	0	1	25	222	6	37	32512	992	0	0	0	992
964	24674	0	1	0	1	0	0	1	25	222	6	37	32512	992	0	0	0	992
964	24676	0	1	0	1	0	0	1	25	222	6	37	32512	992	0	0	0	992
964	24680	0	1	0	1	0	0	1	25	222	6	37	32512	992	0	0	0	992
964	24688	0	1	0	1	0	0	1	25	222	6	37	32512	992	0	0	0	992
964	24707	0	1	0	1	0	0	1	25	222	6	37	32512	992	0	0	0	992
964	24709	0	1	0	1	0	0	1	25	222	6	37	32512	992	0	0	0	992
964	24710	0	1	0	1	0	0	1	25	222	6	37	32512	992	0	0	0	992
964	24713	0	1	0	1	0	0	1	25	222	6	37	32512	992	0	0	0	992
964	24714	0	1	0	1	0	0	1	25	222	6	37	32512	992	0	0	0	992
964	24716	0	1	0	1	0	0	1	25	222	6	37	32512	992	0	0	0	992
964	24721	0	1	0	1	0	0	1	25	222	6	37	32512	992	0	0	0	992
964	24722	0	1	0	1	0	0	1	25	222	6	37	32512	992	0	0	0	992
964	24724	0	1	0	1	0	0	1	25	222	6	37	32512	992	0	0	0	992
964	24728	0	1	0	1	0	0	1	25	222	6	37	32512	992	0	0	0	992
964	24737	0	1	0	1	0	0	1	25	222	6	37	32512	992	0	0	0	992
964	24738	0	1	0	1	0	0	1	25	222	6	37	32512	992	0	0	0	992
964	24740	0	1	0	1	0	0	1	25	222	6	37	32512	992	0	0	0	992
964	24744	0	1	0	1	0	0	1	25	222	6	37	32512	992	0	0	0	992
964	24752	0	1	0	1	0	0	1	25	222	6	37	32512	992	0	0	0	992
964	24769	0	1	0	1	0	0	1	25	222	6	37	32512	992	0	0	0	992
964	24770	0	1	0	1	0	0	1	25	222	6	37	32512	992	0	0	0	992
964	24772	0	1	0	1	0	0	1	25	222	6	37	32512	992	0	0	0	992
964	24776	0	1	0	1	0	0	1	25	222	6	37	32512	992	0	0	0	992
964	24784	0	1	0	1	0	0	1	25	222	6	37	32512	992	0	0	0	992
964	24800	0	1	0	1	0	0	1	25	222	6	37	32512	992	0	0	0	992
964	24835	0	1	0	1	0	0	1	26	222	6	38	32512	960	0	0	0	960
964	24837	0	1	0	1	0	0	1	26	222	6	38	32512	960	0	0	0	960
964	24838	0	1	0	1	0	0	1	26	222	6	38	32512	960	0	0	0	960
964	24841	0	1	0	1	0	0	1	26	222	6	38	32512	960	0	0	0	960
964	24842	0	1	0	1	0	0	1	26	222	6	38	32512	960	0	0	0	960
964	24844	0	1	0	1	0	0	1	26	222	6	38	32512	960	0	0	0	960
964	24849	0	1	0	1	0	0	1	26	222	6	38	32512	960	0	0	0	960
964	24850	0	1	0	1	0	0	1	26	222	6	38	32512	960	0	0	0	960
964	24852	0	1	0	1	0	0	1	26	222	6	38	32512	960	0	0	0	960
964	24856	0	1	0	1	0	0	1	26	222	6	38	32512	960	0	0	0	960
964	24865	0	1	0	1	0	0	1	26	222	6	38	32512	960	0	0	0	960
964	24866	0	1	0	1	0	0	1	26	222	6	38	32512	960	0	0	0	960
964	24868	0	1	0	1	0	0	1	26	222	6	38	32512	960	0	0	0	960
964	24872	0	1	0	1	0	0	1	26	222	6	38	32512	960	0	0	0	960
964	24880	0	1	0	1	0	0	1	26	222	6	38	32512	960	0	0	0	960
964	24897	0	1	0	1	0	0	1	26	222	6	38	32512	960	0	0	0	960
964	24898	0	1	0	1	0	0	1	26	222	6	38	32512	960	0	0	0	960
964	24900	0	1	0	1	0	0	1	26	222	6	38	32512	960	0	0	0	960
964	24904	0	1	0	1	0	0	1	26	222	6	38	32512	960	0	0	0	960
964	24912	0	1	0	1	0	0	1	26	222	6	38	32512	960	0	0	0	960
964	24928	0	1	0	1	0	0	1	26	222	6	38	32512	960	0	0	0	960
964	24961	0	1	0	1	0	0	1	26	222	6	38	32512	960	0	0	0	960
964	24962	0	1	0	1	0	0	1	26	222	6	38	32512	960	0	0	0	960
964	24964	0	1	0	1	0	0	1	26	222	6	38	32512	960	0	0	0	960
964	24968	0	1	0	1	0	0	1	26	222	6	38	32512	960	0	0	0	960
964	24976	0	1	0	1	0	0	1	26	222	6	38	32512	960	0	0	0	960
964	24992	0	1	0	1	0	0	1	26	222	6	38	32512	960	0	0	0	960
964	25024	0	1	0	1	0	0	1	26	222	6	38	32512	960	0	0	0	960
964	25091	0	1	0	1	0	0	1	26	222	6	38	32512	960	0	0	0	960
964	25093	0	1	0	1	0	0	1	26	222	6	38	32512	960	0	0	0	960
964	25094	0	1	0	1	0	0	1	26	222	6	38	32512	960	0	0	0	960
964	25097	0	1	0	1	0	0	1	26	222	6	38	32512	960	0	0	0	960
964	25098	0	1	0	1	0	0	1	26	222	6	38	32512	960	0	0	0	960
964	25100	0	1	0	1	0	0	1	26	222	6	38	32512	960	0	0	0	960
964	25105	0	1	0	1	0	0	1	26	222	6	38	32512	960	0	0	0	960
964	25106	0	1	0	1	0	0	1	26	222	6	38	32512	960	0	0	0	960
964	25108	0	1	0	1	0	0	1	26	222	6	38	32512	960	0	0	0	960
964	25112	0	1	0	1	0	0	1	26	222	6	38	32512	960	0	0	0	960
964	25121	0	1	0	1	0	0	1	26	222	6	38	32512	960	0	0	0	960
964	25122	0	1	0	1	0	0	1	26	222	6	38	32512	960	0	0	0	960
964	25124	0	1	0	1	0	0	1	26	222	6	38	32512	960	0	0	0	960
964	25128	0	1	0	1	0	0	1	26	222	6	38	32512	960	0	0	0	960
964	25136	0	1	0	1	0	0	1	26	222	6	38	32512	960	0	0	0	960
964	25153	0	1	0	1	0	0	1	26	222	6	38	32512	960	0	0	0	960
964	25154	0	1	0	1	0	0	1	26	222	6	38	32512	960	0	0	0	960
964	25156	0	1	0	1	0	0	1	26	222	6	38	32512	960	0	0	0	960
964	25160	0	1	0	1	0	0	1	26	222	6	38	32512	960	0	0	0	960
964	25168	0	1	0	1	0	0	1	26	222	6	38	32512	960	0	0	0	960
964	25184	0	1	0	1	0	0	1	26	222	6	38	32512	960	0	0	0	960
964	25217	0	1	0	1	0	0	1	26	222	6	38	32512	960	0	0	0	960
964	25218	0	1	0	1	0	0	1	26	222	6	38	32512	960	0	0	0	960
964	25220	0	1	0	1	0	0	1	26	222	6	38	32512	960	0	0	0	960
964	25224	0	1	0	1	0	0	1	26	222	6	38	32512	960	0	0	0	960
964	25232	0	1	0	1	0	0	1	26	222	6	38	32512	960	0	0	0	960
964	25248	0	1	0	1	0	0	1	26	222	6	38	32512	960	0	0	0	960
964	25280	0	1	0	1	0	0	1	26	222	6	38	32512	960	0	0	0	960
964	25345	0	1	0	1	0	0	1	31	75	4	39	32512	896	0	0	0	896
964	25346	0	1	0	1	0	0	1	31	75	4	39	32512	896	0	0	0	896
964	25348	0	1	0	1	0	0	1	31	75	4	39	32512	896	0	0	0	896
964	25352	0	1	0	1	0	0	1	31	75	4	39	32512	896	0	0	0	896
964	25360	0	1	0	1	0	0	1	31	75	4	39	32512	896	0	0	0	896
964	25376	0	1	0	1	0	0	1	31	75	4	39	32512	896	0	0	0	896
964	25408	0	1	0	1	0	0	1	31	75	4	39	32512	896	0	0	0	896
964	25472	0	1	0	1	0	0	1	31	75	4	39	32512	896	0	0	0	896
964	25603	0	1	0	1	0	0	1	26	222	6	38	32512	960	0	0	0	960
964	25605	0	1	0	1	0	0	1	26	222	6	38	32512	960	0	0	0	960
964	25606	0	1	0	1	0	0	1	26	222	6	38	32512	960	0	0	0	960
964	25609	0	1	0	1	0	0	1	26	222	6	38	32512	960	0	0	0	960
964	25610	0	1	0	1	0	0	1	26	222	6	38	32512	960	0	0	0	960
964	25612	0	1	0	1	0	0	1	26	222	6	38	32512	960	0	0	0	960
964	25617	0	1	0	1	0	0	1	26	222	6	38	32512	960	0	0	0	960
964	25618	0	1	0	1	0	0	1	26	222	6	38	32512	960	0	0	0	960
964	25620	0	1	0	1	0	0	1	26	222	6	38	32512	960	0	0	0	960
964	25624	0	1	0	1	0	0	1	26	222	6	38	32512	960	0	0	0	960
964	25633	0	1	0	1	0	0	1	26	222	6	38	32512	960	0	0	0	960
964	25634	0	1	0	1	0	0	1	26	222	6	38	32512	960	0	0	0	960
964	25636	0	1	0	1	0	0	1	26	222	6	38	32512	960	0	0	0	960
964	25640	0	1	0	1	0	0	1	26	222	6	38	32512	960	0	0	0	960
964	25648	0	1	0	1	0	0	1	26	222	6	38	32512	960	0	0	0	960
964	25665	0	1	0	1	0	0	1	26	222	6	38	32512	960	0	0	0	960
964	25666	0	1	0	1	0	0	1	26	222	6	38	32512	960	0	0	0	960
964	25668	0	1	0	1	0	0	1	26	222	6	38	32512	960	0	0	0	960
964	25672	0	1	0	1	0	0	1	26	222	6	38	32512	960	0	0	0	960
964	25680	0	1	0	1	0	0	1	26	222	6	38	32512	960	0	0	0	960
964	25696	0	1	0	1	0	0	1	26	222	6	38	32512	960	0	0	0	960
964	25729	0	1	0	1	0	0	1	26	222	6	38	32512	960	0	0	0	960
964	25730	0	1	0	1	0	0	1	26	222	6	38	32512	960	0	0	0	960
964	25732	0	1	0	1	0	0	1	26	222	6	38	32512	960	0	0	0	960
964	25736	0	1	0	1	0	0	1	26	222	6	38	32512	960	0	0	0	960
964	25744	0	1	0	1	0	0	1	26	222	6	38	32512	960	0	0	0	960
964	25760	0	1	0	1	0	0	1	26	222	6	38	32512	960	0	0	0	960
964	25792	0	1	0	1	0	0	1	26	222	6	38	32512	960	0	0	0	960
964	25857	0	1	0	1	0	0	1	31	75	4	39	32512	896	0	0	0	896
964	25858	0	1	0	1	0	0	1	31	75	4	39	32512	896	0	0	0	896
964	25860	0	1	0	1	0	0	1	31	75	4	39	32512	896	0	0	0	896
964	25864	0	1	0	1	0	0	1	31	75	4	39	32512	896	0	0	0	896
964	25872	0	1	0	1	0	0	1	31	75	4	39	32512	896	0	0	0	896
964	25888	0	1	0	1	0	0	1	31	75	4	39	32512	896	0	0	0	896
964	25920	0	1	0	1	0	0	1	31	75	4	39	32512	896	0	0	0	896
964	25984	0	1	0	1	0	0	1	31	75	4	39	32512	896	0	0	0	896
964	26113	0	1	0	1	0	0	1	31	75	4	39	32512	896	0	0	0	896
964	26114	0	1	0	1	0	0	1	31	75	4	39	32512	896	0	0	0	896
964	26116	0	1	0	1	0	0	1	31	75	4	39	32512	896	0	0	0	896
964	26120	0	1	0	1	0	0	1	31	75	4	39	32512	896	0	0	0	896
964	26128	0	1	0	1	0	0	1	31	75	4	39	32512	896	0	0	0	896
964	26144	0	1	0	1	0	0	1	31	75	4	39	32512	896	0	0	0	896
964	26176	0	1	0	1	0	0	1	31	75	4	39	32512	896	0	0	0	896
964	26240	0	1	0	1	0	0	1	31	75	4	39	32512	896	0	0	0	896
964	26368	0	1	0	1	0	0	1	40	0	0	40	32512	768	0	0	0	768
964	26627	0	1	0	1	0	0	1	26	222	6	38	32512	960	0	0	0	960
964	26629	0	1	0	1	0	0	1	26	222	6	38	32512	960	0	0	0	960
964	26630	0	1	0	1	0	0	1	26	222	6	38	32512	960	0	0	0	960
964	26633	0	1	0	1	0	0	1	26	222	6	38	32512	960	0	0	0	960
964	26634	0	1	0	1	0	0	1	26	222	6	38	32512	960	0	0	0	960
964	26636	0	1	0	1	0	0	1	26	222	6	38	32512	960	0	0	0	960
964	26641	0	1	0	1	0	0	1	26	222	6	38	32512	960	0	0	0	960
964	26642	0	1	0	1	0	0	1	26	222	6	38	32512	960	0	0	0	960
964	26644	0	1	0	1	0	0	1	26	222	6	38	32512	960	0	0	0	960
964	26648	0	1	0	1	0	0	1	26	222	6	38	32512	960	0	0	0	960
964	26657	0	1	0	1	0	0	1	26	222	6	38	32512	960	0	0	0	960
964	26658	0	1	0	1	0	0	1	26	222	6	38	32512	960	0	0	0	960
964	26660	0	1	0	1	0	0	1	26	222	6	38	32512	960	0	0	0	960
964	26664	0	1	0	1	0	0	1	26	222	6	38	32512	960	0	0	0	960
964	26672	0	1	0	1	0	0	1	26	222	6	38	32512	960	0	0	0	960
964	26689	0	1	0	1	0	0	1	26	222	6	38	32512	960	0	0	0	960
964	26690	0	1	0	1	0	0	1	26	222	6	38	32512	960	0	0	0	960
964	26692	0	1	0	1	0	0	1	26	222	6	38	32512	960	0	0	0	960
964	26696	0	1	0	1	0	0	1	26	222	6	38	32512	960	0	0	0	960
964	26704	0	1	0	1	0	0	1	26	222	6	38	32512	960	0	0	0	960
964	26720	0	1	0	1	0	0	1	26	222	6	38	32512	960	0	0	0	960
964	26753	0	1	0	1	0	0	1	26	222	6	38	32512	960	0	0	0	960
964	26754	0	1	0	1	0	0	1	26	222	6	38	32512	960	0	0	0	960
964	26756	0	1	0	1	0	0	1	26	222	6	38	32512	960	0	0	0	960
964	26760	0	1	0	1	0	0	1	26	222	6	38	32512	960	0	0	0	960
964	26768	0	1	0	1	0	0	1	26	222	6	38	32512	960	0	0	0	960
964	26784	0	1	0	1	0	0	1	26	222	6	38	32512	960	0	0	0	960
964	26816	0	1	0	1	0	0	1	26	222	6	38	32512	960	0	0	0	960
964	26881	0	1	0	1	0	0	1	31	75	4	39	32512	896	0	0	0	896
964	26882	0	1	0	1	0	0	1	31	75	4	39	32512	896	0	0	0	896
964	26884	0	1	0	1	0	0	1	31	75	4	39	32512	896	0	0	0	896
964	26888	0	1	0	1	0	0	1	31	75	4	39	32512	896	0	0	0	896
964	26896	0	1	0	1	0	0	1	31	75	4	39	32512	896	0	0	0	896
964	26912	0	1	0	1	0	0	1	31	75	4	39	32512	896	0	0	0	896
964	26944	0	1	0	1	0	0	1	31	75	4	39	32512	896	0	0	0	896
964	27008	0	1	0	1	0	0	1	31	75	4	39	32512	896	0	0	0	896
964	27137	0	1	0	1	0	0	1	31	75	4	39	32512	896	0	0	0	896
964	27138	0	1	0	1	0	0	1	31	75	4	39	32512	896	0	0	0	896
964	27140	0	1	0	1	0	0	1	31	75	4	39	32512	896	0	0	0	896
964	27144	0	1	0	1	0	0	1	31	75	4	39	32512	896	0	0	0	896
964	27152	0	1	0	1	0	0	1	31	75	4	39	32512	896	0	0	0	896
964	27168	0	1	0	1	0	0	1	31	75	4	39	32512	896	0	0	0	896
964	27200	0	1	0	1	0	0	1	31	75	4	39	32512	896	0	0	0	896
964	27264	0	1	0	1	0	0	1	31	75	4	39	32512	896	0	0	0	896
964	27392	0	1	0	1	0	0	1	40	0	0	40	32512	768	0	0	0	768
964	27649	0	1	0	1	0	0	1	31	75	4	39	32512	896	0	0	0	896
964	27650	0	1	0	1	0	0	1	31	75	4	39	32512	896	0	0	0	896
964	27652	0	1	0	1	0	0	1	31	75	4	39	32512	896	0	0	0	896
964	27656	0	1	0	1	0	0	1	31	75	4	39	32512	896	0	0	0	896
964	27664	0	1	0	1	0	0	1	31	75	4	39	32512	896	0	0	0	896
964	27680	0	1	0	1	0	0	1	31	75	4	39	32512	896	0	0	0	896
964	27712	0	1	0	1	0	0	1	31	75	4	39	32512	896	0	0	0	896
964	27776	0	1	0	1	0	0	1	31	75	4	39	32512	896	0	0	0	896
964	27904	0	1	0	1	0	0	1	40	0	0	40	32512	768	0	0	0	768
964	28160	0	1	0	1	0	0	1	40	0	0	40	32512	768	0	0	0	768
964	28675	0	1	0	1	0	0	1	26	222	6	38	32512	960	0	0	0	960
964	28677	0	1	0	1	0	0	1	26	222	6	38	32512	960	0	0	0	960
964	28678	0	1	0	1	0	0	1	26	222	6	38	32512	960	0	0	0	960
964	28681	0	1	0	1	0	0	1	26	222	6	38	32512	960	0	0	0	960
964	28682	0	1	0	1	0	0	1	26	222	6	38	32512	960	0	0	0	960
964	28684	0	1	0	1	0	0	1	26	222	6	38	32512	960	0	0	0	960
964	28689	0	1	0	1	0	0	1	26	222	6	38	32512	960	0	0	0	960
964	28690	0	1	0	1	0	0	1	26	222	6	38	32512	960	0	0	0	960
964	28692	0	1	0	1	0	0	1	26	222	6	38	32512	960	0	0	0	960
964	28696	0	1	0	1	0	0	1	26	222	6	38	32512	960	0	0	0	960
964	28705	0	1	0	1	0	0	1	26	222	6	38	32512	960	0	0	0	960
964	28706	0	1	0	1	0	0	1	26	222	6	38	32512	960	0	0	0	960
964	28708	0	1	0	1	0	0	1	26	222	6	38	32512	960	0	0	0	960
964	28712	0	1	0	1	0	0	1	26	222	6	38	32512	960	0	0	0	960
964	28720	0	1	0	1	0	0	1	26	222	6	38	32512	960	0	0	0	960
964	28737	0	1	0	1	0	0	1	26	222	6	38	32512	960	0	0	0	960
964	28738	0	1	0	1	0	0	1	26	222	6	38	32512	960	0	0	0	960
964	28740	0	1	0	1	0	0	1	26	222	6	38	32512	960	0	0	0	960
964	28744	0	1	0	1	0	0	1	26	222	6	38	32512	960	0	0	0	960
964	28752	0	1	0	1	0	0	1	26	222	6	38	32512	960	0	0	0	960
964	28768	0	1	0	1	0	0	1	26	222	6	38	32512	960	0	0	0	960
964	28801	0	1	0	1	0	0	1	26	222	6	38	32512	960	0	0	0	960
964	28802	0	1	0	1	0	0	1	26	222	6	38	32512	960	0	0	0	960
964	28804	0	1	0	1	0	0	1	26	222	6	38	32512	960	0	0	0	960
964	28808	0	1	0	1	0	0	1	26	222	6	38	32512	960	0	0	0	960
964	28816	0	1	0	1	0	0	1	26	222	6	38	32512	960	0	0	0	960
964	28832	0	1	0	1	0	0	1	26	222	6	38	32512	960	0	0	0	960
964	28864	0	1	0	1	0	0	1	26	222	6	38	32512	960	0	0	0	960
964	28929	0	1	0	1	0	0	1	31	75	4	39	32512	896	0	0	0	896
964	28930	0	1	0	1	0	0	1	31	75	4	39	32512	896	0	0	0	896
964	28932	0	1	0	1	0	0	1	31	75	4	39	32512	896	0	0	0	896
964	28936	0	1	0	1	0	0	1	31	75	4	39	32512	896	0	0	0	896
964	28944	0	1	0	1	0	0	1	31	75	4	39	32512	896	0	0	0	896
964	28960	0	1	0	1	0	0	1	31	75	4	39	32512	896	0	0	0	896
964	28992	0	1	0	1	0	0	1	31	75	4	39	32512	896	0	0	0	896
964	29056	0	1	0	1	0	0	1	31	75	4	39	32512	896	0	0	0	896
964	29185	0	1	0	1	0	0	1	31	75	4	39	32512	896	0	0	0	896
964	29186	0	1	0	1	0	0	1	31	75	4	39	32512	896	0	0	0	896
964	29188	0	1	0	1	0	0	1	31	75	4	39	32512	896	0	0	0	896
964	29192	0	1	0	1	0	0	1	31	75	4	39	32512	896	0	0	0	896
964	29200	0	1	0	1	0	0	1	31	75	4	39	32512	896	0	0	0	896
964	29216	0	1	0	1	0	0	1	31	75	4	39	32512	896	0	0	0	896
964	29248	0	1	0	1	0	0	1	31	75	4	39	32512	896	0	0	0	896
964	29312	0	1	0	1	0	0	1	31	75	4	39	32512	896	0	0	0	896
964	29440	0	1	0	1	0	0	1	40	0	0	40	32512	768	0	0	0	768
964	29697	0	1	0	1	0	0	1	31	75	4	39	32512	896	0	0	0	896
964	29698	0	1	0	1	0	0	1	31	75	4	39	32512	896	0	0	0	896
964	29700	0	1	0	1	0	0	1	31	75	4	39	32512	896	0	0	0	896
964	29704	0	1	0	1	0	0	1	31	75	4	39	32512	896	0	0	0	896
964	29712	0	1	0	1	0	0	1	31	75	4	39	32512	896	0	0	0	896
964	29728	0	1	0	1	0	0	1	31	75	4	39	32512	896	0	0	0	896
964	29760	0	1	0	1	0	0	1	31	75	4	39	32512	896	0	0	0	896
964	29824	0	1	0	1	0	0	1	31	75	4	39	32512	896	0	0	0	896
964	29952	0	1	0	1	0	0	1	40	0	0	40	32512	768	0	0	0	768
964	30208	0	1	0	1	0	0	1	40	0	0	40	32512	768	0	0	0	768
964	30721	0	1	0	1	0	0	1	31	75	4	39	32512	896	0	0	0	896
964	30722	0	1	0	1	0	0	1	31	75	4	39	32512	896	0	0	0	896
964	30724	0	1	0	1	0	0	1	31	75	4	39	32512	896	0	0	0	896
964	30728	0	1	0	1	0	0	1	31	75	4	39	32512	896	0	0	0	896
964	30736	0	1	0	1	0	0	1	31	75	4	39	32512	896	0	0	0	896
964	30752	0	1	0	1	0	0	1	31	75	4	39	32512	896	0	0	0	896
964	30784	0	1	0	1	0	0	1	31	75	4	39	32512	896	0	0	0	896
964	30848	0	1	0	1	0	0	1	31	75	4	39	32512	896	0	0	0	896
964	30976	0	1	0	1	0	0	1	40	0	0	40	32512	768	0	0	0	768
964	31232	0	1	0	1	0	0	1	40	0	0	40	32512	768	0	0	0	768
964	31744	0	1	0	1	0	0	1	40	0	0	40	32512	768	0	0	0	768
