id	Y_mask	dH	optH_count	q	good	delta_min	rho	compatible_optG	ell	Y_type	Y_edges	degree_sum	f_witness	h_witness_local	S_mask	R_witness	Delta_witness	optH_masks_local
9965	31	2	4	6	0	0	0	16	18	1	1	20	11562	361	0	6	0	150,406,662,918
9965	47	3	9	5	1	0	0	16	19	1	1	21	11050	344	0	5	0	282,344,360,376,406,410,472,872,918
9965	55	3	9	5	1	0	0	16	19	1	1	21	11050	345	0	5	0	550,612,616,620,662,678,740,872,918
9965	59	2	1	6	0	0	0	6	19	1	1	21	27936	872	0	6	0	872
9965	61	2	1	6	0	0	0	6	17	12	2	21	29376	918	0	6	0	918
9965	62	3	3	5	1	0	0	15	17	12	2	21	27936	872	0	5	0	872,918,962
9965	79	3	9	5	1	0	0	16	19	1	1	21	11050	346	0	5	0	282,346,362,404,408,412,472,874,916
9965	87	3	9	5	1	0	0	16	19	1	1	21	11050	347	0	5	0	550,614,618,660,676,692,740,874,916
9965	91	2	1	6	0	0	0	6	17	12	2	21	27936	874	0	6	0	874
9965	93	2	1	6	0	0	0	6	19	1	1	21	29376	916	0	6	0	916
9965	94	3	3	5	1	0	0	15	17	12	2	21	27936	874	0	5	0	874,916,962
9965	103	2	4	6	0	0	0	4	16	13	3	22	11050	345	0	6	0	550,614,678,742
9965	107	3	6	5	1	0	0	10	18	3	2	22	11050	344	0	5	0	344,472,614,742,872,962
9965	109	3	6	5	1	0	0	10	18	3	2	22	11050	345	0	5	0	408,472,678,742,916,962
9965	110	3	3	5	1	0	0	2	16	13	3	22	30832	962	0	5	0	472,742,962
9965	115	3	6	5	1	0	0	10	18	3	2	22	11050	346	0	5	0	346,474,612,740,872,962
9965	117	3	6	5	1	0	0	10	18	3	2	22	11050	347	0	5	0	410,474,676,740,916,962
9965	118	3	3	5	1	0	0	2	16	13	3	22	30824	962	0	5	0	474,740,962
9965	121	2	1	6	0	0	0	3	18	12	2	22	30824	960	0	6	0	960
9965	122	2	1	6	0	0	0	3	16	76	3	22	30824	960	0	6	0	960
9965	124	2	1	6	0	0	0	3	16	76	3	22	30824	960	0	6	0	960
9965	143	2	3	6	0	0	0	8	19	1	1	21	13004	404	0	6	0	404,412,916
9965	151	1	1	7	0	0	0	2	21	0	0	21	13004	405	0	7	0	618
9965	155	2	2	6	0	0	0	8	17	3	2	21	13004	405	0	6	0	618,874
9965	157	1	1	7	0	0	0	6	17	3	2	21	29376	916	0	7	0	916
9965	158	2	1	6	0	0	0	6	17	3	2	21	29376	916	0	6	0	916
9965	167	2	3	6	0	0	0	4	18	3	2	22	13004	405	0	6	0	610,618,738
9965	171	3	6	5	1	0	0	13	18	3	2	22	13004	405	0	5	0	610,618,738,872,916,966
9965	173	2	1	6	0	0	0	4	16	13	3	22	29376	916	0	6	0	916
9965	174	3	3	5	1	0	0	7	16	13	3	22	29376	916	0	5	0	738,916,966
9965	179	2	2	6	0	0	0	6	20	1	1	22	13004	407	0	6	0	616,872
9965	181	2	3	6	0	0	0	8	18	3	2	22	13004	406	0	6	0	406,916,918
9965	182	3	9	5	1	0	0	17	18	3	2	22	13004	406	0	5	0	406,616,736,872,916,918,964,966,992
9965	185	2	2	6	0	0	0	7	16	13	3	22	29376	916	0	6	0	916,964
9965	186	2	1	6	0	0	0	4	16	13	3	22	30824	964	0	6	0	964
9965	188	2	2	6	0	0	0	10	14	86	4	22	29376	916	0	6	0	916,964
9965	199	1	1	7	0	0	0	2	20	1	1	22	13132	409	0	7	0	614
9965	203	2	1	6	0	0	0	2	18	12	2	22	13132	409	0	6	0	614
9965	205	2	2	6	0	0	0	6	20	1	1	22	13132	408	0	6	0	408,912
9965	206	3	9	5	1	0	0	10	18	12	2	22	13132	408	0	5	0	408,472,614,738,742,912,962,966,976
9965	211	2	4	6	0	0	0	8	20	1	1	22	13004	403	0	6	0	612,620,868,876
9965	213	2	4	6	0	0	0	10	22	0	0	22	13004	402	0	6	0	402,410,912,914
9965	214	3	20	5	1	0	0	20	20	1	1	22	13004	402	0	5	0	402,410,466,474,612,620,736,740,868,876,912,914,960,962,964,966,976,978,992,996
9965	217	2	1	6	0	0	0	3	18	3	2	22	30824	964	0	6	0	964
9965	218	2	1	6	0	0	0	3	16	76	3	22	30824	964	0	6	0	964
9965	220	2	4	6	0	0	0	11	18	3	2	22	29376	912	0	6	0	912,960,964,976
9965	227	2	2	6	0	0	0	2	17	13	3	23	13132	411	0	6	0	612,740
9965	229	2	2	6	0	0	0	2	17	11	3	23	13132	410	0	6	0	410,740
9965	230	2	1	6	0	1	1	0	15	77	4	23	19634	740	4096	5	1	740
9965	233	2	1	6	0	0	0	3	17	13	3	23	30832	964	0	6	0	964
9965	234	2	1	6	0	0	0	3	15	86	4	23	30832	964	0	6	0	964
9965	236	2	1	6	0	0	0	3	15	77	4	23	30832	964	0	6	0	964
9965	241	2	3	6	0	0	0	5	19	3	2	23	30824	964	0	6	0	960,964,992
9965	242	2	3	6	0	0	0	5	17	13	3	23	30824	964	0	6	0	960,964,992
9965	244	2	3	6	0	0	0	5	17	11	3	23	30824	964	0	6	0	960,964,992
9965	248	1	1	7	0	0	0	4	15	86	4	23	30824	960	0	7	0	960
9965	271	1	1	7	0	0	0	2	21	0	0	21	13004	412	0	7	0	412
9965	279	2	3	6	0	0	0	8	19	1	1	21	13004	413	0	6	0	610,618,866
9965	283	1	1	7	0	0	0	6	17	3	2	21	27936	866	0	7	0	866
9965	285	2	2	6	0	0	0	8	17	3	2	21	13004	412	0	6	0	412,924
9965	286	2	1	6	0	0	0	6	17	3	2	21	27936	866	0	6	0	866
9965	295	1	1	7	0	0	0	2	20	1	1	22	13132	405	0	7	0	618
9965	299	2	4	6	0	0	0	10	22	0	0	22	13004	413	0	6	0	610,618,864,866
9965	301	2	4	6	0	0	0	8	20	1	1	22	13004	412	0	6	0	404,412,916,924
9965	302	3	20	5	1	0	0	20	20	1	1	22	13004	412	0	5	0	404,412,464,468,610,618,738,746,864,866,916,924,960,962,964,966,976,980,992,994
9965	307	2	2	6	0	0	0	6	20	1	1	22	13132	407	0	6	0	616,864
9965	309	2	1	6	0	0	0	2	18	12	2	22	13132	406	0	6	0	406
9965	310	3	9	5	1	0	0	10	18	12	2	22	13132	406	0	5	0	406,466,470,616,744,864,962,966,992
9965	313	2	1	6	0	0	0	3	18	3	2	22	30824	964	0	6	0	964
9965	314	2	4	6	0	0	0	11	18	3	2	22	27936	864	0	6	0	864,960,964,992
9965	316	2	1	6	0	0	0	3	16	76	3	22	30824	964	0	6	0	964
9965	327	2	3	6	0	0	0	4	18	3	2	22	13004	409	0	6	0	558,614,622
9965	331	2	3	6	0	0	0	8	18	3	2	22	13004	409	0	6	0	614,868,870
9965	333	2	2	6	0	0	0	6	20	1	1	22	13004	408	0	6	0	408,920
9965	334	3	9	5	1	0	0	17	18	3	2	22	13004	408	0	5	0	408,464,614,868,870,920,964,966,976
9965	339	2	1	6	0	0	0	4	16	13	3	22	27936	868	0	6	0	868
9965	341	3	6	5	1	0	0	13	18	3	2	22	13004	410	0	5	0	402,410,466,868,920,966
9965	342	3	3	5	1	0	0	7	16	13	3	22	27936	868	0	5	0	466,868,966
9965	345	2	2	6	0	0	0	7	16	13	3	22	27936	868	0	6	0	868,964
9965	346	2	2	6	0	0	0	10	14	86	4	22	27936	868	0	6	0	868,964
9965	348	2	1	6	0	0	0	4	16	13	3	22	30824	964	0	6	0	964
9965	355	2	2	6	0	0	0	2	17	11	3	23	13132	403	0	6	0	466,620
9965	357	2	2	6	0	0	0	2	17	13	3	23	13132	402	0	6	0	402,466
9965	358	2	1	6	0	1	1	0	15	77	4	23	11050	466	4096	4	2	466
9965	361	2	3	6	0	0	0	5	19	3	2	23	30824	960	0	6	0	960,964,976
9965	362	2	3	6	0	0	0	5	17	11	3	23	30824	960	0	6	0	960,964,976
9965	364	2	3	6	0	0	0	5	17	13	3	23	30824	960	0	6	0	960,964,976
9965	369	2	1	6	0	0	0	3	17	13	3	23	30824	964	0	6	0	964
9965	370	2	1	6	0	0	0	3	15	77	4	23	30824	964	0	6	0	964
9965	372	2	1	6	0	0	0	3	15	86	4	23	30824	964	0	6	0	964
9965	376	1	1	7	0	0	0	4	15	86	4	23	30824	960	0	7	0	960
9965	391	0	1	8	0	0	0	4	20	1	1	22	13004	409	0	8	0	614
9965	395	1	1	7	0	0	0	4	18	3	2	22	13004	409	0	7	0	614
9965	397	1	2	7	0	0	0	8	18	3	2	22	13004	408	0	7	0	408,920
9965	398	2	3	6	0	0	0	8	18	3	2	22	13004	408	0	6	0	408,614,920
9965	403	1	2	7	0	0	0	8	18	3	2	22	13004	411	0	7	0	612,868
9965	405	1	1	7	0	0	0	4	18	3	2	22	13004	410	0	7	0	410
9965	406	2	3	6	0	0	0	8	18	3	2	22	13004	410	0	6	0	410,612,868
9965	409	2	1	6	0	0	0	4	14	30	4	22	13004	410	0	6	0	410
9965	410	2	1	6	0	0	0	6	14	30	4	22	27936	868	0	6	0	868
9965	412	2	1	6	0	0	0	6	14	30	4	22	29376	920	0	6	0	920
9965	419	1	1	7	0	0	0	4	19	3	2	23	13004	411	0	7	0	612
9965	421	1	1	7	0	0	0	4	17	13	3	23	13004	410	0	7	0	410
9965	422	2	3	6	0	0	0	4	17	13	3	23	13004	410	0	6	0	410,612,740
9965	425	2	2	6	0	0	0	6	17	11	3	23	13004	410	0	6	0	410,920
9965	426	3	14	5	1	0	0	19	17	11	3	23	13004	410	0	5	0	410,612,740,864,868,920,960,964,968,972,976,984,992,996
9965	428	2	1	6	0	0	0	4	15	77	4	23	29376	920	0	6	0	920
9965	433	2	1	6	0	0	0	4	17	13	3	23	13004	414	0	6	0	414
9965	434	2	2	6	0	0	0	5	17	13	3	23	27936	864	0	6	0	864,992
9965	436	3	7	5	1	0	0	15	15	86	4	23	13004	412	0	5	0	412,610,920,924,968,972,992
9965	440	2	1	6	0	0	0	4	13	94	5	23	30824	968	0	6	0	968
9965	451	1	1	7	0	0	0	4	17	13	3	23	13004	403	0	7	0	620
9965	453	1	1	7	0	0	0	4	19	3	2	23	13004	402	0	7	0	402
9965	454	2	3	6	0	0	0	4	17	13	3	23	13004	402	0	6	0	402,466,620
9965	457	2	1	6	0	0	0	4	17	13	3	23	13004	402	0	6	0	402
9965	458	3	7	5	1	0	0	15	15	86	4	23	13004	402	0	5	0	402,620,872,876,968,972,976
9965	460	2	2	6	0	0	0	5	17	13	3	23	29376	912	0	6	0	912,976
9965	465	2	2	6	0	0	0	6	17	11	3	23	13004	406	0	6	0	406,872
9965	466	2	1	6	0	0	0	4	15	77	4	23	27936	872	0	6	0	872
9965	468	3	14	5	1	0	0	19	17	11	3	23	13004	404	0	5	0	404,468,618,872,912,916,960,964,968,972,976,980,992,1000
9965	472	2	1	6	0	0	0	4	13	94	5	23	30824	968	0	6	0	968
9965	481	2	1	6	0	0	0	4	16	30	4	24	13004	406	0	6	0	406
9965	482	3	9	5	1	0	0	12	14	94	5	24	13004	406	0	5	0	406,468,616,744,872,964,968,980,1000
9965	484	3	9	5	1	0	0	12	14	94	5	24	13004	404	0	5	0	404,468,618,744,916,964,968,980,1000
9965	488	2	3	6	0	0	0	6	14	94	5	24	30824	960	0	6	0	960,968,976
9965	496	2	3	6	0	0	0	6	14	94	5	24	30824	968	0	6	0	960,968,992
9965	527	1	1	7	0	0	0	2	21	0	0	21	11562	370	0	7	0	370
9965	535	2	3	6	0	0	0	8	19	1	1	21	11050	339	0	6	0	652,684,908
9965	539	2	2	6	0	0	0	8	17	3	2	21	11562	370	0	6	0	370,882
9965	541	1	1	7	0	0	0	6	17	3	2	21	29376	908	0	7	0	908
9965	542	2	1	6	0	0	0	6	17	3	2	21	29376	908	0	6	0	908
9965	551	2	3	6	0	0	0	4	18	3	2	22	11050	337	0	6	0	558,654,686
9965	555	2	2	6	0	0	0	6	20	1	1	22	11562	368	0	6	0	368,880
9965	557	2	3	6	0	0	0	8	18	3	2	22	11562	369	0	6	0	654,908,910
9965	558	3	9	5	1	0	0	17	18	3	2	22	11562	368	0	5	0	368,464,654,880,908,910,964,966,976
9965	563	3	6	5	1	0	0	13	18	3	2	22	11050	338	0	5	0	338,370,466,880,908,966
9965	565	2	1	6	0	0	0	4	16	13	3	22	29376	908	0	6	0	908
9965	566	3	3	5	1	0	0	7	16	13	3	22	29376	908	0	5	0	466,908,966
9965	569	2	2	6	0	0	0	7	16	13	3	22	29376	908	0	6	0	908,964
9965	570	2	1	6	0	0	0	4	16	13	3	22	30824	964	0	6	0	964
9965	572	2	2	6	0	0	0	10	14	86	4	22	29376	908	0	6	0	908,964
9965	583	1	1	7	0	0	0	2	20	1	1	22	11050	341	0	7	0	682
9965	587	2	4	6	0	0	0	8	20	1	1	22	11050	340	0	6	0	340,372,852,884
9965	589	2	4	6	0	0	0	10	22	0	0	22	11050	341	0	6	0	650,682,904,906
9965	590	3	20	5	1	0	0	20	20	1	1	22	11050	340	0	5	0	340,372,464,468,650,682,714,746,852,884,904,906,960,962,964,966,968,970,976,980
9965	595	2	1	6	0	0	0	2	18	12	2	22	11050	342	0	6	0	342
9965	597	2	2	6	0	0	0	6	20	1	1	22	11050	343	0	6	0	680,904
9965	598	3	9	5	1	0	0	10	18	12	2	22	11050	342	0	5	0	342,466,470,680,744,904,962,966,968
9965	601	2	1	6	0	0	0	3	18	3	2	22	30824	964	0	6	0	964
9965	602	2	1	6	0	0	0	3	16	76	3	22	30824	964	0	6	0	964
9965	604	2	4	6	0	0	0	11	18	3	2	22	29376	904	0	6	0	904,960,964,968
9965	611	2	2	6	0	0	0	2	17	13	3	23	11050	338	0	6	0	338,466
9965	613	2	2	6	0	0	0	2	17	11	3	23	11050	339	0	6	0	466,684
9965	614	2	1	6	0	1	1	0	15	77	4	23	11050	466	4096	5	1	466
9965	617	2	3	6	0	0	0	5	19	3	2	23	30824	960	0	6	0	960,964,976
9965	618	2	3	6	0	0	0	5	17	13	3	23	30824	960	0	6	0	960,964,976
9965	620	2	3	6	0	0	0	5	17	11	3	23	30824	960	0	6	0	960,964,976
9965	625	2	1	6	0	0	0	3	17	13	3	23	30824	964	0	6	0	964
9965	626	2	1	6	0	0	0	3	15	86	4	23	30824	964	0	6	0	964
9965	628	2	1	6	0	0	0	3	15	77	4	23	30824	964	0	6	0	964
9965	632	1	1	7	0	0	0	4	15	86	4	23	30824	960	0	7	0	960
9965	647	2	6	6	0	0	0	12	22	0	0	22	11050	341	0	6	0	118,614,630,650,682,906
9965	651	2	2	6	0	0	0	6	20	1	1	22	11562	372	0	6	0	372,884
9965	653	1	2	7	0	0	0	6	20	1	1	22	29376	904	0	7	0	904,906
9965	654	2	4	6	0	0	0	8	20	1	1	22	29376	904	0	6	0	904,906,968,970
9965	659	2	2	6	0	0	0	6	20	1	1	22	13004	395	0	6	0	628,884
9965	661	1	2	7	0	0	0	6	20	1	1	22	29376	904	0	7	0	904,906
9965	662	2	4	6	0	0	0	8	20	1	1	22	29376	904	0	6	0	904,906,968,970
9965	665	2	3	6	0	0	0	8	16	13	3	22	29376	904	0	6	0	904,906,968
9965	666	2	1	6	0	0	0	2	16	13	3	22	30928	968	0	6	0	968
9965	668	1	2	7	0	0	0	8	16	13	3	22	29376	904	0	7	0	904,968
9965	675	3	11	5	1	0	0	16	19	3	2	23	11050	338	0	5	0	338,370,466,612,628,740,880,906,908,970,972
9965	677	2	2	6	0	0	0	4	17	11	3	23	29384	906	0	6	0	906,908
9965	678	3	6	5	1	0	0	8	17	11	3	23	29384	906	0	5	0	466,740,906,908,970,972
9965	681	2	4	6	0	0	0	8	17	13	3	23	29376	904	0	6	0	904,908,968,972
9965	682	2	2	6	0	0	0	5	17	13	3	23	30824	968	0	6	0	968,972
9965	684	2	4	6	0	0	0	11	15	77	4	23	29376	904	0	6	0	904,908,968,972
9965	689	2	4	6	0	0	0	8	17	13	3	23	29376	904	0	6	0	904,908,968,972
9965	690	2	2	6	0	0	0	5	17	13	3	23	30824	972	0	6	0	968,972
9965	692	2	4	6	0	0	0	11	15	77	4	23	29376	904	0	6	0	904,908,968,972
9965	696	1	1	7	0	0	0	5	15	236	5	23	30824	968	0	7	0	968
9965	707	2	2	6	0	0	0	4	21	1	1	23	11050	346	0	6	0	346,620
9965	709	2	8	6	0	0	0	10	23	0	0	23	11050	347	0	6	0	402,466,676,740,898,900,962,964
9965	710	2	4	6	0	0	0	2	21	1	1	23	30928	964	0	6	0	466,740,962,964
9965	713	2	4	6	0	0	0	5	21	1	1	23	30824	968	0	6	0	960,964,968,972
9965	714	2	4	6	0	0	0	5	19	12	2	23	30824	968	0	6	0	960,964,968,972
9965	716	1	2	7	0	0	0	2	21	1	1	23	30928	964	0	7	0	960,964
9965	721	2	4	6	0	0	0	5	21	1	1	23	30824	972	0	6	0	960,964,968,972
9965	722	2	4	6	0	0	0	5	19	12	2	23	30824	972	0	6	0	960,964,968,972
9965	724	1	2	7	0	0	0	2	21	1	1	23	30928	960	0	7	0	960,964
9965	728	1	2	7	0	0	0	5	17	13	3	23	30824	968	0	7	0	960,968
9965	737	2	2	6	0	0	0	4	18	11	3	24	30824	964	0	6	0	964,968
9965	738	2	2	6	0	0	0	4	16	77	4	24	30824	964	0	6	0	964,968
9965	740	2	2	6	0	0	0	4	16	75	4	24	30824	964	0	6	0	964,968
9965	744	1	2	7	0	0	0	5	16	77	4	24	30824	960	0	7	0	960,968
9965	752	1	2	7	0	0	0	5	16	77	4	24	30824	968	0	7	0	960,968
9965	775	2	6	6	0	0	0	8	22	0	0	22	11050	325	0	6	0	566,570,614,630,666,698
9965	779	1	1	7	0	0	0	4	22	0	0	22	27936	868	0	7	0	868
9965	781	1	1	7	0	0	0	4	22	0	0	22	29376	920	0	7	0	920
9965	782	2	4	6	0	0	0	10	22	0	0	22	27936	868	0	6	0	868,920,964,968
9965	787	2	1	6	0	0	0	4	18	3	2	22	27936	868	0	6	0	868
9965	789	2	1	6	0	0	0	4	18	3	2	22	29376	920	0	6	0	920
9965	790	3	6	5	1	0	0	10	18	3	2	22	27936	868	0	5	0	454,458,868,920,966,970
9965	793	3	9	5	1	0	0	21	16	11	3	22	11562	357	0	5	0	154,410,666,868,920,922,964,968,972
9965	794	2	2	6	0	0	0	7	16	11	3	22	27936	868	0	6	0	868,964
9965	796	2	2	6	0	0	0	7	16	11	3	22	29376	920	0	6	0	920,968
9965	803	2	5	6	0	0	0	5	21	1	1	23	13132	395	0	6	0	450,458,628,962,970
9965	805	2	4	6	0	0	0	4	19	3	2	23	13132	394	0	6	0	394,458,906,970
9965	806	2	4	6	0	0	0	3	19	3	2	23	30824	970	0	6	0	450,458,962,970
9965	809	1	1	7	0	0	0	2	21	1	1	23	30824	968	0	7	0	968
9965	810	1	2	7	0	0	0	3	21	1	1	23	30824	968	0	7	0	960,968
9965	812	1	1	7	0	0	0	2	19	3	2	23	30824	968	0	7	0	968
9965	817	2	1	6	0	0	0	3	17	13	3	23	30824	972	0	6	0	972
9965	818	2	2	6	0	0	0	4	17	13	3	23	30824	972	0	6	0	964,972
9965	820	2	1	6	0	0	0	3	15	86	4	23	30824	972	0	6	0	972
9965	824	1	1	7	0	0	0	4	15	77	4	23	30824	968	0	7	0	968
9965	835	2	4	6	0	0	0	4	19	3	2	23	11050	330	0	6	0	330,458,842,970
9965	837	2	5	6	0	0	0	5	21	1	1	23	11050	331	0	6	0	450,458,692,962,970
9965	838	2	4	6	0	0	0	3	19	3	2	23	30824	970	0	6	0	450,458,962,970
9965	841	1	1	7	0	0	0	2	21	1	1	23	30824	968	0	7	0	968
9965	842	1	1	7	0	0	0	2	19	3	2	23	30824	968	0	7	0	968
9965	844	1	2	7	0	0	0	3	21	1	1	23	30824	968	0	7	0	960,968
9965	849	2	1	6	0	0	0	3	17	13	3	23	30824	972	0	6	0	972
9965	850	2	1	6	0	0	0	3	15	86	4	23	30824	972	0	6	0	972
9965	852	2	2	6	0	0	0	4	17	13	3	23	30824	972	0	6	0	964,972
9965	856	1	1	7	0	0	0	4	15	77	4	23	30824	968	0	7	0	968
9965	865	1	1	7	0	0	0	3	18	13	3	24	30824	964	0	7	0	964
9965	866	1	1	7	0	0	0	3	16	77	4	24	30824	964	0	7	0	964
9965	868	1	1	7	0	0	0	3	16	77	4	24	30824	964	0	7	0	964
9965	872	0	1	8	0	0	0	3	18	13	3	24	30824	960	0	8	0	960
9965	880	1	1	7	0	0	0	4	16	236	5	24	30824	968	0	7	0	968
9965	899	1	1	7	0	0	0	4	21	1	1	23	13004	403	0	7	0	620
9965	901	1	2	7	0	0	0	6	21	1	1	23	13004	402	0	7	0	402,914
9965	902	2	5	6	0	0	0	7	21	1	1	23	13004	402	0	6	0	402,466,620,914,978
9965	905	2	4	6	0	0	0	9	19	3	2	23	13004	402	0	6	0	402,912,914,976
9965	906	2	3	6	0	0	0	6	19	3	2	23	27936	872	0	6	0	872,968,976
9965	908	1	2	7	0	0	0	5	19	3	2	23	29376	912	0	7	0	912,976
9965	913	2	1	6	0	0	0	4	17	13	3	23	13004	406	0	6	0	406
9965	914	2	1	6	0	0	0	4	17	13	3	23	27936	872	0	6	0	872
9965	916	2	4	6	0	0	0	8	17	13	3	23	29376	912	0	6	0	912,916,976,980
9965	920	2	1	6	0	0	0	2	13	94	5	23	30928	976	0	6	0	976
9965	929	2	3	6	0	0	0	7	18	13	3	24	13004	406	0	6	0	406,916,980
9965	930	2	2	6	0	0	0	3	18	13	3	24	30824	980	0	6	0	964,980
9965	932	2	2	6	0	0	0	4	16	77	4	24	29384	916	0	6	0	916,980
9965	936	1	1	7	0	0	0	2	16	77	4	24	30824	976	0	7	0	976
9965	944	2	2	6	0	0	0	5	16	236	5	24	30824	984	0	6	0	976,984
9965	961	2	3	6	0	0	0	7	20	3	2	24	13004	390	0	6	0	390,964,980
9965	962	2	2	6	0	0	0	3	18	13	3	24	30824	980	0	6	0	964,980
9965	964	1	1	7	0	0	0	1	20	3	2	24	31304	964	0	7	0	964
9965	968	1	2	7	0	0	0	3	18	13	3	24	30824	976	0	7	0	960,976
9965	976	2	4	6	0	0	0	6	16	77	4	24	30824	984	0	6	0	960,968,976,984
9965	992	1	1	7	0	0	0	3	15	94	5	25	30824	968	0	7	0	968
9965	1039	2	3	6	0	0	0	8	19	1	1	21	11050	370	0	6	0	338,370,850
9965	1047	1	1	7	0	0	0	2	21	0	0	21	11562	339	0	7	0	684
9965	1051	1	1	7	0	0	0	6	17	3	2	21	27936	850	0	7	0	850
9965	1053	2	2	6	0	0	0	8	17	3	2	21	11562	339	0	6	0	684,940
9965	1054	2	1	6	0	0	0	6	17	3	2	21	27936	850	0	6	0	850
9965	1063	1	1	7	0	0	0	2	20	1	1	22	11050	369	0	7	0	654
9965	1067	2	2	6	0	0	0	6	20	1	1	22	11050	368	0	6	0	368,848
9965	1069	2	1	6	0	0	0	2	18	12	2	22	11050	369	0	6	0	654
9965	1070	3	9	5	1	0	0	10	18	12	2	22	11050	368	0	5	0	368,496,654,714,718,848,962,966,976
9965	1075	2	4	6	0	0	0	10	22	0	0	22	11050	370	0	6	0	338,370,848,850
9965	1077	2	4	6	0	0	0	8	20	1	1	22	11050	371	0	6	0	652,684,908,940
9965	1078	3	20	5	1	0	0	20	20	1	1	22	11050	370	0	5	0	338,370,466,498,652,684,712,716,848,850,908,940,960,962,964,966,968,972,976,978
9965	1081	2	1	6	0	0	0	3	18	3	2	22	30824	964	0	6	0	964
9965	1082	2	4	6	0	0	0	11	18	3	2	22	27936	848	0	6	0	848,960,964,976
9965	1084	2	1	6	0	0	0	3	16	76	3	22	30824	964	0	6	0	964
9965	1095	2	3	6	0	0	0	4	18	3	2	22	11050	373	0	6	0	650,682,714
9965	1099	2	1	6	0	0	0	4	16	13	3	22	27936	852	0	6	0	852
9965	1101	3	6	5	1	0	0	13	18	3	2	22	11050	373	0	5	0	650,682,714,852,936,966
9965	1102	3	3	5	1	0	0	7	16	13	3	22	27936	852	0	5	0	714,852,966
9965	1107	2	3	6	0	0	0	8	18	3	2	22	11562	342	0	6	0	342,852,854
9965	1109	2	2	6	0	0	0	6	20	1	1	22	11562	343	0	6	0	680,936
9965	1110	3	9	5	1	0	0	17	18	3	2	22	11562	342	0	5	0	342,680,712,852,854,936,964,966,968
9965	1113	2	2	6	0	0	0	7	16	13	3	22	27936	852	0	6	0	852,964
9965	1114	2	2	6	0	0	0	10	14	86	4	22	27936	852	0	6	0	852,964
9965	1116	2	1	6	0	0	0	4	16	13	3	22	30824	964	0	6	0	964
9965	1123	2	2	6	0	0	0	2	17	11	3	23	11050	370	0	6	0	370,716
9965	1125	2	2	6	0	0	0	2	17	13	3	23	11050	371	0	6	0	652,716
9965	1126	2	1	6	0	1	1	0	15	77	4	23	19634	716	4096	4	2	716
9965	1129	2	1	6	0	0	0	3	17	13	3	23	30832	964	0	6	0	964
9965	1130	2	1	6	0	0	0	3	15	77	4	23	30832	964	0	6	0	964
9965	1132	2	1	6	0	0	0	3	15	86	4	23	30832	964	0	6	0	964
9965	1137	2	3	6	0	0	0	5	19	3	2	23	30824	964	0	6	0	960,964,968
9965	1138	2	3	6	0	0	0	5	17	11	3	23	30824	964	0	6	0	960,964,968
9965	1140	2	3	6	0	0	0	5	17	13	3	23	30824	964	0	6	0	960,964,968
9965	1144	1	1	7	0	0	0	4	15	86	4	23	30824	960	0	7	0	960
9965	1159	2	6	6	0	0	0	8	22	0	0	22	11050	373	0	6	0	582,598,650,682,710,714
9965	1163	2	1	6	0	0	0	4	18	3	2	22	27936	852	0	6	0	852
9965	1165	2	1	6	0	0	0	4	18	3	2	22	29376	936	0	6	0	936
9965	1166	3	6	5	1	0	0	10	18	3	2	22	27936	852	0	5	0	710,714,852,936,966,970
9965	1171	1	1	7	0	0	0	4	22	0	0	22	27936	852	0	7	0	852
9965	1173	1	1	7	0	0	0	4	22	0	0	22	29376	936	0	7	0	936
9965	1174	2	4	6	0	0	0	10	22	0	0	22	27936	852	0	6	0	852,936,964,968
9965	1177	3	9	5	1	0	0	21	16	11	3	22	11562	341	0	5	0	170,426,682,852,936,938,964,968,972
9965	1178	2	2	6	0	0	0	7	16	11	3	22	27936	852	0	6	0	852,964
9965	1180	2	2	6	0	0	0	7	16	11	3	22	29376	936	0	6	0	936,968
9965	1187	2	5	6	0	0	0	5	21	1	1	23	11050	370	0	6	0	370,708,716,964,972
9965	1189	2	4	6	0	0	0	4	19	3	2	23	11050	371	0	6	0	652,716,908,972
9965	1190	2	4	6	0	0	0	3	19	3	2	23	30832	972	0	6	0	708,716,964,972
9965	1193	2	1	6	0	0	0	3	17	13	3	23	30832	972	0	6	0	972
9965	1194	2	2	6	0	0	0	4	17	13	3	23	30832	972	0	6	0	964,972
9965	1196	2	1	6	0	0	0	3	15	86	4	23	30832	972	0	6	0	972
9965	1201	1	1	7	0	0	0	2	21	1	1	23	30832	968	0	7	0	968
9965	1202	1	2	7	0	0	0	3	21	1	1	23	30832	968	0	7	0	960,968
9965	1204	1	1	7	0	0	0	2	19	3	2	23	30832	968	0	7	0	968
9965	1208	1	1	7	0	0	0	4	15	77	4	23	30824	968	0	7	0	968
9965	1219	2	4	6	0	0	0	4	19	3	2	23	13132	435	0	6	0	588,716,844,972
9965	1221	2	5	6	0	0	0	5	21	1	1	23	13132	434	0	6	0	434,708,716,964,972
9965	1222	2	4	6	0	0	0	3	19	3	2	23	30832	972	0	6	0	708,716,964,972
9965	1225	2	1	6	0	0	0	3	17	13	3	23	30832	972	0	6	0	972
9965	1226	2	1	6	0	0	0	3	15	86	4	23	30832	972	0	6	0	972
9965	1228	2	2	6	0	0	0	4	17	13	3	23	30832	972	0	6	0	964,972
9965	1233	1	1	7	0	0	0	2	21	1	1	23	30832	968	0	7	0	968
9965	1234	1	1	7	0	0	0	2	19	3	2	23	30832	968	0	7	0	968
9965	1236	1	2	7	0	0	0	3	21	1	1	23	30832	968	0	7	0	960,968
9965	1240	1	1	7	0	0	0	4	15	77	4	23	30824	968	0	7	0	968
9965	1249	1	1	7	0	0	0	3	18	13	3	24	30832	968	0	7	0	968
9965	1250	1	1	7	0	0	0	3	16	77	4	24	30832	968	0	7	0	968
9965	1252	1	1	7	0	0	0	3	16	77	4	24	30832	968	0	7	0	968
9965	1256	1	1	7	0	0	0	4	16	236	5	24	30832	968	0	7	0	968
9965	1264	0	1	8	0	0	0	3	18	13	3	24	30832	960	0	8	0	960
9965	1287	2	6	6	0	0	0	12	22	0	0	22	11050	357	0	6	0	186,582,598,666,698,838
9965	1291	1	2	7	0	0	0	6	20	1	1	22	27936	836	0	7	0	836,838
9965	1293	2	2	6	0	0	0	6	20	1	1	22	13004	440	0	6	0	440,952
9965	1294	2	4	6	0	0	0	8	20	1	1	22	27936	836	0	6	0	836,838,964,966
9965	1299	1	2	7	0	0	0	6	20	1	1	22	27936	836	0	7	0	836,838
9965	1301	2	2	6	0	0	0	6	20	1	1	22	11562	327	0	6	0	696,952
9965	1302	2	4	6	0	0	0	8	20	1	1	22	27936	836	0	6	0	836,838,964,966
9965	1305	2	3	6	0	0	0	8	16	13	3	22	27936	836	0	6	0	186,836,964
9965	1306	1	2	7	0	0	0	8	16	13	3	22	27936	836	0	7	0	836,964
9965	1308	2	1	6	0	0	0	2	16	13	3	22	31016	964	0	6	0	964
9965	1315	2	8	6	0	0	0	10	23	0	0	23	11050	354	0	6	0	354,482,596,724,834,836,962,964
9965	1317	2	2	6	0	0	0	4	21	1	1	23	11050	355	0	6	0	426,668
9965	1318	2	4	6	0	0	0	2	21	1	1	23	31016	962	0	6	0	482,724,962,964
9965	1321	2	4	6	0	0	0	5	21	1	1	23	30824	968	0	6	0	960,964,968,972
9965	1322	1	2	7	0	0	0	2	21	1	1	23	31016	960	0	7	0	960,964
9965	1324	2	4	6	0	0	0	5	19	12	2	23	30824	968	0	6	0	960,964,968,972
9965	1329	2	4	6	0	0	0	5	21	1	1	23	30824	972	0	6	0	960,964,968,972
9965	1330	1	2	7	0	0	0	2	21	1	1	23	31016	964	0	7	0	960,964
9965	1332	2	4	6	0	0	0	5	19	12	2	23	30824	972	0	6	0	960,964,968,972
9965	1336	1	2	7	0	0	0	5	17	13	3	23	30824	968	0	7	0	960,968
9965	1347	2	2	6	0	0	0	4	17	11	3	23	27944	842	0	6	0	842,844
9965	1349	3	11	5	1	0	0	16	19	3	2	23	11050	363	0	5	0	418,434,482,660,692,724,842,844,944,970,972
9965	1350	3	6	5	1	0	0	8	17	11	3	23	27944	842	0	5	0	482,724,842,844,970,972
9965	1353	2	4	6	0	0	0	8	17	13	3	23	27936	840	0	6	0	840,844,968,972
9965	1354	2	4	6	0	0	0	11	15	77	4	23	27936	840	0	6	0	840,844,968,972
9965	1356	2	2	6	0	0	0	5	17	13	3	23	30824	968	0	6	0	968,972
9965	1361	2	4	6	0	0	0	8	17	13	3	23	27936	840	0	6	0	840,844,968,972
9965	1362	2	4	6	0	0	0	11	15	77	4	23	27936	840	0	6	0	840,844,968,972
9965	1364	2	2	6	0	0	0	5	17	13	3	23	30824	972	0	6	0	968,972
9965	1368	1	1	7	0	0	0	5	15	236	5	23	30824	968	0	7	0	968
9965	1377	2	2	6	0	0	0	4	18	11	3	24	30824	964	0	6	0	964,968
9965	1378	2	2	6	0	0	0	4	16	75	4	24	30824	964	0	6	0	964,968
9965	1380	2	2	6	0	0	0	4	16	77	4	24	30824	964	0	6	0	964,968
9965	1384	1	2	7	0	0	0	5	16	77	4	24	30824	960	0	7	0	960,968
9965	1392	1	2	7	0	0	0	5	16	77	4	24	30824	968	0	7	0	960,968
9965	1411	1	2	7	0	0	0	6	21	1	1	23	13004	435	0	7	0	588,844
9965	1413	1	1	7	0	0	0	4	21	1	1	23	13004	434	0	7	0	434
9965	1414	2	5	6	0	0	0	7	21	1	1	23	13004	434	0	6	0	434,588,716,844,972
9965	1417	2	1	6	0	0	0	4	17	13	3	23	13004	434	0	6	0	434
9965	1418	2	4	6	0	0	0	8	17	13	3	23	27936	840	0	6	0	840,844,968,972
9965	1420	2	1	6	0	0	0	4	17	13	3	23	29376	944	0	6	0	944
9965	1425	2	4	6	0	0	0	9	19	3	2	23	13004	438	0	6	0	182,438,840,968
9965	1426	1	2	7	0	0	0	5	19	3	2	23	27936	840	0	7	0	840,968
9965	1428	2	3	6	0	0	0	6	19	3	2	23	29376	944	0	6	0	944,968,976
9965	1432	2	1	6	0	0	0	2	13	94	5	23	31016	968	0	6	0	968
9965	1441	2	3	6	0	0	0	7	20	3	2	24	13004	438	0	6	0	438,968,984
9965	1442	1	1	7	0	0	0	1	20	3	2	24	31792	968	0	7	0	968
9965	1444	2	2	6	0	0	0	3	18	13	3	24	30832	984	0	6	0	968,984
9965	1448	2	4	6	0	0	0	6	16	77	4	24	30824	976	0	6	0	960,968,976,984
9965	1456	1	2	7	0	0	0	3	18	13	3	24	30832	976	0	7	0	960,976
9965	1473	2	3	6	0	0	0	7	18	13	3	24	13004	422	0	6	0	422,856,984
9965	1474	2	2	6	0	0	0	4	16	77	4	24	27952	856	0	6	0	856,984
9965	1476	2	2	6	0	0	0	3	18	13	3	24	30832	984	0	6	0	968,984
9965	1480	2	2	6	0	0	0	5	16	236	5	24	30824	976	0	6	0	976,984
9965	1488	1	1	7	0	0	0	2	16	77	4	24	30832	976	0	7	0	976
9965	1504	1	1	7	0	0	0	3	15	94	5	25	30832	976	0	7	0	976
9965	1543	0	1	8	0	0	0	4	20	1	1	22	11050	357	0	8	0	666
9965	1547	1	2	7	0	0	0	8	18	3	2	22	11050	356	0	7	0	356,868
9965	1549	1	1	7	0	0	0	4	18	3	2	22	11050	357	0	7	0	666
9965	1550	2	3	6	0	0	0	8	18	3	2	22	11050	356	0	6	0	356,666,868
9965	1555	1	1	7	0	0	0	4	18	3	2	22	11050	358	0	7	0	358
9965	1557	1	2	7	0	0	0	8	18	3	2	22	11050	359	0	7	0	664,920
9965	1558	2	3	6	0	0	0	8	18	3	2	22	11050	358	0	6	0	358,664,920
9965	1561	2	1	6	0	0	0	4	14	30	4	22	11050	357	0	6	0	666
9965	1562	2	1	6	0	0	0	6	14	30	4	22	27936	868	0	6	0	868
9965	1564	2	1	6	0	0	0	6	14	30	4	22	29376	920	0	6	0	920
9965	1571	1	1	7	0	0	0	4	19	3	2	23	11050	354	0	7	0	354
9965	1573	1	1	7	0	0	0	4	17	13	3	23	11050	355	0	7	0	668
9965	1574	2	3	6	0	0	0	4	17	13	3	23	11050	354	0	6	0	354,482,668
9965	1577	2	1	6	0	0	0	4	17	13	3	23	11050	353	0	6	0	670
9965	1578	2	2	6	0	0	0	5	17	13	3	23	27936	864	0	6	0	864,992
9965	1580	3	7	5	1	0	0	15	15	86	4	23	11050	354	0	5	0	354,668,920,924,968,972,992
9965	1585	2	2	6	0	0	0	6	17	11	3	23	11050	357	0	6	0	666,920
9965	1586	3	14	5	1	0	0	19	17	11	3	23	11050	356	0	5	0	356,484,666,864,868,920,960,964,968,972,976,984,992,996
9965	1588	2	1	6	0	0	0	4	15	77	4	23	29376	920	0	6	0	920
9965	1592	2	1	6	0	0	0	4	13	94	5	23	30824	968	0	6	0	968
9965	1603	1	1	7	0	0	0	4	17	13	3	23	11050	362	0	7	0	362
9965	1605	1	1	7	0	0	0	4	19	3	2	23	11050	363	0	7	0	660
9965	1606	2	3	6	0	0	0	4	17	13	3	23	11050	362	0	6	0	362,660,724
9965	1609	2	2	6	0	0	0	6	17	11	3	23	11050	361	0	6	0	662,872
9965	1610	2	1	6	0	0	0	4	15	77	4	23	27936	872	0	6	0	872
9965	1612	3	14	5	1	0	0	19	17	11	3	23	11050	362	0	5	0	362,660,724,872,912,916,960,964,968,972,976,980,992,1000
9965	1617	2	1	6	0	0	0	4	17	13	3	23	11050	365	0	6	0	658
9965	1618	3	7	5	1	0	0	15	15	86	4	23	11050	364	0	5	0	364,658,872,876,968,972,976
9965	1620	2	2	6	0	0	0	5	17	13	3	23	29376	912	0	6	0	912,976
9965	1624	2	1	6	0	0	0	4	13	94	5	23	30824	968	0	6	0	968
9965	1633	2	1	6	0	0	0	4	16	30	4	24	11050	357	0	6	0	666
9965	1634	3	9	5	1	0	0	12	14	94	5	24	11050	356	0	5	0	356,484,666,728,868,964,968,984,996
9965	1636	3	9	5	1	0	0	12	14	94	5	24	11050	358	0	5	0	358,484,664,728,920,964,968,984,996
9965	1640	2	3	6	0	0	0	6	14	94	5	24	30824	960	0	6	0	960,968,992
9965	1648	2	3	6	0	0	0	6	14	94	5	24	30824	968	0	6	0	960,968,976
9965	1667	1	1	7	0	0	0	4	21	1	1	23	11050	362	0	7	0	362
9965	1669	1	2	7	0	0	0	6	21	1	1	23	11050	363	0	7	0	660,916
9965	1670	2	5	6	0	0	0	7	21	1	1	23	11050	362	0	6	0	362,660,724,916,980
9965	1673	2	1	6	0	0	0	4	17	13	3	23	11050	361	0	6	0	662
9965	1674	2	1	6	0	0	0	4	17	13	3	23	27936	872	0	6	0	872
9965	1676	2	4	6	0	0	0	8	17	13	3	23	29376	912	0	6	0	912,916,976,980
9965	1681	2	4	6	0	0	0	9	19	3	2	23	11050	365	0	6	0	658,912,914,976
9965	1682	2	3	6	0	0	0	6	19	3	2	23	27936	872	0	6	0	872,968,976
9965	1684	1	2	7	0	0	0	5	19	3	2	23	29376	912	0	7	0	912,976
9965	1688	2	1	6	0	0	0	2	13	94	5	23	30928	976	0	6	0	976
9965	1697	2	3	6	0	0	0	7	18	13	3	24	11050	357	0	6	0	666,920,984
9965	1698	2	2	6	0	0	0	3	18	13	3	24	30832	984	0	6	0	968,984
9965	1700	2	2	6	0	0	0	4	16	77	4	24	29392	920	0	6	0	920,984
9965	1704	2	2	6	0	0	0	5	16	236	5	24	30824	976	0	6	0	976,984
9965	1712	1	1	7	0	0	0	2	16	77	4	24	30832	976	0	7	0	976
9965	1729	2	3	6	0	0	0	7	20	3	2	24	11050	373	0	6	0	650,968,984
9965	1730	2	2	6	0	0	0	3	18	13	3	24	30832	984	0	6	0	968,984
9965	1732	1	1	7	0	0	0	1	20	3	2	24	30928	968	0	7	0	968
9965	1736	2	4	6	0	0	0	6	16	77	4	24	30824	976	0	6	0	960,968,976,984
9965	1744	1	2	7	0	0	0	3	18	13	3	24	30832	976	0	7	0	960,976
9965	1760	1	1	7	0	0	0	3	15	94	5	25	30832	976	0	7	0	976
9965	1795	1	2	7	0	0	0	6	21	1	1	23	11050	330	0	7	0	330,842
9965	1797	1	1	7	0	0	0	4	21	1	1	23	11050	331	0	7	0	692
9965	1798	2	5	6	0	0	0	7	21	1	1	23	11050	330	0	6	0	330,458,692,842,970
9965	1801	2	4	6	0	0	0	9	19	3	2	23	11050	329	0	6	0	182,694,840,968
9965	1802	1	2	7	0	0	0	5	19	3	2	23	27936	840	0	7	0	840,968
9965	1804	2	3	6	0	0	0	6	19	3	2	23	29376	944	0	6	0	944,968,976
9965	1809	2	1	6	0	0	0	4	17	13	3	23	11050	333	0	6	0	690
9965	1810	2	4	6	0	0	0	8	17	13	3	23	27936	840	0	6	0	840,844,968,972
9965	1812	2	1	6	0	0	0	4	17	13	3	23	29376	944	0	6	0	944
9965	1816	2	1	6	0	0	0	2	13	94	5	23	31016	968	0	6	0	968
9965	1825	2	3	6	0	0	0	7	20	3	2	24	11050	325	0	6	0	698,964,980
9965	1826	1	1	7	0	0	0	1	20	3	2	24	31016	964	0	7	0	964
9965	1828	2	2	6	0	0	0	3	18	13	3	24	30824	980	0	6	0	964,980
9965	1832	1	2	7	0	0	0	3	18	13	3	24	30824	976	0	7	0	960,976
9965	1840	2	4	6	0	0	0	6	16	77	4	24	30824	984	0	6	0	960,968,976,984
9965	1857	2	3	6	0	0	0	7	18	13	3	24	11050	341	0	6	0	682,852,980
9965	1858	2	2	6	0	0	0	4	16	77	4	24	27944	852	0	6	0	852,980
9965	1860	2	2	6	0	0	0	3	18	13	3	24	30824	980	0	6	0	964,980
9965	1864	1	1	7	0	0	0	2	16	77	4	24	30824	976	0	7	0	976
9965	1872	2	2	6	0	0	0	5	16	236	5	24	30824	984	0	6	0	976,984
9965	1888	1	1	7	0	0	0	3	15	94	5	25	30824	968	0	7	0	968
9965	1921	2	2	6	0	0	0	8	20	12	2	24	11050	341	0	6	0	422,682
9965	1922	2	6	6	0	0	0	8	20	12	2	24	27936	848	0	6	0	848,852,856,976,980,984
9965	1924	2	6	6	0	0	0	8	20	12	2	24	29376	928	0	6	0	928,932,936,992,996,1000
9965	1928	2	2	6	0	0	0	2	16	86	4	24	31016	976	0	6	0	976,992
9965	1936	2	2	6	0	0	0	2	16	86	4	24	30928	992	0	6	0	976,992
9965	1952	2	6	6	0	0	0	6	17	86	4	25	30824	1000	0	6	0	960,968,976,992,1000,1008
9965	1984	2	6	6	0	0	0	6	17	86	4	25	30824	1000	0	6	0	960,968,976,992,1000,1008
9965	2063	3	7	5	1	0	0	16	17	3	2	21	11050	306	0	5	0	306,338,370,428,436,850,940
9965	2071	3	7	5	1	0	0	16	17	3	2	21	11050	307	0	5	0	586,594,602,684,716,850,940
9965	2075	2	1	6	0	0	0	6	17	12	2	21	27936	850	0	6	0	850
9965	2077	2	1	6	0	0	0	6	15	76	3	21	29376	940	0	6	0	940
9965	2078	2	1	6	0	0	0	6	17	12	2	21	29376	940	0	6	0	940
9965	2087	2	4	6	0	0	0	4	16	13	3	22	11050	305	0	6	0	586,590,714,718
9965	2091	3	15	5	1	0	0	14	20	1	1	22	11050	304	0	5	0	304,308,368,432,436,586,590,654,714,718,848,902,910,932,940
9965	2093	3	7	5	1	0	0	12	16	13	3	22	11050	305	0	5	0	436,654,718,902,910,932,940
9965	2094	3	9	5	1	0	0	10	18	3	2	22	13132	436	0	5	0	432,436,654,714,718,902,910,932,940
9965	2099	3	15	5	1	0	0	14	20	1	1	22	11050	306	0	5	0	306,310,422,434,438,584,588,600,712,716,848,902,908,934,940
9965	2101	3	7	5	1	0	0	12	16	13	3	22	11050	307	0	5	0	422,438,716,902,908,934,940
9965	2102	3	9	5	1	0	0	10	18	3	2	22	13132	438	0	5	0	422,434,438,712,716,902,908,934,940
9965	2105	2	4	6	0	0	0	8	18	12	2	22	29376	940	0	6	0	900,908,932,940
9965	2106	2	4	6	0	0	0	8	20	1	1	22	29376	940	0	6	0	900,908,932,940
9965	2108	2	4	6	0	0	0	11	16	76	3	22	29376	940	0	6	0	900,908,932,940
9965	2119	2	2	6	0	0	0	4	14	77	4	22	11050	309	0	6	0	590,714
9965	2123	3	3	5	1	0	0	8	16	13	3	22	11050	308	0	5	0	308,590,852
9965	2125	3	3	5	1	0	0	8	16	11	3	22	11050	309	0	5	0	432,714,936
9965	2126	3	3	5	1	0	0	6	16	13	3	22	13132	432	0	5	0	432,714,936
9965	2131	3	3	5	1	0	0	8	16	13	3	22	11050	310	0	5	0	310,588,852
9965	2133	3	3	5	1	0	0	8	16	11	3	22	11050	311	0	5	0	434,712,936
9965	2134	3	3	5	1	0	0	6	16	13	3	22	13132	434	0	5	0	434,712,936
9965	2137	3	3	5	1	0	0	9	16	76	3	22	27936	852	0	5	0	852,900,936
9965	2138	3	3	5	1	0	0	12	16	76	3	22	27936	852	0	5	0	852,900,936
9965	2140	2	1	6	0	0	0	6	16	76	3	22	29376	936	0	6	0	936
9965	2147	2	4	6	0	0	0	4	15	77	4	23	11050	306	0	6	0	306,434,588,716
9965	2149	2	2	6	0	0	0	4	13	94	5	23	11050	307	0	6	0	434,716
9965	2150	2	2	6	0	0	0	2	13	94	5	23	13132	434	0	6	0	434,716
9965	2153	3	9	5	1	0	0	10	17	13	3	23	11050	305	0	5	0	432,434,716,718,900,908,928,936,944
9965	2154	3	9	5	1	0	0	8	17	11	3	23	13132	434	0	5	0	432,434,716,718,900,908,928,936,944
9965	2156	3	7	5	1	0	0	10	15	30	4	23	13132	432	0	5	0	432,716,900,908,928,936,944
9965	2161	3	9	5	1	0	0	10	17	13	3	23	11050	309	0	5	0	436,438,712,714,900,904,932,936,968
9965	2162	3	9	5	1	0	0	8	17	11	3	23	13132	438	0	5	0	436,438,712,714,900,904,932,936,968
9965	2164	3	7	5	1	0	0	10	15	30	4	23	13132	436	0	5	0	436,712,900,904,932,936,968
9965	2168	2	4	6	0	0	0	8	17	76	3	23	29376	936	0	6	0	896,904,928,936
9965	2183	2	2	6	0	0	0	4	16	11	3	22	13004	425	0	6	0	582,598
9965	2187	3	4	5	1	0	0	11	16	13	3	22	13004	425	0	5	0	582,598,852,936
9965	2189	2	1	6	0	0	0	5	14	77	4	22	29376	936	0	6	0	936
9965	2190	2	1	6	0	0	0	5	16	13	3	22	29376	936	0	6	0	936
9965	2195	2	2	6	0	0	0	6	18	3	2	22	13004	427	0	6	0	596,852
9965	2197	2	3	6	0	0	0	9	16	11	3	22	13004	426	0	6	0	426,936,938
9965	2198	2	3	6	0	0	0	8	18	3	2	22	13004	426	0	6	0	426,936,938
9965	2201	2	1	6	0	0	0	4	14	86	4	22	29376	936	0	6	0	936
9965	2202	2	1	6	0	0	0	4	16	13	3	22	29376	936	0	6	0	936
9965	2204	1	1	7	0	0	0	7	14	86	4	22	29376	936	0	7	0	936
9965	2211	3	12	5	1	0	0	10	17	13	3	23	11050	306	0	5	0	306,314,426,434,442,580,588,596,708,716,908,938
9965	2213	3	5	5	1	0	0	11	13	94	5	23	11050	307	0	5	0	426,442,716,908,938
9965	2214	3	7	5	1	0	0	8	15	30	4	23	13004	426	0	5	0	426,434,442,708,716,908,938
9965	2217	2	2	6	0	0	0	6	15	77	4	23	29376	936	0	6	0	908,936
9965	2218	2	2	6	0	0	0	6	17	11	3	23	29376	936	0	6	0	908,936
9965	2220	2	2	6	0	0	0	8	13	94	5	23	29376	936	0	6	0	908,936
9965	2225	2	4	6	0	0	0	8	17	13	3	23	29376	936	0	6	0	904,908,936,940
9965	2226	2	4	6	0	0	0	8	19	3	2	23	29376	936	0	6	0	904,908,936,940
9965	2228	2	4	6	0	0	0	11	15	30	4	23	29376	936	0	6	0	904,908,936,940
9965	2232	1	2	7	0	0	0	8	15	77	4	23	29376	936	0	7	0	904,936
9965	2243	2	1	6	0	0	0	2	15	77	4	23	13132	435	0	6	0	588
9965	2245	2	1	6	0	0	0	2	15	75	4	23	13132	434	0	6	0	434
9965	2246	2	1	6	0	0	0	1	15	77	4	23	13132	434	0	6	0	434
9965	2249	3	3	5	1	0	0	7	15	77	4	23	13132	434	0	5	0	434,908,928
9965	2250	3	3	5	1	0	0	6	15	86	4	23	13132	434	0	5	0	434,908,928
9965	2252	2	1	6	0	0	0	5	15	77	4	23	29376	928	0	6	0	928
9965	2257	3	9	5	1	0	0	14	17	11	3	23	13004	422	0	5	0	422,438,840,856,904,908,928,932,968
9965	2258	3	9	5	1	0	0	14	17	13	3	23	13004	422	0	5	0	422,438,840,856,904,908,928,932,968
9965	2260	2	2	6	0	0	0	7	17	11	3	23	29376	928	0	6	0	928,932
9965	2264	2	2	6	0	0	0	7	15	86	4	23	29376	928	0	6	0	904,928
9965	2273	3	7	5	1	0	0	9	14	94	5	24	11050	309	0	5	0	436,438,712,714,904,932,968
9965	2274	3	7	5	1	0	0	7	14	94	5	24	13132	438	0	5	0	436,438,712,714,904,932,968
9965	2276	3	5	5	1	0	0	8	12	222	6	24	13132	436	0	5	0	436,712,904,932,968
9965	2280	2	2	6	0	0	0	6	14	94	5	24	29376	928	0	6	0	904,928
9965	2288	2	5	6	0	0	0	9	16	30	4	24	29376	928	0	6	0	896,904,928,936,960
9965	2311	1	1	7	0	0	0	2	18	3	2	22	13132	425	0	7	0	598
9965	2315	2	4	6	0	0	0	10	20	1	1	22	13004	441	0	6	0	582,598,836,838
9965	2317	2	4	6	0	0	0	9	18	3	2	22	13004	440	0	6	0	424,440,936,952
9965	2318	2	4	6	0	0	0	7	20	1	1	22	13004	440	0	6	0	424,440,936,952
9965	2323	2	2	6	0	0	0	6	18	12	2	22	13132	427	0	6	0	596,836
9965	2325	2	1	6	0	0	0	2	16	76	3	22	13132	426	0	6	0	426
9965	2326	2	1	6	0	0	0	1	18	12	2	22	13132	426	0	6	0	426
9965	2329	3	7	5	1	0	0	17	16	76	3	22	13004	442	0	5	0	186,426,442,836,908,936,952
9965	2330	2	1	6	0	0	0	6	18	3	2	22	27936	836	0	6	0	836
9965	2332	2	2	6	0	0	0	7	16	76	3	22	29376	952	0	6	0	936,952
9965	2339	1	2	7	0	0	0	2	21	1	1	23	13132	427	0	7	0	426,596
9965	2341	1	1	7	0	0	0	2	17	13	3	23	13132	426	0	7	0	426
9965	2342	1	1	7	0	0	0	1	19	3	2	23	13132	426	0	7	0	426
9965	2345	1	1	7	0	0	0	1	21	1	1	23	31304	936	0	7	0	936
9965	2346	1	1	7	0	0	0	1	23	0	0	23	31304	936	0	7	0	936
9965	2348	1	1	7	0	0	0	1	19	3	2	23	31304	936	0	7	0	936
9965	2353	2	4	6	0	0	0	5	19	12	2	23	13132	430	0	6	0	428,430,908,940
9965	2354	2	4	6	0	0	0	4	21	1	1	23	13132	430	0	6	0	428,430,908,940
9965	2356	2	3	6	0	0	0	4	17	76	3	23	13132	428	0	6	0	428,908,940
9965	2360	1	2	7	0	0	0	4	19	3	2	23	30824	904	0	7	0	904,936
9965	2371	2	1	6	0	0	0	2	15	77	4	23	13132	419	0	6	0	604
9965	2373	2	1	6	0	0	0	2	15	77	4	23	13132	418	0	6	0	418
9965	2374	2	1	6	0	0	0	1	15	77	4	23	13132	418	0	6	0	418
9965	2377	3	9	5	1	0	0	14	17	13	3	23	13004	434	0	5	0	418,434,840,844,904,908,928,936,944
9965	2378	3	9	5	1	0	0	15	17	11	3	23	13004	434	0	5	0	418,434,840,844,904,908,928,936,944
9965	2380	2	2	6	0	0	0	5	17	13	3	23	29376	944	0	6	0	928,944
9965	2385	3	3	5	1	0	0	7	15	86	4	23	13132	422	0	5	0	422,840,908
9965	2386	3	3	5	1	0	0	8	15	77	4	23	13132	422	0	5	0	422,840,908
9965	2388	3	4	5	1	0	0	9	15	86	4	23	13132	420	0	5	0	420,908,932,944
9965	2392	2	1	6	0	0	0	4	15	86	4	23	30824	904	0	6	0	904
9965	2401	2	3	6	0	0	0	3	16	77	4	24	13132	422	0	6	0	420,422,932
9965	2402	2	3	6	0	0	0	2	16	75	4	24	13132	422	0	6	0	420,422,932
9965	2404	2	2	6	0	0	0	2	14	94	5	24	13132	420	0	6	0	420,932
9965	2408	1	1	7	0	0	0	1	18	11	3	24	31304	928	0	7	0	928
9965	2416	2	2	6	0	0	0	4	16	77	4	24	30824	904	0	6	0	904,936
9965	2435	1	1	7	0	0	0	4	17	13	3	23	13004	435	0	7	0	588
9965	2437	1	1	7	0	0	0	4	15	77	4	23	13004	434	0	7	0	434
9965	2438	1	1	7	0	0	0	2	17	13	3	23	13004	434	0	7	0	434
9965	2441	2	2	6	0	0	0	7	15	77	4	23	13004	434	0	6	0	434,944
9965	2442	2	2	6	0	0	0	5	17	11	3	23	13004	434	0	6	0	434,944
9965	2444	1	1	7	0	0	0	5	15	77	4	23	29376	944	0	7	0	944
9965	2449	2	1	6	0	0	0	4	15	86	4	23	13004	438	0	6	0	438
9965	2450	2	2	6	0	0	0	6	17	13	3	23	13004	438	0	6	0	438,840
9965	2452	2	3	6	0	0	0	9	15	86	4	23	13004	436	0	6	0	436,944,948
9965	2456	2	1	6	0	0	0	4	13	94	5	23	29376	944	0	6	0	944
9965	2465	2	3	6	0	0	0	6	16	77	4	24	13004	438	0	6	0	436,438,948
9965	2466	2	3	6	0	0	0	4	18	11	3	24	13004	438	0	6	0	436,438,948
9965	2468	2	2	6	0	0	0	5	14	94	5	24	13004	436	0	6	0	436,948
9965	2472	1	1	7	0	0	0	3	16	75	4	24	29376	944	0	7	0	944
9965	2480	2	4	6	0	0	0	8	16	77	4	24	29376	944	0	6	0	912,920,944,952
9965	2497	2	1	6	0	0	0	4	14	94	5	24	13004	422	0	6	0	422
9965	2498	2	1	6	0	0	0	2	14	94	5	24	13004	422	0	6	0	422
9965	2500	2	2	6	0	0	0	5	14	94	5	24	13004	420	0	6	0	420,932
9965	2504	2	1	6	0	0	0	3	14	94	5	24	29376	928	0	6	0	928
9965	2512	3	7	5	1	0	0	13	14	94	5	24	13004	428	0	5	0	428,848,912,920,928,936,976
9965	2528	2	1	6	0	0	0	2	13	222	6	25	29384	936	0	6	0	936
9965	2567	2	2	6	0	0	0	4	16	11	3	22	11050	293	0	6	0	666,730
9965	2571	2	2	6	0	0	0	6	18	3	2	22	11562	356	0	6	0	356,868
9965	2573	2	3	6	0	0	0	9	16	11	3	22	11562	357	0	6	0	666,920,922
9965	2574	2	3	6	0	0	0	8	18	3	2	22	21204	666	0	6	0	666,920,922
9965	2579	3	4	5	1	0	0	11	16	13	3	22	11050	294	0	5	0	294,358,868,920
9965	2581	2	1	6	0	0	0	5	14	77	4	22	29376	920	0	6	0	920
9965	2582	2	1	6	0	0	0	5	16	13	3	22	29376	920	0	6	0	920
9965	2585	2	1	6	0	0	0	4	14	86	4	22	29376	920	0	6	0	920
9965	2586	2	1	6	0	0	0	4	16	13	3	22	29376	920	0	6	0	920
9965	2588	1	1	7	0	0	0	7	14	86	4	22	29376	920	0	7	0	920
9965	2595	3	12	5	1	0	0	10	17	13	3	23	11050	290	0	5	0	290,298,354,418,426,596,604,668,724,732,906,924
9965	2597	3	5	5	1	0	0	11	13	94	5	23	11050	291	0	5	0	426,668,732,906,924
9965	2598	3	7	5	1	0	0	8	15	30	4	23	13132	426	0	5	0	418,426,668,724,732,906,924
9965	2601	2	4	6	0	0	0	8	17	13	3	23	29376	920	0	6	0	904,908,920,924
9965	2602	2	4	6	0	0	0	8	19	3	2	23	29376	920	0	6	0	904,908,920,924
9965	2604	2	4	6	0	0	0	11	15	30	4	23	29376	920	0	6	0	904,908,920,924
9965	2609	2	2	6	0	0	0	6	15	77	4	23	29376	920	0	6	0	908,920
9965	2610	2	2	6	0	0	0	6	17	11	3	23	29376	920	0	6	0	908,920
9965	2612	2	2	6	0	0	0	8	13	94	5	23	29376	920	0	6	0	908,920
9965	2616	1	2	7	0	0	0	8	15	77	4	23	29376	920	0	7	0	904,920
9965	2627	2	1	6	0	0	0	2	15	77	4	23	11050	298	0	6	0	298
9965	2629	2	1	6	0	0	0	2	15	75	4	23	11050	299	0	6	0	724
9965	2630	2	1	6	0	0	0	1	15	77	4	23	21716	724	0	6	0	724
9965	2633	3	9	5	1	0	0	14	17	11	3	23	11050	297	0	5	0	662,726,808,872,904,908,912,916,936
9965	2634	3	9	5	1	0	0	14	17	13	3	23	21204	662	0	5	0	662,726,808,872,904,908,912,916,936
9965	2636	2	2	6	0	0	0	7	17	11	3	23	29376	912	0	6	0	912,916
9965	2641	3	3	5	1	0	0	7	15	77	4	23	11050	301	0	5	0	722,908,912
9965	2642	3	3	5	1	0	0	6	15	86	4	23	21716	722	0	5	0	722,908,912
9965	2644	2	1	6	0	0	0	5	15	77	4	23	29376	912	0	6	0	912
9965	2648	2	2	6	0	0	0	7	15	86	4	23	29376	912	0	6	0	904,912
9965	2657	3	7	5	1	0	0	9	14	94	5	24	11050	293	0	5	0	420,422,728,730,900,920,932
9965	2658	3	7	5	1	0	0	7	14	94	5	24	13132	422	0	5	0	420,422,728,730,900,920,932
9965	2660	3	5	5	1	0	0	8	12	222	6	24	13132	420	0	5	0	420,728,900,920,932
9965	2664	2	5	6	0	0	0	9	16	30	4	24	29376	912	0	6	0	896,904,912,920,928
9965	2672	2	2	6	0	0	0	6	14	94	5	24	29376	912	0	6	0	904,912
9965	2691	3	7	5	1	0	0	14	17	11	3	23	11050	298	0	5	0	298,362,588,620,872,914,916
9965	2693	2	2	6	0	0	0	6	15	75	4	23	29384	914	0	6	0	914,916
9965	2694	2	2	6	0	0	0	6	17	11	3	23	29384	914	0	6	0	914,916
9965	2697	2	2	6	0	0	0	5	15	77	4	23	29376	912	0	6	0	912,916
9965	2698	2	2	6	0	0	0	5	17	13	3	23	29376	912	0	6	0	912,916
9965	2700	1	2	7	0	0	0	8	15	77	4	23	29376	912	0	7	0	912,916
9965	2705	2	2	6	0	0	0	5	15	77	4	23	29376	912	0	6	0	912,916
9965	2706	2	2	6	0	0	0	5	17	13	3	23	29376	912	0	6	0	912,916
9965	2708	1	2	7	0	0	0	8	15	77	4	23	29376	912	0	7	0	912,916
9965	2712	1	1	7	0	0	0	5	15	236	5	23	29376	912	0	7	0	912
9965	2721	2	2	6	0	0	0	6	14	94	5	24	29384	916	0	6	0	916,920
9965	2722	2	2	6	0	0	0	6	16	30	4	24	29384	916	0	6	0	916,920
9965	2724	2	2	6	0	0	0	8	12	222	6	24	29384	916	0	6	0	916,920
9965	2728	1	2	7	0	0	0	8	14	94	5	24	29376	912	0	7	0	912,920
9965	2736	1	2	7	0	0	0	8	14	94	5	24	29376	912	0	7	0	912,920
9965	2753	3	6	5	1	0	0	10	16	75	4	24	11050	309	0	5	0	422,714,900,904,916,920
9965	2754	3	6	5	1	0	0	8	16	77	4	24	13132	422	0	5	0	422,714,900,904,916,920
9965	2756	2	2	6	0	0	0	6	16	75	4	24	29384	900	0	6	0	900,904
9965	2760	2	4	6	0	0	0	8	16	77	4	24	29376	896	0	6	0	896,904,912,920
9965	2768	2	4	6	0	0	0	8	16	77	4	24	29376	896	0	6	0	896,904,912,920
9965	2784	2	2	6	0	0	0	6	13	222	6	25	29384	904	0	6	0	904,912
9965	2819	2	1	6	0	0	0	2	19	3	2	23	13132	403	0	6	0	620
9965	2821	2	2	6	0	0	0	3	17	11	3	23	13132	402	0	6	0	402,914
9965	2822	2	2	6	0	0	0	2	19	3	2	23	13132	402	0	6	0	402,914
9965	2825	2	3	6	0	0	0	4	19	3	2	23	29376	944	0	6	0	912,920,944
9965	2826	2	5	6	0	0	0	9	21	1	1	23	27936	840	0	6	0	840,904,912,920,944
9965	2828	1	2	7	0	0	0	5	19	3	2	23	29376	944	0	7	0	912,944
9965	2833	3	4	5	1	0	0	8	15	86	4	23	13132	406	0	5	0	406,916,924,944
9965	2834	3	6	5	1	0	0	12	17	13	3	23	13132	406	0	5	0	406,840,908,916,924,944
9965	2836	2	2	6	0	0	0	6	15	86	4	23	29376	944	0	6	0	916,944
9965	2840	2	3	6	0	0	0	8	15	77	4	23	29376	944	0	6	0	912,920,944
9965	2849	1	1	7	0	0	0	2	18	13	3	24	30824	916	0	7	0	916
9965	2850	1	1	7	0	0	0	2	20	3	2	24	30824	916	0	7	0	916
9965	2852	1	1	7	0	0	0	2	16	30	4	24	30824	916	0	7	0	916
9965	2856	0	1	8	0	0	0	2	20	3	2	24	30824	912	0	8	0	912
9965	2864	1	1	7	0	0	0	3	16	77	4	24	30824	920	0	7	0	920
9965	2881	2	1	6	0	0	0	2	16	77	4	24	30824	916	0	6	0	916
9965	2882	2	1	6	0	0	0	2	16	77	4	24	30824	916	0	6	0	916
9965	2884	2	2	6	0	0	0	3	16	77	4	24	30824	916	0	6	0	900,916
9965	2888	1	1	7	0	0	0	2	18	13	3	24	30824	912	0	7	0	912
9965	2896	2	1	6	0	0	0	3	16	236	5	24	30824	920	0	6	0	920
9965	2912	1	1	7	0	0	0	3	15	94	5	25	30824	904	0	7	0	904
9965	2945	2	2	6	0	0	0	6	16	77	4	24	13004	422	0	6	0	422,932
9965	2946	2	2	6	0	0	0	4	18	13	3	24	13004	422	0	6	0	422,932
9965	2948	1	1	7	0	0	0	3	16	77	4	24	29384	932	0	7	0	932
9965	2952	1	1	7	0	0	0	3	16	77	4	24	29376	928	0	7	0	928
9965	2960	2	2	6	0	0	0	5	16	236	5	24	29376	928	0	6	0	928,936
9965	2976	1	1	7	0	0	0	3	15	94	5	25	29384	936	0	7	0	936
9965	3008	2	2	6	0	0	0	4	15	94	5	25	29384	904	0	6	0	904,936
9965	3079	1	1	7	0	0	0	2	18	3	2	22	11050	357	0	7	0	666
9965	3083	2	2	6	0	0	0	6	18	12	2	22	11050	356	0	6	0	356,804
9965	3085	2	1	6	0	0	0	2	16	76	3	22	11050	357	0	6	0	666
9965	3086	2	1	6	0	0	0	1	18	12	2	22	21716	666	0	6	0	666
9965	3091	2	4	6	0	0	0	10	20	1	1	22	11050	358	0	6	0	294,358,804,806
9965	3093	2	4	6	0	0	0	9	18	3	2	22	11050	359	0	6	0	664,728,920,984
9965	3094	2	4	6	0	0	0	7	20	1	1	22	21204	728	0	6	0	664,728,920,984
9965	3097	3	7	5	1	0	0	17	16	76	3	22	11050	357	0	5	0	218,666,730,804,908,920,984
9965	3098	2	1	6	0	0	0	6	18	3	2	22	27936	804	0	6	0	804
9965	3100	2	2	6	0	0	0	7	16	76	3	22	29376	984	0	6	0	920,984
9965	3107	1	2	7	0	0	0	2	21	1	1	23	11050	354	0	7	0	354,668
9965	3109	1	1	7	0	0	0	2	17	13	3	23	11050	355	0	7	0	668
9965	3110	1	1	7	0	0	0	1	19	3	2	23	21716	668	0	7	0	668
9965	3113	2	4	6	0	0	0	5	19	12	2	23	11050	353	0	6	0	668,670,908,924
9965	3114	2	4	6	0	0	0	4	21	1	1	23	21716	670	0	6	0	668,670,908,924
9965	3116	2	3	6	0	0	0	4	17	76	3	23	21716	668	0	6	0	668,908,924
9965	3121	1	1	7	0	0	0	1	21	1	1	23	30928	920	0	7	0	920
9965	3122	1	1	7	0	0	0	1	23	0	0	23	30928	920	0	7	0	920
9965	3124	1	1	7	0	0	0	1	19	3	2	23	30928	920	0	7	0	920
9965	3128	1	2	7	0	0	0	4	19	3	2	23	30824	904	0	7	0	904,920
9965	3139	2	1	6	0	0	0	2	15	77	4	23	11050	362	0	6	0	362
9965	3141	2	1	6	0	0	0	2	15	77	4	23	11050	363	0	6	0	660
9965	3142	2	1	6	0	0	0	1	15	77	4	23	21716	660	0	6	0	660
9965	3145	3	3	5	1	0	0	7	15	86	4	23	11050	361	0	5	0	662,808,908
9965	3146	3	3	5	1	0	0	8	15	77	4	23	21716	662	0	5	0	662,808,908
9965	3148	3	4	5	1	0	0	9	15	86	4	23	21716	660	0	5	0	660,908,916,976
9965	3153	3	9	5	1	0	0	14	17	13	3	23	11050	365	0	5	0	658,722,808,812,904,908,912,920,976
9965	3154	3	9	5	1	0	0	15	17	11	3	23	21204	722	0	5	0	658,722,808,812,904,908,912,920,976
9965	3156	2	2	6	0	0	0	5	17	13	3	23	29376	976	0	6	0	912,976
9965	3160	2	1	6	0	0	0	4	15	86	4	23	30824	904	0	6	0	904
9965	3169	2	3	6	0	0	0	3	16	77	4	24	11050	357	0	6	0	664,666,920
9965	3170	2	3	6	0	0	0	2	16	75	4	24	21716	666	0	6	0	664,666,920
9965	3172	2	2	6	0	0	0	2	14	94	5	24	21716	664	0	6	0	664,920
9965	3176	2	2	6	0	0	0	4	16	77	4	24	30832	904	0	6	0	904,920
9965	3184	1	1	7	0	0	0	1	18	11	3	24	30928	912	0	7	0	912
9965	3203	2	1	6	0	0	0	2	19	3	2	23	11050	362	0	6	0	362
9965	3205	2	2	6	0	0	0	3	17	11	3	23	11050	363	0	6	0	660,916
9965	3206	2	2	6	0	0	0	2	19	3	2	23	21716	660	0	6	0	660,916
9965	3209	3	4	5	1	0	0	8	15	86	4	23	11050	361	0	5	0	662,916,924,976
9965	3210	3	6	5	1	0	0	12	17	13	3	23	21716	662	0	5	0	662,808,908,916,924,976
9965	3212	2	2	6	0	0	0	6	15	86	4	23	29376	976	0	6	0	916,976
9965	3217	2	3	6	0	0	0	4	19	3	2	23	29376	976	0	6	0	912,920,976
9965	3218	2	5	6	0	0	0	9	21	1	1	23	27936	808	0	6	0	808,904,912,920,976
9965	3220	1	2	7	0	0	0	5	19	3	2	23	29376	976	0	7	0	912,976
9965	3224	2	3	6	0	0	0	8	15	77	4	23	29376	976	0	6	0	912,920,976
9965	3233	1	1	7	0	0	0	2	18	13	3	24	30832	920	0	7	0	920
9965	3234	1	1	7	0	0	0	2	20	3	2	24	30832	920	0	7	0	920
9965	3236	1	1	7	0	0	0	2	16	30	4	24	30832	920	0	7	0	920
9965	3240	1	1	7	0	0	0	3	16	77	4	24	30832	920	0	7	0	920
9965	3248	0	1	8	0	0	0	2	20	3	2	24	30832	912	0	8	0	912
9965	3265	2	1	6	0	0	0	2	16	77	4	24	30832	920	0	6	0	920
9965	3266	2	1	6	0	0	0	2	16	77	4	24	30832	920	0	6	0	920
9965	3268	2	2	6	0	0	0	3	16	77	4	24	30832	920	0	6	0	904,920
9965	3272	2	1	6	0	0	0	3	16	236	5	24	30832	920	0	6	0	920
9965	3280	1	1	7	0	0	0	2	18	13	3	24	30832	912	0	7	0	912
9965	3296	1	1	7	0	0	0	3	15	94	5	25	30832	912	0	7	0	912
9965	3331	2	4	6	0	0	0	8	21	1	1	23	11050	330	0	6	0	330,556,778,780
9965	3333	2	2	6	0	0	0	4	19	3	2	23	11050	331	0	6	0	466,692
9965	3334	2	2	6	0	0	0	2	21	1	1	23	13132	466	0	6	0	466,692
9965	3337	3	15	5	1	0	0	20	19	12	2	23	11050	329	0	5	0	242,246,466,498,694,776,780,792,796,904,908,920,924,976,1008
9965	3338	2	4	6	0	0	0	8	21	1	1	23	27936	776	0	6	0	776,780,904,908
9965	3340	2	2	6	0	0	0	5	19	12	2	23	29376	1008	0	6	0	976,1008
9965	3345	3	15	5	1	0	0	20	19	12	2	23	11050	333	0	5	0	242,246,470,690,754,776,780,792,796,904,908,920,924,944,1008
9965	3346	2	4	6	0	0	0	8	21	1	1	23	27936	776	0	6	0	776,780,904,908
9965	3348	2	2	6	0	0	0	5	19	12	2	23	29376	1008	0	6	0	944,1008
9965	3352	2	2	6	0	0	0	5	17	13	3	23	30824	920	0	6	0	904,920
9965	3361	2	8	6	0	0	0	8	22	1	1	24	11050	325	0	6	0	468,470,696,698,916,920,952,980
9965	3362	2	16	6	0	0	0	8	24	0	0	24	13132	470	0	6	0	452,454,468,470,680,682,696,698,900,904,916,920,936,952,964,980
9965	3364	2	6	6	0	0	0	6	20	3	2	24	13132	468	0	6	0	468,696,916,920,952,980
9965	3368	1	3	7	0	0	0	4	22	1	1	24	30824	912	0	7	0	912,920,976
9965	3376	1	3	7	0	0	0	4	22	1	1	24	30824	920	0	7	0	912,920,944
9965	3393	3	6	5	1	0	0	10	16	77	4	24	11050	341	0	5	0	454,682,788,792,916,920
9965	3394	3	6	5	1	0	0	10	16	75	4	24	13132	454	0	5	0	454,682,788,792,916,920
9965	3396	3	7	5	1	0	0	10	16	77	4	24	13132	452	0	5	0	452,680,916,920,936,964,992
9965	3400	2	2	6	0	0	0	5	16	77	4	24	30824	912	0	6	0	912,920
9965	3408	2	2	6	0	0	0	5	16	77	4	24	30824	920	0	6	0	912,920
9965	3424	2	4	6	0	0	0	6	17	75	4	25	30824	904	0	6	0	904,912,944,968
9965	3457	2	1	6	0	0	0	4	18	13	3	24	13004	486	0	6	0	486
9965	3458	2	3	6	0	0	0	5	20	3	2	24	13004	486	0	6	0	486,792,920
9965	3460	2	4	6	0	0	0	8	18	13	3	24	13004	484	0	6	0	484,936,992,996
9965	3464	2	1	6	0	0	0	3	16	77	4	24	29376	992	0	6	0	992
9965	3472	2	4	6	0	0	0	5	18	13	3	24	29376	992	0	6	0	912,928,944,992
9965	3488	1	1	7	0	0	0	2	19	11	3	25	30832	944	0	7	0	944
9965	3520	2	1	6	0	0	0	2	15	94	5	25	30832	944	0	6	0	944
9965	3587	1	1	7	0	0	0	4	17	13	3	23	11050	330	0	7	0	330
9965	3589	1	1	7	0	0	0	4	15	77	4	23	11050	331	0	7	0	692
9965	3590	1	1	7	0	0	0	2	17	13	3	23	21204	692	0	7	0	692
9965	3593	2	1	6	0	0	0	4	15	86	4	23	11050	329	0	6	0	694
9965	3594	2	2	6	0	0	0	6	17	13	3	23	21204	694	0	6	0	694,840
9965	3596	2	3	6	0	0	0	9	15	86	4	23	21204	692	0	6	0	692,944,948
9965	3601	2	2	6	0	0	0	7	15	77	4	23	11050	333	0	6	0	690,944
9965	3602	2	2	6	0	0	0	5	17	11	3	23	21204	690	0	6	0	690,944
9965	3604	1	1	7	0	0	0	5	15	77	4	23	29376	944	0	7	0	944
9965	3608	2	1	6	0	0	0	4	13	94	5	23	29376	944	0	6	0	944
9965	3617	2	3	6	0	0	0	6	16	77	4	24	11050	325	0	6	0	696,698,952
9965	3618	2	3	6	0	0	0	4	18	11	3	24	21204	698	0	6	0	696,698,952
9965	3620	2	2	6	0	0	0	5	14	94	5	24	21204	696	0	6	0	696,952
9965	3624	2	4	6	0	0	0	8	16	77	4	24	29376	944	0	6	0	912,920,944,952
9965	3632	1	1	7	0	0	0	3	16	75	4	24	29376	944	0	7	0	944
9965	3649	2	1	6	0	0	0	4	14	94	5	24	11050	341	0	6	0	682
9965	3650	2	1	6	0	0	0	2	14	94	5	24	21204	682	0	6	0	682
9965	3652	2	2	6	0	0	0	5	14	94	5	24	21204	680	0	6	0	680,936
9965	3656	3	7	5	1	0	0	13	14	94	5	24	21204	684	0	5	0	684,848,912,920,928,936,976
9965	3664	2	1	6	0	0	0	3	14	94	5	24	29376	928	0	6	0	928
9965	3680	2	1	6	0	0	0	2	13	222	6	25	29392	944	0	6	0	944
9965	3713	2	2	6	0	0	0	6	16	77	4	24	11050	341	0	6	0	682,936
9965	3714	2	2	6	0	0	0	4	18	13	3	24	21204	682	0	6	0	682,936
9965	3716	1	1	7	0	0	0	3	16	77	4	24	29392	936	0	7	0	936
9965	3720	2	2	6	0	0	0	5	16	236	5	24	29376	928	0	6	0	928,936
9965	3728	1	1	7	0	0	0	3	16	77	4	24	29376	928	0	7	0	928
9965	3744	1	1	7	0	0	0	3	15	94	5	25	29392	944	0	7	0	944
9965	3776	2	2	6	0	0	0	4	15	94	5	25	29392	912	0	6	0	912,944
9965	3841	2	1	6	0	0	0	4	18	13	3	24	11050	277	0	6	0	746
9965	3842	2	3	6	0	0	0	5	20	3	2	24	21204	746	0	6	0	746,788,916
9965	3844	2	4	6	0	0	0	8	18	13	3	24	21204	744	0	6	0	744,932,992,1000
9965	3848	2	4	6	0	0	0	5	18	13	3	24	29376	992	0	6	0	912,928,944,992
9965	3856	2	1	6	0	0	0	3	16	77	4	24	29376	992	0	6	0	992
9965	3872	1	1	7	0	0	0	2	19	11	3	25	30824	936	0	7	0	936
9965	3904	2	1	6	0	0	0	2	15	94	5	25	30824	936	0	6	0	936
9965	3968	2	3	6	0	0	0	5	17	86	4	25	29376	960	0	6	0	960,968,976
9965	4111	3	7	5	1	0	0	16	17	3	2	21	11050	434	0	5	0	300,308,316,434,466,812,978
9965	4119	3	7	5	1	0	0	16	17	3	2	21	11050	435	0	5	0	556,588,620,714,722,812,978
9965	4123	2	1	6	0	0	0	6	15	76	3	21	27936	978	0	6	0	978
9965	4125	2	1	6	0	0	0	6	17	12	2	21	29376	812	0	6	0	812
9965	4126	2	1	6	0	0	0	6	17	12	2	21	27936	978	0	6	0	978
9965	4135	2	2	6	0	0	0	4	14	77	4	22	11050	433	0	6	0	590,714
9965	4139	3	3	5	1	0	0	8	16	11	3	22	11050	432	0	5	0	432,714,976
9965	4141	3	3	5	1	0	0	8	16	13	3	22	11050	433	0	5	0	308,590,812
9965	4142	3	3	5	1	0	0	6	16	13	3	22	11050	432	0	5	0	432,714,976
9965	4147	3	3	5	1	0	0	8	16	11	3	22	11050	434	0	5	0	434,712,976
9965	4149	3	3	5	1	0	0	8	16	13	3	22	11050	435	0	5	0	310,588,812
9965	4150	3	3	5	1	0	0	6	16	13	3	22	11050	434	0	5	0	434,712,976
9965	4153	3	3	5	1	0	0	9	16	76	3	22	27936	976	0	5	0	812,900,976
9965	4154	2	1	6	0	0	0	6	16	76	3	22	27936	976	0	6	0	976
9965	4156	3	3	5	1	0	0	12	16	76	3	22	27936	976	0	5	0	812,900,976
9965	4167	2	4	6	0	0	0	4	16	13	3	22	11050	437	0	6	0	586,590,714,718
9965	4171	3	7	5	1	0	0	12	16	13	3	22	11050	436	0	5	0	436,710,718,902,916,966,980
9965	4173	3	15	5	1	0	0	14	20	1	1	22	11050	437	0	5	0	304,308,312,432,436,586,590,710,714,718,808,902,916,966,980
9965	4174	3	9	5	1	0	0	10	18	3	2	22	11050	436	0	5	0	432,436,710,714,718,902,916,966,980
9965	4179	3	7	5	1	0	0	12	16	13	3	22	11050	438	0	5	0	406,438,716,902,918,964,980
9965	4181	3	15	5	1	0	0	14	20	1	1	22	11050	439	0	5	0	306,310,406,434,438,584,588,616,712,716,808,902,918,964,980
9965	4182	3	9	5	1	0	0	10	18	3	2	22	11050	438	0	5	0	406,434,438,712,716,902,918,964,980
9965	4185	2	4	6	0	0	0	8	18	12	2	22	27936	980	0	6	0	900,916,964,980
9965	4186	2	4	6	0	0	0	11	16	76	3	22	27936	980	0	6	0	900,916,964,980
9965	4188	2	4	6	0	0	0	8	20	1	1	22	27936	980	0	6	0	900,916,964,980
9965	4195	2	2	6	0	0	0	4	13	94	5	23	11050	434	0	6	0	434,716
9965	4197	2	4	6	0	0	0	4	15	77	4	23	11050	435	0	6	0	306,434,588,716
9965	4198	2	2	6	0	0	0	2	13	94	5	23	11050	434	0	6	0	434,716
9965	4201	3	9	5	1	0	0	10	17	13	3	23	11050	433	0	5	0	306,432,590,716,900,912,944,964,976
9965	4202	3	7	5	1	0	0	10	15	30	4	23	11050	432	0	5	0	432,716,900,912,944,964,976
9965	4204	3	9	5	1	0	0	8	17	11	3	23	11050	434	0	5	0	432,434,716,718,900,912,944,964,976
9965	4209	3	9	5	1	0	0	10	17	13	3	23	11050	437	0	5	0	310,436,586,712,900,916,960,968,976
9965	4210	3	7	5	1	0	0	10	15	30	4	23	11050	436	0	5	0	436,712,900,916,960,968,976
9965	4212	3	9	5	1	0	0	8	17	11	3	23	11050	438	0	5	0	436,438,712,714,900,916,960,968,976
9965	4216	2	4	6	0	0	0	8	17	76	3	23	27936	976	0	6	0	896,912,960,976
9965	4231	1	1	7	0	0	0	2	18	3	2	22	13132	313	0	7	0	710
9965	4235	2	1	6	0	0	0	2	16	76	3	22	13132	313	0	6	0	710
9965	4237	2	2	6	0	0	0	6	18	12	2	22	13132	312	0	6	0	312,808
9965	4238	2	1	6	0	0	0	1	18	12	2	22	19634	710	0	6	0	710
9965	4243	2	4	6	0	0	0	9	18	3	2	22	13004	299	0	6	0	708,724,964,980
9965	4245	2	4	6	0	0	0	10	20	1	1	22	13004	298	0	6	0	298,314,808,810
9965	4246	2	4	6	0	0	0	7	20	1	1	22	19634	708	0	6	0	708,724,964,980
9965	4249	3	7	5	1	0	0	17	16	76	3	22	13004	298	0	5	0	298,314,808,810,908,964,980
9965	4250	2	2	6	0	0	0	7	16	76	3	22	27936	980	0	6	0	964,980
9965	4252	2	1	6	0	0	0	6	18	3	2	22	29376	808	0	6	0	808
9965	4259	2	1	6	0	0	0	2	15	77	4	23	13132	315	0	6	0	708
9965	4261	2	1	6	0	0	0	2	15	77	4	23	13132	314	0	6	0	314
9965	4262	2	1	6	0	0	0	1	15	77	4	23	19634	708	0	6	0	708
9965	4265	3	3	5	1	0	0	7	15	86	4	23	13132	314	0	5	0	314,808,908
9965	4266	3	4	5	1	0	0	9	15	86	4	23	19634	708	0	5	0	708,908,964,976
9965	4268	3	3	5	1	0	0	8	15	77	4	23	19634	710	0	5	0	710,808,908
9965	4273	3	9	5	1	0	0	14	17	13	3	23	13004	302	0	5	0	302,318,808,812,904,908,960,968,976
9965	4274	2	2	6	0	0	0	5	17	13	3	23	27936	976	0	6	0	960,976
9965	4276	3	9	5	1	0	0	15	17	11	3	23	19634	706	0	5	0	706,722,808,812,904,908,960,968,976
9965	4280	2	1	6	0	0	0	4	15	86	4	23	30824	904	0	6	0	904
9965	4291	1	1	7	0	0	0	2	17	13	3	23	13132	307	0	7	0	716
9965	4293	1	2	7	0	0	0	2	21	1	1	23	13132	306	0	7	0	306,716
9965	4294	1	1	7	0	0	0	1	19	3	2	23	19634	716	0	7	0	716
9965	4297	2	4	6	0	0	0	5	19	12	2	23	13132	306	0	6	0	306,716,908,972
9965	4298	2	3	6	0	0	0	4	17	76	3	23	19634	716	0	6	0	716,908,972
9965	4300	2	4	6	0	0	0	4	21	1	1	23	19634	718	0	6	0	716,718,908,972
9965	4305	1	1	7	0	0	0	1	21	1	1	23	31792	968	0	7	0	968
9965	4306	1	1	7	0	0	0	1	19	3	2	23	31792	968	0	7	0	968
9965	4308	1	1	7	0	0	0	1	23	0	0	23	31792	968	0	7	0	968
9965	4312	1	2	7	0	0	0	4	19	3	2	23	30824	904	0	7	0	904,968
9965	4321	2	3	6	0	0	0	3	16	77	4	24	13132	310	0	6	0	310,712,968
9965	4322	2	2	6	0	0	0	2	14	94	5	24	19634	712	0	6	0	712,968
9965	4324	2	3	6	0	0	0	2	16	75	4	24	19634	714	0	6	0	712,714,968
9965	4328	2	2	6	0	0	0	4	16	77	4	24	30832	904	0	6	0	904,968
9965	4336	1	1	7	0	0	0	1	18	11	3	24	31792	960	0	7	0	960
9965	4359	2	2	6	0	0	0	4	16	11	3	22	13004	313	0	6	0	710,726
9965	4363	2	3	6	0	0	0	9	16	11	3	22	13004	313	0	6	0	710,964,966
9965	4365	2	2	6	0	0	0	6	18	3	2	22	13004	312	0	6	0	312,824
9965	4366	2	3	6	0	0	0	8	18	3	2	22	19762	710	0	6	0	710,964,966
9965	4371	2	1	6	0	0	0	5	14	77	4	22	27936	964	0	6	0	964
9965	4373	3	4	5	1	0	0	11	16	13	3	22	13004	314	0	5	0	298,314,824,964
9965	4374	2	1	6	0	0	0	5	16	13	3	22	27936	964	0	6	0	964
9965	4377	2	1	6	0	0	0	4	14	86	4	22	27936	964	0	6	0	964
9965	4378	1	1	7	0	0	0	7	14	86	4	22	27936	964	0	7	0	964
9965	4380	2	1	6	0	0	0	4	16	13	3	22	27936	964	0	6	0	964
9965	4387	2	1	6	0	0	0	2	15	75	4	23	13132	299	0	6	0	724
9965	4389	2	1	6	0	0	0	2	15	77	4	23	13132	298	0	6	0	298
9965	4390	2	1	6	0	0	0	1	15	77	4	23	19634	724	0	6	0	724
9965	4393	3	9	5	1	0	0	14	17	11	3	23	13004	314	0	5	0	298,314,808,824,904,908,936,960,964
9965	4394	2	2	6	0	0	0	7	17	11	3	23	27936	960	0	6	0	960,964
9965	4396	3	9	5	1	0	0	14	17	13	3	23	19634	726	0	5	0	710,726,808,824,904,908,936,960,964
9965	4401	3	3	5	1	0	0	7	15	77	4	23	13132	302	0	5	0	302,908,960
9965	4402	2	1	6	0	0	0	5	15	77	4	23	27936	960	0	6	0	960
9965	4404	3	3	5	1	0	0	6	15	86	4	23	19634	722	0	5	0	722,908,960
9965	4408	2	2	6	0	0	0	7	15	86	4	23	27936	960	0	6	0	904,960
9965	4419	3	5	5	1	0	0	11	13	94	5	23	11050	426	0	5	0	426,716,732,906,972
9965	4421	3	12	5	1	0	0	10	17	13	3	23	11050	427	0	5	0	290,298,306,418,426,596,604,716,724,732,906,972
9965	4422	3	7	5	1	0	0	8	15	30	4	23	11050	426	0	5	0	418,426,716,724,732,906,972
9965	4425	2	4	6	0	0	0	8	17	13	3	23	27936	968	0	6	0	904,908,968,972
9965	4426	2	4	6	0	0	0	11	15	30	4	23	27936	968	0	6	0	904,908,968,972
9965	4428	2	4	6	0	0	0	8	19	3	2	23	27936	968	0	6	0	904,908,968,972
9965	4433	2	2	6	0	0	0	6	15	77	4	23	27936	968	0	6	0	908,968
9965	4434	2	2	6	0	0	0	8	13	94	5	23	27936	968	0	6	0	908,968
9965	4436	2	2	6	0	0	0	6	17	11	3	23	27936	968	0	6	0	908,968
9965	4440	1	2	7	0	0	0	8	15	77	4	23	27936	968	0	7	0	904,968
9965	4449	3	7	5	1	0	0	9	14	94	5	24	11050	421	0	5	0	294,420,602,728,900,932,968
9965	4450	3	5	5	1	0	0	8	12	222	6	24	11050	420	0	5	0	420,728,900,932,968
9965	4452	3	7	5	1	0	0	7	14	94	5	24	11050	422	0	5	0	420,422,728,730,900,932,968
9965	4456	2	5	6	0	0	0	9	16	30	4	24	27936	960	0	6	0	896,904,928,960,968
9965	4464	2	2	6	0	0	0	6	14	94	5	24	27936	960	0	6	0	904,960
9965	4483	1	1	7	0	0	0	4	15	77	4	23	13004	307	0	7	0	716
9965	4485	1	1	7	0	0	0	4	17	13	3	23	13004	306	0	7	0	306
9965	4486	1	1	7	0	0	0	2	17	13	3	23	19634	716	0	7	0	716
9965	4489	2	1	6	0	0	0	4	15	86	4	23	13004	306	0	6	0	306
9965	4490	2	3	6	0	0	0	9	15	86	4	23	19634	716	0	6	0	716,968,972
9965	4492	2	2	6	0	0	0	6	17	13	3	23	19634	718	0	6	0	718,816
9965	4497	2	2	6	0	0	0	7	15	77	4	23	13004	310	0	6	0	310,968
9965	4498	1	1	7	0	0	0	5	15	77	4	23	27936	968	0	7	0	968
9965	4500	2	2	6	0	0	0	5	17	11	3	23	19634	714	0	6	0	714,968
9965	4504	2	1	6	0	0	0	4	13	94	5	23	27936	968	0	6	0	968
9965	4513	2	1	6	0	0	0	4	14	94	5	24	13004	310	0	6	0	310
9965	4514	2	2	6	0	0	0	5	14	94	5	24	19634	712	0	6	0	712,968
9965	4516	2	1	6	0	0	0	2	14	94	5	24	19634	714	0	6	0	714
9965	4520	3	7	5	1	0	0	13	14	94	5	24	19634	714	0	5	0	714,816,912,920,944,960,968
9965	4528	2	1	6	0	0	0	3	14	94	5	24	27936	960	0	6	0	960
9965	4545	2	3	6	0	0	0	6	16	77	4	24	13004	294	0	6	0	294,728,984
9965	4546	2	2	6	0	0	0	5	14	94	5	24	19634	728	0	6	0	728,984
9965	4548	2	3	6	0	0	0	4	18	11	3	24	19634	730	0	6	0	728,730,984
9965	4552	2	4	6	0	0	0	8	16	77	4	24	27936	976	0	6	0	912,920,976,984
9965	4560	1	1	7	0	0	0	3	16	75	4	24	27936	976	0	7	0	976
9965	4576	2	1	6	0	0	0	2	13	222	6	25	27952	976	0	6	0	976
9965	4615	1	1	7	0	0	0	2	18	3	2	22	11050	421	0	7	0	602
9965	4619	2	4	6	0	0	0	9	18	3	2	22	11050	420	0	6	0	420,484,932,996
9965	4621	2	4	6	0	0	0	10	20	1	1	22	11050	421	0	6	0	538,602,792,794
9965	4622	2	4	6	0	0	0	7	20	1	1	22	11050	420	0	6	0	420,484,932,996
9965	4627	2	1	6	0	0	0	2	16	76	3	22	11050	422	0	6	0	422
9965	4629	2	2	6	0	0	0	6	18	12	2	22	11050	423	0	6	0	600,792
9965	4630	2	1	6	0	0	0	1	18	12	2	22	11050	422	0	6	0	422
9965	4633	3	7	5	1	0	0	17	16	76	3	22	11050	421	0	5	0	538,602,792,794,908,932,996
9965	4634	2	2	6	0	0	0	7	16	76	3	22	27936	996	0	6	0	932,996
9965	4636	2	1	6	0	0	0	6	18	3	2	22	29376	792	0	6	0	792
9965	4643	2	1	6	0	0	0	2	15	77	4	23	11050	418	0	6	0	418
9965	4645	2	1	6	0	0	0	2	15	77	4	23	11050	419	0	6	0	604
9965	4646	2	1	6	0	0	0	1	15	77	4	23	11050	418	0	6	0	418
9965	4649	3	9	5	1	0	0	14	17	13	3	23	11050	417	0	5	0	542,606,792,796,904,908,928,936,992
9965	4650	2	2	6	0	0	0	5	17	13	3	23	27936	992	0	6	0	928,992
9965	4652	3	9	5	1	0	0	15	17	11	3	23	11050	418	0	5	0	418,482,792,796,904,908,928,936,992
9965	4657	3	3	5	1	0	0	7	15	86	4	23	11050	421	0	5	0	602,792,908
9965	4658	3	4	5	1	0	0	9	15	86	4	23	11050	420	0	5	0	420,908,932,992
9965	4660	3	3	5	1	0	0	8	15	77	4	23	11050	422	0	5	0	422,792,908
9965	4664	2	1	6	0	0	0	4	15	86	4	23	30824	904	0	6	0	904
9965	4675	1	1	7	0	0	0	2	17	13	3	23	11050	426	0	7	0	426
9965	4677	1	2	7	0	0	0	2	21	1	1	23	11050	427	0	7	0	426,596
9965	4678	1	1	7	0	0	0	1	19	3	2	23	11050	426	0	7	0	426
9965	4681	1	1	7	0	0	0	1	21	1	1	23	31016	936	0	7	0	936
9965	4682	1	1	7	0	0	0	1	19	3	2	23	31016	936	0	7	0	936
9965	4684	1	1	7	0	0	0	1	23	0	0	23	31016	936	0	7	0	936
9965	4689	2	4	6	0	0	0	5	19	12	2	23	11050	429	0	6	0	428,594,908,940
9965	4690	2	3	6	0	0	0	4	17	76	3	23	11050	428	0	6	0	428,908,940
9965	4692	2	4	6	0	0	0	4	21	1	1	23	11050	430	0	6	0	428,430,908,940
9965	4696	1	2	7	0	0	0	4	19	3	2	23	30824	904	0	7	0	904,936
9965	4705	2	3	6	0	0	0	3	16	77	4	24	11050	421	0	6	0	420,602,932
9965	4706	2	2	6	0	0	0	2	14	94	5	24	11050	420	0	6	0	420,932
9965	4708	2	3	6	0	0	0	2	16	75	4	24	11050	422	0	6	0	420,422,932
9965	4712	1	1	7	0	0	0	1	18	11	3	24	31016	928	0	7	0	928
9965	4720	2	2	6	0	0	0	4	16	77	4	24	30824	904	0	6	0	904,936
9965	4739	2	2	6	0	0	0	4	19	3	2	23	11050	426	0	6	0	426,716
9965	4741	2	4	6	0	0	0	8	21	1	1	23	11050	427	0	6	0	306,596,786,788
9965	4742	2	2	6	0	0	0	2	21	1	1	23	11050	426	0	6	0	426,716
9965	4745	3	15	5	1	0	0	20	19	12	2	23	11050	425	0	5	0	306,534,598,784,786,788,790,792,796,912,916,920,924,936,1000
9965	4746	2	2	6	0	0	0	5	19	12	2	23	27936	1000	0	6	0	936,1000
9965	4748	2	4	6	0	0	0	8	21	1	1	23	29376	784	0	6	0	784,788,912,916
9965	4753	3	15	5	1	0	0	20	19	12	2	23	11050	429	0	5	0	278,310,594,784,786,788,790,792,796,912,916,920,924,968,1000
9965	4754	2	2	6	0	0	0	5	19	12	2	23	27936	1000	0	6	0	968,1000
9965	4756	2	4	6	0	0	0	8	21	1	1	23	29376	784	0	6	0	784,788,912,916
9965	4760	2	2	6	0	0	0	5	17	13	3	23	30824	920	0	6	0	912,920
9965	4769	3	6	5	1	0	0	10	16	77	4	24	11050	421	0	5	0	310,602,788,792,916,920
9965	4770	3	7	5	1	0	0	10	16	77	4	24	11050	420	0	5	0	420,712,916,920,932,968,992
9965	4772	3	6	5	1	0	0	10	16	75	4	24	11050	422	0	5	0	422,714,788,792,916,920
9965	4776	2	2	6	0	0	0	5	16	77	4	24	30824	912	0	6	0	912,920
9965	4784	2	2	6	0	0	0	5	16	77	4	24	30824	920	0	6	0	912,920
9965	4801	2	8	6	0	0	0	8	22	1	1	24	11050	437	0	6	0	294,436,586,728,916,920,948,984
9965	4802	2	6	6	0	0	0	6	20	3	2	24	11050	436	0	6	0	436,728,916,920,948,984
9965	4804	2	16	6	0	0	0	8	24	0	0	24	11050	438	0	6	0	420,422,436,438,712,714,728,730,900,904,916,920,932,948,968,984
9965	4808	1	3	7	0	0	0	4	22	1	1	24	30824	912	0	7	0	912,920,944
9965	4816	1	3	7	0	0	0	4	22	1	1	24	30824	920	0	7	0	912,920,976
9965	4832	2	4	6	0	0	0	6	17	75	4	25	30824	904	0	6	0	904,912,936,976
9965	4867	2	2	6	0	0	0	3	17	11	3	23	11050	394	0	6	0	394,906
9965	4869	2	1	6	0	0	0	2	19	3	2	23	11050	395	0	6	0	628
9965	4870	2	2	6	0	0	0	2	19	3	2	23	11050	394	0	6	0	394,906
9965	4873	2	3	6	0	0	0	4	19	3	2	23	27936	968	0	6	0	904,920,968
9965	4874	1	2	7	0	0	0	5	19	3	2	23	27936	968	0	7	0	904,968
9965	4876	2	5	6	0	0	0	9	21	1	1	23	27936	968	0	6	0	816,904,912,920,968
9965	4881	3	4	5	1	0	0	8	15	86	4	23	11050	397	0	5	0	626,908,924,968
9965	4882	2	2	6	0	0	0	6	15	86	4	23	27936	968	0	6	0	908,968
9965	4884	3	6	5	1	0	0	12	17	13	3	23	11050	398	0	5	0	398,816,908,916,924,968
9965	4888	2	3	6	0	0	0	8	15	77	4	23	27936	968	0	6	0	904,920,968
9965	4897	2	1	6	0	0	0	2	16	77	4	24	30824	916	0	6	0	916
9965	4898	2	2	6	0	0	0	3	16	77	4	24	30824	916	0	6	0	900,916
9965	4900	2	1	6	0	0	0	2	16	77	4	24	30824	916	0	6	0	916
9965	4904	1	1	7	0	0	0	2	18	13	3	24	30824	912	0	7	0	912
9965	4912	2	1	6	0	0	0	3	16	236	5	24	30824	920	0	6	0	920
9965	4929	1	1	7	0	0	0	2	18	13	3	24	30824	916	0	7	0	916
9965	4930	1	1	7	0	0	0	2	16	30	4	24	30824	916	0	7	0	916
9965	4932	1	1	7	0	0	0	2	20	3	2	24	30824	916	0	7	0	916
9965	4936	0	1	8	0	0	0	2	20	3	2	24	30824	912	0	8	0	912
9965	4944	1	1	7	0	0	0	3	16	77	4	24	30824	920	0	7	0	920
9965	4960	1	1	7	0	0	0	3	15	94	5	25	30824	904	0	7	0	904
9965	4993	2	1	6	0	0	0	4	18	13	3	24	13004	294	0	6	0	294
9965	4994	2	4	6	0	0	0	8	18	13	3	24	19634	728	0	6	0	728,916,976,984
9965	4996	2	3	6	0	0	0	5	20	3	2	24	19634	730	0	6	0	730,804,932
9965	5000	2	4	6	0	0	0	5	18	13	3	24	27936	976	0	6	0	912,928,944,976
9965	5008	2	1	6	0	0	0	3	16	77	4	24	27936	976	0	6	0	976
9965	5024	2	1	6	0	0	0	2	15	94	5	25	30824	936	0	6	0	936
9965	5056	1	1	7	0	0	0	2	19	11	3	25	30824	936	0	7	0	936
9965	5127	2	2	6	0	0	0	4	16	11	3	22	11050	485	0	6	0	538,602
9965	5131	2	1	6	0	0	0	5	14	77	4	22	27936	932	0	6	0	932
9965	5133	3	4	5	1	0	0	11	16	13	3	22	11050	485	0	5	0	538,602,856,932
9965	5134	2	1	6	0	0	0	5	16	13	3	22	27936	932	0	6	0	932
9965	5139	2	3	6	0	0	0	9	16	11	3	22	11562	422	0	6	0	422,932,934
9965	5141	2	2	6	0	0	0	6	18	3	2	22	11562	423	0	6	0	600,856
9965	5142	2	3	6	0	0	0	8	18	3	2	22	11562	422	0	6	0	422,932,934
9965	5145	2	1	6	0	0	0	4	14	86	4	22	27936	932	0	6	0	932
9965	5146	1	1	7	0	0	0	7	14	86	4	22	27936	932	0	7	0	932
9965	5148	2	1	6	0	0	0	4	16	13	3	22	27936	932	0	6	0	932
9965	5155	2	1	6	0	0	0	2	15	75	4	23	11050	482	0	6	0	482
9965	5157	2	1	6	0	0	0	2	15	77	4	23	11050	483	0	6	0	540
9965	5158	2	1	6	0	0	0	1	15	77	4	23	11050	482	0	6	0	482
9965	5161	3	3	5	1	0	0	7	15	77	4	23	11050	481	0	5	0	542,908,928
9965	5162	2	1	6	0	0	0	5	15	77	4	23	27936	928	0	6	0	928
9965	5164	3	3	5	1	0	0	6	15	86	4	23	11050	482	0	5	0	482,908,928
9965	5169	3	9	5	1	0	0	14	17	11	3	23	11050	485	0	5	0	538,602,792,856,904,908,920,928,932
9965	5170	2	2	6	0	0	0	7	17	11	3	23	27936	928	0	6	0	928,932
9965	5172	3	9	5	1	0	0	14	17	13	3	23	11050	486	0	5	0	422,486,792,856,904,908,920,928,932
9965	5176	2	2	6	0	0	0	7	15	86	4	23	27936	928	0	6	0	904,928
9965	5187	3	5	5	1	0	0	11	13	94	5	23	11050	490	0	5	0	426,490,668,908,938
9965	5189	3	12	5	1	0	0	10	17	13	3	23	11050	491	0	5	0	354,362,426,482,490,532,540,596,660,668,908,938
9965	5190	3	7	5	1	0	0	8	15	30	4	23	11050	490	0	5	0	426,482,490,660,668,908,938
9965	5193	2	2	6	0	0	0	6	15	77	4	23	27936	936	0	6	0	908,936
9965	5194	2	2	6	0	0	0	8	13	94	5	23	27936	936	0	6	0	908,936
9965	5196	2	2	6	0	0	0	6	17	11	3	23	27936	936	0	6	0	908,936
9965	5201	2	4	6	0	0	0	8	17	13	3	23	27936	936	0	6	0	904,908,936,940
9965	5202	2	4	6	0	0	0	11	15	30	4	23	27936	936	0	6	0	904,908,936,940
9965	5204	2	4	6	0	0	0	8	19	3	2	23	27936	936	0	6	0	904,908,936,940
9965	5208	1	2	7	0	0	0	8	15	77	4	23	27936	936	0	7	0	904,936
9965	5217	3	7	5	1	0	0	9	14	94	5	24	11050	485	0	5	0	358,484,538,664,904,920,932
9965	5218	3	5	5	1	0	0	8	12	222	6	24	11050	484	0	5	0	484,664,904,920,932
9965	5220	3	7	5	1	0	0	7	14	94	5	24	11050	486	0	5	0	484,486,664,666,904,920,932
9965	5224	2	2	6	0	0	0	6	14	94	5	24	27936	928	0	6	0	904,928
9965	5232	2	5	6	0	0	0	9	16	30	4	24	27936	928	0	6	0	896,904,912,928,936
9965	5251	2	2	6	0	0	0	3	17	11	3	23	13132	371	0	6	0	652,908
9965	5253	2	1	6	0	0	0	2	19	3	2	23	13132	370	0	6	0	370
9965	5254	2	2	6	0	0	0	2	19	3	2	23	19634	652	0	6	0	652,908
9965	5257	3	4	5	1	0	0	8	15	86	4	23	13132	370	0	5	0	370,908,924,936
9965	5258	2	2	6	0	0	0	6	15	86	4	23	27936	936	0	6	0	908,936
9965	5260	3	6	5	1	0	0	12	17	13	3	23	19634	654	0	5	0	654,848,908,916,924,936
9965	5265	2	3	6	0	0	0	4	19	3	2	23	27936	936	0	6	0	904,920,936
9965	5266	1	2	7	0	0	0	5	19	3	2	23	27936	936	0	7	0	904,936
9965	5268	2	5	6	0	0	0	9	21	1	1	23	27936	936	0	6	0	848,904,912,920,936
9965	5272	2	3	6	0	0	0	8	15	77	4	23	27936	936	0	6	0	904,920,936
9965	5281	2	1	6	0	0	0	2	16	77	4	24	30832	920	0	6	0	920
9965	5282	2	2	6	0	0	0	3	16	77	4	24	30832	920	0	6	0	904,920
9965	5284	2	1	6	0	0	0	2	16	77	4	24	30832	920	0	6	0	920
9965	5288	2	1	6	0	0	0	3	16	236	5	24	30832	920	0	6	0	920
9965	5296	1	1	7	0	0	0	2	18	13	3	24	30832	912	0	7	0	912
9965	5313	1	1	7	0	0	0	2	18	13	3	24	30832	920	0	7	0	920
9965	5314	1	1	7	0	0	0	2	16	30	4	24	30832	920	0	7	0	920
9965	5316	1	1	7	0	0	0	2	20	3	2	24	30832	920	0	7	0	920
9965	5320	1	1	7	0	0	0	3	16	77	4	24	30832	920	0	7	0	920
9965	5328	0	1	8	0	0	0	2	20	3	2	24	30832	912	0	8	0	912
9965	5344	1	1	7	0	0	0	3	15	94	5	25	30832	912	0	7	0	912
9965	5379	2	2	6	0	0	0	6	15	75	4	23	27944	906	0	6	0	906,908
9965	5381	3	7	5	1	0	0	14	17	11	3	23	11050	459	0	5	0	338,370,564,628,880,906,908
9965	5382	2	2	6	0	0	0	6	17	11	3	23	27944	906	0	6	0	906,908
9965	5385	2	2	6	0	0	0	5	15	77	4	23	27936	904	0	6	0	904,908
9965	5386	1	2	7	0	0	0	8	15	77	4	23	27936	904	0	7	0	904,908
9965	5388	2	2	6	0	0	0	5	17	13	3	23	27936	904	0	6	0	904,908
9965	5393	2	2	6	0	0	0	5	15	77	4	23	27936	904	0	6	0	904,908
9965	5394	1	2	7	0	0	0	8	15	77	4	23	27936	904	0	7	0	904,908
9965	5396	2	2	6	0	0	0	5	17	13	3	23	27936	904	0	6	0	904,908
9965	5400	1	1	7	0	0	0	5	15	236	5	23	27936	904	0	7	0	904
9965	5409	3	6	5	1	0	0	10	16	75	4	24	11050	453	0	5	0	342,570,900,904,916,920
9965	5410	2	2	6	0	0	0	6	16	75	4	24	27944	900	0	6	0	900,904
9965	5412	3	6	5	1	0	0	8	16	77	4	24	11050	454	0	5	0	454,682,900,904,916,920
9965	5416	2	4	6	0	0	0	8	16	77	4	24	27936	896	0	6	0	896,904,912,920
9965	5424	2	4	6	0	0	0	8	16	77	4	24	27936	896	0	6	0	896,904,912,920
9965	5441	2	2	6	0	0	0	6	14	94	5	24	27944	916	0	6	0	916,920
9965	5442	2	2	6	0	0	0	8	12	222	6	24	27944	916	0	6	0	916,920
9965	5444	2	2	6	0	0	0	6	16	30	4	24	27944	916	0	6	0	916,920
9965	5448	1	2	7	0	0	0	8	14	94	5	24	27936	912	0	7	0	912,920
9965	5456	1	2	7	0	0	0	8	14	94	5	24	27936	912	0	7	0	912,920
9965	5472	2	2	6	0	0	0	6	13	222	6	25	27944	904	0	6	0	904,912
9965	5505	2	2	6	0	0	0	6	16	77	4	24	13004	358	0	6	0	358,920
9965	5506	1	1	7	0	0	0	3	16	77	4	24	27952	920	0	7	0	920
9965	5508	2	2	6	0	0	0	4	18	13	3	24	19634	666	0	6	0	666,920
9965	5512	2	2	6	0	0	0	5	16	236	5	24	27936	912	0	6	0	912,920
9965	5520	1	1	7	0	0	0	3	16	77	4	24	27936	912	0	7	0	912
9965	5536	2	2	6	0	0	0	4	15	94	5	25	27952	912	0	6	0	912,944
9965	5568	1	1	7	0	0	0	3	15	94	5	25	27952	944	0	7	0	944
9965	5635	1	1	7	0	0	0	4	15	77	4	23	11050	458	0	7	0	458
9965	5637	1	1	7	0	0	0	4	17	13	3	23	11050	459	0	7	0	564
9965	5638	1	1	7	0	0	0	2	17	13	3	23	11050	458	0	7	0	458
9965	5641	2	2	6	0	0	0	7	15	77	4	23	11050	457	0	6	0	566,968
9965	5642	1	1	7	0	0	0	5	15	77	4	23	27936	968	0	7	0	968
9965	5644	2	2	6	0	0	0	5	17	11	3	23	11050	458	0	6	0	458,968
9965	5649	2	1	6	0	0	0	4	15	86	4	23	11050	461	0	6	0	562
9965	5650	2	3	6	0	0	0	9	15	86	4	23	11050	460	0	6	0	460,968,972
9965	5652	2	2	6	0	0	0	6	17	13	3	23	11050	462	0	6	0	462,816
9965	5656	2	1	6	0	0	0	4	13	94	5	23	27936	968	0	6	0	968
9965	5665	2	1	6	0	0	0	4	14	94	5	24	11050	453	0	6	0	570
9965	5666	2	2	6	0	0	0	5	14	94	5	24	11050	452	0	6	0	452,964
9965	5668	2	1	6	0	0	0	2	14	94	5	24	11050	454	0	6	0	454
9965	5672	2	1	6	0	0	0	3	14	94	5	24	27936	960	0	6	0	960
9965	5680	3	7	5	1	0	0	13	14	94	5	24	11050	458	0	5	0	458,816,912,920,944,960,968
9965	5697	2	3	6	0	0	0	6	16	77	4	24	11050	469	0	6	0	468,554,980
9965	5698	2	2	6	0	0	0	5	14	94	5	24	11050	468	0	6	0	468,980
9965	5700	2	3	6	0	0	0	4	18	11	3	24	11050	470	0	6	0	468,470,980
9965	5704	1	1	7	0	0	0	3	16	75	4	24	27936	976	0	7	0	976
9965	5712	2	4	6	0	0	0	8	16	77	4	24	27936	976	0	6	0	912,920,976,984
9965	5728	2	1	6	0	0	0	2	13	222	6	25	27944	968	0	6	0	968
9965	5761	2	1	6	0	0	0	4	18	13	3	24	11050	469	0	6	0	554
9965	5762	2	4	6	0	0	0	8	18	13	3	24	11050	468	0	6	0	468,920,976,980
9965	5764	2	3	6	0	0	0	5	20	3	2	24	11050	470	0	6	0	470,808,936
9965	5768	2	1	6	0	0	0	3	16	77	4	24	27936	976	0	6	0	976
9965	5776	2	4	6	0	0	0	5	18	13	3	24	27936	976	0	6	0	912,928,944,976
9965	5792	2	1	6	0	0	0	2	15	94	5	25	30832	944	0	6	0	944
9965	5824	1	1	7	0	0	0	2	19	11	3	25	30832	944	0	7	0	944
9965	5889	2	2	6	0	0	0	6	16	77	4	24	11050	405	0	6	0	618,916
9965	5890	1	1	7	0	0	0	3	16	77	4	24	27944	916	0	7	0	916
9965	5892	2	2	6	0	0	0	4	18	13	3	24	11050	406	0	6	0	406,916
9965	5896	1	1	7	0	0	0	3	16	77	4	24	27936	912	0	7	0	912
9965	5904	2	2	6	0	0	0	5	16	236	5	24	27936	912	0	6	0	912,920
9965	5920	2	2	6	0	0	0	4	15	94	5	25	27944	904	0	6	0	904,936
9965	5952	1	1	7	0	0	0	3	15	94	5	25	27944	936	0	7	0	936
9965	6016	2	3	6	0	0	0	5	17	86	4	25	27936	928	0	6	0	928,936,944
9965	6151	2	2	6	0	0	0	4	14	86	4	22	11050	357	0	6	0	662,666
9965	6155	3	3	5	1	0	0	8	16	13	3	22	11050	356	0	5	0	356,662,932
9965	6157	3	3	5	1	0	0	8	16	13	3	22	11050	357	0	5	0	360,666,856
9965	6158	3	6	5	1	0	0	12	18	12	2	22	11050	356	0	5	0	356,360,662,666,856,932
9965	6163	3	3	5	1	0	0	8	16	13	3	22	11050	358	0	5	0	358,660,932
9965	6165	3	3	5	1	0	0	8	16	13	3	22	11050	359	0	5	0	362,664,856
9965	6166	3	6	5	1	0	0	12	18	12	2	22	11050	358	0	5	0	358,362,660,664,856,932
9965	6169	3	3	5	1	0	0	9	16	76	3	22	27936	932	0	5	0	780,856,932
9965	6170	2	1	6	0	0	0	6	18	12	2	22	27936	932	0	6	0	932
9965	6172	2	1	6	0	0	0	6	18	12	2	22	29376	856	0	6	0	856
9965	6179	2	4	6	0	0	0	4	15	77	4	23	11050	354	0	6	0	354,362,660,668
9965	6181	2	2	6	0	0	0	4	15	236	5	23	11050	355	0	6	0	362,668
9965	6182	2	4	6	0	0	0	4	15	86	4	23	11050	354	0	6	0	354,362,660,668
9965	6185	3	9	5	1	0	0	10	17	13	3	23	11050	353	0	5	0	360,362,668,670,780,796,840,856,872
9965	6186	3	15	5	1	0	0	14	19	3	2	23	11050	352	0	5	0	352,354,360,362,660,662,668,670,780,796,840,856,864,872,928
9965	6188	3	9	5	1	0	0	12	17	13	3	23	11050	354	0	5	0	354,360,662,668,780,796,840,856,872
9965	6193	3	9	5	1	0	0	10	17	13	3	23	11050	357	0	5	0	364,366,664,666,780,792,844,856,920
9965	6194	3	15	5	1	0	0	14	19	3	2	23	11050	356	0	5	0	356,358,364,366,656,658,664,666,780,792,844,856,912,920,928
9965	6196	3	9	5	1	0	0	12	17	13	3	23	11050	358	0	5	0	358,364,658,664,780,792,844,856,920
9965	6200	2	4	6	0	0	0	8	19	12	2	23	29376	856	0	6	0	776,792,840,856
9965	6211	2	2	6	0	0	0	4	15	236	5	23	11050	362	0	6	0	362,668
9965	6213	2	4	6	0	0	0	4	15	77	4	23	11050	363	0	6	0	354,362,660,668
9965	6214	2	4	6	0	0	0	4	15	86	4	23	11050	362	0	6	0	354,362,660,668
9965	6217	3	9	5	1	0	0	10	17	13	3	23	11050	361	0	5	0	354,360,662,668,780,808,872,908,936
9965	6218	3	9	5	1	0	0	12	17	13	3	23	11050	360	0	5	0	354,360,662,668,780,808,872,908,936
9965	6220	3	15	5	1	0	0	14	19	3	2	23	11050	362	0	5	0	352,354,360,362,660,662,668,670,780,808,848,864,872,908,936
9965	6225	3	9	5	1	0	0	10	17	13	3	23	11050	365	0	5	0	358,364,658,664,780,812,904,920,936
9965	6226	3	9	5	1	0	0	12	17	13	3	23	11050	364	0	5	0	358,364,658,664,780,812,904,920,936
9965	6228	3	15	5	1	0	0	14	19	3	2	23	11050	366	0	5	0	356,358,364,366,656,658,664,666,780,812,848,904,912,920,936
9965	6232	2	4	6	0	0	0	8	19	12	2	23	27936	936	0	6	0	776,808,904,936
9965	6241	2	4	6	0	0	0	4	16	236	5	24	11050	357	0	6	0	356,358,664,666
9965	6242	2	4	6	0	0	0	4	14	94	5	24	11050	356	0	6	0	356,358,664,666
9965	6244	2	4	6	0	0	0	4	14	94	5	24	11050	358	0	6	0	356,358,664,666
9965	6248	2	1	6	0	1	1	0	18	13	3	24	31016	864	512	5	1	864
9965	6256	2	1	6	0	1	1	0	18	13	3	24	30928	912	1024	5	1	912
9965	6275	2	1	6	0	0	0	2	15	86	4	23	13132	371	0	6	0	652
9965	6277	2	1	6	0	0	0	2	15	77	4	23	13132	370	0	6	0	370
9965	6278	2	2	6	0	0	0	2	17	76	3	23	13132	370	0	6	0	370,652
9965	6281	3	3	5	1	0	0	7	15	86	4	23	13132	370	0	5	0	370,796,848
9965	6282	3	6	5	1	0	0	12	17	76	3	23	13132	370	0	5	0	370,652,796,848,908,936
9965	6284	2	1	6	0	0	0	5	17	13	3	23	29376	848	0	6	0	848
9965	6289	3	9	5	1	0	0	14	17	13	3	23	13004	342	0	5	0	342,374,792,796,848,852,904,920,936
9965	6290	2	2	6	0	0	0	5	19	12	2	23	27936	936	0	6	0	904,936
9965	6292	2	2	6	0	0	0	7	19	3	2	23	29376	848	0	6	0	848,852
9965	6296	2	2	6	0	0	0	7	17	13	3	23	29376	848	0	6	0	792,848
9965	6305	3	7	5	1	0	0	8	16	236	5	24	11050	357	0	5	0	372,374,664,666,792,852,920
9965	6306	3	12	5	1	0	0	9	16	86	4	24	11050	356	0	5	0	356,358,372,374,648,650,664,666,792,852,904,920
9965	6308	3	7	5	1	0	0	9	14	94	5	24	11050	358	0	5	0	358,372,650,664,792,852,920
9965	6312	2	2	6	0	0	0	6	16	77	4	24	29376	848	0	6	0	792,848
9965	6320	2	5	6	0	0	0	8	18	13	3	24	29376	848	0	6	0	784,792,848,856,912
9965	6337	2	3	6	0	0	0	3	16	77	4	24	13132	358	0	6	0	358,664,920
9965	6338	2	3	6	0	0	0	3	16	86	4	24	13132	358	0	6	0	358,664,920
9965	6340	2	5	6	0	0	0	3	18	11	3	24	13132	356	0	6	0	356,358,664,666,920
9965	6344	2	2	6	0	0	0	3	18	13	3	24	30832	792	0	6	0	792,920
9965	6352	1	1	7	0	0	0	1	20	3	2	24	31792	912	0	7	0	912
9965	6368	2	1	6	0	0	0	1	15	94	5	25	31792	912	0	6	0	912
9965	6403	2	1	6	0	0	0	2	15	77	4	23	13132	339	0	6	0	684
9965	6405	2	1	6	0	0	0	2	15	86	4	23	13132	338	0	6	0	338
9965	6406	2	2	6	0	0	0	2	17	76	3	23	13132	338	0	6	0	338,684
9965	6409	3	9	5	1	0	0	14	17	13	3	23	13004	370	0	5	0	338,370,792,796,848,856,880,904,908
9965	6410	2	2	6	0	0	0	7	19	3	2	23	27936	904	0	6	0	904,908
9965	6412	2	2	6	0	0	0	5	19	12	2	23	29376	880	0	6	0	848,880
9965	6417	3	3	5	1	0	0	7	15	86	4	23	13132	342	0	5	0	342,796,904
9965	6418	2	1	6	0	0	0	5	17	13	3	23	27936	904	0	6	0	904
9965	6420	3	6	5	1	0	0	12	17	76	3	23	13132	340	0	5	0	340,682,796,852,880,904
9965	6424	2	2	6	0	0	0	7	17	13	3	23	27936	904	0	6	0	792,904
9965	6433	2	3	6	0	0	0	3	16	77	4	24	13132	342	0	6	0	340,342,852
9965	6434	2	5	6	0	0	0	3	18	11	3	24	13132	342	0	6	0	340,342,680,682,852
9965	6436	2	3	6	0	0	0	3	16	86	4	24	13132	340	0	6	0	340,682,852
9965	6440	1	1	7	0	0	0	1	20	3	2	24	31304	848	0	7	0	848
9965	6448	2	2	6	0	0	0	3	18	13	3	24	30824	792	0	6	0	792,856
9965	6465	3	7	5	1	0	0	8	16	236	5	24	11050	341	0	5	0	326,340,682,696,788,852,920
9965	6466	3	7	5	1	0	0	9	14	94	5	24	11050	340	0	5	0	326,340,682,696,788,852,920
9965	6468	3	12	5	1	0	0	9	16	86	4	24	11050	342	0	5	0	324,326,340,342,680,682,696,698,788,836,852,920
9965	6472	2	5	6	0	0	0	8	18	13	3	24	27936	912	0	6	0	784,792,848,912,920
9965	6480	2	2	6	0	0	0	6	16	77	4	24	27936	912	0	6	0	792,912
9965	6496	2	1	6	0	0	0	1	15	94	5	25	31304	840	0	6	0	840
9965	6529	2	1	6	0	0	0	4	16	236	5	24	13004	358	0	6	0	358
9965	6530	2	3	6	0	0	0	7	16	86	4	24	13004	358	0	6	0	358,664,920
9965	6532	2	3	6	0	0	0	7	16	86	4	24	13004	356	0	6	0	356,666,868
9965	6536	2	1	6	0	0	0	3	16	77	4	24	29376	864	0	6	0	864
9965	6544	2	1	6	0	0	0	3	16	77	4	24	27936	912	0	6	0	912
9965	6560	2	1	6	0	0	0	2	15	94	5	25	29384	872	0	6	0	872
9965	6592	2	1	6	0	0	0	2	15	94	5	25	27952	944	0	6	0	944
9965	6659	2	1	6	0	0	0	2	15	86	4	23	11050	330	0	6	0	330
9965	6661	2	1	6	0	0	0	2	15	77	4	23	11050	331	0	6	0	692
9965	6662	2	2	6	0	0	0	2	17	76	3	23	11050	330	0	6	0	330,692
9965	6665	3	9	5	1	0	0	14	17	13	3	23	11050	329	0	5	0	566,694,792,796,816,820,840,856,968
9965	6666	2	2	6	0	0	0	5	19	12	2	23	27936	968	0	6	0	840,968
9965	6668	2	2	6	0	0	0	7	19	3	2	23	29376	816	0	6	0	816,820
9965	6673	3	3	5	1	0	0	7	15	86	4	23	11050	333	0	5	0	690,796,816
9965	6674	3	6	5	1	0	0	12	17	76	3	23	11050	332	0	5	0	332,690,796,816,844,968
9965	6676	2	1	6	0	0	0	5	17	13	3	23	29376	816	0	6	0	816
9965	6680	2	2	6	0	0	0	7	17	13	3	23	29376	816	0	6	0	792,816
9965	6689	3	7	5	1	0	0	8	16	236	5	24	11050	325	0	5	0	340,342,696,698,788,824,852
9965	6690	3	12	5	1	0	0	9	16	86	4	24	11050	324	0	5	0	324,326,340,342,680,682,696,698,788,824,836,852
9965	6692	3	7	5	1	0	0	9	14	94	5	24	11050	326	0	5	0	326,340,682,696,788,824,852
9965	6696	2	5	6	0	0	0	8	18	13	3	24	29376	816	0	6	0	784,792,816,824,848
9965	6704	2	2	6	0	0	0	6	16	77	4	24	29376	816	0	6	0	792,816
9965	6721	2	3	6	0	0	0	3	16	77	4	24	11050	341	0	6	0	340,682,852
9965	6722	2	3	6	0	0	0	3	16	86	4	24	11050	340	0	6	0	340,682,852
9965	6724	2	5	6	0	0	0	3	18	11	3	24	11050	342	0	6	0	340,342,680,682,852
9965	6728	1	1	7	0	0	0	1	20	3	2	24	31016	848	0	7	0	848
9965	6736	2	2	6	0	0	0	3	18	13	3	24	30824	792	0	6	0	792,856
9965	6752	2	1	6	0	0	0	1	15	94	5	25	31016	840	0	6	0	840
9965	6785	3	6	5	1	0	0	10	16	77	4	24	11050	341	0	5	0	358,682,804,808,820,824
9965	6786	3	11	5	1	0	0	14	18	76	3	24	11050	340	0	5	0	340,358,664,682,804,808,820,824,852,920,976
9965	6788	2	2	6	0	0	0	6	18	11	3	24	29384	804	0	6	0	804,808
9965	6792	2	4	6	0	0	0	8	18	13	3	24	29376	800	0	6	0	800,808,816,824
9965	6800	2	4	6	0	0	0	8	18	13	3	24	29376	800	0	6	0	800,808,816,824
9965	6816	2	2	6	0	0	0	6	15	94	5	25	29384	808	0	6	0	808,816
9965	6848	2	4	6	0	0	0	4	19	11	3	25	30824	808	0	6	0	808,816,872,944
9965	6913	2	1	6	0	0	0	1	16	86	4	24	30824	820	0	6	0	820
9965	6914	2	2	6	0	0	0	2	18	76	3	24	30824	820	0	6	0	788,820
9965	6916	2	2	6	0	0	0	2	18	76	3	24	30824	820	0	6	0	804,820
9965	6920	1	1	7	0	0	0	1	20	12	2	24	30824	816	0	7	0	816
9965	6928	2	1	6	0	0	0	2	16	86	4	24	30824	824	0	6	0	824
9965	6944	1	1	7	0	0	0	2	17	86	4	25	30824	808	0	7	0	808
9965	6976	1	1	7	0	0	0	2	17	86	4	25	30824	808	0	7	0	808
9965	7040	2	2	6	0	0	0	3	17	86	4	25	29384	840	0	6	0	840,872
9965	7171	2	1	6	0	0	0	2	15	77	4	23	11050	458	0	6	0	458
9965	7173	2	1	6	0	0	0	2	15	86	4	23	11050	459	0	6	0	564
9965	7174	2	2	6	0	0	0	2	17	76	3	23	11050	458	0	6	0	458,564
9965	7177	3	3	5	1	0	0	7	15	86	4	23	11050	457	0	5	0	566,796,840
9965	7178	2	1	6	0	0	0	5	17	13	3	23	27936	840	0	6	0	840
9965	7180	3	6	5	1	0	0	12	17	76	3	23	11050	458	0	5	0	458,564,796,820,840,944
9965	7185	3	9	5	1	0	0	14	17	13	3	23	11050	461	0	5	0	562,690,792,796,816,824,840,844,944
9965	7186	2	2	6	0	0	0	7	19	3	2	23	27936	840	0	6	0	840,844
9965	7188	2	2	6	0	0	0	5	19	12	2	23	29376	944	0	6	0	816,944
9965	7192	2	2	6	0	0	0	7	17	13	3	23	27936	840	0	6	0	792,840
9965	7201	2	3	6	0	0	0	3	16	77	4	24	11050	453	0	6	0	568,570,824
9965	7202	2	5	6	0	0	0	3	18	11	3	24	11050	452	0	6	0	452,454,568,570,824
9965	7204	2	3	6	0	0	0	3	16	86	4	24	11050	454	0	6	0	454,568,824
9965	7208	2	2	6	0	0	0	3	18	13	3	24	30832	792	0	6	0	792,824
9965	7216	1	1	7	0	0	0	1	20	3	2	24	30928	816	0	7	0	816
9965	7233	3	7	5	1	0	0	8	16	236	5	24	11050	469	0	5	0	454,468,554,568,792,824,852
9965	7234	3	7	5	1	0	0	9	14	94	5	24	11050	468	0	5	0	454,468,554,568,792,824,852
9965	7236	3	12	5	1	0	0	9	16	86	4	24	11050	470	0	5	0	452,454,468,470,552,554,568,570,792,808,824,852
9965	7240	2	2	6	0	0	0	6	16	77	4	24	27936	848	0	6	0	792,848
9965	7248	2	5	6	0	0	0	8	18	13	3	24	27936	848	0	6	0	784,792,816,848,856
9965	7264	2	1	6	0	0	0	1	15	94	5	25	30928	816	0	6	0	816
9965	7297	2	1	6	0	0	0	1	16	86	4	24	30832	824	0	6	0	824
9965	7298	2	2	6	0	0	0	2	18	76	3	24	30832	824	0	6	0	792,824
9965	7300	2	2	6	0	0	0	2	18	76	3	24	30832	824	0	6	0	808,824
9965	7304	2	1	6	0	0	0	2	16	86	4	24	30832	824	0	6	0	824
9965	7312	1	1	7	0	0	0	1	20	12	2	24	30832	816	0	7	0	816
9965	7328	1	1	7	0	0	0	2	17	86	4	25	30832	816	0	7	0	816
9965	7360	1	1	7	0	0	0	2	17	86	4	25	30832	816	0	7	0	816
9965	7425	3	6	5	1	0	0	10	16	77	4	24	11050	405	0	5	0	422,618,788,792,820,824
9965	7426	2	2	6	0	0	0	6	18	11	3	24	27944	788	0	6	0	788,792
9965	7428	3	11	5	1	0	0	14	18	76	3	24	11050	406	0	5	0	406,420,602,616,788,792,820,824,872,932,992
9965	7432	2	4	6	0	0	0	8	18	13	3	24	27936	784	0	6	0	784,792,816,824
9965	7440	2	4	6	0	0	0	8	18	13	3	24	27936	784	0	6	0	784,792,816,824
9965	7456	2	4	6	0	0	0	4	19	11	3	25	30824	808	0	6	0	808,816,880,936
9965	7488	2	2	6	0	0	0	6	15	94	5	25	27944	808	0	6	0	808,816
9965	7552	2	2	6	0	0	0	3	17	86	4	25	27952	816	0	6	0	816,880
9965	7681	2	1	6	0	0	0	4	16	236	5	24	11050	405	0	6	0	618
9965	7682	2	3	6	0	0	0	7	16	86	4	24	11050	404	0	6	0	404,618,916
9965	7684	2	3	6	0	0	0	7	16	86	4	24	11050	406	0	6	0	406,616,872
9965	7688	2	1	6	0	0	0	3	16	77	4	24	27936	912	0	6	0	912
9965	7696	2	1	6	0	0	0	3	16	77	4	24	29376	864	0	6	0	864
9965	7712	2	1	6	0	0	0	2	15	94	5	25	29392	880	0	6	0	880
9965	7744	2	1	6	0	0	0	2	15	94	5	25	27944	936	0	6	0	936
9965	7808	2	2	6	0	0	0	3	17	86	4	25	29392	848	0	6	0	848,880
9965	7936	2	2	6	0	0	0	3	17	86	4	25	27944	808	0	6	0	808,872
9965	8207	2	4	6	0	0	0	16	16	11	3	22	11562	210	0	6	0	210,300,722,812
9965	8215	2	2	6	0	0	0	12	14	75	4	22	11562	211	0	6	0	722,812
9965	8219	1	1	7	0	0	0	8	14	77	4	22	13004	301	0	7	0	722
9965	8221	1	1	7	0	0	0	8	14	77	4	22	11562	211	0	7	0	812
9965	8222	2	2	6	0	0	0	14	14	77	4	22	19762	722	0	6	0	722,812
9965	8231	3	7	5	1	0	0	12	15	77	4	23	11050	177	0	5	0	590,714,722,782,814,846,970
9965	8235	2	2	6	0	0	0	8	19	3	2	23	13004	301	0	6	0	720,722
9965	8237	2	3	6	0	0	0	8	17	13	3	23	11562	209	0	6	0	782,812,814
9965	8238	3	9	5	1	0	0	18	17	13	3	23	19762	722	0	5	0	720,722,782,812,814,902,910,962,970
9965	8243	2	1	6	0	0	0	6	17	11	3	23	13004	303	0	6	0	720
9965	8245	2	1	6	0	0	0	6	15	77	4	23	11562	211	0	6	0	812
9965	8246	3	3	5	1	0	0	10	15	77	4	23	19762	720	0	5	0	720,812,968
9965	8249	2	3	6	0	0	0	13	17	13	3	23	11562	209	0	6	0	302,812,814
9965	8250	2	1	6	0	0	0	7	17	13	3	23	19762	720	0	6	0	720
9965	8252	2	1	6	0	0	0	7	15	86	4	23	21204	812	0	6	0	812
9965	8263	3	7	5	1	0	0	12	15	77	4	23	11050	181	0	5	0	590,710,718,726,810,842,970
9965	8267	2	3	6	0	0	0	8	17	13	3	23	13004	297	0	6	0	710,724,726
9965	8269	2	2	6	0	0	0	8	19	3	2	23	11562	213	0	6	0	808,810
9965	8270	3	9	5	1	0	0	18	17	13	3	23	19762	726	0	5	0	710,724,726,808,810,902,906,966,970
9965	8275	2	1	6	0	0	0	6	15	77	4	23	13004	299	0	6	0	724
9965	8277	2	1	6	0	0	0	6	17	11	3	23	11562	215	0	6	0	808
9965	8278	3	3	5	1	0	0	10	15	77	4	23	19762	724	0	5	0	724,808,968
9965	8281	2	3	6	0	0	0	13	17	13	3	23	11562	213	0	6	0	298,724,810
9965	8282	2	1	6	0	0	0	7	15	86	4	23	19762	724	0	6	0	724
9965	8284	2	1	6	0	0	0	7	17	13	3	23	21204	808	0	6	0	808
9965	8291	2	2	6	0	0	0	2	16	86	4	24	13132	307	0	6	0	716,972
9965	8293	2	2	6	0	0	0	2	16	86	4	24	11050	179	0	6	0	844,972
9965	8294	2	1	6	0	1	1	0	16	236	5	24	19634	972	4096	5	1	972
9965	8297	2	4	6	0	0	0	4	20	12	2	24	30832	900	0	6	0	900,908,964,972
9965	8298	2	4	6	0	0	0	4	18	13	3	24	30832	900	0	6	0	900,908,964,972
9965	8300	2	4	6	0	0	0	4	18	13	3	24	30832	900	0	6	0	900,908,964,972
9965	8305	2	1	6	0	1	1	0	18	76	3	24	30928	968	1024	5	1	968
9965	8306	2	1	6	0	1	1	0	16	86	4	24	19634	968	4096	5	1	968
9965	8308	2	1	6	0	1	1	0	16	86	4	24	21716	968	2048	5	1	968
9965	8312	2	4	6	0	0	0	5	18	76	3	24	30824	896	0	6	0	896,904,960,968
9965	8327	2	2	6	0	0	0	6	15	75	4	23	13004	297	0	6	0	710,726
9965	8331	2	3	6	0	0	0	10	15	77	4	23	13004	297	0	6	0	710,724,726
9965	8333	2	2	6	0	0	0	8	15	77	4	23	11562	213	0	6	0	808,810
9965	8334	3	7	5	1	0	0	17	15	77	4	23	19634	710	0	5	0	710,724,726,808,810,906,966
9965	8339	1	1	7	0	0	0	6	15	75	4	23	13004	299	0	7	0	724
9965	8341	2	3	6	0	0	0	12	15	75	4	23	11562	215	0	6	0	298,808,810
9965	8342	2	1	6	0	0	0	5	15	75	4	23	19762	724	0	6	0	724
9965	8345	2	2	6	0	0	0	10	13	94	5	23	11562	213	0	6	0	298,810
9965	8346	2	1	6	0	0	0	7	13	94	5	23	19762	724	0	6	0	724
9965	8348	2	1	6	0	0	0	7	13	94	5	23	21204	808	0	6	0	808
9965	8355	2	3	6	0	0	0	7	16	77	4	24	13004	299	0	6	0	708,724,964
9965	8357	3	9	5	1	0	0	16	14	94	5	24	11050	179	0	5	0	298,314,780,810,812,844,908,964,972
9965	8358	2	1	6	0	0	0	1	14	94	5	24	31792	964	0	6	0	964
9965	8361	2	1	6	0	0	0	3	16	77	4	24	30832	908	0	6	0	908
9965	8362	2	2	6	0	0	0	4	16	77	4	24	30832	908	0	6	0	908,964
9965	8364	2	1	6	0	0	0	3	14	94	5	24	30832	908	0	6	0	908
9965	8369	2	1	6	0	0	0	4	16	77	4	24	13004	302	0	6	0	302
9965	8370	2	2	6	0	0	0	6	16	77	4	24	19762	720	0	6	0	720,960
9965	8372	3	7	5	1	0	0	15	14	94	5	24	19762	722	0	5	0	722,808,812,904,908,960,968
9965	8376	2	1	6	0	0	0	4	14	94	5	24	30824	904	0	6	0	904
9965	8387	1	1	7	0	0	0	2	16	77	4	24	13132	307	0	7	0	716
9965	8389	2	4	6	0	0	0	3	18	11	3	24	13132	306	0	6	0	306,716,964,972
9965	8390	2	3	6	0	0	0	2	16	77	4	24	19634	716	0	6	0	716,964,972
9965	8393	2	4	6	0	0	0	5	18	13	3	24	13132	306	0	6	0	306,716,908,972
9965	8394	2	3	6	0	0	0	4	16	86	4	24	19634	716	0	6	0	716,908,972
9965	8396	2	4	6	0	0	0	4	18	13	3	24	30832	908	0	6	0	900,908,964,972
9965	8401	2	5	6	0	0	0	9	18	11	3	24	13004	294	0	6	0	294,310,712,728,968
9965	8402	2	3	6	0	0	0	7	16	77	4	24	19634	712	0	6	0	712,728,968
9965	8404	2	2	6	0	0	0	1	18	11	3	24	31792	968	0	6	0	960,968
9965	8408	2	2	6	0	0	0	4	16	30	4	24	30824	904	0	6	0	904,968
9965	8417	1	1	7	0	0	0	1	17	86	4	25	31792	968	0	7	0	968
9965	8418	1	1	7	0	0	0	1	17	236	5	25	31792	968	0	7	0	968
9965	8420	1	1	7	0	0	0	1	15	94	5	25	31792	968	0	7	0	968
9965	8424	1	2	7	0	0	0	4	17	77	4	25	30832	904	0	7	0	904,968
9965	8432	1	1	7	0	0	0	1	17	86	4	25	31792	960	0	7	0	960
9965	8455	1	1	7	0	0	0	4	17	11	3	23	13004	313	0	7	0	710
9965	8459	0	1	8	0	0	0	4	19	3	2	23	13004	313	0	8	0	710
9965	8461	1	2	7	0	0	0	7	19	3	2	23	13004	312	0	7	0	312,824
9965	8462	1	1	7	0	0	0	3	19	3	2	23	19762	710	0	7	0	710
9965	8467	1	1	7	0	0	0	6	15	77	4	23	13004	315	0	7	0	708
9965	8469	2	2	6	0	0	0	10	15	77	4	23	11562	199	0	6	0	314,824
9965	8470	2	1	6	0	0	0	5	15	77	4	23	19762	708	0	6	0	708
9965	8473	1	1	7	0	0	0	5	15	77	4	23	13004	314	0	7	0	314
9965	8474	1	1	7	0	0	0	7	15	77	4	23	19762	708	0	7	0	708
9965	8476	2	2	6	0	0	0	11	15	77	4	23	19762	710	0	6	0	710,824
9965	8483	1	2	7	0	0	0	6	20	3	2	24	13004	315	0	7	0	708,724
9965	8485	2	2	6	0	0	0	5	18	13	3	24	13004	314	0	6	0	298,314
9965	8486	2	4	6	0	0	0	5	18	13	3	24	19634	724	0	6	0	708,724,964,980
9965	8489	1	1	7	0	0	0	3	22	1	1	24	13004	314	0	7	0	314
9965	8490	1	2	7	0	0	0	4	22	1	1	24	19762	708	0	7	0	708,964
9965	8492	2	4	6	0	0	0	9	20	3	2	24	19762	710	0	6	0	710,824,908,964
9965	8497	2	2	6	0	0	0	6	18	13	3	24	13004	318	0	6	0	302,318
9965	8498	2	4	6	0	0	0	7	18	13	3	24	19634	720	0	6	0	704,720,960,976
9965	8500	3	6	5	1	0	0	12	16	86	4	24	19634	722	0	5	0	706,722,824,908,960,976
9965	8504	2	3	6	0	0	0	8	18	11	3	24	19762	706	0	6	0	706,904,960
9965	8515	1	1	7	0	0	0	4	16	86	4	24	13004	307	0	7	0	716
9965	8517	2	2	6	0	0	0	4	18	76	3	24	13004	306	0	6	0	306,716
9965	8518	2	1	6	0	0	0	3	16	86	4	24	19762	716	0	6	0	716
9965	8521	1	2	7	0	0	0	4	20	12	2	24	13004	306	0	7	0	306,716
9965	8522	1	1	7	0	0	0	3	18	13	3	24	19762	716	0	7	0	716
9965	8524	2	5	6	0	0	0	10	20	12	2	24	19762	718	0	6	0	716,718,816,908,972
9965	8529	2	2	6	0	0	0	6	16	86	4	24	13004	310	0	6	0	310,712
9965	8530	2	1	6	0	0	0	5	16	236	5	24	19762	712	0	6	0	712
9965	8532	3	6	5	1	0	0	14	16	86	4	24	19762	714	0	5	0	712,714,816,908,968,976
9965	8536	2	4	6	0	0	0	12	16	77	4	24	19762	714	0	6	0	712,714,904,968
9965	8545	2	6	6	0	0	0	7	19	76	3	25	13004	310	0	6	0	294,310,712,728,968,984
9965	8546	2	4	6	0	0	0	5	17	77	4	25	19634	728	0	6	0	712,728,968,984
9965	8548	2	2	6	0	0	0	1	17	86	4	25	31792	968	0	6	0	968,984
9965	8552	1	2	7	0	0	0	3	21	3	2	25	30832	904	0	7	0	904,968
9965	8560	2	3	6	0	0	0	4	17	86	4	25	30824	904	0	6	0	904,960,976
9965	8579	0	1	8	0	0	0	6	16	77	4	24	13004	307	0	8	0	716
9965	8581	1	1	7	0	0	0	5	16	77	4	24	13004	306	0	7	0	306
9965	8582	1	1	7	0	0	0	4	16	77	4	24	19634	716	0	7	0	716
9965	8585	1	1	7	0	0	0	5	16	77	4	24	13004	306	0	7	0	306
9965	8586	1	1	7	0	0	0	4	16	77	4	24	19634	716	0	7	0	716
9965	8588	2	2	6	0	0	0	7	16	77	4	24	19634	718	0	6	0	718,816
9965	8593	1	1	7	0	0	0	6	14	94	5	24	13004	310	0	7	0	310
9965	8594	1	1	7	0	0	0	6	14	94	5	24	19634	712	0	7	0	712
9965	8596	2	1	6	0	0	0	4	14	94	5	24	19634	714	0	6	0	714
9965	8600	2	1	6	0	0	0	5	12	222	6	24	19634	714	0	6	0	714
9965	8609	1	1	7	0	0	0	5	17	77	4	25	13004	310	0	7	0	310
9965	8610	1	2	7	0	0	0	5	17	77	4	25	19634	712	0	7	0	712,968
9965	8612	2	2	6	0	0	0	4	15	94	5	25	19634	714	0	6	0	714,968
9965	8616	2	3	6	0	0	0	7	17	75	4	25	19634	714	0	6	0	714,920,968
9965	8624	2	2	6	0	0	0	5	15	94	5	25	19634	706	0	6	0	706,960
9965	8641	1	2	7	0	0	0	6	17	86	4	25	13004	294	0	7	0	294,728
9965	8642	1	1	7	0	0	0	4	17	236	5	25	19634	728	0	7	0	728
9965	8644	2	4	6	0	0	0	5	17	86	4	25	19634	730	0	6	0	728,730,968,984
9965	8648	2	4	6	0	0	0	7	17	77	4	25	19634	730	0	6	0	728,730,920,984
9965	8656	2	3	6	0	0	0	7	15	94	5	25	19634	722	0	6	0	720,722,976
9965	8672	1	1	7	0	0	0	1	16	94	5	26	31792	976	0	7	0	976
9965	8711	1	1	7	0	0	0	4	17	11	3	23	11562	229	0	7	0	794
9965	8715	1	2	7	0	0	0	7	19	3	2	23	11562	228	0	7	0	228,740
9965	8717	0	1	8	0	0	0	4	19	3	2	23	11562	229	0	8	0	794
9965	8718	1	1	7	0	0	0	3	19	3	2	23	21204	794	0	7	0	794
9965	8723	2	2	6	0	0	0	10	15	77	4	23	11562	230	0	6	0	230,740
9965	8725	1	1	7	0	0	0	6	15	77	4	23	11562	231	0	7	0	792
9965	8726	2	1	6	0	0	0	5	15	77	4	23	21204	792	0	6	0	792
9965	8729	1	1	7	0	0	0	5	15	77	4	23	11562	229	0	7	0	794
9965	8730	2	2	6	0	0	0	11	15	77	4	23	19762	740	0	6	0	740,794
9965	8732	1	1	7	0	0	0	7	15	77	4	23	21204	792	0	7	0	792
9965	8739	2	2	6	0	0	0	4	18	76	3	24	11562	226	0	6	0	226,796
9965	8741	1	1	7	0	0	0	4	16	86	4	24	11562	227	0	7	0	796
9965	8742	2	1	6	0	0	0	3	16	86	4	24	21204	796	0	6	0	796
9965	8745	1	2	7	0	0	0	4	20	12	2	24	11562	225	0	7	0	796,798
9965	8746	2	5	6	0	0	0	10	20	12	2	24	21204	798	0	6	0	736,796,798,908,924
9965	8748	1	1	7	0	0	0	3	18	13	3	24	21204	796	0	7	0	796
9965	8753	2	2	6	0	0	0	6	16	86	4	24	11562	229	0	6	0	792,794
9965	8754	3	6	5	1	0	0	14	16	86	4	24	19762	736	0	5	0	736,792,794,908,920,976
9965	8756	2	1	6	0	0	0	5	16	236	5	24	21204	792	0	6	0	792
9965	8760	2	4	6	0	0	0	12	16	77	4	24	21204	796	0	6	0	792,796,904,920
9965	8771	2	2	6	0	0	0	5	18	13	3	24	11050	170	0	6	0	170,234
9965	8773	1	2	7	0	0	0	6	20	3	2	24	11050	171	0	7	0	788,852
9965	8774	2	4	6	0	0	0	5	18	13	3	24	21204	788	0	6	0	788,852,916,980
9965	8777	1	1	7	0	0	0	3	22	1	1	24	11562	233	0	7	0	790
9965	8778	2	4	6	0	0	0	9	20	3	2	24	21204	790	0	6	0	744,790,908,916
9965	8780	1	2	7	0	0	0	4	22	1	1	24	21204	788	0	7	0	788,916
9965	8785	2	2	6	0	0	0	6	18	13	3	24	11050	173	0	6	0	786,850
9965	8786	3	6	5	1	0	0	12	16	86	4	24	19762	744	0	5	0	744,786,850,908,912,976
9965	8788	2	4	6	0	0	0	7	18	13	3	24	21204	784	0	6	0	784,848,912,976
9965	8792	2	3	6	0	0	0	8	18	11	3	24	21204	788	0	6	0	788,904,912
9965	8801	2	6	6	0	0	0	7	19	76	3	25	11050	165	0	6	0	792,794,856,858,920,984
9965	8802	2	2	6	0	0	0	1	17	86	4	25	30928	920	0	6	0	920,984
9965	8804	2	4	6	0	0	0	5	17	77	4	25	21204	792	0	6	0	792,856,920,984
9965	8808	1	2	7	0	0	0	3	21	3	2	25	30832	904	0	7	0	904,920
9965	8816	2	3	6	0	0	0	4	17	86	4	25	30824	904	0	6	0	904,912,976
9965	8835	2	4	6	0	0	0	11	18	11	3	24	11562	234	0	6	0	234,716,744,748
9965	8837	1	1	7	0	0	0	4	18	11	3	24	11562	235	0	7	0	788
9965	8838	2	2	6	0	0	0	4	18	11	3	24	21204	788	0	6	0	788,916
9965	8841	1	1	7	0	0	0	3	18	13	3	24	11562	233	0	7	0	790
9965	8842	2	3	6	0	0	0	7	18	13	3	24	21204	790	0	6	0	744,790,916
9965	8844	1	2	7	0	0	0	4	18	13	3	24	21204	788	0	7	0	788,916
9965	8849	2	3	6	0	0	0	9	16	77	4	24	11562	237	0	6	0	278,786,790
9965	8850	2	1	6	0	0	0	5	16	77	4	24	19762	744	0	6	0	744
9965	8852	2	4	6	0	0	0	9	16	77	4	24	21204	784	0	6	0	784,788,912,916
9965	8856	2	2	6	0	0	0	6	14	94	5	24	21204	788	0	6	0	788,912
9965	8865	2	3	6	0	0	0	6	17	86	4	25	11562	229	0	6	0	792,794,920
9965	8866	2	2	6	0	0	0	3	17	86	4	25	30832	920	0	6	0	920,968
9965	8868	2	2	6	0	0	0	5	15	94	5	25	21204	792	0	6	0	792,920
9965	8872	1	1	7	0	0	0	3	17	77	4	25	30832	920	0	7	0	920
9965	8880	2	2	6	0	0	0	5	17	236	5	25	30824	920	0	6	0	912,920
9965	8897	2	8	6	0	0	0	10	21	3	2	25	11050	181	0	6	0	294,728,778,842,904,920,968,984
9965	8898	2	5	6	0	0	0	4	19	13	3	25	19634	728	0	6	0	728,904,920,968,984
9965	8900	1	2	7	0	0	0	1	21	3	2	25	30928	904	0	7	0	904,968
9965	8904	1	2	7	0	0	0	3	21	3	2	25	30832	920	0	7	0	904,920
9965	8912	2	6	6	0	0	0	6	19	13	3	25	30824	920	0	6	0	896,904,912,920,960,976
9965	8928	1	2	7	0	0	0	3	18	77	4	26	30832	912	0	7	0	912,976
9965	8963	1	1	7	0	0	0	4	20	3	2	24	13004	307	0	7	0	716
9965	8965	1	1	7	0	0	0	4	20	3	2	24	11562	203	0	7	0	820
9965	8966	2	2	6	0	0	0	6	20	3	2	24	19762	716	0	6	0	716,820
9965	8969	1	4	7	0	0	0	10	22	1	1	24	11562	201	0	7	0	306,310,818,822
9965	8970	1	2	7	0	0	0	7	22	1	1	24	19762	716	0	7	0	712,716
9965	8972	1	2	7	0	0	0	7	22	1	1	24	21204	820	0	7	0	816,820
9965	8977	2	2	6	0	0	0	8	16	77	4	24	11562	205	0	6	0	310,818
9965	8978	2	1	6	0	0	0	5	16	77	4	24	19762	712	0	6	0	712
9965	8980	2	1	6	0	0	0	5	16	77	4	24	21204	816	0	6	0	816
9965	8984	2	2	6	0	0	0	8	16	75	4	24	19762	714	0	6	0	714,820
9965	8993	2	5	6	0	0	0	11	21	12	2	25	11562	197	0	6	0	278,310,824,826,916
9965	8994	2	6	6	0	0	0	8	21	12	2	25	19634	744	0	6	0	712,744,900,916,968,1000
9965	8996	2	2	6	0	0	0	5	19	13	3	25	21204	824	0	6	0	824,916
9965	9000	1	2	7	0	0	0	4	23	1	1	25	30824	912	0	7	0	912,920
9965	9008	2	1	6	0	0	0	3	17	77	4	25	30824	920	0	6	0	920
9965	9025	2	5	6	0	0	0	11	21	12	2	25	11050	149	0	6	0	294,728,810,874,916
9965	9026	2	2	6	0	0	0	5	19	13	3	25	19762	728	0	6	0	728,916
9965	9028	2	6	6	0	0	0	8	21	12	2	25	21204	808	0	6	0	808,872,900,916,936,1000
9965	9032	1	2	7	0	0	0	4	23	1	1	25	30824	912	0	7	0	912,920
9965	9040	2	1	6	0	0	0	3	17	77	4	25	30824	920	0	6	0	920
9965	9056	1	1	7	0	0	0	3	20	13	3	26	30824	904	0	7	0	904
9965	9089	1	1	7	0	0	0	5	19	13	3	25	13004	294	0	7	0	294
9965	9090	1	1	7	0	0	0	4	19	13	3	25	19634	728	0	7	0	728
9965	9092	2	5	6	0	0	0	10	19	13	3	25	19634	730	0	6	0	730,804,808,932,936
9965	9096	2	6	6	0	0	0	11	19	11	3	25	19634	730	0	6	0	722,730,804,812,928,936
9965	9104	2	1	6	0	0	0	4	15	94	5	25	19634	722	0	6	0	722
9965	9120	2	4	6	0	0	0	8	18	77	4	26	19634	722	0	6	0	722,936,944,976
9965	9152	2	8	6	0	0	0	10	20	13	3	26	19634	754	0	6	0	752,754,904,912,936,944,976,1008
9965	9223	2	2	6	0	0	0	6	15	75	4	23	11050	229	0	6	0	794,858
9965	9227	2	2	6	0	0	0	8	15	77	4	23	13004	345	0	6	0	676,678
9965	9229	2	3	6	0	0	0	10	15	77	4	23	11050	229	0	6	0	794,856,858
9965	9230	3	7	5	1	0	0	17	15	77	4	23	19762	678	0	5	0	676,678,794,856,858,902,922
9965	9235	2	3	6	0	0	0	12	15	75	4	23	11562	166	0	6	0	166,676,678
9965	9237	1	1	7	0	0	0	6	15	75	4	23	11562	167	0	7	0	856
9965	9238	2	1	6	0	0	0	5	15	75	4	23	21204	856	0	6	0	856
9965	9241	2	2	6	0	0	0	10	13	94	5	23	11562	165	0	6	0	346,858
9965	9242	2	1	6	0	0	0	7	13	94	5	23	19762	676	0	6	0	676
9965	9244	2	1	6	0	0	0	7	13	94	5	23	21204	856	0	6	0	856
9965	9251	2	4	6	0	0	0	3	18	11	3	24	11050	226	0	6	0	226,796,916,924
9965	9253	1	1	7	0	0	0	2	16	77	4	24	11050	227	0	7	0	796
9965	9254	2	3	6	0	0	0	2	16	77	4	24	21716	796	0	6	0	796,916,924
9965	9257	2	4	6	0	0	0	5	18	13	3	24	11050	225	0	6	0	796,798,908,924
9965	9258	2	4	6	0	0	0	4	18	13	3	24	30832	908	0	6	0	900,908,916,924
9965	9260	2	3	6	0	0	0	4	16	86	4	24	21716	796	0	6	0	796,908,924
9965	9265	2	5	6	0	0	0	9	18	11	3	24	11050	229	0	6	0	792,794,856,858,920
9965	9266	2	2	6	0	0	0	1	18	11	3	24	30928	920	0	6	0	912,920
9965	9268	2	3	6	0	0	0	7	16	77	4	24	21204	856	0	6	0	792,856,920
9965	9272	2	2	6	0	0	0	4	16	30	4	24	30824	904	0	6	0	904,920
9965	9283	3	9	5	1	0	0	16	14	94	5	24	11050	234	0	5	0	170,234,652,668,682,684,908,916,924
9965	9285	2	3	6	0	0	0	7	16	77	4	24	11050	235	0	6	0	788,852,916
9965	9286	2	1	6	0	0	0	1	14	94	5	24	30928	916	0	6	0	916
9965	9289	2	1	6	0	0	0	3	16	77	4	24	30832	908	0	6	0	908
9965	9290	2	1	6	0	0	0	3	14	94	5	24	30832	908	0	6	0	908
9965	9292	2	2	6	0	0	0	4	16	77	4	24	30832	908	0	6	0	908,916
9965	9297	2	1	6	0	0	0	4	16	77	4	24	11562	173	0	6	0	850
9965	9298	3	7	5	1	0	0	15	14	94	5	24	19762	680	0	5	0	680,684,850,904,908,912,920
9965	9300	2	2	6	0	0	0	6	16	77	4	24	21204	848	0	6	0	848,912
9965	9304	2	1	6	0	0	0	4	14	94	5	24	30824	904	0	6	0	904
9965	9313	1	1	7	0	0	0	1	17	86	4	25	30928	920	0	7	0	920
9965	9314	1	1	7	0	0	0	1	15	94	5	25	30928	920	0	7	0	920
9965	9316	1	1	7	0	0	0	1	17	236	5	25	30928	920	0	7	0	920
9965	9320	1	2	7	0	0	0	4	17	77	4	25	30832	904	0	7	0	904,920
9965	9328	1	1	7	0	0	0	1	17	86	4	25	30928	912	0	7	0	912
9965	9347	2	3	6	0	0	0	7	16	75	4	24	13004	339	0	6	0	652,684,908
9965	9349	2	3	6	0	0	0	7	16	75	4	24	11050	235	0	6	0	788,852,916
9965	9350	2	2	6	0	0	0	2	16	75	4	24	30928	916	0	6	0	908,916
9965	9353	3	9	5	1	0	0	18	14	94	5	24	11050	233	0	5	0	338,342,370,790,850,854,908,916,924
9965	9354	2	1	6	0	0	0	1	14	94	5	24	31792	908	0	6	0	908
9965	9356	2	1	6	0	0	0	1	14	94	5	24	30928	916	0	6	0	916
9965	9361	2	2	6	0	0	0	8	16	75	4	24	11562	173	0	6	0	342,850
9965	9362	2	2	6	0	0	0	6	16	75	4	24	19762	680	0	6	0	680,904
9965	9364	2	2	6	0	0	0	6	16	75	4	24	21204	848	0	6	0	848,912
9965	9368	3	5	5	1	0	0	13	12	222	6	24	19762	682	0	5	0	682,852,904,912,920
9965	9377	1	1	7	0	0	0	2	17	77	4	25	30832	920	0	7	0	920
9965	9378	1	2	7	0	0	0	3	17	77	4	25	30832	920	0	7	0	904,920
9965	9380	1	1	7	0	0	0	2	15	94	5	25	30832	920	0	7	0	920
9965	9384	1	1	7	0	0	0	3	15	94	5	25	30832	920	0	7	0	920
9965	9392	1	1	7	0	0	0	2	17	77	4	25	30832	912	0	7	0	912
9965	9409	1	1	7	0	0	0	2	17	77	4	25	30832	920	0	7	0	920
9965	9410	1	1	7	0	0	0	2	15	94	5	25	30832	920	0	7	0	920
9965	9412	1	2	7	0	0	0	3	17	77	4	25	30832	920	0	7	0	904,920
9965	9416	1	1	7	0	0	0	3	15	94	5	25	30832	920	0	7	0	920
9965	9424	1	1	7	0	0	0	2	17	77	4	25	30832	912	0	7	0	912
9965	9440	0	1	8	0	0	0	3	18	236	5	26	30832	912	0	8	0	912
9965	9475	1	1	7	0	0	0	4	18	11	3	24	13004	371	0	7	0	652
9965	9477	2	4	6	0	0	0	11	18	11	3	24	11050	203	0	6	0	370,820,880,884
9965	9478	2	2	6	0	0	0	4	18	11	3	24	19762	652	0	6	0	652,908
9965	9481	1	1	7	0	0	0	3	18	13	3	24	13004	370	0	7	0	370
9965	9482	1	2	7	0	0	0	4	18	13	3	24	19762	652	0	7	0	652,908
9965	9484	2	3	6	0	0	0	7	18	13	3	24	19762	654	0	6	0	654,880,908
9965	9489	2	3	6	0	0	0	9	16	77	4	24	11562	141	0	6	0	370,374,882
9965	9490	2	4	6	0	0	0	9	16	77	4	24	19762	648	0	6	0	648,652,904,908
9965	9492	2	1	6	0	0	0	5	16	77	4	24	21204	880	0	6	0	880
9965	9496	2	2	6	0	0	0	6	14	94	5	24	19762	650	0	6	0	650,904
9965	9505	2	8	6	0	0	0	10	21	3	2	25	11050	197	0	6	0	342,374,824,826,904,920,936,952
9965	9506	1	2	7	0	0	0	1	21	3	2	25	31792	904	0	7	0	904,936
9965	9508	2	5	6	0	0	0	4	19	13	3	25	21716	824	0	6	0	824,904,920,936,952
9965	9512	1	2	7	0	0	0	3	21	3	2	25	30832	920	0	7	0	904,920
9965	9520	2	6	6	0	0	0	6	19	13	3	25	30824	920	0	6	0	896,904,912,920,928,944
9965	9537	2	3	6	0	0	0	6	17	86	4	25	13004	358	0	6	0	358,664,920
9965	9538	2	2	6	0	0	0	5	15	94	5	25	19762	664	0	6	0	664,920
9965	9540	2	2	6	0	0	0	3	17	86	4	25	30832	920	0	6	0	920,936
9965	9544	1	1	7	0	0	0	3	17	77	4	25	30832	920	0	7	0	920
9965	9552	2	2	6	0	0	0	5	17	236	5	25	30824	920	0	6	0	912,920
9965	9568	1	2	7	0	0	0	3	18	77	4	26	30832	912	0	7	0	912,944
9965	9601	1	1	7	0	0	0	5	17	77	4	25	13004	358	0	7	0	358
9965	9602	1	2	7	0	0	0	5	17	77	4	25	19634	664	0	7	0	664,920
9965	9604	2	3	6	0	0	0	5	17	77	4	25	19634	666	0	6	0	666,920,936
9965	9608	2	2	6	0	0	0	4	15	94	5	25	19634	666	0	6	0	666,920
9965	9616	2	2	6	0	0	0	5	15	94	5	25	19634	658	0	6	0	658,912
9965	9632	1	2	7	0	0	0	3	18	77	4	26	30832	944	0	7	0	912,944
9965	9664	1	1	7	0	0	0	2	18	236	5	26	30832	944	0	7	0	944
9965	9731	1	1	7	0	0	0	5	16	77	4	24	11050	202	0	7	0	202
9965	9733	0	1	8	0	0	0	6	16	77	4	24	11050	203	0	8	0	820
9965	9734	1	1	7	0	0	0	4	16	77	4	24	21204	820	0	7	0	820
9965	9737	1	1	7	0	0	0	5	16	77	4	24	11050	201	0	7	0	822
9965	9738	2	2	6	0	0	0	7	16	77	4	24	21204	822	0	6	0	712,822
9965	9740	1	1	7	0	0	0	4	16	77	4	24	21204	820	0	7	0	820
9965	9745	1	1	7	0	0	0	6	14	94	5	24	11050	205	0	7	0	818
9965	9746	2	1	6	0	0	0	4	14	94	5	24	21204	818	0	6	0	818
9965	9748	1	1	7	0	0	0	6	14	94	5	24	21204	816	0	7	0	816
9965	9752	2	1	6	0	0	0	5	12	222	6	24	21204	820	0	6	0	820
9965	9761	1	2	7	0	0	0	6	17	86	4	25	11050	197	0	7	0	824,826
9965	9762	2	4	6	0	0	0	5	17	86	4	25	21204	826	0	6	0	824,826,936,952
9965	9764	1	1	7	0	0	0	4	17	236	5	25	21204	824	0	7	0	824
9965	9768	2	4	6	0	0	0	7	17	77	4	25	21204	828	0	6	0	824,828,920,952
9965	9776	2	3	6	0	0	0	7	15	94	5	25	21204	820	0	6	0	816,820,944
9965	9793	1	1	7	0	0	0	5	17	77	4	25	11050	213	0	7	0	810
9965	9794	2	2	6	0	0	0	4	15	94	5	25	21204	810	0	6	0	810,936
9965	9796	1	2	7	0	0	0	5	17	77	4	25	21204	808	0	7	0	808,936
9965	9800	2	3	6	0	0	0	7	17	75	4	25	21204	812	0	6	0	812,920,936
9965	9808	2	2	6	0	0	0	5	15	94	5	25	21204	804	0	6	0	804,928
9965	9824	1	1	7	0	0	0	1	16	94	5	26	30928	944	0	7	0	944
9965	9857	1	1	7	0	0	0	5	17	77	4	25	11050	213	0	7	0	810
9965	9858	2	3	6	0	0	0	5	17	77	4	25	21204	810	0	6	0	810,920,936
9965	9860	1	2	7	0	0	0	5	17	77	4	25	21204	808	0	7	0	808,936
9965	9864	2	2	6	0	0	0	4	15	94	5	25	21204	812	0	6	0	812,936
9965	9872	2	2	6	0	0	0	5	15	94	5	25	21204	804	0	6	0	804,928
9965	9888	1	1	7	0	0	0	2	18	236	5	26	30832	944	0	7	0	944
9965	9920	1	2	7	0	0	0	3	18	77	4	26	30832	944	0	7	0	912,944
9965	9985	1	1	7	0	0	0	5	19	13	3	25	11050	149	0	7	0	874
9965	9986	2	5	6	0	0	0	10	19	13	3	25	19762	664	0	6	0	660,664,874,916,920
9965	9988	1	1	7	0	0	0	4	19	13	3	25	21204	872	0	7	0	872
9965	9992	2	6	6	0	0	0	11	19	11	3	25	19762	666	0	6	0	658,666,868,876,912,920
9965	10000	2	1	6	0	0	0	4	15	94	5	25	21204	868	0	6	0	868
9965	10016	2	8	6	0	0	0	10	20	13	3	26	21204	884	0	6	0	880,884,904,912,936,944,976,1008
9965	10048	2	4	6	0	0	0	8	18	77	4	26	21204	852	0	6	0	852,936,944,976
9965	10112	2	4	6	0	0	0	8	18	86	4	26	19634	690	0	6	0	690,852,944,976
9965	10247	3	5	5	1	0	0	13	13	94	5	23	11050	101	0	5	0	662,678,794,858,922
9965	10251	2	2	6	0	0	0	8	17	13	3	23	13004	345	0	6	0	676,678
9965	10253	2	3	6	0	0	0	9	15	30	4	23	11562	165	0	6	0	794,856,858
9965	10254	2	3	6	0	0	0	8	17	13	3	23	21204	858	0	6	0	794,856,858
9965	10259	2	1	6	0	0	0	6	15	77	4	23	13004	347	0	6	0	676
9965	10261	2	1	6	0	0	0	6	13	94	5	23	11562	167	0	6	0	856
9965	10262	2	1	6	0	0	0	5	15	77	4	23	21204	856	0	6	0	856
9965	10265	2	3	6	0	0	0	13	15	86	4	23	11562	165	0	6	0	346,856,858
9965	10266	2	4	6	0	0	0	15	17	13	3	23	13004	346	0	6	0	346,676,856,858
9965	10268	1	1	7	0	0	0	7	15	86	4	23	21204	856	0	7	0	856
9965	10275	2	5	6	0	0	0	3	18	13	3	24	13132	363	0	6	0	660,668,796,916,924
9965	10277	2	2	6	0	0	0	3	14	94	5	24	11050	99	0	6	0	796,924
9965	10278	2	3	6	0	0	0	2	16	77	4	24	21716	924	0	6	0	796,916,924
9965	10281	1	1	7	0	0	0	1	20	3	2	24	30928	796	0	7	0	796
9965	10282	1	1	7	0	0	0	1	22	1	1	24	30928	796	0	7	0	796
9965	10284	1	1	7	0	0	0	1	18	11	3	24	30928	796	0	7	0	796
9965	10289	2	3	6	0	0	0	3	18	13	3	24	29376	856	0	6	0	792,856,920
9965	10290	2	4	6	0	0	0	3	20	3	2	24	29376	856	0	6	0	792,856,912,920
9965	10292	2	3	6	0	0	0	7	16	77	4	24	21204	856	0	6	0	792,856,920
9965	10296	1	2	7	0	0	0	4	20	3	2	24	29376	856	0	7	0	792,856
9965	10307	2	1	6	0	0	0	2	16	236	5	24	13132	355	0	6	0	668
9965	10309	2	1	6	0	0	0	2	14	94	5	24	11050	107	0	6	0	916
9965	10310	2	1	6	0	0	0	1	16	236	5	24	21716	916	0	6	0	916
9965	10313	3	20	5	1	0	0	24	18	13	3	24	11050	105	0	5	0	338,342,354,370,652,668,680,684,780,788,790,796,848,850,852,854,908,916,918,924
9965	10314	3	20	5	1	0	0	22	18	13	3	24	13004	338	0	5	0	338,342,354,370,652,668,680,684,780,788,790,796,848,850,852,854,908,916,918,924
9965	10316	2	4	6	0	0	0	9	18	13	3	24	21204	852	0	6	0	788,848,852,916
9965	10321	3	9	5	1	0	0	16	16	86	4	24	11050	109	0	5	0	342,358,664,680,848,850,912,914,920
9965	10322	3	9	5	1	0	0	14	16	86	4	24	13004	342	0	5	0	342,358,664,680,848,850,912,914,920
9965	10324	2	2	6	0	0	0	6	16	86	4	24	21204	848	0	6	0	848,912
9965	10328	2	2	6	0	0	0	7	18	76	3	24	21204	852	0	6	0	848,852
9965	10337	1	1	7	0	1	1	0	17	86	4	25	11050	103	4	6	1	920
9965	10338	1	1	7	0	1	1	0	17	77	4	25	19634	920	4096	6	1	920
9965	10340	1	1	7	0	0	0	1	15	94	5	25	21716	920	0	7	0	920
9965	10344	1	2	7	0	0	0	1	21	3	2	25	30928	792	0	7	0	792,920
9965	10352	1	1	7	0	1	1	0	19	76	3	25	21716	912	4	6	1	912
9965	10371	2	2	6	0	0	0	6	14	94	5	24	13004	339	0	6	0	652,684
9965	10373	3	6	5	1	0	0	15	12	222	6	24	11050	107	0	5	0	338,370,788,850,852,916
9965	10374	3	9	5	1	0	0	15	14	94	5	24	13004	338	0	5	0	338,370,652,684,788,850,852,908,916
9965	10377	3	10	5	1	0	0	19	14	94	5	24	11562	169	0	5	0	338,342,370,788,790,796,848,850,852,854
9965	10378	3	14	5	1	0	0	22	16	77	4	24	13004	338	0	5	0	338,342,370,652,680,684,788,790,796,848,850,852,854,908
9965	10380	2	3	6	0	0	0	9	14	94	5	24	21204	852	0	6	0	788,848,852
9965	10385	2	1	6	0	0	0	4	14	94	5	24	13004	342	0	6	0	342
9965	10386	2	2	6	0	0	0	6	16	77	4	24	13004	342	0	6	0	342,680
9965	10388	2	2	6	0	0	0	8	14	94	5	24	21204	848	0	6	0	848,852
9965	10392	2	2	6	0	0	0	8	14	94	5	24	21204	852	0	6	0	848,852
9965	10401	2	2	6	0	0	0	2	15	94	5	25	30832	792	0	6	0	792,920
9965	10402	2	3	6	0	0	0	3	17	77	4	25	30832	792	0	6	0	792,904,920
9965	10404	2	2	6	0	0	0	3	13	222	6	25	21716	920	0	6	0	792,920
9965	10408	1	1	7	0	0	0	3	17	75	4	25	30832	792	0	7	0	792
9965	10416	2	5	6	0	0	0	8	17	77	4	25	29376	848	0	6	0	784,792,848,856,912
9965	10433	2	3	6	0	0	0	3	15	94	5	25	13132	358	0	6	0	358,664,920
9965	10434	2	3	6	0	0	0	3	17	236	5	25	13132	358	0	6	0	358,664,920
9965	10436	2	2	6	0	0	0	2	15	94	5	25	21716	904	0	6	0	904,920
9965	10440	2	2	6	0	0	0	3	17	77	4	25	30832	792	0	6	0	792,920
9965	10448	2	1	6	0	0	0	1	17	86	4	25	31792	912	0	6	0	912
9965	10464	1	1	7	0	0	0	1	16	94	5	26	31792	912	0	7	0	912
9965	10499	1	2	7	0	0	0	6	18	13	3	24	13004	371	0	7	0	652,684
9965	10501	2	2	6	0	0	0	5	16	30	4	24	13004	370	0	6	0	338,370
9965	10502	2	4	6	0	0	0	6	18	13	3	24	13004	370	0	6	0	338,370,652,684
9965	10505	1	1	7	0	0	0	3	20	3	2	24	13004	370	0	7	0	370
9965	10506	1	2	7	0	0	0	4	22	1	1	24	13004	370	0	7	0	370,652
9965	10508	1	1	7	0	0	0	4	20	3	2	24	29376	880	0	7	0	880
9965	10513	2	2	6	0	0	0	6	16	86	4	24	13004	374	0	6	0	342,374
9965	10514	2	4	6	0	0	0	8	18	13	3	24	13004	374	0	6	0	342,374,648,680
9965	10516	2	1	6	0	0	0	5	16	86	4	24	21204	880	0	6	0	880
9965	10520	2	4	6	0	0	0	12	18	11	3	24	13004	372	0	6	0	372,650,880,884
9965	10529	1	1	7	0	0	0	2	21	3	2	25	13132	342	0	7	0	342
9965	10530	1	3	7	0	0	0	2	23	1	1	25	13132	342	0	7	0	342,680,936
9965	10532	2	6	6	0	0	0	5	19	11	3	25	13132	340	0	6	0	340,682,824,852,936,952
9965	10536	1	4	7	0	0	0	6	25	0	0	25	29376	880	0	7	0	792,824,848,880
9965	10544	2	8	6	0	0	0	8	21	3	2	25	13132	348	0	6	0	348,674,792,816,856,880,928,944
9965	10561	2	4	6	0	0	0	6	17	86	4	25	13004	358	0	6	0	326,358,664,696
9965	10562	2	4	6	0	0	0	6	17	77	4	25	13004	358	0	6	0	326,358,664,696
9965	10564	2	1	6	0	0	0	1	17	86	4	25	21716	936	0	6	0	936
9965	10568	2	8	6	0	0	0	11	21	3	2	25	13004	356	0	6	0	356,358,664,666,792,864,868,920
9965	10576	3	15	5	1	0	0	18	17	86	4	25	13004	364	0	5	0	332,334,364,366,656,658,688,690,792,864,868,912,928,932,944
9965	10592	1	1	7	0	1	1	0	20	11	3	26	21716	944	4	6	1	944
9965	10625	1	1	7	0	0	0	5	15	94	5	25	13004	358	0	7	0	358
9965	10626	1	2	7	0	0	0	6	17	77	4	25	13004	358	0	7	0	358,664
9965	10628	2	3	6	0	0	0	8	15	94	5	25	13004	356	0	6	0	356,666,868
9965	10632	2	4	6	0	0	0	10	17	75	4	25	13004	356	0	6	0	356,666,864,868
9965	10640	2	2	6	0	0	0	6	15	94	5	25	13004	364	0	6	0	364,658
9965	10656	2	6	6	0	0	0	10	18	75	4	26	13004	364	0	6	0	364,658,816,872,912,944
9965	10688	2	5	6	0	0	0	7	16	94	5	26	13004	332	0	6	0	332,334,688,690,944
9965	10755	2	2	6	0	0	0	5	16	86	4	24	11562	202	0	6	0	202,820
9965	10757	1	1	7	0	0	0	5	14	94	5	24	11562	203	0	7	0	820
9965	10758	1	1	7	0	0	0	4	16	86	4	24	21204	820	0	7	0	820
9965	10761	1	2	7	0	0	0	5	18	13	3	24	11562	201	0	7	0	820,822
9965	10762	1	2	7	0	0	0	4	20	12	2	24	21204	822	0	7	0	820,822
9965	10764	0	1	8	0	0	0	4	18	13	3	24	21204	820	0	8	0	820
9965	10769	2	2	6	0	0	0	7	16	236	5	24	11562	205	0	6	0	816,818
9965	10770	2	2	6	0	0	0	6	16	86	4	24	21204	818	0	6	0	816,818
9965	10772	1	1	7	0	0	0	6	16	236	5	24	21204	816	0	7	0	816
9965	10776	1	2	7	0	0	0	8	16	77	4	24	21204	820	0	7	0	816,820
9965	10785	1	1	7	0	0	0	2	17	86	4	25	29392	824	0	7	0	824
9965	10786	1	1	7	0	0	0	2	19	76	3	25	29392	824	0	7	0	824
9965	10788	1	1	7	0	0	0	4	15	94	5	25	21204	824	0	7	0	824
9965	10792	0	1	8	0	0	0	2	21	3	2	25	29392	824	0	8	0	824
9965	10800	1	1	7	0	0	0	3	17	77	4	25	29376	816	0	7	0	816
9965	10817	2	4	6	0	0	0	7	17	77	4	25	11050	85	0	6	0	808,810,936,938
9965	10818	2	4	6	0	0	0	5	17	86	4	25	21204	810	0	6	0	808,810,936,938
9965	10820	1	2	7	0	0	0	5	17	77	4	25	21204	808	0	7	0	808,936
9965	10824	1	2	7	0	0	0	4	21	3	2	25	21204	812	0	7	0	808,812
9965	10832	2	4	6	0	0	0	7	17	86	4	25	21204	804	0	6	0	800,804,928,932
9965	10848	1	2	7	0	0	0	2	18	30	4	26	29392	816	0	7	0	816,944
9965	10881	2	2	6	0	0	0	5	15	94	5	25	11562	213	0	6	0	808,810
9965	10882	2	2	6	0	0	0	4	17	86	4	25	21204	810	0	6	0	808,810
9965	10884	1	1	7	0	0	0	4	15	94	5	25	21204	808	0	7	0	808
9965	10888	1	2	7	0	0	0	4	17	77	4	25	21204	812	0	7	0	808,812
9965	10896	2	4	6	0	0	0	9	17	236	5	25	21204	804	0	6	0	800,804,808,812
9965	10912	1	1	7	0	0	0	3	16	94	5	26	29392	816	0	7	0	816
9965	10944	2	6	6	0	0	0	7	18	77	4	26	21204	788	0	6	0	784,788,816,912,916,944
9965	11009	2	4	6	0	0	0	10	19	13	3	25	11562	149	0	6	0	294,358,872,874
9965	11010	2	6	6	0	0	0	10	21	12	2	25	13004	358	0	6	0	294,358,664,728,872,874
9965	11012	1	1	7	0	0	0	4	19	13	3	25	21204	872	0	7	0	872
9965	11016	1	4	7	0	0	0	8	23	1	1	25	21204	876	0	7	0	864,868,872,876
9965	11024	2	2	6	0	0	0	6	17	77	4	25	21204	868	0	6	0	864,868
9965	11040	1	2	7	0	0	0	4	22	3	2	26	29392	880	0	7	0	808,880
9965	11072	2	5	6	0	0	0	7	20	13	3	26	21204	852	0	6	0	808,848,852,976,980
9965	11136	2	6	6	0	0	0	12	18	77	4	26	13004	332	0	6	0	332,690,840,844,848,852
9965	11267	2	2	6	0	0	0	3	16	77	4	24	11050	202	0	6	0	202,820
9965	11269	1	1	7	0	0	0	3	14	94	5	24	11050	203	0	7	0	820
9965	11270	1	1	7	0	0	0	2	16	77	4	24	21716	820	0	7	0	820
9965	11273	2	2	6	0	0	0	3	16	86	4	24	11050	201	0	6	0	820,822
9965	11274	2	2	6	0	0	0	2	18	13	3	24	21716	822	0	6	0	820,822
9965	11276	1	1	7	0	0	0	2	16	86	4	24	21716	820	0	7	0	820
9965	11281	2	4	6	0	0	0	9	16	77	4	24	11050	205	0	6	0	816,818,944,946
9965	11282	2	4	6	0	0	0	7	18	11	3	24	21204	946	0	6	0	816,818,944,946
9965	11284	1	2	7	0	0	0	7	16	77	4	24	21204	944	0	7	0	816,944
9965	11288	2	4	6	0	0	0	9	16	30	4	24	21204	948	0	6	0	816,820,944,948
9965	11297	0	1	8	0	0	0	1	19	13	3	25	30928	824	0	8	0	824
9965	11298	0	1	8	0	0	0	1	21	3	2	25	30928	824	0	8	0	824
9965	11300	0	1	8	0	0	0	2	17	77	4	25	21716	824	0	8	0	824
9965	11304	0	1	8	0	0	0	1	21	3	2	25	30928	824	0	8	0	824
9965	11312	0	1	8	0	0	0	1	21	3	2	25	30928	816	0	8	0	816
9965	11329	2	3	6	0	0	0	3	17	236	5	25	11050	213	0	6	0	808,810,824
9965	11330	2	3	6	0	0	0	2	15	94	5	25	21716	810	0	6	0	808,810,824
9965	11332	1	1	7	0	0	0	2	17	236	5	25	21716	808	0	7	0	808
9965	11336	2	4	6	0	0	0	5	17	77	4	25	21716	812	0	6	0	792,808,812,824
9965	11344	2	5	6	0	0	0	7	17	86	4	25	21204	932	0	6	0	800,804,816,928,932
9965	11360	0	1	8	0	0	0	1	18	77	4	26	30928	816	0	8	0	816
9965	11393	2	3	6	0	0	0	4	15	94	5	25	11050	213	0	6	0	808,810,824
9965	11394	2	4	6	0	0	0	4	17	77	4	25	21716	810	0	6	0	792,808,810,824
9965	11396	1	1	7	0	0	0	2	15	94	5	25	21716	808	0	7	0	808
9965	11400	2	3	6	0	0	0	4	15	94	5	25	21716	812	0	6	0	808,812,824
9965	11408	2	5	6	0	0	0	8	17	77	4	25	21204	932	0	6	0	800,804,816,928,932
9965	11424	0	1	8	0	0	0	2	18	77	4	26	30832	816	0	8	0	816
9965	11456	1	1	7	0	0	0	2	18	236	5	26	30832	816	0	7	0	816
9965	11521	2	4	6	0	0	0	8	19	13	3	25	11050	149	0	6	0	422,486,872,874
9965	11522	2	8	6	0	0	0	9	21	3	2	25	13004	486	0	6	0	422,486,536,600,792,856,872,874
9965	11524	1	1	7	0	0	0	2	19	13	3	25	21716	872	0	7	0	872
9965	11528	2	8	6	0	0	0	12	21	3	2	25	13004	484	0	6	0	484,538,792,824,872,876,992,996
9965	11536	2	4	6	0	0	0	7	19	13	3	25	21204	996	0	6	0	864,868,992,996
9965	11552	0	1	8	0	0	0	1	24	1	1	26	30928	880	0	8	0	880
9965	11584	2	4	6	0	0	0	4	18	77	4	26	21716	852	0	6	0	816,848,852,880
9965	11648	2	6	6	0	0	0	9	18	77	4	26	13004	460	0	6	0	460,562,816,848,852,880
9965	11777	1	2	7	0	0	0	7	17	236	5	25	11050	149	0	7	0	872,874
9965	11778	1	2	7	0	0	0	5	17	86	4	25	21204	874	0	7	0	872,874
9965	11780	0	1	8	0	0	0	5	17	236	5	25	21204	872	0	8	0	872
9965	11784	1	2	7	0	0	0	5	17	77	4	25	21204	876	0	7	0	872,876
9965	11792	1	2	7	0	0	0	7	15	94	5	25	21204	868	0	7	0	864,868
9965	11808	0	1	8	0	0	0	2	18	77	4	26	29392	880	0	8	0	880
9965	11840	1	2	7	0	0	0	5	16	94	5	26	21204	852	0	7	0	848,852
9965	11904	1	2	7	0	0	0	5	18	236	5	26	21204	852	0	7	0	848,852
9965	12032	1	2	7	0	0	0	5	20	13	3	26	21204	980	0	7	0	976,980
9965	12295	3	5	5	1	0	0	13	13	94	5	23	11050	357	0	5	0	602,666,902,918,934
9965	12299	2	3	6	0	0	0	9	15	30	4	23	13004	89	0	6	0	902,932,934
9965	12301	2	2	6	0	0	0	8	17	13	3	23	11562	421	0	6	0	600,602
9965	12302	2	3	6	0	0	0	8	17	13	3	23	19762	934	0	6	0	902,932,934
9965	12307	2	1	6	0	0	0	6	13	94	5	23	13004	91	0	6	0	932
9965	12309	2	1	6	0	0	0	6	15	77	4	23	11562	423	0	6	0	600
9965	12310	2	1	6	0	0	0	5	15	77	4	23	19762	932	0	6	0	932
9965	12313	2	3	6	0	0	0	13	15	86	4	23	11562	421	0	6	0	90,602,932
9965	12314	1	1	7	0	0	0	7	15	86	4	23	19762	932	0	7	0	932
9965	12316	2	4	6	0	0	0	15	17	13	3	23	11562	422	0	6	0	422,600,932,934
9965	12323	2	1	6	0	0	0	2	14	94	5	24	13132	107	0	6	0	916
9965	12325	2	1	6	0	0	0	2	16	236	5	24	11050	355	0	6	0	668
9965	12326	2	1	6	0	0	0	1	16	236	5	24	19634	916	0	6	0	916
9965	12329	3	20	5	1	0	0	24	18	13	3	24	11050	353	0	5	0	90,94,106,122,540,542,600,602,604,606,668,670,780,796,900,908,916,924,928,932
9965	12330	2	4	6	0	0	0	9	18	13	3	24	19634	916	0	6	0	900,916,928,932
9965	12332	3	20	5	1	0	0	22	18	13	3	24	11050	354	0	5	0	354,418,422,482,540,600,604,668,780,796,900,902,908,916,918,924,928,930,932,934
9965	12337	3	9	5	1	0	0	16	16	86	4	24	11050	357	0	5	0	94,110,600,602,664,666,912,920,928
9965	12338	2	2	6	0	0	0	6	16	86	4	24	19634	912	0	6	0	912,928
9965	12340	3	9	5	1	0	0	14	16	86	4	24	11050	358	0	5	0	358,422,600,664,912,914,920,928,930
9965	12344	2	2	6	0	0	0	7	18	76	3	24	19762	930	0	6	0	928,930
9965	12355	2	2	6	0	0	0	3	14	94	5	24	13132	99	0	6	0	908,924
9965	12357	2	5	6	0	0	0	3	18	13	3	24	11050	363	0	6	0	660,668,908,916,924
9965	12358	2	3	6	0	0	0	2	16	77	4	24	19634	924	0	6	0	908,916,924
9965	12361	1	1	7	0	0	0	1	20	3	2	24	31792	908	0	7	0	908
9965	12362	1	1	7	0	0	0	1	18	11	3	24	31792	908	0	7	0	908
9965	12364	1	1	7	0	0	0	1	22	1	1	24	31792	908	0	7	0	908
9965	12369	2	3	6	0	0	0	3	18	13	3	24	27936	936	0	6	0	904,920,936
9965	12370	2	3	6	0	0	0	7	16	77	4	24	19634	920	0	6	0	904,920,936
9965	12372	2	4	6	0	0	0	3	20	3	2	24	27936	936	0	6	0	904,912,920,936
9965	12376	1	2	7	0	0	0	4	20	3	2	24	27936	936	0	7	0	904,936
9965	12385	1	1	7	0	1	1	0	17	86	4	25	13132	103	2	6	1	920
9965	12386	1	1	7	0	0	0	1	15	94	5	25	19634	920	0	7	0	920
9965	12388	1	1	7	0	1	1	0	17	77	4	25	19634	920	2	6	1	920
9965	12392	1	2	7	0	0	0	1	21	3	2	25	31792	904	0	7	0	904,920
9965	12400	1	1	7	0	1	1	0	19	76	3	25	19634	912	2	6	1	912
9965	12419	1	1	7	0	0	0	3	14	94	5	24	13132	115	0	7	0	908
9965	12421	2	2	6	0	0	0	3	16	77	4	24	13132	114	0	6	0	114,908
9965	12422	1	1	7	0	0	0	2	16	77	4	24	19634	908	0	7	0	908
9965	12425	2	2	6	0	0	0	3	16	86	4	24	13132	114	0	6	0	114,908
9965	12426	1	1	7	0	0	0	2	16	86	4	24	19634	908	0	7	0	908
9965	12428	2	2	6	0	0	0	2	18	13	3	24	19634	910	0	6	0	908,910
9965	12433	2	4	6	0	0	0	9	16	77	4	24	13004	86	0	6	0	86,118,904,936
9965	12434	1	2	7	0	0	0	7	16	77	4	24	19634	904	0	7	0	904,936
9965	12436	2	4	6	0	0	0	7	18	11	3	24	19634	906	0	6	0	904,906,936,938
9965	12440	2	4	6	0	0	0	9	16	30	4	24	19634	906	0	6	0	904,906,936,938
9965	12449	2	3	6	0	0	0	3	17	236	5	25	13132	118	0	6	0	118,904,920
9965	12450	1	1	7	0	0	0	2	17	236	5	25	19634	904	0	7	0	904
9965	12452	2	3	6	0	0	0	2	15	94	5	25	19634	906	0	6	0	904,906,920
9965	12456	2	4	6	0	0	0	5	17	77	4	25	19634	906	0	6	0	792,904,906,920
9965	12464	2	5	6	0	0	0	7	17	86	4	25	19634	898	0	6	0	896,898,912,928,930
9965	12481	0	1	8	0	0	0	1	19	13	3	25	31792	920	0	8	0	920
9965	12482	0	1	8	0	0	0	2	17	77	4	25	19634	920	0	8	0	920
9965	12484	0	1	8	0	0	0	1	21	3	2	25	31792	920	0	8	0	920
9965	12488	0	1	8	0	0	0	1	21	3	2	25	31792	920	0	8	0	920
9965	12496	0	1	8	0	0	0	1	21	3	2	25	31792	912	0	8	0	912
9965	12512	0	1	8	0	0	0	1	18	77	4	26	31792	912	0	8	0	912
9965	12547	1	1	7	0	0	0	5	14	94	5	24	13004	115	0	7	0	908
9965	12549	2	2	6	0	0	0	5	16	86	4	24	13004	114	0	6	0	114,908
9965	12550	1	1	7	0	0	0	4	16	86	4	24	19762	908	0	7	0	908
9965	12553	1	2	7	0	0	0	5	18	13	3	24	13004	114	0	7	0	114,908
9965	12554	0	1	8	0	0	0	4	18	13	3	24	19762	908	0	8	0	908
9965	12556	1	2	7	0	0	0	4	20	12	2	24	19762	910	0	7	0	908,910
9965	12561	2	2	6	0	0	0	7	16	236	5	24	13004	118	0	6	0	118,904
9965	12562	1	1	7	0	0	0	6	16	236	5	24	19762	904	0	7	0	904
9965	12564	2	2	6	0	0	0	6	16	86	4	24	19762	906	0	6	0	904,906
9965	12568	1	2	7	0	0	0	8	16	77	4	24	19762	906	0	7	0	904,906
9965	12577	2	4	6	0	0	0	7	17	77	4	25	13004	118	0	6	0	86,118,904,936
9965	12578	1	2	7	0	0	0	5	17	77	4	25	19634	936	0	7	0	904,936
9965	12580	2	4	6	0	0	0	5	17	86	4	25	19634	938	0	6	0	904,906,936,938
9965	12584	1	2	7	0	0	0	4	21	3	2	25	19762	906	0	7	0	904,906
9965	12592	2	4	6	0	0	0	7	17	86	4	25	19634	930	0	6	0	896,898,928,930
9965	12609	1	1	7	0	0	0	2	17	86	4	25	27952	920	0	7	0	920
9965	12610	1	1	7	0	0	0	4	15	94	5	25	19762	920	0	7	0	920
9965	12612	1	1	7	0	0	0	2	19	76	3	25	27952	920	0	7	0	920
9965	12616	0	1	8	0	0	0	2	21	3	2	25	27952	920	0	8	0	920
9965	12624	1	1	7	0	0	0	3	17	77	4	25	27936	912	0	7	0	912
9965	12640	1	2	7	0	0	0	2	18	30	4	26	27952	912	0	7	0	912,944
9965	12673	1	2	7	0	0	0	7	17	236	5	25	13004	102	0	7	0	102,920
9965	12674	0	1	8	0	0	0	5	17	236	5	25	19634	920	0	8	0	920
9965	12676	1	2	7	0	0	0	5	17	86	4	25	19634	922	0	7	0	920,922
9965	12680	1	2	7	0	0	0	5	17	77	4	25	19634	922	0	7	0	920,922
9965	12688	1	2	7	0	0	0	7	15	94	5	25	19634	914	0	7	0	912,914
9965	12704	1	2	7	0	0	0	5	16	94	5	26	19634	914	0	7	0	912,914
9965	12736	0	1	8	0	0	0	2	18	77	4	26	27952	944	0	8	0	944
9965	12803	2	2	6	0	0	0	5	16	30	4	24	11050	330	0	6	0	330,458
9965	12805	1	2	7	0	0	0	6	18	13	3	24	11050	331	0	7	0	564,692
9965	12806	2	4	6	0	0	0	6	18	13	3	24	11050	330	0	6	0	330,458,564,692
9965	12809	1	1	7	0	0	0	3	20	3	2	24	11562	457	0	7	0	566
9965	12810	1	1	7	0	0	0	4	20	3	2	24	27936	968	0	7	0	968
9965	12812	1	2	7	0	0	0	4	22	1	1	24	11562	458	0	7	0	458,564
9965	12817	2	2	6	0	0	0	6	16	86	4	24	11050	333	0	6	0	562,690
9965	12818	2	1	6	0	0	0	5	16	86	4	24	19762	968	0	6	0	968
9965	12820	2	4	6	0	0	0	8	18	13	3	24	11050	334	0	6	0	334,462,560,688
9965	12824	2	4	6	0	0	0	12	18	11	3	24	11562	458	0	6	0	458,564,968,970
9965	12833	2	4	6	0	0	0	6	17	86	4	25	11050	325	0	6	0	568,570,696,698
9965	12834	2	1	6	0	0	0	1	17	86	4	25	19634	936	0	6	0	936
9965	12836	2	4	6	0	0	0	6	17	77	4	25	11050	326	0	6	0	326,454,568,696
9965	12840	2	8	6	0	0	0	11	21	3	2	25	11562	450	0	6	0	450,454,568,572,792,824,960,962
9965	12848	3	15	5	1	0	0	18	17	86	4	25	11050	330	0	5	0	330,334,458,462,560,564,688,692,792,816,928,930,944,960,962
9965	12865	1	1	7	0	0	0	2	21	3	2	25	11050	341	0	7	0	682
9965	12866	2	6	6	0	0	0	5	19	11	3	25	11050	340	0	6	0	340,682,852,920,936,952
9965	12868	1	3	7	0	0	0	2	23	1	1	25	11050	342	0	7	0	342,680,936
9965	12872	1	4	7	0	0	0	6	25	0	0	25	27936	976	0	7	0	792,848,920,976
9965	12880	2	8	6	0	0	0	8	21	3	2	25	11050	346	0	6	0	346,676,792,856,912,928,944,976
9965	12896	1	1	7	0	1	1	0	20	11	3	26	19634	944	2	6	1	944
9965	12929	2	4	6	0	0	0	8	19	13	3	25	11050	341	0	6	0	102,554,682,920
9965	12930	1	1	7	0	0	0	2	19	13	3	25	19634	920	0	7	0	920
9965	12932	2	8	6	0	0	0	9	21	3	2	25	11050	342	0	6	0	342,470,552,680,808,920,922,936
9965	12936	2	8	6	0	0	0	12	21	3	2	25	11562	466	0	6	0	466,556,808,824,920,922,976,978
9965	12944	2	4	6	0	0	0	7	19	13	3	25	19634	914	0	6	0	912,914,976,978
9965	12960	2	4	6	0	0	0	4	18	77	4	26	19634	914	0	6	0	816,912,914,944
9965	12992	0	1	8	0	0	0	1	24	1	1	26	31792	944	0	8	0	944
9965	13057	2	4	6	0	0	0	10	19	13	3	25	11050	277	0	6	0	102,618,746,920
9965	13058	1	1	7	0	0	0	4	19	13	3	25	19762	920	0	7	0	920
9965	13060	2	6	6	0	0	0	10	21	12	2	25	11050	278	0	6	0	278,406,616,744,920,922
9965	13064	1	4	7	0	0	0	8	23	1	1	25	19762	922	0	7	0	912,914,920,922
9965	13072	2	2	6	0	0	0	6	17	77	4	25	19762	914	0	6	0	912,914
9965	13088	2	5	6	0	0	0	7	20	13	3	26	19634	978	0	6	0	808,912,914,976,978
9965	13120	1	2	7	0	0	0	4	22	3	2	26	27952	944	0	7	0	808,944
9965	13184	1	2	7	0	0	0	5	20	13	3	26	19634	946	0	7	0	944,946
9965	13315	3	6	5	1	0	0	15	12	222	6	24	11050	458	0	5	0	330,458,780,812,842,844
9965	13317	2	2	6	0	0	0	6	14	94	5	24	11050	459	0	6	0	564,692
9965	13318	3	9	5	1	0	0	15	14	94	5	24	11050	458	0	5	0	330,458,564,692,780,812,820,842,844
9965	13321	3	10	5	1	0	0	19	14	94	5	24	11050	457	0	5	0	178,182,242,566,690,694,780,796,840,844
9965	13322	2	3	6	0	0	0	9	14	94	5	24	19762	844	0	6	0	780,840,844
9965	13324	3	14	5	1	0	0	22	16	77	4	24	11050	458	0	5	0	330,334,458,564,688,692,780,782,796,820,840,842,844,846
9965	13329	2	1	6	0	0	0	4	14	94	5	24	11562	333	0	6	0	690
9965	13330	2	2	6	0	0	0	8	14	94	5	24	19762	840	0	6	0	840,844
9965	13332	2	2	6	0	0	0	6	16	77	4	24	11562	334	0	6	0	334,688
9965	13336	2	2	6	0	0	0	8	14	94	5	24	19762	842	0	6	0	840,842
9965	13345	2	3	6	0	0	0	3	15	94	5	25	11050	453	0	6	0	568,570,824
9965	13346	2	2	6	0	0	0	2	15	94	5	25	19634	808	0	6	0	808,824
9965	13348	2	3	6	0	0	0	3	17	236	5	25	11050	454	0	6	0	454,568,824
9965	13352	2	2	6	0	0	0	3	17	77	4	25	30832	792	0	6	0	792,824
9965	13360	2	1	6	0	0	0	1	17	86	4	25	30928	816	0	6	0	816
9965	13377	2	2	6	0	0	0	2	15	94	5	25	30832	792	0	6	0	792,824
9965	13378	2	2	6	0	0	0	3	13	222	6	25	19634	824	0	6	0	792,824
9965	13380	2	3	6	0	0	0	3	17	77	4	25	30832	792	0	6	0	792,808,824
9965	13384	1	1	7	0	0	0	3	17	75	4	25	30832	792	0	7	0	792
9965	13392	2	5	6	0	0	0	8	17	77	4	25	27936	848	0	6	0	784,792,816,848,856
9965	13408	1	1	7	0	0	0	1	16	94	5	26	30928	816	0	7	0	816
9965	13441	2	3	6	0	0	0	4	15	94	5	25	13132	230	0	6	0	230,792,824
9965	13442	1	1	7	0	0	0	2	15	94	5	25	19634	792	0	7	0	792
9965	13444	2	4	6	0	0	0	4	17	77	4	25	19634	794	0	6	0	792,794,808,824
9965	13448	2	3	6	0	0	0	4	15	94	5	25	19634	794	0	6	0	792,794,824
9965	13456	2	5	6	0	0	0	8	17	77	4	25	19634	786	0	6	0	784,786,816,848,850
9965	13472	1	1	7	0	0	0	2	18	236	5	26	30832	816	0	7	0	816
9965	13504	0	1	8	0	0	0	2	18	77	4	26	30832	816	0	8	0	816
9965	13569	2	2	6	0	0	0	5	15	94	5	25	13004	230	0	6	0	230,792
9965	13570	1	1	7	0	0	0	4	15	94	5	25	19762	792	0	7	0	792
9965	13572	2	2	6	0	0	0	4	17	86	4	25	19762	794	0	6	0	792,794
9965	13576	1	2	7	0	0	0	4	17	77	4	25	19762	794	0	7	0	792,794
9965	13584	2	4	6	0	0	0	9	17	236	5	25	19762	786	0	6	0	784,786,792,794
9965	13600	2	6	6	0	0	0	7	18	77	4	26	19634	850	0	6	0	784,786,816,848,850,880
9965	13632	1	1	7	0	0	0	3	16	94	5	26	27952	816	0	7	0	816
9965	13696	1	2	7	0	0	0	5	18	236	5	26	19634	818	0	7	0	816,818
9965	13825	1	1	7	0	0	0	5	15	94	5	25	11050	405	0	7	0	618
9965	13826	2	3	6	0	0	0	8	15	94	5	25	11050	404	0	6	0	404,618,916
9965	13828	1	2	7	0	0	0	6	17	77	4	25	11050	406	0	7	0	406,616
9965	13832	2	4	6	0	0	0	10	17	75	4	25	11050	402	0	6	0	402,620,912,914
9965	13840	2	2	6	0	0	0	6	15	94	5	25	11050	410	0	6	0	410,612
9965	13856	2	5	6	0	0	0	7	16	94	5	26	11050	394	0	6	0	394,398,624,628,880
9965	13888	2	6	6	0	0	0	10	18	75	4	26	11050	426	0	6	0	426,596,816,848,880,936
9965	13952	2	6	6	0	0	0	9	18	77	4	26	11050	426	0	6	0	426,596,816,818,848,880
9965	14080	2	6	6	0	0	0	12	18	77	4	26	11050	298	0	6	0	298,724,808,810,816,818
9965	14339	2	1	6	0	0	0	2	14	94	5	24	13132	211	0	6	0	812
9965	14341	2	1	6	0	0	0	2	14	94	5	24	11050	203	0	6	0	820
9965	14342	2	2	6	0	0	0	2	16	86	4	24	19634	812	0	6	0	812,820
9965	14345	3	20	5	1	0	0	24	18	11	3	24	11050	201	0	5	0	178,182,210,242,540,564,566,572,688,690,692,694,780,796,812,820,822,828,840,844
9965	14346	2	4	6	0	0	0	9	20	3	2	24	19634	812	0	6	0	780,812,840,844
9965	14348	2	4	6	0	0	0	9	20	3	2	24	21204	692	0	6	0	564,688,692,820
9965	14353	3	9	5	1	0	0	16	16	77	4	24	11050	205	0	5	0	182,214,688,690,808,816,818,824,840
9965	14354	2	2	6	0	0	0	6	18	13	3	24	19634	808	0	6	0	808,840
9965	14356	2	2	6	0	0	0	6	18	13	3	24	21204	688	0	6	0	688,816
9965	14360	2	4	6	0	0	0	14	20	3	2	24	19762	842	0	6	0	688,692,840,842
9965	14369	1	1	7	0	1	1	0	17	77	4	25	11050	199	4	6	1	824
9965	14370	1	2	7	0	0	0	1	19	13	3	25	19634	808	0	7	0	808,824
9965	14372	1	1	7	0	0	0	1	17	77	4	25	21716	824	0	7	0	824
9965	14376	1	2	7	0	0	0	1	23	1	1	25	30928	568	0	7	0	568,824
9965	14384	1	1	7	0	1	1	0	21	12	2	25	21716	816	4	6	1	816
9965	14401	1	1	7	0	1	1	0	17	77	4	25	13132	199	2	6	1	824
9965	14402	1	1	7	0	0	0	1	17	77	4	25	19634	824	0	7	0	824
9965	14404	1	2	7	0	0	0	1	19	13	3	25	21716	808	0	7	0	808,824
9965	14408	1	2	7	0	0	0	1	23	1	1	25	31792	792	0	7	0	792,824
9965	14416	1	1	7	0	1	1	0	21	12	2	25	19634	816	2	6	1	816
9965	14432	0	1	8	0	1	1	0	20	13	3	26	19634	816	2	7	1	816
9965	14465	2	3	6	0	0	0	3	15	94	5	25	13132	230	0	6	0	230,792,824
9965	14466	1	1	7	0	0	0	2	17	86	4	25	19634	792	0	7	0	792
9965	14468	2	4	6	0	0	0	3	17	30	4	25	19634	794	0	6	0	792,794,808,824
9965	14472	2	4	6	0	0	0	4	19	11	3	25	19634	794	0	6	0	568,792,794,824
9965	14480	2	5	6	0	0	0	7	19	13	3	25	19634	786	0	6	0	784,786,816,848,850
9965	14496	1	1	7	0	1	1	0	18	77	4	26	21716	816	4	6	1	816
9965	14528	0	1	8	0	0	0	1	20	13	3	26	31792	816	0	8	0	816
9965	14593	2	4	6	0	0	0	7	17	77	4	25	13004	230	0	6	0	166,230,792,856
9965	14594	1	2	7	0	0	0	5	19	13	3	25	19634	856	0	7	0	792,856
9965	14596	2	5	6	0	0	0	6	19	76	3	25	19634	858	0	6	0	792,794,856,858,872
9965	14600	1	2	7	0	0	0	4	23	1	1	25	19762	794	0	7	0	792,794
9965	14608	2	4	6	0	0	0	7	19	13	3	25	19634	850	0	6	0	784,786,848,850
9965	14624	1	3	7	0	0	0	1	22	3	2	26	19634	850	0	7	0	848,850,880
9965	14656	1	2	7	0	0	0	2	20	13	3	26	27952	816	0	7	0	816,880
9965	14720	1	2	7	0	0	0	5	18	77	4	26	19634	818	0	7	0	816,818
9965	14849	2	4	6	0	0	0	7	17	77	4	25	11050	149	0	6	0	616,618,872,874
9965	14850	2	5	6	0	0	0	6	19	76	3	25	19634	856	0	6	0	616,618,856,872,874
9965	14852	1	2	7	0	0	0	5	19	13	3	25	21204	616	0	7	0	616,872
9965	14856	1	2	7	0	0	0	4	23	1	1	25	21204	620	0	7	0	616,620
9965	14864	2	4	6	0	0	0	7	19	13	3	25	21204	612	0	6	0	608,612,864,868
9965	14880	1	2	7	0	0	0	2	20	13	3	26	29392	624	0	7	0	624,880
9965	14912	1	3	7	0	0	0	1	22	3	2	26	21716	852	0	7	0	848,852,880
9965	14976	2	8	6	0	0	0	8	20	13	3	26	19634	818	0	6	0	592,596,624,816,818,848,852,880
9965	15104	2	9	6	0	0	0	11	22	12	2	26	19634	946	0	6	0	616,720,724,816,818,944,946,976,980
9965	15361	2	3	6	0	0	0	3	15	94	5	25	11050	405	0	6	0	616,618,632
9965	15362	2	4	6	0	0	0	3	17	30	4	25	19634	600	0	6	0	600,616,618,632
9965	15364	1	1	7	0	0	0	2	17	86	4	25	21716	616	0	7	0	616
9965	15368	2	4	6	0	0	0	4	19	11	3	25	21716	620	0	6	0	568,616,620,632
9965	15376	2	5	6	0	0	0	7	19	13	3	25	21204	868	0	6	0	608,612,624,864,868
9965	15392	0	1	8	0	0	0	1	20	13	3	26	30928	624	0	8	0	624
9965	15424	1	1	7	0	1	1	0	18	77	4	26	19634	624	2	6	1	624
9965	15488	1	1	7	0	0	0	1	18	86	4	26	30832	624	0	7	0	624
9965	15616	2	8	6	0	0	0	8	20	13	3	26	19634	690	0	6	0	560,562,624,688,690,720,724,752
9965	15872	1	2	7	0	0	0	5	18	77	4	26	21204	724	0	7	0	720,724
9965	16399	2	2	6	0	0	0	12	14	75	4	22	11562	722	0	6	0	722,812
9965	16407	2	4	6	0	0	0	16	16	11	3	22	11562	723	0	6	0	210,300,722,812
9965	16411	1	1	7	0	0	0	8	14	77	4	22	11562	722	0	7	0	722
9965	16413	1	1	7	0	0	0	8	14	77	4	22	13004	812	0	7	0	812
9965	16414	2	2	6	0	0	0	14	14	77	4	22	11562	722	0	6	0	722,812
9965	16423	3	7	5	1	0	0	12	15	77	4	23	11050	689	0	5	0	78,202,210,218,302,334,458
9965	16427	2	1	6	0	0	0	6	17	11	3	23	11562	720	0	6	0	720
9965	16429	2	1	6	0	0	0	6	15	77	4	23	13004	812	0	6	0	812
9965	16430	3	3	5	1	0	0	10	15	77	4	23	11562	720	0	5	0	720,812,944
9965	16435	2	2	6	0	0	0	8	19	3	2	23	11562	722	0	6	0	720,722
9965	16437	2	3	6	0	0	0	8	17	13	3	23	13004	814	0	6	0	806,812,814
9965	16438	3	9	5	1	0	0	18	17	13	3	23	11562	722	0	5	0	720,722,806,812,814,902,914,934,946
9965	16441	2	3	6	0	0	0	13	17	13	3	23	11562	721	0	6	0	302,812,814
9965	16442	2	1	6	0	0	0	7	17	13	3	23	11562	720	0	6	0	720
9965	16444	2	1	6	0	0	0	7	15	86	4	23	13004	812	0	6	0	812
9965	16455	3	7	5	1	0	0	12	15	77	4	23	11050	693	0	5	0	78,206,214,298,330,362,458
9965	16459	2	1	6	0	0	0	6	15	77	4	23	11562	724	0	6	0	724
9965	16461	2	1	6	0	0	0	6	17	11	3	23	13004	808	0	6	0	808
9965	16462	3	3	5	1	0	0	10	15	77	4	23	11562	724	0	5	0	724,808,944
9965	16467	2	3	6	0	0	0	8	17	13	3	23	11562	726	0	6	0	662,724,726
9965	16469	2	2	6	0	0	0	8	19	3	2	23	13004	810	0	6	0	808,810
9965	16470	3	9	5	1	0	0	18	17	13	3	23	11562	726	0	5	0	662,724,726,808,810,902,918,930,946
9965	16473	2	3	6	0	0	0	13	17	13	3	23	11562	725	0	6	0	298,724,810
9965	16474	2	1	6	0	0	0	7	15	86	4	23	11562	724	0	6	0	724
9965	16476	2	1	6	0	0	0	7	17	13	3	23	13004	808	0	6	0	808
9965	16483	2	2	6	0	0	0	2	16	86	4	24	11050	690	0	6	0	690,946
9965	16485	2	2	6	0	0	0	2	16	86	4	24	13132	818	0	6	0	818,946
9965	16486	2	1	6	0	1	1	0	16	236	5	24	11050	946	4096	5	1	946
9965	16489	2	1	6	0	1	1	0	18	76	3	24	31016	944	512	5	1	944
9965	16490	2	1	6	0	1	1	0	16	86	4	24	11050	944	4096	5	1	944
9965	16492	2	1	6	0	1	1	0	16	86	4	24	13132	944	2048	5	1	944
9965	16497	2	4	6	0	0	0	4	20	12	2	24	30824	900	0	6	0	900,916,932,948
9965	16498	2	4	6	0	0	0	4	18	13	3	24	30824	900	0	6	0	900,916,932,948
9965	16500	2	4	6	0	0	0	4	18	13	3	24	30824	900	0	6	0	900,916,932,948
9965	16504	2	4	6	0	0	0	5	18	76	3	24	30824	896	0	6	0	896,912,928,944
9965	16519	1	1	7	0	0	0	4	17	11	3	23	13004	809	0	7	0	214
9965	16523	2	2	6	0	0	0	10	15	77	4	23	11562	724	0	6	0	214,724
9965	16525	1	1	7	0	0	0	6	15	77	4	23	13004	808	0	7	0	808
9965	16526	2	1	6	0	0	0	5	15	77	4	23	13004	808	0	6	0	808
9965	16531	1	2	7	0	0	0	7	19	3	2	23	13004	811	0	7	0	212,724
9965	16533	0	1	8	0	0	0	4	19	3	2	23	13004	810	0	8	0	810
9965	16534	1	1	7	0	0	0	3	19	3	2	23	13004	810	0	7	0	810
9965	16537	1	1	7	0	0	0	5	15	77	4	23	13004	810	0	7	0	810
9965	16538	2	2	6	0	0	0	11	15	77	4	23	11562	724	0	6	0	724,810
9965	16540	1	1	7	0	0	0	7	15	77	4	23	13004	808	0	7	0	808
9965	16547	2	2	6	0	0	0	4	18	76	3	24	13004	811	0	6	0	212,810
9965	16549	1	1	7	0	0	0	4	16	86	4	24	13004	810	0	7	0	810
9965	16550	2	1	6	0	0	0	3	16	86	4	24	13004	810	0	6	0	810
9965	16553	2	2	6	0	0	0	6	16	86	4	24	13004	810	0	6	0	808,810
9965	16554	3	6	5	1	0	0	14	16	86	4	24	11562	720	0	5	0	720,808,810,908,936,944
9965	16556	2	1	6	0	0	0	5	16	236	5	24	13004	808	0	6	0	808
9965	16561	1	2	7	0	0	0	4	20	12	2	24	13004	814	0	7	0	812,814
9965	16562	2	5	6	0	0	0	10	20	12	2	24	13004	814	0	6	0	720,812,814,908,940
9965	16564	1	1	7	0	0	0	3	18	13	3	24	13004	812	0	7	0	812
9965	16568	2	4	6	0	0	0	12	16	77	4	24	13004	812	0	6	0	808,812,904,936
9965	16579	2	2	6	0	0	0	5	18	13	3	24	13004	803	0	6	0	204,220
9965	16581	1	2	7	0	0	0	6	20	3	2	24	13004	802	0	7	0	802,818
9965	16582	2	4	6	0	0	0	5	18	13	3	24	13004	802	0	6	0	802,818,930,946
9965	16585	2	2	6	0	0	0	6	18	13	3	24	13004	802	0	6	0	802,818
9965	16586	3	6	5	1	0	0	12	16	86	4	24	11562	728	0	5	0	728,802,818,908,928,944
9965	16588	2	4	6	0	0	0	7	18	13	3	24	13004	800	0	6	0	800,816,928,944
9965	16593	1	1	7	0	0	0	3	22	1	1	24	13004	806	0	7	0	806
9965	16594	2	4	6	0	0	0	9	20	3	2	24	13004	806	0	6	0	728,806,908,932
9965	16596	1	2	7	0	0	0	4	22	1	1	24	13004	804	0	7	0	804,932
9965	16600	2	3	6	0	0	0	8	18	11	3	24	13004	804	0	6	0	804,904,928
9965	16609	2	6	6	0	0	0	7	19	76	3	25	13004	806	0	6	0	804,806,820,822,932,948
9965	16610	2	2	6	0	0	0	1	17	86	4	25	31304	932	0	6	0	932,948
9965	16612	2	4	6	0	0	0	5	17	77	4	25	13004	804	0	6	0	804,820,932,948
9965	16616	2	3	6	0	0	0	4	17	86	4	25	30832	904	0	6	0	904,928,944
9965	16624	1	2	7	0	0	0	3	21	3	2	25	30824	904	0	7	0	904,936
9965	16647	2	2	6	0	0	0	6	15	75	4	23	13004	825	0	6	0	198,214
9965	16651	2	3	6	0	0	0	12	15	75	4	23	11562	708	0	6	0	198,708,710
9965	16653	1	1	7	0	0	0	6	15	75	4	23	13004	824	0	7	0	824
9965	16654	2	1	6	0	0	0	5	15	75	4	23	13004	824	0	6	0	824
9965	16659	2	2	6	0	0	0	8	15	77	4	23	11562	710	0	6	0	708,710
9965	16661	2	3	6	0	0	0	10	15	77	4	23	13004	826	0	6	0	810,824,826
9965	16662	3	7	5	1	0	0	17	15	77	4	23	11562	710	0	5	0	708,710,810,824,826,902,938
9965	16665	2	2	6	0	0	0	10	13	94	5	23	11562	709	0	6	0	314,826
9965	16666	2	1	6	0	0	0	7	13	94	5	23	11562	708	0	6	0	708
9965	16668	2	1	6	0	0	0	7	13	94	5	23	13004	824	0	6	0	824
9965	16675	2	4	6	0	0	0	3	18	11	3	24	13132	811	0	6	0	212,810,930,938
9965	16677	1	1	7	0	0	0	2	16	77	4	24	13132	810	0	7	0	810
9965	16678	2	3	6	0	0	0	2	16	77	4	24	13132	810	0	6	0	810,930,938
9965	16681	2	5	6	0	0	0	9	18	11	3	24	13004	826	0	6	0	808,810,824,826,936
9965	16682	2	2	6	0	0	0	1	18	11	3	24	31304	936	0	6	0	928,936
9965	16684	2	3	6	0	0	0	7	16	77	4	24	13004	824	0	6	0	808,824,936
9965	16689	2	4	6	0	0	0	5	18	13	3	24	13132	814	0	6	0	812,814,908,940
9965	16690	2	4	6	0	0	0	4	18	13	3	24	30824	908	0	6	0	900,908,932,940
9965	16692	2	3	6	0	0	0	4	16	86	4	24	13132	812	0	6	0	812,908,940
9965	16696	2	2	6	0	0	0	4	16	30	4	24	30824	904	0	6	0	904,936
9965	16707	3	9	5	1	0	0	16	14	94	5	24	11050	682	0	5	0	204,220,650,682,714,716,906,930,938
9965	16709	2	3	6	0	0	0	7	16	77	4	24	13004	818	0	6	0	802,818,930
9965	16710	2	1	6	0	0	0	1	14	94	5	24	31304	930	0	6	0	930
9965	16713	2	1	6	0	0	0	4	16	77	4	24	13004	818	0	6	0	818
9965	16714	3	7	5	1	0	0	15	14	94	5	24	11562	712	0	5	0	712,716,818,904,908,928,936
9965	16716	2	2	6	0	0	0	6	16	77	4	24	13004	816	0	6	0	816,928
9965	16721	2	1	6	0	0	0	3	16	77	4	24	30824	908	0	6	0	908
9965	16722	2	1	6	0	0	0	3	14	94	5	24	30824	908	0	6	0	908
9965	16724	2	2	6	0	0	0	4	16	77	4	24	30824	908	0	6	0	908,932
9965	16728	2	1	6	0	0	0	4	14	94	5	24	30824	904	0	6	0	904
9965	16737	1	1	7	0	0	0	1	17	86	4	25	31304	932	0	7	0	932
9965	16738	1	1	7	0	0	0	1	15	94	5	25	31304	932	0	7	0	932
9965	16740	1	1	7	0	0	0	1	17	236	5	25	31304	932	0	7	0	932
9965	16744	1	1	7	0	0	0	1	17	86	4	25	31304	928	0	7	0	928
9965	16752	1	2	7	0	0	0	4	17	77	4	25	30824	904	0	7	0	904,936
9965	16771	1	1	7	0	0	0	5	16	77	4	24	13004	819	0	7	0	204
9965	16773	0	1	8	0	0	0	6	16	77	4	24	13004	818	0	8	0	818
9965	16774	1	1	7	0	0	0	4	16	77	4	24	13004	818	0	7	0	818
9965	16777	1	1	7	0	0	0	6	14	94	5	24	13004	818	0	7	0	818
9965	16778	2	1	6	0	0	0	4	14	94	5	24	13004	818	0	6	0	818
9965	16780	1	1	7	0	0	0	6	14	94	5	24	13004	816	0	7	0	816
9965	16785	1	1	7	0	0	0	5	16	77	4	24	13004	822	0	7	0	822
9965	16786	2	2	6	0	0	0	7	16	77	4	24	13004	822	0	6	0	712,822
9965	16788	1	1	7	0	0	0	4	16	77	4	24	13004	820	0	7	0	820
9965	16792	2	1	6	0	0	0	5	12	222	6	24	13004	820	0	6	0	820
9965	16801	1	2	7	0	0	0	6	17	86	4	25	13004	822	0	7	0	820,822
9965	16802	2	4	6	0	0	0	5	17	86	4	25	13004	822	0	6	0	820,822,932,948
9965	16804	1	1	7	0	0	0	4	17	236	5	25	13004	820	0	7	0	820
9965	16808	2	3	6	0	0	0	7	15	94	5	25	13004	820	0	6	0	816,820,944
9965	16816	2	4	6	0	0	0	7	17	77	4	25	13004	828	0	6	0	824,828,920,952
9965	16833	1	1	7	0	0	0	5	17	77	4	25	13004	806	0	7	0	806
9965	16834	2	2	6	0	0	0	4	15	94	5	25	13004	806	0	6	0	806,932
9965	16836	1	2	7	0	0	0	5	17	77	4	25	13004	804	0	7	0	804,932
9965	16840	2	2	6	0	0	0	5	15	94	5	25	13004	804	0	6	0	804,928
9965	16848	2	3	6	0	0	0	7	17	75	4	25	13004	812	0	6	0	812,920,936
9965	16864	1	1	7	0	0	0	1	16	94	5	26	31304	936	0	7	0	936
9965	16903	2	2	6	0	0	0	6	15	75	4	23	11050	677	0	6	0	282,346
9965	16907	1	1	7	0	0	0	6	15	75	4	23	11562	740	0	7	0	740
9965	16909	2	3	6	0	0	0	12	15	75	4	23	11562	741	0	6	0	282,792,794
9965	16910	2	1	6	0	0	0	5	15	75	4	23	11562	740	0	6	0	740
9965	16915	2	3	6	0	0	0	10	15	77	4	23	11050	678	0	6	0	678,740,742
9965	16917	2	2	6	0	0	0	8	15	77	4	23	13004	794	0	6	0	792,794
9965	16918	3	7	5	1	0	0	17	15	77	4	23	11050	678	0	5	0	678,740,742,792,794,906,934
9965	16921	2	2	6	0	0	0	10	13	94	5	23	11562	741	0	6	0	282,794
9965	16922	2	1	6	0	0	0	7	13	94	5	23	11562	740	0	6	0	740
9965	16924	2	1	6	0	0	0	7	13	94	5	23	13004	792	0	6	0	792
9965	16931	2	3	6	0	0	0	7	16	77	4	24	11050	674	0	6	0	674,738,930
9965	16933	3	9	5	1	0	0	16	14	94	5	24	11050	675	0	5	0	284,348,778,794,796,810,906,930,938
9965	16934	2	1	6	0	0	0	1	14	94	5	24	31016	930	0	6	0	930
9965	16937	2	1	6	0	0	0	4	16	77	4	24	11562	737	0	6	0	286
9965	16938	2	2	6	0	0	0	6	16	77	4	24	11562	736	0	6	0	736,928
9965	16940	3	7	5	1	0	0	15	14	94	5	24	11562	738	0	5	0	738,792,796,904,908,928,936
9965	16945	2	1	6	0	0	0	3	16	77	4	24	30824	908	0	6	0	908
9965	16946	2	2	6	0	0	0	4	16	77	4	24	30824	908	0	6	0	908,932
9965	16948	2	1	6	0	0	0	3	14	94	5	24	30824	908	0	6	0	908
9965	16952	2	1	6	0	0	0	4	14	94	5	24	30824	904	0	6	0	904
9965	16963	1	1	7	0	0	0	2	16	77	4	24	11050	682	0	7	0	682
9965	16965	2	4	6	0	0	0	3	18	11	3	24	11050	683	0	6	0	340,682,930,938
9965	16966	2	3	6	0	0	0	2	16	77	4	24	11050	682	0	6	0	682,930,938
9965	16969	2	5	6	0	0	0	9	18	11	3	24	11050	681	0	6	0	278,342,680,744,936
9965	16970	2	3	6	0	0	0	7	16	77	4	24	11050	680	0	6	0	680,744,936
9965	16972	2	2	6	0	0	0	1	18	11	3	24	31016	936	0	6	0	928,936
9965	16977	2	4	6	0	0	0	5	18	13	3	24	11050	685	0	6	0	338,684,908,940
9965	16978	2	3	6	0	0	0	4	16	86	4	24	11050	684	0	6	0	684,908,940
9965	16980	2	4	6	0	0	0	4	18	13	3	24	30824	908	0	6	0	900,908,932,940
9965	16984	2	2	6	0	0	0	4	16	30	4	24	30824	904	0	6	0	904,936
9965	16993	1	1	7	0	0	0	1	17	86	4	25	31016	932	0	7	0	932
9965	16994	1	1	7	0	0	0	1	17	236	5	25	31016	932	0	7	0	932
9965	16996	1	1	7	0	0	0	1	15	94	5	25	31016	932	0	7	0	932
9965	17000	1	1	7	0	0	0	1	17	86	4	25	31016	928	0	7	0	928
9965	17008	1	2	7	0	0	0	4	17	77	4	25	30824	904	0	7	0	904,936
9965	17027	2	4	6	0	0	0	11	18	11	3	24	11050	682	0	6	0	236,682,744,746
9965	17029	1	1	7	0	0	0	4	18	11	3	24	13004	786	0	7	0	786
9965	17030	2	2	6	0	0	0	4	18	11	3	24	13004	786	0	6	0	786,914
9965	17033	2	3	6	0	0	0	9	16	77	4	24	11562	745	0	6	0	278,786,790
9965	17034	2	1	6	0	0	0	5	16	77	4	24	11562	744	0	6	0	744
9965	17036	2	4	6	0	0	0	9	16	77	4	24	13004	784	0	6	0	784,788,912,916
9965	17041	1	1	7	0	0	0	3	18	13	3	24	13004	790	0	7	0	790
9965	17042	2	3	6	0	0	0	7	18	13	3	24	13004	790	0	6	0	744,790,916
9965	17044	1	2	7	0	0	0	4	18	13	3	24	13004	788	0	7	0	788,916
9965	17048	2	2	6	0	0	0	6	14	94	5	24	13004	788	0	6	0	788,912
9965	17057	2	3	6	0	0	0	6	17	86	4	25	13004	790	0	6	0	788,790,916
9965	17058	2	2	6	0	0	0	3	17	86	4	25	30824	916	0	6	0	916,932
9965	17060	2	2	6	0	0	0	5	15	94	5	25	13004	788	0	6	0	788,916
9965	17064	2	2	6	0	0	0	5	17	236	5	25	30824	912	0	6	0	912,920
9965	17072	1	1	7	0	0	0	3	17	77	4	25	30824	920	0	7	0	920
9965	17089	2	8	6	0	0	0	10	21	3	2	25	11050	693	0	6	0	330,692,774,806,900,916,932,948
9965	17090	2	5	6	0	0	0	4	19	13	3	25	11050	692	0	6	0	692,900,916,932,948
9965	17092	1	2	7	0	0	0	1	21	3	2	25	31304	900	0	7	0	900,932
9965	17096	2	6	6	0	0	0	6	19	13	3	25	30824	912	0	6	0	896,904,912,920,928,944
9965	17104	1	2	7	0	0	0	3	21	3	2	25	30824	920	0	7	0	904,920
9965	17120	1	2	7	0	0	0	3	18	77	4	26	30824	904	0	7	0	904,936
9965	17155	2	3	6	0	0	0	7	16	75	4	24	11050	650	0	6	0	650,714,906
9965	17157	2	3	6	0	0	0	7	16	75	4	24	13004	818	0	6	0	786,818,914
9965	17158	2	2	6	0	0	0	2	16	75	4	24	31016	906	0	6	0	906,914
9965	17161	2	2	6	0	0	0	8	16	75	4	24	11562	713	0	6	0	310,818
9965	17162	2	2	6	0	0	0	6	16	75	4	24	11562	712	0	6	0	712,904
9965	17164	2	2	6	0	0	0	6	16	75	4	24	13004	816	0	6	0	816,912
9965	17169	3	9	5	1	0	0	18	14	94	5	24	11050	653	0	5	0	306,310,370,790,818,822,908,916,924
9965	17170	2	1	6	0	0	0	1	14	94	5	24	31016	908	0	6	0	908
9965	17172	2	1	6	0	0	0	1	14	94	5	24	31304	916	0	6	0	916
9965	17176	3	5	5	1	0	0	13	12	222	6	24	11562	714	0	5	0	714,820,904,912,920
9965	17185	1	1	7	0	0	0	2	17	77	4	25	30824	916	0	7	0	916
9965	17186	1	2	7	0	0	0	3	17	77	4	25	30824	916	0	7	0	900,916
9965	17188	1	1	7	0	0	0	2	15	94	5	25	30824	916	0	7	0	916
9965	17192	1	1	7	0	0	0	2	17	77	4	25	30824	912	0	7	0	912
9965	17200	1	1	7	0	0	0	3	15	94	5	25	30824	920	0	7	0	920
9965	17217	1	1	7	0	0	0	2	17	77	4	25	30824	916	0	7	0	916
9965	17218	1	1	7	0	0	0	2	15	94	5	25	30824	916	0	7	0	916
9965	17220	1	2	7	0	0	0	3	17	77	4	25	30824	916	0	7	0	900,916
9965	17224	1	1	7	0	0	0	2	17	77	4	25	30824	912	0	7	0	912
9965	17232	1	1	7	0	0	0	3	15	94	5	25	30824	920	0	7	0	920
9965	17248	0	1	8	0	0	0	3	18	236	5	26	30824	904	0	8	0	904
9965	17281	1	1	7	0	0	0	5	17	77	4	25	13004	806	0	7	0	806
9965	17282	2	3	6	0	0	0	5	17	77	4	25	13004	806	0	6	0	806,916,932
9965	17284	1	2	7	0	0	0	5	17	77	4	25	13004	804	0	7	0	804,932
9965	17288	2	2	6	0	0	0	5	15	94	5	25	13004	804	0	6	0	804,928
9965	17296	2	2	6	0	0	0	4	15	94	5	25	13004	812	0	6	0	812,936
9965	17312	1	1	7	0	0	0	2	18	236	5	26	30824	936	0	7	0	936
9965	17344	1	2	7	0	0	0	3	18	77	4	26	30824	936	0	7	0	904,936
9965	17415	1	1	7	0	0	0	4	17	11	3	23	11562	677	0	7	0	346
9965	17419	1	1	7	0	0	0	6	15	77	4	23	11562	676	0	7	0	676
9965	17421	2	2	6	0	0	0	10	15	77	4	23	11562	677	0	6	0	346,856
9965	17422	2	1	6	0	0	0	5	15	77	4	23	11562	676	0	6	0	676
9965	17427	0	1	8	0	0	0	4	19	3	2	23	11562	678	0	8	0	678
9965	17429	1	2	7	0	0	0	7	19	3	2	23	11562	679	0	7	0	344,856
9965	17430	1	1	7	0	0	0	3	19	3	2	23	11562	678	0	7	0	678
9965	17433	1	1	7	0	0	0	5	15	77	4	23	11562	677	0	7	0	346
9965	17434	1	1	7	0	0	0	7	15	77	4	23	11562	676	0	7	0	676
9965	17436	2	2	6	0	0	0	11	15	77	4	23	11562	678	0	6	0	678,856
9965	17443	1	2	7	0	0	0	6	20	3	2	24	11050	738	0	7	0	674,738
9965	17445	2	2	6	0	0	0	5	18	13	3	24	11050	739	0	6	0	284,348
9965	17446	2	4	6	0	0	0	5	18	13	3	24	11050	738	0	6	0	674,738,930,994
9965	17449	2	2	6	0	0	0	6	18	13	3	24	11050	737	0	6	0	286,350
9965	17450	2	4	6	0	0	0	7	18	13	3	24	11050	736	0	6	0	672,736,928,992
9965	17452	3	6	5	1	0	0	12	16	86	4	24	11050	738	0	5	0	674,738,856,908,928,992
9965	17457	1	1	7	0	0	0	3	22	1	1	24	11562	677	0	7	0	346
9965	17458	1	2	7	0	0	0	4	22	1	1	24	11562	676	0	7	0	676,932
9965	17460	2	4	6	0	0	0	9	20	3	2	24	11562	678	0	6	0	678,856,908,932
9965	17464	2	3	6	0	0	0	8	18	11	3	24	11562	674	0	6	0	674,904,928
9965	17475	1	1	7	0	0	0	4	16	86	4	24	11562	682	0	7	0	682
9965	17477	2	2	6	0	0	0	4	18	76	3	24	11562	683	0	6	0	340,682
9965	17478	2	1	6	0	0	0	3	16	86	4	24	11562	682	0	6	0	682
9965	17481	2	2	6	0	0	0	6	16	86	4	24	11562	681	0	6	0	342,680
9965	17482	2	1	6	0	0	0	5	16	236	5	24	11562	680	0	6	0	680
9965	17484	3	6	5	1	0	0	14	16	86	4	24	11562	682	0	5	0	680,682,848,908,936,992
9965	17489	1	2	7	0	0	0	4	20	12	2	24	11562	685	0	7	0	338,684
9965	17490	1	1	7	0	0	0	3	18	13	3	24	11562	684	0	7	0	684
9965	17492	2	5	6	0	0	0	10	20	12	2	24	11562	686	0	6	0	684,686,848,908,940
9965	17496	2	4	6	0	0	0	12	16	77	4	24	11562	682	0	6	0	680,682,904,936
9965	17505	2	6	6	0	0	0	7	19	76	3	25	11050	741	0	6	0	282,346,676,740,932,996
9965	17506	2	4	6	0	0	0	5	17	77	4	25	11050	740	0	6	0	676,740,932,996
9965	17508	2	2	6	0	0	0	1	17	86	4	25	31016	932	0	6	0	932,996
9965	17512	2	3	6	0	0	0	4	17	86	4	25	30832	904	0	6	0	904,928,992
9965	17520	1	2	7	0	0	0	3	21	3	2	25	30824	904	0	7	0	904,936
9965	17539	1	1	7	0	0	0	4	20	3	2	24	11562	682	0	7	0	682
9965	17541	1	1	7	0	0	0	4	20	3	2	24	13004	850	0	7	0	850
9965	17542	2	2	6	0	0	0	6	20	3	2	24	11562	682	0	6	0	682,850
9965	17545	2	2	6	0	0	0	8	16	77	4	24	11562	681	0	6	0	342,850
9965	17546	2	1	6	0	0	0	5	16	77	4	24	11562	680	0	6	0	680
9965	17548	2	1	6	0	0	0	5	16	77	4	24	13004	848	0	6	0	848
9965	17553	1	4	7	0	0	0	10	22	1	1	24	11562	685	0	7	0	338,342,850,854
9965	17554	1	2	7	0	0	0	7	22	1	1	24	11562	684	0	7	0	680,684
9965	17556	1	2	7	0	0	0	7	22	1	1	24	13004	852	0	7	0	848,852
9965	17560	2	2	6	0	0	0	8	16	75	4	24	11562	682	0	6	0	682,852
9965	17569	2	5	6	0	0	0	11	21	12	2	25	11050	741	0	6	0	282,346,852,854,920
9965	17570	2	6	6	0	0	0	8	21	12	2	25	11050	740	0	6	0	676,740,904,920,932,996
9965	17572	2	2	6	0	0	0	5	19	13	3	25	13004	852	0	6	0	852,920
9965	17576	2	1	6	0	0	0	3	17	77	4	25	30832	920	0	6	0	920
9965	17584	1	2	7	0	0	0	4	23	1	1	25	30824	920	0	7	0	912,920
9965	17601	2	5	6	0	0	0	11	21	12	2	25	11562	693	0	6	0	330,692,838,870,920
9965	17602	2	2	6	0	0	0	5	19	13	3	25	11562	692	0	6	0	692,920
9965	17604	2	6	6	0	0	0	8	21	12	2	25	13004	836	0	6	0	836,868,904,920,964,996
9965	17608	2	1	6	0	0	0	3	17	77	4	25	30832	920	0	6	0	920
9965	17616	1	2	7	0	0	0	4	23	1	1	25	30824	920	0	7	0	912,920
9965	17632	1	1	7	0	0	0	3	20	13	3	26	30832	912	0	7	0	912
9965	17667	1	1	7	0	0	0	4	18	11	3	24	11562	650	0	7	0	650
9965	17669	2	4	6	0	0	0	11	18	11	3	24	11562	651	0	6	0	372,850,880,882
9965	17670	2	2	6	0	0	0	4	18	11	3	24	11562	650	0	6	0	650,906
9965	17673	2	3	6	0	0	0	9	16	77	4	24	11562	649	0	6	0	370,374,882
9965	17674	2	4	6	0	0	0	9	16	77	4	24	11562	648	0	6	0	648,652,904,908
9965	17676	2	1	6	0	0	0	5	16	77	4	24	13004	880	0	6	0	880
9965	17681	1	1	7	0	0	0	3	18	13	3	24	11562	653	0	7	0	370
9965	17682	1	2	7	0	0	0	4	18	13	3	24	11562	652	0	7	0	652,908
9965	17684	2	3	6	0	0	0	7	18	13	3	24	11562	654	0	6	0	654,880,908
9965	17688	2	2	6	0	0	0	6	14	94	5	24	11562	650	0	6	0	650,904
9965	17697	2	8	6	0	0	0	10	21	3	2	25	11050	709	0	6	0	314,378,852,854,900,916,964,980
9965	17698	1	2	7	0	0	0	1	21	3	2	25	31016	900	0	7	0	900,964
9965	17700	2	5	6	0	0	0	4	19	13	3	25	13132	852	0	6	0	852,900,916,964,980
9965	17704	2	6	6	0	0	0	6	19	13	3	25	30824	912	0	6	0	896,904,912,920,960,976
9965	17712	1	2	7	0	0	0	3	21	3	2	25	30824	920	0	7	0	904,920
9965	17729	2	3	6	0	0	0	6	17	86	4	25	11562	661	0	6	0	362,660,916
9965	17730	2	2	6	0	0	0	5	15	94	5	25	11562	660	0	6	0	660,916
9965	17732	2	2	6	0	0	0	3	17	86	4	25	30824	916	0	6	0	916,964
9965	17736	2	2	6	0	0	0	5	17	236	5	25	30824	912	0	6	0	912,920
9965	17744	1	1	7	0	0	0	3	17	77	4	25	30824	920	0	7	0	920
9965	17760	1	2	7	0	0	0	3	18	77	4	26	30824	904	0	7	0	904,968
9965	17793	1	1	7	0	0	0	5	19	13	3	25	13004	870	0	7	0	870
9965	17794	2	5	6	0	0	0	10	19	13	3	25	11562	660	0	6	0	660,664,870,916,920
9965	17796	1	1	7	0	0	0	4	19	13	3	25	13004	868	0	7	0	868
9965	17800	2	1	6	0	0	0	4	15	94	5	25	13004	868	0	6	0	868
9965	17808	2	6	6	0	0	0	11	19	11	3	25	11562	666	0	6	0	658,666,868,876,912,920
9965	17824	2	8	6	0	0	0	10	20	13	3	26	13004	876	0	6	0	872,876,904,912,936,944,968,1000
9965	17856	2	4	6	0	0	0	8	18	77	4	26	13004	844	0	6	0	844,936,944,968
9965	17923	0	1	8	0	0	0	6	16	77	4	24	11050	714	0	8	0	714
9965	17925	1	1	7	0	0	0	5	16	77	4	24	11050	715	0	7	0	308
9965	17926	1	1	7	0	0	0	4	16	77	4	24	11050	714	0	7	0	714
9965	17929	1	1	7	0	0	0	6	14	94	5	24	11050	713	0	7	0	310
9965	17930	1	1	7	0	0	0	6	14	94	5	24	11050	712	0	7	0	712
9965	17932	2	1	6	0	0	0	4	14	94	5	24	11050	714	0	6	0	714
9965	17937	1	1	7	0	0	0	5	16	77	4	24	11050	717	0	7	0	306
9965	17938	1	1	7	0	0	0	4	16	77	4	24	11050	716	0	7	0	716
9965	17940	2	2	6	0	0	0	7	16	77	4	24	11050	718	0	6	0	718,816
9965	17944	2	1	6	0	0	0	5	12	222	6	24	11050	714	0	6	0	714
9965	17953	1	1	7	0	0	0	5	17	77	4	25	11050	709	0	7	0	314
9965	17954	1	2	7	0	0	0	5	17	77	4	25	11050	708	0	7	0	708,964
9965	17956	2	2	6	0	0	0	4	15	94	5	25	11050	710	0	6	0	710,964
9965	17960	2	2	6	0	0	0	5	15	94	5	25	11050	706	0	6	0	706,960
9965	17968	2	3	6	0	0	0	7	17	75	4	25	11050	714	0	6	0	714,920,968
9965	17985	1	2	7	0	0	0	6	17	86	4	25	11050	725	0	7	0	298,724
9965	17986	1	1	7	0	0	0	4	17	236	5	25	11050	724	0	7	0	724
9965	17988	2	4	6	0	0	0	5	17	86	4	25	11050	726	0	6	0	724,726,964,980
9965	17992	2	3	6	0	0	0	7	15	94	5	25	11050	722	0	6	0	720,722,976
9965	18000	2	4	6	0	0	0	7	17	77	4	25	11050	730	0	6	0	728,730,920,984
9965	18016	1	1	7	0	0	0	1	16	94	5	26	31016	968	0	7	0	968
9965	18049	1	1	7	0	0	0	5	19	13	3	25	11050	725	0	7	0	298
9965	18050	1	1	7	0	0	0	4	19	13	3	25	11050	724	0	7	0	724
9965	18052	2	5	6	0	0	0	10	19	13	3	25	11050	726	0	6	0	726,804,808,932,936
9965	18056	2	1	6	0	0	0	4	15	94	5	25	11050	722	0	6	0	722
9965	18064	2	6	6	0	0	0	11	19	11	3	25	11050	730	0	6	0	722,730,804,812,928,936
9965	18080	2	4	6	0	0	0	8	18	77	4	26	11050	714	0	6	0	714,936,944,968
9965	18112	2	8	6	0	0	0	10	20	13	3	26	11050	746	0	6	0	744,746,904,912,936,944,968,1000
9965	18177	1	1	7	0	0	0	5	17	77	4	25	11050	661	0	7	0	362
9965	18178	1	2	7	0	0	0	5	17	77	4	25	11050	660	0	7	0	660,916
9965	18180	2	3	6	0	0	0	5	17	77	4	25	11050	662	0	6	0	662,916,932
9965	18184	2	2	6	0	0	0	5	15	94	5	25	11050	658	0	6	0	658,912
9965	18192	2	2	6	0	0	0	4	15	94	5	25	11050	666	0	6	0	666,920
9965	18208	1	2	7	0	0	0	3	18	77	4	26	30824	936	0	7	0	904,936
9965	18240	1	1	7	0	0	0	2	18	236	5	26	30824	936	0	7	0	936
9965	18304	2	4	6	0	0	0	8	18	86	4	26	11050	682	0	6	0	682,844,936,968
9965	18439	3	5	5	1	0	0	13	13	94	5	23	11050	613	0	5	0	150,166,182,346,410
9965	18443	2	1	6	0	0	0	6	15	77	4	23	11562	676	0	6	0	676
9965	18445	2	1	6	0	0	0	6	13	94	5	23	13004	856	0	6	0	856
9965	18446	2	1	6	0	0	0	5	15	77	4	23	13004	856	0	6	0	856
9965	18451	2	2	6	0	0	0	8	17	13	3	23	11562	678	0	6	0	676,678
9965	18453	2	3	6	0	0	0	9	15	30	4	23	13004	858	0	6	0	842,856,858
9965	18454	2	3	6	0	0	0	8	17	13	3	23	13004	858	0	6	0	842,856,858
9965	18457	2	3	6	0	0	0	13	15	86	4	23	11562	677	0	6	0	346,856,858
9965	18458	2	4	6	0	0	0	15	17	13	3	23	11562	676	0	6	0	346,676,856,858
9965	18460	1	1	7	0	0	0	7	15	86	4	23	13004	856	0	7	0	856
9965	18467	2	5	6	0	0	0	3	18	13	3	24	11050	610	0	6	0	610,618,842,866,874
9965	18469	2	2	6	0	0	0	3	14	94	5	24	13132	874	0	6	0	842,874
9965	18470	2	3	6	0	0	0	2	16	77	4	24	13132	874	0	6	0	842,866,874
9965	18473	2	3	6	0	0	0	3	18	13	3	24	29376	856	0	6	0	840,856,872
9965	18474	2	4	6	0	0	0	3	20	3	2	24	29376	856	0	6	0	840,856,864,872
9965	18476	2	3	6	0	0	0	7	16	77	4	24	13004	856	0	6	0	840,856,872
9965	18481	1	1	7	0	0	0	1	20	3	2	24	31304	844	0	7	0	844
9965	18482	1	1	7	0	0	0	1	22	1	1	24	31304	844	0	7	0	844
9965	18484	1	1	7	0	0	0	1	18	11	3	24	31304	844	0	7	0	844
9965	18488	1	2	7	0	0	0	4	20	3	2	24	29376	856	0	7	0	840,856
9965	18499	2	1	6	0	0	0	2	16	236	5	24	11050	618	0	6	0	618
9965	18501	2	1	6	0	0	0	2	14	94	5	24	13132	866	0	6	0	866
9965	18502	2	1	6	0	0	0	1	16	236	5	24	13132	866	0	6	0	866
9965	18505	3	9	5	1	0	0	16	16	86	4	24	11050	617	0	5	0	342,406,616,680,848,850,864,866,872
9965	18506	3	9	5	1	0	0	14	16	86	4	24	11050	616	0	5	0	342,406,616,680,848,850,864,866,872
9965	18508	2	2	6	0	0	0	6	16	86	4	24	13004	848	0	6	0	848,864
9965	18513	3	20	5	1	0	0	24	18	13	3	24	11050	621	0	5	0	338,342,402,466,556,620,680,684,780,812,836,838,844,848,850,852,854,868,870,876
9965	18514	3	20	5	1	0	0	22	18	13	3	24	11050	620	0	5	0	338,342,402,466,556,620,680,684,780,812,836,838,844,848,850,852,854,868,870,876
9965	18516	2	4	6	0	0	0	9	18	13	3	24	13004	852	0	6	0	836,848,852,868
9965	18520	2	2	6	0	0	0	7	18	76	3	24	13004	852	0	6	0	848,852
9965	18529	1	1	7	0	1	1	0	17	86	4	25	13132	868	4	6	1	868
9965	18530	1	1	7	0	1	1	0	17	77	4	25	11050	868	4096	6	1	868
9965	18532	1	1	7	0	0	0	1	15	94	5	25	13132	868	0	7	0	868
9965	18536	1	1	7	0	1	1	0	19	76	3	25	13132	864	4	6	1	864
9965	18544	1	2	7	0	0	0	1	21	3	2	25	31304	840	0	7	0	840,872
9965	18563	2	2	6	0	0	0	5	16	86	4	24	13004	851	0	6	0	172,850
9965	18565	1	1	7	0	0	0	5	14	94	5	24	13004	850	0	7	0	850
9965	18566	1	1	7	0	0	0	4	16	86	4	24	13004	850	0	7	0	850
9965	18569	2	2	6	0	0	0	7	16	236	5	24	13004	850	0	6	0	848,850
9965	18570	2	2	6	0	0	0	6	16	86	4	24	13004	850	0	6	0	848,850
9965	18572	1	1	7	0	0	0	6	16	236	5	24	13004	848	0	7	0	848
9965	18577	1	2	7	0	0	0	5	18	13	3	24	13004	854	0	7	0	852,854
9965	18578	1	2	7	0	0	0	4	20	12	2	24	13004	854	0	7	0	852,854
9965	18580	0	1	8	0	0	0	4	18	13	3	24	13004	852	0	8	0	852
9965	18584	1	2	7	0	0	0	8	16	77	4	24	13004	852	0	7	0	848,852
9965	18593	1	1	7	0	0	0	2	17	86	4	25	29384	852	0	7	0	852
9965	18594	1	1	7	0	0	0	2	19	76	3	25	29384	852	0	7	0	852
9965	18596	1	1	7	0	0	0	4	15	94	5	25	13004	852	0	7	0	852
9965	18600	1	1	7	0	0	0	3	17	77	4	25	29376	848	0	7	0	848
9965	18608	0	1	8	0	0	0	2	21	3	2	25	29384	856	0	8	0	856
9965	18625	2	4	6	0	0	0	7	17	77	4	25	13004	838	0	6	0	836,838,868,870
9965	18626	2	4	6	0	0	0	5	17	86	4	25	13004	838	0	6	0	836,838,868,870
9965	18628	1	2	7	0	0	0	5	17	77	4	25	13004	836	0	7	0	836,868
9965	18632	2	4	6	0	0	0	7	17	86	4	25	13004	836	0	6	0	832,836,864,868
9965	18640	1	2	7	0	0	0	4	21	3	2	25	13004	844	0	7	0	840,844
9965	18656	1	2	7	0	0	0	2	18	30	4	26	29384	840	0	7	0	840,872
9965	18691	2	2	6	0	0	0	3	16	77	4	24	13132	851	0	6	0	172,850
9965	18693	1	1	7	0	0	0	3	14	94	5	24	13132	850	0	7	0	850
9965	18694	1	1	7	0	0	0	2	16	77	4	24	13132	850	0	7	0	850
9965	18697	2	4	6	0	0	0	9	16	77	4	24	13004	882	0	6	0	848,850,880,882
9965	18698	2	4	6	0	0	0	7	18	11	3	24	13004	882	0	6	0	848,850,880,882
9965	18700	1	2	7	0	0	0	7	16	77	4	24	13004	880	0	7	0	848,880
9965	18705	2	2	6	0	0	0	3	16	86	4	24	13132	854	0	6	0	852,854
9965	18706	2	2	6	0	0	0	2	18	13	3	24	13132	854	0	6	0	852,854
9965	18708	1	1	7	0	0	0	2	16	86	4	24	13132	852	0	7	0	852
9965	18712	2	4	6	0	0	0	9	16	30	4	24	13004	884	0	6	0	848,852,880,884
9965	18721	0	1	8	0	0	0	1	19	13	3	25	31304	852	0	8	0	852
9965	18722	0	1	8	0	0	0	1	21	3	2	25	31304	852	0	8	0	852
9965	18724	0	1	8	0	0	0	2	17	77	4	25	13132	852	0	8	0	852
9965	18728	0	1	8	0	0	0	1	21	3	2	25	31304	848	0	8	0	848
9965	18736	0	1	8	0	0	0	1	21	3	2	25	31304	856	0	8	0	856
9965	18753	2	3	6	0	0	0	3	17	236	5	25	13132	838	0	6	0	836,838,852
9965	18754	2	3	6	0	0	0	2	15	94	5	25	13132	838	0	6	0	836,838,852
9965	18756	1	1	7	0	0	0	2	17	236	5	25	13132	836	0	7	0	836
9965	18760	2	5	6	0	0	0	7	17	86	4	25	13004	868	0	6	0	832,836,848,864,868
9965	18768	2	4	6	0	0	0	5	17	77	4	25	13132	844	0	6	0	792,840,844,856
9965	18784	0	1	8	0	0	0	1	18	77	4	26	31304	840	0	8	0	840
9965	18817	1	2	7	0	0	0	7	17	236	5	25	13004	870	0	7	0	868,870
9965	18818	1	2	7	0	0	0	5	17	86	4	25	13004	870	0	7	0	868,870
9965	18820	0	1	8	0	0	0	5	17	236	5	25	13004	868	0	8	0	868
9965	18824	1	2	7	0	0	0	7	15	94	5	25	13004	868	0	7	0	864,868
9965	18832	1	2	7	0	0	0	5	17	77	4	25	13004	876	0	7	0	872,876
9965	18848	0	1	8	0	0	0	2	18	77	4	26	29384	872	0	8	0	872
9965	18880	1	2	7	0	0	0	5	16	94	5	26	13004	844	0	7	0	840,844
9965	18947	2	2	6	0	0	0	6	14	94	5	24	11050	586	0	6	0	586,714
9965	18949	3	6	5	1	0	0	15	12	222	6	24	11050	587	0	5	0	308,436,786,818,820,850
9965	18950	3	9	5	1	0	0	15	14	94	5	24	11050	586	0	5	0	308,436,586,714,786,818,820,842,850
9965	18953	2	1	6	0	0	0	4	14	94	5	24	11562	713	0	6	0	310
9965	18954	2	2	6	0	0	0	6	16	77	4	24	11562	712	0	6	0	310,712
9965	18956	2	2	6	0	0	0	8	14	94	5	24	13004	816	0	6	0	816,820
9965	18961	3	10	5	1	0	0	19	14	94	5	24	11050	589	0	5	0	306,310,434,788,790,796,816,818,820,822
9965	18962	3	14	5	1	0	0	22	16	77	4	24	11050	588	0	5	0	306,310,434,588,712,716,788,790,796,816,818,820,822,844
9965	18964	2	3	6	0	0	0	9	14	94	5	24	13004	820	0	6	0	788,816,820
9965	18968	2	2	6	0	0	0	8	14	94	5	24	13004	820	0	6	0	816,820
9965	18977	2	2	6	0	0	0	2	15	94	5	25	30824	788	0	6	0	788,852
9965	18978	2	3	6	0	0	0	3	17	77	4	25	30824	788	0	6	0	788,836,852
9965	18980	2	2	6	0	0	0	3	13	222	6	25	13132	852	0	6	0	788,852
9965	18984	2	5	6	0	0	0	8	17	77	4	25	29376	816	0	6	0	784,792,816,824,848
9965	18992	1	1	7	0	0	0	3	17	75	4	25	30824	792	0	7	0	792
9965	19009	2	3	6	0	0	0	3	15	94	5	25	11050	597	0	6	0	426,596,852
9965	19010	2	3	6	0	0	0	3	17	236	5	25	11050	596	0	6	0	426,596,852
9965	19012	2	2	6	0	0	0	2	15	94	5	25	13132	836	0	6	0	836,852
9965	19016	2	1	6	0	0	0	1	17	86	4	25	31016	848	0	6	0	848
9965	19024	2	2	6	0	0	0	3	17	77	4	25	30824	792	0	6	0	792,856
9965	19040	1	1	7	0	0	0	1	16	94	5	26	31016	840	0	7	0	840
9965	19073	2	2	6	0	0	0	5	15	94	5	25	13004	806	0	6	0	804,806
9965	19074	2	2	6	0	0	0	4	17	86	4	25	13004	806	0	6	0	804,806
9965	19076	1	1	7	0	0	0	4	15	94	5	25	13004	804	0	7	0	804
9965	19080	2	4	6	0	0	0	9	17	236	5	25	13004	804	0	6	0	800,804,808,812
9965	19088	1	2	7	0	0	0	4	17	77	4	25	13004	812	0	7	0	808,812
9965	19104	1	1	7	0	0	0	3	16	94	5	26	29384	808	0	7	0	808
9965	19136	2	6	6	0	0	0	7	18	77	4	26	13004	780	0	6	0	776,780,808,840,844,872
9965	19201	2	3	6	0	0	0	4	15	94	5	25	13132	806	0	6	0	804,806,820
9965	19202	2	4	6	0	0	0	4	17	77	4	25	13132	806	0	6	0	788,804,806,820
9965	19204	1	1	7	0	0	0	2	15	94	5	25	13132	804	0	7	0	804
9965	19208	2	5	6	0	0	0	8	17	77	4	25	13004	868	0	6	0	800,804,816,864,868
9965	19216	2	3	6	0	0	0	4	15	94	5	25	13132	812	0	6	0	808,812,824
9965	19232	0	1	8	0	0	0	2	18	77	4	26	30824	808	0	8	0	808
9965	19264	1	1	7	0	0	0	2	18	236	5	26	30824	808	0	7	0	808
9965	19328	1	2	7	0	0	0	5	18	236	5	26	13004	844	0	7	0	840,844
9965	19459	1	2	7	0	0	0	6	18	13	3	24	11050	714	0	7	0	586,714
9965	19461	2	2	6	0	0	0	5	16	30	4	24	11050	715	0	6	0	308,436
9965	19462	2	4	6	0	0	0	6	18	13	3	24	11050	714	0	6	0	308,436,586,714
9965	19465	2	2	6	0	0	0	6	16	86	4	24	11050	713	0	6	0	310,438
9965	19466	2	4	6	0	0	0	8	18	13	3	24	11050	712	0	6	0	310,438,584,712
9965	19468	2	1	6	0	0	0	5	16	86	4	24	13004	944	0	6	0	944
9965	19473	1	1	7	0	0	0	3	20	3	2	24	11562	589	0	7	0	434
9965	19474	1	2	7	0	0	0	4	22	1	1	24	11562	588	0	7	0	434,588
9965	19476	1	1	7	0	0	0	4	20	3	2	24	29376	944	0	7	0	944
9965	19480	2	4	6	0	0	0	12	18	11	3	24	11562	586	0	6	0	436,586,944,948
9965	19489	1	1	7	0	0	0	2	21	3	2	25	11050	709	0	7	0	314
9965	19490	1	3	7	0	0	0	2	23	1	1	25	11050	708	0	7	0	314,708,964
9965	19492	2	6	6	0	0	0	5	19	11	3	25	11050	710	0	6	0	312,710,824,916,964,980
9965	19496	2	8	6	0	0	0	8	21	3	2	25	11050	706	0	6	0	316,706,792,824,912,944,960,976
9965	19504	1	4	7	0	0	0	6	25	0	0	25	29376	944	0	7	0	792,816,920,944
9965	19521	2	4	6	0	0	0	6	17	86	4	25	11050	725	0	6	0	298,426,596,724
9965	19522	2	4	6	0	0	0	6	17	77	4	25	11050	724	0	6	0	298,426,596,724
9965	19524	2	1	6	0	0	0	1	17	86	4	25	13132	964	0	6	0	964
9965	19528	3	15	5	1	0	0	18	17	86	4	25	11050	722	0	5	0	300,302,428,430,592,594,720,722,792,848,928,932,960,964,976
9965	19536	2	8	6	0	0	0	11	21	3	2	25	11562	602	0	6	0	420,422,600,602,792,856,928,932
9965	19552	1	1	7	0	1	1	0	20	11	3	26	13132	968	4	6	1	968
9965	19585	2	4	6	0	0	0	10	19	13	3	25	11050	725	0	6	0	298,426,932,934
9965	19586	2	6	6	0	0	0	10	21	12	2	25	11050	724	0	6	0	298,426,596,724,932,934
9965	19588	1	1	7	0	0	0	4	19	13	3	25	13004	932	0	7	0	932
9965	19592	2	2	6	0	0	0	6	17	77	4	25	13004	932	0	6	0	928,932
9965	19600	1	4	7	0	0	0	8	23	1	1	25	13004	940	0	7	0	928,932,936,940
9965	19616	1	2	7	0	0	0	4	22	3	2	26	29384	936	0	7	0	816,936
9965	19648	2	5	6	0	0	0	7	20	13	3	26	13004	908	0	6	0	816,904,908,968,972
9965	19713	2	4	6	0	0	0	8	19	13	3	25	11050	661	0	6	0	362,490,932,934
9965	19714	2	8	6	0	0	0	9	21	3	2	25	11050	660	0	6	0	362,490,532,660,788,916,932,934
9965	19716	1	1	7	0	0	0	2	19	13	3	25	13132	932	0	7	0	932
9965	19720	2	4	6	0	0	0	7	19	13	3	25	13004	996	0	6	0	928,932,992,996
9965	19728	2	8	6	0	0	0	12	21	3	2	25	11562	538	0	6	0	484,538,792,824,936,940,992,996
9965	19744	0	1	8	0	0	0	1	24	1	1	26	31304	936	0	8	0	936
9965	19776	2	4	6	0	0	0	4	18	77	4	26	13132	908	0	6	0	808,904,908,936
9965	19840	1	2	7	0	0	0	5	20	13	3	26	13004	972	0	7	0	968,972
9965	19969	1	1	7	0	0	0	5	15	94	5	25	11050	661	0	7	0	362
9965	19970	1	2	7	0	0	0	6	17	77	4	25	11050	660	0	7	0	362,660
9965	19972	2	3	6	0	0	0	8	15	94	5	25	11050	662	0	6	0	360,662,872
9965	19976	2	2	6	0	0	0	6	15	94	5	25	11050	658	0	6	0	364,658
9965	19984	2	4	6	0	0	0	10	17	75	4	25	11050	666	0	6	0	356,666,864,868
9965	20000	2	6	6	0	0	0	10	18	75	4	26	11050	650	0	6	0	372,650,808,880,904,936
9965	20032	2	5	6	0	0	0	7	16	94	5	26	11050	682	0	6	0	340,342,680,682,936
9965	20096	2	6	6	0	0	0	12	18	77	4	26	11050	682	0	6	0	340,682,840,844,848,852
9965	20224	2	6	6	0	0	0	9	18	77	4	26	11050	554	0	6	0	468,554,808,840,844,872
9965	20487	3	5	5	1	0	0	13	13	94	5	23	11050	869	0	5	0	90,154,218,406,422
9965	20491	2	1	6	0	0	0	6	13	94	5	23	11562	932	0	6	0	932
9965	20493	2	1	6	0	0	0	6	15	77	4	23	13004	600	0	6	0	600
9965	20494	2	1	6	0	0	0	5	15	77	4	23	11562	932	0	6	0	932
9965	20499	2	3	6	0	0	0	9	15	30	4	23	11562	934	0	6	0	806,932,934
9965	20501	2	2	6	0	0	0	8	17	13	3	23	13004	602	0	6	0	600,602
9965	20502	2	3	6	0	0	0	8	17	13	3	23	11562	934	0	6	0	806,932,934
9965	20505	2	3	6	0	0	0	13	15	86	4	23	11562	933	0	6	0	90,602,932
9965	20506	1	1	7	0	0	0	7	15	86	4	23	11562	932	0	7	0	932
9965	20508	2	4	6	0	0	0	15	17	13	3	23	11562	934	0	6	0	422,600,932,934
9965	20515	2	1	6	0	0	0	2	14	94	5	24	11050	866	0	6	0	866
9965	20517	2	1	6	0	0	0	2	16	236	5	24	13132	618	0	6	0	618
9965	20518	2	1	6	0	0	0	1	16	236	5	24	11050	866	0	6	0	866
9965	20521	3	9	5	1	0	0	16	16	86	4	24	11050	865	0	5	0	94,158,600,602,616,618,864,872,928
9965	20522	2	2	6	0	0	0	6	16	86	4	24	11050	864	0	6	0	864,928
9965	20524	3	9	5	1	0	0	14	16	86	4	24	11050	866	0	5	0	406,422,600,616,864,866,872,928,930
9965	20529	3	20	5	1	0	0	24	18	13	3	24	11050	869	0	5	0	90,94,154,218,588,590,600,602,604,606,620,622,780,804,812,844,868,876,928,932
9965	20530	2	4	6	0	0	0	9	18	13	3	24	11050	868	0	6	0	804,868,928,932
9965	20532	3	20	5	1	0	0	22	18	13	3	24	11050	870	0	5	0	402,418,422,434,588,600,604,620,780,804,806,812,844,868,870,876,928,930,932,934
9965	20536	2	2	6	0	0	0	7	18	76	3	24	11562	930	0	6	0	928,930
9965	20547	2	2	6	0	0	0	3	14	94	5	24	11050	874	0	6	0	810,874
9965	20549	2	5	6	0	0	0	3	18	13	3	24	13132	610	0	6	0	610,618,810,866,874
9965	20550	2	3	6	0	0	0	2	16	77	4	24	11050	874	0	6	0	810,866,874
9965	20553	2	3	6	0	0	0	3	18	13	3	24	27936	936	0	6	0	808,872,936
9965	20554	2	3	6	0	0	0	7	16	77	4	24	11050	872	0	6	0	808,872,936
9965	20556	2	4	6	0	0	0	3	20	3	2	24	27936	936	0	6	0	808,864,872,936
9965	20561	1	1	7	0	0	0	1	20	3	2	24	31016	812	0	7	0	812
9965	20562	1	1	7	0	0	0	1	18	11	3	24	31016	812	0	7	0	812
9965	20564	1	1	7	0	0	0	1	22	1	1	24	31016	812	0	7	0	812
9965	20568	1	2	7	0	0	0	4	20	3	2	24	27936	936	0	7	0	808,936
9965	20577	1	1	7	0	1	1	0	17	86	4	25	11050	868	2	6	1	868
9965	20578	1	1	7	0	0	0	1	15	94	5	25	11050	868	0	7	0	868
9965	20580	1	1	7	0	1	1	0	17	77	4	25	11050	868	2	6	1	868
9965	20584	1	1	7	0	1	1	0	19	76	3	25	11050	864	2	6	1	864
9965	20592	1	2	7	0	0	0	1	21	3	2	25	31016	808	0	7	0	808,872
9965	20611	2	2	6	0	0	0	5	16	30	4	24	13004	595	0	6	0	396,428
9965	20613	1	2	7	0	0	0	6	18	13	3	24	13004	594	0	7	0	594,626
9965	20614	2	4	6	0	0	0	6	18	13	3	24	13004	594	0	6	0	396,428,594,626
9965	20617	2	2	6	0	0	0	6	16	86	4	24	13004	594	0	6	0	594,626
9965	20618	2	1	6	0	0	0	5	16	86	4	24	11562	936	0	6	0	936
9965	20620	2	4	6	0	0	0	8	18	13	3	24	13004	592	0	6	0	398,430,592,624
9965	20625	1	1	7	0	0	0	3	20	3	2	24	13004	598	0	7	0	598
9965	20626	1	1	7	0	0	0	4	20	3	2	24	27936	936	0	7	0	936
9965	20628	1	2	7	0	0	0	4	22	1	1	24	13004	596	0	7	0	426,596
9965	20632	2	4	6	0	0	0	12	18	11	3	24	11562	938	0	6	0	426,596,936,938
9965	20641	2	4	6	0	0	0	6	17	86	4	25	13004	598	0	6	0	596,598,628,630
9965	20642	2	1	6	0	0	0	1	17	86	4	25	11050	868	0	6	0	868
9965	20644	2	4	6	0	0	0	6	17	77	4	25	13004	596	0	6	0	394,426,596,628
9965	20648	3	15	5	1	0	0	18	17	86	4	25	11050	866	0	5	0	394,398,426,430,592,596,624,628,792,848,864,866,880,928,930
9965	20656	2	8	6	0	0	0	11	21	3	2	25	13004	604	0	6	0	418,422,600,604,792,856,928,930
9965	20673	1	1	7	0	0	0	2	21	3	2	25	13132	614	0	7	0	614
9965	20674	2	6	6	0	0	0	5	19	11	3	25	11050	884	0	6	0	408,614,820,868,884,920
9965	20676	1	3	7	0	0	0	2	23	1	1	25	13132	612	0	7	0	410,612,868
9965	20680	2	8	6	0	0	0	8	21	3	2	25	13132	612	0	6	0	410,612,792,816,864,880,920,944
9965	20688	1	4	7	0	0	0	6	25	0	0	25	27936	944	0	7	0	792,824,912,944
9965	20704	1	1	7	0	1	1	0	20	11	3	26	11050	872	2	6	1	872
9965	20739	3	6	5	1	0	0	15	12	222	6	24	11050	842	0	5	0	396,428,778,842,906,908
9965	20741	2	2	6	0	0	0	6	14	94	5	24	13004	626	0	6	0	594,626
9965	20742	3	9	5	1	0	0	15	14	94	5	24	11050	842	0	5	0	396,428,594,626,778,842,850,906,908
9965	20745	2	1	6	0	0	0	4	14	94	5	24	13004	626	0	6	0	626
9965	20746	2	2	6	0	0	0	8	14	94	5	24	11562	904	0	6	0	904,908
9965	20748	2	2	6	0	0	0	6	16	77	4	24	13004	624	0	6	0	398,624
9965	20753	3	10	5	1	0	0	19	14	94	5	24	11562	909	0	5	0	114,118,242,598,626,630,780,796,904,908
9965	20754	2	3	6	0	0	0	9	14	94	5	24	11562	908	0	6	0	780,904,908
9965	20756	3	14	5	1	0	0	22	16	77	4	24	11562	910	0	5	0	394,398,426,596,624,628,780,782,796,852,904,906,908,910
9965	20760	2	2	6	0	0	0	8	14	94	5	24	11562	906	0	6	0	904,906
9965	20769	2	3	6	0	0	0	3	15	94	5	25	13132	598	0	6	0	596,598,852
9965	20770	2	2	6	0	0	0	2	15	94	5	25	11050	836	0	6	0	836,852
9965	20772	2	3	6	0	0	0	3	17	236	5	25	13132	596	0	6	0	426,596,852
9965	20776	2	1	6	0	0	0	1	17	86	4	25	31304	848	0	6	0	848
9965	20784	2	2	6	0	0	0	3	17	77	4	25	30824	792	0	6	0	792,856
9965	20801	2	2	6	0	0	0	2	15	94	5	25	30824	788	0	6	0	788,852
9965	20802	2	2	6	0	0	0	3	13	222	6	25	11050	852	0	6	0	788,852
9965	20804	2	3	6	0	0	0	3	17	77	4	25	30824	788	0	6	0	788,836,852
9965	20808	2	5	6	0	0	0	8	17	77	4	25	27936	912	0	6	0	784,792,848,912,920
9965	20816	1	1	7	0	0	0	3	17	75	4	25	30824	792	0	7	0	792
9965	20832	1	1	7	0	0	0	1	16	94	5	26	31304	840	0	7	0	840
9965	20865	1	1	7	0	0	0	5	15	94	5	25	13004	614	0	7	0	614
9965	20866	2	3	6	0	0	0	8	15	94	5	25	13004	614	0	6	0	408,614,920
9965	20868	1	2	7	0	0	0	6	17	77	4	25	13004	612	0	7	0	410,612
9965	20872	2	2	6	0	0	0	6	15	94	5	25	13004	612	0	6	0	410,612
9965	20880	2	4	6	0	0	0	10	17	75	4	25	13004	620	0	6	0	402,620,912,914
9965	20896	2	5	6	0	0	0	7	16	94	5	26	13004	620	0	6	0	402,406,616,620,872
9965	20928	2	6	6	0	0	0	10	18	75	4	26	13004	588	0	6	0	434,588,808,840,872,944
9965	20995	1	1	7	0	0	0	3	14	94	5	24	11050	842	0	7	0	842
9965	20997	2	2	6	0	0	0	3	16	77	4	24	11050	843	0	6	0	180,842
9965	20998	1	1	7	0	0	0	2	16	77	4	24	11050	842	0	7	0	842
9965	21001	2	4	6	0	0	0	9	16	77	4	24	11050	841	0	6	0	54,182,840,968
9965	21002	1	2	7	0	0	0	7	16	77	4	24	11050	840	0	7	0	840,968
9965	21004	2	4	6	0	0	0	7	18	11	3	24	11050	842	0	6	0	840,842,968,970
9965	21009	2	2	6	0	0	0	3	16	86	4	24	11050	845	0	6	0	178,844
9965	21010	1	1	7	0	0	0	2	16	86	4	24	11050	844	0	7	0	844
9965	21012	2	2	6	0	0	0	2	18	13	3	24	11050	846	0	6	0	844,846
9965	21016	2	4	6	0	0	0	9	16	30	4	24	11050	842	0	6	0	840,842,968,970
9965	21025	2	3	6	0	0	0	3	17	236	5	25	11050	837	0	6	0	186,836,852
9965	21026	1	1	7	0	0	0	2	17	236	5	25	11050	836	0	7	0	836
9965	21028	2	3	6	0	0	0	2	15	94	5	25	11050	838	0	6	0	836,838,852
9965	21032	2	5	6	0	0	0	7	17	86	4	25	11050	834	0	6	0	832,834,848,960,962
9965	21040	2	4	6	0	0	0	5	17	77	4	25	11050	842	0	6	0	792,840,842,856
9965	21057	0	1	8	0	0	0	1	19	13	3	25	31016	852	0	8	0	852
9965	21058	0	1	8	0	0	0	2	17	77	4	25	11050	852	0	8	0	852
9965	21060	0	1	8	0	0	0	1	21	3	2	25	31016	852	0	8	0	852
9965	21064	0	1	8	0	0	0	1	21	3	2	25	31016	848	0	8	0	848
9965	21072	0	1	8	0	0	0	1	21	3	2	25	31016	856	0	8	0	856
9965	21088	0	1	8	0	0	0	1	18	77	4	26	31016	840	0	8	0	840
9965	21121	2	4	6	0	0	0	8	19	13	3	25	11050	853	0	6	0	170,550,614,852
9965	21122	1	1	7	0	0	0	2	19	13	3	25	11050	852	0	7	0	852
9965	21124	2	8	6	0	0	0	9	21	3	2	25	11050	854	0	6	0	410,474,548,612,804,852,854,868
9965	21128	2	4	6	0	0	0	7	19	13	3	25	11050	850	0	6	0	848,850,976,978
9965	21136	2	8	6	0	0	0	12	21	3	2	25	11050	858	0	6	0	466,556,808,824,856,858,976,978
9965	21152	2	4	6	0	0	0	4	18	77	4	26	11050	842	0	6	0	808,840,842,872
9965	21184	0	1	8	0	0	0	1	24	1	1	26	31016	872	0	8	0	872
9965	21249	2	3	6	0	0	0	4	15	94	5	25	11050	789	0	6	0	234,788,820
9965	21250	1	1	7	0	0	0	2	15	94	5	25	11050	788	0	7	0	788
9965	21252	2	4	6	0	0	0	4	17	77	4	25	11050	790	0	6	0	788,790,804,820
9965	21256	2	5	6	0	0	0	8	17	77	4	25	11050	786	0	6	0	784,786,816,912,914
9965	21264	2	3	6	0	0	0	4	15	94	5	25	11050	794	0	6	0	792,794,824
9965	21280	1	1	7	0	0	0	2	18	236	5	26	30824	808	0	7	0	808
9965	21312	0	1	8	0	0	0	2	18	77	4	26	30824	808	0	8	0	808
9965	21376	2	6	6	0	0	0	9	18	77	4	26	11050	810	0	6	0	434,588,808,810,840,872
9965	21507	1	1	7	0	0	0	5	14	94	5	24	11562	842	0	7	0	842
9965	21509	2	2	6	0	0	0	5	16	86	4	24	11562	843	0	6	0	180,842
9965	21510	1	1	7	0	0	0	4	16	86	4	24	11562	842	0	7	0	842
9965	21513	2	2	6	0	0	0	7	16	236	5	24	11562	841	0	6	0	182,840
9965	21514	1	1	7	0	0	0	6	16	236	5	24	11562	840	0	7	0	840
9965	21516	2	2	6	0	0	0	6	16	86	4	24	11562	842	0	6	0	840,842
9965	21521	1	2	7	0	0	0	5	18	13	3	24	11562	845	0	7	0	178,844
9965	21522	0	1	8	0	0	0	4	18	13	3	24	11562	844	0	8	0	844
9965	21524	1	2	7	0	0	0	4	20	12	2	24	11562	846	0	7	0	844,846
9965	21528	1	2	7	0	0	0	8	16	77	4	24	11562	842	0	7	0	840,842
9965	21537	2	4	6	0	0	0	7	17	77	4	25	11050	965	0	6	0	58,186,836,964
9965	21538	1	2	7	0	0	0	5	17	77	4	25	11050	964	0	7	0	836,964
9965	21540	2	4	6	0	0	0	5	17	86	4	25	11050	966	0	6	0	836,838,964,966
9965	21544	2	4	6	0	0	0	7	17	86	4	25	11050	962	0	6	0	832,834,960,962
9965	21552	1	2	7	0	0	0	4	21	3	2	25	11562	842	0	7	0	840,842
9965	21569	1	1	7	0	0	0	2	17	86	4	25	27944	852	0	7	0	852
9965	21570	1	1	7	0	0	0	4	15	94	5	25	11562	852	0	7	0	852
9965	21572	1	1	7	0	0	0	2	19	76	3	25	27944	852	0	7	0	852
9965	21576	1	1	7	0	0	0	3	17	77	4	25	27936	848	0	7	0	848
9965	21584	0	1	8	0	0	0	2	21	3	2	25	27944	856	0	8	0	856
9965	21600	1	2	7	0	0	0	2	18	30	4	26	27944	840	0	7	0	840,968
9965	21633	2	4	6	0	0	0	10	19	13	3	25	11562	853	0	6	0	170,678,742,852
9965	21634	1	1	7	0	0	0	4	19	13	3	25	11562	852	0	7	0	852
9965	21636	2	6	6	0	0	0	10	21	12	2	25	11562	854	0	6	0	282,346,676,740,852,854
9965	21640	2	2	6	0	0	0	6	17	77	4	25	11562	850	0	6	0	848,850
9965	21648	1	4	7	0	0	0	8	23	1	1	25	11562	858	0	7	0	848,850,856,858
9965	21664	2	5	6	0	0	0	7	20	13	3	26	11050	970	0	6	0	816,840,842,968,970
9965	21696	1	2	7	0	0	0	4	22	3	2	26	27944	872	0	7	0	816,872
9965	21761	2	2	6	0	0	0	5	15	94	5	25	11562	789	0	6	0	234,788
9965	21762	1	1	7	0	0	0	4	15	94	5	25	11562	788	0	7	0	788
9965	21764	2	2	6	0	0	0	4	17	86	4	25	11562	790	0	6	0	788,790
9965	21768	2	4	6	0	0	0	9	17	236	5	25	11562	786	0	6	0	784,786,792,794
9965	21776	1	2	7	0	0	0	4	17	77	4	25	11562	794	0	7	0	792,794
9965	21792	2	6	6	0	0	0	7	18	77	4	26	11050	906	0	6	0	776,778,808,904,906,936
9965	21824	1	1	7	0	0	0	3	16	94	5	26	27944	808	0	7	0	808
9965	21888	2	6	6	0	0	0	12	18	77	4	26	11562	810	0	6	0	306,716,808,810,816,818
9965	22017	1	2	7	0	0	0	7	17	236	5	25	11050	917	0	7	0	106,916
9965	22018	0	1	8	0	0	0	5	17	236	5	25	11050	916	0	8	0	916
9965	22020	1	2	7	0	0	0	5	17	86	4	25	11050	918	0	7	0	916,918
9965	22024	1	2	7	0	0	0	7	15	94	5	25	11050	914	0	7	0	912,914
9965	22032	1	2	7	0	0	0	5	17	77	4	25	11050	922	0	7	0	920,922
9965	22048	1	2	7	0	0	0	5	16	94	5	26	11050	906	0	7	0	904,906
9965	22080	0	1	8	0	0	0	2	18	77	4	26	27944	936	0	8	0	936
9965	22144	1	2	7	0	0	0	5	20	13	3	26	11050	938	0	7	0	936,938
9965	22272	1	2	7	0	0	0	5	18	236	5	26	11050	810	0	7	0	808,810
9965	22531	2	1	6	0	0	0	2	14	94	5	24	11050	714	0	6	0	714
9965	22533	2	1	6	0	0	0	2	14	94	5	24	13132	722	0	6	0	722
9965	22534	2	2	6	0	0	0	2	16	86	4	24	11050	714	0	6	0	714,722
9965	22537	3	9	5	1	0	0	16	16	77	4	24	11050	713	0	5	0	182,310,688,690,712,720,722,728,840
9965	22538	2	2	6	0	0	0	6	18	13	3	24	11050	712	0	6	0	712,840
9965	22540	2	2	6	0	0	0	6	18	13	3	24	13004	688	0	6	0	688,720
9965	22545	3	20	5	1	0	0	24	18	11	3	24	11050	717	0	5	0	178,182,306,434,540,588,604,660,662,668,688,690,692,694,716,724,726,732,840,844
9965	22546	2	4	6	0	0	0	9	20	3	2	24	11050	716	0	6	0	588,716,840,844
9965	22548	2	4	6	0	0	0	9	20	3	2	24	13004	692	0	6	0	660,688,692,724
9965	22552	2	4	6	0	0	0	14	20	3	2	24	11562	842	0	6	0	688,692,840,842
9965	22561	1	1	7	0	1	1	0	17	77	4	25	13132	724	4	6	1	724
9965	22562	1	2	7	0	0	0	1	19	13	3	25	11050	708	0	7	0	708,724
9965	22564	1	1	7	0	0	0	1	17	77	4	25	13132	724	0	7	0	724
9965	22568	1	1	7	0	1	1	0	21	12	2	25	13132	720	4	6	1	720
9965	22576	1	2	7	0	0	0	1	23	1	1	25	31304	664	0	7	0	664,728
9965	22593	1	1	7	0	1	1	0	17	77	4	25	11050	724	2	6	1	724
9965	22594	1	1	7	0	0	0	1	17	77	4	25	11050	724	0	7	0	724
9965	22596	1	2	7	0	0	0	1	19	13	3	25	13132	708	0	7	0	708,724
9965	22600	1	1	7	0	1	1	0	21	12	2	25	11050	720	2	6	1	720
9965	22608	1	2	7	0	0	0	1	23	1	1	25	31016	600	0	7	0	600,728
9965	22624	0	1	8	0	1	1	0	20	13	3	26	11050	712	2	7	1	712
9965	22657	2	4	6	0	0	0	7	17	77	4	25	13004	678	0	6	0	676,678,740,742
9965	22658	2	5	6	0	0	0	6	19	76	3	25	11050	724	0	6	0	676,678,724,740,742
9965	22660	1	2	7	0	0	0	5	19	13	3	25	13004	676	0	7	0	676,740
9965	22664	2	4	6	0	0	0	7	19	13	3	25	13004	676	0	6	0	672,676,736,740
9965	22672	1	2	7	0	0	0	4	23	1	1	25	13004	684	0	7	0	680,684
9965	22688	1	2	7	0	0	0	2	20	13	3	26	29384	680	0	7	0	680,744
9965	22720	1	3	7	0	0	0	1	22	3	2	26	13132	716	0	7	0	712,716,744
9965	22785	2	3	6	0	0	0	3	15	94	5	25	13132	678	0	6	0	676,678,692
9965	22786	2	4	6	0	0	0	3	17	30	4	25	11050	660	0	6	0	660,676,678,692
9965	22788	1	1	7	0	0	0	2	17	86	4	25	13132	676	0	7	0	676
9965	22792	2	5	6	0	0	0	7	19	13	3	25	13004	740	0	6	0	672,676,688,736,740
9965	22800	2	4	6	0	0	0	4	19	11	3	25	13132	684	0	6	0	568,680,684,696
9965	22816	0	1	8	0	0	0	1	20	13	3	26	31304	680	0	8	0	680
9965	22848	1	1	7	0	1	1	0	18	77	4	26	11050	680	2	6	1	680
9965	22912	1	2	7	0	0	0	5	18	77	4	26	13004	716	0	7	0	712,716
9965	23041	2	3	6	0	0	0	3	15	94	5	25	11050	661	0	6	0	362,660,692
9965	23042	1	1	7	0	0	0	2	17	86	4	25	11050	660	0	7	0	660
9965	23044	2	4	6	0	0	0	3	17	30	4	25	11050	662	0	6	0	660,662,676,692
9965	23048	2	5	6	0	0	0	7	19	13	3	25	11050	658	0	6	0	656,658,688,912,914
9965	23056	2	4	6	0	0	0	4	19	11	3	25	11050	666	0	6	0	568,664,666,696
9965	23072	1	1	7	0	1	1	0	18	77	4	26	13132	680	4	6	1	680
9965	23104	0	1	8	0	0	0	1	20	13	3	26	31016	680	0	8	0	680
9965	23168	2	8	6	0	0	0	8	20	13	3	26	11050	682	0	6	0	584,588,616,680,682,712,716,744
9965	23296	1	1	7	0	0	0	1	18	86	4	26	30824	616	0	7	0	616
9965	23553	2	4	6	0	0	0	7	17	77	4	25	11050	917	0	6	0	106,362,660,916
9965	23554	1	2	7	0	0	0	5	19	13	3	25	11050	916	0	7	0	660,916
9965	23556	2	5	6	0	0	0	6	19	76	3	25	11050	918	0	6	0	660,662,916,918,932
9965	23560	2	4	6	0	0	0	7	19	13	3	25	11050	914	0	6	0	656,658,912,914
9965	23568	1	2	7	0	0	0	4	23	1	1	25	11562	666	0	7	0	664,666
9965	23584	1	3	7	0	0	0	1	22	3	2	26	11050	906	0	7	0	904,906,936
9965	23616	1	2	7	0	0	0	2	20	13	3	26	27944	680	0	7	0	680,936
9965	23680	2	9	6	0	0	0	11	22	12	2	26	11050	938	0	6	0	624,680,682,840,844,936,938,968,972
9965	23808	2	8	6	0	0	0	8	20	13	3	26	11050	810	0	6	0	552,554,616,808,810,840,844,872
9965	24064	1	2	7	0	0	0	5	18	77	4	26	11050	810	0	7	0	808,810
9965	24583	2	2	6	0	0	0	12	12	222	6	24	11562	421	0	6	0	422,602
9965	24587	1	2	7	0	0	0	13	14	94	5	24	11562	420	0	7	0	420,422
9965	24589	1	2	7	0	0	0	13	14	94	5	24	11562	421	0	7	0	600,602
9965	24590	2	4	6	0	0	0	16	14	94	5	24	11562	420	0	6	0	420,422,600,602
9965	24595	1	2	7	0	0	0	13	14	94	5	24	11562	422	0	7	0	420,422
9965	24597	1	2	7	0	0	0	13	14	94	5	24	11562	423	0	7	0	600,602
9965	24598	2	4	6	0	0	0	16	14	94	5	24	11562	422	0	6	0	420,422,600,602
9965	24601	0	1	8	0	0	0	10	16	236	5	24	11562	421	0	8	0	602
9965	24602	1	2	7	0	0	0	13	16	236	5	24	11562	420	0	7	0	420,602
9965	24604	1	2	7	0	0	0	13	16	236	5	24	11562	422	0	7	0	422,600
9965	24611	2	2	6	0	0	0	10	17	30	4	25	11562	418	0	6	0	418,420
9965	24613	2	2	6	0	0	0	10	15	94	5	25	11562	419	0	6	0	602,604
9965	24614	3	6	5	1	0	0	12	15	94	5	25	11562	418	0	5	0	418,420,602,604,866,916
9965	24617	1	2	7	0	0	0	10	19	13	3	25	11562	417	0	7	0	602,606
9965	24618	2	4	6	0	0	0	13	19	13	3	25	11562	416	0	6	0	416,420,602,606
9965	24620	2	4	6	0	0	0	13	17	77	4	25	11562	418	0	6	0	418,422,600,604
9965	24625	1	2	7	0	0	0	10	19	13	3	25	11562	421	0	7	0	602,606
9965	24626	2	4	6	0	0	0	13	19	13	3	25	11562	420	0	6	0	416,420,602,606
9965	24628	2	4	6	0	0	0	13	17	77	4	25	11562	422	0	6	0	418,422,600,604
9965	24632	1	2	7	0	0	0	10	19	13	3	25	11562	418	0	7	0	418,604
9965	24643	2	2	6	0	0	0	10	15	94	5	25	11562	426	0	6	0	426,428
9965	24645	2	2	6	0	0	0	10	17	30	4	25	11562	427	0	6	0	594,596
9965	24646	3	6	5	1	0	0	12	15	94	5	25	11562	426	0	5	0	426,428,594,596,866,916
9965	24649	1	2	7	0	0	0	10	19	13	3	25	11562	425	0	7	0	594,598
9965	24650	2	4	6	0	0	0	13	17	77	4	25	11562	424	0	6	0	424,428,594,598
9965	24652	2	4	6	0	0	0	13	19	13	3	25	11562	426	0	6	0	426,430,592,596
9965	24657	1	2	7	0	0	0	10	19	13	3	25	11562	429	0	7	0	594,598
9965	24658	2	4	6	0	0	0	13	17	77	4	25	11562	428	0	6	0	424,428,594,598
9965	24660	2	4	6	0	0	0	13	19	13	3	25	11562	430	0	6	0	426,430,592,596
9965	24664	1	2	7	0	0	0	10	19	13	3	25	11562	426	0	7	0	426,596
9965	24673	2	6	6	0	0	0	12	20	76	3	26	11050	357	0	6	0	598,602,614,666,868,920
9965	24674	2	2	6	0	1	1	0	18	77	4	26	11050	868	4096	5	1	868,920
9965	24676	2	2	6	0	1	1	0	18	77	4	26	13132	868	2048	5	1	868,920
9965	24680	2	9	6	0	0	0	14	22	12	2	26	11562	418	0	6	0	418,426,596,604,776,792,864,904,920
9965	24688	2	9	6	0	0	0	14	22	12	2	26	11562	426	0	6	0	418,426,596,604,776,808,840,872,912
9965	24707	1	1	7	0	0	0	5	15	94	5	25	13004	595	0	7	0	428
9965	24709	1	1	7	0	0	0	5	15	94	5	25	13004	594	0	7	0	594
9965	24710	2	2	6	0	0	0	6	15	94	5	25	13004	594	0	6	0	428,594
9965	24713	1	2	7	0	0	0	10	17	236	5	25	11562	425	0	7	0	594,598
9965	24714	2	4	6	0	0	0	13	17	236	5	25	11562	424	0	6	0	424,428,594,598
9965	24716	2	4	6	0	0	0	13	17	236	5	25	11562	426	0	6	0	426,430,592,596
9965	24721	0	1	8	0	0	0	5	17	77	4	25	13004	598	0	8	0	598
9965	24722	1	2	7	0	0	0	7	17	77	4	25	13004	598	0	7	0	424,598
9965	24724	1	2	7	0	0	0	6	17	77	4	25	13004	596	0	7	0	426,596
9965	24728	1	2	7	0	0	0	10	15	94	5	25	11562	426	0	7	0	426,596
9965	24737	1	1	7	0	0	0	4	18	86	4	26	13004	598	0	7	0	598
9965	24738	2	3	6	0	0	0	6	18	86	4	26	13004	598	0	6	0	424,598,904
9965	24740	2	2	6	0	0	0	5	16	94	5	26	13004	596	0	6	0	426,596
9965	24744	2	5	6	0	0	0	13	18	77	4	26	11562	418	0	6	0	418,426,596,604,792
9965	24752	1	2	7	0	0	0	5	20	13	3	26	13004	604	0	7	0	418,604
9965	24769	1	2	7	0	0	0	6	20	13	3	26	13004	582	0	7	0	582,614
9965	24770	2	5	6	0	0	0	8	18	77	4	26	13004	582	0	6	0	408,440,582,614,920
9965	24772	2	8	6	0	0	0	9	20	13	3	26	13004	580	0	6	0	410,442,580,612,836,868,904,920
9965	24776	2	8	6	0	0	0	15	20	13	3	26	11562	434	0	6	0	410,434,442,580,588,612,792,920
9965	24784	1	2	7	0	0	0	5	22	3	2	26	13004	588	0	7	0	434,588
9965	24800	1	1	7	0	0	0	1	21	13	3	27	31792	912	0	7	0	912
9965	24835	1	1	7	0	0	0	5	15	94	5	25	13004	627	0	7	0	396
9965	24837	1	1	7	0	0	0	5	15	94	5	25	13004	626	0	7	0	626
9965	24838	2	2	6	0	0	0	6	15	94	5	25	13004	626	0	6	0	396,626
9965	24841	0	1	8	0	0	0	5	17	77	4	25	13004	626	0	8	0	626
9965	24842	1	2	7	0	0	0	6	17	77	4	25	13004	626	0	7	0	396,626
9965	24844	1	2	7	0	0	0	7	17	77	4	25	13004	624	0	7	0	398,624
9965	24849	1	2	7	0	0	0	10	17	236	5	25	11562	397	0	7	0	626,630
9965	24850	2	4	6	0	0	0	13	17	236	5	25	11562	396	0	6	0	392,396,626,630
9965	24852	2	4	6	0	0	0	13	17	236	5	25	11562	398	0	6	0	394,398,624,628
9965	24856	1	2	7	0	0	0	10	15	94	5	25	11562	394	0	7	0	394,628
9965	24865	1	2	7	0	0	0	6	20	13	3	26	13004	630	0	7	0	598,630
9965	24866	2	8	6	0	0	0	9	20	13	3	26	13004	630	0	6	0	392,424,598,630,836,852,904,936
9965	24868	2	5	6	0	0	0	8	18	77	4	26	13004	628	0	6	0	394,426,596,628,852
9965	24872	1	2	7	0	0	0	5	22	3	2	26	13004	628	0	7	0	394,628
9965	24880	2	8	6	0	0	0	15	20	13	3	26	11562	394	0	6	0	386,394,418,604,628,636,792,856
9965	24897	1	1	7	0	0	0	4	18	86	4	26	13004	614	0	7	0	614
9965	24898	2	2	6	0	0	0	5	16	94	5	26	13004	614	0	6	0	408,614
9965	24900	2	3	6	0	0	0	6	18	86	4	26	13004	612	0	6	0	410,612,836
9965	24904	1	2	7	0	0	0	5	20	13	3	26	13004	612	0	7	0	410,612
9965	24912	2	5	6	0	0	0	13	18	77	4	26	11562	410	0	6	0	402,410,612,620,792
9965	24928	1	1	7	0	0	0	1	21	13	3	27	31304	840	0	7	0	840
9965	24961	0	1	8	0	0	0	6	18	236	5	26	13004	614	0	8	0	614
9965	24962	1	2	7	0	0	0	7	18	236	5	26	13004	614	0	7	0	408,614
9965	24964	1	2	7	0	0	0	7	18	236	5	26	13004	612	0	7	0	410,612
9965	24968	1	2	7	0	0	0	7	16	94	5	26	13004	612	0	7	0	410,612
9965	24976	1	2	7	0	0	0	7	16	94	5	26	13004	620	0	7	0	402,620
9965	24992	1	2	7	0	0	0	6	19	77	4	27	13004	620	0	7	0	402,620
9965	25024	1	2	7	0	0	0	6	19	77	4	27	13004	588	0	7	0	434,588
9965	25091	1	1	7	0	0	0	5	15	94	5	25	11562	458	0	7	0	458
9965	25093	1	1	7	0	0	0	5	15	94	5	25	11562	459	0	7	0	564
9965	25094	2	2	6	0	0	0	6	15	94	5	25	11562	458	0	6	0	458,564
9965	25097	0	1	8	0	0	0	5	17	77	4	25	11562	457	0	8	0	566
9965	25098	1	2	7	0	0	0	7	17	77	4	25	11562	456	0	7	0	456,566
9965	25100	1	2	7	0	0	0	6	17	77	4	25	11562	458	0	7	0	458,564
9965	25105	1	2	7	0	0	0	10	17	236	5	25	11562	461	0	7	0	562,566
9965	25106	2	4	6	0	0	0	13	17	236	5	25	11562	460	0	6	0	456,460,562,566
9965	25108	2	4	6	0	0	0	13	17	236	5	25	11562	462	0	6	0	458,462,560,564
9965	25112	1	2	7	0	0	0	10	15	94	5	25	11562	458	0	7	0	458,564
9965	25121	1	1	7	0	0	0	4	18	86	4	26	11562	453	0	7	0	570
9965	25122	2	3	6	0	0	0	6	18	86	4	26	11562	452	0	6	0	452,570,836
9965	25124	2	2	6	0	0	0	5	16	94	5	26	11562	454	0	6	0	454,568
9965	25128	1	2	7	0	0	0	5	20	13	3	26	11562	450	0	7	0	450,572
9965	25136	2	5	6	0	0	0	13	18	77	4	26	11562	458	0	6	0	450,458,564,572,792
9965	25153	1	2	7	0	0	0	6	20	13	3	26	11050	341	0	7	0	554,682
9965	25154	2	5	6	0	0	0	8	18	77	4	26	11050	340	0	6	0	340,468,554,682,852
9965	25156	2	8	6	0	0	0	9	20	13	3	26	11050	342	0	6	0	342,470,552,680,808,836,852,936
9965	25160	1	2	7	0	0	0	5	22	3	2	26	11562	466	0	7	0	466,556
9965	25168	2	8	6	0	0	0	15	20	13	3	26	11050	346	0	6	0	346,466,474,548,556,676,792,856
9965	25184	1	1	7	0	0	0	1	21	13	3	27	31016	840	0	7	0	840
9965	25217	1	3	7	0	0	0	9	18	86	4	26	11562	469	0	7	0	550,554,558
9965	25218	2	6	6	0	0	0	12	18	86	4	26	11562	468	0	6	0	464,468,472,550,554,558
9965	25220	2	9	6	0	0	0	13	18	86	4	26	11562	470	0	6	0	466,470,474,548,552,556,804,808,812
9965	25224	1	2	7	0	0	0	5	18	86	4	26	11562	466	0	7	0	466,556
9965	25232	1	2	7	0	0	0	5	18	86	4	26	13004	556	0	7	0	466,556
9965	25248	2	9	6	0	0	0	14	19	86	4	27	11562	458	0	6	0	450,458,466,556,564,572,808,816,824
9965	25280	2	25	6	0	0	0	20	23	12	2	27	11050	362	0	6	0	362,434,482,490,498,524,532,540,588,660,776,780,784,788,792,796,808,816,824,840,844,872,912,916,944
9965	25345	1	2	7	0	0	0	8	18	77	4	26	11562	405	0	7	0	614,618
9965	25346	2	5	6	0	0	0	11	18	77	4	26	11562	404	0	6	0	404,408,614,618,788
9965	25348	2	5	6	0	0	0	11	18	77	4	26	11562	406	0	6	0	406,410,612,616,804
9965	25352	1	4	7	0	0	0	10	20	11	3	26	11562	402	0	7	0	402,410,612,620
9965	25360	2	4	6	0	0	0	10	16	94	5	26	11562	410	0	6	0	402,410,612,620
9965	25376	1	1	7	0	0	0	2	21	13	3	27	30824	808	0	7	0	808
9965	25408	1	1	7	0	0	0	2	21	13	3	27	30824	808	0	7	0	808
9965	25472	1	2	7	0	0	0	6	19	86	4	27	13004	588	0	7	0	434,588
9965	25603	1	1	7	0	0	0	5	15	94	5	25	11562	330	0	7	0	330
9965	25605	1	1	7	0	0	0	5	15	94	5	25	11562	331	0	7	0	692
9965	25606	2	2	6	0	0	0	6	15	94	5	25	11562	330	0	6	0	330,692
9965	25609	1	2	7	0	0	0	10	17	236	5	25	11562	329	0	7	0	690,694
9965	25610	2	4	6	0	0	0	13	17	236	5	25	11562	328	0	6	0	328,332,690,694
9965	25612	2	4	6	0	0	0	13	17	236	5	25	11562	330	0	6	0	330,334,688,692
9965	25617	0	1	8	0	0	0	5	17	77	4	25	11562	333	0	8	0	690
9965	25618	1	2	7	0	0	0	6	17	77	4	25	11562	332	0	7	0	332,690
9965	25620	1	2	7	0	0	0	7	17	77	4	25	11562	334	0	7	0	334,688
9965	25624	1	2	7	0	0	0	10	15	94	5	25	11562	330	0	7	0	330,692
9965	25633	1	2	7	0	0	0	6	20	13	3	26	11050	453	0	7	0	570,698
9965	25634	2	8	6	0	0	0	9	20	13	3	26	11050	452	0	6	0	324,452,570,698,808,824,836,964
9965	25636	2	5	6	0	0	0	8	18	77	4	26	11050	454	0	6	0	326,454,568,696,824
9965	25640	2	8	6	0	0	0	15	20	13	3	26	11050	450	0	6	0	322,330,450,572,692,700,792,824
9965	25648	1	2	7	0	0	0	5	22	3	2	26	11562	330	0	7	0	330,692
9965	25665	1	1	7	0	0	0	4	18	86	4	26	11562	341	0	7	0	682
9965	25666	2	2	6	0	0	0	5	16	94	5	26	11562	340	0	6	0	340,682
9965	25668	2	3	6	0	0	0	6	18	86	4	26	11562	342	0	6	0	342,680,808
9965	25672	2	5	6	0	0	0	13	18	77	4	26	11562	338	0	6	0	338,346,676,684,792
9965	25680	1	2	7	0	0	0	5	20	13	3	26	11562	346	0	7	0	346,676
9965	25696	1	1	7	0	0	0	1	21	13	3	27	30928	816	0	7	0	816
9965	25729	1	2	7	0	0	0	8	18	77	4	26	11562	341	0	7	0	678,682
9965	25730	2	5	6	0	0	0	11	18	77	4	26	11562	340	0	6	0	340,344,678,682,792
9965	25732	2	5	6	0	0	0	11	18	77	4	26	11562	342	0	6	0	342,346,676,680,808
9965	25736	2	4	6	0	0	0	10	16	94	5	26	11562	338	0	6	0	338,346,676,684
9965	25744	1	4	7	0	0	0	10	20	11	3	26	11562	346	0	7	0	338,346,676,684
9965	25760	1	1	7	0	0	0	2	21	13	3	27	30832	816	0	7	0	816
9965	25792	1	1	7	0	0	0	2	21	13	3	27	30832	816	0	7	0	816
9965	25857	1	3	7	0	0	0	9	18	86	4	26	11562	277	0	7	0	738,742,746
9965	25858	2	9	6	0	0	0	13	18	86	4	26	11562	276	0	6	0	276,280,284,738,742,746,788,792,796
9965	25860	2	6	6	0	0	0	12	18	86	4	26	11562	278	0	6	0	278,282,286,736,740,744
9965	25864	1	2	7	0	0	0	5	18	86	4	26	13004	740	0	7	0	282,740
9965	25872	1	2	7	0	0	0	5	18	86	4	26	11562	282	0	7	0	282,740
9965	25888	2	25	6	0	0	0	20	23	12	2	27	11050	394	0	6	0	266,274,282,338,394,628,684,740,748,756,776,778,784,786,792,794,808,816,824,848,850,880,904,906,936
9965	25920	2	9	6	0	0	0	14	19	86	4	27	11562	298	0	6	0	298,306,314,708,716,724,808,816,824
9965	25984	1	2	7	0	0	0	6	19	86	4	27	13004	716	0	7	0	306,716
9965	26113	0	1	8	0	0	0	6	18	236	5	26	11050	405	0	8	0	618
9965	26114	1	2	7	0	0	0	7	18	236	5	26	11050	404	0	7	0	404,618
9965	26116	1	2	7	0	0	0	7	18	236	5	26	11050	406	0	7	0	406,616
9965	26120	1	2	7	0	0	0	7	16	94	5	26	11050	402	0	7	0	402,620
9965	26128	1	2	7	0	0	0	7	16	94	5	26	11050	410	0	7	0	410,612
9965	26144	1	2	7	0	0	0	6	19	77	4	27	11050	394	0	7	0	394,628
9965	26176	1	2	7	0	0	0	6	19	77	4	27	11050	426	0	7	0	426,596
9965	26240	1	2	7	0	0	0	6	19	86	4	27	11050	426	0	7	0	426,596
9965	26368	1	2	7	0	0	0	6	19	86	4	27	11050	298	0	7	0	298,724
9965	26627	2	2	6	0	0	0	10	15	94	5	25	11562	330	0	6	0	330,332
9965	26629	2	2	6	0	0	0	10	13	222	6	25	11562	331	0	6	0	690,692
9965	26630	2	2	6	0	0	0	6	15	94	5	25	13004	690	0	6	0	690,692
9965	26633	1	2	7	0	0	0	10	17	77	4	25	11562	329	0	7	0	690,694
9965	26634	1	2	7	0	0	0	5	19	13	3	25	13004	690	0	7	0	690,694
9965	26636	1	2	7	0	0	0	8	17	77	4	25	13004	688	0	7	0	688,692
9965	26641	1	2	7	0	0	0	10	17	77	4	25	11562	333	0	7	0	690,694
9965	26642	1	2	7	0	0	0	5	19	13	3	25	13004	694	0	7	0	690,694
9965	26644	1	2	7	0	0	0	8	17	77	4	25	13004	692	0	7	0	688,692
9965	26648	0	1	8	0	0	0	5	19	13	3	25	13004	692	0	8	0	692
9965	26657	2	12	6	0	0	0	16	20	11	3	26	11050	197	0	6	0	568,570,660,662,692,694,696,698,724,726,824,826
9965	26658	2	16	6	0	0	0	10	22	3	2	26	13004	694	0	6	0	568,570,660,662,692,694,696,698,708,710,724,726,808,810,824,826
9965	26660	2	6	6	0	0	0	10	18	75	4	26	13004	692	0	6	0	568,660,692,696,724,824
9965	26664	1	6	7	0	0	0	9	24	1	1	26	13004	692	0	7	0	568,572,688,692,696,700
9965	26672	1	6	7	0	0	0	9	24	1	1	26	13004	700	0	7	0	664,668,688,692,696,700
9965	26689	2	4	6	0	0	0	12	18	77	4	26	11050	213	0	6	0	678,682,710,810
9965	26690	2	4	6	0	0	0	6	18	77	4	26	13004	678	0	6	0	678,682,710,810
9965	26692	2	4	6	0	0	0	8	18	77	4	26	13004	676	0	6	0	676,680,708,808
9965	26696	1	2	7	0	0	0	5	22	12	2	26	13004	676	0	7	0	676,684
9965	26704	1	2	7	0	0	0	5	22	12	2	26	13004	684	0	7	0	676,684
9965	26720	1	4	7	0	0	0	2	23	3	2	27	13132	716	0	7	0	712,716,816,820
9965	26753	1	1	7	0	0	0	4	16	94	5	26	13004	678	0	7	0	678
9965	26754	1	1	7	0	0	0	2	18	86	4	26	13004	678	0	7	0	678
9965	26756	1	1	7	0	0	0	4	16	94	5	26	13004	676	0	7	0	676
9965	26760	1	2	7	0	0	0	5	18	77	4	26	13004	676	0	7	0	676,684
9965	26768	0	1	8	0	0	0	2	20	13	3	26	13004	684	0	8	0	684
9965	26784	1	2	7	0	0	0	4	21	11	3	27	13004	684	0	7	0	680,684
9965	26816	1	2	7	0	0	0	3	21	13	3	27	13004	652	0	7	0	652,716
9965	26881	1	2	7	0	0	0	6	18	77	4	26	13004	742	0	7	0	678,742
9965	26882	1	2	7	0	0	0	3	20	13	3	26	13004	742	0	7	0	678,742
9965	26884	1	2	7	0	0	0	5	18	77	4	26	13004	740	0	7	0	676,740
9965	26888	0	1	8	0	0	0	3	22	3	2	26	13004	740	0	8	0	740
9965	26896	1	3	7	0	0	0	6	20	13	3	26	13004	748	0	7	0	684,740,748
9965	26912	0	2	8	0	0	0	2	25	1	1	27	13132	684	0	8	0	680,684
9965	26944	1	2	7	0	0	0	3	21	13	3	27	13004	716	0	7	0	652,716
9965	27008	0	1	8	0	0	0	3	19	77	4	27	13004	716	0	8	0	716
9965	27137	1	1	7	0	0	0	4	16	94	5	26	11562	405	0	7	0	618
9965	27138	1	1	7	0	0	0	2	18	86	4	26	21204	618	0	7	0	618
9965	27140	1	1	7	0	0	0	4	16	94	5	26	21204	616	0	7	0	616
9965	27144	0	1	8	0	0	0	2	20	13	3	26	21204	620	0	8	0	620
9965	27152	1	2	7	0	0	0	5	18	77	4	26	13004	620	0	7	0	612,620
9965	27168	1	2	7	0	0	0	4	21	11	3	27	21204	628	0	7	0	624,628
9965	27200	1	2	7	0	0	0	3	21	13	3	27	21204	596	0	7	0	596,852
9965	27264	1	3	7	0	0	0	4	19	86	4	27	13004	588	0	7	0	588,596,604
9965	27392	1	3	7	0	0	0	5	21	13	3	27	13004	716	0	7	0	588,716,724
9965	27649	1	2	7	0	0	0	6	18	77	4	26	11050	405	0	7	0	618,874
9965	27650	1	2	7	0	0	0	3	20	13	3	26	21204	874	0	7	0	618,874
9965	27652	1	2	7	0	0	0	5	18	77	4	26	21204	872	0	7	0	616,872
9965	27656	1	3	7	0	0	0	6	20	13	3	26	13004	868	0	7	0	620,868,876
9965	27664	0	1	8	0	0	0	3	22	3	2	26	21204	868	0	8	0	868
9965	27680	0	2	8	0	0	0	2	25	1	1	27	21716	628	0	8	0	624,628
9965	27712	1	2	7	0	0	0	3	21	13	3	27	21204	852	0	7	0	596,852
9965	27776	1	3	7	0	0	0	5	21	13	3	27	13004	844	0	7	0	596,844,852
9965	27904	1	5	7	0	0	0	7	23	12	2	27	13004	972	0	7	0	724,844,964,972,980
9965	28160	0	1	8	0	0	0	3	19	77	4	27	21204	724	0	8	0	724
9965	28675	2	2	6	0	0	0	10	13	222	6	25	11562	842	0	6	0	842,844
9965	28677	2	2	6	0	0	0	10	15	94	5	25	11562	843	0	6	0	178,180
9965	28678	2	2	6	0	0	0	6	15	94	5	25	11562	842	0	6	0	842,844
9965	28681	1	2	7	0	0	0	10	17	77	4	25	11562	841	0	7	0	178,182
9965	28682	1	2	7	0	0	0	8	17	77	4	25	11562	840	0	7	0	840,844
9965	28684	1	2	7	0	0	0	5	19	13	3	25	11562	842	0	7	0	842,846
9965	28689	1	2	7	0	0	0	10	17	77	4	25	11562	845	0	7	0	178,182
9965	28690	1	2	7	0	0	0	8	17	77	4	25	11562	844	0	7	0	840,844
9965	28692	1	2	7	0	0	0	5	19	13	3	25	11562	846	0	7	0	842,846
9965	28696	0	1	8	0	0	0	5	19	13	3	25	11562	842	0	8	0	842
9965	28705	2	4	6	0	0	0	12	18	77	4	26	11050	709	0	6	0	182,186,214,314
9965	28706	2	4	6	0	0	0	8	18	77	4	26	11050	708	0	6	0	708,808,836,840
9965	28708	2	4	6	0	0	0	6	18	77	4	26	11050	710	0	6	0	710,810,838,842
9965	28712	1	2	7	0	0	0	5	22	12	2	26	11562	834	0	7	0	834,842
9965	28720	1	2	7	0	0	0	5	22	12	2	26	11562	842	0	7	0	834,842
9965	28737	2	12	6	0	0	0	16	20	11	3	26	11050	725	0	6	0	166,170,198,230,298,426,596,724,792,824,852,856
9965	28738	2	6	6	0	0	0	10	18	75	4	26	11050	724	0	6	0	596,724,792,824,852,856
9965	28740	2	16	6	0	0	0	10	22	3	2	26	11050	726	0	6	0	596,598,708,710,724,726,792,794,808,810,824,826,852,854,856,858
9965	28744	1	6	7	0	0	0	9	24	1	1	26	11562	850	0	7	0	792,794,848,850,856,858
9965	28752	1	6	7	0	0	0	9	24	1	1	26	11562	858	0	7	0	600,602,848,850,856,858
9965	28768	1	4	7	0	0	0	2	23	3	2	27	11050	714	0	7	0	712,714,816,818
9965	28801	1	2	7	0	0	0	6	18	77	4	26	13004	166	0	7	0	166,230
9965	28802	1	2	7	0	0	0	5	18	77	4	26	19634	792	0	7	0	792,856
9965	28804	1	2	7	0	0	0	3	20	13	3	26	19634	794	0	7	0	794,858
9965	28808	1	3	7	0	0	0	6	20	13	3	26	11562	850	0	7	0	794,850,858
9965	28816	0	1	8	0	0	0	3	22	3	2	26	19762	850	0	8	0	850
9965	28832	1	2	7	0	0	0	3	21	13	3	27	19634	786	0	7	0	786,850
9965	28864	0	2	8	0	0	0	2	25	1	1	27	19634	818	0	8	0	816,818
9965	28929	1	1	7	0	0	0	4	16	94	5	26	13004	230	0	7	0	230
9965	28930	1	1	7	0	0	0	4	16	94	5	26	19762	792	0	7	0	792
9965	28932	1	1	7	0	0	0	2	18	86	4	26	19762	794	0	7	0	794
9965	28936	0	1	8	0	0	0	2	20	13	3	26	19762	794	0	8	0	794
9965	28944	1	2	7	0	0	0	5	18	77	4	26	11562	794	0	7	0	786,794
9965	28960	1	2	7	0	0	0	3	21	13	3	27	19634	850	0	7	0	786,850
9965	28992	1	2	7	0	0	0	4	21	11	3	27	19762	818	0	7	0	816,818
9965	29056	0	1	8	0	0	0	3	19	77	4	27	19634	818	0	8	0	818
9965	29185	1	2	7	0	0	0	6	18	77	4	26	11050	661	0	7	0	106,362
9965	29186	1	2	7	0	0	0	5	18	77	4	26	11050	660	0	7	0	660,916
9965	29188	1	2	7	0	0	0	3	20	13	3	26	11050	662	0	7	0	662,918
9965	29192	0	1	8	0	0	0	3	22	3	2	26	11562	914	0	8	0	914
9965	29200	1	3	7	0	0	0	6	20	13	3	26	11050	666	0	7	0	666,914,922
9965	29216	1	2	7	0	0	0	3	21	13	3	27	11050	650	0	7	0	650,906
9965	29248	0	2	8	0	0	0	2	25	1	1	27	11050	682	0	8	0	680,682
9965	29312	1	5	7	0	0	0	7	23	12	2	27	11050	682	0	7	0	682,818,930,938,946
9965	29440	1	3	7	0	0	0	5	21	13	3	27	11050	554	0	7	0	554,810,818
9965	29697	1	1	7	0	0	0	4	16	94	5	26	11562	661	0	7	0	362
9965	29698	1	1	7	0	0	0	4	16	94	5	26	11562	660	0	7	0	660
9965	29700	1	1	7	0	0	0	2	18	86	4	26	11562	662	0	7	0	662
9965	29704	1	2	7	0	0	0	5	18	77	4	26	11562	658	0	7	0	658,666
9965	29712	0	1	8	0	0	0	2	20	13	3	26	11562	666	0	8	0	666
9965	29728	1	2	7	0	0	0	3	21	13	3	27	11050	906	0	7	0	650,906
9965	29760	1	2	7	0	0	0	4	21	11	3	27	11562	682	0	7	0	680,682
9965	29824	1	3	7	0	0	0	5	21	13	3	27	11562	682	0	7	0	562,682,690
9965	29952	1	3	7	0	0	0	4	19	86	4	27	11562	554	0	7	0	554,562,570
9965	30208	0	1	8	0	0	0	3	19	77	4	27	11050	810	0	8	0	810
9965	30721	2	4	6	0	0	0	12	18	75	4	26	11050	405	0	6	0	358,362,422,618
9965	30722	2	8	6	0	0	0	14	20	11	3	26	11050	404	0	6	0	358,362,404,422,600,618,660,664
9965	30724	2	8	6	0	0	0	14	20	11	3	26	11050	406	0	6	0	356,360,406,420,602,616,662,666
9965	30728	1	4	7	0	0	0	10	24	1	1	26	11562	658	0	7	0	356,364,658,666
9965	30736	1	4	7	0	0	0	10	24	1	1	26	11562	666	0	7	0	356,364,658,666
9965	30752	1	8	7	0	0	0	4	25	1	1	27	11050	394	0	7	0	394,398,424,428,594,598,624,628
9965	30784	1	8	7	0	0	0	4	25	1	1	27	11050	426	0	7	0	396,398,424,426,596,598,624,626
9965	30848	1	4	7	0	0	0	6	23	3	2	27	13004	332	0	7	0	332,460,562,690
9965	30976	1	4	7	0	0	0	6	23	3	2	27	13004	460	0	7	0	332,460,562,690
9965	31232	1	4	7	0	0	0	6	23	3	2	27	11050	298	0	7	0	212,298,724,810
9965	31744	1	4	7	0	0	0	6	23	3	2	27	11050	810	0	7	0	212,298,724,810
